バージョン,タイトル,BEGINNER EXスコア,BEGINNER DJName,BEGINNER 都道府県,NORMAL EXスコア,NORMAL DJName,NORMAL 都道府県,HYPER EXスコア,HYPER DJName,HYPER 都道府県,ANOTHER EXスコア,ANOTHER DJName,ANOTHER 都道府県,LEGGENDARIA EXスコア,LEGGENDARIA DJName,LEGGENDARIA 都道府県
1st&substream,22DUNK,0,,-,500,BIWA,北海道,618,BIWA,北海道,656,MUXXXX,北海道,0,,-
1st&substream,5.1.1.,0,,-,196,BIWA,北海道,1000,NA4RO-,北海道,1565,9MARY0,北海道,0,,-
1st&substream,deep in you,0,,-,482,BIWA,北海道,480,NAKA-3,北海道,663,MAHINA,北海道,0,,-
1st&substream,Dr.LOVE,0,,-,400,BIWA,北海道,512,BIWA,北海道,577,MAHINA,北海道,0,,-
1st&substream,GAMBOL,0,,-,269,BIWA,北海道,274,MAHINA,北海道,0,,-,0,,-
1st&substream,GENOM SCREAMS,0,,-,418,IIDX33,北海道,782,BIWA,北海道,1068,*WOOL*,北海道,0,,-
1st&substream,gentle stress,0,,-,342,BIWA,北海道,654,QZQX.Q,北海道,1439,AFICYW,北海道,0,,-
1st&substream,GRADIUSIC CYBER,0,,-,861,BIWA,北海道,973,PONTAQ,北海道,1204,MO-2.,北海道,0,,-
1st&substream,KEEP ON MOVIN',0,,-,194,BIWA,北海道,244,MAHINA,北海道,0,,-,0,,-
1st&substream,Macho Gang,0,,-,373,BIWA,北海道,1011,MINE*,北海道,1625,AFICYW,北海道,0,,-
1st&substream,PARANOIA MAX～DIRTY MIX～,0,,-,554,ELAINA,北海道,725,QZQX.Q,北海道,1109,MAHINA,北海道,0,,-
1st&substream,R3,0,,-,647,BIWA,北海道,723,BIWA,北海道,903,MAHINA,北海道,0,,-
1st&substream,RUGGED ASH,0,,-,368,BIWA,北海道,391,QZQX.Q,北海道,1092,MO-2.,北海道,2046,SRT,北海道
1st&substream,THE EARTH LIGHT,0,,-,779,BIWA,北海道,1013,SNCHAN,北海道,1148,MAHINA,北海道,0,,-
2nd style,.59,0,,-,694,99F,北海道,974,GHOST,北海道,1152,MUXXXX,北海道,0,,-
2nd style,Digital MinD(A/T Libra mix),0,,-,717,LAURIE,北海道,1018,GHOST,北海道,1124,MUXXXX,北海道,0,,-
2nd style,Electro Tuned(the SubS mix),0,,-,754,BIWA,北海道,908,AGO,北海道,1070,MAHINA,北海道,0,,-
2nd style,I Was The One,0,,-,536,BIWA,北海道,635,QZQX.Q,北海道,691,LIZ,北海道,0,,-
2nd style,Indigo Vision(full flavour hide around mix),0,,-,860,BIWA,北海道,1048,KA-KU,北海道,1217,MUXXXX,北海道,0,,-
2nd style,PUT YOUR FAITH IN ME(for beatmania II),0,,-,558,QZQX.Q,北海道,857,MAHINA,北海道,0,,-,0,,-
2nd style,SP-TRIP MACHINE(for beatmania II),0,,-,506,BIWA,北海道,609,9ROKA.,北海道,648,LIZ,北海道,0,,-
3rd style,CAN'T STOP FALLIN'IN LOVE,0,,-,612,ELAINA,北海道,1253,MUXXXX,北海道,0,,-,0,,-
3rd style,Don't Stop!,0,,-,768,BIWA,北海道,844,BIWA,北海道,905,MAHINA,北海道,0,,-
3rd style,era (nostalmix),0,,-,845,99F,北海道,1079,AFICYW,北海道,1538,PERO,北海道,0,,-
3rd style,Holic,0,,-,764,IIDX33,北海道,1244,N!?,北海道,1748,SRT,北海道,0,,-
3rd style,LEADING CYBER,0,,-,830,LAURIE,北海道,1144,ABC,北海道,1282,PERO,北海道,0,,-
3rd style,Presto,0,,-,532,BIWA,北海道,949,AKAJIN,北海道,1007,MAHINA,北海道,0,,-
3rd style,R5,0,,-,756,BIWA,北海道,1116,NA4RO-,北海道,1769,SRT,北海道,0,,-
3rd style,REINCARNATION,0,,-,837,IIDX33,北海道,994,BIWA,北海道,1282,MUXXXX,北海道,0,,-
3rd style,Schlagwerk,0,,-,807,BIWA,北海道,1275,NA4RO-,北海道,1690,MAHINA,北海道,0,,-
3rd style,Skyscraper,0,,-,727,QZQX.Q,北海道,1152,BIWA,北海道,1251,MUXXXX,北海道,0,,-
3rd style,Tangerine Stream,0,,-,281,BIWA,北海道,396,MAHINA,北海道,0,,-,0,,-
3rd style,THE SAFARI,363,XENTZ,北海道,1194,ALIKA,北海道,1754,MO-2.,北海道,0,,-,0,,-
4th style,250bpm,0,,-,669,9ROKA.,北海道,956,AKAJIN,北海道,1418,MO-2.,北海道,0,,-
4th style,ABSOLUTE,0,,-,1296,BIWA,北海道,1856,N!?,北海道,2371,MAHINA,北海道,2796,SRT,北海道
4th style,B4U,0,,-,1026,LAURIE,北海道,1583,N!?,北海道,2015,SRT,北海道,0,,-
4th style,Broken My Heart,0,,-,914,LAURIE,北海道,1498,N!?,北海道,1819,SRT,北海道,0,,-
4th style,Burnin' The Floor,0,,-,581,IIDX33,北海道,924,QZQX.Q,北海道,1440,MUXXXX,北海道,0,,-
4th style,CHECKING YOU OUT,0,,-,615,IIDX53,北海道,890,OMLT,北海道,1343,SA-MON,北海道,0,,-
4th style,Clione,0,,-,521,TSURRR,北海道,940,TAGY,北海道,1616,SRT,北海道,2192,SRT,北海道
4th style,DXY!,0,,-,1240,LAURIE,北海道,1782,*BLUE*,北海道,2272,SRT,北海道,0,,-
4th style,empathy,0,,-,802,ALIKA,北海道,1308,KAWASE,北海道,1464,PERO,北海道,0,,-
4th style,era (step mix),0,,-,1088,LAURIE,北海道,1359,MINE*,北海道,1708,MAHINA,北海道,0,,-
4th style,FLOWERS for ALBION,0,,-,241,17.CCC,北海道,439,MAHINA,北海道,0,,-,0,,-
4th style,HIGHER,0,,-,530,GHOST,北海道,934,MAHINA,北海道,1277,MAHINA,北海道,0,,-
4th style,Hitch Hiker2,0,,-,806,LAURIE,北海道,1108,KA-KU,北海道,1324,SRT,北海道,1940,MAHINA,北海道
4th style,Jam&Marmalade,0,,-,745,QZQX.Q,北海道,883,MINE*,北海道,1011,CERA.,北海道,0,,-
4th style,KAMIKAZE,0,,-,976,LAURIE,北海道,1430,SAFARI,北海道,2300,SRT,北海道,0,,-
4th style,LOVE WILL・・・,0,,-,552,ELAINA,北海道,742,QZQX.Q,北海道,1460,MUXXXX,北海道,0,,-
4th style,minimalian,0,,-,524,GHOST,北海道,1088,5*LEAF,北海道,1389,MUXXXX,北海道,0,,-
4th style,Mr.T.(take me higher),0,,-,750,PK,北海道,955,SHINJI,北海道,1768,SRT,北海道,0,,-
4th style,starmine,445,QZQX.Q,北海道,898,ELAINA,北海道,1433,N!?,北海道,1592,*WOOL*,北海道,0,,-
4th style,SWEET LAB,0,,-,532,GHOST,北海道,940,IIDX33,北海道,1362,SRT,北海道,0,,-
4th style,Voltage (feat. Hidemaru),0,,-,900,99F,北海道,1251,N!?,北海道,1337,N!?,北海道,0,,-
5th style,Abyss,0,,-,1251,IIDX33,北海道,1617,MAHINA,北海道,1879,*WOOL*,北海道,0,,-
5th style,in my eyes,0,,-,947,BIWA,北海道,1415,SAFARI,北海道,1587,MUXXXX,北海道,0,,-
5th style,LOVE AGAIN TONIGHT～for Mellisa mix～,0,,-,757,BIWA,北海道,974,BIWA,北海道,1114,COLON,北海道,0,,-
5th style,outer wall,0,,-,885,LAURIE,北海道,1365,MAHINA,北海道,1773,SRT,北海道,0,,-
5th style,QQQ,0,,-,1221,IIDX33,北海道,1911,N!?,北海道,2164,*WOOL*,北海道,0,,-
5th style,Radical Faith,0,,-,1163,BIWA,北海道,1478,XENTZ,北海道,1309,SRT,北海道,0,,-
5th style,Real,0,,-,1067,BIWA,北海道,1605,5*LEAF,北海道,1822,SRT,北海道,0,,-
5th style,Regulus,0,,-,1009,BIWA,北海道,1486,ALIKA,北海道,1690,SRT,北海道,0,,-
5th style,RIDE ON THE LIGHT (HI GREAT MIX),0,,-,891,BIWA,北海道,1070,COLON,北海道,1711,MO-2.,北海道,1854,SRT,北海道
5th style,RISLIM,0,,-,901,QZQX.Q,北海道,1224,SRT,北海道,0,,-,0,,-
5th style,sometime,0,,-,768,BIWA,北海道,1005,XENTZ,北海道,1319,LIZ,北海道,0,,-
5th style,Spin the disc,0,,-,788,BIWA,北海道,1198,QZQX.Q,北海道,1331,SRT,北海道,0,,-
5th style,STILL IN MY HEART,0,,-,1018,ALIKA,北海道,1349,XENTZ,北海道,1937,SRT,北海道,0,,-
5th style,still my words,0,,-,906,BIWA,北海道,1233,SRT,北海道,0,,-,0,,-
5th style,sync,0,,-,1056,BIWA,北海道,1921,MINE*,北海道,2377,MARIO$,北海道,0,,-
5th style,THE CUBE,0,,-,738,BIWA,北海道,1237,CONPAQ,北海道,1359,SRT,北海道,0,,-
5th style,THE SHINING POLARIS,0,,-,935,BIWA,北海道,1293,SAFARI,北海道,1585,RIME,北海道,0,,-
5th style,V,345,ELAINA,北海道,1211,LAURIE,北海道,2466,MAHINA,北海道,3035,SRT,北海道,0,,-
6th style,"19,November",0,,-,1088,ALIKA,北海道,1424,YUK1-S,北海道,1793,MAHINA,北海道,0,,-
6th style,BALLAD FOR YOU～想いの雨～,0,,-,589,BIWA,北海道,747,17.CCC,北海道,1073,MAHINA,北海道,0,,-
6th style,Blueberry Stream,0,,-,810,LAURIE,北海道,1508,MAHINA,北海道,1641,LIZ,北海道,0,,-
6th style,Buffalo,0,,-,973,BIWA,北海道,1374,BIWA,北海道,1818,MO-2.,北海道,2508,PERO,北海道
6th style,Colors (radio edit),0,,-,1403,BIWA,北海道,1968,MUXXXX,北海道,2452,SRT,北海道,0,,-
6th style,DIVE ～INTO YOUR HEART～,0,,-,1258,IIDX33,北海道,1769,PRIMO,北海道,2102,SRT,北海道,0,,-
6th style,fly through the night,0,,-,882,IIDX33,北海道,1372,N!?,北海道,1693,MAHINA,北海道,0,,-
6th style,Free Style,0,,-,895,BIWA,北海道,1080,ALIKA,北海道,1308,MO-2.,北海道,0,,-
6th style,Frozen Ray (original mix),0,,-,1273,ALIKA,北海道,1703,XENO.K,北海道,1799,AFICYW,北海道,0,,-
6th style,G2,0,,-,1381,A,北海道,1854,N!?,北海道,2345,SRT,北海道,0,,-
6th style,L'amour et la liberte,0,,-,950,99F,北海道,1517,XENO.K,北海道,2007,MAHINA,北海道,0,,-
6th style,Linus,0,,-,936,QZQX.Q,北海道,1561,MAHINA,北海道,2199,PERO,北海道,0,,-
6th style,NEMESIS,0,,-,963,LAURIE,北海道,1650,N!?,北海道,1894,CERA.,北海道,0,,-
6th style,rottel-da-sun,0,,-,820,ALIKA,北海道,1292,SINO,北海道,1850,RIME,北海道,0,,-
6th style,route 80s,0,,-,838,9ROKA.,北海道,1148,BIWA,北海道,1519,MO-2.,北海道,0,,-
6th style,SOMETHING WONDERFUL,0,,-,915,BIWA,北海道,1279,8383**,北海道,1978,MO-2.,北海道,0,,-
6th style,Summer Vacation(CU mix),0,,-,1264,ALIKA,北海道,1841,MAHINA,北海道,0,,-,0,,-
6th style,Take It Easy,0,,-,1432,A,北海道,2309,A,北海道,2507,PERO,北海道,0,,-
6th style,VJ ARMY,0,,-,1227,XENTZ,北海道,1673,MINE*,北海道,2241,CERA.,北海道,0,,-
6th style,こっちを向いてよ,0,,-,849,ALIKA,北海道,1227,URUHA,北海道,1390,SRT,北海道,0,,-
7th style,A,0,,-,1300,ALIKA,北海道,2154,MAHINA,北海道,2490,SRT,北海道,0,,-
7th style,AVE DE RAPINA,0,,-,1334,BIWA,北海道,1604,BIWA,北海道,1827,SRT,北海道,0,,-
7th style,Bad Routine,0,,-,1009,ALIKA,北海道,1383,ALIKA,北海道,1918,*WOOL*,北海道,0,,-
7th style,Burning Heat! (Full Option Mix),0,,-,685,ELAINA,北海道,918,BIWA,北海道,1468,RIME,北海道,0,,-
7th style,Cheer Train,0,,-,908,BIWA,北海道,1122,I.K,北海道,1721,MAHINA,北海道,0,,-
7th style,D2R,0,,-,927,BIWA,北海道,1196,SLEK,北海道,1625,MUXXXX,北海道,0,,-
7th style,DESTINY,0,,-,1056,SAFARI,北海道,1327,GHOST,北海道,1838,MAHINA,北海道,0,,-
7th style,foreplay,0,,-,662,IIDX33,北海道,1157,XENO.K,北海道,1328,MAHINA,北海道,0,,-
7th style,Glorious Days,0,,-,514,ALIKA,北海道,778,I.K,北海道,906,MAHINA,北海道,0,,-
7th style,Happy Wedding,0,,-,1183,ALIKA,北海道,1687,MAHINA,北海道,1831,*WOOL*,北海道,0,,-
7th style,Last Message,0,,-,990,BIWA,北海道,1309,5*LEAF,北海道,1614,*WOOL*,北海道,0,,-
7th style,Let the Snow Paint Me,0,,-,836,SUWA,北海道,1033,PRIMO,北海道,1243,MAHINA,北海道,0,,-
7th style,Love Me Do,0,,-,1114,BIWA,北海道,1667,UN.BOT,北海道,2110,*WOOL*,北海道,0,,-
7th style,MAX 300,0,,-,1092,BIWA,北海道,1924,N!?,北海道,2792,9MARY0,北海道,0,,-
7th style,Somebody Like You,0,,-,712,TAKONI,北海道,1180,MINE*,北海道,1816,AFICYW,北海道,0,,-
7th style,Spica,0,,-,648,BIWA,北海道,1382,IIDX33,北海道,2216,MARIO$,北海道,0,,-
7th style,stoic,0,,-,1532,CMG,北海道,2420,MUXXXX,北海道,2540,PERO,北海道,0,,-
7th style,Tomorrow Perfume,0,,-,1226,QZQX.Q,北海道,1833,YAE,北海道,2111,MARIO$,北海道,0,,-
7th style,traces,0,,-,1423,HMNG,北海道,1870,RABBIT,北海道,2126,KA10.T,北海道,0,,-
7th style,ZERO-ONE,0,,-,1083,IIDX33,北海道,1710,MAHINA,北海道,2232,CERA.,北海道,2894,SRT,北海道
7th style,革命,0,,-,731,LAURIE,北海道,1974,N!?,北海道,2321,MUXXXX,北海道,0,,-
8th style,abstract,0,,-,1211,9ROKA.,北海道,1638,MAHINA,北海道,1893,MAHINA,北海道,0,,-
8th style,airflow,0,,-,568,ELAINA,北海道,757,GHOST,北海道,1431,N!?,北海道,0,,-
8th style,ALL RIGHT,0,,-,856,QZQX.Q,北海道,1239,AKAJIN,北海道,1597,MAHINA,北海道,0,,-
8th style,Attitude,0,,-,966,PRIMO,北海道,1374,A,北海道,1747,*WOOL*,北海道,0,,-
8th style,bit mania,0,,-,905,LAURIE,北海道,1269,17.CCC,北海道,1861,*WOOL*,北海道,0,,-
8th style,Blame,0,,-,1168,PRIMO,北海道,1515,17.CCC,北海道,1938,SRT,北海道,0,,-
8th style,CELEBRATE NITE,0,,-,875,9ROKA.,北海道,1122,GHOST,北海道,1417,MAHINA,北海道,0,,-
8th style,Colors -Y&Co. Eurobeat Remix-,0,,-,1143,ALIKA,北海道,2017,MINE*,北海道,2197,MUXXXX,北海道,0,,-
8th style,dual control,0,,-,743,LAURIE,北海道,1493,N!?,北海道,1905,PERO,北海道,0,,-
8th style,Giudecca,0,,-,895,LAURIE,北海道,1900,XENO.K,北海道,2696,SRT,北海道,0,,-
8th style,Halfway of promise,0,,-,951,BIWA,北海道,1476,*BLUE*,北海道,1832,AFICYW,北海道,0,,-
8th style,HYPER BOUNDARY GATE,0,,-,1194,NOZ,北海道,1886,ALIKA,北海道,2210,MAHINA,北海道,0,,-
8th style,LAB,0,,-,1040,IIDX33,北海道,1906,TREMI,北海道,2100,*WOOL*,北海道,2718,MARIO$,北海道
8th style,LOVE IS ORANGE,0,,-,782,BIWA,北海道,987,NOZ,北海道,1791,MAHINA,北海道,2113,SRT,北海道
8th style,Luv 2 Feel Your Body,0,,-,850,BIWA,北海道,979,SNCHAN,北海道,1648,AFICYW,北海道,0,,-
8th style,memories,0,,-,1117,ALIKA,北海道,2007,SMOPPI,北海道,2255,MAHINA,北海道,0,,-
8th style,Monkey Dance,0,,-,805,SAFARI,北海道,1273,AYHL,北海道,1971,RIME,北海道,0,,-
8th style,murmur twins,0,,-,1083,ELAINA,北海道,1645,MINE*,北海道,2384,MAHINA,北海道,0,,-
8th style,MUSIC TO YOUR HEAD,0,,-,787,K.,北海道,1353,M-HIGH,北海道,1690,JAYE,北海道,0,,-
8th style,PLEASE DON'T GO,0,,-,969,ALIKA,北海道,1402,MAHINA,北海道,2432,MO-2.,北海道,0,,-
8th style,rainbow flyer,0,,-,792,BIWA,北海道,1599,DEMO29,北海道,2135,AFICYW,北海道,0,,-
8th style,symbolic,0,,-,1374,QZQX.Q,北海道,1819,MINE*,北海道,2249,CERA.,北海道,0,,-
8th style,thunder,0,,-,1135,BIWA,北海道,1522,XENO.K,北海道,1883,LIZ,北海道,0,,-
8th style,WAR GAME,0,,-,964,ELAINA,北海道,1538,.IXION,北海道,2147,SRT,北海道,0,,-
8th style,World Wide Love,0,,-,689,QZQX.Q,北海道,1017,SHINJI,北海道,1116,MAHINA,北海道,0,,-
8th style,xenon,0,,-,1104,IIDX33,北海道,1618,99F,北海道,2732,*WOOL*,北海道,0,,-
8th style,桜,0,,-,979,SAFARI,北海道,1510,MAHINA,北海道,2201,SRT,北海道,0,,-
8th style,蒼い衝動,0,,-,912,BIWA,北海道,1349,MINE*,北海道,1592,MUXXXX,北海道,0,,-
9th style,Abyss -The Heavens Remix-,564,QZQX.Q,北海道,1459,A,北海道,1858,MUXXXX,北海道,2366,*WOOL*,北海道,0,,-
9th style,ACT,0,,-,1033,BIWA,北海道,1700,MAHINA,北海道,1846,*WOOL*,北海道,0,,-
9th style,ADVANCE,0,,-,472,BIWA,北海道,851,ALIKA,北海道,1631,SRT,北海道,0,,-
9th style,ATOMIC AGE,0,,-,361,QZQX.Q,北海道,631,GHOST,北海道,1332,SRT,北海道,0,,-
9th style,BAD BOY BASS!! (dj Remo-con MIX),0,,-,918,ALIKA,北海道,1381,*RIO.*,北海道,1793,*WOOL*,北海道,0,,-
9th style,bag,0,,-,899,BIWA,北海道,1115,QZQX.Q,北海道,1917,PERO,北海道,0,,-
9th style,BRIGHTNESS DARKNESS,0,,-,705,QZQX.Q,北海道,1384,GHOST,北海道,1752,*WOOL*,北海道,0,,-
9th style,Cradle,0,,-,902,ALIKA,北海道,1430,BIWA,北海道,1586,*WOOL*,北海道,0,,-
9th style,Distress,0,,-,1289,BIWA,北海道,1838,MAHINA,北海道,0,,-,0,,-
9th style,e-motion 2003  -romantic extra-,0,,-,1287,PK,北海道,1601,MINE*,北海道,1981,PERO,北海道,0,,-
9th style,fun,0,,-,549,VIENNT,北海道,961,CMG,北海道,1879,SRT,北海道,0,,-
9th style,Golden Horn,0,,-,649,T2R588,北海道,1245,5*LEAF,北海道,1491,RIME,北海道,0,,-
9th style,HYPER EUROBEAT (2DX style),0,,-,1083,ALIKA,北海道,1615,MINE*,北海道,1949,MAHINA,北海道,0,,-
9th style,I Was The One (80's EUROBEAT STYLE),0,,-,784,BIWA,北海道,1317,PRIMO,北海道,1447,MUXXXX,北海道,0,,-
9th style,Karma,0,,-,1269,9ROKA.,北海道,1675,N!?,北海道,1814,MARIO$,北海道,0,,-
9th style,lights,0,,-,700,EURO,北海道,1451,MAHINA,北海道,1808,SRT,北海道,0,,-
9th style,Logic Board,0,,-,1018,BIWA,北海道,1803,N!?,北海道,2335,CERA.,北海道,0,,-
9th style,LOVE SHINE,530,QZQX.Q,北海道,846,BIWA,北海道,1812,LIA.,北海道,2083,MO-2.,北海道,0,,-
9th style,lower world,0,,-,1258,NOZ,北海道,1856,RYUYA,北海道,2237,MUXXXX,北海道,0,,-
9th style,Make A Difference,0,,-,839,BIWA,北海道,1577,ALIKA,北海道,2231,MAHINA,北海道,0,,-
9th style,MARIA (I believe... ),0,,-,737,BIWA,北海道,1529,BIWA,北海道,1963,MAHINA,北海道,0,,-
9th style,moon_child,0,,-,1017,QZQX.Q,北海道,1917,IKA,北海道,2526,*WOOL*,北海道,0,,-
9th style,one or eight,0,,-,1330,ALIKA,北海道,1920,N!?,北海道,2317,SRT,北海道,0,,-
9th style,PARANOIA survivor MAX,0,,-,952,ALIKA,北海道,1323,N!?,北海道,2139,SRT,北海道,0,,-
9th style,quasar,0,,-,1127,BIWA,北海道,1787,MUXXXX,北海道,2308,KIPFEL,北海道,0,,-
9th style,Quickening,0,,-,896,BIWA,北海道,1712,MAHINA,北海道,2104,OMEN,北海道,0,,-
9th style,Really Love,0,,-,598,NOZ,北海道,944,SISUI,北海道,1745,MARIO$,北海道,0,,-
9th style,RISLIM -Remix-,0,,-,773,ELAINA,北海道,997,MAHINA,北海道,1889,SRT,北海道,0,,-
9th style,rottel-the-Mercury,0,,-,994,BIWA,北海道,1881,SAI.,北海道,2266,*WOOL*,北海道,0,,-
9th style,Silvia Drive,0,,-,838,ALIKA,北海道,1563,N!?,北海道,2039,MAHINA,北海道,0,,-
9th style,SNOW,0,,-,1028,ELAINA,北海道,1379,MINE*,北海道,2037,MARIO$,北海道,0,,-
9th style,STAR FIELD,0,,-,682,QZQX.Q,北海道,1544,BIWA,北海道,1878,MAHINA,北海道,0,,-
9th style,Sweet Sweet Magic,0,,-,1005,BIWA,北海道,1411,QZQX.Q,北海道,2039,PERO,北海道,0,,-
9th style,SWEETEST SAVAGE,0,,-,578,TAKONI,北海道,1342,SUWA,北海道,1824,KA10.T,北海道,0,,-
9th style,ライオン好き,0,,-,647,IIDX33,北海道,1132,TTY-TL,北海道,1506,MAHINA,北海道,0,,-
9th style,真夏の花・真夏の夢,0,,-,792,JOIN,北海道,1128,QZQX.Q,北海道,1478,CERA.,北海道,0,,-
10th style,1st Samurai,0,,-,1062,SAFARI,北海道,1905,TAKE**,北海道,2674,CERA.,北海道,0,,-
10th style,ALIEN TEMPLE,0,,-,981,LAURIE,北海道,1524,QZQX.Q,北海道,2019,MAHINA,北海道,0,,-
10th style,ASTRAL VOYAGE,0,,-,998,BIWA,北海道,1326,SLEK,北海道,1905,MAHINA,北海道,0,,-
10th style,BABY LOVE,0,,-,1180,SAFARI,北海道,1640,PRIMO,北海道,2150,*WOOL*,北海道,0,,-
10th style,Back Into The Light,0,,-,1139,SAFARI,北海道,1615,COBRA,北海道,2160,MARIO$,北海道,0,,-
10th style,Boundary,0,,-,845,QZQX.Q,北海道,1766,A,北海道,2055,CERA.,北海道,0,,-
10th style,CARRY ON NIGHT (English version),0,,-,1002,ALIKA,北海道,1322,.IXION,北海道,2058,MUXXXX,北海道,0,,-
10th style,Daisuke,470,BIWA,北海道,1208,BIWA,北海道,1687,MAHINA,北海道,2404,*WOOL*,北海道,0,,-
10th style,Debtty Daddy,0,,-,1017,LAURIE,北海道,1958,MINE*,北海道,2708,MARIO$,北海道,0,,-
10th style,desolation,0,,-,484,QZQX.Q,北海道,658,MAHINA,北海道,766,MAHINA,北海道,0,,-
10th style,DoLL,341,QZQX.Q,北海道,937,ALIKA,北海道,1246,MAHINA,北海道,1620,MAHINA,北海道,0,,-
10th style,EXE,0,,-,854,SAFARI,北海道,1563,MINE*,北海道,2250,*WOOL*,北海道,0,,-
10th style,Feedback,0,,-,1057,SAFARI,北海道,1551,XENO.K,北海道,1932,MO-2.,北海道,0,,-
10th style,FEEL IT,0,,-,910,LAURIE,北海道,1702,99F,北海道,2009,SRT,北海道,0,,-
10th style,Freezing atmosphere,0,,-,784,SAFARI,北海道,1048,SUWA,北海道,1496,KOJI,北海道,0,,-
10th style,GHOST REVIVAL,0,,-,895,SAFARI,北海道,1946,XENO.K,北海道,2568,MARIO$,北海道,0,,-
10th style,GRADIUS -FULL SPEED-,0,,-,723,ELAINA,北海道,1273,N!?,北海道,2122,CERA.,北海道,0,,-
10th style,HIGH,0,,-,920,SAFARI,北海道,1913,COLON,北海道,2155,*WOOL*,北海道,2880,PERO,北海道
10th style,Innocent Walls,0,,-,1629,LIA.,北海道,2526,CERA.,北海道,2854,SRT,北海道,0,,-
10th style,Love Is Eternity,0,,-,1197,ALIKA,北海道,2021,N!?,北海道,2387,RIME,北海道,0,,-
10th style,Lucy,0,,-,951,QZQX.Q,北海道,1715,*BLUE*,北海道,2328,CERA.,北海道,0,,-
10th style,Narcissus At Oasis,0,,-,773,BIWA,北海道,1598,N!?,北海道,1655,OMEN,北海道,0,,-
10th style,No.13,0,,-,1641,5*LEAF,北海道,2671,MUXXXX,北海道,3166,*WOOL*,北海道,0,,-
10th style,One More Lovely,0,,-,852,LAURIE,北海道,1603,MINE*,北海道,2870,OMEN,北海道,0,,-
10th style,pandora,0,,-,893,IIDX33,北海道,1633,MQUEEN,北海道,1838,MUXXXX,北海道,0,,-
10th style,rainbow rainbow,0,,-,1505,AKAJIN,北海道,2147,IKA,北海道,2736,OMEN,北海道,0,,-
10th style,Rise'n Beauty,0,,-,1255,KUROBA,北海道,1531,NA4RO-,北海道,2150,MAHINA,北海道,4010,PERO,北海道
10th style,SCORE,0,,-,1172,COLON,北海道,1529,MINE*,北海道,2093,MARIO$,北海道,0,,-
10th style,SHOOTING STAR,0,,-,1212,QZQX.Q,北海道,1643,XENO.K,北海道,2256,MAHINA,北海道,0,,-
10th style,SPACE FIGHT,0,,-,642,SAFARI,北海道,1437,MINE*,北海道,2239,PERO,北海道,0,,-
10th style,システムロマンス,0,,-,892,BIWA,北海道,1798,N!?,北海道,2035,CERA.,北海道,0,,-
10th style,雪月花,0,,-,1214,SAFARI,北海道,1913,MUXXXX,北海道,2523,SRT,北海道,0,,-
IIDX RED,AA,0,,-,1228,PRIMO,北海道,2726,MAHINA,北海道,3654,SRT,北海道,0,,-
IIDX RED,AGEHA,600,ELAINA,北海道,1045,GHOST,北海道,1661,A,北海道,1881,*WOOL*,北海道,2446,PERO,北海道
IIDX RED,ANDROMEDA,0,,-,1002,ALIKA,北海道,1853,SAFARI,北海道,2873,PERO,北海道,0,,-
IIDX RED,awakening,0,,-,1074,BIWA,北海道,1410,PRIMO,北海道,1721,KIPFEL,北海道,0,,-
IIDX RED,Be quiet,0,,-,1060,PRIMO,北海道,1680,REVIN,北海道,2206,*WOOL*,北海道,2830,SRT,北海道
IIDX RED,BLOCKS,0,,-,755,NOZ,北海道,1341,N!?,北海道,1996,SRT,北海道,0,,-
IIDX RED,BREATH,0,,-,894,BIWA,北海道,1265,GHOST,北海道,1733,MAHINA,北海道,0,,-
IIDX RED,Click Again,0,,-,851,T2R588,北海道,1322,QZQX.Q,北海道,2136,LIZ,北海道,0,,-
IIDX RED,Close my Eyes for Me,0,,-,1007,BIWA,北海道,1478,MAHINA,北海道,1866,SRT,北海道,0,,-
IIDX RED,D.A.N.C.E.!,0,,-,557,GHOST,北海道,795,GHOST,北海道,1611,N!?,北海道,0,,-
IIDX RED,Don't be afraid myself,0,,-,1091,BIWA,北海道,1852,XENO.K,北海道,2273,MARIO$,北海道,0,,-
IIDX RED,earth scape,0,,-,442,RINKU,北海道,1017,VIENNT,北海道,1278,COLON,北海道,0,,-
IIDX RED,FAKE TIME,0,,-,1040,ALIKA,北海道,1736,SMOPPI,北海道,2395,OMEN,北海道,0,,-
IIDX RED,Fly Away To India,0,,-,671,QZQX.Q,北海道,1073,BIWA,北海道,1405,MAHINA,北海道,0,,-
IIDX RED,GENOCIDE,0,,-,1149,KIII,北海道,2129,MAHINA,北海道,2416,MARIO$,北海道,0,,-
IIDX RED,gigadelic,690,QZQX.Q,北海道,1492,5*LEAF,北海道,2146,*WOOL*,北海道,2511,9MARY0,北海道,0,,-
IIDX RED,HORIZON,0,,-,1071,BIWA,北海道,1534,SMOPPI,北海道,1965,MAHINA,北海道,0,,-
IIDX RED,KEY,0,,-,1118,ALIKA,北海道,1882,MAHINA,北海道,2862,PERO,北海道,0,,-
IIDX RED,NEBULA GRASPER,0,,-,1335,QZQX.Q,北海道,2040,N!?,北海道,2470,*WOOL*,北海道,0,,-
IIDX RED,Raspberry Heart(English version),0,,-,1038,BIWA,北海道,1520,VEHERO,北海道,1859,MUXXXX,北海道,0,,-
IIDX RED,RED ZONE,178,ELAINA,北海道,1106,BIWA,北海道,1877,LIA.,北海道,2343,I,北海道,3090,PERO,北海道
IIDX RED,RESONATE 1794,0,,-,902,SUWA,北海道,1407,IIDX33,北海道,1880,*WOOL*,北海道,0,,-
IIDX RED,Secret of Love,0,,-,1072,ALIKA,北海道,1398,-MJKK-,北海道,2017,RIME,北海道,0,,-
IIDX RED,SPEEDY CAT,0,,-,1123,BIWA,北海道,1673,5*LEAF,北海道,2036,MAHINA,北海道,0,,-
IIDX RED,Sphere,0,,-,1059,BIWA,北海道,1964,MAHINA,北海道,2190,MUXXXX,北海道,0,,-
IIDX RED,spiral galaxy,0,,-,1065,BIWA,北海道,2032,MINE*,北海道,2543,SXSNOW,北海道,3772,OMEN,北海道
IIDX RED,The Hope of Tomorrow,0,,-,1055,BIWA,北海道,1699,MAHINA,北海道,1935,KA10.T,北海道,0,,-
IIDX RED,Wonder Bullfighter,0,,-,943,BIWA,北海道,1348,0CROWN,北海道,2034,OMEN,北海道,0,,-
IIDX RED,ピアノ協奏曲第１番”蠍火”,0,,-,806,BIWA,北海道,2141,CERA.,北海道,2689,OMEN,北海道,0,,-
IIDX RED,大桟橋,0,,-,480,BIWA,北海道,1138,MAHINA,北海道,1860,PERO,北海道,0,,-
IIDX RED,太陽～T・A・I・Y・O～,0,,-,817,ELAINA,北海道,1371,MINE*,北海道,1744,MO-2.,北海道,0,,-
IIDX RED,ＵＬＴｉＭΛＴＥ,0,,-,949,BIWA,北海道,1444,A,北海道,1995,MAHINA,北海道,0,,-
HAPPY SKY,100％ minimoo-G,0,,-,906,ELAINA,北海道,1691,MAHINA,北海道,1747,CERA.,北海道,0,,-
HAPPY SKY,Agnus Dei,0,,-,908,SAFARI,北海道,1597,MINE*,北海道,2077,9MARY0,北海道,0,,-
HAPPY SKY,alla turca con passione,0,,-,810,ALIKA,北海道,1563,.IXION,北海道,2185,MAHINA,北海道,0,,-
HAPPY SKY,Aurora,0,,-,1371,IIDX33,北海道,2073,A,北海道,2546,CERA.,北海道,0,,-
HAPPY SKY,CaptivAte～浄化～,0,,-,1045,SAFARI,北海道,1880,N!?,北海道,2471,MARIO$,北海道,3467,SRT,北海道
HAPPY SKY,Catch Me,0,,-,781,BIWA,北海道,1252,BIWA,北海道,1832,SRT,北海道,2163,AFICYW,北海道
HAPPY SKY,Don't let it go,0,,-,713,ALIKA,北海道,1260,MINE*,北海道,1691,*WOOL*,北海道,0,,-
HAPPY SKY,double thrash,0,,-,1000,BIWA,北海道,1971,*BLUE*,北海道,2343,MAHINA,北海道,0,,-
HAPPY SKY,EDEN,0,,-,1300,PRIMO,北海道,1881,BIWA,北海道,2720,OMEN,北海道,3269,PERO,北海道
HAPPY SKY,EMPTY OF THE SKY,0,,-,662,ELAINA,北海道,988,SHINJI,北海道,1680,MAHINA,北海道,0,,-
HAPPY SKY,First Resolution,0,,-,801,K.,北海道,1537,VEHERO,北海道,2149,*WOOL*,北海道,0,,-
HAPPY SKY,garden,0,,-,837,LAURIE,北海道,1509,17.CCC,北海道,2178,MAHINA,北海道,3113,PERO,北海道
HAPPY SKY,Get'em up to R.A.V.E,0,,-,1180,ALIKA,北海道,1654,A,北海道,2282,OMEN,北海道,0,,-
HAPPY SKY,GREEN EYES,0,,-,996,ALIKA,北海道,1585,XENO.K,北海道,2213,MAHINA,北海道,0,,-
HAPPY SKY,HAPPY☆ANGEL,658,ELAINA,北海道,1073,AGO,北海道,1555,MAHINA,北海道,2095,OMEN,北海道,0,,-
HAPPY SKY,I am,0,,-,1083,BIWA,北海道,1738,RIME,北海道,2160,PERO,北海道,0,,-
HAPPY SKY,in motion,0,,-,812,GHOST,北海道,1028,QZQX.Q,北海道,1310,MAHINA,北海道,0,,-
HAPPY SKY,INAZUMA,0,,-,1098,COLON,北海道,1749,AINN,北海道,2700,KA10.T,北海道,4070,SRT,北海道
HAPPY SKY,LESSON 5,0,,-,1230,LAURIE,北海道,1795,A,北海道,2477,MAHINA,北海道,0,,-
HAPPY SKY,Little Little Princess,0,,-,1094,BIWA,北海道,2146,GOALEX,北海道,2760,MAHINA,北海道,3837,SRT,北海道
HAPPY SKY,Love Magic,0,,-,989,IIDX33,北海道,1693,XENO.K,北海道,1939,MAHINA,北海道,0,,-
HAPPY SKY,mind the gap,0,,-,703,NOZ,北海道,1014,MARIO$,北海道,1641,SRT,北海道,0,,-
HAPPY SKY,MOON RACE,0,,-,836,IIDX33,北海道,1108,AGRES,北海道,1893,OMEN,北海道,0,,-
HAPPY SKY,Pink Rose,0,,-,587,ELAINA,北海道,963,VIENNT,北海道,1411,MARIO$,北海道,2008,MAHINA,北海道
HAPPY SKY,PLASMA,0,,-,935,K.,北海道,1567,NOZ,北海道,2272,MAHINA,北海道,0,,-
HAPPY SKY,Pollinosis,0,,-,612,L-X4X,北海道,1108,SHINJI,北海道,2541,CERA.,北海道,0,,-
HAPPY SKY,POODLE,0,,-,970,ALIKA,北海道,1879,ALIKA,北海道,2299,*WOOL*,北海道,3396,CERA.,北海道
HAPPY SKY,rage against usual,0,,-,1280,BIWA,北海道,1957,UNESCO,北海道,2947,9MARY0,北海道,0,,-
HAPPY SKY,SCREAM SQUAD,0,,-,1144,BIWA,北海道,1653,17.CCC,北海道,2073,AFICYW,北海道,0,,-
HAPPY SKY,Scripted Connection⇒ A mix,0,,-,1634,ALIKA,北海道,2248,MUXXXX,北海道,3116,SRT,北海道,3389,CERA.,北海道
HAPPY SKY,Scripted Connection⇒ H mix,0,,-,1673,ALIKA,北海道,1951,XENO.K,北海道,2484,*WOOL*,北海道,2909,SRT,北海道
HAPPY SKY,Scripted Connection⇒ N mix,0,,-,1288,BIWA,北海道,1701,N!?,北海道,2110,MO-2.,北海道,2466,SRT,北海道
HAPPY SKY,SigSig,668,QZQX.Q,北海道,1069,SAFARI,北海道,1702,MAHINA,北海道,2609,OMEN,北海道,0,,-
HAPPY SKY,Tizona d'El Cid,0,,-,969,ALIKA,北海道,1975,N!?,北海道,2334,PERO,北海道,0,,-
HAPPY SKY,Twelfth Style,0,,-,1214,BIWA,北海道,1502,YUK1-S,北海道,2030,MAHINA,北海道,3279,SRT,北海道
HAPPY SKY,Under the Sky,0,,-,892,ELAINA,北海道,1405,MAHINA,北海道,1735,CERA.,北海道,0,,-
HAPPY SKY,vault of heaven,0,,-,788,LAURIE,北海道,1346,A,北海道,2006,PERO,北海道,0,,-
HAPPY SKY,Votum stellarum,0,,-,792,LAURIE,北海道,1631,5*LEAF,北海道,1974,MAHINA,北海道,0,,-
HAPPY SKY,We are Disっ娘よっつ打ち命,0,,-,658,ELAINA,北海道,950,BIWA,北海道,1662,KOJI,北海道,0,,-
HAPPY SKY,Xepher,405,QZQX.Q,北海道,1126,ALIKA,北海道,2198,MUXXXX,北海道,3027,SRT,北海道,0,,-
HAPPY SKY,オレはビートマニア！お前は何マニア？,0,,-,806,ALIKA,北海道,1418,AKAJIN,北海道,1719,PERO,北海道,0,,-
HAPPY SKY,ヒマワリ,0,,-,562,BIWA,北海道,1812,XENO.K,北海道,2068,*WOOL*,北海道,0,,-
HAPPY SKY,ラクエン,0,,-,720,BIWA,北海道,826,SHIRON,北海道,2027,SRT,北海道,0,,-
HAPPY SKY,冥,585,ELAINA,北海道,1033,99F,北海道,2065,MUXXXX,北海道,3883,OMEN,北海道,0,,-
HAPPY SKY,合体せよ！ストロングイェーガー！！ (Ryu☆ remix),0,,-,1074,ELAINA,北海道,1524,XENO.K,北海道,1912,*WOOL*,北海道,0,,-
HAPPY SKY,月光,0,,-,890,ALIKA,北海道,1792,N!?,北海道,2480,SRT,北海道,0,,-
DistorteD,ALFARSHEAR 双神威に廻る夢,436,ELAINA,北海道,1081,BIWA,北海道,1645,17.CCC,北海道,2093,*WOOL*,北海道,0,,-
DistorteD,Apocalypse ～dirge of swans～,242,REIN-A,北海道,1005,SMOPPI,北海道,1819,N!?,北海道,2398,*WOOL*,北海道,0,,-
DistorteD,BALLAD THE FEATHERS,0,,-,707,QZQX.Q,北海道,1071,SUWA,北海道,1517,N!?,北海道,0,,-
DistorteD,Bloody Tears(IIDX EDITION),0,,-,1122,ALIKA,北海道,1916,A,北海道,2174,*WOOL*,北海道,0,,-
DistorteD,BOOM BOOM DISCO NIGHT,0,,-,1016,SAFARI,北海道,1777,XENO.K,北海道,2278,*WOOL*,北海道,0,,-
DistorteD,Broadbanded,0,,-,889,QZQX.Q,北海道,1380,AKAJIN,北海道,2013,OMEN,北海道,0,,-
DistorteD,Concertino in Blue,378,GHOST,北海道,830,NOZ,北海道,1648,MINE*,北海道,2482,CERA.,北海道,0,,-
DistorteD,CONTRACT,0,,-,1265,OCHA-!,北海道,1589,OCHA-!,北海道,2087,*WOOL*,北海道,2824,SRT,北海道
DistorteD,D.C.fish,0,,-,994,LAURIE,北海道,1907,MINE*,北海道,2342,OMEN,北海道,0,,-
DistorteD,DEEP ROAR,0,,-,986,BIWA,北海道,1388,BIWA,北海道,2768,PERO,北海道,0,,-
DistorteD,Double Loving Heart,0,,-,575,QZQX.Q,北海道,1288,BIWA,北海道,1814,MUXXXX,北海道,0,,-
DistorteD,DUE TOMORROW,0,,-,900,ALIKA,北海道,1402,5*LEAF,北海道,2113,SRT,北海道,0,,-
DistorteD,EURO-ROMANCE,0,,-,974,BIWA,北海道,1806,MINE*,北海道,2103,SRT,北海道,0,,-
DistorteD,Ganymede,0,,-,1038,NOZ,北海道,1651,NOEL,北海道,2312,CERA.,北海道,2651,SRT,北海道
DistorteD,Harmony and Lovely,0,,-,882,9ROKA.,北海道,1798,N!?,北海道,2240,MO-2.,北海道,0,,-
DistorteD,Heavenly Sun (IIDX VERSION),0,,-,821,ELAINA,北海道,1591,MAHINA,北海道,2109,N!?,北海道,0,,-
DistorteD,INFERNO,0,,-,1171,ALIKA,北海道,1563,AKAJIN,北海道,1997,N!?,北海道,0,,-
DistorteD,Leaving...,0,,-,746,K.,北海道,1369,MINE*,北海道,2188,MAHINA,北海道,0,,-
DistorteD,MINT,0,,-,962,K.,北海道,1697,LIA.,北海道,2301,*WOOL*,北海道,0,,-
DistorteD,MOON,0,,-,856,ALIKA,北海道,2019,A,北海道,2229,SRT,北海道,0,,-
DistorteD,Power of Love,0,,-,316,YOCHAN,北海道,1547,SHINJI,北海道,2140,MAHINA,北海道,0,,-
DistorteD,So Fabulous !!,0,,-,1091,ALIKA,北海道,1489,XENO.K,北海道,2350,*WOOL*,北海道,0,,-
DistorteD,Sun Field,0,,-,560,QZQX.Q,北海道,1452,AGO,北海道,2437,*WOOL*,北海道,0,,-
DistorteD,The Dirty of Loudness,0,,-,1423,.IXION,北海道,2238,MAHINA,北海道,2644,SRT,北海道,0,,-
DistorteD,This is Love,0,,-,919,QZQX.Q,北海道,1809,N!?,北海道,2477,PERO,北海道,0,,-
DistorteD,tripping contact(teranoid&MC Natsack Remix),0,,-,1237,PK,北海道,1934,17.CCC,北海道,2466,PERO,北海道,0,,-
DistorteD,TYPE MARS(G-Style Mix),0,,-,1113,BIWA,北海道,1807,XENO.K,北海道,2402,*WOOL*,北海道,0,,-
DistorteD,waxing and wanding,0,,-,1309,LIA.,北海道,1956,LIA.,北海道,2873,AFICYW,北海道,3994,SRT,北海道
DistorteD,Why did you go away,629,QZQX.Q,北海道,1098,BIWA,北海道,1799,MAHINA,北海道,2314,*WOOL*,北海道,0,,-
DistorteD,WISH(EUROBEAT MIX),0,,-,1050,IIDX33,北海道,1638,N!?,北海道,1967,MUXXXX,北海道,0,,-
DistorteD,with you…,0,,-,776,QZQX.Q,北海道,1080,SHINJI,北海道,1770,MAHINA,北海道,0,,-
DistorteD,Zenius -I- vanisher,0,,-,971,ALIKA,北海道,1512,UN.BOT,北海道,2404,OMEN,北海道,0,,-
DistorteD,カゴノトリ～弐式～,0,,-,1113,GHOST,北海道,1755,UN.BOT,北海道,2631,SRT,北海道,0,,-
DistorteD,タシカナモノ,0,,-,941,ALIKA,北海道,1402,SAFARI,北海道,2035,*WOOL*,北海道,0,,-
DistorteD,嘆きの樹,0,,-,1747,ALIKA,北海道,2464,RIME,北海道,3937,SRT,北海道,0,,-
DistorteD,罠,0,,-,555,K.,北海道,1547,MAHINA,北海道,2460,MAHINA,北海道,0,,-
DistorteD,華蝶風雪,0,,-,1249,ALIKA,北海道,2011,LIA.,北海道,2983,CERA.,北海道,4019,SRT,北海道
DistorteD,虹色,0,,-,939,ELAINA,北海道,1557,MAHINA,北海道,1861,PERO,北海道,0,,-
GOLD,2hot2eat,0,,-,562,LAURIE,北海道,1100,99F,北海道,1637,AFICYW,北海道,0,,-
GOLD,Air Bell,0,,-,966,.VO1D,北海道,1307,PRIMO,北海道,1723,MAHINA,北海道,0,,-
GOLD,ANDROMEDA II,0,,-,980,BIWA,北海道,1893,17.CCC,北海道,2476,RIME,北海道,0,,-
GOLD,Blind Justice ～Torn souls， Hurt Faiths ～,0,,-,1333,YUK1-S,北海道,1967,MUXXXX,北海道,2484,OMEN,北海道,0,,-
GOLD,Candy Galy,0,,-,1517,MQUEEN,北海道,2455,RAKU,北海道,3563,PERO,北海道,0,,-
GOLD,CaptivAte～裁き～,409,QZQX.Q,北海道,853,ALIKA,北海道,1314,N!?,北海道,1780,MAHINA,北海道,0,,-
GOLD,CaptivAte～誓い～,0,,-,1300,PRIMO,北海道,1933,MINE*,北海道,2248,MAHINA,北海道,0,,-
GOLD,CROSSROAD ～Left Story～,0,,-,1136,BIWA,北海道,1719,A,北海道,2192,*WOOL*,北海道,0,,-
GOLD,Cyber Force,0,,-,1239,BIWA,北海道,1862,MOGOGO,北海道,2377,*WOOL*,北海道,0,,-
GOLD,Fascination MAXX,0,,-,935,ALIKA,北海道,1671,SRT,北海道,2530,SRT,北海道,0,,-
GOLD,FIRE FIRE,568,ELAINA,北海道,1206,ALIKA,北海道,1801,MAHINA,北海道,2779,SRT,北海道,0,,-
GOLD,four-leaf,0,,-,741,SHIRON,北海道,1155,SONO,北海道,1723,MO-2.,北海道,0,,-
GOLD,GOLD RUSH,554,QZQX.Q,北海道,1180,BIWA,北海道,1520,N!?,北海道,2384,SRT,北海道,0,,-
GOLD,GRID KNIGHT,0,,-,829,BIWA,北海道,1924,MINE*,北海道,2638,MAHINA,北海道,3483,SRT,北海道
GOLD,heaven above,0,,-,796,NOZ,北海道,1328,AKAJIN,北海道,1847,MAHINA,北海道,0,,-
GOLD,High School Love,401,BIWA,北海道,872,IIDX33,北海道,1519,BIWA,北海道,2201,*WOOL*,北海道,0,,-
GOLD,INORI,0,,-,1373,ALIKA,北海道,2511,ROOMBA,北海道,3219,SRT,北海道,0,,-
GOLD,KAMAITACHI,0,,-,1237,ALIKA,北海道,2005,MINE*,北海道,2704,CERA.,北海道,3941,SRT,北海道
GOLD,LASER CRUSTER,0,,-,1403,AKAJIN,北海道,2411,MAHINA,北海道,3218,MO-2.,北海道,0,,-
GOLD,Love Again...,0,,-,577,BIWA,北海道,783,BIWA,北海道,1072,MAHINA,北海道,0,,-
GOLD,Make Me Your Own,0,,-,880,ALIKA,北海道,1553,MINE*,北海道,2150,OMEN,北海道,0,,-
GOLD,METALLIC MIND,0,,-,844,ELAINA,北海道,1447,N!?,北海道,1639,SRT,北海道,0,,-
GOLD,never…,0,,-,819,QZQX.Q,北海道,1260,ALT-08,北海道,1818,MAHINA,北海道,0,,-
GOLD,op.31 叙情,0,,-,559,ALIKA,北海道,1281,MAHINA,北海道,1580,AFICYW,北海道,0,,-
GOLD,PHOTONGENIC,0,,-,1348,ALIKA,北海道,1907,PK,北海道,2296,RIME,北海道,0,,-
GOLD,Roulette,0,,-,895,BIWA,北海道,1366,BIWA,北海道,2125,MUXXXX,北海道,0,,-
GOLD,Second Heaven,223,IIDX33,北海道,958,ELAINA,北海道,1569,N!?,北海道,2118,OMEN,北海道,0,,-
GOLD,Sense 2007,0,,-,1473,MACHAM,北海道,2246,MO-2.,北海道,2954,CERA.,北海道,0,,-
GOLD,smile,0,,-,1463,SAFARI,北海道,2197,N!?,北海道,2909,MARIO$,北海道,0,,-
GOLD,snow storm,236,ELAINA,北海道,782,BIWA,北海道,2311,N!?,北海道,2778,*WOOL*,北海道,3410,SRT,北海道
GOLD,the shadow,0,,-,1203,LAURIE,北海道,2024,XENO.K,北海道,2901,MARIO$,北海道,0,,-
GOLD,The Smile of You,0,,-,934,ELAINA,北海道,1268,AYHL,北海道,1626,*WOOL*,北海道,0,,-
GOLD,TRANOID,0,,-,755,ELAINA,北海道,1751,XENO.K,北海道,2230,*WOOL*,北海道,2970,MO-2.,北海道
GOLD,VANESSA,0,,-,1137,IIDX33,北海道,1798,YUMERU,北海道,2426,CERA.,北海道,3518,SRT,北海道
GOLD,Watch out!!,0,,-,729,BIWA,北海道,997,BIWA,北海道,1592,AFICYW,北海道,0,,-
GOLD,With your Smile,0,,-,702,ELAINA,北海道,1189,MAHINA,北海道,1574,*WOOL*,北海道,0,,-
GOLD,クルクル☆ラブ～Opioid Peptide MIX～,419,QZQX.Q,北海道,955,BIWA,北海道,1444,XENO.K,北海道,2273,OMEN,北海道,0,,-
GOLD,ヨシダさん,0,,-,929,ELAINA,北海道,1395,QZQX.Q,北海道,1971,LIZ,北海道,0,,-
GOLD,リグレット,0,,-,1322,YUK1-S,北海道,1706,MINE*,北海道,2429,N!?,北海道,0,,-
GOLD,星をこの手に,0,,-,1173,GHOST,北海道,1717,PRIMO,北海道,2168,KOJI,北海道,0,,-
GOLD,花吹雪 ～ IIDX LIMITED ～,0,,-,709,ELAINA,北海道,1120,SAFARI,北海道,1430,*WOOL*,北海道,0,,-
GOLD,零 - ZERO -,218,QZQX.Q,北海道,1176,BIWA,北海道,1773,SMOPPI,北海道,2314,*WOOL*,北海道,2744,PERO,北海道
GOLD,電人、暁に斃れる。,653,QZQX.Q,北海道,1506,ALIKA,北海道,2442,MAHINA,北海道,3433,SRT,北海道,0,,-
DJ TROOPERS,2 tribe 4 K,0,,-,883,ALIKA,北海道,1258,QZQX.Q,北海道,2768,MARIO$,北海道,0,,-
DJ TROOPERS,"Anisakis -somatic mutation type""Forza""-",0,,-,1248,BIWA,北海道,2148,MAHINA,北海道,2856,PERO,北海道,3917,SRT,北海道
DJ TROOPERS,avant-guerre,0,,-,727,ELAINA,北海道,1305,GHOST,北海道,1890,KAMA,北海道,0,,-
DJ TROOPERS,Be OK,0,,-,946,BIWA,北海道,1722,GHOST,北海道,2407,*WOOL*,北海道,3337,SRT,北海道
DJ TROOPERS,beatonic nation,0,,-,1265,ALIKA,北海道,1906,N!?,北海道,2161,RIME,北海道,0,,-
DJ TROOPERS,Blue Rain,347,COBRA,北海道,1002,BIWA,北海道,1558,LIA.,北海道,2263,KOJI,北海道,3355,KIPFEL,北海道
DJ TROOPERS,Darling my LUV,0,,-,700,SUZUKI,北海道,1002,ALIKA,北海道,1380,KOJI,北海道,0,,-
DJ TROOPERS,Dazzlin' Darlin,341,BIWA,北海道,898,IIDX33,北海道,1394,ALIKA,北海道,2226,*WOOL*,北海道,0,,-
DJ TROOPERS,Digitank System,0,,-,915,SAFARI,北海道,1563,MAHINA,北海道,2167,SRT,北海道,0,,-
DJ TROOPERS,Do it!! Do it!!,0,,-,1050,ALIKA,北海道,1527,MAHINA,北海道,1950,SRT,北海道,2552,SRT,北海道
DJ TROOPERS,end of world,0,,-,986,ELAINA,北海道,1829,N!?,北海道,2506,CERA.,北海道,0,,-
DJ TROOPERS,evergreen,0,,-,996,DELI-D,北海道,1368,-YOMO-,北海道,1964,SRT,北海道,0,,-
DJ TROOPERS,four pieces of heaven,0,,-,912,99F,北海道,1860,MAHINA,北海道,2402,SRT,北海道,2989,SRT,北海道
DJ TROOPERS,Freeway Shuffle,346,BIWA,北海道,804,BIWA,北海道,1189,AGRES,北海道,1874,MAHINA,北海道,0,,-
DJ TROOPERS,ICARUS,0,,-,1298,ALIKA,北海道,2013,MAHINA,北海道,2468,CERA.,北海道,3740,OMEN,北海道
DJ TROOPERS,in the Sky,0,,-,1340,BIWA,北海道,2085,5*LEAF,北海道,2539,9MARY0,北海道,0,,-
DJ TROOPERS,Kick Out 仮面,0,,-,1180,ALIKA,北海道,1556,ALIKA,北海道,2039,*WOOL*,北海道,0,,-
DJ TROOPERS,LOVELY STORM,0,,-,1308,PK,北海道,2133,XENO.K,北海道,2838,OMEN,北海道,0,,-
DJ TROOPERS,madrugada,0,,-,699,GHOST,北海道,1151,99F,北海道,1850,OMEN,北海道,0,,-
DJ TROOPERS,MAX LOVE,0,,-,1439,IIDX33,北海道,2189,N!?,北海道,2672,*WOOL*,北海道,0,,-
DJ TROOPERS,MENDES,0,,-,1127,BIWA,北海道,2600,MAHINA,北海道,3644,SRT,北海道,0,,-
DJ TROOPERS,MENTAL MELTDOWN,0,,-,1158,SAFARI,北海道,2253,MAHINA,北海道,2842,SRT,北海道,0,,-
DJ TROOPERS,NEW GENERATION -もう、お前しか見えない-,0,,-,1058,BIWA,北海道,1998,N!?,北海道,2598,9MARY0,北海道,3615,KAMA,北海道
DJ TROOPERS,oratio,0,,-,1359,SHINJI,北海道,2082,MAHINA,北海道,2953,PERO,北海道,0,,-
DJ TROOPERS,PARANOiA ～HADES～,0,,-,1063,ALIKA,北海道,1853,CERA.,北海道,2712,CERA.,北海道,0,,-
DJ TROOPERS,PROMISE FOR LIFE,0,,-,603,BIWA,北海道,1469,AGO,北海道,1748,MAI.K,北海道,0,,-
DJ TROOPERS,REMINISCENCE,0,,-,1261,PK,北海道,1862,N!?,北海道,2361,PERO,北海道,0,,-
DJ TROOPERS,Rising in the Sun(original mix),0,,-,918,ELAINA,北海道,1642,*BLUE*,北海道,2368,PERO,北海道,0,,-
DJ TROOPERS,Ristaccia,0,,-,1168,ALIKA,北海道,2034,N!?,北海道,2760,SRT,北海道,0,,-
DJ TROOPERS,"satellite020712 from ""CODED ARMS""",0,,-,1305,PK,北海道,1931,N!?,北海道,2538,MARIO$,北海道,0,,-
DJ TROOPERS,satfinal,0,,-,1087,BIWA,北海道,1397,BIWA,北海道,1920,PERO,北海道,0,,-
DJ TROOPERS,scar in the earth,0,,-,650,QZQX.Q,北海道,1034,SUWA,北海道,1514,LIZ,北海道,0,,-
DJ TROOPERS,SOUND OF GIALLARHORN,506,BIWA,北海道,1380,RABBIT,北海道,2601,PK,北海道,3299,*WOOL*,北海道,0,,-
DJ TROOPERS,State Of The Art,0,,-,1065,LAURIE,北海道,1514,XENTZ,北海道,3102,CERA.,北海道,0,,-
DJ TROOPERS,STEEL NEEDLE,0,,-,1081,QZQX.Q,北海道,2171,MAHINA,北海道,2516,SRT,北海道,3388,SRT,北海道
DJ TROOPERS,switch,0,,-,790,SAFARI,北海道,1500,MINE*,北海道,2100,PERO,北海道,0,,-
DJ TROOPERS,THE DEEP STRIKER,542,BIWA,北海道,1085,REVIN,北海道,2259,N!?,北海道,3009,CERA.,北海道,3547,SRT,北海道
DJ TROOPERS,the trigger of innocence,0,,-,890,BIWA,北海道,1176,LIA.,北海道,1848,*WOOL*,北海道,3100,PERO,北海道
DJ TROOPERS,Time to Air,0,,-,1249,PK,北海道,2078,LIA.,北海道,2870,9MARY0,北海道,3701,SRT,北海道
DJ TROOPERS,TRIP MACHINE PhoeniX,0,,-,689,ALIKA,北海道,1604,-YOMO-,北海道,1808,KA10.T,北海道,0,,-
DJ TROOPERS,TROOPERS,0,,-,1214,PK,北海道,2372,MAHINA,北海道,2958,SRT,北海道,0,,-
DJ TROOPERS,Ubertreffen,0,,-,1096,PK,北海道,2011,MAHINA,北海道,2529,PERO,北海道,3264,PERO,北海道
DJ TROOPERS,Wanna Party?,0,,-,755,ELAINA,北海道,1152,MINE*,北海道,1521,MAHINA,北海道,2599,CERA.,北海道
DJ TROOPERS,エコ爺,335,QZQX.Q,北海道,835,SENPAI,北海道,1302,QZQX.Q,北海道,1837,KOJI,北海道,0,,-
DJ TROOPERS,マチ子の唄,0,,-,830,BIWA,北海道,1299,ALIKA,北海道,1798,*WOOL*,北海道,0,,-
DJ TROOPERS,ミラージュ・レジデンス,0,,-,1137,BIWA,北海道,2166,N!?,北海道,2628,BISKE,北海道,3325,SRT,北海道
DJ TROOPERS,少年A,0,,-,1241,ALIKA,北海道,2109,PK,北海道,2781,KA10.T,北海道,0,,-
DJ TROOPERS,華爛漫 -Flowers-,337,ELAINA,北海道,993,PK,北海道,1560,.IXION,北海道,2054,CERA.,北海道,3191,SRT,北海道
DJ TROOPERS,走馬灯 -The Last Song-,0,,-,499,BIWA,北海道,915,BIWA,北海道,1335,PERO,北海道,0,,-
DJ TROOPERS,高高度降下低高度開傘,0,,-,914,BIWA,北海道,1479,GHOST,北海道,1974,MUXXXX,北海道,0,,-
EMPRESS,3y3s,549,QZQX.Q,北海道,1464,BIWA,北海道,2513,N!?,北海道,3669,SRT,北海道,0,,-
EMPRESS,ALL I NEED YOUR LOVE,0,,-,1072,ALFORT,北海道,1619,QZQX.Q,北海道,2113,*WOOL*,北海道,0,,-
EMPRESS,ALL MY TURN -このターンに、オレの全てを賭ける-,0,,-,1033,SAFARI,北海道,1913,PERO,北海道,2572,MARIO$,北海道,0,,-
EMPRESS,Arabian Rave Night,0,,-,1274,PK,北海道,2195,IKEE,北海道,2954,*WOOL*,北海道,3671,MARIO$,北海道
EMPRESS,B4U(BEMANI FOR YOU MIX),0,,-,1184,QZQX.Q,北海道,2238,A,北海道,3594,SRT,北海道,4674,SRT,北海道
EMPRESS,Bahram Attack-猫叉Master Remix-,0,,-,1053,BIWA,北海道,1911,A,北海道,2614,*WOOL*,北海道,3265,PERO,北海道
EMPRESS,BITTER CHOCOLATE STRIKER,0,,-,1095,BIWA,北海道,2168,5*LEAF,北海道,3972,SRT,北海道,0,,-
EMPRESS,BRIDAL FESTIVAL !!!,0,,-,759,MUTSU,北海道,1422,QZQX.Q,北海道,2120,MAHINA,北海道,0,,-
EMPRESS,CaptivAte2～覚醒～,243,QZQX.Q,北海道,1061,PK,北海道,1762,MAHINA,北海道,2413,MARIO$,北海道,0,,-
EMPRESS,Colorful Cookie,668,PRIMO,北海道,1126,.IXION,北海道,2270,MAHINA,北海道,3533,SRT,北海道,0,,-
EMPRESS,Cyber Force -DJ Yoshitaka Remix-,0,,-,1070,BIWA,北海道,1787,XENO.K,北海道,2510,MAI.K,北海道,0,,-
EMPRESS,Flash Back 90's,0,,-,912,QZQX.Q,北海道,1894,MAHINA,北海道,2324,OMEN,北海道,2878,*WOOL*,北海道
EMPRESS,Fly Above,0,,-,953,BIWA,北海道,1596,BIWA,北海道,2032,PERO,北海道,0,,-
EMPRESS,Go Beyond!!,545,ELAINA,北海道,1056,BIWA,北海道,1711,MAHINA,北海道,2288,SRT,北海道,0,,-
EMPRESS,HYPERION,0,,-,1126,ALIKA,北海道,2010,XENO.K,北海道,2713,RIME,北海道,0,,-
EMPRESS,I'm Screaming LOVE,0,,-,610,IIDX33,北海道,1266,ORIHA,北海道,1698,*WOOL*,北海道,0,,-
EMPRESS,Jack,0,,-,898,PK,北海道,1397,XENTZ,北海道,2161,CERA.,北海道,0,,-
EMPRESS,Just a Little Smile,0,,-,804,BIWA,北海道,1299,BIWA,北海道,2478,MARIO$,北海道,0,,-
EMPRESS,Kung-fu Empire,0,,-,1490,BIWA,北海道,2616,N!?,北海道,3247,PERO,北海道,3944,SRT,北海道
EMPRESS,Marie Antoinette,0,,-,1051,K.,北海道,2009,N!?,北海道,2569,MO-2.,北海道,3220,SRT,北海道
EMPRESS,Mind Mapping,507,QZQX.Q,北海道,867,ELAINA,北海道,1227,BIWA,北海道,1816,MAHINA,北海道,2241,CERA.,北海道
EMPRESS,Monkey Dance '09,0,,-,859,ELAINA,北海道,1696,-MJKK-,北海道,2262,*WOOL*,北海道,0,,-
EMPRESS,naughty girl@Queen's Palace,0,,-,849,LAURIE,北海道,1623,5*LEAF,北海道,2149,SRT,北海道,2664,SRT,北海道
EMPRESS,neogenesis,0,,-,989,BIWA,北海道,1316,GHOST,北海道,1710,N!?,北海道,2321,AFICYW,北海道
EMPRESS,NΦ CRIME,289,QZQX.Q,北海道,813,ELAINA,北海道,1427,YUK1-S,北海道,1897,BISKE,北海道,2413,PERO,北海道
EMPRESS,Programmed World,0,,-,937,PK,北海道,1808,N!?,北海道,2305,*WOOL*,北海道,0,,-
EMPRESS,Punch Love 仮面,0,,-,1117,BIWA,北海道,1599,QZQX.Q,北海道,2530,SRT,北海道,3262,SRT,北海道
EMPRESS,Queen's Tragedy,0,,-,838,ELAINA,北海道,1723,N!?,北海道,2225,MO-2.,北海道,0,,-
EMPRESS,Secrets,0,,-,1260,ALIKA,北海道,2311,XENO.K,北海道,3169,CERA.,北海道,4182,SRT,北海道
EMPRESS,smooooch・∀・,388,QZQX.Q,北海道,826,BIWA,北海道,1628,5*LEAF,北海道,2154,MO-2.,北海道,2850,SRT,北海道
EMPRESS,SOLITON BEAM,0,,-,1386,QZQX.Q,北海道,2065,MINE*,北海道,2349,*WOOL*,北海道,0,,-
EMPRESS,THANK YOU FOR PLAYING,0,,-,808,IIDX33,北海道,1601,XENO.K,北海道,2114,PERO,北海道,2963,MO-2.,北海道
EMPRESS,THE SHINING POLARIS(kors k mix),0,,-,1280,IIDX33,北海道,2115,N!?,北海道,3239,PERO,北海道,0,,-
EMPRESS,thunder HOUSE NATION Remix,0,,-,1058,BIWA,北海道,1505,SHINJI,北海道,2461,MAHINA,北海道,3905,SRT,北海道
EMPRESS,Turii ～Panta rhei～,369,ELAINA,北海道,883,ELAINA,北海道,2089,N!?,北海道,2680,OMEN,北海道,0,,-
EMPRESS,V2,783,GHOST,北海道,1434,LAURIE,北海道,3112,MAHINA,北海道,3612,SRT,北海道,0,,-
EMPRESS,Y&Co. is dead or alive,0,,-,1099,ALIKA,北海道,1684,NZ,北海道,2804,CERA.,北海道,0,,-
EMPRESS,"You'll say ""Now!""",0,,-,1208,PK,北海道,1790,KMSR,北海道,2509,OMEN,北海道,0,,-
EMPRESS,まほろば,0,,-,786,QZQX.Q,北海道,1420,SAFARI,北海道,2039,MUXXXX,北海道,0,,-
EMPRESS,ハリツヤランデヴー,0,,-,938,PK,北海道,2141,N!?,北海道,2481,BISKE,北海道,0,,-
EMPRESS,ミッドナイト堕天使,0,,-,992,ALIKA,北海道,1535,O884,北海道,2776,*WOOL*,北海道,0,,-
EMPRESS,不沈艦CANDY,603,QZQX.Q,北海道,1166,BIWA,北海道,1911,XENO.K,北海道,3342,SRT,北海道,0,,-
EMPRESS,凛として咲く花の如く,391,ELAINA,北海道,1321,IIDX33,北海道,2138,17.CCC,北海道,2791,SRT,北海道,3186,SRT,北海道
EMPRESS,卑弥呼,0,,-,1205,99F,北海道,2731,AFICYW,北海道,4109,SRT,北海道,0,,-
EMPRESS,天空脳番長危機十六連打,0,,-,1014,IIDX33,北海道,2086,PK,北海道,2584,CERA.,北海道,0,,-
EMPRESS,山岡晃の「クイズ！家事都合！」,0,,-,666,ELAINA,北海道,1337,AKAJIN,北海道,2040,RIME,北海道,0,,-
EMPRESS,翼,0,,-,881,ELAINA,北海道,1473,DELUX*,北海道,1971,BISKE,北海道,2504,MAHINA,北海道
EMPRESS,鉄甲乙女-under the steel-,0,,-,940,ELAINA,北海道,1563,GHOST,北海道,2183,MARIO$,北海道,0,,-
SIRIUS,AIR RAID FROM THA UNDAGROUND,538,QZQX.Q,北海道,1169,IIDX33,北海道,1859,TSURRR,北海道,2345,SRT,北海道,3002,OMEN,北海道
SIRIUS,Almagest,0,,-,1018,PK,北海道,2196,MAHINA,北海道,3208,OMEN,北海道,0,,-
SIRIUS,Bad Maniacs,0,,-,1291,PK,北海道,1884,MAHINA,北海道,3281,SRT,北海道,0,,-
SIRIUS,bass 2 bass,279,GHOST,北海道,732,IIDX33,北海道,1274,MAHINA,北海道,1934,SRT,北海道,0,,-
SIRIUS,beatchic☆仮面～好き、でいさせて～,0,,-,997,ELAINA,北海道,1616,IIDX33,北海道,2017,MAHINA,北海道,0,,-
SIRIUS,BEAUTIFUL ANGEL,0,,-,634,QZQX.Q,北海道,1835,N!?,北海道,2479,MAHINA,北海道,0,,-
SIRIUS,being torn the sky,0,,-,659,ELAINA,北海道,1186,SAT,北海道,1989,SRT,北海道,0,,-
SIRIUS,bloomin' feeling,392,QZQX.Q,北海道,1271,BIWA,北海道,1956,MAHINA,北海道,2615,OMEN,北海道,0,,-
SIRIUS,CaptivAte～裁き～(SUBLIME TECHNO MIX),0,,-,1024,PK,北海道,1615,VXA,北海道,2446,RIME,北海道,0,,-
SIRIUS,D,0,,-,1373,99F,北海道,1896,YUK1-S,北海道,2559,KIPFEL,北海道,0,,-
SIRIUS,DAWN -THE NEXT ENDEAVOUR-,0,,-,1619,BIWA,北海道,2632,5*LEAF,北海道,3141,PERO,北海道,0,,-
SIRIUS,Dazzlin' Darlin-秋葉工房mix-,0,,-,795,ELAINA,北海道,1455,A,北海道,2095,PERO,北海道,0,,-
SIRIUS,DESIRE,0,,-,935,ELAINA,北海道,1943,MINE*,北海道,2864,OMEN,北海道,0,,-
SIRIUS,Do Back Burn,0,,-,700,PK,北海道,1402,REVIN,北海道,2149,SRT,北海道,0,,-
SIRIUS,DOMINION,0,,-,1247,IIDX33,北海道,2344,MAHINA,北海道,3261,SRT,北海道,0,,-
SIRIUS,DROP,0,,-,846,ELAINA,北海道,2071,XENO.K,北海道,2644,SRT,北海道,0,,-
SIRIUS,Elisha,428,ELAINA,北海道,906,BIWA,北海道,1501,N!?,北海道,2292,SRT,北海道,0,,-
SIRIUS,Empire State Glory,0,,-,1113,BIWA,北海道,1772,NA4RO-,北海道,2634,MARIO$,北海道,0,,-
SIRIUS,eRAseRmOToRpHAntOM,0,,-,1508,5.,北海道,2447,TAKE**,北海道,3351,SRT,北海道,0,,-
SIRIUS,Evans,603,ELAINA,北海道,1248,IIDX33,北海道,2196,MO-2.,北海道,2808,PERO,北海道,0,,-
SIRIUS,EXUSIA,0,,-,1217,BIWA,北海道,2655,ABEEEE,北海道,3886,SRT,北海道,0,,-
SIRIUS,G59,0,,-,1771,PK,北海道,2302,LIA.,北海道,3964,SRT,北海道,0,,-
SIRIUS,GALGALIM,0,,-,1400,D.D.D.,北海道,2011,MAHINA,北海道,2372,*WOOL*,北海道,0,,-
SIRIUS,GOLDEN CROSS,0,,-,1086,LAURIE,北海道,2038,RABBIT,北海道,3481,MO-2.,北海道,0,,-
SIRIUS,Hydrogen Blueback,0,,-,1015,LAURIE,北海道,1679,17.CCC,北海道,2305,CERA.,北海道,2463,SRT,北海道
SIRIUS,IN THE NAME OF LOVE,539,IIDX33,北海道,749,ELAINA,北海道,1359,ALIKA,北海道,1936,KOJI,北海道,0,,-
SIRIUS,Keep it-秋葉工房mix-,0,,-,1022,ALIKA,北海道,1704,MAHINA,北海道,1862,MAHINA,北海道,0,,-
SIRIUS,Last Burning,0,,-,863,LAURIE,北海道,1613,YUK1-S,北海道,2374,KOJI,北海道,0,,-
SIRIUS,Light Shine,0,,-,812,PK,北海道,1103,QZQX.Q,北海道,1972,SRT,北海道,0,,-
SIRIUS,MIRACLE MEETS,0,,-,909,ELAINA,北海道,1544,Y-SHI,北海道,2248,SRT,北海道,0,,-
SIRIUS,mosaic,0,,-,1485,PK,北海道,2061,MAHINA,北海道,3015,SRT,北海道,0,,-
SIRIUS,NEW SENSATION -もう、あなたしか見えない-,0,,-,1266,IIDX33,北海道,2064,MAHINA,北海道,2692,PERO,北海道,0,,-
SIRIUS,NoN-Fiction Story!,0,,-,714,SAFARI,北海道,1388,YUK1-S,北海道,2212,*WOOL*,北海道,0,,-
SIRIUS,Programmed Sun,0,,-,1086,BIWA,北海道,1776,XENO.K,北海道,2579,AFICYW,北海道,0,,-
SIRIUS,quell～the seventh slave～,0,,-,964,BIWA,北海道,1760,MINE*,北海道,3218,OMEN,北海道,0,,-
SIRIUS,Raison d'etre～交差する宿命～,0,,-,1209,BIWA,北海道,2311,MAHINA,北海道,2743,PERO,北海道,4802,SRT,北海道
SIRIUS,Red. by Full Metal Jacket,0,,-,1019,BIWA,北海道,2076,MUXXXX,北海道,3156,KIII,北海道,0,,-
SIRIUS,Roots of my way!,0,,-,878,IIDX33,北海道,1309,BIWA,北海道,2040,MUXXXX,北海道,0,,-
SIRIUS,Session 1 -Genesis-,0,,-,903,QZQX.Q,北海道,1560,XENO.K,北海道,2437,9MARY0,北海道,0,,-
SIRIUS,She is my wife,408,PKA,北海道,696,PK,北海道,1469,XENO.K,北海道,1971,MAHINA,北海道,0,,-
SIRIUS,SOLID STATE SQUAD,0,,-,1044,ALIKA,北海道,2242,RYUYA,北海道,3594,SRT,北海道,3690,SRT,北海道
SIRIUS,Sorrows,0,,-,806,PK,北海道,1662,BIWA,北海道,2474,PERO,北海道,0,,-
SIRIUS,Special One,0,,-,845,ALIKA,北海道,1215,MAHINA,北海道,1771,MO-2.,北海道,0,,-
SIRIUS,THE LAST STRIKER,0,,-,1408,ALIKA,北海道,1842,MOMIJI,北海道,2601,RIME,北海道,0,,-
SIRIUS,The Story Begins,0,,-,841,ELAINA,北海道,1730,AKAJIN,北海道,2421,MAHINA,北海道,0,,-
SIRIUS,かずあそび,0,,-,517,ELAINA,北海道,1187,SAFARI,北海道,1694,CERA.,北海道,0,,-
SIRIUS,たからもの,0,,-,1282,ALIKA,北海道,1788,SNCHAN,北海道,2240,*WOOL*,北海道,3567,PERO,北海道
SIRIUS,コスモス,0,,-,902,PK,北海道,1493,IIDX33,北海道,2095,MAHINA,北海道,0,,-
SIRIUS,サヨナラ・ヘヴン,367,GHOST,北海道,932,IIDX33,北海道,1394,N!?,北海道,1680,LIZ,北海道,2168,CERA.,北海道
SIRIUS,バビロニア,0,,-,822,PK,北海道,1359,SAFARI,北海道,1870,MAHINA,北海道,0,,-
SIRIUS,ワルツ第17番 ト短調”大犬のワルツ”,0,,-,1213,GHOST,北海道,2261,MAHINA,北海道,3253,CERA.,北海道,0,,-
SIRIUS,未来のプリズム,0,,-,687,ELAINA,北海道,1354,SAFARI,北海道,1777,MAHINA,北海道,0,,-
SIRIUS,"水上の提督(Short mix from ""幻想水滸伝V"")",0,,-,700,BIWA,北海道,1645,17.CCC,北海道,2115,SRT,北海道,0,,-
Resort Anthem,Aegis,0,,-,874,LAURIE,北海道,1350,AGRES,北海道,2341,9MARY0,北海道,0,,-
Resort Anthem,ALBIDA,528,GHOST,北海道,1104,ALIKA,北海道,1990,MAHINA,北海道,3030,SRT,北海道,0,,-
Resort Anthem,Answer,0,,-,778,SAFARI,北海道,1461,BIWA,北海道,2420,MAHINA,北海道,0,,-
Resort Anthem,ANTHEM LANDING,0,,-,966,MAHINA,北海道,1964,MAHINA,北海道,2961,CERA.,北海道,0,,-
Resort Anthem,Believe In Me,0,,-,1050,ALIKA,北海道,1808,ALIKA,北海道,2399,OMEN,北海道,0,,-
Resort Anthem,BLUST OF WIND,0,,-,834,BIWA,北海道,1608,MAHINA,北海道,2120,MAHINA,北海道,2646,SRT,北海道
Resort Anthem,Bounce Bounce Bounce,0,,-,1089,BIWA,北海道,1635,XENO.K,北海道,2487,SRT,北海道,0,,-
Resort Anthem,Breaking the ground,0,,-,1175,QZQX.Q,北海道,1777,SAI.,北海道,2523,*WOOL*,北海道,0,,-
Resort Anthem,Broken,0,,-,1077,BIWA,北海道,2049,MUXXXX,北海道,3191,SRT,北海道,0,,-
Resort Anthem,BROKEN EDEN,0,,-,1043,QZQX.Q,北海道,1807,MAHINA,北海道,2330,MARIO$,北海道,0,,-
Resort Anthem,Dances with Snow Fairies,0,,-,1424,ALIKA,北海道,2300,MUXXXX,北海道,3217,SRT,北海道,4153,SRT,北海道
Resort Anthem,DAYDREAMER,0,,-,1179,IIDX33,北海道,1747,BIWA,北海道,2524,MAHINA,北海道,0,,-
Resort Anthem,Destiny Sword,0,,-,888,BIWA,北海道,1829,N!?,北海道,2391,OMEN,北海道,0,,-
Resort Anthem,DM STAR～関西 energy style～,0,,-,1083,QZQX.Q,北海道,1889,XENO.K,北海道,2400,MUXXXX,北海道,0,,-
Resort Anthem,Energy Drive,0,,-,882,ALIKA,北海道,1468,5*LEAF,北海道,2239,SRT,北海道,0,,-
Resort Anthem,Eternal Tears,0,,-,434,QZQX.Q,北海道,1075,SLEK,北海道,1372,SA-MON,北海道,0,,-
Resort Anthem,Everlasting Resort,0,,-,883,BIWA,北海道,1272,QZQX.Q,北海道,1905,CERA.,北海道,0,,-
Resort Anthem,Fantasia,243,IIDX33,北海道,399,BIWA,北海道,1534,MINE*,北海道,2242,*WOOL*,北海道,0,,-
Resort Anthem,Golden Palms,0,,-,735,ELAINA,北海道,1500,N!?,北海道,2049,CERA.,北海道,2453,SRT,北海道
Resort Anthem,I FIGHT ME,0,,-,626,ELAINA,北海道,1431,MAHINA,北海道,2135,MAHINA,北海道,0,,-
Resort Anthem,Kailua,0,,-,532,IIDX33,北海道,1370,OMLT,北海道,2242,SRT,北海道,0,,-
Resort Anthem,Let The Track Flow,0,,-,1122,ALIKA,北海道,1760,XENO.K,北海道,2715,SRT,北海道,0,,-
Resort Anthem,Medicine of love,0,,-,656,IIDX33,北海道,1101,BIWA,北海道,1730,LIZ,北海道,2538,MARIO$,北海道
Resort Anthem,Mermaid girl,584,BIWA,北海道,984,ALIKA,北海道,1697,MAHINA,北海道,2213,*WOOL*,北海道,0,,-
Resort Anthem,Never Fade Away,0,,-,786,BIWA,北海道,1697,A,北海道,3041,PERO,北海道,0,,-
Resort Anthem,New Castle Legions,0,,-,966,BIWA,北海道,1921,LIA.,北海道,2791,CERA.,北海道,0,,-
Resort Anthem,PARADISE LOST,0,,-,1392,BIWA,北海道,2351,MAI.K,北海道,3391,SRT,北海道,0,,-
Resort Anthem,passionate fate,0,,-,1157,ALIKA,北海道,1607,ALIKA,北海道,2123,MAHINA,北海道,0,,-
Resort Anthem,perditus†paradisus,0,,-,1251,BIWA,北海道,2439,MAHINA,北海道,3971,OMEN,北海道,0,,-
Resort Anthem,Programmed Life,0,,-,1098,BIWA,北海道,1731,XENO.K,北海道,2353,*WOOL*,北海道,0,,-
Resort Anthem,reunion,557,ELAINA,北海道,1363,M.M-S,北海道,2420,MAHINA,北海道,3305,SRT,北海道,0,,-
Resort Anthem,Rock Da House,0,,-,880,ELAINA,北海道,1622,TAGY,北海道,2234,*WOOL*,北海道,0,,-
Resort Anthem,SABER WING,0,,-,543,BIWA,北海道,1890,N!?,北海道,2817,*WOOL*,北海道,0,,-
Resort Anthem,Sakura Reflection,0,,-,483,ELAINA,北海道,1590,XENO.K,北海道,2377,SRT,北海道,0,,-
Resort Anthem,sakura storm,0,,-,1043,BIWA,北海道,1348,MAHINA,北海道,2422,PERO,北海道,0,,-
Resort Anthem,Session 9 -Chronicles-,0,,-,761,ELAINA,北海道,2425,MAHINA,北海道,3647,CERA.,北海道,0,,-
Resort Anthem,Space Time,0,,-,629,ELAINA,北海道,1587,YAMATO,北海道,2200,OMEN,北海道,0,,-
Resort Anthem,SPECIAL SUMMER CAMPAIGN!,0,,-,711,ELAINA,北海道,1582,A,北海道,2973,MAHINA,北海道,0,,-
Resort Anthem,Stay my side,0,,-,645,ELAINA,北海道,1070,ALIKA,北海道,1350,LIZ,北海道,0,,-
Resort Anthem,STELLAR WIND,381,GHOST,北海道,619,ELAINA,北海道,1915,N!?,北海道,2657,MAI.K,北海道,0,,-
Resort Anthem,THE BLACK KNIGHT,0,,-,912,BIWA,北海道,2086,N!?,北海道,2966,SRT,北海道,4572,SRT,北海道
Resort Anthem,THE DOOR INTO RAINBOW,0,,-,804,QZQX.Q,北海道,1673,MINE*,北海道,2200,OMEN,北海道,0,,-
Resort Anthem,THE FALLEN,0,,-,912,BIWA,北海道,1545,MAHINA,北海道,2711,PERO,北海道,0,,-
Resort Anthem,Tropical April,0,,-,1621,5*LEAF,北海道,2310,MAHINA,北海道,2753,PERO,北海道,0,,-
Resort Anthem,Vermillion,0,,-,539,ELAINA,北海道,1148,SAFARI,北海道,2057,KOJI,北海道,0,,-
Resort Anthem,Watch Out Pt.2,0,,-,1140,BIWA,北海道,2007,MUXXXX,北海道,2925,SRT,北海道,0,,-
Resort Anthem,WISE UP!,337,LE.NOA,北海道,483,ELAINA,北海道,1154,MINE*,北海道,1592,PERO,北海道,2629,SRT,北海道
Resort Anthem,Wuv U,0,,-,414,BIWA,北海道,1280,MINE*,北海道,1715,MARIO$,北海道,0,,-
Resort Anthem,XANADU OF TWO,0,,-,989,BIWA,北海道,1719,.IXION,北海道,2758,*WOOL*,北海道,3446,SRT,北海道
Resort Anthem,ZETA～素数の世界と超越者～,321,9ROKA.,北海道,604,ELAINA,北海道,2060,XENO.K,北海道,3125,PERO,北海道,0,,-
Resort Anthem,おおきなこえで,0,,-,460,ELAINA,北海道,981,BIWA,北海道,1494,MAHINA,北海道,2174,SRT,北海道
Resort Anthem,かげぬい ～ Ver.BENIBOTAN ～,521,QZQX.Q,北海道,887,ELAINA,北海道,1314,QZQX.Q,北海道,1883,ROOMBA,北海道,0,,-
Resort Anthem,中華急行,0,,-,325,ELAINA,北海道,1535,MAHINA,北海道,2329,PERO,北海道,0,,-
Resort Anthem,夕焼け ～Fading Day～,0,,-,986,BIWA,北海道,2029,VXA,北海道,2810,PERO,北海道,0,,-
Resort Anthem,旅人リラン,0,,-,1138,BIWA,北海道,1915,17.CCC,北海道,2680,SRT,北海道,0,,-
Resort Anthem,灼熱Beach Side Bunny,588,ELAINA,北海道,1096,QZQX.Q,北海道,1996,N!?,北海道,3182,OMEN,北海道,0,,-
Resort Anthem,黒髪乱れし修羅となりて,0,,-,799,ELAINA,北海道,2122,MUXXXX,北海道,3450,PERO,北海道,0,,-
Lincle,24th Century BOY,0,,-,854,ELAINA,北海道,1835,CMG,北海道,2893,SRT,北海道,0,,-
Lincle,532nm,0,,-,573,IIDX33,北海道,1201,TAKONI,北海道,2673,OMEN,北海道,0,,-
Lincle,A MINSTREL ～ ver. short-scape ～,0,,-,678,ELAINA,北海道,1455,N!?,北海道,2363,EZOACE,北海道,3902,SRT,北海道
Lincle,Almace,0,,-,850,SHIRON,北海道,1286,QZQX.Q,北海道,2020,SRT,北海道,0,,-
Lincle,ANAGRAMS I to Y,0,,-,899,GHOST,北海道,1659,QZQX.Q,北海道,2480,MAHINA,北海道,0,,-
Lincle,BLACK.by X-Cross Fade,0,,-,1017,ELAINA,北海道,2190,*WOOL*,北海道,3439,SRT,北海道,0,,-
Lincle,CALL,0,,-,366,QZQX.Q,北海道,830,R-TN,北海道,1454,MAHINA,北海道,2733,SRT,北海道
Lincle,Castle on the Moon,242,IIDX33,北海道,649,IIDX33,北海道,1598,XENO.K,北海道,2428,CERA.,北海道,0,,-
Lincle,Change the World,0,,-,816,ELAINA,北海道,1365,QZQX.Q,北海道,1832,MAHINA,北海道,0,,-
Lincle,DIAVOLO,0,,-,1286,PRIMO,北海道,1923,MAHINA,北海道,3266,OMEN,北海道,0,,-
Lincle,Drive Me Crazy,0,,-,719,ELAINA,北海道,1378,A,北海道,2304,MAHINA,北海道,0,,-
Lincle,Express Emotion,0,,-,761,ELAINA,北海道,1028,LAURIE,北海道,2522,9MARY0,北海道,0,,-
Lincle,F,0,,-,1045,ELAINA,北海道,2175,MUXXXX,北海道,3583,OMEN,北海道,0,,-
Lincle,Far east nightbird,354,GHOST,北海道,528,QZQX.Q,北海道,1311,.IXION,北海道,2026,MAHINA,北海道,0,,-
Lincle,fffff,0,,-,831,ELAINA,北海道,2074,17.CCC,北海道,3169,OMEN,北海道,0,,-
Lincle,Flip Flap,279,QZQX.Q,北海道,584,ELAINA,北海道,1360,1-GAYA,北海道,2250,N!?,北海道,0,,-
Lincle,Follow Tomorrow,0,,-,886,ELAINA,北海道,1461,A,北海道,2256,MAHINA,北海道,0,,-
Lincle,GIGANT,0,,-,580,ELAINA,北海道,1173,17.CCC,北海道,1758,MAHINA,北海道,2958,SRT,北海道
Lincle,HAERETICUS,0,,-,863,ALIKA,北海道,1881,SMOPPI,北海道,3047,9MARY0,北海道,0,,-
Lincle,I'm so Happy,314,QZQX.Q,北海道,415,ELAINA,北海道,1373,AKAJIN,北海道,2353,PERO,北海道,0,,-
Lincle,In the Blackest Den,0,,-,868,ELAINA,北海道,1562,MAHINA,北海道,2608,OMEN,北海道,0,,-
Lincle,Infinite cave,0,,-,1003,D.D.D.,北海道,1560,N!?,北海道,2033,MAHINA,北海道,0,,-
Lincle,KYAMISAMA ONEGAI!,0,,-,685,*BLUE*,北海道,1133,TAGY,北海道,2092,MAHINA,北海道,3092,MARIO$,北海道
Lincle,LAX5 feat.Ryota Yoshinari,0,,-,1062,ALIKA,北海道,2083,AGO,北海道,2840,PERO,北海道,0,,-
Lincle,LETHEBOLG ～双神威に斬り咲けり～,0,,-,1011,ELAINA,北海道,1599,ALIKA,北海道,2213,PERO,北海道,0,,-
Lincle,Liquid Crystal Girl feat. echo,0,,-,408,QZQX.Q,北海道,1078,RINKU,北海道,2018,MAHINA,北海道,0,,-
Lincle,LOVE B.B.B,0,,-,778,ELAINA,北海道,1485,AKAJIN,北海道,2029,OMEN,北海道,0,,-
Lincle,Lucky Days,0,,-,629,T2R588,北海道,1471,A,北海道,2182,*WOOL*,北海道,0,,-
Lincle,Mermaid girl-秋葉工房 MIX-,0,,-,823,IIDX33,北海道,1327,ALIKA,北海道,2056,*WOOL*,北海道,0,,-
Lincle,Miami Sunset Drive,0,,-,640,ELAINA,北海道,1046,QZQX.Q,北海道,1672,KOJI,北海道,0,,-
Lincle,NNRT,0,,-,1247,ALIKA,北海道,2430,TREMI,北海道,3550,SRT,北海道,0,,-
Lincle,Phoenix,0,,-,892,LAURIE,北海道,1206,TAGY,北海道,2476,MAHINA,北海道,3914,MO-2.,北海道
Lincle,prompt,0,,-,948,ELAINA,北海道,1597,MAHINA,北海道,2803,PERO,北海道,0,,-
Lincle,QUANTUM TELEPORTATION,0,,-,1362,GHOST,北海道,2383,N!?,北海道,2942,*WOOL*,北海道,3660,SRT,北海道
Lincle,quaver♪,290,ELAINA,北海道,709,IIDX33,北海道,2143,MAHINA,北海道,3466,OMEN,北海道,0,,-
Lincle,Quick Silver,0,,-,775,ELAINA,北海道,1797,A,北海道,2662,KOJI,北海道,0,,-
Lincle,Release The Music,0,,-,843,SAFARI,北海道,1402,A,北海道,2125,N!?,北海道,0,,-
Lincle,RESISTANCE,0,,-,629,ELAINA,北海道,1309,SNCHAN,北海道,2374,MAHINA,北海道,0,,-
Lincle,Round and Round,0,,-,793,ELAINA,北海道,1210,ALIKA,北海道,2157,SRT,北海道,0,,-
Lincle,SA.YO.NA.RA. SUPER STAR,0,,-,489,ELAINA,北海道,1242,TAGY,北海道,1650,RIME,北海道,0,,-
Lincle,Scharfrichter,0,,-,888,ELAINA,北海道,1601,XENTZ,北海道,2933,SRT,北海道,0,,-
Lincle,Several Words,0,,-,431,LOTUS*,北海道,1443,ALIKA,北海道,2178,MAHINA,北海道,0,,-
Lincle,SHADE,0,,-,1082,ALIKA,北海道,2038,RYUYA,北海道,2916,OMEN,北海道,0,,-
Lincle,Snake Stick,0,,-,1035,LAURIE,北海道,2058,N!?,北海道,2718,OMEN,北海道,0,,-
Lincle,Snow Goose,302,ELAINA,北海道,375,ELAINA,北海道,1360,MAHINA,北海道,2436,MARIO$,北海道,0,,-
Lincle,Star Trail,0,,-,637,LAURIE,北海道,1138,RINKU,北海道,1863,MAHINA,北海道,2633,SRT,北海道
Lincle,The Limbo,0,,-,1168,ELAINA,北海道,2041,MAHINA,北海道,3376,SRT,北海道,4338,OMEN,北海道
Lincle,The Sampling Paradise,0,,-,855,ELAINA,北海道,1865,MUXXXX,北海道,3019,OMEN,北海道,0,,-
Lincle,Thunderbolt,0,,-,1023,K.,北海道,1938,N!?,北海道,3814,SRT,北海道,0,,-
Lincle,TITANS RETURN,321,9ROKA.,北海道,629,SAFARI,北海道,1508,AKAJIN,北海道,2454,*WOOL*,北海道,2650,SRT,北海道
Lincle,Todestrieb,0,,-,1103,ELAINA,北海道,1953,N!?,北海道,3458,OMEN,北海道,0,,-
Lincle,Voxane,0,,-,617,ELAINA,北海道,1210,A,北海道,1756,MAHINA,北海道,0,,-
Lincle,WONDER WALKER,0,,-,981,ALIKA,北海道,1923,XENO.K,北海道,3802,PERO,北海道,0,,-
Lincle,YAKSHA,0,,-,1241,BIWA,北海道,2235,XENO.K,北海道,3917,CERA.,北海道,0,,-
Lincle,yellow head joe,0,,-,775,VIENNT,北海道,1546,N!?,北海道,2281,MARIO$,北海道,3143,PERO,北海道
Lincle,Yellow Sunrise,0,,-,737,SHIRON,北海道,1416,A,北海道,2273,*WOOL*,北海道,0,,-
Lincle,ビューティフルレシート,340,ELAINA,北海道,516,ELAINA,北海道,1194,AKAJIN,北海道,1933,MARIO$,北海道,0,,-
Lincle,ユミル,0,,-,654,QZQX.Q,北海道,1367,ALIKA,北海道,2857,CERA.,北海道,0,,-
Lincle,君のハートにロックオン,0,,-,703,ELAINA,北海道,1676,XENO.K,北海道,2682,PERO,北海道,3532,SRT,北海道
Lincle,天空の夜明け,0,,-,1320,QZQX.Q,北海道,2126,MUXXXX,北海道,4073,SRT,北海道,0,,-
Lincle,子供の落書き帳,0,,-,917,ALIKA,北海道,1902,MUXXXX,北海道,2663,SRT,北海道,0,,-
Lincle,恋する☆宇宙戦争っ！！,510,ELAINA,北海道,898,ELAINA,北海道,1755,MAHINA,北海道,3609,OMEN,北海道,4676,OMEN,北海道
Lincle,突撃!ガラスのニーソ姫!,0,,-,654,ELAINA,北海道,1161,YUK1-S,北海道,2115,SRT,北海道,0,,-
Lincle,聖人の塔,0,,-,916,ELAINA,北海道,2029,UNESCO,北海道,3041,PERO,北海道,4413,SRT,北海道
Lincle,蛇神,418,ELAINA,北海道,728,ELAINA,北海道,1474,AKAJIN,北海道,2810,CERA.,北海道,3781,SRT,北海道
Lincle,衰色小町メランコリア,0,,-,793,SAFARI,北海道,1407,MAHINA,北海道,2375,SRT,北海道,0,,-
Lincle,陽炎,0,,-,631,SAFARI,北海道,1180,ALIKA,北海道,2006,BISKE,北海道,0,,-
tricoro,405nm (Ryu☆mix),0,,-,921,ELAINA,北海道,1749,MINE*,北海道,2586,PERO,北海道,0,,-
tricoro,8bit Princess,0,,-,652,IIDX33,北海道,1365,ALIKA,北海道,2631,SRT,北海道,0,,-
tricoro,Ascalon,0,,-,1132,BIWA,北海道,1732,BIWA,北海道,2316,MAHINA,北海道,0,,-
tricoro,Beastie Starter,0,,-,541,MAHINA,北海道,1304,MAHINA,北海道,2176,SRT,北海道,0,,-
tricoro,BLUE STRAGGLER,0,,-,842,K.,北海道,1418,GHOST,北海道,2562,RIME,北海道,0,,-
tricoro,BRAVE GLOW,0,,-,810,ELAINA,北海道,1694,MINE*,北海道,2492,*WOOL*,北海道,0,,-
tricoro,CONCEPTUAL,0,,-,809,ELAINA,北海道,1323,QZQX.Q,北海道,2722,MO-2.,北海道,0,,-
tricoro,Confiserie,0,,-,957,BIWA,北海道,2122,MAHINA,北海道,3606,SRT,北海道,0,,-
tricoro,connective,0,,-,390,QZQX.Q,北海道,1082,RINKU,北海道,1600,MAHINA,北海道,0,,-
tricoro,Cookie Bouquets,0,,-,874,ELAINA,北海道,2109,PK,北海道,3421,SRT,北海道,0,,-
tricoro,DAY DREAM,0,,-,556,ALIKA,北海道,1241,ALIKA,北海道,2032,CERA.,北海道,0,,-
tricoro,Devilz Staircase,0,,-,653,ELAINA,北海道,2175,IKA,北海道,3341,SRT,北海道,0,,-
tricoro,Elemental Creation,265,ELAINA,北海道,1481,ALIKA,北海道,2453,N!?,北海道,4229,SRT,北海道,0,,-
tricoro,examination leave,0,,-,1111,QZQX.Q,北海道,1920,MAHINA,北海道,3401,PERO,北海道,0,,-
tricoro,FLOWER,360,XENTZ,北海道,1102,BIWA,北海道,1793,5*LEAF,北海道,2884,PERO,北海道,0,,-
tricoro,Fly you to the star,0,,-,770,BIWA,北海道,1613,MAHINA,北海道,2270,*WOOL*,北海道,0,,-
tricoro,GAIA,0,,-,1030,ELAINA,北海道,2153,PK,北海道,3298,PERO,北海道,0,,-
tricoro,GRADIUS 2012,0,,-,915,IIDX33,北海道,1729,N!?,北海道,2725,*WOOL*,北海道,0,,-
tricoro,Hollywood Galaxy,0,,-,1103,BIWA,北海道,2049,MAHINA,北海道,2758,SRT,北海道,0,,-
tricoro,Howling,0,,-,520,ELAINA,北海道,1276,9ROKA.,北海道,2111,MAHINA,北海道,2654,MARIO$,北海道
tricoro,I know You know,0,,-,599,BIWA,北海道,1174,ALIKA,北海道,1880,MAHINA,北海道,0,,-
tricoro,ILIAS,0,,-,801,ALIKA,北海道,1252,QZQX.Q,北海道,2181,*WOOL*,北海道,0,,-
tricoro,Illegal Function Call,0,,-,992,ELAINA,北海道,1805,MAHINA,北海道,2661,CERA.,北海道,3879,OMEN,北海道
tricoro,In Heaven,0,,-,750,LAURIE,北海道,1454,AGO,北海道,2134,N!?,北海道,0,,-
tricoro,JOMANDA,255,QZQX.Q,北海道,1119,GHOST,北海道,2330,FUNYA*,北海道,3702,PERO,北海道,0,,-
tricoro,Liberation,0,,-,1492,IIDX33,北海道,2310,UNESCO,北海道,3800,SRT,北海道,0,,-
tricoro,Light and Cyber…,0,,-,1046,ELAINA,北海道,1989,XENO.K,北海道,3116,CERA.,北海道,0,,-
tricoro,Little Star,0,,-,984,ELAINA,北海道,1737,AGO,北海道,3199,SRT,北海道,0,,-
tricoro,LUV CAN SAVE U,0,,-,582,ELAINA,北海道,1420,MINE*,北海道,2127,MUXXXX,北海道,2795,PERO,北海道
tricoro,mnemoniq,0,,-,525,SUWA,北海道,919,QZQX.Q,北海道,1309,MAHINA,北海道,0,,-
tricoro,Neonlights,0,,-,648,LAURIE,北海道,1533,GHOST,北海道,2219,*WOOL*,北海道,0,,-
tricoro,neu,193,GHOST,北海道,991,BIWA,北海道,2142,17.CCC,北海道,3923,MO-2.,北海道,0,,-
tricoro,New Decade IIDX Edition,271,IIDX33,北海道,996,ELAINA,北海道,1978,MAHINA,北海道,3057,SRT,北海道,0,,-
tricoro,New Lights,0,,-,1045,ALIKA,北海道,1733,AGRES,北海道,2465,MAHINA,北海道,0,,-
tricoro,Plan 8,0,,-,1166,BIWA,北海道,2239,MAHINA,北海道,3269,SRT,北海道,0,,-
tricoro,planarian,0,,-,698,LAURIE,北海道,1706,N!?,北海道,2547,PERO,北海道,0,,-
tricoro,POINT ZERO,0,,-,719,K.,北海道,1280,ALIKA,北海道,2111,SRT,北海道,0,,-
tricoro,Präludium,0,,-,699,LAURIE,北海道,1343,MOQ-3,北海道,2284,*WOOL*,北海道,0,,-
tricoro,Proof of the existence,0,,-,1188,ALIKA,北海道,2066,UNESCO,北海道,3245,SRT,北海道,0,,-
tricoro,Rainbow after snow,0,,-,734,QZQX.Q,北海道,1478,YUK1-S,北海道,2173,PERO,北海道,0,,-
tricoro,Re:GENERATION,244,ELAINA,北海道,944,QZQX.Q,北海道,1520,A,北海道,2248,MUXXXX,北海道,0,,-
tricoro,Reflection Into the EDEN,0,,-,761,ELAINA,北海道,1447,MAHINA,北海道,2142,*WOOL*,北海道,0,,-
tricoro,rumrum triplets,0,,-,964,ELAINA,北海道,1968,UNESCO,北海道,3013,*WOOL*,北海道,0,,-
tricoro,S!ck,0,,-,908,ELAINA,北海道,1511,URUHA,北海道,2696,CERA.,北海道,0,,-
tricoro,Saturn,0,,-,1312,ALIKA,北海道,2049,MAHINA,北海道,2604,CERA.,北海道,3543,SRT,北海道
tricoro,Shining World,0,,-,1248,ALIKA,北海道,1590,ALIKA,北海道,1951,KOJI,北海道,0,,-
tricoro,SHION,0,,-,672,BIWA,北海道,1282,9ROKA.,北海道,2716,SRT,北海道,0,,-
tricoro,Sol Cosine Job 2,0,,-,1071,IIDX33,北海道,1678,GHOST,北海道,3153,CERA.,北海道,0,,-
tricoro,STULTI,0,,-,813,ALIKA,北海道,1674,MAHINA,北海道,2770,OMEN,北海道,0,,-
tricoro,SYNC-ANTHEM,0,,-,939,ELAINA,北海道,2500,MAHINA,北海道,3702,SRT,北海道,0,,-
tricoro,Synergy For Angels,0,,-,887,ELAINA,北海道,1639,QZQX.Q,北海道,2755,MO-2.,北海道,0,,-
tricoro,Take My Life,0,,-,964,ELAINA,北海道,1585,ALIKA,北海道,2936,PERO,北海道,0,,-
tricoro,Thor's Hammer,0,,-,971,BIWA,北海道,1839,MUXXXX,北海道,3118,SRT,北海道,0,,-
tricoro,Time To Empress,0,,-,924,BIWA,北海道,1944,MAHINA,北海道,2595,BISKE,北海道,3141,PERO,北海道
tricoro,Timepiece phase II,0,,-,1068,ALIKA,北海道,2220,MAHINA,北海道,3232,PERO,北海道,0,,-
tricoro,Timepiece phase II (CN Ver.),0,,-,939,NOZ,北海道,1898,MAHINA,北海道,3038,SRT,北海道,0,,-
tricoro,True Blue,0,,-,1087,ELAINA,北海道,2467,XENO.K,北海道,3769,SRT,北海道,0,,-
tricoro,Valanga,0,,-,1327,ALIKA,北海道,2222,MAHINA,北海道,3264,SRT,北海道,0,,-
tricoro,VALLIS-NERIA,270,GHOST,北海道,1182,BIWA,北海道,2075,WA!!,北海道,3000,SRT,北海道,0,,-
tricoro,VEGA,0,,-,1127,ELAINA,北海道,2013,BIWA,北海道,3139,9MARY0,北海道,0,,-
tricoro,ZED,0,,-,915,NOZ,北海道,1681,XENO.K,北海道,2772,MARIO$,北海道,3434,MARIO$,北海道
tricoro,Zirkfied,0,,-,1026,BIWA,北海道,1981,SENPAI,北海道,3915,SRT,北海道,0,,-
tricoro,ΕΛΠΙΣ,0,,-,1148,BIWA,北海道,2012,URUHA,北海道,3144,PERO,北海道,3591,CERA.,北海道
tricoro,†渚の小悪魔ラヴリィ～レイディオ†(IIDX EDIT),245,ELAINA,北海道,557,ELAINA,北海道,1627,PRIM,北海道,3609,OMEN,北海道,0,,-
tricoro,お米の美味しい炊き方、そしてお米を食べることによるその効果。,0,,-,881,QZQX.Q,北海道,1457,AAAAAA,北海道,2193,MAHINA,北海道,3741,OMEN,北海道
tricoro,たまゆら,0,,-,1178,AKAJIN,北海道,1881,MAHINA,北海道,2784,SRT,北海道,0,,-
tricoro,アストライアの双皿,0,,-,682,ELAINA,北海道,2051,XENO.K,北海道,3230,SRT,北海道,0,,-
tricoro,カジノファイヤーことみちゃん,0,,-,647,ELAINA,北海道,1434,MAHINA,北海道,2363,MO-2.,北海道,3339,SRT,北海道
tricoro,キャトられ恋はモ～モク,0,,-,1487,BIWA,北海道,2566,*RIO.*,北海道,3895,OMEN,北海道,0,,-
tricoro,シュレーディンガーの猫,0,,-,1135,ALIKA,北海道,2402,MAHINA,北海道,3401,OMEN,北海道,0,,-
tricoro,トリカゴノ鳳凰,0,,-,1132,QZQX.Q,北海道,2029,*YUKI.,北海道,3822,SRT,北海道,0,,-
tricoro,メイメツ、フラグメンツ,0,,-,644,ELAINA,北海道,1293,MINE*,北海道,1962,*WOOL*,北海道,0,,-
tricoro,ラキラキ,0,,-,654,IIDX33,北海道,1408,GHOST,北海道,1982,MO-2.,北海道,0,,-
tricoro,下弦の月,0,,-,932,BIWA,北海道,1457,17.CCC,北海道,1993,SRT,北海道,0,,-
tricoro,仮想空間の旅人たち,0,,-,1162,ALIKA,北海道,2148,DEMO29,北海道,2873,*WOOL*,北海道,3879,SRT,北海道
tricoro,創世ノート,0,,-,850,BIWA,北海道,1859,XENO.K,北海道,2996,MARIO$,北海道,0,,-
tricoro,即席！脳直★ミュージックシステム,0,,-,1026,ELAINA,北海道,2017,MAHINA,北海道,3559,PERO,北海道,0,,-
tricoro,朧,207,QZQX.Q,北海道,784,ELAINA,北海道,1469,.IXION,北海道,2112,*WOOL*,北海道,2547,SRT,北海道
tricoro,梅雪夜,0,,-,866,RIO,北海道,1515,N!?,北海道,2151,PERO,北海道,0,,-
tricoro,狂イ咲ケ焔ノ華,0,,-,1213,BIWA,北海道,2366,AINN,北海道,3684,SRT,北海道,0,,-
tricoro,音楽,0,,-,840,NOZ,北海道,1982,RIME,北海道,2816,CERA.,北海道,0,,-
tricoro,龍と少女とデコヒーレンス,0,,-,834,JOIN,北海道,1628,AKAJIN,北海道,2991,*WOOL*,北海道,3409,SRT,北海道
SPADA,Adularia,197,GEMINI,北海道,1060,ALIKA,北海道,1899,MAHINA,北海道,2878,OMEN,北海道,0,,-
SPADA,ALBA -黎明-,0,,-,652,ELAINA,北海道,1569,MAHINA,北海道,3250,SRT,北海道,3955,SRT,北海道
SPADA,Ancient Scapes,0,,-,1140,XENTZ,北海道,2071,MAHINA,北海道,3497,PERO,北海道,4317,OMEN,北海道
SPADA,ATHER,0,,-,994,QZQX.Q,北海道,1656,N!?,北海道,2809,9MARY0,北海道,3259,SRT,北海道
SPADA,BLUE DRAGON(雷龍RemixIIDX),0,,-,1454,GHOST,北海道,2200,IKA,北海道,3414,SRT,北海道,0,,-
SPADA,BRAINSTORM,0,,-,753,BIWA,北海道,1998,MAHINA,北海道,2781,MARIO$,北海道,0,,-
SPADA,BRAVE OUT,0,,-,1044,ALIKA,北海道,1543,N!?,北海道,2146,MAHINA,北海道,2770,MO-2.,北海道
SPADA,Claiomh Solais,0,,-,341,ELAINA,北海道,1382,SHIRON,北海道,2090,*WOOL*,北海道,0,,-
SPADA,Cleopatrysm,0,,-,810,TAGY,北海道,1413,XENO.K,北海道,2578,MO-2.,北海道,0,,-
SPADA,Close the World feat.a☆ru,0,,-,1140,BIWA,北海道,2125,MAHINA,北海道,3429,MO-2.,北海道,3898,OMEN,北海道
SPADA,Critical Crystal,221,QZQX.Q,北海道,1071,K.,北海道,1788,PRIMO,北海道,2971,SRT,北海道,0,,-
SPADA,DARK LEGACY,0,,-,1286,D.D.D.,北海道,2076,LIA.,北海道,3620,SRT,北海道,0,,-
SPADA,Devilz Sacrifice -贖罪の羊-,0,,-,966,AFICYW,北海道,1759,XENO.K,北海道,2475,PERO,北海道,0,,-
SPADA,diagram,0,,-,625,ELAINA,北海道,1254,QZQX.Q,北海道,2865,MARIO$,北海道,0,,-
SPADA,Elektrick U-Phoria,0,,-,1164,BIWA,北海道,1987,N!?,北海道,3107,OMEN,北海道,4050,OMEN,北海道
SPADA,Element of SPADA,0,,-,704,ELAINA,北海道,1348,YUK1-S,北海道,2080,MAHINA,北海道,3113,PERO,北海道
SPADA,Engraved Mark,0,,-,802,ELAINA,北海道,1280,XENO.K,北海道,2407,PERO,北海道,0,,-
SPADA,EXTREME MACH COLLIDER,0,,-,975,NOZ,北海道,1421,GHOST,北海道,2571,PERO,北海道,0,,-
SPADA,Feel The Beat,0,,-,1341,IIDX33,北海道,2215,MAHINA,北海道,3605,SRT,北海道,4410,SRT,北海道
SPADA,Funny shuffle,0,,-,610,BIWA,北海道,1141,YUK1-S,北海道,2330,PERO,北海道,0,,-
SPADA,HYENA,0,,-,1196,ALIKA,北海道,1991,MINE*,北海道,2838,SRT,北海道,3670,CERA.,北海道
SPADA,Hypersonik,0,,-,1000,ELAINA,北海道,1669,A,北海道,2531,MAHINA,北海道,0,,-
SPADA,I will be back -オレは帰ってきた-,0,,-,1011,BIWA,北海道,1944,MINE*,北海道,2899,*WOOL*,北海道,0,,-
SPADA,Idola,0,,-,1206,IIDX33,北海道,2284,UNESCO,北海道,3624,OMEN,北海道,0,,-
SPADA,Insane Techniques,0,,-,745,ELAINA,北海道,1277,QZQX.Q,北海道,2469,SRT,北海道,0,,-
SPADA,INSOMNIA,0,,-,803,ELAINA,北海道,1870,N!?,北海道,3280,SRT,北海道,0,,-
SPADA,into the battlefield,0,,-,733,ELAINA,北海道,1403,A,北海道,2375,PERO,北海道,0,,-
SPADA,invoker,0,,-,1123,BIWA,北海道,1918,MINE*,北海道,3175,MO-2.,北海道,3547,PERO,北海道
SPADA,IX,0,,-,1293,OCHA-!,北海道,2432,MAHINA,北海道,3942,OMEN,北海道,0,,-
SPADA,KAISER PHOENIX,0,,-,1309,QZQX.Q,北海道,2205,SMOPPI,北海道,3291,MO-2.,北海道,4009,SRT,北海道
SPADA,KHAMEN BREAK,0,,-,585,BIWA,北海道,1418,YUK1-S,北海道,2512,PERO,北海道,0,,-
SPADA,Last Dance,0,,-,1204,ALIKA,北海道,2037,MAHINA,北海道,3278,SRT,北海道,0,,-
SPADA,Lighting Shower,0,,-,815,ELAINA,北海道,1327,TO*RUN,北海道,2411,PERO,北海道,0,,-
SPADA,M.D.Injection,0,,-,602,ELAINA,北海道,1195,XENTZ,北海道,2437,PERO,北海道,0,,-
SPADA,m1dy Deluxe,0,,-,1163,ALIKA,北海道,1741,XENO.K,北海道,2656,SRT,北海道,0,,-
SPADA,MAD ATTACK,0,,-,677,QZQX.Q,北海道,1228,COBAL#,北海道,1956,CERA.,北海道,2693,SRT,北海道
SPADA,MAGIC & LOVE,0,,-,1017,BIWA,北海道,1836,ALIKA,北海道,2935,*WOOL*,北海道,0,,-
SPADA,Miracle 5ympho X,0,,-,766,BIWA,北海道,1292,BIWA,北海道,2609,MO-2.,北海道,2906,SRT,北海道
SPADA,NPC World,0,,-,1024,ALIKA,北海道,1513,A,北海道,2278,MAHINA,北海道,0,,-
SPADA,Odin,0,,-,791,IIDX33,北海道,1354,SHIRON,北海道,2047,MAHINA,北海道,0,,-
SPADA,Overload Frontier,0,,-,794,BIWA,北海道,1824,17.CCC,北海道,2627,SRT,北海道,0,,-
SPADA,Pharaoh,0,,-,652,QZQX.Q,北海道,1381,MINE*,北海道,2457,PERO,北海道,0,,-
SPADA,PUNISHER,0,,-,1149,ALIKA,北海道,2094,LIA.,北海道,3572,PERO,北海道,0,,-
SPADA,ra'am,0,,-,1182,XENTZ,北海道,1864,LIA.,北海道,2876,SRT,北海道,0,,-
SPADA,rainbow guitar weeps,0,,-,970,ELAINA,北海道,1744,A,北海道,2756,OMEN,北海道,0,,-
SPADA,Recollection,0,,-,1181,BIWA,北海道,1714,SUWA,北海道,2228,MAHINA,北海道,0,,-
SPADA,refractive index,0,,-,741,QZQX.Q,北海道,1425,MINE*,北海道,2688,9MARY0,北海道,0,,-
SPADA,RISE,0,,-,942,ALIKA,北海道,1250,QZQX.Q,北海道,1883,*WOOL*,北海道,0,,-
SPADA,RIZING YOU UP,0,,-,1048,ALIKA,北海道,2094,17.CCC,北海道,2575,RIME,北海道,0,,-
SPADA,SCHWARZSCHILD FIELD,0,,-,928,ALIKA,北海道,1588,IKA,北海道,2419,SRT,北海道,0,,-
SPADA,Sigmund,0,,-,1525,5*LEAF,北海道,2307,MAHINA,北海道,3848,CERA.,北海道,4392,SRT,北海道
SPADA,Squeeze,0,,-,844,ELAINA,北海道,1416,XENO.K,北海道,2458,MO-2.,北海道,0,,-
SPADA,THE DETONATOR,0,,-,1538,SHINJI,北海道,2415,*BLUE*,北海道,3204,*WOOL*,北海道,0,,-
SPADA,Unicorn tail,0,,-,861,ELAINA,北海道,2031,YUK1-S,北海道,3156,OMEN,北海道,0,,-
SPADA,Valgus,0,,-,645,ELAINA,北海道,1352,MAHINA,北海道,2354,MO-2.,北海道,0,,-
SPADA,Verflucht,0,,-,1245,LAURIE,北海道,2136,N!?,北海道,3594,OMEN,北海道,4764,SRT,北海道
SPADA,VOX UP,0,,-,1487,LIA.,北海道,2881,MAHINA,北海道,3677,SRT,北海道,0,,-
SPADA,Wonder Girl feat. Kanae Asaba,0,,-,718,ELAINA,北海道,1218,9ROKA.,北海道,2798,PERO,北海道,0,,-
SPADA,お願いアインシュタイン,0,,-,874,ELAINA,北海道,1455,MINE*,北海道,2124,RIME,北海道,0,,-
SPADA,アルストロメリア,216,QZQX.Q,北海道,978,IIDX33,北海道,1602,N!?,北海道,2482,PERO,北海道,0,,-
SPADA,デッドボヲルdeホームラン,0,,-,612,XENTZ,北海道,1536,IKA,北海道,2775,SRT,北海道,0,,-
SPADA,バンブーソード・ガール,269,ELAINA,北海道,1013,ALIKA,北海道,1825,MINE*,北海道,2439,PERO,北海道,0,,-
SPADA,廿,0,,-,928,ELAINA,北海道,1630,A,北海道,2380,MO-2.,北海道,3326,CERA.,北海道
SPADA,旋律のドグマ～Miserables～,0,,-,1245,ELAINA,北海道,2461,LIA.,北海道,3988,SRT,北海道,0,,-
SPADA,海神,0,,-,1132,BIWA,北海道,2145,MAHINA,北海道,3178,SRT,北海道,3592,PERO,北海道
SPADA,煉獄のエルフェリア,0,,-,1337,BIWA,北海道,2359,MAHINA,北海道,3971,SRT,北海道,0,,-
SPADA,牧神笛吹きて,0,,-,737,ELAINA,北海道,1431,N!?,北海道,2059,PERO,北海道,0,,-
SPADA,疾風迅雷,0,,-,1122,ELAINA,北海道,2055,MAHINA,北海道,2953,SRT,北海道,3507,OMEN,北海道
SPADA,罪と罰,0,,-,1058,ELAINA,北海道,1405,MAHINA,北海道,2168,*WOOL*,北海道,0,,-
SPADA,超!!遠距離らぶメ～ル,0,,-,574,ELAINA,北海道,1529,ALIKA,北海道,2656,OMEN,北海道,0,,-
SPADA,轟け！恋のビーンボール！！,0,,-,1057,ALIKA,北海道,1975,MAHINA,北海道,3601,SRT,北海道,0,,-
PENDUAL,#The_Relentless,0,,-,1192,BIWA,北海道,1994,MINE*,北海道,2918,PERO,北海道,4478,SRT,北海道
PENDUAL,AFRO KNUCKLE,0,,-,953,GHOST,北海道,1803,MAHINA,北海道,2435,SRT,北海道,0,,-
PENDUAL,Beat Radiance,0,,-,985,BIWA,北海道,1615,IIDX33,北海道,2630,MAHINA,北海道,3607,SRT,北海道
PENDUAL,Beyond The Earth,0,,-,1267,BIWA,北海道,1962,IKA,北海道,3188,CERA.,北海道,0,,-
PENDUAL,Blaze it UP!,0,,-,969,BIWA,北海道,1916,MAHINA,北海道,2964,PERO,北海道,0,,-
PENDUAL,BLUE MIRAGE,0,,-,1071,GHOST,北海道,1969,17.CCC,北海道,3147,SRT,北海道,0,,-
PENDUAL,Broken Sword,0,,-,1272,BIWA,北海道,2094,N!?,北海道,3756,SRT,北海道,0,,-
PENDUAL,Chain of pain,0,,-,769,BIWA,北海道,1563,N!?,北海道,2228,*WOOL*,北海道,0,,-
PENDUAL,chrono diver -fragment-,0,,-,688,BIWA,北海道,1152,BIWA,北海道,1795,*WOOL*,北海道,2265,SRT,北海道
PENDUAL,CHRONO DIVER -NORNIR-,0,,-,1171,BIWA,北海道,2221,MAHINA,北海道,3095,MAHINA,北海道,4427,SRT,北海道
PENDUAL,Chrono Diver -PENDULUMs-,557,BIWA,北海道,1401,BIWA,北海道,2735,MAHINA,北海道,4415,SRT,北海道,0,,-
PENDUAL,Chronos,0,,-,866,ALIKA,北海道,1340,XENO.K,北海道,2394,SRT,北海道,3028,MARIO$,北海道
PENDUAL,cinder,0,,-,851,ALIKA,北海道,2053,MAHINA,北海道,3122,MO-2.,北海道,0,,-
PENDUAL,COLOSSEUM,0,,-,581,BIWA,北海道,1250,MAHINA,北海道,2311,PERO,北海道,0,,-
PENDUAL,Cosmic Cat,0,,-,934,ELAINA,北海道,1698,SAFARI,北海道,2300,MAHINA,北海道,3287,SRT,北海道
PENDUAL,Despair of ELFERIA,0,,-,1252,ALIKA,北海道,2382,DEMO29,北海道,4165,SRT,北海道,0,,-
PENDUAL,Discloze,0,,-,916,NOZ,北海道,1609,CMG,北海道,2653,CERA.,北海道,0,,-
PENDUAL,EBONY & IVORY,0,,-,1076,BIWA,北海道,1709,UNESCO,北海道,2997,PERO,北海道,3690,SRT,北海道
PENDUAL,entelecheia,0,,-,1035,BIWA,北海道,2127,LIA.,北海道,3294,OMEN,北海道,0,,-
PENDUAL,Erosion Mark,0,,-,790,ELAINA,北海道,1496,BIWA,北海道,2157,LIZ,北海道,0,,-
PENDUAL,fallen leaves -IIDX edition-,0,,-,1183,REIN-A,北海道,1994,A,北海道,3413,PERO,北海道,0,,-
PENDUAL,FANTASTIC THREE,0,,-,1287,BIWA,北海道,2274,MAHINA,北海道,3192,KIII,北海道,0,,-
PENDUAL,Flashes,0,,-,945,ELAINA,北海道,1833,MAHINA,北海道,3291,MO-2.,北海道,4172,SRT,北海道
PENDUAL,Gravigazer,0,,-,955,ALIKA,北海道,1821,TAKE**,北海道,3025,CERA.,北海道,0,,-
PENDUAL,GUILTY,0,,-,960,BIWA,北海道,1580,N!?,北海道,1884,KIII,北海道,2977,MO-2.,北海道
PENDUAL,HELL SCAPER -Last Escape Remix-,0,,-,947,BIWA,北海道,1726,A,北海道,2878,SRT,北海道,0,,-
PENDUAL,Hello Happiness,0,,-,899,BIWA,北海道,1644,MINE*,北海道,2347,PERO,北海道,0,,-
PENDUAL,illuminate,0,,-,622,ELAINA,北海道,1538,17.CCC,北海道,2297,RIME,北海道,0,,-
PENDUAL,IMPLANTATION,0,,-,661,ALIKA,北海道,1624,NA4RO-,北海道,2321,SRT,北海道,0,,-
PENDUAL,In The Breeze,0,,-,659,ELAINA,北海道,1121,17.CCC,北海道,1746,MAHINA,北海道,0,,-
PENDUAL,Invitation from Mr.C,0,,-,1164,ALIKA,北海道,1567,REVIN,北海道,2746,9MARY0,北海道,0,,-
PENDUAL,IXION,0,,-,1124,ALIKA,北海道,1818,N!?,北海道,2157,*WOOL*,北海道,0,,-
PENDUAL,Line 4 Ruin,0,,-,714,K.,北海道,1778,.IXION,北海道,2784,OMEN,北海道,0,,-
PENDUAL,Monopole.,0,,-,798,ELAINA,北海道,1655,FUNYA*,北海道,3436,SRT,北海道,0,,-
PENDUAL,NEO GENERATOR SEVEN,0,,-,927,ELAINA,北海道,1839,GHOST,北海道,3343,SRT,北海道,0,,-
PENDUAL,Night sky,0,,-,1178,BIWA,北海道,1891,IIDX33,北海道,2906,KA10.T,北海道,0,,-
PENDUAL,No Tears,0,,-,1164,9ROKA.,北海道,2044,XENO.K,北海道,2540,PERO,北海道,0,,-
PENDUAL,PENDUAL TALISMAN,0,,-,1041,IIDX33,北海道,1630,MUXXXX,北海道,2617,PERO,北海道,0,,-
PENDUAL,Rave*it!! Rave*it!!,0,,-,1005,ELAINA,北海道,1663,*BLUE*,北海道,3296,SRT,北海道,0,,-
PENDUAL,Realize Maze,0,,-,1255,ALIKA,北海道,2099,N!?,北海道,2972,CERA.,北海道,0,,-
PENDUAL,Reflux,0,,-,787,BIWA,北海道,1582,IKA,北海道,3014,CERA.,北海道,0,,-
PENDUAL,Sakura Mirage,0,,-,1014,ALIKA,北海道,1340,MINE*,北海道,2353,OMEN,北海道,0,,-
PENDUAL,SAMSARA,0,,-,855,BIWA,北海道,1457,MAHINA,北海道,2053,MARIO$,北海道,0,,-
PENDUAL,Say YEEEAHH,0,,-,1177,ALIKA,北海道,1836,MINE*,北海道,3333,SRT,北海道,0,,-
PENDUAL,Scarlet Moon,0,,-,1073,ALIKA,北海道,1872,XENO.K,北海道,2745,PERO,北海道,0,,-
PENDUAL,Scars of FAUNA,0,,-,845,ELAINA,北海道,1722,N!?,北海道,2939,SRT,北海道,0,,-
PENDUAL,Shooting Fireball,0,,-,961,ELAINA,北海道,2334,MUXXXX,北海道,3947,SRT,北海道,0,,-
PENDUAL,Sounds Of Summer,0,,-,1240,QZQX.Q,北海道,2129,MAHINA,北海道,3016,SRT,北海道,0,,-
PENDUAL,SpaceLand☆TOYBOX,0,,-,1091,ALIKA,北海道,1722,XENO.K,北海道,2942,PERO,北海道,0,,-
PENDUAL,Sweet Radar,0,,-,666,ELAINA,北海道,1372,MAHINA,北海道,2030,PERO,北海道,0,,-
PENDUAL,Symmetry,0,,-,1129,NOZ,北海道,2142,MAHINA,北海道,3284,PERO,北海道,0,,-
PENDUAL,TA・DA ☆ YO・SHI,0,,-,1141,ALIKA,北海道,1591,A,北海道,2315,*WOOL*,北海道,0,,-
PENDUAL,The Least 100sec,0,,-,802,TAGY,北海道,1467,5*LEAF,北海道,2887,PERO,北海道,0,,-
PENDUAL,TIEFSEE,0,,-,1294,ALIKA,北海道,2179,MAHINA,北海道,3485,OMEN,北海道,0,,-
PENDUAL,TOXIC VIBRATION,0,,-,1626,BIWA,北海道,2444,MAHINA,北海道,3821,OMEN,北海道,0,,-
PENDUAL,Vulkan,0,,-,1031,QZQX.Q,北海道,1990,MINE*,北海道,3018,CERA.,北海道,0,,-
PENDUAL,We're so Happy (P*Light Remix) IIDX ver.,0,,-,1111,BIWA,北海道,2342,MAHINA,北海道,3735,CERA.,北海道,0,,-
PENDUAL,ZZ,204,ELAINA,北海道,1258,ELAINA,北海道,2057,MAHINA,北海道,3050,SRT,北海道,0,,-
PENDUAL,それは花火のような恋,700,BIWA,北海道,1285,BIWA,北海道,2476,E,北海道,3920,SRT,北海道,0,,-
PENDUAL,とろぴかる倶楽部,0,,-,808,ELAINA,北海道,1454,-YOMO-,北海道,2295,SRT,北海道,0,,-
PENDUAL,ぷろぐれっしぶ時空少女！うらしまたろ子ちゃん！,0,,-,885,ELAINA,北海道,1502,MAHINA,北海道,2537,PERO,北海道,0,,-
PENDUAL,もっと！モット！ときめき feat. 松下,0,,-,1352,BIWA,北海道,2035,MINE*,北海道,2730,9MARY0,北海道,0,,-
PENDUAL,ドッキン☆サマーあばんちゅーる,0,,-,1023,ELAINA,北海道,1809,N!?,北海道,2873,SRT,北海道,0,,-
PENDUAL,パ→ピ→プ→Yeah!,375,QZQX.Q,北海道,1018,ELAINA,北海道,1578,MINE*,北海道,2559,SRT,北海道,0,,-
PENDUAL,ベィスドロップ・フリークス,0,,-,640,ELAINA,北海道,1270,XENTZ,北海道,2274,SRT,北海道,2408,MARIO$,北海道
PENDUAL,リリーゼと炎龍レーヴァテイン,0,,-,994,BIWA,北海道,2344,MAHINA,北海道,3477,PERO,北海道,0,,-
PENDUAL,共鳴遊戯の華,0,,-,1310,BIWA,北海道,2355,M.M-S,北海道,3961,SRT,北海道,0,,-
PENDUAL,十六夜セツナ,0,,-,1008,BIWA,北海道,1599,ALIKA,北海道,2249,PERO,北海道,0,,-
PENDUAL,千年ノ理,0,,-,1180,ALIKA,北海道,2009,N!?,北海道,3208,SRT,北海道,4349,SRT,北海道
PENDUAL,取り残された美術(Arranged:HiZuMi),252,ELAINA,北海道,975,ELAINA,北海道,1757,MAHINA,北海道,2218,SRT,北海道,0,,-
PENDUAL,夏色DIARY - L.E.D.-G STYLE MIX -,0,,-,977,VIENNT,北海道,1971,MAHINA,北海道,3113,MARIO$,北海道,0,,-
PENDUAL,妖隠し -あやかしかくし-,0,,-,974,BIWA,北海道,1583,MINE*,北海道,2187,*WOOL*,北海道,0,,-
PENDUAL,少年は空を辿る,0,,-,1240,BIWA,北海道,2087,MUXXXX,北海道,3341,CERA.,北海道,0,,-
PENDUAL,恋は白帯、サンシロー,0,,-,750,AGUM1N,北海道,1324,MAHINA,北海道,2030,MAHINA,北海道,2783,PERO,北海道
PENDUAL,打打打打打打打打打打,199,BIWA,北海道,818,BIWA,北海道,1392,MAHINA,北海道,2668,SRT,北海道,0,,-
PENDUAL,時空トラベローグ,0,,-,1088,ALIKA,北海道,1832,ALIKA,北海道,2722,SRT,北海道,0,,-
PENDUAL,白露の風,0,,-,475,ELAINA,北海道,1225,17.CCC,北海道,2025,*WOOL*,北海道,0,,-
PENDUAL,紅牡丹,492,BIWA,北海道,1067,BIWA,北海道,1842,MAHINA,北海道,2887,SRT,北海道,0,,-
PENDUAL,表裏一体！？怪盗いいんちょの悩み,0,,-,1134,ALIKA,北海道,2195,MAHINA,北海道,3576,PERO,北海道,4502,SRT,北海道
PENDUAL,超青少年ノ為ノ超多幸ナ超古典的超舞曲,0,,-,1024,BIWA,北海道,2034,MUXXXX,北海道,2689,*WOOL*,北海道,4199,SRT,北海道
PENDUAL,鬼天,0,,-,994,BIWA,北海道,1670,MQUEEN,北海道,2517,SRT,北海道,0,,-
PENDUAL,Ｘ↑Ｘ↓,0,,-,936,ELAINA,北海道,1710,XENO.K,北海道,2958,SRT,北海道,0,,-
copula,199024club -Re:BounceKiller-,0,,-,691,BIWA,北海道,1661,MAHINA,北海道,2439,SRT,北海道,0,,-
copula,Acid Pumper,0,,-,682,ELAINA,北海道,1534,XENTZ,北海道,2507,SRT,北海道,0,,-
copula,Angelic Jelly,0,,-,1133,ELAINA,北海道,2033,XENO.K,北海道,2821,CERA.,北海道,0,,-
copula,AO-1,0,,-,1252,ALIKA,北海道,1890,A,北海道,2796,SRT,北海道,0,,-
copula,Arcana,0,,-,1202,IIDX33,北海道,1783,N!?,北海道,2289,CERA.,北海道,0,,-
copula,Aublia,0,,-,964,QZQX.Q,北海道,1516,17.CCC,北海道,2554,*WOOL*,北海道,0,,-
copula,Battle Train -IIDX Edition-,0,,-,884,GHOST,北海道,2428,AKAJIN,北海道,3282,PERO,北海道,0,,-
copula,Blue Spring Express,0,,-,1278,QZQX.Q,北海道,2094,MAHINA,北海道,3372,SRT,北海道,0,,-
copula,Central Station,0,,-,1046,ALIKA,北海道,1542,17.CCC,北海道,2410,CERA.,北海道,0,,-
copula,chaos eater -IIDX edition-,0,,-,1172,ALIKA,北海道,1712,*BLUE*,北海道,2619,CERA.,北海道,0,,-
copula,CODE:1 [revision1.0.1],0,,-,977,LAURIE,北海道,1714,-YOMO-,北海道,3118,OMEN,北海道,0,,-
copula,Daily Lunch Special,0,,-,1049,NOZ,北海道,2137,YUK1-S,北海道,2982,SRT,北海道,0,,-
copula,Damage Per Second,0,,-,883,ELAINA,北海道,1409,17.CCC,北海道,2039,MAHINA,北海道,2294,MAHINA,北海道
copula,Derelict Star feat. Ryu*,0,,-,1394,ALIKA,北海道,1832,XENTZ,北海道,2626,KA10.T,北海道,0,,-
copula,Devil's Gear,0,,-,1052,BIWA,北海道,2253,MAHINA,北海道,3510,OMEN,北海道,0,,-
copula,DIAMOND CROSSING,0,,-,1005,BIWA,北海道,1809,MAHINA,北海道,3149,SRT,北海道,0,,-
copula,do the thing feat. Kanae Asaba,0,,-,611,GHOST,北海道,1496,17.CCC,北海道,2329,SRT,北海道,0,,-
copula,Donkey Donk,0,,-,1202,COBRA,北海道,1701,17.CCC,北海道,2284,SRT,北海道,0,,-
copula,Dynamite,547,ELAINA,北海道,1211,BIWA,北海道,2456,MAHINA,北海道,3875,SRT,北海道,0,,-
copula,Everlasting Last,0,,-,837,ELAINA,北海道,1611,17.CCC,北海道,2224,RIME,北海道,0,,-
copula,Exchange Place,0,,-,763,TAGY,北海道,1275,17.CCC,北海道,1779,*WOOL*,北海道,0,,-
copula,GENERATE feat.綾倉盟,0,,-,1132,ALIKA,北海道,1721,MINE*,北海道,2350,OMEN,北海道,0,,-
copula,Go Faraway,0,,-,1028,ALIKA,北海道,1486,XENTZ,北海道,2471,MAHINA,北海道,0,,-
copula,GOBBLE,0,,-,494,IIDX33,北海道,709,MINE*,北海道,1726,SRT,北海道,0,,-
copula,Godspeed,0,,-,1083,IIDX33,北海道,1899,IKA,北海道,3202,SRT,北海道,0,,-
copula,Grand Chariot,0,,-,1158,ALIKA,北海道,1909,WA!!,北海道,3440,9MARY0,北海道,0,,-
copula,Highcharge Divolt,0,,-,900,BIWA,北海道,1700,DOSE,北海道,2813,CERA.,北海道,0,,-
copula,Inner Spirit,0,,-,880,ALIKA,北海道,1844,*BLUE*,北海道,2820,MARIO$,北海道,0,,-
copula,Journey,0,,-,684,QZQX.Q,北海道,1230,17.CCC,北海道,1871,MAHINA,北海道,3161,SRT,北海道
copula,Konzert V,0,,-,1265,9ROKA.,北海道,2324,MAHINA,北海道,3401,SRT,北海道,0,,-
copula,La dolce primavera,0,,-,709,ELAINA,北海道,1372,17.CCC,北海道,2170,OMEN,北海道,0,,-
copula,M4K3 1T B0UNC3,0,,-,1399,ALIKA,北海道,2134,MAHINA,北海道,3065,SRT,北海道,0,,-
copula,Musik LoverZ,0,,-,1067,ALIKA,北海道,1440,N!?,北海道,2494,*WOOL*,北海道,0,,-
copula,NANAIRO,0,,-,1027,D.D.D.,北海道,1788,*BLUE*,北海道,2563,I,北海道,0,,-
copula,Nightmare before oversleep,0,,-,1187,BIWA,北海道,1896,17.CCC,北海道,2971,SRT,北海道,0,,-
copula,NINJA IS DEAD IIDX ver.,0,,-,1215,ALIKA,北海道,1932,MAHINA,北海道,3012,CERA.,北海道,0,,-
copula,NO LIMIT -オレ達に限界は無い-,0,,-,829,ELAINA,北海道,1229,ALIKA,北海道,2288,SRT,北海道,0,,-
copula,Nowhere,0,,-,844,QZQX.Q,北海道,1454,17.CCC,北海道,2162,KA10.T,北海道,0,,-
copula,NZM,0,,-,1063,ALIKA,北海道,1611,XENTZ,北海道,3520,OMEN,北海道,0,,-
copula,On the FM,0,,-,1129,ALIKA,北海道,1591,XENTZ,北海道,2785,9MARY0,北海道,0,,-
copula,Outbreak,0,,-,1330,BIWA,北海道,1845,MAHINA,北海道,3033,CERA.,北海道,0,,-
copula,POSSESSION,526,ELAINA,北海道,1377,DEMO29,北海道,2143,CERA.,北海道,2979,CERA.,北海道,0,,-
copula,quick master (reform version),0,,-,160,ELAINA,北海道,344,GHOST,北海道,525,MUXXXX,北海道,0,,-
copula,refrain,0,,-,1219,LAURIE,北海道,2363,MUXXXX,北海道,3667,OMEN,北海道,0,,-
copula,Rock It,0,,-,1146,LAURIE,北海道,1655,A,北海道,2939,*WOOL*,北海道,0,,-
copula,Routing,0,,-,942,ALIKA,北海道,1579,XENO.K,北海道,2524,AFICYW,北海道,0,,-
copula,Sephirot,0,,-,949,ALIKA,北海道,1610,ALIKA,北海道,2332,MAHINA,北海道,0,,-
copula,Set U Free feat. Kanae Asaba,0,,-,912,D.D.D.,北海道,1525,AKAJIN,北海道,2547,9MARY0,北海道,0,,-
copula,SHELTER OF THE MIND,0,,-,1425,QZQX.Q,北海道,1966,ALIKA,北海道,3061,PERO,北海道,0,,-
copula,STARLiGHT,0,,-,947,BIWA,北海道,1796,A,北海道,2803,SRT,北海道,0,,-
copula,STARLIGHT DANCEHALL,0,,-,1205,SHIRON,北海道,1801,A,北海道,2656,SRT,北海道,3339,SRT,北海道
copula,StrayedCatz,0,,-,1078,ALIKA,北海道,2014,MAHINA,北海道,2850,CERA.,北海道,0,,-
copula,Super Duper Racers,0,,-,956,IIDX33,北海道,1587,ALIKA,北海道,2381,SRT,北海道,3666,SRT,北海道
copula,SURVIVOR,0,,-,714,BIWA,北海道,1270,17.CCC,北海道,2012,MAHINA,北海道,0,,-
copula,Tori-no-kimochi,0,,-,263,ELAINA,北海道,1295,17.CCC,北海道,2024,PERO,北海道,0,,-
copula,Triple Counter,0,,-,1395,BIWA,北海道,2189,VIENNT,北海道,4015,SRT,北海道,0,,-
copula,Uh-Oh,0,,-,1105,LAURIE,北海道,1721,MINE*,北海道,2419,SRT,北海道,0,,-
copula,Violet Pulse,0,,-,429,IIDX33,北海道,1718,MAHINA,北海道,2453,CERA.,北海道,4153,SRT,北海道
copula,Violet Rose,0,,-,1188,NOZ,北海道,1924,XENO.K,北海道,2552,MO-2.,北海道,0,,-
copula,Welcome,0,,-,858,ELAINA,北海道,1807,MUXXXX,北海道,2648,*WOOL*,北海道,3382,SRT,北海道
copula,X,0,,-,1581,BIWA,北海道,2460,YUMERU,北海道,3892,SRT,北海道,0,,-
copula,ZEPHYRANTHES,0,,-,1010,BIWA,北海道,1878,N!?,北海道,2931,MAHINA,北海道,3876,MO-2.,北海道
copula,か・し・ま・し☆PUMP UP！,0,,-,1185,ALIKA,北海道,1802,MINE*,北海道,2824,CERA.,北海道,0,,-
copula,めいさいアイドル☆あいむちゃん♪,0,,-,1488,ALIKA,北海道,2374,MAHINA,北海道,3365,OMEN,北海道,0,,-
copula,オルタネイトβ,0,,-,838,BIWA,北海道,1425,17.CCC,北海道,2252,MAHINA,北海道,0,,-
copula,ギョギョっと人魚 爆婚ブライダル,0,,-,822,ELAINA,北海道,1420,A,北海道,2399,SRT,北海道,0,,-
copula,シュッパツシンコウ・シサカンコ,0,,-,1126,ELAINA,北海道,1772,17.CCC,北海道,2456,MAHINA,北海道,0,,-
copula,セロトニン,0,,-,1307,BIWA,北海道,1854,MAHINA,北海道,2364,CERA.,北海道,0,,-
copula,少女アリスと箱庭幻想コンチェルト,0,,-,775,ELAINA,北海道,1479,17.CCC,北海道,2184,CERA.,北海道,0,,-
copula,明鏡止水,0,,-,854,ALIKA,北海道,1857,17.CCC,北海道,2800,SRT,北海道,0,,-
copula,星屑ディスタンシア,0,,-,697,ELAINA,北海道,1210,ALIKA,北海道,2123,SRT,北海道,0,,-
copula,朝焼けから始まるボクらの小さな旅,0,,-,960,BIWA,北海道,1684,XENO.K,北海道,2554,SRT,北海道,0,,-
copula,灼熱 Pt.2 Long Train Running,617,BIWA,北海道,1273,LAURIE,北海道,2147,SRT,北海道,3344,AFICYW,北海道,0,,-
copula,真 地獄超特急 -HELL or HELL-,0,,-,1396,BIWA,北海道,2171,MAHINA,北海道,3333,SRT,北海道,0,,-
copula,紫陽花 -AZISAI-,417,472.,北海道,1289,BIWA,北海道,2132,N!?,北海道,2863,MO-2.,北海道,3462,SRT,北海道
copula,追想快晴テーマパーク,0,,-,1171,ELAINA,北海道,2062,IKA,北海道,3096,PERO,北海道,0,,-
copula,量子の海のリントヴルム,0,,-,911,QZQX.Q,北海道,1761,XENO.K,北海道,3000,CERA.,北海道,0,,-
copula,駅猫のワルツ,0,,-,1138,ALIKA,北海道,2110,MAHINA,北海道,2878,OMEN,北海道,0,,-
copula,麗 ～うらら～,262,9ROKA.,北海道,1127,BIWA,北海道,1733,A,北海道,2636,CERA.,北海道,0,,-
SINOBUZ,¡Viva!,0,,-,968,ELAINA,北海道,1594,17.CCC,北海道,1993,MAHINA,北海道,0,,-
SINOBUZ,#MAGiCVLGiRL_TRVP_B3VTZ,0,,-,1170,BIWA,北海道,1936,BIWA,北海道,3437,OMEN,北海道,0,,-
SINOBUZ,(This Is Not) The Angels,0,,-,589,NA4RO-,北海道,1377,99F,北海道,2708,CERA.,北海道,0,,-
SINOBUZ,Amazing Mirage,377,ELAINA,北海道,895,ELAINA,北海道,1770,MAHINA,北海道,2631,MARIO$,北海道,3315,SRT,北海道
SINOBUZ,AO-∞,0,,-,1156,BIWA,北海道,1778,17.CCC,北海道,2671,MAHINA,北海道,0,,-
SINOBUZ,Apocalypse,0,,-,1151,BIWA,北海道,2189,N!?,北海道,3567,OMEN,北海道,0,,-
SINOBUZ,Around The Galaxy,0,,-,1111,BIWA,北海道,2108,17.CCC,北海道,3366,9MARY0,北海道,0,,-
SINOBUZ,AsiaN distractive,0,,-,1196,ALIKA,北海道,1817,N!?,北海道,2612,MO-2.,北海道,0,,-
SINOBUZ,BabeL ～Grand Story～,0,,-,1285,ALIKA,北海道,2161,MAHINA,北海道,2838,SRT,北海道,0,,-
SINOBUZ,Be A Star,0,,-,940,ELAINA,北海道,1798,17.CCC,北海道,2806,PERO,北海道,0,,-
SINOBUZ,Beat Juggling Mix,0,,-,985,BIWA,北海道,1518,GOALEX,北海道,2201,CERA.,北海道,0,,-
SINOBUZ,Believe in you,0,,-,1193,ALIKA,北海道,1874,17.CCC,北海道,2441,MAHINA,北海道,0,,-
SINOBUZ,Beyond The Seven,0,,-,728,ELAINA,北海道,1311,17.CCC,北海道,2712,AFICYW,北海道,0,,-
SINOBUZ,BREAK OVER,0,,-,913,ALIKA,北海道,1494,LIA.,北海道,2360,AFICYW,北海道,0,,-
SINOBUZ,Breakin' Chain,0,,-,710,ELAINA,北海道,1317,ALIKA,北海道,2310,MAHINA,北海道,0,,-
SINOBUZ,BroGamer,0,,-,1362,ALIKA,北海道,2086,UNESCO,北海道,3080,KA10.T,北海道,4678,9MARY0,北海道
SINOBUZ,Caterpillar,0,,-,1210,BIWA,北海道,2231,MAHINA,北海道,3100,SRT,北海道,0,,-
SINOBUZ,crew,0,,-,630,BIWA,北海道,1732,17.CCC,北海道,2925,CERA.,北海道,0,,-
SINOBUZ,Cyber True Color,0,,-,977,ELAINA,北海道,1639,17.CCC,北海道,2381,SRT,北海道,0,,-
SINOBUZ,DORNWALD ～Junge～,0,,-,1305,RABBIT,北海道,2291,MAHINA,北海道,3706,SRT,北海道,0,,-
SINOBUZ,ECHIDNA,0,,-,1259,BIWA,北海道,2131,MAHINA,北海道,3466,SRT,北海道,0,,-
SINOBUZ,Egret and Willow,0,,-,1035,BIWA,北海道,1650,17.CCC,北海道,2740,PERO,北海道,0,,-
SINOBUZ,elemental bender feat. Kanae Asaba,0,,-,641,ELAINA,北海道,1191,17.CCC,北海道,1637,MAHINA,北海道,0,,-
SINOBUZ,FUZIN RIZIN,0,,-,1209,BIWA,北海道,1939,BIWA,北海道,3802,PERO,北海道,0,,-
SINOBUZ,Go Ahead!!,0,,-,1001,BIWA,北海道,1511,17.CCC,北海道,2803,SRT,北海道,0,,-
SINOBUZ,GuNGNiR,0,,-,1343,ALIKA,北海道,2644,MAHINA,北海道,4067,OMEN,北海道,4776,OMEN,北海道
SINOBUZ,HADES,391,ELAINA,北海道,977,ELAINA,北海道,1847,17.CCC,北海道,3127,SRT,北海道,0,,-
SINOBUZ,HAPPY★RUSH,0,,-,791,BIWA,北海道,1852,MQUEEN,北海道,2922,PERO,北海道,0,,-
SINOBUZ,Honey Trap,0,,-,832,IIDX33,北海道,1641,N!?,北海道,2560,SRT,北海道,0,,-
SINOBUZ,INVISIBLE STRIX,0,,-,1171,ALIKA,北海道,2071,RIME,北海道,2623,*WOOL*,北海道,0,,-
SINOBUZ,Lost wing at.0,0,,-,920,ELAINA,北海道,1486,MAHINA,北海道,2458,9MARY0,北海道,0,,-
SINOBUZ,Macuilxochitl,530,BIWA,北海道,1445,AKAJIN,北海道,2274,MAHINA,北海道,3338,CERA.,北海道,0,,-
SINOBUZ,Magical,0,,-,802,QZQX.Q,北海道,1188,17.CCC,北海道,2011,MAHINA,北海道,0,,-
SINOBUZ,Mare Nectaris,0,,-,1408,BIWA,北海道,2110,MO-2.,北海道,3933,OMEN,北海道,0,,-
SINOBUZ,Modular Technology,0,,-,1246,ALIKA,北海道,1915,XENO.K,北海道,2677,MARIO$,北海道,0,,-
SINOBUZ,Music is The Answer,0,,-,794,ALIKA,北海道,1422,MAHINA,北海道,1904,MAHINA,北海道,0,,-
SINOBUZ,nostos,0,,-,855,99F,北海道,1342,17.CCC,北海道,2664,SRT,北海道,0,,-
SINOBUZ,OOO,0,,-,688,QZQX.Q,北海道,1442,17.CCC,北海道,2065,KOJI,北海道,2665,PERO,北海道
SINOBUZ,OTENAMI Hurricane,0,,-,1287,ALIKA,北海道,2196,MAHINA,北海道,3174,9MARY0,北海道,0,,-
SINOBUZ,PAPAYAPA BASS,0,,-,773,ELAINA,北海道,1529,17.CCC,北海道,2786,OMEN,北海道,0,,-
SINOBUZ,Piano Samurai,0,,-,1064,BIWA,北海道,1672,QZQX.Q,北海道,2506,MARIO$,北海道,0,,-
SINOBUZ,Quakes,0,,-,1129,ALIKA,北海道,1993,PK,北海道,3254,SRT,北海道,0,,-
SINOBUZ,RAIN,0,,-,1153,ALIKA,北海道,1819,MUXXXX,北海道,3304,SRT,北海道,0,,-
SINOBUZ,Rave Cannon,0,,-,1008,ELAINA,北海道,1867,MUXXXX,北海道,3357,CERA.,北海道,0,,-
SINOBUZ,Remedy feat. Kanae Asaba,0,,-,922,ALIKA,北海道,1656,MAHINA,北海道,2208,MUXXXX,北海道,0,,-
SINOBUZ,ROTTERDAM SHOGUN,538,ELAINA,北海道,1129,ELAINA,北海道,1813,AFICYW,北海道,2567,CERA.,北海道,0,,-
SINOBUZ,SAMURAI-Scramble,0,,-,994,BIWA,北海道,1624,XENTZ,北海道,2426,SRT,北海道,2833,SRT,北海道
SINOBUZ,Sarutobi Champion is 拙者,0,,-,937,BIWA,北海道,1472,CMG,北海道,2258,CERA.,北海道,0,,-
SINOBUZ,SAY BAY,0,,-,845,XENTZ,北海道,1504,5*LEAF,北海道,2869,SRT,北海道,0,,-
SINOBUZ,Seaside Labyrinth,0,,-,641,ELAINA,北海道,1287,17.CCC,北海道,1869,MAHINA,北海道,0,,-
SINOBUZ,Selfish Sweet,0,,-,651,ELAINA,北海道,954,17.CCC,北海道,1718,MARIO$,北海道,2632,AFICYW,北海道
SINOBUZ,SEQUENCE CAT,0,,-,1070,ELAINA,北海道,2236,MAHINA,北海道,2825,*WOOL*,北海道,0,,-
SINOBUZ,shuriken,0,,-,786,BIWA,北海道,1125,QZQX.Q,北海道,2563,CERA.,北海道,0,,-
SINOBUZ,SINOBUZ Fantasy,0,,-,1033,ALIKA,北海道,1618,AYHL,北海道,2424,MAHINA,北海道,0,,-
SINOBUZ,Sky High,435,BIWA,北海道,1165,BIWA,北海道,2287,IKA,北海道,3838,OMEN,北海道,0,,-
SINOBUZ,Snakey Kung-fu,0,,-,1103,ELAINA,北海道,2136,PK,北海道,3453,SRT,北海道,0,,-
SINOBUZ,Steel Edge,0,,-,891,ELAINA,北海道,1507,MAHINA,北海道,3194,SRT,北海道,0,,-
SINOBUZ,Summerlights(IIDX Edition),0,,-,1138,NA4RO-,北海道,1850,MINE*,北海道,3123,PERO,北海道,0,,-
SINOBUZ,Super Rush,0,,-,1041,ALIKA,北海道,1894,N!?,北海道,3557,SRT,北海道,0,,-
SINOBUZ,Surf on the Light,0,,-,766,ELAINA,北海道,1468,A,北海道,2277,SRT,北海道,0,,-
SINOBUZ,The Commanders,0,,-,959,BIWA,北海道,1505,17.CCC,北海道,2441,*WOOL*,北海道,0,,-
SINOBUZ,TOGAKUSHI,0,,-,1022,XENTZ,北海道,1846,ZIBE,北海道,2632,CERA.,北海道,0,,-
SINOBUZ,Umbral,0,,-,612,ELAINA,北海道,1392,17.CCC,北海道,1914,MUXXXX,北海道,3088,PERO,北海道
SINOBUZ,Venom,0,,-,1268,BIWA,北海道,2157,MAHINA,北海道,3235,SRT,北海道,0,,-
SINOBUZ,Vermilion,0,,-,886,ALIKA,北海道,1353,5*LEAF,北海道,2081,SRT,北海道,0,,-
SINOBUZ,Warrior,0,,-,1014,LAURIE,北海道,1816,N!?,北海道,2500,OMEN,北海道,0,,-
SINOBUZ,XINOBIKILL,0,,-,996,ALIKA,北海道,1723,ALIKA,北海道,2941,SRT,北海道,0,,-
SINOBUZ,yamabiko (SINOBUZ Edition),0,,-,972,BIWA,北海道,1585,17.CCC,北海道,2607,*WOOL*,北海道,0,,-
SINOBUZ,Yellow Sketch(RX-Ver.S.P.L.),0,,-,765,QZQX.Q,北海道,1853,MAHINA,北海道,2844,LIZ,北海道,0,,-
SINOBUZ,〆,0,,-,1275,REVIN,北海道,2368,N!?,北海道,3727,SRT,北海道,0,,-
SINOBUZ,ちらちら・はらはら,0,,-,412,IIDX33,北海道,948,MAHINA,北海道,1426,MAHINA,北海道,0,,-
SINOBUZ,イザナミノナゲキ,0,,-,1193,ALIKA,北海道,1987,MAHINA,北海道,3267,PERO,北海道,0,,-
SINOBUZ,ディッシュウォッシャー◎彡おいわちゃん,0,,-,709,ELAINA,北海道,1429,YUK1-S,北海道,2525,SRT,北海道,0,,-
SINOBUZ,九尾狐夜行,0,,-,858,ALIKA,北海道,1785,17.CCC,北海道,2996,SRT,北海道,0,,-
SINOBUZ,冬椿 ft. Kanae Asaba,261,ELAINA,北海道,955,ALIKA,北海道,1253,ALIKA,北海道,2283,OMEN,北海道,3049,MARIO$,北海道
SINOBUZ,刃図羅,0,,-,1238,TAGY,北海道,2134,MARIO$,北海道,3413,CERA.,北海道,0,,-
SINOBUZ,忍恋花,0,,-,1010,ELAINA,北海道,1668,XENO.K,北海道,2215,RIME,北海道,0,,-
SINOBUZ,恋はどう？モロ◎波動OK☆方程式!!,0,,-,1016,ALIKA,北海道,1530,17.CCC,北海道,2476,SRT,北海道,0,,-
SINOBUZ,月雪に舞う華のように,0,,-,832,BIWA,北海道,1309,YUK1-S,北海道,2118,MAI.K,北海道,0,,-
SINOBUZ,次葉 -turn the page-,0,,-,845,ELAINA,北海道,1407,A,北海道,1992,MAHINA,北海道,0,,-
SINOBUZ,津軽雪,0,,-,1533,YUK1-S,北海道,2244,MUXXXX,北海道,3876,SRT,北海道,0,,-
SINOBUZ,火影,0,,-,709,BIWA,北海道,1364,KAWASE,北海道,2708,AFICYW,北海道,0,,-
SINOBUZ,焔極OVERKILL,0,,-,1154,BIWA,北海道,2165,MAHINA,北海道,3708,SRT,北海道,0,,-
SINOBUZ,獅子霞麗ノ舞,0,,-,498,ELAINA,北海道,1045,ENEMY,北海道,1735,MAHINA,北海道,0,,-
SINOBUZ,禍根,0,,-,805,D.D.D.,北海道,1327,REVIN,北海道,2596,PERO,北海道,0,,-
SINOBUZ,童話回廊,0,,-,936,ELAINA,北海道,1700,17.CCC,北海道,3117,9MARY0,北海道,0,,-
SINOBUZ,鴉,0,,-,1512,BIWA,北海道,2248,N!?,北海道,2703,CERA.,北海道,0,,-
CANNON BALLERS,1001 -ESCAPE-,0,,-,1019,IIDX33,北海道,1729,N!?,北海道,2624,9MARY0,北海道,0,,-
CANNON BALLERS,255,0,,-,916,IIDX33,北海道,1618,MAHINA,北海道,3304,9MARY0,北海道,0,,-
CANNON BALLERS,AA -rebuild-,0,,-,1216,GHOST,北海道,2461,MAHINA,北海道,3632,SRT,北海道,0,,-
CANNON BALLERS,Abraxas,0,,-,788,ELAINA,北海道,1625,ALIKA,北海道,2457,SRT,北海道,0,,-
CANNON BALLERS,ACCELERATE,0,,-,1140,D.D.D.,北海道,1745,17.CCC,北海道,2497,MAHINA,北海道,0,,-
CANNON BALLERS,Alpheratz,0,,-,434,ELAINA,北海道,1016,17.CCC,北海道,2092,MARIO$,北海道,2889,MARIO$,北海道
CANNON BALLERS,Amor De Verao,0,,-,792,ELAINA,北海道,1402,17.CCC,北海道,2347,SRT,北海道,0,,-
CANNON BALLERS,ANAGMA,0,,-,1029,ALIKA,北海道,1755,17.CCC,北海道,2624,CERA.,北海道,0,,-
CANNON BALLERS,ANCHOR,0,,-,1343,BIWA,北海道,2535,MAHINA,北海道,3631,SRT,北海道,0,,-
CANNON BALLERS,Antigravity,0,,-,1037,GHOST,北海道,2005,MAHINA,北海道,3098,OMEN,北海道,0,,-
CANNON BALLERS,Arca,0,,-,916,ALIKA,北海道,1852,XENO.K,北海道,3163,OMEN,北海道,0,,-
CANNON BALLERS,Around the Future,0,,-,1084,IIDX33,北海道,1695,17.CCC,北海道,2577,MO-2.,北海道,0,,-
CANNON BALLERS,Back Spin Sweeper,0,,-,863,ALIKA,北海道,1373,17.CCC,北海道,2279,PERO,北海道,0,,-
CANNON BALLERS,Battleground,0,,-,1153,9ROKA.,北海道,1863,17.CCC,北海道,2696,PERO,北海道,0,,-
CANNON BALLERS,Be a Hero!,0,,-,776,ELAINA,北海道,1904,17.CCC,北海道,3106,MARIO$,北海道,0,,-
CANNON BALLERS,Best of Me,0,,-,819,IIDX33,北海道,1560,ALIKA,北海道,2229,MAHINA,北海道,0,,-
CANNON BALLERS,Boomy and The Boost,417,9ROKA.,北海道,1048,K.,北海道,2073,N!?,北海道,3614,SRT,北海道,0,,-
CANNON BALLERS,Break Stasis,0,,-,1295,QZQX.Q,北海道,1874,17.CCC,北海道,2514,CERA.,北海道,0,,-
CANNON BALLERS,ChaserXX,0,,-,1086,ALIKA,北海道,1935,N!?,北海道,2831,MARIO$,北海道,3870,SRT,北海道
CANNON BALLERS,Chemical Cookie,0,,-,826,ELAINA,北海道,1424,17.CCC,北海道,2156,SRT,北海道,0,,-
CANNON BALLERS,City Never Sleeps (IIDX Edition),0,,-,1267,BIWA,北海道,1929,MAHINA,北海道,2662,CERA.,北海道,0,,-
CANNON BALLERS,COSMIC☆WONDER☆REVOLUTION,0,,-,771,BIWA,北海道,1405,BIWA,北海道,2090,KOJI,北海道,0,,-
CANNON BALLERS,DEADHEAT,0,,-,1206,ALIKA,北海道,2079,MAHINA,北海道,3367,CERA.,北海道,0,,-
CANNON BALLERS,DEATH†ZIGOQ ～怒りの高速爆走野郎～,0,,-,1388,LIA.,北海道,2489,MAHINA,北海道,4079,SRT,北海道,4832,SRT,北海道
CANNON BALLERS,DropZ-Line-,0,,-,1317,BIWA,北海道,2140,MAHINA,北海道,3172,9MARY0,北海道,0,,-
CANNON BALLERS,Eine Haube ～聖地の果てにあるもの～,0,,-,967,BIWA,北海道,1443,MAHINA,北海道,2575,PERO,北海道,0,,-
CANNON BALLERS,EMERALDAS,517,BIWA,北海道,1327,BIWA,北海道,2458,CERA.,北海道,3598,SRT,北海道,0,,-
CANNON BALLERS,encounter,0,,-,963,ELAINA,北海道,1768,MAHINA,北海道,3282,PERO,北海道,0,,-
CANNON BALLERS,Exhaust Hype,0,,-,1028,ALIKA,北海道,1901,XENO.K,北海道,2825,SRT,北海道,0,,-
CANNON BALLERS,Expanded !!,0,,-,669,ELAINA,北海道,1519,17.CCC,北海道,2629,PERO,北海道,0,,-
CANNON BALLERS,Fervidex,0,,-,857,ELAINA,北海道,1827,N!?,北海道,2703,PERO,北海道,0,,-
CANNON BALLERS,FREEDOM,0,,-,1004,IIDX33,北海道,1680,A,北海道,2918,*WOOL*,北海道,0,,-
CANNON BALLERS,From Time To Time,0,,-,800,ELAINA,北海道,1919,MAHINA,北海道,2562,SRT,北海道,0,,-
CANNON BALLERS,FUTURE is Dead,0,,-,918,BIWA,北海道,1508,N!?,北海道,2209,CERA.,北海道,0,,-
CANNON BALLERS,Get Up! feat. Kanae Asaba,0,,-,588,ELAINA,北海道,1288,N!?,北海道,1908,MO-2.,北海道,0,,-
CANNON BALLERS,HAT TRICK,0,,-,854,LAURIE,北海道,1431,17.CCC,北海道,2217,SRT,北海道,0,,-
CANNON BALLERS,Hella Deep,0,,-,641,ELAINA,北海道,1043,17.CCC,北海道,1852,OMEN,北海道,0,,-
CANNON BALLERS,HYPE THE CORE,0,,-,1104,IIDX33,北海道,1935,A,北海道,3019,9MARY0,北海道,0,,-
CANNON BALLERS,I Love You,0,,-,1065,ALIKA,北海道,1877,MINE*,北海道,2750,OMEN,北海道,0,,-
CANNON BALLERS,Illusionary Waterlily,0,,-,1305,ALIKA,北海道,2161,IKA,北海道,3506,MARIO$,北海道,0,,-
CANNON BALLERS,Initiation,652,ELAINA,北海道,1479,BIWA,北海道,2499,MAHINA,北海道,4017,SRT,北海道,0,,-
CANNON BALLERS,"Life Is A Game ft.DD""ナカタ""Metal",0,,-,1270,BIWA,北海道,1881,R*,北海道,3507,OMEN,北海道,0,,-
CANNON BALLERS,LUV DRIVE,0,,-,829,ELAINA,北海道,1326,17.CCC,北海道,2109,KA10.T,北海道,0,,-
CANNON BALLERS,MAXIVCORD,0,,-,813,BIWA,北海道,1392,17.CCC,北海道,2454,KOJI,北海道,0,,-
CANNON BALLERS,Midnight Lady,0,,-,636,ELAINA,北海道,1170,ALIKA,北海道,1947,KOJI,北海道,0,,-
CANNON BALLERS,n'pa pa BBQ,0,,-,924,ELAINA,北海道,1774,N!?,北海道,2808,SRT,北海道,0,,-
CANNON BALLERS,NITROUS CANNON,0,,-,1362,BIWA,北海道,1968,PK,北海道,3601,MO-2.,北海道,0,,-
CANNON BALLERS,No Limit 2 dAnce feat. 大山愛未,0,,-,972,ALIKA,北海道,1545,IIDX33,北海道,2340,MAHINA,北海道,0,,-
CANNON BALLERS,Nothing but Theory,0,,-,1095,ALIKA,北海道,1549,MABO,北海道,2859,CERA.,北海道,3735,PERO,北海道
CANNON BALLERS,O/D*20,0,,-,1143,BIWA,北海道,1685,MINE*,北海道,2125,KA10.T,北海道,3856,MO-2.,北海道
CANNON BALLERS,Only for now,0,,-,912,ALIKA,北海道,1592,N!?,北海道,2257,KOJI,北海道,0,,-
CANNON BALLERS,Papilio ulysses,0,,-,1202,BIWA,北海道,2091,-YOMO-,北海道,2962,SRT,北海道,0,,-
CANNON BALLERS,Persephone,0,,-,1271,BIWA,北海道,1902,XENO.K,北海道,3033,OMEN,北海道,0,,-
CANNON BALLERS,Rampage,0,,-,1289,ALIKA,北海道,2499,MAHINA,北海道,3640,SRT,北海道,0,,-
CANNON BALLERS,Raspberry Railgun,0,,-,1390,IIDX33,北海道,2262,MAHINA,北海道,3165,AFICYW,北海道,0,,-
CANNON BALLERS,REVOLVER,0,,-,919,BIWA,北海道,1679,N!?,北海道,2757,MARIO$,北海道,3311,SRT,北海道
CANNON BALLERS,Sleepless days,0,,-,508,ELAINA,北海道,912,MAHINA,北海道,1576,MAHINA,北海道,0,,-
CANNON BALLERS,Slipstream,0,,-,1067,BIWA,北海道,1999,17.CCC,北海道,3532,MO-2.,北海道,0,,-
CANNON BALLERS,SPEED DEMON,0,,-,755,BIWA,北海道,1426,BIWA,北海道,2379,SRT,北海道,0,,-
CANNON BALLERS,STARLIGHT JUNCTION,0,,-,897,ELAINA,北海道,1571,ALIKA,北海道,2279,MUXXXX,北海道,2886,MARIO$,北海道
CANNON BALLERS,Static State,0,,-,1061,ALIKA,北海道,1695,17.CCC,北海道,2356,MAHINA,北海道,0,,-
CANNON BALLERS,Temple of Anubis,0,,-,1014,ALIKA,北海道,1513,IIDX33,北海道,2684,SRT,北海道,0,,-
CANNON BALLERS,THE CANNONBALLER,484,ELAINA,北海道,1517,ALIKA,北海道,2443,MAHINA,北海道,3431,OMEN,北海道,0,,-
CANNON BALLERS,The Chase,0,,-,683,ELAINA,北海道,1360,MAHINA,北海道,2195,SRT,北海道,0,,-
CANNON BALLERS,UMMU,421,QZQX.Q,北海道,1217,ALIKA,北海道,2134,MAHINA,北海道,3120,OMEN,北海道,0,,-
CANNON BALLERS,Usual Days-remix,0,,-,1074,ALIKA,北海道,1465,MINE*,北海道,2678,KOJI,北海道,0,,-
CANNON BALLERS,Xperanza,544,QZQX.Q,北海道,1391,ALIKA,北海道,2459,MAHINA,北海道,3186,MARIO$,北海道,0,,-
CANNON BALLERS,うさ☆かめ 大戦争！,0,,-,940,ELAINA,北海道,1582,17.CCC,北海道,2499,PERO,北海道,0,,-
CANNON BALLERS,エディブルフラワーの独白,0,,-,811,ELAINA,北海道,1559,ALIKA,北海道,2201,MAHINA,北海道,0,,-
CANNON BALLERS,シムルグの目醒め,0,,-,1388,ALIKA,北海道,2300,AKAJIN,北海道,3592,SRT,北海道,0,,-
CANNON BALLERS,ナイトシティー・アヴァンチュール,0,,-,1029,ALIKA,北海道,1531,17.CCC,北海道,2091,SRT,北海道,0,,-
CANNON BALLERS,ハイ*ビスカス ft. Kanae Asaba,0,,-,867,BIWA,北海道,1536,SAFARI,北海道,2433,MO-2.,北海道,0,,-
CANNON BALLERS,バ→ビ→ブ→Bomb!,0,,-,840,ELAINA,北海道,1794,17.CCC,北海道,2554,MARIO$,北海道,0,,-
CANNON BALLERS,バスルーム ロマンス,0,,-,959,BIWA,北海道,1468,MAHINA,北海道,2436,OMEN,北海道,0,,-
CANNON BALLERS,パラドキシカル・タイムリープトライアル(Short Ver.),0,,-,1039,BIWA,北海道,1879,MINE*,北海道,2787,PERO,北海道,0,,-
CANNON BALLERS,ラストセンチュリーメランコリック,0,,-,851,IIDX33,北海道,1563,A,北海道,2207,SRT,北海道,0,,-
CANNON BALLERS,共犯ヘヴンズコード,0,,-,512,ALIKA,北海道,1360,17.CCC,北海道,2260,LIZ,北海道,0,,-
CANNON BALLERS,命の標本,0,,-,735,BIWA,北海道,1695,MAHINA,北海道,2700,SRT,北海道,0,,-
CANNON BALLERS,東京神話,467,ELAINA,北海道,1037,BIWA,北海道,1693,NORO,北海道,2905,OMEN,北海道,0,,-
CANNON BALLERS,神謳 -RESONANCE-,0,,-,1382,BIWA,北海道,2503,IKA,北海道,4056,OMEN,北海道,0,,-
CANNON BALLERS,純真可憐デザイア,254,ELAINA,北海道,829,ELAINA,北海道,1602,17.CCC,北海道,2331,MO-2.,北海道,2970,PERO,北海道
CANNON BALLERS,草原の王女-軌跡を辿って-,0,,-,696,ELAINA,北海道,1238,17.CCC,北海道,2323,PERO,北海道,0,,-
Rootage,& Intelligence,0,,-,1170,ALIKA,北海道,2072,17.CCC,北海道,3178,CERA.,北海道,0,,-
Rootage,50th Memorial Songs -Beginning Story-,321,QZQX.Q,北海道,817,ELAINA,北海道,1629,17.CCC,北海道,2699,MAHINA,北海道,0,,-
Rootage,50th Memorial Songs -Flagship medley-,364,PONTAQ,北海道,895,NOZ,北海道,1508,17.CCC,北海道,2256,MAI.K,北海道,0,,-
Rootage,50th Memorial Songs -The BEMANI History-,543,QZQX.Q,北海道,1078,IIDX33,北海道,1641,17.CCC,北海道,2631,MARIO$,北海道,0,,-
Rootage,50th Memorial Songs -二人の時 ～under the cherry blossoms～-,557,QZQX.Q,北海道,1220,ELAINA,北海道,1648,MAHINA,北海道,2616,MARIO$,北海道,0,,-
Rootage,Afterimage d'automne,0,,-,985,9ROKA.,北海道,1736,N!?,北海道,2871,MO-2.,北海道,0,,-
Rootage,BLACK JACKAL,0,,-,851,ALIKA,北海道,1617,N!?,北海道,2326,MAHINA,北海道,0,,-
Rootage,BLO§OM,0,,-,1078,BIWA,北海道,1680,N!?,北海道,2558,PERO,北海道,0,,-
Rootage,Carmina,530,ELAINA,北海道,1254,PRIMO,北海道,2476,MAHINA,北海道,3884,OMEN,北海道,0,,-
Rootage,Carry Me Away,529,QZQX.Q,北海道,1132,ALIKA,北海道,1807,MINE*,北海道,3171,PERO,北海道,0,,-
Rootage,Catch Our Fire!,0,,-,1333,GHOST,北海道,2231,-YOMO-,北海道,3695,PERO,北海道,0,,-
Rootage,CODE:0,0,,-,1416,QZQX.Q,北海道,2202,N!?,北海道,2792,MO-2.,北海道,3548,SRT,北海道
Rootage,CoMAAAAAAA,0,,-,1255,ALIKA,北海道,2049,17.CCC,北海道,2401,*WOOL*,北海道,3899,SRT,北海道
Rootage,COSMIC CYBER,0,,-,1032,ELAINA,北海道,1677,17.CCC,北海道,2894,*WOOL*,北海道,0,,-
Rootage,Cranberry City ft. Luschel,0,,-,856,ALIKA,北海道,1628,N!?,北海道,2423,OMEN,北海道,0,,-
Rootage,dAuntl3ss,0,,-,1073,BIWA,北海道,2027,N!?,北海道,3505,OMEN,北海道,0,,-
Rootage,Dr. Chemical & Killing Machine,0,,-,1104,LAURIE,北海道,1901,MAHINA,北海道,3395,SRT,北海道,0,,-
Rootage,Drastic Dramatic,0,,-,1496,BIWA,北海道,2436,MAHINA,北海道,3508,OMEN,北海道,0,,-
Rootage,DRUNK MONKY,0,,-,1009,ALIKA,北海道,1576,-YOMO-,北海道,2298,MO-2.,北海道,0,,-
Rootage,Ember Lights,0,,-,959,REIN-A,北海道,1673,N!?,北海道,2702,CERA.,北海道,3152,SRT,北海道
Rootage,EVANESCENT,0,,-,1280,ALIKA,北海道,2382,MAHINA,北海道,3607,PERO,北海道,0,,-
Rootage,Garuda,0,,-,1034,QZQX.Q,北海道,1611,17.CCC,北海道,2606,SRT,北海道,0,,-
Rootage,Geirskögul,0,,-,1076,ALIKA,北海道,1607,MAHINA,北海道,2227,MAHINA,北海道,0,,-
Rootage,GENE,0,,-,1275,SOLTY,北海道,1983,MAI.K,北海道,4334,CERA.,北海道,3511,OMEN,北海道
Rootage,GIGA THRASH,0,,-,1261,ALIKA,北海道,1839,17.CCC,北海道,2733,SRT,北海道,0,,-
Rootage,Glory,0,,-,766,IIDX33,北海道,1629,17.CCC,北海道,2304,MAHINA,北海道,0,,-
Rootage,GO OVER WITH GLARE -ROOTAGE 26-,0,,-,1057,BIWA,北海道,2278,MAHINA,北海道,3962,SRT,北海道,0,,-
Rootage,HARD BRAIN,0,,-,1362,IIDX33,北海道,2062,MUXXXX,北海道,3756,PERO,北海道,0,,-
Rootage,HEISEI,376,ELAINA,北海道,1127,BIWA,北海道,1959,N!?,北海道,2567,SRT,北海道,0,,-
Rootage,Hurry Hurry,0,,-,744,ELAINA,北海道,1032,17.CCC,北海道,2085,CERA.,北海道,0,,-
Rootage,IDC feat.REVERBEE (Mo'Cuts Ver),0,,-,1031,NOZ,北海道,1559,MAHINA,北海道,2153,KA10.T,北海道,0,,-
Rootage,IDOL syndrome.,0,,-,758,ELAINA,北海道,1434,17.CCC,北海道,2180,KOJI,北海道,3037,SRT,北海道
Rootage,KILL EACH OTHER,0,,-,1363,GHOST,北海道,2478,N!?,北海道,3839,MARIO$,北海道,0,,-
Rootage,L.F.O,0,,-,873,TAGY,北海道,1748,-YOMO-,北海道,3336,OMEN,北海道,0,,-
Rootage,LADYBIRD,0,,-,1027,NOZ,北海道,1702,MAHINA,北海道,2452,AFICYW,北海道,0,,-
Rootage,Let me be your cure,0,,-,1129,ELAINA,北海道,1432,MAHINA,北海道,2682,OMEN,北海道,0,,-
Rootage,Lethal Weapon,0,,-,1156,QZQX.Q,北海道,1897,MAHINA,北海道,3229,CERA.,北海道,0,,-
Rootage,Level One,0,,-,1242,BIWA,北海道,2308,MAHINA,北海道,3611,SRT,北海道,0,,-
Rootage,Lift Us High,0,,-,944,ELAINA,北海道,1605,MAHINA,北海道,2459,MUXXXX,北海道,0,,-
Rootage,LOST TECHNOLOGIE,0,,-,1149,ALIKA,北海道,1877,RABBIT,北海道,3454,MO-2.,北海道,0,,-
Rootage,Macho Monky,0,,-,1427,ALIKA,北海道,2127,MAHINA,北海道,3053,OMEN,北海道,0,,-
Rootage,Necroxis Girl,0,,-,1150,BIWA,北海道,1942,17.CCC,北海道,2789,MARIO$,北海道,0,,-
Rootage,"Next Tales 2 Oath (IIDX 20th Anniv ""Ring"" Theme)",0,,-,898,ELAINA,北海道,1592,SNCHAN,北海道,2723,CERA.,北海道,0,,-
Rootage,Night! Night! Night!,0,,-,1200,ALIKA,北海道,1856,N!?,北海道,3054,PERO,北海道,0,,-
Rootage,ONIGOROSHI,0,,-,1168,ALIKA,北海道,2162,N!?,北海道,3000,CERA.,北海道,0,,-
Rootage,OVER TIME,0,,-,582,ELAINA,北海道,969,17.CCC,北海道,1554,*WOOL*,北海道,2021,PERO,北海道
Rootage,Painful Fate,0,,-,1215,9ROKA.,北海道,2305,MAHINA,北海道,3393,SRT,北海道,0,,-
Rootage,Playing With Fire,0,,-,998,ALIKA,北海道,1672,17.CCC,北海道,2351,CIS,北海道,0,,-
Rootage,Psycho Sheep Riddim,0,,-,634,GHOST,北海道,998,17.CCC,北海道,1667,MO-2.,北海道,2294,SRT,北海道
Rootage,Red. by Jack Trance,0,,-,1493,ALIKA,北海道,2176,MARIO$,北海道,3571,SRT,北海道,0,,-
Rootage,REPLAY,0,,-,934,TAGY,北海道,1628,5*LEAF,北海道,2262,*WOOL*,北海道,0,,-
Rootage,ROCK女 feat. 大山愛未， Ken,0,,-,1059,ALIKA,北海道,1761,17.CCC,北海道,2835,SRT,北海道,0,,-
Rootage,ruin of opals,0,,-,994,CMG,北海道,1955,MAHINA,北海道,3146,SRT,北海道,0,,-
Rootage,R∞tAge,537,QZQX.Q,北海道,1109,ALIKA,北海道,1690,MUXXXX,北海道,2973,SRT,北海道,0,,-
Rootage,SPEED ROCKER,0,,-,877,ELAINA,北海道,1727,MAHINA,北海道,2266,MAHINA,北海道,0,,-
Rootage,Technicolour Dreams,0,,-,923,QZQX.Q,北海道,1426,17.CCC,北海道,2394,PERO,北海道,0,,-
Rootage,The Best of Both Worlds,0,,-,598,ELAINA,北海道,1419,ALIKA,北海道,2248,SRT,北海道,0,,-
Rootage,THE DAY OF JUBILATIONS,0,,-,1426,NOZ,北海道,2364,-YOMO-,北海道,3462,MO-2.,北海道,0,,-
Rootage,The Rebellion of Sequencer,0,,-,1166,NOZ,北海道,1995,-YOMO-,北海道,3161,OMEN,北海道,0,,-
Rootage,toy boxer,0,,-,774,IIDX33,北海道,1437,MAHINA,北海道,2239,SRT,北海道,0,,-
Rootage,ToyCube Pf.(RX-Ver.S.P.L.),0,,-,740,ELAINA,北海道,1475,QZQX.Q,北海道,2274,CERA.,北海道,0,,-
Rootage,Trill auf G,0,,-,1163,IIDX33,北海道,2092,AKAJIN,北海道,3275,OMEN,北海道,0,,-
Rootage,Twilight Warp,0,,-,956,ALIKA,北海道,1430,17.CCC,北海道,2150,MAHINA,北海道,0,,-
Rootage,Unbelief,0,,-,1108,ALIKA,北海道,2117,-YOMO-,北海道,3223,OMEN,北海道,0,,-
Rootage,UNDERWORLD HOLOGRAPHY,0,,-,1139,ALIKA,北海道,2142,N!?,北海道,3275,PERO,北海道,0,,-
Rootage,Urban Constellations,0,,-,715,QZQX.Q,北海道,1521,N!?,北海道,2317,SRT,北海道,3477,SRT,北海道
Rootage,Visterhv,0,,-,1265,ALIKA,北海道,2284,MAHINA,北海道,3718,SRT,北海道,0,,-
Rootage,voltississimo,0,,-,1182,ALIKA,北海道,2112,-YOMO-,北海道,3694,OMEN,北海道,0,,-
Rootage,Wing of Hearts,0,,-,1110,BIWA,北海道,1780,BIWA,北海道,2926,PERO,北海道,0,,-
Rootage,Wolf 1061,0,,-,1015,ALIKA,北海道,1688,17.CCC,北海道,3156,SRT,北海道,0,,-
Rootage,Wonderland,0,,-,1068,ALIKA,北海道,1883,MAHINA,北海道,2741,*WOOL*,北海道,0,,-
Rootage,X-DEN,0,,-,1641,AFICYW,北海道,2713,CERA.,北海道,4222,OMEN,北海道,0,,-
Rootage,XENON II ～TOMOYUKIの野望～,0,,-,1173,ALIKA,北海道,1752,17.CCC,北海道,2996,PERO,北海道,0,,-
Rootage,Xlo,0,,-,1522,ALIKA,北海道,2398,UNESCO,北海道,3792,MARIO$,北海道,0,,-
Rootage,Yum Yum Jelly,0,,-,782,BIWA,北海道,1587,MAHINA,北海道,2393,SRT,北海道,0,,-
Rootage,ZENDEGI DANCE,0,,-,1170,BIWA,北海道,1866,N!?,北海道,2778,SRT,北海道,0,,-
Rootage,おーまい！らぶりー！すうぃーてぃ！だーりん！,0,,-,1099,ALIKA,北海道,1953,17.CCC,北海道,2949,SRT,北海道,0,,-
Rootage,お菓子の王国,0,,-,1419,ALIKA,北海道,2319,MAHINA,北海道,4124,OMEN,北海道,0,,-
Rootage,グラナダの風,0,,-,793,ELAINA,北海道,1218,17.CCC,北海道,1852,MAHINA,北海道,0,,-
Rootage,セカンドピアス,0,,-,601,QZQX.Q,北海道,1083,17.CCC,北海道,2025,MARIO$,北海道,0,,-
Rootage,ハードベース・フェスタ,0,,-,1143,ALIKA,北海道,1794,ALIKA,北海道,2850,MO-2.,北海道,0,,-
Rootage,ミストレス・アンに花束を,0,,-,582,ELAINA,北海道,1005,.IXION,北海道,1429,MAHINA,北海道,0,,-
Rootage,ミッドナイト☆WAR,0,,-,822,ELAINA,北海道,1580,17.CCC,北海道,2507,PERO,北海道,0,,-
Rootage,夏の匂い。キミの残像。 ft. Kanae Asaba,0,,-,690,ELAINA,北海道,1546,MAHINA,北海道,2550,MAHINA,北海道,0,,-
Rootage,抱きしめてモナムール,0,,-,1309,ALIKA,北海道,2277,WA!!,北海道,4192,SRT,北海道,0,,-
Rootage,最小三倍完全数,0,,-,898,ELAINA,北海道,1808,MAHINA,北海道,2559,MO-2.,北海道,0,,-
Rootage,泰東ノ翠霞,0,,-,437,774-3,北海道,736,XENTZ,北海道,1747,CIS,北海道,0,,-
Rootage,深愛のリグレット,0,,-,796,IIDX33,北海道,1191,ALIKA,北海道,2373,BISKE,北海道,0,,-
Rootage,爆ゼニ☆がってんワーカー,0,,-,1238,ALIKA,北海道,1880,ALIKA,北海道,2713,CERA.,北海道,0,,-
Rootage,花冠 feat.Aikapin,0,,-,958,ELAINA,北海道,1668,17.CCC,北海道,2553,PERO,北海道,0,,-
Rootage,金野火織の金色提言,0,,-,1226,D.D.D.,北海道,2276,MAHINA,北海道,3165,SRT,北海道,0,,-
Rootage,龍王の霊廟(Mausoleum Of The Primal Dragon),0,,-,1114,ELAINA,北海道,2356,MAHINA,北海道,3214,CERA.,北海道,4010,CERA.,北海道
HEROIC VERSE,27th style,0,,-,1127,ELAINA,北海道,1789,MUXXXX,北海道,2561,MARIO$,北海道,3251,KAMA,北海道
HEROIC VERSE,Advent Infamous,0,,-,1007,ALIKA,北海道,1679,N!?,北海道,2855,CERA.,北海道,0,,-
HEROIC VERSE,AKASHIC BREAK,0,,-,1254,BIWA,北海道,2423,MAHINA,北海道,3611,SRT,北海道,0,,-
HEROIC VERSE,And-RoiD,0,,-,734,ELAINA,北海道,1330,17.CCC,北海道,2008,*WOOL*,北海道,0,,-
HEROIC VERSE,Artist,0,,-,1229,NOZ,北海道,2316,MINE*,北海道,3550,CERA.,北海道,0,,-
HEROIC VERSE,Backyard Stars,0,,-,1025,GHOST,北海道,1593,XENO.K,北海道,2296,SRT,北海道,0,,-
HEROIC VERSE,BEAT PRISONER,0,,-,1161,SHINJI,北海道,2028,XENO.K,北海道,3633,SRT,北海道,0,,-
HEROIC VERSE,beatAffection,0,,-,1026,ALIKA,北海道,1553,17.CCC,北海道,2669,PERO,北海道,0,,-
HEROIC VERSE,Beautiful Harmony (IIDX Mix),0,,-,881,ELAINA,北海道,1718,RABBIT,北海道,2463,PERO,北海道,0,,-
HEROIC VERSE,Bow shock!!,0,,-,798,ELAINA,北海道,1968,N!?,北海道,3086,CERA.,北海道,4299,OMEN,北海道
HEROIC VERSE,Calvados Queen,0,,-,971,ALIKA,北海道,1543,N!?,北海道,2478,SRT,北海道,0,,-
HEROIC VERSE,Change Yourself,0,,-,950,ALIKA,北海道,1766,MAHINA,北海道,2513,KA10.T,北海道,0,,-
HEROIC VERSE,Crank It,0,,-,777,ELAINA,北海道,1455,17.CCC,北海道,2452,SRT,北海道,0,,-
HEROIC VERSE,Dans la nuit de l'eternite,0,,-,1353,BIWA,北海道,2194,-YOMO-,北海道,3515,SRT,北海道,0,,-
HEROIC VERSE,Do What You Want,0,,-,698,QZQX.Q,北海道,1255,17.CCC,北海道,2019,MO-2.,北海道,0,,-
HEROIC VERSE,Double Dribble,0,,-,1285,BIWA,北海道,1861,PHILIP,北海道,3322,9MARY0,北海道,0,,-
HEROIC VERSE,EROICA,0,,-,1383,BIWA,北海道,2325,LIA.,北海道,3974,OMEN,北海道,0,,-
HEROIC VERSE,Everlasting Message,0,,-,1242,ALIKA,北海道,2334,MAHINA,北海道,3864,OMEN,北海道,0,,-
HEROIC VERSE,fairy cocktail,0,,-,459,IIDX33,北海道,1092,17.CCC,北海道,1639,MAHINA,北海道,0,,-
HEROIC VERSE,Fly Above (Vicissitude Remix),0,,-,862,ELAINA,北海道,1510,17.CCC,北海道,2381,MO-2.,北海道,0,,-
HEROIC VERSE,Forgetting Machine,0,,-,727,BIWA,北海道,1258,MAHINA,北海道,1720,PERO,北海道,0,,-
HEROIC VERSE,Friction[!]Function,0,,-,1085,BIWA,北海道,1812,N!?,北海道,3182,MO-2.,北海道,0,,-
HEROIC VERSE,GHOST,0,,-,826,ALIKA,北海道,1491,ALIKA,北海道,2786,SRT,北海道,0,,-
HEROIC VERSE,GIGA VIOLATE,0,,-,1075,QZQX.Q,北海道,1664,N!?,北海道,2739,MARIO$,北海道,0,,-
HEROIC VERSE,Hold My Hand,0,,-,916,ELAINA,北海道,1664,17.CCC,北海道,2470,MUXXXX,北海道,0,,-
HEROIC VERSE,Hyper Drive feat. ぷにぷに電機,0,,-,663,ALIKA,北海道,1501,ALIKA,北海道,1996,KOJI,北海道,0,,-
HEROIC VERSE,If,0,,-,759,ELAINA,北海道,1327,17.CCC,北海道,1898,PERO,北海道,0,,-
HEROIC VERSE,Inferno of Fomalhaut,0,,-,1008,ELAINA,北海道,1907,N!?,北海道,3278,SRT,北海道,0,,-
HEROIC VERSE,Infinity Mirror,0,,-,842,ELAINA,北海道,1409,N!?,北海道,2322,SRT,北海道,0,,-
HEROIC VERSE,Into The Madness,0,,-,975,QZQX.Q,北海道,1548,17.CCC,北海道,2513,9MARY0,北海道,0,,-
HEROIC VERSE,LASER CRUSTER (IGNITE REMIX),0,,-,773,9ROKA.,北海道,1712,MINE*,北海道,3535,MO-2.,北海道,0,,-
HEROIC VERSE,Level 2,0,,-,947,RABBIT,北海道,1738,MARIO$,北海道,2819,CERA.,北海道,0,,-
HEROIC VERSE,LIGHTNING STRIKES,472,ELAINA,北海道,932,ELAINA,北海道,1664,MINE*,北海道,3248,PERO,北海道,4196,SRT,北海道
HEROIC VERSE,Like+it!,0,,-,1058,ALIKA,北海道,1748,MUXXXX,北海道,2368,*WOOL*,北海道,0,,-
HEROIC VERSE,Lords Of The Roundtable,0,,-,1048,BIWA,北海道,1855,MAHINA,北海道,3071,SRT,北海道,0,,-
HEROIC VERSE,Lost Souls,0,,-,703,ELAINA,北海道,1578,AKAJIN,北海道,2452,MARIO$,北海道,3983,SRT,北海道
HEROIC VERSE,Matt Silver,0,,-,1180,ALIKA,北海道,2104,-YOMO-,北海道,3357,SRT,北海道,0,,-
HEROIC VERSE,Megalara Garuda,0,,-,1442,BIWA,北海道,1958,WA!!,北海道,3057,SRT,北海道,0,,-
HEROIC VERSE,Mel,0,,-,781,ELAINA,北海道,1508,MINE*,北海道,2173,*WOOL*,北海道,2727,PERO,北海道
HEROIC VERSE,Moving on,0,,-,1039,IIDX33,北海道,1901,ALIKA,北海道,2991,CERA.,北海道,0,,-
HEROIC VERSE,Nasty Techniques,0,,-,977,ELAINA,北海道,1680,TAGY,北海道,2637,MO-2.,北海道,0,,-
HEROIC VERSE,NEWALONE,0,,-,570,PKA,北海道,1287,17.CCC,北海道,2014,SRT,北海道,0,,-
HEROIC VERSE,ORCA,0,,-,1332,ALIKA,北海道,2389,MAHINA,北海道,3454,SRT,北海道,0,,-
HEROIC VERSE,OUTER PLANETS,0,,-,661,ELAINA,北海道,1389,17.CCC,北海道,2177,CERA.,北海道,0,,-
HEROIC VERSE,Override,0,,-,951,BIWA,北海道,1588,NA4RO-,北海道,2908,CERA.,北海道,4338,SRT,北海道
HEROIC VERSE,PHASE SHIFT MANEUVER,0,,-,1262,ALIKA,北海道,1641,GKUSON,北海道,2858,SRT,北海道,0,,-
HEROIC VERSE,Primitive Vibes,584,QZQX.Q,北海道,1162,ALIKA,北海道,1999,MAHINA,北海道,3111,CERA.,北海道,0,,-
HEROIC VERSE,Queen Kaguya,0,,-,958,XENTZ,北海道,1864,ALIKA,北海道,2636,PERO,北海道,0,,-
HEROIC VERSE,Rainstorm,0,,-,975,ALIKA,北海道,1513,17.CCC,北海道,2278,RIME,北海道,0,,-
HEROIC VERSE,Rave Patroller,0,,-,1316,SHINJI,北海道,2238,IKA,北海道,3392,SRT,北海道,0,,-
HEROIC VERSE,rough percussionythm,0,,-,997,K.,北海道,1611,17.CCC,北海道,2544,SRT,北海道,0,,-
HEROIC VERSE,S!ck (Nhato Remix),0,,-,994,ALIKA,北海道,1591,XENO.K,北海道,2550,SRT,北海道,0,,-
HEROIC VERSE,SCREW // owo // SCREW,0,,-,1119,ALIKA,北海道,2113,RABBIT,北海道,2947,MARIO$,北海道,0,,-
HEROIC VERSE,Shiva,0,,-,729,QZQX.Q,北海道,1431,A,北海道,2140,CERA.,北海道,0,,-
HEROIC VERSE,Silly Love,253,QZQX.Q,北海道,799,QZQX.Q,北海道,1378,17.CCC,北海道,2072,*WOOL*,北海道,0,,-
HEROIC VERSE,Ska-sh All Neurons!!,0,,-,984,ALIKA,北海道,1446,MINE*,北海道,2336,SRT,北海道,0,,-
HEROIC VERSE,Smashing Wedge,0,,-,937,AGO,北海道,2199,MAHINA,北海道,3846,OMEN,北海道,0,,-
HEROIC VERSE,Sparkle Smilin',0,,-,921,IIDX33,北海道,1468,BIWA,北海道,2465,PERO,北海道,0,,-
HEROIC VERSE,STOIC HYPOTHESIS,0,,-,1108,ALIKA,北海道,1750,17.CCC,北海道,2868,SRT,北海道,0,,-
HEROIC VERSE,Sugar Drippin',0,,-,755,ELAINA,北海道,1370,MAHINA,北海道,2119,SRT,北海道,0,,-
HEROIC VERSE,T-REX vs Velociraptor (In the Far east euphoria),0,,-,1395,ALIKA,北海道,1804,GHOST,北海道,3221,OMEN,北海道,0,,-
HEROIC VERSE,take me higher,0,,-,797,ELAINA,北海道,1232,17.CCC,北海道,2014,PERO,北海道,0,,-
HEROIC VERSE,TECHNO Style Essentials,0,,-,1006,ALIKA,北海道,1650,N!?,北海道,2826,PERO,北海道,0,,-
HEROIC VERSE,THE BRAVE MUST DIE,0,,-,1424,LIA.,北海道,2500,MAHINA,北海道,4126,SRT,北海道,0,,-
HEROIC VERSE,THE F∀UST,0,,-,1282,BIWA,北海道,2298,MAHINA,北海道,3630,OMEN,北海道,0,,-
HEROIC VERSE,The Sky of Sadness,0,,-,855,ELAINA,北海道,1525,N!?,北海道,2383,MAHINA,北海道,0,,-
HEROIC VERSE,Theory,0,,-,797,ALIKA,北海道,1396,MINE*,北海道,2641,SRT,北海道,0,,-
HEROIC VERSE,TRIUMPH,0,,-,934,ALIKA,北海道,1959,HUNK,北海道,3372,OMEN,北海道,0,,-
HEROIC VERSE,UNITE THE HEART,0,,-,1487,ALIKA,北海道,2612,MAHINA,北海道,3336,PERO,北海道,0,,-
HEROIC VERSE,VALKYRIAS -英雄誕生-,461,ELAINA,北海道,1041,ELAINA,北海道,1725,ALIKA,北海道,2746,PERO,北海道,0,,-
HEROIC VERSE,VIBRΛ,0,,-,923,BIWA,北海道,1296,17.CCC,北海道,1857,MANYO,北海道,0,,-
HEROIC VERSE,Vinculum stellarum,0,,-,932,ELAINA,北海道,2321,WA!!,北海道,3642,OMEN,北海道,0,,-
HEROIC VERSE,Virus Funk,0,,-,773,ELAINA,北海道,1507,MINE*,北海道,2229,SRT,北海道,0,,-
HEROIC VERSE,Volcanic Dragon,0,,-,1078,ALIKA,北海道,1769,17.CCC,北海道,2965,PERO,北海道,0,,-
HEROIC VERSE,Voo Doo Bamboleo,0,,-,904,ALIKA,北海道,1513,17.CCC,北海道,2490,MAHINA,北海道,0,,-
HEROIC VERSE,Ypsilon,0,,-,1105,QZQX.Q,北海道,1783,17.CCC,北海道,2901,SRT,北海道,3544,*WOOL*,北海道
HEROIC VERSE,がっつり陰キャ!? 怪盗いいんちょの億劫^^;,0,,-,1559,IIDX33,北海道,2718,-YOMO-,北海道,4314,OMEN,北海道,0,,-
HEROIC VERSE,シャムシールの舞,0,,-,847,ELAINA,北海道,1545,17.CCC,北海道,2553,CERA.,北海道,0,,-
HEROIC VERSE,セピアの軌跡 ft. 天宮みや(少女フラクタル),376,ELAINA,北海道,804,ELAINA,北海道,1439,17.CCC,北海道,2390,MARIO$,北海道,0,,-
HEROIC VERSE,バッドエンド・シンドローム,0,,-,1052,BIWA,北海道,1729,17.CCC,北海道,2974,PERO,北海道,0,,-
HEROIC VERSE,ピアノ協奏曲第1番”蠍火” (BlackY Remix),0,,-,1025,BIWA,北海道,2103,MUXXXX,北海道,3788,SRT,北海道,0,,-
HEROIC VERSE,ラブキラ☆スプラッシュ,0,,-,1116,BIWA,北海道,1632,TAGY,北海道,2515,MAHINA,北海道,0,,-
HEROIC VERSE,ランカーキラーガール,0,,-,1139,QZQX.Q,北海道,1826,17.CCC,北海道,2928,PERO,北海道,0,,-
HEROIC VERSE,曼荼羅恋々,0,,-,1096,ELAINA,北海道,1715,17.CCC,北海道,2753,CERA.,北海道,0,,-
HEROIC VERSE,深淵に捧ぐレクイエム,0,,-,850,BIWA,北海道,1606,XENO.K,北海道,3051,SRT,北海道,0,,-
HEROIC VERSE,灼熱Beach Side Bunny (Masayoshi Iimori Remix),0,,-,644,GHOST,北海道,1142,MAHINA,北海道,1830,SRT,北海道,0,,-
HEROIC VERSE,狂水一華,0,,-,970,ELAINA,北海道,1759,MUXXXX,北海道,2710,CERA.,北海道,0,,-
HEROIC VERSE,眠りの国のステラ,0,,-,1167,QZQX.Q,北海道,1819,XENO.K,北海道,2745,9MARY0,北海道,0,,-
HEROIC VERSE,華麗なる大犬円舞曲,0,,-,1348,ALIKA,北海道,2092,KOJI,北海道,3498,MO-2.,北海道,0,,-
HEROIC VERSE,錬成人間トリコロイダー,0,,-,1051,ELAINA,北海道,1789,MINE*,北海道,3217,SRT,北海道,0,,-
HEROIC VERSE,開きたまえ！Next stAge！,0,,-,1123,ELAINA,北海道,1657,BIWA,北海道,2855,AFICYW,北海道,0,,-
HEROIC VERSE,魅惑のYUMMYスイーツ,0,,-,917,BIWA,北海道,1786,MAHINA,北海道,3134,SRT,北海道,0,,-
BISTROVER,-65℃,0,,-,1405,ALIKA,北海道,2258,MAHINA,北海道,3732,CERA.,北海道,0,,-
BISTROVER,ABSOLUTE (kors k Remix),0,,-,935,BIWA,北海道,1503,MINE*,北海道,2656,SRT,北海道,0,,-
BISTROVER,Ah Hah Yeah,0,,-,701,SXSNOW,北海道,1439,N!?,北海道,2196,SRT,北海道,0,,-
BISTROVER,AMRITA -不滅ノ花-,0,,-,899,QZQX.Q,北海道,1628,N!?,北海道,2775,CERA.,北海道,0,,-
BISTROVER,apo:llioth,0,,-,1213,ELAINA,北海道,2043,A,北海道,2976,SRT,北海道,0,,-
BISTROVER,As You Want,0,,-,842,ELAINA,北海道,1449,17.CCC,北海道,2447,MAHINA,北海道,0,,-
BISTROVER,ASIAN VIRTUAL REALITIES (MELTING TOGETHER IN DAZZLING DARKNESS),0,,-,1070,ALIKA,北海道,1799,VIENNT,北海道,3305,OMEN,北海道,0,,-
BISTROVER,BEMANI PRO LEAGUE Theme,0,,-,773,ELAINA,北海道,1382,ALIKA,北海道,1969,RIME,北海道,0,,-
BISTROVER,BIGソムタム,563,VIENNT,北海道,1238,9ROKA.,北海道,1906,MAHINA,北海道,3372,SRT,北海道,0,,-
BISTROVER,BLACK or WHITE?,623,ELAINA,北海道,1287,BIWA,北海道,2437,TSURRR,北海道,3994,SRT,北海道,0,,-
BISTROVER,Burning Flame,0,,-,1172,QZQX.Q,北海道,1866,N!?,北海道,2882,CERA.,北海道,3766,PERO,北海道
BISTROVER,Chewingood!!!,306,ELAINA,北海道,866,ELAINA,北海道,1516,MAHINA,北海道,2629,SRT,北海道,0,,-
BISTROVER,COSMIC RAY,0,,-,1297,ALIKA,北海道,2096,NM-M2R,北海道,2859,KIII,北海道,0,,-
BISTROVER,Crazy Jackpot,0,,-,995,ELAINA,北海道,1622,17.CCC,北海道,2874,SRT,北海道,0,,-
BISTROVER,Danza Aestas,0,,-,999,ALIKA,北海道,1763,MAHINA,北海道,3021,MARIO$,北海道,0,,-
BISTROVER,Dawn Saga,0,,-,945,BIWA,北海道,1641,MAHINA,北海道,2741,SRT,北海道,0,,-
BISTROVER,DENIM,0,,-,593,QZQX.Q,北海道,1285,MINE*,北海道,1761,SRT,北海道,0,,-
BISTROVER,Don't Stop The Music feat. Kanae Asaba,0,,-,662,ELAINA,北海道,1303,17.CCC,北海道,1876,MAHINA,北海道,0,,-
BISTROVER,DUAL STRIKER,0,,-,1180,ELAINA,北海道,2521,MAHINA,北海道,3891,SRT,北海道,0,,-
BISTROVER,Empire of Fury,0,,-,1357,IIDX33,北海道,2184,MAHINA,北海道,3328,OMEN,北海道,0,,-
BISTROVER,Euphoric Lagoon,0,,-,892,IIDX33,北海道,1602,17.CCC,北海道,2584,MAHINA,北海道,0,,-
BISTROVER,Explorer feat. ぷにぷに電機,0,,-,753,ELAINA,北海道,1291,17.CCC,北海道,2158,SRT,北海道,2899,MO-2.,北海道
BISTROVER,Farewell to Marrakech,0,,-,907,ALIKA,北海道,1473,AKAJIN,北海道,2233,AFICYW,北海道,0,,-
BISTROVER,Fire Beat,0,,-,1084,BIWA,北海道,1774,RIME,北海道,2737,CERA.,北海道,0,,-
BISTROVER,Frisk And Squeak,0,,-,806,SUICA,北海道,1518,XENO.K,北海道,2416,RIME,北海道,0,,-
BISTROVER,GIGA RAID,0,,-,978,IIDX33,北海道,1816,17.CCC,北海道,2436,SRT,北海道,0,,-
BISTROVER,Globe Glitter,0,,-,1064,BIWA,北海道,1654,ALIKA,北海道,2702,MO-2.,北海道,0,,-
BISTROVER,Here We Are,396,GHOST,北海道,1087,ALIKA,北海道,1689,MINE*,北海道,2477,MAHINA,北海道,0,,-
BISTROVER,HIGH VOLTAGE,0,,-,830,IIDX33,北海道,1427,MINE*,北海道,2255,PERO,北海道,0,,-
BISTROVER,Ignis†Irae,0,,-,1092,BIWA,北海道,2270,PHILIP,北海道,3786,SRT,北海道,0,,-
BISTROVER,IIDX RED Ending (Ryu☆Remix),0,,-,650,ELAINA,北海道,1189,YUK1-S,北海道,1859,MAHINA,北海道,0,,-
BISTROVER,innocent revolver,0,,-,1121,ALIKA,北海道,2365,MAHINA,北海道,3837,PERO,北海道,0,,-
BISTROVER,Jungle Eater,0,,-,1019,BIWA,北海道,1850,MAHINA,北海道,2981,MO-2.,北海道,0,,-
BISTROVER,LAST DAY,0,,-,1105,QZQX.Q,北海道,1709,17.CCC,北海道,3038,CERA.,北海道,0,,-
BISTROVER,Level 3,0,,-,1169,BIWA,北海道,2279,MAHINA,北海道,3616,SRT,北海道,0,,-
BISTROVER,LOCUS OF THE TRAVEL,0,,-,1106,ALIKA,北海道,2522,MAHINA,北海道,3731,OMEN,北海道,0,,-
BISTROVER,Lovely Howdy Cowboy!!,0,,-,1094,ALIKA,北海道,1822,17.CCC,北海道,2774,OMEN,北海道,0,,-
BISTROVER,MA・TSU・RI,0,,-,1093,ALIKA,北海道,1749,K,北海道,2575,PERO,北海道,0,,-
BISTROVER,MEGAERA,0,,-,1420,BIWA,北海道,2161,MAHINA,北海道,3538,SRT,北海道,0,,-
BISTROVER,Midnight Drive,0,,-,594,QZQX.Q,北海道,1337,N!?,北海道,2001,CERA.,北海道,0,,-
BISTROVER,MOVE! (We Keep It Movin'),0,,-,757,ELAINA,北海道,1332,17.CCC,北海道,2191,MO-2.,北海道,0,,-
BISTROVER,Neo Heritage,0,,-,916,NOZ,北海道,1698,N!?,北海道,2854,*WOOL*,北海道,0,,-
BISTROVER,Ocean Blue feat. Luschel,0,,-,861,ALIKA,北海道,1401,QZQX.Q,北海道,2464,MAHINA,北海道,0,,-
BISTROVER,of the first magnitude,0,,-,1034,BIWA,北海道,1885,99F,北海道,2997,SRT,北海道,0,,-
BISTROVER,OTOKOZAKA,0,,-,1059,ALIKA,北海道,1835,17.CCC,北海道,2931,PERO,北海道,0,,-
BISTROVER,Overslept,0,,-,1124,ALIKA,北海道,1772,MAHINA,北海道,2566,PERO,北海道,0,,-
BISTROVER,Para siempre,0,,-,963,ALIKA,北海道,1557,MAHINA,北海道,2910,SRT,北海道,0,,-
BISTROVER,Parvati,0,,-,1027,IIDX33,北海道,1856,MAHINA,北海道,2851,PERO,北海道,0,,-
BISTROVER,POLKAMANIA,429,QZQX.Q,北海道,941,NOZ,北海道,1829,MINE*,北海道,2929,CERA.,北海道,3794,SRT,北海道
BISTROVER,Rejection Girl,0,,-,1017,BIWA,北海道,1660,ALIKA,北海道,2692,SRT,北海道,0,,-
BISTROVER,Ritual of Anubis,0,,-,1160,ALIKA,北海道,1799,MABO,北海道,2797,9MARY0,北海道,0,,-
BISTROVER,Romanticが止まらない,387,GHOST,北海道,939,LAURIE,北海道,1658,17.CCC,北海道,2727,PERO,北海道,0,,-
BISTROVER,rommmo,0,,-,1203,ALIKA,北海道,1796,ALIKA,北海道,3506,SRT,北海道,0,,-
BISTROVER,Rosa azuL,0,,-,886,ELAINA,北海道,1711,AINN,北海道,2760,AFICYW,北海道,0,,-
BISTROVER,Rowdy,0,,-,1050,ALIKA,北海道,1560,AGO,北海道,2492,PERO,北海道,0,,-
BISTROVER,Rubrum Piano,0,,-,925,BIWA,北海道,1686,ALIKA,北海道,2461,PERO,北海道,0,,-
BISTROVER,S-Bahn,0,,-,975,QZQX.Q,北海道,1544,MINE*,北海道,2172,MAHINA,北海道,0,,-
BISTROVER,Sinus Iridum,0,,-,1242,ALIKA,北海道,2051,AFICYW,北海道,3441,SRT,北海道,0,,-
BISTROVER,smooooch・∀・ (Snail's House Remix),0,,-,871,ELAINA,北海道,1587,5*LEAF,北海道,2372,PERO,北海道,0,,-
BISTROVER,SOLID STATE SQUAD -RISEN RELIC REMIX-,0,,-,1263,D.D.D.,北海道,2330,MAHINA,北海道,3274,PERO,北海道,0,,-
BISTROVER,Sugarplum,0,,-,883,ALIKA,北海道,1842,BIWA,北海道,2523,PERO,北海道,0,,-
BISTROVER,Swarm Of Scarabs,0,,-,1053,BIWA,北海道,1527,17.CCC,北海道,2396,PERO,北海道,0,,-
BISTROVER,Tell me what you wish feat.らっぷびと,0,,-,1111,ELAINA,北海道,1622,17.CCC,北海道,2855,PERO,北海道,0,,-
BISTROVER,That Feeling,0,,-,722,ELAINA,北海道,1184,AKAJIN,北海道,1912,MAHINA,北海道,0,,-
BISTROVER,THE PEERLESS UNDER HEAVEN,0,,-,1108,BIWA,北海道,2073,N!?,北海道,3500,SRT,北海道,0,,-
BISTROVER,The Wind of China Express(The 4th Mashup),0,,-,1005,BIWA,北海道,1681,17.CCC,北海道,2565,SRT,北海道,0,,-
BISTROVER,Tiempo Loco,0,,-,1063,ELAINA,北海道,2045,MAHINA,北海道,3707,PERO,北海道,0,,-
BISTROVER,Viridian,0,,-,1072,ALIKA,北海道,2006,MAHINA,北海道,3375,SRT,北海道,0,,-
BISTROVER,Vitrum,0,,-,1085,ALIKA,北海道,1729,WA!!,北海道,3599,CERA.,北海道,0,,-
BISTROVER,WAKE UP NOW,0,,-,944,BIWA,北海道,1423,17.CCC,北海道,2005,MAHINA,北海道,2479,MO-2.,北海道
BISTROVER,When I Met U,0,,-,891,BIWA,北海道,1315,MAHINA,北海道,2051,BISKE,北海道,0,,-
BISTROVER,Winner's Proof ft. KANASA from bless4,273,QZQX.Q,北海道,762,BIWA,北海道,1375,BIWA,北海道,2219,MO-2.,北海道,0,,-
BISTROVER,X-ray binary,0,,-,985,BIWA,北海道,1897,17.CCC,北海道,2817,MARIO$,北海道,0,,-
BISTROVER,Zenith,0,,-,833,ELAINA,北海道,1367,99F,北海道,2207,SRT,北海道,0,,-
BISTROVER,∀,601,QZQX.Q,北海道,1317,GHOST,北海道,2253,MAHINA,北海道,3567,OMEN,北海道,0,,-
BISTROVER,ここからよろしく大作戦143,268,ELAINA,北海道,958,ELAINA,北海道,1784,MAHINA,北海道,2516,MAHINA,北海道,3187,PERO,北海道
BISTROVER,スーパー戦湯ババンバーン,0,,-,1281,ALIKA,北海道,2097,IKA,北海道,3475,SRT,北海道,0,,-
BISTROVER,ディスコルディア,0,,-,1355,ALIKA,北海道,2364,MUXXXX,北海道,4000,SRT,北海道,0,,-
BISTROVER,バッド・スイーツ、バッド・ドリーム,0,,-,1109,BIWA,北海道,1812,LIA.,北海道,3559,SRT,北海道,0,,-
BISTROVER,世界の果てに約束の凱歌を -ReUnion-,0,,-,1187,BIWA,北海道,1861,R*,北海道,3925,SRT,北海道,0,,-
BISTROVER,乱膳の舞姫,0,,-,1059,ALIKA,北海道,1809,17.CCC,北海道,2754,SRT,北海道,0,,-
BISTROVER,二人ノ廃城幽踊宴,0,,-,1204,GHOST,北海道,2189,PHILIP,北海道,3715,SRT,北海道,0,,-
BISTROVER,伐折羅-vajra-,0,,-,1158,ALIKA,北海道,2149,MAHINA,北海道,3656,MARIO$,北海道,0,,-
BISTROVER,儚き恋の華,0,,-,1060,ALIKA,北海道,1870,MAHINA,北海道,3000,CERA.,北海道,0,,-
BISTROVER,新宝島,515,QZQX.Q,北海道,781,ELAINA,北海道,1383,YUK1-S,北海道,2347,MAHINA,北海道,3565,SRT,北海道
BISTROVER,水無月の雫 ft. 小林まな,0,,-,1241,BIWA,北海道,1810,N!?,北海道,2602,RIME,北海道,0,,-
BISTROVER,水鏡の異界,0,,-,895,BIWA,北海道,1738,MAHINA,北海道,3187,CERA.,北海道,0,,-
BISTROVER,涙のテ・エストラーニョ・ムーチョ,0,,-,1376,IIDX33,北海道,1979,ALIKA,北海道,2836,SRT,北海道,0,,-
BISTROVER,無意識のフィロソフィア,0,,-,1129,ALIKA,北海道,2187,17.CCC,北海道,3343,SRT,北海道,0,,-
BISTROVER,犬に雨傘,0,,-,930,ELAINA,北海道,1436,17.CCC,北海道,2106,LIZ,北海道,0,,-
BISTROVER,閠槞彁の願い,0,,-,1014,HINATA,北海道,2154,MAHINA,北海道,3189,SRT,北海道,0,,-
BISTROVER,霧幻メモリア,0,,-,952,ALIKA,北海道,1362,17.CCC,北海道,2037,MAHINA,北海道,0,,-
BISTROVER,魔法のかくれんぼ,0,,-,877,DELUX*,北海道,1560,9ROKA.,北海道,2789,MO-2.,北海道,0,,-
CastHour,10000 MILES AWAY,0,,-,1045,BIWA,北海道,1652,BIWA,北海道,2972,SRT,北海道,0,,-
CastHour,2 Beasts Unchained,0,,-,1468,BIWA,北海道,2220,-YOMO-,北海道,3412,I,北海道,0,,-
CastHour,808monkey,0,,-,750,ELAINA,北海道,1180,17.CCC,北海道,1810,MAHINA,北海道,0,,-
CastHour,ABSOLUTE EVIL,253,BIWA,北海道,1184,BIWA,北海道,2245,N!?,北海道,3513,SRT,北海道,0,,-
CastHour,Aftermath,0,,-,1222,BIWA,北海道,2407,MAHINA,北海道,3579,PERO,北海道,0,,-
CastHour,ALTERNATOR,0,,-,1348,BIWA,北海道,2533,MAHINA,北海道,3790,SRT,北海道,0,,-
CastHour,AMICABLE,0,,-,1018,ELAINA,北海道,1571,A,北海道,2478,MAHINA,北海道,0,,-
CastHour,ANEMONE,221,QZQX.Q,北海道,772,BIWA,北海道,1606,MARIO$,北海道,2138,PERO,北海道,0,,-
CastHour,Angel's Ladder,0,,-,1064,ALIKA,北海道,2239,MUXXXX,北海道,3467,CERA.,北海道,0,,-
CastHour,Ariah,0,,-,710,ELAINA,北海道,1480,17.CCC,北海道,2178,PERO,北海道,0,,-
CastHour,Arkadia,0,,-,1162,BIWA,北海道,2128,N!?,北海道,3680,CERA.,北海道,0,,-
CastHour,Banger Banger Banger Banger,0,,-,980,BIWA,北海道,1729,XENO.K,北海道,2965,CERA.,北海道,0,,-
CastHour,Binary Black Hole,0,,-,1347,BIWA,北海道,2271,TAKE**,北海道,3945,SRT,北海道,0,,-
CastHour,Blue Bird feat. Kanae Asaba,0,,-,655,ALIKA,北海道,1093,17.CCC,北海道,1792,LIZ,北海道,0,,-
CastHour,Brave Spirits,0,,-,719,IIDX33,北海道,1413,17.CCC,北海道,2495,SRT,北海道,0,,-
CastHour,DISPARATE,0,,-,1034,ALIKA,北海道,1765,17.CCC,北海道,2437,CERA.,北海道,0,,-
CastHour,Divine Heaven,0,,-,943,ALIKA,北海道,2005,N!?,北海道,2979,SRT,北海道,0,,-
CastHour,Don't believe the hype,0,,-,1147,ELAINA,北海道,2239,MAHINA,北海道,3207,MARIO$,北海道,0,,-
CastHour,DREAM OF SPACE UFO ABDUCTION,0,,-,1081,ALIKA,北海道,1745,XENTZ,北海道,2714,CERA.,北海道,0,,-
CastHour,Emera,0,,-,871,BIWA,北海道,1642,MAHINA,北海道,2328,MARIO$,北海道,0,,-
CastHour,EMOTiON TRiPPER,0,,-,944,ALIKA,北海道,1480,17.CCC,北海道,2186,MAHINA,北海道,0,,-
CastHour,Ergosphere,0,,-,1006,BIWA,北海道,1813,TAGY,北海道,2761,SRT,北海道,0,,-
CastHour,Fantastic Merry-Go-Round,0,,-,1070,BIWA,北海道,1477,17.CCC,北海道,2114,MAHINA,北海道,0,,-
CastHour,Fegrix,0,,-,1231,BIWA,北海道,2223,IKA,北海道,3292,SRT,北海道,0,,-
CastHour,FINALLY BLAZE,0,,-,930,ALIKA,北海道,1732,ALIKA,北海道,2797,MARIO$,北海道,0,,-
CastHour,Flying Castle,0,,-,1073,GHOST,北海道,2281,MAHINA,北海道,3655,MO-2.,北海道,0,,-
CastHour,Game Changers,0,,-,766,IIDX33,北海道,1429,BIWA,北海道,2717,KA10.T,北海道,0,,-
CastHour,"Get set, Go! feat.Kanae Asaba",0,,-,832,ELAINA,北海道,1435,17.CCC,北海道,2117,LIZ,北海道,0,,-
CastHour,GiGaGaHell,0,,-,1352,ALIKA,北海道,1973,ENOCHA,北海道,3193,CERA.,北海道,0,,-
CastHour,GRAVITON,0,,-,1171,ALIKA,北海道,2066,MAHINA,北海道,3508,SRT,北海道,0,,-
CastHour,hard-wired,0,,-,1552,BIWA,北海道,2323,MAHINA,北海道,3659,SRT,北海道,0,,-
CastHour,Harmonia,0,,-,731,ELAINA,北海道,1244,MAHINA,北海道,2019,MAHINA,北海道,0,,-
CastHour,Hat Surprise,0,,-,690,ELAINA,北海道,1610,ALIKA,北海道,2466,SRT,北海道,0,,-
CastHour,HEARTACHE,0,,-,497,ALIKA,北海道,1183,ALIKA,北海道,1854,SRT,北海道,0,,-
CastHour,kors k's How to make OTOGE CORE,0,,-,777,ELAINA,北海道,1477,LIA.,北海道,2291,PERO,北海道,0,,-
CastHour,Lawes's Parotia,0,,-,872,ELAINA,北海道,1753,N!?,北海道,2559,MO-2.,北海道,0,,-
CastHour,LIVE DRIVING!! feat. 花たん,0,,-,1620,BIWA,北海道,2495,LIA.,北海道,3874,SRT,北海道,0,,-
CastHour,N.O.,0,,-,835,BIWA,北海道,1481,17.CCC,北海道,2534,CERA.,北海道,0,,-
CastHour,n/a,0,,-,1214,ALIKA,北海道,1970,CERA.,北海道,3599,SRT,北海道,0,,-
CastHour,No Day But Today!,438,QZQX.Q,北海道,722,ELAINA,北海道,1326,YUK1-S,北海道,1988,MARIO$,北海道,0,,-
CastHour,Nocturnal 2097,0,,-,947,QZQX.Q,北海道,1915,LIA.,北海道,2945,SRT,北海道,0,,-
CastHour,Non Stop Rock,0,,-,773,ELAINA,北海道,1295,ALIKA,北海道,1862,MO-2.,北海道,0,,-
CastHour,One for All,0,,-,1021,IIDX33,北海道,1758,ALIKA,北海道,3232,SRT,北海道,0,,-
CastHour,Onyx,0,,-,905,BIWA,北海道,1469,A,北海道,2420,SRT,北海道,0,,-
CastHour,P.O.W.E.R.,0,,-,1049,ALIKA,北海道,1673,XENO.K,北海道,2340,MARIO$,北海道,0,,-
CastHour,PIRATES BLADE,0,,-,927,YUK1-S,北海道,1527,N!?,北海道,2143,MAHINA,北海道,0,,-
CastHour,PLASMA SOUL NIGHT feat. Nana Takahashi / 709sec.,431,ELAINA,北海道,1433,LAURIE,北海道,2603,DELI-D,北海道,4509,SRT,北海道,0,,-
CastHour,Pout,0,,-,1069,QZQX.Q,北海道,1777,MAHINA,北海道,2618,SRT,北海道,0,,-
CastHour,Prohibited Props,0,,-,1017,QZQX.Q,北海道,1563,17.CCC,北海道,2270,CERA.,北海道,2976,PERO,北海道
CastHour,Purple Perplex,0,,-,1112,BIWA,北海道,1919,MAHINA,北海道,3023,SRT,北海道,0,,-
CastHour,Push on Beats!～音ゲの国のeX-ストリーマー～,0,,-,1197,XENTZ,北海道,1884,XENO.K,北海道,3385,PERO,北海道,0,,-
CastHour,RAGE feat.H14 of LEONAIR,438,ELAINA,北海道,1096,ALIKA,北海道,2257,N!?,北海道,3479,SRT,北海道,0,,-
CastHour,Silver Bullet,0,,-,1138,CMG,北海道,1978,MAHINA,北海道,3229,SRT,北海道,0,,-
CastHour,Smalt #28598F,0,,-,1092,ALIKA,北海道,2304,-YOMO-,北海道,3380,CERA.,北海道,0,,-
CastHour,SOLID WYVERN,0,,-,1162,SITEN,北海道,1889,XENO.K,北海道,2627,*WOOL*,北海道,3915,OMEN,北海道
CastHour,Souhait bleu,0,,-,907,ALIKA,北海道,1845,XENO.K,北海道,2809,SRT,北海道,0,,-
CastHour,SPARK IN THE NIGHT,0,,-,871,BIWA,北海道,1420,A,北海道,2234,KIII,北海道,0,,-
CastHour,Stepper,0,,-,700,ELAINA,北海道,1475,GHOST,北海道,2187,CERA.,北海道,0,,-
CastHour,Tail Lights,0,,-,1095,BIWA,北海道,1919,MINE*,北海道,3095,9MARY0,北海道,0,,-
CastHour,TOMAHAWK,0,,-,1352,ALIKA,北海道,2281,WA!!,北海道,3517,CERA.,北海道,0,,-
CastHour,Triple Cross,588,ELAINA,北海道,1110,BIWA,北海道,2312,MAHINA,北海道,3313,SRT,北海道,0,,-
CastHour,Ventriloquist,0,,-,772,ELAINA,北海道,1491,ALIKA,北海道,2454,SRT,北海道,0,,-
CastHour,Victory Of Ravers,0,,-,1024,BIWA,北海道,1743,XENO.K,北海道,2550,LIZ,北海道,0,,-
CastHour,WHA,0,,-,1204,ALIKA,北海道,2295,MAHINA,北海道,3581,MO-2.,北海道,0,,-
CastHour,Wonderful Escape,0,,-,951,ELAINA,北海道,1483,MAHINA,北海道,2092,MAHINA,北海道,0,,-
CastHour,Xyndrome,0,,-,966,BIWA,北海道,1657,MAHINA,北海道,2964,SRT,北海道,0,,-
CastHour,《GRANDMASTER》,0,,-,961,ELAINA,北海道,1855,MAHINA,北海道,2962,SRT,北海道,0,,-
CastHour,めでてえ,0,,-,1107,BIWA,北海道,1747,N!?,北海道,2645,9MARY0,北海道,0,,-
CastHour,アクマフカ,0,,-,759,ELAINA,北海道,1535,MAHINA,北海道,2331,SRT,北海道,0,,-
CastHour,ウツシミウツシ,0,,-,1266,ALIKA,北海道,2002,XENO.K,北海道,3183,SRT,北海道,0,,-
CastHour,オドループ,513,QZQX.Q,北海道,1101,BIWA,北海道,1570,YUK1-S,北海道,2345,*WOOL*,北海道,2994,*WOOL*,北海道
CastHour,オールトの雲,0,,-,1220,BIWA,北海道,1876,QZQX.Q,北海道,2661,SRT,北海道,0,,-
CastHour,グッバイ宣言,583,ELAINA,北海道,1099,BIWA,北海道,1771,17.CCC,北海道,3111,SRT,北海道,3686,SRT,北海道
CastHour,シル・ヴ・プレジデント,303,ELAINA,北海道,649,ELAINA,北海道,1211,17.CCC,北海道,1799,*WOOL*,北海道,2593,SRT,北海道
CastHour,ナイトフィクション,0,,-,724,BIWA,北海道,1539,17.CCC,北海道,2165,SRT,北海道,0,,-
CastHour,ハイテックトキオ,0,,-,1067,GHOST,北海道,1874,ALIKA,北海道,2691,CERA.,北海道,3279,SRT,北海道
CastHour,"ピアノ独奏無言歌 ""灰燼""",0,,-,1159,ELAINA,北海道,2431,N!?,北海道,3830,SRT,北海道,0,,-
CastHour,ミュージック・アワー,547,QZQX.Q,北海道,1203,BIWA,北海道,2074,A,北海道,2995,OMEN,北海道,4113,SRT,北海道
CastHour,口カラ凸ゲキ,0,,-,917,ELAINA,北海道,1532,ALIKA,北海道,2398,SRT,北海道,0,,-
CastHour,天邪鬼,414,QZQX.Q,北海道,983,BIWA,北海道,1720,MUXXXX,北海道,3352,SRT,北海道,0,,-
CastHour,怪物,348,ELAINA,北海道,748,ELAINA,北海道,1195,17.CCC,北海道,2405,OMEN,北海道,3286,SRT,北海道
CastHour,愛しくてラヴィンユー ft. マナ,0,,-,798,ELAINA,北海道,1470,17.CCC,北海道,2403,MARIO$,北海道,0,,-
CastHour,月とミルク,0,,-,990,BIWA,北海道,1598,N!?,北海道,2798,SRT,北海道,0,,-
CastHour,烽火連天の刃,0,,-,1115,BIWA,北海道,2345,MAHINA,北海道,3425,MO-2.,北海道,4444,SRT,北海道
CastHour,禊,0,,-,1065,BIWA,北海道,2294,MAHINA,北海道,3187,PERO,北海道,0,,-
CastHour,逆月,0,,-,1506,LIA.,北海道,2370,MAHINA,北海道,3808,SRT,北海道,0,,-
CastHour,雪上断火,0,,-,997,BIWA,北海道,1846,17.CCC,北海道,2999,SRT,北海道,0,,-
CastHour,青の洞窟,0,,-,901,TAGY,北海道,2043,N!?,北海道,3188,SRT,北海道,0,,-
CastHour,黒紅掬い,0,,-,664,BIWA,北海道,1218,N!?,北海道,1823,PERO,北海道,0,,-
RESIDENT,#CMFLG,0,,-,1171,ALIKA,北海道,2265,IKA,北海道,3426,SRT,北海道,0,,-
RESIDENT,24h Endurance Race,0,,-,990,ELAINA,北海道,2095,-YOMO-,北海道,3406,OMEN,北海道,0,,-
RESIDENT,3V0,0,,-,1042,BIWA,北海道,1789,17.CCC,北海道,3015,CERA.,北海道,0,,-
RESIDENT,7 Colors,0,,-,633,ELAINA,北海道,1205,RABBIT,北海道,1938,MAHINA,北海道,0,,-
RESIDENT,Always We Trust In You,0,,-,1168,QZQX.Q,北海道,1814,XENO.K,北海道,3202,MARIO$,北海道,0,,-
RESIDENT,Ambush Ace,0,,-,1051,GHOST,北海道,2134,N!?,北海道,2960,PERO,北海道,0,,-
RESIDENT,AWA AWA,0,,-,782,ELAINA,北海道,1275,QZQX.Q,北海道,2306,*WOOL*,北海道,0,,-
RESIDENT,B.O.D.Y.,0,,-,1067,ELAINA,北海道,2162,N!?,北海道,3433,SRT,北海道,0,,-
RESIDENT,Bad Encryption,0,,-,1290,GHOST,北海道,1939,5*LEAF,北海道,3212,SRT,北海道,0,,-
RESIDENT,Beyond Evolution,0,,-,1461,BIWA,北海道,2522,KOMADO,北海道,4228,OMEN,北海道,0,,-
RESIDENT,BIGWAVERS,0,,-,1160,IIDX33,北海道,1838,XENO.K,北海道,3570,SRT,北海道,0,,-
RESIDENT,C-C-C-N-N-N,0,,-,991,BIWA,北海道,1778,MAHINA,北海道,2839,SRT,北海道,0,,-
RESIDENT,Caldwell 99,0,,-,1041,ALIKA,北海道,1846,HA-2.C,北海道,2507,9MARY0,北海道,3270,AFICYW,北海道
RESIDENT,Chaotoxin,0,,-,1160,9ROKA.,北海道,1722,XENTZ,北海道,3397,SRT,北海道,0,,-
RESIDENT,CODE -CRiMSON-,0,,-,1307,BIWA,北海道,1837,MINE*,北海道,3029,SRT,北海道,0,,-
RESIDENT,CUE CUE RESCUE,522,PRIMO,北海道,1142,BIWA,北海道,1667,SAFARI,北海道,2545,*WOOL*,北海道,3091,SRT,北海道
RESIDENT,dica dica,0,,-,1173,ELAINA,北海道,2340,VXA,北海道,3197,SRT,北海道,0,,-
RESIDENT,Dreaming Dream,0,,-,838,ELAINA,北海道,1408,17.CCC,北海道,2279,SRT,北海道,0,,-
RESIDENT,Driver,0,,-,885,ELAINA,北海道,1285,17.CCC,北海道,1799,*WOOL*,北海道,0,,-
RESIDENT,EXODUS SIGN,0,,-,1235,ALIKA,北海道,1752,17.CCC,北海道,2682,SRT,北海道,0,,-
RESIDENT,Fading Stars,0,,-,1087,ALIKA,北海道,1625,17.CCC,北海道,2721,SRT,北海道,0,,-
RESIDENT,FLARE -炎舞- ft.Nana Takahashi,0,,-,1126,ALIKA,北海道,1896,N!?,北海道,2872,*WOOL*,北海道,0,,-
RESIDENT,Get On Your Feet,0,,-,1131,ALIKA,北海道,1823,N!?,北海道,2706,MO-2.,北海道,0,,-
RESIDENT,GET UP AGAIN,0,,-,1115,ALIKA,北海道,1703,N!?,北海道,2445,SRT,北海道,0,,-
RESIDENT,glacia,0,,-,1200,BIWA,北海道,2171,MAHINA,北海道,2969,CERA.,北海道,0,,-
RESIDENT,Hat Surprise (Season 2),0,,-,1011,ELAINA,北海道,1808,MINE*,北海道,3399,MO-2.,北海道,0,,-
RESIDENT,I,0,,-,1226,ALIKA,北海道,2302,MAHINA,北海道,3734,SRT,北海道,0,,-
RESIDENT,KING,451,ELAINA,北海道,944,BIWA,北海道,1971,EVERIO,北海道,3098,SRT,北海道,3954,SRT,北海道
RESIDENT,kors k's How to make OTOGE CORE 「LONG」,0,,-,1195,BIWA,北海道,2387,MAHINA,北海道,3594,PERO,北海道,0,,-
RESIDENT,LADS,0,,-,934,BIWA,北海道,1639,17.CCC,北海道,2290,MO-2.,北海道,0,,-
RESIDENT,Level 4,0,,-,1195,K.,北海道,2063,MAHINA,北海道,3602,SRT,北海道,0,,-
RESIDENT,LOUDER ROLLING THUNDER,0,,-,1091,ALIKA,北海道,1996,RIME,北海道,3367,9MARY0,北海道,0,,-
RESIDENT,MAX 360,0,,-,1211,ALIKA,北海道,2317,MAHINA,北海道,3176,SRT,北海道,0,,-
RESIDENT,Meissa,0,,-,908,ELAINA,北海道,1640,N!?,北海道,2848,SRT,北海道,0,,-
RESIDENT,Next Level,0,,-,944,ALIKA,北海道,1616,MAHINA,北海道,2178,*WOOL*,北海道,0,,-
RESIDENT,No Border,0,,-,1124,NOZ,北海道,2008,MAHINA,北海道,3716,SRT,北海道,0,,-
RESIDENT,ONE AND ONLY,0,,-,1182,ALIKA,北海道,1760,MINE*,北海道,3193,SRT,北海道,0,,-
RESIDENT,Ou Legends,0,,-,1140,ALIKA,北海道,2081,MAHINA,北海道,3286,PERO,北海道,0,,-
RESIDENT,OVER VOLTAGE,0,,-,1098,ALIKA,北海道,1781,ALIKA,北海道,2618,MARIO$,北海道,0,,-
RESIDENT,Peaktime Booster,0,,-,1161,RABBIT,北海道,1849,MAHINA,北海道,3224,SRT,北海道,0,,-
RESIDENT,Perfect Plan,0,,-,1164,BIWA,北海道,1793,MAHINA,北海道,2623,SRT,北海道,0,,-
RESIDENT,Programmed Genom,0,,-,1121,ALIKA,北海道,1632,MAHINA,北海道,2405,PERO,北海道,0,,-
RESIDENT,Red Soul,0,,-,1056,BIWA,北海道,1765,LIA.,北海道,2899,MARIO$,北海道,0,,-
RESIDENT,Rewind Time,0,,-,699,ELAINA,北海道,1255,17.CCC,北海道,2198,MAHINA,北海道,0,,-
RESIDENT,RINNE,0,,-,1195,BIWA,北海道,2288,FUNYA*,北海道,3526,SRT,北海道,0,,-
RESIDENT,Ruler or Loser,0,,-,978,BIWA,北海道,1668,MAHINA,北海道,2665,CERA.,北海道,0,,-
RESIDENT,Seraph,0,,-,970,ELAINA,北海道,1819,LIA.,北海道,2450,SRT,北海道,0,,-
RESIDENT,Shadow World,0,,-,989,BIWA,北海道,1645,RABBIT,北海道,2729,PERO,北海道,0,,-
RESIDENT,Shamshir,0,,-,1088,ALIKA,北海道,1440,17.CCC,北海道,2213,SRT,北海道,0,,-
RESIDENT,Somnidiscotheque,0,,-,1299,IIDX33,北海道,2010,MO-2.,北海道,3358,SRT,北海道,0,,-
RESIDENT,STAR BEAT,0,,-,833,GHOST,北海道,1733,17.CCC,北海道,2425,KA10.T,北海道,0,,-
RESIDENT,STRAIGHT TO THE STARS,0,,-,1046,BIWA,北海道,1738,MAHINA,北海道,2997,PERO,北海道,0,,-
RESIDENT,Stylus,0,,-,1243,ALIKA,北海道,1973,MAHINA,北海道,2842,MO-2.,北海道,0,,-
RESIDENT,Summerblue,362,QZQX.Q,北海道,1084,ALIKA,北海道,1731,17.CCC,北海道,2452,SRT,北海道,0,,-
RESIDENT,Sunny Day Vibes,0,,-,940,BIWA,北海道,1627,ALIKA,北海道,2294,PERO,北海道,0,,-
RESIDENT,Super Freak,0,,-,1115,BIWA,北海道,1896,MAHINA,北海道,3460,SRT,北海道,0,,-
RESIDENT,suspicions,0,,-,1189,ALIKA,北海道,2267,IKA,北海道,3702,AFICYW,北海道,0,,-
RESIDENT,Swing My Wonderland,0,,-,1304,ALIKA,北海道,2148,HIROO,北海道,3130,PERO,北海道,0,,-
RESIDENT,TECHNOPHOBIA,0,,-,793,BIWA,北海道,1695,MUXXXX,北海道,3055,SRT,北海道,0,,-
RESIDENT,The Clown of 24stairs,0,,-,1093,SITEN,北海道,2213,MAHINA,北海道,3466,SRT,北海道,0,,-
RESIDENT,THE TIME MACHINE,0,,-,1038,NOZ,北海道,1700,MINE*,北海道,2670,MARIO$,北海道,0,,-
RESIDENT,VOID,0,,-,1296,ALIKA,北海道,1901,5*LEAF,北海道,3348,SRT,北海道,0,,-
RESIDENT,VOLAQUAS,0,,-,1316,ALIKA,北海道,2220,MAHINA,北海道,3899,OMEN,北海道,0,,-
RESIDENT,VOLCANIC BIGBEAT,0,,-,1073,BIWA,北海道,1795,ALIKA,北海道,2813,MARIO$,北海道,0,,-
RESIDENT,"wanna be a ""BAD GIRL"" feat. Nana Takahashi",0,,-,792,QZQX.Q,北海道,1269,ELAINA,北海道,2045,MAHINA,北海道,0,,-
RESIDENT,With You,0,,-,832,BIWA,北海道,1565,IIDX33,北海道,2567,SRT,北海道,0,,-
RESIDENT,Xerulean,0,,-,1341,ALIKA,北海道,2033,MAHINA,北海道,3446,SRT,北海道,0,,-
RESIDENT,ZENITH,0,,-,1146,BIWA,北海道,1922,17.CCC,北海道,2994,CERA.,北海道,0,,-
RESIDENT,[ ]DENTITY,0,,-,1157,XENTZ,北海道,2118,MAHINA,北海道,3854,OMEN,北海道,0,,-
RESIDENT,≡+≡,591,QZQX.Q,北海道,1391,SAFARI,北海道,2121,PERO,北海道,3033,SRT,北海道,4632,SRT,北海道
RESIDENT,■□模様,0,,-,985,BIWA,北海道,1517,MINE*,北海道,2651,SRT,北海道,0,,-
RESIDENT,《ORDERBREAKER》,0,,-,998,ALIKA,北海道,1571,17.CCC,北海道,2433,MARIO$,北海道,0,,-
RESIDENT,あるビー！ feat.ころねぽち,0,,-,978,BIWA,北海道,1741,MINE*,北海道,2845,PERO,北海道,0,,-
RESIDENT,おとせサンダー,213,ELAINA,北海道,662,ELAINA,北海道,1192,17.CCC,北海道,2159,MO-2.,北海道,0,,-
RESIDENT,きゅんです。,0,,-,725,BIWA,北海道,1428,IIDX33,北海道,2352,SRT,北海道,0,,-
RESIDENT,ぞうしょく！？マイデンティティ,0,,-,1277,ALIKA,北海道,2281,MAHINA,北海道,3685,SRT,北海道,0,,-
RESIDENT,ちょえちょえまぎか,0,,-,1230,ALIKA,北海道,2296,MAHINA,北海道,3051,SRT,北海道,4192,SRT,北海道
RESIDENT,サヨナラ・ヘヴン-Celtic Chip Dance Mix-,0,,-,910,*BLUE*,北海道,1497,17.CCC,北海道,2610,MARIO$,北海道,0,,-
RESIDENT,チェイスチェイスジョーカーズのうた (オニスタイルリミックス),0,,-,973,ELAINA,北海道,1706,17.CCC,北海道,2834,SRT,北海道,0,,-
RESIDENT,パーフェクトイーター,0,,-,1138,SHIRON,北海道,2050,MINE*,北海道,3001,PERO,北海道,0,,-
RESIDENT,儚キ戀ノ幻想譚,582,QZQX.Q,北海道,1535,LIA.,北海道,2302,MAHINA,北海道,3559,SRT,北海道,0,,-
RESIDENT,少年リップルズ,0,,-,891,QZQX.Q,北海道,1779,17.CCC,北海道,2470,PERO,北海道,0,,-
RESIDENT,恋愛＝精度×認識力,0,,-,1553,ALIKA,北海道,2282,SXSNOW,北海道,3399,CERA.,北海道,0,,-
RESIDENT,惑星☆ロリポップ,0,,-,788,ELAINA,北海道,1592,MINE*,北海道,2821,OMEN,北海道,0,,-
RESIDENT,昏き甲鉄のヴェルガ,0,,-,897,SHIRON,北海道,1623,MAHINA,北海道,2350,KOJI,北海道,0,,-
RESIDENT,月と夢の跡 ft. マナ,0,,-,960,BIWA,北海道,1556,N!?,北海道,2514,*WOOL*,北海道,0,,-
RESIDENT,栄冠のカンパネラ,0,,-,1351,ALIKA,北海道,2173,MAHINA,北海道,3959,SRT,北海道,0,,-
RESIDENT,楽園追放,0,,-,933,ELAINA,北海道,1561,ALIKA,北海道,2422,SRT,北海道,0,,-
RESIDENT,湘南ロンリーMIDNIGHT RAIN,0,,-,977,ALIKA,北海道,1784,17.CCC,北海道,2846,PERO,北海道,0,,-
RESIDENT,異心前進♪ぴょんぴょんぴょん,0,,-,1098,ELAINA,北海道,1644,ALIKA,北海道,2515,SRT,北海道,0,,-
RESIDENT,真夜中のバベル,0,,-,707,IIDX33,北海道,1175,17.CCC,北海道,1750,SRT,北海道,0,,-
RESIDENT,神っぽいな,358,QZQX.Q,北海道,773,ELAINA,北海道,1445,5*LEAF,北海道,2150,SRT,北海道,3055,SRT,北海道
RESIDENT,神のシナリオ,0,,-,1134,SUICA,北海道,1727,MINE*,北海道,3227,MO-2.,北海道,0,,-
RESIDENT,罪過の聖堂,0,,-,803,NOZ,北海道,1356,N!?,北海道,2042,AFICYW,北海道,0,,-
RESIDENT,輪廻の鴉,0,,-,1008,LAURIE,北海道,1788,MAHINA,北海道,2774,MO-2.,北海道,0,,-
RESIDENT,雨のちパノラマセカイ,0,,-,803,ELAINA,北海道,1421,17.CCC,北海道,2214,MAHINA,北海道,0,,-
RESIDENT,響花水月,0,,-,1192,IIDX33,北海道,1905,MAHINA,北海道,2937,MARIO$,北海道,0,,-
EPOLIS,20XX,0,,-,1209,ALIKA,北海道,1826,MAHINA,北海道,2725,SRT,北海道,0,,-
EPOLIS,ACT0,0,,-,1258,ALIKA,北海道,2217,MAHINA,北海道,2996,9MARY0,北海道,0,,-
EPOLIS,Aeterna,0,,-,984,ELAINA,北海道,1587,MAHINA,北海道,2556,MAHINA,北海道,0,,-
EPOLIS,Akatsuki,0,,-,1017,BIWA,北海道,1562,BIWA,北海道,2269,SRT,北海道,0,,-
EPOLIS,Ambivalent Vermilia,0,,-,1523,BIWA,北海道,2434,MAHINA,北海道,4152,OMEN,北海道,0,,-
EPOLIS,Amethyst,0,,-,1309,GHOST,北海道,1857,MUXXXX,北海道,2606,CERA.,北海道,0,,-
EPOLIS,Bitter & Lucky,0,,-,864,BIWA,北海道,1352,MINE*,北海道,2543,SRT,北海道,0,,-
EPOLIS,BLAZING_LAZER,0,,-,1241,ALIKA,北海道,2081,IKA,北海道,3430,MARIO$,北海道,0,,-
EPOLIS,CADENZA,0,,-,1480,MOMIJI,北海道,2488,MAHINA,北海道,4585,SRT,北海道,0,,-
EPOLIS,Chemical Colours,0,,-,1037,ALIKA,北海道,2001,LIA.,北海道,2805,CERA.,北海道,0,,-
EPOLIS,CODE:2,0,,-,1065,ELAINA,北海道,1758,MINE*,北海道,2962,SRT,北海道,0,,-
EPOLIS,COUNTING SHEEP ft. Kanae Asaba,0,,-,674,BIWA,北海道,1289,TAMA,北海道,2226,*WOOL*,北海道,0,,-
EPOLIS,Cult Invitation,0,,-,1198,ESC,北海道,1937,MAHINA,北海道,3450,KIII,北海道,0,,-
EPOLIS,Dahlia,0,,-,1261,GHOST,北海道,2114,MAHINA,北海道,3199,SRT,北海道,0,,-
EPOLIS,DAZZLE ATTACK,550,PRIMO,北海道,974,ALIKA,北海道,1640,A,北海道,2854,PERO,北海道,0,,-
EPOLIS,Deep Sea Mystery,0,,-,1114,ALIKA,北海道,1493,N!?,北海道,1976,SRT,北海道,0,,-
EPOLIS,Demon March,0,,-,1434,BIWA,北海道,2296,OCHA-!,北海道,3639,MO-2.,北海道,0,,-
EPOLIS,Echoes of Sunfall,0,,-,1024,ALIKA,北海道,1665,N!?,北海道,3000,SRT,北海道,0,,-
EPOLIS,frequent,0,,-,1300,D.D.D.,北海道,2324,MAHINA,北海道,3733,PERO,北海道,0,,-
EPOLIS,GAME ON,0,,-,1363,TSURRR,北海道,2178,TAGY,北海道,2721,MARIO$,北海道,0,,-
EPOLIS,Get Higher,0,,-,968,IIDX33,北海道,1613,SNCHAN,北海道,2327,SRT,北海道,0,,-
EPOLIS,Get Wicked,0,,-,886,ELAINA,北海道,1439,XENO.K,北海道,2480,MO-2.,北海道,0,,-
EPOLIS,Ghost Pulse,0,,-,1031,D.D.D.,北海道,1640,SAFARI,北海道,2798,SRT,北海道,0,,-
EPOLIS,Glitch N Ride,0,,-,847,NOZ,北海道,1571,MAHINA,北海道,2662,CERA.,北海道,0,,-
EPOLIS,GloriosA,0,,-,1190,QZQX.Q,北海道,2000,MAHINA,北海道,2857,CERA.,北海道,0,,-
EPOLIS,GLORIOUS HAMMER,0,,-,1110,ALIKA,北海道,1871,MINE*,北海道,3111,PERO,北海道,0,,-
EPOLIS,Hard Breaker,0,,-,771,ELAINA,北海道,1511,GHOST,北海道,2516,KA10.T,北海道,0,,-
EPOLIS,Hat Surprise (Season 3),0,,-,1246,BIWA,北海道,2177,MAHINA,北海道,2711,MAHINA,北海道,0,,-
EPOLIS,i-ii,0,,-,1078,GHOST,北海道,1707,XENO.K,北海道,2904,MO-2.,北海道,0,,-
EPOLIS,INHERITANCE,0,,-,1053,NOZ,北海道,1779,17.CCC,北海道,2840,MARIO$,北海道,3550,PERO,北海道
EPOLIS,Iris,414,BIWA,北海道,836,ELAINA,北海道,1534,EVERIO,北海道,2213,*WOOL*,北海道,0,,-
EPOLIS,Jumper,0,,-,905,ELAINA,北海道,1472,GHOST,北海道,2400,*WOOL*,北海道,0,,-
EPOLIS,Just Gimme,0,,-,953,IIDX33,北海道,1687,ALIKA,北海道,2757,OMEN,北海道,0,,-
EPOLIS,JUSTICE/GUILTY feat. Nana Takahashi & 709sec.,0,,-,1744,LIA.,北海道,2440,OCHA-!,北海道,3896,SRT,北海道,0,,-
EPOLIS,Level 5,0,,-,1328,BIWA,北海道,2437,MAHINA,北海道,3714,SRT,北海道,0,,-
EPOLIS,MAXIMUM CHEAT GIRL,0,,-,1237,BIWA,北海道,2182,-YOMO-,北海道,3576,PERO,北海道,0,,-
EPOLIS,Million Dollar,0,,-,1178,ALIKA,北海道,2037,MAHINA,北海道,3416,MO-2.,北海道,0,,-
EPOLIS,Monkey Business,0,,-,705,QZQX.Q,北海道,1607,N!?,北海道,2598,SRT,北海道,0,,-
EPOLIS,Mukade,0,,-,1111,ALIKA,北海道,1856,ALIKA,北海道,3259,SRT,北海道,0,,-
EPOLIS,My Sweet Bird?,0,,-,848,IIDX33,北海道,1508,ALIKA,北海道,2206,MAHINA,北海道,0,,-
EPOLIS,NEEDLESS MY LOVE FOR YOU,0,,-,1003,BIWA,北海道,1657,MAHINA,北海道,2448,PERO,北海道,0,,-
EPOLIS,Out of Control,0,,-,1158,BIWA,北海道,2271,MAHINA,北海道,3051,MO-2.,北海道,0,,-
EPOLIS,out of disk space,0,,-,1119,IIDX33,北海道,1890,BIWA,北海道,2580,PERO,北海道,0,,-
EPOLIS,PILGRIM,0,,-,970,QZQX.Q,北海道,1640,BIWA,北海道,2719,PERO,北海道,0,,-
EPOLIS,Psychedelic Intelligence,0,,-,1243,XENO.K,北海道,1832,XENO.K,北海道,2870,PERO,北海道,0,,-
EPOLIS,Red Determination,0,,-,1064,TAGY,北海道,1541,-MJKK-,北海道,2647,CERA.,北海道,0,,-
EPOLIS,Resonant,0,,-,1070,ELAINA,北海道,2339,RIME,北海道,3708,SRT,北海道,0,,-
EPOLIS,Riff//rain,208,QZQX.Q,北海道,726,IIDX33,北海道,1278,N!?,北海道,1812,MAHINA,北海道,0,,-
EPOLIS,See You Again,0,,-,1176,ELAINA,北海道,1856,SISUI,北海道,3133,MARIO$,北海道,0,,-
EPOLIS,Seven Times Four,0,,-,1176,ALIKA,北海道,1879,AHOGE,北海道,3445,PERO,北海道,0,,-
EPOLIS,Shapeshifter,0,,-,1094,ALIKA,北海道,1638,GHOST,北海道,2547,SRT,北海道,0,,-
EPOLIS,Sirius,0,,-,1020,ALIKA,北海道,1676,MAHINA,北海道,3216,PERO,北海道,0,,-
EPOLIS,So What,0,,-,620,BIWA,北海道,1131,BIWA,北海道,1839,RIME,北海道,0,,-
EPOLIS,SOLAR ECLIPSE,0,,-,1474,VIENNT,北海道,2466,MAHINA,北海道,3648,SRT,北海道,0,,-
EPOLIS,Speculation,0,,-,1015,BIWA,北海道,1706,BIWA,北海道,3040,SRT,北海道,0,,-
EPOLIS,squall,0,,-,1207,GHOST,北海道,1741,ABEEEE,北海道,2635,MAI.K,北海道,0,,-
EPOLIS,Stereo Beasts,0,,-,1327,QZQX.Q,北海道,2605,MAHINA,北海道,3672,MO-2.,北海道,0,,-
EPOLIS,Submerge Serenade,0,,-,1045,K.,北海道,1830,MAHINA,北海道,2961,SRT,北海道,4119,MO-2.,北海道
EPOLIS,Sword of Vengeance,0,,-,1404,ALIKA,北海道,2196,MAHINA,北海道,3290,SRT,北海道,0,,-
EPOLIS,T.R.O.L.L.,0,,-,1013,ALIKA,北海道,1613,MINE*,北海道,2579,CERA.,北海道,0,,-
EPOLIS,The Last Apocalypse,0,,-,1404,BIWA,北海道,2436,-YOMO-,北海道,3735,MARIO$,北海道,0,,-
EPOLIS,The Onlyonez,0,,-,1024,ALIKA,北海道,1675,AHOGE,北海道,3152,SRT,北海道,0,,-
EPOLIS,This Is Club Musik feat. 大久保紅葉,0,,-,1079,ALIKA,北海道,1709,ALIKA,北海道,2623,PERO,北海道,0,,-
EPOLIS,Time Distortion pt.2(IIDX Edit),0,,-,1307,ALIKA,北海道,1918,ALIKA,北海道,2968,CERA.,北海道,0,,-
EPOLIS,TITANIUM RIDERS,0,,-,884,QZQX.Q,北海道,1481,XENO.K,北海道,2124,MAHINA,北海道,0,,-
EPOLIS,Too Late Snow,0,,-,799,BIWA,北海道,1433,N!?,北海道,2008,LIZ,北海道,0,,-
EPOLIS,TRIP THE DEEP,0,,-,999,BIWA,北海道,1559,TAMA,北海道,2562,SRT,北海道,0,,-
EPOLIS,Tripping Jumping,0,,-,835,BIWA,北海道,1554,MINE*,北海道,2293,SRT,北海道,0,,-
EPOLIS,Vermilion Carol,0,,-,1374,TSURRR,北海道,2241,MAHINA,北海道,3616,PERO,北海道,0,,-
EPOLIS,Vulnerability,0,,-,1309,ALIKA,北海道,1965,MAHINA,北海道,3618,CERA.,北海道,0,,-
EPOLIS,WaterCube Pf.(RX-Ver.S.P.L.),0,,-,564,ELAINA,北海道,1285,QZQX.Q,北海道,2212,SRT,北海道,0,,-
EPOLIS,winkle 2 winkle,0,,-,1058,BIWA,北海道,1836,MINE*,北海道,2796,PERO,北海道,0,,-
EPOLIS,Xb10r,0,,-,1184,99F,北海道,2278,NM-M2R,北海道,3617,SRT,北海道,0,,-
EPOLIS,ZEROIN ON THE LIGHT,0,,-,1110,ELAINA,北海道,1738,ALIKA,北海道,2669,MARIO$,北海道,0,,-
EPOLIS,《PL|RAYER》,0,,-,928,IIDX33,北海道,1715,ALIKA,北海道,2808,PERO,北海道,0,,-
EPOLIS,ちゅ、多様性。,217,QZQX.Q,北海道,525,ELAINA,北海道,1107,SHIRON,北海道,1906,MAHINA,北海道,2267,MAHINA,北海道
EPOLIS,ないないルーティン,0,,-,591,BIWA,北海道,1338,SAFARI,北海道,2105,SRT,北海道,0,,-
EPOLIS,めうめうぺったんたん！！ (ZAQUVA Remix),0,,-,1051,BIWA,北海道,1886,BIWA,北海道,2799,MARIO$,北海道,0,,-
EPOLIS,れとりば！,0,,-,858,BIWA,北海道,1338,MAHINA,北海道,2061,MAHINA,北海道,0,,-
EPOLIS,アイドル,282,ELAINA,北海道,884,BIWA,北海道,1504,LIA.,北海道,2609,*WOOL*,北海道,3192,SRT,北海道
EPOLIS,アタシ完全絶対正義ちゃん！,0,,-,980,ELAINA,北海道,1583,17.CCC,北海道,2139,MAHINA,北海道,0,,-
EPOLIS,シンデレラ,539,BIWA,北海道,866,IIDX33,北海道,1530,MINE*,北海道,2216,MAHINA,北海道,0,,-
EPOLIS,センチメンタル・サマー,0,,-,671,ELAINA,北海道,1283,ALIKA,北海道,1994,BISKE,北海道,0,,-
EPOLIS,デビルじゃないもん,347,BIWA,北海道,836,ELAINA,北海道,1335,MINE*,北海道,2102,SRT,北海道,0,,-
EPOLIS,フォニイ,631,BIWA,北海道,1217,ELAINA,北海道,2001,MAHINA,北海道,2892,PERO,北海道,3945,SRT,北海道
EPOLIS,ポラリスノウタ,299,9ROKA.,北海道,870,BIWA,北海道,1650,MAHINA,北海道,2269,MAHINA,北海道,0,,-
EPOLIS,マーシャル・マキシマイザー,427,QZQX.Q,北海道,815,ELAINA,北海道,1451,LIA.,北海道,2162,CERA.,北海道,0,,-
EPOLIS,ラビットホール,688,IIDX33,北海道,1402,IIDX33,北海道,2110,MAHINA,北海道,2939,SRT,北海道,0,,-
EPOLIS,リメンバーリメンバー,0,,-,512,9ROKA.,北海道,964,BIWA,北海道,1684,LIZ,北海道,0,,-
EPOLIS,今宵、ロマンス横丁。,0,,-,1125,BIWA,北海道,2314,MAHINA,北海道,3372,SRT,北海道,0,,-
EPOLIS,勇者,371,ELAINA,北海道,807,BIWA,北海道,1432,RABBIT,北海道,2482,PERO,北海道,0,,-
EPOLIS,可愛くてごめん,286,ELAINA,北海道,624,ELAINA,北海道,1402,MAHINA,北海道,2262,MUXXXX,北海道,2806,PERO,北海道
EPOLIS,唱,192,BIWA,北海道,461,ELAINA,北海道,1016,YUK1-S,北海道,1771,LIZ,北海道,0,,-
EPOLIS,夏風邪デスコ,314,9ROKA.,北海道,816,ELAINA,北海道,1766,MAHINA,北海道,2673,SRT,北海道,0,,-
EPOLIS,夢縁,0,,-,1144,9ROKA.,北海道,2130,MAHINA,北海道,3016,SRT,北海道,0,,-
EPOLIS,寝起きヤシの木,470,QZQX.Q,北海道,1078,BIWA,北海道,1795,SAFARI,北海道,2798,MARIO$,北海道,3595,SRT,北海道
EPOLIS,惑星鉄道,0,,-,1040,GHOST,北海道,2057,MARIO$,北海道,2949,SRT,北海道,0,,-
EPOLIS,愛包ダンスホール,351,ELAINA,北海道,929,ELAINA,北海道,1366,LIA.,北海道,2588,KOJI,北海道,0,,-
EPOLIS,摩天楼,0,,-,681,QZQX.Q,北海道,1492,MAHINA,北海道,2596,SRT,北海道,0,,-
EPOLIS,未完成ノ蒸氣驅動乙女,0,,-,1084,ELAINA,北海道,2082,MAHINA,北海道,2967,9MARY0,北海道,0,,-
EPOLIS,果たせぬ約束 ft. 小林マナ,0,,-,1168,ALIKA,北海道,1954,MAHINA,北海道,2999,PERO,北海道,0,,-
EPOLIS,残像ニ繋ガレタ追憶ノHIDEAWAY,0,,-,1182,ELAINA,北海道,2306,MAHINA,北海道,3567,SRT,北海道,0,,-
EPOLIS,流桜ノ門,0,,-,1000,BIWA,北海道,1544,IIDX33,北海道,2143,CERA.,北海道,0,,-
EPOLIS,"灼熱Beach Side Bunny (かめりあ's ""Summertime D'n'B"" Remix)",0,,-,1072,IIDX33,北海道,1884,XENTZ,北海道,3172,AFICYW,北海道,0,,-
EPOLIS,神様、つれない。,0,,-,685,ELAINA,北海道,1395,MINE*,北海道,2153,BISKE,北海道,0,,-
EPOLIS,終焔のClaudia,0,,-,1357,LIA.,北海道,1988,N!?,北海道,2729,PERO,北海道,0,,-
EPOLIS,酔いどれ知らず,275,BIWA,北海道,818,9ROKA.,北海道,1278,LIA.,北海道,2230,SRT,北海道,0,,-
EPOLIS,閉塞的フレーション,0,,-,1019,BIWA,北海道,1611,ALIKA,北海道,2442,SRT,北海道,0,,-
EPOLIS,雫,0,,-,997,ALIKA,北海道,2058,MAHINA,北海道,2700,SRT,北海道,0,,-
EPOLIS,電光,0,,-,1063,ALIKA,北海道,1900,MAHINA,北海道,3052,PERO,北海道,0,,-
EPOLIS,電子になりたい,0,,-,839,ELAINA,北海道,1433,ALIKA,北海道,2025,SRT,北海道,0,,-
EPOLIS,電腦都市,0,,-,1422,LIA.,北海道,2322,MAHINA,北海道,3415,9MARY0,北海道,0,,-
Pinky Crush,1116,0,,-,1118,BIWA,北海道,1992,YUK1-S,北海道,3121,SRT,北海道,0,,-
Pinky Crush,ADAMANT,0,,-,1130,IIDX33,北海道,1972,N!?,北海道,3064,SRT,北海道,0,,-
Pinky Crush,Aqvion,0,,-,1187,*BLUE*,北海道,1984,MAHINA,北海道,3522,SRT,北海道,0,,-
Pinky Crush,Arcanos,0,,-,661,NZ,北海道,1161,VIENNT,北海道,1987,MAHINA,北海道,0,,-
Pinky Crush,Bang-Boo Bumble,0,,-,1139,*BLUE*,北海道,1921,XENO.K,北海道,2936,PERO,北海道,0,,-
Pinky Crush,Bling-Bang-Bang-Born,346,BIWA,北海道,656,LAURIE,北海道,1155,YUK1-S,北海道,1973,SRT,北海道,2149,MARIO$,北海道
Pinky Crush,Bring The Fire,0,,-,1161,ELAINA,北海道,1914,WA!!,北海道,3401,PERO,北海道,0,,-
Pinky Crush,Butterfly Twist,0,,-,1038,*BLUE*,北海道,1565,ALIKA,北海道,2726,SRT,北海道,0,,-
Pinky Crush,CHAOTIC SUNBIRD,0,,-,1211,ALIKA,北海道,1695,RABBIT,北海道,3298,CERA.,北海道,0,,-
Pinky Crush,Chasing After YOU ～夢の欠片～ ft. 小林マナ,0,,-,984,IIDX33,北海道,1434,EVERIO,北海道,2052,MAHINA,北海道,0,,-
Pinky Crush,Constellation,0,,-,963,*BLUE*,北海道,1848,N!?,北海道,2820,SRT,北海道,0,,-
Pinky Crush,COSMIC V3LOCITY,0,,-,1267,*BLUE*,北海道,2338,MAHINA,北海道,3373,SRT,北海道,0,,-
Pinky Crush,Cross Fire,0,,-,1089,ALIKA,北海道,2151,IKA,北海道,3374,SRT,北海道,0,,-
Pinky Crush,destination,0,,-,1006,ELAINA,北海道,2187,IKA,北海道,3349,CERA.,北海道,0,,-
Pinky Crush,Digital Radiance,0,,-,1129,ELAINA,北海道,1435,LIA.,北海道,2026,MAHINA,北海道,0,,-
Pinky Crush,DIVINE JUDGEMENT,0,,-,1032,TSURRR,北海道,1966,-YOMO-,北海道,2808,SRT,北海道,0,,-
Pinky Crush,Dreamship,0,,-,936,IIDX33,北海道,1348,LIA.,北海道,1950,MAHINA,北海道,0,,-
Pinky Crush,Drop Syndicate,0,,-,1183,ALIKA,北海道,1878,REVIN,北海道,3680,SRT,北海道,0,,-
Pinky Crush,Eleanor,0,,-,792,ELAINA,北海道,1373,RABBIT,北海道,2418,MO-2.,北海道,0,,-
Pinky Crush,ELYSIUM,0,,-,921,ELAINA,北海道,1487,SAPPY,北海道,2716,CERA.,北海道,0,,-
Pinky Crush,everlastingeuphoria:,0,,-,1108,*BLUE*,北海道,1640,XENO.K,北海道,2451,9MARY0,北海道,0,,-
Pinky Crush,EX-MASSIVE FIGHTER,0,,-,1231,*BLUE*,北海道,2109,IKA,北海道,3417,SRT,北海道,0,,-
Pinky Crush,EYE OF THE HEAVEN,0,,-,1006,*BLUE*,北海道,2366,MAHINA,北海道,3547,MO-2.,北海道,0,,-
Pinky Crush,FERMI PARADOX,0,,-,1155,IIDX33,北海道,1611,A,北海道,2530,MARIO$,北海道,0,,-
Pinky Crush,Fiery Stallion,0,,-,876,ELAINA,北海道,1688,MAHINA,北海道,2433,SRT,北海道,0,,-
Pinky Crush,Flamingo,0,,-,1075,*BLUE*,北海道,2337,MAHINA,北海道,3452,SRT,北海道,0,,-
Pinky Crush,FlyAway,0,,-,1203,SHINJI,北海道,2019,-YOMO-,北海道,3193,KIII,北海道,0,,-
Pinky Crush,Galaxy Collapse,0,,-,826,*BLUE*,北海道,1215,CONPAQ,北海道,1900,CERA.,北海道,0,,-
Pinky Crush,get set mind,0,,-,1008,ELAINA,北海道,1559,RABBIT,北海道,2450,MAHINA,北海道,0,,-
Pinky Crush,God Mind,0,,-,1535,ALIKA,北海道,2665,MAHINA,北海道,4216,SRT,北海道,0,,-
Pinky Crush,Good Looking,0,,-,733,SUICA,北海道,1283,A,北海道,2066,*WOOL*,北海道,0,,-
Pinky Crush,Here We Go Now,0,,-,1112,PRIMO,北海道,2171,YUK1-S,北海道,3350,SRT,北海道,0,,-
Pinky Crush,hora de verdad,0,,-,1121,*BLUE*,北海道,1946,PHILIP,北海道,3056,CERA.,北海道,0,,-
Pinky Crush,IN BETWEEN,0,,-,918,*BLUE*,北海道,1506,-MJKK-,北海道,2384,PERO,北海道,0,,-
Pinky Crush,KOTONOHA ft. Kotoha,0,,-,820,PONTAQ,北海道,1301,EVERIO,北海道,1981,MARIO$,北海道,0,,-
Pinky Crush,Lightspeed,0,,-,1279,BIWA,北海道,2057,LIA.,北海道,3151,MO-2.,北海道,0,,-
Pinky Crush,lowercase lifetime,0,,-,1064,ALIKA,北海道,2037,XENO.K,北海道,2766,MARIO$,北海道,0,,-
Pinky Crush,Lycoris,0,,-,775,BIWA,北海道,1394,MAHINA,北海道,2045,MAHINA,北海道,0,,-
Pinky Crush,MARLIN,0,,-,1202,ALIKA,北海道,2239,YUK1-S,北海道,3517,MO-2.,北海道,0,,-
Pinky Crush,Mid-Corner (Magic Maker),0,,-,1170,PONTAQ,北海道,1981,A,北海道,3143,CERA.,北海道,0,,-
Pinky Crush,Mighty Cutie,0,,-,1152,*BLUE*,北海道,1963,REIN-A,北海道,2784,SRT,北海道,0,,-
Pinky Crush,MVP,0,,-,919,ELAINA,北海道,1523,RABBIT,北海道,2621,CERA.,北海道,0,,-
Pinky Crush,NOIXIA,0,,-,1416,RABBIT,北海道,2271,RIME,北海道,4007,SRT,北海道,0,,-
Pinky Crush,PERFECT HUMAN,521,ELAINA,北海道,868,ELAINA,北海道,1398,ORIHA,北海道,2199,SXSNOW,北海道,0,,-
Pinky Crush,Pinky Happy Crazy,0,,-,1336,*BLUE*,北海道,2492,-YOMO-,北海道,3558,9MARY0,北海道,0,,-
Pinky Crush,PIT A PAT,0,,-,1018,BIWA,北海道,1815,LIA.,北海道,2589,SRT,北海道,0,,-
Pinky Crush,Plazma,265,ELAINA,北海道,693,*BLUE*,北海道,1266,MAHINA,北海道,2031,CERA.,北海道,2841,SRT,北海道
Pinky Crush,Plea Per Phase,0,,-,1032,*BLUE*,北海道,1770,MAHINA,北海道,2773,SRT,北海道,0,,-
Pinky Crush,PopなEDEN,0,,-,931,ELAINA,北海道,1582,XENO.K,北海道,2454,PERO,北海道,0,,-
Pinky Crush,Raspberry Potion (feat.あれたん & ぎゃるのしん☆),0,,-,889,BIWA,北海道,1784,RIME,北海道,2517,SRT,北海道,0,,-
Pinky Crush,RAVE SYNDROME,0,,-,1010,ALIKA,北海道,1729,RABBIT,北海道,2787,CERA.,北海道,0,,-
Pinky Crush,Roar of Chronos,0,,-,1231,*BLUE*,北海道,2231,MAHINA,北海道,3919,PERO,北海道,0,,-
Pinky Crush,Satellite Burst,0,,-,1218,NOZ,北海道,2202,N!?,北海道,3921,SRT,北海道,0,,-
Pinky Crush,Secret Rouge,0,,-,846,ELAINA,北海道,1652,RABBIT,北海道,2324,MARIO$,北海道,0,,-
Pinky Crush,Shirdal,0,,-,871,*BLUE*,北海道,1494,*BLUE*,北海道,2473,MAHINA,北海道,0,,-
Pinky Crush,Show Me All Your Love,0,,-,1131,*BLUE*,北海道,1988,-YOMO-,北海道,2922,CERA.,北海道,0,,-
Pinky Crush,SISYPHUS,0,,-,1002,*BLUE*,北海道,1747,-YOMO-,北海道,2674,CERA.,北海道,0,,-
Pinky Crush,Skratch Education Lv-1,0,,-,1097,N!?,北海道,1735,SISUI,北海道,2857,SRT,北海道,0,,-
Pinky Crush,Slumber☆Party,0,,-,837,*BLUE*,北海道,1785,NKJ.,北海道,2285,9MARY0,北海道,0,,-
Pinky Crush,Space In Time,0,,-,842,QZQX.Q,北海道,1572,MAHINA,北海道,2072,SRT,北海道,0,,-
Pinky Crush,Stargazing Trip ～星 探す旅～ ft. 小林マナ,0,,-,1081,*BLUE*,北海道,1805,N!?,北海道,2684,PERO,北海道,0,,-
Pinky Crush,SUPER HEROINE!!,0,,-,939,*BLUE*,北海道,1641,MAHINA,北海道,2332,PERO,北海道,0,,-
Pinky Crush,SμG@R RU$#,0,,-,1409,ALIKA,北海道,2407,MAHINA,北海道,3733,OMEN,北海道,0,,-
Pinky Crush,TECHNO RUMBLE,0,,-,1162,ALIKA,北海道,1796,ALIKA,北海道,2925,SRT,北海道,0,,-
Pinky Crush,u gotta beat,0,,-,1349,ALIKA,北海道,2283,MINE*,北海道,3519,PERO,北海道,0,,-
Pinky Crush,Uaigh Gealai,0,,-,1314,*BLUE*,北海道,2232,MAHINA,北海道,3848,SRT,北海道,0,,-
Pinky Crush,uen,0,,-,1429,TAGY,北海道,2143,5*LEAF,北海道,3008,CERA.,北海道,0,,-
Pinky Crush,Vibing! Shake it!,0,,-,969,BIWA,北海道,1652,ALIKA,北海道,2497,CERA.,北海道,0,,-
Pinky Crush,Without Heaven,0,,-,1313,ALIKA,北海道,2118,ALIKA,北海道,3666,CERA.,北海道,0,,-
Pinky Crush,XHRONOXAPSULΞ,0,,-,1179,TSURRR,北海道,2331,MAHINA,北海道,3991,OMEN,北海道,0,,-
Pinky Crush,えだまめカレークッキング,434,BIWA,北海道,818,ELAINA,北海道,1294,ALIKA,北海道,2213,SRT,北海道,0,,-
Pinky Crush,きみのせかい,0,,-,1029,*BLUE*,北海道,1643,KAGUYA,北海道,2883,SRT,北海道,0,,-
Pinky Crush,きゅうくらりん,451,9ROKA.,北海道,883,*BLUE*,北海道,1694,IIDX33,北海道,2400,SRT,北海道,0,,-
Pinky Crush,アラビアン ハイパー ナイト,0,,-,1203,*BLUE*,北海道,1918,MAHINA,北海道,3325,SRT,北海道,0,,-
Pinky Crush,イガク,318,YUK1-S,北海道,874,ELAINA,北海道,1512,YUK1-S,北海道,2045,SRT,北海道,3065,SRT,北海道
Pinky Crush,エクスプロウル,0,,-,952,*BLUE*,北海道,1617,ALIKA,北海道,2417,PERO,北海道,0,,-
Pinky Crush,オッドラヴィ,395,ELAINA,北海道,1059,ELAINA,北海道,1785,RABBIT,北海道,2542,SRT,北海道,0,,-
Pinky Crush,オブソミート,240,QZQX.Q,北海道,862,ELAINA,北海道,1499,LIA.,北海道,2398,PERO,北海道,0,,-
Pinky Crush,キスキツネ,198,CONPAQ,北海道,888,*BLUE*,北海道,1465,EVERIO,北海道,2375,SRT,北海道,0,,-
Pinky Crush,ギャ・ギャ・ギャ・ギャラクシー！,0,,-,905,ELAINA,北海道,1633,ALIKA,北海道,2397,SRT,北海道,0,,-
Pinky Crush,ゲシュタルト,396,QZQX.Q,北海道,956,*BLUE*,北海道,1582,EVERIO,北海道,2469,MAHINA,北海道,3352,SRT,北海道
Pinky Crush,スキッテイエェエエェ!!!!,0,,-,1550,ALIKA,北海道,2592,MAHINA,北海道,4353,SRT,北海道,0,,-
Pinky Crush,スパークリング☆彡ハイパーチューン！！,0,,-,1474,IIDX33,北海道,2134,*BLUE*,北海道,3682,SRT,北海道,0,,-
Pinky Crush,ドリムチウ,0,,-,860,ELAINA,北海道,1531,PRIMO,北海道,2619,SRT,北海道,0,,-
Pinky Crush,ドーナツホール 2024,346,BIWA,北海道,978,QZQX.Q,北海道,1624,LIA.,北海道,2377,CERA.,北海道,0,,-
Pinky Crush,ハオ,303,PONTAQ,北海道,871,ELAINA,北海道,1714,IIDX33,北海道,2902,SRT,北海道,0,,-
Pinky Crush,ハルイロメロディー,0,,-,875,ELAINA,北海道,1402,*BLUE*,北海道,2216,MAHINA,北海道,0,,-
Pinky Crush,ビビデバ,266,9ROKA.,北海道,782,ELAINA,北海道,1313,RABBIT,北海道,2068,SRT,北海道,0,,-
Pinky Crush,ファイナルレター,0,,-,991,ELAINA,北海道,1832,YUK1-S,北海道,2686,SRT,北海道,0,,-
Pinky Crush,メズマライザー,577,IIDX33,北海道,1161,ELAINA,北海道,1826,TSURRR,北海道,2747,SRT,北海道,0,,-
Pinky Crush,ロマンシングエスケープ,0,,-,438,BIWA,北海道,1131,BIWA,北海道,1835,LIZ,北海道,0,,-
Pinky Crush,天使のカンタータ -Cantata of Angels-,0,,-,1258,*BLUE*,北海道,2188,WA!!,北海道,4277,SRT,北海道,0,,-
Pinky Crush,弾幕信仰,0,,-,1080,*BLUE*,北海道,1572,AKAJIN,北海道,2515,CERA.,北海道,0,,-
Pinky Crush,我ら完全無敵のアイドル!!,246,BIWA,北海道,1044,ELAINA,北海道,1607,QZQX.Q,北海道,2557,MAHINA,北海道,0,,-
Pinky Crush,断罪の一花,0,,-,881,ELAINA,北海道,1537,RABBIT,北海道,2589,SRT,北海道,0,,-
Pinky Crush,最強頂戴girl,0,,-,850,BIWA,北海道,1396,KEDAMA,北海道,2196,MAHINA,北海道,0,,-
Pinky Crush,朱と碧のランページ,0,,-,1030,*BLUE*,北海道,1681,BIWA,北海道,2525,MAHINA,北海道,0,,-
Pinky Crush,消極的セツナイズム,0,,-,970,*BLUE*,北海道,1590,ALIKA,北海道,2284,MAHINA,北海道,0,,-
Pinky Crush,灼熱 Lost Summer Dayz,0,,-,1043,*BLUE*,北海道,1914,MAHINA,北海道,2834,SRT,北海道,0,,-
Pinky Crush,無双,0,,-,1177,*BLUE*,北海道,1965,ALIKA,北海道,3321,PERO,北海道,0,,-
Pinky Crush,爆ぜりゃんせ,0,,-,1119,*BLUE*,北海道,1902,ALIKA,北海道,3026,SRT,北海道,0,,-
Pinky Crush,覚悟せよ！エンタンメ～ン ～より身の切り売り自暴自棄版～,0,,-,1055,ELAINA,北海道,1872,ALIKA,北海道,2909,SRT,北海道,0,,-
Pinky Crush,進捗ダメダメです,289,BIWA,北海道,789,SUWA,北海道,1555,AKAJIN,北海道,2245,SRT,北海道,0,,-
Pinky Crush,飴玉,0,,-,594,BIWA,北海道,894,RABBIT,北海道,1385,LIZ,北海道,0,,-
Pinky Crush,ＰＡＳＴＥＬＩＳＭ,0,,-,1046,*BLUE*,北海道,1557,MAHINA,北海道,2115,SRT,北海道,0,,-
Sparkle Shower,2 Be Continued,0,,-,1052,*BLUE*,北海道,2001,MAHINA,北海道,3692,SRT,北海道,0,,-
Sparkle Shower,A Certified Rave Moment,0,,-,1009,DELI-D,北海道,1789,MAHINA,北海道,2768,CERA.,北海道,0,,-
Sparkle Shower,ACID VISION,0,,-,1139,SRT,北海道,1664,PERO,北海道,1855,SRT,北海道,0,,-
Sparkle Shower,AGETEKE ONDO,0,,-,1022,*BLUE*,北海道,1633,RABBIT,北海道,2586,SRT,北海道,0,,-
Sparkle Shower,Amor∞Fati,0,,-,1254,*BLUE*,北海道,2566,MAHINA,北海道,4139,OMEN,北海道,0,,-
Sparkle Shower,Any％,0,,-,1203,DELI-D,北海道,2166,MAHINA,北海道,3571,PERO,北海道,0,,-
Sparkle Shower,Astra Blaze,0,,-,1187,*BLUE*,北海道,2289,MAHINA,北海道,3379,MO-2.,北海道,0,,-
Sparkle Shower,Bang Bang Dance,0,,-,839,ALIKA,北海道,1760,MAHINA,北海道,2822,SRT,北海道,0,,-
Sparkle Shower,BattleRoyal,0,,-,1121,DELI-D,北海道,1780,MAHINA,北海道,2628,SRT,北海道,0,,-
Sparkle Shower,Begin,0,,-,1028,BIWA,北海道,2032,MAHINA,北海道,3246,SRT,北海道,0,,-
Sparkle Shower,BitRacer,0,,-,1104,TAGY,北海道,2094,MAHINA,北海道,3551,SRT,北海道,0,,-
Sparkle Shower,Bloom,0,,-,690,TAGY,北海道,1206,MAHINA,北海道,1852,SRT,北海道,0,,-
Sparkle Shower,blue anthem,0,,-,1185,ALIKA,北海道,1735,MAHINA,北海道,2954,MARIO$,北海道,0,,-
Sparkle Shower,Caramel Pain,236,ELAINA,北海道,650,ELAINA,北海道,1048,MAHINA,北海道,1662,SRT,北海道,0,,-
Sparkle Shower,Catch ya Getcha!,0,,-,1050,DELI-D,北海道,1995,FUNYA*,北海道,2908,MARIO$,北海道,0,,-
Sparkle Shower,chaplet -IIDX re:build-,0,,-,1016,ALIKA,北海道,1980,MAHINA,北海道,2878,MO-2.,北海道,0,,-
Sparkle Shower,COLOR BURST,206,9ROKA.,北海道,788,ALIKA,北海道,1396,MAHINA,北海道,2199,SRT,北海道,0,,-
Sparkle Shower,Countdown to Heaven or Hell,0,,-,1260,ALIKA,北海道,2032,MAHINA,北海道,3080,PERO,北海道,0,,-
Sparkle Shower,D.K.N. ON,0,,-,1044,ALIKA,北海道,1966,DELI-D,北海道,2724,PERO,北海道,0,,-
Sparkle Shower,Digitized Ocean,0,,-,1195,RABBIT,北海道,2022,MUXXXX,北海道,3538,SRT,北海道,0,,-
Sparkle Shower,Disco Killer Music Lover,0,,-,1101,ALIKA,北海道,1839,MAHINA,北海道,3066,CERA.,北海道,0,,-
Sparkle Shower,Dolphin Kick,0,,-,1500,DELI-D,北海道,2222,MAHINA,北海道,3606,PERO,北海道,0,,-
Sparkle Shower,Dusk Endir,0,,-,1055,ALIKA,北海道,2308,MAHINA,北海道,3365,SRT,北海道,0,,-
Sparkle Shower,ESPRIT ONE,0,,-,1294,ALIKA,北海道,1800,MAHINA,北海道,2940,SRT,北海道,0,,-
Sparkle Shower,Ex-Otogibanashi,174,9ROKA.,北海道,467,ELAINA,北海道,968,DELI-D,北海道,1597,SRT,北海道,0,,-
Sparkle Shower,Fashion Fruit,0,,-,1071,*BLUE*,北海道,1947,MUXXXX,北海道,3037,MARIO$,北海道,0,,-
Sparkle Shower,fixer,0,,-,840,ALIKA,北海道,1747,TAGY,北海道,3615,SRT,北海道,0,,-
Sparkle Shower,FIZZY FIZZY POP,0,,-,856,ALIKA,北海道,1600,MAHINA,北海道,2248,MAHINA,北海道,0,,-
Sparkle Shower,FiZZλ_POT!0N,0,,-,1429,DELI-D,北海道,2102,MAHINA,北海道,3441,MO-2.,北海道,0,,-
Sparkle Shower,From Human Blood,0,,-,1227,DELI-D,北海道,2095,MUXXXX,北海道,3632,PERO,北海道,0,,-
Sparkle Shower,Funky Quirky,0,,-,936,DELI-D,北海道,1910,MAHINA,北海道,2632,SRT,北海道,0,,-
Sparkle Shower,Get Into The Groove feat.WaMi,0,,-,987,ALIKA,北海道,1424,MAHINA,北海道,2283,MARIO$,北海道,0,,-
Sparkle Shower,Gimme a Big Beat(青龍 Remix),0,,-,1268,DELI-D,北海道,2334,TAGY,北海道,3156,MARIO$,北海道,0,,-
Sparkle Shower,GO!,0,,-,890,ALIKA,北海道,1827,RIME,北海道,3081,AFICYW,北海道,0,,-
Sparkle Shower,GOLD RUSH 2025,0,,-,864,ALIKA,北海道,1579,TAGY,北海道,2749,MARIO$,北海道,0,,-
Sparkle Shower,Hallucination,0,,-,1052,ALIKA,北海道,1870,DELI-D,北海道,2728,MARIO$,北海道,0,,-
Sparkle Shower,HEROES,0,,-,1368,DELI-D,北海道,2243,MAHINA,北海道,3431,MARIO$,北海道,0,,-
Sparkle Shower,HORIZON BEATZ,0,,-,773,TAGY,北海道,1678,MAHINA,北海道,2554,MAHINA,北海道,0,,-
Sparkle Shower,HyperTwist,0,,-,1294,*BLUE*,北海道,2226,MAHINA,北海道,3324,9MARY0,北海道,0,,-
Sparkle Shower,Ignited Night,0,,-,1090,DELI-D,北海道,1562,MUXXXX,北海道,2387,PERO,北海道,0,,-
Sparkle Shower,Iridescent Memories,0,,-,1517,DELI-D,北海道,2175,MAHINA,北海道,3924,OMEN,北海道,0,,-
Sparkle Shower,JUST SYNC ft.Kanae Asaba,0,,-,754,DELI-D,北海道,1289,*BLUE*,北海道,2025,SRT,北海道,0,,-
Sparkle Shower,Kick The Rainbow,0,,-,1153,*BLUE*,北海道,1999,DELI-D,北海道,2951,SRT,北海道,0,,-
Sparkle Shower,King of Tribe,0,,-,1118,DELI-D,北海道,2071,MAHINA,北海道,3148,PERO,北海道,0,,-
Sparkle Shower,kors k's Let's make an Image Song!,0,,-,983,YUK1-S,北海道,1867,MAHINA,北海道,2744,MARIO$,北海道,0,,-
Sparkle Shower,Last Card,0,,-,1072,*BLUE*,北海道,1878,DELI-D,北海道,3089,PERO,北海道,0,,-
Sparkle Shower,LEMON MELON COOKIE,370,ELAINA,北海道,817,BIWA,北海道,1554,DELI-D,北海道,2256,SRT,北海道,0,,-
Sparkle Shower,Limelight,0,,-,1128,DELI-D,北海道,1980,MAHINA,北海道,3029,PERO,北海道,0,,-
Sparkle Shower,Lisa-RICCIA,522,ELAINA,北海道,1240,DELI-D,北海道,2236,MAHINA,北海道,3363,SRT,北海道,4695,SRT,北海道
Sparkle Shower,Makin' It,0,,-,1039,*BLUE*,北海道,1656,MARIO$,北海道,2811,AFICYW,北海道,0,,-
Sparkle Shower,Memoria Obscura,0,,-,1009,*BLUE*,北海道,2209,MAHINA,北海道,4087,CERA.,北海道,0,,-
Sparkle Shower,Meteor☆Shower,0,,-,965,TAGY,北海道,2062,AFICYW,北海道,2951,PERO,北海道,0,,-
Sparkle Shower,Mighty Beat Monsterz,0,,-,1246,DELI-D,北海道,1957,MAHINA,北海道,3197,PERO,北海道,0,,-
Sparkle Shower,MOCHIMOCHI DREAMIN!!,0,,-,1134,*BLUE*,北海道,1850,DELI-D,北海道,3025,MARIO$,北海道,0,,-
Sparkle Shower,Nemophila,0,,-,1047,BIWA,北海道,1810,DELI-D,北海道,2789,SRT,北海道,0,,-
Sparkle Shower,Nyan Nyan University,0,,-,940,*BLUE*,北海道,1613,RABBIT,北海道,2582,SRT,北海道,0,,-
Sparkle Shower,OMEGA,0,,-,1096,DELI-D,北海道,2173,MAHINA,北海道,3376,PERO,北海道,0,,-
Sparkle Shower,PALETTE,368,ELAINA,北海道,881,ALIKA,北海道,1463,RABBIT,北海道,2059,PERO,北海道,0,,-
Sparkle Shower,PERFECT GREAT!!,0,,-,1293,*BLUE*,北海道,2441,MAHINA,北海道,3875,OMEN,北海道,0,,-
Sparkle Shower,pique,0,,-,1135,*BLUE*,北海道,2050,MAHINA,北海道,3040,KIII,北海道,0,,-
Sparkle Shower,RALLY '25,0,,-,1219,YUK1-S,北海道,2166,MAHINA,北海道,3250,MARIO$,北海道,0,,-
Sparkle Shower,REcorrection,0,,-,593,ALIKA,北海道,1101,17.CCC,北海道,1628,SRT,北海道,0,,-
Sparkle Shower,Regina vespaE,0,,-,1251,*BLUE*,北海道,2259,MAHINA,北海道,3634,SRT,北海道,0,,-
Sparkle Shower,RIZING-GAMERS.,0,,-,1046,TAGY,北海道,2308,MAHINA,北海道,3381,MO-2.,北海道,0,,-
Sparkle Shower,RUINA,0,,-,939,DELI-D,北海道,1802,MAHINA,北海道,2955,SRT,北海道,0,,-
Sparkle Shower,Second Heaven(Mamonis Remix),0,,-,928,ALIKA,北海道,1667,MAHINA,北海道,2532,KIII,北海道,0,,-
Sparkle Shower,SHINING☆DANCE,0,,-,872,DELI-D,北海道,1572,MAHINA,北海道,2483,SRT,北海道,0,,-
Sparkle Shower,Shooting Star,237,WAKIGE,北海道,838,BIWA,北海道,1514,MAHINA,北海道,2451,MARIO$,北海道,0,,-
Sparkle Shower,Show Time,0,,-,851,MINE*,北海道,1441,MAHINA,北海道,2046,PERO,北海道,0,,-
Sparkle Shower,Signs and Wonders,0,,-,675,*BLUE*,北海道,1044,MAHINA,北海道,1608,MARIO$,北海道,0,,-
Sparkle Shower,SILKY BRAVE,0,,-,928,ALIKA,北海道,1602,TAGY,北海道,2386,MAHINA,北海道,0,,-
Sparkle Shower,Skywalking,0,,-,915,DELI-D,北海道,1442,*BLUE*,北海道,2332,MARIO$,北海道,0,,-
Sparkle Shower,Smintheus,0,,-,1322,TAGY,北海道,2355,B.B,北海道,3579,PERO,北海道,0,,-
Sparkle Shower,SnapSkipSpark,0,,-,1086,*BLUE*,北海道,1930,MAHINA,北海道,2924,SRT,北海道,0,,-
Sparkle Shower,Space Battleship S4TO,0,,-,1349,*BLUE*,北海道,2255,MAHINA,北海道,3752,I,北海道,0,,-
Sparkle Shower,SPLASH!!!!!!!!!,0,,-,916,*BLUE*,北海道,1512,17.CCC,北海道,2284,MARIO$,北海道,0,,-
Sparkle Shower,Substance,0,,-,1199,ALIKA,北海道,1723,TSURRR,北海道,3072,CERA.,北海道,0,,-
Sparkle Shower,super double play sessions,0,,-,1435,RABBIT,北海道,2417,MARIO$,北海道,4349,OMEN,北海道,0,,-
Sparkle Shower,THUNDERSTRIKE,0,,-,1281,ALIKA,北海道,2116,MAHINA,北海道,3472,PERO,北海道,0,,-
Sparkle Shower,TOKAKU=ALMiRAJ,0,,-,937,*BLUE*,北海道,1957,DELI-D,北海道,2852,MARIO$,北海道,0,,-
Sparkle Shower,UNDO THE NIGHT,0,,-,1041,*BLUE*,北海道,2099,MAHINA,北海道,3462,MARIO$,北海道,0,,-
Sparkle Shower,Vitamin,0,,-,1165,ALIKA,北海道,1811,MUXXXX,北海道,2656,SRT,北海道,0,,-
Sparkle Shower,voice of echo.,0,,-,1112,*BLUE*,北海道,1801,DELI-D,北海道,2773,SRT,北海道,0,,-
Sparkle Shower,Watermelon Explosion,0,,-,769,ALIKA,北海道,1389,MAHINA,北海道,2024,MO-2.,北海道,0,,-
Sparkle Shower,Wizards!,0,,-,792,ALIKA,北海道,1654,MAHINA,北海道,2279,MAHINA,北海道,0,,-
Sparkle Shower,X-Plan,0,,-,731,*BLUE*,北海道,1376,MAHINA,北海道,2216,MARIO$,北海道,0,,-
Sparkle Shower,[E],0,,-,1498,DELI-D,北海道,2249,MAHINA,北海道,3428,PERO,北海道,0,,-
Sparkle Shower,Τeλοs,0,,-,1059,TAGY,北海道,1755,17.CCC,北海道,2671,SRT,北海道,0,,-
Sparkle Shower,ιgniЯRuina,0,,-,1394,DELI-D,北海道,2185,MAHINA,北海道,3635,SRT,北海道,0,,-
Sparkle Shower,⁽⁽ଘ( ˙꒳˙ )ଓ⁾⁾ beyond reason,0,,-,1277,YUK1-S,北海道,2143,MAHINA,北海道,3841,OMEN,北海道,0,,-
Sparkle Shower,かわいいだけじゃだめですか？,219,ELAINA,北海道,934,BIWA,北海道,1608,MAHINA,北海道,2138,*WOOL*,北海道,3547,SRT,北海道
Sparkle Shower,じぇりー じゅえる ジャングル,0,,-,1237,MINE*,北海道,1954,MAHINA,北海道,3269,KIII,北海道,0,,-
Sparkle Shower,それが、ボクの使命～レスキュー隊長 メンキュー～,0,,-,742,REIN-A,北海道,1572,17.CCC,北海道,2177,PERO,北海道,0,,-
Sparkle Shower,でんぱ どりる わんにゃー☆三,290,ELAINA,北海道,1195,*BLUE*,北海道,2269,MAHINA,北海道,3354,SRT,北海道,0,,-
Sparkle Shower,もんめためたもん,220,ELAINA,北海道,858,BIWA,北海道,1423,TSURRR,北海道,2249,SRT,北海道,0,,-
Sparkle Shower,オーバーライド,478,DELI-D,北海道,1215,DELI-D,北海道,1814,MAHINA,北海道,3200,PERO,北海道,0,,-
Sparkle Shower,キミとえがくキセキ,0,,-,914,DELI-D,北海道,1520,MAHINA,北海道,2248,MAHINA,北海道,0,,-
Sparkle Shower,クレッシェンド,0,,-,1219,17.CCC,北海道,1892,MAHINA,北海道,3399,SRT,北海道,0,,-
Sparkle Shower,サタデーナイト☆ギャロップ,0,,-,1298,DELI-D,北海道,1996,MAHINA,北海道,4197,SRT,北海道,0,,-
Sparkle Shower,タンポポ,0,,-,1258,MINE*,北海道,1924,DELI-D,北海道,2689,SRT,北海道,0,,-
Sparkle Shower,デラむぅのでらっくす☆どり～むぅ,0,,-,827,DELI-D,北海道,1336,MAHINA,北海道,1989,SRT,北海道,0,,-
Sparkle Shower,バブリン,274,DELI-D,北海道,1166,DELI-D,北海道,1738,MAHINA,北海道,2442,SRT,北海道,0,,-
Sparkle Shower,ビビッド ☆+*。キラキライム,543,ELAINA,北海道,1201,BIWA,北海道,2106,MAHINA,北海道,3777,SRT,北海道,0,,-
Sparkle Shower,ベラ・ベ・カラベラ,0,,-,1048,ALIKA,北海道,1729,MAHINA,北海道,2789,MARIO$,北海道,0,,-
Sparkle Shower,ベンガル vs. アムール Battle,0,,-,1330,*BLUE*,北海道,2101,MAHINA,北海道,3710,SRT,北海道,0,,-
Sparkle Shower,メテオラ-meteor-,0,,-,1075,ALIKA,北海道,1871,MAHINA,北海道,2470,PERO,北海道,0,,-
Sparkle Shower,メルト CPK! Remix (初音ミク ver.),477,ELAINA,北海道,876,ELAINA,北海道,1657,MAHINA,北海道,2866,PERO,北海道,0,,-
Sparkle Shower,ラブコメトキドキシリアス,0,,-,1265,DELI-D,北海道,2035,MAHINA,北海道,3777,SRT,北海道,0,,-
Sparkle Shower,レシピのリドル,0,,-,650,*BLUE*,北海道,1447,MAHINA,北海道,2350,SRT,北海道,0,,-
Sparkle Shower,三日天下モンキー,0,,-,739,*BLUE*,北海道,1314,MAHINA,北海道,1815,AFICYW,北海道,0,,-
Sparkle Shower,不死身ごっこ,268,ALIKA,北海道,960,SNCHAN,北海道,1491,MAHINA,北海道,2573,SRT,北海道,0,,-
Sparkle Shower,夏色のセレナーデ,0,,-,885,DELI-D,北海道,1354,17.CCC,北海道,2253,SRT,北海道,0,,-
Sparkle Shower,夢色ワンダー,542,NZ,北海道,1541,DELI-D,北海道,2214,N!?,北海道,3221,LIZ,北海道,0,,-
Sparkle Shower,好吃来世deエレクトリック,0,,-,820,CONPAQ,北海道,1398,MAHINA,北海道,1915,SRT,北海道,0,,-
Sparkle Shower,恋愛観測,0,,-,699,ELAINA,北海道,1452,MAHINA,北海道,2495,SRT,北海道,0,,-
Sparkle Shower,断罪のミメシス,0,,-,1414,HUNK,北海道,2165,MAHINA,北海道,3399,SRT,北海道,0,,-
Sparkle Shower,月下繚乱,0,,-,906,DELI-D,北海道,1776,MAHINA,北海道,2825,SRT,北海道,0,,-
Sparkle Shower,煉獄コンフィチュール,0,,-,1018,ALIKA,北海道,1891,MAHINA,北海道,2683,PERO,北海道,0,,-
Sparkle Shower,百恋ラブラスター,0,,-,741,ALIKA,北海道,1623,MAHINA,北海道,2636,SRT,北海道,0,,-
Sparkle Shower,色を喪った街,0,,-,1304,DELI-D,北海道,2457,MAHINA,北海道,3876,SRT,北海道,0,,-
Sparkle Shower,華麗なる！音戯探偵ひなビタ,0,,-,707,YUK1-S,北海道,1334,DELI-D,北海道,2323,AFICYW,北海道,0,,-
Sparkle Shower,鏡像都市,0,,-,837,BIWA,北海道,1398,*BLUE*,北海道,1966,SRT,北海道,0,,-
Sparkle Shower,閃と雷管とロープ,0,,-,909,BIWA,北海道,1424,MAHINA,北海道,2586,SRT,北海道,0,,-
