バージョン,タイトル,BEGINNER EXスコア,BEGINNER DJName,BEGINNER 都道府県,NORMAL EXスコア,NORMAL DJName,NORMAL 都道府県,HYPER EXスコア,HYPER DJName,HYPER 都道府県,ANOTHER EXスコア,ANOTHER DJName,ANOTHER 都道府県,LEGGENDARIA EXスコア,LEGGENDARIA DJName,LEGGENDARIA 都道府県
1st&substream,22DUNK,0,,-,441,CHOCO*,秋田県,393,600W1M,秋田県,620,EOTOKO,秋田県,0,,-
1st&substream,5.1.1.,0,,-,198,K.AI,秋田県,1003,K.AI,秋田県,1531,Y-I.,秋田県,0,,-
1st&substream,deep in you,0,,-,294,600W1M,秋田県,320,IIDX33,秋田県,648,EOTOKO,秋田県,0,,-
1st&substream,Dr.LOVE,0,,-,177,FUU,秋田県,431,ALEPH,秋田県,562,NU,秋田県,0,,-
1st&substream,GAMBOL,0,,-,205,DEPT.,秋田県,274,*RIJU*,秋田県,0,,-,0,,-
1st&substream,GENOM SCREAMS,0,,-,310,600W1M,秋田県,698,TUBA96,秋田県,1049,EOTOKO,秋田県,0,,-
1st&substream,gentle stress,0,,-,342,OKE,秋田県,586,RETRY,秋田県,1431,EOTOKO,秋田県,0,,-
1st&substream,GRADIUSIC CYBER,0,,-,808,RETRY,秋田県,757,K2,秋田県,1166,EOTOKO,秋田県,0,,-
1st&substream,KEEP ON MOVIN',0,,-,193,KOB.SS,秋田県,239,EOTOKO,秋田県,0,,-,0,,-
1st&substream,Macho Gang,0,,-,363,NU,秋田県,893,SRM,秋田県,1571,HATO,秋田県,0,,-
1st&substream,PARANOIA MAX～DIRTY MIX～,0,,-,527,1MB,秋田県,616,DXY!,秋田県,1063,OSANPO,秋田県,0,,-
1st&substream,R3,0,,-,0,,-,606,17.JUL,秋田県,865,KT194,秋田県,0,,-
1st&substream,RUGGED ASH,0,,-,339,JOBMAN,秋田県,381,RETRY,秋田県,1050,MXX,秋田県,1995,EULECA,秋田県
1st&substream,THE EARTH LIGHT,0,,-,632,KULEA,秋田県,951,HIRO77,秋田県,1119,EOTOKO,秋田県,0,,-
2nd style,.59,0,,-,567,600W1M,秋田県,966,MIYU*,秋田県,1089,EOTOKO,秋田県,0,,-
2nd style,Digital MinD(A/T Libra mix),0,,-,0,,-,815,K2,秋田県,1086,EOTOKO,秋田県,0,,-
2nd style,Electro Tuned(the SubS mix),0,,-,0,,-,839,N-TOFU,秋田県,1039,EOTOKO,秋田県,0,,-
2nd style,I Was The One,0,,-,412,600W1M,秋田県,573,RETRY,秋田県,675,DEF,秋田県,0,,-
2nd style,Indigo Vision(full flavour hide around mix),0,,-,675,IIDX33,秋田県,984,RETRY,秋田県,1195,EOTOKO,秋田県,0,,-
2nd style,PUT YOUR FAITH IN ME(for beatmania II),0,,-,0,,-,843,EOTOKO,秋田県,0,,-,0,,-
2nd style,SP-TRIP MACHINE(for beatmania II),0,,-,366,IIDX33,秋田県,588,RETRY,秋田県,639,&#173,秋田県,0,,-
3rd style,CAN'T STOP FALLIN'IN LOVE,0,,-,270,PONG,秋田県,1208,EOTOKO,秋田県,0,,-,0,,-
3rd style,Don't Stop!,0,,-,677,A*RISK,秋田県,792,YUT0,秋田県,879,EOTOKO,秋田県,0,,-
3rd style,era (nostalmix),0,,-,722,DXY!,秋田県,1021,DEF,秋田県,1497,EOTOKO,秋田県,0,,-
3rd style,Holic,0,,-,579,NANSUI,秋田県,1158,NERGAL,秋田県,1631,MXX,秋田県,0,,-
3rd style,LEADING CYBER,0,,-,0,,-,0,,-,1222,EULECA,秋田県,0,,-
3rd style,Presto,0,,-,0,,-,705,CONP,秋田県,980,EOTOKO,秋田県,0,,-
3rd style,R5,0,,-,730,17.JUL,秋田県,1085,ZIRCON,秋田県,1751,EULECA,秋田県,0,,-
3rd style,REINCARNATION,0,,-,0,,-,911,*RIJU*,秋田県,1247,EOTOKO,秋田県,0,,-
3rd style,Schlagwerk,0,,-,0,,-,1171,YUT0,秋田県,1618,EOTOKO,秋田県,0,,-
3rd style,Skyscraper,0,,-,0,,-,0,,-,1211,EOTOKO,秋田県,0,,-
3rd style,Tangerine Stream,0,,-,108,NIGLET,秋田県,392,HATO,秋田県,0,,-,0,,-
3rd style,THE SAFARI,303,DEPT.,秋田県,1049,SATC,秋田県,1714,EOTOKO,秋田県,0,,-,0,,-
4th style,250bpm,0,,-,633,S-I-N,秋田県,902,SATC,秋田県,1319,EOTOKO,秋田県,0,,-
4th style,ABSOLUTE,0,,-,1181,YUT0,秋田県,1729,DEF,秋田県,2290,EULECA,秋田県,2688,MXX,秋田県
4th style,B4U,0,,-,933,YUT0,秋田県,1330,HIRO77,秋田県,1936,H4RN..,秋田県,0,,-
4th style,Broken My Heart,0,,-,875,YUT0,秋田県,0,,-,1764,OSANPO,秋田県,0,,-
4th style,Burnin' The Floor,0,,-,533,NAO,秋田県,784,K2,秋田県,1407,EOTOKO,秋田県,0,,-
4th style,CHECKING YOU OUT,0,,-,423,600W1M,秋田県,813,OKE,秋田県,1314,HATO,秋田県,0,,-
4th style,Clione,0,,-,504,TORU.K,秋田県,899,*RIJU*,秋田県,1576,873AN7,秋田県,2103,Y-I.,秋田県
4th style,DXY!,0,,-,1033,K2,秋田県,1562,*RIJU*,秋田県,2138,MXX,秋田県,0,,-
4th style,empathy,0,,-,830,K.AI,秋田県,1176,SATC,秋田県,1416,EOTOKO,秋田県,0,,-
4th style,era (step mix),0,,-,885,DXY!,秋田県,1286,DEF,秋田県,1649,MXX,秋田県,0,,-
4th style,FLOWERS for ALBION,0,,-,220,KULEA,秋田県,429,HATO,秋田県,0,,-,0,,-
4th style,HIGHER,0,,-,0,,-,850,RETRY,秋田県,1233,EOTOKO,秋田県,0,,-
4th style,Hitch Hiker2,0,,-,0,,-,0,,-,1308,ECTHEL,秋田県,1885,HATO,秋田県
4th style,Jam&Marmalade,0,,-,667,YUT0,秋田県,737,LE8-MR,秋田県,983,EOTOKO,秋田県,0,,-
4th style,KAMIKAZE,0,,-,862,KULEA,秋田県,1363,YUT0,秋田県,2206,Y-I.,秋田県,0,,-
4th style,LOVE WILL・・・,0,,-,536,HIRO77,秋田県,696,MELO,秋田県,1437,ECTHEL,秋田県,0,,-
4th style,minimalian,0,,-,391,DEPT.,秋田県,862,DXY!,秋田県,1325,EOTOKO,秋田県,0,,-
4th style,Mr.T.(take me higher),0,,-,621,600W1M,秋田県,926,HGRKTR,秋田県,1708,EOTOKO,秋田県,0,,-
4th style,starmine,416,KULEA,秋田県,868,TORU.K,秋田県,1282,RETRY,秋田県,1566,HATO,秋田県,0,,-
4th style,SWEET LAB,0,,-,523,OKE,秋田県,780,AK,秋田県,1287,Y-I.,秋田県,0,,-
4th style,Voltage (feat. Hidemaru),0,,-,927,OKE,秋田県,1183,KOB.SS,秋田県,1270,KAIDEN,秋田県,0,,-
5th style,Abyss,0,,-,802,H45TE,秋田県,1597,ECTHEL,秋田県,1830,EOTOKO,秋田県,0,,-
5th style,in my eyes,0,,-,802,JOBMAN,秋田県,1017,K2,秋田県,1527,EOTOKO,秋田県,0,,-
5th style,LOVE AGAIN TONIGHT～for Mellisa mix～,0,,-,709,YUT0,秋田県,889,RETRY,秋田県,1093,EOTOKO,秋田県,0,,-
5th style,outer wall,0,,-,782,YUT0,秋田県,1192,RETRY,秋田県,1716,EOTOKO,秋田県,0,,-
5th style,QQQ,0,,-,1091,KULEA,秋田県,1617,SATC,秋田県,2072,EOTOKO,秋田県,0,,-
5th style,Radical Faith,0,,-,0,,-,1476,EOTOKO,秋田県,1261,EOTOKO,秋田県,0,,-
5th style,Real,0,,-,928,YUT0,秋田県,1349,DXY!,秋田県,1749,EOTOKO,秋田県,0,,-
5th style,Regulus,0,,-,857,YUT0,秋田県,1192,JOVAN,秋田県,1669,EOTOKO,秋田県,0,,-
5th style,RIDE ON THE LIGHT (HI GREAT MIX),0,,-,0,,-,994,TAAKU,秋田県,1674,MXX,秋田県,1767,MXX,秋田県
5th style,RISLIM,0,,-,837,KKR,秋田県,1187,EOTOKO,秋田県,0,,-,0,,-
5th style,sometime,0,,-,756,OKE,秋田県,947,*RIJU*,秋田県,1253,EOTOKO,秋田県,0,,-
5th style,Spin the disc,0,,-,0,,-,846,K2,秋田県,1328,HATO,秋田県,0,,-
5th style,STILL IN MY HEART,0,,-,0,,-,1139,SATC,秋田県,1830,EOTOKO,秋田県,0,,-
5th style,still my words,0,,-,766,JOBMAN,秋田県,1203,EOTOKO,秋田県,0,,-,0,,-
5th style,sync,0,,-,1017,CHOCO*,秋田県,1670,RETRY,秋田県,2332,ECTHEL,秋田県,0,,-
5th style,THE CUBE,0,,-,0,,-,1162,TUBA96,秋田県,1345,HATO,秋田県,0,,-
5th style,THE SHINING POLARIS,0,,-,0,,-,1133,SATC,秋田県,1554,KT194,秋田県,0,,-
5th style,V,329,KULEA,秋田県,958,ZERA,秋田県,2411,7NEKO,秋田県,2917,EULECA,秋田県,0,,-
6th style,"19,November",0,,-,940,NS-ND,秋田県,1039,K2,秋田県,1755,HATO,秋田県,0,,-
6th style,BALLAD FOR YOU～想いの雨～,0,,-,360,IIDX33,秋田県,738,AK,秋田県,1065,EOTOKO,秋田県,0,,-
6th style,Blueberry Stream,0,,-,0,,-,1445,ECTHEL,秋田県,1549,MIYU*,秋田県,0,,-
6th style,Buffalo,0,,-,782,SRM,秋田県,1303,SATC,秋田県,1757,Y-I.,秋田県,2464,EULECA,秋田県
6th style,Colors (radio edit),0,,-,1266,YUT0,秋田県,1825,KOB.SS,秋田県,2366,MIYU*,秋田県,0,,-
6th style,DIVE ～INTO YOUR HEART～,0,,-,0,,-,1506,SATC,秋田県,2033,EOTOKO,秋田県,0,,-
6th style,fly through the night,0,,-,788,NAO,秋田県,1044,NS-ND,秋田県,1656,7NEKO,秋田県,0,,-
6th style,Free Style,0,,-,0,,-,0,,-,1251,EOTOKO,秋田県,0,,-
6th style,Frozen Ray (original mix),0,,-,1291,K.AI,秋田県,1604,696,秋田県,1745,EOTOKO,秋田県,0,,-
6th style,G2,0,,-,1144,SATC,秋田県,1432,JOVAN,秋田県,2237,EOTOKO,秋田県,0,,-
6th style,L'amour et la liberte,0,,-,975,OKE,秋田県,1416,K.AI,秋田県,1948,EOTOKO,秋田県,0,,-
6th style,Linus,0,,-,0,,-,1281,JOVAN,秋田県,2162,EULECA,秋田県,0,,-
6th style,NEMESIS,0,,-,764,K2,秋田県,1301,1MB,秋田県,1747,EOTOKO,秋田県,0,,-
6th style,rottel-da-sun,0,,-,695,NAO,秋田県,1177,SATC,秋田県,1786,EOTOKO,秋田県,0,,-
6th style,route 80s,0,,-,792,YUT0,秋田県,883,D-MOND,秋田県,1444,EOTOKO,秋田県,0,,-
6th style,SOMETHING WONDERFUL,0,,-,915,OKE,秋田県,1128,RETRY,秋田県,1932,EOTOKO,秋田県,0,,-
6th style,Summer Vacation(CU mix),0,,-,1130,YUT0,秋田県,1768,MXX,秋田県,0,,-,0,,-
6th style,Take It Easy,0,,-,1337,SATC,秋田県,2242,OKE,秋田県,2475,EULECA,秋田県,0,,-
6th style,VJ ARMY,0,,-,1252,OKE,秋田県,1694,HATO,秋田県,2154,EOTOKO,秋田県,0,,-
6th style,こっちを向いてよ,0,,-,766,YUT0,秋田県,0,,-,1327,EOTOKO,秋田県,0,,-
7th style,A,0,,-,1051,YUT0,秋田県,2005,OKE,秋田県,2428,EULECA,秋田県,0,,-
7th style,AVE DE RAPINA,0,,-,1249,YUT0,秋田県,1280,JOBMAN,秋田県,1762,EOTOKO,秋田県,0,,-
7th style,Bad Routine,0,,-,745,KULEA,秋田県,1271,YUT0,秋田県,1878,KT194,秋田県,0,,-
7th style,Burning Heat! (Full Option Mix),0,,-,304,AIK,秋田県,820,YUT0,秋田県,1422,EOTOKO,秋田県,0,,-
7th style,Cheer Train,0,,-,860,YUT0,秋田県,1056,AK,秋田県,1679,EULECA,秋田県,0,,-
7th style,D2R,0,,-,232,CONCHA,秋田県,0,,-,1565,EOTOKO,秋田県,0,,-
7th style,DESTINY,0,,-,381,HWTKS,秋田県,957,K2,秋田県,1788,EOTOKO,秋田県,0,,-
7th style,foreplay,0,,-,607,YUT0,秋田県,781,JOBMAN,秋田県,1275,EOTOKO,秋田県,0,,-
7th style,Glorious Days,0,,-,291,TENE,秋田県,780,MA02RI,秋田県,876,EOTOKO,秋田県,0,,-
7th style,Happy Wedding,0,,-,1009,NAO,秋田県,1387,SATC,秋田県,1725,EOTOKO,秋田県,0,,-
7th style,Last Message,0,,-,581,IIDX33,秋田県,1303,HATO,秋田県,1554,EULECA,秋田県,0,,-
7th style,Let the Snow Paint Me,0,,-,0,,-,527,IIDX33,秋田県,1190,TANUKI,秋田県,0,,-
7th style,Love Me Do,0,,-,816,600W1M,秋田県,1591,RETRY,秋田県,2084,MXX,秋田県,0,,-
7th style,MAX 300,0,,-,1095,OKE,秋田県,1686,TATAMI,秋田県,2723,EULECA,秋田県,0,,-
7th style,Somebody Like You,0,,-,739,OKE,秋田県,1029,600W1M,秋田県,1725,HATO,秋田県,0,,-
7th style,Spica,0,,-,600,YUT0,秋田県,1185,JOVAN,秋田県,2157,MXX,秋田県,0,,-
7th style,stoic,0,,-,1405,SATC,秋田県,2169,S-I-N,秋田県,2460,EOTOKO,秋田県,0,,-
7th style,Tomorrow Perfume,0,,-,1020,NAO,秋田県,1514,JOVAN,秋田県,1958,OSANPO,秋田県,0,,-
7th style,traces,0,,-,1306,HGRKTR,秋田県,1577,J-15,秋田県,2058,NU-,秋田県,0,,-
7th style,ZERO-ONE,0,,-,985,TAAKU,秋田県,1545,TATAMI,秋田県,2138,7NEKO,秋田県,2831,EULECA,秋田県
7th style,革命,0,,-,414,IIDX33,秋田県,1821,S-I-N,秋田県,2220,7NEKO,秋田県,0,,-
8th style,abstract,0,,-,1170,AK,秋田県,1451,SHUN-X,秋田県,1861,MXX,秋田県,0,,-
8th style,airflow,0,,-,523,YUT0,秋田県,717,YUT0,秋田県,1379,H4RN..,秋田県,0,,-
8th style,ALL RIGHT,0,,-,820,YUT0,秋田県,1217,DEF,秋田県,1546,OSANPO,秋田県,0,,-
8th style,Attitude,0,,-,758,K2,秋田県,1240,*RIJU*,秋田県,1706,EULECA,秋田県,0,,-
8th style,bit mania,0,,-,831,JOBMAN,秋田県,1120,JOBMAN,秋田県,1836,HATO,秋田県,0,,-
8th style,Blame,0,,-,707,IIDX33,秋田県,1296,AK,秋田県,1864,EOTOKO,秋田県,0,,-
8th style,CELEBRATE NITE,0,,-,866,HGRKTR,秋田県,1032,YUT0,秋田県,1392,EOTOKO,秋田県,0,,-
8th style,Colors -Y&Co. Eurobeat Remix-,0,,-,1106,TAAKU,秋田県,1737,SATC,秋田県,2154,EULECA,秋田県,0,,-
8th style,dual control,0,,-,0,,-,1120,RETRY,秋田県,1795,MXX,秋田県,0,,-
8th style,Giudecca,0,,-,0,,-,1793,TATAMI,秋田県,2593,EULECA,秋田県,0,,-
8th style,Halfway of promise,0,,-,489,HWTKS,秋田県,1352,TORU.K,秋田県,1775,HATO,秋田県,0,,-
8th style,HYPER BOUNDARY GATE,0,,-,1239,OKE,秋田県,1587,N-TOFU,秋田県,2147,OSANPO,秋田県,0,,-
8th style,LAB,0,,-,874,SARYO,秋田県,1755,DEF,秋田県,2022,HATO,秋田県,2624,MXX,秋田県
8th style,LOVE IS ORANGE,0,,-,566,S-C-U,秋田県,954,YUT0,秋田県,1775,MXX,秋田県,2067,EOTOKO,秋田県
8th style,Luv 2 Feel Your Body,0,,-,830,OKE,秋田県,920,RETRY,秋田県,1596,EOTOKO,秋田県,0,,-
8th style,memories,0,,-,0,,-,1926,87MARU,秋田県,2224,EULECA,秋田県,0,,-
8th style,Monkey Dance,0,,-,561,PONG,秋田県,1209,YUT0,秋田県,1912,EOTOKO,秋田県,0,,-
8th style,murmur twins,0,,-,694,OKGO,秋田県,1548,87MARU,秋田県,2330,MXX,秋田県,0,,-
8th style,MUSIC TO YOUR HEAD,0,,-,685,NAO,秋田県,901,K2,秋田県,1608,EOTOKO,秋田県,0,,-
8th style,PLEASE DON'T GO,0,,-,710,JOBMAN,秋田県,1129,H1R01,秋田県,2339,EULECA,秋田県,0,,-
8th style,rainbow flyer,0,,-,450,OKGO,秋田県,1367,RETRY,秋田県,2022,MXX,秋田県,0,,-
8th style,symbolic,0,,-,1295,HGRKTR,秋田県,1582,RETRY,秋田県,2163,MXX,秋田県,0,,-
8th style,thunder,0,,-,1081,YUT0,秋田県,1367,SATC,秋田県,1836,MXX,秋田県,0,,-
8th style,WAR GAME,0,,-,564,HWTKS,秋田県,1435,*RIJU*,秋田県,2110,EULECA,秋田県,0,,-
8th style,World Wide Love,0,,-,669,YUT0,秋田県,971,KKR,秋田県,1087,*RIJU*,秋田県,0,,-
8th style,xenon,0,,-,981,YURA,秋田県,1426,1MB,秋田県,2679,EULECA,秋田県,0,,-
8th style,桜,0,,-,820,K2,秋田県,1380,OSANPO,秋田県,2022,EOTOKO,秋田県,0,,-
8th style,蒼い衝動,0,,-,761,JOBMAN,秋田県,1122,SATC,秋田県,1562,EOTOKO,秋田県,0,,-
9th style,Abyss -The Heavens Remix-,533,KKR,秋田県,1160,NODA,秋田県,1738,GORO2,秋田県,2322,EULECA,秋田県,0,,-
9th style,ACT,0,,-,964,YUT0,秋田県,1426,SATC,秋田県,1784,EOTOKO,秋田県,0,,-
9th style,ADVANCE,0,,-,462,*RIJU*,秋田県,842,K.AI,秋田県,1579,ECTHEL,秋田県,0,,-
9th style,ATOMIC AGE,0,,-,363,OKE,秋田県,488,INTECH,秋田県,1306,EULECA,秋田県,0,,-
9th style,BAD BOY BASS!! (dj Remo-con MIX),0,,-,821,IIDX32,秋田県,0,,-,1761,KT194,秋田県,0,,-
9th style,bag,0,,-,843,YUT0,秋田県,1021,RETRY,秋田県,1890,EULECA,秋田県,0,,-
9th style,BRIGHTNESS DARKNESS,0,,-,462,IIDX33,秋田県,1183,AK,秋田県,1708,EOTOKO,秋田県,0,,-
9th style,Cradle,0,,-,754,INTECH,秋田県,1210,JOBMAN,秋田県,1539,MIYU*,秋田県,0,,-
9th style,Distress,0,,-,1175,KUDAN,秋田県,1757,EOTOKO,秋田県,0,,-,0,,-
9th style,e-motion 2003  -romantic extra-,0,,-,1148,YUT0,秋田県,1214,NS-ND,秋田県,1946,EULECA,秋田県,0,,-
9th style,fun,0,,-,561,OKE,秋田県,664,KOB.SS,秋田県,1734,FUMI,秋田県,0,,-
9th style,Golden Horn,0,,-,592,KULEA,秋田県,978,SATC,秋田県,1439,EOTOKO,秋田県,0,,-
9th style,HYPER EUROBEAT (2DX style),0,,-,0,,-,1426,SATC,秋田県,1920,EOTOKO,秋田県,0,,-
9th style,I Was The One (80's EUROBEAT STYLE),0,,-,713,KKR,秋田県,1165,NABE,秋田県,1410,EOTOKO,秋田県,0,,-
9th style,Karma,0,,-,1240,YUT0,秋田県,1537,SHUN-X,秋田県,1766,Y-I.,秋田県,0,,-
9th style,lights,0,,-,0,,-,1289,YUT0,秋田県,1680,7NEKO,秋田県,0,,-
9th style,Logic Board,0,,-,1023,OKE,秋田県,1662,MXX,秋田県,2289,Y-I.,秋田県,0,,-
9th style,LOVE SHINE,506,KKR,秋田県,803,RETRY,秋田県,1784,K.AI,秋田県,2066,LVFX,秋田県,0,,-
9th style,lower world,0,,-,1137,YUT0,秋田県,1708,*RIJU*,秋田県,2151,MXX,秋田県,0,,-
9th style,Make A Difference,0,,-,691,JOBMAN,秋田県,1365,JOVAN,秋田県,2167,HATO,秋田県,0,,-
9th style,MARIA (I believe... ),0,,-,697,KKR,秋田県,1430,HGRKTR,秋田県,1879,OSANPO,秋田県,0,,-
9th style,moon_child,0,,-,918,RETRY,秋田県,1862,87MARU,秋田県,2512,EULECA,秋田県,0,,-
9th style,one or eight,0,,-,1168,YUT0,秋田県,1741,OKE,秋田県,2184,EULECA,秋田県,0,,-
9th style,PARANOIA survivor MAX,0,,-,936,OKE,秋田県,1271,HATO,秋田県,2064,HATO,秋田県,0,,-
9th style,quasar,0,,-,954,KULEA,秋田県,1623,S-I-N,秋田県,2275,EULECA,秋田県,0,,-
9th style,Quickening,0,,-,715,JOBMAN,秋田県,1383,SHUN-X,秋田県,2034,Y-I.,秋田県,0,,-
9th style,Really Love,0,,-,447,IIDX33,秋田県,856,AK,秋田県,1678,HATO,秋田県,0,,-
9th style,RISLIM -Remix-,0,,-,0,,-,821,NS-ND,秋田県,1825,EOTOKO,秋田県,0,,-
9th style,rottel-the-Mercury,0,,-,0,,-,1626,RETRY,秋田県,2225,EOTOKO,秋田県,0,,-
9th style,Silvia Drive,0,,-,0,,-,1499,HATO,秋田県,1980,EOTOKO,秋田県,0,,-
9th style,SNOW,0,,-,965,HGRKTR,秋田県,1223,HIRO77,秋田県,1994,EULECA,秋田県,0,,-
9th style,STAR FIELD,0,,-,0,,-,1498,K.AI,秋田県,1841,HATO,秋田県,0,,-
9th style,Sweet Sweet Magic,0,,-,950,YUT0,秋田県,0,,-,1970,EOTOKO,秋田県,0,,-
9th style,SWEETEST SAVAGE,0,,-,637,OKE,秋田県,1191,RETRY,秋田県,1727,HATO,秋田県,0,,-
9th style,ライオン好き,0,,-,524,600W1M,秋田県,1084,MA02RI,秋田県,1458,EOTOKO,秋田県,0,,-
9th style,真夏の花・真夏の夢,0,,-,670,DEPT.,秋田県,587,IIDX33,秋田県,1404,EOTOKO,秋田県,0,,-
10th style,1st Samurai,0,,-,834,JOBMAN,秋田県,1814,OKE,秋田県,2541,EOTOKO,秋田県,0,,-
10th style,ALIEN TEMPLE,0,,-,894,NAO,秋田県,936,CHNO,秋田県,1962,EOTOKO,秋田県,0,,-
10th style,ASTRAL VOYAGE,0,,-,810,SRM,秋田県,1276,YUT0,秋田県,1860,OSANPO,秋田県,0,,-
10th style,BABY LOVE,0,,-,1100,YUT0,秋田県,1457,N-TOFU,秋田県,2095,MXX,秋田県,0,,-
10th style,Back Into The Light,0,,-,917,NODA,秋田県,1356,HIRO77,秋田県,2123,EOTOKO,秋田県,0,,-
10th style,Boundary,0,,-,0,,-,1741,PAN,秋田県,2017,HATO,秋田県,0,,-
10th style,CARRY ON NIGHT (English version),0,,-,0,,-,1211,TAAKU,秋田県,1956,EOTOKO,秋田県,0,,-
10th style,Daisuke,439,KKR,秋田県,1101,NAO,秋田県,1591,PAN,秋田県,2371,EULECA,秋田県,0,,-
10th style,Debtty Daddy,0,,-,933,NAO,秋田県,1642,YUT0,秋田県,2622,EOTOKO,秋田県,0,,-
10th style,desolation,0,,-,405,IIDX33,秋田県,0,,-,752,HATO,秋田県,0,,-
10th style,DoLL,215,NIGLET,秋田県,648,SRM,秋田県,1082,YUT0,秋田県,1594,OSANPO,秋田県,0,,-
10th style,EXE,0,,-,0,,-,1289,IIDX32,秋田県,2175,EOTOKO,秋田県,0,,-
10th style,Feedback,0,,-,841,JOBMAN,秋田県,1398,SATC,秋田県,1829,EOTOKO,秋田県,0,,-
10th style,FEEL IT,0,,-,0,,-,1628,OSANPO,秋田県,1914,EOTOKO,秋田県,0,,-
10th style,Freezing atmosphere,0,,-,0,,-,902,RETRY,秋田県,1449,EOTOKO,秋田県,0,,-
10th style,GHOST REVIVAL,0,,-,803,NAO,秋田県,1873,OKE,秋田県,2434,873AN7,秋田県,0,,-
10th style,GRADIUS -FULL SPEED-,0,,-,573,YUT0,秋田県,1099,DEF,秋田県,1922,7NEKO,秋田県,0,,-
10th style,HIGH,0,,-,621,600W1M,秋田県,1762,RETRY,秋田県,2131,MXX,秋田県,2823,EULECA,秋田県
10th style,Innocent Walls,0,,-,1581,OKE,秋田県,2378,MXX,秋田県,2661,EOTOKO,秋田県,0,,-
10th style,Love Is Eternity,0,,-,1081,YUT0,秋田県,1785,*RIJU*,秋田県,2342,EULECA,秋田県,0,,-
10th style,Lucy,0,,-,922,USA9!3,秋田県,1657,OKE,秋田県,2266,MXX,秋田県,0,,-
10th style,Narcissus At Oasis,0,,-,758,TORU.K,秋田県,1411,OKE,秋田県,1639,MXX,秋田県,0,,-
10th style,No.13,0,,-,1515,SATC,秋田県,2455,K.AI,秋田県,3132,EULECA,秋田県,0,,-
10th style,One More Lovely,0,,-,0,,-,1537,87MARU,秋田県,2724,EULECA,秋田県,0,,-
10th style,pandora,0,,-,541,OTTERR,秋田県,1363,SATC,秋田県,1778,OSANPO,秋田県,0,,-
10th style,rainbow rainbow,0,,-,1200,K2,秋田県,2138,OKE,秋田県,2613,EOTOKO,秋田県,0,,-
10th style,Rise'n Beauty,0,,-,1124,KKR,秋田県,1409,YUT0,秋田県,2094,EOTOKO,秋田県,3914,EULECA,秋田県
10th style,SCORE,0,,-,1157,OKE,秋田県,1341,TAAKU,秋田県,2021,KT194,秋田県,0,,-
10th style,SHOOTING STAR,0,,-,1019,JOBMAN,秋田県,1315,N-TOFU,秋田県,2195,EOTOKO,秋田県,0,,-
10th style,SPACE FIGHT,0,,-,388,IIDX33,秋田県,1244,TORU.K,秋田県,2153,EOTOKO,秋田県,0,,-
10th style,システムロマンス,0,,-,0,,-,1483,SATC,秋田県,1985,EOTOKO,秋田県,0,,-
10th style,雪月花,0,,-,1143,KUDAN,秋田県,1840,Y-I.,秋田県,2447,EULECA,秋田県,0,,-
IIDX RED,AA,0,,-,1127,RETRY,秋田県,2657,Y-I.,秋田県,3573,EULECA,秋田県,0,,-
IIDX RED,AGEHA,554,KKR,秋田県,1013,*RIJU*,秋田県,1537,YURA,秋田県,1836,MXX,秋田県,2322,HATO,秋田県
IIDX RED,ANDROMEDA,0,,-,949,YUT0,秋田県,1605,TAAKU,秋田県,2831,EULECA,秋田県,0,,-
IIDX RED,awakening,0,,-,0,,-,1322,SHUN-X,秋田県,1666,EOTOKO,秋田県,0,,-
IIDX RED,Be quiet,0,,-,955,YUT0,秋田県,1628,OKE,秋田県,2169,Y-I.,秋田県,2606,EULECA,秋田県
IIDX RED,BLOCKS,0,,-,496,ARK,秋田県,1111,TAAKU,秋田県,1930,EULECA,秋田県,0,,-
IIDX RED,BREATH,0,,-,706,K2,秋田県,997,K2,秋田県,1658,KOB.SS,秋田県,0,,-
IIDX RED,Click Again,0,,-,814,YUT0,秋田県,1317,SHUN-X,秋田県,2071,EOTOKO,秋田県,0,,-
IIDX RED,Close my Eyes for Me,0,,-,382,HWTKS,秋田県,1314,PAN,秋田県,1762,EOTOKO,秋田県,0,,-
IIDX RED,D.A.N.C.E.!,0,,-,0,,-,795,AU-MIN,秋田県,1534,MXX,秋田県,0,,-
IIDX RED,Don't be afraid myself,0,,-,564,SIEC5,秋田県,1835,HATO,秋田県,2213,ECTHEL,秋田県,0,,-
IIDX RED,earth scape,0,,-,0,,-,1020,KOB.SS,秋田県,1256,KOB.SS,秋田県,0,,-
IIDX RED,FAKE TIME,0,,-,0,,-,1724,MXX,秋田県,2315,EULECA,秋田県,0,,-
IIDX RED,Fly Away To India,0,,-,468,IIDX33,秋田県,0,,-,1347,EOTOKO,秋田県,0,,-
IIDX RED,GENOCIDE,0,,-,998,TORU.K,秋田県,2039,Y-I.,秋田県,2330,EULECA,秋田県,0,,-
IIDX RED,gigadelic,652,KKR,秋田県,1314,S-I-N,秋田県,2099,EULECA,秋田県,2477,EULECA,秋田県,0,,-
IIDX RED,HORIZON,0,,-,0,,-,1176,K2,秋田県,1938,OSANPO,秋田県,0,,-
IIDX RED,KEY,0,,-,0,,-,1797,CHOCO*,秋田県,2813,MXX,秋田県,0,,-
IIDX RED,NEBULA GRASPER,0,,-,1248,YUT0,秋田県,1573,HIRO77,秋田県,2403,MIYU*,秋田県,0,,-
IIDX RED,Raspberry Heart(English version),0,,-,0,,-,1455,YUT0,秋田県,1796,KT194,秋田県,0,,-
IIDX RED,RED ZONE,103,SYPH,秋田県,945,MTK,秋田県,1875,Y-I.,秋田県,2272,MXX,秋田県,3034,EULECA,秋田県
IIDX RED,RESONATE 1794,0,,-,0,,-,1381,Q-SILV,秋田県,1818,MXX,秋田県,0,,-
IIDX RED,Secret of Love,0,,-,738,IIDX33,秋田県,0,,-,1982,MXX,秋田県,0,,-
IIDX RED,SPEEDY CAT,0,,-,1037,NAO,秋田県,1395,RETRY,秋田県,1953,MXX,秋田県,0,,-
IIDX RED,Sphere,0,,-,856,KULEA,秋田県,1860,OKE,秋田県,2151,NU-,秋田県,0,,-
IIDX RED,spiral galaxy,0,,-,862,K2,秋田県,1770,JOVAN,秋田県,2466,MXX,秋田県,3668,EULECA,秋田県
IIDX RED,The Hope of Tomorrow,0,,-,0,,-,1675,HATO,秋田県,1885,7NEKO,秋田県,0,,-
IIDX RED,Wonder Bullfighter,0,,-,445,HWTKS,秋田県,1106,MA02RI,秋田県,1917,FUMI,秋田県,0,,-
IIDX RED,ピアノ協奏曲第１番”蠍火”,0,,-,727,SESAMI,秋田県,2035,MIYU*,秋田県,2599,EULECA,秋田県,0,,-
IIDX RED,大桟橋,0,,-,0,,-,1026,RETRY,秋田県,1825,MXX,秋田県,0,,-
IIDX RED,太陽～T・A・I・Y・O～,0,,-,302,HWTKS,秋田県,1151,D-MOND,秋田県,1701,EOTOKO,秋田県,0,,-
IIDX RED,ＵＬＴｉＭΛＴＥ,0,,-,0,,-,1335,YURA,秋田県,1959,EOTOKO,秋田県,0,,-
HAPPY SKY,100％ minimoo-G,0,,-,688,600W1M,秋田県,1432,RETRY,秋田県,1656,EULECA,秋田県,0,,-
HAPPY SKY,Agnus Dei,0,,-,824,YUT0,秋田県,1475,HIRO77,秋田県,1996,H4RN..,秋田県,0,,-
HAPPY SKY,alla turca con passione,0,,-,707,JOBMAN,秋田県,1418,RETRY,秋田県,2147,EOTOKO,秋田県,0,,-
HAPPY SKY,Aurora,0,,-,1233,RETRY,秋田県,1959,KOB.SS,秋田県,2467,EULECA,秋田県,0,,-
HAPPY SKY,CaptivAte～浄化～,0,,-,761,600W1M,秋田県,1661,*RIJU*,秋田県,2392,MXX,秋田県,3365,EULECA,秋田県
HAPPY SKY,Catch Me,0,,-,747,SHUN-X,秋田県,1210,7NEKO,秋田県,1733,HATO,秋田県,2054,ECTHEL,秋田県
HAPPY SKY,Don't let it go,0,,-,703,OKE,秋田県,1189,OSANPO,秋田県,1645,MXX,秋田県,0,,-
HAPPY SKY,double thrash,0,,-,997,PAN,秋田県,1958,HATO,秋田県,2313,EULECA,秋田県,0,,-
HAPPY SKY,EDEN,0,,-,941,MIRUKI,秋田県,1912,Y-I.,秋田県,2695,EULECA,秋田県,3221,EULECA,秋田県
HAPPY SKY,EMPTY OF THE SKY,0,,-,330,PUCCHO,秋田県,0,,-,1648,EOTOKO,秋田県,0,,-
HAPPY SKY,First Resolution,0,,-,766,SHUN-X,秋田県,1444,RETRY,秋田県,2109,EOTOKO,秋田県,0,,-
HAPPY SKY,garden,0,,-,779,JOBMAN,秋田県,1386,RETRY,秋田県,2123,EULECA,秋田県,3068,EULECA,秋田県
HAPPY SKY,Get'em up to R.A.V.E,0,,-,0,,-,1534,RETRY,秋田県,2197,EOTOKO,秋田県,0,,-
HAPPY SKY,GREEN EYES,0,,-,965,OKE,秋田県,1310,RETRY,秋田県,2130,EOTOKO,秋田県,0,,-
HAPPY SKY,HAPPY☆ANGEL,629,KKR,秋田県,565,PRETAX,秋田県,1500,KOB.SS,秋田県,2057,MXX,秋田県,0,,-
HAPPY SKY,I am,0,,-,1013,KKR,秋田県,1586,SATC,秋田県,2126,EOTOKO,秋田県,0,,-
HAPPY SKY,in motion,0,,-,833,OKE,秋田県,0,,-,1284,HATO,秋田県,0,,-
HAPPY SKY,INAZUMA,0,,-,1030,MIYU*,秋田県,1668,*RIJU*,秋田県,2674,EULECA,秋田県,3949,MIYU*,秋田県
HAPPY SKY,LESSON 5,0,,-,917,SRM,秋田県,1551,SATC,秋田県,2398,EOTOKO,秋田県,0,,-
HAPPY SKY,Little Little Princess,0,,-,1009,RETRY,秋田県,2062,*RIJU*,秋田県,2638,MIYU*,秋田県,3732,EULECA,秋田県
HAPPY SKY,Love Magic,0,,-,772,K2,秋田県,1467,SATC,秋田県,1887,EOTOKO,秋田県,0,,-
HAPPY SKY,mind the gap,0,,-,703,OKE,秋田県,530,JOBMAN,秋田県,1520,MXX,秋田県,0,,-
HAPPY SKY,MOON RACE,0,,-,718,NS-ND,秋田県,1017,YUT0,秋田県,1823,EOTOKO,秋田県,0,,-
HAPPY SKY,Pink Rose,0,,-,354,CONCHA,秋田県,958,DEF,秋田県,1384,32133,秋田県,1976,MXX,秋田県
HAPPY SKY,PLASMA,0,,-,823,KULEA,秋田県,1068,SANAFM,秋田県,2188,EOTOKO,秋田県,0,,-
HAPPY SKY,Pollinosis,0,,-,445,IIDX33,秋田県,1121,AU-MIN,秋田県,2397,EOTOKO,秋田県,0,,-
HAPPY SKY,POODLE,0,,-,891,NAO,秋田県,1737,NOIN,秋田県,2270,MXX,秋田県,3337,MIYU*,秋田県
HAPPY SKY,rage against usual,0,,-,1177,SATC,秋田県,1889,OKE,秋田県,2873,EULECA,秋田県,0,,-
HAPPY SKY,SCREAM SQUAD,0,,-,1047,SATC,秋田県,1499,TATAMI,秋田県,1965,EULECA,秋田県,0,,-
HAPPY SKY,Scripted Connection⇒ A mix,0,,-,1328,RETRY,秋田県,2073,NU,秋田県,3005,EULECA,秋田県,3360,EULECA,秋田県
HAPPY SKY,Scripted Connection⇒ H mix,0,,-,1317,K2,秋田県,1810,KOB.SS,秋田県,2398,7NEKO,秋田県,2831,EULECA,秋田県
HAPPY SKY,Scripted Connection⇒ N mix,0,,-,1047,K2,秋田県,1347,HIRO77,秋田県,2012,7NEKO,秋田県,2375,MXX,秋田県
HAPPY SKY,SigSig,636,KKR,秋田県,948,JOBMAN,秋田県,1556,RETRY,秋田県,2550,TOROKU,秋田県,0,,-
HAPPY SKY,Tizona d'El Cid,0,,-,529,GX,秋田県,1725,OKE,秋田県,2228,MIYU*,秋田県,0,,-
HAPPY SKY,Twelfth Style,0,,-,1091,YUT0,秋田県,980,CHNO,秋田県,1940,MXX,秋田県,3147,MXX,秋田県
HAPPY SKY,Under the Sky,0,,-,0,,-,1317,RETRY,秋田県,1719,EULECA,秋田県,0,,-
HAPPY SKY,vault of heaven,0,,-,0,,-,1236,ACID,秋田県,1957,Y-I.,秋田県,0,,-
HAPPY SKY,Votum stellarum,0,,-,496,IIDX33,秋田県,1392,HIRO77,秋田県,1923,EOTOKO,秋田県,0,,-
HAPPY SKY,We are Disっ娘よっつ打ち命,0,,-,359,ASAHI,秋田県,881,YUT0,秋田県,1618,7NEKO,秋田県,0,,-
HAPPY SKY,Xepher,374,KKR,秋田県,1030,YUT0,秋田県,2048,87MARU,秋田県,2982,EULECA,秋田県,0,,-
HAPPY SKY,オレはビートマニア！お前は何マニア？,0,,-,706,SATC,秋田県,962,CHNO,秋田県,1628,-GEAR-,秋田県,0,,-
HAPPY SKY,ヒマワリ,0,,-,364,CONCHA,秋田県,1637,TORU.K,秋田県,2059,EULECA,秋田県,0,,-
HAPPY SKY,ラクエン,0,,-,292,HWTKS,秋田県,746,KOB.SS,秋田県,1937,HATO,秋田県,0,,-
HAPPY SKY,冥,539,KKR,秋田県,882,RETRY,秋田県,2042,EULECA,秋田県,3612,EULECA,秋田県,0,,-
HAPPY SKY,合体せよ！ストロングイェーガー！！ (Ryu☆ remix),0,,-,618,GX,秋田県,1324,TAAKU,秋田県,1845,HATO,秋田県,0,,-
HAPPY SKY,月光,0,,-,764,SARYO,秋田県,1739,Y-I.,秋田県,2371,MXX,秋田県,0,,-
DistorteD,ALFARSHEAR 双神威に廻る夢,271,HGK,秋田県,1043,YUT0,秋田県,1470,*RIJU*,秋田県,2062,EULECA,秋田県,0,,-
DistorteD,Apocalypse ～dirge of swans～,221,IIDX33,秋田県,649,SARYO,秋田県,1657,Y-I.,秋田県,2348,EULECA,秋田県,0,,-
DistorteD,BALLAD THE FEATHERS,0,,-,376,SYANA,秋田県,1035,HGRKTR,秋田県,1461,EOTOKO,秋田県,0,,-
DistorteD,Bloody Tears(IIDX EDITION),0,,-,993,KULEA,秋田県,1817,PAN,秋田県,2141,EULECA,秋田県,0,,-
DistorteD,BOOM BOOM DISCO NIGHT,0,,-,462,IIDX33,秋田県,1561,SATC,秋田県,2174,EOTOKO,秋田県,0,,-
DistorteD,Broadbanded,0,,-,834,SHUN-X,秋田県,1171,SATC,秋田県,1951,7NEKO,秋田県,0,,-
DistorteD,Concertino in Blue,319,600W1M,秋田県,768,SHUN-X,秋田県,1634,HATO,秋田県,2385,EULECA,秋田県,0,,-
DistorteD,CONTRACT,0,,-,1171,S-I-N,秋田県,1537,KOB.SS,秋田県,2056,NU-,秋田県,2733,EULECA,秋田県
DistorteD,D.C.fish,0,,-,555,IIDX33,秋田県,1837,S-I-N,秋田県,2282,KT194,秋田県,0,,-
DistorteD,DEEP ROAR,0,,-,979,OKE,秋田県,1386,DEF,秋田県,2717,KT194,秋田県,0,,-
DistorteD,Double Loving Heart,0,,-,513,KKR,秋田県,1226,TORU.K,秋田県,1779,EOTOKO,秋田県,0,,-
DistorteD,DUE TOMORROW,0,,-,893,OKE,秋田県,1321,OKE,秋田県,1935,EULECA,秋田県,0,,-
DistorteD,EURO-ROMANCE,0,,-,877,KKR,秋田県,1608,HIRO77,秋田県,2085,EULECA,秋田県,0,,-
DistorteD,Ganymede,0,,-,958,$EX,秋田県,1591,FUMI,秋田県,2235,EULECA,秋田県,2489,EULECA,秋田県
DistorteD,Harmony and Lovely,0,,-,890,USA9!3,秋田県,1573,*RIJU*,秋田県,2169,Y-I.,秋田県,0,,-
DistorteD,Heavenly Sun (IIDX VERSION),0,,-,0,,-,1324,N-TOFU,秋田県,2087,HATO,秋田県,0,,-
DistorteD,INFERNO,0,,-,0,,-,1289,RETRY,秋田県,1928,HATO,秋田県,0,,-
DistorteD,Leaving...,0,,-,0,,-,1211,SATC,秋田県,2140,EOTOKO,秋田県,0,,-
DistorteD,MINT,0,,-,937,HGRKTR,秋田県,1702,HATO,秋田県,2221,EULECA,秋田県,0,,-
DistorteD,MOON,0,,-,637,600W1M,秋田県,1649,KULEA,秋田県,2151,KT194,秋田県,0,,-
DistorteD,Power of Love,0,,-,703,SRM,秋田県,1429,SATC,秋田県,2091,EOTOKO,秋田県,0,,-
DistorteD,So Fabulous !!,0,,-,957,JOBMAN,秋田県,1430,PAN,秋田県,2273,NU-,秋田県,0,,-
DistorteD,Sun Field,0,,-,428,ZERA,秋田県,1259,HIRO77,秋田県,2341,EOTOKO,秋田県,0,,-
DistorteD,The Dirty of Loudness,0,,-,1348,JOVAN,秋田県,2103,KOB.SS,秋田県,2572,EULECA,秋田県,0,,-
DistorteD,This is Love,0,,-,868,NAO,秋田県,1634,RETRY,秋田県,2389,EOTOKO,秋田県,0,,-
DistorteD,tripping contact(teranoid&MC Natsack Remix),0,,-,1141,YUT0,秋田県,1813,Q-SILV,秋田県,2379,NU-,秋田県,0,,-
DistorteD,TYPE MARS(G-Style Mix),0,,-,1065,YUT0,秋田県,1729,OKE,秋田県,2310,MXX,秋田県,0,,-
DistorteD,waxing and wanding,0,,-,1227,YURA,秋田県,1908,PAN,秋田県,2870,EULECA,秋田県,3914,EULECA,秋田県
DistorteD,Why did you go away,612,KKR,秋田県,927,SARYO,秋田県,1585,HIRO77,秋田県,2249,NU-,秋田県,0,,-
DistorteD,WISH(EUROBEAT MIX),0,,-,641,TEKO,秋田県,1411,HIRO77,秋田県,1920,LVFX,秋田県,0,,-
DistorteD,with you…,0,,-,0,,-,898,JOBMAN,秋田県,1755,Y-I.,秋田県,0,,-
DistorteD,Zenius -I- vanisher,0,,-,929,YUT0,秋田県,1409,HIRO77,秋田県,2313,EOTOKO,秋田県,0,,-
DistorteD,カゴノトリ～弐式～,0,,-,957,YUT0,秋田県,1661,SHUN-X,秋田県,2574,EULECA,秋田県,0,,-
DistorteD,タシカナモノ,0,,-,0,,-,1155,JOBMAN,秋田県,2012,OSANPO,秋田県,0,,-
DistorteD,嘆きの樹,0,,-,1735,K.AI,秋田県,2425,MXX,秋田県,3778,EULECA,秋田県,0,,-
DistorteD,罠,0,,-,539,JOBMAN,秋田県,1284,JOBMAN,秋田県,2399,EULECA,秋田県,0,,-
DistorteD,華蝶風雪,0,,-,1131,SHUN-X,秋田県,1947,OKE,秋田県,2891,MXX,秋田県,3973,EULECA,秋田県
DistorteD,虹色,0,,-,913,SHUN-X,秋田県,1402,RETRY,秋田県,1818,MIYU*,秋田県,0,,-
GOLD,2hot2eat,0,,-,580,OKE,秋田県,942,TORU.K,秋田県,1596,EOTOKO,秋田県,0,,-
GOLD,Air Bell,0,,-,936,YUT0,秋田県,1271,*RIJU*,秋田県,1690,EULECA,秋田県,0,,-
GOLD,ANDROMEDA II,0,,-,928,YUT0,秋田県,1827,OKE,秋田県,2454,EULECA,秋田県,0,,-
GOLD,Blind Justice ～Torn souls， Hurt Faiths ～,0,,-,1240,HGRKTR,秋田県,1751,IIDX32,秋田県,2459,EULECA,秋田県,0,,-
GOLD,Candy Galy,0,,-,1390,AK,秋田県,2345,HATO,秋田県,3522,EULECA,秋田県,0,,-
GOLD,CaptivAte～裁き～,404,KKR,秋田県,429,TEKO,秋田県,1202,NYAS22,秋田県,1743,HATO,秋田県,0,,-
GOLD,CaptivAte～誓い～,0,,-,1210,YUT0,秋田県,1710,N-TOFU,秋田県,2213,KT194,秋田県,0,,-
GOLD,CROSSROAD ～Left Story～,0,,-,727,KULEA,秋田県,1723,PAN,秋田県,2184,EULECA,秋田県,0,,-
GOLD,Cyber Force,0,,-,0,,-,1677,RETRY,秋田県,2330,EOTOKO,秋田県,0,,-
GOLD,Fascination MAXX,0,,-,912,OKE,秋田県,1605,MXX,秋田県,2335,KAIDEN,秋田県,0,,-
GOLD,FIRE FIRE,550,KKR,秋田県,1142,TORU.K,秋田県,1688,OKE,秋田県,2675,EULECA,秋田県,0,,-
GOLD,four-leaf,0,,-,529,IIDX33,秋田県,892,JOBMAN,秋田県,1657,HATO,秋田県,0,,-
GOLD,GOLD RUSH,544,KKR,秋田県,982,DXY!,秋田県,1442,HATO,秋田県,2321,EULECA,秋田県,0,,-
GOLD,GRID KNIGHT,0,,-,661,K2,秋田県,1737,YUT0,秋田県,2583,EULECA,秋田県,3424,EULECA,秋田県
GOLD,heaven above,0,,-,690,RETRY,秋田県,1162,SATC,秋田県,1804,Y-I.,秋田県,0,,-
GOLD,High School Love,373,IIDX33,秋田県,805,KKR,秋田県,1381,N-TOFU,秋田県,2176,EULECA,秋田県,0,,-
GOLD,INORI,0,,-,1281,YUT0,秋田県,2403,OKE,秋田県,3069,7NEKO,秋田県,0,,-
GOLD,KAMAITACHI,0,,-,1131,YUT0,秋田県,1700,SESAMI,秋田県,2645,EULECA,秋田県,3712,EULECA,秋田県
GOLD,LASER CRUSTER,0,,-,1317,RETRY,秋田県,2359,MXX,秋田県,3154,EULECA,秋田県,0,,-
GOLD,Love Again...,0,,-,519,KULEA,秋田県,717,JOBMAN,秋田県,1060,EOTOKO,秋田県,0,,-
GOLD,Make Me Your Own,0,,-,689,SRM,秋田県,1556,OKE,秋田県,2053,EOTOKO,秋田県,0,,-
GOLD,METALLIC MIND,0,,-,0,,-,1323,DEF,秋田県,1582,MXX,秋田県,0,,-
GOLD,never…,0,,-,709,KULEA,秋田県,998,SARYO,秋田県,1772,EOTOKO,秋田県,0,,-
GOLD,op.31 叙情,0,,-,514,USA9!3,秋田県,1282,KOB.SS,秋田県,1492,HATO,秋田県,0,,-
GOLD,PHOTONGENIC,0,,-,1220,SATC,秋田県,1850,KOB.SS,秋田県,2289,MXX,秋田県,0,,-
GOLD,Roulette,0,,-,0,,-,1351,87MARU,秋田県,2061,OSANPO,秋田県,0,,-
GOLD,Second Heaven,166,BLANC.,秋田県,890,IIDX32,秋田県,1524,HATO,秋田県,2068,EOTOKO,秋田県,0,,-
GOLD,Sense 2007,0,,-,1355,S-I-N,秋田県,2183,MXX,秋田県,2796,ECTHEL,秋田県,0,,-
GOLD,smile,0,,-,1349,SATC,秋田県,1903,RETRY,秋田県,2853,EULECA,秋田県,0,,-
GOLD,snow storm,0,,-,703,NAO,秋田県,2129,OKE,秋田県,2736,MXX,秋田県,3313,EULECA,秋田県
GOLD,the shadow,0,,-,0,,-,1691,HIRO77,秋田県,2826,MXX,秋田県,0,,-
GOLD,The Smile of You,0,,-,916,7NEKO,秋田県,1234,YUT0,秋田県,1604,MXX,秋田県,0,,-
GOLD,TRANOID,0,,-,487,OTTERR,秋田県,1592,*RIJU*,秋田県,2189,MXX,秋田県,2926,EULECA,秋田県
GOLD,VANESSA,0,,-,954,SATC,秋田県,1743,7NEKO,秋田県,2352,EULECA,秋田県,3242,EULECA,秋田県
GOLD,Watch out!!,0,,-,525,CHNO,秋田県,868,AK,秋田県,1506,FUMI,秋田県,0,,-
GOLD,With your Smile,0,,-,0,,-,1173,KOB.SS,秋田県,1532,EOTOKO,秋田県,0,,-
GOLD,クルクル☆ラブ～Opioid Peptide MIX～,232,ACEOO8,秋田県,941,YUT0,秋田県,1064,TATAMI,秋田県,2213,MIYU*,秋田県,0,,-
GOLD,ヨシダさん,0,,-,749,600W1M,秋田県,1257,KULEA,秋田県,1942,MXX,秋田県,0,,-
GOLD,リグレット,0,,-,1200,YUT0,秋田県,1541,SATC,秋田県,2385,EULECA,秋田県,0,,-
GOLD,星をこの手に,0,,-,0,,-,1657,KOB.SS,秋田県,2096,EOTOKO,秋田県,0,,-
GOLD,花吹雪 ～ IIDX LIMITED ～,0,,-,661,KKR,秋田県,1037,YUT0,秋田県,1372,HATO,秋田県,0,,-
GOLD,零 - ZERO -,198,KULEA,秋田県,1107,YUT0,秋田県,1593,IIDX32,秋田県,2255,EOTOKO,秋田県,2704,MXX,秋田県
GOLD,電人、暁に斃れる。,663,K.AI,秋田県,1386,HGRKTR,秋田県,2115,TATAMI,秋田県,3296,EULECA,秋田県,0,,-
DJ TROOPERS,2 tribe 4 K,0,,-,816,NAO,秋田県,1167,JOVAN,秋田県,2655,KT194,秋田県,0,,-
DJ TROOPERS,"Anisakis -somatic mutation type""Forza""-",0,,-,1112,JOBMAN,秋田県,1942,*RIJU*,秋田県,2812,EULECA,秋田県,3769,EULECA,秋田県
DJ TROOPERS,avant-guerre,0,,-,647,NAO,秋田県,1188,YUT0,秋田県,1834,MXX,秋田県,0,,-
DJ TROOPERS,Be OK,0,,-,905,Q-SILV,秋田県,1658,Q-SILV,秋田県,2348,Y-I.,秋田県,3226,MIYU*,秋田県
DJ TROOPERS,beatonic nation,0,,-,1101,JOBMAN,秋田県,1795,Q-SILV,秋田県,2099,EOTOKO,秋田県,0,,-
DJ TROOPERS,Blue Rain,317,KULEA,秋田県,901,KULEA,秋田県,1509,S-I-N,秋田県,2229,EULECA,秋田県,3258,EULECA,秋田県
DJ TROOPERS,Darling my LUV,0,,-,0,,-,910,RETRY,秋田県,1344,Y-I.,秋田県,0,,-
DJ TROOPERS,Dazzlin' Darlin,0,,-,852,YUT0,秋田県,1368,KOB.SS,秋田県,2204,EULECA,秋田県,0,,-
DJ TROOPERS,Digitank System,0,,-,833,YUT0,秋田県,1483,DEF,秋田県,2002,HATO,秋田県,0,,-
DJ TROOPERS,Do it!! Do it!!,0,,-,936,*RIJU*,秋田県,1465,KOB.SS,秋田県,1788,EOTOKO,秋田県,2371,EULECA,秋田県
DJ TROOPERS,end of world,0,,-,944,RETRY,秋田県,1574,*RIJU*,秋田県,2441,EULECA,秋田県,0,,-
DJ TROOPERS,evergreen,0,,-,995,HATO,秋田県,1369,HATO,秋田県,1845,SNAZZ,秋田県,0,,-
DJ TROOPERS,four pieces of heaven,0,,-,799,YURA,秋田県,1749,HATO,秋田県,2170,MXX,秋田県,2821,EULECA,秋田県
DJ TROOPERS,Freeway Shuffle,240,PUCCHO,秋田県,0,,-,1120,HGRKTR,秋田県,1806,EOTOKO,秋田県,0,,-
DJ TROOPERS,ICARUS,0,,-,1157,SHUN-X,秋田県,1918,K.AI,秋田県,2351,ECTHEL,秋田県,3445,EULECA,秋田県
DJ TROOPERS,in the Sky,0,,-,1133,K2,秋田県,2055,OKE,秋田県,2499,HATO,秋田県,0,,-
DJ TROOPERS,Kick Out 仮面,0,,-,905,SRM,秋田県,1503,*RIJU*,秋田県,1967,PAN,秋田県,0,,-
DJ TROOPERS,LOVELY STORM,0,,-,1165,NAO,秋田県,1919,HIRO77,秋田県,2734,Y-I.,秋田県,0,,-
DJ TROOPERS,madrugada,0,,-,706,OKE,秋田県,1135,YUT0,秋田県,1789,7NEKO,秋田県,0,,-
DJ TROOPERS,MAX LOVE,0,,-,1266,KULEA,秋田県,2085,DEF,秋田県,2612,EULECA,秋田県,0,,-
DJ TROOPERS,MENDES,0,,-,1051,YUT0,秋田県,2485,HATO,秋田県,3521,EULECA,秋田県,0,,-
DJ TROOPERS,MENTAL MELTDOWN,0,,-,1067,KKR,秋田県,1934,RETRY,秋田県,2632,EOTOKO,秋田県,0,,-
DJ TROOPERS,NEW GENERATION -もう、お前しか見えない-,0,,-,984,YUT0,秋田県,1933,HATO,秋田県,2502,NU-,秋田県,3551,EULECA,秋田県
DJ TROOPERS,oratio,0,,-,1100,K2,秋田県,2004,7NEKO,秋田県,2898,EULECA,秋田県,0,,-
DJ TROOPERS,PARANOiA ～HADES～,0,,-,964,SATC,秋田県,1767,MXX,秋田県,2609,MXX,秋田県,0,,-
DJ TROOPERS,PROMISE FOR LIFE,0,,-,532,SARYO,秋田県,1421,17.JUL,秋田県,1733,MXX,秋田県,0,,-
DJ TROOPERS,REMINISCENCE,0,,-,1179,YUT0,秋田県,1802,DEF,秋田県,2286,MXX,秋田県,0,,-
DJ TROOPERS,Rising in the Sun(original mix),0,,-,928,OKE,秋田県,1616,87MARU,秋田県,2294,MXX,秋田県,0,,-
DJ TROOPERS,Ristaccia,0,,-,979,H.T,秋田県,1608,AK,秋田県,2698,EULECA,秋田県,0,,-
DJ TROOPERS,"satellite020712 from ""CODED ARMS""",0,,-,0,,-,1860,MIYU*,秋田県,2459,KT194,秋田県,0,,-
DJ TROOPERS,satfinal,0,,-,1043,YUT0,秋田県,1272,SATC,秋田県,1905,MXX,秋田県,0,,-
DJ TROOPERS,scar in the earth,0,,-,599,NAO,秋田県,1025,*RIJU*,秋田県,1485,EOTOKO,秋田県,0,,-
DJ TROOPERS,SOUND OF GIALLARHORN,279,MASUCO,秋田県,1048,K2,秋田県,2529,OKE,秋田県,3210,EULECA,秋田県,0,,-
DJ TROOPERS,State Of The Art,0,,-,1078,OKE,秋田県,1384,HIRO77,秋田県,3026,MXX,秋田県,0,,-
DJ TROOPERS,STEEL NEEDLE,0,,-,1006,YUT0,秋田県,1960,KOB.SS,秋田県,2394,MXX,秋田県,3267,EULECA,秋田県
DJ TROOPERS,switch,0,,-,790,-GEAR-,秋田県,1413,Q-SILV,秋田県,2034,MXX,秋田県,0,,-
DJ TROOPERS,THE DEEP STRIKER,386,UDON,秋田県,899,AK,秋田県,1958,K.AI,秋田県,2927,MXX,秋田県,3430,EULECA,秋田県
DJ TROOPERS,the trigger of innocence,0,,-,0,,-,1087,OKAYOU,秋田県,1834,MXX,秋田県,3082,MXX,秋田県
DJ TROOPERS,Time to Air,0,,-,974,K2,秋田県,1959,Q-SILV,秋田県,2801,MXX,秋田県,3529,EULECA,秋田県
DJ TROOPERS,TRIP MACHINE PhoeniX,0,,-,678,OKE,秋田県,1545,HATO,秋田県,1769,EOTOKO,秋田県,0,,-
DJ TROOPERS,TROOPERS,0,,-,869,STORM,秋田県,2358,HATO,秋田県,2847,HATO,秋田県,0,,-
DJ TROOPERS,Ubertreffen,0,,-,1092,MXX,秋田県,1898,HATO,秋田県,2453,MXX,秋田県,3216,EULECA,秋田県
DJ TROOPERS,Wanna Party?,0,,-,557,600W1M,秋田県,925,XP1A,秋田県,1492,ECTHEL,秋田県,2563,EULECA,秋田県
DJ TROOPERS,エコ爺,0,,-,755,KULEA,秋田県,604,ADHD,秋田県,1807,EOTOKO,秋田県,0,,-
DJ TROOPERS,マチ子の唄,0,,-,760,JOBMAN,秋田県,0,,-,1766,EOTOKO,秋田県,0,,-
DJ TROOPERS,ミラージュ・レジデンス,0,,-,1060,YUT0,秋田県,2058,HATO,秋田県,2417,KOB.SS,秋田県,3180,EULECA,秋田県
DJ TROOPERS,少年A,0,,-,1165,YUT0,秋田県,1996,HATO,秋田県,2690,EULECA,秋田県,0,,-
DJ TROOPERS,華爛漫 -Flowers-,307,KULEA,秋田県,906,KULEA,秋田県,1472,DEF,秋田県,2019,MXX,秋田県,3146,EULECA,秋田県
DJ TROOPERS,走馬灯 -The Last Song-,0,,-,449,JOBMAN,秋田県,373,MARIN,秋田県,1314,EULECA,秋田県,0,,-
DJ TROOPERS,高高度降下低高度開傘,0,,-,896,OKE,秋田県,1311,*RIJU*,秋田県,1881,EOTOKO,秋田県,0,,-
EMPRESS,3y3s,522,KKR,秋田県,1366,RETRY,秋田県,2464,Y-I.,秋田県,3350,EULECA,秋田県,0,,-
EMPRESS,ALL I NEED YOUR LOVE,0,,-,1004,YUT0,秋田県,1463,HIRO77,秋田県,2066,HATO,秋田県,0,,-
EMPRESS,ALL MY TURN -このターンに、オレの全てを賭ける-,0,,-,972,YUT0,秋田県,1562,RETRY,秋田県,2529,EULECA,秋田県,0,,-
EMPRESS,Arabian Rave Night,0,,-,1203,KKR,秋田県,2123,OKE,秋田県,2828,EULECA,秋田県,3569,EULECA,秋田県
EMPRESS,B4U(BEMANI FOR YOU MIX),0,,-,1088,KULEA,秋田県,2010,JOVAN,秋田県,3467,EULECA,秋田県,4530,EULECA,秋田県
EMPRESS,Bahram Attack-猫叉Master Remix-,0,,-,1008,KULEA,秋田県,1680,SATC,秋田県,2588,MXX,秋田県,3180,MXX,秋田県
EMPRESS,BITTER CHOCOLATE STRIKER,0,,-,897,KULEA,秋田県,2150,Y-I.,秋田県,3881,EULECA,秋田県,0,,-
EMPRESS,BRIDAL FESTIVAL !!!,0,,-,888,YUT0,秋田県,1416,Q-SILV,秋田県,2080,EOTOKO,秋田県,0,,-
EMPRESS,CaptivAte2～覚醒～,213,IIDX33,秋田県,1060,YUT0,秋田県,1497,JOVAN,秋田県,2376,EULECA,秋田県,0,,-
EMPRESS,Colorful Cookie,652,KKR,秋田県,1108,Q-SILV,秋田県,2211,OKE,秋田県,3434,EULECA,秋田県,0,,-
EMPRESS,Cyber Force -DJ Yoshitaka Remix-,0,,-,960,JOBMAN,秋田県,1634,YUT0,秋田県,2386,OSANPO,秋田県,0,,-
EMPRESS,Flash Back 90's,0,,-,540,MARCU$,秋田県,1706,PAN,秋田県,2274,EULECA,秋田県,2810,MXX,秋田県
EMPRESS,Fly Above,0,,-,576,HGK,秋田県,1434,RETRY,秋田県,2013,MXX,秋田県,0,,-
EMPRESS,Go Beyond!!,510,KKR,秋田県,991,YUT0,秋田県,1639,K.AI,秋田県,2135,EULECA,秋田県,0,,-
EMPRESS,HYPERION,0,,-,1093,Q-SILV,秋田県,1734,HIRO77,秋田県,2598,7NEKO,秋田県,0,,-
EMPRESS,I'm Screaming LOVE,0,,-,584,KKR,秋田県,1250,YUT0,秋田県,1651,MXX,秋田県,0,,-
EMPRESS,Jack,0,,-,781,KULEA,秋田県,1304,YUT0,秋田県,2163,EULECA,秋田県,0,,-
EMPRESS,Just a Little Smile,0,,-,703,KULEA,秋田県,1140,YUT0,秋田県,2309,KT194,秋田県,0,,-
EMPRESS,Kung-fu Empire,0,,-,1283,KULEA,秋田県,2337,TATAMI,秋田県,3181,MXX,秋田県,3870,EULECA,秋田県
EMPRESS,Marie Antoinette,0,,-,1045,OKE,秋田県,1605,HIRO77,秋田県,2467,MXX,秋田県,3103,EULECA,秋田県
EMPRESS,Mind Mapping,521,K.AI,秋田県,780,KKR,秋田県,1087,SATC,秋田県,1734,MXX,秋田県,2153,HATO,秋田県
EMPRESS,Monkey Dance '09,0,,-,780,JOBMAN,秋田県,1545,SATC,秋田県,2194,EOTOKO,秋田県,0,,-
EMPRESS,naughty girl@Queen's Palace,0,,-,757,YUT0,秋田県,1660,KOB.SS,秋田県,2044,HATO,秋田県,2500,FUMI,秋田県
EMPRESS,neogenesis,0,,-,839,SARYO,秋田県,1109,H.T,秋田県,1658,OSANPO,秋田県,2281,Y-I.,秋田県
EMPRESS,NΦ CRIME,0,,-,727,KULEA,秋田県,1227,DJ-JAG,秋田県,1848,KT194,秋田県,2347,KT194,秋田県
EMPRESS,Programmed World,0,,-,427,HGK,秋田県,1616,Q-SILV,秋田県,2214,EOTOKO,秋田県,0,,-
EMPRESS,Punch Love 仮面,0,,-,989,KULEA,秋田県,1628,Q-SILV,秋田県,2445,MXX,秋田県,3190,MIYU*,秋田県
EMPRESS,Queen's Tragedy,0,,-,774,KULEA,秋田県,1368,BURNYS,秋田県,2171,MXX,秋田県,0,,-
EMPRESS,Secrets,0,,-,1099,KULEA,秋田県,2335,OKE,秋田県,3079,NU-,秋田県,3952,MXX,秋田県
EMPRESS,smooooch・∀・,396,K.AI,秋田県,819,TORU.K,秋田県,1549,*RIJU*,秋田県,2096,MXX,秋田県,2695,NU-,秋田県
EMPRESS,SOLITON BEAM,0,,-,1108,NAO,秋田県,1769,RETRY,秋田県,2286,NERGAL,秋田県,0,,-
EMPRESS,THANK YOU FOR PLAYING,0,,-,773,HGRKTR,秋田県,1422,IIDX32,秋田県,2073,HATO,秋田県,2932,EULECA,秋田県
EMPRESS,THE SHINING POLARIS(kors k mix),0,,-,1277,OKE,秋田県,1749,YURA,秋田県,3085,KT194,秋田県,0,,-
EMPRESS,thunder HOUSE NATION Remix,0,,-,1055,OKE,秋田県,1514,NODA,秋田県,2378,7NEKO,秋田県,3829,EULECA,秋田県
EMPRESS,Turii ～Panta rhei～,309,IIDX33,秋田県,676,AFTER,秋田県,1882,PAN,秋田県,2588,TOROKU,秋田県,0,,-
EMPRESS,V2,749,KKR,秋田県,1446,-GEAR-,秋田県,2944,Y-I.,秋田県,3419,MXX,秋田県,0,,-
EMPRESS,Y&Co. is dead or alive,0,,-,1082,OKE,秋田県,1676,K.AI,秋田県,2615,HATO,秋田県,0,,-
EMPRESS,"You'll say ""Now!""",0,,-,986,KULEA,秋田県,1656,OKE,秋田県,2363,EOTOKO,秋田県,0,,-
EMPRESS,まほろば,0,,-,614,SRM,秋田県,1015,NODA,秋田県,1999,EULECA,秋田県,0,,-
EMPRESS,ハリツヤランデヴー,0,,-,944,OKE,秋田県,1851,RETRY,秋田県,2433,EOTOKO,秋田県,0,,-
EMPRESS,ミッドナイト堕天使,0,,-,970,OKE,秋田県,1470,YUT0,秋田県,2729,KT194,秋田県,0,,-
EMPRESS,不沈艦CANDY,573,KKR,秋田県,1003,KULEA,秋田県,1672,IIDX32,秋田県,3263,EULECA,秋田県,0,,-
EMPRESS,凛として咲く花の如く,377,KULEA,秋田県,1224,TAAKU,秋田県,2074,PAN,秋田県,2763,EULECA,秋田県,3155,EULECA,秋田県
EMPRESS,卑弥呼,0,,-,1106,YUT0,秋田県,2584,7NEKO,秋田県,3862,MXX,秋田県,0,,-
EMPRESS,天空脳番長危機十六連打,0,,-,964,Q-SILV,秋田県,1941,K.AI,秋田県,2465,EOTOKO,秋田県,0,,-
EMPRESS,山岡晃の「クイズ！家事都合！」,0,,-,445,IIDX33,秋田県,1237,SHUN-X,秋田県,1972,7NEKO,秋田県,0,,-
EMPRESS,翼,0,,-,816,KULEA,秋田県,1414,RETRY,秋田県,1954,MXX,秋田県,2461,Y-I.,秋田県
EMPRESS,鉄甲乙女-under the steel-,0,,-,805,PUCCHO,秋田県,1566,Q-SILV,秋田県,2146,EULECA,秋田県,0,,-
SIRIUS,AIR RAID FROM THA UNDAGROUND,520,KKR,秋田県,989,K2,秋田県,1788,OKE,秋田県,2290,EULECA,秋田県,2891,EULECA,秋田県
SIRIUS,Almagest,0,,-,972,HIRO77,秋田県,2173,EULECA,秋田県,3063,EULECA,秋田県,0,,-
SIRIUS,Bad Maniacs,0,,-,1252,Q-SILV,秋田県,1798,HATO,秋田県,3162,EULECA,秋田県,0,,-
SIRIUS,bass 2 bass,228,SRM,秋田県,707,TORU.K,秋田県,1210,KOB.SS,秋田県,1836,HATO,秋田県,0,,-
SIRIUS,beatchic☆仮面～好き、でいさせて～,0,,-,0,,-,1407,HIRO77,秋田県,1985,MXX,秋田県,0,,-
SIRIUS,BEAUTIFUL ANGEL,0,,-,607,Q-SILV,秋田県,1415,PLANA,秋田県,2422,MXX,秋田県,0,,-
SIRIUS,being torn the sky,0,,-,593,CHI9WA,秋田県,1065,KULEA,秋田県,1966,EULECA,秋田県,0,,-
SIRIUS,bloomin' feeling,380,KKR,秋田県,1127,NS-ND,秋田県,1932,Y-I.,秋田県,2566,MXX,秋田県,0,,-
SIRIUS,CaptivAte～裁き～(SUBLIME TECHNO MIX),0,,-,957,YUT0,秋田県,1552,TORU.K,秋田県,2385,EULECA,秋田県,0,,-
SIRIUS,D,0,,-,1204,YUT0,秋田県,1845,MXX,秋田県,2378,EOTOKO,秋田県,0,,-
SIRIUS,DAWN -THE NEXT ENDEAVOUR-,0,,-,1513,17.JUL,秋田県,2678,HATO,秋田県,3089,EULECA,秋田県,0,,-
SIRIUS,Dazzlin' Darlin-秋葉工房mix-,0,,-,732,KULEA,秋田県,1388,*RIJU*,秋田県,2073,EULECA,秋田県,0,,-
SIRIUS,DESIRE,0,,-,0,,-,1711,RETRY,秋田県,2799,EULECA,秋田県,0,,-
SIRIUS,Do Back Burn,0,,-,686,OKE,秋田県,1282,KOB.SS,秋田県,2035,KT194,秋田県,0,,-
SIRIUS,DOMINION,0,,-,1166,SATC,秋田県,2222,KOB.SS,秋田県,3176,EULECA,秋田県,0,,-
SIRIUS,DROP,0,,-,742,$EX,秋田県,1879,PAN,秋田県,2514,7NEKO,秋田県,0,,-
SIRIUS,Elisha,406,KKR,秋田県,881,Q-SILV,秋田県,1381,87MARU,秋田県,2212,HATO,秋田県,0,,-
SIRIUS,Empire State Glory,0,,-,866,SARYO,秋田県,1620,YUT0,秋田県,2601,EULECA,秋田県,0,,-
SIRIUS,eRAseRmOToRpHAntOM,0,,-,1165,K2,秋田県,2290,TATAMI,秋田県,3186,EULECA,秋田県,0,,-
SIRIUS,Evans,569,KKR,秋田県,1250,HATO,秋田県,2091,MXX,秋田県,2749,EULECA,秋田県,0,,-
SIRIUS,EXUSIA,0,,-,1116,SATC,秋田県,2627,Y-I.,秋田県,3756,MXX,秋田県,0,,-
SIRIUS,G59,0,,-,1693,TORU.K,秋田県,2196,OKE,秋田県,3837,EULECA,秋田県,0,,-
SIRIUS,GALGALIM,0,,-,1185,KULEA,秋田県,1864,OKE,秋田県,2342,EULECA,秋田県,0,,-
SIRIUS,GOLDEN CROSS,0,,-,1054,Q-SILV,秋田県,1911,TATAMI,秋田県,3406,EULECA,秋田県,0,,-
SIRIUS,Hydrogen Blueback,0,,-,990,*RIJU*,秋田県,1531,TORU.K,秋田県,2234,NU-,秋田県,2280,HATO,秋田県
SIRIUS,IN THE NAME OF LOVE,521,KKR,秋田県,0,,-,1322,DEF,秋田県,1874,KT194,秋田県,0,,-
SIRIUS,Keep it-秋葉工房mix-,0,,-,922,KKR,秋田県,1443,RETRY,秋田県,1811,EOTOKO,秋田県,0,,-
SIRIUS,Last Burning,0,,-,629,GX,秋田県,1465,YUT0,秋田県,2279,EOTOKO,秋田県,0,,-
SIRIUS,Light Shine,0,,-,0,,-,919,K2,秋田県,1921,MXX,秋田県,0,,-
SIRIUS,MIRACLE MEETS,0,,-,864,YUT0,秋田県,1462,YURA,秋田県,2196,HATO,秋田県,0,,-
SIRIUS,mosaic,0,,-,1377,SATC,秋田県,2019,PAN,秋田県,2989,EULECA,秋田県,0,,-
SIRIUS,NEW SENSATION -もう、あなたしか見えない-,0,,-,1194,YUT0,秋田県,1872,S-I-N,秋田県,2621,EULECA,秋田県,0,,-
SIRIUS,NoN-Fiction Story!,0,,-,414,PUCCHO,秋田県,1285,TORU.K,秋田県,2150,MXX,秋田県,0,,-
SIRIUS,Programmed Sun,0,,-,978,KKR,秋田県,1755,PAN,秋田県,2498,MXX,秋田県,0,,-
SIRIUS,quell～the seventh slave～,0,,-,875,JOBMAN,秋田県,1697,OKE,秋田県,3103,EULECA,秋田県,0,,-
SIRIUS,Raison d'etre～交差する宿命～,0,,-,1139,YUT0,秋田県,1991,KOB.SS,秋田県,2665,NU-,秋田県,4599,EULECA,秋田県
SIRIUS,Red. by Full Metal Jacket,0,,-,955,YUT0,秋田県,2011,KOB.SS,秋田県,3014,NU-,秋田県,0,,-
SIRIUS,Roots of my way!,0,,-,813,KULEA,秋田県,1078,K2,秋田県,2013,HATO,秋田県,0,,-
SIRIUS,Session 1 -Genesis-,0,,-,851,YUT0,秋田県,1528,OKE,秋田県,2296,EOTOKO,秋田県,0,,-
SIRIUS,She is my wife,370,KKR,秋田県,560,K2,秋田県,1496,OKE,秋田県,1904,EOTOKO,秋田県,0,,-
SIRIUS,SOLID STATE SQUAD,0,,-,785,K2,秋田県,2081,S-I-N,秋田県,3497,EULECA,秋田県,3560,EULECA,秋田県
SIRIUS,Sorrows,0,,-,600,PINE,秋田県,1590,HIRO77,秋田県,2455,EULECA,秋田県,0,,-
SIRIUS,Special One,0,,-,748,KULEA,秋田県,1042,SATC,秋田県,1686,EOTOKO,秋田県,0,,-
SIRIUS,THE LAST STRIKER,0,,-,1014,K2,秋田県,1678,SATC,秋田県,2591,MXX,秋田県,0,,-
SIRIUS,The Story Begins,0,,-,0,,-,1358,JOBMAN,秋田県,2344,OSANPO,秋田県,0,,-
SIRIUS,かずあそび,0,,-,173,MASUCO,秋田県,1054,RETRY,秋田県,1662,EOTOKO,秋田県,0,,-
SIRIUS,たからもの,0,,-,0,,-,1747,YUT0,秋田県,2229,EULECA,秋田県,3525,TOROKU,秋田県
SIRIUS,コスモス,0,,-,0,,-,1496,7NEKO,秋田県,2070,MIYU*,秋田県,0,,-
SIRIUS,サヨナラ・ヘヴン,354,KULEA,秋田県,837,KULEA,秋田県,1295,KOB.SS,秋田県,1623,EOTOKO,秋田県,2086,HATO,秋田県
SIRIUS,バビロニア,0,,-,0,,-,1282,SHUN-X,秋田県,1820,MXX,秋田県,0,,-
SIRIUS,ワルツ第17番 ト短調”大犬のワルツ”,0,,-,1292,KOB.SS,秋田県,2260,HATO,秋田県,3043,EULECA,秋田県,0,,-
SIRIUS,未来のプリズム,0,,-,622,KULEA,秋田県,1110,KULEA,秋田県,1725,EOTOKO,秋田県,0,,-
SIRIUS,"水上の提督(Short mix from ""幻想水滸伝V"")",0,,-,0,,-,1561,DEF,秋田県,2043,MXX,秋田県,0,,-
Resort Anthem,Aegis,0,,-,790,YUT0,秋田県,1280,DEF,秋田県,2261,EULECA,秋田県,0,,-
Resort Anthem,ALBIDA,507,KKR,秋田県,1043,YUT0,秋田県,1885,LVFX,秋田県,2955,EULECA,秋田県,0,,-
Resort Anthem,Answer,0,,-,0,,-,1424,TORU.K,秋田県,2362,MXX,秋田県,0,,-
Resort Anthem,ANTHEM LANDING,0,,-,822,KULEA,秋田県,1906,HATO,秋田県,2913,MXX,秋田県,0,,-
Resort Anthem,Believe In Me,0,,-,897,NAO,秋田県,1800,OKE,秋田県,2326,NU-,秋田県,0,,-
Resort Anthem,BLUST OF WIND,0,,-,788,YUT0,秋田県,1287,DJ-JAG,秋田県,2038,7NEKO,秋田県,2561,EULECA,秋田県
Resort Anthem,Bounce Bounce Bounce,0,,-,1029,YURA,秋田県,1636,K.AI,秋田県,2301,HATO,秋田県,0,,-
Resort Anthem,Breaking the ground,0,,-,1000,JOBMAN,秋田県,1735,HIRO77,秋田県,2455,MIYU*,秋田県,0,,-
Resort Anthem,Broken,0,,-,1021,NAO,秋田県,1933,NYAS22,秋田県,3099,EULECA,秋田県,0,,-
Resort Anthem,BROKEN EDEN,0,,-,845,JOBMAN,秋田県,1542,RETRY,秋田県,2300,EULECA,秋田県,0,,-
Resort Anthem,Dances with Snow Fairies,0,,-,1257,YUT0,秋田県,2080,Q-SILV,秋田県,3010,EULECA,秋田県,3928,EULECA,秋田県
Resort Anthem,DAYDREAMER,0,,-,1085,RETRY,秋田県,1566,KULEA,秋田県,2513,EULECA,秋田県,0,,-
Resort Anthem,Destiny Sword,0,,-,0,,-,1803,HATO,秋田県,2299,NU-,秋田県,0,,-
Resort Anthem,DM STAR～関西 energy style～,0,,-,952,K2,秋田県,1618,SATC,秋田県,2331,NU-,秋田県,0,,-
Resort Anthem,Energy Drive,0,,-,831,YUT0,秋田県,1260,SATC,秋田県,2148,KT194,秋田県,0,,-
Resort Anthem,Eternal Tears,0,,-,0,,-,1034,RETRY,秋田県,1312,EOTOKO,秋田県,0,,-
Resort Anthem,Everlasting Resort,0,,-,0,,-,1222,YUT0,秋田県,1841,MXX,秋田県,0,,-
Resort Anthem,Fantasia,0,,-,393,HIRO77,秋田県,1521,PAN,秋田県,2225,EULECA,秋田県,0,,-
Resort Anthem,Golden Palms,0,,-,644,SARYO,秋田県,1303,RETRY,秋田県,1904,7NEKO,秋田県,2364,MXX,秋田県
Resort Anthem,I FIGHT ME,0,,-,597,RETRY,秋田県,0,,-,2114,MXX,秋田県,0,,-
Resort Anthem,Kailua,0,,-,484,JOBMAN,秋田県,1274,TATAMI,秋田県,2106,KT194,秋田県,0,,-
Resort Anthem,Let The Track Flow,0,,-,1014,RETRY,秋田県,1634,*RIJU*,秋田県,2525,NU-,秋田県,0,,-
Resort Anthem,Medicine of love,0,,-,602,SARYO,秋田県,1067,KOB.SS,秋田県,1711,EOTOKO,秋田県,2484,MXX,秋田県
Resort Anthem,Mermaid girl,587,K.AI,秋田県,969,KOB.SS,秋田県,1605,YUT0,秋田県,2207,HATO,秋田県,0,,-
Resort Anthem,Never Fade Away,0,,-,123,HIROYU,秋田県,1630,HIRO77,秋田県,2975,EULECA,秋田県,0,,-
Resort Anthem,New Castle Legions,0,,-,960,OKE,秋田県,1779,OKE,秋田県,2652,MXX,秋田県,0,,-
Resort Anthem,PARADISE LOST,0,,-,1245,SATC,秋田県,2128,MXX,秋田県,3244,EULECA,秋田県,0,,-
Resort Anthem,passionate fate,0,,-,909,CHNO,秋田県,1446,HIRO77,秋田県,2056,NU-,秋田県,0,,-
Resort Anthem,perditus†paradisus,0,,-,1151,YUT0,秋田県,2426,Y-I.,秋田県,3785,EULECA,秋田県,0,,-
Resort Anthem,Programmed Life,0,,-,989,NAO,秋田県,1449,HIRO77,秋田県,2301,EOTOKO,秋田県,0,,-
Resort Anthem,reunion,532,KKR,秋田県,1330,YUT0,秋田県,2340,MXX,秋田県,3165,EULECA,秋田県,0,,-
Resort Anthem,Rock Da House,0,,-,629,SAKIYO,秋田県,1476,HIRO77,秋田県,2188,ECTHEL,秋田県,0,,-
Resort Anthem,SABER WING,0,,-,407,CHNO,秋田県,1769,KOB.SS,秋田県,2767,DMOMOI,秋田県,0,,-
Resort Anthem,Sakura Reflection,0,,-,457,KULEA,秋田県,1591,7NEKO,秋田県,2347,EULECA,秋田県,0,,-
Resort Anthem,sakura storm,0,,-,988,NAO,秋田県,1286,HIRO77,秋田県,2360,EULECA,秋田県,0,,-
Resort Anthem,Session 9 -Chronicles-,0,,-,674,K2,秋田県,2193,OKE,秋田県,3560,EULECA,秋田県,0,,-
Resort Anthem,Space Time,0,,-,310,MARCU$,秋田県,1491,HIRO77,秋田県,2128,7NEKO,秋田県,0,,-
Resort Anthem,SPECIAL SUMMER CAMPAIGN!,0,,-,641,KULEA,秋田県,1498,TORU.K,秋田県,2924,MXX,秋田県,0,,-
Resort Anthem,Stay my side,0,,-,513,600W1M,秋田県,981,NS-ND,秋田県,1304,GORO2,秋田県,0,,-
Resort Anthem,STELLAR WIND,354,IIDX33,秋田県,409,HWTKS,秋田県,1647,RETRY,秋田県,2615,MXX,秋田県,0,,-
Resort Anthem,THE BLACK KNIGHT,0,,-,881,YUT0,秋田県,1939,KOB.SS,秋田県,2850,MXX,秋田県,4363,MXX,秋田県
Resort Anthem,THE DOOR INTO RAINBOW,0,,-,0,,-,1481,TAAKU,秋田県,2099,EOTOKO,秋田県,0,,-
Resort Anthem,THE FALLEN,0,,-,841,NAO,秋田県,1367,RETRY,秋田県,2638,EOTOKO,秋田県,0,,-
Resort Anthem,Tropical April,0,,-,1551,YUT0,秋田県,2182,OKE,秋田県,2677,EOTOKO,秋田県,0,,-
Resort Anthem,Vermillion,0,,-,0,,-,984,SATC,秋田県,1980,EOTOKO,秋田県,0,,-
Resort Anthem,Watch Out Pt.2,0,,-,1060,YUT0,秋田県,1863,KOB.SS,秋田県,2660,HATO,秋田県,0,,-
Resort Anthem,WISE UP!,0,,-,454,YUT0,秋田県,1106,SHUN-X,秋田県,1531,OSANPO,秋田県,2552,MXX,秋田県
Resort Anthem,Wuv U,0,,-,384,CHI9WA,秋田県,1200,RETRY,秋田県,1655,EOTOKO,秋田県,0,,-
Resort Anthem,XANADU OF TWO,0,,-,925,KULEA,秋田県,1696,*RIJU*,秋田県,2724,EULECA,秋田県,3402,EULECA,秋田県
Resort Anthem,ZETA～素数の世界と超越者～,331,K.AI,秋田県,410,SAKEN,秋田県,1986,YUT0,秋田県,2984,MXX,秋田県,0,,-
Resort Anthem,おおきなこえで,0,,-,89,NUKO,秋田県,779,KEEN,秋田県,1443,MXX,秋田県,2099,MXX,秋田県
Resort Anthem,かげぬい ～ Ver.BENIBOTAN ～,501,KKR,秋田県,0,,-,1167,KEEN,秋田県,1833,EOTOKO,秋田県,0,,-
Resort Anthem,中華急行,0,,-,299,HGRKTR,秋田県,1457,*RIJU*,秋田県,2307,EULECA,秋田県,0,,-
Resort Anthem,夕焼け ～Fading Day～,0,,-,978,OKE,秋田県,2016,Y-I.,秋田県,2771,EULECA,秋田県,0,,-
Resort Anthem,旅人リラン,0,,-,1032,KEEN,秋田県,1824,OKE,秋田県,2578,EULECA,秋田県,0,,-
Resort Anthem,灼熱Beach Side Bunny,558,KKR,秋田県,1082,TORU.K,秋田県,1988,HATO,秋田県,2787,EOTOKO,秋田県,0,,-
Resort Anthem,黒髪乱れし修羅となりて,0,,-,721,KULEA,秋田県,1968,KOB.SS,秋田県,3365,EULECA,秋田県,0,,-
Lincle,24th Century BOY,0,,-,818,NAO,秋田県,1698,RETRY,秋田県,2811,EULECA,秋田県,0,,-
Lincle,532nm,0,,-,526,KULEA,秋田県,1195,HIRO77,秋田県,2573,EULECA,秋田県,0,,-
Lincle,A MINSTREL ～ ver. short-scape ～,0,,-,672,K.AI,秋田県,1435,K.AI,秋田県,2363,EULECA,秋田県,3851,EULECA,秋田県
Lincle,Almace,0,,-,818,17.JUL,秋田県,1221,17.JUL,秋田県,1972,EULECA,秋田県,0,,-
Lincle,ANAGRAMS I to Y,0,,-,822,KULEA,秋田県,1467,17.JUL,秋田県,2447,Y-I.,秋田県,0,,-
Lincle,BLACK.by X-Cross Fade,0,,-,990,YUT0,秋田県,2121,Y-I.,秋田県,3217,NU-,秋田県,0,,-
Lincle,CALL,0,,-,333,KULEA,秋田県,768,KULEA,秋田県,1447,MXX,秋田県,2642,MXX,秋田県
Lincle,Castle on the Moon,0,,-,607,KULEA,秋田県,1617,Y-I.,秋田県,2273,EULECA,秋田県,0,,-
Lincle,Change the World,0,,-,773,KULEA,秋田県,1166,KULEA,秋田県,1808,7NEKO,秋田県,0,,-
Lincle,DIAVOLO,0,,-,1250,SHUN-X,秋田県,1706,87MARU,秋田県,3116,EULECA,秋田県,0,,-
Lincle,Drive Me Crazy,0,,-,665,KULEA,秋田県,1375,696,秋田県,2266,MXX,秋田県,0,,-
Lincle,Express Emotion,0,,-,672,KULEA,秋田県,1024,HIRO77,秋田県,2497,EULECA,秋田県,0,,-
Lincle,F,0,,-,994,NAO,秋田県,1984,696,秋田県,3495,EULECA,秋田県,0,,-
Lincle,Far east nightbird,327,KKR,秋田県,514,HIRO77,秋田県,1270,HIRO77,秋田県,1990,EULECA,秋田県,0,,-
Lincle,fffff,0,,-,779,NAO,秋田県,1951,MIYU*,秋田県,3003,MXX,秋田県,0,,-
Lincle,Flip Flap,276,K.AI,秋田県,558,KULEA,秋田県,1271,HIRO77,秋田県,2194,EOTOKO,秋田県,0,,-
Lincle,Follow Tomorrow,0,,-,809,KULEA,秋田県,1392,TORU.K,秋田県,2188,EOTOKO,秋田県,0,,-
Lincle,GIGANT,0,,-,485,KULEA,秋田県,1067,JOVAN,秋田県,1745,EULECA,秋田県,2879,EULECA,秋田県
Lincle,HAERETICUS,0,,-,709,K2,秋田県,1757,NOIN,秋田県,2990,EULECA,秋田県,0,,-
Lincle,I'm so Happy,278,IIDX33,秋田県,389,KULEA,秋田県,1373,Y-I.,秋田県,2285,EULECA,秋田県,0,,-
Lincle,In the Blackest Den,0,,-,826,RETRY,秋田県,1402,HIRO77,秋田県,2496,EULECA,秋田県,0,,-
Lincle,Infinite cave,0,,-,954,YUT0,秋田県,1360,HIRO77,秋田県,1964,OSANPO,秋田県,0,,-
Lincle,KYAMISAMA ONEGAI!,0,,-,673,HATO,秋田県,1117,OSANPO,秋田県,2044,EOTOKO,秋田県,2958,MXX,秋田県
Lincle,LAX5 feat.Ryota Yoshinari,0,,-,882,K2,秋田県,1941,YUT0,秋田県,2774,EOTOKO,秋田県,0,,-
Lincle,LETHEBOLG ～双神威に斬り咲けり～,0,,-,927,KULEA,秋田県,1554,RETRY,秋田県,2164,EULECA,秋田県,0,,-
Lincle,Liquid Crystal Girl feat. echo,0,,-,394,KULEA,秋田県,1032,KULEA,秋田県,1959,7NEKO,秋田県,0,,-
Lincle,LOVE B.B.B,0,,-,699,KULEA,秋田県,1014,YS3,秋田県,1957,7NEKO,秋田県,0,,-
Lincle,Lucky Days,0,,-,571,KULEA,秋田県,1083,ARUDE,秋田県,2131,EOTOKO,秋田県,0,,-
Lincle,Mermaid girl-秋葉工房 MIX-,0,,-,758,KULEA,秋田県,1230,RETRY,秋田県,2027,MXX,秋田県,0,,-
Lincle,Miami Sunset Drive,0,,-,546,SARYO,秋田県,945,RETRY,秋田県,1618,EOTOKO,秋田県,0,,-
Lincle,NNRT,0,,-,1019,K2,秋田県,2466,HATO,秋田県,3468,EULECA,秋田県,0,,-
Lincle,Phoenix,0,,-,813,NAO,秋田県,1133,RETRY,秋田県,2378,MXX,秋田県,3859,EULECA,秋田県
Lincle,prompt,0,,-,909,NAO,秋田県,1535,YUT0,秋田県,2776,EULECA,秋田県,0,,-
Lincle,QUANTUM TELEPORTATION,0,,-,1207,SATC,秋田県,2276,HATO,秋田県,2835,NU-,秋田県,3546,EULECA,秋田県
Lincle,quaver♪,0,,-,677,*RIJU*,秋田県,2068,RENA,秋田県,3400,MXX,秋田県,0,,-
Lincle,Quick Silver,0,,-,747,YUT0,秋田県,1685,*RIJU*,秋田県,2592,MXX,秋田県,0,,-
Lincle,Release The Music,0,,-,789,NAO,秋田県,1209,D-MOND,秋田県,2037,KT194,秋田県,0,,-
Lincle,RESISTANCE,0,,-,576,KULEA,秋田県,1245,YUT0,秋田県,2342,OSANPO,秋田県,0,,-
Lincle,Round and Round,0,,-,745,KKR,秋田県,1188,MA02RI,秋田県,2082,7NEKO,秋田県,0,,-
Lincle,SA.YO.NA.RA. SUPER STAR,0,,-,465,YUT0,秋田県,1219,87MARU,秋田県,1644,EOTOKO,秋田県,0,,-
Lincle,Scharfrichter,0,,-,357,CONCHA,秋田県,1528,YUT0,秋田県,2878,EULECA,秋田県,0,,-
Lincle,Several Words,0,,-,0,,-,1397,HIRO77,秋田県,2138,HATO,秋田県,0,,-
Lincle,SHADE,0,,-,1080,DEF,秋田県,1990,OSANPO,秋田県,2855,DMOMOI,秋田県,0,,-
Lincle,Snake Stick,0,,-,949,AK,秋田県,1947,Y-I.,秋田県,2543,Y-I.,秋田県,0,,-
Lincle,Snow Goose,263,OKGO,秋田県,336,KULEA,秋田県,1257,LVFX,秋田県,2349,EULECA,秋田県,0,,-
Lincle,Star Trail,0,,-,0,,-,1013,NAO,秋田県,1822,Y-I.,秋田県,2453,MXX,秋田県
Lincle,The Limbo,0,,-,1075,RETRY,秋田県,1818,K.AI,秋田県,3274,EULECA,秋田県,4133,EULECA,秋田県
Lincle,The Sampling Paradise,0,,-,780,KULEA,秋田県,1702,*RIJU*,秋田県,2906,EULECA,秋田県,0,,-
Lincle,Thunderbolt,0,,-,966,KULEA,秋田県,1722,RETRY,秋田県,3731,EULECA,秋田県,0,,-
Lincle,TITANS RETURN,267,S-C-U,秋田県,0,,-,1402,YUT0,秋田県,2421,EULECA,秋田県,2487,EULECA,秋田県
Lincle,Todestrieb,0,,-,1011,KULEA,秋田県,1888,EULECA,秋田県,3395,EULECA,秋田県,0,,-
Lincle,Voxane,0,,-,0,,-,1016,D-MOND,秋田県,1703,EOTOKO,秋田県,0,,-
Lincle,WONDER WALKER,0,,-,923,KULEA,秋田県,1928,HATO,秋田県,3741,EULECA,秋田県,0,,-
Lincle,YAKSHA,0,,-,1148,KULEA,秋田県,2076,RETRY,秋田県,3831,EULECA,秋田県,0,,-
Lincle,yellow head joe,0,,-,735,NAO,秋田県,1370,HIRO77,秋田県,2115,OSANPO,秋田県,3081,EULECA,秋田県
Lincle,Yellow Sunrise,0,,-,717,KKR,秋田県,1387,HIRO77,秋田県,2225,EOTOKO,秋田県,0,,-
Lincle,ビューティフルレシート,337,DEF,秋田県,472,KULEA,秋田県,1114,YUT0,秋田県,1913,EULECA,秋田県,0,,-
Lincle,ユミル,0,,-,578,KULEA,秋田県,1280,HIRO77,秋田県,2778,MXX,秋田県,0,,-
Lincle,君のハートにロックオン,0,,-,0,,-,1519,RETRY,秋田県,2554,MXX,秋田県,3419,EULECA,秋田県
Lincle,天空の夜明け,0,,-,1222,SATC,秋田県,2058,Y-I.,秋田県,3869,EULECA,秋田県,0,,-
Lincle,子供の落書き帳,0,,-,787,KULEA,秋田県,1719,KOB.SS,秋田県,2565,EULECA,秋田県,0,,-
Lincle,恋する☆宇宙戦争っ！！,472,KULEA,秋田県,899,JOVAN,秋田県,1674,YUT0,秋田県,3481,EULECA,秋田県,4443,EULECA,秋田県
Lincle,突撃!ガラスのニーソ姫!,0,,-,589,KULEA,秋田県,1109,RETRY,秋田県,2033,EOTOKO,秋田県,0,,-
Lincle,聖人の塔,0,,-,877,YUT0,秋田県,1930,KOB.SS,秋田県,2920,EULECA,秋田県,4176,EULECA,秋田県
Lincle,蛇神,283,NEMO3,秋田県,613,SRM,秋田県,1369,MELO,秋田県,2780,EULECA,秋田県,3615,EULECA,秋田県
Lincle,衰色小町メランコリア,0,,-,731,DJ-JAG,秋田県,1052,00ZERO,秋田県,2243,EOTOKO,秋田県,0,,-
Lincle,陽炎,0,,-,489,600W1M,秋田県,993,INTECH,秋田県,1933,7NEKO,秋田県,0,,-
tricoro,405nm (Ryu☆mix),0,,-,840,NAO,秋田県,1625,PAN,秋田県,2521,EULECA,秋田県,0,,-
tricoro,8bit Princess,0,,-,654,K.AI,秋田県,1345,KOB.SS,秋田県,2580,MIYU*,秋田県,0,,-
tricoro,Ascalon,0,,-,1086,NAO,秋田県,1331,TATAMI,秋田県,2258,EULECA,秋田県,0,,-
tricoro,Beastie Starter,0,,-,0,,-,1225,USA9!3,秋田県,2114,HATO,秋田県,0,,-
tricoro,BLUE STRAGGLER,0,,-,0,,-,1324,HIRO77,秋田県,2412,OSANPO,秋田県,0,,-
tricoro,BRAVE GLOW,0,,-,422,TENE,秋田県,1426,HIRO77,秋田県,2427,NU-,秋田県,0,,-
tricoro,CONCEPTUAL,0,,-,786,NAO,秋田県,0,,-,2683,EULECA,秋田県,0,,-
tricoro,Confiserie,0,,-,839,JOBMAN,秋田県,1896,OKE,秋田県,3467,EULECA,秋田県,0,,-
tricoro,connective,0,,-,391,HIRO77,秋田県,1082,*RIJU*,秋田県,1564,EOTOKO,秋田県,0,,-
tricoro,Cookie Bouquets,0,,-,662,SRM,秋田県,2044,USA9!3,秋田県,3378,EULECA,秋田県,0,,-
tricoro,DAY DREAM,0,,-,375,NAO,秋田県,1234,DEF,秋田県,1936,EULECA,秋田県,0,,-
tricoro,Devilz Staircase,0,,-,618,KULEA,秋田県,2017,KOB.SS,秋田県,3171,EULECA,秋田県,0,,-
tricoro,Elemental Creation,260,K.AI,秋田県,1426,KOB.SS,秋田県,2319,7NEKO,秋田県,3985,EULECA,秋田県,0,,-
tricoro,examination leave,0,,-,1003,NAO,秋田県,1899,HATO,秋田県,3373,EULECA,秋田県,0,,-
tricoro,FLOWER,345,KKR,秋田県,954,K2,秋田県,1623,$EX,秋田県,2850,EULECA,秋田県,0,,-
tricoro,Fly you to the star,0,,-,701,JOBMAN,秋田県,1555,TORU.K,秋田県,2236,NU-,秋田県,0,,-
tricoro,GAIA,0,,-,950,NAO,秋田県,2099,PAN,秋田県,3229,EULECA,秋田県,0,,-
tricoro,GRADIUS 2012,0,,-,620,OKGO,秋田県,1581,TORU.K,秋田県,2581,H4RN..,秋田県,0,,-
tricoro,Hollywood Galaxy,0,,-,1019,NAO,秋田県,1826,KOB.SS,秋田県,2686,EULECA,秋田県,0,,-
tricoro,Howling,0,,-,0,,-,1178,MA02RI,秋田県,1999,EOTOKO,秋田県,2536,EOTOKO,秋田県
tricoro,I know You know,0,,-,526,SARYO,秋田県,1087,RETRY,秋田県,1777,7NEKO,秋田県,0,,-
tricoro,ILIAS,0,,-,0,,-,1146,SATC,秋田県,2143,EULECA,秋田県,0,,-
tricoro,Illegal Function Call,0,,-,860,NAO,秋田県,1665,87MARU,秋田県,2534,EULECA,秋田県,3528,EULECA,秋田県
tricoro,In Heaven,0,,-,680,NAO,秋田県,1281,SATC,秋田県,2086,MXX,秋田県,0,,-
tricoro,JOMANDA,0,,-,1051,MA02RI,秋田県,2273,KOB.SS,秋田県,3585,EULECA,秋田県,0,,-
tricoro,Liberation,0,,-,1305,NAO,秋田県,2318,Y-I.,秋田県,3653,EULECA,秋田県,0,,-
tricoro,Light and Cyber…,0,,-,964,NAO,秋田県,1774,RETRY,秋田県,3091,EULECA,秋田県,0,,-
tricoro,Little Star,0,,-,946,OKE,秋田県,1680,DEF,秋田県,3117,EULECA,秋田県,0,,-
tricoro,LUV CAN SAVE U,0,,-,581,OKE,秋田県,1351,MA02RI,秋田県,2106,HATO,秋田県,2716,HATO,秋田県
tricoro,mnemoniq,0,,-,526,OKE,秋田県,851,KULEA,秋田県,1262,EOTOKO,秋田県,0,,-
tricoro,Neonlights,0,,-,661,OKE,秋田県,1443,HIRO77,秋田県,2154,KT194,秋田県,0,,-
tricoro,neu,0,,-,974,OKE,秋田県,2055,OKE,秋田県,3870,EULECA,秋田県,0,,-
tricoro,New Decade IIDX Edition,264,KKR,秋田県,981,OKE,秋田県,1767,YUT0,秋田県,2846,NU-,秋田県,0,,-
tricoro,New Lights,0,,-,1022,OKE,秋田県,1703,RETRY,秋田県,2365,EOTOKO,秋田県,0,,-
tricoro,Plan 8,0,,-,1157,OKE,秋田県,2137,KOB.SS,秋田県,2916,MXX,秋田県,0,,-
tricoro,planarian,0,,-,701,OKE,秋田県,1566,HIRO77,秋田県,2457,OSANPO,秋田県,0,,-
tricoro,POINT ZERO,0,,-,733,OKE,秋田県,1176,AYANO5,秋田県,2015,EOTOKO,秋田県,0,,-
tricoro,Präludium,0,,-,701,OKE,秋田県,1321,RETRY,秋田県,2195,NU-,秋田県,0,,-
tricoro,Proof of the existence,0,,-,1157,OKE,秋田県,1952,OKE,秋田県,3159,EULECA,秋田県,0,,-
tricoro,Rainbow after snow,0,,-,737,OKE,秋田県,1049,MIRUKI,秋田県,2145,EULECA,秋田県,0,,-
tricoro,Re:GENERATION,210,OKGO,秋田県,811,SARYO,秋田県,1428,HIRO77,秋田県,2154,EOTOKO,秋田県,0,,-
tricoro,Reflection Into the EDEN,0,,-,780,OKE,秋田県,1264,RETRY,秋田県,2115,EULECA,秋田県,0,,-
tricoro,rumrum triplets,0,,-,946,OKE,秋田県,1889,S-I-N,秋田県,2979,EULECA,秋田県,0,,-
tricoro,S!ck,0,,-,900,OKE,秋田県,1416,RETRY,秋田県,2592,MXX,秋田県,0,,-
tricoro,Saturn,0,,-,1308,OKE,秋田県,2001,HATO,秋田県,2543,MXX,秋田県,3346,EULECA,秋田県
tricoro,Shining World,0,,-,1237,OKE,秋田県,1498,DEF,秋田県,1914,EULECA,秋田県,0,,-
tricoro,SHION,0,,-,665,OKE,秋田県,1275,PAN,秋田県,2665,EULECA,秋田県,0,,-
tricoro,Sol Cosine Job 2,0,,-,1056,OKE,秋田県,1684,HATO,秋田県,3089,EULECA,秋田県,0,,-
tricoro,STULTI,0,,-,786,OKE,秋田県,1587,HATO,秋田県,2686,EULECA,秋田県,0,,-
tricoro,SYNC-ANTHEM,0,,-,940,OKE,秋田県,2244,KOB.SS,秋田県,3543,EULECA,秋田県,0,,-
tricoro,Synergy For Angels,0,,-,909,OKE,秋田県,1546,YUT0,秋田県,2694,MXX,秋田県,0,,-
tricoro,Take My Life,0,,-,953,OKE,秋田県,1495,RETRY,秋田県,2820,MXX,秋田県,0,,-
tricoro,Thor's Hammer,0,,-,945,OKE,秋田県,1679,TATAMI,秋田県,2890,EULECA,秋田県,0,,-
tricoro,Time To Empress,0,,-,912,OKE,秋田県,1807,PAN,秋田県,2524,NU-,秋田県,3056,MIYU*,秋田県
tricoro,Timepiece phase II,0,,-,1035,OKE,秋田県,1978,TATAMI,秋田県,3127,MIYU*,秋田県,0,,-
tricoro,Timepiece phase II (CN Ver.),0,,-,944,OKE,秋田県,1873,Y-I.,秋田県,2849,EULECA,秋田県,0,,-
tricoro,True Blue,0,,-,517,PRETAX,秋田県,2404,KOB.SS,秋田県,3725,EULECA,秋田県,0,,-
tricoro,Valanga,0,,-,1306,OKE,秋田県,2048,K.AI,秋田県,3189,EULECA,秋田県,0,,-
tricoro,VALLIS-NERIA,135,IIDX33,秋田県,1205,OKE,秋田県,1859,TATAMI,秋田県,2834,HATO,秋田県,0,,-
tricoro,VEGA,0,,-,1130,OKE,秋田県,1880,HIRO77,秋田県,3011,MXX,秋田県,0,,-
tricoro,ZED,0,,-,868,NAO,秋田県,1617,*RIJU*,秋田県,2723,EULECA,秋田県,3262,EULECA,秋田県
tricoro,Zirkfied,0,,-,896,JOBMAN,秋田県,1974,HATO,秋田県,3659,EULECA,秋田県,0,,-
tricoro,ΕΛΠΙΣ,0,,-,1134,OKE,秋田県,1953,KOB.SS,秋田県,3125,EULECA,秋田県,3568,EULECA,秋田県
tricoro,†渚の小悪魔ラヴリィ～レイディオ†(IIDX EDIT),201,S-C-U,秋田県,546,OKE,秋田県,1610,AU-MIN,秋田県,3477,MIYU*,秋田県,0,,-
tricoro,お米の美味しい炊き方、そしてお米を食べることによるその効果。,0,,-,876,OKE,秋田県,1529,AU-MIN,秋田県,2130,EULECA,秋田県,3593,EULECA,秋田県
tricoro,たまゆら,0,,-,1169,OKE,秋田県,1808,KOB.SS,秋田県,2737,EULECA,秋田県,0,,-
tricoro,アストライアの双皿,0,,-,677,OKE,秋田県,2084,HATO,秋田県,3074,EULECA,秋田県,0,,-
tricoro,カジノファイヤーことみちゃん,0,,-,619,OKE,秋田県,1247,NS-ND,秋田県,2303,MXX,秋田県,3123,EULECA,秋田県
tricoro,キャトられ恋はモ～モク,0,,-,1459,OKE,秋田県,2365,KOB.SS,秋田県,3707,EULECA,秋田県,0,,-
tricoro,シュレーディンガーの猫,0,,-,1117,OKE,秋田県,2213,TATAMI,秋田県,3372,EULECA,秋田県,0,,-
tricoro,トリカゴノ鳳凰,0,,-,1116,OKE,秋田県,1846,87MARU,秋田県,3663,EULECA,秋田県,0,,-
tricoro,メイメツ、フラグメンツ,0,,-,648,OKE,秋田県,1189,YUT0,秋田県,1916,H4RN..,秋田県,0,,-
tricoro,ラキラキ,0,,-,654,OKE,秋田県,1194,SATC,秋田県,1978,EULECA,秋田県,0,,-
tricoro,下弦の月,0,,-,929,OKE,秋田県,1298,SATC,秋田県,1956,HATO,秋田県,0,,-
tricoro,仮想空間の旅人たち,0,,-,1143,OKE,秋田県,2041,S-I-N,秋田県,2824,EULECA,秋田県,3783,EULECA,秋田県
tricoro,創世ノート,0,,-,834,OKE,秋田県,1824,87MARU,秋田県,2923,EULECA,秋田県,0,,-
tricoro,即席！脳直★ミュージックシステム,0,,-,1023,OKE,秋田県,1916,KOB.SS,秋田県,3497,EULECA,秋田県,0,,-
tricoro,朧,197,KULEA,秋田県,780,OKE,秋田県,1450,DEF,秋田県,2064,7NEKO,秋田県,2493,MIYU*,秋田県
tricoro,梅雪夜,0,,-,863,OKE,秋田県,1498,ECTHEL,秋田県,2097,EULECA,秋田県,0,,-
tricoro,狂イ咲ケ焔ノ華,0,,-,706,SHINA,秋田県,2173,RETRY,秋田県,3587,EULECA,秋田県,0,,-
tricoro,音楽,0,,-,735,*RIJU*,秋田県,1981,HATO,秋田県,2680,EULECA,秋田県,0,,-
tricoro,龍と少女とデコヒーレンス,0,,-,839,OKE,秋田県,1582,87MARU,秋田県,2965,EULECA,秋田県,3303,EULECA,秋田県
SPADA,Adularia,193,KKR,秋田県,982,NAO,秋田県,1805,Y-I.,秋田県,2780,EULECA,秋田県,0,,-
SPADA,ALBA -黎明-,0,,-,598,KULEA,秋田県,1444,TORU.K,秋田県,3184,EULECA,秋田県,3853,EULECA,秋田県
SPADA,Ancient Scapes,0,,-,0,,-,1992,HATO,秋田県,3447,EULECA,秋田県,4161,EULECA,秋田県
SPADA,ATHER,0,,-,957,NAO,秋田県,1470,RETRY,秋田県,2748,EULECA,秋田県,3056,EULECA,秋田県
SPADA,BLUE DRAGON(雷龍RemixIIDX),0,,-,1167,K2,秋田県,2129,KOB.SS,秋田県,3215,ECTHEL,秋田県,0,,-
SPADA,BRAINSTORM,0,,-,672,KULEA,秋田県,1966,Y-I.,秋田県,2690,MXX,秋田県,0,,-
SPADA,BRAVE OUT,0,,-,967,KKR,秋田県,1406,YUT0,秋田県,2078,MXX,秋田県,2694,KT194,秋田県
SPADA,Claiomh Solais,0,,-,328,KKR,秋田県,1358,*RIJU*,秋田県,2046,HATO,秋田県,0,,-
SPADA,Cleopatrysm,0,,-,746,NAO,秋田県,1315,*RIJU*,秋田県,2513,EULECA,秋田県,0,,-
SPADA,Close the World feat.a☆ru,0,,-,1031,JOBMAN,秋田県,2011,PAN,秋田県,3352,EULECA,秋田県,3786,EULECA,秋田県
SPADA,Critical Crystal,217,KKR,秋田県,926,K2,秋田県,1824,HATO,秋田県,2829,NU-,秋田県,0,,-
SPADA,DARK LEGACY,0,,-,1275,S-I-N,秋田県,2046,Y-I.,秋田県,3528,MXX,秋田県,0,,-
SPADA,Devilz Sacrifice -贖罪の羊-,0,,-,0,,-,1662,87MARU,秋田県,2380,EOTOKO,秋田県,0,,-
SPADA,diagram,0,,-,0,,-,1223,RETRY,秋田県,2771,EULECA,秋田県,0,,-
SPADA,Elektrick U-Phoria,0,,-,1143,S-I-N,秋田県,1750,RETRY,秋田県,3018,KT194,秋田県,3952,EULECA,秋田県
SPADA,Element of SPADA,0,,-,663,KULEA,秋田県,1310,TORU.K,秋田県,2075,EULECA,秋田県,3091,EULECA,秋田県
SPADA,Engraved Mark,0,,-,382,HGK,秋田県,900,ARR-NA,秋田県,2330,EULECA,秋田県,0,,-
SPADA,EXTREME MACH COLLIDER,0,,-,878,NAO,秋田県,1028,NAO,秋田県,2477,MXX,秋田県,0,,-
SPADA,Feel The Beat,0,,-,1180,SATC,秋田県,2167,EULECA,秋田県,3521,EULECA,秋田県,4220,EULECA,秋田県
SPADA,Funny shuffle,0,,-,554,JOBMAN,秋田県,1051,RETRY,秋田県,2231,MXX,秋田県,0,,-
SPADA,HYENA,0,,-,1069,NAO,秋田県,1725,YUT0,秋田県,2767,EULECA,秋田県,3582,MXX,秋田県
SPADA,Hypersonik,0,,-,880,JOBMAN,秋田県,1411,HIGERO,秋田県,2482,EULECA,秋田県,0,,-
SPADA,I will be back -オレは帰ってきた-,0,,-,744,CHNO,秋田県,1868,OKE,秋田県,2868,MXX,秋田県,0,,-
SPADA,Idola,0,,-,1141,YUT0,秋田県,2174,*RIJU*,秋田県,3497,EULECA,秋田県,0,,-
SPADA,Insane Techniques,0,,-,693,NAO,秋田県,1166,RETRY,秋田県,2382,EOTOKO,秋田県,0,,-
SPADA,INSOMNIA,0,,-,642,CHNO,秋田県,1573,SATC,秋田県,3014,HATO,秋田県,0,,-
SPADA,into the battlefield,0,,-,0,,-,1302,HIRO77,秋田県,2342,MXX,秋田県,0,,-
SPADA,invoker,0,,-,496,HWTKS,秋田県,1786,HIRO77,秋田県,3134,EULECA,秋田県,3452,EULECA,秋田県
SPADA,IX,0,,-,1212,YUT0,秋田県,2333,MXX,秋田県,3737,MXX,秋田県,0,,-
SPADA,KAISER PHOENIX,0,,-,1301,TORU.K,秋田県,2203,MXX,秋田県,3205,EULECA,秋田県,3778,EULECA,秋田県
SPADA,KHAMEN BREAK,0,,-,575,HIRO77,秋田県,1324,HIRO77,秋田県,2431,MXX,秋田県,0,,-
SPADA,Last Dance,0,,-,854,H.T,秋田県,1618,SATC,秋田県,3136,MXX,秋田県,0,,-
SPADA,Lighting Shower,0,,-,773,NAO,秋田県,1307,KOB.SS,秋田県,2302,7NEKO,秋田県,0,,-
SPADA,M.D.Injection,0,,-,565,KULEA,秋田県,1143,YUT0,秋田県,2327,EOTOKO,秋田県,0,,-
SPADA,m1dy Deluxe,0,,-,1091,NAO,秋田県,1606,1MB,秋田県,2467,HATO,秋田県,0,,-
SPADA,MAD ATTACK,0,,-,194,MASUCO,秋田県,1026,K3103,秋田県,1826,7NEKO,秋田県,2386,EULECA,秋田県
SPADA,MAGIC & LOVE,0,,-,999,MA02RI,秋田県,1801,OSANPO,秋田県,2850,MXX,秋田県,0,,-
SPADA,Miracle 5ympho X,0,,-,741,YURA,秋田県,1305,Y-I.,秋田県,2513,EULECA,秋田県,2757,HATO,秋田県
SPADA,NPC World,0,,-,924,NAO,秋田県,1463,DEF,秋田県,2204,EOTOKO,秋田県,0,,-
SPADA,Odin,0,,-,0,,-,1315,HIRO77,秋田県,1987,EOTOKO,秋田県,0,,-
SPADA,Overload Frontier,0,,-,744,NAO,秋田県,1163,ARUDE,秋田県,2473,HATO,秋田県,0,,-
SPADA,Pharaoh,0,,-,423,IIDX33,秋田県,1237,HIRO77,秋田県,2385,MXX,秋田県,0,,-
SPADA,PUNISHER,0,,-,1002,NAO,秋田県,1997,KOB.SS,秋田県,3526,EULECA,秋田県,0,,-
SPADA,ra'am,0,,-,1050,SATC,秋田県,1815,OSANPO,秋田県,2653,MXX,秋田県,0,,-
SPADA,rainbow guitar weeps,0,,-,740,OTTERR,秋田県,1594,RETRY,秋田県,2660,EOTOKO,秋田県,0,,-
SPADA,Recollection,0,,-,0,,-,1538,KULEA,秋田県,2201,HATO,秋田県,0,,-
SPADA,refractive index,0,,-,531,ADHD,秋田県,1317,HIRO77,秋田県,2608,NU-,秋田県,0,,-
SPADA,RISE,0,,-,839,NAO,秋田県,1166,HIRO77,秋田県,1785,EOTOKO,秋田県,0,,-
SPADA,RIZING YOU UP,0,,-,760,K2,秋田県,1981,HIRO77,秋田県,2507,7NEKO,秋田県,0,,-
SPADA,SCHWARZSCHILD FIELD,0,,-,835,NAO,秋田県,1380,RETRY,秋田県,2273,MXX,秋田県,0,,-
SPADA,Sigmund,0,,-,1390,YUT0,秋田県,2256,EULECA,秋田県,3705,EULECA,秋田県,4125,EULECA,秋田県
SPADA,Squeeze,0,,-,764,NAO,秋田県,1325,HIRO77,秋田県,2400,MXX,秋田県,0,,-
SPADA,THE DETONATOR,0,,-,1490,YUT0,秋田県,2312,KOB.SS,秋田県,3098,MXX,秋田県,0,,-
SPADA,Unicorn tail,0,,-,782,NAO,秋田県,2054,Y-I.,秋田県,3050,MXX,秋田県,0,,-
SPADA,Valgus,0,,-,0,,-,1277,YUT0,秋田県,2290,MIYU*,秋田県,0,,-
SPADA,Verflucht,0,,-,1250,MIYU*,秋田県,2010,PAN,秋田県,3485,EULECA,秋田県,4513,EULECA,秋田県
SPADA,VOX UP,0,,-,1428,YUT0,秋田県,2664,HATO,秋田県,3493,EULECA,秋田県,0,,-
SPADA,Wonder Girl feat. Kanae Asaba,0,,-,683,NAO,秋田県,1159,YUT0,秋田県,2727,MXX,秋田県,0,,-
SPADA,お願いアインシュタイン,0,,-,808,NAO,秋田県,1335,RETRY,秋田県,2065,MXX,秋田県,0,,-
SPADA,アルストロメリア,127,MIMI,秋田県,851,NAO,秋田県,1449,*RIJU*,秋田県,2424,EOTOKO,秋田県,0,,-
SPADA,デッドボヲルdeホームラン,0,,-,526,NAO,秋田県,1445,AU-MIN,秋田県,2649,MXX,秋田県,0,,-
SPADA,バンブーソード・ガール,260,YUT0,秋田県,801,YAYUYO,秋田県,1596,RETRY,秋田県,2381,EULECA,秋田県,0,,-
SPADA,廿,0,,-,651,HWTKS,秋田県,1552,TORU.K,秋田県,2190,87MARU,秋田県,3190,EULECA,秋田県
SPADA,旋律のドグマ～Miserables～,0,,-,1210,TORU.K,秋田県,2312,KOB.SS,秋田県,3861,EULECA,秋田県,0,,-
SPADA,海神,0,,-,981,KULEA,秋田県,2055,HATO,秋田県,3099,EULECA,秋田県,3507,EULECA,秋田県
SPADA,煉獄のエルフェリア,0,,-,1217,SATC,秋田県,2144,TATAMI,秋田県,3777,EULECA,秋田県,0,,-
SPADA,牧神笛吹きて,0,,-,683,JOBMAN,秋田県,1313,NYAS22,秋田県,2040,EULECA,秋田県,0,,-
SPADA,疾風迅雷,0,,-,1063,RETRY,秋田県,1909,TATAMI,秋田県,2851,EULECA,秋田県,3326,EULECA,秋田県
SPADA,罪と罰,0,,-,781,ATOPOS,秋田県,1340,DEF,秋田県,2091,H4RN..,秋田県,0,,-
SPADA,超!!遠距離らぶメ～ル,0,,-,445,CONCHA,秋田県,1222,NODA,秋田県,2562,EOTOKO,秋田県,0,,-
SPADA,轟け！恋のビーンボール！！,0,,-,999,TORU.K,秋田県,1849,K.AI,秋田県,3450,EULECA,秋田県,0,,-
PENDUAL,#The_Relentless,0,,-,0,,-,1976,K.AI,秋田県,2865,EULECA,秋田県,4320,EULECA,秋田県
PENDUAL,AFRO KNUCKLE,0,,-,836,NAO,秋田県,1607,YUT0,秋田県,2366,EOTOKO,秋田県,0,,-
PENDUAL,Beat Radiance,0,,-,0,,-,1564,*RIJU*,秋田県,2586,EULECA,秋田県,3573,EULECA,秋田県
PENDUAL,Beyond The Earth,0,,-,1088,JOBMAN,秋田県,1838,KOB.SS,秋田県,3080,EULECA,秋田県,0,,-
PENDUAL,Blaze it UP!,0,,-,902,KKR,秋田県,1814,DEF,秋田県,2923,EULECA,秋田県,0,,-
PENDUAL,BLUE MIRAGE,0,,-,872,NAO,秋田県,1659,RETRY,秋田県,2886,EULECA,秋田県,0,,-
PENDUAL,Broken Sword,0,,-,1141,CONP,秋田県,1977,TATAMI,秋田県,3696,EULECA,秋田県,0,,-
PENDUAL,Chain of pain,0,,-,725,NAO,秋田県,1362,YUT0,秋田県,2170,EULECA,秋田県,0,,-
PENDUAL,chrono diver -fragment-,0,,-,599,KULEA,秋田県,1119,DEF,秋田県,1774,7NEKO,秋田県,2240,EULECA,秋田県
PENDUAL,CHRONO DIVER -NORNIR-,0,,-,1013,KOBAT.,秋田県,2012,RETRY,秋田県,3040,EULECA,秋田県,4328,EULECA,秋田県
PENDUAL,Chrono Diver -PENDULUMs-,542,YUT0,秋田県,1344,YUT0,秋田県,2708,EULECA,秋田県,4217,EULECA,秋田県,0,,-
PENDUAL,Chronos,0,,-,481,ARK,秋田県,1268,*RIJU*,秋田県,2322,EULECA,秋田県,2984,EULECA,秋田県
PENDUAL,cinder,0,,-,0,,-,1824,OKE,秋田県,3091,EULECA,秋田県,0,,-
PENDUAL,COLOSSEUM,0,,-,416,ZERA,秋田県,1095,KULEA,秋田県,2251,MXX,秋田県,0,,-
PENDUAL,Cosmic Cat,0,,-,603,MARCU$,秋田県,1653,OKE,秋田県,2251,EULECA,秋田県,3192,EULECA,秋田県
PENDUAL,Despair of ELFERIA,0,,-,1136,KULEA,秋田県,2229,KOB.SS,秋田県,4027,EULECA,秋田県,0,,-
PENDUAL,Discloze,0,,-,944,K.AI,秋田県,1429,SRM,秋田県,2538,NU-,秋田県,0,,-
PENDUAL,EBONY & IVORY,0,,-,1098,K.AI,秋田県,1700,HATO,秋田県,2953,EULECA,秋田県,3462,MIYU*,秋田県
PENDUAL,entelecheia,0,,-,914,INTECH,秋田県,2121,HATO,秋田県,3252,EULECA,秋田県,0,,-
PENDUAL,Erosion Mark,0,,-,324,HWTKS,秋田県,1405,YUT0,秋田県,2147,EOTOKO,秋田県,0,,-
PENDUAL,fallen leaves -IIDX edition-,0,,-,628,TATERU,秋田県,1891,KOB.SS,秋田県,3355,EULECA,秋田県,0,,-
PENDUAL,FANTASTIC THREE,0,,-,1170,SATC,秋田県,1954,87MARU,秋田県,3072,MXX,秋田県,0,,-
PENDUAL,Flashes,0,,-,837,KULEA,秋田県,1807,HATO,秋田県,3215,EULECA,秋田県,4023,EULECA,秋田県
PENDUAL,Gravigazer,0,,-,854,JOBMAN,秋田県,1752,PAN,秋田県,2955,EULECA,秋田県,0,,-
PENDUAL,GUILTY,0,,-,912,TORU.K,秋田県,1271,HIRO77,秋田県,1841,KT194,秋田県,2909,EULECA,秋田県
PENDUAL,HELL SCAPER -Last Escape Remix-,0,,-,698,600W1M,秋田県,1624,DEF,秋田県,2747,EOTOKO,秋田県,0,,-
PENDUAL,Hello Happiness,0,,-,539,OTTERR,秋田県,1494,RETRY,秋田県,2245,EULECA,秋田県,0,,-
PENDUAL,illuminate,0,,-,610,HIRO77,秋田県,1337,SATC,秋田県,2254,EOTOKO,秋田県,0,,-
PENDUAL,IMPLANTATION,0,,-,598,YUT0,秋田県,1675,7NEKO,秋田県,2199,EULECA,秋田県,0,,-
PENDUAL,In The Breeze,0,,-,378,EG,秋田県,1044,YUT0,秋田県,1676,EOTOKO,秋田県,0,,-
PENDUAL,Invitation from Mr.C,0,,-,1163,K.AI,秋田県,1419,RETRY,秋田県,2652,EULECA,秋田県,0,,-
PENDUAL,IXION,0,,-,965,NAO,秋田県,1470,SATC,秋田県,2130,EULECA,秋田県,0,,-
PENDUAL,Line 4 Ruin,0,,-,710,EULECA,秋田県,1794,Y-I.,秋田県,2731,Y-I.,秋田県,0,,-
PENDUAL,Monopole.,0,,-,0,,-,1541,NOIN,秋田県,3224,EULECA,秋田県,0,,-
PENDUAL,NEO GENERATOR SEVEN,0,,-,873,S-I-N,秋田県,1725,S-I-N,秋田県,3262,EULECA,秋田県,0,,-
PENDUAL,Night sky,0,,-,1053,NAO,秋田県,1879,Y-I.,秋田県,2837,EULECA,秋田県,0,,-
PENDUAL,No Tears,0,,-,1044,NAO,秋田県,1930,OKE,秋田県,2482,MXX,秋田県,0,,-
PENDUAL,PENDUAL TALISMAN,0,,-,1015,HGRKTR,秋田県,1575,DEF,秋田県,2519,EOTOKO,秋田県,0,,-
PENDUAL,Rave*it!! Rave*it!!,0,,-,997,K.AI,秋田県,1624,DEF,秋田県,3144,MXX,秋田県,0,,-
PENDUAL,Realize Maze,0,,-,1124,KULEA,秋田県,1807,SRM,秋田県,2862,MXX,秋田県,0,,-
PENDUAL,Reflux,0,,-,694,JOBMAN,秋田県,1537,K.AI,秋田県,2899,EULECA,秋田県,0,,-
PENDUAL,Sakura Mirage,0,,-,921,AK,秋田県,1203,RETRY,秋田県,2267,MXX,秋田県,0,,-
PENDUAL,SAMSARA,0,,-,757,JOBMAN,秋田県,1350,HIRO77,秋田県,2001,OSANPO,秋田県,0,,-
PENDUAL,Say YEEEAHH,0,,-,0,,-,1661,RETRY,秋田県,3204,MXX,秋田県,0,,-
PENDUAL,Scarlet Moon,0,,-,1001,KULEA,秋田県,1665,YURA,秋田県,2680,NU-,秋田県,0,,-
PENDUAL,Scars of FAUNA,0,,-,699,S-YM,秋田県,1499,HIRO77,秋田県,2857,EULECA,秋田県,0,,-
PENDUAL,Shooting Fireball,0,,-,853,H.T,秋田県,2155,87MARU,秋田県,3845,EULECA,秋田県,0,,-
PENDUAL,Sounds Of Summer,0,,-,1105,NAO,秋田県,2079,KOB.SS,秋田県,2956,EULECA,秋田県,0,,-
PENDUAL,SpaceLand☆TOYBOX,0,,-,935,IIDX32,秋田県,1653,87MARU,秋田県,2896,EULECA,秋田県,0,,-
PENDUAL,Sweet Radar,0,,-,614,JOBMAN,秋田県,1322,DEF,秋田県,1992,H4RN..,秋田県,0,,-
PENDUAL,Symmetry,0,,-,1082,KKR,秋田県,1998,OKE,秋田県,3221,EULECA,秋田県,0,,-
PENDUAL,TA・DA ☆ YO・SHI,0,,-,999,NAO,秋田県,1252,D-MOND,秋田県,2240,EOTOKO,秋田県,0,,-
PENDUAL,The Least 100sec,0,,-,693,NAO,秋田県,1224,JOVAN,秋田県,2803,EULECA,秋田県,0,,-
PENDUAL,TIEFSEE,0,,-,1158,NAO,秋田県,1796,RETRY,秋田県,3435,EULECA,秋田県,0,,-
PENDUAL,TOXIC VIBRATION,0,,-,1508,SATC,秋田県,2298,Q-SILV,秋田県,3690,EULECA,秋田県,0,,-
PENDUAL,Vulkan,0,,-,502,J.B.,秋田県,1853,YUT0,秋田県,2966,HATO,秋田県,0,,-
PENDUAL,We're so Happy (P*Light Remix) IIDX ver.,0,,-,778,K2,秋田県,1984,HIRO77,秋田県,3629,MXX,秋田県,0,,-
PENDUAL,ZZ,181,S-YM,秋田県,1242,*RIJU*,秋田県,1978,PAN,秋田県,3000,EULECA,秋田県,0,,-
PENDUAL,それは花火のような恋,471,OKGO,秋田県,1078,H.T,秋田県,2394,87MARU,秋田県,3848,EULECA,秋田県,0,,-
PENDUAL,とろぴかる倶楽部,0,,-,705,NAO,秋田県,1295,RETRY,秋田県,2244,HATO,秋田県,0,,-
PENDUAL,ぷろぐれっしぶ時空少女！うらしまたろ子ちゃん！,0,,-,0,,-,1274,NS-ND,秋田県,2467,MIYU*,秋田県,0,,-
PENDUAL,もっと！モット！ときめき feat. 松下,0,,-,1270,YUT0,秋田県,1843,RETRY,秋田県,2615,MXX,秋田県,0,,-
PENDUAL,ドッキン☆サマーあばんちゅーる,0,,-,463,TENE,秋田県,1723,K.AI,秋田県,2711,EOTOKO,秋田県,0,,-
PENDUAL,パ→ピ→プ→Yeah!,347,SESAMI,秋田県,973,KULEA,秋田県,1452,RETRY,秋田県,2515,EULECA,秋田県,0,,-
PENDUAL,ベィスドロップ・フリークス,0,,-,621,A*RISK,秋田県,1106,REI..,秋田県,2185,EULECA,秋田県,2238,HATO,秋田県
PENDUAL,リリーゼと炎龍レーヴァテイン,0,,-,893,IIDX33,秋田県,2242,HATO,秋田県,3449,EULECA,秋田県,0,,-
PENDUAL,共鳴遊戯の華,0,,-,1243,YUT0,秋田県,2351,HATO,秋田県,3765,EULECA,秋田県,0,,-
PENDUAL,十六夜セツナ,0,,-,795,K2,秋田県,1588,DEF,秋田県,2158,EOTOKO,秋田県,0,,-
PENDUAL,千年ノ理,0,,-,1145,SHUN-X,秋田県,1869,87MARU,秋田県,3150,EULECA,秋田県,4164,EULECA,秋田県
PENDUAL,取り残された美術(Arranged:HiZuMi),196,SAM,秋田県,931,AU-MIN,秋田県,1644,DEF,秋田県,2176,NU-,秋田県,0,,-
PENDUAL,夏色DIARY - L.E.D.-G STYLE MIX -,0,,-,876,NAO,秋田県,1733,KOB.SS,秋田県,3038,EULECA,秋田県,0,,-
PENDUAL,妖隠し -あやかしかくし-,0,,-,528,SYANA,秋田県,1469,RETRY,秋田県,2156,EULECA,秋田県,0,,-
PENDUAL,少年は空を辿る,0,,-,1113,IIDX32,秋田県,1961,NU,秋田県,3210,EULECA,秋田県,0,,-
PENDUAL,恋は白帯、サンシロー,0,,-,692,NAO,秋田県,1229,*RIJU*,秋田県,1978,MXX,秋田県,2728,EULECA,秋田県
PENDUAL,打打打打打打打打打打,187,IIDX33,秋田県,754,NAO,秋田県,1288,DEF,秋田県,2568,NU-,秋田県,0,,-
PENDUAL,時空トラベローグ,0,,-,998,KKR,秋田県,1698,OSANPO,秋田県,2580,MXX,秋田県,0,,-
PENDUAL,白露の風,0,,-,0,,-,1106,AK,秋田県,2013,EULECA,秋田県,0,,-
PENDUAL,紅牡丹,467,KKR,秋田県,936,ISHIDA,秋田県,1709,DEF,秋田県,2813,EULECA,秋田県,0,,-
PENDUAL,表裏一体！？怪盗いいんちょの悩み,0,,-,1142,K.AI,秋田県,2048,KOB.SS,秋田県,3518,EULECA,秋田県,4189,EULECA,秋田県
PENDUAL,超青少年ノ為ノ超多幸ナ超古典的超舞曲,0,,-,1007,AU-MIN,秋田県,1972,HATO,秋田県,2641,EULECA,秋田県,4006,EULECA,秋田県
PENDUAL,鬼天,0,,-,902,AK,秋田県,1591,OKE,秋田県,2391,MXX,秋田県,0,,-
PENDUAL,Ｘ↑Ｘ↓,0,,-,644,H45TE,秋田県,1554,HIRO77,秋田県,2837,EULECA,秋田県,0,,-
copula,199024club -Re:BounceKiller-,0,,-,607,YUT0,秋田県,1596,KOB.SS,秋田県,2237,HATO,秋田県,0,,-
copula,Acid Pumper,0,,-,303,WHYCAT,秋田県,1507,OKE,秋田県,2432,EULECA,秋田県,0,,-
copula,Angelic Jelly,0,,-,1061,NAO,秋田県,1931,RETRY,秋田県,2673,MXX,秋田県,0,,-
copula,AO-1,0,,-,1187,TORU.K,秋田県,1770,RETRY,秋田県,2720,EULECA,秋田県,0,,-
copula,Arcana,0,,-,1156,KOB.SS,秋田県,1564,YUT0,秋田県,2223,MXX,秋田県,0,,-
copula,Aublia,0,,-,835,KULEA,秋田県,1331,HIRO77,秋田県,2415,EOTOKO,秋田県,0,,-
copula,Battle Train -IIDX Edition-,0,,-,421,GZYANP,秋田県,2334,S-I-N,秋田県,3135,MXX,秋田県,0,,-
copula,Blue Spring Express,0,,-,822,MARCU$,秋田県,2020,HATO,秋田県,3231,EULECA,秋田県,0,,-
copula,Central Station,0,,-,927,KULEA,秋田県,1554,HATO,秋田県,2332,EOTOKO,秋田県,0,,-
copula,chaos eater -IIDX edition-,0,,-,1098,NAO,秋田県,1645,Q-SILV,秋田県,2571,EULECA,秋田県,0,,-
copula,CODE:1 [revision1.0.1],0,,-,912,NAO,秋田県,1518,SRM,秋田県,3034,EULECA,秋田県,0,,-
copula,Daily Lunch Special,0,,-,940,JOBMAN,秋田県,1951,TORU.K,秋田県,2940,EULECA,秋田県,0,,-
copula,Damage Per Second,0,,-,831,J-15,秋田県,1345,KOB.SS,秋田県,1987,EULECA,秋田県,2239,MXX,秋田県
copula,Derelict Star feat. Ryu*,0,,-,1001,OTTERR,秋田県,1752,RETRY,秋田県,2528,MIYU*,秋田県,0,,-
copula,Devil's Gear,0,,-,949,NAO,秋田県,2169,Y-I.,秋田県,3367,EULECA,秋田県,0,,-
copula,DIAMOND CROSSING,0,,-,951,YUT0,秋田県,1697,OKE,秋田県,3005,EULECA,秋田県,0,,-
copula,do the thing feat. Kanae Asaba,0,,-,586,NAO,秋田県,1388,DEF,秋田県,2210,EOTOKO,秋田県,0,,-
copula,Donkey Donk,0,,-,858,H.T,秋田県,1592,K.AI,秋田県,2240,EULECA,秋田県,0,,-
copula,Dynamite,534,YUT0,秋田県,1161,YUT0,秋田県,2300,FUMI,秋田県,3664,EULECA,秋田県,0,,-
copula,Everlasting Last,0,,-,545,YAYUYO,秋田県,1452,RETRY,秋田県,2195,Y-I.,秋田県,0,,-
copula,Exchange Place,0,,-,0,,-,1151,*RIJU*,秋田県,1706,MIYU*,秋田県,0,,-
copula,GENERATE feat.綾倉盟,0,,-,0,,-,1665,DEF,秋田県,2321,Y-I.,秋田県,0,,-
copula,Go Faraway,0,,-,0,,-,1338,RETRY,秋田県,2389,EOTOKO,秋田県,0,,-
copula,GOBBLE,0,,-,233,TENE,秋田県,659,87MARU,秋田県,1658,EULECA,秋田県,0,,-
copula,Godspeed,0,,-,1008,RENA,秋田県,1908,Y-I.,秋田県,3095,EULECA,秋田県,0,,-
copula,Grand Chariot,0,,-,1096,*RIJU*,秋田県,1842,USA9!3,秋田県,3385,EULECA,秋田県,0,,-
copula,Highcharge Divolt,0,,-,893,K.AI,秋田県,1636,USA9!3,秋田県,2758,EULECA,秋田県,0,,-
copula,Inner Spirit,0,,-,795,JOBMAN,秋田県,1526,RETRY,秋田県,2681,EOTOKO,秋田県,0,,-
copula,Journey,0,,-,645,KULEA,秋田県,1095,KKR,秋田県,1841,HATO,秋田県,3065,MXX,秋田県
copula,Konzert V,0,,-,1206,TORU.K,秋田県,2146,KOB.SS,秋田県,3286,EULECA,秋田県,0,,-
copula,La dolce primavera,0,,-,0,,-,1256,YUT0,秋田県,2102,EOTOKO,秋田県,0,,-
copula,M4K3 1T B0UNC3,0,,-,1371,K.AI,秋田県,2101,Y-I.,秋田県,2984,EULECA,秋田県,0,,-
copula,Musik LoverZ,0,,-,1000,NAO,秋田県,1367,K.AI,秋田県,2392,KT194,秋田県,0,,-
copula,NANAIRO,0,,-,789,H.T,秋田県,1625,RETRY,秋田県,2474,NERGAL,秋田県,0,,-
copula,Nightmare before oversleep,0,,-,1123,YUT0,秋田県,1727,KOB.SS,秋田県,2917,EULECA,秋田県,0,,-
copula,NINJA IS DEAD IIDX ver.,0,,-,1103,DJ-JAG,秋田県,1674,RETRY,秋田県,2952,EULECA,秋田県,0,,-
copula,NO LIMIT -オレ達に限界は無い-,0,,-,622,UDON,秋田県,917,CHNO,秋田県,2209,NU-,秋田県,0,,-
copula,Nowhere,0,,-,771,NAO,秋田県,1428,HATO,秋田県,2094,Y-I.,秋田県,0,,-
copula,NZM,0,,-,970,NAO,秋田県,1444,YUT0,秋田県,3377,EULECA,秋田県,0,,-
copula,On the FM,0,,-,988,NAO,秋田県,1375,SATC,秋田県,2658,EOTOKO,秋田県,0,,-
copula,Outbreak,0,,-,1240,SRM,秋田県,1778,HIRO77,秋田県,2918,EOTOKO,秋田県,0,,-
copula,POSSESSION,503,KKR,秋田県,1334,KOB.SS,秋田県,1998,TATAMI,秋田県,2896,Y-I.,秋田県,0,,-
copula,quick master (reform version),0,,-,150,SHUN-X,秋田県,327,KKR,秋田県,511,H4RN..,秋田県,0,,-
copula,refrain,0,,-,1110,KULEA,秋田県,2246,87MARU,秋田県,3540,EULECA,秋田県,0,,-
copula,Rock It,0,,-,1066,NAO,秋田県,1625,KOB.SS,秋田県,2853,MXX,秋田県,0,,-
copula,Routing,0,,-,811,NAO,秋田県,1386,RETRY,秋田県,2399,EULECA,秋田県,0,,-
copula,Sephirot,0,,-,951,K.AI,秋田県,1613,K.AI,秋田県,2303,MXX,秋田県,0,,-
copula,Set U Free feat. Kanae Asaba,0,,-,853,KKR,秋田県,1359,HIRO77,秋田県,2416,EOTOKO,秋田県,0,,-
copula,SHELTER OF THE MIND,0,,-,1418,K.AI,秋田県,1969,Y-I.,秋田県,2992,EULECA,秋田県,0,,-
copula,STARLiGHT,0,,-,905,NAO,秋田県,1682,YUT0,秋田県,2638,HATO,秋田県,0,,-
copula,STARLIGHT DANCEHALL,0,,-,1267,K.AI,秋田県,1635,RETRY,秋田県,2579,MXX,秋田県,3253,MXX,秋田県
copula,StrayedCatz,0,,-,940,NAO,秋田県,1745,KOB.SS,秋田県,2728,EULECA,秋田県,0,,-
copula,Super Duper Racers,0,,-,876,NAO,秋田県,1560,K.AI,秋田県,2313,EULECA,秋田県,3622,EULECA,秋田県
copula,SURVIVOR,0,,-,548,600W1M,秋田県,1271,K.AI,秋田県,2005,HATO,秋田県,0,,-
copula,Tori-no-kimochi,0,,-,243,SHUN-X,秋田県,1097,RETRY,秋田県,1925,EULECA,秋田県,0,,-
copula,Triple Counter,0,,-,1257,SATC,秋田県,2118,OKE,秋田県,3864,EULECA,秋田県,0,,-
copula,Uh-Oh,0,,-,1055,NAO,秋田県,1360,MIXX,秋田県,2336,EOTOKO,秋田県,0,,-
copula,Violet Pulse,0,,-,410,KULEA,秋田県,1513,*RIJU*,秋田県,2344,7NEKO,秋田県,3986,EULECA,秋田県
copula,Violet Rose,0,,-,1214,AU-MIN,秋田県,1825,OKE,秋田県,2479,EOTOKO,秋田県,0,,-
copula,Welcome,0,,-,826,NAO,秋田県,1653,873AN7,秋田県,2537,HATO,秋田県,3246,EULECA,秋田県
copula,X,0,,-,1505,YUT0,秋田県,2314,87MARU,秋田県,3806,EULECA,秋田県,0,,-
copula,ZEPHYRANTHES,0,,-,836,NAO,秋田県,1690,RETRY,秋田県,2895,EULECA,秋田県,3808,EULECA,秋田県
copula,か・し・ま・し☆PUMP UP！,0,,-,1050,NAO,秋田県,1848,HATO,秋田県,2724,MXX,秋田県,0,,-
copula,めいさいアイドル☆あいむちゃん♪,0,,-,1040,CR34N.,秋田県,2111,S-I-N,秋田県,3299,EULECA,秋田県,0,,-
copula,オルタネイトβ,0,,-,549,MARIN,秋田県,1384,Y-I.,秋田県,2238,EULECA,秋田県,0,,-
copula,ギョギョっと人魚 爆婚ブライダル,0,,-,747,JOBMAN,秋田県,1336,TORU.K,秋田県,2317,EOTOKO,秋田県,0,,-
copula,シュッパツシンコウ・シサカンコ,0,,-,1131,K.AI,秋田県,1678,HIRO77,秋田県,2400,EULECA,秋田県,0,,-
copula,セロトニン,0,,-,912,CHNO,秋田県,1754,OKE,秋田県,2248,MXX,秋田県,0,,-
copula,少女アリスと箱庭幻想コンチェルト,0,,-,504,CHNO,秋田県,1398,HIRO77,秋田県,2109,MXX,秋田県,0,,-
copula,明鏡止水,0,,-,399,IIDX33,秋田県,1481,JOVAN,秋田県,2720,EULECA,秋田県,0,,-
copula,星屑ディスタンシア,0,,-,494,KILROY,秋田県,327,IIDX33,秋田県,2063,EULECA,秋田県,0,,-
copula,朝焼けから始まるボクらの小さな旅,0,,-,0,,-,1470,HIRO77,秋田県,2396,MXX,秋田県,0,,-
copula,灼熱 Pt.2 Long Train Running,583,KKR,秋田県,1269,TORU.K,秋田県,2099,HATO,秋田県,2936,ECTHEL,秋田県,0,,-
copula,真 地獄超特急 -HELL or HELL-,0,,-,1299,SATC,秋田県,2076,KOB.SS,秋田県,3048,MXX,秋田県,0,,-
copula,紫陽花 -AZISAI-,412,YUT0,秋田県,1100,NAO,秋田県,1962,87MARU,秋田県,2776,EULECA,秋田県,3266,MXX,秋田県
copula,追想快晴テーマパーク,0,,-,1124,NAO,秋田県,2073,MIYU*,秋田県,3012,MXX,秋田県,0,,-
copula,量子の海のリントヴルム,0,,-,922,K.AI,秋田県,1540,IIDX32,秋田県,2885,EULECA,秋田県,0,,-
copula,駅猫のワルツ,0,,-,1021,AK,秋田県,1928,7NEKO,秋田県,2677,EULECA,秋田県,0,,-
copula,麗 ～うらら～,252,YUT0,秋田県,676,MAMURU,秋田県,1716,DEF,秋田県,2577,MIYU*,秋田県,0,,-
SINOBUZ,¡Viva!,0,,-,0,,-,1439,YUT0,秋田県,1996,HATO,秋田県,0,,-
SINOBUZ,#MAGiCVLGiRL_TRVP_B3VTZ,0,,-,976,ISHIDA,秋田県,1871,HIRO77,秋田県,3368,EULECA,秋田県,0,,-
SINOBUZ,(This Is Not) The Angels,0,,-,511,NAO,秋田県,1322,YUT0,秋田県,2647,MXX,秋田県,0,,-
SINOBUZ,Amazing Mirage,358,KKR,秋田県,745,S-YM,秋田県,1690,87MARU,秋田県,2528,MXX,秋田県,3188,EULECA,秋田県
SINOBUZ,AO-∞,0,,-,1174,K.AI,秋田県,1598,YUT0,秋田県,2668,EULECA,秋田県,0,,-
SINOBUZ,Apocalypse,0,,-,995,JOBMAN,秋田県,1896,JOVAN,秋田県,3538,EULECA,秋田県,0,,-
SINOBUZ,Around The Galaxy,0,,-,1027,NAO,秋田県,2006,KOB.SS,秋田県,3249,ECTHEL,秋田県,0,,-
SINOBUZ,AsiaN distractive,0,,-,1120,YUT0,秋田県,1680,S-I-N,秋田県,2452,MIYU*,秋田県,0,,-
SINOBUZ,BabeL ～Grand Story～,0,,-,727,CHNO,秋田県,1929,KOB.SS,秋田県,2741,EULECA,秋田県,0,,-
SINOBUZ,Be A Star,0,,-,864,HOLO-,秋田県,1675,YUT0,秋田県,2768,EULECA,秋田県,0,,-
SINOBUZ,Beat Juggling Mix,0,,-,829,AK,秋田県,1472,OKE,秋田県,2033,HATO,秋田県,0,,-
SINOBUZ,Believe in you,0,,-,1096,NAO,秋田県,1751,RETRY,秋田県,2412,MXX,秋田県,0,,-
SINOBUZ,Beyond The Seven,0,,-,678,KULEA,秋田県,1225,HIRO77,秋田県,2659,EULECA,秋田県,0,,-
SINOBUZ,BREAK OVER,0,,-,516,GZYANP,秋田県,1383,RETRY,秋田県,2262,EOTOKO,秋田県,0,,-
SINOBUZ,Breakin' Chain,0,,-,499,ZERA,秋田県,1255,YUT0,秋田県,2268,EULECA,秋田県,0,,-
SINOBUZ,BroGamer,0,,-,1327,KOB.SS,秋田県,2015,DEF,秋田県,2990,Y-I.,秋田県,4423,MXX,秋田県
SINOBUZ,Caterpillar,0,,-,1137,KKR,秋田県,2106,K.AI,秋田県,2892,EULECA,秋田県,0,,-
SINOBUZ,crew,0,,-,574,KULEA,秋田県,1716,OSANPO,秋田県,2868,EULECA,秋田県,0,,-
SINOBUZ,Cyber True Color,0,,-,891,NAO,秋田県,1469,YUT0,秋田県,2245,HATO,秋田県,0,,-
SINOBUZ,DORNWALD ～Junge～,0,,-,1147,NAO,秋田県,2129,OKE,秋田県,3584,EULECA,秋田県,0,,-
SINOBUZ,ECHIDNA,0,,-,939,ARUDE,秋田県,2000,LVFX,秋田県,3290,EULECA,秋田県,0,,-
SINOBUZ,Egret and Willow,0,,-,934,NAO,秋田県,1548,HGRKTR,秋田県,2694,EULECA,秋田県,0,,-
SINOBUZ,elemental bender feat. Kanae Asaba,0,,-,597,KULEA,秋田県,956,D-MOND,秋田県,1586,Y-I.,秋田県,0,,-
SINOBUZ,FUZIN RIZIN,0,,-,1091,KULEA,秋田県,1836,RETRY,秋田県,3771,EULECA,秋田県,0,,-
SINOBUZ,Go Ahead!!,0,,-,930,YUT0,秋田県,1456,7NEKO,秋田県,2589,EULECA,秋田県,0,,-
SINOBUZ,GuNGNiR,0,,-,1265,YUT0,秋田県,2659,EULECA,秋田県,3852,EULECA,秋田県,4346,EULECA,秋田県
SINOBUZ,HADES,393,K.AI,秋田県,921,NAO,秋田県,1749,PAN,秋田県,2934,MIYU*,秋田県,0,,-
SINOBUZ,HAPPY★RUSH,0,,-,748,NAO,秋田県,1711,PAN,秋田県,2832,MXX,秋田県,0,,-
SINOBUZ,Honey Trap,0,,-,0,,-,1552,K.AI,秋田県,2464,EULECA,秋田県,0,,-
SINOBUZ,INVISIBLE STRIX,0,,-,1020,AK,秋田県,1864,KOB.SS,秋田県,2536,MXX,秋田県,0,,-
SINOBUZ,Lost wing at.0,0,,-,888,NAO,秋田県,1396,K.AI,秋田県,2331,MXX,秋田県,0,,-
SINOBUZ,Macuilxochitl,499,KKR,秋田県,1295,SATC,秋田県,2171,OSANPO,秋田県,3233,EULECA,秋田県,0,,-
SINOBUZ,Magical,0,,-,767,NAO,秋田県,883,ISHIDA,秋田県,1988,EULECA,秋田県,0,,-
SINOBUZ,Mare Nectaris,0,,-,1323,YUT0,秋田県,2017,7NEKO,秋田県,3600,EULECA,秋田県,0,,-
SINOBUZ,Modular Technology,0,,-,1042,JOBMAN,秋田県,1605,RETRY,秋田県,2546,MXX,秋田県,0,,-
SINOBUZ,Music is The Answer,0,,-,709,NAO,秋田県,1235,RETRY,秋田県,1852,EOTOKO,秋田県,0,,-
SINOBUZ,nostos,0,,-,439,TENE,秋田県,1263,DEF,秋田県,2446,EOTOKO,秋田県,0,,-
SINOBUZ,OOO,0,,-,660,KULEA,秋田県,1419,*RIJU*,秋田県,2042,Y-I.,秋田県,2608,Y-I.,秋田県
SINOBUZ,OTENAMI Hurricane,0,,-,1017,JOBMAN,秋田県,1919,KOB.SS,秋田県,3028,EULECA,秋田県,0,,-
SINOBUZ,PAPAYAPA BASS,0,,-,0,,-,1428,HIRO77,秋田県,2716,MXX,秋田県,0,,-
SINOBUZ,Piano Samurai,0,,-,608,SAKIYO,秋田県,1520,RETRY,秋田県,2430,EOTOKO,秋田県,0,,-
SINOBUZ,Quakes,0,,-,657,MST,秋田県,2018,HATO,秋田県,3111,EULECA,秋田県,0,,-
SINOBUZ,RAIN,0,,-,1116,MA02RI,秋田県,1563,RETRY,秋田県,3226,EULECA,秋田県,0,,-
SINOBUZ,Rave Cannon,0,,-,826,DXY!,秋田県,1673,RETRY,秋田県,3248,EULECA,秋田県,0,,-
SINOBUZ,Remedy feat. Kanae Asaba,0,,-,849,NAO,秋田県,1481,HIRO77,秋田県,2131,NU-,秋田県,0,,-
SINOBUZ,ROTTERDAM SHOGUN,546,K.AI,秋田県,1028,NAO,秋田県,1707,RETRY,秋田県,2538,HATO,秋田県,0,,-
SINOBUZ,SAMURAI-Scramble,0,,-,879,YUT0,秋田県,1674,KOB.SS,秋田県,2328,HATO,秋田県,2480,ECTHEL,秋田県
SINOBUZ,Sarutobi Champion is 拙者,0,,-,0,,-,1418,DEF,秋田県,2125,MXX,秋田県,0,,-
SINOBUZ,SAY BAY,0,,-,779,NAO,秋田県,1452,DEF,秋田県,2721,MXX,秋田県,0,,-
SINOBUZ,Seaside Labyrinth,0,,-,372,SAKEN,秋田県,1107,SATC,秋田県,1832,MXX,秋田県,0,,-
SINOBUZ,Selfish Sweet,0,,-,370,TENE,秋田県,939,DEF,秋田県,1665,DEF,秋田県,2517,Y-I.,秋田県
SINOBUZ,SEQUENCE CAT,0,,-,1028,RETRY,秋田県,2085,KOB.SS,秋田県,2768,EOTOKO,秋田県,0,,-
SINOBUZ,shuriken,0,,-,752,KULEA,秋田県,1047,DJ-JAG,秋田県,2369,OSANPO,秋田県,0,,-
SINOBUZ,SINOBUZ Fantasy,0,,-,990,AK,秋田県,1513,RETRY,秋田県,2366,H4RN..,秋田県,0,,-
SINOBUZ,Sky High,441,K.AI,秋田県,1169,K.AI,秋田県,2014,RENA,秋田県,3743,EULECA,秋田県,0,,-
SINOBUZ,Snakey Kung-fu,0,,-,1069,TORU.K,秋田県,2031,KOB.SS,秋田県,3357,MXX,秋田県,0,,-
SINOBUZ,Steel Edge,0,,-,636,H45TE,秋田県,1446,K.AI,秋田県,3126,MXX,秋田県,0,,-
SINOBUZ,Summerlights(IIDX Edition),0,,-,1049,NAO,秋田県,1673,HIRO77,秋田県,3071,EULECA,秋田県,0,,-
SINOBUZ,Super Rush,0,,-,959,NAO,秋田県,1797,DEF,秋田県,3500,EULECA,秋田県,0,,-
SINOBUZ,Surf on the Light,0,,-,689,HOLO-,秋田県,1379,RETRY,秋田県,2223,DMOMOI,秋田県,0,,-
SINOBUZ,The Commanders,0,,-,940,KOB.SS,秋田県,1378,HIRO77,秋田県,2394,NU-,秋田県,0,,-
SINOBUZ,TOGAKUSHI,0,,-,952,RETRY,秋田県,1767,87MARU,秋田県,2546,EULECA,秋田県,0,,-
SINOBUZ,Umbral,0,,-,569,NAO,秋田県,867,ARUDE,秋田県,1876,7NEKO,秋田県,3038,EULECA,秋田県
SINOBUZ,Venom,0,,-,1126,NAO,秋田県,1945,AU-MIN,秋田県,3148,EULECA,秋田県,0,,-
SINOBUZ,Vermilion,0,,-,806,NAO,秋田県,1172,JOVAN,秋田県,1976,EULECA,秋田県,0,,-
SINOBUZ,Warrior,0,,-,1023,K.AI,秋田県,1663,RETRY,秋田県,2397,OSANPO,秋田県,0,,-
SINOBUZ,XINOBIKILL,0,,-,650,SIEC5,秋田県,1667,87MARU,秋田県,2813,EULECA,秋田県,0,,-
SINOBUZ,yamabiko (SINOBUZ Edition),0,,-,876,NAO,秋田県,1461,HIRO77,秋田県,2571,MXX,秋田県,0,,-
SINOBUZ,Yellow Sketch(RX-Ver.S.P.L.),0,,-,0,,-,1679,NU,秋田県,2853,EULECA,秋田県,0,,-
SINOBUZ,〆,0,,-,1059,NAO,秋田県,2109,TUBA96,秋田県,3600,EULECA,秋田県,0,,-
SINOBUZ,ちらちら・はらはら,0,,-,380,KULEA,秋田県,898,RETRY,秋田県,1415,HATO,秋田県,0,,-
SINOBUZ,イザナミノナゲキ,0,,-,0,,-,1749,NOIN,秋田県,3224,EULECA,秋田県,0,,-
SINOBUZ,ディッシュウォッシャー◎彡おいわちゃん,0,,-,0,,-,1294,HOLO-,秋田県,2420,EULECA,秋田県,0,,-
SINOBUZ,九尾狐夜行,0,,-,850,K.AI,秋田県,1565,RETRY,秋田県,2905,MXX,秋田県,0,,-
SINOBUZ,冬椿 ft. Kanae Asaba,245,YUT0,秋田県,908,NAO,秋田県,1216,TORU.K,秋田県,2242,EULECA,秋田県,2981,EULECA,秋田県
SINOBUZ,刃図羅,0,,-,1039,CONE..,秋田県,1964,87MARU,秋田県,3352,EULECA,秋田県,0,,-
SINOBUZ,忍恋花,0,,-,534,AFTER,秋田県,1536,TUBA96,秋田県,2216,EULECA,秋田県,0,,-
SINOBUZ,恋はどう？モロ◎波動OK☆方程式!!,0,,-,1022,K.AI,秋田県,1444,RETRY,秋田県,2420,HATO,秋田県,0,,-
SINOBUZ,月雪に舞う華のように,0,,-,0,,-,1168,SATC,秋田県,2049,HATO,秋田県,0,,-
SINOBUZ,次葉 -turn the page-,0,,-,635,600W1M,秋田県,1362,HIRO77,秋田県,1960,EULECA,秋田県,0,,-
SINOBUZ,津軽雪,0,,-,1242,D-MOND,秋田県,2214,Y-I.,秋田県,3749,EULECA,秋田県,0,,-
SINOBUZ,火影,0,,-,671,HGRKTR,秋田県,1351,KOB.SS,秋田県,2590,HATO,秋田県,0,,-
SINOBUZ,焔極OVERKILL,0,,-,946,H.T,秋田県,2027,KAKI,秋田県,3445,EULECA,秋田県,0,,-
SINOBUZ,獅子霞麗ノ舞,0,,-,0,,-,960,JOBMAN,秋田県,1715,MXX,秋田県,0,,-
SINOBUZ,禍根,0,,-,816,K.AI,秋田県,1329,MIYU*,秋田県,2517,EULECA,秋田県,0,,-
SINOBUZ,童話回廊,0,,-,0,,-,1439,RETRY,秋田県,3054,EULECA,秋田県,0,,-
SINOBUZ,鴉,0,,-,1385,SATC,秋田県,2161,GORO2,秋田県,2644,EULECA,秋田県,0,,-
CANNON BALLERS,1001 -ESCAPE-,0,,-,1027,K.AI,秋田県,1548,RETRY,秋田県,2552,EOTOKO,秋田県,0,,-
CANNON BALLERS,255,0,,-,797,INTECH,秋田県,1490,OKE,秋田県,3153,EULECA,秋田県,0,,-
CANNON BALLERS,AA -rebuild-,0,,-,1147,SATC,秋田県,2262,NU,秋田県,3557,EULECA,秋田県,0,,-
CANNON BALLERS,Abraxas,0,,-,732,KKR,秋田県,1478,HIRO77,秋田県,2351,EULECA,秋田県,0,,-
CANNON BALLERS,ACCELERATE,0,,-,1092,KKR,秋田県,1321,D-MOND,秋田県,2487,EULECA,秋田県,0,,-
CANNON BALLERS,Alpheratz,0,,-,435,K.AI,秋田県,979,*RIJU*,秋田県,2059,EULECA,秋田県,2839,EULECA,秋田県
CANNON BALLERS,Amor De Verao,0,,-,0,,-,1298,RETRY,秋田県,2283,HATO,秋田県,0,,-
CANNON BALLERS,ANAGMA,0,,-,945,KULEA,秋田県,1558,YUT0,秋田県,2501,EOTOKO,秋田県,0,,-
CANNON BALLERS,ANCHOR,0,,-,1271,YUT0,秋田県,2472,Y-I.,秋田県,3533,EULECA,秋田県,0,,-
CANNON BALLERS,Antigravity,0,,-,935,NAO,秋田県,1854,OSANPO,秋田県,2989,EULECA,秋田県,0,,-
CANNON BALLERS,Arca,0,,-,780,ZERA,秋田県,1673,RETRY,秋田県,3102,EULECA,秋田県,0,,-
CANNON BALLERS,Around the Future,0,,-,1093,K.AI,秋田県,1444,RETRY,秋田県,2471,EOTOKO,秋田県,0,,-
CANNON BALLERS,Back Spin Sweeper,0,,-,725,NAO,秋田県,1399,HATO,秋田県,2168,MIYU*,秋田県,0,,-
CANNON BALLERS,Battleground,0,,-,1099,NAO,秋田県,1741,87MARU,秋田県,2612,MXX,秋田県,0,,-
CANNON BALLERS,Be a Hero!,0,,-,431,ADHD,秋田県,1533,J-15,秋田県,3021,EULECA,秋田県,0,,-
CANNON BALLERS,Best of Me,0,,-,753,KKR,秋田県,1479,*RIJU*,秋田県,2161,EULECA,秋田県,0,,-
CANNON BALLERS,Boomy and The Boost,410,YUT0,秋田県,860,H.T,秋田県,1941,87MARU,秋田県,3438,MXX,秋田県,0,,-
CANNON BALLERS,Break Stasis,0,,-,1198,NAO,秋田県,1683,YUT0,秋田県,2489,EULECA,秋田県,0,,-
CANNON BALLERS,ChaserXX,0,,-,939,NAO,秋田県,1772,DEF,秋田県,2750,EULECA,秋田県,3668,EULECA,秋田県
CANNON BALLERS,Chemical Cookie,0,,-,738,JOBMAN,秋田県,1292,HIRO77,秋田県,2064,EULECA,秋田県,0,,-
CANNON BALLERS,City Never Sleeps (IIDX Edition),0,,-,1010,K2,秋田県,1656,EM.,秋田県,2627,MXX,秋田県,0,,-
CANNON BALLERS,COSMIC☆WONDER☆REVOLUTION,0,,-,733,NAO,秋田県,1314,JOVAN,秋田県,2070,EULECA,秋田県,0,,-
CANNON BALLERS,DEADHEAT,0,,-,1073,NAO,秋田県,1915,AU-MIN,秋田県,3284,EULECA,秋田県,0,,-
CANNON BALLERS,DEATH†ZIGOQ ～怒りの高速爆走野郎～,0,,-,1337,*RIJU*,秋田県,2132,KOB.SS,秋田県,3858,EULECA,秋田県,4471,EULECA,秋田県
CANNON BALLERS,DropZ-Line-,0,,-,1217,RETRY,秋田県,1770,KOB.SS,秋田県,3076,EULECA,秋田県,0,,-
CANNON BALLERS,Eine Haube ～聖地の果てにあるもの～,0,,-,962,AU-MIN,秋田県,1178,NS-ND,秋田県,2545,EULECA,秋田県,0,,-
CANNON BALLERS,EMERALDAS,494,YUT0,秋田県,1355,K.AI,秋田県,2324,Y-I.,秋田県,3414,EULECA,秋田県,0,,-
CANNON BALLERS,encounter,0,,-,911,NAO,秋田県,1711,87MARU,秋田県,3219,EULECA,秋田県,0,,-
CANNON BALLERS,Exhaust Hype,0,,-,919,JOBMAN,秋田県,1881,K.AI,秋田県,2711,NU-,秋田県,0,,-
CANNON BALLERS,Expanded !!,0,,-,635,JOBMAN,秋田県,1387,RETRY,秋田県,2591,EULECA,秋田県,0,,-
CANNON BALLERS,Fervidex,0,,-,799,NAO,秋田県,1742,PAN,秋田県,2688,EULECA,秋田県,0,,-
CANNON BALLERS,FREEDOM,0,,-,869,NAO,秋田県,1576,RETRY,秋田県,2844,EULECA,秋田県,0,,-
CANNON BALLERS,From Time To Time,0,,-,605,600W1M,秋田県,1832,K.AI,秋田県,2497,MXX,秋田県,0,,-
CANNON BALLERS,FUTURE is Dead,0,,-,832,NAO,秋田県,1356,RETRY,秋田県,2044,MXX,秋田県,0,,-
CANNON BALLERS,Get Up! feat. Kanae Asaba,0,,-,549,NAO,秋田県,1052,KEEN,秋田県,1844,Y-I.,秋田県,0,,-
CANNON BALLERS,HAT TRICK,0,,-,749,A*RISK,秋田県,1410,Y-I.,秋田県,2160,EOTOKO,秋田県,0,,-
CANNON BALLERS,Hella Deep,0,,-,587,NAO,秋田県,815,INTECH,秋田県,1780,HATO,秋田県,0,,-
CANNON BALLERS,HYPE THE CORE,0,,-,839,K2,秋田県,1930,Y-I.,秋田県,2968,EULECA,秋田県,0,,-
CANNON BALLERS,I Love You,0,,-,950,NAO,秋田県,1647,RETRY,秋田県,2685,EULECA,秋田県,0,,-
CANNON BALLERS,Illusionary Waterlily,0,,-,1162,KKR,秋田県,2021,87MARU,秋田県,3446,EULECA,秋田県,0,,-
CANNON BALLERS,Initiation,620,YUT0,秋田県,1462,TORU.K,秋田県,2358,PAN,秋田県,3817,EULECA,秋田県,0,,-
CANNON BALLERS,"Life Is A Game ft.DD""ナカタ""Metal",0,,-,1132,NAO,秋田県,1792,KOB.SS,秋田県,3351,EULECA,秋田県,0,,-
CANNON BALLERS,LUV DRIVE,0,,-,0,,-,1037,INTECH,秋田県,2044,EOTOKO,秋田県,0,,-
CANNON BALLERS,MAXIVCORD,0,,-,790,AU-MIN,秋田県,1409,HATO,秋田県,2418,EULECA,秋田県,0,,-
CANNON BALLERS,Midnight Lady,0,,-,470,NNK,秋田県,1010,JOBMAN,秋田県,1916,HATO,秋田県,0,,-
CANNON BALLERS,n'pa pa BBQ,0,,-,896,NAO,秋田県,1692,DEF,秋田県,2731,EULECA,秋田県,0,,-
CANNON BALLERS,NITROUS CANNON,0,,-,1240,SATC,秋田県,2013,HATO,秋田県,3526,EULECA,秋田県,0,,-
CANNON BALLERS,No Limit 2 dAnce feat. 大山愛未,0,,-,744,SIO,秋田県,1418,HIRO77,秋田県,2282,EOTOKO,秋田県,0,,-
CANNON BALLERS,Nothing but Theory,0,,-,893,S-YM,秋田県,1244,ARUDE,秋田県,2839,EULECA,秋田県,3699,EULECA,秋田県
CANNON BALLERS,O/D*20,0,,-,986,NAO,秋田県,1557,SATC,秋田県,2100,HATO,秋田県,3794,EULECA,秋田県
CANNON BALLERS,Only for now,0,,-,859,KKR,秋田県,1363,ACID,秋田県,2214,Y-I.,秋田県,0,,-
CANNON BALLERS,Papilio ulysses,0,,-,1069,SATC,秋田県,1994,KOB.SS,秋田県,2768,EULECA,秋田県,0,,-
CANNON BALLERS,Persephone,0,,-,1065,JOBMAN,秋田県,1714,RETRY,秋田県,2950,EULECA,秋田県,0,,-
CANNON BALLERS,Rampage,0,,-,1241,KOB.SS,秋田県,2472,Y-I.,秋田県,3556,EULECA,秋田県,0,,-
CANNON BALLERS,Raspberry Railgun,0,,-,1046,KULEA,秋田県,1957,KOB.SS,秋田県,3085,EULECA,秋田県,0,,-
CANNON BALLERS,REVOLVER,0,,-,837,NAO,秋田県,1424,RETRY,秋田県,2663,MXX,秋田県,3215,EULECA,秋田県
CANNON BALLERS,Sleepless days,0,,-,449,JOBMAN,秋田県,910,K.AI,秋田県,1568,MXX,秋田県,0,,-
CANNON BALLERS,Slipstream,0,,-,1008,NAO,秋田県,1935,OKE,秋田県,3491,EULECA,秋田県,0,,-
CANNON BALLERS,SPEED DEMON,0,,-,694,NAO,秋田県,1379,HIRO77,秋田県,2221,HATO,秋田県,0,,-
CANNON BALLERS,STARLIGHT JUNCTION,0,,-,661,PUCCHO,秋田県,1450,RETRY,秋田県,2238,Y-I.,秋田県,2860,EULECA,秋田県
CANNON BALLERS,Static State,0,,-,896,NAO,秋田県,1570,HIRO77,秋田県,2242,7NEKO,秋田県,0,,-
CANNON BALLERS,Temple of Anubis,0,,-,871,S-YM,秋田県,1507,Y-I.,秋田県,2576,HATO,秋田県,0,,-
CANNON BALLERS,THE CANNONBALLER,468,YUT0,秋田県,1382,KKR,秋田県,2226,S-I-N,秋田県,3382,EULECA,秋田県,0,,-
CANNON BALLERS,The Chase,0,,-,624,YUT0,秋田県,1331,KOB.SS,秋田県,1997,EOTOKO,秋田県,0,,-
CANNON BALLERS,UMMU,420,YUT0,秋田県,1078,NAO,秋田県,1874,KOB.SS,秋田県,2895,NU-,秋田県,0,,-
CANNON BALLERS,Usual Days-remix,0,,-,551,PRETAX,秋田県,1411,87MARU,秋田県,2570,MXX,秋田県,0,,-
CANNON BALLERS,Xperanza,534,YUT0,秋田県,1226,JOBMAN,秋田県,2123,UMINA7,秋田県,3053,EULECA,秋田県,0,,-
CANNON BALLERS,うさ☆かめ 大戦争！,0,,-,858,*RIJU*,秋田県,1369,RETRY,秋田県,2429,EULECA,秋田県,0,,-
CANNON BALLERS,エディブルフラワーの独白,0,,-,698,SARYO,秋田県,1479,*RIJU*,秋田県,2146,EOTOKO,秋田県,0,,-
CANNON BALLERS,シムルグの目醒め,0,,-,1347,YUT0,秋田県,2147,OKE,秋田県,3382,EULECA,秋田県,0,,-
CANNON BALLERS,ナイトシティー・アヴァンチュール,0,,-,939,SARYO,秋田県,1471,RETRY,秋田県,2064,MIYU*,秋田県,0,,-
CANNON BALLERS,ハイ*ビスカス ft. Kanae Asaba,0,,-,771,KULEA,秋田県,1496,DEF,秋田県,2362,MXX,秋田県,0,,-
CANNON BALLERS,バ→ビ→ブ→Bomb!,0,,-,765,NAO,秋田県,1762,K.AI,秋田県,2495,EULECA,秋田県,0,,-
CANNON BALLERS,バスルーム ロマンス,0,,-,970,K.AI,秋田県,1411,AU-MIN,秋田県,2402,EULECA,秋田県,0,,-
CANNON BALLERS,パラドキシカル・タイムリープトライアル(Short Ver.),0,,-,0,,-,1660,AKANKO,秋田県,2739,EULECA,秋田県,0,,-
CANNON BALLERS,ラストセンチュリーメランコリック,0,,-,595,SAKIYO,秋田県,1542,AU-MIN,秋田県,2100,MXX,秋田県,0,,-
CANNON BALLERS,共犯ヘヴンズコード,0,,-,0,,-,1036,KULEA,秋田県,2190,MIYU*,秋田県,0,,-
CANNON BALLERS,命の標本,0,,-,0,,-,1612,DEF,秋田県,2624,EULECA,秋田県,0,,-
CANNON BALLERS,東京神話,350,KOORI,秋田県,953,KULEA,秋田県,1583,RENA,秋田県,2723,EULECA,秋田県,0,,-
CANNON BALLERS,神謳 -RESONANCE-,0,,-,1356,TORU.K,秋田県,2386,87MARU,秋田県,3952,EULECA,秋田県,0,,-
CANNON BALLERS,純真可憐デザイア,237,KULEA,秋田県,787,KKR,秋田県,1582,DEF,秋田県,2306,EULECA,秋田県,2917,EULECA,秋田県
CANNON BALLERS,草原の王女-軌跡を辿って-,0,,-,578,IIDX33,秋田県,1197,AU-MIN,秋田県,2245,HATO,秋田県,0,,-
Rootage,& Intelligence,0,,-,1153,K.AI,秋田県,2012,OKE,秋田県,3048,MIYU*,秋田県,0,,-
Rootage,50th Memorial Songs -Beginning Story-,299,KULEA,秋田県,0,,-,1504,RETRY,秋田県,2585,EOTOKO,秋田県,0,,-
Rootage,50th Memorial Songs -Flagship medley-,313,S-C-U,秋田県,0,,-,1441,DEF,秋田県,2134,MXX,秋田県,0,,-
Rootage,50th Memorial Songs -The BEMANI History-,527,KKR,秋田県,937,KULEA,秋田県,1538,OKE,秋田県,2521,EOTOKO,秋田県,0,,-
Rootage,50th Memorial Songs -二人の時 ～under the cherry blossoms～-,542,KKR,秋田県,0,,-,1453,RETRY,秋田県,2557,NU-,秋田県,0,,-
Rootage,Afterimage d'automne,0,,-,999,K.AI,秋田県,1506,RETRY,秋田県,2765,EULECA,秋田県,0,,-
Rootage,BLACK JACKAL,0,,-,767,NAO,秋田県,1330,RETRY,秋田県,2176,EOTOKO,秋田県,0,,-
Rootage,BLO§OM,0,,-,1012,NAO,秋田県,1492,HIRO77,秋田県,2463,HATO,秋田県,0,,-
Rootage,Carmina,508,KKR,秋田県,992,ARUDE,秋田県,2406,Y-I.,秋田県,3601,EULECA,秋田県,0,,-
Rootage,Carry Me Away,518,KKR,秋田県,1073,S-I-N,秋田県,1584,RETRY,秋田県,3102,EULECA,秋田県,0,,-
Rootage,Catch Our Fire!,0,,-,1357,K.AI,秋田県,1979,OKE,秋田県,3683,EULECA,秋田県,0,,-
Rootage,CODE:0,0,,-,1267,NAO,秋田県,2108,OSANPO,秋田県,2639,DMOMOI,秋田県,3296,EULECA,秋田県
Rootage,CoMAAAAAAA,0,,-,1098,IIDX32,秋田県,1804,RETRY,秋田県,2348,Y-I.,秋田県,3750,EULECA,秋田県
Rootage,COSMIC CYBER,0,,-,0,,-,1591,RETRY,秋田県,2866,MXX,秋田県,0,,-
Rootage,Cranberry City ft. Luschel,0,,-,811,NAO,秋田県,1364,YUT0,秋田県,2368,EULECA,秋田県,0,,-
Rootage,dAuntl3ss,0,,-,1036,YURA,秋田県,1919,KOB.SS,秋田県,3456,EULECA,秋田県,0,,-
Rootage,Dr. Chemical & Killing Machine,0,,-,1040,NAO,秋田県,1777,NYAS22,秋田県,3330,EULECA,秋田県,0,,-
Rootage,Drastic Dramatic,0,,-,1322,SATC,秋田県,2227,87MARU,秋田県,3468,EULECA,秋田県,0,,-
Rootage,DRUNK MONKY,0,,-,720,K2,秋田県,1444,TATAMI,秋田県,2226,EULECA,秋田県,0,,-
Rootage,Ember Lights,0,,-,844,NAO,秋田県,1540,*RIJU*,秋田県,2661,MXX,秋田県,3019,EULECA,秋田県
Rootage,EVANESCENT,0,,-,1038,NAO,秋田県,2245,HATO,秋田県,3488,EULECA,秋田県,0,,-
Rootage,Garuda,0,,-,883,NAO,秋田県,1573,K.AI,秋田県,2529,EULECA,秋田県,0,,-
Rootage,Geirskögul,0,,-,1013,NAO,秋田県,1507,HIRO77,秋田県,2162,HATO,秋田県,0,,-
Rootage,GENE,0,,-,1194,SATC,秋田県,1822,OKE,秋田県,4263,EULECA,秋田県,3408,EULECA,秋田県
Rootage,GIGA THRASH,0,,-,757,ADHD,秋田県,1796,KOB.SS,秋田県,2616,EOTOKO,秋田県,0,,-
Rootage,Glory,0,,-,0,,-,1476,SATC,秋田県,2244,EOTOKO,秋田県,0,,-
Rootage,GO OVER WITH GLARE -ROOTAGE 26-,0,,-,808,OTTERR,秋田県,2111,NU,秋田県,3824,EULECA,秋田県,0,,-
Rootage,HARD BRAIN,0,,-,1165,NAO,秋田県,2047,Y-I.,秋田県,3686,EULECA,秋田県,0,,-
Rootage,HEISEI,364,KKR,秋田県,993,NAO,秋田県,1805,DEF,秋田県,2539,EULECA,秋田県,0,,-
Rootage,Hurry Hurry,0,,-,692,NAO,秋田県,746,JOVAN,秋田県,2049,MIYU*,秋田県,0,,-
Rootage,IDC feat.REVERBEE (Mo'Cuts Ver),0,,-,906,SATC,秋田県,1490,KOB.SS,秋田県,2055,HATO,秋田県,0,,-
Rootage,IDOL syndrome.,0,,-,539,HWTKS,秋田県,1352,NODA,秋田県,2139,MXX,秋田県,2934,MXX,秋田県
Rootage,KILL EACH OTHER,0,,-,1387,K.AI,秋田県,2176,KAKI,秋田県,3734,EULECA,秋田県,0,,-
Rootage,L.F.O,0,,-,835,NAO,秋田県,1578,*RIJU*,秋田県,3252,EULECA,秋田県,0,,-
Rootage,LADYBIRD,0,,-,819,NAO,秋田県,1611,HATO,秋田県,2350,MXX,秋田県,0,,-
Rootage,Let me be your cure,0,,-,1080,KKR,秋田県,1395,DEF,秋田県,2645,EULECA,秋田県,0,,-
Rootage,Lethal Weapon,0,,-,1060,NAO,秋田県,1797,7NEKO,秋田県,3167,EULECA,秋田県,0,,-
Rootage,Level One,0,,-,1133,NAO,秋田県,2145,FUMI,秋田県,3202,NU-,秋田県,0,,-
Rootage,Lift Us High,0,,-,895,RETRY,秋田県,1477,YUT0,秋田県,2442,MXX,秋田県,0,,-
Rootage,LOST TECHNOLOGIE,0,,-,0,,-,1567,JOVAN,秋田県,3362,EULECA,秋田県,0,,-
Rootage,Macho Monky,0,,-,1290,RETRY,秋田県,2090,Y-I.,秋田県,2855,EULECA,秋田県,0,,-
Rootage,Necroxis Girl,0,,-,1075,HGRKTR,秋田県,1807,87MARU,秋田県,2691,EULECA,秋田県,0,,-
Rootage,"Next Tales 2 Oath (IIDX 20th Anniv ""Ring"" Theme)",0,,-,804,NAO,秋田県,1513,YUT0,秋田県,2613,EOTOKO,秋田県,0,,-
Rootage,Night! Night! Night!,0,,-,1128,RETRY,秋田県,1601,RETRY,秋田県,2961,MIYU*,秋田県,0,,-
Rootage,ONIGOROSHI,0,,-,1078,KKR,秋田県,1876,RETRY,秋田県,2884,EULECA,秋田県,0,,-
Rootage,OVER TIME,0,,-,326,PUCCHO,秋田県,768,PUCCHO,秋田県,1545,HATO,秋田県,1993,Y-I.,秋田県
Rootage,Painful Fate,0,,-,1193,YUT0,秋田県,2123,87MARU,秋田県,3289,EULECA,秋田県,0,,-
Rootage,Playing With Fire,0,,-,882,NAO,秋田県,1547,OKE,秋田県,2291,MXX,秋田県,0,,-
Rootage,Psycho Sheep Riddim,0,,-,153,MASUCO,秋田県,833,###,秋田県,1665,HATO,秋田県,2132,MXX,秋田県
Rootage,Red. by Jack Trance,0,,-,1398,YUT0,秋田県,2166,HATO,秋田県,3225,KT194,秋田県,0,,-
Rootage,REPLAY,0,,-,873,KKR,秋田県,1479,*RIJU*,秋田県,2240,Y-I.,秋田県,0,,-
Rootage,ROCK女 feat. 大山愛未， Ken,0,,-,928,JOBMAN,秋田県,1675,DEF,秋田県,2623,MXX,秋田県,0,,-
Rootage,ruin of opals,0,,-,662,INTECH,秋田県,1849,KOB.SS,秋田県,2991,EULECA,秋田県,0,,-
Rootage,R∞tAge,543,K.AI,秋田県,922,KULEA,秋田県,1517,RETRY,秋田県,2856,MXX,秋田県,0,,-
Rootage,SPEED ROCKER,0,,-,763,JOBMAN,秋田県,1536,RETRY,秋田県,2206,MXX,秋田県,0,,-
Rootage,Technicolour Dreams,0,,-,851,NAO,秋田県,1347,HIRO77,秋田県,2334,MIYU*,秋田県,0,,-
Rootage,The Best of Both Worlds,0,,-,390,IIDX33,秋田県,1243,HIRO77,秋田県,2145,EOTOKO,秋田県,0,,-
Rootage,THE DAY OF JUBILATIONS,0,,-,1165,JOBMAN,秋田県,2253,KOB.SS,秋田県,3402,EULECA,秋田県,0,,-
Rootage,The Rebellion of Sequencer,0,,-,949,NAO,秋田県,1680,RETRY,秋田県,3045,EULECA,秋田県,0,,-
Rootage,toy boxer,0,,-,733,NAO,秋田県,1395,K.AI,秋田県,2197,EULECA,秋田県,0,,-
Rootage,ToyCube Pf.(RX-Ver.S.P.L.),0,,-,0,,-,1445,RETRY,秋田県,2223,HATO,秋田県,0,,-
Rootage,Trill auf G,0,,-,1036,KKR,秋田県,1915,KOB.SS,秋田県,3155,EULECA,秋田県,0,,-
Rootage,Twilight Warp,0,,-,807,JOBMAN,秋田県,1226,YUT0,秋田県,2094,EOTOKO,秋田県,0,,-
Rootage,Unbelief,0,,-,0,,-,1827,KOB.SS,秋田県,3093,EULECA,秋田県,0,,-
Rootage,UNDERWORLD HOLOGRAPHY,0,,-,200,NLK,秋田県,2000,OKE,秋田県,3186,MIYU*,秋田県,0,,-
Rootage,Urban Constellations,0,,-,667,NAO,秋田県,1368,S-I-N,秋田県,2187,EOTOKO,秋田県,3303,EULECA,秋田県
Rootage,Visterhv,0,,-,1239,KOB.SS,秋田県,2107,KOB.SS,秋田県,3644,EULECA,秋田県,0,,-
Rootage,voltississimo,0,,-,1046,NAO,秋田県,2024,OSANPO,秋田県,3526,EULECA,秋田県,0,,-
Rootage,Wing of Hearts,0,,-,1039,NAO,秋田県,1747,AU-MIN,秋田県,2898,EULECA,秋田県,0,,-
Rootage,Wolf 1061,0,,-,970,NAO,秋田県,1596,*RIJU*,秋田県,3047,MXX,秋田県,0,,-
Rootage,Wonderland,0,,-,966,NAO,秋田県,1768,K.AI,秋田県,2660,MXX,秋田県,0,,-
Rootage,X-DEN,0,,-,1519,YUT0,秋田県,2492,7NEKO,秋田県,3736,EULECA,秋田県,0,,-
Rootage,XENON II ～TOMOYUKIの野望～,0,,-,1114,TORU.K,秋田県,1663,87MARU,秋田県,2941,MXX,秋田県,0,,-
Rootage,Xlo,0,,-,1372,YUT0,秋田県,2438,HATO,秋田県,3688,EULECA,秋田県,0,,-
Rootage,Yum Yum Jelly,0,,-,605,S-YM,秋田県,1429,YUT0,秋田県,2275,MXX,秋田県,0,,-
Rootage,ZENDEGI DANCE,0,,-,1072,NAO,秋田県,1792,Y-I.,秋田県,2702,NU-,秋田県,0,,-
Rootage,おーまい！らぶりー！すうぃーてぃ！だーりん！,0,,-,785,IIDX33,秋田県,1653,YUT0,秋田県,2844,EULECA,秋田県,0,,-
Rootage,お菓子の王国,0,,-,1369,YUT0,秋田県,2093,KOB.SS,秋田県,3970,EULECA,秋田県,0,,-
Rootage,グラナダの風,0,,-,0,,-,1105,RETRY,秋田県,1785,HATO,秋田県,0,,-
Rootage,セカンドピアス,0,,-,474,IIDX33,秋田県,1010,KULEA,秋田県,1980,EOTOKO,秋田県,0,,-
Rootage,ハードベース・フェスタ,0,,-,1020,NODA,秋田県,1634,RETRY,秋田県,2797,EULECA,秋田県,0,,-
Rootage,ミストレス・アンに花束を,0,,-,381,ZERA,秋田県,891,KULEA,秋田県,1403,MXX,秋田県,0,,-
Rootage,ミッドナイト☆WAR,0,,-,780,KULEA,秋田県,1499,DEF,秋田県,2471,EULECA,秋田県,0,,-
Rootage,夏の匂い。キミの残像。 ft. Kanae Asaba,0,,-,636,KULEA,秋田県,1494,DEF,秋田県,2520,DMOMOI,秋田県,0,,-
Rootage,抱きしめてモナムール,0,,-,1312,K.AI,秋田県,2196,KOB.SS,秋田県,4063,EULECA,秋田県,0,,-
Rootage,最小三倍完全数,0,,-,920,K.AI,秋田県,1653,OKE,秋田県,2479,EULECA,秋田県,0,,-
Rootage,泰東ノ翠霞,0,,-,0,,-,729,DEF,秋田県,1671,EOTOKO,秋田県,0,,-
Rootage,深愛のリグレット,0,,-,0,,-,1096,RETRY,秋田県,2343,EULECA,秋田県,0,,-
Rootage,爆ゼニ☆がってんワーカー,0,,-,0,,-,1759,87MARU,秋田県,2599,EOTOKO,秋田県,0,,-
Rootage,花冠 feat.Aikapin,0,,-,856,NAO,秋田県,1620,KOB.SS,秋田県,2405,EOTOKO,秋田県,0,,-
Rootage,金野火織の金色提言,0,,-,1089,NAO,秋田県,2194,OSANPO,秋田県,3047,EULECA,秋田県,0,,-
Rootage,龍王の霊廟(Mausoleum Of The Primal Dragon),0,,-,958,OKAYOU,秋田県,2233,OSANPO,秋田県,3156,EULECA,秋田県,3915,EULECA,秋田県
HEROIC VERSE,27th style,0,,-,810,HGK,秋田県,1743,KOB.SS,秋田県,2452,NU-,秋田県,2896,KT194,秋田県
HEROIC VERSE,Advent Infamous,0,,-,982,AU-MIN,秋田県,1314,D-MOND,秋田県,2770,EULECA,秋田県,0,,-
HEROIC VERSE,AKASHIC BREAK,0,,-,1236,AU-MIN,秋田県,2192,PAN,秋田県,3511,EULECA,秋田県,0,,-
HEROIC VERSE,And-RoiD,0,,-,655,JOBMAN,秋田県,1249,*RIJU*,秋田県,1983,EULECA,秋田県,0,,-
HEROIC VERSE,Artist,0,,-,1253,AU-MIN,秋田県,2306,Y-I.,秋田県,3479,EULECA,秋田県,0,,-
HEROIC VERSE,Backyard Stars,0,,-,1044,K.AI,秋田県,1413,HIRO77,秋田県,2168,MXX,秋田県,0,,-
HEROIC VERSE,BEAT PRISONER,0,,-,1182,AU-MIN,秋田県,1951,OKE,秋田県,3491,EULECA,秋田県,0,,-
HEROIC VERSE,beatAffection,0,,-,941,HGRKTR,秋田県,1517,*RIJU*,秋田県,2632,EULECA,秋田県,0,,-
HEROIC VERSE,Beautiful Harmony (IIDX Mix),0,,-,828,RETRY,秋田県,1562,YUT0,秋田県,2415,KT194,秋田県,0,,-
HEROIC VERSE,Bow shock!!,0,,-,761,NAO,秋田県,1862,AU-MIN,秋田県,3055,EULECA,秋田県,4178,EULECA,秋田県
HEROIC VERSE,Calvados Queen,0,,-,94,MASUCO,秋田県,1275,LOKI,秋田県,2362,EULECA,秋田県,0,,-
HEROIC VERSE,Change Yourself,0,,-,766,JOBMAN,秋田県,1561,RETRY,秋田県,2487,EULECA,秋田県,0,,-
HEROIC VERSE,Crank It,0,,-,738,NAO,秋田県,1387,HIRO77,秋田県,2416,EULECA,秋田県,0,,-
HEROIC VERSE,Dans la nuit de l'eternite,0,,-,1089,JOBMAN,秋田県,2123,MIYU*,秋田県,3349,EULECA,秋田県,0,,-
HEROIC VERSE,Do What You Want,0,,-,444,NNK,秋田県,1067,DJ-JAG,秋田県,1966,EOTOKO,秋田県,0,,-
HEROIC VERSE,Double Dribble,0,,-,1121,RETRY,秋田県,1815,KOB.SS,秋田県,3204,MXX,秋田県,0,,-
HEROIC VERSE,EROICA,0,,-,1343,YUT0,秋田県,2256,NU,秋田県,3734,MXX,秋田県,0,,-
HEROIC VERSE,Everlasting Message,0,,-,1143,YUT0,秋田県,2089,*RIJU*,秋田県,3637,EULECA,秋田県,0,,-
HEROIC VERSE,fairy cocktail,0,,-,318,ZERA,秋田県,927,JOBMAN,秋田県,1597,EOTOKO,秋田県,0,,-
HEROIC VERSE,Fly Above (Vicissitude Remix),0,,-,805,NAO,秋田県,1079,K2,秋田県,2363,EULECA,秋田県,0,,-
HEROIC VERSE,Forgetting Machine,0,,-,691,NAO,秋田県,1213,DEF,秋田県,1678,MXX,秋田県,0,,-
HEROIC VERSE,Friction[!]Function,0,,-,949,NAO,秋田県,1784,HATO,秋田県,3089,EULECA,秋田県,0,,-
HEROIC VERSE,GHOST,0,,-,711,NAO,秋田県,1468,AU-MIN,秋田県,2717,EULECA,秋田県,0,,-
HEROIC VERSE,GIGA VIOLATE,0,,-,970,NAO,秋田県,1552,Y-I.,秋田県,2601,MXX,秋田県,0,,-
HEROIC VERSE,Hold My Hand,0,,-,872,NAO,秋田県,1603,*RIJU*,秋田県,2440,EOTOKO,秋田県,0,,-
HEROIC VERSE,Hyper Drive feat. ぷにぷに電機,0,,-,0,,-,1307,KEEN,秋田県,1930,KT194,秋田県,0,,-
HEROIC VERSE,If,0,,-,731,NAO,秋田県,833,JOVAN,秋田県,1868,MXX,秋田県,0,,-
HEROIC VERSE,Inferno of Fomalhaut,0,,-,982,KKR,秋田県,1709,POPERT,秋田県,2939,EULECA,秋田県,0,,-
HEROIC VERSE,Infinity Mirror,0,,-,801,NAO,秋田県,1329,Y-I.,秋田県,2260,Y-I.,秋田県,0,,-
HEROIC VERSE,Into The Madness,0,,-,908,NAO,秋田県,1391,RETRY,秋田県,2428,MXX,秋田県,0,,-
HEROIC VERSE,LASER CRUSTER (IGNITE REMIX),0,,-,720,NAO,秋田県,1710,K.AI,秋田県,3456,MXX,秋田県,0,,-
HEROIC VERSE,Level 2,0,,-,804,YUT0,秋田県,1666,OKE,秋田県,2671,EULECA,秋田県,0,,-
HEROIC VERSE,LIGHTNING STRIKES,236,ACEOO8,秋田県,879,NAO,秋田県,1535,NOIN,秋田県,3189,EULECA,秋田県,4097,EULECA,秋田県
HEROIC VERSE,Like+it!,0,,-,1051,K.AI,秋田県,1630,NU,秋田県,2333,NU-,秋田県,0,,-
HEROIC VERSE,Lords Of The Roundtable,0,,-,994,YUT0,秋田県,1835,KOB.SS,秋田県,2838,HATO,秋田県,0,,-
HEROIC VERSE,Lost Souls,0,,-,656,NAO,秋田県,1440,HIRO77,秋田県,2359,MXX,秋田県,3840,EULECA,秋田県
HEROIC VERSE,Matt Silver,0,,-,1041,NAO,秋田県,1877,RETRY,秋田県,3274,EULECA,秋田県,0,,-
HEROIC VERSE,Megalara Garuda,0,,-,1168,JOBMAN,秋田県,1810,NU,秋田県,2995,EULECA,秋田県,0,,-
HEROIC VERSE,Mel,0,,-,693,KEEN,秋田県,1497,DEF,秋田県,2126,KT194,秋田県,2645,HATO,秋田県
HEROIC VERSE,Moving on,0,,-,0,,-,1677,HIRO77,秋田県,2906,MXX,秋田県,0,,-
HEROIC VERSE,Nasty Techniques,0,,-,947,TORU.K,秋田県,1611,*RIJU*,秋田県,2573,EULECA,秋田県,0,,-
HEROIC VERSE,NEWALONE,0,,-,552,KKR,秋田県,1189,*RIJU*,秋田県,1941,Y-I.,秋田県,0,,-
HEROIC VERSE,ORCA,0,,-,1133,KULEA,秋田県,2123,KOB.SS,秋田県,3367,EULECA,秋田県,0,,-
HEROIC VERSE,OUTER PLANETS,0,,-,0,,-,1292,YUT0,秋田県,2115,NU-,秋田県,0,,-
HEROIC VERSE,Override,0,,-,893,NAO,秋田県,1522,HIRO77,秋田県,2862,EULECA,秋田県,4211,EULECA,秋田県
HEROIC VERSE,PHASE SHIFT MANEUVER,0,,-,1162,NAO,秋田県,1653,87MARU,秋田県,2778,MXX,秋田県,0,,-
HEROIC VERSE,Primitive Vibes,577,KKR,秋田県,1049,NAO,秋田県,1927,Y-I.,秋田県,2999,EULECA,秋田県,0,,-
HEROIC VERSE,Queen Kaguya,0,,-,903,KKR,秋田県,1834,OKE,秋田県,2528,MXX,秋田県,0,,-
HEROIC VERSE,Rainstorm,0,,-,526,SIEC5,秋田県,1482,DEF,秋田県,2213,KT194,秋田県,0,,-
HEROIC VERSE,Rave Patroller,0,,-,1258,SATC,秋田県,1980,NOIN,秋田県,3336,EULECA,秋田県,0,,-
HEROIC VERSE,rough percussionythm,0,,-,1000,TORU.K,秋田県,1581,KOB.SS,秋田県,2419,Y-I.,秋田県,0,,-
HEROIC VERSE,S!ck (Nhato Remix),0,,-,914,NAO,秋田県,1583,Y-I.,秋田県,2436,MXX,秋田県,0,,-
HEROIC VERSE,SCREW // owo // SCREW,0,,-,1033,AK,秋田県,2063,OKE,秋田県,2850,HATO,秋田県,0,,-
HEROIC VERSE,Shiva,0,,-,698,NAO,秋田県,1412,K.AI,秋田県,2057,MXX,秋田県,0,,-
HEROIC VERSE,Silly Love,0,,-,769,NAO,秋田県,1303,DEF,秋田県,1986,KT194,秋田県,0,,-
HEROIC VERSE,Ska-sh All Neurons!!,0,,-,0,,-,1113,IIDX33,秋田県,2265,EOTOKO,秋田県,0,,-
HEROIC VERSE,Smashing Wedge,0,,-,906,NAO,秋田県,2018,NOIN,秋田県,3644,EULECA,秋田県,0,,-
HEROIC VERSE,Sparkle Smilin',0,,-,871,NAO,秋田県,1384,YUT0,秋田県,2430,EULECA,秋田県,0,,-
HEROIC VERSE,STOIC HYPOTHESIS,0,,-,733,SAKIYO,秋田県,1649,HOLO-,秋田県,2747,MXX,秋田県,0,,-
HEROIC VERSE,Sugar Drippin',0,,-,721,NAO,秋田県,1156,KEEN,秋田県,2022,EOTOKO,秋田県,0,,-
HEROIC VERSE,T-REX vs Velociraptor (In the Far east euphoria),0,,-,1258,SATC,秋田県,1624,RETRY,秋田県,3123,EULECA,秋田県,0,,-
HEROIC VERSE,take me higher,0,,-,754,NAO,秋田県,1237,K.AI,秋田県,1953,HATO,秋田県,0,,-
HEROIC VERSE,TECHNO Style Essentials,0,,-,858,JOBMAN,秋田県,1517,PAN,秋田県,2781,MXX,秋田県,0,,-
HEROIC VERSE,THE BRAVE MUST DIE,0,,-,1366,YUT0,秋田県,2263,TATAMI,秋田県,3974,EULECA,秋田県,0,,-
HEROIC VERSE,THE F∀UST,0,,-,1128,YUT0,秋田県,1978,8SHM,秋田県,3510,EULECA,秋田県,0,,-
HEROIC VERSE,The Sky of Sadness,0,,-,766,NAO,秋田県,1322,RETRY,秋田県,2311,EOTOKO,秋田県,0,,-
HEROIC VERSE,Theory,0,,-,764,NAO,秋田県,1311,DEF,秋田県,2389,Y-I.,秋田県,0,,-
HEROIC VERSE,TRIUMPH,0,,-,860,KULEA,秋田県,1915,OKE,秋田県,3253,EULECA,秋田県,0,,-
HEROIC VERSE,UNITE THE HEART,0,,-,1472,OKE,秋田県,2399,KOB.SS,秋田県,3261,EULECA,秋田県,0,,-
HEROIC VERSE,VALKYRIAS -英雄誕生-,435,IIDX33,秋田県,942,KULEA,秋田県,1678,GORO2,秋田県,2706,EULECA,秋田県,0,,-
HEROIC VERSE,VIBRΛ,0,,-,895,NAO,秋田県,1277,DEF,秋田県,1824,HATO,秋田県,0,,-
HEROIC VERSE,Vinculum stellarum,0,,-,882,NAO,秋田県,2153,87MARU,秋田県,3558,EULECA,秋田県,0,,-
HEROIC VERSE,Virus Funk,0,,-,696,RETRY,秋田県,1357,RETRY,秋田県,2135,HATO,秋田県,0,,-
HEROIC VERSE,Volcanic Dragon,0,,-,993,NAO,秋田県,1725,87MARU,秋田県,2898,MXX,秋田県,0,,-
HEROIC VERSE,Voo Doo Bamboleo,0,,-,825,NAO,秋田県,1461,TORU.K,秋田県,2452,HATO,秋田県,0,,-
HEROIC VERSE,Ypsilon,0,,-,943,NAO,秋田県,1687,87MARU,秋田県,2837,MXX,秋田県,3496,EULECA,秋田県
HEROIC VERSE,がっつり陰キャ!? 怪盗いいんちょの億劫^^;,0,,-,1520,TORU.K,秋田県,2609,HATO,秋田県,4150,EULECA,秋田県,0,,-
HEROIC VERSE,シャムシールの舞,0,,-,802,KKR,秋田県,1360,HIRO77,秋田県,2477,EOTOKO,秋田県,0,,-
HEROIC VERSE,セピアの軌跡 ft. 天宮みや(少女フラクタル),0,,-,758,KKR,秋田県,1430,DEF,秋田県,2373,EULECA,秋田県,0,,-
HEROIC VERSE,バッドエンド・シンドローム,0,,-,1049,K.AI,秋田県,1722,K.AI,秋田県,2937,EULECA,秋田県,0,,-
HEROIC VERSE,ピアノ協奏曲第1番”蠍火” (BlackY Remix),0,,-,927,KULEA,秋田県,1907,87MARU,秋田県,3658,EULECA,秋田県,0,,-
HEROIC VERSE,ラブキラ☆スプラッシュ,0,,-,0,,-,1548,AU-MIN,秋田県,2392,EOTOKO,秋田県,0,,-
HEROIC VERSE,ランカーキラーガール,0,,-,1034,KULEA,秋田県,1734,YUT0,秋田県,2875,EULECA,秋田県,0,,-
HEROIC VERSE,曼荼羅恋々,0,,-,1073,TORU.K,秋田県,1627,RETRY,秋田県,2683,EULECA,秋田県,0,,-
HEROIC VERSE,深淵に捧ぐレクイエム,0,,-,778,KULEA,秋田県,1583,K.AI,秋田県,2967,EULECA,秋田県,0,,-
HEROIC VERSE,灼熱Beach Side Bunny (Masayoshi Iimori Remix),0,,-,598,NAO,秋田県,1078,RETRY,秋田県,1735,NU-,秋田県,0,,-
HEROIC VERSE,狂水一華,0,,-,973,K.AI,秋田県,1610,RETRY,秋田県,2609,EULECA,秋田県,0,,-
HEROIC VERSE,眠りの国のステラ,0,,-,1163,K.AI,秋田県,1798,AU-MIN,秋田県,2699,EULECA,秋田県,0,,-
HEROIC VERSE,華麗なる大犬円舞曲,0,,-,1030,INTECH,秋田県,1902,K.AI,秋田県,3350,EULECA,秋田県,0,,-
HEROIC VERSE,錬成人間トリコロイダー,0,,-,0,,-,1718,HIRO77,秋田県,3146,EULECA,秋田県,0,,-
HEROIC VERSE,開きたまえ！Next stAge！,0,,-,0,,-,1629,KOB.SS,秋田県,2745,EOTOKO,秋田県,0,,-
HEROIC VERSE,魅惑のYUMMYスイーツ,0,,-,540,NNK,秋田県,1718,OKE,秋田県,3028,EULECA,秋田県,0,,-
BISTROVER,-65℃,0,,-,1275,RETRY,秋田県,2108,KOB.SS,秋田県,3644,EULECA,秋田県,0,,-
BISTROVER,ABSOLUTE (kors k Remix),0,,-,891,NAO,秋田県,1384,TORU.K,秋田県,2522,EULECA,秋田県,0,,-
BISTROVER,Ah Hah Yeah,0,,-,0,,-,1270,HIRO77,秋田県,2050,FUMI,秋田県,0,,-
BISTROVER,AMRITA -不滅ノ花-,0,,-,851,KULEA,秋田県,1528,*RIJU*,秋田県,2708,EULECA,秋田県,0,,-
BISTROVER,apo:llioth,0,,-,1148,NAO,秋田県,1947,YUT0,秋田県,2844,MXX,秋田県,0,,-
BISTROVER,As You Want,0,,-,515,SRM,秋田県,1326,HIRO77,秋田県,2320,EOTOKO,秋田県,0,,-
BISTROVER,ASIAN VIRTUAL REALITIES (MELTING TOGETHER IN DAZZLING DARKNESS),0,,-,1025,KKR,秋田県,1712,*RIJU*,秋田県,3191,EULECA,秋田県,0,,-
BISTROVER,BEMANI PRO LEAGUE Theme,0,,-,734,KKR,秋田県,1270,YUT0,秋田県,1923,EULECA,秋田県,0,,-
BISTROVER,BIGソムタム,523,KKR,秋田県,1000,NODA,秋田県,1824,OKE,秋田県,3308,EULECA,秋田県,0,,-
BISTROVER,BLACK or WHITE?,605,KKR,秋田県,1120,ZERA,秋田県,2385,OSANPO,秋田県,3899,EULECA,秋田県,0,,-
BISTROVER,Burning Flame,0,,-,1175,AU-MIN,秋田県,1683,RETRY,秋田県,2822,EULECA,秋田県,3708,MXX,秋田県
BISTROVER,Chewingood!!!,303,K.AI,秋田県,855,DEF,秋田県,1414,HIRO77,秋田県,2594,EULECA,秋田県,0,,-
BISTROVER,COSMIC RAY,0,,-,0,,-,1777,KOB.SS,秋田県,2776,EULECA,秋田県,0,,-
BISTROVER,Crazy Jackpot,0,,-,917,NAO,秋田県,1560,HIRO77,秋田県,2780,EULECA,秋田県,0,,-
BISTROVER,Danza Aestas,0,,-,598,ZERA,秋田県,1610,RETRY,秋田県,2902,MXX,秋田県,0,,-
BISTROVER,Dawn Saga,0,,-,856,RETRY,秋田県,1441,YUT0,秋田県,2593,MIYU*,秋田県,0,,-
BISTROVER,DENIM,0,,-,528,NAO,秋田県,1191,YUT0,秋田県,1666,EOTOKO,秋田県,0,,-
BISTROVER,Don't Stop The Music feat. Kanae Asaba,0,,-,224,MASUCO,秋田県,1235,HGRKTR,秋田県,1829,Y-I.,秋田県,0,,-
BISTROVER,DUAL STRIKER,0,,-,1086,NAO,秋田県,2335,KOB.SS,秋田県,3789,EULECA,秋田県,0,,-
BISTROVER,Empire of Fury,0,,-,1287,AU-MIN,秋田県,1947,MO,秋田県,3160,EULECA,秋田県,0,,-
BISTROVER,Euphoric Lagoon,0,,-,792,KEEN,秋田県,1581,Y-I.,秋田県,2519,HATO,秋田県,0,,-
BISTROVER,Explorer feat. ぷにぷに電機,0,,-,658,NAO,秋田県,1267,HIRO77,秋田県,2085,KT194,秋田県,2842,Y-I.,秋田県
BISTROVER,Farewell to Marrakech,0,,-,835,NAO,秋田県,1355,RETRY,秋田県,2158,MXX,秋田県,0,,-
BISTROVER,Fire Beat,0,,-,0,,-,1697,87MARU,秋田県,2642,EULECA,秋田県,0,,-
BISTROVER,Frisk And Squeak,0,,-,0,,-,1465,RETRY,秋田県,2328,NU-,秋田県,0,,-
BISTROVER,GIGA RAID,0,,-,768,SRM,秋田県,1848,Y-I.,秋田県,2333,NU-,秋田県,0,,-
BISTROVER,Globe Glitter,0,,-,998,NAO,秋田県,1520,YURA,秋田県,2610,MIYU*,秋田県,0,,-
BISTROVER,Here We Are,333,IIDX33,秋田県,1075,HATO,秋田県,1609,HIRO77,秋田県,2402,EULECA,秋田県,0,,-
BISTROVER,HIGH VOLTAGE,0,,-,775,NAO,秋田県,1322,HIRO77,秋田県,2205,HATO,秋田県,0,,-
BISTROVER,Ignis†Irae,0,,-,755,MST,秋田県,2194,KAKI,秋田県,3586,MXX,秋田県,0,,-
BISTROVER,IIDX RED Ending (Ryu☆Remix),0,,-,579,NAO,秋田県,1053,RETRY,秋田県,1801,EULECA,秋田県,0,,-
BISTROVER,innocent revolver,0,,-,1124,K.AI,秋田県,2242,87MARU,秋田県,3741,EULECA,秋田県,0,,-
BISTROVER,Jungle Eater,0,,-,906,JOBMAN,秋田県,1660,YUT0,秋田県,2907,EULECA,秋田県,0,,-
BISTROVER,LAST DAY,0,,-,1000,NAO,秋田県,1554,RETRY,秋田県,3000,EULECA,秋田県,0,,-
BISTROVER,Level 3,0,,-,1112,NAO,秋田県,2208,EULECA,秋田県,3286,EOTOKO,秋田県,0,,-
BISTROVER,LOCUS OF THE TRAVEL,0,,-,1111,K.AI,秋田県,2233,KOB.SS,秋田県,3425,MXX,秋田県,0,,-
BISTROVER,Lovely Howdy Cowboy!!,0,,-,1036,NAO,秋田県,1694,YUT0,秋田県,2655,HATO,秋田県,0,,-
BISTROVER,MA・TSU・RI,0,,-,1067,AU-MIN,秋田県,1711,TUBA96,秋田県,2479,HATO,秋田県,0,,-
BISTROVER,MEGAERA,0,,-,1024,ARUDE,秋田県,1973,KOB.SS,秋田県,3341,EULECA,秋田県,0,,-
BISTROVER,Midnight Drive,0,,-,171,BACI,秋田県,1266,DEF,秋田県,1983,HATO,秋田県,0,,-
BISTROVER,MOVE! (We Keep It Movin'),0,,-,467,HWTKS,秋田県,1064,H.T,秋田県,2093,HATO,秋田県,0,,-
BISTROVER,Neo Heritage,0,,-,884,KULEA,秋田県,1518,RETRY,秋田県,2764,EOTOKO,秋田県,0,,-
BISTROVER,Ocean Blue feat. Luschel,0,,-,0,,-,1322,YUT0,秋田県,2391,EOTOKO,秋田県,0,,-
BISTROVER,of the first magnitude,0,,-,976,HGRKTR,秋田県,1855,87MARU,秋田県,2862,MXX,秋田県,0,,-
BISTROVER,OTOKOZAKA,0,,-,967,NAO,秋田県,1767,PAN,秋田県,2832,MXX,秋田県,0,,-
BISTROVER,Overslept,0,,-,1050,NAO,秋田県,1696,AU-MIN,秋田県,2524,EULECA,秋田県,0,,-
BISTROVER,Para siempre,0,,-,900,RETRY,秋田県,1300,NS-ND,秋田県,2780,MXX,秋田県,0,,-
BISTROVER,Parvati,0,,-,869,JOBMAN,秋田県,1773,OKE,秋田県,2810,EULECA,秋田県,0,,-
BISTROVER,POLKAMANIA,233,ACEOO8,秋田県,634,600W1M,秋田県,1720,OKE,秋田県,2835,MXX,秋田県,3570,EULECA,秋田県
BISTROVER,Rejection Girl,0,,-,929,NAO,秋田県,1599,Q-SILV,秋田県,2620,EULECA,秋田県,0,,-
BISTROVER,Ritual of Anubis,0,,-,983,NAO,秋田県,1745,87MARU,秋田県,2746,MXX,秋田県,0,,-
BISTROVER,Romanticが止まらない,322,CRM.,秋田県,848,000001,秋田県,1544,YUT0,秋田県,2713,EULECA,秋田県,0,,-
BISTROVER,rommmo,0,,-,1003,NAO,秋田県,1751,OKE,秋田県,3391,EULECA,秋田県,0,,-
BISTROVER,Rosa azuL,0,,-,859,RETRY,秋田県,1703,KOB.SS,秋田県,2700,EULECA,秋田県,0,,-
BISTROVER,Rowdy,0,,-,0,,-,1509,YUT0,秋田県,2469,Y-I.,秋田県,0,,-
BISTROVER,Rubrum Piano,0,,-,802,JOBMAN,秋田県,1515,RETRY,秋田県,2400,NU-,秋田県,0,,-
BISTROVER,S-Bahn,0,,-,701,CHNO,秋田県,1212,JOVAN,秋田県,2113,MXX,秋田県,0,,-
BISTROVER,Sinus Iridum,0,,-,1023,DXY!,秋田県,2002,7NEKO,秋田県,3108,EULECA,秋田県,0,,-
BISTROVER,smooooch・∀・ (Snail's House Remix),0,,-,570,EG,秋田県,1567,K.AI,秋田県,2301,EOTOKO,秋田県,0,,-
BISTROVER,SOLID STATE SQUAD -RISEN RELIC REMIX-,0,,-,965,H.T,秋田県,2125,KOB.SS,秋田県,3221,EULECA,秋田県,0,,-
BISTROVER,Sugarplum,0,,-,856,KOB.SS,秋田県,1828,HIRO77,秋田県,2489,KT194,秋田県,0,,-
BISTROVER,Swarm Of Scarabs,0,,-,1014,KOB.SS,秋田県,1021,ARUDE,秋田県,2314,HATO,秋田県,0,,-
BISTROVER,Tell me what you wish feat.らっぷびと,0,,-,1045,NAO,秋田県,1519,RETRY,秋田県,2796,EULECA,秋田県,0,,-
BISTROVER,That Feeling,0,,-,678,NAO,秋田県,1114,HIRO77,秋田県,1861,KT194,秋田県,0,,-
BISTROVER,THE PEERLESS UNDER HEAVEN,0,,-,1060,HGRKTR,秋田県,1930,Y-I.,秋田県,3148,MXX,秋田県,0,,-
BISTROVER,The Wind of China Express(The 4th Mashup),0,,-,993,HATO,秋田県,1613,YURA,秋田県,2531,HATO,秋田県,0,,-
BISTROVER,Tiempo Loco,0,,-,999,RETRY,秋田県,1953,KOB.SS,秋田県,3647,EULECA,秋田県,0,,-
BISTROVER,Viridian,0,,-,978,NAO,秋田県,1903,KOB.SS,秋田県,3292,EULECA,秋田県,0,,-
BISTROVER,Vitrum,0,,-,890,H.T,秋田県,1556,RETRY,秋田県,3467,EULECA,秋田県,0,,-
BISTROVER,WAKE UP NOW,0,,-,803,NAO,秋田県,1352,YUT0,秋田県,1982,MXX,秋田県,2445,EULECA,秋田県
BISTROVER,When I Met U,0,,-,787,JOBMAN,秋田県,1286,DEF,秋田県,2020,Y-I.,秋田県,0,,-
BISTROVER,Winner's Proof ft. KANASA from bless4,193,NIGLET,秋田県,719,NAO,秋田県,1339,YUT0,秋田県,2192,HATO,秋田県,0,,-
BISTROVER,X-ray binary,0,,-,933,NAO,秋田県,1810,PAN,秋田県,2764,MXX,秋田県,0,,-
BISTROVER,Zenith,0,,-,784,KKR,秋田県,1311,*RIJU*,秋田県,2121,EULECA,秋田県,0,,-
BISTROVER,∀,584,KKR,秋田県,1183,SATC,秋田県,2114,OKE,秋田県,3467,EULECA,秋田県,0,,-
BISTROVER,ここからよろしく大作戦143,224,IIDX33,秋田県,871,SARYO,秋田県,1695,DEF,秋田県,2482,EULECA,秋田県,3150,EULECA,秋田県
BISTROVER,スーパー戦湯ババンバーン,0,,-,0,,-,2010,KOB.SS,秋田県,3335,EULECA,秋田県,0,,-
BISTROVER,ディスコルディア,0,,-,1201,IIDX32,秋田県,2208,KOB.SS,秋田県,3707,EULECA,秋田県,0,,-
BISTROVER,バッド・スイーツ、バッド・ドリーム,0,,-,0,,-,1791,KOB.SS,秋田県,3388,EULECA,秋田県,0,,-
BISTROVER,世界の果てに約束の凱歌を -ReUnion-,0,,-,787,MANJYU,秋田県,1669,JOVAN,秋田県,3796,EULECA,秋田県,0,,-
BISTROVER,乱膳の舞姫,0,,-,0,,-,1645,RETRY,秋田県,2663,EULECA,秋田県,0,,-
BISTROVER,二人ノ廃城幽踊宴,0,,-,1191,K.AI,秋田県,2173,KOB.SS,秋田県,3457,EULECA,秋田県,0,,-
BISTROVER,伐折羅-vajra-,0,,-,1079,S-I-N,秋田県,2026,NU,秋田県,3583,EULECA,秋田県,0,,-
BISTROVER,儚き恋の華,0,,-,1029,KOB.SS,秋田県,1768,DEF,秋田県,2922,EULECA,秋田県,0,,-
BISTROVER,新宝島,503,KKR,秋田県,629,S-YM,秋田県,1338,HIRO77,秋田県,2251,KT194,秋田県,3491,EULECA,秋田県
BISTROVER,水無月の雫 ft. 小林まな,0,,-,1145,NAO,秋田県,1663,HIRO77,秋田県,2557,EULECA,秋田県,0,,-
BISTROVER,水鏡の異界,0,,-,0,,-,1507,RETRY,秋田県,3027,EULECA,秋田県,0,,-
BISTROVER,涙のテ・エストラーニョ・ムーチョ,0,,-,0,,-,1883,OKE,秋田県,2727,EULECA,秋田県,0,,-
BISTROVER,無意識のフィロソフィア,0,,-,1029,KULEA,秋田県,2213,HATO,秋田県,3272,EULECA,秋田県,0,,-
BISTROVER,犬に雨傘,0,,-,752,SARYO,秋田県,1266,JOBMAN,秋田県,2032,HATO,秋田県,0,,-
BISTROVER,閠槞彁の願い,0,,-,972,KKR,秋田県,2000,NU,秋田県,3033,EULECA,秋田県,0,,-
BISTROVER,霧幻メモリア,0,,-,0,,-,1268,RETRY,秋田県,1992,EULECA,秋田県,0,,-
BISTROVER,魔法のかくれんぼ,0,,-,0,,-,1566,KOB.SS,秋田県,2674,EULECA,秋田県,0,,-
CastHour,10000 MILES AWAY,0,,-,1048,K.AI,秋田県,1609,OKE,秋田県,2838,MXX,秋田県,0,,-
CastHour,2 Beasts Unchained,0,,-,1236,JOBMAN,秋田県,2061,KOB.SS,秋田県,3310,EULECA,秋田県,0,,-
CastHour,808monkey,0,,-,0,,-,1081,JOVAN,秋田県,1764,HATO,秋田県,0,,-
CastHour,ABSOLUTE EVIL,230,KULEA,秋田県,1058,KULEA,秋田県,2089,AU-MIN,秋田県,3339,EULECA,秋田県,0,,-
CastHour,Aftermath,0,,-,1137,KULEA,秋田県,2323,KOB.SS,秋田県,3506,EULECA,秋田県,0,,-
CastHour,ALTERNATOR,0,,-,1315,S-I-N,秋田県,2455,Y-I.,秋田県,3611,EULECA,秋田県,0,,-
CastHour,AMICABLE,0,,-,727,ZERA,秋田県,1513,S-I-N,秋田県,2336,EOTOKO,秋田県,0,,-
CastHour,ANEMONE,220,DEF,秋田県,754,HIRO77,秋田県,1576,DEF,秋田県,2125,EULECA,秋田県,0,,-
CastHour,Angel's Ladder,0,,-,927,NAO,秋田県,1949,OKE,秋田県,3338,EULECA,秋田県,0,,-
CastHour,Ariah,0,,-,665,KULEA,秋田県,1419,JOVAN,秋田県,2133,MXX,秋田県,0,,-
CastHour,Arkadia,0,,-,778,GX,秋田県,1918,RETRY,秋田県,3605,EULECA,秋田県,0,,-
CastHour,Banger Banger Banger Banger,0,,-,778,S-YM,秋田県,1633,RETRY,秋田県,2825,HATO,秋田県,0,,-
CastHour,Binary Black Hole,0,,-,1295,TORU.K,秋田県,2170,K.AI,秋田県,3782,MXX,秋田県,0,,-
CastHour,Blue Bird feat. Kanae Asaba,0,,-,313,CRISPY,秋田県,584,ADHD,秋田県,1740,EOTOKO,秋田県,0,,-
CastHour,Brave Spirits,0,,-,666,NAO,秋田県,1322,SLPLEO,秋田県,2392,EOTOKO,秋田県,0,,-
CastHour,DISPARATE,0,,-,961,NAO,秋田県,1641,RETRY,秋田県,2326,EOTOKO,秋田県,0,,-
CastHour,Divine Heaven,0,,-,942,HATO,秋田県,1797,YUT0,秋田県,2900,EULECA,秋田県,0,,-
CastHour,Don't believe the hype,0,,-,1054,RETRY,秋田県,2176,EULECA,秋田県,3020,EULECA,秋田県,0,,-
CastHour,DREAM OF SPACE UFO ABDUCTION,0,,-,953,NAO,秋田県,1585,HIRO77,秋田県,2631,KT194,秋田県,0,,-
CastHour,Emera,0,,-,813,IIDX32,秋田県,1531,DEF,秋田県,2264,MXX,秋田県,0,,-
CastHour,EMOTiON TRiPPER,0,,-,902,NAO,秋田県,1432,DEF,秋田県,2152,MXX,秋田県,0,,-
CastHour,Ergosphere,0,,-,913,NAO,秋田県,1750,K.AI,秋田県,2645,EULECA,秋田県,0,,-
CastHour,Fantastic Merry-Go-Round,0,,-,840,IIDX32,秋田県,1378,SATC,秋田県,2088,EULECA,秋田県,0,,-
CastHour,Fegrix,0,,-,1042,KULEA,秋田県,2049,K.AI,秋田県,3196,EULECA,秋田県,0,,-
CastHour,FINALLY BLAZE,0,,-,877,NAO,秋田県,1615,RETRY,秋田県,2722,MXX,秋田県,0,,-
CastHour,Flying Castle,0,,-,1056,S-I-N,秋田県,2084,KOB.SS,秋田県,3563,EULECA,秋田県,0,,-
CastHour,Game Changers,0,,-,463,KULEA,秋田県,1376,DEF,秋田県,2645,HATO,秋田県,0,,-
CastHour,"Get set, Go! feat.Kanae Asaba",0,,-,771,NAO,秋田県,1360,*RIJU*,秋田県,2068,NU-,秋田県,0,,-
CastHour,GiGaGaHell,0,,-,1210,SATC,秋田県,1753,RETRY,秋田県,3030,EULECA,秋田県,0,,-
CastHour,GRAVITON,0,,-,1102,NAO,秋田県,1909,KOB.SS,秋田県,3399,EULECA,秋田県,0,,-
CastHour,hard-wired,0,,-,1310,KULEA,秋田県,2244,HATO,秋田県,3445,EULECA,秋田県,0,,-
CastHour,Harmonia,0,,-,713,NAO,秋田県,1205,DEF,秋田県,1978,EULECA,秋田県,0,,-
CastHour,Hat Surprise,0,,-,670,NAO,秋田県,1436,RETRY,秋田県,2429,EULECA,秋田県,0,,-
CastHour,HEARTACHE,0,,-,458,KKR,秋田県,1106,YUT0,秋田県,1823,HATO,秋田県,0,,-
CastHour,kors k's How to make OTOGE CORE,0,,-,638,SRM,秋田県,1468,DEF,秋田県,2192,MXX,秋田県,0,,-
CastHour,Lawes's Parotia,0,,-,315,HWTKS,秋田県,1650,KOB.SS,秋田県,2504,Y-I.,秋田県,0,,-
CastHour,LIVE DRIVING!! feat. 花たん,0,,-,1473,NAO,秋田県,2433,DEF,秋田県,3764,EULECA,秋田県,0,,-
CastHour,N.O.,0,,-,777,NAO,秋田県,1308,TORU.K,秋田県,2417,7NEKO,秋田県,0,,-
CastHour,n/a,0,,-,977,JOBMAN,秋田県,1701,SHUN-X,秋田県,3349,EULECA,秋田県,0,,-
CastHour,No Day But Today!,298,600W1M,秋田県,664,KKR,秋田県,1217,*RIJU*,秋田県,1935,EOTOKO,秋田県,0,,-
CastHour,Nocturnal 2097,0,,-,733,SRM,秋田県,1849,NYAS22,秋田県,2883,MXX,秋田県,0,,-
CastHour,Non Stop Rock,0,,-,317,HWTKS,秋田県,1111,HIRO77,秋田県,1762,OSANPO,秋田県,0,,-
CastHour,One for All,0,,-,928,NAO,秋田県,1643,RETRY,秋田県,3114,EULECA,秋田県,0,,-
CastHour,Onyx,0,,-,704,KKK,秋田県,1411,DEF,秋田県,2367,MXX,秋田県,0,,-
CastHour,P.O.W.E.R.,0,,-,963,NAO,秋田県,1567,KOB.SS,秋田県,2232,EOTOKO,秋田県,0,,-
CastHour,PIRATES BLADE,0,,-,859,NAO,秋田県,1504,ECTHEL,秋田県,2121,NU-,秋田県,0,,-
CastHour,PLASMA SOUL NIGHT feat. Nana Takahashi / 709sec.,0,,-,1391,YUT0,秋田県,2447,87MARU,秋田県,4348,EULECA,秋田県,0,,-
CastHour,Pout,0,,-,793,SUMINO,秋田県,1586,HIRO77,秋田県,2561,Y-I.,秋田県,0,,-
CastHour,Prohibited Props,0,,-,960,NAO,秋田県,1429,HIRO77,秋田県,2213,MXX,秋田県,2799,EOTOKO,秋田県
CastHour,Purple Perplex,0,,-,1073,RETRY,秋田県,1758,Q-SILV,秋田県,2834,EULECA,秋田県,0,,-
CastHour,Push on Beats!～音ゲの国のeX-ストリーマー～,0,,-,1072,AK,秋田県,1788,OKE,秋田県,3286,EULECA,秋田県,0,,-
CastHour,RAGE feat.H14 of LEONAIR,409,KKR,秋田県,1058,RETRY,秋田県,2163,87MARU,秋田県,3189,MXX,秋田県,0,,-
CastHour,Silver Bullet,0,,-,1170,K.AI,秋田県,1948,KOB.SS,秋田県,3082,EULECA,秋田県,0,,-
CastHour,Smalt #28598F,0,,-,1032,NAO,秋田県,2288,Y-I.,秋田県,3253,EULECA,秋田県,0,,-
CastHour,SOLID WYVERN,0,,-,1107,HGRKTR,秋田県,1810,KOB.SS,秋田県,2595,EULECA,秋田県,3837,EULECA,秋田県
CastHour,Souhait bleu,0,,-,825,NAO,秋田県,1820,87MARU,秋田県,2672,MXX,秋田県,0,,-
CastHour,SPARK IN THE NIGHT,0,,-,812,NAO,秋田県,1386,KOB.SS,秋田県,2194,EOTOKO,秋田県,0,,-
CastHour,Stepper,0,,-,0,,-,1506,K.AI,秋田県,2145,EOTOKO,秋田県,0,,-
CastHour,Tail Lights,0,,-,1002,NAO,秋田県,1698,HIRO77,秋田県,3039,MXX,秋田県,0,,-
CastHour,TOMAHAWK,0,,-,1259,AK,秋田県,2064,KOB.SS,秋田県,3310,EULECA,秋田県,0,,-
CastHour,Triple Cross,574,KKR,秋田県,1056,NAO,秋田県,2119,KOB.SS,秋田県,3223,EULECA,秋田県,0,,-
CastHour,Ventriloquist,0,,-,749,NAO,秋田県,1392,TORU.K,秋田県,2385,MXX,秋田県,0,,-
CastHour,Victory Of Ravers,0,,-,1007,*RIJU*,秋田県,1684,Q-SILV,秋田県,2516,MXX,秋田県,0,,-
CastHour,WHA,0,,-,1082,NAO,秋田県,2219,Y-I.,秋田県,3423,EULECA,秋田県,0,,-
CastHour,Wonderful Escape,0,,-,892,NAO,秋田県,1384,HIRO77,秋田県,2023,EOTOKO,秋田県,0,,-
CastHour,Xyndrome,0,,-,891,NAO,秋田県,1459,YUT0,秋田県,2816,EOTOKO,秋田県,0,,-
CastHour,《GRANDMASTER》,0,,-,888,NAO,秋田県,1527,SATC,秋田県,2801,EOTOKO,秋田県,0,,-
CastHour,めでてえ,0,,-,969,KULEA,秋田県,1637,DEF,秋田県,2582,EULECA,秋田県,0,,-
CastHour,アクマフカ,0,,-,0,,-,1401,HIRO77,秋田県,2194,HATO,秋田県,0,,-
CastHour,ウツシミウツシ,0,,-,950,IIDX33,秋田県,1860,RETRY,秋田県,3078,MXX,秋田県,0,,-
CastHour,オドループ,501,KKR,秋田県,1070,DEF,秋田県,1515,DEF,秋田県,2332,EULECA,秋田県,2976,MIYU*,秋田県
CastHour,オールトの雲,0,,-,0,,-,1902,DEF,秋田県,2568,MXX,秋田県,0,,-
CastHour,グッバイ宣言,567,KKR,秋田県,1095,-GEAR-,秋田県,1746,DEF,秋田県,3070,MIYU*,秋田県,3621,EULECA,秋田県
CastHour,シル・ヴ・プレジデント,273,KULEA,秋田県,586,AFTER,秋田県,1194,HIRO77,秋田県,1783,EULECA,秋田県,2562,MIYU*,秋田県
CastHour,ナイトフィクション,0,,-,615,IIDX33,秋田県,1474,DEF,秋田県,2106,EULECA,秋田県,0,,-
CastHour,ハイテックトキオ,0,,-,1015,NAO,秋田県,1747,696,秋田県,2608,EULECA,秋田県,3156,EULECA,秋田県
CastHour,"ピアノ独奏無言歌 ""灰燼""",0,,-,1119,YUT0,秋田県,2373,EULECA,秋田県,3448,EULECA,秋田県,0,,-
CastHour,ミュージック・アワー,520,KKR,秋田県,1090,NAO,秋田県,2005,DEF,秋田県,2912,EULECA,秋田県,3911,EULECA,秋田県
CastHour,口カラ凸ゲキ,0,,-,863,NAO,秋田県,1363,RETRY,秋田県,2346,EULECA,秋田県,0,,-
CastHour,天邪鬼,414,AU-MIN,秋田県,894,NAO,秋田県,1670,NERGAL,秋田県,3247,EULECA,秋田県,0,,-
CastHour,怪物,322,KULEA,秋田県,628,AFTER,秋田県,1176,HIRO77,秋田県,2382,EULECA,秋田県,3246,MIYU*,秋田県
CastHour,愛しくてラヴィンユー ft. マナ,0,,-,0,,-,1442,DEF,秋田県,2372,NU-,秋田県,0,,-
CastHour,月とミルク,0,,-,839,SRM,秋田県,1502,YUT0,秋田県,2750,MXX,秋田県,0,,-
CastHour,烽火連天の刃,0,,-,975,INTECH,秋田県,2171,KOB.SS,秋田県,3310,EULECA,秋田県,4125,MXX,秋田県
CastHour,禊,0,,-,876,H.T,秋田県,2129,87MARU,秋田県,3101,EULECA,秋田県,0,,-
CastHour,逆月,0,,-,1294,SATC,秋田県,2222,KOB.SS,秋田県,3639,EULECA,秋田県,0,,-
CastHour,雪上断火,0,,-,970,AU-MIN,秋田県,1762,K.AI,秋田県,2848,HATO,秋田県,0,,-
CastHour,青の洞窟,0,,-,876,AU-MIN,秋田県,1901,87MARU,秋田県,3058,MXX,秋田県,0,,-
CastHour,黒紅掬い,0,,-,450,SAITOU,秋田県,1186,HIRO77,秋田県,1781,HATO,秋田県,0,,-
RESIDENT,#CMFLG,0,,-,1177,K.AI,秋田県,2215,OKE,秋田県,3327,EULECA,秋田県,0,,-
RESIDENT,24h Endurance Race,0,,-,1004,K.AI,秋田県,1951,AU-MIN,秋田県,3255,EULECA,秋田県,0,,-
RESIDENT,3V0,0,,-,517,PRETAX,秋田県,1814,Y-I.,秋田県,2902,EULECA,秋田県,0,,-
RESIDENT,7 Colors,0,,-,564,KKR,秋田県,1199,K.AI,秋田県,1922,MXX,秋田県,0,,-
RESIDENT,Always We Trust In You,0,,-,1099,MA02RI,秋田県,1772,K.AI,秋田県,3115,EULECA,秋田県,0,,-
RESIDENT,Ambush Ace,0,,-,1067,K.AI,秋田県,1976,87MARU,秋田県,2882,MXX,秋田県,0,,-
RESIDENT,AWA AWA,0,,-,0,,-,1197,JOVAN,秋田県,2298,MXX,秋田県,0,,-
RESIDENT,B.O.D.Y.,0,,-,671,SAKIYO,秋田県,1955,S-I-N,秋田県,3305,EULECA,秋田県,0,,-
RESIDENT,Bad Encryption,0,,-,1106,NS-ND,秋田県,1711,RETRY,秋田県,3007,EULECA,秋田県,0,,-
RESIDENT,Beyond Evolution,0,,-,1392,YUT0,秋田県,2454,Y-I.,秋田県,3830,EULECA,秋田県,0,,-
RESIDENT,BIGWAVERS,0,,-,1052,NAO,秋田県,1782,OKE,秋田県,3462,EULECA,秋田県,0,,-
RESIDENT,C-C-C-N-N-N,0,,-,588,SIEC5,秋田県,1697,K.AI,秋田県,2641,NERGAL,秋田県,0,,-
RESIDENT,Caldwell 99,0,,-,1041,K.AI,秋田県,1829,KOB.SS,秋田県,2429,EULECA,秋田県,3183,MXX,秋田県
RESIDENT,Chaotoxin,0,,-,1115,NAO,秋田県,1582,SHUN-X,秋田県,3298,EULECA,秋田県,0,,-
RESIDENT,CODE -CRiMSON-,0,,-,1244,YUT0,秋田県,1769,87MARU,秋田県,2906,EULECA,秋田県,0,,-
RESIDENT,CUE CUE RESCUE,515,KKR,秋田県,903,SRM,秋田県,1570,696,秋田県,2512,EULECA,秋田県,3043,EULECA,秋田県
RESIDENT,dica dica,0,,-,888,600W1M,秋田県,2257,K.AI,秋田県,3041,EULECA,秋田県,0,,-
RESIDENT,Dreaming Dream,0,,-,0,,-,834,ADHD,秋田県,2195,EOTOKO,秋田県,0,,-
RESIDENT,Driver,0,,-,853,NAO,秋田県,1133,JOVAN,秋田県,1737,EOTOKO,秋田県,0,,-
RESIDENT,EXODUS SIGN,0,,-,1083,NAO,秋田県,1653,OKE,秋田県,2523,NU-,秋田県,0,,-
RESIDENT,Fading Stars,0,,-,914,FUNNY,秋田県,1545,HIRO77,秋田県,2648,EULECA,秋田県,0,,-
RESIDENT,FLARE -炎舞- ft.Nana Takahashi,0,,-,654,TEKO,秋田県,1828,HATO,秋田県,2782,EOTOKO,秋田県,0,,-
RESIDENT,Get On Your Feet,0,,-,1044,NAO,秋田県,1775,Y-I.,秋田県,2652,MXX,秋田県,0,,-
RESIDENT,GET UP AGAIN,0,,-,672,ADHD,秋田県,1640,AU-MIN,秋田県,2381,EULECA,秋田県,0,,-
RESIDENT,glacia,0,,-,1178,TORU.K,秋田県,2083,87MARU,秋田県,2916,EULECA,秋田県,0,,-
RESIDENT,Hat Surprise (Season 2),0,,-,953,NAO,秋田県,1702,RETRY,秋田県,3367,EULECA,秋田県,0,,-
RESIDENT,I,0,,-,1094,NAO,秋田県,1956,ATROOT,秋田県,3587,EULECA,秋田県,0,,-
RESIDENT,KING,425,IIDX33,秋田県,805,MANJYU,秋田県,1915,KOB.SS,秋田県,3040,EULECA,秋田県,3864,EULECA,秋田県
RESIDENT,kors k's How to make OTOGE CORE 「LONG」,0,,-,1094,NAO,秋田県,2260,KOB.SS,秋田県,3505,EULECA,秋田県,0,,-
RESIDENT,LADS,0,,-,856,NAO,秋田県,1596,DEF,秋田県,2246,HATO,秋田県,0,,-
RESIDENT,Level 4,0,,-,1172,YUT0,秋田県,1955,EULECA,秋田県,3245,EULECA,秋田県,0,,-
RESIDENT,LOUDER ROLLING THUNDER,0,,-,1028,*RIJU*,秋田県,1885,KOB.SS,秋田県,3319,EULECA,秋田県,0,,-
RESIDENT,MAX 360,0,,-,1147,YUT0,秋田県,2229,HATO,秋田県,3042,EULECA,秋田県,0,,-
RESIDENT,Meissa,0,,-,877,NAO,秋田県,1378,HIRO77,秋田県,2781,EULECA,秋田県,0,,-
RESIDENT,Next Level,0,,-,533,EG,秋田県,1486,RETRY,秋田県,2123,HATO,秋田県,0,,-
RESIDENT,No Border,0,,-,1043,RETRY,秋田県,1898,*RIJU*,秋田県,3619,EULECA,秋田県,0,,-
RESIDENT,ONE AND ONLY,0,,-,1085,NAO,秋田県,1613,RETRY,秋田県,3114,EULECA,秋田県,0,,-
RESIDENT,Ou Legends,0,,-,737,SAKIYO,秋田県,1984,DEF,秋田県,3209,EULECA,秋田県,0,,-
RESIDENT,OVER VOLTAGE,0,,-,1030,NAO,秋田県,1674,KOB.SS,秋田県,2428,MXX,秋田県,0,,-
RESIDENT,Peaktime Booster,0,,-,1118,K.AI,秋田県,1812,KOB.SS,秋田県,3025,EULECA,秋田県,0,,-
RESIDENT,Perfect Plan,0,,-,914,JOBMAN,秋田県,1515,HIRO77,秋田県,2525,EULECA,秋田県,0,,-
RESIDENT,Programmed Genom,0,,-,412,HWTKS,秋田県,1302,D-MOND,秋田県,2334,EOTOKO,秋田県,0,,-
RESIDENT,Red Soul,0,,-,970,NAO,秋田県,1535,RETRY,秋田県,2724,EOTOKO,秋田県,0,,-
RESIDENT,Rewind Time,0,,-,611,NAO,秋田県,978,INTECH,秋田県,2178,Y-I.,秋田県,0,,-
RESIDENT,RINNE,0,,-,1122,YUT0,秋田県,2147,OKE,秋田県,3459,EULECA,秋田県,0,,-
RESIDENT,Ruler or Loser,0,,-,569,ADHD,秋田県,1634,AU-MIN,秋田県,2628,EULECA,秋田県,0,,-
RESIDENT,Seraph,0,,-,746,87696,秋田県,1675,YUT0,秋田県,2415,EULECA,秋田県,0,,-
RESIDENT,Shadow World,0,,-,922,NAO,秋田県,1607,DEF,秋田県,2696,EULECA,秋田県,0,,-
RESIDENT,Shamshir,0,,-,1008,NAO,秋田県,1280,RETRY,秋田県,2035,EOTOKO,秋田県,0,,-
RESIDENT,Somnidiscotheque,0,,-,1193,SKE48,秋田県,1938,Y-I.,秋田県,3136,EULECA,秋田県,0,,-
RESIDENT,STAR BEAT,0,,-,775,NAO,秋田県,1681,AU-MIN,秋田県,2339,EOTOKO,秋田県,0,,-
RESIDENT,STRAIGHT TO THE STARS,0,,-,952,RETRY,秋田県,1510,HIRO77,秋田県,2902,MXX,秋田県,0,,-
RESIDENT,Stylus,0,,-,1059,NAO,秋田県,1942,HATO,秋田県,2794,EULECA,秋田県,0,,-
RESIDENT,Summerblue,279,OKGO,秋田県,1021,KKR,秋田県,1645,DEF,秋田県,2357,MXX,秋田県,0,,-
RESIDENT,Sunny Day Vibes,0,,-,848,NAO,秋田県,1539,YUT0,秋田県,2252,MXX,秋田県,0,,-
RESIDENT,Super Freak,0,,-,1077,KOB.SS,秋田県,1854,K.AI,秋田県,3383,EULECA,秋田県,0,,-
RESIDENT,suspicions,0,,-,1125,YUT0,秋田県,2142,87MARU,秋田県,3626,EULECA,秋田県,0,,-
RESIDENT,Swing My Wonderland,0,,-,1190,NAO,秋田県,2170,OKE,秋田県,3043,MXX,秋田県,0,,-
RESIDENT,TECHNOPHOBIA,0,,-,803,MA02RI,秋田県,1505,RETRY,秋田県,2901,EULECA,秋田県,0,,-
RESIDENT,The Clown of 24stairs,0,,-,967,NAO,秋田県,1998,KOB.SS,秋田県,3256,EULECA,秋田県,0,,-
RESIDENT,THE TIME MACHINE,0,,-,944,KULEA,秋田県,1628,KOB.SS,秋田県,2578,MXX,秋田県,0,,-
RESIDENT,VOID,0,,-,1137,TORU.K,秋田県,1819,HATO,秋田県,3055,EULECA,秋田県,0,,-
RESIDENT,VOLAQUAS,0,,-,1310,K.AI,秋田県,2023,*RIJU*,秋田県,3762,EULECA,秋田県,0,,-
RESIDENT,VOLCANIC BIGBEAT,0,,-,989,YUT0,秋田県,1775,OKE,秋田県,2650,KT194,秋田県,0,,-
RESIDENT,"wanna be a ""BAD GIRL"" feat. Nana Takahashi",0,,-,407,NIGLET,秋田県,1209,TORU.K,秋田県,2010,KT194,秋田県,0,,-
RESIDENT,With You,0,,-,760,RETRY,秋田県,1472,RETRY,秋田県,2442,NU-,秋田県,0,,-
RESIDENT,Xerulean,0,,-,1257,RETRY,秋田県,1809,AM4,秋田県,3284,EULECA,秋田県,0,,-
RESIDENT,ZENITH,0,,-,1069,NAO,秋田県,1735,RETRY,秋田県,2888,MXX,秋田県,0,,-
RESIDENT,[ ]DENTITY,0,,-,1084,NAO,秋田県,2023,DEF,秋田県,3715,EULECA,秋田県,0,,-
RESIDENT,≡+≡,581,KKR,秋田県,1359,TORU.K,秋田県,2034,Q-SILV,秋田県,2994,EULECA,秋田県,4454,EULECA,秋田県
RESIDENT,■□模様,0,,-,812,SRM,秋田県,1448,YUT0,秋田県,2540,MIYU*,秋田県,0,,-
RESIDENT,《ORDERBREAKER》,0,,-,664,SAKIYO,秋田県,1458,COBALT,秋田県,2305,Y-I.,秋田県,0,,-
RESIDENT,あるビー！ feat.ころねぽち,0,,-,658,AFTER,秋田県,1656,RETRY,秋田県,2813,EULECA,秋田県,0,,-
RESIDENT,おとせサンダー,197,KULEA,秋田県,472,PUCCHO,秋田県,1109,KULEA,秋田県,2116,EULECA,秋田県,0,,-
RESIDENT,きゅんです。,0,,-,665,MTK,秋田県,1379,DEF,秋田県,2329,EULECA,秋田県,0,,-
RESIDENT,ぞうしょく！？マイデンティティ,0,,-,1110,KULEA,秋田県,2123,KOB.SS,秋田県,3589,EULECA,秋田県,0,,-
RESIDENT,ちょえちょえまぎか,0,,-,1086,OKAYOU,秋田県,2203,KOB.SS,秋田県,3010,EULECA,秋田県,4127,EULECA,秋田県
RESIDENT,サヨナラ・ヘヴン-Celtic Chip Dance Mix-,0,,-,695,PUCCHO,秋田県,1484,DEF,秋田県,2533,MXX,秋田県,0,,-
RESIDENT,チェイスチェイスジョーカーズのうた (オニスタイルリミックス),0,,-,889,JOBMAN,秋田県,1639,HIRO77,秋田県,2787,EULECA,秋田県,0,,-
RESIDENT,パーフェクトイーター,0,,-,1164,K.AI,秋田県,1946,DEF,秋田県,2929,EULECA,秋田県,0,,-
RESIDENT,儚キ戀ノ幻想譚,561,KKR,秋田県,1524,NYAS22,秋田県,2104,87MARU,秋田県,3467,EULECA,秋田県,0,,-
RESIDENT,少年リップルズ,0,,-,741,SARYO,秋田県,1770,HATO,秋田県,2443,EULECA,秋田県,0,,-
RESIDENT,恋愛＝精度×認識力,0,,-,1485,KOB.SS,秋田県,2214,OSANPO,秋田県,3267,EULECA,秋田県,0,,-
RESIDENT,惑星☆ロリポップ,0,,-,722,KULEA,秋田県,1474,YUT0,秋田県,2764,EULECA,秋田県,0,,-
RESIDENT,昏き甲鉄のヴェルガ,0,,-,865,KKR,秋田県,1564,HIRO77,秋田県,2319,HATO,秋田県,0,,-
RESIDENT,月と夢の跡 ft. マナ,0,,-,882,JOBMAN,秋田県,1486,DEF,秋田県,2451,KT194,秋田県,0,,-
RESIDENT,栄冠のカンパネラ,0,,-,1284,YUT0,秋田県,2044,OSANPO,秋田県,3780,EULECA,秋田県,0,,-
RESIDENT,楽園追放,0,,-,819,KULEA,秋田県,1494,AU-MIN,秋田県,2340,EULECA,秋田県,0,,-
RESIDENT,湘南ロンリーMIDNIGHT RAIN,0,,-,892,NAO,秋田県,1598,SATC,秋田県,2752,7NEKO,秋田県,0,,-
RESIDENT,異心前進♪ぴょんぴょんぴょん,0,,-,1114,K.AI,秋田県,1373,D-MOND,秋田県,2472,MIYU*,秋田県,0,,-
RESIDENT,真夜中のバベル,0,,-,646,KULEA,秋田県,1037,JOVAN,秋田県,1692,EULECA,秋田県,0,,-
RESIDENT,神っぽいな,275,SORAKZ,秋田県,727,KKR,秋田県,1323,RETRY,秋田県,2072,NU-,秋田県,2896,MXX,秋田県
RESIDENT,神のシナリオ,0,,-,1042,KULEA,秋田県,1643,DEF,秋田県,3141,MXX,秋田県,0,,-
RESIDENT,罪過の聖堂,0,,-,836,KOB.SS,秋田県,1308,HATO,秋田県,1893,KAIDEN,秋田県,0,,-
RESIDENT,輪廻の鴉,0,,-,829,SRM,秋田県,1610,HIRO77,秋田県,2717,EULECA,秋田県,0,,-
RESIDENT,雨のちパノラマセカイ,0,,-,751,NAO,秋田県,1356,YUT0,秋田県,2195,MXX,秋田県,0,,-
RESIDENT,響花水月,0,,-,942,H.T,秋田県,1829,87MARU,秋田県,2872,MXX,秋田県,0,,-
EPOLIS,20XX,0,,-,661,SAKIYO,秋田県,1351,DXY!,秋田県,2652,MXX,秋田県,0,,-
EPOLIS,ACT0,0,,-,1149,KKR,秋田県,1982,RETRY,秋田県,2935,EULECA,秋田県,0,,-
EPOLIS,Aeterna,0,,-,981,DEF,秋田県,1550,AU-MIN,秋田県,2542,EULECA,秋田県,0,,-
EPOLIS,Akatsuki,0,,-,928,SHUN-X,秋田県,1400,JOVAN,秋田県,2237,MXX,秋田県,0,,-
EPOLIS,Ambivalent Vermilia,0,,-,1483,87MARU,秋田県,2277,87MARU,秋田県,3964,EULECA,秋田県,0,,-
EPOLIS,Amethyst,0,,-,1111,JOBMAN,秋田県,1700,RETRY,秋田県,2559,MXX,秋田県,0,,-
EPOLIS,Bitter & Lucky,0,,-,823,KULEA,秋田県,1043,KULEA,秋田県,2315,EOTOKO,秋田県,0,,-
EPOLIS,BLAZING_LAZER,0,,-,1008,AMIM,秋田県,2069,HATO,秋田県,3351,EULECA,秋田県,0,,-
EPOLIS,CADENZA,0,,-,1495,Y-I.,秋田県,2370,HATO,秋田県,4443,EULECA,秋田県,0,,-
EPOLIS,Chemical Colours,0,,-,1023,TORU.K,秋田県,1928,OKE,秋田県,2701,HATO,秋田県,0,,-
EPOLIS,CODE:2,0,,-,1056,TORU.K,秋田県,1731,AU-MIN,秋田県,2897,MXX,秋田県,0,,-
EPOLIS,COUNTING SHEEP ft. Kanae Asaba,0,,-,641,SHUN-X,秋田県,1199,JOVAN,秋田県,2175,MXX,秋田県,0,,-
EPOLIS,Cult Invitation,0,,-,1218,K.AI,秋田県,1894,Y-I.,秋田県,3228,EULECA,秋田県,0,,-
EPOLIS,Dahlia,0,,-,882,ZERA,秋田県,1873,KOB.SS,秋田県,3101,EULECA,秋田県,0,,-
EPOLIS,DAZZLE ATTACK,532,KKR,秋田県,943,HGRKTR,秋田県,1635,AU-MIN,秋田県,2812,EULECA,秋田県,0,,-
EPOLIS,Deep Sea Mystery,0,,-,0,,-,1437,AU-MIN,秋田県,1935,KT194,秋田県,0,,-
EPOLIS,Demon March,0,,-,1240,JOBMAN,秋田県,2113,DEF,秋田県,3597,EULECA,秋田県,0,,-
EPOLIS,Echoes of Sunfall,0,,-,931,NAO,秋田県,1524,B,秋田県,2898,EULECA,秋田県,0,,-
EPOLIS,frequent,0,,-,1231,KULEA,秋田県,2215,KOB.SS,秋田県,3703,EULECA,秋田県,0,,-
EPOLIS,GAME ON,0,,-,1061,IIDX33,秋田県,2125,K.AI,秋田県,2614,HATO,秋田県,0,,-
EPOLIS,Get Higher,0,,-,0,,-,1587,YUT0,秋田県,2253,EULECA,秋田県,0,,-
EPOLIS,Get Wicked,0,,-,860,SHUN-X,秋田県,1378,SHUN-X,秋田県,2379,DMOMOI,秋田県,0,,-
EPOLIS,Ghost Pulse,0,,-,611,TEKO,秋田県,1553,USA9!3,秋田県,2752,EULECA,秋田県,0,,-
EPOLIS,Glitch N Ride,0,,-,724,NAO,秋田県,1295,*RIJU*,秋田県,2526,EULECA,秋田県,0,,-
EPOLIS,GloriosA,0,,-,1099,NAO,秋田県,1699,HIRO77,秋田県,2831,EULECA,秋田県,0,,-
EPOLIS,GLORIOUS HAMMER,0,,-,1036,NAO,秋田県,1903,HATO,秋田県,3000,MXX,秋田県,0,,-
EPOLIS,Hard Breaker,0,,-,730,NAO,秋田県,1421,SHUN-X,秋田県,2454,EOTOKO,秋田県,0,,-
EPOLIS,Hat Surprise (Season 3),0,,-,1183,NAO,秋田県,2064,K.AI,秋田県,2675,EULECA,秋田県,0,,-
EPOLIS,i-ii,0,,-,1009,SHUN-X,秋田県,1435,HIRO77,秋田県,2803,Y-I.,秋田県,0,,-
EPOLIS,INHERITANCE,0,,-,890,ISHIDA,秋田県,1681,RETRY,秋田県,2779,EULECA,秋田県,3481,EULECA,秋田県
EPOLIS,Iris,306,HANA,秋田県,802,KKR,秋田県,1488,DEF,秋田県,2198,MXX,秋田県,0,,-
EPOLIS,Jumper,0,,-,511,EG,秋田県,1131,CR34N.,秋田県,2298,EOTOKO,秋田県,0,,-
EPOLIS,Just Gimme,0,,-,918,SHUN-X,秋田県,1670,K.AI,秋田県,2670,Y-I.,秋田県,0,,-
EPOLIS,JUSTICE/GUILTY feat. Nana Takahashi & 709sec.,0,,-,1649,YUT0,秋田県,2411,-GEAR-,秋田県,3811,EULECA,秋田県,0,,-
EPOLIS,Level 5,0,,-,1318,K.AI,秋田県,2405,HATO,秋田県,3134,EOTOKO,秋田県,0,,-
EPOLIS,MAXIMUM CHEAT GIRL,0,,-,1184,SHUN-X,秋田県,2029,FUMI,秋田県,3438,EULECA,秋田県,0,,-
EPOLIS,Million Dollar,0,,-,1056,NAO,秋田県,1852,MO,秋田県,3362,EULECA,秋田県,0,,-
EPOLIS,Monkey Business,0,,-,677,NAO,秋田県,1546,K.AI,秋田県,2472,EULECA,秋田県,0,,-
EPOLIS,Mukade,0,,-,1004,NAO,秋田県,1667,RETRY,秋田県,3170,EULECA,秋田県,0,,-
EPOLIS,My Sweet Bird?,0,,-,0,,-,1412,JOVAN,秋田県,2147,MXX,秋田県,0,,-
EPOLIS,NEEDLESS MY LOVE FOR YOU,0,,-,989,TORU.K,秋田県,1643,K.AI,秋田県,2433,MXX,秋田県,0,,-
EPOLIS,Out of Control,0,,-,669,IIDX33,秋田県,2036,KOB.SS,秋田県,3000,EULECA,秋田県,0,,-
EPOLIS,out of disk space,0,,-,983,AK,秋田県,1915,OKE,秋田県,2525,HATO,秋田県,0,,-
EPOLIS,PILGRIM,0,,-,966,TORU.K,秋田県,1557,RETRY,秋田県,2660,MXX,秋田県,0,,-
EPOLIS,Psychedelic Intelligence,0,,-,1132,NAO,秋田県,1796,OKE,秋田県,2822,MXX,秋田県,0,,-
EPOLIS,Red Determination,0,,-,998,NAO,秋田県,1583,HATO,秋田県,2547,MXX,秋田県,0,,-
EPOLIS,Resonant,0,,-,1049,TORU.K,秋田県,2217,OKE,秋田県,3532,EULECA,秋田県,0,,-
EPOLIS,Riff//rain,179,S-C-U,秋田県,705,SHUN-X,秋田県,1218,YUT0,秋田県,1799,EULECA,秋田県,0,,-
EPOLIS,See You Again,0,,-,1163,TORU.K,秋田県,1869,HATO,秋田県,3020,MXX,秋田県,0,,-
EPOLIS,Seven Times Four,0,,-,882,IIDX33,秋田県,1997,HATO,秋田県,3376,MXX,秋田県,0,,-
EPOLIS,Shapeshifter,0,,-,939,NAO,秋田県,1598,DEF,秋田県,2394,MXX,秋田県,0,,-
EPOLIS,Sirius,0,,-,917,NAO,秋田県,1584,K.AI,秋田県,3166,EULECA,秋田県,0,,-
EPOLIS,So What,0,,-,386,TENE,秋田県,1074,RETRY,秋田県,1778,EOTOKO,秋田県,0,,-
EPOLIS,SOLAR ECLIPSE,0,,-,1371,RETRY,秋田県,2239,OSANPO,秋田県,3381,EULECA,秋田県,0,,-
EPOLIS,Speculation,0,,-,827,ISHIDA,秋田県,1654,TORU.K,秋田県,2946,EULECA,秋田県,0,,-
EPOLIS,squall,0,,-,974,NAO,秋田県,1664,AU-MIN,秋田県,2598,EULECA,秋田県,0,,-
EPOLIS,Stereo Beasts,0,,-,1205,NAO,秋田県,2383,KOB.SS,秋田県,3633,EULECA,秋田県,0,,-
EPOLIS,Submerge Serenade,0,,-,944,NAO,秋田県,1635,COBALT,秋田県,2896,MXX,秋田県,4004,EULECA,秋田県
EPOLIS,Sword of Vengeance,0,,-,1336,YUT0,秋田県,2045,87MARU,秋田県,3181,EULECA,秋田県,0,,-
EPOLIS,T.R.O.L.L.,0,,-,938,NAO,秋田県,1628,KOB.SS,秋田県,2372,MXX,秋田県,0,,-
EPOLIS,The Last Apocalypse,0,,-,1333,HGRKTR,秋田県,2286,KOB.SS,秋田県,3613,EULECA,秋田県,0,,-
EPOLIS,The Onlyonez,0,,-,976,SHUN-X,秋田県,1723,HATO,秋田県,3052,EULECA,秋田県,0,,-
EPOLIS,This Is Club Musik feat. 大久保紅葉,0,,-,970,KKR,秋田県,1514,SHUN-X,秋田県,2549,MXX,秋田県,0,,-
EPOLIS,Time Distortion pt.2(IIDX Edit),0,,-,1169,IIDX33,秋田県,1803,RETRY,秋田県,2893,MXX,秋田県,0,,-
EPOLIS,TITANIUM RIDERS,0,,-,838,NAO,秋田県,1411,*RIJU*,秋田県,2083,Y-I.,秋田県,0,,-
EPOLIS,Too Late Snow,0,,-,571,SRM,秋田県,1331,TORU.K,秋田県,1977,DMOMOI,秋田県,0,,-
EPOLIS,TRIP THE DEEP,0,,-,979,KOB.SS,秋田県,1521,DEF,秋田県,2428,NU-,秋田県,0,,-
EPOLIS,Tripping Jumping,0,,-,515,IIDX33,秋田県,1495,DEF,秋田県,2187,HATO,秋田県,0,,-
EPOLIS,Vermilion Carol,0,,-,1232,ALEPH,秋田県,2171,EULECA,秋田県,3564,EULECA,秋田県,0,,-
EPOLIS,Vulnerability,0,,-,1246,TORU.K,秋田県,1833,K.AI,秋田県,3515,EULECA,秋田県,0,,-
EPOLIS,WaterCube Pf.(RX-Ver.S.P.L.),0,,-,462,IIDX33,秋田県,1173,JOVAN,秋田県,2094,EOTOKO,秋田県,0,,-
EPOLIS,winkle 2 winkle,0,,-,1005,RETRY,秋田県,1718,*RIJU*,秋田県,2776,EULECA,秋田県,0,,-
EPOLIS,Xb10r,0,,-,1114,NAO,秋田県,2174,S-I-N,秋田県,3449,EULECA,秋田県,0,,-
EPOLIS,ZEROIN ON THE LIGHT,0,,-,1003,IIDX32,秋田県,1635,HIRO77,秋田県,2599,MXX,秋田県,0,,-
EPOLIS,《PL|RAYER》,0,,-,676,SRM,秋田県,1601,HOLO-,秋田県,2791,EULECA,秋田県,0,,-
EPOLIS,ちゅ、多様性。,213,KKR,秋田県,500,NAO,秋田県,1055,JOVAN,秋田県,1829,SLPLEO,秋田県,2219,NU-,秋田県
EPOLIS,ないないルーティン,0,,-,562,AU-MIN,秋田県,1221,YUT0,秋田県,2005,HATO,秋田県,0,,-
EPOLIS,めうめうぺったんたん！！ (ZAQUVA Remix),0,,-,970,KULEA,秋田県,1766,YUT0,秋田県,2755,EULECA,秋田県,0,,-
EPOLIS,れとりば！,0,,-,811,KULEA,秋田県,1261,JOVAN,秋田県,2048,MXX,秋田県,0,,-
EPOLIS,アイドル,263,IIDX33,秋田県,876,DEF,秋田県,1481,DEF,秋田県,2561,EULECA,秋田県,3123,EULECA,秋田県
EPOLIS,アタシ完全絶対正義ちゃん！,0,,-,491,YUKI*,秋田県,1466,RETRY,秋田県,2115,HATO,秋田県,0,,-
EPOLIS,シンデレラ,514,KKR,秋田県,521,YUKI*,秋田県,1470,HIRO77,秋田県,2184,EULECA,秋田県,0,,-
EPOLIS,センチメンタル・サマー,0,,-,416,HGK,秋田県,1085,JOVAN,秋田県,1965,HATO,秋田県,0,,-
EPOLIS,デビルじゃないもん,335,KULEA,秋田県,769,NAO,秋田県,1253,HIRO77,秋田県,2065,EULECA,秋田県,0,,-
EPOLIS,フォニイ,610,KKR,秋田県,1163,NAO,秋田県,1957,KOB.SS,秋田県,2872,EULECA,秋田県,3904,EULECA,秋田県
EPOLIS,ポラリスノウタ,273,IIDX33,秋田県,752,JOBMAN,秋田県,1557,SHUN-X,秋田県,2246,EULECA,秋田県,0,,-
EPOLIS,マーシャル・マキシマイザー,410,696,秋田県,744,YUKI,秋田県,1403,KOB.SS,秋田県,2141,MIYU*,秋田県,0,,-
EPOLIS,ラビットホール,662,KKR,秋田県,1396,K.AI,秋田県,1963,KOB.SS,秋田県,2892,EULECA,秋田県,0,,-
EPOLIS,リメンバーリメンバー,0,,-,514,K.AI,秋田県,962,DEF,秋田県,1654,7NEKO,秋田県,0,,-
EPOLIS,今宵、ロマンス横丁。,0,,-,1104,TORU.K,秋田県,2083,S-I-N,秋田県,3242,EULECA,秋田県,0,,-
EPOLIS,勇者,353,KULEA,秋田県,765,KKR,秋田県,1400,DEF,秋田県,2447,EULECA,秋田県,0,,-
EPOLIS,可愛くてごめん,259,MARIN,秋田県,575,NZ*MYU,秋田県,1291,JOVAN,秋田県,2245,EULECA,秋田県,2760,EULECA,秋田県
EPOLIS,唱,185,TEMPU*,秋田県,429,KULEA,秋田県,910,JOVAN,秋田県,1708,EOTOKO,秋田県,0,,-
EPOLIS,夏風邪デスコ,318,K.AI,秋田県,768,NAO,秋田県,1690,*RIJU*,秋田県,2644,EULECA,秋田県,0,,-
EPOLIS,夢縁,0,,-,1019,KULEA,秋田県,1871,KOB.SS,秋田県,2950,MXX,秋田県,0,,-
EPOLIS,寝起きヤシの木,448,KULEA,秋田県,984,NAO,秋田県,1747,AU-MIN,秋田県,2734,HATO,秋田県,3403,EULECA,秋田県
EPOLIS,惑星鉄道,0,,-,1073,S-I-N,秋田県,1968,EULECA,秋田県,2738,EULECA,秋田県,0,,-
EPOLIS,愛包ダンスホール,317,KULEA,秋田県,894,SHUN-X,秋田県,1291,DAIJIN,秋田県,2533,NU-,秋田県,0,,-
EPOLIS,摩天楼,0,,-,493,HGK,秋田県,1322,SATC,秋田県,2527,EULECA,秋田県,0,,-
EPOLIS,未完成ノ蒸氣驅動乙女,0,,-,917,INTECH,秋田県,1985,PAN,秋田県,2905,EULECA,秋田県,0,,-
EPOLIS,果たせぬ約束 ft. 小林マナ,0,,-,1150,MA02RI,秋田県,1769,TORU.K,秋田県,2962,EULECA,秋田県,0,,-
EPOLIS,残像ニ繋ガレタ追憶ノHIDEAWAY,0,,-,1061,IIDX33,秋田県,2269,Y-I.,秋田県,3521,EULECA,秋田県,0,,-
EPOLIS,流桜ノ門,0,,-,965,NAO,秋田県,1471,TORU.K,秋田県,2113,EULECA,秋田県,0,,-
EPOLIS,"灼熱Beach Side Bunny (かめりあ's ""Summertime D'n'B"" Remix)",0,,-,1056,AU-MIN,秋田県,1901,KOB.SS,秋田県,2965,HATO,秋田県,0,,-
EPOLIS,神様、つれない。,0,,-,520,IIDX33,秋田県,1247,JOBMAN,秋田県,2108,EOTOKO,秋田県,0,,-
EPOLIS,終焔のClaudia,0,,-,864,HCR,秋田県,1745,KOB.SS,秋田県,2711,EULECA,秋田県,0,,-
EPOLIS,酔いどれ知らず,251,KULEA,秋田県,725,KULEA,秋田県,1207,YUT0,秋田県,2162,MXX,秋田県,0,,-
EPOLIS,閉塞的フレーション,0,,-,961,JOBMAN,秋田県,1590,AU-MIN,秋田県,2410,EULECA,秋田県,0,,-
EPOLIS,雫,0,,-,937,SHUN-X,秋田県,2002,KOB.SS,秋田県,2588,MIYU*,秋田県,0,,-
EPOLIS,電光,0,,-,930,NAO,秋田県,1788,87MARU,秋田県,2922,EULECA,秋田県,0,,-
EPOLIS,電子になりたい,0,,-,798,KKR,秋田県,1328,YUT0,秋田県,1936,ECTHEL,秋田県,0,,-
EPOLIS,電腦都市,0,,-,1259,RETRY,秋田県,2109,KOB.SS,秋田県,3318,EULECA,秋田県,0,,-
Pinky Crush,1116,0,,-,1076,TORU.K,秋田県,1789,S-I-N,秋田県,2966,EULECA,秋田県,0,,-
Pinky Crush,ADAMANT,0,,-,998,KULEA,秋田県,1779,RETRY,秋田県,2955,EULECA,秋田県,0,,-
Pinky Crush,Aqvion,0,,-,1189,K.AI,秋田県,1948,HATO,秋田県,3436,EULECA,秋田県,0,,-
Pinky Crush,Arcanos,0,,-,632,SHUN-X,秋田県,1131,YUT0,秋田県,1950,EULECA,秋田県,0,,-
Pinky Crush,Bang-Boo Bumble,0,,-,1137,K.AI,秋田県,1848,AKAMA,秋田県,2889,EULECA,秋田県,0,,-
Pinky Crush,Bling-Bang-Bang-Born,337,KKR,秋田県,609,USA9!3,秋田県,1066,TORU.K,秋田県,1849,KOB.SS,秋田県,2042,HATO,秋田県
Pinky Crush,Bring The Fire,0,,-,1076,DOYAKO,秋田県,1754,RETRY,秋田県,3350,EULECA,秋田県,0,,-
Pinky Crush,Butterfly Twist,0,,-,1030,K.AI,秋田県,1461,696,秋田県,2660,KT194,秋田県,0,,-
Pinky Crush,CHAOTIC SUNBIRD,0,,-,954,NAO,秋田県,1542,RETRY,秋田県,3174,EULECA,秋田県,0,,-
Pinky Crush,Chasing After YOU ～夢の欠片～ ft. 小林マナ,0,,-,917,NAO,秋田県,1365,RETRY,秋田県,2013,MIYU*,秋田県,0,,-
Pinky Crush,Constellation,0,,-,968,K.AI,秋田県,1627,RETRY,秋田県,2748,MXX,秋田県,0,,-
Pinky Crush,COSMIC V3LOCITY,0,,-,1185,NAO,秋田県,2254,MIYU*,秋田県,3311,EULECA,秋田県,0,,-
Pinky Crush,Cross Fire,0,,-,1012,SHUN-X,秋田県,2059,K.AI,秋田県,3311,EULECA,秋田県,0,,-
Pinky Crush,destination,0,,-,918,NAO,秋田県,2020,KOB.SS,秋田県,3334,EULECA,秋田県,0,,-
Pinky Crush,Digital Radiance,0,,-,917,SRM,秋田県,1288,KULEA,秋田県,1982,EULECA,秋田県,0,,-
Pinky Crush,DIVINE JUDGEMENT,0,,-,978,NAO,秋田県,1860,KOB.SS,秋田県,2706,EULECA,秋田県,0,,-
Pinky Crush,Dreamship,0,,-,920,DEF,秋田県,1334,DEF,秋田県,1928,TOROKU,秋田県,0,,-
Pinky Crush,Drop Syndicate,0,,-,1072,KULEA,秋田県,1713,*RIJU*,秋田県,3509,EULECA,秋田県,0,,-
Pinky Crush,Eleanor,0,,-,658,IIDX33,秋田県,1281,SATC,秋田県,2371,MXX,秋田県,0,,-
Pinky Crush,ELYSIUM,0,,-,856,KKR,秋田県,1511,K.AI,秋田県,2648,MXX,秋田県,0,,-
Pinky Crush,everlastingeuphoria:,0,,-,1064,SHUN-X,秋田県,1643,HATO,秋田県,2417,EULECA,秋田県,0,,-
Pinky Crush,EX-MASSIVE FIGHTER,0,,-,1138,NAO,秋田県,1892,RETRY,秋田県,3313,EULECA,秋田県,0,,-
Pinky Crush,EYE OF THE HEAVEN,0,,-,955,NAO,秋田県,2175,S-I-N,秋田県,3503,EULECA,秋田県,0,,-
Pinky Crush,FERMI PARADOX,0,,-,1112,YUT0,秋田県,1580,YUT0,秋田県,2495,EULECA,秋田県,0,,-
Pinky Crush,Fiery Stallion,0,,-,837,NAO,秋田県,1543,YUT0,秋田県,2343,MXX,秋田県,0,,-
Pinky Crush,Flamingo,0,,-,1071,K.AI,秋田県,2181,87MARU,秋田県,3333,MXX,秋田県,0,,-
Pinky Crush,FlyAway,0,,-,1129,AK,秋田県,2022,HATO,秋田県,3065,EULECA,秋田県,0,,-
Pinky Crush,Galaxy Collapse,0,,-,830,K.AI,秋田県,1153,YURA,秋田県,1868,TOROKU,秋田県,0,,-
Pinky Crush,get set mind,0,,-,925,NAO,秋田県,1472,YUT0,秋田県,2410,EOTOKO,秋田県,0,,-
Pinky Crush,God Mind,0,,-,1528,HATO,秋田県,2569,HATO,秋田県,3968,EULECA,秋田県,0,,-
Pinky Crush,Good Looking,0,,-,707,NAO,秋田県,1215,SHUN-X,秋田県,2020,MXX,秋田県,0,,-
Pinky Crush,Here We Go Now,0,,-,1068,NAO,秋田県,2172,Y-I.,秋田県,3272,MXX,秋田県,0,,-
Pinky Crush,hora de verdad,0,,-,990,KKR,秋田県,1887,KOB.SS,秋田県,2934,MXX,秋田県,0,,-
Pinky Crush,IN BETWEEN,0,,-,913,K.AI,秋田県,1463,DEF,秋田県,2338,MIYU*,秋田県,0,,-
Pinky Crush,KOTONOHA ft. Kotoha,0,,-,763,NAO,秋田県,1229,YUT0,秋田県,1926,Y-I.,秋田県,0,,-
Pinky Crush,Lightspeed,0,,-,1213,SHUN-X,秋田県,2058,HATO,秋田県,3078,EULECA,秋田県,0,,-
Pinky Crush,lowercase lifetime,0,,-,972,NAO,秋田県,1880,RETRY,秋田県,2644,DMOMOI,秋田県,0,,-
Pinky Crush,Lycoris,0,,-,724,SHUN-X,秋田県,1300,SHUN-X,秋田県,2028,EULECA,秋田県,0,,-
Pinky Crush,MARLIN,0,,-,1139,KKR,秋田県,2110,87MARU,秋田県,3439,EULECA,秋田県,0,,-
Pinky Crush,Mid-Corner (Magic Maker),0,,-,1129,SHUN-X,秋田県,1731,RETRY,秋田県,3050,EULECA,秋田県,0,,-
Pinky Crush,Mighty Cutie,0,,-,1156,K.AI,秋田県,1857,SHUN-X,秋田県,2736,EULECA,秋田県,0,,-
Pinky Crush,MVP,0,,-,714,SRM,秋田県,1502,TANUKI,秋田県,2550,MXX,秋田県,0,,-
Pinky Crush,NOIXIA,0,,-,1325,TORU.K,秋田県,2120,KOB.SS,秋田県,3854,EULECA,秋田県,0,,-
Pinky Crush,PERFECT HUMAN,508,KKR,秋田県,802,NAO,秋田県,1348,HIRO77,秋田県,2168,EOTOKO,秋田県,0,,-
Pinky Crush,Pinky Happy Crazy,0,,-,1327,87MARU,秋田県,2414,87MARU,秋田県,3493,EULECA,秋田県,0,,-
Pinky Crush,PIT A PAT,0,,-,957,NAO,秋田県,1742,NYAS22,秋田県,2507,MXX,秋田県,0,,-
Pinky Crush,Plazma,258,KULEA,秋田県,689,K.AI,秋田県,1224,DEF,秋田県,1985,MXX,秋田県,2755,EULECA,秋田県
Pinky Crush,Plea Per Phase,0,,-,1033,K.AI,秋田県,1679,OKE,秋田県,2737,EULECA,秋田県,0,,-
Pinky Crush,PopなEDEN,0,,-,634,IIDX33,秋田県,1474,SHUN-X,秋田県,2407,MXX,秋田県,0,,-
Pinky Crush,Raspberry Potion (feat.あれたん & ぎゃるのしん☆),0,,-,819,NAO,秋田県,1719,K.AI,秋田県,2460,EULECA,秋田県,0,,-
Pinky Crush,RAVE SYNDROME,0,,-,950,NAO,秋田県,1613,HK,秋田県,2726,TOROKU,秋田県,0,,-
Pinky Crush,Roar of Chronos,0,,-,1164,NAO,秋田県,2091,MO,秋田県,3851,EULECA,秋田県,0,,-
Pinky Crush,Satellite Burst,0,,-,997,ISHIDA,秋田県,2023,NU,秋田県,3781,EULECA,秋田県,0,,-
Pinky Crush,Secret Rouge,0,,-,808,KKR,秋田県,1533,YUT0,秋田県,2299,KT194,秋田県,0,,-
Pinky Crush,Shirdal,0,,-,872,K.AI,秋田県,1422,*RIJU*,秋田県,2337,USA9!3,秋田県,0,,-
Pinky Crush,Show Me All Your Love,0,,-,1123,K.AI,秋田県,1932,K.AI,秋田県,2897,EULECA,秋田県,0,,-
Pinky Crush,SISYPHUS,0,,-,967,TORU.K,秋田県,1630,S-I-N,秋田県,2552,EULECA,秋田県,0,,-
Pinky Crush,Skratch Education Lv-1,0,,-,1045,K.AI,秋田県,1751,HATO,秋田県,2569,HATO,秋田県,0,,-
Pinky Crush,Slumber☆Party,0,,-,830,K.AI,秋田県,1540,SATC,秋田県,2203,EOTOKO,秋田県,0,,-
Pinky Crush,Space In Time,0,,-,631,TOMO,秋田県,1489,DEF,秋田県,1931,HATO,秋田県,0,,-
Pinky Crush,Stargazing Trip ～星 探す旅～ ft. 小林マナ,0,,-,1026,HGRKTR,秋田県,1758,DEF,秋田県,2662,EULECA,秋田県,0,,-
Pinky Crush,SUPER HEROINE!!,0,,-,929,K.AI,秋田県,1506,YUT0,秋田県,2242,EULECA,秋田県,0,,-
Pinky Crush,SμG@R RU$#,0,,-,1406,-GEAR-,秋田県,2337,HATO,秋田県,3387,EULECA,秋田県,0,,-
Pinky Crush,TECHNO RUMBLE,0,,-,1099,SHUN-X,秋田県,1809,HATO,秋田県,2814,MXX,秋田県,0,,-
Pinky Crush,u gotta beat,0,,-,1210,AK,秋田県,2040,KOB.SS,秋田県,3431,EULECA,秋田県,0,,-
Pinky Crush,Uaigh Gealai,0,,-,1203,SHUN-X,秋田県,2047,PAN,秋田県,3749,EULECA,秋田県,0,,-
Pinky Crush,uen,0,,-,1289,SATC,秋田県,2077,HATO,秋田県,2962,EULECA,秋田県,0,,-
Pinky Crush,Vibing! Shake it!,0,,-,899,NAO,秋田県,1568,HIRO77,秋田県,2397,HATO,秋田県,0,,-
Pinky Crush,Without Heaven,0,,-,1239,SHUN-X,秋田県,2045,OKE,秋田県,3584,EULECA,秋田県,0,,-
Pinky Crush,XHRONOXAPSULΞ,0,,-,1093,1MB,秋田県,2171,Q-SILV,秋田県,3694,EULECA,秋田県,0,,-
Pinky Crush,えだまめカレークッキング,400,IIDX33,秋田県,769,KKR,秋田県,1265,MIYU*,秋田県,2130,EULECA,秋田県,0,,-
Pinky Crush,きみのせかい,0,,-,1006,K.AI,秋田県,1551,SATC,秋田県,2794,EULECA,秋田県,0,,-
Pinky Crush,きゅうくらりん,422,IIDX33,秋田県,820,NAO,秋田県,1586,YUT0,秋田県,2356,MXX,秋田県,0,,-
Pinky Crush,アラビアン ハイパー ナイト,0,,-,1192,TORU.K,秋田県,1827,K.AI,秋田県,3232,EULECA,秋田県,0,,-
Pinky Crush,イガク,309,KULEA,秋田県,782,KKR,秋田県,1429,HK,秋田県,2028,TOROKU,秋田県,2966,EULECA,秋田県
Pinky Crush,エクスプロウル,0,,-,946,K.AI,秋田県,1515,YUT0,秋田県,2391,EULECA,秋田県,0,,-
Pinky Crush,オッドラヴィ,362,IIDX33,秋田県,964,KULEA,秋田県,1641,HIRO77,秋田県,2505,EULECA,秋田県,0,,-
Pinky Crush,オブソミート,228,KULEA,秋田県,872,DEF,秋田県,1474,*RIJU*,秋田県,2372,EULECA,秋田県,0,,-
Pinky Crush,キスキツネ,182,IIDX33,秋田県,886,-GEAR-,秋田県,1406,RETRY,秋田県,2350,MXX,秋田県,0,,-
Pinky Crush,ギャ・ギャ・ギャ・ギャラクシー！,0,,-,916,K.AI,秋田県,1557,YUT0,秋田県,2342,EULECA,秋田県,0,,-
Pinky Crush,ゲシュタルト,371,IIDX33,秋田県,788,IIDX33,秋田県,1560,DEF,秋田県,2450,EULECA,秋田県,3294,MIYU*,秋田県
Pinky Crush,スキッテイエェエエェ!!!!,0,,-,1459,YUT0,秋田県,2561,HATO,秋田県,4190,EULECA,秋田県,0,,-
Pinky Crush,スパークリング☆彡ハイパーチューン！！,0,,-,978,IIDX33,秋田県,2097,OKE,秋田県,3617,EULECA,秋田県,0,,-
Pinky Crush,ドリムチウ,0,,-,828,NAO,秋田県,1440,SATC,秋田県,2510,MXX,秋田県,0,,-
Pinky Crush,ドーナツホール 2024,336,IIDX33,秋田県,916,OKAYOU,秋田県,1540,RETRY,秋田県,2339,EULECA,秋田県,0,,-
Pinky Crush,ハオ,281,KULEA,秋田県,819,KKR,秋田県,1673,DEF,秋田県,2788,MXX,秋田県,0,,-
Pinky Crush,ハルイロメロディー,0,,-,837,NAO,秋田県,1380,TORU.K,秋田県,2203,EULECA,秋田県,0,,-
Pinky Crush,ビビデバ,249,KULEA,秋田県,779,DEF,秋田県,1296,DEF,秋田県,2013,EULECA,秋田県,0,,-
Pinky Crush,ファイナルレター,0,,-,992,K.AI,秋田県,1771,KOB.SS,秋田県,2603,EULECA,秋田県,0,,-
Pinky Crush,メズマライザー,564,KKR,秋田県,1150,DEF,秋田県,1727,DEF,秋田県,2698,EULECA,秋田県,0,,-
Pinky Crush,ロマンシングエスケープ,0,,-,403,KULEA,秋田県,1123,7NEKO,秋田県,1797,TOROKU,秋田県,0,,-
Pinky Crush,天使のカンタータ -Cantata of Angels-,0,,-,1118,NAO,秋田県,2064,87MARU,秋田県,3993,EULECA,秋田県,0,,-
Pinky Crush,弾幕信仰,0,,-,1063,K.AI,秋田県,1603,DEF,秋田県,2487,EULECA,秋田県,0,,-
Pinky Crush,我ら完全無敵のアイドル!!,233,IIDX33,秋田県,961,KULEA,秋田県,1644,HATO,秋田県,2497,EULECA,秋田県,0,,-
Pinky Crush,断罪の一花,0,,-,842,SHUN-X,秋田県,1444,TORU.K,秋田県,2521,EULECA,秋田県,0,,-
Pinky Crush,最強頂戴girl,0,,-,808,NAO,秋田県,1388,YUT0,秋田県,2139,MXX,秋田県,0,,-
Pinky Crush,朱と碧のランページ,0,,-,1016,K.AI,秋田県,1611,HIRO77,秋田県,2425,EOTOKO,秋田県,0,,-
Pinky Crush,消極的セツナイズム,0,,-,883,NAO,秋田県,1477,RETRY,秋田県,2271,EULECA,秋田県,0,,-
Pinky Crush,灼熱 Lost Summer Dayz,0,,-,1032,TORU.K,秋田県,1868,KOB.SS,秋田県,2659,EULECA,秋田県,0,,-
Pinky Crush,無双,0,,-,1134,SHUN-X,秋田県,1894,AKAMA,秋田県,3264,EULECA,秋田県,0,,-
Pinky Crush,爆ぜりゃんせ,0,,-,1130,K.AI,秋田県,1900,HATO,秋田県,2900,EULECA,秋田県,0,,-
Pinky Crush,覚悟せよ！エンタンメ～ン ～より身の切り売り自暴自棄版～,0,,-,1067,K.AI,秋田県,1855,KOB.SS,秋田県,2795,HATO,秋田県,0,,-
Pinky Crush,進捗ダメダメです,278,KULEA,秋田県,721,NAO,秋田県,1549,DEF,秋田県,2212,KT194,秋田県,0,,-
Pinky Crush,飴玉,0,,-,470,SRM,秋田県,810,RETRY,秋田県,1355,TOROKU,秋田県,0,,-
Pinky Crush,ＰＡＳＴＥＬＩＳＭ,0,,-,1043,K.AI,秋田県,1409,YUT0,秋田県,2064,MIYU*,秋田県,0,,-
Sparkle Shower,2 Be Continued,0,,-,1050,K.AI,秋田県,1981,HATO,秋田県,3599,EULECA,秋田県,0,,-
Sparkle Shower,A Certified Rave Moment,0,,-,1014,K.AI,秋田県,1749,HATO,秋田県,2706,TOROKU,秋田県,0,,-
Sparkle Shower,ACID VISION,0,,-,1120,HATO,秋田県,1645,HATO,秋田県,1793,EULECA,秋田県,0,,-
Sparkle Shower,AGETEKE ONDO,0,,-,1023,K.AI,秋田県,1632,HATO,秋田県,2566,TOROKU,秋田県,0,,-
Sparkle Shower,Amor∞Fati,0,,-,1253,HATO,秋田県,2480,MXX,秋田県,4029,EULECA,秋田県,0,,-
Sparkle Shower,Any％,0,,-,1164,DEF,秋田県,2096,HATO,秋田県,3459,EULECA,秋田県,0,,-
Sparkle Shower,Astra Blaze,0,,-,1192,K.AI,秋田県,2226,OSANPO,秋田県,3292,EULECA,秋田県,0,,-
Sparkle Shower,Bang Bang Dance,0,,-,842,K.AI,秋田県,1729,HATO,秋田県,2750,EULECA,秋田県,0,,-
Sparkle Shower,BattleRoyal,0,,-,1109,HATO,秋田県,1724,HATO,秋田県,2519,TOROKU,秋田県,0,,-
Sparkle Shower,Begin,0,,-,1021,HATO,秋田県,2005,Y-I.,秋田県,3183,EULECA,秋田県,0,,-
Sparkle Shower,BitRacer,0,,-,1114,HATO,秋田県,2056,HATO,秋田県,3347,EULECA,秋田県,0,,-
Sparkle Shower,Bloom,0,,-,692,K.AI,秋田県,1181,HATO,秋田県,1798,MXX,秋田県,0,,-
Sparkle Shower,blue anthem,0,,-,1189,HATO,秋田県,1713,HATO,秋田県,2894,EULECA,秋田県,0,,-
Sparkle Shower,Caramel Pain,236,DEF,秋田県,646,K.AI,秋田県,1042,HATO,秋田県,1644,EULECA,秋田県,0,,-
Sparkle Shower,Catch ya Getcha!,0,,-,1051,HATO,秋田県,1971,HATO,秋田県,2738,TOROKU,秋田県,0,,-
Sparkle Shower,chaplet -IIDX re:build-,0,,-,1012,HATO,秋田県,1903,HATO,秋田県,2841,EULECA,秋田県,0,,-
Sparkle Shower,COLOR BURST,205,S-I-N,秋田県,783,HATO,秋田県,1383,HATO,秋田県,2169,EULECA,秋田県,0,,-
Sparkle Shower,Countdown to Heaven or Hell,0,,-,1264,HATO,秋田県,1981,HATO,秋田県,3002,EULECA,秋田県,0,,-
Sparkle Shower,D.K.N. ON,0,,-,1034,87MARU,秋田県,1959,HATO,秋田県,2654,EULECA,秋田県,0,,-
Sparkle Shower,Digitized Ocean,0,,-,1175,-GEAR-,秋田県,2001,NERGAL,秋田県,3413,EULECA,秋田県,0,,-
Sparkle Shower,Disco Killer Music Lover,0,,-,1098,K.AI,秋田県,1830,HATO,秋田県,2981,EULECA,秋田県,0,,-
Sparkle Shower,Dolphin Kick,0,,-,1491,HATO,秋田県,2138,HATO,秋田県,3500,EULECA,秋田県,0,,-
Sparkle Shower,Dusk Endir,0,,-,1049,HATO,秋田県,2254,HATO,秋田県,3281,EULECA,秋田県,0,,-
Sparkle Shower,ESPRIT ONE,0,,-,1286,HATO,秋田県,1784,HATO,秋田県,2891,MXX,秋田県,0,,-
Sparkle Shower,Ex-Otogibanashi,172,HATO,秋田県,464,HATO,秋田県,960,HATO,秋田県,1586,EULECA,秋田県,0,,-
Sparkle Shower,Fashion Fruit,0,,-,1072,K.AI,秋田県,1940,HATO,秋田県,2985,EULECA,秋田県,0,,-
Sparkle Shower,fixer,0,,-,838,K.AI,秋田県,1697,KOB.SS,秋田県,3403,EULECA,秋田県,0,,-
Sparkle Shower,FIZZY FIZZY POP,0,,-,847,HATO,秋田県,1565,HATO,秋田県,2224,EULECA,秋田県,0,,-
Sparkle Shower,FiZZλ_POT!0N,0,,-,1397,HATO,秋田県,2046,HATO,秋田県,3379,EULECA,秋田県,0,,-
Sparkle Shower,From Human Blood,0,,-,1221,-GEAR-,秋田県,2069,Y-I.,秋田県,3544,EULECA,秋田県,0,,-
Sparkle Shower,Funky Quirky,0,,-,930,HATO,秋田県,1887,HATO,秋田県,2557,EULECA,秋田県,0,,-
Sparkle Shower,Get Into The Groove feat.WaMi,0,,-,977,HATO,秋田県,1405,HATO,秋田県,2260,MXX,秋田県,0,,-
Sparkle Shower,Gimme a Big Beat(青龍 Remix),0,,-,1261,HATO,秋田県,2315,HATO,秋田県,3054,EULECA,秋田県,0,,-
Sparkle Shower,GO!,0,,-,886,HATO,秋田県,1795,HATO,秋田県,2905,MXX,秋田県,0,,-
Sparkle Shower,GOLD RUSH 2025,0,,-,845,S-I-N,秋田県,1577,HATO,秋田県,2638,EOTOKO,秋田県,0,,-
Sparkle Shower,Hallucination,0,,-,1055,OSANPO,秋田県,1868,HATO,秋田県,2658,KT194,秋田県,0,,-
Sparkle Shower,HEROES,0,,-,1366,HATO,秋田県,2164,HATO,秋田県,3262,EULECA,秋田県,0,,-
Sparkle Shower,HORIZON BEATZ,0,,-,778,K.AI,秋田県,1664,HATO,秋田県,2519,EULECA,秋田県,0,,-
Sparkle Shower,HyperTwist,0,,-,1299,HATO,秋田県,2155,HATO,秋田県,3257,EULECA,秋田県,0,,-
Sparkle Shower,Ignited Night,0,,-,1092,HATO,秋田県,1513,HATO,秋田県,2315,EULECA,秋田県,0,,-
Sparkle Shower,Iridescent Memories,0,,-,1509,OSANPO,秋田県,2159,HATO,秋田県,3824,EULECA,秋田県,0,,-
Sparkle Shower,JUST SYNC ft.Kanae Asaba,0,,-,754,K.AI,秋田県,1287,HATO,秋田県,2001,MIYU*,秋田県,0,,-
Sparkle Shower,Kick The Rainbow,0,,-,1147,HATO,秋田県,2015,HATO,秋田県,2873,EULECA,秋田県,0,,-
Sparkle Shower,King of Tribe,0,,-,1117,K.AI,秋田県,2033,HATO,秋田県,3076,EULECA,秋田県,0,,-
Sparkle Shower,kors k's Let's make an Image Song!,0,,-,983,DEF,秋田県,1841,HATO,秋田県,2676,MXX,秋田県,0,,-
Sparkle Shower,Last Card,0,,-,1069,HATO,秋田県,1877,HATO,秋田県,2999,EULECA,秋田県,0,,-
Sparkle Shower,LEMON MELON COOKIE,370,K.AI,秋田県,818,K.AI,秋田県,1550,K.AI,秋田県,2240,HATO,秋田県,0,,-
Sparkle Shower,Limelight,0,,-,1142,HATO,秋田県,1906,HATO,秋田県,2992,EULECA,秋田県,0,,-
Sparkle Shower,Lisa-RICCIA,514,HATO,秋田県,1241,K.AI,秋田県,2210,HATO,秋田県,3310,EULECA,秋田県,4465,EULECA,秋田県
Sparkle Shower,Makin' It,0,,-,1055,KOB.SS,秋田県,1607,HATO,秋田県,2494,ECTHEL,秋田県,0,,-
Sparkle Shower,Memoria Obscura,0,,-,1012,K.AI,秋田県,2158,Y-I.,秋田県,4013,EULECA,秋田県,0,,-
Sparkle Shower,Meteor☆Shower,0,,-,965,K.AI,秋田県,2026,HATO,秋田県,2894,EULECA,秋田県,0,,-
Sparkle Shower,Mighty Beat Monsterz,0,,-,1246,HATO,秋田県,1919,HATO,秋田県,3131,EULECA,秋田県,0,,-
Sparkle Shower,MOCHIMOCHI DREAMIN!!,0,,-,1135,HATO,秋田県,1835,HATO,秋田県,2941,MXX,秋田県,0,,-
Sparkle Shower,Nemophila,0,,-,1039,OSANPO,秋田県,1791,HATO,秋田県,2710,MXX,秋田県,0,,-
Sparkle Shower,Nyan Nyan University,0,,-,934,HATO,秋田県,1606,HATO,秋田県,2526,HATO,秋田県,0,,-
Sparkle Shower,OMEGA,0,,-,1086,HATO,秋田県,2069,OSANPO,秋田県,3316,EULECA,秋田県,0,,-
Sparkle Shower,PALETTE,365,HATO,秋田県,882,K.AI,秋田県,1461,HATO,秋田県,2049,EULECA,秋田県,0,,-
Sparkle Shower,PERFECT GREAT!!,0,,-,1289,K.AI,秋田県,2350,HATO,秋田県,3783,EULECA,秋田県,0,,-
Sparkle Shower,pique,0,,-,1138,HATO,秋田県,2016,HATO,秋田県,2958,EULECA,秋田県,0,,-
Sparkle Shower,RALLY '25,0,,-,1217,HATO,秋田県,2135,HATO,秋田県,3158,EULECA,秋田県,0,,-
Sparkle Shower,REcorrection,0,,-,592,HATO,秋田県,1078,HATO,秋田県,1583,MXX,秋田県,0,,-
Sparkle Shower,Regina vespaE,0,,-,1249,K.AI,秋田県,2202,HATO,秋田県,3519,EULECA,秋田県,0,,-
Sparkle Shower,RIZING-GAMERS.,0,,-,1046,K.AI,秋田県,2220,HATO,秋田県,3309,EULECA,秋田県,0,,-
Sparkle Shower,RUINA,0,,-,935,HATO,秋田県,1747,HATO,秋田県,2753,EULECA,秋田県,0,,-
Sparkle Shower,Second Heaven(Mamonis Remix),0,,-,930,HATO,秋田県,1637,HATO,秋田県,2467,EULECA,秋田県,0,,-
Sparkle Shower,SHINING☆DANCE,0,,-,869,K.AI,秋田県,1566,HATO,秋田県,2434,EULECA,秋田県,0,,-
Sparkle Shower,Shooting Star,233,DEF,秋田県,840,K.AI,秋田県,1503,HATO,秋田県,2434,EULECA,秋田県,0,,-
Sparkle Shower,Show Time,0,,-,848,87MARU,秋田県,1414,HATO,秋田県,1984,MXX,秋田県,0,,-
Sparkle Shower,Signs and Wonders,0,,-,668,HATO,秋田県,1038,HATO,秋田県,1588,HATO,秋田県,0,,-
Sparkle Shower,SILKY BRAVE,0,,-,927,K.AI,秋田県,1594,HATO,秋田県,2357,HATO,秋田県,0,,-
Sparkle Shower,Skywalking,0,,-,908,HATO,秋田県,1439,HATO,秋田県,2303,EULECA,秋田県,0,,-
Sparkle Shower,Smintheus,0,,-,1297,HATO,秋田県,2354,HATO,秋田県,3426,EULECA,秋田県,0,,-
Sparkle Shower,SnapSkipSpark,0,,-,1084,K.AI,秋田県,1899,HATO,秋田県,2895,EULECA,秋田県,0,,-
Sparkle Shower,Space Battleship S4TO,0,,-,1347,HATO,秋田県,2224,HATO,秋田県,3695,EULECA,秋田県,0,,-
Sparkle Shower,SPLASH!!!!!!!!!,0,,-,915,K.AI,秋田県,1504,HATO,秋田県,2229,TOROKU,秋田県,0,,-
Sparkle Shower,Substance,0,,-,1200,K.AI,秋田県,1716,K.AI,秋田県,2924,MXX,秋田県,0,,-
Sparkle Shower,super double play sessions,0,,-,1419,HATO,秋田県,2359,EULECA,秋田県,4127,EULECA,秋田県,0,,-
Sparkle Shower,THUNDERSTRIKE,0,,-,1278,HATO,秋田県,2057,HATO,秋田県,3387,EULECA,秋田県,0,,-
Sparkle Shower,TOKAKU=ALMiRAJ,0,,-,927,HATO,秋田県,1908,OSANPO,秋田県,2802,EULECA,秋田県,0,,-
Sparkle Shower,UNDO THE NIGHT,0,,-,1046,K.AI,秋田県,2080,HATO,秋田県,3281,EULECA,秋田県,0,,-
Sparkle Shower,Vitamin,0,,-,1164,K.AI,秋田県,1787,HATO,秋田県,2590,TOROKU,秋田県,0,,-
Sparkle Shower,voice of echo.,0,,-,1107,K.AI,秋田県,1798,HATO,秋田県,2688,EULECA,秋田県,0,,-
Sparkle Shower,Watermelon Explosion,0,,-,765,DEF,秋田県,1377,HATO,秋田県,1980,HATO,秋田県,0,,-
Sparkle Shower,Wizards!,0,,-,800,HATO,秋田県,1604,OSANPO,秋田県,2244,HATO,秋田県,0,,-
Sparkle Shower,X-Plan,0,,-,728,HATO,秋田県,1353,HATO,秋田県,2196,EULECA,秋田県,0,,-
Sparkle Shower,[E],0,,-,1499,HATO,秋田県,2214,HATO,秋田県,3388,EULECA,秋田県,0,,-
Sparkle Shower,Τeλοs,0,,-,1062,HATO,秋田県,1762,HATO,秋田県,2566,EULECA,秋田県,0,,-
Sparkle Shower,ιgniЯRuina,0,,-,1390,HATO,秋田県,2128,-GEAR-,秋田県,3477,EULECA,秋田県,0,,-
Sparkle Shower,⁽⁽ଘ( ˙꒳˙ )ଓ⁾⁾ beyond reason,0,,-,1256,-GEAR-,秋田県,2042,HATO,秋田県,3725,EULECA,秋田県,0,,-
Sparkle Shower,かわいいだけじゃだめですか？,219,DEF,秋田県,937,K.AI,秋田県,1595,HATO,秋田県,2112,HATO,秋田県,3420,EULECA,秋田県
Sparkle Shower,じぇりー じゅえる ジャングル,0,,-,1235,HATO,秋田県,1930,HATO,秋田県,3221,EULECA,秋田県,0,,-
Sparkle Shower,それが、ボクの使命～レスキュー隊長 メンキュー～,0,,-,744,-GEAR-,秋田県,1581,HATO,秋田県,2139,EULECA,秋田県,0,,-
Sparkle Shower,でんぱ どりる わんにゃー☆三,285,S-I-N,秋田県,1193,TORU.K,秋田県,2273,HATO,秋田県,3297,EULECA,秋田県,0,,-
Sparkle Shower,もんめためたもん,220,S-I-N,秋田県,856,K.AI,秋田県,1401,HATO,秋田県,2224,EULECA,秋田県,0,,-
Sparkle Shower,オーバーライド,476,HATO,秋田県,1215,K.AI,秋田県,1810,HATO,秋田県,3182,EULECA,秋田県,0,,-
Sparkle Shower,キミとえがくキセキ,0,,-,918,K.AI,秋田県,1493,87MARU,秋田県,2232,EULECA,秋田県,0,,-
Sparkle Shower,クレッシェンド,0,,-,1205,HATO,秋田県,1850,HATO,秋田県,3309,EULECA,秋田県,0,,-
Sparkle Shower,サタデーナイト☆ギャロップ,0,,-,1287,HATO,秋田県,1868,OSANPO,秋田県,4013,EULECA,秋田県,0,,-
Sparkle Shower,タンポポ,0,,-,1254,87MARU,秋田県,1901,HATO,秋田県,2651,EULECA,秋田県,0,,-
Sparkle Shower,デラむぅのでらっくす☆どり～むぅ,0,,-,827,HATO,秋田県,1322,HATO,秋田県,1958,HATO,秋田県,0,,-
Sparkle Shower,バブリン,270,DEF,秋田県,1167,K.AI,秋田県,1734,HATO,秋田県,2419,HATO,秋田県,0,,-
Sparkle Shower,ビビッド ☆+*。キラキライム,543,HATO,秋田県,1199,K.AI,秋田県,2086,HATO,秋田県,3670,EULECA,秋田県,0,,-
Sparkle Shower,ベラ・ベ・カラベラ,0,,-,1046,K.AI,秋田県,1694,HATO,秋田県,2616,HATO,秋田県,0,,-
Sparkle Shower,ベンガル vs. アムール Battle,0,,-,1325,HATO,秋田県,2076,HATO,秋田県,3608,EULECA,秋田県,0,,-
Sparkle Shower,メテオラ-meteor-,0,,-,1077,HATO,秋田県,1812,USA9!3,秋田県,2440,EULECA,秋田県,0,,-
Sparkle Shower,メルト CPK! Remix (初音ミク ver.),472,HATO,秋田県,869,HATO,秋田県,1641,HATO,秋田県,2836,EULECA,秋田県,0,,-
Sparkle Shower,ラブコメトキドキシリアス,0,,-,1254,HATO,秋田県,2032,HATO,秋田県,3658,EULECA,秋田県,0,,-
Sparkle Shower,レシピのリドル,0,,-,643,HATO,秋田県,1421,HATO,秋田県,2256,HATO,秋田県,0,,-
Sparkle Shower,三日天下モンキー,0,,-,741,HATO,秋田県,1308,HATO,秋田県,1734,HATO,秋田県,0,,-
Sparkle Shower,不死身ごっこ,263,DEF,秋田県,963,K.AI,秋田県,1484,HATO,秋田県,2481,EULECA,秋田県,0,,-
Sparkle Shower,夏色のセレナーデ,0,,-,882,K.AI,秋田県,1356,HATO,秋田県,2232,MXX,秋田県,0,,-
Sparkle Shower,夢色ワンダー,537,S-I-N,秋田県,1534,HATO,秋田県,2140,HATO,秋田県,3151,EULECA,秋田県,0,,-
Sparkle Shower,好吃来世deエレクトリック,0,,-,822,HATO,秋田県,1389,HATO,秋田県,1876,HATO,秋田県,0,,-
Sparkle Shower,恋愛観測,0,,-,696,HATO,秋田県,1433,HATO,秋田県,2454,EULECA,秋田県,0,,-
Sparkle Shower,断罪のミメシス,0,,-,1399,87MARU,秋田県,2007,87MARU,秋田県,3266,EULECA,秋田県,0,,-
Sparkle Shower,月下繚乱,0,,-,907,K.AI,秋田県,1752,HATO,秋田県,2746,EULECA,秋田県,0,,-
Sparkle Shower,煉獄コンフィチュール,0,,-,1021,K.AI,秋田県,1853,HATO,秋田県,2618,EULECA,秋田県,0,,-
Sparkle Shower,百恋ラブラスター,0,,-,741,K.AI,秋田県,1610,HATO,秋田県,2585,TOROKU,秋田県,0,,-
Sparkle Shower,色を喪った街,0,,-,1316,HATO,秋田県,2378,HATO,秋田県,3666,EULECA,秋田県,0,,-
Sparkle Shower,華麗なる！音戯探偵ひなビタ,0,,-,713,K.AI,秋田県,1325,HATO,秋田県,2206,MXX,秋田県,0,,-
Sparkle Shower,鏡像都市,0,,-,840,K.AI,秋田県,1391,HATO,秋田県,1960,HATO,秋田県,0,,-
Sparkle Shower,閃と雷管とロープ,0,,-,909,K.AI,秋田県,1413,HATO,秋田県,2544,TOROKU,秋田県,0,,-
