バージョン,タイトル,BEGINNER EXスコア,BEGINNER DJName,BEGINNER 都道府県,NORMAL EXスコア,NORMAL DJName,NORMAL 都道府県,HYPER EXスコア,HYPER DJName,HYPER 都道府県,ANOTHER EXスコア,ANOTHER DJName,ANOTHER 都道府県,LEGGENDARIA EXスコア,LEGGENDARIA DJName,LEGGENDARIA 都道府県
1st&substream,22DUNK,0,,-,442,NYA-,山形県,587,!-LL,山形県,619,R39633,山形県,0,,-
1st&substream,5.1.1.,0,,-,189,PEN9LA,山形県,867,LIZ.,山形県,1555,HIFU.S,山形県,0,,-
1st&substream,deep in you,0,,-,382,TOMO,山形県,359,KANI98,山形県,634,N-PSTL,山形県,0,,-
1st&substream,Dr.LOVE,0,,-,341,NYA-,山形県,453,NYA-,山形県,560,KA37GI,山形県,0,,-
1st&substream,GAMBOL,0,,-,260,A,山形県,269,N-PSTL,山形県,0,,-,0,,-
1st&substream,GENOM SCREAMS,0,,-,389,N-PSTL,山形県,501,SUTA,山形県,1021,MIST*,山形県,0,,-
1st&substream,gentle stress,0,,-,296,TOMO,山形県,613,N-PSTL,山形県,1405,KA37GI,山形県,0,,-
1st&substream,GRADIUSIC CYBER,0,,-,834,N-PSTL,山形県,878,NYA-,山形県,1130,KA37GI,山形県,0,,-
1st&substream,KEEP ON MOVIN',0,,-,190,ANI,山形県,240,N-PSTL,山形県,0,,-,0,,-
1st&substream,Macho Gang,0,,-,358,TAKINA,山形県,971,3V4NSS,山形県,1605,3Y2S,山形県,0,,-
1st&substream,PARANOIA MAX～DIRTY MIX～,0,,-,525,N-PSTL,山形県,0,,-,1062,EBICH.,山形県,0,,-
1st&substream,R3,0,,-,548,NYA-,山形県,690,K-ON!!,山形県,875,N-PSTL,山形県,0,,-
1st&substream,RUGGED ASH,0,,-,350,LITTLE,山形県,394,DONUTS,山形県,1059,HIFU.S,山形県,1953,3Y2S,山形県
1st&substream,THE EARTH LIGHT,0,,-,718,N-PSTL,山形県,962,STRIKE,山形県,1111,N-PSTL,山形県,0,,-
2nd style,.59,0,,-,689,N-PSTL,山形県,829,DURA,山形県,1077,AMGS,山形県,0,,-
2nd style,Digital MinD(A/T Libra mix),0,,-,502,ZZ1337,山形県,0,,-,1055,KA37GI,山形県,0,,-
2nd style,Electro Tuned(the SubS mix),0,,-,735,N-PSTL,山形県,776,BIG,山形県,982,TAKINA,山形県,0,,-
2nd style,I Was The One,0,,-,451,YUCUI,山形県,465,MINA,山形県,660,KA37GI,山形県,0,,-
2nd style,Indigo Vision(full flavour hide around mix),0,,-,176,PINO22,山形県,843,NYA-,山形県,1139,EBICH.,山形県,0,,-
2nd style,PUT YOUR FAITH IN ME(for beatmania II),0,,-,0,,-,820,ANI,山形県,0,,-,0,,-
2nd style,SP-TRIP MACHINE(for beatmania II),0,,-,477,N-PSTL,山形県,534,KOHRYU,山形県,619,KA37GI,山形県,0,,-
3rd style,CAN'T STOP FALLIN'IN LOVE,0,,-,552,B.N!,山形県,1203,AMGS,山形県,0,,-,0,,-
3rd style,Don't Stop!,0,,-,746,N-PSTL,山形県,812,K-ON!!,山形県,872,KA37GI,山形県,0,,-
3rd style,era (nostalmix),0,,-,755,NYA-,山形県,1057,3Y2S,山形県,1453,1KISG1,山形県,0,,-
3rd style,Holic,0,,-,537,N1UP,山形県,905,NYA-,山形県,1653,3Y2S,山形県,0,,-
3rd style,LEADING CYBER,0,,-,0,,-,890,KOHRYU,山形県,1219,AMGS,山形県,0,,-
3rd style,Presto,0,,-,511,N-PSTL,山形県,738,BB,山形県,981,EBICH.,山形県,0,,-
3rd style,R5,0,,-,638,NYA-,山形県,870,NYA-,山形県,1757,DEMI,山形県,0,,-
3rd style,REINCARNATION,0,,-,799,N-PSTL,山形県,850,KOHRYU,山形県,1161,KA37GI,山形県,0,,-
3rd style,Schlagwerk,0,,-,0,,-,208,MINA,山形県,1616,MIST*,山形県,0,,-
3rd style,Skyscraper,0,,-,343,N-PSTL,山形県,0,,-,1200,AMGS,山形県,0,,-
3rd style,Tangerine Stream,0,,-,143,PONSKF,山形県,384,AMGS,山形県,0,,-,0,,-
3rd style,THE SAFARI,324,WAKAMY,山形県,1015,ARUBA,山形県,1692,3Y2S,山形県,0,,-,0,,-
4th style,250bpm,0,,-,0,,-,847,GANO3,山形県,1332,MIST*,山形県,0,,-
4th style,ABSOLUTE,0,,-,1181,DURA,山形県,1597,AGETO4,山形県,2298,DEMI,山形県,2650,3Y2S,山形県
4th style,B4U,0,,-,541,N1UP,山形県,1407,KUFUFU,山形県,1979,EBI8LA,山形県,0,,-
4th style,Broken My Heart,0,,-,722,B.N!,山形県,1322,C.ANON,山形県,1765,MIST*,山形県,0,,-
4th style,Burnin' The Floor,0,,-,511,B.N!,山形県,876,BIG,山形県,1384,96SK*,山形県,0,,-
4th style,CHECKING YOU OUT,0,,-,539,C.ANON,山形県,820,HIFU.S,山形県,1293,MIST*,山形県,0,,-
4th style,Clione,0,,-,503,DUSTAR,山形県,906,DELTA*,山形県,1605,EBI8LA,山形県,2149,EBI8LA,山形県
4th style,DXY!,0,,-,1147,TARIHI,山形県,1596,CENT-R,山形県,2209,3Y2S,山形県,0,,-
4th style,empathy,0,,-,592,ZZ1337,山形県,1198,MAGURO,山形県,1369,N-PSTL,山形県,0,,-
4th style,era (step mix),0,,-,754,TOMO,山形県,1227,NYA-,山形県,1659,DEMI,山形県,0,,-
4th style,FLOWERS for ALBION,0,,-,171,MASSAN,山形県,380,ZERO-D,山形県,0,,-,0,,-
4th style,HIGHER,0,,-,251,PONSKF,山形県,0,,-,1243,MIST*,山形県,0,,-
4th style,Hitch Hiker2,0,,-,0,,-,382,MINA,山形県,1258,HIFU.S,山形県,1782,KA37GI,山形県
4th style,Jam&Marmalade,0,,-,431,S1BA,山形県,666,DOP,山形県,973,&#9787,山形県,0,,-
4th style,KAMIKAZE,0,,-,714,N1UP,山形県,747,BONTA,山形県,2279,EBI8LA,山形県,0,,-
4th style,LOVE WILL・・・,0,,-,0,,-,705,K-ON!!,山形県,1453,EBICH.,山形県,0,,-
4th style,minimalian,0,,-,0,,-,829,BB,山形県,1367,EBICH.,山形県,0,,-
4th style,Mr.T.(take me higher),0,,-,58,AGUGY,山形県,322,MKW,山形県,1691,HIFU.S,山形県,0,,-
4th style,starmine,0,,-,836,R39633,山形県,1324,CENT-R,山形県,1571,EBI8LA,山形県,0,,-
4th style,SWEET LAB,0,,-,489,N-PSTL,山形県,667,SUTA,山形県,1254,EBICH.,山形県,0,,-
4th style,Voltage (feat. Hidemaru),0,,-,538,M,山形県,1120,STRIKE,山形県,1301,MENCUE,山形県,0,,-
5th style,Abyss,0,,-,1163,BIG,山形県,1341,NYA-,山形県,1826,MIST*,山形県,0,,-
5th style,in my eyes,0,,-,776,TOMO,山形県,680,TOMO,山形県,1507,FIVE,山形県,0,,-
5th style,LOVE AGAIN TONIGHT～for Mellisa mix～,0,,-,670,B.N!,山形県,859,ARUBA,山形県,1096,3Y2S,山形県,0,,-
5th style,outer wall,0,,-,278,B,山形県,1163,TAKSAS,山形県,1745,EBI8LA,山形県,0,,-
5th style,QQQ,0,,-,1014,LOU,山形県,1511,RAUM-L,山形県,2039,NARA,山形県,0,,-
5th style,Radical Faith,0,,-,0,,-,0,,-,1269,KA37GI,山形県,0,,-
5th style,Real,0,,-,77,2RUOKA,山形県,1478,GANO3,山形県,1729,EBICH.,山形県,0,,-
5th style,Regulus,0,,-,410,NERU,山形県,1272,AGETO4,山形県,1614,HIFU.S,山形県,0,,-
5th style,RIDE ON THE LIGHT (HI GREAT MIX),0,,-,319,MSMN,山形県,1082,MIST*,山形県,1694,EBI8LA,山形県,1753,MIST*,山形県
5th style,RISLIM,0,,-,0,,-,1172,TAKINA,山形県,0,,-,0,,-
5th style,sometime,0,,-,0,,-,625,AO-TAK,山形県,1232,AMGS,山形県,0,,-
5th style,Spin the disc,0,,-,515,UJIYA.,山形県,886,KOHRYU,山形県,1242,AMGS,山形県,0,,-
5th style,STILL IN MY HEART,0,,-,720,B.N!,山形県,945,YYTGS,山形県,1885,EBI8LA,山形県,0,,-
5th style,still my words,0,,-,0,,-,1161,LIGETY,山形県,0,,-,0,,-
5th style,sync,0,,-,884,YUCKY,山形県,1480,BB,山形県,2257,ANI,山形県,0,,-
5th style,THE CUBE,0,,-,0,,-,582,HEI.DA,山形県,1248,KA37GI,山形県,0,,-
5th style,THE SHINING POLARIS,0,,-,0,,-,946,KOHRYU,山形県,1518,N-PSTL,山形県,0,,-
5th style,V,260,KA-ZU,山形県,1035,DAIWA,山形県,2310,HIFU.S,山形県,2897,EBI8LA,山形県,0,,-
6th style,"19,November",0,,-,949,KOHRYU,山形県,1168,KOHRYU,山形県,1714,MIST*,山形県,0,,-
6th style,BALLAD FOR YOU～想いの雨～,0,,-,346,SMAJ,山形県,664,RMZN,山形県,1047,OTUT,山形県,0,,-
6th style,Blueberry Stream,0,,-,628,MICKY,山形県,1026,FAB.,山形県,1590,EBICH.,山形県,0,,-
6th style,Buffalo,0,,-,578,HEI.DA,山形県,682,EEE,山形県,1800,MIST*,山形県,2258,MAETA3,山形県
6th style,Colors (radio edit),0,,-,1088,KOHRYU,山形県,1834,R113,山形県,2364,EBI8LA,山形県,0,,-
6th style,DIVE ～INTO YOUR HEART～,0,,-,1008,B.N!,山形県,1474,BB,山形県,1875,A,山形県,0,,-
6th style,fly through the night,0,,-,565,LOU,山形県,855,ALB*7S,山形県,1646,N-PSTL,山形県,0,,-
6th style,Free Style,0,,-,0,,-,0,,-,1285,EBI8LA,山形県,0,,-
6th style,Frozen Ray (original mix),0,,-,1020,YUCUI,山形県,1543,MIKO,山形県,1783,3Y2S,山形県,0,,-
6th style,G2,0,,-,1399,AGETO4,山形県,1619,AGETO4,山形県,2028,EBICH.,山形県,0,,-
6th style,L'amour et la liberte,0,,-,879,BIG,山形県,1560,3Y2S,山形県,1856,HIFU.S,山形県,0,,-
6th style,Linus,0,,-,642,KAMUI,山形県,1167,YYTGS,山形県,2054,AMGS,山形県,0,,-
6th style,NEMESIS,0,,-,469,M,山形県,1047,YYTGS,山形県,1839,EBI8LA,山形県,0,,-
6th style,rottel-da-sun,0,,-,560,ATA0KA,山形県,1053,MIYUKI,山形県,1825,EBICH.,山形県,0,,-
6th style,route 80s,0,,-,583,MORIIK,山形県,916,BB,山形県,1452,&#9787,山形県,0,,-
6th style,SOMETHING WONDERFUL,0,,-,0,,-,1058,BB,山形県,1960,EBI8LA,山形県,0,,-
6th style,Summer Vacation(CU mix),0,,-,0,,-,1753,DEMI,山形県,0,,-,0,,-
6th style,Take It Easy,0,,-,850,ASRXTX,山形県,2250,MAGURO,山形県,2462,3Y2S,山形県,0,,-
6th style,VJ ARMY,0,,-,0,,-,1322,KXAI,山形県,2159,3Y2S,山形県,0,,-
6th style,こっちを向いてよ,0,,-,656,ZZ1337,山形県,1097,FLOW*,山形県,1366,3Y2S,山形県,0,,-
7th style,A,0,,-,979,DAIWA,山形県,2022,HIFU.S,山形県,2432,3Y2S,山形県,0,,-
7th style,AVE DE RAPINA,0,,-,1129,AAAAAA,山形県,1373,MIYUKI,山形県,1743,&#9787,山形県,0,,-
7th style,Bad Routine,0,,-,593,INO,山形県,1216,SA21,山形県,1829,AMGS,山形県,0,,-
7th style,Burning Heat! (Full Option Mix),0,,-,426,SATO,山形県,734,KOHRYU,山形県,1350,COMET*,山形県,0,,-
7th style,Cheer Train,0,,-,0,,-,542,HEI.DA,山形県,1635,KA37GI,山形県,0,,-
7th style,D2R,0,,-,428,HEI.DA,山形県,1018,KOHRYU,山形県,1499,AMGS,山形県,0,,-
7th style,DESTINY,0,,-,844,B.N!,山形県,1084,KOHRYU,山形県,1829,EBICH.,山形県,0,,-
7th style,foreplay,0,,-,262,HEI.DA,山形県,1039,96SK*,山形県,1199,KA37GI,山形県,0,,-
7th style,Glorious Days,0,,-,255,LOU,山形県,745,K-ON!!,山形県,852,KA37GI,山形県,0,,-
7th style,Happy Wedding,0,,-,0,,-,1417,KURO,山形県,1775,3Y2S,山形県,0,,-
7th style,Last Message,0,,-,871,KOHRYU,山形県,1067,MIYUKI,山形県,1599,3Y2S,山形県,0,,-
7th style,Let the Snow Paint Me,0,,-,0,,-,1005,K-ON!!,山形県,1215,3Y2S,山形県,0,,-
7th style,Love Me Do,0,,-,1020,CROIT,山形県,1603,SA21,山形県,2090,1KISG1,山形県,0,,-
7th style,MAX 300,0,,-,872,DAIWA,山形県,1785,TOT,山形県,2752,EBI8LA,山形県,0,,-
7th style,Somebody Like You,0,,-,510,BOKSIL,山形県,1017,AAAAAA,山形県,1688,N-PSTL,山形県,0,,-
7th style,Spica,0,,-,229,KITUNE,山形県,1247,ALOE,山形県,2049,328,山形県,0,,-
7th style,stoic,0,,-,1216,BUS!,山形県,2108,HIFU.S,山形県,2359,DEMI,山形県,0,,-
7th style,Tomorrow Perfume,0,,-,880,IKA,山形県,1647,MACON.,山形県,1979,&#9787,山形県,0,,-
7th style,traces,0,,-,1113,M*A,山形県,1593,CENT-R,山形県,2091,3Y2S,山形県,0,,-
7th style,ZERO-ONE,0,,-,520,ZZ1337,山形県,1189,ARUBA,山形県,2219,EBI8LA,山形県,2842,EBI8LA,山形県
7th style,革命,0,,-,571,KOHRYU,山形県,1825,HIFU.S,山形県,2155,EBICH.,山形県,0,,-
8th style,abstract,0,,-,958,KOHRYU,山形県,1459,328,山形県,1751,KA37GI,山形県,0,,-
8th style,airflow,0,,-,457,KANTA,山形県,585,MIYUKI,山形県,1383,DEMI,山形県,0,,-
8th style,ALL RIGHT,0,,-,608,TOMO,山形県,683,HEI.DA,山形県,1514,KA37GI,山形県,0,,-
8th style,Attitude,0,,-,816,SINOUE,山形県,1231,KURO,山形県,1635,KA37GI,山形県,0,,-
8th style,bit mania,0,,-,650,HEI.DA,山形県,1196,K-ON!!,山形県,1851,3Y2S,山形県,0,,-
8th style,Blame,0,,-,919,B.N!,山形県,1155,BB,山形県,1900,EBI8LA,山形県,0,,-
8th style,CELEBRATE NITE,0,,-,720,B.N!,山形県,1113,A,山形県,1347,AMGS,山形県,0,,-
8th style,Colors -Y&Co. Eurobeat Remix-,0,,-,1000,ARUBA,山形県,1775,MAIYA*,山形県,2114,DEMI,山形県,0,,-
8th style,dual control,0,,-,637,KOHRYU,山形県,0,,-,1776,KJ,山形県,0,,-
8th style,Giudecca,0,,-,484,M,山形県,1562,SILVIA,山形県,2587,3Y2S,山形県,0,,-
8th style,Halfway of promise,0,,-,0,,-,1326,SA21,山形県,1794,EBI8LA,山形県,0,,-
8th style,HYPER BOUNDARY GATE,0,,-,637,HEI.DA,山形県,1134,DOP,山形県,2092,KA37GI,山形県,0,,-
8th style,LAB,0,,-,0,,-,1630,ZERO-D,山形県,1982,1KISG1,山形県,2662,EBI8LA,山形県
8th style,LOVE IS ORANGE,0,,-,388,RINNA,山形県,969,K-ON!!,山形県,1764,MIST*,山形県,2084,3Y2S,山形県
8th style,Luv 2 Feel Your Body,0,,-,0,,-,848,KOHRYU,山形県,1525,MAETA3,山形県,0,,-
8th style,memories,0,,-,889,TOMO,山形県,1631,SILVIA,山形県,2168,MIST*,山形県,0,,-
8th style,Monkey Dance,0,,-,711,B.N!,山形県,1076,KOHRYU,山形県,1954,EBICH.,山形県,0,,-
8th style,murmur twins,0,,-,947,NYA-,山形県,1531,R113,山形県,2298,3Y2S,山形県,0,,-
8th style,MUSIC TO YOUR HEAD,0,,-,0,,-,0,,-,1590,&#9787,山形県,0,,-
8th style,PLEASE DON'T GO,0,,-,0,,-,1102,IIDX32,山形県,2386,3Y2S,山形県,0,,-
8th style,rainbow flyer,0,,-,657,SINOUE,山形県,1551,R113,山形県,2026,DEMI,山形県,0,,-
8th style,symbolic,0,,-,743,1REAR7,山形県,1617,CENT-R,山形県,2214,EBICH.,山形県,0,,-
8th style,thunder,0,,-,0,,-,1394,BIG,山形県,1842,3Y2S,山形県,0,,-
8th style,WAR GAME,0,,-,549,INO,山形県,1492,AGETO4,山形県,2121,MIST*,山形県,0,,-
8th style,World Wide Love,0,,-,263,39RM,山形県,936,BB,山形県,1102,MIST*,山形県,0,,-
8th style,xenon,0,,-,790,Y.E?,山形県,1470,ZERO-D,山形県,2693,EBI8LA,山形県,0,,-
8th style,桜,0,,-,838,BIG,山形県,1441,HIFU.S,山形県,2036,3Y2S,山形県,0,,-
8th style,蒼い衝動,0,,-,773,SINOUE,山形県,877,EEE,山形県,1537,HARU*,山形県,0,,-
9th style,Abyss -The Heavens Remix-,184,MK.2K3,山形県,1244,MAOU,山形県,1683,HIFU.S,山形県,2354,EBI8LA,山形県,0,,-
9th style,ACT,0,,-,760,WAKAMY,山形県,1653,1KISG1,山形県,1740,1KISG1,山形県,0,,-
9th style,ADVANCE,0,,-,0,,-,791,ARUBA,山形県,1560,EBI8LA,山形県,0,,-
9th style,ATOMIC AGE,0,,-,0,,-,596,BIG,山形県,1289,3Y2S,山形県,0,,-
9th style,BAD BOY BASS!! (dj Remo-con MIX),0,,-,588,M,山形県,1028,YUCUI,山形県,1724,DEMI,山形県,0,,-
9th style,bag,0,,-,394,SHWANG,山形県,874,RMZN,山形県,1865,MIST*,山形県,0,,-
9th style,BRIGHTNESS DARKNESS,0,,-,504,SMAJ,山形県,1278,PEN9LA,山形県,1702,MIST*,山形県,0,,-
9th style,Cradle,0,,-,0,,-,1167,KOHRYU,山形県,1581,EBI8LA,山形県,0,,-
9th style,Distress,0,,-,829,N1UP,山形県,1767,HIFU.S,山形県,0,,-,0,,-
9th style,e-motion 2003  -romantic extra-,0,,-,395,OMU,山形県,1194,KITSCH,山形県,1946,EBI8LA,山形県,0,,-
9th style,fun,0,,-,419,KANTA,山形県,654,SUTA,山形県,1780,3Y2S,山形県,0,,-
9th style,Golden Horn,0,,-,0,,-,602,SUTA,山形県,1368,KA37GI,山形県,0,,-
9th style,HYPER EUROBEAT (2DX style),0,,-,867,KOHRYU,山形県,1194,BB,山形県,1796,MIST*,山形県,0,,-
9th style,I Was The One (80's EUROBEAT STYLE),0,,-,356,SLAP!?,山形県,1277,96SK*,山形県,1438,3Y2S,山形県,0,,-
9th style,Karma,0,,-,1017,YUCKY,山形県,1400,SILVIA,山形県,1784,MIST*,山形県,0,,-
9th style,lights,0,,-,622,YUCKY,山形県,0,,-,1733,3Y2S,山形県,0,,-
9th style,Logic Board,0,,-,765,KANTA,山形県,1504,JOKER,山形県,2260,MIST*,山形県,0,,-
9th style,LOVE SHINE,312,C-****,山形県,0,,-,1765,C.ANON,山形県,2056,EBICH.,山形県,0,,-
9th style,lower world,0,,-,639,UOXOU?,山形県,1365,ARUBA,山形県,2218,3Y2S,山形県,0,,-
9th style,Make A Difference,0,,-,599,TOMO,山形県,1418,LIGETY,山形県,2105,1KISG1,山形県,0,,-
9th style,MARIA (I believe... ),0,,-,306,LOU,山形県,1369,IIDX32,山形県,1903,MIST*,山形県,0,,-
9th style,moon_child,0,,-,879,NYA-,山形県,1809,HIFU.S,山形県,2524,EBI8LA,山形県,0,,-
9th style,one or eight,0,,-,1056,LITTLE,山形県,1730,HIFU.S,山形県,2211,EBI8LA,山形県,0,,-
9th style,PARANOIA survivor MAX,0,,-,621,YUCKY,山形県,1217,MAGURO,山形県,2048,EBI8LA,山形県,0,,-
9th style,quasar,0,,-,941,FAB.,山形県,1638,NARA,山形県,2286,3Y2S,山形県,0,,-
9th style,Quickening,0,,-,777,KOHRYU,山形県,1524,CENT-R,山形県,2084,3Y2S,山形県,0,,-
9th style,Really Love,0,,-,525,TOMO,山形県,710,KITSCH,山形県,1729,EBI8LA,山形県,0,,-
9th style,RISLIM -Remix-,0,,-,662,MICKY,山形県,545,EEE,山形県,1807,3Y2S,山形県,0,,-
9th style,rottel-the-Mercury,0,,-,918,BIG,山形県,1755,Y4CH!,山形県,2228,1KISG1,山形県,0,,-
9th style,Silvia Drive,0,,-,615,BLUE-R,山形県,1388,SA21,山形県,1935,EBICH.,山形県,0,,-
9th style,SNOW,0,,-,0,,-,1324,N-PSTL,山形県,2014,EBI8LA,山形県,0,,-
9th style,STAR FIELD,0,,-,335,PONSKF,山形県,1484,JOKER,山形県,1853,MIST*,山形県,0,,-
9th style,Sweet Sweet Magic,0,,-,842,KOHRYU,山形県,1273,DO,山形県,2007,EBICH.,山形県,0,,-
9th style,SWEETEST SAVAGE,0,,-,453,BLUE-R,山形県,1035,SUTA,山形県,1740,MIST*,山形県,0,,-
9th style,ライオン好き,0,,-,612,BIG,山形県,903,TOMO,山形県,1482,MIST*,山形県,0,,-
9th style,真夏の花・真夏の夢,0,,-,599,BALLS,山形県,930,KITSCH,山形県,1443,3Y2S,山形県,0,,-
10th style,1st Samurai,0,,-,883,N1UP,山形県,1815,HIFU.S,山形県,2484,MIST*,山形県,0,,-
10th style,ALIEN TEMPLE,0,,-,749,ZZ1337,山形県,570,1REAR7,山形県,1895,1KISG1,山形県,0,,-
10th style,ASTRAL VOYAGE,0,,-,649,UOXOU?,山形県,901,SAFA,山形県,1781,KA37GI,山形県,0,,-
10th style,BABY LOVE,0,,-,779,RITO,山形県,1465,KURO,山形県,2087,MIST*,山形県,0,,-
10th style,Back Into The Light,0,,-,632,EEE,山形県,1364,KITSCH,山形県,2112,EBICH.,山形県,0,,-
10th style,Boundary,0,,-,584,ZZ1337,山形県,1341,MIYUKI,山形県,1971,KA37GI,山形県,0,,-
10th style,CARRY ON NIGHT (English version),0,,-,0,,-,1013,KOHRYU,山形県,1924,A,山形県,0,,-
10th style,Daisuke,420,IIDX33,山形県,1069,KOHRYU,山形県,1521,OKUTON,山形県,2378,3Y2S,山形県,0,,-
10th style,Debtty Daddy,0,,-,652,RAIDEN,山形県,1425,CBK,山形県,2661,3Y2S,山形県,0,,-
10th style,desolation,0,,-,252,TENKA,山形県,0,,-,740,MIST*,山形県,0,,-
10th style,DoLL,0,,-,610,HEI.DA,山形県,1166,K-ON!!,山形県,1607,3Y2S,山形県,0,,-
10th style,EXE,0,,-,401,SMAJ,山形県,1341,MAOU,山形県,2124,A,山形県,0,,-
10th style,Feedback,0,,-,0,,-,1236,KITSCH,山形県,1837,HIFU.S,山形県,0,,-
10th style,FEEL IT,0,,-,0,,-,1522,MAGURO,山形県,1931,EBI8LA,山形県,0,,-
10th style,Freezing atmosphere,0,,-,0,,-,939,KITSCH,山形県,1457,EBICH.,山形県,0,,-
10th style,GHOST REVIVAL,0,,-,0,,-,1343,IIDX32,山形県,2513,3Y2S,山形県,0,,-
10th style,GRADIUS -FULL SPEED-,0,,-,388,EEE,山形県,903,KITSCH,山形県,1874,HIFU.S,山形県,0,,-
10th style,HIGH,0,,-,658,HEI.DA,山形県,1782,MAGURO,山形県,2142,3Y2S,山形県,2834,3Y2S,山形県
10th style,Innocent Walls,0,,-,1324,ARUBA,山形県,2445,3Y2S,山形県,2749,EBI8LA,山形県,0,,-
10th style,Love Is Eternity,0,,-,1098,BIG,山形県,1680,KITSCH,山形県,2357,EBI8LA,山形県,0,,-
10th style,Lucy,0,,-,948,DONUTS,山形県,1642,R113,山形県,2219,MIST*,山形県,0,,-
10th style,Narcissus At Oasis,0,,-,739,BIG,山形県,1466,HIFU.S,山形県,1621,MIST*,山形県,0,,-
10th style,No.13,0,,-,1232,ASAMA,山形県,2292,HIFU.S,山形県,3115,EBI8LA,山形県,0,,-
10th style,One More Lovely,0,,-,670,KEINER,山形県,1544,R113,山形県,2715,EBI8LA,山形県,0,,-
10th style,pandora,0,,-,0,,-,1300,MIYUKI,山形県,1728,AMGS,山形県,0,,-
10th style,rainbow rainbow,0,,-,1256,GGRAVE,山形県,2082,HIFU.S,山形県,2623,3Y2S,山形県,0,,-
10th style,Rise'n Beauty,0,,-,740,NTS,山形県,1489,LIGETY,山形県,2086,3Y2S,山形県,3883,EBI8LA,山形県
10th style,SCORE,0,,-,543,S1BA,山形県,1473,ILLION,山形県,1980,HIFU.S,山形県,0,,-
10th style,SHOOTING STAR,0,,-,779,HEI.DA,山形県,1256,ASAMA,山形県,2246,3Y2S,山形県,0,,-
10th style,SPACE FIGHT,0,,-,594,BIG,山形県,1207,ARUBA,山形県,2103,N-PSTL,山形県,0,,-
10th style,システムロマンス,0,,-,294,ALT,山形県,1544,LITTLE,山形県,2001,3Y2S,山形県,0,,-
10th style,雪月花,0,,-,1118,R39633,山形県,1826,EBICH.,山形県,2467,EBI8LA,山形県,0,,-
IIDX RED,AA,0,,-,804,PVVW,山形県,2673,EBICH.,山形県,3550,EBI8LA,山形県,0,,-
IIDX RED,AGEHA,0,,-,647,CODN,山形県,1429,HOGG,山形県,1851,EBICH.,山形県,2394,EBI8LA,山形県
IIDX RED,ANDROMEDA,0,,-,852,IIDX32,山形県,1236,BB,山形県,2846,EBI8LA,山形県,0,,-
IIDX RED,awakening,0,,-,698,ZZ1337,山形県,1166,BIG,山形県,1640,HIFU.S,山形県,0,,-
IIDX RED,Be quiet,0,,-,590,MIOFA,山形県,1509,KUFUFU,山形県,2182,EBI8LA,山形県,2688,EBI8LA,山形県
IIDX RED,BLOCKS,0,,-,352,OURIN*,山形県,1220,ZECR0M,山形県,1938,EBI8LA,山形県,0,,-
IIDX RED,BREATH,0,,-,468,HEI.DA,山形県,975,ARUKU,山形県,1683,MIST*,山形県,0,,-
IIDX RED,Click Again,0,,-,0,,-,934,CAIYA,山形県,2122,3Y2S,山形県,0,,-
IIDX RED,Close my Eyes for Me,0,,-,943,PEN9LA,山形県,1134,GANO3,山形県,1677,JIP,山形県,0,,-
IIDX RED,D.A.N.C.E.!,0,,-,508,YUCKY,山形県,813,DW-KRR,山形県,1539,MIST*,山形県,0,,-
IIDX RED,Don't be afraid myself,0,,-,959,MICKY,山形県,1690,MAGURO,山形県,2206,MIST*,山形県,0,,-
IIDX RED,earth scape,0,,-,323,SUSHI,山形県,951,PEN9LA,山形県,1260,EBI8LA,山形県,0,,-
IIDX RED,FAKE TIME,0,,-,636,HEI.DA,山形県,1690,HIFU.S,山形県,2238,MIST*,山形県,0,,-
IIDX RED,Fly Away To India,0,,-,239,PINO22,山形県,0,,-,1379,EBICH.,山形県,0,,-
IIDX RED,GENOCIDE,0,,-,844,ARUBA,山形県,1799,LIGETY,山形県,2325,3Y2S,山形県,0,,-
IIDX RED,gigadelic,492,RAIDEN,山形県,1137,2RUOKA,山形県,2121,EBI8LA,山形県,2461,3Y2S,山形県,0,,-
IIDX RED,HORIZON,0,,-,0,,-,1432,JOKER,山形県,1903,JIP,山形県,0,,-
IIDX RED,KEY,0,,-,819,CONHA!,山形県,1671,OKUTON,山形県,2844,3Y2S,山形県,0,,-
IIDX RED,NEBULA GRASPER,0,,-,166,K.,山形県,1540,SUSHI,山形県,2205,8NDL,山形県,0,,-
IIDX RED,Raspberry Heart(English version),0,,-,604,HEI.DA,山形県,1460,AGETO4,山形県,1831,MIST*,山形県,0,,-
IIDX RED,RED ZONE,146,ELLMYS,山形県,922,YUCUI,山形県,1772,ZECR0M,山形県,2325,EBI8LA,山形県,3023,EBI8LA,山形県
IIDX RED,RESONATE 1794,0,,-,641,S1BA,山形県,1404,HIFU.S,山形県,1762,AMGS,山形県,0,,-
IIDX RED,Secret of Love,0,,-,0,,-,1031,RMZN,山形県,1935,EBICH.,山形県,0,,-
IIDX RED,SPEEDY CAT,0,,-,785,MIOFA,山形県,1423,KURO,山形県,1964,EBICH.,山形県,0,,-
IIDX RED,Sphere,0,,-,901,FAB.,山形県,1749,NARA,山形県,2127,1KISG1,山形県,0,,-
IIDX RED,spiral galaxy,0,,-,760,ZZ1337,山形県,1433,RAUM-L,山形県,2560,EBI8LA,山形県,3615,EBICH.,山形県
IIDX RED,The Hope of Tomorrow,0,,-,0,,-,919,EEE,山形県,1868,MIST*,山形県,0,,-
IIDX RED,Wonder Bullfighter,0,,-,0,,-,1052,YYTGS,山形県,1980,EBI8LA,山形県,0,,-
IIDX RED,ピアノ協奏曲第１番”蠍火”,0,,-,666,ALICIA,山形県,2030,1KISG1,山形県,2576,EBI8LA,山形県,0,,-
IIDX RED,大桟橋,0,,-,301,ELENOA,山形県,1039,K-ON!!,山形県,1794,1KISG1,山形県,0,,-
IIDX RED,太陽～T・A・I・Y・O～,0,,-,502,EEE,山形県,1134,ARUBA,山形県,1640,MIST*,山形県,0,,-
IIDX RED,ＵＬＴｉＭΛＴＥ,0,,-,758,KANTA,山形県,1342,SA21,山形県,1955,EBICH.,山形県,0,,-
HAPPY SKY,100％ minimoo-G,0,,-,688,CONHA!,山形県,1636,HIFU.S,山形県,1623,3Y2S,山形県,0,,-
HAPPY SKY,Agnus Dei,0,,-,25,2RUOKA,山形県,1400,2RUOKA,山形県,1982,MIST*,山形県,0,,-
HAPPY SKY,alla turca con passione,0,,-,689,YUCUI,山形県,1311,MIYUKI,山形県,2113,EBICH.,山形県,0,,-
HAPPY SKY,Aurora,0,,-,1079,LOU,山形県,1883,HIFU.S,山形県,2509,EBI8LA,山形県,0,,-
HAPPY SKY,CaptivAte～浄化～,0,,-,958,2RUOKA,山形県,1669,P-RABI,山形県,2450,3Y2S,山形県,3384,3Y2S,山形県
HAPPY SKY,Catch Me,0,,-,460,M,山形県,1042,KITSCH,山形県,1797,EBI8LA,山形県,2066,EBI8LA,山形県
HAPPY SKY,Don't let it go,0,,-,397,SMAJ,山形県,1238,AAAAAA,山形県,1600,3Y2S,山形県,0,,-
HAPPY SKY,double thrash,0,,-,0,,-,1977,MIST*,山形県,2188,HIFU.S,山形県,0,,-
HAPPY SKY,EDEN,0,,-,1153,BIG,山形県,1826,R113,山形県,2692,EBICH.,山形県,3230,EBI8LA,山形県
HAPPY SKY,EMPTY OF THE SKY,0,,-,638,BIG,山形県,371,2RUOKA,山形県,1675,3Y2S,山形県,0,,-
HAPPY SKY,First Resolution,0,,-,0,,-,0,,-,2046,TANQUE,山形県,0,,-
HAPPY SKY,garden,0,,-,536,EEE,山形県,1104,MAXTN,山形県,2101,1KISG1,山形県,3077,EBI8LA,山形県
HAPPY SKY,Get'em up to R.A.V.E,0,,-,1029,MICKY,山形県,1473,ZERO-D,山形県,2250,3Y2S,山形県,0,,-
HAPPY SKY,GREEN EYES,0,,-,701,YUCKY,山形県,1147,BB,山形県,2037,MAETA3,山形県,0,,-
HAPPY SKY,HAPPY☆ANGEL,429,B,山形県,892,KOHRYU,山形県,1504,AAAAAA,山形県,2073,EBI8LA,山形県,0,,-
HAPPY SKY,I am,0,,-,760,HEI.DA,山形県,1592,$83,山形県,2112,EBICH.,山形県,0,,-
HAPPY SKY,in motion,0,,-,409,BERN,山形県,587,EEE,山形県,1262,AMGS,山形県,0,,-
HAPPY SKY,INAZUMA,0,,-,1008,DONUTS,山形県,1536,TAKINA,山形県,2634,3Y2S,山形県,3898,EBI8LA,山形県
HAPPY SKY,LESSON 5,0,,-,0,,-,1705,ZECR0M,山形県,2380,&#9787,山形県,0,,-
HAPPY SKY,Little Little Princess,0,,-,686,OURIN*,山形県,2178,3Y2S,山形県,2718,QUALIA,山形県,3544,KJ,山形県
HAPPY SKY,Love Magic,0,,-,884,ASAMA,山形県,1364,SUTA,山形県,1863,HIFU.S,山形県,0,,-
HAPPY SKY,mind the gap,0,,-,520,EEE,山形県,739,BIG,山形県,1524,MENCUE,山形県,0,,-
HAPPY SKY,MOON RACE,0,,-,480,S1BA,山形県,887,ARUBA,山形県,1850,3Y2S,山形県,0,,-
HAPPY SKY,Pink Rose,0,,-,487,MAD,山形県,882,LITTLE,山形県,1397,MIST*,山形県,1976,EBI8LA,山形県
HAPPY SKY,PLASMA,0,,-,637,ZZ1337,山形県,1493,AGETO4,山形県,2235,DEMI,山形県,0,,-
HAPPY SKY,Pollinosis,0,,-,0,,-,925,FAB.,山形県,2428,3Y2S,山形県,0,,-
HAPPY SKY,POODLE,0,,-,507,SHWANG,山形県,1789,ZECR0M,山形県,2271,3Y2S,山形県,3263,1KISG1,山形県
HAPPY SKY,rage against usual,0,,-,669,GMSW.N,山形県,1724,82KEY,山形県,2627,EBICH.,山形県,0,,-
HAPPY SKY,SCREAM SQUAD,0,,-,992,SUSHI,山形県,1572,HIFU.S,山形県,1908,MIST*,山形県,0,,-
HAPPY SKY,Scripted Connection⇒ A mix,0,,-,629,HEI.DA,山形県,2112,HIFU.S,山形県,2996,EBI8LA,山形県,3305,EBI8LA,山形県
HAPPY SKY,Scripted Connection⇒ H mix,0,,-,1088,ASRXTX,山形県,1936,HIFU.S,山形県,2339,&#9787,山形県,2602,DEMI,山形県
HAPPY SKY,Scripted Connection⇒ N mix,0,,-,1158,TAKINA,山形県,1263,HOGG,山形県,2057,EBICH.,山形県,2372,EBI8LA,山形県
HAPPY SKY,SigSig,495,UOXOU?,山形県,860,IIDX32,山形県,1547,KURO,山形県,2592,EBI8LA,山形県,0,,-
HAPPY SKY,Tizona d'El Cid,0,,-,225,AM,山形県,1548,KITSCH,山形県,2208,HIFU.S,山形県,0,,-
HAPPY SKY,Twelfth Style,0,,-,730,S1BA,山形県,1046,ARUKU,山形県,1949,MIST*,山形県,3205,EBI8LA,山形県
HAPPY SKY,Under the Sky,0,,-,908,EBI8LA,山形県,1270,$83,山形県,1699,3Y2S,山形県,0,,-
HAPPY SKY,vault of heaven,0,,-,683,MICKY,山形県,1040,SUTA,山形県,1963,DEMI,山形県,0,,-
HAPPY SKY,Votum stellarum,0,,-,755,MICKY,山形県,1234,KXAI,山形県,1968,EBI8LA,山形県,0,,-
HAPPY SKY,We are Disっ娘よっつ打ち命,0,,-,525,NGAY0P,山形県,858,MICKY,山形県,1632,EBICH.,山形県,0,,-
HAPPY SKY,Xepher,329,F4RIA,山形県,1003,ARUBA,山形県,1984,HIFU.S,山形県,2939,EBI8LA,山形県,0,,-
HAPPY SKY,オレはビートマニア！お前は何マニア？,0,,-,536,N1UP,山形県,1388,N-PSTL,山形県,1608,N-PSTL,山形県,0,,-
HAPPY SKY,ヒマワリ,0,,-,556,JIN..*,山形県,1768,R113,山形県,2056,EBI8LA,山形県,0,,-
HAPPY SKY,ラクエン,0,,-,0,,-,560,CONCHA,山形県,1989,EBI8LA,山形県,0,,-
HAPPY SKY,冥,452,MIZ*RW,山形県,879,SINOUE,山形県,1997,EBICH.,山形県,3561,EBI8LA,山形県,0,,-
HAPPY SKY,合体せよ！ストロングイェーガー！！ (Ryu☆ remix),0,,-,999,MICKY,山形県,1278,ARUBA,山形県,1852,MIST*,山形県,0,,-
HAPPY SKY,月光,0,,-,0,,-,1559,TAKINA,山形県,2451,3Y2S,山形県,0,,-
DistorteD,ALFARSHEAR 双神威に廻る夢,425,BIG,山形県,1059,C.ANON,山形県,1518,KURO,山形県,2082,EBI8LA,山形県,0,,-
DistorteD,Apocalypse ～dirge of swans～,239,BIG,山形県,597,DABITK,山形県,1424,MAOU,山形県,2374,EBI8LA,山形県,0,,-
DistorteD,BALLAD THE FEATHERS,0,,-,471,SMAJ,山形県,491,HEI.DA,山形県,1436,AMGS,山形県,0,,-
DistorteD,Bloody Tears(IIDX EDITION),0,,-,1009,2RUOKA,山形県,1763,LIGETY,山形県,2163,3Y2S,山形県,0,,-
DistorteD,BOOM BOOM DISCO NIGHT,0,,-,751,KANTA,山形県,1483,KURO,山形県,2182,EBICH.,山形県,0,,-
DistorteD,Broadbanded,0,,-,835,ARUBA,山形県,1266,TAKINA,山形県,1875,MIST*,山形県,0,,-
DistorteD,Concertino in Blue,286,BOKSIL,山形県,741,IROHA,山形県,1606,HIFU.S,山形県,2427,EBI8LA,山形県,0,,-
DistorteD,CONTRACT,0,,-,1134,HOGG,山形県,1529,HIFU.S,山形県,2022,3Y2S,山形県,2589,3Y2S,山形県
DistorteD,D.C.fish,0,,-,0,,-,1761,LIGETY,山形県,2285,3Y2S,山形県,0,,-
DistorteD,DEEP ROAR,0,,-,828,IIDX32,山形県,1363,P-RABI,山形県,2748,EBI8LA,山形県,0,,-
DistorteD,Double Loving Heart,0,,-,338,MIKAMI,山形県,1228,K-ON!!,山形県,1804,EBI8LA,山形県,0,,-
DistorteD,DUE TOMORROW,0,,-,706,FAB.,山形県,1325,1KISG1,山形県,1860,KJ,山形県,0,,-
DistorteD,EURO-ROMANCE,0,,-,112,ALT,山形県,1605,ZERO-D,山形県,2100,EBI8LA,山形県,0,,-
DistorteD,Ganymede,0,,-,575,TENKA,山形県,1589,HIFU.S,山形県,2171,EBICH.,山形県,2455,EBI8LA,山形県
DistorteD,Harmony and Lovely,0,,-,474,EEE,山形県,1572,KA-ZU,山形県,2191,EBI8LA,山形県,0,,-
DistorteD,Heavenly Sun (IIDX VERSION),0,,-,0,,-,1383,BIG,山形県,2073,EBICH.,山形県,0,,-
DistorteD,INFERNO,0,,-,0,,-,1098,ARUKU,山形県,1860,KA37GI,山形県,0,,-
DistorteD,Leaving...,0,,-,0,,-,1174,BIG,山形県,2094,&#9787,山形県,0,,-
DistorteD,MINT,0,,-,0,,-,1610,HIFU.S,山形県,2273,3Y2S,山形県,0,,-
DistorteD,MOON,0,,-,824,PEN9LA,山形県,1948,LIGETY,山形県,2198,EBI8LA,山形県,0,,-
DistorteD,Power of Love,0,,-,412,EEE,山形県,1386,KITSCH,山形県,2041,HIFU.S,山形県,0,,-
DistorteD,So Fabulous !!,0,,-,810,TOMO,山形県,1464,P-RABI,山形県,2341,EBI8LA,山形県,0,,-
DistorteD,Sun Field,0,,-,243,MENKUN,山形県,1362,ZERO-D,山形県,2300,MIST*,山形県,0,,-
DistorteD,The Dirty of Loudness,0,,-,1302,TAKINA,山形県,2098,328,山形県,2573,EBI8LA,山形県,0,,-
DistorteD,This is Love,0,,-,571,RAIDEN,山形県,1695,AGETO4,山形県,2375,MIST*,山形県,0,,-
DistorteD,tripping contact(teranoid&MC Natsack Remix),0,,-,0,,-,1856,HIFU.S,山形県,2420,3Y2S,山形県,0,,-
DistorteD,TYPE MARS(G-Style Mix),0,,-,0,,-,1674,MAGURO,山形県,2354,EBI8LA,山形県,0,,-
DistorteD,waxing and wanding,0,,-,1245,GANO3,山形県,1931,HIFU.S,山形県,2868,EBI8LA,山形県,3878,EBI8LA,山形県
DistorteD,Why did you go away,467,S1BA,山形県,961,TOMO,山形県,1571,KURO,山形県,2309,EBI8LA,山形県,0,,-
DistorteD,WISH(EUROBEAT MIX),0,,-,728,KANTA,山形県,1408,SA21,山形県,1966,EBI8LA,山形県,0,,-
DistorteD,with you…,0,,-,388,RAIDEN,山形県,1011,KITSCH,山形県,1755,3Y2S,山形県,0,,-
DistorteD,Zenius -I- vanisher,0,,-,766,UOXOU?,山形県,1508,FIVE,山形県,2397,EBI8LA,山形県,0,,-
DistorteD,カゴノトリ～弐式～,0,,-,806,TOMO,山形県,1687,P-RABI,山形県,2579,EBI8LA,山形県,0,,-
DistorteD,タシカナモノ,0,,-,0,,-,1156,ALICIA,山形県,1974,MIST*,山形県,0,,-
DistorteD,嘆きの樹,0,,-,1751,MIST*,山形県,2475,3Y2S,山形県,3694,EBI8LA,山形県,0,,-
DistorteD,罠,0,,-,414,SMAJ,山形県,1420,COMET*,山形県,2447,EBI8LA,山形県,0,,-
DistorteD,華蝶風雪,0,,-,999,IIDX32,山形県,2021,AGETO4,山形県,2963,EBI8LA,山形県,3893,3Y2S,山形県
DistorteD,虹色,0,,-,798,Y.E?,山形県,1487,P-RABI,山形県,1817,3Y2S,山形県,0,,-
GOLD,2hot2eat,0,,-,352,N1UP,山形県,966,FLOW*,山形県,1476,JIN..*,山形県,0,,-
GOLD,Air Bell,0,,-,895,BIG,山形県,888,EEE,山形県,1683,MIST*,山形県,0,,-
GOLD,ANDROMEDA II,0,,-,640,RAIDEN,山形県,1456,SUSHI,山形県,2286,A,山形県,0,,-
GOLD,Blind Justice ～Torn souls， Hurt Faiths ～,0,,-,1080,TOMO,山形県,1743,KURO,山形県,2432,3Y2S,山形県,0,,-
GOLD,Candy Galy,0,,-,1326,MAOU,山形県,2299,HIFU.S,山形県,3483,EBI8LA,山形県,0,,-
GOLD,CaptivAte～裁き～,0,,-,706,MOMONG,山形県,1058,DO,山形県,1734,MIST*,山形県,0,,-
GOLD,CaptivAte～誓い～,0,,-,1197,CROIT,山形県,1787,P-RABI,山形県,2235,EBI8LA,山形県,0,,-
GOLD,CROSSROAD ～Left Story～,0,,-,754,A,山形県,1686,TAKINA,山形県,2186,3Y2S,山形県,0,,-
GOLD,Cyber Force,0,,-,882,ZZ1337,山形県,1718,SA21,山形県,2247,&#9787,山形県,0,,-
GOLD,Fascination MAXX,0,,-,808,MAGURO,山形県,1589,MIST*,山形県,2384,EBI8LA,山形県,0,,-
GOLD,FIRE FIRE,414,SESLIP,山形県,1170,DUSTAR,山形県,1705,HIFU.S,山形県,2656,EBI8LA,山形県,0,,-
GOLD,four-leaf,0,,-,465,M,山形県,639,NTS,山形県,1675,&#9787,山形県,0,,-
GOLD,GOLD RUSH,452,CONCHA,山形県,1058,2RUOKA,山形県,1397,P-RABI,山形県,2324,EBI8LA,山形県,0,,-
GOLD,GRID KNIGHT,0,,-,594,PVVW,山形県,1625,ARUBA,山形県,2437,328,山形県,3423,EBI8LA,山形県
GOLD,heaven above,0,,-,305,PRAYER,山形県,1260,SA21,山形県,1755,HARU*,山形県,0,,-
GOLD,High School Love,284,M,山形県,829,LITTLE,山形県,1439,K-ON!!,山形県,2196,EBI8LA,山形県,0,,-
GOLD,INORI,0,,-,1042,HEI.DA,山形県,2367,R113,山形県,3080,EBICH.,山形県,0,,-
GOLD,KAMAITACHI,0,,-,1059,WAKAMY,山形県,1950,DONUTS,山形県,2636,3Y2S,山形県,3614,EBI8LA,山形県
GOLD,LASER CRUSTER,0,,-,1338,SA21,山形県,2406,EBI8LA,山形県,3146,EBI8LA,山形県,0,,-
GOLD,Love Again...,0,,-,0,,-,0,,-,1042,KA37GI,山形県,0,,-
GOLD,Make Me Your Own,0,,-,770,MADDOG,山形県,1549,328,山形県,2102,3Y2S,山形県,0,,-
GOLD,METALLIC MIND,0,,-,564,2RUOKA,山形県,1309,NARA,山形県,1595,EBICH.,山形県,0,,-
GOLD,never…,0,,-,0,,-,1283,ZECR0M,山形県,1762,AMGS,山形県,0,,-
GOLD,op.31 叙情,0,,-,283,HEI.DA,山形県,1229,328,山形県,1551,EBI8LA,山形県,0,,-
GOLD,PHOTONGENIC,0,,-,1077,KOHRYU,山形県,1830,HIFU.S,山形県,2166,AMGS,山形県,0,,-
GOLD,Roulette,0,,-,811,B.N!,山形県,1227,ARUBA,山形県,2080,3Y2S,山形県,0,,-
GOLD,Second Heaven,157,TAMA*,山形県,906,LITTLE,山形県,1442,P-RABI,山形県,2093,EBI8LA,山形県,0,,-
GOLD,Sense 2007,0,,-,1303,P-RABI,山形県,2031,MAETA3,山形県,2793,EBI8LA,山形県,0,,-
GOLD,smile,0,,-,1318,PEN9LA,山形県,1980,NARA,山形県,2867,EBI8LA,山形県,0,,-
GOLD,snow storm,181,MASSAN,山形県,565,IIDX33,山形県,2023,NARA,山形県,2771,3Y2S,山形県,3333,EBI8LA,山形県
GOLD,the shadow,0,,-,1105,BIG,山形県,1319,YYTGS,山形県,2872,3Y2S,山形県,0,,-
GOLD,The Smile of You,0,,-,885,.,山形県,1149,SAFA,山形県,1612,3Y2S,山形県,0,,-
GOLD,TRANOID,0,,-,612,MENCUE,山形県,1662,HIFU.S,山形県,2172,EBI8LA,山形県,2878,EBI8LA,山形県
GOLD,VANESSA,0,,-,973,SA21,山形県,1631,TOT,山形県,2327,3Y2S,山形県,3235,EBI8LA,山形県
GOLD,Watch out!!,0,,-,443,HEI.DA,山形県,713,ALB*7S,山形県,1590,EBI8LA,山形県,0,,-
GOLD,With your Smile,0,,-,0,,-,1098,ZERO-D,山形県,1551,3Y2S,山形県,0,,-
GOLD,クルクル☆ラブ～Opioid Peptide MIX～,336,RAIDEN,山形県,709,ZZ1337,山形県,1376,CENT-R,山形県,2205,EBICH.,山形県,0,,-
GOLD,ヨシダさん,0,,-,705,PVVW,山形県,1341,K-ON!!,山形県,1963,3Y2S,山形県,0,,-
GOLD,リグレット,0,,-,788,RITO,山形県,1401,LITTLE,山形県,2337,1KISG1,山形県,0,,-
GOLD,星をこの手に,0,,-,1009,KOHRYU,山形県,1512,SA21,山形県,2078,MIST*,山形県,0,,-
GOLD,花吹雪 ～ IIDX LIMITED ～,0,,-,461,A,山形県,1015,K-ON!!,山形県,1406,3Y2S,山形県,0,,-
GOLD,零 - ZERO -,215,BIG,山形県,1134,PEN9LA,山形県,1614,P-RABI,山形県,2291,EBICH.,山形県,2726,EBI8LA,山形県
GOLD,電人、暁に斃れる。,452,SMAJ,山形県,1162,M*A,山形県,2190,HIFU.S,山形県,3300,EBI8LA,山形県,0,,-
DJ TROOPERS,2 tribe 4 K,0,,-,0,,-,1195,BIG,山形県,2585,MIST*,山形県,0,,-
DJ TROOPERS,"Anisakis -somatic mutation type""Forza""-",0,,-,1173,PEN9LA,山形県,1987,R113,山形県,2825,EBI8LA,山形県,3691,EBI8LA,山形県
DJ TROOPERS,avant-guerre,0,,-,436,SMAJ,山形県,1014,KOHRYU,山形県,1881,DEMI,山形県,0,,-
DJ TROOPERS,Be OK,0,,-,794,B.N!,山形県,1574,SA21,山形県,2265,A,山形県,3084,MIST*,山形県
DJ TROOPERS,beatonic nation,0,,-,927,UOXOU?,山形県,1767,AGETO4,山形県,2112,DEMI,山形県,0,,-
DJ TROOPERS,Blue Rain,0,,-,723,KANI98,山形県,1377,DURA,山形県,2249,3Y2S,山形県,3191,EBI8LA,山形県
DJ TROOPERS,Darling my LUV,0,,-,418,SMAJ,山形県,701,ARUKU,山形県,1370,MIST*,山形県,0,,-
DJ TROOPERS,Dazzlin' Darlin,265,IKA,山形県,599,RAIDEN,山形県,1343,COMET*,山形県,2227,EBI8LA,山形県,0,,-
DJ TROOPERS,Digitank System,0,,-,718,YUCKY,山形県,1429,SGL,山形県,2038,EBI8LA,山形県,0,,-
DJ TROOPERS,Do it!! Do it!!,0,,-,807,M*A,山形県,1487,HIFU.S,山形県,1865,3Y2S,山形県,2304,EBI8LA,山形県
DJ TROOPERS,end of world,0,,-,546,HEI.DA,山形県,1448,BIG,山形県,2475,3Y2S,山形県,0,,-
DJ TROOPERS,evergreen,0,,-,914,MAGURO,山形県,1274,MAGURO,山形県,1941,EBI8LA,山形県,0,,-
DJ TROOPERS,four pieces of heaven,0,,-,448,RITO,山形県,1528,MAGURO,山形県,2228,3Y2S,山形県,2733,EBI8LA,山形県
DJ TROOPERS,Freeway Shuffle,0,,-,0,,-,1092,ARUBA,山形県,1806,MIST*,山形県,0,,-
DJ TROOPERS,ICARUS,0,,-,1057,FAB.,山形県,1882,MAGURO,山形県,2284,EBI8LA,山形県,3462,EBI8LA,山形県
DJ TROOPERS,in the Sky,0,,-,759,1REAR7,山形県,2016,C.ANON,山形県,2496,DEMI,山形県,0,,-
DJ TROOPERS,Kick Out 仮面,0,,-,776,HEI.DA,山形県,1419,OKUTON,山形県,1990,HARU*,山形県,0,,-
DJ TROOPERS,LOVELY STORM,0,,-,914,PVVW,山形県,1909,C.ANON,山形県,2698,TANQUE,山形県,0,,-
DJ TROOPERS,madrugada,0,,-,649,BIG,山形県,1120,SA21,山形県,1756,AMGS,山形県,0,,-
DJ TROOPERS,MAX LOVE,0,,-,655,KATYOO,山形県,2003,PAISEN,山形県,2661,3Y2S,山形県,0,,-
DJ TROOPERS,MENDES,0,,-,1024,LITTLE,山形県,2503,MIST*,山形県,3460,EBI8LA,山形県,0,,-
DJ TROOPERS,MENTAL MELTDOWN,0,,-,905,KOHRYU,山形県,2093,HIFU.S,山形県,2733,3Y2S,山形県,0,,-
DJ TROOPERS,NEW GENERATION -もう、お前しか見えない-,0,,-,873,KOHRYU,山形県,1581,HOGG,山形県,2427,MIST*,山形県,3342,EBICH.,山形県
DJ TROOPERS,oratio,0,,-,0,,-,1986,DONUTS,山形県,2862,EBI8LA,山形県,0,,-
DJ TROOPERS,PARANOiA ～HADES～,0,,-,942,PAURO,山形県,1785,MIST*,山形県,2596,EBI8LA,山形県,0,,-
DJ TROOPERS,PROMISE FOR LIFE,0,,-,363,RINNA,山形県,1328,ARUKU,山形県,1746,3Y2S,山形県,0,,-
DJ TROOPERS,REMINISCENCE,0,,-,710,1REAR7,山形県,1629,PONZ,山形県,2329,3Y2S,山形県,0,,-
DJ TROOPERS,Rising in the Sun(original mix),0,,-,0,,-,1312,RAUM-R,山形県,2144,TANQUE,山形県,0,,-
DJ TROOPERS,Ristaccia,0,,-,1169,AGETO4,山形県,1465,ARUBA,山形県,2693,EBI8LA,山形県,0,,-
DJ TROOPERS,"satellite020712 from ""CODED ARMS""",0,,-,894,BLUE-R,山形県,1502,DELTA*,山形県,2475,3Y2S,山形県,0,,-
DJ TROOPERS,satfinal,0,,-,807,S1BA,山形県,1207,WAKAMY,山形県,1873,1KISG1,山形県,0,,-
DJ TROOPERS,scar in the earth,0,,-,270,TOMATO,山形県,872,AO-TAK,山形県,1507,3Y2S,山形県,0,,-
DJ TROOPERS,SOUND OF GIALLARHORN,343,MASSAN,山形県,0,,-,2521,R113,山形県,3153,MIST*,山形県,0,,-
DJ TROOPERS,State Of The Art,0,,-,784,LOU,山形県,1341,AGETO4,山形県,3065,EBI8LA,山形県,0,,-
DJ TROOPERS,STEEL NEEDLE,0,,-,886,IIDX32,山形県,2026,MIST*,山形県,2419,3Y2S,山形県,3135,EBI8LA,山形県
DJ TROOPERS,switch,0,,-,517,HEI.DA,山形県,1345,96SK*,山形県,2052,3Y2S,山形県,0,,-
DJ TROOPERS,THE DEEP STRIKER,0,,-,796,AO-TAK,山形県,2042,HIFU.S,山形県,2969,EBI8LA,山形県,3408,EBI8LA,山形県
DJ TROOPERS,the trigger of innocence,0,,-,0,,-,1151,COMET*,山形県,1831,1KISG1,山形県,2963,KJ,山形県
DJ TROOPERS,Time to Air,0,,-,1064,IIDX32,山形県,2050,HIFU.S,山形県,2813,EBICH.,山形県,3539,EBI8LA,山形県
DJ TROOPERS,TRIP MACHINE PhoeniX,0,,-,430,BONTA,山形県,1398,MAGURO,山形県,1711,MIST*,山形県,0,,-
DJ TROOPERS,TROOPERS,0,,-,1164,2RUOKA,山形県,2205,MAGURO,山形県,2925,EBI8LA,山形県,0,,-
DJ TROOPERS,Ubertreffen,0,,-,982,MICKY,山形県,1847,NARA,山形県,2465,3Y2S,山形県,2995,A,山形県
DJ TROOPERS,Wanna Party?,0,,-,418,EEE,山形県,1120,COMET*,山形県,1508,EBI8LA,山形県,2569,3Y2S,山形県
DJ TROOPERS,エコ爺,0,,-,0,,-,1098,TARU48,山形県,1783,EBICH.,山形県,0,,-
DJ TROOPERS,マチ子の唄,0,,-,754,2RUOKA,山形県,1242,K-ON!!,山形県,1787,EBI8LA,山形県,0,,-
DJ TROOPERS,ミラージュ・レジデンス,0,,-,945,IIDX32,山形県,1523,MIYUKI,山形県,2529,MIST*,山形県,3223,EBI8LA,山形県
DJ TROOPERS,少年A,0,,-,1034,NYA-,山形県,2035,NARA,山形県,2686,EBI8LA,山形県,0,,-
DJ TROOPERS,華爛漫 -Flowers-,0,,-,945,Y4CH!,山形県,1468,CENT-R,山形県,2042,3Y2S,山形県,3119,EBI8LA,山形県
DJ TROOPERS,走馬灯 -The Last Song-,0,,-,360,BONTA,山形県,771,YUCKY,山形県,1311,S.SZKA,山形県,0,,-
DJ TROOPERS,高高度降下低高度開傘,0,,-,0,,-,1261,RAUM-R,山形県,1912,MIST*,山形県,0,,-
EMPRESS,3y3s,395,RAIDEN,山形県,1476,DONUTS,山形県,2422,MIST*,山形県,3375,EBI8LA,山形県,0,,-
EMPRESS,ALL I NEED YOUR LOVE,0,,-,680,MIOFA,山形県,1169,MIYUKI,山形県,2112,3Y2S,山形県,0,,-
EMPRESS,ALL MY TURN -このターンに、オレの全てを賭ける-,0,,-,651,EEE,山形県,1387,ALEXIA,山形県,2414,1KISG1,山形県,0,,-
EMPRESS,Arabian Rave Night,0,,-,1082,YUCKY,山形県,2105,TARIHI,山形県,2754,MIST*,山形県,3265,SGL,山形県
EMPRESS,B4U(BEMANI FOR YOU MIX),0,,-,982,IIDX32,山形県,2066,P-RABI,山形県,3507,EBI8LA,山形県,4464,EBI8LA,山形県
EMPRESS,Bahram Attack-猫叉Master Remix-,0,,-,635,M,山形県,1708,SA21,山形県,2580,EBICH.,山形県,3153,DEMI,山形県
EMPRESS,BITTER CHOCOLATE STRIKER,0,,-,636,F4RIA,山形県,2183,HIFU.S,山形県,3821,EBI8LA,山形県,0,,-
EMPRESS,BRIDAL FESTIVAL !!!,0,,-,487,SMAJ,山形県,1147,MIYUKI,山形県,2073,&#9787,山形県,0,,-
EMPRESS,CaptivAte2～覚醒～,0,,-,781,ASRXTX,山形県,1529,NARA,山形県,2359,3Y2S,山形県,0,,-
EMPRESS,Colorful Cookie,0,,-,840,ZZ1337,山形県,2254,MIST*,山形県,3416,EBI8LA,山形県,0,,-
EMPRESS,Cyber Force -DJ Yoshitaka Remix-,0,,-,555,M,山形県,1484,ARUBA,山形県,2321,MAETA3,山形県,0,,-
EMPRESS,Flash Back 90's,0,,-,655,TOMO,山形県,1613,KURO,山形県,2287,MIST*,山形県,2814,EBICH.,山形県
EMPRESS,Fly Above,0,,-,703,EEE,山形県,1523,K-ON!!,山形県,2021,EBI8LA,山形県,0,,-
EMPRESS,Go Beyond!!,293,KUMA,山形県,790,ALICIA,山形県,1633,HIFU.S,山形県,2105,EBI8LA,山形県,0,,-
EMPRESS,HYPERION,0,,-,1017,BIG,山形県,1539,ARUBA,山形県,2450,ANI,山形県,0,,-
EMPRESS,I'm Screaming LOVE,0,,-,228,REIYA,山形県,1250,K-ON!!,山形県,1655,AMGS,山形県,0,,-
EMPRESS,Jack,0,,-,539,M,山形県,991,RIKU,山形県,2129,HIFU.S,山形県,0,,-
EMPRESS,Just a Little Smile,0,,-,531,SMAJ,山形県,1110,.MINT,山形県,2383,EBI8LA,山形県,0,,-
EMPRESS,Kung-fu Empire,0,,-,1061,F4RIA,山形県,2507,SR,山形県,3177,3Y2S,山形県,3806,EBI8LA,山形県
EMPRESS,Marie Antoinette,0,,-,650,EEE,山形県,1384,YYTGS,山形県,2455,MIST*,山形県,2747,MAETA3,山形県
EMPRESS,Mind Mapping,365,RINEN,山形県,204,REIYA,山形県,1128,ARUBA,山形県,1759,AMGS,山形県,2172,MIST*,山形県
EMPRESS,Monkey Dance '09,0,,-,557,TOMO,山形県,1575,P-RABI,山形県,2083,N-PSTL,山形県,0,,-
EMPRESS,naughty girl@Queen's Palace,0,,-,609,HEI.DA,山形県,1529,R113,山形県,2101,MIST*,山形県,2584,EBI8LA,山形県
EMPRESS,neogenesis,0,,-,917,BIG,山形県,1012,YUCKY,山形県,1693,EBI8LA,山形県,2305,3Y2S,山形県
EMPRESS,NΦ CRIME,0,,-,0,,-,1381,TOT,山形県,1882,3Y2S,山形県,2399,EBI8LA,山形県
EMPRESS,Programmed World,0,,-,521,HEI.DA,山形県,1508,HOGG,山形県,2277,3Y2S,山形県,0,,-
EMPRESS,Punch Love 仮面,0,,-,1029,2RUOKA,山形県,1580,AGETO4,山形県,2500,EBI8LA,山形県,3118,3Y2S,山形県
EMPRESS,Queen's Tragedy,0,,-,665,DIAN07,山形県,1171,MIYUKI,山形県,2045,ANI,山形県,0,,-
EMPRESS,Secrets,0,,-,838,MIOFA,山形県,2225,NARA,山形県,3108,EBI8LA,山形県,3927,EBI8LA,山形県
EMPRESS,smooooch・∀・,365,YUCUI,山形県,803,DUSTAR,山形県,1584,ZERO-D,山形県,2113,EBI8LA,山形県,2788,EBI8LA,山形県
EMPRESS,SOLITON BEAM,0,,-,0,,-,1523,CBK,山形県,2272,MIST*,山形県,0,,-
EMPRESS,THANK YOU FOR PLAYING,0,,-,611,N1UP,山形県,1593,MANO38,山形県,2067,EBI8LA,山形県,2923,EBI8LA,山形県
EMPRESS,THE SHINING POLARIS(kors k mix),0,,-,730,TOMO,山形県,1598,SILVIA,山形県,3052,EBICH.,山形県,0,,-
EMPRESS,thunder HOUSE NATION Remix,0,,-,0,,-,1294,TARU48,山形県,2429,MENCUE,山形県,3851,3Y2S,山形県
EMPRESS,Turii ～Panta rhei～,0,,-,809,MAOU,山形県,1830,TAKINA,山形県,2644,3Y2S,山形県,0,,-
EMPRESS,V2,756,KA-ZU,山形県,1259,KOHRYU,山形県,2853,LIZ.,山形県,3476,EBI8LA,山形県,0,,-
EMPRESS,Y&Co. is dead or alive,0,,-,647,HEI.DA,山形県,1556,MAGURO,山形県,2632,EBI8LA,山形県,0,,-
EMPRESS,"You'll say ""Now!""",0,,-,168,ZZ1337,山形県,1643,MAGURO,山形県,2456,3Y2S,山形県,0,,-
EMPRESS,まほろば,0,,-,440,COCOA,山形県,1341,P-RABI,山形県,1976,MIST*,山形県,0,,-
EMPRESS,ハリツヤランデヴー,0,,-,0,,-,1649,CBK,山形県,2422,MIST*,山形県,0,,-
EMPRESS,ミッドナイト堕天使,0,,-,670,LOU,山形県,1197,MIYUKI,山形県,2680,TANQUE,山形県,0,,-
EMPRESS,不沈艦CANDY,481,SMAJ,山形県,899,DEN,山形県,1853,R113,山形県,3126,JIP,山形県,0,,-
EMPRESS,凛として咲く花の如く,347,NORA96,山形県,1153,DEN,山形県,2030,LIGETY,山形県,2731,1KISG1,山形県,3150,EBI8LA,山形県
EMPRESS,卑弥呼,0,,-,1118,NARA,山形県,2564,MIST*,山形県,3778,EBI8LA,山形県,0,,-
EMPRESS,天空脳番長危機十六連打,0,,-,681,ZZ1337,山形県,1984,HIFU.S,山形県,2436,DEMI,山形県,0,,-
EMPRESS,山岡晃の「クイズ！家事都合！」,0,,-,0,,-,1069,IIDX32,山形県,2033,3Y2S,山形県,0,,-
EMPRESS,翼,0,,-,698,IKUZ4K,山形県,1446,S.SZKA,山形県,1925,EBICH.,山形県,2473,EBI8LA,山形県
EMPRESS,鉄甲乙女-under the steel-,0,,-,406,TUKUSI,山形県,1185,R.I.SE,山形県,2126,MIST*,山形県,0,,-
SIRIUS,AIR RAID FROM THA UNDAGROUND,356,TAMA*,山形県,921,TOMO,山形県,1699,NARA,山形県,2309,3Y2S,山形県,2863,EBI8LA,山形県
SIRIUS,Almagest,0,,-,864,M-VER,山形県,2077,MIST*,山形県,2968,EBI8LA,山形県,0,,-
SIRIUS,Bad Maniacs,0,,-,1050,FAB.,山形県,1783,NARA,山形県,3111,EBI8LA,山形県,0,,-
SIRIUS,bass 2 bass,0,,-,688,ARUBA,山形県,1200,P-RABI,山形県,1862,EBI8LA,山形県,0,,-
SIRIUS,beatchic☆仮面～好き、でいさせて～,0,,-,736,HEI.DA,山形県,1581,AGETO4,山形県,1985,3Y2S,山形県,0,,-
SIRIUS,BEAUTIFUL ANGEL,0,,-,457,SMAJ,山形県,1729,TOT,山形県,2328,DOKATY,山形県,0,,-
SIRIUS,being torn the sky,0,,-,543,SMAJ,山形県,1063,KITSCH,山形県,1950,EBICH.,山形県,0,,-
SIRIUS,bloomin' feeling,230,UOXOU?,山形県,1157,KURO,山形県,1878,STRIKE,山形県,2556,3Y2S,山形県,0,,-
SIRIUS,CaptivAte～裁き～(SUBLIME TECHNO MIX),0,,-,629,1REAR7,山形県,1485,P-RABI,山形県,2335,MIST*,山形県,0,,-
SIRIUS,D,0,,-,1049,M*A,山形県,1827,HIFU.S,山形県,2443,3Y2S,山形県,0,,-
SIRIUS,DAWN -THE NEXT ENDEAVOUR-,0,,-,1525,CROIT,山形県,2530,R113,山形県,3108,EBI8LA,山形県,0,,-
SIRIUS,Dazzlin' Darlin-秋葉工房mix-,0,,-,558,SMAJ,山形県,1430,NOA,山形県,2078,3Y2S,山形県,0,,-
SIRIUS,DESIRE,0,,-,559,HEI.DA,山形県,1809,P-RABI,山形県,2817,3Y2S,山形県,0,,-
SIRIUS,Do Back Burn,0,,-,600,YUCKY,山形県,1153,P-RABI,山形県,2076,EBICH.,山形県,0,,-
SIRIUS,DOMINION,0,,-,1163,LITTLE,山形県,2240,HIFU.S,山形県,3092,3Y2S,山形県,0,,-
SIRIUS,DROP,0,,-,763,MICKY,山形県,1881,R113,山形県,2531,EBICH.,山形県,0,,-
SIRIUS,Elisha,389,GANO3,山形県,850,BIG,山形県,1427,FIVE,山形県,2186,MIST*,山形県,0,,-
SIRIUS,Empire State Glory,0,,-,905,YUCKY,山形県,1718,P-RABI,山形県,2620,EBI8LA,山形県,0,,-
SIRIUS,eRAseRmOToRpHAntOM,0,,-,1303,KENP,山形県,2531,HIFU.S,山形県,3112,MENCUE,山形県,0,,-
SIRIUS,Evans,562,M*A,山形県,1133,KOHRYU,山形県,2119,MIST*,山形県,2675,3Y2S,山形県,0,,-
SIRIUS,EXUSIA,0,,-,1040,FAB.,山形県,2329,NARA,山形県,3762,EBI8LA,山形県,0,,-
SIRIUS,G59,0,,-,806,FAB.,山形県,2169,HIFU.S,山形県,3776,EBI8LA,山形県,0,,-
SIRIUS,GALGALIM,0,,-,1122,YUCKY,山形県,1768,HIFU.S,山形県,2187,EBICH.,山形県,0,,-
SIRIUS,GOLDEN CROSS,0,,-,708,ZZ1337,山形県,1904,COMET*,山形県,3405,EBI8LA,山形県,0,,-
SIRIUS,Hydrogen Blueback,0,,-,805,WMTN.,山形県,1594,AGETO4,山形県,2210,SR,山形県,2310,MIST*,山形県
SIRIUS,IN THE NAME OF LOVE,0,,-,689,LITTLE,山形県,1243,CROIT,山形県,1901,EBICH.,山形県,0,,-
SIRIUS,Keep it-秋葉工房mix-,0,,-,892,KOHRYU,山形県,1469,P-RABI,山形県,1862,3Y2S,山形県,0,,-
SIRIUS,Last Burning,0,,-,0,,-,1397,2RUOKA,山形県,2343,EBI8LA,山形県,0,,-
SIRIUS,Light Shine,0,,-,0,,-,1063,2RUOKA,山形県,1893,JIP,山形県,0,,-
SIRIUS,MIRACLE MEETS,0,,-,843,ARUBA,山形県,1494,R113,山形県,2212,EBI8LA,山形県,0,,-
SIRIUS,mosaic,0,,-,1349,A,山形県,2052,EBICH.,山形県,2988,3Y2S,山形県,0,,-
SIRIUS,NEW SENSATION -もう、あなたしか見えない-,0,,-,645,HEI.DA,山形県,1952,R113,山形県,2667,EBI8LA,山形県,0,,-
SIRIUS,NoN-Fiction Story!,0,,-,412,M,山形県,1247,2RUOKA,山形県,2165,1KISG1,山形県,0,,-
SIRIUS,Programmed Sun,0,,-,733,N1UP,山形県,1539,DO,山形県,2546,3Y2S,山形県,0,,-
SIRIUS,quell～the seventh slave～,0,,-,564,ZZ1337,山形県,1756,HIFU.S,山形県,3046,EBI8LA,山形県,0,,-
SIRIUS,Raison d'etre～交差する宿命～,0,,-,829,RIKKA,山形県,2099,HIFU.S,山形県,2700,3Y2S,山形県,4545,EBI8LA,山形県
SIRIUS,Red. by Full Metal Jacket,0,,-,963,1KISG1,山形県,2059,EBI8LA,山形県,3080,EBI8LA,山形県,0,,-
SIRIUS,Roots of my way!,0,,-,0,,-,1288,COMET*,山形県,1974,ZEHAHA,山形県,0,,-
SIRIUS,Session 1 -Genesis-,0,,-,640,EEE,山形県,1385,P-RABI,山形県,2305,MIST*,山形県,0,,-
SIRIUS,She is my wife,271,S1BA,山形県,596,KOHRYU,山形県,1410,P-RABI,山形県,1794,HIFU.S,山形県,0,,-
SIRIUS,SOLID STATE SQUAD,0,,-,482,REIJOO,山形県,2094,328,山形県,3385,DEMI,山形県,3503,EBI8LA,山形県
SIRIUS,Sorrows,0,,-,714,DONUTS,山形県,1567,UNI,山形県,2460,DEMI,山形県,0,,-
SIRIUS,Special One,0,,-,669,TOMO,山形県,963,KENP,山形県,1750,3Y2S,山形県,0,,-
SIRIUS,THE LAST STRIKER,0,,-,1107,YUCKY,山形県,1706,ARUBA,山形県,2569,1KISG1,山形県,0,,-
SIRIUS,The Story Begins,0,,-,0,,-,1414,OSAMU7,山形県,2278,N-PSTL,山形県,0,,-
SIRIUS,かずあそび,0,,-,405,SMAJ,山形県,1070,DO,山形県,1685,3Y2S,山形県,0,,-
SIRIUS,たからもの,0,,-,1167,MICKY,山形県,1671,K-ON!!,山形県,2239,EBI8LA,山形県,3538,EBI8LA,山形県
SIRIUS,コスモス,0,,-,613,RITO,山形県,1404,SA21,山形県,2086,EBI8LA,山形県,0,,-
SIRIUS,サヨナラ・ヘヴン,328,YYTGS,山形県,728,UOXOU?,山形県,1279,AAAAAA,山形県,1674,EBI8LA,山形県,2159,EBI8LA,山形県
SIRIUS,バビロニア,0,,-,630,UOXOU?,山形県,1236,SA21,山形県,1775,328,山形県,0,,-
SIRIUS,ワルツ第17番 ト短調”大犬のワルツ”,0,,-,927,MIKO,山形県,2185,MIST*,山形県,3097,EBI8LA,山形県,0,,-
SIRIUS,未来のプリズム,0,,-,546,ZZ1337,山形県,1106,DAIWA,山形県,1744,3Y2S,山形県,0,,-
SIRIUS,"水上の提督(Short mix from ""幻想水滸伝V"")",0,,-,530,ZZ1337,山形県,1378,BIG,山形県,2050,3Y2S,山形県,0,,-
Resort Anthem,Aegis,0,,-,661,UOXOU?,山形県,1085,BB,山形県,2280,3Y2S,山形県,0,,-
Resort Anthem,ALBIDA,441,NORA96,山形県,903,TOMO,山形県,1751,HIFU.S,山形県,2916,3Y2S,山形県,0,,-
Resort Anthem,Answer,0,,-,597,SMAJ,山形県,1344,OKUTON,山形県,2359,MIST*,山形県,0,,-
Resort Anthem,ANTHEM LANDING,0,,-,541,M,山形県,1480,M*A,山形県,2922,3Y2S,山形県,0,,-
Resort Anthem,Believe In Me,0,,-,902,KOHRYU,山形県,1486,DURA,山形県,2225,DEMI,山形県,0,,-
Resort Anthem,BLUST OF WIND,0,,-,726,DURA,山形県,1291,YYTGS,山形県,1974,HIFU.S,山形県,2438,JIP,山形県
Resort Anthem,Bounce Bounce Bounce,0,,-,853,AO-TAK,山形県,1589,N-PSTL,山形県,2394,EBI8LA,山形県,0,,-
Resort Anthem,Breaking the ground,0,,-,857,ZZ1337,山形県,1706,K-ON!!,山形県,2501,MIST*,山形県,0,,-
Resort Anthem,Broken,0,,-,867,TOMO,山形県,1922,R113,山形県,3090,EBI8LA,山形県,0,,-
Resort Anthem,BROKEN EDEN,0,,-,601,EEE,山形県,1344,SILVIA,山形県,2303,3Y2S,山形県,0,,-
Resort Anthem,Dances with Snow Fairies,0,,-,1083,SINOUE,山形県,2127,ALPHA,山形県,2934,3Y2S,山形県,3823,EBI8LA,山形県
Resort Anthem,DAYDREAMER,0,,-,0,,-,1699,COMET*,山形県,2505,&#9787,山形県,0,,-
Resort Anthem,Destiny Sword,0,,-,0,,-,1657,R113,山形県,2222,SR,山形県,0,,-
Resort Anthem,DM STAR～関西 energy style～,0,,-,902,AO-TAK,山形県,1757,LIGETY,山形県,2341,1KISG1,山形県,0,,-
Resort Anthem,Energy Drive,0,,-,0,,-,1129,YAMATO,山形県,2147,3Y2S,山形県,0,,-
Resort Anthem,Eternal Tears,0,,-,429,2RUOKA,山形県,1066,PEN9LA,山形県,1354,1KISG1,山形県,0,,-
Resort Anthem,Everlasting Resort,0,,-,566,SMAJ,山形県,1095,KITSCH,山形県,1844,MIST*,山形県,0,,-
Resort Anthem,Fantasia,197,RAIDEN,山形県,334,RAIDEN,山形県,1477,K-ON!!,山形県,2233,3Y2S,山形県,0,,-
Resort Anthem,Golden Palms,0,,-,556,OMU,山形県,1232,RAUM-L,山形県,1824,HIFU.S,山形県,2313,EBI8LA,山形県
Resort Anthem,I FIGHT ME,0,,-,0,,-,1260,KITSCH,山形県,2107,MENCUE,山形県,0,,-
Resort Anthem,Kailua,0,,-,401,EEE,山形県,1143,ARUBA,山形県,2150,EBI8LA,山形県,0,,-
Resort Anthem,Let The Track Flow,0,,-,775,S1BA,山形県,1491,BIG,山形県,2529,MIST*,山形県,0,,-
Resort Anthem,Medicine of love,0,,-,646,2RUOKA,山形県,1039,ZERO-D,山形県,1730,3Y2S,山形県,2504,3Y2S,山形県
Resort Anthem,Mermaid girl,491,YYTGS,山形県,856,IIDX33,山形県,1592,LITTLE,山形県,2189,EBICH.,山形県,0,,-
Resort Anthem,Never Fade Away,0,,-,0,,-,1614,AGETO4,山形県,2820,1KISG1,山形県,0,,-
Resort Anthem,New Castle Legions,0,,-,523,KANTA,山形県,1735,HIFU.S,山形県,2489,MIST*,山形県,0,,-
Resort Anthem,PARADISE LOST,0,,-,1035,GANO3,山形県,2210,MIST*,山形県,3004,EBICH.,山形県,0,,-
Resort Anthem,passionate fate,0,,-,888,TOMO,山形県,1522,P-RABI,山形県,2077,EBICH.,山形県,0,,-
Resort Anthem,perditus†paradisus,0,,-,1060,RAUM-L,山形県,2432,EBICH.,山形県,3730,EBI8LA,山形県,0,,-
Resort Anthem,Programmed Life,0,,-,850,TOMO,山形県,1394,KITSCH,山形県,2226,&#9787,山形県,0,,-
Resort Anthem,reunion,497,KAZI,山形県,1331,ARUBA,山形県,2328,MIST*,山形県,3120,EBI8LA,山形県,0,,-
Resort Anthem,Rock Da House,0,,-,700,ZZ1337,山形県,1478,96SK*,山形県,2214,3Y2S,山形県,0,,-
Resort Anthem,SABER WING,0,,-,499,BIG,山形県,1599,AMATSU,山形県,2721,DEMI,山形県,0,,-
Resort Anthem,Sakura Reflection,0,,-,440,TOMO,山形県,1541,P-RABI,山形県,2337,MIST*,山形県,0,,-
Resort Anthem,sakura storm,0,,-,887,TOMO,山形県,1247,P-RABI,山形県,2342,3Y2S,山形県,0,,-
Resort Anthem,Session 9 -Chronicles-,0,,-,598,TENKA,山形県,2279,HIFU.S,山形県,3352,3Y2S,山形県,0,,-
Resort Anthem,Space Time,0,,-,0,,-,1367,KITSCH,山形県,2022,HIFU.S,山形県,0,,-
Resort Anthem,SPECIAL SUMMER CAMPAIGN!,0,,-,551,VANDO,山形県,1291,W00T,山形県,2893,EBI8LA,山形県,0,,-
Resort Anthem,Stay my side,0,,-,0,,-,954,KITSCH,山形県,1329,EBICH.,山形県,0,,-
Resort Anthem,STELLAR WIND,0,,-,494,TOMO,山形県,1441,ARUBA,山形県,2520,DEMI,山形県,0,,-
Resort Anthem,THE BLACK KNIGHT,0,,-,856,2RUOKA,山形県,1963,HIFU.S,山形県,2846,3Y2S,山形県,4223,3Y2S,山形県
Resort Anthem,THE DOOR INTO RAINBOW,0,,-,634,TOMO,山形県,1605,AGETO4,山形県,2135,EBICH.,山形県,0,,-
Resort Anthem,THE FALLEN,0,,-,587,S1BA,山形県,1115,TARU48,山形県,2664,3Y2S,山形県,0,,-
Resort Anthem,Tropical April,0,,-,1349,CBK,山形県,2111,R113,山形県,2646,MIST*,山形県,0,,-
Resort Anthem,Vermillion,0,,-,363,HEI.DA,山形県,1049,CROIT,山形県,1997,EBICH.,山形県,0,,-
Resort Anthem,Watch Out Pt.2,0,,-,1007,ARUBA,山形県,1976,EBI8LA,山形県,2781,EBI8LA,山形県,0,,-
Resort Anthem,WISE UP!,0,,-,0,,-,990,YYTGS,山形県,1521,328,山形県,2535,3Y2S,山形県
Resort Anthem,Wuv U,0,,-,339,TENKA,山形県,1224,AGETO4,山形県,1684,3Y2S,山形県,0,,-
Resort Anthem,XANADU OF TWO,0,,-,868,KOHRYU,山形県,1705,JIP,山形県,2718,3Y2S,山形県,3418,EBI8LA,山形県
Resort Anthem,ZETA～素数の世界と超越者～,0,,-,380,HEI.DA,山形県,1781,ZERO-D,山形県,3053,3Y2S,山形県,0,,-
Resort Anthem,おおきなこえで,0,,-,0,,-,846,SWORD1,山形県,1437,EBICH.,山形県,2100,1KISG1,山形県
Resort Anthem,かげぬい ～ Ver.BENIBOTAN ～,465,AMIA25,山形県,0,,-,1238,BIG,山形県,1882,3Y2S,山形県,0,,-
Resort Anthem,中華急行,0,,-,0,,-,1451,OKUTON,山形県,2291,EBI8LA,山形県,0,,-
Resort Anthem,夕焼け ～Fading Day～,0,,-,865,SINOUE,山形県,1807,MAIYA*,山形県,2766,EBI8LA,山形県,0,,-
Resort Anthem,旅人リラン,0,,-,1051,LITTLE,山形県,1815,NARA,山形県,2577,EBI8LA,山形県,0,,-
Resort Anthem,灼熱Beach Side Bunny,517,ASAMA,山形県,987,2RUOKA,山形県,1966,MIST*,山形県,2971,EBI8LA,山形県,0,,-
Resort Anthem,黒髪乱れし修羅となりて,0,,-,640,ELLMYS,山形県,1858,ZERO-D,山形県,3225,DEMI,山形県,0,,-
Lincle,24th Century BOY,0,,-,659,ZZ1337,山形県,1811,P-RABI,山形県,2809,EBI8LA,山形県,0,,-
Lincle,532nm,0,,-,548,ARUBA,山形県,1167,LITTLE,山形県,2590,EBI8LA,山形県,0,,-
Lincle,A MINSTREL ～ ver. short-scape ～,0,,-,0,,-,1388,GANO3,山形県,2342,JIP,山形県,3844,EBI8LA,山形県
Lincle,Almace,0,,-,548,ZZ1337,山形県,1183,BB,山形県,1939,MIST*,山形県,0,,-
Lincle,ANAGRAMS I to Y,0,,-,649,SMAJ,山形県,1461,YYTGS,山形県,2459,EBI8LA,山形県,0,,-
Lincle,BLACK.by X-Cross Fade,0,,-,973,2RUOKA,山形県,2163,MIST*,山形県,3252,EBI8LA,山形県,0,,-
Lincle,CALL,0,,-,259,M,山形県,710,RMZN,山形県,1379,AGETO4,山形県,2634,EBI8LA,山形県
Lincle,Castle on the Moon,163,BOCCHI,山形県,595,BB,山形県,1514,ILLION,山形県,2378,EBI8LA,山形県,0,,-
Lincle,Change the World,0,,-,706,ZZ1337,山形県,1110,WAKAMY,山形県,1784,EBICH.,山形県,0,,-
Lincle,DIAVOLO,0,,-,1072,MICKY,山形県,1691,Y4CH!,山形県,2990,EBI8LA,山形県,0,,-
Lincle,Drive Me Crazy,0,,-,607,SMAJ,山形県,1235,YYTGS,山形県,2297,EBI8LA,山形県,0,,-
Lincle,Express Emotion,0,,-,606,SMAJ,山形県,1005,2RUOKA,山形県,2510,EBI8LA,山形県,0,,-
Lincle,F,0,,-,959,IIDX32,山形県,1973,R113,山形県,3353,DEMI,山形県,0,,-
Lincle,Far east nightbird,0,,-,507,MICKY,山形県,1270,COMET*,山形県,2004,3Y2S,山形県,0,,-
Lincle,fffff,0,,-,711,EEE,山形県,1958,HIFU.S,山形県,2992,EBI8LA,山形県,0,,-
Lincle,Flip Flap,0,,-,300,AM,山形県,1252,KURO,山形県,2247,EBI8LA,山形県,0,,-
Lincle,Follow Tomorrow,0,,-,654,SMAJ,山形県,1382,P-RABI,山形県,2250,EBI8LA,山形県,0,,-
Lincle,GIGANT,0,,-,492,FUBUKI,山形県,684,EEE,山形県,1635,TOT,山形県,2830,1KISG1,山形県
Lincle,HAERETICUS,0,,-,681,TOMO,山形県,1811,HIFU.S,山形県,2931,EBI8LA,山形県,0,,-
Lincle,I'm so Happy,277,N,山形県,342,KYKPM,山形県,1264,PAISEN,山形県,2293,3Y2S,山形県,0,,-
Lincle,In the Blackest Den,0,,-,0,,-,1308,ARUBA,山形県,2522,EBI8LA,山形県,0,,-
Lincle,Infinite cave,0,,-,0,,-,1276,CBK,山形県,1832,LIGETY,山形県,0,,-
Lincle,KYAMISAMA ONEGAI!,0,,-,641,MAGURO,山形県,1112,MAGURO,山形県,2058,3Y2S,山形県,3011,EBI8LA,山形県
Lincle,LAX5 feat.Ryota Yoshinari,0,,-,0,,-,1768,SILVIA,山形県,2828,EBI8LA,山形県,0,,-
Lincle,LETHEBOLG ～双神威に斬り咲けり～,0,,-,952,ARUBA,山形県,1533,LIGETY,山形県,2208,EBI8LA,山形県,0,,-
Lincle,Liquid Crystal Girl feat. echo,0,,-,0,,-,974,MIYUKI,山形県,1905,AMGS,山形県,0,,-
Lincle,LOVE B.B.B,0,,-,491,KAZU,山形県,1461,DONUTS,山形県,1977,MIST*,山形県,0,,-
Lincle,Lucky Days,0,,-,0,,-,1100,SAFA,山形県,2194,EBI8LA,山形県,0,,-
Lincle,Mermaid girl-秋葉工房 MIX-,0,,-,638,COCOA,山形県,1196,ARUBA,山形県,2038,3Y2S,山形県,0,,-
Lincle,Miami Sunset Drive,0,,-,0,,-,915,KITSCH,山形県,1594,TANQUE,山形県,0,,-
Lincle,NNRT,0,,-,0,,-,2392,HIFU.S,山形県,3266,&#9787,山形県,0,,-
Lincle,Phoenix,0,,-,561,RITO,山形県,1137,COMET*,山形県,2298,TANQUE,山形県,3755,EBI8LA,山形県
Lincle,prompt,0,,-,612,HEI.DA,山形県,1549,AGETO4,山形県,2762,3Y2S,山形県,0,,-
Lincle,QUANTUM TELEPORTATION,0,,-,1184,LITTLE,山形県,2175,HIFU.S,山形県,2691,&#9787,山形県,3376,MIST*,山形県
Lincle,quaver♪,139,YURWKS,山形県,616,SKYDEL,山形県,2081,DONUTS,山形県,3294,3Y2S,山形県,0,,-
Lincle,Quick Silver,0,,-,482,HEI.DA,山形県,1592,ZERO-D,山形県,2574,3Y2S,山形県,0,,-
Lincle,Release The Music,0,,-,247,TANK,山形県,1156,YUCUI,山形県,2035,EBICH.,山形県,0,,-
Lincle,RESISTANCE,0,,-,0,,-,1096,KOHRYU,山形県,2346,1KISG1,山形県,0,,-
Lincle,Round and Round,0,,-,501,TENKA,山形県,1127,LITTLE,山形県,2139,EBI8LA,山形県,0,,-
Lincle,SA.YO.NA.RA. SUPER STAR,0,,-,0,,-,1028,IIDX32,山形県,1621,MIST*,山形県,0,,-
Lincle,Scharfrichter,0,,-,210,OCHI,山形県,1548,ZERO-D,山形県,2836,3Y2S,山形県,0,,-
Lincle,Several Words,0,,-,0,,-,1319,OKUTON,山形県,2134,DEMI,山形県,0,,-
Lincle,SHADE,0,,-,1001,ELENOA,山形県,1973,AMGS,山形県,2878,EBI8LA,山形県,0,,-
Lincle,Snake Stick,0,,-,931,2RUOKA,山形県,1821,&CAKE!,山形県,2634,EBI8LA,山形県,0,,-
Lincle,Snow Goose,210,RINNA,山形県,295,RINNA,山形県,1261,DW-KRR,山形県,2393,EBI8LA,山形県,0,,-
Lincle,Star Trail,0,,-,0,,-,938,MIYUKI,山形県,1755,HIFU.S,山形県,2509,EBI8LA,山形県
Lincle,The Limbo,0,,-,1013,MOMO,山形県,1902,N-PSTL,山形県,3184,3Y2S,山形県,4051,EBI8LA,山形県
Lincle,The Sampling Paradise,0,,-,696,KOHRYU,山形県,1702,FIVE,山形県,2944,EBI8LA,山形県,0,,-
Lincle,Thunderbolt,0,,-,811,ZZ1337,山形県,1826,P-RABI,山形県,3531,1KISG1,山形県,0,,-
Lincle,TITANS RETURN,175,TENKA,山形県,481,BERN,山形県,1395,AGETO4,山形県,2433,EBICH.,山形県,2434,EBICH.,山形県
Lincle,Todestrieb,0,,-,1013,ARUBA,山形県,1852,MIST*,山形県,3390,EBI8LA,山形県,0,,-
Lincle,Voxane,0,,-,265,MIYA,山形県,943,MIYUKI,山形県,1710,MIST*,山形県,0,,-
Lincle,WONDER WALKER,0,,-,0,,-,1643,OKUTON,山形県,3726,EBI8LA,山形県,0,,-
Lincle,YAKSHA,0,,-,0,,-,2129,MAGURO,山形県,3642,3Y2S,山形県,0,,-
Lincle,yellow head joe,0,,-,598,TENKA,山形県,1163,KITSCH,山形県,2193,MIST*,山形県,2689,SGL,山形県
Lincle,Yellow Sunrise,0,,-,426,RIKKA,山形県,1356,COMET*,山形県,2254,DEMI,山形県,0,,-
Lincle,ビューティフルレシート,182,UOXOU?,山形県,413,SMAJ,山形県,1161,C.ANON,山形県,1835,1KISG1,山形県,0,,-
Lincle,ユミル,0,,-,512,SMAJ,山形県,1283,COMET*,山形県,2809,3Y2S,山形県,0,,-
Lincle,君のハートにロックオン,0,,-,0,,-,1514,DELTA*,山形県,2534,3Y2S,山形県,3356,EBI8LA,山形県
Lincle,天空の夜明け,0,,-,1189,RMZN,山形県,1965,AAAAAA,山形県,3851,EBI8LA,山形県,0,,-
Lincle,子供の落書き帳,0,,-,550,BONTA,山形県,1888,HIFU.S,山形県,2459,3Y2S,山形県,0,,-
Lincle,恋する☆宇宙戦争っ！！,328,SASSIE,山形県,740,MAD,山形県,1674,C.ANON,山形県,3323,EBICH.,山形県,4437,EBI8LA,山形県
Lincle,突撃!ガラスのニーソ姫!,0,,-,512,F4RIA,山形県,1072,ARUBA,山形県,2047,EBICH.,山形県,0,,-
Lincle,聖人の塔,0,,-,822,2RUOKA,山形県,1742,HIFU.S,山形県,2934,EBI8LA,山形県,4116,EBI8LA,山形県
Lincle,蛇神,273,SORA,山形県,595,ARIA#,山形県,1398,NORI46,山形県,2710,DEMI,山形県,3553,EBI8LA,山形県
Lincle,衰色小町メランコリア,0,,-,669,MAD,山形県,1350,KUFUFU,山形県,2345,EBI8LA,山形県,0,,-
Lincle,陽炎,0,,-,489,SMAJ,山形県,887,CHU-3,山形県,2002,EBI8LA,山形県,0,,-
tricoro,405nm (Ryu☆mix),0,,-,818,ARUBA,山形県,1672,P-RABI,山形県,2525,1KISG1,山形県,0,,-
tricoro,8bit Princess,0,,-,640,MICKY,山形県,1353,AAAAAA,山形県,2615,EBI8LA,山形県,0,,-
tricoro,Ascalon,0,,-,917,ZZ1337,山形県,1645,AGETO4,山形県,2212,SR,山形県,0,,-
tricoro,Beastie Starter,0,,-,298,M,山形県,1184,K-ON!!,山形県,2017,MENCUE,山形県,0,,-
tricoro,BLUE STRAGGLER,0,,-,846,ANI,山形県,1228,BIG,山形県,2485,EBICH.,山形県,0,,-
tricoro,BRAVE GLOW,0,,-,736,SINOUE,山形県,1441,ARUBA,山形県,2484,EBI8LA,山形県,0,,-
tricoro,CONCEPTUAL,0,,-,608,ZZ1337,山形県,743,EEE,山形県,2555,1KISG1,山形県,0,,-
tricoro,Confiserie,0,,-,965,DONUTS,山形県,2067,DONUTS,山形県,3434,EBI8LA,山形県,0,,-
tricoro,connective,0,,-,273,M,山形県,0,,-,1597,EBI8LA,山形県,0,,-
tricoro,Cookie Bouquets,0,,-,675,IKA,山形県,1968,ZERO-D,山形県,3370,EBI8LA,山形県,0,,-
tricoro,DAY DREAM,0,,-,488,AGETO4,山形県,1217,HIFU.S,山形県,1902,3Y2S,山形県,0,,-
tricoro,Devilz Staircase,0,,-,225,SYANA,山形県,2118,HIFU.S,山形県,3155,3Y2S,山形県,0,,-
tricoro,Elemental Creation,201,RAIDEN,山形県,1393,CROIT,山形県,2246,HIFU.S,山形県,3855,EBI8LA,山形県,0,,-
tricoro,examination leave,0,,-,736,N1UP,山形県,1770,ZERO-D,山形県,3346,3Y2S,山形県,0,,-
tricoro,FLOWER,309,M.HERO,山形県,937,CBK,山形県,1665,NARA,山形県,2821,EBI8LA,山形県,0,,-
tricoro,Fly you to the star,0,,-,687,MICKY,山形県,1545,S.SZKA,山形県,2253,EBI8LA,山形県,0,,-
tricoro,GAIA,0,,-,0,,-,2032,HIFU.S,山形県,3214,3Y2S,山形県,0,,-
tricoro,GRADIUS 2012,0,,-,450,RINNA,山形県,1430,SILVIA,山形県,2602,MIST*,山形県,0,,-
tricoro,Hollywood Galaxy,0,,-,847,LOU,山形県,1872,COMET*,山形県,2467,A,山形県,0,,-
tricoro,Howling,0,,-,550,N-PSTL,山形県,1054,ARUKU,山形県,2008,AMGS,山形県,2545,MIST*,山形県
tricoro,I know You know,0,,-,0,,-,730,EEE,山形県,1819,MIST*,山形県,0,,-
tricoro,ILIAS,0,,-,0,,-,1095,KENP,山形県,2175,EBI8LA,山形県,0,,-
tricoro,Illegal Function Call,0,,-,898,ELENOA,山形県,1732,AGETO4,山形県,2561,3Y2S,山形県,3427,EBI8LA,山形県
tricoro,In Heaven,0,,-,578,TENKA,山形県,1305,KITSCH,山形県,2117,EBI8LA,山形県,0,,-
tricoro,JOMANDA,240,BIG,山形県,984,MOMO,山形県,2232,HIFU.S,山形県,3517,EBI8LA,山形県,0,,-
tricoro,Liberation,0,,-,1242,TOMO,山形県,2016,MAIYA*,山形県,3586,3Y2S,山形県,0,,-
tricoro,Light and Cyber…,0,,-,575,DUST,山形県,1690,SILVIA,山形県,2987,DEMI,山形県,0,,-
tricoro,Little Star,0,,-,791,UOXOU?,山形県,1715,1KISG1,山形県,3015,3Y2S,山形県,0,,-
tricoro,LUV CAN SAVE U,0,,-,313,PINO22,山形県,1151,TOMO,山形県,2114,3Y2S,山形県,2691,SR,山形県
tricoro,mnemoniq,0,,-,0,,-,747,DAIWA,山形県,1278,EBICH.,山形県,0,,-
tricoro,Neonlights,0,,-,585,ZZ1337,山形県,1562,JIP,山形県,2082,JIP,山形県,0,,-
tricoro,neu,0,,-,592,N1UP,山形県,2048,NARA,山形県,3772,EBI8LA,山形県,0,,-
tricoro,New Decade IIDX Edition,0,,-,819,RAIDEN,山形県,1773,HOGG,山形県,2771,MIST*,山形県,0,,-
tricoro,New Lights,0,,-,791,AO-TAK,山形県,1725,R113,山形県,2343,AMGS,山形県,0,,-
tricoro,Plan 8,0,,-,1031,2RUOKA,山形県,2066,HIFU.S,山形県,3026,EBI8LA,山形県,0,,-
tricoro,planarian,0,,-,578,TOMO,山形県,1449,KITSCH,山形県,2456,&#9787,山形県,0,,-
tricoro,POINT ZERO,0,,-,486,UOXOU?,山形県,980,KITSCH,山形県,2021,1KISG1,山形県,0,,-
tricoro,Präludium,0,,-,0,,-,1152,MIYUKI,山形県,2214,1KISG1,山形県,0,,-
tricoro,Proof of the existence,0,,-,1010,TOMO,山形県,1979,HIFU.S,山形県,3103,EBI8LA,山形県,0,,-
tricoro,Rainbow after snow,0,,-,0,,-,1215,ARUKU,山形県,2163,EBI8LA,山形県,0,,-
tricoro,Re:GENERATION,190,MASSAN,山形県,631,HEI.DA,山形県,1386,ARUBA,山形県,2234,EBI8LA,山形県,0,,-
tricoro,Reflection Into the EDEN,0,,-,467,SMAJ,山形県,1207,KITSCH,山形県,2134,EBI8LA,山形県,0,,-
tricoro,rumrum triplets,0,,-,562,HEI.DA,山形県,1914,HIFU.S,山形県,2931,3Y2S,山形県,0,,-
tricoro,S!ck,0,,-,715,ELLMYS,山形県,1418,NARA,山形県,2669,EBI8LA,山形県,0,,-
tricoro,Saturn,0,,-,1008,MICKY,山形県,1941,HIFU.S,山形県,2579,EBI8LA,山形県,3322,EBI8LA,山形県
tricoro,Shining World,0,,-,788,1REAR7,山形県,1515,JIP,山形県,1921,EBICH.,山形県,0,,-
tricoro,SHION,0,,-,418,SASSIE,山形県,1255,328,山形県,2699,EBI8LA,山形県,0,,-
tricoro,Sol Cosine Job 2,0,,-,865,TOMO,山形県,1657,R113,山形県,2966,QUALIA,山形県,0,,-
tricoro,STULTI,0,,-,625,ZZ1337,山形県,1514,HIFU.S,山形県,2593,3Y2S,山形県,0,,-
tricoro,SYNC-ANTHEM,0,,-,823,RMZN,山形県,2300,328,山形県,3597,EBI8LA,山形県,0,,-
tricoro,Synergy For Angels,0,,-,562,M,山形県,1493,ARUBA,山形県,2672,MIST*,山形県,0,,-
tricoro,Take My Life,0,,-,834,B.N!,山形県,1382,AGETO4,山形県,2895,EBI8LA,山形県,0,,-
tricoro,Thor's Hammer,0,,-,759,ZZ1337,山形県,1748,HIFU.S,山形県,2629,3Y2S,山形県,0,,-
tricoro,Time To Empress,0,,-,747,UOXOU?,山形県,1819,R113,山形県,2580,EBI8LA,山形県,3097,EBI8LA,山形県
tricoro,Timepiece phase II,0,,-,661,S1BA,山形県,2067,HIFU.S,山形県,2725,SGL,山形県,0,,-
tricoro,Timepiece phase II (CN Ver.),0,,-,710,YUCUI,山形県,1771,HIFU.S,山形県,2814,EBI8LA,山形県,0,,-
tricoro,True Blue,0,,-,1011,MICKY,山形県,2343,R113,山形県,3696,EBI8LA,山形県,0,,-
tricoro,Valanga,0,,-,1211,CROIT,山形県,2102,328,山形県,3176,EBI8LA,山形県,0,,-
tricoro,VALLIS-NERIA,151,MB,山形県,1096,ARUBA,山形県,1978,DONUTS,山形県,2831,3Y2S,山形県,0,,-
tricoro,VEGA,0,,-,1089,ELENOA,山形県,1974,R113,山形県,3038,3Y2S,山形県,0,,-
tricoro,ZED,0,,-,761,LOU,山形県,1579,AGETO4,山形県,2702,EBICH.,山形県,3222,EBI8LA,山形県
tricoro,Zirkfied,0,,-,650,ZZ1337,山形県,1923,HIFU.S,山形県,3616,EBI8LA,山形県,0,,-
tricoro,ΕΛΠΙΣ,0,,-,889,EEE,山形県,1948,R113,山形県,2962,1KISG1,山形県,3534,EBI8LA,山形県
tricoro,†渚の小悪魔ラヴリィ～レイディオ†(IIDX EDIT),165,SASSIE,山形県,558,DONUTS,山形県,1623,DONUTS,山形県,3441,EBI8LA,山形県,0,,-
tricoro,お米の美味しい炊き方、そしてお米を食べることによるその効果。,0,,-,595,MB,山形県,1400,PAISEN,山形県,1984,AGETO4,山形県,3325,1KISG1,山形県
tricoro,たまゆら,0,,-,914,N1UP,山形県,1766,HIFU.S,山形県,2673,EBI8LA,山形県,0,,-
tricoro,アストライアの双皿,0,,-,600,ELLMYS,山形県,1858,ALOE,山形県,2903,MIST*,山形県,0,,-
tricoro,カジノファイヤーことみちゃん,0,,-,527,ATA0KA,山形県,1299,A,山形県,2315,3Y2S,山形県,2871,MIST*,山形県
tricoro,キャトられ恋はモ～モク,0,,-,1264,DEN,山形県,2589,3Y2S,山形県,3680,EBI8LA,山形県,0,,-
tricoro,シュレーディンガーの猫,0,,-,936,DEN,山形県,2191,R113,山形県,3331,EBI8LA,山形県,0,,-
tricoro,トリカゴノ鳳凰,0,,-,957,TOMO,山形県,1856,R113,山形県,3648,EBI8LA,山形県,0,,-
tricoro,メイメツ、フラグメンツ,0,,-,542,LECO,山形県,1157,2RUOKA,山形県,1910,DEMI,山形県,0,,-
tricoro,ラキラキ,0,,-,607,MICKY,山形県,1058,BB,山形県,1865,A,山形県,0,,-
tricoro,下弦の月,0,,-,772,HEI.DA,山形県,1269,DURA,山形県,1888,TAKINA,山形県,0,,-
tricoro,仮想空間の旅人たち,0,,-,917,ELLMYS,山形県,2002,ZERO-D,山形県,2850,3Y2S,山形県,3753,EBI8LA,山形県
tricoro,創世ノート,0,,-,703,IIDX33,山形県,1716,NOA,山形県,2704,SGL,山形県,0,,-
tricoro,即席！脳直★ミュージックシステム,0,,-,817,CONHA!,山形県,1856,HIFU.S,山形県,3360,3Y2S,山形県,0,,-
tricoro,朧,134,KITUNE,山形県,731,ARUBA,山形県,1377,P-RABI,山形県,2102,EBI8LA,山形県,2491,EBI8LA,山形県
tricoro,梅雪夜,0,,-,701,RITO,山形県,1352,LITTLE,山形県,2134,3Y2S,山形県,0,,-
tricoro,狂イ咲ケ焔ノ華,0,,-,1070,RMZN,山形県,2359,HIFU.S,山形県,3333,1KISG1,山形県,0,,-
tricoro,音楽,0,,-,704,ALB*7S,山形県,1953,HIFU.S,山形県,2656,3Y2S,山形県,0,,-
tricoro,龍と少女とデコヒーレンス,0,,-,803,BIG,山形県,1562,AGETO4,山形県,2896,EBICH.,山形県,3171,DEMI,山形県
SPADA,Adularia,172,N-PSTL,山形県,905,WAKAMY,山形県,1727,HIFU.S,山形県,2764,EBI8LA,山形県,0,,-
SPADA,ALBA -黎明-,0,,-,502,COCOA,山形県,1456,COMET*,山形県,3151,3Y2S,山形県,3807,EBI8LA,山形県
SPADA,Ancient Scapes,0,,-,713,N1UP,山形県,1839,MAGURO,山形県,3415,EBI8LA,山形県,3890,EBICH.,山形県
SPADA,ATHER,0,,-,787,TOMO,山形県,1357,RAUM,山形県,2721,3Y2S,山形県,2840,328,山形県
SPADA,BLUE DRAGON(雷龍RemixIIDX),0,,-,1338,KURO,山形県,2122,NARA,山形県,3249,EBICH.,山形県,0,,-
SPADA,BRAINSTORM,0,,-,559,SMAJ,山形県,1891,328,山形県,2770,EBI8LA,山形県,0,,-
SPADA,BRAVE OUT,0,,-,487,BERN,山形県,1390,NARA,山形県,2069,1KISG1,山形県,2758,EBI8LA,山形県
SPADA,Claiomh Solais,0,,-,235,RINNA,山形県,1251,KOHRYU,山形県,2007,SR,山形県,0,,-
SPADA,Cleopatrysm,0,,-,462,SMAJ,山形県,1372,AGETO4,山形県,2451,JIP,山形県,0,,-
SPADA,Close the World feat.a☆ru,0,,-,583,M,山形県,2047,DONUTS,山形県,3326,EBI8LA,山形県,3733,EBI8LA,山形県
SPADA,Critical Crystal,0,,-,756,NAO.,山形県,1603,ARUBA,山形県,2769,328,山形県,0,,-
SPADA,DARK LEGACY,0,,-,1167,PEN9LA,山形県,2067,MIST*,山形県,3503,EBI8LA,山形県,0,,-
SPADA,Devilz Sacrifice -贖罪の羊-,0,,-,0,,-,1250,ALICE*,山形県,2372,1KISG1,山形県,0,,-
SPADA,diagram,0,,-,0,,-,1062,BB,山形県,2732,EBICH.,山形県,0,,-
SPADA,Elektrick U-Phoria,0,,-,1020,ASAMA,山形県,1929,JIP,山形県,3070,EBI8LA,山形県,3776,EBI8LA,山形県
SPADA,Element of SPADA,0,,-,428,M,山形県,1266,K-ON!!,山形県,2072,EBI8LA,山形県,3054,EBI8LA,山形県
SPADA,Engraved Mark,0,,-,583,ZZ1337,山形県,1112,KURO,山形県,2288,&#9787,山形県,0,,-
SPADA,EXTREME MACH COLLIDER,0,,-,0,,-,1081,YAMATO,山形県,2440,DEMI,山形県,0,,-
SPADA,Feel The Beat,0,,-,1197,MICKY,山形県,2157,MIST*,山形県,3464,EBI8LA,山形県,4196,EBI8LA,山形県
SPADA,Funny shuffle,0,,-,432,BOKSIL,山形県,934,IIDX32,山形県,2251,EBI8LA,山形県,0,,-
SPADA,HYENA,0,,-,894,ATA0KA,山形県,1592,DURA,山形県,2746,3Y2S,山形県,3574,EBI8LA,山形県
SPADA,Hypersonik,0,,-,609,EEE,山形県,1672,AGETO4,山形県,2450,MIST*,山形県,0,,-
SPADA,I will be back -オレは帰ってきた-,0,,-,966,BIG,山形県,1554,ARUBA,山形県,2810,MIST*,山形県,0,,-
SPADA,Idola,0,,-,1094,LITTLE,山形県,2228,HIFU.S,山形県,3517,EBI8LA,山形県,0,,-
SPADA,Insane Techniques,0,,-,534,RAIDEN,山形県,1305,TOMOKI,山形県,2430,3Y2S,山形県,0,,-
SPADA,INSOMNIA,0,,-,709,EEE,山形県,1564,AGETO4,山形県,2862,1KISG1,山形県,0,,-
SPADA,into the battlefield,0,,-,0,,-,1338,GANO3,山形県,2254,N-PSTL,山形県,0,,-
SPADA,invoker,0,,-,752,S1BA,山形県,1768,WADADO,山形県,3102,EBI8LA,山形県,3377,3Y2S,山形県
SPADA,IX,0,,-,1161,LITTLE,山形県,2387,EBI8LA,山形県,3644,EBI8LA,山形県,0,,-
SPADA,KAISER PHOENIX,0,,-,1133,ARUKU,山形県,2238,MIST*,山形県,3100,3Y2S,山形県,3719,EBI8LA,山形県
SPADA,KHAMEN BREAK,0,,-,345,TENKA,山形県,1257,RAUM-L,山形県,2235,MAETA3,山形県,0,,-
SPADA,Last Dance,0,,-,881,YUCKY,山形県,1882,R113,山形県,3159,EBI8LA,山形県,0,,-
SPADA,Lighting Shower,0,,-,0,,-,1205,ZERO-D,山形県,2146,&CAKE!,山形県,0,,-
SPADA,M.D.Injection,0,,-,590,N-PSTL,山形県,1117,IIDX32,山形県,2341,QUALIA,山形県,0,,-
SPADA,m1dy Deluxe,0,,-,1027,KOHRYU,山形県,1597,96SK*,山形県,2470,3Y2S,山形県,0,,-
SPADA,MAD ATTACK,0,,-,439,HEI.DA,山形県,802,UOXOU?,山形県,1851,HIFU.S,山形県,2498,EBI8LA,山形県
SPADA,MAGIC & LOVE,0,,-,835,WAKAMY,山形県,1745,TOT,山形県,2864,3Y2S,山形県,0,,-
SPADA,Miracle 5ympho X,0,,-,585,LOU,山形県,1285,AGETO4,山形県,2583,EBICH.,山形県,2834,EBI8LA,山形県
SPADA,NPC World,0,,-,941,MICKY,山形県,1149,POTE,山形県,2273,EBI8LA,山形県,0,,-
SPADA,Odin,0,,-,0,,-,1254,BIG,山形県,2002,DEMI,山形県,0,,-
SPADA,Overload Frontier,0,,-,0,,-,1360,M*A,山形県,2468,3Y2S,山形県,0,,-
SPADA,Pharaoh,0,,-,0,,-,1143,WAKAMY,山形県,2279,MIST*,山形県,0,,-
SPADA,PUNISHER,0,,-,940,MOMO,山形県,1856,OKUTON,山形県,3487,EBI8LA,山形県,0,,-
SPADA,ra'am,0,,-,1076,AGETO4,山形県,1792,HIFU.S,山形県,2574,3Y2S,山形県,0,,-
SPADA,rainbow guitar weeps,0,,-,0,,-,1696,R113,山形県,2665,3Y2S,山形県,0,,-
SPADA,Recollection,0,,-,855,RITO,山形県,1446,LOU,山形県,2216,1KISG1,山形県,0,,-
SPADA,refractive index,0,,-,461,LOU,山形県,1284,MAIYA*,山形県,2649,EBI8LA,山形県,0,,-
SPADA,RISE,0,,-,749,YUCKY,山形県,1095,NYA-,山形県,1772,AMGS,山形県,0,,-
SPADA,RIZING YOU UP,0,,-,951,MICKY,山形県,1909,OKUTON,山形県,2553,EBI8LA,山形県,0,,-
SPADA,SCHWARZSCHILD FIELD,0,,-,689,MTO,山形県,1460,NARA,山形県,2332,EBI8LA,山形県,0,,-
SPADA,Sigmund,0,,-,1490,ANI,山形県,2272,MIST*,山形県,3638,EBI8LA,山形県,4058,EBI8LA,山形県
SPADA,Squeeze,0,,-,781,MICKY,山形県,1265,AGETO4,山形県,2205,SGL,山形県,0,,-
SPADA,THE DETONATOR,0,,-,1168,ARUKU,山形県,2351,TAKINA,山形県,3105,EBICH.,山形県,0,,-
SPADA,Unicorn tail,0,,-,783,PACIO,山形県,1969,JIP,山形県,3106,3Y2S,山形県,0,,-
SPADA,Valgus,0,,-,0,,-,816,ASRXTX,山形県,2282,DEMI,山形県,0,,-
SPADA,Verflucht,0,,-,1179,ARUBA,山形県,2076,MIST*,山形県,3493,EBI8LA,山形県,4480,EBI8LA,山形県
SPADA,VOX UP,0,,-,1368,MIA.,山形県,2618,MAETA3,山形県,3458,3Y2S,山形県,0,,-
SPADA,Wonder Girl feat. Kanae Asaba,0,,-,520,SATO,山形県,1177,CROIT,山形県,2771,EBI8LA,山形県,0,,-
SPADA,お願いアインシュタイン,0,,-,552,HEI.DA,山形県,1350,PAISEN,山形県,2093,3Y2S,山形県,0,,-
SPADA,アルストロメリア,0,,-,922,MICKY,山形県,1431,SA21,山形県,2466,EBI8LA,山形県,0,,-
SPADA,デッドボヲルdeホームラン,0,,-,404,SMAJ,山形県,1439,PAISEN,山形県,2517,SGL,山形県,0,,-
SPADA,バンブーソード・ガール,0,,-,907,MICKY,山形県,1770,TOT,山形県,2402,EBI8LA,山形県,0,,-
SPADA,廿,0,,-,918,MICKY,山形県,1471,BIG,山形県,2269,MENCUE,山形県,3103,MIST*,山形県
SPADA,旋律のドグマ～Miserables～,0,,-,1067,Y.E?,山形県,2388,MAETA3,山形県,3718,3Y2S,山形県,0,,-
SPADA,海神,0,,-,1072,LITTLE,山形県,1968,HIFU.S,山形県,3096,EBI8LA,山形県,3468,EBI8LA,山形県
SPADA,煉獄のエルフェリア,0,,-,1160,M*A,山形県,2266,1KISG1,山形県,3658,EBI8LA,山形県,0,,-
SPADA,牧神笛吹きて,0,,-,0,,-,1212,P-RABI,山形県,2035,EBI8LA,山形県,0,,-
SPADA,疾風迅雷,0,,-,1046,MICKY,山形県,1855,HIFU.S,山形県,2805,3Y2S,山形県,3265,EBI8LA,山形県
SPADA,罪と罰,0,,-,981,PEN9LA,山形県,1269,LITTLE,山形県,2146,3Y2S,山形県,0,,-
SPADA,超!!遠距離らぶメ～ル,0,,-,348,RINNA,山形県,1350,ARUBA,山形県,2595,EBICH.,山形県,0,,-
SPADA,轟け！恋のビーンボール！！,0,,-,723,TOMO,山形県,1901,DONUTS,山形県,3340,EBI8LA,山形県,0,,-
PENDUAL,#The_Relentless,0,,-,0,,-,1728,BBBBBB,山形県,2874,3Y2S,山形県,3919,1KISG1,山形県
PENDUAL,AFRO KNUCKLE,0,,-,619,CODN,山形県,1640,AGETO4,山形県,2303,MIST*,山形県,0,,-
PENDUAL,Beat Radiance,0,,-,611,HEI.DA,山形県,1510,JOKER,山形県,2577,MIST*,山形県,3525,EBI8LA,山形県
PENDUAL,Beyond The Earth,0,,-,1160,BIG,山形県,1987,HIFU.S,山形県,3160,EBI8LA,山形県,0,,-
PENDUAL,Blaze it UP!,0,,-,652,TENKA,山形県,1717,ZERO-D,山形県,2942,3Y2S,山形県,0,,-
PENDUAL,BLUE MIRAGE,0,,-,604,IIDX33,山形県,1895,REALM,山形県,2933,EBI8LA,山形県,0,,-
PENDUAL,Broken Sword,0,,-,892,SYANA,山形県,1930,NARA,山形県,3672,EBI8LA,山形県,0,,-
PENDUAL,Chain of pain,0,,-,360,SMAJ,山形県,1147,MAXTN,山形県,2041,HIFU.S,山形県,0,,-
PENDUAL,chrono diver -fragment-,0,,-,608,ARUBA,山形県,1103,Y4CH!,山形県,1776,EBICH.,山形県,2239,MIST*,山形県
PENDUAL,CHRONO DIVER -NORNIR-,0,,-,913,ZZ1337,山形県,2072,TAKINA,山形県,3013,1KISG1,山形県,4310,EBI8LA,山形県
PENDUAL,Chrono Diver -PENDULUMs-,368,MB,山形県,1304,SA21,山形県,2638,EBICH.,山形県,4138,EBI8LA,山形県,0,,-
PENDUAL,Chronos,0,,-,736,IIDX33,山形県,1195,RMZN,山形県,2242,JIP,山形県,2679,MAETA3,山形県
PENDUAL,cinder,0,,-,695,ZZ1337,山形県,1945,R113,山形県,2972,EBICH.,山形県,0,,-
PENDUAL,COLOSSEUM,0,,-,436,SMAJ,山形県,1066,DAIWA,山形県,2127,MAETA3,山形県,0,,-
PENDUAL,Cosmic Cat,0,,-,532,HEI.DA,山形県,1615,R113,山形県,2284,EBI8LA,山形県,3130,EBI8LA,山形県
PENDUAL,Despair of ELFERIA,0,,-,1069,WAKAMY,山形県,2319,HIFU.S,山形県,3963,EBI8LA,山形県,0,,-
PENDUAL,Discloze,0,,-,584,UOXOU?,山形県,1408,ARUBA,山形県,2572,3Y2S,山形県,0,,-
PENDUAL,EBONY & IVORY,0,,-,760,DEN,山形県,1694,TOT,山形県,2848,EBICH.,山形県,3522,EBI8LA,山形県
PENDUAL,entelecheia,0,,-,570,EEE,山形県,2024,R113,山形県,3227,EBI8LA,山形県,0,,-
PENDUAL,Erosion Mark,0,,-,452,SMAJ,山形県,1376,KURO,山形県,2115,3Y2S,山形県,0,,-
PENDUAL,fallen leaves -IIDX edition-,0,,-,896,ARUKU,山形県,1933,R113,山形県,3224,3Y2S,山形県,0,,-
PENDUAL,FANTASTIC THREE,0,,-,993,FAB.,山形県,2090,HIFU.S,山形県,3004,MIST*,山形県,0,,-
PENDUAL,Flashes,0,,-,885,M*A,山形県,1755,JIP,山形県,3075,3Y2S,山形県,4054,EBI8LA,山形県
PENDUAL,Gravigazer,0,,-,680,ZZ1337,山形県,1685,HIFU.S,山形県,2845,3Y2S,山形県,0,,-
PENDUAL,GUILTY,0,,-,748,YUCKY,山形県,1398,LIGETY,山形県,1872,3Y2S,山形県,2904,EBI8LA,山形県
PENDUAL,HELL SCAPER -Last Escape Remix-,0,,-,743,LOU,山形県,1355,PEN9LA,山形県,2685,DEMI,山形県,0,,-
PENDUAL,Hello Happiness,0,,-,0,,-,1482,C.ANON,山形県,2290,3Y2S,山形県,0,,-
PENDUAL,illuminate,0,,-,0,,-,833,HEI.DA,山形県,2171,MIST*,山形県,0,,-
PENDUAL,IMPLANTATION,0,,-,0,,-,1618,MIST*,山形県,2218,3Y2S,山形県,0,,-
PENDUAL,In The Breeze,0,,-,469,ANONY,山形県,935,KITSCH,山形県,1624,KA37GI,山形県,0,,-
PENDUAL,Invitation from Mr.C,0,,-,922,MORIIK,山形県,1377,ARUBA,山形県,2646,3Y2S,山形県,0,,-
PENDUAL,IXION,0,,-,654,LOU,山形県,1597,AGETO4,山形県,2152,3Y2S,山形県,0,,-
PENDUAL,Line 4 Ruin,0,,-,0,,-,1680,1KISG1,山形県,2749,3Y2S,山形県,0,,-
PENDUAL,Monopole.,0,,-,758,MICKY,山形県,1504,AGETO4,山形県,3086,MANO38,山形県,0,,-
PENDUAL,NEO GENERATOR SEVEN,0,,-,0,,-,1496,ARUBA,山形県,3011,DEMI,山形県,0,,-
PENDUAL,Night sky,0,,-,1017,RMZN,山形県,1808,R113,山形県,2846,EBI8LA,山形県,0,,-
PENDUAL,No Tears,0,,-,778,HEI.DA,山形県,1857,LIGETY,山形県,2407,DEMI,山形県,0,,-
PENDUAL,PENDUAL TALISMAN,0,,-,511,ELENOA,山形県,1531,ELENOA,山形県,2550,MIST*,山形県,0,,-
PENDUAL,Rave*it!! Rave*it!!,0,,-,761,UOXOU?,山形県,1550,GANO3,山形県,3180,EBI8LA,山形県,0,,-
PENDUAL,Realize Maze,0,,-,542,S1BA,山形県,1928,R113,山形県,2866,EBICH.,山形県,0,,-
PENDUAL,Reflux,0,,-,487,NYAO#7,山形県,1435,RYU,山形県,2910,EBI8LA,山形県,0,,-
PENDUAL,Sakura Mirage,0,,-,761,TOMO,山形県,1255,P-RABI,山形県,2215,1KISG1,山形県,0,,-
PENDUAL,SAMSARA,0,,-,408,BERN,山形県,1179,SINOUE,山形県,2030,MIST*,山形県,0,,-
PENDUAL,Say YEEEAHH,0,,-,0,,-,1784,EBICH.,山形県,2986,MIST*,山形県,0,,-
PENDUAL,Scarlet Moon,0,,-,909,DEN,山形県,1708,C.ANON,山形県,2668,3Y2S,山形県,0,,-
PENDUAL,Scars of FAUNA,0,,-,629,S1BA,山形県,1666,JIP,山形県,2840,3Y2S,山形県,0,,-
PENDUAL,Shooting Fireball,0,,-,831,MOMONG,山形県,2114,R113,山形県,3812,EBI8LA,山形県,0,,-
PENDUAL,Sounds Of Summer,0,,-,935,TOMO,山形県,1949,HIFU.S,山形県,2904,EBI8LA,山形県,0,,-
PENDUAL,SpaceLand☆TOYBOX,0,,-,1069,N-PSTL,山形県,1637,R113,山形県,2856,EBI8LA,山形県,0,,-
PENDUAL,Sweet Radar,0,,-,525,RAIDEN,山形県,1268,SA21,山形県,2000,3Y2S,山形県,0,,-
PENDUAL,Symmetry,0,,-,980,KOHRYU,山形県,1965,R113,山形県,3088,EBICH.,山形県,0,,-
PENDUAL,TA・DA ☆ YO・SHI,0,,-,1033,KOHRYU,山形県,1135,KOHRYU,山形県,2279,3Y2S,山形県,0,,-
PENDUAL,The Least 100sec,0,,-,648,ZZ1337,山形県,1329,AGETO4,山形県,2762,EBI8LA,山形県,0,,-
PENDUAL,TIEFSEE,0,,-,1169,SINOUE,山形県,1997,R113,山形県,3422,EBI8LA,山形県,0,,-
PENDUAL,TOXIC VIBRATION,0,,-,1484,BIG,山形県,2229,LIGETY,山形県,3645,EBI8LA,山形県,0,,-
PENDUAL,Vulkan,0,,-,897,ZZ1337,山形県,1632,SILVIA,山形県,2916,3Y2S,山形県,0,,-
PENDUAL,We're so Happy (P*Light Remix) IIDX ver.,0,,-,846,ARUKU,山形県,2200,HIFU.S,山形県,3446,1KISG1,山形県,0,,-
PENDUAL,ZZ,0,,-,1034,IIDX32,山形県,1942,ZECR0M,山形県,2966,EBI8LA,山形県,0,,-
PENDUAL,それは花火のような恋,614,NORA96,山形県,1173,SINOUE,山形県,2499,EBICH.,山形県,3791,EBI8LA,山形県,0,,-
PENDUAL,とろぴかる倶楽部,0,,-,498,HEI.DA,山形県,1384,AGETO4,山形県,2236,EBI8LA,山形県,0,,-
PENDUAL,ぷろぐれっしぶ時空少女！うらしまたろ子ちゃん！,0,,-,534,RITO,山形県,1389,K-ON!!,山形県,2489,3Y2S,山形県,0,,-
PENDUAL,もっと！モット！ときめき feat. 松下,0,,-,1090,KOHRYU,山形県,1957,3Y2S,山形県,2582,EBICH.,山形県,0,,-
PENDUAL,ドッキン☆サマーあばんちゅーる,0,,-,884,CONHA!,山形県,1689,AGETO4,山形県,2728,EBICH.,山形県,0,,-
PENDUAL,パ→ピ→プ→Yeah!,334,NORA96,山形県,938,ALEXIA,山形県,1482,MINAGI,山形県,2473,3Y2S,山形県,0,,-
PENDUAL,ベィスドロップ・フリークス,0,,-,354,TA,山形県,1193,1KISG1,山形県,2197,EBICH.,山形県,2372,EBI8LA,山形県
PENDUAL,リリーゼと炎龍レーヴァテイン,0,,-,941,BIG,山形県,2172,R113,山形県,3295,1KISG1,山形県,0,,-
PENDUAL,共鳴遊戯の華,0,,-,1202,2RUOKA,山形県,2234,MAGURO,山形県,3644,EBI8LA,山形県,0,,-
PENDUAL,十六夜セツナ,0,,-,738,ZZ1337,山形県,1556,COMET*,山形県,2194,DEMI,山形県,0,,-
PENDUAL,千年ノ理,0,,-,990,KUHAKU,山形県,1805,LIGETY,山形県,3145,EBI8LA,山形県,4170,3Y2S,山形県
PENDUAL,取り残された美術(Arranged:HiZuMi),134,ROGU1N,山形県,688,COCOA,山形県,1504,LITTLE,山形県,2183,3Y2S,山形県,0,,-
PENDUAL,夏色DIARY - L.E.D.-G STYLE MIX -,0,,-,609,ZZ1337,山形県,1779,HIFU.S,山形県,2751,KJ,山形県,0,,-
PENDUAL,妖隠し -あやかしかくし-,0,,-,669,ANONY,山形県,1527,AGETO4,山形県,2178,3Y2S,山形県,0,,-
PENDUAL,少年は空を辿る,0,,-,973,ARUKU,山形県,1967,HIFU.S,山形県,3201,EBI8LA,山形県,0,,-
PENDUAL,恋は白帯、サンシロー,0,,-,495,SMAJ,山形県,1078,ALB*7S,山形県,2003,DEMI,山形県,2746,EBI8LA,山形県
PENDUAL,打打打打打打打打打打,130,N1UP,山形県,692,ZZ1337,山形県,1277,AGETO4,山形県,2614,3Y2S,山形県,0,,-
PENDUAL,時空トラベローグ,0,,-,911,RMZN,山形県,1666,ZERO-D,山形県,2523,JIP,山形県,0,,-
PENDUAL,白露の風,0,,-,344,MAKO,山形県,1151,K-ON!!,山形県,2021,EBI8LA,山形県,0,,-
PENDUAL,紅牡丹,416,IIDX33,山形県,958,IIDX32,山形県,1720,R113,山形県,2804,EBI8LA,山形県,0,,-
PENDUAL,表裏一体！？怪盗いいんちょの悩み,0,,-,1100,DONUTS,山形県,2064,HIFU.S,山形県,3403,EBICH.,山形県,4176,EBI8LA,山形県
PENDUAL,超青少年ノ為ノ超多幸ナ超古典的超舞曲,0,,-,852,FAB.,山形県,1782,NARA,山形県,2607,1KISG1,山形県,3948,EBI8LA,山形県
PENDUAL,鬼天,0,,-,838,SINOUE,山形県,1561,MAGURO,山形県,2426,3Y2S,山形県,0,,-
PENDUAL,Ｘ↑Ｘ↓,0,,-,684,UOXOU?,山形県,1417,CBK,山形県,2759,1KISG1,山形県,0,,-
copula,199024club -Re:BounceKiller-,0,,-,690,N-PSTL,山形県,1624,3Y2S,山形県,2320,MIST*,山形県,0,,-
copula,Acid Pumper,0,,-,466,SMAJ,山形県,1559,AAAAAA,山形県,2395,3Y2S,山形県,0,,-
copula,Angelic Jelly,0,,-,896,MOMO,山形県,2023,SR,山形県,2514,328,山形県,0,,-
copula,AO-1,0,,-,1101,KURO,山形県,1878,MIST*,山形県,2730,EBI8LA,山形県,0,,-
copula,Arcana,0,,-,934,LOU,山形県,1705,JIP,山形県,2150,JIP,山形県,0,,-
copula,Aublia,0,,-,0,,-,1311,MAOU,山形県,2390,SR,山形県,0,,-
copula,Battle Train -IIDX Edition-,0,,-,526,SMAJ,山形県,2235,HIFU.S,山形県,3070,JIP,山形県,0,,-
copula,Blue Spring Express,0,,-,1150,ARUBA,山形県,1910,R113,山形県,3108,3Y2S,山形県,0,,-
copula,Central Station,0,,-,741,ZZ1337,山形県,1364,KITSCH,山形県,2332,MIST*,山形県,0,,-
copula,chaos eater -IIDX edition-,0,,-,744,ZZ1337,山形県,1575,DELTA*,山形県,2586,EBI8LA,山形県,0,,-
copula,CODE:1 [revision1.0.1],0,,-,662,RITO,山形県,1627,ILLION,山形県,3001,3Y2S,山形県,0,,-
copula,Daily Lunch Special,0,,-,957,YUCKY,山形県,2075,328,山形県,2867,3Y2S,山形県,0,,-
copula,Damage Per Second,0,,-,552,SMAJ,山形県,1267,JOKER,山形県,2006,EBICH.,山形県,2269,EBI8LA,山形県
copula,Derelict Star feat. Ryu*,0,,-,867,UOXOU?,山形県,1662,SILVIA,山形県,2510,DEMI,山形県,0,,-
copula,Devil's Gear,0,,-,979,2RUOKA,山形県,2044,MAGURO,山形県,3322,3Y2S,山形県,0,,-
copula,DIAMOND CROSSING,0,,-,909,2RUOKA,山形県,1652,HIFU.S,山形県,2921,EBI8LA,山形県,0,,-
copula,do the thing feat. Kanae Asaba,0,,-,419,RAIDEN,山形県,1125,SAFA,山形県,2240,MIST*,山形県,0,,-
copula,Donkey Donk,0,,-,823,KANI98,山形県,1601,P-RABI,山形県,2247,EBI8LA,山形県,0,,-
copula,Dynamite,454,ELLMYS,山形県,1116,BIG,山形県,2422,MIST*,山形県,3735,EBI8LA,山形県,0,,-
copula,Everlasting Last,0,,-,634,SMAJ,山形県,1554,COMET*,山形県,2184,EBICH.,山形県,0,,-
copula,Exchange Place,0,,-,617,ZZ1337,山形県,1063,KITSCH,山形県,1698,KA37GI,山形県,0,,-
copula,GENERATE feat.綾倉盟,0,,-,582,M,山形県,1597,OKUTON,山形県,2332,3Y2S,山形県,0,,-
copula,Go Faraway,0,,-,0,,-,0,,-,2394,DEMI,山形県,0,,-
copula,GOBBLE,0,,-,334,RAIDEN,山形県,556,KITSCH,山形県,1684,3Y2S,山形県,0,,-
copula,Godspeed,0,,-,838,YUCKY,山形県,1847,TOT,山形県,2961,EBI8LA,山形県,0,,-
copula,Grand Chariot,0,,-,1011,RAUM-L,山形県,1753,HIFU.S,山形県,3143,EBICH.,山形県,0,,-
copula,Highcharge Divolt,0,,-,720,AO-TAK,山形県,1593,HIFU.S,山形県,2680,EBI8LA,山形県,0,,-
copula,Inner Spirit,0,,-,593,TENKA,山形県,1583,PAURO,山形県,2695,MIST*,山形県,0,,-
copula,Journey,0,,-,289,TOMATO,山形県,1143,RMZN,山形県,1863,3Y2S,山形県,3100,EBI8LA,山形県
copula,Konzert V,0,,-,1061,YUCKY,山形県,2155,HIFU.S,山形県,3160,EBICH.,山形県,0,,-
copula,La dolce primavera,0,,-,0,,-,1196,RMZN,山形県,1987,HIFU.S,山形県,0,,-
copula,M4K3 1T B0UNC3,0,,-,956,YUCKY,山形県,1900,HIFU.S,山形県,2971,3Y2S,山形県,0,,-
copula,Musik LoverZ,0,,-,655,HEI.DA,山形県,1099,LOU,山形県,2434,EBICH.,山形県,0,,-
copula,NANAIRO,0,,-,559,SATO,山形県,1672,CROIT,山形県,2480,1KISG1,山形県,0,,-
copula,Nightmare before oversleep,0,,-,904,LOU,山形県,1830,HIFU.S,山形県,2866,EBI8LA,山形県,0,,-
copula,NINJA IS DEAD IIDX ver.,0,,-,693,HEI.DA,山形県,1555,RAUM,山形県,2925,3Y2S,山形県,0,,-
copula,NO LIMIT -オレ達に限界は無い-,0,,-,648,KANTA,山形県,1076,ARUBA,山形県,2219,3Y2S,山形県,0,,-
copula,Nowhere,0,,-,462,TENKA,山形県,1060,MIYUKI,山形県,2103,MIST*,山形県,0,,-
copula,NZM,0,,-,703,HEI.DA,山形県,1397,SILVIA,山形県,3221,EBI8LA,山形県,0,,-
copula,On the FM,0,,-,784,UOXOU?,山形県,1258,MIYUKI,山形県,2735,EBI8LA,山形県,0,,-
copula,Outbreak,0,,-,972,LOU,山形県,1749,96SK*,山形県,2972,EBI8LA,山形県,0,,-
copula,POSSESSION,502,DELTA*,山形県,1305,COMET*,山形県,2060,MIST*,山形県,2893,EBI8LA,山形県,0,,-
copula,quick master (reform version),0,,-,158,PEN9LA,山形県,318,YUCKY,山形県,511,KA37GI,山形県,0,,-
copula,refrain,0,,-,1118,DAIWA,山形県,2208,TOT,山形県,3417,3Y2S,山形県,0,,-
copula,Rock It,0,,-,735,S1BA,山形県,1588,AGETO4,山形県,2914,EBI8LA,山形県,0,,-
copula,Routing,0,,-,662,LOU,山形県,1342,PAISEN,山形県,2466,EBI8LA,山形県,0,,-
copula,Sephirot,0,,-,722,BONTA,山形県,1253,DURA,山形県,2220,JIP,山形県,0,,-
copula,Set U Free feat. Kanae Asaba,0,,-,485,HEI.DA,山形県,1363,HOGG,山形県,2456,JIP,山形県,0,,-
copula,SHELTER OF THE MIND,0,,-,0,,-,1831,LIGETY,山形県,2938,1KISG1,山形県,0,,-
copula,STARLiGHT,0,,-,780,ZZ1337,山形県,1671,TAKINA,山形県,2693,EBI8LA,山形県,0,,-
copula,STARLIGHT DANCEHALL,0,,-,986,AGETO4,山形県,1726,NARA,山形県,2599,EBI8LA,山形県,3212,EBI8LA,山形県
copula,StrayedCatz,0,,-,993,ARUBA,山形県,1944,JIP,山形県,2662,3Y2S,山形県,0,,-
copula,Super Duper Racers,0,,-,832,TOMO,山形県,1339,SILVIA,山形県,2339,EBICH.,山形県,3586,EBI8LA,山形県
copula,SURVIVOR,0,,-,582,ELLMYS,山形県,1095,MIYUKI,山形県,1977,EBICH.,山形県,0,,-
copula,Tori-no-kimochi,0,,-,215,TOMO,山形県,694,S1BA,山形県,1928,EBICH.,山形県,0,,-
copula,Triple Counter,0,,-,1158,FAB.,山形県,2146,R113,山形県,3757,3Y2S,山形県,0,,-
copula,Uh-Oh,0,,-,923,TOMO,山形県,1565,AGETO4,山形県,2376,EBI8LA,山形県,0,,-
copula,Violet Pulse,0,,-,337,RINEN,山形県,1635,JIP,山形県,2316,JIP,山形県,3896,EBI8LA,山形県
copula,Violet Rose,0,,-,898,AO-TAK,山形県,1438,SILVIA,山形県,2441,1KISG1,山形県,0,,-
copula,Welcome,0,,-,490,SMAJ,山形県,1757,HIFU.S,山形県,2591,EBI8LA,山形県,3057,1KISG1,山形県
copula,X,0,,-,1425,SILVIA,山形県,2273,R113,山形県,3788,EBI8LA,山形県,0,,-
copula,ZEPHYRANTHES,0,,-,720,ZZ1337,山形県,1690,LIGETY,山形県,2811,MIST*,山形県,3791,EBI8LA,山形県
copula,か・し・ま・し☆PUMP UP！,0,,-,0,,-,1602,ZERO-D,山形県,2735,&#9787,山形県,0,,-
copula,めいさいアイドル☆あいむちゃん♪,0,,-,1493,DW-KRR,山形県,2145,R113,山形県,3216,3Y2S,山形県,0,,-
copula,オルタネイトβ,0,,-,797,BIG,山形県,1428,3Y2S,山形県,2235,EBI8LA,山形県,0,,-
copula,ギョギョっと人魚 爆婚ブライダル,0,,-,455,DEDEDE,山形県,1231,KEN,山形県,2337,EBI8LA,山形県,0,,-
copula,シュッパツシンコウ・シサカンコ,0,,-,941,ALB*7S,山形県,1677,JOKER,山形県,2388,MIST*,山形県,0,,-
copula,セロトニン,0,,-,1023,Y.E?,山形県,1578,ZERO-D,山形県,2299,EBI8LA,山形県,0,,-
copula,少女アリスと箱庭幻想コンチェルト,0,,-,565,UOXOU?,山形県,1377,PAURO,山形県,2128,EBI8LA,山形県,0,,-
copula,明鏡止水,0,,-,626,UOXOU?,山形県,1224,DOP,山形県,2728,3Y2S,山形県,0,,-
copula,星屑ディスタンシア,0,,-,670,BIG,山形県,1014,MIYUKI,山形県,1946,LIGETY,山形県,0,,-
copula,朝焼けから始まるボクらの小さな旅,0,,-,715,LOU,山形県,1551,ZERO-D,山形県,2399,KJ,山形県,0,,-
copula,灼熱 Pt.2 Long Train Running,480,TAKE,山形県,1267,AAAAAA,山形県,2080,MIST*,山形県,3136,EBI8LA,山形県,0,,-
copula,真 地獄超特急 -HELL or HELL-,0,,-,1368,AGETO4,山形県,2081,TAKINA,山形県,3167,EBI8LA,山形県,0,,-
copula,紫陽花 -AZISAI-,376,AMIA25,山形県,1178,CROIT,山形県,1954,R113,山形県,2776,QUALIA,山形県,3224,EBI8LA,山形県
copula,追想快晴テーマパーク,0,,-,0,,-,1967,HIFU.S,山形県,2779,A,山形県,0,,-
copula,量子の海のリントヴルム,0,,-,860,BIG,山形県,1599,ALOE,山形県,2894,3Y2S,山形県,0,,-
copula,駅猫のワルツ,0,,-,920,YUCKY,山形県,1962,HIFU.S,山形県,2633,EBI8LA,山形県,0,,-
copula,麗 ～うらら～,205,MIZHAS,山形県,853,ZZ1337,山形県,1667,TOT,山形県,2598,3Y2S,山形県,0,,-
SINOBUZ,¡Viva!,0,,-,742,KANTA,山形県,1512,AGETO4,山形県,1983,EBI8LA,山形県,0,,-
SINOBUZ,#MAGiCVLGiRL_TRVP_B3VTZ,0,,-,1060,AGETO4,山形県,1897,AGETO4,山形県,3230,EBICH.,山形県,0,,-
SINOBUZ,(This Is Not) The Angels,0,,-,570,DELTA*,山形県,1355,COMET*,山形県,2676,3Y2S,山形県,0,,-
SINOBUZ,Amazing Mirage,215,TENKA,山形県,777,TOMO,山形県,1602,P-RABI,山形県,2579,EBI8LA,山形県,3203,3Y2S,山形県
SINOBUZ,AO-∞,0,,-,956,YUCKY,山形県,1585,HOGG,山形県,2539,1KISG1,山形県,0,,-
SINOBUZ,Apocalypse,0,,-,844,RAIDEN,山形県,2040,NARA,山形県,3507,3Y2S,山形県,0,,-
SINOBUZ,Around The Galaxy,0,,-,763,ZZ1337,山形県,1707,KITSCH,山形県,3265,EBICH.,山形県,0,,-
SINOBUZ,AsiaN distractive,0,,-,680,UOXOU?,山形県,1518,DURA,山形県,2485,1KISG1,山形県,0,,-
SINOBUZ,BabeL ～Grand Story～,0,,-,727,EEE,山形県,2059,HIFU.S,山形県,2618,MIST*,山形県,0,,-
SINOBUZ,Be A Star,0,,-,579,SMAJ,山形県,1652,PAISEN,山形県,2764,EBICH.,山形県,0,,-
SINOBUZ,Beat Juggling Mix,0,,-,832,IROHA,山形県,1413,HOGG,山形県,2057,MIST*,山形県,0,,-
SINOBUZ,Believe in you,0,,-,812,TOMO,山形県,1795,AGETO4,山形県,2392,EBICH.,山形県,0,,-
SINOBUZ,Beyond The Seven,0,,-,562,SMAJ,山形県,1144,KITSCH,山形県,2701,EBI8LA,山形県,0,,-
SINOBUZ,BREAK OVER,0,,-,636,UOXOU?,山形県,1526,N-PSTL,山形県,2289,EBICH.,山形県,0,,-
SINOBUZ,Breakin' Chain,0,,-,540,LOU,山形県,1269,328,山形県,2290,EBI8LA,山形県,0,,-
SINOBUZ,BroGamer,0,,-,1313,AAAAAA,山形県,1985,!-LL,山形県,3046,EBI8LA,山形県,4473,EBI8LA,山形県
SINOBUZ,Caterpillar,0,,-,1022,KOHRYU,山形県,1991,HIFU.S,山形県,2874,EBI8LA,山形県,0,,-
SINOBUZ,crew,0,,-,600,ARUBA,山形県,1636,AGETO4,山形県,2908,EBI8LA,山形県,0,,-
SINOBUZ,Cyber True Color,0,,-,0,,-,1479,COMET*,山形県,2297,EBI8LA,山形県,0,,-
SINOBUZ,DORNWALD ～Junge～,0,,-,1192,LITTLE,山形県,2084,HIFU.S,山形県,3523,EBI8LA,山形県,0,,-
SINOBUZ,ECHIDNA,0,,-,831,UOXOU?,山形県,2072,MIST*,山形県,3217,EBI8LA,山形県,0,,-
SINOBUZ,Egret and Willow,0,,-,668,ANONY,山形県,1563,AGETO4,山形県,2688,EBI8LA,山形県,0,,-
SINOBUZ,elemental bender feat. Kanae Asaba,0,,-,237,TAMA*,山形県,1102,K-ON!!,山形県,1595,HARU*,山形県,0,,-
SINOBUZ,FUZIN RIZIN,0,,-,1065,SINOUE,山形県,1829,LIGETY,山形県,3732,EBI8LA,山形県,0,,-
SINOBUZ,Go Ahead!!,0,,-,709,RUTTI,山形県,1457,HIFU.S,山形県,2586,EBI8LA,山形県,0,,-
SINOBUZ,GuNGNiR,0,,-,1150,MOMO,山形県,2607,EBI8LA,山形県,3672,EBI8LA,山形県,4268,EBI8LA,山形県
SINOBUZ,HADES,283,M.HERO,山形県,884,IIDX32,山形県,1716,R113,山形県,2981,3Y2S,山形県,0,,-
SINOBUZ,HAPPY★RUSH,0,,-,652,RAIDEN,山形県,1701,C.ANON,山形県,2790,EBICH.,山形県,0,,-
SINOBUZ,Honey Trap,0,,-,628,HEI.DA,山形県,1071,CAP,山形県,2502,EBI8LA,山形県,0,,-
SINOBUZ,INVISIBLE STRIX,0,,-,907,YUCKY,山形県,1897,HIFU.S,山形県,2552,EBI8LA,山形県,0,,-
SINOBUZ,Lost wing at.0,0,,-,696,UOXOU?,山形県,1363,ZERO-D,山形県,2387,EBI8LA,山形県,0,,-
SINOBUZ,Macuilxochitl,0,,-,1137,LOU,山形県,2038,HIFU.S,山形県,3300,EBI8LA,山形県,0,,-
SINOBUZ,Magical,0,,-,556,COCOA,山形県,1024,Y.E?,山形県,1930,AMGS,山形県,0,,-
SINOBUZ,Mare Nectaris,0,,-,1285,SA21,山形県,1992,MIST*,山形県,3572,QUALIA,山形県,0,,-
SINOBUZ,Modular Technology,0,,-,772,HEI.DA,山形県,1805,HIFU.S,山形県,2647,EBI8LA,山形県,0,,-
SINOBUZ,Music is The Answer,0,,-,522,UOXOU?,山形県,1379,AGETO4,山形県,1911,EBI8LA,山形県,0,,-
SINOBUZ,nostos,0,,-,578,HEI.DA,山形県,1109,KENP,山形県,2547,EBI8LA,山形県,0,,-
SINOBUZ,OOO,0,,-,580,KANI98,山形県,1373,KURO,山形県,2051,EBI8LA,山形県,2639,EBI8LA,山形県
SINOBUZ,OTENAMI Hurricane,0,,-,693,S1BA,山形県,2026,HIFU.S,山形県,3004,3Y2S,山形県,0,,-
SINOBUZ,PAPAYAPA BASS,0,,-,606,HEI.DA,山形県,1457,AGETO4,山形県,2735,EBI8LA,山形県,0,,-
SINOBUZ,Piano Samurai,0,,-,0,,-,1515,PAISEN,山形県,2479,EBI8LA,山形県,0,,-
SINOBUZ,Quakes,0,,-,698,RITO,山形県,1905,MAGURO,山形県,2997,3Y2S,山形県,0,,-
SINOBUZ,RAIN,0,,-,912,TOMO,山形県,1689,COMET*,山形県,3183,EBI8LA,山形県,0,,-
SINOBUZ,Rave Cannon,0,,-,750,2RUOKA,山形県,1621,HOGG,山形県,3285,EBI8LA,山形県,0,,-
SINOBUZ,Remedy feat. Kanae Asaba,0,,-,809,B.N!,山形県,1433,PAISEN,山形県,2145,MIST*,山形県,0,,-
SINOBUZ,ROTTERDAM SHOGUN,0,,-,805,EEE,山形県,1666,LITTLE,山形県,2464,MIST*,山形県,0,,-
SINOBUZ,SAMURAI-Scramble,0,,-,639,BERN,山形県,1614,1KISG1,山形県,2353,MIST*,山形県,2676,EBI8LA,山形県
SINOBUZ,Sarutobi Champion is 拙者,0,,-,497,WAKA,山形県,781,HENEKO,山形県,2050,MIST*,山形県,0,,-
SINOBUZ,SAY BAY,0,,-,602,S1BA,山形県,1334,LITTLE,山形県,2767,EBI8LA,山形県,0,,-
SINOBUZ,Seaside Labyrinth,0,,-,0,,-,967,RMZN,山形県,1852,EBI8LA,山形県,0,,-
SINOBUZ,Selfish Sweet,0,,-,0,,-,0,,-,1677,MIST*,山形県,2591,EBI8LA,山形県
SINOBUZ,SEQUENCE CAT,0,,-,675,RITO,山形県,2023,HIFU.S,山形県,2827,EBI8LA,山形県,0,,-
SINOBUZ,shuriken,0,,-,0,,-,1038,RMZN,山形県,2433,OPI.IK,山形県,0,,-
SINOBUZ,SINOBUZ Fantasy,0,,-,728,S1BA,山形県,1279,CBK,山形県,2386,EBICH.,山形県,0,,-
SINOBUZ,Sky High,0,,-,885,TOMO,山形県,2231,328,山形県,3703,EBI8LA,山形県,0,,-
SINOBUZ,Snakey Kung-fu,0,,-,1027,ARUBA,山形県,2054,HIFU.S,山形県,3299,EBI8LA,山形県,0,,-
SINOBUZ,Steel Edge,0,,-,855,MICKY,山形県,1462,JIP,山形県,3097,3Y2S,山形県,0,,-
SINOBUZ,Summerlights(IIDX Edition),0,,-,908,LOU,山形県,1712,HOGG,山形県,2938,MIST*,山形県,0,,-
SINOBUZ,Super Rush,0,,-,819,N1UP,山形県,1845,1KISG1,山形県,3476,EBI8LA,山形県,0,,-
SINOBUZ,Surf on the Light,0,,-,0,,-,1343,AGETO4,山形県,2242,EBI8LA,山形県,0,,-
SINOBUZ,The Commanders,0,,-,818,ZZ1337,山形県,1240,SUSHI,山形県,2404,MIST*,山形県,0,,-
SINOBUZ,TOGAKUSHI,0,,-,715,ZZ1337,山形県,1753,HIFU.S,山形県,2509,EBI8LA,山形県,0,,-
SINOBUZ,Umbral,0,,-,370,SESLIP,山形県,1378,JIP,山形県,1888,MIST*,山形県,2992,EBI8LA,山形県
SINOBUZ,Venom,0,,-,1063,KOHRYU,山形県,2038,HIFU.S,山形県,3116,EBI8LA,山形県,0,,-
SINOBUZ,Vermilion,0,,-,561,EEE,山形県,1285,AGETO4,山形県,2001,EBI8LA,山形県,0,,-
SINOBUZ,Warrior,0,,-,622,ZZ1337,山形県,1345,REN,山形県,2448,EBI8LA,山形県,0,,-
SINOBUZ,XINOBIKILL,0,,-,701,WAKA,山形県,1718,AAAAAA,山形県,2719,1KISG1,山形県,0,,-
SINOBUZ,yamabiko (SINOBUZ Edition),0,,-,0,,-,1241,M*A,山形県,2591,EBI8LA,山形県,0,,-
SINOBUZ,Yellow Sketch(RX-Ver.S.P.L.),0,,-,0,,-,1567,STRIKE,山形県,2802,EBI8LA,山形県,0,,-
SINOBUZ,〆,0,,-,916,UOXOU?,山形県,2239,328,山形県,3577,EBI8LA,山形県,0,,-
SINOBUZ,ちらちら・はらはら,0,,-,342,SMAJ,山形県,880,MIYUKI,山形県,1412,EBI8LA,山形県,0,,-
SINOBUZ,イザナミノナゲキ,0,,-,1075,TOMO,山形県,1743,MAOU,山形県,3177,EBI8LA,山形県,0,,-
SINOBUZ,ディッシュウォッシャー◎彡おいわちゃん,0,,-,439,SMAJ,山形県,1236,RMZN,山形県,2460,3Y2S,山形県,0,,-
SINOBUZ,九尾狐夜行,0,,-,400,MSMN,山形県,1660,AGETO4,山形県,2890,3Y2S,山形県,0,,-
SINOBUZ,冬椿 ft. Kanae Asaba,208,M,山形県,925,TA9SAN,山形県,1148,LITTLE,山形県,2251,3Y2S,山形県,2972,EBI8LA,山形県
SINOBUZ,刃図羅,0,,-,1145,ARUBA,山形県,1913,HIFU.S,山形県,3323,EBI8LA,山形県,0,,-
SINOBUZ,忍恋花,0,,-,957,LITTLE,山形県,1445,AGETO4,山形県,2180,3Y2S,山形県,0,,-
SINOBUZ,恋はどう？モロ◎波動OK☆方程式!!,0,,-,778,ZZ1337,山形県,1301,CBK,山形県,2449,EBI8LA,山形県,0,,-
SINOBUZ,月雪に舞う華のように,0,,-,589,EEE,山形県,1137,RMZN,山形県,1975,KA37GI,山形県,0,,-
SINOBUZ,次葉 -turn the page-,0,,-,454,OURIN*,山形県,1188,PUDING,山形県,1959,MIST*,山形県,0,,-
SINOBUZ,津軽雪,0,,-,1246,KOHRYU,山形県,2039,ANI,山形県,3762,EBI8LA,山形県,0,,-
SINOBUZ,火影,0,,-,619,TOMO,山形県,1338,1KISG1,山形県,2664,EBI8LA,山形県,0,,-
SINOBUZ,焔極OVERKILL,0,,-,942,ZZ1337,山形県,1988,KUFUFU,山形県,3373,3Y2S,山形県,0,,-
SINOBUZ,獅子霞麗ノ舞,0,,-,0,,-,994,ARUBA,山形県,1716,EBI8LA,山形県,0,,-
SINOBUZ,禍根,0,,-,582,HEI.DA,山形県,1293,JIP,山形県,2559,EBI8LA,山形県,0,,-
SINOBUZ,童話回廊,0,,-,595,EEE,山形県,1497,RAUM,山形県,3034,3Y2S,山形県,0,,-
SINOBUZ,鴉,0,,-,1099,ASRXTX,山形県,2186,HIFU.S,山形県,2670,EBI8LA,山形県,0,,-
CANNON BALLERS,1001 -ESCAPE-,0,,-,482,BERN,山形県,1300,SAFA,山形県,2554,MIST*,山形県,0,,-
CANNON BALLERS,255,0,,-,701,ELLMYS,山形県,1521,TAKINA,山形県,3197,EBI8LA,山形県,0,,-
CANNON BALLERS,AA -rebuild-,0,,-,1024,RMZN,山形県,2198,NARA,山形県,3459,3Y2S,山形県,0,,-
CANNON BALLERS,Abraxas,0,,-,613,ZZ1337,山形県,1593,JIP,山形県,2332,3Y2S,山形県,0,,-
CANNON BALLERS,ACCELERATE,0,,-,1111,PEN9LA,山形県,1583,ZERO-D,山形県,2391,JIP,山形県,0,,-
CANNON BALLERS,Alpheratz,0,,-,300,56000,山形県,876,ARUBA,山形県,2087,3Y2S,山形県,2860,EBI8LA,山形県
CANNON BALLERS,Amor De Verao,0,,-,529,SMAJ,山形県,1165,LOU,山形県,2206,JIP,山形県,0,,-
CANNON BALLERS,ANAGMA,0,,-,658,REIJOO,山形県,1739,JIP,山形県,2510,&#9787,山形県,0,,-
CANNON BALLERS,ANCHOR,0,,-,1158,M*A,山形県,2231,MAGURO,山形県,3481,EBI8LA,山形県,0,,-
CANNON BALLERS,Antigravity,0,,-,766,BONTA,山形県,1871,HIFU.S,山形県,2890,3Y2S,山形県,0,,-
CANNON BALLERS,Arca,0,,-,583,M,山形県,1541,CBK,山形県,2908,JIP,山形県,0,,-
CANNON BALLERS,Around the Future,0,,-,788,MORIIK,山形県,1662,JIP,山形県,2505,EBICH.,山形県,0,,-
CANNON BALLERS,Back Spin Sweeper,0,,-,601,EEE,山形県,1240,RAUM,山形県,2206,EBI8LA,山形県,0,,-
CANNON BALLERS,Battleground,0,,-,1134,BIG,山形県,1656,HOGG,山形県,2569,MIST*,山形県,0,,-
CANNON BALLERS,Be a Hero!,0,,-,711,IIDX32,山形県,1600,BIG,山形県,2766,KA37GI,山形県,0,,-
CANNON BALLERS,Best of Me,0,,-,578,SMAJ,山形県,1372,SILVIA,山形県,2174,MIST*,山形県,0,,-
CANNON BALLERS,Boomy and The Boost,0,,-,817,ZZ1337,山形県,1952,JIP,山形県,3356,EBI8LA,山形県,0,,-
CANNON BALLERS,Break Stasis,0,,-,898,TENKA,山形県,1453,MIYUKI,山形県,2431,JIP,山形県,0,,-
CANNON BALLERS,ChaserXX,0,,-,967,ARUBA,山形県,1798,JIP,山形県,2777,3Y2S,山形県,3631,EBI8LA,山形県
CANNON BALLERS,Chemical Cookie,0,,-,626,ZZ1337,山形県,1247,NYA-,山形県,2046,EBICH.,山形県,0,,-
CANNON BALLERS,City Never Sleeps (IIDX Edition),0,,-,1020,DAIWA,山形県,1607,NYA-,山形県,2548,SR,山形県,0,,-
CANNON BALLERS,COSMIC☆WONDER☆REVOLUTION,0,,-,597,KANI98,山形県,1238,RMZN,山形県,2082,3Y2S,山形県,0,,-
CANNON BALLERS,DEADHEAT,0,,-,969,KOHRYU,山形県,1999,MIST*,山形県,3221,3Y2S,山形県,0,,-
CANNON BALLERS,DEATH†ZIGOQ ～怒りの高速爆走野郎～,0,,-,1273,LITTLE,山形県,2257,HIFU.S,山形県,3863,EBI8LA,山形県,4370,EBI8LA,山形県
CANNON BALLERS,DropZ-Line-,0,,-,978,MTO,山形県,1893,HIFU.S,山形県,3080,3Y2S,山形県,0,,-
CANNON BALLERS,Eine Haube ～聖地の果てにあるもの～,0,,-,479,SHWANG,山形県,1314,AGETO4,山形県,2295,KJ,山形県,0,,-
CANNON BALLERS,EMERALDAS,434,KA-ZU,山形県,1160,D-PAN*,山形県,2367,MIST*,山形県,3344,EBI8LA,山形県,0,,-
CANNON BALLERS,encounter,0,,-,947,PEN9LA,山形県,1578,DW-KRR,山形県,3043,3Y2S,山形県,0,,-
CANNON BALLERS,Exhaust Hype,0,,-,446,TA,山形県,1881,JIP,山形県,2687,MIST*,山形県,0,,-
CANNON BALLERS,Expanded !!,0,,-,583,ZZ1337,山形県,1490,JIP,山形県,2521,JIP,山形県,0,,-
CANNON BALLERS,Fervidex,0,,-,814,BIG,山形県,1703,PAISEN,山形県,2680,EBI8LA,山形県,0,,-
CANNON BALLERS,FREEDOM,0,,-,730,YOSI22,山形県,1362,DURA,山形県,2817,EBICH.,山形県,0,,-
CANNON BALLERS,From Time To Time,0,,-,477,SMAJ,山形県,1728,AGETO4,山形県,2512,EBI8LA,山形県,0,,-
CANNON BALLERS,FUTURE is Dead,0,,-,423,SHWANG,山形県,1492,3Y2S,山形県,2126,MIST*,山形県,0,,-
CANNON BALLERS,Get Up! feat. Kanae Asaba,0,,-,416,SESLIP,山形県,592,UOXOU?,山形県,1858,3Y2S,山形県,0,,-
CANNON BALLERS,HAT TRICK,0,,-,804,PEN9LA,山形県,1319,AGETO4,山形県,2162,MIST*,山形県,0,,-
CANNON BALLERS,Hella Deep,0,,-,301,MENKUN,山形県,860,KOHRYU,山形県,1773,3Y2S,山形県,0,,-
CANNON BALLERS,HYPE THE CORE,0,,-,0,,-,1858,HIFU.S,山形県,2967,3Y2S,山形県,0,,-
CANNON BALLERS,I Love You,0,,-,743,HEI.DA,山形県,1681,ZERO-D,山形県,2662,EBI8LA,山形県,0,,-
CANNON BALLERS,Illusionary Waterlily,0,,-,1050,AGETO4,山形県,2056,MAGURO,山形県,3337,EBI8LA,山形県,0,,-
CANNON BALLERS,Initiation,504,BONTA,山形県,1317,LITTLE,山形県,2455,MIST*,山形県,3764,EBI8LA,山形県,0,,-
CANNON BALLERS,"Life Is A Game ft.DD""ナカタ""Metal",0,,-,700,HEI.DA,山形県,1875,JIP,山形県,3356,3Y2S,山形県,0,,-
CANNON BALLERS,LUV DRIVE,0,,-,0,,-,1181,RAUM-R,山形県,1966,KITAGA,山形県,0,,-
CANNON BALLERS,MAXIVCORD,0,,-,753,BIG,山形県,1216,ZERO-D,山形県,2298,MIST*,山形県,0,,-
CANNON BALLERS,Midnight Lady,0,,-,438,UOXOU?,山形県,880,RMZN,山形県,1936,3Y2S,山形県,0,,-
CANNON BALLERS,n'pa pa BBQ,0,,-,740,MAD,山形県,1740,MIST*,山形県,2718,3Y2S,山形県,0,,-
CANNON BALLERS,NITROUS CANNON,0,,-,953,LOU,山形県,1875,HIFU.S,山形県,3419,3Y2S,山形県,0,,-
CANNON BALLERS,No Limit 2 dAnce feat. 大山愛未,0,,-,875,B.N!,山形県,1100,ALICIA,山形県,2287,MIST*,山形県,0,,-
CANNON BALLERS,Nothing but Theory,0,,-,839,UOXOU?,山形県,1511,JIP,山形県,2745,EBICH.,山形県,3688,EBI8LA,山形県
CANNON BALLERS,O/D*20,0,,-,776,BONTA,山形県,1578,CROIT,山形県,2095,EBICH.,山形県,3615,EBICH.,山形県
CANNON BALLERS,Only for now,0,,-,579,M,山形県,1537,JIP,山形県,2243,EBI8LA,山形県,0,,-
CANNON BALLERS,Papilio ulysses,0,,-,958,FUBUKI,山形県,1950,TOT,山形県,2809,EBI8LA,山形県,0,,-
CANNON BALLERS,Persephone,0,,-,647,N1UP,山形県,1510,ASADTT,山形県,2933,EBI8LA,山形県,0,,-
CANNON BALLERS,Rampage,0,,-,1212,ZERO-D,山形県,2394,HIFU.S,山形県,3560,EBI8LA,山形県,0,,-
CANNON BALLERS,Raspberry Railgun,0,,-,813,BONTA,山形県,2139,HIFU.S,山形県,3108,3Y2S,山形県,0,,-
CANNON BALLERS,REVOLVER,0,,-,774,IIDX32,山形県,1605,AAAAAA,山形県,2707,EBI8LA,山形県,3149,EBI8LA,山形県
CANNON BALLERS,Sleepless days,0,,-,377,MSMN,山形県,810,ARUBA,山形県,1576,EBI8LA,山形県,0,,-
CANNON BALLERS,Slipstream,0,,-,797,UOXOU?,山形県,1755,HOGG,山形県,3474,EBI8LA,山形県,0,,-
CANNON BALLERS,SPEED DEMON,0,,-,624,ZZ1337,山形県,1101,ARUKU,山形県,2184,MIST*,山形県,0,,-
CANNON BALLERS,STARLIGHT JUNCTION,0,,-,579,S1BA,山形県,1432,P-RABI,山形県,2275,EBI8LA,山形県,2859,EBI8LA,山形県
CANNON BALLERS,Static State,0,,-,897,RMZN,山形県,1412,SUSHI,山形県,2195,MIST*,山形県,0,,-
CANNON BALLERS,Temple of Anubis,0,,-,976,PEN9LA,山形県,1378,HOGG,山形県,2593,3Y2S,山形県,0,,-
CANNON BALLERS,THE CANNONBALLER,349,MASSAN,山形県,1287,KOHRYU,山形県,2219,A,山形県,3388,EBI8LA,山形県,0,,-
CANNON BALLERS,The Chase,0,,-,572,ATA0KA,山形県,1270,P-RABI,山形県,2072,MIST*,山形県,0,,-
CANNON BALLERS,UMMU,285,MASSAN,山形県,997,SINOUE,山形県,1970,HIFU.S,山形県,2888,EBICH.,山形県,0,,-
CANNON BALLERS,Usual Days-remix,0,,-,1027,LITTLE,山形県,1361,NARA,山形県,2626,EBI8LA,山形県,0,,-
CANNON BALLERS,Xperanza,489,ELLMYS,山形県,1085,EEE,山形県,2340,&CAKE!,山形県,3100,3Y2S,山形県,0,,-
CANNON BALLERS,うさ☆かめ 大戦争！,0,,-,678,TOMO,山形県,1462,AGETO4,山形県,2435,EBICH.,山形県,0,,-
CANNON BALLERS,エディブルフラワーの独白,0,,-,0,,-,1417,ZERO-D,山形県,2174,3Y2S,山形県,0,,-
CANNON BALLERS,シムルグの目醒め,0,,-,1282,HO4K2,山形県,2140,NARA,山形県,3351,EBI8LA,山形県,0,,-
CANNON BALLERS,ナイトシティー・アヴァンチュール,0,,-,908,IIDX32,山形県,1495,S.SZKA,山形県,2071,3Y2S,山形県,0,,-
CANNON BALLERS,ハイ*ビスカス ft. Kanae Asaba,0,,-,793,SINOUE,山形県,1525,N-PSTL,山形県,2422,3Y2S,山形県,0,,-
CANNON BALLERS,バ→ビ→ブ→Bomb!,0,,-,688,CONCHA,山形県,1644,ZERO-D,山形県,2322,A,山形県,0,,-
CANNON BALLERS,バスルーム ロマンス,0,,-,0,,-,1394,JIP,山形県,2360,MIST*,山形県,0,,-
CANNON BALLERS,パラドキシカル・タイムリープトライアル(Short Ver.),0,,-,1055,DONUTS,山形県,1878,DONUTS,山形県,2780,EBI8LA,山形県,0,,-
CANNON BALLERS,ラストセンチュリーメランコリック,0,,-,606,RITO,山形県,817,AMIA25,山形県,2090,DEMI,山形県,0,,-
CANNON BALLERS,共犯ヘヴンズコード,0,,-,328,SMAJ,山形県,1100,2RUOKA,山形県,2145,KA37GI,山形県,0,,-
CANNON BALLERS,命の標本,0,,-,491,RIKKA,山形県,1295,TARU48,山形県,2656,EBI8LA,山形県,0,,-
CANNON BALLERS,東京神話,0,,-,876,TOMO,山形県,1769,EBICH.,山形県,2693,EBI8LA,山形県,0,,-
CANNON BALLERS,神謳 -RESONANCE-,0,,-,1310,PEN9LA,山形県,2555,EBI8LA,山形県,3951,EBI8LA,山形県,0,,-
CANNON BALLERS,純真可憐デザイア,0,,-,664,TOMO,山形県,1594,JIP,山形県,2320,EBI8LA,山形県,2942,EBI8LA,山形県
CANNON BALLERS,草原の王女-軌跡を辿って-,0,,-,650,ARUBA,山形県,1118,ARUBA,山形県,2261,QUALIA,山形県,0,,-
Rootage,& Intelligence,0,,-,904,TENKA,山形県,1691,SILVIA,山形県,3140,3Y2S,山形県,0,,-
Rootage,50th Memorial Songs -Beginning Story-,255,M,山形県,626,ZZ1337,山形県,1345,RMZN,山形県,2595,EBICH.,山形県,0,,-
Rootage,50th Memorial Songs -Flagship medley-,153,OTOGE,山形県,668,TOMO,山形県,998,ARUBA,山形県,2195,QUALIA,山形県,0,,-
Rootage,50th Memorial Songs -The BEMANI History-,429,KANTA,山形県,716,HEI.DA,山形県,1336,SILVIA,山形県,2533,EBICH.,山形県,0,,-
Rootage,50th Memorial Songs -二人の時 ～under the cherry blossoms～-,348,1G-FE,山形県,0,,-,1495,SA21,山形県,2574,EBICH.,山形県,0,,-
Rootage,Afterimage d'automne,0,,-,747,UOXOU?,山形県,1597,AGETO4,山形県,2716,JIP,山形県,0,,-
Rootage,BLACK JACKAL,0,,-,708,TENKA,山形県,1286,W00T,山形県,2255,MIST*,山形県,0,,-
Rootage,BLO§OM,0,,-,633,56000,山形県,1484,PAURO,山形県,2514,EBI8LA,山形県,0,,-
Rootage,Carmina,0,,-,987,SWORD1,山形県,2224,NARA,山形県,3606,EBI8LA,山形県,0,,-
Rootage,Carry Me Away,407,NORA96,山形県,1056,KA-ZU,山形県,1681,R113,山形県,3048,3Y2S,山形県,0,,-
Rootage,Catch Our Fire!,0,,-,900,DEN,山形県,2210,JIP,山形県,3413,A,山形県,0,,-
Rootage,CODE:0,0,,-,789,ZZ1337,山形県,2116,HIFU.S,山形県,2758,3Y2S,山形県,3243,EBI8LA,山形県
Rootage,CoMAAAAAAA,0,,-,795,TACHI,山形県,1709,LITTLE,山形県,2330,QUALIA,山形県,3744,EBI8LA,山形県
Rootage,COSMIC CYBER,0,,-,930,SINOUE,山形県,1669,DONUTS,山形県,2840,EBI8LA,山形県,0,,-
Rootage,Cranberry City ft. Luschel,0,,-,684,B.N!,山形県,1499,AGETO4,山形県,2294,MIST*,山形県,0,,-
Rootage,dAuntl3ss,0,,-,0,,-,1733,HIFU.S,山形県,3373,EBI8LA,山形県,0,,-
Rootage,Dr. Chemical & Killing Machine,0,,-,0,,-,1767,NARA,山形県,3310,EBI8LA,山形県,0,,-
Rootage,Drastic Dramatic,0,,-,1122,SAFA,山形県,2223,R113,山形県,3423,3Y2S,山形県,0,,-
Rootage,DRUNK MONKY,0,,-,806,TARU48,山形県,1505,HIFU.S,山形県,2157,3Y2S,山形県,0,,-
Rootage,Ember Lights,0,,-,911,ARUBA,山形県,1468,HOGG,山形県,2660,EBI8LA,山形県,3030,EBI8LA,山形県
Rootage,EVANESCENT,0,,-,1239,N-PSTL,山形県,2063,HIFU.S,山形県,3384,EBI8LA,山形県,0,,-
Rootage,Garuda,0,,-,674,TOMO,山形県,1273,HOGG,山形県,2491,3Y2S,山形県,0,,-
Rootage,Geirskögul,0,,-,537,REIJOO,山形県,1430,UNI,山形県,2188,3Y2S,山形県,0,,-
Rootage,GENE,0,,-,1199,KUFUFU,山形県,1979,3Y2S,山形県,4228,EBI8LA,山形県,3418,EBI8LA,山形県
Rootage,GIGA THRASH,0,,-,739,TENKA,山形県,1164,CBK,山形県,2676,EBI8LA,山形県,0,,-
Rootage,Glory,0,,-,0,,-,0,,-,2306,EBI8LA,山形県,0,,-
Rootage,GO OVER WITH GLARE -ROOTAGE 26-,0,,-,895,SINOUE,山形県,2150,HIFU.S,山形県,3791,EBI8LA,山形県,0,,-
Rootage,HARD BRAIN,0,,-,1362,N-PSTL,山形県,1891,ALPHA,山形県,3694,EBI8LA,山形県,0,,-
Rootage,HEISEI,306,ELLMYS,山形県,749,HEI.DA,山形県,1876,AMGS,山形県,2468,MIST*,山形県,0,,-
Rootage,Hurry Hurry,0,,-,0,,-,970,K-ON!!,山形県,2073,3Y2S,山形県,0,,-
Rootage,IDC feat.REVERBEE (Mo'Cuts Ver),0,,-,895,GANO3,山形県,1320,RAUM-L,山形県,2168,EBI8LA,山形県,0,,-
Rootage,IDOL syndrome.,0,,-,656,IIDX33,山形県,1317,2RUOKA,山形県,2177,3Y2S,山形県,2955,EBI8LA,山形県
Rootage,KILL EACH OTHER,0,,-,1110,M*A,山形県,2308,HIFU.S,山形県,3683,3Y2S,山形県,0,,-
Rootage,L.F.O,0,,-,657,EEE,山形県,1753,DONUTS,山形県,3221,EBI8LA,山形県,0,,-
Rootage,LADYBIRD,0,,-,694,RIKU,山形県,1473,ILLION,山形県,2373,3Y2S,山形県,0,,-
Rootage,Let me be your cure,0,,-,952,56000,山形県,1404,N-PSTL,山形県,2601,SR,山形県,0,,-
Rootage,Lethal Weapon,0,,-,1124,BIG,山形県,1843,EBICH.,山形県,3113,EBI8LA,山形県,0,,-
Rootage,Level One,0,,-,1047,WAKAMY,山形県,2194,FIVE,山形県,3327,EBI8LA,山形県,0,,-
Rootage,Lift Us High,0,,-,570,S1BA,山形県,1459,ZERO-D,山形県,2359,1KISG1,山形県,0,,-
Rootage,LOST TECHNOLOGIE,0,,-,751,S1BA,山形県,1630,KURO,山形県,3152,JIP,山形県,0,,-
Rootage,Macho Monky,0,,-,832,HEI.DA,山形県,2053,MIST*,山形県,2942,EBI8LA,山形県,0,,-
Rootage,Necroxis Girl,0,,-,699,ELLMYS,山形県,1590,ZERO-D,山形県,2728,EBI8LA,山形県,0,,-
Rootage,"Next Tales 2 Oath (IIDX 20th Anniv ""Ring"" Theme)",0,,-,0,,-,1511,HOGG,山形県,2686,EBI8LA,山形県,0,,-
Rootage,Night! Night! Night!,0,,-,992,CAIYA,山形県,1350,SILVIA,山形県,2991,EBI8LA,山形県,0,,-
Rootage,ONIGOROSHI,0,,-,1136,BIG,山形県,1914,MAGURO,山形県,2813,3Y2S,山形県,0,,-
Rootage,OVER TIME,0,,-,303,LOU,山形県,902,RAUM-R,山形県,1516,EBICH.,山形県,2008,EBI8LA,山形県
Rootage,Painful Fate,0,,-,786,HEI.DA,山形県,2045,MAGURO,山形県,3110,EBICH.,山形県,0,,-
Rootage,Playing With Fire,0,,-,599,BONTA,山形県,1248,SOBA*T,山形県,2289,3Y2S,山形県,0,,-
Rootage,Psycho Sheep Riddim,0,,-,0,,-,765,EEE,山形県,1642,EBI8LA,山形県,2155,EBI8LA,山形県
Rootage,Red. by Jack Trance,0,,-,1275,TARU48,山形県,2108,MIST*,山形県,3455,EBI8LA,山形県,0,,-
Rootage,REPLAY,0,,-,589,HEI.DA,山形県,1204,MIYUKI,山形県,2129,AMGS,山形県,0,,-
Rootage,ROCK女 feat. 大山愛未， Ken,0,,-,724,BONTA,山形県,1469,RAUM,山形県,2506,MENCUE,山形県,0,,-
Rootage,ruin of opals,0,,-,582,EEE,山形県,1854,MIST*,山形県,3025,EBI8LA,山形県,0,,-
Rootage,R∞tAge,364,B,山形県,840,ZZ1337,山形県,1534,AGETO4,山形県,2845,MIST*,山形県,0,,-
Rootage,SPEED ROCKER,0,,-,674,ZZ1337,山形県,1421,DURA,山形県,2143,JIP,山形県,0,,-
Rootage,Technicolour Dreams,0,,-,737,ZZ1337,山形県,1025,ARUKU,山形県,2302,AMGS,山形県,0,,-
Rootage,The Best of Both Worlds,0,,-,391,M,山形県,1153,KENP,山形県,2050,MIST*,山形県,0,,-
Rootage,THE DAY OF JUBILATIONS,0,,-,1038,SWORD1,山形県,2308,JIP,山形県,3320,EBI8LA,山形県,0,,-
Rootage,The Rebellion of Sequencer,0,,-,976,FAB.,山形県,1982,MIST*,山形県,2782,EBICH.,山形県,0,,-
Rootage,toy boxer,0,,-,754,COMET*,山形県,1315,AGETO4,山形県,2216,3Y2S,山形県,0,,-
Rootage,ToyCube Pf.(RX-Ver.S.P.L.),0,,-,0,,-,1478,COMET*,山形県,2201,DEMI,山形県,0,,-
Rootage,Trill auf G,0,,-,871,UOXOU?,山形県,1974,1KISG1,山形県,3146,EBI8LA,山形県,0,,-
Rootage,Twilight Warp,0,,-,654,REIJOO,山形県,1259,GANO3,山形県,2089,MIST*,山形県,0,,-
Rootage,Unbelief,0,,-,782,ZZ1337,山形県,1900,COMET*,山形県,2653,KJ,山形県,0,,-
Rootage,UNDERWORLD HOLOGRAPHY,0,,-,856,TOMO,山形県,1588,TARU48,山形県,3169,3Y2S,山形県,0,,-
Rootage,Urban Constellations,0,,-,0,,-,1289,HOGG,山形県,2184,3Y2S,山形県,3248,EBI8LA,山形県
Rootage,Visterhv,0,,-,1193,BIG,山形県,2120,COMET*,山形県,3636,EBI8LA,山形県,0,,-
Rootage,voltississimo,0,,-,811,HEI.DA,山形県,2010,HIFU.S,山形県,3392,EBI8LA,山形県,0,,-
Rootage,Wing of Hearts,0,,-,807,TENKA,山形県,1728,AGETO4,山形県,2897,MIST*,山形県,0,,-
Rootage,Wolf 1061,0,,-,0,,-,1616,NARA,山形県,3051,EBI8LA,山形県,0,,-
Rootage,Wonderland,0,,-,771,ZZ1337,山形県,1639,ZERO-D,山形県,2725,3Y2S,山形県,0,,-
Rootage,X-DEN,0,,-,1402,MOMO,山形県,2577,MIST*,山形県,3803,EBI8LA,山形県,0,,-
Rootage,XENON II ～TOMOYUKIの野望～,0,,-,1035,ARUBA,山形県,1607,ALOE,山形県,2930,EBI8LA,山形県,0,,-
Rootage,Xlo,0,,-,1355,BIG,山形県,2358,MIST*,山形県,3695,EBI8LA,山形県,0,,-
Rootage,Yum Yum Jelly,0,,-,540,N1UP,山形県,1473,R113,山形県,2236,EBICH.,山形県,0,,-
Rootage,ZENDEGI DANCE,0,,-,1067,RAUM-R,山形県,1824,MIST*,山形県,2727,EBI8LA,山形県,0,,-
Rootage,おーまい！らぶりー！すうぃーてぃ！だーりん！,0,,-,773,BONTA,山形県,1822,R113,山形県,2852,3Y2S,山形県,0,,-
Rootage,お菓子の王国,0,,-,1402,AGETO4,山形県,2101,R113,山形県,3923,EBI8LA,山形県,0,,-
Rootage,グラナダの風,0,,-,538,HEI.DA,山形県,1018,BB,山形県,1800,MIST*,山形県,0,,-
Rootage,セカンドピアス,0,,-,586,DONUTS,山形県,950,RMZN,山形県,1980,EBICH.,山形県,0,,-
Rootage,ハードベース・フェスタ,0,,-,815,BONTA,山形県,1618,HOGG,山形県,2746,EBICH.,山形県,0,,-
Rootage,ミストレス・アンに花束を,0,,-,319,SMAJ,山形県,850,EEE,山形県,1395,N-PSTL,山形県,0,,-
Rootage,ミッドナイト☆WAR,0,,-,793,BIG,山形県,1449,BIG,山形県,2473,3Y2S,山形県,0,,-
Rootage,夏の匂い。キミの残像。 ft. Kanae Asaba,0,,-,667,BIG,山形県,1470,AGETO4,山形県,2543,3Y2S,山形県,0,,-
Rootage,抱きしめてモナムール,0,,-,1171,SINOUE,山形県,2164,HIFU.S,山形県,3932,EBI8LA,山形県,0,,-
Rootage,最小三倍完全数,0,,-,708,MTO,山形県,1668,NARA,山形県,2283,MIST*,山形県,0,,-
Rootage,泰東ノ翠霞,0,,-,378,IIDX33,山形県,708,ILLION,山形県,1684,SR,山形県,0,,-
Rootage,深愛のリグレット,0,,-,586,BERN,山形県,1085,RMZN,山形県,2325,DEMI,山形県,0,,-
Rootage,爆ゼニ☆がってんワーカー,0,,-,1134,LITTLE,山形県,1489,BIG,山形県,2381,SGL,山形県,0,,-
Rootage,花冠 feat.Aikapin,0,,-,0,,-,1479,LIGETY,山形県,2543,EBI8LA,山形県,0,,-
Rootage,金野火織の金色提言,0,,-,1161,BIG,山形県,2196,EBICH.,山形県,2994,EBI8LA,山形県,0,,-
Rootage,龍王の霊廟(Mausoleum Of The Primal Dragon),0,,-,1068,BIG,山形県,2203,HIFU.S,山形県,3162,3Y2S,山形県,3856,EBI8LA,山形県
HEROIC VERSE,27th style,0,,-,837,ZZ1337,山形県,1549,LIGETY,山形県,2490,EBI8LA,山形県,3092,EBI8LA,山形県
HEROIC VERSE,Advent Infamous,0,,-,933,BIG,山形県,1308,BB,山形県,2759,3Y2S,山形県,0,,-
HEROIC VERSE,AKASHIC BREAK,0,,-,1056,SINOUE,山形県,2314,JIP,山形県,3384,3Y2S,山形県,0,,-
HEROIC VERSE,And-RoiD,0,,-,623,TOMO,山形県,1141,ARUBA,山形県,1955,MIST*,山形県,0,,-
HEROIC VERSE,Artist,0,,-,680,HEI.DA,山形県,2236,JIP,山形県,3385,3Y2S,山形県,0,,-
HEROIC VERSE,Backyard Stars,0,,-,692,UOXOU?,山形県,1601,JIP,山形県,2190,JIP,山形県,0,,-
HEROIC VERSE,BEAT PRISONER,0,,-,1117,Y4CH!,山形県,2046,MIST*,山形県,3479,EBI8LA,山形県,0,,-
HEROIC VERSE,beatAffection,0,,-,989,PEN9LA,山形県,1457,ARUBA,山形県,2543,TANQUE,山形県,0,,-
HEROIC VERSE,Beautiful Harmony (IIDX Mix),0,,-,769,LOU,山形県,1429,ARUBA,山形県,2414,EBICH.,山形県,0,,-
HEROIC VERSE,Bow shock!!,0,,-,666,TENKA,山形県,1922,1KISG1,山形県,3059,EBI8LA,山形県,4133,EBI8LA,山形県
HEROIC VERSE,Calvados Queen,0,,-,658,IIDX33,山形県,1325,ARUBA,山形県,2294,AMGS,山形県,0,,-
HEROIC VERSE,Change Yourself,0,,-,468,REIJOO,山形県,1432,ARUBA,山形県,2445,EBICH.,山形県,0,,-
HEROIC VERSE,Crank It,0,,-,633,REIJOO,山形県,1415,K-ON!!,山形県,2432,3Y2S,山形県,0,,-
HEROIC VERSE,Dans la nuit de l'eternite,0,,-,870,HEI.DA,山形県,2115,HIFU.S,山形県,3315,QUALIA,山形県,0,,-
HEROIC VERSE,Do What You Want,0,,-,440,SMAJ,山形県,1034,CBK,山形県,1949,MENCUE,山形県,0,,-
HEROIC VERSE,Double Dribble,0,,-,917,UOXOU?,山形県,1845,HIFU.S,山形県,3194,3Y2S,山形県,0,,-
HEROIC VERSE,EROICA,0,,-,1343,ILLION,山形県,2247,ANI,山形県,3596,EBI8LA,山形県,0,,-
HEROIC VERSE,Everlasting Message,0,,-,949,MOMO,山形県,2243,JIP,山形県,3567,EBI8LA,山形県,0,,-
HEROIC VERSE,fairy cocktail,0,,-,301,MASSAN,山形県,960,PEN9LA,山形県,1573,AMGS,山形県,0,,-
HEROIC VERSE,Fly Above (Vicissitude Remix),0,,-,568,RAIDEN,山形県,1336,???,山形県,2337,&#9787,山形県,0,,-
HEROIC VERSE,Forgetting Machine,0,,-,406,OURIN*,山形県,1221,JIP,山形県,1681,JIP,山形県,0,,-
HEROIC VERSE,Friction[!]Function,0,,-,1051,BIG,山形県,1732,JIP,山形県,3125,EBI8LA,山形県,0,,-
HEROIC VERSE,GHOST,0,,-,485,HEI.DA,山形県,1359,AGETO4,山形県,2497,AMGS,山形県,0,,-
HEROIC VERSE,GIGA VIOLATE,0,,-,713,REIJOO,山形県,1070,TENKA,山形県,2608,MIST*,山形県,0,,-
HEROIC VERSE,Hold My Hand,0,,-,620,HEI.DA,山形県,1529,REALM,山形県,2401,MIST*,山形県,0,,-
HEROIC VERSE,Hyper Drive feat. ぷにぷに電機,0,,-,368,TENKA,山形県,1209,RMZN,山形県,1926,AMGS,山形県,0,,-
HEROIC VERSE,If,0,,-,660,UOXOU?,山形県,1197,JOKER,山形県,1816,JIP,山形県,0,,-
HEROIC VERSE,Inferno of Fomalhaut,0,,-,687,NTS,山形県,1759,HIFU.S,山形県,2935,EBICH.,山形県,0,,-
HEROIC VERSE,Infinity Mirror,0,,-,0,,-,1276,.MINT,山形県,2192,AMGS,山形県,0,,-
HEROIC VERSE,Into The Madness,0,,-,731,ZZ1337,山形県,1374,MACON.,山形県,2476,EBI8LA,山形県,0,,-
HEROIC VERSE,LASER CRUSTER (IGNITE REMIX),0,,-,0,,-,1724,JIP,山形県,3410,EBI8LA,山形県,0,,-
HEROIC VERSE,Level 2,0,,-,747,FAB.,山形県,1566,MAGURO,山形県,2740,EBI8LA,山形県,0,,-
HEROIC VERSE,LIGHTNING STRIKES,307,56000,山形県,753,ZZ1337,山形県,1571,JOKER,山形県,3164,3Y2S,山形県,4079,EBI8LA,山形県
HEROIC VERSE,Like+it!,0,,-,730,MIOFA,山形県,1622,JIP,山形県,2323,3Y2S,山形県,0,,-
HEROIC VERSE,Lords Of The Roundtable,0,,-,892,YUCKY,山形県,1735,TAKINA,山形県,2918,EBI8LA,山形県,0,,-
HEROIC VERSE,Lost Souls,0,,-,657,BIG,山形県,1361,BIG,山形県,2423,3Y2S,山形県,3743,EBI8LA,山形県
HEROIC VERSE,Matt Silver,0,,-,879,TOMO,山形県,1873,ZERO-D,山形県,3242,3Y2S,山形県,0,,-
HEROIC VERSE,Megalara Garuda,0,,-,1044,MOMO,山形県,1864,JIP,山形県,2935,3Y2S,山形県,0,,-
HEROIC VERSE,Mel,0,,-,783,DONUTS,山形県,1474,JIP,山形県,2144,EBICH.,山形県,2709,EBI8LA,山形県
HEROIC VERSE,Moving on,0,,-,964,BIG,山形県,1845,HARU*,山形県,2924,EBI8LA,山形県,0,,-
HEROIC VERSE,Nasty Techniques,0,,-,935,DUSTAR,山形県,1650,JIP,山形県,2581,EBI8LA,山形県,0,,-
HEROIC VERSE,NEWALONE,0,,-,328,LOU,山形県,1094,PONZ-R,山形県,1951,EBICH.,山形県,0,,-
HEROIC VERSE,ORCA,0,,-,1199,CROIT,山形県,2293,JIP,山形県,3085,JIP,山形県,0,,-
HEROIC VERSE,OUTER PLANETS,0,,-,565,ZZ1337,山形県,1227,ARUBA,山形県,2103,&#9787,山形県,0,,-
HEROIC VERSE,Override,0,,-,750,TENKA,山形県,1565,JIP,山形県,2879,EBI8LA,山形県,4172,EBI8LA,山形県
HEROIC VERSE,PHASE SHIFT MANEUVER,0,,-,1110,IIDX32,山形県,1516,HOGG,山形県,2633,MIST*,山形県,0,,-
HEROIC VERSE,Primitive Vibes,392,TENKA,山形県,907,YUCKY,山形県,1906,HIFU.S,山形県,3039,3Y2S,山形県,0,,-
HEROIC VERSE,Queen Kaguya,0,,-,699,TOMO,山形県,1742,ELENOA,山形県,2540,3Y2S,山形県,0,,-
HEROIC VERSE,Rainstorm,0,,-,723,IIDX33,山形県,1435,AGETO4,山形県,2238,EBI8LA,山形県,0,,-
HEROIC VERSE,Rave Patroller,0,,-,981,CBK,山形県,2143,HIFU.S,山形県,3309,EBI8LA,山形県,0,,-
HEROIC VERSE,rough percussionythm,0,,-,980,PEN9LA,山形県,1589,1KISG1,山形県,2470,EBI8LA,山形県,0,,-
HEROIC VERSE,S!ck (Nhato Remix),0,,-,635,HEI.DA,山形県,1501,ZERO-D,山形県,2366,DEMI,山形県,0,,-
HEROIC VERSE,SCREW // owo // SCREW,0,,-,880,YUCKY,山形県,1829,PAISEN,山形県,2907,EBI8LA,山形県,0,,-
HEROIC VERSE,Shiva,0,,-,484,UOXOU?,山形県,1399,JIP,山形県,2030,MIST*,山形県,0,,-
HEROIC VERSE,Silly Love,187,HEI.DA,山形県,455,NYAO#7,山形県,1043,NYA-,山形県,2040,EBICH.,山形県,0,,-
HEROIC VERSE,Ska-sh All Neurons!!,0,,-,451,TA,山形県,1406,N-PSTL,山形県,2268,1KISG1,山形県,0,,-
HEROIC VERSE,Smashing Wedge,0,,-,598,EEE,山形県,2039,HIFU.S,山形県,3589,3Y2S,山形県,0,,-
HEROIC VERSE,Sparkle Smilin',0,,-,582,BERN,山形県,1455,JIP,山形県,2429,EBI8LA,山形県,0,,-
HEROIC VERSE,STOIC HYPOTHESIS,0,,-,813,HEI.DA,山形県,1751,JIP,山形県,2509,TANQUE,山形県,0,,-
HEROIC VERSE,Sugar Drippin',0,,-,0,,-,1313,JIP,山形県,1990,JIP,山形県,0,,-
HEROIC VERSE,T-REX vs Velociraptor (In the Far east euphoria),0,,-,1138,YUCKY,山形県,1803,JIP,山形県,3083,3Y2S,山形県,0,,-
HEROIC VERSE,take me higher,0,,-,666,YUCKY,山形県,1017,IIDX32,山形県,1910,HIFU.S,山形県,0,,-
HEROIC VERSE,TECHNO Style Essentials,0,,-,923,MICKY,山形県,1569,JIP,山形県,2689,3Y2S,山形県,0,,-
HEROIC VERSE,THE BRAVE MUST DIE,0,,-,1162,IIDX32,山形県,2302,HIFU.S,山形県,3909,EBI8LA,山形県,0,,-
HEROIC VERSE,THE F∀UST,0,,-,1307,N-PSTL,山形県,1969,HIFU.S,山形県,3486,EBI8LA,山形県,0,,-
HEROIC VERSE,The Sky of Sadness,0,,-,671,S1BA,山形県,1367,632.,山形県,2242,AMGS,山形県,0,,-
HEROIC VERSE,Theory,0,,-,632,ZZ1337,山形県,1323,AGETO4,山形県,2481,EBI8LA,山形県,0,,-
HEROIC VERSE,TRIUMPH,0,,-,613,EEE,山形県,1960,MIST*,山形県,3261,EBI8LA,山形県,0,,-
HEROIC VERSE,UNITE THE HEART,0,,-,1258,SAFA,山形県,2391,MAGURO,山形県,3189,3Y2S,山形県,0,,-
HEROIC VERSE,VALKYRIAS -英雄誕生-,0,,-,937,TOMO,山形県,1380,DOP,山形県,2731,3Y2S,山形県,0,,-
HEROIC VERSE,VIBRΛ,0,,-,691,ZZ1337,山形県,1056,KOHRYU,山形県,1816,1KISG1,山形県,0,,-
HEROIC VERSE,Vinculum stellarum,0,,-,0,,-,2138,HIFU.S,山形県,3506,EBI8LA,山形県,0,,-
HEROIC VERSE,Virus Funk,0,,-,556,56000,山形県,1352,CROIT,山形県,2157,MIST*,山形県,0,,-
HEROIC VERSE,Volcanic Dragon,0,,-,735,CONCHA,山形県,1415,MOMONG,山形県,2901,EBICH.,山形県,0,,-
HEROIC VERSE,Voo Doo Bamboleo,0,,-,720,B.N!,山形県,1421,SA21,山形県,2475,3Y2S,山形県,0,,-
HEROIC VERSE,Ypsilon,0,,-,971,SINOUE,山形県,1565,HOGG,山形県,2824,EBI8LA,山形県,3291,1KISG1,山形県
HEROIC VERSE,がっつり陰キャ!? 怪盗いいんちょの億劫^^;,0,,-,1465,LITTLE,山形県,2511,HIFU.S,山形県,4017,EBI8LA,山形県,0,,-
HEROIC VERSE,シャムシールの舞,0,,-,705,HEI.DA,山形県,1409,ZERO-D,山形県,2450,MIST*,山形県,0,,-
HEROIC VERSE,セピアの軌跡 ft. 天宮みや(少女フラクタル),0,,-,741,YUCKY,山形県,1382,MAETA3,山形県,2378,3Y2S,山形県,0,,-
HEROIC VERSE,バッドエンド・シンドローム,0,,-,724,S1BA,山形県,1691,AGETO4,山形県,2891,EBICH.,山形県,0,,-
HEROIC VERSE,ピアノ協奏曲第1番”蠍火” (BlackY Remix),0,,-,752,RAIDEN,山形県,1940,LIGETY,山形県,3602,EBI8LA,山形県,0,,-
HEROIC VERSE,ラブキラ☆スプラッシュ,0,,-,894,AO-TAK,山形県,1499,ZERO-D,山形県,2458,1KISG1,山形県,0,,-
HEROIC VERSE,ランカーキラーガール,0,,-,1037,ARUBA,山形県,1697,96SK*,山形県,2854,1KISG1,山形県,0,,-
HEROIC VERSE,曼荼羅恋々,0,,-,712,RITO,山形県,1621,LIGETY,山形県,2647,QUALIA,山形県,0,,-
HEROIC VERSE,深淵に捧ぐレクイエム,0,,-,657,ZZ1337,山形県,1386,SILVIA,山形県,2958,EBI8LA,山形県,0,,-
HEROIC VERSE,灼熱Beach Side Bunny (Masayoshi Iimori Remix),0,,-,593,YUCKY,山形県,1075,1KISG1,山形県,1782,MIST*,山形県,0,,-
HEROIC VERSE,狂水一華,0,,-,618,C-****,山形県,1591,COMET*,山形県,2620,MIST*,山形県,0,,-
HEROIC VERSE,眠りの国のステラ,0,,-,829,TOMO,山形県,1702,MAIYA*,山形県,2706,EBI8LA,山形県,0,,-
HEROIC VERSE,華麗なる大犬円舞曲,0,,-,984,SAFA,山形県,1976,N-PSTL,山形県,3300,EBI8LA,山形県,0,,-
HEROIC VERSE,錬成人間トリコロイダー,0,,-,820,PVVW,山形県,1643,BIG,山形県,3169,EBI8LA,山形県,0,,-
HEROIC VERSE,開きたまえ！Next stAge！,0,,-,619,COCOA,山形県,1487,UNI,山形県,2840,3Y2S,山形県,0,,-
HEROIC VERSE,魅惑のYUMMYスイーツ,0,,-,817,TOMO,山形県,1488,BB,山形県,2891,EBI8LA,山形県,0,,-
BISTROVER,-65℃,0,,-,1352,BIG,山形県,2106,R113,山形県,3564,EBI8LA,山形県,0,,-
BISTROVER,ABSOLUTE (kors k Remix),0,,-,740,ABUYU,山形県,1416,ZEHAHA,山形県,2577,EBI8LA,山形県,0,,-
BISTROVER,Ah Hah Yeah,0,,-,523,SMAJ,山形県,1309,A,山形県,1992,MIST*,山形県,0,,-
BISTROVER,AMRITA -不滅ノ花-,0,,-,704,RAIDEN,山形県,1546,P-RABI,山形県,2747,EBI8LA,山形県,0,,-
BISTROVER,apo:llioth,0,,-,1002,MTO,山形県,1962,R113,山形県,2896,EBI8LA,山形県,0,,-
BISTROVER,As You Want,0,,-,747,YUCKY,山形県,1374,COMET*,山形県,2250,SR,山形県,0,,-
BISTROVER,ASIAN VIRTUAL REALITIES (MELTING TOGETHER IN DAZZLING DARKNESS),0,,-,968,PEN9LA,山形県,1600,DELTA*,山形県,3119,3Y2S,山形県,0,,-
BISTROVER,BEMANI PRO LEAGUE Theme,0,,-,477,SMAJ,山形県,1204,ARUBA,山形県,1926,MIST*,山形県,0,,-
BISTROVER,BIGソムタム,0,,-,1209,KAZI,山形県,1840,1KISG1,山形県,3300,EBI8LA,山形県,0,,-
BISTROVER,BLACK or WHITE?,596,BIG,山形県,1127,ASAMA,山形県,2312,R113,山形県,3811,EBI8LA,山形県,0,,-
BISTROVER,Burning Flame,0,,-,792,UOXOU?,山形県,1771,JIP,山形県,2853,EBI8LA,山形県,3679,EBI8LA,山形県
BISTROVER,Chewingood!!!,203,MENKUN,山形県,706,TENKA,山形県,1455,TAKINA,山形県,2591,EBI8LA,山形県,0,,-
BISTROVER,COSMIC RAY,0,,-,970,CAIYA,山形県,1940,MAGURO,山形県,2798,EBI8LA,山形県,0,,-
BISTROVER,Crazy Jackpot,0,,-,814,IIDX33,山形県,1619,JIP,山形県,2780,3Y2S,山形県,0,,-
BISTROVER,Danza Aestas,0,,-,0,,-,1448,RAUM-L,山形県,2869,JIP,山形県,0,,-
BISTROVER,Dawn Saga,0,,-,680,ZZ1337,山形県,1474,HOGG,山形県,2642,3Y2S,山形県,0,,-
BISTROVER,DENIM,0,,-,359,HEI.DA,山形県,1219,3V4NSS,山形県,1588,QUALIA,山形県,0,,-
BISTROVER,Don't Stop The Music feat. Kanae Asaba,0,,-,285,PINO22,山形県,831,UOXOU?,山形県,1820,AMGS,山形県,0,,-
BISTROVER,DUAL STRIKER,0,,-,964,TOMO,山形県,2496,3Y2S,山形県,3760,EBI8LA,山形県,0,,-
BISTROVER,Empire of Fury,0,,-,797,HEI.DA,山形県,2028,HIFU.S,山形県,3077,3Y2S,山形県,0,,-
BISTROVER,Euphoric Lagoon,0,,-,752,AO-TAK,山形県,1497,AGETO4,山形県,2462,KJ,山形県,0,,-
BISTROVER,Explorer feat. ぷにぷに電機,0,,-,493,SMAJ,山形県,1225,JIP,山形県,2103,JIP,山形県,2831,JIP,山形県
BISTROVER,Farewell to Marrakech,0,,-,768,SINOUE,山形県,1320,ARUBA,山形県,2168,QUALIA,山形県,0,,-
BISTROVER,Fire Beat,0,,-,617,HEI.DA,山形県,1742,HIFU.S,山形県,2626,3Y2S,山形県,0,,-
BISTROVER,Frisk And Squeak,0,,-,717,ZZ1337,山形県,1342,RAUM-L,山形県,2250,MIST*,山形県,0,,-
BISTROVER,GIGA RAID,0,,-,638,ANONY,山形県,1578,KURO,山形県,2384,EBI8LA,山形県,0,,-
BISTROVER,Globe Glitter,0,,-,866,YUCKY,山形県,1582,AGETO4,山形県,2505,JIP,山形県,0,,-
BISTROVER,Here We Are,0,,-,967,R39633,山形県,1653,JIP,山形県,2468,EBI8LA,山形県,0,,-
BISTROVER,HIGH VOLTAGE,0,,-,794,N-PSTL,山形県,1282,RAUM-R,山形県,2224,EBI8LA,山形県,0,,-
BISTROVER,Ignis†Irae,0,,-,1045,96SK*,山形県,2151,TOT,山形県,3528,EBI8LA,山形県,0,,-
BISTROVER,IIDX RED Ending (Ryu☆Remix),0,,-,474,N1UP,山形県,995,ARUBA,山形県,1831,3Y2S,山形県,0,,-
BISTROVER,innocent revolver,0,,-,669,N1UP,山形県,2214,HIFU.S,山形県,3703,3Y2S,山形県,0,,-
BISTROVER,Jungle Eater,0,,-,616,M,山形県,1672,AGETO4,山形県,2902,3Y2S,山形県,0,,-
BISTROVER,LAST DAY,0,,-,654,TOMO,山形県,1442,BIG,山形県,2840,JIP,山形県,0,,-
BISTROVER,Level 3,0,,-,1178,DONUTS,山形県,2235,MIST*,山形県,3332,EBI8LA,山形県,0,,-
BISTROVER,LOCUS OF THE TRAVEL,0,,-,995,WAKAMY,山形県,2229,NARA,山形県,3540,EBI8LA,山形県,0,,-
BISTROVER,Lovely Howdy Cowboy!!,0,,-,0,,-,1466,BB,山形県,2634,1KISG1,山形県,0,,-
BISTROVER,MA・TSU・RI,0,,-,648,HEI.DA,山形県,1840,EBICH.,山形県,2538,EBICH.,山形県,0,,-
BISTROVER,MEGAERA,0,,-,1200,M*A,山形県,2089,EBICH.,山形県,3294,EBI8LA,山形県,0,,-
BISTROVER,Midnight Drive,0,,-,324,TAMA*,山形県,1170,AGETO4,山形県,1895,328,山形県,0,,-
BISTROVER,MOVE! (We Keep It Movin'),0,,-,636,KANTA,山形県,988,YUCKY,山形県,2127,MIST*,山形県,0,,-
BISTROVER,Neo Heritage,0,,-,0,,-,1175,CBK,山形県,2739,JIP,山形県,0,,-
BISTROVER,Ocean Blue feat. Luschel,0,,-,781,IIDX32,山形県,1231,RMZN,山形県,2439,EBI8LA,山形県,0,,-
BISTROVER,of the first magnitude,0,,-,0,,-,1830,R113,山形県,2860,EBICH.,山形県,0,,-
BISTROVER,OTOKOZAKA,0,,-,618,M.CHII,山形県,1775,A,山形県,2701,&#9787,山形県,0,,-
BISTROVER,Overslept,0,,-,976,PEN9LA,山形県,1578,AGETO4,山形県,2354,A,山形県,0,,-
BISTROVER,Para siempre,0,,-,676,LOU,山形県,1286,SUTA,山形県,2767,MIST*,山形県,0,,-
BISTROVER,Parvati,0,,-,984,MACON.,山形県,1540,LOU,山形県,2659,JIP,山形県,0,,-
BISTROVER,POLKAMANIA,277,TENKA,山形県,697,REIJOO,山形県,1718,NARA,山形県,2852,3Y2S,山形県,3562,EBI8LA,山形県
BISTROVER,Rejection Girl,0,,-,754,TENKA,山形県,1588,JIP,山形県,2569,EBICH.,山形県,0,,-
BISTROVER,Ritual of Anubis,0,,-,0,,-,1697,AGETO4,山形県,2653,MIST*,山形県,0,,-
BISTROVER,Romanticが止まらない,236,MASSAN,山形県,825,ARUBA,山形県,1603,ZERO-D,山形県,2722,EBI8LA,山形県,0,,-
BISTROVER,rommmo,0,,-,377,RITO,山形県,1777,JIP,山形県,3365,3Y2S,山形県,0,,-
BISTROVER,Rosa azuL,0,,-,710,YUCKY,山形県,1617,CENT-R,山形県,2583,MIST*,山形県,0,,-
BISTROVER,Rowdy,0,,-,847,ZZ1337,山形県,1543,JIP,山形県,2398,MIST*,山形県,0,,-
BISTROVER,Rubrum Piano,0,,-,814,WAKAMY,山形県,1516,RAUM,山形県,2429,3Y2S,山形県,0,,-
BISTROVER,S-Bahn,0,,-,683,ZZ1337,山形県,1000,ALB*7S,山形県,2132,DEMI,山形県,0,,-
BISTROVER,Sinus Iridum,0,,-,990,MAOU,山形県,2014,MIST*,山形県,2981,EBI8LA,山形県,0,,-
BISTROVER,smooooch・∀・ (Snail's House Remix),0,,-,568,N1UP,山形県,1540,AGETO4,山形県,2292,MIST*,山形県,0,,-
BISTROVER,SOLID STATE SQUAD -RISEN RELIC REMIX-,0,,-,0,,-,2106,NARA,山形県,3060,1KISG1,山形県,0,,-
BISTROVER,Sugarplum,0,,-,795,YUCKY,山形県,1834,JIP,山形県,2504,3Y2S,山形県,0,,-
BISTROVER,Swarm Of Scarabs,0,,-,1000,ZERO-D,山形県,1199,LOU,山形県,2295,JIP,山形県,0,,-
BISTROVER,Tell me what you wish feat.らっぷびと,0,,-,959,ZZ1337,山形県,1542,LITTLE,山形県,2788,3Y2S,山形県,0,,-
BISTROVER,That Feeling,0,,-,600,YUCKY,山形県,1025,PEN9LA,山形県,1907,EBI8LA,山形県,0,,-
BISTROVER,THE PEERLESS UNDER HEAVEN,0,,-,1035,PEN9LA,山形県,1908,MAETA3,山形県,3325,EBI8LA,山形県,0,,-
BISTROVER,The Wind of China Express(The 4th Mashup),0,,-,975,R39633,山形県,1593,CENT-R,山形県,2546,EBI8LA,山形県,0,,-
BISTROVER,Tiempo Loco,0,,-,0,,-,1981,MIST*,山形県,3561,3Y2S,山形県,0,,-
BISTROVER,Viridian,0,,-,621,TENKA,山形県,1826,FIVE,山形県,3227,3Y2S,山形県,0,,-
BISTROVER,Vitrum,0,,-,1022,BIG,山形県,1483,UNI,山形県,3407,EBI8LA,山形県,0,,-
BISTROVER,WAKE UP NOW,0,,-,872,ELENOA,山形県,1397,N-PSTL,山形県,1942,SR,山形県,2451,3Y2S,山形県
BISTROVER,When I Met U,0,,-,567,OURIN*,山形県,1154,PEN9LA,山形県,2027,EBI8LA,山形県,0,,-
BISTROVER,Winner's Proof ft. KANASA from bless4,0,,-,624,ANONY,山形県,1240,BIG,山形県,2193,3Y2S,山形県,0,,-
BISTROVER,X-ray binary,0,,-,831,YUCKY,山形県,1613,CBK,山形県,2677,MIST*,山形県,0,,-
BISTROVER,Zenith,0,,-,682,YUCKY,山形県,1272,HOGG,山形県,2038,3Y2S,山形県,0,,-
BISTROVER,∀,461,SMAJ,山形県,1170,DAIWA,山形県,2167,328,山形県,3427,EBI8LA,山形県,0,,-
BISTROVER,ここからよろしく大作戦143,0,,-,826,TOMO,山形県,1663,ZERO-D,山形県,2503,EBICH.,山形県,3150,EBI8LA,山形県
BISTROVER,スーパー戦湯ババンバーン,0,,-,1117,SINOUE,山形県,2050,HIFU.S,山形県,3203,1KISG1,山形県,0,,-
BISTROVER,ディスコルディア,0,,-,1155,MOMO,山形県,2256,HIFU.S,山形県,3698,EBI8LA,山形県,0,,-
BISTROVER,バッド・スイーツ、バッド・ドリーム,0,,-,1006,DONUTS,山形県,1801,EBICH.,山形県,3425,EBI8LA,山形県,0,,-
BISTROVER,世界の果てに約束の凱歌を -ReUnion-,0,,-,1036,FAB.,山形県,1701,MAGURO,山形県,3723,EBI8LA,山形県,0,,-
BISTROVER,乱膳の舞姫,0,,-,897,R39633,山形県,1561,BIG,山形県,2685,EBI8LA,山形県,0,,-
BISTROVER,二人ノ廃城幽踊宴,0,,-,683,ATA0KA,山形県,2067,HIFU.S,山形県,2897,KJ,山形県,0,,-
BISTROVER,伐折羅-vajra-,0,,-,1046,MOMO,山形県,1982,R113,山形県,3584,EBI8LA,山形県,0,,-
BISTROVER,儚き恋の華,0,,-,955,ARUBA,山形県,1711,LIGETY,山形県,2942,3Y2S,山形県,0,,-
BISTROVER,新宝島,381,OKKUN,山形県,638,RI9TON,山形県,1266,MADDOG,山形県,2293,MIST*,山形県,3461,EBI8LA,山形県
BISTROVER,水無月の雫 ft. 小林まな,0,,-,1154,ARUBA,山形県,1622,LITTLE,山形県,2558,DEMI,山形県,0,,-
BISTROVER,水鏡の異界,0,,-,723,TOMO,山形県,1680,JIP,山形県,2986,3Y2S,山形県,0,,-
BISTROVER,涙のテ・エストラーニョ・ムーチョ,0,,-,1089,WAKAMY,山形県,1394,RMZN,山形県,2717,EBICH.,山形県,0,,-
BISTROVER,無意識のフィロソフィア,0,,-,913,ASRXTX,山形県,1983,MINAGI,山形県,3298,EBI8LA,山形県,0,,-
BISTROVER,犬に雨傘,0,,-,498,EEE,山形県,1206,LOU,山形県,1945,MAETA3,山形県,0,,-
BISTROVER,閠槞彁の願い,0,,-,901,FAB.,山形県,1955,HIFU.S,山形県,2872,JIP,山形県,0,,-
BISTROVER,霧幻メモリア,0,,-,566,COCOA,山形県,1190,GANO3,山形県,1966,MIST*,山形県,0,,-
BISTROVER,魔法のかくれんぼ,0,,-,484,HEI.DA,山形県,1590,1KISG1,山形県,2625,EBI8LA,山形県,0,,-
CastHour,10000 MILES AWAY,0,,-,632,LOU,山形県,1622,JIP,山形県,2893,EBI8LA,山形県,0,,-
CastHour,2 Beasts Unchained,0,,-,877,ASRXTX,山形県,2062,HIFU.S,山形県,3028,JIP,山形県,0,,-
CastHour,808monkey,0,,-,0,,-,822,CAIYA,山形県,1661,AMGS,山形県,0,,-
CastHour,ABSOLUTE EVIL,0,,-,1108,ARUBA,山形県,2198,EBI8LA,山形県,3328,EBI8LA,山形県,0,,-
CastHour,Aftermath,0,,-,847,AAAAAA,山形県,2234,HIFU.S,山形県,3474,EBI8LA,山形県,0,,-
CastHour,ALTERNATOR,0,,-,1250,M*A,山形県,2491,MIST*,山形県,3629,EBI8LA,山形県,0,,-
CastHour,AMICABLE,0,,-,796,ZZ1337,山形県,1266,CBK,山形県,2331,JIP,山形県,0,,-
CastHour,ANEMONE,219,AGETO4,山形県,737,MICKY,山形県,1578,JIP,山形県,2134,EBI8LA,山形県,0,,-
CastHour,Angel's Ladder,0,,-,812,LOU,山形県,2183,EBICH.,山形県,3290,EBI8LA,山形県,0,,-
CastHour,Ariah,0,,-,652,NYA-,山形県,1364,NYA-,山形県,2151,1KISG1,山形県,0,,-
CastHour,Arkadia,0,,-,1096,ARUBA,山形県,1900,JOKER,山形県,3579,EBI8LA,山形県,0,,-
CastHour,Banger Banger Banger Banger,0,,-,744,UOXOU?,山形県,1669,LIGETY,山形県,2800,3Y2S,山形県,0,,-
CastHour,Binary Black Hole,0,,-,1261,BIG,山形県,2120,LIGETY,山形県,3735,EBI8LA,山形県,0,,-
CastHour,Blue Bird feat. Kanae Asaba,0,,-,480,SMAJ,山形県,1001,SA21,山形県,1783,EBI8LA,山形県,0,,-
CastHour,Brave Spirits,0,,-,499,SMAJ,山形県,1388,N-PSTL,山形県,2427,3Y2S,山形県,0,,-
CastHour,DISPARATE,0,,-,798,ZZ1337,山形県,1666,328,山形県,2363,MENCUE,山形県,0,,-
CastHour,Divine Heaven,0,,-,889,R39633,山形県,1864,R113,山形県,2896,EBI8LA,山形県,0,,-
CastHour,Don't believe the hype,0,,-,930,TOMO,山形県,2131,HIFU.S,山形県,3063,EBI8LA,山形県,0,,-
CastHour,DREAM OF SPACE UFO ABDUCTION,0,,-,0,,-,1759,JIP,山形県,2659,3Y2S,山形県,0,,-
CastHour,Emera,0,,-,753,DIAN07,山形県,1436,JOKER,山形県,2198,JIP,山形県,0,,-
CastHour,EMOTiON TRiPPER,0,,-,801,LOU,山形県,1407,AGETO4,山形県,2181,EBI8LA,山形県,0,,-
CastHour,Ergosphere,0,,-,706,HEI.DA,山形県,1559,ZERO-D,山形県,2496,MIST*,山形県,0,,-
CastHour,Fantastic Merry-Go-Round,0,,-,640,SMAJ,山形県,0,,-,2109,EBI8LA,山形県,0,,-
CastHour,Fegrix,0,,-,990,KOHRYU,山形県,2219,MIST*,山形県,3237,EBI8LA,山形県,0,,-
CastHour,FINALLY BLAZE,0,,-,764,LOU,山形県,1712,JIP,山形県,2721,EBICH.,山形県,0,,-
CastHour,Flying Castle,0,,-,906,TENKA,山形県,2246,MIST*,山形県,3315,JIP,山形県,0,,-
CastHour,Game Changers,0,,-,549,KANI98,山形県,1343,HOGG,山形県,2626,MIST*,山形県,0,,-
CastHour,"Get set, Go! feat.Kanae Asaba",0,,-,0,,-,1137,DAIWA,山形県,2063,MIST*,山形県,0,,-
CastHour,GiGaGaHell,0,,-,1139,FAB.,山形県,1997,HIFU.S,山形県,3014,EBI8LA,山形県,0,,-
CastHour,GRAVITON,0,,-,0,,-,1941,HIFU.S,山形県,3228,QUALIA,山形県,0,,-
CastHour,hard-wired,0,,-,1405,BIG,山形県,2218,MIST*,山形県,3419,EBI8LA,山形県,0,,-
CastHour,Harmonia,0,,-,505,COCOA,山形県,1177,SA21,山形県,1984,3Y2S,山形県,0,,-
CastHour,Hat Surprise,0,,-,474,TENKA,山形県,1421,ARUBA,山形県,2401,3Y2S,山形県,0,,-
CastHour,HEARTACHE,0,,-,410,IIDX33,山形県,1046,NYA-,山形県,1783,N-PSTL,山形県,0,,-
CastHour,kors k's How to make OTOGE CORE,0,,-,692,ARUBA,山形県,1351,HOGG,山形県,2167,MIST*,山形県,0,,-
CastHour,Lawes's Parotia,0,,-,0,,-,1564,TAKINA,山形県,2537,EBI8LA,山形県,0,,-
CastHour,LIVE DRIVING!! feat. 花たん,0,,-,1319,TOMO,山形県,2478,JIP,山形県,3752,EBI8LA,山形県,0,,-
CastHour,N.O.,0,,-,0,,-,1496,N-PSTL,山形県,2326,AMGS,山形県,0,,-
CastHour,n/a,0,,-,1084,SILVIA,山形県,1904,MIST*,山形県,3240,EBI8LA,山形県,0,,-
CastHour,No Day But Today!,0,,-,570,ZZ1337,山形県,1181,GANO3,山形県,1932,EBICH.,山形県,0,,-
CastHour,Nocturnal 2097,0,,-,768,ZZ1337,山形県,1792,ELENOA,山形県,2865,EBI8LA,山形県,0,,-
CastHour,Non Stop Rock,0,,-,443,UOXOU?,山形県,791,MIYUKI,山形県,1798,MIST*,山形県,0,,-
CastHour,One for All,0,,-,878,ELLMYS,山形県,1458,UNI,山形県,3049,EBI8LA,山形県,0,,-
CastHour,Onyx,0,,-,700,TOMO,山形県,1409,NARA,山形県,2362,EBI8LA,山形県,0,,-
CastHour,P.O.W.E.R.,0,,-,672,REIJOO,山形県,1355,BIG,山形県,2308,EBI8LA,山形県,0,,-
CastHour,PIRATES BLADE,0,,-,0,,-,1432,ZERO-D,山形県,2098,&#9787,山形県,0,,-
CastHour,PLASMA SOUL NIGHT feat. Nana Takahashi / 709sec.,311,MASSAN,山形県,1267,SINOUE,山形県,2539,JIP,山形県,4334,EBI8LA,山形県,0,,-
CastHour,Pout,0,,-,1008,BIG,山形県,1705,JIP,山形県,2558,EBI8LA,山形県,0,,-
CastHour,Prohibited Props,0,,-,816,TENKA,山形県,1544,JIP,山形県,2219,MIST*,山形県,2891,EBI8LA,山形県
CastHour,Purple Perplex,0,,-,1068,GANO3,山形県,1744,MAGURO,山形県,2929,EBI8LA,山形県,0,,-
CastHour,Push on Beats!～音ゲの国のeX-ストリーマー～,0,,-,1248,DONUTS,山形県,1938,DONUTS,山形県,3271,EBI8LA,山形県,0,,-
CastHour,RAGE feat.H14 of LEONAIR,263,LAUREN,山形県,979,IROHA,山形県,2215,MIST*,山形県,3365,EBI8LA,山形県,0,,-
CastHour,Silver Bullet,0,,-,1071,ELENOA,山形県,1875,328,山形県,3096,EBI8LA,山形県,0,,-
CastHour,Smalt #28598F,0,,-,1037,BIG,山形県,2260,MIST*,山形県,3280,EBI8LA,山形県,0,,-
CastHour,SOLID WYVERN,0,,-,848,KANI98,山形県,1574,SILVIA,山形県,2503,DEMI,山形県,3726,EBI8LA,山形県
CastHour,Souhait bleu,0,,-,778,ZZ1337,山形県,1638,BIG,山形県,2671,EBI8LA,山形県,0,,-
CastHour,SPARK IN THE NIGHT,0,,-,685,ZZ1337,山形県,1297,SA21,山形県,2217,3Y2S,山形県,0,,-
CastHour,Stepper,0,,-,632,YUCKY,山形県,1451,ILLION,山形県,2129,JIP,山形県,0,,-
CastHour,Tail Lights,0,,-,1063,BIG,山形県,1627,UNI,山形県,3063,EBI8LA,山形県,0,,-
CastHour,TOMAHAWK,0,,-,1118,FAB.,山形県,2165,HIFU.S,山形県,3328,EBI8LA,山形県,0,,-
CastHour,Triple Cross,432,S1BA,山形県,907,TENKA,山形県,2254,DONUTS,山形県,3182,EBI8LA,山形県,0,,-
CastHour,Ventriloquist,0,,-,608,F4RIA,山形県,1330,TARU48,山形県,2368,JIP,山形県,0,,-
CastHour,Victory Of Ravers,0,,-,934,AGETO4,山形県,1560,ARUBA,山形県,2548,EBI8LA,山形県,0,,-
CastHour,WHA,0,,-,1111,ELENOA,山形県,2131,MIST*,山形県,3395,EBI8LA,山形県,0,,-
CastHour,Wonderful Escape,0,,-,0,,-,745,EEE,山形県,1981,HIFU.S,山形県,0,,-
CastHour,Xyndrome,0,,-,754,UOXOU?,山形県,1511,HOGG,山形県,2874,EBI8LA,山形県,0,,-
CastHour,《GRANDMASTER》,0,,-,645,ZZ1337,山形県,1572,HOGG,山形県,2821,3Y2S,山形県,0,,-
CastHour,めでてえ,0,,-,829,VANDO,山形県,1604,LITTLE,山形県,2578,EBICH.,山形県,0,,-
CastHour,アクマフカ,0,,-,627,LOU,山形県,1366,LOU,山形県,2215,MIST*,山形県,0,,-
CastHour,ウツシミウツシ,0,,-,0,,-,1694,RAUM-R,山形県,3105,3Y2S,山形県,0,,-
CastHour,オドループ,467,YUCUI,山形県,830,ZZ1337,山形県,1495,JOKER,山形県,2338,EBI8LA,山形県,2981,3Y2S,山形県
CastHour,オールトの雲,0,,-,833,ZZ1337,山形県,1696,BALLS,山形県,2569,MENCUE,山形県,0,,-
CastHour,グッバイ宣言,524,YUCUI,山形県,918,TENKA,山形県,1748,JIP,山形県,3081,EBI8LA,山形県,3565,EBI8LA,山形県
CastHour,シル・ヴ・プレジデント,280,AMIA25,山形県,594,YUCUI,山形県,1172,SA21,山形県,1777,1KISG1,山形県,2542,EBI8LA,山形県
CastHour,ナイトフィクション,0,,-,636,YUCKY,山形県,1511,JIP,山形県,2081,MIST*,山形県,0,,-
CastHour,ハイテックトキオ,0,,-,882,SWORD1,山形県,1730,MINAGI,山形県,2608,EBICH.,山形県,3031,1KISG1,山形県
CastHour,"ピアノ独奏無言歌 ""灰燼""",0,,-,1029,SINOUE,山形県,2253,1KISG1,山形県,3460,EBI8LA,山形県,0,,-
CastHour,ミュージック・アワー,492,IIDX33,山形県,958,ZZ1337,山形県,2058,1KISG1,山形県,2943,EBICH.,山形県,3967,EBI8LA,山形県
CastHour,口カラ凸ゲキ,0,,-,739,ZZ1337,山形県,1382,HOGG,山形県,2287,EBICH.,山形県,0,,-
CastHour,天邪鬼,336,S1BA,山形県,926,ARUBA,山形県,1707,EBICH.,山形県,3259,EBI8LA,山形県,0,,-
CastHour,怪物,293,HENEKO,山形県,687,KOHRYU,山形県,1165,PEN9LA,山形県,2393,EBI8LA,山形県,3252,EBI8LA,山形県
CastHour,愛しくてラヴィンユー ft. マナ,0,,-,0,,-,1420,S.SZKA,山形県,2390,EBI8LA,山形県,0,,-
CastHour,月とミルク,0,,-,624,ZZ1337,山形県,1515,N-PSTL,山形県,2744,3Y2S,山形県,0,,-
CastHour,烽火連天の刃,0,,-,1036,MAOU,山形県,2251,MIST*,山形県,3132,1KISG1,山形県,4061,EBI8LA,山形県
CastHour,禊,0,,-,987,MAOU,山形県,2106,R113,山形県,3094,EBI8LA,山形県,0,,-
CastHour,逆月,0,,-,1366,LITTLE,山形県,2241,HIFU.S,山形県,3641,EBI8LA,山形県,0,,-
CastHour,雪上断火,0,,-,845,WA,山形県,1791,HIFU.S,山形県,2861,3Y2S,山形県,0,,-
CastHour,青の洞窟,0,,-,854,BIG,山形県,1857,DELTA*,山形県,2979,3Y2S,山形県,0,,-
CastHour,黒紅掬い,0,,-,499,NERU,山形県,1123,HO4K2,山形県,1797,EBI8LA,山形県,0,,-
RESIDENT,#CMFLG,0,,-,853,KANTA,山形県,2251,MIST*,山形県,3358,EBI8LA,山形県,0,,-
RESIDENT,24h Endurance Race,0,,-,773,BONTA,山形県,1996,R113,山形県,3182,EBI8LA,山形県,0,,-
RESIDENT,3V0,0,,-,963,PEN9LA,山形県,1589,HOGG,山形県,2877,3Y2S,山形県,0,,-
RESIDENT,7 Colors,0,,-,588,R39633,山形県,1144,HOGG,山形県,1925,3Y2S,山形県,0,,-
RESIDENT,Always We Trust In You,0,,-,807,BONTA,山形県,1523,SILVIA,山形県,2996,QUALIA,山形県,0,,-
RESIDENT,Ambush Ace,0,,-,1007,ARUBA,山形県,1940,JOKER,山形県,2923,EBI8LA,山形県,0,,-
RESIDENT,AWA AWA,0,,-,724,AGETO4,山形県,940,ASRXTX,山形県,2234,1KISG1,山形県,0,,-
RESIDENT,B.O.D.Y.,0,,-,994,BIG,山形県,1976,NARA,山形県,3330,EBI8LA,山形県,0,,-
RESIDENT,Bad Encryption,0,,-,1159,BIG,山形県,1796,R113,山形県,2929,EBI8LA,山形県,0,,-
RESIDENT,Beyond Evolution,0,,-,1317,MOMO,山形県,2446,MIST*,山形県,3760,EBI8LA,山形県,0,,-
RESIDENT,BIGWAVERS,0,,-,1014,R39633,山形県,1809,JIP,山形県,3292,1KISG1,山形県,0,,-
RESIDENT,C-C-C-N-N-N,0,,-,800,TOMO,山形県,1441,RAUM,山形県,2764,EBI8LA,山形県,0,,-
RESIDENT,Caldwell 99,0,,-,926,AGETO4,山形県,1854,JIP,山形県,2419,MIST*,山形県,3232,EBI8LA,山形県
RESIDENT,Chaotoxin,0,,-,1065,MICKY,山形県,1573,MAGURO,山形県,3251,EBI8LA,山形県,0,,-
RESIDENT,CODE -CRiMSON-,0,,-,1250,TARIHI,山形県,1850,JIP,山形県,2831,JIP,山形県,0,,-
RESIDENT,CUE CUE RESCUE,487,KOHRYU,山形県,1003,KOHRYU,山形県,1654,EBICH.,山形県,2527,EBI8LA,山形県,3040,3Y2S,山形県
RESIDENT,dica dica,0,,-,1038,MOMO,山形県,2214,R113,山形県,3095,EBI8LA,山形県,0,,-
RESIDENT,Dreaming Dream,0,,-,463,SMAJ,山形県,1403,N-PSTL,山形県,2239,3Y2S,山形県,0,,-
RESIDENT,Driver,0,,-,710,YUCKY,山形県,1271,N-PSTL,山形県,1761,MIST*,山形県,0,,-
RESIDENT,EXODUS SIGN,0,,-,879,KANTA,山形県,1452,PONZ,山形県,2567,EBI8LA,山形県,0,,-
RESIDENT,Fading Stars,0,,-,833,ZZ1337,山形県,1572,JIP,山形県,2586,JIP,山形県,0,,-
RESIDENT,FLARE -炎舞- ft.Nana Takahashi,0,,-,1064,BIG,山形県,1655,ARUBA,山形県,2826,EBI8LA,山形県,0,,-
RESIDENT,Get On Your Feet,0,,-,0,,-,1732,JIP,山形県,2567,JIP,山形県,0,,-
RESIDENT,GET UP AGAIN,0,,-,852,TOMO,山形県,1650,JIP,山形県,2347,MIST*,山形県,0,,-
RESIDENT,glacia,0,,-,1060,YUCKY,山形県,2000,MAETA3,山形県,2895,EBI8LA,山形県,0,,-
RESIDENT,Hat Surprise (Season 2),0,,-,823,YUCKY,山形県,1497,BIG,山形県,3269,3Y2S,山形県,0,,-
RESIDENT,I,0,,-,1018,LOU,山形県,2146,NOA,山形県,3559,EBI8LA,山形県,0,,-
RESIDENT,KING,433,TOMO,山形県,878,MICKY,山形県,1875,LIGETY,山形県,3076,EBI8LA,山形県,3833,EBI8LA,山形県
RESIDENT,kors k's How to make OTOGE CORE 「LONG」,0,,-,1138,ARUBA,山形県,2190,HIFU.S,山形県,3229,JIP,山形県,0,,-
RESIDENT,LADS,0,,-,801,YUCKY,山形県,1270,ARUKU,山形県,2165,HIFU.S,山形県,0,,-
RESIDENT,Level 4,0,,-,1031,YUCKY,山形県,1964,MAGURO,山形県,3371,EBI8LA,山形県,0,,-
RESIDENT,LOUDER ROLLING THUNDER,0,,-,789,HEI.DA,山形県,1885,HIFU.S,山形県,2879,KJ,山形県,0,,-
RESIDENT,MAX 360,0,,-,1049,FAB.,山形県,2161,HIFU.S,山形県,3090,EBI8LA,山形県,0,,-
RESIDENT,Meissa,0,,-,753,WAKAMY,山形県,1596,MIST*,山形県,2613,JIP,山形県,0,,-
RESIDENT,Next Level,0,,-,543,YUCKY,山形県,1505,AGETO4,山形県,2132,MIST*,山形県,0,,-
RESIDENT,No Border,0,,-,1058,BIG,山形県,1895,NARA,山形県,3617,EBI8LA,山形県,0,,-
RESIDENT,ONE AND ONLY,0,,-,695,HEI.DA,山形県,1624,NARA,山形県,3083,EBI8LA,山形県,0,,-
RESIDENT,Ou Legends,0,,-,932,FAB.,山形県,1978,JIP,山形県,3058,JIP,山形県,0,,-
RESIDENT,OVER VOLTAGE,0,,-,861,MORIIK,山形県,1623,HOGG,山形県,2486,MIST*,山形県,0,,-
RESIDENT,Peaktime Booster,0,,-,1020,MICKY,山形県,1859,MIST*,山形県,3134,EBI8LA,山形県,0,,-
RESIDENT,Perfect Plan,0,,-,973,RMZN,山形県,1401,CBK,山形県,2448,EBICH.,山形県,0,,-
RESIDENT,Programmed Genom,0,,-,837,ZZ1337,山形県,1483,HOGG,山形県,2376,EBI8LA,山形県,0,,-
RESIDENT,Red Soul,0,,-,704,HEI.DA,山形県,1470,D,山形県,2827,EBI8LA,山形県,0,,-
RESIDENT,Rewind Time,0,,-,630,YUCKY,山形県,1002,TENKA,山形県,2154,1KISG1,山形県,0,,-
RESIDENT,RINNE,0,,-,1048,SINOUE,山形県,2162,HIFU.S,山形県,3208,JIP,山形県,0,,-
RESIDENT,Ruler or Loser,0,,-,785,HEI.DA,山形県,1588,NARA,山形県,2608,EBI8LA,山形県,0,,-
RESIDENT,Seraph,0,,-,908,PEN9LA,山形県,1574,NYA-,山形県,2421,EBI8LA,山形県,0,,-
RESIDENT,Shadow World,0,,-,616,S1BA,山形県,1482,RAUM-L,山形県,2700,EBI8LA,山形県,0,,-
RESIDENT,Shamshir,0,,-,1011,PEN9LA,山形県,1420,MIST*,山形県,2130,EBI8LA,山形県,0,,-
RESIDENT,Somnidiscotheque,0,,-,1335,DONUTS,山形県,1914,JIP,山形県,2983,EBI8LA,山形県,0,,-
RESIDENT,STAR BEAT,0,,-,567,HEI.DA,山形県,1322,DAIWA,山形県,2376,MIST*,山形県,0,,-
RESIDENT,STRAIGHT TO THE STARS,0,,-,779,YUCKY,山形県,1241,Y.E?,山形県,2859,1KISG1,山形県,0,,-
RESIDENT,Stylus,0,,-,883,KANTA,山形県,1863,NARA,山形県,2807,EBI8LA,山形県,0,,-
RESIDENT,Summerblue,0,,-,844,TENKA,山形県,1551,MINAGI,山形県,2292,AMGS,山形県,0,,-
RESIDENT,Sunny Day Vibes,0,,-,589,ZZ1337,山形県,1593,JIP,山形県,2214,3Y2S,山形県,0,,-
RESIDENT,Super Freak,0,,-,1051,PEN9LA,山形県,1781,NARA,山形県,3240,3Y2S,山形県,0,,-
RESIDENT,suspicions,0,,-,980,MTO,山形県,2164,HIFU.S,山形県,3621,EBI8LA,山形県,0,,-
RESIDENT,Swing My Wonderland,0,,-,1208,PEN9LA,山形県,1935,HOGG,山形県,3052,EBI8LA,山形県,0,,-
RESIDENT,TECHNOPHOBIA,0,,-,770,2RUOKA,山形県,1526,AGETO4,山形県,2841,QUALIA,山形県,0,,-
RESIDENT,The Clown of 24stairs,0,,-,1020,DURA,山形県,2116,DONUTS,山形県,3189,EBI8LA,山形県,0,,-
RESIDENT,THE TIME MACHINE,0,,-,586,REIJOO,山形県,1574,HOGG,山形県,2625,EBI8LA,山形県,0,,-
RESIDENT,VOID,0,,-,1023,IIDX33,山形県,1776,MIST*,山形県,2873,EBI8LA,山形県,0,,-
RESIDENT,VOLAQUAS,0,,-,1164,LOU,山形県,2090,JIP,山形県,3716,EBI8LA,山形県,0,,-
RESIDENT,VOLCANIC BIGBEAT,0,,-,1000,IROHA,山形県,1616,HOGG,山形県,2775,EBI8LA,山形県,0,,-
RESIDENT,"wanna be a ""BAD GIRL"" feat. Nana Takahashi",0,,-,661,KANTA,山形県,872,ANONY,山形県,2006,N-PSTL,山形県,0,,-
RESIDENT,With You,0,,-,712,ELLMYS,山形県,1516,AGETO4,山形県,2491,EBI8LA,山形県,0,,-
RESIDENT,Xerulean,0,,-,1160,BIG,山形県,2023,3Y2S,山形県,3202,EBI8LA,山形県,0,,-
RESIDENT,ZENITH,0,,-,872,KANTA,山形県,1874,R113,山形県,2867,JIP,山形県,0,,-
RESIDENT,[ ]DENTITY,0,,-,1041,KOHRYU,山形県,2051,HIFU.S,山形県,3639,EBI8LA,山形県,0,,-
RESIDENT,≡+≡,496,SMAJ,山形県,1292,ARUBA,山形県,2066,FIVE,山形県,3008,EBI8LA,山形県,4424,EBI8LA,山形県
RESIDENT,■□模様,0,,-,780,KANTA,山形県,1476,ZERO-D,山形県,2567,1KISG1,山形県,0,,-
RESIDENT,《ORDERBREAKER》,0,,-,0,,-,1416,DO,山形県,2286,MIST*,山形県,0,,-
RESIDENT,あるビー！ feat.ころねぽち,0,,-,554,TA,山形県,1679,AGETO4,山形県,2813,EBI8LA,山形県,0,,-
RESIDENT,おとせサンダー,145,HINAKO,山形県,636,TAKINA,山形県,1135,DURA,山形県,2072,JIP,山形県,0,,-
RESIDENT,きゅんです。,0,,-,655,56000,山形県,1369,ZERO-D,山形県,2342,EBI8LA,山形県,0,,-
RESIDENT,ぞうしょく！？マイデンティティ,0,,-,1050,Y.E?,山形県,2108,HIFU.S,山形県,3506,EBI8LA,山形県,0,,-
RESIDENT,ちょえちょえまぎか,0,,-,1136,LITTLE,山形県,2246,DONUTS,山形県,3015,EBI8LA,山形県,4078,EBI8LA,山形県
RESIDENT,サヨナラ・ヘヴン-Celtic Chip Dance Mix-,0,,-,608,RAIDEN,山形県,1387,AGETO4,山形県,2494,MIST*,山形県,0,,-
RESIDENT,チェイスチェイスジョーカーズのうた (オニスタイルリミックス),0,,-,860,YUCKY,山形県,1548,RAUM-L,山形県,2766,1KISG1,山形県,0,,-
RESIDENT,パーフェクトイーター,0,,-,900,LOU,山形県,1849,PAISEN,山形県,2987,EBI8LA,山形県,0,,-
RESIDENT,儚キ戀ノ幻想譚,576,2RUOKA,山形県,1457,P-RABI,山形県,2107,HIFU.S,山形県,3467,EBI8LA,山形県,0,,-
RESIDENT,少年リップルズ,0,,-,748,KANTA,山形県,1681,R113,山形県,2427,EBICH.,山形県,0,,-
RESIDENT,恋愛＝精度×認識力,0,,-,1383,MAGURO,山形県,2206,1KISG1,山形県,3133,1KISG1,山形県,0,,-
RESIDENT,惑星☆ロリポップ,0,,-,736,R39633,山形県,1568,DONUTS,山形県,2778,EBI8LA,山形県,0,,-
RESIDENT,昏き甲鉄のヴェルガ,0,,-,797,B.N!,山形県,1483,RAUM-L,山形県,2332,3Y2S,山形県,0,,-
RESIDENT,月と夢の跡 ft. マナ,0,,-,634,RIKKA,山形県,1487,MA*,山形県,2513,EBI8LA,山形県,0,,-
RESIDENT,栄冠のカンパネラ,0,,-,1203,TARU48,山形県,2074,MIST*,山形県,3741,EBI8LA,山形県,0,,-
RESIDENT,楽園追放,0,,-,874,BIG,山形県,1443,ILLION,山形県,2267,EBICH.,山形県,0,,-
RESIDENT,湘南ロンリーMIDNIGHT RAIN,0,,-,0,,-,1636,ZERO-D,山形県,2743,1KISG1,山形県,0,,-
RESIDENT,異心前進♪ぴょんぴょんぴょん,0,,-,1109,DONUTS,山形県,1606,DONUTS,山形県,2469,1KISG1,山形県,0,,-
RESIDENT,真夜中のバベル,0,,-,613,YUCKY,山形県,837,DAIWA,山形県,1662,3Y2S,山形県,0,,-
RESIDENT,神っぽいな,316,NA39MO,山形県,718,MICKY,山形県,1346,SA21,山形県,2095,EBI8LA,山形県,2961,EBI8LA,山形県
RESIDENT,神のシナリオ,0,,-,903,EEE,山形県,1651,ZECR0M,山形県,3153,EBI8LA,山形県,0,,-
RESIDENT,罪過の聖堂,0,,-,735,MAGURO,山形県,1257,328,山形県,1986,EBI8LA,山形県,0,,-
RESIDENT,輪廻の鴉,0,,-,828,KANTA,山形県,1481,FLOW*,山形県,2499,MAETA3,山形県,0,,-
RESIDENT,雨のちパノラマセカイ,0,,-,602,S1BA,山形県,1241,RMZN,山形県,2201,3Y2S,山形県,0,,-
RESIDENT,響花水月,0,,-,941,LOU,山形県,1784,R113,山形県,2795,EBICH.,山形県,0,,-
EPOLIS,20XX,0,,-,0,,-,1394,RAUM-L,山形県,2582,1KISG1,山形県,0,,-
EPOLIS,ACT0,0,,-,1007,ZZ1337,山形県,2054,328,山形県,2909,EBI8LA,山形県,0,,-
EPOLIS,Aeterna,0,,-,542,OURIN*,山形県,1436,NYA-,山形県,2511,1KISG1,山形県,0,,-
EPOLIS,Akatsuki,0,,-,715,BLUE-R,山形県,1394,ARUKU,山形県,2242,1KISG1,山形県,0,,-
EPOLIS,Ambivalent Vermilia,0,,-,1356,BIG,山形県,2285,328,山形県,3928,EBI8LA,山形県,0,,-
EPOLIS,Amethyst,0,,-,1107,SINOUE,山形県,1791,JIP,山形県,2584,EBI8LA,山形県,0,,-
EPOLIS,Bitter & Lucky,0,,-,564,SMAJ,山形県,1002,CAIYA,山形県,2284,MIST*,山形県,0,,-
EPOLIS,BLAZING_LAZER,0,,-,1019,UOXOU?,山形県,1967,ILLION,山形県,3313,EBI8LA,山形県,0,,-
EPOLIS,CADENZA,0,,-,1325,RAUM-L,山形県,2299,ILLION,山形県,4380,EBI8LA,山形県,0,,-
EPOLIS,Chemical Colours,0,,-,758,ZZ1337,山形県,1954,JIP,山形県,2744,3Y2S,山形県,0,,-
EPOLIS,CODE:2,0,,-,916,FAB.,山形県,1709,ILLION,山形県,2882,EBI8LA,山形県,0,,-
EPOLIS,COUNTING SHEEP ft. Kanae Asaba,0,,-,612,ASAMA,山形県,1265,ILLION,山形県,2216,EBI8LA,山形県,0,,-
EPOLIS,Cult Invitation,0,,-,1180,PEN9LA,山形県,1863,328,山形県,3332,EBI8LA,山形県,0,,-
EPOLIS,Dahlia,0,,-,879,LOU,山形県,2041,JIP,山形県,2974,QUALIA,山形県,0,,-
EPOLIS,DAZZLE ATTACK,450,KANTA,山形県,963,PEN9LA,山形県,1631,JIP,山形県,2796,3Y2S,山形県,0,,-
EPOLIS,Deep Sea Mystery,0,,-,855,ELLMYS,山形県,1327,PAURO,山形県,1914,EBI8LA,山形県,0,,-
EPOLIS,Demon March,0,,-,1351,BIG,山形県,2259,328,山形県,3469,EBI8LA,山形県,0,,-
EPOLIS,Echoes of Sunfall,0,,-,999,PEN9LA,山形県,1399,HOGG,山形県,2888,3Y2S,山形県,0,,-
EPOLIS,frequent,0,,-,901,UOXOU?,山形県,2192,R113,山形県,3550,1KISG1,山形県,0,,-
EPOLIS,GAME ON,0,,-,1064,TOMO,山形県,2201,MIST*,山形県,2627,EBI8LA,山形県,0,,-
EPOLIS,Get Higher,0,,-,736,WAKAMY,山形県,1551,AGETO4,山形県,2167,JIP,山形県,0,,-
EPOLIS,Get Wicked,0,,-,781,YUCKY,山形県,1417,AGETO4,山形県,2384,DEMI,山形県,0,,-
EPOLIS,Ghost Pulse,0,,-,732,UOXOU?,山形県,1558,JIP,山形県,2738,EBI8LA,山形県,0,,-
EPOLIS,Glitch N Ride,0,,-,818,A,山形県,1483,MIST*,山形県,2538,EBI8LA,山形県,0,,-
EPOLIS,GloriosA,0,,-,992,Y.E?,山形県,1921,JIP,山形県,2730,3Y2S,山形県,0,,-
EPOLIS,GLORIOUS HAMMER,0,,-,809,KANTA,山形県,1753,ZECR0M,山形県,3057,EBI8LA,山形県,0,,-
EPOLIS,Hard Breaker,0,,-,334,SLAP!?,山形県,1179,MIYUKI,山形県,2448,1KISG1,山形県,0,,-
EPOLIS,Hat Surprise (Season 3),0,,-,1083,MICKY,山形県,2028,HIFU.S,山形県,2465,.,山形県,0,,-
EPOLIS,i-ii,0,,-,0,,-,1490,JOKER,山形県,2806,EBI8LA,山形県,0,,-
EPOLIS,INHERITANCE,0,,-,808,LOU,山形県,1595,COMET*,山形県,2797,EBI8LA,山形県,3501,EBI8LA,山形県
EPOLIS,Iris,257,TENKA,山形県,712,56000,山形県,1498,JIP,山形県,2200,EBI8LA,山形県,0,,-
EPOLIS,Jumper,0,,-,595,SHWANG,山形県,975,ASRXTX,山形県,2262,MIST*,山形県,0,,-
EPOLIS,Just Gimme,0,,-,776,YUCKY,山形県,1613,ILLION,山形県,2655,1KISG1,山形県,0,,-
EPOLIS,JUSTICE/GUILTY feat. Nana Takahashi & 709sec.,0,,-,1347,YUCKY,山形県,2370,328,山形県,3779,3Y2S,山形県,0,,-
EPOLIS,Level 5,0,,-,1234,PEN9LA,山形県,2318,TAKINA,山形県,3381,EBI8LA,山形県,0,,-
EPOLIS,MAXIMUM CHEAT GIRL,0,,-,1246,DONUTS,山形県,2104,TOT,山形県,3440,EBI8LA,山形県,0,,-
EPOLIS,Million Dollar,0,,-,950,Y.E?,山形県,1920,328,山形県,3306,EBI8LA,山形県,0,,-
EPOLIS,Monkey Business,0,,-,590,TENKA,山形県,1309,SILVIA,山形県,2499,EBI8LA,山形県,0,,-
EPOLIS,Mukade,0,,-,1051,BIG,山形県,1642,HOGG,山形県,3170,3Y2S,山形県,0,,-
EPOLIS,My Sweet Bird?,0,,-,845,DONUTS,山形県,1501,DONUTS,山形県,2168,EBI8LA,山形県,0,,-
EPOLIS,NEEDLESS MY LOVE FOR YOU,0,,-,848,KANTA,山形県,1618,ILLION,山形県,2433,EBI8LA,山形県,0,,-
EPOLIS,Out of Control,0,,-,0,,-,2067,HIFU.S,山形県,3002,EBI8LA,山形県,0,,-
EPOLIS,out of disk space,0,,-,770,KANTA,山形県,1649,NAO,山形県,2443,&#9787,山形県,0,,-
EPOLIS,PILGRIM,0,,-,748,KANTA,山形県,1662,JIP,山形県,2595,JIP,山形県,0,,-
EPOLIS,Psychedelic Intelligence,0,,-,1162,MAGURO,山形県,1779,MAGURO,山形県,2667,MIST*,山形県,0,,-
EPOLIS,Red Determination,0,,-,884,YUCKY,山形県,1416,JOKER,山形県,2587,EBI8LA,山形県,0,,-
EPOLIS,Resonant,0,,-,923,WAKAMY,山形県,2202,MAIYA*,山形県,3456,EBI8LA,山形県,0,,-
EPOLIS,Riff//rain,0,,-,684,IIDX32,山形県,1136,RAUM-L,山形県,1802,1KISG1,山形県,0,,-
EPOLIS,See You Again,0,,-,836,KANTA,山形県,1772,ILLION,山形県,2972,JIP,山形県,0,,-
EPOLIS,Seven Times Four,0,,-,1041,IIDX32,山形県,1814,N-PSTL,山形県,3072,MIST*,山形県,0,,-
EPOLIS,Shapeshifter,0,,-,543,HEI.DA,山形県,1529,AGETO4,山形県,2415,3Y2S,山形県,0,,-
EPOLIS,Sirius,0,,-,800,UOXOU?,山形県,1559,ILLION,山形県,3154,EBI8LA,山形県,0,,-
EPOLIS,So What,0,,-,349,TAMA*,山形県,936,ARUKU,山形県,1781,&#9787,山形県,0,,-
EPOLIS,SOLAR ECLIPSE,0,,-,1374,ARUBA,山形県,2372,MIST*,山形県,3381,EBI8LA,山形県,0,,-
EPOLIS,Speculation,0,,-,775,TENKA,山形県,1490,TENKA,山形県,2903,EBI8LA,山形県,0,,-
EPOLIS,squall,0,,-,799,TOMO,山形県,1608,AGETO4,山形県,2464,JIP,山形県,0,,-
EPOLIS,Stereo Beasts,0,,-,1004,UOXOU?,山形県,2427,HIFU.S,山形県,3625,EBI8LA,山形県,0,,-
EPOLIS,Submerge Serenade,0,,-,980,2RUOKA,山形県,1708,ZERO-D,山形県,2909,3Y2S,山形県,3977,EBI8LA,山形県
EPOLIS,Sword of Vengeance,0,,-,1156,MOMO,山形県,2063,328,山形県,3136,EBI8LA,山形県,0,,-
EPOLIS,T.R.O.L.L.,0,,-,898,IROHA,山形県,1659,328,山形県,2438,EBI8LA,山形県,0,,-
EPOLIS,The Last Apocalypse,0,,-,1066,KANTA,山形県,2361,328,山形県,3471,EBICH.,山形県,0,,-
EPOLIS,The Onlyonez,0,,-,760,MTO,山形県,1605,328,山形県,3015,MIST*,山形県,0,,-
EPOLIS,This Is Club Musik feat. 大久保紅葉,0,,-,857,YUCKY,山形県,1207,CBK,山形県,2466,&#9787,山形県,0,,-
EPOLIS,Time Distortion pt.2(IIDX Edit),0,,-,0,,-,1941,JIP,山形県,2923,EBI8LA,山形県,0,,-
EPOLIS,TITANIUM RIDERS,0,,-,766,YYTGS,山形県,1348,GANO3,山形県,2100,3Y2S,山形県,0,,-
EPOLIS,Too Late Snow,0,,-,734,SINOUE,山形県,1173,TARU48,山形県,2000,EBI8LA,山形県,0,,-
EPOLIS,TRIP THE DEEP,0,,-,726,HEI.DA,山形県,1511,1KISG1,山形県,2471,EBI8LA,山形県,0,,-
EPOLIS,Tripping Jumping,0,,-,770,P-RABI,山形県,1489,AGETO4,山形県,2245,EBI8LA,山形県,0,,-
EPOLIS,Vermilion Carol,0,,-,1365,EBI8LA,山形県,2222,EBI8LA,山形県,3470,EBI8LA,山形県,0,,-
EPOLIS,Vulnerability,0,,-,1201,ZERO-D,山形県,1924,MIST*,山形県,3480,EBI8LA,山形県,0,,-
EPOLIS,WaterCube Pf.(RX-Ver.S.P.L.),0,,-,370,SMAJ,山形県,1201,HOGG,山形県,2028,HIFU.S,山形県,0,,-
EPOLIS,winkle 2 winkle,0,,-,746,MIOFA,山形県,1708,JOKER,山形県,2752,EBI8LA,山形県,0,,-
EPOLIS,Xb10r,0,,-,1019,MOMO,山形県,2227,328,山形県,3394,EBI8LA,山形県,0,,-
EPOLIS,ZEROIN ON THE LIGHT,0,,-,1083,PEN9LA,山形県,1697,P-RABI,山形県,2619,1KISG1,山形県,0,,-
EPOLIS,《PL|RAYER》,0,,-,872,PEN9LA,山形県,1605,R113,山形県,2782,EBI8LA,山形県,0,,-
EPOLIS,ちゅ、多様性。,192,BB,山形県,455,SMAJ,山形県,950,WAKAMY,山形県,1894,EBI8LA,山形県,2204,MIST*,山形県
EPOLIS,ないないルーティン,0,,-,440,SMAJ,山形県,1012,SAFA,山形県,2061,3Y2S,山形県,0,,-
EPOLIS,めうめうぺったんたん！！ (ZAQUVA Remix),0,,-,671,BERN,山形県,1675,SILVIA,山形県,2705,JIP,山形県,0,,-
EPOLIS,れとりば！,0,,-,539,CHIKEN,山形県,1283,GANO3,山形県,2036,1KISG1,山形県,0,,-
EPOLIS,アイドル,230,PONSKF,山形県,714,SMAJ,山形県,1448,JOKER,山形県,2598,EBI8LA,山形県,3151,EBI8LA,山形県
EPOLIS,アタシ完全絶対正義ちゃん！,0,,-,777,ZZ1337,山形県,1481,ZERO-D,山形県,2112,3Y2S,山形県,0,,-
EPOLIS,シンデレラ,450,KANTA,山形県,640,REIJOO,山形県,1501,N-PSTL,山形県,2168,1KISG1,山形県,0,,-
EPOLIS,センチメンタル・サマー,0,,-,501,SMAJ,山形県,406,AGETO4,山形県,1987,EBI8LA,山形県,0,,-
EPOLIS,デビルじゃないもん,272,RINEN,山形県,762,MICKY,山形県,1368,MIST*,山形県,2076,EBI8LA,山形県,0,,-
EPOLIS,フォニイ,567,&CAKE!,山形県,1074,56000,山形県,1918,NARA,山形県,2882,EBI8LA,山形県,3839,EBI8LA,山形県
EPOLIS,ポラリスノウタ,263,SUR,山形県,622,ZZ1337,山形県,1443,HO4K2,山形県,2247,EBICH.,山形県,0,,-
EPOLIS,マーシャル・マキシマイザー,386,SMAJ,山形県,786,ARUBA,山形県,1414,JIP,山形県,2140,EBI8LA,山形県,0,,-
EPOLIS,ラビットホール,637,ASAMA,山形県,1273,2RUOKA,山形県,1884,GANO3,山形県,2911,EBI8LA,山形県,0,,-
EPOLIS,リメンバーリメンバー,0,,-,444,TOMO,山形県,939,HOGG,山形県,1651,3Y2S,山形県,0,,-
EPOLIS,今宵、ロマンス横丁。,0,,-,984,TOMO,山形県,2280,MIST*,山形県,3182,EBI8LA,山形県,0,,-
EPOLIS,勇者,320,IIDX33,山形県,738,ZEHAHA,山形県,1314,GANO3,山形県,2461,EBI8LA,山形県,0,,-
EPOLIS,可愛くてごめん,286,DONUTS,山形県,628,DONUTS,山形県,1400,DONUTS,山形県,2250,EBI8LA,山形県,2769,EBICH.,山形県
EPOLIS,唱,165,ZZ1337,山形県,374,SMAJ,山形県,982,N-PSTL,山形県,1761,EBI8LA,山形県,0,,-
EPOLIS,夏風邪デスコ,0,,-,703,AO-TAK,山形県,1619,ZERO-D,山形県,2642,3Y2S,山形県,0,,-
EPOLIS,夢縁,0,,-,1137,PEN9LA,山形県,1997,NARA,山形県,2972,EBI8LA,山形県,0,,-
EPOLIS,寝起きヤシの木,378,S1BA,山形県,975,TOMO,山形県,1717,DEMI,山形県,2769,EBI8LA,山形県,3372,EBI8LA,山形県
EPOLIS,惑星鉄道,0,,-,933,MAOU,山形県,1949,EBI8LA,山形県,2702,EBI8LA,山形県,0,,-
EPOLIS,愛包ダンスホール,241,TAMA*,山形県,870,MICKY,山形県,1286,RAUM-R,山形県,2572,3Y2S,山形県,0,,-
EPOLIS,摩天楼,0,,-,500,BONTA,山形県,1352,AGETO4,山形県,2488,EBI8LA,山形県,0,,-
EPOLIS,未完成ノ蒸氣驅動乙女,0,,-,910,KOHRYU,山形県,1923,MAIYA*,山形県,2832,3Y2S,山形県,0,,-
EPOLIS,果たせぬ約束 ft. 小林マナ,0,,-,1017,IIDX32,山形県,1769,C.ANON,山形県,2974,EBI8LA,山形県,0,,-
EPOLIS,残像ニ繋ガレタ追憶ノHIDEAWAY,0,,-,1109,PEN9LA,山形県,2159,AAAAAA,山形県,3519,EBI8LA,山形県,0,,-
EPOLIS,流桜ノ門,0,,-,674,UOXOU?,山形県,1433,UNI,山形県,2090,3Y2S,山形県,0,,-
EPOLIS,"灼熱Beach Side Bunny (かめりあ's ""Summertime D'n'B"" Remix)",0,,-,959,WA,山形県,1856,PAURO,山形県,2777,&#9787,山形県,0,,-
EPOLIS,神様、つれない。,0,,-,543,IKUZ4K,山形県,1354,JOKER,山形県,2094,AMGS,山形県,0,,-
EPOLIS,終焔のClaudia,0,,-,1141,ARUBA,山形県,1884,MIST*,山形県,2644,EBI8LA,山形県,0,,-
EPOLIS,酔いどれ知らず,162,HINAKO,山形県,675,KANTA,山形県,1209,CROIT,山形県,2209,EBI8LA,山形県,0,,-
EPOLIS,閉塞的フレーション,0,,-,993,PEN9LA,山形県,1553,JOKER,山形県,2413,EBI8LA,山形県,0,,-
EPOLIS,雫,0,,-,884,YUCKY,山形県,1929,328,山形県,2648,EBI8LA,山形県,0,,-
EPOLIS,電光,0,,-,743,YUCKY,山形県,1760,ZECR0M,山形県,2974,EBI8LA,山形県,0,,-
EPOLIS,電子になりたい,0,,-,787,MICKY,山形県,1413,JIP,山形県,1942,1KISG1,山形県,0,,-
EPOLIS,電腦都市,0,,-,1308,YU.A,山形県,2214,328,山形県,3257,EBI8LA,山形県,0,,-
Pinky Crush,1116,0,,-,947,KOHRYU,山形県,1909,R113,山形県,2888,EBI8LA,山形県,0,,-
Pinky Crush,ADAMANT,0,,-,893,ZZ1337,山形県,1938,EBICH.,山形県,2917,EBICH.,山形県,0,,-
Pinky Crush,Aqvion,0,,-,1141,MACON.,山形県,1905,JIP,山形県,3444,EBI8LA,山形県,0,,-
Pinky Crush,Arcanos,0,,-,525,SMAJ,山形県,1079,BIG,山形県,1910,&#9787,山形県,0,,-
Pinky Crush,Bang-Boo Bumble,0,,-,861,RAIDEN,山形県,1819,COMET*,山形県,2852,EBICH.,山形県,0,,-
Pinky Crush,Bling-Bang-Bang-Born,316,OKKUN,山形県,543,SMAJ,山形県,1032,LITTLE,山形県,1945,EBI8LA,山形県,2070,EBI8LA,山形県
Pinky Crush,Bring The Fire,0,,-,849,KANTA,山形県,1799,ZECR0M,山形県,3338,EBI8LA,山形県,0,,-
Pinky Crush,Butterfly Twist,0,,-,813,YUCKY,山形県,1550,N-PSTL,山形県,2688,EBI8LA,山形県,0,,-
Pinky Crush,CHAOTIC SUNBIRD,0,,-,980,WAKAMY,山形県,1560,ZERO-D,山形県,3226,EBI8LA,山形県,0,,-
Pinky Crush,Chasing After YOU ～夢の欠片～ ft. 小林マナ,0,,-,947,AGETO4,山形県,1374,JOKER,山形県,2039,EBI8LA,山形県,0,,-
Pinky Crush,Constellation,0,,-,664,UOXOU?,山形県,1706,328,山形県,2601,TANQUE,山形県,0,,-
Pinky Crush,COSMIC V3LOCITY,0,,-,1044,ATA0KA,山形県,2123,R113,山形県,3256,EBI8LA,山形県,0,,-
Pinky Crush,Cross Fire,0,,-,868,IIDX32,山形県,2127,JIP,山形県,3115,3Y2S,山形県,0,,-
Pinky Crush,destination,0,,-,994,AGETO4,山形県,2081,AGETO4,山形県,3093,KJ,山形県,0,,-
Pinky Crush,Digital Radiance,0,,-,1036,YUCKY,山形県,1299,RAUM-R,山形県,1957,KA37GI,山形県,0,,-
Pinky Crush,DIVINE JUDGEMENT,0,,-,0,,-,1866,MAETA3,山形県,2670,EBI8LA,山形県,0,,-
Pinky Crush,Dreamship,0,,-,670,SMAJ,山形県,1297,COMET*,山形県,1923,EBICH.,山形県,0,,-
Pinky Crush,Drop Syndicate,0,,-,915,ZZ1337,山形県,1702,ZERO-D,山形県,3557,EBI8LA,山形県,0,,-
Pinky Crush,Eleanor,0,,-,664,KANTA,山形県,1213,NYA-,山形県,2310,1KISG1,山形県,0,,-
Pinky Crush,ELYSIUM,0,,-,791,TOMO,山形県,1532,N-PSTL,山形県,2638,EBI8LA,山形県,0,,-
Pinky Crush,everlastingeuphoria:,0,,-,0,,-,1385,SILVIA,山形県,2346,1KISG1,山形県,0,,-
Pinky Crush,EX-MASSIVE FIGHTER,0,,-,981,KANTA,山形県,1968,REALM,山形県,3283,EBI8LA,山形県,0,,-
Pinky Crush,EYE OF THE HEAVEN,0,,-,902,MAGURO,山形県,2266,328,山形県,3435,EBI8LA,山形県,0,,-
Pinky Crush,FERMI PARADOX,0,,-,884,ZZ1337,山形県,1613,JIP,山形県,2496,EBI8LA,山形県,0,,-
Pinky Crush,Fiery Stallion,0,,-,831,BIG,山形県,1668,EBICH.,山形県,2367,EBI8LA,山形県,0,,-
Pinky Crush,Flamingo,0,,-,961,ARUBA,山形県,2245,MIST*,山形県,3282,EBI8LA,山形県,0,,-
Pinky Crush,FlyAway,0,,-,1013,WAKAMY,山形県,2023,MIST*,山形県,3160,EBI8LA,山形県,0,,-
Pinky Crush,Galaxy Collapse,0,,-,721,YUCKY,山形県,999,SAFA,山形県,1822,MIST*,山形県,0,,-
Pinky Crush,get set mind,0,,-,842,KANTA,山形県,1509,PAURO,山形県,2428,EBICH.,山形県,0,,-
Pinky Crush,God Mind,0,,-,1466,DONUTS,山形県,2515,MIST*,山形県,3931,EBI8LA,山形県,0,,-
Pinky Crush,Good Looking,0,,-,568,YUCKY,山形県,1118,KENP,山形県,1911,AMGS,山形県,0,,-
Pinky Crush,Here We Go Now,0,,-,758,KANTA,山形県,2074,HIFU.S,山形県,3260,EBI8LA,山形県,0,,-
Pinky Crush,hora de verdad,0,,-,1132,DONUTS,山形県,1989,DONUTS,山形県,2895,3Y2S,山形県,0,,-
Pinky Crush,IN BETWEEN,0,,-,881,PEN9LA,山形県,1363,BIG,山形県,2310,MIST*,山形県,0,,-
Pinky Crush,KOTONOHA ft. Kotoha,0,,-,670,KANTA,山形県,1283,JIP,山形県,1972,EBI8LA,山形県,0,,-
Pinky Crush,Lightspeed,0,,-,1136,YUCKY,山形県,2050,MIST*,山形県,3023,MENCUE,山形県,0,,-
Pinky Crush,lowercase lifetime,0,,-,904,ZZ1337,山形県,2058,JIP,山形県,2677,EBICH.,山形県,0,,-
Pinky Crush,Lycoris,0,,-,423,KUHAKU,山形県,1304,NARA,山形県,2034,EBI8LA,山形県,0,,-
Pinky Crush,MARLIN,0,,-,1100,WAKAMY,山形県,2153,MIST*,山形県,3210,MANO38,山形県,0,,-
Pinky Crush,Mid-Corner (Magic Maker),0,,-,0,,-,1818,HIFU.S,山形県,3084,EBI8LA,山形県,0,,-
Pinky Crush,Mighty Cutie,0,,-,1093,PEN9LA,山形県,1955,N-PSTL,山形県,2726,MIST*,山形県,0,,-
Pinky Crush,MVP,0,,-,758,ZZ1337,山形県,1420,RAUM-R,山形県,2567,EBI8LA,山形県,0,,-
Pinky Crush,NOIXIA,0,,-,1092,FAB.,山形県,2090,HIFU.S,山形県,3831,EBI8LA,山形県,0,,-
Pinky Crush,PERFECT HUMAN,427,CONCHA,山形県,673,ZZ1337,山形県,1293,RAUM-L,山形県,2203,EBI8LA,山形県,0,,-
Pinky Crush,Pinky Happy Crazy,0,,-,1266,ARUBA,山形県,2384,KA37GI,山形県,3379,3Y2S,山形県,0,,-
Pinky Crush,PIT A PAT,0,,-,914,SILVIA,山形県,1708,ELENOA,山形県,2539,EBI8LA,山形県,0,,-
Pinky Crush,Plazma,241,&CAKE!,山形県,634,PACIO,山形県,1208,JOKER,山形県,2012,EBI8LA,山形県,2738,EBI8LA,山形県
Pinky Crush,Plea Per Phase,0,,-,515,OURIN*,山形県,1614,6K,山形県,2746,EBI8LA,山形県,0,,-
Pinky Crush,PopなEDEN,0,,-,794,KANTA,山形県,1486,ALOE,山形県,2421,3Y2S,山形県,0,,-
Pinky Crush,Raspberry Potion (feat.あれたん & ぎゃるのしん☆),0,,-,861,PEN9LA,山形県,1763,JIP,山形県,2490,EBI8LA,山形県,0,,-
Pinky Crush,RAVE SYNDROME,0,,-,831,ZZ1337,山形県,1627,L.E.Y.,山形県,2757,EBI8LA,山形県,0,,-
Pinky Crush,Roar of Chronos,0,,-,1176,BIG,山形県,2156,JIP,山形県,3847,EBI8LA,山形県,0,,-
Pinky Crush,Satellite Burst,0,,-,1046,FAB.,山形県,2018,ANI,山形県,3686,EBI8LA,山形県,0,,-
Pinky Crush,Secret Rouge,0,,-,848,S.SZKA,山形県,1609,JIP,山形県,2307,EBI8LA,山形県,0,,-
Pinky Crush,Shirdal,0,,-,819,BIG,山形県,1393,AGETO4,山形県,2290,SR,山形県,0,,-
Pinky Crush,Show Me All Your Love,0,,-,948,ZZ1337,山形県,1884,ZERO-D,山形県,2795,JIP,山形県,0,,-
Pinky Crush,SISYPHUS,0,,-,867,MOMO,山形県,1637,328,山形県,2579,EBI8LA,山形県,0,,-
Pinky Crush,Skratch Education Lv-1,0,,-,929,ANI,山形県,1667,N-PSTL,山形県,2692,EBI8LA,山形県,0,,-
Pinky Crush,Slumber☆Party,0,,-,582,HEI.DA,山形県,1708,JIP,山形県,2202,MIST*,山形県,0,,-
Pinky Crush,Space In Time,0,,-,795,IROHA,山形県,1406,.MINT,山形県,1954,MIST*,山形県,0,,-
Pinky Crush,Stargazing Trip ～星 探す旅～ ft. 小林マナ,0,,-,1060,NARA,山形県,1761,1KISG1,山形県,2672,EBI8LA,山形県,0,,-
Pinky Crush,SUPER HEROINE!!,0,,-,795,KANTA,山形県,1446,LIGETY,山形県,2299,EBI8LA,山形県,0,,-
Pinky Crush,SμG@R RU$#,0,,-,1237,96SK*,山形県,2354,EBICH.,山形県,3386,EBI8LA,山形県,0,,-
Pinky Crush,TECHNO RUMBLE,0,,-,970,YUCKY,山形県,1747,N-PSTL,山形県,2742,MIST*,山形県,0,,-
Pinky Crush,u gotta beat,0,,-,1073,TOMO,山形県,2251,JIP,山形県,3465,EBI8LA,山形県,0,,-
Pinky Crush,Uaigh Gealai,0,,-,972,YUCKY,山形県,2117,328,山形県,3609,EBI8LA,山形県,0,,-
Pinky Crush,uen,0,,-,1258,ARUBA,山形県,1997,328,山形県,2740,JIP,山形県,0,,-
Pinky Crush,Vibing! Shake it!,0,,-,821,TOMO,山形県,1515,TARIHI,山形県,2452,EBI8LA,山形県,0,,-
Pinky Crush,Without Heaven,0,,-,1122,TENKA,山形県,1982,TARIHI,山形県,3314,MIST*,山形県,0,,-
Pinky Crush,XHRONOXAPSULΞ,0,,-,927,MOMO,山形県,2245,328,山形県,3567,EBI8LA,山形県,0,,-
Pinky Crush,えだまめカレークッキング,374,NORA96,山形県,683,ZZ1337,山形県,1208,CROIT,山形県,2185,EBI8LA,山形県,0,,-
Pinky Crush,きみのせかい,0,,-,634,COCOA,山形県,1581,AGETO4,山形県,2833,EBI8LA,山形県,0,,-
Pinky Crush,きゅうくらりん,377,MIZ*RW,山形県,816,8NDL,山形県,1682,EBICH.,山形県,2367,EBICH.,山形県,0,,-
Pinky Crush,アラビアン ハイパー ナイト,0,,-,1023,YUCKY,山形県,1860,328,山形県,3081,3Y2S,山形県,0,,-
Pinky Crush,イガク,225,CHIMIM,山形県,786,NYA-,山形県,1399,CROIT,山形県,2026,MIST*,山形県,3001,EBI8LA,山形県
Pinky Crush,エクスプロウル,0,,-,911,PEN9LA,山形県,1592,N-PSTL,山形県,2397,EBI8LA,山形県,0,,-
Pinky Crush,オッドラヴィ,212,UOXOU?,山形県,971,Y4CH!,山形県,1701,ILLION,山形県,2456,MIST*,山形県,0,,-
Pinky Crush,オブソミート,209,ZZ1337,山形県,820,MICKY,山形県,1386,CENT-R,山形県,2353,EBICH.,山形県,0,,-
Pinky Crush,キスキツネ,190,2RUOKA,山形県,851,RAUM-R,山形県,1410,ILLION,山形県,2364,EBI8LA,山形県,0,,-
Pinky Crush,ギャ・ギャ・ギャ・ギャラクシー！,0,,-,842,MICKY,山形県,1604,JIP,山形県,2381,EBI8LA,山形県,0,,-
Pinky Crush,ゲシュタルト,312,MSMN,山形県,806,ZZ1337,山形県,1491,LITTLE,山形県,2461,EBI8LA,山形県,3310,EBI8LA,山形県
Pinky Crush,スキッテイエェエエェ!!!!,0,,-,1455,AGETO4,山形県,2510,EBICH.,山形県,4077,EBI8LA,山形県,0,,-
Pinky Crush,スパークリング☆彡ハイパーチューン！！,0,,-,1464,DONUTS,山形県,2100,DONUTS,山形県,3604,EBI8LA,山形県,0,,-
Pinky Crush,ドリムチウ,0,,-,798,YUCKY,山形県,1479,COMET*,山形県,2528,EBICH.,山形県,0,,-
Pinky Crush,ドーナツホール 2024,304,M.HERO,山形県,934,&CAKE!,山形県,1519,CONCHA,山形県,2345,3Y2S,山形県,0,,-
Pinky Crush,ハオ,273,IIDX33,山形県,751,YUCKY,山形県,1655,PAURO,山形県,2860,EBI8LA,山形県,0,,-
Pinky Crush,ハルイロメロディー,0,,-,543,COCOA,山形県,1364,SGL,山形県,2206,3Y2S,山形県,0,,-
Pinky Crush,ビビデバ,245,ZZ1337,山形県,729,ARUBA,山形県,1256,COMET*,山形県,2006,3Y2S,山形県,0,,-
Pinky Crush,ファイナルレター,0,,-,761,TENKA,山形県,1851,1KISG1,山形県,2592,EBI8LA,山形県,0,,-
Pinky Crush,メズマライザー,512,RI9TON,山形県,1107,2RUOKA,山形県,1682,C.ANON,山形県,2728,EBI8LA,山形県,0,,-
Pinky Crush,ロマンシングエスケープ,0,,-,405,PAURO,山形県,1056,COMET*,山形県,1791,EBICH.,山形県,0,,-
Pinky Crush,天使のカンタータ -Cantata of Angels-,0,,-,1147,BIG,山形県,2022,ANI,山形県,3978,EBI8LA,山形県,0,,-
Pinky Crush,弾幕信仰,0,,-,935,TOMO,山形県,1533,LIGETY,山形県,2489,EBI8LA,山形県,0,,-
Pinky Crush,我ら完全無敵のアイドル!!,141,MK.2K3,山形県,888,KANTA,山形県,1546,C.ANON,山形県,2509,1KISG1,山形県,0,,-
Pinky Crush,断罪の一花,0,,-,639,KANTA,山形県,1346,MINAGI,山形県,2517,3Y2S,山形県,0,,-
Pinky Crush,最強頂戴girl,0,,-,461,SLAP!?,山形県,1471,DONUTS,山形県,2134,1KISG1,山形県,0,,-
Pinky Crush,朱と碧のランページ,0,,-,952,BIG,山形県,1602,AGETO4,山形県,2514,3Y2S,山形県,0,,-
Pinky Crush,消極的セツナイズム,0,,-,0,,-,1410,GANO3,山形県,2193,AMGS,山形県,0,,-
Pinky Crush,灼熱 Lost Summer Dayz,0,,-,879,IROHA,山形県,1869,EBI8LA,山形県,2734,EBI8LA,山形県,0,,-
Pinky Crush,無双,0,,-,831,RITO,山形県,1826,82KEY,山形県,3276,EBI8LA,山形県,0,,-
Pinky Crush,爆ぜりゃんせ,0,,-,884,TOMO,山形県,1734,AGETO4,山形県,2906,EBI8LA,山形県,0,,-
Pinky Crush,覚悟せよ！エンタンメ～ン ～より身の切り売り自暴自棄版～,0,,-,936,MICKY,山形県,1782,ZERO-D,山形県,2740,EBI8LA,山形県,0,,-
Pinky Crush,進捗ダメダメです,249,TOMO,山形県,660,KANTA,山形県,1469,CROIT,山形県,2212,EBI8LA,山形県,0,,-
Pinky Crush,飴玉,0,,-,436,IIDX33,山形県,677,ALB*7S,山形県,1238,NARA,山形県,0,,-
Pinky Crush,ＰＡＳＴＥＬＩＳＭ,0,,-,950,AGETO4,山形県,1486,AGETO4,山形県,2051,&#9787,山形県,0,,-
Sparkle Shower,2 Be Continued,0,,-,1027,TANQUE,山形県,1993,EBI8LA,山形県,3555,EBI8LA,山形県,0,,-
Sparkle Shower,A Certified Rave Moment,0,,-,983,PEN9LA,山形県,1772,EBI8LA,山形県,2726,EBI8LA,山形県,0,,-
Sparkle Shower,ACID VISION,0,,-,1074,N-PSTL,山形県,1524,MANO38,山形県,1824,EBI8LA,山形県,0,,-
Sparkle Shower,AGETEKE ONDO,0,,-,953,MAGURO,山形県,1633,EBI8LA,山形県,2583,EBI8LA,山形県,0,,-
Sparkle Shower,Amor∞Fati,0,,-,1196,N-PSTL,山形県,2420,MIST*,山形県,3923,EBI8LA,山形県,0,,-
Sparkle Shower,Any％,0,,-,1173,N-PSTL,山形県,2054,328,山形県,3507,EBI8LA,山形県,0,,-
Sparkle Shower,Astra Blaze,0,,-,1149,N-PSTL,山形県,2280,EBI8LA,山形県,3338,EBI8LA,山形県,0,,-
Sparkle Shower,Bang Bang Dance,0,,-,785,MAGURO,山形県,1753,EBI8LA,山形県,2768,EBI8LA,山形県,0,,-
Sparkle Shower,BattleRoyal,0,,-,1099,N-PSTL,山形県,1682,JIP,山形県,2531,EBI8LA,山形県,0,,-
Sparkle Shower,Begin,0,,-,993,N-PSTL,山形県,2031,EBI8LA,山形県,3185,EBI8LA,山形県,0,,-
Sparkle Shower,BitRacer,0,,-,1064,N-PSTL,山形県,2031,MIST*,山形県,3376,EBI8LA,山形県,0,,-
Sparkle Shower,Bloom,0,,-,664,MAGURO,山形県,1157,ANI,山形県,1821,EBI8LA,山形県,0,,-
Sparkle Shower,blue anthem,0,,-,1162,N-PSTL,山形県,1611,328,山形県,2905,EBI8LA,山形県,0,,-
Sparkle Shower,Caramel Pain,222,Y4CH!,山形県,631,MAGURO,山形県,1034,EBI8LA,山形県,1655,EBI8LA,山形県,0,,-
Sparkle Shower,Catch ya Getcha!,0,,-,995,MAGURO,山形県,2003,EBI8LA,山形県,2871,EBI8LA,山形県,0,,-
Sparkle Shower,chaplet -IIDX re:build-,0,,-,1013,N-PSTL,山形県,1956,EBI8LA,山形県,2800,EBI8LA,山形県,0,,-
Sparkle Shower,COLOR BURST,199,MAGURO,山形県,756,MAGURO,山形県,1348,MAGURO,山形県,2188,EBI8LA,山形県,0,,-
Sparkle Shower,Countdown to Heaven or Hell,0,,-,1146,MAGURO,山形県,2028,EBI8LA,山形県,3027,EBI8LA,山形県,0,,-
Sparkle Shower,D.K.N. ON,0,,-,1021,N-PSTL,山形県,1859,HARU*,山形県,2662,EBI8LA,山形県,0,,-
Sparkle Shower,Digitized Ocean,0,,-,1164,N-PSTL,山形県,1972,MIST*,山形県,3403,EBI8LA,山形県,0,,-
Sparkle Shower,Disco Killer Music Lover,0,,-,1052,96SK*,山形県,1821,EBI8LA,山形県,3010,EBI8LA,山形県,0,,-
Sparkle Shower,Dolphin Kick,0,,-,1492,N-PSTL,山形県,2177,MIST*,山形県,3505,EBI8LA,山形県,0,,-
Sparkle Shower,Dusk Endir,0,,-,1024,N-PSTL,山形県,2231,MIST*,山形県,3248,EBI8LA,山形県,0,,-
Sparkle Shower,ESPRIT ONE,0,,-,1255,N-PSTL,山形県,1742,MAGURO,山形県,2921,EBI8LA,山形県,0,,-
Sparkle Shower,Ex-Otogibanashi,159,MAGURO,山形県,443,N-PSTL,山形県,959,N-PSTL,山形県,1578,EBI8LA,山形県,0,,-
Sparkle Shower,Fashion Fruit,0,,-,1014,MAGURO,山形県,1958,EBI8LA,山形県,3015,EBI8LA,山形県,0,,-
Sparkle Shower,fixer,0,,-,652,MICKY,山形県,1815,EBI8LA,山形県,3359,EBI8LA,山形県,0,,-
Sparkle Shower,FIZZY FIZZY POP,0,,-,841,EBICH.,山形県,1554,EBICH.,山形県,2238,EBI8LA,山形県,0,,-
Sparkle Shower,FiZZλ_POT!0N,0,,-,1387,N-PSTL,山形県,2092,EBI8LA,山形県,3316,EBI8LA,山形県,0,,-
Sparkle Shower,From Human Blood,0,,-,1162,MACON.,山形県,2099,EBI8LA,山形県,3567,EBI8LA,山形県,0,,-
Sparkle Shower,Funky Quirky,0,,-,911,N-PSTL,山形県,1824,SGL,山形県,2581,EBI8LA,山形県,0,,-
Sparkle Shower,Get Into The Groove feat.WaMi,0,,-,975,N-PSTL,山形県,1350,ZECR0M,山形県,2269,EBI8LA,山形県,0,,-
Sparkle Shower,Gimme a Big Beat(青龍 Remix),0,,-,1247,N-PSTL,山形県,2252,MIST*,山形県,3057,EBI8LA,山形県,0,,-
Sparkle Shower,GO!,0,,-,864,N-PSTL,山形県,1717,MAGURO,山形県,3036,EBI8LA,山形県,0,,-
Sparkle Shower,GOLD RUSH 2025,0,,-,830,N-PSTL,山形県,1594,EBI8LA,山形県,2716,EBI8LA,山形県,0,,-
Sparkle Shower,Hallucination,0,,-,1022,N-PSTL,山形県,1888,EBI8LA,山形県,2691,EBI8LA,山形県,0,,-
Sparkle Shower,HEROES,0,,-,1323,MAGURO,山形県,2145,MIST*,山形県,3319,EBI8LA,山形県,0,,-
Sparkle Shower,HORIZON BEATZ,0,,-,749,MAGURO,山形県,1626,MAGURO,山形県,2549,EBI8LA,山形県,0,,-
Sparkle Shower,HyperTwist,0,,-,1266,N-PSTL,山形県,2225,EBI8LA,山形県,3253,EBI8LA,山形県,0,,-
Sparkle Shower,Ignited Night,0,,-,1070,N-PSTL,山形県,1508,DEMI,山形県,2366,EBI8LA,山形県,0,,-
Sparkle Shower,Iridescent Memories,0,,-,1498,N-PSTL,山形県,2154,EBI8LA,山形県,3780,EBI8LA,山形県,0,,-
Sparkle Shower,JUST SYNC ft.Kanae Asaba,0,,-,716,MICKY,山形県,1288,EBI8LA,山形県,2020,EBI8LA,山形県,0,,-
Sparkle Shower,Kick The Rainbow,0,,-,1141,N-PSTL,山形県,1906,MAGURO,山形県,2908,EBI8LA,山形県,0,,-
Sparkle Shower,King of Tribe,0,,-,1101,N-PSTL,山形県,2040,EBI8LA,山形県,3057,EBI8LA,山形県,0,,-
Sparkle Shower,kors k's Let's make an Image Song!,0,,-,953,N-PSTL,山形県,1846,MIST*,山形県,2726,EBI8LA,山形県,0,,-
Sparkle Shower,Last Card,0,,-,1031,N-PSTL,山形県,1790,JIP,山形県,3035,EBI8LA,山形県,0,,-
Sparkle Shower,LEMON MELON COOKIE,361,MAGURO,山形県,811,DONUTS,山形県,1553,EBI8LA,山形県,2249,EBI8LA,山形県,0,,-
Sparkle Shower,Limelight,0,,-,1093,MAGURO,山形県,1811,MAGURO,山形県,2955,EBI8LA,山形県,0,,-
Sparkle Shower,Lisa-RICCIA,504,BIG,山形県,1219,MIST*,山形県,2230,EBI8LA,山形県,3289,EBI8LA,山形県,4358,EBI8LA,山形県
Sparkle Shower,Makin' It,0,,-,1009,N-PSTL,山形県,1625,3Y2S,山形県,2689,EBI8LA,山形県,0,,-
Sparkle Shower,Memoria Obscura,0,,-,933,ARUBA,山形県,2196,EBI8LA,山形県,4009,EBI8LA,山形県,0,,-
Sparkle Shower,Meteor☆Shower,0,,-,963,N-PSTL,山形県,2087,EBI8LA,山形県,2904,EBI8LA,山形県,0,,-
Sparkle Shower,Mighty Beat Monsterz,0,,-,1211,N-PSTL,山形県,1893,MIST*,山形県,3132,EBI8LA,山形県,0,,-
Sparkle Shower,MOCHIMOCHI DREAMIN!!,0,,-,1096,MAGURO,山形県,1858,EBI8LA,山形県,3001,EBI8LA,山形県,0,,-
Sparkle Shower,Nemophila,0,,-,1029,MAGURO,山形県,1816,EBI8LA,山形県,2677,EBI8LA,山形県,0,,-
Sparkle Shower,Nyan Nyan University,0,,-,891,MAGURO,山形県,1616,EBI8LA,山形県,2557,EBI8LA,山形県,0,,-
Sparkle Shower,OMEGA,0,,-,1064,N-PSTL,山形県,2119,MIST*,山形県,3247,EBI8LA,山形県,0,,-
Sparkle Shower,PALETTE,349,MAGURO,山形県,856,96SK*,山形県,1457,EBI8LA,山形県,2054,EBI8LA,山形県,0,,-
Sparkle Shower,PERFECT GREAT!!,0,,-,1250,N-PSTL,山形県,2339,328,山形県,3743,EBI8LA,山形県,0,,-
Sparkle Shower,pique,0,,-,1099,N-PSTL,山形県,1967,328,山形県,3018,EBI8LA,山形県,0,,-
Sparkle Shower,RALLY '25,0,,-,1145,CROIT,山形県,2163,EBI8LA,山形県,3176,EBI8LA,山形県,0,,-
Sparkle Shower,REcorrection,0,,-,583,EBICH.,山形県,1075,EBICH.,山形県,1599,EBI8LA,山形県,0,,-
Sparkle Shower,Regina vespaE,0,,-,1168,MAGURO,山形県,2232,EBI8LA,山形県,3567,EBI8LA,山形県,0,,-
Sparkle Shower,RIZING-GAMERS.,0,,-,1022,N-PSTL,山形県,2298,EBI8LA,山形県,3300,EBI8LA,山形県,0,,-
Sparkle Shower,RUINA,0,,-,919,N-PSTL,山形県,1728,MIST*,山形県,2706,EBI8LA,山形県,0,,-
Sparkle Shower,Second Heaven(Mamonis Remix),0,,-,907,N-PSTL,山形県,1632,MIST*,山形県,2495,EBI8LA,山形県,0,,-
Sparkle Shower,SHINING☆DANCE,0,,-,871,S.SZKA,山形県,1565,EBI8LA,山形県,2470,EBI8LA,山形県,0,,-
Sparkle Shower,Shooting Star,229,MAGURO,山形県,813,MAGURO,山形県,1512,EBI8LA,山形県,2442,EBI8LA,山形県,0,,-
Sparkle Shower,Show Time,0,,-,835,328,山形県,1370,SGL,山形県,2034,EBI8LA,山形県,0,,-
Sparkle Shower,Signs and Wonders,0,,-,658,N-PSTL,山形県,1012,ANI,山形県,1592,EBI8LA,山形県,0,,-
Sparkle Shower,SILKY BRAVE,0,,-,903,N-PSTL,山形県,1508,ANI,山形県,2376,EBI8LA,山形県,0,,-
Sparkle Shower,Skywalking,0,,-,880,PEN9LA,山形県,1424,ANI,山形県,2319,EBI8LA,山形県,0,,-
Sparkle Shower,Smintheus,0,,-,1298,N-PSTL,山形県,2168,328,山形県,3419,EBI8LA,山形県,0,,-
Sparkle Shower,SnapSkipSpark,0,,-,1039,96SK*,山形県,1914,EBI8LA,山形県,2907,EBI8LA,山形県,0,,-
Sparkle Shower,Space Battleship S4TO,0,,-,1265,CROIT,山形県,2256,EBI8LA,山形県,3703,EBI8LA,山形県,0,,-
Sparkle Shower,SPLASH!!!!!!!!!,0,,-,887,MAGURO,山形県,1509,EBI8LA,山形県,2278,EBI8LA,山形県,0,,-
Sparkle Shower,Substance,0,,-,1145,MAGURO,山形県,1730,EBI8LA,山形県,3046,EBI8LA,山形県,0,,-
Sparkle Shower,super double play sessions,0,,-,1395,EBICH.,山形県,2304,MIST*,山形県,4049,EBI8LA,山形県,0,,-
Sparkle Shower,THUNDERSTRIKE,0,,-,1246,N-PSTL,山形県,2000,MIST*,山形県,3389,EBI8LA,山形県,0,,-
Sparkle Shower,TOKAKU=ALMiRAJ,0,,-,889,N-PSTL,山形県,1897,JIP,山形県,2796,EBI8LA,山形県,0,,-
Sparkle Shower,UNDO THE NIGHT,0,,-,1010,N-PSTL,山形県,2066,EBI8LA,山形県,3374,EBI8LA,山形県,0,,-
Sparkle Shower,Vitamin,0,,-,1128,N-PSTL,山形県,1793,EBI8LA,山形県,2633,EBI8LA,山形県,0,,-
Sparkle Shower,voice of echo.,0,,-,1068,N-PSTL,山形県,1823,EBI8LA,山形県,2696,EBI8LA,山形県,0,,-
Sparkle Shower,Watermelon Explosion,0,,-,752,N-PSTL,山形県,1383,EBI8LA,山形県,2012,EBI8LA,山形県,0,,-
Sparkle Shower,Wizards!,0,,-,784,N-PSTL,山形県,1530,ANI,山形県,2281,EBI8LA,山形県,0,,-
Sparkle Shower,X-Plan,0,,-,711,N-PSTL,山形県,1324,HARU*,山形県,2191,EBI8LA,山形県,0,,-
Sparkle Shower,[E],0,,-,1483,N-PSTL,山形県,2209,MIST*,山形県,3397,EBI8LA,山形県,0,,-
Sparkle Shower,Τeλοs,0,,-,1045,N-PSTL,山形県,1687,MAGURO,山形県,2593,EBI8LA,山形県,0,,-
Sparkle Shower,ιgniЯRuina,0,,-,1319,96SK*,山形県,2172,EBI8LA,山形県,3448,EBI8LA,山形県,0,,-
Sparkle Shower,⁽⁽ଘ( ˙꒳˙ )ଓ⁾⁾ beyond reason,0,,-,1209,N-PSTL,山形県,2144,EBI8LA,山形県,3641,EBI8LA,山形県,0,,-
Sparkle Shower,かわいいだけじゃだめですか？,216,MAGURO,山形県,892,RMZN,山形県,1597,EBI8LA,山形県,2129,EBI8LA,山形県,3456,EBI8LA,山形県
Sparkle Shower,じぇりー じゅえる ジャングル,0,,-,1200,N-PSTL,山形県,1886,MAGURO,山形県,3250,EBI8LA,山形県,0,,-
Sparkle Shower,それが、ボクの使命～レスキュー隊長 メンキュー～,0,,-,707,RMZN,山形県,1578,EBI8LA,山形県,2169,EBI8LA,山形県,0,,-
Sparkle Shower,でんぱ どりる わんにゃー☆三,285,MAGURO,山形県,1194,DONUTS,山形県,2270,EBI8LA,山形県,3314,EBI8LA,山形県,0,,-
Sparkle Shower,もんめためたもん,215,MAGURO,山形県,822,BIG,山形県,1419,EBI8LA,山形県,2246,EBI8LA,山形県,0,,-
Sparkle Shower,オーバーライド,472,MAGURO,山形県,1179,AAAAAA,山形県,1803,HIFU.S,山形県,3174,EBI8LA,山形県,0,,-
Sparkle Shower,キミとえがくキセキ,0,,-,896,COMET*,山形県,1478,ANI,山形県,2243,EBI8LA,山形県,0,,-
Sparkle Shower,クレッシェンド,0,,-,1185,TANQUE,山形県,1889,EBI8LA,山形県,3257,EBI8LA,山形県,0,,-
Sparkle Shower,サタデーナイト☆ギャロップ,0,,-,1270,N-PSTL,山形県,1851,MIST*,山形県,3936,EBI8LA,山形県,0,,-
Sparkle Shower,タンポポ,0,,-,1239,N-PSTL,山形県,1823,RAUM,山形県,2658,EBI8LA,山形県,0,,-
Sparkle Shower,デラむぅのでらっくす☆どり～むぅ,0,,-,780,PAURO,山形県,1329,EBI8LA,山形県,1969,EBI8LA,山形県,0,,-
Sparkle Shower,バブリン,258,MAGURO,山形県,1145,MAETA3,山形県,1727,EBI8LA,山形県,2418,EBI8LA,山形県,0,,-
Sparkle Shower,ビビッド ☆+*。キラキライム,544,DONUTS,山形県,1201,DONUTS,山形県,2111,EBI8LA,山形県,3684,EBI8LA,山形県,0,,-
Sparkle Shower,ベラ・ベ・カラベラ,0,,-,970,MACON.,山形県,1722,EBI8LA,山形県,2735,EBI8LA,山形県,0,,-
Sparkle Shower,ベンガル vs. アムール Battle,0,,-,1237,N-PSTL,山形県,2087,EBI8LA,山形県,3649,EBI8LA,山形県,0,,-
Sparkle Shower,メテオラ-meteor-,0,,-,1025,N-PSTL,山形県,1770,JIP,山形県,2447,EBI8LA,山形県,0,,-
Sparkle Shower,メルト CPK! Remix (初音ミク ver.),441,MAGURO,山形県,839,MAGURO,山形県,1589,ANI,山形県,2821,EBI8LA,山形県,0,,-
Sparkle Shower,ラブコメトキドキシリアス,0,,-,1264,DONUTS,山形県,2040,EBI8LA,山形県,3593,EBI8LA,山形県,0,,-
Sparkle Shower,レシピのリドル,0,,-,626,N-PSTL,山形県,1375,EBICH.,山形県,2327,EBI8LA,山形県,0,,-
Sparkle Shower,三日天下モンキー,0,,-,726,N-PSTL,山形県,1230,MAGURO,山形県,1753,EBI8LA,山形県,0,,-
Sparkle Shower,不死身ごっこ,261,MAGURO,山形県,903,MAGURO,山形県,1416,ANI,山形県,2530,EBI8LA,山形県,0,,-
Sparkle Shower,夏色のセレナーデ,0,,-,854,MAGURO,山形県,1344,EBI8LA,山形県,2238,EBI8LA,山形県,0,,-
Sparkle Shower,夢色ワンダー,514,MAGURO,山形県,1462,N-PSTL,山形県,2106,MAGURO,山形県,3174,EBI8LA,山形県,0,,-
Sparkle Shower,好吃来世deエレクトリック,0,,-,810,N-PSTL,山形県,1342,ILLION,山形県,1897,EBI8LA,山形県,0,,-
Sparkle Shower,恋愛観測,0,,-,684,MAGURO,山形県,1424,MAGURO,山形県,2472,EBI8LA,山形県,0,,-
Sparkle Shower,断罪のミメシス,0,,-,1348,N-PSTL,山形県,2070,HIFU.S,山形県,3216,EBI8LA,山形県,0,,-
Sparkle Shower,月下繚乱,0,,-,868,BIG,山形県,1752,EBI8LA,山形県,2760,EBI8LA,山形県,0,,-
Sparkle Shower,煉獄コンフィチュール,0,,-,941,ARUBA,山形県,1890,EBI8LA,山形県,2653,EBI8LA,山形県,0,,-
Sparkle Shower,百恋ラブラスター,0,,-,704,MAGURO,山形県,1615,EBI8LA,山形県,2624,EBI8LA,山形県,0,,-
Sparkle Shower,色を喪った街,0,,-,1250,N-PSTL,山形県,2429,EBI8LA,山形県,3640,EBI8LA,山形県,0,,-
Sparkle Shower,華麗なる！音戯探偵ひなビタ,0,,-,673,N-PSTL,山形県,1294,MAGURO,山形県,2282,EBI8LA,山形県,0,,-
Sparkle Shower,鏡像都市,0,,-,825,MAGURO,山形県,1398,EBI8LA,山形県,1968,EBI8LA,山形県,0,,-
Sparkle Shower,閃と雷管とロープ,0,,-,873,MAGURO,山形県,1423,EBI8LA,山形県,2558,EBI8LA,山形県,0,,-
