バージョン,タイトル,BEGINNER EXスコア,BEGINNER DJName,BEGINNER 都道府県,NORMAL EXスコア,NORMAL DJName,NORMAL 都道府県,HYPER EXスコア,HYPER DJName,HYPER 都道府県,ANOTHER EXスコア,ANOTHER DJName,ANOTHER 都道府県,LEGGENDARIA EXスコア,LEGGENDARIA DJName,LEGGENDARIA 都道府県
1st&substream,22DUNK,0,,-,527,S.TART,神奈川県,642,GYAO-!,神奈川県,658,CYBERX,神奈川県,0,,-
1st&substream,5.1.1.,0,,-,198,7KATA2,神奈川県,1003,Y05H!E,神奈川県,1570,WELLOW,神奈川県,0,,-
1st&substream,deep in you,0,,-,493,K-SUKE,神奈川県,492,KUMAPO,神奈川県,666,CYBERX,神奈川県,0,,-
1st&substream,Dr.LOVE,0,,-,398,ILOHA*,神奈川県,522,16GO!?,神奈川県,580,IGW.,神奈川県,0,,-
1st&substream,GAMBOL,0,,-,273,BON*,神奈川県,274,OSUSHI,神奈川県,0,,-,0,,-
1st&substream,GENOM SCREAMS,0,,-,422,TART,神奈川県,812,04,神奈川県,1071,CYBERX,神奈川県,0,,-
1st&substream,gentle stress,0,,-,340,SQUALO,神奈川県,675,SQUALO,神奈川県,1454,CYBERX,神奈川県,0,,-
1st&substream,GRADIUSIC CYBER,0,,-,873,S.TART,神奈川県,999,04,神奈川県,1212,CYBERX,神奈川県,0,,-
1st&substream,KEEP ON MOVIN',0,,-,195,7KATA2,神奈川県,244,16GO!?,神奈川県,0,,-,0,,-
1st&substream,Macho Gang,0,,-,382,16GO!?,神奈川県,1082,04,神奈川県,1653,CYBERX,神奈川県,0,,-
1st&substream,PARANOIA MAX～DIRTY MIX～,0,,-,543,NAKAM,神奈川県,744,04,神奈川県,1121,CYBERX,神奈川県,0,,-
1st&substream,R3,0,,-,637,UTKR,神奈川県,724,ZUU,神奈川県,908,CYBERX,神奈川県,0,,-
1st&substream,RUGGED ASH,0,,-,362,ILOHA*,神奈川県,402,16GO!?,神奈川県,1097,CYBERX,神奈川県,2049,KANON,神奈川県
1st&substream,THE EARTH LIGHT,0,,-,769,ILOHA*,神奈川県,1043,04,神奈川県,1160,CYBERX,神奈川県,0,,-
2nd style,.59,0,,-,718,STEEL*,神奈川県,1000,04,神奈川県,1163,CYBERX,神奈川県,0,,-
2nd style,Digital MinD(A/T Libra mix),0,,-,739,S.TART,神奈川県,1052,04,神奈川県,1139,IGW.,神奈川県,0,,-
2nd style,Electro Tuned(the SubS mix),0,,-,751,ILOHA*,神奈川県,943,04,神奈川県,1073,CYBERX,神奈川県,0,,-
2nd style,I Was The One,0,,-,541,S.TART,神奈川県,644,CRANKY,神奈川県,693,8NE877,神奈川県,0,,-
2nd style,Indigo Vision(full flavour hide around mix),0,,-,872,S.TART,神奈川県,1015,NAKAM,神奈川県,1229,CYBERX,神奈川県,0,,-
2nd style,PUT YOUR FAITH IN ME(for beatmania II),0,,-,577,S.TART,神奈川県,866,8NE877,神奈川県,0,,-,0,,-
2nd style,SP-TRIP MACHINE(for beatmania II),0,,-,499,ILOHA*,神奈川県,602,MISO,神奈川県,648,CYBERX,神奈川県,0,,-
3rd style,CAN'T STOP FALLIN'IN LOVE,0,,-,620,TART,神奈川県,1259,STYU--,神奈川県,0,,-,0,,-
3rd style,Don't Stop!,0,,-,778,TART,神奈川県,839,K-SUKE,神奈川県,906,IGW.,神奈川県,0,,-
3rd style,era (nostalmix),0,,-,853,04,神奈川県,1095,AZ,神奈川県,1562,CYBERX,神奈川県,0,,-
3rd style,Holic,0,,-,774,04,神奈川県,1234,STEEL*,神奈川県,1743,CYBERX,神奈川県,0,,-
3rd style,LEADING CYBER,0,,-,828,ILOHA*,神奈川県,1204,C9,神奈川県,1286,CYBERX,神奈川県,0,,-
3rd style,Presto,0,,-,541,S.TART,神奈川県,965,16GO!?,神奈川県,1013,CYBERX,神奈川県,0,,-
3rd style,R5,0,,-,774,TART,神奈川県,1157,SQUALO,神奈川県,1770,CYBERX,神奈川県,0,,-
3rd style,REINCARNATION,0,,-,828,K-SUKE,神奈川県,1037,IGW.,神奈川県,1282,CYBERX,神奈川県,0,,-
3rd style,Schlagwerk,0,,-,802,ILOHA*,神奈川県,1305,04,神奈川県,1693,CYBERX,神奈川県,0,,-
3rd style,Skyscraper,0,,-,735,S.TART,神奈川県,1148,TAKA83,神奈川県,1255,IGW.,神奈川県,0,,-
3rd style,Tangerine Stream,0,,-,279,7KATA2,神奈川県,396,OSUSHI,神奈川県,0,,-,0,,-
3rd style,THE SAFARI,353,DSECY*,神奈川県,1226,04,神奈川県,1776,WELLOW,神奈川県,0,,-,0,,-
4th style,250bpm,0,,-,702,S.TART,神奈川県,984,FIGALO,神奈川県,1442,IGW.,神奈川県,0,,-
4th style,ABSOLUTE,0,,-,1321,04,神奈川県,1795,CRANKY,神奈川県,2417,MIFFY*,神奈川県,2795,WELLOW,神奈川県
4th style,B4U,0,,-,1072,16GO!?,神奈川県,1521,CRANKY,神奈川県,2023,CYBERX,神奈川県,0,,-
4th style,Broken My Heart,0,,-,919,ILOHA*,神奈川県,1486,04,神奈川県,1819,CYBERX,神奈川県,0,,-
4th style,Burnin' The Floor,0,,-,575,ILOHA*,神奈川県,955,16GO!?,神奈川県,1442,CYBERX,神奈川県,0,,-
4th style,CHECKING YOU OUT,0,,-,631,SQUALO,神奈川県,886,MA2DAI,神奈川県,1378,WELLOW,神奈川県,0,,-
4th style,Clione,0,,-,521,WELLOW,神奈川県,949,16GO!?,神奈川県,1619,CYBERX,神奈川県,2189,KANON,神奈川県
4th style,DXY!,0,,-,1293,WELLOW,神奈川県,1776,HARUTO,神奈川県,2279,CYBERX,神奈川県,0,,-
4th style,empathy,0,,-,826,04,神奈川県,1313,PERO,神奈川県,1481,CYBERX,神奈川県,0,,-
4th style,era (step mix),0,,-,1099,AGYPO3,神奈川県,1436,IGW.,神奈川県,1734,IGW.,神奈川県,0,,-
4th style,FLOWERS for ALBION,0,,-,231,ILOHA*,神奈川県,442,MIFFY*,神奈川県,0,,-,0,,-
4th style,HIGHER,0,,-,540,TART,神奈川県,924,16GO!?,神奈川県,1282,IGW.,神奈川県,0,,-
4th style,Hitch Hiker2,0,,-,812,ILOHA*,神奈川県,1208,04,神奈川県,1327,CYBERX,神奈川県,1946,CYBERX,神奈川県
4th style,Jam&Marmalade,0,,-,745,ILOHA*,神奈川県,891,04,神奈川県,1020,CYBERX,神奈川県,0,,-
4th style,KAMIKAZE,0,,-,1002,SQUALO,神奈川県,1472,04,神奈川県,2307,IGW.,神奈川県,0,,-
4th style,LOVE WILL・・・,0,,-,558,TART,神奈川県,753,OSUSHI,神奈川県,1464,CYBERX,神奈川県,0,,-
4th style,minimalian,0,,-,518,ILOHA*,神奈川県,1061,SUNJIN,神奈川県,1410,CYBERX,神奈川県,0,,-
4th style,Mr.T.(take me higher),0,,-,853,16GO!?,神奈川県,1019,16GO!?,神奈川県,1773,MIFFY*,神奈川県,0,,-
4th style,starmine,409,SHUREI,神奈川県,906,S.TART,神奈川県,1385,4SA9RA,神奈川県,1595,CYBERX,神奈川県,0,,-
4th style,SWEET LAB,0,,-,544,ILOHA*,神奈川県,952,UTKR,神奈川県,1377,WELLOW,神奈川県,0,,-
4th style,Voltage (feat. Hidemaru),0,,-,934,04,神奈川県,1232,AZ,神奈川県,1336,STYU--,神奈川県,0,,-
5th style,Abyss,0,,-,1255,LEFT,神奈川県,1625,STEEL*,神奈川県,1883,CYBERX,神奈川県,0,,-
5th style,in my eyes,0,,-,964,STEEL*,神奈川県,1466,STEEL*,神奈川県,1592,MIFFY*,神奈川県,0,,-
5th style,LOVE AGAIN TONIGHT～for Mellisa mix～,0,,-,765,S.TART,神奈川県,989,RMRORO,神奈川県,1122,CYBERX,神奈川県,0,,-
5th style,outer wall,0,,-,947,STEEL*,神奈川県,1355,04,神奈川県,1776,CYBERX,神奈川県,0,,-
5th style,QQQ,0,,-,1232,STEEL*,神奈川県,1890,STEEL*,神奈川県,2175,CYBERX,神奈川県,0,,-
5th style,Radical Faith,0,,-,1187,04,神奈川県,1524,IGW.,神奈川県,1314,8NE877,神奈川県,0,,-
5th style,Real,0,,-,1152,IGW.,神奈川県,1636,OSUSHI,神奈川県,1821,CYBERX,神奈川県,0,,-
5th style,Regulus,0,,-,1055,04,神奈川県,1471,ISH*,神奈川県,1735,CYBERX,神奈川県,0,,-
5th style,RIDE ON THE LIGHT (HI GREAT MIX),0,,-,891,LEFT,神奈川県,1092,04,神奈川県,1718,CYBERX,神奈川県,1851,IGW.,神奈川県
5th style,RISLIM,0,,-,926,STEEL*,神奈川県,1238,IGW.,神奈川県,0,,-,0,,-
5th style,sometime,0,,-,770,S.TART,神奈川県,1065,8NE877,神奈川県,1336,CYBERX,神奈川県,0,,-
5th style,Spin the disc,0,,-,809,S.TART,神奈川県,1272,UTKR,神奈川県,1345,CYBERX,神奈川県,0,,-
5th style,STILL IN MY HEART,0,,-,1024,04,神奈川県,1374,8NE877,神奈川県,1934,CYBERX,神奈川県,0,,-
5th style,still my words,0,,-,900,JP$*,神奈川県,1238,8NE877,神奈川県,0,,-,0,,-
5th style,sync,0,,-,1057,AZARA4,神奈川県,1901,4SA9RA,神奈川県,2402,MIFFY*,神奈川県,0,,-
5th style,THE CUBE,0,,-,741,AGYPO3,神奈川県,1277,.SA,神奈川県,1364,MIFFY*,神奈川県,0,,-
5th style,THE SHINING POLARIS,0,,-,964,STEEL*,神奈川県,1321,STEEL*,神奈川県,1593,MIFFY*,神奈川県,0,,-
5th style,V,312,ANGEL,神奈川県,1264,UTKR,神奈川県,2467,AZ,神奈川県,3029,HINO38,神奈川県,0,,-
6th style,"19,November",0,,-,1110,S.TART,神奈川県,1370,TWIST.,神奈川県,1809,CYBERX,神奈川県,0,,-
6th style,BALLAD FOR YOU～想いの雨～,0,,-,594,IGW.,神奈川県,771,16GO!?,神奈川県,1074,CYBERX,神奈川県,0,,-
6th style,Blueberry Stream,0,,-,816,UMA1BO,神奈川県,1491,RMRORO,神奈川県,1665,CYBERX,神奈川県,0,,-
6th style,Buffalo,0,,-,994,AGYPO3,神奈川県,1458,AGYPO3,神奈川県,1839,CYBERX,神奈川県,2528,IGW.,神奈川県
6th style,Colors (radio edit),0,,-,1462,04,神奈川県,1899,4SA9RA,神奈川県,2454,WELLOW,神奈川県,0,,-
6th style,DIVE ～INTO YOUR HEART～,0,,-,1301,16GO!?,神奈川県,1861,PO,神奈川県,2116,CYBERX,神奈川県,0,,-
6th style,fly through the night,0,,-,901,STEEL*,神奈川県,1356,04,神奈川県,1720,CYBERX,神奈川県,0,,-
6th style,Free Style,0,,-,933,16GO!?,神奈川県,1088,04,神奈川県,1315,IGW.,神奈川県,0,,-
6th style,Frozen Ray (original mix),0,,-,1321,04,神奈川県,1751,KAZU34,神奈川県,1802,CYBERX,神奈川県,0,,-
6th style,G2,0,,-,1390,ANIA,神奈川県,1758,BAY.,神奈川県,2350,CYBERX,神奈川県,0,,-
6th style,L'amour et la liberte,0,,-,993,STEEL*,神奈川県,1520,CRANKY,神奈川県,2045,CYBERX,神奈川県,0,,-
6th style,Linus,0,,-,964,04,神奈川県,1516,16GO!?,神奈川県,2204,IGW.,神奈川県,0,,-
6th style,NEMESIS,0,,-,1016,04,神奈川県,1605,BAY.,神奈川県,1913,MIFFY*,神奈川県,0,,-
6th style,rottel-da-sun,0,,-,819,04,神奈川県,1344,AZ,神奈川県,1868,IGW.,神奈川県,0,,-
6th style,route 80s,0,,-,891,04,神奈川県,1158,SQUALO,神奈川県,1530,JD*ONG,神奈川県,0,,-
6th style,SOMETHING WONDERFUL,0,,-,936,STEEL*,神奈川県,1318,CRANKY,神奈川県,2002,MIFFY*,神奈川県,0,,-
6th style,Summer Vacation(CU mix),0,,-,1202,K-SUKE,神奈川県,1872,IEK.S,神奈川県,0,,-,0,,-
6th style,Take It Easy,0,,-,1469,EDF,神奈川県,2358,ZUU,神奈川県,2524,CYBERX,神奈川県,0,,-
6th style,VJ ARMY,0,,-,1283,04,神奈川県,1631,SQUALO,神奈川県,2251,CYBERX,神奈川県,0,,-
6th style,こっちを向いてよ,0,,-,843,04,神奈川県,1295,04,神奈川県,1390,PO,神奈川県,0,,-
7th style,A,0,,-,1309,16GO!?,神奈川県,2152,8NE877,神奈川県,2493,STYU--,神奈川県,0,,-
7th style,AVE DE RAPINA,0,,-,1390,STEEL*,神奈川県,1737,8NE877,神奈川県,1838,CYBERX,神奈川県,0,,-
7th style,Bad Routine,0,,-,1019,AGYPO3,神奈川県,1411,04,神奈川県,1928,WELLOW,神奈川県,0,,-
7th style,Burning Heat! (Full Option Mix),0,,-,716,S.TART,神奈川県,942,UTKR,神奈川県,1504,MIFFY*,神奈川県,0,,-
7th style,Cheer Train,0,,-,750,NADJA,神奈川県,1226,IGW.,神奈川県,1748,CYBERX,神奈川県,0,,-
7th style,D2R,0,,-,971,STEEL*,神奈川県,1324,04,神奈川県,1642,CYBERX,神奈川県,0,,-
7th style,DESTINY,0,,-,1085,STEEL*,神奈川県,1374,04,神奈川県,1849,CYBERX,神奈川県,0,,-
7th style,foreplay,0,,-,661,ILOHA*,神奈川県,1186,WAPPY,神奈川県,1347,CYBERX,神奈川県,0,,-
7th style,Glorious Days,0,,-,503,ILOHA*,神奈川県,810,16GO!?,神奈川県,914,IGW.,神奈川県,0,,-
7th style,Happy Wedding,0,,-,1229,16GO!?,神奈川県,1686,04,神奈川県,1854,8NE877,神奈川県,0,,-
7th style,Last Message,0,,-,994,04,神奈川県,1317,4SA9RA,神奈川県,1630,CYBERX,神奈川県,0,,-
7th style,Let the Snow Paint Me,0,,-,735,NADJA,神奈川県,1059,04,神奈川県,1248,CYBERX,神奈川県,0,,-
7th style,Love Me Do,0,,-,1138,04,神奈川県,1702,8NE877,神奈川県,2116,CYBERX,神奈川県,0,,-
7th style,MAX 300,0,,-,1119,04,神奈川県,1910,SEKI,神奈川県,2826,WELLOW,神奈川県,0,,-
7th style,Somebody Like You,0,,-,717,NADJA,神奈川県,1204,16GO!?,神奈川県,1854,STYU--,神奈川県,0,,-
7th style,Spica,0,,-,645,UTKR,神奈川県,1398,16GO!?,神奈川県,2281,IGW.,神奈川県,0,,-
7th style,stoic,0,,-,1595,TAKA83,神奈川県,2456,IGW.,神奈川県,2572,CYBERX,神奈川県,0,,-
7th style,Tomorrow Perfume,0,,-,1312,04,神奈川県,1830,ALC-P.,神奈川県,2137,CYBERX,神奈川県,0,,-
7th style,traces,0,,-,1537,STEEL*,神奈川県,1935,STEEL*,神奈川県,2158,STYU--,神奈川県,0,,-
7th style,ZERO-ONE,0,,-,1107,STEEL*,神奈川県,1705,STEEL*,神奈川県,2252,CYBERX,神奈川県,2883,CYBERX,神奈川県
7th style,革命,0,,-,770,STEEL*,神奈川県,1922,AGYPO3,神奈川県,2355,MIFFY*,神奈川県,0,,-
8th style,abstract,0,,-,1308,04,神奈川県,1570,HARUTO,神奈川県,1910,CYBERX,神奈川県,0,,-
8th style,airflow,0,,-,584,WELLOW,神奈川県,784,DONA*,神奈川県,1440,CYBERX,神奈川県,0,,-
8th style,ALL RIGHT,0,,-,861,ILOHA*,神奈川県,1266,4SA9RA,神奈川県,1628,IGW.,神奈川県,0,,-
8th style,Attitude,0,,-,968,K-SUKE,神奈川県,1380,CRANKY,神奈川県,1761,CYBERX,神奈川県,0,,-
8th style,bit mania,0,,-,905,S.TART,神奈川県,1266,UTKR,神奈川県,1868,CYBERX,神奈川県,0,,-
8th style,Blame,0,,-,1147,TAQ3,神奈川県,1500,ANIA,神奈川県,1945,STYU--,神奈川県,0,,-
8th style,CELEBRATE NITE,0,,-,919,SQUALO,神奈川県,1140,UTKR,神奈川県,1427,CYBERX,神奈川県,0,,-
8th style,Colors -Y&Co. Eurobeat Remix-,0,,-,1124,VIT,神奈川県,2028,KAZU34,神奈川県,2195,CYBERX,神奈川県,0,,-
8th style,dual control,0,,-,787,S.TART,神奈川県,1466,04,神奈川県,1912,STYU--,神奈川県,0,,-
8th style,Giudecca,0,,-,855,PSYCHO,神奈川県,1845,HARUTO,神奈川県,2703,WELLOW,神奈川県,0,,-
8th style,Halfway of promise,0,,-,936,ILOHA*,神奈川県,1489,AGYPO3,神奈川県,1860,CYBERX,神奈川県,0,,-
8th style,HYPER BOUNDARY GATE,0,,-,1277,04,神奈川県,1906,CRANKY,神奈川県,2224,MIFFY*,神奈川県,0,,-
8th style,LAB,0,,-,1056,04,神奈川県,1942,4SA9RA,神奈川県,2137,CYBERX,神奈川県,2739,CYBERX,神奈川県
8th style,LOVE IS ORANGE,0,,-,772,ILOHA*,神奈川県,1021,KARENA,神奈川県,1802,CYBERX,神奈川県,2110,CYBERX,神奈川県
8th style,Luv 2 Feel Your Body,0,,-,862,AGYPO3,神奈川県,1073,8NE877,神奈川県,1659,IGW.,神奈川県,0,,-
8th style,memories,0,,-,1121,04,神奈川県,1996,4SA9RA,神奈川県,2277,CYBERX,神奈川県,0,,-
8th style,Monkey Dance,0,,-,793,ILOHA*,神奈川県,1335,CRANKY,神奈川県,1992,CYBERX,神奈川県,0,,-
8th style,murmur twins,0,,-,1121,04,神奈川県,1680,8NE877,神奈川県,2401,CYBERX,神奈川県,0,,-
8th style,MUSIC TO YOUR HEAD,0,,-,823,S.TART,神奈川県,1449,04,神奈川県,1691,CYBERX,神奈川県,0,,-
8th style,PLEASE DON'T GO,0,,-,1002,S.TART,神奈川県,1366,WAPPY,神奈川県,2487,WELLOW,神奈川県,0,,-
8th style,rainbow flyer,0,,-,821,S.TART,神奈川県,1620,CRANKY,神奈川県,2144,IGW.,神奈川県,0,,-
8th style,symbolic,0,,-,1445,04,神奈川県,1807,99,神奈川県,2259,CYBERX,神奈川県,0,,-
8th style,thunder,0,,-,1204,STEEL*,神奈川県,1601,STEEL*,神奈川県,1896,MIFFY*,神奈川県,0,,-
8th style,WAR GAME,0,,-,971,K-SUKE,神奈川県,1534,4SA9RA,神奈川県,2153,IGW.,神奈川県,0,,-
8th style,World Wide Love,0,,-,706,TART,神奈川県,1047,OSUSHI,神奈川県,1118,8NE877,神奈川県,0,,-
8th style,xenon,0,,-,1117,04,神奈川県,1695,KAZU34,神奈川県,2749,STYU--,神奈川県,0,,-
8th style,桜,0,,-,1003,SQUALO,神奈川県,1496,ZUU,神奈川県,2199,WELLOW,神奈川県,0,,-
8th style,蒼い衝動,0,,-,926,04,神奈川県,1372,04,神奈川県,1604,CYBERX,神奈川県,0,,-
9th style,Abyss -The Heavens Remix-,563,99,神奈川県,1495,UTKR,神奈川県,1848,DENTAK,神奈川県,2372,STYU--,神奈川県,0,,-
9th style,ACT,0,,-,976,GOGO-T,神奈川県,1669,NOHARA,神奈川県,1868,CYBERX,神奈川県,0,,-
9th style,ADVANCE,0,,-,475,KUN,神奈川県,847,.R,神奈川県,1627,CYBERX,神奈川県,0,,-
9th style,ATOMIC AGE,0,,-,356,ILOHA*,神奈川県,636,HAGANE,神奈川県,1335,8NE877,神奈川県,0,,-
9th style,BAD BOY BASS!! (dj Remo-con MIX),0,,-,926,AGYPO3,神奈川県,1396,AGYPO3,神奈川県,1812,CYBERX,神奈川県,0,,-
9th style,bag,0,,-,929,S.TART,神奈川県,1205,04,神奈川県,1923,STYU--,神奈川県,0,,-
9th style,BRIGHTNESS DARKNESS,0,,-,710,7RUKA3,神奈川県,1460,STEEL*,神奈川県,1774,CYBERX,神奈川県,0,,-
9th style,Cradle,0,,-,919,S.TART,神奈川県,1436,CRANKY,神奈川県,1602,CYBERX,神奈川県,0,,-
9th style,Distress,0,,-,1346,STEEL*,神奈川県,1861,IGW.,神奈川県,0,,-,0,,-
9th style,e-motion 2003  -romantic extra-,0,,-,1320,04,神奈川県,1630,STEEL*,神奈川県,1997,MIFFY*,神奈川県,0,,-
9th style,fun,0,,-,589,UTKR,神奈川県,1083,04,神奈川県,1880,WELLOW,神奈川県,0,,-
9th style,Golden Horn,0,,-,694,ILOHA*,神奈川県,1196,CRANKY,神奈川県,1519,CYBERX,神奈川県,0,,-
9th style,HYPER EUROBEAT (2DX style),0,,-,1099,04,神奈川県,1640,4SA9RA,神奈川県,1975,IEK.S,神奈川県,0,,-
9th style,I Was The One (80's EUROBEAT STYLE),0,,-,781,7RUKA3,神奈川県,1349,04,神奈川県,1453,CYBERX,神奈川県,0,,-
9th style,Karma,0,,-,1324,04,神奈川県,1621,HARUTO,神奈川県,1838,CYBERX,神奈川県,0,,-
9th style,lights,0,,-,689,ILOHA*,神奈川県,1464,04,神奈川県,1805,KANON,神奈川県,0,,-
9th style,Logic Board,0,,-,1023,7KATA2,神奈川県,1794,STEEL*,神奈川県,2341,IGW.,神奈川県,0,,-
9th style,LOVE SHINE,493,PSAPSA,神奈川県,854,04,神奈川県,1827,AZ,神奈川県,2089,CYBERX,神奈川県,0,,-
9th style,lower world,0,,-,1380,UTKR,神奈川県,1899,AGYPO3,神奈川県,2281,IGW.,神奈川県,0,,-
9th style,Make A Difference,0,,-,876,S.TART,神奈川県,1673,STYU--,神奈川県,2270,CYBERX,神奈川県,0,,-
9th style,MARIA (I believe... ),0,,-,743,AGYPO3,神奈川県,1564,HAGANE,神奈川県,1963,CYBERX,神奈川県,0,,-
9th style,moon_child,0,,-,1040,04,神奈川県,1936,JD*ONG,神奈川県,2577,WELLOW,神奈川県,0,,-
9th style,one or eight,0,,-,1370,STEEL*,神奈川県,1852,ZUU,神奈川県,2311,HINO38,神奈川県,0,,-
9th style,PARANOIA survivor MAX,0,,-,937,YUKI.,神奈川県,1316,AZ,神奈川県,2161,STYU--,神奈川県,0,,-
9th style,quasar,0,,-,1178,STEEL*,神奈川県,1774,RMRORO,神奈川県,2318,ZION,神奈川県,0,,-
9th style,Quickening,0,,-,925,04,神奈川県,1674,CRANKY,神奈川県,2111,CYBERX,神奈川県,0,,-
9th style,Really Love,0,,-,661,16GO!?,神奈川県,976,16GO!?,神奈川県,1765,KANON,神奈川県,0,,-
9th style,RISLIM -Remix-,0,,-,780,AGYPO3,神奈川県,981,04,神奈川県,1897,KANON,神奈川県,0,,-
9th style,rottel-the-Mercury,0,,-,1001,04,神奈川県,1883,HARUTO,神奈川県,2272,CYBERX,神奈川県,0,,-
9th style,Silvia Drive,0,,-,776,BKTARO,神奈川県,1526,BAY.,神奈川県,2083,IGW.,神奈川県,0,,-
9th style,SNOW,0,,-,1052,AGYPO3,神奈川県,1394,04,神奈川県,2055,CYBERX,神奈川県,0,,-
9th style,STAR FIELD,0,,-,686,99,神奈川県,1598,STEEL*,神奈川県,1889,CYBERX,神奈川県,0,,-
9th style,Sweet Sweet Magic,0,,-,1005,04,神奈川県,1428,EDF,神奈川県,2058,CYBERX,神奈川県,0,,-
9th style,SWEETEST SAVAGE,0,,-,663,IGW.,神奈川県,1347,UTKR,神奈川県,1842,CYBERX,神奈川県,0,,-
9th style,ライオン好き,0,,-,652,S.TART,神奈川県,1187,UTKR,神奈川県,1510,CYBERX,神奈川県,0,,-
9th style,真夏の花・真夏の夢,0,,-,762,PSAPSA,神奈川県,1168,04,神奈川県,1487,MIFFY*,神奈川県,0,,-
10th style,1st Samurai,0,,-,1077,04,神奈川県,1900,DEN,神奈川県,2716,CYBERX,神奈川県,0,,-
10th style,ALIEN TEMPLE,0,,-,1005,S.TART,神奈川県,1606,CRANKY,神奈川県,2032,CYBERX,神奈川県,0,,-
10th style,ASTRAL VOYAGE,0,,-,947,TOS,神奈川県,1394,UTKR,神奈川県,1931,CYBERX,神奈川県,0,,-
10th style,BABY LOVE,0,,-,1164,MISO,神奈川県,1708,AGYPO3,神奈川県,2171,IGW.,神奈川県,0,,-
10th style,Back Into The Light,0,,-,1180,04,神奈川県,1604,CRANKY,神奈川県,2168,CYBERX,神奈川県,0,,-
10th style,Boundary,0,,-,862,ILOHA*,神奈川県,1809,MARURI,神奈川県,2058,CYBERX,神奈川県,0,,-
10th style,CARRY ON NIGHT (English version),0,,-,968,MISO,神奈川県,1374,04,神奈川県,2066,STYU--,神奈川県,0,,-
10th style,Daisuke,464,DONBEI,神奈川県,1224,STEEL*,神奈川県,1692,STEEL*,神奈川県,2407,CYBERX,神奈川県,0,,-
10th style,Debtty Daddy,0,,-,1059,STEEL*,神奈川県,1907,HARUTO,神奈川県,2724,CYBERX,神奈川県,0,,-
10th style,desolation,0,,-,478,ILOHA*,神奈川県,657,OSUSHI,神奈川県,770,IGW.,神奈川県,0,,-
10th style,DoLL,344,AGYPO3,神奈川県,944,AGYPO3,神奈川県,1240,04,神奈川県,1620,CYBERX,神奈川県,0,,-
10th style,EXE,0,,-,834,ILOHA*,神奈川県,1615,RMRORO,神奈川県,2259,CYBERX,神奈川県,0,,-
10th style,Feedback,0,,-,1043,04,神奈川県,1522,Y0K4,神奈川県,1978,STYU--,神奈川県,0,,-
10th style,FEEL IT,0,,-,922,04,神奈川県,1769,IGW.,神奈川県,2011,CYBERX,神奈川県,0,,-
10th style,Freezing atmosphere,0,,-,766,ILOHA*,神奈川県,1093,16GO!?,神奈川県,1526,STYU--,神奈川県,0,,-
10th style,GHOST REVIVAL,0,,-,926,STEEL*,神奈川県,1998,4SA9RA,神奈川県,2590,CYBERX,神奈川県,0,,-
10th style,GRADIUS -FULL SPEED-,0,,-,714,IGARA4,神奈川県,1253,PO,神奈川県,2130,IGW.,神奈川県,0,,-
10th style,HIGH,0,,-,886,K-SUKE,神奈川県,1898,4SA9RA,神奈川県,2174,CYBERX,神奈川県,2880,WELLOW,神奈川県
10th style,Innocent Walls,0,,-,1542,4SA9RA,神奈川県,2484,WELLOW,神奈川県,2851,HINO38,神奈川県,0,,-
10th style,Love Is Eternity,0,,-,1231,STEEL*,神奈川県,2000,8NE877,神奈川県,2415,CYBERX,神奈川県,0,,-
10th style,Lucy,0,,-,952,MISO,神奈川県,1786,STEEL*,神奈川県,2330,MIFFY*,神奈川県,0,,-
10th style,Narcissus At Oasis,0,,-,767,ILOHA*,神奈川県,1568,ZUU,神奈川県,1674,STYU--,神奈川県,0,,-
10th style,No.13,0,,-,1621,4SA9RA,神奈川県,2656,ZUU,神奈川県,3201,IGW.,神奈川県,0,,-
10th style,One More Lovely,0,,-,867,SEKI,神奈川県,1614,M-SAKU,神奈川県,2867,IGW.,神奈川県,0,,-
10th style,pandora,0,,-,901,RMM,神奈川県,1602,JP$*,神奈川県,1860,CYBERX,神奈川県,0,,-
10th style,rainbow rainbow,0,,-,1572,S.TART,神奈川県,2204,ZUU,神奈川県,2737,CYBERX,神奈川県,0,,-
10th style,Rise'n Beauty,0,,-,1287,04,神奈川県,1655,STEEL*,神奈川県,2175,CYBERX,神奈川県,4029,WELLOW,神奈川県
10th style,SCORE,0,,-,1184,STEEL*,神奈川県,1551,4SA9RA,神奈川県,2099,CYBERX,神奈川県,0,,-
10th style,SHOOTING STAR,0,,-,1286,UTKR,神奈川県,1656,CRANKY,神奈川県,2279,MIFFY*,神奈川県,0,,-
10th style,SPACE FIGHT,0,,-,636,ILOHA*,神奈川県,1469,4SA9RA,神奈川県,2254,WELLOW,神奈川県,0,,-
10th style,システムロマンス,0,,-,881,NAKAM,神奈川県,1785,BAY.,神奈川県,2043,MIFFY*,神奈川県,0,,-
10th style,雪月花,0,,-,1267,STEEL*,神奈川県,1920,SEKI,神奈川県,2538,IGW.,神奈川県,0,,-
IIDX RED,AA,0,,-,1261,LEFT,神奈川県,2718,RMRORO,神奈川県,3647,WELLOW,神奈川県,0,,-
IIDX RED,AGEHA,588,99,神奈川県,1028,ILOHA*,神奈川県,1677,CRANKY,神奈川県,1893,CYBERX,神奈川県,2453,CYBERX,神奈川県
IIDX RED,ANDROMEDA,0,,-,999,UTKR,神奈川県,1858,OGRCAP,神奈川県,2888,MIFFY*,神奈川県,0,,-
IIDX RED,awakening,0,,-,1078,UTKR,神奈川県,1462,04,神奈川県,1729,CYBERX,神奈川県,0,,-
IIDX RED,Be quiet,0,,-,1091,UTKR,神奈川県,1651,CRANKY,神奈川県,2216,HINO38,神奈川県,2868,WELLOW,神奈川県
IIDX RED,BLOCKS,0,,-,788,SQUALO,神奈川県,1286,RIKAU#,神奈川県,1990,IIDX33,神奈川県,0,,-
IIDX RED,BREATH,0,,-,928,04,神奈川県,1259,TAKA83,神奈川県,1743,CYBERX,神奈川県,0,,-
IIDX RED,Click Again,0,,-,918,S.TART,神奈川県,1435,04,神奈川県,2169,CYBERX,神奈川県,0,,-
IIDX RED,Close my Eyes for Me,0,,-,1045,S.TART,神奈川県,1395,SQUALO,神奈川県,1858,CYBERX,神奈川県,0,,-
IIDX RED,D.A.N.C.E.!,0,,-,572,BUTA,神奈川県,822,UTKR,神奈川県,1635,CYBERX,神奈川県,0,,-
IIDX RED,Don't be afraid myself,0,,-,1107,04,神奈川県,1844,DB3KEY,神奈川県,2302,CYBERX,神奈川県,0,,-
IIDX RED,earth scape,0,,-,458,OSUSHI,神奈川県,1052,OSUSHI,神奈川県,1282,OSUSHI,神奈川県,0,,-
IIDX RED,FAKE TIME,0,,-,1026,04,神奈川県,1793,IGW.,神奈川県,2390,WELLOW,神奈川県,0,,-
IIDX RED,Fly Away To India,0,,-,685,S.TART,神奈川県,1104,04,神奈川県,1417,IGW.,神奈川県,0,,-
IIDX RED,GENOCIDE,0,,-,1167,04,神奈川県,2162,IGW.,神奈川県,2419,MIFFY*,神奈川県,0,,-
IIDX RED,gigadelic,709,IGW.,神奈川県,1454,4SA9RA,神奈川県,2208,WELLOW,神奈川県,2546,KANON,神奈川県,0,,-
IIDX RED,HORIZON,0,,-,1082,04,神奈川県,1550,UTKR,神奈川県,1980,MIFFY*,神奈川県,0,,-
IIDX RED,KEY,0,,-,1137,S.TART,神奈川県,1858,4SA9RA,神奈川県,2864,MIFFY*,神奈川県,0,,-
IIDX RED,NEBULA GRASPER,0,,-,1376,04,神奈川県,1898,TANAGO,神奈川県,2472,CYBERX,神奈川県,0,,-
IIDX RED,Raspberry Heart(English version),0,,-,1045,04,神奈川県,1562,KARENA,神奈川県,1861,IGW.,神奈川県,0,,-
IIDX RED,RED ZONE,164,S-I,神奈川県,1124,04,神奈川県,1927,STYU--,神奈川県,2357,CYBERX,神奈川県,3118,WELLOW,神奈川県
IIDX RED,RESONATE 1794,0,,-,925,FUMIN,神奈川県,1410,CRANKY,神奈川県,1894,IGW.,神奈川県,0,,-
IIDX RED,Secret of Love,0,,-,1089,S.TART,神奈川県,1446,04,神奈川県,2035,IEK.S,神奈川県,0,,-
IIDX RED,SPEEDY CAT,0,,-,1127,04,神奈川県,1635,WAPPY,神奈川県,2049,IGW.,神奈川県,0,,-
IIDX RED,Sphere,0,,-,1063,04,神奈川県,1859,HARUTO,神奈川県,2214,STYU--,神奈川県,0,,-
IIDX RED,spiral galaxy,0,,-,1067,04,神奈川県,2014,4SA9RA,神奈川県,2608,IGW.,神奈川県,3800,IGW.,神奈川県
IIDX RED,The Hope of Tomorrow,0,,-,1067,16GO!?,神奈川県,1712,8NE877,神奈川県,1968,CYBERX,神奈川県,0,,-
IIDX RED,Wonder Bullfighter,0,,-,968,04,神奈川県,1471,IGW.,神奈川県,2087,WELLOW,神奈川県,0,,-
IIDX RED,ピアノ協奏曲第１番”蠍火”,0,,-,837,16GO!?,神奈川県,2156,MIFFY*,神奈川県,2723,WELLOW,神奈川県,0,,-
IIDX RED,大桟橋,0,,-,487,7KATA2,神奈川県,1134,04,神奈川県,1869,CYBERX,神奈川県,0,,-
IIDX RED,太陽～T・A・I・Y・O～,0,,-,832,S.TART,神奈川県,1402,4SA9RA,神奈川県,1753,CYBERX,神奈川県,0,,-
IIDX RED,ＵＬＴｉＭΛＴＥ,0,,-,949,04,神奈川県,1450,KAZET,神奈川県,2008,IEK.S,神奈川県,0,,-
HAPPY SKY,100％ minimoo-G,0,,-,925,04,神奈川県,1683,8NE877,神奈川県,1763,STYU--,神奈川県,0,,-
HAPPY SKY,Agnus Dei,0,,-,888,M-SAKU,神奈川県,1628,HAGANE,神奈川県,2098,KANON,神奈川県,0,,-
HAPPY SKY,alla turca con passione,0,,-,793,K-SUKE,神奈川県,1591,CRANKY,神奈川県,2202,STYU--,神奈川県,0,,-
HAPPY SKY,Aurora,0,,-,1399,04,神奈川県,2118,ZUU,神奈川県,2554,MIFFY*,神奈川県,0,,-
HAPPY SKY,CaptivAte～浄化～,0,,-,1032,MISO,神奈川県,1828,BAY.,神奈川県,2478,WELLOW,神奈川県,3455,MIFFY*,神奈川県
HAPPY SKY,Catch Me,0,,-,802,S.TART,神奈川県,1302,PO,神奈川県,1835,STYU--,神奈川県,2185,WELLOW,神奈川県
HAPPY SKY,Don't let it go,0,,-,712,ILOHA*,神奈川県,1241,4SA9RA,神奈川県,1698,CYBERX,神奈川県,0,,-
HAPPY SKY,double thrash,0,,-,1044,04,神奈川県,2030,4SA9RA,神奈川県,2387,CYBERX,神奈川県,0,,-
HAPPY SKY,EDEN,0,,-,1316,04,神奈川県,1875,PPP,神奈川県,2723,CYBERX,神奈川県,3270,WELLOW,神奈川県
HAPPY SKY,EMPTY OF THE SKY,0,,-,657,ILOHA*,神奈川県,1031,TAKA83,神奈川県,1686,STYU--,神奈川県,0,,-
HAPPY SKY,First Resolution,0,,-,831,S.TART,神奈川県,1605,RMRORO,神奈川県,2152,CYBERX,神奈川県,0,,-
HAPPY SKY,garden,0,,-,842,MISO,神奈川県,1503,ANAN*,神奈川県,2176,CYBERX,神奈川県,3145,WELLOW,神奈川県
HAPPY SKY,Get'em up to R.A.V.E,0,,-,1175,04,神奈川県,1729,4SA9RA,神奈川県,2308,IGW.,神奈川県,0,,-
HAPPY SKY,GREEN EYES,0,,-,1004,04,神奈川県,1634,8NE877,神奈川県,2232,CYBERX,神奈川県,0,,-
HAPPY SKY,HAPPY☆ANGEL,655,HINO38,神奈川県,1096,04,神奈川県,1534,B-CYC,神奈川県,2103,STYU--,神奈川県,0,,-
HAPPY SKY,I am,0,,-,1098,04,神奈川県,1726,4SA9RA,神奈川県,2180,CYBERX,神奈川県,0,,-
HAPPY SKY,in motion,0,,-,857,04,神奈川県,1084,04,神奈川県,1319,IGW.,神奈川県,0,,-
HAPPY SKY,INAZUMA,0,,-,1116,04,神奈川県,1843,IGW.,神奈川県,2724,IGW.,神奈川県,4063,WELLOW,神奈川県
HAPPY SKY,LESSON 5,0,,-,1274,04,神奈川県,1831,4SA9RA,神奈川県,2505,CYBERX,神奈川県,0,,-
HAPPY SKY,Little Little Princess,0,,-,1090,04,神奈川県,2139,ZUU,神奈川県,2804,IGW.,神奈川県,3833,WELLOW,神奈川県
HAPPY SKY,Love Magic,0,,-,1015,S.TART,神奈川県,1690,KARENA,神奈川県,1973,CYBERX,神奈川県,0,,-
HAPPY SKY,mind the gap,0,,-,749,04,神奈川県,1002,OSUSHI,神奈川県,1652,CYBERX,神奈川県,0,,-
HAPPY SKY,MOON RACE,0,,-,860,STEEL*,神奈川県,1175,STEEL*,神奈川県,1905,STYU--,神奈川県,0,,-
HAPPY SKY,Pink Rose,0,,-,584,ILOHA*,神奈川県,959,04,神奈川県,1415,STYU--,神奈川県,2023,KANON,神奈川県
HAPPY SKY,PLASMA,0,,-,927,MISO,神奈川県,1646,4SA9RA,神奈川県,2283,CYBERX,神奈川県,0,,-
HAPPY SKY,Pollinosis,0,,-,803,S.TART,神奈川県,1159,04,神奈川県,2542,WELLOW,神奈川県,0,,-
HAPPY SKY,POODLE,0,,-,962,04,神奈川県,1849,CRANKY,神奈川県,2310,CYBERX,神奈川県,3405,STYU--,神奈川県
HAPPY SKY,rage against usual,0,,-,1350,RMM,神奈川県,2008,ZUU,神奈川県,3004,CYBERX,神奈川県,0,,-
HAPPY SKY,SCREAM SQUAD,0,,-,1170,04,神奈川県,1644,NYAGWA,神奈川県,2109,WELLOW,神奈川県,0,,-
HAPPY SKY,Scripted Connection⇒ A mix,0,,-,1673,04,神奈川県,2183,4SA9RA,神奈川県,3109,WELLOW,神奈川県,3455,MIFFY*,神奈川県
HAPPY SKY,Scripted Connection⇒ H mix,0,,-,1713,04,神奈川県,2027,ZUU,神奈川県,2523,CYBERX,神奈川県,2903,WELLOW,神奈川県
HAPPY SKY,Scripted Connection⇒ N mix,0,,-,1342,04,神奈川県,1670,BAY.,神奈川県,2135,IGW.,神奈川県,2463,CYBERX,神奈川県
HAPPY SKY,SigSig,654,TAQ3,神奈川県,1050,ILOHA*,神奈川県,1667,B-CYC,神奈川県,2612,KANON,神奈川県,0,,-
HAPPY SKY,Tizona d'El Cid,0,,-,972,04,神奈川県,1852,HARUTO,神奈川県,2343,MIFFY*,神奈川県,0,,-
HAPPY SKY,Twelfth Style,0,,-,1233,04,神奈川県,1519,04,神奈川県,2052,CYBERX,神奈川県,3302,WELLOW,神奈川県
HAPPY SKY,Under the Sky,0,,-,913,16GO!?,神奈川県,1392,CRANKY,神奈川県,1747,CYBERX,神奈川県,0,,-
HAPPY SKY,vault of heaven,0,,-,802,TART,神奈川県,1415,4SA9RA,神奈川県,2015,CYBERX,神奈川県,0,,-
HAPPY SKY,Votum stellarum,0,,-,759,KO-RIN,神奈川県,1643,KAZU34,神奈川県,2009,PO,神奈川県,0,,-
HAPPY SKY,We are Disっ娘よっつ打ち命,0,,-,672,TART,神奈川県,963,OSUSHI,神奈川県,1673,8NE877,神奈川県,0,,-
HAPPY SKY,Xepher,379,AKIMIO,神奈川県,1138,16GO!?,神奈川県,2194,STEEL*,神奈川県,3024,IGW.,神奈川県,0,,-
HAPPY SKY,オレはビートマニア！お前は何マニア？,0,,-,797,04,神奈川県,1430,4SA9RA,神奈川県,1732,CYBERX,神奈川県,0,,-
HAPPY SKY,ヒマワリ,0,,-,564,S.TART,神奈川県,1842,CRANKY,神奈川県,2078,CYBERX,神奈川県,0,,-
HAPPY SKY,ラクエン,0,,-,634,99,神奈川県,908,04,神奈川県,2020,IGW.,神奈川県,0,,-
HAPPY SKY,冥,585,OSUSHI,神奈川県,1071,04,神奈川県,2117,IGW.,神奈川県,3835,WELLOW,神奈川県,0,,-
HAPPY SKY,合体せよ！ストロングイェーガー！！ (Ryu☆ remix),0,,-,1122,RMM,神奈川県,1556,4SA9RA,神奈川県,1932,CYBERX,神奈川県,0,,-
HAPPY SKY,月光,0,,-,898,04,神奈川県,1728,SO*RYU,神奈川県,2480,CYBERX,神奈川県,0,,-
DistorteD,ALFARSHEAR 双神威に廻る夢,410,S-I,神奈川県,1043,RACOON,神奈川県,1639,KAZU34,神奈川県,2094,CYBERX,神奈川県,0,,-
DistorteD,Apocalypse ～dirge of swans～,240,KAZU,神奈川県,974,C-CLEF,神奈川県,1774,4SA9RA,神奈川県,2416,IGW.,神奈川県,0,,-
DistorteD,BALLAD THE FEATHERS,0,,-,705,ILOHA*,神奈川県,1098,04,神奈川県,1523,CYBERX,神奈川県,0,,-
DistorteD,Bloody Tears(IIDX EDITION),0,,-,1058,BERRY,神奈川県,1948,GYA9BO,神奈川県,2187,CYBERX,神奈川県,0,,-
DistorteD,BOOM BOOM DISCO NIGHT,0,,-,979,PSYCHO,神奈川県,1776,CRANKY,神奈川県,2295,MIFFY*,神奈川県,0,,-
DistorteD,Broadbanded,0,,-,906,STEEL*,神奈川県,1384,4SA9RA,神奈川県,2036,MIFFY*,神奈川県,0,,-
DistorteD,Concertino in Blue,361,192,神奈川県,845,MISO,神奈川県,1646,AGYPO3,神奈川県,2577,WELLOW,神奈川県,0,,-
DistorteD,CONTRACT,0,,-,1224,ANIA,神奈川県,1616,4SA9RA,神奈川県,2103,CYBERX,神奈川県,2798,WELLOW,神奈川県
DistorteD,D.C.fish,0,,-,1010,S.TART,神奈川県,1973,STEEL*,神奈川県,2350,STYU--,神奈川県,0,,-
DistorteD,DEEP ROAR,0,,-,976,JP$*,神奈川県,1439,STEEL*,神奈川県,2768,MIFFY*,神奈川県,0,,-
DistorteD,Double Loving Heart,0,,-,584,TART,神奈川県,1334,04,神奈川県,1817,STYU--,神奈川県,0,,-
DistorteD,DUE TOMORROW,0,,-,904,04,神奈川県,1498,IGW.,神奈川県,2055,IGW.,神奈川県,0,,-
DistorteD,EURO-ROMANCE,0,,-,966,04,神奈川県,1841,STEEL*,神奈川県,2111,STYU--,神奈川県,0,,-
DistorteD,Ganymede,0,,-,1120,04,神奈川県,1718,DENTAK,神奈川県,2352,IGW.,神奈川県,2623,WELLOW,神奈川県
DistorteD,Harmony and Lovely,0,,-,893,7RUKA3,神奈川県,1786,STEEL*,神奈川県,2248,KANON,神奈川県,0,,-
DistorteD,Heavenly Sun (IIDX VERSION),0,,-,817,K-SUKE,神奈川県,1586,CRANKY,神奈川県,2118,MIFFY*,神奈川県,0,,-
DistorteD,INFERNO,0,,-,1192,16GO!?,神奈川県,1597,AGYPO3,神奈川県,1999,CYBERX,神奈川県,0,,-
DistorteD,Leaving...,0,,-,792,16GO!?,神奈川県,1405,STYU--,神奈川県,2224,STYU--,神奈川県,0,,-
DistorteD,MINT,0,,-,1040,04,神奈川県,1812,STEEL*,神奈川県,2313,STYU--,神奈川県,0,,-
DistorteD,MOON,0,,-,858,S.TART,神奈川県,2068,CRANKY,神奈川県,2227,CYBERX,神奈川県,0,,-
DistorteD,Power of Love,0,,-,1014,04,神奈川県,1573,SQUALO,神奈川県,2145,CYBERX,神奈川県,0,,-
DistorteD,So Fabulous !!,0,,-,1053,MISO,神奈川県,1505,QSAMA*,神奈川県,2371,CYBERX,神奈川県,0,,-
DistorteD,Sun Field,0,,-,574,TART,神奈川県,1523,4SA9RA,神奈川県,2447,CYBERX,神奈川県,0,,-
DistorteD,The Dirty of Loudness,0,,-,1461,STEEL*,神奈川県,2227,ZUU,神奈川県,2638,IEK.S,神奈川県,0,,-
DistorteD,This is Love,0,,-,928,AGYPO3,神奈川県,1789,AGYPO3,神奈川県,2493,CYBERX,神奈川県,0,,-
DistorteD,tripping contact(teranoid&MC Natsack Remix),0,,-,1226,99,神奈川県,1928,ZUU,神奈川県,2489,IGW.,神奈川県,0,,-
DistorteD,TYPE MARS(G-Style Mix),0,,-,1079,PSYCHO,神奈川県,1913,IGW.,神奈川県,2444,IEK.S,神奈川県,0,,-
DistorteD,waxing and wanding,0,,-,1307,04,神奈川県,1969,ZUU,神奈川県,2901,IGW.,神奈川県,3982,WELLOW,神奈川県
DistorteD,Why did you go away,603,HI7DA2,神奈川県,1101,04,神奈川県,1744,KAZET,神奈川県,2325,CYBERX,神奈川県,0,,-
DistorteD,WISH(EUROBEAT MIX),0,,-,995,ILOHA*,神奈川県,1624,BAY.,神奈川県,1976,CYBERX,神奈川県,0,,-
DistorteD,with you…,0,,-,791,S.TART,神奈川県,1151,STEEL*,神奈川県,1781,8NE877,神奈川県,0,,-
DistorteD,Zenius -I- vanisher,0,,-,981,04,神奈川県,1522,KAZET,神奈川県,2410,CYBERX,神奈川県,0,,-
DistorteD,カゴノトリ～弐式～,0,,-,1110,04,神奈川県,1798,POPRU,神奈川県,2633,HINO38,神奈川県,0,,-
DistorteD,タシカナモノ,0,,-,944,16GO!?,神奈川県,1415,MASS,神奈川県,2050,CYBERX,神奈川県,0,,-
DistorteD,嘆きの樹,0,,-,1741,LEFT,神奈川県,2532,STYU--,神奈川県,3923,WELLOW,神奈川県,0,,-
DistorteD,罠,0,,-,560,ILOHA*,神奈川県,1537,4SA9RA,神奈川県,2461,CYBERX,神奈川県,0,,-
DistorteD,華蝶風雪,0,,-,1249,04,神奈川県,2071,ZUU,神奈川県,2984,CYBERX,神奈川県,4011,WELLOW,神奈川県
DistorteD,虹色,0,,-,969,04,神奈川県,1546,CRANKY,神奈川県,1861,CYBERX,神奈川県,0,,-
GOLD,2hot2eat,0,,-,561,ANIA,神奈川県,1055,KO-RIN,神奈川県,1685,CYBERX,神奈川県,0,,-
GOLD,Air Bell,0,,-,966,JP$*,神奈川県,1320,TAKA83,神奈川県,1733,IGW.,神奈川県,0,,-
GOLD,ANDROMEDA II,0,,-,955,D*OR*A,神奈川県,1906,KAZU34,神奈川県,2499,CYBERX,神奈川県,0,,-
GOLD,Blind Justice ～Torn souls， Hurt Faiths ～,0,,-,1309,A.K,神奈川県,1961,HAGANE,神奈川県,2488,CYBERX,神奈川県,0,,-
GOLD,Candy Galy,0,,-,1527,MISO,神奈川県,2505,ZUU,神奈川県,3578,WELLOW,神奈川県,0,,-
GOLD,CaptivAte～裁き～,405,HI7DA2,神奈川県,858,04,神奈川県,1303,BAY.,神奈川県,1790,CYBERX,神奈川県,0,,-
GOLD,CaptivAte～誓い～,0,,-,1328,04,神奈川県,1930,ABEREO,神奈川県,2250,CYBERX,神奈川県,0,,-
GOLD,CROSSROAD ～Left Story～,0,,-,1057,SHUREI,神奈川県,1745,CRANKY,神奈川県,2194,STYU--,神奈川県,0,,-
GOLD,Cyber Force,0,,-,1179,PSYCHO,神奈川県,1893,M,神奈川県,2397,CYBERX,神奈川県,0,,-
GOLD,Fascination MAXX,0,,-,935,SQUALO,神奈川県,1733,GAHOU,神奈川県,2537,IEK.S,神奈川県,0,,-
GOLD,FIRE FIRE,545,T,神奈川県,1188,04,神奈川県,1813,AUD,神奈川県,2787,HINO38,神奈川県,0,,-
GOLD,four-leaf,0,,-,768,S.TART,神奈川県,1256,04,神奈川県,1731,IGW.,神奈川県,0,,-
GOLD,GOLD RUSH,548,ARASHI,神奈川県,1201,AGYPO3,神奈川県,1484,C9,神奈川県,2387,STYU--,神奈川県,0,,-
GOLD,GRID KNIGHT,0,,-,834,04,神奈川県,1939,4SA9RA,神奈川県,2649,CYBERX,神奈川県,3485,WELLOW,神奈川県
GOLD,heaven above,0,,-,819,04,神奈川県,1362,UTKR,神奈川県,1849,CYBERX,神奈川県,0,,-
GOLD,High School Love,399,HI7DA2,神奈川県,876,TART,神奈川県,1555,04,神奈川県,2210,CYBERX,神奈川県,0,,-
GOLD,INORI,0,,-,1371,04,神奈川県,2554,CRANKY,神奈川県,3202,IGW.,神奈川県,0,,-
GOLD,KAMAITACHI,0,,-,1176,YAPPY,神奈川県,1995,4SA9RA,神奈川県,2723,HINO38,神奈川県,3941,WELLOW,神奈川県
GOLD,LASER CRUSTER,0,,-,1453,STEEL*,神奈川県,2445,PO,神奈川県,3231,IGW.,神奈川県,0,,-
GOLD,Love Again...,0,,-,586,TART,神奈川県,797,OSUSHI,神奈川県,1076,IEK.S,神奈川県,0,,-
GOLD,Make Me Your Own,0,,-,897,STEEL*,神奈川県,1590,BAY.,神奈川県,2165,WELLOW,神奈川県,0,,-
GOLD,METALLIC MIND,0,,-,859,ILOHA*,神奈川県,1452,BAY.,神奈川県,1645,CYBERX,神奈川県,0,,-
GOLD,never…,0,,-,828,16GO!?,神奈川県,1359,CRANKY,神奈川県,1826,CYBERX,神奈川県,0,,-
GOLD,op.31 叙情,0,,-,606,WELLOW,神奈川県,1333,WELLOW,神奈川県,1643,WELLOW,神奈川県,0,,-
GOLD,PHOTONGENIC,0,,-,1380,STEEL*,神奈川県,1981,C9,神奈川県,2321,WELLOW,神奈川県,0,,-
GOLD,Roulette,0,,-,894,ILOHA*,神奈川県,1450,AGYPO3,神奈川県,2133,CYBERX,神奈川県,0,,-
GOLD,Second Heaven,213,AKIMIO,神奈川県,983,04,神奈川県,1550,8NE877,神奈川県,2128,IGW.,神奈川県,0,,-
GOLD,Sense 2007,0,,-,1445,TANAGO,神奈川県,2300,IGW.,神奈川県,2995,HINO38,神奈川県,0,,-
GOLD,smile,0,,-,1483,STEEL*,神奈川県,2147,BAY.,神奈川県,2915,STYU--,神奈川県,0,,-
GOLD,snow storm,230,HI7DA2,神奈川県,776,ILOHA*,神奈川県,2223,CRANKY,神奈川県,2806,CYBERX,神奈川県,3392,WELLOW,神奈川県
GOLD,the shadow,0,,-,1224,04,神奈川県,1974,AHRY,神奈川県,2927,CYBERX,神奈川県,0,,-
GOLD,The Smile of You,0,,-,926,DETTEU,神奈川県,1312,04,神奈川県,1630,CYBERX,神奈川県,0,,-
GOLD,TRANOID,0,,-,813,S.TART,神奈川県,1778,ZUU,神奈川県,2250,STYU--,神奈川県,3026,WELLOW,神奈川県
GOLD,VANESSA,0,,-,1160,65TYPE,神奈川県,1796,CHANTE,神奈川県,2446,WELLOW,神奈川県,3490,WELLOW,神奈川県
GOLD,Watch out!!,0,,-,712,Y-08,神奈川県,1050,04,神奈川県,1639,CYBERX,神奈川県,0,,-
GOLD,With your Smile,0,,-,719,ILOHA*,神奈川県,1188,04,神奈川県,1576,CYBERX,神奈川県,0,,-
GOLD,クルクル☆ラブ～Opioid Peptide MIX～,407,HI7DA2,神奈川県,992,S.TART,神奈川県,1456,CRANKY,神奈川県,2278,CYBERX,神奈川県,0,,-
GOLD,ヨシダさん,0,,-,914,JP$*,神奈川県,1443,UTKR,神奈川県,1974,CYBERX,神奈川県,0,,-
GOLD,リグレット,0,,-,1321,04,神奈川県,1728,4SA9RA,神奈川県,2443,CYBERX,神奈川県,0,,-
GOLD,星をこの手に,0,,-,1219,04,神奈川県,1769,CRANKY,神奈川県,2191,CYBERX,神奈川県,0,,-
GOLD,花吹雪 ～ IIDX LIMITED ～,0,,-,727,AGYPO3,神奈川県,1126,AGYPO3,神奈川県,1438,CYBERX,神奈川県,0,,-
GOLD,零 - ZERO -,208,KO-RIN,神奈川県,1155,MISO,神奈川県,1795,CRANKY,神奈川県,2321,IGW.,神奈川県,2753,CYBERX,神奈川県
GOLD,電人、暁に斃れる。,637,HI7DA2,神奈川県,1526,UTKR,神奈川県,2325,M,神奈川県,3419,WELLOW,神奈川県,0,,-
DJ TROOPERS,2 tribe 4 K,0,,-,886,04,神奈川県,1273,AS,神奈川県,2781,MIFFY*,神奈川県,0,,-
DJ TROOPERS,"Anisakis -somatic mutation type""Forza""-",0,,-,1248,04,神奈川県,2111,4SA9RA,神奈川県,2874,WELLOW,神奈川県,3910,WELLOW,神奈川県
DJ TROOPERS,avant-guerre,0,,-,732,ILOHA*,神奈川県,1284,TAKA83,神奈川県,1952,WELLOW,神奈川県,0,,-
DJ TROOPERS,Be OK,0,,-,927,NAKAM,神奈川県,1753,4SA9RA,神奈川県,2422,CYBERX,神奈川県,3335,IGW.,神奈川県
DJ TROOPERS,beatonic nation,0,,-,1225,K-SUKE,神奈川県,1847,4SA9RA,神奈川県,2177,CYBERX,神奈川県,0,,-
DJ TROOPERS,Blue Rain,341,AGYPO3,神奈川県,1019,TART,神奈川県,1587,AGYPO3,神奈川県,2284,STYU--,神奈川県,3369,WELLOW,神奈川県
DJ TROOPERS,Darling my LUV,0,,-,686,K-SUKE,神奈川県,982,TAKA83,神奈川県,1388,8NE877,神奈川県,0,,-
DJ TROOPERS,Dazzlin' Darlin,318,MARRON,神奈川県,894,ILOHA*,神奈川県,1401,CRANKY,神奈川県,2230,CYBERX,神奈川県,0,,-
DJ TROOPERS,Digitank System,0,,-,953,16GO!?,神奈川県,1601,AZ,神奈川県,2181,CYBERX,神奈川県,0,,-
DJ TROOPERS,Do it!! Do it!!,0,,-,1000,4SA9RA,神奈川県,1518,ZUU,神奈川県,1955,CYBERX,神奈川県,2553,WELLOW,神奈川県
DJ TROOPERS,end of world,0,,-,1040,04,神奈川県,1772,ISH*,神奈川県,2515,CYBERX,神奈川県,0,,-
DJ TROOPERS,evergreen,0,,-,1008,MELL,神奈川県,1392,MELL,神奈川県,1976,KANON,神奈川県,0,,-
DJ TROOPERS,four pieces of heaven,0,,-,933,04,神奈川県,1795,ZUU,神奈川県,2395,WELLOW,神奈川県,2957,WELLOW,神奈川県
DJ TROOPERS,Freeway Shuffle,333,HI7DA2,神奈川県,822,TART,神奈川県,1242,MASS,神奈川県,1889,MIFFY*,神奈川県,0,,-
DJ TROOPERS,ICARUS,0,,-,1306,UTKR,神奈川県,2068,04,神奈川県,2527,WELLOW,神奈川県,3845,WELLOW,神奈川県
DJ TROOPERS,in the Sky,0,,-,1378,04,神奈川県,2126,4SA9RA,神奈川県,2553,WELLOW,神奈川県,0,,-
DJ TROOPERS,Kick Out 仮面,0,,-,1181,04,神奈川県,1581,ANAN*,神奈川県,2044,CYBERX,神奈川県,0,,-
DJ TROOPERS,LOVELY STORM,0,,-,1323,04,神奈川県,2152,KAZU34,神奈川県,2852,IGW.,神奈川県,0,,-
DJ TROOPERS,madrugada,0,,-,676,CATOM,神奈川県,1199,99,神奈川県,1870,CYBERX,神奈川県,0,,-
DJ TROOPERS,MAX LOVE,0,,-,1454,16GO!?,神奈川県,2173,BAY.,神奈川県,2687,CYBERX,神奈川県,0,,-
DJ TROOPERS,MENDES,0,,-,1143,16GO!?,神奈川県,2574,MKMFAN,神奈川県,3633,WELLOW,神奈川県,0,,-
DJ TROOPERS,MENTAL MELTDOWN,0,,-,1195,04,神奈川県,2222,ZUU,神奈川県,2825,CYBERX,神奈川県,0,,-
DJ TROOPERS,NEW GENERATION -もう、お前しか見えない-,0,,-,1070,04,神奈川県,1943,AGYPO3,神奈川県,2668,CYBERX,神奈川県,3729,WELLOW,神奈川県
DJ TROOPERS,oratio,0,,-,1470,04,神奈川県,2022,ZUU,神奈川県,2963,IGW.,神奈川県,0,,-
DJ TROOPERS,PARANOiA ～HADES～,0,,-,1057,65TYPE,神奈川県,1821,C9,神奈川県,2756,WELLOW,神奈川県,0,,-
DJ TROOPERS,PROMISE FOR LIFE,0,,-,610,16GO!?,神奈川県,1496,04,神奈川県,1750,CYBERX,神奈川県,0,,-
DJ TROOPERS,REMINISCENCE,0,,-,1275,04,神奈川県,1862,BAY.,神奈川県,2358,CYBERX,神奈川県,0,,-
DJ TROOPERS,Rising in the Sun(original mix),0,,-,929,04,神奈川県,1627,65TYPE,神奈川県,2388,CYBERX,神奈川県,0,,-
DJ TROOPERS,Ristaccia,0,,-,1198,04,神奈川県,1951,KURIYA,神奈川県,2762,WELLOW,神奈川県,0,,-
DJ TROOPERS,"satellite020712 from ""CODED ARMS""",0,,-,1337,04,神奈川県,1819,NYAH,神奈川県,2543,STYU--,神奈川県,0,,-
DJ TROOPERS,satfinal,0,,-,1077,UTKR,神奈川県,1397,TOMOYA,神奈川県,1925,CYBERX,神奈川県,0,,-
DJ TROOPERS,scar in the earth,0,,-,669,S.TART,神奈川県,1114,04,神奈川県,1528,CYBERX,神奈川県,0,,-
DJ TROOPERS,SOUND OF GIALLARHORN,475,T,神奈川県,1404,04,神奈川県,2690,ZUU,神奈川県,3311,IGW.,神奈川県,0,,-
DJ TROOPERS,State Of The Art,0,,-,1051,MISO,神奈川県,1570,STEEL*,神奈川県,3124,IEK.S,神奈川県,0,,-
DJ TROOPERS,STEEL NEEDLE,0,,-,1105,04,神奈川県,2141,BAY.,神奈川県,2509,IGW.,神奈川県,3367,WELLOW,神奈川県
DJ TROOPERS,switch,0,,-,803,S.TART,神奈川県,1484,HARUTO,神奈川県,2115,CYBERX,神奈川県,0,,-
DJ TROOPERS,THE DEEP STRIKER,510,HI7DA2,神奈川県,1098,04,神奈川県,2212,AZ,神奈川県,3046,WELLOW,神奈川県,3549,WELLOW,神奈川県
DJ TROOPERS,the trigger of innocence,0,,-,866,MISO,神奈川県,1170,04,神奈川県,1848,CYBERX,神奈川県,3112,WELLOW,神奈川県
DJ TROOPERS,Time to Air,0,,-,1269,04,神奈川県,2086,ZUU,神奈川県,2903,WELLOW,神奈川県,3720,WELLOW,神奈川県
DJ TROOPERS,TRIP MACHINE PhoeniX,0,,-,697,04,神奈川県,1572,SKMI,神奈川県,1851,CYBERX,神奈川県,0,,-
DJ TROOPERS,TROOPERS,0,,-,1238,04,神奈川県,2343,ZUU,神奈川県,2971,IGW.,神奈川県,0,,-
DJ TROOPERS,Ubertreffen,0,,-,1100,04,神奈川県,1947,FMN,神奈川県,2549,IGW.,神奈川県,3290,WELLOW,神奈川県
DJ TROOPERS,Wanna Party?,0,,-,772,16GO!?,神奈川県,1142,TOMOYA,神奈川県,1523,STYU--,神奈川県,2594,HINO38,神奈川県
DJ TROOPERS,エコ爺,341,MERLIN,神奈川県,847,S.TART,神奈川県,1345,04,神奈川県,1843,CYBERX,神奈川県,0,,-
DJ TROOPERS,マチ子の唄,0,,-,833,S.TART,神奈川県,1305,UTKR,神奈川県,1802,STYU--,神奈川県,0,,-
DJ TROOPERS,ミラージュ・レジデンス,0,,-,1126,04,神奈川県,2112,KAZU34,神奈川県,2677,STYU--,神奈川県,3329,WELLOW,神奈川県
DJ TROOPERS,少年A,0,,-,1266,STEEL*,神奈川県,2194,AGYPO3,神奈川県,2844,IGW.,神奈川県,0,,-
DJ TROOPERS,華爛漫 -Flowers-,326,99,神奈川県,964,MUXU.,神奈川県,1565,CRANKY,神奈川県,2057,CYBERX,神奈川県,3180,WELLOW,神奈川県
DJ TROOPERS,走馬灯 -The Last Song-,0,,-,502,NAKAM,神奈川県,898,NAKAM,神奈川県,1343,IGW.,神奈川県,0,,-
DJ TROOPERS,高高度降下低高度開傘,0,,-,921,04,神奈川県,1512,CRANKY,神奈川県,2002,CYBERX,神奈川県,0,,-
EMPRESS,3y3s,505,SUI,神奈川県,1463,EDF,神奈川県,2510,C9,神奈川県,3628,IGW.,神奈川県,0,,-
EMPRESS,ALL I NEED YOUR LOVE,0,,-,1066,K-SUKE,神奈川県,1678,CRANKY,神奈川県,2146,CYBERX,神奈川県,0,,-
EMPRESS,ALL MY TURN -このターンに、オレの全てを賭ける-,0,,-,1053,04,神奈川県,1857,4SA9RA,神奈川県,2607,IGW.,神奈川県,0,,-
EMPRESS,Arabian Rave Night,0,,-,1303,STEEL*,神奈川県,2247,ZUU,神奈川県,2957,IGW.,神奈川県,3694,WELLOW,神奈川県
EMPRESS,B4U(BEMANI FOR YOU MIX),0,,-,1201,04,神奈川県,2309,4SA9RA,神奈川県,3594,STYU--,神奈川県,4655,WELLOW,神奈川県
EMPRESS,Bahram Attack-猫叉Master Remix-,0,,-,1052,ILOHA*,神奈川県,1867,TOMOYA,神奈川県,2624,CYBERX,神奈川県,3269,WELLOW,神奈川県
EMPRESS,BITTER CHOCOLATE STRIKER,0,,-,1056,NEI,神奈川県,2216,AZ,神奈川県,3973,WELLOW,神奈川県,0,,-
EMPRESS,BRIDAL FESTIVAL !!!,0,,-,965,UTKR,神奈川県,1401,PERO,神奈川県,2141,IGW.,神奈川県,0,,-
EMPRESS,CaptivAte2～覚醒～,243,KAZU,神奈川県,1111,04,神奈川県,1719,KAZU34,神奈川県,2426,STYU--,神奈川県,0,,-
EMPRESS,Colorful Cookie,632,Y0GA,神奈川県,1105,A6M#RK,神奈川県,2267,RMRORO,神奈川県,3516,IGW.,神奈川県,0,,-
EMPRESS,Cyber Force -DJ Yoshitaka Remix-,0,,-,1042,MISO,神奈川県,1820,4SA9RA,神奈川県,2542,CYBERX,神奈川県,0,,-
EMPRESS,Flash Back 90's,0,,-,928,TART,神奈川県,1861,4SA9RA,神奈川県,2351,STYU--,神奈川県,2916,CYBERX,神奈川県
EMPRESS,Fly Above,0,,-,958,04,神奈川県,1628,16GO!?,神奈川県,2032,8NE877,神奈川県,0,,-
EMPRESS,Go Beyond!!,528,192,神奈川県,1033,ILOHA*,神奈川県,1724,ZUU,神奈川県,2257,WELLOW,神奈川県,0,,-
EMPRESS,HYPERION,0,,-,1138,STEEL*,神奈川県,2105,STEEL*,神奈川県,2760,IGW.,神奈川県,0,,-
EMPRESS,I'm Screaming LOVE,0,,-,606,ILOHA*,神奈川県,1311,04,神奈川県,1702,CYBERX,神奈川県,0,,-
EMPRESS,Jack,0,,-,920,04,神奈川県,1277,ORTA,神奈川県,2169,CYBERX,神奈川県,0,,-
EMPRESS,Just a Little Smile,0,,-,668,YSM,神奈川県,1342,IGW.,神奈川県,2524,WELLOW,神奈川県,0,,-
EMPRESS,Kung-fu Empire,0,,-,1512,STEEL*,神奈川県,2592,DENTAK,神奈川県,3275,CYBERX,神奈川県,3977,WELLOW,神奈川県
EMPRESS,Marie Antoinette,0,,-,1058,OSUSHI,神奈川県,1925,65TYPE,神奈川県,2604,STYU--,神奈川県,3228,WELLOW,神奈川県
EMPRESS,Mind Mapping,482,ANGEL,神奈川県,852,MISO,神奈川県,1242,AGYPO3,神奈川県,1841,CYBERX,神奈川県,2261,CYBERX,神奈川県
EMPRESS,Monkey Dance '09,0,,-,839,MISO,神奈川県,1736,FIGALO,神奈川県,2271,CYBERX,神奈川県,0,,-
EMPRESS,naughty girl@Queen's Palace,0,,-,860,S.TART,神奈川県,1704,AZ,神奈川県,2155,WELLOW,神奈川県,2707,WELLOW,神奈川県
EMPRESS,neogenesis,0,,-,973,ILOHA*,神奈川県,1347,04,神奈川県,1722,IGW.,神奈川県,2337,IGW.,神奈川県
EMPRESS,NΦ CRIME,279,MARRON,神奈川県,791,MISO,神奈川県,1421,CRANKY,神奈川県,1900,CYBERX,神奈川県,2420,CYBERX,神奈川県
EMPRESS,Programmed World,0,,-,938,04,神奈川県,1741,CRANKY,神奈川県,2312,IGW.,神奈川県,0,,-
EMPRESS,Punch Love 仮面,0,,-,1073,VIT,神奈川県,1722,4SA9RA,神奈川県,2535,IGW.,神奈川県,3258,WELLOW,神奈川県
EMPRESS,Queen's Tragedy,0,,-,808,ILOHA*,神奈川県,1721,HINO38,神奈川県,2255,PO,神奈川県,0,,-
EMPRESS,Secrets,0,,-,1260,04,神奈川県,2409,AZ,神奈川県,3177,STYU--,神奈川県,4200,WELLOW,神奈川県
EMPRESS,smooooch・∀・,385,MEOH,神奈川県,827,ILOHA*,神奈川県,1626,4SA9RA,神奈川県,2167,CYBERX,神奈川県,2857,WELLOW,神奈川県
EMPRESS,SOLITON BEAM,0,,-,1465,04,神奈川県,1971,TAKA83,神奈川県,2367,CYBERX,神奈川県,0,,-
EMPRESS,THANK YOU FOR PLAYING,0,,-,807,04,神奈川県,1615,HARUTO,神奈川県,2154,CYBERX,神奈川県,3002,IGW.,神奈川県
EMPRESS,THE SHINING POLARIS(kors k mix),0,,-,1296,04,神奈川県,2036,KAZU34,神奈川県,3261,IGW.,神奈川県,0,,-
EMPRESS,thunder HOUSE NATION Remix,0,,-,1066,04,神奈川県,1652,04,神奈川県,2481,CYBERX,神奈川県,3901,MIFFY*,神奈川県
EMPRESS,Turii ～Panta rhei～,356,MERLIN,神奈川県,898,TART,神奈川県,2048,M6A2E1,神奈川県,2685,IGW.,神奈川県,0,,-
EMPRESS,V2,767,NERV,神奈川県,1467,04,神奈川県,3083,AZ,神奈川県,3590,MIFFY*,神奈川県,0,,-
EMPRESS,Y&Co. is dead or alive,0,,-,1111,04,神奈川県,1774,AZ,神奈川県,2859,WELLOW,神奈川県,0,,-
EMPRESS,"You'll say ""Now!""",0,,-,1237,04,神奈川県,1900,IGW.,神奈川県,2522,MIFFY*,神奈川県,0,,-
EMPRESS,まほろば,0,,-,766,ILOHA*,神奈川県,1436,2SU,神奈川県,2062,CYBERX,神奈川県,0,,-
EMPRESS,ハリツヤランデヴー,0,,-,955,S.TART,神奈川県,2136,RMRORO,神奈川県,2496,CYBERX,神奈川県,0,,-
EMPRESS,ミッドナイト堕天使,0,,-,985,04,神奈川県,1628,KAZU34,神奈川県,2790,MIFFY*,神奈川県,0,,-
EMPRESS,不沈艦CANDY,590,HI7DA2,神奈川県,1168,KUN,神奈川県,1974,4SA9RA,神奈川県,3330,IGW.,神奈川県,0,,-
EMPRESS,凛として咲く花の如く,387,SQUALO,神奈川県,1313,Y-08,神奈川県,2125,4SA9RA,神奈川県,2795,CYBERX,神奈川県,3185,IGW.,神奈川県
EMPRESS,卑弥呼,0,,-,1201,M-SAKU,神奈川県,2809,WELLOW,神奈川県,4070,WELLOW,神奈川県,0,,-
EMPRESS,天空脳番長危機十六連打,0,,-,1029,04,神奈川県,2186,STYU--,神奈川県,2613,MIFFY*,神奈川県,0,,-
EMPRESS,山岡晃の「クイズ！家事都合！」,0,,-,678,TART,神奈川県,1344,UTKR,神奈川県,2063,CYBERX,神奈川県,0,,-
EMPRESS,翼,0,,-,861,KO-RIN,神奈川県,1507,CRANKY,神奈川県,1976,CYBERX,神奈川県,2513,CYBERX,神奈川県
EMPRESS,鉄甲乙女-under the steel-,0,,-,924,99,神奈川県,1593,TAKA83,神奈川県,2190,CYBERX,神奈川県,0,,-
SIRIUS,AIR RAID FROM THA UNDAGROUND,530,KOTOHA,神奈川県,1146,EDF,神奈川県,1682,-C2K-,神奈川県,2361,IGW.,神奈川県,2999,IGW.,神奈川県
SIRIUS,Almagest,0,,-,1014,OGCHAN,神奈川県,2247,WELLOW,神奈川県,3179,WELLOW,神奈川県,0,,-
SIRIUS,Bad Maniacs,0,,-,1267,99,神奈川県,1872,FIGALO,神奈川県,3267,STYU--,神奈川県,0,,-
SIRIUS,bass 2 bass,276,KAZU,神奈川県,723,ILOHA*,神奈川県,1268,BAY.,神奈川県,1922,STYU--,神奈川県,0,,-
SIRIUS,beatchic☆仮面～好き、でいさせて～,0,,-,1014,16GO!?,神奈川県,1606,QSAMA*,神奈川県,2030,CYBERX,神奈川県,0,,-
SIRIUS,BEAUTIFUL ANGEL,0,,-,642,TART,神奈川県,1768,ISH*,神奈川県,2498,STYU--,神奈川県,0,,-
SIRIUS,being torn the sky,0,,-,654,ILOHA*,神奈川県,1191,CRANKY,神奈川県,1994,KANON,神奈川県,0,,-
SIRIUS,bloomin' feeling,368,MARRON,神奈川県,1249,PSYCHO,神奈川県,1957,STYU--,神奈川県,2615,IGW.,神奈川県,0,,-
SIRIUS,CaptivAte～裁き～(SUBLIME TECHNO MIX),0,,-,1024,K-SUKE,神奈川県,1638,4SA9RA,神奈川県,2453,CYBERX,神奈川県,0,,-
SIRIUS,D,0,,-,1305,OKK,神奈川県,1851,ZUU,神奈川県,2596,IEK.S,神奈川県,0,,-
SIRIUS,DAWN -THE NEXT ENDEAVOUR-,0,,-,1641,MON0CH,神奈川県,2655,99,神奈川県,3142,MIFFY*,神奈川県,0,,-
SIRIUS,Dazzlin' Darlin-秋葉工房mix-,0,,-,796,UTKR,神奈川県,1510,KAZU34,神奈川県,2104,IGW.,神奈川県,0,,-
SIRIUS,DESIRE,0,,-,923,Y-08,神奈川県,1930,AGYPO3,神奈川県,2879,IGW.,神奈川県,0,,-
SIRIUS,Do Back Burn,0,,-,710,S!SUN3,神奈川県,1436,04,神奈川県,2144,STYU--,神奈川県,0,,-
SIRIUS,DOMINION,0,,-,1226,CRANKY,神奈川県,2307,KAZU34,神奈川県,3246,WELLOW,神奈川県,0,,-
SIRIUS,DROP,0,,-,852,99,神奈川県,2149,KAZU34,神奈川県,2651,CYBERX,神奈川県,0,,-
SIRIUS,Elisha,414,DONBEI,神奈川県,900,PERO,神奈川県,1491,BAY.,神奈川県,2291,IGW.,神奈川県,0,,-
SIRIUS,Empire State Glory,0,,-,1116,AGYPO3,神奈川県,1832,8NE877,神奈川県,2649,STYU--,神奈川県,0,,-
SIRIUS,eRAseRmOToRpHAntOM,0,,-,1537,04,神奈川県,2520,ZUU,神奈川県,3346,WELLOW,神奈川県,0,,-
SIRIUS,Evans,589,ARASHI,神奈川県,1251,04,神奈川県,2231,IGW.,神奈川県,2851,WELLOW,神奈川県,0,,-
SIRIUS,EXUSIA,0,,-,1243,04,神奈川県,2730,ZUU,神奈川県,3879,IGW.,神奈川県,0,,-
SIRIUS,G59,0,,-,1786,04,神奈川県,2284,OSUSHI,神奈川県,3938,WELLOW,神奈川県,0,,-
SIRIUS,GALGALIM,0,,-,1448,04,神奈川県,1982,AZ,神奈川県,2401,IEK.S,神奈川県,0,,-
SIRIUS,GOLDEN CROSS,0,,-,1072,KAZET,神奈川県,2100,C9,神奈川県,3507,WELLOW,神奈川県,0,,-
SIRIUS,Hydrogen Blueback,0,,-,1030,04,神奈川県,1670,CRANKY,神奈川県,2325,CYBERX,神奈川県,2448,STYU--,神奈川県
SIRIUS,IN THE NAME OF LOVE,524,T,神奈川県,733,ILOHA*,神奈川県,1416,STEEL*,神奈川県,1944,CYBERX,神奈川県,0,,-
SIRIUS,Keep it-秋葉工房mix-,0,,-,1022,04,神奈川県,1669,KAZU34,神奈川県,1879,CYBERX,神奈川県,0,,-
SIRIUS,Last Burning,0,,-,884,S.TART,神奈川県,1572,BE2356,神奈川県,2384,CYBERX,神奈川県,0,,-
SIRIUS,Light Shine,0,,-,815,04,神奈川県,1116,TAKA83,神奈川県,1969,CYBERX,神奈川県,0,,-
SIRIUS,MIRACLE MEETS,0,,-,955,04,神奈川県,1565,MTDRHS,神奈川県,2241,CYBERX,神奈川県,0,,-
SIRIUS,mosaic,0,,-,1498,04,神奈川県,2059,4SA9RA,神奈川県,3017,STYU--,神奈川県,0,,-
SIRIUS,NEW SENSATION -もう、あなたしか見えない-,0,,-,1272,04,神奈川県,2056,BAY.,神奈川県,2697,MIFFY*,神奈川県,0,,-
SIRIUS,NoN-Fiction Story!,0,,-,720,TART,神奈川県,1352,TAKA83,神奈川県,2218,IGW.,神奈川県,0,,-
SIRIUS,Programmed Sun,0,,-,1104,04,神奈川県,1841,KAZU34,神奈川県,2595,CYBERX,神奈川県,0,,-
SIRIUS,quell～the seventh slave～,0,,-,972,S.TART,神奈川県,1827,MKMFAN,神奈川県,3222,WELLOW,神奈川県,0,,-
SIRIUS,Raison d'etre～交差する宿命～,0,,-,1186,M-SAKU,神奈川県,2339,RMRORO,神奈川県,2762,IEK.S,神奈川県,4800,WELLOW,神奈川県
SIRIUS,Red. by Full Metal Jacket,0,,-,999,99,神奈川県,2067,AZ,神奈川県,3223,WELLOW,神奈川県,0,,-
SIRIUS,Roots of my way!,0,,-,858,MELVY,神奈川県,1351,04,神奈川県,2048,CYBERX,神奈川県,0,,-
SIRIUS,Session 1 -Genesis-,0,,-,921,04,神奈川県,1580,HARUTO,神奈川県,2462,IGW.,神奈川県,0,,-
SIRIUS,She is my wife,402,TAQ3,神奈川県,698,04,神奈川県,1498,CRANKY,神奈川県,1995,CYBERX,神奈川県,0,,-
SIRIUS,SOLID STATE SQUAD,0,,-,1054,04,神奈川県,2333,STEEL*,神奈川県,3605,WELLOW,神奈川県,3684,IGW.,神奈川県
SIRIUS,Sorrows,0,,-,794,04,神奈川県,1687,BAY.,神奈川県,2480,CYBERX,神奈川県,0,,-
SIRIUS,Special One,0,,-,861,04,神奈川県,1209,04,神奈川県,1782,CYBERX,神奈川県,0,,-
SIRIUS,THE LAST STRIKER,0,,-,1429,04,神奈川県,1938,KAZU34,神奈川県,2645,IGW.,神奈川県,0,,-
SIRIUS,The Story Begins,0,,-,817,KO-RIN,神奈川県,1782,4SA9RA,神奈川県,2449,CYBERX,神奈川県,0,,-
SIRIUS,かずあそび,0,,-,530,TART,神奈川県,1147,M-SAKU,神奈川県,1702,CYBERX,神奈川県,0,,-
SIRIUS,たからもの,0,,-,1275,KAZU34,神奈川県,1847,HAGANE,神奈川県,2245,CYBERX,神奈川県,3569,WELLOW,神奈川県
SIRIUS,コスモス,0,,-,910,04,神奈川県,1508,CRANKY,神奈川県,2097,CYBERX,神奈川県,0,,-
SIRIUS,サヨナラ・ヘヴン,356,HIRO,神奈川県,901,ILOHA*,神奈川県,1385,BAY.,神奈川県,1692,WELLOW,神奈川県,2187,MIFFY*,神奈川県
SIRIUS,バビロニア,0,,-,823,Y-08,神奈川県,1369,M-SAKU,神奈川県,1873,CYBERX,神奈川県,0,,-
SIRIUS,ワルツ第17番 ト短調”大犬のワルツ”,0,,-,1232,C-CLEF,神奈川県,2312,IEK.S,神奈川県,3283,WELLOW,神奈川県,0,,-
SIRIUS,未来のプリズム,0,,-,702,16GO!?,神奈川県,1369,04,神奈川県,1782,IGW.,神奈川県,0,,-
SIRIUS,"水上の提督(Short mix from ""幻想水滸伝V"")",0,,-,714,16GO!?,神奈川県,1610,4SA9RA,神奈川県,2113,WELLOW,神奈川県,0,,-
Resort Anthem,Aegis,0,,-,892,ECO-G,神奈川県,1419,8NE877,神奈川県,2363,HINO38,神奈川県,0,,-
Resort Anthem,ALBIDA,513,S-RAN,神奈川県,1111,04,神奈川県,1955,MIZO,神奈川県,3033,WELLOW,神奈川県,0,,-
Resort Anthem,Answer,0,,-,783,TART,神奈川県,1466,TAKA83,神奈川県,2439,CYBERX,神奈川県,0,,-
Resort Anthem,ANTHEM LANDING,0,,-,943,SQUALO,神奈川県,1949,ZUU,神奈川県,2961,MIFFY*,神奈川県,0,,-
Resort Anthem,Believe In Me,0,,-,903,NABE,神奈川県,1818,4SA9RA,神奈川県,2409,IGW.,神奈川県,0,,-
Resort Anthem,BLUST OF WIND,0,,-,846,TART,神奈川県,1525,CRANKY,神奈川県,2140,PO,神奈川県,2646,WELLOW,神奈川県
Resort Anthem,Bounce Bounce Bounce,0,,-,1055,PSYCHO,神奈川県,1668,M-SAKU,神奈川県,2514,WELLOW,神奈川県,0,,-
Resort Anthem,Breaking the ground,0,,-,1191,KARENA,神奈川県,1779,AZ,神奈川県,2541,CYBERX,神奈川県,0,,-
Resort Anthem,Broken,0,,-,1065,ILOHA*,神奈川県,2052,MELL,神奈川県,3184,WELLOW,神奈川県,0,,-
Resort Anthem,BROKEN EDEN,0,,-,958,.,神奈川県,1708,CRANKY,神奈川県,2345,IGW.,神奈川県,0,,-
Resort Anthem,Dances with Snow Fairies,0,,-,1392,SRST,神奈川県,2224,M6A2E1,神奈川県,3137,WELLOW,神奈川県,4128,WELLOW,神奈川県
Resort Anthem,DAYDREAMER,0,,-,1188,AGYPO3,神奈川県,1758,QSAMA*,神奈川県,2529,STYU--,神奈川県,0,,-
Resort Anthem,Destiny Sword,0,,-,903,S.TART,神奈川県,1761,4SA9RA,神奈川県,2408,CYBERX,神奈川県,0,,-
Resort Anthem,DM STAR～関西 energy style～,0,,-,1110,04,神奈川県,1944,STEEL*,神奈川県,2409,CYBERX,神奈川県,0,,-
Resort Anthem,Energy Drive,0,,-,709,CANOLA,神奈川県,1472,4SA9RA,神奈川県,2231,STYU--,神奈川県,0,,-
Resort Anthem,Eternal Tears,0,,-,438,ILOHA*,神奈川県,1086,AS,神奈川県,1377,CYBERX,神奈川県,0,,-
Resort Anthem,Everlasting Resort,0,,-,883,ILOHA*,神奈川県,1283,99,神奈川県,1911,IGW.,神奈川県,0,,-
Resort Anthem,Fantasia,235,KURO,神奈川県,399,ILOHA*,神奈川県,1549,SQUALO,神奈川県,2246,CYBERX,神奈川県,0,,-
Resort Anthem,Golden Palms,0,,-,752,S.TART,神奈川県,1483,BAY.,神奈川県,2045,CYBERX,神奈川県,2443,IGW.,神奈川県
Resort Anthem,I FIGHT ME,0,,-,628,ILOHA*,神奈川県,1393,4SA9RA,神奈川県,2136,CYBERX,神奈川県,0,,-
Resort Anthem,Kailua,0,,-,525,04,神奈川県,1356,KAZET,神奈川県,2225,WELLOW,神奈川県,0,,-
Resort Anthem,Let The Track Flow,0,,-,1125,04,神奈川県,1809,4SA9RA,神奈川県,2697,IGW.,神奈川県,0,,-
Resort Anthem,Medicine of love,0,,-,640,SHUREI,神奈川県,1102,KARENA,神奈川県,1732,CYBERX,神奈川県,2535,WELLOW,神奈川県
Resort Anthem,Mermaid girl,557,DONBEI,神奈川県,1000,KANON,神奈川県,1697,CRANKY,神奈川県,2224,IGW.,神奈川県,0,,-
Resort Anthem,Never Fade Away,0,,-,767,NAKAM,神奈川県,1792,STEEL*,神奈川県,3052,IGW.,神奈川県,0,,-
Resort Anthem,New Castle Legions,0,,-,978,04,神奈川県,1967,ZUU,神奈川県,2806,WELLOW,神奈川県,0,,-
Resort Anthem,PARADISE LOST,0,,-,1358,EDF,神奈川県,2372,IGW.,神奈川県,3350,IGW.,神奈川県,0,,-
Resort Anthem,passionate fate,0,,-,1165,04,神奈川県,1657,STEEL*,神奈川県,2139,CYBERX,神奈川県,0,,-
Resort Anthem,perditus†paradisus,0,,-,1246,CRANKY,神奈川県,2517,04,神奈川県,3936,WELLOW,神奈川県,0,,-
Resort Anthem,Programmed Life,0,,-,1111,STEEL*,神奈川県,1738,HARUTO,神奈川県,2398,CYBERX,神奈川県,0,,-
Resort Anthem,reunion,547,POMPOM,神奈川県,1376,FIGALO,神奈川県,2443,WELLOW,神奈川県,3267,WELLOW,神奈川県,0,,-
Resort Anthem,Rock Da House,0,,-,899,04,神奈川県,1637,KAZU34,神奈川県,2249,CYBERX,神奈川県,0,,-
Resort Anthem,SABER WING,0,,-,546,OSUSHI,神奈川県,1873,JD*ONG,神奈川県,2855,IEK.S,神奈川県,0,,-
Resort Anthem,Sakura Reflection,0,,-,484,TART,神奈川県,1602,BNJR,神奈川県,2377,STYU--,神奈川県,0,,-
Resort Anthem,sakura storm,0,,-,1054,S.TART,神奈川県,1344,8NE877,神奈川県,2439,IGW.,神奈川県,0,,-
Resort Anthem,Session 9 -Chronicles-,0,,-,775,04,神奈川県,2327,ZUU,神奈川県,3657,STYU--,神奈川県,0,,-
Resort Anthem,Space Time,0,,-,578,AQUA-B,神奈川県,1647,SQUALO,神奈川県,2217,CYBERX,神奈川県,0,,-
Resort Anthem,SPECIAL SUMMER CAMPAIGN!,0,,-,694,KO-RIN,神奈川県,1649,KAZU34,神奈川県,3007,WELLOW,神奈川県,0,,-
Resort Anthem,Stay my side,0,,-,650,TART,神奈川県,1053,CRANKY,神奈川県,1352,CYBERX,神奈川県,0,,-
Resort Anthem,STELLAR WIND,361,HIRO,神奈川県,644,TART,神奈川県,1884,BAY.,神奈川県,2700,HINO38,神奈川県,0,,-
Resort Anthem,THE BLACK KNIGHT,0,,-,922,04,神奈川県,2082,MASAKI,神奈川県,2936,IGW.,神奈川県,4546,WELLOW,神奈川県
Resort Anthem,THE DOOR INTO RAINBOW,0,,-,750,KO-RIN,神奈川県,1685,4SA9RA,神奈川県,2206,CYBERX,神奈川県,0,,-
Resort Anthem,THE FALLEN,0,,-,925,04,神奈川県,1547,8NE877,神奈川県,2714,MIFFY*,神奈川県,0,,-
Resort Anthem,Tropical April,0,,-,1567,99,神奈川県,2273,ZUU,神奈川県,2775,WELLOW,神奈川県,0,,-
Resort Anthem,Vermillion,0,,-,496,HANPI,神奈川県,1102,Y-08,神奈川県,2084,CYBERX,神奈川県,0,,-
Resort Anthem,Watch Out Pt.2,0,,-,1182,16GO!?,神奈川県,1967,AZ,神奈川県,2950,WELLOW,神奈川県,0,,-
Resort Anthem,WISE UP!,320,HIRO,神奈川県,490,ILOHA*,神奈川県,1186,8NE877,神奈川県,1602,8NE877,神奈川県,2623,WELLOW,神奈川県
Resort Anthem,Wuv U,0,,-,408,ILOHA*,神奈川県,1289,4SA9RA,神奈川県,1718,STYU--,神奈川県,0,,-
Resort Anthem,XANADU OF TWO,0,,-,996,OSUSHI,神奈川県,1729,QSAMA*,神奈川県,2762,MIFFY*,神奈川県,3455,HINO38,神奈川県
Resort Anthem,ZETA～素数の世界と超越者～,331,AGYPO3,神奈川県,601,AGYPO3,神奈川県,2066,C.F,神奈川県,3135,STYU--,神奈川県,0,,-
Resort Anthem,おおきなこえで,0,,-,460,TART,神奈川県,1001,16GO!?,神奈川県,1502,8NE877,神奈川県,2161,CYBERX,神奈川県
Resort Anthem,かげぬい ～ Ver.BENIBOTAN ～,465,T,神奈川県,885,04,神奈川県,1383,04,神奈川県,1933,STYU--,神奈川県,0,,-
Resort Anthem,中華急行,0,,-,327,ILOHA*,神奈川県,1514,KAZU34,神奈川県,2334,CYBERX,神奈川県,0,,-
Resort Anthem,夕焼け ～Fading Day～,0,,-,1002,STEEL*,神奈川県,2093,STYU--,神奈川県,2820,IGW.,神奈川県,0,,-
Resort Anthem,旅人リラン,0,,-,1153,STEEL*,神奈川県,1909,WAPPY,神奈川県,2658,CYBERX,神奈川県,0,,-
Resort Anthem,灼熱Beach Side Bunny,567,89NYAN,神奈川県,1105,ILOHA*,神奈川県,1992,AZ,神奈川県,3311,WELLOW,神奈川県,0,,-
Resort Anthem,黒髪乱れし修羅となりて,0,,-,820,S.TART,神奈川県,2057,CRANKY,神奈川県,3474,STYU--,神奈川県,0,,-
Lincle,24th Century BOY,0,,-,854,UTKR,神奈川県,1934,AGYPO3,神奈川県,2890,WELLOW,神奈川県,0,,-
Lincle,532nm,0,,-,576,TART,神奈川県,1212,Y-08,神奈川県,2676,IGW.,神奈川県,0,,-
Lincle,A MINSTREL ～ ver. short-scape ～,0,,-,677,BAY.,神奈川県,1444,MA2DAI,神奈川県,2373,CYBERX,神奈川県,3900,WELLOW,神奈川県
Lincle,Almace,0,,-,850,7RUKA3,神奈川県,1301,CRANKY,神奈川県,2018,IGW.,神奈川県,0,,-
Lincle,ANAGRAMS I to Y,0,,-,899,ILOHA*,神奈川県,1663,QSAMA*,神奈川県,2486,CYBERX,神奈川県,0,,-
Lincle,BLACK.by X-Cross Fade,0,,-,1026,MIFFY*,神奈川県,2216,STYU--,神奈川県,3451,WELLOW,神奈川県,0,,-
Lincle,CALL,0,,-,356,ILOHA*,神奈川県,849,ZER0.H,神奈川県,1466,CYBERX,神奈川県,2724,IGW.,神奈川県
Lincle,Castle on the Moon,236,AKIMIO,神奈川県,645,ILOHA*,神奈川県,1633,MASAKI,神奈川県,2443,IGW.,神奈川県,0,,-
Lincle,Change the World,0,,-,758,#INOVE,神奈川県,1396,A,神奈川県,1861,CYBERX,神奈川県,0,,-
Lincle,DIAVOLO,0,,-,1297,**.,神奈川県,1876,KAZU34,神奈川県,3248,WELLOW,神奈川県,0,,-
Lincle,Drive Me Crazy,0,,-,716,RMRORO,神奈川県,1396,HAGANE,神奈川県,2311,CYBERX,神奈川県,0,,-
Lincle,Express Emotion,0,,-,759,ILOHA*,神奈川県,1035,04,神奈川県,2534,CYBERX,神奈川県,0,,-
Lincle,F,0,,-,1050,SEN,神奈川県,2185,IGW.,神奈川県,3596,WELLOW,神奈川県,0,,-
Lincle,Far east nightbird,349,TAQ3,神奈川県,522,ILOHA*,神奈川県,1322,CRANKY,神奈川県,2045,STYU--,神奈川県,0,,-
Lincle,fffff,0,,-,830,ILOHA*,神奈川県,2047,M-SAKU,神奈川県,3164,WELLOW,神奈川県,0,,-
Lincle,Flip Flap,276,WAK,神奈川県,584,ILOHA*,神奈川県,1384,CRANKY,神奈川県,2260,CYBERX,神奈川県,0,,-
Lincle,Follow Tomorrow,0,,-,896,ILOHA*,神奈川県,1496,HINO38,神奈川県,2280,CYBERX,神奈川県,0,,-
Lincle,GIGANT,0,,-,585,ILOHA*,神奈川県,1176,04,神奈川県,1775,CYBERX,神奈川県,2950,IGW.,神奈川県
Lincle,HAERETICUS,0,,-,858,04,神奈川県,1898,ZUU,神奈川県,3081,WELLOW,神奈川県,0,,-
Lincle,I'm so Happy,309,ALBEX*,神奈川県,422,TART,神奈川県,1386,4SA9RA,神奈川県,2364,MIFFY*,神奈川県,0,,-
Lincle,In the Blackest Den,0,,-,887,S.TART,神奈川県,1630,IGW.,神奈川県,2642,WELLOW,神奈川県,0,,-
Lincle,Infinite cave,0,,-,1038,S.TART,神奈川県,1530,BAY.,神奈川県,2073,PO,神奈川県,0,,-
Lincle,KYAMISAMA ONEGAI!,0,,-,687,MELL,神奈川県,1154,IGW.,神奈川県,2137,MIFFY*,神奈川県,3105,WELLOW,神奈川県
Lincle,LAX5 feat.Ryota Yoshinari,0,,-,1067,04,神奈川県,2074,CRANKY,神奈川県,2850,CYBERX,神奈川県,0,,-
Lincle,LETHEBOLG ～双神威に斬り咲けり～,0,,-,1030,04,神奈川県,1623,4SA9RA,神奈川県,2220,CYBERX,神奈川県,0,,-
Lincle,Liquid Crystal Girl feat. echo,0,,-,417,TART,神奈川県,1122,16GO!?,神奈川県,2023,CYBERX,神奈川県,0,,-
Lincle,LOVE B.B.B,0,,-,717,NADJA,神奈川県,1500,ABEREO,神奈川県,2031,CYBERX,神奈川県,0,,-
Lincle,Lucky Days,0,,-,666,TART,神奈川県,1517,CRANKY,神奈川県,2216,CYBERX,神奈川県,0,,-
Lincle,Mermaid girl-秋葉工房 MIX-,0,,-,818,ILOHA*,神奈川県,1335,CRANKY,神奈川県,2060,CYBERX,神奈川県,0,,-
Lincle,Miami Sunset Drive,0,,-,648,TART,神奈川県,1058,CRANKY,神奈川県,1680,CYBERX,神奈川県,0,,-
Lincle,NNRT,0,,-,1253,04,神奈川県,2450,ZUU,神奈川県,3526,WELLOW,神奈川県,0,,-
Lincle,Phoenix,0,,-,905,S.TART,神奈川県,1190,K-SUKE,神奈川県,2508,CYBERX,神奈川県,3985,WELLOW,神奈川県
Lincle,prompt,0,,-,954,04,神奈川県,1583,SQUALO,神奈川県,2811,IEK.S,神奈川県,0,,-
Lincle,QUANTUM TELEPORTATION,0,,-,1340,EDF,神奈川県,2350,ZUU,神奈川県,2955,CYBERX,神奈川県,3663,WELLOW,神奈川県
Lincle,quaver♪,285,T,神奈川県,703,ILOHA*,神奈川県,2121,AZ,神奈川県,3463,WELLOW,神奈川県,0,,-
Lincle,Quick Silver,0,,-,793,04,神奈川県,1756,99,神奈川県,2694,IEK.S,神奈川県,0,,-
Lincle,Release The Music,0,,-,851,S.TART,神奈川県,1355,AS,神奈川県,2139,CYBERX,神奈川県,0,,-
Lincle,RESISTANCE,0,,-,640,TART,神奈川県,1338,04,神奈川県,2389,CYBERX,神奈川県,0,,-
Lincle,Round and Round,0,,-,782,ILOHA*,神奈川県,1240,16GO!?,神奈川県,2162,IEK.S,神奈川県,0,,-
Lincle,SA.YO.NA.RA. SUPER STAR,0,,-,440,J-GON,神奈川県,1246,KAM,神奈川県,1722,STYU--,神奈川県,0,,-
Lincle,Scharfrichter,0,,-,892,04,神奈川県,1559,PIYO,神奈川県,2930,IGW.,神奈川県,0,,-
Lincle,Several Words,0,,-,642,16GO!?,神奈川県,1327,AAAAAA,神奈川県,2191,CYBERX,神奈川県,0,,-
Lincle,SHADE,0,,-,1100,STEEL*,神奈川県,2072,STEEL*,神奈川県,2922,MIFFY*,神奈川県,0,,-
Lincle,Snake Stick,0,,-,1068,16GO!?,神奈川県,2063,PO,神奈川県,2797,WELLOW,神奈川県,0,,-
Lincle,Snow Goose,291,AGYPO3,神奈川県,376,TART,神奈川県,1326,B-CYC,神奈川県,2462,STYU--,神奈川県,0,,-
Lincle,Star Trail,0,,-,629,ILOHA*,神奈川県,1161,EDF,神奈川県,1876,STYU--,神奈川県,2626,WELLOW,神奈川県
Lincle,The Limbo,0,,-,1188,04,神奈川県,2004,MIZO,神奈川県,3372,IGW.,神奈川県,4298,WELLOW,神奈川県
Lincle,The Sampling Paradise,0,,-,858,UTKR,神奈川県,1860,STEEL*,神奈川県,3060,WELLOW,神奈川県,0,,-
Lincle,Thunderbolt,0,,-,1022,04,神奈川県,1922,BAY.,神奈川県,3806,WELLOW,神奈川県,0,,-
Lincle,TITANS RETURN,316,99,神奈川県,608,PSAPSA,神奈川県,1512,BLAZE*,神奈川県,2513,IGW.,神奈川県,2663,WELLOW,神奈川県
Lincle,Todestrieb,0,,-,1100,ILOHA*,神奈川県,1940,8NE877,神奈川県,3454,WELLOW,神奈川県,0,,-
Lincle,Voxane,0,,-,624,S.TART,神奈川県,1247,04,神奈川県,1758,CYBERX,神奈川県,0,,-
Lincle,WONDER WALKER,0,,-,985,04,神奈川県,1954,KAZU34,神奈川県,3816,WELLOW,神奈川県,0,,-
Lincle,YAKSHA,0,,-,1257,04,神奈川県,2344,ZUU,神奈川県,3928,IGW.,神奈川県,0,,-
Lincle,yellow head joe,0,,-,788,ILOHA*,神奈川県,1532,BAY.,神奈川県,2298,CYBERX,神奈川県,3156,WELLOW,神奈川県
Lincle,Yellow Sunrise,0,,-,766,TART,神奈川県,1445,04,神奈川県,2288,CYBERX,神奈川県,0,,-
Lincle,ビューティフルレシート,334,WATAME,神奈川県,518,TART,神奈川県,1203,TAKA83,神奈川県,1949,CYBERX,神奈川県,0,,-
Lincle,ユミル,0,,-,654,ILOHA*,神奈川県,1323,TAKA83,神奈川県,2858,STYU--,神奈川県,0,,-
Lincle,君のハートにロックオン,0,,-,718,TART,神奈川県,1727,CRANKY,神奈川県,2696,STYU--,神奈川県,3534,WELLOW,神奈川県
Lincle,天空の夜明け,0,,-,1358,16GO!?,神奈川県,2157,KAZU34,神奈川県,4064,WELLOW,神奈川県,0,,-
Lincle,子供の落書き帳,0,,-,926,04,神奈川県,1929,ZUU,神奈川県,2698,WELLOW,神奈川県,0,,-
Lincle,恋する☆宇宙戦争っ！！,486,MARRON,神奈川県,909,04,神奈川県,1742,CRANKY,神奈川県,3598,IGW.,神奈川県,4650,WELLOW,神奈川県
Lincle,突撃!ガラスのニーソ姫!,0,,-,658,TART,神奈川県,1168,04,神奈川県,2122,CYBERX,神奈川県,0,,-
Lincle,聖人の塔,0,,-,952,04,神奈川県,1999,ZUU,神奈川県,3063,WELLOW,神奈川県,4412,WELLOW,神奈川県
Lincle,蛇神,393,MARRON,神奈川県,736,TART,神奈川県,1520,AZ,神奈川県,2845,STYU--,神奈川県,3767,WELLOW,神奈川県
Lincle,衰色小町メランコリア,0,,-,802,TART,神奈川県,1404,CRANKY,神奈川県,2375,CYBERX,神奈川県,0,,-
Lincle,陽炎,0,,-,620,ILOHA*,神奈川県,1203,04,神奈川県,2015,CYBERX,神奈川県,0,,-
tricoro,405nm (Ryu☆mix),0,,-,934,STEEL*,神奈川県,1702,CRANKY,神奈川県,2591,CYBERX,神奈川県,0,,-
tricoro,8bit Princess,0,,-,649,ILOHA*,神奈川県,1367,CRANKY,神奈川県,2636,CYBERX,神奈川県,0,,-
tricoro,Ascalon,0,,-,1115,S.TART,神奈川県,1766,CRANKY,神奈川県,2332,CYBERX,神奈川県,0,,-
tricoro,Beastie Starter,0,,-,530,ILOHA*,神奈川県,1263,CRANKY,神奈川県,2206,STYU--,神奈川県,0,,-
tricoro,BLUE STRAGGLER,0,,-,854,ILOHA*,神奈川県,1363,AS,神奈川県,2631,CYBERX,神奈川県,0,,-
tricoro,BRAVE GLOW,0,,-,830,S.TART,神奈川県,1690,4SA9RA,神奈川県,2519,CYBERX,神奈川県,0,,-
tricoro,CONCEPTUAL,0,,-,780,FIGALO,神奈川県,1357,04,神奈川県,2752,IGW.,神奈川県,0,,-
tricoro,Confiserie,0,,-,917,MISO,神奈川県,2106,KAZU34,神奈川県,3607,WELLOW,神奈川県,0,,-
tricoro,connective,0,,-,399,ILOHA*,神奈川県,1124,16GO!?,神奈川県,1608,8NE877,神奈川県,0,,-
tricoro,Cookie Bouquets,0,,-,872,ILOHA*,神奈川県,2070,CRANKY,神奈川県,3419,WELLOW,神奈川県,0,,-
tricoro,DAY DREAM,0,,-,558,OSUSHI,神奈川県,1253,ZUU,神奈川県,2091,WELLOW,神奈川県,0,,-
tricoro,Devilz Staircase,0,,-,649,ILOHA*,神奈川県,2163,MIZO,神奈川県,3304,CYBERX,神奈川県,0,,-
tricoro,Elemental Creation,248,AKIMIO,神奈川県,1512,04,神奈川県,2390,BAY.,神奈川県,4176,WELLOW,神奈川県,0,,-
tricoro,examination leave,0,,-,1167,04,神奈川県,1860,4SA9RA,神奈川県,3418,WELLOW,神奈川県,0,,-
tricoro,FLOWER,348,SQUALO,神奈川県,1144,04,神奈川県,1783,AZ,神奈川県,2907,KANON,神奈川県,0,,-
tricoro,Fly you to the star,0,,-,786,16GO!?,神奈川県,1611,CRANKY,神奈川県,2286,CYBERX,神奈川県,0,,-
tricoro,GAIA,0,,-,1035,04,神奈川県,2143,BNJR,神奈川県,3332,WELLOW,神奈川県,0,,-
tricoro,GRADIUS 2012,0,,-,904,04,神奈川県,1714,BAY.,神奈川県,2750,STYU--,神奈川県,0,,-
tricoro,Hollywood Galaxy,0,,-,1123,04,神奈川県,2004,4SA9RA,神奈川県,2746,STYU--,神奈川県,0,,-
tricoro,Howling,0,,-,547,NAKAM,神奈川県,1383,IGW.,神奈川県,2128,CYBERX,神奈川県,2690,STYU--,神奈川県
tricoro,I know You know,0,,-,596,ILOHA*,神奈川県,1198,16GO!?,神奈川県,1889,CYBERX,神奈川県,0,,-
tricoro,ILIAS,0,,-,798,ILOHA*,神奈川県,1325,04,神奈川県,2206,STYU--,神奈川県,0,,-
tricoro,Illegal Function Call,0,,-,1016,STEEL*,神奈川県,1794,MENT,神奈川県,2676,CYBERX,神奈川県,3796,WELLOW,神奈川県
tricoro,In Heaven,0,,-,748,RACOON,神奈川県,1480,STEEL*,神奈川県,2141,STYU--,神奈川県,0,,-
tricoro,JOMANDA,260,OSUSHI,神奈川県,1155,OSUSHI,神奈川県,2374,KAZU34,神奈川県,3772,WELLOW,神奈川県,0,,-
tricoro,Liberation,0,,-,1500,04,神奈川県,2350,KAZU34,神奈川県,3729,WELLOW,神奈川県,0,,-
tricoro,Light and Cyber…,0,,-,1057,TART,神奈川県,2007,4SA9RA,神奈川県,3133,CYBERX,神奈川県,0,,-
tricoro,Little Star,0,,-,985,04,神奈川県,1784,8NE877,神奈川県,3223,WELLOW,神奈川県,0,,-
tricoro,LUV CAN SAVE U,0,,-,582,ILOHA*,神奈川県,1428,STEEL*,神奈川県,2135,IGW.,神奈川県,2809,CYBERX,神奈川県
tricoro,mnemoniq,0,,-,530,UTKR,神奈川県,970,16GO!?,神奈川県,1314,8NE877,神奈川県,0,,-
tricoro,Neonlights,0,,-,664,STEEL*,神奈川県,1620,STEEL*,神奈川県,2236,CYBERX,神奈川県,0,,-
tricoro,neu,187,PIYO,神奈川県,978,04,神奈川県,2137,ZUU,神奈川県,3941,ZION,神奈川県,0,,-
tricoro,New Decade IIDX Edition,272,KAISER,神奈川県,996,04,神奈川県,1900,4SA9RA,神奈川県,3047,IGW.,神奈川県,0,,-
tricoro,New Lights,0,,-,1056,04,神奈川県,1778,HARUTO,神奈川県,2489,CYBERX,神奈川県,0,,-
tricoro,Plan 8,0,,-,1186,04,神奈川県,2200,AZ,神奈川県,3281,WELLOW,神奈川県,0,,-
tricoro,planarian,0,,-,720,TART,神奈川県,1664,QSAMA*,神奈川県,2551,CYBERX,神奈川県,0,,-
tricoro,POINT ZERO,0,,-,695,WATASI,神奈川県,1239,TAKA83,神奈川県,2113,CYBERX,神奈川県,0,,-
tricoro,Präludium,0,,-,710,TART,神奈川県,1432,4SA9RA,神奈川県,2304,PO,神奈川県,0,,-
tricoro,Proof of the existence,0,,-,1197,STEEL*,神奈川県,2084,ZUU,神奈川県,3274,WELLOW,神奈川県,0,,-
tricoro,Rainbow after snow,0,,-,740,16GO!?,神奈川県,1479,16GO!?,神奈川県,2179,CYBERX,神奈川県,0,,-
tricoro,Re:GENERATION,236,AKIMIO,神奈川県,948,04,神奈川県,1543,4SA9RA,神奈川県,2276,CYBERX,神奈川県,0,,-
tricoro,Reflection Into the EDEN,0,,-,788,UTKR,神奈川県,1423,CRANKY,神奈川県,2172,CYBERX,神奈川県,0,,-
tricoro,rumrum triplets,0,,-,974,04,神奈川県,1998,YUZURI,神奈川県,3051,IGW.,神奈川県,0,,-
tricoro,S!ck,0,,-,918,STEEL*,神奈川県,1591,STEEL*,神奈川県,2719,IGW.,神奈川県,0,,-
tricoro,Saturn,0,,-,1369,STEEL*,神奈川県,1978,MIZO,神奈川県,2641,CYBERX,神奈川県,3516,HINO38,神奈川県
tricoro,Shining World,0,,-,1247,04,神奈川県,1589,B-CYC,神奈川県,1952,MIFFY*,神奈川県,0,,-
tricoro,SHION,0,,-,668,99,神奈川県,1299,MON0CH,神奈川県,2715,CYBERX,神奈川県,0,,-
tricoro,Sol Cosine Job 2,0,,-,1065,04,神奈川県,1675,QDO777,神奈川県,3173,WELLOW,神奈川県,0,,-
tricoro,STULTI,0,,-,815,04,神奈川県,1623,ZUU,神奈川県,2772,WELLOW,神奈川県,0,,-
tricoro,SYNC-ANTHEM,0,,-,960,16GO!?,神奈川県,2450,ZUU,神奈川県,3699,WELLOW,神奈川県,0,,-
tricoro,Synergy For Angels,0,,-,758,YVSVK3,神奈川県,1644,CRANKY,神奈川県,2786,CYBERX,神奈川県,0,,-
tricoro,Take My Life,0,,-,973,S.TART,神奈川県,1584,QSAMA*,神奈川県,2952,MIFFY*,神奈川県,0,,-
tricoro,Thor's Hammer,0,,-,962,04,神奈川県,1801,M.M1KA,神奈川県,3077,WELLOW,神奈川県,0,,-
tricoro,Time To Empress,0,,-,934,16GO!?,神奈川県,1915,CRANKY,神奈川県,2632,MIFFY*,神奈川県,3169,WELLOW,神奈川県
tricoro,Timepiece phase II,0,,-,1060,04,神奈川県,2138,XELO,神奈川県,3304,WELLOW,神奈川県,0,,-
tricoro,Timepiece phase II (CN Ver.),0,,-,988,04,神奈川県,1865,AGYPO3,神奈川県,3040,WELLOW,神奈川県,0,,-
tricoro,True Blue,0,,-,1102,16GO!?,神奈川県,2514,MON0CH,神奈川県,3780,WELLOW,神奈川県,0,,-
tricoro,Valanga,0,,-,1341,STEEL*,神奈川県,2213,KAZU34,神奈川県,3268,WELLOW,神奈川県,0,,-
tricoro,VALLIS-NERIA,250,AKIMIO,神奈川県,1212,04,神奈川県,2094,MIZO,神奈川県,2983,HINO38,神奈川県,0,,-
tricoro,VEGA,0,,-,1149,04,神奈川県,2077,AGYPO3,神奈川県,3144,IGW.,神奈川県,0,,-
tricoro,ZED,0,,-,944,STEEL*,神奈川県,1667,C.KAFU,神奈川県,2774,IGW.,神奈川県,3480,WELLOW,神奈川県
tricoro,Zirkfied,0,,-,1040,AGYPO3,神奈川県,2010,AGYPO3,神奈川県,3858,WELLOW,神奈川県,0,,-
tricoro,ΕΛΠΙΣ,0,,-,1164,STEEL*,神奈川県,2048,MIZO,神奈川県,3175,WELLOW,神奈川県,3632,WELLOW,神奈川県
tricoro,†渚の小悪魔ラヴリィ～レイディオ†(IIDX EDIT),236,S-I,神奈川県,549,ILOHA*,神奈川県,1677,HAGANE,神奈川県,3615,WELLOW,神奈川県,0,,-
tricoro,お米の美味しい炊き方、そしてお米を食べることによるその効果。,0,,-,897,04,神奈川県,1570,4SA9RA,神奈川県,2224,IGW.,神奈川県,3731,WELLOW,神奈川県
tricoro,たまゆら,0,,-,1182,UTKR,神奈川県,1848,ZUU,神奈川県,2792,WELLOW,神奈川県,0,,-
tricoro,アストライアの双皿,0,,-,690,TART,神奈川県,2081,8NE877,神奈川県,3191,WELLOW,神奈川県,0,,-
tricoro,カジノファイヤーことみちゃん,0,,-,625,TAQ3,神奈川県,1459,8NE877,神奈川県,2472,CYBERX,神奈川県,3433,WELLOW,神奈川県
tricoro,キャトられ恋はモ～モク,0,,-,1486,04,神奈川県,2589,ZUU,神奈川県,3886,WELLOW,神奈川県,0,,-
tricoro,シュレーディンガーの猫,0,,-,1130,04,神奈川県,2388,IGARA4,神奈川県,3409,WELLOW,神奈川県,0,,-
tricoro,トリカゴノ鳳凰,0,,-,1123,MISO,神奈川県,2080,8NE877,神奈川県,3817,IGW.,神奈川県,0,,-
tricoro,メイメツ、フラグメンツ,0,,-,605,OBORO,神奈川県,1304,CRANKY,神奈川県,1966,STYU--,神奈川県,0,,-
tricoro,ラキラキ,0,,-,641,*AINE*,神奈川県,1440,B-CYC,神奈川県,1998,CYBERX,神奈川県,0,,-
tricoro,下弦の月,0,,-,941,04,神奈川県,1490,8NE877,神奈川県,1996,CYBERX,神奈川県,0,,-
tricoro,仮想空間の旅人たち,0,,-,1168,STEEL*,神奈川県,2160,AGYPO3,神奈川県,2890,CYBERX,神奈川県,3867,IGW.,神奈川県
tricoro,創世ノート,0,,-,830,ILOHA*,神奈川県,1842,PIYO,神奈川県,3005,STYU--,神奈川県,0,,-
tricoro,即席！脳直★ミュージックシステム,0,,-,1028,PERO,神奈川県,1964,ZUU,神奈川県,3638,WELLOW,神奈川県,0,,-
tricoro,朧,203,SAKANA,神奈川県,786,ILOHA*,神奈川県,1493,04,神奈川県,2118,STYU--,神奈川県,2555,WELLOW,神奈川県
tricoro,梅雪夜,0,,-,825,JIRO,神奈川県,1477,CRANKY,神奈川県,2157,CYBERX,神奈川県,0,,-
tricoro,狂イ咲ケ焔ノ華,0,,-,1227,04,神奈川県,2412,ZUU,神奈川県,3660,STYU--,神奈川県,0,,-
tricoro,音楽,0,,-,869,**.,神奈川県,1958,ZUU,神奈川県,2863,WELLOW,神奈川県,0,,-
tricoro,龍と少女とデコヒーレンス,0,,-,843,04,神奈川県,1709,C9,神奈川県,3016,IEK.S,神奈川県,3409,WELLOW,神奈川県
SPADA,Adularia,197,KAZU,神奈川県,1076,STYU--,神奈川県,1867,MIZO,神奈川県,2867,IGW.,神奈川県,0,,-
SPADA,ALBA -黎明-,0,,-,641,SQUALO,神奈川県,1537,CRANKY,神奈川県,3257,WELLOW,神奈川県,3939,WELLOW,神奈川県
SPADA,Ancient Scapes,0,,-,1170,AGYPO3,神奈川県,2048,ZUU,神奈川県,3514,NAGISA,神奈川県,4300,WELLOW,神奈川県
SPADA,ATHER,0,,-,1014,04,神奈川県,1598,4SA9RA,神奈川県,2854,IGW.,神奈川県,3241,WELLOW,神奈川県
SPADA,BLUE DRAGON(雷龍RemixIIDX),0,,-,1424,7RUKA3,神奈川県,2223,ZUU,神奈川県,3418,WELLOW,神奈川県,0,,-
SPADA,BRAINSTORM,0,,-,758,ILOHA*,神奈川県,1928,ZUU,神奈川県,2845,IEK.S,神奈川県,0,,-
SPADA,BRAVE OUT,0,,-,1024,M-SAKU,神奈川県,1508,CRANKY,神奈川県,2170,CYBERX,神奈川県,2805,IEK.S,神奈川県
SPADA,Claiomh Solais,0,,-,345,TAAZA,神奈川県,1433,04,神奈川県,2099,IGW.,神奈川県,0,,-
SPADA,Cleopatrysm,0,,-,817,ILOHA*,神奈川県,1413,MISO,神奈川県,2615,STYU--,神奈川県,0,,-
SPADA,Close the World feat.a☆ru,0,,-,1106,*MOOP*,神奈川県,2075,TAAZA,神奈川県,3457,WELLOW,神奈川県,3900,STYU--,神奈川県
SPADA,Critical Crystal,220,THIZM,神奈川県,1110,04,神奈川県,1831,4SA9RA,神奈川県,2959,STYU--,神奈川県,0,,-
SPADA,DARK LEGACY,0,,-,1316,04,神奈川県,2054,4SA9RA,神奈川県,3619,WELLOW,神奈川県,0,,-
SPADA,Devilz Sacrifice -贖罪の羊-,0,,-,957,M.M1KA,神奈川県,1746,WAPPY,神奈川県,2501,CYBERX,神奈川県,0,,-
SPADA,diagram,0,,-,636,TART,神奈川県,1259,MISO,神奈川県,2898,WELLOW,神奈川県,0,,-
SPADA,Elektrick U-Phoria,0,,-,1167,04,神奈川県,1888,NIJINO,神奈川県,3115,IGW.,神奈川県,4044,WELLOW,神奈川県
SPADA,Element of SPADA,0,,-,685,ILOHA*,神奈川県,1354,SQUALO,神奈川県,2092,CYBERX,神奈川県,3111,WELLOW,神奈川県
SPADA,Engraved Mark,0,,-,811,ILOHA*,神奈川県,1296,PERO,神奈川県,2429,IGW.,神奈川県,0,,-
SPADA,EXTREME MACH COLLIDER,0,,-,1025,04,神奈川県,1508,STEEL*,神奈川県,2592,CYBERX,神奈川県,0,,-
SPADA,Feel The Beat,0,,-,1342,16GO!?,神奈川県,2176,ZUU,神奈川県,3615,WELLOW,神奈川県,4405,WELLOW,神奈川県
SPADA,Funny shuffle,0,,-,618,TART,神奈川県,1150,04,神奈川県,2366,STYU--,神奈川県,0,,-
SPADA,HYENA,0,,-,1192,04,神奈川県,1927,B-CYC,神奈川県,2846,IGW.,神奈川県,3749,WELLOW,神奈川県
SPADA,Hypersonik,0,,-,997,MISO,神奈川県,1708,AGYPO3,神奈川県,2533,CYBERX,神奈川県,0,,-
SPADA,I will be back -オレは帰ってきた-,0,,-,1013,K-SUKE,神奈川県,1846,AHRY,神奈川県,2956,IGW.,神奈川県,0,,-
SPADA,Idola,0,,-,1208,04,神奈川県,2276,4SA9RA,神奈川県,3626,STYU--,神奈川県,0,,-
SPADA,Insane Techniques,0,,-,717,KO-RIN,神奈川県,1261,TOMOYA,神奈川県,2491,IGW.,神奈川県,0,,-
SPADA,INSOMNIA,0,,-,764,*FTO*,神奈川県,1831,BAY.,神奈川県,3265,WELLOW,神奈川県,0,,-
SPADA,into the battlefield,0,,-,604,YSM,神奈川県,1421,QSAMA*,神奈川県,2382,CYBERX,神奈川県,0,,-
SPADA,invoker,0,,-,1125,04,神奈川県,1926,4SA9RA,神奈川県,3227,WELLOW,神奈川県,3632,WELLOW,神奈川県
SPADA,IX,0,,-,1298,04,神奈川県,2459,WELLOW,神奈川県,3931,WELLOW,神奈川県,0,,-
SPADA,KAISER PHOENIX,0,,-,1288,EDF,神奈川県,2368,IGW.,神奈川県,3306,IGW.,神奈川県,3983,WELLOW,神奈川県
SPADA,KHAMEN BREAK,0,,-,586,ILOHA*,神奈川県,1387,TAKA83,神奈川県,2526,IGW.,神奈川県,0,,-
SPADA,Last Dance,0,,-,1200,04,神奈川県,2002,ZUU,神奈川県,3254,STYU--,神奈川県,0,,-
SPADA,Lighting Shower,0,,-,809,LEVI.M,神奈川県,1376,8NE877,神奈川県,2432,IEK.S,神奈川県,0,,-
SPADA,M.D.Injection,0,,-,599,ILOHA*,神奈川県,1240,04,神奈川県,2445,CYBERX,神奈川県,0,,-
SPADA,m1dy Deluxe,0,,-,1182,04,神奈川県,1780,AZ,神奈川県,2634,PO,神奈川県,0,,-
SPADA,MAD ATTACK,0,,-,678,ILOHA*,神奈川県,1322,CRANKY,神奈川県,1973,CYBERX,神奈川県,2697,WELLOW,神奈川県
SPADA,MAGIC & LOVE,0,,-,1014,04,神奈川県,1819,HARUTO,神奈川県,2936,MIFFY*,神奈川県,0,,-
SPADA,Miracle 5ympho X,0,,-,764,04,神奈川県,1306,4SA9RA,神奈川県,2636,CYBERX,神奈川県,3020,WELLOW,神奈川県
SPADA,NPC World,0,,-,1030,04,神奈川県,1535,Y0K4,神奈川県,2304,IGW.,神奈川県,0,,-
SPADA,Odin,0,,-,788,UTKR,神奈川県,1401,CRANKY,神奈川県,2071,CYBERX,神奈川県,0,,-
SPADA,Overload Frontier,0,,-,782,04,神奈川県,1831,4SA9RA,神奈川県,2643,CYBERX,神奈川県,0,,-
SPADA,Pharaoh,0,,-,649,ILOHA*,神奈川県,1386,CRANKY,神奈川県,2471,IGW.,神奈川県,0,,-
SPADA,PUNISHER,0,,-,1155,04,神奈川県,2053,99,神奈川県,3608,WELLOW,神奈川県,0,,-
SPADA,ra'am,0,,-,1184,VIT,神奈川県,1880,ZUU,神奈川県,2843,IGW.,神奈川県,0,,-
SPADA,rainbow guitar weeps,0,,-,970,04,神奈川県,1845,KAZU34,神奈川県,2787,IGW.,神奈川県,0,,-
SPADA,Recollection,0,,-,1184,04,神奈川県,1750,OSUSHI,神奈川県,2232,CYBERX,神奈川県,0,,-
SPADA,refractive index,0,,-,739,ILOHA*,神奈川県,1455,04,神奈川県,2708,STYU--,神奈川県,0,,-
SPADA,RISE,0,,-,949,04,神奈川県,1298,Y0K4,神奈川県,1892,CYBERX,神奈川県,0,,-
SPADA,RIZING YOU UP,0,,-,1063,04,神奈川県,2117,CRANKY,神奈川県,2581,CYBERX,神奈川県,0,,-
SPADA,SCHWARZSCHILD FIELD,0,,-,929,04,神奈川県,1648,STEEL*,神奈川県,2408,IEK.S,神奈川県,0,,-
SPADA,Sigmund,0,,-,1581,04,神奈川県,2359,DENTAK,神奈川県,3943,WELLOW,神奈川県,4376,WELLOW,神奈川県
SPADA,Squeeze,0,,-,851,04,神奈川県,1468,4SA9RA,神奈川県,2494,CYBERX,神奈川県,0,,-
SPADA,THE DETONATOR,0,,-,1657,STEEL*,神奈川県,2526,STEEL*,神奈川県,3212,STYU--,神奈川県,0,,-
SPADA,Unicorn tail,0,,-,841,04,神奈川県,2072,MASAKI,神奈川県,3157,IGW.,神奈川県,0,,-
SPADA,Valgus,0,,-,617,HIRO,神奈川県,1351,04,神奈川県,2384,CYBERX,神奈川県,0,,-
SPADA,Verflucht,0,,-,1282,04,神奈川県,2097,MON0CH,神奈川県,3569,IGW.,神奈川県,4754,WELLOW,神奈川県
SPADA,VOX UP,0,,-,1416,SRST,神奈川県,2875,IGW.,神奈川県,3661,WELLOW,神奈川県,0,,-
SPADA,Wonder Girl feat. Kanae Asaba,0,,-,716,ILOHA*,神奈川県,1289,8NE877,神奈川県,2821,WELLOW,神奈川県,0,,-
SPADA,お願いアインシュタイン,0,,-,893,04,神奈川県,1475,OSUSHI,神奈川県,2126,CYBERX,神奈川県,0,,-
SPADA,アルストロメリア,203,DSECY*,神奈川県,979,04,神奈川県,1571,CRANKY,神奈川県,2504,STYU--,神奈川県,0,,-
SPADA,デッドボヲルdeホームラン,0,,-,617,ILOHA*,神奈川県,1484,DL.46*,神奈川県,2771,MIFFY*,神奈川県,0,,-
SPADA,バンブーソード・ガール,259,AKIMIO,神奈川県,999,ILOHA*,神奈川県,1774,FIGALO,神奈川県,2479,STYU--,神奈川県,0,,-
SPADA,廿,0,,-,959,04,神奈川県,1662,WAPPY,神奈川県,2402,CYBERX,神奈川県,3409,WELLOW,神奈川県
SPADA,旋律のドグマ～Miserables～,0,,-,1180,IIDX33,神奈川県,2488,ZUU,神奈川県,3980,STYU--,神奈川県,0,,-
SPADA,海神,0,,-,1155,AGYPO3,神奈川県,2071,ZUU,神奈川県,3224,WELLOW,神奈川県,3599,WELLOW,神奈川県
SPADA,煉獄のエルフェリア,0,,-,1374,04,神奈川県,2337,M6A2E1,神奈川県,3928,WELLOW,神奈川県,0,,-
SPADA,牧神笛吹きて,0,,-,750,TART,神奈川県,1412,BAY.,神奈川県,2076,IGW.,神奈川県,0,,-
SPADA,疾風迅雷,0,,-,1170,04,神奈川県,2112,IGW.,神奈川県,2942,WELLOW,神奈川県,3509,WELLOW,神奈川県
SPADA,罪と罰,0,,-,1102,04,神奈川県,1393,CRANKY,神奈川県,2176,CYBERX,神奈川県,0,,-
SPADA,超!!遠距離らぶメ～ル,0,,-,584,16GO!?,神奈川県,1493,AS,神奈川県,2689,CYBERX,神奈川県,0,,-
SPADA,轟け！恋のビーンボール！！,0,,-,1044,UTKR,神奈川県,1948,FIGALO,神奈川県,3586,WELLOW,神奈川県,0,,-
PENDUAL,#The_Relentless,0,,-,1201,UTKR,神奈川県,1936,NEUM,神奈川県,2950,MIFFY*,神奈川県,4482,WELLOW,神奈川県
PENDUAL,AFRO KNUCKLE,0,,-,933,MISO,神奈川県,1792,STEEL*,神奈川県,2433,STYU--,神奈川県,0,,-
PENDUAL,Beat Radiance,0,,-,958,MISO,神奈川県,1607,DB3KEY,神奈川県,2661,CYBERX,神奈川県,3599,WELLOW,神奈川県
PENDUAL,Beyond The Earth,0,,-,1198,MOODY!,神奈川県,2053,ZUU,神奈川県,3239,WELLOW,神奈川県,0,,-
PENDUAL,Blaze it UP!,0,,-,936,KO-RIN,神奈川県,1865,CRANKY,神奈川県,2985,CYBERX,神奈川県,0,,-
PENDUAL,BLUE MIRAGE,0,,-,1131,BUTA,神奈川県,2052,AZ,神奈川県,3109,WELLOW,神奈川県,0,,-
PENDUAL,Broken Sword,0,,-,1302,16GO!?,神奈川県,2038,ZUU,神奈川県,3756,WELLOW,神奈川県,0,,-
PENDUAL,Chain of pain,0,,-,758,ILOHA*,神奈川県,1538,BAY.,神奈川県,2246,CYBERX,神奈川県,0,,-
PENDUAL,chrono diver -fragment-,0,,-,694,TART,神奈川県,1168,04,神奈川県,1798,CYBERX,神奈川県,2266,CYBERX,神奈川県
PENDUAL,CHRONO DIVER -NORNIR-,0,,-,1153,MISO,神奈川県,2184,AGYPO3,神奈川県,3122,IGW.,神奈川県,4428,STYU--,神奈川県
PENDUAL,Chrono Diver -PENDULUMs-,549,192,神奈川県,1424,QSAMA*,神奈川県,2751,MAROON,神奈川県,4361,WELLOW,神奈川県,0,,-
PENDUAL,Chronos,0,,-,829,HARUKA,神奈川県,1421,8NE877,神奈川県,2394,WELLOW,神奈川県,3059,WELLOW,神奈川県
PENDUAL,cinder,0,,-,835,K-SUKE,神奈川県,2054,HINO38,神奈川県,3160,WELLOW,神奈川県,0,,-
PENDUAL,COLOSSEUM,0,,-,574,ILOHA*,神奈川県,1215,M-SAKU,神奈川県,2315,STYU--,神奈川県,0,,-
PENDUAL,Cosmic Cat,0,,-,952,16GO!?,神奈川県,1731,4SA9RA,神奈川県,2320,STYU--,神奈川県,3274,WELLOW,神奈川県
PENDUAL,Despair of ELFERIA,0,,-,1267,04,神奈川県,2389,ZUU,神奈川県,4136,WELLOW,神奈川県,0,,-
PENDUAL,Discloze,0,,-,981,STEEL*,神奈川県,1729,8NE877,神奈川県,2699,STYU--,神奈川県,0,,-
PENDUAL,EBONY & IVORY,0,,-,1090,04,神奈川県,1690,CRANKY,神奈川県,3032,WELLOW,神奈川県,3680,WELLOW,神奈川県
PENDUAL,entelecheia,0,,-,1051,16GO!?,神奈川県,2135,ZUU,神奈川県,3299,WELLOW,神奈川県,0,,-
PENDUAL,Erosion Mark,0,,-,798,ILOHA*,神奈川県,1463,0M3G4.,神奈川県,2186,CYBERX,神奈川県,0,,-
PENDUAL,fallen leaves -IIDX edition-,0,,-,1185,04,神奈川県,2084,ZUU,神奈川県,3448,WELLOW,神奈川県,0,,-
PENDUAL,FANTASTIC THREE,0,,-,1370,04,神奈川県,2230,ZUU,神奈川県,3255,WELLOW,神奈川県,0,,-
PENDUAL,Flashes,0,,-,974,04,神奈川県,1780,KAZU34,神奈川県,3323,WELLOW,神奈川県,4161,WELLOW,神奈川県
PENDUAL,Gravigazer,0,,-,969,04,神奈川県,1866,ZUU,神奈川県,3033,STYU--,神奈川県,0,,-
PENDUAL,GUILTY,0,,-,956,ALBEX*,神奈川県,1544,FIGALO,神奈川県,1925,CYBERX,神奈川県,3008,WELLOW,神奈川県
PENDUAL,HELL SCAPER -Last Escape Remix-,0,,-,913,PSYCHO,神奈川県,1795,AZ,神奈川県,2897,CYBERX,神奈川県,0,,-
PENDUAL,Hello Happiness,0,,-,909,04,神奈川県,1584,TOMOYA,神奈川県,2351,IGW.,神奈川県,0,,-
PENDUAL,illuminate,0,,-,632,TART,神奈川県,1567,CRANKY,神奈川県,2334,CYBERX,神奈川県,0,,-
PENDUAL,IMPLANTATION,0,,-,657,04,神奈川県,1727,8NE877,神奈川県,2313,WELLOW,神奈川県,0,,-
PENDUAL,In The Breeze,0,,-,621,PSYCHO,神奈川県,1122,CRANKY,神奈川県,1771,CYBERX,神奈川県,0,,-
PENDUAL,Invitation from Mr.C,0,,-,1174,04,神奈川県,1611,8NE877,神奈川県,2778,WELLOW,神奈川県,0,,-
PENDUAL,IXION,0,,-,1127,04,神奈川県,1810,STEEL*,神奈川県,2170,STYU--,神奈川県,0,,-
PENDUAL,Line 4 Ruin,0,,-,726,TART,神奈川県,1800,AGYPO3,神奈川県,2801,STYU--,神奈川県,0,,-
PENDUAL,Monopole.,0,,-,806,TART,神奈川県,1657,4SA9RA,神奈川県,3397,IGW.,神奈川県,0,,-
PENDUAL,NEO GENERATOR SEVEN,0,,-,923,04,神奈川県,1890,AZ,神奈川県,3341,WELLOW,神奈川県,0,,-
PENDUAL,Night sky,0,,-,1182,04,神奈川県,1872,MON0CH,神奈川県,2957,IGW.,神奈川県,0,,-
PENDUAL,No Tears,0,,-,1194,04,神奈川県,2072,HARUTO,神奈川県,2556,CYBERX,神奈川県,0,,-
PENDUAL,PENDUAL TALISMAN,0,,-,1042,04,神奈川県,1629,STEEL*,神奈川県,2619,CYBERX,神奈川県,0,,-
PENDUAL,Rave*it!! Rave*it!!,0,,-,1024,04,神奈川県,1716,STYU--,神奈川県,3296,WELLOW,神奈川県,0,,-
PENDUAL,Realize Maze,0,,-,1263,04,神奈川県,2046,4SA9RA,神奈川県,2999,WELLOW,神奈川県,0,,-
PENDUAL,Reflux,0,,-,795,AURARA,神奈川県,1587,NYAGWA,神奈川県,3053,WELLOW,神奈川県,0,,-
PENDUAL,Sakura Mirage,0,,-,1010,04,神奈川県,1407,KANON,神奈川県,2368,IGW.,神奈川県,0,,-
PENDUAL,SAMSARA,0,,-,861,S.TART,神奈川県,1410,OSUSHI,神奈川県,2060,CYBERX,神奈川県,0,,-
PENDUAL,Say YEEEAHH,0,,-,1179,04,神奈川県,1884,8NE877,神奈川県,3312,WELLOW,神奈川県,0,,-
PENDUAL,Scarlet Moon,0,,-,1043,K-SUKE,神奈川県,1911,A,神奈川県,2755,STYU--,神奈川県,0,,-
PENDUAL,Scars of FAUNA,0,,-,852,04,神奈川県,1677,CRANKY,神奈川県,2925,IGW.,神奈川県,0,,-
PENDUAL,Shooting Fireball,0,,-,962,04,神奈川県,2326,RMRORO,神奈川県,3940,WELLOW,神奈川県,0,,-
PENDUAL,Sounds Of Summer,0,,-,1271,04,神奈川県,2068,GOOD3,神奈川県,3015,IGW.,神奈川県,0,,-
PENDUAL,SpaceLand☆TOYBOX,0,,-,1098,04,神奈川県,1708,CRANKY,神奈川県,2968,WELLOW,神奈川県,0,,-
PENDUAL,Sweet Radar,0,,-,669,K-SUKE,神奈川県,1377,RMRORO,神奈川県,2038,CYBERX,神奈川県,0,,-
PENDUAL,Symmetry,0,,-,1164,04,神奈川県,2084,BNJR,神奈川県,3286,IGW.,神奈川県,0,,-
PENDUAL,TA・DA ☆ YO・SHI,0,,-,1143,04,神奈川県,1606,SQUALO,神奈川県,2341,IGW.,神奈川県,0,,-
PENDUAL,The Least 100sec,0,,-,812,04,神奈川県,1420,ANIA,神奈川県,2960,WELLOW,神奈川県,0,,-
PENDUAL,TIEFSEE,0,,-,1299,04,神奈川県,2128,KAZU34,神奈川県,3488,IGW.,神奈川県,0,,-
PENDUAL,TOXIC VIBRATION,0,,-,1579,K-SUKE,神奈川県,2427,ZUU,神奈川県,3814,WELLOW,神奈川県,0,,-
PENDUAL,Vulkan,0,,-,1041,04,神奈川県,1937,QSAMA*,神奈川県,3019,HINO38,神奈川県,0,,-
PENDUAL,We're so Happy (P*Light Remix) IIDX ver.,0,,-,1178,04,神奈川県,2282,ZUU,神奈川県,3750,WELLOW,神奈川県,0,,-
PENDUAL,ZZ,198,AQUA-B,神奈川県,1327,STEEL*,神奈川県,2035,AZ,神奈川県,3067,STYU--,神奈川県,0,,-
PENDUAL,それは花火のような恋,694,O&JIYA,神奈川県,1286,04,神奈川県,2590,8NE877,神奈川県,3924,WELLOW,神奈川県,0,,-
PENDUAL,とろぴかる倶楽部,0,,-,797,PSYCHO,神奈川県,1459,RMM,神奈川県,2301,WELLOW,神奈川県,0,,-
PENDUAL,ぷろぐれっしぶ時空少女！うらしまたろ子ちゃん！,0,,-,896,04,神奈川県,1456,CRANKY,神奈川県,2562,IGW.,神奈川県,0,,-
PENDUAL,もっと！モット！ときめき feat. 松下,0,,-,1320,PERO,神奈川県,2040,4SA9RA,神奈川県,2774,IGW.,神奈川県,0,,-
PENDUAL,ドッキン☆サマーあばんちゅーる,0,,-,1052,04,神奈川県,1788,BAY.,神奈川県,2875,WELLOW,神奈川県,0,,-
PENDUAL,パ→ピ→プ→Yeah!,355,HAL,神奈川県,952,NATSU.,神奈川県,1569,SQUALO,神奈川県,2555,IEK.S,神奈川県,0,,-
PENDUAL,ベィスドロップ・フリークス,0,,-,646,TART,神奈川県,1270,KARENA,神奈川県,2264,CYBERX,神奈川県,2514,WELLOW,神奈川県
PENDUAL,リリーゼと炎龍レーヴァテイン,0,,-,990,Y-08,神奈川県,2279,ZUU,神奈川県,3515,WELLOW,神奈川県,0,,-
PENDUAL,共鳴遊戯の華,0,,-,1301,SQUALO,神奈川県,2439,G473,神奈川県,3916,WELLOW,神奈川県,0,,-
PENDUAL,十六夜セツナ,0,,-,1037,04,神奈川県,1619,CRANKY,神奈川県,2254,CYBERX,神奈川県,0,,-
PENDUAL,千年ノ理,0,,-,1204,16GO!?,神奈川県,1975,BAY.,神奈川県,3193,WELLOW,神奈川県,4326,WELLOW,神奈川県
PENDUAL,取り残された美術(Arranged:HiZuMi),236,HIMABI,神奈川県,983,04,神奈川県,1730,BAY.,神奈川県,2220,CYBERX,神奈川県,0,,-
PENDUAL,夏色DIARY - L.E.D.-G STYLE MIX -,0,,-,911,PERO,神奈川県,2045,IGW.,神奈川県,3136,IGW.,神奈川県,0,,-
PENDUAL,妖隠し -あやかしかくし-,0,,-,969,04,神奈川県,1581,CRANKY,神奈川県,2206,CYBERX,神奈川県,0,,-
PENDUAL,少年は空を辿る,0,,-,1238,99,神奈川県,2063,ZUU,神奈川県,3380,WELLOW,神奈川県,0,,-
PENDUAL,恋は白帯、サンシロー,0,,-,736,ILOHA*,神奈川県,1312,04,神奈川県,2040,IGW.,神奈川県,2786,CYBERX,神奈川県
PENDUAL,打打打打打打打打打打,190,T,神奈川県,823,04,神奈川県,1349,ANIA,神奈川県,2666,MIFFY*,神奈川県,0,,-
PENDUAL,時空トラベローグ,0,,-,1111,04,神奈川県,1801,DONA*,神奈川県,2698,IGW.,神奈川県,0,,-
PENDUAL,白露の風,0,,-,476,TART,神奈川県,1254,04,神奈川県,2034,STYU--,神奈川県,0,,-
PENDUAL,紅牡丹,481,DETTEU,神奈川県,1026,BKTARO,神奈川県,1808,MON0CH,神奈川県,2888,WELLOW,神奈川県,0,,-
PENDUAL,表裏一体！？怪盗いいんちょの悩み,0,,-,1139,UTKR,神奈川県,2173,ZUU,神奈川県,3605,WELLOW,神奈川県,4555,WELLOW,神奈川県
PENDUAL,超青少年ノ為ノ超多幸ナ超古典的超舞曲,0,,-,1050,04,神奈川県,2042,AZ,神奈川県,2699,STYU--,神奈川県,4126,WELLOW,神奈川県
PENDUAL,鬼天,0,,-,1026,04,神奈川県,1644,MON0CH,神奈川県,2499,WELLOW,神奈川県,0,,-
PENDUAL,Ｘ↑Ｘ↓,0,,-,946,AGYPO3,神奈川県,1749,AURARA,神奈川県,2944,CYBERX,神奈川県,0,,-
copula,199024club -Re:BounceKiller-,0,,-,714,16GO!?,神奈川県,1684,AZ,神奈川県,2437,WELLOW,神奈川県,0,,-
copula,Acid Pumper,0,,-,682,ILOHA*,神奈川県,1525,CRANKY,神奈川県,2499,IGW.,神奈川県,0,,-
copula,Angelic Jelly,0,,-,1144,04,神奈川県,1963,MARU3N,神奈川県,2807,IGW.,神奈川県,0,,-
copula,AO-1,0,,-,1268,STEEL*,神奈川県,1946,GAHOU,神奈川県,2828,IGW.,神奈川県,0,,-
copula,Arcana,0,,-,1211,AGYPO3,神奈川県,1778,IGW.,神奈川県,2293,IGW.,神奈川県,0,,-
copula,Aublia,0,,-,976,S.TART,神奈川県,1549,8NE877,神奈川県,2573,IGW.,神奈川県,0,,-
copula,Battle Train -IIDX Edition-,0,,-,896,UTKR,神奈川県,2519,AGYPO3,神奈川県,3297,CYBERX,神奈川県,0,,-
copula,Blue Spring Express,0,,-,1322,STEEL*,神奈川県,2103,8NE877,神奈川県,3366,WELLOW,神奈川県,0,,-
copula,Central Station,0,,-,1045,S.TART,神奈川県,1592,IGW.,神奈川県,2431,CYBERX,神奈川県,0,,-
copula,chaos eater -IIDX edition-,0,,-,1168,K-SUKE,神奈川県,1702,KAZU,神奈川県,2648,IGW.,神奈川県,0,,-
copula,CODE:1 [revision1.0.1],0,,-,991,STEEL*,神奈川県,1756,STEEL*,神奈川県,3141,HINO38,神奈川県,0,,-
copula,Daily Lunch Special,0,,-,1087,04,神奈川県,2132,KAZU34,神奈川県,2973,IGW.,神奈川県,0,,-
copula,Damage Per Second,0,,-,869,ILOHA*,神奈川県,1393,HE60KA,神奈川県,2049,CYBERX,神奈川県,2304,CYBERX,神奈川県
copula,Derelict Star feat. Ryu*,0,,-,1398,04,神奈川県,1934,4SA9RA,神奈川県,2650,IGW.,神奈川県,0,,-
copula,Devil's Gear,0,,-,1072,04,神奈川県,2250,8NE877,神奈川県,3511,WELLOW,神奈川県,0,,-
copula,DIAMOND CROSSING,0,,-,1011,04,神奈川県,1768,ZUU,神奈川県,3131,WELLOW,神奈川県,0,,-
copula,do the thing feat. Kanae Asaba,0,,-,627,ILOHA*,神奈川県,1503,M-SAKU,神奈川県,2334,CYBERX,神奈川県,0,,-
copula,Donkey Donk,0,,-,1198,04,神奈川県,1714,MON0CH,神奈川県,2294,STYU--,神奈川県,0,,-
copula,Dynamite,530,AKIMIO,神奈川県,1219,16GO!?,神奈川県,2466,KANON,神奈川県,3878,WELLOW,神奈川県,0,,-
copula,Everlasting Last,0,,-,841,ILOHA*,神奈川県,1668,8NE877,神奈川県,2242,STYU--,神奈川県,0,,-
copula,Exchange Place,0,,-,776,16GO!?,神奈川県,1264,16GO!?,神奈川県,1801,CYBERX,神奈川県,0,,-
copula,GENERATE feat.綾倉盟,0,,-,916,MIK,神奈川県,1733,QSAMA*,神奈川県,2361,STYU--,神奈川県,0,,-
copula,Go Faraway,0,,-,1022,OSUSHI,神奈川県,1468,TOMOYA,神奈川県,2502,CYBERX,神奈川県,0,,-
copula,GOBBLE,0,,-,458,WATASI,神奈川県,711,FIGALO,神奈川県,1725,CYBERX,神奈川県,0,,-
copula,Godspeed,0,,-,1046,K-SUKE,神奈川県,1965,8NE877,神奈川県,3215,WELLOW,神奈川県,0,,-
copula,Grand Chariot,0,,-,1166,04,神奈川県,1908,ZUU,神奈川県,3496,WELLOW,神奈川県,0,,-
copula,Highcharge Divolt,0,,-,908,04,神奈川県,1710,4SA9RA,神奈川県,2823,IGW.,神奈川県,0,,-
copula,Inner Spirit,0,,-,885,04,神奈川県,1850,99,神奈川県,2853,IGW.,神奈川県,0,,-
copula,Journey,0,,-,691,ILOHA*,神奈川県,1263,04,神奈川県,1892,CYBERX,神奈川県,3156,WELLOW,神奈川県
copula,Konzert V,0,,-,1287,04,神奈川県,2275,ZUU,神奈川県,3379,WELLOW,神奈川県,0,,-
copula,La dolce primavera,0,,-,682,D*OR*A,神奈川県,1401,8NE877,神奈川県,2185,IGW.,神奈川県,0,,-
copula,M4K3 1T B0UNC3,0,,-,1402,04,神奈川県,2092,ZUU,神奈川県,3053,WELLOW,神奈川県,0,,-
copula,Musik LoverZ,0,,-,1016,KO-RIN,神奈川県,1424,BAY.,神奈川県,2524,IGW.,神奈川県,0,,-
copula,NANAIRO,0,,-,1041,04,神奈川県,1759,QSAMA*,神奈川県,2585,CYBERX,神奈川県,0,,-
copula,Nightmare before oversleep,0,,-,1169,MISO,神奈川県,1921,C9,神奈川県,2977,WELLOW,神奈川県,0,,-
copula,NINJA IS DEAD IIDX ver.,0,,-,1241,04,神奈川県,1959,8NE877,神奈川県,3030,WELLOW,神奈川県,0,,-
copula,NO LIMIT -オレ達に限界は無い-,0,,-,730,SQ666,神奈川県,1255,OSUSHI,神奈川県,2287,WELLOW,神奈川県,0,,-
copula,Nowhere,0,,-,849,K-SUKE,神奈川県,1460,CRANKY,神奈川県,2183,CYBERX,神奈川県,0,,-
copula,NZM,0,,-,1080,04,神奈川県,1541,QSAMA*,神奈川県,3500,WELLOW,神奈川県,0,,-
copula,On the FM,0,,-,1130,04,神奈川県,1609,4SA9RA,神奈川県,2814,WELLOW,神奈川県,0,,-
copula,Outbreak,0,,-,1341,04,神奈川県,1858,4SA9RA,神奈川県,3040,STYU--,神奈川県,0,,-
copula,POSSESSION,528,AGYPO3,神奈川県,1393,IGW.,神奈川県,2113,AGYPO3,神奈川県,3006,MIFFY*,神奈川県,0,,-
copula,quick master (reform version),0,,-,160,TART,神奈川県,345,B.A.T.,神奈川県,528,CYBERX,神奈川県,0,,-
copula,refrain,0,,-,1239,16GO!?,神奈川県,2280,ZUU,神奈川県,3666,WELLOW,神奈川県,0,,-
copula,Rock It,0,,-,1159,04,神奈川県,1657,MM,神奈川県,2978,IGW.,神奈川県,0,,-
copula,Routing,0,,-,957,04,神奈川県,1620,CRANKY,神奈川県,2587,WELLOW,神奈川県,0,,-
copula,Sephirot,0,,-,959,04,神奈川県,1622,B-CYC,神奈川県,2367,CYBERX,神奈川県,0,,-
copula,Set U Free feat. Kanae Asaba,0,,-,916,ILOHA*,神奈川県,1532,HAGANE,神奈川県,2561,CYBERX,神奈川県,0,,-
copula,SHELTER OF THE MIND,0,,-,1442,04,神奈川県,1975,CRANKY,神奈川県,3061,HINO38,神奈川県,0,,-
copula,STARLiGHT,0,,-,952,04,神奈川県,1864,AZ,神奈川県,2774,STYU--,神奈川県,0,,-
copula,STARLIGHT DANCEHALL,0,,-,1275,04,神奈川県,1835,4SA9RA,神奈川県,2677,WELLOW,神奈川県,3390,WELLOW,神奈川県
copula,StrayedCatz,0,,-,1086,04,神奈川県,1968,ZUU,神奈川県,2904,WELLOW,神奈川県,0,,-
copula,Super Duper Racers,0,,-,947,ILOHA*,神奈川県,1596,FIGALO,神奈川県,2395,CYBERX,神奈川県,3680,WELLOW,神奈川県
copula,SURVIVOR,0,,-,685,7RUKA3,神奈川県,1304,16GO!?,神奈川県,2024,CYBERX,神奈川県,0,,-
copula,Tori-no-kimochi,0,,-,264,AGYPO3,神奈川県,1301,16GO!?,神奈川県,2040,IGW.,神奈川県,0,,-
copula,Triple Counter,0,,-,1372,EDF,神奈川県,2211,ZUU,神奈川県,4005,WELLOW,神奈川県,0,,-
copula,Uh-Oh,0,,-,1121,04,神奈川県,1667,QSAMA*,神奈川県,2435,STYU--,神奈川県,0,,-
copula,Violet Pulse,0,,-,427,TART,神奈川県,1659,CRANKY,神奈川県,2472,STYU--,神奈川県,4157,WELLOW,神奈川県
copula,Violet Rose,0,,-,1188,EDF,神奈川県,1907,99,神奈川県,2630,STYU--,神奈川県,0,,-
copula,Welcome,0,,-,857,TAQ3,神奈川県,1779,AGYPO3,神奈川県,2699,WELLOW,神奈川県,3374,WELLOW,神奈川県
copula,X,0,,-,1605,04,神奈川県,2464,MASAKI,神奈川県,3879,WELLOW,神奈川県,0,,-
copula,ZEPHYRANTHES,0,,-,1013,04,神奈川県,1783,QSAMA*,神奈川県,2963,IGW.,神奈川県,3909,IGW.,神奈川県
copula,か・し・ま・し☆PUMP UP！,0,,-,1203,04,神奈川県,1880,RMRORO,神奈川県,2870,IGW.,神奈川県,0,,-
copula,めいさいアイドル☆あいむちゃん♪,0,,-,1514,UTKR,神奈川県,2369,8NE877,神奈川県,3391,HINO38,神奈川県,0,,-
copula,オルタネイトβ,0,,-,831,ILOHA*,神奈川県,1431,CRANKY,神奈川県,2267,IGW.,神奈川県,0,,-
copula,ギョギョっと人魚 爆婚ブライダル,0,,-,816,MISO,神奈川県,1442,OSUSHI,神奈川県,2401,CYBERX,神奈川県,0,,-
copula,シュッパツシンコウ・シサカンコ,0,,-,1127,04,神奈川県,1778,CRANKY,神奈川県,2460,CYBERX,神奈川県,0,,-
copula,セロトニン,0,,-,1343,04,神奈川県,1752,HARUTO,神奈川県,2356,IGW.,神奈川県,0,,-
copula,少女アリスと箱庭幻想コンチェルト,0,,-,776,04,神奈川県,1478,CRANKY,神奈川県,2181,HINO38,神奈川県,0,,-
copula,明鏡止水,0,,-,852,04,神奈川県,1774,TAKA83,神奈川県,2836,KANON,神奈川県,0,,-
copula,星屑ディスタンシア,0,,-,688,ILOHA*,神奈川県,1150,NICE.B,神奈川県,2129,STYU--,神奈川県,0,,-
copula,朝焼けから始まるボクらの小さな旅,0,,-,971,04,神奈川県,1618,SRST,神奈川県,2571,IGW.,神奈川県,0,,-
copula,灼熱 Pt.2 Long Train Running,607,192,神奈川県,1238,KT2,神奈川県,2154,KANON,神奈川県,3498,WELLOW,神奈川県,0,,-
copula,真 地獄超特急 -HELL or HELL-,0,,-,1430,UTKR,神奈川県,2175,ZUU,神奈川県,3378,WELLOW,神奈川県,0,,-
copula,紫陽花 -AZISAI-,396,AQUA-B,神奈川県,1291,ANAN*,神奈川県,2079,ZUU,神奈川県,2927,WELLOW,神奈川県,3472,WELLOW,神奈川県
copula,追想快晴テーマパーク,0,,-,1185,PERO,神奈川県,2097,ZUU,神奈川県,3126,NAGISA,神奈川県,0,,-
copula,量子の海のリントヴルム,0,,-,894,99,神奈川県,1766,4SA9RA,神奈川県,2996,WELLOW,神奈川県,0,,-
copula,駅猫のワルツ,0,,-,1179,04,神奈川県,2233,IGW.,神奈川県,2856,WELLOW,神奈川県,0,,-
copula,麗 ～うらら～,245,PIKMIN,神奈川県,1132,04,神奈川県,1742,4SA9RA,神奈川県,2646,IEK.S,神奈川県,0,,-
SINOBUZ,¡Viva!,0,,-,973,04,神奈川県,1609,CRANKY,神奈川県,2021,MIFFY*,神奈川県,0,,-
SINOBUZ,#MAGiCVLGiRL_TRVP_B3VTZ,0,,-,1161,AGYPO3,神奈川県,1938,GYA9BO,神奈川県,3459,IGW.,神奈川県,0,,-
SINOBUZ,(This Is Not) The Angels,0,,-,591,RMM,神奈川県,1438,CRANKY,神奈川県,2722,WELLOW,神奈川県,0,,-
SINOBUZ,Amazing Mirage,353,HIRO,神奈川県,888,K-SUKE,神奈川県,1725,4SA9RA,神奈川県,2646,CYBERX,神奈川県,3329,WELLOW,神奈川県
SINOBUZ,AO-∞,0,,-,1150,04,神奈川県,1821,KAZU34,神奈川県,2721,CYBERX,神奈川県,0,,-
SINOBUZ,Apocalypse,0,,-,1135,UTKR,神奈川県,2144,65TYPE,神奈川県,3596,WELLOW,神奈川県,0,,-
SINOBUZ,Around The Galaxy,0,,-,1120,AGYPO3,神奈川県,2098,AGYPO3,神奈川県,3420,STYU--,神奈川県,0,,-
SINOBUZ,AsiaN distractive,0,,-,1060,ANIA,神奈川県,1789,BAY.,神奈川県,2637,CYBERX,神奈川県,0,,-
SINOBUZ,BabeL ～Grand Story～,0,,-,1295,04,神奈川県,2089,ZUU,神奈川県,2845,WELLOW,神奈川県,0,,-
SINOBUZ,Be A Star,0,,-,961,DONBEI,神奈川県,1789,QSAMA*,神奈川県,2821,IGW.,神奈川県,0,,-
SINOBUZ,Beat Juggling Mix,0,,-,1037,04,神奈川県,1520,SQUALO,神奈川県,2247,WELLOW,神奈川県,0,,-
SINOBUZ,Believe in you,0,,-,1170,*MOOP*,神奈川県,1885,4SA9RA,神奈川県,2447,CYBERX,神奈川県,0,,-
SINOBUZ,Beyond The Seven,0,,-,729,ILOHA*,神奈川県,1328,STEEL*,神奈川県,2738,MIFFY*,神奈川県,0,,-
SINOBUZ,BREAK OVER,0,,-,820,ANIA,神奈川県,1501,HARUTO,神奈川県,2397,STYU--,神奈川県,0,,-
SINOBUZ,Breakin' Chain,0,,-,724,S.TART,神奈川県,1256,KULA,神奈川県,2330,CYBERX,神奈川県,0,,-
SINOBUZ,BroGamer,0,,-,1385,16GO!?,神奈川県,2160,STEEL*,神奈川県,3116,WELLOW,神奈川県,4705,WELLOW,神奈川県
SINOBUZ,Caterpillar,0,,-,1224,04,神奈川県,2187,ZUU,神奈川県,3068,WELLOW,神奈川県,0,,-
SINOBUZ,crew,0,,-,634,16GO!?,神奈川県,1761,IGW.,神奈川県,2947,CYBERX,神奈川県,0,,-
SINOBUZ,Cyber True Color,0,,-,999,RMM,神奈川県,1607,65TYPE,神奈川県,2376,IEK.S,神奈川県,0,,-
SINOBUZ,DORNWALD ～Junge～,0,,-,1289,04,神奈川県,2266,IGW.,神奈川県,3714,WELLOW,神奈川県,0,,-
SINOBUZ,ECHIDNA,0,,-,1303,04,神奈川県,2108,ZUU,神奈川県,3491,WELLOW,神奈川県,0,,-
SINOBUZ,Egret and Willow,0,,-,1045,04,神奈川県,1660,4SA9RA,神奈川県,2751,WELLOW,神奈川県,0,,-
SINOBUZ,elemental bender feat. Kanae Asaba,0,,-,638,ILOHA*,神奈川県,1194,04,神奈川県,1648,STYU--,神奈川県,0,,-
SINOBUZ,FUZIN RIZIN,0,,-,1204,04,神奈川県,1944,KAZU,神奈川県,3825,WELLOW,神奈川県,0,,-
SINOBUZ,Go Ahead!!,0,,-,985,EDF,神奈川県,1540,GYAO-!,神奈川県,2733,IGW.,神奈川県,0,,-
SINOBUZ,GuNGNiR,0,,-,1302,QSAMA*,神奈川県,2715,STYU--,神奈川県,3983,WELLOW,神奈川県,4741,WELLOW,神奈川県
SINOBUZ,HADES,380,DONBEI,神奈川県,993,16GO!?,神奈川県,1827,FIGALO,神奈川県,3147,WELLOW,神奈川県,0,,-
SINOBUZ,HAPPY★RUSH,0,,-,776,ILOHA*,神奈川県,1888,HARUTO,神奈川県,2930,IGW.,神奈川県,0,,-
SINOBUZ,Honey Trap,0,,-,836,S.TART,神奈川県,1628,BAY.,神奈川県,2543,STYU--,神奈川県,0,,-
SINOBUZ,INVISIBLE STRIX,0,,-,1187,AGYPO3,神奈川県,2047,AGYPO3,神奈川県,2643,IGW.,神奈川県,0,,-
SINOBUZ,Lost wing at.0,0,,-,938,04,神奈川県,1423,4SA9RA,神奈川県,2480,WELLOW,神奈川県,0,,-
SINOBUZ,Macuilxochitl,482,AQUA-B,神奈川県,1466,UTKR,神奈川県,2281,WELLOW,神奈川県,3339,HINO38,神奈川県,0,,-
SINOBUZ,Magical,0,,-,820,S.TART,神奈川県,1191,AGYPO3,神奈川県,2014,CYBERX,神奈川県,0,,-
SINOBUZ,Mare Nectaris,0,,-,1477,STEEL*,神奈川県,2177,IGW.,神奈川県,3863,WELLOW,神奈川県,0,,-
SINOBUZ,Modular Technology,0,,-,1269,04,神奈川県,1917,ZUU,神奈川県,2714,STYU--,神奈川県,0,,-
SINOBUZ,Music is The Answer,0,,-,801,S.TART,神奈川県,1410,4SA9RA,神奈川県,1932,CYBERX,神奈川県,0,,-
SINOBUZ,nostos,0,,-,917,04,神奈川県,1251,RYOMA.,神奈川県,2689,WELLOW,神奈川県,0,,-
SINOBUZ,OOO,0,,-,698,TART,神奈川県,1454,CRANKY,神奈川県,2067,CYBERX,神奈川県,2668,CYBERX,神奈川県
SINOBUZ,OTENAMI Hurricane,0,,-,1318,04,神奈川県,2149,ZUU,神奈川県,3196,IGW.,神奈川県,0,,-
SINOBUZ,PAPAYAPA BASS,0,,-,780,04,神奈川県,1567,STEEL*,神奈川県,2825,STYU--,神奈川県,0,,-
SINOBUZ,Piano Samurai,0,,-,1076,04,神奈川県,1688,QSAMA*,神奈川県,2521,IGW.,神奈川県,0,,-
SINOBUZ,Quakes,0,,-,1145,STEEL*,神奈川県,2070,ZUU,神奈川県,3221,IGW.,神奈川県,0,,-
SINOBUZ,RAIN,0,,-,1160,04,神奈川県,1827,STEEL*,神奈川県,3294,WELLOW,神奈川県,0,,-
SINOBUZ,Rave Cannon,0,,-,1062,04,神奈川県,1861,MON0CH,神奈川県,3371,STYU--,神奈川県,0,,-
SINOBUZ,Remedy feat. Kanae Asaba,0,,-,928,04,神奈川県,1612,CRANKY,神奈川県,2220,CYBERX,神奈川県,0,,-
SINOBUZ,ROTTERDAM SHOGUN,541,AGYPO3,神奈川県,1142,04,神奈川県,1842,AGYPO3,神奈川県,2582,IGW.,神奈川県,0,,-
SINOBUZ,SAMURAI-Scramble,0,,-,959,PSYCHO,神奈川県,1666,NOHARA,神奈川県,2430,CYBERX,神奈川県,2956,WELLOW,神奈川県
SINOBUZ,Sarutobi Champion is 拙者,0,,-,958,04,神奈川県,1433,ANIA,神奈川県,2256,IGW.,神奈川県,0,,-
SINOBUZ,SAY BAY,0,,-,838,04,神奈川県,1485,AZ,神奈川県,2885,WELLOW,神奈川県,0,,-
SINOBUZ,Seaside Labyrinth,0,,-,650,K-SUKE,神奈川県,1256,CRANKY,神奈川県,1889,PO,神奈川県,0,,-
SINOBUZ,Selfish Sweet,0,,-,653,ILOHA*,神奈川県,981,16GO!?,神奈川県,1731,CYBERX,神奈川県,2646,IGW.,神奈川県
SINOBUZ,SEQUENCE CAT,0,,-,1090,04,神奈川県,2177,CRANKY,神奈川県,2873,IGW.,神奈川県,0,,-
SINOBUZ,shuriken,0,,-,779,ILOHA*,神奈川県,1140,04,神奈川県,2574,CYBERX,神奈川県,0,,-
SINOBUZ,SINOBUZ Fantasy,0,,-,1034,04,神奈川県,1673,TKS,神奈川県,2447,CYBERX,神奈川県,0,,-
SINOBUZ,Sky High,415,HIRO,神奈川県,1201,STEEL*,神奈川県,2308,ZUU,神奈川県,3852,WELLOW,神奈川県,0,,-
SINOBUZ,Snakey Kung-fu,0,,-,1114,04,神奈川県,2205,STYU--,神奈川県,3464,STYU--,神奈川県,0,,-
SINOBUZ,Steel Edge,0,,-,922,04,神奈川県,1493,4SA9RA,神奈川県,3184,STYU--,神奈川県,0,,-
SINOBUZ,Summerlights(IIDX Edition),0,,-,1144,04,神奈川県,1845,KAZU34,神奈川県,3144,WELLOW,神奈川県,0,,-
SINOBUZ,Super Rush,0,,-,980,PERO,神奈川県,1875,MON0CH,神奈川県,3557,WELLOW,神奈川県,0,,-
SINOBUZ,Surf on the Light,0,,-,782,OSUSHI,神奈川県,1494,BNJR,神奈川県,2293,CYBERX,神奈川県,0,,-
SINOBUZ,The Commanders,0,,-,962,04,神奈川県,1491,CSB,神奈川県,2453,CYBERX,神奈川県,0,,-
SINOBUZ,TOGAKUSHI,0,,-,1024,04,神奈川県,1938,RMRORO,神奈川県,2647,WELLOW,神奈川県,0,,-
SINOBUZ,Umbral,0,,-,609,ILOHA*,神奈川県,1424,STEEL*,神奈川県,1926,CYBERX,神奈川県,3098,HINO38,神奈川県
SINOBUZ,Venom,0,,-,1301,UTKR,神奈川県,2129,AGYPO3,神奈川県,3220,WELLOW,神奈川県,0,,-
SINOBUZ,Vermilion,0,,-,898,04,神奈川県,1383,AZ,神奈川県,2059,STYU--,神奈川県,0,,-
SINOBUZ,Warrior,0,,-,1025,04,神奈川県,1763,4SA9RA,神奈川県,2500,CYBERX,神奈川県,0,,-
SINOBUZ,XINOBIKILL,0,,-,987,04,神奈川県,1708,CRANKY,神奈川県,2923,IGW.,神奈川県,0,,-
SINOBUZ,yamabiko (SINOBUZ Edition),0,,-,983,04,神奈川県,1612,AGYPO3,神奈川県,2658,STYU--,神奈川県,0,,-
SINOBUZ,Yellow Sketch(RX-Ver.S.P.L.),0,,-,744,7KATA2,神奈川県,1756,WAPPY,神奈川県,2922,IGW.,神奈川県,0,,-
SINOBUZ,〆,0,,-,1289,04,神奈川県,2285,4SA9RA,神奈川県,3719,WELLOW,神奈川県,0,,-
SINOBUZ,ちらちら・はらはら,0,,-,410,ILOHA*,神奈川県,949,OSUSHI,神奈川県,1430,CYBERX,神奈川県,0,,-
SINOBUZ,イザナミノナゲキ,0,,-,1204,04,神奈川県,1947,4SA9RA,神奈川県,3285,STYU--,神奈川県,0,,-
SINOBUZ,ディッシュウォッシャー◎彡おいわちゃん,0,,-,713,ILOHA*,神奈川県,1401,M-SAKU,神奈川県,2541,CYBERX,神奈川県,0,,-
SINOBUZ,九尾狐夜行,0,,-,860,04,神奈川県,1710,QSAMA*,神奈川県,3001,WELLOW,神奈川県,0,,-
SINOBUZ,冬椿 ft. Kanae Asaba,261,ORTA,神奈川県,946,MISO,神奈川県,1252,4SA9RA,神奈川県,2289,CYBERX,神奈川県,3056,IGW.,神奈川県
SINOBUZ,刃図羅,0,,-,1235,04,神奈川県,2080,MON0CH,神奈川県,3444,WELLOW,神奈川県,0,,-
SINOBUZ,忍恋花,0,,-,1026,04,神奈川県,1634,NYAH,神奈川県,2274,MIFFY*,神奈川県,0,,-
SINOBUZ,恋はどう？モロ◎波動OK☆方程式!!,0,,-,1019,04,神奈川県,1588,KEN,神奈川県,2485,HINO38,神奈川県,0,,-
SINOBUZ,月雪に舞う華のように,0,,-,861,04,神奈川県,1266,TAKA83,神奈川県,2133,IGW.,神奈川県,0,,-
SINOBUZ,次葉 -turn the page-,0,,-,846,BAY.,神奈川県,1430,8NE877,神奈川県,2004,STYU--,神奈川県,0,,-
SINOBUZ,津軽雪,0,,-,1501,MISO,神奈川県,2228,ZUU,神奈川県,3874,WELLOW,神奈川県,0,,-
SINOBUZ,火影,0,,-,721,04,神奈川県,1374,TAKA83,神奈川県,2806,WELLOW,神奈川県,0,,-
SINOBUZ,焔極OVERKILL,0,,-,1081,51NRYV,神奈川県,2103,ZUU,神奈川県,3647,IGW.,神奈川県,0,,-
SINOBUZ,獅子霞麗ノ舞,0,,-,504,TART,神奈川県,1087,04,神奈川県,1740,WELLOW,神奈川県,0,,-
SINOBUZ,禍根,0,,-,816,04,神奈川県,1337,TKS,神奈川県,2606,IGW.,神奈川県,0,,-
SINOBUZ,童話回廊,0,,-,936,04,神奈川県,1708,CRANKY,神奈川県,3147,WELLOW,神奈川県,0,,-
SINOBUZ,鴉,0,,-,1520,AZ,神奈川県,2231,ZUU,神奈川県,2704,STYU--,神奈川県,0,,-
CANNON BALLERS,1001 -ESCAPE-,0,,-,1046,STEEL*,神奈川県,1721,STEEL*,神奈川県,2645,CYBERX,神奈川県,0,,-
CANNON BALLERS,255,0,,-,910,04,神奈川県,1579,REIMEI,神奈川県,3324,WELLOW,神奈川県,0,,-
CANNON BALLERS,AA -rebuild-,0,,-,1221,ABEREO,神奈川県,2383,ZUU,神奈川県,3620,WELLOW,神奈川県,0,,-
CANNON BALLERS,Abraxas,0,,-,764,PSYCHO,神奈川県,1659,AZ,神奈川県,2454,IEK.S,神奈川県,0,,-
CANNON BALLERS,ACCELERATE,0,,-,1190,04,神奈川県,1760,4SA9RA,神奈川県,2515,CYBERX,神奈川県,0,,-
CANNON BALLERS,Alpheratz,0,,-,434,ILOHA*,神奈川県,1030,CRANKY,神奈川県,2094,CYBERX,神奈川県,2909,IGW.,神奈川県
CANNON BALLERS,Amor De Verao,0,,-,782,ILOHA*,神奈川県,1403,CRANKY,神奈川県,2352,IGW.,神奈川県,0,,-
CANNON BALLERS,ANAGMA,0,,-,929,QUICHE,神奈川県,1787,4SA9RA,神奈川県,2655,CYBERX,神奈川県,0,,-
CANNON BALLERS,ANCHOR,0,,-,1335,UTKR,神奈川県,2451,ZUU,神奈川県,3630,IGW.,神奈川県,0,,-
CANNON BALLERS,Antigravity,0,,-,1058,04,神奈川県,1959,ZUU,神奈川県,3119,WELLOW,神奈川県,0,,-
CANNON BALLERS,Arca,0,,-,899,BKTARO,神奈川県,1868,4SA9RA,神奈川県,3184,WELLOW,神奈川県,0,,-
CANNON BALLERS,Around the Future,0,,-,1095,04,神奈川県,1711,KAZU34,神奈川県,2635,WELLOW,神奈川県,0,,-
CANNON BALLERS,Back Spin Sweeper,0,,-,865,04,神奈川県,1379,CRANKY,神奈川県,2295,IGW.,神奈川県,0,,-
CANNON BALLERS,Battleground,0,,-,1180,04,神奈川県,1870,99,神奈川県,2717,IGW.,神奈川県,0,,-
CANNON BALLERS,Be a Hero!,0,,-,768,ILOHA*,神奈川県,1868,CRANKY,神奈川県,3145,STYU--,神奈川県,0,,-
CANNON BALLERS,Best of Me,0,,-,819,K-SUKE,神奈川県,1588,AGYPO3,神奈川県,2240,CYBERX,神奈川県,0,,-
CANNON BALLERS,Boomy and The Boost,421,KUN,神奈川県,1055,04,神奈川県,2078,STYU--,神奈川県,3627,WELLOW,神奈川県,0,,-
CANNON BALLERS,Break Stasis,0,,-,1331,04,神奈川県,1816,QSAMA*,神奈川県,2538,CYBERX,神奈川県,0,,-
CANNON BALLERS,ChaserXX,0,,-,1093,04,神奈川県,1862,FUMIN,神奈川県,2833,IGW.,神奈川県,3889,WELLOW,神奈川県
CANNON BALLERS,Chemical Cookie,0,,-,831,RMM,神奈川県,1434,IIDX,神奈川県,2155,HINO38,神奈川県,0,,-
CANNON BALLERS,City Never Sleeps (IIDX Edition),0,,-,1235,7RUKA3,神奈川県,1906,BE2356,神奈川県,2681,STYU--,神奈川県,0,,-
CANNON BALLERS,COSMIC☆WONDER☆REVOLUTION,0,,-,775,UMA1BO,神奈川県,1421,04,神奈川県,2097,CYBERX,神奈川県,0,,-
CANNON BALLERS,DEADHEAT,0,,-,1196,04,神奈川県,2025,WAPPY,神奈川県,3387,IGW.,神奈川県,0,,-
CANNON BALLERS,DEATH†ZIGOQ ～怒りの高速爆走野郎～,0,,-,1389,04,神奈川県,2405,AZ,神奈川県,4087,WELLOW,神奈川県,4846,WELLOW,神奈川県
CANNON BALLERS,DropZ-Line-,0,,-,1352,04,神奈川県,2080,ZUU,神奈川県,3258,WELLOW,神奈川県,0,,-
CANNON BALLERS,Eine Haube ～聖地の果てにあるもの～,0,,-,975,04,神奈川県,1414,CRANKY,神奈川県,2601,WELLOW,神奈川県,0,,-
CANNON BALLERS,EMERALDAS,522,KUN,神奈川県,1370,04,神奈川県,2453,IGW.,神奈川県,3571,WELLOW,神奈川県,0,,-
CANNON BALLERS,encounter,0,,-,971,04,神奈川県,1740,KAZU,神奈川県,3325,WELLOW,神奈川県,0,,-
CANNON BALLERS,Exhaust Hype,0,,-,1025,04,神奈川県,1958,STEEL*,神奈川県,2833,WELLOW,神奈川県,0,,-
CANNON BALLERS,Expanded !!,0,,-,681,ILOHA*,神奈川県,1517,CRANKY,神奈川県,2643,STYU--,神奈川県,0,,-
CANNON BALLERS,Fervidex,0,,-,849,04,神奈川県,1786,KAZU,神奈川県,2719,WELLOW,神奈川県,0,,-
CANNON BALLERS,FREEDOM,0,,-,998,04,神奈川県,1714,4SA9RA,神奈川県,2955,WELLOW,神奈川県,0,,-
CANNON BALLERS,From Time To Time,0,,-,808,16GO!?,神奈川県,1840,ERR,神奈川県,2572,CYBERX,神奈川県,0,,-
CANNON BALLERS,FUTURE is Dead,0,,-,897,04,神奈川県,1485,BAY.,神奈川県,2288,WELLOW,神奈川県,0,,-
CANNON BALLERS,Get Up! feat. Kanae Asaba,0,,-,592,16GO!?,神奈川県,1270,BAY.,神奈川県,1922,CYBERX,神奈川県,0,,-
CANNON BALLERS,HAT TRICK,0,,-,866,04,神奈川県,1439,AZ,神奈川県,2228,IGW.,神奈川県,0,,-
CANNON BALLERS,Hella Deep,0,,-,625,AGYPO3,神奈川県,1057,04,神奈川県,1880,CYBERX,神奈川県,0,,-
CANNON BALLERS,HYPE THE CORE,0,,-,1106,04,神奈川県,2018,MASAKI,神奈川県,3036,IGW.,神奈川県,0,,-
CANNON BALLERS,I Love You,0,,-,1065,04,神奈川県,1780,QSAMA*,神奈川県,2745,CYBERX,神奈川県,0,,-
CANNON BALLERS,Illusionary Waterlily,0,,-,1310,04,神奈川県,2218,ZUU,神奈川県,3566,IGW.,神奈川県,0,,-
CANNON BALLERS,Initiation,649,KUN,神奈川県,1482,KAZET,神奈川県,2451,ZUU,神奈川県,3983,WELLOW,神奈川県,0,,-
CANNON BALLERS,"Life Is A Game ft.DD""ナカタ""Metal",0,,-,1263,04,神奈川県,1857,ISH*,神奈川県,3486,IGW.,神奈川県,0,,-
CANNON BALLERS,LUV DRIVE,0,,-,825,04,神奈川県,1352,04,神奈川県,2147,IGW.,神奈川県,0,,-
CANNON BALLERS,MAXIVCORD,0,,-,818,04,神奈川県,1412,AMAKUN,神奈川県,2488,IGW.,神奈川県,0,,-
CANNON BALLERS,Midnight Lady,0,,-,646,TART,神奈川県,1179,04,神奈川県,1953,IGW.,神奈川県,0,,-
CANNON BALLERS,n'pa pa BBQ,0,,-,909,NAKAM,神奈川県,1724,4SA9RA,神奈川県,2798,IGW.,神奈川県,0,,-
CANNON BALLERS,NITROUS CANNON,0,,-,1395,AGYPO3,神奈川県,2047,AGYPO3,神奈川県,3680,IGW.,神奈川県,0,,-
CANNON BALLERS,No Limit 2 dAnce feat. 大山愛未,0,,-,981,04,神奈川県,1543,CRANKY,神奈川県,2349,CYBERX,神奈川県,0,,-
CANNON BALLERS,Nothing but Theory,0,,-,1045,PSYCHO,神奈川県,1570,TOMOYA,神奈川県,2869,WELLOW,神奈川県,3760,WELLOW,神奈川県
CANNON BALLERS,O/D*20,0,,-,1139,04,神奈川県,1677,CRANKY,神奈川県,2138,STYU--,神奈川県,3925,STYU--,神奈川県
CANNON BALLERS,Only for now,0,,-,884,TAQ3,神奈川県,1554,BAY.,神奈川県,2270,CYBERX,神奈川県,0,,-
CANNON BALLERS,Papilio ulysses,0,,-,1215,16GO!?,神奈川県,2086,ZUU,神奈川県,2967,WELLOW,神奈川県,0,,-
CANNON BALLERS,Persephone,0,,-,1356,04,神奈川県,1931,4SA9RA,神奈川県,3041,WELLOW,神奈川県,0,,-
CANNON BALLERS,Rampage,0,,-,1304,04,神奈川県,2456,ZUU,神奈川県,3638,IGW.,神奈川県,0,,-
CANNON BALLERS,Raspberry Railgun,0,,-,1404,04,神奈川県,2242,BAY.,神奈川県,3180,IGW.,神奈川県,0,,-
CANNON BALLERS,REVOLVER,0,,-,921,04,神奈川県,1623,BAY.,神奈川県,2778,IEK.S,神奈川県,3383,WELLOW,神奈川県
CANNON BALLERS,Sleepless days,0,,-,510,16GO!?,神奈川県,912,16GO!?,神奈川県,1576,CYBERX,神奈川県,0,,-
CANNON BALLERS,Slipstream,0,,-,1068,04,神奈川県,2017,NOHARA,神奈川県,3596,WELLOW,神奈川県,0,,-
CANNON BALLERS,SPEED DEMON,0,,-,742,04,神奈川県,1446,SQUALO,神奈川県,2369,CYBERX,神奈川県,0,,-
CANNON BALLERS,STARLIGHT JUNCTION,0,,-,899,RMM,神奈川県,1592,AGYPO3,神奈川県,2293,CYBERX,神奈川県,2911,IGW.,神奈川県
CANNON BALLERS,Static State,0,,-,1065,04,神奈川県,1741,HAGANE,神奈川県,2416,IGW.,神奈川県,0,,-
CANNON BALLERS,Temple of Anubis,0,,-,1010,04,神奈川県,1542,8NE877,神奈川県,2675,CYBERX,神奈川県,0,,-
CANNON BALLERS,THE CANNONBALLER,487,KUN,神奈川県,1519,AGYPO3,神奈川県,2408,ZUU,神奈川県,3458,STYU--,神奈川県,0,,-
CANNON BALLERS,The Chase,0,,-,689,04,神奈川県,1379,AZ,神奈川県,2229,WELLOW,神奈川県,0,,-
CANNON BALLERS,UMMU,420,T,神奈川県,1230,04,神奈川県,2060,ZUU,神奈川県,3127,STYU--,神奈川県,0,,-
CANNON BALLERS,Usual Days-remix,0,,-,1106,16GO!?,神奈川県,1504,C9,神奈川県,2701,WELLOW,神奈川県,0,,-
CANNON BALLERS,Xperanza,543,KUN,神奈川県,1359,EDF,神奈川県,2453,IGW.,神奈川県,3235,WELLOW,神奈川県,0,,-
CANNON BALLERS,うさ☆かめ 大戦争！,0,,-,951,04,神奈川県,1577,OSUSHI,神奈川県,2543,CYBERX,神奈川県,0,,-
CANNON BALLERS,エディブルフラワーの独白,0,,-,822,16GO!?,神奈川県,1557,QSAMA*,神奈川県,2217,CYBERX,神奈川県,0,,-
CANNON BALLERS,シムルグの目醒め,0,,-,1387,ZER0.H,神奈川県,2317,C9,神奈川県,3550,WELLOW,神奈川県,0,,-
CANNON BALLERS,ナイトシティー・アヴァンチュール,0,,-,1038,04,神奈川県,1539,04,神奈川県,2093,CYBERX,神奈川県,0,,-
CANNON BALLERS,ハイ*ビスカス ft. Kanae Asaba,0,,-,861,ILOHA*,神奈川県,1528,CRANKY,神奈川県,2459,CYBERX,神奈川県,0,,-
CANNON BALLERS,バ→ビ→ブ→Bomb!,0,,-,832,04,神奈川県,1752,CRANKY,神奈川県,2563,IGW.,神奈川県,0,,-
CANNON BALLERS,バスルーム ロマンス,0,,-,974,04,神奈川県,1455,CRANKY,神奈川県,2446,CYBERX,神奈川県,0,,-
CANNON BALLERS,パラドキシカル・タイムリープトライアル(Short Ver.),0,,-,1048,04,神奈川県,1916,AGYPO3,神奈川県,2809,CYBERX,神奈川県,0,,-
CANNON BALLERS,ラストセンチュリーメランコリック,0,,-,849,04,神奈川県,1506,SE7KA*,神奈川県,2203,STYU--,神奈川県,0,,-
CANNON BALLERS,共犯ヘヴンズコード,0,,-,501,ILOHA*,神奈川県,1354,CRANKY,神奈川県,2282,CYBERX,神奈川県,0,,-
CANNON BALLERS,命の標本,0,,-,726,LUC-07,神奈川県,1669,4SA9RA,神奈川県,2697,WELLOW,神奈川県,0,,-
CANNON BALLERS,東京神話,463,KUN,神奈川県,1016,MISO,神奈川県,1744,FIGALO,神奈川県,2896,WELLOW,神奈川県,0,,-
CANNON BALLERS,神謳 -RESONANCE-,0,,-,1358,SRST,神奈川県,2493,ZUU,神奈川県,4047,WELLOW,神奈川県,0,,-
CANNON BALLERS,純真可憐デザイア,222,GUAMU,神奈川県,820,UTKR,神奈川県,1621,CRANKY,神奈川県,2341,CYBERX,神奈川県,2984,MIFFY*,神奈川県
CANNON BALLERS,草原の王女-軌跡を辿って-,0,,-,701,ILOHA*,神奈川県,1242,STEEL*,神奈川県,2329,CYBERX,神奈川県,0,,-
Rootage,& Intelligence,0,,-,1097,*FTO*,神奈川県,2140,MON0CH,神奈川県,3215,WELLOW,神奈川県,0,,-
Rootage,50th Memorial Songs -Beginning Story-,321,KUN,神奈川県,803,.N1Y-G,神奈川県,1636,CRANKY,神奈川県,2731,CYBERX,神奈川県,0,,-
Rootage,50th Memorial Songs -Flagship medley-,373,KUN,神奈川県,957,04,神奈川県,1493,SQUALO,神奈川県,2298,IGW.,神奈川県,0,,-
Rootage,50th Memorial Songs -The BEMANI History-,545,KUN,神奈川県,1084,04,神奈川県,1609,CRANKY,神奈川県,2677,IGW.,神奈川県,0,,-
Rootage,50th Memorial Songs -二人の時 ～under the cherry blossoms～-,563,KUN,神奈川県,1234,04,神奈川県,1639,CRANKY,神奈川県,2620,CYBERX,神奈川県,0,,-
Rootage,Afterimage d'automne,0,,-,1022,NOHARA,神奈川県,1628,MISO,神奈川県,2884,WELLOW,神奈川県,0,,-
Rootage,BLACK JACKAL,0,,-,835,JP$*,神奈川県,1602,BAY.,神奈川県,2346,CYBERX,神奈川県,0,,-
Rootage,BLO§OM,0,,-,1053,MISO,神奈川県,1654,4SA9RA,神奈川県,2561,CYBERX,神奈川県,0,,-
Rootage,Carmina,491,MARRON,神奈川県,1245,PERO,神奈川県,2385,B-CYC,神奈川県,3873,WELLOW,神奈川県,0,,-
Rootage,Carry Me Away,532,KUN,神奈川県,1098,EDF,神奈川県,1816,NYAGWA,神奈川県,3214,WELLOW,神奈川県,0,,-
Rootage,Catch Our Fire!,0,,-,1358,AGYPO3,神奈川県,2281,AGYPO3,神奈川県,3752,WELLOW,神奈川県,0,,-
Rootage,CODE:0,0,,-,1395,K-SUKE,神奈川県,2153,AGYPO3,神奈川県,2879,WELLOW,神奈川県,3599,WELLOW,神奈川県
Rootage,CoMAAAAAAA,0,,-,1251,04,神奈川県,2042,HARUTO,神奈川県,2409,CYBERX,神奈川県,3881,WELLOW,神奈川県
Rootage,COSMIC CYBER,0,,-,1008,*FTO*,神奈川県,1653,QSAMA*,神奈川県,2935,WELLOW,神奈川県,0,,-
Rootage,Cranberry City ft. Luschel,0,,-,840,NAKAM,神奈川県,1615,BAY.,神奈川県,2460,STYU--,神奈川県,0,,-
Rootage,dAuntl3ss,0,,-,1074,K-AOI3,神奈川県,1997,AUD,神奈川県,3523,WELLOW,神奈川県,0,,-
Rootage,Dr. Chemical & Killing Machine,0,,-,1121,04,神奈川県,1866,KAZU34,神奈川県,3388,WELLOW,神奈川県,0,,-
Rootage,Drastic Dramatic,0,,-,1443,Y-08,神奈川県,2394,4SA9RA,神奈川県,3510,WELLOW,神奈川県,0,,-
Rootage,DRUNK MONKY,0,,-,993,04,神奈川県,1572,ZUU,神奈川県,2330,WELLOW,神奈川県,0,,-
Rootage,Ember Lights,0,,-,975,S.TART,神奈川県,1615,4SA9RA,神奈川県,2723,HINO38,神奈川県,3146,WELLOW,神奈川県
Rootage,EVANESCENT,0,,-,1302,16GO!?,神奈川県,2345,ZUU,神奈川県,3643,WELLOW,神奈川県,0,,-
Rootage,Garuda,0,,-,1054,04,神奈川県,1610,HARUTO,神奈川県,2620,STYU--,神奈川県,0,,-
Rootage,Geirskögul,0,,-,1079,04,神奈川県,1591,4SA9RA,神奈川県,2248,STYU--,神奈川県,0,,-
Rootage,GENE,0,,-,1312,16GO!?,神奈川県,1969,KAZU34,神奈川県,4352,WELLOW,神奈川県,3573,WELLOW,神奈川県
Rootage,GIGA THRASH,0,,-,1263,04,神奈川県,1808,KAZU,神奈川県,2736,HINO38,神奈川県,0,,-
Rootage,Glory,0,,-,735,MISO,神奈川県,1596,UTKR,神奈川県,2340,CYBERX,神奈川県,0,,-
Rootage,GO OVER WITH GLARE -ROOTAGE 26-,0,,-,1027,ALBEX*,神奈川県,2246,AZ,神奈川県,3957,WELLOW,神奈川県,0,,-
Rootage,HARD BRAIN,0,,-,1301,LUC-07,神奈川県,2075,AZ,神奈川県,3792,WELLOW,神奈川県,0,,-
Rootage,HEISEI,379,KUN,神奈川県,1151,04,神奈川県,1936,ZUU,神奈川県,2576,WELLOW,神奈川県,0,,-
Rootage,Hurry Hurry,0,,-,735,MISO,神奈川県,1046,04,神奈川県,2089,IGW.,神奈川県,0,,-
Rootage,IDC feat.REVERBEE (Mo'Cuts Ver),0,,-,995,MISO,神奈川県,1584,AZ,神奈川県,2253,CYBERX,神奈川県,0,,-
Rootage,IDOL syndrome.,0,,-,744,NAKAM,神奈川県,1453,CRANKY,神奈川県,2205,CYBERX,神奈川県,3045,WELLOW,神奈川県
Rootage,KILL EACH OTHER,0,,-,1356,Y-08,神奈川県,2477,IGW.,神奈川県,3869,WELLOW,神奈川県,0,,-
Rootage,L.F.O,0,,-,872,UTKR,神奈川県,1745,4SA9RA,神奈川県,3331,STYU--,神奈川県,0,,-
Rootage,LADYBIRD,0,,-,1124,04,神奈川県,1631,ISH*,神奈川県,2474,STYU--,神奈川県,0,,-
Rootage,Let me be your cure,0,,-,1135,04,神奈川県,1432,04,神奈川県,2681,STYU--,神奈川県,0,,-
Rootage,Lethal Weapon,0,,-,1183,04,神奈川県,1845,WAPPY,神奈川県,3239,WELLOW,神奈川県,0,,-
Rootage,Level One,0,,-,1246,04,神奈川県,2296,AZ,神奈川県,3604,WELLOW,神奈川県,0,,-
Rootage,Lift Us High,0,,-,932,KO-RIN,神奈川県,1572,QSAMA*,神奈川県,2479,CYBERX,神奈川県,0,,-
Rootage,LOST TECHNOLOGIE,0,,-,1149,04,神奈川県,1844,H.RS.M,神奈川県,3531,WELLOW,神奈川県,0,,-
Rootage,Macho Monky,0,,-,1465,04,神奈川県,2132,AGYPO3,神奈川県,3074,WELLOW,神奈川県,0,,-
Rootage,Necroxis Girl,0,,-,1185,04,神奈川県,1939,KAZU34,神奈川県,2854,WELLOW,神奈川県,0,,-
Rootage,"Next Tales 2 Oath (IIDX 20th Anniv ""Ring"" Theme)",0,,-,900,04,神奈川県,1547,QSAMA*,神奈川県,2760,WELLOW,神奈川県,0,,-
Rootage,Night! Night! Night!,0,,-,1216,04,神奈川県,1796,CRANKY,神奈川県,3057,IGW.,神奈川県,0,,-
Rootage,ONIGOROSHI,0,,-,1162,PERO,神奈川県,2140,AGYPO3,神奈川県,3054,IGW.,神奈川県,0,,-
Rootage,OVER TIME,0,,-,579,ILOHA*,神奈川県,975,04,神奈川県,1556,CYBERX,神奈川県,2024,CYBERX,神奈川県
Rootage,Painful Fate,0,,-,1278,16GO!?,神奈川県,2234,BAY.,神奈川県,3363,WELLOW,神奈川県,0,,-
Rootage,Playing With Fire,0,,-,1004,04,神奈川県,1642,4SA9RA,神奈川県,2375,CYBERX,神奈川県,0,,-
Rootage,Psycho Sheep Riddim,0,,-,640,ILOHA*,神奈川県,988,AS,神奈川県,1675,CYBERX,神奈川県,2280,STYU--,神奈川県
Rootage,Red. by Jack Trance,0,,-,1457,99,神奈川県,2160,AZ,神奈川県,3649,WELLOW,神奈川県,0,,-
Rootage,REPLAY,0,,-,910,Y-08,神奈川県,1618,CRANKY,神奈川県,2280,CYBERX,神奈川県,0,,-
Rootage,ROCK女 feat. 大山愛未， Ken,0,,-,1031,EDF,神奈川県,1753,RMRORO,神奈川県,2824,WELLOW,神奈川県,0,,-
Rootage,ruin of opals,0,,-,1018,04,神奈川県,1841,ZUU,神奈川県,3226,WELLOW,神奈川県,0,,-
Rootage,R∞tAge,542,KUN,神奈川県,1102,04,神奈川県,1634,CRANKY,神奈川県,2991,WELLOW,神奈川県,0,,-
Rootage,SPEED ROCKER,0,,-,875,*MOOP*,神奈川県,1676,CRANKY,神奈川県,2321,CYBERX,神奈川県,0,,-
Rootage,Technicolour Dreams,0,,-,941,04,神奈川県,1381,QSAMA*,神奈川県,2403,CYBERX,神奈川県,0,,-
Rootage,The Best of Both Worlds,0,,-,591,ILOHA*,神奈川県,1364,TAKA83,神奈川県,2249,HINO38,神奈川県,0,,-
Rootage,THE DAY OF JUBILATIONS,0,,-,1489,EDF,神奈川県,2377,ZUU,神奈川県,3476,HINO38,神奈川県,0,,-
Rootage,The Rebellion of Sequencer,0,,-,1249,AGYPO3,神奈川県,2047,8NE877,神奈川県,3197,WELLOW,神奈川県,0,,-
Rootage,toy boxer,0,,-,769,ILOHA*,神奈川県,1438,8NE877,神奈川県,2240,CYBERX,神奈川県,0,,-
Rootage,ToyCube Pf.(RX-Ver.S.P.L.),0,,-,724,VIT,神奈川県,1551,04,神奈川県,2291,CYBERX,神奈川県,0,,-
Rootage,Trill auf G,0,,-,1161,04,神奈川県,2079,ZUU,神奈川県,3260,IGW.,神奈川県,0,,-
Rootage,Twilight Warp,0,,-,844,HIRO,神奈川県,1430,AGYPO3,神奈川県,2164,CYBERX,神奈川県,0,,-
Rootage,Unbelief,0,,-,1114,04,神奈川県,2120,TAAZA,神奈川県,3254,WELLOW,神奈川県,0,,-
Rootage,UNDERWORLD HOLOGRAPHY,0,,-,1041,AQUA-B,神奈川県,2083,BAY.,神奈川県,3263,STYU--,神奈川県,0,,-
Rootage,Urban Constellations,0,,-,684,TWIST.,神奈川県,1506,BAY.,神奈川県,2306,STYU--,神奈川県,3480,WELLOW,神奈川県
Rootage,Visterhv,0,,-,1245,04,神奈川県,2208,ZUU,神奈川県,3720,WELLOW,神奈川県,0,,-
Rootage,voltississimo,0,,-,1206,04,神奈川県,2134,TAAZA,神奈川県,3688,IGW.,神奈川県,0,,-
Rootage,Wing of Hearts,0,,-,1122,04,神奈川県,1785,AGYPO3,神奈川県,2942,CYBERX,神奈川県,0,,-
Rootage,Wolf 1061,0,,-,1018,M6A2E1,神奈川県,1722,STEEL*,神奈川県,3140,STYU--,神奈川県,0,,-
Rootage,Wonderland,0,,-,1060,04,神奈川県,1805,TAKA83,神奈川県,2768,CYBERX,神奈川県,0,,-
Rootage,X-DEN,0,,-,1612,KAZET,神奈川県,2766,ZION,神奈川県,4187,WELLOW,神奈川県,0,,-
Rootage,XENON II ～TOMOYUKIの野望～,0,,-,1128,PSYCHO,神奈川県,1716,CRANKY,神奈川県,3026,STYU--,神奈川県,0,,-
Rootage,Xlo,0,,-,1466,SQUALO,神奈川県,2400,G473,神奈川県,3862,WELLOW,神奈川県,0,,-
Rootage,Yum Yum Jelly,0,,-,786,04,神奈川県,1563,MON0CH,神奈川県,2389,STYU--,神奈川県,0,,-
Rootage,ZENDEGI DANCE,0,,-,1195,04,神奈川県,1829,CRANKY,神奈川県,2767,IGW.,神奈川県,0,,-
Rootage,おーまい！らぶりー！すうぃーてぃ！だーりん！,0,,-,1102,04,神奈川県,1923,MERLIN,神奈川県,2937,MIFFY*,神奈川県,0,,-
Rootage,お菓子の王国,0,,-,1407,Y-08,神奈川県,2270,NYAGWA,神奈川県,4115,WELLOW,神奈川県,0,,-
Rootage,グラナダの風,0,,-,803,04,神奈川県,1216,CRANKY,神奈川県,1876,KANON,神奈川県,0,,-
Rootage,セカンドピアス,0,,-,590,ILOHA*,神奈川県,1098,04,神奈川県,2027,CYBERX,神奈川県,0,,-
Rootage,ハードベース・フェスタ,0,,-,1113,PERO,神奈川県,1790,99,神奈川県,2869,CYBERX,神奈川県,0,,-
Rootage,ミストレス・アンに花束を,0,,-,586,TART,神奈川県,1014,04,神奈川県,1433,CYBERX,神奈川県,0,,-
Rootage,ミッドナイト☆WAR,0,,-,821,04,神奈川県,1560,QSAMA*,神奈川県,2513,CYBERX,神奈川県,0,,-
Rootage,夏の匂い。キミの残像。 ft. Kanae Asaba,0,,-,686,ILOHA*,神奈川県,1526,CRANKY,神奈川県,2559,CYBERX,神奈川県,0,,-
Rootage,抱きしめてモナムール,0,,-,1312,04,神奈川県,2285,ZUU,神奈川県,4193,WELLOW,神奈川県,0,,-
Rootage,最小三倍完全数,0,,-,931,04,神奈川県,1794,8NE877,神奈川県,2574,IGW.,神奈川県,0,,-
Rootage,泰東ノ翠霞,0,,-,484,ILOHA*,神奈川県,751,OSUSHI,神奈川県,1787,IGW.,神奈川県,0,,-
Rootage,深愛のリグレット,0,,-,792,ILOHA*,神奈川県,1198,04,神奈川県,2401,CYBERX,神奈川県,0,,-
Rootage,爆ゼニ☆がってんワーカー,0,,-,1233,KAZET,神奈川県,1818,KAZET,神奈川県,2747,CYBERX,神奈川県,0,,-
Rootage,花冠 feat.Aikapin,0,,-,996,UTKR,神奈川県,1669,CRANKY,神奈川県,2647,WELLOW,神奈川県,0,,-
Rootage,金野火織の金色提言,0,,-,1266,04,神奈川県,2225,.PAHYA,神奈川県,3156,WELLOW,神奈川県,0,,-
Rootage,龍王の霊廟(Mausoleum Of The Primal Dragon),0,,-,1124,PERO,神奈川県,2361,STEEL*,神奈川県,3210,CYBERX,神奈川県,4029,WELLOW,神奈川県
HEROIC VERSE,27th style,0,,-,1168,04,神奈川県,1797,STEEL*,神奈川県,2575,STYU--,神奈川県,3398,WELLOW,神奈川県
HEROIC VERSE,Advent Infamous,0,,-,1008,106.,神奈川県,1658,BAY.,神奈川県,2888,IGW.,神奈川県,0,,-
HEROIC VERSE,AKASHIC BREAK,0,,-,1263,04,神奈川県,2371,ZUU,神奈川県,3612,WELLOW,神奈川県,0,,-
HEROIC VERSE,And-RoiD,0,,-,742,S.TART,神奈川県,1320,CRANKY,神奈川県,2012,CYBERX,神奈川県,0,,-
HEROIC VERSE,Artist,0,,-,1257,CRANKY,神奈川県,2353,AGYPO3,神奈川県,3649,WELLOW,神奈川県,0,,-
HEROIC VERSE,Backyard Stars,0,,-,1061,04,神奈川県,1577,NIJINO,神奈川県,2264,WELLOW,神奈川県,0,,-
HEROIC VERSE,BEAT PRISONER,0,,-,1236,04,神奈川県,2040,UTKR,神奈川県,3650,WELLOW,神奈川県,0,,-
HEROIC VERSE,beatAffection,0,,-,1038,S.TART,神奈川県,1575,8NE877,神奈川県,2675,CYBERX,神奈川県,0,,-
HEROIC VERSE,Beautiful Harmony (IIDX Mix),0,,-,903,STEEL*,神奈川県,1721,STEEL*,神奈川県,2485,CYBERX,神奈川県,0,,-
HEROIC VERSE,Bow shock!!,0,,-,807,S.TART,神奈川県,1944,MON0CH,神奈川県,3111,WELLOW,神奈川県,4311,WELLOW,神奈川県
HEROIC VERSE,Calvados Queen,0,,-,991,S.TART,神奈川県,1539,BAY.,神奈川県,2476,CYBERX,神奈川県,0,,-
HEROIC VERSE,Change Yourself,0,,-,973,106.,神奈川県,1732,MON0CH,神奈川県,2557,STYU--,神奈川県,0,,-
HEROIC VERSE,Crank It,0,,-,779,S.TART,神奈川県,1453,16GO!?,神奈川県,2453,HINO38,神奈川県,0,,-
HEROIC VERSE,Dans la nuit de l'eternite,0,,-,1386,106.,神奈川県,2179,HAGANE,神奈川県,3443,WELLOW,神奈川県,0,,-
HEROIC VERSE,Do What You Want,0,,-,698,ILOHA*,神奈川県,1232,XELO,神奈川県,2038,CYBERX,神奈川県,0,,-
HEROIC VERSE,Double Dribble,0,,-,1275,04,神奈川県,1956,ZUU,神奈川県,3345,WELLOW,神奈川県,0,,-
HEROIC VERSE,EROICA,0,,-,1394,16GO!?,神奈川県,2334,04,神奈川県,3932,WELLOW,神奈川県,0,,-
HEROIC VERSE,Everlasting Message,0,,-,1245,04,神奈川県,2295,BAY.,神奈川県,3831,WELLOW,神奈川県,0,,-
HEROIC VERSE,fairy cocktail,0,,-,460,TART,神奈川県,1103,04,神奈川県,1650,CYBERX,神奈川県,0,,-
HEROIC VERSE,Fly Above (Vicissitude Remix),0,,-,872,ILOHA*,神奈川県,1494,SKYLLA,神奈川県,2395,CYBERX,神奈川県,0,,-
HEROIC VERSE,Forgetting Machine,0,,-,723,04,神奈川県,1251,4SA9RA,神奈川県,1726,CYBERX,神奈川県,0,,-
HEROIC VERSE,Friction[!]Function,0,,-,1113,04,神奈川県,1806,STEEL*,神奈川県,3224,WELLOW,神奈川県,0,,-
HEROIC VERSE,GHOST,0,,-,830,106.,神奈川県,1443,AMAKUN,神奈川県,2779,IGW.,神奈川県,0,,-
HEROIC VERSE,GIGA VIOLATE,0,,-,1114,106.,神奈川県,1641,BAY.,神奈川県,2767,IGW.,神奈川県,0,,-
HEROIC VERSE,Hold My Hand,0,,-,938,106.,神奈川県,1703,8NE877,神奈川県,2488,CYBERX,神奈川県,0,,-
HEROIC VERSE,Hyper Drive feat. ぷにぷに電機,0,,-,661,NAKAM,神奈川県,1492,CRANKY,神奈川県,1995,CYBERX,神奈川県,0,,-
HEROIC VERSE,If,0,,-,789,04,神奈川県,1363,8NE877,神奈川県,1914,IGW.,神奈川県,0,,-
HEROIC VERSE,Inferno of Fomalhaut,0,,-,1025,04,神奈川県,1892,JD*ONG,神奈川県,3266,WELLOW,神奈川県,0,,-
HEROIC VERSE,Infinity Mirror,0,,-,857,04,神奈川県,1376,CRANKY,神奈川県,2324,CYBERX,神奈川県,0,,-
HEROIC VERSE,Into The Madness,0,,-,1008,04,神奈川県,1614,8NE877,神奈川県,2555,WELLOW,神奈川県,0,,-
HEROIC VERSE,LASER CRUSTER (IGNITE REMIX),0,,-,751,IIDX32,神奈川県,1776,BAY.,神奈川県,3603,WELLOW,神奈川県,0,,-
HEROIC VERSE,Level 2,0,,-,956,STEEL*,神奈川県,1737,04,神奈川県,2932,WELLOW,神奈川県,0,,-
HEROIC VERSE,LIGHTNING STRIKES,464,KUN,神奈川県,937,04,神奈川県,1661,FIGALO,神奈川県,3263,WELLOW,神奈川県,4204,WELLOW,神奈川県
HEROIC VERSE,Like+it!,0,,-,1064,106.,神奈川県,1702,CRANKY,神奈川県,2383,IGW.,神奈川県,0,,-
HEROIC VERSE,Lords Of The Roundtable,0,,-,1068,04,神奈川県,1848,AZ,神奈川県,3130,WELLOW,神奈川県,0,,-
HEROIC VERSE,Lost Souls,0,,-,681,.N1Y-G,神奈川県,1552,DL.46*,神奈川県,2445,WELLOW,神奈川県,3966,WELLOW,神奈川県
HEROIC VERSE,Matt Silver,0,,-,1167,04,神奈川県,2148,STEEL*,神奈川県,3376,IGW.,神奈川県,0,,-
HEROIC VERSE,Megalara Garuda,0,,-,1497,106.,神奈川県,1978,BEITA,神奈川県,3068,WELLOW,神奈川県,0,,-
HEROIC VERSE,Mel,0,,-,784,ILOHA*,神奈川県,1518,HAGANE,神奈川県,2175,CYBERX,神奈川県,2735,IGW.,神奈川県
HEROIC VERSE,Moving on,0,,-,1049,106.,神奈川県,1949,8NE877,神奈川県,2999,MIFFY*,神奈川県,0,,-
HEROIC VERSE,Nasty Techniques,0,,-,980,OGRCAP,神奈川県,1696,STEEL*,神奈川県,2653,CYBERX,神奈川県,0,,-
HEROIC VERSE,NEWALONE,0,,-,586,UTKR,神奈川県,1305,04,神奈川県,2016,CYBERX,神奈川県,0,,-
HEROIC VERSE,ORCA,0,,-,1337,04,神奈川県,2359,ZUU,神奈川県,3514,WELLOW,神奈川県,0,,-
HEROIC VERSE,OUTER PLANETS,0,,-,678,S.TART,神奈川県,1410,ANAN*,神奈川県,2193,STYU--,神奈川県,0,,-
HEROIC VERSE,Override,0,,-,948,106.,神奈川県,1606,CRANKY,神奈川県,2924,STYU--,神奈川県,4343,WELLOW,神奈川県
HEROIC VERSE,PHASE SHIFT MANEUVER,0,,-,1272,STEEL*,神奈川県,1721,4SA9RA,神奈川県,2865,CYBERX,神奈川県,0,,-
HEROIC VERSE,Primitive Vibes,583,KUN,神奈川県,1163,04,神奈川県,1967,FIGALO,神奈川県,3108,WELLOW,神奈川県,0,,-
HEROIC VERSE,Queen Kaguya,0,,-,981,04,神奈川県,1831,NAGI,神奈川県,2646,STYU--,神奈川県,0,,-
HEROIC VERSE,Rainstorm,0,,-,985,106.,神奈川県,1557,8NE877,神奈川県,2288,STYU--,神奈川県,0,,-
HEROIC VERSE,Rave Patroller,0,,-,1377,04,神奈川県,2324,AGYPO3,神奈川県,3399,WELLOW,神奈川県,0,,-
HEROIC VERSE,rough percussionythm,0,,-,1017,04,神奈川県,1635,UMING,神奈川県,2562,STYU--,神奈川県,0,,-
HEROIC VERSE,S!ck (Nhato Remix),0,,-,1004,04,神奈川県,1595,FIGALO,神奈川県,2542,STYU--,神奈川県,0,,-
HEROIC VERSE,SCREW // owo // SCREW,0,,-,1118,04,神奈川県,2128,AZ,神奈川県,3050,WELLOW,神奈川県,0,,-
HEROIC VERSE,Shiva,0,,-,739,S.TART,神奈川県,1447,CRANKY,神奈川県,2153,STYU--,神奈川県,0,,-
HEROIC VERSE,Silly Love,254,KUN,神奈川県,752,KO-RIN,神奈川県,1307,Y0K4,神奈川県,2107,IGW.,神奈川県,0,,-
HEROIC VERSE,Ska-sh All Neurons!!,0,,-,991,S.TART,神奈川県,1418,DAIKI,神奈川県,2342,CYBERX,神奈川県,0,,-
HEROIC VERSE,Smashing Wedge,0,,-,968,106.,神奈川県,2189,ZUU,神奈川県,3809,IGW.,神奈川県,0,,-
HEROIC VERSE,Sparkle Smilin',0,,-,922,S.TART,神奈川県,1505,8NE877,神奈川県,2470,IGW.,神奈川県,0,,-
HEROIC VERSE,STOIC HYPOTHESIS,0,,-,1119,04,神奈川県,1782,KAZU34,神奈川県,2863,IEK.S,神奈川県,0,,-
HEROIC VERSE,Sugar Drippin',0,,-,776,S.TART,神奈川県,1389,STEEL*,神奈川県,2114,CYBERX,神奈川県,0,,-
HEROIC VERSE,T-REX vs Velociraptor (In the Far east euphoria),0,,-,1355,0-1000,神奈川県,1784,NYAH,神奈川県,3246,WELLOW,神奈川県,0,,-
HEROIC VERSE,take me higher,0,,-,828,16GO!?,神奈川県,1237,16GO!?,神奈川県,2020,CYBERX,神奈川県,0,,-
HEROIC VERSE,TECHNO Style Essentials,0,,-,1024,STEEL*,神奈川県,1645,STEEL*,神奈川県,2880,WELLOW,神奈川県,0,,-
HEROIC VERSE,THE BRAVE MUST DIE,0,,-,1425,04,神奈川県,2445,AGYPO3,神奈川県,4109,WELLOW,神奈川県,0,,-
HEROIC VERSE,THE F∀UST,0,,-,1356,106.,神奈川県,2277,ANAN*,神奈川県,3634,WELLOW,神奈川県,0,,-
HEROIC VERSE,The Sky of Sadness,0,,-,882,S.TART,神奈川県,1529,8NE877,神奈川県,2418,STYU--,神奈川県,0,,-
HEROIC VERSE,Theory,0,,-,801,04,神奈川県,1383,TENDON,神奈川県,2638,WELLOW,神奈川県,0,,-
HEROIC VERSE,TRIUMPH,0,,-,935,04,神奈川県,1962,MON0CH,神奈川県,3417,WELLOW,神奈川県,0,,-
HEROIC VERSE,UNITE THE HEART,0,,-,1436,WAK,神奈川県,2562,KPBR.,神奈川県,3332,STYU--,神奈川県,0,,-
HEROIC VERSE,VALKYRIAS -英雄誕生-,464,KUN,神奈川県,1041,106.,神奈川県,1749,8NE877,神奈川県,2764,WELLOW,神奈川県,0,,-
HEROIC VERSE,VIBRΛ,0,,-,923,04,神奈川県,1294,TOMOYA,神奈川県,1877,CYBERX,神奈川県,0,,-
HEROIC VERSE,Vinculum stellarum,0,,-,935,04,神奈川県,2260,ZUU,神奈川県,3677,WELLOW,神奈川県,0,,-
HEROIC VERSE,Virus Funk,0,,-,793,16GO!?,神奈川県,1511,CRANKY,神奈川県,2225,IGW.,神奈川県,0,,-
HEROIC VERSE,Volcanic Dragon,0,,-,1080,ANAN*,神奈川県,1773,B-CYC,神奈川県,2980,IGW.,神奈川県,0,,-
HEROIC VERSE,Voo Doo Bamboleo,0,,-,905,106.,神奈川県,1556,8NE877,神奈川県,2511,STYU--,神奈川県,0,,-
HEROIC VERSE,Ypsilon,0,,-,1080,AHRY,神奈川県,1747,QSAMA*,神奈川県,2905,STYU--,神奈川県,3567,WELLOW,神奈川県
HEROIC VERSE,がっつり陰キャ!? 怪盗いいんちょの億劫^^;,0,,-,1544,UTKR,神奈川県,2678,ZUU,神奈川県,4284,WELLOW,神奈川県,0,,-
HEROIC VERSE,シャムシールの舞,0,,-,863,S.TART,神奈川県,1527,FIGALO,神奈川県,2581,IGW.,神奈川県,0,,-
HEROIC VERSE,セピアの軌跡 ft. 天宮みや(少女フラクタル),375,KUN,神奈川県,795,RIRIA,神奈川県,1458,RMRORO,神奈川県,2404,CYBERX,神奈川県,0,,-
HEROIC VERSE,バッドエンド・シンドローム,0,,-,1059,04,神奈川県,1726,CRANKY,神奈川県,2985,WELLOW,神奈川県,0,,-
HEROIC VERSE,ピアノ協奏曲第1番”蠍火” (BlackY Remix),0,,-,1030,04,神奈川県,2126,8NE877,神奈川県,3786,WELLOW,神奈川県,0,,-
HEROIC VERSE,ラブキラ☆スプラッシュ,0,,-,1120,04,神奈川県,1671,8NE877,神奈川県,2531,CYBERX,神奈川県,0,,-
HEROIC VERSE,ランカーキラーガール,0,,-,1157,106.,神奈川県,1815,99,神奈川県,2941,IGW.,神奈川県,0,,-
HEROIC VERSE,曼荼羅恋々,0,,-,1101,106.,神奈川県,1702,NYAH,神奈川県,2769,IGW.,神奈川県,0,,-
HEROIC VERSE,深淵に捧ぐレクイエム,0,,-,858,04,神奈川県,1620,CRANKY,神奈川県,3047,WELLOW,神奈川県,0,,-
HEROIC VERSE,灼熱Beach Side Bunny (Masayoshi Iimori Remix),0,,-,647,RENA**,神奈川県,1133,04,神奈川県,1839,WELLOW,神奈川県,0,,-
HEROIC VERSE,狂水一華,0,,-,971,04,神奈川県,1711,KAZU34,神奈川県,2728,IGW.,神奈川県,0,,-
HEROIC VERSE,眠りの国のステラ,0,,-,1177,UTKR,神奈川県,1840,AGYPO3,神奈川県,2766,IGW.,神奈川県,0,,-
HEROIC VERSE,華麗なる大犬円舞曲,0,,-,1393,STEEL*,神奈川県,2057,ZUU,神奈川県,3630,WELLOW,神奈川県,0,,-
HEROIC VERSE,錬成人間トリコロイダー,0,,-,1045,106.,神奈川県,1821,8NE877,神奈川県,3210,WELLOW,神奈川県,0,,-
HEROIC VERSE,開きたまえ！Next stAge！,0,,-,1136,04,神奈川県,1641,TKS,神奈川県,2906,CYBERX,神奈川県,0,,-
HEROIC VERSE,魅惑のYUMMYスイーツ,0,,-,928,04,神奈川県,1704,B-CYC,神奈川県,3120,WELLOW,神奈川県,0,,-
BISTROVER,-65℃,0,,-,1396,106.,神奈川県,2270,RMRORO,神奈川県,3754,WELLOW,神奈川県,0,,-
BISTROVER,ABSOLUTE (kors k Remix),0,,-,942,106.,神奈川県,1513,FIGALO,神奈川県,2654,WELLOW,神奈川県,0,,-
BISTROVER,Ah Hah Yeah,0,,-,730,WELLOW,神奈川県,1419,BAY.,神奈川県,2182,WELLOW,神奈川県,0,,-
BISTROVER,AMRITA -不滅ノ花-,0,,-,892,ILOHA*,神奈川県,1624,8NE877,神奈川県,2784,CYBERX,神奈川県,0,,-
BISTROVER,apo:llioth,0,,-,1212,106.,神奈川県,2055,FIGALO,神奈川県,2983,STYU--,神奈川県,0,,-
BISTROVER,As You Want,0,,-,848,ILOHA*,神奈川県,1495,8NE877,神奈川県,2478,CYBERX,神奈川県,0,,-
BISTROVER,ASIAN VIRTUAL REALITIES (MELTING TOGETHER IN DAZZLING DARKNESS),0,,-,1073,106.,神奈川県,1911,8NE877,神奈川県,3398,WELLOW,神奈川県,0,,-
BISTROVER,BEMANI PRO LEAGUE Theme,0,,-,779,106.,神奈川県,1421,8NE877,神奈川県,1983,CYBERX,神奈川県,0,,-
BISTROVER,BIGソムタム,562,KUN,神奈川県,1268,106.,神奈川県,1877,FIGALO,神奈川県,3358,HINO38,神奈川県,0,,-
BISTROVER,BLACK or WHITE?,629,KUN,神奈川県,1302,04,神奈川県,2443,MON0CH,神奈川県,3984,WELLOW,神奈川県,0,,-
BISTROVER,Burning Flame,0,,-,1180,04,神奈川県,1818,CRANKY,神奈川県,2928,IGW.,神奈川県,3826,WELLOW,神奈川県
BISTROVER,Chewingood!!!,300,KUN,神奈川県,859,ILOHA*,神奈川県,1521,8NE877,神奈川県,2626,CYBERX,神奈川県,0,,-
BISTROVER,COSMIC RAY,0,,-,1279,106.,神奈川県,2160,MASAKI,神奈川県,2929,IGW.,神奈川県,0,,-
BISTROVER,Crazy Jackpot,0,,-,998,106.,神奈川県,1631,HAJI,神奈川県,2873,CYBERX,神奈川県,0,,-
BISTROVER,Danza Aestas,0,,-,1000,106.,神奈川県,1741,4SA9RA,神奈川県,3015,CYBERX,神奈川県,0,,-
BISTROVER,Dawn Saga,0,,-,967,STEEL*,神奈川県,1627,AZ,神奈川県,2731,HINO38,神奈川県,0,,-
BISTROVER,DENIM,0,,-,586,ILOHA*,神奈川県,1300,ZUU,神奈川県,1756,CYBERX,神奈川県,0,,-
BISTROVER,Don't Stop The Music feat. Kanae Asaba,0,,-,684,ILOHA*,神奈川県,1290,CRANKY,神奈川県,1882,CYBERX,神奈川県,0,,-
BISTROVER,DUAL STRIKER,0,,-,1187,ILOHA*,神奈川県,2460,BNJR,神奈川県,3891,IGW.,神奈川県,0,,-
BISTROVER,Empire of Fury,0,,-,1353,106.,神奈川県,2158,BUTA,神奈川県,3334,WELLOW,神奈川県,0,,-
BISTROVER,Euphoric Lagoon,0,,-,896,16GO!?,神奈川県,1607,OSUSHI,神奈川県,2610,CYBERX,神奈川県,0,,-
BISTROVER,Explorer feat. ぷにぷに電機,0,,-,746,106.,神奈川県,1312,8NE877,神奈川県,2159,CYBERX,神奈川県,2905,CYBERX,神奈川県
BISTROVER,Farewell to Marrakech,0,,-,907,106.,神奈川県,1482,CRANKY,神奈川県,2270,STYU--,神奈川県,0,,-
BISTROVER,Fire Beat,0,,-,1082,04,神奈川県,1702,S3ALFS,神奈川県,2762,WELLOW,神奈川県,0,,-
BISTROVER,Frisk And Squeak,0,,-,808,106.,神奈川県,1552,4SA9RA,神奈川県,2452,STYU--,神奈川県,0,,-
BISTROVER,GIGA RAID,0,,-,974,106.,神奈川県,1891,8NE877,神奈川県,2437,WELLOW,神奈川県,0,,-
BISTROVER,Globe Glitter,0,,-,1068,106.,神奈川県,1678,8NE877,神奈川県,2704,IGW.,神奈川県,0,,-
BISTROVER,Here We Are,397,KUN,神奈川県,1079,KURIYA,神奈川県,1737,8NE877,神奈川県,2491,IGW.,神奈川県,0,,-
BISTROVER,HIGH VOLTAGE,0,,-,828,106.,神奈川県,1410,FIGALO,神奈川県,2272,CYBERX,神奈川県,0,,-
BISTROVER,Ignis†Irae,0,,-,1109,04,神奈川県,2343,ZUU,神奈川県,3814,WELLOW,神奈川県,0,,-
BISTROVER,IIDX RED Ending (Ryu☆Remix),0,,-,649,106.,神奈川県,1198,8NE877,神奈川県,1869,CYBERX,神奈川県,0,,-
BISTROVER,innocent revolver,0,,-,1135,16GO!?,神奈川県,2370,8NE877,神奈川県,3892,WELLOW,神奈川県,0,,-
BISTROVER,Jungle Eater,0,,-,1017,106.,神奈川県,1853,8NE877,神奈川県,3016,STYU--,神奈川県,0,,-
BISTROVER,LAST DAY,0,,-,1112,106.,神奈川県,1731,KAZU34,神奈川県,3085,IEK.S,神奈川県,0,,-
BISTROVER,Level 3,0,,-,1174,NOHARA,神奈川県,2323,STYU--,神奈川県,3613,WELLOW,神奈川県,0,,-
BISTROVER,LOCUS OF THE TRAVEL,0,,-,1097,106.,神奈川県,2345,TAM,神奈川県,3761,WELLOW,神奈川県,0,,-
BISTROVER,Lovely Howdy Cowboy!!,0,,-,1069,106.,神奈川県,1834,OSUSHI,神奈川県,2787,IGW.,神奈川県,0,,-
BISTROVER,MA・TSU・RI,0,,-,1107,04,神奈川県,1817,4SA9RA,神奈川県,2593,STYU--,神奈川県,0,,-
BISTROVER,MEGAERA,0,,-,1463,04,神奈川県,2132,ZUU,神奈川県,3535,IGW.,神奈川県,0,,-
BISTROVER,Midnight Drive,0,,-,596,ILOHA*,神奈川県,1335,8NE877,神奈川県,2008,STYU--,神奈川県,0,,-
BISTROVER,MOVE! (We Keep It Movin'),0,,-,769,106.,神奈川県,1383,8NE877,神奈川県,2211,CYBERX,神奈川県,0,,-
BISTROVER,Neo Heritage,0,,-,948,106.,神奈川県,1700,IGW.,神奈川県,2884,WELLOW,神奈川県,0,,-
BISTROVER,Ocean Blue feat. Luschel,0,,-,828,HUSKAR,神奈川県,1459,8NE877,神奈川県,2483,WELLOW,神奈川県,0,,-
BISTROVER,of the first magnitude,0,,-,1038,106.,神奈川県,1891,FIGALO,神奈川県,2985,WELLOW,神奈川県,0,,-
BISTROVER,OTOKOZAKA,0,,-,1067,04,神奈川県,1884,FIGALO,神奈川県,2938,IGW.,神奈川県,0,,-
BISTROVER,Overslept,0,,-,1157,04,神奈川県,1794,8NE877,神奈川県,2586,IGW.,神奈川県,0,,-
BISTROVER,Para siempre,0,,-,965,04,神奈川県,1564,8NE877,神奈川県,2908,IGW.,神奈川県,0,,-
BISTROVER,Parvati,0,,-,1033,04,神奈川県,1869,8NE877,神奈川県,2877,WELLOW,神奈川県,0,,-
BISTROVER,POLKAMANIA,430,KUN,神奈川県,973,106.,神奈川県,1908,8NE877,神奈川県,2975,WELLOW,神奈川県,3827,WELLOW,神奈川県
BISTROVER,Rejection Girl,0,,-,1023,04,神奈川県,1614,QSAMA*,神奈川県,2681,IEK.S,神奈川県,0,,-
BISTROVER,Ritual of Anubis,0,,-,1184,04,神奈川県,1825,106.,神奈川県,2835,WELLOW,神奈川県,0,,-
BISTROVER,Romanticが止まらない,388,KUN,神奈川県,950,106.,神奈川県,1677,CRANKY,神奈川県,2729,CYBERX,神奈川県,0,,-
BISTROVER,rommmo,0,,-,1210,04,神奈川県,1832,AGYPO3,神奈川県,3488,IGW.,神奈川県,0,,-
BISTROVER,Rosa azuL,0,,-,892,04,神奈川県,1832,8NE877,神奈川県,2798,IGW.,神奈川県,0,,-
BISTROVER,Rowdy,0,,-,1055,04,神奈川県,1585,8NE877,神奈川県,2508,IGW.,神奈川県,0,,-
BISTROVER,Rubrum Piano,0,,-,967,04,神奈川県,1717,FIGALO,神奈川県,2487,IGW.,神奈川県,0,,-
BISTROVER,S-Bahn,0,,-,974,NOHARA,神奈川県,1559,FIGALO,神奈川県,2182,STYU--,神奈川県,0,,-
BISTROVER,Sinus Iridum,0,,-,1276,STEEL*,神奈川県,2151,WELLOW,神奈川県,3390,WELLOW,神奈川県,0,,-
BISTROVER,smooooch・∀・ (Snail's House Remix),0,,-,864,AHRY,神奈川県,1578,106.,神奈川県,2378,IGW.,神奈川県,0,,-
BISTROVER,SOLID STATE SQUAD -RISEN RELIC REMIX-,0,,-,1274,A.K,神奈川県,2251,ZUU,神奈川県,3327,WELLOW,神奈川県,0,,-
BISTROVER,Sugarplum,0,,-,884,04,神奈川県,1873,8NE877,神奈川県,2527,IGW.,神奈川県,0,,-
BISTROVER,Swarm Of Scarabs,0,,-,1055,04,神奈川県,1559,8NE877,神奈川県,2416,WELLOW,神奈川県,0,,-
BISTROVER,Tell me what you wish feat.らっぷびと,0,,-,1128,04,神奈川県,1617,QSAMA*,神奈川県,2853,CYBERX,神奈川県,0,,-
BISTROVER,That Feeling,0,,-,704,UTKR,神奈川県,1251,8NE877,神奈川県,1936,CYBERX,神奈川県,0,,-
BISTROVER,THE PEERLESS UNDER HEAVEN,0,,-,1111,KO-RIN,神奈川県,2049,8NE877,神奈川県,3500,WELLOW,神奈川県,0,,-
BISTROVER,The Wind of China Express(The 4th Mashup),0,,-,1009,04,神奈川県,1709,8NE877,神奈川県,2566,MIFFY*,神奈川県,0,,-
BISTROVER,Tiempo Loco,0,,-,1031,AIR8,神奈川県,2007,4SA9RA,神奈川県,3742,IGW.,神奈川県,0,,-
BISTROVER,Viridian,0,,-,1092,04,神奈川県,2004,AZ,神奈川県,3380,WELLOW,神奈川県,0,,-
BISTROVER,Vitrum,0,,-,1096,04,神奈川県,1749,KAZU34,神奈川県,3635,IGW.,神奈川県,0,,-
BISTROVER,WAKE UP NOW,0,,-,959,04,神奈川県,1469,8NE877,神奈川県,2011,HINO38,神奈川県,2490,IGW.,神奈川県
BISTROVER,When I Met U,0,,-,875,AHRY,神奈川県,1321,8NE877,神奈川県,2062,CYBERX,神奈川県,0,,-
BISTROVER,Winner's Proof ft. KANASA from bless4,275,KUN,神奈川県,754,ALBEX*,神奈川県,1391,8NE877,神奈川県,2233,HINO38,神奈川県,0,,-
BISTROVER,X-ray binary,0,,-,990,04,神奈川県,1889,HARUTO,神奈川県,2822,STYU--,神奈川県,0,,-
BISTROVER,Zenith,0,,-,855,16GO!?,神奈川県,1395,FIGALO,神奈川県,2183,WELLOW,神奈川県,0,,-
BISTROVER,∀,600,KUN,神奈川県,1268,YAPPI,神奈川県,2249,IGW.,神奈川県,3569,WELLOW,神奈川県,0,,-
BISTROVER,ここからよろしく大作戦143,266,KUN,神奈川県,955,ILOHA*,神奈川県,1760,CRANKY,神奈川県,2525,CYBERX,神奈川県,3191,WELLOW,神奈川県
BISTROVER,スーパー戦湯ババンバーン,0,,-,1269,04,神奈川県,2120,BAY.,神奈川県,3462,WELLOW,神奈川県,0,,-
BISTROVER,ディスコルディア,0,,-,1328,A.K,神奈川県,2330,MR.FIT,神奈川県,3960,WELLOW,神奈川県,0,,-
BISTROVER,バッド・スイーツ、バッド・ドリーム,0,,-,1105,04,神奈川県,1872,8NE877,神奈川県,3646,WELLOW,神奈川県,0,,-
BISTROVER,世界の果てに約束の凱歌を -ReUnion-,0,,-,1196,04,神奈川県,1870,FIGALO,神奈川県,3918,WELLOW,神奈川県,0,,-
BISTROVER,乱膳の舞姫,0,,-,939,DIOSS,神奈川県,1812,4SA9RA,神奈川県,2742,IGW.,神奈川県,0,,-
BISTROVER,二人ノ廃城幽踊宴,0,,-,1200,KT2,神奈川県,2341,IGW.,神奈川県,3692,WELLOW,神奈川県,0,,-
BISTROVER,伐折羅-vajra-,0,,-,1122,PERO,神奈川県,2088,ZUU,神奈川県,3720,WELLOW,神奈川県,0,,-
BISTROVER,儚き恋の華,0,,-,1060,04,神奈川県,1869,RMRORO,神奈川県,3009,IGW.,神奈川県,0,,-
BISTROVER,新宝島,520,KUN,神奈川県,787,04,神奈川県,1387,KAZU34,神奈川県,2367,CYBERX,神奈川県,3561,WELLOW,神奈川県
BISTROVER,水無月の雫 ft. 小林まな,0,,-,1183,AHRY,神奈川県,1804,8NE877,神奈川県,2617,CYBERX,神奈川県,0,,-
BISTROVER,水鏡の異界,0,,-,892,04,神奈川県,1757,8NE877,神奈川県,3259,WELLOW,神奈川県,0,,-
BISTROVER,涙のテ・エストラーニョ・ムーチョ,0,,-,1362,NOHARA,神奈川県,1952,FIGALO,神奈川県,2835,STYU--,神奈川県,0,,-
BISTROVER,無意識のフィロソフィア,0,,-,1134,04,神奈川県,2176,QSAMA*,神奈川県,3343,CYBERX,神奈川県,0,,-
BISTROVER,犬に雨傘,0,,-,901,MISO,神奈川県,1474,8NE877,神奈川県,2126,IGW.,神奈川県,0,,-
BISTROVER,閠槞彁の願い,0,,-,1026,MISO,神奈川県,2123,KAZU34,神奈川県,3164,WELLOW,神奈川県,0,,-
BISTROVER,霧幻メモリア,0,,-,936,.N1Y-G,神奈川県,1444,8NE877,神奈川県,2041,IGW.,神奈川県,0,,-
BISTROVER,魔法のかくれんぼ,0,,-,885,04,神奈川県,1662,GYAO-!,神奈川県,2807,IGW.,神奈川県,0,,-
CastHour,10000 MILES AWAY,0,,-,1049,IGW.,神奈川県,1673,STEEL*,神奈川県,2970,WELLOW,神奈川県,0,,-
CastHour,2 Beasts Unchained,0,,-,1501,04,神奈川県,2233,ZUU,神奈川県,3509,WELLOW,神奈川県,0,,-
CastHour,808monkey,0,,-,747,Y-08,神奈川県,1155,AS,神奈川県,1821,CYBERX,神奈川県,0,,-
CastHour,ABSOLUTE EVIL,253,KARENA,神奈川県,1190,04,神奈川県,2211,MON0CH,神奈川県,3502,WELLOW,神奈川県,0,,-
CastHour,Aftermath,0,,-,1227,04,神奈川県,2374,4SA9RA,神奈川県,3613,IGW.,神奈川県,0,,-
CastHour,ALTERNATOR,0,,-,1337,Y-08,神奈川県,2530,04,神奈川県,3777,WELLOW,神奈川県,0,,-
CastHour,AMICABLE,0,,-,986,.N1Y-G,神奈川県,1609,8NE877,神奈川県,2500,CYBERX,神奈川県,0,,-
CastHour,ANEMONE,220,KUN,神奈川県,775,LEVI.M,神奈川県,1600,8NE877,神奈川県,2138,CYBERX,神奈川県,0,,-
CastHour,Angel's Ladder,0,,-,1086,04,神奈川県,2205,BAY.,神奈川県,3506,WELLOW,神奈川県,0,,-
CastHour,Ariah,0,,-,717,S.TART,神奈川県,1490,16GO!?,神奈川県,2179,CYBERX,神奈川県,0,,-
CastHour,Arkadia,0,,-,1178,S.TART,神奈川県,2075,4SA9RA,神奈川県,3712,IGW.,神奈川県,0,,-
CastHour,Banger Banger Banger Banger,0,,-,946,ALBEX*,神奈川県,1804,8NE877,神奈川県,2959,IGW.,神奈川県,0,,-
CastHour,Binary Black Hole,0,,-,1348,04,神奈川県,2262,ZUU,神奈川県,3918,IGW.,神奈川県,0,,-
CastHour,Blue Bird feat. Kanae Asaba,0,,-,662,16GO!?,神奈川県,1123,16GO!?,神奈川県,1794,CYBERX,神奈川県,0,,-
CastHour,Brave Spirits,0,,-,714,ILOHA*,神奈川県,1437,8NE877,神奈川県,2494,STYU--,神奈川県,0,,-
CastHour,DISPARATE,0,,-,971,MAE14,神奈川県,1822,8NE877,神奈川県,2464,KANON,神奈川県,0,,-
CastHour,Divine Heaven,0,,-,948,04,神奈川県,1960,CRANKY,神奈川県,2994,WELLOW,神奈川県,0,,-
CastHour,Don't believe the hype,0,,-,1109,KO-RIN,神奈川県,2195,2BAKI?,神奈川県,3272,WELLOW,神奈川県,0,,-
CastHour,DREAM OF SPACE UFO ABDUCTION,0,,-,1080,AGYPO3,神奈川県,1822,8NE877,神奈川県,2723,IGW.,神奈川県,0,,-
CastHour,Emera,0,,-,869,04,神奈川県,1637,8NE877,神奈川県,2346,WELLOW,神奈川県,0,,-
CastHour,EMOTiON TRiPPER,0,,-,954,16GO!?,神奈川県,1478,NOHARA,神奈川県,2196,CYBERX,神奈川県,0,,-
CastHour,Ergosphere,0,,-,1003,AGYPO3,神奈川県,1843,KAZU34,神奈川県,2754,WELLOW,神奈川県,0,,-
CastHour,Fantastic Merry-Go-Round,0,,-,1086,16GO!?,神奈川県,1502,8NE877,神奈川県,2121,IGW.,神奈川県,0,,-
CastHour,Fegrix,0,,-,1253,04,神奈川県,2239,4SA9RA,神奈川県,3348,WELLOW,神奈川県,0,,-
CastHour,FINALLY BLAZE,0,,-,923,04,神奈川県,1752,H.RS.M,神奈川県,2822,IEK.S,神奈川県,0,,-
CastHour,Flying Castle,0,,-,1086,04,神奈川県,2254,ZUU,神奈川県,3704,WELLOW,神奈川県,0,,-
CastHour,Game Changers,0,,-,746,LUC-07,神奈川県,1426,K-SUKE,神奈川県,2760,STYU--,神奈川県,0,,-
CastHour,"Get set, Go! feat.Kanae Asaba",0,,-,808,MISO,神奈川県,1471,8NE877,神奈川県,2130,STYU--,神奈川県,0,,-
CastHour,GiGaGaHell,0,,-,1364,04,神奈川県,2020,ZUU,神奈川県,3272,WELLOW,神奈川県,0,,-
CastHour,GRAVITON,0,,-,1183,04,神奈川県,2047,ZUU,神奈川県,3489,IGW.,神奈川県,0,,-
CastHour,hard-wired,0,,-,1605,04,神奈川県,2280,ZUU,神奈川県,3637,WELLOW,神奈川県,0,,-
CastHour,Harmonia,0,,-,731,ILOHA*,神奈川県,1252,8NE877,神奈川県,2025,CYBERX,神奈川県,0,,-
CastHour,Hat Surprise,0,,-,647,PON10,神奈川県,1645,IGW.,神奈川県,2464,IGW.,神奈川県,0,,-
CastHour,HEARTACHE,0,,-,489,NAKAM,神奈川県,1190,8NE877,神奈川県,1857,STYU--,神奈川県,0,,-
CastHour,kors k's How to make OTOGE CORE,0,,-,806,04,神奈川県,1486,65TYPE,神奈川県,2322,CYBERX,神奈川県,0,,-
CastHour,Lawes's Parotia,0,,-,881,ILOHA*,神奈川県,1712,CRANKY,神奈川県,2582,STYU--,神奈川県,0,,-
CastHour,LIVE DRIVING!! feat. 花たん,0,,-,1615,UTKR,神奈川県,2518,KAZU34,神奈川県,3864,WELLOW,神奈川県,0,,-
CastHour,N.O.,0,,-,839,04,神奈川県,1520,8NE877,神奈川県,2539,IGW.,神奈川県,0,,-
CastHour,n/a,0,,-,1207,JP$*,神奈川県,1927,AGYPO3,神奈川県,3594,WELLOW,神奈川県,0,,-
CastHour,No Day But Today!,438,KUN,神奈川県,683,46KB,神奈川県,1349,8NE877,神奈川県,1994,CYBERX,神奈川県,0,,-
CastHour,Nocturnal 2097,0,,-,928,AHRY,神奈川県,1947,8NE877,神奈川県,2942,WELLOW,神奈川県,0,,-
CastHour,Non Stop Rock,0,,-,705,RICE-S,神奈川県,1318,8NE877,神奈川県,1895,CYBERX,神奈川県,0,,-
CastHour,One for All,0,,-,1015,04,神奈川県,1773,AZ,神奈川県,3232,IGW.,神奈川県,0,,-
CastHour,Onyx,0,,-,901,04,神奈川県,1494,HJSAC,神奈川県,2418,IGW.,神奈川県,0,,-
CastHour,P.O.W.E.R.,0,,-,1004,ILOHA*,神奈川県,1776,8NE877,神奈川県,2362,CYBERX,神奈川県,0,,-
CastHour,PIRATES BLADE,0,,-,924,04,神奈川県,1509,CRANKY,神奈川県,2173,CYBERX,神奈川県,0,,-
CastHour,PLASMA SOUL NIGHT feat. Nana Takahashi / 709sec.,432,KUN,神奈川県,1479,04,神奈川県,2668,STYU--,神奈川県,4493,WELLOW,神奈川県,0,,-
CastHour,Pout,0,,-,1078,04,神奈川県,1774,8NE877,神奈川県,2625,IGW.,神奈川県,0,,-
CastHour,Prohibited Props,0,,-,1041,04,神奈川県,1597,8NE877,神奈川県,2280,CYBERX,神奈川県,2981,IEK.S,神奈川県
CastHour,Purple Perplex,0,,-,1161,STEEL*,神奈川県,1911,STEEL*,神奈川県,3093,WELLOW,神奈川県,0,,-
CastHour,Push on Beats!～音ゲの国のeX-ストリーマー～,0,,-,1236,04,神奈川県,1854,FIGALO,神奈川県,3437,WELLOW,神奈川県,0,,-
CastHour,RAGE feat.H14 of LEONAIR,422,KUN,神奈川県,1109,16GO!?,神奈川県,2235,AZ,神奈川県,3621,WELLOW,神奈川県,0,,-
CastHour,Silver Bullet,0,,-,1187,04,神奈川県,1942,4SA9RA,神奈川県,3258,WELLOW,神奈川県,0,,-
CastHour,Smalt #28598F,0,,-,1090,04,神奈川県,2326,KAZU34,神奈川県,3407,IGW.,神奈川県,0,,-
CastHour,SOLID WYVERN,0,,-,1213,04,神奈川県,1984,2BAKI?,神奈川県,2645,CYBERX,神奈川県,3968,WELLOW,神奈川県
CastHour,Souhait bleu,0,,-,897,04,神奈川県,1884,106.,神奈川県,2786,IGW.,神奈川県,0,,-
CastHour,SPARK IN THE NIGHT,0,,-,856,ILOHA*,神奈川県,1459,STEEL*,神奈川県,2291,IGW.,神奈川県,0,,-
CastHour,Stepper,0,,-,690,UTKR,神奈川県,1549,8NE877,神奈川県,2199,CYBERX,神奈川県,0,,-
CastHour,Tail Lights,0,,-,1111,16GO!?,神奈川県,1929,LEFT,神奈川県,3137,SEKI,神奈川県,0,,-
CastHour,TOMAHAWK,0,,-,1378,04,神奈川県,2324,ZUU,神奈川県,3600,WELLOW,神奈川県,0,,-
CastHour,Triple Cross,585,KUN,神奈川県,1123,04,神奈川県,2290,ZUU,神奈川県,3310,STYU--,神奈川県,0,,-
CastHour,Ventriloquist,0,,-,766,AHRY,神奈川県,1537,8NE877,神奈川県,2448,STYU--,神奈川県,0,,-
CastHour,Victory Of Ravers,0,,-,1028,04,神奈川県,1764,KAZU34,神奈川県,2594,WELLOW,神奈川県,0,,-
CastHour,WHA,0,,-,1236,16GO!?,神奈川県,2234,MON0CH,神奈川県,3788,WELLOW,神奈川県,0,,-
CastHour,Wonderful Escape,0,,-,946,04,神奈川県,1474,8NE877,神奈川県,2100,CYBERX,神奈川県,0,,-
CastHour,Xyndrome,0,,-,968,04,神奈川県,1643,KAZU34,神奈川県,2969,WELLOW,神奈川県,0,,-
CastHour,《GRANDMASTER》,0,,-,993,RMM,神奈川県,1836,8NE877,神奈川県,2985,WELLOW,神奈川県,0,,-
CastHour,めでてえ,0,,-,1104,04,神奈川県,1737,8NE877,神奈川県,2664,IGW.,神奈川県,0,,-
CastHour,アクマフカ,0,,-,761,04,神奈川県,1542,8NE877,神奈川県,2319,CYBERX,神奈川県,0,,-
CastHour,ウツシミウツシ,0,,-,1252,PERO,神奈川県,2017,QSAMA*,神奈川県,3176,CYBERX,神奈川県,0,,-
CastHour,オドループ,516,KUN,神奈川県,1092,04,神奈川県,1579,8NE877,神奈川県,2349,CYBERX,神奈川県,2999,HINO38,神奈川県
CastHour,オールトの雲,0,,-,1224,04,神奈川県,1960,65TYPE,神奈川県,2655,IGW.,神奈川県,0,,-
CastHour,グッバイ宣言,580,KUN,神奈川県,1108,16GO!?,神奈川県,1784,C9,神奈川県,3110,STYU--,神奈川県,3689,WELLOW,神奈川県
CastHour,シル・ヴ・プレジデント,298,KUN,神奈川県,644,ILOHA*,神奈川県,1220,8NE877,神奈川県,1800,CYBERX,神奈川県,2593,IGW.,神奈川県
CastHour,ナイトフィクション,0,,-,711,AHRY,神奈川県,1571,8NE877,神奈川県,2162,CYBERX,神奈川県,0,,-
CastHour,ハイテックトキオ,0,,-,1108,STEEL*,神奈川県,1917,STEEL*,神奈川県,2720,IEK.S,神奈川県,3271,WELLOW,神奈川県
CastHour,"ピアノ独奏無言歌 ""灰燼""",0,,-,1167,C-CLEF,神奈川県,2411,RMRORO,神奈川県,3850,WELLOW,神奈川県,0,,-
CastHour,ミュージック・アワー,549,KUN,神奈川県,1191,ILOHA*,神奈川県,2133,2BAKI?,神奈川県,3019,MIFFY*,神奈川県,4128,WELLOW,神奈川県
CastHour,口カラ凸ゲキ,0,,-,927,NOHARA,神奈川県,1537,8NE877,神奈川県,2410,PO,神奈川県,0,,-
CastHour,天邪鬼,412,KUN,神奈川県,906,XPX,神奈川県,1709,AZ,神奈川県,3359,WELLOW,神奈川県,0,,-
CastHour,怪物,345,KUN,神奈川県,742,SH#,神奈川県,1197,04,神奈川県,2409,CYBERX,神奈川県,3295,IGW.,神奈川県
CastHour,愛しくてラヴィンユー ft. マナ,0,,-,797,UTKR,神奈川県,1492,106.,神奈川県,2414,CYBERX,神奈川県,0,,-
CastHour,月とミルク,0,,-,975,AHRY,神奈川県,1566,QSAMA*,神奈川県,2794,STYU--,神奈川県,0,,-
CastHour,烽火連天の刃,0,,-,1085,AHRY,神奈川県,2315,ZUU,神奈川県,3456,IGW.,神奈川県,4430,WELLOW,神奈川県
CastHour,禊,0,,-,1079,UTKR,神奈川県,2263,C9,神奈川県,3231,WELLOW,神奈川県,0,,-
CastHour,逆月,0,,-,1509,16GO!?,神奈川県,2330,AZ,神奈川県,3790,WELLOW,神奈川県,0,,-
CastHour,雪上断火,0,,-,997,04,神奈川県,1848,AZ,神奈川県,3046,WELLOW,神奈川県,0,,-
CastHour,青の洞窟,0,,-,870,AHRY,神奈川県,2004,MON0CH,神奈川県,3166,IGW.,神奈川県,0,,-
CastHour,黒紅掬い,0,,-,648,ILOHA*,神奈川県,1222,8NE877,神奈川県,1824,CYBERX,神奈川県,0,,-
RESIDENT,#CMFLG,0,,-,1191,04,神奈川県,2342,RMRORO,神奈川県,3444,IGW.,神奈川県,0,,-
RESIDENT,24h Endurance Race,0,,-,965,ALBEX*,神奈川県,2164,IGW.,神奈川県,3410,IGW.,神奈川県,0,,-
RESIDENT,3V0,0,,-,1044,04,神奈川県,1818,KAZU34,神奈川県,3026,IGW.,神奈川県,0,,-
RESIDENT,7 Colors,0,,-,629,ILOHA*,神奈川県,1200,CRANKY,神奈川県,1940,STYU--,神奈川県,0,,-
RESIDENT,Always We Trust In You,0,,-,1208,04,神奈川県,1861,REIMEI,神奈川県,3222,WELLOW,神奈川県,0,,-
RESIDENT,Ambush Ace,0,,-,1060,3RINYA,神奈川県,2068,HAGANE,神奈川県,2961,IGW.,神奈川県,0,,-
RESIDENT,AWA AWA,0,,-,780,ILOHA*,神奈川県,1317,SQUALO,神奈川県,2326,CYBERX,神奈川県,0,,-
RESIDENT,B.O.D.Y.,0,,-,1101,04,神奈川県,2141,BAY.,神奈川県,3425,WELLOW,神奈川県,0,,-
RESIDENT,Bad Encryption,0,,-,1235,EDF,神奈川県,1920,FIGALO,神奈川県,3193,WELLOW,神奈川県,0,,-
RESIDENT,Beyond Evolution,0,,-,1455,UTKR,神奈川県,2558,C9,神奈川県,4185,WELLOW,神奈川県,0,,-
RESIDENT,BIGWAVERS,0,,-,1164,04,神奈川県,1837,REIMEI,神奈川県,3557,WELLOW,神奈川県,0,,-
RESIDENT,C-C-C-N-N-N,0,,-,967,TAKA83,神奈川県,1690,TAKA83,神奈川県,2852,WELLOW,神奈川県,0,,-
RESIDENT,Caldwell 99,0,,-,1041,04,神奈川県,1855,4SA9RA,神奈川県,2534,IGW.,神奈川県,3416,WELLOW,神奈川県
RESIDENT,Chaotoxin,0,,-,1161,WAK,神奈川県,1741,KAZU34,神奈川県,3381,WELLOW,神奈川県,0,,-
RESIDENT,CODE -CRiMSON-,0,,-,1319,.R,神奈川県,1823,BE2356,神奈川県,3012,STYU--,神奈川県,0,,-
RESIDENT,CUE CUE RESCUE,532,KUN,神奈川県,1109,AHRY,神奈川県,1666,FIGALO,神奈川県,2555,CYBERX,神奈川県,3088,WELLOW,神奈川県
RESIDENT,dica dica,0,,-,1178,16GO!?,神奈川県,2329,B-CYC,神奈川県,3192,STYU--,神奈川県,0,,-
RESIDENT,Dreaming Dream,0,,-,838,TART,神奈川県,1429,8NE877,神奈川県,2282,STYU--,神奈川県,0,,-
RESIDENT,Driver,0,,-,886,04,神奈川県,1258,PERO,神奈川県,1810,IGW.,神奈川県,0,,-
RESIDENT,EXODUS SIGN,0,,-,1233,04,神奈川県,1766,65TYPE,神奈川県,2710,WELLOW,神奈川県,0,,-
RESIDENT,Fading Stars,0,,-,1089,04,神奈川県,1643,CRANKY,神奈川県,2718,CYBERX,神奈川県,0,,-
RESIDENT,FLARE -炎舞- ft.Nana Takahashi,0,,-,1117,04,神奈川県,1843,KZSD!?,神奈川県,2895,CYBERX,神奈川県,0,,-
RESIDENT,Get On Your Feet,0,,-,1136,04,神奈川県,1782,KAZU34,神奈川県,2752,IGW.,神奈川県,0,,-
RESIDENT,GET UP AGAIN,0,,-,1110,04,神奈川県,1679,BRANKN,神奈川県,2449,CYBERX,神奈川県,0,,-
RESIDENT,glacia,0,,-,1194,04,神奈川県,2142,C9,神奈川県,2974,STYU--,神奈川県,0,,-
RESIDENT,Hat Surprise (Season 2),0,,-,1016,04,神奈川県,1787,REIMEI,神奈川県,3429,WELLOW,神奈川県,0,,-
RESIDENT,I,0,,-,1210,PSYCHO,神奈川県,2280,ZUU,神奈川県,3759,WELLOW,神奈川県,0,,-
RESIDENT,KING,438,MOJOF.,神奈川県,942,ILOHA*,神奈川県,1964,MON0CH,神奈川県,3100,WELLOW,神奈川県,3929,WELLOW,神奈川県
RESIDENT,kors k's How to make OTOGE CORE 「LONG」,0,,-,1198,04,神奈川県,2344,MR.FIT,神奈川県,3647,IGW.,神奈川県,0,,-
RESIDENT,LADS,0,,-,937,04,神奈川県,1657,8NE877,神奈川県,2303,CYBERX,神奈川県,0,,-
RESIDENT,Level 4,0,,-,1217,04,神奈川県,2065,HINO38,神奈川県,3637,WELLOW,神奈川県,0,,-
RESIDENT,LOUDER ROLLING THUNDER,0,,-,1094,04,神奈川県,2036,IGW.,神奈川県,3452,WELLOW,神奈川県,0,,-
RESIDENT,MAX 360,0,,-,1214,PERO,神奈川県,2362,IGW.,神奈川県,3164,IGW.,神奈川県,0,,-
RESIDENT,Meissa,0,,-,885,GOGO-T,神奈川県,1593,65TYPE,神奈川県,2849,MIFFY*,神奈川県,0,,-
RESIDENT,Next Level,0,,-,935,04,神奈川県,1605,8NE877,神奈川県,2193,STYU--,神奈川県,0,,-
RESIDENT,No Border,0,,-,1174,16GO!?,神奈川県,2011,RMRORO,神奈川県,3731,WELLOW,神奈川県,0,,-
RESIDENT,ONE AND ONLY,0,,-,1183,04,神奈川県,1802,8NE877,神奈川県,3214,WELLOW,神奈川県,0,,-
RESIDENT,Ou Legends,0,,-,1146,04,神奈川県,2023,ZUU,神奈川県,3325,WELLOW,神奈川県,0,,-
RESIDENT,OVER VOLTAGE,0,,-,1113,STEEL*,神奈川県,1775,KAZU34,神奈川県,2622,PO,神奈川県,0,,-
RESIDENT,Peaktime Booster,0,,-,1146,UTKR,神奈川県,1855,ZUU,神奈川県,3272,WELLOW,神奈川県,0,,-
RESIDENT,Perfect Plan,0,,-,1170,04,神奈川県,1733,NYAH,神奈川県,2622,WELLOW,神奈川県,0,,-
RESIDENT,Programmed Genom,0,,-,1132,04,神奈川県,1552,QSAMA*,神奈川県,2409,CYBERX,神奈川県,0,,-
RESIDENT,Red Soul,0,,-,1078,04,神奈川県,1771,106.,神奈川県,2921,CYBERX,神奈川県,0,,-
RESIDENT,Rewind Time,0,,-,709,TART,神奈川県,1299,04,神奈川県,2209,STYU--,神奈川県,0,,-
RESIDENT,RINNE,0,,-,1190,04,神奈川県,2307,ZUU,神奈川県,3536,MIFFY*,神奈川県,0,,-
RESIDENT,Ruler or Loser,0,,-,981,04,神奈川県,1641,CRANKY,神奈川県,2663,IGW.,神奈川県,0,,-
RESIDENT,Seraph,0,,-,988,04,神奈川県,1808,AURARA,神奈川県,2453,IGW.,神奈川県,0,,-
RESIDENT,Shadow World,0,,-,951,DAIKI,神奈川県,1666,8NE877,神奈川県,2733,MIFFY*,神奈川県,0,,-
RESIDENT,Shamshir,0,,-,1102,STEEL*,神奈川県,1461,8NE877,神奈川県,2236,WELLOW,神奈川県,0,,-
RESIDENT,Somnidiscotheque,0,,-,1332,04,神奈川県,2011,MKMFAN,神奈川県,3324,WELLOW,神奈川県,0,,-
RESIDENT,STAR BEAT,0,,-,817,S.TART,神奈川県,1713,CRANKY,神奈川県,2445,CYBERX,神奈川県,0,,-
RESIDENT,STRAIGHT TO THE STARS,0,,-,1037,04,神奈川県,1679,QSAMA*,神奈川県,3002,IGW.,神奈川県,0,,-
RESIDENT,Stylus,0,,-,1242,04,神奈川県,1902,65TYPE,神奈川県,2874,STYU--,神奈川県,0,,-
RESIDENT,Summerblue,365,KUN,神奈川県,1095,16GO!?,神奈川県,1719,4SA9RA,神奈川県,2449,CYBERX,神奈川県,0,,-
RESIDENT,Sunny Day Vibes,0,,-,921,MISO,神奈川県,1633,OSUSHI,神奈川県,2296,CYBERX,神奈川県,0,,-
RESIDENT,Super Freak,0,,-,1110,04,神奈川県,1883,REIMEI,神奈川県,3480,IGW.,神奈川県,0,,-
RESIDENT,suspicions,0,,-,1212,STEEL*,神奈川県,2299,C9,神奈川県,3763,WELLOW,神奈川県,0,,-
RESIDENT,Swing My Wonderland,0,,-,1310,04,神奈川県,2286,106.,神奈川県,3122,STYU--,神奈川県,0,,-
RESIDENT,TECHNOPHOBIA,0,,-,784,AHRY,神奈川県,1668,CRANKY,神奈川県,3040,CYBERX,神奈川県,0,,-
RESIDENT,The Clown of 24stairs,0,,-,1134,04,神奈川県,2225,RMRORO,神奈川県,3414,WELLOW,神奈川県,0,,-
RESIDENT,THE TIME MACHINE,0,,-,1094,04,神奈川県,1708,4SA9RA,神奈川県,2685,WELLOW,神奈川県,0,,-
RESIDENT,VOID,0,,-,1302,04,神奈川県,1888,ZUU,神奈川県,3336,WELLOW,神奈川県,0,,-
RESIDENT,VOLAQUAS,0,,-,1331,04,神奈川県,2162,TAAZA,神奈川県,3916,WELLOW,神奈川県,0,,-
RESIDENT,VOLCANIC BIGBEAT,0,,-,1089,04,神奈川県,1829,AZ,神奈川県,2845,STYU--,神奈川県,0,,-
RESIDENT,"wanna be a ""BAD GIRL"" feat. Nana Takahashi",0,,-,793,ILOHA*,神奈川県,1327,04,神奈川県,2055,HINO38,神奈川県,0,,-
RESIDENT,With You,0,,-,825,SH#,神奈川県,1568,BE2356,神奈川県,2565,CYBERX,神奈川県,0,,-
RESIDENT,Xerulean,0,,-,1352,04,神奈川県,2072,ZION,神奈川県,3487,WELLOW,神奈川県,0,,-
RESIDENT,ZENITH,0,,-,1149,04,神奈川県,1944,C9,神奈川県,3022,CYBERX,神奈川県,0,,-
RESIDENT,[ ]DENTITY,0,,-,1169,04,神奈川県,2102,AZ,神奈川県,3837,WELLOW,神奈川県,0,,-
RESIDENT,≡+≡,599,KUN,神奈川県,1378,HAGANE,神奈川県,2120,WELLOW,神奈川県,3032,WELLOW,神奈川県,4632,WELLOW,神奈川県
RESIDENT,■□模様,0,,-,982,04,神奈川県,1529,BE2356,神奈川県,2659,CYBERX,神奈川県,0,,-
RESIDENT,《ORDERBREAKER》,0,,-,1015,04,神奈川県,1566,65TYPE,神奈川県,2489,WELLOW,神奈川県,0,,-
RESIDENT,あるビー！ feat.ころねぽち,0,,-,975,UTKR,神奈川県,1761,AGYPO3,神奈川県,2887,CYBERX,神奈川県,0,,-
RESIDENT,おとせサンダー,202,SHUREI,神奈川県,652,ILOHA*,神奈川県,1202,8NE877,神奈川県,2174,STYU--,神奈川県,0,,-
RESIDENT,きゅんです。,0,,-,723,RACOON,神奈川県,1436,04,神奈川県,2354,CYBERX,神奈川県,0,,-
RESIDENT,ぞうしょく！？マイデンティティ,0,,-,1241,PERO,神奈川県,2255,ZUU,神奈川県,3642,IGW.,神奈川県,0,,-
RESIDENT,ちょえちょえまぎか,0,,-,1215,OSUSHI,神奈川県,2305,8NE877,神奈川県,3045,IGW.,神奈川県,4179,WELLOW,神奈川県
RESIDENT,サヨナラ・ヘヴン-Celtic Chip Dance Mix-,0,,-,896,LUC-07,神奈川県,1520,AGYPO3,神奈川県,2619,PO,神奈川県,0,,-
RESIDENT,チェイスチェイスジョーカーズのうた (オニスタイルリミックス),0,,-,983,04,神奈川県,1701,106.,神奈川県,2847,IGW.,神奈川県,0,,-
RESIDENT,パーフェクトイーター,0,,-,1173,04,神奈川県,2058,QSAMA*,神奈川県,3036,CYBERX,神奈川県,0,,-
RESIDENT,儚キ戀ノ幻想譚,593,KUN,神奈川県,1547,MM,神奈川県,2228,4SA9RA,神奈川県,3574,WELLOW,神奈川県,0,,-
RESIDENT,少年リップルズ,0,,-,893,ILOHA*,神奈川県,1774,BAY.,神奈川県,2476,MIFFY*,神奈川県,0,,-
RESIDENT,恋愛＝精度×認識力,0,,-,1536,UTKR,神奈川県,2276,RIKAU#,神奈川県,3433,WELLOW,神奈川県,0,,-
RESIDENT,惑星☆ロリポップ,0,,-,786,C-CLEF,神奈川県,1551,CRANKY,神奈川県,2841,IGW.,神奈川県,0,,-
RESIDENT,昏き甲鉄のヴェルガ,0,,-,913,UTKR,神奈川県,1614,CRANKY,神奈川県,2352,STYU--,神奈川県,0,,-
RESIDENT,月と夢の跡 ft. マナ,0,,-,964,16GO!?,神奈川県,1554,RMRORO,神奈川県,2533,CYBERX,神奈川県,0,,-
RESIDENT,栄冠のカンパネラ,0,,-,1361,04,神奈川県,2106,MTDRHS,神奈川県,3932,WELLOW,神奈川県,0,,-
RESIDENT,楽園追放,0,,-,936,04,神奈川県,1584,8NE877,神奈川県,2424,IGW.,神奈川県,0,,-
RESIDENT,湘南ロンリーMIDNIGHT RAIN,0,,-,973,04,神奈川県,1740,TOMOYA,神奈川県,2869,STYU--,神奈川県,0,,-
RESIDENT,異心前進♪ぴょんぴょんぴょん,0,,-,1111,04,神奈川県,1661,QSAMA*,神奈川県,2519,CYBERX,神奈川県,0,,-
RESIDENT,真夜中のバベル,0,,-,694,DONBEI,神奈川県,1202,8NE877,神奈川県,1739,CYBERX,神奈川県,0,,-
RESIDENT,神っぽいな,364,RIDERA,神奈川県,770,99,神奈川県,1422,QSAMA*,神奈川県,2143,STYU--,神奈川県,3093,WELLOW,神奈川県
RESIDENT,神のシナリオ,0,,-,1163,04,神奈川県,1718,4SA9RA,神奈川県,3273,WELLOW,神奈川県,0,,-
RESIDENT,罪過の聖堂,0,,-,819,RMRORO,神奈川県,1334,RMRORO,神奈川県,2092,WELLOW,神奈川県,0,,-
RESIDENT,輪廻の鴉,0,,-,1030,04,神奈川県,1756,99,神奈川県,2778,CYBERX,神奈川県,0,,-
RESIDENT,雨のちパノラマセカイ,0,,-,793,DONBEI,神奈川県,1439,8NE877,神奈川県,2221,CYBERX,神奈川県,0,,-
RESIDENT,響花水月,0,,-,1198,04,神奈川県,1914,KAZU34,神奈川県,2943,IGW.,神奈川県,0,,-
EPOLIS,20XX,0,,-,1218,04,神奈川県,1795,106.,神奈川県,2714,IGW.,神奈川県,0,,-
EPOLIS,ACT0,0,,-,1236,M-SAKU,神奈川県,2190,C9,神奈川県,3023,WELLOW,神奈川県,0,,-
EPOLIS,Aeterna,0,,-,978,NAGI,神奈川県,1584,4SA9RA,神奈川県,2569,CYBERX,神奈川県,0,,-
EPOLIS,Akatsuki,0,,-,981,NG*MKN,神奈川県,1573,4SA9RA,神奈川県,2270,CYBERX,神奈川県,0,,-
EPOLIS,Ambivalent Vermilia,0,,-,1520,M.O,神奈川県,2421,KAZU34,神奈川県,4181,WELLOW,神奈川県,0,,-
EPOLIS,Amethyst,0,,-,1281,MISO,神奈川県,1823,FIGALO,神奈川県,2630,IGW.,神奈川県,0,,-
EPOLIS,Bitter & Lucky,0,,-,838,7RUKA3,神奈川県,1346,EDF,神奈川県,2550,IGW.,神奈川県,0,,-
EPOLIS,BLAZING_LAZER,0,,-,1251,04,神奈川県,2132,8NE877,神奈川県,3448,WELLOW,神奈川県,0,,-
EPOLIS,CADENZA,0,,-,1516,UTKR,神奈川県,2470,ZUU,神奈川県,4626,WELLOW,神奈川県,0,,-
EPOLIS,Chemical Colours,0,,-,1012,*MOOP*,神奈川県,2018,MON0CH,神奈川県,2815,IGW.,神奈川県,0,,-
EPOLIS,CODE:2,0,,-,1086,STEEL*,神奈川県,1797,STEEL*,神奈川県,2967,CYBERX,神奈川県,0,,-
EPOLIS,COUNTING SHEEP ft. Kanae Asaba,0,,-,662,SRST,神奈川県,1309,04,神奈川県,2227,CYBERX,神奈川県,0,,-
EPOLIS,Cult Invitation,0,,-,1216,UTKR,神奈川県,1934,C9,神奈川県,3506,WELLOW,神奈川県,0,,-
EPOLIS,Dahlia,0,,-,1314,04,神奈川県,2106,ZUU,神奈川県,3204,WELLOW,神奈川県,0,,-
EPOLIS,DAZZLE ATTACK,548,KUN,神奈川県,976,ILOHA*,神奈川県,1681,MASAKI,神奈川県,2863,IGW.,神奈川県,0,,-
EPOLIS,Deep Sea Mystery,0,,-,1116,04,神奈川県,1438,ABUSAN,神奈川県,1979,IGW.,神奈川県,0,,-
EPOLIS,Demon March,0,,-,1479,04,神奈川県,2337,AGYPO3,神奈川県,3676,WELLOW,神奈川県,0,,-
EPOLIS,Echoes of Sunfall,0,,-,1019,04,神奈川県,1648,BAY.,神奈川県,3005,IGW.,神奈川県,0,,-
EPOLIS,frequent,0,,-,1322,04,神奈川県,2279,ZUU,神奈川県,3770,WELLOW,神奈川県,0,,-
EPOLIS,GAME ON,0,,-,1384,16GO!?,神奈川県,2194,ZUU,神奈川県,2760,WELLOW,神奈川県,0,,-
EPOLIS,Get Higher,0,,-,965,MA2DAI,神奈川県,1750,STEEL*,神奈川県,2332,IGW.,神奈川県,0,,-
EPOLIS,Get Wicked,0,,-,899,.R,神奈川県,1482,8NE877,神奈川県,2497,CYBERX,神奈川県,0,,-
EPOLIS,Ghost Pulse,0,,-,1071,STEEL*,神奈川県,1685,STEEL*,神奈川県,2805,IGW.,神奈川県,0,,-
EPOLIS,Glitch N Ride,0,,-,872,UTKR,神奈川県,1511,M.M1KA,神奈川県,2706,WELLOW,神奈川県,0,,-
EPOLIS,GloriosA,0,,-,1228,04,神奈川県,1960,65TYPE,神奈川県,2865,CYBERX,神奈川県,0,,-
EPOLIS,GLORIOUS HAMMER,0,,-,1105,04,神奈川県,1950,MASAKI,神奈川県,3136,STYU--,神奈川県,0,,-
EPOLIS,Hard Breaker,0,,-,760,ILOHA*,神奈川県,1566,8NE877,神奈川県,2556,STYU--,神奈川県,0,,-
EPOLIS,Hat Surprise (Season 3),0,,-,1246,04,神奈川県,2131,4SA9RA,神奈川県,2736,IGW.,神奈川県,0,,-
EPOLIS,i-ii,0,,-,1107,04,神奈川県,1746,65TYPE,神奈川県,2951,IGW.,神奈川県,0,,-
EPOLIS,INHERITANCE,0,,-,1095,04,神奈川県,1794,KAZU34,神奈川県,2848,IGW.,神奈川県,3598,WELLOW,神奈川県
EPOLIS,Iris,414,KUN,神奈川県,839,SH#,神奈川県,1541,04,神奈川県,2216,CYBERX,神奈川県,0,,-
EPOLIS,Jumper,0,,-,885,AHRY,神奈川県,1462,99,神奈川県,2419,CYBERX,神奈川県,0,,-
EPOLIS,Just Gimme,0,,-,940,04,神奈川県,1726,8NE877,神奈川県,2769,STYU--,神奈川県,0,,-
EPOLIS,JUSTICE/GUILTY feat. Nana Takahashi & 709sec.,0,,-,1724,EDF,神奈川県,2474,KAZU34,神奈川県,3892,WELLOW,神奈川県,0,,-
EPOLIS,Level 5,0,,-,1305,HJSAC,神奈川県,2453,MKMFAN,神奈川県,3746,WELLOW,神奈川県,0,,-
EPOLIS,MAXIMUM CHEAT GIRL,0,,-,1238,04,神奈川県,2257,IGW.,神奈川県,3636,WELLOW,神奈川県,0,,-
EPOLIS,Million Dollar,0,,-,1173,04,神奈川県,1985,ZUU,神奈川県,3450,WELLOW,神奈川県,0,,-
EPOLIS,Monkey Business,0,,-,721,04,神奈川県,1505,JP$*,神奈川県,2612,STYU--,神奈川県,0,,-
EPOLIS,Mukade,0,,-,1138,STEEL*,神奈川県,1861,MON0CH,神奈川県,3253,STYU--,神奈川県,0,,-
EPOLIS,My Sweet Bird?,0,,-,790,AHRY,神奈川県,1522,04,神奈川県,2209,HINO38,神奈川県,0,,-
EPOLIS,NEEDLESS MY LOVE FOR YOU,0,,-,988,AHRY,神奈川県,1645,.R,神奈川県,2448,CYBERX,神奈川県,0,,-
EPOLIS,Out of Control,0,,-,1174,04,神奈川県,2264,KAZU34,神奈川県,3114,WELLOW,神奈川県,0,,-
EPOLIS,out of disk space,0,,-,1109,04,神奈川県,1948,106.,神奈川県,2596,IGW.,神奈川県,0,,-
EPOLIS,PILGRIM,0,,-,973,04,神奈川県,1718,106.,神奈川県,2738,CYBERX,神奈川県,0,,-
EPOLIS,Psychedelic Intelligence,0,,-,1248,BAY.,神奈川県,1817,M.O,神奈川県,2890,CYBERX,神奈川県,0,,-
EPOLIS,Red Determination,0,,-,1061,.R,神奈川県,1583,.R,神奈川県,2671,IGW.,神奈川県,0,,-
EPOLIS,Resonant,0,,-,1078,04,神奈川県,2348,.R,神奈川県,3668,IGW.,神奈川県,0,,-
EPOLIS,Riff//rain,211,KUN,神奈川県,718,ZZZ,神奈川県,1274,8NE877,神奈川県,1814,CYBERX,神奈川県,0,,-
EPOLIS,See You Again,0,,-,1172,04,神奈川県,1856,106.,神奈川県,3144,CYBERX,神奈川県,0,,-
EPOLIS,Seven Times Four,0,,-,1187,04,神奈川県,2030,8NE877,神奈川県,3493,WELLOW,神奈川県,0,,-
EPOLIS,Shapeshifter,0,,-,1094,04,神奈川県,1654,106.,神奈川県,2540,PO,神奈川県,0,,-
EPOLIS,Sirius,0,,-,1026,.R,神奈川県,1689,8NE877,神奈川県,3254,STYU--,神奈川県,0,,-
EPOLIS,So What,0,,-,630,16GO!?,神奈川県,1175,04,神奈川県,1850,CYBERX,神奈川県,0,,-
EPOLIS,SOLAR ECLIPSE,0,,-,1443,EDF,神奈川県,2456,8NE877,神奈川県,3655,WELLOW,神奈川県,0,,-
EPOLIS,Speculation,0,,-,1008,04,神奈川県,1791,AZ,神奈川県,3044,WELLOW,神奈川県,0,,-
EPOLIS,squall,0,,-,1223,04,神奈川県,1796,8NE877,神奈川県,2693,PO,神奈川県,0,,-
EPOLIS,Stereo Beasts,0,,-,1339,.R,神奈川県,2546,ZUU,神奈川県,3724,WELLOW,神奈川県,0,,-
EPOLIS,Submerge Serenade,0,,-,1086,04,神奈川県,1820,STEEL*,神奈川県,2960,IGW.,神奈川県,4172,WELLOW,神奈川県
EPOLIS,Sword of Vengeance,0,,-,1362,Y-08,神奈川県,2131,ZUU,神奈川県,3279,IGW.,神奈川県,0,,-
EPOLIS,T.R.O.L.L.,0,,-,1016,OSUSHI,神奈川県,1641,KAM,神奈川県,2621,WELLOW,神奈川県,0,,-
EPOLIS,The Last Apocalypse,0,,-,1424,04,神奈川県,2522,GAHOU,神奈川県,3750,WELLOW,神奈川県,0,,-
EPOLIS,The Onlyonez,0,,-,1009,04,神奈川県,1705,AZ,神奈川県,3151,WELLOW,神奈川県,0,,-
EPOLIS,This Is Club Musik feat. 大久保紅葉,0,,-,1080,04,神奈川県,1774,IGW.,神奈川県,2648,IGW.,神奈川県,0,,-
EPOLIS,Time Distortion pt.2(IIDX Edit),0,,-,1326,STEEL*,神奈川県,1976,STEEL*,神奈川県,2973,STYU--,神奈川県,0,,-
EPOLIS,TITANIUM RIDERS,0,,-,891,AGYPO3,神奈川県,1469,CRANKY,神奈川県,2137,CYBERX,神奈川県,0,,-
EPOLIS,Too Late Snow,0,,-,778,ILOHA*,神奈川県,1404,TOMOYA,神奈川県,2022,CYBERX,神奈川県,0,,-
EPOLIS,TRIP THE DEEP,0,,-,1010,04,神奈川県,1653,8NE877,神奈川県,2551,CYBERX,神奈川県,0,,-
EPOLIS,Tripping Jumping,0,,-,848,16GO!?,神奈川県,1546,QSAMA*,神奈川県,2311,WELLOW,神奈川県,0,,-
EPOLIS,Vermilion Carol,0,,-,1367,UTKR,神奈川県,2230,KAZU34,神奈川県,3637,STYU--,神奈川県,0,,-
EPOLIS,Vulnerability,0,,-,1313,04,神奈川県,2002,IGW.,神奈川県,3696,WELLOW,神奈川県,0,,-
EPOLIS,WaterCube Pf.(RX-Ver.S.P.L.),0,,-,554,AHRY,神奈川県,1397,8NE877,神奈川県,2203,IGW.,神奈川県,0,,-
EPOLIS,winkle 2 winkle,0,,-,1052,PERO,神奈川県,1864,KAZU34,神奈川県,2806,CYBERX,神奈川県,0,,-
EPOLIS,Xb10r,0,,-,1205,04,神奈川県,2356,8NE877,神奈川県,3620,WELLOW,神奈川県,0,,-
EPOLIS,ZEROIN ON THE LIGHT,0,,-,1114,04,神奈川県,1766,RMRORO,神奈川県,2685,IGW.,神奈川県,0,,-
EPOLIS,《PL|RAYER》,0,,-,920,04,神奈川県,1760,RMRORO,神奈川県,2828,WELLOW,神奈川県,0,,-
EPOLIS,ちゅ、多様性。,214,ORTA,神奈川県,519,ILOHA*,神奈川県,1124,TWIST.,神奈川県,1922,CYBERX,神奈川県,2274,CYBERX,神奈川県
EPOLIS,ないないルーティン,0,,-,580,ILOHA*,神奈川県,1352,NOHARA,神奈川県,2098,CYBERX,神奈川県,0,,-
EPOLIS,めうめうぺったんたん！！ (ZAQUVA Remix),0,,-,1050,.R,神奈川県,1898,FIGALO,神奈川県,2828,WELLOW,神奈川県,0,,-
EPOLIS,れとりば！,0,,-,854,ILOHA*,神奈川県,1333,8NE877,神奈川県,2064,CYBERX,神奈川県,0,,-
EPOLIS,アイドル,273,ORTA,神奈川県,883,ILOHA*,神奈川県,1503,QSAMA*,神奈川県,2619,IGW.,神奈川県,3191,WELLOW,神奈川県
EPOLIS,アタシ完全絶対正義ちゃん！,0,,-,987,04,神奈川県,1572,MA2DAI,神奈川県,2162,CYBERX,神奈川県,0,,-
EPOLIS,シンデレラ,536,AGYPO3,神奈川県,867,04,神奈川県,1532,QSAMA*,神奈川県,2234,CYBERX,神奈川県,0,,-
EPOLIS,センチメンタル・サマー,0,,-,674,16GO!?,神奈川県,1287,04,神奈川県,2003,CYBERX,神奈川県,0,,-
EPOLIS,デビルじゃないもん,344,KUN,神奈川県,839,04,神奈川県,1366,QSAMA*,神奈川県,2102,CYBERX,神奈川県,0,,-
EPOLIS,フォニイ,628,99,神奈川県,1228,16GO!?,神奈川県,2006,YUZURI,神奈川県,2904,CYBERX,神奈川県,3939,WELLOW,神奈川県
EPOLIS,ポラリスノウタ,299,Y-08,神奈川県,861,UTKR,神奈川県,1634,0-1000,神奈川県,2279,CYBERX,神奈川県,0,,-
EPOLIS,マーシャル・マキシマイザー,428,DONBEI,神奈川県,815,04,神奈川県,1435,FIGALO,神奈川県,2160,CYBERX,神奈川県,0,,-
EPOLIS,ラビットホール,681,KUN,神奈川県,1365,PERO,神奈川県,2062,WAPPY,神奈川県,2938,CYBERX,神奈川県,0,,-
EPOLIS,リメンバーリメンバー,0,,-,505,ILOHA*,神奈川県,957,QSAMA*,神奈川県,1694,KANON,神奈川県,0,,-
EPOLIS,今宵、ロマンス横丁。,0,,-,1140,04,神奈川県,2365,STYU--,神奈川県,3377,WELLOW,神奈川県,0,,-
EPOLIS,勇者,369,KUN,神奈川県,809,04,神奈川県,1430,FIGALO,神奈川県,2489,WELLOW,神奈川県,0,,-
EPOLIS,可愛くてごめん,279,WAK,神奈川県,619,J-GON,神奈川県,1396,QSAMA*,神奈川県,2266,CYBERX,神奈川県,2809,CYBERX,神奈川県
EPOLIS,唱,190,KUN,神奈川県,461,ILOHA*,神奈川県,1025,8NE877,神奈川県,1780,STYU--,神奈川県,0,,-
EPOLIS,夏風邪デスコ,316,KUN,神奈川県,804,*MOOP*,神奈川県,1728,KAZET,神奈川県,2674,CYBERX,神奈川県,0,,-
EPOLIS,夢縁,0,,-,1161,PERO,神奈川県,2090,NYAH,神奈川県,3024,IEK.S,神奈川県,0,,-
EPOLIS,寝起きヤシの木,475,KUN,神奈川県,1094,04,神奈川県,1825,STEEL*,神奈川県,2811,WELLOW,神奈川県,3578,WELLOW,神奈川県
EPOLIS,惑星鉄道,0,,-,1134,04,神奈川県,2071,STYU--,神奈川県,3062,WELLOW,神奈川県,0,,-
EPOLIS,愛包ダンスホール,351,KUN,神奈川県,925,ZZZ,神奈川県,1378,OSUSHI,神奈川県,2591,HINO38,神奈川県,0,,-
EPOLIS,摩天楼,0,,-,676,AHRY,神奈川県,1474,RMM,神奈川県,2591,WELLOW,神奈川県,0,,-
EPOLIS,未完成ノ蒸氣驅動乙女,0,,-,1089,04,神奈川県,2118,8NE877,神奈川県,2987,WELLOW,神奈川県,0,,-
EPOLIS,果たせぬ約束 ft. 小林マナ,0,,-,1153,A,神奈川県,1932,65TYPE,神奈川県,3020,WELLOW,神奈川県,0,,-
EPOLIS,残像ニ繋ガレタ追憶ノHIDEAWAY,0,,-,1177,ZZZ,神奈川県,2312,RMRORO,神奈川県,3565,STYU--,神奈川県,0,,-
EPOLIS,流桜ノ門,0,,-,1019,04,神奈川県,1585,BAY.,神奈川県,2143,CYBERX,神奈川県,0,,-
EPOLIS,"灼熱Beach Side Bunny (かめりあ's ""Summertime D'n'B"" Remix)",0,,-,1077,.R,神奈川県,1918,KAZU34,神奈川県,3246,WELLOW,神奈川県,0,,-
EPOLIS,神様、つれない。,0,,-,683,ILOHA*,神奈川県,1411,FIGALO,神奈川県,2160,IGW.,神奈川県,0,,-
EPOLIS,終焔のClaudia,0,,-,1352,99,神奈川県,1952,ZUU,神奈川県,2773,WELLOW,神奈川県,0,,-
EPOLIS,酔いどれ知らず,271,KUN,神奈川県,818,ILOHA*,神奈川県,1295,8NE877,神奈川県,2233,CYBERX,神奈川県,0,,-
EPOLIS,閉塞的フレーション,0,,-,1019,MISO,神奈川県,1606,TOMOYA,神奈川県,2437,CYBERX,神奈川県,0,,-
EPOLIS,雫,0,,-,1020,04,神奈川県,2027,106.,神奈川県,2695,IGW.,神奈川県,0,,-
EPOLIS,電光,0,,-,1060,UTKR,神奈川県,1911,STYU--,神奈川県,3087,WELLOW,神奈川県,0,,-
EPOLIS,電子になりたい,0,,-,830,ALBEX*,神奈川県,1449,8NE877,神奈川県,2024,PO,神奈川県,0,,-
EPOLIS,電腦都市,0,,-,1424,04,神奈川県,2247,MA2DAI,神奈川県,3433,WELLOW,神奈川県,0,,-
Pinky Crush,1116,0,,-,1088,BMBUPA,神奈川県,2008,AZ,神奈川県,3087,HINO38,神奈川県,0,,-
Pinky Crush,ADAMANT,0,,-,1142,04,神奈川県,1961,AZ,神奈川県,3059,WELLOW,神奈川県,0,,-
Pinky Crush,Aqvion,0,,-,1196,STEEL*,神奈川県,1991,8NE877,神奈川県,3522,STYU--,神奈川県,0,,-
Pinky Crush,Arcanos,0,,-,667,KUN,神奈川県,1198,8NE877,神奈川県,2000,CYBERX,神奈川県,0,,-
Pinky Crush,Bang-Boo Bumble,0,,-,1117,ZZZ,神奈川県,1980,8NE877,神奈川県,2950,WELLOW,神奈川県,0,,-
Pinky Crush,Bling-Bang-Bang-Born,343,KUN,神奈川県,663,16GO!?,神奈川県,1161,CRANKY,神奈川県,1979,STYU--,神奈川県,2165,WELLOW,神奈川県
Pinky Crush,Bring The Fire,0,,-,1172,04,神奈川県,1945,SHOWER,神奈川県,3433,WELLOW,神奈川県,0,,-
Pinky Crush,Butterfly Twist,0,,-,1016,MA2DAI,神奈川県,1593,8NE877,神奈川県,2727,CYBERX,神奈川県,0,,-
Pinky Crush,CHAOTIC SUNBIRD,0,,-,1239,04,神奈川県,1713,DRUMS,神奈川県,3303,IGW.,神奈川県,0,,-
Pinky Crush,Chasing After YOU ～夢の欠片～ ft. 小林マナ,0,,-,973,MA2DAI,神奈川県,1430,CRANKY,神奈川県,2062,CYBERX,神奈川県,0,,-
Pinky Crush,Constellation,0,,-,939,MA2DAI,神奈川県,1844,8NE877,神奈川県,2839,WELLOW,神奈川県,0,,-
Pinky Crush,COSMIC V3LOCITY,0,,-,1260,16GO!?,神奈川県,2336,8NE877,神奈川県,3391,IGW.,神奈川県,0,,-
Pinky Crush,Cross Fire,0,,-,1087,MA2DAI,神奈川県,2236,MAROON,神奈川県,3418,WELLOW,神奈川県,0,,-
Pinky Crush,destination,0,,-,1001,MA2DAI,神奈川県,2245,KAZU34,神奈川県,3371,HINO38,神奈川県,0,,-
Pinky Crush,Digital Radiance,0,,-,1146,04,神奈川県,1418,MA2DAI,神奈川県,2035,CYBERX,神奈川県,0,,-
Pinky Crush,DIVINE JUDGEMENT,0,,-,1037,04,神奈川県,2013,8NE877,神奈川県,2807,WELLOW,神奈川県,0,,-
Pinky Crush,Dreamship,0,,-,924,ILOHA*,神奈川県,1355,16GO!?,神奈川県,1956,CYBERX,神奈川県,0,,-
Pinky Crush,Drop Syndicate,0,,-,1189,04,神奈川県,1957,KAZU34,神奈川県,3686,WELLOW,神奈川県,0,,-
Pinky Crush,Eleanor,0,,-,782,NG*MKN,神奈川県,1348,QSAMA*,神奈川県,2428,CYBERX,神奈川県,0,,-
Pinky Crush,ELYSIUM,0,,-,914,04,神奈川県,1537,BE2356,神奈川県,2733,CYBERX,神奈川県,0,,-
Pinky Crush,everlastingeuphoria:,0,,-,1115,.R,神奈川県,1702,8NE877,神奈川県,2470,CYBERX,神奈川県,0,,-
Pinky Crush,EX-MASSIVE FIGHTER,0,,-,1210,DONBEI,神奈川県,2141,ZUU,神奈川県,3410,WELLOW,神奈川県,0,,-
Pinky Crush,EYE OF THE HEAVEN,0,,-,1004,AKAMON,神奈川県,2339,NYAGWA,神奈川県,3596,WELLOW,神奈川県,0,,-
Pinky Crush,FERMI PARADOX,0,,-,1147,04,神奈川県,1635,QSAMA*,神奈川県,2540,IGW.,神奈川県,0,,-
Pinky Crush,Fiery Stallion,0,,-,884,99,神奈川県,1666,M6A2E1,神奈川県,2420,MIFFY*,神奈川県,0,,-
Pinky Crush,Flamingo,0,,-,1067,.R,神奈川県,2393,IGW.,神奈川県,3514,WELLOW,神奈川県,0,,-
Pinky Crush,FlyAway,0,,-,1229,OSUSHI,神奈川県,2075,8NE877,神奈川県,3249,HINO38,神奈川県,0,,-
Pinky Crush,Galaxy Collapse,0,,-,823,.R,神奈川県,1276,8NE877,神奈川県,1916,CYBERX,神奈川県,0,,-
Pinky Crush,get set mind,0,,-,1014,TKS,神奈川県,1569,FIGALO,神奈川県,2460,CYBERX,神奈川県,0,,-
Pinky Crush,God Mind,0,,-,1552,STEEL*,神奈川県,2677,STYU--,神奈川県,4178,WELLOW,神奈川県,0,,-
Pinky Crush,Good Looking,0,,-,742,.R,神奈川県,1302,8NE877,神奈川県,2087,IGW.,神奈川県,0,,-
Pinky Crush,Here We Go Now,0,,-,1138,04,神奈川県,2215,GAHOU,神奈川県,3360,WELLOW,神奈川県,0,,-
Pinky Crush,hora de verdad,0,,-,1107,UTKR,神奈川県,2038,MAROON,神奈川県,3078,WELLOW,神奈川県,0,,-
Pinky Crush,IN BETWEEN,0,,-,915,KARENA,神奈川県,1522,8NE877,神奈川県,2393,STYU--,神奈川県,0,,-
Pinky Crush,KOTONOHA ft. Kotoha,0,,-,836,04,神奈川県,1310,CRANKY,神奈川県,1987,CYBERX,神奈川県,0,,-
Pinky Crush,Lightspeed,0,,-,1289,04,神奈川県,2097,8NE877,神奈川県,3172,IGW.,神奈川県,0,,-
Pinky Crush,lowercase lifetime,0,,-,1075,04,神奈川県,2111,8NE877,神奈川県,2800,WELLOW,神奈川県,0,,-
Pinky Crush,Lycoris,0,,-,758,MA2DAI,神奈川県,1390,8NE877,神奈川県,2052,CYBERX,神奈川県,0,,-
Pinky Crush,MARLIN,0,,-,1202,KARENA,神奈川県,2310,8NE877,神奈川県,3564,WELLOW,神奈川県,0,,-
Pinky Crush,Mid-Corner (Magic Maker),0,,-,1206,04,神奈川県,2079,MELL,神奈川県,3187,WELLOW,神奈川県,0,,-
Pinky Crush,Mighty Cutie,0,,-,1136,99,神奈川県,2005,8NE877,神奈川県,2780,CYBERX,神奈川県,0,,-
Pinky Crush,MVP,0,,-,920,04,神奈川県,1529,UTKR,神奈川県,2629,WELLOW,神奈川県,0,,-
Pinky Crush,NOIXIA,0,,-,1402,04,神奈川県,2245,HAWAII,神奈川県,3993,WELLOW,神奈川県,0,,-
Pinky Crush,PERFECT HUMAN,513,YU.UNA,神奈川県,869,04,神奈川県,1406,EDF,神奈川県,2231,IGW.,神奈川県,0,,-
Pinky Crush,Pinky Happy Crazy,0,,-,1343,GOOD3,神奈川県,2556,IGW.,神奈川県,3618,WELLOW,神奈川県,0,,-
Pinky Crush,PIT A PAT,0,,-,996,AHRY,神奈川県,1822,KAZU34,神奈川県,2588,IGW.,神奈川県,0,,-
Pinky Crush,Plazma,264,KUN,神奈川県,679,ILOHA*,神奈川県,1262,UTKR,神奈川県,2039,KANON,神奈川県,2817,WELLOW,神奈川県
Pinky Crush,Plea Per Phase,0,,-,1022,HARUTO,神奈川県,1780,8NE877,神奈川県,2785,WELLOW,神奈川県,0,,-
Pinky Crush,PopなEDEN,0,,-,939,AHRY,神奈川県,1622,65TYPE,神奈川県,2463,WELLOW,神奈川県,0,,-
Pinky Crush,Raspberry Potion (feat.あれたん & ぎゃるのしん☆),0,,-,891,04,神奈川県,1762,65TYPE,神奈川県,2523,WELLOW,神奈川県,0,,-
Pinky Crush,RAVE SYNDROME,0,,-,1026,04,神奈川県,1717,KAZU34,神奈川県,2792,CYBERX,神奈川県,0,,-
Pinky Crush,Roar of Chronos,0,,-,1243,106.,神奈川県,2223,8NE877,神奈川県,3964,WELLOW,神奈川県,0,,-
Pinky Crush,Satellite Burst,0,,-,1223,TKS,神奈川県,2144,FIGALO,神奈川県,3910,WELLOW,神奈川県,0,,-
Pinky Crush,Secret Rouge,0,,-,848,MA2DAI,神奈川県,1650,MA2DAI,神奈川県,2328,CYBERX,神奈川県,0,,-
Pinky Crush,Shirdal,0,,-,868,.R,神奈川県,1539,8NE877,神奈川県,2517,IGW.,神奈川県,0,,-
Pinky Crush,Show Me All Your Love,0,,-,1118,ILOHA*,神奈川県,2025,8NE877,神奈川県,2949,IGW.,神奈川県,0,,-
Pinky Crush,SISYPHUS,0,,-,981,HASUGE,神奈川県,1770,AZ,神奈川県,2716,WELLOW,神奈川県,0,,-
Pinky Crush,Skratch Education Lv-1,0,,-,1101,MASAKI,神奈川県,1805,MASAKI,神奈川県,3056,WELLOW,神奈川県,0,,-
Pinky Crush,Slumber☆Party,0,,-,830,04,神奈川県,1799,8NE877,神奈川県,2319,WELLOW,神奈川県,0,,-
Pinky Crush,Space In Time,0,,-,859,04,神奈川県,1521,65TYPE,神奈川県,2063,IGW.,神奈川県,0,,-
Pinky Crush,Stargazing Trip ～星 探す旅～ ft. 小林マナ,0,,-,1078,DONBEI,神奈川県,1782,CRANKY,神奈川県,2685,IGW.,神奈川県,0,,-
Pinky Crush,SUPER HEROINE!!,0,,-,919,MA2DAI,神奈川県,1637,8NE877,神奈川県,2357,STYU--,神奈川県,0,,-
Pinky Crush,SμG@R RU$#,0,,-,1440,STEEL*,神奈川県,2488,IGW.,神奈川県,3775,WELLOW,神奈川県,0,,-
Pinky Crush,TECHNO RUMBLE,0,,-,1171,04,神奈川県,1848,8NE877,神奈川県,2928,IGW.,神奈川県,0,,-
Pinky Crush,u gotta beat,0,,-,1341,04,神奈川県,2323,COOKDO,神奈川県,3581,WELLOW,神奈川県,0,,-
Pinky Crush,Uaigh Gealai,0,,-,1303,.R,神奈川県,2261,MAROON,神奈川県,3887,WELLOW,神奈川県,0,,-
Pinky Crush,uen,0,,-,1416,MA2DAI,神奈川県,2168,8NE877,神奈川県,3042,WELLOW,神奈川県,0,,-
Pinky Crush,Vibing! Shake it!,0,,-,976,04,神奈川県,1682,8NE877,神奈川県,2516,STYU--,神奈川県,0,,-
Pinky Crush,Without Heaven,0,,-,1321,.R,神奈川県,2227,IGW.,神奈川県,3722,WELLOW,神奈川県,0,,-
Pinky Crush,XHRONOXAPSULΞ,0,,-,1167,OSUSHI,神奈川県,2377,8NE877,神奈川県,3945,WELLOW,神奈川県,0,,-
Pinky Crush,えだまめカレークッキング,429,TRAN,神奈川県,818,ILOHA*,神奈川県,1289,OSUSHI,神奈川県,2229,STYU--,神奈川県,0,,-
Pinky Crush,きみのせかい,0,,-,1006,ILOHA*,神奈川県,1680,8NE877,神奈川県,2875,IGW.,神奈川県,0,,-
Pinky Crush,きゅうくらりん,443,SHUREI,神奈川県,877,ILOHA*,神奈川県,1691,ANIA,神奈川県,2398,HINO38,神奈川県,0,,-
Pinky Crush,アラビアン ハイパー ナイト,0,,-,1203,.R,神奈川県,1896,ZUU,神奈川県,3318,WELLOW,神奈川県,0,,-
Pinky Crush,イガク,315,AKIMIO,神奈川県,880,RMRORO,神奈川県,1515,106.,神奈川県,2046,CYBERX,神奈川県,3086,WELLOW,神奈川県
Pinky Crush,エクスプロウル,0,,-,934,NG*MKN,神奈川県,1631,8NE877,神奈川県,2418,CYBERX,神奈川県,0,,-
Pinky Crush,オッドラヴィ,386,DONBEI,神奈川県,1066,04,神奈川県,1748,HJSAC,神奈川県,2544,CYBERX,神奈川県,0,,-
Pinky Crush,オブソミート,235,ORTA,神奈川県,861,MA2DAI,神奈川県,1493,FIGALO,神奈川県,2406,CYBERX,神奈川県,0,,-
Pinky Crush,キスキツネ,194,OSUSHI,神奈川県,879,RACOON,神奈川県,1488,8NE877,神奈川県,2381,CYBERX,神奈川県,0,,-
Pinky Crush,ギャ・ギャ・ギャ・ギャラクシー！,0,,-,902,ILOHA*,神奈川県,1655,8NE877,神奈川県,2401,WELLOW,神奈川県,0,,-
Pinky Crush,ゲシュタルト,389,NG*MKN,神奈川県,928,ZZZ,神奈川県,1567,RMM,神奈川県,2476,STYU--,神奈川県,3350,STYU--,神奈川県
Pinky Crush,スキッテイエェエエェ!!!!,0,,-,1539,192,神奈川県,2555,MAROON,神奈川県,4326,WELLOW,神奈川県,0,,-
Pinky Crush,スパークリング☆彡ハイパーチューン！！,0,,-,1440,KAM,神奈川県,2153,QSAMA*,神奈川県,3679,WELLOW,神奈川県,0,,-
Pinky Crush,ドリムチウ,0,,-,857,ILOHA*,神奈川県,1582,8NE877,神奈川県,2611,IGW.,神奈川県,0,,-
Pinky Crush,ドーナツホール 2024,347,SRST,神奈川県,985,ZZZ,神奈川県,1619,CRANKY,神奈川県,2378,CYBERX,神奈川県,0,,-
Pinky Crush,ハオ,301,AKIMIO,神奈川県,856,ILOHA*,神奈川県,1724,QSAMA*,神奈川県,2911,IGW.,神奈川県,0,,-
Pinky Crush,ハルイロメロディー,0,,-,884,16GO!?,神奈川県,1409,8NE877,神奈川県,2220,CYBERX,神奈川県,0,,-
Pinky Crush,ビビデバ,264,NATSU.,神奈川県,792,16GO!?,神奈川県,1316,KARENA,神奈川県,2064,WELLOW,神奈川県,0,,-
Pinky Crush,ファイナルレター,0,,-,964,PSYCHO,神奈川県,1837,KAZU,神奈川県,2699,PO,神奈川県,0,,-
Pinky Crush,メズマライザー,568,AKIMIO,神奈川県,1154,MA2DAI,神奈川県,1827,MON0CH,神奈川県,2747,WELLOW,神奈川県,0,,-
Pinky Crush,ロマンシングエスケープ,0,,-,433,NOHARA,神奈川県,1138,8NE877,神奈川県,1845,CYBERX,神奈川県,0,,-
Pinky Crush,天使のカンタータ -Cantata of Angels-,0,,-,1262,16GO!?,神奈川県,2192,106.,神奈川県,4223,WELLOW,神奈川県,0,,-
Pinky Crush,弾幕信仰,0,,-,1058,MISO,神奈川県,1658,8NE877,神奈川県,2529,CYBERX,神奈川県,0,,-
Pinky Crush,我ら完全無敵のアイドル!!,239,99,神奈川県,1038,ILOHA*,神奈川県,1634,MA2DAI,神奈川県,2564,CYBERX,神奈川県,0,,-
Pinky Crush,断罪の一花,0,,-,879,ILOHA*,神奈川県,1538,OSUSHI,神奈川県,2570,CYBERX,神奈川県,0,,-
Pinky Crush,最強頂戴girl,0,,-,856,DONBEI,神奈川県,1458,CRANKY,神奈川県,2203,CYBERX,神奈川県,0,,-
Pinky Crush,朱と碧のランページ,0,,-,1029,16GO!?,神奈川県,1715,8NE877,神奈川県,2530,CYBERX,神奈川県,0,,-
Pinky Crush,消極的セツナイズム,0,,-,975,KARENA,神奈川県,1595,8NE877,神奈川県,2301,CYBERX,神奈川県,0,,-
Pinky Crush,灼熱 Lost Summer Dayz,0,,-,1029,04,神奈川県,1908,AZ,神奈川県,2858,WELLOW,神奈川県,0,,-
Pinky Crush,無双,0,,-,1160,ILOHA*,神奈川県,1979,8NE877,神奈川県,3339,WELLOW,神奈川県,0,,-
Pinky Crush,爆ぜりゃんせ,0,,-,1107,ILOHA*,神奈川県,1928,8NE877,神奈川県,3003,MIFFY*,神奈川県,0,,-
Pinky Crush,覚悟せよ！エンタンメ～ン ～より身の切り売り自暴自棄版～,0,,-,1058,MA2DAI,神奈川県,1911,C9,神奈川県,2898,WELLOW,神奈川県,0,,-
Pinky Crush,進捗ダメダメです,280,AKIMIO,神奈川県,795,ILOHA*,神奈川県,1607,RMRORO,神奈川県,2247,STYU--,神奈川県,0,,-
Pinky Crush,飴玉,0,,-,581,AHRY,神奈川県,897,*ZACK*,神奈川県,1389,CYBERX,神奈川県,0,,-
Pinky Crush,ＰＡＳＴＥＬＩＳＭ,0,,-,1040,ILOHA*,神奈川県,1523,MA2DAI,神奈川県,2132,CYBERX,神奈川県,0,,-
Sparkle Shower,2 Be Continued,0,,-,1056,STEEL*,神奈川県,2000,IGW.,神奈川県,3686,IGW.,神奈川県,0,,-
Sparkle Shower,A Certified Rave Moment,0,,-,1017,STEEL*,神奈川県,1788,STEEL*,神奈川県,2794,STYU--,神奈川県,0,,-
Sparkle Shower,ACID VISION,0,,-,1138,04,神奈川県,1657,MELL,神奈川県,1862,CYBERX,神奈川県,0,,-
Sparkle Shower,AGETEKE ONDO,0,,-,1026,STEEL*,神奈川県,1641,STEEL*,神奈川県,2593,WELLOW,神奈川県,0,,-
Sparkle Shower,Amor∞Fati,0,,-,1263,AGYPO3,神奈川県,2605,IGW.,神奈川県,4164,WELLOW,神奈川県,0,,-
Sparkle Shower,Any％,0,,-,1209,AGYPO3,神奈川県,2190,RMRORO,神奈川県,3614,STYU--,神奈川県,0,,-
Sparkle Shower,Astra Blaze,0,,-,1190,MELL,神奈川県,2280,04,神奈川県,3433,WELLOW,神奈川県,0,,-
Sparkle Shower,Bang Bang Dance,0,,-,842,MELL,神奈川県,1764,8NE877,神奈川県,2814,STYU--,神奈川県,0,,-
Sparkle Shower,BattleRoyal,0,,-,1123,16GO!?,神奈川県,1777,MELL,神奈川県,2630,WELLOW,神奈川県,0,,-
Sparkle Shower,Begin,0,,-,1032,IGW.,神奈川県,2044,IGW.,神奈川県,3260,WELLOW,神奈川県,0,,-
Sparkle Shower,BitRacer,0,,-,1124,MELL,神奈川県,2122,04,神奈川県,3619,WELLOW,神奈川県,0,,-
Sparkle Shower,Bloom,0,,-,696,16GO!?,神奈川県,1212,MELL,神奈川県,1848,CYBERX,神奈川県,0,,-
Sparkle Shower,blue anthem,0,,-,1194,STEEL*,神奈川県,1737,MASAKI,神奈川県,2969,WELLOW,神奈川県,0,,-
Sparkle Shower,Caramel Pain,236,MELL,神奈川県,650,16GO!?,神奈川県,1050,STEEL*,神奈川県,1663,STYU--,神奈川県,0,,-
Sparkle Shower,Catch ya Getcha!,0,,-,1058,STEEL*,神奈川県,2037,8NE877,神奈川県,2936,STYU--,神奈川県,0,,-
Sparkle Shower,chaplet -IIDX re:build-,0,,-,1028,STEEL*,神奈川県,1976,C9,神奈川県,2921,WELLOW,神奈川県,0,,-
Sparkle Shower,COLOR BURST,206,MELL,神奈川県,791,MELL,神奈川県,1398,04,神奈川県,2200,STYU--,神奈川県,0,,-
Sparkle Shower,Countdown to Heaven or Hell,0,,-,1270,STEEL*,神奈川県,2034,MELL,神奈川県,3096,IGW.,神奈川県,0,,-
Sparkle Shower,D.K.N. ON,0,,-,1047,STEEL*,神奈川県,1996,AGYPO3,神奈川県,2732,IGW.,神奈川県,0,,-
Sparkle Shower,Digitized Ocean,0,,-,1192,MELL,神奈川県,2030,PO,神奈川県,3519,WELLOW,神奈川県,0,,-
Sparkle Shower,Disco Killer Music Lover,0,,-,1106,BAY.,神奈川県,1846,8NE877,神奈川県,3075,WELLOW,神奈川県,0,,-
Sparkle Shower,Dolphin Kick,0,,-,1512,04,神奈川県,2238,IGW.,神奈川県,3646,STYU--,神奈川県,0,,-
Sparkle Shower,Dusk Endir,0,,-,1059,MELL,神奈川県,2322,MELL,神奈川県,3388,WELLOW,神奈川県,0,,-
Sparkle Shower,ESPRIT ONE,0,,-,1306,MELL,神奈川県,1810,IGW.,神奈川県,2943,STYU--,神奈川県,0,,-
Sparkle Shower,Ex-Otogibanashi,174,STEEL*,神奈川県,468,MELL,神奈川県,973,AGYPO3,神奈川県,1596,WELLOW,神奈川県,0,,-
Sparkle Shower,Fashion Fruit,0,,-,1079,MELL,神奈川県,1968,8NE877,神奈川県,3058,WELLOW,神奈川県,0,,-
Sparkle Shower,fixer,0,,-,834,MELL,神奈川県,1836,STYU--,神奈川県,3594,WELLOW,神奈川県,0,,-
Sparkle Shower,FIZZY FIZZY POP,0,,-,853,STEEL*,神奈川県,1608,MELL,神奈川県,2284,STYU--,神奈川県,0,,-
Sparkle Shower,FiZZλ_POT!0N,0,,-,1439,MELL,神奈川県,2108,MELL,神奈川県,3533,WELLOW,神奈川県,0,,-
Sparkle Shower,From Human Blood,0,,-,1231,STEEL*,神奈川県,2113,8NE877,神奈川県,3641,WELLOW,神奈川県,0,,-
Sparkle Shower,Funky Quirky,0,,-,941,OGCHAN,神奈川県,1916,IGW.,神奈川県,2628,STYU--,神奈川県,0,,-
Sparkle Shower,Get Into The Groove feat.WaMi,0,,-,1002,16GO!?,神奈川県,1420,MELL,神奈川県,2294,IGW.,神奈川県,0,,-
Sparkle Shower,Gimme a Big Beat(青龍 Remix),0,,-,1274,MELL,神奈川県,2371,04,神奈川県,3228,WELLOW,神奈川県,0,,-
Sparkle Shower,GO!,0,,-,886,MELL,神奈川県,1846,IGW.,神奈川県,3164,WELLOW,神奈川県,0,,-
Sparkle Shower,GOLD RUSH 2025,0,,-,873,04,神奈川県,1606,04,神奈川県,2810,IGW.,神奈川県,0,,-
Sparkle Shower,Hallucination,0,,-,1061,AGYPO3,神奈川県,1899,MELL,神奈川県,2764,WELLOW,神奈川県,0,,-
Sparkle Shower,HEROES,0,,-,1380,MELL,神奈川県,2270,MELL,神奈川県,3499,WELLOW,神奈川県,0,,-
Sparkle Shower,HORIZON BEATZ,0,,-,774,MELL,神奈川県,1690,MELL,神奈川県,2574,STYU--,神奈川県,0,,-
Sparkle Shower,HyperTwist,0,,-,1313,MELL,神奈川県,2242,MELL,神奈川県,3353,STYU--,神奈川県,0,,-
Sparkle Shower,Ignited Night,0,,-,1096,MELL,神奈川県,1560,RMRORO,神奈川県,2407,STYU--,神奈川県,0,,-
Sparkle Shower,Iridescent Memories,0,,-,1527,04,神奈川県,2215,IGW.,神奈川県,3964,WELLOW,神奈川県,0,,-
Sparkle Shower,JUST SYNC ft.Kanae Asaba,0,,-,756,16GO!?,神奈川県,1295,MELL,神奈川県,2027,CYBERX,神奈川県,0,,-
Sparkle Shower,Kick The Rainbow,0,,-,1153,MELL,神奈川県,2029,WELLOW,神奈川県,2970,IGW.,神奈川県,0,,-
Sparkle Shower,King of Tribe,0,,-,1117,MELL,神奈川県,2074,04,神奈川県,3149,WELLOW,神奈川県,0,,-
Sparkle Shower,kors k's Let's make an Image Song!,0,,-,987,16GO!?,神奈川県,1872,04,神奈川県,2770,CYBERX,神奈川県,0,,-
Sparkle Shower,Last Card,0,,-,1066,MELL,神奈川県,1882,MELL,神奈川県,3101,STYU--,神奈川県,0,,-
Sparkle Shower,LEMON MELON COOKIE,370,MELL,神奈川県,818,NOHARA,神奈川県,1556,STEEL*,神奈川県,2256,STYU--,神奈川県,0,,-
Sparkle Shower,Limelight,0,,-,1152,04,神奈川県,1976,MAROON,神奈川県,3050,CYBERX,神奈川県,0,,-
Sparkle Shower,Lisa-RICCIA,521,GOOD3,神奈川県,1243,STEEL*,神奈川県,2248,8NE877,神奈川県,3370,WELLOW,神奈川県,4684,WELLOW,神奈川県
Sparkle Shower,Makin' It,0,,-,1063,16GO!?,神奈川県,1671,STYU--,神奈川県,2858,WELLOW,神奈川県,0,,-
Sparkle Shower,Memoria Obscura,0,,-,1012,MELL,神奈川県,2216,8NE877,神奈川県,4142,WELLOW,神奈川県,0,,-
Sparkle Shower,Meteor☆Shower,0,,-,964,MELL,神奈川県,2086,MELL,神奈川県,2973,WELLOW,神奈川県,0,,-
Sparkle Shower,Mighty Beat Monsterz,0,,-,1274,MELL,神奈川県,1955,MELL,神奈川県,3198,WELLOW,神奈川県,0,,-
Sparkle Shower,MOCHIMOCHI DREAMIN!!,0,,-,1141,16GO!?,神奈川県,1871,8NE877,神奈川県,3042,WELLOW,神奈川県,0,,-
Sparkle Shower,Nemophila,0,,-,1051,STEEL*,神奈川県,1824,MELL,神奈川県,2772,WELLOW,神奈川県,0,,-
Sparkle Shower,Nyan Nyan University,0,,-,942,16GO!?,神奈川県,1617,8NE877,神奈川県,2580,IEK.S,神奈川県,0,,-
Sparkle Shower,OMEGA,0,,-,1098,MELL,神奈川県,2192,IGW.,神奈川県,3436,WELLOW,神奈川県,0,,-
Sparkle Shower,PALETTE,368,MELL,神奈川県,884,BAY.,神奈川県,1463,BAY.,神奈川県,2062,STYU--,神奈川県,0,,-
Sparkle Shower,PERFECT GREAT!!,0,,-,1295,.R,神奈川県,2445,MELL,神奈川県,3891,WELLOW,神奈川県,0,,-
Sparkle Shower,pique,0,,-,1143,STEEL*,神奈川県,2043,04,神奈川県,3056,PO,神奈川県,0,,-
Sparkle Shower,RALLY '25,0,,-,1225,STEEL*,神奈川県,2188,IGW.,神奈川県,3300,WELLOW,神奈川県,0,,-
Sparkle Shower,REcorrection,0,,-,595,STEEL*,神奈川県,1110,8NE877,神奈川県,1635,WELLOW,神奈川県,0,,-
Sparkle Shower,Regina vespaE,0,,-,1252,STEEL*,神奈川県,2275,8NE877,神奈川県,3647,WELLOW,神奈川県,0,,-
Sparkle Shower,RIZING-GAMERS.,0,,-,1048,KARENA,神奈川県,2306,MELL,神奈川県,3444,WELLOW,神奈川県,0,,-
Sparkle Shower,RUINA,0,,-,940,MELL,神奈川県,1845,IGW.,神奈川県,2899,IGW.,神奈川県,0,,-
Sparkle Shower,Second Heaven(Mamonis Remix),0,,-,930,MELL,神奈川県,1659,MELL,神奈川県,2551,CYBERX,神奈川県,0,,-
Sparkle Shower,SHINING☆DANCE,0,,-,874,MELL,神奈川県,1577,STEEL*,神奈川県,2485,STYU--,神奈川県,0,,-
Sparkle Shower,Shooting Star,238,KUN,神奈川県,840,16GO!?,神奈川県,1514,MELL,神奈川県,2455,STYU--,神奈川県,0,,-
Sparkle Shower,Show Time,0,,-,858,16GO!?,神奈川県,1441,MELL,神奈川県,2067,STYU--,神奈川県,0,,-
Sparkle Shower,Signs and Wonders,0,,-,675,MELL,神奈川県,1043,MELL,神奈川県,1610,CYBERX,神奈川県,0,,-
Sparkle Shower,SILKY BRAVE,0,,-,934,IGW.,神奈川県,1624,IGW.,神奈川県,2404,STYU--,神奈川県,0,,-
Sparkle Shower,Skywalking,0,,-,915,MELL,神奈川県,1444,STEEL*,神奈川県,2345,IGW.,神奈川県,0,,-
Sparkle Shower,Smintheus,0,,-,1329,AGYPO3,神奈川県,2383,C9,神奈川県,3725,WELLOW,神奈川県,0,,-
Sparkle Shower,SnapSkipSpark,0,,-,1088,STEEL*,神奈川県,1930,8NE877,神奈川県,2931,STYU--,神奈川県,0,,-
Sparkle Shower,Space Battleship S4TO,0,,-,1355,BAY.,神奈川県,2267,8NE877,神奈川県,3788,WELLOW,神奈川県,0,,-
Sparkle Shower,SPLASH!!!!!!!!!,0,,-,920,STEEL*,神奈川県,1515,UTKR,神奈川県,2299,IGW.,神奈川県,0,,-
Sparkle Shower,Substance,0,,-,1212,STEEL*,神奈川県,1743,BAY.,神奈川県,3117,MIFFY*,神奈川県,0,,-
Sparkle Shower,super double play sessions,0,,-,1435,MASAKI,神奈川県,2421,IGW.,神奈川県,4295,WELLOW,神奈川県,0,,-
Sparkle Shower,THUNDERSTRIKE,0,,-,1295,MELL,神奈川県,2129,04,神奈川県,3516,WELLOW,神奈川県,0,,-
Sparkle Shower,TOKAKU=ALMiRAJ,0,,-,931,STEEL*,神奈川県,1979,MELL,神奈川県,2894,IGW.,神奈川県,0,,-
Sparkle Shower,UNDO THE NIGHT,0,,-,1039,RMRORO,神奈川県,2114,04,神奈川県,3513,WELLOW,神奈川県,0,,-
Sparkle Shower,Vitamin,0,,-,1170,BAY.,神奈川県,1834,8NE877,神奈川県,2677,STYU--,神奈川県,0,,-
Sparkle Shower,voice of echo.,0,,-,1111,MELL,神奈川県,1818,MELL,神奈川県,2761,IGW.,神奈川県,0,,-
Sparkle Shower,Watermelon Explosion,0,,-,768,AGYPO3,神奈川県,1395,04,神奈川県,2037,STYU--,神奈川県,0,,-
Sparkle Shower,Wizards!,0,,-,804,AGYPO3,神奈川県,1640,MELL,神奈川県,2287,IGW.,神奈川県,0,,-
Sparkle Shower,X-Plan,0,,-,734,16GO!?,神奈川県,1370,MELL,神奈川県,2225,CYBERX,神奈川県,0,,-
Sparkle Shower,[E],0,,-,1520,STEEL*,神奈川県,2247,04,神奈川県,3451,STYU--,神奈川県,0,,-
Sparkle Shower,Τeλοs,0,,-,1067,MELL,神奈川県,1783,MELL,神奈川県,2647,CYBERX,神奈川県,0,,-
Sparkle Shower,ιgniЯRuina,0,,-,1401,STEEL*,神奈川県,2198,8NE877,神奈川県,3618,WELLOW,神奈川県,0,,-
Sparkle Shower,⁽⁽ଘ( ˙꒳˙ )ଓ⁾⁾ beyond reason,0,,-,1283,MELL,神奈川県,2165,IGW.,神奈川県,3882,WELLOW,神奈川県,0,,-
Sparkle Shower,かわいいだけじゃだめですか？,219,HOMURA,神奈川県,938,BAY.,神奈川県,1599,BAY.,神奈川県,2140,STYU--,神奈川県,3537,WELLOW,神奈川県
Sparkle Shower,じぇりー じゅえる ジャングル,0,,-,1239,04,神奈川県,1945,04,神奈川県,3302,CYBERX,神奈川県,0,,-
Sparkle Shower,それが、ボクの使命～レスキュー隊長 メンキュー～,0,,-,748,16GO!?,神奈川県,1593,8NE877,神奈川県,2180,IGW.,神奈川県,0,,-
Sparkle Shower,でんぱ どりる わんにゃー☆三,290,GOOD3,神奈川県,1196,BAY.,神奈川県,2273,MELL,神奈川県,3354,STYU--,神奈川県,0,,-
Sparkle Shower,もんめためたもん,220,MELL,神奈川県,858,BAY.,神奈川県,1425,BAY.,神奈川県,2254,STYU--,神奈川県,0,,-
Sparkle Shower,オーバーライド,479,MELL,神奈川県,1218,BAY.,神奈川県,1815,WELLOW,神奈川県,3199,STYU--,神奈川県,0,,-
Sparkle Shower,キミとえがくキセキ,0,,-,917,04,神奈川県,1518,04,神奈川県,2252,CYBERX,神奈川県,0,,-
Sparkle Shower,クレッシェンド,0,,-,1221,STEEL*,神奈川県,1920,IGW.,神奈川県,3415,WELLOW,神奈川県,0,,-
Sparkle Shower,サタデーナイト☆ギャロップ,0,,-,1287,04,神奈川県,2032,IGW.,神奈川県,4200,WELLOW,神奈川県,0,,-
Sparkle Shower,タンポポ,0,,-,1267,16GO!?,神奈川県,1930,.R,神奈川県,2688,STYU--,神奈川県,0,,-
Sparkle Shower,デラむぅのでらっくす☆どり～むぅ,0,,-,830,16GO!?,神奈川県,1335,MELL,神奈川県,1992,STYU--,神奈川県,0,,-
Sparkle Shower,バブリン,273,MELL,神奈川県,1168,STEEL*,神奈川県,1742,STEEL*,神奈川県,2439,STYU--,神奈川県,0,,-
Sparkle Shower,ビビッド ☆+*。キラキライム,544,MELL,神奈川県,1204,BAY.,神奈川県,2113,MELL,神奈川県,3773,WELLOW,神奈川県,0,,-
Sparkle Shower,ベラ・ベ・カラベラ,0,,-,1057,STEEL*,神奈川県,1731,8NE877,神奈川県,2809,STYU--,神奈川県,0,,-
Sparkle Shower,ベンガル vs. アムール Battle,0,,-,1334,MELL,神奈川県,2100,DENTAK,神奈川県,3710,WELLOW,神奈川県,0,,-
Sparkle Shower,メテオラ-meteor-,0,,-,1080,MELL,神奈川県,1878,MELL,神奈川県,2482,CYBERX,神奈川県,0,,-
Sparkle Shower,メルト CPK! Remix (初音ミク ver.),475,MELL,神奈川県,876,AGYPO3,神奈川県,1662,BAY.,神奈川県,2871,WELLOW,神奈川県,0,,-
Sparkle Shower,ラブコメトキドキシリアス,0,,-,1269,04,神奈川県,2047,MELL,神奈川県,3729,WELLOW,神奈川県,0,,-
Sparkle Shower,レシピのリドル,0,,-,654,16GO!?,神奈川県,1449,MELL,神奈川県,2348,IGW.,神奈川県,0,,-
Sparkle Shower,三日天下モンキー,0,,-,749,16GO!?,神奈川県,1311,MELL,神奈川県,1833,STYU--,神奈川県,0,,-
Sparkle Shower,不死身ごっこ,268,KUN,神奈川県,964,STEEL*,神奈川県,1501,STEEL*,神奈川県,2572,STYU--,神奈川県,0,,-
Sparkle Shower,夏色のセレナーデ,0,,-,885,BAY.,神奈川県,1362,AGYPO3,神奈川県,2254,STYU--,神奈川県,0,,-
Sparkle Shower,夢色ワンダー,545,MELL,神奈川県,1548,MELL,神奈川県,2186,AGYPO3,神奈川県,3258,WELLOW,神奈川県,0,,-
Sparkle Shower,好吃来世deエレクトリック,0,,-,824,16GO!?,神奈川県,1400,STYU--,神奈川県,1916,STYU--,神奈川県,0,,-
Sparkle Shower,恋愛観測,0,,-,701,MELL,神奈川県,1452,MELL,神奈川県,2494,STYU--,神奈川県,0,,-
Sparkle Shower,断罪のミメシス,0,,-,1428,HINO38,神奈川県,2201,IGW.,神奈川県,3366,WELLOW,神奈川県,0,,-
Sparkle Shower,月下繚乱,0,,-,908,MELL,神奈川県,1780,8NE877,神奈川県,2826,IGW.,神奈川県,0,,-
Sparkle Shower,煉獄コンフィチュール,0,,-,1026,NOHARA,神奈川県,1904,8NE877,神奈川県,2690,STYU--,神奈川県,0,,-
Sparkle Shower,百恋ラブラスター,0,,-,744,16GO!?,神奈川県,1621,MELL,神奈川県,2644,STYU--,神奈川県,0,,-
Sparkle Shower,色を喪った街,0,,-,1314,MELL,神奈川県,2449,JD*ONG,神奈川県,3925,WELLOW,神奈川県,0,,-
Sparkle Shower,華麗なる！音戯探偵ひなビタ,0,,-,714,BAY.,神奈川県,1383,8NE877,神奈川県,2374,IEK.S,神奈川県,0,,-
Sparkle Shower,鏡像都市,0,,-,840,MELL,神奈川県,1398,BAY.,神奈川県,1970,STYU--,神奈川県,0,,-
Sparkle Shower,閃と雷管とロープ,0,,-,912,16GO!?,神奈川県,1426,STEEL*,神奈川県,2585,STYU--,神奈川県,0,,-
