バージョン,タイトル,BEGINNER EXスコア,BEGINNER DJName,BEGINNER 都道府県,NORMAL EXスコア,NORMAL DJName,NORMAL 都道府県,HYPER EXスコア,HYPER DJName,HYPER 都道府県,ANOTHER EXスコア,ANOTHER DJName,ANOTHER 都道府県,LEGGENDARIA EXスコア,LEGGENDARIA DJName,LEGGENDARIA 都道府県
1st&substream,22DUNK,0,,-,519,TMR089,愛知県,628,KENT,愛知県,654,AMMKRN,愛知県,0,,-
1st&substream,5.1.1.,0,,-,198,YUDEX2,愛知県,1016,ZENI,愛知県,1569,KUREI,愛知県,0,,-
1st&substream,deep in you,0,,-,500,YUDEX2,愛知県,510,YUDEX2,愛知県,663,YUDEX2,愛知県,0,,-
1st&substream,Dr.LOVE,0,,-,389,AK1*SS,愛知県,517,ZENI,愛知県,579,AMMKRN,愛知県,0,,-
1st&substream,GAMBOL,0,,-,272,ILMINA,愛知県,274,KI.*,愛知県,0,,-,0,,-
1st&substream,GENOM SCREAMS,0,,-,418,AMMKRN,愛知県,831,YUDEX2,愛知県,1067,U3MARU,愛知県,0,,-
1st&substream,gentle stress,0,,-,328,AKHR01,愛知県,657,K.,愛知県,1437,WTKZ,愛知県,0,,-
1st&substream,GRADIUSIC CYBER,0,,-,853,TIOX2,愛知県,985,AROTTE,愛知県,1189,TOMO87,愛知県,0,,-
1st&substream,KEEP ON MOVIN',0,,-,196,YUDEX2,愛知県,244,KI.*,愛知県,0,,-,0,,-
1st&substream,Macho Gang,0,,-,378,TMR089,愛知県,1072,YUDEX2,愛知県,1662,BBMART,愛知県,0,,-
1st&substream,PARANOIA MAX～DIRTY MIX～,0,,-,560,TMR089,愛知県,742,TIOX2,愛知県,1104,YUDEX2,愛知県,0,,-
1st&substream,R3,0,,-,643,TIOX2,愛知県,716,ARKA,愛知県,904,YUDEX2,愛知県,0,,-
1st&substream,RUGGED ASH,0,,-,366,TIOX2,愛知県,401,KENT,愛知県,1088,TOSMEN,愛知県,2069,P,愛知県
1st&substream,THE EARTH LIGHT,0,,-,739,AK1*SS,愛知県,1051,YUDEX2,愛知県,1148,YUDEX2,愛知県,0,,-
2nd style,.59,0,,-,686,TIOX2,愛知県,975,N3PH,愛知県,1164,YUDEX2,愛知県,0,,-
2nd style,Digital MinD(A/T Libra mix),0,,-,729,TIOX2,愛知県,992,ABQ33S,愛知県,1110,ZU,愛知県,0,,-
2nd style,Electro Tuned(the SubS mix),0,,-,741,KTZWDK,愛知県,963,YUDEX2,愛知県,1064,WTKZ,愛知県,0,,-
2nd style,I Was The One,0,,-,514,AK1*SS,愛知県,627,SAVA,愛知県,696,YUDEX2,愛知県,0,,-
2nd style,Indigo Vision(full flavour hide around mix),0,,-,870,TMR089,愛知県,1091,TIOX2,愛知県,1225,ANSA,愛知県,0,,-
2nd style,PUT YOUR FAITH IN ME(for beatmania II),0,,-,565,AK1*SS,愛知県,861,BBMART,愛知県,0,,-,0,,-
2nd style,SP-TRIP MACHINE(for beatmania II),0,,-,508,AMMKRN,愛知県,626,AMMKRN,愛知県,648,AMMKRN,愛知県,0,,-
3rd style,CAN'T STOP FALLIN'IN LOVE,0,,-,608,AK1*SS,愛知県,1257,ANSA,愛知県,0,,-,0,,-
3rd style,Don't Stop!,0,,-,753,AK1*SS,愛知県,846,ABQ33S,愛知県,906,YUDEX2,愛知県,0,,-
3rd style,era (nostalmix),0,,-,810,UNAGI,愛知県,1057,NIBO4,愛知県,1521,S.MOCK,愛知県,0,,-
3rd style,Holic,0,,-,776,AMMKRN,愛知県,1207,YUDEX2,愛知県,1743,KUREI,愛知県,0,,-
3rd style,LEADING CYBER,0,,-,805,AK1*SS,愛知県,1176,TIOX2,愛知県,1254,RAPI-3,愛知県,0,,-
3rd style,Presto,0,,-,514,AK1*SS,愛知県,966,TIOX2,愛知県,1004,TOSMEN,愛知県,0,,-
3rd style,R5,0,,-,765,TIOX2,愛知県,1160,TIOX2,愛知県,1768,KUREI,愛知県,0,,-
3rd style,REINCARNATION,0,,-,823,TIOX2,愛知県,1008,TIOX2,愛知県,1284,P,愛知県,0,,-
3rd style,Schlagwerk,0,,-,814,TIOX2,愛知県,1293,TIOX2,愛知県,1685,P,愛知県,0,,-
3rd style,Skyscraper,0,,-,718,TIOX2,愛知県,1165,TIOX2,愛知県,1251,RIS.BN,愛知県,0,,-
3rd style,Tangerine Stream,0,,-,282,TMR089,愛知県,396,RIS.BN,愛知県,0,,-,0,,-
3rd style,THE SAFARI,356,HIRAHO,愛知県,1167,TIOX2,愛知県,1757,ZU,愛知県,0,,-,0,,-
4th style,250bpm,0,,-,656,ILMINA,愛知県,1014,H.S-GX,愛知県,1439,KUREI,愛知県,0,,-
4th style,ABSOLUTE,0,,-,1287,AGARI*,愛知県,1732,ALPACA,愛知県,2401,U3MARU,愛知県,2793,P,愛知県
4th style,B4U,0,,-,1072,YUDEX2,愛知県,1540,NOVAK,愛知県,2020,P,愛知県,0,,-
4th style,Broken My Heart,0,,-,834,3ZORO,愛知県,1413,K.,愛知県,1827,U3MARU,愛知県,0,,-
4th style,Burnin' The Floor,0,,-,553,AK1*SS,愛知県,934,K.,愛知県,1441,BBMART,愛知県,0,,-
4th style,CHECKING YOU OUT,0,,-,653,YUDEX2,愛知県,926,MIND**,愛知県,1358,PUPPY*,愛知県,0,,-
4th style,Clione,0,,-,518,YVONNE,愛知県,926,CXX,愛知県,1613,TOSMEN,愛知県,2191,P,愛知県
4th style,DXY!,0,,-,1297,P,愛知県,1883,ZX,愛知県,2280,U3MARU,愛知県,0,,-
4th style,empathy,0,,-,798,AK1*SS,愛知県,1287,K.,愛知県,1458,AMMKRN,愛知県,0,,-
4th style,era (step mix),0,,-,1075,YUDEX2,愛知県,1395,ZENI,愛知県,1723,P,愛知県,0,,-
4th style,FLOWERS for ALBION,0,,-,244,TMR089,愛知県,437,KURONE,愛知県,0,,-,0,,-
4th style,HIGHER,0,,-,524,AK1*SS,愛知県,894,K.,愛知県,1275,YUDEX2,愛知県,0,,-
4th style,Hitch Hiker2,0,,-,800,AK1*SS,愛知県,1156,ABQ33S,愛知県,1323,TOSMEN,愛知県,1945,P,愛知県
4th style,Jam&Marmalade,0,,-,764,TIOX2,愛知県,905,*9N2*,愛知県,1020,P,愛知県,0,,-
4th style,KAMIKAZE,0,,-,1004,TIOX2,愛知県,1454,TIOX2,愛知県,2292,IKAKIN,愛知県,0,,-
4th style,LOVE WILL・・・,0,,-,539,AK1*SS,愛知県,712,K.,愛知県,1462,YUDEX2,愛知県,0,,-
4th style,minimalian,0,,-,497,ILMINA,愛知県,1098,KIRISY,愛知県,1409,P,愛知県,0,,-
4th style,Mr.T.(take me higher),0,,-,816,AK1*SS,愛知県,989,TIOX2,愛知県,1777,P,愛知県,0,,-
4th style,starmine,435,AGARI*,愛知県,885,T2-K,愛知県,1405,TIOX2,愛知県,1587,S.MOCK,愛知県,0,,-
4th style,SWEET LAB,0,,-,500,NZ-61D,愛知県,941,TIOX2,愛知県,1375,P,愛知県,0,,-
4th style,Voltage (feat. Hidemaru),0,,-,856,KI-NSK,愛知県,1197,TMR089,愛知県,1335,ANSA,愛知県,0,,-
5th style,Abyss,0,,-,1140,NZ-61D,愛知県,1597,AUL.14,愛知県,1882,U3MARU,愛知県,0,,-
5th style,in my eyes,0,,-,945,TIOX2,愛知県,1392,ABQ33S,愛知県,1585,BBMART,愛知県,0,,-
5th style,LOVE AGAIN TONIGHT～for Mellisa mix～,0,,-,721,TORIA,愛知県,977,TMR089,愛知県,1118,RIS.BN,愛知県,0,,-
5th style,outer wall,0,,-,910,TIOX2,愛知県,1359,*9N2*,愛知県,1779,P,愛知県,0,,-
5th style,QQQ,0,,-,1225,KI.*,愛知県,1869,ZENI,愛知県,2177,P,愛知県,0,,-
5th style,Radical Faith,0,,-,1189,KI.*,愛知県,1495,TIOX2,愛知県,1287,YUDEX2,愛知県,0,,-
5th style,Real,0,,-,1118,AMMKRN,愛知県,1649,NOVAK,愛知県,1800,S.MOCK,愛知県,0,,-
5th style,Regulus,0,,-,1029,TIOX2,愛知県,1492,ONE621,愛知県,1715,KIRISY,愛知県,0,,-
5th style,RIDE ON THE LIGHT (HI GREAT MIX),0,,-,893,TIOX2,愛知県,1068,CLERNE,愛知県,1708,ARURU,愛知県,1845,KUREI,愛知県
5th style,RISLIM,0,,-,895,TIOX2,愛知県,1217,TOSMEN,愛知県,0,,-,0,,-
5th style,sometime,0,,-,754,TIOX2,愛知県,1032,TIOX2,愛知県,1316,ZU,愛知県,0,,-
5th style,Spin the disc,0,,-,695,NZ-61D,愛知県,1285,ZENI,愛知県,1346,KUREI,愛知県,0,,-
5th style,STILL IN MY HEART,0,,-,879,NZ-61D,愛知県,1381,RIS.BN,愛知県,1933,P,愛知県,0,,-
5th style,still my words,0,,-,905,TIOX2,愛知県,1233,ZU,愛知県,0,,-,0,,-
5th style,sync,0,,-,1092,YUDEX2,愛知県,1920,H.S-GX,愛知県,2398,U3MARU,愛知県,0,,-
5th style,THE CUBE,0,,-,745,TMR089,愛知県,1282,YUDEX2,愛知県,1359,YUDEX2,愛知県,0,,-
5th style,THE SHINING POLARIS,0,,-,964,KI.*,愛知県,1301,TIOX2,愛知県,1577,RIS.BN,愛知県,0,,-
5th style,V,323,AKHR01,愛知県,1208,MAMI,愛知県,2514,YUDEX2,愛知県,3023,BBMART,愛知県,0,,-
6th style,"19,November",0,,-,1046,AK1*SS,愛知県,1367,2,愛知県,1805,ANSA,愛知県,0,,-
6th style,BALLAD FOR YOU～想いの雨～,0,,-,575,AK1*SS,愛知県,769,TMR089,愛知県,1071,RIS.BN,愛知県,0,,-
6th style,Blueberry Stream,0,,-,755,AK1*SS,愛知県,1487,ZENI,愛知県,1659,ANSA,愛知県,0,,-
6th style,Buffalo,0,,-,957,NSFTSP,愛知県,1445,ZENI,愛知県,1845,KUREI,愛知県,2530,S.MOCK,愛知県
6th style,Colors (radio edit),0,,-,1435,KZN,愛知県,1909,TIOX2,愛知県,2442,KUREI,愛知県,0,,-
6th style,DIVE ～INTO YOUR HEART～,0,,-,1162,AK1*SS,愛知県,1826,ONE621,愛知県,2121,U3MARU,愛知県,0,,-
6th style,fly through the night,0,,-,852,AK1*SS,愛知県,1339,ZENI,愛知県,1699,YUDEX2,愛知県,0,,-
6th style,Free Style,0,,-,821,ANPAN,愛知県,1103,KENT,愛知県,1316,BBMART,愛知県,0,,-
6th style,Frozen Ray (original mix),0,,-,1248,GUNJI,愛知県,1761,AGOPYX,愛知県,1816,P,愛知県,0,,-
6th style,G2,0,,-,1387,QB*LIA,愛知県,1806,ZENI,愛知県,2358,P,愛知県,0,,-
6th style,L'amour et la liberte,0,,-,965,TIOX2,愛知県,1546,H.S-GX,愛知県,2026,JDR-OK,愛知県,0,,-
6th style,Linus,0,,-,963,TIOX2,愛知県,1540,ONE621,愛知県,2196,BBMART,愛知県,0,,-
6th style,NEMESIS,0,,-,1038,YUDEX2,愛知県,1616,H.S-GX,愛知県,1917,U3MARU,愛知県,0,,-
6th style,rottel-da-sun,0,,-,810,TIOX2,愛知県,1333,H.S-GX,愛知県,1868,KUREI,愛知県,0,,-
6th style,route 80s,0,,-,889,TIOX2,愛知県,1208,YUDEX2,愛知県,1528,TOSMEN,愛知県,0,,-
6th style,SOMETHING WONDERFUL,0,,-,922,TIOX2,愛知県,1333,H.S-GX,愛知県,1981,RIS.BN,愛知県,0,,-
6th style,Summer Vacation(CU mix),0,,-,1265,TIOX2,愛知県,1877,P,愛知県,0,,-,0,,-
6th style,Take It Easy,0,,-,1453,TIOX2,愛知県,2384,NIBO4,愛知県,2536,U3MARU,愛知県,0,,-
6th style,VJ ARMY,0,,-,1254,TIOX2,愛知県,1726,ZENI,愛知県,2245,ANSA,愛知県,0,,-
6th style,こっちを向いてよ,0,,-,812,AK1*SS,愛知県,1241,KENT,愛知県,1394,BBMART,愛知県,0,,-
7th style,A,0,,-,1306,KI.*,愛知県,2087,M0T7R1,愛知県,2497,KUREI,愛知県,0,,-
7th style,AVE DE RAPINA,0,,-,1302,RYDIA,愛知県,1604,KENT,愛知県,1857,P,愛知県,0,,-
7th style,Bad Routine,0,,-,1042,YUDEX2,愛知県,1412,TIOX2,愛知県,1927,P,愛知県,0,,-
7th style,Burning Heat! (Full Option Mix),0,,-,654,EXAM,愛知県,867,ABQ33S,愛知県,1483,PUPPY*,愛知県,0,,-
7th style,Cheer Train,0,,-,728,HRKWWW,愛知県,1092,ILMINA,愛知県,1740,S.MOCK,愛知県,0,,-
7th style,D2R,0,,-,975,YUDEX2,愛知県,1304,FG,愛知県,1637,ANSA,愛知県,0,,-
7th style,DESTINY,0,,-,1091,YUDEX2,愛知県,1385,YUDEX2,愛知県,1849,YUDEX2,愛知県,0,,-
7th style,foreplay,0,,-,670,ABQ33S,愛知県,1218,ZENI,愛知県,1325,S.MOCK,愛知県,0,,-
7th style,Glorious Days,0,,-,498,TIOX2,愛知県,802,YUDEX2,愛知県,907,AMMKRN,愛知県,0,,-
7th style,Happy Wedding,0,,-,1137,MAMI,愛知県,1601,RAPI-3,愛知県,1845,U3MARU,愛知県,0,,-
7th style,Last Message,0,,-,993,TMR089,愛知県,1313,TIOX2,愛知県,1630,BBMART,愛知県,0,,-
7th style,Let the Snow Paint Me,0,,-,856,A,愛知県,1054,GOWAS,愛知県,1248,RIS.BN,愛知県,0,,-
7th style,Love Me Do,0,,-,1129,TIOX2,愛知県,1650,ILMINA,愛知県,2113,YUDEX2,愛知県,0,,-
7th style,MAX 300,0,,-,1088,BIGMAC,愛知県,1903,MIREI.,愛知県,2802,UMECO,愛知県,0,,-
7th style,Somebody Like You,0,,-,742,YUDEX2,愛知県,1192,TIOX2,愛知県,1852,P,愛知県,0,,-
7th style,Spica,0,,-,643,TIOX2,愛知県,1484,H.S-GX,愛知県,2281,P,愛知県,0,,-
7th style,stoic,0,,-,1669,FG,愛知県,2366,NIBO4,愛知県,2579,U3MARU,愛知県,0,,-
7th style,Tomorrow Perfume,0,,-,1241,TIOX2,愛知県,1894,YUDEX2,愛知県,2160,P,愛知県,0,,-
7th style,traces,0,,-,1507,TIOX2,愛知県,1848,MIHAMA,愛知県,2162,KUREI,愛知県,0,,-
7th style,ZERO-ONE,0,,-,1025,MAMI,愛知県,1626,K.,愛知県,2262,P,愛知県,2891,P,愛知県
7th style,革命,0,,-,714,ABQ33S,愛知県,1902,AMARA*,愛知県,2339,ANSA,愛知県,0,,-
8th style,abstract,0,,-,1223,ABQ33S,愛知県,1605,TIOX2,愛知県,1891,2BOSHI,愛知県,0,,-
8th style,airflow,0,,-,590,YUDEX2,愛知県,798,YUDEX2,愛知県,1437,U3MARU,愛知県,0,,-
8th style,ALL RIGHT,0,,-,874,TIOX2,愛知県,1268,AMMKRN,愛知県,1607,YUDEX2,愛知県,0,,-
8th style,Attitude,0,,-,1042,KI.*,愛知県,1399,TIOX2,愛知県,1756,BBMART,愛知県,0,,-
8th style,bit mania,0,,-,916,*9N2*,愛知県,1282,YUDEX2,愛知県,1864,ANSA,愛知県,0,,-
8th style,Blame,0,,-,1153,AGARI*,愛知県,1537,TIOX2,愛知県,1946,U3MARU,愛知県,0,,-
8th style,CELEBRATE NITE,0,,-,873,AK1*SS,愛知県,1133,ABQ33S,愛知県,1426,U3MARU,愛知県,0,,-
8th style,Colors -Y&Co. Eurobeat Remix-,0,,-,1062,T.K1,愛知県,2049,YUDEX2,愛知県,2198,P,愛知県,0,,-
8th style,dual control,0,,-,766,TMR089,愛知県,1388,KENT,愛知県,1917,P,愛知県,0,,-
8th style,Giudecca,0,,-,930,YUDEX2,愛知県,1939,MO-ZE.,愛知県,2723,P,愛知県,0,,-
8th style,Halfway of promise,0,,-,962,YUDEX2,愛知県,1526,H.S-GX,愛知県,1847,BBMART,愛知県,0,,-
8th style,HYPER BOUNDARY GATE,0,,-,1291,YUDEX2,愛知県,1890,TIOX2,愛知県,2225,P,愛知県,0,,-
8th style,LAB,0,,-,1040,TIOX2,愛知県,2004,H.S-GX,愛知県,2126,U3MARU,愛知県,2735,KUREI,愛知県
8th style,LOVE IS ORANGE,0,,-,778,AK1*SS,愛知県,1022,TIOX2,愛知県,1795,U3MARU,愛知県,2083,KI.*,愛知県
8th style,Luv 2 Feel Your Body,0,,-,866,YUDEX2,愛知県,1032,TIOX2,愛知県,1663,ANSA,愛知県,0,,-
8th style,memories,0,,-,1117,TIOX2,愛知県,2028,ONE621,愛知県,2253,BBMART,愛知県,0,,-
8th style,Monkey Dance,0,,-,794,TMR089,愛知県,1354,ZENI,愛知県,1989,BBMART,愛知県,0,,-
8th style,murmur twins,0,,-,1111,TIOX2,愛知県,1680,ZENI,愛知県,2404,P,愛知県,0,,-
8th style,MUSIC TO YOUR HEAD,0,,-,772,AK1*SS,愛知県,1366,KENT,愛知県,1694,P,愛知県,0,,-
8th style,PLEASE DON'T GO,0,,-,970,TMR089,愛知県,1356,CMD,愛知県,2472,P,愛知県,0,,-
8th style,rainbow flyer,0,,-,824,TIOX2,愛知県,1634,H.S-GX,愛知県,2154,P,愛知県,0,,-
8th style,symbolic,0,,-,1421,TIOX2,愛知県,1837,AGOPYX,愛知県,2252,U3MARU,愛知県,0,,-
8th style,thunder,0,,-,1160,TIOX2,愛知県,1561,FG,愛知県,1904,P,愛知県,0,,-
8th style,WAR GAME,0,,-,970,TIOX2,愛知県,1558,ZENI,愛知県,2152,KUREI,愛知県,0,,-
8th style,World Wide Love,0,,-,693,ELIWOD,愛知県,1028,AXIA,愛知県,1118,RIS.BN,愛知県,0,,-
8th style,xenon,0,,-,1017,TAKARA,愛知県,1672,AGOPYX,愛知県,2753,P,愛知県,0,,-
8th style,桜,0,,-,995,SXI,愛知県,1499,NIBO4,愛知県,2167,BBMART,愛知県,0,,-
8th style,蒼い衝動,0,,-,754,P4*2,愛知県,1348,TIOX2,愛知県,1606,P,愛知県,0,,-
9th style,Abyss -The Heavens Remix-,516,YU-,愛知県,1500,TIOX2,愛知県,1822,TIOX2,愛知県,2372,KUREI,愛知県,0,,-
9th style,ACT,0,,-,1007,AK1*SS,愛知県,1677,XVIDEO,愛知県,1841,OMEGA,愛知県,0,,-
9th style,ADVANCE,0,,-,468,CHINO,愛知県,841,MO-ZE.,愛知県,1614,KUREI,愛知県,0,,-
9th style,ATOMIC AGE,0,,-,368,TMR089,愛知県,622,K.T,愛知県,1334,KUREI,愛知県,0,,-
9th style,BAD BOY BASS!! (dj Remo-con MIX),0,,-,807,HIFUMI,愛知県,1373,TIOX2,愛知県,1813,P,愛知県,0,,-
9th style,bag,0,,-,870,ILMINA,愛知県,1161,K.,愛知県,1922,TOSMEN,愛知県,0,,-
9th style,BRIGHTNESS DARKNESS,0,,-,605,KYO.F,愛知県,1463,YUDEX2,愛知県,1766,U3MARU,愛知県,0,,-
9th style,Cradle,0,,-,865,AK1*SS,愛知県,1423,ALPACA,愛知県,1595,KUREI,愛知県,0,,-
9th style,Distress,0,,-,1243,283,愛知県,1806,S*OMG,愛知県,0,,-,0,,-
9th style,e-motion 2003  -romantic extra-,0,,-,1193,TAHAC,愛知県,1598,TIOX2,愛知県,2000,KUREI,愛知県,0,,-
9th style,fun,0,,-,436,ANPAN,愛知県,1025,NSFTSP,愛知県,1879,P,愛知県,0,,-
9th style,Golden Horn,0,,-,695,AK1*SS,愛知県,1174,AGARI*,愛知県,1511,BBMART,愛知県,0,,-
9th style,HYPER EUROBEAT (2DX style),0,,-,1093,TIOX2,愛知県,1635,ONE621,愛知県,1973,U3MARU,愛知県,0,,-
9th style,I Was The One (80's EUROBEAT STYLE),0,,-,792,YUDEX2,愛知県,1334,ZENI,愛知県,1450,U3MARU,愛知県,0,,-
9th style,Karma,0,,-,1315,TIOX2,愛知県,1666,AGOPYX,愛知県,1804,S.MOCK,愛知県,0,,-
9th style,lights,0,,-,681,AK1*SS,愛知県,1438,ZENI,愛知県,1783,ANSA,愛知県,0,,-
9th style,Logic Board,0,,-,1042,TIOX2,愛知県,1782,YUDEX2,愛知県,2340,KUREI,愛知県,0,,-
9th style,LOVE SHINE,538,TMR089,愛知県,866,YUDEX2,愛知県,1818,AMARA*,愛知県,2086,TOSMEN,愛知県,0,,-
9th style,lower world,0,,-,1352,TIOX2,愛知県,1899,ZENI,愛知県,2271,U3MARU,愛知県,0,,-
9th style,Make A Difference,0,,-,849,TIOX2,愛知県,1542,UNYO,愛知県,2265,U3MARU,愛知県,0,,-
9th style,MARIA (I believe... ),0,,-,724,AGARI*,愛知県,1565,H.S-GX,愛知県,1960,U3MARU,愛知県,0,,-
9th style,moon_child,0,,-,1030,TIOX2,愛知県,1976,NIBO4,愛知県,2570,P,愛知県,0,,-
9th style,one or eight,0,,-,1223,TAMAGO,愛知県,1878,NIBO4,愛知県,2281,UMECO,愛知県,0,,-
9th style,PARANOIA survivor MAX,0,,-,978,TMR089,愛知県,1283,AMMKRN,愛知県,2163,P,愛知県,0,,-
9th style,quasar,0,,-,1152,TIOX2,愛知県,1773,H.S-GX,愛知県,2319,P,愛知県,0,,-
9th style,Quickening,0,,-,917,TIOX2,愛知県,1692,YUDEX2,愛知県,2115,U3MARU,愛知県,0,,-
9th style,Really Love,0,,-,652,TMR089,愛知県,966,2BOSHI,愛知県,1769,P,愛知県,0,,-
9th style,RISLIM -Remix-,0,,-,803,YUDEX2,愛知県,963,TMR089,愛知県,1900,P,愛知県,0,,-
9th style,rottel-the-Mercury,0,,-,999,TIOX2,愛知県,1887,NKK-R,愛知県,2273,ANSA,愛知県,0,,-
9th style,Silvia Drive,0,,-,824,TIOX2,愛知県,1530,TIOX2,愛知県,2090,P,愛知県,0,,-
9th style,SNOW,0,,-,1013,MONO,愛知県,1345,TAKPOP,愛知県,2027,H.S-GX,愛知県,0,,-
9th style,STAR FIELD,0,,-,692,TIOX2,愛知県,1569,TIOX2,愛知県,1889,P,愛知県,0,,-
9th style,Sweet Sweet Magic,0,,-,982,AGARI*,愛知県,1481,TIOX2,愛知県,2059,P,愛知県,0,,-
9th style,SWEETEST SAVAGE,0,,-,666,BBMART,愛知県,1359,ALPACA,愛知県,1832,S.MOCK,愛知県,0,,-
9th style,ライオン好き,0,,-,642,TIOX2,愛知県,1194,YUDEX2,愛知県,1510,YUDEX2,愛知県,0,,-
9th style,真夏の花・真夏の夢,0,,-,836,YUDEX2,愛知県,1137,KENT,愛知県,1493,P,愛知県,0,,-
10th style,1st Samurai,0,,-,1054,AGARI*,愛知県,1889,GOWAS,愛知県,2695,ANSA,愛知県,0,,-
10th style,ALIEN TEMPLE,0,,-,760,NAO,愛知県,1608,TIOX2,愛知県,2040,P,愛知県,0,,-
10th style,ASTRAL VOYAGE,0,,-,895,ANPAN,愛知県,1346,KINAKO,愛知県,1931,ANSA,愛知県,0,,-
10th style,BABY LOVE,0,,-,1126,ANPAN,愛知県,1700,ZENI,愛知県,2150,U3MARU,愛知県,0,,-
10th style,Back Into The Light,0,,-,1047,ETOILE,愛知県,1648,ZENI,愛知県,2171,P,愛知県,0,,-
10th style,Boundary,0,,-,839,ABQ33S,愛知県,1842,KI.*,愛知県,2052,TOSMEN,愛知県,0,,-
10th style,CARRY ON NIGHT (English version),0,,-,1013,TMR089,愛知県,1370,KI.*,愛知県,2072,P,愛知県,0,,-
10th style,Daisuke,460,AGARI*,愛知県,1183,ABQ33S,愛知県,1683,YUDEX2,愛知県,2408,U3MARU,愛知県,0,,-
10th style,Debtty Daddy,0,,-,984,MAYOPI,愛知県,1934,ONE621,愛知県,2728,U3MARU,愛知県,0,,-
10th style,desolation,0,,-,476,AGARI*,愛知県,643,HIDE-Z,愛知県,763,PUPPY*,愛知県,0,,-
10th style,DoLL,336,AKHR01,愛知県,937,AGARI*,愛知県,1219,ZENI,愛知県,1619,TOSMEN,愛知県,0,,-
10th style,EXE,0,,-,698,M.R.R,愛知県,1624,YUDEX2,愛知県,2260,P,愛知県,0,,-
10th style,Feedback,0,,-,1040,TMR089,愛知県,1589,H.S-GX,愛知県,1990,P,愛知県,0,,-
10th style,FEEL IT,0,,-,882,AK1*SS,愛知県,1738,S.MOCK,愛知県,1978,S.MOCK,愛知県,0,,-
10th style,Freezing atmosphere,0,,-,768,AGARI*,愛知県,1149,BBMART,愛知県,1509,TOSMEN,愛知県,0,,-
10th style,GHOST REVIVAL,0,,-,911,TIOX2,愛知県,1999,MO-ZE.,愛知県,2571,ANSA,愛知県,0,,-
10th style,GRADIUS -FULL SPEED-,0,,-,692,ABQ33S,愛知県,1146,REO,愛知県,2137,P,愛知県,0,,-
10th style,HIGH,0,,-,932,TIOX2,愛知県,1932,YUDEX2,愛知県,2159,S.MOCK,愛知県,2880,KUREI,愛知県
10th style,Innocent Walls,0,,-,1601,FG,愛知県,2498,TOSMEN,愛知県,2830,U3MARU,愛知県,0,,-
10th style,Love Is Eternity,0,,-,1207,TIOX2,愛知県,1968,YUDEX2,愛知県,2426,P,愛知県,0,,-
10th style,Lucy,0,,-,970,*9N2*,愛知県,1769,AGOPYX,愛知県,2326,U3MARU,愛知県,0,,-
10th style,Narcissus At Oasis,0,,-,762,CID*,愛知県,1515,TIOX2,愛知県,1661,ANSA,愛知県,0,,-
10th style,No.13,0,,-,1660,NIBO4,愛知県,2632,YUDEX2,愛知県,3157,IKAKIN,愛知県,0,,-
10th style,One More Lovely,0,,-,869,TIOX2,愛知県,1628,NIBO4,愛知県,2859,KUREI,愛知県,0,,-
10th style,pandora,0,,-,892,TIOX2,愛知県,1646,TIOX2,愛知県,1844,ZU,愛知県,0,,-
10th style,rainbow rainbow,0,,-,1542,FG,愛知県,2218,M0T7R1,愛知県,2724,U3MARU,愛知県,0,,-
10th style,Rise'n Beauty,0,,-,1273,TIOX2,愛知県,1609,MO-ZE.,愛知県,2184,P,愛知県,4004,KUREI,愛知県
10th style,SCORE,0,,-,1156,TIOX2,愛知県,1569,TIOX2,愛知県,2098,P,愛知県,0,,-
10th style,SHOOTING STAR,0,,-,1274,TIOX2,愛知県,1665,ONE621,愛知県,2278,KIRISY,愛知県,0,,-
10th style,SPACE FIGHT,0,,-,589,AKHR01,愛知県,1488,TIOX2,愛知県,2258,BBMART,愛知県,0,,-
10th style,システムロマンス,0,,-,900,TIOX2,愛知県,1756,TIOX2,愛知県,2033,ZU,愛知県,0,,-
10th style,雪月花,0,,-,1247,KI.*,愛知県,1875,AROTTE,愛知県,2554,P,愛知県,0,,-
IIDX RED,AA,0,,-,1251,TMR089,愛知県,2683,YUDEX2,愛知県,3644,P,愛知県,0,,-
IIDX RED,AGEHA,592,GT-TIG,愛知県,1062,BBMART,愛知県,1742,NIBO4,愛知県,1877,ZU,愛知県,2459,KUREI,愛知県
IIDX RED,ANDROMEDA,0,,-,971,CROSS,愛知県,1889,FG,愛知県,2887,P,愛知県,0,,-
IIDX RED,awakening,0,,-,1104,YUDEX2,愛知県,1442,TIOX2,愛知県,1721,PUPPY*,愛知県,0,,-
IIDX RED,Be quiet,0,,-,1113,YUDEX2,愛知県,1729,ZENI,愛知県,2221,KUREI,愛知県,2867,P,愛知県
IIDX RED,BLOCKS,0,,-,757,CIEL,愛知県,1346,YUDEX2,愛知県,1996,BBMART,愛知県,0,,-
IIDX RED,BREATH,0,,-,928,KI.*,愛知県,1266,AGARI*,愛知県,1737,U3MARU,愛知県,0,,-
IIDX RED,Click Again,0,,-,766,M.R.R,愛知県,1261,LILIUM,愛知県,2155,PUPPY*,愛知県,0,,-
IIDX RED,Close my Eyes for Me,0,,-,942,AK1*SS,愛知県,1415,ZENI,愛知県,1859,KUREI,愛知県,0,,-
IIDX RED,D.A.N.C.E.!,0,,-,591,YUDEX2,愛知県,791,KENT,愛知県,1628,U3MARU,愛知県,0,,-
IIDX RED,Don't be afraid myself,0,,-,1123,AMMKRN,愛知県,1882,ZENI,愛知県,2299,BBMART,愛知県,0,,-
IIDX RED,earth scape,0,,-,426,AK1*SS,愛知県,1020,AGARI*,愛知県,1284,P,愛知県,0,,-
IIDX RED,FAKE TIME,0,,-,1055,KI.*,愛知県,1725,KZN,愛知県,2371,BBMART,愛知県,0,,-
IIDX RED,Fly Away To India,0,,-,675,AK1*SS,愛知県,1048,ABQ33S,愛知県,1398,T.,愛知県,0,,-
IIDX RED,GENOCIDE,0,,-,1147,KI.*,愛知県,2014,TAQ213,愛知県,2432,P,愛知県,0,,-
IIDX RED,gigadelic,705,AMMKRN,愛知県,1512,PUPPY*,愛知県,2165,TOSMEN,愛知県,2563,P,愛知県,0,,-
IIDX RED,HORIZON,0,,-,1082,KI.*,愛知県,1538,FG,愛知県,1971,U3MARU,愛知県,0,,-
IIDX RED,KEY,0,,-,1127,TIOX2,愛知県,1861,TIOX2,愛知県,2862,ANSA,愛知県,0,,-
IIDX RED,NEBULA GRASPER,0,,-,1371,TIOX2,愛知県,1990,MO-ZE.,愛知県,2480,P,愛知県,0,,-
IIDX RED,Raspberry Heart(English version),0,,-,1052,TIOX2,愛知県,1566,H.S-GX,愛知県,1861,ANSA,愛知県,0,,-
IIDX RED,RED ZONE,171,MAKOTO,愛知県,1114,TIOX2,愛知県,1927,YUDEX2,愛知県,2356,P,愛知県,3098,ANSA,愛知県
IIDX RED,RESONATE 1794,0,,-,921,TIOX2,愛知県,1457,KI.*,愛知県,1896,KUREI,愛知県,0,,-
IIDX RED,Secret of Love,0,,-,1101,YUDEX2,愛知県,1456,TIOX2,愛知県,2032,BBMART,愛知県,0,,-
IIDX RED,SPEEDY CAT,0,,-,1082,T.K1,愛知県,1669,TIOX2,愛知県,2043,U3MARU,愛知県,0,,-
IIDX RED,Sphere,0,,-,1040,AGARI*,愛知県,1922,ONE621,愛知県,2212,U3MARU,愛知県,0,,-
IIDX RED,spiral galaxy,0,,-,857,POPN,愛知県,2089,ZENI,愛知県,2611,P,愛知県,3802,P,愛知県
IIDX RED,The Hope of Tomorrow,0,,-,1023,ABQ33S,愛知県,1682,KI.*,愛知県,1972,P,愛知県,0,,-
IIDX RED,Wonder Bullfighter,0,,-,947,AMMKRN,愛知県,1405,TIOX2,愛知県,2075,BBMART,愛知県,0,,-
IIDX RED,ピアノ協奏曲第１番”蠍火”,0,,-,812,TMR089,愛知県,2123,GOTTA,愛知県,2716,P,愛知県,0,,-
IIDX RED,大桟橋,0,,-,471,ELIWOD,愛知県,1103,AGARI*,愛知県,1854,IKAKIN,愛知県,0,,-
IIDX RED,太陽～T・A・I・Y・O～,0,,-,813,TIOX2,愛知県,1404,H.S-GX,愛知県,1754,U3MARU,愛知県,0,,-
IIDX RED,ＵＬＴｉＭΛＴＥ,0,,-,872,AK1*SS,愛知県,1458,TIOX2,愛知県,2010,P,愛知県,0,,-
HAPPY SKY,100％ minimoo-G,0,,-,913,AK1*SS,愛知県,1684,NIBO4,愛知県,1732,A.K.A.,愛知県,0,,-
HAPPY SKY,Agnus Dei,0,,-,865,MCK2,愛知県,1668,ZENI,愛知県,2098,P,愛知県,0,,-
HAPPY SKY,alla turca con passione,0,,-,772,AK1*SS,愛知県,1598,ALPACA,愛知県,2189,S.MOCK,愛知県,0,,-
HAPPY SKY,Aurora,0,,-,1377,TIOX2,愛知県,2126,M0T7R1,愛知県,2556,P,愛知県,0,,-
HAPPY SKY,CaptivAte～浄化～,0,,-,1005,MAMI,愛知県,1810,TIOX2,愛知県,2479,U3MARU,愛知県,3441,KIRISY,愛知県
HAPPY SKY,Catch Me,0,,-,771,AK1*SS,愛知県,1291,TIOX2,愛知県,1837,P,愛知県,2175,P,愛知県
HAPPY SKY,Don't let it go,0,,-,705,TIOX2,愛知県,1260,H.S-GX,愛知県,1688,ANSA,愛知県,0,,-
HAPPY SKY,double thrash,0,,-,1014,IKAKIN,愛知県,2035,YUDEX2,愛知県,2383,ANSA,愛知県,0,,-
HAPPY SKY,EDEN,0,,-,1249,U*YAMA,愛知県,1896,MIND**,愛知県,2724,KUREI,愛知県,3271,KUREI,愛知県
HAPPY SKY,EMPTY OF THE SKY,0,,-,645,AGARI*,愛知県,1039,AUL.14,愛知県,1679,AMMKRN,愛知県,0,,-
HAPPY SKY,First Resolution,0,,-,785,RYDIA,愛知県,1601,ZENI,愛知県,2145,U3MARU,愛知県,0,,-
HAPPY SKY,garden,0,,-,873,TMR089,愛知県,1490,KENT,愛知県,2168,TOSMEN,愛知県,3134,KUREI,愛知県
HAPPY SKY,Get'em up to R.A.V.E,0,,-,1177,TIOX2,愛知県,1721,H.S-GX,愛知県,2304,P,愛知県,0,,-
HAPPY SKY,GREEN EYES,0,,-,934,ANPAN,愛知県,1571,K.,愛知県,2238,KUREI,愛知県,0,,-
HAPPY SKY,HAPPY☆ANGEL,644,BPM128,愛知県,1101,TMR089,愛知県,1541,YUDEX2,愛知県,2101,P,愛知県,0,,-
HAPPY SKY,I am,0,,-,1093,TIOX2,愛知県,1753,ZENI,愛知県,2166,ANSA,愛知県,0,,-
HAPPY SKY,in motion,0,,-,858,YUDEX2,愛知県,1065,333.,愛知県,1320,P,愛知県,0,,-
HAPPY SKY,INAZUMA,0,,-,1110,T.,愛知県,1824,ZENI,愛知県,2726,P,愛知県,4057,P,愛知県
HAPPY SKY,LESSON 5,0,,-,1281,TMR089,愛知県,1861,YUDEX2,愛知県,2500,U3MARU,愛知県,0,,-
HAPPY SKY,Little Little Princess,0,,-,1091,TIOX2,愛知県,2178,NIBO4,愛知県,2789,U3MARU,愛知県,3839,P,愛知県
HAPPY SKY,Love Magic,0,,-,1007,AGARI*,愛知県,1734,KENT,愛知県,1938,PUPPY*,愛知県,0,,-
HAPPY SKY,mind the gap,0,,-,757,AMMKRN,愛知県,974,REO,愛知県,1642,TOSMEN,愛知県,0,,-
HAPPY SKY,MOON RACE,0,,-,838,TIOX2,愛知県,1105,TIOX2,愛知県,1906,P,愛知県,0,,-
HAPPY SKY,Pink Rose,0,,-,594,TMR089,愛知県,960,TIOX2,愛知県,1413,ANSA,愛知県,2018,ANSA,愛知県
HAPPY SKY,PLASMA,0,,-,951,TIOX2,愛知県,1627,TIOX2,愛知県,2288,P,愛知県,0,,-
HAPPY SKY,Pollinosis,0,,-,787,TIOX2,愛知県,1144,TIOX2,愛知県,2536,KUREI,愛知県,0,,-
HAPPY SKY,POODLE,0,,-,976,TIOX2,愛知県,1910,YUDEX2,愛知県,2308,U3MARU,愛知県,3404,KUREI,愛知県
HAPPY SKY,rage against usual,0,,-,1279,YUZKI.,愛知県,2010,M0T7R1,愛知県,2929,A.K.A.,愛知県,0,,-
HAPPY SKY,SCREAM SQUAD,0,,-,1177,TIOX2,愛知県,1640,M0T7R1,愛知県,2102,P,愛知県,0,,-
HAPPY SKY,Scripted Connection⇒ A mix,0,,-,1659,TIOX2,愛知県,2127,FG,愛知県,3120,P,愛知県,3432,PUPPY*,愛知県
HAPPY SKY,Scripted Connection⇒ H mix,0,,-,1698,TIOX2,愛知県,2047,ZENI,愛知県,2510,KIRISY,愛知県,2909,P,愛知県
HAPPY SKY,Scripted Connection⇒ N mix,0,,-,1316,TIOX2,愛知県,1633,TIOX2,愛知県,2110,ANSA,愛知県,2480,P,愛知県
HAPPY SKY,SigSig,661,ZEKIRA,愛知県,971,KOU,愛知県,1678,TIOX2,愛知県,2611,KUREI,愛知県,0,,-
HAPPY SKY,Tizona d'El Cid,0,,-,967,AMMKRN,愛知県,1911,ONE621,愛知県,2338,U3MARU,愛知県,0,,-
HAPPY SKY,Twelfth Style,0,,-,1238,TIOX2,愛知県,1497,TIOX2,愛知県,2035,U3MARU,愛知県,3294,P,愛知県
HAPPY SKY,Under the Sky,0,,-,902,TMR089,愛知県,1404,TIOX2,愛知県,1747,P,愛知県,0,,-
HAPPY SKY,vault of heaven,0,,-,785,TIOX2,愛知県,1428,AGOPYX,愛知県,2015,U3MARU,愛知県,0,,-
HAPPY SKY,Votum stellarum,0,,-,809,TIOX2,愛知県,1643,ONE621,愛知県,1982,IKAKIN,愛知県,0,,-
HAPPY SKY,We are Disっ娘よっつ打ち命,0,,-,668,TMR089,愛知県,932,ABQ33S,愛知県,1668,YUDEX2,愛知県,0,,-
HAPPY SKY,Xepher,388,ELIWOD,愛知県,1103,AMMKRN,愛知県,2185,YUDEX2,愛知県,3023,P,愛知県,0,,-
HAPPY SKY,オレはビートマニア！お前は何マニア？,0,,-,791,TIOX2,愛知県,1468,ALPACA,愛知県,1730,KUREI,愛知県,0,,-
HAPPY SKY,ヒマワリ,0,,-,559,WISTIA,愛知県,1836,K.,愛知県,2079,BBMART,愛知県,0,,-
HAPPY SKY,ラクエン,0,,-,727,TIOX2,愛知県,898,K.,愛知県,2002,A.K.A.,愛知県,0,,-
HAPPY SKY,冥,604,TMR089,愛知県,1032,ABQ33S,愛知県,2099,AMMKRN,愛知県,3779,P,愛知県,0,,-
HAPPY SKY,合体せよ！ストロングイェーガー！！ (Ryu☆ remix),0,,-,1093,AGARI*,愛知県,1572,NIBO4,愛知県,1938,P,愛知県,0,,-
HAPPY SKY,月光,0,,-,790,VEGA,愛知県,1721,OGRCAP,愛知県,2479,KUREI,愛知県,0,,-
DistorteD,ALFARSHEAR 双神威に廻る夢,444,TMR089,愛知県,1080,TMR089,愛知県,1654,TIOX2,愛知県,2092,KUREI,愛知県,0,,-
DistorteD,Apocalypse ～dirge of swans～,236,AKHR01,愛知県,959,KZN,愛知県,1817,ZU,愛知県,2396,U3MARU,愛知県,0,,-
DistorteD,BALLAD THE FEATHERS,0,,-,720,TIOX2,愛知県,1104,YUDEX2,愛知県,1517,YUDEX2,愛知県,0,,-
DistorteD,Bloody Tears(IIDX EDITION),0,,-,1098,M2001,愛知県,1976,TIOX2,愛知県,2187,KUREI,愛知県,0,,-
DistorteD,BOOM BOOM DISCO NIGHT,0,,-,806,P4*2,愛知県,1836,YUDEX2,愛知県,2291,U3MARU,愛知県,0,,-
DistorteD,Broadbanded,0,,-,847,ANPAN,愛知県,1390,ZENI,愛知県,2029,KUREI,愛知県,0,,-
DistorteD,Concertino in Blue,393,TMR089,愛知県,854,TMR089,愛知県,1660,ZENI,愛知県,2508,BBMART,愛知県,0,,-
DistorteD,CONTRACT,0,,-,1260,NIBO4,愛知県,1635,FG,愛知県,2094,KUREI,愛知県,2757,ANSA,愛知県
DistorteD,D.C.fish,0,,-,905,AKHR01,愛知県,1939,MO-ZE.,愛知県,2352,P,愛知県,0,,-
DistorteD,DEEP ROAR,0,,-,1001,YUDEX2,愛知県,1442,YUDEX2,愛知県,2770,P,愛知県,0,,-
DistorteD,Double Loving Heart,0,,-,582,TMR089,愛知県,1305,ZENI,愛知県,1817,P,愛知県,0,,-
DistorteD,DUE TOMORROW,0,,-,816,LIA,愛知県,1369,YUDEX2,愛知県,2026,CLERNE,愛知県,0,,-
DistorteD,EURO-ROMANCE,0,,-,921,AK1*SS,愛知県,1817,H.S-GX,愛知県,2110,P,愛知県,0,,-
DistorteD,Ganymede,0,,-,999,NAGOON,愛知県,1707,NIBO4,愛知県,2349,KUREI,愛知県,2574,ANSA,愛知県
DistorteD,Harmony and Lovely,0,,-,853,AKHR01,愛知県,1755,MO-ZE.,愛知県,2250,P,愛知県,0,,-
DistorteD,Heavenly Sun (IIDX VERSION),0,,-,793,AK1*SS,愛知県,1565,MUDCAT,愛知県,2115,P,愛知県,0,,-
DistorteD,INFERNO,0,,-,1179,TMR089,愛知県,1565,ALPACA,愛知県,2012,P,愛知県,0,,-
DistorteD,Leaving...,0,,-,735,AK1*SS,愛知県,1369,TIOX2,愛知県,2225,P,愛知県,0,,-
DistorteD,MINT,0,,-,1010,TIOX2,愛知県,1781,NIBO4,愛知県,2311,P,愛知県,0,,-
DistorteD,MOON,0,,-,855,TMR089,愛知県,2051,SYRUP1,愛知県,2229,P,愛知県,0,,-
DistorteD,Power of Love,0,,-,999,TIOX2,愛知県,1566,333.,愛知県,2149,P,愛知県,0,,-
DistorteD,So Fabulous !!,0,,-,1110,YUDEX2,愛知県,1550,YUDEX2,愛知県,2371,U3MARU,愛知県,0,,-
DistorteD,Sun Field,0,,-,495,BB,愛知県,1539,YUDEX2,愛知県,2446,ANSA,愛知県,0,,-
DistorteD,The Dirty of Loudness,0,,-,1446,TIOX2,愛知県,2226,MO-ZE.,愛知県,2638,KUREI,愛知県,0,,-
DistorteD,This is Love,0,,-,935,TIOX2,愛知県,1766,TIOX2,愛知県,2490,P,愛知県,0,,-
DistorteD,tripping contact(teranoid&MC Natsack Remix),0,,-,1271,KI.*,愛知県,1966,NIBO4,愛知県,2493,KUREI,愛知県,0,,-
DistorteD,TYPE MARS(G-Style Mix),0,,-,1051,GT-TIG,愛知県,1873,H.S-GX,愛知県,2432,BBMART,愛知県,0,,-
DistorteD,waxing and wanding,0,,-,1307,TIOX2,愛知県,1966,TAT!KI,愛知県,2902,KUREI,愛知県,3958,ANSA,愛知県
DistorteD,Why did you go away,628,ELIWOD,愛知県,1109,TMR089,愛知県,1770,H.S-GX,愛知県,2326,P,愛知県,0,,-
DistorteD,WISH(EUROBEAT MIX),0,,-,1010,GT-TIG,愛知県,1636,YUDEX2,愛知県,1977,P,愛知県,0,,-
DistorteD,with you…,0,,-,783,TIOX2,愛知県,1112,HIRAHO,愛知県,1781,P,愛知県,0,,-
DistorteD,Zenius -I- vanisher,0,,-,986,YUDEX2,愛知県,1563,TIOX2,愛知県,2407,U3MARU,愛知県,0,,-
DistorteD,カゴノトリ～弐式～,0,,-,1019,GT-TIG,愛知県,1849,YUDEX2,愛知県,2642,P,愛知県,0,,-
DistorteD,タシカナモノ,0,,-,883,RYDIA,愛知県,1418,TIOX2,愛知県,2044,TOSMEN,愛知県,0,,-
DistorteD,嘆きの樹,0,,-,1790,YUDEX2,愛知県,2491,ZU,愛知県,3901,P,愛知県,0,,-
DistorteD,罠,0,,-,556,ELIWOD,愛知県,1522,MIKAN,愛知県,2461,TOSMEN,愛知県,0,,-
DistorteD,華蝶風雪,0,,-,1194,DEAD,愛知県,2085,TIOX2,愛知県,2993,KUREI,愛知県,3997,KUREI,愛知県
DistorteD,虹色,0,,-,935,ABQ33S,愛知県,1547,H.S-GX,愛知県,1864,P,愛知県,0,,-
GOLD,2hot2eat,0,,-,589,TIOX2,愛知県,1186,YUDEX2,愛知県,1678,BBMART,愛知県,0,,-
GOLD,Air Bell,0,,-,960,NSFTSP,愛知県,1334,ZENI,愛知県,1731,YUDEX2,愛知県,0,,-
GOLD,ANDROMEDA II,0,,-,871,NZ-61D,愛知県,1906,NIBO4,愛知県,2504,P,愛知県,0,,-
GOLD,Blind Justice ～Torn souls， Hurt Faiths ～,0,,-,1225,RYDIA,愛知県,1971,KIRISY,愛知県,2485,ANSA,愛知県,0,,-
GOLD,Candy Galy,0,,-,1548,NIBO4,愛知県,2528,AGOPYX,愛知県,3577,P,愛知県,0,,-
GOLD,CaptivAte～裁き～,410,HIRAHO,愛知県,854,FG,愛知県,1274,FG,愛知県,1784,BBMART,愛知県,0,,-
GOLD,CaptivAte～誓い～,0,,-,1289,ABQ33S,愛知県,1979,TIOX2,愛知県,2254,P,愛知県,0,,-
GOLD,CROSSROAD ～Left Story～,0,,-,1135,TMR089,愛知県,1748,MIND**,愛知県,2194,KUREI,愛知県,0,,-
GOLD,Cyber Force,0,,-,1221,AGARI*,愛知県,1900,ONE621,愛知県,2398,U3MARU,愛知県,0,,-
GOLD,Fascination MAXX,0,,-,959,AMMKRN,愛知県,1676,ANSA,愛知県,2529,BBMART,愛知県,0,,-
GOLD,FIRE FIRE,545,ANPO,愛知県,1192,TMR089,愛知県,1773,2530,愛知県,2766,KUREI,愛知県,0,,-
GOLD,four-leaf,0,,-,750,AXIA,愛知県,1170,SAVA,愛知県,1732,P,愛知県,0,,-
GOLD,GOLD RUSH,564,TMR089,愛知県,1182,FG,愛知県,1503,YUDEX2,愛知県,2388,P,愛知県,0,,-
GOLD,GRID KNIGHT,0,,-,610,HIFUMI,愛知県,1958,H.S-GX,愛知県,2653,KUREI,愛知県,3475,ANSA,愛知県
GOLD,heaven above,0,,-,814,TIOX2,愛知県,1325,AGARI*,愛知県,1852,P,愛知県,0,,-
GOLD,High School Love,404,TMR089,愛知県,875,TMR089,愛知県,1491,ABQ33S,愛知県,2211,P,愛知県,0,,-
GOLD,INORI,0,,-,1395,TIOX2,愛知県,2561,FG,愛知県,3204,U3MARU,愛知県,0,,-
GOLD,KAMAITACHI,0,,-,1255,TIOX2,愛知県,1992,FG,愛知県,2733,P,愛知県,3843,QNJALC,愛知県
GOLD,LASER CRUSTER,0,,-,1408,INOWAY,愛知県,2446,TOSMEN,愛知県,3253,P,愛知県,0,,-
GOLD,Love Again...,0,,-,563,ELIWOD,愛知県,797,YUDEX2,愛知県,1075,KIRISY,愛知県,0,,-
GOLD,Make Me Your Own,0,,-,876,TIOX2,愛知県,1590,ONE621,愛知県,2161,BBMART,愛知県,0,,-
GOLD,METALLIC MIND,0,,-,859,AGARI*,愛知県,1420,NIBO4,愛知県,1633,ANSA,愛知県,0,,-
GOLD,never…,0,,-,819,TIOX2,愛知県,1269,HIDE-Z,愛知県,1821,RIS.BN,愛知県,0,,-
GOLD,op.31 叙情,0,,-,636,AMMKRN,愛知県,1380,AMMKRN,愛知県,1646,AMMKRN,愛知県,0,,-
GOLD,PHOTONGENIC,0,,-,1322,AGARI*,愛知県,1965,M0T7R1,愛知県,2315,JDR-OK,愛知県,0,,-
GOLD,Roulette,0,,-,906,TIOX2,愛知県,1437,ZENI,愛知県,2136,P,愛知県,0,,-
GOLD,Second Heaven,216,LUMINE,愛知県,980,TIOX2,愛知県,1544,ZENI,愛知県,2132,KUREI,愛知県,0,,-
GOLD,Sense 2007,0,,-,1535,S*OMG,愛知県,2271,IKAKIN,愛知県,2982,P,愛知県,0,,-
GOLD,smile,0,,-,1473,TIOX2,愛知県,2128,NKK-R,愛知県,2910,ANSA,愛知県,0,,-
GOLD,snow storm,233,AGARI*,愛知県,794,TIOX2,愛知県,2271,FG,愛知県,2815,P,愛知県,3399,KUREI,愛知県
GOLD,the shadow,0,,-,1220,TIOX2,愛知県,2097,NIBO4,愛知県,2908,U3MARU,愛知県,0,,-
GOLD,The Smile of You,0,,-,929,TIOX2,愛知県,1316,YUDEX2,愛知県,1630,YUDEX2,愛知県,0,,-
GOLD,TRANOID,0,,-,817,TMR089,愛知県,1756,TIOX2,愛知県,2258,ANSA,愛知県,3015,CLERNE,愛知県
GOLD,VANESSA,0,,-,1110,NIBO4,愛知県,1855,KUREI,愛知県,2432,PUPPY*,愛知県,3436,P,愛知県
GOLD,Watch out!!,0,,-,713,TIOX2,愛知県,1043,MIND**,愛知県,1656,P,愛知県,0,,-
GOLD,With your Smile,0,,-,732,*9N2*,愛知県,1194,YUDEX2,愛知県,1576,P,愛知県,0,,-
GOLD,クルクル☆ラブ～Opioid Peptide MIX～,416,AKHR01,愛知県,919,T.K1,愛知県,1461,MO-ZE.,愛知県,2260,ANSA,愛知県,0,,-
GOLD,ヨシダさん,0,,-,767,KYO.F,愛知県,1444,TIOX2,愛知県,1972,YUDEX2,愛知県,0,,-
GOLD,リグレット,0,,-,1315,TMR089,愛知県,1746,ZENI,愛知県,2442,P,愛知県,0,,-
GOLD,星をこの手に,0,,-,1206,TIOX2,愛知県,1805,89-CHU,愛知県,2192,P,愛知県,0,,-
GOLD,花吹雪 ～ IIDX LIMITED ～,0,,-,734,*9N2*,愛知県,1134,ZENI,愛知県,1427,ANSA,愛知県,0,,-
GOLD,零 - ZERO -,220,AGARI*,愛知県,1123,AK1*SS,愛知県,1794,ZENI,愛知県,2304,IKAKIN,愛知県,2753,KUREI,愛知県
GOLD,電人、暁に斃れる。,634,ELIWOD,愛知県,1517,TIOX2,愛知県,2424,NIBO4,愛知県,3428,P,愛知県,0,,-
DJ TROOPERS,2 tribe 4 K,0,,-,795,VEGA,愛知県,1346,YUDEX2,愛知県,2790,P,愛知県,0,,-
DJ TROOPERS,"Anisakis -somatic mutation type""Forza""-",0,,-,1244,TMR089,愛知県,2100,M0T7R1,愛知県,2878,KUREI,愛知県,3830,KUREI,愛知県
DJ TROOPERS,avant-guerre,0,,-,761,KI.*,愛知県,1336,MIND**,愛知県,1940,KUREI,愛知県,0,,-
DJ TROOPERS,Be OK,0,,-,818,NZ-61D,愛知県,1775,YUDEX2,愛知県,2418,U3MARU,愛知県,3344,P,愛知県
DJ TROOPERS,beatonic nation,0,,-,1122,NZ-61D,愛知県,1828,AGARI*,愛知県,2146,??NPNP,愛知県,0,,-
DJ TROOPERS,Blue Rain,331,AKHR01,愛知県,955,ILMINA,愛知県,1574,AROTTE,愛知県,2290,KUREI,愛知県,3359,A.K.A.,愛知県
DJ TROOPERS,Darling my LUV,0,,-,698,TIOX2,愛知県,999,NIBO4,愛知県,1383,IKAKIN,愛知県,0,,-
DJ TROOPERS,Dazzlin' Darlin,332,GOMA,愛知県,910,*9N2*,愛知県,1404,YUDEX2,愛知県,2230,YUDEX2,愛知県,0,,-
DJ TROOPERS,Digitank System,0,,-,920,TMR089,愛知県,1590,MIND**,愛知県,2143,S.MOCK,愛知県,0,,-
DJ TROOPERS,Do it!! Do it!!,0,,-,996,ONE621,愛知県,1560,NIBO4,愛知県,1953,BBMART,愛知県,2470,A.K.A.,愛知県
DJ TROOPERS,end of world,0,,-,981,ABQ33S,愛知県,1827,ZENI,愛知県,2527,P,愛知県,0,,-
DJ TROOPERS,evergreen,0,,-,999,OFIRIA,愛知県,1387,IKAKIN,愛知県,1986,P,愛知県,0,,-
DJ TROOPERS,four pieces of heaven,0,,-,867,LUMI27,愛知県,1817,M0T7R1,愛知県,2336,ANSA,愛知県,2967,P,愛知県
DJ TROOPERS,Freeway Shuffle,331,AKHR01,愛知県,738,NZ-61D,愛知県,1242,NIBO4,愛知県,1890,U3MARU,愛知県,0,,-
DJ TROOPERS,ICARUS,0,,-,1341,YUDEX2,愛知県,1988,TIOX2,愛知県,2463,PUPPY*,愛知県,3690,PUPPY*,愛知県
DJ TROOPERS,in the Sky,0,,-,1353,ABQ33S,愛知県,2074,ZENI,愛知県,2555,KUREI,愛知県,0,,-
DJ TROOPERS,Kick Out 仮面,0,,-,1188,TIOX2,愛知県,1565,AGARI*,愛知県,2040,P,愛知県,0,,-
DJ TROOPERS,LOVELY STORM,0,,-,1343,KI.*,愛知県,2109,NKK-R,愛知県,2807,RIS.BN,愛知県,0,,-
DJ TROOPERS,madrugada,0,,-,640,NZ-61D,愛知県,1192,HIRAHO,愛知県,1883,P,愛知県,0,,-
DJ TROOPERS,MAX LOVE,0,,-,1432,TIOX2,愛知県,2155,TIOX2,愛知県,2692,P,愛知県,0,,-
DJ TROOPERS,MENDES,0,,-,1119,TIOX2,愛知県,2623,A.K.A.,愛知県,3579,KUREI,愛知県,0,,-
DJ TROOPERS,MENTAL MELTDOWN,0,,-,1179,TIOX2,愛知県,2238,ZENI,愛知県,2857,P,愛知県,0,,-
DJ TROOPERS,NEW GENERATION -もう、お前しか見えない-,0,,-,1056,FG,愛知県,1996,YUDEX2,愛知県,2610,MIREI.,愛知県,3650,PUPPY*,愛知県
DJ TROOPERS,oratio,0,,-,1383,Q.,愛知県,2014,TIOX2,愛知県,2953,KUREI,愛知県,0,,-
DJ TROOPERS,PARANOiA ～HADES～,0,,-,1062,8WARE,愛知県,1845,ANSA,愛知県,2735,BBMART,愛知県,0,,-
DJ TROOPERS,PROMISE FOR LIFE,0,,-,605,A,愛知県,1495,TMR089,愛知県,1750,RIS.BN,愛知県,0,,-
DJ TROOPERS,REMINISCENCE,0,,-,1274,TIOX2,愛知県,1842,AMMKRN,愛知県,2361,P,愛知県,0,,-
DJ TROOPERS,Rising in the Sun(original mix),0,,-,930,TIOX2,愛知県,1661,H.S-GX,愛知県,2388,KUREI,愛知県,0,,-
DJ TROOPERS,Ristaccia,0,,-,1205,TIOX2,愛知県,1833,M3,愛知県,2758,KUREI,愛知県,0,,-
DJ TROOPERS,"satellite020712 from ""CODED ARMS""",0,,-,1315,TIOX2,愛知県,1882,NIBO4,愛知県,2562,P,愛知県,0,,-
DJ TROOPERS,satfinal,0,,-,1075,TIOX2,愛知県,1416,TIOX2,愛知県,1922,BBMART,愛知県,0,,-
DJ TROOPERS,scar in the earth,0,,-,658,TIOX2,愛知県,1097,TIOX2,愛知県,1527,U3MARU,愛知県,0,,-
DJ TROOPERS,SOUND OF GIALLARHORN,510,TIOX2,愛知県,1366,TIOX2,愛知県,2702,FG,愛知県,3319,KUREI,愛知県,0,,-
DJ TROOPERS,State Of The Art,0,,-,1042,AK1*SS,愛知県,1536,H.S-GX,愛知県,3137,P,愛知県,0,,-
DJ TROOPERS,STEEL NEEDLE,0,,-,1108,TIOX2,愛知県,2145,FG,愛知県,2505,BBMART,愛知県,3335,P,愛知県
DJ TROOPERS,switch,0,,-,813,YUDEX2,愛知県,1553,ZENI,愛知県,2109,ANSA,愛知県,0,,-
DJ TROOPERS,THE DEEP STRIKER,544,TMR089,愛知県,1078,TIOX2,愛知県,2197,ZENI,愛知県,3041,KUREI,愛知県,3523,UMECO,愛知県
DJ TROOPERS,the trigger of innocence,0,,-,902,AMMKRN,愛知県,1184,YUDEX2,愛知県,1848,TOSMEN,愛知県,3115,P,愛知県
DJ TROOPERS,Time to Air,0,,-,1267,TIOX2,愛知県,2082,TIOX2,愛知県,2906,KUREI,愛知県,3703,P,愛知県
DJ TROOPERS,TRIP MACHINE PhoeniX,0,,-,688,TIOX2,愛知県,1552,OGRCAP,愛知県,1819,TOSMEN,愛知県,0,,-
DJ TROOPERS,TROOPERS,0,,-,1238,TIOX2,愛知県,2359,ZENI,愛知県,2959,KUREI,愛知県,0,,-
DJ TROOPERS,Ubertreffen,0,,-,1104,YUDEX2,愛知県,1984,ZENI,愛知県,2552,KUREI,愛知県,3267,JDR-OK,愛知県
DJ TROOPERS,Wanna Party?,0,,-,767,TMR089,愛知県,1169,TIOX2,愛知県,1522,JDR-OK,愛知県,2599,KUREI,愛知県
DJ TROOPERS,エコ爺,338,GOMA,愛知県,836,TIOX2,愛知県,1341,AROTTE,愛知県,1838,TOSMEN,愛知県,0,,-
DJ TROOPERS,マチ子の唄,0,,-,829,TIOX2,愛知県,1281,K.,愛知県,1797,TOSMEN,愛知県,0,,-
DJ TROOPERS,ミラージュ・レジデンス,0,,-,1131,TMR089,愛知県,2115,NIBO4,愛知県,2684,P,愛知県,3300,KUREI,愛知県
DJ TROOPERS,少年A,0,,-,1195,KARIN,愛知県,2178,ZENI,愛知県,2841,PUPPY*,愛知県,0,,-
DJ TROOPERS,華爛漫 -Flowers-,335,AGARI*,愛知県,1004,TMR089,愛知県,1587,AGOPYX,愛知県,2056,P,愛知県,3184,P,愛知県
DJ TROOPERS,走馬灯 -The Last Song-,0,,-,495,NSFTSP,愛知県,915,TIOX2,愛知県,1344,RIS.BN,愛知県,0,,-
DJ TROOPERS,高高度降下低高度開傘,0,,-,924,KI.*,愛知県,1484,GOWAS,愛知県,2006,P,愛知県,0,,-
EMPRESS,3y3s,560,TMR089,愛知県,1513,KI.*,愛知県,2535,S.MOCK,愛知県,3633,JDR-OK,愛知県,0,,-
EMPRESS,ALL I NEED YOUR LOVE,0,,-,1107,ZENI,愛知県,1682,ZENI,愛知県,2154,P,愛知県,0,,-
EMPRESS,ALL MY TURN -このターンに、オレの全てを賭ける-,0,,-,996,MAMI,愛知県,1900,ZENI,愛知県,2556,!DONKY,愛知県,0,,-
EMPRESS,Arabian Rave Night,0,,-,1201,AK1*SS,愛知県,2244,M0T7R1,愛知県,2952,ANSA,愛知県,3667,S.MOCK,愛知県
EMPRESS,B4U(BEMANI FOR YOU MIX),0,,-,1216,YUDEX2,愛知県,2350,NIBO4,愛知県,3605,KUREI,愛知県,4599,KUREI,愛知県
EMPRESS,Bahram Attack-猫叉Master Remix-,0,,-,1056,NIBO4,愛知県,1974,YUDEX2,愛知県,2626,P,愛知県,3275,P,愛知県
EMPRESS,BITTER CHOCOLATE STRIKER,0,,-,1029,AK1*SS,愛知県,2182,ZENI,愛知県,3952,P,愛知県,0,,-
EMPRESS,BRIDAL FESTIVAL !!!,0,,-,981,YUDEX2,愛知県,1505,NIBO4,愛知県,2129,TOSMEN,愛知県,0,,-
EMPRESS,CaptivAte2～覚醒～,245,AGARI*,愛知県,1019,MAMI,愛知県,1745,NIBO4,愛知県,2427,KUREI,愛知県,0,,-
EMPRESS,Colorful Cookie,605,ELIWOD,愛知県,1140,YUDEX2,愛知県,2266,YUDEX2,愛知県,3519,P,愛知県,0,,-
EMPRESS,Cyber Force -DJ Yoshitaka Remix-,0,,-,1003,MAMI,愛知県,1860,YUDEX2,愛知県,2549,P,愛知県,0,,-
EMPRESS,Flash Back 90's,0,,-,894,NANA*7,愛知県,1872,YUDEX2,愛知県,2345,U3MARU,愛知県,2918,KUREI,愛知県
EMPRESS,Fly Above,0,,-,962,YUDEX2,愛知県,1625,YUDEX2,愛知県,2031,U3MARU,愛知県,0,,-
EMPRESS,Go Beyond!!,529,YAMA3,愛知県,1029,REO,愛知県,1735,NIBO4,愛知県,2206,A.K.A.,愛知県,0,,-
EMPRESS,HYPERION,0,,-,1074,AK1*SS,愛知県,1945,AQUI-R,愛知県,2763,P,愛知県,0,,-
EMPRESS,I'm Screaming LOVE,0,,-,616,YUDEX2,愛知県,1326,TMR089,愛知県,1701,YUDEX2,愛知県,0,,-
EMPRESS,Jack,0,,-,915,TIOX2,愛知県,1397,NIBO4,愛知県,2163,KIRISY,愛知県,0,,-
EMPRESS,Just a Little Smile,0,,-,763,AKHR01,愛知県,1337,KZN,愛知県,2526,P,愛知県,0,,-
EMPRESS,Kung-fu Empire,0,,-,1499,TIOX2,愛知県,2540,M0T7R1,愛知県,3293,KUREI,愛知県,3939,ANSA,愛知県
EMPRESS,Marie Antoinette,0,,-,1086,TIOX2,愛知県,1974,M0T7R1,愛知県,2595,ANSA,愛知県,3190,TOSMEN,愛知県
EMPRESS,Mind Mapping,495,GOMA,愛知県,822,AK1*SS,愛知県,1218,Y.,愛知県,1840,KUREI,愛知県,2265,P,愛知県
EMPRESS,Monkey Dance '09,0,,-,809,NZ-61D,愛知県,1781,YUDEX2,愛知県,2263,U3MARU,愛知県,0,,-
EMPRESS,naughty girl@Queen's Palace,0,,-,858,TIOX2,愛知県,1693,*9N2*,愛知県,2148,PUPPY*,愛知県,2723,P,愛知県
EMPRESS,neogenesis,0,,-,971,AK1*SS,愛知県,1334,TIOX2,愛知県,1722,U3MARU,愛知県,2341,KUREI,愛知県
EMPRESS,NΦ CRIME,285,AGARI*,愛知県,798,AK1*SS,愛知県,1467,YUDEX2,愛知県,1899,JDR-OK,愛知県,2419,P,愛知県
EMPRESS,Programmed World,0,,-,939,TIOX2,愛知県,1775,ZENI,愛知県,2318,P,愛知県,0,,-
EMPRESS,Punch Love 仮面,0,,-,1116,TIOX2,愛知県,1740,YUDEX2,愛知県,2531,ANSA,愛知県,3256,KUREI,愛知県
EMPRESS,Queen's Tragedy,0,,-,847,ABQ33S,愛知県,1680,TIOX2,愛知県,2263,P,愛知県,0,,-
EMPRESS,Secrets,0,,-,1260,TMR089,愛知県,2430,NIBO4,愛知県,3174,P,愛知県,4169,P,愛知県
EMPRESS,smooooch・∀・,398,TMR089,愛知県,833,TMR089,愛知県,1630,ZENI,愛知県,2154,KUREI,愛知県,2840,ANSA,愛知県
EMPRESS,SOLITON BEAM,0,,-,1440,TIOX2,愛知県,2077,YUDEX2,愛知県,2369,P,愛知県,0,,-
EMPRESS,THANK YOU FOR PLAYING,0,,-,815,HIDE-Z,愛知県,1660,NIBO4,愛知県,2149,IKAKIN,愛知県,3011,ANSA,愛知県
EMPRESS,THE SHINING POLARIS(kors k mix),0,,-,1284,TIOX2,愛知県,2082,ZENI,愛知県,3272,P,愛知県,0,,-
EMPRESS,thunder HOUSE NATION Remix,0,,-,1077,YUDEX2,愛知県,1664,YUDEX2,愛知県,2482,KUREI,愛知県,3902,KUREI,愛知県
EMPRESS,Turii ～Panta rhei～,362,ZEKIRA,愛知県,888,RYOSU*,愛知県,2075,KI.*,愛知県,2687,P,愛知県,0,,-
EMPRESS,V2,800,YUDEX2,愛知県,1498,YUDEX2,愛知県,3126,ZENI,愛知県,3593,KUREI,愛知県,0,,-
EMPRESS,Y&Co. is dead or alive,0,,-,1030,REO,愛知県,1703,ALPACA,愛知県,2815,PUPPY*,愛知県,0,,-
EMPRESS,"You'll say ""Now!""",0,,-,1209,TMR089,愛知県,1865,ZENI,愛知県,2523,ANSA,愛知県,0,,-
EMPRESS,まほろば,0,,-,796,*9N2*,愛知県,1448,ZENI,愛知県,2062,P,愛知県,0,,-
EMPRESS,ハリツヤランデヴー,0,,-,964,YUDEX2,愛知県,2096,ALPACA,愛知県,2488,KUREI,愛知県,0,,-
EMPRESS,ミッドナイト堕天使,0,,-,915,ANPAN,愛知県,1588,TIOX2,愛知県,2795,P,愛知県,0,,-
EMPRESS,不沈艦CANDY,595,ELIWOD,愛知県,1141,ABQ33S,愛知県,1989,TOSMEN,愛知県,3343,P,愛知県,0,,-
EMPRESS,凛として咲く花の如く,396,TMR089,愛知県,1325,TOSMEN,愛知県,2138,RIS.BN,愛知県,2794,KUREI,愛知県,3188,P,愛知県
EMPRESS,卑弥呼,0,,-,1168,AK1*SS,愛知県,2770,PUPPY*,愛知県,4056,P,愛知県,0,,-
EMPRESS,天空脳番長危機十六連打,0,,-,998,ABQ33S,愛知県,2131,FG,愛知県,2630,P,愛知県,0,,-
EMPRESS,山岡晃の「クイズ！家事都合！」,0,,-,677,YUDEX2,愛知県,1390,KI.*,愛知県,2067,P,愛知県,0,,-
EMPRESS,翼,0,,-,902,TIOX2,愛知県,1526,YUDEX2,愛知県,1973,U3MARU,愛知県,2513,KUREI,愛知県
EMPRESS,鉄甲乙女-under the steel-,0,,-,939,TIOX2,愛知県,1641,ZENI,愛知県,2184,YUDEX2,愛知県,0,,-
SIRIUS,AIR RAID FROM THA UNDAGROUND,499,MAKOTO,愛知県,1175,YUDEX2,愛知県,1823,FG,愛知県,2320,S1R0,愛知県,3002,KUREI,愛知県
SIRIUS,Almagest,0,,-,1024,NIBO4,愛知県,2202,IKAKIN,愛知県,3151,P,愛知県,0,,-
SIRIUS,Bad Maniacs,0,,-,1299,TIOX2,愛知県,1861,MIREI.,愛知県,3265,KUREI,愛知県,0,,-
SIRIUS,bass 2 bass,278,LUMINE,愛知県,727,YUDEX2,愛知県,1276,YUDEX2,愛知県,1912,BBMART,愛知県,0,,-
SIRIUS,beatchic☆仮面～好き、でいさせて～,0,,-,1011,YUDEX2,愛知県,1636,MO-ZE.,愛知県,2010,??NPNP,愛知県,0,,-
SIRIUS,BEAUTIFUL ANGEL,0,,-,613,NSFTSP,愛知県,1811,H.S-GX,愛知県,2502,P,愛知県,0,,-
SIRIUS,being torn the sky,0,,-,654,AK1*SS,愛知県,1199,TIOX2,愛知県,1991,KUREI,愛知県,0,,-
SIRIUS,bloomin' feeling,394,AGARI*,愛知県,1273,NIBO4,愛知県,1949,ZENI,愛知県,2620,KUREI,愛知県,0,,-
SIRIUS,CaptivAte～裁き～(SUBLIME TECHNO MIX),0,,-,1003,ABQ33S,愛知県,1600,MO-ZE.,愛知県,2422,YUDEX2,愛知県,0,,-
SIRIUS,D,0,,-,1398,SAVA,愛知県,1900,NIBO4,愛知県,2573,ANSA,愛知県,0,,-
SIRIUS,DAWN -THE NEXT ENDEAVOUR-,0,,-,1656,YUDEX2,愛知県,2707,YUDEX2,愛知県,3135,ANSA,愛知県,0,,-
SIRIUS,Dazzlin' Darlin-秋葉工房mix-,0,,-,776,EXAM,愛知県,1515,ZENI,愛知県,2103,U3MARU,愛知県,0,,-
SIRIUS,DESIRE,0,,-,930,NIBO4,愛知県,1973,YUDEX2,愛知県,2878,P,愛知県,0,,-
SIRIUS,Do Back Burn,0,,-,711,TMR089,愛知県,1392,OGRCAP,愛知県,2145,P,愛知県,0,,-
SIRIUS,DOMINION,0,,-,1238,NIBO4,愛知県,2337,ZENI,愛知県,3221,KUREI,愛知県,0,,-
SIRIUS,DROP,0,,-,776,AKHR01,愛知県,2096,ONE621,愛知県,2657,P,愛知県,0,,-
SIRIUS,Elisha,430,AMMKRN,愛知県,907,KZN,愛知県,1488,ZENI,愛知県,2283,KUREI,愛知県,0,,-
SIRIUS,Empire State Glory,0,,-,1115,NIBO4,愛知県,1802,AGOPYX,愛知県,2651,P,愛知県,0,,-
SIRIUS,eRAseRmOToRpHAntOM,0,,-,1560,YUDEX2,愛知県,2556,NIBO4,愛知県,3321,KUREI,愛知県,0,,-
SIRIUS,Evans,604,YUDEX2,愛知県,1256,YUDEX2,愛知県,2201,TOSMEN,愛知県,2812,ANSA,愛知県,0,,-
SIRIUS,EXUSIA,0,,-,1214,FG,愛知県,2738,OMEGA,愛知県,3833,UMECO,愛知県,0,,-
SIRIUS,G59,0,,-,1760,NIBO4,愛知県,2309,M0T7R1,愛知県,3912,JDR-OK,愛知県,0,,-
SIRIUS,GALGALIM,0,,-,1418,NIBO4,愛知県,1998,FG,愛知県,2410,P,愛知県,0,,-
SIRIUS,GOLDEN CROSS,0,,-,1100,TIOX2,愛知県,2109,YUDEX2,愛知県,3513,P,愛知県,0,,-
SIRIUS,Hydrogen Blueback,0,,-,1028,NIBO4,愛知県,1684,H.S-GX,愛知県,2330,U3MARU,愛知県,2460,P,愛知県
SIRIUS,IN THE NAME OF LOVE,531,ELIWOD,愛知県,704,AXIA,愛知県,1382,YUDEX2,愛知県,1942,P,愛知県,0,,-
SIRIUS,Keep it-秋葉工房mix-,0,,-,1031,TMR089,愛知県,1677,ZENI,愛知県,1860,OMEGA,愛知県,0,,-
SIRIUS,Last Burning,0,,-,884,TMR089,愛知県,1626,NIBO4,愛知県,2386,P,愛知県,0,,-
SIRIUS,Light Shine,0,,-,813,TIOX2,愛知県,1151,YUDEX2,愛知県,1968,BBMART,愛知県,0,,-
SIRIUS,MIRACLE MEETS,0,,-,943,TIOX2,愛知県,1569,ONE621,愛知県,2243,KUREI,愛知県,0,,-
SIRIUS,mosaic,0,,-,1485,NIBO4,愛知県,2055,TIOX2,愛知県,3013,KUREI,愛知県,0,,-
SIRIUS,NEW SENSATION -もう、あなたしか見えない-,0,,-,1264,NIBO4,愛知県,2055,YUDEX2,愛知県,2678,U3MARU,愛知県,0,,-
SIRIUS,NoN-Fiction Story!,0,,-,719,YUDEX2,愛知県,1392,YUDEX2,愛知県,2218,ANSA,愛知県,0,,-
SIRIUS,Programmed Sun,0,,-,1098,TIOX2,愛知県,1790,MIHAMA,愛知県,2606,P,愛知県,0,,-
SIRIUS,quell～the seventh slave～,0,,-,967,YUDEX2,愛知県,1834,TOSMEN,愛知県,3196,KUREI,愛知県,0,,-
SIRIUS,Raison d'etre～交差する宿命～,0,,-,1219,KI.*,愛知県,2300,ZENI,愛知県,2730,S.MOCK,愛知県,4718,A.K.A.,愛知県
SIRIUS,Red. by Full Metal Jacket,0,,-,1027,TMR089,愛知県,2070,H.S-GX,愛知県,3219,P,愛知県,0,,-
SIRIUS,Roots of my way!,0,,-,888,TMR089,愛知県,1342,KI.*,愛知県,2043,U3MARU,愛知県,0,,-
SIRIUS,Session 1 -Genesis-,0,,-,925,TIOX2,愛知県,1618,NIBO4,愛知県,2457,JDR-OK,愛知県,0,,-
SIRIUS,She is my wife,394,AKHR01,愛知県,655,AK1*SS,愛知県,1499,ONE621,愛知県,1965,UMECO,愛知県,0,,-
SIRIUS,SOLID STATE SQUAD,0,,-,979,T.K1,愛知県,2269,MO-ZE.,愛知県,3582,ANSA,愛知県,3671,P,愛知県
SIRIUS,Sorrows,0,,-,806,SYRUP1,愛知県,1674,RAPI-3,愛知県,2481,KUREI,愛知県,0,,-
SIRIUS,Special One,0,,-,821,ILMINA,愛知県,1188,NIBO4,愛知県,1789,P,愛知県,0,,-
SIRIUS,THE LAST STRIKER,0,,-,1413,TIOX2,愛知県,1916,TIOX2,愛知県,2650,KUREI,愛知県,0,,-
SIRIUS,The Story Begins,0,,-,844,TIOX2,愛知県,1788,TIOX2,愛知県,2427,ANSA,愛知県,0,,-
SIRIUS,かずあそび,0,,-,517,AK1*SS,愛知県,1183,NIBO4,愛知県,1697,BBMART,愛知県,0,,-
SIRIUS,たからもの,0,,-,1269,AGARI*,愛知県,1869,NIBO4,愛知県,2245,KUREI,愛知県,3569,KUREI,愛知県
SIRIUS,コスモス,0,,-,898,NIBO4,愛知県,1523,YUDEX2,愛知県,2097,P,愛知県,0,,-
SIRIUS,サヨナラ・ヘヴン,371,AGARI*,愛知県,915,TIOX2,愛知県,1351,REI*2,愛知県,1694,KUREI,愛知県,2196,KUREI,愛知県
SIRIUS,バビロニア,0,,-,837,KI.*,愛知県,1381,TIOX2,愛知県,1861,S.MOCK,愛知県,0,,-
SIRIUS,ワルツ第17番 ト短調”大犬のワルツ”,0,,-,1221,TMR089,愛知県,2295,KUREI,愛知県,3295,P,愛知県,0,,-
SIRIUS,未来のプリズム,0,,-,687,TIOX2,愛知県,1371,TIOX2,愛知県,1780,BBMART,愛知県,0,,-
SIRIUS,"水上の提督(Short mix from ""幻想水滸伝V"")",0,,-,696,TIOX2,愛知県,1567,K.,愛知県,2132,P,愛知県,0,,-
Resort Anthem,Aegis,0,,-,834,RYDIA,愛知県,1343,ONE621,愛知県,2372,KUREI,愛知県,0,,-
Resort Anthem,ALBIDA,503,ZEKIRA,愛知県,1074,Q.,愛知県,1958,FG,愛知県,3023,ANSA,愛知県,0,,-
Resort Anthem,Answer,0,,-,754,P4*2,愛知県,1484,TIOX2,愛知県,2445,P,愛知県,0,,-
Resort Anthem,ANTHEM LANDING,0,,-,972,YUDEX2,愛知県,1952,KI.*,愛知県,2964,P,愛知県,0,,-
Resort Anthem,Believe In Me,0,,-,1028,AK1*SS,愛知県,1885,ZENI,愛知県,2381,KIRISY,愛知県,0,,-
Resort Anthem,BLUST OF WIND,0,,-,678,IIDX33,愛知県,1544,333.,愛知県,2143,KUREI,愛知県,2651,P,愛知県
Resort Anthem,Bounce Bounce Bounce,0,,-,1058,AK1*SS,愛知県,1714,H.S-GX,愛知県,2512,P,愛知県,0,,-
Resort Anthem,Breaking the ground,0,,-,1186,YUDEX2,愛知県,1795,YUDEX2,愛知県,2535,KUREI,愛知県,0,,-
Resort Anthem,Broken,0,,-,1086,YUDEX2,愛知県,2057,YUDEX2,愛知県,3185,P,愛知県,0,,-
Resort Anthem,BROKEN EDEN,0,,-,973,M.R.R,愛知県,1785,ONE621,愛知県,2353,P,愛知県,0,,-
Resort Anthem,Dances with Snow Fairies,0,,-,1409,FG,愛知県,2247,NIBO4,愛知県,3100,PUPPY*,愛知県,4065,P,愛知県
Resort Anthem,DAYDREAMER,0,,-,1169,AK1*SS,愛知県,1770,YUDEX2,愛知県,2528,U3MARU,愛知県,0,,-
Resort Anthem,Destiny Sword,0,,-,875,SYRUP1,愛知県,1794,NIBO4,愛知県,2418,P,愛知県,0,,-
Resort Anthem,DM STAR～関西 energy style～,0,,-,1061,AK1*SS,愛知県,1935,YUDEX2,愛知県,2407,P,愛知県,0,,-
Resort Anthem,Energy Drive,0,,-,835,INSA2T,愛知県,1486,H.S-GX,愛知県,2235,P,愛知県,0,,-
Resort Anthem,Eternal Tears,0,,-,436,AGARI*,愛知県,1097,TMR089,愛知県,1377,RIS.BN,愛知県,0,,-
Resort Anthem,Everlasting Resort,0,,-,725,ISAHA,愛知県,1308,NIBO4,愛知県,1915,KUREI,愛知県,0,,-
Resort Anthem,Fantasia,236,AGARI*,愛知県,401,AGARI*,愛知県,1550,MO-ZE.,愛知県,2244,KUREI,愛知県,0,,-
Resort Anthem,Golden Palms,0,,-,749,TMR089,愛知県,1463,H.S-GX,愛知県,2054,ANSA,愛知県,2451,P,愛知県
Resort Anthem,I FIGHT ME,0,,-,619,AK1*SS,愛知県,1384,H9A3R*,愛知県,2130,ANSA,愛知県,0,,-
Resort Anthem,Kailua,0,,-,529,PUTTYO,愛知県,1354,REI*2,愛知県,2224,P,愛知県,0,,-
Resort Anthem,Let The Track Flow,0,,-,1115,TIOX2,愛知県,1866,ZENI,愛知県,2644,CLERNE,愛知県,0,,-
Resort Anthem,Medicine of love,0,,-,641,AK1*SS,愛知県,1113,YUDEX2,愛知県,1732,TOSMEN,愛知県,2538,ANSA,愛知県
Resort Anthem,Mermaid girl,543,YU-,愛知県,984,TIOX2,愛知県,1685,TIOX2,愛知県,2225,KUREI,愛知県,0,,-
Resort Anthem,Never Fade Away,0,,-,774,TIOX2,愛知県,1734,TIOX2,愛知県,3053,ANSA,愛知県,0,,-
Resort Anthem,New Castle Legions,0,,-,984,TIOX2,愛知県,1933,TIOX2,愛知県,2746,A.K.A.,愛知県,0,,-
Resort Anthem,PARADISE LOST,0,,-,1434,KI.*,愛知県,2298,IKAKIN,愛知県,3331,UMECO,愛知県,0,,-
Resort Anthem,passionate fate,0,,-,1159,TIOX2,愛知県,1630,H.S-GX,愛知県,2142,KUREI,愛知県,0,,-
Resort Anthem,perditus†paradisus,0,,-,1280,FG,愛知県,2558,ANSA,愛知県,3929,P,愛知県,0,,-
Resort Anthem,Programmed Life,0,,-,1106,TIOX2,愛知県,1757,MO-ZE.,愛知県,2365,PUPPY*,愛知県,0,,-
Resort Anthem,reunion,555,YUDEX2,愛知県,1402,YUDEX2,愛知県,2419,KIRISY,愛知県,3258,P,愛知県,0,,-
Resort Anthem,Rock Da House,0,,-,898,TIOX2,愛知県,1608,NKK-R,愛知県,2251,P,愛知県,0,,-
Resort Anthem,SABER WING,0,,-,560,AMMKRN,愛知県,1881,M0T7R1,愛知県,2824,ANSA,愛知県,0,,-
Resort Anthem,Sakura Reflection,0,,-,481,AGARI*,愛知県,1601,39RABA,愛知県,2375,KUREI,愛知県,0,,-
Resort Anthem,sakura storm,0,,-,1056,TMR089,愛知県,1331,MIND**,愛知県,2415,PUPPY*,愛知県,0,,-
Resort Anthem,Session 9 -Chronicles-,0,,-,769,TIOX2,愛知県,2346,TIOX2,愛知県,3619,ANSA,愛知県,0,,-
Resort Anthem,Space Time,0,,-,634,*9N2*,愛知県,1691,NIBO4,愛知県,2222,P,愛知県,0,,-
Resort Anthem,SPECIAL SUMMER CAMPAIGN!,0,,-,716,*9N2*,愛知県,1628,TIOX2,愛知県,3004,PUPPY*,愛知県,0,,-
Resort Anthem,Stay my side,0,,-,633,TIOX2,愛知県,1061,TIOX2,愛知県,1350,IKAKIN,愛知県,0,,-
Resort Anthem,STELLAR WIND,378,AGARI*,愛知県,634,TIOX2,愛知県,1888,ZENI,愛知県,2651,KIRISY,愛知県,0,,-
Resort Anthem,THE BLACK KNIGHT,0,,-,876,VARXEL,愛知県,2102,OMEGA,愛知県,2936,ANSA,愛知県,4461,A.K.A.,愛知県
Resort Anthem,THE DOOR INTO RAINBOW,0,,-,797,AK1*SS,愛知県,1694,H.S-GX,愛知県,2153,OMEGA,愛知県,0,,-
Resort Anthem,THE FALLEN,0,,-,887,AGARI*,愛知県,1511,TIOX2,愛知県,2708,KIRISY,愛知県,0,,-
Resort Anthem,Tropical April,0,,-,1554,SAVA,愛知県,2258,TIOX2,愛知県,2774,KUREI,愛知県,0,,-
Resort Anthem,Vermillion,0,,-,544,*9N2*,愛知県,1176,CXX,愛知県,2065,PUPPY*,愛知県,0,,-
Resort Anthem,Watch Out Pt.2,0,,-,1139,TMR089,愛知県,1942,H.S-GX,愛知県,2951,P,愛知県,0,,-
Resort Anthem,WISE UP!,333,RYDIA,愛知県,479,ELIWOD,愛知県,1165,TIOX2,愛知県,1601,KUREI,愛知県,2632,P,愛知県
Resort Anthem,Wuv U,0,,-,405,ELIWOD,愛知県,1307,FG,愛知県,1705,PUPPY*,愛知県,0,,-
Resort Anthem,XANADU OF TWO,0,,-,1007,YUDEX2,愛知県,1744,TIOX2,愛知県,2763,P,愛知県,3455,P,愛知県
Resort Anthem,ZETA～素数の世界と超越者～,314,HIRAHO,愛知県,599,TIOX2,愛知県,2123,ZENI,愛知県,3121,ANSA,愛知県,0,,-
Resort Anthem,おおきなこえで,0,,-,435,ELIWOD,愛知県,970,ABQ33S,愛知県,1489,ZU,愛知県,2161,ANSA,愛知県
Resort Anthem,かげぬい ～ Ver.BENIBOTAN ～,531,TMR089,愛知県,873,AGARI*,愛知県,1375,TIOX2,愛知県,1929,RIS.BN,愛知県,0,,-
Resort Anthem,中華急行,0,,-,328,TMR089,愛知県,1522,FG,愛知県,2333,P,愛知県,0,,-
Resort Anthem,夕焼け ～Fading Day～,0,,-,917,BOW-ZU,愛知県,2029,TIOX2,愛知県,2831,P,愛知県,0,,-
Resort Anthem,旅人リラン,0,,-,1132,REO,愛知県,1946,H.S-GX,愛知県,2666,BBMART,愛知県,0,,-
Resort Anthem,灼熱Beach Side Bunny,588,TMR089,愛知県,1119,YUDEX2,愛知県,1971,MIND**,愛知県,3225,P,愛知県,0,,-
Resort Anthem,黒髪乱れし修羅となりて,0,,-,808,TIOX2,愛知県,2113,NIBO4,愛知県,3466,KUREI,愛知県,0,,-
Lincle,24th Century BOY,0,,-,844,AGARI*,愛知県,1966,YUDEX2,愛知県,2888,KUREI,愛知県,0,,-
Lincle,532nm,0,,-,555,ELIWOD,愛知県,1258,YUDEX2,愛知県,2654,S.MOCK,愛知県,0,,-
Lincle,A MINSTREL ～ ver. short-scape ～,0,,-,678,KI.*,愛知県,1458,YUDEX2,愛知県,2374,KUREI,愛知県,3900,KUREI,愛知県
Lincle,Almace,0,,-,840,ANPAN,愛知県,1297,K.,愛知県,2020,KUREI,愛知県,0,,-
Lincle,ANAGRAMS I to Y,0,,-,882,*AKI?*,愛知県,1654,TIOX2,愛知県,2473,RIS.BN,愛知県,0,,-
Lincle,BLACK.by X-Cross Fade,0,,-,1036,YUDEX2,愛知県,2183,S.MOCK,愛知県,3412,KUREI,愛知県,0,,-
Lincle,CALL,0,,-,348,PONZAM,愛知県,833,KENT,愛知県,1459,KIRISY,愛知県,2724,KUREI,愛知県
Lincle,Castle on the Moon,237,CLERNE,愛知県,646,TIOX2,愛知県,1655,YUDEX2,愛知県,2451,P,愛知県,0,,-
Lincle,Change the World,0,,-,646,8MAZU4,愛知県,1421,YUDEX2,愛知県,1844,YUDEX2,愛知県,0,,-
Lincle,DIAVOLO,0,,-,1286,ABQ33S,愛知県,1897,NIBO4,愛知県,3217,P,愛知県,0,,-
Lincle,Drive Me Crazy,0,,-,717,AK1*SS,愛知県,1404,YUDEX2,愛知県,2313,KUREI,愛知県,0,,-
Lincle,Express Emotion,0,,-,748,MI19NL,愛知県,1040,NKK-R,愛知県,2523,S.MOCK,愛知県,0,,-
Lincle,F,0,,-,1009,P4*2,愛知県,2122,AGOPYX,愛知県,3600,P,愛知県,0,,-
Lincle,Far east nightbird,357,TMR089,愛知県,518,AK1*SS,愛知県,1317,KENT,愛知県,2037,PUPPY*,愛知県,0,,-
Lincle,fffff,0,,-,845,FG,愛知県,2051,NIBO4,愛知県,3136,S.MOCK,愛知県,0,,-
Lincle,Flip Flap,274,EDAGE,愛知県,578,AK1*SS,愛知県,1400,YUDEX2,愛知県,2247,U3MARU,愛知県,0,,-
Lincle,Follow Tomorrow,0,,-,864,M.R.R,愛知県,1502,YUDEX2,愛知県,2278,P,愛知県,0,,-
Lincle,GIGANT,0,,-,543,ANPAN,愛知県,1140,SYRUP1,愛知県,1752,MIREI.,愛知県,2964,KUREI,愛知県
Lincle,HAERETICUS,0,,-,855,TIOX2,愛知県,1895,M0T7R1,愛知県,3070,P,愛知県,0,,-
Lincle,I'm so Happy,318,TMR089,愛知県,412,AK1*SS,愛知県,1377,KZN,愛知県,2367,KUREI,愛知県,0,,-
Lincle,In the Blackest Den,0,,-,878,TMR089,愛知県,1610,S.MOCK,愛知県,2617,ANSA,愛知県,0,,-
Lincle,Infinite cave,0,,-,1030,TIOX2,愛知県,1510,ZENI,愛知県,2066,ANSA,愛知県,0,,-
Lincle,KYAMISAMA ONEGAI!,0,,-,682,GO.I,愛知県,1140,KI.*,愛知県,2133,KUREI,愛知県,3111,ANSA,愛知県
Lincle,LAX5 feat.Ryota Yoshinari,0,,-,1079,TMR089,愛知県,2105,MO-ZE.,愛知県,2846,ANSA,愛知県,0,,-
Lincle,LETHEBOLG ～双神威に斬り咲けり～,0,,-,1028,TMR089,愛知県,1638,YUDEX2,愛知県,2219,U3MARU,愛知県,0,,-
Lincle,Liquid Crystal Girl feat. echo,0,,-,399,*KAZU*,愛知県,1117,TIOX2,愛知県,2022,KIRISY,愛知県,0,,-
Lincle,LOVE B.B.B,0,,-,786,YUDEX2,愛知県,1525,KI.*,愛知県,2032,P,愛知県,0,,-
Lincle,Lucky Days,0,,-,596,M.R.R,愛知県,1512,TIOX2,愛知県,2210,U3MARU,愛知県,0,,-
Lincle,Mermaid girl-秋葉工房 MIX-,0,,-,830,*9N2*,愛知県,1350,YUDEX2,愛知県,2059,YUDEX2,愛知県,0,,-
Lincle,Miami Sunset Drive,0,,-,613,ANPAN,愛知県,1073,TIOX2,愛知県,1678,KUREI,愛知県,0,,-
Lincle,NNRT,0,,-,1251,TIOX2,愛知県,2460,M0T7R1,愛知県,3500,PUPPY*,愛知県,0,,-
Lincle,Phoenix,0,,-,890,TIOX2,愛知県,1184,SAVA,愛知県,2494,S.MOCK,愛知県,3952,JDR-OK,愛知県
Lincle,prompt,0,,-,956,TIOX2,愛知県,1588,TIOX2,愛知県,2802,ANSA,愛知県,0,,-
Lincle,QUANTUM TELEPORTATION,0,,-,1348,AGARI*,愛知県,2272,M0T7R1,愛知県,2941,TOSMEN,愛知県,3661,P,愛知県
Lincle,quaver♪,282,HARUKI,愛知県,710,TIOX2,愛知県,2122,FG,愛知県,3459,P,愛知県,0,,-
Lincle,Quick Silver,0,,-,789,TIOX2,愛知県,1819,FG,愛知県,2675,S.MOCK,愛知県,0,,-
Lincle,Release The Music,0,,-,854,TMR089,愛知県,1405,2,愛知県,2150,P,愛知県,0,,-
Lincle,RESISTANCE,0,,-,595,M.R.R,愛知県,1289,NANA*7,愛知県,2374,RIS.BN,愛知県,0,,-
Lincle,Round and Round,0,,-,801,TMR089,愛知県,1229,KI.*,愛知県,2166,U3MARU,愛知県,0,,-
Lincle,SA.YO.NA.RA. SUPER STAR,0,,-,487,TIOX2,愛知県,1269,TIOX2,愛知県,1710,ANSA,愛知県,0,,-
Lincle,Scharfrichter,0,,-,885,TIOX2,愛知県,1549,BLAZE*,愛知県,2900,S.MOCK,愛知県,0,,-
Lincle,Several Words,0,,-,630,TIOX2,愛知県,1441,TIOX2,愛知県,2178,RIS.BN,愛知県,0,,-
Lincle,SHADE,0,,-,1096,YUDEX2,愛知県,2069,KI.*,愛知県,2917,KUREI,愛知県,0,,-
Lincle,Snake Stick,0,,-,1040,TIOX2,愛知県,2051,ZENI,愛知県,2795,P,愛知県,0,,-
Lincle,Snow Goose,298,AGARI*,愛知県,375,TMR089,愛知県,1331,TIOX2,愛知県,2464,P,愛知県,0,,-
Lincle,Star Trail,0,,-,650,*9N2*,愛知県,1194,TIOX2,愛知県,1861,BBMART,愛知県,2620,P,愛知県
Lincle,The Limbo,0,,-,1186,TIOX2,愛知県,1962,TIOX2,愛知県,3341,PUPPY*,愛知県,4226,P,愛知県
Lincle,The Sampling Paradise,0,,-,826,KA-SYS,愛知県,1859,TOSMEN,愛知県,3051,P,愛知県,0,,-
Lincle,Thunderbolt,0,,-,996,AK1*SS,愛知県,1875,NIBO4,愛知県,3784,KUREI,愛知県,0,,-
Lincle,TITANS RETURN,319,ZEKIRA,愛知県,630,TIOX2,愛知県,1486,MO-ZE.,愛知県,2496,S.MOCK,愛知県,2648,P,愛知県
Lincle,Todestrieb,0,,-,1117,TMR089,愛知県,1937,KI.*,愛知県,3453,P,愛知県,0,,-
Lincle,Voxane,0,,-,579,KI-NSK,愛知県,1225,TIOX2,愛知県,1759,KUREI,愛知県,0,,-
Lincle,WONDER WALKER,0,,-,958,SYRUP1,愛知県,1929,AROTTE,愛知県,3819,KUREI,愛知県,0,,-
Lincle,YAKSHA,0,,-,1199,KA-SYS,愛知県,2326,ONE621,愛知県,3889,PUPPY*,愛知県,0,,-
Lincle,yellow head joe,0,,-,781,TIOX2,愛知県,1516,FG,愛知県,2277,S.MOCK,愛知県,3131,PUPPY*,愛知県
Lincle,Yellow Sunrise,0,,-,749,TIOX2,愛知県,1447,KI.*,愛知県,2289,P,愛知県,0,,-
Lincle,ビューティフルレシート,334,REO,愛知県,505,ELIWOD,愛知県,1168,1020*,愛知県,1928,H.S-GX,愛知県,0,,-
Lincle,ユミル,0,,-,637,ELIWOD,愛知県,1356,TIOX2,愛知県,2858,P,愛知県,0,,-
Lincle,君のハートにロックオン,0,,-,708,TIOX2,愛知県,1674,LIRAN,愛知県,2688,KUREI,愛知県,3518,ANSA,愛知県
Lincle,天空の夜明け,0,,-,1371,YUDEX2,愛知県,2161,AGOPYX,愛知県,4061,P,愛知県,0,,-
Lincle,子供の落書き帳,0,,-,899,ALPACA,愛知県,1947,H.S-GX,愛知県,2717,P,愛知県,0,,-
Lincle,恋する☆宇宙戦争っ！！,510,TMR089,愛知県,867,*KAZU*,愛知県,1759,KI.*,愛知県,3557,S.MOCK,愛知県,4610,P,愛知県
Lincle,突撃!ガラスのニーソ姫!,0,,-,637,TIOX2,愛知県,1171,TIOX2,愛知県,2125,KUREI,愛知県,0,,-
Lincle,聖人の塔,0,,-,945,NIBO4,愛知県,1987,SYRUP1,愛知県,2983,PUPPY*,愛知県,4316,CLERNE,愛知県
Lincle,蛇神,415,ZEKIRA,愛知県,736,TMR089,愛知県,1512,H.S-GX,愛知県,2860,KUREI,愛知県,3699,PUPPY*,愛知県
Lincle,衰色小町メランコリア,0,,-,791,AK1*SS,愛知県,1412,KI.*,愛知県,2380,P,愛知県,0,,-
Lincle,陽炎,0,,-,623,ELIWOD,愛知県,1122,KARIN,愛知県,2017,BBMART,愛知県,0,,-
tricoro,405nm (Ryu☆mix),0,,-,844,GT,愛知県,1733,AGOPYX,愛知県,2592,ANSA,愛知県,0,,-
tricoro,8bit Princess,0,,-,654,YUDEX2,愛知県,1380,YUDEX2,愛知県,2638,P,愛知県,0,,-
tricoro,Ascalon,0,,-,1083,AK1*SS,愛知県,1782,H.S-GX,愛知県,2308,PUPPY*,愛知県,0,,-
tricoro,Beastie Starter,0,,-,541,AK1*SS,愛知県,1262,TIOX2,愛知県,2188,S.MOCK,愛知県,0,,-
tricoro,BLUE STRAGGLER,0,,-,868,TIOX2,愛知県,1380,2490*L,愛知県,2588,S.MOCK,愛知県,0,,-
tricoro,BRAVE GLOW,0,,-,693,RMN*SY,愛知県,1718,H.S-GX,愛知県,2511,P,愛知県,0,,-
tricoro,CONCEPTUAL,0,,-,788,ANPAN,愛知県,1302,SAVA,愛知県,2746,ANSA,愛知県,0,,-
tricoro,Confiserie,0,,-,893,*KAZU*,愛知県,2026,NKK-R,愛知県,3534,KUREI,愛知県,0,,-
tricoro,connective,0,,-,396,AGARI*,愛知県,1105,FG,愛知県,1599,KIRISY,愛知県,0,,-
tricoro,Cookie Bouquets,0,,-,834,ANPAN,愛知県,2101,NKK-R,愛知県,3420,KUREI,愛知県,0,,-
tricoro,DAY DREAM,0,,-,555,RIS.BN,愛知県,1211,M0T7R1,愛知県,2049,BBMART,愛知県,0,,-
tricoro,Devilz Staircase,0,,-,594,POPN,愛知県,2140,MO-ZE.,愛知県,3282,PUPPY*,愛知県,0,,-
tricoro,Elemental Creation,259,AGARI*,愛知県,1478,IIDX88,愛知県,2376,KZN,愛知県,4123,P,愛知県,0,,-
tricoro,examination leave,0,,-,1086,REO,愛知県,1881,FG,愛知県,3418,KUREI,愛知県,0,,-
tricoro,FLOWER,364,TMR089,愛知県,1137,KZN,愛知県,1808,YUDEX2,愛知県,2913,P,愛知県,0,,-
tricoro,Fly you to the star,0,,-,775,AK1*SS,愛知県,1626,*9N2*,愛知県,2284,P,愛知県,0,,-
tricoro,GAIA,0,,-,1027,ABQ33S,愛知県,2173,YUDEX2,愛知県,3321,P,愛知県,0,,-
tricoro,GRADIUS 2012,0,,-,905,TIOX2,愛知県,1687,TIOX2,愛知県,2732,ANSA,愛知県,0,,-
tricoro,Hollywood Galaxy,0,,-,1113,TIOX2,愛知県,1996,M0T7R1,愛知県,2738,KUREI,愛知県,0,,-
tricoro,Howling,0,,-,536,ANPAN,愛知県,1350,FG,愛知県,2119,U3MARU,愛知県,2664,ANSA,愛知県
tricoro,I know You know,0,,-,601,AK1*SS,愛知県,1132,KENT,愛知県,1896,P,愛知県,0,,-
tricoro,ILIAS,0,,-,812,*9N2*,愛知県,1324,KI.*,愛知県,2206,P,愛知県,0,,-
tricoro,Illegal Function Call,0,,-,1007,TMR089,愛知県,1809,GOWAS,愛知県,2665,ANSA,愛知県,3700,P,愛知県
tricoro,In Heaven,0,,-,772,*9N2*,愛知県,1476,KI.*,愛知県,2139,P,愛知県,0,,-
tricoro,JOMANDA,258,AMMKRN,愛知県,1169,TMR089,愛知県,2399,M0T7R1,愛知県,3709,P,愛知県,0,,-
tricoro,Liberation,0,,-,1497,TIOX2,愛知県,2383,YUDEX2,愛知県,3713,BBMART,愛知県,0,,-
tricoro,Light and Cyber…,0,,-,1057,TIOX2,愛知県,1984,MO-ZE.,愛知県,3112,ANSA,愛知県,0,,-
tricoro,Little Star,0,,-,975,TIOX2,愛知県,1751,TIOX2,愛知県,3221,P,愛知県,0,,-
tricoro,LUV CAN SAVE U,0,,-,576,AK1*SS,愛知県,1425,KI.*,愛知県,2138,P,愛知県,2814,KUREI,愛知県
tricoro,mnemoniq,0,,-,526,AK1*SS,愛知県,949,TIOX2,愛知県,1310,TOSMEN,愛知県,0,,-
tricoro,Neonlights,0,,-,666,*9N2*,愛知県,1614,YUDEX2,愛知県,2240,U3MARU,愛知県,0,,-
tricoro,neu,193,AKHR01,愛知県,994,TOMO87,愛知県,2132,MO-ZE.,愛知県,3950,P,愛知県,0,,-
tricoro,New Decade IIDX Edition,264,KENT,愛知県,997,TMR089,愛知県,1943,H.S-GX,愛知県,3036,KUREI,愛知県,0,,-
tricoro,New Lights,0,,-,1055,TIOX2,愛知県,1805,FG,愛知県,2483,BBMART,愛知県,0,,-
tricoro,Plan 8,0,,-,1188,TIOX2,愛知県,2228,ELIWOD,愛知県,3227,BBMART,愛知県,0,,-
tricoro,planarian,0,,-,700,TIOX2,愛知県,1696,YUDEX2,愛知県,2557,P,愛知県,0,,-
tricoro,POINT ZERO,0,,-,740,TMR089,愛知県,1250,TMR089,愛知県,2119,P,愛知県,0,,-
tricoro,Präludium,0,,-,699,TIOX2,愛知県,1426,MO-ZE.,愛知県,2299,ANSA,愛知県,0,,-
tricoro,Proof of the existence,0,,-,1177,TIOX2,愛知県,2052,P*JUN,愛知県,3270,P,愛知県,0,,-
tricoro,Rainbow after snow,0,,-,728,TIOX2,愛知県,1480,YUDEX2,愛知県,2178,P,愛知県,0,,-
tricoro,Re:GENERATION,240,AKHR01,愛知県,950,TIOX2,愛知県,1556,TIOX2,愛知県,2261,S.MOCK,愛知県,0,,-
tricoro,Reflection Into the EDEN,0,,-,780,TIOX2,愛知県,1388,AGARI*,愛知県,2159,ANSA,愛知県,0,,-
tricoro,rumrum triplets,0,,-,953,TIOX2,愛知県,1990,ZENI,愛知県,3063,P,愛知県,0,,-
tricoro,S!ck,0,,-,909,TIOX2,愛知県,1558,TIOX2,愛知県,2726,P,愛知県,0,,-
tricoro,Saturn,0,,-,1315,TIOX2,愛知県,2049,YUDEX2,愛知県,2609,KIRISY,愛知県,3520,P,愛知県
tricoro,Shining World,0,,-,1264,YUDEX2,愛知県,1617,YUDEX2,愛知県,1951,ANSA,愛知県,0,,-
tricoro,SHION,0,,-,668,YUDEX2,愛知県,1306,KI.*,愛知県,2715,KUREI,愛知県,0,,-
tricoro,Sol Cosine Job 2,0,,-,1054,TIOX2,愛知県,1788,YUDEX2,愛知県,3181,P,愛知県,0,,-
tricoro,STULTI,0,,-,759,AK1*SS,愛知県,1596,M3,愛知県,2746,ANSA,愛知県,0,,-
tricoro,SYNC-ANTHEM,0,,-,912,T.K1,愛知県,2483,CXX,愛知県,3694,P,愛知県,0,,-
tricoro,Synergy For Angels,0,,-,915,TIOX2,愛知県,1693,H.S-GX,愛知県,2795,P,愛知県,0,,-
tricoro,Take My Life,0,,-,910,ANPAN,愛知県,1608,TIOX2,愛知県,2960,P,愛知県,0,,-
tricoro,Thor's Hammer,0,,-,982,YUDEX2,愛知県,1817,ZENI,愛知県,2996,P,愛知県,0,,-
tricoro,Time To Empress,0,,-,925,TIOX2,愛知県,1922,ZENI,愛知県,2629,P,愛知県,3170,KUREI,愛知県
tricoro,Timepiece phase II,0,,-,1063,FG,愛知県,2142,TUKSMY,愛知県,3258,PUPPY*,愛知県,0,,-
tricoro,Timepiece phase II (CN Ver.),0,,-,972,AGARI*,愛知県,1888,H.S-GX,愛知県,2990,PUPPY*,愛知県,0,,-
tricoro,True Blue,0,,-,1079,FG,愛知県,2536,YUDEX2,愛知県,3783,P,愛知県,0,,-
tricoro,Valanga,0,,-,1310,TIOX2,愛知県,2229,ZENI,愛知県,3260,KUREI,愛知県,0,,-
tricoro,VALLIS-NERIA,266,AGARI*,愛知県,1214,TIOX2,愛知県,2082,TIOX2,愛知県,2970,KUREI,愛知県,0,,-
tricoro,VEGA,0,,-,1131,AGARI*,愛知県,2087,YUDEX2,愛知県,3142,PUPPY*,愛知県,0,,-
tricoro,ZED,0,,-,918,NSFTSP,愛知県,1717,GOWAS,愛知県,2792,KUREI,愛知県,3410,CLERNE,愛知県
tricoro,Zirkfied,0,,-,957,GT-TIG,愛知県,2009,YUDEX2,愛知県,3837,P,愛知県,0,,-
tricoro,ΕΛΠΙΣ,0,,-,1099,AK1*SS,愛知県,2094,AGOPYX,愛知県,3173,P,愛知県,3592,BBMART,愛知県
tricoro,†渚の小悪魔ラヴリィ～レイディオ†(IIDX EDIT),244,AGARI*,愛知県,550,ELIWOD,愛知県,1684,TIOX2,愛知県,3615,P,愛知県,0,,-
tricoro,お米の美味しい炊き方、そしてお米を食べることによるその効果。,0,,-,843,ANPAN,愛知県,1557,FG,愛知県,2146,8WARE,愛知県,3655,ANSA,愛知県
tricoro,たまゆら,0,,-,1170,TIOX2,愛知県,1859,M0T7R1,愛知県,2784,P,愛知県,0,,-
tricoro,アストライアの双皿,0,,-,673,*,愛知県,1985,MOG*,愛知県,3205,P,愛知県,0,,-
tricoro,カジノファイヤーことみちゃん,0,,-,639,TIOX2,愛知県,1408,H.S-GX,愛知県,2456,PUPPY*,愛知県,3284,A.K.A.,愛知県
tricoro,キャトられ恋はモ～モク,0,,-,1473,FG,愛知県,2619,M0T7R1,愛知県,3816,KUREI,愛知県,0,,-
tricoro,シュレーディンガーの猫,0,,-,1143,YUDEX2,愛知県,2403,AGOPYX,愛知県,3418,P,愛知県,0,,-
tricoro,トリカゴノ鳳凰,0,,-,1112,AK1*SS,愛知県,2014,FG,愛知県,3836,P,愛知県,0,,-
tricoro,メイメツ、フラグメンツ,0,,-,658,*9N2*,愛知県,1307,H.S-GX,愛知県,1967,U3MARU,愛知県,0,,-
tricoro,ラキラキ,0,,-,664,YUDEX2,愛知県,1460,ZENI,愛知県,1984,S1R0,愛知県,0,,-
tricoro,下弦の月,0,,-,926,MAMI,愛知県,1444,TIOX2,愛知県,1989,S1R0,愛知県,0,,-
tricoro,仮想空間の旅人たち,0,,-,1160,YUDEX2,愛知県,2188,AGOPYX,愛知県,2897,P,愛知県,3859,PUPPY*,愛知県
tricoro,創世ノート,0,,-,851,TIOX2,愛知県,1883,ZX,愛知県,2996,ANSA,愛知県,0,,-
tricoro,即席！脳直★ミュージックシステム,0,,-,1006,LUMI27,愛知県,2008,IKAKIN,愛知県,3650,P,愛知県,0,,-
tricoro,朧,208,ANPAN,愛知県,788,TMR089,愛知県,1507,KI.*,愛知県,2113,UMECO,愛知県,2552,KUREI,愛知県
tricoro,梅雪夜,0,,-,860,AK1*SS,愛知県,1493,KI.*,愛知県,2158,KUREI,愛知県,0,,-
tricoro,狂イ咲ケ焔ノ華,0,,-,1207,FG,愛知県,2429,M0T7R1,愛知県,3655,P,愛知県,0,,-
tricoro,音楽,0,,-,888,KI.*,愛知県,2001,AMMKRN,愛知県,2856,P,愛知県,0,,-
tricoro,龍と少女とデコヒーレンス,0,,-,831,U-T,愛知県,1695,KI.*,愛知県,3026,P,愛知県,3378,PUPPY*,愛知県
SPADA,Adularia,197,AGARI*,愛知県,1064,FG,愛知県,1847,AYAME,愛知県,2871,P,愛知県,0,,-
SPADA,ALBA -黎明-,0,,-,660,*9N2*,愛知県,1554,KI.*,愛知県,3252,KUREI,愛知県,3924,P,愛知県
SPADA,Ancient Scapes,0,,-,1101,AK1*SS,愛知県,2065,FG,愛知県,3502,KUREI,愛知県,4263,P,愛知県
SPADA,ATHER,0,,-,991,*,愛知県,1611,MO-ZE.,愛知県,2784,S.MOCK,愛知県,3210,PUPPY*,愛知県
SPADA,BLUE DRAGON(雷龍RemixIIDX),0,,-,1488,TIOX2,愛知県,2173,39RABA,愛知県,3385,BBMART,愛知県,0,,-
SPADA,BRAINSTORM,0,,-,767,TMR089,愛知県,2040,KUREI,愛知県,2828,S.MOCK,愛知県,0,,-
SPADA,BRAVE OUT,0,,-,1012,AK1*SS,愛知県,1527,RAPI-3,愛知県,2178,P,愛知県,2818,P,愛知県
SPADA,Claiomh Solais,0,,-,346,AGARI*,愛知県,1406,AGARI*,愛知県,2093,TOSMEN,愛知県,0,,-
SPADA,Cleopatrysm,0,,-,815,TMR089,愛知県,1454,ZENI,愛知県,2588,ANSA,愛知県,0,,-
SPADA,Close the World feat.a☆ru,0,,-,1139,TIOX2,愛知県,2118,OMEGA,愛知県,3419,PUPPY*,愛知県,3876,KUREI,愛知県
SPADA,Critical Crystal,221,MAKOTO,愛知県,1061,REO,愛知県,1841,FG,愛知県,2947,KUREI,愛知県,0,,-
SPADA,DARK LEGACY,0,,-,1248,42731,愛知県,2115,TOSMEN,愛知県,3592,KUREI,愛知県,0,,-
SPADA,Devilz Sacrifice -贖罪の羊-,0,,-,938,FG,愛知県,1776,SA,愛知県,2515,P,愛知県,0,,-
SPADA,diagram,0,,-,615,CHIPO!,愛知県,1287,YUDEX2,愛知県,2884,KUREI,愛知県,0,,-
SPADA,Elektrick U-Phoria,0,,-,1156,ABQ33S,愛知県,1919,RAPI-3,愛知県,3121,KUREI,愛知県,4016,P,愛知県
SPADA,Element of SPADA,0,,-,707,TMR089,愛知県,1345,TMR089,愛知県,2091,KUREI,愛知県,3110,KUREI,愛知県
SPADA,Engraved Mark,0,,-,815,TMR089,愛知県,1353,H.S-GX,愛知県,2417,S.MOCK,愛知県,0,,-
SPADA,EXTREME MACH COLLIDER,0,,-,917,T.K1,愛知県,1389,INOWAY,愛知県,2601,P,愛知県,0,,-
SPADA,Feel The Beat,0,,-,1306,KARIN,愛知県,2142,TIOX2,愛知県,3609,ANSA,愛知県,4327,KUREI,愛知県
SPADA,Funny shuffle,0,,-,591,RYDIA,愛知県,1152,YUDEX2,愛知県,2351,KUREI,愛知県,0,,-
SPADA,HYENA,0,,-,1127,REO,愛知県,1891,AGARI*,愛知県,2805,PUPPY*,愛知県,3651,PUPPY*,愛知県
SPADA,Hypersonik,0,,-,1041,YUDEX2,愛知県,1731,TIOX2,愛知県,2504,PUPPY*,愛知県,0,,-
SPADA,I will be back -オレは帰ってきた-,0,,-,986,AK1*SS,愛知県,1960,FG,愛知県,2952,KUREI,愛知県,0,,-
SPADA,Idola,0,,-,1219,TIOX2,愛知県,2300,AGOPYX,愛知県,3592,ANSA,愛知県,0,,-
SPADA,Insane Techniques,0,,-,709,RYDIA,愛知県,1312,YUDEX2,愛知県,2509,P,愛知県,0,,-
SPADA,INSOMNIA,0,,-,797,AK1*SS,愛知県,1821,FG,愛知県,3205,KUREI,愛知県,0,,-
SPADA,into the battlefield,0,,-,687,AKHR01,愛知県,1459,TIOX2,愛知県,2374,ANSA,愛知県,0,,-
SPADA,invoker,0,,-,1128,TIOX2,愛知県,1858,TRRDON,愛知県,3188,ANSA,愛知県,3536,ANSA,愛知県
SPADA,IX,0,,-,1309,YUDEX2,愛知県,2428,KIRISY,愛知県,3886,P,愛知県,0,,-
SPADA,KAISER PHOENIX,0,,-,1342,YUDEX2,愛知県,2294,YUDEX2,愛知県,3278,ANSA,愛知県,3953,P,愛知県
SPADA,KHAMEN BREAK,0,,-,540,4KI7,愛知県,1394,ABQ33S,愛知県,2509,S.MOCK,愛知県,0,,-
SPADA,Last Dance,0,,-,1210,TIOX2,愛知県,1994,AGOPYX,愛知県,3263,BBMART,愛知県,0,,-
SPADA,Lighting Shower,0,,-,788,RYDIA,愛知県,1314,K.,愛知県,2431,P,愛知県,0,,-
SPADA,M.D.Injection,0,,-,568,AKHR01,愛知県,1244,TIOX2,愛知県,2435,ANSA,愛知県,0,,-
SPADA,m1dy Deluxe,0,,-,1172,TIOX2,愛知県,1858,MIQOTE,愛知県,2634,KUREI,愛知県,0,,-
SPADA,MAD ATTACK,0,,-,653,AK1*SS,愛知県,1324,TMR089,愛知県,1958,TOSMEN,愛知県,2663,KUREI,愛知県
SPADA,MAGIC & LOVE,0,,-,1027,TIOX2,愛知県,1864,YUDEX2,愛知県,2945,P,愛知県,0,,-
SPADA,Miracle 5ympho X,0,,-,756,AK1*SS,愛知県,1328,YUDEX2,愛知県,2589,YUDEX2,愛知県,2997,P,愛知県
SPADA,NPC World,0,,-,1027,TIOX2,愛知県,1568,TIOX2,愛知県,2284,S.MOCK,愛知県,0,,-
SPADA,Odin,0,,-,802,YUDEX2,愛知県,1331,ABQ33S,愛知県,2051,KIRISY,愛知県,0,,-
SPADA,Overload Frontier,0,,-,794,TIOX2,愛知県,1827,TIOX2,愛知県,2621,ANSA,愛知県,0,,-
SPADA,Pharaoh,0,,-,453,SHINO,愛知県,1409,H.S-GX,愛知県,2474,ANSA,愛知県,0,,-
SPADA,PUNISHER,0,,-,1162,TIOX2,愛知県,2092,2530,愛知県,3585,ANSA,愛知県,0,,-
SPADA,ra'am,0,,-,1225,ZENI,愛知県,1869,NIBO4,愛知県,2823,PUPPY*,愛知県,0,,-
SPADA,rainbow guitar weeps,0,,-,971,TIOX2,愛知県,1826,FG,愛知県,2798,KUREI,愛知県,0,,-
SPADA,Recollection,0,,-,1188,YUDEX2,愛知県,1720,SYRUP1,愛知県,2229,RIS.BN,愛知県,0,,-
SPADA,refractive index,0,,-,748,TMR089,愛知県,1434,KENT,愛知県,2715,P,愛知県,0,,-
SPADA,RISE,0,,-,932,TIOX2,愛知県,1353,TIOX2,愛知県,1861,H.S-GX,愛知県,0,,-
SPADA,RIZING YOU UP,0,,-,1065,TIOX2,愛知県,2055,REO,愛知県,2575,BBMART,愛知県,0,,-
SPADA,SCHWARZSCHILD FIELD,0,,-,929,TIOX2,愛知県,1641,ZENI,愛知県,2400,KUREI,愛知県,0,,-
SPADA,Sigmund,0,,-,1562,TIOX2,愛知県,2324,JOJI.,愛知県,3825,BBMART,愛知県,4237,QNJALC,愛知県
SPADA,Squeeze,0,,-,850,FG,愛知県,1454,TIOX2,愛知県,2498,P,愛知県,0,,-
SPADA,THE DETONATOR,0,,-,1637,RAPI-3,愛知県,2466,TAKPOP,愛知県,3215,ANSA,愛知県,0,,-
SPADA,Unicorn tail,0,,-,857,AK1*SS,愛知県,2042,FG,愛知県,3152,KUREI,愛知県,0,,-
SPADA,Valgus,0,,-,657,TMR089,愛知県,1345,TIOX2,愛知県,2383,S.MOCK,愛知県,0,,-
SPADA,Verflucht,0,,-,1281,YUDEX2,愛知県,2094,YUDEX2,愛知県,3585,P,愛知県,4660,JDR-OK,愛知県
SPADA,VOX UP,0,,-,1494,YUDEX2,愛知県,2820,S.MOCK,愛知県,3601,ANSA,愛知県,0,,-
SPADA,Wonder Girl feat. Kanae Asaba,0,,-,730,*9N2*,愛知県,1246,ABQ33S,愛知県,2820,P,愛知県,0,,-
SPADA,お願いアインシュタイン,0,,-,914,*9N2*,愛知県,1497,H.S-GX,愛知県,2129,U3MARU,愛知県,0,,-
SPADA,アルストロメリア,216,AGARI*,愛知県,959,AK1*SS,愛知県,1579,ZENI,愛知県,2503,P,愛知県,0,,-
SPADA,デッドボヲルdeホームラン,0,,-,592,ELIWOD,愛知県,1610,H.S-GX,愛知県,2714,U3MARU,愛知県,0,,-
SPADA,バンブーソード・ガール,261,REO,愛知県,975,AK1*SS,愛知県,1837,ZENI,愛知県,2462,ANSA,愛知県,0,,-
SPADA,廿,0,,-,925,GD.18,愛知県,1692,FG,愛知県,2393,S.MOCK,愛知県,3343,BBMART,愛知県
SPADA,旋律のドグマ～Miserables～,0,,-,1194,AK1*SS,愛知県,2412,TE92.,愛知県,3938,ANSA,愛知県,0,,-
SPADA,海神,0,,-,1153,TIOX2,愛知県,2110,ZENI,愛知県,3204,PUPPY*,愛知県,3573,KUREI,愛知県
SPADA,煉獄のエルフェリア,0,,-,1371,TIOX2,愛知県,2405,RIS.BN,愛知県,3897,P,愛知県,0,,-
SPADA,牧神笛吹きて,0,,-,741,TIOX2,愛知県,1387,FG,愛知県,2078,KUREI,愛知県,0,,-
SPADA,疾風迅雷,0,,-,1137,AGARI*,愛知県,2051,TIOX2,愛知県,2889,ANSA,愛知県,3454,QNJALC,愛知県
SPADA,罪と罰,0,,-,1035,AK1*SS,愛知県,1354,TIOX2,愛知県,2183,P,愛知県,0,,-
SPADA,超!!遠距離らぶメ～ル,0,,-,561,ELIWOD,愛知県,1553,TIOX2,愛知県,2671,TOSMEN,愛知県,0,,-
SPADA,轟け！恋のビーンボール！！,0,,-,1041,GO.I,愛知県,1988,ANSA,愛知県,3597,P,愛知県,0,,-
PENDUAL,#The_Relentless,0,,-,1094,LIZARD,愛知県,2041,YUDEX2,愛知県,2944,P,愛知県,4405,ANSA,愛知県
PENDUAL,AFRO KNUCKLE,0,,-,945,NSFTSP,愛知県,1777,YUDEX2,愛知県,2444,P,愛知県,0,,-
PENDUAL,Beat Radiance,0,,-,953,AK1*SS,愛知県,1603,MO-ZE.,愛知県,2663,KUREI,愛知県,3592,KUREI,愛知県
PENDUAL,Beyond The Earth,0,,-,1304,AMMKRN,愛知県,2075,AROTTE,愛知県,3257,P,愛知県,0,,-
PENDUAL,Blaze it UP!,0,,-,942,AK1*SS,愛知県,1901,YUDEX2,愛知県,2994,P,愛知県,0,,-
PENDUAL,BLUE MIRAGE,0,,-,1137,ARES,愛知県,2017,M0T7R1,愛知県,3111,P,愛知県,0,,-
PENDUAL,Broken Sword,0,,-,1260,Q.,愛知県,2085,ZENI,愛知県,3727,BBMART,愛知県,0,,-
PENDUAL,Chain of pain,0,,-,748,AK1*SS,愛知県,1532,ZENI,愛知県,2250,P,愛知県,0,,-
PENDUAL,chrono diver -fragment-,0,,-,686,WISTIA,愛知県,1156,KZN,愛知県,1796,KUREI,愛知県,2265,KUREI,愛知県
PENDUAL,CHRONO DIVER -NORNIR-,0,,-,1084,KILIYA,愛知県,2207,TIOX2,愛知県,3119,KUREI,愛知県,4403,P,愛知県
PENDUAL,Chrono Diver -PENDULUMs-,536,MAKOTO,愛知県,1395,TMR089,愛知県,2749,ZU,愛知県,4361,P,愛知県,0,,-
PENDUAL,Chronos,0,,-,840,MANO*N,愛知県,1380,ZENI,愛知県,2385,KUREI,愛知県,3053,KUREI,愛知県
PENDUAL,cinder,0,,-,815,AK1*SS,愛知県,1983,TIOX2,愛知県,3149,ANSA,愛知県,0,,-
PENDUAL,COLOSSEUM,0,,-,562,AK1*SS,愛知県,1196,TKN3,愛知県,2303,ANSA,愛知県,0,,-
PENDUAL,Cosmic Cat,0,,-,850,CIEL,愛知県,1691,GOWAS,愛知県,2324,P,愛知県,3249,ANSA,愛知県
PENDUAL,Despair of ELFERIA,0,,-,1242,ILMINA,愛知県,2419,YUDEX2,愛知県,4150,P,愛知県,0,,-
PENDUAL,Discloze,0,,-,866,AK1*SS,愛知県,1704,ZENI,愛知県,2695,P,愛知県,0,,-
PENDUAL,EBONY & IVORY,0,,-,1047,ABQ33S,愛知県,1738,AGOPYX,愛知県,2999,ANSA,愛知県,3629,PUPPY*,愛知県
PENDUAL,entelecheia,0,,-,1017,ABQ33S,愛知県,2155,AGOPYX,愛知県,3289,ANSA,愛知県,0,,-
PENDUAL,Erosion Mark,0,,-,791,AGARI*,愛知県,1563,YUDEX2,愛知県,2177,S.MOCK,愛知県,0,,-
PENDUAL,fallen leaves -IIDX edition-,0,,-,1164,ABQ33S,愛知県,2079,AMMKRN,愛知県,3402,ANSA,愛知県,0,,-
PENDUAL,FANTASTIC THREE,0,,-,1292,NSFTSP,愛知県,2197,TIOX2,愛知県,3248,P,愛知県,0,,-
PENDUAL,Flashes,0,,-,948,ABQ33S,愛知県,1805,ZENI,愛知県,3322,P,愛知県,4144,P,愛知県
PENDUAL,Gravigazer,0,,-,972,TIOX2,愛知県,1876,M0T7R1,愛知県,3037,P,愛知県,0,,-
PENDUAL,GUILTY,0,,-,992,TIOX2,愛知県,1534,H.S-GX,愛知県,1897,S1R0,愛知県,3012,P,愛知県
PENDUAL,HELL SCAPER -Last Escape Remix-,0,,-,975,TMR089,愛知県,1770,H.S-GX,愛知県,2887,KUREI,愛知県,0,,-
PENDUAL,Hello Happiness,0,,-,903,TIOX2,愛知県,1683,YUDEX2,愛知県,2352,S1R0,愛知県,0,,-
PENDUAL,illuminate,0,,-,623,AK1*SS,愛知県,1542,MO-ZE.,愛知県,2339,P,愛知県,0,,-
PENDUAL,IMPLANTATION,0,,-,660,TIOX2,愛知県,1717,ZENI,愛知県,2316,U3MARU,愛知県,0,,-
PENDUAL,In The Breeze,0,,-,671,TMR089,愛知県,1130,KENT,愛知県,1781,U3MARU,愛知県,0,,-
PENDUAL,Invitation from Mr.C,0,,-,1148,TIOX2,愛知県,1537,FG,愛知県,2766,ANSA,愛知県,0,,-
PENDUAL,IXION,0,,-,1117,TMR089,愛知県,1797,YUDEX2,愛知県,2168,P,愛知県,0,,-
PENDUAL,Line 4 Ruin,0,,-,715,AK1*SS,愛知県,1826,YUDEX2,愛知県,2801,P,愛知県,0,,-
PENDUAL,Monopole.,0,,-,772,AK1*SS,愛知県,1676,TIOX2,愛知県,3406,P,愛知県,0,,-
PENDUAL,NEO GENERATOR SEVEN,0,,-,919,TIOX2,愛知県,1888,H.S-GX,愛知県,3310,ANSA,愛知県,0,,-
PENDUAL,Night sky,0,,-,1163,TIOX2,愛知県,1897,ZENI,愛知県,2952,KUREI,愛知県,0,,-
PENDUAL,No Tears,0,,-,1202,TIOX2,愛知県,2109,KI.*,愛知県,2558,P,愛知県,0,,-
PENDUAL,PENDUAL TALISMAN,0,,-,1039,TIOX2,愛知県,1619,H.S-GX,愛知県,2614,ANSA,愛知県,0,,-
PENDUAL,Rave*it!! Rave*it!!,0,,-,1022,TIOX2,愛知県,1707,ZU,愛知県,3284,KUREI,愛知県,0,,-
PENDUAL,Realize Maze,0,,-,1264,TIOX2,愛知県,2096,YUDEX2,愛知県,2998,KUREI,愛知県,0,,-
PENDUAL,Reflux,0,,-,796,TIOX2,愛知県,1604,ZENI,愛知県,3040,P,愛知県,0,,-
PENDUAL,Sakura Mirage,0,,-,1009,TIOX2,愛知県,1394,YUDEX2,愛知県,2371,KUREI,愛知県,0,,-
PENDUAL,SAMSARA,0,,-,833,TIOX2,愛知県,1442,TIOX2,愛知県,2057,KIRISY,愛知県,0,,-
PENDUAL,Say YEEEAHH,0,,-,1177,TIOX2,愛知県,1829,2530,愛知県,3330,P,愛知県,0,,-
PENDUAL,Scarlet Moon,0,,-,1074,TIOX2,愛知県,1966,ZENI,愛知県,2748,PUPPY*,愛知県,0,,-
PENDUAL,Scars of FAUNA,0,,-,867,TIOX2,愛知県,1679,TIOX2,愛知県,2921,KUREI,愛知県,0,,-
PENDUAL,Shooting Fireball,0,,-,960,TIOX2,愛知県,2293,M0T7R1,愛知県,3934,P,愛知県,0,,-
PENDUAL,Sounds Of Summer,0,,-,1271,TIOX2,愛知県,2117,FG,愛知県,2986,KUREI,愛知県,0,,-
PENDUAL,SpaceLand☆TOYBOX,0,,-,1084,TIOX2,愛知県,1745,KITUNE,愛知県,2977,P,愛知県,0,,-
PENDUAL,Sweet Radar,0,,-,676,YUDEX2,愛知県,1378,YUDEX2,愛知県,2039,BBMART,愛知県,0,,-
PENDUAL,Symmetry,0,,-,1162,TIOX2,愛知県,2079,FG,愛知県,3293,PUPPY*,愛知県,0,,-
PENDUAL,TA・DA ☆ YO・SHI,0,,-,1053,3ZORO,愛知県,1658,KI.*,愛知県,2337,ANSA,愛知県,0,,-
PENDUAL,The Least 100sec,0,,-,797,ABQ33S,愛知県,1461,ZENI,愛知県,2958,P,愛知県,0,,-
PENDUAL,TIEFSEE,0,,-,1298,TIOX2,愛知県,2170,KI.*,愛知県,3495,P,愛知県,0,,-
PENDUAL,TOXIC VIBRATION,0,,-,1640,TIOX2,愛知県,2397,FG,愛知県,3821,P,愛知県,0,,-
PENDUAL,Vulkan,0,,-,1001,EXAM,愛知県,2023,H.S-GX,愛知県,3022,S.MOCK,愛知県,0,,-
PENDUAL,We're so Happy (P*Light Remix) IIDX ver.,0,,-,1153,TMR089,愛知県,2308,M0T7R1,愛知県,3727,P,愛知県,0,,-
PENDUAL,ZZ,202,WISTIA,愛知県,1278,U*YAMA,愛知県,2050,YUDEX2,愛知県,3066,P,愛知県,0,,-
PENDUAL,それは花火のような恋,708,TMR089,愛知県,1257,MUGEN,愛知県,2512,M0T7R1,愛知県,3888,ANSA,愛知県,0,,-
PENDUAL,とろぴかる倶楽部,0,,-,609,ANPAN,愛知県,1468,H.S-GX,愛知県,2275,S.MOCK,愛知県,0,,-
PENDUAL,ぷろぐれっしぶ時空少女！うらしまたろ子ちゃん！,0,,-,867,AK1*SS,愛知県,1506,KI.*,愛知県,2558,P,愛知県,0,,-
PENDUAL,もっと！モット！ときめき feat. 松下,0,,-,1297,HIRAHO,愛知県,2045,TIOX2,愛知県,2743,ANSA,愛知県,0,,-
PENDUAL,ドッキン☆サマーあばんちゅーる,0,,-,1043,HIDE-Z,愛知県,1781,H.S-GX,愛知県,2862,KUREI,愛知県,0,,-
PENDUAL,パ→ピ→プ→Yeah!,379,AGARI*,愛知県,991,GT-TIG,愛知県,1613,YUDEX2,愛知県,2554,KUREI,愛知県,0,,-
PENDUAL,ベィスドロップ・フリークス,0,,-,635,TIOX2,愛知県,1261,TIOX2,愛知県,2243,S.MOCK,愛知県,2479,P,愛知県
PENDUAL,リリーゼと炎龍レーヴァテイン,0,,-,977,NSFTSP,愛知県,2297,AROTTE,愛知県,3515,P,愛知県,0,,-
PENDUAL,共鳴遊戯の華,0,,-,1323,TIOX2,愛知県,2496,CLERNE,愛知県,3907,P,愛知県,0,,-
PENDUAL,十六夜セツナ,0,,-,1018,TMR089,愛知県,1628,YUDEX2,愛知県,2254,P,愛知県,0,,-
PENDUAL,千年ノ理,0,,-,1146,AK1*SS,愛知県,1989,YUDEX2,愛知県,3193,KUREI,愛知県,4303,P,愛知県
PENDUAL,取り残された美術(Arranged:HiZuMi),247,LUMINE,愛知県,959,REO,愛知県,1758,YUDEX2,愛知県,2217,KUREI,愛知県,0,,-
PENDUAL,夏色DIARY - L.E.D.-G STYLE MIX -,0,,-,933,REO,愛知県,2028,ANSA,愛知県,3130,KUREI,愛知県,0,,-
PENDUAL,妖隠し -あやかしかくし-,0,,-,953,AGARI*,愛知県,1567,NKK-R,愛知県,2202,U3MARU,愛知県,0,,-
PENDUAL,少年は空を辿る,0,,-,1220,ABQ33S,愛知県,2035,FG,愛知県,3325,PUPPY*,愛知県,0,,-
PENDUAL,恋は白帯、サンシロー,0,,-,742,AK1*SS,愛知県,1262,K.,愛知県,2038,ANSA,愛知県,2785,KUREI,愛知県
PENDUAL,打打打打打打打打打打,200,AGARI*,愛知県,769,TKSN.,愛知県,1324,KZN,愛知県,2667,KUREI,愛知県,0,,-
PENDUAL,時空トラベローグ,0,,-,1060,REO,愛知県,1845,TIOX2,愛知県,2701,P,愛知県,0,,-
PENDUAL,白露の風,0,,-,469,AGARI*,愛知県,1192,ABQ33S,愛知県,2032,P,愛知県,0,,-
PENDUAL,紅牡丹,484,ELIWOD,愛知県,1049,AK1*SS,愛知県,1851,YUDEX2,愛知県,2862,PUPPY*,愛知県,0,,-
PENDUAL,表裏一体！？怪盗いいんちょの悩み,0,,-,1082,AK1*SS,愛知県,2187,AGOPYX,愛知県,3608,P,愛知県,4465,KUREI,愛知県
PENDUAL,超青少年ノ為ノ超多幸ナ超古典的超舞曲,0,,-,1058,YUDEX2,愛知県,2050,YUDEX2,愛知県,2698,KUREI,愛知県,4100,KUREI,愛知県
PENDUAL,鬼天,0,,-,949,M,愛知県,1552,39RABA,愛知県,2489,U3MARU,愛知県,0,,-
PENDUAL,Ｘ↑Ｘ↓,0,,-,905,MAMI,愛知県,1802,YUDEX2,愛知県,2933,KUREI,愛知県,0,,-
copula,199024club -Re:BounceKiller-,0,,-,680,MAMI,愛知県,1664,H.S-GX,愛知県,2416,P,愛知県,0,,-
copula,Acid Pumper,0,,-,675,REO,愛知県,1590,KIRISY,愛知県,2497,ANSA,愛知県,0,,-
copula,Angelic Jelly,0,,-,1053,M.R.R,愛知県,2062,TIOX2,愛知県,2808,KUREI,愛知県,0,,-
copula,AO-1,0,,-,1248,TIOX2,愛知県,1909,FG,愛知県,2808,TOSMEN,愛知県,0,,-
copula,Arcana,0,,-,1223,YUDEX2,愛知県,1751,ZENI,愛知県,2294,P,愛知県,0,,-
copula,Aublia,0,,-,941,AK1*SS,愛知県,1513,H.S-GX,愛知県,2576,BBMART,愛知県,0,,-
copula,Battle Train -IIDX Edition-,0,,-,867,REO,愛知県,2514,ZENI,愛知県,3272,KUREI,愛知県,0,,-
copula,Blue Spring Express,0,,-,1308,TIOX2,愛知県,2074,AGOPYX,愛知県,3313,PUPPY*,愛知県,0,,-
copula,Central Station,0,,-,987,AK1*SS,愛知県,1557,H.S-GX,愛知県,2427,P,愛知県,0,,-
copula,chaos eater -IIDX edition-,0,,-,1161,REO,愛知県,1753,H.S-GX,愛知県,2642,KUREI,愛知県,0,,-
copula,CODE:1 [revision1.0.1],0,,-,970,REO,愛知県,1765,YUDEX2,愛知県,3133,U3MARU,愛知県,0,,-
copula,Daily Lunch Special,0,,-,1084,T2-K,愛知県,2127,AMMKRN,愛知県,2978,KUREI,愛知県,0,,-
copula,Damage Per Second,0,,-,860,REO,愛知県,1380,ALPACA,愛知県,2048,P,愛知県,2302,KUREI,愛知県
copula,Derelict Star feat. Ryu*,0,,-,1418,*9N2*,愛知県,1939,YUDEX2,愛知県,2639,S1R0,愛知県,0,,-
copula,Devil's Gear,0,,-,1016,REO,愛知県,2145,M0T7R1,愛知県,3492,P,愛知県,0,,-
copula,DIAMOND CROSSING,0,,-,972,NSFTSP,愛知県,1773,M0T7R1,愛知県,3099,PUPPY*,愛知県,0,,-
copula,do the thing feat. Kanae Asaba,0,,-,577,AGNI,愛知県,1499,H.S-GX,愛知県,2308,PUPPY*,愛知県,0,,-
copula,Donkey Donk,0,,-,1211,YUDEX2,愛知県,1747,YUDEX2,愛知県,2292,KUREI,愛知県,0,,-
copula,Dynamite,522,YU-,愛知県,1189,RAPI-3,愛知県,2410,SXI,愛知県,3847,KUREI,愛知県,0,,-
copula,Everlasting Last,0,,-,805,RYDIA,愛知県,1660,YUDEX2,愛知県,2243,P,愛知県,0,,-
copula,Exchange Place,0,,-,760,AK1*SS,愛知県,1265,YUDEX2,愛知県,1803,P,愛知県,0,,-
copula,GENERATE feat.綾倉盟,0,,-,1138,TMR089,愛知県,1776,YUDEX2,愛知県,2363,P,愛知県,0,,-
copula,Go Faraway,0,,-,1027,TIOX2,愛知県,1504,KI.*,愛知県,2513,P,愛知県,0,,-
copula,GOBBLE,0,,-,500,YUDEX2,愛知県,681,SAVA,愛知県,1723,KUREI,愛知県,0,,-
copula,Godspeed,0,,-,1053,AGARI*,愛知県,1949,GALAXY,愛知県,3198,P,愛知県,0,,-
copula,Grand Chariot,0,,-,1157,TAKPOP,愛知県,1921,ZENI,愛知県,3471,ANSA,愛知県,0,,-
copula,Highcharge Divolt,0,,-,882,AK1*SS,愛知県,1683,89-CHU,愛知県,2814,P,愛知県,0,,-
copula,Inner Spirit,0,,-,885,TIOX2,愛知県,1808,TE92.,愛知県,2850,PUPPY*,愛知県,0,,-
copula,Journey,0,,-,672,GT-TIG,愛知県,1244,TIOX2,愛知県,1896,KUREI,愛知県,3156,KUREI,愛知県
copula,Konzert V,0,,-,1291,TIOX2,愛知県,2275,H.S-GX,愛知県,3340,PUPPY*,愛知県,0,,-
copula,La dolce primavera,0,,-,701,AK1*SS,愛知県,1372,TIOX2,愛知県,2188,P,愛知県,0,,-
copula,M4K3 1T B0UNC3,0,,-,1353,AGARI*,愛知県,2116,YUDEX2,愛知県,3044,KUREI,愛知県,0,,-
copula,Musik LoverZ,0,,-,1078,*9N2*,愛知県,1319,SAVA,愛知県,2519,U3MARU,愛知県,0,,-
copula,NANAIRO,0,,-,1061,TIOX2,愛知県,1721,SAVA,愛知県,2587,ANSA,愛知県,0,,-
copula,Nightmare before oversleep,0,,-,1185,TMR089,愛知県,1922,CXX,愛知県,2982,KUREI,愛知県,0,,-
copula,NINJA IS DEAD IIDX ver.,0,,-,1241,TIOX2,愛知県,1842,H9A3R*,愛知県,3004,ANSA,愛知県,0,,-
copula,NO LIMIT -オレ達に限界は無い-,0,,-,833,TIOX2,愛知県,1241,TIOX2,愛知県,2286,KUREI,愛知県,0,,-
copula,Nowhere,0,,-,878,YUDEX2,愛知県,1466,TIOX2,愛知県,2157,JDR-OK,愛知県,0,,-
copula,NZM,0,,-,1085,TIOX2,愛知県,1556,EDAGE,愛知県,3486,P,愛知県,0,,-
copula,On the FM,0,,-,1132,TIOX2,愛知県,1622,TIOX2,愛知県,2828,P,愛知県,0,,-
copula,Outbreak,0,,-,1341,TIOX2,愛知県,1864,YUDEX2,愛知県,3039,KUREI,愛知県,0,,-
copula,POSSESSION,508,ELIWOD,愛知県,1359,KOKORO,愛知県,2139,ERUASA,愛知県,3007,P,愛知県,0,,-
copula,quick master (reform version),0,,-,160,*9N2*,愛知県,356,*9N2*,愛知県,528,*9N2*,愛知県,0,,-
copula,refrain,0,,-,1233,TIOX2,愛知県,2323,AGOPYX,愛知県,3674,P,愛知県,0,,-
copula,Rock It,0,,-,1162,TIOX2,愛知県,1656,TIOX2,愛知県,2981,P,愛知県,0,,-
copula,Routing,0,,-,948,TIOX2,愛知県,1665,H.S-GX,愛知県,2575,P,愛知県,0,,-
copula,Sephirot,0,,-,957,TIOX2,愛知県,1658,YUDEX2,愛知県,2342,IKAKIN,愛知県,0,,-
copula,Set U Free feat. Kanae Asaba,0,,-,953,YUDEX2,愛知県,1577,H.S-GX,愛知県,2510,TOSMEN,愛知県,0,,-
copula,SHELTER OF THE MIND,0,,-,1442,KI.*,愛知県,1992,KI.*,愛知県,3067,P,愛知県,0,,-
copula,STARLiGHT,0,,-,956,TMR089,愛知県,1787,N-RIE,愛知県,2770,CLERNE,愛知県,0,,-
copula,STARLIGHT DANCEHALL,0,,-,1277,TIOX2,愛知県,1826,FG,愛知県,2666,PUPPY*,愛知県,3336,PUPPY*,愛知県
copula,StrayedCatz,0,,-,1074,TIOX2,愛知県,1899,AGARI*,愛知県,2912,P,愛知県,0,,-
copula,Super Duper Racers,0,,-,952,TIOX2,愛知県,1619,YUDEX2,愛知県,2390,P,愛知県,3686,P,愛知県
copula,SURVIVOR,0,,-,711,TIOX2,愛知県,1290,TIOX2,愛知県,2025,P,愛知県,0,,-
copula,Tori-no-kimochi,0,,-,266,TMR089,愛知県,1283,ZENI,愛知県,2023,TOSMEN,愛知県,0,,-
copula,Triple Counter,0,,-,1420,TIOX2,愛知県,2220,TIOX2,愛知県,3981,P,愛知県,0,,-
copula,Uh-Oh,0,,-,1113,TIOX2,愛知県,1702,YUDEX2,愛知県,2447,P,愛知県,0,,-
copula,Violet Pulse,0,,-,432,TMR089,愛知県,1715,ZENI,愛知県,2433,TOSMEN,愛知県,4148,P,愛知県
copula,Violet Rose,0,,-,1254,TIOX2,愛知県,1981,AGOPYX,愛知県,2601,U3MARU,愛知県,0,,-
copula,Welcome,0,,-,871,TIOX2,愛知県,1811,M0T7R1,愛知県,2691,KUREI,愛知県,3337,PUPPY*,愛知県
copula,X,0,,-,1595,TIOX2,愛知県,2415,FG,愛知県,3869,P,愛知県,0,,-
copula,ZEPHYRANTHES,0,,-,891,AKARI,愛知県,1767,39RABA,愛知県,2978,KUREI,愛知県,3870,ANSA,愛知県
copula,か・し・ま・し☆PUMP UP！,0,,-,1185,TMR089,愛知県,1856,H.S-GX,愛知県,2846,S.MOCK,愛知県,0,,-
copula,めいさいアイドル☆あいむちゃん♪,0,,-,1517,TIOX2,愛知県,2351,YUDEX2,愛知県,3357,PUPPY*,愛知県,0,,-
copula,オルタネイトβ,0,,-,847,TMR089,愛知県,1436,KI.*,愛知県,2271,P,愛知県,0,,-
copula,ギョギョっと人魚 爆婚ブライダル,0,,-,821,TIOX2,愛知県,1363,BPM128,愛知県,2370,ANSA,愛知県,0,,-
copula,シュッパツシンコウ・シサカンコ,0,,-,1078,ETOILE,愛知県,1793,YUDEX2,愛知県,2449,KIRISY,愛知県,0,,-
copula,セロトニン,0,,-,1255,REO,愛知県,1828,TIOX2,愛知県,2348,KUREI,愛知県,0,,-
copula,少女アリスと箱庭幻想コンチェルト,0,,-,770,TMR089,愛知県,1481,MUSSAN,愛知県,2181,P,愛知県,0,,-
copula,明鏡止水,0,,-,851,AK1*SS,愛知県,1851,TIOX2,愛知県,2855,P,愛知県,0,,-
copula,星屑ディスタンシア,0,,-,684,TIOX2,愛知県,1211,KI.*,愛知県,2126,TOSMEN,愛知県,0,,-
copula,朝焼けから始まるボクらの小さな旅,0,,-,935,AK1*SS,愛知県,1608,SAVA,愛知県,2550,BBMART,愛知県,0,,-
copula,灼熱 Pt.2 Long Train Running,606,ELIWOD,愛知県,1316,TIOX2,愛知県,2110,MIREI.,愛知県,3456,P,愛知県,0,,-
copula,真 地獄超特急 -HELL or HELL-,0,,-,1455,TIOX2,愛知県,2191,YKTN,愛知県,3315,BBMART,愛知県,0,,-
copula,紫陽花 -AZISAI-,403,ANPO,愛知県,1278,TIOX2,愛知県,2070,2530,愛知県,2903,ANSA,愛知県,3327,ANSA,愛知県
copula,追想快晴テーマパーク,0,,-,1172,REO,愛知県,2032,ELIWOD,愛知県,3086,S.MOCK,愛知県,0,,-
copula,量子の海のリントヴルム,0,,-,873,AK1*SS,愛知県,1812,ZENI,愛知県,3005,P,愛知県,0,,-
copula,駅猫のワルツ,0,,-,1115,ABQ33S,愛知県,2127,H.S-GX,愛知県,2891,P,愛知県,0,,-
copula,麗 ～うらら～,262,AGARI*,愛知県,1001,IIDX33,愛知県,1781,YUDEX2,愛知県,2645,U3MARU,愛知県,0,,-
SINOBUZ,¡Viva!,0,,-,944,REO,愛知県,1625,ZENI,愛知県,2015,TOSMEN,愛知県,0,,-
SINOBUZ,#MAGiCVLGiRL_TRVP_B3VTZ,0,,-,1125,REO,愛知県,1962,H.S-GX,愛知県,3423,CLERNE,愛知県,0,,-
SINOBUZ,(This Is Not) The Angels,0,,-,596,TIOX2,愛知県,1437,TIOX2,愛知県,2702,KIRISY,愛知県,0,,-
SINOBUZ,Amazing Mirage,371,AGARI*,愛知県,915,YUDEX2,愛知県,1754,YUDEX2,愛知県,2663,P,愛知県,3295,PUPPY*,愛知県
SINOBUZ,AO-∞,0,,-,1114,REO,愛知県,1869,ZENI,愛知県,2671,S.MOCK,愛知県,0,,-
SINOBUZ,Apocalypse,0,,-,1115,REO,愛知県,2163,CAMEL.,愛知県,3605,P,愛知県,0,,-
SINOBUZ,Around The Galaxy,0,,-,1094,REO,愛知県,2088,TIOX2,愛知県,3418,P,愛知県,0,,-
SINOBUZ,AsiaN distractive,0,,-,1155,REO,愛知県,1776,H.S-GX,愛知県,2657,P,愛知県,0,,-
SINOBUZ,BabeL ～Grand Story～,0,,-,1222,MAMI,愛知県,2127,S*OMG,愛知県,2834,KUREI,愛知県,0,,-
SINOBUZ,Be A Star,0,,-,945,REO,愛知県,1796,ALPACA,愛知県,2821,P,愛知県,0,,-
SINOBUZ,Beat Juggling Mix,0,,-,961,REO,愛知県,1576,TIOX2,愛知県,2218,ANSA,愛知県,0,,-
SINOBUZ,Believe in you,0,,-,1168,REO,愛知県,1854,H.S-GX,愛知県,2434,S.MOCK,愛知県,0,,-
SINOBUZ,Beyond The Seven,0,,-,732,AK1*SS,愛知県,1332,YUDEX2,愛知県,2741,KUREI,愛知県,0,,-
SINOBUZ,BREAK OVER,0,,-,867,REO,愛知県,1552,ZENI,愛知県,2381,ANSA,愛知県,0,,-
SINOBUZ,Breakin' Chain,0,,-,687,REO,愛知県,1301,H.S-GX,愛知県,2323,ANSA,愛知県,0,,-
SINOBUZ,BroGamer,0,,-,1359,REI*2,愛知県,2143,TIOX2,愛知県,3110,KUREI,愛知県,4646,P,愛知県
SINOBUZ,Caterpillar,0,,-,1216,TMR089,愛知県,2186,TIOX2,愛知県,3079,P,愛知県,0,,-
SINOBUZ,crew,0,,-,631,YUDEX2,愛知県,1759,*9N2*,愛知県,2948,KUREI,愛知県,0,,-
SINOBUZ,Cyber True Color,0,,-,957,REO,愛知県,1598,333.,愛知県,2388,P,愛知県,0,,-
SINOBUZ,DORNWALD ～Junge～,0,,-,1197,NAGOON,愛知県,2242,OMEGA,愛知県,3717,P,愛知県,0,,-
SINOBUZ,ECHIDNA,0,,-,1219,REO,愛知県,2114,GALAXY,愛知県,3432,P,愛知県,0,,-
SINOBUZ,Egret and Willow,0,,-,996,REO,愛知県,1662,RAPI-3,愛知県,2752,KUREI,愛知県,0,,-
SINOBUZ,elemental bender feat. Kanae Asaba,0,,-,633,AK1*SS,愛知県,1064,3ZORO,愛知県,1640,ANSA,愛知県,0,,-
SINOBUZ,FUZIN RIZIN,0,,-,1212,TMR089,愛知県,2000,YUDEX2,愛知県,3834,P,愛知県,0,,-
SINOBUZ,Go Ahead!!,0,,-,954,RION,愛知県,1531,M0T7R1,愛知県,2719,ANSA,愛知県,0,,-
SINOBUZ,GuNGNiR,0,,-,1291,H9A3R*,愛知県,2697,A.K.A.,愛知県,4009,P,愛知県,4590,JDR-OK,愛知県
SINOBUZ,HADES,378,AKHR01,愛知県,994,TIOX2,愛知県,1852,H.S-GX,愛知県,3088,BBMART,愛知県,0,,-
SINOBUZ,HAPPY★RUSH,0,,-,778,AK1*SS,愛知県,1817,AGARI*,愛知県,2927,S.MOCK,愛知県,0,,-
SINOBUZ,Honey Trap,0,,-,827,TIOX2,愛知県,1620,KI.*,愛知県,2538,KUREI,愛知県,0,,-
SINOBUZ,INVISIBLE STRIX,0,,-,1164,TIOX2,愛知県,2061,ZX,愛知県,2607,S.MOCK,愛知県,0,,-
SINOBUZ,Lost wing at.0,0,,-,918,TIOX2,愛知県,1465,ZENI,愛知県,2459,PUPPY*,愛知県,0,,-
SINOBUZ,Macuilxochitl,527,TMR089,愛知県,1434,AGARI*,愛知県,2226,AGOPYX,愛知県,3342,P,愛知県,0,,-
SINOBUZ,Magical,0,,-,808,REO,愛知県,1195,TIOX2,愛知県,2018,P,愛知県,0,,-
SINOBUZ,Mare Nectaris,0,,-,1416,AGARI*,愛知県,2182,BBMART,愛知県,3807,P,愛知県,0,,-
SINOBUZ,Modular Technology,0,,-,1238,TIOX2,愛知県,1931,M0T7R1,愛知県,2691,ANSA,愛知県,0,,-
SINOBUZ,Music is The Answer,0,,-,747,REO,愛知県,1403,TIOX2,愛知県,1944,P,愛知県,0,,-
SINOBUZ,nostos,0,,-,887,TIOX2,愛知県,1288,TIOX2,愛知県,2673,BBMART,愛知県,0,,-
SINOBUZ,OOO,0,,-,665,ILMINA,愛知県,1473,YUDEX2,愛知県,2068,KUREI,愛知県,2668,P,愛知県
SINOBUZ,OTENAMI Hurricane,0,,-,1298,TIOX2,愛知県,2176,ZENI,愛知県,3202,P,愛知県,0,,-
SINOBUZ,PAPAYAPA BASS,0,,-,779,TIOX2,愛知県,1569,YUDEX2,愛知県,2838,P,愛知県,0,,-
SINOBUZ,Piano Samurai,0,,-,1055,TIOX2,愛知県,1783,KI.*,愛知県,2483,KIRISY,愛知県,0,,-
SINOBUZ,Quakes,0,,-,1130,TIOX2,愛知県,2101,ZENI,愛知県,3229,P,愛知県,0,,-
SINOBUZ,RAIN,0,,-,1162,TIOX2,愛知県,1804,AGOPYX,愛知県,3289,P,愛知県,0,,-
SINOBUZ,Rave Cannon,0,,-,1065,KI.*,愛知県,1826,FG,愛知県,3374,P,愛知県,0,,-
SINOBUZ,Remedy feat. Kanae Asaba,0,,-,925,TIOX2,愛知県,1641,KI.*,愛知県,2215,ANSA,愛知県,0,,-
SINOBUZ,ROTTERDAM SHOGUN,516,YU-,愛知県,1133,TIOX2,愛知県,1856,YUDEX2,愛知県,2576,ANSA,愛知県,0,,-
SINOBUZ,SAMURAI-Scramble,0,,-,1003,TIOX2,愛知県,1678,ALPACA,愛知県,2413,PUPPY*,愛知県,2872,P,愛知県
SINOBUZ,Sarutobi Champion is 拙者,0,,-,956,TIOX2,愛知県,1416,TMR089,愛知県,2248,BBMART,愛知県,0,,-
SINOBUZ,SAY BAY,0,,-,858,YUDEX2,愛知県,1520,YUDEX2,愛知県,2867,P,愛知県,0,,-
SINOBUZ,Seaside Labyrinth,0,,-,645,TIOX2,愛知県,1310,RIS.BN,愛知県,1887,ANSA,愛知県,0,,-
SINOBUZ,Selfish Sweet,0,,-,654,*9N2*,愛知県,964,HAGU*2,愛知県,1727,ANSA,愛知県,2685,P,愛知県
SINOBUZ,SEQUENCE CAT,0,,-,1078,TIOX2,愛知県,2235,ZENI,愛知県,2877,P,愛知県,0,,-
SINOBUZ,shuriken,0,,-,792,YUDEX2,愛知県,1133,TIOX2,愛知県,2575,BBMART,愛知県,0,,-
SINOBUZ,SINOBUZ Fantasy,0,,-,1035,TMR089,愛知県,1686,SYRUP1,愛知県,2440,KIRISY,愛知県,0,,-
SINOBUZ,Sky High,418,ANPO,愛知県,1182,TIOX2,愛知県,2355,YUDEX2,愛知県,3847,P,愛知県,0,,-
SINOBUZ,Snakey Kung-fu,0,,-,1116,TIOX2,愛知県,2199,YUDEX2,愛知県,3460,P,愛知県,0,,-
SINOBUZ,Steel Edge,0,,-,893,REO,愛知県,1500,AROTTE,愛知県,3179,KUREI,愛知県,0,,-
SINOBUZ,Summerlights(IIDX Edition),0,,-,1152,TIOX2,愛知県,1839,2530,愛知県,3134,P,愛知県,0,,-
SINOBUZ,Super Rush,0,,-,1039,TMR089,愛知県,1887,YUDEX2,愛知県,3558,P,愛知県,0,,-
SINOBUZ,Surf on the Light,0,,-,774,YUDEX2,愛知県,1503,2BOSHI,愛知県,2294,P,愛知県,0,,-
SINOBUZ,The Commanders,0,,-,972,YUDEX2,愛知県,1528,YUDEX2,愛知県,2451,KUREI,愛知県,0,,-
SINOBUZ,TOGAKUSHI,0,,-,1016,XENOMT,愛知県,1909,H.S-GX,愛知県,2629,PUPPY*,愛知県,0,,-
SINOBUZ,Umbral,0,,-,593,REO,愛知県,1408,TIOX2,愛知県,1930,P,愛知県,3102,KUREI,愛知県
SINOBUZ,Venom,0,,-,1285,TIOX2,愛知県,2108,TIOX2,愛知県,3204,BBMART,愛知県,0,,-
SINOBUZ,Vermilion,0,,-,835,REO,愛知県,1350,KENT,愛知県,2045,U3MARU,愛知県,0,,-
SINOBUZ,Warrior,0,,-,990,REO,愛知県,1773,H.S-GX,愛知県,2484,YUDEX2,愛知県,0,,-
SINOBUZ,XINOBIKILL,0,,-,985,AK1*SS,愛知県,1686,EDAGE,愛知県,2915,ANSA,愛知県,0,,-
SINOBUZ,yamabiko (SINOBUZ Edition),0,,-,946,T.K1,愛知県,1609,ZENI,愛知県,2667,P,愛知県,0,,-
SINOBUZ,Yellow Sketch(RX-Ver.S.P.L.),0,,-,770,TMR089,愛知県,1704,TMR089,愛知県,2900,ANSA,愛知県,0,,-
SINOBUZ,〆,0,,-,1236,REO,愛知県,2283,TIOX2,愛知県,3716,P,愛知県,0,,-
SINOBUZ,ちらちら・はらはら,0,,-,412,AGARI*,愛知県,949,TMR089,愛知県,1426,RIS.BN,愛知県,0,,-
SINOBUZ,イザナミノナゲキ,0,,-,1166,REO,愛知県,1942,GOWAS,愛知県,3290,P,愛知県,0,,-
SINOBUZ,ディッシュウォッシャー◎彡おいわちゃん,0,,-,701,ELIWOD,愛知県,1442,TIOX2,愛知県,2539,KUREI,愛知県,0,,-
SINOBUZ,九尾狐夜行,0,,-,843,REO,愛知県,1778,H.S-GX,愛知県,2990,P,愛知県,0,,-
SINOBUZ,冬椿 ft. Kanae Asaba,257,REO,愛知県,943,YOUMU,愛知県,1261,KI.*,愛知県,2289,BBMART,愛知県,3062,KUREI,愛知県
SINOBUZ,刃図羅,0,,-,1221,AGARI*,愛知県,2100,ZENI,愛知県,3450,P,愛知県,0,,-
SINOBUZ,忍恋花,0,,-,980,REO,愛知県,1687,AMMKRN,愛知県,2256,S.MOCK,愛知県,0,,-
SINOBUZ,恋はどう？モロ◎波動OK☆方程式!!,0,,-,983,REO,愛知県,1558,H.S-GX,愛知県,2486,P,愛知県,0,,-
SINOBUZ,月雪に舞う華のように,0,,-,802,REO,愛知県,1316,ZENI,愛知県,2118,KIRISY,愛知県,0,,-
SINOBUZ,次葉 -turn the page-,0,,-,839,TIOX2,愛知県,1419,ZENI,愛知県,2006,P,愛知県,0,,-
SINOBUZ,津軽雪,0,,-,1542,TIOX2,愛知県,2251,ZENI,愛知県,3864,P,愛知県,0,,-
SINOBUZ,火影,0,,-,709,AK1*SS,愛知県,1400,ALPACA,愛知県,2796,P,愛知県,0,,-
SINOBUZ,焔極OVERKILL,0,,-,1115,REO,愛知県,2097,TIOX2,愛知県,3608,KUREI,愛知県,0,,-
SINOBUZ,獅子霞麗ノ舞,0,,-,496,REO,愛知県,1020,K.,愛知県,1742,KUREI,愛知県,0,,-
SINOBUZ,禍根,0,,-,796,ABQ33S,愛知県,1370,H.S-GX,愛知県,2646,P,愛知県,0,,-
SINOBUZ,童話回廊,0,,-,919,REO,愛知県,1729,ZENI,愛知県,3089,PUPPY*,愛知県,0,,-
SINOBUZ,鴉,0,,-,1516,TIOX2,愛知県,2239,M0T7R1,愛知県,2709,KUREI,愛知県,0,,-
CANNON BALLERS,1001 -ESCAPE-,0,,-,1005,AK1*SS,愛知県,1711,KI.*,愛知県,2647,P,愛知県,0,,-
CANNON BALLERS,255,0,,-,889,REO,愛知県,1617,YUDEX2,愛知県,3290,ANSA,愛知県,0,,-
CANNON BALLERS,AA -rebuild-,0,,-,1255,TIOX2,愛知県,2447,YKTN,愛知県,3615,P,愛知県,0,,-
CANNON BALLERS,Abraxas,0,,-,748,CIEL,愛知県,1636,TIOX2,愛知県,2461,KUREI,愛知県,0,,-
CANNON BALLERS,ACCELERATE,0,,-,1129,REO,愛知県,1735,TIOX2,愛知県,2509,S.MOCK,愛知県,0,,-
CANNON BALLERS,Alpheratz,0,,-,436,*9N2*,愛知県,1030,CBN,愛知県,2094,U3MARU,愛知県,2931,KUREI,愛知県
CANNON BALLERS,Amor De Verao,0,,-,758,REO,愛知県,1399,H.S-GX,愛知県,2343,U3MARU,愛知県,0,,-
CANNON BALLERS,ANAGMA,0,,-,1003,REO,愛知県,1745,333.,愛知県,2615,S.MOCK,愛知県,0,,-
CANNON BALLERS,ANCHOR,0,,-,1343,TIOX2,愛知県,2508,YUDEX2,愛知県,3616,P,愛知県,0,,-
CANNON BALLERS,Antigravity,0,,-,993,REO,愛知県,2001,YUDEX2,愛知県,3055,KUREI,愛知県,0,,-
CANNON BALLERS,Arca,0,,-,906,REO,愛知県,1857,TIOX2,愛知県,3171,KUREI,愛知県,0,,-
CANNON BALLERS,Around the Future,0,,-,1013,REO,愛知県,1685,TIOX2,愛知県,2637,KUREI,愛知県,0,,-
CANNON BALLERS,Back Spin Sweeper,0,,-,850,TMR089,愛知県,1393,ZENI,愛知県,2300,KUREI,愛知県,0,,-
CANNON BALLERS,Battleground,0,,-,1126,REO,愛知県,1905,YKTN,愛知県,2715,P,愛知県,0,,-
CANNON BALLERS,Be a Hero!,0,,-,757,REO,愛知県,1940,YUDEX2,愛知県,3139,ANSA,愛知県,0,,-
CANNON BALLERS,Best of Me,0,,-,823,TMR089,愛知県,1592,ZENI,愛知県,2235,BBMART,愛知県,0,,-
CANNON BALLERS,Boomy and The Boost,411,AKHR01,愛知県,1013,REO,愛知県,2015,AROTTE,愛知県,3604,P,愛知県,0,,-
CANNON BALLERS,Break Stasis,0,,-,1258,SE2KEN,愛知県,1937,YUDEX2,愛知県,2524,ANSA,愛知県,0,,-
CANNON BALLERS,ChaserXX,0,,-,1052,HR,愛知県,1823,TIOX2,愛知県,2846,U3MARU,愛知県,3865,P,愛知県
CANNON BALLERS,Chemical Cookie,0,,-,807,NSFTSP,愛知県,1420,MO-ZE.,愛知県,2159,P,愛知県,0,,-
CANNON BALLERS,City Never Sleeps (IIDX Edition),0,,-,1248,H9A3R*,愛知県,1863,GOWAS,愛知県,2679,P,愛知県,0,,-
CANNON BALLERS,COSMIC☆WONDER☆REVOLUTION,0,,-,752,REO,愛知県,1405,KENT,愛知県,2095,TOSMEN,愛知県,0,,-
CANNON BALLERS,DEADHEAT,0,,-,1173,AGARI*,愛知県,2058,44.5,愛知県,3363,KUREI,愛知県,0,,-
CANNON BALLERS,DEATH†ZIGOQ ～怒りの高速爆走野郎～,0,,-,1354,REM.S*,愛知県,2452,ZENI,愛知県,4016,ANSA,愛知県,4743,P,愛知県
CANNON BALLERS,DropZ-Line-,0,,-,1256,428!?,愛知県,2081,OMEGA,愛知県,3225,BBMART,愛知県,0,,-
CANNON BALLERS,Eine Haube ～聖地の果てにあるもの～,0,,-,956,REO,愛知県,1422,H.S-GX,愛知県,2619,P,愛知県,0,,-
CANNON BALLERS,EMERALDAS,525,AMMKRN,愛知県,1339,TMR089,愛知県,2465,ANSA,愛知県,3557,P,愛知県,0,,-
CANNON BALLERS,encounter,0,,-,948,REO,愛知県,1738,89-CHU,愛知県,3313,P,愛知県,0,,-
CANNON BALLERS,Exhaust Hype,0,,-,996,AK1*SS,愛知県,1924,FG,愛知県,2832,KUREI,愛知県,0,,-
CANNON BALLERS,Expanded !!,0,,-,655,3ZORO,愛知県,1536,ELIWOD,愛知県,2630,ANSA,愛知県,0,,-
CANNON BALLERS,Fervidex,0,,-,858,TMR089,愛知県,1802,AGOPYX,愛知県,2714,ANSA,愛知県,0,,-
CANNON BALLERS,FREEDOM,0,,-,1004,YUDEX2,愛知県,1742,ZENI,愛知県,2941,KUREI,愛知県,0,,-
CANNON BALLERS,From Time To Time,0,,-,792,ABQ33S,愛知県,1847,SUSHI*,愛知県,2575,BBMART,愛知県,0,,-
CANNON BALLERS,FUTURE is Dead,0,,-,878,REO,愛知県,1454,FG,愛知県,2246,ANSA,愛知県,0,,-
CANNON BALLERS,Get Up! feat. Kanae Asaba,0,,-,563,REO,愛知県,1187,2,愛知県,1926,P,愛知県,0,,-
CANNON BALLERS,HAT TRICK,0,,-,853,TIOX2,愛知県,1444,S*OMG,愛知県,2227,U3MARU,愛知県,0,,-
CANNON BALLERS,Hella Deep,0,,-,597,REO,愛知県,1030,ABQ33S,愛知県,1878,KUREI,愛知県,0,,-
CANNON BALLERS,HYPE THE CORE,0,,-,1065,REO,愛知県,2008,M0T7R1,愛知県,2998,ANSA,愛知県,0,,-
CANNON BALLERS,I Love You,0,,-,1068,TIOX2,愛知県,1733,M3,愛知県,2755,P,愛知県,0,,-
CANNON BALLERS,Illusionary Waterlily,0,,-,1253,REO,愛知県,2250,YUDEX2,愛知県,3568,P,愛知県,0,,-
CANNON BALLERS,Initiation,625,YU-,愛知県,1389,ABQ33S,愛知県,2503,YKTN,愛知県,3986,KUREI,愛知県,0,,-
CANNON BALLERS,"Life Is A Game ft.DD""ナカタ""Metal",0,,-,1252,TIOX2,愛知県,1896,FG,愛知県,3456,PUPPY*,愛知県,0,,-
CANNON BALLERS,LUV DRIVE,0,,-,836,TIOX2,愛知県,1322,OMEGA,愛知県,2110,KIRISY,愛知県,0,,-
CANNON BALLERS,MAXIVCORD,0,,-,818,TIOX2,愛知県,1422,MO-ZE.,愛知県,2436,S.MOCK,愛知県,0,,-
CANNON BALLERS,Midnight Lady,0,,-,628,AK1*SS,愛知県,1168,TIOX2,愛知県,1943,TOSMEN,愛知県,0,,-
CANNON BALLERS,n'pa pa BBQ,0,,-,909,K.T,愛知県,1743,YUDEX2,愛知県,2802,P,愛知県,0,,-
CANNON BALLERS,NITROUS CANNON,0,,-,1333,GALAXY,愛知県,2019,89-CHU,愛知県,3598,PUPPY*,愛知県,0,,-
CANNON BALLERS,No Limit 2 dAnce feat. 大山愛未,0,,-,969,TIOX2,愛知県,1557,YUDEX2,愛知県,2355,P,愛知県,0,,-
CANNON BALLERS,Nothing but Theory,0,,-,1098,TIOX2,愛知県,1594,AGOPYX,愛知県,2869,U3MARU,愛知県,3751,ANSA,愛知県
CANNON BALLERS,O/D*20,0,,-,1147,TIOX2,愛知県,1680,KIRISY,愛知県,2130,U3MARU,愛知県,3905,P,愛知県
CANNON BALLERS,Only for now,0,,-,918,*9N2*,愛知県,1559,H.S-GX,愛知県,2271,P,愛知県,0,,-
CANNON BALLERS,Papilio ulysses,0,,-,1122,REO,愛知県,2120,KAINAL,愛知県,2925,PUPPY*,愛知県,0,,-
CANNON BALLERS,Persephone,0,,-,1345,TIOX2,愛知県,1999,YUDEX2,愛知県,3000,ANSA,愛知県,0,,-
CANNON BALLERS,Rampage,0,,-,1301,YUDEX2,愛知県,2501,YUDEX2,愛知県,3627,KUREI,愛知県,0,,-
CANNON BALLERS,Raspberry Railgun,0,,-,1320,REO,愛知県,2208,TUKSMY,愛知県,3197,P,愛知県,0,,-
CANNON BALLERS,REVOLVER,0,,-,932,TIOX2,愛知県,1576,TIOX2,愛知県,2773,ANSA,愛知県,3336,P,愛知県
CANNON BALLERS,Sleepless days,0,,-,509,YUDEX2,愛知県,912,TMR089,愛知県,1576,IKAKIN,愛知県,0,,-
CANNON BALLERS,Slipstream,0,,-,1025,REO,愛知県,2023,H.S-GX,愛知県,3583,P,愛知県,0,,-
CANNON BALLERS,SPEED DEMON,0,,-,741,NSFTSP,愛知県,1431,OGRCAP,愛知県,2363,KUREI,愛知県,0,,-
CANNON BALLERS,STARLIGHT JUNCTION,0,,-,908,YUDEX2,愛知県,1600,KI.*,愛知県,2290,U3MARU,愛知県,2917,KUREI,愛知県
CANNON BALLERS,Static State,0,,-,1042,AK1*SS,愛知県,1642,REO,愛知県,2359,TOSMEN,愛知県,0,,-
CANNON BALLERS,Temple of Anubis,0,,-,975,AK1*SS,愛知県,1538,H.S-GX,愛知県,2681,P,愛知県,0,,-
CANNON BALLERS,THE CANNONBALLER,483,AGARI*,愛知県,1519,TIOX2,愛知県,2425,ZENI,愛知県,3470,P,愛知県,0,,-
CANNON BALLERS,The Chase,0,,-,645,REO,愛知県,1356,ALPACA,愛知県,2201,P,愛知県,0,,-
CANNON BALLERS,UMMU,439,YUDEX2,愛知県,1223,YOUMU,愛知県,2081,M3,愛知県,3111,KUREI,愛知県,0,,-
CANNON BALLERS,Usual Days-remix,0,,-,1094,TMR089,愛知県,1506,ZENI,愛知県,2690,U3MARU,愛知県,0,,-
CANNON BALLERS,Xperanza,542,ELIWOD,愛知県,1393,TIOX2,愛知県,2442,ZENI,愛知県,3181,CLERNE,愛知県,0,,-
CANNON BALLERS,うさ☆かめ 大戦争！,0,,-,923,REO,愛知県,1603,NIBO4,愛知県,2527,PUPPY*,愛知県,0,,-
CANNON BALLERS,エディブルフラワーの独白,0,,-,821,TMR089,愛知県,1556,H.S-GX,愛知県,2215,U3MARU,愛知県,0,,-
CANNON BALLERS,シムルグの目醒め,0,,-,1422,TIOX2,愛知県,2316,M0T7R1,愛知県,3525,P,愛知県,0,,-
CANNON BALLERS,ナイトシティー・アヴァンチュール,0,,-,1038,TMR089,愛知県,1540,TIOX2,愛知県,2091,ANSA,愛知県,0,,-
CANNON BALLERS,ハイ*ビスカス ft. Kanae Asaba,0,,-,874,TMR089,愛知県,1563,YUDEX2,愛知県,2457,P,愛知県,0,,-
CANNON BALLERS,バ→ビ→ブ→Bomb!,0,,-,819,ABQ33S,愛知県,1773,TIOX2,愛知県,2555,KIRISY,愛知県,0,,-
CANNON BALLERS,バスルーム ロマンス,0,,-,960,GACHAP,愛知県,1457,H.S-GX,愛知県,2440,U3MARU,愛知県,0,,-
CANNON BALLERS,パラドキシカル・タイムリープトライアル(Short Ver.),0,,-,1016,ABQ33S,愛知県,1927,TIOX2,愛知県,2800,ANSA,愛知県,0,,-
CANNON BALLERS,ラストセンチュリーメランコリック,0,,-,834,REO,愛知県,1584,H.S-GX,愛知県,2203,KUREI,愛知県,0,,-
CANNON BALLERS,共犯ヘヴンズコード,0,,-,493,REO,愛知県,1369,GOWAS,愛知県,2261,TOSMEN,愛知県,0,,-
CANNON BALLERS,命の標本,0,,-,736,TIOX2,愛知県,1684,KI.*,愛知県,2695,KUREI,愛知県,0,,-
CANNON BALLERS,東京神話,425,AKHR01,愛知県,1014,REO,愛知県,1773,H.S-GX,愛知県,2857,ANSA,愛知県,0,,-
CANNON BALLERS,神謳 -RESONANCE-,0,,-,1372,TIOX2,愛知県,2515,ZENI,愛知県,4051,P,愛知県,0,,-
CANNON BALLERS,純真可憐デザイア,254,AGARI*,愛知県,831,TIOX2,愛知県,1613,H.S-GX,愛知県,2335,U3MARU,愛知県,2984,P,愛知県
CANNON BALLERS,草原の王女-軌跡を辿って-,0,,-,693,ELIWOD,愛知県,1234,TIOX2,愛知県,2328,ANSA,愛知県,0,,-
Rootage,& Intelligence,0,,-,1108,REO,愛知県,2172,YUDEX2,愛知県,3224,P,愛知県,0,,-
Rootage,50th Memorial Songs -Beginning Story-,317,REO,愛知県,817,TIOX2,愛知県,1590,SAVA,愛知県,2672,OMEGA,愛知県,0,,-
Rootage,50th Memorial Songs -Flagship medley-,368,MO-ZE.,愛知県,969,TMR089,愛知県,1501,GOWAS,愛知県,2293,ANSA,愛知県,0,,-
Rootage,50th Memorial Songs -The BEMANI History-,541,REO,愛知県,1047,REO,愛知県,1615,MO-ZE.,愛知県,2664,ANSA,愛知県,0,,-
Rootage,50th Memorial Songs -二人の時 ～under the cherry blossoms～-,542,ELIWOD,愛知県,1242,YUDEX2,愛知県,1652,KI.*,愛知県,2614,ANSA,愛知県,0,,-
Rootage,Afterimage d'automne,0,,-,1005,REO,愛知県,1701,H.S-GX,愛知県,2901,P,愛知県,0,,-
Rootage,BLACK JACKAL,0,,-,830,AK1*SS,愛知県,1590,H.S-GX,愛知県,2344,S.MOCK,愛知県,0,,-
Rootage,BLO§OM,0,,-,958,NZ-61D,愛知県,1637,H.S-GX,愛知県,2554,ANSA,愛知県,0,,-
Rootage,Carmina,510,REO,愛知県,1306,ONE621,愛知県,2438,OMEGA,愛知県,3811,P,愛知県,0,,-
Rootage,Carry Me Away,526,REO,愛知県,1073,MONO,愛知県,1810,TIOX2,愛知県,3184,PUPPY*,愛知県,0,,-
Rootage,Catch Our Fire!,0,,-,1300,REO,愛知県,2249,FG,愛知県,3744,P,愛知県,0,,-
Rootage,CODE:0,0,,-,1393,REO,愛知県,2173,TIOX2,愛知県,2845,S.MOCK,愛知県,3514,P,愛知県
Rootage,CoMAAAAAAA,0,,-,1230,TMR089,愛知県,2100,YUDEX2,愛知県,2412,U3MARU,愛知県,3868,KUREI,愛知県
Rootage,COSMIC CYBER,0,,-,1004,REO,愛知県,1687,H.S-GX,愛知県,2928,P,愛知県,0,,-
Rootage,Cranberry City ft. Luschel,0,,-,838,REO,愛知県,1601,H.S-GX,愛知県,2456,P,愛知県,0,,-
Rootage,dAuntl3ss,0,,-,1070,AK1*SS,愛知県,1996,M0T7R1,愛知県,3507,KUREI,愛知県,0,,-
Rootage,Dr. Chemical & Killing Machine,0,,-,1091,REO,愛知県,1872,FG,愛知県,3391,KUREI,愛知県,0,,-
Rootage,Drastic Dramatic,0,,-,1422,REO,愛知県,2404,AGOPYX,愛知県,3515,P,愛知県,0,,-
Rootage,DRUNK MONKY,0,,-,1027,KI.*,愛知県,1639,KIRISY,愛知県,2325,PUPPY*,愛知県,0,,-
Rootage,Ember Lights,0,,-,954,SIMKEN,愛知県,1657,ZENI,愛知県,2730,KUREI,愛知県,3140,P,愛知県
Rootage,EVANESCENT,0,,-,1217,MUGEN,愛知県,2312,FG,愛知県,3651,P,愛知県,0,,-
Rootage,Garuda,0,,-,1020,428!?,愛知県,1589,NKK-R,愛知県,2626,P,愛知県,0,,-
Rootage,Geirskögul,0,,-,1079,TIOX2,愛知県,1582,ZENI,愛知県,2236,S.MOCK,愛知県,0,,-
Rootage,GENE,0,,-,1300,YUDEX2,愛知県,2002,TOSMEN,愛知県,4346,P,愛知県,3548,ANSA,愛知県
Rootage,GIGA THRASH,0,,-,1210,REO,愛知県,1890,ZENI,愛知県,2752,P,愛知県,0,,-
Rootage,Glory,0,,-,754,AK1*SS,愛知県,1563,REO,愛知県,2352,P,愛知県,0,,-
Rootage,GO OVER WITH GLARE -ROOTAGE 26-,0,,-,1038,REO,愛知県,2292,TOSMEN,愛知県,3915,KUREI,愛知県,0,,-
Rootage,HARD BRAIN,0,,-,1303,REO,愛知県,2033,ZENI,愛知県,3799,P,愛知県,0,,-
Rootage,HEISEI,362,AKHR01,愛知県,1132,CROSS,愛知県,1940,FG,愛知県,2574,KUREI,愛知県,0,,-
Rootage,Hurry Hurry,0,,-,728,REO,愛知県,1031,ABQ33S,愛知県,2089,KUREI,愛知県,0,,-
Rootage,IDC feat.REVERBEE (Mo'Cuts Ver),0,,-,1019,AGARI*,愛知県,1575,ALPACA,愛知県,2262,P,愛知県,0,,-
Rootage,IDOL syndrome.,0,,-,764,*9N2*,愛知県,1436,O7NIST,愛知県,2204,U3MARU,愛知県,3033,KUREI,愛知県
Rootage,KILL EACH OTHER,0,,-,1368,ALPACA,愛知県,2418,GALAXY,愛知県,3852,P,愛知県,0,,-
Rootage,L.F.O,0,,-,876,TIOX2,愛知県,1728,FG,愛知県,3329,P,愛知県,0,,-
Rootage,LADYBIRD,0,,-,1080,GO.I,愛知県,1630,RAPI-3,愛知県,2481,P,愛知県,0,,-
Rootage,Let me be your cure,0,,-,1141,TMR089,愛知県,1432,KI.*,愛知県,2677,BBMART,愛知県,0,,-
Rootage,Lethal Weapon,0,,-,1183,TIOX2,愛知県,1879,CAMEL.,愛知県,3224,BBMART,愛知県,0,,-
Rootage,Level One,0,,-,1269,TIOX2,愛知県,2294,H.S-GX,愛知県,3577,P,愛知県,0,,-
Rootage,Lift Us High,0,,-,972,TIOX2,愛知県,1611,YUDEX2,愛知県,2484,ANSA,愛知県,0,,-
Rootage,LOST TECHNOLOGIE,0,,-,1131,TIOX2,愛知県,1892,H.S-GX,愛知県,3547,P,愛知県,0,,-
Rootage,Macho Monky,0,,-,1451,TIOX2,愛知県,2083,H.S-GX,愛知県,3113,P,愛知県,0,,-
Rootage,Necroxis Girl,0,,-,1183,KI.*,愛知県,1966,89-CHU,愛知県,2808,PUPPY*,愛知県,0,,-
Rootage,"Next Tales 2 Oath (IIDX 20th Anniv ""Ring"" Theme)",0,,-,908,TIOX2,愛知県,1562,SAVA,愛知県,2755,KUREI,愛知県,0,,-
Rootage,Night! Night! Night!,0,,-,1213,TIOX2,愛知県,1820,S*OMG,愛知県,3067,P,愛知県,0,,-
Rootage,ONIGOROSHI,0,,-,1175,TMR089,愛知県,2125,OMEGA,愛知県,3009,PUPPY*,愛知県,0,,-
Rootage,OVER TIME,0,,-,577,TMR089,愛知県,959,TIOX2,愛知県,1553,ANSA,愛知県,2026,P,愛知県
Rootage,Painful Fate,0,,-,1220,LUMI27,愛知県,2291,ZENI,愛知県,3360,P,愛知県,0,,-
Rootage,Playing With Fire,0,,-,999,TIOX2,愛知県,1636,MO-ZE.,愛知県,2365,S.MOCK,愛知県,0,,-
Rootage,Psycho Sheep Riddim,0,,-,635,AK1*SS,愛知県,973,333.,愛知県,1678,S.MOCK,愛知県,2287,P,愛知県
Rootage,Red. by Jack Trance,0,,-,1524,YUDEX2,愛知県,2147,MIREI.,愛知県,3608,P,愛知県,0,,-
Rootage,REPLAY,0,,-,940,TIOX2,愛知県,1638,ONE621,愛知県,2280,P,愛知県,0,,-
Rootage,ROCK女 feat. 大山愛未， Ken,0,,-,1027,AGARI*,愛知県,1790,H.S-GX,愛知県,2798,KUREI,愛知県,0,,-
Rootage,ruin of opals,0,,-,985,TIOX2,愛知県,1858,TIOX2,愛知県,3159,BBMART,愛知県,0,,-
Rootage,R∞tAge,533,ELIWOD,愛知県,1107,TIOX2,愛知県,1674,KI.*,愛知県,2981,KUREI,愛知県,0,,-
Rootage,SPEED ROCKER,0,,-,904,TIOX2,愛知県,1728,ZENI,愛知県,2328,KUREI,愛知県,0,,-
Rootage,Technicolour Dreams,0,,-,927,DAN-G-,愛知県,1420,NKK-R,愛知県,2390,S1R0,愛知県,0,,-
Rootage,The Best of Both Worlds,0,,-,584,ILMINA,愛知県,1419,H.S-GX,愛知県,2245,KUREI,愛知県,0,,-
Rootage,THE DAY OF JUBILATIONS,0,,-,1526,TIOX2,愛知県,2394,ZENI,愛知県,3438,ANSA,愛知県,0,,-
Rootage,The Rebellion of Sequencer,0,,-,1256,TIOX2,愛知県,1996,TUKSMY,愛知県,3165,P,愛知県,0,,-
Rootage,toy boxer,0,,-,769,TIOX2,愛知県,1411,AGARI*,愛知県,2234,S.MOCK,愛知県,0,,-
Rootage,ToyCube Pf.(RX-Ver.S.P.L.),0,,-,742,TIOX2,愛知県,1542,TIOX2,愛知県,2299,P,愛知県,0,,-
Rootage,Trill auf G,0,,-,1149,TIOX2,愛知県,2097,FG,愛知県,3233,ANSA,愛知県,0,,-
Rootage,Twilight Warp,0,,-,954,TMR089,愛知県,1456,KI.*,愛知県,2163,P,愛知県,0,,-
Rootage,Unbelief,0,,-,1058,REO,愛知県,2106,NIBO4,愛知県,3255,P,愛知県,0,,-
Rootage,UNDERWORLD HOLOGRAPHY,0,,-,1111,REO,愛知県,2059,MO-ZE.,愛知県,3285,P,愛知県,0,,-
Rootage,Urban Constellations,0,,-,718,TMR089,愛知県,1421,KENT,愛知県,2310,KUREI,愛知県,3414,A.K.A.,愛知県
Rootage,Visterhv,0,,-,1273,YUDEX2,愛知県,2277,YUDEX2,愛知県,3705,ANSA,愛知県,0,,-
Rootage,voltississimo,0,,-,1138,REO,愛知県,2077,TIOX2,愛知県,3670,S.MOCK,愛知県,0,,-
Rootage,Wing of Hearts,0,,-,1081,REO,愛知県,1782,H.S-GX,愛知県,2943,P,愛知県,0,,-
Rootage,Wolf 1061,0,,-,1013,TIOX2,愛知県,1715,ZENI,愛知県,3131,ANSA,愛知県,0,,-
Rootage,Wonderland,0,,-,999,REO,愛知県,1828,YUDEX2,愛知県,2760,ANSA,愛知県,0,,-
Rootage,X-DEN,0,,-,1677,AROTTE,愛知県,2766,S.MOCK,愛知県,4000,A.K.A.,愛知県,0,,-
Rootage,XENON II ～TOMOYUKIの野望～,0,,-,1114,MONO,愛知県,1769,H.S-GX,愛知県,3029,P,愛知県,0,,-
Rootage,Xlo,0,,-,1500,TIOX2,愛知県,2399,M0T7R1,愛知県,3858,P,愛知県,0,,-
Rootage,Yum Yum Jelly,0,,-,771,AK1*SS,愛知県,1572,ZENI,愛知県,2396,P,愛知県,0,,-
Rootage,ZENDEGI DANCE,0,,-,1166,REO,愛知県,1841,AGOPYX,愛知県,2775,U3MARU,愛知県,0,,-
Rootage,おーまい！らぶりー！すうぃーてぃ！だーりん！,0,,-,1054,REO,愛知県,1955,H.S-GX,愛知県,2931,ANSA,愛知県,0,,-
Rootage,お菓子の王国,0,,-,1431,TIOX2,愛知県,2271,AGOPYX,愛知県,4043,NIBO4,愛知県,0,,-
Rootage,グラナダの風,0,,-,799,ABQ33S,愛知県,1227,H.S-GX,愛知県,1879,ANSA,愛知県,0,,-
Rootage,セカンドピアス,0,,-,583,REO,愛知県,1094,AGARI*,愛知県,2024,ANSA,愛知県,0,,-
Rootage,ハードベース・フェスタ,0,,-,1114,REO,愛知県,1822,H.S-GX,愛知県,2877,P,愛知県,0,,-
Rootage,ミストレス・アンに花束を,0,,-,564,REO,愛知県,1003,REO,愛知県,1430,BBMART,愛知県,0,,-
Rootage,ミッドナイト☆WAR,0,,-,805,REO,愛知県,1593,YUDEX2,愛知県,2518,U3MARU,愛知県,0,,-
Rootage,夏の匂い。キミの残像。 ft. Kanae Asaba,0,,-,690,TIOX2,愛知県,1552,YUDEX2,愛知県,2559,U3MARU,愛知県,0,,-
Rootage,抱きしめてモナムール,0,,-,1259,MUGEN,愛知県,2316,ZENI,愛知県,4184,P,愛知県,0,,-
Rootage,最小三倍完全数,0,,-,924,TMR089,愛知県,1790,H.S-GX,愛知県,2527,S.MOCK,愛知県,0,,-
Rootage,泰東ノ翠霞,0,,-,473,REO,愛知県,729,428!?,愛知県,1780,ANSA,愛知県,0,,-
Rootage,深愛のリグレット,0,,-,789,TIOX2,愛知県,1206,YUDEX2,愛知県,2407,U3MARU,愛知県,0,,-
Rootage,爆ゼニ☆がってんワーカー,0,,-,1195,REO,愛知県,1859,GOWAS,愛知県,2739,PUPPY*,愛知県,0,,-
Rootage,花冠 feat.Aikapin,0,,-,941,REO,愛知県,1677,TIOX2,愛知県,2620,PUPPY*,愛知県,0,,-
Rootage,金野火織の金色提言,0,,-,1247,TMR089,愛知県,2257,NIBO4,愛知県,3134,ANSA,愛知県,0,,-
Rootage,龍王の霊廟(Mausoleum Of The Primal Dragon),0,,-,1123,TKN3,愛知県,2304,FG,愛知県,3218,KUREI,愛知県,4021,P,愛知県
HEROIC VERSE,27th style,0,,-,1186,YUDEX2,愛知県,1799,YUDEX2,愛知県,2564,KUREI,愛知県,3325,KUREI,愛知県
HEROIC VERSE,Advent Infamous,0,,-,966,REO,愛知県,1652,MIKAN,愛知県,2875,ANSA,愛知県,0,,-
HEROIC VERSE,AKASHIC BREAK,0,,-,1253,YUDEX2,愛知県,2405,ZENI,愛知県,3601,KUREI,愛知県,0,,-
HEROIC VERSE,And-RoiD,0,,-,724,AGARI*,愛知県,1324,ZENI,愛知県,2003,RIS.BN,愛知県,0,,-
HEROIC VERSE,Artist,0,,-,1264,TIOX2,愛知県,2378,ZENI,愛知県,3611,P,愛知県,0,,-
HEROIC VERSE,Backyard Stars,0,,-,1024,REO,愛知県,1558,WISTIA,愛知県,2252,ANSA,愛知県,0,,-
HEROIC VERSE,BEAT PRISONER,0,,-,1216,AGARI*,愛知県,2107,H.S-GX,愛知県,3627,P,愛知県,0,,-
HEROIC VERSE,beatAffection,0,,-,1001,REO,愛知県,1558,AGOPYX,愛知県,2667,S.MOCK,愛知県,0,,-
HEROIC VERSE,Beautiful Harmony (IIDX Mix),0,,-,881,REO,愛知県,1691,MO-ZE.,愛知県,2484,P,愛知県,0,,-
HEROIC VERSE,Bow shock!!,0,,-,816,*9N2*,愛知県,1958,YUDEX2,愛知県,3112,KUREI,愛知県,4281,P,愛知県
HEROIC VERSE,Calvados Queen,0,,-,971,TMR089,愛知県,1460,REO,愛知県,2457,S.MOCK,愛知県,0,,-
HEROIC VERSE,Change Yourself,0,,-,925,AGARI*,愛知県,1747,ZENI,愛知県,2551,U3MARU,愛知県,0,,-
HEROIC VERSE,Crank It,0,,-,767,REO,愛知県,1455,*9N2*,愛知県,2456,P,愛知県,0,,-
HEROIC VERSE,Dans la nuit de l'eternite,0,,-,1361,H9A3R*,愛知県,2223,AGOPYX,愛知県,3393,ANSA,愛知県,0,,-
HEROIC VERSE,Do What You Want,0,,-,697,AK1*SS,愛知県,1256,RAPI-3,愛知県,2042,P,愛知県,0,,-
HEROIC VERSE,Double Dribble,0,,-,1219,REO,愛知県,1880,TIOX2,愛知県,3339,KUREI,愛知県,0,,-
HEROIC VERSE,EROICA,0,,-,1341,ABQ33S,愛知県,2333,YUDEX2,愛知県,3851,BBMART,愛知県,0,,-
HEROIC VERSE,Everlasting Message,0,,-,1209,NSFTSP,愛知県,2266,TIOX2,愛知県,3799,P,愛知県,0,,-
HEROIC VERSE,fairy cocktail,0,,-,452,REO,愛知県,1063,SAVA,愛知県,1642,2BOSHI,愛知県,0,,-
HEROIC VERSE,Fly Above (Vicissitude Remix),0,,-,888,YUDEX2,愛知県,1492,ALPACA,愛知県,2388,S.MOCK,愛知県,0,,-
HEROIC VERSE,Forgetting Machine,0,,-,714,AK1*SS,愛知県,1244,ELIWOD,愛知県,1718,BBMART,愛知県,0,,-
HEROIC VERSE,Friction[!]Function,0,,-,1067,REO,愛知県,1800,U3MARU,愛知県,3246,P,愛知県,0,,-
HEROIC VERSE,GHOST,0,,-,819,TIOX2,愛知県,1434,SAVA,愛知県,2790,KUREI,愛知県,0,,-
HEROIC VERSE,GIGA VIOLATE,0,,-,1079,REO,愛知県,1591,K.,愛知県,2763,U3MARU,愛知県,0,,-
HEROIC VERSE,Hold My Hand,0,,-,937,TIOX2,愛知県,1676,ZENI,愛知県,2479,S1R0,愛知県,0,,-
HEROIC VERSE,Hyper Drive feat. ぷにぷに電機,0,,-,662,REO,愛知県,1455,ABQ33S,愛知県,1989,PUPPY*,愛知県,0,,-
HEROIC VERSE,If,0,,-,796,TIOX2,愛知県,1326,MO-ZE.,愛知県,1910,P,愛知県,0,,-
HEROIC VERSE,Inferno of Fomalhaut,0,,-,1026,TMR089,愛知県,1847,FG,愛知県,3145,BBMART,愛知県,0,,-
HEROIC VERSE,Infinity Mirror,0,,-,860,TIOX2,愛知県,1393,TIOX2,愛知県,2325,P,愛知県,0,,-
HEROIC VERSE,Into The Madness,0,,-,992,TIOX2,愛知県,1576,TIOX2,愛知県,2545,KUREI,愛知県,0,,-
HEROIC VERSE,LASER CRUSTER (IGNITE REMIX),0,,-,761,NSFTSP,愛知県,1769,H.S-GX,愛知県,3565,ANSA,愛知県,0,,-
HEROIC VERSE,Level 2,0,,-,943,TIOX2,愛知県,1724,H.S-GX,愛知県,2885,KUREI,愛知県,0,,-
HEROIC VERSE,LIGHTNING STRIKES,472,AGARI*,愛知県,919,TIOX2,愛知県,1676,H.S-GX,愛知県,3259,P,愛知県,4164,KUREI,愛知県
HEROIC VERSE,Like+it!,0,,-,1072,TIOX2,愛知県,1750,YUDEX2,愛知県,2385,P,愛知県,0,,-
HEROIC VERSE,Lords Of The Roundtable,0,,-,1073,TIOX2,愛知県,1825,ZENI,愛知県,3084,KUREI,愛知県,0,,-
HEROIC VERSE,Lost Souls,0,,-,713,TMR089,愛知県,1699,YUDEX2,愛知県,2452,ANSA,愛知県,3957,P,愛知県
HEROIC VERSE,Matt Silver,0,,-,1177,TIOX2,愛知県,2118,H.S-GX,愛知県,3335,U3MARU,愛知県,0,,-
HEROIC VERSE,Megalara Garuda,0,,-,1429,428!?,愛知県,1947,FG,愛知県,3062,P,愛知県,0,,-
HEROIC VERSE,Mel,0,,-,769,EXAM,愛知県,1512,GOWAS,愛知県,2169,KIRISY,愛知県,2742,KUREI,愛知県
HEROIC VERSE,Moving on,0,,-,1046,TIOX2,愛知県,1896,MO-ZE.,愛知県,2997,P,愛知県,0,,-
HEROIC VERSE,Nasty Techniques,0,,-,982,TIOX2,愛知県,1681,ZENI,愛知県,2657,KUREI,愛知県,0,,-
HEROIC VERSE,NEWALONE,0,,-,597,TIOX2,愛知県,1258,AGARI*,愛知県,2015,P,愛知県,0,,-
HEROIC VERSE,ORCA,0,,-,1246,REO,愛知県,2395,ZENI,愛知県,3504,P,愛知県,0,,-
HEROIC VERSE,OUTER PLANETS,0,,-,668,TIOX2,愛知県,1345,REO,愛知県,2195,KUREI,愛知県,0,,-
HEROIC VERSE,Override,0,,-,943,TIOX2,愛知県,1622,TIOX2,愛知県,2925,KUREI,愛知県,4325,JDR-OK,愛知県
HEROIC VERSE,PHASE SHIFT MANEUVER,0,,-,1263,TIOX2,愛知県,1718,ZENI,愛知県,2850,ANSA,愛知県,0,,-
HEROIC VERSE,Primitive Vibes,586,AGARI*,愛知県,1171,YUDEX2,愛知県,1974,TIOX2,愛知県,3103,BBMART,愛知県,0,,-
HEROIC VERSE,Queen Kaguya,0,,-,976,TIOX2,愛知県,1882,ZENI,愛知県,2641,KUREI,愛知県,0,,-
HEROIC VERSE,Rainstorm,0,,-,977,TIOX2,愛知県,1545,KI.*,愛知県,2288,P,愛知県,0,,-
HEROIC VERSE,Rave Patroller,0,,-,1307,REO,愛知県,2322,M0T7R1,愛知県,3401,P,愛知県,0,,-
HEROIC VERSE,rough percussionythm,0,,-,1012,TIOX2,愛知県,1665,H.S-GX,愛知県,2563,P,愛知県,0,,-
HEROIC VERSE,S!ck (Nhato Remix),0,,-,990,TIOX2,愛知県,1574,MO-ZE.,愛知県,2544,KUREI,愛知県,0,,-
HEROIC VERSE,SCREW // owo // SCREW,0,,-,1107,TIOX2,愛知県,2137,H.S-GX,愛知県,2999,KUREI,愛知県,0,,-
HEROIC VERSE,Shiva,0,,-,740,*9N2*,愛知県,1472,*9N2*,愛知県,2145,ANSA,愛知県,0,,-
HEROIC VERSE,Silly Love,257,LUMI27,愛知県,789,TIOX2,愛知県,1326,SAVA,愛知県,2102,U3MARU,愛知県,0,,-
HEROIC VERSE,Ska-sh All Neurons!!,0,,-,975,TIOX2,愛知県,1464,YUDEX2,愛知県,2338,S.MOCK,愛知県,0,,-
HEROIC VERSE,Smashing Wedge,0,,-,806,ISAHA,愛知県,2189,YKTN,愛知県,3828,P,愛知県,0,,-
HEROIC VERSE,Sparkle Smilin',0,,-,920,TIOX2,愛知県,1489,H.S-GX,愛知県,2456,CLERNE,愛知県,0,,-
HEROIC VERSE,STOIC HYPOTHESIS,0,,-,1119,TMR089,愛知県,1780,ZENI,愛知県,2845,ANSA,愛知県,0,,-
HEROIC VERSE,Sugar Drippin',0,,-,769,GAMMA,愛知県,1367,TIOX2,愛知県,2107,ANSA,愛知県,0,,-
HEROIC VERSE,T-REX vs Velociraptor (In the Far east euphoria),0,,-,1402,TIOX2,愛知県,1816,H.S-GX,愛知県,3238,P,愛知県,0,,-
HEROIC VERSE,take me higher,0,,-,816,TIOX2,愛知県,1265,ZENI,愛知県,2026,P,愛知県,0,,-
HEROIC VERSE,TECHNO Style Essentials,0,,-,1015,RYOSU*,愛知県,1647,YUDEX2,愛知県,2860,ANSA,愛知県,0,,-
HEROIC VERSE,THE BRAVE MUST DIE,0,,-,1435,TIOX2,愛知県,2460,M0T7R1,愛知県,4105,P,愛知県,0,,-
HEROIC VERSE,THE F∀UST,0,,-,1313,TIOX2,愛知県,2271,H.S-GX,愛知県,3568,BBMART,愛知県,0,,-
HEROIC VERSE,The Sky of Sadness,0,,-,880,TIOX2,愛知県,1502,TIOX2,愛知県,2421,P,愛知県,0,,-
HEROIC VERSE,Theory,0,,-,807,YUDEX2,愛知県,1425,ALPACA,愛知県,2607,BBMART,愛知県,0,,-
HEROIC VERSE,TRIUMPH,0,,-,943,KI.*,愛知県,2010,YUDEX2,愛知県,3416,P,愛知県,0,,-
HEROIC VERSE,UNITE THE HEART,0,,-,1497,TIOX2,愛知県,2544,M0T7R1,愛知県,3348,P,愛知県,0,,-
HEROIC VERSE,VALKYRIAS -英雄誕生-,441,IIDX33,愛知県,1039,TIOX2,愛知県,1719,MO-ZE.,愛知県,2768,P,愛知県,0,,-
HEROIC VERSE,VIBRΛ,0,,-,897,AK1*SS,愛知県,1301,TIOX2,愛知県,1845,KI.*,愛知県,0,,-
HEROIC VERSE,Vinculum stellarum,0,,-,906,REO,愛知県,2387,AGOPYX,愛知県,3688,P,愛知県,0,,-
HEROIC VERSE,Virus Funk,0,,-,772,TIOX2,愛知県,1525,AMMKRN,愛知県,2227,KUREI,愛知県,0,,-
HEROIC VERSE,Volcanic Dragon,0,,-,1079,TIOX2,愛知県,1745,ELIWOD,愛知県,2978,KUREI,愛知県,0,,-
HEROIC VERSE,Voo Doo Bamboleo,0,,-,876,REO,愛知県,1516,ALPACA,愛知県,2504,TOSMEN,愛知県,0,,-
HEROIC VERSE,Ypsilon,0,,-,1078,ABQ33S,愛知県,1755,AGOPYX,愛知県,2904,KUREI,愛知県,3551,A.K.A.,愛知県
HEROIC VERSE,がっつり陰キャ!? 怪盗いいんちょの億劫^^;,0,,-,1566,TIOX2,愛知県,2667,89-CHU,愛知県,4260,A.K.A.,愛知県,0,,-
HEROIC VERSE,シャムシールの舞,0,,-,850,TIOX2,愛知県,1518,AGARI*,愛知県,2569,ANSA,愛知県,0,,-
HEROIC VERSE,セピアの軌跡 ft. 天宮みや(少女フラクタル),377,AGARI*,愛知県,807,TMR089,愛知県,1465,TIOX2,愛知県,2402,KUREI,愛知県,0,,-
HEROIC VERSE,バッドエンド・シンドローム,0,,-,1039,AK1*SS,愛知県,1753,H.S-GX,愛知県,2980,KUREI,愛知県,0,,-
HEROIC VERSE,ピアノ協奏曲第1番”蠍火” (BlackY Remix),0,,-,1011,REO,愛知県,2112,*9N2*,愛知県,3710,KUREI,愛知県,0,,-
HEROIC VERSE,ラブキラ☆スプラッシュ,0,,-,1086,AK1*SS,愛知県,1665,*9N2*,愛知県,2533,P,愛知県,0,,-
HEROIC VERSE,ランカーキラーガール,0,,-,1142,SWL,愛知県,1876,ZENI,愛知県,2941,KUREI,愛知県,0,,-
HEROIC VERSE,曼荼羅恋々,0,,-,1081,REO,愛知県,1750,H.S-GX,愛知県,2774,P,愛知県,0,,-
HEROIC VERSE,深淵に捧ぐレクイエム,0,,-,823,REO,愛知県,1661,H.S-GX,愛知県,3022,PUPPY*,愛知県,0,,-
HEROIC VERSE,灼熱Beach Side Bunny (Masayoshi Iimori Remix),0,,-,654,TIOX2,愛知県,1125,TIOX2,愛知県,1852,P,愛知県,0,,-
HEROIC VERSE,狂水一華,0,,-,946,REO,愛知県,1728,H.S-GX,愛知県,2718,KUREI,愛知県,0,,-
HEROIC VERSE,眠りの国のステラ,0,,-,1182,GAMMA,愛知県,1854,TIOX2,愛知県,2740,S.MOCK,愛知県,0,,-
HEROIC VERSE,華麗なる大犬円舞曲,0,,-,1345,TIOX2,愛知県,2104,YKTN,愛知県,3619,P,愛知県,0,,-
HEROIC VERSE,錬成人間トリコロイダー,0,,-,1024,428!?,愛知県,1810,H.S-GX,愛知県,3209,KUREI,愛知県,0,,-
HEROIC VERSE,開きたまえ！Next stAge！,0,,-,1102,REO,愛知県,1704,TIOX2,愛知県,2891,ANSA,愛知県,0,,-
HEROIC VERSE,魅惑のYUMMYスイーツ,0,,-,911,REO,愛知県,1790,H.S-GX,愛知県,3100,ANSA,愛知県,0,,-
BISTROVER,-65℃,0,,-,1414,TIOX2,愛知県,2283,YUDEX2,愛知県,3764,P,愛知県,0,,-
BISTROVER,ABSOLUTE (kors k Remix),0,,-,927,REO,愛知県,1528,ZENI,愛知県,2638,KUREI,愛知県,0,,-
BISTROVER,Ah Hah Yeah,0,,-,728,HAGU*2,愛知県,1350,ALPACA,愛知県,2165,ANSA,愛知県,0,,-
BISTROVER,AMRITA -不滅ノ花-,0,,-,910,*9N2*,愛知県,1622,KI.*,愛知県,2791,P,愛知県,0,,-
BISTROVER,apo:llioth,0,,-,1216,REO,愛知県,2072,TIOX2,愛知県,2971,KUREI,愛知県,0,,-
BISTROVER,As You Want,0,,-,842,TIOX2,愛知県,1420,REO,愛知県,2480,P,愛知県,0,,-
BISTROVER,ASIAN VIRTUAL REALITIES (MELTING TOGETHER IN DAZZLING DARKNESS),0,,-,1017,NSFTSP,愛知県,1879,H.S-GX,愛知県,3396,P,愛知県,0,,-
BISTROVER,BEMANI PRO LEAGUE Theme,0,,-,771,TIOX2,愛知県,1385,TIOX2,愛知県,1976,IKAKIN,愛知県,0,,-
BISTROVER,BIGソムタム,548,REO,愛知県,1273,TIOX2,愛知県,1892,TIOX2,愛知県,3363,KUREI,愛知県,0,,-
BISTROVER,BLACK or WHITE?,631,TMR089,愛知県,1247,REO,愛知県,2515,YUDEX2,愛知県,3993,P,愛知県,0,,-
BISTROVER,Burning Flame,0,,-,1144,TMR089,愛知県,1837,TIOX2,愛知県,2923,KUREI,愛知県,3779,PUPPY*,愛知県
BISTROVER,Chewingood!!!,306,AGARI*,愛知県,833,REO,愛知県,1496,ELIWOD,愛知県,2609,PUPPY*,愛知県,0,,-
BISTROVER,COSMIC RAY,0,,-,1222,REO,愛知県,2199,ZENI,愛知県,2969,P,愛知県,0,,-
BISTROVER,Crazy Jackpot,0,,-,1004,TMR089,愛知県,1686,YUDEX2,愛知県,2877,P,愛知県,0,,-
BISTROVER,Danza Aestas,0,,-,979,REO,愛知県,1727,GOWAS,愛知県,3031,P,愛知県,0,,-
BISTROVER,Dawn Saga,0,,-,898,AK1*SS,愛知県,1643,H.S-GX,愛知県,2733,KUREI,愛知県,0,,-
BISTROVER,DENIM,0,,-,601,TMR089,愛知県,1241,KENT,愛知県,1727,KIRISY,愛知県,0,,-
BISTROVER,Don't Stop The Music feat. Kanae Asaba,0,,-,673,REO,愛知県,1293,KENT,愛知県,1883,P,愛知県,0,,-
BISTROVER,DUAL STRIKER,0,,-,1170,AK1*SS,愛知県,2497,W-29A2,愛知県,3863,KUREI,愛知県,0,,-
BISTROVER,Empire of Fury,0,,-,1347,AGARI*,愛知県,2120,H.S-GX,愛知県,3348,P,愛知県,0,,-
BISTROVER,Euphoric Lagoon,0,,-,894,YUDEX2,愛知県,1601,*9N2*,愛知県,2606,BBMART,愛知県,0,,-
BISTROVER,Explorer feat. ぷにぷに電機,0,,-,764,*9N2*,愛知県,1318,*9N2*,愛知県,2152,BBMART,愛知県,2915,P,愛知県
BISTROVER,Farewell to Marrakech,0,,-,906,AMMKRN,愛知県,1505,H.S-GX,愛知県,2276,P,愛知県,0,,-
BISTROVER,Fire Beat,0,,-,1099,YUDEX2,愛知県,1769,FG,愛知県,2751,PUPPY*,愛知県,0,,-
BISTROVER,Frisk And Squeak,0,,-,775,REO,愛知県,1500,SAVA,愛知県,2426,S.MOCK,愛知県,0,,-
BISTROVER,GIGA RAID,0,,-,975,TIOX2,愛知県,1868,MO-ZE.,愛知県,2432,KUREI,愛知県,0,,-
BISTROVER,Globe Glitter,0,,-,1068,TIOX2,愛知県,1659,MO-ZE.,愛知県,2701,S.MOCK,愛知県,0,,-
BISTROVER,Here We Are,401,AGARI*,愛知県,1091,TIOX2,愛知県,1710,TIOX2,愛知県,2472,KUREI,愛知県,0,,-
BISTROVER,HIGH VOLTAGE,0,,-,807,428!?,愛知県,1411,ALPACA,愛知県,2272,BBMART,愛知県,0,,-
BISTROVER,Ignis†Irae,0,,-,1024,3ZORO,愛知県,2378,YKTN,愛知県,3776,P,愛知県,0,,-
BISTROVER,IIDX RED Ending (Ryu☆Remix),0,,-,654,*9N2*,愛知県,1139,M3,愛知県,1857,IKAKIN,愛知県,0,,-
BISTROVER,innocent revolver,0,,-,1120,TIOX2,愛知県,2336,AGOPYX,愛知県,3927,P,愛知県,0,,-
BISTROVER,Jungle Eater,0,,-,1003,TIOX2,愛知県,1836,YUDEX2,愛知県,3000,KUREI,愛知県,0,,-
BISTROVER,LAST DAY,0,,-,1135,TIOX2,愛知県,1729,AGOPYX,愛知県,3077,KUREI,愛知県,0,,-
BISTROVER,Level 3,0,,-,1171,TIOX2,愛知県,2289,S.MOCK,愛知県,3540,KUREI,愛知県,0,,-
BISTROVER,LOCUS OF THE TRAVEL,0,,-,1114,TIOX2,愛知県,2463,TAKPOP,愛知県,3719,P,愛知県,0,,-
BISTROVER,Lovely Howdy Cowboy!!,0,,-,1095,TIOX2,愛知県,1787,MO-ZE.,愛知県,2779,ANSA,愛知県,0,,-
BISTROVER,MA・TSU・RI,0,,-,1100,TIOX2,愛知県,1855,ZENI,愛知県,2585,PUPPY*,愛知県,0,,-
BISTROVER,MEGAERA,0,,-,1363,REO,愛知県,2102,FG,愛知県,3500,P,愛知県,0,,-
BISTROVER,Midnight Drive,0,,-,606,TIOX2,愛知県,1308,TIOX2,愛知県,2009,KUREI,愛知県,0,,-
BISTROVER,MOVE! (We Keep It Movin'),0,,-,774,*9N2*,愛知県,1310,333.,愛知県,2216,P,愛知県,0,,-
BISTROVER,Neo Heritage,0,,-,946,TIOX2,愛知県,1657,MO-ZE.,愛知県,2874,ANSA,愛知県,0,,-
BISTROVER,Ocean Blue feat. Luschel,0,,-,864,*9N2*,愛知県,1462,*9N2*,愛知県,2482,P,愛知県,0,,-
BISTROVER,of the first magnitude,0,,-,1037,TIOX2,愛知県,1918,ZU,愛知県,2981,KUREI,愛知県,0,,-
BISTROVER,OTOKOZAKA,0,,-,1058,TIOX2,愛知県,1823,333.,愛知県,2942,KUREI,愛知県,0,,-
BISTROVER,Overslept,0,,-,1145,TMR089,愛知県,1768,ZENI,愛知県,2586,P,愛知県,0,,-
BISTROVER,Para siempre,0,,-,955,TIOX2,愛知県,1541,H.S-GX,愛知県,2895,ANSA,愛知県,0,,-
BISTROVER,Parvati,0,,-,1024,TIOX2,愛知県,1816,H.S-GX,愛知県,2864,ANSA,愛知県,0,,-
BISTROVER,POLKAMANIA,433,AGARI*,愛知県,990,TIOX2,愛知県,1866,H.S-GX,愛知県,2963,KUREI,愛知県,3772,P,愛知県
BISTROVER,Rejection Girl,0,,-,1008,TIOX2,愛知県,1639,MO-ZE.,愛知県,2676,KUREI,愛知県,0,,-
BISTROVER,Ritual of Anubis,0,,-,1180,TIOX2,愛知県,1841,ZENI,愛知県,2815,KUREI,愛知県,0,,-
BISTROVER,Romanticが止まらない,385,AGARI*,愛知県,957,TIOX2,愛知県,1687,KI.*,愛知県,2730,KUREI,愛知県,0,,-
BISTROVER,rommmo,0,,-,1196,TIOX2,愛知県,1839,YUDEX2,愛知県,3492,P,愛知県,0,,-
BISTROVER,Rosa azuL,0,,-,896,TIOX2,愛知県,1762,MO-ZE.,愛知県,2764,ANSA,愛知県,0,,-
BISTROVER,Rowdy,0,,-,1055,TIOX2,愛知県,1578,TIOX2,愛知県,2498,S.MOCK,愛知県,0,,-
BISTROVER,Rubrum Piano,0,,-,977,GAMMA,愛知県,1715,H.S-GX,愛知県,2490,P,愛知県,0,,-
BISTROVER,S-Bahn,0,,-,963,TIOX2,愛知県,1588,ZENI,愛知県,2181,P,愛知県,0,,-
BISTROVER,Sinus Iridum,0,,-,1285,KI.*,愛知県,2112,M0T7R1,愛知県,3306,P,愛知県,0,,-
BISTROVER,smooooch・∀・ (Snail's House Remix),0,,-,858,NSFTSP,愛知県,1575,TIOX2,愛知県,2365,S.MOCK,愛知県,0,,-
BISTROVER,SOLID STATE SQUAD -RISEN RELIC REMIX-,0,,-,1304,TIOX2,愛知県,2234,TIOX2,愛知県,3274,PUPPY*,愛知県,0,,-
BISTROVER,Sugarplum,0,,-,862,AK1*SS,愛知県,1868,TIOX2,愛知県,2527,KUREI,愛知県,0,,-
BISTROVER,Swarm Of Scarabs,0,,-,1058,TIOX2,愛知県,1545,TIOX2,愛知県,2409,S.MOCK,愛知県,0,,-
BISTROVER,Tell me what you wish feat.らっぷびと,0,,-,1107,REO,愛知県,1626,TIOX2,愛知県,2859,ANSA,愛知県,0,,-
BISTROVER,That Feeling,0,,-,728,*9N2*,愛知県,1246,YUDEX2,愛知県,1933,P,愛知県,0,,-
BISTROVER,THE PEERLESS UNDER HEAVEN,0,,-,1149,TIOX2,愛知県,2057,ZENI,愛知県,3473,P,愛知県,0,,-
BISTROVER,The Wind of China Express(The 4th Mashup),0,,-,1007,A,愛知県,1695,TIOX2,愛知県,2561,KUREI,愛知県,0,,-
BISTROVER,Tiempo Loco,0,,-,1035,AK1*SS,愛知県,2035,M0T7R1,愛知県,3736,P,愛知県,0,,-
BISTROVER,Viridian,0,,-,1037,REO,愛知県,1966,M0T7R1,愛知県,3383,P,愛知県,0,,-
BISTROVER,Vitrum,0,,-,1095,TIOX2,愛知県,1726,KANATA,愛知県,3637,P,愛知県,0,,-
BISTROVER,WAKE UP NOW,0,,-,929,AK1*SS,愛知県,1447,TIOX2,愛知県,2013,P,愛知県,2494,P,愛知県
BISTROVER,When I Met U,0,,-,904,YUDEX2,愛知県,1313,TIOX2,愛知県,2058,P,愛知県,0,,-
BISTROVER,Winner's Proof ft. KANASA from bless4,268,LUMI27,愛知県,760,TIOX2,愛知県,1380,TIOX2,愛知県,2218,ANSA,愛知県,0,,-
BISTROVER,X-ray binary,0,,-,967,AGARI*,愛知県,1935,H.S-GX,愛知県,2825,P,愛知県,0,,-
BISTROVER,Zenith,0,,-,823,REO,愛知県,1440,H.S-GX,愛知県,2195,P,愛知県,0,,-
BISTROVER,∀,606,TMR089,愛知県,1325,TIOX2,愛知県,2228,AGOPYX,愛知県,3541,ANSA,愛知県,0,,-
BISTROVER,ここからよろしく大作戦143,267,AGARI*,愛知県,962,TIOX2,愛知県,1778,YUDEX2,愛知県,2526,KUREI,愛知県,3192,P,愛知県
BISTROVER,スーパー戦湯ババンバーン,0,,-,1256,REO,愛知県,2092,FG,愛知県,3419,ANSA,愛知県,0,,-
BISTROVER,ディスコルディア,0,,-,1393,YUDEX2,愛知県,2394,ZENI,愛知県,3974,P,愛知県,0,,-
BISTROVER,バッド・スイーツ、バッド・ドリーム,0,,-,1094,KZN,愛知県,1834,AMMKRN,愛知県,3576,KUREI,愛知県,0,,-
BISTROVER,世界の果てに約束の凱歌を -ReUnion-,0,,-,1162,428!?,愛知県,1903,AGOPYX,愛知県,3897,ANSA,愛知県,0,,-
BISTROVER,乱膳の舞姫,0,,-,1003,REO,愛知県,1814,TIOX2,愛知県,2741,KUREI,愛知県,0,,-
BISTROVER,二人ノ廃城幽踊宴,0,,-,1228,8WARE,愛知県,2218,M0T7R1,愛知県,3684,P,愛知県,0,,-
BISTROVER,伐折羅-vajra-,0,,-,1074,K.T,愛知県,2138,OMEGA,愛知県,3658,PUPPY*,愛知県,0,,-
BISTROVER,儚き恋の華,0,,-,1076,*9N2*,愛知県,1845,TIOX2,愛知県,3017,P,愛知県,0,,-
BISTROVER,新宝島,528,TMR089,愛知県,766,REO,愛知県,1392,TIOX2,愛知県,2369,KUREI,愛知県,3557,KUREI,愛知県
BISTROVER,水無月の雫 ft. 小林まな,0,,-,1241,HIDE-Z,愛知県,1781,H.S-GX,愛知県,2620,U3MARU,愛知県,0,,-
BISTROVER,水鏡の異界,0,,-,864,REO,愛知県,1717,TIOX2,愛知県,3215,JDR-OK,愛知県,0,,-
BISTROVER,涙のテ・エストラーニョ・ムーチョ,0,,-,1340,REO,愛知県,1980,TIOX2,愛知県,2817,ANSA,愛知県,0,,-
BISTROVER,無意識のフィロソフィア,0,,-,1108,ABQ33S,愛知県,2237,TIOX2,愛知県,3344,JDR-OK,愛知県,0,,-
BISTROVER,犬に雨傘,0,,-,919,TIOX2,愛知県,1466,TIOX2,愛知県,2127,KUREI,愛知県,0,,-
BISTROVER,閠槞彁の願い,0,,-,1003,REO,愛知県,2152,ZENI,愛知県,3170,P,愛知県,0,,-
BISTROVER,霧幻メモリア,0,,-,958,TMR089,愛知県,1414,TIOX2,愛知県,2039,ANSA,愛知県,0,,-
BISTROVER,魔法のかくれんぼ,0,,-,839,K.T,愛知県,1620,TIOX2,愛知県,2780,BBMART,愛知県,0,,-
CastHour,10000 MILES AWAY,0,,-,1047,TMR089,愛知県,1650,H.S-GX,愛知県,2959,P,愛知県,0,,-
CastHour,2 Beasts Unchained,0,,-,1489,TIOX2,愛知県,2209,KZN,愛知県,3453,P,愛知県,0,,-
CastHour,808monkey,0,,-,752,TIOX2,愛知県,1188,TIOX2,愛知県,1815,KIRISY,愛知県,0,,-
CastHour,ABSOLUTE EVIL,254,AGARI*,愛知県,1180,TMR089,愛知県,2231,YKTN,愛知県,3476,P,愛知県,0,,-
CastHour,Aftermath,0,,-,1174,ETN1T,愛知県,2409,YUDEX2,愛知県,3609,ANSA,愛知県,0,,-
CastHour,ALTERNATOR,0,,-,1358,TIOX2,愛知県,2463,TIOX2,愛知県,3767,P,愛知県,0,,-
CastHour,AMICABLE,0,,-,1001,GD.18,愛知県,1608,YUDEX2,愛知県,2452,S.MOCK,愛知県,0,,-
CastHour,ANEMONE,222,TIOX2,愛知県,776,TIOX2,愛知県,1601,TIOX2,愛知県,2137,YUDEX2,愛知県,0,,-
CastHour,Angel's Ladder,0,,-,1013,REO,愛知県,2208,ZX,愛知県,3514,P,愛知県,0,,-
CastHour,Ariah,0,,-,706,REO,愛知県,1498,TIOX2,愛知県,2178,ANSA,愛知県,0,,-
CastHour,Arkadia,0,,-,1112,428!?,愛知県,2107,AGOPYX,愛知県,3710,P,愛知県,0,,-
CastHour,Banger Banger Banger Banger,0,,-,975,SWL,愛知県,1794,ZENI,愛知県,2967,KUREI,愛知県,0,,-
CastHour,Binary Black Hole,0,,-,1320,REO,愛知県,2293,M0T7R1,愛知県,3907,P,愛知県,0,,-
CastHour,Blue Bird feat. Kanae Asaba,0,,-,656,TMR089,愛知県,1086,KENT,愛知県,1795,ANSA,愛知県,0,,-
CastHour,Brave Spirits,0,,-,710,REO,愛知県,1397,333.,愛知県,2494,P,愛知県,0,,-
CastHour,DISPARATE,0,,-,975,REO,愛知県,1788,H.S-GX,愛知県,2462,S.MOCK,愛知県,0,,-
CastHour,Divine Heaven,0,,-,944,A,愛知県,1954,MO-ZE.,愛知県,2991,KUREI,愛知県,0,,-
CastHour,Don't believe the hype,0,,-,1142,KI.*,愛知県,2187,TIOX2,愛知県,3263,P,愛知県,0,,-
CastHour,DREAM OF SPACE UFO ABDUCTION,0,,-,1070,REO,愛知県,1786,H.S-GX,愛知県,2715,KIRISY,愛知県,0,,-
CastHour,Emera,0,,-,854,REO,愛知県,1618,H.S-GX,愛知県,2349,P,愛知県,0,,-
CastHour,EMOTiON TRiPPER,0,,-,933,GAMMA,愛知県,1466,MO-ZE.,愛知県,2195,KUREI,愛知県,0,,-
CastHour,Ergosphere,0,,-,993,ABQ33S,愛知県,1824,MO-ZE.,愛知県,2741,ANSA,愛知県,0,,-
CastHour,Fantastic Merry-Go-Round,0,,-,1085,TMR089,愛知県,1471,*9N2*,愛知県,2112,YUDEX2,愛知県,0,,-
CastHour,Fegrix,0,,-,1198,REO,愛知県,2284,YUDEX2,愛知県,3307,PUPPY*,愛知県,0,,-
CastHour,FINALLY BLAZE,0,,-,905,REO,愛知県,1697,KANATA,愛知県,2819,ANSA,愛知県,0,,-
CastHour,Flying Castle,0,,-,1080,TMR089,愛知県,2261,M0T7R1,愛知県,3693,P,愛知県,0,,-
CastHour,Game Changers,0,,-,744,REO,愛知県,1437,ZENI,愛知県,2737,PUPPY*,愛知県,0,,-
CastHour,"Get set, Go! feat.Kanae Asaba",0,,-,829,AK1*SS,愛知県,1449,RAPI-3,愛知県,2130,P,愛知県,0,,-
CastHour,GiGaGaHell,0,,-,1328,RAPI-3,愛知県,2065,M0T7R1,愛知県,3195,S.MOCK,愛知県,0,,-
CastHour,GRAVITON,0,,-,1140,REO,愛知県,2041,AGOPYX,愛知県,3492,KUREI,愛知県,0,,-
CastHour,hard-wired,0,,-,1496,REO,愛知県,2252,FG,愛知県,3589,ANSA,愛知県,0,,-
CastHour,Harmonia,0,,-,744,TMR089,愛知県,1211,ABQ33S,愛知県,2023,P,愛知県,0,,-
CastHour,Hat Surprise,0,,-,668,REO,愛知県,1635,YUDEX2,愛知県,2457,ANSA,愛知県,0,,-
CastHour,HEARTACHE,0,,-,488,WISTIA,愛知県,1159,KZN,愛知県,1847,KUREI,愛知県,0,,-
CastHour,kors k's How to make OTOGE CORE,0,,-,788,TIOX2,愛知県,1523,RIS.BN,愛知県,2325,ANSA,愛知県,0,,-
CastHour,Lawes's Parotia,0,,-,872,NSFTSP,愛知県,1705,MO-ZE.,愛知県,2576,BBMART,愛知県,0,,-
CastHour,LIVE DRIVING!! feat. 花たん,0,,-,1587,BPM128,愛知県,2481,M0T7R1,愛知県,3865,P,愛知県,0,,-
CastHour,N.O.,0,,-,837,TIOX2,愛知県,1483,TIOX2,愛知県,2540,P,愛知県,0,,-
CastHour,n/a,0,,-,1242,AMMKRN,愛知県,1959,A.K.A.,愛知県,3555,P,愛知県,0,,-
CastHour,No Day But Today!,434,REO,愛知県,729,TIOX2,愛知県,1260,SAVA,愛知県,1985,S1R0,愛知県,0,,-
CastHour,Nocturnal 2097,0,,-,940,TIOX2,愛知県,1932,MO-ZE.,愛知県,2946,KUREI,愛知県,0,,-
CastHour,Non Stop Rock,0,,-,798,TIOX2,愛知県,1313,YUDEX2,愛知県,1893,KUREI,愛知県,0,,-
CastHour,One for All,0,,-,1015,TIOX2,愛知県,1805,YUDEX2,愛知県,3211,PUPPY*,愛知県,0,,-
CastHour,Onyx,0,,-,913,TIOX2,愛知県,1507,H.S-GX,愛知県,2402,ANSA,愛知県,0,,-
CastHour,P.O.W.E.R.,0,,-,1033,TIOX2,愛知県,1757,ZENI,愛知県,2358,U3MARU,愛知県,0,,-
CastHour,PIRATES BLADE,0,,-,928,*9N2*,愛知県,1507,MIND**,愛知県,2158,S1R0,愛知県,0,,-
CastHour,PLASMA SOUL NIGHT feat. Nana Takahashi / 709sec.,428,AGARI*,愛知県,1482,TIOX2,愛知県,2561,ZX,愛知県,4487,P,愛知県,0,,-
CastHour,Pout,0,,-,1070,TIOX2,愛知県,1720,MO-ZE.,愛知県,2622,P,愛知県,0,,-
CastHour,Prohibited Props,0,,-,1036,TIOX2,愛知県,1561,TIOX2,愛知県,2271,S1R0,愛知県,2968,BBMART,愛知県
CastHour,Purple Perplex,0,,-,1070,REO,愛知県,1873,H.S-GX,愛知県,3080,P,愛知県,0,,-
CastHour,Push on Beats!～音ゲの国のeX-ストリーマー～,0,,-,1215,TIOX2,愛知県,1880,MOG*,愛知県,3386,ANSA,愛知県,0,,-
CastHour,RAGE feat.H14 of LEONAIR,422,REO,愛知県,1102,TIOX2,愛知県,2238,ZENI,愛知県,3549,P,愛知県,0,,-
CastHour,Silver Bullet,0,,-,1158,TIOX2,愛知県,1993,AGOPYX,愛知県,3244,P,愛知県,0,,-
CastHour,Smalt #28598F,0,,-,1091,TIOX2,愛知県,2345,ZENI,愛知県,3411,P,愛知県,0,,-
CastHour,SOLID WYVERN,0,,-,1208,TIOX2,愛知県,1904,AGOPYX,愛知県,2651,ANSA,愛知県,3904,ANSA,愛知県
CastHour,Souhait bleu,0,,-,879,REO,愛知県,1893,ZENI,愛知県,2786,KUREI,愛知県,0,,-
CastHour,SPARK IN THE NIGHT,0,,-,880,*9N2*,愛知県,1432,H.S-GX,愛知県,2249,S.MOCK,愛知県,0,,-
CastHour,Stepper,0,,-,702,TIOX2,愛知県,1527,TIOX2,愛知県,2206,P,愛知県,0,,-
CastHour,Tail Lights,0,,-,1085,REO,愛知県,1955,AGOPYX,愛知県,3122,BBMART,愛知県,0,,-
CastHour,TOMAHAWK,0,,-,1357,TIOX2,愛知県,2300,OFIRIA,愛知県,3526,BBMART,愛知県,0,,-
CastHour,Triple Cross,590,YUDEX2,愛知県,1132,TIOX2,愛知県,2303,YUDEX2,愛知県,3302,ANSA,愛知県,0,,-
CastHour,Ventriloquist,0,,-,790,YUDEX2,愛知県,1500,AGOPYX,愛知県,2451,P,愛知県,0,,-
CastHour,Victory Of Ravers,0,,-,1027,TIOX2,愛知県,1714,K.,愛知県,2588,S1R0,愛知県,0,,-
CastHour,WHA,0,,-,1218,TIOX2,愛知県,2272,A,愛知県,3701,P,愛知県,0,,-
CastHour,Wonderful Escape,0,,-,934,REO,愛知県,1453,TIOX2,愛知県,2101,P,愛知県,0,,-
CastHour,Xyndrome,0,,-,941,AK1*SS,愛知県,1621,AGOPYX,愛知県,2969,KUREI,愛知県,0,,-
CastHour,《GRANDMASTER》,0,,-,958,REO,愛知県,1781,MO-ZE.,愛知県,2957,PUPPY*,愛知県,0,,-
CastHour,めでてえ,0,,-,1047,REO,愛知県,1710,H.S-GX,愛知県,2666,KUREI,愛知県,0,,-
CastHour,アクマフカ,0,,-,756,GAMMA,愛知県,1487,H.S-GX,愛知県,2314,KUREI,愛知県,0,,-
CastHour,ウツシミウツシ,0,,-,1227,REO,愛知県,2049,H.S-GX,愛知県,3179,P,愛知県,0,,-
CastHour,オドループ,498,ELIWOD,愛知県,1072,REO,愛知県,1573,TIOX2,愛知県,2349,KUREI,愛知県,2996,KIRISY,愛知県
CastHour,オールトの雲,0,,-,1175,REO,愛知県,1969,GOWAS,愛知県,2650,KUREI,愛知県,0,,-
CastHour,グッバイ宣言,576,SUMOMO,愛知県,1108,YUDEX2,愛知県,1802,YUDEX2,愛知県,3111,P,愛知県,3667,PUPPY*,愛知県
CastHour,シル・ヴ・プレジデント,297,AKHR01,愛知県,655,YUDEX2,愛知県,1222,YUDEX2,愛知県,1797,TOSMEN,愛知県,2589,P,愛知県
CastHour,ナイトフィクション,0,,-,721,TIOX2,愛知県,1546,H.S-GX,愛知県,2165,P,愛知県,0,,-
CastHour,ハイテックトキオ,0,,-,1052,REO,愛知県,1891,TIOX2,愛知県,2719,KUREI,愛知県,3276,P,愛知県
CastHour,"ピアノ独奏無言歌 ""灰燼""",0,,-,1189,AMMKRN,愛知県,2453,P,愛知県,3823,BBMART,愛知県,0,,-
CastHour,ミュージック・アワー,542,ELIWOD,愛知県,1216,TMR089,愛知県,2137,YUDEX2,愛知県,3018,P,愛知県,4119,ANSA,愛知県
CastHour,口カラ凸ゲキ,0,,-,897,REO,愛知県,1531,KI.*,愛知県,2394,U3MARU,愛知県,0,,-
CastHour,天邪鬼,412,AGARI*,愛知県,962,AGARI*,愛知県,1709,AROTTE,愛知県,3320,U3MARU,愛知県,0,,-
CastHour,怪物,348,AGARI*,愛知県,746,YUDEX2,愛知県,1193,SAVA,愛知県,2409,KUREI,愛知県,3293,P,愛知県
CastHour,愛しくてラヴィンユー ft. マナ,0,,-,814,YUDEX2,愛知県,1494,AMMKRN,愛知県,2409,U3MARU,愛知県,0,,-
CastHour,月とミルク,0,,-,1000,YUDEX2,愛知県,1580,H.S-GX,愛知県,2794,KUREI,愛知県,0,,-
CastHour,烽火連天の刃,0,,-,1109,428!?,愛知県,2307,ZX,愛知県,3430,BBMART,愛知県,4355,P,愛知県
CastHour,禊,0,,-,1038,REO,愛知県,2292,ZENI,愛知県,3214,P,愛知県,0,,-
CastHour,逆月,0,,-,1495,TIOX2,愛知県,2332,H.S-GX,愛知県,3788,P,愛知県,0,,-
CastHour,雪上断火,0,,-,948,REO,愛知県,1842,MIREI.,愛知県,3025,P,愛知県,0,,-
CastHour,青の洞窟,0,,-,895,TIOX2,愛知県,1889,KENT,愛知県,3179,KUREI,愛知県,0,,-
CastHour,黒紅掬い,0,,-,671,TMR089,愛知県,1220,TIOX2,愛知県,1826,KUREI,愛知県,0,,-
RESIDENT,#CMFLG,0,,-,1132,REO,愛知県,2328,AGOPYX,愛知県,3450,P,愛知県,0,,-
RESIDENT,24h Endurance Race,0,,-,956,REO,愛知県,2090,FG,愛知県,3360,ANSA,愛知県,0,,-
RESIDENT,3V0,0,,-,1005,REO,愛知県,1821,H.S-GX,愛知県,3026,ANSA,愛知県,0,,-
RESIDENT,7 Colors,0,,-,630,TIOX2,愛知県,1200,TIOX2,愛知県,1939,S1R0,愛知県,0,,-
RESIDENT,Always We Trust In You,0,,-,1167,GO.I,愛知県,1857,TIOX2,愛知県,3204,KUREI,愛知県,0,,-
RESIDENT,Ambush Ace,0,,-,1075,GAMMA,愛知県,2101,H.S-GX,愛知県,2971,P,愛知県,0,,-
RESIDENT,AWA AWA,0,,-,765,GO.I,愛知県,1317,TIOX2,愛知県,2323,ANSA,愛知県,0,,-
RESIDENT,B.O.D.Y.,0,,-,1100,TMR089,愛知県,2137,MIREI.,愛知県,3435,P,愛知県,0,,-
RESIDENT,Bad Encryption,0,,-,1269,TIOX2,愛知県,1944,ONE621,愛知県,3175,P,愛知県,0,,-
RESIDENT,Beyond Evolution,0,,-,1490,KI.*,愛知県,2539,IKAKIN,愛知県,4076,P,愛知県,0,,-
RESIDENT,BIGWAVERS,0,,-,1116,GD.18,愛知県,1884,MIREI.,愛知県,3548,KUREI,愛知県,0,,-
RESIDENT,C-C-C-N-N-N,0,,-,978,RAML,愛知県,1754,H.S-GX,愛知県,2843,KUREI,愛知県,0,,-
RESIDENT,Caldwell 99,0,,-,1031,GO.I,愛知県,1872,TIOX2,愛知県,2527,BBMART,愛知県,3332,PUPPY*,愛知県
RESIDENT,Chaotoxin,0,,-,1149,REO,愛知県,1731,TIOX2,愛知県,3367,KUREI,愛知県,0,,-
RESIDENT,CODE -CRiMSON-,0,,-,1270,428!?,愛知県,1871,TIOX2,愛知県,3014,BBMART,愛知県,0,,-
RESIDENT,CUE CUE RESCUE,519,REO,愛知県,1097,REO,愛知県,1691,YUDEX2,愛知県,2554,P,愛知県,3082,PUPPY*,愛知県
RESIDENT,dica dica,0,,-,1140,REO,愛知県,2422,YUDEX2,愛知県,3169,BBMART,愛知県,0,,-
RESIDENT,Dreaming Dream,0,,-,814,REO,愛知県,1420,AROTTE,愛知県,2282,KUREI,愛知県,0,,-
RESIDENT,Driver,0,,-,897,TMR089,愛知県,1257,ABQ33S,愛知県,1808,KUREI,愛知県,0,,-
RESIDENT,EXODUS SIGN,0,,-,1152,REO,愛知県,1794,H.S-GX,愛知県,2669,ANSA,愛知県,0,,-
RESIDENT,Fading Stars,0,,-,1076,REO,愛知県,1640,*9N2*,愛知県,2724,P,愛知県,0,,-
RESIDENT,FLARE -炎舞- ft.Nana Takahashi,0,,-,1129,GO.I,愛知県,1854,MO-ZE.,愛知県,2899,P,愛知県,0,,-
RESIDENT,Get On Your Feet,0,,-,1133,TMR089,愛知県,1767,H.S-GX,愛知県,2750,P,愛知県,0,,-
RESIDENT,GET UP AGAIN,0,,-,1094,ABQ33S,愛知県,1684,WISTIA,愛知県,2435,S.MOCK,愛知県,0,,-
RESIDENT,glacia,0,,-,1167,428!?,愛知県,2162,YUDEX2,愛知県,2964,KUREI,愛知県,0,,-
RESIDENT,Hat Surprise (Season 2),0,,-,1000,TIOX2,愛知県,1839,YUDEX2,愛知県,3425,PUPPY*,愛知県,0,,-
RESIDENT,I,0,,-,1211,GAMMA,愛知県,2280,CXX,愛知県,3741,P,愛知県,0,,-
RESIDENT,KING,451,TMR089,愛知県,950,YUDEX2,愛知県,1969,*9N2*,愛知県,3103,KUREI,愛知県,3922,ANSA,愛知県
RESIDENT,kors k's How to make OTOGE CORE 「LONG」,0,,-,1201,TIOX2,愛知県,2375,IIDX33,愛知県,3623,ANSA,愛知県,0,,-
RESIDENT,LADS,0,,-,938,TIOX2,愛知県,1664,YUDEX2,愛知県,2300,P,愛知県,0,,-
RESIDENT,Level 4,0,,-,1221,YUDEX2,愛知県,2059,ZENI,愛知県,3613,P,愛知県,0,,-
RESIDENT,LOUDER ROLLING THUNDER,0,,-,1090,TIOX2,愛知県,2001,ZENI,愛知県,3445,P,愛知県,0,,-
RESIDENT,MAX 360,0,,-,1216,TIOX2,愛知県,2268,89-CHU,愛知県,3159,BBMART,愛知県,0,,-
RESIDENT,Meissa,0,,-,915,TIOX2,愛知県,1602,MIREI.,愛知県,2853,P,愛知県,0,,-
RESIDENT,Next Level,0,,-,930,TIOX2,愛知県,1620,ZENI,愛知県,2195,BBMART,愛知県,0,,-
RESIDENT,No Border,0,,-,1153,TIOX2,愛知県,2001,KURONE,愛知県,3731,P,愛知県,0,,-
RESIDENT,ONE AND ONLY,0,,-,1172,TIOX2,愛知県,1758,FG,愛知県,3228,P,愛知県,0,,-
RESIDENT,Ou Legends,0,,-,1101,REO,愛知県,2075,MIREI.,愛知県,3291,PUPPY*,愛知県,0,,-
RESIDENT,OVER VOLTAGE,0,,-,1108,TIOX2,愛知県,1790,333.,愛知県,2602,S.MOCK,愛知県,0,,-
RESIDENT,Peaktime Booster,0,,-,1115,ABQ33S,愛知県,1834,M0T7R1,愛知県,3282,P,愛知県,0,,-
RESIDENT,Perfect Plan,0,,-,1164,TMR089,愛知県,1770,YUDEX2,愛知県,2617,KUREI,愛知県,0,,-
RESIDENT,Programmed Genom,0,,-,1117,TIOX2,愛知県,1607,TIOX2,愛知県,2416,P,愛知県,0,,-
RESIDENT,Red Soul,0,,-,1064,TIOX2,愛知県,1767,MO-ZE.,愛知県,2902,S.MOCK,愛知県,0,,-
RESIDENT,Rewind Time,0,,-,709,TIOX2,愛知県,1266,333.,愛知県,2180,TIOX2,愛知県,0,,-
RESIDENT,RINNE,0,,-,1177,ABQ33S,愛知県,2314,TIOX2,愛知県,3505,ANSA,愛知県,0,,-
RESIDENT,Ruler or Loser,0,,-,985,TMR089,愛知県,1671,TIOX2,愛知県,2669,KUREI,愛知県,0,,-
RESIDENT,Seraph,0,,-,986,TIOX2,愛知県,1808,MO-ZE.,愛知県,2450,KUREI,愛知県,0,,-
RESIDENT,Shadow World,0,,-,985,TIOX2,愛知県,1659,GOWAS,愛知県,2732,ANSA,愛知県,0,,-
RESIDENT,Shamshir,0,,-,1083,GAMMA,愛知県,1447,H.S-GX,愛知県,2243,P,愛知県,0,,-
RESIDENT,Somnidiscotheque,0,,-,1312,TIOX2,愛知県,2062,BBMART,愛知県,3280,P,愛知県,0,,-
RESIDENT,STAR BEAT,0,,-,844,TIOX2,愛知県,1688,TIOX2,愛知県,2438,ANSA,愛知県,0,,-
RESIDENT,STRAIGHT TO THE STARS,0,,-,1038,TMR089,愛知県,1701,H.S-GX,愛知県,3007,P,愛知県,0,,-
RESIDENT,Stylus,0,,-,1239,TIOX2,愛知県,1952,AGOPYX,愛知県,2854,PUPPY*,愛知県,0,,-
RESIDENT,Summerblue,372,TMR089,愛知県,1051,GD.18,愛知県,1750,ZENI,愛知県,2445,ANSA,愛知県,0,,-
RESIDENT,Sunny Day Vibes,0,,-,948,TMR089,愛知県,1631,TIOX2,愛知県,2297,KUREI,愛知県,0,,-
RESIDENT,Super Freak,0,,-,1104,IIDX88,愛知県,1855,NKK-R,愛知県,3490,P,愛知県,0,,-
RESIDENT,suspicions,0,,-,1208,TIOX2,愛知県,2239,A,愛知県,3730,U3MARU,愛知県,0,,-
RESIDENT,Swing My Wonderland,0,,-,1234,REO,愛知県,2320,H.S-GX,愛知県,3114,PUPPY*,愛知県,0,,-
RESIDENT,TECHNOPHOBIA,0,,-,808,*9N2*,愛知県,1685,TIOX2,愛知県,3019,ANSA,愛知県,0,,-
RESIDENT,The Clown of 24stairs,0,,-,1114,TIOX2,愛知県,2156,M0T7R1,愛知県,3433,P,愛知県,0,,-
RESIDENT,THE TIME MACHINE,0,,-,1086,TIOX2,愛知県,1735,MO-ZE.,愛知県,2686,P,愛知県,0,,-
RESIDENT,VOID,0,,-,1308,GAMMA,愛知県,1936,GAMMA,愛知県,3235,PUPPY*,愛知県,0,,-
RESIDENT,VOLAQUAS,0,,-,1331,TIOX2,愛知県,2187,ZENI,愛知県,3896,P,愛知県,0,,-
RESIDENT,VOLCANIC BIGBEAT,0,,-,1090,YUDEX2,愛知県,1834,ZENI,愛知県,2862,P,愛知県,0,,-
RESIDENT,"wanna be a ""BAD GIRL"" feat. Nana Takahashi",0,,-,802,*9N2*,愛知県,1316,*9N2*,愛知県,2055,P,愛知県,0,,-
RESIDENT,With You,0,,-,840,*9N2*,愛知県,1590,*9N2*,愛知県,2581,P,愛知県,0,,-
RESIDENT,Xerulean,0,,-,1351,TIOX2,愛知県,2058,ZU,愛知県,3448,P,愛知県,0,,-
RESIDENT,ZENITH,0,,-,1127,TMR089,愛知県,1902,NKK-R,愛知県,3035,KUREI,愛知県,0,,-
RESIDENT,[ ]DENTITY,0,,-,1174,TMR089,愛知県,2109,TIOX2,愛知県,3850,P,愛知県,0,,-
RESIDENT,≡+≡,588,REO,愛知県,1385,TIOX2,愛知県,2088,NKK-R,愛知県,3037,KUREI,愛知県,4607,P,愛知県
RESIDENT,■□模様,0,,-,977,TMR089,愛知県,1504,MO-ZE.,愛知県,2651,PUPPY*,愛知県,0,,-
RESIDENT,《ORDERBREAKER》,0,,-,974,428!?,愛知県,1490,MUGEN,愛知県,2471,PUPPY*,愛知県,0,,-
RESIDENT,あるビー！ feat.ころねぽち,0,,-,974,TIOX2,愛知県,1739,POPPO,愛知県,2864,S.MOCK,愛知県,0,,-
RESIDENT,おとせサンダー,212,REO,愛知県,664,TIOX2,愛知県,1199,TIOX2,愛知県,2169,ANSA,愛知県,0,,-
RESIDENT,きゅんです。,0,,-,734,*9N2*,愛知県,1441,*9N2*,愛知県,2354,KUREI,愛知県,0,,-
RESIDENT,ぞうしょく！？マイデンティティ,0,,-,1240,REO,愛知県,2253,ZX,愛知県,3636,ANSA,愛知県,0,,-
RESIDENT,ちょえちょえまぎか,0,,-,1218,ABQ33S,愛知県,2286,OMEGA,愛知県,3054,KUREI,愛知県,4176,KUREI,愛知県
RESIDENT,サヨナラ・ヘヴン-Celtic Chip Dance Mix-,0,,-,915,GAMMA,愛知県,1522,ALPACA,愛知県,2615,ANSA,愛知県,0,,-
RESIDENT,チェイスチェイスジョーカーズのうた (オニスタイルリミックス),0,,-,991,TMR089,愛知県,1726,TIOX2,愛知県,2837,ANSA,愛知県,0,,-
RESIDENT,パーフェクトイーター,0,,-,1144,ABQ33S,愛知県,2072,S*OMG,愛知県,3052,P,愛知県,0,,-
RESIDENT,儚キ戀ノ幻想譚,596,TMR089,愛知県,1544,KZN,愛知県,2278,ZENI,愛知県,3577,P,愛知県,0,,-
RESIDENT,少年リップルズ,0,,-,886,TIOX2,愛知県,1787,TIOX2,愛知県,2475,KUREI,愛知県,0,,-
RESIDENT,恋愛＝精度×認識力,0,,-,1604,KI.*,愛知県,2297,H.S-GX,愛知県,3384,BBMART,愛知県,0,,-
RESIDENT,惑星☆ロリポップ,0,,-,794,TMR089,愛知県,1587,NKK-R,愛知県,2832,KUREI,愛知県,0,,-
RESIDENT,昏き甲鉄のヴェルガ,0,,-,910,GAMMA,愛知県,1615,TIOX2,愛知県,2352,KUREI,愛知県,0,,-
RESIDENT,月と夢の跡 ft. マナ,0,,-,911,BOW-ZU,愛知県,1552,KI.*,愛知県,2534,KUREI,愛知県,0,,-
RESIDENT,栄冠のカンパネラ,0,,-,1356,TIOX2,愛知県,2149,H.S-GX,愛知県,3902,P,愛知県,0,,-
RESIDENT,楽園追放,0,,-,924,GAMMA,愛知県,1550,ZENI,愛知県,2442,P,愛知県,0,,-
RESIDENT,湘南ロンリーMIDNIGHT RAIN,0,,-,978,TMR089,愛知県,1828,YUDEX2,愛知県,2870,KUREI,愛知県,0,,-
RESIDENT,異心前進♪ぴょんぴょんぴょん,0,,-,1114,YUDEX2,愛知県,1676,YUDEX2,愛知県,2512,YUDEX2,愛知県,0,,-
RESIDENT,真夜中のバベル,0,,-,713,TIOX2,愛知県,1191,GOTTA,愛知県,1741,KUREI,愛知県,0,,-
RESIDENT,神っぽいな,359,GOMA,愛知県,782,TMR089,愛知県,1435,H.S-GX,愛知県,2145,ANSA,愛知県,3012,S.MOCK,愛知県
RESIDENT,神のシナリオ,0,,-,1155,GO.I,愛知県,1743,H.S-GX,愛知県,3258,KUREI,愛知県,0,,-
RESIDENT,罪過の聖堂,0,,-,885,AMMKRN,愛知県,1355,AMMKRN,愛知県,2097,P,愛知県,0,,-
RESIDENT,輪廻の鴉,0,,-,1009,REO,愛知県,1791,TIOX2,愛知県,2782,PUPPY*,愛知県,0,,-
RESIDENT,雨のちパノラマセカイ,0,,-,822,TIOX2,愛知県,1432,TIOX2,愛知県,2223,KUREI,愛知県,0,,-
RESIDENT,響花水月,0,,-,1134,REO,愛知県,1900,MO-ZE.,愛知県,2954,KUREI,愛知県,0,,-
EPOLIS,20XX,0,,-,1186,GD.18,愛知県,1754,KENT,愛知県,2728,P,愛知県,0,,-
EPOLIS,ACT0,0,,-,1211,ZEKIRA,愛知県,2190,YKTN,愛知県,3010,KUREI,愛知県,0,,-
EPOLIS,Aeterna,0,,-,989,MO-ZE.,愛知県,1575,TIOX2,愛知県,2567,KUREI,愛知県,0,,-
EPOLIS,Akatsuki,0,,-,1002,LEKI,愛知県,1573,TIOX2,愛知県,2269,KUREI,愛知県,0,,-
EPOLIS,Ambivalent Vermilia,0,,-,1543,TIOX2,愛知県,2434,OMEGA,愛知県,4145,P,愛知県,0,,-
EPOLIS,Amethyst,0,,-,1283,LUUC1A,愛知県,1829,AGOPYX,愛知県,2632,KUREI,愛知県,0,,-
EPOLIS,Bitter & Lucky,0,,-,837,REO,愛知県,1379,AMMKRN,愛知県,2491,S.MOCK,愛知県,0,,-
EPOLIS,BLAZING_LAZER,0,,-,1203,428!?,愛知県,2109,TIOX2,愛知県,3416,ANSA,愛知県,0,,-
EPOLIS,CADENZA,0,,-,1514,JOJI.,愛知県,2497,ZENI,愛知県,4588,P,愛知県,0,,-
EPOLIS,Chemical Colours,0,,-,1010,428!?,愛知県,2030,TIOX2,愛知県,2823,KUREI,愛知県,0,,-
EPOLIS,CODE:2,0,,-,1075,GAMMA,愛知県,1807,YUDEX2,愛知県,2968,P,愛知県,0,,-
EPOLIS,COUNTING SHEEP ft. Kanae Asaba,0,,-,678,*9N2*,愛知県,1308,*9N2*,愛知県,2223,KIRISY,愛知県,0,,-
EPOLIS,Cult Invitation,0,,-,1218,ABQ33S,愛知県,1914,H.S-GX,愛知県,3496,P,愛知県,0,,-
EPOLIS,Dahlia,0,,-,1234,REO,愛知県,2071,A,愛知県,3207,P,愛知県,0,,-
EPOLIS,DAZZLE ATTACK,541,AGARI*,愛知県,973,AK1*SS,愛知県,1680,YUDEX2,愛知県,2865,KUREI,愛知県,0,,-
EPOLIS,Deep Sea Mystery,0,,-,1113,TMR089,愛知県,1470,H.S-GX,愛知県,1986,KUREI,愛知県,0,,-
EPOLIS,Demon March,0,,-,1454,AGARI*,愛知県,2372,FG,愛知県,3627,JDR-OK,愛知県,0,,-
EPOLIS,Echoes of Sunfall,0,,-,988,REO,愛知県,1644,H.S-GX,愛知県,3019,KUREI,愛知県,0,,-
EPOLIS,frequent,0,,-,1296,AGARI*,愛知県,2313,AGOPYX,愛知県,3757,KUREI,愛知県,0,,-
EPOLIS,GAME ON,0,,-,1295,REO,愛知県,2233,TUKSMY,愛知県,2719,KUREI,愛知県,0,,-
EPOLIS,Get Higher,0,,-,957,REO,愛知県,1684,EDAGE,愛知県,2323,KUREI,愛知県,0,,-
EPOLIS,Get Wicked,0,,-,891,TIOX2,愛知県,1448,MO-ZE.,愛知県,2494,KUREI,愛知県,0,,-
EPOLIS,Ghost Pulse,0,,-,1004,AOI!?,愛知県,1675,FG,愛知県,2806,KUREI,愛知県,0,,-
EPOLIS,Glitch N Ride,0,,-,852,AGARI*,愛知県,1562,LUV2ME,愛知県,2686,P,愛知県,0,,-
EPOLIS,GloriosA,0,,-,1214,TMR089,愛知県,1962,ZENI,愛知県,2867,KUREI,愛知県,0,,-
EPOLIS,GLORIOUS HAMMER,0,,-,1093,GAMMA,愛知県,1972,YUDEX2,愛知県,3137,ANSA,愛知県,0,,-
EPOLIS,Hard Breaker,0,,-,782,*9N2*,愛知県,1568,*9N2*,愛知県,2539,BBMART,愛知県,0,,-
EPOLIS,Hat Surprise (Season 3),0,,-,1206,GD.18,愛知県,2133,M0T7R1,愛知県,2724,TOSMEN,愛知県,0,,-
EPOLIS,i-ii,0,,-,1067,REO,愛知県,1788,YUDEX2,愛知県,2918,ANSA,愛知県,0,,-
EPOLIS,INHERITANCE,0,,-,1085,TIOX2,愛知県,1794,H.S-GX,愛知県,2833,PUPPY*,愛知県,3569,KUREI,愛知県
EPOLIS,Iris,412,AGARI*,愛知県,838,YUDEX2,愛知県,1518,O7NIST,愛知県,2212,BBMART,愛知県,0,,-
EPOLIS,Jumper,0,,-,880,AK1*SS,愛知県,1504,YUDEX2,愛知県,2423,P,愛知県,0,,-
EPOLIS,Just Gimme,0,,-,959,TIOX2,愛知県,1710,H.S-GX,愛知県,2754,PUPPY*,愛知県,0,,-
EPOLIS,JUSTICE/GUILTY feat. Nana Takahashi & 709sec.,0,,-,1693,ABQ33S,愛知県,2441,TIOX2,愛知県,3896,P,愛知県,0,,-
EPOLIS,Level 5,0,,-,1338,TIOX2,愛知県,2419,AGOPYX,愛知県,3717,P,愛知県,0,,-
EPOLIS,MAXIMUM CHEAT GIRL,0,,-,1246,TIOX2,愛知県,2205,M0T7R1,愛知県,3591,ANSA,愛知県,0,,-
EPOLIS,Million Dollar,0,,-,1170,GAMMA,愛知県,2004,M0T7R1,愛知県,3454,P,愛知県,0,,-
EPOLIS,Monkey Business,0,,-,730,TIOX2,愛知県,1541,H.S-GX,愛知県,2617,P,愛知県,0,,-
EPOLIS,Mukade,0,,-,1115,TIOX2,愛知県,1865,MO-ZE.,愛知県,3261,KUREI,愛知県,0,,-
EPOLIS,My Sweet Bird?,0,,-,834,AK1*SS,愛知県,1469,SAVA,愛知県,2206,ANSA,愛知県,0,,-
EPOLIS,NEEDLESS MY LOVE FOR YOU,0,,-,1004,TIOX2,愛知県,1656,KI.*,愛知県,2448,KUREI,愛知県,0,,-
EPOLIS,Out of Control,0,,-,1158,TIOX2,愛知県,2285,ZENI,愛知県,3113,P,愛知県,0,,-
EPOLIS,out of disk space,0,,-,1115,TIOX2,愛知県,1959,H.S-GX,愛知県,2591,KIRISY,愛知県,0,,-
EPOLIS,PILGRIM,0,,-,965,TIOX2,愛知県,1691,GAMMA,愛知県,2729,PUPPY*,愛知県,0,,-
EPOLIS,Psychedelic Intelligence,0,,-,1239,ABQ33S,愛知県,1785,.R,愛知県,2893,P,愛知県,0,,-
EPOLIS,Red Determination,0,,-,1054,GAMMA,愛知県,1598,H.S-GX,愛知県,2655,PUPPY*,愛知県,0,,-
EPOLIS,Resonant,0,,-,1077,TIOX2,愛知県,2363,ZU,愛知県,3643,PUPPY*,愛知県,0,,-
EPOLIS,Riff//rain,208,MAKOTO,愛知県,731,GAMMA,愛知県,1278,YUDEX2,愛知県,1814,TOSMEN,愛知県,0,,-
EPOLIS,See You Again,0,,-,1189,TIOX2,愛知県,1861,H.S-GX,愛知県,3134,ANSA,愛知県,0,,-
EPOLIS,Seven Times Four,0,,-,1171,TIOX2,愛知県,1963,H.S-GX,愛知県,3483,PUPPY*,愛知県,0,,-
EPOLIS,Shapeshifter,0,,-,1099,TIOX2,愛知県,1638,MO-ZE.,愛知県,2553,P,愛知県,0,,-
EPOLIS,Sirius,0,,-,1010,SAVA,愛知県,1672,H.S-GX,愛知県,3223,KUREI,愛知県,0,,-
EPOLIS,So What,0,,-,601,AKHR01,愛知県,1154,TIOX2,愛知県,1848,ANSA,愛知県,0,,-
EPOLIS,SOLAR ECLIPSE,0,,-,1481,TIOX2,愛知県,2427,H.S-GX,愛知県,3612,P,愛知県,0,,-
EPOLIS,Speculation,0,,-,986,EXAM,愛知県,1792,H.S-GX,愛知県,3034,KUREI,愛知県,0,,-
EPOLIS,squall,0,,-,1207,TIOX2,愛知県,1781,H.S-GX,愛知県,2695,P,愛知県,0,,-
EPOLIS,Stereo Beasts,0,,-,1348,TIOX2,愛知県,2562,M0T7R1,愛知県,3734,P,愛知県,0,,-
EPOLIS,Submerge Serenade,0,,-,1035,AK1*SS,愛知県,1795,H.S-GX,愛知県,2965,P,愛知県,4143,KUREI,愛知県
EPOLIS,Sword of Vengeance,0,,-,1431,TIOX2,愛知県,2186,44.5,愛知県,3253,S.MOCK,愛知県,0,,-
EPOLIS,T.R.O.L.L.,0,,-,1033,KI.*,愛知県,1618,SAVA,愛知県,2599,BBMART,愛知県,0,,-
EPOLIS,The Last Apocalypse,0,,-,1421,GAMMA,愛知県,2508,YUDEX2,愛知県,3701,ANSA,愛知県,0,,-
EPOLIS,The Onlyonez,0,,-,1035,YUDEX2,愛知県,1717,NKK-R,愛知県,3147,ANSA,愛知県,0,,-
EPOLIS,This Is Club Musik feat. 大久保紅葉,0,,-,1068,TIOX2,愛知県,1747,H.S-GX,愛知県,2652,ANSA,愛知県,0,,-
EPOLIS,Time Distortion pt.2(IIDX Edit),0,,-,1321,TIOX2,愛知県,1967,ZENI,愛知県,2977,KUREI,愛知県,0,,-
EPOLIS,TITANIUM RIDERS,0,,-,863,ABQ33S,愛知県,1476,ZENI,愛知県,2131,YUDEX2,愛知県,0,,-
EPOLIS,Too Late Snow,0,,-,808,*9N2*,愛知県,1424,*9N2*,愛知県,2020,BBMART,愛知県,0,,-
EPOLIS,TRIP THE DEEP,0,,-,1023,YUDEX2,愛知県,1601,MO-ZE.,愛知県,2544,BBMART,愛知県,0,,-
EPOLIS,Tripping Jumping,0,,-,841,TIOX2,愛知県,1605,YUDEX2,愛知県,2306,KUREI,愛知県,0,,-
EPOLIS,Vermilion Carol,0,,-,1373,TIOX2,愛知県,2205,A,愛知県,3640,P,愛知県,0,,-
EPOLIS,Vulnerability,0,,-,1318,GAMMA,愛知県,1981,ZENI,愛知県,3673,P,愛知県,0,,-
EPOLIS,WaterCube Pf.(RX-Ver.S.P.L.),0,,-,580,AMMKRN,愛知県,1330,CAMEL.,愛知県,2207,ANSA,愛知県,0,,-
EPOLIS,winkle 2 winkle,0,,-,1062,SAVA,愛知県,1857,H.S-GX,愛知県,2806,KUREI,愛知県,0,,-
EPOLIS,Xb10r,0,,-,1181,ABQ33S,愛知県,2301,FG,愛知県,3616,P,愛知県,0,,-
EPOLIS,ZEROIN ON THE LIGHT,0,,-,1115,AGARI*,愛知県,1726,333.,愛知県,2684,P,愛知県,0,,-
EPOLIS,《PL|RAYER》,0,,-,914,SAVA,愛知県,1730,H.S-GX,愛知県,2808,PUPPY*,愛知県,0,,-
EPOLIS,ちゅ、多様性。,219,LEKI,愛知県,525,REO,愛知県,1139,TMR089,愛知県,1915,TOSMEN,愛知県,2262,TOSMEN,愛知県
EPOLIS,ないないルーティン,0,,-,577,NSFTSP,愛知県,1343,TIOX2,愛知県,2100,KUREI,愛知県,0,,-
EPOLIS,めうめうぺったんたん！！ (ZAQUVA Remix),0,,-,1058,TIOX2,愛知県,1914,TIOX2,愛知県,2823,KUREI,愛知県,0,,-
EPOLIS,れとりば！,0,,-,855,TIOX2,愛知県,1331,TIOX2,愛知県,2064,KUREI,愛知県,0,,-
EPOLIS,アイドル,282,AGARI*,愛知県,884,TIOX2,愛知県,1518,YUDEX2,愛知県,2618,KUREI,愛知県,3193,KUREI,愛知県
EPOLIS,アタシ完全絶対正義ちゃん！,0,,-,955,REO,愛知県,1547,K.,愛知県,2145,ZENI,愛知県,0,,-
EPOLIS,シンデレラ,542,TMR089,愛知県,855,SYRUP1,愛知県,1547,GOWAS,愛知県,2235,P,愛知県,0,,-
EPOLIS,センチメンタル・サマー,0,,-,662,REO,愛知県,1262,AMMKRN,愛知県,2002,KUREI,愛知県,0,,-
EPOLIS,デビルじゃないもん,345,AGARI*,愛知県,828,SAVA,愛知県,1370,H.S-GX,愛知県,2099,KUREI,愛知県,0,,-
EPOLIS,フォニイ,621,REO,愛知県,1228,YUDEX2,愛知県,2001,YUDEX2,愛知県,2906,P,愛知県,3933,KUREI,愛知県
EPOLIS,ポラリスノウタ,294,REO,愛知県,857,TIOX2,愛知県,1637,GAMMA,愛知県,2280,KUREI,愛知県,0,,-
EPOLIS,マーシャル・マキシマイザー,421,ELIWOD,愛知県,822,TMR089,愛知県,1451,TIOX2,愛知県,2163,KUREI,愛知県,0,,-
EPOLIS,ラビットホール,679,AGARI*,愛知県,1381,428!?,愛知県,2096,YUDEX2,愛知県,2940,P,愛知県,0,,-
EPOLIS,リメンバーリメンバー,0,,-,500,ELIWOD,愛知県,969,TMR089,愛知県,1686,BBMART,愛知県,0,,-
EPOLIS,今宵、ロマンス横丁。,0,,-,1136,GOTTA,愛知県,2281,ZX,愛知県,3336,P,愛知県,0,,-
EPOLIS,勇者,367,REO,愛知県,805,TMR089,愛知県,1434,ZENI,愛知県,2486,KUREI,愛知県,0,,-
EPOLIS,可愛くてごめん,281,LUMINE,愛知県,619,CLERNE,愛知県,1403,YUDEX2,愛知県,2264,KUREI,愛知県,2812,KUREI,愛知県
EPOLIS,唱,192,AGARI*,愛知県,464,*9N2*,愛知県,1018,TIOX2,愛知県,1779,ANSA,愛知県,0,,-
EPOLIS,夏風邪デスコ,311,LUMINE,愛知県,823,YUDEX2,愛知県,1775,YUDEX2,愛知県,2676,KUREI,愛知県,0,,-
EPOLIS,夢縁,0,,-,1186,HIDE-Z,愛知県,2103,AGOPYX,愛知県,3017,U3MARU,愛知県,0,,-
EPOLIS,寝起きヤシの木,460,AKHR01,愛知県,1082,KZN,愛知県,1822,*9N2*,愛知県,2814,KUREI,愛知県,3530,ANSA,愛知県
EPOLIS,惑星鉄道,0,,-,1145,AMMKRN,愛知県,2039,OMEGA,愛知県,2978,P,愛知県,0,,-
EPOLIS,愛包ダンスホール,349,LUMI27,愛知県,944,*9N2*,愛知県,1398,*9N2*,愛知県,2590,P,愛知県,0,,-
EPOLIS,摩天楼,0,,-,688,TIOX2,愛知県,1455,GOWAS,愛知県,2587,P,愛知県,0,,-
EPOLIS,未完成ノ蒸氣驅動乙女,0,,-,1084,ALPACA,愛知県,2093,GAMMA,愛知県,2975,ANSA,愛知県,0,,-
EPOLIS,果たせぬ約束 ft. 小林マナ,0,,-,1167,GAMMA,愛知県,1942,H.S-GX,愛知県,3024,P,愛知県,0,,-
EPOLIS,残像ニ繋ガレタ追憶ノHIDEAWAY,0,,-,1181,MUGEN,愛知県,2312,YUDEX2,愛知県,3574,P,愛知県,0,,-
EPOLIS,流桜ノ門,0,,-,984,AK1*SS,愛知県,1583,H.S-GX,愛知県,2143,KUREI,愛知県,0,,-
EPOLIS,"灼熱Beach Side Bunny (かめりあ's ""Summertime D'n'B"" Remix)",0,,-,1049,GO.I,愛知県,1928,TIOX2,愛知県,3246,P,愛知県,0,,-
EPOLIS,神様、つれない。,0,,-,704,*9N2*,愛知県,1434,*9N2*,愛知県,2160,U3MARU,愛知県,0,,-
EPOLIS,終焔のClaudia,0,,-,1317,ELIWOD,愛知県,1935,A,愛知県,2754,BBMART,愛知県,0,,-
EPOLIS,酔いどれ知らず,276,REO,愛知県,829,TMR089,愛知県,1290,TIOX2,愛知県,2232,P,愛知県,0,,-
EPOLIS,閉塞的フレーション,0,,-,1017,TMR089,愛知県,1627,KI.*,愛知県,2428,PUPPY*,愛知県,0,,-
EPOLIS,雫,0,,-,991,AK1*SS,愛知県,2046,H.S-GX,愛知県,2692,ANSA,愛知県,0,,-
EPOLIS,電光,0,,-,1060,GAMMA,愛知県,1883,OMEGA,愛知県,3050,PUPPY*,愛知県,0,,-
EPOLIS,電子になりたい,0,,-,843,GAMMA,愛知県,1437,ZENI,愛知県,2021,BBMART,愛知県,0,,-
EPOLIS,電腦都市,0,,-,1403,TIOX2,愛知県,2275,A,愛知県,3394,P,愛知県,0,,-
Pinky Crush,1116,0,,-,1134,YUDEX2,愛知県,2020,YUDEX2,愛知県,3067,JDR-OK,愛知県,0,,-
Pinky Crush,ADAMANT,0,,-,1111,AGARI*,愛知県,1966,YUDEX2,愛知県,3054,P,愛知県,0,,-
Pinky Crush,Aqvion,0,,-,1194,YUDEX2,愛知県,1979,YUDEX2,愛知県,3524,KUREI,愛知県,0,,-
Pinky Crush,Arcanos,0,,-,659,GO.I,愛知県,1192,TIOX2,愛知県,1999,KUREI,愛知県,0,,-
Pinky Crush,Bang-Boo Bumble,0,,-,1129,SAVA,愛知県,1951,GAMMA,愛知県,2952,KUREI,愛知県,0,,-
Pinky Crush,Bling-Bang-Bang-Born,339,REO,愛知県,649,AK1*SS,愛知県,1163,TIOX2,愛知県,1953,IKAKIN,愛知県,2136,KUREI,愛知県
Pinky Crush,Bring The Fire,0,,-,1160,ABQ33S,愛知県,1924,MO-ZE.,愛知県,3421,KUREI,愛知県,0,,-
Pinky Crush,Butterfly Twist,0,,-,1027,SAVA,愛知県,1559,GAMMA,愛知県,2732,ANSA,愛知県,0,,-
Pinky Crush,CHAOTIC SUNBIRD,0,,-,1177,REO,愛知県,1716,H.S-GX,愛知県,3308,KUREI,愛知県,0,,-
Pinky Crush,Chasing After YOU ～夢の欠片～ ft. 小林マナ,0,,-,992,*9N2*,愛知県,1412,ALPACA,愛知県,2062,U3MARU,愛知県,0,,-
Pinky Crush,Constellation,0,,-,948,GO.I,愛知県,1780,ALPACA,愛知県,2846,P,愛知県,0,,-
Pinky Crush,COSMIC V3LOCITY,0,,-,1269,KI.*,愛知県,2301,FG,愛知県,3382,P,愛知県,0,,-
Pinky Crush,Cross Fire,0,,-,1091,YUDEX2,愛知県,2202,MIREI.,愛知県,3394,P,愛知県,0,,-
Pinky Crush,destination,0,,-,1005,REO,愛知県,2228,AGOPYX,愛知県,3375,PUPPY*,愛知県,0,,-
Pinky Crush,Digital Radiance,0,,-,1108,REO,愛知県,1405,SUBARU,愛知県,2033,KUREI,愛知県,0,,-
Pinky Crush,DIVINE JUDGEMENT,0,,-,1021,SAVA,愛知県,1997,44.5,愛知県,2805,KUREI,愛知県,0,,-
Pinky Crush,Dreamship,0,,-,938,*9N2*,愛知県,1343,333.,愛知県,1956,P,愛知県,0,,-
Pinky Crush,Drop Syndicate,0,,-,1187,MO-ZE.,愛知県,1937,RAPI-3,愛知県,3669,P,愛知県,0,,-
Pinky Crush,Eleanor,0,,-,777,REO,愛知県,1326,ABQ33S,愛知県,2429,KUREI,愛知県,0,,-
Pinky Crush,ELYSIUM,0,,-,904,WISTIA,愛知県,1523,MO-ZE.,愛知県,2746,KUREI,愛知県,0,,-
Pinky Crush,everlastingeuphoria:,0,,-,1112,MIREI.,愛知県,1680,AGOPYX,愛知県,2480,P,愛知県,0,,-
Pinky Crush,EX-MASSIVE FIGHTER,0,,-,1218,SAVA,愛知県,2116,FG,愛知県,3428,P,愛知県,0,,-
Pinky Crush,EYE OF THE HEAVEN,0,,-,1000,SAVA,愛知県,2323,ZX,愛知県,3589,P,愛知県,0,,-
Pinky Crush,FERMI PARADOX,0,,-,1147,FG,愛知県,1640,H.S-GX,愛知県,2537,KUREI,愛知県,0,,-
Pinky Crush,Fiery Stallion,0,,-,898,YUDEX2,愛知県,1692,YUDEX2,愛知県,2420,KUREI,愛知県,0,,-
Pinky Crush,Flamingo,0,,-,1087,KZN,愛知県,2292,FG,愛知県,3523,P,愛知県,0,,-
Pinky Crush,FlyAway,0,,-,1207,SAVA,愛知県,2042,ZENI,愛知県,3257,P,愛知県,0,,-
Pinky Crush,Galaxy Collapse,0,,-,833,SAVA,愛知県,1234,GO.I,愛知県,1916,KUREI,愛知県,0,,-
Pinky Crush,get set mind,0,,-,1017,TIOX2,愛知県,1561,H.S-GX,愛知県,2456,KUREI,愛知県,0,,-
Pinky Crush,God Mind,0,,-,1547,YUDEX2,愛知県,2661,YUDEX2,愛知県,4138,KUREI,愛知県,0,,-
Pinky Crush,Good Looking,0,,-,744,KI.*,愛知県,1267,KNDT,愛知県,2083,KUREI,愛知県,0,,-
Pinky Crush,Here We Go Now,0,,-,1116,ABQ33S,愛知県,2184,FG,愛知県,3355,P,愛知県,0,,-
Pinky Crush,hora de verdad,0,,-,1106,MO-ZE.,愛知県,2018,MO-ZE.,愛知県,3078,P,愛知県,0,,-
Pinky Crush,IN BETWEEN,0,,-,922,*9N2*,愛知県,1521,MIREI.,愛知県,2392,KUREI,愛知県,0,,-
Pinky Crush,KOTONOHA ft. Kotoha,0,,-,830,TIOX2,愛知県,1317,H.S-GX,愛知県,1981,OMEGA,愛知県,0,,-
Pinky Crush,Lightspeed,0,,-,1278,TIOX2,愛知県,2079,MO-ZE.,愛知県,3147,ANSA,愛知県,0,,-
Pinky Crush,lowercase lifetime,0,,-,1071,TIOX2,愛知県,2084,H.S-GX,愛知県,2797,KUREI,愛知県,0,,-
Pinky Crush,Lycoris,0,,-,768,DS,愛知県,1343,TIRUTI,愛知県,2037,S.MOCK,愛知県,0,,-
Pinky Crush,MARLIN,0,,-,1204,TIOX2,愛知県,2288,YUDEX2,愛知県,3564,P,愛知県,0,,-
Pinky Crush,Mid-Corner (Magic Maker),0,,-,1215,TIOX2,愛知県,2039,FG,愛知県,3174,P,愛知県,0,,-
Pinky Crush,Mighty Cutie,0,,-,1158,*9N2*,愛知県,1996,*9N2*,愛知県,2780,KUREI,愛知県,0,,-
Pinky Crush,MVP,0,,-,922,TIOX2,愛知県,1538,TIOX2,愛知県,2623,KUREI,愛知県,0,,-
Pinky Crush,NOIXIA,0,,-,1334,AGARI*,愛知県,2230,MO-ZE.,愛知県,3962,P,愛知県,0,,-
Pinky Crush,PERFECT HUMAN,525,V4,愛知県,881,TIOX2,愛知県,1350,REO,愛知県,2222,KUREI,愛知県,0,,-
Pinky Crush,Pinky Happy Crazy,0,,-,1337,TIOX2,愛知県,2514,FG,愛知県,3560,S.MOCK,愛知県,0,,-
Pinky Crush,PIT A PAT,0,,-,1036,*9N2*,愛知県,1824,AGOPYX,愛知県,2586,KUREI,愛知県,0,,-
Pinky Crush,Plazma,261,ALPACA,愛知県,694,TMR089,愛知県,1262,H.S-GX,愛知県,2034,ANSA,愛知県,2826,P,愛知県
Pinky Crush,Plea Per Phase,0,,-,1029,TIOX2,愛知県,1760,AGOPYX,愛知県,2786,P,愛知県,0,,-
Pinky Crush,PopなEDEN,0,,-,959,TIOX2,愛知県,1588,KANATA,愛知県,2466,KUREI,愛知県,0,,-
Pinky Crush,Raspberry Potion (feat.あれたん & ぎゃるのしん☆),0,,-,903,TIOX2,愛知県,1760,NKK-R,愛知県,2523,KUREI,愛知県,0,,-
Pinky Crush,RAVE SYNDROME,0,,-,1022,TIOX2,愛知県,1723,GAMMA,愛知県,2798,KUREI,愛知県,0,,-
Pinky Crush,Roar of Chronos,0,,-,1233,TIOX2,愛知県,2224,YUDEX2,愛知県,3961,P,愛知県,0,,-
Pinky Crush,Satellite Burst,0,,-,1242,TIOX2,愛知県,2204,YKTN,愛知県,3854,ANSA,愛知県,0,,-
Pinky Crush,Secret Rouge,0,,-,856,RIS.BN,愛知県,1670,RIS.BN,愛知県,2328,P,愛知県,0,,-
Pinky Crush,Shirdal,0,,-,866,MO-ZE.,愛知県,1526,TAKPOP,愛知県,2508,KUREI,愛知県,0,,-
Pinky Crush,Show Me All Your Love,0,,-,1112,ALPACA,愛知県,1988,AGOPYX,愛知県,2945,KUREI,愛知県,0,,-
Pinky Crush,SISYPHUS,0,,-,1003,SAVA,愛知県,1709,ZX,愛知県,2668,BBMART,愛知県,0,,-
Pinky Crush,Skratch Education Lv-1,0,,-,1092,MIND**,愛知県,1759,M0T7R1,愛知県,2890,BBMART,愛知県,0,,-
Pinky Crush,Slumber☆Party,0,,-,822,SAVA,愛知県,1771,H.S-GX,愛知県,2324,KUREI,愛知県,0,,-
Pinky Crush,Space In Time,0,,-,858,TIOX2,愛知県,1511,MO-ZE.,愛知県,2060,KUREI,愛知県,0,,-
Pinky Crush,Stargazing Trip ～星 探す旅～ ft. 小林マナ,0,,-,1086,OMEGA,愛知県,1793,H.S-GX,愛知県,2687,ANSA,愛知県,0,,-
Pinky Crush,SUPER HEROINE!!,0,,-,930,GO.I,愛知県,1639,YUDEX2,愛知県,2355,KUREI,愛知県,0,,-
Pinky Crush,SμG@R RU$#,0,,-,1434,KI.*,愛知県,2446,KI.*,愛知県,3707,JDR-OK,愛知県,0,,-
Pinky Crush,TECHNO RUMBLE,0,,-,1162,MIQOTE,愛知県,1828,YUDEX2,愛知県,2942,P,愛知県,0,,-
Pinky Crush,u gotta beat,0,,-,1342,TIOX2,愛知県,2275,M0T7R1,愛知県,3558,P,愛知県,0,,-
Pinky Crush,Uaigh Gealai,0,,-,1301,MO-ZE.,愛知県,2198,MO-ZE.,愛知県,3802,PUPPY*,愛知県,0,,-
Pinky Crush,uen,0,,-,1445,KZN,愛知県,2109,AGOPYX,愛知県,3042,P,愛知県,0,,-
Pinky Crush,Vibing! Shake it!,0,,-,980,*9N2*,愛知県,1662,H.S-GX,愛知県,2509,KUREI,愛知県,0,,-
Pinky Crush,Without Heaven,0,,-,1327,TIOX2,愛知県,2177,FG,愛知県,3707,P,愛知県,0,,-
Pinky Crush,XHRONOXAPSULΞ,0,,-,1187,YUDEX2,愛知県,2351,OMEGA,愛知県,3845,P,愛知県,0,,-
Pinky Crush,えだまめカレークッキング,429,REO,愛知県,815,AGARI*,愛知県,1287,H.S-GX,愛知県,2229,P,愛知県,0,,-
Pinky Crush,きみのせかい,0,,-,1026,A,愛知県,1639,M3,愛知県,2872,KUREI,愛知県,0,,-
Pinky Crush,きゅうくらりん,452,MO-ZE.,愛知県,881,ALPACA,愛知県,1714,GOWAS,愛知県,2400,KUREI,愛知県,0,,-
Pinky Crush,アラビアン ハイパー ナイト,0,,-,1202,MO-ZE.,愛知県,1895,M0T7R1,愛知県,3285,PUPPY*,愛知県,0,,-
Pinky Crush,イガク,320,AGARI*,愛知県,883,TIOX2,愛知県,1509,TIOX2,愛知県,2047,P,愛知県,3069,ANSA,愛知県
Pinky Crush,エクスプロウル,0,,-,952,TIOX2,愛知県,1618,KI.*,愛知県,2419,KUREI,愛知県,0,,-
Pinky Crush,オッドラヴィ,393,TMR089,愛知県,1028,NAGOON,愛知県,1776,H.S-GX,愛知県,2538,U3MARU,愛知県,0,,-
Pinky Crush,オブソミート,239,REO,愛知県,868,TIOX2,愛知県,1503,TIOX2,愛知県,2402,PUPPY*,愛知県,0,,-
Pinky Crush,キスキツネ,197,RCHE,愛知県,892,*9N2*,愛知県,1489,RIS.BN,愛知県,2382,P,愛知県,0,,-
Pinky Crush,ギャ・ギャ・ギャ・ギャラクシー！,0,,-,909,ALPACA,愛知県,1642,H.S-GX,愛知県,2401,P,愛知県,0,,-
Pinky Crush,ゲシュタルト,397,AGARI*,愛知県,906,REO,愛知県,1561,TIOX2,愛知県,2473,KUREI,愛知県,3348,P,愛知県
Pinky Crush,スキッテイエェエエェ!!!!,0,,-,1570,TIOX2,愛知県,2549,M0T7R1,愛知県,4286,P,愛知県,0,,-
Pinky Crush,スパークリング☆彡ハイパーチューン！！,0,,-,1472,MO-ZE.,愛知県,2161,MO-ZE.,愛知県,3664,PUPPY*,愛知県,0,,-
Pinky Crush,ドリムチウ,0,,-,857,TIOX2,愛知県,1574,TIOX2,愛知県,2596,S.MOCK,愛知県,0,,-
Pinky Crush,ドーナツホール 2024,344,REO,愛知県,995,TMR089,愛知県,1625,H.S-GX,愛知県,2378,KIRISY,愛知県,0,,-
Pinky Crush,ハオ,294,AKHR01,愛知県,856,TIOX2,愛知県,1711,HAGU*2,愛知県,2912,P,愛知県,0,,-
Pinky Crush,ハルイロメロディー,0,,-,884,*9N2*,愛知県,1406,*9N2*,愛知県,2220,KUREI,愛知県,0,,-
Pinky Crush,ビビデバ,266,AGARI*,愛知県,788,YUDEX2,愛知県,1325,TIOX2,愛知県,2069,P,愛知県,0,,-
Pinky Crush,ファイナルレター,0,,-,988,MO-ZE.,愛知県,1886,H.S-GX,愛知県,2675,S.MOCK,愛知県,0,,-
Pinky Crush,メズマライザー,573,REO,愛知県,1129,428!?,愛知県,1813,TIOX2,愛知県,2744,P,愛知県,0,,-
Pinky Crush,ロマンシングエスケープ,0,,-,437,KI.*,愛知県,1124,TIOX2,愛知県,1847,P,愛知県,0,,-
Pinky Crush,天使のカンタータ -Cantata of Angels-,0,,-,1235,GO.I,愛知県,2200,AGOPYX,愛知県,4196,P,愛知県,0,,-
Pinky Crush,弾幕信仰,0,,-,1062,REO,愛知県,1674,YUDEX2,愛知県,2522,KUREI,愛知県,0,,-
Pinky Crush,我ら完全無敵のアイドル!!,243,REO,愛知県,1036,REO,愛知県,1637,MIKAN,愛知県,2560,TOSMEN,愛知県,0,,-
Pinky Crush,断罪の一花,0,,-,893,TIOX2,愛知県,1549,H.S-GX,愛知県,2571,KUREI,愛知県,0,,-
Pinky Crush,最強頂戴girl,0,,-,852,TIOX2,愛知県,1460,H.S-GX,愛知県,2205,KUREI,愛知県,0,,-
Pinky Crush,朱と碧のランページ,0,,-,1031,TMR089,愛知県,1710,H.S-GX,愛知県,2531,KUREI,愛知県,0,,-
Pinky Crush,消極的セツナイズム,0,,-,960,REO,愛知県,1575,MO-ZE.,愛知県,2301,KUREI,愛知県,0,,-
Pinky Crush,灼熱 Lost Summer Dayz,0,,-,1018,ABQ33S,愛知県,1911,TOSMEN,愛知県,2808,ANSA,愛知県,0,,-
Pinky Crush,無双,0,,-,1181,GAMMA,愛知県,1959,GAMMA,愛知県,3345,P,愛知県,0,,-
Pinky Crush,爆ぜりゃんせ,0,,-,1098,SAVA,愛知県,1916,H.S-GX,愛知県,2996,KUREI,愛知県,0,,-
Pinky Crush,覚悟せよ！エンタンメ～ン ～より身の切り売り自暴自棄版～,0,,-,1075,TMR089,愛知県,1885,TIOX2,愛知県,2903,P,愛知県,0,,-
Pinky Crush,進捗ダメダメです,284,REO,愛知県,800,TMR089,愛知県,1588,MO-ZE.,愛知県,2245,KUREI,愛知県,0,,-
Pinky Crush,飴玉,0,,-,586,TIOX2,愛知県,893,TIOX2,愛知県,1367,IKAKIN,愛知県,0,,-
Pinky Crush,ＰＡＳＴＥＬＩＳＭ,0,,-,1029,GO.I,愛知県,1523,GAMMA,愛知県,2132,P,愛知県,0,,-
Sparkle Shower,2 Be Continued,0,,-,1054,KI.*,愛知県,1991,PUPPY*,愛知県,3679,P,愛知県,0,,-
Sparkle Shower,A Certified Rave Moment,0,,-,1016,YUDEX2,愛知県,1788,ZENI,愛知県,2787,P,愛知県,0,,-
Sparkle Shower,ACID VISION,0,,-,1123,AMMKRN,愛知県,1648,ZENI,愛知県,1861,KUREI,愛知県,0,,-
Sparkle Shower,AGETEKE ONDO,0,,-,1026,*9N2*,愛知県,1642,YUDEX2,愛知県,2593,KUREI,愛知県,0,,-
Sparkle Shower,Amor∞Fati,0,,-,1248,TIOX2,愛知県,2605,KUREI,愛知県,4124,P,愛知県,0,,-
Sparkle Shower,Any％,0,,-,1206,M0T7R1,愛知県,2216,KUREI,愛知県,3607,KUREI,愛知県,0,,-
Sparkle Shower,Astra Blaze,0,,-,1187,M0T7R1,愛知県,2301,KUREI,愛知県,3387,KUREI,愛知県,0,,-
Sparkle Shower,Bang Bang Dance,0,,-,842,*9N2*,愛知県,1764,YUDEX2,愛知県,2820,P,愛知県,0,,-
Sparkle Shower,BattleRoyal,0,,-,1119,OMEGA,愛知県,1770,ZENI,愛知県,2633,P,愛知県,0,,-
Sparkle Shower,Begin,0,,-,1031,YUDEX2,愛知県,2048,KUREI,愛知県,3262,P,愛知県,0,,-
Sparkle Shower,BitRacer,0,,-,1120,M0T7R1,愛知県,2127,KUREI,愛知県,3602,P,愛知県,0,,-
Sparkle Shower,Bloom,0,,-,691,TIOX2,愛知県,1215,ZENI,愛知県,1843,KUREI,愛知県,0,,-
Sparkle Shower,blue anthem,0,,-,1187,KI.*,愛知県,1737,GAMMA,愛知県,2978,P,愛知県,0,,-
Sparkle Shower,Caramel Pain,236,AMMKRN,愛知県,650,AMMKRN,愛知県,1050,AMMKRN,愛知県,1663,KUREI,愛知県,0,,-
Sparkle Shower,Catch ya Getcha!,0,,-,1062,YUDEX2,愛知県,2026,YUDEX2,愛知県,2922,P,愛知県,0,,-
Sparkle Shower,chaplet -IIDX re:build-,0,,-,1020,KI.*,愛知県,1973,KUREI,愛知県,2906,P,愛知県,0,,-
Sparkle Shower,COLOR BURST,206,TMR089,愛知県,792,*9N2*,愛知県,1399,YUDEX2,愛知県,2200,KUREI,愛知県,0,,-
Sparkle Shower,Countdown to Heaven or Hell,0,,-,1268,KI.*,愛知県,2036,RIS.BN,愛知県,3117,P,愛知県,0,,-
Sparkle Shower,D.K.N. ON,0,,-,1050,M0T7R1,愛知県,1998,ZENI,愛知県,2735,KUREI,愛知県,0,,-
Sparkle Shower,Digitized Ocean,0,,-,1184,M0T7R1,愛知県,2025,KUREI,愛知県,3515,P,愛知県,0,,-
Sparkle Shower,Disco Killer Music Lover,0,,-,1104,KI.*,愛知県,1839,ZENI,愛知県,3079,P,愛知県,0,,-
Sparkle Shower,Dolphin Kick,0,,-,1511,M0T7R1,愛知県,2242,KUREI,愛知県,3632,P,愛知県,0,,-
Sparkle Shower,Dusk Endir,0,,-,1065,TMR089,愛知県,2339,KUREI,愛知県,3365,P,愛知県,0,,-
Sparkle Shower,ESPRIT ONE,0,,-,1299,KI.*,愛知県,1793,KI.*,愛知県,2938,KUREI,愛知県,0,,-
Sparkle Shower,Ex-Otogibanashi,174,AGARI*,愛知県,468,AMMKRN,愛知県,967,MO-ZE.,愛知県,1598,KUREI,愛知県,0,,-
Sparkle Shower,Fashion Fruit,0,,-,1077,KI.*,愛知県,1959,ZENI,愛知県,3050,KUREI,愛知県,0,,-
Sparkle Shower,fixer,0,,-,856,AMMKRN,愛知県,1824,KUREI,愛知県,3529,ANSA,愛知県,0,,-
Sparkle Shower,FIZZY FIZZY POP,0,,-,857,M0T7R1,愛知県,1589,M0T7R1,愛知県,2283,KUREI,愛知県,0,,-
Sparkle Shower,FiZZλ_POT!0N,0,,-,1440,KI.*,愛知県,2118,ANSA,愛知県,3484,P,愛知県,0,,-
Sparkle Shower,From Human Blood,0,,-,1232,YUDEX2,愛知県,2102,KUREI,愛知県,3640,P,愛知県,0,,-
Sparkle Shower,Funky Quirky,0,,-,941,TMR089,愛知県,1920,P,愛知県,2632,P,愛知県,0,,-
Sparkle Shower,Get Into The Groove feat.WaMi,0,,-,996,M0T7R1,愛知県,1419,KI.*,愛知県,2293,ANSA,愛知県,0,,-
Sparkle Shower,Gimme a Big Beat(青龍 Remix),0,,-,1269,KI.*,愛知県,2407,KUREI,愛知県,3170,KUREI,愛知県,0,,-
Sparkle Shower,GO!,0,,-,880,TIOX2,愛知県,1820,ZENI,愛知県,3178,P,愛知県,0,,-
Sparkle Shower,GOLD RUSH 2025,0,,-,883,KI.*,愛知県,1594,KI.*,愛知県,2814,P,愛知県,0,,-
Sparkle Shower,Hallucination,0,,-,1073,KI.*,愛知県,1916,KI.*,愛知県,2770,P,愛知県,0,,-
Sparkle Shower,HEROES,0,,-,1382,KI.*,愛知県,2303,KUREI,愛知県,3420,KUREI,愛知県,0,,-
Sparkle Shower,HORIZON BEATZ,0,,-,777,TMR089,愛知県,1680,TIOX2,愛知県,2566,KUREI,愛知県,0,,-
Sparkle Shower,HyperTwist,0,,-,1298,TIOX2,愛知県,2273,KUREI,愛知県,3343,KUREI,愛知県,0,,-
Sparkle Shower,Ignited Night,0,,-,1092,TIOX2,愛知県,1547,KI.*,愛知県,2415,P,愛知県,0,,-
Sparkle Shower,Iridescent Memories,0,,-,1527,TIOX2,愛知県,2197,KUREI,愛知県,3918,P,愛知県,0,,-
Sparkle Shower,JUST SYNC ft.Kanae Asaba,0,,-,756,*9N2*,愛知県,1294,YUDEX2,愛知県,2025,KUREI,愛知県,0,,-
Sparkle Shower,Kick The Rainbow,0,,-,1155,TIOX2,愛知県,2011,OFIRIA,愛知県,2968,KUREI,愛知県,0,,-
Sparkle Shower,King of Tribe,0,,-,1123,YUDEX2,愛知県,2079,KUREI,愛知県,3140,KUREI,愛知県,0,,-
Sparkle Shower,kors k's Let's make an Image Song!,0,,-,990,TMR089,愛知県,1854,ZENI,愛知県,2776,KUREI,愛知県,0,,-
Sparkle Shower,Last Card,0,,-,1063,MO-ZE.,愛知県,1902,ZENI,愛知県,3103,P,愛知県,0,,-
Sparkle Shower,LEMON MELON COOKIE,370,OFIRIA,愛知県,818,KI.*,愛知県,1556,YUDEX2,愛知県,2255,KUREI,愛知県,0,,-
Sparkle Shower,Limelight,0,,-,1139,O7NIST,愛知県,1988,KUREI,愛知県,3046,P,愛知県,0,,-
Sparkle Shower,Lisa-RICCIA,522,YUDEX2,愛知県,1244,YUDEX2,愛知県,2246,KUREI,愛知県,3376,P,愛知県,4639,P,愛知県
Sparkle Shower,Makin' It,0,,-,1056,KI.*,愛知県,1675,MIND**,愛知県,2859,P,愛知県,0,,-
Sparkle Shower,Memoria Obscura,0,,-,1015,KI.*,愛知県,2213,KUREI,愛知県,4123,P,愛知県,0,,-
Sparkle Shower,Meteor☆Shower,0,,-,972,KI.*,愛知県,2084,ZENI,愛知県,2969,KUREI,愛知県,0,,-
Sparkle Shower,Mighty Beat Monsterz,0,,-,1270,KI.*,愛知県,1969,KUREI,愛知県,3188,KUREI,愛知県,0,,-
Sparkle Shower,MOCHIMOCHI DREAMIN!!,0,,-,1142,YUDEX2,愛知県,1868,YUDEX2,愛知県,3043,KUREI,愛知県,0,,-
Sparkle Shower,Nemophila,0,,-,1048,M0T7R1,愛知県,1813,ZENI,愛知県,2779,KUREI,愛知県,0,,-
Sparkle Shower,Nyan Nyan University,0,,-,942,YUDEX2,愛知県,1612,M0T7R1,愛知県,2581,P,愛知県,0,,-
Sparkle Shower,OMEGA,0,,-,1107,YUDEX2,愛知県,2187,KUREI,愛知県,3419,P,愛知県,0,,-
Sparkle Shower,PALETTE,368,TMR089,愛知県,884,TMR089,愛知県,1463,TMR089,愛知県,2060,KUREI,愛知県,0,,-
Sparkle Shower,PERFECT GREAT!!,0,,-,1292,TIOX2,愛知県,2457,KUREI,愛知県,3849,ANSA,愛知県,0,,-
Sparkle Shower,pique,0,,-,1138,OFIRIA,愛知県,2053,ZENI,愛知県,3068,KUREI,愛知県,0,,-
Sparkle Shower,RALLY '25,0,,-,1225,YUDEX2,愛知県,2184,KUREI,愛知県,3317,P,愛知県,0,,-
Sparkle Shower,REcorrection,0,,-,596,YUDEX2,愛知県,1092,TMR089,愛知県,1638,P,愛知県,0,,-
Sparkle Shower,Regina vespaE,0,,-,1254,YUDEX2,愛知県,2279,KUREI,愛知県,3618,P,愛知県,0,,-
Sparkle Shower,RIZING-GAMERS.,0,,-,1042,M0T7R1,愛知県,2330,KUREI,愛知県,3428,KUREI,愛知県,0,,-
Sparkle Shower,RUINA,0,,-,945,TIOX2,愛知県,1845,KUREI,愛知県,2833,KUREI,愛知県,0,,-
Sparkle Shower,Second Heaven(Mamonis Remix),0,,-,934,*9N2*,愛知県,1648,M0T7R1,愛知県,2555,KUREI,愛知県,0,,-
Sparkle Shower,SHINING☆DANCE,0,,-,874,KI.*,愛知県,1578,YUDEX2,愛知県,2485,P,愛知県,0,,-
Sparkle Shower,Shooting Star,238,AMMKRN,愛知県,840,AMMKRN,愛知県,1517,KI.*,愛知県,2455,BBMART,愛知県,0,,-
Sparkle Shower,Show Time,0,,-,858,*9N2*,愛知県,1439,ZENI,愛知県,2063,P,愛知県,0,,-
Sparkle Shower,Signs and Wonders,0,,-,676,TMR089,愛知県,1047,YUDEX2,愛知県,1610,KUREI,愛知県,0,,-
Sparkle Shower,SILKY BRAVE,0,,-,930,KI.*,愛知県,1617,ZENI,愛知県,2399,PUPPY*,愛知県,0,,-
Sparkle Shower,Skywalking,0,,-,915,TIOX2,愛知県,1449,YUDEX2,愛知県,2342,KUREI,愛知県,0,,-
Sparkle Shower,Smintheus,0,,-,1329,TIOX2,愛知県,2435,KUREI,愛知県,3606,ANSA,愛知県,0,,-
Sparkle Shower,SnapSkipSpark,0,,-,1088,KI.*,愛知県,1928,KI.*,愛知県,2929,P,愛知県,0,,-
Sparkle Shower,Space Battleship S4TO,0,,-,1359,YUDEX2,愛知県,2262,KUREI,愛知県,3781,P,愛知県,0,,-
Sparkle Shower,SPLASH!!!!!!!!!,0,,-,920,KI.*,愛知県,1524,KI.*,愛知県,2296,KUREI,愛知県,0,,-
Sparkle Shower,Substance,0,,-,1213,AMMKRN,愛知県,1755,M0T7R1,愛知県,3134,P,愛知県,0,,-
Sparkle Shower,super double play sessions,0,,-,1434,KI.*,愛知県,2445,KUREI,愛知県,4249,CLERNE,愛知県,0,,-
Sparkle Shower,THUNDERSTRIKE,0,,-,1293,KI.*,愛知県,2139,ZENI,愛知県,3493,P,愛知県,0,,-
Sparkle Shower,TOKAKU=ALMiRAJ,0,,-,934,TIOX2,愛知県,1961,AGOPYX,愛知県,2864,S.MOCK,愛知県,0,,-
Sparkle Shower,UNDO THE NIGHT,0,,-,1052,YUDEX2,愛知県,2126,YUDEX2,愛知県,3479,P,愛知県,0,,-
Sparkle Shower,Vitamin,0,,-,1173,YUDEX2,愛知県,1826,ZENI,愛知県,2681,P,愛知県,0,,-
Sparkle Shower,voice of echo.,0,,-,1116,YUDEX2,愛知県,1814,KI.*,愛知県,2761,KUREI,愛知県,0,,-
Sparkle Shower,Watermelon Explosion,0,,-,768,KI.*,愛知県,1389,YUDEX2,愛知県,2033,KUREI,愛知県,0,,-
Sparkle Shower,Wizards!,0,,-,805,MO-ZE.,愛知県,1633,TIOX2,愛知県,2284,KUREI,愛知県,0,,-
Sparkle Shower,X-Plan,0,,-,734,AMMKRN,愛知県,1372,ZENI,愛知県,2219,KUREI,愛知県,0,,-
Sparkle Shower,[E],0,,-,1509,KI.*,愛知県,2247,ZENI,愛知県,3455,P,愛知県,0,,-
Sparkle Shower,Τeλοs,0,,-,1066,M0T7R1,愛知県,1779,KI.*,愛知県,2659,P,愛知県,0,,-
Sparkle Shower,ιgniЯRuina,0,,-,1402,KI.*,愛知県,2188,KUREI,愛知県,3575,P,愛知県,0,,-
Sparkle Shower,⁽⁽ଘ( ˙꒳˙ )ଓ⁾⁾ beyond reason,0,,-,1273,TIOX2,愛知県,2166,KUREI,愛知県,3857,P,愛知県,0,,-
Sparkle Shower,かわいいだけじゃだめですか？,220,AMMKRN,愛知県,938,KI.*,愛知県,1604,YUDEX2,愛知県,2138,KUREI,愛知県,3532,KUREI,愛知県
Sparkle Shower,じぇりー じゅえる ジャングル,0,,-,1242,YUDEX2,愛知県,1947,ZENI,愛知県,3294,P,愛知県,0,,-
Sparkle Shower,それが、ボクの使命～レスキュー隊長 メンキュー～,0,,-,748,TMR089,愛知県,1588,KI.*,愛知県,2186,KUREI,愛知県,0,,-
Sparkle Shower,でんぱ どりる わんにゃー☆三,290,AMMKRN,愛知県,1196,KI.*,愛知県,2279,YUDEX2,愛知県,3351,KUREI,愛知県,0,,-
Sparkle Shower,もんめためたもん,220,TMR089,愛知県,858,TMR089,愛知県,1425,YUDEX2,愛知県,2250,ANSA,愛知県,0,,-
Sparkle Shower,オーバーライド,480,TMR089,愛知県,1218,KI.*,愛知県,1814,M0T7R1,愛知県,3203,ANSA,愛知県,0,,-
Sparkle Shower,キミとえがくキセキ,0,,-,920,AMMKRN,愛知県,1515,TIOX2,愛知県,2250,KUREI,愛知県,0,,-
Sparkle Shower,クレッシェンド,0,,-,1228,YUDEX2,愛知県,1903,ZENI,愛知県,3402,P,愛知県,0,,-
Sparkle Shower,サタデーナイト☆ギャロップ,0,,-,1296,TIOX2,愛知県,2015,KUREI,愛知県,4047,A.K.A.,愛知県,0,,-
Sparkle Shower,タンポポ,0,,-,1269,YUDEX2,愛知県,1931,H.S-GX,愛知県,2683,KUREI,愛知県,0,,-
Sparkle Shower,デラむぅのでらっくす☆どり～むぅ,0,,-,830,TMR089,愛知県,1337,YUDEX2,愛知県,1987,S.MOCK,愛知県,0,,-
Sparkle Shower,バブリン,274,AMMKRN,愛知県,1168,*9N2*,愛知県,1741,RIS.BN,愛知県,2440,P,愛知県,0,,-
Sparkle Shower,ビビッド ☆+*。キラキライム,544,TMR089,愛知県,1204,TMR089,愛知県,2112,KI.*,愛知県,3759,KUREI,愛知県,0,,-
Sparkle Shower,ベラ・ベ・カラベラ,0,,-,1058,YUDEX2,愛知県,1728,ZENI,愛知県,2823,P,愛知県,0,,-
Sparkle Shower,ベンガル vs. アムール Battle,0,,-,1335,MO-ZE.,愛知県,2105,KUREI,愛知県,3724,P,愛知県,0,,-
Sparkle Shower,メテオラ-meteor-,0,,-,1077,KI.*,愛知県,1864,ZENI,愛知県,2488,BBMART,愛知県,0,,-
Sparkle Shower,メルト CPK! Remix (初音ミク ver.),478,TMR089,愛知県,874,TIOX2,愛知県,1670,M0T7R1,愛知県,2869,BBMART,愛知県,0,,-
Sparkle Shower,ラブコメトキドキシリアス,0,,-,1267,KI.*,愛知県,2050,KUREI,愛知県,3724,ANSA,愛知県,0,,-
Sparkle Shower,レシピのリドル,0,,-,654,TMR089,愛知県,1435,TIOX2,愛知県,2358,P,愛知県,0,,-
Sparkle Shower,三日天下モンキー,0,,-,743,AMMKRN,愛知県,1315,ZENI,愛知県,1815,PUPPY*,愛知県,0,,-
Sparkle Shower,不死身ごっこ,268,M0T7R1,愛知県,963,TMR089,愛知県,1501,YUDEX2,愛知県,2574,P,愛知県,0,,-
Sparkle Shower,夏色のセレナーデ,0,,-,886,KI.*,愛知県,1361,KI.*,愛知県,2256,KUREI,愛知県,0,,-
Sparkle Shower,夢色ワンダー,549,TMR089,愛知県,1539,M0T7R1,愛知県,2190,M0T7R1,愛知県,3247,KUREI,愛知県,0,,-
Sparkle Shower,好吃来世deエレクトリック,0,,-,824,KI.*,愛知県,1394,ZENI,愛知県,1913,KUREI,愛知県,0,,-
Sparkle Shower,恋愛観測,0,,-,702,TMR089,愛知県,1446,NKK-R,愛知県,2494,KUREI,愛知県,0,,-
Sparkle Shower,断罪のミメシス,0,,-,1419,M0T7R1,愛知県,2199,KUREI,愛知県,3334,KUREI,愛知県,0,,-
Sparkle Shower,月下繚乱,0,,-,908,TMR089,愛知県,1774,ZENI,愛知県,2831,P,愛知県,0,,-
Sparkle Shower,煉獄コンフィチュール,0,,-,1031,YUDEX2,愛知県,1880,ZENI,愛知県,2696,P,愛知県,0,,-
Sparkle Shower,百恋ラブラスター,0,,-,744,KI.*,愛知県,1621,YUDEX2,愛知県,2641,KUREI,愛知県,0,,-
Sparkle Shower,色を喪った街,0,,-,1310,KI.*,愛知県,2482,KUREI,愛知県,3830,ANSA,愛知県,0,,-
Sparkle Shower,華麗なる！音戯探偵ひなビタ,0,,-,717,TMR089,愛知県,1368,KI.*,愛知県,2379,P,愛知県,0,,-
Sparkle Shower,鏡像都市,0,,-,840,KI.*,愛知県,1400,YUDEX2,愛知県,1970,P,愛知県,0,,-
Sparkle Shower,閃と雷管とロープ,0,,-,912,TMR089,愛知県,1423,ZENI,愛知県,2585,P,愛知県,0,,-
