バージョン,タイトル,BEGINNER EXスコア,BEGINNER DJName,BEGINNER 都道府県,NORMAL EXスコア,NORMAL DJName,NORMAL 都道府県,HYPER EXスコア,HYPER DJName,HYPER 都道府県,ANOTHER EXスコア,ANOTHER DJName,ANOTHER 都道府県,LEGGENDARIA EXスコア,LEGGENDARIA DJName,LEGGENDARIA 都道府県
1st&substream,22DUNK,0,,-,482,YUKKE,大阪府,610,ALITH,大阪府,654,HP.O,大阪府,0,,-
1st&substream,5.1.1.,0,,-,193,NOLIZO,大阪府,1020,HAL,大阪府,1569,TAKA.S,大阪府,0,,-
1st&substream,deep in you,0,,-,466,G,大阪府,483,YUKI86,大阪府,661,LV12,大阪府,0,,-
1st&substream,Dr.LOVE,0,,-,403,WAMDUS,大阪府,510,GROWTH,大阪府,579,I.KILA,大阪府,0,,-
1st&substream,GAMBOL,0,,-,274,OSCAR,大阪府,273,SLAYER,大阪府,0,,-,0,,-
1st&substream,GENOM SCREAMS,0,,-,394,TOUKA.,大阪府,819,PANJAB,大阪府,1054,KAKOP,大阪府,0,,-
1st&substream,gentle stress,0,,-,339,GROWTH,大阪府,661,RENAI,大阪府,1448,HAL,大阪府,0,,-
1st&substream,GRADIUSIC CYBER,0,,-,819,225-14,大阪府,985,PISCES,大阪府,1182,SLAYER,大阪府,0,,-
1st&substream,KEEP ON MOVIN',0,,-,196,SAE,大阪府,244,KI-RYU,大阪府,0,,-,0,,-
1st&substream,Macho Gang,0,,-,367,OSCAR,大阪府,1055,PISCES,大阪府,1628,35P,大阪府,0,,-
1st&substream,PARANOIA MAX～DIRTY MIX～,0,,-,549,PISCES,大阪府,741,MSY-8,大阪府,1092,M1N2,大阪府,0,,-
1st&substream,R3,0,,-,606,YUKKE,大阪府,711,REGLOS,大阪府,898,HP.O,大阪府,0,,-
1st&substream,RUGGED ASH,0,,-,354,225-14,大阪府,396,ALITH,大阪府,1069,HP.O,大阪府,2019,PRN-SA,大阪府
1st&substream,THE EARTH LIGHT,0,,-,699,YUKKE,大阪府,1042,PANJAB,大阪府,1135,SLAYER,大阪府,0,,-
2nd style,.59,0,,-,676,TOUKA.,大阪府,1011,WAMDUS,大阪府,1127,SLAYER,大阪府,0,,-
2nd style,Digital MinD(A/T Libra mix),0,,-,700,CRADLE,大阪府,1004,REGLOS,大阪府,1119,HAL,大阪府,0,,-
2nd style,Electro Tuned(the SubS mix),0,,-,714,CRADLE,大阪府,902,REGLOS,大阪府,1062,HAL,大阪府,0,,-
2nd style,I Was The One,0,,-,489,YUKKE,大阪府,635,SAYUKI,大阪府,690,HIGA-C,大阪府,0,,-
2nd style,Indigo Vision(full flavour hide around mix),0,,-,796,225-14,大阪府,1087,REGLOS,大阪府,1229,PRN-SA,大阪府,0,,-
2nd style,PUT YOUR FAITH IN ME(for beatmania II),0,,-,570,LINKIN,大阪府,853,PANJAB,大阪府,0,,-,0,,-
2nd style,SP-TRIP MACHINE(for beatmania II),0,,-,494,LATIAS,大阪府,619,REGLOS,大阪府,642,HP.O,大阪府,0,,-
3rd style,CAN'T STOP FALLIN'IN LOVE,0,,-,586,CRADLE,大阪府,1255,LV12,大阪府,0,,-,0,,-
3rd style,Don't Stop!,0,,-,737,CRADLE,大阪府,841,HIGA-C,大阪府,904,HIGA-C,大阪府,0,,-
3rd style,era (nostalmix),0,,-,806,CRADLE,大阪府,1075,KIGHKN,大阪府,1530,HAL,大阪府,0,,-
3rd style,Holic,0,,-,762,PISCES,大阪府,1194,REGLOS,大阪府,1731,ALNIO,大阪府,0,,-
3rd style,LEADING CYBER,0,,-,792,CRADLE,大阪府,1162,PISCES,大阪府,1258,HAL,大阪府,0,,-
3rd style,Presto,0,,-,529,GROWTH,大阪府,937,GROWTH,大阪府,1005,I.KILA,大阪府,0,,-
3rd style,R5,0,,-,735,MANA,大阪府,1156,FIXER,大阪府,1764,SLAYER,大阪府,0,,-
3rd style,REINCARNATION,0,,-,804,CRADLE,大阪府,1026,REGLOS,大阪府,1263,SLAYER,大阪府,0,,-
3rd style,Schlagwerk,0,,-,776,CRADLE,大阪府,1298,HIGA-C,大阪府,1671,Q-Q.,大阪府,0,,-
3rd style,Skyscraper,0,,-,684,LATIAS,大阪府,1184,REGLOS,大阪府,1238,NOIK.K,大阪府,0,,-
3rd style,Tangerine Stream,0,,-,267,S.SGR,大阪府,396,FRAPPE,大阪府,0,,-,0,,-
3rd style,THE SAFARI,343,YUKKE,大阪府,1099,LDRAGO,大阪府,1751,TAMA5.,大阪府,0,,-,0,,-
4th style,250bpm,0,,-,637,CRADLE,大阪府,993,FIXER,大阪府,1399,RURUKA,大阪府,0,,-
4th style,ABSOLUTE,0,,-,1298,GROWTH,大阪府,1839,NOIK.K,大阪府,2345,SLAYER,大阪府,2714,WAMDUS,大阪府
4th style,B4U,0,,-,1028,RYO2,大阪府,1544,FIXER,大阪府,2008,PRN-SA,大阪府,0,,-
4th style,Broken My Heart,0,,-,877,HIRO.*,大阪府,1432,REGLOS,大阪府,1807,CHINO,大阪府,0,,-
4th style,Burnin' The Floor,0,,-,554,HIRO.*,大阪府,934,GROWTH,大阪府,1438,PRN-SA,大阪府,0,,-
4th style,CHECKING YOU OUT,0,,-,577,2KI-TA,大阪府,852,RU-*,大阪府,1338,LV12,大阪府,0,,-
4th style,Clione,0,,-,517,LINKIN,大阪府,951,HAL,大阪府,1609,TAKA.S,大阪府,2140,ALNIO,大阪府
4th style,DXY!,0,,-,1271,LV12,大阪府,1787,PISCES,大阪府,2256,ALNIO,大阪府,0,,-
4th style,empathy,0,,-,779,225-14,大阪府,1313,PISCES,大阪府,1456,STAROA,大阪府,0,,-
4th style,era (step mix),0,,-,1006,CRADLE,大阪府,1370,KAZUSA,大阪府,1660,Q-Q.,大阪府,0,,-
4th style,FLOWERS for ALBION,0,,-,236,MSY-8,大阪府,443,I.KILA,大阪府,0,,-,0,,-
4th style,HIGHER,0,,-,516,ILZAX,大阪府,912,OTACON,大阪府,1274,HIGA-C,大阪府,0,,-
4th style,Hitch Hiker2,0,,-,765,CRADLE,大阪府,1185,RENAI,大阪府,1307,HP.O,大阪府,1904,HP.O,大阪府
4th style,Jam&Marmalade,0,,-,731,YUKI86,大阪府,876,FIXER,大阪府,1000,SRPON*,大阪府,0,,-
4th style,KAMIKAZE,0,,-,960,HIRO.*,大阪府,1443,FIXER,大阪府,2282,S63,大阪府,0,,-
4th style,LOVE WILL・・・,0,,-,531,LATIAS,大阪府,757,HIGA-C,大阪府,1458,S63,大阪府,0,,-
4th style,minimalian,0,,-,493,225-14,大阪府,1082,RENAI,大阪府,1389,HP.O,大阪府,0,,-
4th style,Mr.T.(take me higher),0,,-,798,YUKKE,大阪府,977,FIXER,大阪府,1760,35P,大阪府,0,,-
4th style,starmine,439,GROWTH,大阪府,894,WANDOG,大阪府,1414,FIXER,大阪府,1586,S63,大阪府,0,,-
4th style,SWEET LAB,0,,-,530,GROWTH,大阪府,943,PISCES,大阪府,1354,KND.N,大阪府,0,,-
4th style,Voltage (feat. Hidemaru),0,,-,838,R.S,大阪府,1200,INANNA,大阪府,1317,HAL,大阪府,0,,-
5th style,Abyss,0,,-,1271,LV12,大阪府,1543,MSY-8,大阪府,1874,LV12,大阪府,0,,-
5th style,in my eyes,0,,-,926,LATIAS,大阪府,1449,FIXER,大阪府,1571,SLAYER,大阪府,0,,-
5th style,LOVE AGAIN TONIGHT～for Mellisa mix～,0,,-,729,CRADLE,大阪府,977,U-KE,大阪府,1111,HP.O,大阪府,0,,-
5th style,outer wall,0,,-,838,YUKKE,大阪府,1351,HAL,大阪府,1730,RIN!!,大阪府,0,,-
5th style,QQQ,0,,-,1137,YUKKE,大阪府,1896,HAL,大阪府,2163,ALNIO,大阪府,0,,-
5th style,Radical Faith,0,,-,1111,CRADLE,大阪府,1496,WAMDUS,大阪府,1293,FRAPPE,大阪府,0,,-
5th style,Real,0,,-,1064,HIKR,大阪府,1698,HAL,大阪府,1809,LV12,大阪府,0,,-
5th style,Regulus,0,,-,1008,BAOL,大阪府,1435,REGLOS,大阪府,1651,*RK*,大阪府,0,,-
5th style,RIDE ON THE LIGHT (HI GREAT MIX),0,,-,840,LATIAS,大阪府,1073,WANDOG,大阪府,1717,HAL,大阪府,1839,HAL,大阪府
5th style,RISLIM,0,,-,849,LATIAS,大阪府,1227,HAL,大阪府,0,,-,0,,-
5th style,sometime,0,,-,714,GROWTH,大阪府,1016,KRAST,大阪府,1324,LV12,大阪府,0,,-
5th style,Spin the disc,0,,-,749,CRADLE,大阪府,1262,PISCES,大阪府,1332,LV12,大阪府,0,,-
5th style,STILL IN MY HEART,0,,-,964,HIRO.*,大阪府,1370,HAL,大阪府,1907,TAMA5.,大阪府,0,,-
5th style,still my words,0,,-,873,RAIN,大阪府,1230,HAL,大阪府,0,,-,0,,-
5th style,sync,0,,-,1043,YUKI86,大阪府,1934,HAL,大阪府,2365,3PLE,大阪府,0,,-
5th style,THE CUBE,0,,-,720,PISCES,大阪府,1272,WAMDUS,大阪府,1355,PRN-SA,大阪府,0,,-
5th style,THE SHINING POLARIS,0,,-,887,CRADLE,大阪府,1282,REGLOS,大阪府,1585,LV12,大阪府,0,,-
5th style,V,325,GROWTH,大阪府,1177,MARUSE,大阪府,2442,PANJAB,大阪府,2986,ALNIO,大阪府,0,,-
6th style,"19,November",0,,-,1046,ALT.I,大阪府,1399,PISCES,大阪府,1774,HIGA-C,大阪府,0,,-
6th style,BALLAD FOR YOU～想いの雨～,0,,-,568,CRADLE,大阪府,753,YUKI86,大阪府,1069,FRAPPE,大阪府,0,,-
6th style,Blueberry Stream,0,,-,797,PISCES,大阪府,1419,PISCES,大阪府,1635,KARTE,大阪府,0,,-
6th style,Buffalo,0,,-,970,BAOL,大阪府,1460,FRAPPE,大阪府,1803,DORAPI,大阪府,2490,TAMA5.,大阪府
6th style,Colors (radio edit),0,,-,1415,MOKO73,大阪府,1910,FIXER,大阪府,2451,HAL,大阪府,0,,-
6th style,DIVE ～INTO YOUR HEART～,0,,-,1190,LATIAS,大阪府,1824,FIXER,大阪府,2076,HAL,大阪府,0,,-
6th style,fly through the night,0,,-,833,CRADLE,大阪府,1324,FIXER,大阪府,1703,HAL,大阪府,0,,-
6th style,Free Style,0,,-,872,GROWTH,大阪府,1068,PISCES,大阪府,1304,*RK*,大阪府,0,,-
6th style,Frozen Ray (original mix),0,,-,1204,YUKI86,大阪府,1764,HAL,大阪府,1800,HAL,大阪府,0,,-
6th style,G2,0,,-,1367,VALTUN,大阪府,1748,FIXER,大阪府,2302,HAL,大阪府,0,,-
6th style,L'amour et la liberte,0,,-,959,TETSU.,大阪府,1514,REGLOS,大阪府,2004,WAMDUS,大阪府,0,,-
6th style,Linus,0,,-,894,225-14,大阪府,1514,REGLOS,大阪府,2195,SHTOLA,大阪府,0,,-
6th style,NEMESIS,0,,-,890,ALITH,大阪府,1632,HAL,大阪府,1874,ALNIO,大阪府,0,,-
6th style,rottel-da-sun,0,,-,775,MSY-8,大阪府,1343,REGLOS,大阪府,1850,LEVI,大阪府,0,,-
6th style,route 80s,0,,-,839,YUKI86,大阪府,1169,APRIL,大阪府,1488,SLAYER,大阪府,0,,-
6th style,SOMETHING WONDERFUL,0,,-,899,GROWTH,大阪府,1326,FIXER,大阪府,1965,LEVI,大阪府,0,,-
6th style,Summer Vacation(CU mix),0,,-,1181,MANA,大阪府,1841,*RK*,大阪府,0,,-,0,,-
6th style,Take It Easy,0,,-,1426,MOKO73,大阪府,2346,REGLOS,大阪府,2522,K-JET?,大阪府,0,,-
6th style,VJ ARMY,0,,-,1238,INANNA,大阪府,1702,FIXER,大阪府,2209,WAMDUS,大阪府,0,,-
6th style,こっちを向いてよ,0,,-,812,CRADLE,大阪府,1244,PISCES,大阪府,1371,*RK*,大阪府,0,,-
7th style,A,0,,-,1265,ALTUVE,大阪府,2133,WAMDUS,大阪府,2451,FRAPPE,大阪府,0,,-
7th style,AVE DE RAPINA,0,,-,1316,YUKI86,大阪府,1649,REGLOS,大阪府,1830,*RK*,大阪府,0,,-
7th style,Bad Routine,0,,-,1001,LINKIN,大阪府,1394,REGLOS,大阪府,1905,HP.O,大阪府,0,,-
7th style,Burning Heat! (Full Option Mix),0,,-,637,CRADLE,大阪府,918,PISCES,大阪府,1468,HAL,大阪府,0,,-
7th style,Cheer Train,0,,-,845,YUKKE,大阪府,1165,REGLOS,大阪府,1742,*RK*,大阪府,0,,-
7th style,D2R,0,,-,880,GROWTH,大阪府,1297,RENAI,大阪府,1616,TAMA5.,大阪府,0,,-
7th style,DESTINY,0,,-,983,HIRO.*,大阪府,1365,PISCES,大阪府,1828,KIGHKN,大阪府,0,,-
7th style,foreplay,0,,-,648,KEYNES,大阪府,1171,REGLOS,大阪府,1337,PRN-SA,大阪府,0,,-
7th style,Glorious Days,0,,-,506,MSY-8,大阪府,789,REGLOS,大阪府,920,LV12,大阪府,0,,-
7th style,Happy Wedding,0,,-,1107,CRADLE,大阪府,1620,REGLOS,大阪府,1854,*RK*,大阪府,0,,-
7th style,Last Message,0,,-,977,GROWTH,大阪府,1300,REGLOS,大阪府,1600,HAL,大阪府,0,,-
7th style,Let the Snow Paint Me,0,,-,807,CRADLE,大阪府,1049,REGLOS,大阪府,1237,HP.O,大阪府,0,,-
7th style,Love Me Do,0,,-,1062,MSY-8,大阪府,1702,REGLOS,大阪府,2106,LV12,大阪府,0,,-
7th style,MAX 300,0,,-,1079,HAL,大阪府,1855,LV12,大阪府,2785,ALNIO,大阪府,0,,-
7th style,Somebody Like You,0,,-,729,GROWTH,大阪府,1182,FIXER,大阪府,1812,LV12,大阪府,0,,-
7th style,Spica,0,,-,633,GROWTH,大阪府,1409,PHE,大阪府,2211,BRIBRI,大阪府,0,,-
7th style,stoic,0,,-,1635,FIXER,大阪府,2440,HAL,大阪府,2532,35P,大阪府,0,,-
7th style,Tomorrow Perfume,0,,-,1234,GROWTH,大阪府,1823,REGLOS,大阪府,2084,TSUKKI,大阪府,0,,-
7th style,traces,0,,-,1387,YUKI86,大阪府,1950,HAL,大阪府,2144,PRN-SA,大阪府,0,,-
7th style,ZERO-ONE,0,,-,1030,IIDX33,大阪府,1657,FIXER,大阪府,2217,WAMDUS,大阪府,2855,TAKA.S,大阪府
7th style,革命,0,,-,724,YUKI86,大阪府,1886,REGLOS,大阪府,2275,Q-Q.,大阪府,0,,-
8th style,abstract,0,,-,1170,YUKI86,大阪府,1591,FIXER,大阪府,1870,HP.O,大阪府,0,,-
8th style,airflow,0,,-,545,SA,大阪府,754,MSY-8,大阪府,1428,TAKA.S,大阪府,0,,-
8th style,ALL RIGHT,0,,-,834,CRADLE,大阪府,1306,FIXER,大阪府,1599,CHINO,大阪府,0,,-
8th style,Attitude,0,,-,933,LATIAS,大阪府,1425,HAL,大阪府,1740,HAL,大阪府,0,,-
8th style,bit mania,0,,-,859,CRADLE,大阪府,1280,HAL,大阪府,1865,LV12,大阪府,0,,-
8th style,Blame,0,,-,1117,CRADLE,大阪府,1535,FIXER,大阪府,1917,PRN-SA,大阪府,0,,-
8th style,CELEBRATE NITE,0,,-,896,BROWN,大阪府,1116,PISCES,大阪府,1407,KARTE,大阪府,0,,-
8th style,Colors -Y&Co. Eurobeat Remix-,0,,-,1047,CRADLE,大阪府,2030,HAL,大阪府,2185,3PLE,大阪府,0,,-
8th style,dual control,0,,-,687,LATIAS,大阪府,1478,LV12,大阪府,1870,WANDOG,大阪府,0,,-
8th style,Giudecca,0,,-,877,PISCES,大阪府,1900,REGLOS,大阪府,2670,LV12,大阪府,0,,-
8th style,Halfway of promise,0,,-,907,CRADLE,大阪府,1477,REGLOS,大阪府,1836,PRN-SA,大阪府,0,,-
8th style,HYPER BOUNDARY GATE,0,,-,1242,IIDX33,大阪府,1886,FIXER,大阪府,2200,WAMDUS,大阪府,0,,-
8th style,LAB,0,,-,976,CRADLE,大阪府,1952,FIXER,大阪府,2108,K-JET?,大阪府,2699,35P,大阪府
8th style,LOVE IS ORANGE,0,,-,773,LATIAS,大阪府,1005,PISCES,大阪府,1791,I.KILA,大阪府,2090,FRAPPE,大阪府
8th style,Luv 2 Feel Your Body,0,,-,833,IIDX33,大阪府,1030,REGLOS,大阪府,1648,35P,大阪府,0,,-
8th style,memories,0,,-,1051,ALT.I,大阪府,2005,HNORIN,大阪府,2233,K-JET?,大阪府,0,,-
8th style,Monkey Dance,0,,-,783,LATIAS,大阪府,1358,FIXER,大阪府,1984,KND.N,大阪府,0,,-
8th style,murmur twins,0,,-,1087,BROWN,大阪府,1655,GERION,大阪府,2398,TAKA.S,大阪府,0,,-
8th style,MUSIC TO YOUR HEAD,0,,-,766,CRADLE,大阪府,1409,RENAI,大阪府,1681,35P,大阪府,0,,-
8th style,PLEASE DON'T GO,0,,-,856,CRADLE,大阪府,1367,FIXER,大阪府,2429,LV12,大阪府,0,,-
8th style,rainbow flyer,0,,-,757,CRADLE,大阪府,1620,REGLOS,大阪府,2121,LV12,大阪府,0,,-
8th style,symbolic,0,,-,1343,YUKI86,大阪府,1866,HAL,大阪府,2245,MA,大阪府,0,,-
8th style,thunder,0,,-,1123,YUKKE,大阪府,1562,REGLOS,大阪府,1883,*RK*,大阪府,0,,-
8th style,WAR GAME,0,,-,938,TOUKA.,大阪府,1540,FIXER,大阪府,2138,LV12,大阪府,0,,-
8th style,World Wide Love,0,,-,682,CRADLE,大阪府,1032,REGLOS,大阪府,1116,KAKOP,大阪府,0,,-
8th style,xenon,0,,-,1111,NERIYO,大阪府,1699,HAL,大阪府,2739,TAKA.S,大阪府,0,,-
8th style,桜,0,,-,1035,HAL,大阪府,1433,FIXER,大阪府,2135,BRIBRI,大阪府,0,,-
8th style,蒼い衝動,0,,-,885,GROWTH,大阪府,1331,REGLOS,大阪府,1585,DEBU-O,大阪府,0,,-
9th style,Abyss -The Heavens Remix-,556,GROWTH,大阪府,1482,FIXER,大阪府,1817,U-KE,大阪府,2371,TAKA.S,大阪府,0,,-
9th style,ACT,0,,-,1018,GROWTH,大阪府,1658,REGLOS,大阪府,1828,SLAYER,大阪府,0,,-
9th style,ADVANCE,0,,-,457,SAYUKI,大阪府,841,2YA.06,大阪府,1552,SU8RAN,大阪府,0,,-
9th style,ATOMIC AGE,0,,-,337,CRADLE,大阪府,658,MSY-8,大阪府,1319,KND.N,大阪府,0,,-
9th style,BAD BOY BASS!! (dj Remo-con MIX),0,,-,890,CRADLE,大阪府,1359,PISCES,大阪府,1794,PRN-SA,大阪府,0,,-
9th style,bag,0,,-,844,CRADLE,大阪府,1200,FIXER,大阪府,1900,SLAYER,大阪府,0,,-
9th style,BRIGHTNESS DARKNESS,0,,-,683,CRADLE,大阪府,1418,FIXER,大阪府,1751,*RK*,大阪府,0,,-
9th style,Cradle,0,,-,854,IIDX33,大阪府,1448,FIXER,大阪府,1575,HP.O,大阪府,0,,-
9th style,Distress,0,,-,1310,PISCES,大阪府,1817,HAL,大阪府,0,,-,0,,-
9th style,e-motion 2003  -romantic extra-,0,,-,1243,XYZ-D,大阪府,1566,REGLOS,大阪府,1985,LV12,大阪府,0,,-
9th style,fun,0,,-,518,RUN,大阪府,1040,REGLOS,大阪府,1835,BRIBRI,大阪府,0,,-
9th style,Golden Horn,0,,-,630,UKYO*,大阪府,1199,REGLOS,大阪府,1515,PRN-SA,大阪府,0,,-
9th style,HYPER EUROBEAT (2DX style),0,,-,1039,CRADLE,大阪府,1626,REGLOS,大阪府,1943,BRIBRI,大阪府,0,,-
9th style,I Was The One (80's EUROBEAT STYLE),0,,-,740,CRADLE,大阪府,1345,HIGA-C,大阪府,1446,PRN-SA,大阪府,0,,-
9th style,Karma,0,,-,1256,YUKI86,大阪府,1660,FRAPPE,大阪府,1823,PRN-SA,大阪府,0,,-
9th style,lights,0,,-,686,GROWTH,大阪府,1406,PISCES,大阪府,1784,35P,大阪府,0,,-
9th style,Logic Board,0,,-,987,EDEN,大阪府,1710,REGLOS,大阪府,2316,LV12,大阪府,0,,-
9th style,LOVE SHINE,513,GROWTH,大阪府,832,GROWTH,大阪府,1823,GERION,大阪府,2080,*RK*,大阪府,0,,-
9th style,lower world,0,,-,1324,PISCES,大阪府,1847,REGLOS,大阪府,2235,I.KILA,大阪府,0,,-
9th style,Make A Difference,0,,-,796,CRADLE,大阪府,1570,REGLOS,大阪府,2225,RURUKA,大阪府,0,,-
9th style,MARIA (I believe... ),0,,-,702,CRADLE,大阪府,1571,REGLOS,大阪府,1943,PRN-SA,大阪府,0,,-
9th style,moon_child,0,,-,1025,FIXER,大阪府,1953,REGLOS,大阪府,2521,HAL,大阪府,0,,-
9th style,one or eight,0,,-,1184,F-ZONE,大阪府,1808,IIDX33,大阪府,2266,ALNIO,大阪府,0,,-
9th style,PARANOIA survivor MAX,0,,-,923,GROWTH,大阪府,1278,NOIK.K,大阪府,2115,LV12,大阪府,0,,-
9th style,quasar,0,,-,1154,URAKN!,大阪府,1744,FIXER,大阪府,2309,PRN-SA,大阪府,0,,-
9th style,Quickening,0,,-,863,LATIAS,大阪府,1717,HAL,大阪府,2103,LV12,大阪府,0,,-
9th style,Really Love,0,,-,608,CRADLE,大阪府,920,MSY-8,大阪府,1764,*RK*,大阪府,0,,-
9th style,RISLIM -Remix-,0,,-,740,PENLPE,大阪府,983,REGLOS,大阪府,1869,LV12,大阪府,0,,-
9th style,rottel-the-Mercury,0,,-,979,LATIAS,大阪府,1877,REGLOS,大阪府,2264,CHINO,大阪府,0,,-
9th style,Silvia Drive,0,,-,789,CRADLE,大阪府,1507,REGLOS,大阪府,2059,*RK*,大阪府,0,,-
9th style,SNOW,0,,-,991,CRADLE,大阪府,1348,REGLOS,大阪府,2019,FRAPPE,大阪府,0,,-
9th style,STAR FIELD,0,,-,698,KAKOP,大阪府,1539,FIXER,大阪府,1878,HAL,大阪府,0,,-
9th style,Sweet Sweet Magic,0,,-,976,CRADLE,大阪府,1481,REGLOS,大阪府,2056,TAKA.S,大阪府,0,,-
9th style,SWEETEST SAVAGE,0,,-,622,CRADLE,大阪府,1312,REGLOS,大阪府,1816,*RK*,大阪府,0,,-
9th style,ライオン好き,0,,-,615,CRADLE,大阪府,1137,AAAA,大阪府,1499,HP.O,大阪府,0,,-
9th style,真夏の花・真夏の夢,0,,-,768,CRADLE,大阪府,1130,REGLOS,大阪府,1475,LV12,大阪府,0,,-
10th style,1st Samurai,0,,-,986,CRADLE,大阪府,1917,REGLOS,大阪府,2674,BRIBRI,大阪府,0,,-
10th style,ALIEN TEMPLE,0,,-,960,LATIAS,大阪府,1624,REGLOS,大阪府,1972,FRAPPE,大阪府,0,,-
10th style,ASTRAL VOYAGE,0,,-,973,GROWTH,大阪府,1352,IIDX33,大阪府,1902,GUNZO-,大阪府,0,,-
10th style,BABY LOVE,0,,-,1133,YUKI86,大阪府,1687,FIXER,大阪府,2155,*RK*,大阪府,0,,-
10th style,Back Into The Light,0,,-,1033,CRADLE,大阪府,1603,REGLOS,大阪府,2161,LV12,大阪府,0,,-
10th style,Boundary,0,,-,813,CRADLE,大阪府,1806,FIXER,大阪府,2041,*RK*,大阪府,0,,-
10th style,CARRY ON NIGHT (English version),0,,-,946,LATIAS,大阪府,1353,PISCES,大阪府,2059,PRN-SA,大阪府,0,,-
10th style,Daisuke,468,HARUNA,大阪府,1165,MANA,大阪府,1677,HAL,大阪府,2402,PRN-SA,大阪府,0,,-
10th style,Debtty Daddy,0,,-,1011,IIDX33,大阪府,1953,FIXER,大阪府,2689,LEVI,大阪府,0,,-
10th style,desolation,0,,-,474,CRADLE,大阪府,629,YUKI86,大阪府,755,HP.O,大阪府,0,,-
10th style,DoLL,347,GROWTH,大阪府,904,MSY-8,大阪府,1211,MSY-8,大阪府,1614,S63,大阪府,0,,-
10th style,EXE,0,,-,834,CRADLE,大阪府,1612,REGLOS,大阪府,2252,TAKA.S,大阪府,0,,-
10th style,Feedback,0,,-,1005,F-ZONE,大阪府,1565,REGLOS,大阪府,1958,PRN-SA,大阪府,0,,-
10th style,FEEL IT,0,,-,896,PISCES,大阪府,1720,PRN-SA,大阪府,2000,LV12,大阪府,0,,-
10th style,Freezing atmosphere,0,,-,758,CRADLE,大阪府,1139,HAL,大阪府,1504,*RK*,大阪府,0,,-
10th style,GHOST REVIVAL,0,,-,862,CRADLE,大阪府,2010,REGLOS,大阪府,2559,FRAPPE,大阪府,0,,-
10th style,GRADIUS -FULL SPEED-,0,,-,641,MESHI,大阪府,1141,REGLOS,大阪府,2096,WAMDUS,大阪府,0,,-
10th style,HIGH,0,,-,902,CRADLE,大阪府,1880,REGLOS,大阪府,2134,DEBU-O,大阪府,2868,TAKA.S,大阪府
10th style,Innocent Walls,0,,-,1628,FIXER,大阪府,2451,ALNIO,大阪府,2826,PRN-SA,大阪府,0,,-
10th style,Love Is Eternity,0,,-,1157,YUKI86,大阪府,1973,MERRIC,大阪府,2406,LV12,大阪府,0,,-
10th style,Lucy,0,,-,919,CRADLE,大阪府,1784,HAL,大阪府,2304,35P,大阪府,0,,-
10th style,Narcissus At Oasis,0,,-,715,CRADLE,大阪府,1581,HAL,大阪府,1673,TAKA.S,大阪府,0,,-
10th style,No.13,0,,-,1602,832LMN,大阪府,2607,REGLOS,大阪府,3141,KND.N,大阪府,0,,-
10th style,One More Lovely,0,,-,854,PISCES,大阪府,1626,REGLOS,大阪府,2870,TAKA.S,大阪府,0,,-
10th style,pandora,0,,-,845,CRADLE,大阪府,1633,REGLOS,大阪府,1844,ALNIO,大阪府,0,,-
10th style,rainbow rainbow,0,,-,1487,ALITH,大阪府,2176,REGLOS,大阪府,2698,BRIBRI,大阪府,0,,-
10th style,Rise'n Beauty,0,,-,1226,OWATTA,大阪府,1607,FIXER,大阪府,2160,WAMDUS,大阪府,3940,KND.N,大阪府
10th style,SCORE,0,,-,1082,CRADLE,大阪府,1572,REGLOS,大阪府,2069,PRN-SA,大阪府,0,,-
10th style,SHOOTING STAR,0,,-,1200,MANA,大阪府,1653,REGLOS,大阪府,2272,TAKA.S,大阪府,0,,-
10th style,SPACE FIGHT,0,,-,610,CRADLE,大阪府,1480,FIXER,大阪府,2218,CHINO,大阪府,0,,-
10th style,システムロマンス,0,,-,853,CRADLE,大阪府,1760,FIXER,大阪府,2026,TAMA5.,大阪府,0,,-
10th style,雪月花,0,,-,1219,NOLIZO,大阪府,1915,HAL,大阪府,2520,KND.N,大阪府,0,,-
IIDX RED,AA,0,,-,1210,GROWTH,大阪府,2715,HAL,大阪府,3624,3PLE,大阪府,0,,-
IIDX RED,AGEHA,598,GROWTH,大阪府,1036,GROWTH,大阪府,1760,HAL,大阪府,1867,S63,大阪府,2457,TAKA.S,大阪府
IIDX RED,ANDROMEDA,0,,-,969,KAKERU,大阪府,1918,HAL,大阪府,2857,S63,大阪府,0,,-
IIDX RED,awakening,0,,-,1061,PISCES,大阪府,1445,REGLOS,大阪府,1718,ALNIO,大阪府,0,,-
IIDX RED,Be quiet,0,,-,1050,NOLIZO,大阪府,1730,FIXER,大阪府,2193,LV12,大阪府,2816,KND.N,大阪府
IIDX RED,BLOCKS,0,,-,650,KIZNA,大阪府,1309,FIXER,大阪府,1975,LV12,大阪府,0,,-
IIDX RED,BREATH,0,,-,590,TSHIN,大阪府,1221,03SK,大阪府,1734,ALNIO,大阪府,0,,-
IIDX RED,Click Again,0,,-,830,CREPE,大阪府,1435,FIXER,大阪府,2136,LV12,大阪府,0,,-
IIDX RED,Close my Eyes for Me,0,,-,984,PISCES,大阪府,1439,FIXER,大阪府,1843,*RK*,大阪府,0,,-
IIDX RED,D.A.N.C.E.!,0,,-,591,LV12,大阪府,819,KAKOP,大阪府,1606,LV12,大阪府,0,,-
IIDX RED,Don't be afraid myself,0,,-,1095,PISCES,大阪府,1853,REGLOS,大阪府,2294,PRN-SA,大阪府,0,,-
IIDX RED,earth scape,0,,-,428,ILZAX,大阪府,1004,REGLOS,大阪府,1275,*RK*,大阪府,0,,-
IIDX RED,FAKE TIME,0,,-,1021,FIXER,大阪府,1718,HP.O,大阪府,2378,ALNIO,大阪府,0,,-
IIDX RED,Fly Away To India,0,,-,647,LATIAS,大阪府,1107,HIGA-C,大阪府,1393,SHTOLA,大阪府,0,,-
IIDX RED,GENOCIDE,0,,-,1138,FIXER,大阪府,2014,REGLOS,大阪府,2391,LV12,大阪府,0,,-
IIDX RED,gigadelic,691,GROWTH,大阪府,1426,REGLOS,大阪府,2156,ALNIO,大阪府,2525,TAKA.S,大阪府,0,,-
IIDX RED,HORIZON,0,,-,969,SE340,大阪府,1557,HAL,大阪府,1968,PRN-SA,大阪府,0,,-
IIDX RED,KEY,0,,-,1082,GROWTH,大阪府,1871,FIXER,大阪府,2842,LEVI,大阪府,0,,-
IIDX RED,NEBULA GRASPER,0,,-,1289,YUKI86,大阪府,2007,REGLOS,大阪府,2430,FRAPPE,大阪府,0,,-
IIDX RED,Raspberry Heart(English version),0,,-,964,HIRO.*,大阪府,1567,REGLOS,大阪府,1840,KIGHKN,大阪府,0,,-
IIDX RED,RED ZONE,177,GROWTH,大阪府,1034,LATIAS,大阪府,1920,HAL,大阪府,2334,BRIBRI,大阪府,3070,KND.N,大阪府
IIDX RED,RESONATE 1794,0,,-,832,ILZAX,大阪府,1455,LV12,大阪府,1873,ALNIO,大阪府,0,,-
IIDX RED,Secret of Love,0,,-,993,QQQ-RL,大阪府,1401,PISCES,大阪府,2024,PRN-SA,大阪府,0,,-
IIDX RED,SPEEDY CAT,0,,-,934,JOY,大阪府,1695,HAL,大阪府,2045,PRN-SA,大阪府,0,,-
IIDX RED,Sphere,0,,-,1010,SARARA,大阪府,1953,HAL,大阪府,2189,PRN-SA,大阪府,0,,-
IIDX RED,spiral galaxy,0,,-,907,HIRO.*,大阪府,2026,FIXER,大阪府,2594,TAKA.S,大阪府,3741,KND.N,大阪府
IIDX RED,The Hope of Tomorrow,0,,-,1026,INV1TE,大阪府,1684,REGLOS,大阪府,1953,S63,大阪府,0,,-
IIDX RED,Wonder Bullfighter,0,,-,836,UKYO*,大阪府,1419,REGLOS,大阪府,2035,*RK*,大阪府,0,,-
IIDX RED,ピアノ協奏曲第１番”蠍火”,0,,-,803,FIXER,大阪府,2145,LV12,大阪府,2652,K-JET?,大阪府,0,,-
IIDX RED,大桟橋,0,,-,479,RYO2,大阪府,1125,REGLOS,大阪府,1851,WAMDUS,大阪府,0,,-
IIDX RED,太陽～T・A・I・Y・O～,0,,-,804,LATIAS,大阪府,1392,REGLOS,大阪府,1736,TAMA5.,大阪府,0,,-
IIDX RED,ＵＬＴｉＭΛＴＥ,0,,-,936,GROWTH,大阪府,1467,REGLOS,大阪府,1987,NAMA-3,大阪府,0,,-
HAPPY SKY,100％ minimoo-G,0,,-,840,AAAA,大阪府,1653,REGLOS,大阪府,1737,LV12,大阪府,0,,-
HAPPY SKY,Agnus Dei,0,,-,908,KARTE,大阪府,1662,REGLOS,大阪府,2085,LV12,大阪府,0,,-
HAPPY SKY,alla turca con passione,0,,-,709,-MARK-,大阪府,1594,FIXER,大阪府,2177,35P,大阪府,0,,-
HAPPY SKY,Aurora,0,,-,1352,FIXER,大阪府,2158,HAL,大阪府,2549,TAKA.S,大阪府,0,,-
HAPPY SKY,CaptivAte～浄化～,0,,-,1025,PISCES,大阪府,1798,FIXER,大阪府,2468,LV12,大阪府,3424,KND.N,大阪府
HAPPY SKY,Catch Me,0,,-,730,ILZAX,大阪府,1271,K3-VE,大阪府,1798,LV12,大阪府,2117,KND.N,大阪府
HAPPY SKY,Don't let it go,0,,-,694,GERION,大阪府,1227,GERION,大阪府,1667,KARTE,大阪府,0,,-
HAPPY SKY,double thrash,0,,-,966,YUKI86,大阪府,2093,HAL,大阪府,2344,HAL,大阪府,0,,-
HAPPY SKY,EDEN,0,,-,1265,GROWTH,大阪府,1875,ANSR,大阪府,2719,TAKA.S,大阪府,3272,TAKA.S,大阪府
HAPPY SKY,EMPTY OF THE SKY,0,,-,620,SNWYAR,大阪府,983,YUKI86,大阪府,1680,NOIK.K,大阪府,0,,-
HAPPY SKY,First Resolution,0,,-,791,MANA,大阪府,1573,FIXER,大阪府,2146,PRN-SA,大阪府,0,,-
HAPPY SKY,garden,0,,-,861,GROWTH,大阪府,1445,GROWTH,大阪府,2143,KARTE,大阪府,3096,PRN-SA,大阪府
HAPPY SKY,Get'em up to R.A.V.E,0,,-,1118,SARARA,大阪府,1714,REGLOS,大阪府,2276,BRIBRI,大阪府,0,,-
HAPPY SKY,GREEN EYES,0,,-,950,GROWTH,大阪府,1530,ALTUVE,大阪府,2204,35P,大阪府,0,,-
HAPPY SKY,HAPPY☆ANGEL,650,GROWTH,大阪府,1069,GROWTH,大阪府,1512,INANNA,大阪府,2086,LV12,大阪府,0,,-
HAPPY SKY,I am,0,,-,1092,MSY-8,大阪府,1740,REGLOS,大阪府,2156,K-JET?,大阪府,0,,-
HAPPY SKY,in motion,0,,-,818,GROWTH,大阪府,1059,LCB,大阪府,1306,35P,大阪府,0,,-
HAPPY SKY,INAZUMA,0,,-,1044,CHANTE,大阪府,1761,REGLOS,大阪府,2709,KND.N,大阪府,4043,3PLE,大阪府
HAPPY SKY,LESSON 5,0,,-,1187,NASU!?,大阪府,1829,RENAI,大阪府,2484,LEVI,大阪府,0,,-
HAPPY SKY,Little Little Princess,0,,-,1067,GROWTH,大阪府,2169,UGEAND,大阪府,2726,NOIK.K,大阪府,3816,3PLE,大阪府
HAPPY SKY,Love Magic,0,,-,941,MSY-8,大阪府,1719,REGLOS,大阪府,1936,WAMDUS,大阪府,0,,-
HAPPY SKY,mind the gap,0,,-,712,GROWTH,大阪府,1040,LV12,大阪府,1569,LV12,大阪府,0,,-
HAPPY SKY,MOON RACE,0,,-,804,GROWTH,大阪府,1136,FIXER,大阪府,1893,*RK*,大阪府,0,,-
HAPPY SKY,Pink Rose,0,,-,574,LATIAS,大阪府,972,HIGA-C,大阪府,1412,LV12,大阪府,2004,LV12,大阪府
HAPPY SKY,PLASMA,0,,-,903,LATIAS,大阪府,1650,REGLOS,大阪府,2258,BRIBRI,大阪府,0,,-
HAPPY SKY,Pollinosis,0,,-,635,J-WOCK,大阪府,1153,FIXER,大阪府,2516,ALNIO,大阪府,0,,-
HAPPY SKY,POODLE,0,,-,921,LATIAS,大阪府,1898,HAL,大阪府,2303,LV12,大阪府,3378,KND.N,大阪府
HAPPY SKY,rage against usual,0,,-,1285,PISCES,大阪府,1981,REGLOS,大阪府,2955,ALNIO,大阪府,0,,-
HAPPY SKY,SCREAM SQUAD,0,,-,1111,KEYNES,大阪府,1609,REGLOS,大阪府,2076,LV12,大阪府,0,,-
HAPPY SKY,Scripted Connection⇒ A mix,0,,-,1654,PISCES,大阪府,2079,KAKERU,大阪府,3107,K-JET?,大阪府,3374,KND.N,大阪府
HAPPY SKY,Scripted Connection⇒ H mix,0,,-,1636,PISCES,大阪府,1985,REGLOS,大阪府,2498,LV12,大阪府,2892,TAKA.S,大阪府
HAPPY SKY,Scripted Connection⇒ N mix,0,,-,1237,YUKI86,大阪府,1653,REGLOS,大阪府,2074,MERRIC,大阪府,2414,LEVI,大阪府
HAPPY SKY,SigSig,665,GROWTH,大阪府,1014,LATIAS,大阪府,1701,FIXER,大阪府,2598,S63,大阪府,0,,-
HAPPY SKY,Tizona d'El Cid,0,,-,917,UKYO*,大阪府,1901,REGLOS,大阪府,2302,*RK*,大阪府,0,,-
HAPPY SKY,Twelfth Style,0,,-,1195,YUKI86,大阪府,1410,MOKO73,大阪府,2002,RIN!!,大阪府,3262,LV12,大阪府
HAPPY SKY,Under the Sky,0,,-,849,F-ZONE,大阪府,1397,FIXER,大阪府,1738,LV12,大阪府,0,,-
HAPPY SKY,vault of heaven,0,,-,763,LATIAS,大阪府,1399,REGLOS,大阪府,2013,TAKA.S,大阪府,0,,-
HAPPY SKY,Votum stellarum,0,,-,748,LATIAS,大阪府,1685,*RK*,大阪府,1999,35P,大阪府,0,,-
HAPPY SKY,We are Disっ娘よっつ打ち命,0,,-,648,GROWTH,大阪府,926,OTACON,大阪府,1640,148,大阪府,0,,-
HAPPY SKY,Xepher,407,GROWTH,大阪府,1082,LATIAS,大阪府,2122,FUMI8N,大阪府,2995,S63,大阪府,0,,-
HAPPY SKY,オレはビートマニア！お前は何マニア？,0,,-,789,PISCES,大阪府,1429,REGLOS,大阪府,1694,*RK*,大阪府,0,,-
HAPPY SKY,ヒマワリ,0,,-,536,YUKKE,大阪府,1827,TSUKKI,大阪府,2065,S63,大阪府,0,,-
HAPPY SKY,ラクエン,0,,-,695,GROWTH,大阪府,899,REGLOS,大阪府,1982,LV12,大阪府,0,,-
HAPPY SKY,冥,580,MSY-8,大阪府,980,ALTUVE,大阪府,2108,NOIK.K,大阪府,3872,K-JET?,大阪府,0,,-
HAPPY SKY,合体せよ！ストロングイェーガー！！ (Ryu☆ remix),0,,-,1040,F-ZONE,大阪府,1561,REGLOS,大阪府,1922,LV12,大阪府,0,,-
HAPPY SKY,月光,0,,-,878,URAKN!,大阪府,1746,FIXER,大阪府,2464,KND.N,大阪府,0,,-
DistorteD,ALFARSHEAR 双神威に廻る夢,437,GROWTH,大阪府,1060,GROWTH,大阪府,1617,MOKO73,大阪府,2091,TAKA.S,大阪府,0,,-
DistorteD,Apocalypse ～dirge of swans～,240,GROWTH,大阪府,988,INANNA,大阪府,1771,DORAPI,大阪府,2396,LV12,大阪府,0,,-
DistorteD,BALLAD THE FEATHERS,0,,-,668,SNWYAR,大阪府,1072,PISCES,大阪府,1508,*RK*,大阪府,0,,-
DistorteD,Bloody Tears(IIDX EDITION),0,,-,1108,GROWTH,大阪府,1912,TSUKKI,大阪府,2184,TAKA.S,大阪府,0,,-
DistorteD,BOOM BOOM DISCO NIGHT,0,,-,935,AAAA,大阪府,1801,FIXER,大阪府,2289,35P,大阪府,0,,-
DistorteD,Broadbanded,0,,-,848,AAAA,大阪府,1396,FIXER,大阪府,2014,LV12,大阪府,0,,-
DistorteD,Concertino in Blue,375,GROWTH,大阪府,838,PISCES,大阪府,1584,SU-CHO,大阪府,2476,KND.N,大阪府,0,,-
DistorteD,CONTRACT,0,,-,1245,FIXER,大阪府,1694,HAL,大阪府,2073,S63,大阪府,2763,3PLE,大阪府
DistorteD,D.C.fish,0,,-,1003,FIXER,大阪府,1922,FIXER,大阪府,2347,TAKA.S,大阪府,0,,-
DistorteD,DEEP ROAR,0,,-,986,GROWTH,大阪府,1405,FIXER,大阪府,2762,TAKA.S,大阪府,0,,-
DistorteD,Double Loving Heart,0,,-,570,GROWTH,大阪府,1335,HAL,大阪府,1803,BLAST,大阪府,0,,-
DistorteD,DUE TOMORROW,0,,-,809,HIRO.*,大阪府,1368,PISCES,大阪府,2012,KND.N,大阪府,0,,-
DistorteD,EURO-ROMANCE,0,,-,885,R.S,大阪府,1854,HAL,大阪府,2106,TAKA.S,大阪府,0,,-
DistorteD,Ganymede,0,,-,1050,YUKI86,大阪府,1657,ALDIA,大阪府,2318,BRIBRI,大阪府,2591,K-JET?,大阪府
DistorteD,Harmony and Lovely,0,,-,838,AAAA,大阪府,1707,K*NORI,大阪府,2247,LV12,大阪府,0,,-
DistorteD,Heavenly Sun (IIDX VERSION),0,,-,770,AAAA,大阪府,1545,OTACON,大阪府,2103,KND.N,大阪府,0,,-
DistorteD,INFERNO,0,,-,1161,KYRIE,大阪府,1591,RENAI,大阪府,1972,I.KILA,大阪府,0,,-
DistorteD,Leaving...,0,,-,725,AAAA,大阪府,1316,FIXER,大阪府,2206,3PLE,大阪府,0,,-
DistorteD,MINT,0,,-,923,YUKI86,大阪府,1697,U-KE,大阪府,2294,ALNIO,大阪府,0,,-
DistorteD,MOON,0,,-,819,GERION,大阪府,2064,GERION,大阪府,2208,KND.N,大阪府,0,,-
DistorteD,Power of Love,0,,-,915,AAAA,大阪府,1595,FIXER,大阪府,2140,*RK*,大阪府,0,,-
DistorteD,So Fabulous !!,0,,-,1043,AAAA,大阪府,1535,FIXER,大阪府,2329,*RK*,大阪府,0,,-
DistorteD,Sun Field,0,,-,531,SNWYAR,大阪府,1496,FIXER,大阪府,2421,35P,大阪府,0,,-
DistorteD,The Dirty of Loudness,0,,-,1396,PISCES,大阪府,2130,TE,大阪府,2610,KND.N,大阪府,0,,-
DistorteD,This is Love,0,,-,862,AAAA,大阪府,1733,SIENNA,大阪府,2464,LEVI,大阪府,0,,-
DistorteD,tripping contact(teranoid&MC Natsack Remix),0,,-,1159,AAAA,大阪府,1886,1UP,大阪府,2481,TAKA.S,大阪府,0,,-
DistorteD,TYPE MARS(G-Style Mix),0,,-,1074,IIDX33,大阪府,1853,HP.O,大阪府,2404,Q-Q.,大阪府,0,,-
DistorteD,waxing and wanding,0,,-,1307,INANNA,大阪府,1938,S1Q,大阪府,2884,HAL,大阪府,3983,3PLE,大阪府
DistorteD,Why did you go away,639,GROWTH,大阪府,1029,MSY-8,大阪府,1768,GERION,大阪府,2307,BRIBRI,大阪府,0,,-
DistorteD,WISH(EUROBEAT MIX),0,,-,983,MSY-8,大阪府,1634,HAL,大阪府,1964,LEVI,大阪府,0,,-
DistorteD,with you…,0,,-,748,DETTEU,大阪府,1137,HIGA-C,大阪府,1777,LV12,大阪府,0,,-
DistorteD,Zenius -I- vanisher,0,,-,944,BROWN,大阪府,1548,URAKN!,大阪府,2377,S63,大阪府,0,,-
DistorteD,カゴノトリ～弐式～,0,,-,1057,GROWTH,大阪府,1840,FIXER,大阪府,2632,LV12,大阪府,0,,-
DistorteD,タシカナモノ,0,,-,887,AAAA,大阪府,1442,HAL,大阪府,2037,S63,大阪府,0,,-
DistorteD,嘆きの樹,0,,-,1760,FIXER,大阪府,2505,ALNIO,大阪府,3910,3PLE,大阪府,0,,-
DistorteD,罠,0,,-,544,LATIAS,大阪府,1524,FIXER,大阪府,2462,PRN-SA,大阪府,0,,-
DistorteD,華蝶風雪,0,,-,1164,HIRO.*,大阪府,2021,IIDX33,大阪府,2983,3PLE,大阪府,4009,TAKA.S,大阪府
DistorteD,虹色,0,,-,918,LATIAS,大阪府,1483,OTACON,大阪府,1855,S63,大阪府,0,,-
GOLD,2hot2eat,0,,-,577,GROWTH,大阪府,1152,MSY-8,大阪府,1640,WANDOG,大阪府,0,,-
GOLD,Air Bell,0,,-,917,DJ886,大阪府,1339,REGLOS,大阪府,1715,Q-Q.,大阪府,0,,-
GOLD,ANDROMEDA II,0,,-,934,LATIAS,大阪府,1847,FIXER,大阪府,2463,WAMDUS,大阪府,0,,-
GOLD,Blind Justice ～Torn souls， Hurt Faiths ～,0,,-,1292,YUKI86,大阪府,1987,LV12,大阪府,2480,LV12,大阪府,0,,-
GOLD,Candy Galy,0,,-,1570,HNORIN,大阪府,2463,REGLOS,大阪府,3556,TAKA.S,大阪府,0,,-
GOLD,CaptivAte～裁き～,416,GROWTH,大阪府,822,LATIAS,大阪府,1288,MOGAMI,大阪府,1781,LV12,大阪府,0,,-
GOLD,CaptivAte～誓い～,0,,-,1322,HNORIN,大阪府,1982,REGLOS,大阪府,2244,S63,大阪府,0,,-
GOLD,CROSSROAD ～Left Story～,0,,-,1090,ACHO,大阪府,1761,HAL,大阪府,2191,LV12,大阪府,0,,-
GOLD,Cyber Force,0,,-,1149,F-ZONE,大阪府,1892,REGLOS,大阪府,2331,STAROA,大阪府,0,,-
GOLD,Fascination MAXX,0,,-,929,INDOOR,大阪府,1629,LV12,大阪府,2534,LV12,大阪府,0,,-
GOLD,FIRE FIRE,566,573DOG,大阪府,1177,PISCES,大阪府,1814,HAL,大阪府,2766,TAKA.S,大阪府,0,,-
GOLD,four-leaf,0,,-,750,PISCES,大阪府,1216,FIXER,大阪府,1710,KND.N,大阪府,0,,-
GOLD,GOLD RUSH,549,GROWTH,大阪府,1165,GROWTH,大阪府,1475,FIXER,大阪府,2366,KND.N,大阪府,0,,-
GOLD,GRID KNIGHT,0,,-,756,2KI-TA,大阪府,1935,FIXER,大阪府,2598,CH3F,大阪府,3481,LV12,大阪府
GOLD,heaven above,0,,-,741,AAAA,大阪府,1379,REGLOS,大阪府,1846,BRIBRI,大阪府,0,,-
GOLD,High School Love,391,GROWTH,大阪府,851,PISCES,大阪府,1559,HNORIN,大阪府,2207,KND.N,大阪府,0,,-
GOLD,INORI,0,,-,1359,ALITH,大阪府,2533,AYTK,大阪府,3175,KND.N,大阪府,0,,-
GOLD,KAMAITACHI,0,,-,1191,YUKI86,大阪府,2040,HAL,大阪府,2701,TAKA.S,大阪府,3921,3PLE,大阪府
GOLD,LASER CRUSTER,0,,-,1419,FIXER,大阪府,2438,LV12,大阪府,3198,LV12,大阪府,0,,-
GOLD,Love Again...,0,,-,565,GROWTH,大阪府,783,YUKI86,大阪府,1068,TAKA.S,大阪府,0,,-
GOLD,Make Me Your Own,0,,-,838,16DORI,大阪府,1586,FIXER,大阪府,2141,LV12,大阪府,0,,-
GOLD,METALLIC MIND,0,,-,826,AAAA,大阪府,1410,FIXER,大阪府,1614,*RK*,大阪府,0,,-
GOLD,never…,0,,-,752,AAAA,大阪府,1345,RENAI,大阪府,1802,NOIK.K,大阪府,0,,-
GOLD,op.31 叙情,0,,-,564,MSY-8,大阪府,1214,F,大阪府,1603,LV12,大阪府,0,,-
GOLD,PHOTONGENIC,0,,-,1301,PISCES,大阪府,1972,WAMDUS,大阪府,2313,PRN-SA,大阪府,0,,-
GOLD,Roulette,0,,-,839,HIRO.*,大阪府,1452,HAL,大阪府,2122,PRN-SA,大阪府,0,,-
GOLD,Second Heaven,220,TETSU.,大阪府,963,MOGAMI,大阪府,1504,FIXER,大阪府,2103,DORAPI,大阪府,0,,-
GOLD,Sense 2007,0,,-,1494,SU8RAN,大阪府,2203,TAMA5.,大阪府,2953,ALNIO,大阪府,0,,-
GOLD,smile,0,,-,1441,PISCES,大阪府,2176,RENAI,大阪府,2911,TAKA.S,大阪府,0,,-
GOLD,snow storm,234,GROWTH,大阪府,763,LATIAS,大阪府,2222,SRPON*,大阪府,2779,3PLE,大阪府,3368,LV12,大阪府
GOLD,the shadow,0,,-,1095,AAAA,大阪府,2060,REGLOS,大阪府,2898,35P,大阪府,0,,-
GOLD,The Smile of You,0,,-,919,AMINO,大阪府,1308,HAL,大阪府,1627,STAROA,大阪府,0,,-
GOLD,TRANOID,0,,-,720,AAAA,大阪府,1665,FIXER,大阪府,2224,LV12,大阪府,2913,FRAPPE,大阪府
GOLD,VANESSA,0,,-,1153,FIXER,大阪府,1794,TAMA5.,大阪府,2411,ALNIO,大阪府,3447,K-JET?,大阪府
GOLD,Watch out!!,0,,-,715,GERION,大阪府,1006,WWW.M,大阪府,1593,PRN-SA,大阪府,0,,-
GOLD,With your Smile,0,,-,719,GROWTH,大阪府,1180,INANNA,大阪府,1571,LV12,大阪府,0,,-
GOLD,クルクル☆ラブ～Opioid Peptide MIX～,371,SNWYAR,大阪府,933,LATIAS,大阪府,1475,REGLOS,大阪府,2256,FRAPPE,大阪府,0,,-
GOLD,ヨシダさん,0,,-,882,AAAA,大阪府,1362,YUKI86,大阪府,1967,LV12,大阪府,0,,-
GOLD,リグレット,0,,-,1292,MOKO73,大阪府,1680,OTACON,大阪府,2424,LEVI,大阪府,0,,-
GOLD,星をこの手に,0,,-,1171,GROWTH,大阪府,1792,RENAI,大阪府,2166,NOIK.K,大阪府,0,,-
GOLD,花吹雪 ～ IIDX LIMITED ～,0,,-,665,SNWYAR,大阪府,1132,HAL,大阪府,1416,HAL,大阪府,0,,-
GOLD,零 - ZERO -,216,GROWTH,大阪府,1146,LATIAS,大阪府,1767,GERION,大阪府,2271,GERION,大阪府,2737,KND.N,大阪府
GOLD,電人、暁に斃れる。,658,GROWTH,大阪府,1459,GROWTH,大阪府,2289,U-KE,大阪府,3431,TAKA.S,大阪府,0,,-
DJ TROOPERS,2 tribe 4 K,0,,-,823,AAAA,大阪府,1262,YUKI86,大阪府,2754,S63,大阪府,0,,-
DJ TROOPERS,"Anisakis -somatic mutation type""Forza""-",0,,-,1208,YUKI86,大阪府,1995,FIXER,大阪府,2848,LV12,大阪府,3886,TAKA.S,大阪府
DJ TROOPERS,avant-guerre,0,,-,682,YUKKE,大阪府,1338,LV12,大阪府,1912,ALNIO,大阪府,0,,-
DJ TROOPERS,Be OK,0,,-,901,AAAA,大阪府,1769,FIXER,大阪府,2408,*RK*,大阪府,3338,TAKA.S,大阪府
DJ TROOPERS,beatonic nation,0,,-,1205,LATIAS,大阪府,1841,FIXER,大阪府,2152,SLAYER,大阪府,0,,-
DJ TROOPERS,Blue Rain,331,GROWTH,大阪府,1003,FIXER,大阪府,1590,FIXER,大阪府,2271,KND.N,大阪府,3360,3PLE,大阪府
DJ TROOPERS,Darling my LUV,0,,-,612,AAAA,大阪府,1012,RENAI,大阪府,1381,KND.N,大阪府,0,,-
DJ TROOPERS,Dazzlin' Darlin,339,HARUNA,大阪府,865,LATIAS,大阪府,1401,HAL,大阪府,2224,B,大阪府,0,,-
DJ TROOPERS,Digitank System,0,,-,853,HIRO.*,大阪府,1504,MSY-8,大阪府,2135,KND.N,大阪府,0,,-
DJ TROOPERS,Do it!! Do it!!,0,,-,1004,KRAST,大阪府,1498,FIXER,大阪府,1925,35P,大阪府,2468,KND.N,大阪府
DJ TROOPERS,end of world,0,,-,1008,KRAST,大阪府,1768,REGLOS,大阪府,2470,WAMDUS,大阪府,0,,-
DJ TROOPERS,evergreen,0,,-,1003,I.KILA,大阪府,1383,I.KILA,大阪府,1962,35P,大阪府,0,,-
DJ TROOPERS,four pieces of heaven,0,,-,787,R.S,大阪府,1746,REGLOS,大阪府,2282,STAROA,大阪府,2868,LV12,大阪府
DJ TROOPERS,Freeway Shuffle,327,UKYO*,大阪府,763,AAAA,大阪府,1273,REGLOS,大阪府,1852,KARTE,大阪府,0,,-
DJ TROOPERS,ICARUS,0,,-,1295,NA23N.,大阪府,1977,NA23N.,大阪府,2420,KND.N,大阪府,3629,3PLE,大阪府
DJ TROOPERS,in the Sky,0,,-,1357,MOKO73,大阪府,2079,FIXER,大阪府,2540,S63,大阪府,0,,-
DJ TROOPERS,Kick Out 仮面,0,,-,1149,GROWTH,大阪府,1558,FIXER,大阪府,2034,KND.N,大阪府,0,,-
DJ TROOPERS,LOVELY STORM,0,,-,1276,YUKI86,大阪府,2167,REGLOS,大阪府,2846,TAKA.S,大阪府,0,,-
DJ TROOPERS,madrugada,0,,-,678,IIDX33,大阪府,1200,LCB,大阪府,1849,*RK*,大阪府,0,,-
DJ TROOPERS,MAX LOVE,0,,-,1365,HIRO.*,大阪府,2158,HNORIN,大阪府,2671,BRIBRI,大阪府,0,,-
DJ TROOPERS,MENDES,0,,-,1124,FIXER,大阪府,2603,TAMA5.,大阪府,3610,3PLE,大阪府,0,,-
DJ TROOPERS,MENTAL MELTDOWN,0,,-,1099,YUKI86,大阪府,2181,REGLOS,大阪府,2733,LV12,大阪府,0,,-
DJ TROOPERS,NEW GENERATION -もう、お前しか見えない-,0,,-,1038,PISCES,大阪府,1913,REGLOS,大阪府,2561,LEVI,大阪府,3612,Q-Q.,大阪府
DJ TROOPERS,oratio,0,,-,1426,MOKO73,大阪府,1961,FIXER,大阪府,2938,KND.N,大阪府,0,,-
DJ TROOPERS,PARANOiA ～HADES～,0,,-,1045,IIDX33,大阪府,1806,RIN!!,大阪府,2695,LV12,大阪府,0,,-
DJ TROOPERS,PROMISE FOR LIFE,0,,-,581,1059M,大阪府,1493,SAYUKI,大阪府,1746,HP.O,大阪府,0,,-
DJ TROOPERS,REMINISCENCE,0,,-,1215,DJ886,大阪府,1841,REGLOS,大阪府,2334,OVER.V,大阪府,0,,-
DJ TROOPERS,Rising in the Sun(original mix),0,,-,914,GROWTH,大阪府,1653,REGLOS,大阪府,2359,KND.N,大阪府,0,,-
DJ TROOPERS,Ristaccia,0,,-,1151,YUKI86,大阪府,1897,FIXER,大阪府,2738,LV12,大阪府,0,,-
DJ TROOPERS,"satellite020712 from ""CODED ARMS""",0,,-,1329,LV12,大阪府,1875,REGLOS,大阪府,2526,LV12,大阪府,0,,-
DJ TROOPERS,satfinal,0,,-,1070,BROWN,大阪府,1440,HAL,大阪府,1920,S63,大阪府,0,,-
DJ TROOPERS,scar in the earth,0,,-,630,LATIAS,大阪府,1096,REGLOS,大阪府,1506,HP.O,大阪府,0,,-
DJ TROOPERS,SOUND OF GIALLARHORN,401,EDDIEJ,大阪府,1277,LATIAS,大阪府,2708,REGLOS,大阪府,3265,WAMDUS,大阪府,0,,-
DJ TROOPERS,State Of The Art,0,,-,1061,GROWTH,大阪府,1535,MOGAMI,大阪府,3102,WAMDUS,大阪府,0,,-
DJ TROOPERS,STEEL NEEDLE,0,,-,1065,YUKI86,大阪府,2046,G-DEN,大阪府,2469,K-JET?,大阪府,3369,K-JET?,大阪府
DJ TROOPERS,switch,0,,-,799,MSY-8,大阪府,1562,HAL,大阪府,2112,PRN-SA,大阪府,0,,-
DJ TROOPERS,THE DEEP STRIKER,527,GROWTH,大阪府,998,AAAA,大阪府,2153,FIXER,大阪府,2966,LEVI,大阪府,3507,LV12,大阪府
DJ TROOPERS,the trigger of innocence,0,,-,832,AAAA,大阪府,1167,OTACON,大阪府,1843,HIGA-C,大阪府,3075,NOIK.K,大阪府
DJ TROOPERS,Time to Air,0,,-,1195,NE6NOK,大阪府,2007,MSY-8,大阪府,2872,BRIBRI,大阪府,3676,KND.N,大阪府
DJ TROOPERS,TRIP MACHINE PhoeniX,0,,-,659,YUKI86,大阪府,1619,REGLOS,大阪府,1792,WAMDUS,大阪府,0,,-
DJ TROOPERS,TROOPERS,0,,-,1206,LATIAS,大阪府,2339,FIXER,大阪府,2931,LV12,大阪府,0,,-
DJ TROOPERS,Ubertreffen,0,,-,1087,IIDX33,大阪府,1957,REGLOS,大阪府,2509,LV12,大阪府,3281,3PLE,大阪府
DJ TROOPERS,Wanna Party?,0,,-,699,AAAA,大阪府,1147,MSY-8,大阪府,1514,LV12,大阪府,2596,LV12,大阪府
DJ TROOPERS,エコ爺,226,SHAKE*,大阪府,760,AAAA,大阪府,1325,PISCES,大阪府,1835,LV12,大阪府,0,,-
DJ TROOPERS,マチ子の唄,0,,-,818,NANOHA,大阪府,1302,FIXER,大阪府,1798,LV12,大阪府,0,,-
DJ TROOPERS,ミラージュ・レジデンス,0,,-,1133,AKAGI,大阪府,2110,REGLOS,大阪府,2621,TAMA5.,大阪府,3302,3PLE,大阪府
DJ TROOPERS,少年A,0,,-,1256,FIXER,大阪府,2167,UGEAND,大阪府,2794,FRAPPE,大阪府,0,,-
DJ TROOPERS,華爛漫 -Flowers-,332,GROWTH,大阪府,930,CCK,大阪府,1557,GERION,大阪府,2047,S63,大阪府,3157,LV12,大阪府
DJ TROOPERS,走馬灯 -The Last Song-,0,,-,471,LATIAS,大阪府,905,REGLOS,大阪府,1341,LV12,大阪府,0,,-
DJ TROOPERS,高高度降下低高度開傘,0,,-,890,PISCES,大阪府,1444,OTACON,大阪府,1968,KARTE,大阪府,0,,-
EMPRESS,3y3s,551,GROWTH,大阪府,1464,GROWTH,大阪府,2433,PISCES,大阪府,3654,TAKA.S,大阪府,0,,-
EMPRESS,ALL I NEED YOUR LOVE,0,,-,1016,AAAA,大阪府,1660,FIXER,大阪府,2136,TAKA.S,大阪府,0,,-
EMPRESS,ALL MY TURN -このターンに、オレの全てを賭ける-,0,,-,1008,GROWTH,大阪府,1839,REGLOS,大阪府,2604,TAKA.S,大阪府,0,,-
EMPRESS,Arabian Rave Night,0,,-,1268,YUKI86,大阪府,2197,REGLOS,大阪府,2974,TAKA.S,大阪府,3682,TAKA.S,大阪府
EMPRESS,B4U(BEMANI FOR YOU MIX),0,,-,1139,LATIAS,大阪府,2263,REGLOS,大阪府,3576,TAKA.S,大阪府,4613,3PLE,大阪府
EMPRESS,Bahram Attack-猫叉Master Remix-,0,,-,1048,GROWTH,大阪府,1944,FIXER,大阪府,2618,S63,大阪府,3261,TAKA.S,大阪府
EMPRESS,BITTER CHOCOLATE STRIKER,0,,-,1063,NAO.,大阪府,2162,FIXER,大阪府,3939,K-JET?,大阪府,0,,-
EMPRESS,BRIDAL FESTIVAL !!!,0,,-,863,AAAA,大阪府,1460,FIXER,大阪府,2120,LV12,大阪府,0,,-
EMPRESS,CaptivAte2～覚醒～,238,GROWTH,大阪府,1066,YUKI86,大阪府,1717,REGLOS,大阪府,2405,K-JET?,大阪府,0,,-
EMPRESS,Colorful Cookie,663,GROWTH,大阪府,1138,INANNA,大阪府,2262,IIDX32,大阪府,3513,3PLE,大阪府,0,,-
EMPRESS,Cyber Force -DJ Yoshitaka Remix-,0,,-,1017,HIRO.*,大阪府,1845,FIXER,大阪府,2512,SHTOLA,大阪府,0,,-
EMPRESS,Flash Back 90's,0,,-,906,GERION,大阪府,1852,FIXER,大阪府,2328,TAKA.S,大阪府,2886,KND.N,大阪府
EMPRESS,Fly Above,0,,-,933,LATIAS,大阪府,1621,HIGA-C,大阪府,2030,LV12,大阪府,0,,-
EMPRESS,Go Beyond!!,529,GROWTH,大阪府,1001,YUKI86,大阪府,1725,REGLOS,大阪府,2262,TAKA.S,大阪府,0,,-
EMPRESS,HYPERION,0,,-,1038,F-ZONE,大阪府,2053,REGLOS,大阪府,2752,TAKA.S,大阪府,0,,-
EMPRESS,I'm Screaming LOVE,0,,-,606,GROWTH,大阪府,1308,PISCES,大阪府,1696,PRN-SA,大阪府,0,,-
EMPRESS,Jack,0,,-,873,AAAA,大阪府,1376,REGLOS,大阪府,2153,KUMARA,大阪府,0,,-
EMPRESS,Just a Little Smile,0,,-,755,AAAA,大阪府,1333,FIXER,大阪府,2449,*RK*,大阪府,0,,-
EMPRESS,Kung-fu Empire,0,,-,1467,YUKI86,大阪府,2530,REGLOS,大阪府,3228,K-JET?,大阪府,3941,TAKA.S,大阪府
EMPRESS,Marie Antoinette,0,,-,1037,PISCES,大阪府,1891,NA23N.,大阪府,2516,*RK*,大阪府,3186,3PLE,大阪府
EMPRESS,Mind Mapping,512,GROWTH,大阪府,820,YUKKE,大阪府,1215,P-YAMA,大阪府,1827,3PLE,大阪府,2214,HAL,大阪府
EMPRESS,Monkey Dance '09,0,,-,846,LATIAS,大阪府,1723,REGLOS,大阪府,2239,WAMDUS,大阪府,0,,-
EMPRESS,naughty girl@Queen's Palace,0,,-,851,GERION,大阪府,1656,WWW.M,大阪府,2149,KND.N,大阪府,2687,KND.N,大阪府
EMPRESS,neogenesis,0,,-,963,SIENNA,大阪府,1332,FIXER,大阪府,1706,OVER.V,大阪府,2313,LV12,大阪府
EMPRESS,NΦ CRIME,293,GROWTH,大阪府,799,GROWTH,大阪府,1429,PISCES,大阪府,1894,S63,大阪府,2405,PRN-SA,大阪府
EMPRESS,Programmed World,0,,-,875,FLORE,大阪府,1728,FIXER,大阪府,2299,BRIBRI,大阪府,0,,-
EMPRESS,Punch Love 仮面,0,,-,1054,AAAA,大阪府,1727,REGLOS,大阪府,2500,3PLE,大阪府,3217,KND.N,大阪府
EMPRESS,Queen's Tragedy,0,,-,793,AAAA,大阪府,1698,FIXER,大阪府,2225,Y,大阪府,0,,-
EMPRESS,Secrets,0,,-,1198,YUKI86,大阪府,2383,FIXER,大阪府,3133,35P,大阪府,4128,3PLE,大阪府
EMPRESS,smooooch・∀・,390,TETSU.,大阪府,822,U-KE,大阪府,1628,FIXER,大阪府,2166,TAKA.S,大阪府,2793,KND.N,大阪府
EMPRESS,SOLITON BEAM,0,,-,1336,YUKI86,大阪府,2062,FIXER,大阪府,2351,ALNIO,大阪府,0,,-
EMPRESS,THANK YOU FOR PLAYING,0,,-,799,GROWTH,大阪府,1626,REGLOS,大阪府,2122,LEVI,大阪府,2960,3PLE,大阪府
EMPRESS,THE SHINING POLARIS(kors k mix),0,,-,1242,GROWTH,大阪府,2030,FIXER,大阪府,3219,35P,大阪府,0,,-
EMPRESS,thunder HOUSE NATION Remix,0,,-,1021,AAAA,大阪府,1602,REGLOS,大阪府,2435,NAMA-3,大阪府,3883,3PLE,大阪府
EMPRESS,Turii ～Panta rhei～,360,GROWTH,大阪府,882,KAGU,大阪府,2043,REGLOS,大阪府,2670,LV12,大阪府,0,,-
EMPRESS,V2,781,TETSU.,大阪府,1378,F-ZONE,大阪府,3027,HAL,大阪府,3574,3PLE,大阪府,0,,-
EMPRESS,Y&Co. is dead or alive,0,,-,926,LOLI,大阪府,1726,FIXER,大阪府,2753,KND.N,大阪府,0,,-
EMPRESS,"You'll say ""Now!""",0,,-,1182,IIDX33,大阪府,1790,REGLOS,大阪府,2480,CHINO,大阪府,0,,-
EMPRESS,まほろば,0,,-,772,GROWTH,大阪府,1424,FIXER,大阪府,2043,KND.N,大阪府,0,,-
EMPRESS,ハリツヤランデヴー,0,,-,932,GROWTH,大阪府,2022,BROWN,大阪府,2473,CHINO,大阪府,0,,-
EMPRESS,ミッドナイト堕天使,0,,-,858,823N,大阪府,1558,LCB,大阪府,2780,TAKA.S,大阪府,0,,-
EMPRESS,不沈艦CANDY,598,GROWTH,大阪府,1117,LATIAS,大阪府,1955,REGLOS,大阪府,3320,TAKA.S,大阪府,0,,-
EMPRESS,凛として咲く花の如く,391,GROWTH,大阪府,1298,GROWTH,大阪府,2127,GERION,大阪府,2786,LV12,大阪府,3186,TAKA.S,大阪府
EMPRESS,卑弥呼,0,,-,1250,FIXER,大阪府,2678,RIN!!,大阪府,4060,TAKA.S,大阪府,0,,-
EMPRESS,天空脳番長危機十六連打,0,,-,925,KA.K,大阪府,2113,REGLOS,大阪府,2569,LV12,大阪府,0,,-
EMPRESS,山岡晃の「クイズ！家事都合！」,0,,-,641,HIRO.*,大阪府,1368,REGLOS,大阪府,2049,KND.N,大阪府,0,,-
EMPRESS,翼,0,,-,844,AAAA,大阪府,1495,PISCES,大阪府,1960,LV12,大阪府,2499,KND.N,大阪府
EMPRESS,鉄甲乙女-under the steel-,0,,-,901,AAAA,大阪府,1627,FIXER,大阪府,2181,ALNIO,大阪府,0,,-
SIRIUS,AIR RAID FROM THA UNDAGROUND,540,GROWTH,大阪府,1124,RYOHEI,大阪府,1817,REGLOS,大阪府,2359,TAKA.S,大阪府,3014,TAKA.S,大阪府
SIRIUS,Almagest,0,,-,1006,FIXER,大阪府,2217,LV12,大阪府,3183,3PLE,大阪府,0,,-
SIRIUS,Bad Maniacs,0,,-,1265,FIXER,大阪府,1923,HAL,大阪府,3268,TAKA.S,大阪府,0,,-
SIRIUS,bass 2 bass,280,GROWTH,大阪府,722,NOLIZO,大阪府,1261,HNORIN,大阪府,1914,KND.N,大阪府,0,,-
SIRIUS,beatchic☆仮面～好き、でいさせて～,0,,-,954,AAAA,大阪府,1589,ANSR,大阪府,2017,KND.N,大阪府,0,,-
SIRIUS,BEAUTIFUL ANGEL,0,,-,630,GROWTH,大阪府,1794,REGLOS,大阪府,2473,LV12,大阪府,0,,-
SIRIUS,being torn the sky,0,,-,628,AAAA,大阪府,1191,MSY-8,大阪府,1981,3PLE,大阪府,0,,-
SIRIUS,bloomin' feeling,389,GROWTH,大阪府,1263,PISCES,大阪府,1949,HAL,大阪府,2617,3PLE,大阪府,0,,-
SIRIUS,CaptivAte～裁き～(SUBLIME TECHNO MIX),0,,-,982,YUKI86,大阪府,1622,REGLOS,大阪府,2406,LV12,大阪府,0,,-
SIRIUS,D,0,,-,1416,FIXER,大阪府,1787,PPRN,大阪府,2518,LV12,大阪府,0,,-
SIRIUS,DAWN -THE NEXT ENDEAVOUR-,0,,-,1622,MOGAMI,大阪府,2631,REGLOS,大阪府,3134,PRN-SA,大阪府,0,,-
SIRIUS,Dazzlin' Darlin-秋葉工房mix-,0,,-,757,AAAA,大阪府,1507,FIXER,大阪府,2080,TAMA5.,大阪府,0,,-
SIRIUS,DESIRE,0,,-,881,AAAA,大阪府,1895,REGLOS,大阪府,2854,3PLE,大阪府,0,,-
SIRIUS,Do Back Burn,0,,-,695,GROWTH,大阪府,1394,REGLOS,大阪府,2122,LV12,大阪府,0,,-
SIRIUS,DOMINION,0,,-,1248,FIXER,大阪府,2277,RU-*,大阪府,3257,TAKA.S,大阪府,0,,-
SIRIUS,DROP,0,,-,822,IIDX33,大阪府,2136,WAMDUS,大阪府,2629,3PLE,大阪府,0,,-
SIRIUS,Elisha,427,GROWTH,大阪府,879,TKNR,大阪府,1465,FIXER,大阪府,2281,LV12,大阪府,0,,-
SIRIUS,Empire State Glory,0,,-,1092,YUKI86,大阪府,1810,FIXER,大阪府,2640,TAKA.S,大阪府,0,,-
SIRIUS,eRAseRmOToRpHAntOM,0,,-,1509,PISCES,大阪府,2381,FIXER,大阪府,3288,LV12,大阪府,0,,-
SIRIUS,Evans,603,GROWTH,大阪府,1218,ALTUVE,大阪府,2196,FRAPPE,大阪府,2851,TAKA.S,大阪府,0,,-
SIRIUS,EXUSIA,0,,-,1185,GROWTH,大阪府,2752,HAL,大阪府,3883,TAKA.S,大阪府,0,,-
SIRIUS,G59,0,,-,1660,MOKO73,大阪府,2282,FUMI8N,大阪府,3938,3PLE,大阪府,0,,-
SIRIUS,GALGALIM,0,,-,1358,LATIAS,大阪府,1939,REGLOS,大阪府,2351,BRIBRI,大阪府,0,,-
SIRIUS,GOLDEN CROSS,0,,-,1032,AAAA,大阪府,1976,832LMN,大阪府,3476,KND.N,大阪府,0,,-
SIRIUS,Hydrogen Blueback,0,,-,999,BROWN,大阪府,1686,REGLOS,大阪府,2320,TAKA.S,大阪府,2423,KND.N,大阪府
SIRIUS,IN THE NAME OF LOVE,530,GROWTH,大阪府,728,LATIAS,大阪府,1356,GERION,大阪府,1928,BRIBRI,大阪府,0,,-
SIRIUS,Keep it-秋葉工房mix-,0,,-,1010,MOGAMI,大阪府,1640,FIXER,大阪府,1853,LEVI,大阪府,0,,-
SIRIUS,Last Burning,0,,-,843,LATIAS,大阪府,1610,PISCES,大阪府,2335,I.KILA,大阪府,0,,-
SIRIUS,Light Shine,0,,-,767,HIRO.*,大阪府,1120,PISCES,大阪府,1958,KND.N,大阪府,0,,-
SIRIUS,MIRACLE MEETS,0,,-,890,YUKI86,大阪府,1534,FIXER,大阪府,2234,KND.N,大阪府,0,,-
SIRIUS,mosaic,0,,-,1481,PISCES,大阪府,2035,FIXER,大阪府,3006,Q-Q.,大阪府,0,,-
SIRIUS,NEW SENSATION -もう、あなたしか見えない-,0,,-,1248,GROWTH,大阪府,1990,REGLOS,大阪府,2658,TAMA5.,大阪府,0,,-
SIRIUS,NoN-Fiction Story!,0,,-,697,AAAA,大阪府,1351,GROWTH,大阪府,2193,TAMA5.,大阪府,0,,-
SIRIUS,Programmed Sun,0,,-,1065,YUKI86,大阪府,1853,FIXER,大阪府,2578,LV12,大阪府,0,,-
SIRIUS,quell～the seventh slave～,0,,-,890,AAAA,大阪府,1753,REGLOS,大阪府,3222,TAKA.S,大阪府,0,,-
SIRIUS,Raison d'etre～交差する宿命～,0,,-,1185,GROWTH,大阪府,2233,REGLOS,大阪府,2713,WAMDUS,大阪府,4762,TAKA.S,大阪府
SIRIUS,Red. by Full Metal Jacket,0,,-,1019,GERION,大阪府,2043,TSUKKI,大阪府,3182,KND.N,大阪府,0,,-
SIRIUS,Roots of my way!,0,,-,833,AAAA,大阪府,1332,REGLOS,大阪府,2026,SLAYER,大阪府,0,,-
SIRIUS,Session 1 -Genesis-,0,,-,784,LV.9-R,大阪府,1617,REGLOS,大阪府,2464,TAKA.S,大阪府,0,,-
SIRIUS,She is my wife,406,TETSU.,大阪府,691,GROWTH,大阪府,1528,REGLOS,大阪府,1979,KND.N,大阪府,0,,-
SIRIUS,SOLID STATE SQUAD,0,,-,970,AAAA,大阪府,2225,REGLOS,大阪府,3579,KND.N,大阪府,3634,KND.N,大阪府
SIRIUS,Sorrows,0,,-,797,GROWTH,大阪府,1681,FIXER,大阪府,2476,FRAPPE,大阪府,0,,-
SIRIUS,Special One,0,,-,808,AAAA,大阪府,1157,GROWTH,大阪府,1773,*RK*,大阪府,0,,-
SIRIUS,THE LAST STRIKER,0,,-,1370,GROWTH,大阪府,1911,REGLOS,大阪府,2625,LV12,大阪府,0,,-
SIRIUS,The Story Begins,0,,-,822,AAAA,大阪府,1780,REGLOS,大阪府,2420,WAMDUS,大阪府,0,,-
SIRIUS,かずあそび,0,,-,510,LATIAS,大阪府,1175,PISCES,大阪府,1690,LV12,大阪府,0,,-
SIRIUS,たからもの,0,,-,1277,PISCES,大阪府,1847,SAYUKI,大阪府,2242,LV12,大阪府,3545,KND.N,大阪府
SIRIUS,コスモス,0,,-,877,R.S,大阪府,1502,FIXER,大阪府,2090,LV12,大阪府,0,,-
SIRIUS,サヨナラ・ヘヴン,373,GROWTH,大阪府,895,MANA,大阪府,1343,INANNA,大阪府,1684,NOIK.K,大阪府,2162,*RK*,大阪府
SIRIUS,バビロニア,0,,-,787,KA.K,大阪府,1375,REGLOS,大阪府,1860,CHINO,大阪府,0,,-
SIRIUS,ワルツ第17番 ト短調”大犬のワルツ”,0,,-,1198,K,大阪府,2224,MNGD,大阪府,3155,LV12,大阪府,0,,-
SIRIUS,未来のプリズム,0,,-,657,YUKKE,大阪府,1358,PISCES,大阪府,1767,SHTOLA,大阪府,0,,-
SIRIUS,"水上の提督(Short mix from ""幻想水滸伝V"")",0,,-,693,GERION,大阪府,1588,REGLOS,大阪府,2075,ALNIO,大阪府,0,,-
Resort Anthem,Aegis,0,,-,796,MSY-8,大阪府,1389,FIXER,大阪府,2335,BRIBRI,大阪府,0,,-
Resort Anthem,ALBIDA,526,TETSU.,大阪府,1065,AAAA,大阪府,1905,REGLOS,大阪府,3043,TAKA.S,大阪府,0,,-
Resort Anthem,Answer,0,,-,773,GROWTH,大阪府,1407,ALITH,大阪府,2420,KND.N,大阪府,0,,-
Resort Anthem,ANTHEM LANDING,0,,-,951,GROWTH,大阪府,1894,FIXER,大阪府,2953,TAKA.S,大阪府,0,,-
Resort Anthem,Believe In Me,0,,-,994,AAAA,大阪府,1877,REGLOS,大阪府,2412,TAKA.S,大阪府,0,,-
Resort Anthem,BLUST OF WIND,0,,-,760,AAAA,大阪府,1545,REGLOS,大阪府,2120,NOIK.K,大阪府,2592,LV12,大阪府
Resort Anthem,Bounce Bounce Bounce,0,,-,1075,GROWTH,大阪府,1657,REGLOS,大阪府,2468,*RK*,大阪府,0,,-
Resort Anthem,Breaking the ground,0,,-,1162,GERION,大阪府,1782,GERION,大阪府,2522,KND.N,大阪府,0,,-
Resort Anthem,Broken,0,,-,1049,LATIAS,大阪府,2063,LV12,大阪府,3157,3PLE,大阪府,0,,-
Resort Anthem,BROKEN EDEN,0,,-,1022,YUKI86,大阪府,1747,FIXER,大阪府,2348,TAKA.S,大阪府,0,,-
Resort Anthem,Dances with Snow Fairies,0,,-,1381,BAOL,大阪府,2282,HAL,大阪府,3058,ALNIO,大阪府,4072,3PLE,大阪府
Resort Anthem,DAYDREAMER,0,,-,1117,F-ZONE,大阪府,1748,FIXER,大阪府,2524,KND.N,大阪府,0,,-
Resort Anthem,Destiny Sword,0,,-,825,LATIAS,大阪府,1751,FIXER,大阪府,2378,KND.N,大阪府,0,,-
Resort Anthem,DM STAR～関西 energy style～,0,,-,1053,GROWTH,大阪府,1923,HAL,大阪府,2401,KND.N,大阪府,0,,-
Resort Anthem,Energy Drive,0,,-,738,2PON1!,大阪府,1460,FIXER,大阪府,2231,TAKA.S,大阪府,0,,-
Resort Anthem,Eternal Tears,0,,-,435,HARUNA,大阪府,1067,GROWTH,大阪府,1358,DORAPI,大阪府,0,,-
Resort Anthem,Everlasting Resort,0,,-,800,AAAA,大阪府,1324,FIXER,大阪府,1907,3PLE,大阪府,0,,-
Resort Anthem,Fantasia,241,GROWTH,大阪府,390,LATIAS,大阪府,1539,GERION,大阪府,2239,3PLE,大阪府,0,,-
Resort Anthem,Golden Palms,0,,-,716,LATIAS,大阪府,1385,ALTUVE,大阪府,2024,LV12,大阪府,2388,KND.N,大阪府
Resort Anthem,I FIGHT ME,0,,-,584,JOY,大阪府,1399,REGLOS,大阪府,2131,KND.N,大阪府,0,,-
Resort Anthem,Kailua,0,,-,504,MSY-8,大阪府,1396,BRIBRI,大阪府,2216,KND.N,大阪府,0,,-
Resort Anthem,Let The Track Flow,0,,-,1086,YUKI86,大阪府,1816,FRAPPE,大阪府,2678,3PLE,大阪府,0,,-
Resort Anthem,Medicine of love,0,,-,652,GROWTH,大阪府,1105,FIXER,大阪府,1731,LV12,大阪府,2524,KND.N,大阪府
Resort Anthem,Mermaid girl,580,GROWTH,大阪府,975,INANNA,大阪府,1696,FIXER,大阪府,2204,LV12,大阪府,0,,-
Resort Anthem,Never Fade Away,0,,-,741,AAAA,大阪府,1762,FIXER,大阪府,3029,35P,大阪府,0,,-
Resort Anthem,New Castle Legions,0,,-,953,FIXER,大阪府,1978,Q-Q.,大阪府,2746,LV12,大阪府,0,,-
Resort Anthem,PARADISE LOST,0,,-,1413,FIXER,大阪府,2371,LV12,大阪府,3395,TAKA.S,大阪府,0,,-
Resort Anthem,passionate fate,0,,-,1098,YUKI86,大阪府,1630,REGLOS,大阪府,2114,TAMA5.,大阪府,0,,-
Resort Anthem,perditus†paradisus,0,,-,1277,FIXER,大阪府,2466,TAMA5.,大阪府,3964,K-JET?,大阪府,0,,-
Resort Anthem,Programmed Life,0,,-,1055,LATIAS,大阪府,1760,FIXER,大阪府,2355,WAMDUS,大阪府,0,,-
Resort Anthem,reunion,550,GROWTH,大阪府,1399,FIXER,大阪府,2452,HAL,大阪府,3262,TAKA.S,大阪府,0,,-
Resort Anthem,Rock Da House,0,,-,865,LATIAS,大阪府,1617,FIXER,大阪府,2247,TAKA.S,大阪府,0,,-
Resort Anthem,SABER WING,0,,-,457,GROWTH,大阪府,1832,PISCES,大阪府,2827,LV12,大阪府,0,,-
Resort Anthem,Sakura Reflection,0,,-,483,GROWTH,大阪府,1608,TSUKKI,大阪府,2364,LV12,大阪府,0,,-
Resort Anthem,sakura storm,0,,-,1033,LATIAS,大阪府,1336,FIXER,大阪府,2422,HAL,大阪府,0,,-
Resort Anthem,Session 9 -Chronicles-,0,,-,736,LATIAS,大阪府,2304,SRPON*,大阪府,3616,LV12,大阪府,0,,-
Resort Anthem,Space Time,0,,-,567,AAAA,大阪府,1569,RAIN,大阪府,2183,Q-Q.,大阪府,0,,-
Resort Anthem,SPECIAL SUMMER CAMPAIGN!,0,,-,694,LATIAS,大阪府,1631,FIXER,大阪府,2970,LV12,大阪府,0,,-
Resort Anthem,Stay my side,0,,-,625,TKNR,大阪府,1043,INV1TE,大阪府,1343,NERIYO,大阪府,0,,-
Resort Anthem,STELLAR WIND,348,SNWYAR,大阪府,628,LATIAS,大阪府,1821,FIXER,大阪府,2642,LEVI,大阪府,0,,-
Resort Anthem,THE BLACK KNIGHT,0,,-,901,LATIAS,大阪府,2020,1UP,大阪府,2942,TAKA.S,大阪府,4480,TAKA.S,大阪府
Resort Anthem,THE DOOR INTO RAINBOW,0,,-,767,AAAA,大阪府,1709,HAL,大阪府,2179,HAL,大阪府,0,,-
Resort Anthem,THE FALLEN,0,,-,880,IIDX33,大阪府,1512,REGLOS,大阪府,2693,ALNIO,大阪府,0,,-
Resort Anthem,Tropical April,0,,-,1555,GROWTH,大阪府,2314,HAL,大阪府,2742,LV12,大阪府,0,,-
Resort Anthem,Vermillion,0,,-,524,AAAA,大阪府,1155,PISCES,大阪府,2041,CH3F,大阪府,0,,-
Resort Anthem,Watch Out Pt.2,0,,-,1129,GERION,大阪府,1914,FIXER,大阪府,2891,KND.N,大阪府,0,,-
Resort Anthem,WISE UP!,249,MOMO,大阪府,481,LATIAS,大阪府,1110,ALITH,大阪府,1589,LV12,大阪府,2600,KND.N,大阪府
Resort Anthem,Wuv U,0,,-,392,86765$,大阪府,1308,REGLOS,大阪府,1701,STAROA,大阪府,0,,-
Resort Anthem,XANADU OF TWO,0,,-,960,BROWN,大阪府,1727,GERION,大阪府,2740,LV12,大阪府,3435,KND.N,大阪府
Resort Anthem,ZETA～素数の世界と超越者～,288,SNWYAR,大阪府,572,PISCES,大阪府,2070,FIXER,大阪府,3124,3PLE,大阪府,0,,-
Resort Anthem,おおきなこえで,0,,-,454,HARUNA,大阪府,976,GROWTH,大阪府,1489,NOIK.K,大阪府,2146,HAL,大阪府
Resort Anthem,かげぬい ～ Ver.BENIBOTAN ～,466,SNWYAR,大阪府,844,AAAA,大阪府,1315,REGLOS,大阪府,1897,ALNIO,大阪府,0,,-
Resort Anthem,中華急行,0,,-,324,GROWTH,大阪府,1532,HAL,大阪府,2316,TAKA.S,大阪府,0,,-
Resort Anthem,夕焼け ～Fading Day～,0,,-,955,GROWTH,大阪府,2080,HAL,大阪府,2824,TAKA.S,大阪府,0,,-
Resort Anthem,旅人リラン,0,,-,1119,YUKI86,大阪府,1920,REGLOS,大阪府,2643,3PLE,大阪府,0,,-
Resort Anthem,灼熱Beach Side Bunny,582,INANNA,大阪府,1098,GERION,大阪府,1958,TSUKKI,大阪府,3152,KND.N,大阪府,0,,-
Resort Anthem,黒髪乱れし修羅となりて,0,,-,765,LATIAS,大阪府,2070,REGLOS,大阪府,3444,TAKA.S,大阪府,0,,-
Lincle,24th Century BOY,0,,-,835,AAAA,大阪府,1905,FIXER,大阪府,2878,TAKA.S,大阪府,0,,-
Lincle,532nm,0,,-,562,GROWTH,大阪府,1245,FIXER,大阪府,2671,3PLE,大阪府,0,,-
Lincle,A MINSTREL ～ ver. short-scape ～,0,,-,655,ALT.I,大阪府,1445,PISCES,大阪府,2342,Q-Q.,大阪府,3900,LV12,大阪府
Lincle,Almace,0,,-,838,LATIAS,大阪府,1296,FIXER,大阪府,1994,HAL,大阪府,0,,-
Lincle,ANAGRAMS I to Y,0,,-,903,GROWTH,大阪府,1687,FIXER,大阪府,2457,SLAYER,大阪府,0,,-
Lincle,BLACK.by X-Cross Fade,0,,-,1014,MSY-8,大阪府,2128,SRPON*,大阪府,3393,3PLE,大阪府,0,,-
Lincle,CALL,0,,-,355,GROWTH,大阪府,816,MESHI,大阪府,1446,DEBU-O,大阪府,2675,TAMA5.,大阪府
Lincle,Castle on the Moon,239,GROWTH,大阪府,637,GROWTH,大阪府,1613,FIXER,大阪府,2391,35P,大阪府,0,,-
Lincle,Change the World,0,,-,809,GROWTH,大阪府,1357,GROWTH,大阪府,1850,LV12,大阪府,0,,-
Lincle,DIAVOLO,0,,-,1256,YUKI86,大阪府,1801,FIXER,大阪府,3283,TAKA.S,大阪府,0,,-
Lincle,Drive Me Crazy,0,,-,711,GROWTH,大阪府,1389,MSY-8,大阪府,2307,TAKA.S,大阪府,0,,-
Lincle,Express Emotion,0,,-,757,GROWTH,大阪府,1024,GROWTH,大阪府,2500,NAMA-3,大阪府,0,,-
Lincle,F,0,,-,1056,FRAPPE,大阪府,2091,KYRIE,大阪府,3566,3PLE,大阪府,0,,-
Lincle,Far east nightbird,352,TETSU.,大阪府,515,GROWTH,大阪府,1323,DETTEU,大阪府,2025,3PLE,大阪府,0,,-
Lincle,fffff,0,,-,833,GROWTH,大阪府,2006,FIXER,大阪府,3174,K-JET?,大阪府,0,,-
Lincle,Flip Flap,277,GROWTH,大阪府,572,GROWTH,大阪府,1382,RENAI,大阪府,2247,*RK*,大阪府,0,,-
Lincle,Follow Tomorrow,0,,-,876,LATIAS,大阪府,1496,FIXER,大阪府,2242,KND.N,大阪府,0,,-
Lincle,GIGANT,0,,-,552,LATIAS,大阪府,1164,REGLOS,大阪府,1746,HP.O,大阪府,2902,FRAPPE,大阪府
Lincle,HAERETICUS,0,,-,837,GROWTH,大阪府,1836,FIXER,大阪府,3090,K-JET?,大阪府,0,,-
Lincle,I'm so Happy,315,GROWTH,大阪府,410,LATIAS,大阪府,1400,FIXER,大阪府,2357,3PLE,大阪府,0,,-
Lincle,In the Blackest Den,0,,-,852,GROWTH,大阪府,1576,LV12,大阪府,2599,BRIBRI,大阪府,0,,-
Lincle,Infinite cave,0,,-,909,UKYO*,大阪府,1497,REGLOS,大阪府,2061,LV12,大阪府,0,,-
Lincle,KYAMISAMA ONEGAI!,0,,-,679,GGG,大阪府,1132,I.KILA,大阪府,2096,LV12,大阪府,3044,LV12,大阪府
Lincle,LAX5 feat.Ryota Yoshinari,0,,-,1038,GROWTH,大阪府,2128,FIXER,大阪府,2838,KND.N,大阪府,0,,-
Lincle,LETHEBOLG ～双神威に斬り咲けり～,0,,-,989,LATIAS,大阪府,1627,MOGAMI,大阪府,2207,NAMA-3,大阪府,0,,-
Lincle,Liquid Crystal Girl feat. echo,0,,-,389,UKYO*,大阪府,1066,LATIAS,大阪府,1994,HAL,大阪府,0,,-
Lincle,LOVE B.B.B,0,,-,777,GROWTH,大阪府,1489,FIXER,大阪府,2023,PRN-SA,大阪府,0,,-
Lincle,Lucky Days,0,,-,665,MANA,大阪府,1523,FIXER,大阪府,2173,X-FILE,大阪府,0,,-
Lincle,Mermaid girl-秋葉工房 MIX-,0,,-,782,AAAA,大阪府,1344,FIXER,大阪府,2059,LV12,大阪府,0,,-
Lincle,Miami Sunset Drive,0,,-,632,GROWTH,大阪府,1036,YUKI86,大阪府,1662,*RK*,大阪府,0,,-
Lincle,NNRT,0,,-,1147,TAK,大阪府,2428,FIXER,大阪府,3531,TAKA.S,大阪府,0,,-
Lincle,Phoenix,0,,-,864,MANA,大阪府,1174,MSY-8,大阪府,2443,FRAPPE,大阪府,3998,3PLE,大阪府
Lincle,prompt,0,,-,932,GROWTH,大阪府,1586,FIXER,大阪府,2805,K-JET?,大阪府,0,,-
Lincle,QUANTUM TELEPORTATION,0,,-,1313,CRADLE,大阪府,2259,REGLOS,大阪府,2906,LV12,大阪府,3604,K-JET?,大阪府
Lincle,quaver♪,289,GROWTH,大阪府,709,GROWTH,大阪府,2121,KYRIE,大阪府,3469,3PLE,大阪府,0,,-
Lincle,Quick Silver,0,,-,787,GROWTH,大阪府,1801,FIXER,大阪府,2639,K-JET?,大阪府,0,,-
Lincle,Release The Music,0,,-,824,GROWTH,大阪府,1421,ALITH,大阪府,2119,BRIBRI,大阪府,0,,-
Lincle,RESISTANCE,0,,-,616,GROWTH,大阪府,1305,GROWTH,大阪府,2366,LEVI,大阪府,0,,-
Lincle,Round and Round,0,,-,783,LATIAS,大阪府,1217,FIXER,大阪府,2149,*RK*,大阪府,0,,-
Lincle,SA.YO.NA.RA. SUPER STAR,0,,-,463,GROWTH,大阪府,1270,FIXER,大阪府,1702,KND.N,大阪府,0,,-
Lincle,Scharfrichter,0,,-,844,AAAA,大阪府,1597,FIXER,大阪府,2887,LV12,大阪府,0,,-
Lincle,Several Words,0,,-,594,AAAA,大阪府,1420,ALTUVE,大阪府,2166,LEVI,大阪府,0,,-
Lincle,SHADE,0,,-,1047,MESHI,大阪府,2048,FIXER,大阪府,2908,3PLE,大阪府,0,,-
Lincle,Snake Stick,0,,-,1020,LATIAS,大阪府,1938,SRPON*,大阪府,2722,KND.N,大阪府,0,,-
Lincle,Snow Goose,285,86765$,大阪府,356,86765$,大阪府,1356,FIXER,大阪府,2444,K-JET?,大阪府,0,,-
Lincle,Star Trail,0,,-,605,LATIAS,大阪府,1185,GERION,大阪府,1844,SHTOLA,大阪府,2567,KND.N,大阪府
Lincle,The Limbo,0,,-,1156,YUKI86,大阪府,1947,REGLOS,大阪府,3355,3PLE,大阪府,4310,TAKA.S,大阪府
Lincle,The Sampling Paradise,0,,-,823,AAAA,大阪府,1863,HAL,大阪府,3013,KND.N,大阪府,0,,-
Lincle,Thunderbolt,0,,-,1005,JBIRD,大阪府,1896,FIXER,大阪府,3757,K-JET?,大阪府,0,,-
Lincle,TITANS RETURN,307,SNWYAR,大阪府,627,GROWTH,大阪府,1559,FIXER,大阪府,2452,NAMA-3,大阪府,2602,TAKA.S,大阪府
Lincle,Todestrieb,0,,-,1082,AAAA,大阪府,1923,FIXER,大阪府,3449,TAKA.S,大阪府,0,,-
Lincle,Voxane,0,,-,594,GROWTH,大阪府,1164,RAIN,大阪府,1746,*RK*,大阪府,0,,-
Lincle,WONDER WALKER,0,,-,966,GROWTH,大阪府,1930,FIXER,大阪府,3820,3PLE,大阪府,0,,-
Lincle,YAKSHA,0,,-,1227,LATIAS,大阪府,2247,FIXER,大阪府,3930,3PLE,大阪府,0,,-
Lincle,yellow head joe,0,,-,782,GROWTH,大阪府,1521,FIXER,大阪府,2294,TAKA.S,大阪府,3124,LV12,大阪府
Lincle,Yellow Sunrise,0,,-,705,AAAA,大阪府,1413,FIXER,大阪府,2282,LV12,大阪府,0,,-
Lincle,ビューティフルレシート,337,GROWTH,大阪府,469,SNWYAR,大阪府,1216,HNORIN,大阪府,1938,FRAPPE,大阪府,0,,-
Lincle,ユミル,0,,-,646,GROWTH,大阪府,1336,AKAGI,大阪府,2835,LV12,大阪府,0,,-
Lincle,君のハートにロックオン,0,,-,688,GROWTH,大阪府,1714,FIXER,大阪府,2681,K-JET?,大阪府,3528,K-JET?,大阪府
Lincle,天空の夜明け,0,,-,1329,AKAGI,大阪府,2095,KANADE,大阪府,4051,K-JET?,大阪府,0,,-
Lincle,子供の落書き帳,0,,-,891,AKAGI,大阪府,1852,REGLOS,大阪府,2683,TAKA.S,大阪府,0,,-
Lincle,恋する☆宇宙戦争っ！！,509,GROWTH,大阪府,881,KEYNES,大阪府,1755,FIXER,大阪府,3584,K-JET?,大阪府,4604,TAKA.S,大阪府
Lincle,突撃!ガラスのニーソ姫!,0,,-,640,MSY-8,大阪府,1151,MSY-8,大阪府,2082,WANDOG,大阪府,0,,-
Lincle,聖人の塔,0,,-,918,WEEK3,大阪府,2063,HAL,大阪府,2933,FRAPPE,大阪府,4351,3PLE,大阪府
Lincle,蛇神,399,86765$,大阪府,697,YUKKE,大阪府,1493,FIXER,大阪府,2815,KND.N,大阪府,3708,TAKA.S,大阪府
Lincle,衰色小町メランコリア,0,,-,789,GROWTH,大阪府,1367,LOTUS,大阪府,2362,3PLE,大阪府,0,,-
Lincle,陽炎,0,,-,599,SNWYAR,大阪府,1172,PISCES,大阪府,2000,SHTOLA,大阪府,0,,-
tricoro,405nm (Ryu☆mix),0,,-,903,MOKO73,大阪府,1767,HAL,大阪府,2575,3PLE,大阪府,0,,-
tricoro,8bit Princess,0,,-,646,CRADLE,大阪府,1379,HIGA-C,大阪府,2628,3PLE,大阪府,0,,-
tricoro,Ascalon,0,,-,1074,JBIRD,大阪府,1773,FIXER,大阪府,2288,K-JET?,大阪府,0,,-
tricoro,Beastie Starter,0,,-,516,GROWTH,大阪府,1283,REGLOS,大阪府,2164,LV12,大阪府,0,,-
tricoro,BLUE STRAGGLER,0,,-,855,FRAPPE,大阪府,1492,FIXER,大阪府,2568,SHTOLA,大阪府,0,,-
tricoro,BRAVE GLOW,0,,-,803,AAAA,大阪府,1694,REGLOS,大阪府,2483,LEVI,大阪府,0,,-
tricoro,CONCEPTUAL,0,,-,754,AAAA,大阪府,1340,FIXER,大阪府,2747,TAKA.S,大阪府,0,,-
tricoro,Confiserie,0,,-,935,GROWTH,大阪府,2018,FIXER,大阪府,3598,3PLE,大阪府,0,,-
tricoro,connective,0,,-,400,GROWTH,大阪府,1108,FIXER,大阪府,1581,NOIK.K,大阪府,0,,-
tricoro,Cookie Bouquets,0,,-,859,GROWTH,大阪府,2077,FIXER,大阪府,3421,TAKA.S,大阪府,0,,-
tricoro,DAY DREAM,0,,-,463,KEMO.,大阪府,1238,REGLOS,大阪府,2007,LV12,大阪府,0,,-
tricoro,Devilz Staircase,0,,-,639,GROWTH,大阪府,2092,SUSO,大阪府,3247,LV12,大阪府,0,,-
tricoro,Elemental Creation,264,GROWTH,大阪府,1491,FIXER,大阪府,2372,HNORIN,大阪府,4161,3PLE,大阪府,0,,-
tricoro,examination leave,0,,-,1121,YUKI86,大阪府,1862,FIXER,大阪府,3401,TAKA.S,大阪府,0,,-
tricoro,FLOWER,357,GROWTH,大阪府,1097,GEN.,大阪府,1795,HNORIN,大阪府,2895,TAKA.S,大阪府,0,,-
tricoro,Fly you to the star,0,,-,763,ALTUVE,大阪府,1616,HIGA-C,大阪府,2277,KND.N,大阪府,0,,-
tricoro,GAIA,0,,-,1011,GROWTH,大阪府,2090,U-KE,大阪府,3304,TAKA.S,大阪府,0,,-
tricoro,GRADIUS 2012,0,,-,876,JBIRD,大阪府,1696,FIXER,大阪府,2709,LV12,大阪府,0,,-
tricoro,Hollywood Galaxy,0,,-,1056,GROWTH,大阪府,1953,REGLOS,大阪府,2745,3PLE,大阪府,0,,-
tricoro,Howling,0,,-,525,AAAA,大阪府,1352,REGLOS,大阪府,2093,NAMA-3,大阪府,2652,SHTOLA,大阪府
tricoro,I know You know,0,,-,582,LATIAS,大阪府,1173,REGLOS,大阪府,1873,3PLE,大阪府,0,,-
tricoro,ILIAS,0,,-,784,JBIRD,大阪府,1313,FIXER,大阪府,2182,LV12,大阪府,0,,-
tricoro,Illegal Function Call,0,,-,951,AAAA,大阪府,1754,FIXER,大阪府,2656,K-JET?,大阪府,3776,K-JET?,大阪府
tricoro,In Heaven,0,,-,737,GROWTH,大阪府,1432,XYZ-D,大阪府,2120,BRIBRI,大阪府,0,,-
tricoro,JOMANDA,249,GROWTH,大阪府,1091,MANA,大阪府,2332,AKANE,大阪府,3666,LV12,大阪府,0,,-
tricoro,Liberation,0,,-,1438,YUKI86,大阪府,2333,FIXER,大阪府,3722,K-JET?,大阪府,0,,-
tricoro,Light and Cyber…,0,,-,1038,GROWTH,大阪府,1966,REGLOS,大阪府,3113,K-JET?,大阪府,0,,-
tricoro,Little Star,0,,-,956,GROWTH,大阪府,1755,FIXER,大阪府,3177,K-JET?,大阪府,0,,-
tricoro,LUV CAN SAVE U,0,,-,566,GROWTH,大阪府,1423,YMG-C,大阪府,2122,*RK*,大阪府,2747,LEVI,大阪府
tricoro,mnemoniq,0,,-,517,U#UEPU,大阪府,931,GROWTH,大阪府,1304,NOIK.K,大阪府,0,,-
tricoro,Neonlights,0,,-,644,GROWTH,大阪府,1576,FIXER,大阪府,2208,LV12,大阪府,0,,-
tricoro,neu,197,GROWTH,大阪府,996,HAL,大阪府,2153,TAMA5.,大阪府,3929,3PLE,大阪府,0,,-
tricoro,New Decade IIDX Edition,262,GROWTH,大阪府,963,LATIAS,大阪府,1945,FIXER,大阪府,3020,K-JET?,大阪府,0,,-
tricoro,New Lights,0,,-,1022,GROWTH,大阪府,1806,FIXER,大阪府,2449,STAROA,大阪府,0,,-
tricoro,Plan 8,0,,-,1135,YUKI86,大阪府,2150,MINE,大阪府,3198,KND.N,大阪府,0,,-
tricoro,planarian,0,,-,699,GROWTH,大阪府,1674,GERION,大阪府,2536,TAKA.S,大阪府,0,,-
tricoro,POINT ZERO,0,,-,706,GROWTH,大阪府,1307,HAL,大阪府,2054,MERRIC,大阪府,0,,-
tricoro,Präludium,0,,-,696,GROWTH,大阪府,1432,FIXER,大阪府,2269,BRIBRI,大阪府,0,,-
tricoro,Proof of the existence,0,,-,1172,PISCES,大阪府,2037,1UP,大阪府,3256,TAKA.S,大阪府,0,,-
tricoro,Rainbow after snow,0,,-,732,GROWTH,大阪府,1443,SAYUKI,大阪府,2169,3PLE,大阪府,0,,-
tricoro,Re:GENERATION,243,GROWTH,大阪府,899,AAAA,大阪府,1569,FIXER,大阪府,2243,KND.N,大阪府,0,,-
tricoro,Reflection Into the EDEN,0,,-,749,GROWTH,大阪府,1383,MESHI,大阪府,2144,HAL,大阪府,0,,-
tricoro,rumrum triplets,0,,-,951,LATIAS,大阪府,1918,REGLOS,大阪府,3040,LV12,大阪府,0,,-
tricoro,S!ck,0,,-,872,AAAA,大阪府,1571,FIXER,大阪府,2712,TAKA.S,大阪府,0,,-
tricoro,Saturn,0,,-,1275,ALITH,大阪府,1913,1UP,大阪府,2613,ALNIO,大阪府,3449,ALNIO,大阪府
tricoro,Shining World,0,,-,1190,GROWTH,大阪府,1615,HAL,大阪府,1947,LV12,大阪府,0,,-
tricoro,SHION,0,,-,667,GROWTH,大阪府,1296,REGLOS,大阪府,2705,KND.N,大阪府,0,,-
tricoro,Sol Cosine Job 2,0,,-,1047,YUKI86,大阪府,1715,FIXER,大阪府,3186,K-JET?,大阪府,0,,-
tricoro,STULTI,0,,-,752,GROWTH,大阪府,1581,REGLOS,大阪府,2794,3PLE,大阪府,0,,-
tricoro,SYNC-ANTHEM,0,,-,926,LATIAS,大阪府,2373,REGLOS,大阪府,3680,3PLE,大阪府,0,,-
tricoro,Synergy For Angels,0,,-,894,GROWTH,大阪府,1697,FIXER,大阪府,2771,3PLE,大阪府,0,,-
tricoro,Take My Life,0,,-,952,GROWTH,大阪府,1612,FIXER,大阪府,2919,K-JET?,大阪府,0,,-
tricoro,Thor's Hammer,0,,-,945,AAAA,大阪府,1773,URAKN!,大阪府,3060,TAKA.S,大阪府,0,,-
tricoro,Time To Empress,0,,-,927,NOLIZO,大阪府,1926,FIXER,大阪府,2599,S63,大阪府,3135,KND.N,大阪府
tricoro,Timepiece phase II,0,,-,1069,AKAGI,大阪府,2078,ALDIA,大阪府,3271,K-JET?,大阪府,0,,-
tricoro,Timepiece phase II (CN Ver.),0,,-,979,HAL,大阪府,1918,LEVI,大阪府,2989,K-JET?,大阪府,0,,-
tricoro,True Blue,0,,-,1058,GROWTH,大阪府,2529,Y,大阪府,3776,TAKA.S,大阪府,0,,-
tricoro,Valanga,0,,-,1328,PISCES,大阪府,2183,RURUKA,大阪府,3257,TAKA.S,大阪府,0,,-
tricoro,VALLIS-NERIA,270,TETSU.,大阪府,1166,GEN.,大阪府,2084,MERRIC,大阪府,2974,3PLE,大阪府,0,,-
tricoro,VEGA,0,,-,1136,GROWTH,大阪府,2032,FIXER,大阪府,3122,LV12,大阪府,0,,-
tricoro,ZED,0,,-,877,K*NORI,大阪府,1708,FIXER,大阪府,2778,K-JET?,大阪府,3436,LV12,大阪府
tricoro,Zirkfied,0,,-,995,GROWTH,大阪府,1928,FIXER,大阪府,3868,3PLE,大阪府,0,,-
tricoro,ΕΛΠΙΣ,0,,-,1120,LATIAS,大阪府,1936,NOM,大阪府,3159,K-JET?,大阪府,3629,3PLE,大阪府
tricoro,†渚の小悪魔ラヴリィ～レイディオ†(IIDX EDIT),241,GROWTH,大阪府,538,GROWTH,大阪府,1665,FIXER,大阪府,3610,TAKA.S,大阪府,0,,-
tricoro,お米の美味しい炊き方、そしてお米を食べることによるその効果。,0,,-,845,GROWTH,大阪府,1569,REGLOS,大阪府,2114,A.7GI3,大阪府,3752,3PLE,大阪府
tricoro,たまゆら,0,,-,1145,PISCES,大阪府,1846,MOGAMI,大阪府,2788,TAKA.S,大阪府,0,,-
tricoro,アストライアの双皿,0,,-,674,GROWTH,大阪府,2030,U-KE,大阪府,3139,K-JET?,大阪府,0,,-
tricoro,カジノファイヤーことみちゃん,0,,-,641,GROWTH,大阪府,1404,REGLOS,大阪府,2419,LV12,大阪府,3329,TAKA.S,大阪府
tricoro,キャトられ恋はモ～モク,0,,-,1408,GROWTH,大阪府,2619,NERIYO,大阪府,3854,3PLE,大阪府,0,,-
tricoro,シュレーディンガーの猫,0,,-,1076,GROWTH,大阪府,2333,NA23N.,大阪府,3413,TAKA.S,大阪府,0,,-
tricoro,トリカゴノ鳳凰,0,,-,1115,GROWTH,大阪府,2019,FIXER,大阪府,3835,TAKA.S,大阪府,0,,-
tricoro,メイメツ、フラグメンツ,0,,-,630,GROWTH,大阪府,1287,FIXER,大阪府,1961,3PLE,大阪府,0,,-
tricoro,ラキラキ,0,,-,647,GROWTH,大阪府,1436,ALTUVE,大阪府,1970,LEVI,大阪府,0,,-
tricoro,下弦の月,0,,-,921,225-14,大阪府,1433,REGLOS,大阪府,1980,LV12,大阪府,0,,-
tricoro,仮想空間の旅人たち,0,,-,1123,BROWN,大阪府,2195,HAL,大阪府,2854,K-JET?,大阪府,3859,3PLE,大阪府
tricoro,創世ノート,0,,-,807,ALT.I,大阪府,1870,K*NORI,大阪府,2985,LV12,大阪府,0,,-
tricoro,即席！脳直★ミュージックシステム,0,,-,988,F-ZONE,大阪府,1926,FIXER,大阪府,3595,K-JET?,大阪府,0,,-
tricoro,朧,207,GROWTH,大阪府,783,GROWTH,大阪府,1487,GERION,大阪府,2104,KND.N,大阪府,2543,KND.N,大阪府
tricoro,梅雪夜,0,,-,862,PISCES,大阪府,1491,FIXER,大阪府,2147,*RK*,大阪府,0,,-
tricoro,狂イ咲ケ焔ノ華,0,,-,1218,GROWTH,大阪府,2406,FIXER,大阪府,3637,K-JET?,大阪府,0,,-
tricoro,音楽,0,,-,867,MSY-8,大阪府,1962,AKANE,大阪府,2816,LV12,大阪府,0,,-
tricoro,龍と少女とデコヒーレンス,0,,-,779,LATIAS,大阪府,1685,FIXER,大阪府,3013,TAKA.S,大阪府,3391,TAKA.S,大阪府
SPADA,Adularia,199,GROWTH,大阪府,1050,GROWTH,大阪府,1839,U-KE,大阪府,2872,TAKA.S,大阪府,0,,-
SPADA,ALBA -黎明-,0,,-,641,MSY-8,大阪府,1561,HAL,大阪府,3243,TAKA.S,大阪府,3902,TAKA.S,大阪府
SPADA,Ancient Scapes,0,,-,1113,AAAA,大阪府,2049,NYA...,大阪府,3529,TAKA.S,大阪府,4266,3PLE,大阪府
SPADA,ATHER,0,,-,984,AAAA,大阪府,1618,FIXER,大阪府,2783,LEVI,大阪府,3197,KND.N,大阪府
SPADA,BLUE DRAGON(雷龍RemixIIDX),0,,-,1385,YUKI86,大阪府,2206,PPRN,大阪府,3369,KND.N,大阪府,0,,-
SPADA,BRAINSTORM,0,,-,735,KEMO.,大阪府,1931,FIXER,大阪府,2788,LV12,大阪府,0,,-
SPADA,BRAVE OUT,0,,-,1003,AAAA,大阪府,1526,FIXER,大阪府,2134,KARTE,大阪府,2771,KND.N,大阪府
SPADA,Claiomh Solais,0,,-,330,TKNR,大阪府,1410,REGLOS,大阪府,2085,NOIK.K,大阪府,0,,-
SPADA,Cleopatrysm,0,,-,790,IIDX33,大阪府,1447,FIXER,大阪府,2543,WAMDUS,大阪府,0,,-
SPADA,Close the World feat.a☆ru,0,,-,1088,YUKKE,大阪府,2086,BLAST,大阪府,3439,TAKA.S,大阪府,3914,TAKA.S,大阪府
SPADA,Critical Crystal,221,GROWTH,大阪府,1071,GROWTH,大阪府,1824,FIXER,大阪府,2925,3PLE,大阪府,0,,-
SPADA,DARK LEGACY,0,,-,1305,PISCES,大阪府,2127,HAL,大阪府,3611,TAKA.S,大阪府,0,,-
SPADA,Devilz Sacrifice -贖罪の羊-,0,,-,936,INANNA,大阪府,1729,SU8RAN,大阪府,2474,ALNIO,大阪府,0,,-
SPADA,diagram,0,,-,622,LATIAS,大阪府,1292,PISCES,大阪府,2854,3PLE,大阪府,0,,-
SPADA,Elektrick U-Phoria,0,,-,1146,LATIAS,大阪府,1989,HAL,大阪府,3106,TAKA.S,大阪府,4044,TAKA.S,大阪府
SPADA,Element of SPADA,0,,-,693,GROWTH,大阪府,1364,HAL,大阪府,2091,3PLE,大阪府,3096,KND.N,大阪府
SPADA,Engraved Mark,0,,-,787,GROWTH,大阪府,1342,FIXER,大阪府,2390,KND.N,大阪府,0,,-
SPADA,EXTREME MACH COLLIDER,0,,-,942,AAAA,大阪府,1472,FIXER,大阪府,2551,ALNIO,大阪府,0,,-
SPADA,Feel The Beat,0,,-,1279,IIDX33,大阪府,2135,FIXER,大阪府,3544,KND.N,大阪府,4373,3PLE,大阪府
SPADA,Funny shuffle,0,,-,556,JOY,大阪府,1143,FIXER,大阪府,2335,TAKA.S,大阪府,0,,-
SPADA,HYENA,0,,-,1153,YUKI86,大阪府,1954,REGLOS,大阪府,2817,LV12,大阪府,3679,TAKA.S,大阪府
SPADA,Hypersonik,0,,-,967,TERAD,大阪府,1689,FIXER,大阪府,2489,WAMDUS,大阪府,0,,-
SPADA,I will be back -オレは帰ってきた-,0,,-,997,GROWTH,大阪府,1908,FIXER,大阪府,2901,4423,大阪府,0,,-
SPADA,Idola,0,,-,1196,GROWTH,大阪府,2262,NYA...,大阪府,3619,TAKA.S,大阪府,0,,-
SPADA,Insane Techniques,0,,-,713,GROWTH,大阪府,1310,FIXER,大阪府,2455,LV12,大阪府,0,,-
SPADA,INSOMNIA,0,,-,779,LATIAS,大阪府,1772,FIXER,大阪府,3160,KND.N,大阪府,0,,-
SPADA,into the battlefield,0,,-,728,GROWTH,大阪府,1418,FIXER,大阪府,2369,K-JET?,大阪府,0,,-
SPADA,invoker,0,,-,1031,AAAA,大阪府,1950,FIXER,大阪府,3229,TAKA.S,大阪府,3538,KND.N,大阪府
SPADA,IX,0,,-,1248,YUKI86,大阪府,2431,LV12,大阪府,3893,TAKA.S,大阪府,0,,-
SPADA,KAISER PHOENIX,0,,-,1303,AKAGI,大阪府,2171,SU8RAN,大阪府,3248,KND.N,大阪府,3984,3PLE,大阪府
SPADA,KHAMEN BREAK,0,,-,473,KALI,大阪府,1415,FIXER,大阪府,2541,TAKA.S,大阪府,0,,-
SPADA,Last Dance,0,,-,1136,IIDX33,大阪府,2034,HAL,大阪府,3201,K-JET?,大阪府,0,,-
SPADA,Lighting Shower,0,,-,811,LATIAS,大阪府,1347,PISCES,大阪府,2397,LV12,大阪府,0,,-
SPADA,M.D.Injection,0,,-,596,GROWTH,大阪府,1224,PISCES,大阪府,2401,K-JET?,大阪府,0,,-
SPADA,m1dy Deluxe,0,,-,1132,GROWTH,大阪府,1790,U-KE,大阪府,2601,HAL,大阪府,0,,-
SPADA,MAD ATTACK,0,,-,641,GROWTH,大阪府,1302,PISCES,大阪府,1938,BRIBRI,大阪府,2633,KND.N,大阪府
SPADA,MAGIC & LOVE,0,,-,1009,GROWTH,大阪府,1832,FIXER,大阪府,2939,TAKA.S,大阪府,0,,-
SPADA,Miracle 5ympho X,0,,-,750,GROWTH,大阪府,1317,FIXER,大阪府,2612,TAKA.S,大阪府,2982,TAKA.S,大阪府
SPADA,NPC World,0,,-,986,GROWTH,大阪府,1517,ALTUVE,大阪府,2270,LEVI,大阪府,0,,-
SPADA,Odin,0,,-,774,LATIAS,大阪府,1403,FIXER,大阪府,2050,KND.N,大阪府,0,,-
SPADA,Overload Frontier,0,,-,774,LATIAS,大阪府,1851,FIXER,大阪府,2577,LEVI,大阪府,0,,-
SPADA,Pharaoh,0,,-,628,GROWTH,大阪府,1423,FIXER,大阪府,2462,TAKA.S,大阪府,0,,-
SPADA,PUNISHER,0,,-,1100,GROWTH,大阪府,2102,FIXER,大阪府,3562,K-JET?,大阪府,0,,-
SPADA,ra'am,0,,-,1139,YUKI86,大阪府,1813,FIXER,大阪府,2778,K-JET?,大阪府,0,,-
SPADA,rainbow guitar weeps,0,,-,952,GROWTH,大阪府,1854,FIXER,大阪府,2753,SHTOLA,大阪府,0,,-
SPADA,Recollection,0,,-,1110,GROWTH,大阪府,1693,YUKI86,大阪府,2228,SLAYER,大阪府,0,,-
SPADA,refractive index,0,,-,729,GGG,大阪府,1440,FIXER,大阪府,2701,TAKA.S,大阪府,0,,-
SPADA,RISE,0,,-,903,GROWTH,大阪府,1322,FIXER,大阪府,1845,LEVI,大阪府,0,,-
SPADA,RIZING YOU UP,0,,-,1035,GROWTH,大阪府,2122,FIXER,大阪府,2560,KND.N,大阪府,0,,-
SPADA,SCHWARZSCHILD FIELD,0,,-,888,YUKI86,大阪府,1593,FIXER,大阪府,2371,ALNIO,大阪府,0,,-
SPADA,Sigmund,0,,-,1537,FIXER,大阪府,2360,KND.N,大阪府,3850,TAKA.S,大阪府,4352,3PLE,大阪府
SPADA,Squeeze,0,,-,812,LATIAS,大阪府,1435,FIXER,大阪府,2484,TAKA.S,大阪府,0,,-
SPADA,THE DETONATOR,0,,-,1558,IIDX33,大阪府,2463,Q-Q.,大阪府,3181,BRIBRI,大阪府,0,,-
SPADA,Unicorn tail,0,,-,843,LATIAS,大阪府,2040,REGLOS,大阪府,3126,ALNIO,大阪府,0,,-
SPADA,Valgus,0,,-,638,LATIAS,大阪府,1346,REGLOS,大阪府,2362,KND.N,大阪府,0,,-
SPADA,Verflucht,0,,-,1244,IIDX33,大阪府,2031,NA23N.,大阪府,3590,TAKA.S,大阪府,4726,3PLE,大阪府
SPADA,VOX UP,0,,-,1484,FIXER,大阪府,2761,TAMA5.,大阪府,3616,K-JET?,大阪府,0,,-
SPADA,Wonder Girl feat. Kanae Asaba,0,,-,719,LATIAS,大阪府,1262,FIXER,大阪府,2813,TAKA.S,大阪府,0,,-
SPADA,お願いアインシュタイン,0,,-,872,LATIAS,大阪府,1424,YAN,大阪府,2116,KND.N,大阪府,0,,-
SPADA,アルストロメリア,211,GROWTH,大阪府,966,GROWTH,大阪府,1544,KYRIE,大阪府,2480,TAMA5.,大阪府,0,,-
SPADA,デッドボヲルdeホームラン,0,,-,615,GROWTH,大阪府,1531,GROWTH,大阪府,2717,35P,大阪府,0,,-
SPADA,バンブーソード・ガール,268,GROWTH,大阪府,984,CRADLE,大阪府,1846,HAL,大阪府,2469,TAKA.S,大阪府,0,,-
SPADA,廿,0,,-,888,LATIAS,大阪府,1696,REGLOS,大阪府,2363,*RK*,大阪府,3331,KND.N,大阪府
SPADA,旋律のドグマ～Miserables～,0,,-,1235,GROWTH,大阪府,2438,FIXER,大阪府,3919,CHINO,大阪府,0,,-
SPADA,海神,0,,-,1117,GROWTH,大阪府,2059,PANJAB,大阪府,3183,KND.N,大阪府,3586,TAKA.S,大阪府
SPADA,煉獄のエルフェリア,0,,-,1303,F-ZONE,大阪府,2297,CHIRU,大阪府,3916,TAKA.S,大阪府,0,,-
SPADA,牧神笛吹きて,0,,-,722,AAAA,大阪府,1344,FIXER,大阪府,2057,ALNIO,大阪府,0,,-
SPADA,疾風迅雷,0,,-,1113,GROWTH,大阪府,1936,MSY-8,大阪府,2924,K-JET?,大阪府,3478,K-JET?,大阪府
SPADA,罪と罰,0,,-,1049,GROWTH,大阪府,1390,FIXER,大阪府,2155,KND.N,大阪府,0,,-
SPADA,超!!遠距離らぶメ～ル,0,,-,563,LAME,大阪府,1540,FIXER,大阪府,2671,LV12,大阪府,0,,-
SPADA,轟け！恋のビーンボール！！,0,,-,1001,LATIAS,大阪府,1988,LV12,大阪府,3501,K-JET?,大阪府,0,,-
PENDUAL,#The_Relentless,0,,-,1185,YUKI86,大阪府,1986,FIXER,大阪府,2924,KND.N,大阪府,4450,3PLE,大阪府
PENDUAL,AFRO KNUCKLE,0,,-,942,GERION,大阪府,1773,FIXER,大阪府,2410,TAKA.S,大阪府,0,,-
PENDUAL,Beat Radiance,0,,-,966,PISCES,大阪府,1604,FIXER,大阪府,2627,S63,大阪府,3588,TAKA.S,大阪府
PENDUAL,Beyond The Earth,0,,-,1206,MESHI,大阪府,2001,SU8RAN,大阪府,3184,LV12,大阪府,0,,-
PENDUAL,Blaze it UP!,0,,-,931,GROWTH,大阪府,1886,FIXER,大阪府,2989,TAKA.S,大阪府,0,,-
PENDUAL,BLUE MIRAGE,0,,-,1162,HAL,大阪府,1975,FIXER,大阪府,3025,KND.N,大阪府,0,,-
PENDUAL,Broken Sword,0,,-,1290,FIXER,大阪府,2047,MOGAMI,大阪府,3730,3PLE,大阪府,0,,-
PENDUAL,Chain of pain,0,,-,750,GROWTH,大阪府,1509,FIXER,大阪府,2216,WANDOG,大阪府,0,,-
PENDUAL,chrono diver -fragment-,0,,-,667,GROWTH,大阪府,1163,PISCES,大阪府,1793,*RK*,大阪府,2259,FRAPPE,大阪府
PENDUAL,CHRONO DIVER -NORNIR-,0,,-,1156,GROWTH,大阪府,2200,FIXER,大阪府,3123,TAKA.S,大阪府,4425,TAKA.S,大阪府
PENDUAL,Chrono Diver -PENDULUMs-,545,GROWTH,大阪府,1403,FIXER,大阪府,2749,S63,大阪府,4385,3PLE,大阪府,0,,-
PENDUAL,Chronos,0,,-,859,REGLOS,大阪府,1375,FRAPPE,大阪府,2357,LV12,大阪府,3021,LV12,大阪府
PENDUAL,cinder,0,,-,830,GROWTH,大阪府,1975,FIXER,大阪府,3122,K-JET?,大阪府,0,,-
PENDUAL,COLOSSEUM,0,,-,563,AAAA,大阪府,1219,FIXER,大阪府,2297,LV12,大阪府,0,,-
PENDUAL,Cosmic Cat,0,,-,895,BROWN,大阪府,1687,FIXER,大阪府,2290,LV12,大阪府,3220,KND.N,大阪府
PENDUAL,Despair of ELFERIA,0,,-,1254,FIXER,大阪府,2318,GOOD,大阪府,4128,TAKA.S,大阪府,0,,-
PENDUAL,Discloze,0,,-,910,GROWTH,大阪府,1666,FIXER,大阪府,2590,LEVI,大阪府,0,,-
PENDUAL,EBONY & IVORY,0,,-,1073,URAKN!,大阪府,1653,NA23N.,大阪府,3011,3PLE,大阪府,3612,3PLE,大阪府
PENDUAL,entelecheia,0,,-,1016,GROWTH,大阪府,2134,UGEAND,大阪府,3288,3PLE,大阪府,0,,-
PENDUAL,Erosion Mark,0,,-,769,AAAA,大阪府,1531,FIXER,大阪府,2164,KND.N,大阪府,0,,-
PENDUAL,fallen leaves -IIDX edition-,0,,-,1137,GROWTH,大阪府,2132,HAL,大阪府,3445,3PLE,大阪府,0,,-
PENDUAL,FANTASTIC THREE,0,,-,1287,IIDX33,大阪府,2166,RC1,大阪府,3165,KND.N,大阪府,0,,-
PENDUAL,Flashes,0,,-,965,GROWTH,大阪府,1800,MERRIC,大阪府,3318,3PLE,大阪府,4150,TAKA.S,大阪府
PENDUAL,Gravigazer,0,,-,945,GROWTH,大阪府,1777,HARA,大阪府,3008,3PLE,大阪府,0,,-
PENDUAL,GUILTY,0,,-,930,ALF,大阪府,1541,RENAI,大阪府,1905,HAL,大阪府,2968,ALNIO,大阪府
PENDUAL,HELL SCAPER -Last Escape Remix-,0,,-,949,GROWTH,大阪府,1779,FIXER,大阪府,2850,KND.N,大阪府,0,,-
PENDUAL,Hello Happiness,0,,-,848,AAAA,大阪府,1656,FIXER,大阪府,2309,KND.N,大阪府,0,,-
PENDUAL,illuminate,0,,-,602,GROWTH,大阪府,1547,FIXER,大阪府,2275,KARTE,大阪府,0,,-
PENDUAL,IMPLANTATION,0,,-,643,GROWTH,大阪府,1623,FIXER,大阪府,2293,TAKA.S,大阪府,0,,-
PENDUAL,In The Breeze,0,,-,635,LATIAS,大阪府,1138,FIXER,大阪府,1749,*RK*,大阪府,0,,-
PENDUAL,Invitation from Mr.C,0,,-,1121,GROWTH,大阪府,1578,FIXER,大阪府,2755,K-JET?,大阪府,0,,-
PENDUAL,IXION,0,,-,1044,CRADLE,大阪府,1809,HAL,大阪府,2156,SHTOLA,大阪府,0,,-
PENDUAL,Line 4 Ruin,0,,-,711,LATIAS,大阪府,1809,HAL,大阪府,2785,3PLE,大阪府,0,,-
PENDUAL,Monopole.,0,,-,781,GROWTH,大阪府,1663,FIXER,大阪府,3347,K-JET?,大阪府,0,,-
PENDUAL,NEO GENERATOR SEVEN,0,,-,907,GROWTH,大阪府,1904,FIXER,大阪府,3336,3PLE,大阪府,0,,-
PENDUAL,Night sky,0,,-,1180,832LMN,大阪府,1894,FIXER,大阪府,2941,3PLE,大阪府,0,,-
PENDUAL,No Tears,0,,-,1137,GROWTH,大阪府,2059,REGLOS,大阪府,2533,K-JET?,大阪府,0,,-
PENDUAL,PENDUAL TALISMAN,0,,-,1031,GROWTH,大阪府,1626,FIXER,大阪府,2600,LV12,大阪府,0,,-
PENDUAL,Rave*it!! Rave*it!!,0,,-,991,GROWTH,大阪府,1663,REGLOS,大阪府,3266,3PLE,大阪府,0,,-
PENDUAL,Realize Maze,0,,-,1239,MANA,大阪府,2054,FIXER,大阪府,2984,3PLE,大阪府,0,,-
PENDUAL,Reflux,0,,-,781,GERION,大阪府,1629,TAMA5.,大阪府,3029,TAKA.S,大阪府,0,,-
PENDUAL,Sakura Mirage,0,,-,970,LATIAS,大阪府,1349,FIXER,大阪府,2346,LV12,大阪府,0,,-
PENDUAL,SAMSARA,0,,-,840,GROWTH,大阪府,1432,REGLOS,大阪府,2043,SLAYER,大阪府,0,,-
PENDUAL,Say YEEEAHH,0,,-,1124,GROWTH,大阪府,1776,FIXER,大阪府,3244,LV12,大阪府,0,,-
PENDUAL,Scarlet Moon,0,,-,1061,KRAST,大阪府,1851,FIXER,大阪府,2762,TAKA.S,大阪府,0,,-
PENDUAL,Scars of FAUNA,0,,-,810,AAAA,大阪府,1667,FIXER,大阪府,2903,3PLE,大阪府,0,,-
PENDUAL,Shooting Fireball,0,,-,954,GROWTH,大阪府,2161,FIXER,大阪府,3926,TAKA.S,大阪府,0,,-
PENDUAL,Sounds Of Summer,0,,-,1248,GROWTH,大阪府,2146,HAL,大阪府,3012,TAKA.S,大阪府,0,,-
PENDUAL,SpaceLand☆TOYBOX,0,,-,1059,YUKI86,大阪府,1713,FIXER,大阪府,2931,K-JET?,大阪府,0,,-
PENDUAL,Sweet Radar,0,,-,647,KA.K,大阪府,1353,FIXER,大阪府,2030,3PLE,大阪府,0,,-
PENDUAL,Symmetry,0,,-,1145,MANA,大阪府,2060,FIXER,大阪府,3285,TAKA.S,大阪府,0,,-
PENDUAL,TA・DA ☆ YO・SHI,0,,-,1088,GROWTH,大阪府,1579,GROWTH,大阪府,2309,BRIBRI,大阪府,0,,-
PENDUAL,The Least 100sec,0,,-,784,AKAGI,大阪府,1444,SRPON*,大阪府,2885,K-JET?,大阪府,0,,-
PENDUAL,TIEFSEE,0,,-,1260,YUKI86,大阪府,2146,HAL,大阪府,3485,TAKA.S,大阪府,0,,-
PENDUAL,TOXIC VIBRATION,0,,-,1583,NOLIZO,大阪府,2362,ALDIA,大阪府,3802,TAKA.S,大阪府,0,,-
PENDUAL,Vulkan,0,,-,1015,GROWTH,大阪府,1987,FIXER,大阪府,2983,K-JET?,大阪府,0,,-
PENDUAL,We're so Happy (P*Light Remix) IIDX ver.,0,,-,1145,GROWTH,大阪府,2298,FIXER,大阪府,3733,TAKA.S,大阪府,0,,-
PENDUAL,ZZ,201,GROWTH,大阪府,1264,GROWTH,大阪府,2053,HAL,大阪府,3062,TAKA.S,大阪府,0,,-
PENDUAL,それは花火のような恋,687,GROWTH,大阪府,1271,PISCES,大阪府,2450,M1N2,大阪府,3899,TAKA.S,大阪府,0,,-
PENDUAL,とろぴかる倶楽部,0,,-,742,C.A,大阪府,1447,FIXER,大阪府,2265,HAL,大阪府,0,,-
PENDUAL,ぷろぐれっしぶ時空少女！うらしまたろ子ちゃん！,0,,-,850,GROWTH,大阪府,1475,REGLOS,大阪府,2518,LEVI,大阪府,0,,-
PENDUAL,もっと！モット！ときめき feat. 松下,0,,-,1331,GROWTH,大阪府,2012,FIXER,大阪府,2687,KND.N,大阪府,0,,-
PENDUAL,ドッキン☆サマーあばんちゅーる,0,,-,993,GROWTH,大阪府,1785,FIXER,大阪府,2813,LEVI,大阪府,0,,-
PENDUAL,パ→ピ→プ→Yeah!,373,GROWTH,大阪府,987,GROWTH,大阪府,1602,FIXER,大阪府,2542,3PLE,大阪府,0,,-
PENDUAL,ベィスドロップ・フリークス,0,,-,623,GROWTH,大阪府,1244,ALTUVE,大阪府,2204,LEVI,大阪府,2456,PRN-SA,大阪府
PENDUAL,リリーゼと炎龍レーヴァテイン,0,,-,982,GROWTH,大阪府,2308,WANDOG,大阪府,3509,TAKA.S,大阪府,0,,-
PENDUAL,共鳴遊戯の華,0,,-,1259,M4I,大阪府,2419,UGEAND,大阪府,3931,TAKA.S,大阪府,0,,-
PENDUAL,十六夜セツナ,0,,-,1013,GROWTH,大阪府,1595,REGLOS,大阪府,2227,*RK*,大阪府,0,,-
PENDUAL,千年ノ理,0,,-,1189,GROWTH,大阪府,1978,RENAI,大阪府,3166,KND.N,大阪府,4323,3PLE,大阪府
PENDUAL,取り残された美術(Arranged:HiZuMi),241,GROWTH,大阪府,957,GROWTH,大阪府,1700,KYRIE,大阪府,2208,LV12,大阪府,0,,-
PENDUAL,夏色DIARY - L.E.D.-G STYLE MIX -,0,,-,959,GROWTH,大阪府,1903,FIXER,大阪府,3145,TAKA.S,大阪府,0,,-
PENDUAL,妖隠し -あやかしかくし-,0,,-,962,GROWTH,大阪府,1551,FIXER,大阪府,2196,LV12,大阪府,0,,-
PENDUAL,少年は空を辿る,0,,-,1095,UKYO*,大阪府,1999,U-KE,大阪府,3340,K-JET?,大阪府,0,,-
PENDUAL,恋は白帯、サンシロー,0,,-,716,LATIAS,大阪府,1293,PISCES,大阪府,2034,3PLE,大阪府,2775,TAKA.S,大阪府
PENDUAL,打打打打打打打打打打,200,GROWTH,大阪府,812,MOCO,大阪府,1352,LCB,大阪府,2640,LV12,大阪府,0,,-
PENDUAL,時空トラベローグ,0,,-,1009,SARARA,大阪府,1814,ALDIA,大阪府,2674,TAKA.S,大阪府,0,,-
PENDUAL,白露の風,0,,-,466,GROWTH,大阪府,1234,U-KE,大阪府,2027,LV12,大阪府,0,,-
PENDUAL,紅牡丹,473,GROWTH,大阪府,1033,LATIAS,大阪府,1779,FIXER,大阪府,2882,TAKA.S,大阪府,0,,-
PENDUAL,表裏一体！？怪盗いいんちょの悩み,0,,-,1127,GROWTH,大阪府,2134,U-KE,大阪府,3551,LV12,大阪府,4456,3PLE,大阪府
PENDUAL,超青少年ノ為ノ超多幸ナ超古典的超舞曲,0,,-,985,YUKI86,大阪府,2016,HAL,大阪府,2675,LV12,大阪府,4088,K-JET?,大阪府
PENDUAL,鬼天,0,,-,924,LATIAS,大阪府,1629,S1Q,大阪府,2488,KND.N,大阪府,0,,-
PENDUAL,Ｘ↑Ｘ↓,0,,-,908,RYO,大阪府,1768,FIXER,大阪府,2930,LV12,大阪府,0,,-
copula,199024club -Re:BounceKiller-,0,,-,676,GERION,大阪府,1679,TSUKKI,大阪府,2384,*RK*,大阪府,0,,-
copula,Acid Pumper,0,,-,659,TOTTI,大阪府,1587,MERRIC,大阪府,2468,KND.N,大阪府,0,,-
copula,Angelic Jelly,0,,-,1105,AAAA,大阪府,2040,FIXER,大阪府,2801,LV12,大阪府,0,,-
copula,AO-1,0,,-,1250,KRAST,大阪府,1913,1UP,大阪府,2772,LV12,大阪府,0,,-
copula,Arcana,0,,-,1194,INANNA,大阪府,1745,FIXER,大阪府,2282,KND.N,大阪府,0,,-
copula,Aublia,0,,-,919,GROWTH,大阪府,1510,FIXER,大阪府,2544,LV12,大阪府,0,,-
copula,Battle Train -IIDX Edition-,0,,-,856,GROWTH,大阪府,2429,FIXER,大阪府,3232,K-JET?,大阪府,0,,-
copula,Blue Spring Express,0,,-,1314,FIXER,大阪府,2079,TAMA5.,大阪府,3304,K-JET?,大阪府,0,,-
copula,Central Station,0,,-,1007,GROWTH,大阪府,1588,HAL,大阪府,2406,35P,大阪府,0,,-
copula,chaos eater -IIDX edition-,0,,-,1088,AAAA,大阪府,1684,FIXER,大阪府,2619,CHINO,大阪府,0,,-
copula,CODE:1 [revision1.0.1],0,,-,920,AAAA,大阪府,1723,FIXER,大阪府,3087,LV12,大阪府,0,,-
copula,Daily Lunch Special,0,,-,1051,YUKI86,大阪府,2136,FIXER,大阪府,2974,TAKA.S,大阪府,0,,-
copula,Damage Per Second,0,,-,858,JBIRD,大阪府,1389,RU-*,大阪府,2042,BRIBRI,大阪府,2288,SHTOLA,大阪府
copula,Derelict Star feat. Ryu*,0,,-,1336,YUKI86,大阪府,1868,SU8RAN,大阪府,2637,KND.N,大阪府,0,,-
copula,Devil's Gear,0,,-,1073,FIXER,大阪府,2256,TAMA5.,大阪府,3514,TAKA.S,大阪府,0,,-
copula,DIAMOND CROSSING,0,,-,980,GROWTH,大阪府,1738,SRPON*,大阪府,3089,TAKA.S,大阪府,0,,-
copula,do the thing feat. Kanae Asaba,0,,-,600,HIRO.*,大阪府,1473,FIXER,大阪府,2314,KND.N,大阪府,0,,-
copula,Donkey Donk,0,,-,1110,F-ZONE,大阪府,1762,HAL,大阪府,2278,ALNIO,大阪府,0,,-
copula,Dynamite,534,GROWTH,大阪府,1182,IIDX33,大阪府,2467,LV12,大阪府,3870,TAKA.S,大阪府,0,,-
copula,Everlasting Last,0,,-,807,GROWTH,大阪府,1641,FIXER,大阪府,2235,TAMA5.,大阪府,0,,-
copula,Exchange Place,0,,-,737,AAAA,大阪府,1240,FIXER,大阪府,1790,3PLE,大阪府,0,,-
copula,GENERATE feat.綾倉盟,0,,-,1113,GROWTH,大阪府,1757,FIXER,大阪府,2346,3PLE,大阪府,0,,-
copula,Go Faraway,0,,-,1018,GROWTH,大阪府,1480,OTACON,大阪府,2490,KND.N,大阪府,0,,-
copula,GOBBLE,0,,-,465,AAAA,大阪府,672,MESHI,大阪府,1708,ALNIO,大阪府,0,,-
copula,Godspeed,0,,-,1048,PISCES,大阪府,1922,UGEAND,大阪府,3133,LV12,大阪府,0,,-
copula,Grand Chariot,0,,-,1098,MANA,大阪府,1885,FIXER,大阪府,3398,FRAPPE,大阪府,0,,-
copula,Highcharge Divolt,0,,-,854,FALL,大阪府,1663,MAIM,大阪府,2810,3PLE,大阪府,0,,-
copula,Inner Spirit,0,,-,842,GROWTH,大阪府,1914,FIXER,大阪府,2821,K-JET?,大阪府,0,,-
copula,Journey,0,,-,651,LATIAS,大阪府,1228,URAKN!,大阪府,1872,UGEAND,大阪府,3100,ALNIO,大阪府
copula,Konzert V,0,,-,1259,MSY-8,大阪府,2326,HAL,大阪府,3391,TAKA.S,大阪府,0,,-
copula,La dolce primavera,0,,-,669,AAAA,大阪府,1342,FIXER,大阪府,2136,Q-Q.,大阪府,0,,-
copula,M4K3 1T B0UNC3,0,,-,1321,YUKI86,大阪府,2132,HAL,大阪府,3043,3PLE,大阪府,0,,-
copula,Musik LoverZ,0,,-,1030,AAAA,大阪府,1367,OTACON,大阪府,2472,KND.N,大阪府,0,,-
copula,NANAIRO,0,,-,1032,LATIAS,大阪府,1814,FIXER,大阪府,2577,KND.N,大阪府,0,,-
copula,Nightmare before oversleep,0,,-,1151,ANMO,大阪府,1830,SRPON*,大阪府,2937,K-JET?,大阪府,0,,-
copula,NINJA IS DEAD IIDX ver.,0,,-,1147,LATIAS,大阪府,1914,FIXER,大阪府,2961,NYA...,大阪府,0,,-
copula,NO LIMIT -オレ達に限界は無い-,0,,-,822,GROWTH,大阪府,1234,FIXER,大阪府,2255,SHTOLA,大阪府,0,,-
copula,Nowhere,0,,-,810,GROWTH,大阪府,1430,MOGAMI,大阪府,2147,3PLE,大阪府,0,,-
copula,NZM,0,,-,1038,GROWTH,大阪府,1610,FIXER,大阪府,3488,3PLE,大阪府,0,,-
copula,On the FM,0,,-,1090,YUKI86,大阪府,1610,FIXER,大阪府,2791,BRIBRI,大阪府,0,,-
copula,Outbreak,0,,-,1328,PISCES,大阪府,1849,FIXER,大阪府,3033,3PLE,大阪府,0,,-
copula,POSSESSION,526,FAILED,大阪府,1369,FRAPPE,大阪府,2078,RURUKA,大阪府,3011,LV12,大阪府,0,,-
copula,quick master (reform version),0,,-,155,MOCO,大阪府,346,GROWTH,大阪府,526,HAL,大阪府,0,,-
copula,refrain,0,,-,1208,LATIAS,大阪府,2229,FIXER,大阪府,3648,3PLE,大阪府,0,,-
copula,Rock It,0,,-,1131,IIDX33,大阪府,1681,FIXER,大阪府,2962,TAKA.S,大阪府,0,,-
copula,Routing,0,,-,907,YUKI86,大阪府,1626,FIXER,大阪府,2506,*RK*,大阪府,0,,-
copula,Sephirot,0,,-,921,LATIAS,大阪府,1615,GERION,大阪府,2346,TAKA.S,大阪府,0,,-
copula,Set U Free feat. Kanae Asaba,0,,-,886,AAAA,大阪府,1586,FIXER,大阪府,2522,WAMDUS,大阪府,0,,-
copula,SHELTER OF THE MIND,0,,-,1372,LATIAS,大阪府,1984,FIXER,大阪府,3013,LEVI,大阪府,0,,-
copula,STARLiGHT,0,,-,925,AAAA,大阪府,1831,FIXER,大阪府,2755,KND.N,大阪府,0,,-
copula,STARLIGHT DANCEHALL,0,,-,1195,YUKI86,大阪府,1807,FIXER,大阪府,2611,NAMA-3,大阪府,3302,KND.N,大阪府
copula,StrayedCatz,0,,-,987,F-ZONE,大阪府,1915,1UP,大阪府,2862,K-JET?,大阪府,0,,-
copula,Super Duper Racers,0,,-,925,GROWTH,大阪府,1560,REGLOS,大阪府,2367,BRIBRI,大阪府,3666,TAKA.S,大阪府
copula,SURVIVOR,0,,-,670,AAAA,大阪府,1275,REGLOS,大阪府,2009,3PLE,大阪府,0,,-
copula,Tori-no-kimochi,0,,-,244,TKNR,大阪府,1283,RENAI,大阪府,2014,*RK*,大阪府,0,,-
copula,Triple Counter,0,,-,1382,YUKI86,大阪府,2193,1UP,大阪府,3995,TAKA.S,大阪府,0,,-
copula,Uh-Oh,0,,-,1103,GROWTH,大阪府,1739,FIXER,大阪府,2411,KND.N,大阪府,0,,-
copula,Violet Pulse,0,,-,415,LATIAS,大阪府,1656,FIXER,大阪府,2440,BRIBRI,大阪府,4144,K-JET?,大阪府
copula,Violet Rose,0,,-,1193,IIDX33,大阪府,1873,P,大阪府,2576,TAMA5.,大阪府,0,,-
copula,Welcome,0,,-,855,GROWTH,大阪府,1791,FIXER,大阪府,2622,HAL,大阪府,3316,KND.N,大阪府
copula,X,0,,-,1566,NOLIZO,大阪府,2360,KYRIE,大阪府,3864,3PLE,大阪府,0,,-
copula,ZEPHYRANTHES,0,,-,983,LATIAS,大阪府,1841,FIXER,大阪府,2970,TAKA.S,大阪府,3892,3PLE,大阪府
copula,か・し・ま・し☆PUMP UP！,0,,-,1164,YUKI86,大阪府,1808,FIXER,大阪府,2874,TAKA.S,大阪府,0,,-
copula,めいさいアイドル☆あいむちゃん♪,0,,-,1387,CRADLE,大阪府,2254,FIXER,大阪府,3370,3PLE,大阪府,0,,-
copula,オルタネイトβ,0,,-,799,YUKKE,大阪府,1442,HAL,大阪府,2256,3PLE,大阪府,0,,-
copula,ギョギョっと人魚 爆婚ブライダル,0,,-,784,LATIAS,大阪府,1416,OTACON,大阪府,2372,BRIBRI,大阪府,0,,-
copula,シュッパツシンコウ・シサカンコ,0,,-,1061,AAAA,大阪府,1760,SAYUKI,大阪府,2427,LEVI,大阪府,0,,-
copula,セロトニン,0,,-,1254,YUKI86,大阪府,1748,FIXER,大阪府,2337,3PLE,大阪府,0,,-
copula,少女アリスと箱庭幻想コンチェルト,0,,-,760,GROWTH,大阪府,1463,FIXER,大阪府,2166,LV12,大阪府,0,,-
copula,明鏡止水,0,,-,810,AAAA,大阪府,1821,FIXER,大阪府,2786,35P,大阪府,0,,-
copula,星屑ディスタンシア,0,,-,653,AAAA,大阪府,1140,BROWN,大阪府,2101,*RK*,大阪府,0,,-
copula,朝焼けから始まるボクらの小さな旅,0,,-,937,GROWTH,大阪府,1697,FIXER,大阪府,2539,LV12,大阪府,0,,-
copula,灼熱 Pt.2 Long Train Running,560,SNWYAR,大阪府,1268,MSY-8,大阪府,2092,HAL,大阪府,3380,KND.N,大阪府,0,,-
copula,真 地獄超特急 -HELL or HELL-,0,,-,1406,MOCO,大阪府,2159,WANDOG,大阪府,3291,KND.N,大阪府,0,,-
copula,紫陽花 -AZISAI-,383,SNWYAR,大阪府,1218,GROWTH,大阪府,2026,RC1,大阪府,2878,3PLE,大阪府,3301,Q-Q.,大阪府
copula,追想快晴テーマパーク,0,,-,1163,YUKI86,大阪府,2061,U-KE,大阪府,3069,TAMA5.,大阪府,0,,-
copula,量子の海のリントヴルム,0,,-,885,AAAA,大阪府,1782,FIXER,大阪府,2961,KND.N,大阪府,0,,-
copula,駅猫のワルツ,0,,-,1113,YOSHIO,大阪府,2015,URAKN!,大阪府,2856,3PLE,大阪府,0,,-
copula,麗 ～うらら～,259,GROWTH,大阪府,1122,REGLOS,大阪府,1746,FIXER,大阪府,2638,3PLE,大阪府,0,,-
SINOBUZ,¡Viva!,0,,-,922,F-ZONE,大阪府,1610,FIXER,大阪府,2001,*RK*,大阪府,0,,-
SINOBUZ,#MAGiCVLGiRL_TRVP_B3VTZ,0,,-,1131,CRADLE,大阪府,1965,FIXER,大阪府,3450,3PLE,大阪府,0,,-
SINOBUZ,(This Is Not) The Angels,0,,-,592,LINKIN,大阪府,1433,FIXER,大阪府,2700,LV12,大阪府,0,,-
SINOBUZ,Amazing Mirage,369,GROWTH,大阪府,858,MSY-8,大阪府,1724,FIXER,大阪府,2578,LEVI,大阪府,3251,KND.N,大阪府
SINOBUZ,AO-∞,0,,-,1079,AAAA,大阪府,1770,FIXER,大阪府,2686,K-JET?,大阪府,0,,-
SINOBUZ,Apocalypse,0,,-,1121,GROWTH,大阪府,2139,FIXER,大阪府,3585,3PLE,大阪府,0,,-
SINOBUZ,Around The Galaxy,0,,-,1048,AAAA,大阪府,2107,FIXER,大阪府,3378,KND.N,大阪府,0,,-
SINOBUZ,AsiaN distractive,0,,-,1136,LATIAS,大阪府,1745,FIXER,大阪府,2603,WANDOG,大阪府,0,,-
SINOBUZ,BabeL ～Grand Story～,0,,-,1235,IIDX33,大阪府,2083,PANJAB,大阪府,2805,*RK*,大阪府,0,,-
SINOBUZ,Be A Star,0,,-,932,LATIAS,大阪府,1799,FIXER,大阪府,2812,TAKA.S,大阪府,0,,-
SINOBUZ,Beat Juggling Mix,0,,-,973,YUKI86,大阪府,1556,FIXER,大阪府,2172,K-JET?,大阪府,0,,-
SINOBUZ,Believe in you,0,,-,1126,AAAA,大阪府,1872,FIXER,大阪府,2426,WAMDUS,大阪府,0,,-
SINOBUZ,Beyond The Seven,0,,-,704,AAAA,大阪府,1320,FIXER,大阪府,2686,WAMDUS,大阪府,0,,-
SINOBUZ,BREAK OVER,0,,-,829,AAAA,大阪府,1499,FIXER,大阪府,2355,LV12,大阪府,0,,-
SINOBUZ,Breakin' Chain,0,,-,679,AAAA,大阪府,1311,FIXER,大阪府,2301,*RK*,大阪府,0,,-
SINOBUZ,BroGamer,0,,-,1358,OTACON,大阪府,2122,FIXER,大阪府,3059,CH3F,大阪府,4680,TAKA.S,大阪府
SINOBUZ,Caterpillar,0,,-,1173,IIDX33,大阪府,2160,FIXER,大阪府,3076,TAKA.S,大阪府,0,,-
SINOBUZ,crew,0,,-,630,GUNZO-,大阪府,1744,MOGAMI,大阪府,2917,LV12,大阪府,0,,-
SINOBUZ,Cyber True Color,0,,-,919,AAAA,大阪府,1611,832LMN,大阪府,2375,TAKA.S,大阪府,0,,-
SINOBUZ,DORNWALD ～Junge～,0,,-,1269,GROWTH,大阪府,2251,SHTOLA,大阪府,3692,3PLE,大阪府,0,,-
SINOBUZ,ECHIDNA,0,,-,1263,MSY-8,大阪府,1989,NA23N.,大阪府,3442,3PLE,大阪府,0,,-
SINOBUZ,Egret and Willow,0,,-,924,OVAN,大阪府,1658,FIXER,大阪府,2700,LV12,大阪府,0,,-
SINOBUZ,elemental bender feat. Kanae Asaba,0,,-,624,HIRO.*,大阪府,1163,PISCES,大阪府,1636,NOIK.K,大阪府,0,,-
SINOBUZ,FUZIN RIZIN,0,,-,1169,LATIAS,大阪府,1968,GERION,大阪府,3808,TAKA.S,大阪府,0,,-
SINOBUZ,Go Ahead!!,0,,-,977,MANA,大阪府,1545,RAINY,大阪府,2773,K-JET?,大阪府,0,,-
SINOBUZ,GuNGNiR,0,,-,1351,FIXER,大阪府,2639,FRAPPE,大阪府,3998,3PLE,大阪府,4687,3PLE,大阪府
SINOBUZ,HADES,389,TETSU.,大阪府,928,MSY-8,大阪府,1785,222,大阪府,3035,KND.N,大阪府,0,,-
SINOBUZ,HAPPY★RUSH,0,,-,762,AAAA,大阪府,1894,FIXER,大阪府,2937,TAKA.S,大阪府,0,,-
SINOBUZ,Honey Trap,0,,-,819,GROWTH,大阪府,1615,FIXER,大阪府,2544,TAKA.S,大阪府,0,,-
SINOBUZ,INVISIBLE STRIX,0,,-,1103,YUKI86,大阪府,1972,1UP,大阪府,2595,K-JET?,大阪府,0,,-
SINOBUZ,Lost wing at.0,0,,-,905,AAAA,大阪府,1418,FIXER,大阪府,2440,LV12,大阪府,0,,-
SINOBUZ,Macuilxochitl,512,GROWTH,大阪府,1379,IIDX33,大阪府,2251,SHTOLA,大阪府,3323,LV12,大阪府,0,,-
SINOBUZ,Magical,0,,-,800,GROWTH,大阪府,1175,GROWTH,大阪府,2002,3PLE,大阪府,0,,-
SINOBUZ,Mare Nectaris,0,,-,1423,FIXER,大阪府,2090,FRAPPE,大阪府,3896,K-JET?,大阪府,0,,-
SINOBUZ,Modular Technology,0,,-,1178,YUKI86,大阪府,1947,RENAI,大阪府,2654,K-JET?,大阪府,0,,-
SINOBUZ,Music is The Answer,0,,-,755,LATIAS,大阪府,1395,FIXER,大阪府,1925,*RK*,大阪府,0,,-
SINOBUZ,nostos,0,,-,895,MSY-8,大阪府,1340,MSY-8,大阪府,2630,LV12,大阪府,0,,-
SINOBUZ,OOO,0,,-,679,LATIAS,大阪府,1458,HAL,大阪府,2057,ALNIO,大阪府,2658,LV12,大阪府
SINOBUZ,OTENAMI Hurricane,0,,-,1205,LATIAS,大阪府,2102,UGEAND,大阪府,3184,K-JET?,大阪府,0,,-
SINOBUZ,PAPAYAPA BASS,0,,-,718,AAAA,大阪府,1543,FIXER,大阪府,2790,LV12,大阪府,0,,-
SINOBUZ,Piano Samurai,0,,-,953,AAAA,大阪府,1757,FIXER,大阪府,2494,*RK*,大阪府,0,,-
SINOBUZ,Quakes,0,,-,1053,MARK,大阪府,1988,1UP,大阪府,3245,3PLE,大阪府,0,,-
SINOBUZ,RAIN,0,,-,1125,GROWTH,大阪府,1802,FIXER,大阪府,3262,KND.N,大阪府,0,,-
SINOBUZ,Rave Cannon,0,,-,1003,GROWTH,大阪府,1848,FIXER,大阪府,3335,KND.N,大阪府,0,,-
SINOBUZ,Remedy feat. Kanae Asaba,0,,-,897,LATIAS,大阪府,1620,FIXER,大阪府,2197,*RK*,大阪府,0,,-
SINOBUZ,ROTTERDAM SHOGUN,545,TETSU.,大阪府,1090,BROWN,大阪府,1835,NERIYO,大阪府,2550,WAMDUS,大阪府,0,,-
SINOBUZ,SAMURAI-Scramble,0,,-,952,IIDX33,大阪府,1684,FIXER,大阪府,2397,HAL,大阪府,2850,KND.N,大阪府
SINOBUZ,Sarutobi Champion is 拙者,0,,-,956,YUKI86,大阪府,1495,INANNA,大阪府,2239,LV12,大阪府,0,,-
SINOBUZ,SAY BAY,0,,-,841,GROWTH,大阪府,1469,FIXER,大阪府,2839,KND.N,大阪府,0,,-
SINOBUZ,Seaside Labyrinth,0,,-,618,AAAA,大阪府,1238,GROWTH,大阪府,1856,WANDOG,大阪府,0,,-
SINOBUZ,Selfish Sweet,0,,-,644,GROWTH,大阪府,956,GROWTH,大阪府,1711,WANDOG,大阪府,2595,*RK*,大阪府
SINOBUZ,SEQUENCE CAT,0,,-,987,AAAA,大阪府,2207,UGEAND,大阪府,2845,LV12,大阪府,0,,-
SINOBUZ,shuriken,0,,-,756,AAAA,大阪府,1124,PISCES,大阪府,2510,KARTE,大阪府,0,,-
SINOBUZ,SINOBUZ Fantasy,0,,-,981,YUKI86,大阪府,1687,RENAI,大阪府,2412,KND.N,大阪府,0,,-
SINOBUZ,Sky High,415,KOTO,大阪府,1138,GROWTH,大阪府,2248,U-KE,大阪府,3765,KND.N,大阪府,0,,-
SINOBUZ,Snakey Kung-fu,0,,-,1073,YUKI86,大阪府,2203,HAL,大阪府,3461,3PLE,大阪府,0,,-
SINOBUZ,Steel Edge,0,,-,871,MSY-8,大阪府,1490,FIXER,大阪府,3188,TAKA.S,大阪府,0,,-
SINOBUZ,Summerlights(IIDX Edition),0,,-,1101,YUKI86,大阪府,1886,HAL,大阪府,3117,3PLE,大阪府,0,,-
SINOBUZ,Super Rush,0,,-,982,LATIAS,大阪府,1881,FIXER,大阪府,3540,K-JET?,大阪府,0,,-
SINOBUZ,Surf on the Light,0,,-,731,AAAA,大阪府,1479,MOGAMI,大阪府,2244,KIGHKN,大阪府,0,,-
SINOBUZ,The Commanders,0,,-,959,INANNA,大阪府,1478,GERION,大阪府,2441,KND.N,大阪府,0,,-
SINOBUZ,TOGAKUSHI,0,,-,996,K*NORI,大阪府,1879,FIXER,大阪府,2625,TAKA.S,大阪府,0,,-
SINOBUZ,Umbral,0,,-,599,LATIAS,大阪府,1374,PISCES,大阪府,1906,KND.N,大阪府,3094,TAKA.S,大阪府
SINOBUZ,Venom,0,,-,1266,RU-*,大阪府,2079,1UP,大阪府,3188,K-JET?,大阪府,0,,-
SINOBUZ,Vermilion,0,,-,832,AAAA,大阪府,1350,FIXER,大阪府,2026,PRN-SA,大阪府,0,,-
SINOBUZ,Warrior,0,,-,973,AAAA,大阪府,1768,FIXER,大阪府,2488,TAKA.S,大阪府,0,,-
SINOBUZ,XINOBIKILL,0,,-,991,PISCES,大阪府,1723,FIXER,大阪府,2865,KND.N,大阪府,0,,-
SINOBUZ,yamabiko (SINOBUZ Edition),0,,-,951,AAAA,大阪府,1572,FIXER,大阪府,2643,3PLE,大阪府,0,,-
SINOBUZ,Yellow Sketch(RX-Ver.S.P.L.),0,,-,733,LATIAS,大阪府,1766,FIXER,大阪府,2889,3PLE,大阪府,0,,-
SINOBUZ,〆,0,,-,1226,LATIAS,大阪府,2312,222,大阪府,3715,3PLE,大阪府,0,,-
SINOBUZ,ちらちら・はらはら,0,,-,410,GROWTH,大阪府,938,SAYUKI,大阪府,1417,128.MM,大阪府,0,,-
SINOBUZ,イザナミノナゲキ,0,,-,1181,GROWTH,大阪府,1907,URAKN!,大阪府,3275,TAKA.S,大阪府,0,,-
SINOBUZ,ディッシュウォッシャー◎彡おいわちゃん,0,,-,679,LATIAS,大阪府,1418,PISCES,大阪府,2497,LV12,大阪府,0,,-
SINOBUZ,九尾狐夜行,0,,-,828,LATIAS,大阪府,1749,FIXER,大阪府,2931,Q-Q.,大阪府,0,,-
SINOBUZ,冬椿 ft. Kanae Asaba,260,GROWTH,大阪府,947,FAILED,大阪府,1251,GERION,大阪府,2268,KARTE,大阪府,3033,LV12,大阪府
SINOBUZ,刃図羅,0,,-,1201,LATIAS,大阪府,2011,PANJAB,大阪府,3420,TAKA.S,大阪府,0,,-
SINOBUZ,忍恋花,0,,-,988,LATIAS,大阪府,1655,FIXER,大阪府,2248,LV12,大阪府,0,,-
SINOBUZ,恋はどう？モロ◎波動OK☆方程式!!,0,,-,966,AAAA,大阪府,1521,GERION,大阪府,2467,LV12,大阪府,0,,-
SINOBUZ,月雪に舞う華のように,0,,-,824,IIDX33,大阪府,1273,OTACON,大阪府,2094,WANDOG,大阪府,0,,-
SINOBUZ,次葉 -turn the page-,0,,-,836,GROWTH,大阪府,1369,GROWTH,大阪府,1989,KND.N,大阪府,0,,-
SINOBUZ,津軽雪,0,,-,1509,PISCES,大阪府,2175,FIXER,大阪府,3836,3PLE,大阪府,0,,-
SINOBUZ,火影,0,,-,687,DJ886,大阪府,1378,FIXER,大阪府,2722,PRN-SA,大阪府,0,,-
SINOBUZ,焔極OVERKILL,0,,-,1145,GROWTH,大阪府,2050,FIXER,大阪府,3627,3PLE,大阪府,0,,-
SINOBUZ,獅子霞麗ノ舞,0,,-,499,GROWTH,大阪府,1080,REGLOS,大阪府,1716,Q-Q.,大阪府,0,,-
SINOBUZ,禍根,0,,-,790,AAAA,大阪府,1330,S1Q,大阪府,2607,3PLE,大阪府,0,,-
SINOBUZ,童話回廊,0,,-,869,UKYO*,大阪府,1710,U-KE,大阪府,3092,K-JET?,大阪府,0,,-
SINOBUZ,鴉,0,,-,1478,PISCES,大阪府,2198,FIXER,大阪府,2700,TAKA.S,大阪府,0,,-
CANNON BALLERS,1001 -ESCAPE-,0,,-,993,LATIAS,大阪府,1652,OTACON,大阪府,2622,TAMA5.,大阪府,0,,-
CANNON BALLERS,255,0,,-,879,YUKI86,大阪府,1604,FIXER,大阪府,3303,K-JET?,大阪府,0,,-
CANNON BALLERS,AA -rebuild-,0,,-,1258,FIXER,大阪府,2387,CHIRU,大阪府,3615,TAKA.S,大阪府,0,,-
CANNON BALLERS,Abraxas,0,,-,768,YUKKE,大阪府,1625,FIXER,大阪府,2437,LV12,大阪府,0,,-
CANNON BALLERS,ACCELERATE,0,,-,1117,AAAA,大阪府,1710,FIXER,大阪府,2479,LEVI,大阪府,0,,-
CANNON BALLERS,Alpheratz,0,,-,415,KA.K,大阪府,996,YUKI86,大阪府,2083,*RK*,大阪府,2915,TAKA.S,大阪府
CANNON BALLERS,Amor De Verao,0,,-,768,GROWTH,大阪府,1425,FIXER,大阪府,2315,Q-Q.,大阪府,0,,-
CANNON BALLERS,ANAGMA,0,,-,921,AAAA,大阪府,1786,FIXER,大阪府,2634,TAKA.S,大阪府,0,,-
CANNON BALLERS,ANCHOR,0,,-,1335,FIXER,大阪府,2337,RYU-L,大阪府,3632,TAKA.S,大阪府,0,,-
CANNON BALLERS,Antigravity,0,,-,977,AAAA,大阪府,1927,FIXER,大阪府,3064,K-JET?,大阪府,0,,-
CANNON BALLERS,Arca,0,,-,870,AAAA,大阪府,1854,FIXER,大阪府,3136,K-JET?,大阪府,0,,-
CANNON BALLERS,Around the Future,0,,-,1040,YUKI86,大阪府,1712,FIXER,大阪府,2602,BRIBRI,大阪府,0,,-
CANNON BALLERS,Back Spin Sweeper,0,,-,829,YUKI86,大阪府,1421,HAL,大阪府,2249,KND.N,大阪府,0,,-
CANNON BALLERS,Battleground,0,,-,1096,AAAA,大阪府,1845,FIXER,大阪府,2673,Q-Q.,大阪府,0,,-
CANNON BALLERS,Be a Hero!,0,,-,775,GROWTH,大阪府,1894,FIXER,大阪府,3139,TAKA.S,大阪府,0,,-
CANNON BALLERS,Best of Me,0,,-,790,AAAA,大阪府,1576,FIXER,大阪府,2224,KND.N,大阪府,0,,-
CANNON BALLERS,Boomy and The Boost,418,HARUNA,大阪府,993,AAAA,大阪府,2004,GERION,大阪府,3577,TAKA.S,大阪府,0,,-
CANNON BALLERS,Break Stasis,0,,-,1255,YUKI86,大阪府,1890,FIXER,大阪府,2522,LV12,大阪府,0,,-
CANNON BALLERS,ChaserXX,0,,-,1060,MSY-8,大阪府,1821,FIXER,大阪府,2775,NOIK.K,大阪府,3835,3PLE,大阪府
CANNON BALLERS,Chemical Cookie,0,,-,805,LATIAS,大阪府,1439,FIXER,大阪府,2121,FRAPPE,大阪府,0,,-
CANNON BALLERS,City Never Sleeps (IIDX Edition),0,,-,1284,PISCES,大阪府,1852,U-KE,大阪府,2644,3PLE,大阪府,0,,-
CANNON BALLERS,COSMIC☆WONDER☆REVOLUTION,0,,-,724,SNWYAR,大阪府,1424,GERION,大阪府,2091,3PLE,大阪府,0,,-
CANNON BALLERS,DEADHEAT,0,,-,1159,LATIAS,大阪府,1997,FIXER,大阪府,3382,TAKA.S,大阪府,0,,-
CANNON BALLERS,DEATH†ZIGOQ ～怒りの高速爆走野郎～,0,,-,1391,FIXER,大阪府,2386,FIXER,大阪府,4086,TAKA.S,大阪府,4812,TAKA.S,大阪府
CANNON BALLERS,DropZ-Line-,0,,-,1258,LATIAS,大阪府,1993,1UP,大阪府,3152,KND.N,大阪府,0,,-
CANNON BALLERS,Eine Haube ～聖地の果てにあるもの～,0,,-,961,GROWTH,大阪府,1419,FIXER,大阪府,2576,LV12,大阪府,0,,-
CANNON BALLERS,EMERALDAS,487,YUKKE,大阪府,1363,FIXER,大阪府,2410,HAL,大阪府,3550,3PLE,大阪府,0,,-
CANNON BALLERS,encounter,0,,-,928,JBIRD,大阪府,1737,FIXER,大阪府,3291,K-JET?,大阪府,0,,-
CANNON BALLERS,Exhaust Hype,0,,-,974,AAAA,大阪府,1909,FIXER,大阪府,2808,KND.N,大阪府,0,,-
CANNON BALLERS,Expanded !!,0,,-,666,LATIAS,大阪府,1541,FIXER,大阪府,2626,KND.N,大阪府,0,,-
CANNON BALLERS,Fervidex,0,,-,832,LATIAS,大阪府,1819,HAL,大阪府,2717,TAKA.S,大阪府,0,,-
CANNON BALLERS,FREEDOM,0,,-,941,LATIAS,大阪府,1714,FIXER,大阪府,2926,KND.N,大阪府,0,,-
CANNON BALLERS,From Time To Time,0,,-,774,AAAA,大阪府,1868,INANNA,大阪府,2529,35P,大阪府,0,,-
CANNON BALLERS,FUTURE is Dead,0,,-,866,AAAA,大阪府,1492,UGEAND,大阪府,2208,LV12,大阪府,0,,-
CANNON BALLERS,Get Up! feat. Kanae Asaba,0,,-,568,HIRO.*,大阪府,1165,GROWTH,大阪府,1904,*RK*,大阪府,0,,-
CANNON BALLERS,HAT TRICK,0,,-,803,SARARA,大阪府,1446,FIXER,大阪府,2197,KND.N,大阪府,0,,-
CANNON BALLERS,Hella Deep,0,,-,602,AAAA,大阪府,1046,FIXER,大阪府,1880,LV12,大阪府,0,,-
CANNON BALLERS,HYPE THE CORE,0,,-,1038,YUKI86,大阪府,1932,FIXER,大阪府,3023,3PLE,大阪府,0,,-
CANNON BALLERS,I Love You,0,,-,1047,GROWTH,大阪府,1829,FIXER,大阪府,2741,TAKA.S,大阪府,0,,-
CANNON BALLERS,Illusionary Waterlily,0,,-,1283,PISCES,大阪府,2224,RENAI,大阪府,3536,3PLE,大阪府,0,,-
CANNON BALLERS,Initiation,655,GROWTH,大阪府,1438,IIDX33,大阪府,2502,HAL,大阪府,3971,K-JET?,大阪府,0,,-
CANNON BALLERS,"Life Is A Game ft.DD""ナカタ""Metal",0,,-,1248,K*NORI,大阪府,1900,RC1,大阪府,3466,TAKA.S,大阪府,0,,-
CANNON BALLERS,LUV DRIVE,0,,-,794,MR.5,大阪府,1361,HAL,大阪府,2115,NOIK.K,大阪府,0,,-
CANNON BALLERS,MAXIVCORD,0,,-,812,GROWTH,大阪府,1437,FIXER,大阪府,2454,LV12,大阪府,0,,-
CANNON BALLERS,Midnight Lady,0,,-,606,AAAA,大阪府,1163,REGLOS,大阪府,1950,LV12,大阪府,0,,-
CANNON BALLERS,n'pa pa BBQ,0,,-,879,LATIAS,大阪府,1735,FIXER,大阪府,2761,*RK*,大阪府,0,,-
CANNON BALLERS,NITROUS CANNON,0,,-,1373,PISCES,大阪府,2062,HAL,大阪府,3660,3PLE,大阪府,0,,-
CANNON BALLERS,No Limit 2 dAnce feat. 大山愛未,0,,-,915,AAAA,大阪府,1540,FIXER,大阪府,2321,LV12,大阪府,0,,-
CANNON BALLERS,Nothing but Theory,0,,-,1055,LATIAS,大阪府,1585,FIXER,大阪府,2840,LEVI,大阪府,3744,TAKA.S,大阪府
CANNON BALLERS,O/D*20,0,,-,1114,MSY-8,大阪府,1670,GERION,大阪府,2092,KAGUYA,大阪府,3863,KND.N,大阪府
CANNON BALLERS,Only for now,0,,-,879,IIDX33,大阪府,1573,FIXER,大阪府,2256,*RK*,大阪府,0,,-
CANNON BALLERS,Papilio ulysses,0,,-,1195,PISCES,大阪府,2021,FIXER,大阪府,2933,3PLE,大阪府,0,,-
CANNON BALLERS,Persephone,0,,-,1233,TOUKA.,大阪府,1933,FIXER,大阪府,2982,KND.N,大阪府,0,,-
CANNON BALLERS,Rampage,0,,-,1292,MSY-8,大阪府,2421,RC1,大阪府,3636,TAKA.S,大阪府,0,,-
CANNON BALLERS,Raspberry Railgun,0,,-,1389,PISCES,大阪府,2102,FIXER,大阪府,3116,Q-Q.,大阪府,0,,-
CANNON BALLERS,REVOLVER,0,,-,881,LATIAS,大阪府,1556,ALTUVE,大阪府,2743,3PLE,大阪府,3342,3PLE,大阪府
CANNON BALLERS,Sleepless days,0,,-,506,MSY-8,大阪府,905,SAYUKI,大阪府,1576,LV12,大阪府,0,,-
CANNON BALLERS,Slipstream,0,,-,1026,AAAA,大阪府,2024,FIXER,大阪府,3549,TAKA.S,大阪府,0,,-
CANNON BALLERS,SPEED DEMON,0,,-,744,LATIAS,大阪府,1453,FIXER,大阪府,2332,BRIBRI,大阪府,0,,-
CANNON BALLERS,STARLIGHT JUNCTION,0,,-,865,LATIAS,大阪府,1549,KYO,大阪府,2268,NAMA-3,大阪府,2889,KND.N,大阪府
CANNON BALLERS,Static State,0,,-,979,LATIAS,大阪府,1752,FIXER,大阪府,2362,SHTOLA,大阪府,0,,-
CANNON BALLERS,Temple of Anubis,0,,-,988,MANA,大阪府,1520,FIXER,大阪府,2644,LV12,大阪府,0,,-
CANNON BALLERS,THE CANNONBALLER,472,KA.K,大阪府,1462,YUKI86,大阪府,2309,FIXER,大阪府,3428,K-JET?,大阪府,0,,-
CANNON BALLERS,The Chase,0,,-,665,HIRO.*,大阪府,1309,MOTY.,大阪府,2168,KND.N,大阪府,0,,-
CANNON BALLERS,UMMU,431,GROWTH,大阪府,1191,PISCES,大阪府,2039,FIXER,大阪府,3107,3PLE,大阪府,0,,-
CANNON BALLERS,Usual Days-remix,0,,-,1028,GROWTH,大阪府,1477,FIXER,大阪府,2670,35P,大阪府,0,,-
CANNON BALLERS,Xperanza,505,SNWYAR,大阪府,1364,GROWTH,大阪府,2330,FIXER,大阪府,3220,TAKA.S,大阪府,0,,-
CANNON BALLERS,うさ☆かめ 大戦争！,0,,-,940,YUKI86,大阪府,1547,FIXER,大阪府,2507,LV12,大阪府,0,,-
CANNON BALLERS,エディブルフラワーの独白,0,,-,807,GROWTH,大阪府,1518,ALTUVE,大阪府,2201,TAMA5.,大阪府,0,,-
CANNON BALLERS,シムルグの目醒め,0,,-,1383,GROWTH,大阪府,2227,FIXER,大阪府,3508,3PLE,大阪府,0,,-
CANNON BALLERS,ナイトシティー・アヴァンチュール,0,,-,1005,HOSAC,大阪府,1531,FIXER,大阪府,2089,SHTOLA,大阪府,0,,-
CANNON BALLERS,ハイ*ビスカス ft. Kanae Asaba,0,,-,862,GROWTH,大阪府,1543,FIXER,大阪府,2431,LEVI,大阪府,0,,-
CANNON BALLERS,バ→ビ→ブ→Bomb!,0,,-,826,MANA,大阪府,1823,FIXER,大阪府,2542,LV12,大阪府,0,,-
CANNON BALLERS,バスルーム ロマンス,0,,-,944,LATIAS,大阪府,1473,HAL,大阪府,2443,TAKA.S,大阪府,0,,-
CANNON BALLERS,パラドキシカル・タイムリープトライアル(Short Ver.),0,,-,836,ABBA-A,大阪府,1893,FIXER,大阪府,2778,LV12,大阪府,0,,-
CANNON BALLERS,ラストセンチュリーメランコリック,0,,-,811,GERION,大阪府,1601,GERION,大阪府,2197,TAKA.S,大阪府,0,,-
CANNON BALLERS,共犯ヘヴンズコード,0,,-,482,LATIAS,大阪府,1346,PISCES,大阪府,2249,LEVI,大阪府,0,,-
CANNON BALLERS,命の標本,0,,-,703,LATIAS,大阪府,1675,MOGAMI,大阪府,2670,LV12,大阪府,0,,-
CANNON BALLERS,東京神話,406,UUKA,大阪府,1018,LATIAS,大阪府,1778,HAL,大阪府,2871,K-JET?,大阪府,0,,-
CANNON BALLERS,神謳 -RESONANCE-,0,,-,1379,GROWTH,大阪府,2434,FIXER,大阪府,4062,TAKA.S,大阪府,0,,-
CANNON BALLERS,純真可憐デザイア,254,GROWTH,大阪府,812,GROWTH,大阪府,1642,HAL,大阪府,2331,HAL,大阪府,2965,KND.N,大阪府
CANNON BALLERS,草原の王女-軌跡を辿って-,0,,-,675,DJ886,大阪府,1170,YUKI86,大阪府,2301,*RK*,大阪府,0,,-
Rootage,& Intelligence,0,,-,1102,AAAA,大阪府,2166,HAL,大阪府,3181,35P,大阪府,0,,-
Rootage,50th Memorial Songs -Beginning Story-,305,OVAN,大阪府,739,KIZNA,大阪府,1625,FIXER,大阪府,2635,LEVI,大阪府,0,,-
Rootage,50th Memorial Songs -Flagship medley-,360,SNWYAR,大阪府,884,AAAA,大阪府,1457,FIXER,大阪府,2263,WAMDUS,大阪府,0,,-
Rootage,50th Memorial Songs -The BEMANI History-,539,TETSU.,大阪府,1027,AAAA,大阪府,1615,FIXER,大阪府,2633,TAKA.S,大阪府,0,,-
Rootage,50th Memorial Songs -二人の時 ～under the cherry blossoms～-,551,GROWTH,大阪府,1211,GROWTH,大阪府,1587,ALTUVE,大阪府,2598,SHTOLA,大阪府,0,,-
Rootage,Afterimage d'automne,0,,-,1002,GROWTH,大阪府,1686,ALDIA,大阪府,2840,3PLE,大阪府,0,,-
Rootage,BLACK JACKAL,0,,-,832,PISCES,大阪府,1578,FIXER,大阪府,2323,LV12,大阪府,0,,-
Rootage,BLO§OM,0,,-,1031,LATIAS,大阪府,1629,FIXER,大阪府,2536,LV12,大阪府,0,,-
Rootage,Carmina,522,GROWTH,大阪府,1243,GROWTH,大阪府,2476,HAL,大阪府,3829,3PLE,大阪府,0,,-
Rootage,Carry Me Away,525,GROWTH,大阪府,1098,GROWTH,大阪府,1755,FIXER,大阪府,3157,KND.N,大阪府,0,,-
Rootage,Catch Our Fire!,0,,-,1261,AAAA,大阪府,2183,1UP,大阪府,3736,TAKA.S,大阪府,0,,-
Rootage,CODE:0,0,,-,1315,AAAA,大阪府,2082,FIXER,大阪府,2808,LV12,大阪府,3372,KND.N,大阪府
Rootage,CoMAAAAAAA,0,,-,1208,KAZUSA,大阪府,2036,FIXER,大阪府,2394,NOIK.K,大阪府,3820,KND.N,大阪府
Rootage,COSMIC CYBER,0,,-,995,UKYO*,大阪府,1646,FIXER,大阪府,2865,FRAPPE,大阪府,0,,-
Rootage,Cranberry City ft. Luschel,0,,-,844,GROWTH,大阪府,1578,FIXER,大阪府,2391,SHTOLA,大阪府,0,,-
Rootage,dAuntl3ss,0,,-,1025,UKYO*,大阪府,1996,HAL,大阪府,3475,LV12,大阪府,0,,-
Rootage,Dr. Chemical & Killing Machine,0,,-,1046,F-ZONE,大阪府,1846,FIXER,大阪府,3383,TAKA.S,大阪府,0,,-
Rootage,Drastic Dramatic,0,,-,1511,XYZ-D,大阪府,2331,RU-*,大阪府,3509,3PLE,大阪府,0,,-
Rootage,DRUNK MONKY,0,,-,991,FIXER,大阪府,1612,HAL,大阪府,2265,WAMDUS,大阪府,0,,-
Rootage,Ember Lights,0,,-,950,WTR,大阪府,1631,FIXER,大阪府,2706,KND.N,大阪府,3111,KND.N,大阪府
Rootage,EVANESCENT,0,,-,1215,LATIAS,大阪府,2267,UGEAND,大阪府,3564,LV12,大阪府,0,,-
Rootage,Garuda,0,,-,925,AAAA,大阪府,1606,FIXER,大阪府,2573,LV12,大阪府,0,,-
Rootage,Geirskögul,0,,-,988,AAAA,大阪府,1580,FIXER,大阪府,2189,UGEAND,大阪府,0,,-
Rootage,GENE,0,,-,1310,HAL,大阪府,1994,HAL,大阪府,4340,TAKA.S,大阪府,3518,KND.N,大阪府
Rootage,GIGA THRASH,0,,-,1205,YUKI86,大阪府,1805,FIXER,大阪府,2703,BRIBRI,大阪府,0,,-
Rootage,Glory,0,,-,708,AAAA,大阪府,1602,FIXER,大阪府,2328,KND.N,大阪府,0,,-
Rootage,GO OVER WITH GLARE -ROOTAGE 26-,0,,-,1052,GROWTH,大阪府,2098,FIXER,大阪府,3929,K-JET?,大阪府,0,,-
Rootage,HARD BRAIN,0,,-,1365,832LMN,大阪府,2057,HAL,大阪府,3793,3PLE,大阪府,0,,-
Rootage,HEISEI,342,SNWYAR,大阪府,1151,FIXER,大阪府,1892,KYO,大阪府,2560,LV12,大阪府,0,,-
Rootage,Hurry Hurry,0,,-,726,GERION,大阪府,1037,FIXER,大阪府,2080,CHINO,大阪府,0,,-
Rootage,IDC feat.REVERBEE (Mo'Cuts Ver),0,,-,1010,IIDX33,大阪府,1537,FIXER,大阪府,2175,KND.N,大阪府,0,,-
Rootage,IDOL syndrome.,0,,-,742,GROWTH,大阪府,1437,IIDX33,大阪府,2189,BRIBRI,大阪府,2995,KND.N,大阪府
Rootage,KILL EACH OTHER,0,,-,1393,FIXER,大阪府,2337,KAGUYA,大阪府,3855,3PLE,大阪府,0,,-
Rootage,L.F.O,0,,-,860,GROWTH,大阪府,1741,FIXER,大阪府,3331,TAKA.S,大阪府,0,,-
Rootage,LADYBIRD,0,,-,1055,IIDX33,大阪府,1634,FIXER,大阪府,2437,LV12,大阪府,0,,-
Rootage,Let me be your cure,0,,-,1126,GROWTH,大阪府,1422,FIXER,大阪府,2665,K-JET?,大阪府,0,,-
Rootage,Lethal Weapon,0,,-,1136,GROWTH,大阪府,1834,FIXER,大阪府,3207,3PLE,大阪府,0,,-
Rootage,Level One,0,,-,1200,GERION,大阪府,2276,WANDOG,大阪府,3500,PRN-SA,大阪府,0,,-
Rootage,Lift Us High,0,,-,947,LATIAS,大阪府,1598,FIXER,大阪府,2458,TAKA.S,大阪府,0,,-
Rootage,LOST TECHNOLOGIE,0,,-,1048,AAAA,大阪府,1842,U-KE,大阪府,3533,3PLE,大阪府,0,,-
Rootage,Macho Monky,0,,-,1377,YUKI86,大阪府,1996,FIXER,大阪府,2996,KND.N,大阪府,0,,-
Rootage,Necroxis Girl,0,,-,1119,YUKI86,大阪府,1867,FIXER,大阪府,2817,3PLE,大阪府,0,,-
Rootage,"Next Tales 2 Oath (IIDX 20th Anniv ""Ring"" Theme)",0,,-,876,LATIAS,大阪府,1642,FIXER,大阪府,2723,LV12,大阪府,0,,-
Rootage,Night! Night! Night!,0,,-,1138,LATIAS,大阪府,1809,MOGAMI,大阪府,3062,TAKA.S,大阪府,0,,-
Rootage,ONIGOROSHI,0,,-,1160,RU-*,大阪府,2055,FIXER,大阪府,3040,TAKA.S,大阪府,0,,-
Rootage,OVER TIME,0,,-,579,GROWTH,大阪府,953,GROWTH,大阪府,1556,NOIK.K,大阪府,2017,KND.N,大阪府
Rootage,Painful Fate,0,,-,1206,YUKI86,大阪府,2106,FIXER,大阪府,3358,K-JET?,大阪府,0,,-
Rootage,Playing With Fire,0,,-,983,K*NORI,大阪府,1644,FIXER,大阪府,2365,TAKA.S,大阪府,0,,-
Rootage,Psycho Sheep Riddim,0,,-,589,JOY,大阪府,1003,FIXER,大阪府,1647,X-FILE,大阪府,2250,LV12,大阪府
Rootage,Red. by Jack Trance,0,,-,1466,KYO,大阪府,2135,TSUKKI,大阪府,3539,3PLE,大阪府,0,,-
Rootage,REPLAY,0,,-,896,ALT.I,大阪府,1605,KRAST,大阪府,2260,35P,大阪府,0,,-
Rootage,ROCK女 feat. 大山愛未， Ken,0,,-,1062,BAOL,大阪府,1727,HNORIN,大阪府,2724,PRN-SA,大阪府,0,,-
Rootage,ruin of opals,0,,-,896,R.S,大阪府,1840,FRAPPE,大阪府,3068,RURUKA,大阪府,0,,-
Rootage,R∞tAge,535,GROWTH,大阪府,1037,S.SGR,大阪府,1667,FIXER,大阪府,2956,LV12,大阪府,0,,-
Rootage,SPEED ROCKER,0,,-,876,LATIAS,大阪府,1694,FIXER,大阪府,2262,WAMDUS,大阪府,0,,-
Rootage,Technicolour Dreams,0,,-,890,AAAA,大阪府,1406,FIXER,大阪府,2386,LEVI,大阪府,0,,-
Rootage,The Best of Both Worlds,0,,-,592,GROWTH,大阪府,1425,HAL,大阪府,2230,PRN-SA,大阪府,0,,-
Rootage,THE DAY OF JUBILATIONS,0,,-,1386,YUKKE,大阪府,2315,U-KE,大阪府,3463,3PLE,大阪府,0,,-
Rootage,The Rebellion of Sequencer,0,,-,1115,*Y8K*,大阪府,1929,FIXER,大阪府,3123,K-JET?,大阪府,0,,-
Rootage,toy boxer,0,,-,754,C*M13,大阪府,1403,AAAAAA,大阪府,2235,TAKA.S,大阪府,0,,-
Rootage,ToyCube Pf.(RX-Ver.S.P.L.),0,,-,694,UKYO*,大阪府,1527,PISCES,大阪府,2283,K-JET?,大阪府,0,,-
Rootage,Trill auf G,0,,-,1138,BAOL,大阪府,2006,GERION,大阪府,3278,TAKA.S,大阪府,0,,-
Rootage,Twilight Warp,0,,-,943,GROWTH,大阪府,1430,PISCES,大阪府,2124,5MANDA,大阪府,0,,-
Rootage,Unbelief,0,,-,1025,AAAA,大阪府,1935,FIXER,大阪府,3243,3PLE,大阪府,0,,-
Rootage,UNDERWORLD HOLOGRAPHY,0,,-,1104,AAAA,大阪府,2027,FIXER,大阪府,3263,3PLE,大阪府,0,,-
Rootage,Urban Constellations,0,,-,680,UKYO*,大阪府,1444,FIXER,大阪府,2300,TAKA.S,大阪府,3388,3PLE,大阪府
Rootage,Visterhv,0,,-,1257,INANNA,大阪府,2261,HAL,大阪府,3720,3PLE,大阪府,0,,-
Rootage,voltississimo,0,,-,1155,YUKI86,大阪府,2192,BRIBRI,大阪府,3633,LV12,大阪府,0,,-
Rootage,Wing of Hearts,0,,-,1079,LATIAS,大阪府,1782,FIXER,大阪府,2925,LV12,大阪府,0,,-
Rootage,Wolf 1061,0,,-,981,NANOHA,大阪府,1693,FIXER,大阪府,3128,3PLE,大阪府,0,,-
Rootage,Wonderland,0,,-,1025,IIDX33,大阪府,1823,FIXER,大阪府,2768,TAKA.S,大阪府,0,,-
Rootage,X-DEN,0,,-,1648,FIXER,大阪府,2744,LV12,大阪府,4146,K-JET?,大阪府,0,,-
Rootage,XENON II ～TOMOYUKIの野望～,0,,-,1134,YUKI86,大阪府,1713,S1Q,大阪府,3005,3PLE,大阪府,0,,-
Rootage,Xlo,0,,-,1420,LATIAS,大阪府,2414,PISCES,大阪府,3798,3PLE,大阪府,0,,-
Rootage,Yum Yum Jelly,0,,-,753,MANA,大阪府,1564,FIXER,大阪府,2392,TAKA.S,大阪府,0,,-
Rootage,ZENDEGI DANCE,0,,-,1120,THAW,大阪府,1798,FIXER,大阪府,2758,K-JET?,大阪府,0,,-
Rootage,おーまい！らぶりー！すうぃーてぃ！だーりん！,0,,-,1095,GROWTH,大阪府,1908,FIXER,大阪府,2911,LV12,大阪府,0,,-
Rootage,お菓子の王国,0,,-,1416,SAYUKI,大阪府,2209,ALDIA,大阪府,4122,TAKA.S,大阪府,0,,-
Rootage,グラナダの風,0,,-,749,AAAA,大阪府,1186,MSY-8,大阪府,1842,WANDOG,大阪府,0,,-
Rootage,セカンドピアス,0,,-,599,GROWTH,大阪府,1085,GROWTH,大阪府,2009,NAMA-3,大阪府,0,,-
Rootage,ハードベース・フェスタ,0,,-,1104,YUKI86,大阪府,1802,FIXER,大阪府,2830,LEVI,大阪府,0,,-
Rootage,ミストレス・アンに花束を,0,,-,560,DJ886,大阪府,1002,FIXER,大阪府,1422,NOIK.K,大阪府,0,,-
Rootage,ミッドナイト☆WAR,0,,-,816,GROWTH,大阪府,1570,FIXER,大阪府,2493,LV12,大阪府,0,,-
Rootage,夏の匂い。キミの残像。 ft. Kanae Asaba,0,,-,685,GROWTH,大阪府,1534,FIXER,大阪府,2551,NAMA-3,大阪府,0,,-
Rootage,抱きしめてモナムール,0,,-,1243,BROWN,大阪府,2237,FIXER,大阪府,4155,3PLE,大阪府,0,,-
Rootage,最小三倍完全数,0,,-,886,LATIAS,大阪府,1739,S1Q,大阪府,2512,ALNIO,大阪府,0,,-
Rootage,泰東ノ翠霞,0,,-,463,DJ886,大阪府,748,MSY-8,大阪府,1790,PRN-SA,大阪府,0,,-
Rootage,深愛のリグレット,0,,-,785,GROWTH,大阪府,1193,FIXER,大阪府,2379,*RK*,大阪府,0,,-
Rootage,爆ゼニ☆がってんワーカー,0,,-,1227,GROWTH,大阪府,1852,FIXER,大阪府,2725,LV12,大阪府,0,,-
Rootage,花冠 feat.Aikapin,0,,-,973,YUKI86,大阪府,1674,FIXER,大阪府,2606,LV12,大阪府,0,,-
Rootage,金野火織の金色提言,0,,-,1228,IIDX33,大阪府,2202,1UP,大阪府,3116,3PLE,大阪府,0,,-
Rootage,龍王の霊廟(Mausoleum Of The Primal Dragon),0,,-,1102,LATIAS,大阪府,2348,HAL,大阪府,3190,LV12,大阪府,3976,LV12,大阪府
HEROIC VERSE,27th style,0,,-,1135,GROWTH,大阪府,1758,WWW.M,大阪府,2544,KND.N,大阪府,3291,KND.N,大阪府
HEROIC VERSE,Advent Infamous,0,,-,967,AAAA,大阪府,1637,FIXER,大阪府,2866,KND.N,大阪府,0,,-
HEROIC VERSE,AKASHIC BREAK,0,,-,1219,LATIAS,大阪府,2329,FIXER,大阪府,3611,TAKA.S,大阪府,0,,-
HEROIC VERSE,And-RoiD,0,,-,726,GROWTH,大阪府,1300,K*NORI,大阪府,2005,LV12,大阪府,0,,-
HEROIC VERSE,Artist,0,,-,1271,FIXER,大阪府,2250,MARIE*,大阪府,3621,3PLE,大阪府,0,,-
HEROIC VERSE,Backyard Stars,0,,-,1001,IIDX33,大阪府,1607,PANJAB,大阪府,2232,K-JET?,大阪府,0,,-
HEROIC VERSE,BEAT PRISONER,0,,-,1167,AAAA,大阪府,2116,HAL,大阪府,3641,3PLE,大阪府,0,,-
HEROIC VERSE,beatAffection,0,,-,1027,GROWTH,大阪府,1573,HAL,大阪府,2662,LV12,大阪府,0,,-
HEROIC VERSE,Beautiful Harmony (IIDX Mix),0,,-,873,ILZAX,大阪府,1700,HAL,大阪府,2462,KND.N,大阪府,0,,-
HEROIC VERSE,Bow shock!!,0,,-,804,GROWTH,大阪府,1938,KYO,大阪府,3112,TAKA.S,大阪府,4294,3PLE,大阪府
HEROIC VERSE,Calvados Queen,0,,-,962,GROWTH,大阪府,1476,ALTUVE,大阪府,2434,RIN!!,大阪府,0,,-
HEROIC VERSE,Change Yourself,0,,-,902,AAAA,大阪府,1714,FIXER,大阪府,2529,KND.N,大阪府,0,,-
HEROIC VERSE,Crank It,0,,-,773,LATIAS,大阪府,1438,MOCO,大阪府,2444,3PLE,大阪府,0,,-
HEROIC VERSE,Dans la nuit de l'eternite,0,,-,1343,IIDX33,大阪府,2110,FIXER,大阪府,3477,K-JET?,大阪府,0,,-
HEROIC VERSE,Do What You Want,0,,-,677,AAAA,大阪府,1270,GERION,大阪府,2007,LEVI,大阪府,0,,-
HEROIC VERSE,Double Dribble,0,,-,1264,FIXER,大阪府,1939,FIXER,大阪府,3312,K-JET?,大阪府,0,,-
HEROIC VERSE,EROICA,0,,-,1382,PISCES,大阪府,2304,NYA...,大阪府,3960,K-JET?,大阪府,0,,-
HEROIC VERSE,Everlasting Message,0,,-,1206,FIXER,大阪府,2186,AKANE,大阪府,3822,TAKA.S,大阪府,0,,-
HEROIC VERSE,fairy cocktail,0,,-,446,DJ886,大阪府,1079,PISCES,大阪府,1622,SLAYER,大阪府,0,,-
HEROIC VERSE,Fly Above (Vicissitude Remix),0,,-,858,GROWTH,大阪府,1517,FIXER,大阪府,2389,TAKA.S,大阪府,0,,-
HEROIC VERSE,Forgetting Machine,0,,-,704,EDEN,大阪府,1234,FIXER,大阪府,1710,KND.N,大阪府,0,,-
HEROIC VERSE,Friction[!]Function,0,,-,1074,IIDX33,大阪府,1742,FIXER,大阪府,3159,KND.N,大阪府,0,,-
HEROIC VERSE,GHOST,0,,-,776,PISCES,大阪府,1484,FIXER,大阪府,2710,LEVI,大阪府,0,,-
HEROIC VERSE,GIGA VIOLATE,0,,-,1101,PISCES,大阪府,1616,FIXER,大阪府,2732,LV12,大阪府,0,,-
HEROIC VERSE,Hold My Hand,0,,-,903,AAAA,大阪府,1671,FIXER,大阪府,2468,LV12,大阪府,0,,-
HEROIC VERSE,Hyper Drive feat. ぷにぷに電機,0,,-,657,GROWTH,大阪府,1477,P,大阪府,1975,DEBU-O,大阪府,0,,-
HEROIC VERSE,If,0,,-,735,AAAA,大阪府,1296,FIXER,大阪府,1890,LV12,大阪府,0,,-
HEROIC VERSE,Inferno of Fomalhaut,0,,-,999,PISCES,大阪府,1802,FIXER,大阪府,3161,K-JET?,大阪府,0,,-
HEROIC VERSE,Infinity Mirror,0,,-,815,GROWTH,大阪府,1379,FIXER,大阪府,2314,TAKA.S,大阪府,0,,-
HEROIC VERSE,Into The Madness,0,,-,929,SARARA,大阪府,1587,FIXER,大阪府,2505,LV12,大阪府,0,,-
HEROIC VERSE,LASER CRUSTER (IGNITE REMIX),0,,-,763,INV1TE,大阪府,1729,FIXER,大阪府,3525,3PLE,大阪府,0,,-
HEROIC VERSE,Level 2,0,,-,830,*TOKI*,大阪府,1716,LV12,大阪府,2868,KND.N,大阪府,0,,-
HEROIC VERSE,LIGHTNING STRIKES,460,GROWTH,大阪府,909,GROWTH,大阪府,1702,HAL,大阪府,3263,TAKA.S,大阪府,4195,TAKA.S,大阪府
HEROIC VERSE,Like+it!,0,,-,990,F-ZONE,大阪府,1718,FIXER,大阪府,2356,KND.N,大阪府,0,,-
HEROIC VERSE,Lords Of The Roundtable,0,,-,1031,GERION,大阪府,1789,SSD,大阪府,3054,*RK*,大阪府,0,,-
HEROIC VERSE,Lost Souls,0,,-,699,LATIAS,大阪府,1637,FIXER,大阪府,2437,BRIBRI,大阪府,3966,3PLE,大阪府
HEROIC VERSE,Matt Silver,0,,-,1134,IIDX33,大阪府,2106,FIXER,大阪府,3355,3PLE,大阪府,0,,-
HEROIC VERSE,Megalara Garuda,0,,-,1488,FIXER,大阪府,1912,G-DEN,大阪府,3028,LV12,大阪府,0,,-
HEROIC VERSE,Mel,0,,-,781,GROWTH,大阪府,1510,FIXER,大阪府,2163,LV12,大阪府,2720,KND.N,大阪府
HEROIC VERSE,Moving on,0,,-,1005,THAW,大阪府,1895,GERION,大阪府,2973,KND.N,大阪府,0,,-
HEROIC VERSE,Nasty Techniques,0,,-,969,U-KE,大阪府,1676,FIXER,大阪府,2638,TAKA.S,大阪府,0,,-
HEROIC VERSE,NEWALONE,0,,-,588,PISCES,大阪府,1270,IIDX33,大阪府,2000,BRIBRI,大阪府,0,,-
HEROIC VERSE,ORCA,0,,-,1272,IIDX33,大阪府,2281,RTXON?,大阪府,3490,TAKA.S,大阪府,0,,-
HEROIC VERSE,OUTER PLANETS,0,,-,639,UKYO*,大阪府,1281,YUKI!,大阪府,2132,KARTE,大阪府,0,,-
HEROIC VERSE,Override,0,,-,913,LATIAS,大阪府,1622,HAL,大阪府,2882,NOIK.K,大阪府,4323,3PLE,大阪府
HEROIC VERSE,PHASE SHIFT MANEUVER,0,,-,1160,M4I,大阪府,1691,FIXER,大阪府,2825,BRIBRI,大阪府,0,,-
HEROIC VERSE,Primitive Vibes,585,GROWTH,大阪府,1029,AMANEI,大阪府,1969,FIXER,大阪府,3077,LV12,大阪府,0,,-
HEROIC VERSE,Queen Kaguya,0,,-,948,PISCES,大阪府,1851,FIXER,大阪府,2642,3PLE,大阪府,0,,-
HEROIC VERSE,Rainstorm,0,,-,921,AAAA,大阪府,1540,FIXER,大阪府,2273,TAKA.S,大阪府,0,,-
HEROIC VERSE,Rave Patroller,0,,-,1329,YUKI86,大阪府,2350,HAL,大阪府,3393,TAKA.S,大阪府,0,,-
HEROIC VERSE,rough percussionythm,0,,-,978,LATIAS,大阪府,1653,FIXER,大阪府,2507,KND.N,大阪府,0,,-
HEROIC VERSE,S!ck (Nhato Remix),0,,-,962,YUKI86,大阪府,1596,FIXER,大阪府,2531,3PLE,大阪府,0,,-
HEROIC VERSE,SCREW // owo // SCREW,0,,-,1089,YUKI86,大阪府,2107,FIXER,大阪府,2995,LV12,大阪府,0,,-
HEROIC VERSE,Shiva,0,,-,694,AAAA,大阪府,1459,FIXER,大阪府,2133,KND.N,大阪府,0,,-
HEROIC VERSE,Silly Love,255,GROWTH,大阪府,760,UROPEN,大阪府,1320,KAKERU,大阪府,2083,LV12,大阪府,0,,-
HEROIC VERSE,Ska-sh All Neurons!!,0,,-,940,AAAA,大阪府,1431,GROWTH,大阪府,2325,3PLE,大阪府,0,,-
HEROIC VERSE,Smashing Wedge,0,,-,921,AAAA,大阪府,2106,FIXER,大阪府,3844,TAKA.S,大阪府,0,,-
HEROIC VERSE,Sparkle Smilin',0,,-,903,GROWTH,大阪府,1469,FIXER,大阪府,2448,4423,大阪府,0,,-
HEROIC VERSE,STOIC HYPOTHESIS,0,,-,1068,LATIAS,大阪府,1762,K3-VE,大阪府,2817,K-JET?,大阪府,0,,-
HEROIC VERSE,Sugar Drippin',0,,-,724,LATIAS,大阪府,1345,GERION,大阪府,2074,NOIK.K,大阪府,0,,-
HEROIC VERSE,T-REX vs Velociraptor (In the Far east euphoria),0,,-,1387,PISCES,大阪府,1814,FIXER,大阪府,3225,K-JET?,大阪府,0,,-
HEROIC VERSE,take me higher,0,,-,804,PISCES,大阪府,1277,FIXER,大阪府,2001,KND.N,大阪府,0,,-
HEROIC VERSE,TECHNO Style Essentials,0,,-,983,LATIAS,大阪府,1572,FIXER,大阪府,2853,KND.N,大阪府,0,,-
HEROIC VERSE,THE BRAVE MUST DIE,0,,-,1334,YUKI86,大阪府,2373,RTXON?,大阪府,4122,TAKA.S,大阪府,0,,-
HEROIC VERSE,THE F∀UST,0,,-,1338,PISCES,大阪府,2187,RTXON?,大阪府,3624,TAKA.S,大阪府,0,,-
HEROIC VERSE,The Sky of Sadness,0,,-,837,AAAA,大阪府,1451,K*NORI,大阪府,2382,35P,大阪府,0,,-
HEROIC VERSE,Theory,0,,-,765,AAAA,大阪府,1430,FIXER,大阪府,2572,KND.N,大阪府,0,,-
HEROIC VERSE,TRIUMPH,0,,-,916,REGLOS,大阪府,1972,FIXER,大阪府,3391,TAKA.S,大阪府,0,,-
HEROIC VERSE,UNITE THE HEART,0,,-,1469,OTACON,大阪府,2535,MOGAMI,大阪府,3283,SHTOLA,大阪府,0,,-
HEROIC VERSE,VALKYRIAS -英雄誕生-,451,GROWTH,大阪府,1030,GROWTH,大阪府,1704,FIXER,大阪府,2743,CHINO,大阪府,0,,-
HEROIC VERSE,VIBRΛ,0,,-,893,ALT.I,大阪府,1314,FIXER,大阪府,1848,3PLE,大阪府,0,,-
HEROIC VERSE,Vinculum stellarum,0,,-,914,GROWTH,大阪府,2279,G-DEN,大阪府,3671,K-JET?,大阪府,0,,-
HEROIC VERSE,Virus Funk,0,,-,709,JBIRD,大阪府,1501,PISCES,大阪府,2205,HAL,大阪府,0,,-
HEROIC VERSE,Volcanic Dragon,0,,-,985,BJG,大阪府,1777,FIXER,大阪府,2948,LEVI,大阪府,0,,-
HEROIC VERSE,Voo Doo Bamboleo,0,,-,842,LATIAS,大阪府,1443,ALTUVE,大阪府,2477,BRIBRI,大阪府,0,,-
HEROIC VERSE,Ypsilon,0,,-,1002,KANI2,大阪府,1794,FIXER,大阪府,2890,PRN-SA,大阪府,3526,Q-Q.,大阪府
HEROIC VERSE,がっつり陰キャ!? 怪盗いいんちょの億劫^^;,0,,-,1541,SAYUKI,大阪府,2621,6KAKU,大阪府,4291,3PLE,大阪府,0,,-
HEROIC VERSE,シャムシールの舞,0,,-,819,KAKERU,大阪府,1497,FIXER,大阪府,2559,LV12,大阪府,0,,-
HEROIC VERSE,セピアの軌跡 ft. 天宮みや(少女フラクタル),373,GROWTH,大阪府,791,GROWTH,大阪府,1418,IIDX33,大阪府,2367,LEVI,大阪府,0,,-
HEROIC VERSE,バッドエンド・シンドローム,0,,-,1048,GROWTH,大阪府,1769,HAL,大阪府,2962,ALNIO,大阪府,0,,-
HEROIC VERSE,ピアノ協奏曲第1番”蠍火” (BlackY Remix),0,,-,1019,PISCES,大阪府,2080,FIXER,大阪府,3742,TAKA.S,大阪府,0,,-
HEROIC VERSE,ラブキラ☆スプラッシュ,0,,-,1089,GROWTH,大阪府,1622,FIXER,大阪府,2504,CHINO,大阪府,0,,-
HEROIC VERSE,ランカーキラーガール,0,,-,1096,REGLOS,大阪府,1866,FIXER,大阪府,2916,K-JET?,大阪府,0,,-
HEROIC VERSE,曼荼羅恋々,0,,-,1096,GROWTH,大阪府,1729,FIXER,大阪府,2746,K-JET?,大阪府,0,,-
HEROIC VERSE,深淵に捧ぐレクイエム,0,,-,829,LATIAS,大阪府,1608,FIXER,大阪府,3040,TAKA.S,大阪府,0,,-
HEROIC VERSE,灼熱Beach Side Bunny (Masayoshi Iimori Remix),0,,-,630,AAAA,大阪府,1135,FIXER,大阪府,1811,TSUKKI,大阪府,0,,-
HEROIC VERSE,狂水一華,0,,-,954,LATIAS,大阪府,1724,FIXER,大阪府,2690,LV12,大阪府,0,,-
HEROIC VERSE,眠りの国のステラ,0,,-,1156,GROWTH,大阪府,1840,FIXER,大阪府,2722,LV12,大阪府,0,,-
HEROIC VERSE,華麗なる大犬円舞曲,0,,-,1231,M4I,大阪府,1983,RTXON?,大阪府,3556,3PLE,大阪府,0,,-
HEROIC VERSE,錬成人間トリコロイダー,0,,-,1010,F-ZONE,大阪府,1792,FIXER,大阪府,3205,TAKA.S,大阪府,0,,-
HEROIC VERSE,開きたまえ！Next stAge！,0,,-,1102,GROWTH,大阪府,1669,FIXER,大阪府,2889,LV12,大阪府,0,,-
HEROIC VERSE,魅惑のYUMMYスイーツ,0,,-,863,LATIAS,大阪府,1779,HAL,大阪府,3104,TAKA.S,大阪府,0,,-
BISTROVER,-65℃,0,,-,1353,K*NORI,大阪府,2156,FIXER,大阪府,3759,3PLE,大阪府,0,,-
BISTROVER,ABSOLUTE (kors k Remix),0,,-,932,GROWTH,大阪府,1509,FIXER,大阪府,2641,TAKA.S,大阪府,0,,-
BISTROVER,Ah Hah Yeah,0,,-,707,WANDOG,大阪府,1297,FIXER,大阪府,2141,LV12,大阪府,0,,-
BISTROVER,AMRITA -不滅ノ花-,0,,-,882,GERION,大阪府,1615,FIXER,大阪府,2749,Q-Q.,大阪府,0,,-
BISTROVER,apo:llioth,0,,-,1211,KRAST,大阪府,2047,FIXER,大阪府,2966,TAKA.S,大阪府,0,,-
BISTROVER,As You Want,0,,-,832,GROWTH,大阪府,1442,FIXER,大阪府,2417,LEVI,大阪府,0,,-
BISTROVER,ASIAN VIRTUAL REALITIES (MELTING TOGETHER IN DAZZLING DARKNESS),0,,-,1027,IIDX33,大阪府,1851,FIXER,大阪府,3290,LV12,大阪府,0,,-
BISTROVER,BEMANI PRO LEAGUE Theme,0,,-,743,S.SGR,大阪府,1322,LCB,大阪府,1971,LV12,大阪府,0,,-
BISTROVER,BIGソムタム,563,GROWTH,大阪府,1245,PISCES,大阪府,1879,FIXER,大阪府,3358,TAKA.S,大阪府,0,,-
BISTROVER,BLACK or WHITE?,628,GROWTH,大阪府,1262,AAAA,大阪府,2435,FIXER,大阪府,3974,3PLE,大阪府,0,,-
BISTROVER,Burning Flame,0,,-,1153,GROWTH,大阪府,1839,FIXER,大阪府,2916,TAKA.S,大阪府,3802,TAKA.S,大阪府
BISTROVER,Chewingood!!!,297,GROWTH,大阪府,857,GROWTH,大阪府,1473,MSY-8,大阪府,2629,TAKA.S,大阪府,0,,-
BISTROVER,COSMIC RAY,0,,-,1285,FIXER,大阪府,2089,S1Q,大阪府,2916,K-JET?,大阪府,0,,-
BISTROVER,Crazy Jackpot,0,,-,966,GERION,大阪府,1673,FIXER,大阪府,2828,LV12,大阪府,0,,-
BISTROVER,Danza Aestas,0,,-,938,AAAA,大阪府,1749,FIXER,大阪府,2969,LV12,大阪府,0,,-
BISTROVER,Dawn Saga,0,,-,899,AAAA,大阪府,1613,FIXER,大阪府,2689,KND.N,大阪府,0,,-
BISTROVER,DENIM,0,,-,581,KYRIE,大阪府,1284,FIXER,大阪府,1712,WAMDUS,大阪府,0,,-
BISTROVER,Don't Stop The Music feat. Kanae Asaba,0,,-,643,DJ886,大阪府,1298,PISCES,大阪府,1856,WAMDUS,大阪府,0,,-
BISTROVER,DUAL STRIKER,0,,-,1189,GROWTH,大阪府,2487,KND.N,大阪府,3886,TAKA.S,大阪府,0,,-
BISTROVER,Empire of Fury,0,,-,1341,PISCES,大阪府,2091,NA23N.,大阪府,3315,K-JET?,大阪府,0,,-
BISTROVER,Euphoric Lagoon,0,,-,843,LATIAS,大阪府,1615,HAL,大阪府,2595,LV12,大阪府,0,,-
BISTROVER,Explorer feat. ぷにぷに電機,0,,-,752,GROWTH,大阪府,1283,OTACON,大阪府,2144,LV12,大阪府,2893,LV12,大阪府
BISTROVER,Farewell to Marrakech,0,,-,826,AAAA,大阪府,1420,FIXER,大阪府,2213,LV12,大阪府,0,,-
BISTROVER,Fire Beat,0,,-,1073,YUKI86,大阪府,1684,MSY-8,大阪府,2722,KND.N,大阪府,0,,-
BISTROVER,Frisk And Squeak,0,,-,786,AAAA,大阪府,1569,FIXER,大阪府,2371,LV12,大阪府,0,,-
BISTROVER,GIGA RAID,0,,-,897,AAAA,大阪府,1860,FIXER,大阪府,2423,KND.N,大阪府,0,,-
BISTROVER,Globe Glitter,0,,-,997,AAAA,大阪府,1628,OTACON,大阪府,2661,BRIBRI,大阪府,0,,-
BISTROVER,Here We Are,384,YUKKE,大阪府,1090,TAKA.S,大阪府,1678,FIXER,大阪府,2481,PRN-SA,大阪府,0,,-
BISTROVER,HIGH VOLTAGE,0,,-,808,LATIAS,大阪府,1414,GERION,大阪府,2239,Y,大阪府,0,,-
BISTROVER,Ignis†Irae,0,,-,1091,FIXER,大阪府,2224,TOUKA.,大阪府,3750,TAKA.S,大阪府,0,,-
BISTROVER,IIDX RED Ending (Ryu☆Remix),0,,-,629,KA.K,大阪府,1180,GERION,大阪府,1856,HAL,大阪府,0,,-
BISTROVER,innocent revolver,0,,-,1084,LATIAS,大阪府,2284,FRAPPE,大阪府,3834,3PLE,大阪府,0,,-
BISTROVER,Jungle Eater,0,,-,975,AAAA,大阪府,1804,FIXER,大阪府,2976,K-JET?,大阪府,0,,-
BISTROVER,LAST DAY,0,,-,1083,LATIAS,大阪府,1730,FIXER,大阪府,3048,LV12,大阪府,0,,-
BISTROVER,Level 3,0,,-,1159,GERION,大阪府,2265,*RK*,大阪府,3484,HAL,大阪府,0,,-
BISTROVER,LOCUS OF THE TRAVEL,0,,-,1089,LATIAS,大阪府,2368,1UP,大阪府,3684,TAKA.S,大阪府,0,,-
BISTROVER,Lovely Howdy Cowboy!!,0,,-,1049,LATIAS,大阪府,1835,FIXER,大阪府,2749,LEVI,大阪府,0,,-
BISTROVER,MA・TSU・RI,0,,-,1093,GROWTH,大阪府,1807,FIXER,大阪府,2568,*RK*,大阪府,0,,-
BISTROVER,MEGAERA,0,,-,1416,FIXER,大阪府,2075,2YA.06,大阪府,3517,TAKA.S,大阪府,0,,-
BISTROVER,Midnight Drive,0,,-,556,YUKKE,大阪府,1307,FIXER,大阪府,1975,NYA...,大阪府,0,,-
BISTROVER,MOVE! (We Keep It Movin'),0,,-,740,GERION,大阪府,1352,FIXER,大阪府,2192,*RK*,大阪府,0,,-
BISTROVER,Neo Heritage,0,,-,928,G,大阪府,1662,FIXER,大阪府,2855,*RK*,大阪府,0,,-
BISTROVER,Ocean Blue feat. Luschel,0,,-,839,GROWTH,大阪府,1446,FIXER,大阪府,2463,LV12,大阪府,0,,-
BISTROVER,of the first magnitude,0,,-,1006,GERION,大阪府,1919,FIXER,大阪府,2960,PRN-SA,大阪府,0,,-
BISTROVER,OTOKOZAKA,0,,-,1005,EDEN,大阪府,1892,FIXER,大阪府,2916,LV12,大阪府,0,,-
BISTROVER,Overslept,0,,-,1110,HARA,大阪府,1729,FIXER,大阪府,2565,3PLE,大阪府,0,,-
BISTROVER,Para siempre,0,,-,870,AAAA,大阪府,1536,FIXER,大阪府,2899,3PLE,大阪府,0,,-
BISTROVER,Parvati,0,,-,979,LATIAS,大阪府,1787,FIXER,大阪府,2784,CHINO,大阪府,0,,-
BISTROVER,POLKAMANIA,400,YUKKE,大阪府,959,GROWTH,大阪府,1838,FIXER,大阪府,2886,KND.N,大阪府,3756,TAKA.S,大阪府
BISTROVER,Rejection Girl,0,,-,950,EDEN,大阪府,1647,RENAI,大阪府,2660,KND.N,大阪府,0,,-
BISTROVER,Ritual of Anubis,0,,-,1085,OVAN,大阪府,1785,FIXER,大阪府,2793,35P,大阪府,0,,-
BISTROVER,Romanticが止まらない,388,GROWTH,大阪府,914,AAAA,大阪府,1668,FIXER,大阪府,2731,PRN-SA,大阪府,0,,-
BISTROVER,rommmo,0,,-,1104,OVAN,大阪府,1799,FIXER,大阪府,3452,TAKA.S,大阪府,0,,-
BISTROVER,Rosa azuL,0,,-,876,FLORE,大阪府,1784,FIXER,大阪府,2717,FRAPPE,大阪府,0,,-
BISTROVER,Rowdy,0,,-,984,AAAA,大阪府,1574,HP.O,大阪府,2490,LV12,大阪府,0,,-
BISTROVER,Rubrum Piano,0,,-,896,AAAA,大阪府,1671,FIXER,大阪府,2454,LV12,大阪府,0,,-
BISTROVER,S-Bahn,0,,-,938,LATIAS,大阪府,1551,PISCES,大阪府,2160,HAL,大阪府,0,,-
BISTROVER,Sinus Iridum,0,,-,1203,FIXER,大阪府,2078,TAMA5.,大阪府,3332,TAKA.S,大阪府,0,,-
BISTROVER,smooooch・∀・ (Snail's House Remix),0,,-,840,AAAA,大阪府,1529,ALTUVE,大阪府,2316,NAMA-3,大阪府,0,,-
BISTROVER,SOLID STATE SQUAD -RISEN RELIC REMIX-,0,,-,1226,YUBEL,大阪府,2325,HAL,大阪府,3227,Q-Q.,大阪府,0,,-
BISTROVER,Sugarplum,0,,-,877,INANNA,大阪府,1850,ERA.,大阪府,2520,TAKA.S,大阪府,0,,-
BISTROVER,Swarm Of Scarabs,0,,-,1031,INANNA,大阪府,1541,FIXER,大阪府,2370,WANDOG,大阪府,0,,-
BISTROVER,Tell me what you wish feat.らっぷびと,0,,-,1126,GROWTH,大阪府,1620,FIXER,大阪府,2853,TAKA.S,大阪府,0,,-
BISTROVER,That Feeling,0,,-,692,AAAA,大阪府,1199,FIXER,大阪府,1907,*RK*,大阪府,0,,-
BISTROVER,THE PEERLESS UNDER HEAVEN,0,,-,1121,MSY-8,大阪府,2030,Y,大阪府,3385,PRN-SA,大阪府,0,,-
BISTROVER,The Wind of China Express(The 4th Mashup),0,,-,993,HOMA4.,大阪府,1681,6KAKU,大阪府,2563,HAL,大阪府,0,,-
BISTROVER,Tiempo Loco,0,,-,1058,GROWTH,大阪府,2035,HAL,大阪府,3738,TAKA.S,大阪府,0,,-
BISTROVER,Viridian,0,,-,1018,AAAA,大阪府,1963,FIXER,大阪府,3370,TAKA.S,大阪府,0,,-
BISTROVER,Vitrum,0,,-,1054,LATIAS,大阪府,1706,FIXER,大阪府,3539,LV12,大阪府,0,,-
BISTROVER,WAKE UP NOW,0,,-,878,DJ886,大阪府,1441,RENAI,大阪府,2003,HAL,大阪府,2477,KND.N,大阪府
BISTROVER,When I Met U,0,,-,868,GERION,大阪府,1315,FIXER,大阪府,2051,PRN-SA,大阪府,0,,-
BISTROVER,Winner's Proof ft. KANASA from bless4,271,GROWTH,大阪府,712,3300X3,大阪府,1349,MOGAMI,大阪府,2205,*RK*,大阪府,0,,-
BISTROVER,X-ray binary,0,,-,953,LATIAS,大阪府,1890,FIXER,大阪府,2799,LV12,大阪府,0,,-
BISTROVER,Zenith,0,,-,799,LATIAS,大阪府,1398,OTACON,大阪府,2141,K-JET?,大阪府,0,,-
BISTROVER,∀,570,YUKKE,大阪府,1278,MANA,大阪府,2185,148,大阪府,3547,3PLE,大阪府,0,,-
BISTROVER,ここからよろしく大作戦143,266,LV12,大阪府,956,GROWTH,大阪府,1783,HAL,大阪府,2515,LV12,大阪府,3188,TAKA.S,大阪府
BISTROVER,スーパー戦湯ババンバーン,0,,-,1219,GERION,大阪府,2071,FIXER,大阪府,3375,KND.N,大阪府,0,,-
BISTROVER,ディスコルディア,0,,-,1328,SAYUKI,大阪府,2298,TEAL,大阪府,3938,3PLE,大阪府,0,,-
BISTROVER,バッド・スイーツ、バッド・ドリーム,0,,-,989,MSY-8,大阪府,1821,FIXER,大阪府,3603,TAKA.S,大阪府,0,,-
BISTROVER,世界の果てに約束の凱歌を -ReUnion-,0,,-,1112,SNWYAR,大阪府,1876,FIXER,大阪府,3912,3PLE,大阪府,0,,-
BISTROVER,乱膳の舞姫,0,,-,1024,AAAA,大阪府,1798,FIXER,大阪府,2705,LV12,大阪府,0,,-
BISTROVER,二人ノ廃城幽踊宴,0,,-,1185,IIDX33,大阪府,2230,NERIYO,大阪府,3525,K-JET?,大阪府,0,,-
BISTROVER,伐折羅-vajra-,0,,-,1132,GROWTH,大阪府,2125,HAL,大阪府,3701,TAKA.S,大阪府,0,,-
BISTROVER,儚き恋の華,0,,-,1057,GROWTH,大阪府,1858,RENAI,大阪府,2997,KND.N,大阪府,0,,-
BISTROVER,新宝島,502,KA.K,大阪府,764,GROWTH,大阪府,1391,FIXER,大阪府,2354,TAKA.S,大阪府,3548,TAKA.S,大阪府
BISTROVER,水無月の雫 ft. 小林まな,0,,-,1193,HIRO,大阪府,1787,MOGAMI,大阪府,2600,KND.N,大阪府,0,,-
BISTROVER,水鏡の異界,0,,-,888,GROWTH,大阪府,1688,KYRIE,大阪府,3222,TAKA.S,大阪府,0,,-
BISTROVER,涙のテ・エストラーニョ・ムーチョ,0,,-,1368,FIXER,大阪府,1984,FIXER,大阪府,2812,LV12,大阪府,0,,-
BISTROVER,無意識のフィロソフィア,0,,-,1089,ILZAX,大阪府,2231,FIXER,大阪府,3297,NOIK.K,大阪府,0,,-
BISTROVER,犬に雨傘,0,,-,922,GROWTH,大阪府,1412,MANA,大阪府,2107,LV12,大阪府,0,,-
BISTROVER,閠槞彁の願い,0,,-,1029,PISCES,大阪府,2163,HAL,大阪府,3089,LV12,大阪府,0,,-
BISTROVER,霧幻メモリア,0,,-,912,LATIAS,大阪府,1399,PISCES,大阪府,2028,BRIBRI,大阪府,0,,-
BISTROVER,魔法のかくれんぼ,0,,-,821,YUKKE,大阪府,1594,S1Q,大阪府,2758,LV12,大阪府,0,,-
CastHour,10000 MILES AWAY,0,,-,1019,AAAA,大阪府,1665,FIXER,大阪府,2932,HAL,大阪府,0,,-
CastHour,2 Beasts Unchained,0,,-,1372,M4I,大阪府,2186,IIDX33,大阪府,3456,3PLE,大阪府,0,,-
CastHour,808monkey,0,,-,734,LATIAS,大阪府,1158,GROWTH,大阪府,1804,BRIBRI,大阪府,0,,-
CastHour,ABSOLUTE EVIL,250,S-RAN,大阪府,1182,SLAYER,大阪府,2198,Y,大阪府,3467,TAKA.S,大阪府,0,,-
CastHour,Aftermath,0,,-,1209,GROWTH,大阪府,2410,HAL,大阪府,3616,TAKA.S,大阪府,0,,-
CastHour,ALTERNATOR,0,,-,1356,FIXER,大阪府,2533,HAL,大阪府,3780,TAKA.S,大阪府,0,,-
CastHour,AMICABLE,0,,-,985,AAAA,大阪府,1598,FIXER,大阪府,2472,LV12,大阪府,0,,-
CastHour,ANEMONE,222,GROWTH,大阪府,764,GROWTH,大阪府,1589,RU-*,大阪府,2136,LV12,大阪府,0,,-
CastHour,Angel's Ladder,0,,-,1049,GROWTH,大阪府,2101,U-KE,大阪府,3438,K-JET?,大阪府,0,,-
CastHour,Ariah,0,,-,689,YUKKE,大阪府,1451,GROWTH,大阪府,2164,CHINO,大阪府,0,,-
CastHour,Arkadia,0,,-,1121,IIDX33,大阪府,2082,FIXER,大阪府,3710,TAKA.S,大阪府,0,,-
CastHour,Banger Banger Banger Banger,0,,-,953,LATIAS,大阪府,1778,FIXER,大阪府,2925,Q-Q.,大阪府,0,,-
CastHour,Binary Black Hole,0,,-,1306,AAAA,大阪府,2307,HAL,大阪府,3939,TAKA.S,大阪府,0,,-
CastHour,Blue Bird feat. Kanae Asaba,0,,-,630,AAAA,大阪府,1094,REGLOS,大阪府,1784,LV12,大阪府,0,,-
CastHour,Brave Spirits,0,,-,688,AAAA,大阪府,1408,FIXER,大阪府,2460,LEVI,大阪府,0,,-
CastHour,DISPARATE,0,,-,978,AAAA,大阪府,1728,KAKERU,大阪府,2449,BRIBRI,大阪府,0,,-
CastHour,Divine Heaven,0,,-,937,PISCES,大阪府,1956,FIXER,大阪府,2965,TAKA.S,大阪府,0,,-
CastHour,Don't believe the hype,0,,-,1114,YUKI86,大阪府,2165,FIXER,大阪府,3183,LV12,大阪府,0,,-
CastHour,DREAM OF SPACE UFO ABDUCTION,0,,-,1016,GERION,大阪府,1765,FIXER,大阪府,2684,LV12,大阪府,0,,-
CastHour,Emera,0,,-,832,AAAA,大阪府,1629,FIXER,大阪府,2331,TAKA.S,大阪府,0,,-
CastHour,EMOTiON TRiPPER,0,,-,931,GROWTH,大阪府,1490,HAL,大阪府,2178,TAKA.S,大阪府,0,,-
CastHour,Ergosphere,0,,-,972,PISCES,大阪府,1791,INA,大阪府,2701,LV12,大阪府,0,,-
CastHour,Fantastic Merry-Go-Round,0,,-,1044,GERION,大阪府,1479,REGLOS,大阪府,2108,SLAYER,大阪府,0,,-
CastHour,Fegrix,0,,-,1180,YUKI86,大阪府,2177,U-KE,大阪府,3286,K-JET?,大阪府,0,,-
CastHour,FINALLY BLAZE,0,,-,865,AAAA,大阪府,1747,FIXER,大阪府,2760,K-JET?,大阪府,0,,-
CastHour,Flying Castle,0,,-,1053,LATIAS,大阪府,2293,HAL,大阪府,3672,3PLE,大阪府,0,,-
CastHour,Game Changers,0,,-,701,AAAA,大阪府,1403,OTACON,大阪府,2716,TAKA.S,大阪府,0,,-
CastHour,"Get set, Go! feat.Kanae Asaba",0,,-,810,LATIAS,大阪府,1430,FIXER,大阪府,2106,SHTOLA,大阪府,0,,-
CastHour,GiGaGaHell,0,,-,1341,FIXER,大阪府,1968,FIXER,大阪府,3210,LV12,大阪府,0,,-
CastHour,GRAVITON,0,,-,1121,RUN,大阪府,2061,SHTOLA,大阪府,3500,TAKA.S,大阪府,0,,-
CastHour,hard-wired,0,,-,1595,FIXER,大阪府,2187,U-KE,大阪府,3641,TAKA.S,大阪府,0,,-
CastHour,Harmonia,0,,-,730,GROWTH,大阪府,1221,CURE8P,大阪府,2007,LV12,大阪府,0,,-
CastHour,Hat Surprise,0,,-,663,LATIAS,大阪府,1587,FIXER,大阪府,2430,3PLE,大阪府,0,,-
CastHour,HEARTACHE,0,,-,498,HAL,大阪府,1160,FIXER,大阪府,1845,LV12,大阪府,0,,-
CastHour,kors k's How to make OTOGE CORE,0,,-,749,AAAA,大阪府,1518,I.KILA,大阪府,2214,I.KILA,大阪府,0,,-
CastHour,Lawes's Parotia,0,,-,878,GROWTH,大阪府,1724,FIXER,大阪府,2517,LEVI,大阪府,0,,-
CastHour,LIVE DRIVING!! feat. 花たん,0,,-,1619,FIXER,大阪府,2449,1UP,大阪府,3830,LV12,大阪府,0,,-
CastHour,N.O.,0,,-,794,JBIRD,大阪府,1472,FIXER,大阪府,2504,LEVI,大阪府,0,,-
CastHour,n/a,0,,-,1221,PISCES,大阪府,1976,RURUKA,大阪府,3533,3PLE,大阪府,0,,-
CastHour,No Day But Today!,431,GROWTH,大阪府,713,LATIAS,大阪府,1318,PISCES,大阪府,1976,*RK*,大阪府,0,,-
CastHour,Nocturnal 2097,0,,-,942,REGLOS,大阪府,1907,FIXER,大阪府,2901,KND.N,大阪府,0,,-
CastHour,Non Stop Rock,0,,-,750,AAAA,大阪府,1287,FIXER,大阪府,1862,LV12,大阪府,0,,-
CastHour,One for All,0,,-,946,AAAA,大阪府,1756,FIXER,大阪府,3156,KND.N,大阪府,0,,-
CastHour,Onyx,0,,-,860,JBIRD,大阪府,1499,FIXER,大阪府,2408,LV12,大阪府,0,,-
CastHour,P.O.W.E.R.,0,,-,986,LATIAS,大阪府,1739,FIXER,大阪府,2325,*RK*,大阪府,0,,-
CastHour,PIRATES BLADE,0,,-,886,C.A,大阪府,1498,FIXER,大阪府,2157,LV12,大阪府,0,,-
CastHour,PLASMA SOUL NIGHT feat. Nana Takahashi / 709sec.,419,GROWTH,大阪府,1423,GROWTH,大阪府,2523,RURUKA,大阪府,4461,3PLE,大阪府,0,,-
CastHour,Pout,0,,-,1058,GROWTH,大阪府,1730,FIXER,大阪府,2610,LV12,大阪府,0,,-
CastHour,Prohibited Props,0,,-,1004,PISCES,大阪府,1544,REGLOS,大阪府,2246,NAMA-3,大阪府,2921,KND.N,大阪府
CastHour,Purple Perplex,0,,-,1092,YUBEL,大阪府,1819,FIXER,大阪府,3035,TAKA.S,大阪府,0,,-
CastHour,Push on Beats!～音ゲの国のeX-ストリーマー～,0,,-,1147,EDEN,大阪府,1892,PANJAB,大阪府,3395,K-JET?,大阪府,0,,-
CastHour,RAGE feat.H14 of LEONAIR,392,YUKKE,大阪府,1093,MSY-8,大阪府,2227,RURUKA,大阪府,3505,KND.N,大阪府,0,,-
CastHour,Silver Bullet,0,,-,1160,ZY,大阪府,1960,NERIYO,大阪府,3103,Q-Q.,大阪府,0,,-
CastHour,Smalt #28598F,0,,-,1053,GERION,大阪府,2266,IIDX33,大阪府,3384,PRN-SA,大阪府,0,,-
CastHour,SOLID WYVERN,0,,-,1102,LATIAS,大阪府,1988,HAL,大阪府,2641,TAKA.S,大阪府,3897,3PLE,大阪府
CastHour,Souhait bleu,0,,-,863,AAAA,大阪府,1868,KYRIE,大阪府,2785,TAKA.S,大阪府,0,,-
CastHour,SPARK IN THE NIGHT,0,,-,846,ALT.I,大阪府,1392,OTACON,大阪府,2253,LV12,大阪府,0,,-
CastHour,Stepper,0,,-,658,AAAA,大阪府,1527,FIXER,大阪府,2181,LV12,大阪府,0,,-
CastHour,Tail Lights,0,,-,1071,LATIAS,大阪府,1906,FIXER,大阪府,3091,K-JET?,大阪府,0,,-
CastHour,TOMAHAWK,0,,-,1173,LTS,大阪府,2338,HAL,大阪府,3509,HAL,大阪府,0,,-
CastHour,Triple Cross,574,YUKKE,大阪府,1108,GROWTH,大阪府,2257,M1N2,大阪府,3301,3PLE,大阪府,0,,-
CastHour,Ventriloquist,0,,-,760,GERION,大阪府,1524,GERION,大阪府,2420,LV12,大阪府,0,,-
CastHour,Victory Of Ravers,0,,-,1002,YUKI86,大阪府,1744,MOGAMI,大阪府,2588,TAKA.S,大阪府,0,,-
CastHour,WHA,0,,-,1205,PISCES,大阪府,2147,YUKI,大阪府,3642,K-JET?,大阪府,0,,-
CastHour,Wonderful Escape,0,,-,928,AAAA,大阪府,1383,RAIN,大阪府,2079,LV12,大阪府,0,,-
CastHour,Xyndrome,0,,-,935,LATIAS,大阪府,1636,FIXER,大阪府,2891,KARTE,大阪府,0,,-
CastHour,《GRANDMASTER》,0,,-,933,AAAA,大阪府,1831,FIXER,大阪府,2925,LV12,大阪府,0,,-
CastHour,めでてえ,0,,-,1038,2PON1!,大阪府,1670,IIDX33,大阪府,2653,LV12,大阪府,0,,-
CastHour,アクマフカ,0,,-,733,LATIAS,大阪府,1488,IIDX33,大阪府,2311,*RK*,大阪府,0,,-
CastHour,ウツシミウツシ,0,,-,1242,GROWTH,大阪府,2047,FIXER,大阪府,3148,LV12,大阪府,0,,-
CastHour,オドループ,507,GROWTH,大阪府,1082,AKIRA,大阪府,1580,HAL,大阪府,2343,S63,大阪府,2998,TAKA.S,大阪府
CastHour,オールトの雲,0,,-,1195,SAYUKI,大阪府,1952,S1Q,大阪府,2607,CHINO,大阪府,0,,-
CastHour,グッバイ宣言,575,GROWTH,大阪府,1062,F-ZONE,大阪府,1789,GERION,大阪府,3096,3PLE,大阪府,3679,TAKA.S,大阪府
CastHour,シル・ヴ・プレジデント,299,GROWTH,大阪府,645,GERION,大阪府,1201,NANOHA,大阪府,1797,TAKA.S,大阪府,2584,TAKA.S,大阪府
CastHour,ナイトフィクション,0,,-,690,AAAA,大阪府,1562,MOGAMI,大阪府,2137,LEVI,大阪府,0,,-
CastHour,ハイテックトキオ,0,,-,1020,NASU!?,大阪府,1845,FIXER,大阪府,2649,LEVI,大阪府,3210,KND.N,大阪府
CastHour,"ピアノ独奏無言歌 ""灰燼""",0,,-,1138,MSY-8,大阪府,2323,RURUKA,大阪府,3649,LV12,大阪府,0,,-
CastHour,ミュージック・アワー,538,GROWTH,大阪府,1204,KRAST,大阪府,2122,FIXER,大阪府,2986,LV12,大阪府,4080,TAKA.S,大阪府
CastHour,口カラ凸ゲキ,0,,-,916,GROWTH,大阪府,1465,XYZ-D,大阪府,2383,*RK*,大阪府,0,,-
CastHour,天邪鬼,399,OVAN,大阪府,937,AAAA,大阪府,1703,FIXER,大阪府,3293,KND.N,大阪府,0,,-
CastHour,怪物,346,GROWTH,大阪府,747,INANNA,大阪府,1195,MSY-8,大阪府,2403,S63,大阪府,3262,DORAPI,大阪府
CastHour,愛しくてラヴィンユー ft. マナ,0,,-,776,LATIAS,大阪府,1451,GERION,大阪府,2392,LEVI,大阪府,0,,-
CastHour,月とミルク,0,,-,973,LATIAS,大阪府,1589,MOGAMI,大阪府,2781,TAKA.S,大阪府,0,,-
CastHour,烽火連天の刃,0,,-,1070,KA.K,大阪府,2307,HAL,大阪府,3401,KND.N,大阪府,4392,K-JET?,大阪府
CastHour,禊,0,,-,1043,LATIAS,大阪府,2279,HAL,大阪府,3183,TAKA.S,大阪府,0,,-
CastHour,逆月,0,,-,1442,GROWTH,大阪府,2355,HAL,大阪府,3781,3PLE,大阪府,0,,-
CastHour,雪上断火,0,,-,994,GERION,大阪府,1844,HAL,大阪府,2967,KND.N,大阪府,0,,-
CastHour,青の洞窟,0,,-,857,YUKKE,大阪府,2025,HAL,大阪府,3157,TAKA.S,大阪府,0,,-
CastHour,黒紅掬い,0,,-,638,AAAA,大阪府,1210,OTACON,大阪府,1820,LV12,大阪府,0,,-
RESIDENT,#CMFLG,0,,-,1143,RUN,大阪府,2253,CILCIL,大阪府,3386,LV12,大阪府,0,,-
RESIDENT,24h Endurance Race,0,,-,997,GROWTH,大阪府,2098,SHTOLA,大阪府,3354,K-JET?,大阪府,0,,-
RESIDENT,3V0,0,,-,1020,GROWTH,大阪府,1798,FIXER,大阪府,2986,LV12,大阪府,0,,-
RESIDENT,7 Colors,0,,-,627,GROWTH,大阪府,1202,KYRIE,大阪府,1926,TAMA5.,大阪府,0,,-
RESIDENT,Always We Trust In You,0,,-,1196,FIXER,大阪府,1850,FIXER,大阪府,3208,TAKA.S,大阪府,0,,-
RESIDENT,Ambush Ace,0,,-,1048,MOCO,大阪府,2124,HAL,大阪府,2940,LV12,大阪府,0,,-
RESIDENT,AWA AWA,0,,-,777,GROWTH,大阪府,1308,PISCES,大阪府,2330,TAKA.S,大阪府,0,,-
RESIDENT,B.O.D.Y.,0,,-,1043,AAAA,大阪府,2045,FIXER,大阪府,3408,3PLE,大阪府,0,,-
RESIDENT,Bad Encryption,0,,-,1298,FIXER,大阪府,1864,RC1,大阪府,3148,TAKA.S,大阪府,0,,-
RESIDENT,Beyond Evolution,0,,-,1479,FIXER,大阪府,2571,HAL,大阪府,4118,K-JET?,大阪府,0,,-
RESIDENT,BIGWAVERS,0,,-,1114,GROWTH,大阪府,1871,FIXER,大阪府,3494,KND.N,大阪府,0,,-
RESIDENT,C-C-C-N-N-N,0,,-,905,AAAA,大阪府,1735,FIXER,大阪府,2799,LV12,大阪府,0,,-
RESIDENT,Caldwell 99,0,,-,1036,GROWTH,大阪府,1883,FIXER,大阪府,2505,3PLE,大阪府,3327,KND.N,大阪府
RESIDENT,Chaotoxin,0,,-,1176,PISCES,大阪府,1761,HAL,大阪府,3355,35P,大阪府,0,,-
RESIDENT,CODE -CRiMSON-,0,,-,1316,SLAYER,大阪府,1870,FIXER,大阪府,3002,TAKA.S,大阪府,0,,-
RESIDENT,CUE CUE RESCUE,526,GROWTH,大阪府,1117,GROWTH,大阪府,1670,FIXER,大阪府,2531,*RK*,大阪府,3083,TAKA.S,大阪府
RESIDENT,dica dica,0,,-,1166,REGLOS,大阪府,2334,MERRIC,大阪府,3170,TAKA.S,大阪府,0,,-
RESIDENT,Dreaming Dream,0,,-,814,GROWTH,大阪府,1351,ALITH,大阪府,2257,WANDOG,大阪府,0,,-
RESIDENT,Driver,0,,-,878,GERION,大阪府,1286,FIXER,大阪府,1806,TAKA.S,大阪府,0,,-
RESIDENT,EXODUS SIGN,0,,-,1159,YUKI86,大阪府,1745,FIXER,大阪府,2619,LV12,大阪府,0,,-
RESIDENT,Fading Stars,0,,-,1039,YUKKE,大阪府,1623,FIXER,大阪府,2675,WAMDUS,大阪府,0,,-
RESIDENT,FLARE -炎舞- ft.Nana Takahashi,0,,-,1122,MOGAMI,大阪府,1876,MOGAMI,大阪府,2873,Y,大阪府,0,,-
RESIDENT,Get On Your Feet,0,,-,1100,EDEN,大阪府,1722,FIXER,大阪府,2719,LV12,大阪府,0,,-
RESIDENT,GET UP AGAIN,0,,-,1094,RUN,大阪府,1682,FIXER,大阪府,2419,35P,大阪府,0,,-
RESIDENT,glacia,0,,-,1190,KRAST,大阪府,2161,HAL,大阪府,2966,TAKA.S,大阪府,0,,-
RESIDENT,Hat Surprise (Season 2),0,,-,953,LATIAS,大阪府,1784,FIXER,大阪府,3416,LV12,大阪府,0,,-
RESIDENT,I,0,,-,1188,YUKI86,大阪府,2237,1UP,大阪府,3749,TAKA.S,大阪府,0,,-
RESIDENT,KING,445,GROWTH,大阪府,949,*RK*,大阪府,1986,*RK*,大阪府,3076,BRIBRI,大阪府,3928,TAKA.S,大阪府
RESIDENT,kors k's How to make OTOGE CORE 「LONG」,0,,-,1158,EDEN,大阪府,2320,1UP,大阪府,3574,KND.N,大阪府,0,,-
RESIDENT,LADS,0,,-,898,YUBEL,大阪府,1641,FIXER,大阪府,2284,LV12,大阪府,0,,-
RESIDENT,Level 4,0,,-,1159,GROWTH,大阪府,2062,SHTOLA,大阪府,3552,KND.N,大阪府,0,,-
RESIDENT,LOUDER ROLLING THUNDER,0,,-,1059,YUKI86,大阪府,1996,SHTOLA,大阪府,3329,KND.N,大阪府,0,,-
RESIDENT,MAX 360,0,,-,1188,ALF,大阪府,2188,SRPON*,大阪府,3165,TAKA.S,大阪府,0,,-
RESIDENT,Meissa,0,,-,895,RUN,大阪府,1598,FIXER,大阪府,2824,TAKA.S,大阪府,0,,-
RESIDENT,Next Level,0,,-,910,GERION,大阪府,1591,FIXER,大阪府,2180,*RK*,大阪府,0,,-
RESIDENT,No Border,0,,-,1126,GROWTH,大阪府,1953,FIXER,大阪府,3712,3PLE,大阪府,0,,-
RESIDENT,ONE AND ONLY,0,,-,1136,GROWTH,大阪府,1774,FIXER,大阪府,3160,KND.N,大阪府,0,,-
RESIDENT,Ou Legends,0,,-,1119,GROWTH,大阪府,2017,BLAST,大阪府,3233,Q-Q.,大阪府,0,,-
RESIDENT,OVER VOLTAGE,0,,-,1070,LATIAS,大阪府,1803,FIXER,大阪府,2582,KND.N,大阪府,0,,-
RESIDENT,Peaktime Booster,0,,-,1104,IIDX33,大阪府,1868,*RK*,大阪府,3207,KND.N,大阪府,0,,-
RESIDENT,Perfect Plan,0,,-,1134,GROWTH,大阪府,1701,FIXER,大阪府,2553,TAMA5.,大阪府,0,,-
RESIDENT,Programmed Genom,0,,-,1124,HAL,大阪府,1615,FIXER,大阪府,2392,LV12,大阪府,0,,-
RESIDENT,Red Soul,0,,-,1011,YUKKE,大阪府,1758,FIXER,大阪府,2872,K-JET?,大阪府,0,,-
RESIDENT,Rewind Time,0,,-,699,MANA,大阪府,1248,MANA,大阪府,2195,*RK*,大阪府,0,,-
RESIDENT,RINNE,0,,-,1098,AAAA,大阪府,2261,U-KE,大阪府,3493,LV12,大阪府,0,,-
RESIDENT,Ruler or Loser,0,,-,974,REGLOS,大阪府,1661,FIXER,大阪府,2659,TAKA.S,大阪府,0,,-
RESIDENT,Seraph,0,,-,969,GROWTH,大阪府,1798,ALDIA,大阪府,2432,LV12,大阪府,0,,-
RESIDENT,Shadow World,0,,-,964,88TANI,大阪府,1649,FIXER,大阪府,2721,3PLE,大阪府,0,,-
RESIDENT,Shamshir,0,,-,1016,AAAA,大阪府,1404,BAOL,大阪府,2171,TSUKKI,大阪府,0,,-
RESIDENT,Somnidiscotheque,0,,-,1290,FIXER,大阪府,2002,NOIK.K,大阪府,3343,K-JET?,大阪府,0,,-
RESIDENT,STAR BEAT,0,,-,822,GROWTH,大阪府,1704,FIXER,大阪府,2397,LEVI,大阪府,0,,-
RESIDENT,STRAIGHT TO THE STARS,0,,-,972,SARARA,大阪府,1693,FIXER,大阪府,2969,WAMDUS,大阪府,0,,-
RESIDENT,Stylus,0,,-,1174,RUN,大阪府,1919,FIXER,大阪府,2866,TAKA.S,大阪府,0,,-
RESIDENT,Summerblue,363,GROWTH,大阪府,1055,GROWTH,大阪府,1718,REGLOS,大阪府,2401,Q-Q.,大阪府,0,,-
RESIDENT,Sunny Day Vibes,0,,-,901,AAAA,大阪府,1607,REGLOS,大阪府,2291,TAKA.S,大阪府,0,,-
RESIDENT,Super Freak,0,,-,1106,LATIAS,大阪府,1875,FIXER,大阪府,3474,TAKA.S,大阪府,0,,-
RESIDENT,suspicions,0,,-,1158,ALF,大阪府,2184,DARWIN,大阪府,3751,TAKA.S,大阪府,0,,-
RESIDENT,Swing My Wonderland,0,,-,1229,AAAA,大阪府,2215,KUROSU,大阪府,3094,LV12,大阪府,0,,-
RESIDENT,TECHNOPHOBIA,0,,-,781,EDEN,大阪府,1677,FIXER,大阪府,3029,TAKA.S,大阪府,0,,-
RESIDENT,The Clown of 24stairs,0,,-,1070,YUKI86,大阪府,2132,S1Q,大阪府,3455,3PLE,大阪府,0,,-
RESIDENT,THE TIME MACHINE,0,,-,1039,YUKI86,大阪府,1711,G-DEN,大阪府,2665,KND.N,大阪府,0,,-
RESIDENT,VOID,0,,-,1215,PISCES,大阪府,1769,FIXER,大阪府,3211,KND.N,大阪府,0,,-
RESIDENT,VOLAQUAS,0,,-,1317,GROWTH,大阪府,2083,P,大阪府,3910,TAKA.S,大阪府,0,,-
RESIDENT,VOLCANIC BIGBEAT,0,,-,1070,IIDX33,大阪府,1800,FIXER,大阪府,2802,KND.N,大阪府,0,,-
RESIDENT,"wanna be a ""BAD GIRL"" feat. Nana Takahashi",0,,-,756,823N,大阪府,1316,FIXER,大阪府,2043,LV12,大阪府,0,,-
RESIDENT,With You,0,,-,831,GERION,大阪府,1580,FIXER,大阪府,2541,KND.N,大阪府,0,,-
RESIDENT,Xerulean,0,,-,1234,YUKI86,大阪府,2009,UGEAND,大阪府,3411,TAKA.S,大阪府,0,,-
RESIDENT,ZENITH,0,,-,1107,LATIAS,大阪府,1950,FIXER,大阪府,2958,K-JET?,大阪府,0,,-
RESIDENT,[ ]DENTITY,0,,-,1140,KA.K,大阪府,2078,HOMA4.,大阪府,3840,TAKA.S,大阪府,0,,-
RESIDENT,≡+≡,587,GROWTH,大阪府,1365,NOLIZO,大阪府,2121,SHTOLA,大阪府,3035,TAKA.S,大阪府,4589,3PLE,大阪府
RESIDENT,■□模様,0,,-,973,TETSU.,大阪府,1493,P-YAMA,大阪府,2649,TAKA.S,大阪府,0,,-
RESIDENT,《ORDERBREAKER》,0,,-,926,RUN,大阪府,1589,FIXER,大阪府,2434,*RK*,大阪府,0,,-
RESIDENT,あるビー！ feat.ころねぽち,0,,-,963,MANA,大阪府,1742,KANADE,大阪府,2830,KND.N,大阪府,0,,-
RESIDENT,おとせサンダー,210,GROWTH,大阪府,652,GROWTH,大阪府,1176,XYZ-D,大阪府,2150,NOIK.K,大阪府,0,,-
RESIDENT,きゅんです。,0,,-,715,LATIAS,大阪府,1416,OTACON,大阪府,2350,TAKA.S,大阪府,0,,-
RESIDENT,ぞうしょく！？マイデンティティ,0,,-,1254,TETSU.,大阪府,2186,FIXER,大阪府,3681,TAKA.S,大阪府,0,,-
RESIDENT,ちょえちょえまぎか,0,,-,1209,GROWTH,大阪府,2297,SHTOLA,大阪府,3038,3PLE,大阪府,4127,LV12,大阪府
RESIDENT,サヨナラ・ヘヴン-Celtic Chip Dance Mix-,0,,-,852,KAZKIN,大阪府,1443,ALTUVE,大阪府,2586,LV12,大阪府,0,,-
RESIDENT,チェイスチェイスジョーカーズのうた (オニスタイルリミックス),0,,-,955,GROWTH,大阪府,1704,SLAYER,大阪府,2830,LV12,大阪府,0,,-
RESIDENT,パーフェクトイーター,0,,-,1125,OVAN,大阪府,2029,FIXER,大阪府,2994,LV12,大阪府,0,,-
RESIDENT,儚キ戀ノ幻想譚,582,GROWTH,大阪府,1552,INANNA,大阪府,2296,TAMA5.,大阪府,3538,TAKA.S,大阪府,0,,-
RESIDENT,少年リップルズ,0,,-,853,LATIAS,大阪府,1749,KYRIE,大阪府,2480,TAKA.S,大阪府,0,,-
RESIDENT,恋愛＝精度×認識力,0,,-,1518,PISCES,大阪府,2222,INANNA,大阪府,3373,LV12,大阪府,0,,-
RESIDENT,惑星☆ロリポップ,0,,-,764,01000.,大阪府,1585,WAMDUS,大阪府,2832,TAKA.S,大阪府,0,,-
RESIDENT,昏き甲鉄のヴェルガ,0,,-,888,GROWTH,大阪府,1624,HAL,大阪府,2345,SHTOLA,大阪府,0,,-
RESIDENT,月と夢の跡 ft. マナ,0,,-,923,EDEN,大阪府,1540,MOGAMI,大阪府,2509,WAMDUS,大阪府,0,,-
RESIDENT,栄冠のカンパネラ,0,,-,1326,GROWTH,大阪府,2113,SSD,大阪府,3909,3PLE,大阪府,0,,-
RESIDENT,楽園追放,0,,-,899,RUN,大阪府,1520,DORAPI,大阪府,2378,3PLE,大阪府,0,,-
RESIDENT,湘南ロンリーMIDNIGHT RAIN,0,,-,951,RUN,大阪府,1783,GERION,大阪府,2847,SHTOLA,大阪府,0,,-
RESIDENT,異心前進♪ぴょんぴょんぴょん,0,,-,1066,OVAN,大阪府,1604,ALTUVE,大阪府,2509,LV12,大阪府,0,,-
RESIDENT,真夜中のバベル,0,,-,687,YUKKE,大阪府,1189,HNORIN,大阪府,1717,*RK*,大阪府,0,,-
RESIDENT,神っぽいな,363,GROWTH,大阪府,768,GROWTH,大阪府,1416,FIXER,大阪府,2119,*RK*,大阪府,3018,TAKA.S,大阪府
RESIDENT,神のシナリオ,0,,-,1123,GROWTH,大阪府,1750,HAL,大阪府,3232,KND.N,大阪府,0,,-
RESIDENT,罪過の聖堂,0,,-,811,MSY-8,大阪府,1319,LV12,大阪府,2076,LV12,大阪府,0,,-
RESIDENT,輪廻の鴉,0,,-,973,YUKKE,大阪府,1761,S1Q,大阪府,2768,TAKA.S,大阪府,0,,-
RESIDENT,雨のちパノラマセカイ,0,,-,813,GROWTH,大阪府,1425,FIXER,大阪府,2209,BRIBRI,大阪府,0,,-
RESIDENT,響花水月,0,,-,1186,GROWTH,大阪府,1897,FIXER,大阪府,2921,K-JET?,大阪府,0,,-
EPOLIS,20XX,0,,-,1180,IIDX33,大阪府,1752,S1Q,大阪府,2686,LV12,大阪府,0,,-
EPOLIS,ACT0,0,,-,1242,FIXER,大阪府,2159,SLAYER,大阪府,3019,TAKA.S,大阪府,0,,-
EPOLIS,Aeterna,0,,-,979,GROWTH,大阪府,1574,FIXER,大阪府,2564,TAKA.S,大阪府,0,,-
EPOLIS,Akatsuki,0,,-,989,TETSU.,大阪府,1550,INANNA,大阪府,2263,LV12,大阪府,0,,-
EPOLIS,Ambivalent Vermilia,0,,-,1534,FIXER,大阪府,2440,HAL,大阪府,4168,3PLE,大阪府,0,,-
EPOLIS,Amethyst,0,,-,1289,K*NORI,大阪府,1854,HAL,大阪府,2624,TAKA.S,大阪府,0,,-
EPOLIS,Bitter & Lucky,0,,-,852,K*NORI,大阪府,1371,FIXER,大阪府,2483,BRIBRI,大阪府,0,,-
EPOLIS,BLAZING_LAZER,0,,-,1224,K*NORI,大阪府,2100,SHTOLA,大阪府,3458,TAKA.S,大阪府,0,,-
EPOLIS,CADENZA,0,,-,1491,GROWTH,大阪府,2521,HAL,大阪府,4610,TAKA.S,大阪府,0,,-
EPOLIS,Chemical Colours,0,,-,1023,K*NORI,大阪府,1974,FIXER,大阪府,2770,LV12,大阪府,0,,-
EPOLIS,CODE:2,0,,-,1061,K*NORI,大阪府,1784,HAL,大阪府,2926,Q-Q.,大阪府,0,,-
EPOLIS,COUNTING SHEEP ft. Kanae Asaba,0,,-,669,INANNA,大阪府,1274,MSY-8,大阪府,2224,LV12,大阪府,0,,-
EPOLIS,Cult Invitation,0,,-,1218,FIXER,大阪府,1918,SHTOLA,大阪府,3454,KND.N,大阪府,0,,-
EPOLIS,Dahlia,0,,-,1246,K*NORI,大阪府,2000,FIXER,大阪府,3152,LV12,大阪府,0,,-
EPOLIS,DAZZLE ATTACK,548,GROWTH,大阪府,972,GERION,大阪府,1683,FIXER,大阪府,2852,TAKA.S,大阪府,0,,-
EPOLIS,Deep Sea Mystery,0,,-,1091,EDEN,大阪府,1462,FIXER,大阪府,1960,KND.N,大阪府,0,,-
EPOLIS,Demon March,0,,-,1437,K*NORI,大阪府,2292,PPRN,大阪府,3683,3PLE,大阪府,0,,-
EPOLIS,Echoes of Sunfall,0,,-,1005,K*NORI,大阪府,1628,FIXER,大阪府,2999,3PLE,大阪府,0,,-
EPOLIS,frequent,0,,-,1308,K*NORI,大阪府,2263,FIXER,大阪府,3770,TAKA.S,大阪府,0,,-
EPOLIS,GAME ON,0,,-,1277,ALF,大阪府,2198,FIXER,大阪府,2702,KND.N,大阪府,0,,-
EPOLIS,Get Higher,0,,-,957,K*NORI,大阪府,1702,BAOL,大阪府,2294,LV12,大阪府,0,,-
EPOLIS,Get Wicked,0,,-,880,K*NORI,大阪府,1452,FIXER,大阪府,2473,*RK*,大阪府,0,,-
EPOLIS,Ghost Pulse,0,,-,1047,832LMN,大阪府,1691,HAL,大阪府,2794,TAKA.S,大阪府,0,,-
EPOLIS,Glitch N Ride,0,,-,862,NERIYO,大阪府,1486,KAZUSA,大阪府,2594,LV12,大阪府,0,,-
EPOLIS,GloriosA,0,,-,1182,KUROSU,大阪府,1935,FIXER,大阪府,2836,LV12,大阪府,0,,-
EPOLIS,GLORIOUS HAMMER,0,,-,1081,TETSU.,大阪府,1912,FIXER,大阪府,3100,LV12,大阪府,0,,-
EPOLIS,Hard Breaker,0,,-,759,K*NORI,大阪府,1549,FIXER,大阪府,2514,LV12,大阪府,0,,-
EPOLIS,Hat Surprise (Season 3),0,,-,1210,IIDX33,大阪府,2195,*RK*,大阪府,2701,LV12,大阪府,0,,-
EPOLIS,i-ii,0,,-,1021,EDEN,大阪府,1751,FIXER,大阪府,2874,KND.N,大阪府,0,,-
EPOLIS,INHERITANCE,0,,-,1068,TETSU.,大阪府,1758,FIXER,大阪府,2847,TAKA.S,大阪府,3579,TAKA.S,大阪府
EPOLIS,Iris,411,GROWTH,大阪府,834,INANNA,大阪府,1546,HAL,大阪府,2203,KARTE,大阪府,0,,-
EPOLIS,Jumper,0,,-,889,K*NORI,大阪府,1476,FIXER,大阪府,2401,BRIBRI,大阪府,0,,-
EPOLIS,Just Gimme,0,,-,932,K*NORI,大阪府,1704,FIXER,大阪府,2752,35P,大阪府,0,,-
EPOLIS,JUSTICE/GUILTY feat. Nana Takahashi & 709sec.,0,,-,1729,FIXER,大阪府,2353,NANOHA,大阪府,3867,3PLE,大阪府,0,,-
EPOLIS,Level 5,0,,-,1308,RYO,大阪府,2451,WAMDUS,大阪府,3666,KND.N,大阪府,0,,-
EPOLIS,MAXIMUM CHEAT GIRL,0,,-,1178,YUKKE,大阪府,2140,FIXER,大阪府,3604,TAKA.S,大阪府,0,,-
EPOLIS,Million Dollar,0,,-,1162,BAOL,大阪府,1999,SHTOLA,大阪府,3449,TAKA.S,大阪府,0,,-
EPOLIS,Monkey Business,0,,-,710,K*NORI,大阪府,1527,HAL,大阪府,2597,LV12,大阪府,0,,-
EPOLIS,Mukade,0,,-,1079,GROWTH,大阪府,1857,FIXER,大阪府,3227,K-JET?,大阪府,0,,-
EPOLIS,My Sweet Bird?,0,,-,813,LATIAS,大阪府,1495,OTACON,大阪府,2202,LV12,大阪府,0,,-
EPOLIS,NEEDLESS MY LOVE FOR YOU,0,,-,998,K*NORI,大阪府,1648,FIXER,大阪府,2446,TAKA.S,大阪府,0,,-
EPOLIS,Out of Control,0,,-,1105,YUKI86,大阪府,2118,ICE,大阪府,3050,LV12,大阪府,0,,-
EPOLIS,out of disk space,0,,-,1001,R.S,大阪府,1930,OTACON,大阪府,2567,LV12,大阪府,0,,-
EPOLIS,PILGRIM,0,,-,972,TETSU.,大阪府,1714,FIXER,大阪府,2731,PRN-SA,大阪府,0,,-
EPOLIS,Psychedelic Intelligence,0,,-,1231,GGG,大阪府,1863,FIXER,大阪府,2875,TAKA.S,大阪府,0,,-
EPOLIS,Red Determination,0,,-,1022,K*NORI,大阪府,1602,HAL,大阪府,2590,LEVI,大阪府,0,,-
EPOLIS,Resonant,0,,-,1058,GROWTH,大阪府,2379,SHTOLA,大阪府,3656,TAKA.S,大阪府,0,,-
EPOLIS,Riff//rain,208,TETSU.,大阪府,720,ALF,大阪府,1267,REGLOS,大阪府,1809,HP.O,大阪府,0,,-
EPOLIS,See You Again,0,,-,1182,K*NORI,大阪府,1871,FIXER,大阪府,3112,KND.N,大阪府,0,,-
EPOLIS,Seven Times Four,0,,-,1151,TETSU.,大阪府,1976,FIXER,大阪府,3430,LV12,大阪府,0,,-
EPOLIS,Shapeshifter,0,,-,1014,LATIAS,大阪府,1657,EBI,大阪府,2510,35P,大阪府,0,,-
EPOLIS,Sirius,0,,-,972,AAAA,大阪府,1674,FIXER,大阪府,3223,KND.N,大阪府,0,,-
EPOLIS,So What,0,,-,604,K*NORI,大阪府,1166,HIGA-C,大阪府,1829,LV12,大阪府,0,,-
EPOLIS,SOLAR ECLIPSE,0,,-,1472,PISCES,大阪府,2352,FIXER,大阪府,3591,TAKA.S,大阪府,0,,-
EPOLIS,Speculation,0,,-,972,AAAA,大阪府,1774,FIXER,大阪府,2983,LV12,大阪府,0,,-
EPOLIS,squall,0,,-,1171,GROWTH,大阪府,1758,U-KE,大阪府,2634,K-JET?,大阪府,0,,-
EPOLIS,Stereo Beasts,0,,-,1330,ALF,大阪府,2469,IIDX33,大阪府,3714,TAKA.S,大阪府,0,,-
EPOLIS,Submerge Serenade,0,,-,1062,K*NORI,大阪府,1812,FIXER,大阪府,2912,WAMDUS,大阪府,4099,KND.N,大阪府
EPOLIS,Sword of Vengeance,0,,-,1403,PISCES,大阪府,2148,SHTOLA,大阪府,3288,TAKA.S,大阪府,0,,-
EPOLIS,T.R.O.L.L.,0,,-,945,SUIBA,大阪府,1714,FIXER,大阪府,2526,WANDOG,大阪府,0,,-
EPOLIS,The Last Apocalypse,0,,-,1358,SARARA,大阪府,2377,RC1,大阪府,3639,K-JET?,大阪府,0,,-
EPOLIS,The Onlyonez,0,,-,1016,K*NORI,大阪府,1709,FIXER,大阪府,3110,LV12,大阪府,0,,-
EPOLIS,This Is Club Musik feat. 大久保紅葉,0,,-,1014,EDEN,大阪府,1667,KRAST,大阪府,2612,PRN-SA,大阪府,0,,-
EPOLIS,Time Distortion pt.2(IIDX Edit),0,,-,1250,IIDX33,大阪府,1947,FIXER,大阪府,2942,LV12,大阪府,0,,-
EPOLIS,TITANIUM RIDERS,0,,-,877,PISCES,大阪府,1478,K*NORI,大阪府,2094,FRAPPE,大阪府,0,,-
EPOLIS,Too Late Snow,0,,-,791,LATIAS,大阪府,1364,GROWTH,大阪府,2020,LV12,大阪府,0,,-
EPOLIS,TRIP THE DEEP,0,,-,997,INANNA,大阪府,1612,FIXER,大阪府,2522,KND.N,大阪府,0,,-
EPOLIS,Tripping Jumping,0,,-,828,K*NORI,大阪府,1568,FIXER,大阪府,2287,35P,大阪府,0,,-
EPOLIS,Vermilion Carol,0,,-,1328,GROWTH,大阪府,2186,148,大阪府,3611,TAKA.S,大阪府,0,,-
EPOLIS,Vulnerability,0,,-,1289,INANNA,大阪府,1904,PISCES,大阪府,3597,3PLE,大阪府,0,,-
EPOLIS,WaterCube Pf.(RX-Ver.S.P.L.),0,,-,562,K*NORI,大阪府,1276,GROWTH,大阪府,2183,*RK*,大阪府,0,,-
EPOLIS,winkle 2 winkle,0,,-,1043,ANMO,大阪府,1858,FIXER,大阪府,2798,PRN-SA,大阪府,0,,-
EPOLIS,Xb10r,0,,-,1161,TOUDAI,大阪府,2255,FIXER,大阪府,3598,TAKA.S,大阪府,0,,-
EPOLIS,ZEROIN ON THE LIGHT,0,,-,1110,K*NORI,大阪府,1749,MOGAMI,大阪府,2644,LEVI,大阪府,0,,-
EPOLIS,《PL|RAYER》,0,,-,920,K*NORI,大阪府,1708,S1Q,大阪府,2814,3PLE,大阪府,0,,-
EPOLIS,ちゅ、多様性。,219,GROWTH,大阪府,506,K*NORI,大阪府,1123,REGLOS,大阪府,1898,HP.O,大阪府,2270,PRN-SA,大阪府
EPOLIS,ないないルーティン,0,,-,579,K*NORI,大阪府,1292,XYZ-D,大阪府,2065,CHINO,大阪府,0,,-
EPOLIS,めうめうぺったんたん！！ (ZAQUVA Remix),0,,-,1046,GROWTH,大阪府,1904,FIXER,大阪府,2786,LV12,大阪府,0,,-
EPOLIS,れとりば！,0,,-,857,GROWTH,大阪府,1323,148,大阪府,2059,LV12,大阪府,0,,-
EPOLIS,アイドル,277,XUE,大阪府,876,GERION,大阪府,1501,MSY-8,大阪府,2607,BRIBRI,大阪府,3175,PRN-SA,大阪府
EPOLIS,アタシ完全絶対正義ちゃん！,0,,-,962,K*NORI,大阪府,1572,FIXER,大阪府,2130,Q-Q.,大阪府,0,,-
EPOLIS,シンデレラ,529,TETSU.,大阪府,848,K*NORI,大阪府,1529,FIXER,大阪府,2203,WAMDUS,大阪府,0,,-
EPOLIS,センチメンタル・サマー,0,,-,659,K*NORI,大阪府,1250,OTACON,大阪府,1987,WAMDUS,大阪府,0,,-
EPOLIS,デビルじゃないもん,336,YUKKE,大阪府,820,K*NORI,大阪府,1335,REGLOS,大阪府,2075,WANDOG,大阪府,0,,-
EPOLIS,フォニイ,626,TETSU.,大阪府,1193,IIDX33,大阪府,2001,RENAI,大阪府,2898,3PLE,大阪府,3936,TAKA.S,大阪府
EPOLIS,ポラリスノウタ,296,GROWTH,大阪府,847,K*NORI,大阪府,1546,NAO,大阪府,2275,LV12,大阪府,0,,-
EPOLIS,マーシャル・マキシマイザー,423,GROWTH,大阪府,814,K*NORI,大阪府,1439,OTACON,大阪府,2154,K-JET?,大阪府,0,,-
EPOLIS,ラビットホール,682,MSY-8,大阪府,1388,MSY-8,大阪府,2084,HNORIN,大阪府,2930,SHTOLA,大阪府,0,,-
EPOLIS,リメンバーリメンバー,0,,-,510,GROWTH,大阪府,970,IIDX33,大阪府,1683,TAMA5.,大阪府,0,,-
EPOLIS,今宵、ロマンス横丁。,0,,-,1110,GERION,大阪府,2251,SLAYER,大阪府,3340,TAKA.S,大阪府,0,,-
EPOLIS,勇者,372,K*NORI,大阪府,800,GROWTH,大阪府,1432,FIXER,大阪府,2480,TAKA.S,大阪府,0,,-
EPOLIS,可愛くてごめん,283,GROWTH,大阪府,623,K*NORI,大阪府,1392,FIXER,大阪府,2259,KND.N,大阪府,2802,PRN-SA,大阪府
EPOLIS,唱,189,SNWYAR,大阪府,441,GAMI,大阪府,985,KAKERU,大阪府,1763,WANDOG,大阪府,0,,-
EPOLIS,夏風邪デスコ,314,TETSU.,大阪府,809,K*NORI,大阪府,1754,GERION,大阪府,2663,LV12,大阪府,0,,-
EPOLIS,夢縁,0,,-,1148,GROWTH,大阪府,2099,SHTOLA,大阪府,3018,TAKA.S,大阪府,0,,-
EPOLIS,寝起きヤシの木,466,K*NORI,大阪府,1073,K*NORI,大阪府,1819,FIXER,大阪府,2799,*RK*,大阪府,3516,TAKA.S,大阪府
EPOLIS,惑星鉄道,0,,-,1094,PISCES,大阪府,2017,WANDOG,大阪府,2969,3PLE,大阪府,0,,-
EPOLIS,愛包ダンスホール,352,GROWTH,大阪府,928,ALF,大阪府,1386,FIXER,大阪府,2573,HAL,大阪府,0,,-
EPOLIS,摩天楼,0,,-,684,K*NORI,大阪府,1456,FIXER,大阪府,2557,TAKA.S,大阪府,0,,-
EPOLIS,未完成ノ蒸氣驅動乙女,0,,-,1074,TETSU.,大阪府,2020,U-KE,大阪府,3012,TAKA.S,大阪府,0,,-
EPOLIS,果たせぬ約束 ft. 小林マナ,0,,-,1166,MOGAMI,大阪府,1950,MOGAMI,大阪府,3003,KND.N,大阪府,0,,-
EPOLIS,残像ニ繋ガレタ追憶ノHIDEAWAY,0,,-,1176,K*NORI,大阪府,2290,SHTOLA,大阪府,3558,TAKA.S,大阪府,0,,-
EPOLIS,流桜ノ門,0,,-,1002,K*NORI,大阪府,1570,MOGAMI,大阪府,2123,SHTOLA,大阪府,0,,-
EPOLIS,"灼熱Beach Side Bunny (かめりあ's ""Summertime D'n'B"" Remix)",0,,-,1060,PISCES,大阪府,1908,FIXER,大阪府,3179,35P,大阪府,0,,-
EPOLIS,神様、つれない。,0,,-,685,K*NORI,大阪府,1360,GROWTH,大阪府,2139,HP.O,大阪府,0,,-
EPOLIS,終焔のClaudia,0,,-,1350,FIXER,大阪府,1856,1UP,大阪府,2758,KND.N,大阪府,0,,-
EPOLIS,酔いどれ知らず,274,TETSU.,大阪府,808,K*NORI,大阪府,1273,FIXER,大阪府,2214,*RK*,大阪府,0,,-
EPOLIS,閉塞的フレーション,0,,-,1021,GROWTH,大阪府,1620,GERION,大阪府,2430,*RK*,大阪府,0,,-
EPOLIS,雫,0,,-,994,GROWTH,大阪府,2008,S1Q,大阪府,2679,TAKA.S,大阪府,0,,-
EPOLIS,電光,0,,-,1018,GROWTH,大阪府,1800,FIXER,大阪府,3041,KND.N,大阪府,0,,-
EPOLIS,電子になりたい,0,,-,832,K*NORI,大阪府,1381,ALTUVE,大阪府,1994,LEVI,大阪府,0,,-
EPOLIS,電腦都市,0,,-,1386,TETSU.,大阪府,2240,S1Q,大阪府,3335,LV12,大阪府,0,,-
Pinky Crush,1116,0,,-,1101,MSY-8,大阪府,1955,SLAYER,大阪府,3055,TAKA.S,大阪府,0,,-
Pinky Crush,ADAMANT,0,,-,1126,FIXER,大阪府,1931,FIXER,大阪府,3047,TAKA.S,大阪府,0,,-
Pinky Crush,Aqvion,0,,-,1192,SLAYER,大阪府,1943,SLAYER,大阪府,3509,TAKA.S,大阪府,0,,-
Pinky Crush,Arcanos,0,,-,669,GROWTH,大阪府,1183,FIXER,大阪府,1997,TAKA.S,大阪府,0,,-
Pinky Crush,Bang-Boo Bumble,0,,-,1109,GERION,大阪府,1955,SLAYER,大阪府,2941,TAKA.S,大阪府,0,,-
Pinky Crush,Bling-Bang-Bang-Born,331,INANNA,大阪府,635,88TANI,大阪府,1157,FIXER,大阪府,1951,*RK*,大阪府,2125,TAKA.S,大阪府
Pinky Crush,Bring The Fire,0,,-,1155,HIKR,大阪府,1886,FIXER,大阪府,3431,TAKA.S,大阪府,0,,-
Pinky Crush,Butterfly Twist,0,,-,1023,K*NORI,大阪府,1575,FIXER,大阪府,2720,TAKA.S,大阪府,0,,-
Pinky Crush,CHAOTIC SUNBIRD,0,,-,1219,FIXER,大阪府,1670,222,大阪府,3268,LV12,大阪府,0,,-
Pinky Crush,Chasing After YOU ～夢の欠片～ ft. 小林マナ,0,,-,980,TETSU.,大阪府,1391,IIDX19,大阪府,2048,KND.N,大阪府,0,,-
Pinky Crush,Constellation,0,,-,921,MANA,大阪府,1796,SLAYER,大阪府,2803,LV12,大阪府,0,,-
Pinky Crush,COSMIC V3LOCITY,0,,-,1237,YUKI86,大阪府,2248,S1Q,大阪府,3332,KND.N,大阪府,0,,-
Pinky Crush,Cross Fire,0,,-,1068,GROWTH,大阪府,2121,KYO,大阪府,3374,TAKA.S,大阪府,0,,-
Pinky Crush,destination,0,,-,958,KEYNES,大阪府,2166,U-KE,大阪府,3345,LV12,大阪府,0,,-
Pinky Crush,Digital Radiance,0,,-,1128,TETSU.,大阪府,1411,REGLOS,大阪府,2019,LV12,大阪府,0,,-
Pinky Crush,DIVINE JUDGEMENT,0,,-,1003,GROWTH,大阪府,1896,GENT13,大阪府,2801,TAKA.S,大阪府,0,,-
Pinky Crush,Dreamship,0,,-,868,823N,大阪府,1359,HAL,大阪府,1952,BRIBRI,大阪府,0,,-
Pinky Crush,Drop Syndicate,0,,-,1169,TETSU.,大阪府,1908,FIXER,大阪府,3630,TAKA.S,大阪府,0,,-
Pinky Crush,Eleanor,0,,-,796,GROWTH,大阪府,1329,GROWTH,大阪府,2396,LV12,大阪府,0,,-
Pinky Crush,ELYSIUM,0,,-,897,LATIAS,大阪府,1543,FIXER,大阪府,2678,K-JET?,大阪府,0,,-
Pinky Crush,everlastingeuphoria:,0,,-,1098,K*NORI,大阪府,1689,HAL,大阪府,2441,LV12,大阪府,0,,-
Pinky Crush,EX-MASSIVE FIGHTER,0,,-,1211,GROWTH,大阪府,2019,FIXER,大阪府,3398,TAKA.S,大阪府,0,,-
Pinky Crush,EYE OF THE HEAVEN,0,,-,1010,NERIYO,大阪府,2226,FIXER,大阪府,3588,TAKA.S,大阪府,0,,-
Pinky Crush,FERMI PARADOX,0,,-,1139,GROWTH,大阪府,1646,FIXER,大阪府,2520,LV12,大阪府,0,,-
Pinky Crush,Fiery Stallion,0,,-,896,INANNA,大阪府,1670,FIXER,大阪府,2390,LV12,大阪府,0,,-
Pinky Crush,Flamingo,0,,-,1043,K*NORI,大阪府,2207,FIXER,大阪府,3497,TAKA.S,大阪府,0,,-
Pinky Crush,FlyAway,0,,-,1206,ALITH,大阪府,2054,SHTOLA,大阪府,3194,TAKA.S,大阪府,0,,-
Pinky Crush,Galaxy Collapse,0,,-,812,K*NORI,大阪府,1257,FIXER,大阪府,1907,SHTOLA,大阪府,0,,-
Pinky Crush,get set mind,0,,-,989,TETSU.,大阪府,1561,FIXER,大阪府,2433,LV12,大阪府,0,,-
Pinky Crush,God Mind,0,,-,1532,SLAYER,大阪府,2562,FIXER,大阪府,4146,TAKA.S,大阪府,0,,-
Pinky Crush,Good Looking,0,,-,727,K*NORI,大阪府,1301,FIXER,大阪府,2082,TAKA.S,大阪府,0,,-
Pinky Crush,Here We Go Now,0,,-,1077,LATIAS,大阪府,2163,FIXER,大阪府,3324,TAKA.S,大阪府,0,,-
Pinky Crush,hora de verdad,0,,-,1108,K*NORI,大阪府,1909,U-KE,大阪府,3034,TAKA.S,大阪府,0,,-
Pinky Crush,IN BETWEEN,0,,-,904,K*NORI,大阪府,1514,FIXER,大阪府,2384,LV12,大阪府,0,,-
Pinky Crush,KOTONOHA ft. Kotoha,0,,-,722,823N,大阪府,1313,MOGAMI,大阪府,1967,LV12,大阪府,0,,-
Pinky Crush,Lightspeed,0,,-,1254,YUKI86,大阪府,2096,SHTOLA,大阪府,3156,TAKA.S,大阪府,0,,-
Pinky Crush,lowercase lifetime,0,,-,1031,P.J.J,大阪府,2022,FIXER,大阪府,2781,LV12,大阪府,0,,-
Pinky Crush,Lycoris,0,,-,753,KA.K,大阪府,1378,FIXER,大阪府,2045,*RK*,大阪府,0,,-
Pinky Crush,MARLIN,0,,-,1164,MANA,大阪府,2266,LEVI,大阪府,3562,TAKA.S,大阪府,0,,-
Pinky Crush,Mid-Corner (Magic Maker),0,,-,1198,832LMN,大阪府,2037,SHTOLA,大阪府,3143,TAKA.S,大阪府,0,,-
Pinky Crush,Mighty Cutie,0,,-,1146,TETSU.,大阪府,1989,SLAYER,大阪府,2747,WAMDUS,大阪府,0,,-
Pinky Crush,MVP,0,,-,884,286CPU,大阪府,1517,FIXER,大阪府,2581,LV12,大阪府,0,,-
Pinky Crush,NOIXIA,0,,-,1348,XYZ-D,大阪府,2207,RC1,大阪府,3987,3PLE,大阪府,0,,-
Pinky Crush,PERFECT HUMAN,516,GROWTH,大阪府,814,UKYO*,大阪府,1344,YUKI86,大阪府,2175,SLAYER,大阪府,0,,-
Pinky Crush,Pinky Happy Crazy,0,,-,1320,GROWTH,大阪府,2488,FIXER,大阪府,3618,TAKA.S,大阪府,0,,-
Pinky Crush,PIT A PAT,0,,-,1004,TETSU.,大阪府,1807,INANNA,大阪府,2576,*RK*,大阪府,0,,-
Pinky Crush,Plazma,255,OVAN,大阪府,673,GROWTH,大阪府,1229,SU8RAN,大阪府,2019,NOIK.K,大阪府,2827,TAKA.S,大阪府
Pinky Crush,Plea Per Phase,0,,-,965,286CPU,大阪府,1773,HAL,大阪府,2754,TAMA5.,大阪府,0,,-
Pinky Crush,PopなEDEN,0,,-,961,GROWTH,大阪府,1570,FIXER,大阪府,2440,LV12,大阪府,0,,-
Pinky Crush,Raspberry Potion (feat.あれたん & ぎゃるのしん☆),0,,-,871,GROWTH,大阪府,1781,FIXER,大阪府,2502,LV12,大阪府,0,,-
Pinky Crush,RAVE SYNDROME,0,,-,967,F-ZONE,大阪府,1721,FIXER,大阪府,2765,LV12,大阪府,0,,-
Pinky Crush,Roar of Chronos,0,,-,1213,LATIAS,大阪府,2208,SHTOLA,大阪府,3952,TAKA.S,大阪府,0,,-
Pinky Crush,Satellite Burst,0,,-,1206,GROWTH,大阪府,2136,FIXER,大阪府,3900,TAKA.S,大阪府,0,,-
Pinky Crush,Secret Rouge,0,,-,829,UROPEN,大阪府,1646,MOGAMI,大阪府,2323,*RK*,大阪府,0,,-
Pinky Crush,Shirdal,0,,-,867,K*NORI,大阪府,1499,SLAYER,大阪府,2459,SHTOLA,大阪府,0,,-
Pinky Crush,Show Me All Your Love,0,,-,1036,286CPU,大阪府,1995,SLAYER,大阪府,2927,3PLE,大阪府,0,,-
Pinky Crush,SISYPHUS,0,,-,948,GROWTH,大阪府,1691,FIXER,大阪府,2680,LV12,大阪府,0,,-
Pinky Crush,Skratch Education Lv-1,0,,-,1028,3PLE,大阪府,1717,*RK*,大阪府,2837,KND.N,大阪府,0,,-
Pinky Crush,Slumber☆Party,0,,-,819,TETSU.,大阪府,1742,FIXER,大阪府,2299,LV12,大阪府,0,,-
Pinky Crush,Space In Time,0,,-,818,$1.50,大阪府,1538,FIXER,大阪府,2036,*RK*,大阪府,0,,-
Pinky Crush,Stargazing Trip ～星 探す旅～ ft. 小林マナ,0,,-,1040,UKYO*,大阪府,1796,MNGD,大阪府,2676,CHINO,大阪府,0,,-
Pinky Crush,SUPER HEROINE!!,0,,-,907,GROWTH,大阪府,1614,SLAYER,大阪府,2319,Q-Q.,大阪府,0,,-
Pinky Crush,SμG@R RU$#,0,,-,1418,SLAYER,大阪府,2403,FARURU,大阪府,3675,TAKA.S,大阪府,0,,-
Pinky Crush,TECHNO RUMBLE,0,,-,1114,K*NORI,大阪府,1841,HAL,大阪府,2918,TAKA.S,大阪府,0,,-
Pinky Crush,u gotta beat,0,,-,1317,MOGAMI,大阪府,2353,HAL,大阪府,3522,TAKA.S,大阪府,0,,-
Pinky Crush,Uaigh Gealai,0,,-,1263,K*NORI,大阪府,2201,SIENNA,大阪府,3847,TAKA.S,大阪府,0,,-
Pinky Crush,uen,0,,-,1344,K*NORI,大阪府,2163,FRAPPE,大阪府,3028,TAKA.S,大阪府,0,,-
Pinky Crush,Vibing! Shake it!,0,,-,934,286CPU,大阪府,1648,FIXER,大阪府,2488,LV12,大阪府,0,,-
Pinky Crush,Without Heaven,0,,-,1304,PISCES,大阪府,2135,AKANE,大阪府,3691,TAKA.S,大阪府,0,,-
Pinky Crush,XHRONOXAPSULΞ,0,,-,1154,EBI,大阪府,2312,WAMDUS,大阪府,3914,3PLE,大阪府,0,,-
Pinky Crush,えだまめカレークッキング,434,GROWTH,大阪府,779,FLORE,大阪府,1271,FIXER,大阪府,2210,*RK*,大阪府,0,,-
Pinky Crush,きみのせかい,0,,-,1017,GROWTH,大阪府,1623,PANJAB,大阪府,2833,LEVI,大阪府,0,,-
Pinky Crush,きゅうくらりん,452,GROWTH,大阪府,845,GOJIN,大阪府,1697,HNORIN,大阪府,2390,LV12,大阪府,0,,-
Pinky Crush,アラビアン ハイパー ナイト,0,,-,1197,RURUKA,大阪府,1880,SHTOLA,大阪府,3319,TAKA.S,大阪府,0,,-
Pinky Crush,イガク,317,TETSU.,大阪府,833,AAAAAA,大阪府,1514,HNORIN,大阪府,2032,K-JET?,大阪府,3049,PRN-SA,大阪府
Pinky Crush,エクスプロウル,0,,-,942,NA23N.,大阪府,1614,FIXER,大阪府,2403,KND.N,大阪府,0,,-
Pinky Crush,オッドラヴィ,394,GROWTH,大阪府,1060,GROWTH,大阪府,1759,U-KE,大阪府,2532,LV12,大阪府,0,,-
Pinky Crush,オブソミート,235,INANNA,大阪府,862,GROWTH,大阪府,1472,SAYUKI,大阪府,2392,BRIBRI,大阪府,0,,-
Pinky Crush,キスキツネ,198,GROWTH,大阪府,866,U-KE,大阪府,1480,FIXER,大阪府,2358,NOIK.K,大阪府,0,,-
Pinky Crush,ギャ・ギャ・ギャ・ギャラクシー！,0,,-,884,GROWTH,大阪府,1635,FIXER,大阪府,2391,35P,大阪府,0,,-
Pinky Crush,ゲシュタルト,395,GROWTH,大阪府,897,286CPU,大阪府,1526,HIROJD,大阪府,2452,LEVI,大阪府,3325,KND.N,大阪府
Pinky Crush,スキッテイエェエエェ!!!!,0,,-,1580,FIXER,大阪府,2536,HAL,大阪府,4317,3PLE,大阪府,0,,-
Pinky Crush,スパークリング☆彡ハイパーチューン！！,0,,-,1426,KEYNES,大阪府,2158,GERION,大阪府,3664,TAKA.S,大阪府,0,,-
Pinky Crush,ドリムチウ,0,,-,857,GERION,大阪府,1578,GERION,大阪府,2565,LV12,大阪府,0,,-
Pinky Crush,ドーナツホール 2024,342,INANNA,大阪府,974,GROWTH,大阪府,1612,OTACON,大阪府,2358,SHTOLA,大阪府,0,,-
Pinky Crush,ハオ,301,GROWTH,大阪府,822,AAAAAA,大阪府,1727,FIXER,大阪府,2868,LV12,大阪府,0,,-
Pinky Crush,ハルイロメロディー,0,,-,870,GROWTH,大阪府,1394,NOLIZO,大阪府,2214,LEVI,大阪府,0,,-
Pinky Crush,ビビデバ,268,REGLOS,大阪府,717,GAMI,大阪府,1313,U-KE,大阪府,2050,*RK*,大阪府,0,,-
Pinky Crush,ファイナルレター,0,,-,970,GROWTH,大阪府,1852,NA23N.,大阪府,2679,TAKA.S,大阪府,0,,-
Pinky Crush,メズマライザー,574,GROWTH,大阪府,1155,MANA,大阪府,1793,FIXER,大阪府,2741,TAKA.S,大阪府,0,,-
Pinky Crush,ロマンシングエスケープ,0,,-,429,TETSU.,大阪府,1130,FIXER,大阪府,1839,LV12,大阪府,0,,-
Pinky Crush,天使のカンタータ -Cantata of Angels-,0,,-,1223,KEYNES,大阪府,2228,LV12,大阪府,4207,K-JET?,大阪府,0,,-
Pinky Crush,弾幕信仰,0,,-,1068,GROWTH,大阪府,1608,KYRIE,大阪府,2519,TAKA.S,大阪府,0,,-
Pinky Crush,我ら完全無敵のアイドル!!,245,GROWTH,大阪府,1013,UROPEN,大阪府,1602,IIDX33,大阪府,2542,Q-Q.,大阪府,0,,-
Pinky Crush,断罪の一花,0,,-,876,PISCES,大阪府,1543,FIXER,大阪府,2544,LV12,大阪府,0,,-
Pinky Crush,最強頂戴girl,0,,-,852,GROWTH,大阪府,1400,YUKI86,大阪府,2166,Q-Q.,大阪府,0,,-
Pinky Crush,朱と碧のランページ,0,,-,1010,GROWTH,大阪府,1712,SLAYER,大阪府,2523,TAKA.S,大阪府,0,,-
Pinky Crush,消極的セツナイズム,0,,-,938,286CPU,大阪府,1599,SLAYER,大阪府,2256,LV12,大阪府,0,,-
Pinky Crush,灼熱 Lost Summer Dayz,0,,-,1010,GERION,大阪府,1902,KND.N,大阪府,2800,PRN-SA,大阪府,0,,-
Pinky Crush,無双,0,,-,1170,HNORIN,大阪府,1965,FIXER,大阪府,3290,CHINO,大阪府,0,,-
Pinky Crush,爆ぜりゃんせ,0,,-,1029,LATIAS,大阪府,1881,FIXER,大阪府,2960,LV12,大阪府,0,,-
Pinky Crush,覚悟せよ！エンタンメ～ン ～より身の切り売り自暴自棄版～,0,,-,1014,YUKKE,大阪府,1896,FIXER,大阪府,2855,LV12,大阪府,0,,-
Pinky Crush,進捗ダメダメです,276,86765$,大阪府,774,MSY-8,大阪府,1601,MOGAMI,大阪府,2227,RIN!!,大阪府,0,,-
Pinky Crush,飴玉,0,,-,512,ARISAK,大阪府,822,M3,大阪府,1372,WANDOG,大阪府,0,,-
Pinky Crush,ＰＡＳＴＥＬＩＳＭ,0,,-,1013,MANA,大阪府,1549,SLAYER,大阪府,2109,*RK*,大阪府,0,,-
Sparkle Shower,2 Be Continued,0,,-,1055,SLAYER,大阪府,1997,HAL,大阪府,3684,TAKA.S,大阪府,0,,-
Sparkle Shower,A Certified Rave Moment,0,,-,1015,SLAYER,大阪府,1759,FIXER,大阪府,2767,TAKA.S,大阪府,0,,-
Sparkle Shower,ACID VISION,0,,-,1125,I.KILA,大阪府,1625,FRAPPE,大阪府,1834,HAL,大阪府,0,,-
Sparkle Shower,AGETEKE ONDO,0,,-,1023,SLAYER,大阪府,1636,SLAYER,大阪府,2589,KND.N,大阪府,0,,-
Sparkle Shower,Amor∞Fati,0,,-,1251,I.KILA,大阪府,2548,NOIK.K,大阪府,4143,3PLE,大阪府,0,,-
Sparkle Shower,Any％,0,,-,1187,INANNA,大阪府,2157,FIXER,大阪府,3577,3PLE,大阪府,0,,-
Sparkle Shower,Astra Blaze,0,,-,1179,I.KILA,大阪府,2264,FRAPPE,大阪府,3403,KND.N,大阪府,0,,-
Sparkle Shower,Bang Bang Dance,0,,-,840,I.KILA,大阪府,1735,SLAYER,大阪府,2806,TAKA.S,大阪府,0,,-
Sparkle Shower,BattleRoyal,0,,-,1117,I.KILA,大阪府,1765,HAL,大阪府,2605,TAKA.S,大阪府,0,,-
Sparkle Shower,Begin,0,,-,1028,I.KILA,大阪府,2018,I.KILA,大阪府,3258,TAKA.S,大阪府,0,,-
Sparkle Shower,BitRacer,0,,-,1109,FRAPPE,大阪府,2070,FRAPPE,大阪府,3500,K-JET?,大阪府,0,,-
Sparkle Shower,Bloom,0,,-,691,RC1,大阪府,1205,I.KILA,大阪府,1851,TAKA.S,大阪府,0,,-
Sparkle Shower,blue anthem,0,,-,1187,I.KILA,大阪府,1722,RENAI,大阪府,2958,TAKA.S,大阪府,0,,-
Sparkle Shower,Caramel Pain,236,REGLOS,大阪府,648,SLAYER,大阪府,1044,I.KILA,大阪府,1660,LV12,大阪府,0,,-
Sparkle Shower,Catch ya Getcha!,0,,-,1054,SLAYER,大阪府,2018,HAL,大阪府,2907,TAKA.S,大阪府,0,,-
Sparkle Shower,chaplet -IIDX re:build-,0,,-,1016,I.KILA,大阪府,1965,TAMA5.,大阪府,2872,TAKA.S,大阪府,0,,-
Sparkle Shower,COLOR BURST,206,FRAPPE,大阪府,789,I.KILA,大阪府,1397,I.KILA,大阪府,2197,KND.N,大阪府,0,,-
Sparkle Shower,Countdown to Heaven or Hell,0,,-,1267,SLAYER,大阪府,2012,FRAPPE,大阪府,3102,TAKA.S,大阪府,0,,-
Sparkle Shower,D.K.N. ON,0,,-,1042,I.KILA,大阪府,1965,I.KILA,大阪府,2708,TAKA.S,大阪府,0,,-
Sparkle Shower,Digitized Ocean,0,,-,1186,LEVI,大阪府,2016,LEVI,大阪府,3514,TAKA.S,大阪府,0,,-
Sparkle Shower,Disco Killer Music Lover,0,,-,1104,SLAYER,大阪府,1829,CH3F,大阪府,3069,TAKA.S,大阪府,0,,-
Sparkle Shower,Dolphin Kick,0,,-,1491,I.KILA,大阪府,2240,TAKA.S,大阪府,3632,TAKA.S,大阪府,0,,-
Sparkle Shower,Dusk Endir,0,,-,1067,I.KILA,大阪府,2284,FRAPPE,大阪府,3363,TAKA.S,大阪府,0,,-
Sparkle Shower,ESPRIT ONE,0,,-,1304,I.KILA,大阪府,1797,I.KILA,大阪府,2942,TAKA.S,大阪府,0,,-
Sparkle Shower,Ex-Otogibanashi,174,GROWTH,大阪府,462,I.KILA,大阪府,970,PHORNI,大阪府,1591,TAKA.S,大阪府,0,,-
Sparkle Shower,Fashion Fruit,0,,-,1077,SLAYER,大阪府,1955,SLAYER,大阪府,3051,TAKA.S,大阪府,0,,-
Sparkle Shower,fixer,0,,-,846,I.KILA,大阪府,1768,I.KILA,大阪府,3492,LV12,大阪府,0,,-
Sparkle Shower,FIZZY FIZZY POP,0,,-,849,GGG,大阪府,1578,I.KILA,大阪府,2259,KND.N,大阪府,0,,-
Sparkle Shower,FiZZλ_POT!0N,0,,-,1427,FIXER,大阪府,2081,NOIK.K,大阪府,3509,TAKA.S,大阪府,0,,-
Sparkle Shower,From Human Blood,0,,-,1225,SLAYER,大阪府,2099,*RK*,大阪府,3628,TAKA.S,大阪府,0,,-
Sparkle Shower,Funky Quirky,0,,-,936,I.KILA,大阪府,1889,I.KILA,大阪府,2603,KND.N,大阪府,0,,-
Sparkle Shower,Get Into The Groove feat.WaMi,0,,-,995,I.KILA,大阪府,1414,FIXER,大阪府,2282,LV12,大阪府,0,,-
Sparkle Shower,Gimme a Big Beat(青龍 Remix),0,,-,1269,I.KILA,大阪府,2360,FRAPPE,大阪府,3158,TAKA.S,大阪府,0,,-
Sparkle Shower,GO!,0,,-,881,I.KILA,大阪府,1825,I.KILA,大阪府,3051,KND.N,大阪府,0,,-
Sparkle Shower,GOLD RUSH 2025,0,,-,867,I.KILA,大阪府,1574,FRAPPE,大阪府,2761,LV12,大阪府,0,,-
Sparkle Shower,Hallucination,0,,-,1058,INANNA,大阪府,1891,FRAPPE,大阪府,2717,LV12,大阪府,0,,-
Sparkle Shower,HEROES,0,,-,1358,I.KILA,大阪府,2267,FRAPPE,大阪府,3451,TAKA.S,大阪府,0,,-
Sparkle Shower,HORIZON BEATZ,0,,-,770,SAYUKI,大阪府,1673,GGG,大阪府,2558,KND.N,大阪府,0,,-
Sparkle Shower,HyperTwist,0,,-,1298,I.KILA,大阪府,2244,NOIK.K,大阪府,3313,3PLE,大阪府,0,,-
Sparkle Shower,Ignited Night,0,,-,1088,I.KILA,大阪府,1545,I.KILA,大阪府,2402,TAKA.S,大阪府,0,,-
Sparkle Shower,Iridescent Memories,0,,-,1517,I.KILA,大阪府,2133,FRAPPE,大阪府,3904,TAKA.S,大阪府,0,,-
Sparkle Shower,JUST SYNC ft.Kanae Asaba,0,,-,755,SLAYER,大阪府,1291,SLAYER,大阪府,2024,TAKA.S,大阪府,0,,-
Sparkle Shower,Kick The Rainbow,0,,-,1154,Q-Q.,大阪府,2015,I.KILA,大阪府,2957,TAKA.S,大阪府,0,,-
Sparkle Shower,King of Tribe,0,,-,1114,FRAPPE,大阪府,2051,FRAPPE,大阪府,3112,KND.N,大阪府,0,,-
Sparkle Shower,kors k's Let's make an Image Song!,0,,-,990,HAL,大阪府,1870,HAL,大阪府,2763,TAKA.S,大阪府,0,,-
Sparkle Shower,Last Card,0,,-,1065,FRAPPE,大阪府,1897,HAL,大阪府,3100,TAKA.S,大阪府,0,,-
Sparkle Shower,LEMON MELON COOKIE,369,MSY-8,大阪府,818,SLAYER,大阪府,1552,REGLOS,大阪府,2253,TAKA.S,大阪府,0,,-
Sparkle Shower,Limelight,0,,-,1138,I.KILA,大阪府,1973,FRAPPE,大阪府,3054,TAKA.S,大阪府,0,,-
Sparkle Shower,Lisa-RICCIA,519,I.KILA,大阪府,1243,SLAYER,大阪府,2232,HAL,大阪府,3365,TAKA.S,大阪府,4641,3PLE,大阪府
Sparkle Shower,Makin' It,0,,-,1043,SLAYER,大阪府,1660,HAL,大阪府,2761,LV12,大阪府,0,,-
Sparkle Shower,Memoria Obscura,0,,-,1010,BAOL,大阪府,2203,BRIBRI,大阪府,4114,3PLE,大阪府,0,,-
Sparkle Shower,Meteor☆Shower,0,,-,967,I.KILA,大阪府,2075,I.KILA,大阪府,2927,KND.N,大阪府,0,,-
Sparkle Shower,Mighty Beat Monsterz,0,,-,1257,I.KILA,大阪府,1939,FRAPPE,大阪府,3209,TAKA.S,大阪府,0,,-
Sparkle Shower,MOCHIMOCHI DREAMIN!!,0,,-,1136,REGLOS,大阪府,1847,I.KILA,大阪府,3039,TAKA.S,大阪府,0,,-
Sparkle Shower,Nemophila,0,,-,1047,I.KILA,大阪府,1805,I.KILA,大阪府,2742,TAKA.S,大阪府,0,,-
Sparkle Shower,Nyan Nyan University,0,,-,941,I.KILA,大阪府,1615,SLAYER,大阪府,2580,TAKA.S,大阪府,0,,-
Sparkle Shower,OMEGA,0,,-,1088,OSCAR,大阪府,2198,TAKA.S,大阪府,3419,TAKA.S,大阪府,0,,-
Sparkle Shower,PALETTE,368,FRAPPE,大阪府,883,I.KILA,大阪府,1462,HAL,大阪府,2058,TAKA.S,大阪府,0,,-
Sparkle Shower,PERFECT GREAT!!,0,,-,1290,FRAPPE,大阪府,2412,FRAPPE,大阪府,3875,TAKA.S,大阪府,0,,-
Sparkle Shower,pique,0,,-,1129,MSY-8,大阪府,2025,I.KILA,大阪府,3051,TAKA.S,大阪府,0,,-
Sparkle Shower,RALLY '25,0,,-,1219,SLAYER,大阪府,2165,*RK*,大阪府,3289,TAKA.S,大阪府,0,,-
Sparkle Shower,REcorrection,0,,-,589,I.KILA,大阪府,1097,I.KILA,大阪府,1623,*RK*,大阪府,0,,-
Sparkle Shower,Regina vespaE,0,,-,1246,SLAYER,大阪府,2258,NOIK.K,大阪府,3620,TAKA.S,大阪府,0,,-
Sparkle Shower,RIZING-GAMERS.,0,,-,1049,I.KILA,大阪府,2267,FRAPPE,大阪府,3433,TAKA.S,大阪府,0,,-
Sparkle Shower,RUINA,0,,-,929,I.KILA,大阪府,1803,I.KILA,大阪府,2883,3PLE,大阪府,0,,-
Sparkle Shower,Second Heaven(Mamonis Remix),0,,-,924,INANNA,大阪府,1660,I.KILA,大阪府,2527,KND.N,大阪府,0,,-
Sparkle Shower,SHINING☆DANCE,0,,-,873,SLAYER,大阪府,1576,SLAYER,大阪府,2479,TAKA.S,大阪府,0,,-
Sparkle Shower,Shooting Star,238,I.KILA,大阪府,839,SLAYER,大阪府,1515,SLAYER,大阪府,2450,TAKA.S,大阪府,0,,-
Sparkle Shower,Show Time,0,,-,850,MSY-8,大阪府,1418,I.KILA,大阪府,2055,TAKA.S,大阪府,0,,-
Sparkle Shower,Signs and Wonders,0,,-,666,FRAPPE,大阪府,1043,I.KILA,大阪府,1600,NOIK.K,大阪府,0,,-
Sparkle Shower,SILKY BRAVE,0,,-,928,I.KILA,大阪府,1606,I.KILA,大阪府,2385,Q-Q.,大阪府,0,,-
Sparkle Shower,Skywalking,0,,-,912,MOCO,大阪府,1440,FRAPPE,大阪府,2337,TAKA.S,大阪府,0,,-
Sparkle Shower,Smintheus,0,,-,1337,FRAPPE,大阪府,2344,NOIK.K,大阪府,3684,TAKA.S,大阪府,0,,-
Sparkle Shower,SnapSkipSpark,0,,-,1088,SLAYER,大阪府,1925,SLAYER,大阪府,2920,3PLE,大阪府,0,,-
Sparkle Shower,Space Battleship S4TO,0,,-,1356,SLAYER,大阪府,2252,*RK*,大阪府,3784,TAKA.S,大阪府,0,,-
Sparkle Shower,SPLASH!!!!!!!!!,0,,-,916,SLAYER,大阪府,1516,HAL,大阪府,2298,TAKA.S,大阪府,0,,-
Sparkle Shower,Substance,0,,-,1188,SLAYER,大阪府,1729,HP.O,大阪府,3085,LV12,大阪府,0,,-
Sparkle Shower,super double play sessions,0,,-,1433,SLAYER,大阪府,2407,NOIK.K,大阪府,4302,3PLE,大阪府,0,,-
Sparkle Shower,THUNDERSTRIKE,0,,-,1283,I.KILA,大阪府,2075,I.KILA,大阪府,3488,TAKA.S,大阪府,0,,-
Sparkle Shower,TOKAKU=ALMiRAJ,0,,-,931,INANNA,大阪府,1963,RENAI,大阪府,2867,TAKA.S,大阪府,0,,-
Sparkle Shower,UNDO THE NIGHT,0,,-,1043,I.KILA,大阪府,2118,WAMDUS,大阪府,3477,LV12,大阪府,0,,-
Sparkle Shower,Vitamin,0,,-,1170,SLAYER,大阪府,1809,RENAI,大阪府,2652,TAKA.S,大阪府,0,,-
Sparkle Shower,voice of echo.,0,,-,1112,I.KILA,大阪府,1811,HAL,大阪府,2752,TAKA.S,大阪府,0,,-
Sparkle Shower,Watermelon Explosion,0,,-,766,I.KILA,大阪府,1382,FRAPPE,大阪府,2025,TAKA.S,大阪府,0,,-
Sparkle Shower,Wizards!,0,,-,798,I.KILA,大阪府,1631,FRAPPE,大阪府,2280,KND.N,大阪府,0,,-
Sparkle Shower,X-Plan,0,,-,732,I.KILA,大阪府,1361,I.KILA,大阪府,2221,*RK*,大阪府,0,,-
Sparkle Shower,[E],0,,-,1501,I.KILA,大阪府,2244,BRIBRI,大阪府,3435,TAKA.S,大阪府,0,,-
Sparkle Shower,Τeλοs,0,,-,1067,FRAPPE,大阪府,1772,I.KILA,大阪府,2640,3PLE,大阪府,0,,-
Sparkle Shower,ιgniЯRuina,0,,-,1397,SLAYER,大阪府,2183,*RK*,大阪府,3601,TAKA.S,大阪府,0,,-
Sparkle Shower,⁽⁽ଘ( ˙꒳˙ )ଓ⁾⁾ beyond reason,0,,-,1278,I.KILA,大阪府,2108,FRAPPE,大阪府,3889,TAKA.S,大阪府,0,,-
Sparkle Shower,かわいいだけじゃだめですか？,220,TOPPY,大阪府,937,SLAYER,大阪府,1603,SLAYER,大阪府,2136,TAKA.S,大阪府,3519,TAKA.S,大阪府
Sparkle Shower,じぇりー じゅえる ジャングル,0,,-,1238,OSCAR,大阪府,1935,FRAPPE,大阪府,3257,KND.N,大阪府,0,,-
Sparkle Shower,それが、ボクの使命～レスキュー隊長 メンキュー～,0,,-,745,SLAYER,大阪府,1581,I.KILA,大阪府,2180,TAKA.S,大阪府,0,,-
Sparkle Shower,でんぱ どりる わんにゃー☆三,290,FRAPPE,大阪府,1195,SLAYER,大阪府,2273,HAL,大阪府,3343,TAKA.S,大阪府,0,,-
Sparkle Shower,もんめためたもん,220,TOPPY,大阪府,857,SLAYER,大阪府,1422,SLAYER,大阪府,2250,TAKA.S,大阪府,0,,-
Sparkle Shower,オーバーライド,479,MSY-8,大阪府,1217,SLAYER,大阪府,1811,HP.O,大阪府,3203,TAKA.S,大阪府,0,,-
Sparkle Shower,キミとえがくキセキ,0,,-,913,I.KILA,大阪府,1512,I.KILA,大阪府,2247,KND.N,大阪府,0,,-
Sparkle Shower,クレッシェンド,0,,-,1214,I.KILA,大阪府,1899,FRAPPE,大阪府,3404,TAKA.S,大阪府,0,,-
Sparkle Shower,サタデーナイト☆ギャロップ,0,,-,1282,RYO2,大阪府,1985,WANDOG,大阪府,4107,TAKA.S,大阪府,0,,-
Sparkle Shower,タンポポ,0,,-,1252,I.KILA,大阪府,1921,I.KILA,大阪府,2685,3PLE,大阪府,0,,-
Sparkle Shower,デラむぅのでらっくす☆どり～むぅ,0,,-,827,I.KILA,大阪府,1329,SLAYER,大阪府,1986,TAKA.S,大阪府,0,,-
Sparkle Shower,バブリン,273,OSCAR,大阪府,1167,SLAYER,大阪府,1735,HNORIN,大阪府,2433,TAKA.S,大阪府,0,,-
Sparkle Shower,ビビッド ☆+*。キラキライム,541,OSCAR,大阪府,1204,SLAYER,大阪府,2111,SLAYER,大阪府,3770,TAKA.S,大阪府,0,,-
Sparkle Shower,ベラ・ベ・カラベラ,0,,-,1052,SLAYER,大阪府,1716,SLAYER,大阪府,2766,KND.N,大阪府,0,,-
Sparkle Shower,ベンガル vs. アムール Battle,0,,-,1327,I.KILA,大阪府,2077,I.KILA,大阪府,3698,3PLE,大阪府,0,,-
Sparkle Shower,メテオラ-meteor-,0,,-,1072,FRAPPE,大阪府,1855,RENAI,大阪府,2456,LEVI,大阪府,0,,-
Sparkle Shower,メルト CPK! Remix (初音ミク ver.),477,BAOL,大阪府,870,I.KILA,大阪府,1655,FIXER,大阪府,2864,TAKA.S,大阪府,0,,-
Sparkle Shower,ラブコメトキドキシリアス,0,,-,1260,FRAPPE,大阪府,2043,FRAPPE,大阪府,3749,TAKA.S,大阪府,0,,-
Sparkle Shower,レシピのリドル,0,,-,645,MSY-8,大阪府,1433,I.KILA,大阪府,2337,*RK*,大阪府,0,,-
Sparkle Shower,三日天下モンキー,0,,-,732,MSY-8,大阪府,1311,I.KILA,大阪府,1801,TSUKKI,大阪府,0,,-
Sparkle Shower,不死身ごっこ,267,I.KILA,大阪府,963,SLAYER,大阪府,1495,SLAYER,大阪府,2543,*RK*,大阪府,0,,-
Sparkle Shower,夏色のセレナーデ,0,,-,886,SLAYER,大阪府,1355,HNORIN,大阪府,2252,TAKA.S,大阪府,0,,-
Sparkle Shower,夢色ワンダー,543,GROWTH,大阪府,1528,MANA,大阪府,2161,I.KILA,大阪府,3239,TAKA.S,大阪府,0,,-
Sparkle Shower,好吃来世deエレクトリック,0,,-,816,I.KILA,大阪府,1393,I.KILA,大阪府,1910,TAKA.S,大阪府,0,,-
Sparkle Shower,恋愛観測,0,,-,696,OSCAR,大阪府,1453,FRAPPE,大阪府,2490,TAKA.S,大阪府,0,,-
Sparkle Shower,断罪のミメシス,0,,-,1407,I.KILA,大阪府,2169,FRAPPE,大阪府,3376,TAKA.S,大阪府,0,,-
Sparkle Shower,月下繚乱,0,,-,906,I.KILA,大阪府,1765,SLAYER,大阪府,2805,TAKA.S,大阪府,0,,-
Sparkle Shower,煉獄コンフィチュール,0,,-,1021,SLAYER,大阪府,1883,HAL,大阪府,2687,TAKA.S,大阪府,0,,-
Sparkle Shower,百恋ラブラスター,0,,-,741,SLAYER,大阪府,1610,SLAYER,大阪府,2638,TAKA.S,大阪府,0,,-
Sparkle Shower,色を喪った街,0,,-,1313,I.KILA,大阪府,2421,I.KILA,大阪府,3847,TAKA.S,大阪府,0,,-
Sparkle Shower,華麗なる！音戯探偵ひなビタ,0,,-,708,SLAYER,大阪府,1347,SLAYER,大阪府,2304,*RK*,大阪府,0,,-
Sparkle Shower,鏡像都市,0,,-,840,SLAYER,大阪府,1399,RENAI,大阪府,1966,TAKA.S,大阪府,0,,-
Sparkle Shower,閃と雷管とロープ,0,,-,911,SLAYER,大阪府,1422,SLAYER,大阪府,2582,TAKA.S,大阪府,0,,-
