バージョン,タイトル,BEGINNER EXスコア,BEGINNER DJName,BEGINNER 都道府県,NORMAL EXスコア,NORMAL DJName,NORMAL 都道府県,HYPER EXスコア,HYPER DJName,HYPER 都道府県,ANOTHER EXスコア,ANOTHER DJName,ANOTHER 都道府県,LEGGENDARIA EXスコア,LEGGENDARIA DJName,LEGGENDARIA 都道府県
1st&substream,22DUNK,0,,-,407,.TEITO,島根県,604,CHARIN,島根県,632,CHARIN,島根県,0,,-
1st&substream,5.1.1.,0,,-,194,CHARIN,島根県,970,CHARIN,島根県,1469,KOHNOS,島根県,0,,-
1st&substream,deep in you,0,,-,323,CYDER*,島根県,189,SUUSA,島根県,622,CHARIN,島根県,0,,-
1st&substream,Dr.LOVE,0,,-,0,,-,479,CHARIN,島根県,540,CHARIN,島根県,0,,-
1st&substream,GAMBOL,0,,-,239,.TEITO,島根県,255,CHARIN,島根県,0,,-,0,,-
1st&substream,GENOM SCREAMS,0,,-,347,.TEITO,島根県,751,CHARIN,島根県,965,CHARIN,島根県,0,,-
1st&substream,gentle stress,0,,-,238,KYOKI*,島根県,536,.TEITO,島根県,1281,CHARIN,島根県,0,,-
1st&substream,GRADIUSIC CYBER,0,,-,146,SUUSA,島根県,0,,-,1101,CHARIN,島根県,0,,-
1st&substream,KEEP ON MOVIN',0,,-,177,LU.PSJ,島根県,237,CHARIN,島根県,0,,-,0,,-
1st&substream,Macho Gang,0,,-,0,,-,624,.TEITO,島根県,1533,KOHNOS,島根県,0,,-
1st&substream,PARANOIA MAX～DIRTY MIX～,0,,-,477,.TEITO,島根県,604,.TEITO,島根県,1027,CHARIN,島根県,0,,-
1st&substream,R3,0,,-,157,KYR.54,島根県,0,,-,812,CHARIN,島根県,0,,-
1st&substream,RUGGED ASH,0,,-,319,.TEITO,島根県,372,PINACC,島根県,933,PINACC,島根県,1886,BOSS,島根県
1st&substream,THE EARTH LIGHT,0,,-,0,,-,943,CHARIN,島根県,1024,CHARIN,島根県,0,,-
2nd style,.59,0,,-,271,SUUSA,島根県,692,DVL,島根県,1090,AA3,島根県,0,,-
2nd style,Digital MinD(A/T Libra mix),0,,-,412,KYOKI*,島根県,0,,-,1031,CHARIN,島根県,0,,-
2nd style,Electro Tuned(the SubS mix),0,,-,338,SUUSA,島根県,0,,-,961,LU.PSJ,島根県,0,,-
2nd style,I Was The One,0,,-,171,BRAXBR,島根県,591,RYZE-R,島根県,668,CHARIN,島根県,0,,-
2nd style,Indigo Vision(full flavour hide around mix),0,,-,705,.TEITO,島根県,805,.TEITO,島根県,1144,RAN.S,島根県,0,,-
2nd style,PUT YOUR FAITH IN ME(for beatmania II),0,,-,463,.TEITO,島根県,803,CHARIN,島根県,0,,-,0,,-
2nd style,SP-TRIP MACHINE(for beatmania II),0,,-,310,SUUSA,島根県,273,CROWN,島根県,624,CHARIN,島根県,0,,-
3rd style,CAN'T STOP FALLIN'IN LOVE,0,,-,536,.TEITO,島根県,1146,RAN.S,島根県,0,,-,0,,-
3rd style,Don't Stop!,0,,-,0,,-,757,RYZE-R,島根県,870,CHARIN,島根県,0,,-
3rd style,era (nostalmix),0,,-,714,.TEITO,島根県,797,1JSB,島根県,1385,PINACC,島根県,0,,-
3rd style,Holic,0,,-,612,.TEITO,島根県,1136,LU.PSJ,島根県,1556,RAN.S,島根県,0,,-
3rd style,LEADING CYBER,0,,-,0,,-,0,,-,1137,RAN.S,島根県,0,,-
3rd style,Presto,0,,-,423,.TEITO,島根県,743,YAMA,島根県,922,9610,島根県,0,,-
3rd style,R5,0,,-,730,PINACC,島根県,984,YUNA.S,島根県,1643,SUKE,島根県,0,,-
3rd style,REINCARNATION,0,,-,310,KYOKI*,島根県,730,.TEITO,島根県,1148,CHARIN,島根県,0,,-
3rd style,Schlagwerk,0,,-,765,LU.PSJ,島根県,1208,LU.PSJ,島根県,1540,CHARIN,島根県,0,,-
3rd style,Skyscraper,0,,-,0,,-,1097,LU.PSJ,島根県,1167,CHARIN,島根県,0,,-
3rd style,Tangerine Stream,0,,-,0,,-,386,9610,島根県,0,,-,0,,-
3rd style,THE SAFARI,320,.TEITO,島根県,954,YUNA.S,島根県,1644,RAN.S,島根県,0,,-,0,,-
4th style,250bpm,0,,-,514,.TEITO,島根県,0,,-,911,777777,島根県,0,,-
4th style,ABSOLUTE,0,,-,986,.TEITO,島根県,878,KUMAIT,島根県,2139,RAN.S,島根県,2455,RAN.S,島根県
4th style,B4U,0,,-,420,S,島根県,990,DVL,島根県,1727,CHARIN,島根県,0,,-
4th style,Broken My Heart,0,,-,0,,-,975,.TEITO,島根県,1623,CHARIN,島根県,0,,-
4th style,Burnin' The Floor,0,,-,379,CYDER*,島根県,770,.TEITO,島根県,1350,CHARIN,島根県,0,,-
4th style,CHECKING YOU OUT,0,,-,437,.TEITO,島根県,0,,-,863,1129,島根県,0,,-
4th style,Clione,0,,-,476,YUNA.S,島根県,849,LU.PSJ,島根県,1483,KOHNOS,島根県,1930,RAN.S,島根県
4th style,DXY!,0,,-,916,.TEITO,島根県,1478,LU.PSJ,島根県,2128,BOSS,島根県,0,,-
4th style,empathy,0,,-,0,,-,883,.TEITO,島根県,1351,RAN.S,島根県,0,,-
4th style,era (step mix),0,,-,862,.TEITO,島根県,1178,LU.PSJ,島根県,1573,KOHNOS,島根県,0,,-
4th style,FLOWERS for ALBION,0,,-,0,,-,401,CHARIN,島根県,0,,-,0,,-
4th style,HIGHER,0,,-,509,LU.PSJ,島根県,496,GRND,島根県,1220,CHARIN,島根県,0,,-
4th style,Hitch Hiker2,0,,-,0,,-,0,,-,1114,777777,島根県,1770,RAN.S,島根県
4th style,Jam&Marmalade,0,,-,616,.TEITO,島根県,852,CHARIN,島根県,934,CHARIN,島根県,0,,-
4th style,KAMIKAZE,0,,-,816,.TEITO,島根県,1357,RAN.S,島根県,2056,RAN.S,島根県,0,,-
4th style,LOVE WILL・・・,0,,-,454,.TEITO,島根県,710,CHARIN,島根県,1395,9610,島根県,0,,-
4th style,minimalian,0,,-,436,.TEITO,島根県,0,,-,1396,CHMR,島根県,0,,-
4th style,Mr.T.(take me higher),0,,-,704,.TEITO,島根県,772,.TEITO,島根県,1673,KOHNOS,島根県,0,,-
4th style,starmine,413,.TEITO,島根県,838,YUNA.S,島根県,1281,LU.PSJ,島根県,1531,KOHNOS,島根県,0,,-
4th style,SWEET LAB,0,,-,423,.TEITO,島根県,861,LU.PSJ,島根県,1118,RAN.S,島根県,0,,-
4th style,Voltage (feat. Hidemaru),0,,-,605,A,島根県,809,.TEITO,島根県,1258,BOSS,島根県,0,,-
5th style,Abyss,0,,-,439,CROWN,島根県,1123,.TEITO,島根県,1786,RAN.S,島根県,0,,-
5th style,in my eyes,0,,-,779,.TEITO,島根県,1030,.TEITO,島根県,1472,9610,島根県,0,,-
5th style,LOVE AGAIN TONIGHT～for Mellisa mix～,0,,-,0,,-,0,,-,1090,9610,島根県,0,,-
5th style,outer wall,0,,-,640,.TEITO,島根県,1213,LU.PSJ,島根県,1597,RAN.S,島根県,0,,-
5th style,QQQ,0,,-,959,.TEITO,島根県,1661,LU.PSJ,島根県,1857,DORAI,島根県,0,,-
5th style,Radical Faith,0,,-,0,,-,0,,-,1152,777777,島根県,0,,-
5th style,Real,0,,-,705,.TEITO,島根県,0,,-,1487,CHARIN,島根県,0,,-
5th style,Regulus,0,,-,638,.TEITO,島根県,808,DVL,島根県,1549,KOHNOS,島根県,0,,-
5th style,RIDE ON THE LIGHT (HI GREAT MIX),0,,-,763,.TEITO,島根県,811,.TEITO,島根県,1570,TOG,島根県,1676,K*N.SY,島根県
5th style,RISLIM,0,,-,716,.TEITO,島根県,1086,RAN.S,島根県,0,,-,0,,-
5th style,sometime,0,,-,394,GAMN70,島根県,705,.TEITO,島根県,1169,TOG,島根県,0,,-
5th style,Spin the disc,0,,-,633,.TEITO,島根県,912,RIJI.T,島根県,1217,RAN.S,島根県,0,,-
5th style,STILL IN MY HEART,0,,-,412,AWASHA,島根県,1091,LU.PSJ,島根県,1772,K*N.SY,島根県,0,,-
5th style,still my words,0,,-,0,,-,1159,9610,島根県,0,,-,0,,-
5th style,sync,0,,-,850,.TEITO,島根県,1234,DVL,島根県,2266,KOHNOS,島根県,0,,-
5th style,THE CUBE,0,,-,0,,-,615,ARISA,島根県,1132,777777,島根県,0,,-
5th style,THE SHINING POLARIS,0,,-,779,.TEITO,島根県,907,.TEITO,島根県,1349,777777,島根県,0,,-
5th style,V,314,.TEITO,島根県,1078,PINACC,島根県,2109,YOU,島根県,2895,CHMR,島根県,0,,-
6th style,"19,November",0,,-,1029,LU.PSJ,島根県,1013,.TEITO,島根県,1632,RAN.S,島根県,0,,-
6th style,BALLAD FOR YOU～想いの雨～,0,,-,504,.TEITO,島根県,678,.TEITO,島根県,1040,9610,島根県,0,,-
6th style,Blueberry Stream,0,,-,0,,-,934,.TEITO,島根県,1348,9610,島根県,0,,-
6th style,Buffalo,0,,-,929,LU.PSJ,島根県,983,.TEITO,島根県,1618,RAN.S,島根県,2118,PORUTA,島根県
6th style,Colors (radio edit),0,,-,1007,.TEITO,島根県,1275,RYZE-R,島根県,2317,BOSS,島根県,0,,-
6th style,DIVE ～INTO YOUR HEART～,0,,-,987,.TEITO,島根県,1509,YAMA,島根県,1783,CHARIN,島根県,0,,-
6th style,fly through the night,0,,-,0,,-,857,.TEITO,島根県,1614,RAN.S,島根県,0,,-
6th style,Free Style,0,,-,0,,-,0,,-,1226,K*N.SY,島根県,0,,-
6th style,Frozen Ray (original mix),0,,-,962,.TEITO,島根県,1525,LU.PSJ,島根県,1645,TOG,島根県,0,,-
6th style,G2,0,,-,842,A,島根県,1458,LU.PSJ,島根県,1889,CHARIN,島根県,0,,-
6th style,L'amour et la liberte,0,,-,728,.TEITO,島根県,1243,LU.PSJ,島根県,1864,RAN.S,島根県,0,,-
6th style,Linus,0,,-,691,.TEITO,島根県,1271,TINNY,島根県,2135,CHMR,島根県,0,,-
6th style,NEMESIS,0,,-,929,LU.PSJ,島根県,0,,-,1584,PINACC,島根県,0,,-
6th style,rottel-da-sun,0,,-,599,.TEITO,島根県,1157,LU.PSJ,島根県,1600,9610,島根県,0,,-
6th style,route 80s,0,,-,689,.TEITO,島根県,718,1JSB,島根県,1496,CHMR,島根県,0,,-
6th style,SOMETHING WONDERFUL,0,,-,748,.TEITO,島根県,933,.TEITO,島根県,1774,CHARIN,島根県,0,,-
6th style,Summer Vacation(CU mix),0,,-,868,.TEITO,島根県,1651,RAN.S,島根県,0,,-,0,,-
6th style,Take It Easy,0,,-,1343,LU.PSJ,島根県,1908,LU.PSJ,島根県,2469,CHMR,島根県,0,,-
6th style,VJ ARMY,0,,-,972,.TEITO,島根県,1477,LU.PSJ,島根県,1873,CHARIN,島根県,0,,-
6th style,こっちを向いてよ,0,,-,685,.TEITO,島根県,1127,LU.PSJ,島根県,1254,RAN.S,島根県,0,,-
7th style,A,0,,-,1136,LU.PSJ,島根県,1674,AMA,島根県,2171,PINACC,島根県,0,,-
7th style,AVE DE RAPINA,0,,-,969,.TEITO,島根県,1474,LU.PSJ,島根県,1613,CHARIN,島根県,0,,-
7th style,Bad Routine,0,,-,970,LU.PSJ,島根県,1325,CHARIN,島根県,1788,RAN.S,島根県,0,,-
7th style,Burning Heat! (Full Option Mix),0,,-,560,.TEITO,島根県,422,AWASHA,島根県,1355,TOG,島根県,0,,-
7th style,Cheer Train,0,,-,449,SPACEY,島根県,849,.TEITO,島根県,1587,RAN.S,島根県,0,,-
7th style,D2R,0,,-,689,.TEITO,島根県,919,.TEITO,島根県,0,,-,0,,-
7th style,DESTINY,0,,-,0,,-,933,.TEITO,島根県,1669,CHARIN,島根県,0,,-
7th style,foreplay,0,,-,509,.TEITO,島根県,980,YOU,島根県,1137,CHARIN,島根県,0,,-
7th style,Glorious Days,0,,-,430,.TEITO,島根県,676,.TEITO,島根県,789,CHARIN,島根県,0,,-
7th style,Happy Wedding,0,,-,920,.TEITO,島根県,1074,.TEITO,島根県,1632,9610,島根県,0,,-
7th style,Last Message,0,,-,811,.TEITO,島根県,1224,RAN.S,島根県,1401,CHARIN,島根県,0,,-
7th style,Let the Snow Paint Me,0,,-,694,.TEITO,島根県,801,.TEITO,島根県,1189,CHARIN,島根県,0,,-
7th style,Love Me Do,0,,-,943,.TEITO,島根県,1507,LU.PSJ,島根県,2061,RAN.S,島根県,0,,-
7th style,MAX 300,0,,-,990,YUNA.S,島根県,1656,CHARIN,島根県,2784,CHMR,島根県,0,,-
7th style,Somebody Like You,0,,-,0,,-,971,.TEITO,島根県,1671,KOHNOS,島根県,0,,-
7th style,Spica,0,,-,539,.TEITO,島根県,0,,-,2249,CHMR,島根県,0,,-
7th style,stoic,0,,-,1455,LU.PSJ,島根県,2177,CHARIN,島根県,2441,BOSS,島根県,0,,-
7th style,Tomorrow Perfume,0,,-,835,.TEITO,島根県,1754,CHARIN,島根県,1866,CHARIN,島根県,0,,-
7th style,traces,0,,-,1069,.TEITO,島根県,1776,RAN.S,島根県,2023,RAN.S,島根県,0,,-
7th style,ZERO-ONE,0,,-,830,.TEITO,島根県,894,RYZE-R,島根県,2106,KOHNOS,島根県,2571,K*N.SY,島根県
7th style,革命,0,,-,659,YUNA.S,島根県,1746,CHARIN,島根県,1984,CHARIN,島根県,0,,-
8th style,abstract,0,,-,911,.TEITO,島根県,0,,-,1691,CHARIN,島根県,0,,-
8th style,airflow,0,,-,346,KYOKI*,島根県,635,YUNA.S,島根県,1347,9610,島根県,0,,-
8th style,ALL RIGHT,0,,-,824,LU.PSJ,島根県,771,.TEITO,島根県,1443,PINACC,島根県,0,,-
8th style,Attitude,0,,-,763,.TEITO,島根県,1205,LU.PSJ,島根県,1577,RAN.S,島根県,0,,-
8th style,bit mania,0,,-,775,.TEITO,島根県,1178,YUNA.S,島根県,1797,9610,島根県,0,,-
8th style,Blame,0,,-,1096,LU.PSJ,島根県,980,.TEITO,島根県,1754,RAN.S,島根県,0,,-
8th style,CELEBRATE NITE,0,,-,0,,-,790,.TEITO,島根県,1302,9610,島根県,0,,-
8th style,Colors -Y&Co. Eurobeat Remix-,0,,-,953,.TEITO,島根県,0,,-,1987,CHARIN,島根県,0,,-
8th style,dual control,0,,-,580,.TEITO,島根県,897,.TEITO,島根県,1588,CHARIN,島根県,0,,-
8th style,Giudecca,0,,-,721,.TEITO,島根県,1631,MCPATA,島根県,2301,CHARIN,島根県,0,,-
8th style,Halfway of promise,0,,-,820,.TEITO,島根県,0,,-,1723,KOHNOS,島根県,0,,-
8th style,HYPER BOUNDARY GATE,0,,-,1001,.TEITO,島根県,0,,-,2035,RAN.S,島根県,0,,-
8th style,LAB,0,,-,790,.TEITO,島根県,792,A,島根県,1835,RAN.S,島根県,2509,KOHNOS,島根県
8th style,LOVE IS ORANGE,0,,-,483,DOUJIN,島根県,906,YUNA.S,島根県,1634,PINACC,島根県,1916,2KAPON,島根県
8th style,Luv 2 Feel Your Body,0,,-,674,.TEITO,島根県,777,.TEITO,島根県,1573,KOHNOS,島根県,0,,-
8th style,memories,0,,-,902,.TEITO,島根県,1226,KYR.54,島根県,2064,CHARIN,島根県,0,,-
8th style,Monkey Dance,0,,-,679,.TEITO,島根県,1195,YOU,島根県,1777,CHARIN,島根県,0,,-
8th style,murmur twins,0,,-,943,.TEITO,島根県,1386,LU.PSJ,島根県,2157,RAN.S,島根県,0,,-
8th style,MUSIC TO YOUR HEAD,0,,-,639,.TEITO,島根県,1121,LU.PSJ,島根県,1592,KOHNOS,島根県,0,,-
8th style,PLEASE DON'T GO,0,,-,0,,-,1123,YOU,島根県,2442,CHMR,島根県,0,,-
8th style,rainbow flyer,0,,-,558,.TEITO,島根県,795,DVL,島根県,1942,K*N.SY,島根県,0,,-
8th style,symbolic,0,,-,1310,LU.PSJ,島根県,0,,-,2056,KOHNOS,島根県,0,,-
8th style,thunder,0,,-,886,.TEITO,島根県,0,,-,1876,CHMR,島根県,0,,-
8th style,WAR GAME,0,,-,812,.TEITO,島根県,1483,RAN.S,島根県,2103,CHMR,島根県,0,,-
8th style,World Wide Love,0,,-,591,.TEITO,島根県,0,,-,1100,RAN.S,島根県,0,,-
8th style,xenon,0,,-,812,.TEITO,島根県,0,,-,2377,RAN.S,島根県,0,,-
8th style,桜,0,,-,862,YUNA.S,島根県,1238,2KAPON,島根県,2114,CHMR,島根県,0,,-
8th style,蒼い衝動,0,,-,0,,-,959,.TEITO,島根県,1491,RAN.S,島根県,0,,-
9th style,Abyss -The Heavens Remix-,257,ARISA,島根県,1292,YUNA.S,島根県,1520,LU.PSJ,島根県,2201,RAN.S,島根県,0,,-
9th style,ACT,0,,-,810,.TEITO,島根県,0,,-,1666,RAN.S,島根県,0,,-
9th style,ADVANCE,0,,-,437,.TEITO,島根県,639,.TEITO,島根県,1319,CHARIN,島根県,0,,-
9th style,ATOMIC AGE,0,,-,296,.TEITO,島根県,627,9610,島根県,1227,RAN.S,島根県,0,,-
9th style,BAD BOY BASS!! (dj Remo-con MIX),0,,-,827,BATORA,島根県,921,.TEITO,島根県,1710,RAN.S,島根県,0,,-
9th style,bag,0,,-,714,.TEITO,島根県,834,.TEITO,島根県,1727,CHARIN,島根県,0,,-
9th style,BRIGHTNESS DARKNESS,0,,-,622,.TEITO,島根県,1292,SUKE,島根県,1630,RAN.S,島根県,0,,-
9th style,Cradle,0,,-,728,.TEITO,島根県,1291,LU.PSJ,島根県,1471,9610,島根県,0,,-
9th style,Distress,0,,-,900,.TEITO,島根県,1766,KOHNOS,島根県,0,,-,0,,-
9th style,e-motion 2003  -romantic extra-,0,,-,930,.TEITO,島根県,1472,CHARIN,島根県,1804,RAN.S,島根県,0,,-
9th style,fun,0,,-,472,.TEITO,島根県,708,.TEITO,島根県,1495,CHARIN,島根県,0,,-
9th style,Golden Horn,0,,-,570,.TEITO,島根県,1032,LU.PSJ,島根県,1337,CHARIN,島根県,0,,-
9th style,HYPER EUROBEAT (2DX style),0,,-,927,.TEITO,島根県,1292,YAMA,島根県,1711,CHARIN,島根県,0,,-
9th style,I Was The One (80's EUROBEAT STYLE),0,,-,649,.TEITO,島根県,856,.TEITO,島根県,1352,CHARIN,島根県,0,,-
9th style,Karma,0,,-,1001,.TEITO,島根県,1335,RIJI.T,島根県,1726,KOHNOS,島根県,0,,-
9th style,lights,0,,-,598,.TEITO,島根県,955,.TEITO,島根県,1628,TOG,島根県,0,,-
9th style,Logic Board,0,,-,0,,-,1555,LU.PSJ,島根県,2297,CHMR,島根県,0,,-
9th style,LOVE SHINE,476,.TEITO,島根県,707,.TEITO,島根県,1685,TINNY,島根県,2038,RAN.S,島根県,0,,-
9th style,lower world,0,,-,1185,LU.PSJ,島根県,1366,RIJI.T,島根県,2053,RAN.S,島根県,0,,-
9th style,Make A Difference,0,,-,621,.TEITO,島根県,0,,-,2132,KOHNOS,島根県,0,,-
9th style,MARIA (I believe... ),0,,-,612,.TEITO,島根県,1373,LU.PSJ,島根県,1808,RAN.S,島根県,0,,-
9th style,moon_child,0,,-,836,A,島根県,1837,CHARIN,島根県,2336,RAN.S,島根県,0,,-
9th style,one or eight,0,,-,911,DD,島根県,1279,RYZE-R,島根県,1940,SUKE,島根県,0,,-
9th style,PARANOIA survivor MAX,0,,-,918,RAN.S,島根県,1108,LU.PSJ,島根県,1689,CHARIN,島根県,0,,-
9th style,quasar,0,,-,875,.TEITO,島根県,1582,YOU,島根県,2140,RAN.S,島根県,0,,-
9th style,Quickening,0,,-,870,LU.PSJ,島根県,1554,CHARIN,島根県,1931,RAN.S,島根県,0,,-
9th style,Really Love,0,,-,388,SHUN,島根県,695,.TEITO,島根県,1601,TOG,島根県,0,,-
9th style,RISLIM -Remix-,0,,-,616,.TEITO,島根県,667,.TEITO,島根県,1705,TOG,島根県,0,,-
9th style,rottel-the-Mercury,0,,-,836,DD,島根県,1557,YUNA.S,島根県,2086,CHARIN,島根県,0,,-
9th style,Silvia Drive,0,,-,666,.TEITO,島根県,1420,CHARIN,島根県,1844,RAN.S,島根県,0,,-
9th style,SNOW,0,,-,0,,-,904,.TEITO,島根県,1949,BOSS,島根県,0,,-
9th style,STAR FIELD,0,,-,583,.TEITO,島根県,1512,RAN.S,島根県,1748,TOG,島根県,0,,-
9th style,Sweet Sweet Magic,0,,-,778,.TEITO,島根県,1437,RAN.S,島根県,1958,KOHNOS,島根県,0,,-
9th style,SWEETEST SAVAGE,0,,-,0,,-,914,.TEITO,島根県,1581,KOHNOS,島根県,0,,-
9th style,ライオン好き,0,,-,420,OAKLEY,島根県,904,.TEITO,島根県,1441,RAN.S,島根県,0,,-
9th style,真夏の花・真夏の夢,0,,-,703,.TEITO,島根県,825,.TEITO,島根県,1378,RAN.S,島根県,0,,-
10th style,1st Samurai,0,,-,1005,LU.PSJ,島根県,973,DVL,島根県,2220,YOU,島根県,0,,-
10th style,ALIEN TEMPLE,0,,-,823,.TEITO,島根県,1466,LU.PSJ,島根県,1853,RAN.S,島根県,0,,-
10th style,ASTRAL VOYAGE,0,,-,0,,-,890,.TEITO,島根県,1807,RAN.S,島根県,0,,-
10th style,BABY LOVE,0,,-,930,.TEITO,島根県,1211,.TEITO,島根県,1918,CHARIN,島根県,0,,-
10th style,Back Into The Light,0,,-,821,.TEITO,島根県,1385,YOU,島根県,2037,RAN.S,島根県,0,,-
10th style,Boundary,0,,-,723,.TEITO,島根県,1699,CHARIN,島根県,1827,CHARIN,島根県,0,,-
10th style,CARRY ON NIGHT (English version),0,,-,0,,-,891,.TEITO,島根県,0,,-,0,,-
10th style,Daisuke,448,.TEITO,島根県,1104,YUNA.S,島根県,1421,LU.PSJ,島根県,2275,RAN.S,島根県,0,,-
10th style,Debtty Daddy,0,,-,814,.TEITO,島根県,1383,KYR.54,島根県,2445,RAN.S,島根県,0,,-
10th style,desolation,0,,-,0,,-,328,GAMN70,島根県,733,9610,島根県,0,,-
10th style,DoLL,0,,-,445,CROWN,島根県,1159,LU.PSJ,島根県,1545,CHARIN,島根県,0,,-
10th style,EXE,0,,-,626,.TEITO,島根県,0,,-,2019,CHARIN,島根県,0,,-
10th style,Feedback,0,,-,734,.TEITO,島根県,918,KYR.54,島根県,1670,CHARIN,島根県,0,,-
10th style,FEEL IT,0,,-,636,.TEITO,島根県,941,KYR.54,島根県,1887,BOSS,島根県,0,,-
10th style,Freezing atmosphere,0,,-,620,.TEITO,島根県,985,LU.PSJ,島根県,1310,CHARIN,島根県,0,,-
10th style,GHOST REVIVAL,0,,-,716,.TEITO,島根県,1142,KYR.54,島根県,2288,RAN.S,島根県,0,,-
10th style,GRADIUS -FULL SPEED-,0,,-,606,.TEITO,島根県,929,LU.PSJ,島根県,1562,9610,島根県,0,,-
10th style,HIGH,0,,-,794,.TEITO,島根県,0,,-,2004,RAN.S,島根県,2671,RAN.S,島根県
10th style,Innocent Walls,0,,-,1374,LU.PSJ,島根県,2214,RAN.S,島根県,2815,CHMR,島根県,0,,-
10th style,Love Is Eternity,0,,-,1079,YUNA.S,島根県,1586,LU.PSJ,島根県,2097,CHARIN,島根県,0,,-
10th style,Lucy,0,,-,879,.TEITO,島根県,1453,KURO,島根県,2245,KOHNOS,島根県,0,,-
10th style,Narcissus At Oasis,0,,-,656,.TEITO,島根県,1182,LU.PSJ,島根県,1539,K*N.SY,島根県,0,,-
10th style,No.13,0,,-,1029,.TEITO,島根県,2325,CHARIN,島根県,2976,KOHNOS,島根県,0,,-
10th style,One More Lovely,0,,-,828,LU.PSJ,島根県,1223,MCPATA,島根県,2681,BOSS,島根県,0,,-
10th style,pandora,0,,-,736,.TEITO,島根県,1106,KYR.54,島根県,1661,CHARIN,島根県,0,,-
10th style,rainbow rainbow,0,,-,1387,YUNA.S,島根県,1826,SUKE,島根県,2355,CHARIN,島根県,0,,-
10th style,Rise'n Beauty,0,,-,1085,YUNA.S,島根県,0,,-,1929,CHARIN,島根県,3330,RAN.S,島根県
10th style,SCORE,0,,-,971,.TEITO,島根県,1140,KYR.54,島根県,1728,1129,島根県,0,,-
10th style,SHOOTING STAR,0,,-,1092,YUNA.S,島根県,1533,CHARIN,島根県,2084,RAN.S,島根県,0,,-
10th style,SPACE FIGHT,0,,-,544,.TEITO,島根県,490,KYR.54,島根県,1933,RAN.S,島根県,0,,-
10th style,システムロマンス,0,,-,858,LU.PSJ,島根県,1223,KYR.54,島根県,1940,RAN.S,島根県,0,,-
10th style,雪月花,0,,-,1028,YUNA.S,島根県,1732,RAN.S,島根県,2507,CHMR,島根県,0,,-
IIDX RED,AA,0,,-,1213,CHARIN,島根県,2535,RAN.S,島根県,3493,BOSS,島根県,0,,-
IIDX RED,AGEHA,354,SAWAD,島根県,848,.TEITO,島根県,1343,YUNA.S,島根県,1749,RAN.S,島根県,2273,RAN.S,島根県
IIDX RED,ANDROMEDA,0,,-,796,.TEITO,島根県,1369,A,島根県,2646,RAN.S,島根県,0,,-
IIDX RED,awakening,0,,-,0,,-,1241,LU.PSJ,島根県,1615,RAN.S,島根県,0,,-
IIDX RED,Be quiet,0,,-,761,.TEITO,島根県,1456,MCPATA,島根県,1960,RAN.S,島根県,2509,BOSS,島根県
IIDX RED,BLOCKS,0,,-,789,LU.PSJ,島根県,1109,LU.PSJ,島根県,1824,BOSS,島根県,0,,-
IIDX RED,BREATH,0,,-,672,.TEITO,島根県,993,.TEITO,島根県,1608,KOHNOS,島根県,0,,-
IIDX RED,Click Again,0,,-,0,,-,903,.TEITO,島根県,1832,CHARIN,島根県,0,,-
IIDX RED,Close my Eyes for Me,0,,-,968,LU.PSJ,島根県,856,KROZU,島根県,1594,9610,島根県,0,,-
IIDX RED,D.A.N.C.E.!,0,,-,413,LEVI.,島根県,753,YUNA.S,島根県,1514,BOSS,島根県,0,,-
IIDX RED,Don't be afraid myself,0,,-,873,.TEITO,島根県,0,,-,2012,9610,島根県,0,,-
IIDX RED,earth scape,0,,-,395,.TEITO,島根県,0,,-,1200,RAN.S,島根県,0,,-
IIDX RED,FAKE TIME,0,,-,721,.TEITO,島根県,1525,CHARIN,島根県,2346,CHMR,島根県,0,,-
IIDX RED,Fly Away To India,0,,-,591,.TEITO,島根県,785,.TEITO,島根県,1270,CHARIN,島根県,0,,-
IIDX RED,GENOCIDE,0,,-,996,LU.PSJ,島根県,1126,TINNY,島根県,1961,YOU,島根県,0,,-
IIDX RED,gigadelic,221,ARISA,島根県,944,.TEITO,島根県,1975,RAN.S,島根県,2254,ANIS,島根県,0,,-
IIDX RED,HORIZON,0,,-,0,,-,1136,.TEITO,島根県,1829,K*N.SY,島根県,0,,-
IIDX RED,KEY,0,,-,884,.TEITO,島根県,1715,SUKE,島根県,2643,SUKE,島根県,0,,-
IIDX RED,NEBULA GRASPER,0,,-,1011,.TEITO,島根県,1538,LU.PSJ,島根県,2042,CHARIN,島根県,0,,-
IIDX RED,Raspberry Heart(English version),0,,-,812,.TEITO,島根県,1384,YUNA.S,島根県,0,,-,0,,-
IIDX RED,RED ZONE,157,.TEITO,島根県,914,.TEITO,島根県,1788,KL8NB,島根県,2202,RAN.S,島根県,2698,RAN.S,島根県
IIDX RED,RESONATE 1794,0,,-,753,.TEITO,島根県,0,,-,1664,CHARIN,島根県,0,,-
IIDX RED,Secret of Love,0,,-,799,.TEITO,島根県,861,.TEITO,島根県,0,,-,0,,-
IIDX RED,SPEEDY CAT,0,,-,949,.TEITO,島根県,1234,KYR.54,島根県,1890,RAN.S,島根県,0,,-
IIDX RED,Sphere,0,,-,979,YUNA.S,島根県,1511,LU.PSJ,島根県,1997,KOHNOS,島根県,0,,-
IIDX RED,spiral galaxy,0,,-,914,.TEITO,島根県,0,,-,2187,DORAI,島根県,3026,CHARIN,島根県
IIDX RED,The Hope of Tomorrow,0,,-,813,.TEITO,島根県,1413,YOU,島根県,1846,RAN.S,島根県,0,,-
IIDX RED,Wonder Bullfighter,0,,-,558,ARISA,島根県,868,.TEITO,島根県,1751,TOG,島根県,0,,-
IIDX RED,ピアノ協奏曲第１番”蠍火”,0,,-,759,YUNA.S,島根県,1929,KL8NB,島根県,2280,KOHNOS,島根県,0,,-
IIDX RED,大桟橋,0,,-,411,.TEITO,島根県,855,.TEITO,島根県,1728,RAN.S,島根県,0,,-
IIDX RED,太陽～T・A・I・Y・O～,0,,-,683,.TEITO,島根県,0,,-,1286,YAMA,島根県,0,,-
IIDX RED,ＵＬＴｉＭΛＴＥ,0,,-,524,CROWN,島根県,1318,YUNA.S,島根県,1879,PINACC,島根県,0,,-
HAPPY SKY,100％ minimoo-G,0,,-,761,.TEITO,島根県,1314,LU.PSJ,島根県,1431,CHARIN,島根県,0,,-
HAPPY SKY,Agnus Dei,0,,-,694,.TEITO,島根県,1414,YAMA,島根県,1852,CHARIN,島根県,0,,-
HAPPY SKY,alla turca con passione,0,,-,649,.TEITO,島根県,1051,DVL,島根県,2057,RAN.S,島根県,0,,-
HAPPY SKY,Aurora,0,,-,1162,YUNA.S,島根県,1645,CIEL*,島根県,2322,RAN.S,島根県,0,,-
HAPPY SKY,CaptivAte～浄化～,0,,-,970,LU.PSJ,島根県,1200,SHUN,島根県,2264,RAN.S,島根県,2938,RAN.S,島根県
HAPPY SKY,Catch Me,0,,-,602,.TEITO,島根県,1110,LU.PSJ,島根県,1757,CHMR,島根県,1907,KOHNOS,島根県
HAPPY SKY,Don't let it go,0,,-,609,.TEITO,島根県,0,,-,1191,LU.PSJ,島根県,0,,-
HAPPY SKY,double thrash,0,,-,946,LU.PSJ,島根県,1819,CHARIN,島根県,1965,9610,島根県,0,,-
HAPPY SKY,EDEN,0,,-,993,.TEITO,島根県,1859,SANIY,島根県,2627,KL8NB,島根県,3080,KOHNOS,島根県
HAPPY SKY,EMPTY OF THE SKY,0,,-,312,SAWAD,島根県,862,.TEITO,島根県,1587,CHARIN,島根県,0,,-
HAPPY SKY,First Resolution,0,,-,763,LU.PSJ,島根県,1501,CHARIN,島根県,1968,CHARIN,島根県,0,,-
HAPPY SKY,garden,0,,-,811,PINACC,島根県,1347,YUNA.S,島根県,1818,SUKE,島根県,2643,CHARIN,島根県
HAPPY SKY,Get'em up to R.A.V.E,0,,-,905,.TEITO,島根県,1371,YOU,島根県,2006,CHARIN,島根県,0,,-
HAPPY SKY,GREEN EYES,0,,-,824,.TEITO,島根県,0,,-,1924,CHARIN,島根県,0,,-
HAPPY SKY,HAPPY☆ANGEL,602,.TEITO,島根県,0,,-,1424,SUKE,島根県,1989,RAN.S,島根県,0,,-
HAPPY SKY,I am,0,,-,1060,LU.PSJ,島根県,1562,YOU,島根県,2039,K*N.SY,島根県,0,,-
HAPPY SKY,in motion,0,,-,0,,-,0,,-,1235,RAN.S,島根県,0,,-
HAPPY SKY,INAZUMA,0,,-,830,.TEITO,島根県,1576,RAN.S,島根県,2523,RAN.S,島根県,3531,K*N.SY,島根県
HAPPY SKY,LESSON 5,0,,-,1121,YUNA.S,島根県,1578,LU.PSJ,島根県,2264,CHARIN,島根県,0,,-
HAPPY SKY,Little Little Princess,0,,-,1001,YUNA.S,島根県,1716,RIJI.T,島根県,2293,9610,島根県,3767,CHMR,島根県
HAPPY SKY,Love Magic,0,,-,718,.TEITO,島根県,1255,RIJI.T,島根県,1855,KOHNOS,島根県,0,,-
HAPPY SKY,mind the gap,0,,-,582,.TEITO,島根県,731,LU.PSJ,島根県,1383,CHARIN,島根県,0,,-
HAPPY SKY,MOON RACE,0,,-,273,CROWN,島根県,671,.TEITO,島根県,1882,CHMR,島根県,0,,-
HAPPY SKY,Pink Rose,0,,-,520,.TEITO,島根県,0,,-,1349,NAKU,島根県,1882,RAN.S,島根県
HAPPY SKY,PLASMA,0,,-,847,.TEITO,島根県,1311,RIJI.T,島根県,2102,RAN.S,島根県,0,,-
HAPPY SKY,Pollinosis,0,,-,261,KYOKI*,島根県,778,.TEITO,島根県,2135,ANIS,島根県,0,,-
HAPPY SKY,POODLE,0,,-,789,.TEITO,島根県,1580,YUNA.S,島根県,2074,CHARIN,島根県,3159,K*N.SY,島根県
HAPPY SKY,rage against usual,0,,-,1062,YUNA.S,島根県,1816,CHARIN,島根県,2428,CHARIN,島根県,0,,-
HAPPY SKY,SCREAM SQUAD,0,,-,1029,YUNA.S,島根県,1300,LU.PSJ,島根県,1767,PINACC,島根県,0,,-
HAPPY SKY,Scripted Connection⇒ A mix,0,,-,848,.TEITO,島根県,1823,9610,島根県,2769,AA3,島根県,2889,KOHNOS,島根県
HAPPY SKY,Scripted Connection⇒ H mix,0,,-,1033,.TEITO,島根県,1877,RAN.S,島根県,2225,RAN.S,島根県,2592,RAN.S,島根県
HAPPY SKY,Scripted Connection⇒ N mix,0,,-,945,.TEITO,島根県,0,,-,1978,KOHNOS,島根県,2118,RAN.S,島根県
HAPPY SKY,SigSig,613,.TEITO,島根県,968,PINACC,島根県,1540,LU.PSJ,島根県,2512,BOSS,島根県,0,,-
HAPPY SKY,Tizona d'El Cid,0,,-,910,LU.PSJ,島根県,1162,1JSB,島根県,2165,KOHNOS,島根県,0,,-
HAPPY SKY,Twelfth Style,0,,-,628,ARISA,島根県,1278,SUKE,島根県,1613,REVIS,島根県,3246,CHMR,島根県
HAPPY SKY,Under the Sky,0,,-,810,.TEITO,島根県,1285,YUNA.S,島根県,1606,PINACC,島根県,0,,-
HAPPY SKY,vault of heaven,0,,-,690,.TEITO,島根県,884,MCPATA,島根県,1805,TOG,島根県,0,,-
HAPPY SKY,Votum stellarum,0,,-,651,.TEITO,島根県,0,,-,1860,RAN.S,島根県,0,,-
HAPPY SKY,We are Disっ娘よっつ打ち命,0,,-,260,ARISA,島根県,790,.TEITO,島根県,1556,RAN.S,島根県,0,,-
HAPPY SKY,Xepher,251,HUFYMK,島根県,1051,LU.PSJ,島根県,1255,YUNA.S,島根県,2677,RAN.S,島根県,0,,-
HAPPY SKY,オレはビートマニア！お前は何マニア？,0,,-,601,.TEITO,島根県,972,OMRNAO,島根県,1605,KOHNOS,島根県,0,,-
HAPPY SKY,ヒマワリ,0,,-,502,.TEITO,島根県,1453,YUNA.S,島根県,2043,CHMR,島根県,0,,-
HAPPY SKY,ラクエン,0,,-,613,.TEITO,島根県,618,.TEITO,島根県,1716,RAN.S,島根県,0,,-
HAPPY SKY,冥,490,.TEITO,島根県,847,.TEITO,島根県,1625,IIDX33,島根県,3745,CHMR,島根県,0,,-
HAPPY SKY,合体せよ！ストロングイェーガー！！ (Ryu☆ remix),0,,-,911,.TEITO,島根県,0,,-,1803,RAN.S,島根県,0,,-
HAPPY SKY,月光,0,,-,738,.TEITO,島根県,793,A,島根県,2260,RAN.S,島根県,0,,-
DistorteD,ALFARSHEAR 双神威に廻る夢,352,.TEITO,島根県,861,.TEITO,島根県,1583,SUKE,島根県,1969,ANIS,島根県,0,,-
DistorteD,Apocalypse ～dirge of swans～,228,.TEITO,島根県,757,.TEITO,島根県,1440,YOU,島根県,2297,KOHNOS,島根県,0,,-
DistorteD,BALLAD THE FEATHERS,0,,-,497,CYDER*,島根県,744,.TEITO,島根県,1402,TOG,島根県,0,,-
DistorteD,Bloody Tears(IIDX EDITION),0,,-,928,.TEITO,島根県,1895,BADPOO,島根県,2084,CHMR,島根県,0,,-
DistorteD,BOOM BOOM DISCO NIGHT,0,,-,760,.TEITO,島根県,749,EQINOX,島根県,1972,CHARIN,島根県,0,,-
DistorteD,Broadbanded,0,,-,739,.TEITO,島根県,813,.TEITO,島根県,1829,RAN.S,島根県,0,,-
DistorteD,Concertino in Blue,277,ARISA,島根県,756,YUNA.S,島根県,1358,BADPOO,島根県,2421,CHMR,島根県,0,,-
DistorteD,CONTRACT,0,,-,902,.TEITO,島根県,986,RYZE-R,島根県,1818,RAN.S,島根県,2531,BOSS,島根県
DistorteD,D.C.fish,0,,-,881,.TEITO,島根県,1778,CHARIN,島根県,2202,RAN.S,島根県,0,,-
DistorteD,DEEP ROAR,0,,-,763,.TEITO,島根県,1263,YUNA.S,島根県,2500,PORUTA,島根県,0,,-
DistorteD,Double Loving Heart,0,,-,352,KYOKI*,島根県,1240,CHARIN,島根県,1701,CHARIN,島根県,0,,-
DistorteD,DUE TOMORROW,0,,-,768,YUNA.S,島根県,1222,ANIS,島根県,1981,CHMR,島根県,0,,-
DistorteD,EURO-ROMANCE,0,,-,788,.TEITO,島根県,1597,LU.PSJ,島根県,1925,CHARIN,島根県,0,,-
DistorteD,Ganymede,0,,-,1072,LU.PSJ,島根県,1589,RAN.S,島根県,1967,CHARIN,島根県,2518,CHMR,島根県
DistorteD,Harmony and Lovely,0,,-,702,.TEITO,島根県,1657,CHARIN,島根県,2067,RAN.S,島根県,0,,-
DistorteD,Heavenly Sun (IIDX VERSION),0,,-,707,.TEITO,島根県,964,.TEITO,島根県,2002,RAN.S,島根県,0,,-
DistorteD,INFERNO,0,,-,1073,LU.PSJ,島根県,1437,LU.PSJ,島根県,1843,K*N.SY,島根県,0,,-
DistorteD,Leaving...,0,,-,629,.TEITO,島根県,0,,-,2192,CHMR,島根県,0,,-
DistorteD,MINT,0,,-,694,.TEITO,島根県,1523,9610,島根県,2113,RAN.S,島根県,0,,-
DistorteD,MOON,0,,-,716,.TEITO,島根県,1950,CHARIN,島根県,1974,CHARIN,島根県,0,,-
DistorteD,Power of Love,0,,-,0,,-,1031,.TEITO,島根県,1916,CHARIN,島根県,0,,-
DistorteD,So Fabulous !!,0,,-,874,.TEITO,島根県,1281,YUNA.S,島根県,2143,RAN.S,島根県,0,,-
DistorteD,Sun Field,0,,-,506,.TEITO,島根県,0,,-,2247,RAN.S,島根県,0,,-
DistorteD,The Dirty of Loudness,0,,-,1237,YUNA.S,島根県,1801,REVIS,島根県,2390,KOHNOS,島根県,0,,-
DistorteD,This is Love,0,,-,787,.TEITO,島根県,1562,LU.PSJ,島根県,2308,RAN.S,島根県,0,,-
DistorteD,tripping contact(teranoid&MC Natsack Remix),0,,-,1094,YUNA.S,島根県,1743,CHARIN,島根県,2267,RAN.S,島根県,0,,-
DistorteD,TYPE MARS(G-Style Mix),0,,-,899,.TEITO,島根県,931,KYR.54,島根県,2141,TOG,島根県,0,,-
DistorteD,waxing and wanding,0,,-,1240,YUNA.S,島根県,1820,SANIY,島根県,2691,RAN.S,島根県,3572,ANIS,島根県
DistorteD,Why did you go away,278,SAWAD,島根県,879,.TEITO,島根県,1538,LU.PSJ,島根県,2137,KOHNOS,島根県,0,,-
DistorteD,WISH(EUROBEAT MIX),0,,-,991,LU.PSJ,島根県,1485,CHARIN,島根県,1882,RAN.S,島根県,0,,-
DistorteD,with you…,0,,-,257,SAWAD,島根県,1000,RIJI.T,島根県,1668,9610,島根県,0,,-
DistorteD,Zenius -I- vanisher,0,,-,833,.TEITO,島根県,1371,LU.PSJ,島根県,2312,BOSS,島根県,0,,-
DistorteD,カゴノトリ～弐式～,0,,-,846,.TEITO,島根県,658,A,島根県,2607,CHMR,島根県,0,,-
DistorteD,タシカナモノ,0,,-,826,.TEITO,島根県,1320,YUNA.S,島根県,1915,RAN.S,島根県,0,,-
DistorteD,嘆きの樹,0,,-,1623,CIEL*,島根県,2195,CHARIN,島根県,3613,BOSS,島根県,0,,-
DistorteD,罠,0,,-,516,.TEITO,島根県,0,,-,2319,RAN.S,島根県,0,,-
DistorteD,華蝶風雪,0,,-,1168,YUNA.S,島根県,1991,RAN.S,島根県,2705,TOG,島根県,3963,CHMR,島根県
DistorteD,虹色,0,,-,773,.TEITO,島根県,1049,.TEITO,島根県,1791,RAN.S,島根県,0,,-
GOLD,2hot2eat,0,,-,507,.TEITO,島根県,692,.TEITO,島根県,1409,CHARIN,島根県,0,,-
GOLD,Air Bell,0,,-,785,.TEITO,島根県,983,.TEITO,島根県,1615,9610,島根県,0,,-
GOLD,ANDROMEDA II,0,,-,933,LU.PSJ,島根県,888,KYR.54,島根県,2262,RAN.S,島根県,0,,-
GOLD,Blind Justice ～Torn souls， Hurt Faiths ～,0,,-,1063,.TEITO,島根県,1854,SUKE,島根県,2300,RAN.S,島根県,0,,-
GOLD,Candy Galy,0,,-,1389,YUNA.S,島根県,1709,NKNK,島根県,3034,RAN.S,島根県,0,,-
GOLD,CaptivAte～裁き～,189,CROWN,島根県,674,.TEITO,島根県,1106,LU.PSJ,島根県,1703,KOHNOS,島根県,0,,-
GOLD,CaptivAte～誓い～,0,,-,1218,LU.PSJ,島根県,1613,YUNA.S,島根県,2127,RAN.S,島根県,0,,-
GOLD,CROSSROAD ～Left Story～,0,,-,920,.TEITO,島根県,1654,CHARIN,島根県,2135,RAN.S,島根県,0,,-
GOLD,Cyber Force,0,,-,1003,.TEITO,島根県,1769,CHARIN,島根県,2233,RAN.S,島根県,0,,-
GOLD,Fascination MAXX,0,,-,650,KYR.54,島根県,1403,CHARIN,島根県,2406,CHMR,島根県,0,,-
GOLD,FIRE FIRE,510,.TEITO,島根県,1047,YUNA.S,島根県,1567,CHARIN,島根県,2439,RAN.S,島根県,0,,-
GOLD,four-leaf,0,,-,716,LU.PSJ,島根県,821,.TEITO,島根県,1562,RAN.S,島根県,0,,-
GOLD,GOLD RUSH,308,CROWN,島根県,906,.TEITO,島根県,1365,BADPOO,島根県,2209,KOHNOS,島根県,0,,-
GOLD,GRID KNIGHT,0,,-,638,.TEITO,島根県,1403,KYR.54,島根県,2412,RAN.S,島根県,3173,ANIS,島根県
GOLD,heaven above,0,,-,765,LU.PSJ,島根県,826,.TEITO,島根県,1779,KL8NB,島根県,0,,-
GOLD,High School Love,0,,-,771,.TEITO,島根県,1526,BADPOO,島根県,2121,BADPOO,島根県,0,,-
GOLD,INORI,0,,-,1287,YUNA.S,島根県,2421,RAN.S,島根県,2824,RAN.S,島根県,0,,-
GOLD,KAMAITACHI,0,,-,1153,LU.PSJ,島根県,1837,RAN.S,島根県,2385,CHARIN,島根県,3791,CHMR,島根県
GOLD,LASER CRUSTER,0,,-,1347,LU.PSJ,島根県,2181,RAN.S,島根県,2701,CHARIN,島根県,0,,-
GOLD,Love Again...,0,,-,516,.TEITO,島根県,0,,-,973,YOU,島根県,0,,-
GOLD,Make Me Your Own,0,,-,651,.TEITO,島根県,1282,LU.PSJ,島根県,1984,KOHNOS,島根県,0,,-
GOLD,METALLIC MIND,0,,-,677,.TEITO,島根県,0,,-,1536,RAN.S,島根県,0,,-
GOLD,never…,0,,-,722,.TEITO,島根県,1057,.TEITO,島根県,1701,TOG,島根県,0,,-
GOLD,op.31 叙情,0,,-,316,.TEITO,島根県,634,KYR.54,島根県,1457,KOHNOS,島根県,0,,-
GOLD,PHOTONGENIC,0,,-,1060,YUNA.S,島根県,0,,-,2191,RAN.S,島根県,0,,-
GOLD,Roulette,0,,-,727,.TEITO,島根県,0,,-,1955,RAN.S,島根県,0,,-
GOLD,Second Heaven,154,TSUGAR,島根県,787,.TEITO,島根県,1443,9610,島根県,2001,RAN.S,島根県,0,,-
GOLD,Sense 2007,0,,-,868,.TEITO,島根県,1589,OKOJO,島根県,2915,CHMR,島根県,0,,-
GOLD,smile,0,,-,1403,LU.PSJ,島根県,1857,LU.PSJ,島根県,2625,RAN.S,島根県,0,,-
GOLD,snow storm,213,.TEITO,島根県,676,.TEITO,島根県,1132,DVL,島根県,2504,CHARIN,島根県,3065,RAN.S,島根県
GOLD,the shadow,0,,-,984,.TEITO,島根県,1509,MCPATA,島根県,2700,RAN.S,島根県,0,,-
GOLD,The Smile of You,0,,-,799,.TEITO,島根県,1161,RYZE-R,島根県,1585,RAN.S,島根県,0,,-
GOLD,TRANOID,0,,-,605,.TEITO,島根県,1476,CHARIN,島根県,1621,PORUTA,島根県,2970,CHMR,島根県
GOLD,VANESSA,0,,-,889,YUNA.S,島根県,1543,CHARIN,島根県,2066,RAN.S,島根県,3409,CHMR,島根県
GOLD,Watch out!!,0,,-,300,SAWAD,島根県,684,.TEITO,島根県,1357,RAN.S,島根県,0,,-
GOLD,With your Smile,0,,-,644,.TEITO,島根県,1154,CHARIN,島根県,1504,CHARIN,島根県,0,,-
GOLD,クルクル☆ラブ～Opioid Peptide MIX～,292,YE2028,島根県,829,.TEITO,島根県,1049,H4U,島根県,2181,BOSS,島根県,0,,-
GOLD,ヨシダさん,0,,-,548,AWASHA,島根県,1305,YUNA.S,島根県,1867,CHARIN,島根県,0,,-
GOLD,リグレット,0,,-,1009,.TEITO,島根県,1516,YOU,島根県,2282,RAN.S,島根県,0,,-
GOLD,星をこの手に,0,,-,951,.TEITO,島根県,1497,SUKE,島根県,1998,RAN.S,島根県,0,,-
GOLD,花吹雪 ～ IIDX LIMITED ～,0,,-,344,CROWN,島根県,789,.TEITO,島根県,1320,CHARIN,島根県,0,,-
GOLD,零 - ZERO -,0,,-,948,.TEITO,島根県,1550,CIEL*,島根県,2197,RAN.S,島根県,2547,RAN.S,島根県
GOLD,電人、暁に斃れる。,605,.TEITO,島根県,1273,YUNA.S,島根県,2095,9610,島根県,2993,K*N.SY,島根県,0,,-
DJ TROOPERS,2 tribe 4 K,0,,-,0,,-,960,.TEITO,島根県,2544,RAN.S,島根県,0,,-
DJ TROOPERS,"Anisakis -somatic mutation type""Forza""-",0,,-,1179,YUNA.S,島根県,1872,YOU,島根県,2575,HI-TA,島根県,3174,SUKE,島根県
DJ TROOPERS,avant-guerre,0,,-,408,CYDER*,島根県,799,.TEITO,島根県,1680,RAN.S,島根県,0,,-
DJ TROOPERS,Be OK,0,,-,800,.TEITO,島根県,1423,YUNA.S,島根県,2249,RAN.S,島根県,2822,CHARIN,島根県
DJ TROOPERS,beatonic nation,0,,-,0,,-,1288,.TEITO,島根県,1987,9610,島根県,0,,-
DJ TROOPERS,Blue Rain,0,,-,761,.TEITO,島根県,1364,LU.PSJ,島根県,2007,SUKE,島根県,3329,CHMR,島根県
DJ TROOPERS,Darling my LUV,0,,-,430,CYDER*,島根県,569,ARISA,島根県,1325,9610,島根県,0,,-
DJ TROOPERS,Dazzlin' Darlin,317,.TEITO,島根県,817,.TEITO,島根県,1345,CHARIN,島根県,2184,RAN.S,島根県,0,,-
DJ TROOPERS,Digitank System,0,,-,711,KYR.54,島根県,1379,RAN.S,島根県,1902,SPARK,島根県,0,,-
DJ TROOPERS,Do it!! Do it!!,0,,-,578,.TEITO,島根県,1331,YOU,島根県,1856,CHMR,島根県,2451,CHMR,島根県
DJ TROOPERS,end of world,0,,-,783,.TEITO,島根県,0,,-,2153,RAN.S,島根県,0,,-
DJ TROOPERS,evergreen,0,,-,818,.TEITO,島根県,871,.TEITO,島根県,1793,RAN.S,島根県,0,,-
DJ TROOPERS,four pieces of heaven,0,,-,610,.TEITO,島根県,0,,-,2043,KOHNOS,島根県,2870,CHMR,島根県
DJ TROOPERS,Freeway Shuffle,0,,-,677,.TEITO,島根県,810,.TEITO,島根県,1712,CHARIN,島根県,0,,-
DJ TROOPERS,ICARUS,0,,-,1066,KYR.54,島根県,1323,RYZE-R,島根県,2320,CHMR,島根県,3680,CHMR,島根県
DJ TROOPERS,in the Sky,0,,-,1235,YUNA.S,島根県,1120,DVL,島根県,2437,RAN.S,島根県,0,,-
DJ TROOPERS,Kick Out 仮面,0,,-,1132,LU.PSJ,島根県,1104,.TEITO,島根県,1834,CHARIN,島根県,0,,-
DJ TROOPERS,LOVELY STORM,0,,-,1252,YUNA.S,島根県,1503,KROZU,島根県,2620,K*N.SY,島根県,0,,-
DJ TROOPERS,madrugada,0,,-,0,,-,792,.TEITO,島根県,1774,AA3,島根県,0,,-
DJ TROOPERS,MAX LOVE,0,,-,1204,.TEITO,島根県,2004,SUKE,島根県,2639,KOHNOS,島根県,0,,-
DJ TROOPERS,MENDES,0,,-,1037,YUNA.S,島根県,2108,CHARIN,島根県,3507,CHMR,島根県,0,,-
DJ TROOPERS,MENTAL MELTDOWN,0,,-,1048,YUNA.S,島根県,0,,-,2797,CHMR,島根県,0,,-
DJ TROOPERS,NEW GENERATION -もう、お前しか見えない-,0,,-,858,.TEITO,島根県,1666,YOU,島根県,2215,PORUTA,島根県,3625,CHMR,島根県
DJ TROOPERS,oratio,0,,-,1328,LU.PSJ,島根県,0,,-,2817,BOSS,島根県,0,,-
DJ TROOPERS,PARANOiA ～HADES～,0,,-,881,LU.PSJ,島根県,1485,YOU,島根県,2665,CHMR,島根県,0,,-
DJ TROOPERS,PROMISE FOR LIFE,0,,-,549,.TEITO,島根県,1250,.TEITO,島根県,1581,777777,島根県,0,,-
DJ TROOPERS,REMINISCENCE,0,,-,1218,LU.PSJ,島根県,1551,YUNA.S,島根県,2173,RAN.S,島根県,0,,-
DJ TROOPERS,Rising in the Sun(original mix),0,,-,779,.TEITO,島根県,1484,LU.PSJ,島根県,2062,RAN.S,島根県,0,,-
DJ TROOPERS,Ristaccia,0,,-,1024,YUNA.S,島根県,1049,DVL,島根県,2474,RAN.S,島根県,0,,-
DJ TROOPERS,"satellite020712 from ""CODED ARMS""",0,,-,1150,YUNA.S,島根県,0,,-,2147,CHARIN,島根県,0,,-
DJ TROOPERS,satfinal,0,,-,1039,LU.PSJ,島根県,1267,YUNA.S,島根県,1898,CHMR,島根県,0,,-
DJ TROOPERS,scar in the earth,0,,-,556,.TEITO,島根県,831,.TEITO,島根県,1433,9610,島根県,0,,-
DJ TROOPERS,SOUND OF GIALLARHORN,198,ARISA,島根県,1233,YUNA.S,島根県,0,,-,2846,KL8NB,島根県,0,,-
DJ TROOPERS,State Of The Art,0,,-,0,,-,1444,RAN.S,島根県,2846,KL8NB,島根県,0,,-
DJ TROOPERS,STEEL NEEDLE,0,,-,1004,YUNA.S,島根県,0,,-,2079,ANIS,島根県,3290,CHMR,島根県
DJ TROOPERS,switch,0,,-,778,LU.PSJ,島根県,1211,LU.PSJ,島根県,1839,RAN.S,島根県,0,,-
DJ TROOPERS,THE DEEP STRIKER,481,K*N.SY,島根県,957,YUNA.S,島根県,1816,LU.PSJ,島根県,2687,KL8NB,島根県,2969,ANIS,島根県
DJ TROOPERS,the trigger of innocence,0,,-,797,.TEITO,島根県,1139,CHARIN,島根県,1810,RAN.S,島根県,2975,RAN.S,島根県
DJ TROOPERS,Time to Air,0,,-,1177,YUNA.S,島根県,1946,RAN.S,島根県,2507,9610,島根県,3099,AA3,島根県
DJ TROOPERS,TRIP MACHINE PhoeniX,0,,-,543,.TEITO,島根県,0,,-,1758,BOSS,島根県,0,,-
DJ TROOPERS,TROOPERS,0,,-,1168,YUNA.S,島根県,2164,RAN.S,島根県,2626,E-S,島根県,0,,-
DJ TROOPERS,Ubertreffen,0,,-,1036,YUNA.S,島根県,0,,-,2157,RAN.S,島根県,2604,YOU,島根県
DJ TROOPERS,Wanna Party?,0,,-,599,.TEITO,島根県,782,.TEITO,島根県,1459,RAN.S,島根県,2450,ANIS,島根県
DJ TROOPERS,エコ爺,0,,-,754,SUKE,島根県,1030,.TEITO,島根県,1737,RAN.S,島根県,0,,-
DJ TROOPERS,マチ子の唄,0,,-,716,.TEITO,島根県,1256,CHARIN,島根県,1726,RAN.S,島根県,0,,-
DJ TROOPERS,ミラージュ・レジデンス,0,,-,897,.TEITO,島根県,0,,-,2360,RAN.S,島根県,2770,AGX,島根県
DJ TROOPERS,少年A,0,,-,966,LU.PSJ,島根県,1086,RYZE-R,島根県,2359,SUKE,島根県,0,,-
DJ TROOPERS,華爛漫 -Flowers-,188,ARISA,島根県,818,.TEITO,島根県,1431,CHARIN,島根県,1967,RAN.S,島根県,3144,CHMR,島根県
DJ TROOPERS,走馬灯 -The Last Song-,0,,-,475,.TEITO,島根県,824,.TEITO,島根県,1253,PORUTA,島根県,0,,-
DJ TROOPERS,高高度降下低高度開傘,0,,-,679,.TEITO,島根県,1179,YUNA.S,島根県,1885,KOHNOS,島根県,0,,-
EMPRESS,3y3s,430,GRND,島根県,1348,SUKE,島根県,2136,BADPOO,島根県,3546,CHMR,島根県,0,,-
EMPRESS,ALL I NEED YOUR LOVE,0,,-,900,.TEITO,島根県,1372,YUNA.S,島根県,1938,RAN.S,島根県,0,,-
EMPRESS,ALL MY TURN -このターンに、オレの全てを賭ける-,0,,-,976,YUNA.S,島根県,1551,YOU,島根県,2125,CHARIN,島根県,0,,-
EMPRESS,Arabian Rave Night,0,,-,1198,YUNA.S,島根県,2088,RAN.S,島根県,2547,RAN.S,島根県,2933,CHARIN,島根県
EMPRESS,B4U(BEMANI FOR YOU MIX),0,,-,1132,LU.PSJ,島根県,1291,IIDX33,島根県,3195,RAN.S,島根県,4553,CHMR,島根県
EMPRESS,Bahram Attack-猫叉Master Remix-,0,,-,932,.TEITO,島根県,1143,DVL,島根県,2424,HI-TA,島根県,2835,CHARIN,島根県
EMPRESS,BITTER CHOCOLATE STRIKER,0,,-,1014,LU.PSJ,島根県,1691,LU.PSJ,島根県,3897,CHMR,島根県,0,,-
EMPRESS,BRIDAL FESTIVAL !!!,0,,-,780,.TEITO,島根県,1076,.TEITO,島根県,1951,PINACC,島根県,0,,-
EMPRESS,CaptivAte2～覚醒～,223,.TEITO,島根県,816,.TEITO,島根県,1342,YOU,島根県,2028,HI-TA,島根県,0,,-
EMPRESS,Colorful Cookie,608,.TEITO,島根県,1084,YUNA.S,島根県,2162,PINACC,島根県,3428,CHMR,島根県,0,,-
EMPRESS,Cyber Force -DJ Yoshitaka Remix-,0,,-,849,.TEITO,島根県,1613,LU.PSJ,島根県,2277,RAN.S,島根県,0,,-
EMPRESS,Flash Back 90's,0,,-,825,.TEITO,島根県,1434,YUNA.S,島根県,2110,PORUTA,島根県,2653,RAN.S,島根県
EMPRESS,Fly Above,0,,-,830,.TEITO,島根県,1275,.TEITO,島根県,1973,RAN.S,島根県,0,,-
EMPRESS,Go Beyond!!,474,.TEITO,島根県,933,YUNA.S,島根県,1434,2KAPON,島根県,2201,CHMR,島根県,0,,-
EMPRESS,HYPERION,0,,-,1044,YUNA.S,島根県,1830,RAN.S,島根県,2398,RAN.S,島根県,0,,-
EMPRESS,I'm Screaming LOVE,0,,-,576,.TEITO,島根県,1261,CHARIN,島根県,1653,RAN.S,島根県,0,,-
EMPRESS,Jack,0,,-,698,.TEITO,島根県,1217,YUNA.S,島根県,1854,CHARIN,島根県,0,,-
EMPRESS,Just a Little Smile,0,,-,675,.TEITO,島根県,1151,YUNA.S,島根県,1958,CHARIN,島根県,0,,-
EMPRESS,Kung-fu Empire,0,,-,1426,YUNA.S,島根県,2193,SUKE,島根県,2721,Z*,島根県,3143,CHARIN,島根県
EMPRESS,Marie Antoinette,0,,-,829,.TEITO,島根県,1636,YOU,島根県,2190,PORUTA,島根県,3141,CHMR,島根県
EMPRESS,Mind Mapping,0,,-,394,SAWAD,島根県,1121,YUNA.S,島根県,1742,BOSS,島根県,2003,CHARIN,島根県
EMPRESS,Monkey Dance '09,0,,-,752,.TEITO,島根県,1104,.TEITO,島根県,2094,RAN.S,島根県,0,,-
EMPRESS,naughty girl@Queen's Palace,0,,-,731,.TEITO,島根県,1456,RAN.S,島根県,1877,RAN.S,島根県,2051,CHARIN,島根県
EMPRESS,neogenesis,0,,-,199,KYOKI*,島根県,1083,.TEITO,島根県,1616,RAN.S,島根県,2078,RAN.S,島根県
EMPRESS,NΦ CRIME,0,,-,691,.TEITO,島根県,954,KUMAIT,島根県,1799,RAN.S,島根県,2273,K*N.SY,島根県
EMPRESS,Programmed World,0,,-,864,PINACC,島根県,1050,RYZE-R,島根県,2123,RAN.S,島根県,0,,-
EMPRESS,Punch Love 仮面,0,,-,925,.TEITO,島根県,1571,SUKE,島根県,2376,BOSS,島根県,2783,YOU,島根県
EMPRESS,Queen's Tragedy,0,,-,728,.TEITO,島根県,0,,-,2173,BOSS,島根県,0,,-
EMPRESS,Secrets,0,,-,1148,YUNA.S,島根県,0,,-,2907,RAN.S,島根県,4068,CHMR,島根県
EMPRESS,smooooch・∀・,365,.TEITO,島根県,760,YUNA.S,島根県,1497,YUNA.S,島根県,2033,KOHNOS,島根県,2595,RAN.S,島根県
EMPRESS,SOLITON BEAM,0,,-,1012,.TEITO,島根県,0,,-,2157,RAN.S,島根県,0,,-
EMPRESS,THANK YOU FOR PLAYING,0,,-,625,.TEITO,島根県,1418,LU.PSJ,島根県,1988,SPARK,島根県,2295,CHARIN,島根県
EMPRESS,THE SHINING POLARIS(kors k mix),0,,-,995,.TEITO,島根県,0,,-,2897,K*N.SY,島根県,0,,-
EMPRESS,thunder HOUSE NATION Remix,0,,-,563,SAWAD,島根県,1027,.TEITO,島根県,1942,LU.PSJ,島根県,3872,CHMR,島根県
EMPRESS,Turii ～Panta rhei～,344,.TEITO,島根県,774,.TEITO,島根県,1653,KYR.54,島根県,2620,CHMR,島根県,0,,-
EMPRESS,V2,686,.TEITO,島根県,1348,LU.PSJ,島根県,2862,RAN.S,島根県,3419,CHMR,島根県,0,,-
EMPRESS,Y&Co. is dead or alive,0,,-,1013,LU.PSJ,島根県,1651,9610,島根県,2676,CHMR,島根県,0,,-
EMPRESS,"You'll say ""Now!""",0,,-,1042,YUNA.S,島根県,1584,YOU,島根県,2425,CHMR,島根県,0,,-
EMPRESS,まほろば,0,,-,662,.TEITO,島根県,1178,YUNA.S,島根県,1907,RAN.S,島根県,0,,-
EMPRESS,ハリツヤランデヴー,0,,-,914,LU.PSJ,島根県,1446,RYZE-R,島根県,2287,PORUTA,島根県,0,,-
EMPRESS,ミッドナイト堕天使,0,,-,806,.TEITO,島根県,1208,1JSB,島根県,2728,BOSS,島根県,0,,-
EMPRESS,不沈艦CANDY,544,.TEITO,島根県,1058,YUNA.S,島根県,1193,DVL,島根県,2929,ANIS,島根県,0,,-
EMPRESS,凛として咲く花の如く,358,.TEITO,島根県,1167,MCPATA,島根県,2025,ANIS,島根県,2658,RAN.S,島根県,2954,RAN.S,島根県
EMPRESS,卑弥呼,0,,-,1070,YUNA.S,島根県,2219,YOU,島根県,3837,CHMR,島根県,0,,-
EMPRESS,天空脳番長危機十六連打,0,,-,931,LU.PSJ,島根県,1950,RAN.S,島根県,2348,RAN.S,島根県,0,,-
EMPRESS,山岡晃の「クイズ！家事都合！」,0,,-,605,.TEITO,島根県,904,.TEITO,島根県,1839,RAN.S,島根県,0,,-
EMPRESS,翼,0,,-,887,LU.PSJ,島根県,1408,YUNA.S,島根県,1829,SUKE,島根県,2356,RAN.S,島根県
EMPRESS,鉄甲乙女-under the steel-,0,,-,890,LU.PSJ,島根県,1110,.TEITO,島根県,2097,RAN.S,島根県,0,,-
SIRIUS,AIR RAID FROM THA UNDAGROUND,206,ARISA,島根県,1093,YUNA.S,島根県,1455,LU.PSJ,島根県,1946,YOU,島根県,2814,BOSS,島根県
SIRIUS,Almagest,0,,-,937,SUKE,島根県,1796,CHARIN,島根県,2994,BOSS,島根県,0,,-
SIRIUS,Bad Maniacs,0,,-,1033,MCPATA,島根県,1418,CIEL*,島根県,3203,CHMR,島根県,0,,-
SIRIUS,bass 2 bass,249,.TEITO,島根県,673,YUNA.S,島根県,1151,YUNA.S,島根県,1798,BOSS,島根県,0,,-
SIRIUS,beatchic☆仮面～好き、でいさせて～,0,,-,877,.TEITO,島根県,1200,.TEITO,島根県,1876,HI-TA,島根県,0,,-
SIRIUS,BEAUTIFUL ANGEL,0,,-,576,.TEITO,島根県,1739,RAN.S,島根県,2255,TOG,島根県,0,,-
SIRIUS,being torn the sky,0,,-,623,.TEITO,島根県,1122,YUNA.S,島根県,1892,HI-TA,島根県,0,,-
SIRIUS,bloomin' feeling,359,.TEITO,島根県,1185,YUNA.S,島根県,1877,2KAPON,島根県,2397,BOSS,島根県,0,,-
SIRIUS,CaptivAte～裁き～(SUBLIME TECHNO MIX),0,,-,856,.TEITO,島根県,1491,LU.PSJ,島根県,2244,RAN.S,島根県,0,,-
SIRIUS,D,0,,-,876,A,島根県,1271,AMA,島根県,2051,RAN.S,島根県,0,,-
SIRIUS,DAWN -THE NEXT ENDEAVOUR-,0,,-,1545,LU.PSJ,島根県,1867,TACO,島根県,3030,E-S,島根県,0,,-
SIRIUS,Dazzlin' Darlin-秋葉工房mix-,0,,-,695,.TEITO,島根県,1362,YOU,島根県,1957,9610,島根県,0,,-
SIRIUS,DESIRE,0,,-,757,.TEITO,島根県,1590,BOX-Y0,島根県,2785,CHMR,島根県,0,,-
SIRIUS,Do Back Burn,0,,-,680,LU.PSJ,島根県,1317,9610,島根県,1958,RAN.S,島根県,0,,-
SIRIUS,DOMINION,0,,-,1154,LU.PSJ,島根県,2076,9610,島根県,2886,RAN.S,島根県,0,,-
SIRIUS,DROP,0,,-,751,.TEITO,島根県,0,,-,2284,CHARIN,島根県,0,,-
SIRIUS,Elisha,397,.TEITO,島根県,766,.TEITO,島根県,1361,PINACC,島根県,2225,CHMR,島根県,0,,-
SIRIUS,Empire State Glory,0,,-,966,.TEITO,島根県,1707,RAN.S,島根県,2438,E-S,島根県,0,,-
SIRIUS,eRAseRmOToRpHAntOM,0,,-,1305,YUNA.S,島根県,0,,-,3232,CHMR,島根県,0,,-
SIRIUS,Evans,514,LEVI.,島根県,1183,YUNA.S,島根県,1906,YOU,島根県,2434,KOHNOS,島根県,0,,-
SIRIUS,EXUSIA,0,,-,1125,LU.PSJ,島根県,2405,RAN.S,島根県,3143,RAN.S,島根県,0,,-
SIRIUS,G59,0,,-,1549,YUNA.S,島根県,1606,REVIS,島根県,3170,K*N.SY,島根県,0,,-
SIRIUS,GALGALIM,0,,-,1337,YUNA.S,島根県,1630,YOU,島根県,2008,CHARIN,島根県,0,,-
SIRIUS,GOLDEN CROSS,0,,-,911,.TEITO,島根県,1744,SUKE,島根県,3361,BOSS,島根県,0,,-
SIRIUS,Hydrogen Blueback,0,,-,822,.TEITO,島根県,1404,YUNA.S,島根県,2032,RAN.S,島根県,1932,9610,島根県
SIRIUS,IN THE NAME OF LOVE,0,,-,675,.TEITO,島根県,958,.TEITO,島根県,1752,9610,島根県,0,,-
SIRIUS,Keep it-秋葉工房mix-,0,,-,975,YUNA.S,島根県,1342,LU.PSJ,島根県,1690,SUKE,島根県,0,,-
SIRIUS,Last Burning,0,,-,469,CROWN,島根県,981,.TEITO,島根県,2226,RAN.S,島根県,0,,-
SIRIUS,Light Shine,0,,-,649,.TEITO,島根県,1030,YUNA.S,島根県,1870,RAN.S,島根県,0,,-
SIRIUS,MIRACLE MEETS,0,,-,781,.TEITO,島根県,1367,YUNA.S,島根県,2102,RAN.S,島根県,0,,-
SIRIUS,mosaic,0,,-,1363,YUNA.S,島根県,1919,DORAI,島根県,2892,K*N.SY,島根県,0,,-
SIRIUS,NEW SENSATION -もう、あなたしか見えない-,0,,-,1215,LU.PSJ,島根県,1914,BADPOO,島根県,2454,RAN.S,島根県,0,,-
SIRIUS,NoN-Fiction Story!,0,,-,639,.TEITO,島根県,1254,YUNA.S,島根県,2073,RAN.S,島根県,0,,-
SIRIUS,Programmed Sun,0,,-,911,.TEITO,島根県,0,,-,2369,RAN.S,島根県,0,,-
SIRIUS,quell～the seventh slave～,0,,-,797,.TEITO,島根県,1647,RAN.S,島根県,2690,PINACC,島根県,0,,-
SIRIUS,Raison d'etre～交差する宿命～,0,,-,1106,LU.PSJ,島根県,1976,9610,島根県,2324,CHARIN,島根県,3998,AA3,島根県
SIRIUS,Red. by Full Metal Jacket,0,,-,957,YUNA.S,島根県,1747,DORAI,島根県,2929,KOHNOS,島根県,0,,-
SIRIUS,Roots of my way!,0,,-,773,.TEITO,島根県,957,.TEITO,島根県,1890,CHARIN,島根県,0,,-
SIRIUS,Session 1 -Genesis-,0,,-,801,YUNA.S,島根県,696,DVL,島根県,2052,RAN.S,島根県,0,,-
SIRIUS,She is my wife,281,SAWAD,島根県,601,.TEITO,島根県,710,KYYUNA,島根県,1585,1129,島根県,0,,-
SIRIUS,SOLID STATE SQUAD,0,,-,813,.TEITO,島根県,2069,KL8NB,島根県,3139,RAN.S,島根県,3622,CHMR,島根県
SIRIUS,Sorrows,0,,-,718,.TEITO,島根県,1501,YUNA.S,島根県,2355,PORUTA,島根県,0,,-
SIRIUS,Special One,0,,-,411,SAWAD,島根県,1026,YUNA.S,島根県,1731,CHMR,島根県,0,,-
SIRIUS,THE LAST STRIKER,0,,-,1087,.TEITO,島根県,1738,LU.PSJ,島根県,2529,CHMR,島根県,0,,-
SIRIUS,The Story Begins,0,,-,756,.TEITO,島根県,1677,CHARIN,島根県,2155,CHARIN,島根県,0,,-
SIRIUS,かずあそび,0,,-,341,KYOKI*,島根県,945,.TEITO,島根県,1562,SUKE,島根県,0,,-
SIRIUS,たからもの,0,,-,1068,.TEITO,島根県,1467,1JSB,島根県,2130,PINACC,島根県,3442,K*N.SY,島根県
SIRIUS,コスモス,0,,-,788,.TEITO,島根県,1447,CHARIN,島根県,2001,RAN.S,島根県,0,,-
SIRIUS,サヨナラ・ヘヴン,213,DASHIE,島根県,764,CIEL*,島根県,1222,SUKE,島根県,1584,KL8NB,島根県,2024,BOSS,島根県
SIRIUS,バビロニア,0,,-,812,LU.PSJ,島根県,1105,2369,島根県,1771,TOG,島根県,0,,-
SIRIUS,ワルツ第17番 ト短調”大犬のワルツ”,0,,-,1039,YUNA.S,島根県,2083,KL8NB,島根県,3132,CHMR,島根県,0,,-
SIRIUS,未来のプリズム,0,,-,605,.TEITO,島根県,1178,YUNA.S,島根県,1624,CHARIN,島根県,0,,-
SIRIUS,"水上の提督(Short mix from ""幻想水滸伝V"")",0,,-,617,.TEITO,島根県,0,,-,1834,TOG,島根県,0,,-
Resort Anthem,Aegis,0,,-,639,.TEITO,島根県,1190,LU.PSJ,島根県,2138,RAN.S,島根県,0,,-
Resort Anthem,ALBIDA,234,ARISA,島根県,1040,YUNA.S,島根県,1719,PORUTA,島根県,2943,CHMR,島根県,0,,-
Resort Anthem,Answer,0,,-,716,.TEITO,島根県,1342,YUNA.S,島根県,2163,CHARIN,島根県,0,,-
Resort Anthem,ANTHEM LANDING,0,,-,811,.TEITO,島根県,1132,.TEITO,島根県,2906,CHMR,島根県,0,,-
Resort Anthem,Believe In Me,0,,-,854,.TEITO,島根県,1653,YOU,島根県,2213,RAN.S,島根県,0,,-
Resort Anthem,BLUST OF WIND,0,,-,741,.TEITO,島根県,1367,YUNA.S,島根県,1856,CHARIN,島根県,2314,RAN.S,島根県
Resort Anthem,Bounce Bounce Bounce,0,,-,923,.TEITO,島根県,1543,SUKE,島根県,2070,SUKE,島根県,0,,-
Resort Anthem,Breaking the ground,0,,-,994,.TEITO,島根県,1507,MCPATA,島根県,2388,RAN.S,島根県,0,,-
Resort Anthem,Broken,0,,-,947,.TEITO,島根県,1736,BOX-Y0,島根県,3127,CHMR,島根県,0,,-
Resort Anthem,BROKEN EDEN,0,,-,860,.TEITO,島根県,0,,-,2010,PORUTA,島根県,0,,-
Resort Anthem,Dances with Snow Fairies,0,,-,1157,YUNA.S,島根県,2123,KL8NB,島根県,2621,SUKE,島根県,3210,AA3,島根県
Resort Anthem,DAYDREAMER,0,,-,1015,.TEITO,島根県,1655,SUKE,島根県,2455,K*N.SY,島根県,0,,-
Resort Anthem,Destiny Sword,0,,-,707,.TEITO,島根県,1497,LU.PSJ,島根県,2101,RAN.S,島根県,0,,-
Resort Anthem,DM STAR～関西 energy style～,0,,-,1011,YUNA.S,島根県,0,,-,2281,K*N.SY,島根県,0,,-
Resort Anthem,Energy Drive,0,,-,760,.TEITO,島根県,1266,LU.PSJ,島根県,1948,RAN.S,島根県,0,,-
Resort Anthem,Eternal Tears,0,,-,175,ARISA,島根県,529,ARISA,島根県,1292,CHARIN,島根県,0,,-
Resort Anthem,Everlasting Resort,0,,-,749,.TEITO,島根県,1024,.TEITO,島根県,1766,RAN.S,島根県,0,,-
Resort Anthem,Fantasia,230,.TEITO,島根県,373,.TEITO,島根県,1425,SUKE,島根県,2171,RAN.S,島根県,0,,-
Resort Anthem,Golden Palms,0,,-,656,.TEITO,島根県,1308,LU.PSJ,島根県,1819,RAN.S,島根県,2240,K*N.SY,島根県
Resort Anthem,I FIGHT ME,0,,-,0,,-,1291,YUNA.S,島根県,1876,YUNA.S,島根県,0,,-
Resort Anthem,Kailua,0,,-,465,.TEITO,島根県,1186,YOU,島根県,2003,K*N.SY,島根県,0,,-
Resort Anthem,Let The Track Flow,0,,-,983,YUNA.S,島根県,0,,-,2361,RAN.S,島根県,0,,-
Resort Anthem,Medicine of love,0,,-,557,.TEITO,島根県,876,PHIBKI,島根県,1693,RAN.S,島根県,2371,AA3,島根県
Resort Anthem,Mermaid girl,409,DOUJIN,島根県,840,CIEL*,島根県,1484,YUNA.S,島根県,2144,RAN.S,島根県,0,,-
Resort Anthem,Never Fade Away,0,,-,678,.TEITO,島根県,0,,-,2607,RAN.S,島根県,0,,-
Resort Anthem,New Castle Legions,0,,-,830,.TEITO,島根県,1578,9610,島根県,2662,CHMR,島根県,0,,-
Resort Anthem,PARADISE LOST,0,,-,1179,YUNA.S,島根県,1892,RAN.S,島根県,3246,CHMR,島根県,0,,-
Resort Anthem,passionate fate,0,,-,1072,YUNA.S,島根県,1388,RYUTO,島根県,1987,RAN.S,島根県,0,,-
Resort Anthem,perditus†paradisus,0,,-,1090,YUNA.S,島根県,2128,SUKE,島根県,3797,CHMR,島根県,0,,-
Resort Anthem,Programmed Life,0,,-,908,.TEITO,島根県,0,,-,2213,RAN.S,島根県,0,,-
Resort Anthem,reunion,512,.TEITO,島根県,1278,YUNA.S,島根県,2341,CHMR,島根県,3201,CHMR,島根県,0,,-
Resort Anthem,Rock Da House,0,,-,720,.TEITO,島根県,0,,-,2086,RAN.S,島根県,0,,-
Resort Anthem,SABER WING,0,,-,483,BATORA,島根県,1663,RAN.S,島根県,2548,KL8NB,島根県,0,,-
Resort Anthem,Sakura Reflection,0,,-,453,.TEITO,島根県,1405,CIEL*,島根県,2266,RAN.S,島根県,0,,-
Resort Anthem,sakura storm,0,,-,985,SUKE,島根県,1227,YUNA.S,島根県,2224,KOHNOS,島根県,0,,-
Resort Anthem,Session 9 -Chronicles-,0,,-,651,.TEITO,島根県,1699,ANA21*,島根県,2776,KL8NB,島根県,0,,-
Resort Anthem,Space Time,0,,-,555,RYZE-R,島根県,1045,.TEITO,島根県,2014,RAN.S,島根県,0,,-
Resort Anthem,SPECIAL SUMMER CAMPAIGN!,0,,-,694,LU.PSJ,島根県,1406,YUNA.S,島根県,2928,CHMR,島根県,0,,-
Resort Anthem,Stay my side,0,,-,590,.TEITO,島根県,1025,LU.PSJ,島根県,1325,CHMR,島根県,0,,-
Resort Anthem,STELLAR WIND,141,ARISA,島根県,581,.TEITO,島根県,0,,-,2572,CHMR,島根県,0,,-
Resort Anthem,THE BLACK KNIGHT,0,,-,759,.TEITO,島根県,1829,CHARIN,島根県,2613,KL8NB,島根県,4527,CHMR,島根県
Resort Anthem,THE DOOR INTO RAINBOW,0,,-,673,.TEITO,島根県,0,,-,1883,PORUTA,島根県,0,,-
Resort Anthem,THE FALLEN,0,,-,749,.TEITO,島根県,1301,YUNA.S,島根県,2410,RAN.S,島根県,0,,-
Resort Anthem,Tropical April,0,,-,1521,LU.PSJ,島根県,1921,LU.PSJ,島根県,2671,CHMR,島根県,0,,-
Resort Anthem,Vermillion,0,,-,465,.TEITO,島根県,796,.TEITO,島根県,1610,1129,島根県,0,,-
Resort Anthem,Watch Out Pt.2,0,,-,793,.TEITO,島根県,1537,YOU,島根県,2550,KOHNOS,島根県,0,,-
Resort Anthem,WISE UP!,0,,-,215,ARISA,島根県,1044,YUNA.S,島根県,1475,SUKE,島根県,2542,BOSS,島根県
Resort Anthem,Wuv U,0,,-,387,.TEITO,島根県,1109,YUNA.S,島根県,1508,SUKE,島根県,0,,-
Resort Anthem,XANADU OF TWO,0,,-,882,.TEITO,島根県,1528,YUNA.S,島根県,2733,CHMR,島根県,3220,K*N.SY,島根県
Resort Anthem,ZETA～素数の世界と超越者～,306,.TEITO,島根県,517,.TEITO,島根県,1739,LU.PSJ,島根県,3071,CHMR,島根県,0,,-
Resort Anthem,おおきなこえで,0,,-,387,.TEITO,島根県,532,SAWAD,島根県,1314,YOU,島根県,1920,YOU,島根県
Resort Anthem,かげぬい ～ Ver.BENIBOTAN ～,0,,-,0,,-,1138,YUNA.S,島根県,1627,LU.PSJ,島根県,0,,-
Resort Anthem,中華急行,0,,-,316,.TEITO,島根県,0,,-,2289,CHMR,島根県,0,,-
Resort Anthem,夕焼け ～Fading Day～,0,,-,803,.TEITO,島根県,1805,KL8NB,島根県,2584,KOHNOS,島根県,0,,-
Resort Anthem,旅人リラン,0,,-,1088,YUNA.S,島根県,1809,RAN.S,島根県,2633,CHMR,島根県,0,,-
Resort Anthem,灼熱Beach Side Bunny,532,.TEITO,島根県,963,SUKE,島根県,1650,DORAI,島根県,2814,BOSS,島根県,0,,-
Resort Anthem,黒髪乱れし修羅となりて,0,,-,703,.TEITO,島根県,1750,YOU,島根県,3015,KOHNOS,島根県,0,,-
Lincle,24th Century BOY,0,,-,782,.TEITO,島根県,1612,LU.PSJ,島根県,2633,K*N.SY,島根県,0,,-
Lincle,532nm,0,,-,323,KYOKI*,島根県,912,.TEITO,島根県,2336,RAN.S,島根県,0,,-
Lincle,A MINSTREL ～ ver. short-scape ～,0,,-,0,,-,1391,LU.PSJ,島根県,2030,LU.PSJ,島根県,3732,ANIS,島根県
Lincle,Almace,0,,-,516,CYDER*,島根県,1210,YUNA.S,島根県,1860,RAN.S,島根県,0,,-
Lincle,ANAGRAMS I to Y,0,,-,597,CYDER*,島根県,1551,YUNA.S,島根県,2152,777777,島根県,0,,-
Lincle,BLACK.by X-Cross Fade,0,,-,958,YUNA.S,島根県,1944,RAN.S,島根県,3288,CHMR,島根県,0,,-
Lincle,CALL,0,,-,0,,-,704,.TEITO,島根県,1336,CHARIN,島根県,2457,K*N.SY,島根県
Lincle,Castle on the Moon,225,.TEITO,島根県,581,.TEITO,島根県,1516,BADPOO,島根県,2139,KL8NB,島根県,0,,-
Lincle,Change the World,0,,-,708,.TEITO,島根県,1274,YUNA.S,島根県,1673,RAN.S,島根県,0,,-
Lincle,DIAVOLO,0,,-,1225,LU.PSJ,島根県,1585,LU.PSJ,島根県,3149,CHMR,島根県,0,,-
Lincle,Drive Me Crazy,0,,-,674,.TEITO,島根県,1318,LU.PSJ,島根県,2119,SUKE,島根県,0,,-
Lincle,Express Emotion,0,,-,677,.TEITO,島根県,1004,YUNA.S,島根県,2283,SUKE,島根県,0,,-
Lincle,F,0,,-,1026,LU.PSJ,島根県,1937,CHARIN,島根県,3098,RAN.S,島根県,0,,-
Lincle,Far east nightbird,306,.TEITO,島根県,479,.TEITO,島根県,1211,YUNA.S,島根県,1960,KOHNOS,島根県,0,,-
Lincle,fffff,0,,-,684,.TEITO,島根県,1968,RAN.S,島根県,2638,PINACC,島根県,0,,-
Lincle,Flip Flap,0,,-,555,.TEITO,島根県,1186,YUNA.S,島根県,2076,RAN.S,島根県,0,,-
Lincle,Follow Tomorrow,0,,-,818,BATORA,島根県,1393,CHARIN,島根県,2160,RAN.S,島根県,0,,-
Lincle,GIGANT,0,,-,513,.TEITO,島根県,835,.TEITO,島根県,1577,CHARIN,島根県,2743,K*N.SY,島根県
Lincle,HAERETICUS,0,,-,658,.TEITO,島根県,1255,ANA21*,島根県,2538,ANIS,島根県,0,,-
Lincle,I'm so Happy,300,.TEITO,島根県,394,.TEITO,島根県,1305,PINACC,島根県,2049,RAN.S,島根県,0,,-
Lincle,In the Blackest Den,0,,-,745,.TEITO,島根県,0,,-,2557,CHMR,島根県,0,,-
Lincle,Infinite cave,0,,-,800,.TEITO,島根県,0,,-,1965,BOSS,島根県,0,,-
Lincle,KYAMISAMA ONEGAI!,0,,-,0,,-,1022,YUNA.S,島根県,1885,RAN.S,島根県,2604,RAN.S,島根県
Lincle,LAX5 feat.Ryota Yoshinari,0,,-,999,YUNA.S,島根県,0,,-,2236,CIEL*,島根県,0,,-
Lincle,LETHEBOLG ～双神威に斬り咲けり～,0,,-,901,.TEITO,島根県,1450,YUNA.S,島根県,2082,BADPOO,島根県,0,,-
Lincle,Liquid Crystal Girl feat. echo,0,,-,0,,-,916,.TEITO,島根県,1880,RAN.S,島根県,0,,-
Lincle,LOVE B.B.B,0,,-,684,.TEITO,島根県,1302,YUNA.S,島根県,1889,PORUTA,島根県,0,,-
Lincle,Lucky Days,0,,-,597,.TEITO,島根県,1302,YUNA.S,島根県,2029,RAN.S,島根県,0,,-
Lincle,Mermaid girl-秋葉工房 MIX-,0,,-,734,.TEITO,島根県,1200,YUNA.S,島根県,1946,9610,島根県,0,,-
Lincle,Miami Sunset Drive,0,,-,579,.TEITO,島根県,786,.TEITO,島根県,1584,RAN.S,島根県,0,,-
Lincle,NNRT,0,,-,1150,YUNA.S,島根県,2035,DORAI,島根県,3103,K*N.SY,島根県,0,,-
Lincle,Phoenix,0,,-,498,CROWN,島根県,1078,YUNA.S,島根県,2170,RAN.S,島根県,3026,ANIS,島根県
Lincle,prompt,0,,-,898,LU.PSJ,島根県,1443,YUNA.S,島根県,2416,YOU,島根県,0,,-
Lincle,QUANTUM TELEPORTATION,0,,-,1157,YUNA.S,島根県,1679,TINNY,島根県,2718,RAN.S,島根県,3073,RAN.S,島根県
Lincle,quaver♪,268,.TEITO,島根県,654,.TEITO,島根県,2033,RAN.S,島根県,3087,RAN.S,島根県,0,,-
Lincle,Quick Silver,0,,-,667,.TEITO,島根県,1499,LU.PSJ,島根県,2465,KOHNOS,島根県,0,,-
Lincle,Release The Music,0,,-,0,,-,1310,YUNA.S,島根県,1959,RAN.S,島根県,0,,-
Lincle,RESISTANCE,0,,-,0,,-,1238,YUNA.S,島根県,2198,9610,島根県,0,,-
Lincle,Round and Round,0,,-,733,LU.PSJ,島根県,1172,YUNA.S,島根県,1965,PINACC,島根県,0,,-
Lincle,SA.YO.NA.RA. SUPER STAR,0,,-,0,,-,764,.TEITO,島根県,0,,-,0,,-
Lincle,Scharfrichter,0,,-,784,.TEITO,島根県,1352,KROZU,島根県,2650,SUKE,島根県,0,,-
Lincle,Several Words,0,,-,0,,-,1270,YUNA.S,島根県,2075,K*N.SY,島根県,0,,-
Lincle,SHADE,0,,-,899,.TEITO,島根県,1974,KL8NB,島根県,2828,BOSS,島根県,0,,-
Lincle,Snake Stick,0,,-,990,LU.PSJ,島根県,1626,CHARIN,島根県,2596,CHMR,島根県,0,,-
Lincle,Snow Goose,0,,-,350,.TEITO,島根県,1138,CIEL*,島根県,1997,PORUTA,島根県,0,,-
Lincle,Star Trail,0,,-,272,SAWAD,島根県,1041,YUNA.S,島根県,1028,RYZE-R,島根県,2557,CHMR,島根県
Lincle,The Limbo,0,,-,1122,YUNA.S,島根県,1710,OKOJO,島根県,2804,SUKE,島根県,4230,CHMR,島根県
Lincle,The Sampling Paradise,0,,-,744,.TEITO,島根県,1752,RAN.S,島根県,2847,BOSS,島根県,0,,-
Lincle,Thunderbolt,0,,-,967,CIEL*,島根県,1532,A,島根県,3330,K*N.SY,島根県,0,,-
Lincle,TITANS RETURN,0,,-,557,.TEITO,島根県,0,,-,1812,1129,島根県,2572,CHMR,島根県
Lincle,Todestrieb,0,,-,960,.TEITO,島根県,1812,RAN.S,島根県,3167,KOHNOS,島根県,0,,-
Lincle,Voxane,0,,-,378,KYOKI*,島根県,1104,YUNA.S,島根県,1385,NO.217,島根県,0,,-
Lincle,WONDER WALKER,0,,-,884,.TEITO,島根県,1573,LU.PSJ,島根県,3428,K*N.SY,島根県,0,,-
Lincle,YAKSHA,0,,-,1163,YUNA.S,島根県,1981,2KAPON,島根県,3079,RAN.S,島根県,0,,-
Lincle,yellow head joe,0,,-,669,.TEITO,島根県,1144,YUNA.S,島根県,1914,SUKE,島根県,2953,BOSS,島根県
Lincle,Yellow Sunrise,0,,-,0,,-,1345,YUNA.S,島根県,2201,E-S,島根県,0,,-
Lincle,ビューティフルレシート,0,,-,485,.TEITO,島根県,1065,YUNA.S,島根県,1763,SUKE,島根県,0,,-
Lincle,ユミル,0,,-,459,LEVI.,島根県,1258,YUNA.S,島根県,2610,RAN.S,島根県,0,,-
Lincle,君のハートにロックオン,0,,-,627,.TEITO,島根県,1089,A,島根県,2283,PORUTA,島根県,3334,CHMR,島根県
Lincle,天空の夜明け,0,,-,1227,CIEL*,島根県,2019,RAN.S,島根県,3726,BOSS,島根県,0,,-
Lincle,子供の落書き帳,0,,-,789,YUNA.S,島根県,1662,9610,島根県,2167,YOU,島根県,0,,-
Lincle,恋する☆宇宙戦争っ！！,477,.TEITO,島根県,826,.TEITO,島根県,1643,LU.PSJ,島根県,2931,SUKE,島根県,4526,CHMR,島根県
Lincle,突撃!ガラスのニーソ姫!,0,,-,606,.TEITO,島根県,1125,LU.PSJ,島根県,1978,RAN.S,島根県,0,,-
Lincle,聖人の塔,0,,-,852,YUNA.S,島根県,1380,REVIS,島根県,2957,CHMR,島根県,4189,CHMR,島根県
Lincle,蛇神,401,.TEITO,島根県,682,.TEITO,島根県,1057,A,島根県,2702,BOSS,島根県,3147,K*N.SY,島根県
Lincle,衰色小町メランコリア,0,,-,465,KYOKI*,島根県,1292,YUNA.S,島根県,2104,CHARIN,島根県,0,,-
Lincle,陽炎,0,,-,388,CCF,島根県,1094,YUNA.S,島根県,1496,1129,島根県,0,,-
tricoro,405nm (Ryu☆mix),0,,-,737,.TEITO,島根県,1398,CIEL*,島根県,2327,SUKE,島根県,0,,-
tricoro,8bit Princess,0,,-,598,.TEITO,島根県,1319,SUKE,島根県,2529,RAN.S,島根県,0,,-
tricoro,Ascalon,0,,-,945,.TEITO,島根県,0,,-,2154,RAN.S,島根県,0,,-
tricoro,Beastie Starter,0,,-,247,ARISA,島根県,719,.TEITO,島根県,1974,KL8NB,島根県,0,,-
tricoro,BLUE STRAGGLER,0,,-,702,.TEITO,島根県,990,.TEITO,島根県,2376,RAN.S,島根県,0,,-
tricoro,BRAVE GLOW,0,,-,715,.TEITO,島根県,1379,YUNA.S,島根県,2340,RAN.S,島根県,0,,-
tricoro,CONCEPTUAL,0,,-,731,.TEITO,島根県,1157,MCPATA,島根県,2247,CHARIN,島根県,0,,-
tricoro,Confiserie,0,,-,911,YUNA.S,島根県,1900,9610,島根県,3512,CHMR,島根県,0,,-
tricoro,connective,0,,-,0,,-,0,,-,1471,HI-TA,島根県,0,,-
tricoro,Cookie Bouquets,0,,-,740,.TEITO,島根県,1914,LU.PSJ,島根県,3107,PORUTA,島根県,0,,-
tricoro,DAY DREAM,0,,-,417,.TEITO,島根県,912,OKOJO,島根県,2012,CHMR,島根県,0,,-
tricoro,Devilz Staircase,0,,-,379,KYOKI*,島根県,0,,-,2764,PINACC,島根県,0,,-
tricoro,Elemental Creation,179,HUFYMK,島根県,1291,YUNA.S,島根県,2199,ANIS,島根県,3974,CHMR,島根県,0,,-
tricoro,examination leave,0,,-,1061,YUNA.S,島根県,0,,-,3098,PINACC,島根県,0,,-
tricoro,FLOWER,331,.TEITO,島根県,1039,LU.PSJ,島根県,1458,TACO,島根県,2494,SUKE,島根県,0,,-
tricoro,Fly you to the star,0,,-,695,.TEITO,島根県,1448,YUNA.S,島根県,2048,CHARIN,島根県,0,,-
tricoro,GAIA,0,,-,927,YUNA.S,島根県,1695,REVIS,島根県,2744,SUKE,島根県,0,,-
tricoro,GRADIUS 2012,0,,-,789,.TEITO,島根県,1420,YUNA.S,島根県,2324,DORAI,島根県,0,,-
tricoro,Hollywood Galaxy,0,,-,895,.TEITO,島根県,1655,BOX-Y0,島根県,2312,K*N.SY,島根県,0,,-
tricoro,Howling,0,,-,0,,-,1243,YUNA.S,島根県,1910,RAN.S,島根県,2387,KL8NB,島根県
tricoro,I know You know,0,,-,0,,-,885,.TEITO,島根県,1784,RAN.S,島根県,0,,-
tricoro,ILIAS,0,,-,706,.TEITO,島根県,1121,YUNA.S,島根県,2040,BADPOO,島根県,0,,-
tricoro,Illegal Function Call,0,,-,815,.TEITO,島根県,1597,LU.PSJ,島根県,2249,PINACC,島根県,3636,CHMR,島根県
tricoro,In Heaven,0,,-,691,.TEITO,島根県,1338,YUNA.S,島根県,2010,9610,島根県,0,,-
tricoro,JOMANDA,207,PINACC,島根県,1013,YUNA.S,島根県,1954,2KAPON,島根県,3602,CHMR,島根県,0,,-
tricoro,Liberation,0,,-,1177,.TEITO,島根県,2269,RAN.S,島根県,3084,SUKE,島根県,0,,-
tricoro,Light and Cyber…,0,,-,913,.TEITO,島根県,0,,-,2671,ANIS,島根県,0,,-
tricoro,Little Star,0,,-,786,.TEITO,島根県,1584,LU.PSJ,島根県,2616,SUKE,島根県,0,,-
tricoro,LUV CAN SAVE U,0,,-,252,ARISA,島根県,1146,.TEITO,島根県,2025,RAN.S,島根県,2583,RAN.S,島根県
tricoro,mnemoniq,0,,-,270,CROWN,島根県,390,AWASHA,島根県,1301,CHMR,島根県,0,,-
tricoro,Neonlights,0,,-,0,,-,1420,LU.PSJ,島根県,2005,RAN.S,島根県,0,,-
tricoro,neu,187,.TEITO,島根県,904,YUNA.S,島根県,1866,LU.PSJ,島根県,3477,KOHNOS,島根県,0,,-
tricoro,New Decade IIDX Edition,0,,-,846,.TEITO,島根県,1250,DVL,島根県,2477,SUKE,島根県,0,,-
tricoro,New Lights,0,,-,875,.TEITO,島根県,1670,RAN.S,島根県,2327,9610,島根県,0,,-
tricoro,Plan 8,0,,-,1105,YUNA.S,島根県,1896,2KAPON,島根県,3077,CHMR,島根県,0,,-
tricoro,planarian,0,,-,642,.TEITO,島根県,1501,YUNA.S,島根県,2369,RAN.S,島根県,0,,-
tricoro,POINT ZERO,0,,-,666,.TEITO,島根県,1167,PINACC,島根県,1955,BOSS,島根県,0,,-
tricoro,Präludium,0,,-,629,.TEITO,島根県,1170,YUNA.S,島根県,2100,RAN.S,島根県,0,,-
tricoro,Proof of the existence,0,,-,1055,YUNA.S,島根県,1461,ANA21*,島根県,2652,PINACC,島根県,0,,-
tricoro,Rainbow after snow,0,,-,693,LU.PSJ,島根県,1373,YUNA.S,島根県,2067,RAN.S,島根県,0,,-
tricoro,Re:GENERATION,0,,-,776,.TEITO,島根県,1350,YUNA.S,島根県,2050,RAN.S,島根県,0,,-
tricoro,Reflection Into the EDEN,0,,-,600,TRSN,島根県,1299,LU.PSJ,島根県,2044,KOHNOS,島根県,0,,-
tricoro,rumrum triplets,0,,-,834,.TEITO,島根県,1460,ANA21*,島根県,2547,CHARIN,島根県,0,,-
tricoro,S!ck,0,,-,807,.TEITO,島根県,1309,YUNA.S,島根県,2336,KL8NB,島根県,0,,-
tricoro,Saturn,0,,-,1103,YUNA.S,島根県,1874,RAN.S,島根県,2174,CHARIN,島根県,3465,CHMR,島根県
tricoro,Shining World,0,,-,923,.TEITO,島根県,1099,.TEITO,島根県,1892,RAN.S,島根県,0,,-
tricoro,SHION,0,,-,625,.TEITO,島根県,1249,YUNA.S,島根県,2645,E-S,島根県,0,,-
tricoro,Sol Cosine Job 2,0,,-,888,.TEITO,島根県,0,,-,3129,CHMR,島根県,0,,-
tricoro,STULTI,0,,-,507,.TEITO,島根県,1466,RAN.S,島根県,2702,CHMR,島根県,0,,-
tricoro,SYNC-ANTHEM,0,,-,817,.TEITO,島根県,0,,-,3025,K*N.SY,島根県,0,,-
tricoro,Synergy For Angels,0,,-,739,.TEITO,島根県,1207,.TEITO,島根県,2506,RAN.S,島根県,0,,-
tricoro,Take My Life,0,,-,526,SAWAD,島根県,1411,YUNA.S,島根県,2440,CHARIN,島根県,0,,-
tricoro,Thor's Hammer,0,,-,839,.TEITO,島根県,1564,CHARIN,島根県,2438,AA3,島根県,0,,-
tricoro,Time To Empress,0,,-,788,.TEITO,島根県,1487,YUNA.S,島根県,2478,KOHNOS,島根県,2748,RAN.S,島根県
tricoro,Timepiece phase II,0,,-,818,.TEITO,島根県,1494,REVIS,島根県,2669,RAN.S,島根県,0,,-
tricoro,Timepiece phase II (CN Ver.),0,,-,929,LU.PSJ,島根県,1653,CHARIN,島根県,2830,CHMR,島根県,0,,-
tricoro,True Blue,0,,-,1030,YUNA.S,島根県,2167,CHARIN,島根県,3306,PINACC,島根県,0,,-
tricoro,Valanga,0,,-,1229,LU.PSJ,島根県,2019,RAN.S,島根県,2896,KOHNOS,島根県,0,,-
tricoro,VALLIS-NERIA,0,,-,1109,YUNA.S,島根県,1768,CIEL*,島根県,2906,CHMR,島根県,0,,-
tricoro,VEGA,0,,-,965,.TEITO,島根県,1691,MCPATA,島根県,3001,BOSS,島根県,0,,-
tricoro,ZED,0,,-,891,LU.PSJ,島根県,1478,YUNA.S,島根県,2529,K*N.SY,島根県,2700,ANIS,島根県
tricoro,Zirkfied,0,,-,880,.TEITO,島根県,1443,ANA21*,島根県,3477,BOSS,島根県,0,,-
tricoro,ΕΛΠΙΣ,0,,-,1055,YUNA.S,島根県,1894,SUKE,島根県,2751,SUKE,島根県,2883,YOU,島根県
tricoro,†渚の小悪魔ラヴリィ～レイディオ†(IIDX EDIT),0,,-,504,.TEITO,島根県,1565,RAN.S,島根県,2908,KL8NB,島根県,0,,-
tricoro,お米の美味しい炊き方、そしてお米を食べることによるその効果。,0,,-,724,.TEITO,島根県,0,,-,1748,TINNY,島根県,3560,CHMR,島根県
tricoro,たまゆら,0,,-,1086,LU.PSJ,島根県,1597,REVIS,島根県,2733,CHMR,島根県,0,,-
tricoro,アストライアの双皿,0,,-,642,LU.PSJ,島根県,1706,YOU,島根県,2612,K*N.SY,島根県,0,,-
tricoro,カジノファイヤーことみちゃん,0,,-,525,.TEITO,島根県,1228,YUNA.S,島根県,1880,YOU,島根県,2717,ANIS,島根県
tricoro,キャトられ恋はモ～モク,0,,-,1386,YUNA.S,島根県,1780,AMA,島根県,3151,K*N.SY,島根県,0,,-
tricoro,シュレーディンガーの猫,0,,-,1056,YUNA.S,島根県,1895,IIDX33,島根県,3211,BOSS,島根県,0,,-
tricoro,トリカゴノ鳳凰,0,,-,885,BATORA,島根県,1635,CIEL*,島根県,3063,SUKE,島根県,0,,-
tricoro,メイメツ、フラグメンツ,0,,-,557,.TEITO,島根県,1133,YUNA.S,島根県,1740,ANIS,島根県,0,,-
tricoro,ラキラキ,0,,-,583,.TEITO,島根県,1023,KROZU,島根県,1859,RAN.S,島根県,0,,-
tricoro,下弦の月,0,,-,0,,-,1088,.TEITO,島根県,1956,CHMR,島根県,0,,-
tricoro,仮想空間の旅人たち,0,,-,991,.TEITO,島根県,877,A,島根県,2683,RAN.S,島根県,3400,RAN.S,島根県
tricoro,創世ノート,0,,-,734,.TEITO,島根県,1507,TINNY,島根県,2648,RAN.S,島根県,0,,-
tricoro,即席！脳直★ミュージックシステム,0,,-,981,YUNA.S,島根県,1194,DVL,島根県,3305,BOSS,島根県,0,,-
tricoro,朧,190,.TEITO,島根県,708,.TEITO,島根県,1400,LU.PSJ,島根県,2025,RAN.S,島根県,2334,RAN.S,島根県
tricoro,梅雪夜,0,,-,801,.TEITO,島根県,1287,YUNA.S,島根県,1999,PORUTA,島根県,0,,-
tricoro,狂イ咲ケ焔ノ華,0,,-,1144,YUNA.S,島根県,1712,IIDX33,島根県,3043,PINACC,島根県,0,,-
tricoro,音楽,0,,-,622,.TEITO,島根県,1780,9610,島根県,2719,CHMR,島根県,0,,-
tricoro,龍と少女とデコヒーレンス,0,,-,734,.TEITO,島根県,1244,TACO,島根県,2650,RAN.S,島根県,2769,KL8NB,島根県
SPADA,Adularia,0,,-,1005,YUNA.S,島根県,568,ANA21*,島根県,2437,RAN.S,島根県,0,,-
SPADA,ALBA -黎明-,0,,-,584,.TEITO,島根県,1297,CIEL*,島根県,2908,RAN.S,島根県,3237,YOU,島根県
SPADA,Ancient Scapes,0,,-,1094,YUNA.S,島根県,1254,AMA,島根県,2818,HI-TA,島根県,4174,CHMR,島根県
SPADA,ATHER,0,,-,0,,-,1240,MCPATA,島根県,2143,REVIS,島根県,3150,CHMR,島根県
SPADA,BLUE DRAGON(雷龍RemixIIDX),0,,-,1354,YUNA.S,島根県,1472,LU.PSJ,島根県,2946,K*N.SY,島根県,0,,-
SPADA,BRAINSTORM,0,,-,679,.TEITO,島根県,1707,CHARIN,島根県,2651,BOSS,島根県,0,,-
SPADA,BRAVE OUT,0,,-,913,.TEITO,島根県,1371,LU.PSJ,島根県,1969,PINACC,島根県,2565,RAN.S,島根県
SPADA,Claiomh Solais,0,,-,257,SHUN,島根県,1282,RYZE-R,島根県,2018,RAN.S,島根県,0,,-
SPADA,Cleopatrysm,0,,-,692,.TEITO,島根県,1378,9610,島根県,2344,RAN.S,島根県,0,,-
SPADA,Close the World feat.a☆ru,0,,-,1074,YUNA.S,島根県,1872,CHARIN,島根県,2836,SUKE,島根県,2850,YOU,島根県
SPADA,Critical Crystal,0,,-,975,YUNA.S,島根県,1536,YUNA.S,島根県,2826,CHMR,島根県,0,,-
SPADA,DARK LEGACY,0,,-,1194,YUNA.S,島根県,1735,YOU,島根県,3135,SUKE,島根県,0,,-
SPADA,Devilz Sacrifice -贖罪の羊-,0,,-,730,.TEITO,島根県,1421,TACO,島根県,2115,PINACC,島根県,0,,-
SPADA,diagram,0,,-,576,.TEITO,島根県,1210,YUNA.S,島根県,2287,CHARIN,島根県,0,,-
SPADA,Elektrick U-Phoria,0,,-,1094,YUNA.S,島根県,1649,LU.PSJ,島根県,2797,K*N.SY,島根県,3760,BOSS,島根県
SPADA,Element of SPADA,0,,-,648,.TEITO,島根県,1102,.TEITO,島根県,1992,TOG,島根県,2926,AGX,島根県
SPADA,Engraved Mark,0,,-,696,.TEITO,島根県,1079,YUNA.S,島根県,2120,SUKE,島根県,0,,-
SPADA,EXTREME MACH COLLIDER,0,,-,791,.TEITO,島根県,0,,-,2188,CHARIN,島根県,0,,-
SPADA,Feel The Beat,0,,-,1222,YUNA.S,島根県,1604,J*VID$,島根県,3211,KOHNOS,島根県,4235,CHMR,島根県
SPADA,Funny shuffle,0,,-,0,,-,833,.TEITO,島根県,1875,CHARIN,島根県,0,,-
SPADA,HYENA,0,,-,1082,YUNA.S,島根県,1597,LU.PSJ,島根県,2270,CHARIN,島根県,2633,CHARIN,島根県
SPADA,Hypersonik,0,,-,821,.TEITO,島根県,0,,-,2187,YOU,島根県,0,,-
SPADA,I will be back -オレは帰ってきた-,0,,-,941,YUNA.S,島根県,0,,-,2381,ANIS,島根県,0,,-
SPADA,Idola,0,,-,1126,YUNA.S,島根県,2162,RAN.S,島根県,3364,BOSS,島根県,0,,-
SPADA,Insane Techniques,0,,-,666,.TEITO,島根県,948,TANUKI,島根県,2153,9610,島根県,0,,-
SPADA,INSOMNIA,0,,-,740,.TEITO,島根県,1454,YUNA.S,島根県,2691,AA3,島根県,0,,-
SPADA,into the battlefield,0,,-,664,.TEITO,島根県,1194,BATORA,島根県,973,MCPATA,島根県,0,,-
SPADA,invoker,0,,-,921,.TEITO,島根県,0,,-,3058,BOSS,島根県,3109,K*N.SY,島根県
SPADA,IX,0,,-,1200,YUNA.S,島根県,2049,CHARIN,島根県,3756,CHMR,島根県,0,,-
SPADA,KAISER PHOENIX,0,,-,1235,YUNA.S,島根県,1776,DORAI,島根県,3089,BOSS,島根県,3889,CHMR,島根県
SPADA,KHAMEN BREAK,0,,-,380,SAWAD,島根県,984,.TEITO,島根県,2095,AA3,島根県,0,,-
SPADA,Last Dance,0,,-,1088,YUNA.S,島根県,1378,IIDX33,島根県,3204,CHMR,島根県,0,,-
SPADA,Lighting Shower,0,,-,778,LU.PSJ,島根県,1140,LU.PSJ,島根県,1987,CHARIN,島根県,0,,-
SPADA,M.D.Injection,0,,-,0,,-,1059,.TEITO,島根県,2151,ANIS,島根県,0,,-
SPADA,m1dy Deluxe,0,,-,981,.TEITO,島根県,1540,LU.PSJ,島根県,2476,CHMR,島根県,0,,-
SPADA,MAD ATTACK,0,,-,608,.TEITO,島根県,1151,BATORA,島根県,1786,RAN.S,島根県,2169,KOHNOS,島根県
SPADA,MAGIC & LOVE,0,,-,908,.TEITO,島根県,1598,LU.PSJ,島根県,2439,CHARIN,島根県,0,,-
SPADA,Miracle 5ympho X,0,,-,638,.TEITO,島根県,958,.TEITO,島根県,2453,PINACC,島根県,2624,E-S,島根県
SPADA,NPC World,0,,-,833,.TEITO,島根県,1041,.TEITO,島根県,1967,CHARIN,島根県,0,,-
SPADA,Odin,0,,-,0,,-,1287,YUNA.S,島根県,1891,KL8NB,島根県,0,,-
SPADA,Overload Frontier,0,,-,668,.TEITO,島根県,0,,-,2206,KL8NB,島根県,0,,-
SPADA,Pharaoh,0,,-,273,ESES*!,島根県,931,.TEITO,島根県,2130,CHARIN,島根県,0,,-
SPADA,PUNISHER,0,,-,933,.TEITO,島根県,1506,KROZU,島根県,3051,ANIS,島根県,0,,-
SPADA,ra'am,0,,-,774,.TEITO,島根県,757,KYR.54,島根県,2741,CHMR,島根県,0,,-
SPADA,rainbow guitar weeps,0,,-,852,.TEITO,島根県,0,,-,2528,K*N.SY,島根県,0,,-
SPADA,Recollection,0,,-,986,.TEITO,島根県,1286,.TEITO,島根県,1998,LU.PSJ,島根県,0,,-
SPADA,refractive index,0,,-,667,.TEITO,島根県,1057,.TEITO,島根県,2422,KL8NB,島根県,0,,-
SPADA,RISE,0,,-,766,.TEITO,島根県,1142,LU.PSJ,島根県,1682,CHARIN,島根県,0,,-
SPADA,RIZING YOU UP,0,,-,986,LU.PSJ,島根県,1831,YOU,島根県,2420,RAN.S,島根県,0,,-
SPADA,SCHWARZSCHILD FIELD,0,,-,812,YUNA.S,島根県,1262,MCPATA,島根県,2357,CHMR,島根県,0,,-
SPADA,Sigmund,0,,-,1283,YUNA.S,島根県,1957,YOU,島根県,3715,CHMR,島根県,4272,CHMR,島根県
SPADA,Squeeze,0,,-,701,.TEITO,島根県,1229,CIEL*,島根県,2015,CHARIN,島根県,0,,-
SPADA,THE DETONATOR,0,,-,1433,YUNA.S,島根県,2011,LU.PSJ,島根県,2818,K*N.SY,島根県,0,,-
SPADA,Unicorn tail,0,,-,689,.TEITO,島根県,1997,BADPOO,島根県,2890,RAN.S,島根県,0,,-
SPADA,Valgus,0,,-,610,LU.PSJ,島根県,1205,LU.PSJ,島根県,2115,RAN.S,島根県,0,,-
SPADA,Verflucht,0,,-,1201,LU.PSJ,島根県,1762,OKOJO,島根県,3136,BOSS,島根県,4644,CHMR,島根県
SPADA,VOX UP,0,,-,1075,.TEITO,島根県,2127,CHARIN,島根県,3564,CHMR,島根県,0,,-
SPADA,Wonder Girl feat. Kanae Asaba,0,,-,666,.TEITO,島根県,1136,YOU,島根県,2628,KOHNOS,島根県,0,,-
SPADA,お願いアインシュタイン,0,,-,548,SAWAD,島根県,1264,YUNA.S,島根県,1951,PORUTA,島根県,0,,-
SPADA,アルストロメリア,183,LEVI.,島根県,825,.TEITO,島根県,1469,CHARIN,島根県,2287,K*N.SY,島根県,0,,-
SPADA,デッドボヲルdeホームラン,0,,-,522,.TEITO,島根県,1237,YUNA.S,島根県,2397,PINACC,島根県,0,,-
SPADA,バンブーソード・ガール,255,.TEITO,島根県,825,.TEITO,島根県,1675,PINACC,島根県,2070,AA3,島根県,0,,-
SPADA,廿,0,,-,811,.TEITO,島根県,1122,A,島根県,2151,RAN.S,島根県,3136,BOSS,島根県
SPADA,旋律のドグマ～Miserables～,0,,-,1184,YUNA.S,島根県,1422,DVL,島根県,3529,BOSS,島根県,0,,-
SPADA,海神,0,,-,1062,YUNA.S,島根県,1973,RAN.S,島根県,2773,SUKE,島根県,3337,BOSS,島根県
SPADA,煉獄のエルフェリア,0,,-,1219,YUNA.S,島根県,2052,CHARIN,島根県,3605,BOSS,島根県,0,,-
SPADA,牧神笛吹きて,0,,-,673,.TEITO,島根県,1269,9610,島根県,1889,RAN.S,島根県,0,,-
SPADA,疾風迅雷,0,,-,1087,YUNA.S,島根県,0,,-,2863,CHMR,島根県,3391,CHMR,島根県
SPADA,罪と罰,0,,-,944,PINACC,島根県,1261,SUKE,島根県,2044,RAN.S,島根県,0,,-
SPADA,超!!遠距離らぶメ～ル,0,,-,422,ARISA,島根県,1380,YUNA.S,島根県,2074,777777,島根県,0,,-
SPADA,轟け！恋のビーンボール！！,0,,-,940,YUNA.S,島根県,1241,IIDX33,島根県,2861,KL8NB,島根県,0,,-
PENDUAL,#The_Relentless,0,,-,934,.TEITO,島根県,1797,BADPOO,島根県,2638,K*N.SY,島根県,3452,ANIS,島根県
PENDUAL,AFRO KNUCKLE,0,,-,755,.TEITO,島根県,1449,LU.PSJ,島根県,2138,9610,島根県,0,,-
PENDUAL,Beat Radiance,0,,-,828,.TEITO,島根県,1530,YAMA,島根県,2520,RAN.S,島根県,3513,CHMR,島根県
PENDUAL,Beyond The Earth,0,,-,985,.TEITO,島根県,1709,TINNY,島根県,2817,RAN.S,島根県,0,,-
PENDUAL,Blaze it UP!,0,,-,685,SHUN,島根県,1682,YUNA.S,島根県,2604,CHARIN,島根県,0,,-
PENDUAL,BLUE MIRAGE,0,,-,823,.TEITO,島根県,1499,CIEL*,島根県,2641,BOSS,島根県,0,,-
PENDUAL,Broken Sword,0,,-,1175,YUNA.S,島根県,1866,CHARIN,島根県,3273,AA3,島根県,0,,-
PENDUAL,Chain of pain,0,,-,650,.TEITO,島根県,1330,LU.PSJ,島根県,2022,RAN.S,島根県,0,,-
PENDUAL,chrono diver -fragment-,0,,-,604,.TEITO,島根県,1016,.TEITO,島根県,1721,9610,島根県,2205,RAN.S,島根県
PENDUAL,CHRONO DIVER -NORNIR-,0,,-,1017,.TEITO,島根県,1722,AMA,島根県,2896,K*N.SY,島根県,4364,CHMR,島根県
PENDUAL,Chrono Diver -PENDULUMs-,516,.TEITO,島根県,1321,SUKE,島根県,2551,KOHNOS,島根県,4285,CHMR,島根県,0,,-
PENDUAL,Chronos,0,,-,658,.TEITO,島根県,1314,RAN.S,島根県,2099,SUKE,島根県,2544,CHARIN,島根県
PENDUAL,cinder,0,,-,713,.TEITO,島根県,0,,-,3110,CHMR,島根県,0,,-
PENDUAL,COLOSSEUM,0,,-,537,.TEITO,島根県,983,.TEITO,島根県,1996,RAN.S,島根県,0,,-
PENDUAL,Cosmic Cat,0,,-,781,.TEITO,島根県,1283,MCPATA,島根県,2197,BOSS,島根県,3189,CHMR,島根県
PENDUAL,Despair of ELFERIA,0,,-,1124,YUNA.S,島根県,2030,OKOJO,島根県,4042,CHMR,島根県,0,,-
PENDUAL,Discloze,0,,-,723,.TEITO,島根県,1171,TACO,島根県,2223,CHARIN,島根県,0,,-
PENDUAL,EBONY & IVORY,0,,-,782,.TEITO,島根県,696,A,島根県,2572,AA3,島根県,3583,CHMR,島根県
PENDUAL,entelecheia,0,,-,971,YUNA.S,島根県,1492,ANA21*,島根県,3128,BOSS,島根県,0,,-
PENDUAL,Erosion Mark,0,,-,422,SAWAD,島根県,1043,RENJAQ,島根県,2024,KL8NB,島根県,0,,-
PENDUAL,fallen leaves -IIDX edition-,0,,-,1092,YUNA.S,島根県,1674,2KAPON,島根県,2950,K*N.SY,島根県,0,,-
PENDUAL,FANTASTIC THREE,0,,-,1190,YUNA.S,島根県,1373,RYZE-R,島根県,2697,YOU,島根県,0,,-
PENDUAL,Flashes,0,,-,856,YUNA.S,島根県,1648,SUKE,島根県,2724,SUKE,島根県,4064,CHMR,島根県
PENDUAL,Gravigazer,0,,-,764,.TEITO,島根県,1634,CHARIN,島根県,2488,KL8NB,島根県,0,,-
PENDUAL,GUILTY,0,,-,710,.TEITO,島根県,1345,LU.PSJ,島根県,1691,CHARIN,島根県,2956,CHMR,島根県
PENDUAL,HELL SCAPER -Last Escape Remix-,0,,-,784,ANIS,島根県,1567,SUKE,島根県,2762,CHMR,島根県,0,,-
PENDUAL,Hello Happiness,0,,-,725,.TEITO,島根県,1223,YUNA.S,島根県,2320,CHMR,島根県,0,,-
PENDUAL,illuminate,0,,-,430,KYOKI*,島根県,872,.TEITO,島根県,2114,RAN.S,島根県,0,,-
PENDUAL,IMPLANTATION,0,,-,539,.TEITO,島根県,1576,RAN.S,島根県,2291,CHMR,島根県,0,,-
PENDUAL,In The Breeze,0,,-,602,.TEITO,島根県,811,.TEITO,島根県,1576,9610,島根県,0,,-
PENDUAL,Invitation from Mr.C,0,,-,887,.TEITO,島根県,1417,CHARIN,島根県,2443,KOHNOS,島根県,0,,-
PENDUAL,IXION,0,,-,872,.TEITO,島根県,1414,MCPATA,島根県,1935,CHARIN,島根県,0,,-
PENDUAL,Line 4 Ruin,0,,-,633,.TEITO,島根県,1602,BOX-Y0,島根県,2620,RAN.S,島根県,0,,-
PENDUAL,Monopole.,0,,-,699,.TEITO,島根県,1231,KROZU,島根県,3312,CHMR,島根県,0,,-
PENDUAL,NEO GENERATOR SEVEN,0,,-,779,.TEITO,島根県,1436,A,島根県,2781,KL8NB,島根県,0,,-
PENDUAL,Night sky,0,,-,996,.TEITO,島根県,1619,YAMA,島根県,2569,PINACC,島根県,0,,-
PENDUAL,No Tears,0,,-,1004,.TEITO,島根県,1817,YOU,島根県,2298,KL8NB,島根県,0,,-
PENDUAL,PENDUAL TALISMAN,0,,-,990,LU.PSJ,島根県,1482,YUNA.S,島根県,2338,CHARIN,島根県,0,,-
PENDUAL,Rave*it!! Rave*it!!,0,,-,948,YUNA.S,島根県,1418,YUNA.S,島根県,3218,CHMR,島根県,0,,-
PENDUAL,Realize Maze,0,,-,983,.TEITO,島根県,0,,-,2729,RAN.S,島根県,0,,-
PENDUAL,Reflux,0,,-,725,YUNA.S,島根県,1428,YOU,島根県,2936,BOSS,島根県,0,,-
PENDUAL,Sakura Mirage,0,,-,817,.TEITO,島根県,1174,CIEL*,島根県,1997,RAN.S,島根県,0,,-
PENDUAL,SAMSARA,0,,-,711,.TEITO,島根県,1338,LU.PSJ,島根県,1877,9610,島根県,0,,-
PENDUAL,Say YEEEAHH,0,,-,921,.TEITO,島根県,0,,-,2848,E-S,島根県,0,,-
PENDUAL,Scarlet Moon,0,,-,902,.TEITO,島根県,1490,LU.PSJ,島根県,2343,PINACC,島根県,0,,-
PENDUAL,Scars of FAUNA,0,,-,705,.TEITO,島根県,1441,NO.217,島根県,2871,CHMR,島根県,0,,-
PENDUAL,Shooting Fireball,0,,-,910,LU.PSJ,島根県,1424,TACO,島根県,3309,PINACC,島根県,0,,-
PENDUAL,Sounds Of Summer,0,,-,1164,YUNA.S,島根県,1935,CHARIN,島根県,2731,RAN.S,島根県,0,,-
PENDUAL,SpaceLand☆TOYBOX,0,,-,1025,YUNA.S,島根県,574,A,島根県,2604,E-S,島根県,0,,-
PENDUAL,Sweet Radar,0,,-,619,.TEITO,島根県,1242,YUNA.S,島根県,1940,9610,島根県,0,,-
PENDUAL,Symmetry,0,,-,1085,YUNA.S,島根県,1473,YUNA.S,島根県,2940,RAN.S,島根県,0,,-
PENDUAL,TA・DA ☆ YO・SHI,0,,-,938,.TEITO,島根県,1011,.TEITO,島根県,1940,CHARIN,島根県,0,,-
PENDUAL,The Least 100sec,0,,-,754,LU.PSJ,島根県,1264,NO.217,島根県,2372,CHARIN,島根県,0,,-
PENDUAL,TIEFSEE,0,,-,1068,.TEITO,島根県,598,A,島根県,3446,CHMR,島根県,0,,-
PENDUAL,TOXIC VIBRATION,0,,-,1509,LU.PSJ,島根県,2208,9610,島根県,3274,KOHNOS,島根県,0,,-
PENDUAL,Vulkan,0,,-,911,.TEITO,島根県,1715,MCPATA,島根県,2683,PORUTA,島根県,0,,-
PENDUAL,We're so Happy (P*Light Remix) IIDX ver.,0,,-,1041,YUNA.S,島根県,2037,9610,島根県,3095,SUKE,島根県,0,,-
PENDUAL,ZZ,0,,-,1164,YUNA.S,島根県,1681,KURO,島根県,2735,AA3,島根県,0,,-
PENDUAL,それは花火のような恋,613,.TEITO,島根県,1221,LU.PSJ,島根県,1918,LU.PSJ,島根県,3803,CHMR,島根県,0,,-
PENDUAL,とろぴかる倶楽部,0,,-,610,.TEITO,島根県,0,,-,1902,RAN.S,島根県,0,,-
PENDUAL,ぷろぐれっしぶ時空少女！うらしまたろ子ちゃん！,0,,-,476,ARISA,島根県,1337,LU.PSJ,島根県,2355,RAN.S,島根県,0,,-
PENDUAL,もっと！モット！ときめき feat. 松下,0,,-,1151,BATORA,島根県,1145,SHINTA,島根県,2665,CHMR,島根県,0,,-
PENDUAL,ドッキン☆サマーあばんちゅーる,0,,-,892,.TEITO,島根県,1403,MCPATA,島根県,2613,KL8NB,島根県,0,,-
PENDUAL,パ→ピ→プ→Yeah!,164,ARISA,島根県,900,.TEITO,島根県,1453,LU.PSJ,島根県,2312,KL8NB,島根県,0,,-
PENDUAL,ベィスドロップ・フリークス,0,,-,560,.TEITO,島根県,1149,YUNA.S,島根県,2003,PINACC,島根県,2138,E-S,島根県
PENDUAL,リリーゼと炎龍レーヴァテイン,0,,-,946,YUNA.S,島根県,2158,SUKE,島根県,2977,SUKE,島根県,0,,-
PENDUAL,共鳴遊戯の華,0,,-,1203,YUNA.S,島根県,1464,1JSB,島根県,3135,SUKE,島根県,0,,-
PENDUAL,十六夜セツナ,0,,-,864,.TEITO,島根県,1359,YUNA.S,島根県,2049,K*N.SY,島根県,0,,-
PENDUAL,千年ノ理,0,,-,1131,SUKE,島根県,1885,RAN.S,島根県,2982,RAN.S,島根県,4250,CHMR,島根県
PENDUAL,取り残された美術(Arranged:HiZuMi),0,,-,925,PINACC,島根県,751,A,島根県,1973,CHARIN,島根県,0,,-
PENDUAL,夏色DIARY - L.E.D.-G STYLE MIX -,0,,-,889,YUNA.S,島根県,1570,YOU,島根県,2579,SUKE,島根県,0,,-
PENDUAL,妖隠し -あやかしかくし-,0,,-,904,.TEITO,島根県,1494,RAN.S,島根県,2038,PINACC,島根県,0,,-
PENDUAL,少年は空を辿る,0,,-,1076,YUNA.S,島根県,1310,ANA21*,島根県,3270,CHMR,島根県,0,,-
PENDUAL,恋は白帯、サンシロー,0,,-,649,.TEITO,島根県,1191,YUNA.S,島根県,0,,-,2535,CHARIN,島根県
PENDUAL,打打打打打打打打打打,171,KYR.54,島根県,761,BATORA,島根県,1281,SUKE,島根県,2558,BOSS,島根県,0,,-
PENDUAL,時空トラベローグ,0,,-,871,.TEITO,島根県,0,,-,2615,CHMR,島根県,0,,-
PENDUAL,白露の風,0,,-,266,ARISA,島根県,809,.TEITO,島根県,1880,CHARIN,島根県,0,,-
PENDUAL,紅牡丹,258,BRAXBR,島根県,1001,YUNA.S,島根県,1471,YUNA.S,島根県,2588,K*N.SY,島根県,0,,-
PENDUAL,表裏一体！？怪盗いいんちょの悩み,0,,-,1058,YUNA.S,島根県,1805,YOU,島根県,3204,AGX,島根県,4389,CHMR,島根県
PENDUAL,超青少年ノ為ノ超多幸ナ超古典的超舞曲,0,,-,901,YUNA.S,島根県,1777,MCPATA,島根県,2624,BOSS,島根県,4038,CHMR,島根県
PENDUAL,鬼天,0,,-,928,YUNA.S,島根県,1258,YUNA.S,島根県,2007,YOU,島根県,0,,-
PENDUAL,Ｘ↑Ｘ↓,0,,-,807,.TEITO,島根県,1577,MCPATA,島根県,2367,CHARIN,島根県,0,,-
copula,199024club -Re:BounceKiller-,0,,-,558,.TEITO,島根県,1418,9610,島根県,2162,E-S,島根県,0,,-
copula,Acid Pumper,0,,-,620,.TEITO,島根県,1159,A,島根県,2193,KL8NB,島根県,0,,-
copula,Angelic Jelly,0,,-,1048,BATORA,島根県,1649,MCPATA,島根県,2719,CHMR,島根県,0,,-
copula,AO-1,0,,-,1047,YUNA.S,島根県,1809,PORUTA,島根県,2703,CHMR,島根県,0,,-
copula,Arcana,0,,-,934,DVL,島根県,1062,.TEITO,島根県,2109,RAN.S,島根県,0,,-
copula,Aublia,0,,-,789,.TEITO,島根県,0,,-,2178,YOU,島根県,0,,-
copula,Battle Train -IIDX Edition-,0,,-,744,.TEITO,島根県,1698,AMA,島根県,2685,CHARIN,島根県,0,,-
copula,Blue Spring Express,0,,-,1156,YUNA.S,島根県,1795,CHARIN,島根県,3230,CHMR,島根県,0,,-
copula,Central Station,0,,-,965,LU.PSJ,島根県,1366,YUNA.S,島根県,2107,CHARIN,島根県,0,,-
copula,chaos eater -IIDX edition-,0,,-,829,.TEITO,島根県,1444,YOU,島根県,2456,K*N.SY,島根県,0,,-
copula,CODE:1 [revision1.0.1],0,,-,891,A,島根県,1646,RAN.S,島根県,3023,CHMR,島根県,0,,-
copula,Daily Lunch Special,0,,-,875,.TEITO,島根県,1831,LU.PSJ,島根県,2726,SUKE,島根県,0,,-
copula,Damage Per Second,0,,-,511,CYDER*,島根県,1219,YUNA.S,島根県,1466,YAMA,島根県,2190,K*N.SY,島根県
copula,Derelict Star feat. Ryu*,0,,-,1145,.TEITO,島根県,0,,-,2284,9610,島根県,0,,-
copula,Devil's Gear,0,,-,978,YUNA.S,島根県,2043,9610,島根県,3417,CHMR,島根県,0,,-
copula,DIAMOND CROSSING,0,,-,898,YUNA.S,島根県,1648,RAN.S,島根県,3017,CHMR,島根県,0,,-
copula,do the thing feat. Kanae Asaba,0,,-,561,.TEITO,島根県,965,.TEITO,島根県,2124,RAN.S,島根県,0,,-
copula,Donkey Donk,0,,-,847,.TEITO,島根県,1257,KROZU,島根県,2214,BOSS,島根県,0,,-
copula,Dynamite,499,.TEITO,島根県,1137,YUNA.S,島根県,2149,2KAPON,島根県,3636,CHMR,島根県,0,,-
copula,Everlasting Last,0,,-,799,LU.PSJ,島根県,1329,YUNA.S,島根県,1992,CHARIN,島根県,0,,-
copula,Exchange Place,0,,-,377,ARISA,島根県,875,.TEITO,島根県,1411,MCPATA,島根県,0,,-
copula,GENERATE feat.綾倉盟,0,,-,953,.TEITO,島根県,1567,YUNA.S,島根県,2202,RAN.S,島根県,0,,-
copula,Go Faraway,0,,-,917,.TEITO,島根県,1296,MCPATA,島根県,2225,PORUTA,島根県,0,,-
copula,GOBBLE,0,,-,397,.TEITO,島根県,640,LU.PSJ,島根県,1668,CHMR,島根県,0,,-
copula,Godspeed,0,,-,937,YUNA.S,島根県,1658,GEMZIM,島根県,2716,E-S,島根県,0,,-
copula,Grand Chariot,0,,-,1084,LU.PSJ,島根県,1654,2KAPON,島根県,3132,BOSS,島根県,0,,-
copula,Highcharge Divolt,0,,-,724,.TEITO,島根県,1596,RAN.S,島根県,2474,KOHNOS,島根県,0,,-
copula,Inner Spirit,0,,-,719,.TEITO,島根県,978,DVL,島根県,2382,CHARIN,島根県,0,,-
copula,Journey,0,,-,656,CIEL*,島根県,907,.TEITO,島根県,1765,PINACC,島根県,2975,K*N.SY,島根県
copula,Konzert V,0,,-,1196,YUNA.S,島根県,1535,AMA,島根県,2833,K*N.SY,島根県,0,,-
copula,La dolce primavera,0,,-,360,ARISA,島根県,1258,LU.PSJ,島根県,1947,RAN.S,島根県,0,,-
copula,M4K3 1T B0UNC3,0,,-,1186,YUNA.S,島根県,1731,BOX-Y0,島根県,2645,PINACC,島根県,0,,-
copula,Musik LoverZ,0,,-,916,.TEITO,島根県,946,.TEITO,島根県,2269,K*N.SY,島根県,0,,-
copula,NANAIRO,0,,-,807,.TEITO,島根県,1544,LU.PSJ,島根県,2380,BOSS,島根県,0,,-
copula,Nightmare before oversleep,0,,-,1063,YUNA.S,島根県,1592,RYUTO,島根県,2592,RAN.S,島根県,0,,-
copula,NINJA IS DEAD IIDX ver.,0,,-,946,.TEITO,島根県,1561,YOU,島根県,2732,ANIS,島根県,0,,-
copula,NO LIMIT -オレ達に限界は無い-,0,,-,718,.TEITO,島根県,1144,YUNA.S,島根県,2042,KL8NB,島根県,0,,-
copula,Nowhere,0,,-,713,.TEITO,島根県,0,,-,1964,RAN.S,島根県,0,,-
copula,NZM,0,,-,1007,YUNA.S,島根県,1497,RAN.S,島根県,3401,CHMR,島根県,0,,-
copula,On the FM,0,,-,786,.TEITO,島根県,1324,YUNA.S,島根県,2634,KOHNOS,島根県,0,,-
copula,Outbreak,0,,-,1071,.TEITO,島根県,1715,LU.PSJ,島根県,2671,RAN.S,島根県,0,,-
copula,POSSESSION,482,.TEITO,島根県,1318,LU.PSJ,島根県,1955,RAN.S,島根県,2928,CHMR,島根県,0,,-
copula,quick master (reform version),0,,-,153,.TEITO,島根県,0,,-,505,CHARIN,島根県,0,,-
copula,refrain,0,,-,1182,YUNA.S,島根県,2100,CHARIN,島根県,3412,BOSS,島根県,0,,-
copula,Rock It,0,,-,695,SHUN,島根県,1285,KYR.54,島根県,2522,CHARIN,島根県,0,,-
copula,Routing,0,,-,781,.TEITO,島根県,0,,-,2308,BOSS,島根県,0,,-
copula,Sephirot,0,,-,784,.TEITO,島根県,1379,LU.PSJ,島根県,2181,RAN.S,島根県,0,,-
copula,Set U Free feat. Kanae Asaba,0,,-,860,LU.PSJ,島根県,0,,-,2330,RAN.S,島根県,0,,-
copula,SHELTER OF THE MIND,0,,-,1200,.TEITO,島根県,1706,BOX-Y0,島根県,2731,RAN.S,島根県,0,,-
copula,STARLiGHT,0,,-,806,.TEITO,島根県,1610,LU.PSJ,島根県,2470,K*N.SY,島根県,0,,-
copula,STARLIGHT DANCEHALL,0,,-,986,.TEITO,島根県,1739,RAN.S,島根県,2484,K*N.SY,島根県,2865,K*N.SY,島根県
copula,StrayedCatz,0,,-,971,YUNA.S,島根県,0,,-,2798,CHMR,島根県,0,,-
copula,Super Duper Racers,0,,-,850,.TEITO,島根県,0,,-,2219,RAN.S,島根県,3186,K*N.SY,島根県
copula,SURVIVOR,0,,-,637,.TEITO,島根県,929,.TEITO,島根県,1922,RAN.S,島根県,0,,-
copula,Tori-no-kimochi,0,,-,254,PINACC,島根県,1109,YUNA.S,島根県,1796,SUKE,島根県,0,,-
copula,Triple Counter,0,,-,1284,YUNA.S,島根県,1925,CIEL*,島根県,3512,K*N.SY,島根県,0,,-
copula,Uh-Oh,0,,-,943,.TEITO,島根県,1473,YUNA.S,島根県,2129,AGX,島根県,0,,-
copula,Violet Pulse,0,,-,0,,-,1373,MCPATA,島根県,2143,9610,島根県,3998,CHMR,島根県
copula,Violet Rose,0,,-,1049,YUNA.S,島根県,0,,-,2138,YOU,島根県,0,,-
copula,Welcome,0,,-,734,.TEITO,島根県,1504,LU.PSJ,島根県,2413,RAN.S,島根県,2791,RAN.S,島根県
copula,X,0,,-,1452,LU.PSJ,島根県,2174,YOU,島根県,3773,CHMR,島根県,0,,-
copula,ZEPHYRANTHES,0,,-,828,.TEITO,島根県,1593,MCPATA,島根県,2454,CHARIN,島根県,3762,CHMR,島根県
copula,か・し・ま・し☆PUMP UP！,0,,-,925,.TEITO,島根県,1441,LU.PSJ,島根県,665,9610,島根県,0,,-
copula,めいさいアイドル☆あいむちゃん♪,0,,-,1292,YUNA.S,島根県,2139,RAN.S,島根県,2963,RAN.S,島根県,0,,-
copula,オルタネイトβ,0,,-,768,.TEITO,島根県,1311,SUKE,島根県,2178,RAN.S,島根県,0,,-
copula,ギョギョっと人魚 爆婚ブライダル,0,,-,758,.TEITO,島根県,1247,YUNA.S,島根県,2025,SUKE,島根県,0,,-
copula,シュッパツシンコウ・シサカンコ,0,,-,1085,SUKE,島根県,1579,YUNA.S,島根県,2313,RAN.S,島根県,0,,-
copula,セロトニン,0,,-,1182,YUNA.S,島根県,1537,MCPATA,島根県,2096,KL8NB,島根県,0,,-
copula,少女アリスと箱庭幻想コンチェルト,0,,-,658,.TEITO,島根県,1122,KYR.54,島根県,1996,SUKE,島根県,0,,-
copula,明鏡止水,0,,-,696,.TEITO,島根県,1067,KYR.54,島根県,2335,CHARIN,島根県,0,,-
copula,星屑ディスタンシア,0,,-,0,,-,1100,YUNA.S,島根県,1868,ANIS,島根県,0,,-
copula,朝焼けから始まるボクらの小さな旅,0,,-,802,.TEITO,島根県,1292,KROZU,島根県,2467,CHMR,島根県,0,,-
copula,灼熱 Pt.2 Long Train Running,294,BRAXBR,島根県,1184,YUNA.S,島根県,1922,KL8NB,島根県,3018,CHMR,島根県,0,,-
copula,真 地獄超特急 -HELL or HELL-,0,,-,1349,LU.PSJ,島根県,1976,2KAPON,島根県,3100,BOSS,島根県,0,,-
copula,紫陽花 -AZISAI-,402,YUNA.S,島根県,1181,YUNA.S,島根県,1923,RAN.S,島根県,2663,BOSS,島根県,3150,BOSS,島根県
copula,追想快晴テーマパーク,0,,-,1138,YUNA.S,島根県,0,,-,2767,KL8NB,島根県,0,,-
copula,量子の海のリントヴルム,0,,-,840,YUNA.S,島根県,1426,CIEL*,島根県,2684,KOHNOS,島根県,0,,-
copula,駅猫のワルツ,0,,-,1030,YUNA.S,島根県,1365,CIEL*,島根県,2772,CHMR,島根県,0,,-
copula,麗 ～うらら～,0,,-,922,.TEITO,島根県,1476,BOX-Y0,島根県,2258,ANIS,島根県,0,,-
SINOBUZ,¡Viva!,0,,-,846,.TEITO,島根県,1357,YUNA.S,島根県,1954,KOHNOS,島根県,0,,-
SINOBUZ,#MAGiCVLGiRL_TRVP_B3VTZ,0,,-,1114,YUNA.S,島根県,1906,RAN.S,島根県,3249,BOSS,島根県,0,,-
SINOBUZ,(This Is Not) The Angels,0,,-,510,.TEITO,島根県,862,.TEITO,島根県,2408,KL8NB,島根県,0,,-
SINOBUZ,Amazing Mirage,358,.TEITO,島根県,797,.TEITO,島根県,1501,YOU,島根県,2375,RAN.S,島根県,3183,CHMR,島根県
SINOBUZ,AO-∞,0,,-,916,.TEITO,島根県,1500,LU.PSJ,島根県,2332,RAN.S,島根県,0,,-
SINOBUZ,Apocalypse,0,,-,996,.TEITO,島根県,1844,LU.PSJ,島根県,3511,CHMR,島根県,0,,-
SINOBUZ,Around The Galaxy,0,,-,1041,LU.PSJ,島根県,0,,-,3043,RAN.S,島根県,0,,-
SINOBUZ,AsiaN distractive,0,,-,1011,.TEITO,島根県,0,,-,2267,RAN.S,島根県,0,,-
SINOBUZ,BabeL ～Grand Story～,0,,-,1154,YUNA.S,島根県,1813,YOU,島根県,2601,E-S,島根県,0,,-
SINOBUZ,Be A Star,0,,-,843,.TEITO,島根県,1454,YUNA.S,島根県,2633,RAN.S,島根県,0,,-
SINOBUZ,Beat Juggling Mix,0,,-,774,.TEITO,島根県,0,,-,2043,BOSS,島根県,0,,-
SINOBUZ,Believe in you,0,,-,980,.TEITO,島根県,1732,YUNA.S,島根県,2335,RAN.S,島根県,0,,-
SINOBUZ,Beyond The Seven,0,,-,603,CYDER*,島根県,1064,1JSB,島根県,2395,YOU,島根県,0,,-
SINOBUZ,BREAK OVER,0,,-,793,.TEITO,島根県,0,,-,1072,1129,島根県,0,,-
SINOBUZ,Breakin' Chain,0,,-,679,LU.PSJ,島根県,1224,YUNA.S,島根県,2191,KL8NB,島根県,0,,-
SINOBUZ,BroGamer,0,,-,1280,SUKE,島根県,1764,YAMA,島根県,2798,KL8NB,島根県,4599,CHMR,島根県
SINOBUZ,Caterpillar,0,,-,1110,YUNA.S,島根県,1266,IIDX33,島根県,2795,KOHNOS,島根県,0,,-
SINOBUZ,crew,0,,-,596,PINACC,島根県,1481,YUNA.S,島根県,2814,CHMR,島根県,0,,-
SINOBUZ,Cyber True Color,0,,-,829,.TEITO,島根県,1313,BOX-Y0,島根県,1994,CHARIN,島根県,0,,-
SINOBUZ,DORNWALD ～Junge～,0,,-,1206,YUNA.S,島根県,2096,RAN.S,島根県,3092,K*N.SY,島根県,0,,-
SINOBUZ,ECHIDNA,0,,-,1177,YUNA.S,島根県,1901,SUKE,島根県,3201,BOSS,島根県,0,,-
SINOBUZ,Egret and Willow,0,,-,971,LU.PSJ,島根県,1478,YAMA,島根県,2343,CHARIN,島根県,0,,-
SINOBUZ,elemental bender feat. Kanae Asaba,0,,-,0,,-,902,.TEITO,島根県,1534,RAN.S,島根県,0,,-
SINOBUZ,FUZIN RIZIN,0,,-,991,.TEITO,島根県,1862,SUKE,島根県,3297,ANIS,島根県,0,,-
SINOBUZ,Go Ahead!!,0,,-,867,YUNA.S,島根県,1327,YOU,島根県,2696,CHMR,島根県,0,,-
SINOBUZ,GuNGNiR,0,,-,1239,CIEL*,島根県,2015,OKOJO,島根県,3657,BOSS,島根県,4525,CHMR,島根県
SINOBUZ,HADES,367,.TEITO,島根県,857,CIEL*,島根県,1661,PINACC,島根県,2931,BOSS,島根県,0,,-
SINOBUZ,HAPPY★RUSH,0,,-,742,LU.PSJ,島根県,1264,BEC7-,島根県,2530,RAN.S,島根県,0,,-
SINOBUZ,Honey Trap,0,,-,598,SHUN,島根県,1375,LU.PSJ,島根県,2220,KL8NB,島根県,0,,-
SINOBUZ,INVISIBLE STRIX,0,,-,856,.TEITO,島根県,1848,BADPOO,島根県,2599,CHMR,島根県,0,,-
SINOBUZ,Lost wing at.0,0,,-,784,.TEITO,島根県,929,.TEITO,島根県,2047,CHARIN,島根県,0,,-
SINOBUZ,Macuilxochitl,314,KYOKI*,島根県,1177,YUNA.S,島根県,1791,777777,島根県,3266,CHMR,島根県,0,,-
SINOBUZ,Magical,0,,-,730,.TEITO,島根県,1092,YUNA.S,島根県,1966,BOSS,島根県,0,,-
SINOBUZ,Mare Nectaris,0,,-,1324,SUKE,島根県,1833,ANIS,島根県,3774,CHMR,島根県,0,,-
SINOBUZ,Modular Technology,0,,-,1115,YUNA.S,島根県,1449,LU.PSJ,島根県,2284,ANIS,島根県,0,,-
SINOBUZ,Music is The Answer,0,,-,666,.TEITO,島根県,1273,LU.PSJ,島根県,1712,RAN.S,島根県,0,,-
SINOBUZ,nostos,0,,-,491,SAWAD,島根県,824,KYR.54,島根県,2402,KL8NB,島根県,0,,-
SINOBUZ,OOO,0,,-,614,.TEITO,島根県,1352,NATTSU,島根県,2013,RAN.S,島根県,2533,RAN.S,島根県
SINOBUZ,OTENAMI Hurricane,0,,-,1147,YUNA.S,島根県,1835,CHARIN,島根県,2622,SUKE,島根県,0,,-
SINOBUZ,PAPAYAPA BASS,0,,-,708,.TEITO,島根県,1064,SHUN,島根県,2480,RAN.S,島根県,0,,-
SINOBUZ,Piano Samurai,0,,-,870,.TEITO,島根県,0,,-,2280,RAN.S,島根県,0,,-
SINOBUZ,Quakes,0,,-,1060,YUNA.S,島根県,1930,RAN.S,島根県,2662,K*N.SY,島根県,0,,-
SINOBUZ,RAIN,0,,-,1107,YUNA.S,島根県,1345,CIEL*,島根県,2762,PINACC,島根県,0,,-
SINOBUZ,Rave Cannon,0,,-,877,.TEITO,島根県,1644,NATTSU,島根県,2847,SUKE,島根県,0,,-
SINOBUZ,Remedy feat. Kanae Asaba,0,,-,810,.TEITO,島根県,1326,LU.PSJ,島根県,1939,SUKE,島根県,0,,-
SINOBUZ,ROTTERDAM SHOGUN,0,,-,1068,YUNA.S,島根県,1559,MCPATA,島根県,2301,PORUTA,島根県,0,,-
SINOBUZ,SAMURAI-Scramble,0,,-,951,LU.PSJ,島根県,1434,LU.PSJ,島根県,2282,E-S,島根県,2592,BOSS,島根県
SINOBUZ,Sarutobi Champion is 拙者,0,,-,800,.TEITO,島根県,1205,LU.PSJ,島根県,1598,REVIS,島根県,0,,-
SINOBUZ,SAY BAY,0,,-,681,.TEITO,島根県,1407,RAN.S,島根県,2443,RAN.S,島根県,0,,-
SINOBUZ,Seaside Labyrinth,0,,-,619,LU.PSJ,島根県,924,.TEITO,島根県,1673,CHARIN,島根県,0,,-
SINOBUZ,Selfish Sweet,0,,-,204,ARISA,島根県,895,LU.PSJ,島根県,1525,RAN.S,島根県,2417,E-S,島根県
SINOBUZ,SEQUENCE CAT,0,,-,913,.TEITO,島根県,1769,YAMA,島根県,2818,CHMR,島根県,0,,-
SINOBUZ,shuriken,0,,-,749,BATORA,島根県,1076,YUNA.S,島根県,2183,9610,島根県,0,,-
SINOBUZ,SINOBUZ Fantasy,0,,-,970,YUNA.S,島根県,1554,LU.PSJ,島根県,2186,SUKE,島根県,0,,-
SINOBUZ,Sky High,398,.TEITO,島根県,1035,YUNA.S,島根県,1439,AMA,島根県,3236,SUKE,島根県,0,,-
SINOBUZ,Snakey Kung-fu,0,,-,1048,PINACC,島根県,1915,CHARIN,島根県,3042,K*N.SY,島根県,0,,-
SINOBUZ,Steel Edge,0,,-,512,CROWN,島根県,1394,SUKE,島根県,3123,CHMR,島根県,0,,-
SINOBUZ,Summerlights(IIDX Edition),0,,-,934,.TEITO,島根県,1514,LU.PSJ,島根県,3085,CHMR,島根県,0,,-
SINOBUZ,Super Rush,0,,-,967,YUNA.S,島根県,1724,LU.PSJ,島根県,3463,CHMR,島根県,0,,-
SINOBUZ,Surf on the Light,0,,-,673,.TEITO,島根県,1321,YUNA.S,島根県,2018,CHARIN,島根県,0,,-
SINOBUZ,The Commanders,0,,-,853,.TEITO,島根県,1338,YOU,島根県,2336,RAN.S,島根県,0,,-
SINOBUZ,TOGAKUSHI,0,,-,952,SUKE,島根県,1622,YOU,島根県,2449,BOSS,島根県,0,,-
SINOBUZ,Umbral,0,,-,508,.TEITO,島根県,1006,.TEITO,島根県,1780,KL8NB,島根県,2544,CHARIN,島根県
SINOBUZ,Venom,0,,-,875,.TEITO,島根県,1928,CHARIN,島根県,2847,PINACC,島根県,0,,-
SINOBUZ,Vermilion,0,,-,0,,-,867,.TEITO,島根県,1860,RAN.S,島根県,0,,-
SINOBUZ,Warrior,0,,-,885,.TEITO,島根県,1485,MCPATA,島根県,2251,CHARIN,島根県,0,,-
SINOBUZ,XINOBIKILL,0,,-,913,YUNA.S,島根県,1413,YOU,島根県,2551,SUKE,島根県,0,,-
SINOBUZ,yamabiko (SINOBUZ Edition),0,,-,920,LU.PSJ,島根県,1349,YUNA.S,島根県,2256,CHARIN,島根県,0,,-
SINOBUZ,Yellow Sketch(RX-Ver.S.P.L.),0,,-,623,.TEITO,島根県,1569,YOU,島根県,2529,RAN.S,島根県,0,,-
SINOBUZ,〆,0,,-,1161,YUNA.S,島根県,0,,-,3313,K*N.SY,島根県,0,,-
SINOBUZ,ちらちら・はらはら,0,,-,394,LU.PSJ,島根県,659,CROWN,島根県,1378,SUKE,島根県,0,,-
SINOBUZ,イザナミノナゲキ,0,,-,1148,LU.PSJ,島根県,1015,A,島根県,3193,CHMR,島根県,0,,-
SINOBUZ,ディッシュウォッシャー◎彡おいわちゃん,0,,-,615,.TEITO,島根県,1245,YUNA.S,島根県,2320,KL8NB,島根県,0,,-
SINOBUZ,九尾狐夜行,0,,-,724,.TEITO,島根県,1466,NO.217,島根県,2589,ANIS,島根県,0,,-
SINOBUZ,冬椿 ft. Kanae Asaba,248,.TEITO,島根県,846,.TEITO,島根県,1169,YUNA.S,島根県,2175,E-S,島根県,2802,AA3,島根県
SINOBUZ,刃図羅,0,,-,1158,YUNA.S,島根県,1966,RAN.S,島根県,3024,RAN.S,島根県,0,,-
SINOBUZ,忍恋花,0,,-,816,.TEITO,島根県,0,,-,1969,CHARIN,島根県,0,,-
SINOBUZ,恋はどう？モロ◎波動OK☆方程式!!,0,,-,783,.TEITO,島根県,1368,YUNA.S,島根県,2432,CHMR,島根県,0,,-
SINOBUZ,月雪に舞う華のように,0,,-,763,LU.PSJ,島根県,927,.TEITO,島根県,1859,9610,島根県,0,,-
SINOBUZ,次葉 -turn the page-,0,,-,748,.TEITO,島根県,1369,SUKE,島根県,1951,CHMR,島根県,0,,-
SINOBUZ,津軽雪,0,,-,1363,YUNA.S,島根県,2087,RAN.S,島根県,3789,CHMR,島根県,0,,-
SINOBUZ,火影,0,,-,639,.TEITO,島根県,1275,LU.PSJ,島根県,2615,CHMR,島根県,0,,-
SINOBUZ,焔極OVERKILL,0,,-,1069,YUNA.S,島根県,1978,BADPOO,島根県,3483,CHMR,島根県,0,,-
SINOBUZ,獅子霞麗ノ舞,0,,-,477,.TEITO,島根県,848,.TEITO,島根県,1612,SUKE,島根県,0,,-
SINOBUZ,禍根,0,,-,777,PINACC,島根県,1169,YAMA,島根県,2501,BOSS,島根県,0,,-
SINOBUZ,童話回廊,0,,-,755,.TEITO,島根県,1358,NO.217,島根県,2767,RAN.S,島根県,0,,-
SINOBUZ,鴉,0,,-,1327,YUNA.S,島根県,1873,TINNY,島根県,2519,KL8NB,島根県,0,,-
CANNON BALLERS,1001 -ESCAPE-,0,,-,877,.TEITO,島根県,1523,LU.PSJ,島根県,2430,RAN.S,島根県,0,,-
CANNON BALLERS,255,0,,-,662,.TEITO,島根県,1268,YUNA.S,島根県,2830,ANIS,島根県,0,,-
CANNON BALLERS,AA -rebuild-,0,,-,1061,YUNA.S,島根県,2048,9610,島根県,2887,KL8NB,島根県,0,,-
CANNON BALLERS,Abraxas,0,,-,684,.TEITO,島根県,0,,-,2293,BOSS,島根県,0,,-
CANNON BALLERS,ACCELERATE,0,,-,974,.TEITO,島根県,1342,LU.PSJ,島根県,2426,BOSS,島根県,0,,-
CANNON BALLERS,Alpheratz,0,,-,397,.TEITO,島根県,886,.TEITO,島根県,1965,RAN.S,島根県,2620,RAN.S,島根県
CANNON BALLERS,Amor De Verao,0,,-,669,.TEITO,島根県,1008,.TEITO,島根県,1963,YOU,島根県,0,,-
CANNON BALLERS,ANAGMA,0,,-,443,ARISA,島根県,1725,RAN.S,島根県,2391,RAN.S,島根県,0,,-
CANNON BALLERS,ANCHOR,0,,-,1045,.TEITO,島根県,2031,YOU,島根県,3031,ANIS,島根県,0,,-
CANNON BALLERS,Antigravity,0,,-,985,YUNA.S,島根県,1384,NO.217,島根県,2581,PINACC,島根県,0,,-
CANNON BALLERS,Arca,0,,-,821,.TEITO,島根県,0,,-,2731,SUKE,島根県,0,,-
CANNON BALLERS,Around the Future,0,,-,860,.TEITO,島根県,1386,LU.PSJ,島根県,2243,9610,島根県,0,,-
CANNON BALLERS,Back Spin Sweeper,0,,-,699,.TEITO,島根県,1174,MCPATA,島根県,2021,KL8NB,島根県,0,,-
CANNON BALLERS,Battleground,0,,-,916,.TEITO,島根県,1706,SUKE,島根県,2377,RAN.S,島根県,0,,-
CANNON BALLERS,Be a Hero!,0,,-,699,.TEITO,島根県,1332,1JSB,島根県,2413,CHARIN,島根県,0,,-
CANNON BALLERS,Best of Me,0,,-,783,LU.PSJ,島根県,1415,LU.PSJ,島根県,1937,KL8NB,島根県,0,,-
CANNON BALLERS,Boomy and The Boost,176,BRAXBR,島根県,973,YUNA.S,島根県,1575,NO.217,島根県,3477,CHMR,島根県,0,,-
CANNON BALLERS,Break Stasis,0,,-,1054,.TEITO,島根県,1322,KROZU,島根県,2467,BOSS,島根県,0,,-
CANNON BALLERS,ChaserXX,0,,-,953,YUNA.S,島根県,0,,-,2552,RAN.S,島根県,3775,CHMR,島根県
CANNON BALLERS,Chemical Cookie,0,,-,739,.TEITO,島根県,1252,YOU,島根県,1974,KOHNOS,島根県,0,,-
CANNON BALLERS,City Never Sleeps (IIDX Edition),0,,-,984,.TEITO,島根県,1718,YOU,島根県,2639,CHMR,島根県,0,,-
CANNON BALLERS,COSMIC☆WONDER☆REVOLUTION,0,,-,641,.TEITO,島根県,1304,LU.PSJ,島根県,2036,RAN.S,島根県,0,,-
CANNON BALLERS,DEADHEAT,0,,-,1113,YUNA.S,島根県,1737,9610,島根県,3225,BOSS,島根県,0,,-
CANNON BALLERS,DEATH†ZIGOQ ～怒りの高速爆走野郎～,0,,-,1273,LU.PSJ,島根県,2153,PORUTA,島根県,3043,PINACC,島根県,4685,CHMR,島根県
CANNON BALLERS,DropZ-Line-,0,,-,1122,MCPATA,島根県,1825,9610,島根県,3106,CHMR,島根県,0,,-
CANNON BALLERS,Eine Haube ～聖地の果てにあるもの～,0,,-,830,.TEITO,島根県,1234,LU.PSJ,島根県,2265,K*N.SY,島根県,0,,-
CANNON BALLERS,EMERALDAS,341,USU,島根県,1228,YUNA.S,島根県,1963,CHARIN,島根県,3461,CHMR,島根県,0,,-
CANNON BALLERS,encounter,0,,-,845,.TEITO,島根県,1557,LU.PSJ,島根県,2766,HI-TA,島根県,0,,-
CANNON BALLERS,Exhaust Hype,0,,-,894,.TEITO,島根県,1670,LU.PSJ,島根県,2553,RAN.S,島根県,0,,-
CANNON BALLERS,Expanded !!,0,,-,633,.TEITO,島根県,1066,.TEITO,島根県,2345,9610,島根県,0,,-
CANNON BALLERS,Fervidex,0,,-,822,SUKE,島根県,1705,PINACC,島根県,2528,PINACC,島根県,0,,-
CANNON BALLERS,FREEDOM,0,,-,625,SAWAD,島根県,1036,.TEITO,島根県,2488,SUKE,島根県,0,,-
CANNON BALLERS,From Time To Time,0,,-,707,.TEITO,島根県,0,,-,2264,9610,島根県,0,,-
CANNON BALLERS,FUTURE is Dead,0,,-,0,,-,1268,YOU,島根県,2047,BOSS,島根県,0,,-
CANNON BALLERS,Get Up! feat. Kanae Asaba,0,,-,413,KYOKI*,島根県,830,.TEITO,島根県,1661,RAN.S,島根県,0,,-
CANNON BALLERS,HAT TRICK,0,,-,442,ARISA,島根県,1272,SUKE,島根県,1981,RAN.S,島根県,0,,-
CANNON BALLERS,Hella Deep,0,,-,607,.TEITO,島根県,819,.TEITO,島根県,1706,BOSS,島根県,0,,-
CANNON BALLERS,HYPE THE CORE,0,,-,1029,YUNA.S,島根県,0,,-,2678,RAN.S,島根県,0,,-
CANNON BALLERS,I Love You,0,,-,897,.TEITO,島根県,0,,-,2405,PINACC,島根県,0,,-
CANNON BALLERS,Illusionary Waterlily,0,,-,1186,YUNA.S,島根県,1782,YOU,島根県,2945,AA3,島根県,0,,-
CANNON BALLERS,Initiation,337,CROWN,島根県,1349,YUNA.S,島根県,2209,RAN.S,島根県,3904,CHMR,島根県,0,,-
CANNON BALLERS,"Life Is A Game ft.DD""ナカタ""Metal",0,,-,1185,YUNA.S,島根県,1642,YOU,島根県,3039,PINACC,島根県,0,,-
CANNON BALLERS,LUV DRIVE,0,,-,754,.TEITO,島根県,1225,YUNA.S,島根県,1925,SUKE,島根県,0,,-
CANNON BALLERS,MAXIVCORD,0,,-,782,LU.PSJ,島根県,1168,LU.PSJ,島根県,2063,RAN.S,島根県,0,,-
CANNON BALLERS,Midnight Lady,0,,-,559,.TEITO,島根県,1042,YUNA.S,島根県,1831,KL8NB,島根県,0,,-
CANNON BALLERS,n'pa pa BBQ,0,,-,849,.TEITO,島根県,1400,A,島根県,2619,KOHNOS,島根県,0,,-
CANNON BALLERS,NITROUS CANNON,0,,-,1298,LU.PSJ,島根県,1855,RAN.S,島根県,2984,SUKE,島根県,0,,-
CANNON BALLERS,No Limit 2 dAnce feat. 大山愛未,0,,-,812,.TEITO,島根県,1122,1JSB,島根県,2117,RAN.S,島根県,0,,-
CANNON BALLERS,Nothing but Theory,0,,-,913,.TEITO,島根県,1353,CIEL*,島根県,2663,RAN.S,島根県,3686,CHMR,島根県
CANNON BALLERS,O/D*20,0,,-,908,.TEITO,島根県,1408,A,島根県,2013,RAN.S,島根県,3675,BOSS,島根県
CANNON BALLERS,Only for now,0,,-,718,.TEITO,島根県,1374,LU.PSJ,島根県,2118,9610,島根県,0,,-
CANNON BALLERS,Papilio ulysses,0,,-,1055,YUNA.S,島根県,1720,2KAPON,島根県,2604,E-S,島根県,0,,-
CANNON BALLERS,Persephone,0,,-,955,.TEITO,島根県,1576,LU.PSJ,島根県,2461,SUKE,島根県,0,,-
CANNON BALLERS,Rampage,0,,-,1212,YUNA.S,島根県,2278,2KAPON,島根県,3337,KOHNOS,島根県,0,,-
CANNON BALLERS,Raspberry Railgun,0,,-,1142,YUNA.S,島根県,2134,RAN.S,島根県,2872,RAN.S,島根県,0,,-
CANNON BALLERS,REVOLVER,0,,-,768,.TEITO,島根県,0,,-,2566,BOSS,島根県,3225,CHMR,島根県
CANNON BALLERS,Sleepless days,0,,-,477,.TEITO,島根県,775,.TEITO,島根県,1554,RAN.S,島根県,0,,-
CANNON BALLERS,Slipstream,0,,-,844,.TEITO,島根県,1640,NO.217,島根県,3091,KOHNOS,島根県,0,,-
CANNON BALLERS,SPEED DEMON,0,,-,679,.TEITO,島根県,1191,A,島根県,2232,BOSS,島根県,0,,-
CANNON BALLERS,STARLIGHT JUNCTION,0,,-,782,.TEITO,島根県,1098,KROZU,島根県,2101,RAN.S,島根県,2695,RAN.S,島根県
CANNON BALLERS,Static State,0,,-,822,.TEITO,島根県,0,,-,2052,RAN.S,島根県,0,,-
CANNON BALLERS,Temple of Anubis,0,,-,861,.TEITO,島根県,1053,.TEITO,島根県,2250,BADPOO,島根県,0,,-
CANNON BALLERS,THE CANNONBALLER,455,.TEITO,島根県,1346,YUNA.S,島根県,2009,2KAPON,島根県,2945,SUKE,島根県,0,,-
CANNON BALLERS,The Chase,0,,-,619,KYR.54,島根県,1113,2KAPON,島根県,1989,E-S,島根県,0,,-
CANNON BALLERS,UMMU,185,ARISA,島根県,1102,YUNA.S,島根県,1797,2KAPON,島根県,2953,BOSS,島根県,0,,-
CANNON BALLERS,Usual Days-remix,0,,-,822,.TEITO,島根県,0,,-,2400,ANIS,島根県,0,,-
CANNON BALLERS,Xperanza,503,.TEITO,島根県,1269,YUNA.S,島根県,2201,SUKE,島根県,2599,ANIS,島根県,0,,-
CANNON BALLERS,うさ☆かめ 大戦争！,0,,-,765,.TEITO,島根県,1306,LU.PSJ,島根県,1660,AMA,島根県,0,,-
CANNON BALLERS,エディブルフラワーの独白,0,,-,506,ARISA,島根県,1383,LU.PSJ,島根県,2054,9610,島根県,0,,-
CANNON BALLERS,シムルグの目醒め,0,,-,1292,YUNA.S,島根県,2052,YOU,島根県,3393,CHMR,島根県,0,,-
CANNON BALLERS,ナイトシティー・アヴァンチュール,0,,-,430,CROWN,島根県,1455,YUNA.S,島根県,2029,RAN.S,島根県,0,,-
CANNON BALLERS,ハイ*ビスカス ft. Kanae Asaba,0,,-,778,.TEITO,島根県,1342,YUNA.S,島根県,2136,ANIS,島根県,0,,-
CANNON BALLERS,バ→ビ→ブ→Bomb!,0,,-,697,.TEITO,島根県,1477,YUNA.S,島根県,2133,9610,島根県,0,,-
CANNON BALLERS,バスルーム ロマンス,0,,-,0,,-,1216,YOU,島根県,2151,CHARIN,島根県,0,,-
CANNON BALLERS,パラドキシカル・タイムリープトライアル(Short Ver.),0,,-,987,LU.PSJ,島根県,0,,-,2392,PINACC,島根県,0,,-
CANNON BALLERS,ラストセンチュリーメランコリック,0,,-,755,.TEITO,島根県,0,,-,2117,BOSS,島根県,0,,-
CANNON BALLERS,共犯ヘヴンズコード,0,,-,0,,-,892,.TEITO,島根県,1553,ANA21*,島根県,0,,-
CANNON BALLERS,命の標本,0,,-,656,.TEITO,島根県,0,,-,2376,PINACC,島根県,0,,-
CANNON BALLERS,東京神話,437,.TEITO,島根県,979,YUNA.S,島根県,1398,CIEL*,島根県,2803,CHMR,島根県,0,,-
CANNON BALLERS,神謳 -RESONANCE-,0,,-,1316,YUNA.S,島根県,2303,9610,島根県,3921,CHMR,島根県,0,,-
CANNON BALLERS,純真可憐デザイア,235,.TEITO,島根県,721,.TEITO,島根県,1480,LU.PSJ,島根県,2215,AGX,島根県,2734,K*N.SY,島根県
CANNON BALLERS,草原の王女-軌跡を辿って-,0,,-,430,KYOKI*,島根県,1114,LU.PSJ,島根県,2072,SUKE,島根県,0,,-
Rootage,& Intelligence,0,,-,950,.TEITO,島根県,1689,YAMA,島根県,3016,CHMR,島根県,0,,-
Rootage,50th Memorial Songs -Beginning Story-,0,,-,0,,-,1103,.TEITO,島根県,2310,CHARIN,島根県,0,,-
Rootage,50th Memorial Songs -Flagship medley-,300,.TEITO,島根県,745,.TEITO,島根県,0,,-,1969,9610,島根県,0,,-
Rootage,50th Memorial Songs -The BEMANI History-,0,,-,991,LU.PSJ,島根県,1530,9610,島根県,2238,RAN.S,島根県,0,,-
Rootage,50th Memorial Songs -二人の時 ～under the cherry blossoms～-,0,,-,1034,.TEITO,島根県,0,,-,2385,BADPOO,島根県,0,,-
Rootage,Afterimage d'automne,0,,-,854,.TEITO,島根県,1488,LU.PSJ,島根県,2595,KL8NB,島根県,0,,-
Rootage,BLACK JACKAL,0,,-,726,.TEITO,島根県,1291,YUNA.S,島根県,2133,RAN.S,島根県,0,,-
Rootage,BLO§OM,0,,-,923,.TEITO,島根県,1059,.TEITO,島根県,2288,KL8NB,島根県,0,,-
Rootage,Carmina,451,.TEITO,島根県,948,.TEITO,島根県,2041,YOU,島根県,3770,CHMR,島根県,0,,-
Rootage,Carry Me Away,337,NIGHTY,島根県,1039,YUNA.S,島根県,1529,LU.PSJ,島根県,2993,KOHNOS,島根県,0,,-
Rootage,Catch Our Fire!,0,,-,1238,YUNA.S,島根県,1192,DVL,島根県,3232,K*N.SY,島根県,0,,-
Rootage,CODE:0,0,,-,1068,.TEITO,島根県,0,,-,2324,SUKE,島根県,3335,CHMR,島根県
Rootage,CoMAAAAAAA,0,,-,878,.TEITO,島根県,1682,LU.PSJ,島根県,2207,RAN.S,島根県,3801,CHMR,島根県
Rootage,COSMIC CYBER,0,,-,923,.TEITO,島根県,1498,MCPATA,島根県,2458,CHARIN,島根県,0,,-
Rootage,Cranberry City ft. Luschel,0,,-,769,.TEITO,島根県,1362,LU.PSJ,島根県,2298,KOHNOS,島根県,0,,-
Rootage,dAuntl3ss,0,,-,1000,.TEITO,島根県,1588,BOX-Y0,島根県,3012,PINACC,島根県,0,,-
Rootage,Dr. Chemical & Killing Machine,0,,-,951,.TEITO,島根県,1386,YAMA,島根県,2963,PINACC,島根県,0,,-
Rootage,Drastic Dramatic,0,,-,1329,LU.PSJ,島根県,0,,-,3430,CHMR,島根県,0,,-
Rootage,DRUNK MONKY,0,,-,613,.TEITO,島根県,1397,9610,島根県,1841,CHARIN,島根県,0,,-
Rootage,Ember Lights,0,,-,759,.TEITO,島根県,1356,YUNA.S,島根県,2381,CHARIN,島根県,3049,CHMR,島根県
Rootage,EVANESCENT,0,,-,1158,YUNA.S,島根県,1972,2KAPON,島根県,3528,CHMR,島根県,0,,-
Rootage,Garuda,0,,-,896,A,島根県,1406,LU.PSJ,島根県,2272,PINACC,島根県,0,,-
Rootage,Geirskögul,0,,-,0,,-,1112,.TEITO,島根県,1999,CHARIN,島根県,0,,-
Rootage,GENE,0,,-,1186,YUNA.S,島根県,1822,RAN.S,島根県,4258,CHMR,島根県,2883,ANIS,島根県
Rootage,GIGA THRASH,0,,-,967,ANIS,島根県,1264,YUNA.S,島根県,2307,YOU,島根県,0,,-
Rootage,Glory,0,,-,649,.TEITO,島根県,1096,.TEITO,島根県,2113,RAN.S,島根県,0,,-
Rootage,GO OVER WITH GLARE -ROOTAGE 26-,0,,-,968,YUNA.S,島根県,2053,CHARIN,島根県,3808,CHMR,島根県,0,,-
Rootage,HARD BRAIN,0,,-,1003,.TEITO,島根県,1937,RAN.S,島根県,3241,K*N.SY,島根県,0,,-
Rootage,HEISEI,336,.TEITO,島根県,1054,YUNA.S,島根県,1745,CHARIN,島根県,2277,Z*,島根県,0,,-
Rootage,Hurry Hurry,0,,-,0,,-,967,LU.PSJ,島根県,1940,9610,島根県,0,,-
Rootage,IDC feat.REVERBEE (Mo'Cuts Ver),0,,-,722,.TEITO,島根県,1164,MCPATA,島根県,1991,E-S,島根県,0,,-
Rootage,IDOL syndrome.,0,,-,684,.TEITO,島根県,1238,RYZE-R,島根県,1934,SUKE,島根県,2978,CHMR,島根県
Rootage,KILL EACH OTHER,0,,-,1290,YUNA.S,島根県,2199,KL8NB,島根県,3128,ANIS,島根県,0,,-
Rootage,L.F.O,0,,-,779,.TEITO,島根県,1653,RAN.S,島根県,2906,KOHNOS,島根県,0,,-
Rootage,LADYBIRD,0,,-,733,.TEITO,島根県,0,,-,2327,BOSS,島根県,0,,-
Rootage,Let me be your cure,0,,-,961,CIEL*,島根県,1353,YUNA.S,島根県,2528,K*N.SY,島根県,0,,-
Rootage,Lethal Weapon,0,,-,1105,YUNA.S,島根県,1638,YOU,島根県,2811,K*N.SY,島根県,0,,-
Rootage,Level One,0,,-,1153,LU.PSJ,島根県,2111,BADPOO,島根県,3323,BOSS,島根県,0,,-
Rootage,Lift Us High,0,,-,563,ARISA,島根県,1421,YUNA.S,島根県,2250,9610,島根県,0,,-
Rootage,LOST TECHNOLOGIE,0,,-,923,.TEITO,島根県,0,,-,2890,SUKE,島根県,0,,-
Rootage,Macho Monky,0,,-,1002,.TEITO,島根県,1548,9610,島根県,2759,BOSS,島根県,0,,-
Rootage,Necroxis Girl,0,,-,792,.TEITO,島根県,1438,MCPATA,島根県,2435,KL8NB,島根県,0,,-
Rootage,"Next Tales 2 Oath (IIDX 20th Anniv ""Ring"" Theme)",0,,-,748,.TEITO,島根県,1380,YOU,島根県,2305,9610,島根県,0,,-
Rootage,Night! Night! Night!,0,,-,1134,YUNA.S,島根県,1474,LU.PSJ,島根県,2745,KOHNOS,島根県,0,,-
Rootage,ONIGOROSHI,0,,-,1090,LU.PSJ,島根県,1959,BADPOO,島根県,2399,SUKE,島根県,0,,-
Rootage,OVER TIME,0,,-,505,.TEITO,島根県,807,.TEITO,島根県,1502,RAN.S,島根県,1938,E-S,島根県
Rootage,Painful Fate,0,,-,944,.TEITO,島根県,2021,9610,島根県,3119,BOSS,島根県,0,,-
Rootage,Playing With Fire,0,,-,746,.TEITO,島根県,1146,YAMA,島根県,2137,E-S,島根県,0,,-
Rootage,Psycho Sheep Riddim,0,,-,588,.TEITO,島根県,768,.TEITO,島根県,1509,RAN.S,島根県,2032,K*N.SY,島根県
Rootage,Red. by Jack Trance,0,,-,1302,YUNA.S,島根県,1766,CHARIN,島根県,3329,CHMR,島根県,0,,-
Rootage,REPLAY,0,,-,768,.TEITO,島根県,1575,9610,島根県,2029,CHARIN,島根県,0,,-
Rootage,ROCK女 feat. 大山愛未， Ken,0,,-,1006,YUNA.S,島根県,1506,9610,島根県,2535,BOSS,島根県,0,,-
Rootage,ruin of opals,0,,-,791,.TEITO,島根県,1553,CHARIN,島根県,3039,CHMR,島根県,0,,-
Rootage,R∞tAge,308,SHUN,島根県,624,SAWAD,島根県,1497,LU.PSJ,島根県,2558,RAN.S,島根県,0,,-
Rootage,SPEED ROCKER,0,,-,812,.TEITO,島根県,1384,YOU,島根県,2119,RAN.S,島根県,0,,-
Rootage,Technicolour Dreams,0,,-,794,.TEITO,島根県,0,,-,2251,RAN.S,島根県,0,,-
Rootage,The Best of Both Worlds,0,,-,544,.TEITO,島根県,1006,1JSB,島根県,1168,AMA,島根県,0,,-
Rootage,THE DAY OF JUBILATIONS,0,,-,886,.TEITO,島根県,1961,LU.PSJ,島根県,2964,KL8NB,島根県,0,,-
Rootage,The Rebellion of Sequencer,0,,-,1025,YUNA.S,島根県,1250,YUKINO,島根県,2606,PINACC,島根県,0,,-
Rootage,toy boxer,0,,-,672,.TEITO,島根県,1288,YUNA.S,島根県,2116,SPARK,島根県,0,,-
Rootage,ToyCube Pf.(RX-Ver.S.P.L.),0,,-,663,.TEITO,島根県,1413,LU.PSJ,島根県,2228,KOHNOS,島根県,0,,-
Rootage,Trill auf G,0,,-,1041,YUNA.S,島根県,1682,CIEL*,島根県,2472,777777,島根県,0,,-
Rootage,Twilight Warp,0,,-,814,.TEITO,島根県,976,.TEITO,島根県,1953,RAN.S,島根県,0,,-
Rootage,Unbelief,0,,-,844,.TEITO,島根県,0,,-,2593,SUKE,島根県,0,,-
Rootage,UNDERWORLD HOLOGRAPHY,0,,-,901,.TEITO,島根県,1820,YOU,島根県,2776,YOU,島根県,0,,-
Rootage,Urban Constellations,0,,-,627,.TEITO,島根県,1136,YUNA.S,島根県,2058,KL8NB,島根県,2383,CHARIN,島根県
Rootage,Visterhv,0,,-,1074,DVL,島根県,1825,CIEL*,島根県,3474,BOSS,島根県,0,,-
Rootage,voltississimo,0,,-,1124,LU.PSJ,島根県,1920,SUKE,島根県,3486,CHMR,島根県,0,,-
Rootage,Wing of Hearts,0,,-,910,.TEITO,島根県,1643,YOU,島根県,2830,CHMR,島根県,0,,-
Rootage,Wolf 1061,0,,-,850,.TEITO,島根県,1517,LU.PSJ,島根県,2679,RAN.S,島根県,0,,-
Rootage,Wonderland,0,,-,873,.TEITO,島根県,1609,YOU,島根県,2333,DORAI,島根県,0,,-
Rootage,X-DEN,0,,-,1302,MCPATA,島根県,2398,PORUTA,島根県,4011,CHMR,島根県,0,,-
Rootage,XENON II ～TOMOYUKIの野望～,0,,-,862,.TEITO,島根県,1416,YOU,島根県,2657,RAN.S,島根県,0,,-
Rootage,Xlo,0,,-,1316,YUNA.S,島根県,1966,OKOJO,島根県,3492,BOSS,島根県,0,,-
Rootage,Yum Yum Jelly,0,,-,666,.TEITO,島根県,1494,9610,島根県,2083,SUKE,島根県,0,,-
Rootage,ZENDEGI DANCE,0,,-,1126,YUNA.S,島根県,1090,DVL,島根県,2518,RAN.S,島根県,0,,-
Rootage,おーまい！らぶりー！すうぃーてぃ！だーりん！,0,,-,1065,LU.PSJ,島根県,1103,DVL,島根県,2878,CHMR,島根県,0,,-
Rootage,お菓子の王国,0,,-,1371,YUNA.S,島根県,1992,9610,島根県,4000,CHMR,島根県,0,,-
Rootage,グラナダの風,0,,-,649,MCPATA,島根県,1026,MCPATA,島根県,1669,SUKE,島根県,0,,-
Rootage,セカンドピアス,0,,-,0,,-,897,.TEITO,島根県,1850,YOU,島根県,0,,-
Rootage,ハードベース・フェスタ,0,,-,1057,LU.PSJ,島根県,1342,SHUN,島根県,2686,BOSS,島根県,0,,-
Rootage,ミストレス・アンに花束を,0,,-,510,.TEITO,島根県,944,LU.PSJ,島根県,1340,HI-TA,島根県,0,,-
Rootage,ミッドナイト☆WAR,0,,-,783,CIEL*,島根県,1408,CIEL*,島根県,2190,PORUTA,島根県,0,,-
Rootage,夏の匂い。キミの残像。 ft. Kanae Asaba,0,,-,650,.TEITO,島根県,1431,LU.PSJ,島根県,2371,9610,島根県,0,,-
Rootage,抱きしめてモナムール,0,,-,1267,LU.PSJ,島根県,1649,ANA21*,島根県,3511,K*N.SY,島根県,0,,-
Rootage,最小三倍完全数,0,,-,784,.TEITO,島根県,1547,YOU,島根県,2391,BOSS,島根県,0,,-
Rootage,泰東ノ翠霞,0,,-,0,,-,621,.TEITO,島根県,1469,CHARIN,島根県,0,,-
Rootage,深愛のリグレット,0,,-,504,SAWAD,島根県,1179,9610,島根県,2205,RAN.S,島根県,0,,-
Rootage,爆ゼニ☆がってんワーカー,0,,-,1142,YUNA.S,島根県,1099,DVL,島根県,2244,YOU,島根県,0,,-
Rootage,花冠 feat.Aikapin,0,,-,819,.TEITO,島根県,1339,YUNA.S,島根県,2231,KL8NB,島根県,0,,-
Rootage,金野火織の金色提言,0,,-,1158,YUNA.S,島根県,1925,YOU,島根県,3081,CHMR,島根県,0,,-
Rootage,龍王の霊廟(Mausoleum Of The Primal Dragon),0,,-,1049,YUNA.S,島根県,2225,RAN.S,島根県,2759,CHARIN,島根県,3253,YOU,島根県
HEROIC VERSE,27th style,0,,-,919,.TEITO,島根県,1665,9610,島根県,2119,RAN.S,島根県,2404,AA3,島根県
HEROIC VERSE,Advent Infamous,0,,-,0,,-,1467,LU.PSJ,島根県,2562,RAN.S,島根県,0,,-
HEROIC VERSE,AKASHIC BREAK,0,,-,1197,YUNA.S,島根県,2176,9610,島根県,3058,ANIS,島根県,0,,-
HEROIC VERSE,And-RoiD,0,,-,651,.TEITO,島根県,1164,YUNA.S,島根県,1862,RAN.S,島根県,0,,-
HEROIC VERSE,Artist,0,,-,1177,YUNA.S,島根県,2115,RAN.S,島根県,3510,CHMR,島根県,0,,-
HEROIC VERSE,Backyard Stars,0,,-,789,.TEITO,島根県,790,DVL,島根県,1994,RAN.S,島根県,0,,-
HEROIC VERSE,BEAT PRISONER,0,,-,1061,YUNA.S,島根県,1857,9610,島根県,3539,CHMR,島根県,0,,-
HEROIC VERSE,beatAffection,0,,-,474,SAWAD,島根県,1377,YUNA.S,島根県,2464,PORUTA,島根県,0,,-
HEROIC VERSE,Beautiful Harmony (IIDX Mix),0,,-,772,.TEITO,島根県,1141,.TEITO,島根県,2240,RAN.S,島根県,0,,-
HEROIC VERSE,Bow shock!!,0,,-,741,.TEITO,島根県,1757,RYUTO,島根県,2974,BOSS,島根県,4171,CHMR,島根県
HEROIC VERSE,Calvados Queen,0,,-,799,.TEITO,島根県,1294,YUNA.S,島根県,2094,HI-TA,島根県,0,,-
HEROIC VERSE,Change Yourself,0,,-,757,.TEITO,島根県,1462,MCPATA,島根県,2195,CHARIN,島根県,0,,-
HEROIC VERSE,Crank It,0,,-,711,.TEITO,島根県,1372,LU.PSJ,島根県,2370,KOHNOS,島根県,0,,-
HEROIC VERSE,Dans la nuit de l'eternite,0,,-,1193,YUNA.S,島根県,1562,ANA21*,島根県,3374,CHMR,島根県,0,,-
HEROIC VERSE,Do What You Want,0,,-,634,.TEITO,島根県,945,.TEITO,島根県,1747,CHARIN,島根県,0,,-
HEROIC VERSE,Double Dribble,0,,-,1097,YUNA.S,島根県,1705,9610,島根県,2855,PINACC,島根県,0,,-
HEROIC VERSE,EROICA,0,,-,1329,SUKE,島根県,2096,CIEL*,島根県,3872,CHMR,島根県,0,,-
HEROIC VERSE,Everlasting Message,0,,-,1141,YUNA.S,島根県,2031,PORUTA,島根県,3727,CHMR,島根県,0,,-
HEROIC VERSE,fairy cocktail,0,,-,0,,-,874,.TEITO,島根県,1561,9610,島根県,0,,-
HEROIC VERSE,Fly Above (Vicissitude Remix),0,,-,724,1JSB,島根県,1325,YUNA.S,島根県,2192,SUKE,島根県,0,,-
HEROIC VERSE,Forgetting Machine,0,,-,637,.TEITO,島根県,905,.TEITO,島根県,1600,PINACC,島根県,0,,-
HEROIC VERSE,Friction[!]Function,0,,-,884,.TEITO,島根県,1456,YAMA,島根県,2707,SUKE,島根県,0,,-
HEROIC VERSE,GHOST,0,,-,664,.TEITO,島根県,1151,A,島根県,2645,CHMR,島根県,0,,-
HEROIC VERSE,GIGA VIOLATE,0,,-,839,.TEITO,島根県,1444,YOU,島根県,2454,RAN.S,島根県,0,,-
HEROIC VERSE,Hold My Hand,0,,-,819,.TEITO,島根県,1630,9610,島根県,2331,RAN.S,島根県,0,,-
HEROIC VERSE,Hyper Drive feat. ぷにぷに電機,0,,-,575,.TEITO,島根県,1322,YUNA.S,島根県,1817,CHARIN,島根県,0,,-
HEROIC VERSE,If,0,,-,711,.TEITO,島根県,1254,SUKE,島根県,0,,-,0,,-
HEROIC VERSE,Inferno of Fomalhaut,0,,-,942,YUNA.S,島根県,1571,TINNY,島根県,3083,CHMR,島根県,0,,-
HEROIC VERSE,Infinity Mirror,0,,-,702,.TEITO,島根県,1260,YOU,島根県,2168,RAN.S,島根県,0,,-
HEROIC VERSE,Into The Madness,0,,-,920,LU.PSJ,島根県,0,,-,2476,CHMR,島根県,0,,-
HEROIC VERSE,LASER CRUSTER (IGNITE REMIX),0,,-,700,.TEITO,島根県,1687,9610,島根県,3401,CHMR,島根県,0,,-
HEROIC VERSE,Level 2,0,,-,736,.TEITO,島根県,1422,YOU,島根県,2561,E-S,島根県,0,,-
HEROIC VERSE,LIGHTNING STRIKES,239,ARISA,島根県,832,.TEITO,島根県,1332,YUNA.S,島根県,2952,AGX,島根県,4127,CHMR,島根県
HEROIC VERSE,Like+it!,0,,-,802,.TEITO,島根県,1508,YOU,島根県,2056,CHARIN,島根県,0,,-
HEROIC VERSE,Lords Of The Roundtable,0,,-,938,YUNA.S,島根県,1600,RAN.S,島根県,2729,BOSS,島根県,0,,-
HEROIC VERSE,Lost Souls,0,,-,627,A,島根県,1451,MCPATA,島根県,2259,RAN.S,島根県,3860,CHMR,島根県
HEROIC VERSE,Matt Silver,0,,-,1105,LU.PSJ,島根県,1992,RAN.S,島根県,3290,CHMR,島根県,0,,-
HEROIC VERSE,Megalara Garuda,0,,-,1287,LU.PSJ,島根県,1783,RAN.S,島根県,2723,SUKE,島根県,0,,-
HEROIC VERSE,Mel,0,,-,538,SHUN,島根県,1124,.TEITO,島根県,2060,PINACC,島根県,2552,K*N.SY,島根県
HEROIC VERSE,Moving on,0,,-,882,.TEITO,島根県,1652,YOU,島根県,2653,PINACC,島根県,0,,-
HEROIC VERSE,Nasty Techniques,0,,-,933,YUNA.S,島根県,1458,LU.PSJ,島根県,2388,RAN.S,島根県,0,,-
HEROIC VERSE,NEWALONE,0,,-,553,LU.PSJ,島根県,894,.TEITO,島根県,1851,RAN.S,島根県,0,,-
HEROIC VERSE,ORCA,0,,-,1140,YUNA.S,島根県,1580,ANA21*,島根県,2845,KL8NB,島根県,0,,-
HEROIC VERSE,OUTER PLANETS,0,,-,0,,-,1240,YUNA.S,島根県,2011,RAN.S,島根県,0,,-
HEROIC VERSE,Override,0,,-,785,.TEITO,島根県,1495,SUKE,島根県,2651,RAN.S,島根県,4246,CHMR,島根県
HEROIC VERSE,PHASE SHIFT MANEUVER,0,,-,1055,.TEITO,島根県,1447,LU.PSJ,島根県,2489,RAN.S,島根県,0,,-
HEROIC VERSE,Primitive Vibes,419,KYOKI*,島根県,1099,LU.PSJ,島根県,1446,KYR.54,島根県,2978,BOSS,島根県,0,,-
HEROIC VERSE,Queen Kaguya,0,,-,790,.TEITO,島根県,1654,LU.PSJ,島根県,2570,CHMR,島根県,0,,-
HEROIC VERSE,Rainstorm,0,,-,785,.TEITO,島根県,1317,AAAAAA,島根県,2044,9610,島根県,0,,-
HEROIC VERSE,Rave Patroller,0,,-,1188,YUNA.S,島根県,2150,9610,島根県,3355,CHMR,島根県,0,,-
HEROIC VERSE,rough percussionythm,0,,-,850,.TEITO,島根県,1305,YUA,島根県,2131,BADPOO,島根県,0,,-
HEROIC VERSE,S!ck (Nhato Remix),0,,-,774,.TEITO,島根県,1034,SHUN,島根県,2359,KL8NB,島根県,0,,-
HEROIC VERSE,SCREW // owo // SCREW,0,,-,979,BATORA,島根県,1425,KEN25,島根県,2772,BOSS,島根県,0,,-
HEROIC VERSE,Shiva,0,,-,639,.TEITO,島根県,1358,YAMA,島根県,1930,RAN.S,島根県,0,,-
HEROIC VERSE,Silly Love,238,.TEITO,島根県,641,.TEITO,島根県,1171,LU.PSJ,島根県,2046,CHMR,島根県,0,,-
HEROIC VERSE,Ska-sh All Neurons!!,0,,-,850,.TEITO,島根県,1156,.TEITO,島根県,2145,PORUTA,島根県,0,,-
HEROIC VERSE,Smashing Wedge,0,,-,826,.TEITO,島根県,1839,9610,島根県,3511,BOSS,島根県,0,,-
HEROIC VERSE,Sparkle Smilin',0,,-,798,.TEITO,島根県,1270,YUNA.S,島根県,2250,9610,島根県,0,,-
HEROIC VERSE,STOIC HYPOTHESIS,0,,-,932,.TEITO,島根県,1548,YOU,島根県,2512,KL8NB,島根県,0,,-
HEROIC VERSE,Sugar Drippin',0,,-,739,LU.PSJ,島根県,1057,.TEITO,島根県,1938,RAN.S,島根県,0,,-
HEROIC VERSE,T-REX vs Velociraptor (In the Far east euphoria),0,,-,1262,YUNA.S,島根県,1357,A,島根県,2786,RAN.S,島根県,0,,-
HEROIC VERSE,take me higher,0,,-,712,.TEITO,島根県,1127,LU.PSJ,島根県,1861,RAN.S,島根県,0,,-
HEROIC VERSE,TECHNO Style Essentials,0,,-,782,.TEITO,島根県,1527,9610,島根県,2359,YOU,島根県,0,,-
HEROIC VERSE,THE BRAVE MUST DIE,0,,-,1268,YUNA.S,島根県,2120,9610,島根県,3787,BOSS,島根県,0,,-
HEROIC VERSE,THE F∀UST,0,,-,1074,YUNA.S,島根県,2006,SUKE,島根県,3492,CHMR,島根県,0,,-
HEROIC VERSE,The Sky of Sadness,0,,-,725,.TEITO,島根県,1415,CHARIN,島根県,2078,CHARIN,島根県,0,,-
HEROIC VERSE,Theory,0,,-,493,ARISA,島根県,890,.TEITO,島根県,1916,9610,島根県,0,,-
HEROIC VERSE,TRIUMPH,0,,-,810,.TEITO,島根県,1636,YUNA.S,島根県,3120,BOSS,島根県,0,,-
HEROIC VERSE,UNITE THE HEART,0,,-,1431,LU.PSJ,島根県,2433,BADPOO,島根県,2794,CHARIN,島根県,0,,-
HEROIC VERSE,VALKYRIAS -英雄誕生-,0,,-,890,.TEITO,島根県,1536,YOU,島根県,2569,AA3,島根県,0,,-
HEROIC VERSE,VIBRΛ,0,,-,0,,-,941,.TEITO,島根県,1719,KL8NB,島根県,0,,-
HEROIC VERSE,Vinculum stellarum,0,,-,825,.TEITO,島根県,2072,Z*,島根県,3392,BOSS,島根県,0,,-
HEROIC VERSE,Virus Funk,0,,-,626,.TEITO,島根県,993,.TEITO,島根県,2153,CHMR,島根県,0,,-
HEROIC VERSE,Volcanic Dragon,0,,-,844,.TEITO,島根県,1577,AAAAAA,島根県,2639,KL8NB,島根県,0,,-
HEROIC VERSE,Voo Doo Bamboleo,0,,-,770,.TEITO,島根県,0,,-,2295,RAN.S,島根県,0,,-
HEROIC VERSE,Ypsilon,0,,-,935,.TEITO,島根県,1028,DVL,島根県,2603,RAN.S,島根県,3112,RAN.S,島根県
HEROIC VERSE,がっつり陰キャ!? 怪盗いいんちょの億劫^^;,0,,-,1459,YUNA.S,島根県,2257,2KAPON,島根県,4174,CHMR,島根県,0,,-
HEROIC VERSE,シャムシールの舞,0,,-,738,.TEITO,島根県,1278,LU.PSJ,島根県,2294,RAN.S,島根県,0,,-
HEROIC VERSE,セピアの軌跡 ft. 天宮みや(少女フラクタル),328,.TEITO,島根県,705,.TEITO,島根県,1136,.TEITO,島根県,2255,BADPOO,島根県,0,,-
HEROIC VERSE,バッドエンド・シンドローム,0,,-,683,A,島根県,1654,SUKE,島根県,2677,CHARIN,島根県,0,,-
HEROIC VERSE,ピアノ協奏曲第1番”蠍火” (BlackY Remix),0,,-,893,.TEITO,島根県,1715,LU.PSJ,島根県,3209,KL8NB,島根県,0,,-
HEROIC VERSE,ラブキラ☆スプラッシュ,0,,-,871,.TEITO,島根県,1406,YUNA.S,島根県,2314,RAN.S,島根県,0,,-
HEROIC VERSE,ランカーキラーガール,0,,-,921,.TEITO,島根県,1622,LU.PSJ,島根県,2542,CHARIN,島根県,0,,-
HEROIC VERSE,曼荼羅恋々,0,,-,909,.TEITO,島根県,1398,MCPATA,島根県,2436,SUKE,島根県,0,,-
HEROIC VERSE,深淵に捧ぐレクイエム,0,,-,760,.TEITO,島根県,1520,RAN.S,島根県,2678,K*N.SY,島根県,0,,-
HEROIC VERSE,灼熱Beach Side Bunny (Masayoshi Iimori Remix),0,,-,582,.TEITO,島根県,1012,YUNA.S,島根県,1703,E-S,島根県,0,,-
HEROIC VERSE,狂水一華,0,,-,882,.TEITO,島根県,1474,CIEL*,島根県,2611,BOSS,島根県,0,,-
HEROIC VERSE,眠りの国のステラ,0,,-,1032,.TEITO,島根県,1653,YOU,島根県,2551,K*N.SY,島根県,0,,-
HEROIC VERSE,華麗なる大犬円舞曲,0,,-,1253,LU.PSJ,島根県,1766,9610,島根県,3421,CHMR,島根県,0,,-
HEROIC VERSE,錬成人間トリコロイダー,0,,-,928,.TEITO,島根県,1606,YUNA.S,島根県,2933,RAN.S,島根県,0,,-
HEROIC VERSE,開きたまえ！Next stAge！,0,,-,920,.TEITO,島根県,1577,I.NMTR,島根県,2363,YOU,島根県,0,,-
HEROIC VERSE,魅惑のYUMMYスイーツ,0,,-,761,.TEITO,島根県,1493,LU.PSJ,島根県,2570,SUKE,島根県,0,,-
BISTROVER,-65℃,0,,-,1263,YUNA.S,島根県,2095,9610,島根県,3028,SUKE,島根県,0,,-
BISTROVER,ABSOLUTE (kors k Remix),0,,-,861,.TEITO,島根県,992,DVL,島根県,2281,YOU,島根県,0,,-
BISTROVER,Ah Hah Yeah,0,,-,393,ARISA,島根県,1146,RAN.S,島根県,1652,9610,島根県,0,,-
BISTROVER,AMRITA -不滅ノ花-,0,,-,821,TOMO,島根県,1468,LU.PSJ,島根県,2557,RAN.S,島根県,0,,-
BISTROVER,apo:llioth,0,,-,1080,.TEITO,島根県,1806,YOU,島根県,2649,PORUTA,島根県,0,,-
BISTROVER,As You Want,0,,-,734,.TEITO,島根県,1017,.TEITO,島根県,2231,KL8NB,島根県,0,,-
BISTROVER,ASIAN VIRTUAL REALITIES (MELTING TOGETHER IN DAZZLING DARKNESS),0,,-,848,.TEITO,島根県,1548,LU.PSJ,島根県,2749,SUKE,島根県,0,,-
BISTROVER,BEMANI PRO LEAGUE Theme,0,,-,409,ARISA,島根県,1153,YUNA.S,島根県,1675,777777,島根県,0,,-
BISTROVER,BIGソムタム,508,.TEITO,島根県,1143,YUNA.S,島根県,1696,LU.PSJ,島根県,3284,CHMR,島根県,0,,-
BISTROVER,BLACK or WHITE?,597,.TEITO,島根県,1220,SUKE,島根県,2049,MCPATA,島根県,3814,CHMR,島根県,0,,-
BISTROVER,Burning Flame,0,,-,939,.TEITO,島根県,1535,LU.PSJ,島根県,2636,K*N.SY,島根県,3608,BOSS,島根県
BISTROVER,Chewingood!!!,201,SIZIMI,島根県,838,LU.PSJ,島根県,1426,YAMA,島根県,2579,CHMR,島根県,0,,-
BISTROVER,COSMIC RAY,0,,-,940,.TEITO,島根県,1836,9610,島根県,2846,CHMR,島根県,0,,-
BISTROVER,Crazy Jackpot,0,,-,831,.TEITO,島根県,1422,MCPATA,島根県,2388,ANIS,島根県,0,,-
BISTROVER,Danza Aestas,0,,-,776,LEVI.,島根県,1507,YOU,島根県,2693,SUKE,島根県,0,,-
BISTROVER,Dawn Saga,0,,-,819,.TEITO,島根県,1119,1JSB,島根県,2429,KL8NB,島根県,0,,-
BISTROVER,DENIM,0,,-,493,.TEITO,島根県,973,YUNA.S,島根県,1715,CHMR,島根県,0,,-
BISTROVER,Don't Stop The Music feat. Kanae Asaba,0,,-,270,ARISA,島根県,1189,YUNA.S,島根県,1730,RAN.S,島根県,0,,-
BISTROVER,DUAL STRIKER,0,,-,1132,YUNA.S,島根県,2135,IIDX33,島根県,3810,CHMR,島根県,0,,-
BISTROVER,Empire of Fury,0,,-,1251,YUNA.S,島根県,0,,-,3001,BOSS,島根県,0,,-
BISTROVER,Euphoric Lagoon,0,,-,775,.TEITO,島根県,1183,.TEITO,島根県,2462,RAN.S,島根県,0,,-
BISTROVER,Explorer feat. ぷにぷに電機,0,,-,682,.TEITO,島根県,1219,YUNA.S,島根県,1963,CHARIN,島根県,2690,AA3,島根県
BISTROVER,Farewell to Marrakech,0,,-,499,SAWAD,島根県,1026,.TEITO,島根県,1876,CHARIN,島根県,0,,-
BISTROVER,Fire Beat,0,,-,886,.TEITO,島根県,1491,2KAPON,島根県,2541,BOSS,島根県,0,,-
BISTROVER,Frisk And Squeak,0,,-,546,CROWN,島根県,996,.TEITO,島根県,2210,RAN.S,島根県,0,,-
BISTROVER,GIGA RAID,0,,-,836,.TEITO,島根県,1415,DAIWA,島根県,2112,CHARIN,島根県,0,,-
BISTROVER,Globe Glitter,0,,-,891,.TEITO,島根県,1081,SHUN,島根県,2415,KL8NB,島根県,0,,-
BISTROVER,Here We Are,159,ARISA,島根県,994,YUNA.S,島根県,1501,LU.PSJ,島根県,2241,HI-TA,島根県,0,,-
BISTROVER,HIGH VOLTAGE,0,,-,471,MYA,島根県,1098,KROZU,島根県,2116,BOSS,島根県,0,,-
BISTROVER,Ignis†Irae,0,,-,1008,YUNA.S,島根県,2144,SUKE,島根県,3362,BOSS,島根県,0,,-
BISTROVER,IIDX RED Ending (Ryu☆Remix),0,,-,582,.TEITO,島根県,1014,MCPATA,島根県,1649,CHARIN,島根県,0,,-
BISTROVER,innocent revolver,0,,-,1006,YUNA.S,島根県,2182,9610,島根県,3309,PINACC,島根県,0,,-
BISTROVER,Jungle Eater,0,,-,875,.TEITO,島根県,1585,YAMA,島根県,2569,ANIS,島根県,0,,-
BISTROVER,LAST DAY,0,,-,1012,LU.PSJ,島根県,0,,-,2600,CHARIN,島根県,0,,-
BISTROVER,Level 3,0,,-,1133,YUNA.S,島根県,2021,2KAPON,島根県,3359,BOSS,島根県,0,,-
BISTROVER,LOCUS OF THE TRAVEL,0,,-,1036,YUNA.S,島根県,2155,9610,島根県,2916,SUKE,島根県,0,,-
BISTROVER,Lovely Howdy Cowboy!!,0,,-,944,.TEITO,島根県,0,,-,2389,CHARIN,島根県,0,,-
BISTROVER,MA・TSU・RI,0,,-,958,.TEITO,島根県,0,,-,2251,CHARIN,島根県,0,,-
BISTROVER,MEGAERA,0,,-,1289,SUKE,島根県,1906,9610,島根県,3437,CHMR,島根県,0,,-
BISTROVER,Midnight Drive,0,,-,188,BRAXBR,島根県,979,.TEITO,島根県,1924,CHMR,島根県,0,,-
BISTROVER,MOVE! (We Keep It Movin'),0,,-,684,.TEITO,島根県,1046,.TEITO,島根県,2079,BOSS,島根県,0,,-
BISTROVER,Neo Heritage,0,,-,730,.TEITO,島根県,1573,RAN.S,島根県,2373,9610,島根県,0,,-
BISTROVER,Ocean Blue feat. Luschel,0,,-,775,.TEITO,島根県,1104,.TEITO,島根県,2426,CHMR,島根県,0,,-
BISTROVER,of the first magnitude,0,,-,990,LU.PSJ,島根県,0,,-,2766,K*N.SY,島根県,0,,-
BISTROVER,OTOKOZAKA,0,,-,846,.TEITO,島根県,1603,LU.PSJ,島根県,2833,CHMR,島根県,0,,-
BISTROVER,Overslept,0,,-,1016,YUNA.S,島根県,1016,DVL,島根県,1622,AMA,島根県,0,,-
BISTROVER,Para siempre,0,,-,432,SAWAD,島根県,1069,.TEITO,島根県,2600,RAN.S,島根県,0,,-
BISTROVER,Parvati,0,,-,902,.TEITO,島根県,1509,LU.PSJ,島根県,2243,PORUTA,島根県,0,,-
BISTROVER,POLKAMANIA,398,.TEITO,島根県,845,.TEITO,島根県,1414,TACO,島根県,2567,KOHNOS,島根県,3489,BOSS,島根県
BISTROVER,Rejection Girl,0,,-,851,.TEITO,島根県,1440,YUNA.S,島根県,2623,CHMR,島根県,0,,-
BISTROVER,Ritual of Anubis,0,,-,1129,LU.PSJ,島根県,1503,YOU,島根県,2400,KL8NB,島根県,0,,-
BISTROVER,Romanticが止まらない,0,,-,841,.TEITO,島根県,1623,CHARIN,島根県,2616,AGX,島根県,0,,-
BISTROVER,rommmo,0,,-,916,.TEITO,島根県,1683,9610,島根県,3402,CHMR,島根県,0,,-
BISTROVER,Rosa azuL,0,,-,770,.TEITO,島根県,1056,1JSB,島根県,2421,RAN.S,島根県,0,,-
BISTROVER,Rowdy,0,,-,888,.TEITO,島根県,1458,LU.PSJ,島根県,2422,BOSS,島根県,0,,-
BISTROVER,Rubrum Piano,0,,-,696,.TEITO,島根県,1424,BOX-Y0,島根県,2077,CHARIN,島根県,0,,-
BISTROVER,S-Bahn,0,,-,793,.TEITO,島根県,1027,A,島根県,2057,RAN.S,島根県,0,,-
BISTROVER,Sinus Iridum,0,,-,1053,LU.PSJ,島根県,1904,KL8NB,島根県,3168,CHMR,島根県,0,,-
BISTROVER,smooooch・∀・ (Snail's House Remix),0,,-,774,.TEITO,島根県,1429,YUNA.S,島根県,2133,SUKE,島根県,0,,-
BISTROVER,SOLID STATE SQUAD -RISEN RELIC REMIX-,0,,-,959,.TEITO,島根県,2073,K*N.SY,島根県,2857,AGX,島根県,0,,-
BISTROVER,Sugarplum,0,,-,780,.TEITO,島根県,1663,CIEL*,島根県,2477,RAN.S,島根県,0,,-
BISTROVER,Swarm Of Scarabs,0,,-,892,.TEITO,島根県,936,.TEITO,島根県,1381,1129,島根県,0,,-
BISTROVER,Tell me what you wish feat.らっぷびと,0,,-,952,.TEITO,島根県,1462,AAAAAA,島根県,2654,PORUTA,島根県,0,,-
BISTROVER,That Feeling,0,,-,635,.TEITO,島根県,1001,YUNA.S,島根県,1776,KOHNOS,島根県,0,,-
BISTROVER,THE PEERLESS UNDER HEAVEN,0,,-,1032,LU.PSJ,島根県,1825,9610,島根県,2935,E-S,島根県,0,,-
BISTROVER,The Wind of China Express(The 4th Mashup),0,,-,949,YUNA.S,島根県,1546,YOU,島根県,2360,9610,島根県,0,,-
BISTROVER,Tiempo Loco,0,,-,892,.TEITO,島根県,1231,DVL,島根県,3629,CHMR,島根県,0,,-
BISTROVER,Viridian,0,,-,846,.TEITO,島根県,1623,RYUTO,島根県,3096,BOSS,島根県,0,,-
BISTROVER,Vitrum,0,,-,906,.TEITO,島根県,1637,9610,島根県,3130,ANIS,島根県,0,,-
BISTROVER,WAKE UP NOW,0,,-,774,.TEITO,島根県,1270,YUNA.S,島根県,1868,KL8NB,島根県,2337,K*N.SY,島根県
BISTROVER,When I Met U,0,,-,790,.TEITO,島根県,1108,YOU,島根県,1985,RAN.S,島根県,0,,-
BISTROVER,Winner's Proof ft. KANASA from bless4,0,,-,527,SAWAD,島根県,1264,YUNA.S,島根県,1989,SUKE,島根県,0,,-
BISTROVER,X-ray binary,0,,-,867,.TEITO,島根県,1464,SHUN,島根県,2525,RAN.S,島根県,0,,-
BISTROVER,Zenith,0,,-,726,.TEITO,島根県,1275,YOU,島根県,1865,SUKE,島根県,0,,-
BISTROVER,∀,536,.TEITO,島根県,1196,YUNA.S,島根県,2026,PORUTA,島根県,3495,CHMR,島根県,0,,-
BISTROVER,ここからよろしく大作戦143,251,.TEITO,島根県,867,.TEITO,島根県,1578,YUNA.S,島根県,2494,CHMR,島根県,2912,Z*,島根県
BISTROVER,スーパー戦湯ババンバーン,0,,-,1193,YUNA.S,島根県,1992,PORUTA,島根県,2942,SUKE,島根県,0,,-
BISTROVER,ディスコルディア,0,,-,1224,YUNA.S,島根県,2127,SUKE,島根県,3830,CHMR,島根県,0,,-
BISTROVER,バッド・スイーツ、バッド・ドリーム,0,,-,916,.TEITO,島根県,1491,KEN25,島根県,3090,KL8NB,島根県,0,,-
BISTROVER,世界の果てに約束の凱歌を -ReUnion-,0,,-,1026,.TEITO,島根県,1687,BOX-Y0,島根県,3398,AA3,島根県,0,,-
BISTROVER,乱膳の舞姫,0,,-,965,YUNA.S,島根県,1173,KROZU,島根県,2321,SUKE,島根県,0,,-
BISTROVER,二人ノ廃城幽踊宴,0,,-,982,.TEITO,島根県,2037,9610,島根県,3563,CHMR,島根県,0,,-
BISTROVER,伐折羅-vajra-,0,,-,1073,YUNA.S,島根県,1926,9610,島根県,3378,BOSS,島根県,0,,-
BISTROVER,儚き恋の華,0,,-,918,.TEITO,島根県,1668,TINNY,島根県,2761,RAN.S,島根県,0,,-
BISTROVER,新宝島,498,.TEITO,島根県,732,SUKE,島根県,1307,YUNA.S,島根県,2187,SUKE,島根県,3159,K*N.SY,島根県
BISTROVER,水無月の雫 ft. 小林まな,0,,-,1024,.TEITO,島根県,1553,YUNA.S,島根県,2242,CHARIN,島根県,0,,-
BISTROVER,水鏡の異界,0,,-,758,.TEITO,島根県,1300,KEN25,島根県,2843,E-S,島根県,0,,-
BISTROVER,涙のテ・エストラーニョ・ムーチョ,0,,-,1305,LU.PSJ,島根県,1893,9610,島根県,2591,AA3,島根県,0,,-
BISTROVER,無意識のフィロソフィア,0,,-,956,.TEITO,島根県,2032,I.NMTR,島根県,2895,KL8NB,島根県,0,,-
BISTROVER,犬に雨傘,0,,-,803,.TEITO,島根県,1105,.TEITO,島根県,1982,9610,島根県,0,,-
BISTROVER,閠槞彁の願い,0,,-,949,YUNA.S,島根県,1315,ENNUI,島根県,2628,SUKE,島根県,0,,-
BISTROVER,霧幻メモリア,0,,-,767,.TEITO,島根県,1117,CIEL*,島根県,1817,9610,島根県,0,,-
BISTROVER,魔法のかくれんぼ,0,,-,734,.TEITO,島根県,1296,YUNA.S,島根県,2683,CHMR,島根県,0,,-
CastHour,10000 MILES AWAY,0,,-,932,.TEITO,島根県,1490,LU.PSJ,島根県,1815,TINNY,島根県,0,,-
CastHour,2 Beasts Unchained,0,,-,1318,YUNA.S,島根県,2051,9610,島根県,3385,CHMR,島根県,0,,-
CastHour,808monkey,0,,-,673,.TEITO,島根県,1148,9610,島根県,1420,BOX-Y0,島根県,0,,-
CastHour,ABSOLUTE EVIL,0,,-,1109,YUNA.S,島根県,2046,SUKE,島根県,3383,CHMR,島根県,0,,-
CastHour,Aftermath,0,,-,1182,LU.PSJ,島根県,2223,CHARIN,島根県,3258,K*N.SY,島根県,0,,-
CastHour,ALTERNATOR,0,,-,1270,YUNA.S,島根県,2031,CIEL*,島根県,3688,CHMR,島根県,0,,-
CastHour,AMICABLE,0,,-,861,.TEITO,島根県,1165,.TEITO,島根県,2300,RAN.S,島根県,0,,-
CastHour,ANEMONE,210,.TEITO,島根県,685,.TEITO,島根県,1514,LU.PSJ,島根県,2097,BOSS,島根県,0,,-
CastHour,Angel's Ladder,0,,-,915,YUNA.S,島根県,1380,AMA,島根県,3074,E-S,島根県,0,,-
CastHour,Ariah,0,,-,656,.TEITO,島根県,1354,YUNA.S,島根県,2007,HI-TA,島根県,0,,-
CastHour,Arkadia,0,,-,1034,.TEITO,島根県,1227,DVL,島根県,3608,CHMR,島根県,0,,-
CastHour,Banger Banger Banger Banger,0,,-,818,.TEITO,島根県,1502,YUNA.S,島根県,2576,RAN.S,島根県,0,,-
CastHour,Binary Black Hole,0,,-,1260,YUNA.S,島根県,2140,9610,島根県,3789,CHMR,島根県,0,,-
CastHour,Blue Bird feat. Kanae Asaba,0,,-,588,NATTSU,島根県,853,.TEITO,島根県,1647,9610,島根県,0,,-
CastHour,Brave Spirits,0,,-,649,LU.PSJ,島根県,1251,YOU,島根県,2175,9610,島根県,0,,-
CastHour,DISPARATE,0,,-,845,.TEITO,島根県,0,,-,2075,PORUTA,島根県,0,,-
CastHour,Divine Heaven,0,,-,905,LU.PSJ,島根県,1877,9610,島根県,2586,CHARIN,島根県,0,,-
CastHour,Don't believe the hype,0,,-,1053,YUNA.S,島根県,1892,9610,島根県,2997,E-S,島根県,0,,-
CastHour,DREAM OF SPACE UFO ABDUCTION,0,,-,909,.TEITO,島根県,0,,-,2370,CHARIN,島根県,0,,-
CastHour,Emera,0,,-,708,.TEITO,島根県,1234,YUNA.S,島根県,2079,RAN.S,島根県,0,,-
CastHour,EMOTiON TRiPPER,0,,-,882,SUKE,島根県,1375,LU.PSJ,島根県,2073,RAN.S,島根県,0,,-
CastHour,Ergosphere,0,,-,852,.TEITO,島根県,1638,YOU,島根県,2451,ANIS,島根県,0,,-
CastHour,Fantastic Merry-Go-Round,0,,-,477,CROWN,島根県,1350,YUNA.S,島根県,1623,BOX-Y0,島根県,0,,-
CastHour,Fegrix,0,,-,965,.TEITO,島根県,1841,YOU,島根県,3167,CHMR,島根県,0,,-
CastHour,FINALLY BLAZE,0,,-,796,.TEITO,島根県,1486,MCPATA,島根県,2379,RAN.S,島根県,0,,-
CastHour,Flying Castle,0,,-,1020,YUNA.S,島根県,2102,BADPOO,島根県,3500,CHMR,島根県,0,,-
CastHour,Game Changers,0,,-,719,.TEITO,島根県,1192,A,島根県,2419,PORUTA,島根県,0,,-
CastHour,"Get set, Go! feat.Kanae Asaba",0,,-,750,.TEITO,島根県,1186,CIEL*,島根県,1945,9610,島根県,0,,-
CastHour,GiGaGaHell,0,,-,1189,LU.PSJ,島根県,1794,RAN.S,島根県,3035,CHMR,島根県,0,,-
CastHour,GRAVITON,0,,-,992,.TEITO,島根県,1955,BADPOO,島根県,3403,CHMR,島根県,0,,-
CastHour,hard-wired,0,,-,1344,YUNA.S,島根県,2025,9610,島根県,3357,BOSS,島根県,0,,-
CastHour,Harmonia,0,,-,661,.TEITO,島根県,1132,YOU,島根県,2010,CHMR,島根県,0,,-
CastHour,Hat Surprise,0,,-,603,.TEITO,島根県,1260,YUNA.S,島根県,2203,PORUTA,島根県,0,,-
CastHour,HEARTACHE,0,,-,435,.TEITO,島根県,1078,YUNA.S,島根県,1821,CHMR,島根県,0,,-
CastHour,kors k's How to make OTOGE CORE,0,,-,659,.TEITO,島根県,1347,NATTSU,島根県,1856,YOU,島根県,0,,-
CastHour,Lawes's Parotia,0,,-,0,,-,1425,YAMA,島根県,2347,KL8NB,島根県,0,,-
CastHour,LIVE DRIVING!! feat. 花たん,0,,-,1517,YUNA.S,島根県,2190,LU.PSJ,島根県,3371,RAN.S,島根県,0,,-
CastHour,N.O.,0,,-,647,.TEITO,島根県,0,,-,2340,KOHNOS,島根県,0,,-
CastHour,n/a,0,,-,1075,YUNA.S,島根県,1594,CHARIN,島根県,3410,CHMR,島根県,0,,-
CastHour,No Day But Today!,0,,-,635,.TEITO,島根県,1148,YUNA.S,島根県,1836,RAN.S,島根県,0,,-
CastHour,Nocturnal 2097,0,,-,835,.TEITO,島根県,1681,YOU,島根県,2878,CHMR,島根県,0,,-
CastHour,Non Stop Rock,0,,-,654,.TEITO,島根県,712,A,島根県,1840,CHMR,島根県,0,,-
CastHour,One for All,0,,-,866,.TEITO,島根県,1529,BOX-Y0,島根県,3128,CHMR,島根県,0,,-
CastHour,Onyx,0,,-,722,.TEITO,島根県,1333,YAMA,島根県,2323,BOSS,島根県,0,,-
CastHour,P.O.W.E.R.,0,,-,810,.TEITO,島根県,0,,-,2194,BOSS,島根県,0,,-
CastHour,PIRATES BLADE,0,,-,0,,-,1393,LU.PSJ,島根県,1869,SUKE,島根県,0,,-
CastHour,PLASMA SOUL NIGHT feat. Nana Takahashi / 709sec.,392,.TEITO,島根県,1410,LU.PSJ,島根県,1889,SMIHAM,島根県,4378,CHMR,島根県,0,,-
CastHour,Pout,0,,-,929,.TEITO,島根県,0,,-,2480,BOSS,島根県,0,,-
CastHour,Prohibited Props,0,,-,838,.TEITO,島根県,1414,YOU,島根県,2050,9610,島根県,2590,AA3,島根県
CastHour,Purple Perplex,0,,-,1058,SUKE,島根県,1721,RAN.S,島根県,2819,BOSS,島根県,0,,-
CastHour,Push on Beats!～音ゲの国のeX-ストリーマー～,0,,-,1113,YUNA.S,島根県,0,,-,2852,KL8NB,島根県,0,,-
CastHour,RAGE feat.H14 of LEONAIR,401,.TEITO,島根県,1010,YUNA.S,島根県,2011,PORUTA,島根県,3314,CHMR,島根県,0,,-
CastHour,Silver Bullet,0,,-,1051,LU.PSJ,島根県,1273,ANA21*,島根県,2780,KOHNOS,島根県,0,,-
CastHour,Smalt #28598F,0,,-,919,YUNA.S,島根県,2138,RAN.S,島根県,3346,CHMR,島根県,0,,-
CastHour,SOLID WYVERN,0,,-,852,.TEITO,島根県,1571,TACO,島根県,2403,RAN.S,島根県,3750,CHMR,島根県
CastHour,Souhait bleu,0,,-,765,.TEITO,島根県,1568,TACO,島根県,2706,CHMR,島根県,0,,-
CastHour,SPARK IN THE NIGHT,0,,-,819,LU.PSJ,島根県,1005,.TEITO,島根県,1904,PORUTA,島根県,0,,-
CastHour,Stepper,0,,-,623,.TEITO,島根県,1383,NO.217,島根県,2104,KOHNOS,島根県,0,,-
CastHour,Tail Lights,0,,-,943,.TEITO,島根県,1474,YUNA.S,島根県,2872,RAN.S,島根県,0,,-
CastHour,TOMAHAWK,0,,-,1249,LU.PSJ,島根県,2062,BADPOO,島根県,3111,E-S,島根県,0,,-
CastHour,Triple Cross,417,SAWAD,島根県,1045,YUNA.S,島根県,2031,2KAPON,島根県,3199,CHMR,島根県,0,,-
CastHour,Ventriloquist,0,,-,709,.TEITO,島根県,1352,YOU,島根県,2276,KOHNOS,島根県,0,,-
CastHour,Victory Of Ravers,0,,-,873,.TEITO,島根県,0,,-,2329,K*N.SY,島根県,0,,-
CastHour,WHA,0,,-,1094,YUNA.S,島根県,1986,9610,島根県,3362,BOSS,島根県,0,,-
CastHour,Wonderful Escape,0,,-,812,.TEITO,島根県,1287,YUNA.S,島根県,1911,9610,島根県,0,,-
CastHour,Xyndrome,0,,-,884,YUNA.S,島根県,1355,MCPATA,島根県,2809,CHMR,島根県,0,,-
CastHour,《GRANDMASTER》,0,,-,819,.TEITO,島根県,1502,YOU,島根県,2529,PINACC,島根県,0,,-
CastHour,めでてえ,0,,-,1037,LU.PSJ,島根県,1444,YUNA.S,島根県,2444,RAN.S,島根県,0,,-
CastHour,アクマフカ,0,,-,0,,-,1350,YOU,島根県,2032,9610,島根県,0,,-
CastHour,ウツシミウツシ,0,,-,1110,.TEITO,島根県,1725,YOU,島根県,2846,RAN.S,島根県,0,,-
CastHour,オドループ,491,.TEITO,島根県,943,.TEITO,島根県,1415,YUNA.S,島根県,2281,RAN.S,島根県,2895,K*N.SY,島根県
CastHour,オールトの雲,0,,-,1029,.TEITO,島根県,1815,LU.PSJ,島根県,2379,SUKE,島根県,0,,-
CastHour,グッバイ宣言,543,.TEITO,島根県,955,.TEITO,島根県,1674,AAAAAA,島根県,3011,CHMR,島根県,3452,BOSS,島根県
CastHour,シル・ヴ・プレジデント,283,.TEITO,島根県,603,.TEITO,島根県,1150,LU.PSJ,島根県,1733,RAN.S,島根県,2462,AGX,島根県
CastHour,ナイトフィクション,0,,-,635,.TEITO,島根県,1339,YUNA.S,島根県,1937,PORUTA,島根県,0,,-
CastHour,ハイテックトキオ,0,,-,893,.TEITO,島根県,1577,YOU,島根県,2398,RAN.S,島根県,3089,BOSS,島根県
CastHour,"ピアノ独奏無言歌 ""灰燼""",0,,-,967,.TEITO,島根県,1613,LU.PSJ,島根県,3679,CHMR,島根県,0,,-
CastHour,ミュージック・アワー,524,.TEITO,島根県,1027,.TEITO,島根県,1748,YUNA.S,島根県,2751,RAN.S,島根県,3496,RAN.S,島根県
CastHour,口カラ凸ゲキ,0,,-,796,.TEITO,島根県,1306,YUNA.S,島根県,2312,BOSS,島根県,0,,-
CastHour,天邪鬼,315,DD,島根県,861,.TEITO,島根県,1612,9610,島根県,2909,RAN.S,島根県,0,,-
CastHour,怪物,329,.TEITO,島根県,671,.TEITO,島根県,1135,YUNA.S,島根県,2378,CHMR,島根県,3131,KOHNOS,島根県
CastHour,愛しくてラヴィンユー ft. マナ,0,,-,730,.TEITO,島根県,1346,YUNA.S,島根県,2196,9610,島根県,0,,-
CastHour,月とミルク,0,,-,595,ARISA,島根県,1487,YUNA.S,島根県,2584,RAN.S,島根県,0,,-
CastHour,烽火連天の刃,0,,-,1046,YUNA.S,島根県,2080,9610,島根県,2983,K*N.SY,島根県,4247,CHMR,島根県
CastHour,禊,0,,-,1023,YUNA.S,島根県,1984,NATTSU,島根県,2708,SPARK,島根県,0,,-
CastHour,逆月,0,,-,1387,YUNA.S,島根県,2143,SUKE,島根県,3632,CHMR,島根県,0,,-
CastHour,雪上断火,0,,-,836,.TEITO,島根県,1621,TINNY,島根県,2765,BOSS,島根県,0,,-
CastHour,青の洞窟,0,,-,814,.TEITO,島根県,1458,A,島根県,2967,BOSS,島根県,0,,-
CastHour,黒紅掬い,0,,-,632,LU.PSJ,島根県,1142,LU.PSJ,島根県,1721,RAN.S,島根県,0,,-
RESIDENT,#CMFLG,0,,-,1011,YUNA.S,島根県,1780,OKOJO,島根県,2900,SUKE,島根県,0,,-
RESIDENT,24h Endurance Race,0,,-,880,.TEITO,島根県,1962,PORUTA,島根県,3049,BOSS,島根県,0,,-
RESIDENT,3V0,0,,-,899,.TEITO,島根県,1165,J*VID$,島根県,2597,RAN.S,島根県,0,,-
RESIDENT,7 Colors,0,,-,612,LU.PSJ,島根県,1134,ANIS,島根県,1918,CHMR,島根県,0,,-
RESIDENT,Always We Trust In You,0,,-,892,.TEITO,島根県,1745,9610,島根県,2756,RAN.S,島根県,0,,-
RESIDENT,Ambush Ace,0,,-,895,.TEITO,島根県,1748,LU.PSJ,島根県,2808,BOSS,島根県,0,,-
RESIDENT,AWA AWA,0,,-,719,.TEITO,島根県,1048,.TEITO,島根県,2299,CHMR,島根県,0,,-
RESIDENT,B.O.D.Y.,0,,-,882,.TEITO,島根県,0,,-,2911,KL8NB,島根県,0,,-
RESIDENT,Bad Encryption,0,,-,1072,YUNA.S,島根県,0,,-,3121,CHMR,島根県,0,,-
RESIDENT,Beyond Evolution,0,,-,1333,LU.PSJ,島根県,2164,SUKE,島根県,3979,CHMR,島根県,0,,-
RESIDENT,BIGWAVERS,0,,-,1075,YUNA.S,島根県,1594,YOU,島根県,3000,AA3,島根県,0,,-
RESIDENT,C-C-C-N-N-N,0,,-,851,.TEITO,島根県,1493,RAN.S,島根県,2463,KL8NB,島根県,0,,-
RESIDENT,Caldwell 99,0,,-,878,.TEITO,島根県,0,,-,2393,BOSS,島根県,2750,SUKE,島根県
RESIDENT,Chaotoxin,0,,-,933,.TEITO,島根県,1609,9610,島根県,2978,E-S,島根県,0,,-
RESIDENT,CODE -CRiMSON-,0,,-,1017,.TEITO,島根県,1173,SHUN,島根県,2968,CHMR,島根県,0,,-
RESIDENT,CUE CUE RESCUE,494,.TEITO,島根県,962,BATORA,島根県,1481,YAMA,島根県,2481,CHMR,島根県,2820,RAN.S,島根県
RESIDENT,dica dica,0,,-,1115,LU.PSJ,島根県,1875,MCPATA,島根県,2891,BOSS,島根県,0,,-
RESIDENT,Dreaming Dream,0,,-,737,.TEITO,島根県,1331,YUNA.S,島根県,2107,3,島根県,0,,-
RESIDENT,Driver,0,,-,713,CYDER*,島根県,1094,YUNA.S,島根県,886,DVL,島根県,0,,-
RESIDENT,EXODUS SIGN,0,,-,956,.TEITO,島根県,1428,MCPATA,島根県,2259,ANIS,島根県,0,,-
RESIDENT,Fading Stars,0,,-,927,.TEITO,島根県,1467,YOU,島根県,2455,RAN.S,島根県,0,,-
RESIDENT,FLARE -炎舞- ft.Nana Takahashi,0,,-,921,.TEITO,島根県,1639,AAAAAA,島根県,2804,CHMR,島根県,0,,-
RESIDENT,Get On Your Feet,0,,-,942,.TEITO,島根県,0,,-,2325,PORUTA,島根県,0,,-
RESIDENT,GET UP AGAIN,0,,-,1071,LU.PSJ,島根県,1483,YUNA.S,島根県,2284,KL8NB,島根県,0,,-
RESIDENT,glacia,0,,-,1118,LU.PSJ,島根県,2008,RAN.S,島根県,2897,CHMR,島根県,0,,-
RESIDENT,Hat Surprise (Season 2),0,,-,870,.TEITO,島根県,1667,9610,島根県,3365,CHMR,島根県,0,,-
RESIDENT,I,0,,-,1142,YUNA.S,島根県,2035,9610,島根県,3134,AA3,島根県,0,,-
RESIDENT,KING,342,SAWAD,島根県,844,.TEITO,島根県,1752,GEMZIM,島根県,2797,PINACC,島根県,3554,RAN.S,島根県
RESIDENT,kors k's How to make OTOGE CORE 「LONG」,0,,-,1109,YUNA.S,島根県,1657,AMA,島根県,3144,KOHNOS,島根県,0,,-
RESIDENT,LADS,0,,-,755,.TEITO,島根県,1458,YUNA.S,島根県,2174,RAN.S,島根県,0,,-
RESIDENT,Level 4,0,,-,1089,YUNA.S,島根県,1885,KL8NB,島根県,3293,BOSS,島根県,0,,-
RESIDENT,LOUDER ROLLING THUNDER,0,,-,1000,YUNA.S,島根県,997,DVL,島根県,2710,SUKE,島根県,0,,-
RESIDENT,MAX 360,0,,-,1130,YUNA.S,島根県,1997,9610,島根県,2890,BOSS,島根県,0,,-
RESIDENT,Meissa,0,,-,797,.TEITO,島根県,1325,YOU,島根県,2801,CHMR,島根県,0,,-
RESIDENT,Next Level,0,,-,524,ARISA,島根県,1395,YOU,島根県,2051,KL8NB,島根県,0,,-
RESIDENT,No Border,0,,-,1001,YUNA.S,島根県,1173,.TEITO,島根県,3608,CHMR,島根県,0,,-
RESIDENT,ONE AND ONLY,0,,-,1017,BATORA,島根県,1195,KROZU,島根県,3072,CHMR,島根県,0,,-
RESIDENT,Ou Legends,0,,-,1101,LU.PSJ,島根県,1814,9610,島根県,2763,SUKE,島根県,0,,-
RESIDENT,OVER VOLTAGE,0,,-,908,.TEITO,島根県,0,,-,2142,PORUTA,島根県,0,,-
RESIDENT,Peaktime Booster,0,,-,1038,YUNA.S,島根県,1484,YOU,島根県,2675,K*N.SY,島根県,0,,-
RESIDENT,Perfect Plan,0,,-,1102,LU.PSJ,島根県,1430,LU.PSJ,島根県,2491,BOSS,島根県,0,,-
RESIDENT,Programmed Genom,0,,-,537,SAWAD,島根県,1349,LU.PSJ,島根県,2210,RAN.S,島根県,0,,-
RESIDENT,Red Soul,0,,-,878,.TEITO,島根県,0,,-,2436,PORUTA,島根県,0,,-
RESIDENT,Rewind Time,0,,-,622,.TEITO,島根県,995,.TEITO,島根県,2161,CHMR,島根県,0,,-
RESIDENT,RINNE,0,,-,966,.TEITO,島根県,1370,AMA,島根県,2876,SUKE,島根県,0,,-
RESIDENT,Ruler or Loser,0,,-,835,.TEITO,島根県,1520,LU.PSJ,島根県,2392,PINACC,島根県,0,,-
RESIDENT,Seraph,0,,-,865,.TEITO,島根県,1581,YOU,島根県,2074,YOU,島根県,0,,-
RESIDENT,Shadow World,0,,-,897,.TEITO,島根県,1489,YUNA.S,島根県,2616,BOSS,島根県,0,,-
RESIDENT,Shamshir,0,,-,1008,LU.PSJ,島根県,1141,AAAAAA,島根県,2117,CHMR,島根県,0,,-
RESIDENT,Somnidiscotheque,0,,-,1183,LU.PSJ,島根県,1676,OKOJO,島根県,3208,CHMR,島根県,0,,-
RESIDENT,STAR BEAT,0,,-,743,.TEITO,島根県,1357,YUNA.S,島根県,2203,RAN.S,島根県,0,,-
RESIDENT,STRAIGHT TO THE STARS,0,,-,496,CROWN,島根県,1587,RAN.S,島根県,2739,RAN.S,島根県,0,,-
RESIDENT,Stylus,0,,-,962,.TEITO,島根県,1746,CHARIN,島根県,2715,CHMR,島根県,0,,-
RESIDENT,Summerblue,0,,-,931,.TEITO,島根県,1353,TACO,島根県,2390,CHMR,島根県,0,,-
RESIDENT,Sunny Day Vibes,0,,-,764,.TEITO,島根県,0,,-,2206,K*N.SY,島根県,0,,-
RESIDENT,Super Freak,0,,-,973,.TEITO,島根県,1714,LU.PSJ,島根県,3352,CHMR,島根県,0,,-
RESIDENT,suspicions,0,,-,1086,YUNA.S,島根県,2093,BADPOO,島根県,3696,CHMR,島根県,0,,-
RESIDENT,Swing My Wonderland,0,,-,1040,.TEITO,島根県,1722,MCPATA,島根県,2762,SUKE,島根県,0,,-
RESIDENT,TECHNOPHOBIA,0,,-,729,.TEITO,島根県,1419,LU.PSJ,島根県,2553,RAN.S,島根県,0,,-
RESIDENT,The Clown of 24stairs,0,,-,1003,YUNA.S,島根県,1814,CHARIN,島根県,3301,CHMR,島根県,0,,-
RESIDENT,THE TIME MACHINE,0,,-,882,.TEITO,島根県,0,,-,2414,SPARK,島根県,0,,-
RESIDENT,VOID,0,,-,1148,LU.PSJ,島根県,1430,YOU,島根県,3227,CHMR,島根県,0,,-
RESIDENT,VOLAQUAS,0,,-,1263,YUNA.S,島根県,1955,9610,島根県,3800,CHMR,島根県,0,,-
RESIDENT,VOLCANIC BIGBEAT,0,,-,921,.TEITO,島根県,1756,9610,島根県,2409,KL8NB,島根県,0,,-
RESIDENT,"wanna be a ""BAD GIRL"" feat. Nana Takahashi",0,,-,742,.TEITO,島根県,1217,YUNA.S,島根県,1943,RAN.S,島根県,0,,-
RESIDENT,With You,0,,-,734,.TEITO,島根県,1451,YUNA.S,島根県,2142,CHARIN,島根県,0,,-
RESIDENT,Xerulean,0,,-,1203,LU.PSJ,島根県,1782,SUKE,島根県,3265,CHMR,島根県,0,,-
RESIDENT,ZENITH,0,,-,947,.TEITO,島根県,1676,CIEL*,島根県,2733,AGX,島根県,0,,-
RESIDENT,[ ]DENTITY,0,,-,1030,.TEITO,島根県,2000,9610,島根県,3744,CHMR,島根県,0,,-
RESIDENT,≡+≡,445,UDON,島根県,1317,LU.PSJ,島根県,1909,LU.PSJ,島根県,2809,KOHNOS,島根県,4406,CHMR,島根県
RESIDENT,■□模様,0,,-,821,.TEITO,島根県,1352,YUNA.S,島根県,2465,KL8NB,島根県,0,,-
RESIDENT,《ORDERBREAKER》,0,,-,856,.TEITO,島根県,1396,LU.PSJ,島根県,2232,K*N.SY,島根県,0,,-
RESIDENT,あるビー！ feat.ころねぽち,0,,-,948,LU.PSJ,島根県,1661,9610,島根県,2503,PORUTA,島根県,0,,-
RESIDENT,おとせサンダー,91,SYUNKK,島根県,586,.TEITO,島根県,1133,YUNA.S,島根県,2017,PINACC,島根県,0,,-
RESIDENT,きゅんです。,0,,-,647,.TEITO,島根県,1346,YUNA.S,島根県,2241,RAN.S,島根県,0,,-
RESIDENT,ぞうしょく！？マイデンティティ,0,,-,1166,YUNA.S,島根県,0,,-,3604,CHMR,島根県,0,,-
RESIDENT,ちょえちょえまぎか,0,,-,1158,YUNA.S,島根県,1939,LU.PSJ,島根県,2816,RAN.S,島根県,3671,AA3,島根県
RESIDENT,サヨナラ・ヘヴン-Celtic Chip Dance Mix-,0,,-,522,SAWAD,島根県,1369,YUNA.S,島根県,2437,RAN.S,島根県,0,,-
RESIDENT,チェイスチェイスジョーカーズのうた (オニスタイルリミックス),0,,-,847,.TEITO,島根県,1482,MCPATA,島根県,2338,CHARIN,島根県,0,,-
RESIDENT,パーフェクトイーター,0,,-,1004,.TEITO,島根県,1774,LU.PSJ,島根県,2683,PINACC,島根県,0,,-
RESIDENT,儚キ戀ノ幻想譚,557,.TEITO,島根県,1464,PINACC,島根県,2104,PINACC,島根県,3413,CHMR,島根県,0,,-
RESIDENT,少年リップルズ,0,,-,867,LU.PSJ,島根県,1600,YUNA.S,島根県,2332,K*N.SY,島根県,0,,-
RESIDENT,恋愛＝精度×認識力,0,,-,1243,YUNA.S,島根県,2028,SUKE,島根県,3284,CHMR,島根県,0,,-
RESIDENT,惑星☆ロリポップ,0,,-,690,.TEITO,島根県,1451,PINACC,島根県,2567,RAN.S,島根県,0,,-
RESIDENT,昏き甲鉄のヴェルガ,0,,-,874,LU.PSJ,島根県,1552,YUNA.S,島根県,2246,PORUTA,島根県,0,,-
RESIDENT,月と夢の跡 ft. マナ,0,,-,815,.TEITO,島根県,1356,NATTSU,島根県,2353,RAN.S,島根県,0,,-
RESIDENT,栄冠のカンパネラ,0,,-,1271,SUKE,島根県,1914,YOU,島根県,3808,CHMR,島根県,0,,-
RESIDENT,楽園追放,0,,-,496,SAWAD,島根県,1458,9610,島根県,2072,CHARIN,島根県,0,,-
RESIDENT,湘南ロンリーMIDNIGHT RAIN,0,,-,807,.TEITO,島根県,1560,YUNA.S,島根県,2681,RAN.S,島根県,0,,-
RESIDENT,異心前進♪ぴょんぴょんぴょん,0,,-,927,.TEITO,島根県,1440,MCPATA,島根県,2331,RAN.S,島根県,0,,-
RESIDENT,真夜中のバベル,0,,-,400,SAWAD,島根県,826,.TEITO,島根県,1676,CHMR,島根県,0,,-
RESIDENT,神っぽいな,320,.TEITO,島根県,694,.TEITO,島根県,1244,YUNA.S,島根県,2115,CHMR,島根県,2762,BOSS,島根県
RESIDENT,神のシナリオ,0,,-,917,.TEITO,島根県,1630,9610,島根県,2916,K*N.SY,島根県,0,,-
RESIDENT,罪過の聖堂,0,,-,249,ARISA,島根県,1128,KL8NB,島根県,1607,KL8NB,島根県,0,,-
RESIDENT,輪廻の鴉,0,,-,874,.TEITO,島根県,1505,1129,島根県,2446,PINACC,島根県,0,,-
RESIDENT,雨のちパノラマセカイ,0,,-,681,.TEITO,島根県,1317,LU.PSJ,島根県,2011,CHARIN,島根県,0,,-
RESIDENT,響花水月,0,,-,1060,YUNA.S,島根県,1585,CIEL*,島根県,2513,CHARIN,島根県,0,,-
EPOLIS,20XX,0,,-,962,.TEITO,島根県,0,,-,2294,RAN.S,島根県,0,,-
EPOLIS,ACT0,0,,-,1150,YUNA.S,島根県,2013,9610,島根県,2582,PINACC,島根県,0,,-
EPOLIS,Aeterna,0,,-,860,.TEITO,島根県,1503,YAMA,島根県,2490,KL8NB,島根県,0,,-
EPOLIS,Akatsuki,0,,-,882,.TEITO,島根県,1502,SUKE,島根県,2200,RAN.S,島根県,0,,-
EPOLIS,Ambivalent Vermilia,0,,-,1374,LU.PSJ,島根県,0,,-,4013,CHMR,島根県,0,,-
EPOLIS,Amethyst,0,,-,959,.TEITO,島根県,1706,9610,島根県,2583,CHMR,島根県,0,,-
EPOLIS,Bitter & Lucky,0,,-,565,CYDER*,島根県,1203,YUNA.S,島根県,0,,-,0,,-
EPOLIS,BLAZING_LAZER,0,,-,981,.TEITO,島根県,1737,BOX-Y0,島根県,2857,ANIS,島根県,0,,-
EPOLIS,CADENZA,0,,-,1402,SUKE,島根県,1962,RYUTO,島根県,4449,CHMR,島根県,0,,-
EPOLIS,Chemical Colours,0,,-,873,.TEITO,島根県,1636,BOX-Y0,島根県,2723,CHMR,島根県,0,,-
EPOLIS,CODE:2,0,,-,1010,LU.PSJ,島根県,1541,BOX-Y0,島根県,2842,CHMR,島根県,0,,-
EPOLIS,COUNTING SHEEP ft. Kanae Asaba,0,,-,610,.TEITO,島根県,1006,.TEITO,島根県,2057,CHARIN,島根県,0,,-
EPOLIS,Cult Invitation,0,,-,1127,YUNA.S,島根県,1764,9610,島根県,3347,CHMR,島根県,0,,-
EPOLIS,Dahlia,0,,-,910,.TEITO,島根県,0,,-,3089,CHMR,島根県,0,,-
EPOLIS,DAZZLE ATTACK,524,.TEITO,島根県,888,.TEITO,島根県,1540,LU.PSJ,島根県,2644,RAN.S,島根県,0,,-
EPOLIS,Deep Sea Mystery,0,,-,870,.TEITO,島根県,1163,A,島根県,1801,K*N.SY,島根県,0,,-
EPOLIS,Demon March,0,,-,1360,LU.PSJ,島根県,2179,9610,島根県,3159,PINACC,島根県,0,,-
EPOLIS,Echoes of Sunfall,0,,-,841,.TEITO,島根県,1393,CIEL*,島根県,2513,YOU,島根県,0,,-
EPOLIS,frequent,0,,-,1074,.TEITO,島根県,2045,2KAPON,島根県,3267,SUKE,島根県,0,,-
EPOLIS,GAME ON,0,,-,1190,YUNA.S,島根県,1911,TINNY,島根県,2554,E-S,島根県,0,,-
EPOLIS,Get Higher,0,,-,827,.TEITO,島根県,1546,YOU,島根県,2096,SUKE,島根県,0,,-
EPOLIS,Get Wicked,0,,-,771,.TEITO,島根県,1043,.TEITO,島根県,2249,CHARIN,島根県,0,,-
EPOLIS,Ghost Pulse,0,,-,808,.TEITO,島根県,1403,MCPATA,島根県,2740,CHMR,島根県,0,,-
EPOLIS,Glitch N Ride,0,,-,777,SUKE,島根県,1256,YOU,島根県,2601,CHMR,島根県,0,,-
EPOLIS,GloriosA,0,,-,944,.TEITO,島根県,1770,YOU,島根県,2422,CHARIN,島根県,0,,-
EPOLIS,GLORIOUS HAMMER,0,,-,1007,LU.PSJ,島根県,1690,YOU,島根県,2674,RAN.S,島根県,0,,-
EPOLIS,Hard Breaker,0,,-,473,KYOKI*,島根県,1339,LU.PSJ,島根県,2289,RAN.S,島根県,0,,-
EPOLIS,Hat Surprise (Season 3),0,,-,1157,LU.PSJ,島根県,1938,CHARIN,島根県,2289,PORUTA,島根県,0,,-
EPOLIS,i-ii,0,,-,883,.TEITO,島根県,1465,LU.PSJ,島根県,2551,KOHNOS,島根県,0,,-
EPOLIS,INHERITANCE,0,,-,903,.TEITO,島根県,1647,MCPATA,島根県,2453,RAN.S,島根県,3022,AA3,島根県
EPOLIS,Iris,402,.TEITO,島根県,751,.TEITO,島根県,1447,NATTSU,島根県,2159,E-S,島根県,0,,-
EPOLIS,Jumper,0,,-,468,ARISA,島根県,1133,.TEITO,島根県,2075,CHARIN,島根県,0,,-
EPOLIS,Just Gimme,0,,-,0,,-,1590,9610,島根県,2442,ANIS,島根県,0,,-
EPOLIS,JUSTICE/GUILTY feat. Nana Takahashi & 709sec.,0,,-,1634,YUNA.S,島根県,2140,2KAPON,島根県,3468,PINACC,島根県,0,,-
EPOLIS,Level 5,0,,-,1238,YUNA.S,島根県,2178,2KAPON,島根県,3449,CHMR,島根県,0,,-
EPOLIS,MAXIMUM CHEAT GIRL,0,,-,1181,YUNA.S,島根県,1804,BOX-Y0,島根県,2941,SUKE,島根県,0,,-
EPOLIS,Million Dollar,0,,-,1064,YUNA.S,島根県,1881,KL8NB,島根県,2816,PINACC,島根県,0,,-
EPOLIS,Monkey Business,0,,-,611,.TEITO,島根県,929,.TEITO,島根県,2263,KL8NB,島根県,0,,-
EPOLIS,Mukade,0,,-,891,.TEITO,島根県,1551,MCPATA,島根県,2695,K*N.SY,島根県,0,,-
EPOLIS,My Sweet Bird?,0,,-,728,.TEITO,島根県,1139,.TEITO,島根県,2055,RAN.S,島根県,0,,-
EPOLIS,NEEDLESS MY LOVE FOR YOU,0,,-,961,LU.PSJ,島根県,1509,9610,島根県,2397,CHMR,島根県,0,,-
EPOLIS,Out of Control,0,,-,1043,BATORA,島根県,1714,AAAAAA,島根県,2573,SUKE,島根県,0,,-
EPOLIS,out of disk space,0,,-,1025,LU.PSJ,島根県,1671,LU.PSJ,島根県,2313,AA3,島根県,0,,-
EPOLIS,PILGRIM,0,,-,847,.TEITO,島根県,1384,CIEL*,島根県,2394,PINACC,島根県,0,,-
EPOLIS,Psychedelic Intelligence,0,,-,0,,-,0,,-,1604,KYR.54,島根県,0,,-
EPOLIS,Red Determination,0,,-,835,.TEITO,島根県,1209,MCPATA,島根県,2567,CHMR,島根県,0,,-
EPOLIS,Resonant,0,,-,933,.TEITO,島根県,2096,9610,島根県,3537,CHMR,島根県,0,,-
EPOLIS,Riff//rain,201,.TEITO,島根県,705,LU.PSJ,島根県,1234,9610,島根県,1737,PINACC,島根県,0,,-
EPOLIS,See You Again,0,,-,1118,LU.PSJ,島根県,1586,LU.PSJ,島根県,2718,PORUTA,島根県,0,,-
EPOLIS,Seven Times Four,0,,-,1023,.TEITO,島根県,1738,LU.PSJ,島根県,3023,PINACC,島根県,0,,-
EPOLIS,Shapeshifter,0,,-,802,.TEITO,島根県,1114,DVL,島根県,2343,BOSS,島根県,0,,-
EPOLIS,Sirius,0,,-,875,.TEITO,島根県,1398,BOX-Y0,島根県,2859,KL8NB,島根県,0,,-
EPOLIS,So What,0,,-,553,.TEITO,島根県,860,.TEITO,島根県,1707,RAN.S,島根県,0,,-
EPOLIS,SOLAR ECLIPSE,0,,-,1351,LU.PSJ,島根県,2250,RAN.S,島根県,3459,CHMR,島根県,0,,-
EPOLIS,Speculation,0,,-,880,.TEITO,島根県,1590,MCPATA,島根県,2948,CHMR,島根県,0,,-
EPOLIS,squall,0,,-,906,.TEITO,島根県,1385,NO.217,島根県,2270,KL8NB,島根県,0,,-
EPOLIS,Stereo Beasts,0,,-,1135,.TEITO,島根県,1851,LU.PSJ,島根県,3433,BOSS,島根県,0,,-
EPOLIS,Submerge Serenade,0,,-,894,.TEITO,島根県,1642,NATTSU,島根県,2875,CHMR,島根県,3338,YOU,島根県
EPOLIS,Sword of Vengeance,0,,-,1228,YUNA.S,島根県,1838,BOX-Y0,島根県,2878,RAN.S,島根県,0,,-
EPOLIS,T.R.O.L.L.,0,,-,937,LU.PSJ,島根県,1298,LU.PSJ,島根県,2263,KOHNOS,島根県,0,,-
EPOLIS,The Last Apocalypse,0,,-,1353,LU.PSJ,島根県,2031,BOX-Y0,島根県,3066,SUKE,島根県,0,,-
EPOLIS,The Onlyonez,0,,-,857,.TEITO,島根県,1503,BOX-Y0,島根県,3041,CHMR,島根県,0,,-
EPOLIS,This Is Club Musik feat. 大久保紅葉,0,,-,839,.TEITO,島根県,1432,YOU,島根県,2599,CHMR,島根県,0,,-
EPOLIS,Time Distortion pt.2(IIDX Edit),0,,-,1022,.TEITO,島根県,1684,MCPATA,島根県,2647,RAN.S,島根県,0,,-
EPOLIS,TITANIUM RIDERS,0,,-,0,,-,1071,.TEITO,島根県,1988,9610,島根県,0,,-
EPOLIS,Too Late Snow,0,,-,704,.TEITO,島根県,1265,YUNA.S,島根県,1912,RAN.S,島根県,0,,-
EPOLIS,TRIP THE DEEP,0,,-,838,.TEITO,島根県,1493,9610,島根県,2240,KL8NB,島根県,0,,-
EPOLIS,Tripping Jumping,0,,-,713,.TEITO,島根県,1406,YUNA.S,島根県,2179,CHMR,島根県,0,,-
EPOLIS,Vermilion Carol,0,,-,1259,YUNA.S,島根県,2043,9610,島根県,3053,SUKE,島根県,0,,-
EPOLIS,Vulnerability,0,,-,1210,YUNA.S,島根県,1795,9610,島根県,3435,BOSS,島根県,0,,-
EPOLIS,WaterCube Pf.(RX-Ver.S.P.L.),0,,-,504,.TEITO,島根県,948,.TEITO,島根県,1942,PORUTA,島根県,0,,-
EPOLIS,winkle 2 winkle,0,,-,882,.TEITO,島根県,1746,9610,島根県,2545,RAN.S,島根県,0,,-
EPOLIS,Xb10r,0,,-,1078,YUNA.S,島根県,2090,9610,島根県,3507,CHMR,島根県,0,,-
EPOLIS,ZEROIN ON THE LIGHT,0,,-,972,.TEITO,島根県,1602,AAAAAA,島根県,2625,CHMR,島根県,0,,-
EPOLIS,《PL|RAYER》,0,,-,881,LU.PSJ,島根県,1640,RAN.S,島根県,2534,RAN.S,島根県,0,,-
EPOLIS,ちゅ、多様性。,132,ACE,島根県,468,.TEITO,島根県,1074,YUNA.S,島根県,1606,YOU,島根県,2003,PORUTA,島根県
EPOLIS,ないないルーティン,0,,-,544,.TEITO,島根県,1222,YOU,島根県,2038,CHMR,島根県,0,,-
EPOLIS,めうめうぺったんたん！！ (ZAQUVA Remix),0,,-,901,.TEITO,島根県,1693,MCPATA,島根県,2748,CHMR,島根県,0,,-
EPOLIS,れとりば！,0,,-,767,.TEITO,島根県,1263,YUNA.S,島根県,1895,CHARIN,島根県,0,,-
EPOLIS,アイドル,266,.TEITO,島根県,806,.TEITO,島根県,1436,YUNA.S,島根県,2482,RAN.S,島根県,2883,RAN.S,島根県
EPOLIS,アタシ完全絶対正義ちゃん！,0,,-,830,.TEITO,島根県,1464,I.NMTR,島根県,2018,SPARK,島根県,0,,-
EPOLIS,シンデレラ,324,SHUN,島根県,733,.TEITO,島根県,1363,YUNA.S,島根県,2121,KL8NB,島根県,0,,-
EPOLIS,センチメンタル・サマー,0,,-,401,LIAM,島根県,897,.TEITO,島根県,1853,RAN.S,島根県,0,,-
EPOLIS,デビルじゃないもん,325,.TEITO,島根県,639,CIEL*,島根県,1217,LU.PSJ,島根県,1986,RAN.S,島根県,0,,-
EPOLIS,フォニイ,590,.TEITO,島根県,1162,BATORA,島根県,1801,RYUTO,島根県,2749,RAN.S,島根県,3901,CHMR,島根県
EPOLIS,ポラリスノウタ,261,.TEITO,島根県,818,LU.PSJ,島根県,1487,YUNA.S,島根県,2227,BOSS,島根県,0,,-
EPOLIS,マーシャル・マキシマイザー,400,.TEITO,島根県,724,.TEITO,島根県,1333,LU.PSJ,島根県,2154,CHMR,島根県,0,,-
EPOLIS,ラビットホール,644,.TEITO,島根県,1331,LU.PSJ,島根県,1961,SANIY,島根県,2758,RAN.S,島根県,0,,-
EPOLIS,リメンバーリメンバー,0,,-,478,LU.PSJ,島根県,834,.TEITO,島根県,1620,KL8NB,島根県,0,,-
EPOLIS,今宵、ロマンス横丁。,0,,-,1044,YUNA.S,島根県,2088,PORUTA,島根県,3168,CHMR,島根県,0,,-
EPOLIS,勇者,359,.TEITO,島根県,731,.TEITO,島根県,1336,AAAAAA,島根県,2356,AGX,島根県,0,,-
EPOLIS,可愛くてごめん,271,.TEITO,島根県,576,.TEITO,島根県,1122,.TEITO,島根県,2201,RAN.S,島根県,2665,RAN.S,島根県
EPOLIS,唱,179,.TEITO,島根県,414,.TEITO,島根県,943,YUNA.S,島根県,1688,RAN.S,島根県,0,,-
EPOLIS,夏風邪デスコ,298,.TEITO,島根県,721,.TEITO,島根県,1546,LU.PSJ,島根県,2637,CHMR,島根県,0,,-
EPOLIS,夢縁,0,,-,1077,YUNA.S,島根県,1759,RYUTO,島根県,2845,BOSS,島根県,0,,-
EPOLIS,寝起きヤシの木,342,MEROGU,島根県,902,.TEITO,島根県,1615,LU.PSJ,島根県,2602,RAN.S,島根県,3107,AA3,島根県
EPOLIS,惑星鉄道,0,,-,1015,SUKE,島根県,1715,SUKE,島根県,2833,CHMR,島根県,0,,-
EPOLIS,愛包ダンスホール,333,PINACC,島根県,863,BATORA,島根県,1297,YUNA.S,島根県,2562,CHMR,島根県,0,,-
EPOLIS,摩天楼,0,,-,603,.TEITO,島根県,923,.TEITO,島根県,2505,CHMR,島根県,0,,-
EPOLIS,未完成ノ蒸氣驅動乙女,0,,-,1015,LU.PSJ,島根県,1882,PINACC,島根県,2539,KL8NB,島根県,0,,-
EPOLIS,果たせぬ約束 ft. 小林マナ,0,,-,991,.TEITO,島根県,1743,YOU,島根県,2784,RAN.S,島根県,0,,-
EPOLIS,残像ニ繋ガレタ追憶ノHIDEAWAY,0,,-,1062,.TEITO,島根県,2001,RYUTO,島根県,3261,RAN.S,島根県,0,,-
EPOLIS,流桜ノ門,0,,-,836,.TEITO,島根県,1145,.TEITO,島根県,1980,RAN.S,島根県,0,,-
EPOLIS,"灼熱Beach Side Bunny (かめりあ's ""Summertime D'n'B"" Remix)",0,,-,907,.TEITO,島根県,1711,BADPOO,島根県,2873,E-S,島根県,0,,-
EPOLIS,神様、つれない。,0,,-,448,KYOKI*,島根県,1286,YUNA.S,島根県,1977,9610,島根県,0,,-
EPOLIS,終焔のClaudia,0,,-,1073,YUNA.S,島根県,1739,RAN.S,島根県,2313,YOU,島根県,0,,-
EPOLIS,酔いどれ知らず,257,.TEITO,島根県,719,.TEITO,島根県,1197,YUNA.S,島根県,2008,CIEL*,島根県,0,,-
EPOLIS,閉塞的フレーション,0,,-,974,LU.PSJ,島根県,1475,CIEL*,島根県,2407,CHMR,島根県,0,,-
EPOLIS,雫,0,,-,833,.TEITO,島根県,1745,YOU,島根県,2391,PORUTA,島根県,0,,-
EPOLIS,電光,0,,-,960,LU.PSJ,島根県,1712,9610,島根県,2831,BOSS,島根県,0,,-
EPOLIS,電子になりたい,0,,-,801,LU.PSJ,島根県,1267,AAAAAA,島根県,1940,CHMR,島根県,0,,-
EPOLIS,電腦都市,0,,-,1253,YUNA.S,島根県,2060,PORUTA,島根県,3187,BOSS,島根県,0,,-
Pinky Crush,1116,0,,-,1031,YUNA.S,島根県,1893,K*N.SY,島根県,2969,CHMR,島根県,0,,-
Pinky Crush,ADAMANT,0,,-,883,.TEITO,島根県,1571,KEN25,島根県,2704,KL8NB,島根県,0,,-
Pinky Crush,Aqvion,0,,-,1164,9610,島根県,1863,9610,島根県,3356,BOSS,島根県,0,,-
Pinky Crush,Arcanos,0,,-,0,,-,1071,YUNA.S,島根県,1813,SUKE,島根県,0,,-
Pinky Crush,Bang-Boo Bumble,0,,-,979,.TEITO,島根県,0,,-,2559,CHARIN,島根県,0,,-
Pinky Crush,Bling-Bang-Bang-Born,314,.TEITO,島根県,564,.TEITO,島根県,1050,YUNA.S,島根県,1841,RAN.S,島根県,1939,CHMR,島根県
Pinky Crush,Bring The Fire,0,,-,926,.TEITO,島根県,1565,LU.PSJ,島根県,2906,K*N.SY,島根県,0,,-
Pinky Crush,Butterfly Twist,0,,-,847,.TEITO,島根県,1390,MCPATA,島根県,2545,KL8NB,島根県,0,,-
Pinky Crush,CHAOTIC SUNBIRD,0,,-,927,.TEITO,島根県,1363,MCPATA,島根県,2818,ANIS,島根県,0,,-
Pinky Crush,Chasing After YOU ～夢の欠片～ ft. 小林マナ,0,,-,885,.TEITO,島根県,1358,YUNA.S,島根県,1935,RAN.S,島根県,0,,-
Pinky Crush,Constellation,0,,-,817,.TEITO,島根県,1119,.TEITO,島根県,2626,KOHNOS,島根県,0,,-
Pinky Crush,COSMIC V3LOCITY,0,,-,1198,LU.PSJ,島根県,1650,ANA21*,島根県,2738,YOU,島根県,0,,-
Pinky Crush,Cross Fire,0,,-,944,.TEITO,島根県,1996,KL8NB,島根県,3311,CHMR,島根県,0,,-
Pinky Crush,destination,0,,-,863,.TEITO,島根県,1677,MCPATA,島根県,2875,SUKE,島根県,0,,-
Pinky Crush,Digital Radiance,0,,-,992,.TEITO,島根県,1248,KEN25,島根県,1790,777777,島根県,0,,-
Pinky Crush,DIVINE JUDGEMENT,0,,-,873,.TEITO,島根県,0,,-,2372,SUKE,島根県,0,,-
Pinky Crush,Dreamship,0,,-,801,.TEITO,島根県,1185,YUNA.S,島根県,1876,RAN.S,島根県,0,,-
Pinky Crush,Drop Syndicate,0,,-,986,.TEITO,島根県,1504,YUNA.S,島根県,3138,KL8NB,島根県,0,,-
Pinky Crush,Eleanor,0,,-,722,.TEITO,島根県,1170,KEN25,島根県,2182,SUKE,島根県,0,,-
Pinky Crush,ELYSIUM,0,,-,777,.TEITO,島根県,1373,YUNA.S,島根県,2474,KOHNOS,島根県,0,,-
Pinky Crush,everlastingeuphoria:,0,,-,885,.TEITO,島根県,1389,LU.PSJ,島根県,2094,9610,島根県,0,,-
Pinky Crush,EX-MASSIVE FIGHTER,0,,-,1024,.TEITO,島根県,0,,-,2902,PINACC,島根県,0,,-
Pinky Crush,EYE OF THE HEAVEN,0,,-,959,YUNA.S,島根県,2101,YOU,島根県,2972,SUKE,島根県,0,,-
Pinky Crush,FERMI PARADOX,0,,-,962,.TEITO,島根県,1484,AAAAAA,島根県,2258,CHARIN,島根県,0,,-
Pinky Crush,Fiery Stallion,0,,-,776,.TEITO,島根県,1496,YAMA,島根県,2265,K*N.SY,島根県,0,,-
Pinky Crush,Flamingo,0,,-,949,YUNA.S,島根県,1955,YOU,島根県,3275,CHMR,島根県,0,,-
Pinky Crush,FlyAway,0,,-,1108,BATORA,島根県,1867,RAN.S,島根県,2790,RAN.S,島根県,0,,-
Pinky Crush,Galaxy Collapse,0,,-,0,,-,875,.TEITO,島根県,1680,PINACC,島根県,0,,-
Pinky Crush,get set mind,0,,-,877,.TEITO,島根県,1375,YUNA.S,島根県,2437,CHMR,島根県,0,,-
Pinky Crush,God Mind,0,,-,1429,9610,島根県,2373,9610,島根県,4045,CHMR,島根県,0,,-
Pinky Crush,Good Looking,0,,-,0,,-,1059,YUNA.S,島根県,1761,CHARIN,島根県,0,,-
Pinky Crush,Here We Go Now,0,,-,938,.TEITO,島根県,2101,PORUTA,島根県,3235,CHMR,島根県,0,,-
Pinky Crush,hora de verdad,0,,-,1058,LU.PSJ,島根県,0,,-,3019,CHMR,島根県,0,,-
Pinky Crush,IN BETWEEN,0,,-,778,.TEITO,島根県,1307,YUNA.S,島根県,2181,RAN.S,島根県,0,,-
Pinky Crush,KOTONOHA ft. Kotoha,0,,-,0,,-,1170,YUNA.S,島根県,1854,AGX,島根県,0,,-
Pinky Crush,Lightspeed,0,,-,1197,YUNA.S,島根県,1509,YAMA,島根県,3104,CHMR,島根県,0,,-
Pinky Crush,lowercase lifetime,0,,-,748,.TEITO,島根県,1530,MCPATA,島根県,2455,OKOJO,島根県,0,,-
Pinky Crush,Lycoris,0,,-,692,.TEITO,島根県,1331,K*N.SY,島根県,1894,SUKE,島根県,0,,-
Pinky Crush,MARLIN,0,,-,1102,YUNA.S,島根県,1913,2KAPON,島根県,3460,CHMR,島根県,0,,-
Pinky Crush,Mid-Corner (Magic Maker),0,,-,961,.TEITO,島根県,0,,-,3031,CHMR,島根県,0,,-
Pinky Crush,Mighty Cutie,0,,-,994,.TEITO,島根県,1940,BADPOO,島根県,2598,RAN.S,島根県,0,,-
Pinky Crush,MVP,0,,-,501,SAWAD,島根県,1433,LU.PSJ,島根県,2570,CHMR,島根県,0,,-
Pinky Crush,NOIXIA,0,,-,1249,YUNA.S,島根県,2104,9610,島根県,3912,CHMR,島根県,0,,-
Pinky Crush,PERFECT HUMAN,355,&#3486,島根県,756,.TEITO,島根県,1296,YUNA.S,島根県,2044,RAN.S,島根県,0,,-
Pinky Crush,Pinky Happy Crazy,0,,-,1250,YUNA.S,島根県,2247,YOU,島根県,3353,BOSS,島根県,0,,-
Pinky Crush,PIT A PAT,0,,-,850,.TEITO,島根県,1679,SUKE,島根県,2420,RAN.S,島根県,0,,-
Pinky Crush,Plazma,218,LEVI.,島根県,604,.TEITO,島根県,1127,CIEL*,島根県,1932,PORUTA,島根県,2719,CHMR,島根県
Pinky Crush,Plea Per Phase,0,,-,885,.TEITO,島根県,0,,-,2597,KOHNOS,島根県,0,,-
Pinky Crush,PopなEDEN,0,,-,827,.TEITO,島根県,1078,DVL,島根県,2294,RAN.S,島根県,0,,-
Pinky Crush,Raspberry Potion (feat.あれたん & ぎゃるのしん☆),0,,-,750,.TEITO,島根県,1322,KROZU,島根県,2301,AGX,島根県,0,,-
Pinky Crush,RAVE SYNDROME,0,,-,873,.TEITO,島根県,1549,YAMA,島根県,2474,ANIS,島根県,0,,-
Pinky Crush,Roar of Chronos,0,,-,1160,YUNA.S,島根県,2062,RAN.S,島根県,3403,ANIS,島根県,0,,-
Pinky Crush,Satellite Burst,0,,-,998,.TEITO,島根県,1899,AAAAAA,島根県,3664,BOSS,島根県,0,,-
Pinky Crush,Secret Rouge,0,,-,754,.TEITO,島根県,1523,YUNA.S,島根県,2230,KL8NB,島根県,0,,-
Pinky Crush,Shirdal,0,,-,0,,-,971,.TEITO,島根県,2136,SUKE,島根県,0,,-
Pinky Crush,Show Me All Your Love,0,,-,967,.TEITO,島根県,0,,-,2667,RAN.S,島根県,0,,-
Pinky Crush,SISYPHUS,0,,-,710,.TEITO,島根県,1137,ANA21*,島根県,2532,CHMR,島根県,0,,-
Pinky Crush,Skratch Education Lv-1,0,,-,925,9610,島根県,1531,KL8NB,島根県,2448,E-S,島根県,0,,-
Pinky Crush,Slumber☆Party,0,,-,701,.TEITO,島根県,999,.TEITO,島根県,2003,SUKE,島根県,0,,-
Pinky Crush,Space In Time,0,,-,734,.TEITO,島根県,1245,LU.PSJ,島根県,1756,K*N.SY,島根県,0,,-
Pinky Crush,Stargazing Trip ～星 探す旅～ ft. 小林マナ,0,,-,919,.TEITO,島根県,1553,YUNA.S,島根県,2582,RAN.S,島根県,0,,-
Pinky Crush,SUPER HEROINE!!,0,,-,771,.TEITO,島根県,0,,-,1950,ANIS,島根県,0,,-
Pinky Crush,SμG@R RU$#,0,,-,1341,9610,島根県,2157,SUKE,島根県,3634,CHMR,島根県,0,,-
Pinky Crush,TECHNO RUMBLE,0,,-,1004,YUNA.S,島根県,0,,-,2398,CHARIN,島根県,0,,-
Pinky Crush,u gotta beat,0,,-,1213,YUNA.S,島根県,2090,RAN.S,島根県,3050,K*N.SY,島根県,0,,-
Pinky Crush,Uaigh Gealai,0,,-,1172,YUNA.S,島根県,1828,2KAPON,島根県,3707,CHMR,島根県,0,,-
Pinky Crush,uen,0,,-,1095,YUNA.S,島根県,1737,2KAPON,島根県,2549,PINACC,島根県,0,,-
Pinky Crush,Vibing! Shake it!,0,,-,577,ARISA,島根県,1421,MCPATA,島根県,2317,RAN.S,島根県,0,,-
Pinky Crush,Without Heaven,0,,-,1234,YUNA.S,島根県,1970,9610,島根県,3427,BOSS,島根県,0,,-
Pinky Crush,XHRONOXAPSULΞ,0,,-,1038,YUNA.S,島根県,1839,SUKE,島根県,3664,CHMR,島根県,0,,-
Pinky Crush,えだまめカレークッキング,405,.TEITO,島根県,720,BATORA,島根県,1140,YUNA.S,島根県,1988,RAN.S,島根県,0,,-
Pinky Crush,きみのせかい,0,,-,889,.TEITO,島根県,1216,.TEITO,島根県,2640,RAN.S,島根県,0,,-
Pinky Crush,きゅうくらりん,425,.TEITO,島根県,763,.TEITO,島根県,1514,YUNA.S,島根県,2291,PORUTA,島根県,0,,-
Pinky Crush,アラビアン ハイパー ナイト,0,,-,1110,YUNA.S,島根県,1652,2KAPON,島根県,2675,SUKE,島根県,0,,-
Pinky Crush,イガク,247,PINACC,島根県,764,.TEITO,島根県,1350,YUNA.S,島根県,1960,KOHNOS,島根県,2830,K*N.SY,島根県
Pinky Crush,エクスプロウル,0,,-,829,.TEITO,島根県,1486,LU.PSJ,島根県,2243,K*N.SY,島根県,0,,-
Pinky Crush,オッドラヴィ,356,.TEITO,島根県,834,GAMN70,島根県,1564,KEN25,島根県,2395,KOHNOS,島根県,0,,-
Pinky Crush,オブソミート,227,.TEITO,島根県,790,.TEITO,島根県,1330,YUNA.S,島根県,2278,RAN.S,島根県,0,,-
Pinky Crush,キスキツネ,188,.TEITO,島根県,845,LU.PSJ,島根県,1414,SUKE,島根県,2263,RAN.S,島根県,0,,-
Pinky Crush,ギャ・ギャ・ギャ・ギャラクシー！,0,,-,803,.TEITO,島根県,1488,YUNA.S,島根県,2294,RAN.S,島根県,0,,-
Pinky Crush,ゲシュタルト,374,.TEITO,島根県,755,BATORA,島根県,1437,YUNA.S,島根県,2269,PINACC,島根県,3065,K*N.SY,島根県
Pinky Crush,スキッテイエェエエェ!!!!,0,,-,1423,RYUTO,島根県,2275,RAN.S,島根県,4242,CHMR,島根県,0,,-
Pinky Crush,スパークリング☆彡ハイパーチューン！！,0,,-,1144,.TEITO,島根県,1611,YUNA.S,島根県,3326,RAN.S,島根県,0,,-
Pinky Crush,ドリムチウ,0,,-,769,.TEITO,島根県,1218,.TEITO,島根県,2349,SUKE,島根県,0,,-
Pinky Crush,ドーナツホール 2024,330,.TEITO,島根県,859,CIEL*,島根県,1531,SUKE,島根県,2203,SUKE,島根県,0,,-
Pinky Crush,ハオ,218,MEROGU,島根県,770,BATORA,島根県,1618,CIEL*,島根県,2741,KOHNOS,島根県,0,,-
Pinky Crush,ハルイロメロディー,0,,-,765,.TEITO,島根県,1293,YUNA.S,島根県,2090,YOU,島根県,0,,-
Pinky Crush,ビビデバ,255,.TEITO,島根県,676,.TEITO,島根県,1262,SUKE,島根県,1907,ANIS,島根県,0,,-
Pinky Crush,ファイナルレター,0,,-,854,.TEITO,島根県,1678,CIEL*,島根県,2635,CHMR,島根県,0,,-
Pinky Crush,メズマライザー,523,.TEITO,島根県,1014,BATORA,島根県,1625,AAAAAA,島根県,2691,CHMR,島根県,0,,-
Pinky Crush,ロマンシングエスケープ,0,,-,421,.TEITO,島根県,1018,YUNA.S,島根県,1654,9610,島根県,0,,-
Pinky Crush,天使のカンタータ -Cantata of Angels-,0,,-,1146,YUNA.S,島根県,1573,LU.PSJ,島根県,4109,CHMR,島根県,0,,-
Pinky Crush,弾幕信仰,0,,-,0,,-,1490,YUNA.S,島根県,2485,CHMR,島根県,0,,-
Pinky Crush,我ら完全無敵のアイドル!!,183,CROWN,島根県,946,.TEITO,島根県,1545,YUNA.S,島根県,2173,SANIY,島根県,0,,-
Pinky Crush,断罪の一花,0,,-,756,.TEITO,島根県,1404,YOU,島根県,2140,1129,島根県,0,,-
Pinky Crush,最強頂戴girl,0,,-,737,.TEITO,島根県,1311,YUNA.S,島根県,2004,SUKE,島根県,0,,-
Pinky Crush,朱と碧のランページ,0,,-,848,.TEITO,島根県,1520,LU.PSJ,島根県,2390,E-S,島根県,0,,-
Pinky Crush,消極的セツナイズム,0,,-,849,.TEITO,島根県,1377,YUNA.S,島根県,2061,KL8NB,島根県,0,,-
Pinky Crush,灼熱 Lost Summer Dayz,0,,-,863,.TEITO,島根県,1676,2KAPON,島根県,2624,E-S,島根県,0,,-
Pinky Crush,無双,0,,-,0,,-,1737,YUNA.S,島根県,2985,SUKE,島根県,0,,-
Pinky Crush,爆ぜりゃんせ,0,,-,903,.TEITO,島根県,1556,YUNA.S,島根県,2796,BOSS,島根県,0,,-
Pinky Crush,覚悟せよ！エンタンメ～ン ～より身の切り売り自暴自棄版～,0,,-,901,.TEITO,島根県,1832,BADPOO,島根県,2625,BOSS,島根県,0,,-
Pinky Crush,進捗ダメダメです,267,LU.PSJ,島根県,698,.TEITO,島根県,1400,YUNA.S,島根県,2059,PORUTA,島根県,0,,-
Pinky Crush,飴玉,0,,-,520,.TEITO,島根県,799,YUNA.S,島根県,1144,777777,島根県,0,,-
Pinky Crush,ＰＡＳＴＥＬＩＳＭ,0,,-,0,,-,1389,LU.PSJ,島根県,2025,BOSS,島根県,0,,-
Sparkle Shower,2 Be Continued,0,,-,1037,9610,島根県,1869,9610,島根県,3403,BOSS,島根県,0,,-
Sparkle Shower,A Certified Rave Moment,0,,-,987,9610,島根県,1720,9610,島根県,2609,E-S,島根県,0,,-
Sparkle Shower,ACID VISION,0,,-,1001,YUNA.S,島根県,1337,LU.PSJ,島根県,1601,RAN.S,島根県,0,,-
Sparkle Shower,AGETEKE ONDO,0,,-,993,LU.PSJ,島根県,1591,BADPOO,島根県,2562,CHMR,島根県,0,,-
Sparkle Shower,Amor∞Fati,0,,-,1152,YUNA.S,島根県,2316,PORUTA,島根県,3826,BOSS,島根県,0,,-
Sparkle Shower,Any％,0,,-,1051,YUNA.S,島根県,2020,PORUTA,島根県,3328,BOSS,島根県,0,,-
Sparkle Shower,Astra Blaze,0,,-,988,.TEITO,島根県,2061,9610,島根県,3336,CHMR,島根県,0,,-
Sparkle Shower,Bang Bang Dance,0,,-,794,LU.PSJ,島根県,1674,9610,島根県,2672,BOSS,島根県,0,,-
Sparkle Shower,BattleRoyal,0,,-,1036,YAMA,島根県,1691,RAN.S,島根県,2475,BOSS,島根県,0,,-
Sparkle Shower,Begin,0,,-,967,LU.PSJ,島根県,1904,RAN.S,島根県,3194,CHMR,島根県,0,,-
Sparkle Shower,BitRacer,0,,-,1012,YUNA.S,島根県,1888,CHARIN,島根県,3183,BOSS,島根県,0,,-
Sparkle Shower,Bloom,0,,-,596,.TEITO,島根県,1147,SUKE,島根県,1763,BOSS,島根県,0,,-
Sparkle Shower,blue anthem,0,,-,909,.TEITO,島根県,1455,YAMA,島根県,2617,AA3,島根県,0,,-
Sparkle Shower,Caramel Pain,229,.TEITO,島根県,638,9610,島根県,1005,9610,島根県,1615,BADPOO,島根県,0,,-
Sparkle Shower,Catch ya Getcha!,0,,-,1016,9610,島根県,1855,BADPOO,島根県,2651,KOHNOS,島根県,0,,-
Sparkle Shower,chaplet -IIDX re:build-,0,,-,941,YUNA.S,島根県,1832,RAN.S,島根県,2705,BOSS,島根県,0,,-
Sparkle Shower,COLOR BURST,186,.TEITO,島根県,722,.TEITO,島根県,1295,LU.PSJ,島根県,2102,AA3,島根県,0,,-
Sparkle Shower,Countdown to Heaven or Hell,0,,-,1167,YUNA.S,島根県,1911,RAN.S,島根県,2721,KOHNOS,島根県,0,,-
Sparkle Shower,D.K.N. ON,0,,-,902,.TEITO,島根県,1695,LU.PSJ,島根県,2353,AA3,島根県,0,,-
Sparkle Shower,Digitized Ocean,0,,-,1116,9610,島根県,1896,RAN.S,島根県,3461,CHMR,島根県,0,,-
Sparkle Shower,Disco Killer Music Lover,0,,-,1079,9610,島根県,1733,RAN.S,島根県,2872,BOSS,島根県,0,,-
Sparkle Shower,Dolphin Kick,0,,-,1341,LU.PSJ,島根県,1929,CHARIN,島根県,3373,BOSS,島根県,0,,-
Sparkle Shower,Dusk Endir,0,,-,971,YUNA.S,島根県,2047,CHARIN,島根県,3086,BOSS,島根県,0,,-
Sparkle Shower,ESPRIT ONE,0,,-,1041,.TEITO,島根県,1610,YAMA,島根県,2677,9610,島根県,0,,-
Sparkle Shower,Ex-Otogibanashi,161,.TEITO,島根県,437,.TEITO,島根県,890,YUNA.S,島根県,1543,KOHNOS,島根県,0,,-
Sparkle Shower,Fashion Fruit,0,,-,1048,9610,島根県,1885,BADPOO,島根県,2863,BOSS,島根県,0,,-
Sparkle Shower,fixer,0,,-,749,YUNA.S,島根県,1549,CHARIN,島根県,3499,CHMR,島根県,0,,-
Sparkle Shower,FIZZY FIZZY POP,0,,-,692,.TEITO,島根県,1323,YUNA.S,島根県,2123,AA3,島根県,0,,-
Sparkle Shower,FiZZλ_POT!0N,0,,-,1241,YUNA.S,島根県,1902,PORUTA,島根県,3267,BOSS,島根県,0,,-
Sparkle Shower,From Human Blood,0,,-,1200,9610,島根県,2022,BADPOO,島根県,3356,BOSS,島根県,0,,-
Sparkle Shower,Funky Quirky,0,,-,793,.TEITO,島根県,1805,PORUTA,島根県,2499,BOSS,島根県,0,,-
Sparkle Shower,Get Into The Groove feat.WaMi,0,,-,798,.TEITO,島根県,1279,YUNA.S,島根県,2210,BOSS,島根県,0,,-
Sparkle Shower,Gimme a Big Beat(青龍 Remix),0,,-,1131,YUNA.S,島根県,2112,PORUTA,島根県,2646,YOU,島根県,0,,-
Sparkle Shower,GO!,0,,-,813,YUNA.S,島根県,1577,LU.PSJ,島根県,2828,BOSS,島根県,0,,-
Sparkle Shower,GOLD RUSH 2025,0,,-,681,.TEITO,島根県,1414,BADPOO,島根県,2512,KOHNOS,島根県,0,,-
Sparkle Shower,Hallucination,0,,-,894,.TEITO,島根県,1743,RAN.S,島根県,2485,KL8NB,島根県,0,,-
Sparkle Shower,HEROES,0,,-,1199,YUNA.S,島根県,2092,KL8NB,島根県,3187,BOSS,島根県,0,,-
Sparkle Shower,HORIZON BEATZ,0,,-,705,.TEITO,島根県,0,,-,2339,CHARIN,島根県,0,,-
Sparkle Shower,HyperTwist,0,,-,1162,YUNA.S,島根県,2007,KL8NB,島根県,3076,BOSS,島根県,0,,-
Sparkle Shower,Ignited Night,0,,-,988,YUNA.S,島根県,1447,RAN.S,島根県,2097,K*N.SY,島根県,0,,-
Sparkle Shower,Iridescent Memories,0,,-,1414,LU.PSJ,島根県,1918,YOU,島根県,3377,AA3,島根県,0,,-
Sparkle Shower,JUST SYNC ft.Kanae Asaba,0,,-,744,9610,島根県,1281,9610,島根県,1976,CHMR,島根県,0,,-
Sparkle Shower,Kick The Rainbow,0,,-,1070,YUNA.S,島根県,1753,LU.PSJ,島根県,2573,ANIS,島根県,0,,-
Sparkle Shower,King of Tribe,0,,-,896,.TEITO,島根県,1862,9610,島根県,3035,BOSS,島根県,0,,-
Sparkle Shower,kors k's Let's make an Image Song!,0,,-,880,.TEITO,島根県,1740,9610,島根県,2652,CHMR,島根県,0,,-
Sparkle Shower,Last Card,0,,-,992,YUNA.S,島根県,1667,YAMA,島根県,2908,BOSS,島根県,0,,-
Sparkle Shower,LEMON MELON COOKIE,342,.TEITO,島根県,799,9610,島根県,1530,9610,島根県,2206,RAN.S,島根県,0,,-
Sparkle Shower,Limelight,0,,-,1011,YUNA.S,島根県,1678,YOU,島根県,2874,BOSS,島根県,0,,-
Sparkle Shower,Lisa-RICCIA,489,.TEITO,島根県,1209,9610,島根県,2126,RAN.S,島根県,3245,CHMR,島根県,4622,CHMR,島根県
Sparkle Shower,Makin' It,0,,-,1001,9610,島根県,1571,E-S,島根県,2623,CHMR,島根県,0,,-
Sparkle Shower,Memoria Obscura,0,,-,995,9610,島根県,2032,RAN.S,島根県,3858,BOSS,島根県,0,,-
Sparkle Shower,Meteor☆Shower,0,,-,833,.TEITO,島根県,1852,PINACC,島根県,2684,AA3,島根県,0,,-
Sparkle Shower,Mighty Beat Monsterz,0,,-,1083,YUNA.S,島根県,1788,PORUTA,島根県,2999,BOSS,島根県,0,,-
Sparkle Shower,MOCHIMOCHI DREAMIN!!,0,,-,1114,9610,島根県,1785,9610,島根県,2886,BOSS,島根県,0,,-
Sparkle Shower,Nemophila,0,,-,923,.TEITO,島根県,1711,RAN.S,島根県,2533,BOSS,島根県,0,,-
Sparkle Shower,Nyan Nyan University,0,,-,923,9610,島根県,1544,9610,島根県,2478,BOSS,島根県,0,,-
Sparkle Shower,OMEGA,0,,-,1034,LU.PSJ,島根県,1864,CHARIN,島根県,3083,BOSS,島根県,0,,-
Sparkle Shower,PALETTE,343,.TEITO,島根県,846,LU.PSJ,島根県,1449,BADPOO,島根県,2017,KOHNOS,島根県,0,,-
Sparkle Shower,PERFECT GREAT!!,0,,-,1175,YUNA.S,島根県,2242,PORUTA,島根県,3620,BOSS,島根県,0,,-
Sparkle Shower,pique,0,,-,955,.TEITO,島根県,1746,YAMA,島根県,2897,BOSS,島根県,0,,-
Sparkle Shower,RALLY '25,0,,-,1183,9610,島根県,2025,RAN.S,島根県,3005,BOSS,島根県,0,,-
Sparkle Shower,REcorrection,0,,-,531,.TEITO,島根県,1019,YUNA.S,島根県,1520,BOSS,島根県,0,,-
Sparkle Shower,Regina vespaE,0,,-,1210,LU.PSJ,島根県,2144,KL8NB,島根県,3324,BOSS,島根県,0,,-
Sparkle Shower,RIZING-GAMERS.,0,,-,966,.TEITO,島根県,1970,YOU,島根県,2872,AA3,島根県,0,,-
Sparkle Shower,RUINA,0,,-,891,YUNA.S,島根県,1633,SUKE,島根県,2736,CHMR,島根県,0,,-
Sparkle Shower,Second Heaven(Mamonis Remix),0,,-,813,.TEITO,島根県,1390,YUNA.S,島根県,2212,PORUTA,島根県,0,,-
Sparkle Shower,SHINING☆DANCE,0,,-,855,9610,島根県,1532,BADPOO,島根県,2408,KOHNOS,島根県,0,,-
Sparkle Shower,Shooting Star,228,.TEITO,島根県,829,9610,島根県,1491,RAN.S,島根県,2431,CHMR,島根県,0,,-
Sparkle Shower,Show Time,0,,-,806,SANIY,島根県,1363,RAN.S,島根県,1897,PORUTA,島根県,0,,-
Sparkle Shower,Signs and Wonders,0,,-,591,.TEITO,島根県,931,YUNA.S,島根県,1532,PORUTA,島根県,0,,-
Sparkle Shower,SILKY BRAVE,0,,-,794,.TEITO,島根県,1426,YAMA,島根県,2217,9610,島根県,0,,-
Sparkle Shower,Skywalking,0,,-,804,.TEITO,島根県,1347,YUNA.S,島根県,2258,AA3,島根県,0,,-
Sparkle Shower,Smintheus,0,,-,1144,YUNA.S,島根県,2066,PORUTA,島根県,3271,BOSS,島根県,0,,-
Sparkle Shower,SnapSkipSpark,0,,-,1070,9610,島根県,1860,BADPOO,島根県,2804,BOSS,島根県,0,,-
Sparkle Shower,Space Battleship S4TO,0,,-,1327,BADPOO,島根県,2071,BADPOO,島根県,3556,BOSS,島根県,0,,-
Sparkle Shower,SPLASH!!!!!!!!!,0,,-,869,LU.PSJ,島根県,1480,BADPOO,島根県,2163,BOSS,島根県,0,,-
Sparkle Shower,Substance,0,,-,1148,9610,島根県,1615,RAN.S,島根県,2706,KOHNOS,島根県,0,,-
Sparkle Shower,super double play sessions,0,,-,1375,9610,島根県,2142,SANIY,島根県,4192,CHMR,島根県,0,,-
Sparkle Shower,THUNDERSTRIKE,0,,-,1120,YUNA.S,島根県,1894,9610,島根県,3286,BOSS,島根県,0,,-
Sparkle Shower,TOKAKU=ALMiRAJ,0,,-,796,.TEITO,島根県,1470,YAMA,島根県,2656,BOSS,島根県,0,,-
Sparkle Shower,UNDO THE NIGHT,0,,-,868,.TEITO,島根県,1942,RAN.S,島根県,3108,BOSS,島根県,0,,-
Sparkle Shower,Vitamin,0,,-,1137,9610,島根県,1731,BADPOO,島根県,2569,BOSS,島根県,0,,-
Sparkle Shower,voice of echo.,0,,-,972,BATORA,島根県,1723,RAN.S,島根県,2645,BOSS,島根県,0,,-
Sparkle Shower,Watermelon Explosion,0,,-,715,BATORA,島根県,1241,PINACC,島根県,1964,BOSS,島根県,0,,-
Sparkle Shower,Wizards!,0,,-,642,.TEITO,島根県,1403,YAMA,島根県,2270,CHMR,島根県,0,,-
Sparkle Shower,X-Plan,0,,-,702,PORUTA,島根県,1280,RAN.S,島根県,2193,CHMR,島根県,0,,-
Sparkle Shower,[E],0,,-,1359,YUNA.S,島根県,1132,DVL,島根県,3101,AA3,島根県,0,,-
Sparkle Shower,Τeλοs,0,,-,909,.TEITO,島根県,1453,YUNA.S,島根県,2476,BOSS,島根県,0,,-
Sparkle Shower,ιgniЯRuina,0,,-,1373,9610,島根県,2068,9610,島根県,3317,BOSS,島根県,0,,-
Sparkle Shower,⁽⁽ଘ( ˙꒳˙ )ଓ⁾⁾ beyond reason,0,,-,1147,YUNA.S,島根県,1919,RAN.S,島根県,3538,BOSS,島根県,0,,-
Sparkle Shower,かわいいだけじゃだめですか？,211,.TEITO,島根県,920,9610,島根県,1560,9610,島根県,2064,RAN.S,島根県,3167,AA3,島根県
Sparkle Shower,じぇりー じゅえる ジャングル,0,,-,1071,.TEITO,島根県,1773,YOU,島根県,3036,AA3,島根県,0,,-
Sparkle Shower,それが、ボクの使命～レスキュー隊長 メンキュー～,0,,-,726,9610,島根県,1511,9610,島根県,2103,BOSS,島根県,0,,-
Sparkle Shower,でんぱ どりる わんにゃー☆三,277,.TEITO,島根県,1162,9610,島根県,2198,BADPOO,島根県,3204,AA3,島根県,0,,-
Sparkle Shower,もんめためたもん,215,.TEITO,島根県,846,9610,島根県,1384,9610,島根県,2182,BOSS,島根県,0,,-
Sparkle Shower,オーバーライド,465,.TEITO,島根県,1189,9610,島根県,1783,BADPOO,島根県,3069,KOHNOS,島根県,0,,-
Sparkle Shower,キミとえがくキセキ,0,,-,862,YUNA.S,島根県,1399,YUNA.S,島根県,2212,CHMR,島根県,0,,-
Sparkle Shower,クレッシェンド,0,,-,1031,YUNA.S,島根県,1767,PORUTA,島根県,3145,BOSS,島根県,0,,-
Sparkle Shower,サタデーナイト☆ギャロップ,0,,-,956,.TEITO,島根県,1664,YOU,島根県,3295,AA3,島根県,0,,-
Sparkle Shower,タンポポ,0,,-,1233,PORUTA,島根県,1803,PORUTA,島根県,2524,AA3,島根県,0,,-
Sparkle Shower,デラむぅのでらっくす☆どり～むぅ,0,,-,815,9610,島根県,1292,9610,島根県,1928,BOSS,島根県,0,,-
Sparkle Shower,バブリン,254,PINACC,島根県,1143,PINACC,島根県,1686,9610,島根県,2380,KL8NB,島根県,0,,-
Sparkle Shower,ビビッド ☆+*。キラキライム,505,.TEITO,島根県,1172,9610,島根県,2048,RAN.S,島根県,3508,BOSS,島根県,0,,-
Sparkle Shower,ベラ・ベ・カラベラ,0,,-,1024,9610,島根県,1625,9610,島根県,2563,BOSS,島根県,0,,-
Sparkle Shower,ベンガル vs. アムール Battle,0,,-,1240,PINACC,島根県,1981,PORUTA,島根県,3613,CHMR,島根県,0,,-
Sparkle Shower,メテオラ-meteor-,0,,-,868,.TEITO,島根県,1572,SANIY,島根県,2250,PINACC,島根県,0,,-
Sparkle Shower,メルト CPK! Remix (初音ミク ver.),456,.TEITO,島根県,778,.TEITO,島根県,1610,RAN.S,島根県,2707,BOSS,島根県,0,,-
Sparkle Shower,ラブコメトキドキシリアス,0,,-,1195,YUNA.S,島根県,1919,PORUTA,島根県,3589,CHMR,島根県,0,,-
Sparkle Shower,レシピのリドル,0,,-,585,.TEITO,島根県,1254,YUNA.S,島根県,2255,BOSS,島根県,0,,-
Sparkle Shower,三日天下モンキー,0,,-,662,.TEITO,島根県,1095,YUNA.S,島根県,1540,AA3,島根県,0,,-
Sparkle Shower,不死身ごっこ,261,.TEITO,島根県,932,9610,島根県,1439,9610,島根県,2443,KOHNOS,島根県,0,,-
Sparkle Shower,夏色のセレナーデ,0,,-,867,9610,島根県,1318,9610,島根県,2139,E-S,島根県,0,,-
Sparkle Shower,夢色ワンダー,505,.TEITO,島根県,1369,YUNA.S,島根県,1718,TACO,島根県,3021,BOSS,島根県,0,,-
Sparkle Shower,好吃来世deエレクトリック,0,,-,770,LU.PSJ,島根県,1330,RAN.S,島根県,1816,K*N.SY,島根県,0,,-
Sparkle Shower,恋愛観測,0,,-,609,.TEITO,島根県,1374,BADPOO,島根県,2378,BOSS,島根県,0,,-
Sparkle Shower,断罪のミメシス,0,,-,1180,YUNA.S,島根県,1814,PORUTA,島根県,3110,BOSS,島根県,0,,-
Sparkle Shower,月下繚乱,0,,-,889,9610,島根県,1717,BADPOO,島根県,2679,BOSS,島根県,0,,-
Sparkle Shower,煉獄コンフィチュール,0,,-,950,LU.PSJ,島根県,1779,BADPOO,島根県,2480,E-S,島根県,0,,-
Sparkle Shower,百恋ラブラスター,0,,-,733,9610,島根県,1571,9610,島根県,2519,RAN.S,島根県,0,,-
Sparkle Shower,色を喪った街,0,,-,1104,.TEITO,島根県,2199,PORUTA,島根県,3516,BOSS,島根県,0,,-
Sparkle Shower,華麗なる！音戯探偵ひなビタ,0,,-,642,LU.PSJ,島根県,1171,LU.PSJ,島根県,2125,BOSS,島根県,0,,-
Sparkle Shower,鏡像都市,0,,-,829,9610,島根県,1383,BADPOO,島根県,1898,9610,島根県,0,,-
Sparkle Shower,閃と雷管とロープ,0,,-,888,9610,島根県,1389,BADPOO,島根県,2387,RAN.S,島根県,0,,-
