バージョン,タイトル,BEGINNER EXスコア,BEGINNER DJName,BEGINNER 都道府県,NORMAL EXスコア,NORMAL DJName,NORMAL 都道府県,HYPER EXスコア,HYPER DJName,HYPER 都道府県,ANOTHER EXスコア,ANOTHER DJName,ANOTHER 都道府県,LEGGENDARIA EXスコア,LEGGENDARIA DJName,LEGGENDARIA 都道府県
1st&substream,22DUNK,0,,-,430,RIRI,岡山県,588,HYORAI,岡山県,650,GENO,岡山県,0,,-
1st&substream,5.1.1.,0,,-,195,TORO,岡山県,936,ROTENO,岡山県,1565,O.N.O.,岡山県,0,,-
1st&substream,deep in you,0,,-,0,,-,491,PARM,岡山県,661,GENO,岡山県,0,,-
1st&substream,Dr.LOVE,0,,-,388,DALIE,岡山県,454,FAXXXX,岡山県,580,GENO,岡山県,0,,-
1st&substream,GAMBOL,0,,-,215,MARISA,岡山県,274,GENO,岡山県,0,,-,0,,-
1st&substream,GENOM SCREAMS,0,,-,397,DALIE,岡山県,731,A.AIMU,岡山県,1065,O.N.O.,岡山県,0,,-
1st&substream,gentle stress,0,,-,328,DALIE,岡山県,625,HYORAI,岡山県,1434,GENO,岡山県,0,,-
1st&substream,GRADIUSIC CYBER,0,,-,819,DALIE,岡山県,892,JUN2,岡山県,1198,O.N.O.,岡山県,0,,-
1st&substream,KEEP ON MOVIN',0,,-,185,DALIE,岡山県,244,GENO,岡山県,0,,-,0,,-
1st&substream,Macho Gang,0,,-,359,DALIE,岡山県,990,I.TSRN,岡山県,1624,O.N.O.,岡山県,0,,-
1st&substream,PARANOIA MAX～DIRTY MIX～,0,,-,544,DALIE,岡山県,711,UMI,岡山県,1098,GENO,岡山県,0,,-
1st&substream,R3,0,,-,635,DALIE,岡山県,660,U-A,岡山県,898,O.N.O.,岡山県,0,,-
1st&substream,RUGGED ASH,0,,-,356,DALIE,岡山県,333,SYUTON,岡山県,1083,GENO,岡山県,1997,RYU,岡山県
1st&substream,THE EARTH LIGHT,0,,-,638,LEONA,岡山県,898,ATPS,岡山県,1142,GENO,岡山県,0,,-
2nd style,.59,0,,-,652,DALIE,岡山県,975,LVIS,岡山県,1143,GENO,岡山県,0,,-
2nd style,Digital MinD(A/T Libra mix),0,,-,698,DALIE,岡山県,925,CHIKU,岡山県,1130,GENO,岡山県,0,,-
2nd style,Electro Tuned(the SubS mix),0,,-,700,DALIE,岡山県,740,CU,岡山県,1057,-DAI-,岡山県,0,,-
2nd style,I Was The One,0,,-,497,DALIE,岡山県,641,-DAI-,岡山県,684,O.N.O.,岡山県,0,,-
2nd style,Indigo Vision(full flavour hide around mix),0,,-,821,DALIE,岡山県,1018,U-A,岡山県,1214,O.N.O.,岡山県,0,,-
2nd style,PUT YOUR FAITH IN ME(for beatmania II),0,,-,537,LEONA,岡山県,836,-DAI-,岡山県,0,,-,0,,-
2nd style,SP-TRIP MACHINE(for beatmania II),0,,-,474,DALIE,岡山県,550,CU,岡山県,645,MITTUN,岡山県,0,,-
3rd style,CAN'T STOP FALLIN'IN LOVE,0,,-,601,DALIE,岡山県,1251,GENO,岡山県,0,,-,0,,-
3rd style,Don't Stop!,0,,-,718,LEONA,岡山県,829,KAZU,岡山県,893,AJAN,岡山県,0,,-
3rd style,era (nostalmix),0,,-,531,RED,岡山県,1087,RYU,岡山県,1515,GENO,岡山県,0,,-
3rd style,Holic,0,,-,710,HYORAI,岡山県,1141,ROTENO,岡山県,1716,RYU,岡山県,0,,-
3rd style,LEADING CYBER,0,,-,792,HYORAI,岡山県,1161,JIRU6N,岡山県,1264,GENO,岡山県,0,,-
3rd style,Presto,0,,-,525,TORO,岡山県,915,LVIS,岡山県,998,MITTUN,岡山県,0,,-
3rd style,R5,0,,-,733,10F,岡山県,1046,PONZ,岡山県,1766,O.N.O.,岡山県,0,,-
3rd style,REINCARNATION,0,,-,804,DALIE,岡山県,941,HYORAI,岡山県,1277,GENO,岡山県,0,,-
3rd style,Schlagwerk,0,,-,791,TORO,岡山県,1197,HYORAI,岡山県,1676,GENO,岡山県,0,,-
3rd style,Skyscraper,0,,-,688,DALIE,岡山県,978,44MARU,岡山県,1250,GENO,岡山県,0,,-
3rd style,Tangerine Stream,0,,-,274,LEONA,岡山県,392,CU,岡山県,0,,-,0,,-
3rd style,THE SAFARI,203,KUSA,岡山県,1113,SAPE,岡山県,1748,O.N.O.,岡山県,0,,-,0,,-
4th style,250bpm,0,,-,646,DALIE,岡山県,905,SAPE,岡山県,1393,RYU,岡山県,0,,-
4th style,ABSOLUTE,0,,-,1226,DALIE,岡山県,1653,SAPE,岡山県,2375,RYU,岡山県,2717,RYU,岡山県
4th style,B4U,0,,-,970,DALIE,岡山県,1456,CORINS,岡山県,1988,GENO,岡山県,0,,-
4th style,Broken My Heart,0,,-,875,DALIE,岡山県,1311,I.TSRN,岡山県,1792,GENO,岡山県,0,,-
4th style,Burnin' The Floor,0,,-,543,DALIE,岡山県,838,CU,岡山県,1432,GENO,岡山県,0,,-
4th style,CHECKING YOU OUT,0,,-,521,00885A,岡山県,840,OGA,岡山県,1347,RYU,岡山県,0,,-
4th style,Clione,0,,-,523,TORO,岡山県,919,KURO,岡山県,1603,J1M4O,岡山県,2139,RYU,岡山県
4th style,DXY!,0,,-,1160,DALIE,岡山県,1680,BEAT,岡山県,2249,RYU,岡山県,0,,-
4th style,empathy,0,,-,788,DALIE,岡山県,1264,OK!,岡山県,1441,GENO,岡山県,0,,-
4th style,era (step mix),0,,-,1016,CU,岡山県,1319,SH!N0N,岡山県,1690,GENO,岡山県,0,,-
4th style,FLOWERS for ALBION,0,,-,222,DALIE,岡山県,435,RYU,岡山県,0,,-,0,,-
4th style,HIGHER,0,,-,512,DALIE,岡山県,786,CU,岡山県,1267,AJAN,岡山県,0,,-
4th style,Hitch Hiker2,0,,-,772,DALIE,岡山県,700,ROK.U,岡山県,1304,GENO,岡山県,1881,GYAN3,岡山県
4th style,Jam&Marmalade,0,,-,292,SAM803,岡山県,848,TORO,岡山県,1008,O.N.O.,岡山県,0,,-
4th style,KAMIKAZE,0,,-,955,DALIE,岡山県,1361,CHIKU,岡山県,2280,O.N.O.,岡山県,0,,-
4th style,LOVE WILL・・・,0,,-,522,DALIE,岡山県,701,HYORAI,岡山県,1461,GENO,岡山県,0,,-
4th style,minimalian,0,,-,505,DALIE,岡山県,857,N#,岡山県,1386,GENO,岡山県,0,,-
4th style,Mr.T.(take me higher),0,,-,817,DALIE,岡山県,936,HYORAI,岡山県,1723,AJAN,岡山県,0,,-
4th style,starmine,432,DALIE,岡山県,890,TORO,岡山県,1394,M.,岡山県,1577,MITTUN,岡山県,0,,-
4th style,SWEET LAB,0,,-,527,HYORAI,岡山県,933,SH!N0N,岡山県,1362,RYU,岡山県,0,,-
4th style,Voltage (feat. Hidemaru),0,,-,733,CU,岡山県,1164,KAZU,岡山県,1312,MITTUN,岡山県,0,,-
5th style,Abyss,0,,-,1166,DALIE,岡山県,1517,I.TSRN,岡山県,1868,GENO,岡山県,0,,-
5th style,in my eyes,0,,-,900,DALIE,岡山県,1309,U-A,岡山県,1579,GENO,岡山県,0,,-
5th style,LOVE AGAIN TONIGHT～for Mellisa mix～,0,,-,724,DALIE,岡山県,914,HYORAI,岡山県,1110,AJAN,岡山県,0,,-
5th style,outer wall,0,,-,793,DALIE,岡山県,912,00885A,岡山県,1748,O.N.O.,岡山県,0,,-
5th style,QQQ,0,,-,1164,DALIE,岡山県,1655,SAPE,岡山県,2137,O.N.O.,岡山県,0,,-
5th style,Radical Faith,0,,-,1112,DALIE,岡山県,855,SY0...,岡山県,1256,FURIE,岡山県,0,,-
5th style,Real,0,,-,1013,DALIE,岡山県,1570,KAZU,岡山県,1807,GENO,岡山県,0,,-
5th style,Regulus,0,,-,919,DALIE,岡山県,1251,N#,岡山県,1635,AJAN,岡山県,0,,-
5th style,RIDE ON THE LIGHT (HI GREAT MIX),0,,-,861,HYORAI,岡山県,960,CU,岡山県,1701,GENO,岡山県,1780,JIRU6N,岡山県
5th style,RISLIM,0,,-,837,HYORAI,岡山県,1224,GENO,岡山県,0,,-,0,,-
5th style,sometime,0,,-,716,DALIE,岡山県,956,NRK*,岡山県,1288,NICOL,岡山県,0,,-
5th style,Spin the disc,0,,-,742,DALIE,岡山県,1128,I.TSRN,岡山県,1324,GENO,岡山県,0,,-
5th style,STILL IN MY HEART,0,,-,953,HYORAI,岡山県,1374,O.N.O.,岡山県,1901,O.N.O.,岡山県,0,,-
5th style,still my words,0,,-,857,HYORAI,岡山県,1215,-DAI-,岡山県,0,,-,0,,-
5th style,sync,0,,-,1025,HYORAI,岡山県,1704,SAPE,岡山県,2380,O.N.O.,岡山県,0,,-
5th style,THE CUBE,0,,-,710,DALIE,岡山県,1230,MILK*T,岡山県,1317,CU,岡山県,0,,-
5th style,THE SHINING POLARIS,0,,-,907,HYORAI,岡山県,1193,I.TSRN,岡山県,1585,GENO,岡山県,0,,-
5th style,V,313,MASSAN,岡山県,1192,HYORAI,岡山県,2476,RYU,岡山県,2963,O.N.O.,岡山県,0,,-
6th style,"19,November",0,,-,995,HYORAI,岡山県,1346,ROTENO,岡山県,1793,O.N.O.,岡山県,0,,-
6th style,BALLAD FOR YOU～想いの雨～,0,,-,559,DALIE,岡山県,740,TOMJ,岡山県,1055,AJAN,岡山県,0,,-
6th style,Blueberry Stream,0,,-,738,DALIE,岡山県,1266,I.TSRN,岡山県,1621,O.N.O.,岡山県,0,,-
6th style,Buffalo,0,,-,947,DALIE,岡山県,1399,I.TSRN,岡山県,1785,O.N.O.,岡山県,2480,RYU,岡山県
6th style,Colors (radio edit),0,,-,1285,DALIE,岡山県,1811,KAZU,岡山県,2387,O.N.O.,岡山県,0,,-
6th style,DIVE ～INTO YOUR HEART～,0,,-,1190,HYORAI,岡山県,1799,POMIJI,岡山県,2053,GENO,岡山県,0,,-
6th style,fly through the night,0,,-,812,DALIE,岡山県,1204,INYS,岡山県,1690,O.N.O.,岡山県,0,,-
6th style,Free Style,0,,-,867,DALIE,岡山県,0,,-,1302,J1M4O,岡山県,0,,-
6th style,Frozen Ray (original mix),0,,-,1201,DALIE,岡山県,1566,A.AIMU,岡山県,1783,GENO,岡山県,0,,-
6th style,G2,0,,-,1302,PE6CAN,岡山県,1626,BEAT,岡山県,2294,RYU,岡山県,0,,-
6th style,L'amour et la liberte,0,,-,896,HYORAI,岡山県,1426,L.MSK,岡山県,2015,J1M4O,岡山県,0,,-
6th style,Linus,0,,-,885,CU,岡山県,1449,CU,岡山県,2185,J1M4O,岡山県,0,,-
6th style,NEMESIS,0,,-,919,DALIE,岡山県,1369,ROTENO,岡山県,1873,GENO,岡山県,0,,-
6th style,rottel-da-sun,0,,-,791,HYORAI,岡山県,1252,OK!,岡山県,1859,J1M4O,岡山県,0,,-
6th style,route 80s,0,,-,831,DALIE,岡山県,1021,U-A,岡山県,1502,MITTUN,岡山県,0,,-
6th style,SOMETHING WONDERFUL,0,,-,866,HYORAI,岡山県,1112,N#,岡山県,1980,RYU,岡山県,0,,-
6th style,Summer Vacation(CU mix),0,,-,1206,HYORAI,岡山県,1834,O.N.O.,岡山県,0,,-,0,,-
6th style,Take It Easy,0,,-,1362,I.TSRN,岡山県,2320,MILK*T,岡山県,2499,J1M4O,岡山県,0,,-
6th style,VJ ARMY,0,,-,1113,DALIE,岡山県,1496,S-OH,岡山県,2193,MITTUN,岡山県,0,,-
6th style,こっちを向いてよ,0,,-,786,DALIE,岡山県,985,DEOKUN,岡山県,1360,J1M4O,岡山県,0,,-
7th style,A,0,,-,1060,U-A,岡山県,2029,CU,岡山県,2434,J1M4O,岡山県,0,,-
7th style,AVE DE RAPINA,0,,-,1287,DALIE,岡山県,1498,SAPE,岡山県,1745,AJAN,岡山県,0,,-
7th style,Bad Routine,0,,-,938,DALIE,岡山県,1176,44MARU,岡山県,1905,MITTUN,岡山県,0,,-
7th style,Burning Heat! (Full Option Mix),0,,-,654,DALIE,岡山県,768,ZUB,岡山県,1470,GENO,岡山県,0,,-
7th style,Cheer Train,0,,-,841,DALIE,岡山県,879,CRI,岡山県,1704,GENO,岡山県,0,,-
7th style,D2R,0,,-,874,DALIE,岡山県,834,CRI,岡山県,1565,MA$A*,岡山県,0,,-
7th style,DESTINY,0,,-,981,U-A,岡山県,1159,-7-,岡山県,1827,GENO,岡山県,0,,-
7th style,foreplay,0,,-,633,DALIE,岡山県,1035,SAPE,岡山県,1319,J1M4O,岡山県,0,,-
7th style,Glorious Days,0,,-,499,DALIE,岡山県,735,CU,岡山県,897,KAZU,岡山県,0,,-
7th style,Happy Wedding,0,,-,1078,DALIE,岡山県,1470,MIYAKO,岡山県,1821,GENO,岡山県,0,,-
7th style,Last Message,0,,-,942,HYORAI,岡山県,1287,MILK*T,岡山県,1594,GENO,岡山県,0,,-
7th style,Let the Snow Paint Me,0,,-,786,HYORAI,岡山県,892,LEV1N,岡山県,1244,GENO,岡山県,0,,-
7th style,Love Me Do,0,,-,1067,DALIE,岡山県,1577,I.TSRN,岡山県,2111,O.N.O.,岡山県,0,,-
7th style,MAX 300,0,,-,980,SAPE,岡山県,1872,ABOX,岡山県,2759,*0712*,岡山県,0,,-
7th style,Somebody Like You,0,,-,732,HYORAI,岡山県,1161,ROTENO,岡山県,1795,J1M4O,岡山県,0,,-
7th style,Spica,0,,-,587,LEONA,岡山県,1271,S-OH,岡山県,2242,RYU,岡山県,0,,-
7th style,stoic,0,,-,1511,INYS,岡山県,2332,MILK*T,岡山県,2525,RYU,岡山県,0,,-
7th style,Tomorrow Perfume,0,,-,1074,DALIE,岡山県,1739,KAZU,岡山県,2099,J1M4O,岡山県,0,,-
7th style,traces,0,,-,1318,DALIE,岡山県,1770,OK!,岡山県,2116,GENO,岡山県,0,,-
7th style,ZERO-ONE,0,,-,999,DALIE,岡山県,1573,OK!,岡山県,2227,J1M4O,岡山県,2873,RYU,岡山県
7th style,革命,0,,-,689,DALIE,岡山県,1872,CU,岡山県,2304,O.N.O.,岡山県,0,,-
8th style,abstract,0,,-,1153,DALIE,岡山県,1493,ROTENO,岡山県,1829,AJAN,岡山県,0,,-
8th style,airflow,0,,-,582,O.N.O.,岡山県,676,JUN2,岡山県,1415,GENO,岡山県,0,,-
8th style,ALL RIGHT,0,,-,821,DALIE,岡山県,1162,PECIAL,岡山県,1609,GENO,岡山県,0,,-
8th style,Attitude,0,,-,947,HYORAI,岡山県,1384,MILK*T,岡山県,1746,O.N.O.,岡山県,0,,-
8th style,bit mania,0,,-,767,MASSAN,岡山県,1259,M.,岡山県,1861,O.N.O.,岡山県,0,,-
8th style,Blame,0,,-,1109,HYORAI,岡山県,1451,ROTENO,岡山県,1921,J1M4O,岡山県,0,,-
8th style,CELEBRATE NITE,0,,-,920,TORO,岡山県,1040,DALIE,岡山県,1424,O.N.O.,岡山県,0,,-
8th style,Colors -Y&Co. Eurobeat Remix-,0,,-,1085,DALIE,岡山県,1965,CU,岡山県,2183,J1M4O,岡山県,0,,-
8th style,dual control,0,,-,742,HYORAI,岡山県,1266,I.TSRN,岡山県,1860,MITTUN,岡山県,0,,-
8th style,Giudecca,0,,-,809,HYORAI,岡山県,1868,CU,岡山県,2639,GENO,岡山県,0,,-
8th style,Halfway of promise,0,,-,896,HYORAI,岡山県,1423,OK!,岡山県,1817,RYU,岡山県,0,,-
8th style,HYPER BOUNDARY GATE,0,,-,1218,HYORAI,岡山県,1682,SAPE,岡山県,2169,KEISOO,岡山県,0,,-
8th style,LAB,0,,-,971,DALIE,岡山県,1862,OK!,岡山県,2051,NICOL,岡山県,2690,J1M4O,岡山県
8th style,LOVE IS ORANGE,0,,-,751,DALIE,岡山県,971,HYORAI,岡山県,1783,J1M4O,岡山県,2084,J1M4O,岡山県
8th style,Luv 2 Feel Your Body,0,,-,796,DALIE,岡山県,0,,-,1631,J1M4O,岡山県,0,,-
8th style,memories,0,,-,1013,DALIE,岡山県,1964,OK!,岡山県,2211,O.N.O.,岡山県,0,,-
8th style,Monkey Dance,0,,-,763,HYORAI,岡山県,1237,I.TSRN,岡山県,1977,O.N.O.,岡山県,0,,-
8th style,murmur twins,0,,-,1044,CU,岡山県,1620,AJAN,岡山県,2369,RYU,岡山県,0,,-
8th style,MUSIC TO YOUR HEAD,0,,-,743,HYORAI,岡山県,1269,MYST,岡山県,1669,O.N.O.,岡山県,0,,-
8th style,PLEASE DON'T GO,0,,-,840,DALIE,岡山県,1316,KAZU,岡山県,2416,RYU,岡山県,0,,-
8th style,rainbow flyer,0,,-,759,HYORAI,岡山県,1362,N#,岡山県,2117,O.N.O.,岡山県,0,,-
8th style,symbolic,0,,-,1314,DALIE,岡山県,1693,OK!,岡山県,2235,O.N.O.,岡山県,0,,-
8th style,thunder,0,,-,1100,DALIE,岡山県,1330,MAIL,岡山県,1872,J1M4O,岡山県,0,,-
8th style,WAR GAME,0,,-,918,CU,岡山県,1413,SAPE,岡山県,2134,MITTUN,岡山県,0,,-
8th style,World Wide Love,0,,-,682,DALIE,岡山県,927,CU,岡山県,1114,GENO,岡山県,0,,-
8th style,xenon,0,,-,1020,YK,岡山県,1614,CU,岡山県,2708,J1M4O,岡山県,0,,-
8th style,桜,0,,-,956,SAPE,岡山県,1369,CU,岡山県,2135,O.N.O.,岡山県,0,,-
8th style,蒼い衝動,0,,-,658,SY0...,岡山県,1244,I.TSRN,岡山県,1580,GENO,岡山県,0,,-
9th style,Abyss -The Heavens Remix-,554,DALIE,岡山県,1370,I.TSRN,岡山県,1810,GNENJO,岡山県,2352,GENO,岡山県,0,,-
9th style,ACT,0,,-,1037,TORO,岡山県,1584,AHEAD,岡山県,1841,GENO,岡山県,0,,-
9th style,ADVANCE,0,,-,468,TORO,岡山県,848,TORO,岡山県,1559,AJAN,岡山県,0,,-
9th style,ATOMIC AGE,0,,-,272,SA,岡山県,640,ROTENO,岡山県,1288,MITTUN,岡山県,0,,-
9th style,BAD BOY BASS!! (dj Remo-con MIX),0,,-,905,HYORAI,岡山県,1049,MIZO,岡山県,1795,O.N.O.,岡山県,0,,-
9th style,bag,0,,-,859,DALIE,岡山県,1052,N#,岡山県,1857,.COM,岡山県,0,,-
9th style,BRIGHTNESS DARKNESS,0,,-,701,DALIE,岡山県,1464,RYU,岡山県,1753,GENO,岡山県,0,,-
9th style,Cradle,0,,-,845,DALIE,岡山県,1410,ROTENO,岡山県,1575,MITTUN,岡山県,0,,-
9th style,Distress,0,,-,876,I.TSRN,岡山県,1765,AJAN,岡山県,0,,-,0,,-
9th style,e-motion 2003  -romantic extra-,0,,-,1187,DALIE,岡山県,1423,SAPE,岡山県,1959,AJAN,岡山県,0,,-
9th style,fun,0,,-,425,DALIE,岡山県,924,I.TSRN,岡山県,1810,RYU,岡山県,0,,-
9th style,Golden Horn,0,,-,674,DALIE,岡山県,1037,U-A,岡山県,1503,J1M4O,岡山県,0,,-
9th style,HYPER EUROBEAT (2DX style),0,,-,1033,DALIE,岡山県,1299,RATTY,岡山県,1886,GYAN3,岡山県,0,,-
9th style,I Was The One (80's EUROBEAT STYLE),0,,-,726,LEONA,岡山県,1171,HYORAI,岡山県,1438,GENO,岡山県,0,,-
9th style,Karma,0,,-,1236,DALIE,岡山県,1611,CU,岡山県,1814,J1M4O,岡山県,0,,-
9th style,lights,0,,-,663,DALIE,岡山県,1300,PECIAL,岡山県,1762,MITTUN,岡山県,0,,-
9th style,Logic Board,0,,-,959,LEONA,岡山県,1698,L.MSK,岡山県,2329,O.N.O.,岡山県,0,,-
9th style,LOVE SHINE,518,HYORAI,岡山県,818,HYORAI,岡山県,1786,CORINS,岡山県,2085,O.N.O.,岡山県,0,,-
9th style,lower world,0,,-,1244,TORO,岡山県,1742,OK!,岡山県,2222,GENO,岡山県,0,,-
9th style,Make A Difference,0,,-,810,DALIE,岡山県,1401,SAPE,岡山県,2219,RYU,岡山県,0,,-
9th style,MARIA (I believe... ),0,,-,722,DALIE,岡山県,1438,SAPE,岡山県,1935,GYAN3,岡山県,0,,-
9th style,moon_child,0,,-,982,DALIE,岡山県,1824,CU,岡山県,2500,RYU,岡山県,0,,-
9th style,one or eight,0,,-,1211,I.TSRN,岡山県,1715,TOMJ,岡山県,2228,RYU,岡山県,0,,-
9th style,PARANOIA survivor MAX,0,,-,840,DALIE,岡山県,1302,RYU,岡山県,2096,RYU,岡山県,0,,-
9th style,quasar,0,,-,1097,DALIE,岡山県,1657,ROTENO,岡山県,2294,O.N.O.,岡山県,0,,-
9th style,Quickening,0,,-,842,HYORAI,岡山県,1499,JUN2,岡山県,2096,RYU,岡山県,0,,-
9th style,Really Love,0,,-,608,DALIE,岡山県,804,U-A,岡山県,1719,AJAN,岡山県,0,,-
9th style,RISLIM -Remix-,0,,-,733,DALIE,岡山県,888,MIYAKO,岡山県,1859,O.N.O.,岡山県,0,,-
9th style,rottel-the-Mercury,0,,-,957,DALIE,岡山県,1675,DALIE,岡山県,2267,O.N.O.,岡山県,0,,-
9th style,Silvia Drive,0,,-,788,DALIE,岡山県,1436,INYS,岡山県,2023,GENO,岡山県,0,,-
9th style,SNOW,0,,-,984,DALIE,岡山県,1244,INYS,岡山県,2035,RYU,岡山県,0,,-
9th style,STAR FIELD,0,,-,651,DALIE,岡山県,1549,MILK*T,岡山県,1868,GENO,岡山県,0,,-
9th style,Sweet Sweet Magic,0,,-,933,DALIE,岡山県,1178,DEOKUN,岡山県,2025,GENO,岡山県,0,,-
9th style,SWEETEST SAVAGE,0,,-,628,DALIE,岡山県,1276,I.TSRN,岡山県,1807,*0712*,岡山県,0,,-
9th style,ライオン好き,0,,-,615,DALIE,岡山県,1057,CKS,岡山県,1507,O.N.O.,岡山県,0,,-
9th style,真夏の花・真夏の夢,0,,-,778,HYORAI,岡山県,1120,KURO,岡山県,1468,GENO,岡山県,0,,-
10th style,1st Samurai,0,,-,973,DALIE,岡山県,1743,CU,岡山県,2616,GENO,岡山県,0,,-
10th style,ALIEN TEMPLE,0,,-,947,CU,岡山県,1467,SAPE,岡山県,1944,NICOL,岡山県,0,,-
10th style,ASTRAL VOYAGE,0,,-,925,DALIE,岡山県,639,SY0...,岡山県,1883,AJAN,岡山県,0,,-
10th style,BABY LOVE,0,,-,1111,DALIE,岡山県,1590,OK!,岡山県,2134,J1M4O,岡山県,0,,-
10th style,Back Into The Light,0,,-,1106,OOZORA,岡山県,1483,I.TSRN,岡山県,2167,O.N.O.,岡山県,0,,-
10th style,Boundary,0,,-,817,DALIE,岡山県,1749,TORO,岡山県,2036,GENO,岡山県,0,,-
10th style,CARRY ON NIGHT (English version),0,,-,930,DALIE,岡山県,1317,KURO,岡山県,2049,GENO,岡山県,0,,-
10th style,Daisuke,411,CENB,岡山県,1143,MASSAN,岡山県,1646,MILK*T,岡山県,2402,O.N.O.,岡山県,0,,-
10th style,Debtty Daddy,0,,-,969,HYORAI,岡山県,1818,KAZU,岡山県,2690,O.N.O.,岡山県,0,,-
10th style,desolation,0,,-,467,DALIE,岡山県,642,MILK*T,岡山県,760,O.N.O.,岡山県,0,,-
10th style,DoLL,187,SUGAR,岡山県,881,DALIE,岡山県,1171,CU,岡山県,1615,RYU,岡山県,0,,-
10th style,EXE,0,,-,789,DALIE,岡山県,1511,-2,岡山県,2240,J1M4O,岡山県,0,,-
10th style,Feedback,0,,-,971,HYORAI,岡山県,1495,KAZU,岡山県,1930,RYU,岡山県,0,,-
10th style,FEEL IT,0,,-,897,CU,岡山県,1561,KAZU,岡山県,1963,GENO,岡山県,0,,-
10th style,Freezing atmosphere,0,,-,767,DALIE,岡山県,653,SY0...,岡山県,1457,O.N.O.,岡山県,0,,-
10th style,GHOST REVIVAL,0,,-,854,DALIE,岡山県,1871,CORINS,岡山県,2515,O.N.O.,岡山県,0,,-
10th style,GRADIUS -FULL SPEED-,0,,-,648,LEONA,岡山県,952,SAPE,岡山県,2085,RYU,岡山県,0,,-
10th style,HIGH,0,,-,922,TORO,岡山県,1831,OK!,岡山県,2142,MITTUN,岡山県,2846,O.N.O.,岡山県
10th style,Innocent Walls,0,,-,1529,R,岡山県,2461,O.N.O.,岡山県,2769,O.N.O.,岡山県,0,,-
10th style,Love Is Eternity,0,,-,1143,DALIE,岡山県,1938,AJAN,岡山県,2392,O.N.O.,岡山県,0,,-
10th style,Lucy,0,,-,921,DALIE,岡山県,1653,CU,岡山県,2314,J1M4O,岡山県,0,,-
10th style,Narcissus At Oasis,0,,-,744,HYORAI,岡山県,1485,CU,岡山県,1629,MITTUN,岡山県,0,,-
10th style,No.13,0,,-,1346,S4B1T0,岡山県,2553,AJAN,岡山県,3152,J1M4O,岡山県,0,,-
10th style,One More Lovely,0,,-,823,DALIE,岡山県,1555,L.MSK,岡山県,2788,J1M4O,岡山県,0,,-
10th style,pandora,0,,-,826,DALIE,岡山県,1591,CORINS,岡山県,1850,GENO,岡山県,0,,-
10th style,rainbow rainbow,0,,-,1469,I.TSRN,岡山県,2138,CU,岡山県,2680,RYU,岡山県,0,,-
10th style,Rise'n Beauty,0,,-,1249,TORO,岡山県,1414,SAPE,岡山県,2146,GENO,岡山県,3911,O.N.O.,岡山県
10th style,SCORE,0,,-,1158,OGA,岡山県,1477,ROTENO,岡山県,2059,O.N.O.,岡山県,0,,-
10th style,SHOOTING STAR,0,,-,1235,TORO,岡山県,1579,CORINS,岡山県,2249,GENO,岡山県,0,,-
10th style,SPACE FIGHT,0,,-,612,DALIE,岡山県,1245,S4B1T0,岡山県,2238,RYU,岡山県,0,,-
10th style,システムロマンス,0,,-,869,DALIE,岡山県,1647,I.TSRN,岡山県,2028,O.N.O.,岡山県,0,,-
10th style,雪月花,0,,-,1183,TORO,岡山県,1848,P,岡山県,2498,O.N.O.,岡山県,0,,-
IIDX RED,AA,0,,-,1156,DALIE,岡山県,2587,P,岡山県,3584,O.N.O.,岡山県,0,,-
IIDX RED,AGEHA,591,DALIE,岡山県,1004,PARM,岡山県,1632,PARM,岡山県,1862,GENO,岡山県,2420,*0712*,岡山県
IIDX RED,ANDROMEDA,0,,-,927,DALIE,岡山県,1562,S4B1T0,岡山県,2877,O.N.O.,岡山県,0,,-
IIDX RED,awakening,0,,-,1001,DALIE,岡山県,1343,OK!,岡山県,1674,AJAN,岡山県,0,,-
IIDX RED,Be quiet,0,,-,987,HYORAI,岡山県,1614,ROTENO,岡山県,2202,O.N.O.,岡山県,2713,O.N.O.,岡山県
IIDX RED,BLOCKS,0,,-,745,DALIE,岡山県,1131,I.TSRN,岡山県,1976,O.N.O.,岡山県,0,,-
IIDX RED,BREATH,0,,-,826,DALIE,岡山県,1222,CORINS,岡山県,1728,O.N.O.,岡山県,0,,-
IIDX RED,Click Again,0,,-,847,HYORAI,岡山県,1207,ATPS,岡山県,2112,O.N.O.,岡山県,0,,-
IIDX RED,Close my Eyes for Me,0,,-,944,CU,岡山県,1185,MIYAKO,岡山県,1797,RYU,岡山県,0,,-
IIDX RED,D.A.N.C.E.!,0,,-,555,DALIE,岡山県,769,CU,岡山県,1608,RYU,岡山県,0,,-
IIDX RED,Don't be afraid myself,0,,-,957,HYORAI,岡山県,1696,KAZU,岡山県,2265,GENO,岡山県,0,,-
IIDX RED,earth scape,0,,-,407,DALIE,岡山県,1014,TORO,岡山県,1257,O.N.O.,岡山県,0,,-
IIDX RED,FAKE TIME,0,,-,942,DALIE,岡山県,1712,JIRU6N,岡山県,2319,MITTUN,岡山県,0,,-
IIDX RED,Fly Away To India,0,,-,633,DALIE,岡山県,1071,BJJ,岡山県,1396,GENO,岡山県,0,,-
IIDX RED,GENOCIDE,0,,-,900,CKS,岡山県,1935,CU,岡山県,2348,RYU,岡山県,0,,-
IIDX RED,gigadelic,698,J1M4O,岡山県,1345,AHEAD,岡山県,2118,O.N.O.,岡山県,2481,O.N.O.,岡山県,0,,-
IIDX RED,HORIZON,0,,-,1057,DALIE,岡山県,1460,I.TSRN,岡山県,1962,MITTUN,岡山県,0,,-
IIDX RED,KEY,0,,-,1064,DALIE,岡山県,1705,SAPE,岡山県,2856,GENO,岡山県,0,,-
IIDX RED,NEBULA GRASPER,0,,-,1267,DALIE,岡山県,1820,ROTENO,岡山県,2430,MITTUN,岡山県,0,,-
IIDX RED,Raspberry Heart(English version),0,,-,998,HYORAI,岡山県,1328,S4B1T0,岡山県,1840,GENO,岡山県,0,,-
IIDX RED,RED ZONE,144,D,岡山県,1054,DALIE,岡山県,1763,KAZU,岡山県,2326,O.N.O.,岡山県,3080,O.N.O.,岡山県
IIDX RED,RESONATE 1794,0,,-,874,DALIE,岡山県,1403,CU,岡山県,1870,GENO,岡山県,0,,-
IIDX RED,Secret of Love,0,,-,964,DALIE,岡山県,1350,INYS,岡山県,2016,O.N.O.,岡山県,0,,-
IIDX RED,SPEEDY CAT,0,,-,1056,HYORAI,岡山県,1653,MILK*T,岡山県,2028,GENO,岡山県,0,,-
IIDX RED,Sphere,0,,-,994,U-A,岡山県,1843,AHEAD,岡山県,2157,O.N.O.,岡山県,0,,-
IIDX RED,spiral galaxy,0,,-,1023,HYORAI,岡山県,1922,M.,岡山県,2574,O.N.O.,岡山県,3740,O.N.O.,岡山県
IIDX RED,The Hope of Tomorrow,0,,-,991,HYORAI,岡山県,1552,OK!,岡山県,1949,GENO,岡山県,0,,-
IIDX RED,Wonder Bullfighter,0,,-,888,DALIE,岡山県,1328,OK!,岡山県,2019,RYU,岡山県,0,,-
IIDX RED,ピアノ協奏曲第１番”蠍火”,0,,-,744,HYORAI,岡山県,2138,RYU,岡山県,2594,RYU,岡山県,0,,-
IIDX RED,大桟橋,0,,-,435,KAZU,岡山県,1014,MASSAN,岡山県,1858,O.N.O.,岡山県,0,,-
IIDX RED,太陽～T・A・I・Y・O～,0,,-,777,DALIE,岡山県,1288,SAPE,岡山県,1720,O.N.O.,岡山県,0,,-
IIDX RED,ＵＬＴｉＭΛＴＥ,0,,-,883,DALIE,岡山県,1407,SAPE,岡山県,1983,MITTUN,岡山県,0,,-
HAPPY SKY,100％ minimoo-G,0,,-,917,TORO,岡山県,1582,CU,岡山県,1725,MITTUN,岡山県,0,,-
HAPPY SKY,Agnus Dei,0,,-,869,CU,岡山県,1488,SAPE,岡山県,2074,O.N.O.,岡山県,0,,-
HAPPY SKY,alla turca con passione,0,,-,770,DALIE,岡山県,1600,AJAN,岡山県,2195,O.N.O.,岡山県,0,,-
HAPPY SKY,Aurora,0,,-,1206,-7-,岡山県,2080,P,岡山県,2512,MITTUN,岡山県,0,,-
HAPPY SKY,CaptivAte～浄化～,0,,-,971,HYORAI,岡山県,1725,KAZU,岡山県,2461,O.N.O.,岡山県,3400,O.N.O.,岡山県
HAPPY SKY,Catch Me,0,,-,765,DALIE,岡山県,1237,RIKKI.,岡山県,1802,RYU,岡山県,2134,RYU,岡山県
HAPPY SKY,Don't let it go,0,,-,0,,-,1191,-2,岡山県,1685,O.N.O.,岡山県,0,,-
HAPPY SKY,double thrash,0,,-,984,DALIE,岡山県,1942,CU,岡山県,2326,GENO,岡山県,0,,-
HAPPY SKY,EDEN,0,,-,1270,HYORAI,岡山県,1829,KAZU,岡山県,2705,J1M4O,岡山県,3231,.COM,岡山県
HAPPY SKY,EMPTY OF THE SKY,0,,-,428,JAS#32,岡山県,887,CU,岡山県,1680,O.N.O.,岡山県,0,,-
HAPPY SKY,First Resolution,0,,-,796,DALIE,岡山県,1418,I.TSRN,岡山県,2149,O.N.O.,岡山県,0,,-
HAPPY SKY,garden,0,,-,840,DALIE,岡山県,1426,I.TSRN,岡山県,2151,J1M4O,岡山県,3043,MITTUN,岡山県
HAPPY SKY,Get'em up to R.A.V.E,0,,-,1102,CU,岡山県,1659,TORO,岡山県,2241,GENO,岡山県,0,,-
HAPPY SKY,GREEN EYES,0,,-,916,DALIE,岡山県,1206,S4B1T0,岡山県,2186,GENO,岡山県,0,,-
HAPPY SKY,HAPPY☆ANGEL,603,LOLLIP,岡山県,1041,DALIE,岡山県,1408,I.TSRN,岡山県,2083,O.N.O.,岡山県,0,,-
HAPPY SKY,I am,0,,-,1060,HYORAI,岡山県,1656,PARM,岡山県,2100,JIRU6N,岡山県,0,,-
HAPPY SKY,in motion,0,,-,812,HYORAI,岡山県,984,HYORAI,岡山県,1307,O.N.O.,岡山県,0,,-
HAPPY SKY,INAZUMA,0,,-,972,DALIE,岡山県,1519,FAXXXX,岡山県,2698,RYU,岡山県,3995,O.N.O.,岡山県
HAPPY SKY,LESSON 5,0,,-,1181,DALIE,岡山県,1267,RIRI,岡山県,2482,GENO,岡山県,0,,-
HAPPY SKY,Little Little Princess,0,,-,1042,HYORAI,岡山県,2068,CU,岡山県,2737,J1M4O,岡山県,3730,MITTUN,岡山県
HAPPY SKY,Love Magic,0,,-,965,DALIE,岡山県,1616,OK!,岡山県,1942,J1M4O,岡山県,0,,-
HAPPY SKY,mind the gap,0,,-,667,DALIE,岡山県,864,SAPE,岡山県,1568,O.N.O.,岡山県,0,,-
HAPPY SKY,MOON RACE,0,,-,802,DALIE,岡山県,1071,ROTENO,岡山県,1873,J1M4O,岡山県,0,,-
HAPPY SKY,Pink Rose,0,,-,400,KAGAWA,岡山県,911,HYORAI,岡山県,1410,O.N.O.,岡山県,1994,AJAN,岡山県
HAPPY SKY,PLASMA,0,,-,922,DALIE,岡山県,1539,CORINS,岡山県,2280,O.N.O.,岡山県,0,,-
HAPPY SKY,Pollinosis,0,,-,720,HYORAI,岡山県,1032,HYORAI,岡山県,2519,O.N.O.,岡山県,0,,-
HAPPY SKY,POODLE,0,,-,0,,-,1785,SAPE,岡山県,2300,O.N.O.,岡山県,3367,O.N.O.,岡山県
HAPPY SKY,rage against usual,0,,-,1255,DALIE,岡山県,1940,CU,岡山県,2889,MITTUN,岡山県,0,,-
HAPPY SKY,SCREAM SQUAD,0,,-,1098,DALIE,岡山県,1590,CU,岡山県,2036,J1M4O,岡山県,0,,-
HAPPY SKY,Scripted Connection⇒ A mix,0,,-,1446,DALIE,岡山県,2013,CU,岡山県,3055,O.N.O.,岡山県,3391,O.N.O.,岡山県
HAPPY SKY,Scripted Connection⇒ H mix,0,,-,1520,DALIE,岡山県,1894,L.MSK,岡山県,2490,RYU,岡山県,2883,O.N.O.,岡山県
HAPPY SKY,Scripted Connection⇒ N mix,0,,-,1158,DALIE,岡山県,1463,R,岡山県,2116,J1M4O,岡山県,2442,RYU,岡山県
HAPPY SKY,SigSig,510,MAMON,岡山県,1021,DALIE,岡山県,1598,10F,岡山県,2591,J1M4O,岡山県,0,,-
HAPPY SKY,Tizona d'El Cid,0,,-,886,DALIE,岡山県,1677,I.TSRN,岡山県,2313,J1M4O,岡山県,0,,-
HAPPY SKY,Twelfth Style,0,,-,1131,DALIE,岡山県,1383,ROTENO,岡山県,2003,O.N.O.,岡山県,3199,O.N.O.,岡山県
HAPPY SKY,Under the Sky,0,,-,859,DALIE,岡山県,1350,KURO,岡山県,1729,O.N.O.,岡山県,0,,-
HAPPY SKY,vault of heaven,0,,-,738,DALIE,岡山県,1127,MAIL,岡山県,1953,POMIJI,岡山県,0,,-
HAPPY SKY,Votum stellarum,0,,-,770,HYORAI,岡山県,1556,ROTENO,岡山県,1964,J1M4O,岡山県,0,,-
HAPPY SKY,We are Disっ娘よっつ打ち命,0,,-,631,LEONA,岡山県,805,HYORAI,岡山県,1665,O.N.O.,岡山県,0,,-
HAPPY SKY,Xepher,365,MASSAN,岡山県,1017,DALIE,岡山県,2072,AJAN,岡山県,2979,RYU,岡山県,0,,-
HAPPY SKY,オレはビートマニア！お前は何マニア？,0,,-,736,I.TSRN,岡山県,1325,SAPE,岡山県,1667,MITTUN,岡山県,0,,-
HAPPY SKY,ヒマワリ,0,,-,532,DALIE,岡山県,1817,KAZU,岡山県,2058,GENO,岡山県,0,,-
HAPPY SKY,ラクエン,0,,-,564,DALIE,岡山県,755,KURO,岡山県,1977,RYU,岡山県,0,,-
HAPPY SKY,冥,447,TOUYA,岡山県,883,CU,岡山県,1977,AJAN,岡山県,3585,RYU,岡山県,0,,-
HAPPY SKY,合体せよ！ストロングイェーガー！！ (Ryu☆ remix),0,,-,1030,DALIE,岡山県,1466,CORINS,岡山県,1912,O.N.O.,岡山県,0,,-
HAPPY SKY,月光,0,,-,841,DALIE,岡山県,1496,S4B1T0,岡山県,2473,O.N.O.,岡山県,0,,-
DistorteD,ALFARSHEAR 双神威に廻る夢,252,CHARLE,岡山県,1012,DALIE,岡山県,1583,SAPE,岡山県,2088,O.N.O.,岡山県,0,,-
DistorteD,Apocalypse ～dirge of swans～,185,FREED,岡山県,849,DALIE,岡山県,1603,AHEAD,岡山県,2390,J1M4O,岡山県,0,,-
DistorteD,BALLAD THE FEATHERS,0,,-,650,DALIE,岡山県,633,ROK.U,岡山県,1505,GENO,岡山県,0,,-
DistorteD,Bloody Tears(IIDX EDITION),0,,-,1059,DALIE,岡山県,1925,CU,岡山県,2184,O.N.O.,岡山県,0,,-
DistorteD,BOOM BOOM DISCO NIGHT,0,,-,932,HYORAI,岡山県,1655,SAPE,岡山県,2283,O.N.O.,岡山県,0,,-
DistorteD,Broadbanded,0,,-,828,U-A,岡山県,1208,SAPE,岡山県,2013,RYU,岡山県,0,,-
DistorteD,Concertino in Blue,218,TOK5,岡山県,763,HYORAI,岡山県,1472,M.,岡山県,2455,O.N.O.,岡山県,0,,-
DistorteD,CONTRACT,0,,-,1202,INYS,岡山県,1602,CU,岡山県,2056,RYU,岡山県,2689,MITTUN,岡山県
DistorteD,D.C.fish,0,,-,954,HYORAI,岡山県,1807,ROTENO,岡山県,2334,O.N.O.,岡山県,0,,-
DistorteD,DEEP ROAR,0,,-,946,HYORAI,岡山県,1418,AJAN,岡山県,2757,O.N.O.,岡山県,0,,-
DistorteD,Double Loving Heart,0,,-,553,DALIE,岡山県,1223,HYORAI,岡山県,1806,O.N.O.,岡山県,0,,-
DistorteD,DUE TOMORROW,0,,-,780,DALIE,岡山県,1309,KETY,岡山県,1925,O.N.O.,岡山県,0,,-
DistorteD,EURO-ROMANCE,0,,-,889,HYORAI,岡山県,1774,ROTENO,岡山県,2101,O.N.O.,岡山県,0,,-
DistorteD,Ganymede,0,,-,1002,DALIE,岡山県,1669,CU,岡山県,2323,RYU,岡山県,2466,RYU,岡山県
DistorteD,Harmony and Lovely,0,,-,844,DALIE,岡山県,1705,KURO,岡山県,2232,RYU,岡山県,0,,-
DistorteD,Heavenly Sun (IIDX VERSION),0,,-,795,HYORAI,岡山県,1457,MIYAKO,岡山県,2113,O.N.O.,岡山県,0,,-
DistorteD,INFERNO,0,,-,1091,HYORAI,岡山県,1486,I.TSRN,岡山県,1984,GENO,岡山県,0,,-
DistorteD,Leaving...,0,,-,729,HYORAI,岡山県,1346,CORINS,岡山県,2212,O.N.O.,岡山県,0,,-
DistorteD,MINT,0,,-,1008,MITTUN,岡山県,1682,CU,岡山県,2296,O.N.O.,岡山県,0,,-
DistorteD,MOON,0,,-,793,DALIE,岡山県,1883,DALIE,岡山県,2205,J1M4O,岡山県,0,,-
DistorteD,Power of Love,0,,-,964,HYORAI,岡山県,1483,I.TSRN,岡山県,2090,AJAN,岡山県,0,,-
DistorteD,So Fabulous !!,0,,-,1041,DALIE,岡山県,1309,KAI,岡山県,2342,RYU,岡山県,0,,-
DistorteD,Sun Field,0,,-,523,DALIE,岡山県,1136,SS55,岡山県,2442,O.N.O.,岡山県,0,,-
DistorteD,The Dirty of Loudness,0,,-,1393,TOMJ,岡山県,2187,MILK*T,岡山県,2601,O.N.O.,岡山県,0,,-
DistorteD,This is Love,0,,-,873,HYORAI,岡山県,1494,-7-,岡山県,2456,MITTUN,岡山県,0,,-
DistorteD,tripping contact(teranoid&MC Natsack Remix),0,,-,1130,DALIE,岡山県,1869,CU,岡山県,2465,RYU,岡山県,0,,-
DistorteD,TYPE MARS(G-Style Mix),0,,-,1059,HYORAI,岡山県,1795,FURIE,岡山県,2392,RYU,岡山県,0,,-
DistorteD,waxing and wanding,0,,-,1264,I.TSRN,岡山県,1895,KURO,岡山県,2888,J1M4O,岡山県,3935,*0712*,岡山県
DistorteD,Why did you go away,526,MISNA,岡山県,1110,TORO,岡山県,1674,SAPE,岡山県,2289,GENO,岡山県,0,,-
DistorteD,WISH(EUROBEAT MIX),0,,-,967,DALIE,岡山県,1444,SAPE,岡山県,1973,O.N.O.,岡山県,0,,-
DistorteD,with you…,0,,-,752,DALIE,岡山県,859,241.,岡山県,1779,O.N.O.,岡山県,0,,-
DistorteD,Zenius -I- vanisher,0,,-,936,DALIE,岡山県,1486,SAPE,岡山県,2365,GENO,岡山県,0,,-
DistorteD,カゴノトリ～弐式～,0,,-,1088,SARPON,岡山県,1727,AZMASA,岡山県,2628,O.N.O.,岡山県,0,,-
DistorteD,タシカナモノ,0,,-,880,DALIE,岡山県,1346,I.TSRN,岡山県,2016,NICOL,岡山県,0,,-
DistorteD,嘆きの樹,0,,-,1722,TORO,岡山県,2422,.COM,岡山県,3817,*0712*,岡山県,0,,-
DistorteD,罠,0,,-,541,DALIE,岡山県,1494,SAPE,岡山県,2438,J1M4O,岡山県,0,,-
DistorteD,華蝶風雪,0,,-,1176,DALIE,岡山県,1970,YK,岡山県,2950,J1M4O,岡山県,3960,RYU,岡山県
DistorteD,虹色,0,,-,922,DALIE,岡山県,1479,KURO,岡山県,1848,GENO,岡山県,0,,-
GOLD,2hot2eat,0,,-,537,DALIE,岡山県,1010,I.TSRN,岡山県,1647,O.N.O.,岡山県,0,,-
GOLD,Air Bell,0,,-,923,HYORAI,岡山県,1127,-7-,岡山県,1721,MITTUN,岡山県,0,,-
GOLD,ANDROMEDA II,0,,-,956,DALIE,岡山県,1690,ROTENO,岡山県,2431,J1M4O,岡山県,0,,-
GOLD,Blind Justice ～Torn souls， Hurt Faiths ～,0,,-,1262,DALIE,岡山県,1805,AZMASA,岡山県,2480,O.N.O.,岡山県,0,,-
GOLD,Candy Galy,0,,-,1492,I.TSRN,岡山県,2416,KETY,岡山県,3499,MITTUN,岡山県,0,,-
GOLD,CaptivAte～裁き～,404,DALIE,岡山県,807,LEONA,岡山県,1237,M.,岡山県,1764,J1M4O,岡山県,0,,-
GOLD,CaptivAte～誓い～,0,,-,1243,DALIE,岡山県,1907,AHEAD,岡山県,2217,KEISOO,岡山県,0,,-
GOLD,CROSSROAD ～Left Story～,0,,-,1103,HYORAI,岡山県,1521,IIDX33,岡山県,2191,O.N.O.,岡山県,0,,-
GOLD,Cyber Force,0,,-,1191,DALIE,岡山県,1793,KURO,岡山県,2354,GENO,岡山県,0,,-
GOLD,Fascination MAXX,0,,-,873,JIRU6N,岡山県,1626,RYU,岡山県,2413,O.N.O.,岡山県,0,,-
GOLD,FIRE FIRE,405,ROK.U,岡山県,1173,TORO,岡山県,1808,J1M4O,岡山県,2742,O.N.O.,岡山県,0,,-
GOLD,four-leaf,0,,-,733,DALIE,岡山県,1201,KURO,岡山県,1694,GENO,岡山県,0,,-
GOLD,GOLD RUSH,431,P-CHAN,岡山県,1154,ROTENO,岡山県,1469,RYU,岡山県,2357,RYU,岡山県,0,,-
GOLD,GRID KNIGHT,0,,-,726,HYORAI,岡山県,1760,SAPE,岡山県,2641,RYU,岡山県,3457,KEISOO,岡山県
GOLD,heaven above,0,,-,761,DALIE,岡山県,1232,I.TSRN,岡山県,1831,AJAN,岡山県,0,,-
GOLD,High School Love,237,TOK5,岡山県,833,DALIE,岡山県,1544,*SELL*,岡山県,2199,J1M4O,岡山県,0,,-
GOLD,INORI,0,,-,1316,DALIE,岡山県,2388,CU,岡山県,3182,RYU,岡山県,0,,-
GOLD,KAMAITACHI,0,,-,1182,DALIE,岡山県,1868,YOH917,岡山県,2703,O.N.O.,岡山県,3743,O.N.O.,岡山県
GOLD,LASER CRUSTER,0,,-,1405,KURO,岡山県,2414,RYU,岡山県,3214,O.N.O.,岡山県,0,,-
GOLD,Love Again...,0,,-,552,MIYAKO,岡山県,762,MIYAKO,岡山県,1064,AJAN,岡山県,0,,-
GOLD,Make Me Your Own,0,,-,832,CU,岡山県,1471,KURO,岡山県,2109,GENO,岡山県,0,,-
GOLD,METALLIC MIND,0,,-,805,DALIE,岡山県,1368,KAZU,岡山県,1615,MITTUN,岡山県,0,,-
GOLD,never…,0,,-,786,HYORAI,岡山県,1285,PARM,岡山県,1808,GENO,岡山県,0,,-
GOLD,op.31 叙情,0,,-,360,DALIE,岡山県,1238,SARPON,岡山県,1536,RYU,岡山県,0,,-
GOLD,PHOTONGENIC,0,,-,1230,I.TSRN,岡山県,1892,CU,岡山県,2293,GENO,岡山県,0,,-
GOLD,Roulette,0,,-,857,DALIE,岡山県,1146,SS55,岡山県,2121,O.N.O.,岡山県,0,,-
GOLD,Second Heaven,165,SUNA91,岡山県,923,DALIE,岡山県,1512,AJAN,岡山県,2103,O.N.O.,岡山県,0,,-
GOLD,Sense 2007,0,,-,1280,N#,岡山県,2243,RYU,岡山県,2889,O.N.O.,岡山県,0,,-
GOLD,smile,0,,-,1433,I.TSRN,岡山県,1990,KAZU,岡山県,2883,RYU,岡山県,0,,-
GOLD,snow storm,176,FUNI,岡山県,722,MASSAN,岡山県,2166,KETY,岡山県,2774,J1M4O,岡山県,3349,O.N.O.,岡山県
GOLD,the shadow,0,,-,1153,DALIE,岡山県,1905,OK!,岡山県,2883,RYU,岡山県,0,,-
GOLD,The Smile of You,0,,-,908,TORO,岡山県,1267,I.TSRN,岡山県,1626,O.N.O.,岡山県,0,,-
GOLD,TRANOID,0,,-,732,DALIE,岡山県,1611,CU,岡山県,2188,MITTUN,岡山県,2926,MITTUN,岡山県
GOLD,VANESSA,0,,-,1004,ROTENO,岡山県,1755,AJAN,岡山県,2386,O.N.O.,岡山県,3300,O.N.O.,岡山県
GOLD,Watch out!!,0,,-,696,DALIE,岡山県,987,SARPON,岡山県,1583,J1M4O,岡山県,0,,-
GOLD,With your Smile,0,,-,719,TORO,岡山県,1188,MITTUN,岡山県,1574,O.N.O.,岡山県,0,,-
GOLD,クルクル☆ラブ～Opioid Peptide MIX～,334,BBBBCC,岡山県,945,HYORAI,岡山県,1461,MILK*T,岡山県,2212,NICOL,岡山県,0,,-
GOLD,ヨシダさん,0,,-,899,DALIE,岡山県,1144,NANAKI,岡山県,1969,O.N.O.,岡山県,0,,-
GOLD,リグレット,0,,-,1252,DALIE,岡山県,1659,INO.,岡山県,2431,O.N.O.,岡山県,0,,-
GOLD,星をこの手に,0,,-,1154,I.TSRN,岡山県,1728,OK!,岡山県,2167,GENO,岡山県,0,,-
GOLD,花吹雪 ～ IIDX LIMITED ～,0,,-,690,LEONA,岡山県,913,44MARU,岡山県,1429,GENO,岡山県,0,,-
GOLD,零 - ZERO -,185,MGSG,岡山県,1158,TORO,岡山県,1672,SAPE,岡山県,2296,GENO,岡山県,2706,NICOL,岡山県
GOLD,電人、暁に斃れる。,0,,-,1399,I.TSRN,岡山県,2240,TOMJ,岡山県,3332,O.N.O.,岡山県,0,,-
DJ TROOPERS,2 tribe 4 K,0,,-,838,HYORAI,岡山県,1252,I.TSRN,岡山県,2718,J1M4O,岡山県,0,,-
DJ TROOPERS,"Anisakis -somatic mutation type""Forza""-",0,,-,1153,DALIE,岡山県,2023,CU,岡山県,2822,MITTUN,岡山県,3793,*0712*,岡山県
DJ TROOPERS,avant-guerre,0,,-,710,DALIE,岡山県,1179,I.TSRN,岡山県,1892,J1M4O,岡山県,0,,-
DJ TROOPERS,Be OK,0,,-,919,CU,岡山県,1734,IIDX33,岡山県,2400,J1M4O,岡山県,3301,O.N.O.,岡山県
DJ TROOPERS,beatonic nation,0,,-,1227,DALIE,岡山県,1707,S4B1T0,岡山県,2154,GENO,岡山県,0,,-
DJ TROOPERS,Blue Rain,272,SY0...,岡山県,939,DALIE,岡山県,1381,MIYAKO,岡山県,2261,O.N.O.,岡山県,3295,O.N.O.,岡山県
DJ TROOPERS,Darling my LUV,0,,-,664,HYORAI,岡山県,903,U-A,岡山県,1380,MITTUN,岡山県,0,,-
DJ TROOPERS,Dazzlin' Darlin,292,DSDS,岡山県,858,LEONA,岡山県,1362,CU,岡山県,2226,O.N.O.,岡山県,0,,-
DJ TROOPERS,Digitank System,0,,-,776,ROK.U,岡山県,1501,KETY,岡山県,2112,RYU,岡山県,0,,-
DJ TROOPERS,Do it!! Do it!!,0,,-,1011,CU,岡山県,1317,OOZORA,岡山県,1914,RYU,岡山県,2402,MITTUN,岡山県
DJ TROOPERS,end of world,0,,-,928,HYORAI,岡山県,1582,SAPE,岡山県,2460,GENO,岡山県,0,,-
DJ TROOPERS,evergreen,0,,-,964,KAZU,岡山県,1316,KAZU,岡山県,1925,GENO,岡山県,0,,-
DJ TROOPERS,four pieces of heaven,0,,-,829,DALIE,岡山県,1569,FAXXXX,岡山県,2307,RYU,岡山県,2818,RYU,岡山県
DJ TROOPERS,Freeway Shuffle,250,RIZE,岡山県,774,HYORAI,岡山県,1119,I.TSRN,岡山県,1822,AJAN,岡山県,0,,-
DJ TROOPERS,ICARUS,0,,-,1188,DALIE,岡山県,1827,KETY,岡山県,2381,O.N.O.,岡山県,3535,O.N.O.,岡山県
DJ TROOPERS,in the Sky,0,,-,1301,DALIE,岡山県,1993,FAXXXX,岡山県,2535,*0712*,岡山県,0,,-
DJ TROOPERS,Kick Out 仮面,0,,-,1140,DALIE,岡山県,1475,I.TSRN,岡山県,2022,GENO,岡山県,0,,-
DJ TROOPERS,LOVELY STORM,0,,-,1149,DALIE,岡山県,2021,SAPE,岡山県,2814,RYU,岡山県,0,,-
DJ TROOPERS,madrugada,0,,-,686,HYORAI,岡山県,1157,KAZU,岡山県,1806,O.N.O.,岡山県,0,,-
DJ TROOPERS,MAX LOVE,0,,-,1402,I.TSRN,岡山県,2133,CU,岡山県,2668,GENO,岡山県,0,,-
DJ TROOPERS,MENDES,0,,-,1042,DALIE,岡山県,2616,RYU,岡山県,3512,O.N.O.,岡山県,0,,-
DJ TROOPERS,MENTAL MELTDOWN,0,,-,1120,CU,岡山県,2001,OK!,岡山県,2760,RYU,岡山県,0,,-
DJ TROOPERS,NEW GENERATION -もう、お前しか見えない-,0,,-,960,43,岡山県,1836,KAZU,岡山県,2594,RYU,岡山県,3612,O.N.O.,岡山県
DJ TROOPERS,oratio,0,,-,1331,DALIE,岡山県,1946,L.MSK,岡山県,2922,O.N.O.,岡山県,0,,-
DJ TROOPERS,PARANOiA ～HADES～,0,,-,881,I.TSRN,岡山県,1823,RYU,岡山県,2725,O.N.O.,岡山県,0,,-
DJ TROOPERS,PROMISE FOR LIFE,0,,-,584,DALIE,岡山県,1457,I.TSRN,岡山県,1743,MITTUN,岡山県,0,,-
DJ TROOPERS,REMINISCENCE,0,,-,1208,DALIE,岡山県,1792,CU,岡山県,2330,O.N.O.,岡山県,0,,-
DJ TROOPERS,Rising in the Sun(original mix),0,,-,891,CU,岡山県,1590,M.,岡山県,2188,KY.,岡山県,0,,-
DJ TROOPERS,Ristaccia,0,,-,1131,DALIE,岡山県,1857,MR.CB,岡山県,2731,O.N.O.,岡山県,0,,-
DJ TROOPERS,"satellite020712 from ""CODED ARMS""",0,,-,917,CRI,岡山県,1763,M.,岡山県,2517,RYU,岡山県,0,,-
DJ TROOPERS,satfinal,0,,-,1027,HYORAI,岡山県,1333,JUN2,岡山県,1912,GENO,岡山県,0,,-
DJ TROOPERS,scar in the earth,0,,-,617,DALIE,岡山県,935,DAIMYO,岡山県,1513,O.N.O.,岡山県,0,,-
DJ TROOPERS,SOUND OF GIALLARHORN,284,NGT555,岡山県,1295,DALIE,岡山県,2541,CU,岡山県,3259,RYU,岡山県,0,,-
DJ TROOPERS,State Of The Art,0,,-,1083,TORO,岡山県,1303,IIDX33,岡山県,3094,O.N.O.,岡山県,0,,-
DJ TROOPERS,STEEL NEEDLE,0,,-,967,ZUB,岡山県,2017,AJAN,岡山県,2420,RYU,岡山県,3213,RYU,岡山県
DJ TROOPERS,switch,0,,-,759,DALIE,岡山県,1417,CORINS,岡山県,2083,RYU,岡山県,0,,-
DJ TROOPERS,THE DEEP STRIKER,310,ILIES,岡山県,995,DALIE,岡山県,2125,CU,岡山県,2995,O.N.O.,岡山県,3489,O.N.O.,岡山県
DJ TROOPERS,the trigger of innocence,0,,-,845,DALIE,岡山県,1146,CU,岡山県,1846,O.N.O.,岡山県,3109,O.N.O.,岡山県
DJ TROOPERS,Time to Air,0,,-,1181,HYORAI,岡山県,2013,CU,岡山県,2863,J1M4O,岡山県,3574,*0712*,岡山県
DJ TROOPERS,TRIP MACHINE PhoeniX,0,,-,602,ZUB,岡山県,1396,SAPE,岡山県,1809,RYU,岡山県,0,,-
DJ TROOPERS,TROOPERS,0,,-,1167,CU,岡山県,2237,CU,岡山県,2920,O.N.O.,岡山県,0,,-
DJ TROOPERS,Ubertreffen,0,,-,964,LEONA,岡山県,1884,CU,岡山県,2516,O.N.O.,岡山県,3200,O.N.O.,岡山県
DJ TROOPERS,Wanna Party?,0,,-,512,DEOKUN,岡山県,1115,CU,岡山県,1513,O.N.O.,岡山県,2587,O.N.O.,岡山県
DJ TROOPERS,エコ爺,219,TOK5,岡山県,816,DALIE,岡山県,1167,N#,岡山県,1826,O.N.O.,岡山県,0,,-
DJ TROOPERS,マチ子の唄,0,,-,785,HYORAI,岡山県,1156,ZUB,岡山県,1797,O.N.O.,岡山県,0,,-
DJ TROOPERS,ミラージュ・レジデンス,0,,-,1045,DALIE,岡山県,1984,KAZU,岡山県,2539,POMIJI,岡山県,3201,MITTUN,岡山県
DJ TROOPERS,少年A,0,,-,1031,DALIE,岡山県,1942,PARM,岡山県,2769,RYU,岡山県,0,,-
DJ TROOPERS,華爛漫 -Flowers-,306,MASSAN,岡山県,956,DALIE,岡山県,1445,*SELL*,岡山県,2041,J1M4O,岡山県,3148,O.N.O.,岡山県
DJ TROOPERS,走馬灯 -The Last Song-,0,,-,494,DALIE,岡山県,861,HYORAI,岡山県,1319,AJAN,岡山県,0,,-
DJ TROOPERS,高高度降下低高度開傘,0,,-,839,DALIE,岡山県,1227,PE6CAN,岡山県,1997,O.N.O.,岡山県,0,,-
EMPRESS,3y3s,412,CIEL,岡山県,1418,SAPE,岡山県,2349,KETY,岡山県,3372,MITTUN,岡山県,0,,-
EMPRESS,ALL I NEED YOUR LOVE,0,,-,1016,DALIE,岡山県,1612,OK!,岡山県,2109,O.N.O.,岡山県,0,,-
EMPRESS,ALL MY TURN -このターンに、オレの全てを賭ける-,0,,-,992,DALIE,岡山県,1668,TOMJ,岡山県,2553,RYU,岡山県,0,,-
EMPRESS,Arabian Rave Night,0,,-,1214,DALIE,岡山県,2172,CU,岡山県,2908,J1M4O,岡山県,3587,O.N.O.,岡山県
EMPRESS,B4U(BEMANI FOR YOU MIX),0,,-,1164,DALIE,岡山県,2234,CU,岡山県,3530,J1M4O,岡山県,4514,O.N.O.,岡山県
EMPRESS,Bahram Attack-猫叉Master Remix-,0,,-,1013,DALIE,岡山県,1899,KETY,岡山県,2610,O.N.O.,岡山県,3251,O.N.O.,岡山県
EMPRESS,BITTER CHOCOLATE STRIKER,0,,-,991,DALIE,岡山県,2082,CU,岡山県,3859,O.N.O.,岡山県,0,,-
EMPRESS,BRIDAL FESTIVAL !!!,0,,-,922,DALIE,岡山県,1350,I.TSRN,岡山県,2091,TIN8NG,岡山県,0,,-
EMPRESS,CaptivAte2～覚醒～,0,,-,1029,DALIE,岡山県,1679,CU,岡山県,2405,RYU,岡山県,0,,-
EMPRESS,Colorful Cookie,642,BAR,岡山県,1094,DALIE,岡山県,2223,CU,岡山県,3463,J1M4O,岡山県,0,,-
EMPRESS,Cyber Force -DJ Yoshitaka Remix-,0,,-,1053,CU,岡山県,1711,A.AIMU,岡山県,2508,GENO,岡山県,0,,-
EMPRESS,Flash Back 90's,0,,-,900,DALIE,岡山県,1686,SAPE,岡山県,2322,J1M4O,岡山県,2876,RYU,岡山県
EMPRESS,Fly Above,0,,-,947,DALIE,岡山県,1449,DEOKUN,岡山県,2030,O.N.O.,岡山県,0,,-
EMPRESS,Go Beyond!!,343,MAMON,岡山県,777,7V8U,岡山県,1648,KETY,岡山県,2158,MITTUN,岡山県,0,,-
EMPRESS,HYPERION,0,,-,1053,DALIE,岡山県,1906,CU,岡山県,2756,O.N.O.,岡山県,0,,-
EMPRESS,I'm Screaming LOVE,0,,-,603,DALIE,岡山県,1128,SS55,岡山県,1698,O.N.O.,岡山県,0,,-
EMPRESS,Jack,0,,-,870,DALIE,岡山県,1289,SAPE,岡山県,2158,MITTUN,岡山県,0,,-
EMPRESS,Just a Little Smile,0,,-,776,DALIE,岡山県,1192,PECIAL,岡山県,2446,RYU,岡山県,0,,-
EMPRESS,Kung-fu Empire,0,,-,1296,LEONA,岡山県,2420,KURO,岡山県,3221,RYU,岡山県,3841,O.N.O.,岡山県
EMPRESS,Marie Antoinette,0,,-,938,DALIE,岡山県,1597,A.AIMU,岡山県,2576,RYU,岡山県,3165,RYU,岡山県
EMPRESS,Mind Mapping,339,LABMEM,岡山県,808,DALIE,岡山県,1213,ROTENO,岡山県,1818,GENO,岡山県,2173,JIRU6N,岡山県
EMPRESS,Monkey Dance '09,0,,-,842,DALIE,岡山県,1546,IIDX33,岡山県,2241,J1M4O,岡山県,0,,-
EMPRESS,naughty girl@Queen's Palace,0,,-,816,CU,岡山県,1610,KETY,岡山県,2098,O.N.O.,岡山県,2596,RYU,岡山県
EMPRESS,neogenesis,0,,-,931,DALIE,岡山県,1231,HYORAI,岡山県,1705,RYU,岡山県,2336,RYU,岡山県
EMPRESS,NΦ CRIME,274,MASSAN,岡山県,789,HYORAI,岡山県,1362,I.TSRN,岡山県,1888,GENO,岡山県,2410,O.N.O.,岡山県
EMPRESS,Programmed World,0,,-,874,LEONA,岡山県,1680,ROTENO,岡山県,2300,O.N.O.,岡山県,0,,-
EMPRESS,Punch Love 仮面,0,,-,1047,DALIE,岡山県,1600,SAPE,岡山県,2489,J1M4O,岡山県,3203,O.N.O.,岡山県
EMPRESS,Queen's Tragedy,0,,-,812,DALIE,岡山県,1537,ROTENO,岡山県,2237,J1M4O,岡山県,0,,-
EMPRESS,Secrets,0,,-,1234,TORO,岡山県,2262,CU,岡山県,3138,O.N.O.,岡山県,4049,O.N.O.,岡山県
EMPRESS,smooooch・∀・,376,BAR,岡山県,822,TORO,岡山県,1589,SAPE,岡山県,2124,O.N.O.,岡山県,2789,RYU,岡山県
EMPRESS,SOLITON BEAM,0,,-,1294,HYORAI,岡山県,1805,SAPE,岡山県,2329,J1M4O,岡山県,0,,-
EMPRESS,THANK YOU FOR PLAYING,0,,-,766,DALIE,岡山県,1488,NAOH48,岡山県,2090,GENO,岡山県,2972,O.N.O.,岡山県
EMPRESS,THE SHINING POLARIS(kors k mix),0,,-,1190,DALIE,岡山県,1959,CU,岡山県,3163,J1M4O,岡山県,0,,-
EMPRESS,thunder HOUSE NATION Remix,0,,-,989,DALIE,岡山県,1481,I.TSRN,岡山県,2447,O.N.O.,岡山県,3880,O.N.O.,岡山県
EMPRESS,Turii ～Panta rhei～,0,,-,850,DALIE,岡山県,1853,I.TSRN,岡山県,2657,O.N.O.,岡山県,0,,-
EMPRESS,V2,564,HUTON,岡山県,1397,HYORAI,岡山県,3174,RYU,岡山県,3541,O.N.O.,岡山県,0,,-
EMPRESS,Y&Co. is dead or alive,0,,-,358,KAZU,岡山県,1616,ABI,岡山県,2782,O.N.O.,岡山県,0,,-
EMPRESS,"You'll say ""Now!""",0,,-,1103,DALIE,岡山県,1770,IHM,岡山県,2495,RYU,岡山県,0,,-
EMPRESS,まほろば,0,,-,746,CU,岡山県,1355,M.,岡山県,2042,O.N.O.,岡山県,0,,-
EMPRESS,ハリツヤランデヴー,0,,-,942,HYORAI,岡山県,1839,S4B1T0,岡山県,2486,O.N.O.,岡山県,0,,-
EMPRESS,ミッドナイト堕天使,0,,-,919,DALIE,岡山県,1517,CORINS,岡山県,2772,O.N.O.,岡山県,0,,-
EMPRESS,不沈艦CANDY,516,NEKKO,岡山県,1141,TORO,岡山県,1890,KUCCHI,岡山県,3257,*0712*,岡山県,0,,-
EMPRESS,凛として咲く花の如く,336,IIDX33,岡山県,1255,DALIE,岡山県,2092,KAZU,岡山県,2773,O.N.O.,岡山県,3168,O.N.O.,岡山県
EMPRESS,卑弥呼,0,,-,970,MARU,岡山県,2718,RYU,岡山県,3829,O.N.O.,岡山県,0,,-
EMPRESS,天空脳番長危機十六連打,0,,-,952,DALIE,岡山県,1983,CU,岡山県,2576,J1M4O,岡山県,0,,-
EMPRESS,山岡晃の「クイズ！家事都合！」,0,,-,622,DALIE,岡山県,1199,I.TSRN,岡山県,2054,O.N.O.,岡山県,0,,-
EMPRESS,翼,0,,-,867,HYORAI,岡山県,1440,CU,岡山県,1972,O.N.O.,岡山県,2512,O.N.O.,岡山県
EMPRESS,鉄甲乙女-under the steel-,0,,-,860,LEONA,岡山県,1515,I.TSRN,岡山県,2172,O.N.O.,岡山県,0,,-
SIRIUS,AIR RAID FROM THA UNDAGROUND,532,DALIE,岡山県,1112,PECIAL,岡山県,1624,SAPE,岡山県,2311,RYU,岡山県,2889,MITTUN,岡山県
SIRIUS,Almagest,0,,-,927,ATPS,岡山県,2028,AJAN,岡山県,3061,MITTUN,岡山県,0,,-
SIRIUS,Bad Maniacs,0,,-,1199,DALIE,岡山県,1749,CU,岡山県,3144,RYU,岡山県,0,,-
SIRIUS,bass 2 bass,161,N3G140,岡山県,715,TORO,岡山県,1227,M.,岡山県,1877,O.N.O.,岡山県,0,,-
SIRIUS,beatchic☆仮面～好き、でいさせて～,0,,-,974,HYORAI,岡山県,1609,KURO,岡山県,1998,MITTUN,岡山県,0,,-
SIRIUS,BEAUTIFUL ANGEL,0,,-,448,WINTER,岡山県,1706,SAPE,岡山県,2465,GENO,岡山県,0,,-
SIRIUS,being torn the sky,0,,-,621,HYORAI,岡山県,1126,SS55,岡山県,1966,GENO,岡山県,0,,-
SIRIUS,bloomin' feeling,241,TOK5,岡山県,1168,MIJUMA,岡山県,1883,R,岡山県,2595,RYU,岡山県,0,,-
SIRIUS,CaptivAte～裁き～(SUBLIME TECHNO MIX),0,,-,975,DALIE,岡山県,1479,SAPE,岡山県,2407,O.N.O.,岡山県,0,,-
SIRIUS,D,0,,-,1314,SAPE,岡山県,1672,TOMJ,岡山県,2527,RYU,岡山県,0,,-
SIRIUS,DAWN -THE NEXT ENDEAVOUR-,0,,-,1225,JAS32,岡山県,2612,CU,岡山県,3103,MITTUN,岡山県,0,,-
SIRIUS,Dazzlin' Darlin-秋葉工房mix-,0,,-,748,DALIE,岡山県,1422,CU,岡山県,2098,O.N.O.,岡山県,0,,-
SIRIUS,DESIRE,0,,-,903,DALIE,岡山県,1843,CU,岡山県,2840,J1M4O,岡山県,0,,-
SIRIUS,Do Back Burn,0,,-,661,DALIE,岡山県,1313,SAPE,岡山県,2119,RYU,岡山県,0,,-
SIRIUS,DOMINION,0,,-,1194,I.TSRN,岡山県,2251,CU,岡山県,3169,O.N.O.,岡山県,0,,-
SIRIUS,DROP,0,,-,825,HYORAI,岡山県,2007,CORINS,岡山県,2614,O.N.O.,岡山県,0,,-
SIRIUS,Elisha,294,P-CHAN,岡山県,869,HYORAI,岡山県,1451,SH!N0N,岡山県,2257,RYU,岡山県,0,,-
SIRIUS,Empire State Glory,0,,-,1112,TORO,岡山県,1702,ROTENO,岡山県,2630,J1M4O,岡山県,0,,-
SIRIUS,eRAseRmOToRpHAntOM,0,,-,0,,-,2390,KETY,岡山県,3277,RYU,岡山県,0,,-
SIRIUS,Evans,513,SLIME,岡山県,1186,DALIE,岡山県,2172,RYU,岡山県,2729,O.N.O.,岡山県,0,,-
SIRIUS,EXUSIA,0,,-,1215,TORO,岡山県,2469,CU,岡山県,3813,*0712*,岡山県,0,,-
SIRIUS,G59,0,,-,1628,DALIE,岡山県,2261,CU,岡山県,3817,O.N.O.,岡山県,0,,-
SIRIUS,GALGALIM,0,,-,0,,-,1826,OK!,岡山県,2324,RYU,岡山県,0,,-
SIRIUS,GOLDEN CROSS,0,,-,1066,SAPE,岡山県,1868,KAZU,岡山県,3474,RYU,岡山県,0,,-
SIRIUS,Hydrogen Blueback,0,,-,943,DALIE,岡山県,1590,ROTENO,岡山県,2318,O.N.O.,岡山県,2378,O.N.O.,岡山県
SIRIUS,IN THE NAME OF LOVE,380,P-CHAN,岡山県,720,DALIE,岡山県,1286,I.TSRN,岡山県,1927,O.N.O.,岡山県,0,,-
SIRIUS,Keep it-秋葉工房mix-,0,,-,985,CU,岡山県,1609,KURO,岡山県,1837,MITTUN,岡山県,0,,-
SIRIUS,Last Burning,0,,-,840,U-A,岡山県,1501,ROTENO,岡山県,2341,RYU,岡山県,0,,-
SIRIUS,Light Shine,0,,-,779,HYORAI,岡山県,1118,TORO,岡山県,1948,O.N.O.,岡山県,0,,-
SIRIUS,MIRACLE MEETS,0,,-,822,KANNA,岡山県,1497,OK!,岡山県,2214,O.N.O.,岡山県,0,,-
SIRIUS,mosaic,0,,-,1347,I.TSRN,岡山県,2035,E,岡山県,3007,O.N.O.,岡山県,0,,-
SIRIUS,NEW SENSATION -もう、あなたしか見えない-,0,,-,1086,KANNA,岡山県,1962,CU,岡山県,2659,O.N.O.,岡山県,0,,-
SIRIUS,NoN-Fiction Story!,0,,-,692,DALIE,岡山県,1316,I.TSRN,岡山県,2203,MITTUN,岡山県,0,,-
SIRIUS,Programmed Sun,0,,-,1016,DALIE,岡山県,1778,AHEAD,岡山県,2576,O.N.O.,岡山県,0,,-
SIRIUS,quell～the seventh slave～,0,,-,925,DALIE,岡山県,1636,L.MSK,岡山県,3115,O.N.O.,岡山県,0,,-
SIRIUS,Raison d'etre～交差する宿命～,0,,-,1198,TORO,岡山県,2060,CU,岡山県,2741,RYU,岡山県,4532,MITTUN,岡山県
SIRIUS,Red. by Full Metal Jacket,0,,-,940,DALIE,岡山県,2055,RYU,岡山県,3086,RYU,岡山県,0,,-
SIRIUS,Roots of my way!,0,,-,862,DALIE,岡山県,1228,I.TSRN,岡山県,2036,*0712*,岡山県,0,,-
SIRIUS,Session 1 -Genesis-,0,,-,881,HYORAI,岡山県,1391,L.MSK,岡山県,2429,J1M4O,岡山県,0,,-
SIRIUS,She is my wife,416,HYORAI,岡山県,656,HYORAI,岡山県,1453,CU,岡山県,1974,RYU,岡山県,0,,-
SIRIUS,SOLID STATE SQUAD,0,,-,987,DALIE,岡山県,2107,CU,岡山県,3551,O.N.O.,岡山県,3589,O.N.O.,岡山県
SIRIUS,Sorrows,0,,-,782,DALIE,岡山県,1653,CU,岡山県,2471,MITTUN,岡山県,0,,-
SIRIUS,Special One,0,,-,765,DALIE,岡山県,1110,I.TSRN,岡山県,1757,GENO,岡山県,0,,-
SIRIUS,THE LAST STRIKER,0,,-,1374,HYORAI,岡山県,1625,NANAMI,岡山県,2622,O.N.O.,岡山県,0,,-
SIRIUS,The Story Begins,0,,-,813,DALIE,岡山県,1555,A.AIMU,岡山県,2427,O.N.O.,岡山県,0,,-
SIRIUS,かずあそび,0,,-,514,DALIE,岡山県,1116,HYORAI,岡山県,1694,GENO,岡山県,0,,-
SIRIUS,たからもの,0,,-,1266,TORO,岡山県,1793,DALIE,岡山県,2243,O.N.O.,岡山県,3536,O.N.O.,岡山県
SIRIUS,コスモス,0,,-,623,ROK.U,岡山県,1418,DALIE,岡山県,2098,O.N.O.,岡山県,0,,-
SIRIUS,サヨナラ・ヘヴン,297,KUSA,岡山県,857,HYORAI,岡山県,1275,NG106,岡山県,1664,GENO,岡山県,2176,RYU,岡山県
SIRIUS,バビロニア,0,,-,809,LEONA,岡山県,1296,I.TSRN,岡山県,1841,AJAN,岡山県,0,,-
SIRIUS,ワルツ第17番 ト短調”大犬のワルツ”,0,,-,1087,DALIE,岡山県,2181,ABOX,岡山県,3126,RYU,岡山県,0,,-
SIRIUS,未来のプリズム,0,,-,621,DALIE,岡山県,1257,I.TSRN,岡山県,1754,GENO,岡山県,0,,-
SIRIUS,"水上の提督(Short mix from ""幻想水滸伝V"")",0,,-,678,HYORAI,岡山県,1465,SAPE,岡山県,2053,O.N.O.,岡山県,0,,-
Resort Anthem,Aegis,0,,-,831,DALIE,岡山県,1270,L.MSK,岡山県,2314,O.N.O.,岡山県,0,,-
Resort Anthem,ALBIDA,505,DALIE,岡山県,1055,DALIE,岡山県,1867,CU,岡山県,2980,*0712*,岡山県,0,,-
Resort Anthem,Answer,0,,-,734,DALIE,岡山県,1222,P5,岡山県,2411,O.N.O.,岡山県,0,,-
Resort Anthem,ANTHEM LANDING,0,,-,965,TORO,岡山県,1801,ROTENO,岡山県,2949,RYU,岡山県,0,,-
Resort Anthem,Believe In Me,0,,-,966,LEONA,岡山県,1736,CU,岡山県,2341,O.N.O.,岡山県,0,,-
Resort Anthem,BLUST OF WIND,0,,-,787,CU,岡山県,1436,HYORAI,岡山県,2108,GENO,岡山県,2577,RYU,岡山県
Resort Anthem,Bounce Bounce Bounce,0,,-,976,CU,岡山県,1659,M.,岡山県,2431,RYU,岡山県,0,,-
Resort Anthem,Breaking the ground,0,,-,1092,CU,岡山県,1755,KAZU,岡山県,2499,GENO,岡山県,0,,-
Resort Anthem,Broken,0,,-,1027,DALIE,岡山県,1980,KETY,岡山県,3135,O.N.O.,岡山県,0,,-
Resort Anthem,BROKEN EDEN,0,,-,978,DALIE,岡山県,1573,SAPE,岡山県,2312,RYU,岡山県,0,,-
Resort Anthem,Dances with Snow Fairies,0,,-,1333,I.TSRN,岡山県,2104,KETY,岡山県,3080,RYU,岡山県,3898,O.N.O.,岡山県
Resort Anthem,DAYDREAMER,0,,-,1133,DALIE,岡山県,1654,HYORAI,岡山県,2525,O.N.O.,岡山県,0,,-
Resort Anthem,Destiny Sword,0,,-,837,HYORAI,岡山県,1589,SAPE,岡山県,2369,RYU,岡山県,0,,-
Resort Anthem,DM STAR～関西 energy style～,0,,-,1056,DALIE,岡山県,1835,CU,岡山県,2400,O.N.O.,岡山県,0,,-
Resort Anthem,Energy Drive,0,,-,845,DALIE,岡山県,1343,INYS,岡山県,2195,O.N.O.,岡山県,0,,-
Resort Anthem,Eternal Tears,0,,-,426,DALIE,岡山県,1039,JUN2,岡山県,1363,MITTUN,岡山県,0,,-
Resort Anthem,Everlasting Resort,0,,-,827,DALIE,岡山県,1133,MIJUMA,岡山県,1892,O.N.O.,岡山県,0,,-
Resort Anthem,Fantasia,179,CHARLE,岡山県,393,DALIE,岡山県,1514,TORO,岡山県,2245,O.N.O.,岡山県,0,,-
Resort Anthem,Golden Palms,0,,-,713,DALIE,岡山県,1392,KAZU,岡山県,2006,O.N.O.,岡山県,2382,RYU,岡山県
Resort Anthem,I FIGHT ME,0,,-,606,DALIE,岡山県,1417,TORO,岡山県,2121,GENO,岡山県,0,,-
Resort Anthem,Kailua,0,,-,489,DALIE,岡山県,1248,SAPE,岡山県,2175,O.N.O.,岡山県,0,,-
Resort Anthem,Let The Track Flow,0,,-,992,LEONA,岡山県,1649,SAPE,岡山県,2649,RYU,岡山県,0,,-
Resort Anthem,Medicine of love,0,,-,622,DALIE,岡山県,1032,MIYAKO,岡山県,1730,O.N.O.,岡山県,2477,JIRU6N,岡山県
Resort Anthem,Mermaid girl,580,FURIE,岡山県,953,LEONA,岡山県,1684,TORO,岡山県,2212,AJAN,岡山県,0,,-
Resort Anthem,Never Fade Away,0,,-,757,DALIE,岡山県,1437,ATPS,岡山県,2989,*0712*,岡山県,0,,-
Resort Anthem,New Castle Legions,0,,-,794,MASSAN,岡山県,1836,CU,岡山県,2692,MITTUN,岡山県,0,,-
Resort Anthem,PARADISE LOST,0,,-,1257,I.TSRN,岡山県,2324,RYU,岡山県,3219,MITTUN,岡山県,0,,-
Resort Anthem,passionate fate,0,,-,1065,HYORAI,岡山県,1555,ROTENO,岡山県,2128,O.N.O.,岡山県,0,,-
Resort Anthem,perditus†paradisus,0,,-,1136,I.TSRN,岡山県,2521,RYU,岡山県,3747,RYU,岡山県,0,,-
Resort Anthem,Programmed Life,0,,-,0,,-,1656,CU,岡山県,2338,GENO,岡山県,0,,-
Resort Anthem,reunion,285,A0KI,岡山県,1281,HYORAI,岡山県,2440,RYU,岡山県,3159,O.N.O.,岡山県,0,,-
Resort Anthem,Rock Da House,0,,-,901,TORO,岡山県,1592,CU,岡山県,2230,RYU,岡山県,0,,-
Resort Anthem,SABER WING,0,,-,511,DALIE,岡山県,1745,KAZU,岡山県,2832,O.N.O.,岡山県,0,,-
Resort Anthem,Sakura Reflection,0,,-,473,LEONA,岡山県,1489,GIN,岡山県,2366,O.N.O.,岡山県,0,,-
Resort Anthem,sakura storm,0,,-,961,LEONA,岡山県,1302,CU,岡山県,2381,MITTUN,岡山県,0,,-
Resort Anthem,Session 9 -Chronicles-,0,,-,713,DALIE,岡山県,2162,HINATA,岡山県,3506,O.N.O.,岡山県,0,,-
Resort Anthem,Space Time,0,,-,591,HYORAI,岡山県,1325,ZUB,岡山県,2187,GENO,岡山県,0,,-
Resort Anthem,SPECIAL SUMMER CAMPAIGN!,0,,-,668,HYORAI,岡山県,1505,SAPE,岡山県,2965,O.N.O.,岡山県,0,,-
Resort Anthem,Stay my side,0,,-,620,DALIE,岡山県,1038,KURO,岡山県,1338,MITTUN,岡山県,0,,-
Resort Anthem,STELLAR WIND,316,MASSAN,岡山県,603,DALIE,岡山県,1770,OK!,岡山県,2615,RYU,岡山県,0,,-
Resort Anthem,THE BLACK KNIGHT,0,,-,884,HYORAI,岡山県,1925,CU,岡山県,2900,RYU,岡山県,4327,RYU,岡山県
Resort Anthem,THE DOOR INTO RAINBOW,0,,-,789,HYORAI,岡山県,1616,CU,岡山県,2148,RYU,岡山県,0,,-
Resort Anthem,THE FALLEN,0,,-,863,DALIE,岡山県,1410,ROTENO,岡山県,2672,RYU,岡山県,0,,-
Resort Anthem,Tropical April,0,,-,1586,TORO,岡山県,2215,CU,岡山県,2698,RYU,岡山県,0,,-
Resort Anthem,Vermillion,0,,-,517,DALIE,岡山県,1091,I.TSRN,岡山県,1983,POMIJI,岡山県,0,,-
Resort Anthem,Watch Out Pt.2,0,,-,1063,ZUB,岡山県,1844,KETY,岡山県,2789,O.N.O.,岡山県,0,,-
Resort Anthem,WISE UP!,198,TOK5,岡山県,481,DALIE,岡山県,1070,I.TSRN,岡山県,1595,GENO,岡山県,2565,RYU,岡山県
Resort Anthem,Wuv U,0,,-,399,DALIE,岡山県,1240,SAPE,岡山県,1702,O.N.O.,岡山県,0,,-
Resort Anthem,XANADU OF TWO,0,,-,1003,TORO,岡山県,1674,ROTENO,岡山県,2747,O.N.O.,岡山県,3424,RYU,岡山県
Resort Anthem,ZETA～素数の世界と超越者～,232,FREED,岡山県,587,HYORAI,岡山県,2001,KAZU,岡山県,3098,RYU,岡山県,0,,-
Resort Anthem,おおきなこえで,0,,-,443,DALIE,岡山県,936,HYORAI,岡山県,1468,J1M4O,岡山県,2091,KY.,岡山県
Resort Anthem,かげぬい ～ Ver.BENIBOTAN ～,378,A,岡山県,729,MARU,岡山県,1104,DAIMYO,岡山県,1885,MITTUN,岡山県,0,,-
Resort Anthem,中華急行,0,,-,309,DALIE,岡山県,1441,U-A,岡山県,2308,O.N.O.,岡山県,0,,-
Resort Anthem,夕焼け ～Fading Day～,0,,-,954,HYORAI,岡山県,1922,NAOH48,岡山県,2781,J1M4O,岡山県,0,,-
Resort Anthem,旅人リラン,0,,-,1079,DALIE,岡山県,1662,I.TSRN,岡山県,2623,RYU,岡山県,0,,-
Resort Anthem,灼熱Beach Side Bunny,508,K.TUNA,岡山県,1052,I.TSRN,岡山県,1941,RIKKI.,岡山県,2994,RYU,岡山県,0,,-
Resort Anthem,黒髪乱れし修羅となりて,0,,-,767,DALIE,岡山県,1964,KAZU,岡山県,3423,O.N.O.,岡山県,0,,-
Lincle,24th Century BOY,0,,-,832,DALIE,岡山県,1762,SAPE,岡山県,2839,RYU,岡山県,0,,-
Lincle,532nm,0,,-,521,MASSAN,岡山県,1227,TORO,岡山県,2631,RYU,岡山県,0,,-
Lincle,A MINSTREL ～ ver. short-scape ～,0,,-,663,BEAT,岡山県,1427,BEAT,岡山県,2351,GENO,岡山県,3865,O.N.O.,岡山県
Lincle,Almace,0,,-,257,PHOBOS,岡山県,1285,SARPON,岡山県,1967,GENO,岡山県,0,,-
Lincle,ANAGRAMS I to Y,0,,-,880,HYORAI,岡山県,1551,HYORAI,岡山県,2475,GENO,岡山県,0,,-
Lincle,BLACK.by X-Cross Fade,0,,-,991,HYORAI,岡山県,2129,AJAN,岡山県,3269,O.N.O.,岡山県,0,,-
Lincle,CALL,0,,-,359,LEONA,岡山県,767,KOTO,岡山県,1449,GENO,岡山県,2647,.COM,岡山県
Lincle,Castle on the Moon,0,,-,643,DALIE,岡山県,1556,ROTENO,岡山県,2376,J1M4O,岡山県,0,,-
Lincle,Change the World,0,,-,799,DALIE,岡山県,922,AYUCY,岡山県,1820,MITTUN,岡山県,0,,-
Lincle,DIAVOLO,0,,-,1190,DALIE,岡山県,1801,KETY,岡山県,3072,MITTUN,岡山県,0,,-
Lincle,Drive Me Crazy,0,,-,703,DALIE,岡山県,1358,PARM,岡山県,2297,O.N.O.,岡山県,0,,-
Lincle,Express Emotion,0,,-,721,LEONA,岡山県,1017,HYORAI,岡山県,2513,GENO,岡山県,0,,-
Lincle,F,0,,-,1030,DALIE,岡山県,2032,CU,岡山県,3526,O.N.O.,岡山県,0,,-
Lincle,Far east nightbird,0,,-,504,DALIE,岡山県,1326,TORO,岡山県,2014,O.N.O.,岡山県,0,,-
Lincle,fffff,0,,-,819,DALIE,岡山県,1927,KETY,岡山県,3100,O.N.O.,岡山県,0,,-
Lincle,Flip Flap,0,,-,576,LEONA,岡山県,1206,DEOKUN,岡山県,2247,O.N.O.,岡山県,0,,-
Lincle,Follow Tomorrow,0,,-,859,DALIE,岡山県,1407,MI8BI,岡山県,2254,O.N.O.,岡山県,0,,-
Lincle,GIGANT,0,,-,560,DALIE,岡山県,1093,KOTO,岡山県,1773,GENO,岡山県,2875,RYU,岡山県
Lincle,HAERETICUS,0,,-,811,DALIE,岡山県,1775,BEAT,岡山県,2999,RYU,岡山県,0,,-
Lincle,I'm so Happy,218,KUSA,岡山県,409,LEONA,岡山県,1359,CU,岡山県,2316,O.N.O.,岡山県,0,,-
Lincle,In the Blackest Den,0,,-,854,DALIE,岡山県,1425,SAPE,岡山県,2568,RYU,岡山県,0,,-
Lincle,Infinite cave,0,,-,975,DALIE,岡山県,1375,A.AIMU,岡山県,2037,MITTUN,岡山県,0,,-
Lincle,KYAMISAMA ONEGAI!,0,,-,669,FURIE,岡山県,1101,KURO,岡山県,2095,GENO,岡山県,3005,RYU,岡山県
Lincle,LAX5 feat.Ryota Yoshinari,0,,-,1033,DALIE,岡山県,1932,A.AIMU,岡山県,2829,O.N.O.,岡山県,0,,-
Lincle,LETHEBOLG ～双神威に斬り咲けり～,0,,-,983,DALIE,岡山県,1488,MIYAKO,岡山県,2192,GENO,岡山県,0,,-
Lincle,Liquid Crystal Girl feat. echo,0,,-,412,DALIE,岡山県,1033,LEONA,岡山県,1997,AJAN,岡山県,0,,-
Lincle,LOVE B.B.B,0,,-,769,HYORAI,岡山県,1230,SS55,岡山県,2021,GENO,岡山県,0,,-
Lincle,Lucky Days,0,,-,624,HYORAI,岡山県,1233,SS55,岡山県,2172,GENO,岡山県,0,,-
Lincle,Mermaid girl-秋葉工房 MIX-,0,,-,815,HYORAI,岡山県,1218,LEONA,岡山県,2059,O.N.O.,岡山県,0,,-
Lincle,Miami Sunset Drive,0,,-,615,DALIE,岡山県,964,HYORAI,岡山県,1656,GENO,岡山県,0,,-
Lincle,NNRT,0,,-,816,SY0...,岡山県,2405,CU,岡山県,3436,.COM,岡山県,0,,-
Lincle,Phoenix,0,,-,867,DALIE,岡山県,1143,I.TSRN,岡山県,2357,*0712*,岡山県,3920,*0712*,岡山県
Lincle,prompt,0,,-,939,DALIE,岡山県,1564,HO48MI,岡山県,2793,RYU,岡山県,0,,-
Lincle,QUANTUM TELEPORTATION,0,,-,1322,I.TSRN,岡山県,2087,CU,岡山県,2908,RYU,岡山県,3572,O.N.O.,岡山県
Lincle,quaver♪,132,WETH,岡山県,678,43,岡山県,2094,M.,岡山県,3396,J1M4O,岡山県,0,,-
Lincle,Quick Silver,0,,-,770,HYORAI,岡山県,1702,KURO,岡山県,2631,O.N.O.,岡山県,0,,-
Lincle,Release The Music,0,,-,819,HYORAI,岡山県,1365,I.TSRN,岡山県,2083,GENO,岡山県,0,,-
Lincle,RESISTANCE,0,,-,635,M.,岡山県,1276,TORO,岡山県,2333,JIRU6N,岡山県,0,,-
Lincle,Round and Round,0,,-,766,DALIE,岡山県,974,ROK.U,岡山県,2134,O.N.O.,岡山県,0,,-
Lincle,SA.YO.NA.RA. SUPER STAR,0,,-,462,LEONA,岡山県,1174,ROTENO,岡山県,1669,MITTUN,岡山県,0,,-
Lincle,Scharfrichter,0,,-,841,DALIE,岡山県,1574,ROTENO,岡山県,2858,J1M4O,岡山県,0,,-
Lincle,Several Words,0,,-,601,DALIE,岡山県,1382,ROTENO,岡山県,2177,GENO,岡山県,0,,-
Lincle,SHADE,0,,-,1053,DALIE,岡山県,1941,AHEAD,岡山県,2896,O.N.O.,岡山県,0,,-
Lincle,Snake Stick,0,,-,1004,OGA,岡山県,1990,O.N.O.,岡山県,2614,RYU,岡山県,0,,-
Lincle,Snow Goose,188,TOK5,岡山県,362,LEONA,岡山県,1342,TORO,岡山県,2427,RYU,岡山県,0,,-
Lincle,Star Trail,0,,-,620,DALIE,岡山県,1130,I.TSRN,岡山県,1849,GENO,岡山県,2528,RYU,岡山県
Lincle,The Limbo,0,,-,1153,HYORAI,岡山県,1916,CU,岡山県,3257,J1M4O,岡山県,4047,MITTUN,岡山県
Lincle,The Sampling Paradise,0,,-,814,HYORAI,岡山県,1693,CORINS,岡山県,2974,O.N.O.,岡山県,0,,-
Lincle,Thunderbolt,0,,-,943,LEONA,岡山県,1876,CU,岡山県,3745,RYU,岡山県,0,,-
Lincle,TITANS RETURN,184,TOK5,岡山県,610,DALIE,岡山県,1413,PE6CAN,岡山県,2462,RYU,岡山県,2536,MITTUN,岡山県
Lincle,Todestrieb,0,,-,1044,DEOKUN,岡山県,1882,M.,岡山県,3384,O.N.O.,岡山県,0,,-
Lincle,Voxane,0,,-,597,DALIE,岡山県,1130,SS55,岡山県,1729,AJAN,岡山県,0,,-
Lincle,WONDER WALKER,0,,-,945,DALIE,岡山県,1851,KAZU,岡山県,3766,O.N.O.,岡山県,0,,-
Lincle,YAKSHA,0,,-,1198,DALIE,岡山県,2380,RYU,岡山県,3858,*0712*,岡山県,0,,-
Lincle,yellow head joe,0,,-,742,DALIE,岡山県,1127,SS55,岡山県,2272,J1M4O,岡山県,3064,O.N.O.,岡山県
Lincle,Yellow Sunrise,0,,-,734,DALIE,岡山県,1365,I.TSRN,岡山県,2277,RYU,岡山県,0,,-
Lincle,ビューティフルレシート,339,OK!,岡山県,504,LEONA,岡山県,1081,-7-,岡山県,1924,GENO,岡山県,0,,-
Lincle,ユミル,0,,-,639,DALIE,岡山県,1261,I.TSRN,岡山県,2833,O.N.O.,岡山県,0,,-
Lincle,君のハートにロックオン,0,,-,680,DALIE,岡山県,1608,ROTENO,岡山県,2648,RYU,岡山県,3372,RYU,岡山県
Lincle,天空の夜明け,0,,-,1276,DALIE,岡山県,2070,AJAN,岡山県,3957,*0712*,岡山県,0,,-
Lincle,子供の落書き帳,0,,-,806,CKS,岡山県,1842,KETY,岡山県,2560,RYU,岡山県,0,,-
Lincle,恋する☆宇宙戦争っ！！,383,HUTON,岡山県,885,DALIE,岡山県,1713,SAPE,岡山県,3466,MITTUN,岡山県,4402,RYU,岡山県
Lincle,突撃!ガラスのニーソ姫!,0,,-,620,DALIE,岡山県,1114,MIYAKO,岡山県,2076,MITTUN,岡山県,0,,-
Lincle,聖人の塔,0,,-,857,DALIE,岡山県,1926,GNENJO,岡山県,2947,MITTUN,岡山県,4148,MITTUN,岡山県
Lincle,蛇神,243,TAPI*,岡山県,683,DALIE,岡山県,1435,ROTENO,岡山県,2805,*0712*,岡山県,3619,MITTUN,岡山県
Lincle,衰色小町メランコリア,0,,-,779,DALIE,岡山県,1342,I.TSRN,岡山県,2354,O.N.O.,岡山県,0,,-
Lincle,陽炎,0,,-,616,DALIE,岡山県,796,FRISK*,岡山県,2009,GENO,岡山県,0,,-
tricoro,405nm (Ryu☆mix),0,,-,876,CU,岡山県,1631,ROTENO,岡山県,2550,MITTUN,岡山県,0,,-
tricoro,8bit Princess,0,,-,640,DALIE,岡山県,1333,A.AIMU,岡山県,2628,O.N.O.,岡山県,0,,-
tricoro,Ascalon,0,,-,1101,DALIE,岡山県,1638,HYORAI,岡山県,2267,MITTUN,岡山県,0,,-
tricoro,Beastie Starter,0,,-,519,DALIE,岡山県,1155,I.TSRN,岡山県,2135,J1M4O,岡山県,0,,-
tricoro,BLUE STRAGGLER,0,,-,820,DALIE,岡山県,1260,RX-24,岡山県,2560,RYU,岡山県,0,,-
tricoro,BRAVE GLOW,0,,-,816,DALIE,岡山県,1614,KURO,岡山県,2456,GENO,岡山県,0,,-
tricoro,CONCEPTUAL,0,,-,781,CU,岡山県,1108,T26,岡山県,2695,J1M4O,岡山県,0,,-
tricoro,Confiserie,0,,-,888,CU,岡山県,2000,BAR,岡山県,3449,*0712*,岡山県,0,,-
tricoro,connective,0,,-,393,DALIE,岡山県,994,LEONA,岡山県,1590,AJAN,岡山県,0,,-
tricoro,Cookie Bouquets,0,,-,846,HYORAI,岡山県,2057,AHEAD,岡山県,3399,RYU,岡山県,0,,-
tricoro,DAY DREAM,0,,-,504,SAPE,岡山県,1154,AJAN,岡山県,1964,RYU,岡山県,0,,-
tricoro,Devilz Staircase,0,,-,649,DALIE,岡山県,2079,CU,岡山県,3207,O.N.O.,岡山県,0,,-
tricoro,Elemental Creation,232,CRI,岡山県,1424,I.TSRN,岡山県,2328,MITTUN,岡山県,4041,*0712*,岡山県,0,,-
tricoro,examination leave,0,,-,1108,DALIE,岡山県,1713,A.AIMU,岡山県,3387,RYU,岡山県,0,,-
tricoro,FLOWER,258,SUNA91,岡山県,1046,DALIE,岡山県,1679,-2,岡山県,2878,O.N.O.,岡山県,0,,-
tricoro,Fly you to the star,0,,-,769,TORO,岡山県,1485,MIYAKO,岡山県,2274,O.N.O.,岡山県,0,,-
tricoro,GAIA,0,,-,1012,DALIE,岡山県,2111,CU,岡山県,3238,RYU,岡山県,0,,-
tricoro,GRADIUS 2012,0,,-,879,DALIE,岡山県,1641,CU,岡山県,2702,O.N.O.,岡山県,0,,-
tricoro,Hollywood Galaxy,0,,-,1047,DALIE,岡山県,1871,SH!N0N,岡山県,2700,*0712*,岡山県,0,,-
tricoro,Howling,0,,-,540,DALIE,岡山県,1138,T26,岡山県,2109,O.N.O.,岡山県,2657,O.N.O.,岡山県
tricoro,I know You know,0,,-,588,DALIE,岡山県,1090,HYORAI,岡山県,1863,MITTUN,岡山県,0,,-
tricoro,ILIAS,0,,-,766,LEONA,岡山県,1272,I.TSRN,岡山県,2180,O.N.O.,岡山県,0,,-
tricoro,Illegal Function Call,0,,-,952,DALIE,岡山県,1788,CU,岡山県,2640,RYU,岡山県,3473,RYU,岡山県
tricoro,In Heaven,0,,-,756,DALIE,岡山県,1213,MZL886,岡山県,2116,GENO,岡山県,0,,-
tricoro,JOMANDA,262,M.,岡山県,1068,DALIE,岡山県,2217,-DAI-,岡山県,3590,RYU,岡山県,0,,-
tricoro,Liberation,0,,-,1428,DALIE,岡山県,2108,AYUM,岡山県,3680,O.N.O.,岡山県,0,,-
tricoro,Light and Cyber…,0,,-,1009,DALIE,岡山県,1889,ROTENO,岡山県,3113,*0712*,岡山県,0,,-
tricoro,Little Star,0,,-,912,LEONA,岡山県,1704,KURO,岡山県,3146,O.N.O.,岡山県,0,,-
tricoro,LUV CAN SAVE U,0,,-,559,LEONA,岡山県,1374,SARPON,岡山県,2124,O.N.O.,岡山県,2774,O.N.O.,岡山県
tricoro,mnemoniq,0,,-,528,TORO,岡山県,864,HYORAI,岡山県,1298,O.N.O.,岡山県,0,,-
tricoro,Neonlights,0,,-,659,TORO,岡山県,1528,TORO,岡山県,2224,O.N.O.,岡山県,0,,-
tricoro,neu,0,,-,931,HYORAI,岡山県,2050,L.MSK,岡山県,3848,RYU,岡山県,0,,-
tricoro,New Decade IIDX Edition,227,KAGAWA,岡山県,962,DALIE,岡山県,1792,-2,岡山県,2994,J1M4O,岡山県,0,,-
tricoro,New Lights,0,,-,1011,DALIE,岡山県,1762,CU,岡山県,2461,GENO,岡山県,0,,-
tricoro,Plan 8,0,,-,1123,DALIE,岡山県,2053,CU,岡山県,3109,J1M4O,岡山県,0,,-
tricoro,planarian,0,,-,696,DALIE,岡山県,1471,SS55,岡山県,2539,GENO,岡山県,0,,-
tricoro,POINT ZERO,0,,-,717,DALIE,岡山県,1184,I.TSRN,岡山県,2078,GENO,岡山県,0,,-
tricoro,Präludium,0,,-,0,,-,1030,HILL,岡山県,2254,MITTUN,岡山県,0,,-
tricoro,Proof of the existence,0,,-,1139,DALIE,岡山県,2101,O.N.O.,岡山県,3130,MITTUN,岡山県,0,,-
tricoro,Rainbow after snow,0,,-,718,DALIE,岡山県,1413,I.TSRN,岡山県,2154,MITTUN,岡山県,0,,-
tricoro,Re:GENERATION,140,TOK5,岡山県,887,DALIE,岡山県,1403,DEKA88,岡山県,2206,MITTUN,岡山県,0,,-
tricoro,Reflection Into the EDEN,0,,-,714,HYORAI,岡山県,1349,I.TSRN,岡山県,2112,KEISOO,岡山県,0,,-
tricoro,rumrum triplets,0,,-,941,HYORAI,岡山県,1895,L.MSK,岡山県,2962,RYU,岡山県,0,,-
tricoro,S!ck,0,,-,883,DALIE,岡山県,1477,AZMASA,岡山県,2664,*0712*,岡山県,0,,-
tricoro,Saturn,0,,-,1264,I.TSRN,岡山県,1842,CU,岡山県,2619,RYU,岡山県,3422,RYU,岡山県
tricoro,Shining World,0,,-,1134,HYORAI,岡山県,1500,KURO,岡山県,1944,O.N.O.,岡山県,0,,-
tricoro,SHION,0,,-,673,TORO,岡山県,1301,TORO,岡山県,2694,GENO,岡山県,0,,-
tricoro,Sol Cosine Job 2,0,,-,1009,DALIE,岡山県,1544,SAPE,岡山県,3076,MITTUN,岡山県,0,,-
tricoro,STULTI,0,,-,713,HYORAI,岡山県,1499,M.,岡山県,2670,RYU,岡山県,0,,-
tricoro,SYNC-ANTHEM,0,,-,908,HYORAI,岡山県,2200,KURO,岡山県,3620,O.N.O.,岡山県,0,,-
tricoro,Synergy For Angels,0,,-,889,DALIE,岡山県,1454,CKS,岡山県,2772,RYU,岡山県,0,,-
tricoro,Take My Life,0,,-,897,LEONA,岡山県,1585,MILK*T,岡山県,2907,O.N.O.,岡山県,0,,-
tricoro,Thor's Hammer,0,,-,942,DALIE,岡山県,1723,YOH917,岡山県,2908,MITTUN,岡山県,0,,-
tricoro,Time To Empress,0,,-,926,TORO,岡山県,1894,KETY,岡山県,2608,J1M4O,岡山県,3120,O.N.O.,岡山県
tricoro,Timepiece phase II,0,,-,742,CRI,岡山県,2187,MITTUN,岡山県,3175,O.N.O.,岡山県,0,,-
tricoro,Timepiece phase II (CN Ver.),0,,-,893,DALIE,岡山県,1840,POMIJI,岡山県,2934,RYU,岡山県,0,,-
tricoro,True Blue,0,,-,1059,DALIE,岡山県,2348,CU,岡山県,3733,*0712*,岡山県,0,,-
tricoro,Valanga,0,,-,1338,TORO,岡山県,2073,CU,岡山県,3193,MITTUN,岡山県,0,,-
tricoro,VALLIS-NERIA,222,MIKO,岡山県,1125,ZUB,岡山県,2003,MR.CB,岡山県,2921,*0712*,岡山県,0,,-
tricoro,VEGA,0,,-,1095,HYORAI,岡山県,1905,DALIE,岡山県,3067,RYU,岡山県,0,,-
tricoro,ZED,0,,-,903,DALIE,岡山県,1510,HYORAI,岡山県,2746,RYU,岡山県,3343,MITTUN,岡山県
tricoro,Zirkfied,0,,-,976,DALIE,岡山県,1943,CU,岡山県,3698,O.N.O.,岡山県,0,,-
tricoro,ΕΛΠΙΣ,0,,-,1091,HYORAI,岡山県,1963,CU,岡山県,3109,RYU,岡山県,3510,MITTUN,岡山県
tricoro,†渚の小悪魔ラヴリィ～レイディオ†(IIDX EDIT),184,SOLTO,岡山県,531,DALIE,岡山県,1588,ROTENO,岡山県,3524,*0712*,岡山県,0,,-
tricoro,お米の美味しい炊き方、そしてお米を食べることによるその効果。,0,,-,844,HYORAI,岡山県,1349,S4B1T0,岡山県,1999,OGA,岡山県,3539,.COM,岡山県
tricoro,たまゆら,0,,-,1123,DALIE,岡山県,1826,CU,岡山県,2744,O.N.O.,岡山県,0,,-
tricoro,アストライアの双皿,0,,-,686,TORO,岡山県,1944,KURO,岡山県,3061,MITTUN,岡山県,0,,-
tricoro,カジノファイヤーことみちゃん,0,,-,615,DALIE,岡山県,1306,INYS,岡山県,2327,O.N.O.,岡山県,3164,MITTUN,岡山県
tricoro,キャトられ恋はモ～モク,0,,-,1421,DALIE,岡山県,2627,MITTUN,岡山県,3780,*0712*,岡山県,0,,-
tricoro,シュレーディンガーの猫,0,,-,1071,DALIE,岡山県,2323,KETY,岡山県,3334,O.N.O.,岡山県,0,,-
tricoro,トリカゴノ鳳凰,0,,-,1095,HYORAI,岡山県,1951,L.MSK,岡山県,3677,O.N.O.,岡山県,0,,-
tricoro,メイメツ、フラグメンツ,0,,-,631,DALIE,岡山県,1220,PECIAL,岡山県,1962,GENO,岡山県,0,,-
tricoro,ラキラキ,0,,-,636,DALIE,岡山県,1285,ROTENO,岡山県,1977,O.N.O.,岡山県,0,,-
tricoro,下弦の月,0,,-,901,DALIE,岡山県,1382,I.TSRN,岡山県,1984,O.N.O.,岡山県,0,,-
tricoro,仮想空間の旅人たち,0,,-,1124,TOMJ,岡山県,2058,ROTENO,岡山県,2869,O.N.O.,岡山県,3832,O.N.O.,岡山県
tricoro,創世ノート,0,,-,804,DALIE,岡山県,1768,I.TSRN,岡山県,2892,.COM,岡山県,0,,-
tricoro,即席！脳直★ミュージックシステム,0,,-,881,CRI,岡山県,1868,KAZU,岡山県,3486,O.N.O.,岡山県,0,,-
tricoro,朧,179,MASSAN,岡山県,787,TORO,岡山県,1464,ROTENO,岡山県,2101,O.N.O.,岡山県,2532,O.N.O.,岡山県
tricoro,梅雪夜,0,,-,858,DALIE,岡山県,1427,TORO,岡山県,2140,O.N.O.,岡山県,0,,-
tricoro,狂イ咲ケ焔ノ華,0,,-,1169,DALIE,岡山県,2276,KETY,岡山県,3566,J1M4O,岡山県,0,,-
tricoro,音楽,0,,-,767,LEONA,岡山県,1852,KETY,岡山県,2726,MITTUN,岡山県,0,,-
tricoro,龍と少女とデコヒーレンス,0,,-,815,DALIE,岡山県,1623,OK!,岡山県,2985,O.N.O.,岡山県,3338,RYU,岡山県
SPADA,Adularia,0,,-,1030,HYORAI,岡山県,1737,KURO,岡山県,2799,RYU,岡山県,0,,-
SPADA,ALBA -黎明-,0,,-,591,DALIE,岡山県,1442,CU,岡山県,3216,O.N.O.,岡山県,3861,O.N.O.,岡山県
SPADA,Ancient Scapes,0,,-,1046,MASSAN,岡山県,1957,CU,岡山県,3405,MITTUN,岡山県,4089,O.N.O.,岡山県
SPADA,ATHER,0,,-,975,DALIE,岡山県,1578,AJAN,岡山県,2798,RYU,岡山県,3195,RYU,岡山県
SPADA,BLUE DRAGON(雷龍RemixIIDX),0,,-,1424,I.TSRN,岡山県,2167,CU,岡山県,3301,RYU,岡山県,0,,-
SPADA,BRAINSTORM,0,,-,764,TORO,岡山県,1943,CU,岡山県,2758,RYU,岡山県,0,,-
SPADA,BRAVE OUT,0,,-,1001,HYORAI,岡山県,1514,AJAN,岡山県,2139,GENO,岡山県,2774,RYU,岡山県
SPADA,Claiomh Solais,0,,-,330,LEONA,岡山県,1396,AJAN,岡山県,2093,GENO,岡山県,0,,-
SPADA,Cleopatrysm,0,,-,782,DALIE,岡山県,1445,AJAN,岡山県,2454,JIRU6N,岡山県,0,,-
SPADA,Close the World feat.a☆ru,0,,-,1147,TORO,岡山県,2010,CU,岡山県,3345,O.N.O.,岡山県,3753,O.N.O.,岡山県
SPADA,Critical Crystal,0,,-,912,DAIMYO,岡山県,1690,KOTO,岡山県,2884,*0712*,岡山県,0,,-
SPADA,DARK LEGACY,0,,-,1302,TORO,岡山県,1962,KAZU,岡山県,3550,RYU,岡山県,0,,-
SPADA,Devilz Sacrifice -贖罪の羊-,0,,-,902,DALIE,岡山県,1610,S-OH,岡山県,2394,JIRU6N,岡山県,0,,-
SPADA,diagram,0,,-,611,DALIE,岡山県,1241,I.TSRN,岡山県,2754,MITTUN,岡山県,0,,-
SPADA,Elektrick U-Phoria,0,,-,1108,DALIE,岡山県,1828,ROTENO,岡山県,3071,RYU,岡山県,3928,MITTUN,岡山県
SPADA,Element of SPADA,0,,-,657,MASSAN,岡山県,1345,TORO,岡山県,2084,GENO,岡山県,3085,O.N.O.,岡山県
SPADA,Engraved Mark,0,,-,763,DALIE,岡山県,1124,MASSAN,岡山県,2396,RYU,岡山県,0,,-
SPADA,EXTREME MACH COLLIDER,0,,-,932,HYORAI,岡山県,1415,ROTENO,岡山県,2567,RYU,岡山県,0,,-
SPADA,Feel The Beat,0,,-,1220,DALIE,岡山県,2105,CU,岡山県,3518,O.N.O.,岡山県,4223,*0712*,岡山県
SPADA,Funny shuffle,0,,-,594,DALIE,岡山県,1026,SS55,岡山県,2275,KEISOO,岡山県,0,,-
SPADA,HYENA,0,,-,1123,DALIE,岡山県,1830,SAPE,岡山県,2802,RYU,岡山県,3577,MITTUN,岡山県
SPADA,Hypersonik,0,,-,941,DALIE,岡山県,1627,ROTENO,岡山県,2505,MITTUN,岡山県,0,,-
SPADA,I will be back -オレは帰ってきた-,0,,-,969,DALIE,岡山県,1868,CU,岡山県,2950,RYU,岡山県,0,,-
SPADA,Idola,0,,-,1165,DALIE,岡山県,2137,FA,岡山県,3548,RYU,岡山県,0,,-
SPADA,Insane Techniques,0,,-,724,DALIE,岡山県,1237,I.TSRN,岡山県,2446,RYU,岡山県,0,,-
SPADA,INSOMNIA,0,,-,790,DALIE,岡山県,1657,SAPE,岡山県,3166,O.N.O.,岡山県,0,,-
SPADA,into the battlefield,0,,-,695,DALIE,岡山県,1111,DEOKUN,岡山県,2370,*0712*,岡山県,0,,-
SPADA,invoker,0,,-,1119,TORO,岡山県,1741,SAPE,岡山県,3174,J1M4O,岡山県,3458,RYU,岡山県
SPADA,IX,0,,-,1210,DALIE,岡山県,2424,RYU,岡山県,3680,KEISOO,岡山県,0,,-
SPADA,KAISER PHOENIX,0,,-,1226,DALIE,岡山県,2123,KETY,岡山県,3205,*0712*,岡山県,3771,KEISOO,岡山県
SPADA,KHAMEN BREAK,0,,-,366,TAMI,岡山県,1070,ROK.U,岡山県,2491,RYU,岡山県,0,,-
SPADA,Last Dance,0,,-,1120,HYORAI,岡山県,1898,CU,岡山県,3215,O.N.O.,岡山県,0,,-
SPADA,Lighting Shower,0,,-,775,HYORAI,岡山県,1259,-2,岡山県,2401,RYU,岡山県,0,,-
SPADA,M.D.Injection,0,,-,379,GENMU,岡山県,1195,HYORAI,岡山県,2396,J1M4O,岡山県,0,,-
SPADA,m1dy Deluxe,0,,-,1122,DALIE,岡山県,1697,OK!,岡山県,2539,GENO,岡山県,0,,-
SPADA,MAD ATTACK,0,,-,638,DALIE,岡山県,1141,CU,岡山県,1932,RYU,岡山県,2547,RYU,岡山県
SPADA,MAGIC & LOVE,0,,-,990,HYORAI,岡山県,1821,AJAN,岡山県,2892,O.N.O.,岡山県,0,,-
SPADA,Miracle 5ympho X,0,,-,738,HYORAI,岡山県,1296,CU,岡山県,2575,MITTUN,岡山県,2796,MITTUN,岡山県
SPADA,NPC World,0,,-,986,HYORAI,岡山県,1515,CU,岡山県,2212,O.N.O.,岡山県,0,,-
SPADA,Odin,0,,-,794,M.,岡山県,1326,I.TSRN,岡山県,2050,RYU,岡山県,0,,-
SPADA,Overload Frontier,0,,-,774,CU,岡山県,1556,A.AIMU,岡山県,2564,RYU,岡山県,0,,-
SPADA,Pharaoh,0,,-,638,DALIE,岡山県,1309,ROTENO,岡山県,2432,J1M4O,岡山県,0,,-
SPADA,PUNISHER,0,,-,1093,DALIE,岡山県,1933,SAPE,岡山県,3526,O.N.O.,岡山県,0,,-
SPADA,ra'am,0,,-,1188,CU,岡山県,1802,CU,岡山県,2691,MITTUN,岡山県,0,,-
SPADA,rainbow guitar weeps,0,,-,941,DALIE,岡山県,1685,SAPE,岡山県,2733,O.N.O.,岡山県,0,,-
SPADA,Recollection,0,,-,1133,HYORAI,岡山県,1644,I.TSRN,岡山県,2217,GENO,岡山県,0,,-
SPADA,refractive index,0,,-,727,DALIE,岡山県,1361,I.TSRN,岡山県,2689,O.N.O.,岡山県,0,,-
SPADA,RISE,0,,-,868,DALIE,岡山県,1206,CKS,岡山県,1851,MITTUN,岡山県,0,,-
SPADA,RIZING YOU UP,0,,-,998,DALIE,岡山県,2011,SAPE,岡山県,2550,GENO,岡山県,0,,-
SPADA,SCHWARZSCHILD FIELD,0,,-,881,HYORAI,岡山県,1511,ROTENO,岡山県,2363,O.N.O.,岡山県,0,,-
SPADA,Sigmund,0,,-,1531,AJAN,岡山県,2214,OOZORA,岡山県,3711,*0712*,岡山県,4067,O.N.O.,岡山県
SPADA,Squeeze,0,,-,813,DALIE,岡山県,1225,SS55,岡山県,2471,RYU,岡山県,0,,-
SPADA,THE DETONATOR,0,,-,1525,I.TSRN,岡山県,2362,CU,岡山県,3210,J1M4O,岡山県,0,,-
SPADA,Unicorn tail,0,,-,801,ZUB,岡山県,2002,CU,岡山県,3107,RYU,岡山県,0,,-
SPADA,Valgus,0,,-,639,HYORAI,岡山県,1297,KURO,岡山県,2351,RYU,岡山県,0,,-
SPADA,Verflucht,0,,-,1193,MASSAN,岡山県,2061,E,岡山県,3454,MITTUN,岡山県,4506,*0712*,岡山県
SPADA,VOX UP,0,,-,1376,MIT,岡山県,2573,CU,岡山県,3486,MITTUN,岡山県,0,,-
SPADA,Wonder Girl feat. Kanae Asaba,0,,-,699,DALIE,岡山県,1205,CHIKU,岡山県,2774,O.N.O.,岡山県,0,,-
SPADA,お願いアインシュタイン,0,,-,874,DALIE,岡山県,1248,DAIMYO,岡山県,2118,O.N.O.,岡山県,0,,-
SPADA,アルストロメリア,202,FAXXXX,岡山県,913,DALIE,岡山県,1495,ROTENO,岡山県,2485,O.N.O.,岡山県,0,,-
SPADA,デッドボヲルdeホームラン,0,,-,609,DALIE,岡山県,1461,I.TSRN,岡山県,2644,RYU,岡山県,0,,-
SPADA,バンブーソード・ガール,211,NYKA,岡山県,964,DALIE,岡山県,1735,L.MSK,岡山県,2390,J1M4O,岡山県,0,,-
SPADA,廿,0,,-,905,HYORAI,岡山県,1384,SS55,岡山県,2361,O.N.O.,岡山県,3298,O.N.O.,岡山県
SPADA,旋律のドグマ～Miserables～,0,,-,1198,DALIE,岡山県,2395,CU,岡山県,3931,*0712*,岡山県,0,,-
SPADA,海神,0,,-,1138,ROTENO,岡山県,2047,AJAN,岡山県,3123,O.N.O.,岡山県,3499,O.N.O.,岡山県
SPADA,煉獄のエルフェリア,0,,-,1326,I.TSRN,岡山県,2318,AJAN,岡山県,3786,O.N.O.,岡山県,0,,-
SPADA,牧神笛吹きて,0,,-,710,LEONA,岡山県,1223,-2,岡山県,2052,O.N.O.,岡山県,0,,-
SPADA,疾風迅雷,0,,-,1171,TORO,岡山県,1888,CU,岡山県,2852,RYU,岡山県,3282,KEISOO,岡山県
SPADA,罪と罰,0,,-,1062,HYORAI,岡山県,1280,I.TSRN,岡山県,2152,O.N.O.,岡山県,0,,-
SPADA,超!!遠距離らぶメ～ル,0,,-,553,DALIE,岡山県,1446,I.TSRN,岡山県,2627,O.N.O.,岡山県,0,,-
SPADA,轟け！恋のビーンボール！！,0,,-,858,NYKA,岡山県,1908,MITTUN,岡山県,3522,RYU,岡山県,0,,-
PENDUAL,#The_Relentless,0,,-,1153,HYORAI,岡山県,1853,SAPE,岡山県,2918,RYU,岡山県,4332,O.N.O.,岡山県
PENDUAL,AFRO KNUCKLE,0,,-,905,CU,岡山県,1632,CORINS,岡山県,2406,O.N.O.,岡山県,0,,-
PENDUAL,Beat Radiance,0,,-,932,DALIE,岡山県,1525,HYORAI,岡山県,2626,GENO,岡山県,3574,O.N.O.,岡山県
PENDUAL,Beyond The Earth,0,,-,1200,DALIE,岡山県,1970,CU,岡山県,3174,RYU,岡山県,0,,-
PENDUAL,Blaze it UP!,0,,-,922,DALIE,岡山県,1842,KURO,岡山県,2957,RYU,岡山県,0,,-
PENDUAL,BLUE MIRAGE,0,,-,1033,DALIE,岡山県,1843,CU,岡山県,2931,RYU,岡山県,0,,-
PENDUAL,Broken Sword,0,,-,1113,MIJUMA,岡山県,1977,CU,岡山県,3701,O.N.O.,岡山県,0,,-
PENDUAL,Chain of pain,0,,-,740,HYORAI,岡山県,1449,CU,岡山県,2192,GENO,岡山県,0,,-
PENDUAL,chrono diver -fragment-,0,,-,643,MIYAKO,岡山県,1109,MIYAKO,岡山県,1789,MITTUN,岡山県,2235,NICOL,岡山県
PENDUAL,CHRONO DIVER -NORNIR-,0,,-,1150,DALIE,岡山県,2016,A.AIMU,岡山県,3079,GENO,岡山県,4270,MITTUN,岡山県
PENDUAL,Chrono Diver -PENDULUMs-,458,P-CHAN,岡山県,1379,I.TSRN,岡山県,2629,AJAN,岡山県,4225,*0712*,岡山県,0,,-
PENDUAL,Chronos,0,,-,815,LEONA,岡山県,1241,ROTENO,岡山県,2325,RYU,岡山県,2976,RYU,岡山県
PENDUAL,cinder,0,,-,819,DALIE,岡山県,1966,CU,岡山県,3063,RYU,岡山県,0,,-
PENDUAL,COLOSSEUM,0,,-,557,DALIE,岡山県,1188,HYORAI,岡山県,2287,O.N.O.,岡山県,0,,-
PENDUAL,Cosmic Cat,0,,-,834,ZUB,岡山県,1689,AHEAD,岡山県,2308,RYU,岡山県,3218,RYU,岡山県
PENDUAL,Despair of ELFERIA,0,,-,1217,I.TSRN,岡山県,2327,CU,岡山県,3992,O.N.O.,岡山県,0,,-
PENDUAL,Discloze,0,,-,864,HYORAI,岡山県,1602,ROTENO,岡山県,2621,RYU,岡山県,0,,-
PENDUAL,EBONY & IVORY,0,,-,1014,DALIE,岡山県,1645,M.,岡山県,2955,O.N.O.,岡山県,3490,MITTUN,岡山県
PENDUAL,entelecheia,0,,-,977,DALIE,岡山県,2055,CU,岡山県,3233,*0712*,岡山県,0,,-
PENDUAL,Erosion Mark,0,,-,756,DALIE,岡山県,1340,S4B1T0,岡山県,2147,RYU,岡山県,0,,-
PENDUAL,fallen leaves -IIDX edition-,0,,-,1085,HYORAI,岡山県,1885,CU,岡山県,3342,MITTUN,岡山県,0,,-
PENDUAL,FANTASTIC THREE,0,,-,1252,I.TSRN,岡山県,2215,AJAN,岡山県,3145,J1M4O,岡山県,0,,-
PENDUAL,Flashes,0,,-,963,TORO,岡山県,1703,M.,岡山県,3224,*0712*,岡山県,4078,*0712*,岡山県
PENDUAL,Gravigazer,0,,-,969,TORO,岡山県,1716,L.MSK,岡山県,2954,O.N.O.,岡山県,0,,-
PENDUAL,GUILTY,0,,-,915,DALIE,岡山県,1445,ROTENO,岡山県,1824,.COM,岡山県,2945,O.N.O.,岡山県
PENDUAL,HELL SCAPER -Last Escape Remix-,0,,-,915,CU,岡山県,1697,M.,岡山県,2831,J1M4O,岡山県,0,,-
PENDUAL,Hello Happiness,0,,-,847,DALIE,岡山県,1387,SAPE,岡山県,2327,RYU,岡山県,0,,-
PENDUAL,illuminate,0,,-,613,DALIE,岡山県,1128,S4B1T0,岡山県,2223,AJAN,岡山県,0,,-
PENDUAL,IMPLANTATION,0,,-,572,CU,岡山県,1666,AJAN,岡山県,2230,O.N.O.,岡山県,0,,-
PENDUAL,In The Breeze,0,,-,630,LEONA,岡山県,1081,I.TSRN,岡山県,1745,RYU,岡山県,0,,-
PENDUAL,Invitation from Mr.C,0,,-,644,H*RUMA,岡山県,1498,DALIE,岡山県,2658,MITTUN,岡山県,0,,-
PENDUAL,IXION,0,,-,1054,HYORAI,岡山県,1646,SAPE,岡山県,2161,O.N.O.,岡山県,0,,-
PENDUAL,Line 4 Ruin,0,,-,713,TORO,岡山県,1777,CU,岡山県,2787,O.N.O.,岡山県,0,,-
PENDUAL,Monopole.,0,,-,754,DALIE,岡山県,1556,INYS,岡山県,3226,O.N.O.,岡山県,0,,-
PENDUAL,NEO GENERATOR SEVEN,0,,-,410,*CORA*,岡山県,1766,KURO,岡山県,3216,RYU,岡山県,0,,-
PENDUAL,Night sky,0,,-,1116,HYORAI,岡山県,1741,SAPE,岡山県,2901,J1M4O,岡山県,0,,-
PENDUAL,No Tears,0,,-,1144,DALIE,岡山県,2006,CU,岡山県,2523,O.N.O.,岡山県,0,,-
PENDUAL,PENDUAL TALISMAN,0,,-,1009,DALIE,岡山県,1512,MIYAKO,岡山県,2608,O.N.O.,岡山県,0,,-
PENDUAL,Rave*it!! Rave*it!!,0,,-,930,DALIE,岡山県,1643,CU,岡山県,3257,O.N.O.,岡山県,0,,-
PENDUAL,Realize Maze,0,,-,1165,DALIE,岡山県,1974,CU,岡山県,2991,O.N.O.,岡山県,0,,-
PENDUAL,Reflux,0,,-,679,ROK.U,岡山県,1562,KETY,岡山県,2956,RYU,岡山県,0,,-
PENDUAL,Sakura Mirage,0,,-,937,DALIE,岡山県,1295,KURO,岡山県,2350,RYU,岡山県,0,,-
PENDUAL,SAMSARA,0,,-,807,DALIE,岡山県,1347,DALIE,岡山県,2050,O.N.O.,岡山県,0,,-
PENDUAL,Say YEEEAHH,0,,-,1103,DALIE,岡山県,1669,SAPE,岡山県,3214,O.N.O.,岡山県,0,,-
PENDUAL,Scarlet Moon,0,,-,1050,DALIE,岡山県,1785,KURO,岡山県,2693,MITTUN,岡山県,0,,-
PENDUAL,Scars of FAUNA,0,,-,863,TORO,岡山県,1541,SS55,岡山県,2874,RYU,岡山県,0,,-
PENDUAL,Shooting Fireball,0,,-,906,LEONA,岡山県,2120,CU,岡山県,3864,O.N.O.,岡山県,0,,-
PENDUAL,Sounds Of Summer,0,,-,1247,TORO,岡山県,2020,CU,岡山県,2955,*0712*,岡山県,0,,-
PENDUAL,SpaceLand☆TOYBOX,0,,-,1028,DALIE,岡山県,1686,CU,岡山県,2891,O.N.O.,岡山県,0,,-
PENDUAL,Sweet Radar,0,,-,654,DALIE,岡山県,1319,I.TSRN,岡山県,2028,O.N.O.,岡山県,0,,-
PENDUAL,Symmetry,0,,-,1089,DALIE,岡山県,2060,AJAN,岡山県,3240,O.N.O.,岡山県,0,,-
PENDUAL,TA・DA ☆ YO・SHI,0,,-,1104,DALIE,岡山県,1557,ROTENO,岡山県,2298,MITTUN,岡山県,0,,-
PENDUAL,The Least 100sec,0,,-,783,SAPE,岡山県,1471,AJAN,岡山県,2867,O.N.O.,岡山県,0,,-
PENDUAL,TIEFSEE,0,,-,1225,DALIE,岡山県,1932,N-ART,岡山県,3449,O.N.O.,岡山県,0,,-
PENDUAL,TOXIC VIBRATION,0,,-,1536,DALIE,岡山県,2325,KETY,岡山県,3705,*0712*,岡山県,0,,-
PENDUAL,Vulkan,0,,-,1003,DALIE,岡山県,1859,PE6CAN,岡山県,2975,*0712*,岡山県,0,,-
PENDUAL,We're so Happy (P*Light Remix) IIDX ver.,0,,-,1078,HYORAI,岡山県,2162,CU,岡山県,3637,O.N.O.,岡山県,0,,-
PENDUAL,ZZ,0,,-,1270,SAPE,岡山県,1984,MR.CB,岡山県,3049,O.N.O.,岡山県,0,,-
PENDUAL,それは花火のような恋,474,EBIBI,岡山県,1230,DALIE,岡山県,2458,KY.,岡山県,3813,O.N.O.,岡山県,0,,-
PENDUAL,とろぴかる倶楽部,0,,-,781,CU,岡山県,1287,1221,岡山県,2267,O.N.O.,岡山県,0,,-
PENDUAL,ぷろぐれっしぶ時空少女！うらしまたろ子ちゃん！,0,,-,815,HYORAI,岡山県,1367,U-A,岡山県,2528,O.N.O.,岡山県,0,,-
PENDUAL,もっと！モット！ときめき feat. 松下,0,,-,1270,HYORAI,岡山県,2033,AJAN,岡山県,2727,RYU,岡山県,0,,-
PENDUAL,ドッキン☆サマーあばんちゅーる,0,,-,990,DALIE,岡山県,1635,MIYAKO,岡山県,2807,RYU,岡山県,0,,-
PENDUAL,パ→ピ→プ→Yeah!,319,KEMI-!,岡山県,981,DALIE,岡山県,1467,PE6CAN,岡山県,2538,O.N.O.,岡山県,0,,-
PENDUAL,ベィスドロップ・フリークス,0,,-,607,DALIE,岡山県,1210,I.TSRN,岡山県,2229,GENO,岡山県,2413,RYU,岡山県
PENDUAL,リリーゼと炎龍レーヴァテイン,0,,-,938,HYORAI,岡山県,2191,KURO,岡山県,3402,MITTUN,岡山県,0,,-
PENDUAL,共鳴遊戯の華,0,,-,1221,DALIE,岡山県,2183,CU,岡山県,3780,*0712*,岡山県,0,,-
PENDUAL,十六夜セツナ,0,,-,1004,DALIE,岡山県,1562,I.TSRN,岡山県,2240,O.N.O.,岡山県,0,,-
PENDUAL,千年ノ理,0,,-,1112,DALIE,岡山県,1880,M.,岡山県,3169,O.N.O.,岡山県,4217,O.N.O.,岡山県
PENDUAL,取り残された美術(Arranged:HiZuMi),183,TOK5,岡山県,961,TORO,岡山県,1639,TORO,岡山県,2207,O.N.O.,岡山県,0,,-
PENDUAL,夏色DIARY - L.E.D.-G STYLE MIX -,0,,-,934,HYORAI,岡山県,1855,CU,岡山県,3048,RYU,岡山県,0,,-
PENDUAL,妖隠し -あやかしかくし-,0,,-,951,PARM,岡山県,1474,MIYAKO,岡山県,2178,MITTUN,岡山県,0,,-
PENDUAL,少年は空を辿る,0,,-,1154,DALIE,岡山県,1979,CU,岡山県,3299,RYU,岡山県,0,,-
PENDUAL,恋は白帯、サンシロー,0,,-,706,MASSAN,岡山県,1223,FAXXXX,岡山県,2019,O.N.O.,岡山県,2762,O.N.O.,岡山県
PENDUAL,打打打打打打打打打打,147,SUNA91,岡山県,772,DALIE,岡山県,1227,KAZU,岡山県,2650,O.N.O.,岡山県,0,,-
PENDUAL,時空トラベローグ,0,,-,1037,DALIE,岡山県,1848,AJAN,岡山県,2649,RYU,岡山県,0,,-
PENDUAL,白露の風,0,,-,468,DALIE,岡山県,826,ROK.U,岡山県,2031,O.N.O.,岡山県,0,,-
PENDUAL,紅牡丹,395,IIDX33,岡山県,1035,DALIE,岡山県,1728,CU,岡山県,2847,O.N.O.,岡山県,0,,-
PENDUAL,表裏一体！？怪盗いいんちょの悩み,0,,-,1067,MIT,岡山県,2063,CU,岡山県,3540,O.N.O.,岡山県,4333,O.N.O.,岡山県
PENDUAL,超青少年ノ為ノ超多幸ナ超古典的超舞曲,0,,-,843,ROK.U,岡山県,1789,AYUM,岡山県,2678,J1M4O,岡山県,3999,O.N.O.,岡山県
PENDUAL,鬼天,0,,-,942,DALIE,岡山県,1534,ROTENO,岡山県,2444,RYU,岡山県,0,,-
PENDUAL,Ｘ↑Ｘ↓,0,,-,893,DALIE,岡山県,1556,43,岡山県,2886,RYU,岡山県,0,,-
copula,199024club -Re:BounceKiller-,0,,-,673,CU,岡山県,1636,RIKKI.,岡山県,2290,RYU,岡山県,0,,-
copula,Acid Pumper,0,,-,430,MOCHI,岡山県,1502,OK!,岡山県,2439,RYU,岡山県,0,,-
copula,Angelic Jelly,0,,-,1105,DALIE,岡山県,1804,A.AIMU,岡山県,2770,J1M4O,岡山県,0,,-
copula,AO-1,0,,-,1193,I.TSRN,岡山県,1875,CU,岡山県,2742,*0712*,岡山県,0,,-
copula,Arcana,0,,-,1095,DALIE,岡山県,1602,ROTENO,岡山県,2256,GENO,岡山県,0,,-
copula,Aublia,0,,-,964,TORO,岡山県,1290,S4B1T0,岡山県,2490,GENO,岡山県,0,,-
copula,Battle Train -IIDX Edition-,0,,-,843,HYORAI,岡山県,2304,PE6CAN,岡山県,3254,RYU,岡山県,0,,-
copula,Blue Spring Express,0,,-,1206,DALIE,岡山県,1970,CU,岡山県,3202,O.N.O.,岡山県,0,,-
copula,Central Station,0,,-,990,DALIE,岡山県,1017,SAK.,岡山県,2395,RYU,岡山県,0,,-
copula,chaos eater -IIDX edition-,0,,-,1135,DALIE,岡山県,1620,M.,岡山県,2617,RYU,岡山県,0,,-
copula,CODE:1 [revision1.0.1],0,,-,906,CU,岡山県,1641,CORINS,岡山県,3064,O.N.O.,岡山県,0,,-
copula,Daily Lunch Special,0,,-,1047,DALIE,岡山県,2073,AJAN,岡山県,2923,O.N.O.,岡山県,0,,-
copula,Damage Per Second,0,,-,850,DALIE,岡山県,1238,MASSAN,岡山県,2034,GENO,岡山県,2271,RYU,岡山県
copula,Derelict Star feat. Ryu*,0,,-,1308,DALIE,岡山県,1725,SAPE,岡山県,2578,RYU,岡山県,0,,-
copula,Devil's Gear,0,,-,1007,DALIE,岡山県,2166,CU,岡山県,3328,O.N.O.,岡山県,0,,-
copula,DIAMOND CROSSING,0,,-,921,LEONA,岡山県,1686,M.,岡山県,3039,*0712*,岡山県,0,,-
copula,do the thing feat. Kanae Asaba,0,,-,601,DALIE,岡山県,1386,JUN2,岡山県,2319,RYU,岡山県,0,,-
copula,Donkey Donk,0,,-,1149,TORO,岡山県,1603,CU,岡山県,2276,O.N.O.,岡山県,0,,-
copula,Dynamite,445,DSDS,岡山県,1126,CU,岡山県,2444,RYU,岡山県,3796,O.N.O.,岡山県,0,,-
copula,Everlasting Last,0,,-,823,DALIE,岡山県,1478,HYORAI,岡山県,2210,O.N.O.,岡山県,0,,-
copula,Exchange Place,0,,-,718,DALIE,岡山県,1200,AYUM,岡山県,1753,AJAN,岡山県,0,,-
copula,GENERATE feat.綾倉盟,0,,-,1076,LEONA,岡山県,1588,HYORAI,岡山県,2352,O.N.O.,岡山県,0,,-
copula,Go Faraway,0,,-,1008,HYORAI,岡山県,1447,I.TSRN,岡山県,2474,O.N.O.,岡山県,0,,-
copula,GOBBLE,0,,-,462,DALIE,岡山県,661,AGARI,岡山県,1697,RYU,岡山県,0,,-
copula,Godspeed,0,,-,1053,TORO,岡山県,1827,CU,岡山県,3104,O.N.O.,岡山県,0,,-
copula,Grand Chariot,0,,-,1092,DALIE,岡山県,1840,CU,岡山県,3344,O.N.O.,岡山県,0,,-
copula,Highcharge Divolt,0,,-,889,TORO,岡山県,1680,AJAN,岡山県,2766,*0712*,岡山県,0,,-
copula,Inner Spirit,0,,-,664,JUN2,岡山県,1787,ROTENO,岡山県,2812,RYU,岡山県,0,,-
copula,Journey,0,,-,678,DALIE,岡山県,1077,SS55,岡山県,1868,JIRU6N,岡山県,3110,RYU,岡山県
copula,Konzert V,0,,-,1168,DALIE,岡山県,2170,CU,岡山県,3265,MITTUN,岡山県,0,,-
copula,La dolce primavera,0,,-,681,DALIE,岡山県,1224,N#,岡山県,2044,CU,岡山県,0,,-
copula,M4K3 1T B0UNC3,0,,-,1291,I.TSRN,岡山県,1945,CU,岡山県,2975,O.N.O.,岡山県,0,,-
copula,Musik LoverZ,0,,-,1032,DALIE,岡山県,1303,I.TSRN,岡山県,2471,RYU,岡山県,0,,-
copula,NANAIRO,0,,-,999,DALIE,岡山県,1717,KAZU,岡山県,2532,MITTUN,岡山県,0,,-
copula,Nightmare before oversleep,0,,-,1164,I.TSRN,岡山県,1715,OK!,岡山県,2918,*0712*,岡山県,0,,-
copula,NINJA IS DEAD IIDX ver.,0,,-,985,LEONA,岡山県,1790,KAZU,岡山県,2973,RYU,岡山県,0,,-
copula,NO LIMIT -オレ達に限界は無い-,0,,-,778,LEONA,岡山県,1233,AJAN,岡山県,2265,O.N.O.,岡山県,0,,-
copula,Nowhere,0,,-,816,DALIE,岡山県,1244,SS55,岡山県,2124,GENO,岡山県,0,,-
copula,NZM,0,,-,1011,DALIE,岡山県,1458,NEGIM*,岡山県,3390,*0712*,岡山県,0,,-
copula,On the FM,0,,-,1079,DALIE,岡山県,1408,IIDX33,岡山県,2758,O.N.O.,岡山県,0,,-
copula,Outbreak,0,,-,1291,DALIE,岡山県,1819,CU,岡山県,3003,J1M4O,岡山県,0,,-
copula,POSSESSION,504,HYORAI,岡山県,1377,TORO,岡山県,1932,OOZORA,岡山県,2948,O.N.O.,岡山県,0,,-
copula,quick master (reform version),0,,-,152,KY.,岡山県,281,P5,岡山県,520,AJAN,岡山県,0,,-
copula,refrain,0,,-,1229,TORO,岡山県,2143,M.,岡山県,3539,O.N.O.,岡山県,0,,-
copula,Rock It,0,,-,1108,DALIE,岡山県,1575,SAPE,岡山県,2922,J1M4O,岡山県,0,,-
copula,Routing,0,,-,885,DALIE,岡山県,1532,ROTENO,岡山県,2496,RYU,岡山県,0,,-
copula,Sephirot,0,,-,960,TORO,岡山県,1479,-2,岡山県,2329,RYU,岡山県,0,,-
copula,Set U Free feat. Kanae Asaba,0,,-,903,DALIE,岡山県,1379,SAPE,岡山県,2537,RYU,岡山県,0,,-
copula,SHELTER OF THE MIND,0,,-,1365,DALIE,岡山県,1948,CU,岡山県,3023,O.N.O.,岡山県,0,,-
copula,STARLiGHT,0,,-,916,DALIE,岡山県,1800,CU,岡山県,2747,O.N.O.,岡山県,0,,-
copula,STARLIGHT DANCEHALL,0,,-,1250,TORO,岡山県,1771,ROTENO,岡山県,2634,O.N.O.,岡山県,3255,O.N.O.,岡山県
copula,StrayedCatz,0,,-,1018,DALIE,岡山県,1810,CU,岡山県,2769,RYU,岡山県,0,,-
copula,Super Duper Racers,0,,-,947,TORO,岡山県,1511,KURO,岡山県,2356,O.N.O.,岡山県,3628,O.N.O.,岡山県
copula,SURVIVOR,0,,-,687,DALIE,岡山県,1220,I.TSRN,岡山県,2006,O.N.O.,岡山県,0,,-
copula,Tori-no-kimochi,0,,-,256,LEONA,岡山県,1281,AJAN,岡山県,1985,J1M4O,岡山県,0,,-
copula,Triple Counter,0,,-,1364,I.TSRN,岡山県,2179,CU,岡山県,3789,MITTUN,岡山県,0,,-
copula,Uh-Oh,0,,-,1082,DALIE,岡山県,1596,HYORAI,岡山県,2394,RYU,岡山県,0,,-
copula,Violet Pulse,0,,-,0,,-,1493,43,岡山県,2417,GENO,岡山県,3904,RYU,岡山県
copula,Violet Rose,0,,-,1175,I.TSRN,岡山県,1848,CU,岡山県,2593,RYU,岡山県,0,,-
copula,Welcome,0,,-,868,TORO,岡山県,1726,M.,岡山県,2646,O.N.O.,岡山県,3296,O.N.O.,岡山県
copula,X,0,,-,1524,I.TSRN,岡山県,2336,KETY,岡山県,3794,*0712*,岡山県,0,,-
copula,ZEPHYRANTHES,0,,-,967,DALIE,岡山県,1742,ROTENO,岡山県,2909,RYU,岡山県,3814,RYU,岡山県
copula,か・し・ま・し☆PUMP UP！,0,,-,1089,DALIE,岡山県,1568,DALIE,岡山県,2803,O.N.O.,岡山県,0,,-
copula,めいさいアイドル☆あいむちゃん♪,0,,-,1427,I.TSRN,岡山県,2176,L.MSK,岡山県,3325,O.N.O.,岡山県,0,,-
copula,オルタネイトβ,0,,-,798,HYORAI,岡山県,1342,MIYAKO,岡山県,2245,O.N.O.,岡山県,0,,-
copula,ギョギョっと人魚 爆婚ブライダル,0,,-,798,LEONA,岡山県,1356,CORINS,岡山県,2362,MITTUN,岡山県,0,,-
copula,シュッパツシンコウ・シサカンコ,0,,-,1087,MASSAN,岡山県,1612,KIRI,岡山県,2446,*0712*,岡山県,0,,-
copula,セロトニン,0,,-,1240,DALIE,岡山県,1724,ROTENO,岡山県,2309,RYU,岡山県,0,,-
copula,少女アリスと箱庭幻想コンチェルト,0,,-,738,DALIE,岡山県,1459,KURO,岡山県,2153,O.N.O.,岡山県,0,,-
copula,明鏡止水,0,,-,841,PARM,岡山県,1741,ROTENO,岡山県,2748,J1M4O,岡山県,0,,-
copula,星屑ディスタンシア,0,,-,676,DALIE,岡山県,1148,HYORAI,岡山県,2083,*0712*,岡山県,0,,-
copula,朝焼けから始まるボクらの小さな旅,0,,-,916,DALIE,岡山県,1613,CU,岡山県,2533,RYU,岡山県,0,,-
copula,灼熱 Pt.2 Long Train Running,438,ROK.U,岡山県,1214,HYORAI,岡山県,2082,RYU,岡山県,3151,RYU,岡山県,0,,-
copula,真 地獄超特急 -HELL or HELL-,0,,-,1340,I.TSRN,岡山県,2089,KETY,岡山県,3134,GYAN3,岡山県,0,,-
copula,紫陽花 -AZISAI-,221,TAMI,岡山県,1263,TORO,岡山県,1930,CU,岡山県,2824,RYU,岡山県,3265,O.N.O.,岡山県
copula,追想快晴テーマパーク,0,,-,1161,DALIE,岡山県,1984,CU,岡山県,3071,J1M4O,岡山県,0,,-
copula,量子の海のリントヴルム,0,,-,880,DALIE,岡山県,1559,I.TSRN,岡山県,2925,KEISOO,岡山県,0,,-
copula,駅猫のワルツ,0,,-,1044,DALIE,岡山県,1912,CU,岡山県,2674,MITTUN,岡山県,0,,-
copula,麗 ～うらら～,215,FREED,岡山県,1054,HYORAI,岡山県,1620,I.TSRN,岡山県,2606,O.N.O.,岡山県,0,,-
SINOBUZ,¡Viva!,0,,-,899,DALIE,岡山県,1549,TORO,岡山県,1985,AJAN,岡山県,0,,-
SINOBUZ,#MAGiCVLGiRL_TRVP_B3VTZ,0,,-,1111,HYORAI,岡山県,1941,M.,岡山県,3373,J1M4O,岡山県,0,,-
SINOBUZ,(This Is Not) The Angels,0,,-,594,TORO,岡山県,1317,KURO,岡山県,2711,O.N.O.,岡山県,0,,-
SINOBUZ,Amazing Mirage,0,,-,866,DALIE,岡山県,1666,M.,岡山県,2622,O.N.O.,岡山県,3258,O.N.O.,岡山県
SINOBUZ,AO-∞,0,,-,1083,DALIE,岡山県,1704,SH!N0N,岡山県,2627,O.N.O.,岡山県,0,,-
SINOBUZ,Apocalypse,0,,-,1099,DALIE,岡山県,2015,N-ART,岡山県,3526,RYU,岡山県,0,,-
SINOBUZ,Around The Galaxy,0,,-,1055,DALIE,岡山県,1924,PECIAL,岡山県,3356,O.N.O.,岡山県,0,,-
SINOBUZ,AsiaN distractive,0,,-,1131,DALIE,岡山県,1740,P,岡山県,2611,RYU,岡山県,0,,-
SINOBUZ,BabeL ～Grand Story～,0,,-,1172,HYORAI,岡山県,2026,CU,岡山県,2765,RYU,岡山県,0,,-
SINOBUZ,Be A Star,0,,-,968,TORO,岡山県,1720,43,岡山県,2805,O.N.O.,岡山県,0,,-
SINOBUZ,Beat Juggling Mix,0,,-,972,SAPE,岡山県,1383,KAZU,岡山県,2178,J1M4O,岡山県,0,,-
SINOBUZ,Believe in you,0,,-,1158,DALIE,岡山県,1864,.COM,岡山県,2400,.COM,岡山県,0,,-
SINOBUZ,Beyond The Seven,0,,-,729,TORO,岡山県,1318,TORO,岡山県,2704,O.N.O.,岡山県,0,,-
SINOBUZ,BREAK OVER,0,,-,886,HYORAI,岡山県,1419,ROTENO,岡山県,2342,MITTUN,岡山県,0,,-
SINOBUZ,Breakin' Chain,0,,-,686,DALIE,岡山県,1136,F.S.,岡山県,2281,MITTUN,岡山県,0,,-
SINOBUZ,BroGamer,0,,-,1303,84.,岡山県,2033,ROTENO,岡山県,3039,J1M4O,岡山県,4510,O.N.O.,岡山県
SINOBUZ,Caterpillar,0,,-,1143,DALIE,岡山県,2190,RYU,岡山県,2976,O.N.O.,岡山県,0,,-
SINOBUZ,crew,0,,-,621,MIYAKO,岡山県,1600,MIYAKO,岡山県,2915,O.N.O.,岡山県,0,,-
SINOBUZ,Cyber True Color,0,,-,914,DALIE,岡山県,1573,M.,岡山県,2294,MITTUN,岡山県,0,,-
SINOBUZ,DORNWALD ～Junge～,0,,-,1237,HYORAI,岡山県,2220,P,岡山県,3554,O.N.O.,岡山県,0,,-
SINOBUZ,ECHIDNA,0,,-,1157,HYORAI,岡山県,1796,OOZORA,岡山県,3275,*0712*,岡山県,0,,-
SINOBUZ,Egret and Willow,0,,-,977,LEONA,岡山県,1541,INYS,岡山県,2690,RYU,岡山県,0,,-
SINOBUZ,elemental bender feat. Kanae Asaba,0,,-,621,DALIE,岡山県,1077,HYORAI,岡山県,1622,IHM,岡山県,0,,-
SINOBUZ,FUZIN RIZIN,0,,-,1152,HYORAI,岡山県,1918,CU,岡山県,3752,O.N.O.,岡山県,0,,-
SINOBUZ,Go Ahead!!,0,,-,937,I.TSRN,岡山県,1413,KURO,岡山県,2592,O.N.O.,岡山県,0,,-
SINOBUZ,GuNGNiR,0,,-,1228,DALIE,岡山県,2657,RYU,岡山県,3787,RYU,岡山県,4374,RYU,岡山県
SINOBUZ,HADES,265,TAMI,岡山県,945,DALIE,岡山県,1738,ROTENO,岡山県,3034,O.N.O.,岡山県,0,,-
SINOBUZ,HAPPY★RUSH,0,,-,768,HYORAI,岡山県,1808,AHEAD,岡山県,2893,J1M4O,岡山県,0,,-
SINOBUZ,Honey Trap,0,,-,803,DALIE,岡山県,1406,CKS,岡山県,2506,O.N.O.,岡山県,0,,-
SINOBUZ,INVISIBLE STRIX,0,,-,1073,DALIE,岡山県,1974,CU,岡山県,2566,RYU,岡山県,0,,-
SINOBUZ,Lost wing at.0,0,,-,886,DALIE,岡山県,1386,PARM,岡山県,2424,O.N.O.,岡山県,0,,-
SINOBUZ,Macuilxochitl,0,,-,1354,I.TSRN,岡山県,2054,CU,岡山県,3317,O.N.O.,岡山県,0,,-
SINOBUZ,Magical,0,,-,816,TORO,岡山県,1192,TORO,岡山県,1999,J1M4O,岡山県,0,,-
SINOBUZ,Mare Nectaris,0,,-,1331,SAPE,岡山県,2087,RYU,岡山県,3483,RYU,岡山県,0,,-
SINOBUZ,Modular Technology,0,,-,1127,DALIE,岡山県,1841,CU,岡山県,2630,RYU,岡山県,0,,-
SINOBUZ,Music is The Answer,0,,-,774,DALIE,岡山県,1294,JUN2,岡山県,1879,AJAN,岡山県,0,,-
SINOBUZ,nostos,0,,-,894,TORO,岡山県,1185,SAPE,岡山県,2571,RYU,岡山県,0,,-
SINOBUZ,OOO,0,,-,666,LEONA,岡山県,1460,TORO,岡山県,2060,O.N.O.,岡山県,2670,O.N.O.,岡山県
SINOBUZ,OTENAMI Hurricane,0,,-,1198,DALIE,岡山県,2033,CU,岡山県,3049,MITTUN,岡山県,0,,-
SINOBUZ,PAPAYAPA BASS,0,,-,761,DALIE,岡山県,1506,ROTENO,岡山県,2769,J1M4O,岡山県,0,,-
SINOBUZ,Piano Samurai,0,,-,1023,HYORAI,岡山県,1629,-2,岡山県,2478,RYU,岡山県,0,,-
SINOBUZ,Quakes,0,,-,1069,HYORAI,岡山県,1962,BAR,岡山県,3107,*0712*,岡山県,0,,-
SINOBUZ,RAIN,0,,-,1092,DALIE,岡山県,1654,SAPE,岡山県,3228,O.N.O.,岡山県,0,,-
SINOBUZ,Rave Cannon,0,,-,967,DALIE,岡山県,1727,SAPE,岡山県,3320,O.N.O.,岡山県,0,,-
SINOBUZ,Remedy feat. Kanae Asaba,0,,-,893,DALIE,岡山県,1441,DALIE,岡山県,2193,GENO,岡山県,0,,-
SINOBUZ,ROTTERDAM SHOGUN,461,DSDS,岡山県,1130,TORO,岡山県,1752,CU,岡山県,2561,O.N.O.,岡山県,0,,-
SINOBUZ,SAMURAI-Scramble,0,,-,869,RIRI,岡山県,1677,AJAN,岡山県,2362,AJAN,岡山県,2624,MITTUN,岡山県
SINOBUZ,Sarutobi Champion is 拙者,0,,-,688,DALIE,岡山県,1282,A.AIMU,岡山県,2200,RYU,岡山県,0,,-
SINOBUZ,SAY BAY,0,,-,823,DALIE,岡山県,1430,KETY,岡山県,2815,O.N.O.,岡山県,0,,-
SINOBUZ,Seaside Labyrinth,0,,-,638,DALIE,岡山県,1227,ROTENO,岡山県,1852,MITTUN,岡山県,0,,-
SINOBUZ,Selfish Sweet,0,,-,632,DALIE,岡山県,868,HYORAI,岡山県,1690,MITTUN,岡山県,2554,J1M4O,岡山県
SINOBUZ,SEQUENCE CAT,0,,-,1035,DALIE,岡山県,2097,CU,岡山県,2837,RYU,岡山県,0,,-
SINOBUZ,shuriken,0,,-,761,DALIE,岡山県,1087,DALIE,岡山県,2528,MITTUN,岡山県,0,,-
SINOBUZ,SINOBUZ Fantasy,0,,-,989,DALIE,岡山県,1511,NOAH,岡山県,2394,MITTUN,岡山県,0,,-
SINOBUZ,Sky High,313,DEOKUN,岡山県,1091,HYORAI,岡山県,2179,MAO,岡山県,3782,O.N.O.,岡山県,0,,-
SINOBUZ,Snakey Kung-fu,0,,-,1030,ZUB,岡山県,2120,AJAN,岡山県,3387,O.N.O.,岡山県,0,,-
SINOBUZ,Steel Edge,0,,-,876,DALIE,岡山県,1411,SAPE,岡山県,3137,O.N.O.,岡山県,0,,-
SINOBUZ,Summerlights(IIDX Edition),0,,-,1064,LEONA,岡山県,1689,SAPE,岡山県,3095,O.N.O.,岡山県,0,,-
SINOBUZ,Super Rush,0,,-,985,U-A,岡山県,1798,ROTENO,岡山県,3512,O.N.O.,岡山県,0,,-
SINOBUZ,Surf on the Light,0,,-,500,TAPI*,岡山県,1396,43,岡山県,2261,RYU,岡山県,0,,-
SINOBUZ,The Commanders,0,,-,929,DALIE,岡山県,1416,HYORAI,岡山県,2444,O.N.O.,岡山県,0,,-
SINOBUZ,TOGAKUSHI,0,,-,806,CU,岡山県,1848,AJAN,岡山県,2577,*0712*,岡山県,0,,-
SINOBUZ,Umbral,0,,-,602,TORO,岡山県,1287,I.TSRN,岡山県,1894,RYU,岡山県,3064,RYU,岡山県
SINOBUZ,Venom,0,,-,1204,DALIE,岡山県,2062,CU,岡山県,3135,J1M4O,岡山県,0,,-
SINOBUZ,Vermilion,0,,-,846,DALIE,岡山県,1240,INYS,岡山県,2010,J1M4O,岡山県,0,,-
SINOBUZ,Warrior,0,,-,969,DALIE,岡山県,1552,TACAS,岡山県,2491,RYU,岡山県,0,,-
SINOBUZ,XINOBIKILL,0,,-,935,DALIE,岡山県,1692,CU,岡山県,2809,J1M4O,岡山県,0,,-
SINOBUZ,yamabiko (SINOBUZ Edition),0,,-,945,DALIE,岡山県,1524,CORINS,岡山県,2602,RYU,岡山県,0,,-
SINOBUZ,Yellow Sketch(RX-Ver.S.P.L.),0,,-,734,DALIE,岡山県,1699,CU,岡山県,2815,MITTUN,岡山県,0,,-
SINOBUZ,〆,0,,-,1191,HYORAI,岡山県,2157,ROTENO,岡山県,3649,O.N.O.,岡山県,0,,-
SINOBUZ,ちらちら・はらはら,0,,-,317,HSY,岡山県,926,CU,岡山県,1418,AJAN,岡山県,0,,-
SINOBUZ,イザナミノナゲキ,0,,-,1145,DALIE,岡山県,1888,M.,岡山県,3191,MITTUN,岡山県,0,,-
SINOBUZ,ディッシュウォッシャー◎彡おいわちゃん,0,,-,727,TORO,岡山県,1372,ROTENO,岡山県,2498,J1M4O,岡山県,0,,-
SINOBUZ,九尾狐夜行,0,,-,828,DALIE,岡山県,1711,ROTENO,岡山県,2928,O.N.O.,岡山県,0,,-
SINOBUZ,冬椿 ft. Kanae Asaba,202,D,岡山県,957,TORO,岡山県,1168,LEONA,岡山県,2276,O.N.O.,岡山県,3037,O.N.O.,岡山県
SINOBUZ,刃図羅,0,,-,1163,DALIE,岡山県,1959,CU,岡山県,3361,O.N.O.,岡山県,0,,-
SINOBUZ,忍恋花,0,,-,981,DALIE,岡山県,1664,KAZU,岡山県,2227,IHM,岡山県,0,,-
SINOBUZ,恋はどう？モロ◎波動OK☆方程式!!,0,,-,961,DALIE,岡山県,1283,S4B1T0,岡山県,2457,O.N.O.,岡山県,0,,-
SINOBUZ,月雪に舞う華のように,0,,-,806,KURO,岡山県,1160,SS55,岡山県,2053,GNENJO,岡山県,0,,-
SINOBUZ,次葉 -turn the page-,0,,-,822,DALIE,岡山県,1344,DALIE,岡山県,1981,MITTUN,岡山県,0,,-
SINOBUZ,津軽雪,0,,-,1519,TORO,岡山県,2190,AJAN,岡山県,3743,O.N.O.,岡山県,0,,-
SINOBUZ,火影,0,,-,688,CU,岡山県,1306,ROTENO,岡山県,2694,RYU,岡山県,0,,-
SINOBUZ,焔極OVERKILL,0,,-,1080,HYORAI,岡山県,2127,RYU,岡山県,3471,RYU,岡山県,0,,-
SINOBUZ,獅子霞麗ノ舞,0,,-,499,TORO,岡山県,969,SS55,岡山県,1721,MITTUN,岡山県,0,,-
SINOBUZ,禍根,0,,-,796,DALIE,岡山県,1275,ROTENO,岡山県,2525,MITTUN,岡山県,0,,-
SINOBUZ,童話回廊,0,,-,902,CU,岡山県,1664,CU,岡山県,3053,O.N.O.,岡山県,0,,-
SINOBUZ,鴉,0,,-,1446,HYORAI,岡山県,2135,CU,岡山県,2680,RYU,岡山県,0,,-
CANNON BALLERS,1001 -ESCAPE-,0,,-,986,DALIE,岡山県,1632,CU,岡山県,2609,J1M4O,岡山県,0,,-
CANNON BALLERS,255,0,,-,838,U-A,岡山県,1547,CU,岡山県,3169,O.N.O.,岡山県,0,,-
CANNON BALLERS,AA -rebuild-,0,,-,1165,DALIE,岡山県,2194,KETY,岡山県,3518,MITTUN,岡山県,0,,-
CANNON BALLERS,Abraxas,0,,-,777,DALIE,岡山県,1543,ROTENO,岡山県,2416,RYU,岡山県,0,,-
CANNON BALLERS,ACCELERATE,0,,-,1122,DALIE,岡山県,1547,PECIAL,岡山県,2447,KEISOO,岡山県,0,,-
CANNON BALLERS,Alpheratz,0,,-,339,SY0...,岡山県,1029,TORO,岡山県,2091,O.N.O.,岡山県,2881,O.N.O.,岡山県
CANNON BALLERS,Amor De Verao,0,,-,765,DALIE,岡山県,1215,SS55,岡山県,2322,RYU,岡山県,0,,-
CANNON BALLERS,ANAGMA,0,,-,973,DALIE,岡山県,1750,ROTENO,岡山県,2626,RYU,岡山県,0,,-
CANNON BALLERS,ANCHOR,0,,-,1327,TORO,岡山県,2444,AJAN,岡山県,3497,RYU,岡山県,0,,-
CANNON BALLERS,Antigravity,0,,-,1026,DALIE,岡山県,1816,ROTENO,岡山県,3037,*0712*,岡山県,0,,-
CANNON BALLERS,Arca,0,,-,892,DALIE,岡山県,1818,CU,岡山県,3076,MITTUN,岡山県,0,,-
CANNON BALLERS,Around the Future,0,,-,1011,DALIE,岡山県,1600,ROTENO,岡山県,2565,O.N.O.,岡山県,0,,-
CANNON BALLERS,Back Spin Sweeper,0,,-,817,HYORAI,岡山県,1321,ROTENO,岡山県,2227,RYU,岡山県,0,,-
CANNON BALLERS,Battleground,0,,-,1077,HYORAI,岡山県,1753,ROTENO,岡山県,2685,RYU,岡山県,0,,-
CANNON BALLERS,Be a Hero!,0,,-,747,DALIE,岡山県,1870,CU,岡山県,3016,O.N.O.,岡山県,0,,-
CANNON BALLERS,Best of Me,0,,-,683,ROK.U,岡山県,1472,MIYAKO,岡山県,2209,RYU,岡山県,0,,-
CANNON BALLERS,Boomy and The Boost,314,MAMON,岡山県,997,DALIE,岡山県,1854,SAPE,岡山県,3490,O.N.O.,岡山県,0,,-
CANNON BALLERS,Break Stasis,0,,-,1252,HYORAI,岡山県,1864,CU,岡山県,2509,O.N.O.,岡山県,0,,-
CANNON BALLERS,ChaserXX,0,,-,1003,DALIE,岡山県,1874,AJAN,岡山県,2823,RYU,岡山県,3683,RYU,岡山県
CANNON BALLERS,Chemical Cookie,0,,-,775,DALIE,岡山県,1378,ROTENO,岡山県,2110,J1M4O,岡山県,0,,-
CANNON BALLERS,City Never Sleeps (IIDX Edition),0,,-,1240,I.TSRN,岡山県,1787,CU,岡山県,2638,MITTUN,岡山県,0,,-
CANNON BALLERS,COSMIC☆WONDER☆REVOLUTION,0,,-,755,DALIE,岡山県,1333,I.TSRN,岡山県,2086,GENO,岡山県,0,,-
CANNON BALLERS,DEADHEAT,0,,-,1121,DALIE,岡山県,1947,AJAN,岡山県,3282,O.N.O.,岡山県,0,,-
CANNON BALLERS,DEATH†ZIGOQ ～怒りの高速爆走野郎～,0,,-,1292,DALIE,岡山県,2295,KETY,岡山県,3972,RYU,岡山県,4482,RYU,岡山県
CANNON BALLERS,DropZ-Line-,0,,-,1146,U-A,岡山県,1920,S.REN,岡山県,3143,RYU,岡山県,0,,-
CANNON BALLERS,Eine Haube ～聖地の果てにあるもの～,0,,-,951,DALIE,岡山県,1312,PECIAL,岡山県,2549,RYU,岡山県,0,,-
CANNON BALLERS,EMERALDAS,286,NGT555,岡山県,1275,I.TSRN,岡山県,2409,RYU,岡山県,3419,*0712*,岡山県,0,,-
CANNON BALLERS,encounter,0,,-,939,DALIE,岡山県,1656,ROTENO,岡山県,3203,J1M4O,岡山県,0,,-
CANNON BALLERS,Exhaust Hype,0,,-,963,LEONA,岡山県,1821,ROTENO,岡山県,2798,O.N.O.,岡山県,0,,-
CANNON BALLERS,Expanded !!,0,,-,669,DALIE,岡山県,1454,HYORAI,岡山県,2616,J1M4O,岡山県,0,,-
CANNON BALLERS,Fervidex,0,,-,842,DALIE,岡山県,1763,CU,岡山県,2681,J1M4O,岡山県,0,,-
CANNON BALLERS,FREEDOM,0,,-,954,CU,岡山県,1609,TORO,岡山県,2914,O.N.O.,岡山県,0,,-
CANNON BALLERS,From Time To Time,0,,-,776,DALIE,岡山県,1723,A.AIMU,岡山県,2528,J1M4O,岡山県,0,,-
CANNON BALLERS,FUTURE is Dead,0,,-,864,DALIE,岡山県,1291,U-A,岡山県,2214,O.N.O.,岡山県,0,,-
CANNON BALLERS,Get Up! feat. Kanae Asaba,0,,-,569,DALIE,岡山県,1146,I.TSRN,岡山県,1868,O.N.O.,岡山県,0,,-
CANNON BALLERS,HAT TRICK,0,,-,834,DALIE,岡山県,1369,R,岡山県,2215,O.N.O.,岡山県,0,,-
CANNON BALLERS,Hella Deep,0,,-,616,DALIE,岡山県,1022,M.,岡山県,1851,RYU,岡山県,0,,-
CANNON BALLERS,HYPE THE CORE,0,,-,961,ROK.U,岡山県,1750,OOZORA,岡山県,2968,RYU,岡山県,0,,-
CANNON BALLERS,I Love You,0,,-,1034,DALIE,岡山県,1766,L.MSK,岡山県,2720,O.N.O.,岡山県,0,,-
CANNON BALLERS,Illusionary Waterlily,0,,-,1295,TORO,岡山県,2101,AJAN,岡山県,3429,MITTUN,岡山県,0,,-
CANNON BALLERS,Initiation,347,TAPI*,岡山県,1457,SAPE,岡山県,2359,MR.CB,岡山県,3818,KEISOO,岡山県,0,,-
CANNON BALLERS,"Life Is A Game ft.DD""ナカタ""Metal",0,,-,1230,DALIE,岡山県,1930,RYU,岡山県,3358,O.N.O.,岡山県,0,,-
CANNON BALLERS,LUV DRIVE,0,,-,803,DALIE,岡山県,1318,M.,岡山県,2119,MITTUN,岡山県,0,,-
CANNON BALLERS,MAXIVCORD,0,,-,779,LEONA,岡山県,1278,PE6CAN,岡山県,2425,RYU,岡山県,0,,-
CANNON BALLERS,Midnight Lady,0,,-,609,DALIE,岡山県,1134,ROTENO,岡山県,1925,MITTUN,岡山県,0,,-
CANNON BALLERS,n'pa pa BBQ,0,,-,892,HYORAI,岡山県,1586,MASSAN,岡山県,2761,O.N.O.,岡山県,0,,-
CANNON BALLERS,NITROUS CANNON,0,,-,1281,I.TSRN,岡山県,1892,L.MSK,岡山県,3542,O.N.O.,岡山県,0,,-
CANNON BALLERS,No Limit 2 dAnce feat. 大山愛未,0,,-,934,DALIE,岡山県,1386,HYORAI,岡山県,2320,O.N.O.,岡山県,0,,-
CANNON BALLERS,Nothing but Theory,0,,-,1059,DALIE,岡山県,1301,SS55,岡山県,2846,RYU,岡山県,3725,O.N.O.,岡山県
CANNON BALLERS,O/D*20,0,,-,1078,DALIE,岡山県,1589,HYORAI,岡山県,2123,O.N.O.,岡山県,3821,O.N.O.,岡山県
CANNON BALLERS,Only for now,0,,-,873,DALIE,岡山県,1380,DALIE,岡山県,2251,MITTUN,岡山県,0,,-
CANNON BALLERS,Papilio ulysses,0,,-,1200,TORO,岡山県,1954,M.,岡山県,2846,RYU,岡山県,0,,-
CANNON BALLERS,Persephone,0,,-,1203,DALIE,岡山県,1842,ROTENO,岡山県,2989,O.N.O.,岡山県,0,,-
CANNON BALLERS,Rampage,0,,-,1227,DALIE,岡山県,2406,KAZU,岡山県,3575,O.N.O.,岡山県,0,,-
CANNON BALLERS,Raspberry Railgun,0,,-,1316,I.TSRN,岡山県,2040,KURO,岡山県,3134,O.N.O.,岡山県,0,,-
CANNON BALLERS,REVOLVER,0,,-,886,DALIE,岡山県,1527,OK!,岡山県,2745,O.N.O.,岡山県,3202,MITTUN,岡山県
CANNON BALLERS,Sleepless days,0,,-,480,DALIE,岡山県,886,DALIE,岡山県,1576,GENO,岡山県,0,,-
CANNON BALLERS,Slipstream,0,,-,1028,DALIE,岡山県,1785,SAPE,岡山県,3477,O.N.O.,岡山県,0,,-
CANNON BALLERS,SPEED DEMON,0,,-,715,DALIE,岡山県,1320,YOF.,岡山県,2334,RYU,岡山県,0,,-
CANNON BALLERS,STARLIGHT JUNCTION,0,,-,870,LEONA,岡山県,1469,OOZORA,岡山県,2287,O.N.O.,岡山県,2873,O.N.O.,岡山県
CANNON BALLERS,Static State,0,,-,989,DALIE,岡山県,1563,SAPE,岡山県,2272,.COM,岡山県,0,,-
CANNON BALLERS,Temple of Anubis,0,,-,1008,TORO,岡山県,1460,ROTENO,岡山県,2649,O.N.O.,岡山県,0,,-
CANNON BALLERS,THE CANNONBALLER,0,,-,1430,HYORAI,岡山県,2363,P,岡山県,3415,RYU,岡山県,0,,-
CANNON BALLERS,The Chase,0,,-,574,H*RUMA,岡山県,1373,RYU,岡山県,2129,RYU,岡山県,0,,-
CANNON BALLERS,UMMU,337,E,岡山県,1127,HYORAI,岡山県,1864,R,岡山県,3017,J1M4O,岡山県,0,,-
CANNON BALLERS,Usual Days-remix,0,,-,1046,MIYAKO,岡山県,1434,KAZU,岡山県,2640,RYU,岡山県,0,,-
CANNON BALLERS,Xperanza,224,POTETO,岡山県,1310,I.TSRN,岡山県,2327,KETY,岡山県,3116,RYU,岡山県,0,,-
CANNON BALLERS,うさ☆かめ 大戦争！,0,,-,871,DALIE,岡山県,1534,CU,岡山県,2502,O.N.O.,岡山県,0,,-
CANNON BALLERS,エディブルフラワーの独白,0,,-,789,DALIE,岡山県,1448,HYORAI,岡山県,2194,MITTUN,岡山県,0,,-
CANNON BALLERS,シムルグの目醒め,0,,-,1338,MIYAKO,岡山県,2233,SAMGAL,岡山県,3358,RYU,岡山県,0,,-
CANNON BALLERS,ナイトシティー・アヴァンチュール,0,,-,986,DALIE,岡山県,1486,I.TSRN,岡山県,2087,O.N.O.,岡山県,0,,-
CANNON BALLERS,ハイ*ビスカス ft. Kanae Asaba,0,,-,842,DALIE,岡山県,1502,I.TSRN,岡山県,2432,O.N.O.,岡山県,0,,-
CANNON BALLERS,バ→ビ→ブ→Bomb!,0,,-,800,DALIE,岡山県,1583,JUN2,岡山県,2500,GENO,岡山県,0,,-
CANNON BALLERS,バスルーム ロマンス,0,,-,931,DALIE,岡山県,1389,CU,岡山県,2428,O.N.O.,岡山県,0,,-
CANNON BALLERS,パラドキシカル・タイムリープトライアル(Short Ver.),0,,-,991,LEONA,岡山県,1812,OK!,岡山県,2720,MITTUN,岡山県,0,,-
CANNON BALLERS,ラストセンチュリーメランコリック,0,,-,814,DALIE,岡山県,1359,SS55,岡山県,2160,O.N.O.,岡山県,0,,-
CANNON BALLERS,共犯ヘヴンズコード,0,,-,475,DALIE,岡山県,1254,I.TSRN,岡山県,2232,*0712*,岡山県,0,,-
CANNON BALLERS,命の標本,0,,-,717,DALIE,岡山県,1507,MIYAKO,岡山県,2635,RYU,岡山県,0,,-
CANNON BALLERS,東京神話,446,DALIE,岡山県,994,DALIE,岡山県,1581,MIYAKO,岡山県,2746,RYU,岡山県,0,,-
CANNON BALLERS,神謳 -RESONANCE-,0,,-,1326,DALIE,岡山県,2370,P,岡山県,3912,.COM,岡山県,0,,-
CANNON BALLERS,純真可憐デザイア,215,D,岡山県,836,TORO,岡山県,1546,ROTENO,岡山県,2327,J1M4O,岡山県,2908,RYU,岡山県
CANNON BALLERS,草原の王女-軌跡を辿って-,0,,-,683,DALIE,岡山県,1163,I.TSRN,岡山県,2280,MITTUN,岡山県,0,,-
Rootage,& Intelligence,0,,-,1096,DALIE,岡山県,1993,OK!,岡山県,3168,O.N.O.,岡山県,0,,-
Rootage,50th Memorial Songs -Beginning Story-,295,DAIMYO,岡山県,793,LEONA,岡山県,1579,M.,岡山県,2562,NICOL,岡山県,0,,-
Rootage,50th Memorial Songs -Flagship medley-,345,DAIMYO,岡山県,819,DALIE,岡山県,1395,SAPE,岡山県,2162,OGA,岡山県,0,,-
Rootage,50th Memorial Songs -The BEMANI History-,496,DAIMYO,岡山県,1028,HYORAI,岡山県,1479,I.TSRN,岡山県,2594,RYU,岡山県,0,,-
Rootage,50th Memorial Songs -二人の時 ～under the cherry blossoms～-,477,DAIMYO,岡山県,1195,DALIE,岡山県,1562,CORINS,岡山県,2609,O.N.O.,岡山県,0,,-
Rootage,Afterimage d'automne,0,,-,950,LEONA,岡山県,1538,SAPE,岡山県,2796,RYU,岡山県,0,,-
Rootage,BLACK JACKAL,0,,-,831,DALIE,岡山県,1462,ROTENO,岡山県,2327,RYU,岡山県,0,,-
Rootage,BLOSSOM,0,,-,1042,CU,岡山県,1588,TORO,岡山県,2517,MITTUN,岡山県,0,,-
Rootage,Carmina,517,DALIE,岡山県,1019,DAIMYO,岡山県,2273,-DAI-,岡山県,3635,*0712*,岡山県,0,,-
Rootage,Carry Me Away,379,NA,岡山県,1068,DALIE,岡山県,1682,ROTENO,岡山県,3128,RYU,岡山県,0,,-
Rootage,Catch Our Fire!,0,,-,1231,43,岡山県,2131,CU,岡山県,3632,O.N.O.,岡山県,0,,-
Rootage,CODE:0,0,,-,1331,DALIE,岡山県,1836,SAPE,岡山県,2776,RYU,岡山県,3293,O.N.O.,岡山県
Rootage,CoMAAAAAAA,0,,-,1163,DALIE,岡山県,1997,AHEAD,岡山県,2404,O.N.O.,岡山県,3803,O.N.O.,岡山県
Rootage,COSMIC CYBER,0,,-,1000,CU,岡山県,1524,U-A,岡山県,2905,RYU,岡山県,0,,-
Rootage,Cranberry City ft. Luschel,0,,-,807,DALIE,岡山県,1418,PECIAL,岡山県,2421,O.N.O.,岡山県,0,,-
Rootage,dAuntl3ss,0,,-,1049,DALIE,岡山県,1924,CU,岡山県,3446,O.N.O.,岡山県,0,,-
Rootage,Dr. Chemical & Killing Machine,0,,-,0,,-,1692,R,岡山県,3359,O.N.O.,岡山県,0,,-
Rootage,Drastic Dramatic,0,,-,1383,DALIE,岡山県,2317,AJAN,岡山県,3468,O.N.O.,岡山県,0,,-
Rootage,DRUNK MONKY,0,,-,906,DALIE,岡山県,1530,TIN8NG,岡山県,2293,O.N.O.,岡山県,0,,-
Rootage,Ember Lights,0,,-,897,DALIE,岡山県,1583,KETY,岡山県,2694,O.N.O.,岡山県,3052,O.N.O.,岡山県
Rootage,EVANESCENT,0,,-,1175,DALIE,岡山県,2257,P,岡山県,3512,O.N.O.,岡山県,0,,-
Rootage,Garuda,0,,-,1001,DALIE,岡山県,1461,SAPE,岡山県,2571,O.N.O.,岡山県,0,,-
Rootage,Geirskögul,0,,-,1004,DALIE,岡山県,1384,MIJUMA,岡山県,2199,MITTUN,岡山県,0,,-
Rootage,GENE,0,,-,1289,TORO,岡山県,1862,CU,岡山県,4267,O.N.O.,岡山県,3448,O.N.O.,岡山県
Rootage,GIGA THRASH,0,,-,1204,HYORAI,岡山県,1612,SAPE,岡山県,2697,RYU,岡山県,0,,-
Rootage,Glory,0,,-,749,DALIE,岡山県,1589,TORO,岡山県,2303,O.N.O.,岡山県,0,,-
Rootage,GO OVER WITH GLARE -ROOTAGE 26-,0,,-,988,DALIE,岡山県,2083,L.MSK,岡山県,3831,RYU,岡山県,0,,-
Rootage,HARD BRAIN,0,,-,1230,HYORAI,岡山県,1906,CU,岡山県,3726,O.N.O.,岡山県,0,,-
Rootage,HEISEI,282,KATTA,岡山県,972,LEONA,岡山県,1765,KURO,岡山県,2540,O.N.O.,岡山県,0,,-
Rootage,Hurry Hurry,0,,-,726,DALIE,岡山県,981,HYORAI,岡山県,2085,O.N.O.,岡山県,0,,-
Rootage,IDC feat.REVERBEE (Mo'Cuts Ver),0,,-,982,I.TSRN,岡山県,1452,OGA,岡山県,2152,RYU,岡山県,0,,-
Rootage,IDOL syndrome.,0,,-,735,DALIE,岡山県,1409,UMI,岡山県,2180,GENO,岡山県,2991,O.N.O.,岡山県
Rootage,KILL EACH OTHER,0,,-,1287,DALIE,岡山県,2244,CU,岡山県,3769,O.N.O.,岡山県,0,,-
Rootage,L.F.O,0,,-,825,DALIE,岡山県,1669,KURO,岡山県,3256,O.N.O.,岡山県,0,,-
Rootage,LADYBIRD,0,,-,1038,I.TSRN,岡山県,1566,ROTENO,岡山県,2423,RYU,岡山県,0,,-
Rootage,Let me be your cure,0,,-,1106,DALIE,岡山県,1384,KOTO,岡山県,2653,RYU,岡山県,0,,-
Rootage,Lethal Weapon,0,,-,1080,DAIMYO,岡山県,1867,AJAN,岡山県,3166,RYU,岡山県,0,,-
Rootage,Level One,0,,-,1157,DALIE,岡山県,2152,KAZU,岡山県,3337,RYU,岡山県,0,,-
Rootage,Lift Us High,0,,-,935,HYORAI,岡山県,1500,BEAT,岡山県,2454,RYU,岡山県,0,,-
Rootage,LOST TECHNOLOGIE,0,,-,1059,DALIE,岡山県,1713,SAPE,岡山県,3418,RYU,岡山県,0,,-
Rootage,Macho Monky,0,,-,1293,DALIE,岡山県,2034,AJAN,岡山県,2976,O.N.O.,岡山県,0,,-
Rootage,Necroxis Girl,0,,-,1034,DALIE,岡山県,1810,KUCCHI,岡山県,2787,RYU,岡山県,0,,-
Rootage,"Next Tales 2 Oath (IIDX 20th Anniv ""Ring"" Theme)",0,,-,841,DALIE,岡山県,1568,MILK*T,岡山県,2662,RYU,岡山県,0,,-
Rootage,Night! Night! Night!,0,,-,1116,DAIMYO,岡山県,1733,CU,岡山県,3021,O.N.O.,岡山県,0,,-
Rootage,ONIGOROSHI,0,,-,1066,DALIE,岡山県,1977,CU,岡山県,2914,J1M4O,岡山県,0,,-
Rootage,OVER TIME,0,,-,541,LEONA,岡山県,910,MIYAKO,岡山県,1554,O.N.O.,岡山県,2018,O.N.O.,岡山県
Rootage,Painful Fate,0,,-,1204,I.TSRN,岡山県,2227,AJAN,岡山県,3258,MITTUN,岡山県,0,,-
Rootage,Playing With Fire,0,,-,932,HYORAI,岡山県,1565,OK!,岡山県,2344,O.N.O.,岡山県,0,,-
Rootage,Psycho Sheep Riddim,0,,-,629,DALIE,岡山県,855,T26,岡山県,1653,O.N.O.,岡山県,2230,RYU,岡山県
Rootage,Red. by Jack Trance,0,,-,1401,I.TSRN,岡山県,2102,RYU,岡山県,3411,O.N.O.,岡山県,0,,-
Rootage,REPLAY,0,,-,866,DALIE,岡山県,1538,M.,岡山県,2258,GYAN3,岡山県,0,,-
Rootage,ROCK女 feat. 大山愛未， Ken,0,,-,979,DALIE,岡山県,1558,SAPE,岡山県,2748,RYU,岡山県,0,,-
Rootage,ruin of opals,0,,-,945,HYORAI,岡山県,1796,CU,岡山県,3131,RYU,岡山県,0,,-
Rootage,R∞tAge,462,DSDS,岡山県,1091,TORO,岡山県,1577,ROTENO,岡山県,2942,O.N.O.,岡山県,0,,-
Rootage,SPEED ROCKER,0,,-,397,PHOBOS,岡山県,1481,ROTENO,岡山県,2278,O.N.O.,岡山県,0,,-
Rootage,Technicolour Dreams,0,,-,897,HYORAI,岡山県,1359,M.,岡山県,2370,MITTUN,岡山県,0,,-
Rootage,The Best of Both Worlds,0,,-,574,LEONA,岡山県,1235,KOTO,岡山県,2210,GENO,岡山県,0,,-
Rootage,THE DAY OF JUBILATIONS,0,,-,1370,I.TSRN,岡山県,2251,KURO,岡山県,3327,MITTUN,岡山県,0,,-
Rootage,The Rebellion of Sequencer,0,,-,1134,HYORAI,岡山県,1786,CU,岡山県,3032,RYU,岡山県,0,,-
Rootage,toy boxer,0,,-,742,DALIE,岡山県,1293,SS55,岡山県,2209,GENO,岡山県,0,,-
Rootage,ToyCube Pf.(RX-Ver.S.P.L.),0,,-,739,DALIE,岡山県,1463,I.TSRN,岡山県,2235,J1M4O,岡山県,0,,-
Rootage,Trill auf G,0,,-,1083,DALIE,岡山県,1957,MILK*T,岡山県,3160,RYU,岡山県,0,,-
Rootage,Twilight Warp,0,,-,905,DALIE,岡山県,1317,I.TSRN,岡山県,2110,AJAN,岡山県,0,,-
Rootage,Unbelief,0,,-,1023,DALIE,岡山県,1924,CU,岡山県,3078,MITTUN,岡山県,0,,-
Rootage,UNDERWORLD HOLOGRAPHY,0,,-,1088,DALIE,岡山県,1884,PE6CAN,岡山県,3217,RYU,岡山県,0,,-
Rootage,Urban Constellations,0,,-,713,TORO,岡山県,1129,SS55,岡山県,2254,RYU,岡山県,3289,MITTUN,岡山県
Rootage,Visterhv,0,,-,1151,DALIE,岡山県,2108,M.,岡山県,3631,MITTUN,岡山県,0,,-
Rootage,voltississimo,0,,-,1079,LEONA,岡山県,1988,CU,岡山県,3565,*0712*,岡山県,0,,-
Rootage,Wing of Hearts,0,,-,1066,HYORAI,岡山県,1691,KAZU,岡山県,2902,MITTUN,岡山県,0,,-
Rootage,Wolf 1061,0,,-,974,DALIE,岡山県,1652,OK!,岡山県,3093,RYU,岡山県,0,,-
Rootage,Wonderland,0,,-,1011,HYORAI,岡山県,1753,AJAN,岡山県,2735,J1M4O,岡山県,0,,-
Rootage,X-DEN,0,,-,1526,SAPE,岡山県,2692,RYU,岡山県,3905,*0712*,岡山県,0,,-
Rootage,XENON II ～TOMOYUKIの野望～,0,,-,1172,TORO,岡山県,1673,ROTENO,岡山県,2974,O.N.O.,岡山県,0,,-
Rootage,Xlo,0,,-,1392,I.TSRN,岡山県,2342,P,岡山県,3682,O.N.O.,岡山県,0,,-
Rootage,Yum Yum Jelly,0,,-,752,LEONA,岡山県,1480,ROTENO,岡山県,2355,RYU,岡山県,0,,-
Rootage,ZENDEGI DANCE,0,,-,1092,DALIE,岡山県,1720,ROTENO,岡山県,2734,O.N.O.,岡山県,0,,-
Rootage,おーまい！らぶりー！すうぃーてぃ！だーりん！,0,,-,1039,CU,岡山県,1851,M.,岡山県,2840,MITTUN,岡山県,0,,-
Rootage,お菓子の王国,0,,-,1362,TORO,岡山県,2099,CU,岡山県,3950,MITTUN,岡山県,0,,-
Rootage,グラナダの風,0,,-,509,AAAA,岡山県,1058,HYORAI,岡山県,1837,MITTUN,岡山県,0,,-
Rootage,セカンドピアス,0,,-,586,DALIE,岡山県,1000,T26,岡山県,2017,O.N.O.,岡山県,0,,-
Rootage,ハードベース・フェスタ,0,,-,1065,DALIE,岡山県,1737,ROTENO,岡山県,2838,O.N.O.,岡山県,0,,-
Rootage,ミストレス・アンに花束を,0,,-,430,H*RUMA,岡山県,922,RX-24,岡山県,1411,AJAN,岡山県,0,,-
Rootage,ミッドナイト☆WAR,0,,-,803,DALIE,岡山県,1544,ROTENO,岡山県,2499,RYU,岡山県,0,,-
Rootage,夏の匂い。キミの残像。 ft. Kanae Asaba,0,,-,648,DALIE,岡山県,1522,TORO,岡山県,2556,O.N.O.,岡山県,0,,-
Rootage,抱きしめてモナムール,0,,-,1253,DALIE,岡山県,2171,CU,岡山県,4052,*0712*,岡山県,0,,-
Rootage,最小三倍完全数,0,,-,877,DALIE,岡山県,1663,L.MSK,岡山県,2529,RYU,岡山県,0,,-
Rootage,泰東ノ翠霞,0,,-,478,DALIE,岡山県,631,DEOKUN,岡山県,1755,MITTUN,岡山県,0,,-
Rootage,深愛のリグレット,0,,-,774,DALIE,岡山県,1176,MR.C.B,岡山県,2376,O.N.O.,岡山県,0,,-
Rootage,爆ゼニ☆がってんワーカー,0,,-,1195,SAPE,岡山県,1766,KAZU,岡山県,2684,RYU,岡山県,0,,-
Rootage,花冠 feat.Aikapin,0,,-,917,DALIE,岡山県,1579,AHEAD,岡山県,2556,RYU,岡山県,0,,-
Rootage,金野火織の金色提言,0,,-,1151,DALIE,岡山県,2138,IHM,岡山県,3024,RYU,岡山県,0,,-
Rootage,龍王の霊廟(Mausoleum Of The Primal Dragon),0,,-,1055,DALIE,岡山県,2216,CU,岡山県,3202,O.N.O.,岡山県,3944,O.N.O.,岡山県
HEROIC VERSE,27th style,0,,-,1153,TORO,岡山県,1710,KETY,岡山県,2543,O.N.O.,岡山県,3119,RYU,岡山県
HEROIC VERSE,Advent Infamous,0,,-,946,DALIE,岡山県,1548,-2,岡山県,2836,RYU,岡山県,0,,-
HEROIC VERSE,AKASHIC BREAK,0,,-,1105,LEONA,岡山県,2334,AJAN,岡山県,3493,O.N.O.,岡山県,0,,-
HEROIC VERSE,And-RoiD,0,,-,709,DALIE,岡山県,1269,HYORAI,岡山県,1977,NICOL,岡山県,0,,-
HEROIC VERSE,Artist,0,,-,1173,DALIE,岡山県,2169,CU,岡山県,3479,MITTUN,岡山県,0,,-
HEROIC VERSE,Backyard Stars,0,,-,943,DALIE,岡山県,1384,CU,岡山県,2218,GENO,岡山県,0,,-
HEROIC VERSE,BEAT PRISONER,0,,-,1127,HYORAI,岡山県,1991,AJAN,岡山県,3533,O.N.O.,岡山県,0,,-
HEROIC VERSE,beatAffection,0,,-,988,LEONA,岡山県,1539,M.,岡山県,2639,J1M4O,岡山県,0,,-
HEROIC VERSE,Beautiful Harmony (IIDX Mix),0,,-,858,HYORAI,岡山県,1626,CU,岡山県,2425,GYAN3,岡山県,0,,-
HEROIC VERSE,Bow shock!!,0,,-,782,HYORAI,岡山県,1903,CU,岡山県,3061,RYU,岡山県,4198,O.N.O.,岡山県
HEROIC VERSE,Calvados Queen,0,,-,902,CU,岡山県,1495,M.,岡山県,2435,J1M4O,岡山県,0,,-
HEROIC VERSE,Change Yourself,0,,-,866,LEONA,岡山県,1670,CU,岡山県,2509,MITTUN,岡山県,0,,-
HEROIC VERSE,Crank It,0,,-,752,DALIE,岡山県,1412,I.TSRN,岡山県,2446,O.N.O.,岡山県,0,,-
HEROIC VERSE,Dans la nuit de l'eternite,0,,-,1273,DALIE,岡山県,2082,KETY,岡山県,3320,RYU,岡山県,0,,-
HEROIC VERSE,Do What You Want,0,,-,700,TORO,岡山県,1169,HYORAI,岡山県,1990,RYU,岡山県,0,,-
HEROIC VERSE,Double Dribble,0,,-,1152,HYORAI,岡山県,1888,CU,岡山県,3264,*0712*,岡山県,0,,-
HEROIC VERSE,EROICA,0,,-,1343,ROTENO,岡山県,2299,AJAN,岡山県,3777,MITTUN,岡山県,0,,-
HEROIC VERSE,Everlasting Message,0,,-,1205,I.TSRN,岡山県,2154,YK,岡山県,3631,RYU,岡山県,0,,-
HEROIC VERSE,fairy cocktail,0,,-,445,DALIE,岡山県,809,SLIME,岡山県,1618,AJAN,岡山県,0,,-
HEROIC VERSE,Fly Above (Vicissitude Remix),0,,-,844,HYORAI,岡山県,1492,M.,岡山県,2337,RYU,岡山県,0,,-
HEROIC VERSE,Forgetting Machine,0,,-,727,TORO,岡山県,1192,CU,岡山県,1689,MITTUN,岡山県,0,,-
HEROIC VERSE,Friction[!]Function,0,,-,1031,HYORAI,岡山県,1727,CU,岡山県,3136,O.N.O.,岡山県,0,,-
HEROIC VERSE,GHOST,0,,-,779,DALIE,岡山県,1451,M.,岡山県,2718,GENO,岡山県,0,,-
HEROIC VERSE,GIGA VIOLATE,0,,-,1045,DALIE,岡山県,1545,M.,岡山県,2700,RYU,岡山県,0,,-
HEROIC VERSE,Hold My Hand,0,,-,897,DALIE,岡山県,1494,SS55,岡山県,2465,RYU,岡山県,0,,-
HEROIC VERSE,Hyper Drive feat. ぷにぷに電機,0,,-,647,DALIE,岡山県,1391,I.TSRN,岡山県,1978,AJAN,岡山県,0,,-
HEROIC VERSE,If,0,,-,749,DALIE,岡山県,1114,SS55,岡山県,1884,MITTUN,岡山県,0,,-
HEROIC VERSE,Inferno of Fomalhaut,0,,-,976,DALIE,岡山県,1734,CU,岡山県,2937,MITTUN,岡山県,0,,-
HEROIC VERSE,Infinity Mirror,0,,-,805,DALIE,岡山県,1196,KIRI,岡山県,2295,MITTUN,岡山県,0,,-
HEROIC VERSE,Into The Madness,0,,-,939,DALIE,岡山県,1399,SAPE,岡山県,2505,RYU,岡山県,0,,-
HEROIC VERSE,LASER CRUSTER (IGNITE REMIX),0,,-,745,DALIE,岡山県,1614,L.MSK,岡山県,3467,O.N.O.,岡山県,0,,-
HEROIC VERSE,Level 2,0,,-,913,KURO,岡山県,1721,RYU,岡山県,2754,RYU,岡山県,0,,-
HEROIC VERSE,LIGHTNING STRIKES,362,MAMON,岡山県,742,AIRSE,岡山県,1662,.COM,岡山県,3231,*0712*,岡山県,4052,KEISOO,岡山県
HEROIC VERSE,Like+it!,0,,-,983,ZUB,岡山県,1627,L.MSK,岡山県,2368,O.N.O.,岡山県,0,,-
HEROIC VERSE,Lords Of The Roundtable,0,,-,998,DALIE,岡山県,1746,SARPON,岡山県,2899,O.N.O.,岡山県,0,,-
HEROIC VERSE,Lost Souls,0,,-,675,DALIE,岡山県,1504,ROTENO,岡山県,2447,RYU,岡山県,3786,RYU,岡山県
HEROIC VERSE,Matt Silver,0,,-,1074,LEONA,岡山県,2115,GNENJO,岡山県,3295,O.N.O.,岡山県,0,,-
HEROIC VERSE,Megalara Garuda,0,,-,1346,DALIE,岡山県,1907,AJAN,岡山県,2989,KEISOO,岡山県,0,,-
HEROIC VERSE,Mel,0,,-,791,TORO,岡山県,1515,TORO,岡山県,2156,MITTUN,岡山県,2697,RYU,岡山県
HEROIC VERSE,Moving on,0,,-,988,DALIE,岡山県,1799,CU,岡山県,2975,O.N.O.,岡山県,0,,-
HEROIC VERSE,Nasty Techniques,0,,-,982,TORO,岡山県,1568,SAPE,岡山県,2621,RYU,岡山県,0,,-
HEROIC VERSE,NEWALONE,0,,-,572,DALIE,岡山県,1246,I.TSRN,岡山県,1989,MITTUN,岡山県,0,,-
HEROIC VERSE,ORCA,0,,-,1261,I.TSRN,岡山県,2221,AJAN,岡山県,3360,O.N.O.,岡山県,0,,-
HEROIC VERSE,OUTER PLANETS,0,,-,638,DALIE,岡山県,1362,I.TSRN,岡山県,2138,IHM,岡山県,0,,-
HEROIC VERSE,Override,0,,-,948,TORO,岡山県,1544,SAPE,岡山県,2861,O.N.O.,岡山県,4180,*0712*,岡山県
HEROIC VERSE,PHASE SHIFT MANEUVER,0,,-,1196,CU,岡山県,1640,ROTENO,岡山県,2820,RYU,岡山県,0,,-
HEROIC VERSE,Primitive Vibes,375,MOCHI,岡山県,1095,DALIE,岡山県,1883,CU,岡山県,3070,O.N.O.,岡山県,0,,-
HEROIC VERSE,Queen Kaguya,0,,-,934,DALIE,岡山県,1741,HYORAI,岡山県,2595,RYU,岡山県,0,,-
HEROIC VERSE,Rainstorm,0,,-,915,DALIE,岡山県,1356,KOTO,岡山県,2281,O.N.O.,岡山県,0,,-
HEROIC VERSE,Rave Patroller,0,,-,1336,I.TSRN,岡山県,2199,M.,岡山県,3338,O.N.O.,岡山県,0,,-
HEROIC VERSE,rough percussionythm,0,,-,891,DAIMYO,岡山県,1538,ROTENO,岡山県,2484,RYU,岡山県,0,,-
HEROIC VERSE,S!ck (Nhato Remix),0,,-,917,HYORAI,岡山県,1362,A.AIMU,岡山県,2494,RYU,岡山県,0,,-
HEROIC VERSE,SCREW // owo // SCREW,0,,-,1041,HYORAI,岡山県,2160,RYU,岡山県,2895,RYU,岡山県,0,,-
HEROIC VERSE,Shiva,0,,-,698,DALIE,岡山県,1425,M.,岡山県,2119,RYU,岡山県,0,,-
HEROIC VERSE,Silly Love,0,,-,752,DALIE,岡山県,1151,S4B1T0,岡山県,2061,RYU,岡山県,0,,-
HEROIC VERSE,Ska-sh All Neurons!!,0,,-,934,DALIE,岡山県,1412,I.TSRN,岡山県,2321,MITTUN,岡山県,0,,-
HEROIC VERSE,Smashing Wedge,0,,-,863,DALIE,岡山県,2012,5656,岡山県,3635,O.N.O.,岡山県,0,,-
HEROIC VERSE,Sparkle Smilin',0,,-,882,DALIE,岡山県,1380,MIYAKO,岡山県,2420,O.N.O.,岡山県,0,,-
HEROIC VERSE,STOIC HYPOTHESIS,0,,-,1090,DALIE,岡山県,1698,L.MSK,岡山県,2814,RYU,岡山県,0,,-
HEROIC VERSE,Sugar Drippin',0,,-,732,DALIE,岡山県,1147,44MARU,岡山県,2013,CU,岡山県,0,,-
HEROIC VERSE,T-REX vs Velociraptor (In the Far east euphoria),0,,-,1307,DALIE,岡山県,1801,AJAN,岡山県,3155,*0712*,岡山県,0,,-
HEROIC VERSE,take me higher,0,,-,776,DALIE,岡山県,1192,I.TSRN,岡山県,1934,POMIJI,岡山県,0,,-
HEROIC VERSE,TECHNO Style Essentials,0,,-,937,DALIE,岡山県,1591,AJAN,岡山県,2814,O.N.O.,岡山県,0,,-
HEROIC VERSE,THE BRAVE MUST DIE,0,,-,1354,HYORAI,岡山県,2345,KETY,岡山県,3961,MITTUN,岡山県,0,,-
HEROIC VERSE,THE F∀UST,0,,-,1216,I.TSRN,岡山県,2157,BAR,岡山県,3494,MITTUN,岡山県,0,,-
HEROIC VERSE,The Sky of Sadness,0,,-,841,LEONA,岡山県,1448,CORINS,岡山県,2367,MITTUN,岡山県,0,,-
HEROIC VERSE,Theory,0,,-,774,DALIE,岡山県,1353,ROTENO,岡山県,2520,RYU,岡山県,0,,-
HEROIC VERSE,TRIUMPH,0,,-,895,DALIE,岡山県,1916,AJAN,岡山県,3311,RYU,岡山県,0,,-
HEROIC VERSE,UNITE THE HEART,0,,-,1425,DALIE,岡山県,2419,M.,岡山県,3311,*0712*,岡山県,0,,-
HEROIC VERSE,VALKYRIAS -英雄誕生-,0,,-,994,HYORAI,岡山県,1632,PARM,岡山県,2734,GENO,岡山県,0,,-
HEROIC VERSE,VIBRΛ,0,,-,894,DALIE,岡山県,1248,I.TSRN,岡山県,1841,MITTUN,岡山県,0,,-
HEROIC VERSE,Vinculum stellarum,0,,-,895,DALIE,岡山県,2318,AJAN,岡山県,3613,RYU,岡山県,0,,-
HEROIC VERSE,Virus Funk,0,,-,718,DALIE,岡山県,1494,AJAN,岡山県,2195,O.N.O.,岡山県,0,,-
HEROIC VERSE,Volcanic Dragon,0,,-,1025,DALIE,岡山県,1493,SS55,岡山県,2959,RYU,岡山県,0,,-
HEROIC VERSE,Voo Doo Bamboleo,0,,-,864,DALIE,岡山県,1387,SS55,岡山県,2449,O.N.O.,岡山県,0,,-
HEROIC VERSE,Ypsilon,0,,-,819,ROK.U,岡山県,1610,A.AIMU,岡山県,2855,RYU,岡山県,3524,O.N.O.,岡山県
HEROIC VERSE,がっつり陰キャ!? 怪盗いいんちょの億劫^^;,0,,-,1527,I.TSRN,岡山県,2506,KURO,岡山県,4193,*0712*,岡山県,0,,-
HEROIC VERSE,シャムシールの舞,0,,-,821,HYORAI,岡山県,1371,PE6CAN,岡山県,2521,O.N.O.,岡山県,0,,-
HEROIC VERSE,セピアの軌跡 ft. 天宮みや(少女フラクタル),251,TOK5,岡山県,785,HYORAI,岡山県,1395,I.TSRN,岡山県,2386,O.N.O.,岡山県,0,,-
HEROIC VERSE,バッドエンド・シンドローム,0,,-,996,LEONA,岡山県,1671,PARM,岡山県,2963,RYU,岡山県,0,,-
HEROIC VERSE,ピアノ協奏曲第1番”蠍火” (BlackY Remix),0,,-,1007,HYORAI,岡山県,2002,CORINS,岡山県,3656,O.N.O.,岡山県,0,,-
HEROIC VERSE,ラブキラ☆スプラッシュ,0,,-,1037,LEONA,岡山県,1550,ROTENO,岡山県,2526,O.N.O.,岡山県,0,,-
HEROIC VERSE,ランカーキラーガール,0,,-,1111,DALIE,岡山県,1714,DALIE,岡山県,2909,*0712*,岡山県,0,,-
HEROIC VERSE,曼荼羅恋々,0,,-,1065,DALIE,岡山県,1692,M.,岡山県,2708,O.N.O.,岡山県,0,,-
HEROIC VERSE,深淵に捧ぐレクイエム,0,,-,808,DALIE,岡山県,1501,KURO,岡山県,2954,*0712*,岡山県,0,,-
HEROIC VERSE,灼熱Beach Side Bunny (Masayoshi Iimori Remix),0,,-,627,DALIE,岡山県,1094,TORO,岡山県,1788,O.N.O.,岡山県,0,,-
HEROIC VERSE,狂水一華,0,,-,932,HYORAI,岡山県,1658,ROTENO,岡山県,2685,O.N.O.,岡山県,0,,-
HEROIC VERSE,眠りの国のステラ,0,,-,1121,DALIE,岡山県,1754,KAZU,岡山県,2654,.COM,岡山県,0,,-
HEROIC VERSE,華麗なる大犬円舞曲,0,,-,1275,I.TSRN,岡山県,1908,CU,岡山県,3457,RYU,岡山県,0,,-
HEROIC VERSE,錬成人間トリコロイダー,0,,-,1015,DALIE,岡山県,1731,I4KAWA,岡山県,3167,O.N.O.,岡山県,0,,-
HEROIC VERSE,開きたまえ！Next stAge！,0,,-,1106,DALIE,岡山県,1563,I.TSRN,岡山県,2848,J1M4O,岡山県,0,,-
HEROIC VERSE,魅惑のYUMMYスイーツ,0,,-,875,DALIE,岡山県,1667,SAPE,岡山県,2980,MITTUN,岡山県,0,,-
BISTROVER,-65℃,0,,-,1344,HYORAI,岡山県,2174,SARPON,岡山県,3623,MITTUN,岡山県,0,,-
BISTROVER,ABSOLUTE (kors k Remix),0,,-,922,DALIE,岡山県,1443,IIDX32,岡山県,2598,RYU,岡山県,0,,-
BISTROVER,Ah Hah Yeah,0,,-,676,O.N.O.,岡山県,1240,PECIAL,岡山県,2093,MITTUN,岡山県,0,,-
BISTROVER,AMRITA -不滅ノ花-,0,,-,869,DALIE,岡山県,1443,ATPS,岡山県,2763,O.N.O.,岡山県,0,,-
BISTROVER,apo:llioth,0,,-,1188,DALIE,岡山県,1940,ROTENO,岡山県,2945,RYU,岡山県,0,,-
BISTROVER,As You Want,0,,-,830,DALIE,岡山県,1273,S4B1T0,岡山県,2409,.COM,岡山県,0,,-
BISTROVER,ASIAN VIRTUAL REALITIES (MELTING TOGETHER IN DAZZLING DARKNESS),0,,-,1020,HYORAI,岡山県,1765,CU,岡山県,3251,RYU,岡山県,0,,-
BISTROVER,BEMANI PRO LEAGUE Theme,0,,-,768,TORO,岡山県,1271,I.TSRN,岡山県,1958,O.N.O.,岡山県,0,,-
BISTROVER,BIGソムタム,535,DALIE,岡山県,1237,SAPE,岡山県,1868,AJAN,岡山県,3294,KEISOO,岡山県,0,,-
BISTROVER,BLACK or WHITE?,603,DALIE,岡山県,1232,DALIE,岡山県,2339,M.,岡山県,3879,*0712*,岡山県,0,,-
BISTROVER,Burning Flame,0,,-,1123,HYORAI,岡山県,1731,ROTENO,岡山県,2861,O.N.O.,岡山県,3736,RYU,岡山県
BISTROVER,Chewingood!!!,236,HOTARU,岡山県,842,LEONA,岡山県,1403,HYORAI,岡山県,2604,J1M4O,岡山県,0,,-
BISTROVER,COSMIC RAY,0,,-,1203,DALIE,岡山県,1815,PECIAL,岡山県,2812,RYU,岡山県,0,,-
BISTROVER,Crazy Jackpot,0,,-,967,DALIE,岡山県,1580,-2,岡山県,2805,RYU,岡山県,0,,-
BISTROVER,Danza Aestas,0,,-,964,CU,岡山県,1691,ROTENO,岡山県,2983,RYU,岡山県,0,,-
BISTROVER,Dawn Saga,0,,-,900,HYORAI,岡山県,1630,AJAN,岡山県,2691,RYU,岡山県,0,,-
BISTROVER,DENIM,0,,-,548,DALIE,岡山県,1282,CU,岡山県,1717,RYU,岡山県,0,,-
BISTROVER,Don't Stop The Music feat. Kanae Asaba,0,,-,657,LEONA,岡山県,1194,HYORAI,岡山県,1856,AJAN,岡山県,0,,-
BISTROVER,DUAL STRIKER,0,,-,1128,DALIE,岡山県,2299,AHEAD,岡山県,3773,O.N.O.,岡山県,0,,-
BISTROVER,Empire of Fury,0,,-,1326,TORO,岡山県,2051,CU,岡山県,3194,MITTUN,岡山県,0,,-
BISTROVER,Euphoric Lagoon,0,,-,829,DALIE,岡山県,1392,MARU,岡山県,2580,J1M4O,岡山県,0,,-
BISTROVER,Explorer feat. ぷにぷに電機,0,,-,471,SOLTO,岡山県,1271,M.,岡山県,2126,RYU,岡山県,2899,O.N.O.,岡山県
BISTROVER,Farewell to Marrakech,0,,-,869,HYORAI,岡山県,1325,PECIAL,岡山県,2201,RYU,岡山県,0,,-
BISTROVER,Fire Beat,0,,-,824,DALIE,岡山県,1664,KAZU,岡山県,2681,RYU,岡山県,0,,-
BISTROVER,Frisk And Squeak,0,,-,784,HYORAI,岡山県,1479,HYORAI,岡山県,2398,J1M4O,岡山県,0,,-
BISTROVER,GIGA RAID,0,,-,922,DALIE,岡山県,1727,M.,岡山県,2399,O.N.O.,岡山県,0,,-
BISTROVER,Globe Glitter,0,,-,1031,HYORAI,岡山県,1589,M.,岡山県,2662,O.N.O.,岡山県,0,,-
BISTROVER,Here We Are,0,,-,1086,TORO,岡山県,1625,ROTENO,岡山県,2468,O.N.O.,岡山県,0,,-
BISTROVER,HIGH VOLTAGE,0,,-,825,TORO,岡山県,1411,ROTENO,岡山県,2218,MITTUN,岡山県,0,,-
BISTROVER,Ignis†Irae,0,,-,1043,DALIE,岡山県,2167,CU,岡山県,3557,MITTUN,岡山県,0,,-
BISTROVER,IIDX RED Ending (Ryu☆Remix),0,,-,615,DALIE,岡山県,976,SS55,岡山県,1837,GENO,岡山県,0,,-
BISTROVER,innocent revolver,0,,-,1072,DALIE,岡山県,2166,CU,岡山県,3775,O.N.O.,岡山県,0,,-
BISTROVER,Jungle Eater,0,,-,991,DALIE,岡山県,1725,ROTENO,岡山県,2969,RYU,岡山県,0,,-
BISTROVER,LAST DAY,0,,-,1084,HYORAI,岡山県,1622,ROTENO,岡山県,2973,GENO,岡山県,0,,-
BISTROVER,Level 3,0,,-,1143,DALIE,岡山県,2297,RYU,岡山県,3375,RYU,岡山県,0,,-
BISTROVER,LOCUS OF THE TRAVEL,0,,-,1040,DALIE,岡山県,2262,M.,岡山県,3499,RYU,岡山県,0,,-
BISTROVER,Lovely Howdy Cowboy!!,0,,-,1051,DALIE,岡山県,1659,A.AIMU,岡山県,2754,RYU,岡山県,0,,-
BISTROVER,MA・TSU・RI,0,,-,1042,HYORAI,岡山県,1656,SAPE,岡山県,2577,RYU,岡山県,0,,-
BISTROVER,MEGAERA,0,,-,1388,I.TSRN,岡山県,2008,KETY,岡山県,3341,J1M4O,岡山県,0,,-
BISTROVER,Midnight Drive,0,,-,535,DALIE,岡山県,1106,SS55,岡山県,1993,RYU,岡山県,0,,-
BISTROVER,MOVE! (We Keep It Movin'),0,,-,736,LEONA,岡山県,1246,I.TSRN,岡山県,2142,AJAN,岡山県,0,,-
BISTROVER,Neo Heritage,0,,-,901,DALIE,岡山県,1596,ROTENO,岡山県,2798,KEISOO,岡山県,0,,-
BISTROVER,Ocean Blue feat. Luschel,0,,-,806,LEONA,岡山県,1445,AJAN,岡山県,2458,J1M4O,岡山県,0,,-
BISTROVER,of the first magnitude,0,,-,979,DALIE,岡山県,1796,-2,岡山県,2935,O.N.O.,岡山県,0,,-
BISTROVER,OTOKOZAKA,0,,-,992,HYORAI,岡山県,1615,A.AIMU,岡山県,2900,O.N.O.,岡山県,0,,-
BISTROVER,Overslept,0,,-,1062,DALIE,岡山県,1549,SAPE,岡山県,2544,RYU,岡山県,0,,-
BISTROVER,Para siempre,0,,-,889,DALIE,岡山県,1453,HYORAI,岡山県,2887,O.N.O.,岡山県,0,,-
BISTROVER,Parvati,0,,-,990,DALIE,岡山県,1663,SAPE,岡山県,2787,MITTUN,岡山県,0,,-
BISTROVER,POLKAMANIA,315,A,岡山県,940,HYORAI,岡山県,1773,AJAN,岡山県,2911,O.N.O.,岡山県,3622,RYU,岡山県
BISTROVER,Rejection Girl,0,,-,966,DALIE,岡山県,1593,KUCCHI,岡山県,2612,MITTUN,岡山県,0,,-
BISTROVER,Ritual of Anubis,0,,-,1074,DALIE,岡山県,1802,KUCCHI,岡山県,2808,RYU,岡山県,0,,-
BISTROVER,Romanticが止まらない,377,HYORAI,岡山県,927,DALIE,岡山県,1539,G.BEAT,岡山県,2728,O.N.O.,岡山県,0,,-
BISTROVER,rommmo,0,,-,1131,DALIE,岡山県,1706,SAPE,岡山県,3398,RYU,岡山県,0,,-
BISTROVER,Rosa azuL,0,,-,865,DALIE,岡山県,1655,M.,岡山県,2739,RYU,岡山県,0,,-
BISTROVER,Rowdy,0,,-,1005,DALIE,岡山県,1567,AJAN,岡山県,2480,O.N.O.,岡山県,0,,-
BISTROVER,Rubrum Piano,0,,-,828,DALIE,岡山県,1554,M.,岡山県,2464,O.N.O.,岡山県,0,,-
BISTROVER,S-Bahn,0,,-,915,HYORAI,岡山県,1430,M.,岡山県,2175,O.N.O.,岡山県,0,,-
BISTROVER,Sinus Iridum,0,,-,1120,SAPE,岡山県,2116,RYU,岡山県,3129,RYU,岡山県,0,,-
BISTROVER,smooooch・∀・ (Snail's House Remix),0,,-,844,DALIE,岡山県,1383,CALVA,岡山県,2277,OGA,岡山県,0,,-
BISTROVER,SOLID STATE SQUAD -RISEN RELIC REMIX-,0,,-,1225,DALIE,岡山県,2197,AJAN,岡山県,3205,RYU,岡山県,0,,-
BISTROVER,Sugarplum,0,,-,863,DALIE,岡山県,1690,IIDX33,岡山県,2516,O.N.O.,岡山県,0,,-
BISTROVER,Swarm Of Scarabs,0,,-,1022,DALIE,岡山県,1325,TACAS,岡山県,2384,RYU,岡山県,0,,-
BISTROVER,Tell me what you wish feat.らっぷびと,0,,-,1075,DALIE,岡山県,1502,LEONA,岡山県,2799,.COM,岡山県,0,,-
BISTROVER,That Feeling,0,,-,699,DALIE,岡山県,1207,M.,岡山県,1887,J1M4O,岡山県,0,,-
BISTROVER,THE PEERLESS UNDER HEAVEN,0,,-,1063,ROTENO,岡山県,2009,AJAN,岡山県,3283,O.N.O.,岡山県,0,,-
BISTROVER,The Wind of China Express(The 4th Mashup),0,,-,1002,TORO,岡山県,1646,R,岡山県,2558,O.N.O.,岡山県,0,,-
BISTROVER,Tiempo Loco,0,,-,1001,HYORAI,岡山県,1962,KETY,岡山県,3684,*0712*,岡山県,0,,-
BISTROVER,Viridian,0,,-,1009,DALIE,岡山県,1912,AJAN,岡山県,3334,*0712*,岡山県,0,,-
BISTROVER,Vitrum,0,,-,1022,DALIE,岡山県,1748,AJAN,岡山県,3493,RYU,岡山県,0,,-
BISTROVER,WAKE UP NOW,0,,-,880,DAIMYO,岡山県,1077,T26,岡山県,2012,O.N.O.,岡山県,2446,RYU,岡山県
BISTROVER,When I Met U,0,,-,849,DALIE,岡山県,1130,SS55,岡山県,2045,MITTUN,岡山県,0,,-
BISTROVER,Winner's Proof ft. KANASA from bless4,0,,-,714,DALIE,岡山県,1336,I.TSRN,岡山県,2200,RYU,岡山県,0,,-
BISTROVER,X-ray binary,0,,-,922,LEONA,岡山県,1739,KOTO,岡山県,2806,O.N.O.,岡山県,0,,-
BISTROVER,Zenith,0,,-,796,DALIE,岡山県,1307,ROTENO,岡山県,2115,RYU,岡山県,0,,-
BISTROVER,∀,393,BBBBCC,岡山県,1267,DALIE,岡山県,2158,AJAN,岡山県,3448,RYU,岡山県,0,,-
BISTROVER,ここからよろしく大作戦143,0,,-,910,LEONA,岡山県,1630,HYORAI,岡山県,2506,J1M4O,岡山県,3169,RYU,岡山県
BISTROVER,スーパー戦湯ババンバーン,0,,-,1208,DALIE,岡山県,2042,YK,岡山県,3394,*0712*,岡山県,0,,-
BISTROVER,ディスコルディア,0,,-,1085,DAIMYO,岡山県,2287,AJAN,岡山県,3761,MITTUN,岡山県,0,,-
BISTROVER,バッド・スイーツ、バッド・ドリーム,0,,-,1013,CU,岡山県,1737,10F,岡山県,3506,RYU,岡山県,0,,-
BISTROVER,世界の果てに約束の凱歌を -ReUnion-,0,,-,1151,DALIE,岡山県,1749,I.TSRN,岡山県,3771,MITTUN,岡山県,0,,-
BISTROVER,乱膳の舞姫,0,,-,905,CRI,岡山県,1656,ROTENO,岡山県,2662,O.N.O.,岡山県,0,,-
BISTROVER,二人ノ廃城幽踊宴,0,,-,1163,I.TSRN,岡山県,2125,CU,岡山県,3484,RYU,岡山県,0,,-
BISTROVER,伐折羅-vajra-,0,,-,1106,DALIE,岡山県,1979,FURIE,岡山県,3615,RYU,岡山県,0,,-
BISTROVER,儚き恋の華,0,,-,1042,DALIE,岡山県,1774,KAZU,岡山県,2986,O.N.O.,岡山県,0,,-
BISTROVER,新宝島,460,DSDS,岡山県,763,DALIE,岡山県,1317,I.TSRN,岡山県,2351,O.N.O.,岡山県,3483,MITTUN,岡山県
BISTROVER,水無月の雫 ft. 小林まな,0,,-,1199,DALIE,岡山県,1725,CU,岡山県,2605,O.N.O.,岡山県,0,,-
BISTROVER,水鏡の異界,0,,-,855,DALIE,岡山県,1717,AJAN,岡山県,3108,O.N.O.,岡山県,0,,-
BISTROVER,涙のテ・エストラーニョ・ムーチョ,0,,-,1345,M.,岡山県,1885,KAZU,岡山県,2782,*0712*,岡山県,0,,-
BISTROVER,無意識のフィロソフィア,0,,-,1087,DALIE,岡山県,2155,CU,岡山県,3315,RYU,岡山県,0,,-
BISTROVER,犬に雨傘,0,,-,885,DALIE,岡山県,1376,HYORAI,岡山県,2077,.COM,岡山県,0,,-
BISTROVER,閠槞彁の願い,0,,-,994,DALIE,岡山県,1955,CU,岡山県,3053,O.N.O.,岡山県,0,,-
BISTROVER,霧幻メモリア,0,,-,924,HYORAI,岡山県,1343,I.TSRN,岡山県,1986,AJAN,岡山県,0,,-
BISTROVER,魔法のかくれんぼ,0,,-,820,HYORAI,岡山県,1447,A.AIMU,岡山県,2711,MITTUN,岡山県,0,,-
CastHour,10000 MILES AWAY,0,,-,1007,DALIE,岡山県,1598,CU,岡山県,2913,RYU,岡山県,0,,-
CastHour,2 Beasts Unchained,0,,-,1399,HYORAI,岡山県,2098,INYS,岡山県,3338,RYU,岡山県,0,,-
CastHour,808monkey,0,,-,738,DALIE,岡山県,1169,M.,岡山県,1809,J1M4O,岡山県,0,,-
CastHour,ABSOLUTE EVIL,166,TAPI*,岡山県,1142,DALIE,岡山県,2190,AJAN,岡山県,3421,*0712*,岡山県,0,,-
CastHour,Aftermath,0,,-,1217,TORO,岡山県,2177,OOZORA,岡山県,3543,RYU,岡山県,0,,-
CastHour,ALTERNATOR,0,,-,1252,DALIE,岡山県,2406,AJAN,岡山県,3697,*0712*,岡山県,0,,-
CastHour,AMICABLE,0,,-,982,DALIE,岡山県,1526,ROTENO,岡山県,2463,J1M4O,岡山県,0,,-
CastHour,ANEMONE,181,SH,岡山県,759,DALIE,岡山県,1523,PECIAL,岡山県,2134,O.N.O.,岡山県,0,,-
CastHour,Angel's Ladder,0,,-,997,DALIE,岡山県,2071,CU,岡山県,3398,RYU,岡山県,0,,-
CastHour,Ariah,0,,-,426,YGR,岡山県,1464,M.,岡山県,2164,MITTUN,岡山県,0,,-
CastHour,Arkadia,0,,-,1114,DALIE,岡山県,2037,CU,岡山県,3616,*0712*,岡山県,0,,-
CastHour,Banger Banger Banger Banger,0,,-,923,DALIE,岡山県,1661,ROTENO,岡山県,2922,O.N.O.,岡山県,0,,-
CastHour,Binary Black Hole,0,,-,1353,TORO,岡山県,2170,CU,岡山県,3799,*0712*,岡山県,0,,-
CastHour,Blue Bird feat. Kanae Asaba,0,,-,623,DALIE,岡山県,1000,N#,岡山県,1781,O.N.O.,岡山県,0,,-
CastHour,Brave Spirits,0,,-,700,DALIE,岡山県,1388,CU,岡山県,2408,.COM,岡山県,0,,-
CastHour,DISPARATE,0,,-,976,HYORAI,岡山県,1593,SAPE,岡山県,2406,RYU,岡山県,0,,-
CastHour,Divine Heaven,0,,-,947,TORO,岡山県,1935,CU,岡山県,2939,RYU,岡山県,0,,-
CastHour,Don't believe the hype,0,,-,1091,DALIE,岡山県,2172,RYU,岡山県,3140,MITTUN,岡山県,0,,-
CastHour,DREAM OF SPACE UFO ABDUCTION,0,,-,1047,DALIE,岡山県,1767,AJAN,岡山県,2701,O.N.O.,岡山県,0,,-
CastHour,Emera,0,,-,844,DALIE,岡山県,1516,L.MSK,岡山県,2331,O.N.O.,岡山県,0,,-
CastHour,EMOTiON TRiPPER,0,,-,902,CU,岡山県,1315,NDAN,岡山県,2178,O.N.O.,岡山県,0,,-
CastHour,Ergosphere,0,,-,956,HYORAI,岡山県,1793,AJAN,岡山県,2687,RYU,岡山県,0,,-
CastHour,Fantastic Merry-Go-Round,0,,-,1042,DALIE,岡山県,1459,M.,岡山県,2107,GENO,岡山県,0,,-
CastHour,Fegrix,0,,-,1167,HYORAI,岡山県,2107,ROTENO,岡山県,3243,O.N.O.,岡山県,0,,-
CastHour,FINALLY BLAZE,0,,-,877,DALIE,岡山県,1677,CU,岡山県,2771,RYU,岡山県,0,,-
CastHour,Flying Castle,0,,-,1041,DALIE,岡山県,2160,KETY,岡山県,3599,O.N.O.,岡山県,0,,-
CastHour,Game Changers,0,,-,639,LEONA,岡山県,1187,U-A,岡山県,2705,RYU,岡山県,0,,-
CastHour,"Get set, Go! feat.Kanae Asaba",0,,-,792,CU,岡山県,1333,PECIAL,岡山県,2097,AJAN,岡山県,0,,-
CastHour,GiGaGaHell,0,,-,1262,I.TSRN,岡山県,2048,AJAN,岡山県,3084,RYU,岡山県,0,,-
CastHour,GRAVITON,0,,-,1137,DALIE,岡山県,1950,M.,岡山県,3386,KEISOO,岡山県,0,,-
CastHour,hard-wired,0,,-,1336,MI8BI,岡山県,2180,MILK*T,岡山県,3482,*0712*,岡山県,0,,-
CastHour,Harmonia,0,,-,722,DALIE,岡山県,1106,MIJUMA,岡山県,2003,MITTUN,岡山県,0,,-
CastHour,Hat Surprise,0,,-,669,DALIE,岡山県,1261,DAIMYO,岡山県,2450,*0712*,岡山県,0,,-
CastHour,HEARTACHE,0,,-,474,DALIE,岡山県,1137,I.TSRN,岡山県,1835,RYU,岡山県,0,,-
CastHour,kors k's How to make OTOGE CORE,0,,-,799,ROTENO,岡山県,1401,ROTENO,岡山県,2276,RYU,岡山県,0,,-
CastHour,Lawes's Parotia,0,,-,862,HYORAI,岡山県,1583,R,岡山県,2550,J1M4O,岡山県,0,,-
CastHour,LIVE DRIVING!! feat. 花たん,0,,-,1552,HYORAI,岡山県,2420,CU,岡山県,3775,O.N.O.,岡山県,0,,-
CastHour,N.O.,0,,-,772,DALIE,岡山県,1223,RX-24,岡山県,2511,O.N.O.,岡山県,0,,-
CastHour,n/a,0,,-,1128,I.TSRN,岡山県,1884,ABOX,岡山県,3373,*0712*,岡山県,0,,-
CastHour,No Day But Today!,423,DALIE,岡山県,706,DALIE,岡山県,1248,I.TSRN,岡山県,1951,O.N.O.,岡山県,0,,-
CastHour,Nocturnal 2097,0,,-,912,DALIE,岡山県,1808,ROTENO,岡山県,2888,O.N.O.,岡山県,0,,-
CastHour,Non Stop Rock,0,,-,763,DALIE,岡山県,1058,TACAS,岡山県,1865,RYU,岡山県,0,,-
CastHour,One for All,0,,-,979,DALIE,岡山県,1722,CU,岡山県,3173,*0712*,岡山県,0,,-
CastHour,Onyx,0,,-,857,DALIE,岡山県,1433,SAPE,岡山県,2402,O.N.O.,岡山県,0,,-
CastHour,P.O.W.E.R.,0,,-,990,DALIE,岡山県,1562,CHIKU,岡山県,2325,J1M4O,岡山県,0,,-
CastHour,PIRATES BLADE,0,,-,870,DALIE,岡山県,1507,AJAN,岡山県,2156,J1M4O,岡山県,0,,-
CastHour,PLASMA SOUL NIGHT feat. Nana Takahashi / 709sec.,426,DALIE,岡山県,1281,MASSAN,岡山県,2512,P,岡山県,4356,*0712*,岡山県,0,,-
CastHour,Pout,0,,-,1029,DALIE,岡山県,1740,AJAN,岡山県,2576,O.N.O.,岡山県,0,,-
CastHour,Prohibited Props,0,,-,1048,TORO,岡山県,1568,AJAN,岡山県,2266,O.N.O.,岡山県,2943,RYU,岡山県
CastHour,Purple Perplex,0,,-,1070,I.TSRN,岡山県,1853,AJAN,岡山県,2984,O.N.O.,岡山県,0,,-
CastHour,Push on Beats!～音ゲの国のeX-ストリーマー～,0,,-,1130,HYORAI,岡山県,1841,CU,岡山県,3317,O.N.O.,岡山県,0,,-
CastHour,RAGE feat.H14 of LEONAIR,421,DALIE,岡山県,1023,HYORAI,岡山県,2230,AJAN,岡山県,3411,O.N.O.,岡山県,0,,-
CastHour,Silver Bullet,0,,-,1056,DALIE,岡山県,1933,AISC,岡山県,3078,MITTUN,岡山県,0,,-
CastHour,Smalt #28598F,0,,-,1052,DALIE,岡山県,2164,CU,岡山県,3331,O.N.O.,岡山県,0,,-
CastHour,SOLID WYVERN,0,,-,1134,HYORAI,岡山県,1915,P,岡山県,2643,RYU,岡山県,3810,O.N.O.,岡山県
CastHour,Souhait bleu,0,,-,836,DALIE,岡山県,1823,CU,岡山県,2713,IHM,岡山県,0,,-
CastHour,SPARK IN THE NIGHT,0,,-,829,HYORAI,岡山県,1403,ROTENO,岡山県,2160,AJAN,岡山県,0,,-
CastHour,Stepper,0,,-,676,HYORAI,岡山県,1410,-2,岡山県,2115,AJAN,岡山県,0,,-
CastHour,Tail Lights,0,,-,1040,ZUB,岡山県,1884,ROTENO,岡山県,3079,RYU,岡山県,0,,-
CastHour,TOMAHAWK,0,,-,1261,DALIE,岡山県,2145,CU,岡山県,3449,RYU,岡山県,0,,-
CastHour,Triple Cross,581,HYORAI,岡山県,1103,HYORAI,岡山県,2209,FURIE,岡山県,3215,MITTUN,岡山県,0,,-
CastHour,Ventriloquist,0,,-,762,DALIE,岡山県,1455,M.,岡山県,2413,MITTUN,岡山県,0,,-
CastHour,Victory Of Ravers,0,,-,986,LEONA,岡山県,1688,CU,岡山県,2557,RYU,岡山県,0,,-
CastHour,WHA,0,,-,1124,I.TSRN,岡山県,2139,AJAN,岡山県,3469,O.N.O.,岡山県,0,,-
CastHour,Wonderful Escape,0,,-,863,DAIMYO,岡山県,1430,KURO,岡山県,2086,J1M4O,岡山県,0,,-
CastHour,Xyndrome,0,,-,893,DALIE,岡山県,1549,ROTENO,岡山県,2908,RYU,岡山県,0,,-
CastHour,《GRANDMASTER》,0,,-,930,HYORAI,岡山県,1748,CU,岡山県,2931,RYU,岡山県,0,,-
CastHour,めでてえ,0,,-,1091,TORO,岡山県,1586,SAPE,岡山県,2629,O.N.O.,岡山県,0,,-
CastHour,アクマフカ,0,,-,729,LEONA,岡山県,1379,A.AIMU,岡山県,2254,KEISOO,岡山県,0,,-
CastHour,ウツシミウツシ,0,,-,1213,DALIE,岡山県,2004,CU,岡山県,3129,RYU,岡山県,0,,-
CastHour,オドループ,499,HYORAI,岡山県,1064,DALIE,岡山県,1490,ROTENO,岡山県,2335,*0712*,岡山県,2988,O.N.O.,岡山県
CastHour,オールトの雲,0,,-,1171,DALIE,岡山県,1969,AJAN,岡山県,2572,.COM,岡山県,0,,-
CastHour,グッバイ宣言,508,E,岡山県,1077,DALIE,岡山県,1736,M.,岡山県,3100,O.N.O.,岡山県,3619,O.N.O.,岡山県
CastHour,シル・ヴ・プレジデント,297,DALIE,岡山県,632,DALIE,岡山県,1183,ROTENO,岡山県,1789,MITTUN,岡山県,2572,O.N.O.,岡山県
CastHour,ナイトフィクション,0,,-,707,DALIE,岡山県,1533,ROTENO,岡山県,2132,O.N.O.,岡山県,0,,-
CastHour,ハイテックトキオ,0,,-,1049,DALIE,岡山県,1790,CU,岡山県,2670,*0712*,岡山県,3198,O.N.O.,岡山県
CastHour,"ピアノ独奏無言歌 ""灰燼""",0,,-,1043,-7-,岡山県,2320,IHM,岡山県,3515,RYU,岡山県,0,,-
CastHour,ミュージック・アワー,529,5656,岡山県,1200,TORO,岡山県,2091,AJAN,岡山県,2983,O.N.O.,岡山県,4049,O.N.O.,岡山県
CastHour,口カラ凸ゲキ,0,,-,918,TORO,岡山県,1504,AJAN,岡山県,2334,O.N.O.,岡山県,0,,-
CastHour,天邪鬼,338,MAMON,岡山県,940,DALIE,岡山県,1678,CU,岡山県,3281,O.N.O.,岡山県,0,,-
CastHour,怪物,285,SUGAR,岡山県,729,PARM,岡山県,1194,M.,岡山県,2404,O.N.O.,岡山県,3264,O.N.O.,岡山県
CastHour,愛しくてラヴィンユー ft. マナ,0,,-,770,HYORAI,岡山県,1397,I.TSRN,岡山県,2389,O.N.O.,岡山県,0,,-
CastHour,月とミルク,0,,-,879,DEOKUN,岡山県,1439,SS55,岡山県,2766,O.N.O.,岡山県,0,,-
CastHour,烽火連天の刃,0,,-,1082,DALIE,岡山県,2189,ABOX,岡山県,3334,RYU,岡山県,4176,RYU,岡山県
CastHour,禊,0,,-,1006,ZUB,岡山県,2088,CU,岡山県,3094,O.N.O.,岡山県,0,,-
CastHour,逆月,0,,-,1410,I.TSRN,岡山県,2298,KETY,岡山県,3677,RYU,岡山県,0,,-
CastHour,雪上断火,0,,-,955,DALIE,岡山県,1792,M.,岡山県,2924,O.N.O.,岡山県,0,,-
CastHour,青の洞窟,0,,-,862,DALIE,岡山県,1937,CU,岡山県,3098,J1M4O,岡山県,0,,-
CastHour,黒紅掬い,0,,-,617,DAIMYO,岡山県,1215,TORO,岡山県,1819,RYU,岡山県,0,,-
RESIDENT,#CMFLG,0,,-,1032,LEONA,岡山県,2280,KY.,岡山県,3336,O.N.O.,岡山県,0,,-
RESIDENT,24h Endurance Race,0,,-,968,DALIE,岡山県,2044,ABOX,岡山県,3265,MITTUN,岡山県,0,,-
RESIDENT,3V0,0,,-,1016,DALIE,岡山県,1729,CU,岡山県,2954,J1M4O,岡山県,0,,-
RESIDENT,7 Colors,0,,-,586,DAIMYO,岡山県,1129,A.AIMU,岡山県,1937,O.N.O.,岡山県,0,,-
RESIDENT,Always We Trust In You,0,,-,1117,DALIE,岡山県,1789,CU,岡山県,3124,.COM,岡山県,0,,-
RESIDENT,Ambush Ace,0,,-,1006,CU,岡山県,1990,CU,岡山県,2941,O.N.O.,岡山県,0,,-
RESIDENT,AWA AWA,0,,-,758,DALIE,岡山県,1284,ROTENO,岡山県,2297,MITTUN,岡山県,0,,-
RESIDENT,B.O.D.Y.,0,,-,1034,DALIE,岡山県,1898,ROTENO,岡山県,3343,O.N.O.,岡山県,0,,-
RESIDENT,Bad Encryption,0,,-,1201,I.TSRN,岡山県,1866,AJAN,岡山県,3018,RYU,岡山県,0,,-
RESIDENT,Beyond Evolution,0,,-,1377,I.TSRN,岡山県,2544,RYU,岡山県,3885,*0712*,岡山県,0,,-
RESIDENT,BIGWAVERS,0,,-,1081,DALIE,岡山県,1826,ABOX,岡山県,3462,O.N.O.,岡山県,0,,-
RESIDENT,C-C-C-N-N-N,0,,-,932,CU,岡山県,1655,CU,岡山県,2795,O.N.O.,岡山県,0,,-
RESIDENT,Caldwell 99,0,,-,962,DALIE,岡山県,1853,CU,岡山県,2507,RYU,岡山県,3271,RYU,岡山県
RESIDENT,Chaotoxin,0,,-,1096,DALIE,岡山県,1697,CU,岡山県,3309,MITTUN,岡山県,0,,-
RESIDENT,CODE -CRiMSON-,0,,-,1181,LEONA,岡山県,1801,CU,岡山県,2968,RYU,岡山県,0,,-
RESIDENT,CUE CUE RESCUE,398,JAS#32,岡山県,1089,DALIE,岡山県,1622,ROTENO,岡山県,2544,O.N.O.,岡山県,3064,O.N.O.,岡山県
RESIDENT,dica dica,0,,-,1127,DALIE,岡山県,2339,AJAN,岡山県,3125,*0712*,岡山県,0,,-
RESIDENT,Dreaming Dream,0,,-,808,DALIE,岡山県,1337,MIYAKO,岡山県,2264,O.N.O.,岡山県,0,,-
RESIDENT,Driver,0,,-,872,DALIE,岡山県,1168,DAIMYO,岡山県,1801,J1M4O,岡山県,0,,-
RESIDENT,EXODUS SIGN,0,,-,1114,DALIE,岡山県,1691,CU,岡山県,2616,RYU,岡山県,0,,-
RESIDENT,Fading Stars,0,,-,1057,DALIE,岡山県,1459,NANAMI,岡山県,2694,O.N.O.,岡山県,0,,-
RESIDENT,FLARE -炎舞- ft.Nana Takahashi,0,,-,1124,TORO,岡山県,1827,MILK*T,岡山県,2865,O.N.O.,岡山県,0,,-
RESIDENT,Get On Your Feet,0,,-,1088,HYORAI,岡山県,1763,CU,岡山県,2716,O.N.O.,岡山県,0,,-
RESIDENT,GET UP AGAIN,0,,-,1069,DALIE,岡山県,1455,44MARU,岡山県,2423,MITTUN,岡山県,0,,-
RESIDENT,glacia,0,,-,1163,AZMASA,岡山県,2078,ABOX,岡山県,2931,*0712*,岡山県,0,,-
RESIDENT,Hat Surprise (Season 2),0,,-,933,LEONA,岡山県,1789,CU,岡山県,3325,O.N.O.,岡山県,0,,-
RESIDENT,I,0,,-,1107,DALIE,岡山県,2058,KURO,岡山県,3630,*0712*,岡山県,0,,-
RESIDENT,KING,402,K.TUNA,岡山県,927,5656,岡山県,1922,ROTENO,岡山県,3085,O.N.O.,岡山県,3896,O.N.O.,岡山県
RESIDENT,kors k's How to make OTOGE CORE 「LONG」,0,,-,1138,HYORAI,岡山県,2285,ABOX,岡山県,3510,RYU,岡山県,0,,-
RESIDENT,LADS,0,,-,890,CU,岡山県,1588,I.TSRN,岡山県,2286,J1M4O,岡山県,0,,-
RESIDENT,Level 4,0,,-,1109,MIT,岡山県,1990,AISC,岡山県,3415,RYU,岡山県,0,,-
RESIDENT,LOUDER ROLLING THUNDER,0,,-,1077,TORO,岡山県,1921,AJAN,岡山県,3253,MITTUN,岡山県,0,,-
RESIDENT,MAX 360,0,,-,1090,NANAMI,岡山県,2263,O.N.O.,岡山県,3072,O.N.O.,岡山県,0,,-
RESIDENT,Meissa,0,,-,883,DALIE,岡山県,1559,SH!N0N,岡山県,2798,RYU,岡山県,0,,-
RESIDENT,Next Level,0,,-,896,DALIE,岡山県,1530,OK!,岡山県,2165,MITTUN,岡山県,0,,-
RESIDENT,No Border,0,,-,901,ROK.U,岡山県,1901,CU,岡山県,3641,O.N.O.,岡山県,0,,-
RESIDENT,ONE AND ONLY,0,,-,1180,TORO,岡山県,1760,AJAN,岡山県,3147,RYU,岡山県,0,,-
RESIDENT,Ou Legends,0,,-,1088,DALIE,岡山県,1979,AJAN,岡山県,3176,MITTUN,岡山県,0,,-
RESIDENT,OVER VOLTAGE,0,,-,1058,HYORAI,岡山県,1726,CU,岡山県,2597,RYU,岡山県,0,,-
RESIDENT,Peaktime Booster,0,,-,1073,I.TSRN,岡山県,1834,MITTUN,岡山県,3150,O.N.O.,岡山県,0,,-
RESIDENT,Perfect Plan,0,,-,1072,DALIE,岡山県,1704,SR,岡山県,2516,AJAN,岡山県,0,,-
RESIDENT,Programmed Genom,0,,-,1051,DALIE,岡山県,1447,-2,岡山県,2390,RYU,岡山県,0,,-
RESIDENT,Red Soul,0,,-,1014,DALIE,岡山県,1696,CU,岡山県,2922,RYU,岡山県,0,,-
RESIDENT,Rewind Time,0,,-,685,DALIE,岡山県,1109,DAIMYO,岡山県,2180,AJAN,岡山県,0,,-
RESIDENT,RINNE,0,,-,1126,HYORAI,岡山県,2170,CU,岡山県,3429,RYU,岡山県,0,,-
RESIDENT,Ruler or Loser,0,,-,939,DALIE,岡山県,1668,M.,岡山県,2633,O.N.O.,岡山県,0,,-
RESIDENT,Seraph,0,,-,950,HYORAI,岡山県,1772,CU,岡山県,2429,MITTUN,岡山県,0,,-
RESIDENT,Shadow World,0,,-,994,TORO,岡山県,1479,IIDX33,岡山県,2715,J1M4O,岡山県,0,,-
RESIDENT,Shamshir,0,,-,994,HYORAI,岡山県,1341,ROTENO,岡山県,2181,RYU,岡山県,0,,-
RESIDENT,Somnidiscotheque,0,,-,1200,YOH917,岡山県,2010,RYU,岡山県,3162,*0712*,岡山県,0,,-
RESIDENT,STAR BEAT,0,,-,802,DALIE,岡山県,1583,A.AIMU,岡山県,2371,AJAN,岡山県,0,,-
RESIDENT,STRAIGHT TO THE STARS,0,,-,362,PHOBOS,岡山県,1628,ROTENO,岡山県,2966,O.N.O.,岡山県,0,,-
RESIDENT,Stylus,0,,-,1105,DALIE,岡山県,1882,CU,岡山県,2802,J1M4O,岡山県,0,,-
RESIDENT,Summerblue,277,AMT,岡山県,756,RAIT,岡山県,1481,ATPS,岡山県,2396,MITTUN,岡山県,0,,-
RESIDENT,Sunny Day Vibes,0,,-,892,DALIE,岡山県,1432,44MARU,岡山県,2267,MITTUN,岡山県,0,,-
RESIDENT,Super Freak,0,,-,899,LIEBE,岡山県,1843,CU,岡山県,3359,RYU,岡山県,0,,-
RESIDENT,suspicions,0,,-,1058,ZUB,岡山県,2216,IHM,岡山県,3695,RYU,岡山県,0,,-
RESIDENT,Swing My Wonderland,0,,-,1242,DALIE,岡山県,2240,AJAN,岡山県,3084,RYU,岡山県,0,,-
RESIDENT,TECHNOPHOBIA,0,,-,787,DALIE,岡山県,1620,KUCCHI,岡山県,2962,O.N.O.,岡山県,0,,-
RESIDENT,The Clown of 24stairs,0,,-,1044,DALIE,岡山県,2047,KETY,岡山県,3285,*0712*,岡山県,0,,-
RESIDENT,THE TIME MACHINE,0,,-,1005,DALIE,岡山県,1724,CU,岡山県,2654,RYU,岡山県,0,,-
RESIDENT,VOID,0,,-,1112,SAPE,岡山県,1752,ABOX,岡山県,3168,*0712*,岡山県,0,,-
RESIDENT,VOLAQUAS,0,,-,1259,DALIE,岡山県,2031,CU,岡山県,3804,*0712*,岡山県,0,,-
RESIDENT,VOLCANIC BIGBEAT,0,,-,1007,DALIE,岡山県,1748,CU,岡山県,2780,O.N.O.,岡山県,0,,-
RESIDENT,"wanna be a ""BAD GIRL"" feat. Nana Takahashi",0,,-,772,DALIE,岡山県,1129,T26,岡山県,2038,O.N.O.,岡山県,0,,-
RESIDENT,With You,0,,-,806,DALIE,岡山県,1396,DAIMYO,岡山県,2502,RYU,岡山県,0,,-
RESIDENT,Xerulean,0,,-,1318,TORO,岡山県,1965,AJAN,岡山県,3275,MITTUN,岡山県,0,,-
RESIDENT,ZENITH,0,,-,1073,DALIE,岡山県,1909,CU,岡山県,2963,RYU,岡山県,0,,-
RESIDENT,[ ]DENTITY,0,,-,1111,DALIE,岡山県,2054,R,岡山県,3712,RYU,岡山県,0,,-
RESIDENT,≡+≡,565,DAIMYO,岡山県,1368,TORO,岡山県,2075,CU,岡山県,3004,RYU,岡山県,4530,*0712*,岡山県
RESIDENT,■□模様,0,,-,946,DALIE,岡山県,1368,SS55,岡山県,2543,KY.,岡山県,0,,-
RESIDENT,《ORDERBREAKER》,0,,-,953,DALIE,岡山県,1553,CU,岡山県,2437,RYU,岡山県,0,,-
RESIDENT,あるビー！ feat.ころねぽち,0,,-,477,MOCHI,岡山県,1742,CU,岡山県,2797,MITTUN,岡山県,0,,-
RESIDENT,おとせサンダー,177,MAA,岡山県,641,DALIE,岡山県,1105,T26,岡山県,2125,.COM,岡山県,0,,-
RESIDENT,きゅんです。,0,,-,710,DALIE,岡山県,1393,I.TSRN,岡山県,2349,O.N.O.,岡山県,0,,-
RESIDENT,ぞうしょく！？マイデンティティ,0,,-,1195,DALIE,岡山県,2179,CU,岡山県,3610,*0712*,岡山県,0,,-
RESIDENT,ちょえちょえまぎか,0,,-,1220,TORO,岡山県,2213,MR.CB,岡山県,3025,*0712*,岡山県,4083,O.N.O.,岡山県
RESIDENT,サヨナラ・ヘヴン-Celtic Chip Dance Mix-,0,,-,903,TORO,岡山県,1331,IIDX33,岡山県,2504,POMIJI,岡山県,0,,-
RESIDENT,チェイスチェイスジョーカーズのうた (オニスタイルリミックス),0,,-,943,TORO,岡山県,1697,CU,岡山県,2787,O.N.O.,岡山県,0,,-
RESIDENT,パーフェクトイーター,0,,-,1133,DALIE,岡山県,2021,CU,岡山県,2962,J1M4O,岡山県,0,,-
RESIDENT,儚キ戀ノ幻想譚,557,DAIMYO,岡山県,1468,ROTENO,岡山県,2185,CU,岡山県,3479,O.N.O.,岡山県,0,,-
RESIDENT,少年リップルズ,0,,-,864,DALIE,岡山県,1761,AJAN,岡山県,2430,J1M4O,岡山県,0,,-
RESIDENT,恋愛＝精度×認識力,0,,-,1446,I.TSRN,岡山県,2243,ABOX,岡山県,3275,O.N.O.,岡山県,0,,-
RESIDENT,惑星☆ロリポップ,0,,-,746,DALIE,岡山県,1514,ROTENO,岡山県,2805,*0712*,岡山県,0,,-
RESIDENT,昏き甲鉄のヴェルガ,0,,-,883,LEONA,岡山県,1555,MIYAKO,岡山県,2348,O.N.O.,岡山県,0,,-
RESIDENT,月と夢の跡 ft. マナ,0,,-,925,DALIE,岡山県,1471,PARM,岡山県,2513,O.N.O.,岡山県,0,,-
RESIDENT,栄冠のカンパネラ,0,,-,1264,I.TSRN,岡山県,2145,GNENJO,岡山県,3810,*0712*,岡山県,0,,-
RESIDENT,楽園追放,0,,-,877,DALIE,岡山県,1358,ATPS,岡山県,2304,IHM,岡山県,0,,-
RESIDENT,湘南ロンリーMIDNIGHT RAIN,0,,-,935,DALIE,岡山県,1519,SS55,岡山県,2816,NICOL,岡山県,0,,-
RESIDENT,異心前進♪ぴょんぴょんぴょん,0,,-,1079,DALIE,岡山県,1496,MIYAKO,岡山県,2511,O.N.O.,岡山県,0,,-
RESIDENT,真夜中のバベル,0,,-,685,DALIE,岡山県,1054,I.TSRN,岡山県,1707,MITTUN,岡山県,0,,-
RESIDENT,神っぽいな,287,MGSG,岡山県,752,DALIE,岡山県,1314,43,岡山県,2118,O.N.O.,岡山県,2980,O.N.O.,岡山県
RESIDENT,神のシナリオ,0,,-,1098,DALIE,岡山県,1683,MILK*T,岡山県,3177,O.N.O.,岡山県,0,,-
RESIDENT,罪過の聖堂,0,,-,736,YOH917,岡山県,1268,KETY,岡山県,2056,RYU,岡山県,0,,-
RESIDENT,輪廻の鴉,0,,-,976,HYORAI,岡山県,1738,CU,岡山県,2745,RYU,岡山県,0,,-
RESIDENT,雨のちパノラマセカイ,0,,-,784,DALIE,岡山県,1420,TORO,岡山県,2202,MITTUN,岡山県,0,,-
RESIDENT,響花水月,0,,-,1123,DALIE,岡山県,1843,ROTENO,岡山県,2904,O.N.O.,岡山県,0,,-
EPOLIS,20XX,0,,-,1174,HYORAI,岡山県,1703,CU,岡山県,2632,O.N.O.,岡山県,0,,-
EPOLIS,ACT0,0,,-,1210,DALIE,岡山県,2153,ABOX,岡山県,2902,MITTUN,岡山県,0,,-
EPOLIS,Aeterna,0,,-,966,LEONA,岡山県,1510,PECIAL,岡山県,2520,NICOL,岡山県,0,,-
EPOLIS,Akatsuki,0,,-,974,DALIE,岡山県,1563,M.,岡山県,2264,O.N.O.,岡山県,0,,-
EPOLIS,Ambivalent Vermilia,0,,-,1470,FURIE,岡山県,2293,FURIE,岡山県,3968,RYU,岡山県,0,,-
EPOLIS,Amethyst,0,,-,1113,LEONA,岡山県,1789,CU,岡山県,2607,RYU,岡山県,0,,-
EPOLIS,Bitter & Lucky,0,,-,844,HYORAI,岡山県,1223,HYORAI,岡山県,2393,AJAN,岡山県,0,,-
EPOLIS,BLAZING_LAZER,0,,-,1179,DALIE,岡山県,2023,ABOX,岡山県,3348,MITTUN,岡山県,0,,-
EPOLIS,CADENZA,0,,-,1391,ATPS,岡山県,2330,ABOX,岡山県,4440,O.N.O.,岡山県,0,,-
EPOLIS,Chemical Colours,0,,-,1012,HYORAI,岡山県,1953,CU,岡山県,2765,RYU,岡山県,0,,-
EPOLIS,CODE:2,0,,-,1031,DALIE,岡山県,1713,CU,岡山県,2949,O.N.O.,岡山県,0,,-
EPOLIS,COUNTING SHEEP ft. Kanae Asaba,0,,-,624,ATPS,岡山県,1234,HYORAI,岡山県,2224,O.N.O.,岡山県,0,,-
EPOLIS,Cult Invitation,0,,-,1147,ZUB,岡山県,1875,IHM,岡山県,3352,RYU,岡山県,0,,-
EPOLIS,Dahlia,0,,-,1174,DALIE,岡山県,2004,CU,岡山県,3074,RYU,岡山県,0,,-
EPOLIS,DAZZLE ATTACK,381,&N*K,岡山県,952,CU,岡山県,1618,KURO,岡山県,2828,O.N.O.,岡山県,0,,-
EPOLIS,Deep Sea Mystery,0,,-,1035,DALIE,岡山県,1354,ABI,岡山県,1940,MITTUN,岡山県,0,,-
EPOLIS,Demon March,0,,-,1333,DALIE,岡山県,2338,ABOX,岡山県,3575,RYU,岡山県,0,,-
EPOLIS,Echoes of Sunfall,0,,-,970,DALIE,岡山県,1492,SAPE,岡山県,2938,O.N.O.,岡山県,0,,-
EPOLIS,frequent,0,,-,1325,TORO,岡山県,2205,CU,岡山県,3706,O.N.O.,岡山県,0,,-
EPOLIS,GAME ON,0,,-,1268,I.TSRN,岡山県,2123,SH!N0N,岡山県,2693,RYU,岡山県,0,,-
EPOLIS,Get Higher,0,,-,924,DALIE,岡山県,1628,CU,岡山県,2292,J1M4O,岡山県,0,,-
EPOLIS,Get Wicked,0,,-,873,DALIE,岡山県,1349,PE6CAN,岡山県,2476,RYU,岡山県,0,,-
EPOLIS,Ghost Pulse,0,,-,972,DALIE,岡山県,1633,RYU,岡山県,2766,O.N.O.,岡山県,0,,-
EPOLIS,Glitch N Ride,0,,-,837,I.TSRN,岡山県,1452,ABOX,岡山県,2537,MITTUN,岡山県,0,,-
EPOLIS,GloriosA,0,,-,1139,DALIE,岡山県,1912,CU,岡山県,2826,RYU,岡山県,0,,-
EPOLIS,GLORIOUS HAMMER,0,,-,1035,HYORAI,岡山県,1810,ROTENO,岡山県,3082,J1M4O,岡山県,0,,-
EPOLIS,Hard Breaker,0,,-,758,DALIE,岡山県,1464,-2,岡山県,2518,O.N.O.,岡山県,0,,-
EPOLIS,Hat Surprise (Season 3),0,,-,1193,DALIE,岡山県,2099,ABOX,岡山県,2694,RYU,岡山県,0,,-
EPOLIS,i-ii,0,,-,1028,DALIE,岡山県,1676,CU,岡山県,2869,RYU,岡山県,0,,-
EPOLIS,INHERITANCE,0,,-,1047,DALIE,岡山県,1749,CU,岡山県,2819,RYU,岡山県,3491,RYU,岡山県
EPOLIS,Iris,325,P-CHAN,岡山県,781,MASSAN,岡山県,1475,I.TSRN,岡山県,2207,O.N.O.,岡山県,0,,-
EPOLIS,Jumper,0,,-,907,TORO,岡山県,1293,ROK.U,岡山県,2368,RYU,岡山県,0,,-
EPOLIS,Just Gimme,0,,-,895,DALIE,岡山県,1622,L.MSK,岡山県,2737,RYU,岡山県,0,,-
EPOLIS,JUSTICE/GUILTY feat. Nana Takahashi & 709sec.,0,,-,1699,I.TSRN,岡山県,2415,CU,岡山県,3852,*0712*,岡山県,0,,-
EPOLIS,Level 5,0,,-,1240,DALIE,岡山県,2412,RYU,岡山県,3463,RYU,岡山県,0,,-
EPOLIS,MAXIMUM CHEAT GIRL,0,,-,1244,TORO,岡山県,2122,ABOX,岡山県,3483,RYU,岡山県,0,,-
EPOLIS,Million Dollar,0,,-,1163,TORO,岡山県,1972,ABOX,岡山県,3334,MITTUN,岡山県,0,,-
EPOLIS,Monkey Business,0,,-,687,BEAT,岡山県,1454,R,岡山県,2539,O.N.O.,岡山県,0,,-
EPOLIS,Mukade,0,,-,1045,DALIE,岡山県,1703,ROTENO,岡山県,3192,J1M4O,岡山県,0,,-
EPOLIS,My Sweet Bird?,0,,-,812,DALIE,岡山県,1381,SS55,岡山県,2189,GENO,岡山県,0,,-
EPOLIS,NEEDLESS MY LOVE FOR YOU,0,,-,969,DALIE,岡山県,1639,M.,岡山県,2441,O.N.O.,岡山県,0,,-
EPOLIS,Out of Control,0,,-,1094,DALIE,岡山県,2230,ABOX,岡山県,3009,MITTUN,岡山県,0,,-
EPOLIS,out of disk space,0,,-,1055,HYORAI,岡山県,1885,CU,岡山県,2555,RYU,岡山県,0,,-
EPOLIS,PILGRIM,0,,-,956,DALIE,岡山県,1665,ROTENO,岡山県,2714,RYU,岡山県,0,,-
EPOLIS,Psychedelic Intelligence,0,,-,1179,DALIE,岡山県,1638,SAPE,岡山県,2839,O.N.O.,岡山県,0,,-
EPOLIS,Red Determination,0,,-,1008,DALIE,岡山県,1523,TORO,岡山県,2593,RYU,岡山県,0,,-
EPOLIS,Resonant,0,,-,1077,TORO,岡山県,2321,ABOX,岡山県,3492,O.N.O.,岡山県,0,,-
EPOLIS,Riff//rain,142,SOLTO,岡山県,737,TORO,岡山県,1259,M.,岡山県,1807,MITTUN,岡山県,0,,-
EPOLIS,See You Again,0,,-,1126,DALIE,岡山県,1832,CU,岡山県,3100,J1M4O,岡山県,0,,-
EPOLIS,Seven Times Four,0,,-,1137,DALIE,岡山県,1962,CU,岡山県,3387,O.N.O.,岡山県,0,,-
EPOLIS,Shapeshifter,0,,-,1035,DALIE,岡山県,1624,CU,岡山県,2497,RYU,岡山県,0,,-
EPOLIS,Sirius,0,,-,972,DALIE,岡山県,1642,ABOX,岡山県,3187,O.N.O.,岡山県,0,,-
EPOLIS,So What,0,,-,590,DALIE,岡山県,1135,M.,岡山県,1805,AJAN,岡山県,0,,-
EPOLIS,SOLAR ECLIPSE,0,,-,1294,DAIMYO,岡山県,2312,ABOX,岡山県,3477,*0712*,岡山県,0,,-
EPOLIS,Speculation,0,,-,977,DALIE,岡山県,1740,CU,岡山県,2979,J1M4O,岡山県,0,,-
EPOLIS,squall,0,,-,1132,DALIE,岡山県,1728,CU,岡山県,2610,RYU,岡山県,0,,-
EPOLIS,Stereo Beasts,0,,-,1293,DALIE,岡山県,2488,ABOX,岡山県,3644,O.N.O.,岡山県,0,,-
EPOLIS,Submerge Serenade,0,,-,1026,DALIE,岡山県,1740,CU,岡山県,2934,O.N.O.,岡山県,4044,RYU,岡山県
EPOLIS,Sword of Vengeance,0,,-,1372,M.,岡山県,2103,ABOX,岡山県,3181,RYU,岡山県,0,,-
EPOLIS,T.R.O.L.L.,0,,-,885,LEONA,岡山県,1623,KAZU,岡山県,2524,RYU,岡山県,0,,-
EPOLIS,The Last Apocalypse,0,,-,1323,ATPS,岡山県,2410,ABOX,岡山県,3630,O.N.O.,岡山県,0,,-
EPOLIS,The Onlyonez,0,,-,979,DALIE,岡山県,1695,ABOX,岡山県,3101,RYU,岡山県,0,,-
EPOLIS,This Is Club Musik feat. 大久保紅葉,0,,-,900,DEOKUN,岡山県,1632,CU,岡山県,2591,RYU,岡山県,0,,-
EPOLIS,Time Distortion pt.2(IIDX Edit),0,,-,1195,DALIE,岡山県,1922,TORO,岡山県,2959,O.N.O.,岡山県,0,,-
EPOLIS,TITANIUM RIDERS,0,,-,855,DALIE,岡山県,1335,MIJUMA,岡山県,2101,GENO,岡山県,0,,-
EPOLIS,Too Late Snow,0,,-,771,DALIE,岡山県,1164,DAIMYO,岡山県,2019,O.N.O.,岡山県,0,,-
EPOLIS,TRIP THE DEEP,0,,-,942,DALIE,岡山県,1522,ROTENO,岡山県,2523,RYU,岡山県,0,,-
EPOLIS,Tripping Jumping,0,,-,791,DALIE,岡山県,1507,ROTENO,岡山県,2253,RYU,岡山県,0,,-
EPOLIS,Vermilion Carol,0,,-,1294,DALIE,岡山県,2176,P,岡山県,3530,.COM,岡山県,0,,-
EPOLIS,Vulnerability,0,,-,1238,HYORAI,岡山県,1906,ABOX,岡山県,3487,O.N.O.,岡山県,0,,-
EPOLIS,WaterCube Pf.(RX-Ver.S.P.L.),0,,-,567,DALIE,岡山県,1168,U-A,岡山県,2109,AJAN,岡山県,0,,-
EPOLIS,winkle 2 winkle,0,,-,1015,LEONA,岡山県,1861,AJAN,岡山県,2762,O.N.O.,岡山県,0,,-
EPOLIS,Xb10r,0,,-,1142,DALIE,岡山県,2200,ABOX,岡山県,3458,O.N.O.,岡山県,0,,-
EPOLIS,ZEROIN ON THE LIGHT,0,,-,1098,DALIE,岡山県,1646,CORINS,岡山県,2631,GENO,岡山県,0,,-
EPOLIS,《PL|RAYER》,0,,-,889,CU,岡山県,1722,AJAN,岡山県,2770,O.N.O.,岡山県,0,,-
EPOLIS,ちゅ、多様性。,154,------,岡山県,525,TORO,岡山県,1028,DEOKUN,岡山県,1916,O.N.O.,岡山県,2262,O.N.O.,岡山県
EPOLIS,ないないルーティン,0,,-,560,DALIE,岡山県,1269,I.TSRN,岡山県,2044,RYU,岡山県,0,,-
EPOLIS,めうめうぺったんたん！！ (ZAQUVA Remix),0,,-,1056,TORO,岡山県,1864,CU,岡山県,2782,RYU,岡山県,0,,-
EPOLIS,れとりば！,0,,-,836,LEONA,岡山県,1283,I.TSRN,岡山県,2059,O.N.O.,岡山県,0,,-
EPOLIS,アイドル,271,MYST,岡山県,873,POMIJI,岡山県,1355,GARO,岡山県,2606,O.N.O.,岡山県,3154,RYU,岡山県
EPOLIS,アタシ完全絶対正義ちゃん！,0,,-,981,TORO,岡山県,1472,HYORAI,岡山県,2078,KY.,岡山県,0,,-
EPOLIS,シンデレラ,511,DAIMYO,岡山県,832,DALIE,岡山県,1421,HYORAI,岡山県,2218,O.N.O.,岡山県,0,,-
EPOLIS,センチメンタル・サマー,0,,-,613,LEONA,岡山県,1257,TORO,岡山県,1983,AJAN,岡山県,0,,-
EPOLIS,デビルじゃないもん,243,MAA,岡山県,829,TORO,岡山県,1328,ROTENO,岡山県,2083,O.N.O.,岡山県,0,,-
EPOLIS,フォニイ,596,DAIMYO,岡山県,1206,TORO,岡山県,1957,MILK*T,岡山県,2891,RYU,岡山県,3907,O.N.O.,岡山県
EPOLIS,ポラリスノウタ,75,DJ,岡山県,811,HYORAI,岡山県,1620,M.,岡山県,2189,GYAN3,岡山県,0,,-
EPOLIS,マーシャル・マキシマイザー,377,DAIMYO,岡山県,816,TORO,岡山県,1424,ROTENO,岡山県,2147,J1M4O,岡山県,0,,-
EPOLIS,ラビットホール,636,DAIMYO,岡山県,1278,DALIE,岡山県,2053,CU,岡山県,2913,O.N.O.,岡山県,0,,-
EPOLIS,リメンバーリメンバー,0,,-,494,LEONA,岡山県,977,M.,岡山県,1676,AJAN,岡山県,0,,-
EPOLIS,今宵、ロマンス横丁。,0,,-,1080,DALIE,岡山県,2205,ABOX,岡山県,3245,O.N.O.,岡山県,0,,-
EPOLIS,勇者,351,DAIMYO,岡山県,786,DALIE,岡山県,1415,ROTENO,岡山県,2449,MITTUN,岡山県,0,,-
EPOLIS,可愛くてごめん,222,MAA,岡山県,617,TOMJ,岡山県,1378,ROTENO,岡山県,2260,O.N.O.,岡山県,2806,O.N.O.,岡山県
EPOLIS,唱,174,DAIMYO,岡山県,452,DALIE,岡山県,999,ROTENO,岡山県,1744,AJAN,岡山県,0,,-
EPOLIS,夏風邪デスコ,304,DAIMYO,岡山県,761,DALIE,岡山県,1718,SAPE,岡山県,2669,O.N.O.,岡山県,0,,-
EPOLIS,夢縁,0,,-,1185,TORO,岡山県,2082,JIRU6N,岡山県,2977,RYU,岡山県,0,,-
EPOLIS,寝起きヤシの木,390,MAA,岡山県,1001,DAIMYO,岡山県,1762,MILK*T,岡山県,2784,O.N.O.,岡山県,3401,O.N.O.,岡山県
EPOLIS,惑星鉄道,0,,-,1046,I.TSRN,岡山県,2086,RYU,岡山県,2816,RYU,岡山県,0,,-
EPOLIS,愛包ダンスホール,319,DAIMYO,岡山県,894,DALIE,岡山県,1366,ROTENO,岡山県,2585,O.N.O.,岡山県,0,,-
EPOLIS,摩天楼,0,,-,678,DALIE,岡山県,1462,SARPON,岡山県,2506,O.N.O.,岡山県,0,,-
EPOLIS,未完成ノ蒸氣驅動乙女,0,,-,1043,DALIE,岡山県,2029,ABOX,岡山県,2925,RYU,岡山県,0,,-
EPOLIS,果たせぬ約束 ft. 小林マナ,0,,-,1117,DALIE,岡山県,1908,CU,岡山県,2985,O.N.O.,岡山県,0,,-
EPOLIS,残像ニ繋ガレタ追憶ノHIDEAWAY,0,,-,1140,DALIE,岡山県,2233,ABOX,岡山県,3544,O.N.O.,岡山県,0,,-
EPOLIS,流桜ノ門,0,,-,1013,TORO,岡山県,1564,TORO,岡山県,2128,O.N.O.,岡山県,0,,-
EPOLIS,"灼熱Beach Side Bunny (かめりあ's ""Summertime D'n'B"" Remix)",0,,-,1015,CU,岡山県,1881,ABOX,岡山県,3120,RYU,岡山県,0,,-
EPOLIS,神様、つれない。,0,,-,679,DALIE,岡山県,1343,I.TSRN,岡山県,2144,O.N.O.,岡山県,0,,-
EPOLIS,終焔のClaudia,0,,-,1254,R,岡山県,1868,P,岡山県,2707,RYU,岡山県,0,,-
EPOLIS,酔いどれ知らず,264,DAIMYO,岡山県,806,LEONA,岡山県,1228,-2,岡山県,2209,RYU,岡山県,0,,-
EPOLIS,閉塞的フレーション,0,,-,994,DALIE,岡山県,1609,M.,岡山県,2413,MITTUN,岡山県,0,,-
EPOLIS,雫,0,,-,960,DALIE,岡山県,2017,CU,岡山県,2608,JIRU6N,岡山県,0,,-
EPOLIS,電光,0,,-,938,DALIE,岡山県,1860,P,岡山県,3004,O.N.O.,岡山県,0,,-
EPOLIS,電子になりたい,0,,-,815,DALIE,岡山県,1369,CORINS,岡山県,1983,MITTUN,岡山県,0,,-
EPOLIS,電腦都市,0,,-,1315,DALIE,岡山県,2206,BAR,岡山県,3336,RYU,岡山県,0,,-
Pinky Crush,1116,0,,-,1075,DALIE,岡山県,1930,POMIJI,岡山県,2987,RYU,岡山県,0,,-
Pinky Crush,ADAMANT,0,,-,999,CU,岡山県,1910,CU,岡山県,2992,RYU,岡山県,0,,-
Pinky Crush,Aqvion,0,,-,1193,AIKA,岡山県,1925,ABOX,岡山県,3434,O.N.O.,岡山県,0,,-
Pinky Crush,Arcanos,0,,-,657,FURIE,岡山県,1157,INYS,岡山県,1946,KY.,岡山県,0,,-
Pinky Crush,Bang-Boo Bumble,0,,-,1099,DALIE,岡山県,1946,CU,岡山県,2913,O.N.O.,岡山県,0,,-
Pinky Crush,Bling-Bang-Bang-Born,337,DALIE,岡山県,531,ROK.U,岡山県,1129,ROTENO,岡山県,1937,RYU,岡山県,2100,RYU,岡山県
Pinky Crush,Bring The Fire,0,,-,837,STRTS,岡山県,1907,ABOX,岡山県,3388,O.N.O.,岡山県,0,,-
Pinky Crush,Butterfly Twist,0,,-,962,DALIE,岡山県,1560,CU,岡山県,2704,O.N.O.,岡山県,0,,-
Pinky Crush,CHAOTIC SUNBIRD,0,,-,1086,LEONA,岡山県,1653,CU,岡山県,3232,O.N.O.,岡山県,0,,-
Pinky Crush,Chasing After YOU ～夢の欠片～ ft. 小林マナ,0,,-,881,LEONA,岡山県,1414,M.,岡山県,2042,RYU,岡山県,0,,-
Pinky Crush,Constellation,0,,-,907,DALIE,岡山県,1778,CU,岡山県,2807,RYU,岡山県,0,,-
Pinky Crush,COSMIC V3LOCITY,0,,-,1252,TORO,岡山県,2178,CU,岡山県,3265,MITTUN,岡山県,0,,-
Pinky Crush,Cross Fire,0,,-,1054,FURIE,岡山県,2151,P,岡山県,3270,RYU,岡山県,0,,-
Pinky Crush,destination,0,,-,989,FURIE,岡山県,2152,ABOX,岡山県,3285,MITTUN,岡山県,0,,-
Pinky Crush,Digital Radiance,0,,-,913,STORIA,岡山県,1419,M.,岡山県,2018,MITTUN,岡山県,0,,-
Pinky Crush,DIVINE JUDGEMENT,0,,-,1014,FURIE,岡山県,2011,MITTUN,岡山県,2763,*0712*,岡山県,0,,-
Pinky Crush,Dreamship,0,,-,850,DAIMYO,岡山県,1319,I.TSRN,岡山県,1952,O.N.O.,岡山県,0,,-
Pinky Crush,Drop Syndicate,0,,-,1121,FA,岡山県,1900,ABOX,岡山県,3533,MITTUN,岡山県,0,,-
Pinky Crush,Eleanor,0,,-,780,FURIE,岡山県,1331,I.TSRN,岡山県,2362,J1M4O,岡山県,0,,-
Pinky Crush,ELYSIUM,0,,-,874,CU,岡山県,1492,M.,岡山県,2661,O.N.O.,岡山県,0,,-
Pinky Crush,everlastingeuphoria:,0,,-,1045,DALIE,岡山県,1604,ROTENO,岡山県,2443,O.N.O.,岡山県,0,,-
Pinky Crush,EX-MASSIVE FIGHTER,0,,-,1205,FURIE,岡山県,2091,ABOX,岡山県,3334,O.N.O.,岡山県,0,,-
Pinky Crush,EYE OF THE HEAVEN,0,,-,987,DALIE,岡山県,2194,CU,岡山県,3505,RYU,岡山県,0,,-
Pinky Crush,FERMI PARADOX,0,,-,1143,M.,岡山県,1632,CU,岡山県,2508,MITTUN,岡山県,0,,-
Pinky Crush,Fiery Stallion,0,,-,826,DAIMYO,岡山県,1646,AJAN,岡山県,2367,RYU,岡山県,0,,-
Pinky Crush,Flamingo,0,,-,1053,FURIE,岡山県,2321,RYU,岡山県,3330,RYU,岡山県,0,,-
Pinky Crush,FlyAway,0,,-,1174,UMI,岡山県,2014,ABOX,岡山県,3166,RYU,岡山県,0,,-
Pinky Crush,Galaxy Collapse,0,,-,823,KOTETU,岡山県,1263,TORO,岡山県,1881,MITTUN,岡山県,0,,-
Pinky Crush,get set mind,0,,-,979,FA,岡山県,1521,CU,岡山県,2450,J1M4O,岡山県,0,,-
Pinky Crush,God Mind,0,,-,1539,AIKA,岡山県,2635,RYU,岡山県,3935,MITTUN,岡山県,0,,-
Pinky Crush,Good Looking,0,,-,720,KOTETU,岡山県,1289,AJAN,岡山県,2014,NICOL,岡山県,0,,-
Pinky Crush,Here We Go Now,0,,-,969,DAIMYO,岡山県,2157,ABOX,岡山県,3276,RYU,岡山県,0,,-
Pinky Crush,hora de verdad,0,,-,1024,DALIE,岡山県,1924,ABOX,岡山県,2967,O.N.O.,岡山県,0,,-
Pinky Crush,IN BETWEEN,0,,-,876,DALIE,岡山県,1475,CU,岡山県,2331,GENO,岡山県,0,,-
Pinky Crush,KOTONOHA ft. Kotoha,0,,-,827,TORO,岡山県,1298,CU,岡山県,1976,O.N.O.,岡山県,0,,-
Pinky Crush,Lightspeed,0,,-,1244,FURIE,岡山県,1976,CU,岡山県,3071,MITTUN,岡山県,0,,-
Pinky Crush,lowercase lifetime,0,,-,1076,TORO,岡山県,2037,CU,岡山県,2760,RYU,岡山県,0,,-
Pinky Crush,Lycoris,0,,-,751,DALIE,岡山県,1337,M.,岡山県,2031,MITTUN,岡山県,0,,-
Pinky Crush,MARLIN,0,,-,1147,DALIE,岡山県,2186,ABOX,岡山県,3454,MITTUN,岡山県,0,,-
Pinky Crush,Mid-Corner (Magic Maker),0,,-,1137,DALIE,岡山県,1999,AJAN,岡山県,3113,O.N.O.,岡山県,0,,-
Pinky Crush,Mighty Cutie,0,,-,1122,FURIE,岡山県,1943,M.,岡山県,2740,J1M4O,岡山県,0,,-
Pinky Crush,MVP,0,,-,864,DAIMYO,岡山県,1478,IIDX32,岡山県,2593,O.N.O.,岡山県,0,,-
Pinky Crush,NOIXIA,0,,-,1406,TORO,岡山県,2210,MILK*T,岡山県,3865,MITTUN,岡山県,0,,-
Pinky Crush,PERFECT HUMAN,477,DAIMYO,岡山県,689,ROK.U,岡山県,1239,ZUB,岡山県,2221,O.N.O.,岡山県,0,,-
Pinky Crush,Pinky Happy Crazy,0,,-,1313,FURIE,岡山県,2408,KOTETU,岡山県,3494,MITTUN,岡山県,0,,-
Pinky Crush,PIT A PAT,0,,-,913,DEOKUN,岡山県,1772,MILK*T,岡山県,2560,O.N.O.,岡山県,0,,-
Pinky Crush,Plazma,244,DAIMYO,岡山県,695,TORO,岡山県,1221,M.,岡山県,1999,MITTUN,岡山県,2762,*0712*,岡山県
Pinky Crush,Plea Per Phase,0,,-,981,DALIE,岡山県,1758,AJAN,岡山県,2762,O.N.O.,岡山県,0,,-
Pinky Crush,PopなEDEN,0,,-,854,DAIMYO,岡山県,1532,CU,岡山県,2443,O.N.O.,岡山県,0,,-
Pinky Crush,Raspberry Potion (feat.あれたん & ぎゃるのしん☆),0,,-,800,LEONA,岡山県,1741,CU,岡山県,2489,RYU,岡山県,0,,-
Pinky Crush,RAVE SYNDROME,0,,-,830,FUBU,岡山県,1706,CU,岡山県,2755,RYU,岡山県,0,,-
Pinky Crush,Roar of Chronos,0,,-,1190,DALIE,岡山県,2147,ABOX,岡山県,3895,O.N.O.,岡山県,0,,-
Pinky Crush,Satellite Burst,0,,-,1192,FURIE,岡山県,2099,ABOX,岡山県,3772,*0712*,岡山県,0,,-
Pinky Crush,Secret Rouge,0,,-,820,PARM,岡山県,1596,ROTENO,岡山県,2323,O.N.O.,岡山県,0,,-
Pinky Crush,Shirdal,0,,-,829,DALIE,岡山県,1445,SAPE,岡山県,2477,J1M4O,岡山県,0,,-
Pinky Crush,Show Me All Your Love,0,,-,1100,FURIE,岡山県,1947,CU,岡山県,2920,RYU,岡山県,0,,-
Pinky Crush,SISYPHUS,0,,-,902,DALIE,岡山県,1671,RIKKI.,岡山県,2643,RYU,岡山県,0,,-
Pinky Crush,Skratch Education Lv-1,0,,-,1023,AIKA,岡山県,1807,RYU,岡山県,2777,RYU,岡山県,0,,-
Pinky Crush,Slumber☆Party,0,,-,767,DALIE,岡山県,1782,POMIJI,岡山県,2266,MITTUN,岡山県,0,,-
Pinky Crush,Space In Time,0,,-,627,STELE,岡山県,1455,M.,岡山県,2033,RYU,岡山県,0,,-
Pinky Crush,Stargazing Trip ～星 探す旅～ ft. 小林マナ,0,,-,1071,FURIE,岡山県,1750,KOTETU,岡山県,2668,MITTUN,岡山県,0,,-
Pinky Crush,SUPER HEROINE!!,0,,-,878,DALIE,岡山県,1609,CU,岡山県,2277,RYU,岡山県,0,,-
Pinky Crush,SμG@R RU$#,0,,-,1385,AIKA,岡山県,2458,RYU,岡山県,3535,*0712*,岡山県,0,,-
Pinky Crush,TECHNO RUMBLE,0,,-,1068,HYORAI,岡山県,1780,AJAN,岡山県,2863,RYU,岡山県,0,,-
Pinky Crush,u gotta beat,0,,-,1217,MIT,岡山県,2224,ABOX,岡山県,3482,RYU,岡山県,0,,-
Pinky Crush,Uaigh Gealai,0,,-,1288,FURIE,岡山県,2144,ABOX,岡山県,3690,MITTUN,岡山県,0,,-
Pinky Crush,uen,0,,-,1359,FURIE,岡山県,2083,SR,岡山県,2923,MITTUN,岡山県,0,,-
Pinky Crush,Vibing! Shake it!,0,,-,775,NYKA,岡山県,1609,ROTENO,岡山県,2485,J1M4O,岡山県,0,,-
Pinky Crush,Without Heaven,0,,-,1315,TORO,岡山県,2111,ABOX,岡山県,3595,RYU,岡山県,0,,-
Pinky Crush,XHRONOXAPSULΞ,0,,-,1131,UMI,岡山県,2117,KURO,岡山県,3691,RYU,岡山県,0,,-
Pinky Crush,えだまめカレークッキング,351,CRI,岡山県,700,CRI,岡山県,1231,CORINS,岡山県,2155,MITTUN,岡山県,0,,-
Pinky Crush,きみのせかい,0,,-,1002,FURIE,岡山県,1597,L.MSK,岡山県,2816,RYU,岡山県,0,,-
Pinky Crush,きゅうくらりん,405,DAIMYO,岡山県,825,DAIMYO,岡山県,1678,CU,岡山県,2370,RYU,岡山県,0,,-
Pinky Crush,アラビアン ハイパー ナイト,0,,-,1168,FURIE,岡山県,1863,ABOX,岡山県,3193,MITTUN,岡山県,0,,-
Pinky Crush,イガク,293,DAIMYO,岡山県,833,LEONA,岡山県,1408,AGARI,岡山県,2025,J1M4O,岡山県,3007,J1M4O,岡山県
Pinky Crush,エクスプロウル,0,,-,933,DALIE,岡山県,1601,ROTENO,岡山県,2383,J1M4O,岡山県,0,,-
Pinky Crush,オッドラヴィ,258,TOK5,岡山県,842,SOLTO,岡山県,1565,LUMI,岡山県,2511,J1M4O,岡山県,0,,-
Pinky Crush,オブソミート,231,DALIE,岡山県,831,LEONA,岡山県,1483,-DAI-,岡山県,2390,MITTUN,岡山県,0,,-
Pinky Crush,キスキツネ,185,DALIE,岡山県,883,TORO,岡山県,1450,ROTENO,岡山県,2356,O.N.O.,岡山県,0,,-
Pinky Crush,ギャ・ギャ・ギャ・ギャラクシー！,0,,-,864,ATPS,岡山県,1609,M.,岡山県,2394,O.N.O.,岡山県,0,,-
Pinky Crush,ゲシュタルト,369,DAIMYO,岡山県,900,DAIMYO,岡山県,1554,M.,岡山県,2466,O.N.O.,岡山県,3337,O.N.O.,岡山県
Pinky Crush,スキッテイエェエエェ!!!!,0,,-,1512,KOTETU,岡山県,2451,ABOX,岡山県,4119,RYU,岡山県,0,,-
Pinky Crush,スパークリング☆彡ハイパーチューン！！,0,,-,1427,I.TSRN,岡山県,2141,ABOX,岡山県,3615,O.N.O.,岡山県,0,,-
Pinky Crush,ドリムチウ,0,,-,852,FURIE,岡山県,1554,M.,岡山県,2546,O.N.O.,岡山県,0,,-
Pinky Crush,ドーナツホール 2024,333,84.,岡山県,892,CRI,岡山県,1552,KAZU,岡山県,2329,E,岡山県,0,,-
Pinky Crush,ハオ,286,DALIE,岡山県,787,DAIMYO,岡山県,1658,COIL.,岡山県,2819,RYU,岡山県,0,,-
Pinky Crush,ハルイロメロディー,0,,-,858,DALIE,岡山県,1387,JIRU6N,岡山県,2219,O.N.O.,岡山県,0,,-
Pinky Crush,ビビデバ,245,DAIMYO,岡山県,756,MR.C.B,岡山県,1275,MR.C.B,岡山県,2048,J1M4O,岡山県,0,,-
Pinky Crush,ファイナルレター,0,,-,971,FURIE,岡山県,1797,CU,岡山県,2621,RYU,岡山県,0,,-
Pinky Crush,メズマライザー,532,DAIMYO,岡山県,1115,LEONA,岡山県,1747,CU,岡山県,2731,J1M4O,岡山県,0,,-
Pinky Crush,ロマンシングエスケープ,0,,-,420,LEONA,岡山県,1115,M.,岡山県,1820,GENO,岡山県,0,,-
Pinky Crush,天使のカンタータ -Cantata of Angels-,0,,-,1171,DALIE,岡山県,2179,ABOX,岡山県,3961,.COM,岡山県,0,,-
Pinky Crush,弾幕信仰,0,,-,1013,DALIE,岡山県,1574,WARA,岡山県,2478,O.N.O.,岡山県,0,,-
Pinky Crush,我ら完全無敵のアイドル!!,238,MILK*T,岡山県,1012,CU,岡山県,1510,SS55,岡山県,2557,O.N.O.,岡山県,0,,-
Pinky Crush,断罪の一花,0,,-,862,FURIE,岡山県,1444,-2,岡山県,2521,MITTUN,岡山県,0,,-
Pinky Crush,最強頂戴girl,0,,-,790,MASSAN,岡山県,1427,ROTENO,岡山県,2136,KY.,岡山県,0,,-
Pinky Crush,朱と碧のランページ,0,,-,981,DALIE,岡山県,1649,AZMASA,岡山県,2503,J1M4O,岡山県,0,,-
Pinky Crush,消極的セツナイズム,0,,-,916,DALIE,岡山県,1459,HYORAI,岡山県,2209,DOLXXX,岡山県,0,,-
Pinky Crush,灼熱 Lost Summer Dayz,0,,-,881,RX-24,岡山県,1858,RYU,岡山県,2735,RYU,岡山県,0,,-
Pinky Crush,無双,0,,-,1156,FURIE,岡山県,1770,DAIMYO,岡山県,3304,O.N.O.,岡山県,0,,-
Pinky Crush,爆ぜりゃんせ,0,,-,1131,TORO,岡山県,1849,CU,岡山県,2923,RYU,岡山県,0,,-
Pinky Crush,覚悟せよ！エンタンメ～ン ～より身の切り売り自暴自棄版～,0,,-,1015,LEONA,岡山県,1858,CU,岡山県,2846,RYU,岡山県,0,,-
Pinky Crush,進捗ダメダメです,287,DALIE,岡山県,712,DAIMYO,岡山県,1547,MILK*T,岡山県,2176,KY.,岡山県,0,,-
Pinky Crush,飴玉,0,,-,497,DAIMYO,岡山県,874,M.,岡山県,1318,JIRU6N,岡山県,0,,-
Pinky Crush,ＰＡＳＴＥＬＩＳＭ,0,,-,1031,KOTETU,岡山県,1522,ROTENO,岡山県,2107,RYU,岡山県,0,,-
Sparkle Shower,2 Be Continued,0,,-,1055,AIKA,岡山県,1994,RYU,岡山県,3583,RYU,岡山県,0,,-
Sparkle Shower,A Certified Rave Moment,0,,-,1014,TORO,岡山県,1776,RYU,岡山県,2716,RYU,岡山県,0,,-
Sparkle Shower,ACID VISION,0,,-,1112,SARPON,岡山県,1576,FURIE,岡山県,1821,O.N.O.,岡山県,0,,-
Sparkle Shower,AGETEKE ONDO,0,,-,1023,TORO,岡山県,1625,TORO,岡山県,2586,O.N.O.,岡山県,0,,-
Sparkle Shower,Amor∞Fati,0,,-,1259,AIKA,岡山県,2555,RYU,岡山県,3955,RYU,岡山県,0,,-
Sparkle Shower,Any％,0,,-,1180,TORO,岡山県,2063,CU,岡山県,3479,MITTUN,岡山県,0,,-
Sparkle Shower,Astra Blaze,0,,-,1190,TORO,岡山県,2276,RYU,岡山県,3331,RYU,岡山県,0,,-
Sparkle Shower,Bang Bang Dance,0,,-,842,TORO,岡山県,1750,RYU,岡山県,2770,RYU,岡山県,0,,-
Sparkle Shower,BattleRoyal,0,,-,1118,AIKA,岡山県,1759,RYU,岡山県,2579,RYU,岡山県,0,,-
Sparkle Shower,Begin,0,,-,1029,AIKA,岡山県,2022,RYU,岡山県,3214,O.N.O.,岡山県,0,,-
Sparkle Shower,BitRacer,0,,-,1116,TORO,岡山県,2073,RYU,岡山県,3418,RYU,岡山県,0,,-
Sparkle Shower,Bloom,0,,-,693,AIKA,岡山県,1194,NICOL,岡山県,1813,RYU,岡山県,0,,-
Sparkle Shower,blue anthem,0,,-,1179,TORO,岡山県,1689,P,岡山県,2906,RYU,岡山県,0,,-
Sparkle Shower,Caramel Pain,235,INYS,岡山県,650,TORO,岡山県,1042,TORO,岡山県,1653,O.N.O.,岡山県,0,,-
Sparkle Shower,Catch ya Getcha!,0,,-,1057,TORO,岡山県,2027,RYU,岡山県,2872,RYU,岡山県,0,,-
Sparkle Shower,chaplet -IIDX re:build-,0,,-,1016,TORO,岡山県,1953,RYU,岡山県,2806,RYU,岡山県,0,,-
Sparkle Shower,COLOR BURST,202,BEAT,岡山県,792,AIKA,岡山県,1388,AIKA,岡山県,2178,GENO,岡山県,0,,-
Sparkle Shower,Countdown to Heaven or Hell,0,,-,1261,AIKA,岡山県,2021,RYU,岡山県,3040,RYU,岡山県,0,,-
Sparkle Shower,D.K.N. ON,0,,-,1050,AIKA,岡山県,1907,CU,岡山県,2680,RYU,岡山県,0,,-
Sparkle Shower,Digitized Ocean,0,,-,1181,AIKA,岡山県,2004,GNENJO,岡山県,3428,RYU,岡山県,0,,-
Sparkle Shower,Disco Killer Music Lover,0,,-,1103,TORO,岡山県,1829,RYU,岡山県,3012,RYU,岡山県,0,,-
Sparkle Shower,Dolphin Kick,0,,-,1477,AIKA,岡山県,2210,RYU,岡山県,3514,MITTUN,岡山県,0,,-
Sparkle Shower,Dusk Endir,0,,-,1062,AIKA,岡山県,2271,RYU,岡山県,3274,RYU,岡山県,0,,-
Sparkle Shower,ESPRIT ONE,0,,-,1292,TORO,岡山県,1764,TORO,岡山県,2927,RYU,岡山県,0,,-
Sparkle Shower,Ex-Otogibanashi,172,INYS,岡山県,468,AIKA,岡山県,963,AIKA,岡山県,1581,MITTUN,岡山県,0,,-
Sparkle Shower,Fashion Fruit,0,,-,1076,TORO,岡山県,1944,RYU,岡山県,3017,RYU,岡山県,0,,-
Sparkle Shower,fixer,0,,-,845,TORO,岡山県,1831,RYU,岡山県,3369,RYU,岡山県,0,,-
Sparkle Shower,FIZZY FIZZY POP,0,,-,857,TORO,岡山県,1565,CU,岡山県,2226,RYU,岡山県,0,,-
Sparkle Shower,FiZZλ_POT!0N,0,,-,1420,AIKA,岡山県,2096,RYU,岡山県,3373,MITTUN,岡山県,0,,-
Sparkle Shower,From Human Blood,0,,-,1228,TORO,岡山県,2114,RYU,岡山県,3521,RYU,岡山県,0,,-
Sparkle Shower,Funky Quirky,0,,-,939,AIKA,岡山県,1836,AHEAD,岡山県,2555,RYU,岡山県,0,,-
Sparkle Shower,Get Into The Groove feat.WaMi,0,,-,999,TORO,岡山県,1415,TORO,岡山県,2266,J1M4O,岡山県,0,,-
Sparkle Shower,Gimme a Big Beat(青龍 Remix),0,,-,1274,TORO,岡山県,2311,RYU,岡山県,3083,RYU,岡山県,0,,-
Sparkle Shower,GO!,0,,-,889,TORO,岡山県,1831,RYU,岡山県,3084,RYU,岡山県,0,,-
Sparkle Shower,GOLD RUSH 2025,0,,-,876,TORO,岡山県,1607,RYU,岡山県,2753,RYU,岡山県,0,,-
Sparkle Shower,Hallucination,0,,-,1050,TORO,岡山県,1884,RYU,岡山県,2729,RYU,岡山県,0,,-
Sparkle Shower,HEROES,0,,-,1357,AIKA,岡山県,2263,RYU,岡山県,3322,RYU,岡山県,0,,-
Sparkle Shower,HORIZON BEATZ,0,,-,777,TORO,岡山県,1663,TORO,岡山県,2515,GENO,岡山県,0,,-
Sparkle Shower,HyperTwist,0,,-,1299,TORO,岡山県,2224,RYU,岡山県,3237,MITTUN,岡山県,0,,-
Sparkle Shower,Ignited Night,0,,-,1080,TORO,岡山県,1515,AJAN,岡山県,2401,O.N.O.,岡山県,0,,-
Sparkle Shower,Iridescent Memories,0,,-,1518,AIKA,岡山県,2171,RYU,岡山県,3734,RYU,岡山県,0,,-
Sparkle Shower,JUST SYNC ft.Kanae Asaba,0,,-,754,TORO,岡山県,1286,TORO,岡山県,2018,AJAN,岡山県,0,,-
Sparkle Shower,Kick The Rainbow,0,,-,1148,TORO,岡山県,1959,CU,岡山県,2895,RYU,岡山県,0,,-
Sparkle Shower,King of Tribe,0,,-,1121,TORO,岡山県,2040,RYU,岡山県,3073,RYU,岡山県,0,,-
Sparkle Shower,kors k's Let's make an Image Song!,0,,-,988,AIKA,岡山県,1816,M.,岡山県,2745,RYU,岡山県,0,,-
Sparkle Shower,Last Card,0,,-,1068,TORO,岡山県,1830,AHEAD,岡山県,3017,KEISOO,岡山県,0,,-
Sparkle Shower,LEMON MELON COOKIE,364,INYS,岡山県,818,AIKA,岡山県,1555,AJAN,岡山県,2248,MITTUN,岡山県,0,,-
Sparkle Shower,Limelight,0,,-,1122,TORO,岡山県,1952,RYU,岡山県,2961,RYU,岡山県,0,,-
Sparkle Shower,Lisa-RICCIA,513,FURIE,岡山県,1241,AIKA,岡山県,2218,RYU,岡山県,3317,RYU,岡山県,4531,RYU,岡山県
Sparkle Shower,Makin' It,0,,-,1057,TORO,岡山県,1642,RYU,岡山県,2733,RYU,岡山県,0,,-
Sparkle Shower,Memoria Obscura,0,,-,1013,TORO,岡山県,2184,RYU,岡山県,4038,RYU,岡山県,0,,-
Sparkle Shower,Meteor☆Shower,0,,-,967,TORO,岡山県,2075,J1M4O,岡山県,2896,MITTUN,岡山県,0,,-
Sparkle Shower,Mighty Beat Monsterz,0,,-,1240,TORO,岡山県,1932,RYU,岡山県,3106,RYU,岡山県,0,,-
Sparkle Shower,MOCHIMOCHI DREAMIN!!,0,,-,1138,TORO,岡山県,1821,AJAN,岡山県,2984,O.N.O.,岡山県,0,,-
Sparkle Shower,Nemophila,0,,-,1049,AIKA,岡山県,1810,RYU,岡山県,2690,RYU,岡山県,0,,-
Sparkle Shower,Nyan Nyan University,0,,-,937,AIKA,岡山県,1602,AJAN,岡山県,2562,O.N.O.,岡山県,0,,-
Sparkle Shower,OMEGA,0,,-,1103,AIKA,岡山県,2142,RYU,岡山県,3286,RYU,岡山県,0,,-
Sparkle Shower,PALETTE,361,FURIE,岡山県,884,AIKA,岡山県,1459,AIKA,岡山県,2053,RYU,岡山県,0,,-
Sparkle Shower,PERFECT GREAT!!,0,,-,1296,AIKA,岡山県,2390,RYU,岡山県,3709,MITTUN,岡山県,0,,-
Sparkle Shower,pique,0,,-,1135,TORO,岡山県,2000,P,岡山県,3013,J1M4O,岡山県,0,,-
Sparkle Shower,RALLY '25,0,,-,1222,TORO,岡山県,2162,RYU,岡山県,3224,RYU,岡山県,0,,-
Sparkle Shower,REcorrection,0,,-,596,MANAMI,岡山県,1101,MANAMI,岡山県,1600,MITTUN,岡山県,0,,-
Sparkle Shower,Regina vespaE,0,,-,1250,KYOKA,岡山県,2271,RYU,岡山県,3526,RYU,岡山県,0,,-
Sparkle Shower,RIZING-GAMERS.,0,,-,1050,TORO,岡山県,2305,RYU,岡山県,3338,RYU,岡山県,0,,-
Sparkle Shower,RUINA,0,,-,944,TORO,岡山県,1827,RYU,岡山県,2753,RYU,岡山県,0,,-
Sparkle Shower,Second Heaven(Mamonis Remix),0,,-,932,TORO,岡山県,1611,BEAT,岡山県,2518,RYU,岡山県,0,,-
Sparkle Shower,SHINING☆DANCE,0,,-,873,M.,岡山県,1558,AIKA,岡山県,2462,RYU,岡山県,0,,-
Sparkle Shower,Shooting Star,236,FURIE,岡山県,840,AIKA,岡山県,1509,AIKA,岡山県,2444,RYU,岡山県,0,,-
Sparkle Shower,Show Time,0,,-,855,AIKA,岡山県,1414,AIKA,岡山県,2038,RYU,岡山県,0,,-
Sparkle Shower,Signs and Wonders,0,,-,674,AIKA,岡山県,1039,AIKA,岡山県,1592,RYU,岡山県,0,,-
Sparkle Shower,SILKY BRAVE,0,,-,933,TORO,岡山県,1567,CU,岡山県,2372,J1M4O,岡山県,0,,-
Sparkle Shower,Skywalking,0,,-,914,TORO,岡山県,1441,CU,岡山県,2324,RYU,岡山県,0,,-
Sparkle Shower,Smintheus,0,,-,1329,TORO,岡山県,2209,M.,岡山県,3456,RYU,岡山県,0,,-
Sparkle Shower,SnapSkipSpark,0,,-,1086,TORO,岡山県,1893,KEISOO,岡山県,2899,MITTUN,岡山県,0,,-
Sparkle Shower,Space Battleship S4TO,0,,-,1343,M.,岡山県,2245,RYU,岡山県,3718,RYU,岡山県,0,,-
Sparkle Shower,SPLASH!!!!!!!!!,0,,-,917,AIKA,岡山県,1502,AIKA,岡山県,2277,RYU,岡山県,0,,-
Sparkle Shower,Substance,0,,-,1203,AIKA,岡山県,1746,RYU,岡山県,3068,RYU,岡山県,0,,-
Sparkle Shower,super double play sessions,0,,-,1416,AIKA,岡山県,2373,RYU,岡山県,4004,RYU,岡山県,0,,-
Sparkle Shower,THUNDERSTRIKE,0,,-,1251,TORO,岡山県,2116,RYU,岡山県,3348,RYU,岡山県,0,,-
Sparkle Shower,TOKAKU=ALMiRAJ,0,,-,936,TORO,岡山県,1890,P,岡山県,2786,RYU,岡山県,0,,-
Sparkle Shower,UNDO THE NIGHT,0,,-,1047,AIKA,岡山県,2110,RYU,岡山県,3378,O.N.O.,岡山県,0,,-
Sparkle Shower,Vitamin,0,,-,1169,TORO,岡山県,1828,RYU,岡山県,2632,RYU,岡山県,0,,-
Sparkle Shower,voice of echo.,0,,-,1111,AIKA,岡山県,1804,RYU,岡山県,2715,RYU,岡山県,0,,-
Sparkle Shower,Watermelon Explosion,0,,-,769,AIKA,岡山県,1357,KURO,岡山県,2016,RYU,岡山県,0,,-
Sparkle Shower,Wizards!,0,,-,804,TORO,岡山県,1631,J1M4O,岡山県,2266,J1M4O,岡山県,0,,-
Sparkle Shower,X-Plan,0,,-,731,TORO,岡山県,1355,TORO,岡山県,2209,RYU,岡山県,0,,-
Sparkle Shower,[E],0,,-,1510,TORO,岡山県,2163,ROTENO,岡山県,3385,RYU,岡山県,0,,-
Sparkle Shower,Τeλοs,0,,-,1067,TORO,岡山県,1736,CU,岡山県,2608,RYU,岡山県,0,,-
Sparkle Shower,ιgniЯRuina,0,,-,1397,TORO,岡山県,2187,RYU,岡山県,3503,*0712*,岡山県,0,,-
Sparkle Shower,⁽⁽ଘ( ˙꒳˙ )ଓ⁾⁾ beyond reason,0,,-,1254,KOTETU,岡山県,2129,RYU,岡山県,3747,RYU,岡山県,0,,-
Sparkle Shower,かわいいだけじゃだめですか？,219,I.TSRN,岡山県,937,TORO,岡山県,1594,RYU,岡山県,2130,RYU,岡山県,3479,O.N.O.,岡山県
Sparkle Shower,じぇりー じゅえる ジャングル,0,,-,1239,TORO,岡山県,1920,CU,岡山県,3244,RYU,岡山県,0,,-
Sparkle Shower,それが、ボクの使命～レスキュー隊長 メンキュー～,0,,-,745,AIKA,岡山県,1544,CU,岡山県,2153,MITTUN,岡山県,0,,-
Sparkle Shower,でんぱ どりる わんにゃー☆三,288,PARM,岡山県,1196,AIKA,岡山県,2258,RYU,岡山県,3324,O.N.O.,岡山県,0,,-
Sparkle Shower,もんめためたもん,219,FURIE,岡山県,858,AIKA,岡山県,1413,AJAN,岡山県,2246,O.N.O.,岡山県,0,,-
Sparkle Shower,オーバーライド,472,KAZU,岡山県,1217,TORO,岡山県,1810,TORO,岡山県,3188,GENO,岡山県,0,,-
Sparkle Shower,キミとえがくキセキ,0,,-,919,TORO,岡山県,1511,TORO,岡山県,2233,MITTUN,岡山県,0,,-
Sparkle Shower,クレッシェンド,0,,-,1205,TORO,岡山県,1887,RYU,岡山県,3294,MITTUN,岡山県,0,,-
Sparkle Shower,サタデーナイト☆ギャロップ,0,,-,1290,AIKA,岡山県,2003,RYU,岡山県,3852,.COM,岡山県,0,,-
Sparkle Shower,タンポポ,0,,-,1251,TORO,岡山県,1921,RYU,岡山県,2660,RYU,岡山県,0,,-
Sparkle Shower,デラむぅのでらっくす☆どり～むぅ,0,,-,828,AIKA,岡山県,1321,AIKA,岡山県,1971,RYU,岡山県,0,,-
Sparkle Shower,バブリン,272,I.TSRN,岡山県,1166,AIKA,岡山県,1724,AIKA,岡山県,2427,J1M4O,岡山県,0,,-
Sparkle Shower,ビビッド ☆+*。キラキライム,537,I.TSRN,岡山県,1202,AIKA,岡山県,2094,RYU,岡山県,3665,MITTUN,岡山県,0,,-
Sparkle Shower,ベラ・ベ・カラベラ,0,,-,1052,AIKA,岡山県,1721,RYU,岡山県,2722,RYU,岡山県,0,,-
Sparkle Shower,ベンガル vs. アムール Battle,0,,-,1332,AIKA,岡山県,2075,RYU,岡山県,3646,O.N.O.,岡山県,0,,-
Sparkle Shower,メテオラ-meteor-,0,,-,1067,TORO,岡山県,1757,CU,岡山県,2434,MITTUN,岡山県,0,,-
Sparkle Shower,メルト CPK! Remix (初音ミク ver.),469,I.TSRN,岡山県,874,AIKA,岡山県,1648,AIKA,岡山県,2832,*0712*,岡山県,0,,-
Sparkle Shower,ラブコメトキドキシリアス,0,,-,1263,AIKA,岡山県,2026,RYU,岡山県,3599,RYU,岡山県,0,,-
Sparkle Shower,レシピのリドル,0,,-,650,TORO,岡山県,1407,TORO,岡山県,2308,J1M4O,岡山県,0,,-
Sparkle Shower,三日天下モンキー,0,,-,745,TORO,岡山県,1254,CU,岡山県,1768,RYU,岡山県,0,,-
Sparkle Shower,不死身ごっこ,266,FURIE,岡山県,963,AIKA,岡山県,1475,AIKA,岡山県,2530,RYU,岡山県,0,,-
Sparkle Shower,夏色のセレナーデ,0,,-,885,AIKA,岡山県,1345,AIKA,岡山県,2228,MITTUN,岡山県,0,,-
Sparkle Shower,夢色ワンダー,525,INYS,岡山県,1544,AIKA,岡山県,2151,CU,岡山県,3183,RYU,岡山県,0,,-
Sparkle Shower,好吃来世deエレクトリック,0,,-,821,AIKA,岡山県,1378,AIKA,岡山県,1898,O.N.O.,岡山県,0,,-
Sparkle Shower,恋愛観測,0,,-,701,TORO,岡山県,1446,TORO,岡山県,2473,MITTUN,岡山県,0,,-
Sparkle Shower,断罪のミメシス,0,,-,1397,TORO,岡山県,2019,KURO,岡山県,3209,MITTUN,岡山県,0,,-
Sparkle Shower,月下繚乱,0,,-,907,TORO,岡山県,1771,RYU,岡山県,2773,RYU,岡山県,0,,-
Sparkle Shower,煉獄コンフィチュール,0,,-,1016,TORO,岡山県,1794,CU,岡山県,2636,RYU,岡山県,0,,-
Sparkle Shower,百恋ラブラスター,0,,-,743,AIKA,岡山県,1593,KURO,岡山県,2630,RYU,岡山県,0,,-
Sparkle Shower,色を喪った街,0,,-,1316,TORO,岡山県,2421,RYU,岡山県,3717,RYU,岡山県,0,,-
Sparkle Shower,華麗なる！音戯探偵ひなビタ,0,,-,706,M.,岡山県,1285,KYOKA,岡山県,2279,RYU,岡山県,0,,-
Sparkle Shower,鏡像都市,0,,-,840,TORO,岡山県,1398,TORO,岡山県,1959,O.N.O.,岡山県,0,,-
Sparkle Shower,閃と雷管とロープ,0,,-,910,AIKA,岡山県,1417,RYU,岡山県,2561,O.N.O.,岡山県,0,,-
