バージョン,タイトル,BEGINNER EXスコア,BEGINNER DJName,BEGINNER 都道府県,NORMAL EXスコア,NORMAL DJName,NORMAL 都道府県,HYPER EXスコア,HYPER DJName,HYPER 都道府県,ANOTHER EXスコア,ANOTHER DJName,ANOTHER 都道府県,LEGGENDARIA EXスコア,LEGGENDARIA DJName,LEGGENDARIA 都道府県
1st&substream,22DUNK,0,,-,0,,-,591,ORE,徳島県,599,ORE,徳島県,0,,-
1st&substream,5.1.1.,0,,-,195,MA-KUN,徳島県,906,RAICHO,徳島県,1525,O-TA13,徳島県,0,,-
1st&substream,deep in you,0,,-,0,,-,501,MA-KUN,徳島県,604,ORE,徳島県,0,,-
1st&substream,Dr.LOVE,0,,-,222,KAZUMA,徳島県,511,MA-KUN,徳島県,553,O-TA13,徳島県,0,,-
1st&substream,GAMBOL,0,,-,271,MA-KUN,徳島県,257,O-TA13,徳島県,0,,-,0,,-
1st&substream,GENOM SCREAMS,0,,-,190,....!!,徳島県,742,ORE,徳島県,1031,6,徳島県,0,,-
1st&substream,gentle stress,0,,-,338,MA-KUN,徳島県,0,,-,1438,KOUIKA,徳島県,0,,-
1st&substream,GRADIUSIC CYBER,0,,-,680,TAKE.,徳島県,860,RAICHO,徳島県,1133,6,徳島県,0,,-
1st&substream,KEEP ON MOVIN',0,,-,159,MISTY*,徳島県,233,HAZUKI,徳島県,0,,-,0,,-
1st&substream,Macho Gang,0,,-,191,KAZUMA,徳島県,903,HRDMKO,徳島県,1512,6,徳島県,0,,-
1st&substream,PARANOIA MAX～DIRTY MIX～,0,,-,0,,-,707,ORE,徳島県,1070,6,徳島県,0,,-
1st&substream,R3,0,,-,0,,-,705,LKAR,徳島県,854,N,徳島県,0,,-
1st&substream,RUGGED ASH,0,,-,217,MINT,徳島県,381,RAICHO,徳島県,1086,L#RUKA,徳島県,2016,L#RUKA,徳島県
1st&substream,THE EARTH LIGHT,0,,-,218,AMOEB,徳島県,924,SOL!D,徳島県,1116,12EX65,徳島県,0,,-
2nd style,.59,0,,-,340,IVY!!,徳島県,872,HRDMKO,徳島県,1105,6,徳島県,0,,-
2nd style,Digital MinD(A/T Libra mix),0,,-,0,,-,0,,-,1086,6,徳島県,0,,-
2nd style,Electro Tuned(the SubS mix),0,,-,0,,-,807,HRDMKO,徳島県,997,LKAR,徳島県,0,,-
2nd style,I Was The One,0,,-,305,....!!,徳島県,313,KAZUMA,徳島県,650,ITALY3,徳島県,0,,-
2nd style,Indigo Vision(full flavour hide around mix),0,,-,0,,-,0,,-,1196,MA-KUN,徳島県,0,,-
2nd style,PUT YOUR FAITH IN ME(for beatmania II),0,,-,300,MINT,徳島県,844,KOUIKA,徳島県,0,,-,0,,-
2nd style,SP-TRIP MACHINE(for beatmania II),0,,-,268,....!!,徳島県,576,SOL!D,徳島県,630,6,徳島県,0,,-
3rd style,CAN'T STOP FALLIN'IN LOVE,0,,-,200,MINT,徳島県,1197,6,徳島県,0,,-,0,,-
3rd style,Don't Stop!,0,,-,0,,-,694,RAICHO,徳島県,889,DG192,徳島県,0,,-
3rd style,era (nostalmix),0,,-,0,,-,1047,6,徳島県,1457,HAZUKI,徳島県,0,,-
3rd style,Holic,0,,-,0,,-,929,JAE,徳島県,1702,L#RUKA,徳島県,0,,-
3rd style,LEADING CYBER,0,,-,140,DADADA,徳島県,1090,Q,徳島県,1064,Q,徳島県,0,,-
3rd style,Presto,0,,-,221,MINT,徳島県,779,SOL!D,徳島県,1006,L#RUKA,徳島県,0,,-
3rd style,R5,0,,-,0,,-,1117,DG192,徳島県,1753,3238SU,徳島県,0,,-
3rd style,REINCARNATION,0,,-,417,AMOEB,徳島県,1035,MA-KUN,徳島県,1227,6,徳島県,0,,-
3rd style,Schlagwerk,0,,-,466,AMOEB,徳島県,1246,DG192,徳島県,1666,MA-KUN,徳島県,0,,-
3rd style,Skyscraper,0,,-,0,,-,0,,-,1240,KOUIKA,徳島県,0,,-
3rd style,Tangerine Stream,0,,-,0,,-,320,DRVUS*,徳島県,0,,-,0,,-
3rd style,THE SAFARI,337,9-ROW,徳島県,773,KA3D3,徳島県,1723,3238SU,徳島県,0,,-,0,,-
4th style,250bpm,0,,-,81,LINH,徳島県,962,DG192,徳島県,1329,KOUIKA,徳島県,0,,-
4th style,ABSOLUTE,0,,-,702,HDK*,徳島県,1776,DG192,徳島県,2166,N,徳島県,2677,3238SU,徳島県
4th style,B4U,0,,-,728,GJAKIT,徳島県,1358,ORE,徳島県,1978,KOUIKA,徳島県,0,,-
4th style,Broken My Heart,0,,-,0,,-,0,,-,1735,N,徳島県,0,,-
4th style,Burnin' The Floor,0,,-,296,ONGEKI,徳島県,406,AMOEB,徳島県,1401,6,徳島県,0,,-
4th style,CHECKING YOU OUT,0,,-,538,KA3D3,徳島県,806,TAKE,徳島県,1253,3238SU,徳島県,0,,-
4th style,Clione,0,,-,515,TAKE,徳島県,933,LKAR,徳島県,1595,KOUIKA,徳島県,2089,MA-KUN,徳島県
4th style,DXY!,0,,-,0,,-,1581,TAKE,徳島県,2124,MA-KUN,徳島県,0,,-
4th style,empathy,0,,-,0,,-,0,,-,1415,KOUIKA,徳島県,0,,-
4th style,era (step mix),0,,-,0,,-,1266,ORE,徳島県,1643,6,徳島県,0,,-
4th style,FLOWERS for ALBION,0,,-,160,KAZUMA,徳島県,424,6,徳島県,0,,-,0,,-
4th style,HIGHER,0,,-,262,....!!,徳島県,852,RAICHO,徳島県,1258,O-TA13,徳島県,0,,-
4th style,Hitch Hiker2,0,,-,390,IVY!!,徳島県,0,,-,1284,O-TA13,徳島県,1927,L#RUKA,徳島県
4th style,Jam&Marmalade,0,,-,0,,-,579,GJAKIT,徳島県,963,6,徳島県,0,,-
4th style,KAMIKAZE,0,,-,387,TAKE.,徳島県,1222,BLD,徳島県,2240,KOUIKA,徳島県,0,,-
4th style,LOVE WILL・・・,0,,-,268,ONGEKI,徳島県,0,,-,1456,KOUIKA,徳島県,0,,-
4th style,minimalian,0,,-,227,AMOEB,徳島県,972,BB-SVN,徳島県,1378,KOUIKA,徳島県,0,,-
4th style,Mr.T.(take me higher),0,,-,650,TAKE.,徳島県,807,IIDX30,徳島県,1735,KOUIKA,徳島県,0,,-
4th style,starmine,267,KIRIN,徳島県,797,SOL!D,徳島県,1386,HAZUKI,徳島県,1575,KOUIKA,徳島県,0,,-
4th style,SWEET LAB,0,,-,0,,-,888,ORE,徳島県,1219,N,徳島県,0,,-
4th style,Voltage (feat. Hidemaru),0,,-,387,SMNFFF,徳島県,0,,-,1275,6,徳島県,0,,-
5th style,Abyss,0,,-,689,KA3D3,徳島県,1150,KA3D3,徳島県,1874,MA-KUN,徳島県,0,,-
5th style,in my eyes,0,,-,316,DE-SKE,徳島県,1186,BB-SVN,徳島県,1555,KOUIKA,徳島県,0,,-
5th style,LOVE AGAIN TONIGHT～for Mellisa mix～,0,,-,348,MINT,徳島県,845,TAKE,徳島県,1114,KOUIKA,徳島県,0,,-
5th style,outer wall,0,,-,0,,-,0,,-,1700,MA-KUN,徳島県,0,,-
5th style,QQQ,0,,-,0,,-,1778,DG192,徳島県,2125,KOUIKA,徳島県,0,,-
5th style,Radical Faith,0,,-,0,,-,1330,BB-SVN,徳島県,1264,6,徳島県,0,,-
5th style,Real,0,,-,0,,-,1621,DG192,徳島県,1697,6,徳島県,0,,-
5th style,Regulus,0,,-,0,,-,1342,ORE,徳島県,1609,HAZUKI,徳島県,0,,-
5th style,RIDE ON THE LIGHT (HI GREAT MIX),0,,-,711,TAKE.,徳島県,802,M,徳島県,1707,MA-KUN,徳島県,1791,3238SU,徳島県
5th style,RISLIM,0,,-,0,,-,1170,O-TA13,徳島県,0,,-,0,,-
5th style,sometime,0,,-,0,,-,1013,LKAR,徳島県,1292,KOUIKA,徳島県,0,,-
5th style,Spin the disc,0,,-,0,,-,0,,-,1328,MA-KUN,徳島県,0,,-
5th style,STILL IN MY HEART,0,,-,0,,-,1177,ORE,徳島県,1886,3238SU,徳島県,0,,-
5th style,still my words,0,,-,0,,-,1147,3T,徳島県,0,,-,0,,-
5th style,sync,0,,-,0,,-,1820,DG192,徳島県,2361,3238SU,徳島県,0,,-
5th style,THE CUBE,0,,-,406,TAK-78,徳島県,1219,12EX65,徳島県,1318,KOUIKA,徳島県,0,,-
5th style,THE SHINING POLARIS,0,,-,606,TAKE.,徳島県,1188,ORE,徳島県,1525,6,徳島県,0,,-
5th style,V,223,MINT,徳島県,1088,KA3D3,徳島県,2289,TAKE,徳島県,2982,L#RUKA,徳島県,0,,-
6th style,"19,November",0,,-,799,TAKE.,徳島県,1135,RAICHO,徳島県,1752,L#RUKA,徳島県,0,,-
6th style,BALLAD FOR YOU～想いの雨～,0,,-,308,MINT,徳島県,0,,-,939,KILIN,徳島県,0,,-
6th style,Blueberry Stream,0,,-,539,TAKE.,徳島県,927,SAYA,徳島県,1597,KOUIKA,徳島県,0,,-
6th style,Buffalo,0,,-,0,,-,1307,ORE,徳島県,1683,TAIL-U,徳島県,2386,MA-KUN,徳島県
6th style,Colors (radio edit),0,,-,0,,-,1859,3238SU,徳島県,2394,3238SU,徳島県,0,,-
6th style,DIVE ～INTO YOUR HEART～,0,,-,124,HACHI!,徳島県,1696,TAKE,徳島県,1978,6,徳島県,0,,-
6th style,fly through the night,0,,-,354,AMOEB,徳島県,1119,BB-SVN,徳島県,1683,KOUIKA,徳島県,0,,-
6th style,Free Style,0,,-,0,,-,0,,-,1213,6,徳島県,0,,-
6th style,Frozen Ray (original mix),0,,-,0,,-,1587,ORE,徳島県,1774,MA-KUN,徳島県,0,,-
6th style,G2,0,,-,1328,DG192,徳島県,1438,M,徳島県,2259,3238SU,徳島県,0,,-
6th style,L'amour et la liberte,0,,-,0,,-,1553,MA-KUN,徳島県,1951,L#RUKA,徳島県,0,,-
6th style,Linus,0,,-,309,NOOOB!,徳島県,1438,ORE,徳島県,1998,N,徳島県,0,,-
6th style,NEMESIS,0,,-,244,PAM1,徳島県,1202,BB-SVN,徳島県,1700,6,徳島県,0,,-
6th style,rottel-da-sun,0,,-,0,,-,1306,DG192,徳島県,1760,N,徳島県,0,,-
6th style,route 80s,0,,-,0,,-,1127,DG192,徳島県,1414,6,徳島県,0,,-
6th style,SOMETHING WONDERFUL,0,,-,0,,-,1263,DG192,徳島県,1935,MA-KUN,徳島県,0,,-
6th style,Summer Vacation(CU mix),0,,-,0,,-,1824,KOUIKA,徳島県,0,,-,0,,-
6th style,Take It Easy,0,,-,381,AMOEB,徳島県,1807,BB-SVN,徳島県,2504,3238SU,徳島県,0,,-
6th style,VJ ARMY,0,,-,0,,-,1352,RUNA,徳島県,2094,6,徳島県,0,,-
6th style,こっちを向いてよ,0,,-,330,HACHI!,徳島県,1023,RAICHO,徳島県,1298,12EX65,徳島県,0,,-
7th style,A,0,,-,742,SMNFFF,徳島県,2015,DG192,徳島県,2463,L#RUKA,徳島県,0,,-
7th style,AVE DE RAPINA,0,,-,0,,-,1609,DG192,徳島県,1677,12EX65,徳島県,0,,-
7th style,Bad Routine,0,,-,0,,-,1022,SAYA,徳島県,1871,O-TA13,徳島県,0,,-
7th style,Burning Heat! (Full Option Mix),0,,-,309,AMOEB,徳島県,0,,-,1449,MA-KUN,徳島県,0,,-
7th style,Cheer Train,0,,-,0,,-,935,KA3D3,徳島県,1652,Q-TARO,徳島県,0,,-
7th style,D2R,0,,-,0,,-,1067,BB-SVN,徳島県,1620,L#RUKA,徳島県,0,,-
7th style,DESTINY,0,,-,598,TOMATO,徳島県,0,,-,1816,MA-KUN,徳島県,0,,-
7th style,foreplay,0,,-,457,TAKE.,徳島県,1087,DG192,徳島県,1250,12EX65,徳島県,0,,-
7th style,Glorious Days,0,,-,0,,-,0,,-,862,L#SYRO,徳島県,0,,-
7th style,Happy Wedding,0,,-,0,,-,1444,BB-SVN,徳島県,1792,KOUIKA,徳島県,0,,-
7th style,Last Message,0,,-,0,,-,957,TAKE.,徳島県,1523,LKAR,徳島県,0,,-
7th style,Let the Snow Paint Me,0,,-,0,,-,838,RAICHO,徳島県,1205,L#SYRO,徳島県,0,,-
7th style,Love Me Do,0,,-,0,,-,0,,-,2091,O-TA13,徳島県,0,,-
7th style,MAX 300,0,,-,935,ORE,徳島県,1894,3238SU,徳島県,2728,L#RUKA,徳島県,0,,-
7th style,Somebody Like You,0,,-,0,,-,1073,CHA2K3,徳島県,1791,MA-KUN,徳島県,0,,-
7th style,Spica,0,,-,374,AMOEB,徳島県,1430,MA-KUN,徳島県,2112,KOUIKA,徳島県,0,,-
7th style,stoic,0,,-,1527,TAKE,徳島県,1581,RUNA,徳島県,2473,KOUIKA,徳島県,0,,-
7th style,Tomorrow Perfume,0,,-,0,,-,1716,ORE,徳島県,1980,6,徳島県,0,,-
7th style,traces,0,,-,0,,-,1637,BB-SVN,徳島県,2061,HAZUKI,徳島県,0,,-
7th style,ZERO-ONE,0,,-,703,TAKE.,徳島県,1420,M,徳島県,2029,LKAR,徳島県,2786,3238SU,徳島県
7th style,革命,0,,-,463,SMNFFF,徳島県,1412,SOL!D,徳島県,2209,6,徳島県,0,,-
8th style,abstract,0,,-,0,,-,1512,DG192,徳島県,1838,MA-KUN,徳島県,0,,-
8th style,airflow,0,,-,348,KAZUMA,徳島県,392,DAICHI,徳島県,1353,VEIL,徳島県,0,,-
8th style,ALL RIGHT,0,,-,0,,-,1264,DG192,徳島県,1518,LKAR,徳島県,0,,-
8th style,Attitude,0,,-,0,,-,1399,MA-KUN,徳島県,1742,KOUIKA,徳島県,0,,-
8th style,bit mania,0,,-,729,TAKE.,徳島県,1052,SAYA,徳島県,1859,L#RUKA,徳島県,0,,-
8th style,Blame,0,,-,1081,K,徳島県,1227,RAICHO,徳島県,1898,3238SU,徳島県,0,,-
8th style,CELEBRATE NITE,0,,-,0,,-,0,,-,1372,O-TA13,徳島県,0,,-
8th style,Colors -Y&Co. Eurobeat Remix-,0,,-,796,TAKE.,徳島県,1832,ORE,徳島県,2183,L#RUKA,徳島県,0,,-
8th style,dual control,0,,-,587,GJAKIT,徳島県,1265,DG192,徳島県,1886,L#RUKA,徳島県,0,,-
8th style,Giudecca,0,,-,750,GJAKIT,徳島県,1722,ORE,徳島県,2564,6,徳島県,0,,-
8th style,Halfway of promise,0,,-,0,,-,1300,RAICHO,徳島県,1826,MA-KUN,徳島県,0,,-
8th style,HYPER BOUNDARY GATE,0,,-,0,,-,1858,DG192,徳島県,2179,MA-KUN,徳島県,0,,-
8th style,LAB,0,,-,0,,-,1515,SOL!D,徳島県,1912,TAIL-U,徳島県,2673,KOUIKA,徳島県
8th style,LOVE IS ORANGE,0,,-,619,TAKE.,徳島県,0,,-,1724,12EX65,徳島県,2053,MA-KUN,徳島県
8th style,Luv 2 Feel Your Body,0,,-,0,,-,797,GJAKIT,徳島県,1560,12EX65,徳島県,0,,-
8th style,memories,0,,-,0,,-,1837,ORE,徳島県,2232,3238SU,徳島県,0,,-
8th style,Monkey Dance,0,,-,0,,-,1326,DG192,徳島県,1974,L#RUKA,徳島県,0,,-
8th style,murmur twins,0,,-,850,TAKE.,徳島県,1632,MA-KUN,徳島県,2280,6,徳島県,0,,-
8th style,MUSIC TO YOUR HEAD,0,,-,0,,-,0,,-,1618,MA-KUN,徳島県,0,,-
8th style,PLEASE DON'T GO,0,,-,678,GJAKIT,徳島県,0,,-,2389,L#RUKA,徳島県,0,,-
8th style,rainbow flyer,0,,-,0,,-,1416,ORE,徳島県,2122,KOUIKA,徳島県,0,,-
8th style,symbolic,0,,-,1403,HAZUKI,徳島県,1744,TAKE,徳島県,2216,L#RUKA,徳島県,0,,-
8th style,thunder,0,,-,0,,-,1255,KA3D3,徳島県,1767,6,徳島県,0,,-
8th style,WAR GAME,0,,-,505,AMOEB,徳島県,1531,DG192,徳島県,2104,3238SU,徳島県,0,,-
8th style,World Wide Love,0,,-,437,....!!,徳島県,0,,-,1105,KOUIKA,徳島県,0,,-
8th style,xenon,0,,-,0,,-,1461,ORE,徳島県,2685,KOUIKA,徳島県,0,,-
8th style,桜,0,,-,861,RAICHO,徳島県,1273,IIDX33,徳島県,2089,L#RUKA,徳島県,0,,-
8th style,蒼い衝動,0,,-,485,TOMATO,徳島県,0,,-,1565,L#RUKA,徳島県,0,,-
9th style,Abyss -The Heavens Remix-,377,MINT,徳島県,1080,JAE,徳島県,1744,TAKE,徳島県,2336,3238SU,徳島県,0,,-
9th style,ACT,0,,-,646,MORU,徳島県,1481,KILIN,徳島県,1653,DG192,徳島県,0,,-
9th style,ADVANCE,0,,-,0,,-,767,HRDMKO,徳島県,1513,MA-KUN,徳島県,0,,-
9th style,ATOMIC AGE,0,,-,237,MINT,徳島県,561,RAICHO,徳島県,1269,6,徳島県,0,,-
9th style,BAD BOY BASS!! (dj Remo-con MIX),0,,-,549,KAZUMA,徳島県,1095,RURIA,徳島県,1747,6,徳島県,0,,-
9th style,bag,0,,-,604,TAKE.,徳島県,1053,RAICHO,徳島県,1856,6,徳島県,0,,-
9th style,BRIGHTNESS DARKNESS,0,,-,413,AMOEB,徳島県,1381,DG192,徳島県,1704,O-TA13,徳島県,0,,-
9th style,Cradle,0,,-,0,,-,1220,DG192,徳島県,1521,MA-KUN,徳島県,0,,-
9th style,Distress,0,,-,0,,-,1819,MA-KUN,徳島県,0,,-,0,,-
9th style,e-motion 2003  -romantic extra-,0,,-,0,,-,1196,JAE,徳島県,1983,L#RUKA,徳島県,0,,-
9th style,fun,0,,-,193,HACHI!,徳島県,0,,-,1811,3238SU,徳島県,0,,-
9th style,Golden Horn,0,,-,0,,-,1157,DG192,徳島県,1474,KOUIKA,徳島県,0,,-
9th style,HYPER EUROBEAT (2DX style),0,,-,0,,-,1452,ORE,徳島県,1924,3238SU,徳島県,0,,-
9th style,I Was The One (80's EUROBEAT STYLE),0,,-,0,,-,1042,GLA,徳島県,1422,O-TA13,徳島県,0,,-
9th style,Karma,0,,-,679,ONGEKI,徳島県,1578,TAKE,徳島県,1744,MA-KUN,徳島県,0,,-
9th style,lights,0,,-,0,,-,1394,FUCHY,徳島県,1688,12EX65,徳島県,0,,-
9th style,Logic Board,0,,-,881,LEUCIS,徳島県,1637,DG192,徳島県,2306,L#RUKA,徳島県,0,,-
9th style,LOVE SHINE,330,MINT,徳島県,641,P-X-N,徳島県,1787,TAKE,徳島県,2071,3238SU,徳島県,0,,-
9th style,lower world,0,,-,957,GJAKIT,徳島県,1708,ORE,徳島県,2209,KOUIKA,徳島県,0,,-
9th style,Make A Difference,0,,-,0,,-,1405,ORE,徳島県,2130,MA-KUN,徳島県,0,,-
9th style,MARIA (I believe... ),0,,-,0,,-,1522,DG192,徳島県,1921,3238SU,徳島県,0,,-
9th style,moon_child,0,,-,951,RAICHO,徳島県,1331,9-ROW,徳島県,2513,L#RUKA,徳島県,0,,-
9th style,one or eight,0,,-,928,KA3D3,徳島県,1705,DG192,徳島県,2222,L#RUKA,徳島県,0,,-
9th style,PARANOIA survivor MAX,0,,-,909,HAZUKI,徳島県,1224,TAKE,徳島県,2047,KOUIKA,徳島県,0,,-
9th style,quasar,0,,-,956,KA3D3,徳島県,1665,TAKE,徳島県,2282,KOUIKA,徳島県,0,,-
9th style,Quickening,0,,-,0,,-,1458,SOL!D,徳島県,2095,L#RUKA,徳島県,0,,-
9th style,Really Love,0,,-,514,MISTY*,徳島県,741,GLA,徳島県,1706,MA-KUN,徳島県,0,,-
9th style,RISLIM -Remix-,0,,-,0,,-,841,K,徳島県,1806,O-TA13,徳島県,0,,-
9th style,rottel-the-Mercury,0,,-,0,,-,1800,TAKE,徳島県,2231,3238SU,徳島県,0,,-
9th style,Silvia Drive,0,,-,0,,-,1143,CHA2K3,徳島県,2011,KOUIKA,徳島県,0,,-
9th style,SNOW,0,,-,0,,-,0,,-,1937,HAZUKI,徳島県,0,,-
9th style,STAR FIELD,0,,-,359,AMOEB,徳島県,1536,DG192,徳島県,1860,KOUIKA,徳島県,0,,-
9th style,Sweet Sweet Magic,0,,-,0,,-,1304,M,徳島県,2011,3238SU,徳島県,0,,-
9th style,SWEETEST SAVAGE,0,,-,0,,-,935,IIDX32,徳島県,1821,L#RUKA,徳島県,0,,-
9th style,ライオン好き,0,,-,511,TAKE.,徳島県,1051,9-ROW,徳島県,1473,TAKE,徳島県,0,,-
9th style,真夏の花・真夏の夢,0,,-,0,,-,765,ARK,徳島県,1388,12EX65,徳島県,0,,-
10th style,1st Samurai,0,,-,823,TAKE.,徳島県,1622,KILIN,徳島県,2552,MA-KUN,徳島県,0,,-
10th style,ALIEN TEMPLE,0,,-,0,,-,0,,-,1936,12EX65,徳島県,0,,-
10th style,ASTRAL VOYAGE,0,,-,0,,-,1215,HRDMKO,徳島県,1882,MA-KUN,徳島県,0,,-
10th style,BABY LOVE,0,,-,1091,ROUTE9,徳島県,1532,ORE,徳島県,2140,L#RUKA,徳島県,0,,-
10th style,Back Into The Light,0,,-,0,,-,1407,RAICHO,徳島県,2137,KOUIKA,徳島県,0,,-
10th style,Boundary,0,,-,451,....!!,徳島県,1582,BB-SVN,徳島県,2022,3238SU,徳島県,0,,-
10th style,CARRY ON NIGHT (English version),0,,-,367,HACHI!,徳島県,1315,DG192,徳島県,2018,O-TA13,徳島県,0,,-
10th style,Daisuke,429,RYO,徳島県,1128,BLD,徳島県,1605,TAKE,徳島県,2379,MA-KUN,徳島県,0,,-
10th style,Debtty Daddy,0,,-,0,,-,1629,ORE,徳島県,2691,L#RUKA,徳島県,0,,-
10th style,desolation,0,,-,0,,-,253,MINT,徳島県,739,O-TA13,徳島県,0,,-
10th style,DoLL,208,MINT,徳島県,713,MISTY*,徳島県,1090,RAICHO,徳島県,1603,L#RUKA,徳島県,0,,-
10th style,EXE,0,,-,0,,-,1587,DG192,徳島県,2235,L#RUKA,徳島県,0,,-
10th style,Feedback,0,,-,416,HACHI!,徳島県,1496,DG192,徳島県,1928,KOUIKA,徳島県,0,,-
10th style,FEEL IT,0,,-,634,TAKE.,徳島県,1593,TAKE,徳島県,1966,3238SU,徳島県,0,,-
10th style,Freezing atmosphere,0,,-,0,,-,913,HRDMKO,徳島県,1484,MA-KUN,徳島県,0,,-
10th style,GHOST REVIVAL,0,,-,0,,-,1762,ORE,徳島県,2402,MA-KUN,徳島県,0,,-
10th style,GRADIUS -FULL SPEED-,0,,-,327,RAYSYL,徳島県,926,DG192,徳島県,2022,3238SU,徳島県,0,,-
10th style,HIGH,0,,-,608,STE,徳島県,1817,LKAR,徳島県,2032,VOXEL,徳島県,2824,3238SU,徳島県
10th style,Innocent Walls,0,,-,1520,TAKE,徳島県,2419,L#RUKA,徳島県,2767,L#RUKA,徳島県,0,,-
10th style,Love Is Eternity,0,,-,0,,-,1966,MA-KUN,徳島県,2280,6,徳島県,0,,-
10th style,Lucy,0,,-,570,AMOEB,徳島県,1614,ORE,徳島県,2277,3238SU,徳島県,0,,-
10th style,Narcissus At Oasis,0,,-,724,ROUTE9,徳島県,1483,TAKE,徳島県,1639,3238SU,徳島県,0,,-
10th style,No.13,0,,-,1512,TAKE,徳島県,2610,6,徳島県,3081,KOUIKA,徳島県,0,,-
10th style,One More Lovely,0,,-,0,,-,1576,DG192,徳島県,2745,L#RUKA,徳島県,0,,-
10th style,pandora,0,,-,0,,-,1034,GLA,徳島県,1794,O-TA13,徳島県,0,,-
10th style,rainbow rainbow,0,,-,1415,ORE,徳島県,1548,IIDX33,徳島県,2655,3238SU,徳島県,0,,-
10th style,Rise'n Beauty,0,,-,0,,-,1374,ORE,徳島県,2103,MA-KUN,徳島県,3803,KOUIKA,徳島県
10th style,SCORE,0,,-,717,TAKE.,徳島県,1514,DG192,徳島県,2043,3238SU,徳島県,0,,-
10th style,SHOOTING STAR,0,,-,0,,-,1651,DG192,徳島県,2178,6,徳島県,0,,-
10th style,SPACE FIGHT,0,,-,459,TAKE.,徳島県,1072,TAKE.,徳島県,2134,6,徳島県,0,,-
10th style,システムロマンス,0,,-,0,,-,0,,-,2023,KOUIKA,徳島県,0,,-
10th style,雪月花,0,,-,1073,SOL!D,徳島県,1773,LKAR,徳島県,2498,L#RUKA,徳島県,0,,-
IIDX RED,AA,0,,-,1035,9-ROW,徳島県,2519,12EX65,徳島県,3616,L#RUKA,徳島県,0,,-
IIDX RED,AGEHA,480,DRVUS*,徳島県,0,,-,1622,TAKE,徳島県,1696,AREST,徳島県,2390,3238SU,徳島県
IIDX RED,ANDROMEDA,0,,-,436,AMOEB,徳島県,1781,TAKE,徳島県,2824,3238SU,徳島県,0,,-
IIDX RED,awakening,0,,-,0,,-,1408,DG192,徳島県,1683,3238SU,徳島県,0,,-
IIDX RED,Be quiet,0,,-,0,,-,1452,Q,徳島県,2136,MA-KUN,徳島県,2675,L#RUKA,徳島県
IIDX RED,BLOCKS,0,,-,0,,-,0,,-,1901,HAZUKI,徳島県,0,,-
IIDX RED,BREATH,0,,-,0,,-,1315,MA-KUN,徳島県,1719,MA-KUN,徳島県,0,,-
IIDX RED,Click Again,0,,-,0,,-,0,,-,2049,MA-KUN,徳島県,0,,-
IIDX RED,Close my Eyes for Me,0,,-,0,,-,1352,DG192,徳島県,1788,MA-KUN,徳島県,0,,-
IIDX RED,D.A.N.C.E.!,0,,-,299,....!!,徳島県,541,SAYA,徳島県,1581,MA-KUN,徳島県,0,,-
IIDX RED,Don't be afraid myself,0,,-,513,TOMATO,徳島県,1617,ORE,徳島県,2242,MA-KUN,徳島県,0,,-
IIDX RED,earth scape,0,,-,215,KAZUMA,徳島県,319,KAZUMA,徳島県,1271,L#RUKA,徳島県,0,,-
IIDX RED,FAKE TIME,0,,-,0,,-,1703,MA-KUN,徳島県,2295,L#RUKA,徳島県,0,,-
IIDX RED,Fly Away To India,0,,-,0,,-,0,,-,1376,KOUIKA,徳島県,0,,-
IIDX RED,GENOCIDE,0,,-,806,GJAKIT,徳島県,1739,TAKE,徳島県,2290,6,徳島県,0,,-
IIDX RED,gigadelic,385,....!!,徳島県,1214,K,徳島県,2154,L#RUKA,徳島県,2501,L#RUKA,徳島県,0,,-
IIDX RED,HORIZON,0,,-,814,TAKE.,徳島県,1439,ORE,徳島県,1918,6,徳島県,0,,-
IIDX RED,KEY,0,,-,754,TAKE.,徳島県,1799,DG192,徳島県,2805,MA-KUN,徳島県,0,,-
IIDX RED,NEBULA GRASPER,0,,-,0,,-,1816,ORE,徳島県,2407,MA-KUN,徳島県,0,,-
IIDX RED,Raspberry Heart(English version),0,,-,0,,-,1172,TAKE.,徳島県,1846,L#RUKA,徳島県,0,,-
IIDX RED,RED ZONE,142,MINT,徳島県,945,LUN,徳島県,1677,ORE,徳島県,2313,KOUIKA,徳島県,3063,L#RUKA,徳島県
IIDX RED,RESONATE 1794,0,,-,0,,-,1246,TAKE,徳島県,1787,6,徳島県,0,,-
IIDX RED,Secret of Love,0,,-,0,,-,1382,TAKE,徳島県,1971,6,徳島県,0,,-
IIDX RED,SPEEDY CAT,0,,-,933,GJAKIT,徳島県,1163,KA3D3,徳島県,1986,O-TA13,徳島県,0,,-
IIDX RED,Sphere,0,,-,764,TAKE.,徳島県,1630,ORE,徳島県,2119,MA-KUN,徳島県,0,,-
IIDX RED,spiral galaxy,0,,-,0,,-,1836,ORE,徳島県,2381,HAZUKI,徳島県,3735,L#RUKA,徳島県
IIDX RED,The Hope of Tomorrow,0,,-,0,,-,1607,DG192,徳島県,1927,KOUIKA,徳島県,0,,-
IIDX RED,Wonder Bullfighter,0,,-,0,,-,0,,-,1974,KOUIKA,徳島県,0,,-
IIDX RED,ピアノ協奏曲第１番”蠍火”,0,,-,598,KASS,徳島県,1995,MA-KUN,徳島県,2624,L#RUKA,徳島県,0,,-
IIDX RED,大桟橋,0,,-,195,AKI,徳島県,846,RAICHO,徳島県,1835,3238SU,徳島県,0,,-
IIDX RED,太陽～T・A・I・Y・O～,0,,-,442,TOMATO,徳島県,1375,DG192,徳島県,1735,L#RUKA,徳島県,0,,-
IIDX RED,ＵＬＴｉＭΛＴＥ,0,,-,824,MISTY*,徳島県,1446,DG192,徳島県,1988,L#RUKA,徳島県,0,,-
HAPPY SKY,100％ minimoo-G,0,,-,715,TAKE.,徳島県,1308,K,徳島県,1622,MA-KUN,徳島県,0,,-
HAPPY SKY,Agnus Dei,0,,-,549,TAKE.,徳島県,1520,ORE,徳島県,1940,KAREN!,徳島県,0,,-
HAPPY SKY,alla turca con passione,0,,-,499,HACHI!,徳島県,1431,ORE,徳島県,2173,L#RUKA,徳島県,0,,-
HAPPY SKY,Aurora,0,,-,1216,K,徳島県,1910,TAKE,徳島県,2533,L#RUKA,徳島県,0,,-
HAPPY SKY,CaptivAte～浄化～,0,,-,941,K,徳島県,1605,ORE,徳島県,2431,KOUIKA,徳島県,3384,L#RUKA,徳島県
HAPPY SKY,Catch Me,0,,-,554,TAKE.,徳島県,1297,MA-KUN,徳島県,1744,KOUIKA,徳島県,2056,L#RUKA,徳島県
HAPPY SKY,Don't let it go,0,,-,423,ONGEKI,徳島県,1223,DG192,徳島県,1666,3238SU,徳島県,0,,-
HAPPY SKY,double thrash,0,,-,920,RAICHO,徳島県,1767,ORE,徳島県,2253,MA-KUN,徳島県,0,,-
HAPPY SKY,EDEN,0,,-,1098,MISTY*,徳島県,1827,TAKE,徳島県,2633,VEIL,徳島県,3229,L#RUKA,徳島県
HAPPY SKY,EMPTY OF THE SKY,0,,-,387,KAZUMA,徳島県,861,MISTY*,徳島県,1656,O-TA13,徳島県,0,,-
HAPPY SKY,First Resolution,0,,-,0,,-,879,ARK,徳島県,2137,L#RUKA,徳島県,0,,-
HAPPY SKY,garden,0,,-,0,,-,1308,HRDMKO,徳島県,2111,MA-KUN,徳島県,3053,L#RUKA,徳島県
HAPPY SKY,Get'em up to R.A.V.E,0,,-,810,TAKE.,徳島県,1681,DG192,徳島県,2201,O-TA13,徳島県,0,,-
HAPPY SKY,GREEN EYES,0,,-,0,,-,1479,DG192,徳島県,2106,MA-KUN,徳島県,0,,-
HAPPY SKY,HAPPY☆ANGEL,445,IVY!!,徳島県,722,KIIRO,徳島県,1497,DG192,徳島県,2088,L#RUKA,徳島県,0,,-
HAPPY SKY,I am,0,,-,514,TOMATO,徳島県,1463,RAICHO,徳島県,2114,KOUIKA,徳島県,0,,-
HAPPY SKY,in motion,0,,-,0,,-,1045,DG192,徳島県,1265,6,徳島県,0,,-
HAPPY SKY,INAZUMA,0,,-,899,GJAKIT,徳島県,1738,3238SU,徳島県,2625,6,徳島県,4000,L#RUKA,徳島県
HAPPY SKY,LESSON 5,0,,-,0,,-,1791,DG192,徳島県,2429,O-TA13,徳島県,0,,-
HAPPY SKY,Little Little Princess,0,,-,992,RAICHO,徳島県,2077,NANANA,徳島県,2655,6,徳島県,3801,L#RUKA,徳島県
HAPPY SKY,Love Magic,0,,-,0,,-,1677,DG192,徳島県,1874,6,徳島県,0,,-
HAPPY SKY,mind the gap,0,,-,0,,-,438,RAICHO,徳島県,1610,L#RUKA,徳島県,0,,-
HAPPY SKY,MOON RACE,0,,-,0,,-,949,RAICHO,徳島県,1775,HAZUKI,徳島県,0,,-
HAPPY SKY,Pink Rose,0,,-,457,AZSAMI,徳島県,802,BLD,徳島県,1414,L#RUKA,徳島県,1988,3238SU,徳島県
HAPPY SKY,PLASMA,0,,-,668,TAKE.,徳島県,1352,M,徳島県,2147,N,徳島県,0,,-
HAPPY SKY,Pollinosis,0,,-,0,,-,0,,-,2357,MA-KUN,徳島県,0,,-
HAPPY SKY,POODLE,0,,-,536,ASA,徳島県,1850,DG192,徳島県,2282,3238SU,徳島県,3316,3238SU,徳島県
HAPPY SKY,rage against usual,0,,-,959,KA3D3,徳島県,1521,P-X-N,徳島県,2947,L#RUKA,徳島県,0,,-
HAPPY SKY,SCREAM SQUAD,0,,-,881,KA3D3,徳島県,1423,TAKE,徳島県,2042,L#RUKA,徳島県,0,,-
HAPPY SKY,Scripted Connection⇒ A mix,0,,-,1402,RAICHO,徳島県,1730,KILIN,徳島県,2995,3238SU,徳島県,3391,L#RUKA,徳島県
HAPPY SKY,Scripted Connection⇒ H mix,0,,-,1248,KA3D3,徳島県,1432,AAA,徳島県,2372,HAZUKI,徳島県,2854,L#RUKA,徳島県
HAPPY SKY,Scripted Connection⇒ N mix,0,,-,1012,GJAKIT,徳島県,1570,DG192,徳島県,2013,MA-KUN,徳島県,2277,6,徳島県
HAPPY SKY,SigSig,500,DADADA,徳島県,773,TAKE.,徳島県,1632,DG192,徳島県,2590,L#RUKA,徳島県,0,,-
HAPPY SKY,Tizona d'El Cid,0,,-,0,,-,1597,KILIN,徳島県,2283,KOUIKA,徳島県,0,,-
HAPPY SKY,Twelfth Style,0,,-,0,,-,1264,SOL!D,徳島県,2011,MA-KUN,徳島県,3199,L#RUKA,徳島県
HAPPY SKY,Under the Sky,0,,-,722,TAKE.,徳島県,1109,JAE,徳島県,1712,3238SU,徳島県,0,,-
HAPPY SKY,vault of heaven,0,,-,575,TAKE.,徳島県,1267,ORE,徳島県,1893,N,徳島県,0,,-
HAPPY SKY,Votum stellarum,0,,-,331,....!!,徳島県,1477,ORE,徳島県,1945,MA-KUN,徳島県,0,,-
HAPPY SKY,We are Disっ娘よっつ打ち命,0,,-,348,ONGEKI,徳島県,914,ORE,徳島県,1664,L#RUKA,徳島県,0,,-
HAPPY SKY,Xepher,251,KIRIN,徳島県,913,LUN,徳島県,2213,KOUIKA,徳島県,2912,3238SU,徳島県,0,,-
HAPPY SKY,オレはビートマニア！お前は何マニア？,0,,-,579,SMNFFF,徳島県,1426,DG192,徳島県,1624,O-TA13,徳島県,0,,-
HAPPY SKY,ヒマワリ,0,,-,0,,-,1823,FA20,徳島県,2052,3238SU,徳島県,0,,-
HAPPY SKY,ラクエン,0,,-,331,TOMATO,徳島県,820,-LNK-,徳島県,1939,MA-KUN,徳島県,0,,-
HAPPY SKY,冥,400,AZSAMI,徳島県,930,RAICHO,徳島県,1995,MA-KUN,徳島県,3606,L#RUKA,徳島県,0,,-
HAPPY SKY,合体せよ！ストロングイェーガー！！ (Ryu☆ remix),0,,-,551,DAICHI,徳島県,1516,DG192,徳島県,1882,KOUIKA,徳島県,0,,-
HAPPY SKY,月光,0,,-,568,DAICHI,徳島県,1683,DG192,徳島県,2457,L#RUKA,徳島県,0,,-
DistorteD,ALFARSHEAR 双神威に廻る夢,267,MINT,徳島県,909,MISTY*,徳島県,1623,DG192,徳島県,2016,HAZUKI,徳島県,0,,-
DistorteD,Apocalypse ～dirge of swans～,200,KAZUMA,徳島県,404,ONGEKI,徳島県,1557,ORE,徳島県,2301,MA-KUN,徳島県,0,,-
DistorteD,BALLAD THE FEATHERS,0,,-,0,,-,0,,-,1459,TAKE,徳島県,0,,-
DistorteD,Bloody Tears(IIDX EDITION),0,,-,909,GJAKIT,徳島県,1786,ORE,徳島県,2154,3238SU,徳島県,0,,-
DistorteD,BOOM BOOM DISCO NIGHT,0,,-,0,,-,1771,DG192,徳島県,2257,3238SU,徳島県,0,,-
DistorteD,Broadbanded,0,,-,0,,-,1209,ORE,徳島県,1906,6,徳島県,0,,-
DistorteD,Concertino in Blue,0,,-,678,KA3D3,徳島県,1574,LKAR,徳島県,2451,L#RUKA,徳島県,0,,-
DistorteD,CONTRACT,0,,-,1148,ORE,徳島県,1550,LKAR,徳島県,1935,MA-KUN,徳島県,2696,L#RUKA,徳島県
DistorteD,D.C.fish,0,,-,0,,-,1738,ORE,徳島県,2327,L#RUKA,徳島県,0,,-
DistorteD,DEEP ROAR,0,,-,708,SHIMA,徳島県,1378,DG192,徳島県,2750,L#RUKA,徳島県,0,,-
DistorteD,Double Loving Heart,0,,-,330,MINT,徳島県,997,15102,徳島県,1811,L#RUKA,徳島県,0,,-
DistorteD,DUE TOMORROW,0,,-,0,,-,1299,LKAR,徳島県,1930,L#RUKA,徳島県,0,,-
DistorteD,EURO-ROMANCE,0,,-,596,ONGEKI,徳島県,1673,ORE,徳島県,2083,3238SU,徳島県,0,,-
DistorteD,Ganymede,0,,-,874,KA3D3,徳島県,1338,HRDMKO,徳島県,2240,L#RUKA,徳島県,2498,L#RUKA,徳島県
DistorteD,Harmony and Lovely,0,,-,364,ONGEKI,徳島県,1498,RAICHO,徳島県,2182,KOUIKA,徳島県,0,,-
DistorteD,Heavenly Sun (IIDX VERSION),0,,-,479,ONGEKI,徳島県,1601,MA-KUN,徳島県,2082,L#RUKA,徳島県,0,,-
DistorteD,INFERNO,0,,-,0,,-,1514,DG192,徳島県,1975,L#RUKA,徳島県,0,,-
DistorteD,Leaving...,0,,-,0,,-,1332,TAKE,徳島県,2116,6,徳島県,0,,-
DistorteD,MINT,0,,-,0,,-,1672,TAKE,徳島県,2288,L#RUKA,徳島県,0,,-
DistorteD,MOON,0,,-,601,4MENSC,徳島県,1974,TAKE,徳島県,2178,3238SU,徳島県,0,,-
DistorteD,Power of Love,0,,-,0,,-,0,,-,2056,6,徳島県,0,,-
DistorteD,So Fabulous !!,0,,-,803,SHIMA,徳島県,1452,TAKE,徳島県,2300,3238SU,徳島県,0,,-
DistorteD,Sun Field,0,,-,0,,-,1069,M,徳島県,2334,6,徳島県,0,,-
DistorteD,The Dirty of Loudness,0,,-,1307,K,徳島県,2060,LKAR,徳島県,2572,3238SU,徳島県,0,,-
DistorteD,This is Love,0,,-,715,TAKE.,徳島県,1612,ORE,徳島県,2373,MA-KUN,徳島県,0,,-
DistorteD,tripping contact(teranoid&MC Natsack Remix),0,,-,0,,-,1757,TAKE,徳島県,2361,MA-KUN,徳島県,0,,-
DistorteD,TYPE MARS(G-Style Mix),0,,-,600,ONGEKI,徳島県,1656,TAKE,徳島県,2364,3238SU,徳島県,0,,-
DistorteD,waxing and wanding,0,,-,1142,POOH$,徳島県,1820,TAKE,徳島県,2820,6,徳島県,3898,L#RUKA,徳島県
DistorteD,Why did you go away,457,ONGEKI,徳島県,850,TAKE.,徳島県,1407,IIDX30,徳島県,2265,3238SU,徳島県,0,,-
DistorteD,WISH(EUROBEAT MIX),0,,-,0,,-,1517,TAKE,徳島県,1972,L#RUKA,徳島県,0,,-
DistorteD,with you…,0,,-,339,....!!,徳島県,1042,RAICHO,徳島県,1766,L#RUKA,徳島県,0,,-
DistorteD,Zenius -I- vanisher,0,,-,789,LUN,徳島県,920,IIDX32,徳島県,2358,MA-KUN,徳島県,0,,-
DistorteD,カゴノトリ～弐式～,0,,-,911,KA3D3,徳島県,1627,ORE,徳島県,2600,L#RUKA,徳島県,0,,-
DistorteD,タシカナモノ,0,,-,790,TAKE.,徳島県,1009,TAKE.,徳島県,1916,L#SYRO,徳島県,0,,-
DistorteD,嘆きの樹,0,,-,1722,TAKE,徳島県,2437,6,徳島県,3786,L#RUKA,徳島県,0,,-
DistorteD,罠,0,,-,415,ONGEKI,徳島県,1472,DG192,徳島県,2439,MA-KUN,徳島県,0,,-
DistorteD,華蝶風雪,0,,-,986,KA3D3,徳島県,1921,TAKE,徳島県,2813,VEIL,徳島県,3977,L#RUKA,徳島県
DistorteD,虹色,0,,-,677,TAKE.,徳島県,1178,MISTY*,徳島県,1789,ITALY3,徳島県,0,,-
GOLD,2hot2eat,0,,-,0,,-,1190,KOUIKA,徳島県,1580,MA-KUN,徳島県,0,,-
GOLD,Air Bell,0,,-,738,ASA,徳島県,0,,-,1724,L#RUKA,徳島県,0,,-
GOLD,ANDROMEDA II,0,,-,687,TAKE.,徳島県,1720,ORE,徳島県,2407,MA-KUN,徳島県,0,,-
GOLD,Blind Justice ～Torn souls， Hurt Faiths ～,0,,-,1059,ASA,徳島県,1877,DG192,徳島県,2404,6,徳島県,0,,-
GOLD,Candy Galy,0,,-,1401,LEUCIS,徳島県,2332,DG192,徳島県,3531,L#RUKA,徳島県,0,,-
GOLD,CaptivAte～裁き～,209,MINT,徳島県,597,TAKE.,徳島県,1273,MA-KUN,徳島県,1767,L#RUKA,徳島県,0,,-
GOLD,CaptivAte～誓い～,0,,-,926,ARK,徳島県,1772,ORE,徳島県,2217,MA-KUN,徳島県,0,,-
GOLD,CROSSROAD ～Left Story～,0,,-,950,MISTY*,徳島県,1737,DG192,徳島県,2192,MA-KUN,徳島県,0,,-
GOLD,Cyber Force,0,,-,1029,GJAKIT,徳島県,1560,M,徳島県,2296,O-TA13,徳島県,0,,-
GOLD,Fascination MAXX,0,,-,873,CROSS,徳島県,1630,MA-KUN,徳島県,2360,L#RUKA,徳島県,0,,-
GOLD,FIRE FIRE,444,ASA,徳島県,1185,TAKE,徳島県,1703,LKAR,徳島県,2725,L#RUKA,徳島県,0,,-
GOLD,four-leaf,0,,-,632,GRU,徳島県,1201,DG192,徳島県,1703,3238SU,徳島県,0,,-
GOLD,GOLD RUSH,235,KAZUMA,徳島県,1037,RAICHO,徳島県,1311,ORE,徳島県,2309,3238SU,徳島県,0,,-
GOLD,GRID KNIGHT,0,,-,0,,-,1918,DG192,徳島県,2591,3238SU,徳島県,3434,L#RUKA,徳島県
GOLD,heaven above,0,,-,527,ASA,徳島県,1133,K,徳島県,1767,O-TA13,徳島県,0,,-
GOLD,High School Love,303,KAZUMA,徳島県,597,TAKE.,徳島県,1468,DG192,徳島県,2157,O-TA13,徳島県,0,,-
GOLD,INORI,0,,-,773,SMNFFF,徳島県,2126,SOL!D,徳島県,3023,MA-KUN,徳島県,0,,-
GOLD,KAMAITACHI,0,,-,1024,KA3D3,徳島県,2006,CROSS,徳島県,2656,3238SU,徳島県,3708,L#RUKA,徳島県
GOLD,LASER CRUSTER,0,,-,1320,ORE,徳島県,2383,MA-KUN,徳島県,3184,L#RUKA,徳島県,0,,-
GOLD,Love Again...,0,,-,322,....!!,徳島県,0,,-,998,AKI,徳島県,0,,-
GOLD,Make Me Your Own,0,,-,776,K,徳島県,1442,ORE,徳島県,2063,KOUIKA,徳島県,0,,-
GOLD,METALLIC MIND,0,,-,0,,-,1382,DG192,徳島県,1592,MA-KUN,徳島県,0,,-
GOLD,never…,0,,-,713,GJAKIT,徳島県,1157,BLD,徳島県,1737,RIN5.,徳島県,0,,-
GOLD,op.31 叙情,0,,-,289,SMNFFF,徳島県,677,HISHI,徳島県,1488,3238SU,徳島県,0,,-
GOLD,PHOTONGENIC,0,,-,0,,-,1560,K,徳島県,2310,L#RUKA,徳島県,0,,-
GOLD,Roulette,0,,-,629,ASA,徳島県,1399,DG192,徳島県,2085,MA-KUN,徳島県,0,,-
GOLD,Second Heaven,67,HARUKI,徳島県,800,GRU,徳島県,1493,LKAR,徳島県,2088,3238SU,徳島県,0,,-
GOLD,Sense 2007,0,,-,1325,ORE,徳島県,2231,KOUIKA,徳島県,2876,L#RUKA,徳島県,0,,-
GOLD,smile,0,,-,1009,TAKE.,徳島県,1897,BB-SVN,徳島県,2812,KOUIKA,徳島県,0,,-
GOLD,snow storm,146,MINT,徳島県,502,DAICHI,徳島県,2086,TAKE,徳島県,2712,MA-KUN,徳島県,3353,L#RUKA,徳島県
GOLD,the shadow,0,,-,1000,GJAKIT,徳島県,1609,SDC*,徳島県,2892,L#RUKA,徳島県,0,,-
GOLD,The Smile of You,0,,-,924,HAZUKI,徳島県,1187,HRDMKO,徳島県,1618,O-TA13,徳島県,0,,-
GOLD,TRANOID,0,,-,0,,-,1585,DG192,徳島県,2070,HAZUKI,徳島県,2936,L#RUKA,徳島県
GOLD,VANESSA,0,,-,1027,TAKE,徳島県,1590,DG192,徳島県,2384,L#RUKA,徳島県,3279,L#RUKA,徳島県
GOLD,Watch out!!,0,,-,492,HIOH,徳島県,874,CHA2K3,徳島県,1571,MA-KUN,徳島県,0,,-
GOLD,With your Smile,0,,-,472,TAKE.,徳島県,1085,RAICHO,徳島県,1568,L#RUKA,徳島県,0,,-
GOLD,クルクル☆ラブ～Opioid Peptide MIX～,0,,-,706,TAKE.,徳島県,1135,TAKE.,徳島県,2147,HAZUKI,徳島県,0,,-
GOLD,ヨシダさん,0,,-,673,ASA,徳島県,1143,SAYA,徳島県,1967,L#RUKA,徳島県,0,,-
GOLD,リグレット,0,,-,0,,-,1675,TAKE,徳島県,2414,MA-KUN,徳島県,0,,-
GOLD,星をこの手に,0,,-,1078,RAICHO,徳島県,1828,MA-KUN,徳島県,2161,MA-KUN,徳島県,0,,-
GOLD,花吹雪 ～ IIDX LIMITED ～,0,,-,496,TAKE.,徳島県,1085,DG192,徳島県,1416,MA-KUN,徳島県,0,,-
GOLD,零 - ZERO -,194,9-ROW,徳島県,1120,BLD,徳島県,1563,M,徳島県,2204,N,徳島県,2699,MA-KUN,徳島県
GOLD,電人、暁に斃れる。,0,,-,1331,RAICHO,徳島県,1777,BB-SVN,徳島県,3358,L#RUKA,徳島県,0,,-
DJ TROOPERS,2 tribe 4 K,0,,-,0,,-,1289,DG192,徳島県,2741,L#RUKA,徳島県,0,,-
DJ TROOPERS,"Anisakis -somatic mutation type""Forza""-",0,,-,783,HDK*,徳島県,1966,TAKE,徳島県,2806,3238SU,徳島県,3785,L#RUKA,徳島県
DJ TROOPERS,avant-guerre,0,,-,327,MINT,徳島県,1097,RAICHO,徳島県,1915,L#RUKA,徳島県,0,,-
DJ TROOPERS,Be OK,0,,-,543,ONGEKI,徳島県,1245,TAKE.,徳島県,2376,3238SU,徳島県,3253,KOUIKA,徳島県
DJ TROOPERS,beatonic nation,0,,-,0,,-,1681,Q,徳島県,2029,12EX65,徳島県,0,,-
DJ TROOPERS,Blue Rain,202,KAZUMA,徳島県,960,K,徳島県,1485,TAKE,徳島県,2244,L#RUKA,徳島県,3293,L#RUKA,徳島県
DJ TROOPERS,Darling my LUV,0,,-,314,HARU,徳島県,1006,MA-KUN,徳島県,1378,L#RUKA,徳島県,0,,-
DJ TROOPERS,Dazzlin' Darlin,254,....!!,徳島県,830,POOH$,徳島県,1207,RAICHO,徳島県,2210,O-TA13,徳島県,0,,-
DJ TROOPERS,Digitank System,0,,-,833,RAICHO,徳島県,1452,DG192,徳島県,2098,KOUIKA,徳島県,0,,-
DJ TROOPERS,Do it!! Do it!!,0,,-,949,ORE,徳島県,1048,GRU,徳島県,1851,3238SU,徳島県,2327,KOUIKA,徳島県
DJ TROOPERS,end of world,0,,-,0,,-,1527,ORE,徳島県,2327,HAZUKI,徳島県,0,,-
DJ TROOPERS,evergreen,0,,-,987,LKAR,徳島県,1319,LKAR,徳島県,1919,L#RUKA,徳島県,0,,-
DJ TROOPERS,four pieces of heaven,0,,-,730,KA3D3,徳島県,1467,FUCHY,徳島県,2290,L#RUKA,徳島県,2858,L#RUKA,徳島県
DJ TROOPERS,Freeway Shuffle,198,EBIFLY,徳島県,0,,-,0,,-,1828,O-TA13,徳島県,0,,-
DJ TROOPERS,ICARUS,0,,-,1140,RAICHO,徳島県,1762,FFYML,徳島県,2384,L#RUKA,徳島県,3520,L#RUKA,徳島県
DJ TROOPERS,in the Sky,0,,-,578,IIDX32,徳島県,1964,ORE,徳島県,2532,3238SU,徳島県,0,,-
DJ TROOPERS,Kick Out 仮面,0,,-,0,,-,1350,HRDMKO,徳島県,1978,TAIL-U,徳島県,0,,-
DJ TROOPERS,LOVELY STORM,0,,-,0,,-,1994,ORE,徳島県,2802,3238SU,徳島県,0,,-
DJ TROOPERS,madrugada,0,,-,0,,-,1056,BB-SVN,徳島県,1787,KOUIKA,徳島県,0,,-
DJ TROOPERS,MAX LOVE,0,,-,984,TAKE.,徳島県,1914,Q,徳島県,2642,3238SU,徳島県,0,,-
DJ TROOPERS,MENDES,0,,-,721,TAKE.,徳島県,2562,6,徳島県,3530,L#RUKA,徳島県,0,,-
DJ TROOPERS,MENTAL MELTDOWN,0,,-,1084,RAICHO,徳島県,1734,TAKA*,徳島県,2660,3238SU,徳島県,0,,-
DJ TROOPERS,NEW GENERATION -もう、お前しか見えない-,0,,-,0,,-,1643,Q,徳島県,2518,MA-KUN,徳島県,3628,L#RUKA,徳島県
DJ TROOPERS,oratio,0,,-,834,MMG,徳島県,1927,12EX65,徳島県,2907,L#RUKA,徳島県,0,,-
DJ TROOPERS,PARANOiA ～HADES～,0,,-,1056,MA-KUN,徳島県,1810,MA-KUN,徳島県,2676,L#RUKA,徳島県,0,,-
DJ TROOPERS,PROMISE FOR LIFE,0,,-,145,SAKI,徳島県,1394,ORE,徳島県,1750,L#RUKA,徳島県,0,,-
DJ TROOPERS,REMINISCENCE,0,,-,704,TAKE.,徳島県,1760,TAKE,徳島県,2342,L#RUKA,徳島県,0,,-
DJ TROOPERS,Rising in the Sun(original mix),0,,-,767,SHIMA,徳島県,1504,ORE,徳島県,2260,MA-KUN,徳島県,0,,-
DJ TROOPERS,Ristaccia,0,,-,0,,-,1716,ORE,徳島県,2720,L#RUKA,徳島県,0,,-
DJ TROOPERS,"satellite020712 from ""CODED ARMS""",0,,-,0,,-,1683,ORE,徳島県,2462,MA-KUN,徳島県,0,,-
DJ TROOPERS,satfinal,0,,-,0,,-,1056,SOU-X,徳島県,1828,TAKE,徳島県,0,,-
DJ TROOPERS,scar in the earth,0,,-,0,,-,768,SOU-X,徳島県,1442,AKI,徳島県,0,,-
DJ TROOPERS,SOUND OF GIALLARHORN,0,,-,0,,-,2468,TAKE,徳島県,3188,MA-KUN,徳島県,0,,-
DJ TROOPERS,State Of The Art,0,,-,802,TAKE.,徳島県,1487,DG192,徳島県,3066,3238SU,徳島県,0,,-
DJ TROOPERS,STEEL NEEDLE,0,,-,990,RAICHO,徳島県,1821,.69,徳島県,2402,KOUIKA,徳島県,3242,L#RUKA,徳島県
DJ TROOPERS,switch,0,,-,421,TOMATO,徳島県,1540,MA-KUN,徳島県,2088,L#RUKA,徳島県,0,,-
DJ TROOPERS,THE DEEP STRIKER,0,,-,801,HIOH,徳島県,1849,BB-SVN,徳島県,2831,6,徳島県,3456,L#RUKA,徳島県
DJ TROOPERS,the trigger of innocence,0,,-,0,,-,1096,RAICHO,徳島県,1843,MA-KUN,徳島県,3071,3238SU,徳島県
DJ TROOPERS,Time to Air,0,,-,1081,KA3D3,徳島県,2002,FUCHY,徳島県,2767,HAZUKI,徳島県,3535,L#RUKA,徳島県
DJ TROOPERS,TRIP MACHINE PhoeniX,0,,-,0,,-,1514,DG192,徳島県,1777,KOUIKA,徳島県,0,,-
DJ TROOPERS,TROOPERS,0,,-,1137,BLD,徳島県,2344,MA-KUN,徳島県,2937,L#RUKA,徳島県,0,,-
DJ TROOPERS,Ubertreffen,0,,-,924,KA3D3,徳島県,1560,.69,徳島県,2461,KOUIKA,徳島県,3244,L#RUKA,徳島県
DJ TROOPERS,Wanna Party?,0,,-,406,AMOEB,徳島県,777,YASUO,徳島県,1516,KOUIKA,徳島県,2553,L#RUKA,徳島県
DJ TROOPERS,エコ爺,197,EBIFLY,徳島県,0,,-,1075,9-ROW,徳島県,1807,KOUIKA,徳島県,0,,-
DJ TROOPERS,マチ子の唄,0,,-,599,TOMATO,徳島県,1172,MARO2,徳島県,1787,L#RUKA,徳島県,0,,-
DJ TROOPERS,ミラージュ・レジデンス,0,,-,0,,-,1728,M,徳島県,2390,12EX65,徳島県,3252,L#RUKA,徳島県
DJ TROOPERS,少年A,0,,-,1041,RAICHO,徳島県,1822,TAKE,徳島県,2777,L#RUKA,徳島県,0,,-
DJ TROOPERS,華爛漫 -Flowers-,229,IIDX33,徳島県,959,BLD,徳島県,1481,ORE,徳島県,2035,3238SU,徳島県,3153,L#RUKA,徳島県
DJ TROOPERS,走馬灯 -The Last Song-,0,,-,0,,-,674,IIDX32,徳島県,1294,3T,徳島県,0,,-
DJ TROOPERS,高高度降下低高度開傘,0,,-,452,DAICHI,徳島県,1490,DG192,徳島県,1896,O-TA13,徳島県,0,,-
EMPRESS,3y3s,362,DADADA,徳島県,1383,ORE,徳島県,2485,MA-KUN,徳島県,3432,L#RUKA,徳島県,0,,-
EMPRESS,ALL I NEED YOUR LOVE,0,,-,714,*,徳島県,0,,-,2090,KOUIKA,徳島県,0,,-
EMPRESS,ALL MY TURN -このターンに、オレの全てを賭ける-,0,,-,557,TOMATO,徳島県,1804,LKAR,徳島県,2446,KOUIKA,徳島県,0,,-
EMPRESS,Arabian Rave Night,0,,-,1096,RAICHO,徳島県,1938,Q,徳島県,2921,L#RUKA,徳島県,3590,L#RUKA,徳島県
EMPRESS,B4U(BEMANI FOR YOU MIX),0,,-,894,SOU-X,徳島県,2180,TAKE,徳島県,3550,L#RUKA,徳島県,4486,L#RUKA,徳島県
EMPRESS,Bahram Attack-猫叉Master Remix-,0,,-,537,AMOEB,徳島県,1799,ORE,徳島県,2568,MA-KUN,徳島県,3172,L#RUKA,徳島県
EMPRESS,BITTER CHOCOLATE STRIKER,0,,-,983,RAICHO,徳島県,1812,M,徳島県,3840,L#RUKA,徳島県,0,,-
EMPRESS,BRIDAL FESTIVAL !!!,0,,-,164,SAKI,徳島県,1058,TAKE.,徳島県,2027,12EX65,徳島県,0,,-
EMPRESS,CaptivAte2～覚醒～,187,KAZUMA,徳島県,0,,-,1519,ORE,徳島県,2266,6,徳島県,0,,-
EMPRESS,Colorful Cookie,489,....!!,徳島県,743,MKMR.,徳島県,2169,L#SYRO,徳島県,3451,L#RUKA,徳島県,0,,-
EMPRESS,Cyber Force -DJ Yoshitaka Remix-,0,,-,979,RAICHO,徳島県,1627,ORE,徳島県,2319,NYAMA,徳島県,0,,-
EMPRESS,Flash Back 90's,0,,-,510,HACHI!,徳島県,1549,Q,徳島県,2196,RIN5.,徳島県,2843,MA-KUN,徳島県
EMPRESS,Fly Above,0,,-,657,TAKE.,徳島県,1415,GLA,徳島県,2025,MA-KUN,徳島県,0,,-
EMPRESS,Go Beyond!!,308,....!!,徳島県,844,KA3D3,徳島県,1651,DG192,徳島県,2127,L#RUKA,徳島県,0,,-
EMPRESS,HYPERION,0,,-,630,SIDOU,徳島県,1746,ORE,徳島県,2648,6,徳島県,0,,-
EMPRESS,I'm Screaming LOVE,0,,-,472,AK1!?,徳島県,1020,SSS,徳島県,1693,L#RUKA,徳島県,0,,-
EMPRESS,Jack,0,,-,718,TAKE.,徳島県,1204,ORE,徳島県,2040,3T,徳島県,0,,-
EMPRESS,Just a Little Smile,0,,-,350,HACHI!,徳島県,977,RYOMA,徳島県,2388,KOUIKA,徳島県,0,,-
EMPRESS,Kung-fu Empire,0,,-,0,,-,2209,TAKE,徳島県,3093,6,徳島県,3898,L#RUKA,徳島県
EMPRESS,Marie Antoinette,0,,-,640,SMNFFF,徳島県,1046,TAKE.,徳島県,2538,3238SU,徳島県,3181,L#RUKA,徳島県
EMPRESS,Mind Mapping,516,MA-KUN,徳島県,385,HACHI!,徳島県,955,TAKE.,徳島県,1697,TAKE,徳島県,2240,L#RUKA,徳島県
EMPRESS,Monkey Dance '09,0,,-,0,,-,1686,DG192,徳島県,2224,L#RUKA,徳島県,0,,-
EMPRESS,naughty girl@Queen's Palace,0,,-,0,,-,1675,MA-KUN,徳島県,2108,MA-KUN,徳島県,2538,MA-KUN,徳島県
EMPRESS,neogenesis,0,,-,473,DAICHI,徳島県,1351,MA-KUN,徳島県,1633,LKAR,徳島県,2223,6,徳島県
EMPRESS,NΦ CRIME,0,,-,637,TAKE.,徳島県,1332,ORE,徳島県,1800,KAREN!,徳島県,2348,O-TA13,徳島県
EMPRESS,Programmed World,0,,-,0,,-,1541,ORE,徳島県,2294,L#RUKA,徳島県,0,,-
EMPRESS,Punch Love 仮面,0,,-,695,TOMATO,徳島県,1663,DG192,徳島県,2491,3238SU,徳島県,3202,L#RUKA,徳島県
EMPRESS,Queen's Tragedy,0,,-,0,,-,1446,M,徳島県,2174,MA-KUN,徳島県,0,,-
EMPRESS,Secrets,0,,-,1172,ORE,徳島県,2163,TAKE,徳島県,3047,MA-KUN,徳島県,3980,L#RUKA,徳島県
EMPRESS,smooooch・∀・,319,NAI,徳島県,813,TAKE,徳島県,1604,LKAR,徳島県,2137,L#RUKA,徳島県,2650,6,徳島県
EMPRESS,SOLITON BEAM,0,,-,0,,-,1264,KA3D3,徳島県,2305,MA-KUN,徳島県,0,,-
EMPRESS,THANK YOU FOR PLAYING,0,,-,598,SHIMA,徳島県,1484,0!,徳島県,1951,VEIL,徳島県,2953,L#RUKA,徳島県
EMPRESS,THE SHINING POLARIS(kors k mix),0,,-,548,TOMATO,徳島県,1783,ORE,徳島県,3131,MA-KUN,徳島県,0,,-
EMPRESS,thunder HOUSE NATION Remix,0,,-,0,,-,1391,HRDMKO,徳島県,2350,12EX65,徳島県,3811,L#RUKA,徳島県
EMPRESS,Turii ～Panta rhei～,0,,-,764,GJAKIT,徳島県,1901,ORE,徳島県,2657,L#RUKA,徳島県,0,,-
EMPRESS,V2,791,MA-KUN,徳島県,1214,KA3D3,徳島県,2562,965,徳島県,3464,KOUIKA,徳島県,0,,-
EMPRESS,Y&Co. is dead or alive,0,,-,0,,-,1515,IIDX33,徳島県,2743,L#RUKA,徳島県,0,,-
EMPRESS,"You'll say ""Now!""",0,,-,0,,-,1630,TAKE,徳島県,2467,L#RUKA,徳島県,0,,-
EMPRESS,まほろば,0,,-,571,ASA,徳島県,824,TAKE.,徳島県,2018,MA-KUN,徳島県,0,,-
EMPRESS,ハリツヤランデヴー,0,,-,0,,-,1631,IIDX32,徳島県,2349,KAREN!,徳島県,0,,-
EMPRESS,ミッドナイト堕天使,0,,-,0,,-,1561,DG192,徳島県,2770,L#RUKA,徳島県,0,,-
EMPRESS,不沈艦CANDY,435,KEL,徳島県,636,SMNFFF,徳島県,1827,TAKE,徳島県,3292,L#RUKA,徳島県,0,,-
EMPRESS,凛として咲く花の如く,371,9-ROW,徳島県,1044,TAKE.,徳島県,1983,ORE,徳島県,2769,3238SU,徳島県,3175,L#RUKA,徳島県
EMPRESS,卑弥呼,0,,-,1098,RAICHO,徳島県,2567,MA-KUN,徳島県,3845,L#RUKA,徳島県,0,,-
EMPRESS,天空脳番長危機十六連打,0,,-,0,,-,1661,Q,徳島県,2543,KOUIKA,徳島県,0,,-
EMPRESS,山岡晃の「クイズ！家事都合！」,0,,-,517,TAKE.,徳島県,1174,RAICHO,徳島県,2050,L#RUKA,徳島県,0,,-
EMPRESS,翼,0,,-,589,TAKE.,徳島県,1124,JAE,徳島県,1965,L#RUKA,徳島県,2472,O-TA13,徳島県
EMPRESS,鉄甲乙女-under the steel-,0,,-,588,TAKE.,徳島県,1412,K,徳島県,2156,L#RUKA,徳島県,0,,-
SIRIUS,AIR RAID FROM THA UNDAGROUND,0,,-,0,,-,1720,TAKE,徳島県,2277,3238SU,徳島県,2958,L#RUKA,徳島県
SIRIUS,Almagest,0,,-,739,KA3D3,徳島県,1858,LKAR,徳島県,3070,L#RUKA,徳島県,0,,-
SIRIUS,Bad Maniacs,0,,-,920,KA3D3,徳島県,1633,12EX65,徳島県,3187,L#RUKA,徳島県,0,,-
SIRIUS,bass 2 bass,208,KAZUMA,徳島県,689,SOL!D,徳島県,1226,12EX65,徳島県,1872,MA-KUN,徳島県,0,,-
SIRIUS,beatchic☆仮面～好き、でいさせて～,0,,-,0,,-,1507,Q,徳島県,1980,3238SU,徳島県,0,,-
SIRIUS,BEAUTIFUL ANGEL,0,,-,0,,-,1552,M,徳島県,2326,6,徳島県,0,,-
SIRIUS,being torn the sky,0,,-,414,AMOEB,徳島県,1093,Q,徳島県,1903,12EX65,徳島県,0,,-
SIRIUS,bloomin' feeling,0,,-,1081,RAICHO,徳島県,1844,ORE,徳島県,2569,3238SU,徳島県,0,,-
SIRIUS,CaptivAte～裁き～(SUBLIME TECHNO MIX),0,,-,0,,-,1579,DG192,徳島県,2386,KOUIKA,徳島県,0,,-
SIRIUS,D,0,,-,1282,TAKE,徳島県,1644,ORE,徳島県,2472,L#RUKA,徳島県,0,,-
SIRIUS,DAWN -THE NEXT ENDEAVOUR-,0,,-,1516,ORE,徳島県,2501,TAKE,徳島県,3107,KOUIKA,徳島県,0,,-
SIRIUS,Dazzlin' Darlin-秋葉工房mix-,0,,-,549,KIIRO,徳島県,1349,ORE,徳島県,2085,MA-KUN,徳島県,0,,-
SIRIUS,DESIRE,0,,-,0,,-,1787,ORE,徳島県,2786,MA-KUN,徳島県,0,,-
SIRIUS,Do Back Burn,0,,-,440,AMOEB,徳島県,1299,ORE,徳島県,2057,MA-KUN,徳島県,0,,-
SIRIUS,DOMINION,0,,-,1061,K,徳島県,2124,TAKE,徳島県,3160,L#RUKA,徳島県,0,,-
SIRIUS,DROP,0,,-,464,ONGEKI,徳島県,1632,HRDMKO,徳島県,2620,L#RUKA,徳島県,0,,-
SIRIUS,Elisha,230,MINT,徳島県,794,RAICHO,徳島県,1409,LKAR,徳島県,2251,3238SU,徳島県,0,,-
SIRIUS,Empire State Glory,0,,-,0,,-,1680,ORE,徳島県,2553,MA-KUN,徳島県,0,,-
SIRIUS,eRAseRmOToRpHAntOM,0,,-,0,,-,2079,KILIN,徳島県,3172,L#RUKA,徳島県,0,,-
SIRIUS,Evans,510,KATSU,徳島県,1009,LUN,徳島県,2119,MA-KUN,徳島県,2752,L#RUKA,徳島県,0,,-
SIRIUS,EXUSIA,0,,-,690,HDK*,徳島県,2421,DG192,徳島県,3808,L#RUKA,徳島県,0,,-
SIRIUS,G59,0,,-,1564,HRDMKO,徳島県,2096,96PAN,徳島県,3835,L#RUKA,徳島県,0,,-
SIRIUS,GALGALIM,0,,-,0,,-,1623,KILIN,徳島県,2235,6,徳島県,0,,-
SIRIUS,GOLDEN CROSS,0,,-,1017,BLD,徳島県,1854,ORE,徳島県,3457,L#RUKA,徳島県,0,,-
SIRIUS,Hydrogen Blueback,0,,-,134,EBIFLY,徳島県,1261,RAICHO,徳島県,2270,KOUIKA,徳島県,2347,L#RUKA,徳島県
SIRIUS,IN THE NAME OF LOVE,366,ONGEKI,徳島県,301,AMOEB,徳島県,662,ARK,徳島県,1931,L#RUKA,徳島県,0,,-
SIRIUS,Keep it-秋葉工房mix-,0,,-,0,,-,1675,MA-KUN,徳島県,1834,MA-KUN,徳島県,0,,-
SIRIUS,Last Burning,0,,-,673,TAKE.,徳島県,1469,ORE,徳島県,2339,L#RUKA,徳島県,0,,-
SIRIUS,Light Shine,0,,-,660,TAKE.,徳島県,0,,-,1946,MA-KUN,徳島県,0,,-
SIRIUS,MIRACLE MEETS,0,,-,0,,-,1450,ORE,徳島県,2211,KOUIKA,徳島県,0,,-
SIRIUS,mosaic,0,,-,1143,KA3D3,徳島県,1990,TAKE,徳島県,3001,L#RUKA,徳島県,0,,-
SIRIUS,NEW SENSATION -もう、あなたしか見えない-,0,,-,655,TOMATO,徳島県,1906,IIDX33,徳島県,2523,6,徳島県,0,,-
SIRIUS,NoN-Fiction Story!,0,,-,0,,-,0,,-,2195,L#RUKA,徳島県,0,,-
SIRIUS,Programmed Sun,0,,-,0,,-,1657,ORE,徳島県,2528,KOUIKA,徳島県,0,,-
SIRIUS,quell～the seventh slave～,0,,-,784,PMR,徳島県,1604,L#SYRO,徳島県,3116,L#RUKA,徳島県,0,,-
SIRIUS,Raison d'etre～交差する宿命～,0,,-,614,ASA,徳島県,2031,LKAR,徳島県,2650,MA-KUN,徳島県,4280,6,徳島県
SIRIUS,Red. by Full Metal Jacket,0,,-,839,KA3D3,徳島県,1946,DG192,徳島県,3096,KOUIKA,徳島県,0,,-
SIRIUS,Roots of my way!,0,,-,526,ONGEKI,徳島県,0,,-,2038,L#RUKA,徳島県,0,,-
SIRIUS,Session 1 -Genesis-,0,,-,0,,-,1467,ORE,徳島県,2444,L#RUKA,徳島県,0,,-
SIRIUS,She is my wife,285,HIRON,徳島県,192,IVY!!,徳島県,1242,Q,徳島県,1926,3238SU,徳島県,0,,-
SIRIUS,SOLID STATE SQUAD,0,,-,0,,-,1665,HRDMKO,徳島県,3541,L#RUKA,徳島県,3578,L#RUKA,徳島県
SIRIUS,Sorrows,0,,-,0,,-,1492,K,徳島県,2451,KOUIKA,徳島県,0,,-
SIRIUS,Special One,0,,-,0,,-,904,GJAKIT,徳島県,1745,KOUIKA,徳島県,0,,-
SIRIUS,THE LAST STRIKER,0,,-,799,KIIRO,徳島県,1753,ORE,徳島県,2536,MA-KUN,徳島県,0,,-
SIRIUS,The Story Begins,0,,-,606,TAKE.,徳島県,1771,DG192,徳島県,2294,RIN5.,徳島県,0,,-
SIRIUS,かずあそび,0,,-,431,DRVUS*,徳島県,0,,-,1667,O-TA13,徳島県,0,,-
SIRIUS,たからもの,0,,-,878,TAKE.,徳島県,1647,NANANA,徳島県,2211,3238SU,徳島県,3533,3238SU,徳島県
SIRIUS,コスモス,0,,-,706,KIRIN,徳島県,1421,ORE,徳島県,2084,L#RUKA,徳島県,0,,-
SIRIUS,サヨナラ・ヘヴン,245,SAKI,徳島県,624,RYO,徳島県,1263,Y.C.,徳島県,1657,KOUIKA,徳島県,2105,3238SU,徳島県
SIRIUS,バビロニア,0,,-,718,MISTY*,徳島県,1358,DG192,徳島県,1781,AKI,徳島県,0,,-
SIRIUS,ワルツ第17番 ト短調”大犬のワルツ”,0,,-,1146,K,徳島県,2171,6,徳島県,3073,L#RUKA,徳島県,0,,-
SIRIUS,未来のプリズム,0,,-,531,TAKE.,徳島県,985,KIRIN,徳島県,1753,MA-KUN,徳島県,0,,-
SIRIUS,"水上の提督(Short mix from ""幻想水滸伝V"")",0,,-,0,,-,1010,TAKE.,徳島県,2037,MA-KUN,徳島県,0,,-
Resort Anthem,Aegis,0,,-,0,,-,1311,LKAR,徳島県,2295,3238SU,徳島県,0,,-
Resort Anthem,ALBIDA,423,TAKE.,徳島県,797,TAKE.,徳島県,1868,LKAR,徳島県,2984,L#RUKA,徳島県,0,,-
Resort Anthem,Answer,0,,-,532,TAKE.,徳島県,1380,BLD,徳島県,2394,3238SU,徳島県,0,,-
Resort Anthem,ANTHEM LANDING,0,,-,433,IVY!!,徳島県,1827,TAKE,徳島県,2931,L#RUKA,徳島県,0,,-
Resort Anthem,Believe In Me,0,,-,918,RAICHO,徳島県,1656,ORE,徳島県,2360,3238SU,徳島県,0,,-
Resort Anthem,BLUST OF WIND,0,,-,556,GRU,徳島県,1197,TAKE.,徳島県,1968,12EX65,徳島県,2567,L#RUKA,徳島県
Resort Anthem,Bounce Bounce Bounce,0,,-,0,,-,1321,IIDX32,徳島県,2336,KOUIKA,徳島県,0,,-
Resort Anthem,Breaking the ground,0,,-,653,HACHI!,徳島県,1740,TAKE,徳島県,2453,HEYM1N,徳島県,0,,-
Resort Anthem,Broken,0,,-,1015,Q,徳島県,1891,VEIL,徳島県,3139,L#RUKA,徳島県,0,,-
Resort Anthem,BROKEN EDEN,0,,-,786,SHIMA,徳島県,1580,ORE,徳島県,2258,MA-KUN,徳島県,0,,-
Resort Anthem,Dances with Snow Fairies,0,,-,982,KA3D3,徳島県,2123,12EX65,徳島県,3047,L#RUKA,徳島県,3940,L#RUKA,徳島県
Resort Anthem,DAYDREAMER,0,,-,0,,-,1619,SOL!D,徳島県,2522,L#RUKA,徳島県,0,,-
Resort Anthem,Destiny Sword,0,,-,0,,-,1559,ORE,徳島県,2285,6,徳島県,0,,-
Resort Anthem,DM STAR～関西 energy style～,0,,-,0,,-,1707,ORE,徳島県,2396,L#RUKA,徳島県,0,,-
Resort Anthem,Energy Drive,0,,-,0,,-,1471,DG192,徳島県,2131,6,徳島県,0,,-
Resort Anthem,Eternal Tears,0,,-,287,IIDX32,徳島県,1031,ORE,徳島県,1342,N,徳島県,0,,-
Resort Anthem,Everlasting Resort,0,,-,673,TAKE.,徳島県,1120,HAZKI*,徳島県,1834,O-TA13,徳島県,0,,-
Resort Anthem,Fantasia,0,,-,350,HIOH,徳島県,1486,TAKE,徳島県,2232,L#RUKA,徳島県,0,,-
Resort Anthem,Golden Palms,0,,-,613,SHIMA,徳島県,1393,DG192,徳島県,1967,MA-KUN,徳島県,2316,MA-KUN,徳島県
Resort Anthem,I FIGHT ME,0,,-,446,....!!,徳島県,1263,ORE,徳島県,2095,MA-KUN,徳島県,0,,-
Resort Anthem,Kailua,0,,-,395,SHIMA,徳島県,1291,LKAR,徳島県,2142,3238SU,徳島県,0,,-
Resort Anthem,Let The Track Flow,0,,-,942,P-X-N,徳島県,1780,MA-KUN,徳島県,2577,L#RUKA,徳島県,0,,-
Resort Anthem,Medicine of love,0,,-,0,,-,967,9-ROW,徳島県,1683,TAKE,徳島県,2475,MA-KUN,徳島県
Resort Anthem,Mermaid girl,525,HIOH,徳島県,805,MKMR.,徳島県,1640,TAKE,徳島県,2190,O-TA13,徳島県,0,,-
Resort Anthem,Never Fade Away,0,,-,653,SHIMA,徳島県,1208,TAKE.,徳島県,2914,KOUIKA,徳島県,0,,-
Resort Anthem,New Castle Legions,0,,-,0,,-,1809,DG192,徳島県,2710,L#RUKA,徳島県,0,,-
Resort Anthem,PARADISE LOST,0,,-,1012,KA3D3,徳島県,2220,MA-KUN,徳島県,3211,3238SU,徳島県,0,,-
Resort Anthem,passionate fate,0,,-,853,SHIMA,徳島県,1405,M,徳島県,2105,MA-KUN,徳島県,0,,-
Resort Anthem,perditus†paradisus,0,,-,997,JAE,徳島県,2399,6,徳島県,3723,L#RUKA,徳島県,0,,-
Resort Anthem,Programmed Life,0,,-,880,GJAKIT,徳島県,1575,ORE,徳島県,2332,MA-KUN,徳島県,0,,-
Resort Anthem,reunion,0,,-,1156,KA3D3,徳島県,2333,MA-KUN,徳島県,3148,L#RUKA,徳島県,0,,-
Resort Anthem,Rock Da House,0,,-,395,GRAY,徳島県,1360,SDC*,徳島県,2176,6,徳島県,0,,-
Resort Anthem,SABER WING,0,,-,476,KA3D3,徳島県,1662,ORE,徳島県,2775,L#RUKA,徳島県,0,,-
Resort Anthem,Sakura Reflection,0,,-,389,HDK*,徳島県,1509,ORE,徳島県,2314,6,徳島県,0,,-
Resort Anthem,sakura storm,0,,-,825,SHIMA,徳島県,1197,FIN,徳島県,2407,L#RUKA,徳島県,0,,-
Resort Anthem,Session 9 -Chronicles-,0,,-,0,,-,1817,SAKAY,徳島県,3541,L#RUKA,徳島県,0,,-
Resort Anthem,Space Time,0,,-,331,AMOEB,徳島県,1125,TAKE.,徳島県,2193,L#RUKA,徳島県,0,,-
Resort Anthem,SPECIAL SUMMER CAMPAIGN!,0,,-,538,KIRIN,徳島県,1376,K,徳島県,2964,L#RUKA,徳島県,0,,-
Resort Anthem,Stay my side,0,,-,472,TAKE.,徳島県,969,RAICHO,徳島県,1339,L#RUKA,徳島県,0,,-
Resort Anthem,STELLAR WIND,204,EBIFLY,徳島県,0,,-,1637,ORE,徳島県,2517,MA-KUN,徳島県,0,,-
Resort Anthem,THE BLACK KNIGHT,0,,-,798,MISTY*,徳島県,1665,AAA,徳島県,2920,L#RUKA,徳島県,4145,6,徳島県
Resort Anthem,THE DOOR INTO RAINBOW,0,,-,405,AMOEB,徳島県,1637,DG192,徳島県,2034,N,徳島県,0,,-
Resort Anthem,THE FALLEN,0,,-,681,NARI**,徳島県,1357,ORE,徳島県,2623,MA-KUN,徳島県,0,,-
Resort Anthem,Tropical April,0,,-,1295,TAKE.,徳島県,2126,TAKE,徳島県,2667,MA-KUN,徳島県,0,,-
Resort Anthem,Vermillion,0,,-,0,,-,1160,DG192,徳島県,2035,MA-KUN,徳島県,0,,-
Resort Anthem,Watch Out Pt.2,0,,-,981,BLD,徳島県,1812,TAKE,徳島県,2784,L#RUKA,徳島県,0,,-
Resort Anthem,WISE UP!,0,,-,0,,-,0,,-,1567,3238SU,徳島県,2547,3238SU,徳島県
Resort Anthem,Wuv U,0,,-,344,TOMATO,徳島県,1273,DG192,徳島県,1695,3238SU,徳島県,0,,-
Resort Anthem,XANADU OF TWO,0,,-,0,,-,1457,RAICHO,徳島県,2731,3238SU,徳島県,3420,L#RUKA,徳島県
Resort Anthem,ZETA～素数の世界と超越者～,224,MINT,徳島県,0,,-,2058,TAKE,徳島県,3010,KOUIKA,徳島県,0,,-
Resort Anthem,おおきなこえで,0,,-,254,IIDX33,徳島県,755,PMR,徳島県,1408,L#SYRO,徳島県,2072,MA-KUN,徳島県
Resort Anthem,かげぬい ～ Ver.BENIBOTAN ～,0,,-,0,,-,1073,15102,徳島県,1814,12EX65,徳島県,0,,-
Resort Anthem,中華急行,0,,-,315,POOH$,徳島県,1518,DG192,徳島県,2306,3238SU,徳島県,0,,-
Resort Anthem,夕焼け ～Fading Day～,0,,-,485,KEL,徳島県,1781,HULCY.,徳島県,2682,MA-KUN,徳島県,0,,-
Resort Anthem,旅人リラン,0,,-,0,,-,1692,KILIN,徳島県,2533,MA-KUN,徳島県,0,,-
Resort Anthem,灼熱Beach Side Bunny,460,RYOMA,徳島県,957,KA3D3,徳島県,1922,3238SU,徳島県,2860,MA-KUN,徳島県,0,,-
Resort Anthem,黒髪乱れし修羅となりて,0,,-,681,AMGR,徳島県,1947,TAKE,徳島県,3409,L#RUKA,徳島県,0,,-
Lincle,24th Century BOY,0,,-,0,,-,1715,ORE,徳島県,2796,KOUIKA,徳島県,0,,-
Lincle,532nm,0,,-,368,HIRON,徳島県,846,TAKE.,徳島県,2462,6,徳島県,0,,-
Lincle,A MINSTREL ～ ver. short-scape ～,0,,-,0,,-,0,,-,2320,12EX65,徳島県,3863,L#RUKA,徳島県
Lincle,Almace,0,,-,479,AMOEB,徳島県,1191,RAICHO,徳島県,1977,3238SU,徳島県,0,,-
Lincle,ANAGRAMS I to Y,0,,-,663,DAICHI,徳島県,1504,Q,徳島県,2449,3238SU,徳島県,0,,-
Lincle,BLACK.by X-Cross Fade,0,,-,890,KA3D3,徳島県,2131,MA-KUN,徳島県,3223,L#RUKA,徳島県,0,,-
Lincle,CALL,0,,-,0,,-,0,,-,1382,TAKE,徳島県,2631,KOUIKA,徳島県
Lincle,Castle on the Moon,128,MINT,徳島県,416,AMOEB,徳島県,1415,ORE,徳島県,2301,MA-KUN,徳島県,0,,-
Lincle,Change the World,0,,-,665,TAKE.,徳島県,1064,YASUO,徳島県,1734,3T,徳島県,0,,-
Lincle,DIAVOLO,0,,-,1024,KA3D3,徳島県,1731,ORE,徳島県,3087,L#RUKA,徳島県,0,,-
Lincle,Drive Me Crazy,0,,-,595,ONGEKI,徳島県,1310,ORE,徳島県,2276,KOUIKA,徳島県,0,,-
Lincle,Express Emotion,0,,-,761,MA-KUN,徳島県,888,MISTY*,徳島県,2457,N,徳島県,0,,-
Lincle,F,0,,-,850,TAKE.,徳島県,1973,TAKE,徳島県,3514,L#RUKA,徳島県,0,,-
Lincle,Far east nightbird,0,,-,362,....!!,徳島県,850,TAKE.,徳島県,2001,KOUIKA,徳島県,0,,-
Lincle,fffff,0,,-,0,,-,1896,HRDN,徳島県,3078,L#RUKA,徳島県,0,,-
Lincle,Flip Flap,0,,-,446,KIIRO,徳島県,1228,ORE,徳島県,2205,KOUIKA,徳島県,0,,-
Lincle,Follow Tomorrow,0,,-,656,RYO,徳島県,1258,BLD,徳島県,2239,3238SU,徳島県,0,,-
Lincle,GIGANT,0,,-,0,,-,875,GJAKIT,徳島県,1662,12EX65,徳島県,2779,KOUIKA,徳島県
Lincle,HAERETICUS,0,,-,628,TAKE.,徳島県,1660,M,徳島県,2976,L#RUKA,徳島県,0,,-
Lincle,I'm so Happy,224,NAI,徳島県,390,RYO,徳島県,1217,HRDMKO,徳島県,2247,MA-KUN,徳島県,0,,-
Lincle,In the Blackest Den,0,,-,0,,-,1343,M,徳島県,2549,L#RUKA,徳島県,0,,-
Lincle,Infinite cave,0,,-,0,,-,1149,TAKE.,徳島県,1968,MA-KUN,徳島県,0,,-
Lincle,KYAMISAMA ONEGAI!,0,,-,670,LKAR,徳島県,1121,LKAR,徳島県,2058,MA-KUN,徳島県,3023,L#RUKA,徳島県
Lincle,LAX5 feat.Ryota Yoshinari,0,,-,0,,-,2000,ORE,徳島県,2790,MA-KUN,徳島県,0,,-
Lincle,LETHEBOLG ～双神威に斬り咲けり～,0,,-,850,ASA,徳島県,1547,Y.C.,徳島県,2197,3238SU,徳島県,0,,-
Lincle,Liquid Crystal Girl feat. echo,0,,-,0,,-,1096,DG192,徳島県,1886,TAKE,徳島県,0,,-
Lincle,LOVE B.B.B,0,,-,0,,-,1447,DG192,徳島県,2011,L#RUKA,徳島県,0,,-
Lincle,Lucky Days,0,,-,356,ONGEKI,徳島県,1013,TAKE.,徳島県,2025,TAKE,徳島県,0,,-
Lincle,Mermaid girl-秋葉工房 MIX-,0,,-,681,KIIRO,徳島県,1186,RAICHO,徳島県,2055,L#RUKA,徳島県,0,,-
Lincle,Miami Sunset Drive,0,,-,0,,-,1037,DG192,徳島県,1551,TAKE,徳島県,0,,-
Lincle,NNRT,0,,-,0,,-,1964,SDC*,徳島県,3463,L#RUKA,徳島県,0,,-
Lincle,Phoenix,0,,-,610,ASA,徳島県,1119,ORE,徳島県,2425,3238SU,徳島県,3873,L#RUKA,徳島県
Lincle,prompt,0,,-,746,TAKE.,徳島県,1505,ORE,徳島県,2681,MA-KUN,徳島県,0,,-
Lincle,QUANTUM TELEPORTATION,0,,-,1222,HRDMKO,徳島県,1935,ORE,徳島県,2796,MA-KUN,徳島県,3605,L#RUKA,徳島県
Lincle,quaver♪,161,MINT,徳島県,633,TAKE.,徳島県,2055,DG192,徳島県,3410,L#RUKA,徳島県,0,,-
Lincle,Quick Silver,0,,-,0,,-,1684,ORE,徳島県,2595,KOUIKA,徳島県,0,,-
Lincle,Release The Music,0,,-,0,,-,1293,ORE,徳島県,2126,L#RUKA,徳島県,0,,-
Lincle,RESISTANCE,0,,-,401,....!!,徳島県,1267,ORE,徳島県,2323,MA-KUN,徳島県,0,,-
Lincle,Round and Round,0,,-,689,HIOH,徳島県,0,,-,2134,L#RUKA,徳島県,0,,-
Lincle,SA.YO.NA.RA. SUPER STAR,0,,-,0,,-,795,TAKE.,徳島県,1622,MA-KUN,徳島県,0,,-
Lincle,Scharfrichter,0,,-,0,,-,1420,FU93,徳島県,2858,3238SU,徳島県,0,,-
Lincle,Several Words,0,,-,0,,-,1175,TAKE.,徳島県,2180,L#RUKA,徳島県,0,,-
Lincle,SHADE,0,,-,0,,-,1841,ORE,徳島県,2799,6,徳島県,0,,-
Lincle,Snake Stick,0,,-,754,KA3D3,徳島県,1907,TAKE,徳島県,2622,L#RUKA,徳島県,0,,-
Lincle,Snow Goose,199,MINT,徳島県,0,,-,1302,TAKE,徳島県,2285,6,徳島県,0,,-
Lincle,Star Trail,0,,-,412,TAKE.,徳島県,1051,ORE,徳島県,1811,MA-KUN,徳島県,2559,L#RUKA,徳島県
Lincle,The Limbo,0,,-,1070,KA3D3,徳島県,1846,FUCHY,徳島県,3273,L#RUKA,徳島県,4065,L#RUKA,徳島県
Lincle,The Sampling Paradise,0,,-,743,GJAKIT,徳島県,1691,TAKE,徳島県,2990,L#RUKA,徳島県,0,,-
Lincle,Thunderbolt,0,,-,786,TAKE.,徳島県,1822,LKAR,徳島県,3724,L#RUKA,徳島県,0,,-
Lincle,TITANS RETURN,0,,-,336,MANATY,徳島県,1199,TAKE.,徳島県,2358,6,徳島県,2566,L#RUKA,徳島県
Lincle,Todestrieb,0,,-,791,DAICHI,徳島県,1826,LKAR,徳島県,3427,L#RUKA,徳島県,0,,-
Lincle,Voxane,0,,-,481,DRVUS*,徳島県,606,HDK*,徳島県,1744,L#RUKA,徳島県,0,,-
Lincle,WONDER WALKER,0,,-,762,TAKE.,徳島県,1790,ORE,徳島県,3757,L#RUKA,徳島県,0,,-
Lincle,YAKSHA,0,,-,0,,-,1993,.69,徳島県,3826,L#RUKA,徳島県,0,,-
Lincle,yellow head joe,0,,-,306,HACHI!,徳島県,1331,0!,徳島県,2123,MA-KUN,徳島県,3066,L#RUKA,徳島県
Lincle,Yellow Sunrise,0,,-,0,,-,0,,-,2255,KOUIKA,徳島県,0,,-
Lincle,ビューティフルレシート,260,AK1!?,徳島県,489,HULCY.,徳島県,1035,CHA2K3,徳島県,1864,MA-KUN,徳島県,0,,-
Lincle,ユミル,0,,-,533,TOMATO,徳島県,1086,RYOMA,徳島県,2737,MA-KUN,徳島県,0,,-
Lincle,君のハートにロックオン,0,,-,0,,-,1602,ORE,徳島県,2522,6,徳島県,3391,L#RUKA,徳島県
Lincle,天空の夜明け,0,,-,1146,HRDMKO,徳島県,1895,TAKE,徳島県,3912,L#RUKA,徳島県,0,,-
Lincle,子供の落書き帳,0,,-,0,,-,1779,DG192,徳島県,2591,L#RUKA,徳島県,0,,-
Lincle,恋する☆宇宙戦争っ！！,469,RYO,徳島県,794,TOMATO,徳島県,1669,.69,徳島県,3505,L#RUKA,徳島県,4463,L#RUKA,徳島県
Lincle,突撃!ガラスのニーソ姫!,0,,-,561,TOMATO,徳島県,1118,FIN,徳島県,2070,MA-KUN,徳島県,0,,-
Lincle,聖人の塔,0,,-,827,KA3D3,徳島県,1520,AAA,徳島県,2945,3238SU,徳島県,4187,L#RUKA,徳島県
Lincle,蛇神,0,,-,523,KEL,徳島県,1463,DG192,徳島県,2723,MA-KUN,徳島県,3638,L#RUKA,徳島県
Lincle,衰色小町メランコリア,0,,-,683,TAKE.,徳島県,1291,HRDMKO,徳島県,2354,L#RUKA,徳島県,0,,-
Lincle,陽炎,0,,-,406,HARU,徳島県,1066,BLD,徳島県,2005,L#RUKA,徳島県,0,,-
tricoro,405nm (Ryu☆mix),0,,-,605,TAKE.,徳島県,1593,.69,徳島県,2551,3238SU,徳島県,0,,-
tricoro,8bit Princess,0,,-,0,,-,1290,SOL!D,徳島県,2615,L#RUKA,徳島県,0,,-
tricoro,Ascalon,0,,-,520,KAZUMA,徳島県,1490,RAICHO,徳島県,2280,MA-KUN,徳島県,0,,-
tricoro,Beastie Starter,0,,-,340,KAZUMA,徳島県,1231,DG192,徳島県,2128,3238SU,徳島県,0,,-
tricoro,BLUE STRAGGLER,0,,-,407,RYO,徳島県,0,,-,2464,N,徳島県,0,,-
tricoro,BRAVE GLOW,0,,-,617,DRVUS*,徳島県,1360,M,徳島県,2459,3238SU,徳島県,0,,-
tricoro,CONCEPTUAL,0,,-,0,,-,0,,-,2591,6,徳島県,0,,-
tricoro,Confiserie,0,,-,811,KA3D3,徳島県,1779,M,徳島県,3459,L#RUKA,徳島県,0,,-
tricoro,connective,0,,-,0,,-,1106,MA-KUN,徳島県,1550,HAZUKI,徳島県,0,,-
tricoro,Cookie Bouquets,0,,-,0,,-,1878,SAKU.,徳島県,3332,MA-KUN,徳島県,0,,-
tricoro,DAY DREAM,0,,-,413,HULCY.,徳島県,726,KA3D3,徳島県,2027,L#RUKA,徳島県,0,,-
tricoro,Devilz Staircase,0,,-,518,TOMATO,徳島県,1845,M,徳島県,3226,L#RUKA,徳島県,0,,-
tricoro,Elemental Creation,107,AUM,徳島県,1249,RAICHO,徳島県,1996,M,徳島県,4022,L#RUKA,徳島県,0,,-
tricoro,examination leave,0,,-,716,HDK*,徳島県,1680,ORE,徳島県,3265,6,徳島県,0,,-
tricoro,FLOWER,300,RYO,徳島県,772,5FRET,徳島県,1662,ORE,徳島県,2785,KOUIKA,徳島県,0,,-
tricoro,Fly you to the star,0,,-,552,TOMATO,徳島県,1610,DG192,徳島県,2228,O-TA13,徳島県,0,,-
tricoro,GAIA,0,,-,730,KIIRO,徳島県,2035,FUCHY,徳島県,3280,L#RUKA,徳島県,0,,-
tricoro,GRADIUS 2012,0,,-,0,,-,1492,NAKANO,徳島県,2687,L#RUKA,徳島県,0,,-
tricoro,Hollywood Galaxy,0,,-,848,TAKE.,徳島県,1800,VEIL,徳島県,2685,L#RUKA,徳島県,0,,-
tricoro,Howling,0,,-,414,ONGEKI,徳島県,1004,TAKE.,徳島県,2114,L#RUKA,徳島県,2600,KOUIKA,徳島県
tricoro,I know You know,0,,-,432,SATO,徳島県,0,,-,1865,L#RUKA,徳島県,0,,-
tricoro,ILIAS,0,,-,0,,-,1096,TAKE.,徳島県,2061,6,徳島県,0,,-
tricoro,Illegal Function Call,0,,-,699,TAKE.,徳島県,1554,ORE,徳島県,2425,MA-KUN,徳島県,3542,L#RUKA,徳島県
tricoro,In Heaven,0,,-,508,TAKE.,徳島県,1354,ORE,徳島県,2120,L#RUKA,徳島県,0,,-
tricoro,JOMANDA,166,MINT,徳島県,1018,RAICHO,徳島県,2322,CROSS,徳島県,3583,L#RUKA,徳島県,0,,-
tricoro,Liberation,0,,-,0,,-,2233,TAKE,徳島県,3648,L#RUKA,徳島県,0,,-
tricoro,Light and Cyber…,0,,-,0,,-,1869,ORE,徳島県,3062,3238SU,徳島県,0,,-
tricoro,Little Star,0,,-,724,DAICHI,徳島県,1676,ORE,徳島県,3145,L#RUKA,徳島県,0,,-
tricoro,LUV CAN SAVE U,0,,-,428,....!!,徳島県,1405,DG192,徳島県,2081,HAZUKI,徳島県,2784,L#RUKA,徳島県
tricoro,mnemoniq,0,,-,378,TAKE.,徳島県,690,SHIMA,徳島県,1289,3238SU,徳島県,0,,-
tricoro,Neonlights,0,,-,0,,-,1457,ORE,徳島県,2217,L#RUKA,徳島県,0,,-
tricoro,neu,100,MINT,徳島県,907,BB-SVN,徳島県,1979,.69,徳島県,3856,L#RUKA,徳島県,0,,-
tricoro,New Decade IIDX Edition,0,,-,496,RINPA,徳島県,1785,ORE,徳島県,2944,L#RUKA,徳島県,0,,-
tricoro,New Lights,0,,-,0,,-,1564,Q,徳島県,2402,N,徳島県,0,,-
tricoro,Plan 8,0,,-,1027,BLD,徳島県,1904,ROUTE9,徳島県,3073,L#RUKA,徳島県,0,,-
tricoro,planarian,0,,-,0,,-,1336,TAKE.,徳島県,2484,MA-KUN,徳島県,0,,-
tricoro,POINT ZERO,0,,-,0,,-,1051,JAE,徳島県,2082,L#RUKA,徳島県,0,,-
tricoro,Präludium,0,,-,575,TAKE.,徳島県,1099,TAKE.,徳島県,2161,RIN5.,徳島県,0,,-
tricoro,Proof of the existence,0,,-,1065,K,徳島県,1788,KILIN,徳島県,3159,L#RUKA,徳島県,0,,-
tricoro,Rainbow after snow,0,,-,0,,-,1364,ORE,徳島県,2149,3238SU,徳島県,0,,-
tricoro,Re:GENERATION,0,,-,556,HACHI!,徳島県,1543,DG192,徳島県,2171,MA-KUN,徳島県,0,,-
tricoro,Reflection Into the EDEN,0,,-,0,,-,0,,-,2081,MA-KUN,徳島県,0,,-
tricoro,rumrum triplets,0,,-,771,GJAKIT,徳島県,1841,HRDN,徳島県,2898,MA-KUN,徳島県,0,,-
tricoro,S!ck,0,,-,725,TAKE.,徳島県,1351,HRDMKO,徳島県,2610,KOUIKA,徳島県,0,,-
tricoro,Saturn,0,,-,1072,IIDX30,徳島県,1862,NYAMA,徳島県,2515,6,徳島県,3338,L#RUKA,徳島県
tricoro,Shining World,0,,-,878,TAKE.,徳島県,1556,DG192,徳島県,1939,L#RUKA,徳島県,0,,-
tricoro,SHION,0,,-,616,GJAKIT,徳島県,1268,DG192,徳島県,2639,SHO!!!,徳島県,0,,-
tricoro,Sol Cosine Job 2,0,,-,0,,-,1559,ORE,徳島県,3088,L#RUKA,徳島県,0,,-
tricoro,STULTI,0,,-,554,KIRIN,徳島県,1210,P-X-N,徳島県,2742,L#RUKA,徳島県,0,,-
tricoro,SYNC-ANTHEM,0,,-,731,TAKE.,徳島県,1930,SAKAY,徳島県,3652,L#RUKA,徳島県,0,,-
tricoro,Synergy For Angels,0,,-,0,,-,1635,DG192,徳島県,2692,MA-KUN,徳島県,0,,-
tricoro,Take My Life,0,,-,0,,-,1571,DG192,徳島県,2802,MA-KUN,徳島県,0,,-
tricoro,Thor's Hammer,0,,-,0,,-,1692,NYAMA,徳島県,2837,L#RUKA,徳島県,0,,-
tricoro,Time To Empress,0,,-,653,ONGEKI,徳島県,1729,ORE,徳島県,2565,KOUIKA,徳島県,3051,KOUIKA,徳島県
tricoro,Timepiece phase II,0,,-,902,RAICHO,徳島県,1667,.69,徳島県,3177,L#RUKA,徳島県,0,,-
tricoro,Timepiece phase II (CN Ver.),0,,-,871,RAICHO,徳島県,1561,TAKE,徳島県,2855,L#RUKA,徳島県,0,,-
tricoro,True Blue,0,,-,754,TAKE.,徳島県,2388,12EX65,徳島県,3726,L#RUKA,徳島県,0,,-
tricoro,Valanga,0,,-,1199,AA,徳島県,2008,LKAR,徳島県,3214,L#RUKA,徳島県,0,,-
tricoro,VALLIS-NERIA,0,,-,1042,K,徳島県,1956,NYAMA,徳島県,2872,3238SU,徳島県,0,,-
tricoro,VEGA,0,,-,962,TAKE.,徳島県,1907,ORE,徳島県,2982,KOUIKA,徳島県,0,,-
tricoro,ZED,0,,-,899,ORE,徳島県,1560,ORE,徳島県,2623,MA-KUN,徳島県,3189,6,徳島県
tricoro,Zirkfied,0,,-,0,,-,1697,M,徳島県,3726,L#RUKA,徳島県,0,,-
tricoro,ΕΛΠΙΣ,0,,-,802,TAKE.,徳島県,1778,.69,徳島県,3107,L#RUKA,徳島県,3547,L#RUKA,徳島県
tricoro,†渚の小悪魔ラヴリィ～レイディオ†(IIDX EDIT),0,,-,517,HRDMKO,徳島県,1493,ORE,徳島県,3493,L#RUKA,徳島県,0,,-
tricoro,お米の美味しい炊き方、そしてお米を食べることによるその効果。,0,,-,619,HDK*,徳島県,1530,DG192,徳島県,2077,MA-KUN,徳島県,3590,L#RUKA,徳島県
tricoro,たまゆら,0,,-,873,TAKE.,徳島県,1579,IIDX33,徳島県,2740,L#RUKA,徳島県,0,,-
tricoro,アストライアの双皿,0,,-,516,KIIRO,徳島県,2006,LKAR,徳島県,3100,3238SU,徳島県,0,,-
tricoro,カジノファイヤーことみちゃん,0,,-,489,PMR,徳島県,1322,DG192,徳島県,2412,L#RUKA,徳島県,3203,L#RUKA,徳島県
tricoro,キャトられ恋はモ～モク,0,,-,1158,NARI**,徳島県,2226,Q,徳島県,3737,L#RUKA,徳島県,0,,-
tricoro,シュレーディンガーの猫,0,,-,1026,RAICHO,徳島県,2104,K83,徳島県,3347,L#RUKA,徳島県,0,,-
tricoro,トリカゴノ鳳凰,0,,-,830,KIIRO,徳島県,1972,LKAR,徳島県,3721,L#RUKA,徳島県,0,,-
tricoro,メイメツ、フラグメンツ,0,,-,547,TOMATO,徳島県,1255,DG192,徳島県,1960,L#RUKA,徳島県,0,,-
tricoro,ラキラキ,0,,-,544,RYO,徳島県,1410,DG192,徳島県,1957,3238SU,徳島県,0,,-
tricoro,下弦の月,0,,-,827,MISTY*,徳島県,862,IIDX32,徳島県,1889,6,徳島県,0,,-
tricoro,仮想空間の旅人たち,0,,-,1037,WASU,徳島県,2086,TAKE,徳島県,2835,3238SU,徳島県,3820,L#RUKA,徳島県
tricoro,創世ノート,0,,-,720,MKMR.,徳島県,1750,ORE,徳島県,2815,6,徳島県,0,,-
tricoro,即席！脳直★ミュージックシステム,0,,-,687,KIRIN,徳島県,1899,12EX65,徳島県,3539,L#RUKA,徳島県,0,,-
tricoro,朧,165,HIRON,徳島県,691,RYO,徳島県,1299,WBUKRO,徳島県,2089,3238SU,徳島県,2499,3238SU,徳島県
tricoro,梅雪夜,0,,-,734,TAKE.,徳島県,1329,RAICHO,徳島県,2141,L#RUKA,徳島県,0,,-
tricoro,狂イ咲ケ焔ノ華,0,,-,857,DAICHI,徳島県,2248,ORE,徳島県,3602,L#RUKA,徳島県,0,,-
tricoro,音楽,0,,-,378,A,徳島県,1769,DG192,徳島県,2663,L#RUKA,徳島県,0,,-
tricoro,龍と少女とデコヒーレンス,0,,-,644,KIIRO,徳島県,1655,DG192,徳島県,2930,3238SU,徳島県,3341,L#RUKA,徳島県
SPADA,Adularia,150,KAZUMA,徳島県,0,,-,1524,AAA,徳島県,2829,L#RUKA,徳島県,0,,-
SPADA,ALBA -黎明-,0,,-,531,TAKE.,徳島県,1301,M,徳島県,3178,3238SU,徳島県,3861,L#RUKA,徳島県
SPADA,Ancient Scapes,0,,-,928,RAICHO,徳島県,1900,FUCHY,徳島県,3465,L#RUKA,徳島県,4144,L#RUKA,徳島県
SPADA,ATHER,0,,-,774,TAKE.,徳島県,1615,DG192,徳島県,2751,MA-KUN,徳島県,3188,L#RUKA,徳島県
SPADA,BLUE DRAGON(雷龍RemixIIDX),0,,-,1022,JAE,徳島県,1944,.69,徳島県,3320,L#RUKA,徳島県,0,,-
SPADA,BRAINSTORM,0,,-,639,DRVUS*,徳島県,1677,ORE,徳島県,2756,L#RUKA,徳島県,0,,-
SPADA,BRAVE OUT,0,,-,0,,-,1318,K,徳島県,2127,3238SU,徳島県,2718,3238SU,徳島県
SPADA,Claiomh Solais,0,,-,251,KAZUMA,徳島県,1266,RAICHO,徳島県,2060,3238SU,徳島県,0,,-
SPADA,Cleopatrysm,0,,-,618,JAE,徳島県,1221,RAICHO,徳島県,2420,MA-KUN,徳島県,0,,-
SPADA,Close the World feat.a☆ru,0,,-,1066,K,徳島県,2032,GOQURI,徳島県,3391,L#RUKA,徳島県,3810,L#RUKA,徳島県
SPADA,Critical Crystal,150,AKUZ!,徳島県,763,MMG,徳島県,1777,TAKE,徳島県,2879,3238SU,徳島県,0,,-
SPADA,DARK LEGACY,0,,-,0,,-,1921,LKAR,徳島県,3554,L#RUKA,徳島県,0,,-
SPADA,Devilz Sacrifice -贖罪の羊-,0,,-,0,,-,1533,ORE,徳島県,2363,MA-KUN,徳島県,0,,-
SPADA,diagram,0,,-,0,,-,990,HIOH,徳島県,2703,6,徳島県,0,,-
SPADA,Elektrick U-Phoria,0,,-,796,TAKE.,徳島県,1736,ORE,徳島県,3016,3238SU,徳島県,3939,L#RUKA,徳島県
SPADA,Element of SPADA,0,,-,673,Q,徳島県,1358,DG192,徳島県,2075,O-TA13,徳島県,3094,L#RUKA,徳島県
SPADA,Engraved Mark,0,,-,0,,-,1200,ORE,徳島県,2288,MA-KUN,徳島県,0,,-
SPADA,EXTREME MACH COLLIDER,0,,-,0,,-,1233,ORE,徳島県,2446,MA-KUN,徳島県,0,,-
SPADA,Feel The Beat,0,,-,990,KA3D3,徳島県,1857,M,徳島県,3545,L#RUKA,徳島県,4241,L#RUKA,徳島県
SPADA,Funny shuffle,0,,-,0,,-,1027,RAICHO,徳島県,2253,L#RUKA,徳島県,0,,-
SPADA,HYENA,0,,-,773,HIOH,徳島県,1781,ORE,徳島県,2752,KOUIKA,徳島県,3634,L#RUKA,徳島県
SPADA,Hypersonik,0,,-,0,,-,1701,DG192,徳島県,2472,KOUIKA,徳島県,0,,-
SPADA,I will be back -オレは帰ってきた-,0,,-,800,DAICHI,徳島県,1690,M,徳島県,2826,6,徳島県,0,,-
SPADA,Idola,0,,-,1123,ORE,徳島県,2245,6,徳島県,3548,L#RUKA,徳島県,0,,-
SPADA,Insane Techniques,0,,-,508,KEL,徳島県,1108,ORE,徳島県,2385,L#RUKA,徳島県,0,,-
SPADA,INSOMNIA,0,,-,593,HACHI!,徳島県,1520,M,徳島県,3171,L#RUKA,徳島県,0,,-
SPADA,into the battlefield,0,,-,519,ONGEKI,徳島県,1381,DG192,徳島県,2340,MA-KUN,徳島県,0,,-
SPADA,invoker,0,,-,884,GJAKIT,徳島県,1753,ORE,徳島県,3170,L#RUKA,徳島県,3520,L#RUKA,徳島県
SPADA,IX,0,,-,1245,DG192,徳島県,2339,6,徳島県,3743,L#RUKA,徳島県,0,,-
SPADA,KAISER PHOENIX,0,,-,1025,KA3D3,徳島県,2141,HRDN,徳島県,3215,L#RUKA,徳島県,3802,L#RUKA,徳島県
SPADA,KHAMEN BREAK,0,,-,426,ONGEKI,徳島県,1250,HRDMKO,徳島県,2397,MA-KUN,徳島県,0,,-
SPADA,Last Dance,0,,-,1079,RAICHO,徳島県,1833,TAKE,徳島県,3186,L#RUKA,徳島県,0,,-
SPADA,Lighting Shower,0,,-,384,AMOEB,徳島県,1153,RAICHO,徳島県,2311,MA-KUN,徳島県,0,,-
SPADA,M.D.Injection,0,,-,0,,-,1086,HRDMKO,徳島県,2312,MA-KUN,徳島県,0,,-
SPADA,m1dy Deluxe,0,,-,0,,-,1497,HRDMKO,徳島県,2434,MA-KUN,徳島県,0,,-
SPADA,MAD ATTACK,0,,-,362,KAZUMA,徳島県,1078,RAICHO,徳島県,1869,O-TA13,徳島県,2542,L#RUKA,徳島県
SPADA,MAGIC & LOVE,0,,-,720,TOMATO,徳島県,1634,Q,徳島県,2808,MA-KUN,徳島県,0,,-
SPADA,Miracle 5ympho X,0,,-,511,POI,徳島県,1230,ORE,徳島県,2586,3238SU,徳島県,2867,L#RUKA,徳島県
SPADA,NPC World,0,,-,769,TAKE.,徳島県,1547,DG192,徳島県,2219,MA-KUN,徳島県,0,,-
SPADA,Odin,0,,-,0,,-,1237,K,徳島県,1995,MA-KUN,徳島県,0,,-
SPADA,Overload Frontier,0,,-,584,SHIMA,徳島県,1639,ORE,徳島県,2515,L#RUKA,徳島県,0,,-
SPADA,Pharaoh,0,,-,342,MINT,徳島県,976,JAE,徳島県,2386,MA-KUN,徳島県,0,,-
SPADA,PUNISHER,0,,-,868,KIIRO,徳島県,1963,TAKE,徳島県,3538,L#RUKA,徳島県,0,,-
SPADA,ra'am,0,,-,1154,DG192,徳島県,1617,TAKE,徳島県,2713,L#RUKA,徳島県,0,,-
SPADA,rainbow guitar weeps,0,,-,0,,-,1230,TAKE.,徳島県,2646,6,徳島県,0,,-
SPADA,Recollection,0,,-,946,GJAKIT,徳島県,1523,CHA2K3,徳島県,2152,12EX65,徳島県,0,,-
SPADA,refractive index,0,,-,0,,-,1274,ORE,徳島県,2634,KOUIKA,徳島県,0,,-
SPADA,RISE,0,,-,0,,-,1299,DG192,徳島県,1830,MA-KUN,徳島県,0,,-
SPADA,RIZING YOU UP,0,,-,444,*S.A*,徳島県,2012,ORE,徳島県,2557,3238SU,徳島県,0,,-
SPADA,SCHWARZSCHILD FIELD,0,,-,622,SMNFFF,徳島県,1412,ORE,徳島県,2270,KOUIKA,徳島県,0,,-
SPADA,Sigmund,0,,-,1348,HULCY.,徳島県,2288,MA-KUN,徳島県,3730,L#RUKA,徳島県,4061,L#RUKA,徳島県
SPADA,Squeeze,0,,-,0,,-,941,JAE,徳島県,2363,MA-KUN,徳島県,0,,-
SPADA,THE DETONATOR,0,,-,1440,RAICHO,徳島県,2347,12EX65,徳島県,3074,MA-KUN,徳島県,0,,-
SPADA,Unicorn tail,0,,-,703,GJAKIT,徳島県,2026,3238SU,徳島県,3094,3238SU,徳島県,0,,-
SPADA,Valgus,0,,-,505,ONGEKI,徳島県,1342,DG192,徳島県,2293,MA-KUN,徳島県,0,,-
SPADA,Verflucht,0,,-,1111,RAICHO,徳島県,2025,12EX65,徳島県,3458,L#RUKA,徳島県,4468,L#RUKA,徳島県
SPADA,VOX UP,0,,-,1478,DG192,徳島県,2772,MA-KUN,徳島県,3539,L#RUKA,徳島県,0,,-
SPADA,Wonder Girl feat. Kanae Asaba,0,,-,545,TAKE.,徳島県,611,HACHI!,徳島県,2790,L#RUKA,徳島県,0,,-
SPADA,お願いアインシュタイン,0,,-,651,TOMATO,徳島県,1460,DG192,徳島県,2061,O-TA13,徳島県,0,,-
SPADA,アルストロメリア,145,KIIRO,徳島県,827,GJAKIT,徳島県,1523,DG192,徳島県,2476,L#RUKA,徳島県,0,,-
SPADA,デッドボヲルdeホームラン,0,,-,0,,-,1467,HRDN,徳島県,2698,L#RUKA,徳島県,0,,-
SPADA,バンブーソード・ガール,0,,-,756,TAKE.,徳島県,1611,ORE,徳島県,2274,6,徳島県,0,,-
SPADA,廿,0,,-,607,TOMATO,徳島県,1671,DG192,徳島県,2188,3T,徳島県,3308,L#RUKA,徳島県
SPADA,旋律のドグマ～Miserables～,0,,-,848,DAICHI,徳島県,2207,M,徳島県,3924,L#RUKA,徳島県,0,,-
SPADA,海神,0,,-,987,AMGR,徳島県,1794,FIN,徳島県,3146,L#RUKA,徳島県,3517,L#RUKA,徳島県
SPADA,煉獄のエルフェリア,0,,-,1056,KA3D3,徳島県,1960,M,徳島県,3791,L#RUKA,徳島県,0,,-
SPADA,牧神笛吹きて,0,,-,0,,-,1349,DG192,徳島県,2005,MA-KUN,徳島県,0,,-
SPADA,疾風迅雷,0,,-,931,KA3D3,徳島県,1828,ORE,徳島県,2851,L#RUKA,徳島県,3315,L#RUKA,徳島県
SPADA,罪と罰,0,,-,824,KIRIN,徳島県,1221,HRDMKO,徳島県,2065,O-TA13,徳島県,0,,-
SPADA,超!!遠距離らぶメ～ル,0,,-,0,,-,1367,KILIN,徳島県,2593,MA-KUN,徳島県,0,,-
SPADA,轟け！恋のビーンボール！！,0,,-,946,ROUTE9,徳島県,1682,HRDMKO,徳島県,3453,L#RUKA,徳島県,0,,-
PENDUAL,#The_Relentless,0,,-,945,GJAKIT,徳島県,1789,ORE,徳島県,2842,MA-KUN,徳島県,4281,L#RUKA,徳島県
PENDUAL,AFRO KNUCKLE,0,,-,0,,-,1475,SOL!D,徳島県,2366,MA-KUN,徳島県,0,,-
PENDUAL,Beat Radiance,0,,-,759,TAKE.,徳島県,1538,K83,徳島県,2639,L#RUKA,徳島県,3566,L#RUKA,徳島県
PENDUAL,Beyond The Earth,0,,-,1005,BLD,徳島県,1917,LKAR,徳島県,3097,MA-KUN,徳島県,0,,-
PENDUAL,Blaze it UP!,0,,-,770,TAKE.,徳島県,1723,ORE,徳島県,2836,6,徳島県,0,,-
PENDUAL,BLUE MIRAGE,0,,-,0,,-,1723,TAKE,徳島県,2960,L#RUKA,徳島県,0,,-
PENDUAL,Broken Sword,0,,-,1121,BLD,徳島県,1821,ORE,徳島県,3706,L#RUKA,徳島県,0,,-
PENDUAL,Chain of pain,0,,-,0,,-,1253,M,徳島県,2140,6,徳島県,0,,-
PENDUAL,chrono diver -fragment-,0,,-,330,MINT,徳島県,1101,K,徳島県,1765,3238SU,徳島県,2238,3238SU,徳島県
PENDUAL,CHRONO DIVER -NORNIR-,0,,-,0,,-,2063,ORE,徳島県,2972,MA-KUN,徳島県,4326,L#RUKA,徳島県
PENDUAL,Chrono Diver -PENDULUMs-,0,,-,1338,ORE,徳島県,2645,MA-KUN,徳島県,4222,L#RUKA,徳島県,0,,-
PENDUAL,Chronos,0,,-,687,GJAKIT,徳島県,1400,MA-KUN,徳島県,2226,MA-KUN,徳島県,2873,6,徳島県
PENDUAL,cinder,0,,-,353,KAZUMA,徳島県,1762,ORE,徳島県,3098,L#RUKA,徳島県,0,,-
PENDUAL,COLOSSEUM,0,,-,0,,-,1066,BLD,徳島県,2151,3T,徳島県,0,,-
PENDUAL,Cosmic Cat,0,,-,645,TAKE.,徳島県,1509,ORE,徳島県,2233,MA-KUN,徳島県,3196,L#RUKA,徳島県
PENDUAL,Despair of ELFERIA,0,,-,993,POI,徳島県,2228,FIN,徳島県,4042,L#RUKA,徳島県,0,,-
PENDUAL,Discloze,0,,-,756,RAICHO,徳島県,1513,ORE,徳島県,2490,6,徳島県,0,,-
PENDUAL,EBONY & IVORY,0,,-,853,KA3D3,徳島県,1515,ORE,徳島県,2979,L#RUKA,徳島県,3511,L#RUKA,徳島県
PENDUAL,entelecheia,0,,-,875,GJAKIT,徳島県,1610,HRDMKO,徳島県,3248,L#RUKA,徳島県,0,,-
PENDUAL,Erosion Mark,0,,-,342,HACHI!,徳島県,1436,DG192,徳島県,2077,HAZUKI,徳島県,0,,-
PENDUAL,fallen leaves -IIDX edition-,0,,-,768,SMNFFF,徳島県,1955,N,徳島県,3367,L#RUKA,徳島県,0,,-
PENDUAL,FANTASTIC THREE,0,,-,1133,RAICHO,徳島県,2101,FUCHY,徳島県,3171,L#RUKA,徳島県,0,,-
PENDUAL,Flashes,0,,-,745,TAKE.,徳島県,1535,M,徳島県,3264,L#RUKA,徳島県,4001,L#RUKA,徳島県
PENDUAL,Gravigazer,0,,-,855,RAICHO,徳島県,1794,HAZUKI,徳島県,2982,L#RUKA,徳島県,0,,-
PENDUAL,GUILTY,0,,-,787,GJAKIT,徳島県,1476,DG192,徳島県,1757,N,徳島県,2943,L#RUKA,徳島県
PENDUAL,HELL SCAPER -Last Escape Remix-,0,,-,591,HACHI!,徳島県,1412,NANANA,徳島県,2839,L#RUKA,徳島県,0,,-
PENDUAL,Hello Happiness,0,,-,670,TAKE.,徳島県,1305,K,徳島県,2224,MA-KUN,徳島県,0,,-
PENDUAL,illuminate,0,,-,0,,-,1549,DG192,徳島県,2277,MA-KUN,徳島県,0,,-
PENDUAL,IMPLANTATION,0,,-,468,HIOH,徳島県,1623,LKAR,徳島県,2190,L#RUKA,徳島県,0,,-
PENDUAL,In The Breeze,0,,-,306,PAM1,徳島県,882,RAICHO,徳島県,1724,MA-KUN,徳島県,0,,-
PENDUAL,Invitation from Mr.C,0,,-,801,RAICHO,徳島県,1270,NANANA,徳島県,2721,L#RUKA,徳島県,0,,-
PENDUAL,IXION,0,,-,573,ONGEKI,徳島県,1701,TAKE,徳島県,2158,L#RUKA,徳島県,0,,-
PENDUAL,Line 4 Ruin,0,,-,152,HACHI!,徳島県,1543,K,徳島県,2739,KOUIKA,徳島県,0,,-
PENDUAL,Monopole.,0,,-,562,KEL,徳島県,1630,12EX65,徳島県,3303,L#RUKA,徳島県,0,,-
PENDUAL,NEO GENERATOR SEVEN,0,,-,0,,-,1667,ORE,徳島県,3252,L#RUKA,徳島県,0,,-
PENDUAL,Night sky,0,,-,909,SOU-X,徳島県,1773,ORE,徳島県,2877,3238SU,徳島県,0,,-
PENDUAL,No Tears,0,,-,608,ASA,徳島県,1905,ORE,徳島県,2502,3238SU,徳島県,0,,-
PENDUAL,PENDUAL TALISMAN,0,,-,741,KA3D3,徳島県,1447,K,徳島県,2572,KOUIKA,徳島県,0,,-
PENDUAL,Rave*it!! Rave*it!!,0,,-,478,*S.A*,徳島県,1645,TAKE,徳島県,3185,L#RUKA,徳島県,0,,-
PENDUAL,Realize Maze,0,,-,777,TOMATO,徳島県,1972,TAKE,徳島県,2891,MA-KUN,徳島県,0,,-
PENDUAL,Reflux,0,,-,0,,-,1526,12EX65,徳島県,2951,L#RUKA,徳島県,0,,-
PENDUAL,Sakura Mirage,0,,-,720,SMNFFF,徳島県,1057,AL,徳島県,2220,6,徳島県,0,,-
PENDUAL,SAMSARA,0,,-,852,MA-KUN,徳島県,1448,MA-KUN,徳島県,2049,MA-KUN,徳島県,0,,-
PENDUAL,Say YEEEAHH,0,,-,559,HACHI!,徳島県,1367,MISTY*,徳島県,3214,L#RUKA,徳島県,0,,-
PENDUAL,Scarlet Moon,0,,-,845,MISTY*,徳島県,1727,ORE,徳島県,2696,3238SU,徳島県,0,,-
PENDUAL,Scars of FAUNA,0,,-,562,KIIRO,徳島県,1374,RAICHO,徳島県,2901,L#RUKA,徳島県,0,,-
PENDUAL,Shooting Fireball,0,,-,0,,-,2160,TAKE,徳島県,3883,L#RUKA,徳島県,0,,-
PENDUAL,Sounds Of Summer,0,,-,1044,SOU-X,徳島県,1929,96PAN,徳島県,2967,L#RUKA,徳島県,0,,-
PENDUAL,SpaceLand☆TOYBOX,0,,-,833,SHIMA,徳島県,1577,ORE,徳島県,2918,L#RUKA,徳島県,0,,-
PENDUAL,Sweet Radar,0,,-,493,HIRON,徳島県,1297,ORE,徳島県,2010,3238SU,徳島県,0,,-
PENDUAL,Symmetry,0,,-,0,,-,1916,TAKE,徳島県,3260,L#RUKA,徳島県,0,,-
PENDUAL,TA・DA ☆ YO・SHI,0,,-,627,DAICHI,徳島県,1535,DG192,徳島県,2291,3238SU,徳島県,0,,-
PENDUAL,The Least 100sec,0,,-,580,P-X-N,徳島県,1373,TAKE,徳島県,2853,L#RUKA,徳島県,0,,-
PENDUAL,TIEFSEE,0,,-,0,,-,1921,ORE,徳島県,3448,L#RUKA,徳島県,0,,-
PENDUAL,TOXIC VIBRATION,0,,-,1106,TAKE.,徳島県,2082,NYAMA,徳島県,3699,L#RUKA,徳島県,0,,-
PENDUAL,Vulkan,0,,-,0,,-,1769,ORE,徳島県,2857,MA-KUN,徳島県,0,,-
PENDUAL,We're so Happy (P*Light Remix) IIDX ver.,0,,-,0,,-,1934,ORE,徳島県,3645,L#RUKA,徳島県,0,,-
PENDUAL,ZZ,0,,-,1082,BLD,徳島県,1913,LKAR,徳島県,3034,L#RUKA,徳島県,0,,-
PENDUAL,それは花火のような恋,481,TAKE.,徳島県,1226,LEUCIS,徳島県,2246,HRDN,徳島県,3837,L#RUKA,徳島県,0,,-
PENDUAL,とろぴかる倶楽部,0,,-,0,,-,1423,DG192,徳島県,2260,L#RUKA,徳島県,0,,-
PENDUAL,ぷろぐれっしぶ時空少女！うらしまたろ子ちゃん！,0,,-,0,,-,1470,DG192,徳島県,2420,MA-KUN,徳島県,0,,-
PENDUAL,もっと！モット！ときめき feat. 松下,0,,-,1207,RAICHO,徳島県,1863,ORE,徳島県,2575,6,徳島県,0,,-
PENDUAL,ドッキン☆サマーあばんちゅーる,0,,-,579,HACHI!,徳島県,1432,NANANA,徳島県,2668,6,徳島県,0,,-
PENDUAL,パ→ピ→プ→Yeah!,289,KAZUMA,徳島県,850,SMNFFF,徳島県,1332,KIRIN,徳島県,2507,3238SU,徳島県,0,,-
PENDUAL,ベィスドロップ・フリークス,0,,-,370,MANATY,徳島県,1049,RYOMA,徳島県,1943,96PAN,徳島県,2317,KOUIKA,徳島県
PENDUAL,リリーゼと炎龍レーヴァテイン,0,,-,695,HDK*,徳島県,1992,M,徳島県,3437,L#RUKA,徳島県,0,,-
PENDUAL,共鳴遊戯の華,0,,-,1062,TAKE.,徳島県,2120,M,徳島県,3801,L#RUKA,徳島県,0,,-
PENDUAL,十六夜セツナ,0,,-,675,ASA,徳島県,1322,BLD,徳島県,2213,3238SU,徳島県,0,,-
PENDUAL,千年ノ理,0,,-,1040,RYOMA,徳島県,1796,ORE,徳島県,3183,L#RUKA,徳島県,4207,L#RUKA,徳島県
PENDUAL,取り残された美術(Arranged:HiZuMi),0,,-,703,SOCHA,徳島県,1676,DG192,徳島県,2184,3238SU,徳島県,0,,-
PENDUAL,夏色DIARY - L.E.D.-G STYLE MIX -,0,,-,765,RAICHO,徳島県,1640,KILIN,徳島県,3053,L#RUKA,徳島県,0,,-
PENDUAL,妖隠し -あやかしかくし-,0,,-,894,RAICHO,徳島県,1436,M,徳島県,2143,MA-KUN,徳島県,0,,-
PENDUAL,少年は空を辿る,0,,-,767,SMNFFF,徳島県,1851,96PAN,徳島県,3269,L#RUKA,徳島県,0,,-
PENDUAL,恋は白帯、サンシロー,0,,-,516,....!!,徳島県,1032,SOU-X,徳島県,1922,12EX65,徳島県,2720,3238SU,徳島県
PENDUAL,打打打打打打打打打打,165,KAZUMA,徳島県,673,DAICHI,徳島県,1302,DG192,徳島県,2623,3238SU,徳島県,0,,-
PENDUAL,時空トラベローグ,0,,-,754,TAKE.,徳島県,1715,ORE,徳島県,2543,MA-KUN,徳島県,0,,-
PENDUAL,白露の風,0,,-,346,IIDX33,徳島県,875,TAKE.,徳島県,2028,L#RUKA,徳島県,0,,-
PENDUAL,紅牡丹,325,....!!,徳島県,938,MISTY*,徳島県,1597,Q,徳島県,2835,L#RUKA,徳島県,0,,-
PENDUAL,表裏一体！？怪盗いいんちょの悩み,0,,-,1012,RAICHO,徳島県,2166,MA-KUN,徳島県,3548,L#RUKA,徳島県,4332,L#RUKA,徳島県
PENDUAL,超青少年ノ為ノ超多幸ナ超古典的超舞曲,0,,-,750,*,徳島県,1880,VOXEL,徳島県,2612,6,徳島県,4012,L#RUKA,徳島県
PENDUAL,鬼天,0,,-,701,HIOH,徳島県,1310,M,徳島県,2411,3238SU,徳島県,0,,-
PENDUAL,Ｘ↑Ｘ↓,0,,-,676,SMNFFF,徳島県,1687,DG192,徳島県,2863,3238SU,徳島県,0,,-
copula,199024club -Re:BounceKiller-,0,,-,630,RAICHO,徳島県,1550,TAKE,徳島県,2283,MA-KUN,徳島県,0,,-
copula,Acid Pumper,0,,-,213,SCRIBB,徳島県,1556,MA-KUN,徳島県,2463,L#RUKA,徳島県,0,,-
copula,Angelic Jelly,0,,-,779,KIIRO,徳島県,1419,TAKE.,徳島県,2583,6,徳島県,0,,-
copula,AO-1,0,,-,0,,-,1728,FIN,徳島県,2747,L#RUKA,徳島県,0,,-
copula,Arcana,0,,-,1052,F*REAF,徳島県,1764,MA-KUN,徳島県,2181,12EX65,徳島県,0,,-
copula,Aublia,0,,-,0,,-,1004,TAKE.,徳島県,2420,6,徳島県,0,,-
copula,Battle Train -IIDX Edition-,0,,-,0,,-,1799,SAKAY,徳島県,3141,3238SU,徳島県,0,,-
copula,Blue Spring Express,0,,-,1170,BLD,徳島県,1945,FA20,徳島県,3210,L#RUKA,徳島県,0,,-
copula,Central Station,0,,-,744,KIIRO,徳島県,1108,TAKE.,徳島県,2416,L#RUKA,徳島県,0,,-
copula,chaos eater -IIDX edition-,0,,-,0,,-,1578,ORE,徳島県,2504,MA-KUN,徳島県,0,,-
copula,CODE:1 [revision1.0.1],0,,-,0,,-,1681,TAKE,徳島県,3074,L#RUKA,徳島県,0,,-
copula,Daily Lunch Special,0,,-,856,KIIRO,徳島県,1977,ORE,徳島県,2896,KOUIKA,徳島県,0,,-
copula,Damage Per Second,0,,-,514,KEL,徳島県,1204,RAICHO,徳島県,1923,TAKE,徳島県,2254,MA-KUN,徳島県
copula,Derelict Star feat. Ryu*,0,,-,0,,-,1638,ORE,徳島県,2627,L#RUKA,徳島県,0,,-
copula,Devil's Gear,0,,-,956,RAICHO,徳島県,1837,Q,徳島県,3410,L#RUKA,徳島県,0,,-
copula,DIAMOND CROSSING,0,,-,673,SMNFFF,徳島県,1702,FA20,徳島県,3019,L#RUKA,徳島県,0,,-
copula,do the thing feat. Kanae Asaba,0,,-,0,,-,1436,DG192,徳島県,2120,TAKE,徳島県,0,,-
copula,Donkey Donk,0,,-,550,SMNFFF,徳島県,1640,TAKE,徳島県,2248,MA-KUN,徳島県,0,,-
copula,Dynamite,386,....!!,徳島県,1112,BLD,徳島県,2148,SOL!D,徳島県,3758,L#RUKA,徳島県,0,,-
copula,Everlasting Last,0,,-,576,TOMATO,徳島県,1613,DG192,徳島県,2205,3238SU,徳島県,0,,-
copula,Exchange Place,0,,-,0,,-,1208,DG192,徳島県,1783,L#RUKA,徳島県,0,,-
copula,GENERATE feat.綾倉盟,0,,-,0,,-,1748,DG192,徳島県,2341,L#RUKA,徳島県,0,,-
copula,Go Faraway,0,,-,0,,-,1480,DG192,徳島県,2367,6,徳島県,0,,-
copula,GOBBLE,0,,-,237,MANATY,徳島県,675,DG192,徳島県,1605,MA-KUN,徳島県,0,,-
copula,Godspeed,0,,-,957,K,徳島県,1831,DG192,徳島県,3085,L#RUKA,徳島県,0,,-
copula,Grand Chariot,0,,-,911,YAMA,徳島県,1793,DG192,徳島県,3395,L#RUKA,徳島県,0,,-
copula,Highcharge Divolt,0,,-,732,SOU-X,徳島県,1577,DG192,徳島県,2765,L#RUKA,徳島県,0,,-
copula,Inner Spirit,0,,-,634,TAKE.,徳島県,1535,M,徳島県,2754,KOUIKA,徳島県,0,,-
copula,Journey,0,,-,0,,-,1141,RAICHO,徳島県,1805,12EX65,徳島県,3033,MA-KUN,徳島県
copula,Konzert V,0,,-,0,,-,2008,ORE,徳島県,3301,L#RUKA,徳島県,0,,-
copula,La dolce primavera,0,,-,478,TAKE.,徳島県,1347,DG192,徳島県,2090,HAZUKI,徳島県,0,,-
copula,M4K3 1T B0UNC3,0,,-,959,PIS17,徳島県,1966,HRDN,徳島県,2991,L#RUKA,徳島県,0,,-
copula,Musik LoverZ,0,,-,0,,-,1162,ORE,徳島県,2494,L#RUKA,徳島県,0,,-
copula,NANAIRO,0,,-,769,DAICHI,徳島県,1586,ORE,徳島県,2521,KOUIKA,徳島県,0,,-
copula,Nightmare before oversleep,0,,-,1139,ORE,徳島県,1576,.69,徳島県,2941,L#RUKA,徳島県,0,,-
copula,NINJA IS DEAD IIDX ver.,0,,-,0,,-,1769,ORE,徳島県,2979,L#RUKA,徳島県,0,,-
copula,NO LIMIT -オレ達に限界は無い-,0,,-,831,MA-KUN,徳島県,1251,MA-KUN,徳島県,2248,KOUIKA,徳島県,0,,-
copula,Nowhere,0,,-,775,RAICHO,徳島県,1410,DG192,徳島県,2151,L#RUKA,徳島県,0,,-
copula,NZM,0,,-,864,KA3D3,徳島県,1476,ORE,徳島県,3397,L#RUKA,徳島県,0,,-
copula,On the FM,0,,-,724,TAKE.,徳島県,1571,DG192,徳島県,2557,6,徳島県,0,,-
copula,Outbreak,0,,-,1012,SHIMA,徳島県,1700,K,徳島県,2947,3238SU,徳島県,0,,-
copula,POSSESSION,496,SOL!D,徳島県,1374,SOL!D,徳島県,1846,TAKE,徳島県,2933,L#RUKA,徳島県,0,,-
copula,quick master (reform version),0,,-,150,ROUTE9,徳島県,351,MA-KUN,徳島県,476,SOL!D,徳島県,0,,-
copula,refrain,0,,-,884,SHIMA,徳島県,1839,XENON,徳島県,3598,L#RUKA,徳島県,0,,-
copula,Rock It,0,,-,867,TAKE.,徳島県,1646,DG192,徳島県,2868,3238SU,徳島県,0,,-
copula,Routing,0,,-,881,RAICHO,徳島県,1289,RAICHO,徳島県,2474,L#RUKA,徳島県,0,,-
copula,Sephirot,0,,-,877,AMGR,徳島県,1601,DG192,徳島県,2275,O-TA13,徳島県,0,,-
copula,Set U Free feat. Kanae Asaba,0,,-,287,HACHI!,徳島県,928,TAKE.,徳島県,2472,KOUIKA,徳島県,0,,-
copula,SHELTER OF THE MIND,0,,-,0,,-,1782,ORE,徳島県,3033,L#RUKA,徳島県,0,,-
copula,STARLiGHT,0,,-,0,,-,1697,ORE,徳島県,2579,MA-KUN,徳島県,0,,-
copula,STARLIGHT DANCEHALL,0,,-,1015,P-X-N,徳島県,1671,ORE,徳島県,2526,HAZUKI,徳島県,3295,L#RUKA,徳島県
copula,StrayedCatz,0,,-,774,SMNFFF,徳島県,1557,P-X-N,徳島県,2813,L#RUKA,徳島県,0,,-
copula,Super Duper Racers,0,,-,0,,-,1527,DG192,徳島県,2330,MA-KUN,徳島県,3608,L#RUKA,徳島県
copula,SURVIVOR,0,,-,390,TAKE.,徳島県,1260,DG192,徳島県,1924,RIN5.,徳島県,0,,-
copula,Tori-no-kimochi,0,,-,168,KAZUMA,徳島県,0,,-,2004,L#RUKA,徳島県,0,,-
copula,Triple Counter,0,,-,1176,KA3D3,徳島県,1797,P-X-N,徳島県,3898,L#RUKA,徳島県,0,,-
copula,Uh-Oh,0,,-,0,,-,1724,DG192,徳島県,2346,3238SU,徳島県,0,,-
copula,Violet Pulse,0,,-,221,HACHI!,徳島県,1645,12EX65,徳島県,2208,FUCHY,徳島県,3930,L#RUKA,徳島県
copula,Violet Rose,0,,-,0,,-,1692,ORE,徳島県,2426,6,徳島県,0,,-
copula,Welcome,0,,-,694,TAKE.,徳島県,1558,SOL!D,徳島県,2506,6,徳島県,3303,L#RUKA,徳島県
copula,X,0,,-,1293,BLD,徳島県,2138,.69,徳島県,3771,L#RUKA,徳島県,0,,-
copula,ZEPHYRANTHES,0,,-,805,TAKE.,徳島県,1666,ORE,徳島県,2871,3238SU,徳島県,3826,L#RUKA,徳島県
copula,か・し・ま・し☆PUMP UP！,0,,-,0,,-,1766,3238SU,徳島県,2786,3238SU,徳島県,0,,-
copula,めいさいアイドル☆あいむちゃん♪,0,,-,986,TAKE.,徳島県,2019,KILIN,徳島県,3325,L#RUKA,徳島県,0,,-
copula,オルタネイトβ,0,,-,625,TAKE.,徳島県,1437,MA-KUN,徳島県,2261,L#RUKA,徳島県,0,,-
copula,ギョギョっと人魚 爆婚ブライダル,0,,-,390,KEL,徳島県,1399,DG192,徳島県,2353,3238SU,徳島県,0,,-
copula,シュッパツシンコウ・シサカンコ,0,,-,851,ONGEKI,徳島県,1742,DG192,徳島県,2410,3238SU,徳島県,0,,-
copula,セロトニン,0,,-,0,,-,1689,ORE,徳島県,2301,L#RUKA,徳島県,0,,-
copula,少女アリスと箱庭幻想コンチェルト,0,,-,582,TOMATO,徳島県,1459,DG192,徳島県,2105,CROSS,徳島県,0,,-
copula,明鏡止水,0,,-,580,DAICHI,徳島県,1723,TAKE,徳島県,2579,6,徳島県,0,,-
copula,星屑ディスタンシア,0,,-,458,TAKE.,徳島県,789,TAKE.,徳島県,2000,HAZUKI,徳島県,0,,-
copula,朝焼けから始まるボクらの小さな旅,0,,-,0,,-,1560,ORE,徳島県,2374,MA-KUN,徳島県,0,,-
copula,灼熱 Pt.2 Long Train Running,524,ZEITA9,徳島県,1157,BLD,徳島県,2044,MA-KUN,徳島県,3043,L#RUKA,徳島県,0,,-
copula,真 地獄超特急 -HELL or HELL-,0,,-,1334,K,徳島県,2142,MA-KUN,徳島県,3204,L#RUKA,徳島県,0,,-
copula,紫陽花 -AZISAI-,0,,-,1065,KA3D3,徳島県,1785,BB-SVN,徳島県,2855,L#RUKA,徳島県,3278,L#RUKA,徳島県
copula,追想快晴テーマパーク,0,,-,0,,-,1918,ORE,徳島県,2962,MA-KUN,徳島県,0,,-
copula,量子の海のリントヴルム,0,,-,665,HDK*,徳島県,1557,ORE,徳島県,2829,6,徳島県,0,,-
copula,駅猫のワルツ,0,,-,0,,-,1754,TAKE,徳島県,2753,L#RUKA,徳島県,0,,-
copula,麗 ～うらら～,0,,-,798,ALICE,徳島県,1616,ORE,徳島県,2570,3238SU,徳島県,0,,-
SINOBUZ,¡Viva!,0,,-,518,ONGEKI,徳島県,1394,Q,徳島県,2004,L#RUKA,徳島県,0,,-
SINOBUZ,#MAGiCVLGiRL_TRVP_B3VTZ,0,,-,0,,-,1706,OLNON,徳島県,3382,L#RUKA,徳島県,0,,-
SINOBUZ,(This Is Not) The Angels,0,,-,290,MANATY,徳島県,1383,DG192,徳島県,2682,L#RUKA,徳島県,0,,-
SINOBUZ,Amazing Mirage,164,A,徳島県,585,HIRON,徳島県,1470,Q,徳島県,2477,6,徳島県,3235,L#RUKA,徳島県
SINOBUZ,AO-∞,0,,-,513,*S.A*,徳島県,1711,TAKE,徳島県,2540,6,徳島県,0,,-
SINOBUZ,Apocalypse,0,,-,0,,-,1729,RAICHO,徳島県,3523,L#RUKA,徳島県,0,,-
SINOBUZ,Around The Galaxy,0,,-,952,GJAKIT,徳島県,1874,ORE,徳島県,3334,L#RUKA,徳島県,0,,-
SINOBUZ,AsiaN distractive,0,,-,953,SHIMA,徳島県,1682,DG192,徳島県,2487,6,徳島県,0,,-
SINOBUZ,BabeL ～Grand Story～,0,,-,0,,-,1853,KILIN,徳島県,2699,6,徳島県,0,,-
SINOBUZ,Be A Star,0,,-,803,TAKE.,徳島県,1544,M,徳島県,2767,3238SU,徳島県,0,,-
SINOBUZ,Beat Juggling Mix,0,,-,806,KA3D3,徳島県,1383,TAKE,徳島県,2137,L#RUKA,徳島県,0,,-
SINOBUZ,Believe in you,0,,-,846,ONGEKI,徳島県,1784,ORE,徳島県,2276,TAIL-U,徳島県,0,,-
SINOBUZ,Beyond The Seven,0,,-,506,ONGEKI,徳島県,1183,RAICHO,徳島県,2610,MA-KUN,徳島県,0,,-
SINOBUZ,BREAK OVER,0,,-,726,GJAKIT,徳島県,1397,ORE,徳島県,2299,MA-KUN,徳島県,0,,-
SINOBUZ,Breakin' Chain,0,,-,0,,-,1028,TAKE.,徳島県,2246,MA-KUN,徳島県,0,,-
SINOBUZ,BroGamer,0,,-,1294,Y.C.,徳島県,1987,ORE,徳島県,2878,VEIL,徳島県,4462,L#RUKA,徳島県
SINOBUZ,Caterpillar,0,,-,0,,-,1959,ORE,徳島県,2930,MA-KUN,徳島県,0,,-
SINOBUZ,crew,0,,-,568,Q,徳島県,1608,ORE,徳島県,2895,3238SU,徳島県,0,,-
SINOBUZ,Cyber True Color,0,,-,58,S3RENA,徳島県,1498,ORE,徳島県,2280,KOUIKA,徳島県,0,,-
SINOBUZ,DORNWALD ～Junge～,0,,-,845,DAICHI,徳島県,1872,M,徳島県,3579,L#RUKA,徳島県,0,,-
SINOBUZ,ECHIDNA,0,,-,982,KA3D3,徳島県,1785,TAKE,徳島県,3291,L#RUKA,徳島県,0,,-
SINOBUZ,Egret and Willow,0,,-,0,,-,1434,K,徳島県,2606,MA-KUN,徳島県,0,,-
SINOBUZ,elemental bender feat. Kanae Asaba,0,,-,467,TOMATO,徳島県,0,,-,1560,RIN5.,徳島県,0,,-
SINOBUZ,FUZIN RIZIN,0,,-,657,ONGEKI,徳島県,1865,TAKE,徳島県,3758,L#RUKA,徳島県,0,,-
SINOBUZ,Go Ahead!!,0,,-,725,TAKE.,徳島県,1264,M,徳島県,2671,L#RUKA,徳島県,0,,-
SINOBUZ,GuNGNiR,0,,-,1004,KA3D3,徳島県,2517,MA-KUN,徳島県,3799,L#RUKA,徳島県,4269,L#RUKA,徳島県
SINOBUZ,HADES,219,HAPUA!,徳島県,704,HIRON,徳島県,1736,TAKE,徳島県,3025,L#RUKA,徳島県,0,,-
SINOBUZ,HAPPY★RUSH,0,,-,568,ONGEKI,徳島県,1674,ORE,徳島県,2842,L#RUKA,徳島県,0,,-
SINOBUZ,Honey Trap,0,,-,0,,-,1569,FA20,徳島県,2497,L#RUKA,徳島県,0,,-
SINOBUZ,INVISIBLE STRIX,0,,-,1007,BLD,徳島県,1600,Q,徳島県,2556,KOUIKA,徳島県,0,,-
SINOBUZ,Lost wing at.0,0,,-,578,KIIRO,徳島県,1369,DG192,徳島県,2345,MA-KUN,徳島県,0,,-
SINOBUZ,Macuilxochitl,0,,-,915,TAKE.,徳島県,1769,Q,徳島県,3250,KOUIKA,徳島県,0,,-
SINOBUZ,Magical,0,,-,610,ONGEKI,徳島県,1011,P-X-N,徳島県,1979,MA-KUN,徳島県,0,,-
SINOBUZ,Mare Nectaris,0,,-,1105,KA3D3,徳島県,2000,MA-KUN,徳島県,3582,L#RUKA,徳島県,0,,-
SINOBUZ,Modular Technology,0,,-,0,,-,1576,AAA,徳島県,2523,MA-KUN,徳島県,0,,-
SINOBUZ,Music is The Answer,0,,-,606,TAKE.,徳島県,1232,RAICHO,徳島県,1901,L#RUKA,徳島県,0,,-
SINOBUZ,nostos,0,,-,548,TOMATO,徳島県,1247,DG192,徳島県,2477,MA-KUN,徳島県,0,,-
SINOBUZ,OOO,0,,-,321,KAZUMA,徳島県,1356,RAICHO,徳島県,2059,L#RUKA,徳島県,2647,L#RUKA,徳島県
SINOBUZ,OTENAMI Hurricane,0,,-,878,KA3D3,徳島県,1859,M,徳島県,3106,L#RUKA,徳島県,0,,-
SINOBUZ,PAPAYAPA BASS,0,,-,515,HACHI!,徳島県,1529,DG192,徳島県,2722,3238SU,徳島県,0,,-
SINOBUZ,Piano Samurai,0,,-,742,SHIMA,徳島県,1583,ORE,徳島県,2300,12EX65,徳島県,0,,-
SINOBUZ,Quakes,0,,-,0,,-,1971,12EX65,徳島県,3121,L#RUKA,徳島県,0,,-
SINOBUZ,RAIN,0,,-,1036,RAICHO,徳島県,1613,ORE,徳島県,3252,L#RUKA,徳島県,0,,-
SINOBUZ,Rave Cannon,0,,-,472,ONGEKI,徳島県,1602,ORE,徳島県,3309,L#RUKA,徳島県,0,,-
SINOBUZ,Remedy feat. Kanae Asaba,0,,-,598,ONGEKI,徳島県,1447,TAKE,徳島県,2185,3238SU,徳島県,0,,-
SINOBUZ,ROTTERDAM SHOGUN,321,HACHI!,徳島県,1059,RAICHO,徳島県,1815,3238SU,徳島県,2479,MA-KUN,徳島県,0,,-
SINOBUZ,SAMURAI-Scramble,0,,-,945,BLD,徳島県,1596,TAKE,徳島県,2313,MA-KUN,徳島県,2574,MA-KUN,徳島県
SINOBUZ,Sarutobi Champion is 拙者,0,,-,0,,-,1097,TAKE.,徳島県,2121,3238SU,徳島県,0,,-
SINOBUZ,SAY BAY,0,,-,671,SHIMA,徳島県,1294,AL,徳島県,2783,L#RUKA,徳島県,0,,-
SINOBUZ,Seaside Labyrinth,0,,-,0,,-,1128,K,徳島県,1853,L#RUKA,徳島県,0,,-
SINOBUZ,Selfish Sweet,0,,-,470,TAKE.,徳島県,686,TAKE.,徳島県,1660,HAZUKI,徳島県,2579,L#RUKA,徳島県
SINOBUZ,SEQUENCE CAT,0,,-,0,,-,1569,K,徳島県,2826,L#RUKA,徳島県,0,,-
SINOBUZ,shuriken,0,,-,0,,-,1051,RAICHO,徳島県,2399,6,徳島県,0,,-
SINOBUZ,SINOBUZ Fantasy,0,,-,804,LUN,徳島県,1581,ORE,徳島県,2363,MA-KUN,徳島県,0,,-
SINOBUZ,Sky High,326,KEL,徳島県,957,T,徳島県,2160,TAKE,徳島県,3769,L#RUKA,徳島県,0,,-
SINOBUZ,Snakey Kung-fu,0,,-,963,GJAKIT,徳島県,2067,TAKE,徳島県,3368,L#RUKA,徳島県,0,,-
SINOBUZ,Steel Edge,0,,-,0,,-,1351,Q,徳島県,3135,3238SU,徳島県,0,,-
SINOBUZ,Summerlights(IIDX Edition),0,,-,1097,ORE,徳島県,1638,ORE,徳島県,3095,L#RUKA,徳島県,0,,-
SINOBUZ,Super Rush,0,,-,0,,-,1776,ORE,徳島県,3514,L#RUKA,徳島県,0,,-
SINOBUZ,Surf on the Light,0,,-,0,,-,1182,SOU-X,徳島県,2249,3238SU,徳島県,0,,-
SINOBUZ,The Commanders,0,,-,731,HIRON,徳島県,1497,DG192,徳島県,2446,L#RUKA,徳島県,0,,-
SINOBUZ,TOGAKUSHI,0,,-,485,ONGEKI,徳島県,1700,LKAR,徳島県,2577,L#RUKA,徳島県,0,,-
SINOBUZ,Umbral,0,,-,458,DRVUS*,徳島県,1277,ORE,徳島県,1884,MA-KUN,徳島県,3035,L#RUKA,徳島県
SINOBUZ,Venom,0,,-,0,,-,1781,.69,徳島県,3172,L#RUKA,徳島県,0,,-
SINOBUZ,Vermilion,0,,-,466,KIIRO,徳島県,1307,DG192,徳島県,1947,KOUIKA,徳島県,0,,-
SINOBUZ,Warrior,0,,-,0,,-,1747,DG192,徳島県,2360,N,徳島県,0,,-
SINOBUZ,XINOBIKILL,0,,-,669,TOMATO,徳島県,1553,ORE,徳島県,2788,3238SU,徳島県,0,,-
SINOBUZ,yamabiko (SINOBUZ Edition),0,,-,421,KAZUMA,徳島県,1563,DG192,徳島県,2563,MA-KUN,徳島県,0,,-
SINOBUZ,Yellow Sketch(RX-Ver.S.P.L.),0,,-,0,,-,1242,TAKE.,徳島県,2754,6,徳島県,0,,-
SINOBUZ,〆,0,,-,946,SHIMA,徳島県,2202,TAKE,徳島県,3629,L#RUKA,徳島県,0,,-
SINOBUZ,ちらちら・はらはら,0,,-,314,TAKE.,徳島県,838,PMR,徳島県,1377,AKI,徳島県,0,,-
SINOBUZ,イザナミノナゲキ,0,,-,0,,-,1791,FIN,徳島県,3231,L#RUKA,徳島県,0,,-
SINOBUZ,ディッシュウォッシャー◎彡おいわちゃん,0,,-,0,,-,1136,WASU,徳島県,2402,MA-KUN,徳島県,0,,-
SINOBUZ,九尾狐夜行,0,,-,0,,-,1459,Q,徳島県,2919,L#RUKA,徳島県,0,,-
SINOBUZ,冬椿 ft. Kanae Asaba,0,,-,744,TAKE.,徳島県,1094,BLD,徳島県,2257,3238SU,徳島県,2971,3238SU,徳島県
SINOBUZ,刃図羅,0,,-,935,SHIMA,徳島県,1918,HRDN,徳島県,3390,L#RUKA,徳島県,0,,-
SINOBUZ,忍恋花,0,,-,781,TAKE.,徳島県,1519,ORE,徳島県,2175,6,徳島県,0,,-
SINOBUZ,恋はどう？モロ◎波動OK☆方程式!!,0,,-,807,TAKE.,徳島県,1530,FA20,徳島県,2461,L#RUKA,徳島県,0,,-
SINOBUZ,月雪に舞う華のように,0,,-,0,,-,1165,CHA2K3,徳島県,2041,MA-KUN,徳島県,0,,-
SINOBUZ,次葉 -turn the page-,0,,-,700,KIIRO,徳島県,1388,DG192,徳島県,1958,MA-KUN,徳島県,0,,-
SINOBUZ,津軽雪,0,,-,1050,TAKE.,徳島県,2119,DG192,徳島県,3785,L#RUKA,徳島県,0,,-
SINOBUZ,火影,0,,-,0,,-,1329,DG192,徳島県,2690,L#RUKA,徳島県,0,,-
SINOBUZ,焔極OVERKILL,0,,-,960,KA3D3,徳島県,1810,M,徳島県,3536,L#RUKA,徳島県,0,,-
SINOBUZ,獅子霞麗ノ舞,0,,-,0,,-,1055,DG192,徳島県,1686,6,徳島県,0,,-
SINOBUZ,禍根,0,,-,575,TAKE.,徳島県,1071,GRU,徳島県,2488,6,徳島県,0,,-
SINOBUZ,童話回廊,0,,-,598,MORU,徳島県,1496,ORE,徳島県,3054,L#RUKA,徳島県,0,,-
SINOBUZ,鴉,0,,-,919,ARK,徳島県,1921,R*,徳島県,2649,MA-KUN,徳島県,0,,-
CANNON BALLERS,1001 -ESCAPE-,0,,-,697,TOMATO,徳島県,1669,DG192,徳島県,2551,HAZUKI,徳島県,0,,-
CANNON BALLERS,255,0,,-,0,,-,1362,KILIN,徳島県,3204,L#RUKA,徳島県,0,,-
CANNON BALLERS,AA -rebuild-,0,,-,1082,HRDMKO,徳島県,2360,O-TA13,徳島県,3561,L#RUKA,徳島県,0,,-
CANNON BALLERS,Abraxas,0,,-,0,,-,1372,NANANA,徳島県,2394,3238SU,徳島県,0,,-
CANNON BALLERS,ACCELERATE,0,,-,748,ONGEKI,徳島県,1625,TAKE,徳島県,2471,MA-KUN,徳島県,0,,-
CANNON BALLERS,Alpheratz,0,,-,304,KAZUMA,徳島県,977,K,徳島県,2088,MA-KUN,徳島県,2845,KOUIKA,徳島県
CANNON BALLERS,Amor De Verao,0,,-,271,KAZUMA,徳島県,1166,RAICHO,徳島県,2275,MA-KUN,徳島県,0,,-
CANNON BALLERS,ANAGMA,0,,-,0,,-,1567,RAICHO,徳島県,2515,MA-KUN,徳島県,0,,-
CANNON BALLERS,ANCHOR,0,,-,1196,RAICHO,徳島県,2107,M,徳島県,3508,L#RUKA,徳島県,0,,-
CANNON BALLERS,Antigravity,0,,-,0,,-,1500,AAA,徳島県,3020,L#RUKA,徳島県,0,,-
CANNON BALLERS,Arca,0,,-,0,,-,1672,.69,徳島県,3100,L#RUKA,徳島県,0,,-
CANNON BALLERS,Around the Future,0,,-,0,,-,1486,ORE,徳島県,2513,MA-KUN,徳島県,0,,-
CANNON BALLERS,Back Spin Sweeper,0,,-,455,IIDX32,徳島県,1208,ORE,徳島県,2166,MA-KUN,徳島県,0,,-
CANNON BALLERS,Battleground,0,,-,803,TAKE.,徳島県,1708,ORE,徳島県,2676,L#RUKA,徳島県,0,,-
CANNON BALLERS,Be a Hero!,0,,-,609,TAKE.,徳島県,1661,Q,徳島県,2983,KOUIKA,徳島県,0,,-
CANNON BALLERS,Best of Me,0,,-,282,1STPAA,徳島県,1251,KA3D3,徳島県,2168,MA-KUN,徳島県,0,,-
CANNON BALLERS,Boomy and The Boost,0,,-,756,TAKE.,徳島県,1902,HRDN,徳島県,3501,L#RUKA,徳島県,0,,-
CANNON BALLERS,Break Stasis,0,,-,1233,ROUTE9,徳島県,1866,LKAR,徳島県,2370,12EX65,徳島県,0,,-
CANNON BALLERS,ChaserXX,0,,-,706,TAKE.,徳島県,1403,MISTY*,徳島県,2672,MA-KUN,徳島県,3680,L#RUKA,徳島県
CANNON BALLERS,Chemical Cookie,0,,-,403,KEL,徳島県,975,YASUO,徳島県,2086,KOUIKA,徳島県,0,,-
CANNON BALLERS,City Never Sleeps (IIDX Edition),0,,-,0,,-,1838,FA20,徳島県,2626,KOUIKA,徳島県,0,,-
CANNON BALLERS,COSMIC☆WONDER☆REVOLUTION,0,,-,637,TAKE.,徳島県,1175,RAICHO,徳島県,2063,O-TA13,徳島県,0,,-
CANNON BALLERS,DEADHEAT,0,,-,682,KAZUMA,徳島県,1765,M,徳島県,3288,L#RUKA,徳島県,0,,-
CANNON BALLERS,DEATH†ZIGOQ ～怒りの高速爆走野郎～,0,,-,1305,ORE,徳島県,2331,12EX65,徳島県,3940,L#RUKA,徳島県,4532,L#RUKA,徳島県
CANNON BALLERS,DropZ-Line-,0,,-,833,TAKE.,徳島県,1710,ORE,徳島県,3072,L#RUKA,徳島県,0,,-
CANNON BALLERS,Eine Haube ～聖地の果てにあるもの～,0,,-,749,TAKE.,徳島県,1398,DG192,徳島県,2445,6,徳島県,0,,-
CANNON BALLERS,EMERALDAS,228,HACHI!,徳島県,1125,KA3D3,徳島県,2266,6,徳島県,3414,L#RUKA,徳島県,0,,-
CANNON BALLERS,encounter,0,,-,0,,-,1412,HISHI,徳島県,3286,L#RUKA,徳島県,0,,-
CANNON BALLERS,Exhaust Hype,0,,-,849,TAKE.,徳島県,1726,ORE,徳島県,2783,L#RUKA,徳島県,0,,-
CANNON BALLERS,Expanded !!,0,,-,0,,-,1335,K,徳島県,2585,3238SU,徳島県,0,,-
CANNON BALLERS,Fervidex,0,,-,606,TAKE.,徳島県,1627,AAA,徳島県,2634,MA-KUN,徳島県,0,,-
CANNON BALLERS,FREEDOM,0,,-,0,,-,1689,DG192,徳島県,2858,3238SU,徳島県,0,,-
CANNON BALLERS,From Time To Time,0,,-,0,,-,1720,ORE,徳島県,2479,3238SU,徳島県,0,,-
CANNON BALLERS,FUTURE is Dead,0,,-,0,,-,1342,TAKE,徳島県,2164,L#RUKA,徳島県,0,,-
CANNON BALLERS,Get Up! feat. Kanae Asaba,0,,-,0,,-,1142,ORE,徳島県,1747,N,徳島県,0,,-
CANNON BALLERS,HAT TRICK,0,,-,0,,-,1406,DG192,徳島県,2146,HAZUKI,徳島県,0,,-
CANNON BALLERS,Hella Deep,0,,-,561,ZEITA9,徳島県,894,K,徳島県,1775,MA-KUN,徳島県,0,,-
CANNON BALLERS,HYPE THE CORE,0,,-,0,,-,1678,M,徳島県,2926,L#RUKA,徳島県,0,,-
CANNON BALLERS,I Love You,0,,-,817,TAKE.,徳島県,1559,POOH$,徳島県,2718,L#RUKA,徳島県,0,,-
CANNON BALLERS,Illusionary Waterlily,0,,-,927,TAKE.,徳島県,2043,LKAR,徳島県,3452,L#RUKA,徳島県,0,,-
CANNON BALLERS,Initiation,294,HACHI!,徳島県,1355,HRDMKO,徳島県,2286,12EX65,徳島県,3833,L#RUKA,徳島県,0,,-
CANNON BALLERS,"Life Is A Game ft.DD""ナカタ""Metal",0,,-,749,TOMATO,徳島県,1660,M,徳島県,3395,L#RUKA,徳島県,0,,-
CANNON BALLERS,LUV DRIVE,0,,-,698,TAKE.,徳島県,1034,JAE,徳島県,2053,MA-KUN,徳島県,0,,-
CANNON BALLERS,MAXIVCORD,0,,-,428,KIIRO,徳島県,915,TAKE.,徳島県,2452,L#RUKA,徳島県,0,,-
CANNON BALLERS,Midnight Lady,0,,-,285,MINT,徳島県,0,,-,1929,MA-KUN,徳島県,0,,-
CANNON BALLERS,n'pa pa BBQ,0,,-,777,ZEITA9,徳島県,1697,DG192,徳島県,2710,MA-KUN,徳島県,0,,-
CANNON BALLERS,NITROUS CANNON,0,,-,983,KA3D3,徳島県,1893,TAKE,徳島県,3581,L#RUKA,徳島県,0,,-
CANNON BALLERS,No Limit 2 dAnce feat. 大山愛未,0,,-,791,SHIMA,徳島県,1512,DG192,徳島県,2331,L#RUKA,徳島県,0,,-
CANNON BALLERS,Nothing but Theory,0,,-,588,ONGEKI,徳島県,1562,DG192,徳島県,2805,3238SU,徳島県,3713,L#RUKA,徳島県
CANNON BALLERS,O/D*20,0,,-,805,SMNFFF,徳島県,1551,SOL!D,徳島県,2099,3238SU,徳島県,3834,L#RUKA,徳島県
CANNON BALLERS,Only for now,0,,-,517,TOMATO,徳島県,1540,DG192,徳島県,2245,MA-KUN,徳島県,0,,-
CANNON BALLERS,Papilio ulysses,0,,-,1149,ORE,徳島県,2003,12EX65,徳島県,2866,L#RUKA,徳島県,0,,-
CANNON BALLERS,Persephone,0,,-,1048,BLD,徳島県,1755,ORE,徳島県,2978,L#RUKA,徳島県,0,,-
CANNON BALLERS,Rampage,0,,-,1264,ORE,徳島県,2340,TAKU,徳島県,3590,L#RUKA,徳島県,0,,-
CANNON BALLERS,Raspberry Railgun,0,,-,1070,RAICHO,徳島県,1786,Q,徳島県,3124,L#RUKA,徳島県,0,,-
CANNON BALLERS,REVOLVER,0,,-,0,,-,1581,DG192,徳島県,2587,6,徳島県,3253,L#RUKA,徳島県
CANNON BALLERS,Sleepless days,0,,-,408,TAKE.,徳島県,679,15102,徳島県,1573,KOUIKA,徳島県,0,,-
CANNON BALLERS,Slipstream,0,,-,0,,-,1765,ORE,徳島県,3484,L#RUKA,徳島県,0,,-
CANNON BALLERS,SPEED DEMON,0,,-,512,SHIMA,徳島県,1449,MA-KUN,徳島県,2335,L#RUKA,徳島県,0,,-
CANNON BALLERS,STARLIGHT JUNCTION,0,,-,649,TAKE.,徳島県,1519,DG192,徳島県,2254,MA-KUN,徳島県,2839,MA-KUN,徳島県
CANNON BALLERS,Static State,0,,-,0,,-,1577,ORE,徳島県,2082,DG192,徳島県,0,,-
CANNON BALLERS,Temple of Anubis,0,,-,0,,-,1388,VOXEL,徳島県,2618,L#RUKA,徳島県,0,,-
CANNON BALLERS,THE CANNONBALLER,312,HACHI!,徳島県,1149,KA3D3,徳島県,1992,KIRIN,徳島県,3390,L#RUKA,徳島県,0,,-
CANNON BALLERS,The Chase,0,,-,0,,-,1259,TAKE,徳島県,2106,L#RUKA,徳島県,0,,-
CANNON BALLERS,UMMU,0,,-,215,PAM1,徳島県,1926,LKAR,徳島県,2953,MA-KUN,徳島県,0,,-
CANNON BALLERS,Usual Days-remix,0,,-,0,,-,1276,ORE,徳島県,2548,3238SU,徳島県,0,,-
CANNON BALLERS,Xperanza,343,MINT,徳島県,1274,RAICHO,徳島県,2318,12EX65,徳島県,3126,L#RUKA,徳島県,0,,-
CANNON BALLERS,うさ☆かめ 大戦争！,0,,-,530,ONGEKI,徳島県,1490,ORE,徳島県,2436,MA-KUN,徳島県,0,,-
CANNON BALLERS,エディブルフラワーの独白,0,,-,624,TOMATO,徳島県,1503,DG192,徳島県,2129,12EX65,徳島県,0,,-
CANNON BALLERS,シムルグの目醒め,0,,-,1194,BLD,徳島県,2153,12EX65,徳島県,3365,L#RUKA,徳島県,0,,-
CANNON BALLERS,ナイトシティー・アヴァンチュール,0,,-,673,HACHI!,徳島県,1426,BLD,徳島県,2031,HAZUKI,徳島県,0,,-
CANNON BALLERS,ハイ*ビスカス ft. Kanae Asaba,0,,-,649,TOMATO,徳島県,1327,BLD,徳島県,2270,KAREN!,徳島県,0,,-
CANNON BALLERS,バ→ビ→ブ→Bomb!,0,,-,613,4MENSC,徳島県,1666,ORE,徳島県,2488,3238SU,徳島県,0,,-
CANNON BALLERS,バスルーム ロマンス,0,,-,704,SHIMA,徳島県,1288,SOL!D,徳島県,2328,6,徳島県,0,,-
CANNON BALLERS,パラドキシカル・タイムリープトライアル(Short Ver.),0,,-,735,ASA,徳島県,1765,ORE,徳島県,2632,6,徳島県,0,,-
CANNON BALLERS,ラストセンチュリーメランコリック,0,,-,614,HACHI!,徳島県,1395,M,徳島県,2138,KOUIKA,徳島県,0,,-
CANNON BALLERS,共犯ヘヴンズコード,0,,-,414,DRVUS*,徳島県,0,,-,2199,MA-KUN,徳島県,0,,-
CANNON BALLERS,命の標本,0,,-,485,TAKE.,徳島県,1632,DG192,徳島県,2540,MA-KUN,徳島県,0,,-
CANNON BALLERS,東京神話,301,MINT,徳島県,757,SHIMA,徳島県,1703,HAZUKI,徳島県,2763,L#RUKA,徳島県,0,,-
CANNON BALLERS,神謳 -RESONANCE-,0,,-,1168,TAKE.,徳島県,2325,FA20,徳島県,3968,L#RUKA,徳島県,0,,-
CANNON BALLERS,純真可憐デザイア,0,,-,638,TAKE.,徳島県,1575,FA20,徳島県,2317,KOUIKA,徳島県,2921,L#RUKA,徳島県
CANNON BALLERS,草原の王女-軌跡を辿って-,0,,-,563,SATO,徳島県,887,SHIMA,徳島県,2182,6,徳島県,0,,-
Rootage,& Intelligence,0,,-,0,,-,1852,ORE,徳島県,3037,KOUIKA,徳島県,0,,-
Rootage,50th Memorial Songs -Beginning Story-,0,,-,644,TAKE.,徳島県,1626,DG192,徳島県,2621,MA-KUN,徳島県,0,,-
Rootage,50th Memorial Songs -Flagship medley-,0,,-,0,,-,1069,TAKE.,徳島県,2218,MA-KUN,徳島県,0,,-
Rootage,50th Memorial Songs -The BEMANI History-,0,,-,0,,-,1475,ORE,徳島県,2460,MA-KUN,徳島県,0,,-
Rootage,50th Memorial Songs -二人の時 ～under the cherry blossoms～-,0,,-,0,,-,1598,DG192,徳島県,2589,3238SU,徳島県,0,,-
Rootage,Afterimage d'automne,0,,-,670,SMNFFF,徳島県,1497,K,徳島県,2697,MA-KUN,徳島県,0,,-
Rootage,BLACK JACKAL,0,,-,569,KIIRO,徳島県,1350,JAE,徳島県,2276,MA-KUN,徳島県,0,,-
Rootage,BLOSSOM,0,,-,706,TOMATO,徳島県,1475,ORE,徳島県,2504,3238SU,徳島県,0,,-
Rootage,Carmina,464,9-ROW,徳島県,1210,ORE,徳島県,2030,Y.C.,徳島県,3602,L#RUKA,徳島県,0,,-
Rootage,Carry Me Away,428,RYO,徳島県,899,KA3D3,徳島県,1615,ORE,徳島県,3139,L#RUKA,徳島県,0,,-
Rootage,Catch Our Fire!,0,,-,1201,RAICHO,徳島県,1935,HRDN,徳島県,3659,L#RUKA,徳島県,0,,-
Rootage,CODE:0,0,,-,377,HACHI!,徳島県,1633,KA3D3,徳島県,2720,MA-KUN,徳島県,3305,L#RUKA,徳島県
Rootage,CoMAAAAAAA,0,,-,462,HACHI!,徳島県,1845,ORE,徳島県,2403,L#RUKA,徳島県,3778,L#RUKA,徳島県
Rootage,COSMIC CYBER,0,,-,0,,-,1538,ORE,徳島県,2801,6,徳島県,0,,-
Rootage,Cranberry City ft. Luschel,0,,-,693,KIIRO,徳島県,1417,RAICHO,徳島県,2374,3238SU,徳島県,0,,-
Rootage,dAuntl3ss,0,,-,0,,-,1748,ROUTE9,徳島県,3472,L#RUKA,徳島県,0,,-
Rootage,Dr. Chemical & Killing Machine,0,,-,0,,-,1716,ORE,徳島県,3349,L#RUKA,徳島県,0,,-
Rootage,Drastic Dramatic,0,,-,0,,-,2106,TAKE,徳島県,3481,L#RUKA,徳島県,0,,-
Rootage,DRUNK MONKY,0,,-,793,BLD,徳島県,1389,FIN,徳島県,2281,L#RUKA,徳島県,0,,-
Rootage,Ember Lights,0,,-,765,GJAKIT,徳島県,1588,FA20,徳島県,2664,3238SU,徳島県,3076,L#RUKA,徳島県
Rootage,EVANESCENT,0,,-,0,,-,2108,TAKE,徳島県,3551,L#RUKA,徳島県,0,,-
Rootage,Garuda,0,,-,712,TAKE.,徳島県,1456,ORE,徳島県,2533,MA-KUN,徳島県,0,,-
Rootage,Geirskögul,0,,-,0,,-,1435,K,徳島県,2171,MA-KUN,徳島県,0,,-
Rootage,GENE,0,,-,1101,ORE,徳島県,1864,FA20,徳島県,4269,L#RUKA,徳島県,3291,KOUIKA,徳島県
Rootage,GIGA THRASH,0,,-,0,,-,1872,3238SU,徳島県,2599,MA-KUN,徳島県,0,,-
Rootage,Glory,0,,-,0,,-,1276,RAICHO,徳島県,2321,L#RUKA,徳島県,0,,-
Rootage,GO OVER WITH GLARE -ROOTAGE 26-,0,,-,884,RAICHO,徳島県,2066,FIN,徳島県,3830,L#RUKA,徳島県,0,,-
Rootage,HARD BRAIN,0,,-,0,,-,1876,TAKE,徳島県,3738,L#RUKA,徳島県,0,,-
Rootage,HEISEI,0,,-,623,TOMATO,徳島県,1816,TAKE,徳島県,2527,L#RUKA,徳島県,0,,-
Rootage,Hurry Hurry,0,,-,0,,-,0,,-,2083,L#RUKA,徳島県,0,,-
Rootage,IDC feat.REVERBEE (Mo'Cuts Ver),0,,-,835,KA3D3,徳島県,1195,M,徳島県,2151,MA-KUN,徳島県,0,,-
Rootage,IDOL syndrome.,0,,-,536,KIRIN,徳島県,1323,ORE,徳島県,2104,O-TA13,徳島県,2960,L#RUKA,徳島県
Rootage,KILL EACH OTHER,0,,-,1013,KA3D3,徳島県,2110,FUCHY,徳島県,3775,L#RUKA,徳島県,0,,-
Rootage,L.F.O,0,,-,831,K,徳島県,1571,ORE,徳島県,3270,L#RUKA,徳島県,0,,-
Rootage,LADYBIRD,0,,-,0,,-,1432,Q,徳島県,2344,6,徳島県,0,,-
Rootage,Let me be your cure,0,,-,917,TAKE.,徳島県,1364,ORE,徳島県,2627,KOUIKA,徳島県,0,,-
Rootage,Lethal Weapon,0,,-,882,SMNFFF,徳島県,1707,FIN,徳島県,3156,L#RUKA,徳島県,0,,-
Rootage,Level One,0,,-,1083,BLD,徳島県,2131,FUCHY,徳島県,3348,L#RUKA,徳島県,0,,-
Rootage,Lift Us High,0,,-,560,KAZUMA,徳島県,1358,K,徳島県,2420,MA-KUN,徳島県,0,,-
Rootage,LOST TECHNOLOGIE,0,,-,799,HIOH,徳島県,1660,NANANA,徳島県,3418,L#RUKA,徳島県,0,,-
Rootage,Macho Monky,0,,-,1062,KA3D3,徳島県,1741,ORE,徳島県,2982,L#RUKA,徳島県,0,,-
Rootage,Necroxis Girl,0,,-,563,TOMATO,徳島県,1629,M,徳島県,2785,L#RUKA,徳島県,0,,-
Rootage,"Next Tales 2 Oath (IIDX 20th Anniv ""Ring"" Theme)",0,,-,633,TAKE.,徳島県,1543,ORE,徳島県,2670,3238SU,徳島県,0,,-
Rootage,Night! Night! Night!,0,,-,889,SHIMA,徳島県,1738,TAKE,徳島県,2972,3238SU,徳島県,0,,-
Rootage,ONIGOROSHI,0,,-,0,,-,2015,12EX65,徳島県,2947,L#RUKA,徳島県,0,,-
Rootage,OVER TIME,0,,-,469,TAKE.,徳島県,976,MA-KUN,徳島県,1505,TAKE,徳島県,2013,L#RUKA,徳島県
Rootage,Painful Fate,0,,-,0,,-,1954,M,徳島県,3310,L#RUKA,徳島県,0,,-
Rootage,Playing With Fire,0,,-,706,SHIMA,徳島県,1459,ORE,徳島県,2225,6,徳島県,0,,-
Rootage,Psycho Sheep Riddim,0,,-,419,HACHI!,徳島県,874,RAICHO,徳島県,1581,12EX65,徳島県,2094,L#RUKA,徳島県
Rootage,Red. by Jack Trance,0,,-,1224,KA3D3,徳島県,1971,TAKE,徳島県,3388,L#RUKA,徳島県,0,,-
Rootage,REPLAY,0,,-,666,TAKE.,徳島県,1551,DG192,徳島県,2239,MA-KUN,徳島県,0,,-
Rootage,ROCK女 feat. 大山愛未， Ken,0,,-,968,DG192,徳島県,1598,ORE,徳島県,2582,3238SU,徳島県,0,,-
Rootage,ruin of opals,0,,-,687,SMNFFF,徳島県,1816,12EX65,徳島県,3042,L#RUKA,徳島県,0,,-
Rootage,R∞tAge,0,,-,620,TOMATO,徳島県,1614,DG192,徳島県,2869,MA-KUN,徳島県,0,,-
Rootage,SPEED ROCKER,0,,-,430,AMOEB,徳島県,1482,ORE,徳島県,2167,RIN5.,徳島県,0,,-
Rootage,Technicolour Dreams,0,,-,0,,-,1415,DG192,徳島県,2358,MA-KUN,徳島県,0,,-
Rootage,The Best of Both Worlds,0,,-,346,....!!,徳島県,1368,TAKE,徳島県,2197,3238SU,徳島県,0,,-
Rootage,THE DAY OF JUBILATIONS,0,,-,1307,RAICHO,徳島県,2017,XENON,徳島県,3410,L#RUKA,徳島県,0,,-
Rootage,The Rebellion of Sequencer,0,,-,1087,KILIN,徳島県,1999,MA-KUN,徳島県,3074,L#RUKA,徳島県,0,,-
Rootage,toy boxer,0,,-,610,RYO,徳島県,1400,DG192,徳島県,2202,3238SU,徳島県,0,,-
Rootage,ToyCube Pf.(RX-Ver.S.P.L.),0,,-,0,,-,1403,RAICHO,徳島県,2244,HAZUKI,徳島県,0,,-
Rootage,Trill auf G,0,,-,771,SMNFFF,徳島県,1847,K83,徳島県,3192,L#RUKA,徳島県,0,,-
Rootage,Twilight Warp,0,,-,0,,-,0,,-,2148,L#RUKA,徳島県,0,,-
Rootage,Unbelief,0,,-,0,,-,1640,IIDX33,徳島県,3110,L#RUKA,徳島県,0,,-
Rootage,UNDERWORLD HOLOGRAPHY,0,,-,0,,-,1887,ORE,徳島県,3050,6,徳島県,0,,-
Rootage,Urban Constellations,0,,-,0,,-,1449,DG192,徳島県,2189,MA-KUN,徳島県,3155,KOUIKA,徳島県
Rootage,Visterhv,0,,-,1148,F*REAF,徳島県,1934,M,徳島県,3649,L#RUKA,徳島県,0,,-
Rootage,voltississimo,0,,-,0,,-,1749,96PAN,徳島県,3552,L#RUKA,徳島県,0,,-
Rootage,Wing of Hearts,0,,-,1065,K,徳島県,1763,DG192,徳島県,2894,3238SU,徳島県,0,,-
Rootage,Wolf 1061,0,,-,459,AMOEB,徳島県,1677,DG192,徳島県,2941,MA-KUN,徳島県,0,,-
Rootage,Wonderland,0,,-,0,,-,1656,ORE,徳島県,2721,L#RUKA,徳島県,0,,-
Rootage,X-DEN,0,,-,1493,ORE,徳島県,2474,HRDN,徳島県,3815,L#RUKA,徳島県,0,,-
Rootage,XENON II ～TOMOYUKIの野望～,0,,-,1042,BLD,徳島県,1685,LKAR,徳島県,2985,L#RUKA,徳島県,0,,-
Rootage,Xlo,0,,-,0,,-,2242,LKAR,徳島県,3721,L#RUKA,徳島県,0,,-
Rootage,Yum Yum Jelly,0,,-,482,TOMATO,徳島県,1277,NANANA,徳島県,2334,3238SU,徳島県,0,,-
Rootage,ZENDEGI DANCE,0,,-,1080,BLD,徳島県,1620,ORE,徳島県,2743,L#RUKA,徳島県,0,,-
Rootage,おーまい！らぶりー！すうぃーてぃ！だーりん！,0,,-,792,SOCHA,徳島県,1558,KIRIN,徳島県,2827,MA-KUN,徳島県,0,,-
Rootage,お菓子の王国,0,,-,1168,KA3D3,徳島県,2102,12EX65,徳島県,3972,L#RUKA,徳島県,0,,-
Rootage,グラナダの風,0,,-,0,,-,1175,DG192,徳島県,1763,MA-KUN,徳島県,0,,-
Rootage,セカンドピアス,0,,-,420,DRVUS*,徳島県,917,MISTY*,徳島県,1996,L#RUKA,徳島県,0,,-
Rootage,ハードベース・フェスタ,0,,-,805,SMNFFF,徳島県,1621,ORE,徳島県,2795,3238SU,徳島県,0,,-
Rootage,ミストレス・アンに花束を,0,,-,0,,-,972,DG192,徳島県,1373,VEIL,徳島県,0,,-
Rootage,ミッドナイト☆WAR,0,,-,698,AK1!?,徳島県,1556,DG192,徳島県,2490,L#RUKA,徳島県,0,,-
Rootage,夏の匂い。キミの残像。 ft. Kanae Asaba,0,,-,542,TOMATO,徳島県,1507,DG192,徳島県,2555,L#RUKA,徳島県,0,,-
Rootage,抱きしめてモナムール,0,,-,585,TOMATO,徳島県,2213,DG192,徳島県,4099,L#RUKA,徳島県,0,,-
Rootage,最小三倍完全数,0,,-,0,,-,1655,ORE,徳島県,2512,L#RUKA,徳島県,0,,-
Rootage,泰東ノ翠霞,0,,-,0,,-,702,ORE,徳島県,1639,MA-KUN,徳島県,0,,-
Rootage,深愛のリグレット,0,,-,739,AMGR,徳島県,1106,ORE,徳島県,2389,L#RUKA,徳島県,0,,-
Rootage,爆ゼニ☆がってんワーカー,0,,-,915,TAKE.,徳島県,1764,HRDN,徳島県,2658,L#RUKA,徳島県,0,,-
Rootage,花冠 feat.Aikapin,0,,-,233,*,徳島県,1302,GRU,徳島県,2351,N,徳島県,0,,-
Rootage,金野火織の金色提言,0,,-,1129,BLD,徳島県,2120,LKAR,徳島県,3032,L#RUKA,徳島県,0,,-
Rootage,龍王の霊廟(Mausoleum Of The Primal Dragon),0,,-,723,MISTY*,徳島県,2136,TAKE,徳島県,3120,3238SU,徳島県,3955,L#RUKA,徳島県
HEROIC VERSE,27th style,0,,-,1015,BLD,徳島県,1508,T.TOMO,徳島県,2521,L#RUKA,徳島県,2909,KOUIKA,徳島県
HEROIC VERSE,Advent Infamous,0,,-,695,ONGEKI,徳島県,1380,M,徳島県,2680,MA-KUN,徳島県,0,,-
HEROIC VERSE,AKASHIC BREAK,0,,-,988,*,徳島県,2037,TAKE,徳島県,3550,L#RUKA,徳島県,0,,-
HEROIC VERSE,And-RoiD,0,,-,289,MINT,徳島県,1286,DG192,徳島県,1957,KOUIKA,徳島県,0,,-
HEROIC VERSE,Artist,0,,-,1194,RAICHO,徳島県,2024,FIN,徳島県,3524,L#RUKA,徳島県,0,,-
HEROIC VERSE,Backyard Stars,0,,-,652,TAKE.,徳島県,1409,ORE,徳島県,2233,L#RUKA,徳島県,0,,-
HEROIC VERSE,BEAT PRISONER,0,,-,1087,RAICHO,徳島県,2000,FA20,徳島県,3544,L#RUKA,徳島県,0,,-
HEROIC VERSE,beatAffection,0,,-,646,KIIRO,徳島県,1384,K,徳島県,2569,MA-KUN,徳島県,0,,-
HEROIC VERSE,Beautiful Harmony (IIDX Mix),0,,-,0,,-,1607,TAKE,徳島県,2384,MA-KUN,徳島県,0,,-
HEROIC VERSE,Bow shock!!,0,,-,530,ONGEKI,徳島県,1748,HRDMKO,徳島県,3040,3238SU,徳島県,4225,L#RUKA,徳島県
HEROIC VERSE,Calvados Queen,0,,-,0,,-,1249,RAICHO,徳島県,2384,MA-KUN,徳島県,0,,-
HEROIC VERSE,Change Yourself,0,,-,292,KEL,徳島県,994,TAKE.,徳島県,2527,L#RUKA,徳島県,0,,-
HEROIC VERSE,Crank It,0,,-,487,AMOEB,徳島県,1252,RAICHO,徳島県,2432,3238SU,徳島県,0,,-
HEROIC VERSE,Dans la nuit de l'eternite,0,,-,942,TAKE.,徳島県,1887,.69,徳島県,3353,L#RUKA,徳島県,0,,-
HEROIC VERSE,Do What You Want,0,,-,302,MINT,徳島県,0,,-,2032,L#RUKA,徳島県,0,,-
HEROIC VERSE,Double Dribble,0,,-,1068,KA3D3,徳島県,1662,TAKE,徳島県,3289,L#RUKA,徳島県,0,,-
HEROIC VERSE,EROICA,0,,-,1267,BLD,徳島県,2211,12EX65,徳島県,3729,L#RUKA,徳島県,0,,-
HEROIC VERSE,Everlasting Message,0,,-,723,KIRIN,徳島県,2039,96PAN,徳島県,3656,L#RUKA,徳島県,0,,-
HEROIC VERSE,fairy cocktail,0,,-,312,KAZUMA,徳島県,0,,-,1556,12EX65,徳島県,0,,-
HEROIC VERSE,Fly Above (Vicissitude Remix),0,,-,0,,-,1383,ORE,徳島県,2272,12EX65,徳島県,0,,-
HEROIC VERSE,Forgetting Machine,0,,-,467,TOMATO,徳島県,1217,DG192,徳島県,1663,MA-KUN,徳島県,0,,-
HEROIC VERSE,Friction[!]Function,0,,-,833,P-X-N,徳島県,1667,12EX65,徳島県,3154,L#RUKA,徳島県,0,,-
HEROIC VERSE,GHOST,0,,-,623,NARI**,徳島県,1492,MA-KUN,徳島県,2708,L#RUKA,徳島県,0,,-
HEROIC VERSE,GIGA VIOLATE,0,,-,0,,-,1595,DG192,徳島県,2588,MA-KUN,徳島県,0,,-
HEROIC VERSE,Hold My Hand,0,,-,746,TAKE.,徳島県,1654,DG192,徳島県,2483,L#RUKA,徳島県,0,,-
HEROIC VERSE,Hyper Drive feat. ぷにぷに電機,0,,-,568,IIDX30,徳島県,1157,RAICHO,徳島県,1939,HAZUKI,徳島県,0,,-
HEROIC VERSE,If,0,,-,410,KIIRO,徳島県,1291,DG192,徳島県,1878,3238SU,徳島県,0,,-
HEROIC VERSE,Inferno of Fomalhaut,0,,-,412,MANATY,徳島県,1741,12EX65,徳島県,2914,L#RUKA,徳島県,0,,-
HEROIC VERSE,Infinity Mirror,0,,-,0,,-,1250,ORE,徳島県,2228,HAZUKI,徳島県,0,,-
HEROIC VERSE,Into The Madness,0,,-,683,TAKE.,徳島県,1554,DG192,徳島県,2390,MA-KUN,徳島県,0,,-
HEROIC VERSE,LASER CRUSTER (IGNITE REMIX),0,,-,365,KITERU,徳島県,1646,ORE,徳島県,3510,L#RUKA,徳島県,0,,-
HEROIC VERSE,Level 2,0,,-,815,BLD,徳島県,1497,SAKU.,徳島県,2739,KOUIKA,徳島県,0,,-
HEROIC VERSE,LIGHTNING STRIKES,280,IIDX33,徳島県,724,SHIMA,徳島県,1565,ORE,徳島県,3220,L#RUKA,徳島県,4124,L#RUKA,徳島県
HEROIC VERSE,Like+it!,0,,-,794,SMNFFF,徳島県,1580,TAKE,徳島県,2277,3238SU,徳島県,0,,-
HEROIC VERSE,Lords Of The Roundtable,0,,-,978,BLD,徳島県,1695,TAKE,徳島県,2918,L#RUKA,徳島県,0,,-
HEROIC VERSE,Lost Souls,0,,-,0,,-,1329,NANANA,徳島県,2371,MA-KUN,徳島県,3813,L#RUKA,徳島県
HEROIC VERSE,Matt Silver,0,,-,0,,-,1790,KILIN,徳島県,3305,L#RUKA,徳島県,0,,-
HEROIC VERSE,Megalara Garuda,0,,-,1341,LEUCIS,徳島県,1858,LKAR,徳島県,3012,L#RUKA,徳島県,0,,-
HEROIC VERSE,Mel,0,,-,624,TAKE.,徳島県,1480,DG192,徳島県,2154,3238SU,徳島県,2700,L#RUKA,徳島県
HEROIC VERSE,Moving on,0,,-,918,GJAKIT,徳島県,1701,Q,徳島県,2962,L#RUKA,徳島県,0,,-
HEROIC VERSE,Nasty Techniques,0,,-,965,TAKE,徳島県,1689,MA-KUN,徳島県,2636,L#RUKA,徳島県,0,,-
HEROIC VERSE,NEWALONE,0,,-,0,,-,1247,DG192,徳島県,1998,L#RUKA,徳島県,0,,-
HEROIC VERSE,ORCA,0,,-,1116,JAE,徳島県,2252,12EX65,徳島県,3401,L#RUKA,徳島県,0,,-
HEROIC VERSE,OUTER PLANETS,0,,-,0,,-,1081,TAKE.,徳島県,2045,12EX65,徳島県,0,,-
HEROIC VERSE,Override,0,,-,757,TAKE.,徳島県,1517,FA20,徳島県,2788,MA-KUN,徳島県,4223,L#RUKA,徳島県
HEROIC VERSE,PHASE SHIFT MANEUVER,0,,-,0,,-,1555,ORE,徳島県,2731,6,徳島県,0,,-
HEROIC VERSE,Primitive Vibes,0,,-,941,KA3D3,徳島県,1859,NANANA,徳島県,3051,L#RUKA,徳島県,0,,-
HEROIC VERSE,Queen Kaguya,0,,-,738,SHIMA,徳島県,1776,ORE,徳島県,2489,KOUIKA,徳島県,0,,-
HEROIC VERSE,Rainstorm,0,,-,552,448,徳島県,1518,DG192,徳島県,2213,MA-KUN,徳島県,0,,-
HEROIC VERSE,Rave Patroller,0,,-,1222,RAICHO,徳島県,2186,12EX65,徳島県,3346,L#RUKA,徳島県,0,,-
HEROIC VERSE,rough percussionythm,0,,-,827,SHIMA,徳島県,1449,CHA2K3,徳島県,2484,MA-KUN,徳島県,0,,-
HEROIC VERSE,S!ck (Nhato Remix),0,,-,657,SMNFFF,徳島県,1384,SAKU.,徳島県,2520,L#RUKA,徳島県,0,,-
HEROIC VERSE,SCREW // owo // SCREW,0,,-,1047,ORE,徳島県,2074,FA20,徳島県,2905,L#RUKA,徳島県,0,,-
HEROIC VERSE,Shiva,0,,-,443,AMOEB,徳島県,1422,DG192,徳島県,2128,L#RUKA,徳島県,0,,-
HEROIC VERSE,Silly Love,142,IVY!!,徳島県,389,TAKE.,徳島県,1292,DG192,徳島県,2061,L#RUKA,徳島県,0,,-
HEROIC VERSE,Ska-sh All Neurons!!,0,,-,441,TOMATO,徳島県,1371,ORE,徳島県,2293,3238SU,徳島県,0,,-
HEROIC VERSE,Smashing Wedge,0,,-,766,TAKE.,徳島県,2008,TAKU,徳島県,3685,L#RUKA,徳島県,0,,-
HEROIC VERSE,Sparkle Smilin',0,,-,709,KIIRO,徳島県,1464,DG192,徳島県,2387,MA-KUN,徳島県,0,,-
HEROIC VERSE,STOIC HYPOTHESIS,0,,-,975,GJAKIT,徳島県,1632,ORE,徳島県,2703,N,徳島県,0,,-
HEROIC VERSE,Sugar Drippin',0,,-,0,,-,1031,SAYA,徳島県,1951,O-TA13,徳島県,0,,-
HEROIC VERSE,T-REX vs Velociraptor (In the Far east euphoria),0,,-,912,SHIMA,徳島県,1669,HRDN,徳島県,3181,L#RUKA,徳島県,0,,-
HEROIC VERSE,take me higher,0,,-,509,AMOEB,徳島県,1249,DG192,徳島県,2003,L#RUKA,徳島県,0,,-
HEROIC VERSE,TECHNO Style Essentials,0,,-,827,GJAKIT,徳島県,1518,LKAR,徳島県,2834,L#RUKA,徳島県,0,,-
HEROIC VERSE,THE BRAVE MUST DIE,0,,-,0,,-,2339,12EX65,徳島県,4009,L#RUKA,徳島県,0,,-
HEROIC VERSE,THE F∀UST,0,,-,928,KA3D3,徳島県,1871,.69,徳島県,3547,L#RUKA,徳島県,0,,-
HEROIC VERSE,The Sky of Sadness,0,,-,555,KIRIN,徳島県,1494,DG192,徳島県,2305,MA-KUN,徳島県,0,,-
HEROIC VERSE,Theory,0,,-,564,TAKE.,徳島県,1213,RAICHO,徳島県,2486,L#RUKA,徳島県,0,,-
HEROIC VERSE,TRIUMPH,0,,-,888,BLD,徳島県,1895,12EX65,徳島県,3334,L#RUKA,徳島県,0,,-
HEROIC VERSE,UNITE THE HEART,0,,-,1416,ORE,徳島県,2360,NANANA,徳島県,3225,3238SU,徳島県,0,,-
HEROIC VERSE,VALKYRIAS -英雄誕生-,0,,-,844,DAICHI,徳島県,1542,MOMA,徳島県,2648,MA-KUN,徳島県,0,,-
HEROIC VERSE,VIBRΛ,0,,-,0,,-,1291,DG192,徳島県,1817,KOUIKA,徳島県,0,,-
HEROIC VERSE,Vinculum stellarum,0,,-,0,,-,2223,FUCHY,徳島県,3616,L#RUKA,徳島県,0,,-
HEROIC VERSE,Virus Funk,0,,-,426,H1RON,徳島県,1374,ORE,徳島県,2114,6,徳島県,0,,-
HEROIC VERSE,Volcanic Dragon,0,,-,973,BLD,徳島県,1740,DG192,徳島県,2915,3238SU,徳島県,0,,-
HEROIC VERSE,Voo Doo Bamboleo,0,,-,777,IIDX30,徳島県,1500,DG192,徳島県,2351,3238SU,徳島県,0,,-
HEROIC VERSE,Ypsilon,0,,-,787,SHIMA,徳島県,1491,K,徳島県,2764,MA-KUN,徳島県,3518,L#RUKA,徳島県
HEROIC VERSE,がっつり陰キャ!? 怪盗いいんちょの億劫^^;,0,,-,1331,KA3D3,徳島県,2365,HRDN,徳島県,4141,L#RUKA,徳島県,0,,-
HEROIC VERSE,シャムシールの舞,0,,-,664,TAKE.,徳島県,1099,GLA,徳島県,2453,MA-KUN,徳島県,0,,-
HEROIC VERSE,セピアの軌跡 ft. 天宮みや(少女フラクタル),311,TOMATO,徳島県,677,TOMATO,徳島県,1349,K,徳島県,2373,3238SU,徳島県,0,,-
HEROIC VERSE,バッドエンド・シンドローム,0,,-,787,ASA,徳島県,1549,M,徳島県,2883,MA-KUN,徳島県,0,,-
HEROIC VERSE,ピアノ協奏曲第1番”蠍火” (BlackY Remix),0,,-,819,TAKE.,徳島県,1939,DG192,徳島県,3682,L#RUKA,徳島県,0,,-
HEROIC VERSE,ラブキラ☆スプラッシュ,0,,-,724,TAKE.,徳島県,1657,MA-KUN,徳島県,2520,L#RUKA,徳島県,0,,-
HEROIC VERSE,ランカーキラーガール,0,,-,1044,LUN,徳島県,1694,Q,徳島県,2885,3238SU,徳島県,0,,-
HEROIC VERSE,曼荼羅恋々,0,,-,819,TOMATO,徳島県,1608,ORE,徳島県,2627,6,徳島県,0,,-
HEROIC VERSE,深淵に捧ぐレクイエム,0,,-,657,TAKE.,徳島県,1508,12EX65,徳島県,2985,L#RUKA,徳島県,0,,-
HEROIC VERSE,灼熱Beach Side Bunny (Masayoshi Iimori Remix),0,,-,406,AMOEB,徳島県,962,BLD,徳島県,1805,MA-KUN,徳島県,0,,-
HEROIC VERSE,狂水一華,0,,-,727,DAICHI,徳島県,1576,ORE,徳島県,2640,3238SU,徳島県,0,,-
HEROIC VERSE,眠りの国のステラ,0,,-,1112,BLD,徳島県,1731,ORE,徳島県,2671,MA-KUN,徳島県,0,,-
HEROIC VERSE,華麗なる大犬円舞曲,0,,-,851,SMNFFF,徳島県,1898,TAKE,徳島県,3434,L#RUKA,徳島県,0,,-
HEROIC VERSE,錬成人間トリコロイダー,0,,-,701,HACHI!,徳島県,1786,DG192,徳島県,3163,3238SU,徳島県,0,,-
HEROIC VERSE,開きたまえ！Next stAge！,0,,-,818,DAICHI,徳島県,1536,T.TOMO,徳島県,2763,MA-KUN,徳島県,0,,-
HEROIC VERSE,魅惑のYUMMYスイーツ,0,,-,0,,-,1465,K,徳島県,3012,L#RUKA,徳島県,0,,-
BISTROVER,-65℃,0,,-,1248,BLD,徳島県,1973,M,徳島県,3647,L#RUKA,徳島県,0,,-
BISTROVER,ABSOLUTE (kors k Remix),0,,-,781,TAKE.,徳島県,1419,TAKE,徳島県,2622,L#RUKA,徳島県,0,,-
BISTROVER,Ah Hah Yeah,0,,-,266,KAZUMA,徳島県,1257,ORE,徳島県,2056,MA-KUN,徳島県,0,,-
BISTROVER,AMRITA -不滅ノ花-,0,,-,724,TOMATO,徳島県,1612,MA-KUN,徳島県,2711,3238SU,徳島県,0,,-
BISTROVER,apo:llioth,0,,-,898,KIIRO,徳島県,1970,TAKE,徳島県,2840,MA-KUN,徳島県,0,,-
BISTROVER,As You Want,0,,-,309,KAZUMA,徳島県,1159,TAKE.,徳島県,2364,MA-KUN,徳島県,0,,-
BISTROVER,ASIAN VIRTUAL REALITIES (MELTING TOGETHER IN DAZZLING DARKNESS),0,,-,0,,-,1845,MA-KUN,徳島県,3236,L#RUKA,徳島県,0,,-
BISTROVER,BEMANI PRO LEAGUE Theme,0,,-,380,HACHI!,徳島県,1290,DG192,徳島県,1921,KOUIKA,徳島県,0,,-
BISTROVER,BIGソムタム,561,MA-KUN,徳島県,1072,GLA,徳島県,1758,ORE,徳島県,3319,L#RUKA,徳島県,0,,-
BISTROVER,BLACK or WHITE?,521,KIIRO,徳島県,1032,KIIRO,徳島県,2283,TAKE,徳島県,3871,L#RUKA,徳島県,0,,-
BISTROVER,Burning Flame,0,,-,1038,BLD,徳島県,1516,RAICHO,徳島県,2828,3238SU,徳島県,3737,L#RUKA,徳島県
BISTROVER,Chewingood!!!,244,RINDA,徳島県,778,RYO,徳島県,1422,SOL!D,徳島県,2580,3238SU,徳島県,0,,-
BISTROVER,COSMIC RAY,0,,-,754,MMG,徳島県,1618,KILIN,徳島県,2842,L#RUKA,徳島県,0,,-
BISTROVER,Crazy Jackpot,0,,-,762,KIIRO,徳島県,1522,ORE,徳島県,2770,3238SU,徳島県,0,,-
BISTROVER,Danza Aestas,0,,-,535,ONGEKI,徳島県,1701,DG192,徳島県,2990,L#RUKA,徳島県,0,,-
BISTROVER,Dawn Saga,0,,-,649,HIOH,徳島県,1421,K,徳島県,2575,6,徳島県,0,,-
BISTROVER,DENIM,0,,-,458,GJAKIT,徳島県,1145,IIDX33,徳島県,1684,6,徳島県,0,,-
BISTROVER,Don't Stop The Music feat. Kanae Asaba,0,,-,414,TAKE.,徳島県,1130,CHA2K3,徳島県,1875,L#RUKA,徳島県,0,,-
BISTROVER,DUAL STRIKER,0,,-,1039,LUN,徳島県,2324,LKAR,徳島県,3800,L#RUKA,徳島県,0,,-
BISTROVER,Empire of Fury,0,,-,0,,-,2022,12EX65,徳島県,3231,L#RUKA,徳島県,0,,-
BISTROVER,Euphoric Lagoon,0,,-,0,,-,1595,DG192,徳島県,2555,MA-KUN,徳島県,0,,-
BISTROVER,Explorer feat. ぷにぷに電機,0,,-,566,TAKE.,徳島県,1146,RAICHO,徳島県,2123,MA-KUN,徳島県,2864,L#RUKA,徳島県
BISTROVER,Farewell to Marrakech,0,,-,626,HIOH,徳島県,1114,SAYA,徳島県,2146,6,徳島県,0,,-
BISTROVER,Fire Beat,0,,-,0,,-,1693,DG192,徳島県,2730,L#RUKA,徳島県,0,,-
BISTROVER,Frisk And Squeak,0,,-,532,AMOEB,徳島県,1245,RAICHO,徳島県,2394,3238SU,徳島県,0,,-
BISTROVER,GIGA RAID,0,,-,660,TAKE.,徳島県,1211,TAKE.,徳島県,2395,L#RUKA,徳島県,0,,-
BISTROVER,Globe Glitter,0,,-,822,TAKE.,徳島県,1639,DG192,徳島県,2527,6,徳島県,0,,-
BISTROVER,Here We Are,0,,-,1011,ORE,徳島県,1695,DG192,徳島県,2445,KOUIKA,徳島県,0,,-
BISTROVER,HIGH VOLTAGE,0,,-,465,AMOEB,徳島県,1301,ORE,徳島県,2228,MA-KUN,徳島県,0,,-
BISTROVER,Ignis†Irae,0,,-,0,,-,2238,12EX65,徳島県,3570,L#RUKA,徳島県,0,,-
BISTROVER,IIDX RED Ending (Ryu☆Remix),0,,-,416,HACHI!,徳島県,1071,K,徳島県,1857,L#RUKA,徳島県,0,,-
BISTROVER,innocent revolver,0,,-,0,,-,2193,TAKE,徳島県,3799,L#RUKA,徳島県,0,,-
BISTROVER,Jungle Eater,0,,-,457,MINT,徳島県,1489,RAICHO,徳島県,2912,KOUIKA,徳島県,0,,-
BISTROVER,LAST DAY,0,,-,0,,-,1434,RAICHO,徳島県,2979,KOUIKA,徳島県,0,,-
BISTROVER,Level 3,0,,-,1122,BLD,徳島県,2120,FUCHY,徳島県,3351,L#RUKA,徳島県,0,,-
BISTROVER,LOCUS OF THE TRAVEL,0,,-,1011,BLD,徳島県,2297,12EX65,徳島県,3543,L#RUKA,徳島県,0,,-
BISTROVER,Lovely Howdy Cowboy!!,0,,-,892,GJAKIT,徳島県,1634,ORE,徳島県,2661,MA-KUN,徳島県,0,,-
BISTROVER,MA・TSU・RI,0,,-,637,448,徳島県,1664,ORE,徳島県,2543,L#RUKA,徳島県,0,,-
BISTROVER,MEGAERA,0,,-,1347,ORE,徳島県,2002,12EX65,徳島県,3403,L#RUKA,徳島県,0,,-
BISTROVER,Midnight Drive,0,,-,360,KAZUMA,徳島県,1050,KA3D3,徳島県,1967,L#RUKA,徳島県,0,,-
BISTROVER,MOVE! (We Keep It Movin'),0,,-,0,,-,955,SHIMA,徳島県,2195,L#RUKA,徳島県,0,,-
BISTROVER,Neo Heritage,0,,-,688,DAICHI,徳島県,1496,ORE,徳島県,2788,KOUIKA,徳島県,0,,-
BISTROVER,Ocean Blue feat. Luschel,0,,-,644,TAKE.,徳島県,1293,ORE,徳島県,2376,O-TA13,徳島県,0,,-
BISTROVER,of the first magnitude,0,,-,0,,-,1712,ORE,徳島県,2923,3238SU,徳島県,0,,-
BISTROVER,OTOKOZAKA,0,,-,817,GJAKIT,徳島県,1849,FA20,徳島県,2782,MA-KUN,徳島県,0,,-
BISTROVER,Overslept,0,,-,727,TAKE.,徳島県,1586,ORE,徳島県,2449,MA-KUN,徳島県,0,,-
BISTROVER,Para siempre,0,,-,555,ONGEKI,徳島県,1507,DG192,徳島県,2801,MA-KUN,徳島県,0,,-
BISTROVER,Parvati,0,,-,889,GJAKIT,徳島県,1741,ORE,徳島県,2827,L#RUKA,徳島県,0,,-
BISTROVER,POLKAMANIA,0,,-,735,RINDA,徳島県,1513,HRDMKO,徳島県,2805,MA-KUN,徳島県,3643,L#RUKA,徳島県
BISTROVER,Rejection Girl,0,,-,0,,-,1593,TAKE,徳島県,2615,L#RUKA,徳島県,0,,-
BISTROVER,Ritual of Anubis,0,,-,0,,-,1693,ORE,徳島県,2741,3238SU,徳島県,0,,-
BISTROVER,Romanticが止まらない,317,TOMATO,徳島県,652,ASA,徳島県,1657,DG192,徳島県,2701,KOUIKA,徳島県,0,,-
BISTROVER,rommmo,0,,-,0,,-,1643,ORE,徳島県,3415,L#RUKA,徳島県,0,,-
BISTROVER,Rosa azuL,0,,-,0,,-,1606,ORE,徳島県,2746,L#RUKA,徳島県,0,,-
BISTROVER,Rowdy,0,,-,0,,-,1547,DG192,徳島県,2480,L#RUKA,徳島県,0,,-
BISTROVER,Rubrum Piano,0,,-,0,,-,1554,ORE,徳島県,2338,6,徳島県,0,,-
BISTROVER,S-Bahn,0,,-,428,AMOEB,徳島県,982,SOU-X,徳島県,2131,O-TA13,徳島県,0,,-
BISTROVER,Sinus Iridum,0,,-,786,KA3D3,徳島県,2009,MA-KUN,徳島県,3138,L#RUKA,徳島県,0,,-
BISTROVER,smooooch・∀・ (Snail's House Remix),0,,-,672,TAKE.,徳島県,1555,DG192,徳島県,2290,6,徳島県,0,,-
BISTROVER,SOLID STATE SQUAD -RISEN RELIC REMIX-,0,,-,0,,-,2056,TAKE,徳島県,3238,L#RUKA,徳島県,0,,-
BISTROVER,Sugarplum,0,,-,724,RYOMA,徳島県,1847,HAZUKI,徳島県,2512,MA-KUN,徳島県,0,,-
BISTROVER,Swarm Of Scarabs,0,,-,895,9-ROW,徳島県,1498,3238SU,徳島県,2287,MA-KUN,徳島県,0,,-
BISTROVER,Tell me what you wish feat.らっぷびと,0,,-,1006,GJAKIT,徳島県,1579,DG192,徳島県,2769,MA-KUN,徳島県,0,,-
BISTROVER,That Feeling,0,,-,0,,-,1197,DG192,徳島県,1885,3238SU,徳島県,0,,-
BISTROVER,THE PEERLESS UNDER HEAVEN,0,,-,946,BLD,徳島県,1854,12EX65,徳島県,3341,L#RUKA,徳島県,0,,-
BISTROVER,The Wind of China Express(The 4th Mashup),0,,-,960,ORE,徳島県,1660,DG192,徳島県,2544,3238SU,徳島県,0,,-
BISTROVER,Tiempo Loco,0,,-,0,,-,1760,ORE,徳島県,3666,L#RUKA,徳島県,0,,-
BISTROVER,Viridian,0,,-,692,TAKE.,徳島県,1890,12EX65,徳島県,3326,L#RUKA,徳島県,0,,-
BISTROVER,Vitrum,0,,-,978,BLD,徳島県,1530,ORE,徳島県,3513,L#RUKA,徳島県,0,,-
BISTROVER,WAKE UP NOW,0,,-,620,448,徳島県,1418,DG192,徳島県,1974,3238SU,徳島県,2468,L#RUKA,徳島県
BISTROVER,When I Met U,0,,-,459,TAKE.,徳島県,1270,DG192,徳島県,2035,MA-KUN,徳島県,0,,-
BISTROVER,Winner's Proof ft. KANASA from bless4,184,KAZUMA,徳島県,642,TAKE.,徳島県,1259,BLD,徳島県,2171,MA-KUN,徳島県,0,,-
BISTROVER,X-ray binary,0,,-,759,TAKE.,徳島県,1770,XENON,徳島県,2729,6,徳島県,0,,-
BISTROVER,Zenith,0,,-,674,GJAKIT,徳島県,1316,ORE,徳島県,2071,3238SU,徳島県,0,,-
BISTROVER,∀,472,TAKE.,徳島県,1214,BLD,徳島県,2117,12EX65,徳島県,3484,L#RUKA,徳島県,0,,-
BISTROVER,ここからよろしく大作戦143,0,,-,751,KIIRO,徳島県,1749,DG192,徳島県,2459,HAZUKI,徳島県,3162,L#RUKA,徳島県
BISTROVER,スーパー戦湯ババンバーン,0,,-,990,GJAKIT,徳島県,2028,NYAMA,徳島県,3384,L#RUKA,徳島県,0,,-
BISTROVER,ディスコルディア,0,,-,874,KIRIN,徳島県,2226,12EX65,徳島県,3772,L#RUKA,徳島県,0,,-
BISTROVER,バッド・スイーツ、バッド・ドリーム,0,,-,636,HACHI!,徳島県,1735,ORE,徳島県,3484,L#RUKA,徳島県,0,,-
BISTROVER,世界の果てに約束の凱歌を -ReUnion-,0,,-,1080,K,徳島県,1731,ORE,徳島県,3807,L#RUKA,徳島県,0,,-
BISTROVER,乱膳の舞姫,0,,-,863,GJAKIT,徳島県,1723,ORE,徳島県,2693,L#RUKA,徳島県,0,,-
BISTROVER,二人ノ廃城幽踊宴,0,,-,976,RAICHO,徳島県,2073,12EX65,徳島県,3509,L#RUKA,徳島県,0,,-
BISTROVER,伐折羅-vajra-,0,,-,927,GJAKIT,徳島県,1997,LKAR,徳島県,3596,L#RUKA,徳島県,0,,-
BISTROVER,儚き恋の華,0,,-,961,F*REAF,徳島県,1617,K,徳島県,2934,3238SU,徳島県,0,,-
BISTROVER,新宝島,402,AZSAMI,徳島県,629,DAICHI,徳島県,1085,SHIMA,徳島県,2277,HAZUKI,徳島県,3509,L#RUKA,徳島県
BISTROVER,水無月の雫 ft. 小林まな,0,,-,953,*,徳島県,1765,DG192,徳島県,2527,MA-KUN,徳島県,0,,-
BISTROVER,水鏡の異界,0,,-,0,,-,1674,12EX65,徳島県,3110,L#RUKA,徳島県,0,,-
BISTROVER,涙のテ・エストラーニョ・ムーチョ,0,,-,1129,BLD,徳島県,1559,K,徳島県,2669,6,徳島県,0,,-
BISTROVER,無意識のフィロソフィア,0,,-,866,GRU,徳島県,2093,ORE,徳島県,3312,L#RUKA,徳島県,0,,-
BISTROVER,犬に雨傘,0,,-,0,,-,1132,TAKE.,徳島県,2093,KOUIKA,徳島県,0,,-
BISTROVER,閠槞彁の願い,0,,-,878,GJAKIT,徳島県,2049,12EX65,徳島県,3073,L#RUKA,徳島県,0,,-
BISTROVER,霧幻メモリア,0,,-,891,BLD,徳島県,1219,RAICHO,徳島県,2027,L#RUKA,徳島県,0,,-
BISTROVER,魔法のかくれんぼ,0,,-,718,PMR,徳島県,1533,DG192,徳島県,2738,L#RUKA,徳島県,0,,-
CastHour,10000 MILES AWAY,0,,-,0,,-,1517,Q,徳島県,2759,6,徳島県,0,,-
CastHour,2 Beasts Unchained,0,,-,943,GJAKIT,徳島県,1591,AAA,徳島県,3329,L#RUKA,徳島県,0,,-
CastHour,808monkey,0,,-,0,,-,0,,-,1799,KOUIKA,徳島県,0,,-
CastHour,ABSOLUTE EVIL,174,TOMATO,徳島県,1158,ORE,徳島県,2159,6,徳島県,3406,L#RUKA,徳島県,0,,-
CastHour,Aftermath,0,,-,0,,-,2096,.69,徳島県,3545,L#RUKA,徳島県,0,,-
CastHour,ALTERNATOR,0,,-,1283,SOL!D,徳島県,2341,12EX65,徳島県,3675,L#RUKA,徳島県,0,,-
CastHour,AMICABLE,0,,-,0,,-,1262,RAICHO,徳島県,2343,6,徳島県,0,,-
CastHour,ANEMONE,187,KAZUMA,徳島県,610,HACHI!,徳島県,1433,RAICHO,徳島県,2125,3238SU,徳島県,0,,-
CastHour,Angel's Ladder,0,,-,198,DDDDEH,徳島県,1808,AAA,徳島県,3373,L#RUKA,徳島県,0,,-
CastHour,Ariah,0,,-,524,TAKE.,徳島県,1363,BLD,徳島県,2141,MA-KUN,徳島県,0,,-
CastHour,Arkadia,0,,-,599,ONGEKI,徳島県,1518,B96,徳島県,3626,L#RUKA,徳島県,0,,-
CastHour,Banger Banger Banger Banger,0,,-,741,KIIRO,徳島県,1592,IIDX33,徳島県,2859,3238SU,徳島県,0,,-
CastHour,Binary Black Hole,0,,-,880,MISTY*,徳島県,2207,12EX65,徳島県,3801,L#RUKA,徳島県,0,,-
CastHour,Blue Bird feat. Kanae Asaba,0,,-,381,ONGEKI,徳島県,0,,-,1762,KOUIKA,徳島県,0,,-
CastHour,Brave Spirits,0,,-,503,TAKE.,徳島県,1294,RAICHO,徳島県,2201,TAKE,徳島県,0,,-
CastHour,DISPARATE,0,,-,0,,-,1719,DG192,徳島県,2380,KOUIKA,徳島県,0,,-
CastHour,Divine Heaven,0,,-,919,K,徳島県,1906,LKAR,徳島県,2898,KOUIKA,徳島県,0,,-
CastHour,Don't believe the hype,0,,-,1065,BLD,徳島県,2070,DG192,徳島県,3083,L#RUKA,徳島県,0,,-
CastHour,DREAM OF SPACE UFO ABDUCTION,0,,-,0,,-,1740,DG192,徳島県,2604,6,徳島県,0,,-
CastHour,Emera,0,,-,0,,-,1547,TAKE,徳島県,2240,MA-KUN,徳島県,0,,-
CastHour,EMOTiON TRiPPER,0,,-,550,ONGEKI,徳島県,1475,DG192,徳島県,2145,HAZUKI,徳島県,0,,-
CastHour,Ergosphere,0,,-,655,TOMATO,徳島県,1703,ORE,徳島県,2709,L#RUKA,徳島県,0,,-
CastHour,Fantastic Merry-Go-Round,0,,-,661,ONGEKI,徳島県,1437,DG192,徳島県,2110,L#RUKA,徳島県,0,,-
CastHour,Fegrix,0,,-,1106,BLD,徳島県,2113,TAKE,徳島県,3245,L#RUKA,徳島県,0,,-
CastHour,FINALLY BLAZE,0,,-,0,,-,1571,ORE,徳島県,2708,MA-KUN,徳島県,0,,-
CastHour,Flying Castle,0,,-,727,SHIMA,徳島県,2167,12EX65,徳島県,3604,L#RUKA,徳島県,0,,-
CastHour,Game Changers,0,,-,0,,-,1412,DG192,徳島県,2598,MA-KUN,徳島県,0,,-
CastHour,"Get set, Go! feat.Kanae Asaba",0,,-,407,HACHI!,徳島県,1401,DG192,徳島県,2029,O-TA13,徳島県,0,,-
CastHour,GiGaGaHell,0,,-,1174,AMGR,徳島県,1806,ORE,徳島県,3039,L#RUKA,徳島県,0,,-
CastHour,GRAVITON,0,,-,1091,ORE,徳島県,1588,AMGR,徳島県,3428,L#RUKA,徳島県,0,,-
CastHour,hard-wired,0,,-,1125,SOU-X,徳島県,1933,M,徳島県,3473,L#RUKA,徳島県,0,,-
CastHour,Harmonia,0,,-,577,TOMATO,徳島県,1147,ORE,徳島県,1963,HAZUKI,徳島県,0,,-
CastHour,Hat Surprise,0,,-,481,KIIRO,徳島県,1328,SOL!D,徳島県,2396,MA-KUN,徳島県,0,,-
CastHour,HEARTACHE,0,,-,310,TAKE.,徳島県,972,BLD,徳島県,1827,KOUIKA,徳島県,0,,-
CastHour,kors k's How to make OTOGE CORE,0,,-,583,SOU-X,徳島県,1390,ORE,徳島県,2157,MA-KUN,徳島県,0,,-
CastHour,Lawes's Parotia,0,,-,712,TAKE.,徳島県,1686,DG192,徳島県,2555,L#RUKA,徳島県,0,,-
CastHour,LIVE DRIVING!! feat. 花たん,0,,-,1288,TAKE.,徳島県,2324,ORE,徳島県,3798,L#RUKA,徳島県,0,,-
CastHour,N.O.,0,,-,0,,-,1466,DG192,徳島県,2477,MA-KUN,徳島県,0,,-
CastHour,n/a,0,,-,0,,-,1749,HRDN,徳島県,3334,L#RUKA,徳島県,0,,-
CastHour,No Day But Today!,0,,-,0,,-,1267,DG192,徳島県,1951,MA-KUN,徳島県,0,,-
CastHour,Nocturnal 2097,0,,-,768,TAKE.,徳島県,1769,ORE,徳島県,2805,6,徳島県,0,,-
CastHour,Non Stop Rock,0,,-,0,,-,1070,AL,徳島県,1821,MA-KUN,徳島県,0,,-
CastHour,One for All,0,,-,806,SHIMA,徳島県,1635,ORE,徳島県,3145,L#RUKA,徳島県,0,,-
CastHour,Onyx,0,,-,517,HDK*,徳島県,1010,TAKE.,徳島県,2364,KOUIKA,徳島県,0,,-
CastHour,P.O.W.E.R.,0,,-,0,,-,1674,DG192,徳島県,2291,MA-KUN,徳島県,0,,-
CastHour,PIRATES BLADE,0,,-,791,TAKE.,徳島県,1492,DG192,徳島県,2113,MA-KUN,徳島県,0,,-
CastHour,PLASMA SOUL NIGHT feat. Nana Takahashi / 709sec.,382,TOMATO,徳島県,1268,BLD,徳島県,2581,MA-KUN,徳島県,4387,L#RUKA,徳島県,0,,-
CastHour,Pout,0,,-,829,SHIMA,徳島県,1279,KA3D3,徳島県,2595,L#RUKA,徳島県,0,,-
CastHour,Prohibited Props,0,,-,772,TAKE.,徳島県,1348,RAICHO,徳島県,2214,3238SU,徳島県,2776,KOUIKA,徳島県
CastHour,Purple Perplex,0,,-,934,RAICHO,徳島県,1766,12EX65,徳島県,2965,L#RUKA,徳島県,0,,-
CastHour,Push on Beats!～音ゲの国のeX-ストリーマー～,0,,-,0,,-,1621,ORE,徳島県,3304,L#RUKA,徳島県,0,,-
CastHour,RAGE feat.H14 of LEONAIR,268,HACHI!,徳島県,1031,BLD,徳島県,2088,FA20,徳島県,3380,L#RUKA,徳島県,0,,-
CastHour,Silver Bullet,0,,-,1098,K,徳島県,1821,HRDN,徳島県,3145,L#RUKA,徳島県,0,,-
CastHour,Smalt #28598F,0,,-,0,,-,2222,12EX65,徳島県,3319,L#RUKA,徳島県,0,,-
CastHour,SOLID WYVERN,0,,-,1026,BLD,徳島県,1732,ORE,徳島県,2534,MA-KUN,徳島県,3853,L#RUKA,徳島県
CastHour,Souhait bleu,0,,-,0,,-,1705,ORE,徳島県,2598,KOUIKA,徳島県,0,,-
CastHour,SPARK IN THE NIGHT,0,,-,0,,-,1403,DG192,徳島県,2202,MA-KUN,徳島県,0,,-
CastHour,Stepper,0,,-,565,TAKE.,徳島県,1473,DG192,徳島県,2101,MA-KUN,徳島県,0,,-
CastHour,Tail Lights,0,,-,0,,-,1685,ORE,徳島県,3092,L#RUKA,徳島県,0,,-
CastHour,TOMAHAWK,0,,-,1243,ORE,徳島県,1939,TAKA*,徳島県,3436,L#RUKA,徳島県,0,,-
CastHour,Triple Cross,439,KEL,徳島県,838,KIRIN,徳島県,2237,6,徳島県,3260,L#RUKA,徳島県,0,,-
CastHour,Ventriloquist,0,,-,646,ZEITA9,徳島県,1456,DG192,徳島県,2330,6,徳島県,0,,-
CastHour,Victory Of Ravers,0,,-,571,POI,徳島県,1646,ORE,徳島県,2454,MA-KUN,徳島県,0,,-
CastHour,WHA,0,,-,1090,Q,徳島県,2054,DG192,徳島県,3522,L#RUKA,徳島県,0,,-
CastHour,Wonderful Escape,0,,-,0,,-,1304,ORE,徳島県,2033,MA-KUN,徳島県,0,,-
CastHour,Xyndrome,0,,-,765,SHIMA,徳島県,1535,ORE,徳島県,2831,MA-KUN,徳島県,0,,-
CastHour,《GRANDMASTER》,0,,-,541,HIRON,徳島県,1596,KILIN,徳島県,2768,SHO!!!,徳島県,0,,-
CastHour,めでてえ,0,,-,0,,-,1495,RAICHO,徳島県,2633,L#RUKA,徳島県,0,,-
CastHour,アクマフカ,0,,-,557,ERIS,徳島県,1449,DG192,徳島県,2251,MA-KUN,徳島県,0,,-
CastHour,ウツシミウツシ,0,,-,911,SHIMA,徳島県,1921,ORE,徳島県,3025,6,徳島県,0,,-
CastHour,オドループ,445,KIIRO,徳島県,911,AK1!?,徳島県,1467,SOL!D,徳島県,2332,3238SU,徳島県,2968,3238SU,徳島県
CastHour,オールトの雲,0,,-,1136,BLD,徳島県,1910,ORE,徳島県,2515,MA-KUN,徳島県,0,,-
CastHour,グッバイ宣言,513,RYOMA,徳島県,945,TAKE.,徳島県,1780,DG192,徳島県,3066,3238SU,徳島県,3627,L#RUKA,徳島県
CastHour,シル・ヴ・プレジデント,221,AKAZAA,徳島県,571,TAKE.,徳島県,1163,ORE,徳島県,1782,3238SU,徳島県,2576,L#RUKA,徳島県
CastHour,ナイトフィクション,0,,-,485,KAZUMA,徳島県,1535,DG192,徳島県,2113,MA-KUN,徳島県,0,,-
CastHour,ハイテックトキオ,0,,-,749,SMNFFF,徳島県,1667,K83,徳島県,2596,MA-KUN,徳島県,3174,3238SU,徳島県
CastHour,"ピアノ独奏無言歌 ""灰燼""",0,,-,934,GJAKIT,徳島県,2204,O-TA13,徳島県,3490,L#RUKA,徳島県,0,,-
CastHour,ミュージック・アワー,408,TAKE.,徳島県,1139,BLD,徳島県,2018,TAKE,徳島県,2923,3238SU,徳島県,4004,L#RUKA,徳島県
CastHour,口カラ凸ゲキ,0,,-,699,TAKE.,徳島県,1496,DG192,徳島県,2377,L#RUKA,徳島県,0,,-
CastHour,天邪鬼,83,MERRY,徳島県,637,DAICHI,徳島県,1620,TAKE,徳島県,3288,L#RUKA,徳島県,0,,-
CastHour,怪物,286,TAKE.,徳島県,610,RYOMA,徳島県,1199,MA-KUN,徳島県,2398,L#RUKA,徳島県,3267,L#RUKA,徳島県
CastHour,愛しくてラヴィンユー ft. マナ,0,,-,0,,-,1212,JAE,徳島県,2392,L#RUKA,徳島県,0,,-
CastHour,月とミルク,0,,-,764,PMR,徳島県,1564,DG192,徳島県,2721,6,徳島県,0,,-
CastHour,烽火連天の刃,0,,-,913,KA3D3,徳島県,2181,HRDN,徳島県,3358,L#RUKA,徳島県,4178,L#RUKA,徳島県
CastHour,禊,0,,-,0,,-,1991,TAKE,徳島県,3142,L#RUKA,徳島県,0,,-
CastHour,逆月,0,,-,1358,RAICHO,徳島県,2282,12EX65,徳島県,3679,L#RUKA,徳島県,0,,-
CastHour,雪上断火,0,,-,924,HRDN,徳島県,1714,SOL!D,徳島県,2970,L#RUKA,徳島県,0,,-
CastHour,青の洞窟,0,,-,398,AKI,徳島県,1623,Q,徳島県,3025,6,徳島県,0,,-
CastHour,黒紅掬い,0,,-,634,ROUTE9,徳島県,1157,BLD,徳島県,1757,VEIL,徳島県,0,,-
RESIDENT,#CMFLG,0,,-,594,HACHI!,徳島県,2194,12EX65,徳島県,3385,L#RUKA,徳島県,0,,-
RESIDENT,24h Endurance Race,0,,-,0,,-,1748,P-X-N,徳島県,3324,L#RUKA,徳島県,0,,-
RESIDENT,3V0,0,,-,0,,-,1752,TAKU,徳島県,2907,3238SU,徳島県,0,,-
RESIDENT,7 Colors,0,,-,529,MKMR.,徳島県,1017,BLD,徳島県,1923,3238SU,徳島県,0,,-
RESIDENT,Always We Trust In You,0,,-,778,TAKE.,徳島県,1788,FA20,徳島県,3129,L#RUKA,徳島県,0,,-
RESIDENT,Ambush Ace,0,,-,346,MANATY,徳島県,1891,ORE,徳島県,2918,L#RUKA,徳島県,0,,-
RESIDENT,AWA AWA,0,,-,500,AMOEB,徳島県,0,,-,2310,L#RUKA,徳島県,0,,-
RESIDENT,B.O.D.Y.,0,,-,0,,-,1985,12EX65,徳島県,3331,L#RUKA,徳島県,0,,-
RESIDENT,Bad Encryption,0,,-,125,TOMATO,徳島県,1690,M,徳島県,3028,L#RUKA,徳島県,0,,-
RESIDENT,Beyond Evolution,0,,-,1279,RAICHO,徳島県,2388,6,徳島県,3777,L#RUKA,徳島県,0,,-
RESIDENT,BIGWAVERS,0,,-,867,SHIMA,徳島県,1808,LKAR,徳島県,3475,L#RUKA,徳島県,0,,-
RESIDENT,C-C-C-N-N-N,0,,-,811,SHIMA,徳島県,1508,MOMA,徳島県,2744,L#RUKA,徳島県,0,,-
RESIDENT,Caldwell 99,0,,-,967,BLD,徳島県,1517,RAICHO,徳島県,2412,6,徳島県,3268,L#RUKA,徳島県
RESIDENT,Chaotoxin,0,,-,694,ONGEKI,徳島県,1325,JAE,徳島県,3319,L#RUKA,徳島県,0,,-
RESIDENT,CODE -CRiMSON-,0,,-,1319,MA-KUN,徳島県,1607,K83,徳島県,2879,MA-KUN,徳島県,0,,-
RESIDENT,CUE CUE RESCUE,393,HACHI!,徳島県,836,SHIMA,徳島県,1560,ORE,徳島県,2525,3238SU,徳島県,3048,L#RUKA,徳島県
RESIDENT,dica dica,0,,-,885,SHIMA,徳島県,2277,DG192,徳島県,3110,L#RUKA,徳島県,0,,-
RESIDENT,Dreaming Dream,0,,-,671,TAKE.,徳島県,1267,ORE,徳島県,2202,HAZUKI,徳島県,0,,-
RESIDENT,Driver,0,,-,0,,-,1006,SOU-X,徳島県,1738,O-TA13,徳島県,0,,-
RESIDENT,EXODUS SIGN,0,,-,0,,-,1583,ORE,徳島県,2481,6,徳島県,0,,-
RESIDENT,Fading Stars,0,,-,646,ONGEKI,徳島県,1585,DG192,徳島県,2569,6,徳島県,0,,-
RESIDENT,FLARE -炎舞- ft.Nana Takahashi,0,,-,851,IIDX30,徳島県,1803,DG192,徳島県,2814,MA-KUN,徳島県,0,,-
RESIDENT,Get On Your Feet,0,,-,0,,-,1335,TAKE.,徳島県,2701,L#RUKA,徳島県,0,,-
RESIDENT,GET UP AGAIN,0,,-,705,TAKE.,徳島県,1526,K83,徳島県,2390,KOUIKA,徳島県,0,,-
RESIDENT,glacia,0,,-,905,KIIRO,徳島県,2025,12EX65,徳島県,2936,L#RUKA,徳島県,0,,-
RESIDENT,Hat Surprise (Season 2),0,,-,754,TAKE.,徳島県,1440,CHA2K3,徳島県,3375,L#RUKA,徳島県,0,,-
RESIDENT,I,0,,-,1125,BLD,徳島県,2200,12EX65,徳島県,3615,L#RUKA,徳島県,0,,-
RESIDENT,KING,362,HINA,徳島県,808,RYOMA,徳島県,1878,TAKE,徳島県,3036,3238SU,徳島県,3904,L#RUKA,徳島県
RESIDENT,kors k's How to make OTOGE CORE 「LONG」,0,,-,1149,ORE,徳島県,2267,FA20,徳島県,3505,L#RUKA,徳島県,0,,-
RESIDENT,LADS,0,,-,0,,-,1621,DG192,徳島県,2260,3238SU,徳島県,0,,-
RESIDENT,Level 4,0,,-,1127,BLD,徳島県,1923,FA20,徳島県,3375,L#RUKA,徳島県,0,,-
RESIDENT,LOUDER ROLLING THUNDER,0,,-,0,,-,1561,M,徳島県,3297,L#RUKA,徳島県,0,,-
RESIDENT,MAX 360,0,,-,1060,KA3D3,徳島県,2031,TAKU,徳島県,3110,L#RUKA,徳島県,0,,-
RESIDENT,Meissa,0,,-,0,,-,1385,Q,徳島県,2804,L#RUKA,徳島県,0,,-
RESIDENT,Next Level,0,,-,0,,-,1549,DG192,徳島県,2132,MA-KUN,徳島県,0,,-
RESIDENT,No Border,0,,-,0,,-,1735,ORE,徳島県,3671,L#RUKA,徳島県,0,,-
RESIDENT,ONE AND ONLY,0,,-,1027,BLD,徳島県,1602,ORE,徳島県,3129,L#RUKA,徳島県,0,,-
RESIDENT,Ou Legends,0,,-,0,,-,1910,NYAMA,徳島県,3259,L#RUKA,徳島県,0,,-
RESIDENT,OVER VOLTAGE,0,,-,806,HIOH,徳島県,1601,ORE,徳島県,2540,L#RUKA,徳島県,0,,-
RESIDENT,Peaktime Booster,0,,-,1010,RAICHO,徳島県,1714,12EX65,徳島県,3104,L#RUKA,徳島県,0,,-
RESIDENT,Perfect Plan,0,,-,0,,-,1661,TAKE,徳島県,2589,L#RUKA,徳島県,0,,-
RESIDENT,Programmed Genom,0,,-,721,SHIMA,徳島県,1566,DG192,徳島県,2388,L#RUKA,徳島県,0,,-
RESIDENT,Red Soul,0,,-,796,ASA,徳島県,1227,KA3D3,徳島県,2701,6,徳島県,0,,-
RESIDENT,Rewind Time,0,,-,561,ZEITA9,徳島県,1135,ORE,徳島県,2149,MA-KUN,徳島県,0,,-
RESIDENT,RINNE,0,,-,715,TOMATO,徳島県,2146,96PAN,徳島県,3473,L#RUKA,徳島県,0,,-
RESIDENT,Ruler or Loser,0,,-,733,TAKE.,徳島県,1639,DG192,徳島県,2631,L#RUKA,徳島県,0,,-
RESIDENT,Seraph,0,,-,874,AMGR,徳島県,1513,Q,徳島県,2354,6,徳島県,0,,-
RESIDENT,Shadow World,0,,-,860,MISTY*,徳島県,1627,FA20,徳島県,2717,L#RUKA,徳島県,0,,-
RESIDENT,Shamshir,0,,-,687,5FRET,徳島県,1369,DG192,徳島県,2147,L#RUKA,徳島県,0,,-
RESIDENT,Somnidiscotheque,0,,-,1237,ORE,徳島県,1908,MA-KUN,徳島県,3156,L#RUKA,徳島県,0,,-
RESIDENT,STAR BEAT,0,,-,0,,-,1658,DG192,徳島県,2423,L#RUKA,徳島県,0,,-
RESIDENT,STRAIGHT TO THE STARS,0,,-,747,TAKE.,徳島県,1613,FA20,徳島県,2979,L#RUKA,徳島県,0,,-
RESIDENT,Stylus,0,,-,1084,BLD,徳島県,1707,.69,徳島県,2766,MA-KUN,徳島県,0,,-
RESIDENT,Summerblue,239,KIRIN,徳島県,809,TAKE.,徳島県,1677,DG192,徳島県,2407,L#RUKA,徳島県,0,,-
RESIDENT,Sunny Day Vibes,0,,-,649,TAKE.,徳島県,1249,TAKE.,徳島県,2138,12EX65,徳島県,0,,-
RESIDENT,Super Freak,0,,-,848,HIOH,徳島県,1654,AAA,徳島県,3400,L#RUKA,徳島県,0,,-
RESIDENT,suspicions,0,,-,1035,BLD,徳島県,2173,12EX65,徳島県,3652,L#RUKA,徳島県,0,,-
RESIDENT,Swing My Wonderland,0,,-,745,ONGEKI,徳島県,2092,ORE,徳島県,2969,MA-KUN,徳島県,0,,-
RESIDENT,TECHNOPHOBIA,0,,-,694,GJAKIT,徳島県,1607,TAKE,徳島県,3001,L#RUKA,徳島県,0,,-
RESIDENT,The Clown of 24stairs,0,,-,942,BLD,徳島県,1726,96PAN,徳島県,3266,L#RUKA,徳島県,0,,-
RESIDENT,THE TIME MACHINE,0,,-,920,BLD,徳島県,1593,ORE,徳島県,2653,L#RUKA,徳島県,0,,-
RESIDENT,VOID,0,,-,1061,K,徳島県,1606,TAKE,徳島県,3135,L#RUKA,徳島県,0,,-
RESIDENT,VOLAQUAS,0,,-,1046,TAKE.,徳島県,1915,K83,徳島県,3794,L#RUKA,徳島県,0,,-
RESIDENT,VOLCANIC BIGBEAT,0,,-,946,BLD,徳島県,1640,IIDX33,徳島県,2770,L#RUKA,徳島県,0,,-
RESIDENT,"wanna be a ""BAD GIRL"" feat. Nana Takahashi",0,,-,562,SATO,徳島県,1212,BLD,徳島県,2045,L#RUKA,徳島県,0,,-
RESIDENT,With You,0,,-,701,RYOMA,徳島県,1565,DG192,徳島県,2502,L#RUKA,徳島県,0,,-
RESIDENT,Xerulean,0,,-,1187,ORE,徳島県,1897,12EX65,徳島県,3305,L#RUKA,徳島県,0,,-
RESIDENT,ZENITH,0,,-,999,BLD,徳島県,1791,ORE,徳島県,2863,3238SU,徳島県,0,,-
RESIDENT,[ ]DENTITY,0,,-,858,KIIRO,徳島県,2021,TAKU,徳島県,3710,L#RUKA,徳島県,0,,-
RESIDENT,≡+≡,454,....!!,徳島県,1331,SOL!D,徳島県,2082,DG192,徳島県,2983,KOUIKA,徳島県,4492,L#RUKA,徳島県
RESIDENT,■□模様,0,,-,0,,-,1500,DG192,徳島県,2572,MA-KUN,徳島県,0,,-
RESIDENT,《ORDERBREAKER》,0,,-,0,,-,1466,ORE,徳島県,2448,L#RUKA,徳島県,0,,-
RESIDENT,あるビー！ feat.ころねぽち,0,,-,695,TAKE.,徳島県,1617,ORE,徳島県,2780,MA-KUN,徳島県,0,,-
RESIDENT,おとせサンダー,185,KAZUMA,徳島県,459,HACHI!,徳島県,961,YASUO,徳島県,2129,MA-KUN,徳島県,0,,-
RESIDENT,きゅんです。,0,,-,596,DAICHI,徳島県,1427,DG192,徳島県,2343,L#RUKA,徳島県,0,,-
RESIDENT,ぞうしょく！？マイデンティティ,0,,-,1106,BLD,徳島県,1989,M,徳島県,3584,L#RUKA,徳島県,0,,-
RESIDENT,ちょえちょえまぎか,0,,-,1001,TAKE.,徳島県,2094,0!,徳島県,3031,L#RUKA,徳島県,4073,L#RUKA,徳島県
RESIDENT,サヨナラ・ヘヴン-Celtic Chip Dance Mix-,0,,-,508,ONGEKI,徳島県,1499,DG192,徳島県,2557,MA-KUN,徳島県,0,,-
RESIDENT,チェイスチェイスジョーカーズのうた (オニスタイルリミックス),0,,-,779,TAKE.,徳島県,1557,RAICHO,徳島県,2738,MA-KUN,徳島県,0,,-
RESIDENT,パーフェクトイーター,0,,-,864,DAICHI,徳島県,1896,ORE,徳島県,3002,L#RUKA,徳島県,0,,-
RESIDENT,儚キ戀ノ幻想譚,465,TAKE.,徳島県,1322,0!,徳島県,2179,FA20,徳島県,3490,L#RUKA,徳島県,0,,-
RESIDENT,少年リップルズ,0,,-,508,AMOEB,徳島県,1773,MA-KUN,徳島県,2383,MA-KUN,徳島県,0,,-
RESIDENT,恋愛＝精度×認識力,0,,-,1296,K,徳島県,2188,HAZUKI,徳島県,3322,L#RUKA,徳島県,0,,-
RESIDENT,惑星☆ロリポップ,0,,-,622,SOCHA,徳島県,1443,ORE,徳島県,2772,3238SU,徳島県,0,,-
RESIDENT,昏き甲鉄のヴェルガ,0,,-,0,,-,1605,DG192,徳島県,2345,L#RUKA,徳島県,0,,-
RESIDENT,月と夢の跡 ft. マナ,0,,-,660,TOMATO,徳島県,1536,DG192,徳島県,2489,3238SU,徳島県,0,,-
RESIDENT,栄冠のカンパネラ,0,,-,1283,K,徳島県,2007,HRDN,徳島県,3803,L#RUKA,徳島県,0,,-
RESIDENT,楽園追放,0,,-,668,*,徳島県,1499,HAZUKI,徳島県,2269,MA-KUN,徳島県,0,,-
RESIDENT,湘南ロンリーMIDNIGHT RAIN,0,,-,759,DAICHI,徳島県,1769,DG192,徳島県,2681,MA-KUN,徳島県,0,,-
RESIDENT,異心前進♪ぴょんぴょんぴょん,0,,-,0,,-,1587,DG192,徳島県,2482,3238SU,徳島県,0,,-
RESIDENT,真夜中のバベル,0,,-,439,TAKE.,徳島県,1145,DG192,徳島県,1668,3238SU,徳島県,0,,-
RESIDENT,神っぽいな,276,TAKE.,徳島県,614,MISTY*,徳島県,1420,DG192,徳島県,2090,3238SU,徳島県,2969,L#RUKA,徳島県
RESIDENT,神のシナリオ,0,,-,1065,BLD,徳島県,1529,ORE,徳島県,3210,L#RUKA,徳島県,0,,-
RESIDENT,罪過の聖堂,0,,-,569,KA3D3,徳島県,1228,3238SU,徳島県,1969,L#RUKA,徳島県,0,,-
RESIDENT,輪廻の鴉,0,,-,0,,-,1633,K83,徳島県,2694,MA-KUN,徳島県,0,,-
RESIDENT,雨のちパノラマセカイ,0,,-,556,ONGEKI,徳島県,1203,RYOMA,徳島県,2198,L#RUKA,徳島県,0,,-
RESIDENT,響花水月,0,,-,1130,ROUTE9,徳島県,1495,9-ROW,徳島県,2825,6,徳島県,0,,-
EPOLIS,20XX,0,,-,1084,BLD,徳島県,1622,ORE,徳島県,2551,6,徳島県,0,,-
EPOLIS,ACT0,0,,-,1035,GJAKIT,徳島県,1916,TAKE,徳島県,2954,L#RUKA,徳島県,0,,-
EPOLIS,Aeterna,0,,-,835,TAKE.,徳島県,1559,TAKE,徳島県,2543,MA-KUN,徳島県,0,,-
EPOLIS,Akatsuki,0,,-,0,,-,1404,BLD,徳島県,2262,L#RUKA,徳島県,0,,-
EPOLIS,Ambivalent Vermilia,0,,-,1421,ORE,徳島県,2363,MA-KUN,徳島県,4011,L#RUKA,徳島県,0,,-
EPOLIS,Amethyst,0,,-,1176,BLD,徳島県,1681,TAKE,徳島県,2602,L#RUKA,徳島県,0,,-
EPOLIS,Bitter & Lucky,0,,-,341,ONGEKI,徳島県,0,,-,2390,MA-KUN,徳島県,0,,-
EPOLIS,BLAZING_LAZER,0,,-,963,SHIMA,徳島県,2017,FA20,徳島県,3330,L#RUKA,徳島県,0,,-
EPOLIS,CADENZA,0,,-,1260,JAE,徳島県,2173,K83,徳島県,4446,L#RUKA,徳島県,0,,-
EPOLIS,Chemical Colours,0,,-,0,,-,1780,ORE,徳島県,2712,MA-KUN,徳島県,0,,-
EPOLIS,CODE:2,0,,-,940,GJAKIT,徳島県,1606,ORE,徳島県,2926,L#RUKA,徳島県,0,,-
EPOLIS,COUNTING SHEEP ft. Kanae Asaba,0,,-,545,RYOMA,徳島県,1175,BLD,徳島県,2214,L#RUKA,徳島県,0,,-
EPOLIS,Cult Invitation,0,,-,1106,BLD,徳島県,1836,6,徳島県,3296,L#RUKA,徳島県,0,,-
EPOLIS,Dahlia,0,,-,0,,-,1922,TAKU,徳島県,3119,L#RUKA,徳島県,0,,-
EPOLIS,DAZZLE ATTACK,0,,-,751,TAKE.,徳島県,1615,FA20,徳島県,2801,3238SU,徳島県,0,,-
EPOLIS,Deep Sea Mystery,0,,-,0,,-,1415,TAKE,徳島県,1961,3238SU,徳島県,0,,-
EPOLIS,Demon March,0,,-,1343,RAICHO,徳島県,1944,BB-SVN,徳島県,3633,L#RUKA,徳島県,0,,-
EPOLIS,Echoes of Sunfall,0,,-,0,,-,1464,ORE,徳島県,2980,L#RUKA,徳島県,0,,-
EPOLIS,frequent,0,,-,0,,-,1996,.69,徳島県,3716,L#RUKA,徳島県,0,,-
EPOLIS,GAME ON,0,,-,1260,ORE,徳島県,2058,LKAR,徳島県,2648,L#RUKA,徳島県,0,,-
EPOLIS,Get Higher,0,,-,670,SHIMA,徳島県,1522,KILIN,徳島県,2213,MA-KUN,徳島県,0,,-
EPOLIS,Get Wicked,0,,-,0,,-,1163,B96,徳島県,2409,MA-KUN,徳島県,0,,-
EPOLIS,Ghost Pulse,0,,-,656,ASA,徳島県,1622,12EX65,徳島県,2771,L#RUKA,徳島県,0,,-
EPOLIS,Glitch N Ride,0,,-,672,ORE,徳島県,1475,DG192,徳島県,2585,L#RUKA,徳島県,0,,-
EPOLIS,GloriosA,0,,-,875,YAMA,徳島県,1783,ORE,徳島県,2671,MA-KUN,徳島県,0,,-
EPOLIS,GLORIOUS HAMMER,0,,-,783,ARK,徳島県,1730,ORE,徳島県,3008,MA-KUN,徳島県,0,,-
EPOLIS,Hard Breaker,0,,-,460,ONGEKI,徳島県,1528,FA20,徳島県,2457,MA-KUN,徳島県,0,,-
EPOLIS,Hat Surprise (Season 3),0,,-,1134,K,徳島県,1968,96PAN,徳島県,2645,MA-KUN,徳島県,0,,-
EPOLIS,i-ii,0,,-,920,BLD,徳島県,1550,ORE,徳島県,2747,MA-KUN,徳島県,0,,-
EPOLIS,INHERITANCE,0,,-,0,,-,1708,ORE,徳島県,2719,MA-KUN,徳島県,3483,L#RUKA,徳島県
EPOLIS,Iris,231,EBIFLY,徳島県,699,4PRIL,徳島県,1536,MA-KUN,徳島県,2185,L#RUKA,徳島県,0,,-
EPOLIS,Jumper,0,,-,0,,-,0,,-,2343,L#RUKA,徳島県,0,,-
EPOLIS,Just Gimme,0,,-,0,,-,1545,HRDMKO,徳島県,2655,MA-KUN,徳島県,0,,-
EPOLIS,JUSTICE/GUILTY feat. Nana Takahashi & 709sec.,0,,-,1420,SOU-X,徳島県,2241,TAKE,徳島県,3835,L#RUKA,徳島県,0,,-
EPOLIS,Level 5,0,,-,1265,ORE,徳島県,2372,FA20,徳島県,3289,L#RUKA,徳島県,0,,-
EPOLIS,MAXIMUM CHEAT GIRL,0,,-,1107,RAICHO,徳島県,2118,DG192,徳島県,3527,L#RUKA,徳島県,0,,-
EPOLIS,Million Dollar,0,,-,946,RAICHO,徳島県,1893,12EX65,徳島県,3374,L#RUKA,徳島県,0,,-
EPOLIS,Monkey Business,0,,-,495,ARK,徳島県,1463,DG192,徳島県,2535,L#RUKA,徳島県,0,,-
EPOLIS,Mukade,0,,-,1013,BLD,徳島県,1388,RAICHO,徳島県,3208,L#RUKA,徳島県,0,,-
EPOLIS,My Sweet Bird?,0,,-,0,,-,1368,RAICHO,徳島県,2186,MA-KUN,徳島県,0,,-
EPOLIS,NEEDLESS MY LOVE FOR YOU,0,,-,875,GJAKIT,徳島県,1634,DG192,徳島県,2422,O-TA13,徳島県,0,,-
EPOLIS,Out of Control,0,,-,1020,BLD,徳島県,1963,96PAN,徳島県,3022,L#RUKA,徳島県,0,,-
EPOLIS,out of disk space,0,,-,701,MIKI,徳島県,1855,ORE,徳島県,2524,KOUIKA,徳島県,0,,-
EPOLIS,PILGRIM,0,,-,856,GJAKIT,徳島県,1555,K83,徳島県,2654,6,徳島県,0,,-
EPOLIS,Psychedelic Intelligence,0,,-,0,,-,1362,TAKE.,徳島県,2870,L#RUKA,徳島県,0,,-
EPOLIS,Red Determination,0,,-,992,K,徳島県,1076,TAKE.,徳島県,2471,KOUIKA,徳島県,0,,-
EPOLIS,Resonant,0,,-,799,GJAKIT,徳島県,2075,TAKE,徳島県,3560,L#RUKA,徳島県,0,,-
EPOLIS,Riff//rain,0,,-,617,TAKE.,徳島県,1257,DG192,徳島県,1806,L#RUKA,徳島県,0,,-
EPOLIS,See You Again,0,,-,977,GJAKIT,徳島県,1703,K83,徳島県,3000,MA-KUN,徳島県,0,,-
EPOLIS,Seven Times Four,0,,-,994,GJAKIT,徳島県,1813,ORE,徳島県,3401,L#RUKA,徳島県,0,,-
EPOLIS,Shapeshifter,0,,-,768,SHIMA,徳島県,1343,NANANA,徳島県,2363,6,徳島県,0,,-
EPOLIS,Sirius,0,,-,0,,-,1512,ORE,徳島県,3195,L#RUKA,徳島県,0,,-
EPOLIS,So What,0,,-,344,KAZUMA,徳島県,959,GJAKIT,徳島県,1831,L#RUKA,徳島県,0,,-
EPOLIS,SOLAR ECLIPSE,0,,-,1171,SOU-X,徳島県,2233,12EX65,徳島県,3474,L#RUKA,徳島県,0,,-
EPOLIS,Speculation,0,,-,795,TAKE.,徳島県,1676,ORE,徳島県,2959,L#RUKA,徳島県,0,,-
EPOLIS,squall,0,,-,1091,BLD,徳島県,1541,ORE,徳島県,2489,MA-KUN,徳島県,0,,-
EPOLIS,Stereo Beasts,0,,-,1249,BLD,徳島県,2325,TAKE,徳島県,3680,L#RUKA,徳島県,0,,-
EPOLIS,Submerge Serenade,0,,-,683,HIRON,徳島県,1705,TAKE,徳島県,2924,L#RUKA,徳島県,3920,KOUIKA,徳島県
EPOLIS,Sword of Vengeance,0,,-,1252,RAICHO,徳島県,2074,LKAR,徳島県,3212,L#RUKA,徳島県,0,,-
EPOLIS,T.R.O.L.L.,0,,-,843,P-X-N,徳島県,1554,LKAR,徳島県,2521,L#RUKA,徳島県,0,,-
EPOLIS,The Last Apocalypse,0,,-,1226,BLD,徳島県,2358,6,徳島県,3645,L#RUKA,徳島県,0,,-
EPOLIS,The Onlyonez,0,,-,857,GJAKIT,徳島県,1544,KILIN,徳島県,3106,L#RUKA,徳島県,0,,-
EPOLIS,This Is Club Musik feat. 大久保紅葉,0,,-,0,,-,1503,ORE,徳島県,2467,6,徳島県,0,,-
EPOLIS,Time Distortion pt.2(IIDX Edit),0,,-,1159,BLD,徳島県,1725,ORE,徳島県,2944,L#RUKA,徳島県,0,,-
EPOLIS,TITANIUM RIDERS,0,,-,683,TAKE.,徳島県,1342,ORE,徳島県,2090,KOUIKA,徳島県,0,,-
EPOLIS,Too Late Snow,0,,-,642,RYO,徳島県,1422,MA-KUN,徳島県,1944,O-TA13,徳島県,0,,-
EPOLIS,TRIP THE DEEP,0,,-,878,F*REAF,徳島県,1624,MA-KUN,徳島県,2473,KOUIKA,徳島県,0,,-
EPOLIS,Tripping Jumping,0,,-,650,GRU,徳島県,1599,MA-KUN,徳島県,2258,L#RUKA,徳島県,0,,-
EPOLIS,Vermilion Carol,0,,-,1156,BLD,徳島県,1966,96PAN,徳島県,3561,L#RUKA,徳島県,0,,-
EPOLIS,Vulnerability,0,,-,1072,BLD,徳島県,1803,DG192,徳島県,3539,L#RUKA,徳島県,0,,-
EPOLIS,WaterCube Pf.(RX-Ver.S.P.L.),0,,-,319,MINT,徳島県,1065,RAICHO,徳島県,2001,12EX65,徳島県,0,,-
EPOLIS,winkle 2 winkle,0,,-,1016,BLD,徳島県,1874,MA-KUN,徳島県,2777,L#RUKA,徳島県,0,,-
EPOLIS,Xb10r,0,,-,1133,ORE,徳島県,2127,AREST,徳島県,3521,L#RUKA,徳島県,0,,-
EPOLIS,ZEROIN ON THE LIGHT,0,,-,852,TAKE.,徳島県,1441,TAKE.,徳島県,2641,MA-KUN,徳島県,0,,-
EPOLIS,《PL|RAYER》,0,,-,463,DAICHI,徳島県,1652,TAKE,徳島県,2787,L#RUKA,徳島県,0,,-
EPOLIS,ちゅ、多様性。,145,SHOBO,徳島県,412,HACHI!,徳島県,776,TOMATO,徳島県,1908,L#RUKA,徳島県,2208,6,徳島県
EPOLIS,ないないルーティン,0,,-,0,,-,1122,RAICHO,徳島県,2091,L#RUKA,徳島県,0,,-
EPOLIS,めうめうぺったんたん！！ (ZAQUVA Remix),0,,-,859,RYO,徳島県,1774,ORE,徳島県,2694,MA-KUN,徳島県,0,,-
EPOLIS,れとりば！,0,,-,766,PMR,徳島県,1173,TAKE.,徳島県,2054,KOUIKA,徳島県,0,,-
EPOLIS,アイドル,235,TAKE.,徳島県,700,TOMATO,徳島県,1508,MA-KUN,徳島県,2576,O-TA13,徳島県,3097,MA-KUN,徳島県
EPOLIS,アタシ完全絶対正義ちゃん！,0,,-,794,TAKE.,徳島県,1429,RAICHO,徳島県,2095,MA-KUN,徳島県,0,,-
EPOLIS,シンデレラ,0,,-,663,DAICHI,徳島県,1357,HRDMKO,徳島県,2169,MA-KUN,徳島県,0,,-
EPOLIS,センチメンタル・サマー,0,,-,0,,-,805,TOMATO,徳島県,1875,TAKE,徳島県,0,,-
EPOLIS,デビルじゃないもん,246,KAZUMA,徳島県,599,DAICHI,徳島県,1365,MA-KUN,徳島県,2086,L#RUKA,徳島県,0,,-
EPOLIS,フォニイ,553,KIIRO,徳島県,1209,ORE,徳島県,1858,AREST,徳島県,2820,6,徳島県,3898,L#RUKA,徳島県
EPOLIS,ポラリスノウタ,212,KAZUMA,徳島県,490,TAKE.,徳島県,1440,ULYCK,徳島県,2229,MA-KUN,徳島県,0,,-
EPOLIS,マーシャル・マキシマイザー,372,ZEITA9,徳島県,713,AK1!?,徳島県,1361,.69,徳島県,2089,O-TA13,徳島県,0,,-
EPOLIS,ラビットホール,633,AMGR,徳島県,1267,RAICHO,徳島県,1918,.69,徳島県,2897,3238SU,徳島県,0,,-
EPOLIS,リメンバーリメンバー,0,,-,379,CONCE,徳島県,898,HRDMKO,徳島県,1680,L#RUKA,徳島県,0,,-
EPOLIS,今宵、ロマンス横丁。,0,,-,1035,BLD,徳島県,2244,MA-KUN,徳島県,3266,L#RUKA,徳島県,0,,-
EPOLIS,勇者,315,9-ROW,徳島県,671,TAKE.,徳島県,1254,AA,徳島県,2412,MA-KUN,徳島県,0,,-
EPOLIS,可愛くてごめん,249,KAZUMA,徳島県,554,RYOMA,徳島県,1233,BLD,徳島県,2159,RIN5.,徳島県,2796,L#RUKA,徳島県
EPOLIS,唱,180,HIOH,徳島県,381,HIOH,徳島県,926,BLD,徳島県,1762,L#RUKA,徳島県,0,,-
EPOLIS,夏風邪デスコ,0,,-,609,TOMATO,徳島県,1583,RAICHO,徳島県,2653,L#RUKA,徳島県,0,,-
EPOLIS,夢縁,0,,-,870,SHIMA,徳島県,2034,6,徳島県,2931,MA-KUN,徳島県,0,,-
EPOLIS,寝起きヤシの木,406,HIOH,徳島県,744,SMNFFF,徳島県,1810,MA-KUN,徳島県,2710,3238SU,徳島県,3385,KOUIKA,徳島県
EPOLIS,惑星鉄道,0,,-,926,HRDMKO,徳島県,1875,KOUIKA,徳島県,2762,L#RUKA,徳島県,0,,-
EPOLIS,愛包ダンスホール,253,KAZUMA,徳島県,792,SOCHA,徳島県,1390,MA-KUN,徳島県,2579,L#RUKA,徳島県,0,,-
EPOLIS,摩天楼,0,,-,448,HIRON,徳島県,1311,K83,徳島県,2521,L#RUKA,徳島県,0,,-
EPOLIS,未完成ノ蒸氣驅動乙女,0,,-,972,GJAKIT,徳島県,1970,12EX65,徳島県,2928,L#RUKA,徳島県,0,,-
EPOLIS,果たせぬ約束 ft. 小林マナ,0,,-,942,TAKE.,徳島県,1392,TAKE.,徳島県,2992,L#RUKA,徳島県,0,,-
EPOLIS,残像ニ繋ガレタ追憶ノHIDEAWAY,0,,-,1051,IIDX30,徳島県,2211,TAKE,徳島県,3527,L#RUKA,徳島県,0,,-
EPOLIS,流桜ノ門,0,,-,773,SHIMA,徳島県,1533,TAKE,徳島県,2119,L#RUKA,徳島県,0,,-
EPOLIS,"灼熱Beach Side Bunny (かめりあ's ""Summertime D'n'B"" Remix)",0,,-,961,BLD,徳島県,1886,FA20,徳島県,3025,L#RUKA,徳島県,0,,-
EPOLIS,神様、つれない。,0,,-,481,TOMATO,徳島県,1311,HRDMKO,徳島県,2153,L#RUKA,徳島県,0,,-
EPOLIS,終焔のClaudia,0,,-,1361,DG192,徳島県,1669,96PAN,徳島県,2727,L#RUKA,徳島県,0,,-
EPOLIS,酔いどれ知らず,214,MAFFIN,徳島県,700,TAKE.,徳島県,1277,DG192,徳島県,2204,MA-KUN,徳島県,0,,-
EPOLIS,閉塞的フレーション,0,,-,814,DAICHI,徳島県,1571,DG192,徳島県,2367,KOUIKA,徳島県,0,,-
EPOLIS,雫,0,,-,619,ASA,徳島県,1914,ORE,徳島県,2590,3238SU,徳島県,0,,-
EPOLIS,電光,0,,-,851,BLD,徳島県,1896,MA-KUN,徳島県,2998,L#RUKA,徳島県,0,,-
EPOLIS,電子になりたい,0,,-,688,MISTY*,徳島県,1150,TAKE.,徳島県,1977,MA-KUN,徳島県,0,,-
EPOLIS,電腦都市,0,,-,1191,BLD,徳島県,2231,MA-KUN,徳島県,3314,L#RUKA,徳島県,0,,-
Pinky Crush,1116,0,,-,1058,ORE,徳島県,1820,K83,徳島県,2977,3238SU,徳島県,0,,-
Pinky Crush,ADAMANT,0,,-,0,,-,1702,KILIN,徳島県,2854,6,徳島県,0,,-
Pinky Crush,Aqvion,0,,-,1171,DG192,徳島県,1936,MA-KUN,徳島県,3452,L#RUKA,徳島県,0,,-
Pinky Crush,Arcanos,0,,-,0,,-,1025,GJAKIT,徳島県,1956,MA-KUN,徳島県,0,,-
Pinky Crush,Bang-Boo Bumble,0,,-,0,,-,1965,MA-KUN,徳島県,2860,MA-KUN,徳島県,0,,-
Pinky Crush,Bling-Bang-Bang-Born,298,RYOMA,徳島県,474,TAKE.,徳島県,1165,MA-KUN,徳島県,1792,FUCHY,徳島県,2070,L#RUKA,徳島県
Pinky Crush,Bring The Fire,0,,-,0,,-,1788,ORE,徳島県,3379,L#RUKA,徳島県,0,,-
Pinky Crush,Butterfly Twist,0,,-,0,,-,1557,3238SU,徳島県,2629,MA-KUN,徳島県,0,,-
Pinky Crush,CHAOTIC SUNBIRD,0,,-,0,,-,1718,MA-KUN,徳島県,3182,MA-KUN,徳島県,0,,-
Pinky Crush,Chasing After YOU ～夢の欠片～ ft. 小林マナ,0,,-,758,TAKE.,徳島県,1435,MA-KUN,徳島県,2040,L#RUKA,徳島県,0,,-
Pinky Crush,Constellation,0,,-,806,GJAKIT,徳島県,1605,Q,徳島県,2689,MA-KUN,徳島県,0,,-
Pinky Crush,COSMIC V3LOCITY,0,,-,1146,GJAKIT,徳島県,1970,KILIN,徳島県,3316,L#RUKA,徳島県,0,,-
Pinky Crush,Cross Fire,0,,-,0,,-,1998,12EX65,徳島県,3287,L#RUKA,徳島県,0,,-
Pinky Crush,destination,0,,-,792,GJAKIT,徳島県,2065,TAKU,徳島県,3330,L#RUKA,徳島県,0,,-
Pinky Crush,Digital Radiance,0,,-,552,HACHI!,徳島県,1278,BB-SVN,徳島県,1975,6,徳島県,0,,-
Pinky Crush,DIVINE JUDGEMENT,0,,-,1002,BLD,徳島県,1796,TAKE,徳島県,2746,L#RUKA,徳島県,0,,-
Pinky Crush,Dreamship,0,,-,818,PMR,徳島県,1359,MA-KUN,徳島県,1943,L#RUKA,徳島県,0,,-
Pinky Crush,Drop Syndicate,0,,-,1066,HRDN,徳島県,1817,12EX65,徳島県,3544,L#RUKA,徳島県,0,,-
Pinky Crush,Eleanor,0,,-,0,,-,1045,TAKE.,徳島県,2402,L#RUKA,徳島県,0,,-
Pinky Crush,ELYSIUM,0,,-,718,DAICHI,徳島県,1384,CHA2K3,徳島県,2613,MA-KUN,徳島県,0,,-
Pinky Crush,everlastingeuphoria:,0,,-,945,GJAKIT,徳島県,1542,TAKE,徳島県,2443,L#RUKA,徳島県,0,,-
Pinky Crush,EX-MASSIVE FIGHTER,0,,-,0,,-,2065,FA20,徳島県,3331,L#RUKA,徳島県,0,,-
Pinky Crush,EYE OF THE HEAVEN,0,,-,829,GJAKIT,徳島県,2184,LKAR,徳島県,3517,L#RUKA,徳島県,0,,-
Pinky Crush,FERMI PARADOX,0,,-,917,TAKE.,徳島県,1492,K,徳島県,2482,3238SU,徳島県,0,,-
Pinky Crush,Fiery Stallion,0,,-,245,KAZUMA,徳島県,1670,MA-KUN,徳島県,2368,3238SU,徳島県,0,,-
Pinky Crush,Flamingo,0,,-,1018,ORE,徳島県,2166,12EX65,徳島県,3342,L#RUKA,徳島県,0,,-
Pinky Crush,FlyAway,0,,-,1080,BLD,徳島県,2013,MA-KUN,徳島県,3173,L#RUKA,徳島県,0,,-
Pinky Crush,Galaxy Collapse,0,,-,832,MA-KUN,徳島県,1271,MA-KUN,徳島県,1892,MA-KUN,徳島県,0,,-
Pinky Crush,get set mind,0,,-,614,TAKE.,徳島県,1426,RAICHO,徳島県,2430,MA-KUN,徳島県,0,,-
Pinky Crush,God Mind,0,,-,1510,DG192,徳島県,2512,MA-KUN,徳島県,3955,L#RUKA,徳島県,0,,-
Pinky Crush,Good Looking,0,,-,0,,-,1182,HRDMKO,徳島県,2018,MA-KUN,徳島県,0,,-
Pinky Crush,Here We Go Now,0,,-,0,,-,2041,NYAMA,徳島県,3300,L#RUKA,徳島県,0,,-
Pinky Crush,hora de verdad,0,,-,880,GJAKIT,徳島県,1639,WELCOM,徳島県,2966,L#RUKA,徳島県,0,,-
Pinky Crush,IN BETWEEN,0,,-,0,,-,1448,TAKE,徳島県,2291,O-TA13,徳島県,0,,-
Pinky Crush,KOTONOHA ft. Kotoha,0,,-,636,TAKE.,徳島県,1185,ORE,徳島県,1967,L#RUKA,徳島県,0,,-
Pinky Crush,Lightspeed,0,,-,1140,RAICHO,徳島県,1897,FUCHY,徳島県,3098,L#RUKA,徳島県,0,,-
Pinky Crush,lowercase lifetime,0,,-,699,TAKE.,徳島県,1942,TAKE,徳島県,2623,6,徳島県,0,,-
Pinky Crush,Lycoris,0,,-,0,,-,1284,ORE,徳島県,2035,L#RUKA,徳島県,0,,-
Pinky Crush,MARLIN,0,,-,1035,GJAKIT,徳島県,2123,12EX65,徳島県,3495,L#RUKA,徳島県,0,,-
Pinky Crush,Mid-Corner (Magic Maker),0,,-,1171,ORE,徳島県,1826,ORE,徳島県,3120,L#RUKA,徳島県,0,,-
Pinky Crush,Mighty Cutie,0,,-,951,SHIMA,徳島県,1864,ORE,徳島県,2697,MA-KUN,徳島県,0,,-
Pinky Crush,MVP,0,,-,0,,-,1425,ORE,徳島県,2539,KOUIKA,徳島県,0,,-
Pinky Crush,NOIXIA,0,,-,932,IIDX32,徳島県,2153,12EX65,徳島県,3849,L#RUKA,徳島県,0,,-
Pinky Crush,PERFECT HUMAN,459,AMGR,徳島県,710,DAICHI,徳島県,1442,MA-KUN,徳島県,2203,L#RUKA,徳島県,0,,-
Pinky Crush,Pinky Happy Crazy,0,,-,1320,LKAR,徳島県,2440,DG192,徳島県,3484,L#RUKA,徳島県,0,,-
Pinky Crush,PIT A PAT,0,,-,773,TAKE.,徳島県,1829,MA-KUN,徳島県,2551,L#RUKA,徳島県,0,,-
Pinky Crush,Plazma,234,ZEITA9,徳島県,593,YUKI,徳島県,1230,TAKE,徳島県,2029,L#RUKA,徳島県,2769,L#RUKA,徳島県
Pinky Crush,Plea Per Phase,0,,-,0,,-,1528,KILIN,徳島県,2763,L#RUKA,徳島県,0,,-
Pinky Crush,PopなEDEN,0,,-,705,TOMATO,徳島県,1418,.69,徳島県,2442,L#RUKA,徳島県,0,,-
Pinky Crush,Raspberry Potion (feat.あれたん & ぎゃるのしん☆),0,,-,0,,-,1595,ORE,徳島県,2446,KOUIKA,徳島県,0,,-
Pinky Crush,RAVE SYNDROME,0,,-,923,BLD,徳島県,1374,NANANA,徳島県,2744,3238SU,徳島県,0,,-
Pinky Crush,Roar of Chronos,0,,-,964,GJAKIT,徳島県,2000,TAKE,徳島県,3890,L#RUKA,徳島県,0,,-
Pinky Crush,Satellite Burst,0,,-,1040,SOU-X,徳島県,2042,TAKE,徳島県,3834,L#RUKA,徳島県,0,,-
Pinky Crush,Secret Rouge,0,,-,664,TAKE.,徳島県,1626,FA20,徳島県,2322,L#RUKA,徳島県,0,,-
Pinky Crush,Shirdal,0,,-,741,GJAKIT,徳島県,1166,TAKE.,徳島県,2389,MA-KUN,徳島県,0,,-
Pinky Crush,Show Me All Your Love,0,,-,963,GJAKIT,徳島県,1751,ORE,徳島県,2838,MA-KUN,徳島県,0,,-
Pinky Crush,SISYPHUS,0,,-,710,SMNFFF,徳島県,1721,3238SU,徳島県,2617,L#RUKA,徳島県,0,,-
Pinky Crush,Skratch Education Lv-1,0,,-,942,KATSU,徳島県,1415,TAKE,徳島県,2662,L#RUKA,徳島県,0,,-
Pinky Crush,Slumber☆Party,0,,-,709,GJAKIT,徳島県,1472,CHA2K3,徳島県,2222,MA-KUN,徳島県,0,,-
Pinky Crush,Space In Time,0,,-,0,,-,1382,ORE,徳島県,1875,6,徳島県,0,,-
Pinky Crush,Stargazing Trip ～星 探す旅～ ft. 小林マナ,0,,-,299,MINT,徳島県,1672,TAKE,徳島県,2679,L#RUKA,徳島県,0,,-
Pinky Crush,SUPER HEROINE!!,0,,-,0,,-,1451,LEUCIS,徳島県,2198,MA-KUN,徳島県,0,,-
Pinky Crush,SμG@R RU$#,0,,-,1415,MA-KUN,徳島県,2366,6,徳島県,3359,L#RUKA,徳島県,0,,-
Pinky Crush,TECHNO RUMBLE,0,,-,754,GJAKIT,徳島県,1726,TAKE,徳島県,2867,L#RUKA,徳島県,0,,-
Pinky Crush,u gotta beat,0,,-,0,,-,2174,TAIL-U,徳島県,3484,L#RUKA,徳島県,0,,-
Pinky Crush,Uaigh Gealai,0,,-,1148,RAICHO,徳島県,2135,LKAR,徳島県,3749,L#RUKA,徳島県,0,,-
Pinky Crush,uen,0,,-,1014,GJAKIT,徳島県,2014,12EX65,徳島県,2952,L#RUKA,徳島県,0,,-
Pinky Crush,Vibing! Shake it!,0,,-,706,SHIMA,徳島県,1542,ORE,徳島県,2485,L#RUKA,徳島県,0,,-
Pinky Crush,Without Heaven,0,,-,1227,ORE,徳島県,1800,Q,徳島県,3587,L#RUKA,徳島県,0,,-
Pinky Crush,XHRONOXAPSULΞ,0,,-,684,SAYA,徳島県,2066,KATSU,徳島県,3707,L#RUKA,徳島県,0,,-
Pinky Crush,えだまめカレークッキング,337,RYOMA,徳島県,591,HACHI!,徳島県,1194,.69,徳島県,2128,KOUIKA,徳島県,0,,-
Pinky Crush,きみのせかい,0,,-,923,GJAKIT,徳島県,1518,HRDMKO,徳島県,2811,KOUIKA,徳島県,0,,-
Pinky Crush,きゅうくらりん,362,TOMATO,徳島県,793,AK1!?,徳島県,1678,3238SU,徳島県,2371,3238SU,徳島県,0,,-
Pinky Crush,アラビアン ハイパー ナイト,0,,-,999,GJAKIT,徳島県,1664,Y.C.,徳島県,3202,L#RUKA,徳島県,0,,-
Pinky Crush,イガク,294,TAKE.,徳島県,769,PMR,徳島県,1439,SOL!D,徳島県,2029,3238SU,徳島県,2987,KOUIKA,徳島県
Pinky Crush,エクスプロウル,0,,-,832,GJAKIT,徳島県,1481,RAICHO,徳島県,2388,MA-KUN,徳島県,0,,-
Pinky Crush,オッドラヴィ,152,MERRY,徳島県,820,ONGEKI,徳島県,1689,TAKU,徳島県,2433,FA20,徳島県,0,,-
Pinky Crush,オブソミート,219,RYOMA,徳島県,739,TAKE.,徳島県,1363,ORE,徳島県,2393,L#RUKA,徳島県,0,,-
Pinky Crush,キスキツネ,147,RAIN,徳島県,701,4MENSC,徳島県,1484,MA-KUN,徳島県,2362,L#RUKA,徳島県,0,,-
Pinky Crush,ギャ・ギャ・ギャ・ギャラクシー！,0,,-,747,IIDX30,徳島県,1510,RAICHO,徳島県,2394,L#RUKA,徳島県,0,,-
Pinky Crush,ゲシュタルト,334,TAKE.,徳島県,898,ORE,徳島県,1470,ORE,徳島県,2445,MA-KUN,徳島県,3316,L#RUKA,徳島県
Pinky Crush,スキッテイエェエエェ!!!!,0,,-,1556,DG192,徳島県,2335,12EX65,徳島県,4111,L#RUKA,徳島県,0,,-
Pinky Crush,スパークリング☆彡ハイパーチューン！！,0,,-,1321,MIYU,徳島県,2084,TAKE,徳島県,3631,L#RUKA,徳島県,0,,-
Pinky Crush,ドリムチウ,0,,-,0,,-,1404,HRDMKO,徳島県,2519,MA-KUN,徳島県,0,,-
Pinky Crush,ドーナツホール 2024,286,TAKE.,徳島県,801,HIOH,徳島県,1507,NEKO,徳島県,2371,L#RUKA,徳島県,0,,-
Pinky Crush,ハオ,262,KAZUMA,徳島県,731,DAICHI,徳島県,1529,KANOA,徳島県,2863,3238SU,徳島県,0,,-
Pinky Crush,ハルイロメロディー,0,,-,0,,-,1232,TAKE.,徳島県,2219,L#RUKA,徳島県,0,,-
Pinky Crush,ビビデバ,260,6,徳島県,715,ORE,徳島県,1211,ORE,徳島県,2028,MA-KUN,徳島県,0,,-
Pinky Crush,ファイナルレター,0,,-,862,GJAKIT,徳島県,1821,3238SU,徳島県,2531,MA-KUN,徳島県,0,,-
Pinky Crush,メズマライザー,534,AMGR,徳島県,1019,BLD,徳島県,1710,TAKU,徳島県,2710,3238SU,徳島県,0,,-
Pinky Crush,ロマンシングエスケープ,0,,-,312,KAZUMA,徳島県,1004,RAICHO,徳島県,1807,KOUIKA,徳島県,0,,-
Pinky Crush,天使のカンタータ -Cantata of Angels-,0,,-,1050,KA3D3,徳島県,1896,TAKE,徳島県,4063,L#RUKA,徳島県,0,,-
Pinky Crush,弾幕信仰,0,,-,0,,-,1519,HRDN,徳島県,2485,MA-KUN,徳島県,0,,-
Pinky Crush,我ら完全無敵のアイドル!!,195,KAZUMA,徳島県,1046,MA-KUN,徳島県,1487,SOL!D,徳島県,2546,MA-KUN,徳島県,0,,-
Pinky Crush,断罪の一花,0,,-,591,TOMATO,徳島県,1552,MA-KUN,徳島県,2476,KOUIKA,徳島県,0,,-
Pinky Crush,最強頂戴girl,0,,-,598,RYO,徳島県,1372,ABTANI,徳島県,2147,MA-KUN,徳島県,0,,-
Pinky Crush,朱と碧のランページ,0,,-,963,HRDMKO,徳島県,1539,HRDMKO,徳島県,2489,MA-KUN,徳島県,0,,-
Pinky Crush,消極的セツナイズム,0,,-,0,,-,1234,TAKE.,徳島県,2196,MA-KUN,徳島県,0,,-
Pinky Crush,灼熱 Lost Summer Dayz,0,,-,1032,MA-KUN,徳島県,1878,MA-KUN,徳島県,2733,L#RUKA,徳島県,0,,-
Pinky Crush,無双,0,,-,0,,-,1924,TAKE,徳島県,3307,L#RUKA,徳島県,0,,-
Pinky Crush,爆ぜりゃんせ,0,,-,955,GJAKIT,徳島県,1633,T.TOMO,徳島県,2825,MA-KUN,徳島県,0,,-
Pinky Crush,覚悟せよ！エンタンメ～ン ～より身の切り売り自暴自棄版～,0,,-,847,TOMATO,徳島県,1670,HRDMKO,徳島県,2807,L#RUKA,徳島県,0,,-
Pinky Crush,進捗ダメダメです,157,IIDX33,徳島県,646,TAKE.,徳島県,1484,ORE,徳島県,2232,L#RUKA,徳島県,0,,-
Pinky Crush,飴玉,0,,-,377,TOMATO,徳島県,697,TAKE.,徳島県,1316,6,徳島県,0,,-
Pinky Crush,ＰＡＳＴＥＬＩＳＭ,0,,-,0,,-,1374,HRDMKO,徳島県,2077,L#RUKA,徳島県,0,,-
Sparkle Shower,2 Be Continued,0,,-,1032,DG192,徳島県,1965,KOUIKA,徳島県,3612,L#RUKA,徳島県,0,,-
Sparkle Shower,A Certified Rave Moment,0,,-,993,LKAR,徳島県,1747,MA-KUN,徳島県,2737,L#RUKA,徳島県,0,,-
Sparkle Shower,ACID VISION,0,,-,1108,LKAR,徳島県,1556,LKAR,徳島県,1803,KOUIKA,徳島県,0,,-
Sparkle Shower,AGETEKE ONDO,0,,-,1014,DG192,徳島県,1629,MA-KUN,徳島県,2578,L#RUKA,徳島県,0,,-
Sparkle Shower,Amor∞Fati,0,,-,1224,LKAR,徳島県,2517,MA-KUN,徳島県,3741,KOUIKA,徳島県,0,,-
Sparkle Shower,Any％,0,,-,1158,LKAR,徳島県,2008,LKAR,徳島県,3387,KOUIKA,徳島県,0,,-
Sparkle Shower,Astra Blaze,0,,-,1140,LKAR,徳島県,2163,DG192,徳島県,3265,KOUIKA,徳島県,0,,-
Sparkle Shower,Bang Bang Dance,0,,-,826,DG192,徳島県,1694,LKAR,徳島県,2789,L#RUKA,徳島県,0,,-
Sparkle Shower,BattleRoyal,0,,-,1078,LKAR,徳島県,1695,DG192,徳島県,2554,L#RUKA,徳島県,0,,-
Sparkle Shower,Begin,0,,-,1002,LKAR,徳島県,1928,12EX65,徳島県,3197,L#RUKA,徳島県,0,,-
Sparkle Shower,BitRacer,0,,-,1072,LKAR,徳島県,1972,LKAR,徳島県,3262,6,徳島県,0,,-
Sparkle Shower,Bloom,0,,-,686,LKAR,徳島県,1205,MA-KUN,徳島県,1782,KOUIKA,徳島県,0,,-
Sparkle Shower,blue anthem,0,,-,1191,MA-KUN,徳島県,1725,MA-KUN,徳島県,2809,KOUIKA,徳島県,0,,-
Sparkle Shower,Caramel Pain,233,O-TA13,徳島県,637,LKAR,徳島県,1039,MA-KUN,徳島県,1648,L#RUKA,徳島県,0,,-
Sparkle Shower,Catch ya Getcha!,0,,-,1040,DG192,徳島県,1957,DG192,徳島県,2892,L#RUKA,徳島県,0,,-
Sparkle Shower,chaplet -IIDX re:build-,0,,-,1003,LKAR,徳島県,1862,12EX65,徳島県,2840,L#RUKA,徳島県,0,,-
Sparkle Shower,COLOR BURST,205,LKAR,徳島県,775,LKAR,徳島県,1390,MA-KUN,徳島県,2188,L#RUKA,徳島県,0,,-
Sparkle Shower,Countdown to Heaven or Hell,0,,-,1264,MA-KUN,徳島県,1992,MA-KUN,徳島県,2949,KOUIKA,徳島県,0,,-
Sparkle Shower,D.K.N. ON,0,,-,1022,LKAR,徳島県,1919,LKAR,徳島県,2608,KOUIKA,徳島県,0,,-
Sparkle Shower,Digitized Ocean,0,,-,1157,LKAR,徳島県,2020,MA-KUN,徳島県,3364,KOUIKA,徳島県,0,,-
Sparkle Shower,Disco Killer Music Lover,0,,-,1080,DG192,徳島県,1822,MA-KUN,徳島県,3020,L#RUKA,徳島県,0,,-
Sparkle Shower,Dolphin Kick,0,,-,1438,LKAR,徳島県,2106,TAKE,徳島県,3385,KOUIKA,徳島県,0,,-
Sparkle Shower,Dusk Endir,0,,-,1044,LKAR,徳島県,2219,12EX65,徳島県,3214,KOUIKA,徳島県,0,,-
Sparkle Shower,ESPRIT ONE,0,,-,1258,LKAR,徳島県,1751,DG192,徳島県,2877,MA-KUN,徳島県,0,,-
Sparkle Shower,Ex-Otogibanashi,171,LKAR,徳島県,454,LKAR,徳島県,966,MA-KUN,徳島県,1550,KOUIKA,徳島県,0,,-
Sparkle Shower,Fashion Fruit,0,,-,1062,DG192,徳島県,1918,DG192,徳島県,2962,KOUIKA,徳島県,0,,-
Sparkle Shower,fixer,0,,-,778,LKAR,徳島県,1658,KOUIKA,徳島県,3236,3238SU,徳島県,0,,-
Sparkle Shower,FIZZY FIZZY POP,0,,-,831,LKAR,徳島県,1539,LKAR,徳島県,2211,KOUIKA,徳島県,0,,-
Sparkle Shower,FiZZλ_POT!0N,0,,-,1400,LKAR,徳島県,2050,MA-KUN,徳島県,3380,L#RUKA,徳島県,0,,-
Sparkle Shower,From Human Blood,0,,-,1209,DG192,徳島県,2063,KOUIKA,徳島県,3553,L#RUKA,徳島県,0,,-
Sparkle Shower,Funky Quirky,0,,-,929,MA-KUN,徳島県,1876,MA-KUN,徳島県,2545,KOUIKA,徳島県,0,,-
Sparkle Shower,Get Into The Groove feat.WaMi,0,,-,975,TAKE,徳島県,1360,LKAR,徳島県,2272,L#RUKA,徳島県,0,,-
Sparkle Shower,Gimme a Big Beat(青龍 Remix),0,,-,1220,LKAR,徳島県,2211,LKAR,徳島県,3008,KOUIKA,徳島県,0,,-
Sparkle Shower,GO!,0,,-,863,LKAR,徳島県,1771,LKAR,徳島県,3006,L#RUKA,徳島県,0,,-
Sparkle Shower,GOLD RUSH 2025,0,,-,833,LKAR,徳島県,1481,LKAR,徳島県,2722,L#RUKA,徳島県,0,,-
Sparkle Shower,Hallucination,0,,-,1025,LKAR,徳島県,1821,DG192,徳島県,2699,L#RUKA,徳島県,0,,-
Sparkle Shower,HEROES,0,,-,1320,LKAR,徳島県,2131,12EX65,徳島県,3121,6,徳島県,0,,-
Sparkle Shower,HORIZON BEATZ,0,,-,772,MA-KUN,徳島県,1682,MA-KUN,徳島県,2540,MA-KUN,徳島県,0,,-
Sparkle Shower,HyperTwist,0,,-,1287,LKAR,徳島県,2070,LKAR,徳島県,3246,L#RUKA,徳島県,0,,-
Sparkle Shower,Ignited Night,0,,-,1098,MA-KUN,徳島県,1538,MA-KUN,徳島県,2323,MA-KUN,徳島県,0,,-
Sparkle Shower,Iridescent Memories,0,,-,1493,LKAR,徳島県,2169,MA-KUN,徳島県,3602,KOUIKA,徳島県,0,,-
Sparkle Shower,JUST SYNC ft.Kanae Asaba,0,,-,749,DG192,徳島県,1284,FFYML,徳島県,2018,3238SU,徳島県,0,,-
Sparkle Shower,Kick The Rainbow,0,,-,1148,LKAR,徳島県,1955,12EX65,徳島県,2876,KOUIKA,徳島県,0,,-
Sparkle Shower,King of Tribe,0,,-,1095,LKAR,徳島県,1967,12EX65,徳島県,3069,L#RUKA,徳島県,0,,-
Sparkle Shower,kors k's Let's make an Image Song!,0,,-,962,LKAR,徳島県,1799,FFYML,徳島県,2744,L#RUKA,徳島県,0,,-
Sparkle Shower,Last Card,0,,-,1043,LKAR,徳島県,1870,MA-KUN,徳島県,3045,L#RUKA,徳島県,0,,-
Sparkle Shower,LEMON MELON COOKIE,366,LKAR,徳島県,812,DG192,徳島県,1545,DG192,徳島県,2254,L#RUKA,徳島県,0,,-
Sparkle Shower,Limelight,0,,-,1077,ORE,徳島県,1843,12EX65,徳島県,2939,KOUIKA,徳島県,0,,-
Sparkle Shower,Lisa-RICCIA,508,LKAR,徳島県,1222,LKAR,徳島県,2195,DG192,徳島県,3322,L#RUKA,徳島県,4505,L#RUKA,徳島県
Sparkle Shower,Makin' It,0,,-,1001,DG192,徳島県,1624,3238SU,徳島県,2616,L#RUKA,徳島県,0,,-
Sparkle Shower,Memoria Obscura,0,,-,996,DG192,徳島県,2162,KOUIKA,徳島県,3975,L#RUKA,徳島県,0,,-
Sparkle Shower,Meteor☆Shower,0,,-,954,LKAR,徳島県,1995,DG192,徳島県,2788,MA-KUN,徳島県,0,,-
Sparkle Shower,Mighty Beat Monsterz,0,,-,1180,LKAR,徳島県,1848,LKAR,徳島県,2999,KOUIKA,徳島県,0,,-
Sparkle Shower,MOCHIMOCHI DREAMIN!!,0,,-,1120,DG192,徳島県,1838,MA-KUN,徳島県,3004,L#RUKA,徳島県,0,,-
Sparkle Shower,Nemophila,0,,-,1040,O-TA13,徳島県,1755,LKAR,徳島県,2628,6,徳島県,0,,-
Sparkle Shower,Nyan Nyan University,0,,-,915,DG192,徳島県,1576,DG192,徳島県,2560,L#RUKA,徳島県,0,,-
Sparkle Shower,OMEGA,0,,-,1079,LKAR,徳島県,2148,MA-KUN,徳島県,3126,6,徳島県,0,,-
Sparkle Shower,PALETTE,363,LKAR,徳島県,871,DG192,徳島県,1450,DG192,徳島県,2051,KOUIKA,徳島県,0,,-
Sparkle Shower,PERFECT GREAT!!,0,,-,1270,LKAR,徳島県,2279,FA20,徳島県,3561,6,徳島県,0,,-
Sparkle Shower,pique,0,,-,1109,LKAR,徳島県,1977,LKAR,徳島県,2973,KOUIKA,徳島県,0,,-
Sparkle Shower,RALLY '25,0,,-,1209,LKAR,徳島県,2129,KOUIKA,徳島県,3237,L#RUKA,徳島県,0,,-
Sparkle Shower,REcorrection,0,,-,571,LKAR,徳島県,1069,LKAR,徳島県,1606,L#RUKA,徳島県,0,,-
Sparkle Shower,Regina vespaE,0,,-,1216,DG192,徳島県,2215,KOUIKA,徳島県,3548,L#RUKA,徳島県,0,,-
Sparkle Shower,RIZING-GAMERS.,0,,-,1029,LKAR,徳島県,2180,MA-KUN,徳島県,3312,L#RUKA,徳島県,0,,-
Sparkle Shower,RUINA,0,,-,933,LKAR,徳島県,1724,LKAR,徳島県,2636,KOUIKA,徳島県,0,,-
Sparkle Shower,Second Heaven(Mamonis Remix),0,,-,907,LKAR,徳島県,1627,DG192,徳島県,2490,KOUIKA,徳島県,0,,-
Sparkle Shower,SHINING☆DANCE,0,,-,862,LKAR,徳島県,1551,DG192,徳島県,2465,L#RUKA,徳島県,0,,-
Sparkle Shower,Shooting Star,237,LKAR,徳島県,834,DG192,徳島県,1508,MA-KUN,徳島県,2450,L#RUKA,徳島県,0,,-
Sparkle Shower,Show Time,0,,-,837,LKAR,徳島県,1387,LKAR,徳島県,2027,MA-KUN,徳島県,0,,-
Sparkle Shower,Signs and Wonders,0,,-,669,LKAR,徳島県,1027,LKAR,徳島県,1582,MA-KUN,徳島県,0,,-
Sparkle Shower,SILKY BRAVE,0,,-,923,LKAR,徳島県,1540,LKAR,徳島県,2346,MA-KUN,徳島県,0,,-
Sparkle Shower,Skywalking,0,,-,898,LKAR,徳島県,1415,DG192,徳島県,2314,KOUIKA,徳島県,0,,-
Sparkle Shower,Smintheus,0,,-,1281,LKAR,徳島県,2232,DG192,徳島県,3173,6,徳島県,0,,-
Sparkle Shower,SnapSkipSpark,0,,-,1075,DG192,徳島県,1861,DG192,徳島県,2898,KOUIKA,徳島県,0,,-
Sparkle Shower,Space Battleship S4TO,0,,-,1330,LKAR,徳島県,2237,KOUIKA,徳島県,3723,L#RUKA,徳島県,0,,-
Sparkle Shower,SPLASH!!!!!!!!!,0,,-,910,DG192,徳島県,1468,DG192,徳島県,2252,KOUIKA,徳島県,0,,-
Sparkle Shower,Substance,0,,-,1149,LKAR,徳島県,1667,DG192,徳島県,3040,L#RUKA,徳島県,0,,-
Sparkle Shower,super double play sessions,0,,-,1363,ORE,徳島県,2307,MA-KUN,徳島県,3735,6,徳島県,0,,-
Sparkle Shower,THUNDERSTRIKE,0,,-,1248,12EX65,徳島県,2078,MA-KUN,徳島県,3272,L#RUKA,徳島県,0,,-
Sparkle Shower,TOKAKU=ALMiRAJ,0,,-,911,LKAR,徳島県,1890,LKAR,徳島県,2805,L#RUKA,徳島県,0,,-
Sparkle Shower,UNDO THE NIGHT,0,,-,1021,LKAR,徳島県,2101,MA-KUN,徳島県,3291,3238SU,徳島県,0,,-
Sparkle Shower,Vitamin,0,,-,1158,DG192,徳島県,1747,DG192,徳島県,2599,KOUIKA,徳島県,0,,-
Sparkle Shower,voice of echo.,0,,-,1091,LKAR,徳島県,1728,DG192,徳島県,2705,L#RUKA,徳島県,0,,-
Sparkle Shower,Watermelon Explosion,0,,-,749,LKAR,徳島県,1378,MA-KUN,徳島県,2012,L#RUKA,徳島県,0,,-
Sparkle Shower,Wizards!,0,,-,761,LKAR,徳島県,1566,LKAR,徳島県,2258,L#RUKA,徳島県,0,,-
Sparkle Shower,X-Plan,0,,-,730,MA-KUN,徳島県,1366,MA-KUN,徳島県,2194,L#RUKA,徳島県,0,,-
Sparkle Shower,[E],0,,-,1471,LKAR,徳島県,2167,LKAR,徳島県,3338,KOUIKA,徳島県,0,,-
Sparkle Shower,Τeλοs,0,,-,1044,LKAR,徳島県,1729,DG192,徳島県,2552,KOUIKA,徳島県,0,,-
Sparkle Shower,ιgniЯRuina,0,,-,1375,DG192,徳島県,2119,KOUIKA,徳島県,3511,L#RUKA,徳島県,0,,-
Sparkle Shower,⁽⁽ଘ( ˙꒳˙ )ଓ⁾⁾ beyond reason,0,,-,1257,MA-KUN,徳島県,2094,MA-KUN,徳島県,3720,L#RUKA,徳島県,0,,-
Sparkle Shower,かわいいだけじゃだめですか？,215,LKAR,徳島県,925,DG192,徳島県,1570,DG192,徳島県,2132,L#RUKA,徳島県,3383,L#RUKA,徳島県
Sparkle Shower,じぇりー じゅえる ジャングル,0,,-,1218,LKAR,徳島県,1870,LKAR,徳島県,3159,KOUIKA,徳島県,0,,-
Sparkle Shower,それが、ボクの使命～レスキュー隊長 メンキュー～,0,,-,737,LKAR,徳島県,1537,FA20,徳島県,2154,KOUIKA,徳島県,0,,-
Sparkle Shower,でんぱ どりる わんにゃー☆三,289,LKAR,徳島県,1186,DG192,徳島県,2252,MA-KUN,徳島県,3299,L#RUKA,徳島県,0,,-
Sparkle Shower,もんめためたもん,215,LKAR,徳島県,849,DG192,徳島県,1422,MA-KUN,徳島県,2237,L#RUKA,徳島県,0,,-
Sparkle Shower,オーバーライド,472,LKAR,徳島県,1213,DG192,徳島県,1791,DG192,徳島県,3164,L#RUKA,徳島県,0,,-
Sparkle Shower,キミとえがくキセキ,0,,-,892,LKAR,徳島県,1500,DG192,徳島県,2229,MA-KUN,徳島県,0,,-
Sparkle Shower,クレッシェンド,0,,-,1182,LKAR,徳島県,1825,DG192,徳島県,3311,L#RUKA,徳島県,0,,-
Sparkle Shower,サタデーナイト☆ギャロップ,0,,-,1262,LKAR,徳島県,1803,12EX65,徳島県,3647,6,徳島県,0,,-
Sparkle Shower,タンポポ,0,,-,1226,LKAR,徳島県,1876,DG192,徳島県,2636,KOUIKA,徳島県,0,,-
Sparkle Shower,デラむぅのでらっくす☆どり～むぅ,0,,-,820,DG192,徳島県,1304,DG192,徳島県,1975,L#RUKA,徳島県,0,,-
Sparkle Shower,バブリン,270,LKAR,徳島県,1159,MA-KUN,徳島県,1724,MA-KUN,徳島県,2409,3238SU,徳島県,0,,-
Sparkle Shower,ビビッド ☆+*。キラキライム,540,MA-KUN,徳島県,1196,MA-KUN,徳島県,2096,KOUIKA,徳島県,3685,L#RUKA,徳島県,0,,-
Sparkle Shower,ベラ・ベ・カラベラ,0,,-,1033,LKAR,徳島県,1694,MA-KUN,徳島県,2740,L#RUKA,徳島県,0,,-
Sparkle Shower,ベンガル vs. アムール Battle,0,,-,1337,MA-KUN,徳島県,2087,MA-KUN,徳島県,3578,L#RUKA,徳島県,0,,-
Sparkle Shower,メテオラ-meteor-,0,,-,1041,O-TA13,徳島県,1772,LKAR,徳島県,2373,KOUIKA,徳島県,0,,-
Sparkle Shower,メルト CPK! Remix (初音ミク ver.),469,LKAR,徳島県,862,LKAR,徳島県,1600,DG192,徳島県,2802,MA-KUN,徳島県,0,,-
Sparkle Shower,ラブコメトキドキシリアス,0,,-,1244,LKAR,徳島県,1975,12EX65,徳島県,3474,KOUIKA,徳島県,0,,-
Sparkle Shower,レシピのリドル,0,,-,640,LKAR,徳島県,1372,HAZUKI,徳島県,2320,L#RUKA,徳島県,0,,-
Sparkle Shower,三日天下モンキー,0,,-,721,LKAR,徳島県,1291,MA-KUN,徳島県,1733,MA-KUN,徳島県,0,,-
Sparkle Shower,不死身ごっこ,264,LKAR,徳島県,962,MA-KUN,徳島県,1479,MA-KUN,徳島県,2511,L#RUKA,徳島県,0,,-
Sparkle Shower,夏色のセレナーデ,0,,-,873,DG192,徳島県,1334,DG192,徳島県,2233,KOUIKA,徳島県,0,,-
Sparkle Shower,夢色ワンダー,536,LKAR,徳島県,1482,LKAR,徳島県,2104,DG192,徳島県,3126,CROSS,徳島県,0,,-
Sparkle Shower,好吃来世deエレクトリック,0,,-,803,ORE,徳島県,1347,DG192,徳島県,1905,L#RUKA,徳島県,0,,-
Sparkle Shower,恋愛観測,0,,-,690,LKAR,徳島県,1429,LKAR,徳島県,2454,KOUIKA,徳島県,0,,-
Sparkle Shower,断罪のミメシス,0,,-,1354,LKAR,徳島県,2015,12EX65,徳島県,3063,6,徳島県,0,,-
Sparkle Shower,月下繚乱,0,,-,893,DG192,徳島県,1721,DG192,徳島県,2786,L#RUKA,徳島県,0,,-
Sparkle Shower,煉獄コンフィチュール,0,,-,984,LKAR,徳島県,1778,LKAR,徳島県,2609,KOUIKA,徳島県,0,,-
Sparkle Shower,百恋ラブラスター,0,,-,734,DG192,徳島県,1583,DG192,徳島県,2625,L#RUKA,徳島県,0,,-
Sparkle Shower,色を喪った街,0,,-,1278,LKAR,徳島県,2424,MA-KUN,徳島県,3667,L#RUKA,徳島県,0,,-
Sparkle Shower,華麗なる！音戯探偵ひなビタ,0,,-,701,LKAR,徳島県,1277,DG192,徳島県,2263,L#RUKA,徳島県,0,,-
Sparkle Shower,鏡像都市,0,,-,827,DG192,徳島県,1377,DG192,徳島県,1962,L#RUKA,徳島県,0,,-
Sparkle Shower,閃と雷管とロープ,0,,-,890,DG192,徳島県,1394,DG192,徳島県,2569,L#RUKA,徳島県,0,,-
