バージョン,タイトル,BEGINNER EXスコア,BEGINNER DJName,BEGINNER 都道府県,NORMAL EXスコア,NORMAL DJName,NORMAL 都道府県,HYPER EXスコア,HYPER DJName,HYPER 都道府県,ANOTHER EXスコア,ANOTHER DJName,ANOTHER 都道府県,LEGGENDARIA EXスコア,LEGGENDARIA DJName,LEGGENDARIA 都道府県
1st&substream,22DUNK,0,,-,374,TTZK,長崎県,0,,-,636,SAYO**,長崎県,0,,-
1st&substream,5.1.1.,0,,-,147,TTZK,長崎県,964,T2UU,長崎県,1519,SAYO**,長崎県,0,,-
1st&substream,deep in you,0,,-,399,NUNDA,長崎県,445,NYA,長崎県,647,P.,長崎県,0,,-
1st&substream,Dr.LOVE,0,,-,0,,-,468,NUNDA,長崎県,562,HEIPOP,長崎県,0,,-
1st&substream,GAMBOL,0,,-,268,SAYO**,長崎県,268,SAYO**,長崎県,0,,-,0,,-
1st&substream,GENOM SCREAMS,0,,-,278,GUEST,長崎県,501,TAGERT,長崎県,1045,P.,長崎県,0,,-
1st&substream,gentle stress,0,,-,183,OSOMA,長崎県,334,VEX,長崎県,1402,LOW.S,長崎県,0,,-
1st&substream,GRADIUSIC CYBER,0,,-,0,,-,711,GOLI,長崎県,1184,GGSATO,長崎県,0,,-
1st&substream,KEEP ON MOVIN',0,,-,174,UMING,長崎県,242,GOTHIC,長崎県,0,,-,0,,-
1st&substream,Macho Gang,0,,-,295,LELEKA,長崎県,972,OXALIS,長崎県,1583,GOTHIC,長崎県,0,,-
1st&substream,PARANOIA MAX～DIRTY MIX～,0,,-,454,TTZK,長崎県,616,GOLI,長崎県,1083,HEIPOP,長崎県,0,,-
1st&substream,R3,0,,-,610,RYOMA,長崎県,542,NACS,長崎県,886,GGSATO,長崎県,0,,-
1st&substream,RUGGED ASH,0,,-,369,SAYO**,長崎県,340,NACS,長崎県,1038,GGSATO,長崎県,1904,HEIPOP,長崎県
1st&substream,THE EARTH LIGHT,0,,-,257,LELEKA,長崎県,864,BLOW.N,長崎県,1112,P.,長崎県,0,,-
2nd style,.59,0,,-,0,,-,650,UDESU*,長崎県,1087,SAYO**,長崎県,0,,-
2nd style,Digital MinD(A/T Libra mix),0,,-,0,,-,988,SHIURA,長崎県,1106,GGSATO,長崎県,0,,-
2nd style,Electro Tuned(the SubS mix),0,,-,0,,-,567,NACS,長崎県,1043,GGSATO,長崎県,0,,-
2nd style,I Was The One,0,,-,163,GUNKYG,長崎県,0,,-,679,GGSATO,長崎県,0,,-
2nd style,Indigo Vision(full flavour hide around mix),0,,-,599,TOMO,長崎県,652,EXUSIA,長崎県,1195,HEIPOP,長崎県,0,,-
2nd style,PUT YOUR FAITH IN ME(for beatmania II),0,,-,236,GUNKYG,長崎県,833,SAYO**,長崎県,0,,-,0,,-
2nd style,SP-TRIP MACHINE(for beatmania II),0,,-,184,OSOMA,長崎県,574,CLUMSY,長崎県,643,GGSATO,長崎県,0,,-
3rd style,CAN'T STOP FALLIN'IN LOVE,0,,-,163,OSOMA,長崎県,1224,P.,長崎県,0,,-,0,,-
3rd style,Don't Stop!,0,,-,0,,-,761,NUNDA,長崎県,890,LOW.S,長崎県,0,,-
3rd style,era (nostalmix),0,,-,0,,-,1057,P.,長崎県,1440,GGSATO,長崎県,0,,-
3rd style,Holic,0,,-,623,LELEKA,長崎県,1160,SAYO**,長崎県,1641,P.,長崎県,0,,-
3rd style,LEADING CYBER,0,,-,0,,-,838,NUNDA,長崎県,1183,SAYO**,長崎県,0,,-
3rd style,Presto,0,,-,403,TOMO,長崎県,928,LOW.S,長崎県,991,P.,長崎県,0,,-
3rd style,R5,0,,-,0,,-,1107,LOW.S,長崎県,1741,S.MAYU,長崎県,0,,-
3rd style,REINCARNATION,0,,-,397,KEVVIZ,長崎県,771,GOLI,長崎県,1245,P.,長崎県,0,,-
3rd style,Schlagwerk,0,,-,0,,-,1252,SHIURA,長崎県,1657,P.,長崎県,0,,-
3rd style,Skyscraper,0,,-,0,,-,941,NUNDA,長崎県,1225,P.,長崎県,0,,-
3rd style,Tangerine Stream,0,,-,0,,-,391,SAYO**,長崎県,0,,-,0,,-
3rd style,THE SAFARI,322,GOLI,長崎県,880,YY,長崎県,1712,GOTHIC,長崎県,0,,-,0,,-
4th style,250bpm,0,,-,533,TTZK,長崎県,985,LOW.S,長崎県,1353,HEIPOP,長崎県,0,,-
4th style,ABSOLUTE,0,,-,786,MASU,長崎県,1558,CLUMSY,長崎県,2325,HEIPOP,長崎県,2685,HF,長崎県
4th style,B4U,0,,-,789,TTZK,長崎県,1430,HF,長崎県,1918,VEW,長崎県,0,,-
4th style,Broken My Heart,0,,-,789,TTZK,長崎県,1339,CLUMSY,長崎県,1775,HEIPOP,長崎県,0,,-
4th style,Burnin' The Floor,0,,-,154,GUNKYG,長崎県,945,SAYO**,長崎県,1416,HEIPOP,長崎県,0,,-
4th style,CHECKING YOU OUT,0,,-,534,NUNDA,長崎県,910,GGSATO,長崎県,1309,GGSATO,長崎県,0,,-
4th style,Clione,0,,-,505,MOCCOS,長崎県,849,KNE1ST,長崎県,1575,HEIPOP,長崎県,2075,HEIPOP,長崎県
4th style,DXY!,0,,-,1194,F-REO,長崎県,1525,*RINNE,長崎県,2136,HF,長崎県,0,,-
4th style,empathy,0,,-,0,,-,1199,RYO511,長崎県,1379,HEIPOP,長崎県,0,,-
4th style,era (step mix),0,,-,820,MEROO,長崎県,1304,LOW.S,長崎県,1603,GGSATO,長崎県,0,,-
4th style,FLOWERS for ALBION,0,,-,170,0375*,長崎県,435,GGSATO,長崎県,0,,-,0,,-
4th style,HIGHER,0,,-,0,,-,837,NUNDA,長崎県,1261,VEW,長崎県,0,,-
4th style,Hitch Hiker2,0,,-,685,MMMORI,長崎県,0,,-,1289,P.,長崎県,1885,GOTHIC,長崎県
4th style,Jam&Marmalade,0,,-,0,,-,459,NQRSE,長崎県,999,P.,長崎県,0,,-
4th style,KAMIKAZE,0,,-,888,MATS*,長崎県,1334,SHIURA,長崎県,2197,GAMMA#,長崎県,0,,-
4th style,LOVE WILL・・・,0,,-,0,,-,629,KAYAKI,長崎県,1447,P.,長崎県,0,,-
4th style,minimalian,0,,-,158,CARROT,長崎県,1065,LOW.S,長崎県,1376,HEIPOP,長崎県,0,,-
4th style,Mr.T.(take me higher),0,,-,0,,-,839,NUNDA,長崎県,1665,LOW.S,長崎県,0,,-
4th style,starmine,422,NUNDA,長崎県,780,NUNDA,長崎県,1249,*RINNE,長崎県,1552,MOCCOS,長崎県,0,,-
4th style,SWEET LAB,0,,-,0,,-,593,LIZ*,長崎県,1128,OXALIS,長崎県,0,,-
4th style,Voltage (feat. Hidemaru),0,,-,410,INUKI*,長崎県,1174,SAYO**,長崎県,1291,P.,長崎県,0,,-
5th style,Abyss,0,,-,1089,TKNITK,長崎県,1528,SHIURA,長崎県,1851,HEIPOP,長崎県,0,,-
5th style,in my eyes,0,,-,0,,-,1152,NUNDA,長崎県,1553,P.,長崎県,0,,-
5th style,LOVE AGAIN TONIGHT～for Mellisa mix～,0,,-,653,TTZK,長崎県,914,CLUMSY,長崎県,1109,HEIPOP,長崎県,0,,-
5th style,outer wall,0,,-,446,ONAKO!,長崎県,977,TTZK,長崎県,1725,P.,長崎県,0,,-
5th style,QQQ,0,,-,992,TKNITK,長崎県,1774,LOW.S,長崎県,2115,P.,長崎県,0,,-
5th style,Radical Faith,0,,-,0,,-,1295,NUNDA,長崎県,1242,SAYO**,長崎県,0,,-
5th style,Real,0,,-,0,,-,1493,LOW.S,長崎県,1731,HEIPOP,長崎県,0,,-
5th style,Regulus,0,,-,579,AMANOB,長崎県,1209,IIDX34,長崎県,1601,LOW.S,長崎県,0,,-
5th style,RIDE ON THE LIGHT (HI GREAT MIX),0,,-,379,IIDX33,長崎県,173,NACS,長崎県,1646,GGSATO,長崎県,1794,GGSATO,長崎県
5th style,RISLIM,0,,-,663,TAGERT,長崎県,1189,P.,長崎県,0,,-,0,,-
5th style,sometime,0,,-,696,NAGO,長崎県,759,GOLI,長崎県,1264,SAYO**,長崎県,0,,-
5th style,Spin the disc,0,,-,304,KEN!,長崎県,960,NUNDA,長崎県,1284,SAYO**,長崎県,0,,-
5th style,STILL IN MY HEART,0,,-,0,,-,1177,NAGO,長崎県,1845,GGSATO,長崎県,0,,-
5th style,still my words,0,,-,0,,-,1220,P.,長崎県,0,,-,0,,-
5th style,sync,0,,-,595,MIRAAA,長崎県,1855,LOW.S,長崎県,2321,P.,長崎県,0,,-
5th style,THE CUBE,0,,-,591,GOLI,長崎県,667,AMANOB,長崎県,1289,SAYO**,長崎県,0,,-
5th style,THE SHINING POLARIS,0,,-,0,,-,1166,!,長崎県,1562,HEIPOP,長崎県,0,,-
5th style,V,290,GOLI,長崎県,899,NQRSE,長崎県,2344,SHIURA,長崎県,2884,GOTHIC,長崎県,0,,-
6th style,"19,November",0,,-,917,MATS*,長崎県,1259,CLUMSY,長崎県,1751,P.,長崎県,0,,-
6th style,BALLAD FOR YOU～想いの雨～,0,,-,0,,-,664,NUNDA,長崎県,1068,VEW,長崎県,0,,-
6th style,Blueberry Stream,0,,-,655,GOLI,長崎県,1449,PCFAXX,長崎県,1569,LITCHI,長崎県,0,,-
6th style,Buffalo,0,,-,0,,-,1328,NAGO,長崎県,1724,TAU,長崎県,2423,MOCCOS,長崎県
6th style,Colors (radio edit),0,,-,1143,MATS*,長崎県,1678,GAIA,長崎県,2403,HF,長崎県,0,,-
6th style,DIVE ～INTO YOUR HEART～,0,,-,574,KEN!,長崎県,1764,SAYO**,長崎県,2002,MOCCOS,長崎県,0,,-
6th style,fly through the night,0,,-,0,,-,1082,NUNDA,長崎県,1683,P.,長崎県,0,,-
6th style,Free Style,0,,-,626,TTZK,長崎県,563,IIDX33,長崎県,1241,SAYO**,長崎県,0,,-
6th style,Frozen Ray (original mix),0,,-,1002,TTZK,長崎県,1637,SHIURA,長崎県,1743,GGSATO,長崎県,0,,-
6th style,G2,0,,-,1335,LOW.S,長崎県,1667,LOW.S,長崎県,2162,HF,長崎県,0,,-
6th style,L'amour et la liberte,0,,-,794,NUNDA,長崎県,1492,SAYO**,長崎県,1977,PCFAXX,長崎県,0,,-
6th style,Linus,0,,-,444,A,長崎県,1450,LOW.S,長崎県,2154,GOTHIC,長崎県,0,,-
6th style,NEMESIS,0,,-,518,MAC0,長崎県,1487,LOW.S,長崎県,1772,GGSATO,長崎県,0,,-
6th style,rottel-da-sun,0,,-,743,SLIVER,長崎県,1154,NAGO,長崎県,1808,HEIPOP,長崎県,0,,-
6th style,route 80s,0,,-,0,,-,1124,LOW.S,長崎県,1494,PCFAXX,長崎県,0,,-
6th style,SOMETHING WONDERFUL,0,,-,856,YOSHI.,長崎県,889,MUGI,長崎県,1911,HEIPOP,長崎県,0,,-
6th style,Summer Vacation(CU mix),0,,-,957,TTZK,長崎県,1789,HF,長崎県,0,,-,0,,-
6th style,Take It Easy,0,,-,1051,LIZ*,長崎県,2116,...,長崎県,2457,HEIPOP,長崎県,0,,-
6th style,VJ ARMY,0,,-,1037,NUNDA,長崎県,1648,LOW.S,長崎県,2115,GGSATO,長崎県,0,,-
6th style,こっちを向いてよ,0,,-,601,9232,長崎県,1207,HINA**,長崎県,1365,SAYO**,長崎県,0,,-
7th style,A,0,,-,949,AAA,長崎県,2036,LOW.S,長崎県,2428,HF,長崎県,0,,-
7th style,AVE DE RAPINA,0,,-,831,AMANOB,長崎県,1659,SAYO**,長崎県,1734,SAYO**,長崎県,0,,-
7th style,Bad Routine,0,,-,866,TKNITK,長崎県,805,AMANOB,長崎県,1894,HEIPOP,長崎県,0,,-
7th style,Burning Heat! (Full Option Mix),0,,-,0,,-,434,NACS,長崎県,1418,LITCHI,長崎県,0,,-
7th style,Cheer Train,0,,-,0,,-,801,IIDX33,長崎県,1668,MOCCOS,長崎県,0,,-
7th style,D2R,0,,-,0,,-,946,NZN,長崎県,1585,HEIPOP,長崎県,0,,-
7th style,DESTINY,0,,-,0,,-,1248,!,長崎県,1805,P.,長崎県,0,,-
7th style,foreplay,0,,-,0,,-,1155,LOW.S,長崎県,1252,LOW.S,長崎県,0,,-
7th style,Glorious Days,0,,-,0,,-,803,SAYO**,長崎県,884,GGSATO,長崎県,0,,-
7th style,Happy Wedding,0,,-,941,TKNITK,長崎県,1482,!,長崎県,1777,GOTHIC,長崎県,0,,-
7th style,Last Message,0,,-,740,SALOVE,長崎県,983,RUSKE,長崎県,1577,VEW,長崎県,0,,-
7th style,Let the Snow Paint Me,0,,-,0,,-,0,,-,1228,P.,長崎県,0,,-
7th style,Love Me Do,0,,-,0,,-,1265,NACS,長崎県,2107,P.,長崎県,0,,-
7th style,MAX 300,0,,-,1058,RYS,長崎県,1785,LUFT,長崎県,2709,HF,長崎県,0,,-
7th style,Somebody Like You,0,,-,678,LATHAM,長崎県,1132,SHIURA,長崎県,1681,MOCCOS,長崎県,0,,-
7th style,Spica,0,,-,459,TTZK,長崎県,1378,LOW.S,長崎県,2120,P.,長崎県,0,,-
7th style,stoic,0,,-,1627,LOW.S,長崎県,1974,!,長崎県,2377,HEIPOP,長崎県,0,,-
7th style,Tomorrow Perfume,0,,-,0,,-,1799,SHIURA,長崎県,2052,HEIPOP,長崎県,0,,-
7th style,traces,0,,-,769,AMANOB,長崎県,1648,*RINNE,長崎県,2081,PCFAXX,長崎県,0,,-
7th style,ZERO-ONE,0,,-,484,IIDX33,長崎県,1425,*RINNE,長崎県,2104,TAU,長崎県,2816,HF,長崎県
7th style,革命,0,,-,671,YY,長崎県,1803,LOW.S,長崎県,2236,HEIPOP,長崎県,0,,-
8th style,abstract,0,,-,934,TKNITK,長崎県,1422,SOLA,長崎県,1835,P.,長崎県,0,,-
8th style,airflow,0,,-,497,FENCER,長崎県,613,NUNDA,長崎県,1395,HEIPOP,長崎県,0,,-
8th style,ALL RIGHT,0,,-,686,GOLI,長崎県,1248,LOW.S,長崎県,1429,NAGO,長崎県,0,,-
8th style,Attitude,0,,-,710,!!!!!#,長崎県,1339,LOW.S,長崎県,1719,P.,長崎県,0,,-
8th style,bit mania,0,,-,749,TRI,長崎県,1223,SHIURA,長崎県,1847,P.,長崎県,0,,-
8th style,Blame,0,,-,701,MASU,長崎県,1121,RUSKE,長崎県,1890,VEW,長崎県,0,,-
8th style,CELEBRATE NITE,0,,-,0,,-,785,KAL-VI,長崎県,1390,P.,長崎県,0,,-
8th style,Colors -Y&Co. Eurobeat Remix-,0,,-,841,MAC0,長崎県,1635,!,長崎県,2111,HEIPOP,長崎県,0,,-
8th style,dual control,0,,-,652,NUNDA,長崎県,713,AMANOB,長崎県,1820,PCFAXX,長崎県,0,,-
8th style,Giudecca,0,,-,806,NUNDA,長崎県,1916,LOW.S,長崎県,2506,HEIPOP,長崎県,0,,-
8th style,Halfway of promise,0,,-,251,GUNKYG,長崎県,1445,LOW.S,長崎県,1780,HEIPOP,長崎県,0,,-
8th style,HYPER BOUNDARY GATE,0,,-,814,TTZK,長崎県,1491,9RAGE,長崎県,2051,RIV*,長崎県,0,,-
8th style,LAB,0,,-,890,LIZ*,長崎県,1885,LOW.S,長崎県,1904,LOW.S,長崎県,2645,PCFAXX,長崎県
8th style,LOVE IS ORANGE,0,,-,249,MAACHI,長崎県,826,TTZK,長崎県,1756,HEIPOP,長崎県,2062,P.,長崎県
8th style,Luv 2 Feel Your Body,0,,-,680,TTZK,長崎県,755,AMANOB,長崎県,1601,GOTHIC,長崎県,0,,-
8th style,memories,0,,-,0,,-,1944,LOW.S,長崎県,2212,HF,長崎県,0,,-
8th style,Monkey Dance,0,,-,247,NAT,長崎県,1086,TAKI,長崎県,1955,GOTHIC,長崎県,0,,-
8th style,murmur twins,0,,-,995,TTZK,長崎県,1596,LOW.S,長崎県,2321,PCFAXX,長崎県,0,,-
8th style,MUSIC TO YOUR HEAD,0,,-,0,,-,1307,T2UU,長崎県,1660,P.,長崎県,0,,-
8th style,PLEASE DON'T GO,0,,-,0,,-,1231,IIDX34,長崎県,2368,P.,長崎県,0,,-
8th style,rainbow flyer,0,,-,599,SHAGIR,長崎県,1477,N-P!*,長崎県,2079,GOTHIC,長崎県,0,,-
8th style,symbolic,0,,-,1118,TKNITK,長崎県,1709,SHIURA,長崎県,2156,HEIPOP,長崎県,0,,-
8th style,thunder,0,,-,705,MINOR,長崎県,1563,LOW.S,長崎県,1832,HEIPOP,長崎県,0,,-
8th style,WAR GAME,0,,-,801,NUNDA,長崎県,1456,LOW.S,長崎県,2124,P.,長崎県,0,,-
8th style,World Wide Love,0,,-,0,,-,953,NUNDA,長崎県,1108,GGSATO,長崎県,0,,-
8th style,xenon,0,,-,773,LIZ*,長崎県,1325,40KATA,長崎県,2629,P.,長崎県,0,,-
8th style,桜,0,,-,747,MATS*,長崎県,1417,SHIURA,長崎県,2079,GOTHIC,長崎県,0,,-
8th style,蒼い衝動,0,,-,0,,-,1163,CLUMSY,長崎県,1558,HEIPOP,長崎県,0,,-
9th style,Abyss -The Heavens Remix-,510,GOLI,長崎県,1316,SUKIYA,長崎県,1655,*RINNE,長崎県,2332,P.,長崎県,0,,-
9th style,ACT,0,,-,1027,P.,長崎県,1469,UMING,長崎県,1805,HEIPOP,長崎県,0,,-
9th style,ADVANCE,0,,-,463,HEIPOP,長崎県,831,TAU,長崎県,1542,HEIPOP,長崎県,0,,-
9th style,ATOMIC AGE,0,,-,313,GOLI,長崎県,580,KASUZU,長崎県,1280,GGSATO,長崎県,0,,-
9th style,BAD BOY BASS!! (dj Remo-con MIX),0,,-,784,TTZK,長崎県,927,IIDX33,長崎県,1776,PCFAXX,長崎県,0,,-
9th style,bag,0,,-,740,MATS*,長崎県,1152,LOW.S,長崎県,1823,OJIRU,長崎県,0,,-
9th style,BRIGHTNESS DARKNESS,0,,-,0,,-,1110,RUSKE,長崎県,1717,P.,長崎県,0,,-
9th style,Cradle,0,,-,746,GOLI,長崎県,1362,AOI*,長崎県,1549,HEIPOP,長崎県,0,,-
9th style,Distress,0,,-,914,RARA,長崎県,1717,LOW.S,長崎県,0,,-,0,,-
9th style,e-motion 2003  -romantic extra-,0,,-,897,LIZ*,長崎県,1516,LOW.S,長崎県,1942,VEW,長崎県,0,,-
9th style,fun,0,,-,347,MEROO,長崎県,964,IIDX34,長崎県,1752,HF,長崎県,0,,-
9th style,Golden Horn,0,,-,0,,-,1140,LOW.S,長崎県,1331,HINA**,長崎県,0,,-
9th style,HYPER EUROBEAT (2DX style),0,,-,0,,-,1567,LOW.S,長崎県,1909,VEW,長崎県,0,,-
9th style,I Was The One (80's EUROBEAT STYLE),0,,-,0,,-,1120,9RAGE,長崎県,1422,VEW,長崎県,0,,-
9th style,Karma,0,,-,1007,TTZK,長崎県,1596,LOW.S,長崎県,1639,N-P!*,長崎県,0,,-
9th style,lights,0,,-,0,,-,1402,SAYO**,長崎県,1735,PCFAXX,長崎県,0,,-
9th style,Logic Board,0,,-,751,GOLI,長崎県,1654,LOW.S,長崎県,2246,HEIPOP,長崎県,0,,-
9th style,LOVE SHINE,433,GOLI,長崎県,705,TKNITK,長崎県,1704,*RINNE,長崎県,2068,GOTHIC,長崎県,0,,-
9th style,lower world,0,,-,964,GOLI,長崎県,1781,LOW.S,長崎県,2203,PCFAXX,長崎県,0,,-
9th style,Make A Difference,0,,-,0,,-,1349,*RINNE,長崎県,2111,GGSATO,長崎県,0,,-
9th style,MARIA (I believe... ),0,,-,236,AMANE#,長崎県,1536,SAYO**,長崎県,1890,P.,長崎県,0,,-
9th style,moon_child,0,,-,827,LIZ*,長崎県,1821,Y.O,長崎県,2475,PCFAXX,長崎県,0,,-
9th style,one or eight,0,,-,1015,AAA,長崎県,1803,MOCCOS,長崎県,2163,HF,長崎県,0,,-
9th style,PARANOIA survivor MAX,0,,-,875,F-REO,長崎県,1227,SHIURA,長崎県,2017,GGSATO,長崎県,0,,-
9th style,quasar,0,,-,1023,FUFUE.,長崎県,1562,GAIA,長崎県,2306,HF,長崎県,0,,-
9th style,Quickening,0,,-,0,,-,1614,LOW.S,長崎県,1922,RIV*,長崎県,0,,-
9th style,Really Love,0,,-,0,,-,926,GGSATO,長崎県,1698,LUFT,長崎県,0,,-
9th style,RISLIM -Remix-,0,,-,0,,-,918,HINA**,長崎県,1824,P.,長崎県,0,,-
9th style,rottel-the-Mercury,0,,-,683,DANCHO,長崎県,1826,LOW.S,長崎県,2249,P.,長崎県,0,,-
9th style,Silvia Drive,0,,-,0,,-,1470,LOW.S,長崎県,1960,HEIPOP,長崎県,0,,-
9th style,SNOW,0,,-,916,NUNDA,長崎県,805,AMANOB,長崎県,1861,RIV*,長崎県,0,,-
9th style,STAR FIELD,0,,-,0,,-,1543,LOW.S,長崎県,1850,P.,長崎県,0,,-
9th style,Sweet Sweet Magic,0,,-,0,,-,1006,TTZK,長崎県,1983,P.,長崎県,0,,-
9th style,SWEETEST SAVAGE,0,,-,0,,-,1205,KOU,長崎県,1752,HEIPOP,長崎県,0,,-
9th style,ライオン好き,0,,-,604,RYO511,長崎県,1011,FUFUE.,長崎県,1481,P.,長崎県,0,,-
9th style,真夏の花・真夏の夢,0,,-,551,INUKI*,長崎県,1088,HINA**,長崎県,1438,HF,長崎県,0,,-
10th style,1st Samurai,0,,-,887,TTZK,長崎県,1707,UDESU*,長崎県,2550,HF,長崎県,0,,-
10th style,ALIEN TEMPLE,0,,-,685,IIDX33,長崎県,1444,!,長崎県,1970,P.,長崎県,0,,-
10th style,ASTRAL VOYAGE,0,,-,684,IIDX33,長崎県,587,AMANOB,長崎県,1852,VEW,長崎県,0,,-
10th style,BABY LOVE,0,,-,1040,MATS*,長崎県,1267,NACS,長崎県,2124,P.,長崎県,0,,-
10th style,Back Into The Light,0,,-,417,CHEK12,長崎県,1059,TTZK,長崎県,2092,K.FLAN,長崎県,0,,-
10th style,Boundary,0,,-,395,IIDX33,長崎県,1786,LOW.S,長崎県,2029,P.,長崎県,0,,-
10th style,CARRY ON NIGHT (English version),0,,-,0,,-,1164,IIDX34,長崎県,2043,VEW,長崎県,0,,-
10th style,Daisuke,461,AYSENA,長崎県,1115,YY,長崎県,1631,LOW.S,長崎県,2375,GOTHIC,長崎県,0,,-
10th style,Debtty Daddy,0,,-,0,,-,1858,LOW.S,長崎県,2680,GUINAN,長崎県,0,,-
10th style,desolation,0,,-,211,IBUKI,長崎県,598,NUNDA,長崎県,759,GGSATO,長崎県,0,,-
10th style,DoLL,292,GOLI,長崎県,665,-ROSA-,長崎県,1193,HINA**,長崎県,1612,P.,長崎県,0,,-
10th style,EXE,0,,-,507,AYANE.,長崎県,1554,SG2.,長崎県,2221,VEW,長崎県,0,,-
10th style,Feedback,0,,-,0,,-,1554,LOW.S,長崎県,1822,TAU,長崎県,0,,-
10th style,FEEL IT,0,,-,737,NUNDA,長崎県,1621,LUFT,長崎県,1899,GGSATO,長崎県,0,,-
10th style,Freezing atmosphere,0,,-,0,,-,779,GOLI,長崎県,1455,LOW.S,長崎県,0,,-
10th style,GHOST REVIVAL,0,,-,862,OXALIS,長崎県,1937,LOW.S,長崎県,2502,P.,長崎県,0,,-
10th style,GRADIUS -FULL SPEED-,0,,-,433,INUKI*,長崎県,1139,LOW.S,長崎県,2003,HF,長崎県,0,,-
10th style,HIGH,0,,-,636,MINOR,長崎県,1834,LOW.S,長崎県,2125,P.,長崎県,2818,MOCCOS,長崎県
10th style,Innocent Walls,0,,-,1165,GOLI,長崎県,2358,PCFAXX,長崎県,2663,HF,長崎県,0,,-
10th style,Love Is Eternity,0,,-,0,,-,1891,LOW.S,長崎県,2305,HEIPOP,長崎県,0,,-
10th style,Lucy,0,,-,0,,-,1590,*RINNE,長崎県,2289,P.,長崎県,0,,-
10th style,Narcissus At Oasis,0,,-,661,*VIVI*,長崎県,1395,UMING,長崎県,1612,HEIPOP,長崎県,0,,-
10th style,No.13,0,,-,1579,LOW.S,長崎県,2522,LUFT,長崎県,3114,VEW,長崎県,0,,-
10th style,One More Lovely,0,,-,794,NUNDA,長崎県,1502,NAGO,長崎県,2789,HF,長崎県,0,,-
10th style,pandora,0,,-,514,YOKKA,長崎県,1616,LOW.S,長崎県,1752,P.,長崎県,0,,-
10th style,rainbow rainbow,0,,-,1431,FUFUE.,長崎県,1748,KROKRO,長崎県,2589,DAIKI*,長崎県,0,,-
10th style,Rise'n Beauty,0,,-,800,MASU,長崎県,1569,LOW.S,長崎県,2124,VEW,長崎県,3911,HF,長崎県
10th style,SCORE,0,,-,804,GOLI,長崎県,1514,LOW.S,長崎県,2018,GAMMA#,長崎県,0,,-
10th style,SHOOTING STAR,0,,-,736,NEKO,長崎県,1588,LOW.S,長崎県,2215,VEW,長崎県,0,,-
10th style,SPACE FIGHT,0,,-,541,TTZK,長崎県,1470,LOW.S,長崎県,2118,P.,長崎県,0,,-
10th style,システムロマンス,0,,-,356,SWEL,長崎県,1579,YY,長崎県,2001,VEW,長崎県,0,,-
10th style,雪月花,0,,-,1040,AAA,長崎県,1752,RIV*,長崎県,2436,GOTHIC,長崎県,0,,-
IIDX RED,AA,0,,-,1106,YY,長崎県,2608,GGSATO,長崎県,3577,HF,長崎県,0,,-
IIDX RED,AGEHA,561,GOLI,長崎県,876,NUNDA,長崎県,1621,LOW.S,長崎県,1814,HEIPOP,長崎県,2329,HF,長崎県
IIDX RED,ANDROMEDA,0,,-,653,KEN!,長崎県,1630,*RINNE,長崎県,2837,GOTHIC,長崎県,0,,-
IIDX RED,awakening,0,,-,838,TTZK,長崎県,1226,YUSUKE,長崎県,1708,VEW,長崎県,0,,-
IIDX RED,Be quiet,0,,-,894,MATS*,長崎県,1646,LOW.S,長崎県,2129,GGSATO,長崎県,2747,GOTHIC,長崎県
IIDX RED,BLOCKS,0,,-,659,TTZK,長崎県,1085,IIDX31,長崎県,1932,VEW,長崎県,0,,-
IIDX RED,BREATH,0,,-,729,TTZK,長崎県,961,GOLI,長崎県,1700,DAIKI*,長崎県,0,,-
IIDX RED,Click Again,0,,-,440,CHEK12,長崎県,1210,CLUMSY,長崎県,2040,P.,長崎県,0,,-
IIDX RED,Close my Eyes for Me,0,,-,836,GOLI,長崎県,1332,LOW.S,長崎県,1638,*AMIN*,長崎県,0,,-
IIDX RED,D.A.N.C.E.!,0,,-,490,SALOVE,長崎県,741,MARI,長崎県,1574,GOTHIC,長崎県,0,,-
IIDX RED,Don't be afraid myself,0,,-,0,,-,1569,IIDX34,長崎県,2232,P.,長崎県,0,,-
IIDX RED,earth scape,0,,-,0,,-,1018,SG2.,長崎県,1255,SAYO**,長崎県,0,,-
IIDX RED,FAKE TIME,0,,-,498,YOKKA,長崎県,1740,HF,長崎県,2303,HF,長崎県,0,,-
IIDX RED,Fly Away To India,0,,-,363,SAKAKI,長崎県,866,MATS*,長崎県,1378,HEIPOP,長崎県,0,,-
IIDX RED,GENOCIDE,0,,-,911,MATS*,長崎県,1849,RIV*,長崎県,2347,VEW,長崎県,0,,-
IIDX RED,gigadelic,605,GOLI,長崎県,1411,LOW.S,長崎県,2145,GOTHIC,長崎県,2477,GOTHIC,長崎県,0,,-
IIDX RED,HORIZON,0,,-,1015,KASUMI,長崎県,1517,SHIURA,長崎県,1920,LUFT,長崎県,0,,-
IIDX RED,KEY,0,,-,700,YU3.,長崎県,1760,LOW.S,長崎県,2788,GGSATO,長崎県,0,,-
IIDX RED,NEBULA GRASPER,0,,-,566,AMANOB,長崎県,1652,*RINNE,長崎県,2290,LOW.S,長崎県,0,,-
IIDX RED,Raspberry Heart(English version),0,,-,0,,-,1550,LOW.S,長崎県,1826,P.,長崎県,0,,-
IIDX RED,RED ZONE,168,GOLI,長崎県,841,TKNITK,長崎県,1888,KANI,長崎県,2310,GOTHIC,長崎県,3042,HF,長崎県
IIDX RED,RESONATE 1794,0,,-,581,IIDX33,長崎県,1246,AOI*,長崎県,1845,P.,長崎県,0,,-
IIDX RED,Secret of Love,0,,-,0,,-,1241,CLUMSY,長崎県,1989,P.,長崎県,0,,-
IIDX RED,SPEEDY CAT,0,,-,0,,-,1567,*RINNE,長崎県,2011,P.,長崎県,0,,-
IIDX RED,Sphere,0,,-,789,MINOR,長崎県,1841,LOW.S,長崎県,2135,P.,長崎県,0,,-
IIDX RED,spiral galaxy,0,,-,0,,-,1829,*RINNE,長崎県,2488,GOTHIC,長崎県,3692,VEW,長崎県
IIDX RED,The Hope of Tomorrow,0,,-,0,,-,1565,LOW.S,長崎県,1858,HEIPOP,長崎県,0,,-
IIDX RED,Wonder Bullfighter,0,,-,0,,-,1305,IIDX34,長崎県,1948,MOCCOS,長崎県,0,,-
IIDX RED,ピアノ協奏曲第１番”蠍火”,0,,-,744,!,長崎県,1998,LUFT,長崎県,2595,HF,長崎県,0,,-
IIDX RED,大桟橋,0,,-,0,,-,1011,CLUMSY,長崎県,1830,GOTHIC,長崎県,0,,-
IIDX RED,太陽～T・A・I・Y・O～,0,,-,600,TTZK,長崎県,1378,LOW.S,長崎県,1679,HEIPOP,長崎県,0,,-
IIDX RED,ＵＬＴｉＭΛＴＥ,0,,-,770,-ROSA-,長崎県,1359,YUSUKE,長崎県,1983,P.,長崎県,0,,-
HAPPY SKY,100％ minimoo-G,0,,-,632,MIKU,長崎県,1619,MOCCOS,長崎県,1672,MOCCOS,長崎県,0,,-
HAPPY SKY,Agnus Dei,0,,-,784,TTZK,長崎県,1617,SAYO**,長崎県,1967,LOW.S,長崎県,0,,-
HAPPY SKY,alla turca con passione,0,,-,580,IIDX33,長崎県,1542,LOW.S,長崎県,2124,HEIPOP,長崎県,0,,-
HAPPY SKY,Aurora,0,,-,1230,FUFUE.,長崎県,1976,SHIURA,長崎県,2492,P.,長崎県,0,,-
HAPPY SKY,CaptivAte～浄化～,0,,-,799,ALTAIL,長崎県,1538,IIDX34,長崎県,2378,HF,長崎県,3327,HF,長崎県
HAPPY SKY,Catch Me,0,,-,469,INUKI*,長崎県,1256,SAYO**,長崎県,1743,PCFAXX,長崎県,2013,MOCCOS,長崎県
HAPPY SKY,Don't let it go,0,,-,641,TKNITK,長崎県,1219,LOW.S,長崎県,1600,TAU,長崎県,0,,-
HAPPY SKY,double thrash,0,,-,0,,-,1774,T2UU,長崎県,2289,MOCCOS,長崎県,0,,-
HAPPY SKY,EDEN,0,,-,1205,YY,長崎県,1882,SAYO**,長崎県,2691,GOTHIC,長崎県,3211,MOCCOS,長崎県
HAPPY SKY,EMPTY OF THE SKY,0,,-,574,*VIVI*,長崎県,839,NACS,長崎県,1670,SAYO**,長崎県,0,,-
HAPPY SKY,First Resolution,0,,-,59,JENNNN,長崎県,1368,KASUZU,長崎県,2067,P.,長崎県,0,,-
HAPPY SKY,garden,0,,-,487,SAKAKI,長崎県,1481,SAYO**,長崎県,2055,LUFT,長崎県,3004,HF,長崎県
HAPPY SKY,Get'em up to R.A.V.E,0,,-,0,,-,1639,LOW.S,長崎県,2232,VEW,長崎県,0,,-
HAPPY SKY,GREEN EYES,0,,-,834,GOLI,長崎県,1582,LOW.S,長崎県,2160,P.,長崎県,0,,-
HAPPY SKY,HAPPY☆ANGEL,626,GOLI,長崎県,797,-ROSA-,長崎県,1502,LOW.S,長崎県,2027,HEIPOP,長崎県,0,,-
HAPPY SKY,I am,0,,-,790,HECA,長崎県,1710,SAYO**,長崎県,2116,PCFAXX,長崎県,0,,-
HAPPY SKY,in motion,0,,-,460,TANK,長崎県,907,CLUMSY,長崎県,1281,P.,長崎県,0,,-
HAPPY SKY,INAZUMA,0,,-,751,LAKYRA,長崎県,1677,LOW.S,長崎県,2651,HF,長崎県,3978,GOTHIC,長崎県
HAPPY SKY,LESSON 5,0,,-,0,,-,1802,LOW.S,長崎県,2441,HEIPOP,長崎県,0,,-
HAPPY SKY,Little Little Princess,0,,-,778,HECA,長崎県,1931,IIDX34,長崎県,2742,GOTHIC,長崎県,3646,P.,長崎県
HAPPY SKY,Love Magic,0,,-,790,TTZK,長崎県,1632,LOW.S,長崎県,1814,TAU,長崎県,0,,-
HAPPY SKY,mind the gap,0,,-,687,RIV*,長崎県,802,IIDX34,長崎県,1524,GGSATO,長崎県,0,,-
HAPPY SKY,MOON RACE,0,,-,0,,-,817,RUSKE,長崎県,1843,HEIPOP,長崎県,0,,-
HAPPY SKY,Pink Rose,0,,-,366,SOSUKE,長崎県,949,SAYO**,長崎県,1395,GOTHIC,長崎県,1978,HF,長崎県
HAPPY SKY,PLASMA,0,,-,485,KEN!,長崎県,1589,LOW.S,長崎県,2228,KUMA..,長崎県,0,,-
HAPPY SKY,Pollinosis,0,,-,0,,-,1048,CLUMSY,長崎県,2430,VEW,長崎県,0,,-
HAPPY SKY,POODLE,0,,-,958,HEIPOP,長崎県,1820,LOW.S,長崎県,2248,P.,長崎県,3323,VEW,長崎県
HAPPY SKY,rage against usual,0,,-,612,MINOR,長崎県,1704,ROY#,長崎県,2816,HF,長崎県,0,,-
HAPPY SKY,SCREAM SQUAD,0,,-,902,AAA,長崎県,1467,SLIVER,長崎県,1942,MOCCOS,長崎県,0,,-
HAPPY SKY,Scripted Connection⇒ A mix,0,,-,1297,NUNDA,長崎県,1837,UDESU*,長崎県,3049,HF,長崎県,3313,HF,長崎県
HAPPY SKY,Scripted Connection⇒ H mix,0,,-,1450,YUSUKE,長崎県,1636,IIDX34,長崎県,2386,MOCCOS,長崎県,2794,HF,長崎県
HAPPY SKY,Scripted Connection⇒ N mix,0,,-,1078,MATS*,長崎県,1247,12SEEL,長崎県,1841,Y.O,長崎県,2242,HEIPOP,長崎県
HAPPY SKY,SigSig,595,GOLI,長崎県,921,KOHAKU,長崎県,1448,RYO511,長崎県,2566,GOTHIC,長崎県,0,,-
HAPPY SKY,Tizona d'El Cid,0,,-,775,TTZK,長崎県,1846,LOW.S,長崎県,2153,LOW.S,長崎県,0,,-
HAPPY SKY,Twelfth Style,0,,-,0,,-,1259,CLUMSY,長崎県,1972,GUINAN,長崎県,3183,HF,長崎県
HAPPY SKY,Under the Sky,0,,-,0,,-,1321,HINA**,長崎県,1701,HEIPOP,長崎県,0,,-
HAPPY SKY,vault of heaven,0,,-,0,,-,971,LOVE,長崎県,1992,GUINAN,長崎県,0,,-
HAPPY SKY,Votum stellarum,0,,-,627,LIZ*,長崎県,1611,LOW.S,長崎県,1950,PCFAXX,長崎県,0,,-
HAPPY SKY,We are Disっ娘よっつ打ち命,0,,-,558,TTZK,長崎県,809,NACS,長崎県,1650,GOTHIC,長崎県,0,,-
HAPPY SKY,Xepher,349,GOLI,長崎県,937,MATS*,長崎県,1923,ACBEXE,長崎県,2925,VEW,長崎県,0,,-
HAPPY SKY,オレはビートマニア！お前は何マニア？,0,,-,666,MATS*,長崎県,1432,LOW.S,長崎県,1605,MOCCOS,長崎県,0,,-
HAPPY SKY,ヒマワリ,0,,-,483,TTZK,長崎県,1736,*RINNE,長崎県,2033,HEIPOP,長崎県,0,,-
HAPPY SKY,ラクエン,0,,-,0,,-,729,FUTABA,長崎県,1924,GGSATO,長崎県,0,,-
HAPPY SKY,冥,506,GOLI,長崎県,870,ROY#,長崎県,1990,LUFT,長崎県,3580,HF,長崎県,0,,-
HAPPY SKY,合体せよ！ストロングイェーガー！！ (Ryu☆ remix),0,,-,684,YOKKA,長崎県,1268,KOTUNE,長崎県,1834,TAU,長崎県,0,,-
HAPPY SKY,月光,0,,-,701,TTZK,長崎県,1727,LOW.S,長崎県,2418,GOTHIC,長崎県,0,,-
DistorteD,ALFARSHEAR 双神威に廻る夢,409,NUNDA,長崎県,830,LIZ*,長崎県,1640,SAYO**,長崎県,2061,P.,長崎県,0,,-
DistorteD,Apocalypse ～dirge of swans～,228,GOLI,長崎県,559,CYAN,長崎県,1428,AOI*,長崎県,2350,P.,長崎県,0,,-
DistorteD,BALLAD THE FEATHERS,0,,-,611,TTZK,長崎県,1063,SAYO**,長崎県,1489,LOW.S,長崎県,0,,-
DistorteD,Bloody Tears(IIDX EDITION),0,,-,949,TTZK,長崎県,1738,AOI*,長崎県,2148,P.,長崎県,0,,-
DistorteD,BOOM BOOM DISCO NIGHT,0,,-,783,TTZK,長崎県,1760,LOW.S,長崎県,2251,P.,長崎県,0,,-
DistorteD,Broadbanded,0,,-,730,GOLI,長崎県,1237,IIDX34,長崎県,1946,VEW,長崎県,0,,-
DistorteD,Concertino in Blue,353,!,長崎県,712,TTZK,長崎県,1530,LOW.S,長崎県,2398,HF,長崎県,0,,-
DistorteD,CONTRACT,0,,-,1121,KASUMI,長崎県,1366,MER,長崎県,1931,LUFT,長崎県,2636,HF,長崎県
DistorteD,D.C.fish,0,,-,775,TTZK,長崎県,1884,LOW.S,長崎県,2229,GGSATO,長崎県,0,,-
DistorteD,DEEP ROAR,0,,-,860,NUNDA,長崎県,1373,SAYO**,長崎県,2722,VEW,長崎県,0,,-
DistorteD,Double Loving Heart,0,,-,352,0375*,長崎県,1297,SAYO**,長崎県,1791,P.,長崎県,0,,-
DistorteD,DUE TOMORROW,0,,-,722,NZN,長崎県,1240,LOW.S,長崎県,1955,HF,長崎県,0,,-
DistorteD,EURO-ROMANCE,0,,-,781,TKNITK,長崎県,1804,LOW.S,長崎県,2086,P.,長崎県,0,,-
DistorteD,Ganymede,0,,-,894,AAA,長崎県,1446,IIDX34,長崎県,2246,GOTHIC,長崎県,2460,HF,長崎県
DistorteD,Harmony and Lovely,0,,-,840,!,長崎県,1734,LOW.S,長崎県,2192,VEW,長崎県,0,,-
DistorteD,Heavenly Sun (IIDX VERSION),0,,-,0,,-,1460,YUSUKE,長崎県,2062,VEW,長崎県,0,,-
DistorteD,INFERNO,0,,-,988,NUNDA,長崎県,1087,RAS2,長崎県,1892,LUFT,長崎県,0,,-
DistorteD,Leaving...,0,,-,0,,-,1332,LOW.S,長崎県,2148,PCFAXX,長崎県,0,,-
DistorteD,MINT,0,,-,864,MATS*,長崎県,1408,IIDX34,長崎県,2232,P.,長崎県,0,,-
DistorteD,MOON,0,,-,738,TTZK,長崎県,2021,LOW.S,長崎県,2138,P.,長崎県,0,,-
DistorteD,Power of Love,0,,-,768,TTZK,長崎県,872,AMANOB,長崎県,2102,P.,長崎県,0,,-
DistorteD,So Fabulous !!,0,,-,918,TTZK,長崎県,1154,RARA,長崎県,2244,MOCCOS,長崎県,0,,-
DistorteD,Sun Field,0,,-,356,KOHAKU,長崎県,1035,TTZK,長崎県,2344,P.,長崎県,0,,-
DistorteD,The Dirty of Loudness,0,,-,1330,BLOW.N,長崎県,2052,LUFT,長崎県,2537,GOTHIC,長崎県,0,,-
DistorteD,This is Love,0,,-,0,,-,1748,LOW.S,長崎県,2453,STEAK,長崎県,0,,-
DistorteD,tripping contact(teranoid&MC Natsack Remix),0,,-,0,,-,1792,T2UU,長崎県,2378,HEIPOP,長崎県,0,,-
DistorteD,TYPE MARS(G-Style Mix),0,,-,0,,-,1746,LOW.S,長崎県,2361,GOTHIC,長崎県,0,,-
DistorteD,waxing and wanding,0,,-,1239,YUSUKE,長崎県,1869,*RINNE,長崎県,2868,GOTHIC,長崎県,3886,HF,長崎県
DistorteD,Why did you go away,571,GOLI,長崎県,1023,FUFUE.,長崎県,1718,LOW.S,長崎県,2256,P.,長崎県,0,,-
DistorteD,WISH(EUROBEAT MIX),0,,-,799,DAOS,長崎県,1406,CLUMSY,長崎県,1950,VEW,長崎県,0,,-
DistorteD,with you…,0,,-,0,,-,861,NACS,長崎県,1744,P.,長崎県,0,,-
DistorteD,Zenius -I- vanisher,0,,-,917,OXALIS,長崎県,1264,NUNDA,長崎県,2358,P.,長崎県,0,,-
DistorteD,カゴノトリ～弐式～,0,,-,1012,MATS*,長崎県,1560,IIDX34,長崎県,2574,HF,長崎県,0,,-
DistorteD,タシカナモノ,0,,-,658,KAL-VI,長崎県,1270,NUNDA,長崎県,2005,HEIPOP,長崎県,0,,-
DistorteD,嘆きの樹,0,,-,1730,LOW.S,長崎県,2453,GOTHIC,長崎県,3776,VEW,長崎県,0,,-
DistorteD,罠,0,,-,553,P.,長崎県,1510,SAYO**,長崎県,2441,P.,長崎県,0,,-
DistorteD,華蝶風雪,0,,-,1156,YUSUKE,長崎県,1885,NAGO,長崎県,2910,HF,長崎県,3959,HF,長崎県
DistorteD,虹色,0,,-,737,LIZ*,長崎県,1503,LOW.S,長崎県,1823,GOTHIC,長崎県,0,,-
GOLD,2hot2eat,0,,-,500,GOLI,長崎県,1018,KOU,長崎県,1523,GGSATO,長崎県,0,,-
GOLD,Air Bell,0,,-,839,TTZK,長崎県,1045,GOLI,長崎県,1703,HEIPOP,長崎県,0,,-
GOLD,ANDROMEDA II,0,,-,879,MIGITE,長崎県,1819,LOW.S,長崎県,2406,KUMA..,長崎県,0,,-
GOLD,Blind Justice ～Torn souls， Hurt Faiths ～,0,,-,1202,FUFUE.,長崎県,1928,LOW.S,長崎県,2444,HF,長崎県,0,,-
GOLD,Candy Galy,0,,-,1390,FUFUE.,長崎県,2288,T2UU,長崎県,3481,HF,長崎県,0,,-
GOLD,CaptivAte～裁き～,346,NUNDA,長崎県,761,TKNITK,長崎県,1161,*RINNE,長崎県,1733,PURYA*,長崎県,0,,-
GOLD,CaptivAte～誓い～,0,,-,1126,*RINNE,長崎県,1911,LUFT,長崎県,2192,P.,長崎県,0,,-
GOLD,CROSSROAD ～Left Story～,0,,-,921,-ROSA-,長崎県,1686,PKR*,長崎県,2178,JJS,長崎県,0,,-
GOLD,Cyber Force,0,,-,0,,-,996,NACS,長崎県,2327,VEW,長崎県,0,,-
GOLD,Fascination MAXX,0,,-,773,IIDX34,長崎県,1589,GOTHIC,長崎県,2391,HF,長崎県,0,,-
GOLD,FIRE FIRE,484,GOLI,長崎県,1155,MOCCOS,長崎県,1645,SHIURA,長崎県,2674,GOTHIC,長崎県,0,,-
GOLD,four-leaf,0,,-,415,TANK,長崎県,1208,SAYO**,長崎県,1655,HEIPOP,長崎県,0,,-
GOLD,GOLD RUSH,500,GOLI,長崎県,1017,MATS*,長崎県,1441,LOW.S,長崎県,2311,GOTHIC,長崎県,0,,-
GOLD,GRID KNIGHT,0,,-,539,NOR1,長崎県,1907,LOW.S,長崎県,2530,GGSATO,長崎県,3454,GOTHIC,長崎県
GOLD,heaven above,0,,-,0,,-,1203,NAGO,長崎県,1767,P.,長崎県,0,,-
GOLD,High School Love,370,GOLI,長崎県,783,SALOVE,長崎県,1397,FUFUE.,長崎県,2158,LUFT,長崎県,0,,-
GOLD,INORI,0,,-,1275,YY,長崎県,2106,IIDX34,長崎県,3116,VEW,長崎県,0,,-
GOLD,KAMAITACHI,0,,-,1146,FUFUE.,長崎県,1961,LOW.S,長崎県,2539,GGSATO,長崎県,3681,HF,長崎県
GOLD,LASER CRUSTER,0,,-,1101,IIDX33,長崎県,2270,LOW.S,長崎県,3120,HF,長崎県,0,,-
GOLD,Love Again...,0,,-,480,TTZK,長崎県,718,NUNDA,長崎県,1056,GGSATO,長崎県,0,,-
GOLD,Make Me Your Own,0,,-,637,TTZK,長崎県,1509,LOW.S,長崎県,1987,MOCCOS,長崎県,0,,-
GOLD,METALLIC MIND,0,,-,746,TTZK,長崎県,1359,LOW.S,長崎県,1566,P.,長崎県,0,,-
GOLD,never…,0,,-,688,9232,長崎県,992,NZN,長崎県,1792,HEIPOP,長崎県,0,,-
GOLD,op.31 叙情,0,,-,412,SALOVE,長崎県,1174,SG2.,長崎県,1543,HF,長崎県,0,,-
GOLD,PHOTONGENIC,0,,-,1105,NAGO,長崎県,1717,IIDX34,長崎県,2289,VEW,長崎県,0,,-
GOLD,Roulette,0,,-,0,,-,1253,*RINNE,長崎県,2061,VEW,長崎県,0,,-
GOLD,Second Heaven,200,GOLI,長崎県,862,MATS*,長崎県,1369,*RINNE,長崎県,2079,JJS,長崎県,0,,-
GOLD,Sense 2007,0,,-,1461,LOW.S,長崎県,2103,GGSATO,長崎県,2874,GOTHIC,長崎県,0,,-
GOLD,smile,0,,-,1057,IIDX33,長崎県,2023,SHIURA,長崎県,2816,MOCCOS,長崎県,0,,-
GOLD,snow storm,217,GOLI,長崎県,669,TTZK,長崎県,1903,*RINNE,長崎県,2727,HF,長崎県,3330,HF,長崎県
GOLD,the shadow,0,,-,1082,FUFUE.,長崎県,1737,IIDX34,長崎県,2834,PCFAXX,長崎県,0,,-
GOLD,The Smile of You,0,,-,898,YOCTO3,長崎県,1038,IIDX33,長崎県,1617,HEIPOP,長崎県,0,,-
GOLD,TRANOID,0,,-,169,#HARU#,長崎県,1431,CLUMSY,長崎県,2098,GGSATO,長崎県,2891,HF,長崎県
GOLD,VANESSA,0,,-,1124,SAYO**,長崎県,1765,MOCCOS,長崎県,2372,GOTHIC,長崎県,3309,VEW,長崎県
GOLD,Watch out!!,0,,-,588,TTZK,長崎県,842,CLUMSY,長崎県,1545,SAYO**,長崎県,0,,-
GOLD,With your Smile,0,,-,623,TTZK,長崎県,1163,LOW.S,長崎県,1558,GOTHIC,長崎県,0,,-
GOLD,クルクル☆ラブ～Opioid Peptide MIX～,403,GOLI,長崎県,794,TTZK,長崎県,1471,LOW.S,長崎県,2189,MOCCOS,長崎県,0,,-
GOLD,ヨシダさん,0,,-,0,,-,1337,YY,長崎県,1943,P.,長崎県,0,,-
GOLD,リグレット,0,,-,1172,FUFUE.,長崎県,1702,LOW.S,長崎県,2408,GOTHIC,長崎県,0,,-
GOLD,星をこの手に,0,,-,1095,YUSUKE,長崎県,1639,*RINNE,長崎県,2134,PCFAXX,長崎県,0,,-
GOLD,花吹雪 ～ IIDX LIMITED ～,0,,-,598,TTZK,長崎県,1107,SAYO**,長崎県,1406,HEIPOP,長崎県,0,,-
GOLD,零 - ZERO -,210,NUNDA,長崎県,1063,YY,長崎県,1609,*RINNE,長崎県,2280,P.,長崎県,2669,MOCCOS,長崎県
GOLD,電人、暁に斃れる。,576,GOLI,長崎県,1180,AAA,長崎県,1896,ROY#,長崎県,3312,HF,長崎県,0,,-
DJ TROOPERS,2 tribe 4 K,0,,-,0,,-,1204,CLUMSY,長崎県,2673,P.,長崎県,0,,-
DJ TROOPERS,"Anisakis -somatic mutation type""Forza""-",0,,-,1144,MATS*,長崎県,1834,IIDX34,長崎県,2827,GOTHIC,長崎県,3742,GOTHIC,長崎県
DJ TROOPERS,avant-guerre,0,,-,390,CYW,長崎県,1239,SLIVER,長崎県,1854,STEAK,長崎県,0,,-
DJ TROOPERS,Be OK,0,,-,851,NUNDA,長崎県,1654,LOW.S,長崎県,2376,STEAK,長崎県,3238,VEW,長崎県
DJ TROOPERS,beatonic nation,0,,-,1094,LELEKA,長崎県,1779,LOW.S,長崎県,2120,HEIPOP,長崎県,0,,-
DJ TROOPERS,Blue Rain,311,GOLI,長崎県,915,YY,長崎県,1541,LOW.S,長崎県,2212,GOTHIC,長崎県,3241,HF,長崎県
DJ TROOPERS,Darling my LUV,0,,-,361,TANK,長崎県,851,NUNDA,長崎県,1359,GGSATO,長崎県,0,,-
DJ TROOPERS,Dazzlin' Darlin,316,GOLI,長崎県,806,TTZK,長崎県,1322,*RINNE,長崎県,2224,GOTHIC,長崎県,0,,-
DJ TROOPERS,Digitank System,0,,-,754,TTZK,長崎県,1508,GGSATO,長崎県,2048,GOTHIC,長崎県,0,,-
DJ TROOPERS,Do it!! Do it!!,0,,-,972,LOW.S,長崎県,1242,UDESU*,長崎県,1866,GOTHIC,長崎県,2320,HF,長崎県
DJ TROOPERS,end of world,0,,-,0,,-,1731,LOW.S,長崎県,2347,HEIPOP,長崎県,0,,-
DJ TROOPERS,evergreen,0,,-,989,HEIPOP,長崎県,1363,HEIPOP,長崎県,1875,HEIPOP,長崎県,0,,-
DJ TROOPERS,four pieces of heaven,0,,-,793,NUNDA,長崎県,1427,SLIVER,長崎県,2290,GOTHIC,長崎県,2777,HF,長崎県
DJ TROOPERS,Freeway Shuffle,322,GOLI,長崎県,482,VEX,長崎県,724,WA,長崎県,1823,HEIPOP,長崎県,0,,-
DJ TROOPERS,ICARUS,0,,-,1035,AAA,長崎県,1906,RIV*,長崎県,2352,GOTHIC,長崎県,3496,HF,長崎県
DJ TROOPERS,in the Sky,0,,-,1083,GOLI,長崎県,1748,!,長崎県,2526,GOTHIC,長崎県,0,,-
DJ TROOPERS,Kick Out 仮面,0,,-,0,,-,1483,HINA**,長崎県,2001,P.,長崎県,0,,-
DJ TROOPERS,LOVELY STORM,0,,-,856,YOKKA,長崎県,2071,LOW.S,長崎県,2788,VEW,長崎県,0,,-
DJ TROOPERS,madrugada,0,,-,587,TARO,長崎県,1078,IIDX34,長崎県,1824,GGSATO,長崎県,0,,-
DJ TROOPERS,MAX LOVE,0,,-,1351,MARI,長崎県,2139,LOW.S,長崎県,2626,GOTHIC,長崎県,0,,-
DJ TROOPERS,MENDES,0,,-,964,YY,長崎県,2426,LUFT,長崎県,3507,VEW,長崎県,0,,-
DJ TROOPERS,MENTAL MELTDOWN,0,,-,996,DAOS,長崎県,1878,*RINNE,長崎県,2700,GOTHIC,長崎県,0,,-
DJ TROOPERS,NEW GENERATION -もう、お前しか見えない-,0,,-,704,CYAN,長崎県,1720,IIDX31,長崎県,2491,GGSATO,長崎県,3542,HF,長崎県
DJ TROOPERS,oratio,0,,-,1351,YUSUKE,長崎県,1713,YUSUKE,長崎県,2874,HF,長崎県,0,,-
DJ TROOPERS,PARANOiA ～HADES～,0,,-,1008,SLIVER,長崎県,1689,RIV*,長崎県,2637,HF,長崎県,0,,-
DJ TROOPERS,PROMISE FOR LIFE,0,,-,446,SOSUKE,長崎県,1332,NUNDA,長崎県,1734,HEIPOP,長崎県,0,,-
DJ TROOPERS,REMINISCENCE,0,,-,1194,YUSUKE,長崎県,1684,*RINNE,長崎県,2223,LOW.S,長崎県,0,,-
DJ TROOPERS,Rising in the Sun(original mix),0,,-,581,GOLI,長崎県,1634,LOW.S,長崎県,2292,MOCCOS,長崎県,0,,-
DJ TROOPERS,Ristaccia,0,,-,1078,FUFUE.,長崎県,1651,*RINNE,長崎県,2668,HF,長崎県,0,,-
DJ TROOPERS,"satellite020712 from ""CODED ARMS""",0,,-,439,ALTAIL,長崎県,1807,LOW.S,長崎県,2441,HF,長崎県,0,,-
DJ TROOPERS,satfinal,0,,-,906,LIZ*,長崎県,1234,NUNDA,長崎県,1877,S.MAYU,長崎県,0,,-
DJ TROOPERS,scar in the earth,0,,-,486,TARO,長崎県,940,NUNDA,長崎県,1484,HEIPOP,長崎県,0,,-
DJ TROOPERS,SOUND OF GIALLARHORN,474,GOLI,長崎県,0,,-,2260,*RINNE,長崎県,3167,GGSATO,長崎県,0,,-
DJ TROOPERS,State Of The Art,0,,-,898,GOLI,長崎県,1111,IIDX33,長崎県,3034,P.,長崎県,0,,-
DJ TROOPERS,STEEL NEEDLE,0,,-,820,LIZ*,長崎県,1986,RIV*,長崎県,2368,MOCCOS,長崎県,3169,GOTHIC,長崎県
DJ TROOPERS,switch,0,,-,616,GOLI,長崎県,1363,SHIURA,長崎県,2000,P.,長崎県,0,,-
DJ TROOPERS,THE DEEP STRIKER,488,GOLI,長崎県,0,,-,1807,T2UU,長崎県,2933,GOTHIC,長崎県,3466,GOTHIC,長崎県
DJ TROOPERS,the trigger of innocence,0,,-,0,,-,1129,YY,長崎県,1822,SAYO**,長崎県,3055,P.,長崎県
DJ TROOPERS,Time to Air,0,,-,1151,MATS*,長崎県,1954,*RINNE,長崎県,2712,LUFT,長崎県,3505,PCFAXX,長崎県
DJ TROOPERS,TRIP MACHINE PhoeniX,0,,-,551,TTZK,長崎県,1526,LOW.S,長崎県,1742,HEIPOP,長崎県,0,,-
DJ TROOPERS,TROOPERS,0,,-,1064,TTZK,長崎県,2108,*RINNE,長崎県,2896,GOTHIC,長崎県,0,,-
DJ TROOPERS,Ubertreffen,0,,-,972,TTZK,長崎県,1559,NAGO,長崎県,2399,HEIPOP,長崎県,3198,HF,長崎県
DJ TROOPERS,Wanna Party?,0,,-,643,TTZK,長崎県,1047,YUSUKE,長崎県,1474,SAYO**,長崎県,2572,GOTHIC,長崎県
DJ TROOPERS,エコ爺,296,GOLI,長崎県,0,,-,1019,TTZK,長崎県,1820,GOTHIC,長崎県,0,,-
DJ TROOPERS,マチ子の唄,0,,-,691,TTZK,長崎県,1289,SAYO**,長崎県,1772,HEIPOP,長崎県,0,,-
DJ TROOPERS,ミラージュ・レジデンス,0,,-,0,,-,1731,IIDX34,長崎県,2291,THE619,長崎県,3154,HF,長崎県
DJ TROOPERS,少年A,0,,-,1167,SLIVER,長崎県,1891,UDESU*,長崎県,2750,GOTHIC,長崎県,0,,-
DJ TROOPERS,華爛漫 -Flowers-,288,GOLI,長崎県,956,YY,長崎県,1559,LOW.S,長崎県,2031,P.,長崎県,3129,HF,長崎県
DJ TROOPERS,走馬灯 -The Last Song-,0,,-,381,LU,長崎県,831,NUNDA,長崎県,1315,SAYO**,長崎県,0,,-
DJ TROOPERS,高高度降下低高度開傘,0,,-,806,NUNDA,長崎県,1356,CLUMSY,長崎県,1909,P.,長崎県,0,,-
EMPRESS,3y3s,480,GOLI,長崎県,1356,FUFUE.,長崎県,2368,LUFT,長崎県,3448,GOTHIC,長崎県,0,,-
EMPRESS,ALL I NEED YOUR LOVE,0,,-,875,TTZK,長崎県,832,NQRSE,長崎県,2042,MOCCOS,長崎県,0,,-
EMPRESS,ALL MY TURN -このターンに、オレの全てを賭ける-,0,,-,928,YY,長崎県,1431,CLUMSY,長崎県,2403,HF,長崎県,0,,-
EMPRESS,Arabian Rave Night,0,,-,1037,LELEKA,長崎県,2001,F-REO,長崎県,2805,HF,長崎県,3526,HF,長崎県
EMPRESS,B4U(BEMANI FOR YOU MIX),0,,-,1014,MATS*,長崎県,2208,LOW.S,長崎県,3414,HF,長崎県,4447,VEW,長崎県
EMPRESS,Bahram Attack-猫叉Master Remix-,0,,-,739,IIDX33,長崎県,1888,LOW.S,長崎県,2529,28KI*,長崎県,3163,MOCCOS,長崎県
EMPRESS,BITTER CHOCOLATE STRIKER,0,,-,536,IIDX33,長崎県,1925,NAGO,長崎県,3915,GOTHIC,長崎県,0,,-
EMPRESS,BRIDAL FESTIVAL !!!,0,,-,0,,-,1253,NZN,長崎県,2067,HEIPOP,長崎県,0,,-
EMPRESS,CaptivAte2～覚醒～,223,GOLI,長崎県,854,LIZ*,長崎県,1690,LUFT,長崎県,2351,VEW,長崎県,0,,-
EMPRESS,Colorful Cookie,624,GOLI,長崎県,1040,TAKI,長崎県,2235,LOW.S,長崎県,3447,HF,長崎県,0,,-
EMPRESS,Cyber Force -DJ Yoshitaka Remix-,0,,-,0,,-,1760,LOW.S,長崎県,2430,MOCCOS,長崎県,0,,-
EMPRESS,Flash Back 90's,0,,-,781,TTZK,長崎県,1792,LOW.S,長崎県,2285,PCFAXX,長崎県,2850,HF,長崎県
EMPRESS,Fly Above,0,,-,928,IIDX34,長崎県,1504,CLUMSY,長崎県,2017,GOTHIC,長崎県,0,,-
EMPRESS,Go Beyond!!,536,HF,長崎県,998,FUFUE.,長崎県,1510,GAIA,長崎県,2168,GOTHIC,長崎県,0,,-
EMPRESS,HYPERION,0,,-,529,J.OZ0N,長崎県,1997,LOW.S,長崎県,2682,VEW,長崎県,0,,-
EMPRESS,I'm Screaming LOVE,0,,-,505,LIZ*,長崎県,1183,NUNDA,長崎県,1673,P.,長崎県,0,,-
EMPRESS,Jack,0,,-,599,HECA,長崎県,1378,SAYO**,長崎県,2112,GGSATO,長崎県,0,,-
EMPRESS,Just a Little Smile,0,,-,647,9232,長崎県,1279,LOW.S,長崎県,2348,HEIPOP,長崎県,0,,-
EMPRESS,Kung-fu Empire,0,,-,1282,MATS*,長崎県,2306,GAIA,長崎県,3149,GGSATO,長崎県,3787,HF,長崎県
EMPRESS,Marie Antoinette,0,,-,858,NUNDA,長崎県,1783,LOW.S,長崎県,2372,LUFT,長崎県,3013,GGSATO,長崎県
EMPRESS,Mind Mapping,457,GOLI,長崎県,689,TTZK,長崎県,1111,9RAGE,長崎県,1807,P.,長崎県,2171,GAMMA#,長崎県
EMPRESS,Monkey Dance '09,0,,-,0,,-,1694,LOW.S,長崎県,2212,GOTHIC,長崎県,0,,-
EMPRESS,naughty girl@Queen's Palace,0,,-,711,TTZK,長崎県,1561,SHIURA,長崎県,2078,GOTHIC,長崎県,2541,GOTHIC,長崎県
EMPRESS,neogenesis,0,,-,0,,-,1118,!,長崎県,1657,HF,長崎県,2214,PURYA*,長崎県
EMPRESS,NΦ CRIME,266,GOLI,長崎県,368,SAKAKI,長崎県,1431,SAYO**,長崎県,1868,P.,長崎県,2388,VEW,長崎県
EMPRESS,Programmed World,0,,-,0,,-,1325,MMM01,長崎県,2262,P.,長崎県,0,,-
EMPRESS,Punch Love 仮面,0,,-,356,AMANE#,長崎県,1684,LOW.S,長崎県,2479,VEW,長崎県,3141,GOTHIC,長崎県
EMPRESS,Queen's Tragedy,0,,-,702,TTZK,長崎県,1600,SHIURA,長崎県,2123,LOW.S,長崎県,0,,-
EMPRESS,Secrets,0,,-,1197,SLIVER,長崎県,2311,LOW.S,長崎県,3045,MOCCOS,長崎県,3949,VEW,長崎県
EMPRESS,smooooch・∀・,374,GOLI,長崎県,813,MOCCOS,長崎県,1577,LOW.S,長崎県,2082,GOTHIC,長崎県,2731,GGSATO,長崎県
EMPRESS,SOLITON BEAM,0,,-,0,,-,1960,LOW.S,長崎県,2276,HEIPOP,長崎県,0,,-
EMPRESS,THANK YOU FOR PLAYING,0,,-,617,MEROO,長崎県,1503,UDESU*,長崎県,2043,PCFAXX,長崎県,2938,HF,長崎県
EMPRESS,THE SHINING POLARIS(kors k mix),0,,-,1241,RIV*,長崎県,1965,LOW.S,長崎県,3135,MOCCOS,長崎県,0,,-
EMPRESS,thunder HOUSE NATION Remix,0,,-,951,GOLI,長崎県,1478,*RINNE,長崎県,2231,Y.O,長崎県,3850,GOTHIC,長崎県
EMPRESS,Turii ～Panta rhei～,343,GOLI,長崎県,478,VEX,長崎県,1813,*RINNE,長崎県,2621,PCFAXX,長崎県,0,,-
EMPRESS,V2,695,GOLI,長崎県,1143,RARA,長崎県,2687,Y.O,長崎県,3511,VEW,長崎県,0,,-
EMPRESS,Y&Co. is dead or alive,0,,-,875,TKNITK,長崎県,1652,LOW.S,長崎県,2635,HF,長崎県,0,,-
EMPRESS,"You'll say ""Now!""",0,,-,347,EIGHT,長崎県,1627,T2UU,長崎県,2429,HF,長崎県,0,,-
EMPRESS,まほろば,0,,-,655,RARA,長崎県,1311,YUSUKE,長崎県,1994,HEIPOP,長崎県,0,,-
EMPRESS,ハリツヤランデヴー,0,,-,832,GOLI,長崎県,1939,*RINNE,長崎県,2342,SAYO**,長崎県,0,,-
EMPRESS,ミッドナイト堕天使,0,,-,0,,-,1304,KOU,長崎県,2713,P.,長崎県,0,,-
EMPRESS,不沈艦CANDY,564,GOLI,長崎県,1049,FUFUE.,長崎県,1733,AOI*,長崎県,3237,GOTHIC,長崎県,0,,-
EMPRESS,凛として咲く花の如く,375,GOLI,長崎県,1231,FUFUE.,長崎県,2013,*RINNE,長崎県,2746,P.,長崎県,3135,GOTHIC,長崎県
EMPRESS,卑弥呼,0,,-,1140,IIDX34,長崎県,2570,MOCCOS,長崎県,3894,GOTHIC,長崎県,0,,-
EMPRESS,天空脳番長危機十六連打,0,,-,0,,-,1827,...,長崎県,2494,HEIPOP,長崎県,0,,-
EMPRESS,山岡晃の「クイズ！家事都合！」,0,,-,587,TTZK,長崎県,829,NACS,長崎県,1953,HEIPOP,長崎県,0,,-
EMPRESS,翼,0,,-,0,,-,1421,YY,長崎県,1924,P.,長崎県,2434,GGSATO,長崎県
EMPRESS,鉄甲乙女-under the steel-,0,,-,482,ROSE,長崎県,1380,NUNDA,長崎県,2144,P.,長崎県,0,,-
SIRIUS,AIR RAID FROM THA UNDAGROUND,495,GOLI,長崎県,908,TTZK,長崎県,1735,LOW.S,長崎県,2119,IFRINA,長崎県,2938,HF,長崎県
SIRIUS,Almagest,0,,-,940,YUSUKE,長崎県,2118,HF,長崎県,3036,VEW,長崎県,0,,-
SIRIUS,Bad Maniacs,0,,-,1079,AAA,長崎県,1778,GAMMA#,長崎県,3179,GOTHIC,長崎県,0,,-
SIRIUS,bass 2 bass,260,GOLI,長崎県,654,NUNDA,長崎県,1204,*RINNE,長崎県,1852,GOTHIC,長崎県,0,,-
SIRIUS,beatchic☆仮面～好き、でいさせて～,0,,-,783,IIDX33,長崎県,1532,HINA**,長崎県,1943,SAYO**,長崎県,0,,-
SIRIUS,BEAUTIFUL ANGEL,0,,-,377,KEN!,長崎県,1766,LOW.S,長崎県,2332,LUFT,長崎県,0,,-
SIRIUS,being torn the sky,0,,-,587,TTZK,長崎県,1133,CLUMSY,長崎県,1938,LOW.S,長崎県,0,,-
SIRIUS,bloomin' feeling,356,GOLI,長崎県,1209,*RINNE,長崎県,1926,KANI,長崎県,2568,HF,長崎県,0,,-
SIRIUS,CaptivAte～裁き～(SUBLIME TECHNO MIX),0,,-,619,NAT,長崎県,1552,LOW.S,長崎県,2262,LOW.S,長崎県,0,,-
SIRIUS,D,0,,-,1374,LOW.S,長崎県,1642,T2UU,長崎県,2501,GOTHIC,長崎県,0,,-
SIRIUS,DAWN -THE NEXT ENDEAVOUR-,0,,-,1546,YUSUKE,長崎県,2588,LOW.S,長崎県,3047,DAIKI*,長崎県,0,,-
SIRIUS,Dazzlin' Darlin-秋葉工房mix-,0,,-,693,TTZK,長崎県,1440,LOW.S,長崎県,2063,VEW,長崎県,0,,-
SIRIUS,DESIRE,0,,-,754,SUKIYA,長崎県,1654,RA*3,長崎県,2817,VEW,長崎県,0,,-
SIRIUS,Do Back Burn,0,,-,614,TKNITK,長崎県,1297,SHIURA,長崎県,2016,GOTHIC,長崎県,0,,-
SIRIUS,DOMINION,0,,-,1146,NAGO,長崎県,2168,SHIURA,長崎県,3140,P.,長崎県,0,,-
SIRIUS,DROP,0,,-,0,,-,2035,GGSATO,長崎県,2572,P.,長崎県,0,,-
SIRIUS,Elisha,388,GOLI,長崎県,860,FUFUE.,長崎県,1410,F-REO,長崎県,2246,HF,長崎県,0,,-
SIRIUS,Empire State Glory,0,,-,974,GOLI,長崎県,1686,*RINNE,長崎県,2504,LUFT,長崎県,0,,-
SIRIUS,eRAseRmOToRpHAntOM,0,,-,1283,YY,長崎県,2091,NAGO,長崎県,3161,HF,長崎県,0,,-
SIRIUS,Evans,530,GOLI,長崎県,1165,!,長崎県,2045,LUFT,長崎県,2691,HF,長崎県,0,,-
SIRIUS,EXUSIA,0,,-,1088,NUNDA,長崎県,2294,Y.O,長崎県,3780,VEW,長崎県,0,,-
SIRIUS,G59,0,,-,1490,9RAGE,長崎県,2239,SAYO**,長崎県,3829,GOTHIC,長崎県,0,,-
SIRIUS,GALGALIM,0,,-,852,TTZK,長崎県,1711,*RINNE,長崎県,2286,MOCCOS,長崎県,0,,-
SIRIUS,GOLDEN CROSS,0,,-,813,LIZ*,長崎県,1743,*RINNE,長崎県,3395,VEW,長崎県,0,,-
SIRIUS,Hydrogen Blueback,0,,-,841,TTZK,長崎県,1648,LOW.S,長崎県,2045,HTS,長崎県,2312,GOTHIC,長崎県
SIRIUS,IN THE NAME OF LOVE,506,GOLI,長崎県,562,TTZK,長崎県,1278,*RINNE,長崎県,1896,VEW,長崎県,0,,-
SIRIUS,Keep it-秋葉工房mix-,0,,-,544,CYAN,長崎県,1346,YOSHI.,長崎県,1802,KUMA..,長崎県,0,,-
SIRIUS,Last Burning,0,,-,0,,-,1353,AOI*,長崎県,2300,HF,長崎県,0,,-
SIRIUS,Light Shine,0,,-,678,TTZK,長崎県,1046,FUFUE.,長崎県,1904,P.,長崎県,0,,-
SIRIUS,MIRACLE MEETS,0,,-,799,IIDX33,長崎県,1440,*RINNE,長崎県,2193,GOTHIC,長崎県,0,,-
SIRIUS,mosaic,0,,-,1399,FUFUE.,長崎県,1978,TEKARU,長崎県,2993,GOTHIC,長崎県,0,,-
SIRIUS,NEW SENSATION -もう、あなたしか見えない-,0,,-,983,LIZ*,長崎県,1936,*RINNE,長崎県,2618,HF,長崎県,0,,-
SIRIUS,NoN-Fiction Story!,0,,-,589,TTZK,長崎県,1067,TTZK,長崎県,2165,P.,長崎県,0,,-
SIRIUS,Programmed Sun,0,,-,960,FUFUE.,長崎県,1685,GAIA,長崎県,2437,MOCCOS,長崎県,0,,-
SIRIUS,quell～the seventh slave～,0,,-,382,KEN!,長崎県,1603,IIDX34,長崎県,3062,GOTHIC,長崎県,0,,-
SIRIUS,Raison d'etre～交差する宿命～,0,,-,0,,-,1884,*RINNE,長崎県,2549,LUFT,長崎県,4313,HF,長崎県
SIRIUS,Red. by Full Metal Jacket,0,,-,1004,SAYO**,長崎県,1993,GAMMA#,長崎県,3044,GOTHIC,長崎県,0,,-
SIRIUS,Roots of my way!,0,,-,0,,-,1049,FUFUE.,長崎県,1976,SAYO**,長崎県,0,,-
SIRIUS,Session 1 -Genesis-,0,,-,724,TTZK,長崎県,1310,IIDX34,長崎県,2344,HEIPOP,長崎県,0,,-
SIRIUS,She is my wife,377,GOLI,長崎県,437,-ROSA-,長崎県,1378,IIDX34,長崎県,1932,VEW,長崎県,0,,-
SIRIUS,SOLID STATE SQUAD,0,,-,546,MILLE,長崎県,1701,THE619,長崎県,3503,HF,長崎県,3532,VEW,長崎県
SIRIUS,Sorrows,0,,-,588,MINOR,長崎県,1588,YUSUKE,長崎県,2452,GOTHIC,長崎県,0,,-
SIRIUS,Special One,0,,-,745,NUNDA,長崎県,807,IIDX33,長崎県,1698,LUFT,長崎県,0,,-
SIRIUS,THE LAST STRIKER,0,,-,1321,FUFUE.,長崎県,1917,LOW.S,長崎県,2546,MOCCOS,長崎県,0,,-
SIRIUS,The Story Begins,0,,-,0,,-,1441,NUNDA,長崎県,2359,VEW,長崎県,0,,-
SIRIUS,かずあそび,0,,-,461,TTZK,長崎県,1099,AOI*,長崎県,1671,S.MAYU,長崎県,0,,-
SIRIUS,たからもの,0,,-,1207,YOSHI.,長崎県,1860,LOW.S,長崎県,2205,LOW.S,長崎県,3486,STEAK,長崎県
SIRIUS,コスモス,0,,-,444,TANK,長崎県,1519,KANI,長崎県,2075,KANI,長崎県,0,,-
SIRIUS,サヨナラ・ヘヴン,327,GOLI,長崎県,916,SAYO**,長崎県,1359,SAYO**,長崎県,1651,GOTHIC,長崎県,2100,PCFAXX,長崎県
SIRIUS,バビロニア,0,,-,623,TAKI,長崎県,1271,KOU,長崎県,1803,SAYO**,長崎県,0,,-
SIRIUS,ワルツ第17番 ト短調”大犬のワルツ”,0,,-,1202,HINA**,長崎県,2140,DAIKI*,長崎県,3137,HF,長崎県,0,,-
SIRIUS,未来のプリズム,0,,-,449,KEN!,長崎県,1338,SAYO**,長崎県,1746,GOTHIC,長崎県,0,,-
SIRIUS,"水上の提督(Short mix from ""幻想水滸伝V"")",0,,-,0,,-,1329,YUA-CH,長崎県,1962,LUFT,長崎県,0,,-
Resort Anthem,Aegis,0,,-,736,GOLI,長崎県,1244,IIDX34,長崎県,2278,HF,長崎県,0,,-
Resort Anthem,ALBIDA,491,GOLI,長崎県,1006,MATS*,長崎県,1833,LOW.S,長崎県,2939,HF,長崎県,0,,-
Resort Anthem,Answer,0,,-,700,*VIVI*,長崎県,1360,YUSUKE,長崎県,2376,P.,長崎県,0,,-
Resort Anthem,ANTHEM LANDING,0,,-,923,BLOW.N,長崎県,1871,LOW.S,長崎県,2898,VEW,長崎県,0,,-
Resort Anthem,Believe In Me,0,,-,724,IIDX33,長崎県,1774,LOW.S,長崎県,2331,HF,長崎県,0,,-
Resort Anthem,BLUST OF WIND,0,,-,683,MATS*,長崎県,1527,LOW.S,長崎県,2023,LOW.S,長崎県,2550,HF,長崎県
Resort Anthem,Bounce Bounce Bounce,0,,-,712,INUKI*,長崎県,1650,LOW.S,長崎県,2363,GOTHIC,長崎県,0,,-
Resort Anthem,Breaking the ground,0,,-,999,TTZK,長崎県,1742,LOW.S,長崎県,2491,GOTHIC,長崎県,0,,-
Resort Anthem,Broken,0,,-,1012,MATS*,長崎県,1873,*RINNE,長崎県,3110,HF,長崎県,0,,-
Resort Anthem,BROKEN EDEN,0,,-,932,YY,長崎県,1719,LOW.S,長崎県,2264,MOCCOS,長崎県,0,,-
Resort Anthem,Dances with Snow Fairies,0,,-,871,LELEKA,長崎県,2080,SHIURA,長崎県,2959,HF,長崎県,3890,HF,長崎県
Resort Anthem,DAYDREAMER,0,,-,1071,*RINNE,長崎県,1730,SAYO**,長崎県,2501,GOTHIC,長崎県,0,,-
Resort Anthem,Destiny Sword,0,,-,0,,-,1548,*RINNE,長崎県,2342,GOTHIC,長崎県,0,,-
Resort Anthem,DM STAR～関西 energy style～,0,,-,0,,-,1923,KANI,長崎県,2362,PCFAXX,長崎県,0,,-
Resort Anthem,Energy Drive,0,,-,624,MASU,長崎県,1360,LOW.S,長崎県,2107,P.,長崎県,0,,-
Resort Anthem,Eternal Tears,0,,-,0,,-,998,FUFUE.,長崎県,1359,SAYO**,長崎県,0,,-
Resort Anthem,Everlasting Resort,0,,-,650,TAGERT,長崎県,1167,YUSUKE,長崎県,1847,HEIPOP,長崎県,0,,-
Resort Anthem,Fantasia,222,GOLI,長崎県,349,TTZK,長崎県,1547,LOW.S,長崎県,2226,P.,長崎県,0,,-
Resort Anthem,Golden Palms,0,,-,709,NUNDA,長崎県,1391,LOW.S,長崎県,1897,LOW.S,長崎県,2331,GGSATO,長崎県
Resort Anthem,I FIGHT ME,0,,-,0,,-,1324,AOI*,長崎県,2118,P.,長崎県,0,,-
Resort Anthem,Kailua,0,,-,450,TTZK,長崎県,1210,RA*3,長崎県,2177,HF,長崎県,0,,-
Resort Anthem,Let The Track Flow,0,,-,926,NUNDA,長崎県,1746,LOW.S,長崎県,2545,HF,長崎県,0,,-
Resort Anthem,Medicine of love,0,,-,93,GUNKYG,長崎県,968,NUNDA,長崎県,1724,P.,長崎県,2476,HF,長崎県
Resort Anthem,Mermaid girl,510,GOLI,長崎県,886,MATS*,長崎県,1657,LOW.S,長崎県,2196,P.,長崎県,0,,-
Resort Anthem,Never Fade Away,0,,-,0,,-,1687,LOW.S,長崎県,2858,HEIPOP,長崎県,0,,-
Resort Anthem,New Castle Legions,0,,-,764,TAGERT,長崎県,1694,SLIVER,長崎県,2694,HF,長崎県,0,,-
Resort Anthem,PARADISE LOST,0,,-,1138,MATS*,長崎県,2203,GGSATO,長崎県,3174,VEW,長崎県,0,,-
Resort Anthem,passionate fate,0,,-,1062,YUSUKE,長崎県,1437,YUSUKE,長崎県,2066,P.,長崎県,0,,-
Resort Anthem,perditus†paradisus,0,,-,1119,YY,長崎県,2296,GGSATO,長崎県,3683,HF,長崎県,0,,-
Resort Anthem,Programmed Life,0,,-,956,FUFUE.,長崎県,1730,LOW.S,長崎県,2222,LUFT,長崎県,0,,-
Resort Anthem,reunion,512,GOLI,長崎県,1369,LOW.S,長崎県,2298,LUFT,長崎県,3179,VEW,長崎県,0,,-
Resort Anthem,Rock Da House,0,,-,745,TTZK,長崎県,1583,LOW.S,長崎県,2191,HEIPOP,長崎県,0,,-
Resort Anthem,SABER WING,0,,-,373,MEROO,長崎県,1788,SHIURA,長崎県,2774,HF,長崎県,0,,-
Resort Anthem,Sakura Reflection,0,,-,442,TTZK,長崎県,1524,YUSUKE,長崎県,2357,GOTHIC,長崎県,0,,-
Resort Anthem,sakura storm,0,,-,910,TTZK,長崎県,1221,*RINNE,長崎県,2355,MOCCOS,長崎県,0,,-
Resort Anthem,Session 9 -Chronicles-,0,,-,570,MATS*,長崎県,2107,SLIVER,長崎県,3507,HF,長崎県,0,,-
Resort Anthem,Space Time,0,,-,0,,-,1111,TTZK,長崎県,2076,RYS,長崎県,0,,-
Resort Anthem,SPECIAL SUMMER CAMPAIGN!,0,,-,619,TTZK,長崎県,1500,*RINNE,長崎県,2932,HF,長崎県,0,,-
Resort Anthem,Stay my side,0,,-,584,TTZK,長崎県,1046,SAYO**,長崎県,1325,TAU,長崎県,0,,-
Resort Anthem,STELLAR WIND,350,GOLI,長崎県,0,,-,1580,IIDX34,長崎県,2509,MOCCOS,長崎県,0,,-
Resort Anthem,THE BLACK KNIGHT,0,,-,0,,-,1905,UDESU*,長崎県,2820,PCFAXX,長崎県,4338,HF,長崎県
Resort Anthem,THE DOOR INTO RAINBOW,0,,-,655,TTZK,長崎県,1504,*RINNE,長崎県,2021,DAIKI*,長崎県,0,,-
Resort Anthem,THE FALLEN,0,,-,0,,-,1266,NUNDA,長崎県,2630,MOCCOS,長崎県,0,,-
Resort Anthem,Tropical April,0,,-,1614,LOW.S,長崎県,2134,TEKARU,長崎県,2655,HEIPOP,長崎県,0,,-
Resort Anthem,Vermillion,0,,-,0,,-,897,TANAKA,長崎県,1848,SAYO**,長崎県,0,,-
Resort Anthem,Watch Out Pt.2,0,,-,1006,AAA,長崎県,1850,RIV*,長崎県,2715,VEW,長崎県,0,,-
Resort Anthem,WISE UP!,314,GOLI,長崎県,242,KEN!,長崎県,1000,NUNDA,長崎県,1539,TAU,長崎県,2425,MOOON*,長崎県
Resort Anthem,Wuv U,0,,-,385,TTZK,長崎県,1186,CLUMSY,長崎県,1645,TAU,長崎県,0,,-
Resort Anthem,XANADU OF TWO,0,,-,758,MOON,長崎県,1717,LOW.S,長崎県,2727,GOTHIC,長崎県,3386,HF,長崎県
Resort Anthem,ZETA～素数の世界と超越者～,305,GOLI,長崎県,462,CYAN,長崎県,1908,*RINNE,長崎県,2990,MOCCOS,長崎県,0,,-
Resort Anthem,おおきなこえで,0,,-,393,SALOVE,長崎県,986,SAYO**,長崎県,1466,SAYO**,長崎県,2112,HF,長崎県
Resort Anthem,かげぬい ～ Ver.BENIBOTAN ～,445,TTZK,長崎県,704,-ROSA-,長崎県,1241,YY,長崎県,1814,SAYO**,長崎県,0,,-
Resort Anthem,中華急行,0,,-,297,TTZK,長崎県,1534,KANI,長崎県,2284,GOTHIC,長崎県,0,,-
Resort Anthem,夕焼け ～Fading Day～,0,,-,633,LIZ*,長崎県,2050,KANI,長崎県,2756,VEW,長崎県,0,,-
Resort Anthem,旅人リラン,0,,-,1082,YY,長崎県,1852,LOW.S,長崎県,2606,GOTHIC,長崎県,0,,-
Resort Anthem,灼熱Beach Side Bunny,527,GOLI,長崎県,1081,SAYO**,長崎県,1906,GGSATO,長崎県,2873,GOTHIC,長崎県,0,,-
Resort Anthem,黒髪乱れし修羅となりて,0,,-,736,YUSUKE,長崎県,1658,AOI*,長崎県,3373,HF,長崎県,0,,-
Lincle,24th Century BOY,0,,-,571,TAKO,長崎県,1869,LOW.S,長崎県,2787,VEW,長崎県,0,,-
Lincle,532nm,0,,-,493,TTZK,長崎県,1118,NUNDA,長崎県,2603,VEW,長崎県,0,,-
Lincle,A MINSTREL ～ ver. short-scape ～,0,,-,665,HEIPOP,長崎県,1444,SAYO**,長崎県,2338,GGSATO,長崎県,3807,PCFAXX,長崎県
Lincle,Almace,0,,-,764,TTZK,長崎県,1297,LOW.S,長崎県,1962,VEW,長崎県,0,,-
Lincle,ANAGRAMS I to Y,0,,-,656,MKN35,長崎県,1493,FUFUE.,長崎県,2428,P.,長崎県,0,,-
Lincle,BLACK.by X-Cross Fade,0,,-,1007,SAYO**,長崎県,2115,PCFAXX,長崎県,3268,VEW,長崎県,0,,-
Lincle,CALL,0,,-,343,YOCTO3,長崎県,545,MINOR,長崎県,1429,P.,長崎県,2599,GGSATO,長崎県
Lincle,Castle on the Moon,232,GOLI,長崎県,568,TTZK,長崎県,1506,SHIURA,長崎県,2284,MOCCOS,長崎県,0,,-
Lincle,Change the World,0,,-,578,ZO3,長崎県,1250,FUFUE.,長崎県,1668,HINA**,長崎県,0,,-
Lincle,DIAVOLO,0,,-,1043,NZN,長崎県,1632,*RINNE,長崎県,3088,GOTHIC,長崎県,0,,-
Lincle,Drive Me Crazy,0,,-,0,,-,1272,9RAGE,長崎県,2272,GOTHIC,長崎県,0,,-
Lincle,Express Emotion,0,,-,696,*VIVI*,長崎県,1034,SAYO**,長崎県,2452,MOCCOS,長崎県,0,,-
Lincle,F,0,,-,814,SALOVE,長崎県,1877,THE619,長崎県,3518,HF,長崎県,0,,-
Lincle,Far east nightbird,330,GOLI,長崎県,471,TTZK,長崎県,1290,HINA**,長崎県,1953,GGSATO,長崎県,0,,-
Lincle,fffff,0,,-,650,RARA,長崎県,1533,KNE1ST,長崎県,3082,GOTHIC,長崎県,0,,-
Lincle,Flip Flap,265,GOLI,長崎県,480,LU,長崎県,1339,SHIURA,長崎県,2208,HEIPOP,長崎県,0,,-
Lincle,Follow Tomorrow,0,,-,657,ZO3,長崎県,1427,*RINNE,長崎県,2227,KUMA..,長崎県,0,,-
Lincle,GIGANT,0,,-,335,ROSE,長崎県,1135,OXALIS,長崎県,1642,*RINNE,長崎県,2827,MOCCOS,長崎県
Lincle,HAERETICUS,0,,-,695,TTZK,長崎県,1615,AOI*,長崎県,2924,VEW,長崎県,0,,-
Lincle,I'm so Happy,298,GOLI,長崎県,374,TTZK,長崎県,1337,UMING,長崎県,2285,VEW,長崎県,0,,-
Lincle,In the Blackest Den,0,,-,203,HARU,長崎県,1508,LOW.S,長崎県,2427,GGSATO,長崎県,0,,-
Lincle,Infinite cave,0,,-,630,MINOR,長崎県,1415,LOW.S,長崎県,1936,LUFT,長崎県,0,,-
Lincle,KYAMISAMA ONEGAI!,0,,-,667,MOCCOS,長崎県,1130,MOCCOS,長崎県,2065,PCFAXX,長崎県,2916,PCFAXX,長崎県
Lincle,LAX5 feat.Ryota Yoshinari,0,,-,0,,-,2069,LOW.S,長崎県,2682,LUFT,長崎県,0,,-
Lincle,LETHEBOLG ～双神威に斬り咲けり～,0,,-,845,LIZ*,長崎県,1605,LOW.S,長崎県,2160,28KI*,長崎県,0,,-
Lincle,Liquid Crystal Girl feat. echo,0,,-,0,,-,997,NUNDA,長崎県,1966,P.,長崎県,0,,-
Lincle,LOVE B.B.B,0,,-,680,TTZK,長崎県,1473,SHIURA,長崎県,1932,MOCCOS,長崎県,0,,-
Lincle,Lucky Days,0,,-,0,,-,1459,LOW.S,長崎県,2125,HEIPOP,長崎県,0,,-
Lincle,Mermaid girl-秋葉工房 MIX-,0,,-,699,TTZK,長崎県,1265,YOSHI.,長崎県,2025,GOTHIC,長崎県,0,,-
Lincle,Miami Sunset Drive,0,,-,402,TANK,長崎県,989,NAGO,長崎県,1576,MOOON*,長崎県,0,,-
Lincle,NNRT,0,,-,943,TTZK,長崎県,2178,*RINNE,長崎県,3384,P.,長崎県,0,,-
Lincle,Phoenix,0,,-,835,NUNDA,長崎県,1012,RA*3,長崎県,2056,UDESU*,長崎県,3849,VEW,長崎県
Lincle,prompt,0,,-,0,,-,1527,YUSUKE,長崎県,2742,MOCCOS,長崎県,0,,-
Lincle,QUANTUM TELEPORTATION,0,,-,984,YY,長崎県,1993,HEYTEA,長崎県,2755,GGSATO,長崎県,3547,HF,長崎県
Lincle,quaver♪,273,GOLI,長崎県,623,TTZK,長崎県,2045,SG2.,長崎県,3346,HF,長崎県,0,,-
Lincle,Quick Silver,0,,-,683,TTZK,長崎県,1777,LOW.S,長崎県,2605,HF,長崎県,0,,-
Lincle,Release The Music,0,,-,0,,-,0,,-,1850,*RINNE,長崎県,0,,-
Lincle,RESISTANCE,0,,-,0,,-,1301,SAYO**,長崎県,2176,HINA**,長崎県,0,,-
Lincle,Round and Round,0,,-,664,TTZK,長崎県,1209,SAYO**,長崎県,2097,HEIPOP,長崎県,0,,-
Lincle,SA.YO.NA.RA. SUPER STAR,0,,-,389,GOLI,長崎県,1055,YY,長崎県,1607,LOW.S,長崎県,0,,-
Lincle,Scharfrichter,0,,-,0,,-,1618,SAYO**,長崎県,2838,GOTHIC,長崎県,0,,-
Lincle,Several Words,0,,-,0,,-,1336,YUSUKE,長崎県,2127,P.,長崎県,0,,-
Lincle,SHADE,0,,-,933,TTZK,長崎県,1880,SHIURA,長崎県,2854,GOTHIC,長崎県,0,,-
Lincle,Snake Stick,0,,-,739,NEKO,長崎県,1902,MOCCOS,長崎県,2569,GOTHIC,長崎県,0,,-
Lincle,Snow Goose,280,GOLI,長崎県,330,TTZK,長崎県,1174,FENCER,長崎県,2365,HF,長崎県,0,,-
Lincle,Star Trail,0,,-,376,SAKAKI,長崎県,1040,FUFUE.,長崎県,1759,P.,長崎県,2426,MOCCOS,長崎県
Lincle,The Limbo,0,,-,1106,YUSUKE,長崎県,2012,GOTHIC,長崎県,3262,GOTHIC,長崎県,4015,VEW,長崎県
Lincle,The Sampling Paradise,0,,-,696,LIZ*,長崎県,1784,LOW.S,長崎県,2944,GOTHIC,長崎県,0,,-
Lincle,Thunderbolt,0,,-,944,MATS*,長崎県,1766,MER,長崎県,3739,GOTHIC,長崎県,0,,-
Lincle,TITANS RETURN,312,GOLI,長崎県,565,NEKO,長崎県,1138,RARA,長崎県,2427,GOTHIC,長崎県,2517,HF,長崎県
Lincle,Todestrieb,0,,-,1018,MATS*,長崎県,1884,LOW.S,長崎県,3405,HF,長崎県,0,,-
Lincle,Voxane,0,,-,204,KEN!,長崎県,1219,SAYO**,長崎県,1670,GGSATO,長崎県,0,,-
Lincle,WONDER WALKER,0,,-,856,TTZK,長崎県,1693,F-REO,長崎県,3735,VEW,長崎県,0,,-
Lincle,YAKSHA,0,,-,998,MUGI,長崎県,2039,Y.O,長崎県,3795,VEW,長崎県,0,,-
Lincle,yellow head joe,0,,-,667,TTZK,長崎県,1469,LOW.S,長崎県,2179,HF,長崎県,3059,HF,長崎県
Lincle,Yellow Sunrise,0,,-,0,,-,1304,YUSUKE,長崎県,2157,*AMIN*,長崎県,0,,-
Lincle,ビューティフルレシート,309,GOLI,長崎県,416,TTZK,長崎県,1195,LOW.S,長崎県,1885,P.,長崎県,0,,-
Lincle,ユミル,0,,-,298,SAKAKI,長崎県,1267,FUFUE.,長崎県,2784,P.,長崎県,0,,-
Lincle,君のハートにロックオン,0,,-,0,,-,1690,LOW.S,長崎県,2619,GOTHIC,長崎県,3355,HF,長崎県
Lincle,天空の夜明け,0,,-,1234,SUKIYA,長崎県,2074,GGSATO,長崎県,3885,HF,長崎県,0,,-
Lincle,子供の落書き帳,0,,-,666,TTZK,長崎県,1733,LOW.S,長崎県,2545,HF,長崎県,0,,-
Lincle,恋する☆宇宙戦争っ！！,439,GOLI,長崎県,835,MATS*,長崎県,1720,HEIPOP,長崎県,3476,HF,長崎県,4394,HF,長崎県
Lincle,突撃!ガラスのニーソ姫!,0,,-,532,-ROSA-,長崎県,1156,SAYO**,長崎県,2080,GOTHIC,長崎県,0,,-
Lincle,聖人の塔,0,,-,797,YY,長崎県,1688,...,長崎県,2930,HF,長崎県,4161,HF,長崎県
Lincle,蛇神,368,GOLI,長崎県,485,TANK,長崎県,1299,AOI*,長崎県,2743,HF,長崎県,3623,VEW,長崎県
Lincle,衰色小町メランコリア,0,,-,678,TTZK,長崎県,1372,SAYO**,長崎県,2344,GOTHIC,長崎県,0,,-
Lincle,陽炎,0,,-,481,SOSUKE,長崎県,1174,SAYO**,長崎県,1976,HEIPOP,長崎県,0,,-
tricoro,405nm (Ryu☆mix),0,,-,748,TTZK,長崎県,1576,UDESU*,長崎県,2531,P.,長崎県,0,,-
tricoro,8bit Princess,0,,-,577,TTZK,長崎県,1348,SAYO**,長崎県,2589,P.,長崎県,0,,-
tricoro,Ascalon,0,,-,975,TTZK,長崎県,1753,LOW.S,長崎県,2223,MOCCOS,長崎県,0,,-
tricoro,Beastie Starter,0,,-,458,TTZK,長崎県,1146,IIDX34,長崎県,2132,GOTHIC,長崎県,0,,-
tricoro,BLUE STRAGGLER,0,,-,0,,-,1189,TJ,長崎県,2404,SAYO**,長崎県,0,,-
tricoro,BRAVE GLOW,0,,-,567,INUKI*,長崎県,1634,LOW.S,長崎県,2350,TAU,長崎県,0,,-
tricoro,CONCEPTUAL,0,,-,748,TTZK,長崎県,1282,YY,長崎県,2658,HF,長崎県,0,,-
tricoro,Confiserie,0,,-,895,MATS*,長崎県,1829,*RINNE,長崎県,3435,GOTHIC,長崎県,0,,-
tricoro,connective,0,,-,341,TTZK,長崎県,966,NUNDA,長崎県,1549,P.,長崎県,0,,-
tricoro,Cookie Bouquets,0,,-,752,TTZK,長崎県,2035,LOW.S,長崎県,3337,PCFAXX,長崎県,0,,-
tricoro,DAY DREAM,0,,-,287,!,長崎県,979,SLIVER,長崎県,1883,HF,長崎県,0,,-
tricoro,Devilz Staircase,0,,-,297,SAKAKI,長崎県,1888,MER,長崎県,3135,HF,長崎県,0,,-
tricoro,Elemental Creation,241,GOLI,長崎県,1394,*RINNE,長崎県,2238,RIV*,長崎県,3924,HF,長崎県,0,,-
tricoro,examination leave,0,,-,0,,-,1852,LOW.S,長崎県,3358,VEW,長崎県,0,,-
tricoro,FLOWER,318,GOLI,長崎県,967,NUNDA,長崎県,1719,LOW.S,長崎県,2828,VEW,長崎県,0,,-
tricoro,Fly you to the star,0,,-,666,TTZK,長崎県,1571,LOW.S,長崎県,2206,VEW,長崎県,0,,-
tricoro,GAIA,0,,-,873,TTZK,長崎県,2020,SHIURA,長崎県,3204,HF,長崎県,0,,-
tricoro,GRADIUS 2012,0,,-,0,,-,1666,SAYO**,長崎県,2598,MOCCOS,長崎県,0,,-
tricoro,Hollywood Galaxy,0,,-,1009,MATS*,長崎県,1762,ROXAS,長崎県,2651,HF,長崎県,0,,-
tricoro,Howling,0,,-,470,TTZK,長崎県,1252,*RINNE,長崎県,1977,LOW.S,長崎県,2539,MOCCOS,長崎県
tricoro,I know You know,0,,-,415,SOSUKE,長崎県,1151,SAYO**,長崎県,1827,KANI,長崎県,0,,-
tricoro,ILIAS,0,,-,702,TTZK,長崎県,1287,SAYO**,長崎県,2100,TAU,長崎県,0,,-
tricoro,Illegal Function Call,0,,-,840,GOLI,長崎県,1739,LOW.S,長崎県,2341,MOCCOS,長崎県,3417,HF,長崎県
tricoro,In Heaven,0,,-,0,,-,1382,*RINNE,長崎県,2088,P.,長崎県,0,,-
tricoro,JOMANDA,219,GOLI,長崎県,1011,DAOS,長崎県,2054,M.,長崎県,3488,HF,長崎県,0,,-
tricoro,Liberation,0,,-,1342,FUFUE.,長崎県,2258,LOW.S,長崎県,3658,HF,長崎県,0,,-
tricoro,Light and Cyber…,0,,-,0,,-,1856,LOW.S,長崎県,3039,P.,長崎県,0,,-
tricoro,Little Star,0,,-,832,TTZK,長崎県,1732,LOW.S,長崎県,3086,GOTHIC,長崎県,0,,-
tricoro,LUV CAN SAVE U,0,,-,0,,-,1067,NEKO,長崎県,2054,TAU,長崎県,2693,P.,長崎県
tricoro,mnemoniq,0,,-,0,,-,0,,-,1265,SAYO**,長崎県,0,,-
tricoro,Neonlights,0,,-,0,,-,1558,LOW.S,長崎県,2093,MOCCOS,長崎県,0,,-
tricoro,neu,186,GOLI,長崎県,925,YY,長崎県,1986,*RINNE,長崎県,3816,VEW,長崎県,0,,-
tricoro,New Decade IIDX Edition,261,GOLI,長崎県,862,TTZK,長崎県,1528,NZN,長崎県,2802,MOCCOS,長崎県,0,,-
tricoro,New Lights,0,,-,984,FUFUE.,長崎県,1736,LOW.S,長崎県,2410,MOCCOS,長崎県,0,,-
tricoro,Plan 8,0,,-,1031,AAA,長崎県,2102,SHIURA,長崎県,3072,GOTHIC,長崎県,0,,-
tricoro,planarian,0,,-,0,,-,1626,LOW.S,長崎県,2299,SG2.,長崎県,0,,-
tricoro,POINT ZERO,0,,-,663,TTZK,長崎県,1129,YOSHI.,長崎県,1919,TAU,長崎県,0,,-
tricoro,Präludium,0,,-,0,,-,1216,NUNDA,長崎県,2005,TAITYA,長崎県,0,,-
tricoro,Proof of the existence,0,,-,1127,YUSUKE,長崎県,1976,RIV*,長崎県,3117,HF,長崎県,0,,-
tricoro,Rainbow after snow,0,,-,649,TTZK,長崎県,1334,FUFUE.,長崎県,2114,GOTHIC,長崎県,0,,-
tricoro,Re:GENERATION,227,GOLI,長崎県,743,SALOVE,長崎県,1449,!,長崎県,2231,GOTHIC,長崎県,0,,-
tricoro,Reflection Into the EDEN,0,,-,710,LATHAM,長崎県,1293,*RINNE,長崎県,2079,MOCCOS,長崎県,0,,-
tricoro,rumrum triplets,0,,-,817,TTZK,長崎県,1744,KOTUNE,長崎県,2874,HEIPOP,長崎県,0,,-
tricoro,S!ck,0,,-,710,HECA,長崎県,1302,FENCER,長崎県,2649,GOTHIC,長崎県,0,,-
tricoro,Saturn,0,,-,914,IIDX33,長崎県,1696,NAGO,長崎県,2503,GGSATO,長崎県,3377,VEW,長崎県
tricoro,Shining World,0,,-,1104,FUFUE.,長崎県,1545,LOW.S,長崎県,1909,PCFAXX,長崎県,0,,-
tricoro,SHION,0,,-,625,YOSHI.,長崎県,1253,SHIURA,長崎県,2676,STEAK,長崎県,0,,-
tricoro,Sol Cosine Job 2,0,,-,906,TTZK,長崎県,1673,LOW.S,長崎県,3016,HF,長崎県,0,,-
tricoro,STULTI,0,,-,627,TTZK,長崎県,1533,RIV*,長崎県,2645,VEW,長崎県,0,,-
tricoro,SYNC-ANTHEM,0,,-,0,,-,2334,LUFT,長崎県,3605,VEW,長崎県,0,,-
tricoro,Synergy For Angels,0,,-,732,TTZK,長崎県,1432,YY,長崎県,2711,VEW,長崎県,0,,-
tricoro,Take My Life,0,,-,784,TTZK,長崎県,1496,IIDX34,長崎県,2893,GOTHIC,長崎県,0,,-
tricoro,Thor's Hammer,0,,-,811,TTZK,長崎県,1543,F-REO,長崎県,2785,GOTHIC,長崎県,0,,-
tricoro,Time To Empress,0,,-,474,TANK,長崎県,1853,LOW.S,長崎県,2555,VEW,長崎県,3096,HF,長崎県
tricoro,Timepiece phase II,0,,-,865,TKNITK,長崎県,2032,LOW.S,長崎県,3178,GOTHIC,長崎県,0,,-
tricoro,Timepiece phase II (CN Ver.),0,,-,753,TTZK,長崎県,1797,LUFT,長崎県,2827,HF,長崎県,0,,-
tricoro,True Blue,0,,-,1011,FUFUE.,長崎県,2021,YUSUKE,長崎県,3711,HF,長崎県,0,,-
tricoro,Valanga,0,,-,1243,YUSUKE,長崎県,2114,RIV*,長崎県,3199,HF,長崎県,0,,-
tricoro,VALLIS-NERIA,229,GOLI,長崎県,1122,YY,長崎県,1995,RIV*,長崎県,2882,GOTHIC,長崎県,0,,-
tricoro,VEGA,0,,-,895,MUGI,長崎県,1979,LOW.S,長崎県,3087,GOTHIC,長崎県,0,,-
tricoro,ZED,0,,-,815,TTZK,長崎県,1651,LOW.S,長崎県,2656,MOCCOS,長崎県,3188,HF,長崎県
tricoro,Zirkfied,0,,-,881,TTZK,長崎県,1809,Y.O,長崎県,3659,HF,長崎県,0,,-
tricoro,ΕΛΠΙΣ,0,,-,1060,MATS*,長崎県,1771,T2UU,長崎県,3123,HF,長崎県,3536,HF,長崎県
tricoro,†渚の小悪魔ラヴリィ～レイディオ†(IIDX EDIT),243,IIDX34,長崎県,442,TTZK,長崎県,1531,IIDX34,長崎県,3434,VEW,長崎県,0,,-
tricoro,お米の美味しい炊き方、そしてお米を食べることによるその効果。,0,,-,635,GUEST,長崎県,1388,*RINNE,長崎県,2061,TAU,長崎県,3508,VEW,長崎県
tricoro,たまゆら,0,,-,1041,YY,長崎県,1717,*RINNE,長崎県,2679,VEW,長崎県,0,,-
tricoro,アストライアの双皿,0,,-,604,TTZK,長崎県,1810,F-REO,長崎県,3106,HF,長崎県,0,,-
tricoro,カジノファイヤーことみちゃん,0,,-,302,HASAMI,長崎県,1405,LOW.S,長崎県,2337,GOTHIC,長崎県,3157,HF,長崎県
tricoro,キャトられ恋はモ～モク,0,,-,1203,RARA,長崎県,2292,114514,長崎県,3645,JJS,長崎県,0,,-
tricoro,シュレーディンガーの猫,0,,-,1074,YY,長崎県,2091,TEKARU,長崎県,3353,GOTHIC,長崎県,0,,-
tricoro,トリカゴノ鳳凰,0,,-,1036,NUNDA,長崎県,1800,SG2.,長崎県,3666,HF,長崎県,0,,-
tricoro,メイメツ、フラグメンツ,0,,-,0,,-,988,TTZK,長崎県,1921,GOTHIC,長崎県,0,,-
tricoro,ラキラキ,0,,-,558,TTZK,長崎県,1419,LOW.S,長崎県,1947,MOCCOS,長崎県,0,,-
tricoro,下弦の月,0,,-,829,TTZK,長崎県,1442,SAYO**,長崎県,1938,K.FLAN,長崎県,0,,-
tricoro,仮想空間の旅人たち,0,,-,998,TTZK,長崎県,2116,LOW.S,長崎県,2823,JJS,長崎県,3801,HF,長崎県
tricoro,創世ノート,0,,-,685,SALOVE,長崎県,1834,LOW.S,長崎県,2815,HF,長崎県,0,,-
tricoro,即席！脳直★ミュージックシステム,0,,-,943,YY,長崎県,1811,SEPHIA,長崎県,3419,HF,長崎県,0,,-
tricoro,朧,194,GOLI,長崎県,698,TTZK,長崎県,1411,YUSUKE,長崎県,2099,GOTHIC,長崎県,2512,GOTHIC,長崎県
tricoro,梅雪夜,0,,-,756,TKNITK,長崎県,1429,SAYO**,長崎県,2121,P.,長崎県,0,,-
tricoro,狂イ咲ケ焔ノ華,0,,-,1126,YUSUKE,長崎県,2219,YUSUKE,長崎県,3538,GOTHIC,長崎県,0,,-
tricoro,音楽,0,,-,726,NUNDA,長崎県,1621,IIDX34,長崎県,2704,HF,長崎県,0,,-
tricoro,龍と少女とデコヒーレンス,0,,-,633,MIRAAA,長崎県,1428,RA*3,長崎県,2930,GOTHIC,長崎県,3308,HF,長崎県
SPADA,Adularia,187,GOLI,長崎県,647,MINOR,長崎県,1735,SG2.,長崎県,2780,STEAK,長崎県,0,,-
SPADA,ALBA -黎明-,0,,-,563,*RINNE,長崎県,1360,SUKIYA,長崎県,3187,GOTHIC,長崎県,3812,GOTHIC,長崎県
SPADA,Ancient Scapes,0,,-,730,MILLE,長崎県,1741,IIDX34,長崎県,3351,HF,長崎県,4113,VEW,長崎県
SPADA,ATHER,0,,-,633,VEX,長崎県,1467,YUSUKE,長崎県,2722,PCFAXX,長崎県,3125,HF,長崎県
SPADA,BLUE DRAGON(雷龍RemixIIDX),0,,-,1229,TTZK,長崎県,2148,LUFT,長崎県,3189,HF,長崎県,0,,-
SPADA,BRAINSTORM,0,,-,665,TTZK,長崎県,1706,GAIA,長崎県,2726,GOTHIC,長崎県,0,,-
SPADA,BRAVE OUT,0,,-,952,FUFUE.,長崎県,1470,LOW.S,長崎県,2062,LOW.S,長崎県,2708,HF,長崎県
SPADA,Claiomh Solais,0,,-,0,,-,1418,SAYO**,長崎県,2063,JJS,長崎県,0,,-
SPADA,Cleopatrysm,0,,-,621,GOLI,長崎県,1396,SLIVER,長崎県,2413,MOCCOS,長崎県,0,,-
SPADA,Close the World feat.a☆ru,0,,-,1069,OXALIS,長崎県,1993,LUFT,長崎県,3321,HF,長崎県,3733,GOTHIC,長崎県
SPADA,Critical Crystal,217,GOLI,長崎県,1028,FUFUE.,長崎県,1765,LOW.S,長崎県,2849,GOTHIC,長崎県,0,,-
SPADA,DARK LEGACY,0,,-,1209,FUFUE.,長崎県,1940,LOW.S,長崎県,3494,HF,長崎県,0,,-
SPADA,Devilz Sacrifice -贖罪の羊-,0,,-,0,,-,1741,LOW.S,長崎県,2403,PCFAXX,長崎県,0,,-
SPADA,diagram,0,,-,0,,-,1172,FUFUE.,長崎県,2714,MOCCOS,長崎県,0,,-
SPADA,Elektrick U-Phoria,0,,-,1121,YUSUKE,長崎県,1933,LOW.S,長崎県,3029,P.,長崎県,3898,VEW,長崎県
SPADA,Element of SPADA,0,,-,609,RARA,長崎県,1291,*RINNE,長崎県,2078,P.,長崎県,3071,GOTHIC,長崎県
SPADA,Engraved Mark,0,,-,620,MKN35,長崎県,1256,LOW.S,長崎県,2278,MOCCOS,長崎県,0,,-
SPADA,EXTREME MACH COLLIDER,0,,-,0,,-,1435,LOW.S,長崎県,2426,HEIPOP,長崎県,0,,-
SPADA,Feel The Beat,0,,-,1218,*RINNE,長崎県,2138,LUFT,長崎県,3472,HF,長崎県,4221,VEW,長崎県
SPADA,Funny shuffle,0,,-,526,TTZK,長崎県,1128,SAYO**,長崎県,2257,GOTHIC,長崎県,0,,-
SPADA,HYENA,0,,-,1083,YY,長崎県,1898,LOW.S,長崎県,2552,TAU,長崎県,3463,PCFAXX,長崎県
SPADA,Hypersonik,0,,-,0,,-,1640,LOW.S,長崎県,2381,RIV*,長崎県,0,,-
SPADA,I will be back -オレは帰ってきた-,0,,-,977,YY,長崎県,1823,SHIURA,長崎県,2834,MOCCOS,長崎県,0,,-
SPADA,Idola,0,,-,1153,YY,長崎県,2201,T2UU,長崎県,3491,HF,長崎県,0,,-
SPADA,Insane Techniques,0,,-,384,SAKAKI,長崎県,1045,TAKI,長崎県,2305,LUFT,長崎県,0,,-
SPADA,INSOMNIA,0,,-,527,VEX,長崎県,1650,*RINNE,長崎県,3062,P.,長崎県,0,,-
SPADA,into the battlefield,0,,-,0,,-,1415,LOW.S,長崎県,2343,VEW,長崎県,0,,-
SPADA,invoker,0,,-,721,TAKO,長崎県,1802,*RINNE,長崎県,3046,HF,長崎県,3338,HF,長崎県
SPADA,IX,0,,-,1191,CLUMSY,長崎県,2181,IFRINA,長崎県,3776,VEW,長崎県,0,,-
SPADA,KAISER PHOENIX,0,,-,1280,SLIVER,長崎県,2048,LUFT,長崎県,3227,VEW,長崎県,3757,HF,長崎県
SPADA,KHAMEN BREAK,0,,-,0,,-,1268,YY,長崎県,2408,MOCCOS,長崎県,0,,-
SPADA,Last Dance,0,,-,638,MASU,長崎県,1899,RIV*,長崎県,3146,VEW,長崎県,0,,-
SPADA,Lighting Shower,0,,-,0,,-,1216,FUFUE.,長崎県,2343,P.,長崎県,0,,-
SPADA,M.D.Injection,0,,-,271,JINWIN,長崎県,1135,FENCER,長崎県,2289,GGSATO,長崎県,0,,-
SPADA,m1dy Deluxe,0,,-,1094,YY,長崎県,1719,LOW.S,長崎県,2478,GGSATO,長崎県,0,,-
SPADA,MAD ATTACK,0,,-,407,SOSUKE,長崎県,1092,NUNDA,長崎県,1842,TAU,長崎県,2489,HF,長崎県
SPADA,MAGIC & LOVE,0,,-,725,MILLE,長崎県,1813,LOW.S,長崎県,2855,VEW,長崎県,0,,-
SPADA,Miracle 5ympho X,0,,-,695,YY,長崎県,1286,LOW.S,長崎県,2423,LOW.S,長崎県,2678,GAMMA#,長崎県
SPADA,NPC World,0,,-,810,LELEKA,長崎県,1343,YUSUKE,長崎県,2116,TAU,長崎県,0,,-
SPADA,Odin,0,,-,463,TAKO,長崎県,1290,OXALIS,長崎県,1882,SG2.,長崎県,0,,-
SPADA,Overload Frontier,0,,-,0,,-,1716,LOW.S,長崎県,2478,P.,長崎県,0,,-
SPADA,Pharaoh,0,,-,553,TTZK,長崎県,991,TTZK,長崎県,2310,HEIPOP,長崎県,0,,-
SPADA,PUNISHER,0,,-,946,TTZK,長崎県,1885,*RINNE,長崎県,3461,GOTHIC,長崎県,0,,-
SPADA,ra'am,0,,-,1166,LOW.S,長崎県,1741,K.FLAN,長崎県,2731,HF,長崎県,0,,-
SPADA,rainbow guitar weeps,0,,-,833,TTZK,長崎県,1804,LOW.S,長崎県,2611,HEIPOP,長崎県,0,,-
SPADA,Recollection,0,,-,0,,-,1646,CLUMSY,長崎県,2214,HEIPOP,長崎県,0,,-
SPADA,refractive index,0,,-,0,,-,1323,CLUMSY,長崎県,2639,VEW,長崎県,0,,-
SPADA,RISE,0,,-,0,,-,902,TTZK,長崎県,1846,PCFAXX,長崎県,0,,-
SPADA,RIZING YOU UP,0,,-,968,NUNDA,長崎県,2030,LOW.S,長崎県,2408,LITCHI,長崎県,0,,-
SPADA,SCHWARZSCHILD FIELD,0,,-,677,NEKO,長崎県,1520,LOW.S,長崎県,2232,GGSATO,長崎県,0,,-
SPADA,Sigmund,0,,-,1516,PCFAXX,長崎県,2325,MOCCOS,長崎県,3717,GOTHIC,長崎県,4043,HF,長崎県
SPADA,Squeeze,0,,-,0,,-,1060,IIDX33,長崎県,2337,HF,長崎県,0,,-
SPADA,THE DETONATOR,0,,-,1211,TKNITK,長崎県,1977,SKY874,長崎県,3052,DAIKI*,長崎県,0,,-
SPADA,Unicorn tail,0,,-,786,TKNITK,長崎県,1963,LOW.S,長崎県,3094,GOTHIC,長崎県,0,,-
SPADA,Valgus,0,,-,0,,-,1157,CLUMSY,長崎県,2281,GGSATO,長崎県,0,,-
SPADA,Verflucht,0,,-,1148,MATS*,長崎県,2097,HF,長崎県,3499,VEW,長崎県,4533,VEW,長崎県
SPADA,VOX UP,0,,-,1463,LOW.S,長崎県,2739,GGSATO,長崎県,3399,HF,長崎県,0,,-
SPADA,Wonder Girl feat. Kanae Asaba,0,,-,566,AYANE.,長崎県,1266,SAYO**,長崎県,2770,HF,長崎県,0,,-
SPADA,お願いアインシュタイン,0,,-,634,MOON,長崎県,1372,ROY#,長崎県,2098,GOTHIC,長崎県,0,,-
SPADA,アルストロメリア,192,GOLI,長崎県,917,YY,長崎県,1470,OXALIS,長崎県,2473,GOTHIC,長崎県,0,,-
SPADA,デッドボヲルdeホームラン,0,,-,545,TTZK,長崎県,1552,LOW.S,長崎県,2589,MOCCOS,長崎県,0,,-
SPADA,バンブーソード・ガール,250,GOLI,長崎県,905,NUNDA,長崎県,1752,LOW.S,長崎県,2332,STEAK,長崎県,0,,-
SPADA,廿,0,,-,839,YY,長崎県,1477,*RINNE,長崎県,2298,GOTHIC,長崎県,3205,GOTHIC,長崎県
SPADA,旋律のドグマ～Miserables～,0,,-,1087,LELEKA,長崎県,2285,NAGO,長崎県,3847,HF,長崎県,0,,-
SPADA,海神,0,,-,1064,YY,長崎県,1802,*RINNE,長崎県,3117,HF,長崎県,3499,HF,長崎県
SPADA,煉獄のエルフェリア,0,,-,1129,SUKIYA,長崎県,2071,Y.O,長崎県,3748,VEW,長崎県,0,,-
SPADA,牧神笛吹きて,0,,-,648,TTZK,長崎県,1329,LOW.S,長崎県,1890,SAYO**,長崎県,0,,-
SPADA,疾風迅雷,0,,-,633,IIDX33,長崎県,1949,SG2.,長崎県,2860,HF,長崎県,3249,HF,長崎県
SPADA,罪と罰,0,,-,987,YUSUKE,長崎県,1236,YUSUKE,長崎県,2122,P.,長崎県,0,,-
SPADA,超!!遠距離らぶメ～ル,0,,-,0,,-,1474,HINA**,長崎県,2616,GOTHIC,長崎県,0,,-
SPADA,轟け！恋のビーンボール！！,0,,-,990,YY,長崎県,1730,*RINNE,長崎県,3428,HF,長崎県,0,,-
PENDUAL,#The_Relentless,0,,-,1076,FUFUE.,長崎県,1901,LOW.S,長崎県,2660,LUFT,長崎県,4204,HF,長崎県
PENDUAL,AFRO KNUCKLE,0,,-,791,TTZK,長崎県,1448,RA*3,長崎県,2347,HF,長崎県,0,,-
PENDUAL,Beat Radiance,0,,-,669,3233,長崎県,1592,LOW.S,長崎県,2543,SAYO**,長崎県,3535,HF,長崎県
PENDUAL,Beyond The Earth,0,,-,967,TTZK,長崎県,1950,SHIURA,長崎県,3123,GUINAN,長崎県,0,,-
PENDUAL,Blaze it UP!,0,,-,770,HECA,長崎県,1827,LOW.S,長崎県,2922,P.,長崎県,0,,-
PENDUAL,BLUE MIRAGE,0,,-,779,TTZK,長崎県,1958,LOW.S,長崎県,2795,HF,長崎県,0,,-
PENDUAL,Broken Sword,0,,-,1110,TTZK,長崎県,1761,IIDX34,長崎県,3649,GOTHIC,長崎県,0,,-
PENDUAL,Chain of pain,0,,-,0,,-,1502,LOW.S,長崎県,2185,HF,長崎県,0,,-
PENDUAL,chrono diver -fragment-,0,,-,569,AYANE.,長崎県,1136,HINA**,長崎県,1760,LOW.S,長崎県,2252,P.,長崎県
PENDUAL,CHRONO DIVER -NORNIR-,0,,-,905,-ROSA-,長崎県,2127,LOW.S,長崎県,3056,GOTHIC,長崎県,4318,GOTHIC,長崎県
PENDUAL,Chrono Diver -PENDULUMs-,515,GOLI,長崎県,1328,YUSUKE,長崎県,2606,MOCCOS,長崎県,4190,VEW,長崎県,0,,-
PENDUAL,Chronos,0,,-,613,INUKI*,長崎県,1341,LOW.S,長崎県,2253,HF,長崎県,2955,GOTHIC,長崎県
PENDUAL,cinder,0,,-,669,TTZK,長崎県,1961,LOW.S,長崎県,3069,HF,長崎県,0,,-
PENDUAL,COLOSSEUM,0,,-,475,TTZK,長崎県,882,MINOR,長崎県,2280,GOTHIC,長崎県,0,,-
PENDUAL,Cosmic Cat,0,,-,773,TTZK,長崎県,1652,LOW.S,長崎県,2234,MOCCOS,長崎県,3157,HF,長崎県
PENDUAL,Despair of ELFERIA,0,,-,1200,YUSUKE,長崎県,2037,KASUMI,長崎県,4007,GOTHIC,長崎県,0,,-
PENDUAL,Discloze,0,,-,559,FGH,長崎県,1620,LOW.S,長崎県,2529,GOTHIC,長崎県,0,,-
PENDUAL,EBONY & IVORY,0,,-,0,,-,1643,LOW.S,長崎県,2920,GOTHIC,長崎県,3407,HF,長崎県
PENDUAL,entelecheia,0,,-,725,IIDX33,長崎県,1918,IIDX34,長崎県,3156,HF,長崎県,0,,-
PENDUAL,Erosion Mark,0,,-,352,SAKAKI,長崎県,1469,LOW.S,長崎県,2113,HEIPOP,長崎県,0,,-
PENDUAL,fallen leaves -IIDX edition-,0,,-,0,,-,1843,F-REO,長崎県,3322,HF,長崎県,0,,-
PENDUAL,FANTASTIC THREE,0,,-,1162,YY,長崎県,1915,IIDX34,長崎県,3060,HF,長崎県,0,,-
PENDUAL,Flashes,0,,-,663,MILLE,長崎県,1601,SLIVER,長崎県,3149,HF,長崎県,3981,VEW,長崎県
PENDUAL,Gravigazer,0,,-,723,TTZK,長崎県,1495,BLOW.N,長崎県,2893,HF,長崎県,0,,-
PENDUAL,GUILTY,0,,-,931,RIV*,長崎県,1465,LOW.S,長崎県,1807,JMSDF,長崎県,2906,HF,長崎県
PENDUAL,HELL SCAPER -Last Escape Remix-,0,,-,793,TTZK,長崎県,1723,LOW.S,長崎県,2697,HEIPOP,長崎県,0,,-
PENDUAL,Hello Happiness,0,,-,438,TANK,長崎県,1453,*RINNE,長崎県,2269,VEW,長崎県,0,,-
PENDUAL,illuminate,0,,-,258,GUNKYG,長崎県,1500,LOW.S,長崎県,2191,MOCCOS,長崎県,0,,-
PENDUAL,IMPLANTATION,0,,-,606,MATS*,長崎県,1422,OXALIS,長崎県,2183,VEW,長崎県,0,,-
PENDUAL,In The Breeze,0,,-,0,,-,1073,IIDX34,長崎県,1639,TAU,長崎県,0,,-
PENDUAL,Invitation from Mr.C,0,,-,940,TTZK,長崎県,1517,LOW.S,長崎県,2613,GOTHIC,長崎県,0,,-
PENDUAL,IXION,0,,-,831,TKNITK,長崎県,1719,LOW.S,長崎県,2040,*AMIN*,長崎県,0,,-
PENDUAL,Line 4 Ruin,0,,-,591,TTZK,長崎県,1767,LOW.S,長崎県,2758,GOTHIC,長崎県,0,,-
PENDUAL,Monopole.,0,,-,654,TTZK,長崎県,1608,LOW.S,長崎県,3242,HF,長崎県,0,,-
PENDUAL,NEO GENERATOR SEVEN,0,,-,783,GOLI,長崎県,1822,LOW.S,長崎県,3210,VEW,長崎県,0,,-
PENDUAL,Night sky,0,,-,1083,FUFUE.,長崎県,1775,LOW.S,長崎県,2764,MOCCOS,長崎県,0,,-
PENDUAL,No Tears,0,,-,1085,FUFUE.,長崎県,1981,LOW.S,長崎県,2493,GOTHIC,長崎県,0,,-
PENDUAL,PENDUAL TALISMAN,0,,-,833,MINOR,長崎県,1369,MIRAAA,長崎県,2571,GOTHIC,長崎県,0,,-
PENDUAL,Rave*it!! Rave*it!!,0,,-,0,,-,1577,*RINNE,長崎県,3228,GOTHIC,長崎県,0,,-
PENDUAL,Realize Maze,0,,-,1118,FUFUE.,長崎県,1979,LOW.S,長崎県,2872,P.,長崎県,0,,-
PENDUAL,Reflux,0,,-,0,,-,1545,LOW.S,長崎県,2918,HF,長崎県,0,,-
PENDUAL,Sakura Mirage,0,,-,808,TTZK,長崎県,1293,LOW.S,長崎県,2302,VEW,長崎県,0,,-
PENDUAL,SAMSARA,0,,-,724,TTZK,長崎県,1277,FUFUE.,長崎県,2025,GOTHIC,長崎県,0,,-
PENDUAL,Say YEEEAHH,0,,-,0,,-,1807,LOW.S,長崎県,3147,HF,長崎県,0,,-
PENDUAL,Scarlet Moon,0,,-,893,GUEST,長崎県,1869,LOW.S,長崎県,2695,HF,長崎県,0,,-
PENDUAL,Scars of FAUNA,0,,-,734,TTZK,長崎県,1650,LOW.S,長崎県,2842,VEW,長崎県,0,,-
PENDUAL,Shooting Fireball,0,,-,813,RARA,長崎県,1923,THE619,長崎県,3845,HF,長崎県,0,,-
PENDUAL,Sounds Of Summer,0,,-,1047,TTZK,長崎県,1896,AOI*,長崎県,2940,HF,長崎県,0,,-
PENDUAL,SpaceLand☆TOYBOX,0,,-,769,MOON,長崎県,1696,LOW.S,長崎県,2897,HF,長崎県,0,,-
PENDUAL,Sweet Radar,0,,-,518,SOSUKE,長崎県,1355,SG2.,長崎県,2016,GOTHIC,長崎県,0,,-
PENDUAL,Symmetry,0,,-,1073,FUFUE.,長崎県,1827,YUSUKE,長崎県,3206,HF,長崎県,0,,-
PENDUAL,TA・DA ☆ YO・SHI,0,,-,651,NAT,長崎県,1611,LOW.S,長崎県,2261,GOTHIC,長崎県,0,,-
PENDUAL,The Least 100sec,0,,-,570,TTZK,長崎県,1406,LOW.S,長崎県,2794,HF,長崎県,0,,-
PENDUAL,TIEFSEE,0,,-,1189,YUSUKE,長崎県,2066,LOW.S,長崎県,3434,HF,長崎県,0,,-
PENDUAL,TOXIC VIBRATION,0,,-,1517,YUSUKE,長崎県,2137,*RINNE,長崎県,3618,HF,長崎県,0,,-
PENDUAL,Vulkan,0,,-,831,SUKIYA,長崎県,1930,LOW.S,長崎県,2952,STEAK,長崎県,0,,-
PENDUAL,We're so Happy (P*Light Remix) IIDX ver.,0,,-,1061,YOSHI.,長崎県,2037,*RINNE,長崎県,3624,GOTHIC,長崎県,0,,-
PENDUAL,ZZ,190,GOLI,長崎県,1141,MATS*,長崎県,1957,RIV*,長崎県,3008,HF,長崎県,0,,-
PENDUAL,それは花火のような恋,608,GOLI,長崎県,1213,YY,長崎県,2198,ALICE*,長崎県,3781,VEW,長崎県,0,,-
PENDUAL,とろぴかる倶楽部,0,,-,524,TANK,長崎県,1057,TTZK,長崎県,2223,GOTHIC,長崎県,0,,-
PENDUAL,ぷろぐれっしぶ時空少女！うらしまたろ子ちゃん！,0,,-,0,,-,1325,SUKIYA,長崎県,2445,HEIPOP,長崎県,0,,-
PENDUAL,もっと！モット！ときめき feat. 松下,0,,-,1160,YY,長崎県,1778,IIDX34,長崎県,2637,GOTHIC,長崎県,0,,-
PENDUAL,ドッキン☆サマーあばんちゅーる,0,,-,867,NEKO,長崎県,1731,LOW.S,長崎県,2825,GOTHIC,長崎県,0,,-
PENDUAL,パ→ピ→プ→Yeah!,329,GOLI,長崎県,891,MEROO,長崎県,1581,LOW.S,長崎県,2506,GOTHIC,長崎県,0,,-
PENDUAL,ベィスドロップ・フリークス,0,,-,556,AYANE.,長崎県,1141,YY,長崎県,2183,P.,長崎県,2340,GOTHIC,長崎県
PENDUAL,リリーゼと炎龍レーヴァテイン,0,,-,935,YY,長崎県,2238,LUFT,長崎県,3381,HF,長崎県,0,,-
PENDUAL,共鳴遊戯の華,0,,-,1216,FUFUE.,長崎県,2426,LUFT,長崎県,3730,VEW,長崎県,0,,-
PENDUAL,十六夜セツナ,0,,-,894,LELEKA,長崎県,1503,KOU,長崎県,2211,P.,長崎県,0,,-
PENDUAL,千年ノ理,0,,-,1050,SYRK,長崎県,1693,KASUMI,長崎県,3157,HF,長崎県,4178,GOTHIC,長崎県
PENDUAL,取り残された美術(Arranged:HiZuMi),243,GOLI,長崎県,929,YY,長崎県,1667,LOW.S,長崎県,2178,P.,長崎県,0,,-
PENDUAL,夏色DIARY - L.E.D.-G STYLE MIX -,0,,-,818,NUNDA,長崎県,1739,SR.,長崎県,2996,HF,長崎県,0,,-
PENDUAL,妖隠し -あやかしかくし-,0,,-,836,TTZK,長崎県,1547,LOW.S,長崎県,2164,GOTHIC,長崎県,0,,-
PENDUAL,少年は空を辿る,0,,-,931,RAS2,長崎県,1968,HF,長崎県,3242,GOTHIC,長崎県,0,,-
PENDUAL,恋は白帯、サンシロー,0,,-,0,,-,1233,!,長崎県,1964,SAYO**,長崎県,2735,P.,長崎県
PENDUAL,打打打打打打打打打打,186,GOLI,長崎県,747,FUFUE.,長崎県,1298,LOW.S,長崎県,2608,GOTHIC,長崎県,0,,-
PENDUAL,時空トラベローグ,0,,-,832,TRI,長崎県,1805,LOW.S,長崎県,2565,HF,長崎県,0,,-
PENDUAL,白露の風,0,,-,398,TTZK,長崎県,1057,YY,長崎県,2006,GOTHIC,長崎県,0,,-
PENDUAL,紅牡丹,449,GOLI,長崎県,1028,YY,長崎県,1749,LUFT,長崎県,2815,GOTHIC,長崎県,0,,-
PENDUAL,表裏一体！？怪盗いいんちょの悩み,0,,-,1084,YY,長崎県,1916,*RINNE,長崎県,3512,HF,長崎県,4317,GOTHIC,長崎県
PENDUAL,超青少年ノ為ノ超多幸ナ超古典的超舞曲,0,,-,822,TTZK,長崎県,1985,LOW.S,長崎県,2616,GOTHIC,長崎県,3953,VEW,長崎県
PENDUAL,鬼天,0,,-,652,RAS2,長崎県,1570,LOW.S,長崎県,2433,VEW,長崎県,0,,-
PENDUAL,Ｘ↑Ｘ↓,0,,-,888,YY,長崎県,1570,YY,長崎県,2876,GOTHIC,長崎県,0,,-
copula,199024club -Re:BounceKiller-,0,,-,547,TTZK,長崎県,1483,Y.O,長崎県,2254,GOTHIC,長崎県,0,,-
copula,Acid Pumper,0,,-,435,ONAKO!,長崎県,1518,LOW.S,長崎県,2424,GOTHIC,長崎県,0,,-
copula,Angelic Jelly,0,,-,1092,YY,長崎県,1995,LOW.S,長崎県,2713,GGSATO,長崎県,0,,-
copula,AO-1,0,,-,1170,*RINNE,長崎県,1873,LUFT,長崎県,2666,P.,長崎県,0,,-
copula,Arcana,0,,-,1049,FUFUE.,長崎県,1717,LOW.S,長崎県,2176,MOCCOS,長崎県,0,,-
copula,Aublia,0,,-,647,CYAN,長崎県,1459,LOW.S,長崎県,2497,HF,長崎県,0,,-
copula,Battle Train -IIDX Edition-,0,,-,0,,-,2101,IIDX34,長崎県,3165,HF,長崎県,0,,-
copula,Blue Spring Express,0,,-,1085,YY,長崎県,1836,T2UU,長崎県,3236,GOTHIC,長崎県,0,,-
copula,Central Station,0,,-,900,MIGITE,長崎県,1541,LOW.S,長崎県,2377,VEW,長崎県,0,,-
copula,chaos eater -IIDX edition-,0,,-,0,,-,1626,LOW.S,長崎県,2550,MOCCOS,長崎県,0,,-
copula,CODE:1 [revision1.0.1],0,,-,753,NOR1,長崎県,1650,LOW.S,長崎県,3020,HF,長崎県,0,,-
copula,Daily Lunch Special,0,,-,1013,YY,長崎県,2055,LOW.S,長崎県,2895,MOCCOS,長崎県,0,,-
copula,Damage Per Second,0,,-,594,MKN35,長崎県,1310,*RINNE,長崎県,1967,P.,長崎県,2200,GGSATO,長崎県
copula,Derelict Star feat. Ryu*,0,,-,0,,-,1868,LOW.S,長崎県,2554,VEW,長崎県,0,,-
copula,Devil's Gear,0,,-,931,FUFUE.,長崎県,1880,*RINNE,長崎県,3379,HF,長崎県,0,,-
copula,DIAMOND CROSSING,0,,-,963,*RINNE,長崎県,1657,*RINNE,長崎県,3024,HF,長崎県,0,,-
copula,do the thing feat. Kanae Asaba,0,,-,0,,-,1432,LOW.S,長崎県,2228,VEW,長崎県,0,,-
copula,Donkey Donk,0,,-,906,TTZK,長崎県,1662,LOW.S,長崎県,2235,HF,長崎県,0,,-
copula,Dynamite,503,GOLI,長崎県,1161,NAGO,長崎県,2284,SHIURA,長崎県,3743,GOTHIC,長崎県,0,,-
copula,Everlasting Last,0,,-,715,TTZK,長崎県,1576,LOW.S,長崎県,2186,P.,長崎県,0,,-
copula,Exchange Place,0,,-,0,,-,1145,YOSHI.,長崎県,1730,VEW,長崎県,0,,-
copula,GENERATE feat.綾倉盟,0,,-,1095,MOCCOS,長崎県,1724,LOW.S,長崎県,2337,P.,長崎県,0,,-
copula,Go Faraway,0,,-,899,TTZK,長崎県,1409,*RINNE,長崎県,2437,HEIPOP,長崎県,0,,-
copula,GOBBLE,0,,-,0,,-,674,HINA**,長崎県,1643,HEIPOP,長崎県,0,,-
copula,Godspeed,0,,-,972,*RINNE,長崎県,1593,!,長崎県,3109,HF,長崎県,0,,-
copula,Grand Chariot,0,,-,1098,*RINNE,長崎県,1807,RIV*,長崎県,3269,HF,長崎県,0,,-
copula,Highcharge Divolt,0,,-,752,TTZK,長崎県,1506,T2UU,長崎県,2706,HF,長崎県,0,,-
copula,Inner Spirit,0,,-,539,IIDX33,長崎県,1837,LOW.S,長崎県,2778,HF,長崎県,0,,-
copula,Journey,0,,-,589,TTZK,長崎県,1233,SHIURA,長崎県,1839,GOTHIC,長崎県,3107,STEAK,長崎県
copula,Konzert V,0,,-,1213,OXALIS,長崎県,2142,RIV*,長崎県,3293,VEW,長崎県,0,,-
copula,La dolce primavera,0,,-,530,LELEKA,長崎県,1304,OXALIS,長崎県,2051,LUFT,長崎県,0,,-
copula,M4K3 1T B0UNC3,0,,-,1225,RA*3,長崎県,1995,RIV*,長崎県,2939,GOTHIC,長崎県,0,,-
copula,Musik LoverZ,0,,-,1022,YY,長崎県,1199,RA*3,長崎県,2427,VEW,長崎県,0,,-
copula,NANAIRO,0,,-,573,MINOR,長崎県,1760,LOW.S,長崎県,2447,HEIPOP,長崎県,0,,-
copula,Nightmare before oversleep,0,,-,1159,*RINNE,長崎県,1850,LUFT,長崎県,2872,HF,長崎県,0,,-
copula,NINJA IS DEAD IIDX ver.,0,,-,1100,NUNDA,長崎県,1856,LOW.S,長崎県,2930,GOTHIC,長崎県,0,,-
copula,NO LIMIT -オレ達に限界は無い-,0,,-,429,0375*,長崎県,1084,YY,長崎県,2213,GOTHIC,長崎県,0,,-
copula,Nowhere,0,,-,347,A,長崎県,785,TTZK,長崎県,2026,LOW.S,長崎県,0,,-
copula,NZM,0,,-,888,TTZK,長崎県,1559,LOW.S,長崎県,3330,VEW,長崎県,0,,-
copula,On the FM,0,,-,0,,-,1107,NZN,長崎県,2640,HF,長崎県,0,,-
copula,Outbreak,0,,-,1246,FUFUE.,長崎県,1813,LOW.S,長崎県,2775,IFRINA,長崎県,0,,-
copula,POSSESSION,464,GOLI,長崎県,1293,YUSUKE,長崎県,1994,KANI,長崎県,2921,GOTHIC,長崎県,0,,-
copula,quick master (reform version),0,,-,0,,-,0,,-,517,GGSATO,長崎県,0,,-
copula,refrain,0,,-,1161,FUFUE.,長崎県,1843,...,長崎県,3521,HF,長崎県,0,,-
copula,Rock It,0,,-,725,LIME,長崎県,1457,YY,長崎県,2851,VEW,長崎県,0,,-
copula,Routing,0,,-,634,QWERTY,長崎県,1604,LOW.S,長崎県,2385,PCFAXX,長崎県,0,,-
copula,Sephirot,0,,-,598,IIDX33,長崎県,1456,*RINNE,長崎県,2212,MOCCOS,長崎県,0,,-
copula,Set U Free feat. Kanae Asaba,0,,-,773,TTZK,長崎県,1464,LOW.S,長崎県,2472,VEW,長崎県,0,,-
copula,SHELTER OF THE MIND,0,,-,1347,FUFUE.,長崎県,1773,AOI*,長崎県,2975,HF,長崎県,0,,-
copula,STARLiGHT,0,,-,763,LIZ*,長崎県,1774,LOW.S,長崎県,2563,T41K1N,長崎県,0,,-
copula,STARLIGHT DANCEHALL,0,,-,953,TTZK,長崎県,1732,LOW.S,長崎県,2631,GOTHIC,長崎県,3233,GOTHIC,長崎県
copula,StrayedCatz,0,,-,649,HECA,長崎県,1899,LUFT,長崎県,2702,HF,長崎県,0,,-
copula,Super Duper Racers,0,,-,732,0375*,長崎県,1239,FENCER,長崎県,2338,VEW,長崎県,3589,VEW,長崎県
copula,SURVIVOR,0,,-,270,YOUYOU,長崎県,1181,KOU,長崎県,1997,GOTHIC,長崎県,0,,-
copula,Tori-no-kimochi,0,,-,150,#HARU#,長崎県,997,TTZK,長崎県,1866,TAU,長崎県,0,,-
copula,Triple Counter,0,,-,1323,YY,長崎県,2050,*RINNE,長崎県,3795,HF,長崎県,0,,-
copula,Uh-Oh,0,,-,969,TTZK,長崎県,1334,STAGER,長崎県,2331,MOCCOS,長崎県,0,,-
copula,Violet Pulse,0,,-,0,,-,1471,SLIVER,長崎県,2284,GGSATO,長崎県,3894,HF,長崎県
copula,Violet Rose,0,,-,0,,-,1823,LOW.S,長崎県,2419,HEIPOP,長崎県,0,,-
copula,Welcome,0,,-,462,KEN!,長崎県,1539,IIDX34,長崎県,2560,MOCCOS,長崎県,3172,HF,長崎県
copula,X,0,,-,1479,*RINNE,長崎県,2301,RIV*,長崎県,3801,VEW,長崎県,0,,-
copula,ZEPHYRANTHES,0,,-,918,NUNDA,長崎県,1772,LOW.S,長崎県,2880,GOTHIC,長崎県,3781,HF,長崎県
copula,か・し・ま・し☆PUMP UP！,0,,-,736,YOKKA,長崎県,1706,LOW.S,長崎県,2712,HEIPOP,長崎県,0,,-
copula,めいさいアイドル☆あいむちゃん♪,0,,-,1315,YY,長崎県,2045,F-REO,長崎県,3298,HF,長崎県,0,,-
copula,オルタネイトβ,0,,-,625,MOON,長崎県,1332,YUSUKE,長崎県,2242,P.,長崎県,0,,-
copula,ギョギョっと人魚 爆婚ブライダル,0,,-,723,GOLI,長崎県,1407,LOW.S,長崎県,2168,LOW.S,長崎県,0,,-
copula,シュッパツシンコウ・シサカンコ,0,,-,891,9RE-8,長崎県,1752,LOW.S,長崎県,2397,P.,長崎県,0,,-
copula,セロトニン,0,,-,811,MIGITE,長崎県,1763,LOW.S,長崎県,2225,MOCCOS,長崎県,0,,-
copula,少女アリスと箱庭幻想コンチェルト,0,,-,744,OXALIS,長崎県,1289,CLUMSY,長崎県,2125,GOTHIC,長崎県,0,,-
copula,明鏡止水,0,,-,738,TTZK,長崎県,1804,LOW.S,長崎県,2700,HF,長崎県,0,,-
copula,星屑ディスタンシア,0,,-,615,TTZK,長崎県,1205,SAYO**,長崎県,2055,GOTHIC,長崎県,0,,-
copula,朝焼けから始まるボクらの小さな旅,0,,-,0,,-,1645,LOW.S,長崎県,2440,STEAK,長崎県,0,,-
copula,灼熱 Pt.2 Long Train Running,550,GOLI,長崎県,1277,SAYO**,長崎県,2089,KANI,長崎県,3056,GOTHIC,長崎県,0,,-
copula,真 地獄超特急 -HELL or HELL-,0,,-,1359,YY,長崎県,2150,MOCCOS,長崎県,3123,PCFAXX,長崎県,0,,-
copula,紫陽花 -AZISAI-,380,GOLI,長崎県,1117,FUFUE.,長崎県,1869,SHIURA,長崎県,2735,HF,長崎県,3195,HF,長崎県
copula,追想快晴テーマパーク,0,,-,1128,YY,長崎県,1892,*RINNE,長崎県,2960,MOCCOS,長崎県,0,,-
copula,量子の海のリントヴルム,0,,-,829,FUFUE.,長崎県,1738,LOW.S,長崎県,2942,GOTHIC,長崎県,0,,-
copula,駅猫のワルツ,0,,-,873,TTZK,長崎県,1992,GGSATO,長崎県,2656,HF,長崎県,0,,-
copula,麗 ～うらら～,235,GOLI,長崎県,862,TTZK,長崎県,1712,RIV*,長崎県,2598,HF,長崎県,0,,-
SINOBUZ,¡Viva!,0,,-,0,,-,1377,CLUMSY,長崎県,1952,P.,長崎県,0,,-
SINOBUZ,#MAGiCVLGiRL_TRVP_B3VTZ,0,,-,1047,IIDX33,長崎県,1924,LOW.S,長崎県,3343,HF,長崎県,0,,-
SINOBUZ,(This Is Not) The Angels,0,,-,450,INUKI*,長崎県,1404,LOW.S,長崎県,2681,GOTHIC,長崎県,0,,-
SINOBUZ,Amazing Mirage,341,GOLI,長崎県,673,FUTABA,長崎県,1643,LOW.S,長崎県,2502,HF,長崎県,3126,HF,長崎県
SINOBUZ,AO-∞,0,,-,1080,KOU,長崎県,1768,LOW.S,長崎県,2499,TAU,長崎県,0,,-
SINOBUZ,Apocalypse,0,,-,910,GOLI,長崎県,2052,LOW.S,長崎県,3494,HF,長崎県,0,,-
SINOBUZ,Around The Galaxy,0,,-,812,TTZK,長崎県,2014,LOW.S,長崎県,3300,HF,長崎県,0,,-
SINOBUZ,AsiaN distractive,0,,-,1054,TTZK,長崎県,1698,LOW.S,長崎県,2527,HF,長崎県,0,,-
SINOBUZ,BabeL ～Grand Story～,0,,-,1050,YY,長崎県,1749,AOI*,長崎県,2682,HF,長崎県,0,,-
SINOBUZ,Be A Star,0,,-,794,TTZK,長崎県,1748,LOW.S,長崎県,2758,P.,長崎県,0,,-
SINOBUZ,Beat Juggling Mix,0,,-,691,NEKO,長崎県,1453,LOW.S,長崎県,2065,GGSATO,長崎県,0,,-
SINOBUZ,Believe in you,0,,-,727,IIDX33,長崎県,1867,LOW.S,長崎県,2355,HEIPOP,長崎県,0,,-
SINOBUZ,Beyond The Seven,0,,-,284,GUNKYG,長崎県,1128,AAA,長崎県,2661,P.,長崎県,0,,-
SINOBUZ,BREAK OVER,0,,-,0,,-,1469,LOW.S,長崎県,2288,PCFAXX,長崎県,0,,-
SINOBUZ,Breakin' Chain,0,,-,327,NAT,長崎県,1224,YUSUKE,長崎県,2247,LOW.S,長崎県,0,,-
SINOBUZ,BroGamer,0,,-,1277,YY,長崎県,2048,LOW.S,長崎県,3039,GOTHIC,長崎県,4399,HF,長崎県
SINOBUZ,Caterpillar,0,,-,586,YOKKA,長崎県,2009,*RINNE,長崎県,2821,HF,長崎県,0,,-
SINOBUZ,crew,0,,-,618,LOW.S,長崎県,1489,RA*3,長崎県,2877,HF,長崎県,0,,-
SINOBUZ,Cyber True Color,0,,-,0,,-,1585,LOW.S,長崎県,2284,HF,長崎県,0,,-
SINOBUZ,DORNWALD ～Junge～,0,,-,880,MOON,長崎県,2130,RIV*,長崎県,3560,HF,長崎県,0,,-
SINOBUZ,ECHIDNA,0,,-,1145,FUFUE.,長崎県,1987,RIV*,長崎県,3273,HF,長崎県,0,,-
SINOBUZ,Egret and Willow,0,,-,885,DAOS,長崎県,1601,LOW.S,長崎県,2671,VEW,長崎県,0,,-
SINOBUZ,elemental bender feat. Kanae Asaba,0,,-,221,$,長崎県,0,,-,1560,SAYO**,長崎県,0,,-
SINOBUZ,FUZIN RIZIN,0,,-,0,,-,1842,AOI*,長崎県,3745,GOTHIC,長崎県,0,,-
SINOBUZ,Go Ahead!!,0,,-,808,NZN,長崎県,1410,Y.O,長崎県,2654,GOTHIC,長崎県,0,,-
SINOBUZ,GuNGNiR,0,,-,1317,SHIURA,長崎県,2601,GOTHIC,長崎県,3742,HF,長崎県,4270,HF,長崎県
SINOBUZ,HADES,346,GOLI,長崎県,928,YY,長崎県,1539,CLUMSY,長崎県,3002,GOTHIC,長崎県,0,,-
SINOBUZ,HAPPY★RUSH,0,,-,672,GOLI,長崎県,1783,LOW.S,長崎県,2614,LUFT,長崎県,0,,-
SINOBUZ,Honey Trap,0,,-,720,TTZK,長崎県,1542,LOW.S,長崎県,2495,GOTHIC,長崎県,0,,-
SINOBUZ,INVISIBLE STRIX,0,,-,0,,-,1569,FUTABA,長崎県,2425,SG2.,長崎県,0,,-
SINOBUZ,Lost wing at.0,0,,-,682,NOR1,長崎県,1367,LOW.S,長崎県,2348,MOCCOS,長崎県,0,,-
SINOBUZ,Macuilxochitl,477,GOLI,長崎県,1085,ABC,長崎県,2148,LUFT,長崎県,3256,VEW,長崎県,0,,-
SINOBUZ,Magical,0,,-,0,,-,1127,IIDX34,長崎県,1891,HF,長崎県,0,,-
SINOBUZ,Mare Nectaris,0,,-,1330,SHIURA,長崎県,1848,UMING,長崎県,3510,GOTHIC,長崎県,0,,-
SINOBUZ,Modular Technology,0,,-,993,TKNITK,長崎県,1629,*RINNE,長崎県,2523,MOCCOS,長崎県,0,,-
SINOBUZ,Music is The Answer,0,,-,0,,-,1361,LOW.S,長崎県,1874,GOTHIC,長崎県,0,,-
SINOBUZ,nostos,0,,-,567,IIDX33,長崎県,1297,LOW.S,長崎県,2465,HF,長崎県,0,,-
SINOBUZ,OOO,0,,-,595,TTZK,長崎県,1387,*RINNE,長崎県,2014,P.,長崎県,2625,GOTHIC,長崎県
SINOBUZ,OTENAMI Hurricane,0,,-,1065,MATS*,長崎県,1832,IIDX34,長崎県,3015,HF,長崎県,0,,-
SINOBUZ,PAPAYAPA BASS,0,,-,522,TANK,長崎県,1518,LOW.S,長崎県,2750,GOTHIC,長崎県,0,,-
SINOBUZ,Piano Samurai,0,,-,682,TANK,長崎県,1694,LOW.S,長崎県,2463,GOTHIC,長崎県,0,,-
SINOBUZ,Quakes,0,,-,0,,-,1754,IIDX34,長崎県,3118,HF,長崎県,0,,-
SINOBUZ,RAIN,0,,-,1060,FUFUE.,長崎県,1710,LOW.S,長崎県,3228,HF,長崎県,0,,-
SINOBUZ,Rave Cannon,0,,-,771,HECA,長崎県,1771,LOW.S,長崎県,3267,GOTHIC,長崎県,0,,-
SINOBUZ,Remedy feat. Kanae Asaba,0,,-,682,MEROO,長崎県,1593,LOW.S,長崎県,2165,VEW,長崎県,0,,-
SINOBUZ,ROTTERDAM SHOGUN,497,GOLI,長崎県,1088,YY,長崎県,1603,CLUMSY,長崎県,2512,HEIPOP,長崎県,0,,-
SINOBUZ,SAMURAI-Scramble,0,,-,856,TTZK,長崎県,1559,ACBEXE,長崎県,2303,GOTHIC,長崎県,2471,P.,長崎県
SINOBUZ,Sarutobi Champion is 拙者,0,,-,758,TTZK,長崎県,1463,LOW.S,長崎県,2148,GOTHIC,長崎県,0,,-
SINOBUZ,SAY BAY,0,,-,700,HECA,長崎県,1429,LOW.S,長崎県,2771,GOTHIC,長崎県,0,,-
SINOBUZ,Seaside Labyrinth,0,,-,540,TTZK,長崎県,1101,*RINNE,長崎県,1755,TAU,長崎県,0,,-
SINOBUZ,Selfish Sweet,0,,-,0,,-,894,CLUMSY,長崎県,1649,SAYO**,長崎県,2528,GOTHIC,長崎県
SINOBUZ,SEQUENCE CAT,0,,-,0,,-,1906,...,長崎県,2695,HEIPOP,長崎県,0,,-
SINOBUZ,shuriken,0,,-,674,TTZK,長崎県,1055,RA*3,長崎県,2472,P.,長崎県,0,,-
SINOBUZ,SINOBUZ Fantasy,0,,-,899,TTZK,長崎県,1630,LOW.S,長崎県,2372,HEIPOP,長崎県,0,,-
SINOBUZ,Sky High,402,GOLI,長崎県,820,GUEST,長崎県,2218,RIV*,長崎県,3760,HF,長崎県,0,,-
SINOBUZ,Snakey Kung-fu,0,,-,1017,YY,長崎県,1906,KOU,長崎県,3386,VEW,長崎県,0,,-
SINOBUZ,Steel Edge,0,,-,789,TTZK,長崎県,1326,NUNDA,長崎県,3123,HF,長崎県,0,,-
SINOBUZ,Summerlights(IIDX Edition),0,,-,1033,OXALIS,長崎県,1795,LOW.S,長崎県,3063,VEW,長崎県,0,,-
SINOBUZ,Super Rush,0,,-,861,DAOS,長崎県,1826,LOW.S,長崎県,3454,JJS,長崎県,0,,-
SINOBUZ,Surf on the Light,0,,-,0,,-,1454,LOW.S,長崎県,2222,HF,長崎県,0,,-
SINOBUZ,The Commanders,0,,-,798,MKN35,長崎県,1417,YUSUKE,長崎県,2323,*AMIN*,長崎県,0,,-
SINOBUZ,TOGAKUSHI,0,,-,549,IIDX33,長崎県,1676,*RINNE,長崎県,2577,HF,長崎県,0,,-
SINOBUZ,Umbral,0,,-,254,GUNKYG,長崎県,756,ONAKO!,長崎県,1883,P.,長崎県,3015,HF,長崎県
SINOBUZ,Venom,0,,-,1069,GOLI,長崎県,1830,THE619,長崎県,3136,JJS,長崎県,0,,-
SINOBUZ,Vermilion,0,,-,0,,-,1011,HOTATE,長崎県,1911,GGSATO,長崎県,0,,-
SINOBUZ,Warrior,0,,-,0,,-,1260,NZN,長崎県,2312,LOW.S,長崎県,0,,-
SINOBUZ,XINOBIKILL,0,,-,892,NUNDA,長崎県,1695,LOW.S,長崎県,2780,P.,長崎県,0,,-
SINOBUZ,yamabiko (SINOBUZ Edition),0,,-,803,TTZK,長崎県,1374,KASUZU,長崎県,2576,JJS,長崎県,0,,-
SINOBUZ,Yellow Sketch(RX-Ver.S.P.L.),0,,-,0,,-,1722,LOW.S,長崎県,2656,LOW.S,長崎県,0,,-
SINOBUZ,〆,0,,-,741,MOON,長崎県,2171,LOW.S,長崎県,3615,GOTHIC,長崎県,0,,-
SINOBUZ,ちらちら・はらはら,0,,-,336,ROSE,長崎県,805,ALTAIL,長崎県,1411,SAYO**,長崎県,0,,-
SINOBUZ,イザナミノナゲキ,0,,-,716,MOON,長崎県,1918,LOW.S,長崎県,3189,HF,長崎県,0,,-
SINOBUZ,ディッシュウォッシャー◎彡おいわちゃん,0,,-,0,,-,1088,TTZK,長崎県,2467,GGSATO,長崎県,0,,-
SINOBUZ,九尾狐夜行,0,,-,701,TTZK,長崎県,1711,LOW.S,長崎県,2878,HF,長崎県,0,,-
SINOBUZ,冬椿 ft. Kanae Asaba,234,GOLI,長崎県,907,YOSHI.,長崎県,1167,YY,長崎県,2242,GUINAN,長崎県,2990,GOTHIC,長崎県
SINOBUZ,刃図羅,0,,-,1118,YY,長崎県,1852,T2UU,長崎県,3341,HF,長崎県,0,,-
SINOBUZ,忍恋花,0,,-,547,T4N.8,長崎県,1398,GAIA,長崎県,2203,STEAK,長崎県,0,,-
SINOBUZ,恋はどう？モロ◎波動OK☆方程式!!,0,,-,818,AYANE.,長崎県,1530,LOW.S,長崎県,2370,HEIPOP,長崎県,0,,-
SINOBUZ,月雪に舞う華のように,0,,-,490,-ROSA-,長崎県,957,IIDX33,長崎県,1994,TAU,長崎県,0,,-
SINOBUZ,次葉 -turn the page-,0,,-,709,TTZK,長崎県,1384,LOW.S,長崎県,1968,GOTHIC,長崎県,0,,-
SINOBUZ,津軽雪,0,,-,1411,YY,長崎県,2113,RIV*,長崎県,3757,HF,長崎県,0,,-
SINOBUZ,火影,0,,-,615,TTZK,長崎県,1338,LOW.S,長崎県,2593,PCFAXX,長崎県,0,,-
SINOBUZ,焔極OVERKILL,0,,-,971,LELEKA,長崎県,1940,Y.O,長崎県,3432,HF,長崎県,0,,-
SINOBUZ,獅子霞麗ノ舞,0,,-,439,TTZK,長崎県,1058,HINA**,長崎県,1666,SAYO**,長崎県,0,,-
SINOBUZ,禍根,0,,-,692,TTZK,長崎県,1317,LOW.S,長崎県,2441,JJS,長崎県,0,,-
SINOBUZ,童話回廊,0,,-,633,CYAN,長崎県,1607,LOW.S,長崎県,3009,HF,長崎県,0,,-
SINOBUZ,鴉,0,,-,1460,*RINNE,長崎県,2133,*RINNE,長崎県,2634,MOCCOS,長崎県,0,,-
CANNON BALLERS,1001 -ESCAPE-,0,,-,869,TTZK,長崎県,1647,LOW.S,長崎県,2549,HF,長崎県,0,,-
CANNON BALLERS,255,0,,-,808,NUNDA,長崎県,1547,LOW.S,長崎県,3227,GOTHIC,長崎県,0,,-
CANNON BALLERS,AA -rebuild-,0,,-,1173,YUSUKE,長崎県,1985,OXALIS,長崎県,3528,HF,長崎県,0,,-
CANNON BALLERS,Abraxas,0,,-,668,TTZK,長崎県,1567,RIV*,長崎県,2320,HF,長崎県,0,,-
CANNON BALLERS,ACCELERATE,0,,-,729,IIDX33,長崎県,1667,LOW.S,長崎県,2448,MOCCOS,長崎県,0,,-
CANNON BALLERS,Alpheratz,0,,-,295,2HI4RU,長崎県,906,AAA,長崎県,2062,MOCCOS,長崎県,2824,HF,長崎県
CANNON BALLERS,Amor De Verao,0,,-,436,VEX,長崎県,1376,LOW.S,長崎県,2236,HF,長崎県,0,,-
CANNON BALLERS,ANAGMA,0,,-,708,MINOR,長崎県,1749,LOW.S,長崎県,2303,UMING,長崎県,0,,-
CANNON BALLERS,ANCHOR,0,,-,1292,*RINNE,長崎県,2355,LUFT,長崎県,3441,HF,長崎県,0,,-
CANNON BALLERS,Antigravity,0,,-,977,YY,長崎県,1937,LUFT,長崎県,2954,HF,長崎県,0,,-
CANNON BALLERS,Arca,0,,-,628,IIDX33,長崎県,1832,LOW.S,長崎県,3060,HF,長崎県,0,,-
CANNON BALLERS,Around the Future,0,,-,680,MOON,長崎県,1642,LOW.S,長崎県,2536,HF,長崎県,0,,-
CANNON BALLERS,Back Spin Sweeper,0,,-,0,,-,1330,SHIURA,長崎県,2183,HF,長崎県,0,,-
CANNON BALLERS,Battleground,0,,-,817,MASU,長崎県,1789,LOW.S,長崎県,2617,HF,長崎県,0,,-
CANNON BALLERS,Be a Hero!,0,,-,529,MIKU,長崎県,1816,LOW.S,長崎県,2953,MOCCOS,長崎県,0,,-
CANNON BALLERS,Best of Me,0,,-,665,TAIRA,長崎県,1545,LOW.S,長崎県,2170,MOCCOS,長崎県,0,,-
CANNON BALLERS,Boomy and The Boost,386,GOLI,長崎県,1008,OXALIS,長崎県,1846,*RINNE,長崎県,3485,GOTHIC,長崎県,0,,-
CANNON BALLERS,Break Stasis,0,,-,1227,YY,長崎県,1841,LOW.S,長崎県,2352,LOW.S,長崎県,0,,-
CANNON BALLERS,ChaserXX,0,,-,540,YOKKA,長崎県,1806,LOW.S,長崎県,2635,HEIPOP,長崎県,3747,GOTHIC,長崎県
CANNON BALLERS,Chemical Cookie,0,,-,680,RE1SEN,長崎県,1410,LOW.S,長崎県,1961,LOW.S,長崎県,0,,-
CANNON BALLERS,City Never Sleeps (IIDX Edition),0,,-,1204,*RINNE,長崎県,1818,LOW.S,長崎県,2560,MOCCOS,長崎県,0,,-
CANNON BALLERS,COSMIC☆WONDER☆REVOLUTION,0,,-,0,,-,1076,TTZK,長崎県,2073,P.,長崎県,0,,-
CANNON BALLERS,DEADHEAT,0,,-,935,NZN,長崎県,1835,*RINNE,長崎県,3219,HF,長崎県,0,,-
CANNON BALLERS,DEATH†ZIGOQ ～怒りの高速爆走野郎～,0,,-,1337,*RINNE,長崎県,2111,IIDX34,長崎県,3893,VEW,長崎県,4389,HF,長崎県
CANNON BALLERS,DropZ-Line-,0,,-,1009,AAA,長崎県,1714,SLIVER,長崎県,3019,GOTHIC,長崎県,0,,-
CANNON BALLERS,Eine Haube ～聖地の果てにあるもの～,0,,-,844,TTZK,長崎県,1398,LOW.S,長崎県,2465,VEW,長崎県,0,,-
CANNON BALLERS,EMERALDAS,460,GOLI,長崎県,1259,*RINNE,長崎県,2330,GGSATO,長崎県,3367,VEW,長崎県,0,,-
CANNON BALLERS,encounter,0,,-,853,TTZK,長崎県,1719,LOW.S,長崎県,3157,HF,長崎県,0,,-
CANNON BALLERS,Exhaust Hype,0,,-,0,,-,1899,LOW.S,長崎県,2782,GOTHIC,長崎県,0,,-
CANNON BALLERS,Expanded !!,0,,-,625,TTZK,長崎県,1494,LOW.S,長崎県,2539,K.FLAN,長崎県,0,,-
CANNON BALLERS,Fervidex,0,,-,818,YY,長崎県,1767,LOW.S,長崎県,2670,MOCCOS,長崎県,0,,-
CANNON BALLERS,FREEDOM,0,,-,672,HECA,長崎県,1610,LOW.S,長崎県,2771,MOCCOS,長崎県,0,,-
CANNON BALLERS,From Time To Time,0,,-,0,,-,1854,LOW.S,長崎県,2211,KANI,長崎県,0,,-
CANNON BALLERS,FUTURE is Dead,0,,-,0,,-,1460,LOW.S,長崎県,2121,GGSATO,長崎県,0,,-
CANNON BALLERS,Get Up! feat. Kanae Asaba,0,,-,374,SWEL,長崎県,1130,NAGO,長崎県,1860,GOTHIC,長崎県,0,,-
CANNON BALLERS,HAT TRICK,0,,-,677,TTZK,長崎県,1400,LOW.S,長崎県,2183,P.,長崎県,0,,-
CANNON BALLERS,Hella Deep,0,,-,332,YOUYOU,長崎県,936,RA*3,長崎県,1716,GGSATO,長崎県,0,,-
CANNON BALLERS,HYPE THE CORE,0,,-,564,MASU,長崎県,1865,SHIURA,長崎県,2932,GOTHIC,長崎県,0,,-
CANNON BALLERS,I Love You,0,,-,0,,-,1788,LOW.S,長崎県,2648,MOCCOS,長崎県,0,,-
CANNON BALLERS,Illusionary Waterlily,0,,-,1101,MATS*,長崎県,1989,RIV*,長崎県,3398,HF,長崎県,0,,-
CANNON BALLERS,Initiation,586,GOLI,長崎県,1389,*RINNE,長崎県,2283,LUFT,長崎県,3804,VEW,長崎県,0,,-
CANNON BALLERS,"Life Is A Game ft.DD""ナカタ""Metal",0,,-,1127,MATS*,長崎県,1633,KAGERO,長崎県,3377,GOTHIC,長崎県,0,,-
CANNON BALLERS,LUV DRIVE,0,,-,0,,-,1238,YUSUKE,長崎県,2071,LUFT,長崎県,0,,-
CANNON BALLERS,MAXIVCORD,0,,-,574,IIDX33,長崎県,1395,LOW.S,長崎県,2437,GOTHIC,長崎県,0,,-
CANNON BALLERS,Midnight Lady,0,,-,561,LELEKA,長崎県,0,,-,1881,VEW,長崎県,0,,-
CANNON BALLERS,n'pa pa BBQ,0,,-,809,FUTABA,長崎県,1690,LOW.S,長崎県,2722,STEAK,長崎県,0,,-
CANNON BALLERS,NITROUS CANNON,0,,-,872,NQRSE,長崎県,1812,SLIVER,長崎県,3474,HF,長崎県,0,,-
CANNON BALLERS,No Limit 2 dAnce feat. 大山愛未,0,,-,0,,-,1503,LOW.S,長崎県,2296,HEIPOP,長崎県,0,,-
CANNON BALLERS,Nothing but Theory,0,,-,718,MOON,長崎県,1337,!,長崎県,2806,P.,長崎県,3690,GOTHIC,長崎県
CANNON BALLERS,O/D*20,0,,-,0,,-,1606,SHIURA,長崎県,2109,KANI,長崎県,3743,HF,長崎県
CANNON BALLERS,Only for now,0,,-,0,,-,1529,LOW.S,長崎県,2203,LUFT,長崎県,0,,-
CANNON BALLERS,Papilio ulysses,0,,-,1137,*RINNE,長崎県,1852,N-P!*,長崎県,2813,VEW,長崎県,0,,-
CANNON BALLERS,Persephone,0,,-,1005,AAA,長崎県,1884,LOW.S,長崎県,2857,P.,長崎県,0,,-
CANNON BALLERS,Rampage,0,,-,1259,SLIVER,長崎県,2367,F-REO,長崎県,3577,GOTHIC,長崎県,0,,-
CANNON BALLERS,Raspberry Railgun,0,,-,1150,NUNDA,長崎県,1955,114514,長崎県,3072,HF,長崎県,0,,-
CANNON BALLERS,REVOLVER,0,,-,677,GUEST,長崎県,1376,OXALIS,長崎県,2492,GGSATO,長崎県,3183,HF,長崎県
CANNON BALLERS,Sleepless days,0,,-,453,GOLI,長崎県,886,HINA**,長崎県,1576,P.,長崎県,0,,-
CANNON BALLERS,Slipstream,0,,-,787,IIDX33,長崎県,1945,LOW.S,長崎県,3425,HF,長崎県,0,,-
CANNON BALLERS,SPEED DEMON,0,,-,647,TTZK,長崎県,1404,LOW.S,長崎県,2281,HF,長崎県,0,,-
CANNON BALLERS,STARLIGHT JUNCTION,0,,-,661,MOON,長崎県,1393,YUSUKE,長崎県,2195,MOOON*,長崎県,2812,P.,長崎県
CANNON BALLERS,Static State,0,,-,721,MASU,長崎県,1732,LOW.S,長崎県,2222,MOCCOS,長崎県,0,,-
CANNON BALLERS,Temple of Anubis,0,,-,771,HECA,長崎県,1278,TERA,長崎県,2532,P.,長崎県,0,,-
CANNON BALLERS,THE CANNONBALLER,464,NUNDA,長崎県,1249,TKNITK,長崎県,2059,ROY#,長崎県,3387,GOTHIC,長崎県,0,,-
CANNON BALLERS,The Chase,0,,-,576,TTZK,長崎県,1323,HEIPOP,長崎県,2051,GOTHIC,長崎県,0,,-
CANNON BALLERS,UMMU,407,GOLI,長崎県,691,TAIRA,長崎県,2017,LUFT,長崎県,2919,MOCCOS,長崎県,0,,-
CANNON BALLERS,Usual Days-remix,0,,-,638,0375*,長崎県,1416,LOW.S,長崎県,2608,VEW,長崎県,0,,-
CANNON BALLERS,Xperanza,495,GOLI,長崎県,1328,*RINNE,長崎県,2247,*RINNE,長崎県,3071,HF,長崎県,0,,-
CANNON BALLERS,うさ☆かめ 大戦争！,0,,-,0,,-,1120,NUNDA,長崎県,2490,GOTHIC,長崎県,0,,-
CANNON BALLERS,エディブルフラワーの独白,0,,-,743,TTZK,長崎県,1369,NUNDA,長崎県,2157,P.,長崎県,0,,-
CANNON BALLERS,シムルグの目醒め,0,,-,1327,YUSUKE,長崎県,2032,RIV*,長崎県,3409,VEW,長崎県,0,,-
CANNON BALLERS,ナイトシティー・アヴァンチュール,0,,-,808,TANK,長崎県,1418,YY,長崎県,2074,P.,長崎県,0,,-
CANNON BALLERS,ハイ*ビスカス ft. Kanae Asaba,0,,-,832,YOSHI.,長崎県,1389,YY,長崎県,2379,GOTHIC,長崎県,0,,-
CANNON BALLERS,バ→ビ→ブ→Bomb!,0,,-,631,HECA,長崎県,1744,LOW.S,長崎県,2497,GOTHIC,長崎県,0,,-
CANNON BALLERS,バスルーム ロマンス,0,,-,775,TTZK,長崎県,1148,NZN,長崎県,2355,P.,長崎県,0,,-
CANNON BALLERS,パラドキシカル・タイムリープトライアル(Short Ver.),0,,-,0,,-,1861,LOW.S,長崎県,2555,LUFT,長崎県,0,,-
CANNON BALLERS,ラストセンチュリーメランコリック,0,,-,0,,-,1108,KOH-09,長崎県,2127,HF,長崎県,0,,-
CANNON BALLERS,共犯ヘヴンズコード,0,,-,0,,-,1003,TTZK,長崎県,2199,GOTHIC,長崎県,0,,-
CANNON BALLERS,命の標本,0,,-,460,SAKAKI,長崎県,1439,YUSUKE,長崎県,2623,GOTHIC,長崎県,0,,-
CANNON BALLERS,東京神話,428,GOLI,長崎県,979,YY,長崎県,1694,LOW.S,長崎県,2721,GOTHIC,長崎県,0,,-
CANNON BALLERS,神謳 -RESONANCE-,0,,-,1343,*RINNE,長崎県,2285,*RINNE,長崎県,3945,HF,長崎県,0,,-
CANNON BALLERS,純真可憐デザイア,229,GOLI,長崎県,735,IIDX33,長崎県,1600,LOW.S,長崎県,2324,P.,長崎県,2921,GOTHIC,長崎県
CANNON BALLERS,草原の王女-軌跡を辿って-,0,,-,579,TTZK,長崎県,1193,SAYO**,長崎県,2273,GOTHIC,長崎県,0,,-
Rootage,& Intelligence,0,,-,0,,-,2041,LOW.S,長崎県,3073,PCFAXX,長崎県,0,,-
Rootage,50th Memorial Songs -Beginning Story-,296,GOLI,長崎県,0,,-,1632,LOW.S,長崎県,2586,HEIPOP,長崎県,0,,-
Rootage,50th Memorial Songs -Flagship medley-,347,T2UU,長崎県,541,NUNDA,長崎県,1332,OXALIS,長崎県,2102,GGSATO,長崎県,0,,-
Rootage,50th Memorial Songs -The BEMANI History-,490,GOLI,長崎県,872,TTZK,長崎県,1591,LOW.S,長崎県,2549,HF,長崎県,0,,-
Rootage,50th Memorial Songs -二人の時 ～under the cherry blossoms～-,502,GOLI,長崎県,1118,NUNDA,長崎県,1571,SHIURA,長崎県,2564,P.,長崎県,0,,-
Rootage,Afterimage d'automne,0,,-,943,NAGO,長崎県,1639,LOW.S,長崎県,2700,HF,長崎県,0,,-
Rootage,BLACK JACKAL,0,,-,790,NUNDA,長崎県,1559,LOW.S,長崎県,2251,GGSATO,長崎県,0,,-
Rootage,BLOSSOM,0,,-,983,NUNDA,長崎県,1602,LOW.S,長崎県,2493,VEW,長崎県,0,,-
Rootage,Carmina,452,GOLI,長崎県,1086,YUSUKE,長崎県,2321,LUFT,長崎県,3587,VEW,長崎県,0,,-
Rootage,Carry Me Away,477,GOLI,長崎県,1063,*RINNE,長崎県,1754,LOW.S,長崎県,3109,VEW,長崎県,0,,-
Rootage,Catch Our Fire!,0,,-,1192,NUNDA,長崎県,1979,SHIURA,長崎県,3565,HF,長崎県,0,,-
Rootage,CODE:0,0,,-,729,TANK,長崎県,2086,LOW.S,長崎県,2683,GGSATO,長崎県,3175,HF,長崎県
Rootage,CoMAAAAAAA,0,,-,1152,OXALIS,長崎県,1995,LOW.S,長崎県,2221,SIGNUM,長崎県,3760,GOTHIC,長崎県
Rootage,COSMIC CYBER,0,,-,0,,-,1653,LOW.S,長崎県,2871,VEW,長崎県,0,,-
Rootage,Cranberry City ft. Luschel,0,,-,655,MILLE,長崎県,1549,LOW.S,長崎県,2304,MOCCOS,長崎県,0,,-
Rootage,dAuntl3ss,0,,-,1031,YUSUKE,長崎県,1896,T41K1N,長崎県,3420,HF,長崎県,0,,-
Rootage,Dr. Chemical & Killing Machine,0,,-,0,,-,1835,LOW.S,長崎県,3317,HF,長崎県,0,,-
Rootage,Drastic Dramatic,0,,-,1122,TKNITK,長崎県,2258,LUFT,長崎県,3443,VEW,長崎県,0,,-
Rootage,DRUNK MONKY,0,,-,803,MATS*,長崎県,1421,SHIURA,長崎県,2245,HF,長崎県,0,,-
Rootage,Ember Lights,0,,-,828,MATS*,長崎県,1560,LOW.S,長崎県,2659,HF,長崎県,3048,HF,長崎県
Rootage,EVANESCENT,0,,-,822,YOKKA,長崎県,2126,RIV*,長崎県,3541,HF,長崎県,0,,-
Rootage,Garuda,0,,-,323,SOSUKE,長崎県,1569,LOW.S,長崎県,2434,MOCCOS,長崎県,0,,-
Rootage,Geirskögul,0,,-,1007,NUNDA,長崎県,1543,LOW.S,長崎県,2119,LUFT,長崎県,0,,-
Rootage,GENE,0,,-,1102,*RINNE,長崎県,1829,RIV*,長崎県,4259,HF,長崎県,3399,GOTHIC,長崎県
Rootage,GIGA THRASH,0,,-,1019,TTZK,長崎県,1810,LOW.S,長崎県,2518,LUFT,長崎県,0,,-
Rootage,Glory,0,,-,0,,-,1486,CLUMSY,長崎県,2157,MOOON*,長崎県,0,,-
Rootage,GO OVER WITH GLARE -ROOTAGE 26-,0,,-,801,IIDX33,長崎県,2248,STEAK,長崎県,3865,GOTHIC,長崎県,0,,-
Rootage,HARD BRAIN,0,,-,1250,YUSUKE,長崎県,1945,LOW.S,長崎県,3737,HF,長崎県,0,,-
Rootage,HEISEI,350,NUNDA,長崎県,1056,FUFUE.,長崎県,1903,S.MAYU,長崎県,2504,VEW,長崎県,0,,-
Rootage,Hurry Hurry,0,,-,633,TTZK,長崎県,970,CLUMSY,長崎県,2057,HEIPOP,長崎県,0,,-
Rootage,IDC feat.REVERBEE (Mo'Cuts Ver),0,,-,894,AAA,長崎県,1461,SHIURA,長崎県,2083,HEIPOP,長崎県,0,,-
Rootage,IDOL syndrome.,0,,-,682,TTZK,長崎県,1213,40KATA,長崎県,2139,KUMA..,長崎県,2958,HF,長崎県
Rootage,KILL EACH OTHER,0,,-,1331,*RINNE,長崎県,2299,LUFT,長崎県,3747,VEW,長崎県,0,,-
Rootage,L.F.O,0,,-,0,,-,1708,LOW.S,長崎県,3219,HF,長崎県,0,,-
Rootage,LADYBIRD,0,,-,989,*RINNE,長崎県,1566,LOW.S,長崎県,2378,MOCCOS,長崎県,0,,-
Rootage,Let me be your cure,0,,-,1037,NUNDA,長崎県,1368,YUSUKE,長崎県,2654,P.,長崎県,0,,-
Rootage,Lethal Weapon,0,,-,789,MOON,長崎県,1884,KANI,長崎県,3100,HF,長崎県,0,,-
Rootage,Level One,0,,-,625,R.S-05,長崎県,2184,SAYO**,長崎県,3378,VEW,長崎県,0,,-
Rootage,Lift Us High,0,,-,816,TTZK,長崎県,1529,LOW.S,長崎県,2371,MOCCOS,長崎県,0,,-
Rootage,LOST TECHNOLOGIE,0,,-,809,FUKU,長崎県,1843,LOW.S,長崎県,3305,P.,長崎県,0,,-
Rootage,Macho Monky,0,,-,1097,GOLI,長崎県,1962,RIV*,長崎県,2881,PCFAXX,長崎県,0,,-
Rootage,Necroxis Girl,0,,-,1042,FUFUE.,長崎県,1799,LOW.S,長崎県,2725,GOTHIC,長崎県,0,,-
Rootage,"Next Tales 2 Oath (IIDX 20th Anniv ""Ring"" Theme)",0,,-,722,GOLI,長崎県,1593,LOW.S,長崎県,2702,HF,長崎県,0,,-
Rootage,Night! Night! Night!,0,,-,1124,FUFUE.,長崎県,1705,LOW.S,長崎県,2949,VEW,長崎県,0,,-
Rootage,ONIGOROSHI,0,,-,1136,YY,長崎県,1993,SHIURA,長崎県,2872,HF,長崎県,0,,-
Rootage,OVER TIME,0,,-,384,AMANE#,長崎県,756,HECA,長崎県,1520,PURYA*,長崎県,2005,GOTHIC,長崎県
Rootage,Painful Fate,0,,-,1186,*RINNE,長崎県,2103,LUFT,長崎県,3257,VEW,長崎県,0,,-
Rootage,Playing With Fire,0,,-,785,TTZK,長崎県,1550,LOW.S,長崎県,2301,HF,長崎県,0,,-
Rootage,Psycho Sheep Riddim,0,,-,568,TTZK,長崎県,922,*RINNE,長崎県,1565,SAYO**,長崎県,2177,SR.,長崎県
Rootage,Red. by Jack Trance,0,,-,1450,SAYO**,長崎県,1944,ACBEXE,長崎県,3401,PCFAXX,長崎県,0,,-
Rootage,REPLAY,0,,-,793,NUNDA,長崎県,1282,AOI*,長崎県,2115,TAU,長崎県,0,,-
Rootage,ROCK女 feat. 大山愛未， Ken,0,,-,844,NZN,長崎県,1725,SG2.,長崎県,2699,GOTHIC,長崎県,0,,-
Rootage,ruin of opals,0,,-,554,AMANOB,長崎県,1801,SAYO**,長崎県,3093,HF,長崎県,0,,-
Rootage,R∞tAge,469,GOLI,長崎県,745,TANK,長崎県,1429,*RINNE,長崎県,2939,GOTHIC,長崎県,0,,-
Rootage,SPEED ROCKER,0,,-,455,IIDX33,長崎県,1658,LOW.S,長崎県,2132,S.MAYU,長崎県,0,,-
Rootage,Technicolour Dreams,0,,-,0,,-,1300,YUSUKE,長崎県,2106,THE619,長崎県,0,,-
Rootage,The Best of Both Worlds,0,,-,0,,-,1345,SHIURA,長崎県,2166,VEW,長崎県,0,,-
Rootage,THE DAY OF JUBILATIONS,0,,-,1130,TTZK,長崎県,2103,*RINNE,長崎県,3345,GOTHIC,長崎県,0,,-
Rootage,The Rebellion of Sequencer,0,,-,1151,YY,長崎県,1562,AOI*,長崎県,2981,HF,長崎県,0,,-
Rootage,toy boxer,0,,-,724,NUNDA,長崎県,1396,LOW.S,長崎県,2200,GOTHIC,長崎県,0,,-
Rootage,ToyCube Pf.(RX-Ver.S.P.L.),0,,-,290,GUNKYG,長崎県,0,,-,2244,HEIPOP,長崎県,0,,-
Rootage,Trill auf G,0,,-,957,TTZK,長崎県,1818,F-REO,長崎県,3162,GOTHIC,長崎県,0,,-
Rootage,Twilight Warp,0,,-,415,A,長崎県,741,NQRSE,長崎県,2022,SAYO**,長崎県,0,,-
Rootage,Unbelief,0,,-,560,TTZK,長崎県,1841,F-REO,長崎県,3044,HF,長崎県,0,,-
Rootage,UNDERWORLD HOLOGRAPHY,0,,-,0,,-,1991,LOW.S,長崎県,3216,GOTHIC,長崎県,0,,-
Rootage,Urban Constellations,0,,-,0,,-,1009,MIRAAA,長崎県,2160,GGSATO,長崎県,3284,HF,長崎県
Rootage,Visterhv,0,,-,1212,YY,長崎県,1954,IIDX34,長崎県,3626,HF,長崎県,0,,-
Rootage,voltississimo,0,,-,948,TTZK,長崎県,1789,!,長崎県,3489,HF,長崎県,0,,-
Rootage,Wing of Hearts,0,,-,963,GOLI,長崎県,1700,*RINNE,長崎県,2905,MOCCOS,長崎県,0,,-
Rootage,Wolf 1061,0,,-,935,NUNDA,長崎県,1610,*RINNE,長崎県,3059,VEW,長崎県,0,,-
Rootage,Wonderland,0,,-,967,NUNDA,長崎県,1806,LOW.S,長崎県,2710,STEAK,長崎県,0,,-
Rootage,X-DEN,0,,-,1609,LOW.S,長崎県,2595,GGSATO,長崎県,3676,HF,長崎県,0,,-
Rootage,XENON II ～TOMOYUKIの野望～,0,,-,958,GOLI,長崎県,1556,GAIA,長崎県,2926,VEW,長崎県,0,,-
Rootage,Xlo,0,,-,1388,*RINNE,長崎県,2372,HEIPOP,長崎県,3605,VEW,長崎県,0,,-
Rootage,Yum Yum Jelly,0,,-,0,,-,1510,LOW.S,長崎県,2327,GOTHIC,長崎県,0,,-
Rootage,ZENDEGI DANCE,0,,-,979,TTZK,長崎県,1746,LOW.S,長崎県,2699,JJS,長崎県,0,,-
Rootage,おーまい！らぶりー！すうぃーてぃ！だーりん！,0,,-,992,NUNDA,長崎県,1907,LOW.S,長崎県,2835,GOTHIC,長崎県,0,,-
Rootage,お菓子の王国,0,,-,1261,NUNDA,長崎県,2033,ACBEXE,長崎県,3928,GOTHIC,長崎県,0,,-
Rootage,グラナダの風,0,,-,669,TTZK,長崎県,1099,KASUZU,長崎県,1778,GGSATO,長崎県,0,,-
Rootage,セカンドピアス,0,,-,382,IIDX33,長崎県,1071,HINA**,長崎県,2004,GOTHIC,長崎県,0,,-
Rootage,ハードベース・フェスタ,0,,-,1073,YY,長崎県,1762,LOW.S,長崎県,2798,P.,長崎県,0,,-
Rootage,ミストレス・アンに花束を,0,,-,511,NUNDA,長崎県,805,GOLI,長崎県,1384,GOTHIC,長崎県,0,,-
Rootage,ミッドナイト☆WAR,0,,-,720,MEROO,長崎県,1555,LOW.S,長崎県,2459,GOTHIC,長崎県,0,,-
Rootage,夏の匂い。キミの残像。 ft. Kanae Asaba,0,,-,643,YOSHI.,長崎県,1539,LOW.S,長崎県,2527,GOTHIC,長崎県,0,,-
Rootage,抱きしめてモナムール,0,,-,1080,TTZK,長崎県,2087,*RINNE,長崎県,4040,HF,長崎県,0,,-
Rootage,最小三倍完全数,0,,-,787,TTZK,長崎県,1721,LOW.S,長崎県,2485,HF,長崎県,0,,-
Rootage,泰東ノ翠霞,0,,-,0,,-,611,YY,長崎県,1706,GOTHIC,長崎県,0,,-
Rootage,深愛のリグレット,0,,-,621,YURI,長崎県,1185,SAYO**,長崎県,2374,GOTHIC,長崎県,0,,-
Rootage,爆ゼニ☆がってんワーカー,0,,-,992,YY,長崎県,1819,LOW.S,長崎県,2483,LOW.S,長崎県,0,,-
Rootage,花冠 feat.Aikapin,0,,-,699,IIDX33,長崎県,1641,LOW.S,長崎県,2525,GOTHIC,長崎県,0,,-
Rootage,金野火織の金色提言,0,,-,1194,YY,長崎県,2061,SHIURA,長崎県,3029,GOTHIC,長崎県,0,,-
Rootage,龍王の霊廟(Mausoleum Of The Primal Dragon),0,,-,1047,YY,長崎県,2091,SIGNUM,長崎県,3157,HF,長崎県,3923,HF,長崎県
HEROIC VERSE,27th style,0,,-,978,LELEKA,長崎県,1715,LOW.S,長崎県,2447,PCFAXX,長崎県,2870,HF,長崎県
HEROIC VERSE,Advent Infamous,0,,-,942,NUNDA,長崎県,1590,LOW.S,長崎県,2720,HEIPOP,長崎県,0,,-
HEROIC VERSE,AKASHIC BREAK,0,,-,1174,YY,長崎県,2275,RIV*,長崎県,3476,HF,長崎県,0,,-
HEROIC VERSE,And-RoiD,0,,-,628,LIZ*,長崎県,1239,!,長崎県,1968,HEIPOP,長崎県,0,,-
HEROIC VERSE,Artist,0,,-,1230,*RINNE,長崎県,2264,LUFT,長崎県,3468,HF,長崎県,0,,-
HEROIC VERSE,Backyard Stars,0,,-,832,GOLI,長崎県,1559,LOW.S,長崎県,2163,GOTHIC,長崎県,0,,-
HEROIC VERSE,BEAT PRISONER,0,,-,970,GOLI,長崎県,1981,LOW.S,長崎県,3542,GOTHIC,長崎県,0,,-
HEROIC VERSE,beatAffection,0,,-,855,TTZK,長崎県,1512,LOW.S,長崎県,2619,P.,長崎県,0,,-
HEROIC VERSE,Beautiful Harmony (IIDX Mix),0,,-,830,NUNDA,長崎県,1691,LOW.S,長崎県,2414,VEW,長崎県,0,,-
HEROIC VERSE,Bow shock!!,0,,-,773,MIGITE,長崎県,1899,LOW.S,長崎県,3022,PCFAXX,長崎県,4118,GOTHIC,長崎県
HEROIC VERSE,Calvados Queen,0,,-,774,TKNITK,長崎県,1467,LOW.S,長崎県,2393,GOTHIC,長崎県,0,,-
HEROIC VERSE,Change Yourself,0,,-,845,NUNDA,長崎県,1658,LOW.S,長崎県,2472,VEW,長崎県,0,,-
HEROIC VERSE,Crank It,0,,-,631,TTZK,長崎県,1345,YY,長崎県,2421,P.,長崎県,0,,-
HEROIC VERSE,Dans la nuit de l'eternite,0,,-,1202,YY,長崎県,2087,LOW.S,長崎県,3316,HF,長崎県,0,,-
HEROIC VERSE,Do What You Want,0,,-,471,KEN!,長崎県,972,AAA,長崎県,1947,MOCCOS,長崎県,0,,-
HEROIC VERSE,Double Dribble,0,,-,1013,GOLI,長崎県,1755,GAIA,長崎県,3211,PCFAXX,長崎県,0,,-
HEROIC VERSE,EROICA,0,,-,1304,OXALIS,長崎県,2256,MOCCOS,長崎県,3729,HF,長崎県,0,,-
HEROIC VERSE,Everlasting Message,0,,-,1168,*RINNE,長崎県,2189,LOW.S,長崎県,3540,HF,長崎県,0,,-
HEROIC VERSE,fairy cocktail,0,,-,418,NUNDA,長崎県,816,GOLI,長崎県,1604,HEIPOP,長崎県,0,,-
HEROIC VERSE,Fly Above (Vicissitude Remix),0,,-,0,,-,1375,IIDX34,長崎県,2325,MOCCOS,長崎県,0,,-
HEROIC VERSE,Forgetting Machine,0,,-,595,GOLI,長崎県,1224,LOW.S,長崎県,1678,MOCCOS,長崎県,0,,-
HEROIC VERSE,Friction[!]Function,0,,-,858,TRI,長崎県,1718,LOW.S,長崎県,3085,HF,長崎県,0,,-
HEROIC VERSE,GHOST,0,,-,700,NUNDA,長崎県,1446,LOW.S,長崎県,2476,GGSATO,長崎県,0,,-
HEROIC VERSE,GIGA VIOLATE,0,,-,859,TTZK,長崎県,1588,LOW.S,長崎県,2673,PCFAXX,長崎県,0,,-
HEROIC VERSE,Hold My Hand,0,,-,599,GOLI,長崎県,1624,LOW.S,長崎県,2438,MOCCOS,長崎県,0,,-
HEROIC VERSE,Hyper Drive feat. ぷにぷに電機,0,,-,611,NUNDA,長崎県,1364,YY,長崎県,1907,GGSATO,長崎県,0,,-
HEROIC VERSE,If,0,,-,630,GOLI,長崎県,1293,LOW.S,長崎県,1748,LUFT,長崎県,0,,-
HEROIC VERSE,Inferno of Fomalhaut,0,,-,835,GOLI,長崎県,1716,SHIURA,長崎県,2920,HF,長崎県,0,,-
HEROIC VERSE,Infinity Mirror,0,,-,718,GOLI,長崎県,1365,LOW.S,長崎県,2229,P.,長崎県,0,,-
HEROIC VERSE,Into The Madness,0,,-,892,NUNDA,長崎県,1497,LOW.S,長崎県,2497,GOTHIC,長崎県,0,,-
HEROIC VERSE,LASER CRUSTER (IGNITE REMIX),0,,-,356,VEX,長崎県,1649,LOW.S,長崎県,3439,VEW,長崎県,0,,-
HEROIC VERSE,Level 2,0,,-,915,SAYO**,長崎県,1618,MOCCOS,長崎県,2716,GOTHIC,長崎県,0,,-
HEROIC VERSE,LIGHTNING STRIKES,424,GOLI,長崎県,781,GOLI,長崎県,1578,LOW.S,長崎県,3185,HF,長崎県,4070,VEW,長崎県
HEROIC VERSE,Like+it!,0,,-,1001,MER,長崎県,1621,LOW.S,長崎県,2339,VEW,長崎県,0,,-
HEROIC VERSE,Lords Of The Roundtable,0,,-,1055,SAYO**,長崎県,1749,S.MAYU,長崎県,2838,VEW,長崎県,0,,-
HEROIC VERSE,Lost Souls,0,,-,455,INUKI*,長崎県,1631,LOW.S,長崎県,2344,MOCCOS,長崎県,3771,VEW,長崎県
HEROIC VERSE,Matt Silver,0,,-,1012,YY,長崎県,2073,LOW.S,長崎県,3291,HF,長崎県,0,,-
HEROIC VERSE,Megalara Garuda,0,,-,1338,*RINNE,長崎県,1822,LUFT,長崎県,2997,HF,長崎県,0,,-
HEROIC VERSE,Mel,0,,-,0,,-,1410,CLUMSY,長崎県,2161,GOTHIC,長崎県,2691,PCFAXX,長崎県
HEROIC VERSE,Moving on,0,,-,833,GOLI,長崎県,1864,LOW.S,長崎県,2940,HF,長崎県,0,,-
HEROIC VERSE,Nasty Techniques,0,,-,962,MOCCOS,長崎県,1627,LOW.S,長崎県,2579,VEW,長崎県,0,,-
HEROIC VERSE,NEWALONE,0,,-,559,NUNDA,長崎県,973,GOLI,長崎県,1970,GGSATO,長崎県,0,,-
HEROIC VERSE,ORCA,0,,-,1191,*RINNE,長崎県,1894,AOI*,長崎県,3309,HF,長崎県,0,,-
HEROIC VERSE,OUTER PLANETS,0,,-,0,,-,1064,TTZK,長崎県,2042,TAU,長崎県,0,,-
HEROIC VERSE,Override,0,,-,886,NUNDA,長崎県,1551,LOW.S,長崎県,2749,HEIPOP,長崎県,4186,VEW,長崎県
HEROIC VERSE,PHASE SHIFT MANEUVER,0,,-,858,GOLI,長崎県,1643,LOW.S,長崎県,2783,VEW,長崎県,0,,-
HEROIC VERSE,Primitive Vibes,518,GOLI,長崎県,860,GOLI,長崎県,1820,SLIVER,長崎県,3003,HF,長崎県,0,,-
HEROIC VERSE,Queen Kaguya,0,,-,840,TTZK,長崎県,1819,LOW.S,長崎県,2509,GGSATO,長崎県,0,,-
HEROIC VERSE,Rainstorm,0,,-,752,GOLI,長崎県,1194,RA*3,長崎県,2174,VEW,長崎県,0,,-
HEROIC VERSE,Rave Patroller,0,,-,1045,NZN,長崎県,2087,KASUMI,長崎県,3322,HF,長崎県,0,,-
HEROIC VERSE,rough percussionythm,0,,-,851,GOLI,長崎県,1580,LOW.S,長崎県,2436,GOTHIC,長崎県,0,,-
HEROIC VERSE,S!ck (Nhato Remix),0,,-,943,YOSHI.,長崎県,1566,LOW.S,長崎県,2484,HF,長崎県,0,,-
HEROIC VERSE,SCREW // owo // SCREW,0,,-,1034,YY,長崎県,2018,SHIURA,長崎県,2810,GGSATO,長崎県,0,,-
HEROIC VERSE,Shiva,0,,-,663,NUNDA,長崎県,1277,RA*3,長崎県,2078,GGSATO,長崎県,0,,-
HEROIC VERSE,Silly Love,235,GOLI,長崎県,691,TARO,長崎県,1191,SLIVER,長崎県,2042,GOTHIC,長崎県,0,,-
HEROIC VERSE,Ska-sh All Neurons!!,0,,-,698,MIKU,長崎県,1071,RE1SEN,長崎県,2283,P.,長崎県,0,,-
HEROIC VERSE,Smashing Wedge,0,,-,801,GOLI,長崎県,1880,IIDX34,長崎県,3657,VEW,長崎県,0,,-
HEROIC VERSE,Sparkle Smilin',0,,-,0,,-,1458,LOW.S,長崎県,2374,MOCCOS,長崎県,0,,-
HEROIC VERSE,STOIC HYPOTHESIS,0,,-,1013,NUNDA,長崎県,1735,LOW.S,長崎県,2781,GOTHIC,長崎県,0,,-
HEROIC VERSE,Sugar Drippin',0,,-,241,.75,長崎県,1101,GOLI,長崎県,1980,SAYO**,長崎県,0,,-
HEROIC VERSE,T-REX vs Velociraptor (In the Far east euphoria),0,,-,1219,YY,長崎県,1742,LOW.S,長崎県,3080,HF,長崎県,0,,-
HEROIC VERSE,take me higher,0,,-,701,GOLI,長崎県,1147,YY,長崎県,1823,SAYO**,長崎県,0,,-
HEROIC VERSE,TECHNO Style Essentials,0,,-,780,GOLI,長崎県,1540,LOW.S,長崎県,2740,HF,長崎県,0,,-
HEROIC VERSE,THE BRAVE MUST DIE,0,,-,840,YOKKA,長崎県,2315,LUFT,長崎県,3906,GOTHIC,長崎県,0,,-
HEROIC VERSE,THE F∀UST,0,,-,913,NZN,長崎県,2008,Y.O,長崎県,3471,HF,長崎県,0,,-
HEROIC VERSE,The Sky of Sadness,0,,-,751,GOLI,長崎県,1469,LOW.S,長崎県,2225,LOW.S,長崎県,0,,-
HEROIC VERSE,Theory,0,,-,656,GOLI,長崎県,1373,LOW.S,長崎県,2482,HF,長崎県,0,,-
HEROIC VERSE,TRIUMPH,0,,-,852,FUFUE.,長崎県,1927,LOW.S,長崎県,3235,MOCCOS,長崎県,0,,-
HEROIC VERSE,UNITE THE HEART,0,,-,1397,*RINNE,長崎県,2460,LUFT,長崎県,3270,GOTHIC,長崎県,0,,-
HEROIC VERSE,VALKYRIAS -英雄誕生-,427,GOLI,長崎県,960,FUFUE.,長崎県,1589,*RINNE,長崎県,2715,JJS,長崎県,0,,-
HEROIC VERSE,VIBRΛ,0,,-,858,NUNDA,長崎県,1180,KOU,長崎県,1802,MOCCOS,長崎県,0,,-
HEROIC VERSE,Vinculum stellarum,0,,-,700,TTZK,長崎県,2134,Y.O,長崎県,3540,HF,長崎県,0,,-
HEROIC VERSE,Virus Funk,0,,-,672,TTZK,長崎県,1057,GOLI,長崎県,2131,PCFAXX,長崎県,0,,-
HEROIC VERSE,Volcanic Dragon,0,,-,719,IIDX33,長崎県,1444,NZN,長崎県,2886,MOCCOS,長崎県,0,,-
HEROIC VERSE,Voo Doo Bamboleo,0,,-,684,GOLI,長崎県,1193,TTZK,長崎県,2339,TAU,長崎県,0,,-
HEROIC VERSE,Ypsilon,0,,-,865,GUEST,長崎県,1697,LOW.S,長崎県,2733,MOCCOS,長崎県,3484,HF,長崎県
HEROIC VERSE,がっつり陰キャ!? 怪盗いいんちょの億劫^^;,0,,-,1418,YY,長崎県,2314,*RINNE,長崎県,4138,VEW,長崎県,0,,-
HEROIC VERSE,シャムシールの舞,0,,-,791,NUNDA,長崎県,1365,AOI*,長崎県,2421,MOCCOS,長崎県,0,,-
HEROIC VERSE,セピアの軌跡 ft. 天宮みや(少女フラクタル),347,GOLI,長崎県,688,GOLI,長崎県,1438,SAYO**,長崎県,2369,GOTHIC,長崎県,0,,-
HEROIC VERSE,バッドエンド・シンドローム,0,,-,966,NUNDA,長崎県,1643,YUSUKE,長崎県,2965,STEAK,長崎県,0,,-
HEROIC VERSE,ピアノ協奏曲第1番”蠍火” (BlackY Remix),0,,-,918,NUNDA,長崎県,2031,LOW.S,長崎県,3641,JJS,長崎県,0,,-
HEROIC VERSE,ラブキラ☆スプラッシュ,0,,-,1018,NUNDA,長崎県,1601,LOW.S,長崎県,2488,P.,長崎県,0,,-
HEROIC VERSE,ランカーキラーガール,0,,-,1079,YY,長崎県,1838,LOW.S,長崎県,2875,STEAK,長崎県,0,,-
HEROIC VERSE,曼荼羅恋々,0,,-,1024,DAOS,長崎県,1721,LOW.S,長崎県,2647,GOTHIC,長崎県,0,,-
HEROIC VERSE,深淵に捧ぐレクイエム,0,,-,634,YOKKA,長崎県,1579,LOW.S,長崎県,2964,HF,長崎県,0,,-
HEROIC VERSE,灼熱Beach Side Bunny (Masayoshi Iimori Remix),0,,-,620,NUNDA,長崎県,1025,YY,長崎県,1742,GOTHIC,長崎県,0,,-
HEROIC VERSE,狂水一華,0,,-,872,NUNDA,長崎県,1682,LOW.S,長崎県,2647,GOTHIC,長崎県,0,,-
HEROIC VERSE,眠りの国のステラ,0,,-,959,LIZ*,長崎県,1781,LOW.S,長崎県,2672,GOTHIC,長崎県,0,,-
HEROIC VERSE,華麗なる大犬円舞曲,0,,-,996,ALTAIL,長崎県,1801,T2UU,長崎県,3384,HF,長崎県,0,,-
HEROIC VERSE,錬成人間トリコロイダー,0,,-,1020,YY,長崎県,1800,SAYO**,長崎県,3172,GOTHIC,長崎県,0,,-
HEROIC VERSE,開きたまえ！Next stAge！,0,,-,851,GOLI,長崎県,1628,LOW.S,長崎県,2836,VEW,長崎県,0,,-
HEROIC VERSE,魅惑のYUMMYスイーツ,0,,-,704,GOLI,長崎県,1683,LOW.S,長崎県,2913,HF,長崎県,0,,-
BISTROVER,-65℃,0,,-,1344,*RINNE,長崎県,2171,HF,長崎県,3591,JJS,長崎県,0,,-
BISTROVER,ABSOLUTE (kors k Remix),0,,-,934,RIV*,長崎県,1484,LOW.S,長崎県,2503,MOCCOS,長崎県,0,,-
BISTROVER,Ah Hah Yeah,0,,-,545,GOLI,長崎県,1356,LOW.S,長崎県,2042,GOTHIC,長崎県,0,,-
BISTROVER,AMRITA -不滅ノ花-,0,,-,786,TTZK,長崎県,1590,LOW.S,長崎県,2720,HF,長崎県,0,,-
BISTROVER,apo:llioth,0,,-,1196,RIV*,長崎県,2017,LOW.S,長崎県,2854,VEW,長崎県,0,,-
BISTROVER,As You Want,0,,-,720,GOLI,長崎県,1418,LOW.S,長崎県,2408,MOCCOS,長崎県,0,,-
BISTROVER,ASIAN VIRTUAL REALITIES (MELTING TOGETHER IN DAZZLING DARKNESS),0,,-,849,GOLI,長崎県,1730,LOW.S,長崎県,3155,HF,長崎県,0,,-
BISTROVER,BEMANI PRO LEAGUE Theme,0,,-,630,GOLI,長崎県,1245,YY,長崎県,1911,HF,長崎県,0,,-
BISTROVER,BIGソムタム,511,GOLI,長崎県,1154,YY,長崎県,1771,SHIURA,長崎県,3267,HF,長崎県,0,,-
BISTROVER,BLACK or WHITE?,551,GOLI,長崎県,1257,YY,長崎県,2377,LUFT,長崎県,3803,HF,長崎県,0,,-
BISTROVER,Burning Flame,0,,-,946,IIDX33,長崎県,1782,LOW.S,長崎県,2820,VEW,長崎県,3709,GOTHIC,長崎県
BISTROVER,Chewingood!!!,276,GOLI,長崎県,773,TTZK,長崎県,1452,*RINNE,長崎県,2583,GOTHIC,長崎県,0,,-
BISTROVER,COSMIC RAY,0,,-,1227,*RINNE,長崎県,2054,LUFT,長崎県,2806,GOTHIC,長崎県,0,,-
BISTROVER,Crazy Jackpot,0,,-,917,NUNDA,長崎県,1520,*RINNE,長崎県,2717,GGSATO,長崎県,0,,-
BISTROVER,Danza Aestas,0,,-,958,RIV*,長崎県,1691,LOW.S,長崎県,2870,MOCCOS,長崎県,0,,-
BISTROVER,Dawn Saga,0,,-,644,INUKI*,長崎県,1582,LOW.S,長崎県,2616,VEW,長崎県,0,,-
BISTROVER,DENIM,0,,-,461,GOLI,長崎県,1263,LOW.S,長崎県,1641,GGSATO,長崎県,0,,-
BISTROVER,Don't Stop The Music feat. Kanae Asaba,0,,-,598,GOLI,長崎県,927,GOLI,長崎県,1785,TAU,長崎県,0,,-
BISTROVER,DUAL STRIKER,0,,-,1107,FUFUE.,長崎県,2373,RIV*,長崎県,3779,HF,長崎県,0,,-
BISTROVER,Empire of Fury,0,,-,1277,*RINNE,長崎県,1629,!,長崎県,3169,VEW,長崎県,0,,-
BISTROVER,Euphoric Lagoon,0,,-,811,NUNDA,長崎県,1544,LOW.S,長崎県,2535,VEW,長崎県,0,,-
BISTROVER,Explorer feat. ぷにぷに電機,0,,-,682,NUNDA,長崎県,1221,YY,長崎県,2108,P.,長崎県,2767,KAEDE,長崎県
BISTROVER,Farewell to Marrakech,0,,-,678,GOLI,長崎県,1468,LOW.S,長崎県,2117,MOCCOS,長崎県,0,,-
BISTROVER,Fire Beat,0,,-,996,NUNDA,長崎県,1381,AOI*,長崎県,2596,HF,長崎県,0,,-
BISTROVER,Frisk And Squeak,0,,-,705,GOLI,長崎県,1485,LOW.S,長崎県,2260,LUFT,長崎県,0,,-
BISTROVER,GIGA RAID,0,,-,795,TTZK,長崎県,1800,LOW.S,長崎県,2358,JJS,長崎県,0,,-
BISTROVER,Globe Glitter,0,,-,1040,RIV*,長崎県,1601,LOW.S,長崎県,2617,MOCCOS,長崎県,0,,-
BISTROVER,Here We Are,380,GOLI,長崎県,995,NUNDA,長崎県,1640,LOW.S,長崎県,2433,GOTHIC,長崎県,0,,-
BISTROVER,HIGH VOLTAGE,0,,-,775,NUNDA,長崎県,1323,*RINNE,長崎県,2157,HEIPOP,長崎県,0,,-
BISTROVER,Ignis†Irae,0,,-,1074,RIV*,長崎県,2244,LUFT,長崎県,3581,HF,長崎県,0,,-
BISTROVER,IIDX RED Ending (Ryu☆Remix),0,,-,590,NUNDA,長崎県,965,ALTAIL,長崎県,1820,HEIPOP,長崎県,0,,-
BISTROVER,innocent revolver,0,,-,1017,NUNDA,長崎県,1946,F-REO,長崎県,3725,HF,長崎県,0,,-
BISTROVER,Jungle Eater,0,,-,877,TTZK,長崎県,1732,LOW.S,長崎県,2903,P.,長崎県,0,,-
BISTROVER,LAST DAY,0,,-,905,GOLI,長崎県,1657,LOW.S,長崎県,2998,VEW,長崎県,0,,-
BISTROVER,Level 3,0,,-,1036,DAOS,長崎県,2103,RIV*,長崎県,3310,VEW,長崎県,0,,-
BISTROVER,LOCUS OF THE TRAVEL,0,,-,896,GOLI,長崎県,1985,IIDX34,長崎県,3543,GOTHIC,長崎県,0,,-
BISTROVER,Lovely Howdy Cowboy!!,0,,-,966,GOLI,長崎県,1762,LOW.S,長崎県,2656,MOCCOS,長崎県,0,,-
BISTROVER,MA・TSU・RI,0,,-,1076,RIV*,長崎県,1802,LOW.S,長崎県,2489,GGSATO,長崎県,0,,-
BISTROVER,MEGAERA,0,,-,1322,*RINNE,長崎県,2010,LUFT,長崎県,3300,JJS,長崎県,0,,-
BISTROVER,Midnight Drive,0,,-,500,GOLI,長崎県,1254,LOW.S,長崎県,1961,GGSATO,長崎県,0,,-
BISTROVER,MOVE! (We Keep It Movin'),0,,-,573,GOLI,長崎県,759,GOLI,長崎県,2089,TAU,長崎県,0,,-
BISTROVER,Neo Heritage,0,,-,908,RIV*,長崎県,1639,LOW.S,長崎県,2785,HF,長崎県,0,,-
BISTROVER,Ocean Blue feat. Luschel,0,,-,776,NUNDA,長崎県,1356,CLUMSY,長崎県,2361,TAU,長崎県,0,,-
BISTROVER,of the first magnitude,0,,-,959,NUNDA,長崎県,1856,LOW.S,長崎県,2918,GOTHIC,長崎県,0,,-
BISTROVER,OTOKOZAKA,0,,-,942,NUNDA,長崎県,1816,LOW.S,長崎県,2838,HF,長崎県,0,,-
BISTROVER,Overslept,0,,-,1057,NAGO,長崎県,1635,LOW.S,長崎県,2441,HEIPOP,長崎県,0,,-
BISTROVER,Para siempre,0,,-,788,TTZK,長崎県,1359,KASUZU,長崎県,2824,GGSATO,長崎県,0,,-
BISTROVER,Parvati,0,,-,927,TTZK,長崎県,1754,LOW.S,長崎県,2786,HF,長崎県,0,,-
BISTROVER,POLKAMANIA,392,GOLI,長崎県,891,NUNDA,長崎県,1785,LOW.S,長崎県,2763,MOCCOS,長崎県,3635,GOTHIC,長崎県
BISTROVER,Rejection Girl,0,,-,983,RIV*,長崎県,1607,LOW.S,長崎県,2596,GOTHIC,長崎県,0,,-
BISTROVER,Ritual of Anubis,0,,-,0,,-,1764,LOW.S,長崎県,2755,VEW,長崎県,0,,-
BISTROVER,Romanticが止まらない,352,GOLI,長崎県,782,TTZK,長崎県,1637,LOW.S,長崎県,2703,P.,長崎県,0,,-
BISTROVER,rommmo,0,,-,1097,YOSHI.,長崎県,1722,SHIURA,長崎県,3334,HF,長崎県,0,,-
BISTROVER,Rosa azuL,0,,-,882,RIV*,長崎県,1714,LOW.S,長崎県,2669,VEW,長崎県,0,,-
BISTROVER,Rowdy,0,,-,976,NUNDA,長崎県,1278,TTZK,長崎県,2416,MOCCOS,長崎県,0,,-
BISTROVER,Rubrum Piano,0,,-,924,RIV*,長崎県,1642,LOW.S,長崎県,2404,HF,長崎県,0,,-
BISTROVER,S-Bahn,0,,-,849,NUNDA,長崎県,843,GOLI,長崎県,2128,HEIPOP,長崎県,0,,-
BISTROVER,Sinus Iridum,0,,-,1150,SHIURA,長崎県,1995,GGSATO,長崎県,2956,HF,長崎県,0,,-
BISTROVER,smooooch・∀・ (Snail's House Remix),0,,-,738,TTZK,長崎県,1541,LOW.S,長崎県,2227,LUFT,長崎県,0,,-
BISTROVER,SOLID STATE SQUAD -RISEN RELIC REMIX-,0,,-,1047,GOLI,長崎県,2058,N-P!*,長崎県,3224,GOTHIC,長崎県,0,,-
BISTROVER,Sugarplum,0,,-,875,RIV*,長崎県,1696,NUNDA,長崎県,2503,P.,長崎県,0,,-
BISTROVER,Swarm Of Scarabs,0,,-,1003,YY,長崎県,1059,GOLI,長崎県,2309,MOCCOS,長崎県,0,,-
BISTROVER,Tell me what you wish feat.らっぷびと,0,,-,1102,RIV*,長崎県,1598,LOW.S,長崎県,2786,MOCCOS,長崎県,0,,-
BISTROVER,That Feeling,0,,-,632,GOLI,長崎県,1054,NZN,長崎県,1722,TAITYA,長崎県,0,,-
BISTROVER,THE PEERLESS UNDER HEAVEN,0,,-,1008,AAA,長崎県,1992,GOTHIC,長崎県,3309,GOTHIC,長崎県,0,,-
BISTROVER,The Wind of China Express(The 4th Mashup),0,,-,974,RIV*,長崎県,1543,YUSUKE,長崎県,2516,P.,長崎県,0,,-
BISTROVER,Tiempo Loco,0,,-,1036,RIV*,長崎県,1774,...,長崎県,3625,HF,長崎県,0,,-
BISTROVER,Viridian,0,,-,966,NUNDA,長崎県,1945,PCFAXX,長崎県,3305,HF,長崎県,0,,-
BISTROVER,Vitrum,0,,-,910,GOLI,長崎県,1563,IIDX34,長崎県,3447,HF,長崎県,0,,-
BISTROVER,WAKE UP NOW,0,,-,837,NUNDA,長崎県,1349,SHIURA,長崎県,1993,KANI,長崎県,2458,GOTHIC,長崎県
BISTROVER,When I Met U,0,,-,865,MER,長崎県,1238,*RINNE,長崎県,1963,TAU,長崎県,0,,-
BISTROVER,Winner's Proof ft. KANASA from bless4,222,GOLI,長崎県,663,GOLI,長崎県,1324,*RINNE,長崎県,2166,MOCCOS,長崎県,0,,-
BISTROVER,X-ray binary,0,,-,911,NUNDA,長崎県,1846,LOW.S,長崎県,2762,VEW,長崎県,0,,-
BISTROVER,Zenith,0,,-,810,RIV*,長崎県,1408,LOW.S,長崎県,2020,GGSATO,長崎県,0,,-
BISTROVER,∀,533,GOLI,長崎県,1268,YY,長崎県,2138,LUFT,長崎県,3451,VEW,長崎県,0,,-
BISTROVER,ここからよろしく大作戦143,244,GOLI,長崎県,849,SALOVE,長崎県,1640,YUSUKE,長崎県,2483,GOTHIC,長崎県,3120,MOCCOS,長崎県
BISTROVER,スーパー戦湯ババンバーン,0,,-,1240,RIV*,長崎県,2039,F,長崎県,3311,HF,長崎県,0,,-
BISTROVER,ディスコルディア,0,,-,1230,YUSUKE,長崎県,2110,UDESU*,長崎県,3630,HF,長崎県,0,,-
BISTROVER,バッド・スイーツ、バッド・ドリーム,0,,-,956,IIDX33,長崎県,1739,OXALIS,長崎県,3409,JJS,長崎県,0,,-
BISTROVER,世界の果てに約束の凱歌を -ReUnion-,0,,-,1123,YY,長崎県,1736,IIDX34,長崎県,3748,HF,長崎県,0,,-
BISTROVER,乱膳の舞姫,0,,-,1028,RIV*,長崎県,1752,LOW.S,長崎県,2663,HF,長崎県,0,,-
BISTROVER,二人ノ廃城幽踊宴,0,,-,918,GOLI,長崎県,1850,AOI*,長崎県,3460,HF,長崎県,0,,-
BISTROVER,伐折羅-vajra-,0,,-,1098,YY,長崎県,1954,RIV*,長崎県,3540,HF,長崎県,0,,-
BISTROVER,儚き恋の華,0,,-,1042,RIV*,長崎県,1813,LOW.S,長崎県,2895,P.,長崎県,0,,-
BISTROVER,新宝島,467,GOLI,長崎県,765,TEKARU,長崎県,1329,YY,長崎県,2339,GOTHIC,長崎県,3494,HF,長崎県
BISTROVER,水無月の雫 ft. 小林まな,0,,-,1208,YOSHI.,長崎県,1760,LOW.S,長崎県,2572,GOTHIC,長崎県,0,,-
BISTROVER,水鏡の異界,0,,-,734,LIZ*,長崎県,1527,*RINNE,長崎県,2978,P.,長崎県,0,,-
BISTROVER,涙のテ・エストラーニョ・ムーチョ,0,,-,1246,YY,長崎県,1970,MOCCOS,長崎県,2760,GOTHIC,長崎県,0,,-
BISTROVER,無意識のフィロソフィア,0,,-,1103,RIV*,長崎県,2187,LOW.S,長崎県,3307,HF,長崎県,0,,-
BISTROVER,犬に雨傘,0,,-,853,NUNDA,長崎県,1291,YY,長崎県,2020,SAYO**,長崎県,0,,-
BISTROVER,閠槞彁の願い,0,,-,969,YY,長崎県,1999,LUFT,長崎県,3035,GOTHIC,長崎県,0,,-
BISTROVER,霧幻メモリア,0,,-,766,TTZK,長崎県,1344,HINA**,長崎県,1885,TAU,長崎県,0,,-
BISTROVER,魔法のかくれんぼ,0,,-,739,GOLI,長崎県,1502,IIDX34,長崎県,2733,HF,長崎県,0,,-
CastHour,10000 MILES AWAY,0,,-,1012,RIV*,長崎県,1602,LOW.S,長崎県,2907,GOTHIC,長崎県,0,,-
CastHour,2 Beasts Unchained,0,,-,1166,YUGA,長崎県,1964,MAFUYU,長崎県,3311,VEW,長崎県,0,,-
CastHour,808monkey,0,,-,677,NUNDA,長崎県,1101,*RINNE,長崎県,1765,GGSATO,長崎県,0,,-
CastHour,ABSOLUTE EVIL,210,GOLI,長崎県,1117,FUFUE.,長崎県,2037,F-REO,長崎県,3327,VEW,長崎県,0,,-
CastHour,Aftermath,0,,-,1055,DAOS,長崎県,2210,*RINNE,長崎県,3514,HF,長崎県,0,,-
CastHour,ALTERNATOR,0,,-,1321,*RINNE,長崎県,2287,HEYTEA,長崎県,3620,VEW,長崎県,0,,-
CastHour,AMICABLE,0,,-,1004,RIV*,長崎県,1536,LOW.S,長崎県,2388,VEW,長崎県,0,,-
CastHour,ANEMONE,218,RYS,長崎県,697,FENCER,長崎県,1559,CLUMSY,長崎県,2128,P.,長崎県,0,,-
CastHour,Angel's Ladder,0,,-,857,GOLI,長崎県,2127,LUFT,長崎県,3339,GOTHIC,長崎県,0,,-
CastHour,Ariah,0,,-,567,GOLI,長崎県,1417,*RINNE,長崎県,2040,*AMIN*,長崎県,0,,-
CastHour,Arkadia,0,,-,1072,NUNDA,長崎県,1968,LOW.S,長崎県,3584,HF,長崎県,0,,-
CastHour,Banger Banger Banger Banger,0,,-,946,RIV*,長崎県,1711,SHIURA,長崎県,2765,HEIPOP,長崎県,0,,-
CastHour,Binary Black Hole,0,,-,1256,YY,長崎県,2184,LUFT,長崎県,3721,HF,長崎県,0,,-
CastHour,Blue Bird feat. Kanae Asaba,0,,-,565,GOLI,長崎県,1048,!,長崎県,1764,PCFAXX,長崎県,0,,-
CastHour,Brave Spirits,0,,-,648,GOLI,長崎県,1387,LOW.S,長崎県,2101,F-REO,長崎県,0,,-
CastHour,DISPARATE,0,,-,938,NUNDA,長崎県,1734,LOW.S,長崎県,2321,GGSATO,長崎県,0,,-
CastHour,Divine Heaven,0,,-,927,RIV*,長崎県,1912,LOW.S,長崎県,2851,P.,長崎県,0,,-
CastHour,Don't believe the hype,0,,-,1046,OXALIS,長崎県,2055,LUFT,長崎県,3009,MOCCOS,長崎県,0,,-
CastHour,DREAM OF SPACE UFO ABDUCTION,0,,-,1054,RIV*,長崎県,1695,LOW.S,長崎県,2629,VEW,長崎県,0,,-
CastHour,Emera,0,,-,808,NUNDA,長崎県,1548,LOW.S,長崎県,2281,VEW,長崎県,0,,-
CastHour,EMOTiON TRiPPER,0,,-,929,RIV*,長崎県,1443,LOW.S,長崎県,2121,MOCCOS,長崎県,0,,-
CastHour,Ergosphere,0,,-,919,NUNDA,長崎県,1763,LOW.S,長崎県,2600,MOCCOS,長崎県,0,,-
CastHour,Fantastic Merry-Go-Round,0,,-,932,GOLI,長崎県,1285,NUNDA,長崎県,2070,P.,長崎県,0,,-
CastHour,Fegrix,0,,-,1152,YOSHI.,長崎県,2064,RIV*,長崎県,3199,GOTHIC,長崎県,0,,-
CastHour,FINALLY BLAZE,0,,-,895,RIV*,長崎県,1640,LOW.S,長崎県,2619,PURYA*,長崎県,0,,-
CastHour,Flying Castle,0,,-,1019,YOSHI.,長崎県,2220,LUFT,長崎県,3582,GOTHIC,長崎県,0,,-
CastHour,Game Changers,0,,-,562,MKN35,長崎県,1394,LOW.S,長崎県,2622,GGSATO,長崎県,0,,-
CastHour,"Get set, Go! feat.Kanae Asaba",0,,-,609,GOLI,長崎県,1271,YY,長崎県,2116,GOTHIC,長崎県,0,,-
CastHour,GiGaGaHell,0,,-,1203,YY,長崎県,1718,SHIURA,長崎県,3005,GOTHIC,長崎県,0,,-
CastHour,GRAVITON,0,,-,1155,RIV*,長崎県,1776,RA*3,長崎県,3417,HF,長崎県,0,,-
CastHour,hard-wired,0,,-,1427,*RINNE,長崎県,2227,PCFAXX,長崎県,3418,GOTHIC,長崎県,0,,-
CastHour,Harmonia,0,,-,677,TTZK,長崎県,1039,RARA,長崎県,1978,P.,長崎県,0,,-
CastHour,Hat Surprise,0,,-,593,GOLI,長崎県,1575,LOW.S,長崎県,2392,MOCCOS,長崎県,0,,-
CastHour,HEARTACHE,0,,-,421,GOLI,長崎県,1079,*RINNE,長崎県,1807,GOTHIC,長崎県,0,,-
CastHour,kors k's How to make OTOGE CORE,0,,-,617,GOLI,長崎県,1479,LOW.S,長崎県,2209,GGSATO,長崎県,0,,-
CastHour,Lawes's Parotia,0,,-,673,GOLI,長崎県,1691,LOW.S,長崎県,2472,PCFAXX,長崎県,0,,-
CastHour,LIVE DRIVING!! feat. 花たん,0,,-,1324,GOLI,長崎県,2331,IIDX34,長崎県,3720,P.,長崎県,0,,-
CastHour,N.O.,0,,-,679,GOLI,長崎県,1474,LOW.S,長崎県,2378,TAU,長崎県,0,,-
CastHour,n/a,0,,-,1026,IIDX34,長崎県,1844,LOW.S,長崎県,3344,HF,長崎県,0,,-
CastHour,No Day But Today!,391,GOLI,長崎県,651,NUNDA,長崎県,1154,YY,長崎県,1912,P.,長崎県,0,,-
CastHour,Nocturnal 2097,0,,-,807,LELEKA,長崎県,1874,LOW.S,長崎県,2870,VEW,長崎県,0,,-
CastHour,Non Stop Rock,0,,-,565,GOLI,長崎県,880,TTZK,長崎県,1717,TAU,長崎県,0,,-
CastHour,One for All,0,,-,804,GOLI,長崎県,1601,*RINNE,長崎県,3083,HF,長崎県,0,,-
CastHour,Onyx,0,,-,773,TKNITK,長崎県,1430,SHIURA,長崎県,2292,MOCCOS,長崎県,0,,-
CastHour,P.O.W.E.R.,0,,-,828,TTZK,長崎県,1499,*RINNE,長崎県,2264,GOTHIC,長崎県,0,,-
CastHour,PIRATES BLADE,0,,-,819,TTZK,長崎県,1414,YUSUKE,長崎県,2033,GAMMA#,長崎県,0,,-
CastHour,PLASMA SOUL NIGHT feat. Nana Takahashi / 709sec.,417,NUNDA,長崎県,1222,RE1SEN,長崎県,2450,RIV*,長崎県,4318,VEW,長崎県,0,,-
CastHour,Pout,0,,-,1056,RIV*,長崎県,1725,LOW.S,長崎県,2563,VEW,長崎県,0,,-
CastHour,Prohibited Props,0,,-,1013,RIV*,長崎県,1361,KASUZU,長崎県,2102,RYS,長崎県,2814,GGSATO,長崎県
CastHour,Purple Perplex,0,,-,877,GOLI,長崎県,1588,KASUMI,長崎県,2823,P.,長崎県,0,,-
CastHour,Push on Beats!～音ゲの国のeX-ストリーマー～,0,,-,1183,RIV*,長崎県,1853,LOW.S,長崎県,3269,HF,長崎県,0,,-
CastHour,RAGE feat.H14 of LEONAIR,402,GOLI,長崎県,1002,AAA,長崎県,2099,LUFT,長崎県,3337,GOTHIC,長崎県,0,,-
CastHour,Silver Bullet,0,,-,1182,SAYO**,長崎県,1914,SAYO**,長崎県,3086,HF,長崎県,0,,-
CastHour,Smalt #28598F,0,,-,968,NUNDA,長崎県,2011,*RINNE,長崎県,3249,HF,長崎県,0,,-
CastHour,SOLID WYVERN,0,,-,918,GOLI,長崎県,1894,LOW.S,長崎県,2510,HEIPOP,長崎県,3795,HF,長崎県
CastHour,Souhait bleu,0,,-,743,AYANE.,長崎県,1806,LOW.S,長崎県,2589,GGSATO,長崎県,0,,-
CastHour,SPARK IN THE NIGHT,0,,-,775,TKNITK,長崎県,1347,OXALIS,長崎県,2185,VEW,長崎県,0,,-
CastHour,Stepper,0,,-,608,GOLI,長崎県,1396,KASUZU,長崎県,2062,TAU,長崎県,0,,-
CastHour,Tail Lights,0,,-,1092,RIV*,長崎県,1864,LOW.S,長崎県,3073,GOTHIC,長崎県,0,,-
CastHour,TOMAHAWK,0,,-,1263,NUNDA,長崎県,2294,MOCCOS,長崎県,3273,MOCCOS,長崎県,0,,-
CastHour,Triple Cross,564,GOLI,長崎県,1049,FUFUE.,長崎県,2032,*RINNE,長崎県,3197,HF,長崎県,0,,-
CastHour,Ventriloquist,0,,-,641,GOLI,長崎県,1078,TKNITK,長崎県,2349,LITCHI,長崎県,0,,-
CastHour,Victory Of Ravers,0,,-,1002,RIV*,長崎県,1706,LOW.S,長崎県,2538,GOTHIC,長崎県,0,,-
CastHour,WHA,0,,-,1141,YY,長崎県,2158,HEIPOP,長崎県,3316,HF,長崎県,0,,-
CastHour,Wonderful Escape,0,,-,918,RIV*,長崎県,916,NQRSE,長崎県,2029,P.,長崎県,0,,-
CastHour,Xyndrome,0,,-,927,RIV*,長崎県,1579,LOW.S,長崎県,2845,PCFAXX,長崎県,0,,-
CastHour,《GRANDMASTER》,0,,-,974,RIV*,長崎県,1762,LOW.S,長崎県,2720,MOCCOS,長崎県,0,,-
CastHour,めでてえ,0,,-,1057,RIV*,長崎県,1477,YY,長崎県,2625,GOTHIC,長崎県,0,,-
CastHour,アクマフカ,0,,-,743,RIV*,長崎県,1330,CLUMSY,長崎県,2209,TAU,長崎県,0,,-
CastHour,ウツシミウツシ,0,,-,1148,YY,長崎県,1997,LOW.S,長崎県,3109,VEW,長崎県,0,,-
CastHour,オドループ,479,GOLI,長崎県,1105,SAYO**,長崎県,1466,YY,長崎県,2334,P.,長崎県,2976,P.,長崎県
CastHour,オールトの雲,0,,-,1166,RIV*,長崎県,1867,F-REO,長崎県,2555,GOTHIC,長崎県,0,,-
CastHour,グッバイ宣言,490,GOLI,長崎県,1084,RIV*,長崎県,1752,LUFT,長崎県,3072,P.,長崎県,3590,HF,長崎県
CastHour,シル・ヴ・プレジデント,293,GOLI,長崎県,653,SAYO**,長崎県,1175,!,長崎県,1772,P.,長崎県,2558,GOTHIC,長崎県
CastHour,ナイトフィクション,0,,-,628,GOLI,長崎県,1522,SHIURA,長崎県,2135,HF,長崎県,0,,-
CastHour,ハイテックトキオ,0,,-,969,LELEKA,長崎県,1857,LOW.S,長崎県,2539,GGSATO,長崎県,3127,P.,長崎県
CastHour,"ピアノ独奏無言歌 ""灰燼""",0,,-,1129,*AMIN*,長崎県,2372,HF,長崎県,3584,HF,長崎県,0,,-
CastHour,ミュージック・アワー,500,GOLI,長崎県,1196,RIV*,長崎県,2066,LOW.S,長崎県,2908,MOCCOS,長崎県,3869,HF,長崎県
CastHour,口カラ凸ゲキ,0,,-,706,GOLI,長崎県,1480,LOW.S,長崎県,2293,PCFAXX,長崎県,0,,-
CastHour,天邪鬼,401,NUNDA,長崎県,892,NUNDA,長崎県,1671,LOW.S,長崎県,3254,HF,長崎県,0,,-
CastHour,怪物,322,GOLI,長崎県,750,SAYO**,長崎県,1184,SAYO**,長崎県,2399,P.,長崎県,3241,GOTHIC,長崎県
CastHour,愛しくてラヴィンユー ft. マナ,0,,-,595,GOLI,長崎県,1451,SAYO**,長崎県,2385,GOTHIC,長崎県,0,,-
CastHour,月とミルク,0,,-,970,RIV*,長崎県,1506,NUNDA,長崎県,2729,STEAK,長崎県,0,,-
CastHour,烽火連天の刃,0,,-,1092,RIV*,長崎県,2029,SLIVER,長崎県,3247,HF,長崎県,4061,HF,長崎県
CastHour,禊,0,,-,974,YY,長崎県,2100,RIV*,長崎県,3116,HF,長崎県,0,,-
CastHour,逆月,0,,-,1387,*RINNE,長崎県,2266,LUFT,長崎県,3597,GOTHIC,長崎県,0,,-
CastHour,雪上断火,0,,-,878,NUNDA,長崎県,1730,SHIURA,長崎県,2896,GOTHIC,長崎県,0,,-
CastHour,青の洞窟,0,,-,824,NUNDA,長崎県,1945,LOW.S,長崎県,3051,GOTHIC,長崎県,0,,-
CastHour,黒紅掬い,0,,-,650,RIV*,長崎県,1178,*RINNE,長崎県,1773,SAYO**,長崎県,0,,-
RESIDENT,#CMFLG,0,,-,1031,NUNDA,長崎県,2120,RIV*,長崎県,3343,HF,長崎県,0,,-
RESIDENT,24h Endurance Race,0,,-,966,RIV*,長崎県,1918,Y.O,長崎県,3269,VEW,長崎県,0,,-
RESIDENT,3V0,0,,-,954,NUNDA,長崎県,1764,LOW.S,長崎県,2855,MOCCOS,長崎県,0,,-
RESIDENT,7 Colors,0,,-,548,GOLI,長崎県,1189,KANI,長崎県,1919,JJS,長崎県,0,,-
RESIDENT,Always We Trust In You,0,,-,933,TTZK,長崎県,1705,LOW.S,長崎県,3085,GOTHIC,長崎県,0,,-
RESIDENT,Ambush Ace,0,,-,1055,RIV*,長崎県,2047,LOW.S,長崎県,2888,HF,長崎県,0,,-
RESIDENT,AWA AWA,0,,-,609,GOLI,長崎県,1258,*RINNE,長崎県,2241,GAMMA#,長崎県,0,,-
RESIDENT,B.O.D.Y.,0,,-,711,MASU,長崎県,1864,GAIA,長崎県,3325,HF,長崎県,0,,-
RESIDENT,Bad Encryption,0,,-,1168,*RINNE,長崎県,1830,LUFT,長崎県,3015,GOTHIC,長崎県,0,,-
RESIDENT,Beyond Evolution,0,,-,1419,SHIURA,長崎県,2376,PURYA*,長崎県,3807,VEW,長崎県,0,,-
RESIDENT,BIGWAVERS,0,,-,1026,NUNDA,長崎県,1811,LOW.S,長崎県,3452,VEW,長崎県,0,,-
RESIDENT,C-C-C-N-N-N,0,,-,762,GOLI,長崎県,1717,LOW.S,長崎県,2779,GOTHIC,長崎県,0,,-
RESIDENT,Caldwell 99,0,,-,825,GOLI,長崎県,1799,LOW.S,長崎県,2324,LUFT,長崎県,3122,HF,長崎県
RESIDENT,Chaotoxin,0,,-,1161,RIV*,長崎県,1659,LOW.S,長崎県,3287,HF,長崎県,0,,-
RESIDENT,CODE -CRiMSON-,0,,-,1126,NUNDA,長崎県,1763,SHIURA,長崎県,2904,VEW,長崎県,0,,-
RESIDENT,CUE CUE RESCUE,498,GOLI,長崎県,1056,NUNDA,長崎県,1646,LOW.S,長崎県,2443,JJS,長崎県,3014,GOTHIC,長崎県
RESIDENT,dica dica,0,,-,1101,NUNDA,長崎県,2247,LUFT,長崎県,3051,P.,長崎県,0,,-
RESIDENT,Dreaming Dream,0,,-,695,GOLI,長崎県,1330,*RINNE,長崎県,2206,HEIPOP,長崎県,0,,-
RESIDENT,Driver,0,,-,867,RIV*,長崎県,1223,*RINNE,長崎県,1771,PCFAXX,長崎県,0,,-
RESIDENT,EXODUS SIGN,0,,-,1187,RIV*,長崎県,1725,LOW.S,長崎県,2475,MOCCOS,長崎県,0,,-
RESIDENT,Fading Stars,0,,-,922,GOLI,長崎県,1618,LOW.S,長崎県,2388,SLIVER,長崎県,0,,-
RESIDENT,FLARE -炎舞- ft.Nana Takahashi,0,,-,991,NUNDA,長崎県,1817,LOW.S,長崎県,2721,TAU,長崎県,0,,-
RESIDENT,Get On Your Feet,0,,-,915,GOLI,長崎県,1742,LOW.S,長崎県,2672,VEW,長崎県,0,,-
RESIDENT,GET UP AGAIN,0,,-,1052,FUFUE.,長崎県,1626,LOW.S,長崎県,2391,MOCCOS,長崎県,0,,-
RESIDENT,glacia,0,,-,1126,NUNDA,長崎県,2103,PCFAXX,長崎県,2930,HF,長崎県,0,,-
RESIDENT,Hat Surprise (Season 2),0,,-,875,TTZK,長崎県,1723,LOW.S,長崎県,3330,HF,長崎県,0,,-
RESIDENT,I,0,,-,1125,NUNDA,長崎県,1976,N-P!*,長崎県,3607,HF,長崎県,0,,-
RESIDENT,KING,419,GOLI,長崎県,915,MARI,長崎県,1935,LOW.S,長崎県,3062,GOTHIC,長崎県,3821,HF,長崎県
RESIDENT,kors k's How to make OTOGE CORE 「LONG」,0,,-,819,IIDX33,長崎県,2300,LUFT,長崎県,3447,HF,長崎県,0,,-
RESIDENT,LADS,0,,-,844,TTZK,長崎県,1538,*RINNE,長崎県,2210,MOCCOS,長崎県,0,,-
RESIDENT,Level 4,0,,-,1189,SAYO**,長崎県,1948,RIV*,長崎県,3358,GOTHIC,長崎県,0,,-
RESIDENT,LOUDER ROLLING THUNDER,0,,-,939,MATS*,長崎県,1783,SLIVER,長崎県,3257,GOTHIC,長崎県,0,,-
RESIDENT,MAX 360,0,,-,1095,NUNDA,長崎県,2108,SHIURA,長崎県,2999,HF,長崎県,0,,-
RESIDENT,Meissa,0,,-,761,GOLI,長崎県,1567,LOW.S,長崎県,2776,HF,長崎県,0,,-
RESIDENT,Next Level,0,,-,808,TTZK,長崎県,1568,LOW.S,長崎県,2086,LUFT,長崎県,0,,-
RESIDENT,No Border,0,,-,928,GOLI,長崎県,1918,RIV*,長崎県,3617,HF,長崎県,0,,-
RESIDENT,ONE AND ONLY,0,,-,1050,NUNDA,長崎県,1712,LOW.S,長崎県,3071,GOTHIC,長崎県,0,,-
RESIDENT,Ou Legends,0,,-,942,GOLI,長崎県,1794,IIDX31,長崎県,3173,STEAK,長崎県,0,,-
RESIDENT,OVER VOLTAGE,0,,-,1016,NUNDA,長崎県,1738,LOW.S,長崎県,2443,MOCCOS,長崎県,0,,-
RESIDENT,Peaktime Booster,0,,-,1049,*RINNE,長崎県,1738,LUFT,長崎県,3060,VEW,長崎県,0,,-
RESIDENT,Perfect Plan,0,,-,1017,NUNDA,長崎県,1644,LOW.S,長崎県,2464,GGSATO,長崎県,0,,-
RESIDENT,Programmed Genom,0,,-,858,GOLI,長崎県,1340,KASUZU,長崎県,2297,HEIPOP,長崎県,0,,-
RESIDENT,Red Soul,0,,-,979,YY,長崎県,1703,LOW.S,長崎県,2817,GOTHIC,長崎県,0,,-
RESIDENT,Rewind Time,0,,-,590,GOLI,長崎県,1168,CLUMSY,長崎県,2122,LUFT,長崎県,0,,-
RESIDENT,RINNE,0,,-,948,GOLI,長崎県,2120,F-REO,長崎県,3379,HF,長崎県,0,,-
RESIDENT,Ruler or Loser,0,,-,817,GOLI,長崎県,1566,YUSUKE,長崎県,2623,VEW,長崎県,0,,-
RESIDENT,Seraph,0,,-,772,GOLI,長崎県,1758,LOW.S,長崎県,2406,GOTHIC,長崎県,0,,-
RESIDENT,Shadow World,0,,-,798,GOLI,長崎県,1602,*RINNE,長崎県,2693,GOTHIC,長崎県,0,,-
RESIDENT,Shamshir,0,,-,1044,RIV*,長崎県,1251,KASUZU,長崎県,2060,GOTHIC,長崎県,0,,-
RESIDENT,Somnidiscotheque,0,,-,1285,SHIURA,長崎県,1945,MOCCOS,長崎県,3067,HF,長崎県,0,,-
RESIDENT,STAR BEAT,0,,-,620,GOLI,長崎県,1470,AOI*,長崎県,2290,TAU,長崎県,0,,-
RESIDENT,STRAIGHT TO THE STARS,0,,-,848,GOLI,長崎県,1512,*RINNE,長崎県,2892,KUMA..,長崎県,0,,-
RESIDENT,Stylus,0,,-,1197,RIV*,長崎県,1878,LOW.S,長崎県,2701,MOCCOS,長崎県,0,,-
RESIDENT,Summerblue,331,GOLI,長崎県,998,F-REO,長崎県,1409,TAKI,長崎県,2360,HEIPOP,長崎県,0,,-
RESIDENT,Sunny Day Vibes,0,,-,913,RIV*,長崎県,1485,RA*3,長崎県,2253,KANI,長崎県,0,,-
RESIDENT,Super Freak,0,,-,1052,NUNDA,長崎県,1781,LOW.S,長崎県,3324,HF,長崎県,0,,-
RESIDENT,suspicions,0,,-,1102,NUNDA,長崎県,2157,RIV*,長崎県,3622,HF,長崎県,0,,-
RESIDENT,Swing My Wonderland,0,,-,1272,RIV*,長崎県,2164,LOW.S,長崎県,3052,VEW,長崎県,0,,-
RESIDENT,TECHNOPHOBIA,0,,-,799,RIV*,長崎県,1625,LOW.S,長崎県,2915,GOTHIC,長崎県,0,,-
RESIDENT,The Clown of 24stairs,0,,-,1070,RIV*,長崎県,2039,LUFT,長崎県,3250,HF,長崎県,0,,-
RESIDENT,THE TIME MACHINE,0,,-,945,NUNDA,長崎県,1704,LOW.S,長崎県,2550,MOCCOS,長崎県,0,,-
RESIDENT,VOID,0,,-,1100,*RINNE,長崎県,1649,Y.O,長崎県,2997,HF,長崎県,0,,-
RESIDENT,VOLAQUAS,0,,-,1088,TTZK,長崎県,2039,RIV*,長崎県,3737,STEAK,長崎県,0,,-
RESIDENT,VOLCANIC BIGBEAT,0,,-,937,MATS*,長崎県,1744,LOW.S,長崎県,2719,GOTHIC,長崎県,0,,-
RESIDENT,"wanna be a ""BAD GIRL"" feat. Nana Takahashi",0,,-,715,TTZK,長崎県,1052,GOLI,長崎県,2015,HEIPOP,長崎県,0,,-
RESIDENT,With You,0,,-,675,MIKU,長崎県,1463,*RINNE,長崎県,2486,GOTHIC,長崎県,0,,-
RESIDENT,Xerulean,0,,-,861,GOLI,長崎県,1933,LUFT,長崎県,3228,HF,長崎県,0,,-
RESIDENT,ZENITH,0,,-,969,NUNDA,長崎県,1935,LOW.S,長崎県,2867,STEAK,長崎県,0,,-
RESIDENT,[ ]DENTITY,0,,-,1111,NUNDA,長崎県,2064,SG2.,長崎県,3655,HF,長崎県,0,,-
RESIDENT,≡+≡,570,GOLI,長崎県,1324,*RINNE,長崎県,1990,PKR*,長崎県,2940,HF,長崎県,4414,HF,長崎県
RESIDENT,■□模様,0,,-,892,NUNDA,長崎県,1513,LOW.S,長崎県,2579,PCFAXX,長崎県,0,,-
RESIDENT,《ORDERBREAKER》,0,,-,941,NUNDA,長崎県,1532,LOW.S,長崎県,2159,LUFT,長崎県,0,,-
RESIDENT,あるビー！ feat.ころねぽち,0,,-,812,GOLI,長崎県,1730,LOW.S,長崎県,2730,GAMMA#,長崎県,0,,-
RESIDENT,おとせサンダー,196,GOLI,長崎県,662,SAYO**,長崎県,1171,SHIURA,長崎県,2083,LITCHI,長崎県,0,,-
RESIDENT,きゅんです。,0,,-,673,NUNDA,長崎県,1424,KANI,長崎県,2320,P.,長崎県,0,,-
RESIDENT,ぞうしょく！？マイデンティティ,0,,-,1219,RIV*,長崎県,1900,IIDX31,長崎県,3527,HF,長崎県,0,,-
RESIDENT,ちょえちょえまぎか,0,,-,1208,RIV*,長崎県,2165,YOCTO3,長崎県,3000,GOTHIC,長崎県,4065,HF,長崎県
RESIDENT,サヨナラ・ヘヴン-Celtic Chip Dance Mix-,0,,-,887,RIV*,長崎県,1372,KASUZU,長崎県,2520,MOCCOS,長崎県,0,,-
RESIDENT,チェイスチェイスジョーカーズのうた (オニスタイルリミックス),0,,-,923,NUNDA,長崎県,1676,LOW.S,長崎県,2719,GGSATO,長崎県,0,,-
RESIDENT,パーフェクトイーター,0,,-,1134,RIV*,長崎県,1998,LOW.S,長崎県,2865,MOCCOS,長崎県,0,,-
RESIDENT,儚キ戀ノ幻想譚,531,GOLI,長崎県,1512,LOW.S,長崎県,2166,LUFT,長崎県,3453,VEW,長崎県,0,,-
RESIDENT,少年リップルズ,0,,-,877,RIV*,長崎県,1710,LOW.S,長崎県,2413,VEW,長崎県,0,,-
RESIDENT,恋愛＝精度×認識力,0,,-,1393,IIDX34,長崎県,2150,RIV*,長崎県,3265,HF,長崎県,0,,-
RESIDENT,惑星☆ロリポップ,0,,-,754,IIDX34,長崎県,1522,*RINNE,長崎県,2759,HF,長崎県,0,,-
RESIDENT,昏き甲鉄のヴェルガ,0,,-,777,GOLI,長崎県,1555,*RINNE,長崎県,2327,HF,長崎県,0,,-
RESIDENT,月と夢の跡 ft. マナ,0,,-,874,NUNDA,長崎県,1494,SG2.,長崎県,2472,P.,長崎県,0,,-
RESIDENT,栄冠のカンパネラ,0,,-,1294,*RINNE,長崎県,2095,MOCCOS,長崎県,3735,VEW,長崎県,0,,-
RESIDENT,楽園追放,0,,-,917,RIV*,長崎県,1498,LOW.S,長崎県,2360,GOTHIC,長崎県,0,,-
RESIDENT,湘南ロンリーMIDNIGHT RAIN,0,,-,935,RIV*,長崎県,1714,SHIURA,長崎県,2805,PCFAXX,長崎県,0,,-
RESIDENT,異心前進♪ぴょんぴょんぴょん,0,,-,1039,NUNDA,長崎県,1482,TERA,長崎県,2473,VEW,長崎県,0,,-
RESIDENT,真夜中のバベル,0,,-,546,GOLI,長崎県,816,TKNITK,長崎県,1640,TAU,長崎県,0,,-
RESIDENT,神っぽいな,361,IIDX34,長崎県,722,MARI,長崎県,1423,LOW.S,長崎県,2092,GOTHIC,長崎県,2928,GOTHIC,長崎県
RESIDENT,神のシナリオ,0,,-,1091,OXALIS,長崎県,1670,LOW.S,長崎県,3165,GOTHIC,長崎県,0,,-
RESIDENT,罪過の聖堂,0,,-,531,12SEEL,長崎県,1324,SG2.,長崎県,1937,GGSATO,長崎県,0,,-
RESIDENT,輪廻の鴉,0,,-,958,NUNDA,長崎県,1756,LOW.S,長崎県,2700,HF,長崎県,0,,-
RESIDENT,雨のちパノラマセカイ,0,,-,717,TTZK,長崎県,1335,CLUMSY,長崎県,2189,HEIPOP,長崎県,0,,-
RESIDENT,響花水月,0,,-,1147,YOSHI.,長崎県,1852,LOW.S,長崎県,2862,VEW,長崎県,0,,-
EPOLIS,20XX,0,,-,1192,RIV*,長崎県,1730,LOW.S,長崎県,2630,STEAK,長崎県,0,,-
EPOLIS,ACT0,0,,-,1236,RIV*,長崎県,2105,LUFT,長崎県,2926,GOTHIC,長崎県,0,,-
EPOLIS,Aeterna,0,,-,781,GOLI,長崎県,1534,LOW.S,長崎県,2514,KUMA..,長崎県,0,,-
EPOLIS,Akatsuki,0,,-,956,RIV*,長崎県,1505,*RINNE,長崎県,2201,KAEDE,長崎県,0,,-
EPOLIS,Ambivalent Vermilia,0,,-,1505,TAU,長崎県,2287,HEIPOP,長崎県,3901,GOTHIC,長崎県,0,,-
EPOLIS,Amethyst,0,,-,1145,NUNDA,長崎県,1772,LOW.S,長崎県,2553,VEW,長崎県,0,,-
EPOLIS,Bitter & Lucky,0,,-,653,GOLI,長崎県,1300,*RINNE,長崎県,2089,IIDX31,長崎県,0,,-
EPOLIS,BLAZING_LAZER,0,,-,1002,GOLI,長崎県,1939,SHIURA,長崎県,3290,HF,長崎県,0,,-
EPOLIS,CADENZA,0,,-,1474,RIV*,長崎県,2322,SHIURA,長崎県,4385,GOTHIC,長崎県,0,,-
EPOLIS,Chemical Colours,0,,-,976,NUNDA,長崎県,1927,LOW.S,長崎県,2746,P.,長崎県,0,,-
EPOLIS,CODE:2,0,,-,1054,RIV*,長崎県,1734,LOW.S,長崎県,2889,VEW,長崎県,0,,-
EPOLIS,COUNTING SHEEP ft. Kanae Asaba,0,,-,666,RIV*,長崎県,1271,SHIURA,長崎県,2180,HEIPOP,長崎県,0,,-
EPOLIS,Cult Invitation,0,,-,1189,RIV*,長崎県,1858,S.MAYU,長崎県,3265,GOTHIC,長崎県,0,,-
EPOLIS,Dahlia,0,,-,1127,NUNDA,長崎県,1891,SHIURA,長崎県,3016,P.,長崎県,0,,-
EPOLIS,DAZZLE ATTACK,516,GOLI,長崎県,963,RIV*,長崎県,1646,LOW.S,長崎県,2791,MOCCOS,長崎県,0,,-
EPOLIS,Deep Sea Mystery,0,,-,1011,NUNDA,長崎県,1436,LOW.S,長崎県,1924,VEW,長崎県,0,,-
EPOLIS,Demon March,0,,-,1409,RIV*,長崎県,2251,LUFT,長崎県,3510,HF,長崎県,0,,-
EPOLIS,Echoes of Sunfall,0,,-,1004,RIV*,長崎県,1576,LOW.S,長崎県,2802,HEIPOP,長崎県,0,,-
EPOLIS,frequent,0,,-,1290,RIV*,長崎県,2102,IIDX31,長崎県,3680,HF,長崎県,0,,-
EPOLIS,GAME ON,0,,-,1272,*RINNE,長崎県,2104,SHIURA,長崎県,2580,MOCCOS,長崎県,0,,-
EPOLIS,Get Higher,0,,-,955,RIV*,長崎県,1699,LOW.S,長崎県,2226,HEIPOP,長崎県,0,,-
EPOLIS,Get Wicked,0,,-,874,RIV*,長崎県,1453,LOW.S,長崎県,2391,MOCCOS,長崎県,0,,-
EPOLIS,Ghost Pulse,0,,-,1021,RIV*,長崎県,1584,SHIURA,長崎県,2730,VEW,長崎県,0,,-
EPOLIS,Glitch N Ride,0,,-,640,MIZX,長崎県,1396,UMING,長崎県,2475,HF,長崎県,0,,-
EPOLIS,GloriosA,0,,-,1192,RIV*,長崎県,1915,LOW.S,長崎県,2737,MOCCOS,長崎県,0,,-
EPOLIS,GLORIOUS HAMMER,0,,-,1066,RIV*,長崎県,1847,LOW.S,長崎県,2883,HEIPOP,長崎県,0,,-
EPOLIS,Hard Breaker,0,,-,631,TTZK,長崎県,1532,LOW.S,長崎県,2455,HEIPOP,長崎県,0,,-
EPOLIS,Hat Surprise (Season 3),0,,-,1172,NUNDA,長崎県,1990,SHIURA,長崎県,2619,MOCCOS,長崎県,0,,-
EPOLIS,i-ii,0,,-,1064,RIV*,長崎県,1688,LOW.S,長崎県,2710,GGSATO,長崎県,0,,-
EPOLIS,INHERITANCE,0,,-,1075,RIV*,長崎県,1713,LOW.S,長崎県,2737,STEAK,長崎県,3392,HF,長崎県
EPOLIS,Iris,385,GOLI,長崎県,710,S.72HI,長崎県,1443,SHIURA,長崎県,2201,GOTHIC,長崎県,0,,-
EPOLIS,Jumper,0,,-,787,GOLI,長崎県,1346,SHIURA,長崎県,2345,JJS,長崎県,0,,-
EPOLIS,Just Gimme,0,,-,917,RIV*,長崎県,1611,SHIURA,長崎県,2627,MOCCOS,長崎県,0,,-
EPOLIS,JUSTICE/GUILTY feat. Nana Takahashi & 709sec.,0,,-,1692,*RINNE,長崎県,2282,*RINNE,長崎県,3842,GOTHIC,長崎県,0,,-
EPOLIS,Level 5,0,,-,1318,SAYO**,長崎県,2290,ABABA,長崎県,3205,GAMMA#,長崎県,0,,-
EPOLIS,MAXIMUM CHEAT GIRL,0,,-,1214,RIV*,長崎県,2017,SHIURA,長崎県,3399,HF,長崎県,0,,-
EPOLIS,Million Dollar,0,,-,1132,RIV*,長崎県,1842,SHIURA,長崎県,3330,HF,長崎県,0,,-
EPOLIS,Monkey Business,0,,-,701,TAU,長崎県,1473,TAU,長崎県,2436,GGSATO,長崎県,0,,-
EPOLIS,Mukade,0,,-,971,NUNDA,長崎県,1828,LOW.S,長崎県,3138,VEW,長崎県,0,,-
EPOLIS,My Sweet Bird?,0,,-,646,GOLI,長崎県,1461,*RINNE,長崎県,2128,KUMA..,長崎県,0,,-
EPOLIS,NEEDLESS MY LOVE FOR YOU,0,,-,993,RIV*,長崎県,1604,YUSUKE,長崎県,2388,GGSATO,長崎県,0,,-
EPOLIS,Out of Control,0,,-,1122,RIV*,長崎県,2067,TAU,長崎県,2956,HF,長崎県,0,,-
EPOLIS,out of disk space,0,,-,1072,RIV*,長崎県,1877,SHIURA,長崎県,2507,P.,長崎県,0,,-
EPOLIS,PILGRIM,0,,-,970,RIV*,長崎県,1666,LOW.S,長崎県,2669,HF,長崎県,0,,-
EPOLIS,Psychedelic Intelligence,0,,-,1121,NUNDA,長崎県,1795,LOW.S,長崎県,2634,RAT*,長崎県,0,,-
EPOLIS,Red Determination,0,,-,954,NUNDA,長崎県,1501,SHIURA,長崎県,2485,MOCCOS,長崎県,0,,-
EPOLIS,Resonant,0,,-,1047,RIV*,長崎県,2191,AYSENA,長崎県,3482,HF,長崎県,0,,-
EPOLIS,Riff//rain,201,GOLI,長崎県,695,NUNDA,長崎県,1264,SAYO**,長崎県,1775,SAYO**,長崎県,0,,-
EPOLIS,See You Again,0,,-,1160,RIV*,長崎県,1834,LOW.S,長崎県,2948,LUFT,長崎県,0,,-
EPOLIS,Seven Times Four,0,,-,1150,RIV*,長崎県,1934,SHIURA,長崎県,3339,HF,長崎県,0,,-
EPOLIS,Shapeshifter,0,,-,1076,RIV*,長崎県,1631,LOW.S,長崎県,2402,GGSATO,長崎県,0,,-
EPOLIS,Sirius,0,,-,988,RIV*,長崎県,1576,SHIURA,長崎県,3151,HF,長崎県,0,,-
EPOLIS,So What,0,,-,571,GOLI,長崎県,1054,NUNDA,長崎県,1741,TAU,長崎県,0,,-
EPOLIS,SOLAR ECLIPSE,0,,-,1384,*RINNE,長崎県,2276,LUFT,長崎県,3384,GOTHIC,長崎県,0,,-
EPOLIS,Speculation,0,,-,987,RIV*,長崎県,1709,LOW.S,長崎県,2839,HEIPOP,長崎県,0,,-
EPOLIS,squall,0,,-,1189,RIV*,長崎県,1726,LOW.S,長崎県,2553,HF,長崎県,0,,-
EPOLIS,Stereo Beasts,0,,-,1245,NUNDA,長崎県,2380,SHIURA,長崎県,3624,HF,長崎県,0,,-
EPOLIS,Submerge Serenade,0,,-,1032,RIV*,長崎県,1766,LOW.S,長崎県,2807,MOCCOS,長崎県,4039,HF,長崎県
EPOLIS,Sword of Vengeance,0,,-,1383,RIV*,長崎県,2023,SHIURA,長崎県,3192,HF,長崎県,0,,-
EPOLIS,T.R.O.L.L.,0,,-,975,RIV*,長崎県,1569,SHIURA,長崎県,2397,GGSATO,長崎県,0,,-
EPOLIS,The Last Apocalypse,0,,-,1220,LELEKA,長崎県,2227,SHIURA,長崎県,3664,GOTHIC,長崎県,0,,-
EPOLIS,The Onlyonez,0,,-,975,RIV*,長崎県,1677,SHIURA,長崎県,3009,GGSATO,長崎県,0,,-
EPOLIS,This Is Club Musik feat. 大久保紅葉,0,,-,1067,RIV*,長崎県,1660,LOW.S,長崎県,2513,HEIPOP,長崎県,0,,-
EPOLIS,Time Distortion pt.2(IIDX Edit),0,,-,1275,RIV*,長崎県,1895,LOW.S,長崎県,2916,HF,長崎県,0,,-
EPOLIS,TITANIUM RIDERS,0,,-,872,RIV*,長崎県,1478,LOW.S,長崎県,2039,LOW.S,長崎県,0,,-
EPOLIS,Too Late Snow,0,,-,767,MARI,長崎県,1362,SHIURA,長崎県,1966,PCFAXX,長崎県,0,,-
EPOLIS,TRIP THE DEEP,0,,-,928,MATS*,長崎県,1505,SHIURA,長崎県,2465,GOTHIC,長崎県,0,,-
EPOLIS,Tripping Jumping,0,,-,639,GOLI,長崎県,1549,LOW.S,長崎県,2208,GOTHIC,長崎県,0,,-
EPOLIS,Vermilion Carol,0,,-,1246,YY,長崎県,2046,SHIURA,長崎県,3505,HF,長崎県,0,,-
EPOLIS,Vulnerability,0,,-,1275,RIV*,長崎県,1836,ABABA,長崎県,3442,VEW,長崎県,0,,-
EPOLIS,WaterCube Pf.(RX-Ver.S.P.L.),0,,-,559,RIV*,長崎県,1302,SHIURA,長崎県,2052,HF,長崎県,0,,-
EPOLIS,winkle 2 winkle,0,,-,991,NUNDA,長崎県,1839,LOW.S,長崎県,2763,VEW,長崎県,0,,-
EPOLIS,Xb10r,0,,-,1176,HEIPOP,長崎県,2257,HEIPOP,長崎県,3359,HF,長崎県,0,,-
EPOLIS,ZEROIN ON THE LIGHT,0,,-,1000,TTZK,長崎県,1709,LOW.S,長崎県,2628,HF,長崎県,0,,-
EPOLIS,《PL|RAYER》,0,,-,736,GOLI,長崎県,1680,LOW.S,長崎県,2778,HF,長崎県,0,,-
EPOLIS,ちゅ、多様性。,197,GOLI,長崎県,509,MARI,長崎県,1105,HINA**,長崎県,1870,HEIPOP,長崎県,2236,HF,長崎県
EPOLIS,ないないルーティン,0,,-,551,NUNDA,長崎県,1198,*RINNE,長崎県,2021,HEIPOP,長崎県,0,,-
EPOLIS,めうめうぺったんたん！！ (ZAQUVA Remix),0,,-,835,GOLI,長崎県,1859,LOW.S,長崎県,2712,GOTHIC,長崎県,0,,-
EPOLIS,れとりば！,0,,-,842,RIV*,長崎県,1303,F-REO,長崎県,2046,P.,長崎県,0,,-
EPOLIS,アイドル,266,GOLI,長崎県,886,SAYO**,長崎県,1436,YY,長崎県,2569,STEAK,長崎県,3159,GOTHIC,長崎県
EPOLIS,アタシ完全絶対正義ちゃん！,0,,-,969,RIV*,長崎県,1512,*RINNE,長崎県,2070,TAU,長崎県,0,,-
EPOLIS,シンデレラ,498,GOLI,長崎県,851,RIV*,長崎県,1394,KASUZU,長崎県,2186,GOTHIC,長崎県,0,,-
EPOLIS,センチメンタル・サマー,0,,-,571,GOLI,長崎県,961,IIDX33,長崎県,1932,HEIPOP,長崎県,0,,-
EPOLIS,デビルじゃないもん,335,GOLI,長崎県,684,GOLI,長崎県,1217,SOLA,長崎県,2006,LUFT,長崎県,0,,-
EPOLIS,フォニイ,564,GOLI,長崎県,1164,YY,長崎県,1962,LOW.S,長崎県,2863,GOTHIC,長崎県,3877,HF,長崎県
EPOLIS,ポラリスノウタ,282,GOLI,長崎県,712,GOLI,長崎県,1539,SG2.,長崎県,2250,GOTHIC,長崎県,0,,-
EPOLIS,マーシャル・マキシマイザー,406,GOLI,長崎県,812,SAYO**,長崎県,1421,LOW.S,長崎県,2140,STEAK,長崎県,0,,-
EPOLIS,ラビットホール,627,MIKU,長崎県,1311,RIV*,長崎県,2013,LOW.S,長崎県,2893,GOTHIC,長崎県,0,,-
EPOLIS,リメンバーリメンバー,0,,-,500,MARI,長崎県,973,SAYO**,長崎県,1662,PCFAXX,長崎県,0,,-
EPOLIS,今宵、ロマンス横丁。,0,,-,1128,RIV*,長崎県,2213,TAU,長崎県,3184,HF,長崎県,0,,-
EPOLIS,勇者,336,GOLI,長崎県,806,SAYO**,長崎県,1351,!,長崎県,2444,GOTHIC,長崎県,0,,-
EPOLIS,可愛くてごめん,264,GOLI,長崎県,614,MARI,長崎県,1317,*RINNE,長崎県,2245,STEAK,長崎県,2782,P.,長崎県
EPOLIS,唱,180,GOLI,長崎県,407,GOLI,長崎県,969,YY,長崎県,1720,HEIPOP,長崎県,0,,-
EPOLIS,夏風邪デスコ,297,GOLI,長崎県,810,SAYO**,長崎県,1589,YUSUKE,長崎県,2626,GUINAN,長崎県,0,,-
EPOLIS,夢縁,0,,-,1151,RIV*,長崎県,1958,Y.O,長崎県,2864,HEIPOP,長崎県,0,,-
EPOLIS,寝起きヤシの木,410,GOLI,長崎県,1068,RIV*,長崎県,1768,LOW.S,長崎県,2749,GOTHIC,長崎県,3407,GOTHIC,長崎県
EPOLIS,惑星鉄道,0,,-,1071,SHIURA,長崎県,1889,MOCCOS,長崎県,2743,HF,長崎県,0,,-
EPOLIS,愛包ダンスホール,320,GOLI,長崎県,937,SAYO**,長崎県,1315,!,長崎県,2552,STEAK,長崎県,0,,-
EPOLIS,摩天楼,0,,-,665,RIV*,長崎県,1230,THE619,長崎県,2508,HF,長崎県,0,,-
EPOLIS,未完成ノ蒸氣驅動乙女,0,,-,1057,RIV*,長崎県,1880,SHIURA,長崎県,2884,HF,長崎県,0,,-
EPOLIS,果たせぬ約束 ft. 小林マナ,0,,-,1143,RIV*,長崎県,1903,LOW.S,長崎県,2956,HF,長崎県,0,,-
EPOLIS,残像ニ繋ガレタ追憶ノHIDEAWAY,0,,-,1169,RIV*,長崎県,2129,SHIURA,長崎県,3509,HF,長崎県,0,,-
EPOLIS,流桜ノ門,0,,-,991,RIV*,長崎県,1515,SHIURA,長崎県,2069,HEIPOP,長崎県,0,,-
EPOLIS,"灼熱Beach Side Bunny (かめりあ's ""Summertime D'n'B"" Remix)",0,,-,1062,RIV*,長崎県,1849,SHIURA,長崎県,2896,GGSATO,長崎県,0,,-
EPOLIS,神様、つれない。,0,,-,682,RIV*,長崎県,1340,*RINNE,長崎県,2085,TAU,長崎県,0,,-
EPOLIS,終焔のClaudia,0,,-,1353,LOW.S,長崎県,1819,RIV*,長崎県,2663,HF,長崎県,0,,-
EPOLIS,酔いどれ知らず,257,GOLI,長崎県,741,TKNITK,長崎県,1199,YY,長崎県,2188,HF,長崎県,0,,-
EPOLIS,閉塞的フレーション,0,,-,1020,SAYO**,長崎県,1588,LOW.S,長崎県,2385,STEAK,長崎県,0,,-
EPOLIS,雫,0,,-,991,RIV*,長崎県,2036,LOW.S,長崎県,2624,GUINAN,長崎県,0,,-
EPOLIS,電光,0,,-,936,NUNDA,長崎県,1680,SHIURA,長崎県,2913,P.,長崎県,0,,-
EPOLIS,電子になりたい,0,,-,775,NUNDA,長崎県,1346,!,長崎県,1943,GGSATO,長崎県,0,,-
EPOLIS,電腦都市,0,,-,1353,RIV*,長崎県,2167,LUFT,長崎県,3234,HF,長崎県,0,,-
Pinky Crush,1116,0,,-,1050,YY,長崎県,1980,PCFAXX,長崎県,2908,HF,長崎県,0,,-
Pinky Crush,ADAMANT,0,,-,1032,NUNDA,長崎県,1883,LOW.S,長崎県,2953,HF,長崎県,0,,-
Pinky Crush,Aqvion,0,,-,1156,RIV*,長崎県,1882,TAU,長崎県,3438,GOTHIC,長崎県,0,,-
Pinky Crush,Arcanos,0,,-,543,MOON,長崎県,1055,IIDX33,長崎県,1956,JJS,長崎県,0,,-
Pinky Crush,Bang-Boo Bumble,0,,-,1108,RIV*,長崎県,1868,LOW.S,長崎県,2801,MOCCOS,長崎県,0,,-
Pinky Crush,Bling-Bang-Bang-Born,323,GOLI,長崎県,550,TARO,長崎県,1068,CLUMSY,長崎県,1916,HEIPOP,長崎県,2045,GOTHIC,長崎県
Pinky Crush,Bring The Fire,0,,-,1118,RIV*,長崎県,1612,THE619,長崎県,3319,HF,長崎県,0,,-
Pinky Crush,Butterfly Twist,0,,-,1005,RIV*,長崎県,1529,LOW.S,長崎県,2619,MOCCOS,長崎県,0,,-
Pinky Crush,CHAOTIC SUNBIRD,0,,-,965,TTZK,長崎県,1616,LOW.S,長崎県,3133,GGSATO,長崎県,0,,-
Pinky Crush,Chasing After YOU ～夢の欠片～ ft. 小林マナ,0,,-,978,RIV*,長崎県,1345,YUSUKE,長崎県,2022,P.,長崎県,0,,-
Pinky Crush,Constellation,0,,-,931,RIV*,長崎県,1761,RIV*,長崎県,2665,MOCCOS,長崎県,0,,-
Pinky Crush,COSMIC V3LOCITY,0,,-,1219,YY,長崎県,1984,N-P!*,長崎県,3116,P.,長崎県,0,,-
Pinky Crush,Cross Fire,0,,-,980,NUNDA,長崎県,2029,LUFT,長崎県,3183,HF,長崎県,0,,-
Pinky Crush,destination,0,,-,1004,RIV*,長崎県,1924,IIDX31,長崎県,3276,HF,長崎県,0,,-
Pinky Crush,Digital Radiance,0,,-,1118,RIV*,長崎県,1063,GOLI,長崎県,1992,KUMA..,長崎県,0,,-
Pinky Crush,DIVINE JUDGEMENT,0,,-,1007,RIV*,長崎県,1885,Y.O,長崎県,2700,HF,長崎県,0,,-
Pinky Crush,Dreamship,0,,-,819,TTZK,長崎県,1272,CLUMSY,長崎県,1939,GOTHIC,長崎県,0,,-
Pinky Crush,Drop Syndicate,0,,-,1139,RIV*,長崎県,1756,*RINNE,長崎県,3487,HF,長崎県,0,,-
Pinky Crush,Eleanor,0,,-,694,GOLI,長崎県,1246,YY,長崎県,2326,GOTHIC,長崎県,0,,-
Pinky Crush,ELYSIUM,0,,-,857,NUNDA,長崎県,1495,LOW.S,長崎県,2617,MOCCOS,長崎県,0,,-
Pinky Crush,everlastingeuphoria:,0,,-,1078,TAU,長崎県,1617,TAU,長崎県,2349,HEIPOP,長崎県,0,,-
Pinky Crush,EX-MASSIVE FIGHTER,0,,-,1205,RIV*,長崎県,1834,SKY874,長崎県,3285,HF,長崎県,0,,-
Pinky Crush,EYE OF THE HEAVEN,0,,-,961,NUNDA,長崎県,2183,IFRINA,長崎県,3476,HF,長崎県,0,,-
Pinky Crush,FERMI PARADOX,0,,-,1144,RIV*,長崎県,1617,LOW.S,長崎県,2489,PCFAXX,長崎県,0,,-
Pinky Crush,Fiery Stallion,0,,-,836,NUNDA,長崎県,1625,LOW.S,長崎県,2326,MOCCOS,長崎県,0,,-
Pinky Crush,Flamingo,0,,-,1059,TAU,長崎県,2172,TAU,長崎県,3274,PCFAXX,長崎県,0,,-
Pinky Crush,FlyAway,0,,-,1122,NUNDA,長崎県,1916,RIV*,長崎県,3091,GOTHIC,長崎県,0,,-
Pinky Crush,Galaxy Collapse,0,,-,824,TAU,長崎県,1235,TAU,長崎県,1849,GGSATO,長崎県,0,,-
Pinky Crush,get set mind,0,,-,998,RIV*,長崎県,1498,LOW.S,長崎県,2406,KUMA..,長崎県,0,,-
Pinky Crush,God Mind,0,,-,1410,RIV*,長崎県,2461,DAIKI*,長崎県,3991,GOTHIC,長崎県,0,,-
Pinky Crush,Good Looking,0,,-,714,TAU,長崎県,1251,TAU,長崎県,1921,TAU,長崎県,0,,-
Pinky Crush,Here We Go Now,0,,-,1092,RIV*,長崎県,1958,IIDX31,長崎県,3221,VEW,長崎県,0,,-
Pinky Crush,hora de verdad,0,,-,1079,RIV*,長崎県,1663,KASUMI,長崎県,2903,HF,長崎県,0,,-
Pinky Crush,IN BETWEEN,0,,-,901,RIV*,長崎県,1487,LOW.S,長崎県,2330,VEW,長崎県,0,,-
Pinky Crush,KOTONOHA ft. Kotoha,0,,-,809,RIV*,長崎県,1281,LOW.S,長崎県,1963,GOTHIC,長崎県,0,,-
Pinky Crush,Lightspeed,0,,-,1230,RIV*,長崎県,1990,MOOON*,長崎県,3026,STEAK,長崎県,0,,-
Pinky Crush,lowercase lifetime,0,,-,1036,RIV*,長崎県,1993,LOW.S,長崎県,2693,MOCCOS,長崎県,0,,-
Pinky Crush,Lycoris,0,,-,760,RIV*,長崎県,1355,SAYO**,長崎県,2013,PCFAXX,長崎県,0,,-
Pinky Crush,MARLIN,0,,-,1181,RIV*,長崎県,2102,IFRINA,長崎県,3363,HF,長崎県,0,,-
Pinky Crush,Mid-Corner (Magic Maker),0,,-,1188,RIV*,長崎県,1887,IFRINA,長崎県,3051,HF,長崎県,0,,-
Pinky Crush,Mighty Cutie,0,,-,1143,RIV*,長崎県,1956,LOW.S,長崎県,2706,MOCCOS,長崎県,0,,-
Pinky Crush,MVP,0,,-,888,RIV*,長崎県,1486,LOW.S,長崎県,2544,MOCCOS,長崎県,0,,-
Pinky Crush,NOIXIA,0,,-,993,GOLI,長崎県,2034,N-P!*,長崎県,3824,GOTHIC,長崎県,0,,-
Pinky Crush,PERFECT HUMAN,478,GOLI,長崎県,859,RIV*,長崎県,1238,YY,長崎県,2149,VEW,長崎県,0,,-
Pinky Crush,Pinky Happy Crazy,0,,-,1317,HEIPOP,長崎県,2454,TAU,長崎県,3470,GOTHIC,長崎県,0,,-
Pinky Crush,PIT A PAT,0,,-,996,RIV*,長崎県,1677,NAGO,長崎県,2497,GOTHIC,長崎県,0,,-
Pinky Crush,Plazma,263,RIV*,長崎県,676,IIDX34,長崎県,1223,LOW.S,長崎県,1984,KANI,長崎県,2732,HF,長崎県
Pinky Crush,Plea Per Phase,0,,-,954,NUNDA,長崎県,1717,LOW.S,長崎県,2636,MOCCOS,長崎県,0,,-
Pinky Crush,PopなEDEN,0,,-,950,RIV*,長崎県,1574,LOW.S,長崎県,2429,GOTHIC,長崎県,0,,-
Pinky Crush,Raspberry Potion (feat.あれたん & ぎゃるのしん☆),0,,-,877,IIDX34,長崎県,1745,LOW.S,長崎県,2470,HF,長崎県,0,,-
Pinky Crush,RAVE SYNDROME,0,,-,855,GOLI,長崎県,1643,LOW.S,長崎県,2726,P.,長崎県,0,,-
Pinky Crush,Roar of Chronos,0,,-,1215,RIV*,長崎県,2008,RIV*,長崎県,3854,HF,長崎県,0,,-
Pinky Crush,Satellite Burst,0,,-,1217,RIV*,長崎県,1920,*RINNE,長崎県,3723,HF,長崎県,0,,-
Pinky Crush,Secret Rouge,0,,-,843,SAYO**,長崎県,1499,!,長崎県,2309,GOTHIC,長崎県,0,,-
Pinky Crush,Shirdal,0,,-,854,TAU,長崎県,1460,TAU,長崎県,2346,HEIPOP,長崎県,0,,-
Pinky Crush,Show Me All Your Love,0,,-,1105,RIV*,長崎県,1945,LOW.S,長崎県,2795,HEIPOP,長崎県,0,,-
Pinky Crush,SISYPHUS,0,,-,854,NUNDA,長崎県,1554,ABABA,長崎県,2585,HF,長崎県,0,,-
Pinky Crush,Skratch Education Lv-1,0,,-,944,RIV*,長崎県,1638,S.MAYU,長崎県,2549,PCFAXX,長崎県,0,,-
Pinky Crush,Slumber☆Party,0,,-,835,RIV*,長崎県,1622,*RINNE,長崎県,2131,SR.,長崎県,0,,-
Pinky Crush,Space In Time,0,,-,809,RIV*,長崎県,1489,LOW.S,長崎県,1969,HF,長崎県,0,,-
Pinky Crush,Stargazing Trip ～星 探す旅～ ft. 小林マナ,0,,-,1074,RIV*,長崎県,1765,LOW.S,長崎県,2666,GOTHIC,長崎県,0,,-
Pinky Crush,SUPER HEROINE!!,0,,-,918,RIV*,長崎県,1603,LOW.S,長崎県,2231,SR.,長崎県,0,,-
Pinky Crush,SμG@R RU$#,0,,-,1250,SLIVER,長崎県,2301,DAIKI*,長崎県,3336,HF,長崎県,0,,-
Pinky Crush,TECHNO RUMBLE,0,,-,1122,TAU,長崎県,1763,LOW.S,長崎県,2725,MOCCOS,長崎県,0,,-
Pinky Crush,u gotta beat,0,,-,1311,RIV*,長崎県,2177,T41K1N,長崎県,3393,HF,長崎県,0,,-
Pinky Crush,Uaigh Gealai,0,,-,1277,TAU,長崎県,2159,PCFAXX,長崎県,3655,HF,長崎県,0,,-
Pinky Crush,uen,0,,-,1398,TAU,長崎県,2079,TAU,長崎県,2910,HF,長崎県,0,,-
Pinky Crush,Vibing! Shake it!,0,,-,899,NUNDA,長崎県,1522,KASUZU,長崎県,2460,GOTHIC,長崎県,0,,-
Pinky Crush,Without Heaven,0,,-,1298,RIV*,長崎県,2046,RIV*,長崎県,3555,HF,長崎県,0,,-
Pinky Crush,XHRONOXAPSULΞ,0,,-,1128,RIV*,長崎県,2230,S.MAYU,長崎県,3583,HF,長崎県,0,,-
Pinky Crush,えだまめカレークッキング,404,GOLI,長崎県,788,RIV*,長崎県,1262,LOW.S,長崎県,2159,HF,長崎県,0,,-
Pinky Crush,きみのせかい,0,,-,1010,RIV*,長崎県,1597,RIV*,長崎県,2771,MOCCOS,長崎県,0,,-
Pinky Crush,きゅうくらりん,443,RIV*,長崎県,861,RIV*,長崎県,1706,SAYO**,長崎県,2346,GGSATO,長崎県,0,,-
Pinky Crush,アラビアン ハイパー ナイト,0,,-,1158,TAU,長崎県,1818,TAU,長崎県,3161,HF,長崎県,0,,-
Pinky Crush,イガク,295,GOLI,長崎県,870,RIV*,長崎県,1402,FUFUE.,長崎県,2002,P.,長崎県,2968,GOTHIC,長崎県
Pinky Crush,エクスプロウル,0,,-,922,RIV*,長崎県,1581,LOW.S,長崎県,2375,HF,長崎県,0,,-
Pinky Crush,オッドラヴィ,371,GOLI,長崎県,1032,RIV*,長崎県,1493,RUSKE,長崎県,2510,P.,長崎県,0,,-
Pinky Crush,オブソミート,234,RIV*,長崎県,851,RIV*,長崎県,1382,!,長崎県,2368,HF,長崎県,0,,-
Pinky Crush,キスキツネ,192,RIV*,長崎県,875,RIV*,長崎県,1426,YY,長崎県,2331,P.,長崎県,0,,-
Pinky Crush,ギャ・ギャ・ギャ・ギャラクシー！,0,,-,885,RIV*,長崎県,1582,LOW.S,長崎県,2353,STEAK,長崎県,0,,-
Pinky Crush,ゲシュタルト,381,GOLI,長崎県,929,RIV*,長崎県,1468,YY,長崎県,2427,P.,長崎県,3286,GOTHIC,長崎県
Pinky Crush,スキッテイエェエエェ!!!!,0,,-,1517,LOW.S,長崎県,2413,LOW.S,長崎県,4113,GOTHIC,長崎県,0,,-
Pinky Crush,スパークリング☆彡ハイパーチューン！！,0,,-,1365,YY,長崎県,1921,F-REO,長崎県,3600,HF,長崎県,0,,-
Pinky Crush,ドリムチウ,0,,-,841,RIV*,長崎県,1444,YUSUKE,長崎県,2556,GOTHIC,長崎県,0,,-
Pinky Crush,ドーナツホール 2024,318,GOLI,長崎県,959,RIV*,長崎県,1613,LOW.S,長崎県,2361,GOTHIC,長崎県,0,,-
Pinky Crush,ハオ,298,GOLI,長崎県,830,RIV*,長崎県,1655,!,長崎県,2858,GOTHIC,長崎県,0,,-
Pinky Crush,ハルイロメロディー,0,,-,868,SAYO**,長崎県,1369,RIV*,長崎県,2207,P.,長崎県,0,,-
Pinky Crush,ビビデバ,256,GOLI,長崎県,759,RIV*,長崎県,1212,YY,長崎県,2022,STEAK,長崎県,0,,-
Pinky Crush,ファイナルレター,0,,-,963,RIV*,長崎県,1835,LOW.S,長崎県,2599,HF,長崎県,0,,-
Pinky Crush,メズマライザー,548,GOLI,長崎県,1110,YY,長崎県,1764,LOW.S,長崎県,2711,GOTHIC,長崎県,0,,-
Pinky Crush,ロマンシングエスケープ,0,,-,423,RIV*,長崎県,1065,YY,長崎県,1773,VEW,長崎県,0,,-
Pinky Crush,天使のカンタータ -Cantata of Angels-,0,,-,1227,RIV*,長崎県,2088,RIV*,長崎県,3940,HF,長崎県,0,,-
Pinky Crush,弾幕信仰,0,,-,1070,SAYO**,長崎県,1622,LOW.S,長崎県,2483,STEAK,長崎県,0,,-
Pinky Crush,我ら完全無敵のアイドル!!,224,GOLI,長崎県,1033,RIV*,長崎県,1553,YY,長崎県,2521,GGSATO,長崎県,0,,-
Pinky Crush,断罪の一花,0,,-,880,RIV*,長崎県,1492,F-REO,長崎県,2523,GOTHIC,長崎県,0,,-
Pinky Crush,最強頂戴girl,0,,-,825,RIV*,長崎県,1302,YY,長崎県,2109,JJS,長崎県,0,,-
Pinky Crush,朱と碧のランページ,0,,-,748,EIGHT,長崎県,1687,LOW.S,長崎県,2468,KANI,長崎県,0,,-
Pinky Crush,消極的セツナイズム,0,,-,955,RIV*,長崎県,1457,CLUMSY,長崎県,2180,LUFT,長崎県,0,,-
Pinky Crush,灼熱 Lost Summer Dayz,0,,-,978,YOCTO3,長崎県,1784,RIV*,長崎県,2602,GGSATO,長崎県,0,,-
Pinky Crush,無双,0,,-,955,TTZK,長崎県,1822,YUSUKE,長崎県,3244,MOCCOS,長崎県,0,,-
Pinky Crush,爆ぜりゃんせ,0,,-,1046,NUNDA,長崎県,1875,LOW.S,長崎県,2926,GOTHIC,長崎県,0,,-
Pinky Crush,覚悟せよ！エンタンメ～ン ～より身の切り売り自暴自棄版～,0,,-,1044,RIV*,長崎県,1860,LOW.S,長崎県,2716,GGSATO,長崎県,0,,-
Pinky Crush,進捗ダメダメです,281,RIV*,長崎県,772,RIV*,長崎県,1479,YY,長崎県,2214,P.,長崎県,0,,-
Pinky Crush,飴玉,0,,-,568,RIV*,長崎県,809,YY,長崎県,1312,SAYO**,長崎県,0,,-
Pinky Crush,ＰＡＳＴＥＬＩＳＭ,0,,-,1008,RIV*,長崎県,1451,RIV*,長崎県,2015,MOCCOS,長崎県,0,,-
Sparkle Shower,2 Be Continued,0,,-,1031,HEIPOP,長崎県,1952,MOCCOS,長崎県,3484,HF,長崎県,0,,-
Sparkle Shower,A Certified Rave Moment,0,,-,985,HEIPOP,長崎県,1733,MOCCOS,長崎県,2690,PCFAXX,長崎県,0,,-
Sparkle Shower,ACID VISION,0,,-,1109,HEIPOP,長崎県,1619,HEIPOP,長崎県,1821,HEIPOP,長崎県,0,,-
Sparkle Shower,AGETEKE ONDO,0,,-,1011,MOCCOS,長崎県,1612,HEIPOP,長崎県,2570,GOTHIC,長崎県,0,,-
Sparkle Shower,Amor∞Fati,0,,-,1232,MOCCOS,長崎県,2501,MOCCOS,長崎県,3872,HF,長崎県,0,,-
Sparkle Shower,Any％,0,,-,1185,HEIPOP,長崎県,2128,HEIPOP,長崎県,3470,HF,長崎県,0,,-
Sparkle Shower,Astra Blaze,0,,-,1174,HEIPOP,長崎県,2233,MOCCOS,長崎県,3247,PCFAXX,長崎県,0,,-
Sparkle Shower,Bang Bang Dance,0,,-,831,HEIPOP,長崎県,1706,MOCCOS,長崎県,2734,P.,長崎県,0,,-
Sparkle Shower,BattleRoyal,0,,-,1106,TAU,長崎県,1725,MOCCOS,長崎県,2529,GOTHIC,長崎県,0,,-
Sparkle Shower,Begin,0,,-,1018,HEIPOP,長崎県,1981,MOCCOS,長崎県,3169,VEW,長崎県,0,,-
Sparkle Shower,BitRacer,0,,-,1099,MOCCOS,長崎県,2033,MOCCOS,長崎県,3367,HF,長崎県,0,,-
Sparkle Shower,Bloom,0,,-,683,RIV*,長崎県,1183,MOCCOS,長崎県,1764,MOCCOS,長崎県,0,,-
Sparkle Shower,blue anthem,0,,-,1170,HEIPOP,長崎県,1705,MOCCOS,長崎県,2862,VEW,長崎県,0,,-
Sparkle Shower,Caramel Pain,233,IIDX34,長崎県,635,HEIPOP,長崎県,1035,LOW.S,長崎県,1655,GOTHIC,長崎県,0,,-
Sparkle Shower,Catch ya Getcha!,0,,-,1039,HEIPOP,長崎県,1937,HEIPOP,長崎県,2771,P.,長崎県,0,,-
Sparkle Shower,chaplet -IIDX re:build-,0,,-,1010,HEIPOP,長崎県,1911,MOCCOS,長崎県,2774,PCFAXX,長崎県,0,,-
Sparkle Shower,COLOR BURST,199,IIDX34,長崎県,786,HEIPOP,長崎県,1382,MOCCOS,長崎県,2173,VEW,長崎県,0,,-
Sparkle Shower,Countdown to Heaven or Hell,0,,-,1236,MOCCOS,長崎県,1984,HEIPOP,長崎県,3000,VEW,長崎県,0,,-
Sparkle Shower,D.K.N. ON,0,,-,1032,HEIPOP,長崎県,1950,MOCCOS,長崎県,2632,HF,長崎県,0,,-
Sparkle Shower,Digitized Ocean,0,,-,1163,SG2.,長崎県,1967,MOCCOS,長崎県,3428,HF,長崎県,0,,-
Sparkle Shower,Disco Killer Music Lover,0,,-,1085,HEIPOP,長崎県,1791,HEIPOP,長崎県,2990,HF,長崎県,0,,-
Sparkle Shower,Dolphin Kick,0,,-,1475,MOCCOS,長崎県,2158,HEIPOP,長崎県,3435,HF,長崎県,0,,-
Sparkle Shower,Dusk Endir,0,,-,1047,MOCCOS,長崎県,2256,MOCCOS,長崎県,3178,HF,長崎県,0,,-
Sparkle Shower,ESPRIT ONE,0,,-,1286,HEIPOP,長崎県,1760,MOCCOS,長崎県,2833,MOCCOS,長崎県,0,,-
Sparkle Shower,Ex-Otogibanashi,173,IIDX34,長崎県,458,IIDX34,長崎県,957,HEIPOP,長崎県,1575,GOTHIC,長崎県,0,,-
Sparkle Shower,Fashion Fruit,0,,-,1058,HEIPOP,長崎県,1920,HEIPOP,長崎県,2986,GOTHIC,長崎県,0,,-
Sparkle Shower,fixer,0,,-,814,MOCCOS,長崎県,1705,MOCCOS,長崎県,3378,HF,長崎県,0,,-
Sparkle Shower,FIZZY FIZZY POP,0,,-,837,MOCCOS,長崎県,1567,MOCCOS,長崎県,2217,P.,長崎県,0,,-
Sparkle Shower,FiZZλ_POT!0N,0,,-,1414,MOCCOS,長崎県,2043,MOCCOS,長崎県,3320,HF,長崎県,0,,-
Sparkle Shower,From Human Blood,0,,-,1211,RIV*,長崎県,2046,MOCCOS,長崎県,3476,HF,長崎県,0,,-
Sparkle Shower,Funky Quirky,0,,-,926,HEIPOP,長崎県,1864,MOCCOS,長崎県,2563,GOTHIC,長崎県,0,,-
Sparkle Shower,Get Into The Groove feat.WaMi,0,,-,978,HEIPOP,長崎県,1385,HEIPOP,長崎県,2237,HF,長崎県,0,,-
Sparkle Shower,Gimme a Big Beat(青龍 Remix),0,,-,1230,HEIPOP,長崎県,2303,MOCCOS,長崎県,3017,HF,長崎県,0,,-
Sparkle Shower,GO!,0,,-,856,MOCCOS,長崎県,1770,MOCCOS,長崎県,2909,STEAK,長崎県,0,,-
Sparkle Shower,GOLD RUSH 2025,0,,-,858,HEIPOP,長崎県,1542,HEIPOP,長崎県,2690,GOTHIC,長崎県,0,,-
Sparkle Shower,Hallucination,0,,-,1043,HEIPOP,長崎県,1850,HEIPOP,長崎県,2605,PCFAXX,長崎県,0,,-
Sparkle Shower,HEROES,0,,-,1336,HEIPOP,長崎県,2174,MOCCOS,長崎県,3189,HF,長崎県,0,,-
Sparkle Shower,HORIZON BEATZ,0,,-,762,IIDX34,長崎県,1645,MOCCOS,長崎県,2520,VEW,長崎県,0,,-
Sparkle Shower,HyperTwist,0,,-,1275,MOCCOS,長崎県,2172,MOCCOS,長崎県,3212,VEW,長崎県,0,,-
Sparkle Shower,Ignited Night,0,,-,1077,HEIPOP,長崎県,1527,DAIKI*,長崎県,2316,HEIPOP,長崎県,0,,-
Sparkle Shower,Iridescent Memories,0,,-,1520,MOCCOS,長崎県,2127,MOCCOS,長崎県,3721,HF,長崎県,0,,-
Sparkle Shower,JUST SYNC ft.Kanae Asaba,0,,-,749,RIV*,長崎県,1270,HEIPOP,長崎県,2011,GOTHIC,長崎県,0,,-
Sparkle Shower,Kick The Rainbow,0,,-,1128,MOCCOS,長崎県,1994,MOCCOS,長崎県,2854,P.,長崎県,0,,-
Sparkle Shower,King of Tribe,0,,-,1097,HEIPOP,長崎県,2009,MOCCOS,長崎県,3014,HF,長崎県,0,,-
Sparkle Shower,kors k's Let's make an Image Song!,0,,-,977,HEIPOP,長崎県,1849,MOCCOS,長崎県,2664,MOCCOS,長崎県,0,,-
Sparkle Shower,Last Card,0,,-,1051,MOCCOS,長崎県,1832,HEIPOP,長崎県,3051,VEW,長崎県,0,,-
Sparkle Shower,LEMON MELON COOKIE,367,IIDX34,長崎県,809,IIDX34,長崎県,1538,MOCCOS,長崎県,2242,GOTHIC,長崎県,0,,-
Sparkle Shower,Limelight,0,,-,1119,HEIPOP,長崎県,1911,HEIPOP,長崎県,2924,HF,長崎県,0,,-
Sparkle Shower,Lisa-RICCIA,510,IIDX34,長崎県,1229,SAYO**,長崎県,2201,MOCCOS,長崎県,3284,GOTHIC,長崎県,4400,VEW,長崎県
Sparkle Shower,Makin' It,0,,-,1020,IIDX34,長崎県,1611,S.MAYU,長崎県,2562,PCFAXX,長崎県,0,,-
Sparkle Shower,Memoria Obscura,0,,-,1000,HEIPOP,長崎県,2136,MOCCOS,長崎県,3954,HF,長崎県,0,,-
Sparkle Shower,Meteor☆Shower,0,,-,956,MOCCOS,長崎県,2050,MOCCOS,長崎県,2860,HF,長崎県,0,,-
Sparkle Shower,Mighty Beat Monsterz,0,,-,1237,HEIPOP,長崎県,1902,MOCCOS,長崎県,3085,VEW,長崎県,0,,-
Sparkle Shower,MOCHIMOCHI DREAMIN!!,0,,-,1114,HEIPOP,長崎県,1830,MOCCOS,長崎県,2942,PCFAXX,長崎県,0,,-
Sparkle Shower,Nemophila,0,,-,1032,HEIPOP,長崎県,1798,MOCCOS,長崎県,2636,HF,長崎県,0,,-
Sparkle Shower,Nyan Nyan University,0,,-,915,HEIPOP,長崎県,1594,KANI,長崎県,2543,GOTHIC,長崎県,0,,-
Sparkle Shower,OMEGA,0,,-,1082,MOCCOS,長崎県,2093,MOCCOS,長崎県,3228,HF,長崎県,0,,-
Sparkle Shower,PALETTE,363,IIDX34,長崎県,864,HEIPOP,長崎県,1448,MOCCOS,長崎県,2051,STEAK,長崎県,0,,-
Sparkle Shower,PERFECT GREAT!!,0,,-,1275,HEIPOP,長崎県,2383,MOCCOS,長崎県,3672,HF,長崎県,0,,-
Sparkle Shower,pique,0,,-,1116,MOCCOS,長崎県,2000,HEIPOP,長崎県,2938,P.,長崎県,0,,-
Sparkle Shower,RALLY '25,0,,-,1203,HEIPOP,長崎県,2112,HEIPOP,長崎県,3126,HF,長崎県,0,,-
Sparkle Shower,REcorrection,0,,-,587,HEIPOP,長崎県,1085,MOCCOS,長崎県,1559,HF,長崎県,0,,-
Sparkle Shower,Regina vespaE,0,,-,1221,HEIPOP,長崎県,2203,MOCCOS,長崎県,3439,HF,長崎県,0,,-
Sparkle Shower,RIZING-GAMERS.,0,,-,1034,HEIPOP,長崎県,2252,MOCCOS,長崎県,3273,HF,長崎県,0,,-
Sparkle Shower,RUINA,0,,-,928,MOCCOS,長崎県,1766,MOCCOS,長崎県,2708,HF,長崎県,0,,-
Sparkle Shower,Second Heaven(Mamonis Remix),0,,-,921,TAU,長崎県,1628,HF,長崎県,2431,HEIPOP,長崎県,0,,-
Sparkle Shower,SHINING☆DANCE,0,,-,864,RIV*,長崎県,1529,HEIPOP,長崎県,2456,GOTHIC,長崎県,0,,-
Sparkle Shower,Shooting Star,236,IIDX34,長崎県,829,IIDX34,長崎県,1492,MOCCOS,長崎県,2425,PCFAXX,長崎県,0,,-
Sparkle Shower,Show Time,0,,-,845,RIV*,長崎県,1401,MOCCOS,長崎県,2014,P.,長崎県,0,,-
Sparkle Shower,Signs and Wonders,0,,-,666,HEIPOP,長崎県,1026,SHIURA,長崎県,1593,STEAK,長崎県,0,,-
Sparkle Shower,SILKY BRAVE,0,,-,895,IIDX34,長崎県,1591,MOCCOS,長崎県,2351,MOCCOS,長崎県,0,,-
Sparkle Shower,Skywalking,0,,-,894,MOCCOS,長崎県,1437,HEIPOP,長崎県,2302,PCFAXX,長崎県,0,,-
Sparkle Shower,Smintheus,0,,-,1285,HEIPOP,長崎県,2293,MOCCOS,長崎県,3406,HF,長崎県,0,,-
Sparkle Shower,SnapSkipSpark,0,,-,1073,HEIPOP,長崎県,1896,KANI,長崎県,2898,HF,長崎県,0,,-
Sparkle Shower,Space Battleship S4TO,0,,-,1314,MOCCOS,長崎県,2172,MOCCOS,長崎県,3701,VEW,長崎県,0,,-
Sparkle Shower,SPLASH!!!!!!!!!,0,,-,909,RIV*,長崎県,1473,HEIPOP,長崎県,2259,GOTHIC,長崎県,0,,-
Sparkle Shower,Substance,0,,-,1162,HEIPOP,長崎県,1666,LOW.S,長崎県,3006,HF,長崎県,0,,-
Sparkle Shower,super double play sessions,0,,-,1411,LUFT,長崎県,2324,MOCCOS,長崎県,3919,GOTHIC,長崎県,0,,-
Sparkle Shower,THUNDERSTRIKE,0,,-,1275,HEIPOP,長崎県,2051,MOCCOS,長崎県,3334,HF,長崎県,0,,-
Sparkle Shower,TOKAKU=ALMiRAJ,0,,-,912,HEIPOP,長崎県,1894,TAU,長崎県,2738,KANI,長崎県,0,,-
Sparkle Shower,UNDO THE NIGHT,0,,-,1028,RIV*,長崎県,2053,MOCCOS,長崎県,3288,VEW,長崎県,0,,-
Sparkle Shower,Vitamin,0,,-,1156,MOCCOS,長崎県,1787,MOCCOS,長崎県,2581,VEW,長崎県,0,,-
Sparkle Shower,voice of echo.,0,,-,1099,HEIPOP,長崎県,1783,MOCCOS,長崎県,2701,VEW,長崎県,0,,-
Sparkle Shower,Watermelon Explosion,0,,-,757,HEIPOP,長崎県,1358,HEIPOP,長崎県,1981,PCFAXX,長崎県,0,,-
Sparkle Shower,Wizards!,0,,-,781,RIV*,長崎県,1611,RIV*,長崎県,2238,MOCCOS,長崎県,0,,-
Sparkle Shower,X-Plan,0,,-,718,SG2.,長崎県,1334,HEIPOP,長崎県,2145,HEIPOP,長崎県,0,,-
Sparkle Shower,[E],0,,-,1474,HEIPOP,長崎県,2197,HEIPOP,長崎県,3377,HF,長崎県,0,,-
Sparkle Shower,Τeλοs,0,,-,1052,MOCCOS,長崎県,1746,HEIPOP,長崎県,2550,HF,長崎県,0,,-
Sparkle Shower,ιgniЯRuina,0,,-,1376,HEIPOP,長崎県,2116,MOCCOS,長崎県,3422,VEW,長崎県,0,,-
Sparkle Shower,⁽⁽ଘ( ˙꒳˙ )ଓ⁾⁾ beyond reason,0,,-,1267,MOCCOS,長崎県,2089,MOCCOS,長崎県,3671,VEW,長崎県,0,,-
Sparkle Shower,かわいいだけじゃだめですか？,218,IIDX34,長崎県,928,TAU,長崎県,1574,HEIPOP,長崎県,2120,GOTHIC,長崎県,3424,GOTHIC,長崎県
Sparkle Shower,じぇりー じゅえる ジャングル,0,,-,1225,MOCCOS,長崎県,1920,LOW.S,長崎県,3199,HF,長崎県,0,,-
Sparkle Shower,それが、ボクの使命～レスキュー隊長 メンキュー～,0,,-,733,RIV*,長崎県,1554,MOCCOS,長崎県,2147,GOTHIC,長崎県,0,,-
Sparkle Shower,でんぱ どりる わんにゃー☆三,286,RIV*,長崎県,1183,HEIPOP,長崎県,2228,ACBEXE,長崎県,3281,STEAK,長崎県,0,,-
Sparkle Shower,もんめためたもん,218,IIDX34,長崎県,847,HEIPOP,長崎県,1399,HEIPOP,長崎県,2224,STEAK,長崎県,0,,-
Sparkle Shower,オーバーライド,476,IIDX34,長崎県,1205,TAU,長崎県,1789,ACBEXE,長崎県,3160,PCFAXX,長崎県,0,,-
Sparkle Shower,キミとえがくキセキ,0,,-,907,HEIPOP,長崎県,1499,MOCCOS,長崎県,2228,MOCCOS,長崎県,0,,-
Sparkle Shower,クレッシェンド,0,,-,1205,HEIPOP,長崎県,1873,MOCCOS,長崎県,3239,HF,長崎県,0,,-
Sparkle Shower,サタデーナイト☆ギャロップ,0,,-,1283,MOCCOS,長崎県,1927,HEIPOP,長崎県,3883,HF,長崎県,0,,-
Sparkle Shower,タンポポ,0,,-,1243,SAYO**,長崎県,1887,MOCCOS,長崎県,2606,MOCCOS,長崎県,0,,-
Sparkle Shower,デラむぅのでらっくす☆どり～むぅ,0,,-,818,SAYO**,長崎県,1298,SHIURA,長崎県,1953,GOTHIC,長崎県,0,,-
Sparkle Shower,バブリン,273,IIDX34,長崎県,1147,IIDX34,長崎県,1696,LOW.S,長崎県,2422,GOTHIC,長崎県,0,,-
Sparkle Shower,ビビッド ☆+*。キラキライム,538,IIDX34,長崎県,1185,RIV*,長崎県,2068,HEIPOP,長崎県,3696,HF,長崎県,0,,-
Sparkle Shower,ベラ・ベ・カラベラ,0,,-,1035,HEIPOP,長崎県,1661,HEIPOP,長崎県,2669,GOTHIC,長崎県,0,,-
Sparkle Shower,ベンガル vs. アムール Battle,0,,-,1320,HEIPOP,長崎県,2037,HEIPOP,長崎県,3618,GOTHIC,長崎県,0,,-
Sparkle Shower,メテオラ-meteor-,0,,-,1057,HEIPOP,長崎県,1814,HEIPOP,長崎県,2425,HF,長崎県,0,,-
Sparkle Shower,メルト CPK! Remix (初音ミク ver.),473,IIDX34,長崎県,866,HEIPOP,長崎県,1637,LOW.S,長崎県,2831,GOTHIC,長崎県,0,,-
Sparkle Shower,ラブコメトキドキシリアス,0,,-,1252,HEIPOP,長崎県,1989,MOCCOS,長崎県,3523,HF,長崎県,0,,-
Sparkle Shower,レシピのリドル,0,,-,642,SAYO**,長崎県,1402,SHIURA,長崎県,2295,STEAK,長崎県,0,,-
Sparkle Shower,三日天下モンキー,0,,-,725,MOCCOS,長崎県,1275,MOCCOS,長崎県,1684,GGSATO,長崎県,0,,-
Sparkle Shower,不死身ごっこ,266,IIDX34,長崎県,946,TAU,長崎県,1456,HEIPOP,長崎県,2490,HF,長崎県,0,,-
Sparkle Shower,夏色のセレナーデ,0,,-,869,RIV*,長崎県,1335,HEIPOP,長崎県,2220,P.,長崎県,0,,-
Sparkle Shower,夢色ワンダー,537,IIDX34,長崎県,1496,HEIPOP,長崎県,2139,HEIPOP,長崎県,3140,GGSATO,長崎県,0,,-
Sparkle Shower,好吃来世deエレクトリック,0,,-,813,HEIPOP,長崎県,1378,TAU,長崎県,1892,GOTHIC,長崎県,0,,-
Sparkle Shower,恋愛観測,0,,-,690,HEIPOP,長崎県,1433,LOW.S,長崎県,2448,HEIPOP,長崎県,0,,-
Sparkle Shower,断罪のミメシス,0,,-,1382,HEIPOP,長崎県,2084,HEIPOP,長崎県,3180,HF,長崎県,0,,-
Sparkle Shower,月下繚乱,0,,-,896,RIV*,長崎県,1742,MOCCOS,長崎県,2729,STEAK,長崎県,0,,-
Sparkle Shower,煉獄コンフィチュール,0,,-,1008,HEIPOP,長崎県,1821,MOCCOS,長崎県,2650,GOTHIC,長崎県,0,,-
Sparkle Shower,百恋ラブラスター,0,,-,727,TAU,長崎県,1582,MOCCOS,長崎県,2610,GOTHIC,長崎県,0,,-
Sparkle Shower,色を喪った街,0,,-,1300,SAYO**,長崎県,2360,MOCCOS,長崎県,3619,HF,長崎県,0,,-
Sparkle Shower,華麗なる！音戯探偵ひなビタ,0,,-,686,HEIPOP,長崎県,1306,LOW.S,長崎県,2175,PCFAXX,長崎県,0,,-
Sparkle Shower,鏡像都市,0,,-,831,HEIPOP,長崎県,1380,HEIPOP,長崎県,1947,GOTHIC,長崎県,0,,-
Sparkle Shower,閃と雷管とロープ,0,,-,893,HEIPOP,長崎県,1399,HEIPOP,長崎県,2529,HF,長崎県,0,,-
