バージョン,タイトル,BEGINNER EXスコア,BEGINNER DJName,BEGINNER 都道府県,NORMAL EXスコア,NORMAL DJName,NORMAL 都道府県,HYPER EXスコア,HYPER DJName,HYPER 都道府県,ANOTHER EXスコア,ANOTHER DJName,ANOTHER 都道府県,LEGGENDARIA EXスコア,LEGGENDARIA DJName,LEGGENDARIA 都道府県
1st&substream,22DUNK,0,,-,453,DECIDE,熊本県,563,A.R.JJ,熊本県,646,SILVER,熊本県,0,,-
1st&substream,5.1.1.,0,,-,193,TAKES,熊本県,969,S*U*U,熊本県,1546,SILVER,熊本県,0,,-
1st&substream,deep in you,0,,-,445,DECIDE,熊本県,388,K.Y,熊本県,652,GALA,熊本県,0,,-
1st&substream,Dr.LOVE,0,,-,377,TAIPP2,熊本県,480,K.Y,熊本県,573,STRNGI,熊本県,0,,-
1st&substream,GAMBOL,0,,-,259,FLAME5,熊本県,273,TE2ROW,熊本県,0,,-,0,,-
1st&substream,GENOM SCREAMS,0,,-,381,DECIDE,熊本県,779,KURO.M,熊本県,1025,DOON,熊本県,0,,-
1st&substream,gentle stress,0,,-,323,DECIDE,熊本県,615,UMITO.,熊本県,1422,SILVER,熊本県,0,,-
1st&substream,GRADIUSIC CYBER,0,,-,700,DECIDE,熊本県,920,A.R.JJ,熊本県,1177,SILVER,熊本県,0,,-
1st&substream,KEEP ON MOVIN',0,,-,189,AYOMI*,熊本県,243,GALA,熊本県,0,,-,0,,-
1st&substream,Macho Gang,0,,-,346,DECIDE,熊本県,930,XAI,熊本県,1592,GALA,熊本県,0,,-
1st&substream,PARANOIA MAX～DIRTY MIX～,0,,-,516,DECIDE,熊本県,736,TA-983,熊本県,1094,GALA,熊本県,0,,-
1st&substream,R3,0,,-,578,DECIDE,熊本県,620,AKKEY,熊本県,872,N*KNN,熊本県,0,,-
1st&substream,RUGGED ASH,0,,-,339,DECIDE,熊本県,364,K.Y,熊本県,1089,47,熊本県,1998,SILVER,熊本県
1st&substream,THE EARTH LIGHT,0,,-,643,DECIDE,熊本県,919,AKKEY,熊本県,1145,STRNGI,熊本県,0,,-
2nd style,.59,0,,-,637,DECIDE,熊本県,830,HARUPI,熊本県,1144,GALA,熊本県,0,,-
2nd style,Digital MinD(A/T Libra mix),0,,-,665,DECIDE,熊本県,913,Y.S,熊本県,1114,SILVER,熊本県,0,,-
2nd style,Electro Tuned(the SubS mix),0,,-,722,UMITO.,熊本県,808,Y.S,熊本県,1055,SILVER,熊本県,0,,-
2nd style,I Was The One,0,,-,500,DECIDE,熊本県,0,,-,689,GALA,熊本県,0,,-
2nd style,Indigo Vision(full flavour hide around mix),0,,-,794,DECIDE,熊本県,963,Y.S,熊本県,1207,GALA,熊本県,0,,-
2nd style,PUT YOUR FAITH IN ME(for beatmania II),0,,-,531,DECIDE,熊本県,843,TE2ROW,熊本県,0,,-,0,,-
2nd style,SP-TRIP MACHINE(for beatmania II),0,,-,465,DECIDE,熊本県,556,K.K,熊本県,644,TE2ROW,熊本県,0,,-
3rd style,CAN'T STOP FALLIN'IN LOVE,0,,-,564,DECIDE,熊本県,1245,GALA,熊本県,0,,-,0,,-
3rd style,Don't Stop!,0,,-,718,DECIDE,熊本県,764,UDON.,熊本県,898,SILVER,熊本県,0,,-
3rd style,era (nostalmix),0,,-,735,DECIDE,熊本県,1024,LUV4ME,熊本県,1488,HNKONG,熊本県,0,,-
3rd style,Holic,0,,-,691,DECIDE,熊本県,944,POLTOL,熊本県,1714,STRNGI,熊本県,0,,-
3rd style,LEADING CYBER,0,,-,718,DECIDE,熊本県,1059,AKKEY,熊本県,1271,STRNGI,熊本県,0,,-
3rd style,Presto,0,,-,465,TAIPP2,熊本県,887,XAI,熊本県,996,HNKONG,熊本県,0,,-
3rd style,R5,0,,-,683,TAIPP2,熊本県,1090,JISBOY,熊本県,1755,GALA,熊本県,0,,-
3rd style,REINCARNATION,0,,-,700,DECIDE,熊本県,892,POLTOL,熊本県,1267,GALA,熊本県,0,,-
3rd style,Schlagwerk,0,,-,716,DECIDE,熊本県,1270,TA-983,熊本県,1657,GALA,熊本県,0,,-
3rd style,Skyscraper,0,,-,668,DECIDE,熊本県,898,AKI,熊本県,1236,GALA,熊本県,0,,-
3rd style,Tangerine Stream,0,,-,267,DECIDE,熊本県,388,SILVER,熊本県,0,,-,0,,-
3rd style,THE SAFARI,241,AZUKUN,熊本県,1203,TA-983,熊本県,1738,47,熊本県,0,,-,0,,-
4th style,250bpm,0,,-,581,TAIPP2,熊本県,688,TAIPP2,熊本県,1379,TAKES,熊本県,0,,-
4th style,ABSOLUTE,0,,-,1295,TA-983,熊本県,1509,D-S,熊本県,2350,P-SUK,熊本県,2778,STRNGI,熊本県
4th style,B4U,0,,-,886,K.K,熊本県,1395,CA4SU,熊本県,1969,47,熊本県,0,,-
4th style,Broken My Heart,0,,-,813,TAIPP2,熊本県,1310,SKFB,熊本県,1792,SILVER,熊本県,0,,-
4th style,Burnin' The Floor,0,,-,514,TAIPP2,熊本県,863,K.K,熊本県,1438,SZA,熊本県,0,,-
4th style,CHECKING YOU OUT,0,,-,534,ULLR.,熊本県,855,.EXE,熊本県,1342,STRNGI,熊本県,0,,-
4th style,Clione,0,,-,486,TAIPP2,熊本県,883,ZL,熊本県,1613,STRNGI,熊本県,2174,STRNGI,熊本県
4th style,DXY!,0,,-,1244,TA-983,熊本県,1734,$,熊本県,2150,DOON,熊本県,0,,-
4th style,empathy,0,,-,765,DECIDE,熊本県,1124,D-S,熊本県,1417,SILVER,熊本県,0,,-
4th style,era (step mix),0,,-,924,UDON.,熊本県,1167,AKKEY,熊本県,1582,NUMAP,熊本県,0,,-
4th style,FLOWERS for ALBION,0,,-,219,UDON.,熊本県,431,SILVER,熊本県,0,,-,0,,-
4th style,HIGHER,0,,-,494,DECIDE,熊本県,866,KINO,熊本県,1258,ZND-L,熊本県,0,,-
4th style,Hitch Hiker2,0,,-,730,DECIDE,熊本県,967,LIGHT7,熊本県,1310,STRNGI,熊本県,1936,STRNGI,熊本県
4th style,Jam&Marmalade,0,,-,748,TA-983,熊本県,717,*HAKU*,熊本県,1016,STRNGI,熊本県,0,,-
4th style,KAMIKAZE,0,,-,943,DECIDE,熊本県,1244,UDON.,熊本県,2296,STRNGI,熊本県,0,,-
4th style,LOVE WILL・・・,0,,-,495,UDON.,熊本県,676,UDON.,熊本県,1457,GALA,熊本県,0,,-
4th style,minimalian,0,,-,488,DECIDE,熊本県,866,*HAKU*,熊本県,1373,P.K.R.,熊本県,0,,-
4th style,Mr.T.(take me higher),0,,-,724,DECIDE,熊本県,875,*HAKU*,熊本県,1742,47,熊本県,0,,-
4th style,starmine,404,TAIPP2,熊本県,870,TAKES,熊本県,1300,ASIBA.,熊本県,1574,GALA,熊本県,0,,-
4th style,SWEET LAB,0,,-,493,DECIDE,熊本県,840,UMITO.,熊本県,1351,STRNGI,熊本県,0,,-
4th style,Voltage (feat. Hidemaru),0,,-,814,UDON.,熊本県,1111,SYU3DS,熊本県,1313,STRNGI,熊本県,0,,-
5th style,Abyss,0,,-,1152,CA4SU,熊本県,1581,ZND-L,熊本県,1872,STRNGI,熊本県,0,,-
5th style,in my eyes,0,,-,871,DECIDE,熊本県,1192,UDON.,熊本県,1578,STRNGI,熊本県,0,,-
5th style,LOVE AGAIN TONIGHT～for Mellisa mix～,0,,-,715,DECIDE,熊本県,839,Y.S,熊本県,1111,47,熊本県,0,,-
5th style,outer wall,0,,-,811,Y.S,熊本県,1278,TA-983,熊本県,1776,STRNGI,熊本県,0,,-
5th style,QQQ,0,,-,1095,Y.S,熊本県,1760,ZND-R,熊本県,2139,HNKONG,熊本県,0,,-
5th style,Radical Faith,0,,-,996,TAIPP2,熊本県,1156,AKI,熊本県,1286,SILVER,熊本県,0,,-
5th style,Real,0,,-,883,TAIPP2,熊本県,1261,HARUPI,熊本県,1768,NUMAP,熊本県,0,,-
5th style,Regulus,0,,-,881,Y.S,熊本県,1161,K.K,熊本県,1638,TAKES,熊本県,0,,-
5th style,RIDE ON THE LIGHT (HI GREAT MIX),0,,-,804,DECIDE,熊本県,955,UMITO.,熊本県,1676,NUMAP,熊本県,1833,STRNGI,熊本県
5th style,RISLIM,0,,-,834,K.K,熊本県,1233,GALA,熊本県,0,,-,0,,-
5th style,sometime,0,,-,678,DECIDE,熊本県,1033,TA-983,熊本県,1309,GALA,熊本県,0,,-
5th style,Spin the disc,0,,-,652,TAIPP2,熊本県,1042,SOUCHA,熊本県,1336,STRNGI,熊本県,0,,-
5th style,STILL IN MY HEART,0,,-,683,NU?,熊本県,1220,AYANE,熊本県,1899,STRNGI,熊本県,0,,-
5th style,still my words,0,,-,844,DECIDE,熊本県,1205,SILVER,熊本県,0,,-,0,,-
5th style,sync,0,,-,975,SIKKUN,熊本県,1677,SKFB,熊本県,2340,NUMAP,熊本県,0,,-
5th style,THE CUBE,0,,-,666,UDON.,熊本県,1275,GALA,熊本県,1338,GALA,熊本県,0,,-
5th style,THE SHINING POLARIS,0,,-,810,TAIPP2,熊本県,990,NEPIAS,熊本県,1579,GALA,熊本県,0,,-
5th style,V,312,TAIPP2,熊本県,1043,TAIPP2,熊本県,2198,CA4SU,熊本県,2995,STRNGI,熊本県,0,,-
6th style,"19,November",0,,-,946,DECIDE,熊本県,1103,NEPIAS,熊本県,1799,STRNGI,熊本県,0,,-
6th style,BALLAD FOR YOU～想いの雨～,0,,-,553,DECIDE,熊本県,685,TAIPP2,熊本県,1066,TE2ROW,熊本県,0,,-
6th style,Blueberry Stream,0,,-,684,UDON.,熊本県,1224,XILENT,熊本県,1604,47,熊本県,0,,-
6th style,Buffalo,0,,-,867,UDON.,熊本県,1081,TAIPP2,熊本県,1774,SILVER,熊本県,2466,47,熊本県
6th style,Colors (radio edit),0,,-,1396,TA-983,熊本県,1706,CA4SU,熊本県,2435,STRNGI,熊本県,0,,-
6th style,DIVE ～INTO YOUR HEART～,0,,-,1066,UDON.,熊本県,1639,SKFB,熊本県,2061,SILVER,熊本県,0,,-
6th style,fly through the night,0,,-,771,DECIDE,熊本県,1168,KAZZY.,熊本県,1674,TAKES,熊本県,0,,-
6th style,Free Style,0,,-,798,DECIDE,熊本県,940,ZALMK,熊本県,1291,HNKONG,熊本県,0,,-
6th style,Frozen Ray (original mix),0,,-,1287,DOON,熊本県,1420,*HAKU*,熊本県,1794,STRNGI,熊本県,0,,-
6th style,G2,0,,-,1267,XILENT,熊本県,1330,INSANE,熊本県,2260,GALA,熊本県,0,,-
6th style,L'amour et la liberte,0,,-,824,DECIDE,熊本県,1436,SKFB,熊本県,1997,HNKONG,熊本県,0,,-
6th style,Linus,0,,-,818,TAIPP2,熊本県,1071,ISANA,熊本県,2191,STRNGI,熊本県,0,,-
6th style,NEMESIS,0,,-,928,XILENT,熊本県,1228,D-S,熊本県,1887,STRNGI,熊本県,0,,-
6th style,rottel-da-sun,0,,-,707,DECIDE,熊本県,1105,INSANE,熊本県,1829,SILVER,熊本県,0,,-
6th style,route 80s,0,,-,756,Y.S,熊本県,974,KAZZY.,熊本県,1507,STRNGI,熊本県,0,,-
6th style,SOMETHING WONDERFUL,0,,-,820,DECIDE,熊本県,1228,KOTSIO,熊本県,1942,SILVER,熊本県,0,,-
6th style,Summer Vacation(CU mix),0,,-,1090,Y.S,熊本県,1828,STRNGI,熊本県,0,,-,0,,-
6th style,Take It Easy,0,,-,1182,TAIPP2,熊本県,2282,YGRM,熊本県,2505,STRNGI,熊本県,0,,-
6th style,VJ ARMY,0,,-,1070,AKI,熊本県,1068,AJIMU.,熊本県,2190,47,熊本県,0,,-
6th style,こっちを向いてよ,0,,-,742,Y.S,熊本県,1090,*HAKU*,熊本県,1368,.SHORE,熊本県,0,,-
7th style,A,0,,-,1291,TA-983,熊本県,2121,GALA,熊本県,2459,STRNGI,熊本県,0,,-
7th style,AVE DE RAPINA,0,,-,1020,AKI,熊本県,1446,XAI,熊本県,1751,KARIQB,熊本県,0,,-
7th style,Bad Routine,0,,-,935,DECIDE,熊本県,1269,JISBOY,熊本県,1914,STRNGI,熊本県,0,,-
7th style,Burning Heat! (Full Option Mix),0,,-,603,DECIDE,熊本県,735,Y.S,熊本県,1417,KARIQB,熊本県,0,,-
7th style,Cheer Train,0,,-,877,TE2ROW,熊本県,972,UDON.,熊本県,1691,TAKES,熊本県,0,,-
7th style,D2R,0,,-,904,TE2ROW,熊本県,1296,TA-983,熊本県,1609,HNKONG,熊本県,0,,-
7th style,DESTINY,0,,-,1060,TE2ROW,熊本県,1227,OKAKA,熊本県,1833,GALA,熊本県,0,,-
7th style,foreplay,0,,-,607,UDON.,熊本県,1001,D-S,熊本県,1308,HNKONG,熊本県,0,,-
7th style,Glorious Days,0,,-,465,DECIDE,熊本県,667,Y.S,熊本県,906,P.K.R.,熊本県,0,,-
7th style,Happy Wedding,0,,-,1007,DECIDE,熊本県,1057,REGLET,熊本県,1844,47,熊本県,0,,-
7th style,Last Message,0,,-,926,Y.S,熊本県,1072,OKAKA,熊本県,1586,HNKONG,熊本県,0,,-
7th style,Let the Snow Paint Me,0,,-,783,K.K,熊本県,783,NEXUS,熊本県,1231,SILVER,熊本県,0,,-
7th style,Love Me Do,0,,-,1119,TE2ROW,熊本県,1615,SKFB,熊本県,2110,STRNGI,熊本県,0,,-
7th style,MAX 300,0,,-,1102,TA-983,熊本県,1859,47,熊本県,2794,STRNGI,熊本県,0,,-
7th style,Somebody Like You,0,,-,698,DECIDE,熊本県,994,KYNS,熊本県,1822,STRNGI,熊本県,0,,-
7th style,Spica,0,,-,593,DECIDE,熊本県,1204,NAMAKA,熊本県,2261,STRNGI,熊本県,0,,-
7th style,stoic,0,,-,1531,SYU3DS,熊本県,2172,SKFB,熊本県,2521,STRNGI,熊本県,0,,-
7th style,Tomorrow Perfume,0,,-,1083,Y.S,熊本県,1621,REN,熊本県,2074,47,熊本県,0,,-
7th style,traces,0,,-,1490,TA-983,熊本県,1608,D-S,熊本県,2106,GALA,熊本県,0,,-
7th style,ZERO-ONE,0,,-,875,TAIPP2,熊本県,1511,SKFB,熊本県,2112,GALA,熊本県,2807,NUMAP,熊本県
7th style,革命,0,,-,644,TAIPP2,熊本県,1855,H.WAGY,熊本県,2278,P-SUK,熊本県,0,,-
8th style,abstract,0,,-,1253,TA-983,熊本県,1429,CA4SU,熊本県,1876,SILVER,熊本県,0,,-
8th style,airflow,0,,-,514,DECIDE,熊本県,656,Y.S,熊本県,1411,SILVER,熊本県,0,,-
8th style,ALL RIGHT,0,,-,797,DECIDE,熊本県,1151,S*U*U,熊本県,1581,NUMAP,熊本県,0,,-
8th style,Attitude,0,,-,834,TAIPP2,熊本県,1307,SKFB,熊本県,1736,P-SUK,熊本県,0,,-
8th style,bit mania,0,,-,850,CIEL,熊本県,1142,UDON.,熊本県,1865,STRNGI,熊本県,0,,-
8th style,Blame,0,,-,1088,JISBOY,熊本県,1342,KAZZY.,熊本県,1923,STRNGI,熊本県,0,,-
8th style,CELEBRATE NITE,0,,-,829,Y.S,熊本県,978,POLTOL,熊本県,1417,STRNGI,熊本県,0,,-
8th style,Colors -Y&Co. Eurobeat Remix-,0,,-,1007,DECIDE,熊本県,1810,CA4SU,熊本県,2168,P-SUK,熊本県,0,,-
8th style,dual control,0,,-,685,DECIDE,熊本県,1344,TAKES,熊本県,1903,STRNGI,熊本県,0,,-
8th style,Giudecca,0,,-,769,DECIDE,熊本県,1612,D-S,熊本県,2637,47,熊本県,0,,-
8th style,Halfway of promise,0,,-,897,DECIDE,熊本県,1373,CA4SU,熊本県,1840,STRNGI,熊本県,0,,-
8th style,HYPER BOUNDARY GATE,0,,-,1124,Y.S,熊本県,1569,AKKEY,熊本県,2195,GALA,熊本県,0,,-
8th style,LAB,0,,-,953,DECIDE,熊本県,1680,XILENT,熊本県,2021,NUMAP,熊本県,2706,STRNGI,熊本県
8th style,LOVE IS ORANGE,0,,-,732,DECIDE,熊本県,904,LIGHT7,熊本県,1783,STRNGI,熊本県,2080,NUMAP,熊本県
8th style,Luv 2 Feel Your Body,0,,-,773,*HAKU*,熊本県,881,*HAKU*,熊本県,1618,47,熊本県,0,,-
8th style,memories,0,,-,748,HARUPI,熊本県,1817,88KA2,熊本県,2253,47,熊本県,0,,-
8th style,Monkey Dance,0,,-,746,DECIDE,熊本県,1311,N*KNN,熊本県,1957,SILVER,熊本県,0,,-
8th style,murmur twins,0,,-,997,DECIDE,熊本県,1491,CA4SU,熊本県,2371,STRNGI,熊本県,0,,-
8th style,MUSIC TO YOUR HEAD,0,,-,686,DECIDE,熊本県,1233,TAKE0,熊本県,1675,STRNGI,熊本県,0,,-
8th style,PLEASE DON'T GO,0,,-,862,Y.S,熊本県,1143,JISBOY,熊本県,2429,STRNGI,熊本県,0,,-
8th style,rainbow flyer,0,,-,687,TAIPP2,熊本県,1424,CA4SU,熊本県,2124,STRNGI,熊本県,0,,-
8th style,symbolic,0,,-,1193,Y.S,熊本県,1556,CA4SU,熊本県,2236,STRNGI,熊本県,0,,-
8th style,thunder,0,,-,1071,Y.S,熊本県,1155,SIGPOL,熊本県,1886,47,熊本県,0,,-
8th style,WAR GAME,0,,-,892,DECIDE,熊本県,1443,ASIBA.,熊本県,2132,SILVER,熊本県,0,,-
8th style,World Wide Love,0,,-,636,DECIDE,熊本県,943,UDON.,熊本県,1114,SILVER,熊本県,0,,-
8th style,xenon,0,,-,850,UDON.,熊本県,1688,GALA,熊本県,2660,GALA,熊本県,0,,-
8th style,桜,0,,-,829,Y.S,熊本県,1238,CHUDOK,熊本県,2155,STRNGI,熊本県,0,,-
8th style,蒼い衝動,0,,-,829,TAIPP2,熊本県,1157,OKAKA,熊本県,1582,HNKONG,熊本県,0,,-
9th style,Abyss -The Heavens Remix-,529,TAIPP2,熊本県,1265,CA4SU,熊本県,1613,S*U*U,熊本県,2337,P-SUK,熊本県,0,,-
9th style,ACT,0,,-,953,Y.S,熊本県,1432,A2M,熊本県,1808,NUMAP,熊本県,0,,-
9th style,ADVANCE,0,,-,438,ZALMK,熊本県,796,ZALMK,熊本県,1564,TE2ROW,熊本県,0,,-
9th style,ATOMIC AGE,0,,-,343,DECIDE,熊本県,326,RONRON,熊本県,1310,47,熊本県,0,,-
9th style,BAD BOY BASS!! (dj Remo-con MIX),0,,-,857,DECIDE,熊本県,1221,D-S,熊本県,1790,STRNGI,熊本県,0,,-
9th style,bag,0,,-,807,Y.S,熊本県,1063,XAI,熊本県,1847,A!,熊本県,0,,-
9th style,BRIGHTNESS DARKNESS,0,,-,660,TAIPP2,熊本県,1271,CA4SU,熊本県,1714,NUMAP,熊本県,0,,-
9th style,Cradle,0,,-,824,DECIDE,熊本県,1269,K.K,熊本県,1570,K.,熊本県,0,,-
9th style,Distress,0,,-,1110,Y.S,熊本県,1793,47,熊本県,0,,-,0,,-
9th style,e-motion 2003  -romantic extra-,0,,-,993,UDON.,熊本県,1429,SKFB,熊本県,1955,GALA,熊本県,0,,-
9th style,fun,0,,-,468,TAIPP2,熊本県,385,TAIPP2,熊本県,1808,ARCUS.,熊本県,0,,-
9th style,Golden Horn,0,,-,644,DECIDE,熊本県,970,D-S,熊本県,1475,GALA,熊本県,0,,-
9th style,HYPER EUROBEAT (2DX style),0,,-,0,,-,1511,SKFB,熊本県,1938,GALA,熊本県,0,,-
9th style,I Was The One (80's EUROBEAT STYLE),0,,-,713,DECIDE,熊本県,1188,OKAKA,熊本県,1432,STRNGI,熊本県,0,,-
9th style,Karma,0,,-,1090,DECIDE,熊本県,1479,JISBOY,熊本県,1796,47,熊本県,0,,-
9th style,lights,0,,-,643,DECIDE,熊本県,913,TAIPP2,熊本県,1787,47,熊本県,0,,-
9th style,Logic Board,0,,-,950,KAZZY.,熊本県,1553,KAZZY.,熊本県,2333,STRNGI,熊本県,0,,-
9th style,LOVE SHINE,440,TAIPP2,熊本県,769,DECIDE,熊本県,1828,47,熊本県,2069,SILVER,熊本県,0,,-
9th style,lower world,0,,-,1251,TA-983,熊本県,1604,ULLR.,熊本県,2249,STRNGI,熊本県,0,,-
9th style,Make A Difference,0,,-,727,TAIPP2,熊本県,1105,MA-A6,熊本県,2220,STRNGI,熊本県,0,,-
9th style,MARIA (I believe... ),0,,-,683,K.K,熊本県,1304,OKAKA,熊本県,1951,STRNGI,熊本県,0,,-
9th style,moon_child,0,,-,939,Y.S,熊本県,1882,DCYUME,熊本県,2536,STRNGI,熊本県,0,,-
9th style,one or eight,0,,-,716,774,熊本県,1584,CHUDOK,熊本県,2289,STRNGI,熊本県,0,,-
9th style,PARANOIA survivor MAX,0,,-,938,ARCUS.,熊本県,1153,ZL,熊本県,2141,STRNGI,熊本県,0,,-
9th style,quasar,0,,-,1011,UDON.,熊本県,1631,CA4SU,熊本県,2292,STRNGI,熊本県,0,,-
9th style,Quickening,0,,-,806,K.K,熊本県,1393,CA4SU,熊本県,2105,STRNGI,熊本県,0,,-
9th style,Really Love,0,,-,617,K.K,熊本県,914,NUMAP,熊本県,1735,P-SUK,熊本県,0,,-
9th style,RISLIM -Remix-,0,,-,704,DECIDE,熊本県,952,TA-983,熊本県,1872,STRNGI,熊本県,0,,-
9th style,rottel-the-Mercury,0,,-,906,DECIDE,熊本県,1713,A2M,熊本県,2252,GALA,熊本県,0,,-
9th style,Silvia Drive,0,,-,713,TAIPP2,熊本県,1172,TAIPP2,熊本県,2033,SILVER,熊本県,0,,-
9th style,SNOW,0,,-,0,,-,1190,POLTOL,熊本県,1896,YGRM,熊本県,0,,-
9th style,STAR FIELD,0,,-,637,DECIDE,熊本県,1488,CA4SU,熊本県,1878,STRNGI,熊本県,0,,-
9th style,Sweet Sweet Magic,0,,-,865,TAIPP2,熊本県,1166,KACHU,熊本県,1979,NUMAP,熊本県,0,,-
9th style,SWEETEST SAVAGE,0,,-,570,DECIDE,熊本県,1067,AKI,熊本県,1824,STRNGI,熊本県,0,,-
9th style,ライオン好き,0,,-,577,TAIPP2,熊本県,1040,Y.S,熊本県,1499,GALA,熊本県,0,,-
9th style,真夏の花・真夏の夢,0,,-,743,DECIDE,熊本県,974,UDON.,熊本県,1459,HNKONG,熊本県,0,,-
10th style,1st Samurai,0,,-,954,DECIDE,熊本県,1603,CHUDOK,熊本県,2589,GALA,熊本県,0,,-
10th style,ALIEN TEMPLE,0,,-,908,DECIDE,熊本県,1249,*HAKU*,熊本県,2004,GALA,熊本県,0,,-
10th style,ASTRAL VOYAGE,0,,-,899,DECIDE,熊本県,1040,AKI,熊本県,1926,STRNGI,熊本県,0,,-
10th style,BABY LOVE,0,,-,1021,DECIDE,熊本県,1550,SKFB,熊本県,2159,STRNGI,熊本県,0,,-
10th style,Back Into The Light,0,,-,927,DECIDE,熊本県,1324,S*U*U,熊本県,2151,GALA,熊本県,0,,-
10th style,Boundary,0,,-,761,DECIDE,熊本県,1598,XAI,熊本県,2007,47,熊本県,0,,-
10th style,CARRY ON NIGHT (English version),0,,-,896,DECIDE,熊本県,1063,*HAKU*,熊本県,2030,GALA,熊本県,0,,-
10th style,Daisuke,448,K.K,熊本県,1088,Y.S,熊本県,1641,TA-983,熊本県,2378,47,熊本県,0,,-
10th style,Debtty Daddy,0,,-,927,TAIPP2,熊本県,1719,SKFB,熊本県,2652,P-SUK,熊本県,0,,-
10th style,desolation,0,,-,450,DECIDE,熊本県,0,,-,761,SILVER,熊本県,0,,-
10th style,DoLL,316,TAIPP2,熊本県,836,DECIDE,熊本県,1091,OKAKA,熊本県,1614,GALA,熊本県,0,,-
10th style,EXE,0,,-,746,DECIDE,熊本県,1436,SKFB,熊本県,2252,STRNGI,熊本県,0,,-
10th style,Feedback,0,,-,863,TAIPP2,熊本県,1342,INSANE,熊本県,1882,HNKONG,熊本県,0,,-
10th style,FEEL IT,0,,-,501,RONRON,熊本県,1574,SYU3DS,熊本県,1895,GALA,熊本県,0,,-
10th style,Freezing atmosphere,0,,-,728,K.K,熊本県,939,POLTOL,熊本県,1488,GALA,熊本県,0,,-
10th style,GHOST REVIVAL,0,,-,799,DECIDE,熊本県,1638,OTN,熊本県,2500,47,熊本県,0,,-
10th style,GRADIUS -FULL SPEED-,0,,-,608,DECIDE,熊本県,798,UDON.,熊本県,2024,DOON,熊本県,0,,-
10th style,HIGH,0,,-,866,REN,熊本県,1699,ZALMK,熊本県,2104,A!,熊本県,2870,STRNGI,熊本県
10th style,Innocent Walls,0,,-,1429,SYU3DS,熊本県,2455,SILVER,熊本県,2819,STRNGI,熊本県,0,,-
10th style,Love Is Eternity,0,,-,1193,TA-983,熊本県,1765,CA4SU,熊本県,2392,STRNGI,熊本県,0,,-
10th style,Lucy,0,,-,899,TAIPP2,熊本県,1588,SYU3DS,熊本県,2311,STRNGI,熊本県,0,,-
10th style,Narcissus At Oasis,0,,-,720,TAIPP2,熊本県,1333,88KA2,熊本県,1644,P-SUK,熊本県,0,,-
10th style,No.13,0,,-,1381,Y.S,熊本県,2278,SKFB,熊本県,3111,SILVER,熊本県,0,,-
10th style,One More Lovely,0,,-,754,DECIDE,熊本県,1440,XAI,熊本県,2767,STRNGI,熊本県,0,,-
10th style,pandora,0,,-,773,TAIPP2,熊本県,1316,SIKKUN,熊本県,1830,STRNGI,熊本県,0,,-
10th style,rainbow rainbow,0,,-,1374,SAKKUN,熊本県,1937,CA4SU,熊本県,2701,STRNGI,熊本県,0,,-
10th style,Rise'n Beauty,0,,-,1264,TA-983,熊本県,1374,IIDX33,熊本県,2162,STRNGI,熊本県,4003,STRNGI,熊本県
10th style,SCORE,0,,-,1056,DECIDE,熊本県,1423,SKFB,熊本県,2036,HNKONG,熊本県,0,,-
10th style,SHOOTING STAR,0,,-,1081,Y.S,熊本県,1337,D-S,熊本県,2249,SILVER,熊本県,0,,-
10th style,SPACE FIGHT,0,,-,592,DECIDE,熊本県,1044,NEPIAS,熊本県,2230,STRNGI,熊本県,0,,-
10th style,システムロマンス,0,,-,793,TAIPP2,熊本県,1610,SKFB,熊本県,2016,GALA,熊本県,0,,-
10th style,雪月花,0,,-,1233,TAKES,熊本県,1598,SKFB,熊本県,2510,STRNGI,熊本県,0,,-
IIDX RED,AA,0,,-,1069,SIKKUN,熊本県,2696,GALA,熊本県,3617,STRNGI,熊本県,0,,-
IIDX RED,AGEHA,565,TAIPP2,熊本県,919,SIKKUN,熊本県,1580,846AKI,熊本県,1861,P-SUK,熊本県,2430,STRNGI,熊本県
IIDX RED,ANDROMEDA,0,,-,876,DECIDE,熊本県,1674,AZRIN5,熊本県,2868,STRNGI,熊本県,0,,-
IIDX RED,awakening,0,,-,958,DECIDE,熊本県,1334,SKFB,熊本県,1709,SILVER,熊本県,0,,-
IIDX RED,Be quiet,0,,-,914,Y.S,熊本県,1705,N*KNN,熊本県,2202,STRNGI,熊本県,2829,STRNGI,熊本県
IIDX RED,BLOCKS,0,,-,690,DECIDE,熊本県,1150,CA4SU,熊本県,1985,STRNGI,熊本県,0,,-
IIDX RED,BREATH,0,,-,810,XILENT,熊本県,1082,TAIPP2,熊本県,1663,SILVER,熊本県,0,,-
IIDX RED,Click Again,0,,-,832,DECIDE,熊本県,1392,TA-983,熊本県,2141,STRNGI,熊本県,0,,-
IIDX RED,Close my Eyes for Me,0,,-,886,UDON.,熊本県,1195,AKKEY,熊本県,1753,SILVER,熊本県,0,,-
IIDX RED,D.A.N.C.E.!,0,,-,496,TAIPP2,熊本県,708,TAIPP2,熊本県,1580,47,熊本県,0,,-
IIDX RED,Don't be afraid myself,0,,-,965,SIKKUN,熊本県,1521,CIEL,熊本県,2224,P-SUK,熊本県,0,,-
IIDX RED,earth scape,0,,-,413,DECIDE,熊本県,923,Y.S,熊本県,1274,TA-983,熊本県,0,,-
IIDX RED,FAKE TIME,0,,-,931,Y.S,熊本県,1752,SILVER,熊本県,2326,STRNGI,熊本県,0,,-
IIDX RED,Fly Away To India,0,,-,625,DECIDE,熊本県,937,TAIPP2,熊本県,1386,47,熊本県,0,,-
IIDX RED,GENOCIDE,0,,-,1116,TA-983,熊本県,1979,YGRM,熊本県,2330,47,熊本県,0,,-
IIDX RED,gigadelic,589,SIKKUN,熊本県,1312,IIDX32,熊本県,2143,SILVER,熊本県,2513,STRNGI,熊本県,0,,-
IIDX RED,HORIZON,0,,-,950,DECIDE,熊本県,1443,TONTON,熊本県,1963,STRNGI,熊本県,0,,-
IIDX RED,KEY,0,,-,977,TAIPP2,熊本県,1571,HARUPI,熊本県,2840,GALA,熊本県,0,,-
IIDX RED,NEBULA GRASPER,0,,-,1354,TA-983,熊本県,1539,CIEL,熊本県,2399,GALA,熊本県,0,,-
IIDX RED,Raspberry Heart(English version),0,,-,914,UDON.,熊本県,1428,SKFB,熊本県,1825,TAKES,熊本県,0,,-
IIDX RED,RED ZONE,163,TAIPP2,熊本県,892,SIKKUN,熊本県,1891,TAKES,熊本県,2312,GALA,熊本県,3089,STRNGI,熊本県
IIDX RED,RESONATE 1794,0,,-,649,T.N003,熊本県,1232,CA4SU,熊本県,1857,STRNGI,熊本県,0,,-
IIDX RED,Secret of Love,0,,-,927,DECIDE,熊本県,881,AJIMU.,熊本県,2010,STRNGI,熊本県,0,,-
IIDX RED,SPEEDY CAT,0,,-,1024,TAIPP2,熊本県,1257,KINO,熊本県,1999,P-SUK,熊本県,0,,-
IIDX RED,Sphere,0,,-,973,TAIPP2,熊本県,1531,OKAKA,熊本県,2156,NUMAP,熊本県,0,,-
IIDX RED,spiral galaxy,0,,-,974,DECIDE,熊本県,1759,UMITO.,熊本県,2530,47,熊本県,3759,STRNGI,熊本県
IIDX RED,The Hope of Tomorrow,0,,-,955,DECIDE,熊本県,1400,SKFB,熊本県,1936,HNKONG,熊本県,0,,-
IIDX RED,Wonder Bullfighter,0,,-,807,DECIDE,熊本県,1109,D-S,熊本県,2026,STRNGI,熊本県,0,,-
IIDX RED,ピアノ協奏曲第１番”蠍火”,0,,-,719,DECIDE,熊本県,2085,GALA,熊本県,2653,STRNGI,熊本県,0,,-
IIDX RED,大桟橋,0,,-,443,DECIDE,熊本県,894,TAIPP2,熊本県,1830,P-SUK,熊本県,0,,-
IIDX RED,太陽～T・A・I・Y・O～,0,,-,817,MILIAM,熊本県,1305,SKFB,熊本県,1729,GALA,熊本県,0,,-
IIDX RED,ＵＬＴｉＭΛＴＥ,0,,-,810,AKI,熊本県,1354,TONTON,熊本県,1990,P-SUK,熊本県,0,,-
HAPPY SKY,100％ minimoo-G,0,,-,804,AKI,熊本県,1417,CHUDOK,熊本県,1733,SILVER,熊本県,0,,-
HAPPY SKY,Agnus Dei,0,,-,801,DECIDE,熊本県,1432,A.Z.I.,熊本県,2056,GALA,熊本県,0,,-
HAPPY SKY,alla turca con passione,0,,-,736,DECIDE,熊本県,1420,AKKEY,熊本県,2158,GALA,熊本県,0,,-
HAPPY SKY,Aurora,0,,-,1267,SIKKUN,熊本県,1928,CA4SU,熊本県,2485,GALA,熊本県,0,,-
HAPPY SKY,CaptivAte～浄化～,0,,-,908,UDON.,熊本県,1576,NAMAKA,熊本県,2450,SILVER,熊本県,3447,STRNGI,熊本県
HAPPY SKY,Catch Me,0,,-,711,Y.S,熊本県,1151,KAZZY.,熊本県,1801,STRNGI,熊本県,2095,STRNGI,熊本県
HAPPY SKY,Don't let it go,0,,-,642,TAIPP2,熊本県,1075,INSANE,熊本県,1673,GALA,熊本県,0,,-
HAPPY SKY,double thrash,0,,-,1013,TA-983,熊本県,1934,TE2ROW,熊本県,2328,GALA,熊本県,0,,-
HAPPY SKY,EDEN,0,,-,1158,Y.S,熊本県,1751,RIO,熊本県,2707,SILVER,熊本県,3218,NUMAP,熊本県
HAPPY SKY,EMPTY OF THE SKY,0,,-,627,DECIDE,熊本県,488,O272,熊本県,1677,GALA,熊本県,0,,-
HAPPY SKY,First Resolution,0,,-,755,TAIPP2,熊本県,1178,TAIPP2,熊本県,2128,SILVER,熊本県,0,,-
HAPPY SKY,garden,0,,-,821,XILENT,熊本県,1311,XAI,熊本県,2144,GALA,熊本県,3123,STRNGI,熊本県
HAPPY SKY,Get'em up to R.A.V.E,0,,-,1055,DECIDE,熊本県,1316,DNST,熊本県,2248,SILVER,熊本県,0,,-
HAPPY SKY,GREEN EYES,0,,-,904,DECIDE,熊本県,1399,UMITO.,熊本県,2169,P-SUK,熊本県,0,,-
HAPPY SKY,HAPPY☆ANGEL,602,TAIPP2,熊本県,967,TAIPP2,熊本県,1394,OKAKA,熊本県,2092,STRNGI,熊本県,0,,-
HAPPY SKY,I am,0,,-,946,TAIPP2,熊本県,1615,IIDX33,熊本県,2111,GALA,熊本県,0,,-
HAPPY SKY,in motion,0,,-,763,DECIDE,熊本県,728,AJIMU.,熊本県,1318,STRNGI,熊本県,0,,-
HAPPY SKY,INAZUMA,0,,-,1098,GALA,熊本県,1582,SKFB,熊本県,2633,SZA,熊本県,4032,STRNGI,熊本県
HAPPY SKY,LESSON 5,0,,-,1054,TAIPP2,熊本県,1169,AJIMU.,熊本県,2471,SILVER,熊本県,0,,-
HAPPY SKY,Little Little Princess,0,,-,1006,Y.S,熊本県,1940,TONTON,熊本県,2741,GALA,熊本県,3740,SILVER,熊本県
HAPPY SKY,Love Magic,0,,-,866,DECIDE,熊本県,1313,K.K,熊本県,1897,GALA,熊本県,0,,-
HAPPY SKY,mind the gap,0,,-,576,Y.S,熊本県,612,D-S,熊本県,1561,47,熊本県,0,,-
HAPPY SKY,MOON RACE,0,,-,736,DECIDE,熊本県,923,OKAKA,熊本県,1867,47,熊本県,0,,-
HAPPY SKY,Pink Rose,0,,-,555,DECIDE,熊本県,843,TAIPP2,熊本県,1409,SILVER,熊本県,1995,HNKONG,熊本県
HAPPY SKY,PLASMA,0,,-,894,DECIDE,熊本県,1502,CA4SU,熊本県,2284,STRNGI,熊本県,0,,-
HAPPY SKY,Pollinosis,0,,-,690,DECIDE,熊本県,874,AKI,熊本県,2435,47,熊本県,0,,-
HAPPY SKY,POODLE,0,,-,859,AKI,熊本県,1781,SKFB,熊本県,2278,GALA,熊本県,3345,SILVER,熊本県
HAPPY SKY,rage against usual,0,,-,997,Y.S,熊本県,1712,S*U*U,熊本県,2888,STRNGI,熊本県,0,,-
HAPPY SKY,SCREAM SQUAD,0,,-,993,Y.S,熊本県,1493,2EXT.,熊本県,2051,STRNGI,熊本県,0,,-
HAPPY SKY,Scripted Connection⇒ A mix,0,,-,1335,KINO,熊本県,2148,2EXT.,熊本県,3060,STRNGI,熊本県,3402,STRNGI,熊本県
HAPPY SKY,Scripted Connection⇒ H mix,0,,-,1458,Y.S,熊本県,1587,D-S,熊本県,2430,GALA,熊本県,2893,STRNGI,熊本県
HAPPY SKY,Scripted Connection⇒ N mix,0,,-,1076,SHUM4I,熊本県,1458,SKFB,熊本県,2071,GALA,熊本県,2415,SILVER,熊本県
HAPPY SKY,SigSig,618,TAIPP2,熊本県,963,Y.S,熊本県,1630,ASIBA.,熊本県,2585,STRNGI,熊本県,0,,-
HAPPY SKY,Tizona d'El Cid,0,,-,816,TAIPP2,熊本県,1528,K.K,熊本県,2276,GALA,熊本県,0,,-
HAPPY SKY,Twelfth Style,0,,-,1072,DECIDE,熊本県,1185,LIGHT7,熊本県,1980,N*KNN,熊本県,3234,STRNGI,熊本県
HAPPY SKY,Under the Sky,0,,-,781,TAIPP2,熊本県,1261,KINO,熊本県,1733,P-SUK,熊本県,0,,-
HAPPY SKY,vault of heaven,0,,-,690,DECIDE,熊本県,1125,SIKKUN,熊本県,1974,GALA,熊本県,0,,-
HAPPY SKY,Votum stellarum,0,,-,721,DECIDE,熊本県,1415,XAI,熊本県,1972,47,熊本県,0,,-
HAPPY SKY,We are Disっ娘よっつ打ち命,0,,-,618,DECIDE,熊本県,844,Y.S,熊本県,1642,GUUUUL,熊本県,0,,-
HAPPY SKY,Xepher,369,TAIPP2,熊本県,954,Y.S,熊本県,2055,Y,熊本県,2949,47,熊本県,0,,-
HAPPY SKY,オレはビートマニア！お前は何マニア？,0,,-,665,TAIPP2,熊本県,1295,CIEL,熊本県,1636,DOON,熊本県,0,,-
HAPPY SKY,ヒマワリ,0,,-,521,DECIDE,熊本県,1652,TONTON,熊本県,2033,SILVER,熊本県,0,,-
HAPPY SKY,ラクエン,0,,-,528,RUISA,熊本県,767,TA-983,熊本県,1950,SILVER,熊本県,0,,-
HAPPY SKY,冥,499,RUISA,熊本県,864,DECIDE,熊本県,1948,RA.TA,熊本県,3726,STRNGI,熊本県,0,,-
HAPPY SKY,合体せよ！ストロングイェーガー！！ (Ryu☆ remix),0,,-,943,AKI,熊本県,1351,XAI,熊本県,1874,P-SUK,熊本県,0,,-
HAPPY SKY,月光,0,,-,782,KINO,熊本県,1617,SKFB,熊本県,2447,STRNGI,熊本県,0,,-
DistorteD,ALFARSHEAR 双神威に廻る夢,413,TAIPP2,熊本県,992,Y.S,熊本県,1541,88KA2,熊本県,2088,STRNGI,熊本県,0,,-
DistorteD,Apocalypse ～dirge of swans～,221,TAIPP2,熊本県,798,TAIPP2,熊本県,1431,UMITO.,熊本県,2343,P-SUK,熊本県,0,,-
DistorteD,BALLAD THE FEATHERS,0,,-,681,K.K,熊本県,867,TAIPP2,熊本県,1494,GALA,熊本県,0,,-
DistorteD,Bloody Tears(IIDX EDITION),0,,-,1022,TAIPP2,熊本県,1874,A.R.JJ,熊本県,2161,P-SUK,熊本県,0,,-
DistorteD,BOOM BOOM DISCO NIGHT,0,,-,865,DECIDE,熊本県,1558,XAI,熊本県,2250,47,熊本県,0,,-
DistorteD,Broadbanded,0,,-,809,Y.S,熊本県,1133,D-S,熊本県,1992,STRNGI,熊本県,0,,-
DistorteD,Concertino in Blue,355,TAIPP2,熊本県,793,XILENT,熊本県,1581,YGRM,熊本県,2466,STRNGI,熊本県,0,,-
DistorteD,CONTRACT,0,,-,1077,KAZZY.,熊本県,1521,A.R.JJ,熊本県,2038,NUMAP,熊本県,2747,STRNGI,熊本県
DistorteD,D.C.fish,0,,-,931,TAIPP2,熊本県,1727,CA4SU,熊本県,2336,STRNGI,熊本県,0,,-
DistorteD,DEEP ROAR,0,,-,919,DECIDE,熊本県,1269,ALG,熊本県,2737,STRNGI,熊本県,0,,-
DistorteD,Double Loving Heart,0,,-,553,DECIDE,熊本県,1155,AKKEY,熊本県,1808,STRNGI,熊本県,0,,-
DistorteD,DUE TOMORROW,0,,-,772,Y.S,熊本県,1033,S*U*U,熊本県,2013,STRNGI,熊本県,0,,-
DistorteD,EURO-ROMANCE,0,,-,855,Y.S,熊本県,1735,592BU4,熊本県,2088,GALA,熊本県,0,,-
DistorteD,Ganymede,0,,-,1077,TA-983,熊本県,1454,EUPHO,熊本県,2297,STRNGI,熊本県,2551,STRNGI,熊本県
DistorteD,Harmony and Lovely,0,,-,809,DECIDE,熊本県,1507,CA4SU,熊本県,2230,STRNGI,熊本県,0,,-
DistorteD,Heavenly Sun (IIDX VERSION),0,,-,762,DECIDE,熊本県,1457,SKFB,熊本県,2091,GALA,熊本県,0,,-
DistorteD,INFERNO,0,,-,997,TAIPP2,熊本県,1461,AKKEY,熊本県,1965,GALA,熊本県,0,,-
DistorteD,Leaving...,0,,-,678,DECIDE,熊本県,1133,OKAKA,熊本県,2189,GALA,熊本県,0,,-
DistorteD,MINT,0,,-,835,TAIPP2,熊本県,1496,XILENT,熊本県,2297,STRNGI,熊本県,0,,-
DistorteD,MOON,0,,-,752,TAIPP2,熊本県,1797,ZALMK,熊本県,2217,STRNGI,熊本県,0,,-
DistorteD,Power of Love,0,,-,889,DECIDE,熊本県,1186,TAIPP2,熊本県,2120,47,熊本県,0,,-
DistorteD,So Fabulous !!,0,,-,965,SIKKUN,熊本県,1350,XAI,熊本県,2345,STRNGI,熊本県,0,,-
DistorteD,Sun Field,0,,-,534,DECIDE,熊本県,1235,OKAKA,熊本県,2451,STRNGI,熊本県,0,,-
DistorteD,The Dirty of Loudness,0,,-,1238,CIEL,熊本県,2061,YGRM,熊本県,2589,STRNGI,熊本県,0,,-
DistorteD,This is Love,0,,-,859,TAIPP2,熊本県,1585,SKFB,熊本県,2458,SILVER,熊本県,0,,-
DistorteD,tripping contact(teranoid&MC Natsack Remix),0,,-,1020,DECIDE,熊本県,1695,CHUDOK,熊本県,2458,STRNGI,熊本県,0,,-
DistorteD,TYPE MARS(G-Style Mix),0,,-,961,TAIPP2,熊本県,1747,TE2ROW,熊本県,2415,STRNGI,熊本県,0,,-
DistorteD,waxing and wanding,0,,-,1178,Y.S,熊本県,1904,AYANE,熊本県,2862,GALA,熊本県,3929,STRNGI,熊本県
DistorteD,Why did you go away,586,TAIPP2,熊本県,1044,K.K,熊本県,1656,SKFB,熊本県,2299,P-SUK,熊本県,0,,-
DistorteD,WISH(EUROBEAT MIX),0,,-,930,KINO,熊本県,1378,SKFB,熊本県,1960,STRNGI,熊本県,0,,-
DistorteD,with you…,0,,-,745,DECIDE,熊本県,1068,XAI,熊本県,1775,STRNGI,熊本県,0,,-
DistorteD,Zenius -I- vanisher,0,,-,891,K.K,熊本県,1379,*HAKU*,熊本県,2370,P-SUK,熊本県,0,,-
DistorteD,カゴノトリ～弐式～,0,,-,984,Y.S,熊本県,1475,KINO,熊本県,2619,STRNGI,熊本県,0,,-
DistorteD,タシカナモノ,0,,-,853,TAIPP2,熊本県,1231,UDON.,熊本県,2025,GALA,熊本県,0,,-
DistorteD,嘆きの樹,0,,-,1542,KINO,熊本県,2450,GALA,熊本県,3856,STRNGI,熊本県,0,,-
DistorteD,罠,0,,-,529,DECIDE,熊本県,1283,Y.S,熊本県,2447,SILVER,熊本県,0,,-
DistorteD,華蝶風雪,0,,-,1104,Y.S,熊本県,1862,CHUDOK,熊本県,2940,GALA,熊本県,3969,SILVER,熊本県
DistorteD,虹色,0,,-,779,RYO,熊本県,1369,SYU3DS,熊本県,1841,GALA,熊本県,0,,-
GOLD,2hot2eat,0,,-,458,RUISA,熊本県,968,D-S,熊本県,1664,STRNGI,熊本県,0,,-
GOLD,Air Bell,0,,-,901,DECIDE,熊本県,1155,KINO,熊本県,1717,GALA,熊本県,0,,-
GOLD,ANDROMEDA II,0,,-,918,K.K,熊本県,1710,ULLR.,熊本県,2480,STRNGI,熊本県,0,,-
GOLD,Blind Justice ～Torn souls， Hurt Faiths ～,0,,-,1195,DECIDE,熊本県,1965,STRNGI,熊本県,2477,STRNGI,熊本県,0,,-
GOLD,Candy Galy,0,,-,1312,Y.S,熊本県,2198,CA4SU,熊本県,3542,STRNGI,熊本県,0,,-
GOLD,CaptivAte～裁き～,386,TAIPP2,熊本県,758,TAIPP2,熊本県,1179,A.R.JJ,熊本県,1765,GALA,熊本県,0,,-
GOLD,CaptivAte～誓い～,0,,-,1121,UDON.,熊本県,1781,SYU3DS,熊本県,2227,P-SUK,熊本県,0,,-
GOLD,CROSSROAD ～Left Story～,0,,-,957,DECIDE,熊本県,1731,DCYUME,熊本県,2190,SILVER,熊本県,0,,-
GOLD,Cyber Force,0,,-,1055,DECIDE,熊本県,1478,OKAKA,熊本県,2361,HNKONG,熊本県,0,,-
GOLD,Fascination MAXX,0,,-,923,TA-983,熊本県,1626,STRNGI,熊本県,2470,STRNGI,熊本県,0,,-
GOLD,FIRE FIRE,526,TAIPP2,熊本県,1089,K.K,熊本県,1664,2EXT.,熊本県,2740,STRNGI,熊本県,0,,-
GOLD,four-leaf,0,,-,683,TAIPP2,熊本県,1058,K.K,熊本県,1677,GALA,熊本県,0,,-
GOLD,GOLD RUSH,507,TAIPP2,熊本県,1009,Y.S,熊本県,1312,CA4SU,熊本県,2339,HNKONG,熊本県,0,,-
GOLD,GRID KNIGHT,0,,-,711,AKI,熊本県,1999,SILVER,熊本県,2593,GALA,熊本県,3445,STRNGI,熊本県
GOLD,heaven above,0,,-,728,DECIDE,熊本県,1174,KAZZY.,熊本県,1835,47,熊本県,0,,-
GOLD,High School Love,390,TAIPP2,熊本県,808,DECIDE,熊本県,1374,*HAKU*,熊本県,2203,P-SUK,熊本県,0,,-
GOLD,INORI,0,,-,1189,DECIDE,熊本県,2384,CA4SU,熊本県,3108,GALA,熊本県,0,,-
GOLD,KAMAITACHI,0,,-,1136,A.R.JJ,熊本県,1700,CA4SU,熊本県,2625,GALA,熊本県,3842,STRNGI,熊本県
GOLD,LASER CRUSTER,0,,-,1167,DECIDE,熊本県,2368,GALA,熊本県,3214,STRNGI,熊本県,0,,-
GOLD,Love Again...,0,,-,546,UDON.,熊本県,716,TAIPP2,熊本県,1065,HNKONG,熊本県,0,,-
GOLD,Make Me Your Own,0,,-,744,DECIDE,熊本県,1342,CIEL,熊本県,2123,STRNGI,熊本県,0,,-
GOLD,METALLIC MIND,0,,-,730,TAIPP2,熊本県,1182,ZALMK,熊本県,1629,STRNGI,熊本県,0,,-
GOLD,never…,0,,-,765,DECIDE,熊本県,1240,OKAKA,熊本県,1798,HNKONG,熊本県,0,,-
GOLD,op.31 叙情,0,,-,476,UDON.,熊本県,1110,TAKES,熊本県,1561,STRNGI,熊本県,0,,-
GOLD,PHOTONGENIC,0,,-,1181,KAZZY.,熊本県,1748,CHUDOK,熊本県,2301,SILVER,熊本県,0,,-
GOLD,Roulette,0,,-,789,KINO,熊本県,1199,KAZZY.,熊本県,2093,GALA,熊本県,0,,-
GOLD,Second Heaven,203,TAIPP2,熊本県,850,DECIDE,熊本県,1488,ZND-L,熊本県,2115,STRNGI,熊本県,0,,-
GOLD,Sense 2007,0,,-,1316,CIEL,熊本県,2214,SILVER,熊本県,2923,STRNGI,熊本県,0,,-
GOLD,smile,0,,-,1347,KAZZY.,熊本県,1806,INSANE,熊本県,2888,STRNGI,熊本県,0,,-
GOLD,snow storm,224,TAIPP2,熊本県,710,DECIDE,熊本県,2010,AZRIN5,熊本県,2764,47,熊本県,3370,STRNGI,熊本県
GOLD,the shadow,0,,-,1053,DECIDE,熊本県,1760,ULLR.,熊本県,2919,STRNGI,熊本県,0,,-
GOLD,The Smile of You,0,,-,896,SKFB,熊本県,1203,KINO,熊本県,1626,STRNGI,熊本県,0,,-
GOLD,TRANOID,0,,-,625,SINSIN,熊本県,1572,4KI01,熊本県,2122,GALA,熊本県,2966,SILVER,熊本県
GOLD,VANESSA,0,,-,824,KYU,熊本県,1765,GALA,熊本県,2401,STRNGI,熊本県,3405,STRNGI,熊本県
GOLD,Watch out!!,0,,-,671,DECIDE,熊本県,1027,TA-983,熊本県,1610,STRNGI,熊本県,0,,-
GOLD,With your Smile,0,,-,639,DECIDE,熊本県,1111,KINO,熊本県,1569,STRNGI,熊本県,0,,-
GOLD,クルクル☆ラブ～Opioid Peptide MIX～,0,,-,851,KINO,熊本県,1244,KINO,熊本県,2219,NUMAP,熊本県,0,,-
GOLD,ヨシダさん,0,,-,878,DECIDE,熊本県,1276,*HAKU*,熊本県,1966,STRNGI,熊本県,0,,-
GOLD,リグレット,0,,-,1130,Y.S,熊本県,1639,ASIBA.,熊本県,2413,47,熊本県,0,,-
GOLD,星をこの手に,0,,-,1037,CA4SU,熊本県,1437,INSANE,熊本県,2072,TA-983,熊本県,0,,-
GOLD,花吹雪 ～ IIDX LIMITED ～,0,,-,670,DECIDE,熊本県,1080,TA-983,熊本県,1426,STRNGI,熊本県,0,,-
GOLD,零 - ZERO -,200,TAIPP2,熊本県,1082,DECIDE,熊本県,1655,TONTON,熊本県,2299,P-SUK,熊本県,2707,47,熊本県
GOLD,電人、暁に斃れる。,523,AYSLIA,熊本県,1209,Y.S,熊本県,1986,MANNYO,熊本県,3374,STRNGI,熊本県,0,,-
DJ TROOPERS,2 tribe 4 K,0,,-,795,Y.S,熊本県,890,SIGPOL,熊本県,2778,STRNGI,熊本県,0,,-
DJ TROOPERS,"Anisakis -somatic mutation type""Forza""-",0,,-,1150,DECIDE,熊本県,2002,A.R.JJ,熊本県,2838,STRNGI,熊本県,3849,STRNGI,熊本県
DJ TROOPERS,avant-guerre,0,,-,688,DECIDE,熊本県,1193,CA4SU,熊本県,1879,47,熊本県,0,,-
DJ TROOPERS,Be OK,0,,-,877,DECIDE,熊本県,1609,SKFB,熊本県,2391,GALA,熊本県,3310,STRNGI,熊本県
DJ TROOPERS,beatonic nation,0,,-,1153,DECIDE,熊本県,1752,SKFB,熊本県,2140,NUMAP,熊本県,0,,-
DJ TROOPERS,Blue Rain,320,XILENT,熊本県,861,UDON.,熊本県,1446,CA4SU,熊本県,2263,STRNGI,熊本県,3333,STRNGI,熊本県
DJ TROOPERS,Darling my LUV,0,,-,634,DECIDE,熊本県,863,TAIPP2,熊本県,1362,GALA,熊本県,0,,-
DJ TROOPERS,Dazzlin' Darlin,321,TAIPP2,熊本県,843,DECIDE,熊本県,1297,A.Z.I.,熊本県,2225,STRNGI,熊本県,0,,-
DJ TROOPERS,Digitank System,0,,-,814,UDON.,熊本県,1490,SILVER,熊本県,2104,STRNGI,熊本県,0,,-
DJ TROOPERS,Do it!! Do it!!,0,,-,886,XILENT,熊本県,1469,TAKES,熊本県,1894,STRNGI,熊本県,2471,STRNGI,熊本県
DJ TROOPERS,end of world,0,,-,911,DECIDE,熊本県,1618,SKFB,熊本県,2501,STRNGI,熊本県,0,,-
DJ TROOPERS,evergreen,0,,-,999,SILVER,熊本県,1383,SILVER,熊本県,1938,STRNGI,熊本県,0,,-
DJ TROOPERS,four pieces of heaven,0,,-,813,Y.S,熊本県,1583,SKFB,熊本県,2296,SILVER,熊本県,2886,SILVER,熊本県
DJ TROOPERS,Freeway Shuffle,0,,-,707,DECIDE,熊本県,1073,*HAKU*,熊本県,1857,HNKONG,熊本県,0,,-
DJ TROOPERS,ICARUS,0,,-,1183,SIKKUN,熊本県,1604,TENGA,熊本県,2476,STRNGI,熊本県,3680,STRNGI,熊本県
DJ TROOPERS,in the Sky,0,,-,1209,*HAKU*,熊本県,1939,CA4SU,熊本県,2526,GALA,熊本県,0,,-
DJ TROOPERS,Kick Out 仮面,0,,-,1100,DECIDE,熊本県,1389,*HAKU*,熊本県,2023,P-SUK,熊本県,0,,-
DJ TROOPERS,LOVELY STORM,0,,-,1129,DECIDE,熊本県,1810,OKAKA,熊本県,2751,NUMAP,熊本県,0,,-
DJ TROOPERS,madrugada,0,,-,674,DECIDE,熊本県,748,SIGPOL,熊本県,1835,47,熊本県,0,,-
DJ TROOPERS,MAX LOVE,0,,-,1342,K.K,熊本県,2114,ASIBA.,熊本県,2633,GALA,熊本県,0,,-
DJ TROOPERS,MENDES,0,,-,1120,TA-983,熊本県,2576,.SHORE,熊本県,3568,STRNGI,熊本県,0,,-
DJ TROOPERS,MENTAL MELTDOWN,0,,-,1171,TA-983,熊本県,1829,CHUDOK,熊本県,2798,STRNGI,熊本県,0,,-
DJ TROOPERS,NEW GENERATION -もう、お前しか見えない-,0,,-,955,DECIDE,熊本県,1637,A2M,熊本県,2547,NUMAP,熊本県,3619,STRNGI,熊本県
DJ TROOPERS,oratio,0,,-,1229,*HAKU*,熊本県,1738,CHUDOK,熊本県,2937,STRNGI,熊本県,0,,-
DJ TROOPERS,PARANOiA ～HADES～,0,,-,928,CIEL,熊本県,1756,.SHORE,熊本県,2685,STRNGI,熊本県,0,,-
DJ TROOPERS,PROMISE FOR LIFE,0,,-,585,TAIPP2,熊本県,1381,UDON.,熊本県,1742,STRNGI,熊本県,0,,-
DJ TROOPERS,REMINISCENCE,0,,-,1148,UDON.,熊本県,1698,SKFB,熊本県,2330,P-SUK,熊本県,0,,-
DJ TROOPERS,Rising in the Sun(original mix),0,,-,835,SIKKUN,熊本県,1583,KARIQB,熊本県,2368,STRNGI,熊本県,0,,-
DJ TROOPERS,Ristaccia,0,,-,1009,AKI,熊本県,1550,XAI,熊本県,2739,STRNGI,熊本県,0,,-
DJ TROOPERS,"satellite020712 from ""CODED ARMS""",0,,-,1069,DECIDE,熊本県,1445,RIO,熊本県,2463,GALA,熊本県,0,,-
DJ TROOPERS,satfinal,0,,-,1043,MMSZNN,熊本県,1302,OKAKA,熊本県,1910,STRNGI,熊本県,0,,-
DJ TROOPERS,scar in the earth,0,,-,587,DECIDE,熊本県,988,XAI,熊本県,1511,GALA,熊本県,0,,-
DJ TROOPERS,SOUND OF GIALLARHORN,0,,-,1184,DECIDE,熊本県,2504,$,熊本県,3269,STRNGI,熊本県,0,,-
DJ TROOPERS,State Of The Art,0,,-,1002,DECIDE,熊本県,1295,ZALMK,熊本県,3098,STRNGI,熊本県,0,,-
DJ TROOPERS,STEEL NEEDLE,0,,-,1091,TA-983,熊本県,1790,CIEL,熊本県,2417,NUMAP,熊本県,3287,STRNGI,熊本県
DJ TROOPERS,switch,0,,-,723,UDON.,熊本県,1333,SKFB,熊本県,2112,STRNGI,熊本県,0,,-
DJ TROOPERS,THE DEEP STRIKER,0,,-,929,DECIDE,熊本県,1794,CHUDOK,熊本県,2959,SILVER,熊本県,3512,STRNGI,熊本県
DJ TROOPERS,the trigger of innocence,0,,-,816,DECIDE,熊本県,777,RONRON,熊本県,1841,STRNGI,熊本県,3105,STRNGI,熊本県
DJ TROOPERS,Time to Air,0,,-,1248,TA-983,熊本県,1990,YGRM,熊本県,2890,STRNGI,熊本県,3638,STRNGI,熊本県
DJ TROOPERS,TRIP MACHINE PhoeniX,0,,-,594,DECIDE,熊本県,1289,POLTOL,熊本県,1790,HNKONG,熊本県,0,,-
DJ TROOPERS,TROOPERS,0,,-,1127,DECIDE,熊本県,2120,846AKI,熊本県,2937,STRNGI,熊本県,0,,-
DJ TROOPERS,Ubertreffen,0,,-,1010,DECIDE,熊本県,1778,MANNYO,熊本県,2425,NUMAP,熊本県,3245,STRNGI,熊本県
DJ TROOPERS,Wanna Party?,0,,-,692,DECIDE,熊本県,977,RITSU,熊本県,1517,STRNGI,熊本県,2588,STRNGI,熊本県
DJ TROOPERS,エコ爺,0,,-,745,DECIDE,熊本県,1197,*HAKU*,熊本県,1823,SILVER,熊本県,0,,-
DJ TROOPERS,マチ子の唄,0,,-,752,DECIDE,熊本県,1172,AKI,熊本県,1790,STRNGI,熊本県,0,,-
DJ TROOPERS,ミラージュ・レジデンス,0,,-,931,Y.S,熊本県,1991,YAKTHE,熊本県,2635,GALA,熊本県,3275,STRNGI,熊本県
DJ TROOPERS,少年A,0,,-,298,IIDX31,熊本県,1755,EUPHO,熊本県,2780,STRNGI,熊本県,0,,-
DJ TROOPERS,華爛漫 -Flowers-,323,TAIPP2,熊本県,919,UDON.,熊本県,1450,846AKI,熊本県,2052,STRNGI,熊本県,3165,STRNGI,熊本県
DJ TROOPERS,走馬灯 -The Last Song-,0,,-,479,XILENT,熊本県,860,TAIPP2,熊本県,1331,SILVER,熊本県,0,,-
DJ TROOPERS,高高度降下低高度開傘,0,,-,773,TAIPP2,熊本県,1335,SKFB,熊本県,1962,SILVER,熊本県,0,,-
EMPRESS,3y3s,347,FURAN,熊本県,1390,A.R.JJ,熊本県,2479,GALA,熊本県,3486,STRNGI,熊本県,0,,-
EMPRESS,ALL I NEED YOUR LOVE,0,,-,1011,DECIDE,熊本県,1547,SKFB,熊本県,2120,STRNGI,熊本県,0,,-
EMPRESS,ALL MY TURN -このターンに、オレの全てを賭ける-,0,,-,934,UDON.,熊本県,1154,1KRETU,熊本県,2588,STRNGI,熊本県,0,,-
EMPRESS,Arabian Rave Night,0,,-,1150,DECIDE,熊本県,1859,CIEL,熊本県,2910,STRNGI,熊本県,3646,STRNGI,熊本県
EMPRESS,B4U(BEMANI FOR YOU MIX),0,,-,1015,SAKKUN,熊本県,2206,A.R.JJ,熊本県,3491,47,熊本県,4563,STRNGI,熊本県
EMPRESS,Bahram Attack-猫叉Master Remix-,0,,-,960,DECIDE,熊本県,1788,CA4SU,熊本県,2613,STRNGI,熊本県,3255,STRNGI,熊本県
EMPRESS,BITTER CHOCOLATE STRIKER,0,,-,943,DECIDE,熊本県,1938,SKFB,熊本県,3933,STRNGI,熊本県,0,,-
EMPRESS,BRIDAL FESTIVAL !!!,0,,-,430,MAX*!?,熊本県,1198,1KRETU,熊本県,2119,STRNGI,熊本県,0,,-
EMPRESS,CaptivAte2～覚醒～,232,TAIPP2,熊本県,894,TAIPP2,熊本県,1551,CA4SU,熊本県,2390,STRNGI,熊本県,0,,-
EMPRESS,Colorful Cookie,553,SOUCHA,熊本県,1047,DECIDE,熊本県,2192,ASIBA.,熊本県,3489,STRNGI,熊本県,0,,-
EMPRESS,Cyber Force -DJ Yoshitaka Remix-,0,,-,962,DECIDE,熊本県,1623,CIEL,熊本県,2503,STRNGI,熊本県,0,,-
EMPRESS,Flash Back 90's,0,,-,842,DECIDE,熊本県,1767,ZND-R,熊本県,2296,GALA,熊本県,2882,STRNGI,熊本県
EMPRESS,Fly Above,0,,-,908,DECIDE,熊本県,1489,OKAKA,熊本県,2029,SILVER,熊本県,0,,-
EMPRESS,Go Beyond!!,469,SIKKUN,熊本県,926,Y.S,熊本県,1498,IIDX32,熊本県,2176,STRNGI,熊本県,0,,-
EMPRESS,HYPERION,0,,-,1007,DECIDE,熊本県,1666,INSANE,熊本県,2678,GALA,熊本県,0,,-
EMPRESS,I'm Screaming LOVE,0,,-,589,DECIDE,熊本県,1157,AKI,熊本県,1694,GALA,熊本県,0,,-
EMPRESS,Jack,0,,-,829,DECIDE,熊本県,1042,TAIPP2,熊本県,2142,SILVER,熊本県,0,,-
EMPRESS,Just a Little Smile,0,,-,751,DECIDE,熊本県,1171,INSANE,熊本県,2476,STRNGI,熊本県,0,,-
EMPRESS,Kung-fu Empire,0,,-,1278,TAIPP2,熊本県,2227,INY,熊本県,3148,GALA,熊本県,3927,STRNGI,熊本県
EMPRESS,Marie Antoinette,0,,-,1013,TA-983,熊本県,1757,KARIQB,熊本県,2560,SILVER,熊本県,3135,SILVER,熊本県
EMPRESS,Mind Mapping,478,TAIPP2,熊本県,830,K.K,熊本県,1136,XAI,熊本県,1825,STRNGI,熊本県,2168,TAKES,熊本県
EMPRESS,Monkey Dance '09,0,,-,789,DECIDE,熊本県,1677,ASIBA.,熊本県,2253,GALA,熊本県,0,,-
EMPRESS,naughty girl@Queen's Palace,0,,-,793,DECIDE,熊本県,1638,ZND-R,熊本県,2139,STRNGI,熊本県,2685,STRNGI,熊本県
EMPRESS,neogenesis,0,,-,846,DECIDE,熊本県,1259,SKFB,熊本県,1691,P-SUK,熊本県,2338,STRNGI,熊本県
EMPRESS,NΦ CRIME,278,TAIPP2,熊本県,757,DECIDE,熊本県,1260,OKAKA,熊本県,1891,GALA,熊本県,2368,NUMAP,熊本県
EMPRESS,Programmed World,0,,-,849,DECIDE,熊本県,1517,D-S,熊本県,2251,NUMAP,熊本県,0,,-
EMPRESS,Punch Love 仮面,0,,-,983,DECIDE,熊本県,1759,GALA,熊本県,2444,GALA,熊本県,3223,STRNGI,熊本県
EMPRESS,Queen's Tragedy,0,,-,780,DECIDE,熊本県,1446,SKFB,熊本県,2232,STRNGI,熊本県,0,,-
EMPRESS,Secrets,0,,-,1247,TA-983,熊本県,2149,CA4SU,熊本県,3148,STRNGI,熊本県,4101,STRNGI,熊本県
EMPRESS,smooooch・∀・,367,TAIPP2,熊本県,785,K.K,熊本県,1543,SKFB,熊本県,2141,GALA,熊本県,2810,STRNGI,熊本県
EMPRESS,SOLITON BEAM,0,,-,1209,Y.S,熊本県,1793,CA4SU,熊本県,2338,47,熊本県,0,,-
EMPRESS,THANK YOU FOR PLAYING,0,,-,749,UDON.,熊本県,1614,TAKES,熊本県,2083,GALA,熊本県,2930,SILVER,熊本県
EMPRESS,THE SHINING POLARIS(kors k mix),0,,-,1252,TA-983,熊本県,1924,KARIQB,熊本県,3163,NUMAP,熊本県,0,,-
EMPRESS,thunder HOUSE NATION Remix,0,,-,974,DECIDE,熊本県,1350,TATA2R,熊本県,2425,GALA,熊本県,3874,STRNGI,熊本県
EMPRESS,Turii ～Panta rhei～,351,TAIPP2,熊本県,835,TAIPP2,熊本県,1738,XAI,熊本県,2658,STRNGI,熊本県,0,,-
EMPRESS,V2,728,TAIPP2,熊本県,1465,TA-983,熊本県,2865,KANI,熊本県,3556,STRNGI,熊本県,0,,-
EMPRESS,Y&Co. is dead or alive,0,,-,950,Y.S,熊本県,1471,UMITO.,熊本県,2757,STRNGI,熊本県,0,,-
EMPRESS,"You'll say ""Now!""",0,,-,1227,TA-983,熊本県,1605,CHUDOK,熊本県,2493,STRNGI,熊本県,0,,-
EMPRESS,まほろば,0,,-,746,DECIDE,熊本県,1197,*HAKU*,熊本県,2049,STRNGI,熊本県,0,,-
EMPRESS,ハリツヤランデヴー,0,,-,902,DECIDE,熊本県,1975,CA4SU,熊本県,2477,STRNGI,熊本県,0,,-
EMPRESS,ミッドナイト堕天使,0,,-,827,DECIDE,熊本県,1470,ASIBA.,熊本県,2775,STRNGI,熊本県,0,,-
EMPRESS,不沈艦CANDY,443,O272,熊本県,1170,TA-983,熊本県,1673,846AKI,熊本県,3276,STRNGI,熊本県,0,,-
EMPRESS,凛として咲く花の如く,367,TAIPP2,熊本県,1199,Y.S,熊本県,2003,CA4SU,熊本県,2763,GALA,熊本県,3166,SILVER,熊本県
EMPRESS,卑弥呼,0,,-,1045,Y.S,熊本県,2639,NUMAP,熊本県,3927,STRNGI,熊本県,0,,-
EMPRESS,天空脳番長危機十六連打,0,,-,890,Y.S,熊本県,1901,SYU3DS,熊本県,2576,STRNGI,熊本県,0,,-
EMPRESS,山岡晃の「クイズ！家事都合！」,0,,-,633,TAIPP2,熊本県,569,RONRON,熊本県,2054,STRNGI,熊本県,0,,-
EMPRESS,翼,0,,-,828,DECIDE,熊本県,1449,A.Z.I.,熊本県,1972,STRNGI,熊本県,2483,HNKONG,熊本県
EMPRESS,鉄甲乙女-under the steel-,0,,-,885,DECIDE,熊本県,1403,*HAKU*,熊本県,2164,27,熊本県,0,,-
SIRIUS,AIR RAID FROM THA UNDAGROUND,262,KAKUMA,熊本県,1106,CA4SU,熊本県,1588,CHUDOK,熊本県,2282,SILVER,熊本県,2915,STRNGI,熊本県
SIRIUS,Almagest,0,,-,965,CIEL,熊本県,2148,GALA,熊本県,3089,STRNGI,熊本県,0,,-
SIRIUS,Bad Maniacs,0,,-,958,TAIPP2,熊本県,1598,CRUD,熊本県,3216,STRNGI,熊本県,0,,-
SIRIUS,bass 2 bass,270,TAIPP2,熊本県,709,TAKES,熊本県,1222,ASIBA.,熊本県,1906,STRNGI,熊本県,0,,-
SIRIUS,beatchic☆仮面～好き、でいさせて～,0,,-,955,DECIDE,熊本県,1549,ASIBA.,熊本県,2002,P-SUK,熊本県,0,,-
SIRIUS,BEAUTIFUL ANGEL,0,,-,595,DECIDE,熊本県,1730,SKFB,熊本県,2473,GALA,熊本県,0,,-
SIRIUS,being torn the sky,0,,-,627,JISBOY,熊本県,1016,AJIMU.,熊本県,1986,SILVER,熊本県,0,,-
SIRIUS,bloomin' feeling,373,TAIPP2,熊本県,1130,SIKKUN,熊本県,1887,TAKES,熊本県,2604,STRNGI,熊本県,0,,-
SIRIUS,CaptivAte～裁き～(SUBLIME TECHNO MIX),0,,-,948,DECIDE,熊本県,1372,ZALMK,熊本県,2373,GALA,熊本県,0,,-
SIRIUS,D,0,,-,1095,UDON.,熊本県,1794,DOON,熊本県,2500,SILVER,熊本県,0,,-
SIRIUS,DAWN -THE NEXT ENDEAVOUR-,0,,-,1450,Y.S,熊本県,2454,CA4SU,熊本県,3113,SILVER,熊本県,0,,-
SIRIUS,Dazzlin' Darlin-秋葉工房mix-,0,,-,731,TAIPP2,熊本県,1333,SIKKUN,熊本県,2072,47,熊本県,0,,-
SIRIUS,DESIRE,0,,-,884,DECIDE,熊本県,1645,Y.S,熊本県,2835,STRNGI,熊本県,0,,-
SIRIUS,Do Back Burn,0,,-,712,TE2ROW,熊本県,1197,ZALMK,熊本県,2130,STRNGI,熊本県,0,,-
SIRIUS,DOMINION,0,,-,1111,CA4SU,熊本県,2240,TAKES,熊本県,3196,STRNGI,熊本県,0,,-
SIRIUS,DROP,0,,-,785,DECIDE,熊本県,1788,CA4SU,熊本県,2619,STRNGI,熊本県,0,,-
SIRIUS,Elisha,353,UDON.,熊本県,865,K.K,熊本県,1441,TAKES,熊本県,2272,STRNGI,熊本県,0,,-
SIRIUS,Empire State Glory,0,,-,1037,DECIDE,熊本県,1641,UMITO.,熊本県,2586,GALA,熊本県,0,,-
SIRIUS,eRAseRmOToRpHAntOM,0,,-,1167,TAIPP2,熊本県,2039,CIEL,熊本県,3231,STRNGI,熊本県,0,,-
SIRIUS,Evans,568,TAIPP2,熊本県,1123,UDON.,熊本県,2121,N*KNN,熊本県,2813,STRNGI,熊本県,0,,-
SIRIUS,EXUSIA,0,,-,1036,TAIPP2,熊本県,2291,CA4SU,熊本県,3805,STRNGI,熊本県,0,,-
SIRIUS,G59,0,,-,1286,MERA-R,熊本県,2296,TAKES,熊本県,3892,STRNGI,熊本県,0,,-
SIRIUS,GALGALIM,0,,-,1418,TA-983,熊本県,1514,CRUD,熊本県,2311,GALA,熊本県,0,,-
SIRIUS,GOLDEN CROSS,0,,-,1004,DECIDE,熊本県,1822,ASIBA.,熊本県,3474,STRNGI,熊本県,0,,-
SIRIUS,Hydrogen Blueback,0,,-,940,DECIDE,熊本県,1442,CA4SU,熊本県,2306,GALA,熊本県,2397,STRNGI,熊本県
SIRIUS,IN THE NAME OF LOVE,511,TAIPP2,熊本県,684,TAIPP2,熊本県,1176,Y.S,熊本県,1919,STRNGI,熊本県,0,,-
SIRIUS,Keep it-秋葉工房mix-,0,,-,941,Y.S,熊本県,1471,CA4SU,熊本県,1852,GALA,熊本県,0,,-
SIRIUS,Last Burning,0,,-,830,DECIDE,熊本県,1619,TA-983,熊本県,2367,STRNGI,熊本県,0,,-
SIRIUS,Light Shine,0,,-,728,DECIDE,熊本県,965,*HAKU*,熊本県,1963,STRNGI,熊本県,0,,-
SIRIUS,MIRACLE MEETS,0,,-,883,KINO,熊本県,1470,AKKEY,熊本県,2230,STRNGI,熊本県,0,,-
SIRIUS,mosaic,0,,-,1343,E,熊本県,1993,.SHORE,熊本県,3004,STRNGI,熊本県,0,,-
SIRIUS,NEW SENSATION -もう、あなたしか見えない-,0,,-,1129,TAIPP2,熊本県,1964,H.WAGY,熊本県,2643,P-SUK,熊本県,0,,-
SIRIUS,NoN-Fiction Story!,0,,-,672,DECIDE,熊本県,1260,SKFB,熊本県,2196,47,熊本県,0,,-
SIRIUS,Programmed Sun,0,,-,965,DECIDE,熊本県,1549,CA4SU,熊本県,2568,STRNGI,熊本県,0,,-
SIRIUS,quell～the seventh slave～,0,,-,927,XILENT,熊本県,1610,IIDX32,熊本県,3186,STRNGI,熊本県,0,,-
SIRIUS,Raison d'etre～交差する宿命～,0,,-,1006,TAIPP2,熊本県,2087,SOPHIE,熊本県,2671,P-SUK,熊本県,4582,SILVER,熊本県
SIRIUS,Red. by Full Metal Jacket,0,,-,931,TAIPP2,熊本県,1967,N*KNN,熊本県,3199,STRNGI,熊本県,0,,-
SIRIUS,Roots of my way!,0,,-,848,DECIDE,熊本県,1151,K-DOG,熊本県,2029,GALA,熊本県,0,,-
SIRIUS,Session 1 -Genesis-,0,,-,769,DECIDE,熊本県,1306,S*U*U,熊本県,2405,SILVER,熊本県,0,,-
SIRIUS,She is my wife,0,,-,606,TAIPP2,熊本県,984,HARUPI,熊本県,1949,P-SUK,熊本県,0,,-
SIRIUS,SOLID STATE SQUAD,0,,-,895,DECIDE,熊本県,1986,CA4SU,熊本県,3580,STRNGI,熊本県,3632,STRNGI,熊本県
SIRIUS,Sorrows,0,,-,764,DECIDE,熊本県,1532,CA4SU,熊本県,2474,SILVER,熊本県,0,,-
SIRIUS,Special One,0,,-,799,K.K,熊本県,1097,KAZZY.,熊本県,1758,47,熊本県,0,,-
SIRIUS,THE LAST STRIKER,0,,-,1232,DECIDE,熊本県,1671,SIKKUN,熊本県,2534,GALA,熊本県,0,,-
SIRIUS,The Story Begins,0,,-,797,DECIDE,熊本県,1581,SKFB,熊本県,2381,ARCUS.,熊本県,0,,-
SIRIUS,かずあそび,0,,-,499,TAIPP2,熊本県,978,AJIMU.,熊本県,1693,STRNGI,熊本県,0,,-
SIRIUS,たからもの,0,,-,1185,UDON.,熊本県,1707,S*U*U,熊本県,2243,SILVER,熊本県,3526,GALA,熊本県
SIRIUS,コスモス,0,,-,831,TAIPP2,熊本県,1465,ASIBA.,熊本県,2091,STRNGI,熊本県,0,,-
SIRIUS,サヨナラ・ヘヴン,353,TAIPP2,熊本県,829,DECIDE,熊本県,1237,KAZZY.,熊本県,1652,SILVER,熊本県,2147,STRNGI,熊本県
SIRIUS,バビロニア,0,,-,785,DECIDE,熊本県,1246,XAI,熊本県,1845,GALA,熊本県,0,,-
SIRIUS,ワルツ第17番 ト短調”大犬のワルツ”,0,,-,1041,Y.S,熊本県,2067,TE2ROW,熊本県,3163,STRNGI,熊本県,0,,-
SIRIUS,未来のプリズム,0,,-,434,O272,熊本県,1231,AKKEY,熊本県,1759,HNKONG,熊本県,0,,-
SIRIUS,"水上の提督(Short mix from ""幻想水滸伝V"")",0,,-,664,DECIDE,熊本県,1366,INSANE,熊本県,2086,47,熊本県,0,,-
Resort Anthem,Aegis,0,,-,776,DECIDE,熊本県,1159,S*U*U,熊本県,2344,STRNGI,熊本県,0,,-
Resort Anthem,ALBIDA,485,TAIPP2,熊本県,1017,DECIDE,熊本県,1753,A.R.JJ,熊本県,2989,STRNGI,熊本県,0,,-
Resort Anthem,Answer,0,,-,739,DECIDE,熊本県,1311,UDON.,熊本県,2411,GALA,熊本県,0,,-
Resort Anthem,ANTHEM LANDING,0,,-,859,DECIDE,熊本県,1773,KOTSIO,熊本県,2916,STRNGI,熊本県,0,,-
Resort Anthem,Believe In Me,0,,-,899,DECIDE,熊本県,1750,ZND-L,熊本県,2389,STRNGI,熊本県,0,,-
Resort Anthem,BLUST OF WIND,0,,-,761,DECIDE,熊本県,1418,DCYUME,熊本県,2118,47,熊本県,2616,STRNGI,熊本県
Resort Anthem,Bounce Bounce Bounce,0,,-,969,TAIPP2,熊本県,1538,9RAUDO,熊本県,2434,SILVER,熊本県,0,,-
Resort Anthem,Breaking the ground,0,,-,1066,TAIPP2,熊本県,1672,RIO,熊本県,2520,STRNGI,熊本県,0,,-
Resort Anthem,Broken,0,,-,955,SAKKUN,熊本県,1958,SOPHIE,熊本県,3155,STRNGI,熊本県,0,,-
Resort Anthem,BROKEN EDEN,0,,-,885,DECIDE,熊本県,1474,RIO,熊本県,2303,P-SUK,熊本県,0,,-
Resort Anthem,Dances with Snow Fairies,0,,-,1038,EFR05,熊本県,2196,DCYUME,熊本県,3144,STRNGI,熊本県,3997,STRNGI,熊本県
Resort Anthem,DAYDREAMER,0,,-,1093,DECIDE,熊本県,1485,INSANE,熊本県,2523,SILVER,熊本県,0,,-
Resort Anthem,Destiny Sword,0,,-,796,DECIDE,熊本県,1559,RIO,熊本県,2345,GALA,熊本県,0,,-
Resort Anthem,DM STAR～関西 energy style～,0,,-,969,DECIDE,熊本県,1542,RIO,熊本県,2397,GALA,熊本県,0,,-
Resort Anthem,Energy Drive,0,,-,809,DECIDE,熊本県,1258,SKFB,熊本県,2209,STRNGI,熊本県,0,,-
Resort Anthem,Eternal Tears,0,,-,402,DECIDE,熊本県,1043,UDON.,熊本県,1357,SILVER,熊本県,0,,-
Resort Anthem,Everlasting Resort,0,,-,809,DECIDE,熊本県,1247,A.Z.I.,熊本県,1874,P-SUK,熊本県,0,,-
Resort Anthem,Fantasia,229,TAIPP2,熊本県,377,DECIDE,熊本県,1509,ASIBA.,熊本県,2241,STRNGI,熊本県,0,,-
Resort Anthem,Golden Palms,0,,-,674,DECIDE,熊本県,1313,XAI,熊本県,2035,STRNGI,熊本県,2442,STRNGI,熊本県
Resort Anthem,I FIGHT ME,0,,-,608,DECIDE,熊本県,991,KOU,熊本県,2124,SILVER,熊本県,0,,-
Resort Anthem,Kailua,0,,-,489,DECIDE,熊本県,1354,TAKES,熊本県,2200,STRNGI,熊本県,0,,-
Resort Anthem,Let The Track Flow,0,,-,920,TAIPP2,熊本県,1619,SKFB,熊本県,2622,NUMAP,熊本県,0,,-
Resort Anthem,Medicine of love,0,,-,627,DECIDE,熊本県,1005,UDON.,熊本県,1727,GALA,熊本県,2499,SILVER,熊本県
Resort Anthem,Mermaid girl,543,TAIPP2,熊本県,931,DECIDE,熊本県,1660,N*KNN,熊本県,2223,STRNGI,熊本県,0,,-
Resort Anthem,Never Fade Away,0,,-,729,DECIDE,熊本県,1540,SKFB,熊本県,2963,GALA,熊本県,0,,-
Resort Anthem,New Castle Legions,0,,-,926,TA-983,熊本県,1726,YGRM,熊本県,2724,STRNGI,熊本県,0,,-
Resort Anthem,PARADISE LOST,0,,-,1204,Y.S,熊本県,2278,GALA,熊本県,3270,STRNGI,熊本県,0,,-
Resort Anthem,passionate fate,0,,-,970,DECIDE,熊本県,1449,XAI,熊本県,2108,GALA,熊本県,0,,-
Resort Anthem,perditus†paradisus,0,,-,1090,Y.S,熊本県,2490,P-SUK,熊本県,3852,STRNGI,熊本県,0,,-
Resort Anthem,Programmed Life,0,,-,1021,DECIDE,熊本県,1525,REN,熊本県,2370,STRNGI,熊本県,0,,-
Resort Anthem,reunion,528,TAIPP2,熊本県,1254,XAI,熊本県,2378,GALA,熊本県,3183,STRNGI,熊本県,0,,-
Resort Anthem,Rock Da House,0,,-,833,DECIDE,熊本県,1382,*HAKU*,熊本県,2210,SILVER,熊本県,0,,-
Resort Anthem,SABER WING,0,,-,458,RUISA,熊本県,1760,SYU3DS,熊本県,2737,NUMAP,熊本県,0,,-
Resort Anthem,Sakura Reflection,0,,-,450,DECIDE,熊本県,1544,QZ.MON,熊本県,2353,STRNGI,熊本県,0,,-
Resort Anthem,sakura storm,0,,-,925,DECIDE,熊本県,1252,TONTON,熊本県,2404,STRNGI,熊本県,0,,-
Resort Anthem,Session 9 -Chronicles-,0,,-,620,YOU,熊本県,2028,S*U*U,熊本県,3572,SILVER,熊本県,0,,-
Resort Anthem,Space Time,0,,-,605,DECIDE,熊本県,1446,XAI,熊本県,2188,STRNGI,熊本県,0,,-
Resort Anthem,SPECIAL SUMMER CAMPAIGN!,0,,-,674,DECIDE,熊本県,1473,SKFB,熊本県,2967,STRNGI,熊本県,0,,-
Resort Anthem,Stay my side,0,,-,609,DECIDE,熊本県,1012,GATA,熊本県,1339,SILVER,熊本県,0,,-
Resort Anthem,STELLAR WIND,368,TAIPP2,熊本県,574,DECIDE,熊本県,1682,CA4SU,熊本県,2617,47,熊本県,0,,-
Resort Anthem,THE BLACK KNIGHT,0,,-,856,DECIDE,熊本県,1841,CHUDOK,熊本県,2894,STRNGI,熊本県,4423,STRNGI,熊本県
Resort Anthem,THE DOOR INTO RAINBOW,0,,-,747,DECIDE,熊本県,1560,SKFB,熊本県,2133,HNKONG,熊本県,0,,-
Resort Anthem,THE FALLEN,0,,-,795,TAIPP2,熊本県,1419,ZND-L,熊本県,2643,47,熊本県,0,,-
Resort Anthem,Tropical April,0,,-,1400,XAI,熊本県,2038,CHUDOK,熊本県,2729,SILVER,熊本県,0,,-
Resort Anthem,Vermillion,0,,-,505,DECIDE,熊本県,879,NAMCO,熊本県,1989,GALA,熊本県,0,,-
Resort Anthem,Watch Out Pt.2,0,,-,1010,TAIPP2,熊本県,1913,TADA.C,熊本県,2902,STRNGI,熊本県,0,,-
Resort Anthem,WISE UP!,0,,-,453,DECIDE,熊本県,1009,Y.S,熊本県,1584,GALA,熊本県,2532,.SHORE,熊本県
Resort Anthem,Wuv U,0,,-,395,DECIDE,熊本県,1107,SIKKUN,熊本県,1697,GALA,熊本県,0,,-
Resort Anthem,XANADU OF TWO,0,,-,941,DECIDE,熊本県,1623,846AKI,熊本県,2717,HNKONG,熊本県,3390,SILVER,熊本県
Resort Anthem,ZETA～素数の世界と超越者～,0,,-,557,DECIDE,熊本県,1953,SKFB,熊本県,3053,P-SUK,熊本県,0,,-
Resort Anthem,おおきなこえで,0,,-,418,TAIPP2,熊本県,802,RUISA,熊本県,1482,GALA,熊本県,2134,47,熊本県
Resort Anthem,かげぬい ～ Ver.BENIBOTAN ～,471,TAIPP2,熊本県,795,DECIDE,熊本県,1125,TAIPP2,熊本県,1839,TA-983,熊本県,0,,-
Resort Anthem,中華急行,0,,-,319,DECIDE,熊本県,1400,AKKEY,熊本県,2310,SILVER,熊本県,0,,-
Resort Anthem,夕焼け ～Fading Day～,0,,-,879,DECIDE,熊本県,2055,TAKES,熊本県,2812,STRNGI,熊本県,0,,-
Resort Anthem,旅人リラン,0,,-,1057,KINO,熊本県,1673,XILENT,熊本県,2625,STRNGI,熊本県,0,,-
Resort Anthem,灼熱Beach Side Bunny,562,K.K,熊本県,1020,XAI,熊本県,1860,ARCUS.,熊本県,3077,STRNGI,熊本県,0,,-
Resort Anthem,黒髪乱れし修羅となりて,0,,-,732,DECIDE,熊本県,1807,CA4SU,熊本県,3442,STRNGI,熊本県,0,,-
Lincle,24th Century BOY,0,,-,817,DECIDE,熊本県,1771,CA4SU,熊本県,2751,N*KNN,熊本県,0,,-
Lincle,532nm,0,,-,544,DECIDE,熊本県,1016,YOU,熊本県,2636,STRNGI,熊本県,0,,-
Lincle,A MINSTREL ～ ver. short-scape ～,0,,-,638,D-S,熊本県,1396,K.K,熊本県,2350,GALA,熊本県,3896,STRNGI,熊本県
Lincle,Almace,0,,-,770,DECIDE,熊本県,1173,S*U*U,熊本県,1948,NUMAP,熊本県,0,,-
Lincle,ANAGRAMS I to Y,0,,-,850,DECIDE,熊本県,1227,EFR05,熊本県,2465,GALA,熊本県,0,,-
Lincle,BLACK.by X-Cross Fade,0,,-,949,DECIDE,熊本県,2088,TE2ROW,熊本県,3406,STRNGI,熊本県,0,,-
Lincle,CALL,0,,-,348,TAIPP2,熊本県,756,TAIPP2,熊本県,1458,GALA,熊本県,2723,STRNGI,熊本県
Lincle,Castle on the Moon,232,TAIPP2,熊本県,614,DECIDE,熊本県,1487,ZND-L,熊本県,2314,P-SUK,熊本県,0,,-
Lincle,Change the World,0,,-,754,DECIDE,熊本県,1191,UDON.,熊本県,1804,GALA,熊本県,0,,-
Lincle,DIAVOLO,0,,-,1212,LEFT,熊本県,1523,NUSA,熊本県,3132,SILVER,熊本県,0,,-
Lincle,Drive Me Crazy,0,,-,687,DECIDE,熊本県,1276,AKKEY,熊本県,2284,SILVER,熊本県,0,,-
Lincle,Express Emotion,0,,-,686,DECIDE,熊本県,917,RUISA,熊本県,2490,NUMAP,熊本県,0,,-
Lincle,F,0,,-,966,DECIDE,熊本県,1981,CA4SU,熊本県,3554,STRNGI,熊本県,0,,-
Lincle,Far east nightbird,337,TAIPP2,熊本県,485,DECIDE,熊本県,1223,OKAKA,熊本県,2019,47,熊本県,0,,-
Lincle,fffff,0,,-,751,DECIDE,熊本県,1821,AYANE,熊本県,3117,STRNGI,熊本県,0,,-
Lincle,Flip Flap,265,TAIPP2,熊本県,557,TAIPP2,熊本県,1271,SKFB,熊本県,2253,STRNGI,熊本県,0,,-
Lincle,Follow Tomorrow,0,,-,839,DECIDE,熊本県,1467,N*KNN,熊本県,2233,P-SUK,熊本県,0,,-
Lincle,GIGANT,0,,-,540,TAIPP2,熊本県,1040,RAGNA,熊本県,1729,47,熊本県,2920,STRNGI,熊本県
Lincle,HAERETICUS,0,,-,746,DECIDE,熊本県,1785,H.WAGY,熊本県,3012,STRNGI,熊本県,0,,-
Lincle,I'm so Happy,289,TAIPP2,熊本県,404,DECIDE,熊本県,1279,TONTON,熊本県,2318,SILVER,熊本県,0,,-
Lincle,In the Blackest Den,0,,-,815,DECIDE,熊本県,1294,YUMMY!,熊本県,2606,STRNGI,熊本県,0,,-
Lincle,Infinite cave,0,,-,1025,TA-983,熊本県,1332,XILENT,熊本県,2048,STRNGI,熊本県,0,,-
Lincle,KYAMISAMA ONEGAI!,0,,-,681,TA-983,熊本県,1143,SILVER,熊本県,2082,47,熊本県,3078,STRNGI,熊本県
Lincle,LAX5 feat.Ryota Yoshinari,0,,-,1011,TAIPP2,熊本県,1944,SKFB,熊本県,2831,STRNGI,熊本県,0,,-
Lincle,LETHEBOLG ～双神威に斬り咲けり～,0,,-,949,DECIDE,熊本県,1488,AAAAAA,熊本県,2200,STRNGI,熊本県,0,,-
Lincle,Liquid Crystal Girl feat. echo,0,,-,389,DECIDE,熊本県,930,AJIMU.,熊本県,2016,STRNGI,熊本県,0,,-
Lincle,LOVE B.B.B,0,,-,735,DECIDE,熊本県,1411,KARIQB,熊本県,2001,STRNGI,熊本県,0,,-
Lincle,Lucky Days,0,,-,625,DECIDE,熊本県,1158,TAIPP2,熊本県,2139,TADA.C,熊本県,0,,-
Lincle,Mermaid girl-秋葉工房 MIX-,0,,-,797,DECIDE,熊本県,1226,SAKKUN,熊本県,2052,SILVER,熊本県,0,,-
Lincle,Miami Sunset Drive,0,,-,601,DECIDE,熊本県,917,AKI,熊本県,1656,SILVER,熊本県,0,,-
Lincle,NNRT,0,,-,1233,TA-983,熊本県,2323,A.R.JJ,熊本県,3440,STRNGI,熊本県,0,,-
Lincle,Phoenix,0,,-,773,DECIDE,熊本県,1061,SAKKUN,熊本県,2354,.SHORE,熊本県,3922,STRNGI,熊本県
Lincle,prompt,0,,-,879,DECIDE,熊本県,1459,OKAKA,熊本県,2749,GALA,熊本県,0,,-
Lincle,QUANTUM TELEPORTATION,0,,-,1372,TA-983,熊本県,2174,KANI,熊本県,2817,GALA,熊本県,3620,STRNGI,熊本県
Lincle,quaver♪,277,TAIPP2,熊本県,697,TAKES,熊本県,2012,SKFB,熊本県,3435,STRNGI,熊本県,0,,-
Lincle,Quick Silver,0,,-,705,DECIDE,熊本県,1435,*HAKU*,熊本県,2639,STRNGI,熊本県,0,,-
Lincle,Release The Music,0,,-,808,DECIDE,熊本県,1370,SKFB,熊本県,2135,STRNGI,熊本県,0,,-
Lincle,RESISTANCE,0,,-,604,DECIDE,熊本県,1098,K-DOG,熊本県,2350,GALA,熊本県,0,,-
Lincle,Round and Round,0,,-,724,DECIDE,熊本県,1082,NEPIAS,熊本県,2147,STRNGI,熊本県,0,,-
Lincle,SA.YO.NA.RA. SUPER STAR,0,,-,459,DECIDE,熊本県,906,TAIPP2,熊本県,1691,SILVER,熊本県,0,,-
Lincle,Scharfrichter,0,,-,821,Y.S,熊本県,1506,CIEL,熊本県,2905,STRNGI,熊本県,0,,-
Lincle,Several Words,0,,-,604,DECIDE,熊本県,1266,SIKKUN,熊本県,2093,H.WAGY,熊本県,0,,-
Lincle,SHADE,0,,-,1055,N*KNN,熊本県,1813,ZL,熊本県,2904,STRNGI,熊本県,0,,-
Lincle,Snake Stick,0,,-,940,DECIDE,熊本県,1885,2EXT.,熊本県,2745,STRNGI,熊本県,0,,-
Lincle,Snow Goose,285,SIKKUN,熊本県,360,DECIDE,熊本県,1160,KINO,熊本県,2418,STRNGI,熊本県,0,,-
Lincle,Star Trail,0,,-,598,DECIDE,熊本県,1016,SIKKUN,熊本県,1855,GALA,熊本県,2612,STRNGI,熊本県
Lincle,The Limbo,0,,-,1094,DECIDE,熊本県,1896,DCYUME,熊本県,3322,STRNGI,熊本県,4150,STRNGI,熊本県
Lincle,The Sampling Paradise,0,,-,780,DECIDE,熊本県,1688,CA4SU,熊本県,3034,STRNGI,熊本県,0,,-
Lincle,Thunderbolt,0,,-,937,DECIDE,熊本県,1733,AKKEY,熊本県,3746,STRNGI,熊本県,0,,-
Lincle,TITANS RETURN,0,,-,448,ZARES,熊本県,1262,EM3,熊本県,2439,NUMAP,熊本県,2531,SILVER,熊本県
Lincle,Todestrieb,0,,-,1040,DECIDE,熊本県,1883,GALA,熊本県,3401,STRNGI,熊本県,0,,-
Lincle,Voxane,0,,-,570,TAIPP2,熊本県,914,AJIMU.,熊本県,1735,GALA,熊本県,0,,-
Lincle,WONDER WALKER,0,,-,916,DECIDE,熊本県,1715,CRUD,熊本県,3794,STRNGI,熊本県,0,,-
Lincle,YAKSHA,0,,-,1147,DECIDE,熊本県,2200,H.WAGY,熊本県,3879,STRNGI,熊本県,0,,-
Lincle,yellow head joe,0,,-,722,DECIDE,熊本県,1274,XAI,熊本県,2249,GALA,熊本県,3110,STRNGI,熊本県
Lincle,Yellow Sunrise,0,,-,710,DECIDE,熊本県,1287,KAZZY.,熊本県,2270,STRNGI,熊本県,0,,-
Lincle,ビューティフルレシート,326,TAIPP2,熊本県,489,TAIPP2,熊本県,1068,KAZZY.,熊本県,1913,GALA,熊本県,0,,-
Lincle,ユミル,0,,-,620,DECIDE,熊本県,1169,S*U*U,熊本県,2828,STRNGI,熊本県,0,,-
Lincle,君のハートにロックオン,0,,-,665,DECIDE,熊本県,1396,ZALMK,熊本県,2575,P-SUK,熊本県,3431,STRNGI,熊本県
Lincle,天空の夜明け,0,,-,1239,XAI,熊本県,1921,MICOOO,熊本県,3991,STRNGI,熊本県,0,,-
Lincle,子供の落書き帳,0,,-,775,DECIDE,熊本県,1550,CHUDOK,熊本県,2625,STRNGI,熊本県,0,,-
Lincle,恋する☆宇宙戦争っ！！,469,TAIPP2,熊本県,870,DECIDE,熊本県,1625,EM3,熊本県,3455,SILVER,熊本県,4532,STRNGI,熊本県
Lincle,突撃!ガラスのニーソ姫!,0,,-,343,FUM10,熊本県,1012,K-DOG,熊本県,2057,GALA,熊本県,0,,-
Lincle,聖人の塔,0,,-,832,DECIDE,熊本県,1860,YGRM,熊本県,2983,SILVER,熊本県,4213,SILVER,熊本県
Lincle,蛇神,399,TAIPP2,熊本県,674,DECIDE,熊本県,1299,Y.S,熊本県,2818,STRNGI,熊本県,3631,STRNGI,熊本県
Lincle,衰色小町メランコリア,0,,-,758,DECIDE,熊本県,1131,M333,熊本県,2343,STRNGI,熊本県,0,,-
Lincle,陽炎,0,,-,603,TAIPP2,熊本県,1002,TAIPP2,熊本県,2002,STRNGI,熊本県,0,,-
tricoro,405nm (Ryu☆mix),0,,-,829,DECIDE,熊本県,1604,SKFB,熊本県,2559,STRNGI,熊本県,0,,-
tricoro,8bit Princess,0,,-,622,DECIDE,熊本県,1291,A.Z.I.,熊本県,2630,STRNGI,熊本県,0,,-
tricoro,Ascalon,0,,-,1041,TAIPP2,熊本県,1532,SOUCHA,熊本県,2227,GALA,熊本県,0,,-
tricoro,Beastie Starter,0,,-,510,TAIPP2,熊本県,1108,ZALMK,熊本県,2163,STRNGI,熊本県,0,,-
tricoro,BLUE STRAGGLER,0,,-,773,DECIDE,熊本県,1339,SKFB,熊本県,2511,47,熊本県,0,,-
tricoro,BRAVE GLOW,0,,-,745,DECIDE,熊本県,1541,SKFB,熊本県,2468,47,熊本県,0,,-
tricoro,CONCEPTUAL,0,,-,775,DECIDE,熊本県,1144,AKI,熊本県,2707,STRNGI,熊本県,0,,-
tricoro,Confiserie,0,,-,884,DECIDE,熊本県,1934,A.R.JJ,熊本県,3506,STRNGI,熊本県,0,,-
tricoro,connective,0,,-,389,DECIDE,熊本県,992,UDON.,熊本県,1590,GALA,熊本県,0,,-
tricoro,Cookie Bouquets,0,,-,814,DECIDE,熊本県,1909,RIO,熊本県,3377,NUMAP,熊本県,0,,-
tricoro,DAY DREAM,0,,-,355,RUISA,熊本県,1013,CIEL,熊本県,1996,SILVER,熊本県,0,,-
tricoro,Devilz Staircase,0,,-,654,STRNGI,熊本県,1981,CA4SU,熊本県,3216,STRNGI,熊本県,0,,-
tricoro,Elemental Creation,248,TAIPP2,熊本県,1333,AKKEY,熊本県,2285,H.WAGY,熊本県,4083,STRNGI,熊本県,0,,-
tricoro,examination leave,0,,-,1001,DECIDE,熊本県,1827,SYU3DS,熊本県,3394,STRNGI,熊本県,0,,-
tricoro,FLOWER,220,M....,熊本県,972,SIKKUN,熊本県,1673,ZND-R,熊本県,2873,STRNGI,熊本県,0,,-
tricoro,Fly you to the star,0,,-,721,DECIDE,熊本県,1552,ASIBA.,熊本県,2253,P-SUK,熊本県,0,,-
tricoro,GAIA,0,,-,970,DECIDE,熊本県,1943,CA4SU,熊本県,3291,STRNGI,熊本県,0,,-
tricoro,GRADIUS 2012,0,,-,838,Y.S,熊本県,1279,TAIPP2,熊本県,2658,GALA,熊本県,0,,-
tricoro,Hollywood Galaxy,0,,-,1025,K.K,熊本県,1879,A.R.JJ,熊本県,2704,STRNGI,熊本県,0,,-
tricoro,Howling,0,,-,534,DECIDE,熊本県,1078,TAIPP2,熊本県,2090,GALA,熊本県,2541,GALA,熊本県
tricoro,I know You know,0,,-,580,DECIDE,熊本県,961,TAIPP2,熊本県,1849,47,熊本県,0,,-
tricoro,ILIAS,0,,-,753,TAIPP2,熊本県,1061,M333,熊本県,2180,STRNGI,熊本県,0,,-
tricoro,Illegal Function Call,0,,-,950,Y.S,熊本県,1511,UMITO.,熊本県,2637,STRNGI,熊本県,3598,STRNGI,熊本県
tricoro,In Heaven,0,,-,726,DECIDE,熊本県,1328,OKAKA,熊本県,2111,P-SUK,熊本県,0,,-
tricoro,JOMANDA,229,TAIPP2,熊本県,1010,DECIDE,熊本県,2330,GALA,熊本県,3620,STRNGI,熊本県,0,,-
tricoro,Liberation,0,,-,1327,TAIPP2,熊本県,1986,UMITO.,熊本県,3686,STRNGI,熊本県,0,,-
tricoro,Light and Cyber…,0,,-,993,DECIDE,熊本県,1869,SKFB,熊本県,3022,GALA,熊本県,0,,-
tricoro,Little Star,0,,-,909,KINO,熊本県,1694,ASIBA.,熊本県,3143,STRNGI,熊本県,0,,-
tricoro,LUV CAN SAVE U,0,,-,556,DECIDE,熊本県,1241,ALMAL,熊本県,2128,STRNGI,熊本県,2799,STRNGI,熊本県
tricoro,mnemoniq,0,,-,497,DECIDE,熊本県,850,Y.S,熊本県,1306,GALA,熊本県,0,,-
tricoro,Neonlights,0,,-,619,DECIDE,熊本県,1327,MISI,熊本県,2220,STRNGI,熊本県,0,,-
tricoro,neu,185,TAIPP2,熊本県,915,DECIDE,熊本県,1927,TONTON,熊本県,3896,STRNGI,熊本県,0,,-
tricoro,New Decade IIDX Edition,255,TAIPP2,熊本県,948,DECIDE,熊本県,1739,QZ.MON,熊本県,3004,STRNGI,熊本県,0,,-
tricoro,New Lights,0,,-,974,DECIDE,熊本県,1583,CIEL,熊本県,2470,STRNGI,熊本県,0,,-
tricoro,Plan 8,0,,-,1162,TA-983,熊本県,2140,.SHORE,熊本県,3143,STRNGI,熊本県,0,,-
tricoro,planarian,0,,-,701,DECIDE,熊本県,1616,ASIBA.,熊本県,2526,GALA,熊本県,0,,-
tricoro,POINT ZERO,0,,-,674,TAIPP2,熊本県,1129,CIEL,熊本県,2043,47,熊本県,0,,-
tricoro,Präludium,0,,-,672,DECIDE,熊本県,1334,SKFB,熊本県,2153,A!,熊本県,0,,-
tricoro,Proof of the existence,0,,-,1174,TA-983,熊本県,1828,CHUDOK,熊本県,3196,STRNGI,熊本県,0,,-
tricoro,Rainbow after snow,0,,-,685,DECIDE,熊本県,1222,MERA-R,熊本県,2160,SILVER,熊本県,0,,-
tricoro,Re:GENERATION,226,TAIPP2,熊本県,861,DECIDE,熊本県,1271,UDON.,熊本県,2214,GALA,熊本県,0,,-
tricoro,Reflection Into the EDEN,0,,-,694,DECIDE,熊本県,1236,JUNGLE,熊本県,2134,47,熊本県,0,,-
tricoro,rumrum triplets,0,,-,916,DECIDE,熊本県,1788,4KI01,熊本県,2982,SILVER,熊本県,0,,-
tricoro,S!ck,0,,-,846,DECIDE,熊本県,1376,SIKKUN,熊本県,2629,47,熊本県,0,,-
tricoro,Saturn,0,,-,1076,Y.S,熊本県,1699,SYU3DS,熊本県,2548,NUMAP,熊本県,3452,STRNGI,熊本県
tricoro,Shining World,0,,-,1184,KINO,熊本県,1409,OKAKA,熊本県,1940,SILVER,熊本県,0,,-
tricoro,SHION,0,,-,639,DECIDE,熊本県,1233,A.Z.I.,熊本県,2686,P-SUK,熊本県,0,,-
tricoro,Sol Cosine Job 2,0,,-,735,KARMY,熊本県,1583,REN,熊本県,3128,STRNGI,熊本県,0,,-
tricoro,STULTI,0,,-,708,SAKKUN,熊本県,1560,NUMAP,熊本県,2694,SILVER,熊本県,0,,-
tricoro,SYNC-ANTHEM,0,,-,882,TAIPP2,熊本県,2130,CHUDOK,熊本県,3637,SILVER,熊本県,0,,-
tricoro,Synergy For Angels,0,,-,816,DECIDE,熊本県,1525,CIEL,熊本県,2721,GALA,熊本県,0,,-
tricoro,Take My Life,0,,-,890,DECIDE,熊本県,1278,ARASA-,熊本県,2870,47,熊本県,0,,-
tricoro,Thor's Hammer,0,,-,894,DECIDE,熊本県,1686,CA4SU,熊本県,2997,STRNGI,熊本県,0,,-
tricoro,Time To Empress,0,,-,856,DECIDE,熊本県,1660,KINO,熊本県,2552,GALA,熊本県,3140,STRNGI,熊本県
tricoro,Timepiece phase II,0,,-,916,KINO,熊本県,1771,4KI01,熊本県,3251,STRNGI,熊本県,0,,-
tricoro,Timepiece phase II (CN Ver.),0,,-,867,Y.S,熊本県,1626,REN,熊本県,2947,STRNGI,熊本県,0,,-
tricoro,True Blue,0,,-,1006,DECIDE,熊本県,2321,CALPIS,熊本県,3754,STRNGI,熊本県,0,,-
tricoro,Valanga,0,,-,1241,SIKKUN,熊本県,1962,8N240U,熊本県,3243,STRNGI,熊本県,0,,-
tricoro,VALLIS-NERIA,255,TAIPP2,熊本県,1062,K.K,熊本県,1910,SIREN,熊本県,2945,STRNGI,熊本県,0,,-
tricoro,VEGA,0,,-,1103,K.K,熊本県,1917,SKFB,熊本県,3120,STRNGI,熊本県,0,,-
tricoro,ZED,0,,-,857,DECIDE,熊本県,1530,CA4SU,熊本県,2633,GALA,熊本県,3408,STRNGI,熊本県
tricoro,Zirkfied,0,,-,881,AKI,熊本県,1939,H.WAGY,熊本県,3789,STRNGI,熊本県,0,,-
tricoro,ΕΛΠΙΣ,0,,-,1063,DECIDE,熊本県,1979,Y,熊本県,3116,STRNGI,熊本県,3553,SILVER,熊本県
tricoro,†渚の小悪魔ラヴリィ～レイディオ†(IIDX EDIT),226,TAIPP2,熊本県,520,DECIDE,熊本県,1649,ZND-R,熊本県,3566,STRNGI,熊本県,0,,-
tricoro,お米の美味しい炊き方、そしてお米を食べることによるその効果。,0,,-,811,K.K,熊本県,1142,KULANT,熊本県,2144,GALA,熊本県,3603,SILVER,熊本県
tricoro,たまゆら,0,,-,1029,Y.S,熊本県,1708,CA4SU,熊本県,2753,STRNGI,熊本県,0,,-
tricoro,アストライアの双皿,0,,-,636,UDON.,熊本県,1844,SKFB,熊本県,3039,SILVER,熊本県,0,,-
tricoro,カジノファイヤーことみちゃん,0,,-,572,TAIPP2,熊本県,1231,XAI,熊本県,2322,SILVER,熊本県,3214,STRNGI,熊本県
tricoro,キャトられ恋はモ～モク,0,,-,1320,AKI,熊本県,2339,88KA2,熊本県,3804,STRNGI,熊本県,0,,-
tricoro,シュレーディンガーの猫,0,,-,974,DECIDE,熊本県,2413,GALA,熊本県,3346,SILVER,熊本県,0,,-
tricoro,トリカゴノ鳳凰,0,,-,1026,KINO,熊本県,1852,SKFB,熊本県,3738,STRNGI,熊本県,0,,-
tricoro,メイメツ、フラグメンツ,0,,-,633,G-COM,熊本県,1171,OKAKA,熊本県,1947,SILVER,熊本県,0,,-
tricoro,ラキラキ,0,,-,623,DECIDE,熊本県,1235,XAI,熊本県,1949,47,熊本県,0,,-
tricoro,下弦の月,0,,-,855,DECIDE,熊本県,1364,AKKEY,熊本県,1979,P-SUK,熊本県,0,,-
tricoro,仮想空間の旅人たち,0,,-,1075,DECIDE,熊本県,2009,INY,熊本県,2870,STRNGI,熊本県,3852,STRNGI,熊本県
tricoro,創世ノート,0,,-,764,DECIDE,熊本県,1798,SKFB,熊本県,2915,GALA,熊本県,0,,-
tricoro,即席！脳直★ミュージックシステム,0,,-,957,DECIDE,熊本県,1869,592BU4,熊本県,3515,SILVER,熊本県,0,,-
tricoro,朧,199,TAIPP2,熊本県,746,DECIDE,熊本県,1472,N*KNN,熊本県,2105,STRNGI,熊本県,2525,STRNGI,熊本県
tricoro,梅雪夜,0,,-,832,DECIDE,熊本県,1361,SKFB,熊本県,2137,STRNGI,熊本県,0,,-
tricoro,狂イ咲ケ焔ノ華,0,,-,1111,TAIPP2,熊本県,2106,QZ.MON,熊本県,3616,STRNGI,熊本県,0,,-
tricoro,音楽,0,,-,750,KINO,熊本県,1798,DCYUME,熊本県,2771,STRNGI,熊本県,0,,-
tricoro,龍と少女とデコヒーレンス,0,,-,808,DECIDE,熊本県,1515,SKFB,熊本県,2934,47,熊本県,3377,STRNGI,熊本県
SPADA,Adularia,188,TAIPP2,熊本県,956,DECIDE,熊本県,1709,AYANE,熊本県,2815,STRNGI,熊本県,0,,-
SPADA,ALBA -黎明-,0,,-,624,DECIDE,熊本県,1478,ASIBA.,熊本県,3219,STRNGI,熊本県,3876,STRNGI,熊本県
SPADA,Ancient Scapes,0,,-,1046,SIKKUN,熊本県,1813,A.R.JJ,熊本県,3453,STRNGI,熊本県,4219,STRNGI,熊本県
SPADA,ATHER,0,,-,906,DECIDE,熊本県,1365,TKM,熊本県,2795,47,熊本県,3150,SILVER,熊本県
SPADA,BLUE DRAGON(雷龍RemixIIDX),0,,-,1361,AKKEY,熊本県,1903,DAKDOK,熊本県,3332,STRNGI,熊本県,0,,-
SPADA,BRAINSTORM,0,,-,719,DECIDE,熊本県,1773,SIREN,熊本県,2794,STRNGI,熊本県,0,,-
SPADA,BRAVE OUT,0,,-,986,DECIDE,熊本県,1452,ASIBA.,熊本県,2119,GALA,熊本県,2784,STRNGI,熊本県
SPADA,Claiomh Solais,0,,-,335,TAIPP2,熊本県,1411,DCYUME,熊本県,2085,STRNGI,熊本県,0,,-
SPADA,Cleopatrysm,0,,-,767,DECIDE,熊本県,1155,INSANE,熊本県,2580,STRNGI,熊本県,0,,-
SPADA,Close the World feat.a☆ru,0,,-,1058,TAIPP2,熊本県,1861,88KA2,熊本県,3408,STRNGI,熊本県,3846,STRNGI,熊本県
SPADA,Critical Crystal,212,TAIPP2,熊本県,1002,Y.S,熊本県,1649,TONTON,熊本県,2913,STRNGI,熊本県,0,,-
SPADA,DARK LEGACY,0,,-,1138,Y.S,熊本県,1919,CA4SU,熊本県,3546,SILVER,熊本県,0,,-
SPADA,Devilz Sacrifice -贖罪の羊-,0,,-,873,Y.S,熊本県,1545,CIEL,熊本県,2414,NUMAP,熊本県,0,,-
SPADA,diagram,0,,-,596,DECIDE,熊本県,1138,Y.S,熊本県,2800,47,熊本県,0,,-
SPADA,Elektrick U-Phoria,0,,-,1087,SIKKUN,熊本県,1721,JISBOY,熊本県,3062,STRNGI,熊本県,4022,STRNGI,熊本県
SPADA,Element of SPADA,0,,-,666,DECIDE,熊本県,1253,CA4SU,熊本県,2078,P-SUK,熊本県,3054,GALA,熊本県
SPADA,Engraved Mark,0,,-,740,DECIDE,熊本県,1131,88KA2,熊本県,2386,SILVER,熊本県,0,,-
SPADA,EXTREME MACH COLLIDER,0,,-,860,DECIDE,熊本県,1097,KOKI,熊本県,2570,STRNGI,熊本県,0,,-
SPADA,Feel The Beat,0,,-,1047,CA4SU,熊本県,1958,CA4SU,熊本県,3514,SILVER,熊本県,4341,STRNGI,熊本県
SPADA,Funny shuffle,0,,-,573,DECIDE,熊本県,1023,XAI,熊本県,2266,GALA,熊本県,0,,-
SPADA,HYENA,0,,-,1025,TAIPP2,熊本県,1690,NUSA,熊本県,2749,GALA,熊本県,3665,STRNGI,熊本県
SPADA,Hypersonik,0,,-,907,DECIDE,熊本県,1564,CA4SU,熊本県,2500,GALA,熊本県,0,,-
SPADA,I will be back -オレは帰ってきた-,0,,-,932,DECIDE,熊本県,1647,RIO,熊本県,2809,DOON,熊本県,0,,-
SPADA,Idola,0,,-,1049,DECIDE,熊本県,2171,A.R.JJ,熊本県,3555,SILVER,熊本県,0,,-
SPADA,Insane Techniques,0,,-,682,DECIDE,熊本県,1068,TAIPP2,熊本県,2483,STRNGI,熊本県,0,,-
SPADA,INSOMNIA,0,,-,734,DECIDE,熊本県,1556,XAI,熊本県,3209,STRNGI,熊本県,0,,-
SPADA,into the battlefield,0,,-,697,DECIDE,熊本県,1283,CIEL,熊本県,2350,P-SUK,熊本県,0,,-
SPADA,invoker,0,,-,1022,DECIDE,熊本県,1718,88KA2,熊本県,3198,STRNGI,熊本県,3539,STRNGI,熊本県
SPADA,IX,0,,-,1198,K.K,熊本県,2400,GALA,熊本県,3828,STRNGI,熊本県,0,,-
SPADA,KAISER PHOENIX,0,,-,1189,Y.S,熊本県,2122,TA-983,熊本県,3286,STRNGI,熊本県,3883,STRNGI,熊本県
SPADA,KHAMEN BREAK,0,,-,550,DECIDE,熊本県,1108,TAIPP2,熊本県,2481,STRNGI,熊本県,0,,-
SPADA,Last Dance,0,,-,1032,SIKKUN,熊本県,1920,2EXT.,熊本県,3227,STRNGI,熊本県,0,,-
SPADA,Lighting Shower,0,,-,716,DECIDE,熊本県,1210,CA4SU,熊本県,2308,GALA,熊本県,0,,-
SPADA,M.D.Injection,0,,-,575,DECIDE,熊本県,1178,XAI,熊本県,2352,47,熊本県,0,,-
SPADA,m1dy Deluxe,0,,-,1058,DECIDE,熊本県,1455,NUSA,熊本県,2560,STRNGI,熊本県,0,,-
SPADA,MAD ATTACK,0,,-,591,TAIPP2,熊本県,1089,XAI,熊本県,1906,GALA,熊本県,2622,STRNGI,熊本県
SPADA,MAGIC & LOVE,0,,-,931,DECIDE,熊本県,1655,S*U*U,熊本県,2926,STRNGI,熊本県,0,,-
SPADA,Miracle 5ympho X,0,,-,705,DECIDE,熊本県,1229,XAI,熊本県,2548,GALA,熊本県,2925,STRNGI,熊本県
SPADA,NPC World,0,,-,937,DECIDE,熊本県,1092,TAIPP2,熊本県,2239,GALA,熊本県,0,,-
SPADA,Odin,0,,-,735,DECIDE,熊本県,1245,TATA2R,熊本県,2039,P-SUK,熊本県,0,,-
SPADA,Overload Frontier,0,,-,720,DECIDE,熊本県,1559,SIKKUN,熊本県,2511,SILVER,熊本県,0,,-
SPADA,Pharaoh,0,,-,621,DECIDE,熊本県,1067,TAIPP2,熊本県,2456,STRNGI,熊本県,0,,-
SPADA,PUNISHER,0,,-,1038,DECIDE,熊本県,1867,SKFB,熊本県,3557,STRNGI,熊本県,0,,-
SPADA,ra'am,0,,-,985,UMITO.,熊本県,1714,KAZZY.,熊本県,2731,STRNGI,熊本県,0,,-
SPADA,rainbow guitar weeps,0,,-,892,DECIDE,熊本県,1660,CA4SU,熊本県,2729,GALA,熊本県,0,,-
SPADA,Recollection,0,,-,1100,DECIDE,熊本県,1531,*HAKU*,熊本県,2225,47,熊本県,0,,-
SPADA,refractive index,0,,-,707,TAIPP2,熊本県,1198,Y.S,熊本県,2618,GALA,熊本県,0,,-
SPADA,RISE,0,,-,815,DECIDE,熊本県,1135,D-S,熊本県,1870,STRNGI,熊本県,0,,-
SPADA,RIZING YOU UP,0,,-,949,DECIDE,熊本県,1995,SKFB,熊本県,2542,47,熊本県,0,,-
SPADA,SCHWARZSCHILD FIELD,0,,-,913,TA-983,熊本県,1354,CIEL,熊本県,2389,STRNGI,熊本県,0,,-
SPADA,Sigmund,0,,-,1414,CIEL,熊本県,2270,SILVER,熊本県,3817,STRNGI,熊本県,4179,STRNGI,熊本県
SPADA,Squeeze,0,,-,750,DECIDE,熊本県,1296,SIKKUN,熊本県,2459,STRNGI,熊本県,0,,-
SPADA,THE DETONATOR,0,,-,1265,TAIPP2,熊本県,2064,SHERRY,熊本県,3214,STRNGI,熊本県,0,,-
SPADA,Unicorn tail,0,,-,794,DECIDE,熊本県,1969,CA4SU,熊本県,3136,STRNGI,熊本県,0,,-
SPADA,Valgus,0,,-,613,DECIDE,熊本県,1077,TAIPP2,熊本県,2344,SILVER,熊本県,0,,-
SPADA,Verflucht,0,,-,1119,SIKKUN,熊本県,1883,CA4SU,熊本県,3535,STRNGI,熊本県,4606,STRNGI,熊本県
SPADA,VOX UP,0,,-,1270,TAIPP2,熊本県,2661,GALA,熊本県,3593,STRNGI,熊本県,0,,-
SPADA,Wonder Girl feat. Kanae Asaba,0,,-,674,DECIDE,熊本県,1109,AKI,熊本県,2766,47,熊本県,0,,-
SPADA,お願いアインシュタイン,0,,-,823,DECIDE,熊本県,1326,OKAKA,熊本県,2077,N*KNN,熊本県,0,,-
SPADA,アルストロメリア,208,TAIPP2,熊本県,915,DECIDE,熊本県,1497,N*KNN,熊本県,2456,SILVER,熊本県,0,,-
SPADA,デッドボヲルdeホームラン,0,,-,581,DECIDE,熊本県,1374,XAI,熊本県,2749,STRNGI,熊本県,0,,-
SPADA,バンブーソード・ガール,258,TAIPP2,熊本県,891,DECIDE,熊本県,1662,H.WAGY,熊本県,2411,SILVER,熊本県,0,,-
SPADA,廿,0,,-,901,DECIDE,熊本県,1405,BOB,熊本県,2339,SILVER,熊本県,3318,STRNGI,熊本県
SPADA,旋律のドグマ～Miserables～,0,,-,1032,MNOP,熊本県,2405,H.WAGY,熊本県,3883,STRNGI,熊本県,0,,-
SPADA,海神,0,,-,1040,Y.S,熊本県,1824,DAKDOK,熊本県,3179,STRNGI,熊本県,3575,STRNGI,熊本県
SPADA,煉獄のエルフェリア,0,,-,1279,A.R.JJ,熊本県,2219,A.R.JJ,熊本県,3835,STRNGI,熊本県,0,,-
SPADA,牧神笛吹きて,0,,-,697,UDON.,熊本県,1260,SKFB,熊本県,2028,SILVER,熊本県,0,,-
SPADA,疾風迅雷,0,,-,1039,REN,熊本県,1775,CA4SU,熊本県,2845,STRNGI,熊本県,3345,STRNGI,熊本県
SPADA,罪と罰,0,,-,934,Y.S,熊本県,1311,AKKEY,熊本県,2149,STRNGI,熊本県,0,,-
SPADA,超!!遠距離らぶメ～ル,0,,-,547,DECIDE,熊本県,854,JAM,熊本県,2578,GALA,熊本県,0,,-
SPADA,轟け！恋のビーンボール！！,0,,-,931,KINO,熊本県,1743,TENGA,熊本県,3544,STRNGI,熊本県,0,,-
PENDUAL,#The_Relentless,0,,-,1057,DECIDE,熊本県,1770,SIKKUN,熊本県,2870,GALA,熊本県,4397,STRNGI,熊本県
PENDUAL,AFRO KNUCKLE,0,,-,877,TAIPP2,熊本県,1644,KARIQB,熊本県,2369,GALA,熊本県,0,,-
PENDUAL,Beat Radiance,0,,-,906,TAIPP2,熊本県,1541,SKFB,熊本県,2577,GALA,熊本県,3586,STRNGI,熊本県
PENDUAL,Beyond The Earth,0,,-,1109,Y.S,熊本県,1794,INY,熊本県,3151,47,熊本県,0,,-
PENDUAL,Blaze it UP!,0,,-,906,DECIDE,熊本県,1792,ZND-R,熊本県,2919,47,熊本県,0,,-
PENDUAL,BLUE MIRAGE,0,,-,985,$,熊本県,1865,8N240U,熊本県,3017,STRNGI,熊本県,0,,-
PENDUAL,Broken Sword,0,,-,1121,AKI,熊本県,1867,CALPIS,熊本県,3705,STRNGI,熊本県,0,,-
PENDUAL,Chain of pain,0,,-,701,DECIDE,熊本県,1299,MISI,熊本県,2217,STRNGI,熊本県,0,,-
PENDUAL,chrono diver -fragment-,0,,-,643,DECIDE,熊本県,1056,TAIPP2,熊本県,1780,MILIAM,熊本県,2247,47,熊本県
PENDUAL,CHRONO DIVER -NORNIR-,0,,-,1084,Y.S,熊本県,2086,CA4SU,熊本県,3091,STRNGI,熊本県,4371,STRNGI,熊本県
PENDUAL,Chrono Diver -PENDULUMs-,406,BAN$$$,熊本県,1354,XAI,熊本県,2687,NUMAP,熊本県,4224,STRNGI,熊本県,0,,-
PENDUAL,Chronos,0,,-,806,KINO,熊本県,1147,KINO,熊本県,2368,STRNGI,熊本県,2952,SILVER,熊本県
PENDUAL,cinder,0,,-,783,DECIDE,熊本県,1815,S*U*U,熊本県,3123,STRNGI,熊本県,0,,-
PENDUAL,COLOSSEUM,0,,-,464,T.N003,熊本県,1168,XAI,熊本県,2261,SILVER,熊本県,0,,-
PENDUAL,Cosmic Cat,0,,-,860,DECIDE,熊本県,1409,D-S,熊本県,2291,STRNGI,熊本県,3238,STRNGI,熊本県
PENDUAL,Despair of ELFERIA,0,,-,1048,KOKI,熊本県,2292,AYANE,熊本県,4102,STRNGI,熊本県,0,,-
PENDUAL,Discloze,0,,-,814,TAIPP2,熊本県,1340,TKM,熊本県,2659,STRNGI,熊本県,0,,-
PENDUAL,EBONY & IVORY,0,,-,921,DECIDE,熊本県,1419,A.Z.I.,熊本県,2987,STRNGI,熊本県,3588,STRNGI,熊本県
PENDUAL,entelecheia,0,,-,944,DECIDE,熊本県,1912,TENGA,熊本県,3247,STRNGI,熊本県,0,,-
PENDUAL,Erosion Mark,0,,-,728,DECIDE,熊本県,1448,SYU3DS,熊本県,2145,P-SUK,熊本県,0,,-
PENDUAL,fallen leaves -IIDX edition-,0,,-,1058,DECIDE,熊本県,1700,CIEL,熊本県,3392,STRNGI,熊本県,0,,-
PENDUAL,FANTASTIC THREE,0,,-,1138,Y.S,熊本県,1865,CIEL,熊本県,3213,STRNGI,熊本県,0,,-
PENDUAL,Flashes,0,,-,901,DECIDE,熊本県,1734,TAKES,熊本県,3279,STRNGI,熊本県,4089,STRNGI,熊本県
PENDUAL,Gravigazer,0,,-,862,DECIDE,熊本県,1839,ARCUS.,熊本県,3015,STRNGI,熊本県,0,,-
PENDUAL,GUILTY,0,,-,867,REN,熊本県,1254,KAZZY.,熊本県,1867,47,熊本県,2986,STRNGI,熊本県
PENDUAL,HELL SCAPER -Last Escape Remix-,0,,-,867,DECIDE,熊本県,1601,SYU3DS,熊本県,2842,SILVER,熊本県,0,,-
PENDUAL,Hello Happiness,0,,-,792,TAIPP2,熊本県,1400,A2M,熊本県,2338,STRNGI,熊本県,0,,-
PENDUAL,illuminate,0,,-,601,DECIDE,熊本県,1198,KACHU,熊本県,2304,STRNGI,熊本県,0,,-
PENDUAL,IMPLANTATION,0,,-,591,TAIPP2,熊本県,1328,EUPHO,熊本県,2269,STRNGI,熊本県,0,,-
PENDUAL,In The Breeze,0,,-,618,DECIDE,熊本県,1096,XILENT,熊本県,1739,STRNGI,熊本県,0,,-
PENDUAL,Invitation from Mr.C,0,,-,959,DECIDE,熊本県,1425,CERNA,熊本県,2737,STRNGI,熊本県,0,,-
PENDUAL,IXION,0,,-,991,Y.S,熊本県,1562,SKFB,熊本県,2149,GALA,熊本県,0,,-
PENDUAL,Line 4 Ruin,0,,-,673,DECIDE,熊本県,1664,NU?,熊本県,2793,STRNGI,熊本県,0,,-
PENDUAL,Monopole.,0,,-,748,DECIDE,熊本県,1517,CIEL,熊本県,3324,STRNGI,熊本県,0,,-
PENDUAL,NEO GENERATOR SEVEN,0,,-,838,DECIDE,熊本県,1659,CA4SU,熊本県,3311,STRNGI,熊本県,0,,-
PENDUAL,Night sky,0,,-,1056,TAIPP2,熊本県,1763,A.R.JJ,熊本県,2915,STRNGI,熊本県,0,,-
PENDUAL,No Tears,0,,-,1049,TAIPP2,熊本県,1823,CERNA,熊本県,2545,STRNGI,熊本県,0,,-
PENDUAL,PENDUAL TALISMAN,0,,-,994,DECIDE,熊本県,1421,GEN,熊本県,2589,STRNGI,熊本県,0,,-
PENDUAL,Rave*it!! Rave*it!!,0,,-,882,DECIDE,熊本県,1528,QZ.MON,熊本県,3273,STRNGI,熊本県,0,,-
PENDUAL,Realize Maze,0,,-,1089,DECIDE,熊本県,1654,*HAKU*,熊本県,2935,47,熊本県,0,,-
PENDUAL,Reflux,0,,-,745,DECIDE,熊本県,1450,XILENT,熊本県,3021,STRNGI,熊本県,0,,-
PENDUAL,Sakura Mirage,0,,-,872,AKI,熊本県,1124,MISI,熊本県,2338,STRNGI,熊本県,0,,-
PENDUAL,SAMSARA,0,,-,792,DECIDE,熊本県,1193,SHUM4I,熊本県,2037,P-SUK,熊本県,0,,-
PENDUAL,Say YEEEAHH,0,,-,1028,Y.S,熊本県,1542,XAI,熊本県,3250,STRNGI,熊本県,0,,-
PENDUAL,Scarlet Moon,0,,-,1015,DECIDE,熊本県,1680,TONTON,熊本県,2675,GALA,熊本県,0,,-
PENDUAL,Scars of FAUNA,0,,-,787,AKI,熊本県,1656,DCYUME,熊本県,2902,STRNGI,熊本県,0,,-
PENDUAL,Shooting Fireball,0,,-,894,DECIDE,熊本県,2124,9RAUDO,熊本県,3868,STRNGI,熊本県,0,,-
PENDUAL,Sounds Of Summer,0,,-,1098,DECIDE,熊本県,1958,DAKDOK,熊本県,2946,STRNGI,熊本県,0,,-
PENDUAL,SpaceLand☆TOYBOX,0,,-,1002,DECIDE,熊本県,1106,AJIMU.,熊本県,2939,STRNGI,熊本県,0,,-
PENDUAL,Sweet Radar,0,,-,658,DECIDE,熊本県,1345,N*KNN,熊本県,2019,P-SUK,熊本県,0,,-
PENDUAL,Symmetry,0,,-,928,DECIDE,熊本県,1913,CALPIS,熊本県,3256,STRNGI,熊本県,0,,-
PENDUAL,TA・DA ☆ YO・SHI,0,,-,1003,DECIDE,熊本県,1514,ASIBA.,熊本県,2285,SILVER,熊本県,0,,-
PENDUAL,The Least 100sec,0,,-,583,AKKEY,熊本県,1192,POLTOL,熊本県,2908,STRNGI,熊本県,0,,-
PENDUAL,TIEFSEE,0,,-,1116,DECIDE,熊本県,1840,CA4SU,熊本県,3476,STRNGI,熊本県,0,,-
PENDUAL,TOXIC VIBRATION,0,,-,1434,K.K,熊本県,2332,YGRM,熊本県,3692,SILVER,熊本県,0,,-
PENDUAL,Vulkan,0,,-,816,RUISA,熊本県,1881,SYU3DS,熊本県,2992,STRNGI,熊本県,0,,-
PENDUAL,We're so Happy (P*Light Remix) IIDX ver.,0,,-,1152,TA-983,熊本県,1987,CERNA,熊本県,3646,SILVER,熊本県,0,,-
PENDUAL,ZZ,196,TAIPP2,熊本県,1271,TA-983,熊本県,1956,2EXT.,熊本県,3034,STRNGI,熊本県,0,,-
PENDUAL,それは花火のような恋,656,TAIPP2,熊本県,1237,N*KNN,熊本県,2377,MANNYO,熊本県,3870,STRNGI,熊本県,0,,-
PENDUAL,とろぴかる倶楽部,0,,-,746,Y.S,熊本県,1301,CA4SU,熊本県,2269,STRNGI,熊本県,0,,-
PENDUAL,ぷろぐれっしぶ時空少女！うらしまたろ子ちゃん！,0,,-,834,DECIDE,熊本県,1411,AKKEY,熊本県,2530,STRNGI,熊本県,0,,-
PENDUAL,もっと！モット！ときめき feat. 松下,0,,-,1352,TA-983,熊本県,1837,SKFB,熊本県,2637,SILVER,熊本県,0,,-
PENDUAL,ドッキン☆サマーあばんちゅーる,0,,-,816,RYO,熊本県,1459,POLTOL,熊本県,2805,SILVER,熊本県,0,,-
PENDUAL,パ→ピ→プ→Yeah!,323,AYSLIA,熊本県,962,KINO,熊本県,1436,ZL,熊本県,2539,STRNGI,熊本県,0,,-
PENDUAL,ベィスドロップ・フリークス,0,,-,639,TE2ROW,熊本県,1130,Y.S,熊本県,2186,GALA,熊本県,2298,SILVER,熊本県
PENDUAL,リリーゼと炎龍レーヴァテイン,0,,-,916,DECIDE,熊本県,2006,SIREN,熊本県,3439,STRNGI,熊本県,0,,-
PENDUAL,共鳴遊戯の華,0,,-,1089,K-DOG,熊本県,2349,H.WAGY,熊本県,3775,SILVER,熊本県,0,,-
PENDUAL,十六夜セツナ,0,,-,952,DECIDE,熊本県,1496,AKKEY,熊本県,2237,STRNGI,熊本県,0,,-
PENDUAL,千年ノ理,0,,-,1074,DECIDE,熊本県,1904,N*KNN,熊本県,3182,STRNGI,熊本県,4280,STRNGI,熊本県
PENDUAL,取り残された美術(Arranged:HiZuMi),240,TAIPP2,熊本県,905,DECIDE,熊本県,1685,N*KNN,熊本県,2204,STRNGI,熊本県,0,,-
PENDUAL,夏色DIARY - L.E.D.-G STYLE MIX -,0,,-,969,TA-983,熊本県,1572,CHUDOK,熊本県,3084,STRNGI,熊本県,0,,-
PENDUAL,妖隠し -あやかしかくし-,0,,-,909,DECIDE,熊本県,1451,88KA2,熊本県,2167,STRNGI,熊本県,0,,-
PENDUAL,少年は空を辿る,0,,-,1239,TA-983,熊本県,1725,CHUDOK,熊本県,3315,STRNGI,熊本県,0,,-
PENDUAL,恋は白帯、サンシロー,0,,-,704,DECIDE,熊本県,1116,TAIPP2,熊本県,2019,P-SUK,熊本県,2748,GALA,熊本県
PENDUAL,打打打打打打打打打打,195,TAIPP2,熊本県,739,DECIDE,熊本県,1342,KARIQB,熊本県,2559,N*KNN,熊本県,0,,-
PENDUAL,時空トラベローグ,0,,-,962,DECIDE,熊本県,1614,MMSZNN,熊本県,2651,STRNGI,熊本県,0,,-
PENDUAL,白露の風,0,,-,456,TAIPP2,熊本県,976,TAIPP2,熊本県,2025,STRNGI,熊本県,0,,-
PENDUAL,紅牡丹,397,INMR,熊本県,982,DECIDE,熊本県,1809,GALA,熊本県,2831,STRNGI,熊本県,0,,-
PENDUAL,表裏一体！？怪盗いいんちょの悩み,0,,-,1028,DECIDE,熊本県,2141,GALA,熊本県,3578,STRNGI,熊本県,4435,STRNGI,熊本県
PENDUAL,超青少年ノ為ノ超多幸ナ超古典的超舞曲,0,,-,898,DECIDE,熊本県,1956,N*KNN,熊本県,2641,N*KNN,熊本県,4080,STRNGI,熊本県
PENDUAL,鬼天,0,,-,830,DECIDE,熊本県,1457,REN,熊本県,2434,SILVER,熊本県,0,,-
PENDUAL,Ｘ↑Ｘ↓,0,,-,870,DECIDE,熊本県,1586,DCYUME,熊本県,2801,GALA,熊本県,0,,-
copula,199024club -Re:BounceKiller-,0,,-,639,TAIPP2,熊本県,1490,A!,熊本県,2354,STRNGI,熊本県,0,,-
copula,Acid Pumper,0,,-,653,DECIDE,熊本県,1479,CA4SU,熊本県,2472,STRNGI,熊本県,0,,-
copula,Angelic Jelly,0,,-,1124,TA-983,熊本県,1874,UMITO.,熊本県,2778,STRNGI,熊本県,0,,-
copula,AO-1,0,,-,1031,TAIPP2,熊本県,1760,SKFB,熊本県,2786,STRNGI,熊本県,0,,-
copula,Arcana,0,,-,1032,SIKKUN,熊本県,1494,MISI,熊本県,2275,STRNGI,熊本県,0,,-
copula,Aublia,0,,-,863,DECIDE,熊本県,1427,CA4SU,熊本県,2548,STRNGI,熊本県,0,,-
copula,Battle Train -IIDX Edition-,0,,-,814,DECIDE,熊本県,2225,SKFB,熊本県,3186,47,熊本県,0,,-
copula,Blue Spring Express,0,,-,1209,AKKEY,熊本県,1647,CRUD,熊本県,3289,STRNGI,熊本県,0,,-
copula,Central Station,0,,-,956,DECIDE,熊本県,1520,KARIQB,熊本県,2413,STRNGI,熊本県,0,,-
copula,chaos eater -IIDX edition-,0,,-,1056,Y.S,熊本県,1511,RIO,熊本県,2628,STRNGI,熊本県,0,,-
copula,CODE:1 [revision1.0.1],0,,-,923,DECIDE,熊本県,1640,ZND-L,熊本県,3104,STRNGI,熊本県,0,,-
copula,Daily Lunch Special,0,,-,1009,SIKKUN,熊本県,1990,ZND-L,熊本県,2958,STRNGI,熊本県,0,,-
copula,Damage Per Second,0,,-,823,DECIDE,熊本県,1167,YATSU,熊本県,2026,P-SUK,熊本県,2270,GALA,熊本県
copula,Derelict Star feat. Ryu*,0,,-,1271,DECIDE,熊本県,1722,CA4SU,熊本県,2623,STRNGI,熊本県,0,,-
copula,Devil's Gear,0,,-,967,DECIDE,熊本県,1939,CIEL,熊本県,3455,STRNGI,熊本県,0,,-
copula,DIAMOND CROSSING,0,,-,895,UDON.,熊本県,1607,REN,熊本県,3075,STRNGI,熊本県,0,,-
copula,do the thing feat. Kanae Asaba,0,,-,579,DECIDE,熊本県,1414,KARIQB,熊本県,2312,STRNGI,熊本県,0,,-
copula,Donkey Donk,0,,-,970,Y.S,熊本県,1449,ZALMK,熊本県,2279,STRNGI,熊本県,0,,-
copula,Dynamite,368,RAIN,熊本県,1074,RUSHUA,熊本県,2352,8N240U,熊本県,3842,STRNGI,熊本県,0,,-
copula,Everlasting Last,0,,-,795,DECIDE,熊本県,1418,INSANE,熊本県,2220,GALA,熊本県,0,,-
copula,Exchange Place,0,,-,715,TAIPP2,熊本県,1023,TAIPP2,熊本県,1792,STRNGI,熊本県,0,,-
copula,GENERATE feat.綾倉盟,0,,-,1040,DECIDE,熊本県,1711,N*KNN,熊本県,2350,STRNGI,熊本県,0,,-
copula,Go Faraway,0,,-,966,DECIDE,熊本県,1400,SKFB,熊本県,2455,GALA,熊本県,0,,-
copula,GOBBLE,0,,-,436,TAIPP2,熊本県,655,XILENT,熊本県,1701,STRNGI,熊本県,0,,-
copula,Godspeed,0,,-,965,KINO,熊本県,1836,KANI,熊本県,3129,SILVER,熊本県,0,,-
copula,Grand Chariot,0,,-,1031,SIKKUN,熊本県,1859,H.WAGY,熊本県,3434,STRNGI,熊本県,0,,-
copula,Highcharge Divolt,0,,-,833,DECIDE,熊本県,1455,AYANE,熊本県,2787,STRNGI,熊本県,0,,-
copula,Inner Spirit,0,,-,823,DECIDE,熊本県,1642,CA4SU,熊本県,2848,STRNGI,熊本県,0,,-
copula,Journey,0,,-,647,DECIDE,熊本県,1165,XAI,熊本県,1850,47,熊本県,3090,47,熊本県
copula,Konzert V,0,,-,1141,UDON.,熊本県,2200,GALA,熊本県,3302,SILVER,熊本県,0,,-
copula,La dolce primavera,0,,-,643,DECIDE,熊本県,1207,*HAKU*,熊本県,2149,47,熊本県,0,,-
copula,M4K3 1T B0UNC3,0,,-,1078,TAIPP2,熊本県,1986,SKFB,熊本県,3023,STRNGI,熊本県,0,,-
copula,Musik LoverZ,0,,-,998,DECIDE,熊本県,1013,TAIPP2,熊本県,2478,STRNGI,熊本県,0,,-
copula,NANAIRO,0,,-,959,DECIDE,熊本県,1657,SKFB,熊本県,2499,NUMAP,熊本県,0,,-
copula,Nightmare before oversleep,0,,-,1092,*HAKU*,熊本県,1582,XILENT,熊本県,2915,STRNGI,熊本県,0,,-
copula,NINJA IS DEAD IIDX ver.,0,,-,1137,SIKKUN,熊本県,1672,RIO,熊本県,2998,STRNGI,熊本県,0,,-
copula,NO LIMIT -オレ達に限界は無い-,0,,-,793,DECIDE,熊本県,1121,AKKEY,熊本県,2206,GALA,熊本県,0,,-
copula,Nowhere,0,,-,769,DECIDE,熊本県,1311,SKFB,熊本県,2130,47,熊本県,0,,-
copula,NZM,0,,-,1073,TA-983,熊本県,1390,YUMMY!,熊本県,3418,STRNGI,熊本県,0,,-
copula,On the FM,0,,-,1016,DECIDE,熊本県,1079,TAIPP2,熊本県,2786,STRNGI,熊本県,0,,-
copula,Outbreak,0,,-,1218,DECIDE,熊本県,1830,A!,熊本県,3012,STRNGI,熊本県,0,,-
copula,POSSESSION,502,TAIPP2,熊本県,1316,SAKKUN,熊本県,1991,KANI,熊本県,2925,STRNGI,熊本県,0,,-
copula,quick master (reform version),0,,-,154,DECIDE,熊本県,310,*HAKU*,熊本県,522,TE2ROW,熊本県,0,,-
copula,refrain,0,,-,1050,DECIDE,熊本県,2047,CALPIS,熊本県,3620,STRNGI,熊本県,0,,-
copula,Rock It,0,,-,1026,DECIDE,熊本県,1546,XILENT,熊本県,2918,SILVER,熊本県,0,,-
copula,Routing,0,,-,854,DECIDE,熊本県,1504,TA-983,熊本県,2518,STRNGI,熊本県,0,,-
copula,Sephirot,0,,-,872,DECIDE,熊本県,1127,MGD,熊本県,2313,STRNGI,熊本県,0,,-
copula,Set U Free feat. Kanae Asaba,0,,-,883,SKFB,熊本県,1072,CA4SU,熊本県,2521,47,熊本県,0,,-
copula,SHELTER OF THE MIND,0,,-,1323,DECIDE,熊本県,1790,D-S,熊本県,2956,GALA,熊本県,0,,-
copula,STARLiGHT,0,,-,868,DECIDE,熊本県,1533,MY,熊本県,2709,47,熊本県,0,,-
copula,STARLIGHT DANCEHALL,0,,-,1095,SIKKUN,熊本県,1649,CERNA,熊本県,2580,GALA,熊本県,3331,STRNGI,熊本県
copula,StrayedCatz,0,,-,968,Y.S,熊本県,1742,TAKES,熊本県,2833,STRNGI,熊本県,0,,-
copula,Super Duper Racers,0,,-,883,DECIDE,熊本県,1417,MISI,熊本県,2329,GALA,熊本県,3594,SILVER,熊本県
copula,SURVIVOR,0,,-,672,DECIDE,熊本県,966,YOU,熊本県,2002,47,熊本県,0,,-
copula,Tori-no-kimochi,0,,-,247,DECIDE,熊本県,1094,UDON.,熊本県,1993,47,熊本県,0,,-
copula,Triple Counter,0,,-,1218,KINO,熊本県,2101,YGRM,熊本県,3891,SILVER,熊本県,0,,-
copula,Uh-Oh,0,,-,1040,DECIDE,熊本県,1239,SAKKUN,熊本県,2379,GALA,熊本県,0,,-
copula,Violet Pulse,0,,-,414,DECIDE,熊本県,1643,TA-983,熊本県,2406,GALA,熊本県,4005,STRNGI,熊本県
copula,Violet Rose,0,,-,990,TAIPP2,熊本県,1627,D-S,熊本県,2554,47,熊本県,0,,-
copula,Welcome,0,,-,794,DECIDE,熊本県,1589,MOCHIO,熊本県,2652,STRNGI,熊本県,3322,STRNGI,熊本県
copula,X,0,,-,1287,SIKKUN,熊本県,2214,SKFB,熊本県,3757,SILVER,熊本県,0,,-
copula,ZEPHYRANTHES,0,,-,948,DECIDE,熊本県,1665,SKFB,熊本県,2873,GALA,熊本県,3858,STRNGI,熊本県
copula,か・し・ま・し☆PUMP UP！,0,,-,1049,DECIDE,熊本県,1643,ASIBA.,熊本県,2751,GALA,熊本県,0,,-
copula,めいさいアイドル☆あいむちゃん♪,0,,-,1206,Y.S,熊本県,1990,NU?,熊本県,3365,STRNGI,熊本県,0,,-
copula,オルタネイトβ,0,,-,776,DECIDE,熊本県,1212,KINO,熊本県,2222,47,熊本県,0,,-
copula,ギョギョっと人魚 爆婚ブライダル,0,,-,452,KOU,熊本県,1190,TAIPP2,熊本県,2322,47,熊本県,0,,-
copula,シュッパツシンコウ・シサカンコ,0,,-,1068,DECIDE,熊本県,1446,UDON.,熊本県,2429,NUMAP,熊本県,0,,-
copula,セロトニン,0,,-,1163,*HAKU*,熊本県,1666,SYU3DS,熊本県,2337,STRNGI,熊本県,0,,-
copula,少女アリスと箱庭幻想コンチェルト,0,,-,724,KINO,熊本県,1417,SYU3DS,熊本県,2167,STRNGI,熊本県,0,,-
copula,明鏡止水,0,,-,738,Y.S,熊本県,1603,XAI,熊本県,2799,STRNGI,熊本県,0,,-
copula,星屑ディスタンシア,0,,-,390,LUCA,熊本県,563,KOU,熊本県,2108,GALA,熊本県,0,,-
copula,朝焼けから始まるボクらの小さな旅,0,,-,899,Y.S,熊本県,1344,*HAKU*,熊本県,2547,STRNGI,熊本県,0,,-
copula,灼熱 Pt.2 Long Train Running,563,TAIPP2,熊本県,1260,AYANE,熊本県,2070,P-SUK,熊本県,3306,STRNGI,熊本県,0,,-
copula,真 地獄超特急 -HELL or HELL-,0,,-,1354,AKKEY,熊本県,1966,CA4SU,熊本県,3304,STRNGI,熊本県,0,,-
copula,紫陽花 -AZISAI-,0,,-,1110,TAIPP2,熊本県,1904,CA4SU,熊本県,2872,STRNGI,熊本県,3334,STRNGI,熊本県
copula,追想快晴テーマパーク,0,,-,1115,TAIPP2,熊本県,1828,CHUDOK,熊本県,3110,STRNGI,熊本県,0,,-
copula,量子の海のリントヴルム,0,,-,800,DECIDE,熊本県,1657,A.R.JJ,熊本県,2887,47,熊本県,0,,-
copula,駅猫のワルツ,0,,-,960,UDON.,熊本県,1934,KANI,熊本県,2767,STRNGI,熊本県,0,,-
copula,麗 ～うらら～,213,SKYLIN,熊本県,1026,DECIDE,熊本県,1546,XAI,熊本県,2570,P-SUK,熊本県,0,,-
SINOBUZ,¡Viva!,0,,-,889,DECIDE,熊本県,1478,MISI,熊本県,2005,STRNGI,熊本県,0,,-
SINOBUZ,#MAGiCVLGiRL_TRVP_B3VTZ,0,,-,1080,CHIAKI,熊本県,1835,BIFU-L,熊本県,3401,STRNGI,熊本県,0,,-
SINOBUZ,(This Is Not) The Angels,0,,-,518,AKI,熊本県,1321,ZL,熊本県,2690,STRNGI,熊本県,0,,-
SINOBUZ,Amazing Mirage,348,TAIPP2,熊本県,841,A.R.JJ,熊本県,1597,A.R.JJ,熊本県,2584,GALA,熊本県,3290,STRNGI,熊本県
SINOBUZ,AO-∞,0,,-,1079,Y.S,熊本県,1575,UMITO.,熊本県,2657,P-SUK,熊本県,0,,-
SINOBUZ,Apocalypse,0,,-,1057,DECIDE,熊本県,1915,CA4SU,熊本県,3548,STRNGI,熊本県,0,,-
SINOBUZ,Around The Galaxy,0,,-,993,DECIDE,熊本県,1829,MISI,熊本県,3358,SILVER,熊本県,0,,-
SINOBUZ,AsiaN distractive,0,,-,1060,DECIDE,熊本県,1356,TAIPP2,熊本県,2581,GALA,熊本県,0,,-
SINOBUZ,BabeL ～Grand Story～,0,,-,1072,*HAKU*,熊本県,1820,INY,熊本県,2800,STRNGI,熊本県,0,,-
SINOBUZ,Be A Star,0,,-,911,DECIDE,熊本県,1702,ZL,熊本県,2793,SILVER,熊本県,0,,-
SINOBUZ,Beat Juggling Mix,0,,-,871,UMITO.,熊本県,1203,XAI,熊本県,2133,P-SUK,熊本県,0,,-
SINOBUZ,Believe in you,0,,-,1137,REN,熊本県,1689,S*U*U,熊本県,2417,GALA,熊本県,0,,-
SINOBUZ,Beyond The Seven,0,,-,693,DECIDE,熊本県,1221,A.Z.I.,熊本県,2713,STRNGI,熊本県,0,,-
SINOBUZ,BREAK OVER,0,,-,787,DECIDE,熊本県,1197,ISANA,熊本県,2365,SILVER,熊本県,0,,-
SINOBUZ,Breakin' Chain,0,,-,654,DECIDE,熊本県,1286,N*KNN,熊本県,2311,STRNGI,熊本県,0,,-
SINOBUZ,BroGamer,0,,-,1255,CA4SU,熊本県,2096,ZND-R,熊本県,3027,SILVER,熊本県,4609,STRNGI,熊本県
SINOBUZ,Caterpillar,0,,-,1075,DECIDE,熊本県,1843,TKM,熊本県,3054,STRNGI,熊本県,0,,-
SINOBUZ,crew,0,,-,600,DECIDE,熊本県,1554,RIO,熊本県,2920,STRNGI,熊本県,0,,-
SINOBUZ,Cyber True Color,0,,-,919,DECIDE,熊本県,1394,D-S,熊本県,2356,STRNGI,熊本県,0,,-
SINOBUZ,DORNWALD ～Junge～,0,,-,1270,TA-983,熊本県,2062,SKFB,熊本県,3627,STRNGI,熊本県,0,,-
SINOBUZ,ECHIDNA,0,,-,1027,DECIDE,熊本県,1883,4KI01,熊本県,3351,STRNGI,熊本県,0,,-
SINOBUZ,Egret and Willow,0,,-,948,DECIDE,熊本県,1415,INSANE,熊本県,2701,SILVER,熊本県,0,,-
SINOBUZ,elemental bender feat. Kanae Asaba,0,,-,624,DECIDE,熊本県,927,TAIPP2,熊本県,1631,STRNGI,熊本県,0,,-
SINOBUZ,FUZIN RIZIN,0,,-,1088,AKI,熊本県,1870,CA4SU,熊本県,3774,STRNGI,熊本県,0,,-
SINOBUZ,Go Ahead!!,0,,-,862,Y.S,熊本県,1470,YGRM,熊本県,2656,STRNGI,熊本県,0,,-
SINOBUZ,GuNGNiR,0,,-,1148,KASUKE,熊本県,2591,47,熊本県,3854,STRNGI,熊本県,4412,STRNGI,熊本県
SINOBUZ,HADES,374,TAIPP2,熊本県,904,DECIDE,熊本県,1694,A.R.JJ,熊本県,3073,STRNGI,熊本県,0,,-
SINOBUZ,HAPPY★RUSH,0,,-,749,DECIDE,熊本県,1751,SKFB,熊本県,2814,GALA,熊本県,0,,-
SINOBUZ,Honey Trap,0,,-,785,DECIDE,熊本県,1461,CA4SU,熊本県,2492,STRNGI,熊本県,0,,-
SINOBUZ,INVISIBLE STRIX,0,,-,985,DECIDE,熊本県,2003,YGRM,熊本県,2592,STRNGI,熊本県,0,,-
SINOBUZ,Lost wing at.0,0,,-,832,DECIDE,熊本県,1303,UMITO.,熊本県,2447,SILVER,熊本県,0,,-
SINOBUZ,Macuilxochitl,489,TAIPP2,熊本県,1090,TAIPP2,熊本県,2082,YGRM,熊本県,3253,47,熊本県,0,,-
SINOBUZ,Magical,0,,-,760,DECIDE,熊本県,1083,TAIPP2,熊本県,1981,P-SUK,熊本県,0,,-
SINOBUZ,Mare Nectaris,0,,-,1333,XAI,熊本県,2076,47,熊本県,3658,STRNGI,熊本県,0,,-
SINOBUZ,Modular Technology,0,,-,1046,DECIDE,熊本県,1623,CHUDOK,熊本県,2671,STRNGI,熊本県,0,,-
SINOBUZ,Music is The Answer,0,,-,723,DECIDE,熊本県,1196,XAI,熊本県,1871,GALA,熊本県,0,,-
SINOBUZ,nostos,0,,-,796,DECIDE,熊本県,1194,XAI,熊本県,2587,STRNGI,熊本県,0,,-
SINOBUZ,OOO,0,,-,668,DECIDE,熊本県,1432,N*KNN,熊本県,2048,KONBU,熊本県,2649,STRNGI,熊本県
SINOBUZ,OTENAMI Hurricane,0,,-,1292,TA-983,熊本県,1879,S*U*U,熊本県,3030,NUMAP,熊本県,0,,-
SINOBUZ,PAPAYAPA BASS,0,,-,746,DECIDE,熊本県,1211,AJIMU.,熊本県,2817,STRNGI,熊本県,0,,-
SINOBUZ,Piano Samurai,0,,-,978,DECIDE,熊本県,1514,OKAKA,熊本県,2468,GALA,熊本県,0,,-
SINOBUZ,Quakes,0,,-,1021,DECIDE,熊本県,1980,YGRM,熊本県,3146,STRNGI,熊本県,0,,-
SINOBUZ,RAIN,0,,-,1066,DECIDE,熊本県,1603,CA4SU,熊本県,3251,STRNGI,熊本県,0,,-
SINOBUZ,Rave Cannon,0,,-,943,TAIPP2,熊本県,1686,CA4SU,熊本県,3335,STRNGI,熊本県,0,,-
SINOBUZ,Remedy feat. Kanae Asaba,0,,-,840,DECIDE,熊本県,1414,XAI,熊本県,2183,SILVER,熊本県,0,,-
SINOBUZ,ROTTERDAM SHOGUN,0,,-,1066,DECIDE,熊本県,1638,88KA2,熊本県,2540,TA-983,熊本県,0,,-
SINOBUZ,SAMURAI-Scramble,0,,-,918,DECIDE,熊本県,1590,A!,熊本県,2420,STRNGI,熊本県,2814,STRNGI,熊本県
SINOBUZ,Sarutobi Champion is 拙者,0,,-,855,TA-983,熊本県,1246,CIEL,熊本県,2174,SILVER,熊本県,0,,-
SINOBUZ,SAY BAY,0,,-,774,DECIDE,熊本県,1406,SKFB,熊本県,2853,STRNGI,熊本県,0,,-
SINOBUZ,Seaside Labyrinth,0,,-,564,DECIDE,熊本県,1131,KAZZY.,熊本県,1855,47,熊本県,0,,-
SINOBUZ,Selfish Sweet,0,,-,616,DECIDE,熊本県,865,*HAKU*,熊本県,1713,47,熊本県,2602,STRNGI,熊本県
SINOBUZ,SEQUENCE CAT,0,,-,1002,DECIDE,熊本県,1892,ULLR.,熊本県,2707,.SHORE,熊本県,0,,-
SINOBUZ,shuriken,0,,-,752,DECIDE,熊本県,1045,XAI,熊本県,2539,STRNGI,熊本県,0,,-
SINOBUZ,SINOBUZ Fantasy,0,,-,928,UDON.,熊本県,1402,M!G1#,熊本県,2376,GALA,熊本県,0,,-
SINOBUZ,Sky High,416,TAIPP2,熊本県,1172,TA-983,熊本県,2067,MANNYO,熊本県,3818,STRNGI,熊本県,0,,-
SINOBUZ,Snakey Kung-fu,0,,-,997,DECIDE,熊本県,1972,INY,熊本県,3439,STRNGI,熊本県,0,,-
SINOBUZ,Steel Edge,0,,-,889,4KI01,熊本県,1376,CIEL,熊本県,3171,STRNGI,熊本県,0,,-
SINOBUZ,Summerlights(IIDX Edition),0,,-,1122,TA-983,熊本県,1689,CERNA,熊本県,3096,STRNGI,熊本県,0,,-
SINOBUZ,Super Rush,0,,-,950,DECIDE,熊本県,1877,GALA,熊本県,3521,STRNGI,熊本県,0,,-
SINOBUZ,Surf on the Light,0,,-,718,KINO,熊本県,1371,KINO,熊本県,2251,GALA,熊本県,0,,-
SINOBUZ,The Commanders,0,,-,905,DECIDE,熊本県,1452,KARIQB,熊本県,2427,STRNGI,熊本県,0,,-
SINOBUZ,TOGAKUSHI,0,,-,873,TAIPP2,熊本県,1691,YGRM,熊本県,2631,STRNGI,熊本県,0,,-
SINOBUZ,Umbral,0,,-,580,DECIDE,熊本県,1172,SIKKUN,熊本県,1906,GALA,熊本県,3098,STRNGI,熊本県
SINOBUZ,Venom,0,,-,1274,TA-983,熊本県,2024,YGRM,熊本県,3171,STRNGI,熊本県,0,,-
SINOBUZ,Vermilion,0,,-,783,DECIDE,熊本県,1212,MY,熊本県,2002,47,熊本県,0,,-
SINOBUZ,Warrior,0,,-,954,DECIDE,熊本県,1494,K.K,熊本県,2454,GALA,熊本県,0,,-
SINOBUZ,XINOBIKILL,0,,-,922,TAIPP2,熊本県,1401,OKAKA,熊本県,2887,STRNGI,熊本県,0,,-
SINOBUZ,yamabiko (SINOBUZ Edition),0,,-,892,DECIDE,熊本県,1307,D-S,熊本県,2569,STRNGI,熊本県,0,,-
SINOBUZ,Yellow Sketch(RX-Ver.S.P.L.),0,,-,751,TE2ROW,熊本県,1577,UMITO.,熊本県,2794,47,熊本県,0,,-
SINOBUZ,〆,0,,-,1126,DECIDE,熊本県,2188,TA-983,熊本県,3688,STRNGI,熊本県,0,,-
SINOBUZ,ちらちら・はらはら,0,,-,395,TAIPP2,熊本県,908,UDON.,熊本県,1417,47,熊本県,0,,-
SINOBUZ,イザナミノナゲキ,0,,-,1110,DECIDE,熊本県,1743,RIO,熊本県,3225,STRNGI,熊本県,0,,-
SINOBUZ,ディッシュウォッシャー◎彡おいわちゃん,0,,-,661,DECIDE,熊本県,1203,*HAKU*,熊本県,2491,STRNGI,熊本県,0,,-
SINOBUZ,九尾狐夜行,0,,-,775,DECIDE,熊本県,1678,ZND-L,熊本県,2924,STRNGI,熊本県,0,,-
SINOBUZ,冬椿 ft. Kanae Asaba,246,TAIPP2,熊本県,903,DECIDE,熊本県,1111,REN,熊本県,2235,GALA,熊本県,2986,P-SUK,熊本県
SINOBUZ,刃図羅,0,,-,1125,TAIPP2,熊本県,2111,SILVER,熊本県,3395,STRNGI,熊本県,0,,-
SINOBUZ,忍恋花,0,,-,926,DECIDE,熊本県,1660,DOON,熊本県,2227,GALA,熊本県,0,,-
SINOBUZ,恋はどう？モロ◎波動OK☆方程式!!,0,,-,908,DECIDE,熊本県,1183,TAIPP2,熊本県,2442,47,熊本県,0,,-
SINOBUZ,月雪に舞う華のように,0,,-,727,TAIPP2,熊本県,1195,XAI,熊本県,2116,STRNGI,熊本県,0,,-
SINOBUZ,次葉 -turn the page-,0,,-,791,DECIDE,熊本県,1286,*HAKU*,熊本県,1953,KONBU,熊本県,0,,-
SINOBUZ,津軽雪,0,,-,1355,Y.S,熊本県,1977,CALPIS,熊本県,3820,STRNGI,熊本県,0,,-
SINOBUZ,火影,0,,-,676,DECIDE,熊本県,1202,KAZZY.,熊本県,2720,STRNGI,熊本県,0,,-
SINOBUZ,焔極OVERKILL,0,,-,1035,DECIDE,熊本県,1994,YGRM,熊本県,3542,STRNGI,熊本県,0,,-
SINOBUZ,獅子霞麗ノ舞,0,,-,487,DECIDE,熊本県,957,TAIPP2,熊本県,1715,NUMAP,熊本県,0,,-
SINOBUZ,禍根,0,,-,770,DECIDE,熊本県,1129,RUK,熊本県,2560,STRNGI,熊本県,0,,-
SINOBUZ,童話回廊,0,,-,861,TAIPP2,熊本県,1589,ZND-L,熊本県,3065,STRNGI,熊本県,0,,-
SINOBUZ,鴉,0,,-,1265,DECIDE,熊本県,2041,CHUDOK,熊本県,2664,SILVER,熊本県,0,,-
CANNON BALLERS,1001 -ESCAPE-,0,,-,937,DECIDE,熊本県,1477,YUMMY!,熊本県,2592,GALA,熊本県,0,,-
CANNON BALLERS,255,0,,-,805,DECIDE,熊本県,1559,A!,熊本県,3243,STRNGI,熊本県,0,,-
CANNON BALLERS,AA -rebuild-,0,,-,1145,AKKEY,熊本県,2132,CALPIS,熊本県,3558,STRNGI,熊本県,0,,-
CANNON BALLERS,Abraxas,0,,-,748,DECIDE,熊本県,1475,CA4SU,熊本県,2436,STRNGI,熊本県,0,,-
CANNON BALLERS,ACCELERATE,0,,-,1062,DECIDE,熊本県,1541,ZALMK,熊本県,2496,STRNGI,熊本県,0,,-
CANNON BALLERS,Alpheratz,0,,-,416,DECIDE,熊本県,960,A.Z.I.,熊本県,2080,STRNGI,熊本県,2833,SILVER,熊本県
CANNON BALLERS,Amor De Verao,0,,-,704,DECIDE,熊本県,1391,KARIQB,熊本県,2324,STRNGI,熊本県,0,,-
CANNON BALLERS,ANAGMA,0,,-,887,DECIDE,熊本県,1645,SKFB,熊本県,2594,GALA,熊本県,0,,-
CANNON BALLERS,ANCHOR,0,,-,1181,TAIPP2,熊本県,2129,EUPHO,熊本県,3595,STRNGI,熊本県,0,,-
CANNON BALLERS,Antigravity,0,,-,931,AKI,熊本県,1965,GALA,熊本県,3055,STRNGI,熊本県,0,,-
CANNON BALLERS,Arca,0,,-,883,Y.S,熊本県,1696,MTK,熊本県,3091,STRNGI,熊本県,0,,-
CANNON BALLERS,Around the Future,0,,-,916,DECIDE,熊本県,1518,CA4SU,熊本県,2603,STRNGI,熊本県,0,,-
CANNON BALLERS,Back Spin Sweeper,0,,-,784,TAIPP2,熊本県,1376,47,熊本県,2269,STRNGI,熊本県,0,,-
CANNON BALLERS,Battleground,0,,-,1053,DECIDE,熊本県,1630,CIEL,熊本県,2647,47,熊本県,0,,-
CANNON BALLERS,Be a Hero!,0,,-,723,TAIPP2,熊本県,1477,M!G1#,熊本県,3040,GALA,熊本県,0,,-
CANNON BALLERS,Best of Me,0,,-,761,DECIDE,熊本県,1489,SKFB,熊本県,2186,SILVER,熊本県,0,,-
CANNON BALLERS,Boomy and The Boost,167,ACD,熊本県,973,DECIDE,熊本県,1824,UMITO.,熊本県,3533,STRNGI,熊本県,0,,-
CANNON BALLERS,Break Stasis,0,,-,1195,TAIPP2,熊本県,1678,UMITO.,熊本県,2525,STRNGI,熊本県,0,,-
CANNON BALLERS,ChaserXX,0,,-,950,DECIDE,熊本県,1551,D-S,熊本県,2802,47,熊本県,3754,STRNGI,熊本県
CANNON BALLERS,Chemical Cookie,0,,-,785,DECIDE,熊本県,1287,UPRPRC,熊本県,2074,47,熊本県,0,,-
CANNON BALLERS,City Never Sleeps (IIDX Edition),0,,-,1001,AJIMU.,熊本県,1846,2EXT.,熊本県,2626,47,熊本県,0,,-
CANNON BALLERS,COSMIC☆WONDER☆REVOLUTION,0,,-,728,DECIDE,熊本県,1424,TAKES,熊本県,2082,P-SUK,熊本県,0,,-
CANNON BALLERS,DEADHEAT,0,,-,1169,TAKES,熊本県,1951,H.WAGY,熊本県,3348,STRNGI,熊本県,0,,-
CANNON BALLERS,DEATH†ZIGOQ ～怒りの高速爆走野郎～,0,,-,1162,TAIPP2,熊本県,2271,A.R.JJ,熊本県,4000,STRNGI,熊本県,4611,STRNGI,熊本県
CANNON BALLERS,DropZ-Line-,0,,-,1115,Y.S,熊本県,1760,EUPHO,熊本県,3185,STRNGI,熊本県,0,,-
CANNON BALLERS,Eine Haube ～聖地の果てにあるもの～,0,,-,904,DECIDE,熊本県,1284,TKM,熊本県,2534,47,熊本県,0,,-
CANNON BALLERS,EMERALDAS,355,O272,熊本県,1139,D-S,熊本県,2350,47,熊本県,3507,STRNGI,熊本県,0,,-
CANNON BALLERS,encounter,0,,-,870,DECIDE,熊本県,1515,TKM,熊本県,3265,STRNGI,熊本県,0,,-
CANNON BALLERS,Exhaust Hype,0,,-,959,DECIDE,熊本県,1856,ZND-R,熊本県,2822,STRNGI,熊本県,0,,-
CANNON BALLERS,Expanded !!,0,,-,647,DECIDE,熊本県,1425,CA4SU,熊本県,2626,STRNGI,熊本県,0,,-
CANNON BALLERS,Fervidex,0,,-,810,DECIDE,熊本県,1715,CALPIS,熊本県,2685,SILVER,熊本県,0,,-
CANNON BALLERS,FREEDOM,0,,-,963,DECIDE,熊本県,1498,OKAKA,熊本県,2934,STRNGI,熊本県,0,,-
CANNON BALLERS,From Time To Time,0,,-,750,DECIDE,熊本県,1624,TOASTY,熊本県,2542,STRNGI,熊本県,0,,-
CANNON BALLERS,FUTURE is Dead,0,,-,824,DECIDE,熊本県,1326,SYU3DS,熊本県,2170,STRNGI,熊本県,0,,-
CANNON BALLERS,Get Up! feat. Kanae Asaba,0,,-,542,TAIPP2,熊本県,1138,XAI,熊本県,1883,47,熊本県,0,,-
CANNON BALLERS,HAT TRICK,0,,-,733,DECIDE,熊本県,1209,CA4SU,熊本県,2205,STRNGI,熊本県,0,,-
CANNON BALLERS,Hella Deep,0,,-,582,DECIDE,熊本県,908,KAZZY.,熊本県,1854,STRNGI,熊本県,0,,-
CANNON BALLERS,HYPE THE CORE,0,,-,986,DECIDE,熊本県,1784,DAKDOK,熊本県,3013,STRNGI,熊本県,0,,-
CANNON BALLERS,I Love You,0,,-,973,DECIDE,熊本県,1681,CA4SU,熊本県,2714,STRNGI,熊本県,0,,-
CANNON BALLERS,Illusionary Waterlily,0,,-,1098,DECIDE,熊本県,1757,A2M,熊本県,3492,STRNGI,熊本県,0,,-
CANNON BALLERS,Initiation,619,ZALMK,熊本県,1296,Y.S,熊本県,2254,$,熊本県,3912,STRNGI,熊本県,0,,-
CANNON BALLERS,"Life Is A Game ft.DD""ナカタ""Metal",0,,-,1189,AKKEY,熊本県,1765,SKFB,熊本県,3442,STRNGI,熊本県,0,,-
CANNON BALLERS,LUV DRIVE,0,,-,769,DECIDE,熊本県,1057,HARUPI,熊本県,2088,47,熊本県,0,,-
CANNON BALLERS,MAXIVCORD,0,,-,748,DECIDE,熊本県,1246,CA4SU,熊本県,2356,GALA,熊本県,0,,-
CANNON BALLERS,Midnight Lady,0,,-,606,DECIDE,熊本県,894,K-DOG,熊本県,1932,47,熊本県,0,,-
CANNON BALLERS,n'pa pa BBQ,0,,-,907,DECIDE,熊本県,1479,KAZZY.,熊本県,2787,STRNGI,熊本県,0,,-
CANNON BALLERS,NITROUS CANNON,0,,-,1197,DECIDE,熊本県,1813,INY,熊本県,3598,STRNGI,熊本県,0,,-
CANNON BALLERS,No Limit 2 dAnce feat. 大山愛未,0,,-,904,DECIDE,熊本県,1503,ZND-R,熊本県,2338,STRNGI,熊本県,0,,-
CANNON BALLERS,Nothing but Theory,0,,-,1010,DECIDE,熊本県,1403,XAI,熊本県,2827,STRNGI,熊本県,3732,STRNGI,熊本県
CANNON BALLERS,O/D*20,0,,-,1135,TA-983,熊本県,1531,CA4SU,熊本県,2120,27,熊本県,3871,STRNGI,熊本県
CANNON BALLERS,Only for now,0,,-,847,DECIDE,熊本県,1359,Y.S,熊本県,2246,STRNGI,熊本県,0,,-
CANNON BALLERS,Papilio ulysses,0,,-,1027,TAIPP2,熊本県,1982,592BU4,熊本県,2912,STRNGI,熊本県,0,,-
CANNON BALLERS,Persephone,0,,-,1045,UDON.,熊本県,1620,TKM,熊本県,2994,STRNGI,熊本県,0,,-
CANNON BALLERS,Rampage,0,,-,1198,DECIDE,熊本県,2376,SKFB,熊本県,3594,STRNGI,熊本県,0,,-
CANNON BALLERS,Raspberry Railgun,0,,-,1069,DECIDE,熊本県,1949,CA4SU,熊本県,3167,STRNGI,熊本県,0,,-
CANNON BALLERS,REVOLVER,0,,-,850,DECIDE,熊本県,1448,SKFB,熊本県,2690,STRNGI,熊本県,3293,STRNGI,熊本県
CANNON BALLERS,Sleepless days,0,,-,484,DECIDE,熊本県,833,TAIPP2,熊本県,1576,GALA,熊本県,0,,-
CANNON BALLERS,Slipstream,0,,-,991,DECIDE,熊本県,1716,TKM,熊本県,3545,STRNGI,熊本県,0,,-
CANNON BALLERS,SPEED DEMON,0,,-,708,DECIDE,熊本県,1316,OKAKA,熊本県,2324,STRNGI,熊本県,0,,-
CANNON BALLERS,STARLIGHT JUNCTION,0,,-,852,DECIDE,熊本県,1353,INSANE,熊本県,2263,GALA,熊本県,2849,NUMAP,熊本県
CANNON BALLERS,Static State,0,,-,956,DECIDE,熊本県,1461,RIO,熊本県,2302,GALA,熊本県,0,,-
CANNON BALLERS,Temple of Anubis,0,,-,904,DECIDE,熊本県,1394,KAZZY.,熊本県,2647,STRNGI,熊本県,0,,-
CANNON BALLERS,THE CANNONBALLER,217,STANDA,熊本県,1319,DECIDE,熊本県,2164,SKFB,熊本県,3433,STRNGI,熊本県,0,,-
CANNON BALLERS,The Chase,0,,-,651,DECIDE,熊本県,1305,2EXT.,熊本県,2162,STRNGI,熊本県,0,,-
CANNON BALLERS,UMMU,149,UPAMO,熊本県,1058,DECIDE,熊本県,2004,YGRM,熊本県,2977,SILVER,熊本県,0,,-
CANNON BALLERS,Usual Days-remix,0,,-,965,DECIDE,熊本県,1110,A2M,熊本県,2671,STRNGI,熊本県,0,,-
CANNON BALLERS,Xperanza,514,TAIPP2,熊本県,1202,TAIPP2,熊本県,2274,H.WAGY,熊本県,3177,STRNGI,熊本県,0,,-
CANNON BALLERS,うさ☆かめ 大戦争！,0,,-,850,TAIPP2,熊本県,1354,AYANE,熊本県,2463,GALA,熊本県,0,,-
CANNON BALLERS,エディブルフラワーの独白,0,,-,788,DECIDE,熊本県,1512,ASIBA.,熊本県,2191,GALA,熊本県,0,,-
CANNON BALLERS,シムルグの目醒め,0,,-,1190,SIKKUN,熊本県,2070,88KA2,熊本県,3409,SILVER,熊本県,0,,-
CANNON BALLERS,ナイトシティー・アヴァンチュール,0,,-,946,UDON.,熊本県,1509,N*KNN,熊本県,2084,STRNGI,熊本県,0,,-
CANNON BALLERS,ハイ*ビスカス ft. Kanae Asaba,0,,-,829,DECIDE,熊本県,1513,N*KNN,熊本県,2369,N*KNN,熊本県,0,,-
CANNON BALLERS,バ→ビ→ブ→Bomb!,0,,-,757,DECIDE,熊本県,1490,ULLR.,熊本県,2471,GALA,熊本県,0,,-
CANNON BALLERS,バスルーム ロマンス,0,,-,926,DECIDE,熊本県,1355,XAI,熊本県,2372,GALA,熊本県,0,,-
CANNON BALLERS,パラドキシカル・タイムリープトライアル(Short Ver.),0,,-,917,DECIDE,熊本県,1838,MANNYO,熊本県,2734,SILVER,熊本県,0,,-
CANNON BALLERS,ラストセンチュリーメランコリック,0,,-,798,DECIDE,熊本県,1496,NU?,熊本県,2120,SILVER,熊本県,0,,-
CANNON BALLERS,共犯ヘヴンズコード,0,,-,453,TAIPP2,熊本県,1119,*HAKU*,熊本県,2230,47,熊本県,0,,-
CANNON BALLERS,命の標本,0,,-,697,DECIDE,熊本県,1451,ULLR.,熊本県,2649,SILVER,熊本県,0,,-
CANNON BALLERS,東京神話,0,,-,933,DECIDE,熊本県,1570,UMITO.,熊本県,2833,STRNGI,熊本県,0,,-
CANNON BALLERS,神謳 -RESONANCE-,0,,-,1114,SIGPOL,熊本県,2257,CALPIS,熊本県,4003,STRNGI,熊本県,0,,-
CANNON BALLERS,純真可憐デザイア,233,TAIPP2,熊本県,784,DECIDE,熊本県,1517,ASIBA.,熊本県,2319,SILVER,熊本県,2941,STRNGI,熊本県
CANNON BALLERS,草原の王女-軌跡を辿って-,0,,-,665,DECIDE,熊本県,1159,XAI,熊本県,2303,SILVER,熊本県,0,,-
Rootage,& Intelligence,0,,-,1034,DECIDE,熊本県,1624,RIO,熊本県,3116,47,熊本県,0,,-
Rootage,50th Memorial Songs -Beginning Story-,300,TAIPP2,熊本県,765,DECIDE,熊本県,1374,EM3,熊本県,2710,STRNGI,熊本県,0,,-
Rootage,50th Memorial Songs -Flagship medley-,336,TAIPP2,熊本県,732,DECIDE,熊本県,1387,4KI01,熊本県,2268,STRNGI,熊本県,0,,-
Rootage,50th Memorial Songs -The BEMANI History-,513,TAIPP2,熊本県,989,TAIPP2,熊本県,1532,ZND-L,熊本県,2556,SILVER,熊本県,0,,-
Rootage,50th Memorial Songs -二人の時 ～under the cherry blossoms～-,546,TAIPP2,熊本県,1124,DECIDE,熊本県,1215,TAIPP2,熊本県,2592,STRNGI,熊本県,0,,-
Rootage,Afterimage d'automne,0,,-,930,Y.S,熊本県,1558,INY,熊本県,2827,47,熊本県,0,,-
Rootage,BLACK JACKAL,0,,-,821,DECIDE,熊本県,1493,CA4SU,熊本県,2252,47,熊本県,0,,-
Rootage,BLOSSOM,0,,-,973,DECIDE,熊本県,1483,SKFB,熊本県,2513,P-SUK,熊本県,0,,-
Rootage,Carmina,478,TAIPP2,熊本県,1305,TA-983,熊本県,2309,YGRM,熊本県,3711,STRNGI,熊本県,0,,-
Rootage,Carry Me Away,504,TAIPP2,熊本県,929,CHIAKI,熊本県,1642,CA4SU,熊本県,3163,STRNGI,熊本県,0,,-
Rootage,Catch Our Fire!,0,,-,1148,TAIPP2,熊本県,1890,CIEL,熊本県,3679,STRNGI,熊本県,0,,-
Rootage,CODE:0,0,,-,1287,DECIDE,熊本県,1783,ZALMK,熊本県,2833,STRNGI,熊本県,3360,STRNGI,熊本県
Rootage,CoMAAAAAAA,0,,-,1112,KINO,熊本県,1972,AYANE,熊本県,2366,P-SUK,熊本県,3874,STRNGI,熊本県
Rootage,COSMIC CYBER,0,,-,963,DECIDE,熊本県,1514,XAI,熊本県,2906,STRNGI,熊本県,0,,-
Rootage,Cranberry City ft. Luschel,0,,-,813,DECIDE,熊本県,1431,XAI,熊本県,2412,STRNGI,熊本県,0,,-
Rootage,dAuntl3ss,0,,-,1002,DECIDE,熊本県,1849,CA4SU,熊本県,3486,STRNGI,熊本県,0,,-
Rootage,Dr. Chemical & Killing Machine,0,,-,1001,DECIDE,熊本県,1513,K.Y,熊本県,3353,STRNGI,熊本県,0,,-
Rootage,Drastic Dramatic,0,,-,1113,DECIDE,熊本県,2103,SKFB,熊本県,3483,STRNGI,熊本県,0,,-
Rootage,DRUNK MONKY,0,,-,868,AKKEY,熊本県,1292,XILENT,熊本県,2319,STRNGI,熊本県,0,,-
Rootage,Ember Lights,0,,-,949,LUV4ME,熊本県,1515,ZND-L,熊本県,2680,STRNGI,熊本県,3118,STRNGI,熊本県
Rootage,EVANESCENT,0,,-,1059,AKI,熊本県,1914,CRUD,熊本県,3591,STRNGI,熊本県,0,,-
Rootage,Garuda,0,,-,855,TAIPP2,熊本県,1384,TKM,熊本県,2584,STRNGI,熊本県,0,,-
Rootage,Geirskögul,0,,-,981,TAIPP2,熊本県,1484,ZL,熊本県,2198,GALA,熊本県,0,,-
Rootage,GENE,0,,-,1154,KINO,熊本県,1849,592BU4,熊本県,4304,STRNGI,熊本県,3500,STRNGI,熊本県
Rootage,GIGA THRASH,0,,-,1108,DECIDE,熊本県,1624,ULLR.,熊本県,2665,47,熊本県,0,,-
Rootage,Glory,0,,-,704,TAIPP2,熊本県,1406,*HAKU*,熊本県,2289,47,熊本県,0,,-
Rootage,GO OVER WITH GLARE -ROOTAGE 26-,0,,-,963,DECIDE,熊本県,1863,ULLR.,熊本県,3869,STRNGI,熊本県,0,,-
Rootage,HARD BRAIN,0,,-,1173,DECIDE,熊本県,1865,ASIBA.,熊本県,3748,STRNGI,熊本県,0,,-
Rootage,HEISEI,358,TAIPP2,熊本県,1009,AKI,熊本県,1726,$,熊本県,2546,STRNGI,熊本県,0,,-
Rootage,Hurry Hurry,0,,-,719,DECIDE,熊本県,932,Y.S,熊本県,2080,STRNGI,熊本県,0,,-
Rootage,IDC feat.REVERBEE (Mo'Cuts Ver),0,,-,930,DECIDE,熊本県,1489,ZND-L,熊本県,2220,STRNGI,熊本県,0,,-
Rootage,IDOL syndrome.,0,,-,718,DECIDE,熊本県,1324,XAI,熊本県,2172,STRNGI,熊本県,3012,STRNGI,熊本県
Rootage,KILL EACH OTHER,0,,-,1211,DECIDE,熊本県,2308,YGRM,熊本県,3821,STRNGI,熊本県,0,,-
Rootage,L.F.O,0,,-,827,DECIDE,熊本県,1670,CERNA,熊本県,3277,STRNGI,熊本県,0,,-
Rootage,LADYBIRD,0,,-,900,OKAKA,熊本県,1370,TOASTY,熊本県,2441,STRNGI,熊本県,0,,-
Rootage,Let me be your cure,0,,-,1059,DECIDE,熊本県,1364,XILENT,熊本県,2648,P-SUK,熊本県,0,,-
Rootage,Lethal Weapon,0,,-,1123,NAMAKA,熊本県,1785,.EXE,熊本県,3205,STRNGI,熊本県,0,,-
Rootage,Level One,0,,-,1123,DECIDE,熊本県,2141,A!,熊本県,3471,STRNGI,熊本県,0,,-
Rootage,Lift Us High,0,,-,905,DECIDE,熊本県,1414,REN,熊本県,2462,STRNGI,熊本県,0,,-
Rootage,LOST TECHNOLOGIE,0,,-,1014,DECIDE,熊本県,1534,MG.,熊本県,3463,STRNGI,熊本県,0,,-
Rootage,Macho Monky,0,,-,1224,Y.S,熊本県,1758,CA4SU,熊本県,3055,STRNGI,熊本県,0,,-
Rootage,Necroxis Girl,0,,-,957,TAIPP2,熊本県,1659,SYU3DS,熊本県,2795,STRNGI,熊本県,0,,-
Rootage,"Next Tales 2 Oath (IIDX 20th Anniv ""Ring"" Theme)",0,,-,863,DECIDE,熊本県,1455,CA4SU,熊本県,2686,STRNGI,熊本県,0,,-
Rootage,Night! Night! Night!,0,,-,1123,DECIDE,熊本県,1618,CA4SU,熊本県,3045,STRNGI,熊本県,0,,-
Rootage,ONIGOROSHI,0,,-,1071,*HAKU*,熊本県,1911,8N240U,熊本県,2960,STRNGI,熊本県,0,,-
Rootage,OVER TIME,0,,-,541,TAIPP2,熊本県,930,KINO,熊本県,1547,SILVER,熊本県,2002,GALA,熊本県
Rootage,Painful Fate,0,,-,1036,DECIDE,熊本県,2060,A.R.JJ,熊本県,3311,STRNGI,熊本県,0,,-
Rootage,Playing With Fire,0,,-,983,TA-983,熊本県,1486,ZND-R,熊本県,2336,STRNGI,熊本県,0,,-
Rootage,Psycho Sheep Riddim,0,,-,610,TAIPP2,熊本県,830,TAIPP2,熊本県,1639,GALA,熊本県,2248,STRNGI,熊本県
Rootage,Red. by Jack Trance,0,,-,1180,MERA-R,熊本県,2066,TE2ROW,熊本県,3534,STRNGI,熊本県,0,,-
Rootage,REPLAY,0,,-,850,DECIDE,熊本県,1416,CIEL,熊本県,2238,47,熊本県,0,,-
Rootage,ROCK女 feat. 大山愛未， Ken,0,,-,951,*HAKU*,熊本県,1684,TADA.C,熊本県,2699,STRNGI,熊本県,0,,-
Rootage,ruin of opals,0,,-,867,UDON.,熊本県,1725,T.HIME,熊本県,3080,SILVER,熊本県,0,,-
Rootage,R∞tAge,524,TAIPP2,熊本県,983,Y.S,熊本県,1461,CA4SU,熊本県,2957,STRNGI,熊本県,0,,-
Rootage,SPEED ROCKER,0,,-,807,DECIDE,熊本県,1456,UMITO.,熊本県,2305,STRNGI,熊本県,0,,-
Rootage,Technicolour Dreams,0,,-,866,DECIDE,熊本県,1275,K.K,熊本県,2349,GALA,熊本県,0,,-
Rootage,The Best of Both Worlds,0,,-,559,DECIDE,熊本県,1079,TAIPP2,熊本県,2204,SILVER,熊本県,0,,-
Rootage,THE DAY OF JUBILATIONS,0,,-,1302,SIKKUN,熊本県,2073,CRUD,熊本県,3372,SILVER,熊本県,0,,-
Rootage,The Rebellion of Sequencer,0,,-,978,DECIDE,熊本県,1976,P-SUK,熊本県,3077,STRNGI,熊本県,0,,-
Rootage,toy boxer,0,,-,709,DECIDE,熊本県,1316,S*U*U,熊本県,2221,47,熊本県,0,,-
Rootage,ToyCube Pf.(RX-Ver.S.P.L.),0,,-,722,DECIDE,熊本県,1420,K.K,熊本県,2261,SILVER,熊本県,0,,-
Rootage,Trill auf G,0,,-,1052,DECIDE,熊本県,1953,YGRM,熊本県,3214,STRNGI,熊本県,0,,-
Rootage,Twilight Warp,0,,-,884,DECIDE,熊本県,1349,SKFB,熊本県,2136,STRNGI,熊本県,0,,-
Rootage,Unbelief,0,,-,877,DECIDE,熊本県,1739,TENGA,熊本県,3167,STRNGI,熊本県,0,,-
Rootage,UNDERWORLD HOLOGRAPHY,0,,-,1036,DECIDE,熊本県,1743,RIO,熊本県,3241,STRNGI,熊本県,0,,-
Rootage,Urban Constellations,0,,-,666,DECIDE,熊本県,1352,SKFB,熊本県,2254,STRNGI,熊本県,3232,SILVER,熊本県
Rootage,Visterhv,0,,-,1170,DECIDE,熊本県,1949,88KA2,熊本県,3680,STRNGI,熊本県,0,,-
Rootage,voltississimo,0,,-,1005,DECIDE,熊本県,2075,YGRM,熊本県,3549,SILVER,熊本県,0,,-
Rootage,Wing of Hearts,0,,-,1025,DECIDE,熊本県,1744,KARIQB,熊本県,2926,STRNGI,熊本県,0,,-
Rootage,Wolf 1061,0,,-,900,HISA4,熊本県,1537,CA4SU,熊本県,3034,SILVER,熊本県,0,,-
Rootage,Wonderland,0,,-,915,DECIDE,熊本県,1617,MY,熊本県,2743,STRNGI,熊本県,0,,-
Rootage,X-DEN,0,,-,1426,XILENT,熊本県,2665,GALA,熊本県,3961,STRNGI,熊本県,0,,-
Rootage,XENON II ～TOMOYUKIの野望～,0,,-,1001,TAIPP2,熊本県,1584,CA4SU,熊本県,2995,STRNGI,熊本県,0,,-
Rootage,Xlo,0,,-,1395,XILENT,熊本県,2303,G-COM,熊本県,3702,STRNGI,熊本県,0,,-
Rootage,Yum Yum Jelly,0,,-,735,DECIDE,熊本県,1401,S*U*U,熊本県,2337,SILVER,熊本県,0,,-
Rootage,ZENDEGI DANCE,0,,-,1102,DECIDE,熊本県,1592,REN,熊本県,2724,47,熊本県,0,,-
Rootage,おーまい！らぶりー！すうぃーてぃ！だーりん！,0,,-,992,DECIDE,熊本県,1796,SKFB,熊本県,2841,GALA,熊本県,0,,-
Rootage,お菓子の王国,0,,-,1223,UDON.,熊本県,2071,KANI,熊本県,4058,STRNGI,熊本県,0,,-
Rootage,グラナダの風,0,,-,725,DECIDE,熊本県,1138,XAI,熊本県,1834,47,熊本県,0,,-
Rootage,セカンドピアス,0,,-,575,DECIDE,熊本県,979,SHUM4I,熊本県,2021,STRNGI,熊本県,0,,-
Rootage,ハードベース・フェスタ,0,,-,1038,DECIDE,熊本県,1626,ZL,熊本県,2813,GALA,熊本県,0,,-
Rootage,ミストレス・アンに花束を,0,,-,532,DECIDE,熊本県,831,SIGPOL,熊本県,1408,47,熊本県,0,,-
Rootage,ミッドナイト☆WAR,0,,-,782,DECIDE,熊本県,1516,ZND-R,熊本県,2503,STRNGI,熊本県,0,,-
Rootage,夏の匂い。キミの残像。 ft. Kanae Asaba,0,,-,653,DECIDE,熊本県,1529,ZND-R,熊本県,2547,STRNGI,熊本県,0,,-
Rootage,抱きしめてモナムール,0,,-,1102,DECIDE,熊本県,2063,CHUDOK,熊本県,4075,STRNGI,熊本県,0,,-
Rootage,最小三倍完全数,0,,-,876,SKFB,熊本県,1523,SOUCHA,熊本県,2534,STRNGI,熊本県,0,,-
Rootage,泰東ノ翠霞,0,,-,441,DECIDE,熊本県,634,KASUKE,熊本県,1717,SILVER,熊本県,0,,-
Rootage,深愛のリグレット,0,,-,763,DECIDE,熊本県,1079,SIKKUN,熊本県,2360,SILVER,熊本県,0,,-
Rootage,爆ゼニ☆がってんワーカー,0,,-,1032,UDON.,熊本県,1617,YG-WR,熊本県,2672,STRNGI,熊本県,0,,-
Rootage,花冠 feat.Aikapin,0,,-,983,TA-983,熊本県,1486,CIEL,熊本県,2518,SILVER,熊本県,0,,-
Rootage,金野火織の金色提言,0,,-,1131,*HAKU*,熊本県,1961,CHUDOK,熊本県,3082,STRNGI,熊本県,0,,-
Rootage,龍王の霊廟(Mausoleum Of The Primal Dragon),0,,-,1036,DECIDE,熊本県,2208,INY,熊本県,3136,SILVER,熊本県,3987,STRNGI,熊本県
HEROIC VERSE,27th style,0,,-,1008,TAIPP2,熊本県,1584,TKM,熊本県,2567,STRNGI,熊本県,3006,SILVER,熊本県
HEROIC VERSE,Advent Infamous,0,,-,908,DECIDE,熊本県,1551,ZND-L,熊本県,2795,SILVER,熊本県,0,,-
HEROIC VERSE,AKASHIC BREAK,0,,-,1147,DECIDE,熊本県,2145,SKFB,熊本県,3548,STRNGI,熊本県,0,,-
HEROIC VERSE,And-RoiD,0,,-,688,DECIDE,熊本県,1143,*HAKU*,熊本県,1994,SILVER,熊本県,0,,-
HEROIC VERSE,Artist,0,,-,1091,DECIDE,熊本県,2106,SKFB,熊本県,3538,STRNGI,熊本県,0,,-
HEROIC VERSE,Backyard Stars,0,,-,902,*HAKU*,熊本県,1574,KARIQB,熊本県,2233,STRNGI,熊本県,0,,-
HEROIC VERSE,BEAT PRISONER,0,,-,1053,DECIDE,熊本県,1775,UMITO.,熊本県,3610,STRNGI,熊本県,0,,-
HEROIC VERSE,beatAffection,0,,-,954,DECIDE,熊本県,1399,XAI,熊本県,2629,P-SUK,熊本県,0,,-
HEROIC VERSE,Beautiful Harmony (IIDX Mix),0,,-,840,K.K,熊本県,1467,K.K,熊本県,2378,TAKES,熊本県,0,,-
HEROIC VERSE,Bow shock!!,0,,-,757,DECIDE,熊本県,1775,ZND-R,熊本県,3073,STRNGI,熊本県,4237,STRNGI,熊本県
HEROIC VERSE,Calvados Queen,0,,-,816,DECIDE,熊本県,1367,S*U*U,熊本県,2430,47,熊本県,0,,-
HEROIC VERSE,Change Yourself,0,,-,846,DECIDE,熊本県,1224,MY,熊本県,2493,47,熊本県,0,,-
HEROIC VERSE,Crank It,0,,-,732,TAIPP2,熊本県,1241,TAIPP2,熊本県,2432,HNKONG,熊本県,0,,-
HEROIC VERSE,Dans la nuit de l'eternite,0,,-,1120,DECIDE,熊本県,2086,YGRM,熊本県,3396,STRNGI,熊本県,0,,-
HEROIC VERSE,Do What You Want,0,,-,682,DECIDE,熊本県,1052,TAIPP2,熊本県,2029,STRNGI,熊本県,0,,-
HEROIC VERSE,Double Dribble,0,,-,1143,DECIDE,熊本県,1665,CERNA,熊本県,3318,STRNGI,熊本県,0,,-
HEROIC VERSE,EROICA,0,,-,1221,UDON.,熊本県,2273,9RAUDO,熊本県,3827,STRNGI,熊本県,0,,-
HEROIC VERSE,Everlasting Message,0,,-,1080,K.K,熊本県,2000,SKFB,熊本県,3693,STRNGI,熊本県,0,,-
HEROIC VERSE,fairy cocktail,0,,-,431,DECIDE,熊本県,931,AJIMU.,熊本県,1605,47,熊本県,0,,-
HEROIC VERSE,Fly Above (Vicissitude Remix),0,,-,831,TAIPP2,熊本県,1241,AJIMU.,熊本県,2360,GALA,熊本県,0,,-
HEROIC VERSE,Forgetting Machine,0,,-,684,DECIDE,熊本県,1155,CA4SU,熊本県,1682,GALA,熊本県,0,,-
HEROIC VERSE,Friction[!]Function,0,,-,952,DECIDE,熊本県,1663,IIDX32,熊本県,3185,STRNGI,熊本県,0,,-
HEROIC VERSE,GHOST,0,,-,745,DECIDE,熊本県,1039,TAIPP2,熊本県,2730,STRNGI,熊本県,0,,-
HEROIC VERSE,GIGA VIOLATE,0,,-,1001,DECIDE,熊本県,1594,KARIQB,熊本県,2693,47,熊本県,0,,-
HEROIC VERSE,Hold My Hand,0,,-,877,DECIDE,熊本県,1468,CA4SU,熊本県,2479,STRNGI,熊本県,0,,-
HEROIC VERSE,Hyper Drive feat. ぷにぷに電機,0,,-,618,TAIPP2,熊本県,1164,TAIPP2,熊本県,1935,TADA.C,熊本県,0,,-
HEROIC VERSE,If,0,,-,743,DECIDE,熊本県,1115,NUSA,熊本県,1871,47,熊本県,0,,-
HEROIC VERSE,Inferno of Fomalhaut,0,,-,937,DECIDE,熊本県,1739,DOON,熊本県,3129,STRNGI,熊本県,0,,-
HEROIC VERSE,Infinity Mirror,0,,-,794,DECIDE,熊本県,1227,SIKKUN,熊本県,2307,STRNGI,熊本県,0,,-
HEROIC VERSE,Into The Madness,0,,-,876,*HAKU*,熊本県,1462,SKFB,熊本県,2483,STRNGI,熊本県,0,,-
HEROIC VERSE,LASER CRUSTER (IGNITE REMIX),0,,-,710,DECIDE,熊本県,1476,RIO,熊本県,3553,STRNGI,熊本県,0,,-
HEROIC VERSE,Level 2,0,,-,866,DECIDE,熊本県,1613,ZND-L,熊本県,2833,STRNGI,熊本県,0,,-
HEROIC VERSE,LIGHTNING STRIKES,443,TAIPP2,熊本県,834,DECIDE,熊本県,1535,CALPIS,熊本県,3232,STRNGI,熊本県,4144,STRNGI,熊本県
HEROIC VERSE,Like+it!,0,,-,881,DECIDE,熊本県,1541,CA4SU,熊本県,2378,STRNGI,熊本県,0,,-
HEROIC VERSE,Lords Of The Roundtable,0,,-,996,DECIDE,熊本県,1748,A!,熊本県,3049,STRNGI,熊本県,0,,-
HEROIC VERSE,Lost Souls,0,,-,632,DECIDE,熊本県,1592,KARIQB,熊本県,2414,GALA,熊本県,3906,STRNGI,熊本県
HEROIC VERSE,Matt Silver,0,,-,1043,DECIDE,熊本県,1878,ZL,熊本県,3317,STRNGI,熊本県,0,,-
HEROIC VERSE,Megalara Garuda,0,,-,1251,SAKKUN,熊本県,1708,SYU3DS,熊本県,3013,STRNGI,熊本県,0,,-
HEROIC VERSE,Mel,0,,-,770,RA.TA,熊本県,1214,TAIPP2,熊本県,2164,STRNGI,熊本県,2716,STRNGI,熊本県
HEROIC VERSE,Moving on,0,,-,969,DECIDE,熊本県,1766,NU?,熊本県,2983,STRNGI,熊本県,0,,-
HEROIC VERSE,Nasty Techniques,0,,-,922,DECIDE,熊本県,1551,CA4SU,熊本県,2632,STRNGI,熊本県,0,,-
HEROIC VERSE,NEWALONE,0,,-,558,DECIDE,熊本県,1134,KAZZY.,熊本県,1974,P-SUK,熊本県,0,,-
HEROIC VERSE,ORCA,0,,-,1041,KULANT,熊本県,1962,ULLR.,熊本県,3442,STRNGI,熊本県,0,,-
HEROIC VERSE,OUTER PLANETS,0,,-,613,DECIDE,熊本県,994,RUISA,熊本県,2116,GALA,熊本県,0,,-
HEROIC VERSE,Override,0,,-,879,DECIDE,熊本県,1463,MISI,熊本県,2826,NUMAP,熊本県,4216,STRNGI,熊本県
HEROIC VERSE,PHASE SHIFT MANEUVER,0,,-,1118,DECIDE,熊本県,1563,SKFB,熊本県,2771,NUMAP,熊本県,0,,-
HEROIC VERSE,Primitive Vibes,543,TAIPP2,熊本県,1006,DECIDE,熊本県,1822,CERNA,熊本県,3083,STRNGI,熊本県,0,,-
HEROIC VERSE,Queen Kaguya,0,,-,905,DECIDE,熊本県,1666,CIEL,熊本県,2601,STRNGI,熊本県,0,,-
HEROIC VERSE,Rainstorm,0,,-,863,DECIDE,熊本県,1401,SKFB,熊本県,2244,P-SUK,熊本県,0,,-
HEROIC VERSE,Rave Patroller,0,,-,1179,DECIDE,熊本県,2280,2EXT.,熊本県,3371,STRNGI,熊本県,0,,-
HEROIC VERSE,rough percussionythm,0,,-,949,DECIDE,熊本県,1511,XAI,熊本県,2523,STRNGI,熊本県,0,,-
HEROIC VERSE,S!ck (Nhato Remix),0,,-,904,SIKKUN,熊本県,1442,ZND-L,熊本県,2453,GALA,熊本県,0,,-
HEROIC VERSE,SCREW // owo // SCREW,0,,-,1004,DECIDE,熊本県,1882,CERNA,熊本県,2953,STRNGI,熊本県,0,,-
HEROIC VERSE,Shiva,0,,-,691,DECIDE,熊本県,1057,TAIPP2,熊本県,2112,STRNGI,熊本県,0,,-
HEROIC VERSE,Silly Love,259,TE2ROW,熊本県,754,DECIDE,熊本県,1222,XAI,熊本県,2076,STRNGI,熊本県,0,,-
HEROIC VERSE,Ska-sh All Neurons!!,0,,-,931,DECIDE,熊本県,1167,IBUIBU,熊本県,2302,STRNGI,熊本県,0,,-
HEROIC VERSE,Smashing Wedge,0,,-,909,DECIDE,熊本県,2062,H.WAGY,熊本県,3700,STRNGI,熊本県,0,,-
HEROIC VERSE,Sparkle Smilin',0,,-,874,*HAKU*,熊本県,1327,EM3,熊本県,2448,SILVER,熊本県,0,,-
HEROIC VERSE,STOIC HYPOTHESIS,0,,-,1036,DECIDE,熊本県,1639,KARIQB,熊本県,2803,GALA,熊本県,0,,-
HEROIC VERSE,Sugar Drippin',0,,-,727,DECIDE,熊本県,1100,TAIPP2,熊本県,2086,47,熊本県,0,,-
HEROIC VERSE,T-REX vs Velociraptor (In the Far east euphoria),0,,-,1165,DECIDE,熊本県,1639,CERNA,熊本県,3210,STRNGI,熊本県,0,,-
HEROIC VERSE,take me higher,0,,-,760,TAIPP2,熊本県,1147,SKFB,熊本県,1978,SILVER,熊本県,0,,-
HEROIC VERSE,TECHNO Style Essentials,0,,-,879,TAIPP2,熊本県,1451,CA4SU,熊本県,2856,STRNGI,熊本県,0,,-
HEROIC VERSE,THE BRAVE MUST DIE,0,,-,1288,*HAKU*,熊本県,2320,YGRM,熊本県,4021,STRNGI,熊本県,0,,-
HEROIC VERSE,THE F∀UST,0,,-,1090,*HAKU*,熊本県,2159,YGRM,熊本県,3529,STRNGI,熊本県,0,,-
HEROIC VERSE,The Sky of Sadness,0,,-,784,DECIDE,熊本県,1355,XAI,熊本県,2377,47,熊本県,0,,-
HEROIC VERSE,Theory,0,,-,722,TAIPP2,熊本県,1288,CHUDOK,熊本県,2575,STRNGI,熊本県,0,,-
HEROIC VERSE,TRIUMPH,0,,-,883,CHIAKI,熊本県,1798,88KA2,熊本県,3370,STRNGI,熊本県,0,,-
HEROIC VERSE,UNITE THE HEART,0,,-,1389,XAI,熊本県,2320,SKFB,熊本県,3249,P-SUK,熊本県,0,,-
HEROIC VERSE,VALKYRIAS -英雄誕生-,0,,-,935,DECIDE,熊本県,1513,MISI,熊本県,2707,GALA,熊本県,0,,-
HEROIC VERSE,VIBRΛ,0,,-,870,*HAKU*,熊本県,1207,ULLR.,熊本県,1791,GALA,熊本県,0,,-
HEROIC VERSE,Vinculum stellarum,0,,-,881,TAIPP2,熊本県,2171,YGRM,熊本県,3613,STRNGI,熊本県,0,,-
HEROIC VERSE,Virus Funk,0,,-,721,DECIDE,熊本県,1329,XAI,熊本県,2204,STRNGI,熊本県,0,,-
HEROIC VERSE,Volcanic Dragon,0,,-,972,DECIDE,熊本県,1581,MISI,熊本県,2951,STRNGI,熊本県,0,,-
HEROIC VERSE,Voo Doo Bamboleo,0,,-,833,DECIDE,熊本県,1180,TAIPP2,熊本県,2440,P-SUK,熊本県,0,,-
HEROIC VERSE,Ypsilon,0,,-,1002,DECIDE,熊本県,1591,NAMAKA,熊本県,2737,GALA,熊本県,3549,STRNGI,熊本県
HEROIC VERSE,がっつり陰キャ!? 怪盗いいんちょの億劫^^;,0,,-,1480,UMITO.,熊本県,2534,SKFB,熊本県,4226,STRNGI,熊本県,0,,-
HEROIC VERSE,シャムシールの舞,0,,-,796,DECIDE,熊本県,1375,CIEL,熊本県,2484,GALA,熊本県,0,,-
HEROIC VERSE,セピアの軌跡 ft. 天宮みや(少女フラクタル),360,TAIPP2,熊本県,777,K.K,熊本県,1202,SHUM4I,熊本県,2376,GALA,熊本県,0,,-
HEROIC VERSE,バッドエンド・シンドローム,0,,-,978,DECIDE,熊本県,1626,XAI,熊本県,2927,GALA,熊本県,0,,-
HEROIC VERSE,ピアノ協奏曲第1番”蠍火” (BlackY Remix),0,,-,916,DECIDE,熊本県,1917,SKFB,熊本県,3650,STRNGI,熊本県,0,,-
HEROIC VERSE,ラブキラ☆スプラッシュ,0,,-,1054,DECIDE,熊本県,1262,SHUM4I,熊本県,2527,STRNGI,熊本県,0,,-
HEROIC VERSE,ランカーキラーガール,0,,-,1088,K.K,熊本県,1774,88KA2,熊本県,2861,47,熊本県,0,,-
HEROIC VERSE,曼荼羅恋々,0,,-,1025,DECIDE,熊本県,1636,.SHORE,熊本県,2705,P-SUK,熊本県,0,,-
HEROIC VERSE,深淵に捧ぐレクイエム,0,,-,802,DECIDE,熊本県,1565,SYU3DS,熊本県,3001,STRNGI,熊本県,0,,-
HEROIC VERSE,灼熱Beach Side Bunny (Masayoshi Iimori Remix),0,,-,616,DECIDE,熊本県,1038,XAI,熊本県,1817,STRNGI,熊本県,0,,-
HEROIC VERSE,狂水一華,0,,-,923,DECIDE,熊本県,1552,CA4SU,熊本県,2691,STRNGI,熊本県,0,,-
HEROIC VERSE,眠りの国のステラ,0,,-,1101,DECIDE,熊本県,1756,KARIQB,熊本県,2643,GALA,熊本県,0,,-
HEROIC VERSE,華麗なる大犬円舞曲,0,,-,1186,*HAKU*,熊本県,1844,DCYUME,熊本県,3447,SILVER,熊本県,0,,-
HEROIC VERSE,錬成人間トリコロイダー,0,,-,748,KALEID,熊本県,1560,KOKI,熊本県,3206,STRNGI,熊本県,0,,-
HEROIC VERSE,開きたまえ！Next stAge！,0,,-,995,TAIPP2,熊本県,1523,YG-WR,熊本県,2833,SILVER,熊本県,0,,-
HEROIC VERSE,魅惑のYUMMYスイーツ,0,,-,841,TAIPP2,熊本県,1614,RIO,熊本県,3071,STRNGI,熊本県,0,,-
BISTROVER,-65℃,0,,-,1263,Y.S,熊本県,2093,A.R.JJ,熊本県,3731,STRNGI,熊本県,0,,-
BISTROVER,ABSOLUTE (kors k Remix),0,,-,872,DECIDE,熊本県,1365,SKFB,熊本県,2613,STRNGI,熊本県,0,,-
BISTROVER,Ah Hah Yeah,0,,-,697,47,熊本県,1360,TAKES,熊本県,2064,P-SUK,熊本県,0,,-
BISTROVER,AMRITA -不滅ノ花-,0,,-,855,TAIPP2,熊本県,1545,ASIBA.,熊本県,2726,SILVER,熊本県,0,,-
BISTROVER,apo:llioth,0,,-,1130,DECIDE,熊本県,1921,S*U*U,熊本県,2890,47,熊本県,0,,-
BISTROVER,As You Want,0,,-,800,DECIDE,熊本県,1292,CA4SU,熊本県,2383,GALA,熊本県,0,,-
BISTROVER,ASIAN VIRTUAL REALITIES (MELTING TOGETHER IN DAZZLING DARKNESS),0,,-,993,*HAKU*,熊本県,1585,UMITO.,熊本県,3280,STRNGI,熊本県,0,,-
BISTROVER,BEMANI PRO LEAGUE Theme,0,,-,744,SYU3DS,熊本県,1134,SHUM4I,熊本県,1894,GALA,熊本県,0,,-
BISTROVER,BIGソムタム,524,TAIPP2,熊本県,1124,KOKI,熊本県,1800,KARIQB,熊本県,3338,STRNGI,熊本県,0,,-
BISTROVER,BLACK or WHITE?,602,TAIPP2,熊本県,1178,TAIPP2,熊本県,2416,N*KNN,熊本県,3941,STRNGI,熊本県,0,,-
BISTROVER,Burning Flame,0,,-,1063,*HAKU*,熊本県,1792,KARIQB,熊本県,2862,SILVER,熊本県,3768,STRNGI,熊本県
BISTROVER,Chewingood!!!,298,KOTSIO,熊本県,798,DECIDE,熊本県,1423,CA4SU,熊本県,2597,P-SUK,熊本県,0,,-
BISTROVER,COSMIC RAY,0,,-,998,DECIDE,熊本県,1719,A2M,熊本県,2861,SILVER,熊本県,0,,-
BISTROVER,Crazy Jackpot,0,,-,938,DECIDE,熊本県,1617,KARIQB,熊本県,2757,47,熊本県,0,,-
BISTROVER,Danza Aestas,0,,-,911,DECIDE,熊本県,1697,KARIQB,熊本県,2947,47,熊本県,0,,-
BISTROVER,Dawn Saga,0,,-,862,DECIDE,熊本県,1440,ZALMK,熊本県,2723,STRNGI,熊本県,0,,-
BISTROVER,DENIM,0,,-,531,DECIDE,熊本県,1262,KARIQB,熊本県,1733,STRNGI,熊本県,0,,-
BISTROVER,Don't Stop The Music feat. Kanae Asaba,0,,-,636,TAIPP2,熊本県,1092,AKI,熊本県,1860,P-SUK,熊本県,0,,-
BISTROVER,DUAL STRIKER,0,,-,1114,DECIDE,熊本県,2423,GALA,熊本県,3833,STRNGI,熊本県,0,,-
BISTROVER,Empire of Fury,0,,-,1192,AKI,熊本県,2046,YGRM,熊本県,3237,SILVER,熊本県,0,,-
BISTROVER,Euphoric Lagoon,0,,-,837,DECIDE,熊本県,1471,K.K,熊本県,2573,SILVER,熊本県,0,,-
BISTROVER,Explorer feat. ぷにぷに電機,0,,-,700,DECIDE,熊本県,1269,N*KNN,熊本県,2106,P-SUK,熊本県,2840,47,熊本県
BISTROVER,Farewell to Marrakech,0,,-,824,DECIDE,熊本県,1308,XAI,熊本県,2235,STRNGI,熊本県,0,,-
BISTROVER,Fire Beat,0,,-,946,TAIPP2,熊本県,1444,ZL,熊本県,2715,STRNGI,熊本県,0,,-
BISTROVER,Frisk And Squeak,0,,-,755,DECIDE,熊本県,1405,K.K,熊本県,2354,GALA,熊本県,0,,-
BISTROVER,GIGA RAID,0,,-,885,DECIDE,熊本県,1537,INSANE,熊本県,2414,STRNGI,熊本県,0,,-
BISTROVER,Globe Glitter,0,,-,989,DECIDE,熊本県,1465,REN,熊本県,2625,47,熊本県,0,,-
BISTROVER,Here We Are,279,BELL,熊本県,1075,TAKES,熊本県,1610,SKFB,熊本県,2430,GALA,熊本県,0,,-
BISTROVER,HIGH VOLTAGE,0,,-,793,K.K,熊本県,1277,KAZZY.,熊本県,2264,STRNGI,熊本県,0,,-
BISTROVER,Ignis†Irae,0,,-,1002,TAIPP2,熊本県,2226,YGRM,熊本県,3694,STRNGI,熊本県,0,,-
BISTROVER,IIDX RED Ending (Ryu☆Remix),0,,-,603,DECIDE,熊本県,1119,XAI,熊本県,1838,SILVER,熊本県,0,,-
BISTROVER,innocent revolver,0,,-,1005,DECIDE,熊本県,2118,SKFB,熊本県,3832,STRNGI,熊本県,0,,-
BISTROVER,Jungle Eater,0,,-,911,DECIDE,熊本県,1765,KARIQB,熊本県,2868,47,熊本県,0,,-
BISTROVER,LAST DAY,0,,-,996,DECIDE,熊本県,1707,KARIQB,熊本県,2981,GALA,熊本県,0,,-
BISTROVER,Level 3,0,,-,1099,DECIDE,熊本県,2141,N*KNN,熊本県,3399,STRNGI,熊本県,0,,-
BISTROVER,LOCUS OF THE TRAVEL,0,,-,989,*HAKU*,熊本県,2357,YGRM,熊本県,3681,STRNGI,熊本県,0,,-
BISTROVER,Lovely Howdy Cowboy!!,0,,-,1021,DECIDE,熊本県,1785,KARIQB,熊本県,2693,GALA,熊本県,0,,-
BISTROVER,MA・TSU・RI,0,,-,1025,DECIDE,熊本県,1743,KARIQB,熊本県,2575,STRNGI,熊本県,0,,-
BISTROVER,MEGAERA,0,,-,1115,DECIDE,熊本県,2083,YGRM,熊本県,3429,STRNGI,熊本県,0,,-
BISTROVER,Midnight Drive,0,,-,559,DECIDE,熊本県,1122,K.K,熊本県,1986,STRNGI,熊本県,0,,-
BISTROVER,MOVE! (We Keep It Movin'),0,,-,695,TAIPP2,熊本県,1125,TAIPP2,熊本県,2189,STRNGI,熊本県,0,,-
BISTROVER,Neo Heritage,0,,-,870,DECIDE,熊本県,1557,KARIQB,熊本県,2803,SILVER,熊本県,0,,-
BISTROVER,Ocean Blue feat. Luschel,0,,-,790,DECIDE,熊本県,1367,SKFB,熊本県,2428,P-SUK,熊本県,0,,-
BISTROVER,of the first magnitude,0,,-,958,DECIDE,熊本県,1839,KARIQB,熊本県,2980,STRNGI,熊本県,0,,-
BISTROVER,OTOKOZAKA,0,,-,950,DECIDE,熊本県,1785,KARIQB,熊本県,2902,STRNGI,熊本県,0,,-
BISTROVER,Overslept,0,,-,976,DECIDE,熊本県,1685,KARIQB,熊本県,2534,STRNGI,熊本県,0,,-
BISTROVER,Para siempre,0,,-,842,DECIDE,熊本県,1425,XAI,熊本県,2884,STRNGI,熊本県,0,,-
BISTROVER,Parvati,0,,-,948,DECIDE,熊本県,1789,KARIQB,熊本県,2788,SILVER,熊本県,0,,-
BISTROVER,POLKAMANIA,412,TAIPP2,熊本県,919,DECIDE,熊本県,1727,KARIQB,熊本県,2808,47,熊本県,3633,STRNGI,熊本県
BISTROVER,Rejection Girl,0,,-,917,DECIDE,熊本県,1606,KARIQB,熊本県,2663,STRNGI,熊本県,0,,-
BISTROVER,Ritual of Anubis,0,,-,963,TAIPP2,熊本県,1495,*HAKU*,熊本県,2794,STRNGI,熊本県,0,,-
BISTROVER,Romanticが止まらない,364,TAIPP2,熊本県,882,DECIDE,熊本県,1529,XAI,熊本県,2725,STRNGI,熊本県,0,,-
BISTROVER,rommmo,0,,-,1080,Y.S,熊本県,1801,KARIQB,熊本県,3443,STRNGI,熊本県,0,,-
BISTROVER,Rosa azuL,0,,-,841,DECIDE,熊本県,1737,KARIQB,熊本県,2733,SILVER,熊本県,0,,-
BISTROVER,Rowdy,0,,-,979,DECIDE,熊本県,1426,K.K,熊本県,2497,STRNGI,熊本県,0,,-
BISTROVER,Rubrum Piano,0,,-,765,TAIPP2,熊本県,1658,KARIQB,熊本県,2434,47,熊本県,0,,-
BISTROVER,S-Bahn,0,,-,876,DECIDE,熊本県,1439,SKFB,熊本県,2174,STRNGI,熊本県,0,,-
BISTROVER,Sinus Iridum,0,,-,998,Y.S,熊本県,2025,.SHORE,熊本県,3198,SILVER,熊本県,0,,-
BISTROVER,smooooch・∀・ (Snail's House Remix),0,,-,813,DECIDE,熊本県,1532,ASIBA.,熊本県,2332,47,熊本県,0,,-
BISTROVER,SOLID STATE SQUAD -RISEN RELIC REMIX-,0,,-,1138,DECIDE,熊本県,2204,YGRM,熊本県,3251,SILVER,熊本県,0,,-
BISTROVER,Sugarplum,0,,-,859,DECIDE,熊本県,1784,XAI,熊本県,2507,SILVER,熊本県,0,,-
BISTROVER,Swarm Of Scarabs,0,,-,1042,TA-983,熊本県,1110,TAIPP2,熊本県,2374,STRNGI,熊本県,0,,-
BISTROVER,Tell me what you wish feat.らっぷびと,0,,-,1027,DECIDE,熊本県,1613,KARIQB,熊本県,2828,P-SUK,熊本県,0,,-
BISTROVER,That Feeling,0,,-,694,DECIDE,熊本県,1047,K.K,熊本県,1909,STRNGI,熊本県,0,,-
BISTROVER,THE PEERLESS UNDER HEAVEN,0,,-,1008,CA4SU,熊本県,1918,YGRM,熊本県,3387,STRNGI,熊本県,0,,-
BISTROVER,The Wind of China Express(The 4th Mashup),0,,-,998,KARIQB,熊本県,1614,SKFB,熊本県,2560,STRNGI,熊本県,0,,-
BISTROVER,Tiempo Loco,0,,-,974,TAIPP2,熊本県,1957,2EXT.,熊本県,3677,STRNGI,熊本県,0,,-
BISTROVER,Viridian,0,,-,932,DECIDE,熊本県,1680,ZL,熊本県,3349,STRNGI,熊本県,0,,-
BISTROVER,Vitrum,0,,-,1003,DECIDE,熊本県,1669,KARIQB,熊本県,3475,SILVER,熊本県,0,,-
BISTROVER,WAKE UP NOW,0,,-,872,K.K,熊本県,1044,TAIPP2,熊本県,1992,P-SUK,熊本県,2436,P-SUK,熊本県
BISTROVER,When I Met U,0,,-,815,TAIPP2,熊本県,1152,S*U*U,熊本県,2043,STRNGI,熊本県,0,,-
BISTROVER,Winner's Proof ft. KANASA from bless4,0,,-,689,DECIDE,熊本県,1283,XAI,熊本県,2188,P-SUK,熊本県,0,,-
BISTROVER,X-ray binary,0,,-,930,DECIDE,熊本県,1883,KARIQB,熊本県,2739,SILVER,熊本県,0,,-
BISTROVER,Zenith,0,,-,773,TAIPP2,熊本県,1339,KARIQB,熊本県,2120,STRNGI,熊本県,0,,-
BISTROVER,∀,397,OYABUN,熊本県,1177,TAIPP2,熊本県,1988,ANK,熊本県,3501,STRNGI,熊本県,0,,-
BISTROVER,ここからよろしく大作戦143,254,TAIPP2,熊本県,914,DECIDE,熊本県,1704,KARIQB,熊本県,2505,SILVER,熊本県,3153,SILVER,熊本県
BISTROVER,スーパー戦湯ババンバーン,0,,-,1274,TA-983,熊本県,2000,ZND-R,熊本県,3373,SILVER,熊本県,0,,-
BISTROVER,ディスコルディア,0,,-,1048,Y.S,熊本県,2038,DAKDOK,熊本県,3824,STRNGI,熊本県,0,,-
BISTROVER,バッド・スイーツ、バッド・ドリーム,0,,-,1014,DECIDE,熊本県,1768,KARIQB,熊本県,3535,STRNGI,熊本県,0,,-
BISTROVER,世界の果てに約束の凱歌を -ReUnion-,0,,-,1099,KINO,熊本県,1757,KARIQB,熊本県,3865,STRNGI,熊本県,0,,-
BISTROVER,乱膳の舞姫,0,,-,961,DECIDE,熊本県,1728,KARIQB,熊本県,2668,SILVER,熊本県,0,,-
BISTROVER,二人ノ廃城幽踊宴,0,,-,1079,*HAKU*,熊本県,1909,CHUDOK,熊本県,3490,SILVER,熊本県,0,,-
BISTROVER,伐折羅-vajra-,0,,-,1017,TAIPP2,熊本県,1938,G-COM,熊本県,3626,STRNGI,熊本県,0,,-
BISTROVER,儚き恋の華,0,,-,991,DECIDE,熊本県,1820,KARIQB,熊本県,2943,SILVER,熊本県,0,,-
BISTROVER,新宝島,505,TAIPP2,熊本県,744,DECIDE,熊本県,1309,XAI,熊本県,2319,GALA,熊本県,3494,SILVER,熊本県
BISTROVER,水無月の雫 ft. 小林まな,0,,-,1132,TAIPP2,熊本県,1655,SKFB,熊本県,2571,GALA,熊本県,0,,-
BISTROVER,水鏡の異界,0,,-,832,DECIDE,熊本県,1684,KARIQB,熊本県,3186,STRNGI,熊本県,0,,-
BISTROVER,涙のテ・エストラーニョ・ムーチョ,0,,-,1220,Y.S,熊本県,1889,KARIQB,熊本県,2757,STRNGI,熊本県,0,,-
BISTROVER,無意識のフィロソフィア,0,,-,1077,DECIDE,熊本県,2116,KARIQB,熊本県,3260,GALA,熊本県,0,,-
BISTROVER,犬に雨傘,0,,-,830,DECIDE,熊本県,1275,MISI,熊本県,2090,47,熊本県,0,,-
BISTROVER,閠槞彁の願い,0,,-,936,DECIDE,熊本県,2063,YGRM,熊本県,3111,STRNGI,熊本県,0,,-
BISTROVER,霧幻メモリア,0,,-,864,TAIPP2,熊本県,1286,SKFB,熊本県,1973,GALA,熊本県,0,,-
BISTROVER,魔法のかくれんぼ,0,,-,788,UDON.,熊本県,1531,KARIQB,熊本県,2723,STRNGI,熊本県,0,,-
CastHour,10000 MILES AWAY,0,,-,980,DECIDE,熊本県,1537,CIEL,熊本県,2914,STRNGI,熊本県,0,,-
CastHour,2 Beasts Unchained,0,,-,1244,AKI,熊本県,2082,ZND-L,熊本県,3410,STRNGI,熊本県,0,,-
CastHour,808monkey,0,,-,709,DECIDE,熊本県,1031,K.K,熊本県,1785,NUMAP,熊本県,0,,-
CastHour,ABSOLUTE EVIL,246,DCYUME,熊本県,1010,DECIDE,熊本県,2103,SKFB,熊本県,3416,STRNGI,熊本県,0,,-
CastHour,Aftermath,0,,-,1121,DECIDE,熊本県,2112,CIEL,熊本県,3549,SILVER,熊本県,0,,-
CastHour,ALTERNATOR,0,,-,1249,MAAAAR,熊本県,2341,KURO.M,熊本県,3710,STRNGI,熊本県,0,,-
CastHour,AMICABLE,0,,-,963,DECIDE,熊本県,1497,SKFB,熊本県,2438,GALA,熊本県,0,,-
CastHour,ANEMONE,210,TAIPP2,熊本県,749,UDON.,熊本県,1507,YATSU,熊本県,2137,STRNGI,熊本県,0,,-
CastHour,Angel's Ladder,0,,-,932,DECIDE,熊本県,1983,T.HIME,熊本県,3417,STRNGI,熊本県,0,,-
CastHour,Ariah,0,,-,675,DECIDE,熊本県,1354,INSANE,熊本県,2163,P-SUK,熊本県,0,,-
CastHour,Arkadia,0,,-,1011,DECIDE,熊本県,1905,YG-WR,熊本県,3648,STRNGI,熊本県,0,,-
CastHour,Banger Banger Banger Banger,0,,-,887,TAIPP2,熊本県,1699,KARIQB,熊本県,2951,STRNGI,熊本県,0,,-
CastHour,Binary Black Hole,0,,-,1210,TAIPP2,熊本県,2137,H.WAGY,熊本県,3885,STRNGI,熊本県,0,,-
CastHour,Blue Bird feat. Kanae Asaba,0,,-,592,DECIDE,熊本県,950,TAIPP2,熊本県,1773,GALA,熊本県,0,,-
CastHour,Brave Spirits,0,,-,678,DECIDE,熊本県,1215,D-S,熊本県,2429,P-SUK,熊本県,0,,-
CastHour,DISPARATE,0,,-,965,DECIDE,熊本県,1500,D-S,熊本県,2453,STRNGI,熊本県,0,,-
CastHour,Divine Heaven,0,,-,946,KARIQB,熊本県,1870,ZND-L,熊本県,2958,STRNGI,熊本県,0,,-
CastHour,Don't believe the hype,0,,-,1060,DECIDE,熊本県,2130,A!,熊本県,3244,STRNGI,熊本県,0,,-
CastHour,DREAM OF SPACE UFO ABDUCTION,0,,-,990,DECIDE,熊本県,1622,BIFU-R,熊本県,2669,GALA,熊本県,0,,-
CastHour,Emera,0,,-,817,DECIDE,熊本県,1351,INSANE,熊本県,2300,SILVER,熊本県,0,,-
CastHour,EMOTiON TRiPPER,0,,-,892,TAIPP2,熊本県,1446,KARIQB,熊本県,2159,GALA,熊本県,0,,-
CastHour,Ergosphere,0,,-,959,*HAKU*,熊本県,1801,KARIQB,熊本県,2701,STRNGI,熊本県,0,,-
CastHour,Fantastic Merry-Go-Round,0,,-,1014,DECIDE,熊本県,1308,*HAKU*,熊本県,2100,P-SUK,熊本県,0,,-
CastHour,Fegrix,0,,-,1039,DECIDE,熊本県,1931,CRUD,熊本県,3240,STRNGI,熊本県,0,,-
CastHour,FINALLY BLAZE,0,,-,864,DECIDE,熊本県,1618,KARIQB,熊本県,2751,STRNGI,熊本県,0,,-
CastHour,Flying Castle,0,,-,984,DECIDE,熊本県,2053,CERNA,熊本県,3643,STRNGI,熊本県,0,,-
CastHour,Game Changers,0,,-,579,DECIDE,熊本県,1178,KAZZY.,熊本県,2721,STRNGI,熊本県,0,,-
CastHour,"Get set, Go! feat.Kanae Asaba",0,,-,786,DECIDE,熊本県,1317,XAI,熊本県,2079,47,熊本県,0,,-
CastHour,GiGaGaHell,0,,-,1064,AKI,熊本県,1804,T.HIME,熊本県,3021,STRNGI,熊本県,0,,-
CastHour,GRAVITON,0,,-,1052,DECIDE,熊本県,1875,CA4SU,熊本県,3420,STRNGI,熊本県,0,,-
CastHour,hard-wired,0,,-,1252,TAIPP2,熊本県,2056,SKFB,熊本県,3568,STRNGI,熊本県,0,,-
CastHour,Harmonia,0,,-,691,DECIDE,熊本県,1084,AKI,熊本県,2004,47,熊本県,0,,-
CastHour,Hat Surprise,0,,-,651,DECIDE,熊本県,1294,MISI,熊本県,2396,GALA,熊本県,0,,-
CastHour,HEARTACHE,0,,-,469,K.K,熊本県,1073,UMITO.,熊本県,1835,STRNGI,熊本県,0,,-
CastHour,kors k's How to make OTOGE CORE,0,,-,631,TAIPP2,熊本県,1468,KARIQB,熊本県,2292,STRNGI,熊本県,0,,-
CastHour,Lawes's Parotia,0,,-,797,DECIDE,熊本県,1421,EM3,熊本県,2535,GALA,熊本県,0,,-
CastHour,LIVE DRIVING!! feat. 花たん,0,,-,1436,DECIDE,熊本県,2347,SKFB,熊本県,3823,STRNGI,熊本県,0,,-
CastHour,N.O.,0,,-,754,DECIDE,熊本県,1377,SKFB,熊本県,2478,47,熊本県,0,,-
CastHour,n/a,0,,-,1016,DECIDE,熊本県,1820,YGRM,熊本県,3468,STRNGI,熊本県,0,,-
CastHour,No Day But Today!,411,TAIPP2,熊本県,662,DECIDE,熊本県,946,AJIMU.,熊本県,1985,STRNGI,熊本県,0,,-
CastHour,Nocturnal 2097,0,,-,895,DECIDE,熊本県,1895,DCYUME,熊本県,2921,STRNGI,熊本県,0,,-
CastHour,Non Stop Rock,0,,-,710,DECIDE,熊本県,1089,TATA2R,熊本県,1868,STRNGI,熊本県,0,,-
CastHour,One for All,0,,-,912,TAIPP2,熊本県,1679,KARIQB,熊本県,3172,STRNGI,熊本県,0,,-
CastHour,Onyx,0,,-,820,TAIPP2,熊本県,1209,D-S,熊本県,2391,STRNGI,熊本県,0,,-
CastHour,P.O.W.E.R.,0,,-,909,DECIDE,熊本県,1532,SKFB,熊本県,2325,STRNGI,熊本県,0,,-
CastHour,PIRATES BLADE,0,,-,891,DECIDE,熊本県,1439,XAI,熊本県,2131,GALA,熊本県,0,,-
CastHour,PLASMA SOUL NIGHT feat. Nana Takahashi / 709sec.,409,TAIPP2,熊本県,1368,CIEL,熊本県,2328,ZND-R,熊本県,4437,STRNGI,熊本県,0,,-
CastHour,Pout,0,,-,1009,DECIDE,熊本県,1692,KARIQB,熊本県,2599,STRNGI,熊本県,0,,-
CastHour,Prohibited Props,0,,-,943,DECIDE,熊本県,1485,SKFB,熊本県,2231,P-SUK,熊本県,2785,SILVER,熊本県
CastHour,Purple Perplex,0,,-,964,Y.S,熊本県,1811,YGRM,熊本県,3029,STRNGI,熊本県,0,,-
CastHour,Push on Beats!～音ゲの国のeX-ストリーマー～,0,,-,1068,DECIDE,熊本県,1815,KARIQB,熊本県,3374,STRNGI,熊本県,0,,-
CastHour,RAGE feat.H14 of LEONAIR,413,TAIPP2,熊本県,1084,N*KNN,熊本県,2158,A!,熊本県,3445,STRNGI,熊本県,0,,-
CastHour,Silver Bullet,0,,-,1048,Y.S,熊本県,1906,TE2ROW,熊本県,3148,SILVER,熊本県,0,,-
CastHour,Smalt #28598F,0,,-,980,DECIDE,熊本県,2176,YGRM,熊本県,3362,STRNGI,熊本県,0,,-
CastHour,SOLID WYVERN,0,,-,1032,Y.S,熊本県,1866,KARIQB,熊本県,2543,GALA,熊本県,3878,STRNGI,熊本県
CastHour,Souhait bleu,0,,-,834,DECIDE,熊本県,1817,KARIQB,熊本県,2762,STRNGI,熊本県,0,,-
CastHour,SPARK IN THE NIGHT,0,,-,784,DECIDE,熊本県,1284,CA4SU,熊本県,2226,GALA,熊本県,0,,-
CastHour,Stepper,0,,-,668,DECIDE,熊本県,1373,TATA2R,熊本県,2131,47,熊本県,0,,-
CastHour,Tail Lights,0,,-,1041,DECIDE,熊本県,1853,KARIQB,熊本県,3109,STRNGI,熊本県,0,,-
CastHour,TOMAHAWK,0,,-,1362,TA-983,熊本県,2225,YGRM,熊本県,3493,STRNGI,熊本県,0,,-
CastHour,Triple Cross,567,TAIPP2,熊本県,1053,TAIPP2,熊本県,2007,ALMAL,熊本県,3282,STRNGI,熊本県,0,,-
CastHour,Ventriloquist,0,,-,753,DECIDE,熊本県,1475,DCYUME,熊本県,2407,GALA,熊本県,0,,-
CastHour,Victory Of Ravers,0,,-,934,DECIDE,熊本県,1699,KARIQB,熊本県,2578,STRNGI,熊本県,0,,-
CastHour,WHA,0,,-,1058,Y.S,熊本県,2121,YGRM,熊本県,3577,STRNGI,熊本県,0,,-
CastHour,Wonderful Escape,0,,-,884,TAIPP2,熊本県,1242,K.K,熊本県,2062,GALA,熊本県,0,,-
CastHour,Xyndrome,0,,-,879,DECIDE,熊本県,1591,KARIQB,熊本県,2938,STRNGI,熊本県,0,,-
CastHour,《GRANDMASTER》,0,,-,892,DECIDE,熊本県,1759,KARIQB,熊本県,2871,P-SUK,熊本県,0,,-
CastHour,めでてえ,0,,-,1009,DECIDE,熊本県,1501,KAZZY.,熊本県,2594,NUMAP,熊本県,0,,-
CastHour,アクマフカ,0,,-,707,*HAKU*,熊本県,1506,KARIQB,熊本県,2289,47,熊本県,0,,-
CastHour,ウツシミウツシ,0,,-,1129,DECIDE,熊本県,1938,KARIQB,熊本県,3094,47,熊本県,0,,-
CastHour,オドループ,480,TAIPP2,熊本県,1025,DECIDE,熊本県,1462,ZALMK,熊本県,2338,SILVER,熊本県,2986,SILVER,熊本県
CastHour,オールトの雲,0,,-,1111,TAIPP2,熊本県,1966,KARIQB,熊本県,2623,STRNGI,熊本県,0,,-
CastHour,グッバイ宣言,552,TAIPP2,熊本県,1056,DECIDE,熊本県,1684,SKFB,熊本県,3088,STRNGI,熊本県,3643,STRNGI,熊本県
CastHour,シル・ヴ・プレジデント,234,UWAAA,熊本県,617,DECIDE,熊本県,1061,LIGHT7,熊本県,1786,SILVER,熊本県,2563,SILVER,熊本県
CastHour,ナイトフィクション,0,,-,655,DECIDE,熊本県,1229,TAIPP2,熊本県,2140,47,熊本県,0,,-
CastHour,ハイテックトキオ,0,,-,1000,UDON.,熊本県,1765,KARIQB,熊本県,2631,GALA,熊本県,3219,STRNGI,熊本県
CastHour,"ピアノ独奏無言歌 ""灰燼""",0,,-,1159,TA-983,熊本県,2296,DOON,熊本県,3617,STRNGI,熊本県,0,,-
CastHour,ミュージック・アワー,498,TAIPP2,熊本県,1116,DECIDE,熊本県,2073,KARIQB,熊本県,2940,GALA,熊本県,4056,STRNGI,熊本県
CastHour,口カラ凸ゲキ,0,,-,864,DECIDE,熊本県,1378,XAI,熊本県,2400,STRNGI,熊本県,0,,-
CastHour,天邪鬼,285,KT1048,熊本県,907,DECIDE,熊本県,1560,RIO,熊本県,3299,STRNGI,熊本県,0,,-
CastHour,怪物,334,TAIPP2,熊本県,712,DECIDE,熊本県,1141,XAI,熊本県,2399,SILVER,熊本県,3284,STRNGI,熊本県
CastHour,愛しくてラヴィンユー ft. マナ,0,,-,749,DECIDE,熊本県,1381,XAI,熊本県,2376,SILVER,熊本県,0,,-
CastHour,月とミルク,0,,-,955,DECIDE,熊本県,1426,XAI,熊本県,2741,SILVER,熊本県,0,,-
CastHour,烽火連天の刃,0,,-,1012,DECIDE,熊本県,2055,88KA2,熊本県,3350,STRNGI,熊本県,4237,STRNGI,熊本県
CastHour,禊,0,,-,950,Y.S,熊本県,1972,SYU3DS,熊本県,3166,STRNGI,熊本県,0,,-
CastHour,逆月,0,,-,1392,EM3,熊本県,2253,A.R.JJ,熊本県,3728,STRNGI,熊本県,0,,-
CastHour,雪上断火,0,,-,897,DECIDE,熊本県,1817,NUMAP,熊本県,2999,STRNGI,熊本県,0,,-
CastHour,青の洞窟,0,,-,829,DECIDE,熊本県,1928,KARIQB,熊本県,3032,GALA,熊本県,0,,-
CastHour,黒紅掬い,0,,-,622,DECIDE,熊本県,1045,TAIPP2,熊本県,1798,GALA,熊本県,0,,-
RESIDENT,#CMFLG,0,,-,980,DECIDE,熊本県,2185,A.R.JJ,熊本県,3408,STRNGI,熊本県,0,,-
RESIDENT,24h Endurance Race,0,,-,926,DECIDE,熊本県,1767,ZL,熊本県,3313,STRNGI,熊本県,0,,-
RESIDENT,3V0,0,,-,912,DECIDE,熊本県,1749,KARIQB,熊本県,2990,STRNGI,熊本県,0,,-
RESIDENT,7 Colors,0,,-,607,DECIDE,熊本県,992,SUI,熊本県,1929,GALA,熊本県,0,,-
RESIDENT,Always We Trust In You,0,,-,1013,DECIDE,熊本県,1717,KARIQB,熊本県,3127,STRNGI,熊本県,0,,-
RESIDENT,Ambush Ace,0,,-,974,TAIPP2,熊本県,2022,KARIQB,熊本県,2930,47,熊本県,0,,-
RESIDENT,AWA AWA,0,,-,745,TAIPP2,熊本県,1210,K.K,熊本県,2298,SILVER,熊本県,0,,-
RESIDENT,B.O.D.Y.,0,,-,984,DECIDE,熊本県,1819,CA4SU,熊本県,3385,STRNGI,熊本県,0,,-
RESIDENT,Bad Encryption,0,,-,1012,TAIPP2,熊本県,1823,H.WAGY,熊本県,3095,STRNGI,熊本県,0,,-
RESIDENT,Beyond Evolution,0,,-,1345,XAI,熊本県,2461,GALA,熊本県,3954,STRNGI,熊本県,0,,-
RESIDENT,BIGWAVERS,0,,-,1031,SIKKUN,熊本県,1807,KARIQB,熊本県,3486,STRNGI,熊本県,0,,-
RESIDENT,C-C-C-N-N-N,0,,-,895,DECIDE,熊本県,1651,KARIQB,熊本県,2757,P-SUK,熊本県,0,,-
RESIDENT,Caldwell 99,0,,-,966,DECIDE,熊本県,1819,KARIQB,熊本県,2466,47,熊本県,3336,STRNGI,熊本県
RESIDENT,Chaotoxin,0,,-,1063,UDON.,熊本県,1649,KARIQB,熊本県,3314,STRNGI,熊本県,0,,-
RESIDENT,CODE -CRiMSON-,0,,-,1189,*HAKU*,熊本県,1782,KARIQB,熊本県,2988,STRNGI,熊本県,0,,-
RESIDENT,CUE CUE RESCUE,515,TAIPP2,熊本県,1058,DECIDE,熊本県,1471,XAI,熊本県,2527,SILVER,熊本県,3069,STRNGI,熊本県
RESIDENT,dica dica,0,,-,1077,DECIDE,熊本県,2138,CA4SU,熊本県,3102,STRNGI,熊本県,0,,-
RESIDENT,Dreaming Dream,0,,-,777,TAIPP2,熊本県,1266,K.K,熊本県,2248,SILVER,熊本県,0,,-
RESIDENT,Driver,0,,-,867,DECIDE,熊本県,1101,KASUKE,熊本県,1800,STRNGI,熊本県,0,,-
RESIDENT,EXODUS SIGN,0,,-,1025,TAIPP2,熊本県,1698,KARIQB,熊本県,2574,SILVER,熊本県,0,,-
RESIDENT,Fading Stars,0,,-,976,DECIDE,熊本県,1528,SKFB,熊本県,2665,GALA,熊本県,0,,-
RESIDENT,FLARE -炎舞- ft.Nana Takahashi,0,,-,1040,DECIDE,熊本県,1675,OKAKA,熊本県,2839,P-SUK,熊本県,0,,-
RESIDENT,Get On Your Feet,0,,-,1037,DECIDE,熊本県,1729,TE2ROW,熊本県,2679,SILVER,熊本県,0,,-
RESIDENT,GET UP AGAIN,0,,-,1011,DECIDE,熊本県,1658,KARIQB,熊本県,2431,47,熊本県,0,,-
RESIDENT,glacia,0,,-,1046,DECIDE,熊本県,1894,4KI01,熊本県,2956,STRNGI,熊本県,0,,-
RESIDENT,Hat Surprise (Season 2),0,,-,940,K.K,熊本県,1758,TE2ROW,熊本県,3356,SILVER,熊本県,0,,-
RESIDENT,I,0,,-,1069,CHIAKI,熊本県,2125,INY,熊本県,3618,SILVER,熊本県,0,,-
RESIDENT,KING,421,TAIPP2,熊本県,914,DECIDE,熊本県,1915,KARIQB,熊本県,3085,STRNGI,熊本県,3890,SILVER,熊本県
RESIDENT,kors k's How to make OTOGE CORE 「LONG」,0,,-,1100,Y.S,熊本県,2148,ZND-R,熊本県,3542,STRNGI,熊本県,0,,-
RESIDENT,LADS,0,,-,861,DECIDE,熊本県,1428,K.K,熊本県,2269,SILVER,熊本県,0,,-
RESIDENT,Level 4,0,,-,1087,DECIDE,熊本県,1927,DCYUME,熊本県,3480,STRNGI,熊本県,0,,-
RESIDENT,LOUDER ROLLING THUNDER,0,,-,956,DECIDE,熊本県,1754,ZND-R,熊本県,3383,STRNGI,熊本県,0,,-
RESIDENT,MAX 360,0,,-,1068,TAIPP2,熊本県,2266,P-SUK,熊本県,3119,STRNGI,熊本県,0,,-
RESIDENT,Meissa,0,,-,838,DECIDE,熊本県,1379,ZL,熊本県,2812,STRNGI,熊本県,0,,-
RESIDENT,Next Level,0,,-,877,DECIDE,熊本県,1488,AKKEY,熊本県,2164,P-SUK,熊本県,0,,-
RESIDENT,No Border,0,,-,1008,DECIDE,熊本県,1779,CRUD,熊本県,3640,STRNGI,熊本県,0,,-
RESIDENT,ONE AND ONLY,0,,-,1007,DECIDE,熊本県,1720,KARIQB,熊本県,3166,STRNGI,熊本県,0,,-
RESIDENT,Ou Legends,0,,-,1049,SOUCHA,熊本県,1803,DAKDOK,熊本県,3249,SILVER,熊本県,0,,-
RESIDENT,OVER VOLTAGE,0,,-,1004,DECIDE,熊本県,1715,KARIQB,熊本県,2587,STRNGI,熊本県,0,,-
RESIDENT,Peaktime Booster,0,,-,962,TAIPP2,熊本県,1784,A!,熊本県,3228,STRNGI,熊本県,0,,-
RESIDENT,Perfect Plan,0,,-,1005,DECIDE,熊本県,1665,KARIQB,熊本県,2572,STRNGI,熊本県,0,,-
RESIDENT,Programmed Genom,0,,-,975,DECIDE,熊本県,1353,ULLR.,熊本県,2377,47,熊本県,0,,-
RESIDENT,Red Soul,0,,-,967,TAIPP2,熊本県,1718,TE2ROW,熊本県,2796,GALA,熊本県,0,,-
RESIDENT,Rewind Time,0,,-,681,DECIDE,熊本県,969,EFR05,熊本県,2150,47,熊本県,0,,-
RESIDENT,RINNE,0,,-,1078,DECIDE,熊本県,2097,ASIBA.,熊本県,3452,SILVER,熊本県,0,,-
RESIDENT,Ruler or Loser,0,,-,923,DECIDE,熊本県,1530,XAI,熊本県,2618,STRNGI,熊本県,0,,-
RESIDENT,Seraph,0,,-,895,DECIDE,熊本県,1477,MISI,熊本県,2434,SILVER,熊本県,0,,-
RESIDENT,Shadow World,0,,-,950,DECIDE,熊本県,1593,AYANE,熊本県,2722,STRNGI,熊本県,0,,-
RESIDENT,Shamshir,0,,-,976,DECIDE,熊本県,1253,XAI,熊本県,2195,STRNGI,熊本県,0,,-
RESIDENT,Somnidiscotheque,0,,-,1201,XILENT,熊本県,1980,NUMAP,熊本県,3235,STRNGI,熊本県,0,,-
RESIDENT,STAR BEAT,0,,-,777,DECIDE,熊本県,1599,SKFB,熊本県,2371,47,熊本県,0,,-
RESIDENT,STRAIGHT TO THE STARS,0,,-,926,DECIDE,熊本県,1580,SKFB,熊本県,2958,SILVER,熊本県,0,,-
RESIDENT,Stylus,0,,-,1091,DECIDE,熊本県,1872,SOPHIE,熊本県,2838,STRNGI,熊本県,0,,-
RESIDENT,Summerblue,350,TAIPP2,熊本県,963,DECIDE,熊本県,1628,ZND-R,熊本県,2413,47,熊本県,0,,-
RESIDENT,Sunny Day Vibes,0,,-,873,TAIPP2,熊本県,1458,SIKKUN,熊本県,2259,SILVER,熊本県,0,,-
RESIDENT,Super Freak,0,,-,1031,TAIPP2,熊本県,1826,KARIQB,熊本県,3383,STRNGI,熊本県,0,,-
RESIDENT,suspicions,0,,-,1153,UD0NGE,熊本県,2193,UD0NGE,熊本県,3702,STRNGI,熊本県,0,,-
RESIDENT,Swing My Wonderland,0,,-,1173,DECIDE,熊本県,2171,KARIQB,熊本県,3085,STRNGI,熊本県,0,,-
RESIDENT,TECHNOPHOBIA,0,,-,767,DECIDE,熊本県,1578,KARIQB,熊本県,2993,STRNGI,熊本県,0,,-
RESIDENT,The Clown of 24stairs,0,,-,927,DECIDE,熊本県,2089,H.WAGY,熊本県,3308,STRNGI,熊本県,0,,-
RESIDENT,THE TIME MACHINE,0,,-,951,DECIDE,熊本県,1579,ZND-R,熊本県,2653,STRNGI,熊本県,0,,-
RESIDENT,VOID,0,,-,1068,Y.S,熊本県,1608,DCYUME,熊本県,3264,STRNGI,熊本県,0,,-
RESIDENT,VOLAQUAS,0,,-,1124,SYOU,熊本県,2067,YGRM,熊本県,3838,STRNGI,熊本県,0,,-
RESIDENT,VOLCANIC BIGBEAT,0,,-,1000,DECIDE,熊本県,1463,A2M,熊本県,2832,STRNGI,熊本県,0,,-
RESIDENT,"wanna be a ""BAD GIRL"" feat. Nana Takahashi",0,,-,773,DECIDE,熊本県,1019,YOU,熊本県,2036,P-SUK,熊本県,0,,-
RESIDENT,With You,0,,-,794,DECIDE,熊本県,1414,K.K,熊本県,2542,STRNGI,熊本県,0,,-
RESIDENT,Xerulean,0,,-,1338,DCYUME,熊本県,1921,592BU4,熊本県,3347,STRNGI,熊本県,0,,-
RESIDENT,ZENITH,0,,-,1014,DECIDE,熊本県,1915,TE2ROW,熊本県,2967,STRNGI,熊本県,0,,-
RESIDENT,[ ]DENTITY,0,,-,1093,DECIDE,熊本県,2065,TAKES,熊本県,3726,SILVER,熊本県,0,,-
RESIDENT,≡+≡,487,INMR,熊本県,1360,TAKES,熊本県,2029,TE2ROW,熊本県,3015,STRNGI,熊本県,4542,STRNGI,熊本県
RESIDENT,■□模様,0,,-,924,DECIDE,熊本県,1373,JUNGLE,熊本県,2596,GALA,熊本県,0,,-
RESIDENT,《ORDERBREAKER》,0,,-,910,TAIPP2,熊本県,1517,KARIQB,熊本県,2454,STRNGI,熊本県,0,,-
RESIDENT,あるビー！ feat.ころねぽち,0,,-,885,DECIDE,熊本県,1690,KARIQB,熊本県,2819,SILVER,熊本県,0,,-
RESIDENT,おとせサンダー,205,TAIPP2,熊本県,637,DECIDE,熊本県,1108,AKI,熊本県,2141,47,熊本県,0,,-
RESIDENT,きゅんです。,0,,-,699,DECIDE,熊本県,1419,AYANE,熊本県,2344,STRNGI,熊本県,0,,-
RESIDENT,ぞうしょく！？マイデンティティ,0,,-,1132,DECIDE,熊本県,2119,H.WAGY,熊本県,3552,STRNGI,熊本県,0,,-
RESIDENT,ちょえちょえまぎか,0,,-,1127,UDON.,熊本県,2171,A.R.JJ,熊本県,3017,STRNGI,熊本県,4124,STRNGI,熊本県
RESIDENT,サヨナラ・ヘヴン-Celtic Chip Dance Mix-,0,,-,818,DECIDE,熊本県,1385,JUNGLE,熊本県,2605,STRNGI,熊本県,0,,-
RESIDENT,チェイスチェイスジョーカーズのうた (オニスタイルリミックス),0,,-,907,DECIDE,熊本県,1672,KARIQB,熊本県,2805,NUMAP,熊本県,0,,-
RESIDENT,パーフェクトイーター,0,,-,1058,DECIDE,熊本県,1972,KARIQB,熊本県,2972,GALA,熊本県,0,,-
RESIDENT,儚キ戀ノ幻想譚,508,LACK,熊本県,1402,YUMMY!,熊本県,2095,DCYUME,熊本県,3539,STRNGI,熊本県,0,,-
RESIDENT,少年リップルズ,0,,-,815,DECIDE,熊本県,1735,KARIQB,熊本県,2445,NUMAP,熊本県,0,,-
RESIDENT,恋愛＝精度×認識力,0,,-,1326,ZALMK,熊本県,2158,AYANE,熊本県,3365,STRNGI,熊本県,0,,-
RESIDENT,惑星☆ロリポップ,0,,-,737,DECIDE,熊本県,1495,N*KNN,熊本県,2777,47,熊本県,0,,-
RESIDENT,昏き甲鉄のヴェルガ,0,,-,871,DECIDE,熊本県,1516,CA4SU,熊本県,2344,SILVER,熊本県,0,,-
RESIDENT,月と夢の跡 ft. マナ,0,,-,874,DECIDE,熊本県,1458,RIO,熊本県,2477,NUMAP,熊本県,0,,-
RESIDENT,栄冠のカンパネラ,0,,-,1253,AKKEY,熊本県,2067,YGRM,熊本県,3863,STRNGI,熊本県,0,,-
RESIDENT,楽園追放,0,,-,864,K.K,熊本県,1489,DCYUME,熊本県,2376,47,熊本県,0,,-
RESIDENT,湘南ロンリーMIDNIGHT RAIN,0,,-,909,DECIDE,熊本県,1591,JJN,熊本県,2812,GALA,熊本県,0,,-
RESIDENT,異心前進♪ぴょんぴょんぴょん,0,,-,1032,AKI,熊本県,1431,JUNGLE,熊本県,2491,SILVER,熊本県,0,,-
RESIDENT,真夜中のバベル,0,,-,673,K.K,熊本県,956,K.K,熊本県,1694,47,熊本県,0,,-
RESIDENT,神っぽいな,292,SETUNA,熊本県,717,RYO,熊本県,1272,INSANE,熊本県,2113,STRNGI,熊本県,3009,STRNGI,熊本県
RESIDENT,神のシナリオ,0,,-,1042,TAIPP2,熊本県,1696,KARIQB,熊本県,3204,STRNGI,熊本県,0,,-
RESIDENT,罪過の聖堂,0,,-,712,REN,熊本県,1272,STRNGI,熊本県,2025,P-SUK,熊本県,0,,-
RESIDENT,輪廻の鴉,0,,-,941,DECIDE,熊本県,1735,KARIQB,熊本県,2707,NUMAP,熊本県,0,,-
RESIDENT,雨のちパノラマセカイ,0,,-,757,DECIDE,熊本県,1209,TAIPP2,熊本県,2179,A!,熊本県,0,,-
RESIDENT,響花水月,0,,-,1010,DECIDE,熊本県,1765,SKFB,熊本県,2876,SILVER,熊本県,0,,-
EPOLIS,20XX,0,,-,1110,DECIDE,熊本県,1721,KARIQB,熊本県,2690,STRNGI,熊本県,0,,-
EPOLIS,ACT0,0,,-,1137,DECIDE,熊本県,2062,KARIQB,熊本県,2978,STRNGI,熊本県,0,,-
EPOLIS,Aeterna,0,,-,920,DECIDE,熊本県,1489,K.K,熊本県,2553,SILVER,熊本県,0,,-
EPOLIS,Akatsuki,0,,-,926,Y.S,熊本県,1467,XAI,熊本県,2249,GALA,熊本県,0,,-
EPOLIS,Ambivalent Vermilia,0,,-,1348,D-S,熊本県,2335,YGRM,熊本県,4089,STRNGI,熊本県,0,,-
EPOLIS,Amethyst,0,,-,1144,DECIDE,熊本県,1748,KARIQB,熊本県,2614,STRNGI,熊本県,0,,-
EPOLIS,Bitter & Lucky,0,,-,835,DECIDE,熊本県,1200,K.K,熊本県,2479,STRNGI,熊本県,0,,-
EPOLIS,BLAZING_LAZER,0,,-,1136,DECIDE,熊本県,1987,2EXT.,熊本県,3373,STRNGI,熊本県,0,,-
EPOLIS,CADENZA,0,,-,1404,K.K,熊本県,2408,YGRM,熊本県,4534,STRNGI,熊本県,0,,-
EPOLIS,Chemical Colours,0,,-,992,DECIDE,熊本県,1964,KARIQB,熊本県,2770,SILVER,熊本県,0,,-
EPOLIS,CODE:2,0,,-,991,DECIDE,熊本県,1583,CA4SU,熊本県,2953,STRNGI,熊本県,0,,-
EPOLIS,COUNTING SHEEP ft. Kanae Asaba,0,,-,655,K.K,熊本県,1291,ZND-L,熊本県,2209,SILVER,熊本県,0,,-
EPOLIS,Cult Invitation,0,,-,1126,*HAKU*,熊本県,1948,STRNGI,熊本県,3386,STRNGI,熊本県,0,,-
EPOLIS,Dahlia,0,,-,1062,SIKKUN,熊本県,1769,CHUDOK,熊本県,3146,STRNGI,熊本県,0,,-
EPOLIS,DAZZLE ATTACK,514,TAIPP2,熊本県,926,DECIDE,熊本県,1630,ZND-R,熊本県,2832,STRNGI,熊本県,0,,-
EPOLIS,Deep Sea Mystery,0,,-,971,TAIPP2,熊本県,1155,INSANE,熊本県,1916,47,熊本県,0,,-
EPOLIS,Demon March,0,,-,1252,DECIDE,熊本県,2007,ZND-R,熊本県,3623,STRNGI,熊本県,0,,-
EPOLIS,Echoes of Sunfall,0,,-,950,K.K,熊本県,1592,ZND-L,熊本県,2963,STRNGI,熊本県,0,,-
EPOLIS,frequent,0,,-,1237,DECIDE,熊本県,2062,SKFB,熊本県,3704,SILVER,熊本県,0,,-
EPOLIS,GAME ON,0,,-,1166,CA4SU,熊本県,2002,CA4SU,熊本県,2624,SILVER,熊本県,0,,-
EPOLIS,Get Higher,0,,-,878,TAIPP2,熊本県,1675,KARIQB,熊本県,2295,STRNGI,熊本県,0,,-
EPOLIS,Get Wicked,0,,-,851,DECIDE,熊本県,1402,XAI,熊本県,2454,GALA,熊本県,0,,-
EPOLIS,Ghost Pulse,0,,-,898,DECIDE,熊本県,1443,UMITO.,熊本県,2788,STRNGI,熊本県,0,,-
EPOLIS,Glitch N Ride,0,,-,889,KARIQB,熊本県,1493,TA-983,熊本県,2648,STRNGI,熊本県,0,,-
EPOLIS,GloriosA,0,,-,1224,TA-983,熊本県,1671,S*U*U,熊本県,2849,STRNGI,熊本県,0,,-
EPOLIS,GLORIOUS HAMMER,0,,-,1055,DECIDE,熊本県,1855,KARIQB,熊本県,3070,SILVER,熊本県,0,,-
EPOLIS,Hard Breaker,0,,-,720,DECIDE,熊本県,1457,SKFB,熊本県,2487,Z.N.D.,熊本県,0,,-
EPOLIS,Hat Surprise (Season 3),0,,-,1110,DECIDE,熊本県,1981,ZND-R,熊本県,2651,GALA,熊本県,0,,-
EPOLIS,i-ii,0,,-,948,TAIPP2,熊本県,1675,KARIQB,熊本県,2848,SILVER,熊本県,0,,-
EPOLIS,INHERITANCE,0,,-,925,DECIDE,熊本県,1720,KARIQB,熊本県,2766,SILVER,熊本県,3471,SILVER,熊本県
EPOLIS,Iris,396,TAIPP2,熊本県,807,TAIPP2,熊本県,1444,88KA2,熊本県,2199,SILVER,熊本県,0,,-
EPOLIS,Jumper,0,,-,866,DECIDE,熊本県,1224,K.K,熊本県,2383,47,熊本県,0,,-
EPOLIS,Just Gimme,0,,-,857,DECIDE,熊本県,1629,KARIQB,熊本県,2741,STRNGI,熊本県,0,,-
EPOLIS,JUSTICE/GUILTY feat. Nana Takahashi & 709sec.,0,,-,1459,DECIDE,熊本県,2298,CA4SU,熊本県,3810,SILVER,熊本県,0,,-
EPOLIS,Level 5,0,,-,1229,K.K,熊本県,2348,A!,熊本県,3590,STRNGI,熊本県,0,,-
EPOLIS,MAXIMUM CHEAT GIRL,0,,-,1161,K.K,熊本県,2157,YGRM,熊本県,3556,STRNGI,熊本県,0,,-
EPOLIS,Million Dollar,0,,-,1065,K.K,熊本県,1930,YGRM,熊本県,3379,STRNGI,熊本県,0,,-
EPOLIS,Monkey Business,0,,-,650,Y.S,熊本県,1498,SYU3DS,熊本県,2585,STRNGI,熊本県,0,,-
EPOLIS,Mukade,0,,-,1003,DECIDE,熊本県,1764,KARIQB,熊本県,3130,HNKONG,熊本県,0,,-
EPOLIS,My Sweet Bird?,0,,-,807,DECIDE,熊本県,1327,K.K,熊本県,2168,GALA,熊本県,0,,-
EPOLIS,NEEDLESS MY LOVE FOR YOU,0,,-,948,DECIDE,熊本県,1622,KARIQB,熊本県,2441,SILVER,熊本県,0,,-
EPOLIS,Out of Control,0,,-,1152,TA-983,熊本県,2233,YGRM,熊本県,3040,SILVER,熊本県,0,,-
EPOLIS,out of disk space,0,,-,1015,DECIDE,熊本県,1900,KARIQB,熊本県,2575,STRNGI,熊本県,0,,-
EPOLIS,PILGRIM,0,,-,946,DECIDE,熊本県,1672,KARIQB,熊本県,2715,STRNGI,熊本県,0,,-
EPOLIS,Psychedelic Intelligence,0,,-,1122,K.K,熊本県,1813,KARIQB,熊本県,2832,47,熊本県,0,,-
EPOLIS,Red Determination,0,,-,945,*HAKU*,熊本県,1439,SKFB,熊本県,2577,SILVER,熊本県,0,,-
EPOLIS,Resonant,0,,-,1010,DECIDE,熊本県,2277,YGRM,熊本県,3572,STRNGI,熊本県,0,,-
EPOLIS,Riff//rain,100,SHIKA,熊本県,675,DECIDE,熊本県,1235,SYU3DS,熊本県,1807,SILVER,熊本県,0,,-
EPOLIS,See You Again,0,,-,1096,DECIDE,熊本県,1733,KARIQB,熊本県,3102,SILVER,熊本県,0,,-
EPOLIS,Seven Times Four,0,,-,1100,DECIDE,熊本県,1861,KARIQB,熊本県,3397,SILVER,熊本県,0,,-
EPOLIS,Shapeshifter,0,,-,931,DECIDE,熊本県,1632,KARIQB,熊本県,2461,47,熊本県,0,,-
EPOLIS,Sirius,0,,-,917,DECIDE,熊本県,1532,SKFB,熊本県,3226,STRNGI,熊本県,0,,-
EPOLIS,So What,0,,-,574,DECIDE,熊本県,1059,XAI,熊本県,1812,P-SUK,熊本県,0,,-
EPOLIS,SOLAR ECLIPSE,0,,-,1422,SKFB,熊本県,2403,GALA,熊本県,3584,STRNGI,熊本県,0,,-
EPOLIS,Speculation,0,,-,920,DECIDE,熊本県,1578,MISI,熊本県,2995,STRNGI,熊本県,0,,-
EPOLIS,squall,0,,-,1031,TAIPP2,熊本県,1632,KARIQB,熊本県,2664,STRNGI,熊本県,0,,-
EPOLIS,Stereo Beasts,0,,-,1331,TA-983,熊本県,2320,SKFB,熊本県,3657,SILVER,熊本県,0,,-
EPOLIS,Submerge Serenade,0,,-,986,DECIDE,熊本県,1707,KARIQB,熊本県,2843,GALA,熊本県,4125,STRNGI,熊本県
EPOLIS,Sword of Vengeance,0,,-,1255,SIKKUN,熊本県,2051,YGRM,熊本県,3217,STRNGI,熊本県,0,,-
EPOLIS,T.R.O.L.L.,0,,-,858,DECIDE,熊本県,1525,KARIQB,熊本県,2578,STRNGI,熊本県,0,,-
EPOLIS,The Last Apocalypse,0,,-,1302,TAIPP2,熊本県,2279,SKFB,熊本県,3692,STRNGI,熊本県,0,,-
EPOLIS,The Onlyonez,0,,-,899,AKI,熊本県,1681,KARIQB,熊本県,3113,STRNGI,熊本県,0,,-
EPOLIS,This Is Club Musik feat. 大久保紅葉,0,,-,1077,TA-983,熊本県,1558,CERNA,熊本県,2645,STRNGI,熊本県,0,,-
EPOLIS,Time Distortion pt.2(IIDX Edit),0,,-,1110,AKI,熊本県,1845,KARIQB,熊本県,2904,GALA,熊本県,0,,-
EPOLIS,TITANIUM RIDERS,0,,-,809,TAIPP2,熊本県,1440,SYU3DS,熊本県,2114,47,熊本県,0,,-
EPOLIS,Too Late Snow,0,,-,755,DECIDE,熊本県,1302,KINO,熊本県,2000,SILVER,熊本県,0,,-
EPOLIS,TRIP THE DEEP,0,,-,915,ZALMK,熊本県,1460,CA4SU,熊本県,2520,STRNGI,熊本県,0,,-
EPOLIS,Tripping Jumping,0,,-,777,DECIDE,熊本県,1504,SYU3DS,熊本県,2295,STRNGI,熊本県,0,,-
EPOLIS,Vermilion Carol,0,,-,1247,DECIDE,熊本県,2131,YGRM,熊本県,3601,STRNGI,熊本県,0,,-
EPOLIS,Vulnerability,0,,-,1161,1KIRI,熊本県,1743,EUPHO,熊本県,3609,STRNGI,熊本県,0,,-
EPOLIS,WaterCube Pf.(RX-Ver.S.P.L.),0,,-,534,DECIDE,熊本県,1157,K.K,熊本県,2144,STRNGI,熊本県,0,,-
EPOLIS,winkle 2 winkle,0,,-,1002,DECIDE,熊本県,1788,KARIQB,熊本県,2746,SILVER,熊本県,0,,-
EPOLIS,Xb10r,0,,-,890,472038,熊本県,2252,YGRM,熊本県,3491,SILVER,熊本県,0,,-
EPOLIS,ZEROIN ON THE LIGHT,0,,-,1052,DECIDE,熊本県,1595,SIKKUN,熊本県,2645,P-SUK,熊本県,0,,-
EPOLIS,《PL|RAYER》,0,,-,844,Y.S,熊本県,1671,KARIQB,熊本県,2773,STRNGI,熊本県,0,,-
EPOLIS,ちゅ、多様性。,154,K-KURU,熊本県,497,DECIDE,熊本県,902,RUISA,熊本県,1881,TADA.C,熊本県,2207,HNKONG,熊本県
EPOLIS,ないないルーティン,0,,-,538,DECIDE,熊本県,1098,NEPIAS,熊本県,2094,STRNGI,熊本県,0,,-
EPOLIS,めうめうぺったんたん！！ (ZAQUVA Remix),0,,-,1014,TAIPP2,熊本県,1835,ASIBA.,熊本県,2778,STRNGI,熊本県,0,,-
EPOLIS,れとりば！,0,,-,825,DECIDE,熊本県,1278,XAI,熊本県,2059,GALA,熊本県,0,,-
EPOLIS,アイドル,266,TAIPP2,熊本県,842,DECIDE,熊本県,1404,XAI,熊本県,2583,47,熊本県,3107,47,熊本県
EPOLIS,アタシ完全絶対正義ちゃん！,0,,-,871,DECIDE,熊本県,1570,KARIQB,熊本県,2110,GALA,熊本県,0,,-
EPOLIS,シンデレラ,514,TAIPP2,熊本県,833,DECIDE,熊本県,1381,MISI,熊本県,2225,STRNGI,熊本県,0,,-
EPOLIS,センチメンタル・サマー,0,,-,647,DECIDE,熊本県,1028,TAIPP2,熊本県,1970,P-SUK,熊本県,0,,-
EPOLIS,デビルじゃないもん,323,TAIPP2,熊本県,784,DECIDE,熊本県,1231,MISI,熊本県,2066,GALA,熊本県,0,,-
EPOLIS,フォニイ,602,TAIPP2,熊本県,1152,DECIDE,熊本県,1943,KARIQB,熊本県,2881,STRNGI,熊本県,3895,SILVER,熊本県
EPOLIS,ポラリスノウタ,280,KAZZY.,熊本県,777,DECIDE,熊本県,1486,K.K,熊本県,2250,GALA,熊本県,0,,-
EPOLIS,マーシャル・マキシマイザー,361,MYU-.,熊本県,771,DECIDE,熊本県,1422,KARIQB,熊本県,2146,STRNGI,熊本県,0,,-
EPOLIS,ラビットホール,648,K.K,熊本県,1217,*HAKU*,熊本県,2030,KARIQB,熊本県,2925,STRNGI,熊本県,0,,-
EPOLIS,リメンバーリメンバー,0,,-,490,TAIPP2,熊本県,917,TAIPP2,熊本県,1669,STRNGI,熊本県,0,,-
EPOLIS,今宵、ロマンス横丁。,0,,-,1054,DECIDE,熊本県,2184,KARIQB,熊本県,3311,STRNGI,熊本県,0,,-
EPOLIS,勇者,360,TAIPP2,熊本県,757,DECIDE,熊本県,1402,TKRR,熊本県,2458,GALA,熊本県,0,,-
EPOLIS,可愛くてごめん,270,TAIPP2,熊本県,589,DECIDE,熊本県,1252,K.K,熊本県,2244,SILVER,熊本県,2777,27,熊本県
EPOLIS,唱,177,K.K,熊本県,430,DECIDE,熊本県,884,K-DOG,熊本県,1749,GALA,熊本県,0,,-
EPOLIS,夏風邪デスコ,298,TAIPP2,熊本県,791,DECIDE,熊本県,1550,XAI,熊本県,2626,SILVER,熊本県,0,,-
EPOLIS,夢縁,0,,-,1083,DECIDE,熊本県,1964,CALPIS,熊本県,2956,GALA,熊本県,0,,-
EPOLIS,寝起きヤシの木,396,ZOMI,熊本県,1041,K.K,熊本県,1609,CA4SU,熊本県,2782,STRNGI,熊本県,3518,STRNGI,熊本県
EPOLIS,惑星鉄道,0,,-,925,UDON.,熊本県,1996,GALA,熊本県,2880,STRNGI,熊本県,0,,-
EPOLIS,愛包ダンスホール,342,TAIPP2,熊本県,909,DECIDE,熊本県,1298,SKFB,熊本県,2568,SILVER,熊本県,0,,-
EPOLIS,摩天楼,0,,-,640,DECIDE,熊本県,1328,ULLR.,熊本県,2529,STRNGI,熊本県,0,,-
EPOLIS,未完成ノ蒸氣驅動乙女,0,,-,1007,DECIDE,熊本県,1963,DCYUME,熊本県,2924,SILVER,熊本県,0,,-
EPOLIS,果たせぬ約束 ft. 小林マナ,0,,-,1066,DECIDE,熊本県,1775,CALPIS,熊本県,2959,HNKONG,熊本県,0,,-
EPOLIS,残像ニ繋ガレタ追憶ノHIDEAWAY,0,,-,1108,DECIDE,熊本県,2198,H.WAGY,熊本県,3543,STRNGI,熊本県,0,,-
EPOLIS,流桜ノ門,0,,-,943,DECIDE,熊本県,1467,CHUDOK,熊本県,2139,STRNGI,熊本県,0,,-
EPOLIS,"灼熱Beach Side Bunny (かめりあ's ""Summertime D'n'B"" Remix)",0,,-,979,TAIPP2,熊本県,1833,KARIQB,熊本県,3124,STRNGI,熊本県,0,,-
EPOLIS,神様、つれない。,0,,-,674,DECIDE,熊本県,1434,47,熊本県,2145,47,熊本県,0,,-
EPOLIS,終焔のClaudia,0,,-,1130,Y.S,熊本県,1705,TENGA,熊本県,2718,STRNGI,熊本県,0,,-
EPOLIS,酔いどれ知らず,180,M.,熊本県,777,DECIDE,熊本県,1208,AKKEY,熊本県,2221,STRNGI,熊本県,0,,-
EPOLIS,閉塞的フレーション,0,,-,971,DECIDE,熊本県,1585,KARIQB,熊本県,2396,NUMAP,熊本県,0,,-
EPOLIS,雫,0,,-,713,INTER,熊本県,2009,KARIQB,熊本県,2607,GALA,熊本県,0,,-
EPOLIS,電光,0,,-,876,AKI,熊本県,1787,YGRM,熊本県,3036,STRNGI,熊本県,0,,-
EPOLIS,電子になりたい,0,,-,791,*HAKU*,熊本県,1280,MISI,熊本県,2011,STRNGI,熊本県,0,,-
EPOLIS,電腦都市,0,,-,1293,K.K,熊本県,2138,KARIQB,熊本県,3368,STRNGI,熊本県,0,,-
Pinky Crush,1116,0,,-,1022,KAZZY.,熊本県,1859,SKFB,熊本県,2999,STRNGI,熊本県,0,,-
Pinky Crush,ADAMANT,0,,-,1002,DECIDE,熊本県,1870,2EXT.,熊本県,3027,STRNGI,熊本県,0,,-
Pinky Crush,Aqvion,0,,-,1170,UD0NGE,熊本県,1893,TE2ROW,熊本県,3465,SILVER,熊本県,0,,-
Pinky Crush,Arcanos,0,,-,634,KAZZY.,熊本県,1014,SHUM4I,熊本県,1957,GALA,熊本県,0,,-
Pinky Crush,Bang-Boo Bumble,0,,-,1062,K.K,熊本県,1740,UMITO.,熊本県,2900,47,熊本県,0,,-
Pinky Crush,Bling-Bang-Bang-Born,338,K.K,熊本県,617,CIEL,熊本県,1064,XAI,熊本県,1949,SILVER,熊本県,2134,STRNGI,熊本県
Pinky Crush,Bring The Fire,0,,-,1027,DECIDE,熊本県,1655,S*U*U,熊本県,3380,STRNGI,熊本県,0,,-
Pinky Crush,Butterfly Twist,0,,-,934,DECIDE,熊本県,1506,SYU3DS,熊本県,2714,STRNGI,熊本県,0,,-
Pinky Crush,CHAOTIC SUNBIRD,0,,-,1062,AKI,熊本県,1593,KARIQB,熊本県,3193,P-SUK,熊本県,0,,-
Pinky Crush,Chasing After YOU ～夢の欠片～ ft. 小林マナ,0,,-,949,K.K,熊本県,1299,KINO,熊本県,2043,SILVER,熊本県,0,,-
Pinky Crush,Constellation,0,,-,865,K.K,熊本県,1684,CA4SU,熊本県,2814,STRNGI,熊本県,0,,-
Pinky Crush,COSMIC V3LOCITY,0,,-,1253,TA-983,熊本県,2107,ASIBA.,熊本県,3291,SILVER,熊本県,0,,-
Pinky Crush,Cross Fire,0,,-,958,DECIDE,熊本県,2085,A.R.JJ,熊本県,3268,STRNGI,熊本県,0,,-
Pinky Crush,destination,0,,-,926,DECIDE,熊本県,2025,SKFB,熊本県,3286,STRNGI,熊本県,0,,-
Pinky Crush,Digital Radiance,0,,-,1075,DECIDE,熊本県,1298,K.K,熊本県,2022,STRNGI,熊本県,0,,-
Pinky Crush,DIVINE JUDGEMENT,0,,-,975,K.K,熊本県,1902,DCYUME,熊本県,2732,STRNGI,熊本県,0,,-
Pinky Crush,Dreamship,0,,-,867,TAIPP2,熊本県,1200,MISI,熊本県,1944,GALA,熊本県,0,,-
Pinky Crush,Drop Syndicate,0,,-,1071,DECIDE,熊本県,1570,D-S,熊本県,3644,STRNGI,熊本県,0,,-
Pinky Crush,Eleanor,0,,-,742,DECIDE,熊本県,1065,M333,熊本県,2293,H.WAGY,熊本県,0,,-
Pinky Crush,ELYSIUM,0,,-,863,DECIDE,熊本県,1354,SAKKUN,熊本県,2613,GALA,熊本県,0,,-
Pinky Crush,everlastingeuphoria:,0,,-,992,KAZZY.,熊本県,1618,KARIQB,熊本県,2408,SILVER,熊本県,0,,-
Pinky Crush,EX-MASSIVE FIGHTER,0,,-,1128,DECIDE,熊本県,1806,TATA2R,熊本県,3355,STRNGI,熊本県,0,,-
Pinky Crush,EYE OF THE HEAVEN,0,,-,993,TA-983,熊本県,2122,SKFB,熊本県,3518,SILVER,熊本県,0,,-
Pinky Crush,FERMI PARADOX,0,,-,1150,KARIQB,熊本県,1560,SKFB,熊本県,2449,UKYOU3,熊本県,0,,-
Pinky Crush,Fiery Stallion,0,,-,839,DECIDE,熊本県,1593,KARIQB,熊本県,2407,STRNGI,熊本県,0,,-
Pinky Crush,Flamingo,0,,-,1058,UD0NGE,熊本県,2105,UD0NGE,熊本県,3453,STRNGI,熊本県,0,,-
Pinky Crush,FlyAway,0,,-,1136,K.K,熊本県,1953,G-COM,熊本県,3233,STRNGI,熊本県,0,,-
Pinky Crush,Galaxy Collapse,0,,-,789,K.K,熊本県,1161,4KI01,熊本県,1896,STRNGI,熊本県,0,,-
Pinky Crush,get set mind,0,,-,986,DECIDE,熊本県,1481,EM3,熊本県,2435,SILVER,熊本県,0,,-
Pinky Crush,God Mind,0,,-,1512,TE2ROW,熊本県,2472,8N240U,熊本県,4107,STRNGI,熊本県,0,,-
Pinky Crush,Good Looking,0,,-,701,K.K,熊本県,1247,ASIBA.,熊本県,1929,TA-983,熊本県,0,,-
Pinky Crush,Here We Go Now,0,,-,1019,TAIPP2,熊本県,1878,CA4SU,熊本県,3311,STRNGI,熊本県,0,,-
Pinky Crush,hora de verdad,0,,-,1013,K.K,熊本県,1637,ZND-R,熊本県,2982,SILVER,熊本県,0,,-
Pinky Crush,IN BETWEEN,0,,-,849,DECIDE,熊本県,1479,KARIQB,熊本県,2357,47,熊本県,0,,-
Pinky Crush,KOTONOHA ft. Kotoha,0,,-,770,DECIDE,熊本県,1187,EM3,熊本県,1983,STRNGI,熊本県,0,,-
Pinky Crush,Lightspeed,0,,-,1183,TAIPP2,熊本県,1772,CHUDOK,熊本県,3112,STRNGI,熊本県,0,,-
Pinky Crush,lowercase lifetime,0,,-,937,DECIDE,熊本県,1977,KARIQB,熊本県,2746,STRNGI,熊本県,0,,-
Pinky Crush,Lycoris,0,,-,732,DECIDE,熊本県,1251,K.K,熊本県,2024,47,熊本県,0,,-
Pinky Crush,MARLIN,0,,-,1207,TA-983,熊本県,1924,CERNA,熊本県,3439,SILVER,熊本県,0,,-
Pinky Crush,Mid-Corner (Magic Maker),0,,-,1096,DECIDE,熊本県,1901,A.R.JJ,熊本県,3120,STRNGI,熊本県,0,,-
Pinky Crush,Mighty Cutie,0,,-,1117,K.K,熊本県,1855,SKFB,熊本県,2744,47,熊本県,0,,-
Pinky Crush,MVP,0,,-,861,DECIDE,熊本県,1434,XAI,熊本県,2566,GALA,熊本県,0,,-
Pinky Crush,NOIXIA,0,,-,1187,DECIDE,熊本県,2266,GALA,熊本県,3954,STRNGI,熊本県,0,,-
Pinky Crush,PERFECT HUMAN,439,EFR05,熊本県,732,DECIDE,熊本県,1320,AKKEY,熊本県,2147,TADA.C,熊本県,0,,-
Pinky Crush,Pinky Happy Crazy,0,,-,1274,UD0NGE,熊本県,2401,ASIBA.,熊本県,3460,SILVER,熊本県,0,,-
Pinky Crush,PIT A PAT,0,,-,960,DECIDE,熊本県,1722,SKFB,熊本県,2542,STRNGI,熊本県,0,,-
Pinky Crush,Plazma,256,KAZZY.,熊本県,644,DECIDE,熊本県,1129,XAI,熊本県,2019,47,熊本県,2789,STRNGI,熊本県
Pinky Crush,Plea Per Phase,0,,-,964,K.K,熊本県,1707,KARIQB,熊本県,2751,47,熊本県,0,,-
Pinky Crush,PopなEDEN,0,,-,889,DECIDE,熊本県,1572,H.WAGY,熊本県,2446,STRNGI,熊本県,0,,-
Pinky Crush,Raspberry Potion (feat.あれたん & ぎゃるのしん☆),0,,-,812,DECIDE,熊本県,1707,KARIQB,熊本県,2441,GALA,熊本県,0,,-
Pinky Crush,RAVE SYNDROME,0,,-,932,DECIDE,熊本県,1580,S*U*U,熊本県,2749,STRNGI,熊本県,0,,-
Pinky Crush,Roar of Chronos,0,,-,1176,KAZZY.,熊本県,1961,CHUDOK,熊本県,3941,STRNGI,熊本県,0,,-
Pinky Crush,Satellite Burst,0,,-,1111,DECIDE,熊本県,1994,SKFB,熊本県,3832,STRNGI,熊本県,0,,-
Pinky Crush,Secret Rouge,0,,-,817,DECIDE,熊本県,1527,XAI,熊本県,2312,P-SUK,熊本県,0,,-
Pinky Crush,Shirdal,0,,-,833,K.K,熊本県,1391,4KI01,熊本県,2441,SILVER,熊本県,0,,-
Pinky Crush,Show Me All Your Love,0,,-,1080,K.K,熊本県,1909,KARIQB,熊本県,2897,STRNGI,熊本県,0,,-
Pinky Crush,SISYPHUS,0,,-,893,UDON.,熊本県,1670,TE2ROW,熊本県,2634,STRNGI,熊本県,0,,-
Pinky Crush,Skratch Education Lv-1,0,,-,1003,TE2ROW,熊本県,1615,TE2ROW,熊本県,2834,STRNGI,熊本県,0,,-
Pinky Crush,Slumber☆Party,0,,-,757,KAZZY.,熊本県,1592,S*U*U,熊本県,2244,SILVER,熊本県,0,,-
Pinky Crush,Space In Time,0,,-,784,DECIDE,熊本県,1490,KARIQB,熊本県,2048,STRNGI,熊本県,0,,-
Pinky Crush,Stargazing Trip ～星 探す旅～ ft. 小林マナ,0,,-,1025,DECIDE,熊本県,1738,KARIQB,熊本県,2674,SILVER,熊本県,0,,-
Pinky Crush,SUPER HEROINE!!,0,,-,830,DECIDE,熊本県,1542,KARIQB,熊本県,2243,.SHORE,熊本県,0,,-
Pinky Crush,SμG@R RU$#,0,,-,1395,TA-983,熊本県,2314,YGRM,熊本県,3624,STRNGI,熊本県,0,,-
Pinky Crush,TECHNO RUMBLE,0,,-,1110,UD0NGE,熊本県,1735,UD0NGE,熊本県,2884,STRNGI,熊本県,0,,-
Pinky Crush,u gotta beat,0,,-,1126,DECIDE,熊本県,1961,DAKDOK,熊本県,3508,STRNGI,熊本県,0,,-
Pinky Crush,Uaigh Gealai,0,,-,1274,UD0NGE,熊本県,2104,UD0NGE,熊本県,3737,SILVER,熊本県,0,,-
Pinky Crush,uen,0,,-,1375,UD0NGE,熊本県,2103,.SHORE,熊本県,2969,STRNGI,熊本県,0,,-
Pinky Crush,Vibing! Shake it!,0,,-,870,DECIDE,熊本県,1577,SYU3DS,熊本県,2502,STRNGI,熊本県,0,,-
Pinky Crush,Without Heaven,0,,-,1228,ZALMK,熊本県,1965,CA4SU,熊本県,3636,STRNGI,熊本県,0,,-
Pinky Crush,XHRONOXAPSULΞ,0,,-,1037,*HAKU*,熊本県,2192,.EXE,熊本県,3695,SILVER,熊本県,0,,-
Pinky Crush,えだまめカレークッキング,396,K.K,熊本県,753,DECIDE,熊本県,1085,LACK,熊本県,2204,STRNGI,熊本県,0,,-
Pinky Crush,きみのせかい,0,,-,971,DECIDE,熊本県,1530,EM3,熊本県,2822,STRNGI,熊本県,0,,-
Pinky Crush,きゅうくらりん,428,KAZZY.,熊本県,831,DECIDE,熊本県,1610,XAI,熊本県,2373,STRNGI,熊本県,0,,-
Pinky Crush,アラビアン ハイパー ナイト,0,,-,1097,DECIDE,熊本県,1698,4KI01,熊本県,3220,SILVER,熊本県,0,,-
Pinky Crush,イガク,304,KAZZY.,熊本県,832,DECIDE,熊本県,1418,SYU3DS,熊本県,2041,P-SUK,熊本県,3034,STRNGI,熊本県
Pinky Crush,エクスプロウル,0,,-,908,DECIDE,熊本県,1535,SKFB,熊本県,2399,STRNGI,熊本県,0,,-
Pinky Crush,オッドラヴィ,260,STORK,熊本県,1002,DECIDE,熊本県,1640,YG-WR,熊本県,2507,P-SUK,熊本県,0,,-
Pinky Crush,オブソミート,221,K.K,熊本県,830,DECIDE,熊本県,1388,SKFB,熊本県,2385,STRNGI,熊本県,0,,-
Pinky Crush,キスキツネ,180,KAZZY.,熊本県,831,KAZZY.,熊本県,1400,UMITO.,熊本県,2346,47,熊本県,0,,-
Pinky Crush,ギャ・ギャ・ギャ・ギャラクシー！,0,,-,858,KAZZY.,熊本県,1575,SKFB,熊本県,2365,SILVER,熊本県,0,,-
Pinky Crush,ゲシュタルト,369,KAZZY.,熊本県,887,DECIDE,熊本県,1475,SKFB,熊本県,2453,47,熊本県,3302,47,熊本県
Pinky Crush,スキッテイエェエエェ!!!!,0,,-,1441,4KI01,熊本県,2463,NUMAP,熊本県,4236,STRNGI,熊本県,0,,-
Pinky Crush,スパークリング☆彡ハイパーチューン！！,0,,-,1339,K.K,熊本県,2023,IIDX32,熊本県,3650,STRNGI,熊本県,0,,-
Pinky Crush,ドリムチウ,0,,-,824,K.K,熊本県,1468,KAZZY.,熊本県,2541,HNKONG,熊本県,0,,-
Pinky Crush,ドーナツホール 2024,335,K.K,熊本県,932,DECIDE,熊本県,1524,XAI,熊本県,2365,HNKONG,熊本県,0,,-
Pinky Crush,ハオ,242,MMD,熊本県,794,DECIDE,熊本県,1669,AKKEY,熊本県,2841,STRNGI,熊本県,0,,-
Pinky Crush,ハルイロメロディー,0,,-,845,K.K,熊本県,1248,K.K,熊本県,2214,SILVER,熊本県,0,,-
Pinky Crush,ビビデバ,260,TAIPP2,熊本県,753,DECIDE,熊本県,1146,SHUM4I,熊本県,2062,STRNGI,熊本県,0,,-
Pinky Crush,ファイナルレター,0,,-,920,TAIPP2,熊本県,1806,KARIQB,熊本県,2630,STRNGI,熊本県,0,,-
Pinky Crush,メズマライザー,550,KAZZY.,熊本県,1113,K.K,熊本県,1734,KARIQB,熊本県,2734,STRNGI,熊本県,0,,-
Pinky Crush,ロマンシングエスケープ,0,,-,404,DECIDE,熊本県,981,ULLR.,熊本県,1840,STRNGI,熊本県,0,,-
Pinky Crush,天使のカンタータ -Cantata of Angels-,0,,-,1120,Y.S,熊本県,2018,A.R.JJ,熊本県,4083,STRNGI,熊本県,0,,-
Pinky Crush,弾幕信仰,0,,-,1013,KAZZY.,熊本県,1555,SKFB,熊本県,2465,47,熊本県,0,,-
Pinky Crush,我ら完全無敵のアイドル!!,127,YOUTVT,熊本県,968,DECIDE,熊本県,1511,OKAKA,熊本県,2535,HNKONG,熊本県,0,,-
Pinky Crush,断罪の一花,0,,-,816,DECIDE,熊本県,1377,*HAKU*,熊本県,2543,GALA,熊本県,0,,-
Pinky Crush,最強頂戴girl,0,,-,803,DECIDE,熊本県,1286,EM3,熊本県,2165,GALA,熊本県,0,,-
Pinky Crush,朱と碧のランページ,0,,-,962,DECIDE,熊本県,1624,SKFB,熊本県,2506,STRNGI,熊本県,0,,-
Pinky Crush,消極的セツナイズム,0,,-,907,K.K,熊本県,1581,KARIQB,熊本県,2243,47,熊本県,0,,-
Pinky Crush,灼熱 Lost Summer Dayz,0,,-,946,DECIDE,熊本県,1787,TADA.C,熊本県,2794,STRNGI,熊本県,0,,-
Pinky Crush,無双,0,,-,1106,DECIDE,熊本県,1880,ZND-L,熊本県,3305,STRNGI,熊本県,0,,-
Pinky Crush,爆ぜりゃんせ,0,,-,1015,DECIDE,熊本県,1840,KARIQB,熊本県,2904,GALA,熊本県,0,,-
Pinky Crush,覚悟せよ！エンタンメ～ン ～より身の切り売り自暴自棄版～,0,,-,951,AKI,熊本県,1793,KARIQB,熊本県,2873,STRNGI,熊本県,0,,-
Pinky Crush,進捗ダメダメです,183,MMD,熊本県,749,DECIDE,熊本県,1451,KANI,熊本県,2207,SILVER,熊本県,0,,-
Pinky Crush,飴玉,0,,-,549,DECIDE,熊本県,812,K.K,熊本県,1368,47,熊本県,0,,-
Pinky Crush,ＰＡＳＴＥＬＩＳＭ,0,,-,1006,K.K,熊本県,1464,CERNA,熊本県,2084,P-SUK,熊本県,0,,-
Sparkle Shower,2 Be Continued,0,,-,1051,SILVER,熊本県,1977,SILVER,熊本県,3637,STRNGI,熊本県,0,,-
Sparkle Shower,A Certified Rave Moment,0,,-,1002,SILVER,熊本県,1756,SILVER,熊本県,2761,STRNGI,熊本県,0,,-
Sparkle Shower,ACID VISION,0,,-,1128,SILVER,熊本県,1620,SILVER,熊本県,1814,SILVER,熊本県,0,,-
Sparkle Shower,AGETEKE ONDO,0,,-,1018,TE2ROW,熊本県,1625,SILVER,熊本県,2582,STRNGI,熊本県,0,,-
Sparkle Shower,Amor∞Fati,0,,-,1251,SILVER,熊本県,2534,SILVER,熊本県,3999,STRNGI,熊本県,0,,-
Sparkle Shower,Any％,0,,-,1205,SILVER,熊本県,2159,SILVER,熊本県,3562,STRNGI,熊本県,0,,-
Sparkle Shower,Astra Blaze,0,,-,1192,SILVER,熊本県,2268,SILVER,熊本県,3365,STRNGI,熊本県,0,,-
Sparkle Shower,Bang Bang Dance,0,,-,835,TE2ROW,熊本県,1730,SILVER,熊本県,2795,STRNGI,熊本県,0,,-
Sparkle Shower,BattleRoyal,0,,-,1111,TA-983,熊本県,1737,SILVER,熊本県,2601,STRNGI,熊本県,0,,-
Sparkle Shower,Begin,0,,-,1024,SILVER,熊本県,2005,SILVER,熊本県,3221,STRNGI,熊本県,0,,-
Sparkle Shower,BitRacer,0,,-,1115,SILVER,熊本県,2067,SILVER,熊本県,3370,STRNGI,熊本県,0,,-
Sparkle Shower,Bloom,0,,-,686,TA-983,熊本県,1187,TA-983,熊本県,1802,SILVER,熊本県,0,,-
Sparkle Shower,blue anthem,0,,-,1172,SILVER,熊本県,1712,SILVER,熊本県,2932,STRNGI,熊本県,0,,-
Sparkle Shower,Caramel Pain,235,SILVER,熊本県,644,TE2ROW,熊本県,1039,SILVER,熊本県,1655,47,熊本県,0,,-
Sparkle Shower,Catch ya Getcha!,0,,-,1038,SILVER,熊本県,1993,SILVER,熊本県,2857,SILVER,熊本県,0,,-
Sparkle Shower,chaplet -IIDX re:build-,0,,-,1011,SILVER,熊本県,1939,SILVER,熊本県,2835,STRNGI,熊本県,0,,-
Sparkle Shower,COLOR BURST,206,SILVER,熊本県,786,SILVER,熊本県,1391,SILVER,熊本県,2191,STRNGI,熊本県,0,,-
Sparkle Shower,Countdown to Heaven or Hell,0,,-,1259,SILVER,熊本県,1997,SILVER,熊本県,3076,STRNGI,熊本県,0,,-
Sparkle Shower,D.K.N. ON,0,,-,1046,SILVER,熊本県,1951,TA-983,熊本県,2657,47,熊本県,0,,-
Sparkle Shower,Digitized Ocean,0,,-,1190,GALA,熊本県,2017,GALA,熊本県,3428,STRNGI,熊本県,0,,-
Sparkle Shower,Disco Killer Music Lover,0,,-,1099,SILVER,熊本県,1810,SILVER,熊本県,3029,STRNGI,熊本県,0,,-
Sparkle Shower,Dolphin Kick,0,,-,1473,TA-983,熊本県,2186,P-SUK,熊本県,3555,STRNGI,熊本県,0,,-
Sparkle Shower,Dusk Endir,0,,-,1059,SILVER,熊本県,2282,SILVER,熊本県,3238,SILVER,熊本県,0,,-
Sparkle Shower,ESPRIT ONE,0,,-,1290,TA-983,熊本県,1786,SILVER,熊本県,2905,47,熊本県,0,,-
Sparkle Shower,Ex-Otogibanashi,174,SILVER,熊本県,467,SILVER,熊本県,966,SILVER,熊本県,1584,GALA,熊本県,0,,-
Sparkle Shower,Fashion Fruit,0,,-,1062,TA-983,熊本県,1943,SILVER,熊本県,3007,SILVER,熊本県,0,,-
Sparkle Shower,fixer,0,,-,833,SILVER,熊本県,1772,SILVER,熊本県,3383,SILVER,熊本県,0,,-
Sparkle Shower,FIZZY FIZZY POP,0,,-,848,SILVER,熊本県,1574,SILVER,熊本県,2234,47,熊本県,0,,-
Sparkle Shower,FiZZλ_POT!0N,0,,-,1414,SILVER,熊本県,2070,SILVER,熊本県,3424,STRNGI,熊本県,0,,-
Sparkle Shower,From Human Blood,0,,-,1215,SILVER,熊本県,2079,SILVER,熊本県,3582,STRNGI,熊本県,0,,-
Sparkle Shower,Funky Quirky,0,,-,927,TA-983,熊本県,1872,TA-983,熊本県,2563,SILVER,熊本県,0,,-
Sparkle Shower,Get Into The Groove feat.WaMi,0,,-,986,SILVER,熊本県,1399,SILVER,熊本県,2272,GALA,熊本県,0,,-
Sparkle Shower,Gimme a Big Beat(青龍 Remix),0,,-,1269,SILVER,熊本県,2346,SILVER,熊本県,3078,SILVER,熊本県,0,,-
Sparkle Shower,GO!,0,,-,878,SILVER,熊本県,1802,SILVER,熊本県,3083,STRNGI,熊本県,0,,-
Sparkle Shower,GOLD RUSH 2025,0,,-,853,SILVER,熊本県,1557,SILVER,熊本県,2731,STRNGI,熊本県,0,,-
Sparkle Shower,Hallucination,0,,-,1049,SILVER,熊本県,1869,SILVER,熊本県,2722,STRNGI,熊本県,0,,-
Sparkle Shower,HEROES,0,,-,1350,TA-983,熊本県,2225,SILVER,熊本県,3374,STRNGI,熊本県,0,,-
Sparkle Shower,HORIZON BEATZ,0,,-,773,SILVER,熊本県,1667,SILVER,熊本県,2561,STRNGI,熊本県,0,,-
Sparkle Shower,HyperTwist,0,,-,1287,SILVER,熊本県,2207,SILVER,熊本県,3295,STRNGI,熊本県,0,,-
Sparkle Shower,Ignited Night,0,,-,1068,SILVER,熊本県,1538,TA-983,熊本県,2349,GALA,熊本県,0,,-
Sparkle Shower,Iridescent Memories,0,,-,1503,SILVER,熊本県,2143,P-SUK,熊本県,3774,SILVER,熊本県,0,,-
Sparkle Shower,JUST SYNC ft.Kanae Asaba,0,,-,752,SILVER,熊本県,1284,SILVER,熊本県,2021,STRNGI,熊本県,0,,-
Sparkle Shower,Kick The Rainbow,0,,-,1143,SILVER,熊本県,1996,SILVER,熊本県,2893,SILVER,熊本県,0,,-
Sparkle Shower,King of Tribe,0,,-,1099,TA-983,熊本県,2011,TA-983,熊本県,3102,SILVER,熊本県,0,,-
Sparkle Shower,kors k's Let's make an Image Song!,0,,-,980,SILVER,熊本県,1849,SILVER,熊本県,2731,STRNGI,熊本県,0,,-
Sparkle Shower,Last Card,0,,-,1057,UD0NGE,熊本県,1837,TA-983,熊本県,3003,SILVER,熊本県,0,,-
Sparkle Shower,LEMON MELON COOKIE,369,SILVER,熊本県,816,SILVER,熊本県,1549,SILVER,熊本県,2244,SILVER,熊本県,0,,-
Sparkle Shower,Limelight,0,,-,1145,SILVER,熊本県,1956,SILVER,熊本県,3016,SILVER,熊本県,0,,-
Sparkle Shower,Lisa-RICCIA,520,SILVER,熊本県,1232,TE2ROW,熊本県,2210,SILVER,熊本県,3330,STRNGI,熊本県,4566,STRNGI,熊本県
Sparkle Shower,Makin' It,0,,-,1032,TA-983,熊本県,1637,STRNGI,熊本県,2742,STRNGI,熊本県,0,,-
Sparkle Shower,Memoria Obscura,0,,-,1010,SILVER,熊本県,2157,SILVER,熊本県,4072,STRNGI,熊本県,0,,-
Sparkle Shower,Meteor☆Shower,0,,-,963,SILVER,熊本県,2052,SILVER,熊本県,2946,STRNGI,熊本県,0,,-
Sparkle Shower,Mighty Beat Monsterz,0,,-,1230,TA-983,熊本県,1921,SILVER,熊本県,3092,SILVER,熊本県,0,,-
Sparkle Shower,MOCHIMOCHI DREAMIN!!,0,,-,1125,TE2ROW,熊本県,1849,SILVER,熊本県,2997,STRNGI,熊本県,0,,-
Sparkle Shower,Nemophila,0,,-,1042,TA-983,熊本県,1816,SILVER,熊本県,2697,P-SUK,熊本県,0,,-
Sparkle Shower,Nyan Nyan University,0,,-,931,TA-983,熊本県,1585,TE2ROW,熊本県,2563,STRNGI,熊本県,0,,-
Sparkle Shower,OMEGA,0,,-,1090,SILVER,熊本県,2134,P-SUK,熊本県,3282,STRNGI,熊本県,0,,-
Sparkle Shower,PALETTE,368,SILVER,熊本県,882,SILVER,熊本県,1456,TE2ROW,熊本県,2054,GALA,熊本県,0,,-
Sparkle Shower,PERFECT GREAT!!,0,,-,1287,SILVER,熊本県,2339,YGRM,熊本県,3776,SILVER,熊本県,0,,-
Sparkle Shower,pique,0,,-,1124,TA-983,熊本県,1998,TA-983,熊本県,3020,STRNGI,熊本県,0,,-
Sparkle Shower,RALLY '25,0,,-,1209,TE2ROW,熊本県,2136,SILVER,熊本県,3240,STRNGI,熊本県,0,,-
Sparkle Shower,REcorrection,0,,-,592,SILVER,熊本県,1092,SILVER,熊本県,1620,STRNGI,熊本県,0,,-
Sparkle Shower,Regina vespaE,0,,-,1228,TA-983,熊本県,2235,SILVER,熊本県,3530,SILVER,熊本県,0,,-
Sparkle Shower,RIZING-GAMERS.,0,,-,1039,SILVER,熊本県,2287,SILVER,熊本県,3324,SILVER,熊本県,0,,-
Sparkle Shower,RUINA,0,,-,940,TA-983,熊本県,1760,SILVER,熊本県,2770,SILVER,熊本県,0,,-
Sparkle Shower,Second Heaven(Mamonis Remix),0,,-,927,SILVER,熊本県,1649,SILVER,熊本県,2528,STRNGI,熊本県,0,,-
Sparkle Shower,SHINING☆DANCE,0,,-,871,SILVER,熊本県,1564,SILVER,熊本県,2468,SILVER,熊本県,0,,-
Sparkle Shower,Shooting Star,238,SILVER,熊本県,835,TE2ROW,熊本県,1508,SILVER,熊本県,2440,STRNGI,熊本県,0,,-
Sparkle Shower,Show Time,0,,-,856,SILVER,熊本県,1429,SILVER,熊本県,2053,STRNGI,熊本県,0,,-
Sparkle Shower,Signs and Wonders,0,,-,671,TA-983,熊本県,1038,SILVER,熊本県,1587,SILVER,熊本県,0,,-
Sparkle Shower,SILKY BRAVE,0,,-,926,TA-983,熊本県,1603,SILVER,熊本県,2383,SILVER,熊本県,0,,-
Sparkle Shower,Skywalking,0,,-,906,SILVER,熊本県,1447,SILVER,熊本県,2322,P-SUK,熊本県,0,,-
Sparkle Shower,Smintheus,0,,-,1329,SILVER,熊本県,2320,SILVER,熊本県,3427,STRNGI,熊本県,0,,-
Sparkle Shower,SnapSkipSpark,0,,-,1084,SILVER,熊本県,1890,SILVER,熊本県,2912,SILVER,熊本県,0,,-
Sparkle Shower,Space Battleship S4TO,0,,-,1343,SILVER,熊本県,2220,SILVER,熊本県,3763,STRNGI,熊本県,0,,-
Sparkle Shower,SPLASH!!!!!!!!!,0,,-,915,TE2ROW,熊本県,1489,SILVER,熊本県,2269,P-SUK,熊本県,0,,-
Sparkle Shower,Substance,0,,-,1188,TE2ROW,熊本県,1673,TE2ROW,熊本県,3074,STRNGI,熊本県,0,,-
Sparkle Shower,super double play sessions,0,,-,1422,SILVER,熊本県,2352,SILVER,熊本県,3985,SILVER,熊本県,0,,-
Sparkle Shower,THUNDERSTRIKE,0,,-,1269,SILVER,熊本県,2084,SILVER,熊本県,3389,STRNGI,熊本県,0,,-
Sparkle Shower,TOKAKU=ALMiRAJ,0,,-,932,SILVER,熊本県,1962,SILVER,熊本県,2816,STRNGI,熊本県,0,,-
Sparkle Shower,UNDO THE NIGHT,0,,-,1039,SILVER,熊本県,2092,SILVER,熊本県,3452,STRNGI,熊本県,0,,-
Sparkle Shower,Vitamin,0,,-,1156,TA-983,熊本県,1792,SILVER,熊本県,2649,STRNGI,熊本県,0,,-
Sparkle Shower,voice of echo.,0,,-,1101,SILVER,熊本県,1802,SILVER,熊本県,2710,SILVER,熊本県,0,,-
Sparkle Shower,Watermelon Explosion,0,,-,762,SILVER,熊本県,1366,SILVER,熊本県,2026,STRNGI,熊本県,0,,-
Sparkle Shower,Wizards!,0,,-,789,TA-983,熊本県,1634,SILVER,熊本県,2250,GALA,熊本県,0,,-
Sparkle Shower,X-Plan,0,,-,731,TA-983,熊本県,1363,SILVER,熊本県,2210,STRNGI,熊本県,0,,-
Sparkle Shower,[E],0,,-,1491,SILVER,熊本県,2193,SILVER,熊本県,3350,47,熊本県,0,,-
Sparkle Shower,Τeλοs,0,,-,1057,SILVER,熊本県,1757,SILVER,熊本県,2617,SILVER,熊本県,0,,-
Sparkle Shower,ιgniЯRuina,0,,-,1385,TA-983,熊本県,2149,SILVER,熊本県,3530,STRNGI,熊本県,0,,-
Sparkle Shower,⁽⁽ଘ( ˙꒳˙ )ଓ⁾⁾ beyond reason,0,,-,1271,SILVER,熊本県,2065,SILVER,熊本県,3810,STRNGI,熊本県,0,,-
Sparkle Shower,かわいいだけじゃだめですか？,217,SILVER,熊本県,932,TE2ROW,熊本県,1589,SILVER,熊本県,2129,HNKONG,熊本県,3402,SILVER,熊本県
Sparkle Shower,じぇりー じゅえる ジャングル,0,,-,1232,TA-983,熊本県,1928,SILVER,熊本県,3244,SILVER,熊本県,0,,-
Sparkle Shower,それが、ボクの使命～レスキュー隊長 メンキュー～,0,,-,744,SILVER,熊本県,1567,TA-983,熊本県,2157,SILVER,熊本県,0,,-
Sparkle Shower,でんぱ どりる わんにゃー☆三,290,SILVER,熊本県,1189,SILVER,熊本県,2253,SILVER,熊本県,3321,STRNGI,熊本県,0,,-
Sparkle Shower,もんめためたもん,219,UD0NGE,熊本県,856,TE2ROW,熊本県,1414,SILVER,熊本県,2242,SILVER,熊本県,0,,-
Sparkle Shower,オーバーライド,478,SILVER,熊本県,1208,SILVER,熊本県,1804,SILVER,熊本県,3176,STRNGI,熊本県,0,,-
Sparkle Shower,キミとえがくキセキ,0,,-,913,SILVER,熊本県,1509,SILVER,熊本県,2238,GALA,熊本県,0,,-
Sparkle Shower,クレッシェンド,0,,-,1198,SILVER,熊本県,1833,SILVER,熊本県,3322,SILVER,熊本県,0,,-
Sparkle Shower,サタデーナイト☆ギャロップ,0,,-,1295,SILVER,熊本県,1946,SILVER,熊本県,4047,SILVER,熊本県,0,,-
Sparkle Shower,タンポポ,0,,-,1257,SILVER,熊本県,1900,SILVER,熊本県,2647,SILVER,熊本県,0,,-
Sparkle Shower,デラむぅのでらっくす☆どり～むぅ,0,,-,825,TE2ROW,熊本県,1329,SILVER,熊本県,1981,STRNGI,熊本県,0,,-
Sparkle Shower,バブリン,273,SILVER,熊本県,1162,SILVER,熊本県,1727,SILVER,熊本県,2420,SILVER,熊本県,0,,-
Sparkle Shower,ビビッド ☆+*。キラキライム,542,SILVER,熊本県,1202,SILVER,熊本県,2095,SILVER,熊本県,3696,STRNGI,熊本県,0,,-
Sparkle Shower,ベラ・ベ・カラベラ,0,,-,1043,SILVER,熊本県,1711,SILVER,熊本県,2708,STRNGI,熊本県,0,,-
Sparkle Shower,ベンガル vs. アムール Battle,0,,-,1323,TA-983,熊本県,2067,SILVER,熊本県,3686,STRNGI,熊本県,0,,-
Sparkle Shower,メテオラ-meteor-,0,,-,1069,SILVER,熊本県,1844,SILVER,熊本県,2428,47,熊本県,0,,-
Sparkle Shower,メルト CPK! Remix (初音ミク ver.),478,SILVER,熊本県,870,SILVER,熊本県,1650,TA-983,熊本県,2840,47,熊本県,0,,-
Sparkle Shower,ラブコメトキドキシリアス,0,,-,1260,SILVER,熊本県,2015,SILVER,熊本県,3671,STRNGI,熊本県,0,,-
Sparkle Shower,レシピのリドル,0,,-,650,SILVER,熊本県,1426,SILVER,熊本県,2316,SILVER,熊本県,0,,-
Sparkle Shower,三日天下モンキー,0,,-,734,SILVER,熊本県,1288,SILVER,熊本県,1787,STRNGI,熊本県,0,,-
Sparkle Shower,不死身ごっこ,266,SILVER,熊本県,958,TE2ROW,熊本県,1472,SILVER,熊本県,2542,STRNGI,熊本県,0,,-
Sparkle Shower,夏色のセレナーデ,0,,-,878,TE2ROW,熊本県,1345,SILVER,熊本県,2240,STRNGI,熊本県,0,,-
Sparkle Shower,夢色ワンダー,538,TA-983,熊本県,1537,TA-983,熊本県,2158,KARIQB,熊本県,3141,SILVER,熊本県,0,,-
Sparkle Shower,好吃来世deエレクトリック,0,,-,820,SILVER,熊本県,1379,SILVER,熊本県,1900,STRNGI,熊本県,0,,-
Sparkle Shower,恋愛観測,0,,-,700,SILVER,熊本県,1448,SILVER,熊本県,2466,GALA,熊本県,0,,-
Sparkle Shower,断罪のミメシス,0,,-,1413,SILVER,熊本県,2124,SILVER,熊本県,3211,STRNGI,熊本県,0,,-
Sparkle Shower,月下繚乱,0,,-,904,SILVER,熊本県,1758,SILVER,熊本県,2802,STRNGI,熊本県,0,,-
Sparkle Shower,煉獄コンフィチュール,0,,-,1015,TE2ROW,熊本県,1874,SILVER,熊本県,2670,STRNGI,熊本県,0,,-
Sparkle Shower,百恋ラブラスター,0,,-,742,SILVER,熊本県,1613,STRNGI,熊本県,2622,STRNGI,熊本県,0,,-
Sparkle Shower,色を喪った街,0,,-,1312,SILVER,熊本県,2430,SILVER,熊本県,3720,SILVER,熊本県,0,,-
Sparkle Shower,華麗なる！音戯探偵ひなビタ,0,,-,709,TE2ROW,熊本県,1335,SILVER,熊本県,2276,GALA,熊本県,0,,-
Sparkle Shower,鏡像都市,0,,-,837,TE2ROW,熊本県,1392,SILVER,熊本県,1965,SILVER,熊本県,0,,-
Sparkle Shower,閃と雷管とロープ,0,,-,903,SILVER,熊本県,1405,TE2ROW,熊本県,2564,SILVER,熊本県,0,,-
