バージョン,タイトル,BEGINNER EXスコア,BEGINNER DJName,BEGINNER 都道府県,NORMAL EXスコア,NORMAL DJName,NORMAL 都道府県,HYPER EXスコア,HYPER DJName,HYPER 都道府県,ANOTHER EXスコア,ANOTHER DJName,ANOTHER 都道府県,LEGGENDARIA EXスコア,LEGGENDARIA DJName,LEGGENDARIA 都道府県
1st&substream,22DUNK,0,,-,520,5.1.1.,宮崎県,604,5.1.1.,宮崎県,633,5.1.1.,宮崎県,0,,-
1st&substream,5.1.1.,0,,-,197,5.1.1.,宮崎県,996,ISHIN,宮崎県,1548,JIN,宮崎県,0,,-
1st&substream,deep in you,0,,-,484,5.1.1.,宮崎県,491,5.1.1.,宮崎県,642,JIN,宮崎県,0,,-
1st&substream,Dr.LOVE,0,,-,401,5.1.1.,宮崎県,507,5.1.1.,宮崎県,572,JIN,宮崎県,0,,-
1st&substream,GAMBOL,0,,-,270,5.1.1.,宮崎県,273,JIN,宮崎県,0,,-,0,,-
1st&substream,GENOM SCREAMS,0,,-,413,5.1.1.,宮崎県,746,5.1.1.,宮崎県,1006,JIN,宮崎県,0,,-
1st&substream,gentle stress,0,,-,342,5.1.1.,宮崎県,643,5.1.1.,宮崎県,1412,42TAI,宮崎県,0,,-
1st&substream,GRADIUSIC CYBER,0,,-,866,5.1.1.,宮崎県,964,5.1.1.,宮崎県,1166,42TAI,宮崎県,0,,-
1st&substream,KEEP ON MOVIN',0,,-,195,5.1.1.,宮崎県,244,JIN,宮崎県,0,,-,0,,-
1st&substream,Macho Gang,0,,-,372,5.1.1.,宮崎県,1002,5.1.1.,宮崎県,1572,KENZOW,宮崎県,0,,-
1st&substream,PARANOIA MAX～DIRTY MIX～,0,,-,555,5.1.1.,宮崎県,723,5.1.1.,宮崎県,1080,JIN,宮崎県,0,,-
1st&substream,R3,0,,-,641,5.1.1.,宮崎県,707,5.1.1.,宮崎県,882,42TAI,宮崎県,0,,-
1st&substream,RUGGED ASH,0,,-,365,5.1.1.,宮崎県,397,5.1.1.,宮崎県,1028,JIN,宮崎県,1929,42TAI,宮崎県
1st&substream,THE EARTH LIGHT,0,,-,772,5.1.1.,宮崎県,1001,5.1.1.,宮崎県,1109,JIN,宮崎県,0,,-
2nd style,.59,0,,-,707,5.1.1.,宮崎県,938,5.1.1.,宮崎県,1123,42TAI,宮崎県,0,,-
2nd style,Digital MinD(A/T Libra mix),0,,-,724,5.1.1.,宮崎県,1001,5.1.1.,宮崎県,1090,42TAI,宮崎県,0,,-
2nd style,Electro Tuned(the SubS mix),0,,-,745,5.1.1.,宮崎県,921,5.1.1.,宮崎県,984,5.1.1.,宮崎県,0,,-
2nd style,I Was The One,0,,-,531,5.1.1.,宮崎県,635,5.1.1.,宮崎県,688,JIN,宮崎県,0,,-
2nd style,Indigo Vision(full flavour hide around mix),0,,-,856,5.1.1.,宮崎県,1057,5.1.1.,宮崎県,1173,JIN,宮崎県,0,,-
2nd style,PUT YOUR FAITH IN ME(for beatmania II),0,,-,570,5.1.1.,宮崎県,819,42TAI,宮崎県,0,,-,0,,-
2nd style,SP-TRIP MACHINE(for beatmania II),0,,-,502,5.1.1.,宮崎県,610,SHU-KA,宮崎県,642,JIN,宮崎県,0,,-
3rd style,CAN'T STOP FALLIN'IN LOVE,0,,-,607,5.1.1.,宮崎県,1213,42TAI,宮崎県,0,,-,0,,-
3rd style,Don't Stop!,0,,-,755,TERU*,宮崎県,816,5.1.1.,宮崎県,893,42TAI,宮崎県,0,,-
3rd style,era (nostalmix),0,,-,840,5.1.1.,宮崎県,1005,5.1.1.,宮崎県,1480,YAJU&U,宮崎県,0,,-
3rd style,Holic,0,,-,759,5.1.1.,宮崎県,1179,JIN,宮崎県,1658,42TAI,宮崎県,0,,-
3rd style,LEADING CYBER,0,,-,811,5.1.1.,宮崎県,1087,MAJIN2,宮崎県,1234,JIN,宮崎県,0,,-
3rd style,Presto,0,,-,535,5.1.1.,宮崎県,965,YAJU&U,宮崎県,1002,JIN,宮崎県,0,,-
3rd style,R5,0,,-,747,5.1.1.,宮崎県,1124,ISHIN,宮崎県,1736,JIN,宮崎県,0,,-
3rd style,REINCARNATION,0,,-,830,5.1.1.,宮崎県,957,5.1.1.,宮崎県,1244,42TAI,宮崎県,0,,-
3rd style,Schlagwerk,0,,-,794,5.1.1.,宮崎県,1210,5.1.1.,宮崎県,1620,JIN,宮崎県,0,,-
3rd style,Skyscraper,0,,-,722,5.1.1.,宮崎県,1130,5.1.1.,宮崎県,1225,JIN,宮崎県,0,,-
3rd style,Tangerine Stream,0,,-,275,5.1.1.,宮崎県,389,JIN,宮崎県,0,,-,0,,-
3rd style,THE SAFARI,163,A1Z10,宮崎県,1169,5.1.1.,宮崎県,1696,42TAI,宮崎県,0,,-,0,,-
4th style,250bpm,0,,-,671,5.1.1.,宮崎県,0,,-,1324,JIN,宮崎県,0,,-
4th style,ABSOLUTE,0,,-,1274,5.1.1.,宮崎県,1696,MAJIN2,宮崎県,2211,YOHANE,宮崎県,2627,42TAI,宮崎県
4th style,B4U,0,,-,1004,5.1.1.,宮崎県,1388,SHU-KA,宮崎県,1956,YAJU&U,宮崎県,0,,-
4th style,Broken My Heart,0,,-,920,5.1.1.,宮崎県,0,,-,1682,JIN,宮崎県,0,,-
4th style,Burnin' The Floor,0,,-,572,5.1.1.,宮崎県,935,5.1.1.,宮崎県,1426,42TAI,宮崎県,0,,-
4th style,CHECKING YOU OUT,0,,-,632,5.1.1.,宮崎県,847,JIN,宮崎県,1324,JIN,宮崎県,0,,-
4th style,Clione,0,,-,514,5.1.1.,宮崎県,912,BENT,宮崎県,1595,YAJU&U,宮崎県,2079,KENZOW,宮崎県
4th style,DXY!,0,,-,1280,YAJU&U,宮崎県,1759,MAJIN2,宮崎県,2077,42TAI,宮崎県,0,,-
4th style,empathy,0,,-,806,5.1.1.,宮崎県,0,,-,1412,JIN,宮崎県,0,,-
4th style,era (step mix),0,,-,1101,5.1.1.,宮崎県,1344,5.1.1.,宮崎県,1655,YAJU&U,宮崎県,0,,-
4th style,FLOWERS for ALBION,0,,-,237,5.1.1.,宮崎県,432,NANA-4,宮崎県,0,,-,0,,-
4th style,HIGHER,0,,-,527,5.1.1.,宮崎県,909,5.1.1.,宮崎県,1266,JIN,宮崎県,0,,-
4th style,Hitch Hiker2,0,,-,808,5.1.1.,宮崎県,0,,-,1279,YAJU&U,宮崎県,1922,YAJU&U,宮崎県
4th style,Jam&Marmalade,0,,-,731,5.1.1.,宮崎県,838,TCP-IP,宮崎県,942,JIN,宮崎県,0,,-
4th style,KAMIKAZE,0,,-,988,5.1.1.,宮崎県,1360,MAJIN2,宮崎県,2239,YAJU&U,宮崎県,0,,-
4th style,LOVE WILL・・・,0,,-,534,5.1.1.,宮崎県,742,5.1.1.,宮崎県,1452,JIN,宮崎県,0,,-
4th style,minimalian,0,,-,532,5.1.1.,宮崎県,1012,5.1.1.,宮崎県,1293,JIN,宮崎県,0,,-
4th style,Mr.T.(take me higher),0,,-,814,5.1.1.,宮崎県,978,5.1.1.,宮崎県,1717,JIN,宮崎県,0,,-
4th style,starmine,0,,-,887,5.1.1.,宮崎県,1377,SACHI,宮崎県,1553,JIN,宮崎県,0,,-
4th style,SWEET LAB,0,,-,537,5.1.1.,宮崎県,819,XENON,宮崎県,1289,JIN,宮崎県,0,,-
4th style,Voltage (feat. Hidemaru),0,,-,914,5.1.1.,宮崎県,1168,MAJIN2,宮崎県,1319,JIN,宮崎県,0,,-
5th style,Abyss,0,,-,1238,5.1.1.,宮崎県,1537,ISHIN,宮崎県,1813,KENZOW,宮崎県,0,,-
5th style,in my eyes,0,,-,949,5.1.1.,宮崎県,0,,-,1530,JIN,宮崎県,0,,-
5th style,LOVE AGAIN TONIGHT～for Mellisa mix～,0,,-,755,5.1.1.,宮崎県,956,5.1.1.,宮崎県,1076,DIRTY,宮崎県,0,,-
5th style,outer wall,0,,-,904,5.1.1.,宮崎県,1295,5.1.1.,宮崎県,1697,JIN,宮崎県,0,,-
5th style,QQQ,0,,-,1185,5.1.1.,宮崎県,1774,SHU-KA,宮崎県,2082,JIN,宮崎県,0,,-
5th style,Radical Faith,0,,-,1161,5.1.1.,宮崎県,1417,5.1.1.,宮崎県,1273,JIN,宮崎県,0,,-
5th style,Real,0,,-,1088,5.1.1.,宮崎県,0,,-,1664,YAJU&U,宮崎県,0,,-
5th style,Regulus,0,,-,1008,5.1.1.,宮崎県,1249,BENT,宮崎県,1641,42TAI,宮崎県,0,,-
5th style,RIDE ON THE LIGHT (HI GREAT MIX),0,,-,882,5.1.1.,宮崎県,1029,5.1.1.,宮崎県,1641,MYI89G,宮崎県,1769,JIN,宮崎県
5th style,RISLIM,0,,-,900,5.1.1.,宮崎県,1172,42TAI,宮崎県,0,,-,0,,-
5th style,sometime,0,,-,744,5.1.1.,宮崎県,0,,-,1274,JIN,宮崎県,0,,-
5th style,Spin the disc,0,,-,788,5.1.1.,宮崎県,1142,MAJIN2,宮崎県,1314,JIN,宮崎県,0,,-
5th style,STILL IN MY HEART,0,,-,993,5.1.1.,宮崎県,1248,MAJIN2,宮崎県,1770,YOHANE,宮崎県,0,,-
5th style,still my words,0,,-,901,5.1.1.,宮崎県,1210,YAJU&U,宮崎県,0,,-,0,,-
5th style,sync,0,,-,1051,5.1.1.,宮崎県,1800,SHU-KA,宮崎県,2271,KENZOW,宮崎県,0,,-
5th style,THE CUBE,0,,-,724,5.1.1.,宮崎県,1193,5.1.1.,宮崎県,1256,42TAI,宮崎県,0,,-
5th style,THE SHINING POLARIS,0,,-,928,5.1.1.,宮崎県,961,AKENO,宮崎県,1557,YAJU&U,宮崎県,0,,-
5th style,V,156,SYUNYA,宮崎県,1230,5.1.1.,宮崎県,2365,S.K,宮崎県,2932,YAJU&U,宮崎県,0,,-
6th style,"19,November",0,,-,1077,5.1.1.,宮崎県,0,,-,1765,JIN,宮崎県,0,,-
6th style,BALLAD FOR YOU～想いの雨～,0,,-,574,5.1.1.,宮崎県,757,5.1.1.,宮崎県,1042,NANA-4,宮崎県,0,,-
6th style,Blueberry Stream,0,,-,813,5.1.1.,宮崎県,1361,5.1.1.,宮崎県,1514,JIN,宮崎県,0,,-
6th style,Buffalo,0,,-,948,5.1.1.,宮崎県,0,,-,1745,42TAI,宮崎県,2432,42TAI,宮崎県
6th style,Colors (radio edit),0,,-,1379,5.1.1.,宮崎県,0,,-,2363,KENZOW,宮崎県,0,,-
6th style,DIVE ～INTO YOUR HEART～,0,,-,1253,5.1.1.,宮崎県,1439,QUAKES,宮崎県,1995,JIN,宮崎県,0,,-
6th style,fly through the night,0,,-,865,5.1.1.,宮崎県,1128,BENT,宮崎県,1613,JIN,宮崎県,0,,-
6th style,Free Style,0,,-,896,5.1.1.,宮崎県,1027,5.1.1.,宮崎県,1234,YAJU&U,宮崎県,0,,-
6th style,Frozen Ray (original mix),0,,-,1250,5.1.1.,宮崎県,1631,SHU-KA,宮崎県,1767,YAJU&U,宮崎県,0,,-
6th style,G2,0,,-,1371,5.1.1.,宮崎県,1633,MAJIN2,宮崎県,2198,42TAI,宮崎県,0,,-
6th style,L'amour et la liberte,0,,-,959,5.1.1.,宮崎県,0,,-,1870,DIRTY,宮崎県,0,,-
6th style,Linus,0,,-,947,5.1.1.,宮崎県,0,,-,2086,JIN,宮崎県,0,,-
6th style,NEMESIS,0,,-,992,5.1.1.,宮崎県,1177,KATU,宮崎県,1808,YAJU&U,宮崎県,0,,-
6th style,rottel-da-sun,0,,-,800,5.1.1.,宮崎県,908,DJC-HR,宮崎県,1793,42TAI,宮崎県,0,,-
6th style,route 80s,0,,-,884,5.1.1.,宮崎県,900,NS#TLT,宮崎県,1496,YAJU&U,宮崎県,0,,-
6th style,SOMETHING WONDERFUL,0,,-,909,5.1.1.,宮崎県,939,SAKO-3,宮崎県,1878,JIN,宮崎県,0,,-
6th style,Summer Vacation(CU mix),0,,-,1221,5.1.1.,宮崎県,1746,42TAI,宮崎県,0,,-,0,,-
6th style,Take It Easy,0,,-,1386,5.1.1.,宮崎県,2283,DIRTY,宮崎県,2443,KENZOW,宮崎県,0,,-
6th style,VJ ARMY,0,,-,1240,5.1.1.,宮崎県,1611,5.1.1.,宮崎県,2083,JIN,宮崎県,0,,-
6th style,こっちを向いてよ,0,,-,818,5.1.1.,宮崎県,0,,-,1343,JIN,宮崎県,0,,-
7th style,A,0,,-,1246,5.1.1.,宮崎県,1968,KUROKO,宮崎県,2414,KENZOW,宮崎県,0,,-
7th style,AVE DE RAPINA,0,,-,1341,5.1.1.,宮崎県,1348,QUAKES,宮崎県,1774,JIN,宮崎県,0,,-
7th style,Bad Routine,0,,-,1010,5.1.1.,宮崎県,1346,BENT,宮崎県,1894,JIN,宮崎県,0,,-
7th style,Burning Heat! (Full Option Mix),0,,-,683,5.1.1.,宮崎県,920,5.1.1.,宮崎県,1410,JIN,宮崎県,0,,-
7th style,Cheer Train,0,,-,892,5.1.1.,宮崎県,0,,-,1683,JIN,宮崎県,0,,-
7th style,D2R,0,,-,926,5.1.1.,宮崎県,887,TAKE,宮崎県,1599,42TAI,宮崎県,0,,-
7th style,DESTINY,0,,-,1066,5.1.1.,宮崎県,0,,-,1804,42TAI,宮崎県,0,,-
7th style,foreplay,0,,-,687,5.1.1.,宮崎県,0,,-,1274,42TAI,宮崎県,0,,-
7th style,Glorious Days,0,,-,504,5.1.1.,宮崎県,755,5.1.1.,宮崎県,885,JIN,宮崎県,0,,-
7th style,Happy Wedding,0,,-,1155,5.1.1.,宮崎県,1594,5.1.1.,宮崎県,1776,KENZOW,宮崎県,0,,-
7th style,Last Message,0,,-,988,5.1.1.,宮崎県,1106,QUAKES,宮崎県,1578,KENZOW,宮崎県,0,,-
7th style,Let the Snow Paint Me,0,,-,828,5.1.1.,宮崎県,0,,-,1224,JIN,宮崎県,0,,-
7th style,Love Me Do,0,,-,1103,5.1.1.,宮崎県,1592,ISHIN,宮崎県,2096,YAJU&U,宮崎県,0,,-
7th style,MAX 300,0,,-,1050,5.1.1.,宮崎県,1755,S.K,宮崎県,2675,KENZOW,宮崎県,0,,-
7th style,Somebody Like You,0,,-,731,5.1.1.,宮崎県,870,RITO,宮崎県,1773,JIN,宮崎県,0,,-
7th style,Spica,0,,-,646,5.1.1.,宮崎県,1384,MONOBU,宮崎県,2151,42TAI,宮崎県,0,,-
7th style,stoic,0,,-,1561,5.1.1.,宮崎県,2196,MONOBU,宮崎県,2452,42TAI,宮崎県,0,,-
7th style,Tomorrow Perfume,0,,-,1248,5.1.1.,宮崎県,1673,6A9,宮崎県,2018,JIN,宮崎県,0,,-
7th style,traces,0,,-,1452,5.1.1.,宮崎県,1455,LOUVR.,宮崎県,2061,42TAI,宮崎県,0,,-
7th style,ZERO-ONE,0,,-,1054,5.1.1.,宮崎県,1308,JIN,宮崎県,2174,YAJU&U,宮崎県,2755,42TAI,宮崎県
7th style,革命,0,,-,738,5.1.1.,宮崎県,1793,S.K,宮崎県,2220,KENZOW,宮崎県,0,,-
8th style,abstract,0,,-,1255,5.1.1.,宮崎県,1085,YAMA#3,宮崎県,1873,YAJU&U,宮崎県,0,,-
8th style,airflow,0,,-,577,5.1.1.,宮崎県,720,5.1.1.,宮崎県,1403,42TAI,宮崎県,0,,-
8th style,ALL RIGHT,0,,-,862,5.1.1.,宮崎県,945,QUAKES,宮崎県,1574,JIN,宮崎県,0,,-
8th style,Attitude,0,,-,1011,5.1.1.,宮崎県,1169,SAITO3,宮崎県,1688,JIN,宮崎県,0,,-
8th style,bit mania,0,,-,895,5.1.1.,宮崎県,1217,5.1.1.,宮崎県,1828,DIRTY,宮崎県,0,,-
8th style,Blame,0,,-,1134,5.1.1.,宮崎県,1200,BENT,宮崎県,1783,KUROKO,宮崎県,0,,-
8th style,CELEBRATE NITE,0,,-,904,5.1.1.,宮崎県,1076,MAJIN2,宮崎県,1378,42TAI,宮崎県,0,,-
8th style,Colors -Y&Co. Eurobeat Remix-,0,,-,1144,5.1.1.,宮崎県,1511,QUAKES,宮崎県,2101,JIN,宮崎県,0,,-
8th style,dual control,0,,-,762,5.1.1.,宮崎県,0,,-,1719,JIN,宮崎県,0,,-
8th style,Giudecca,0,,-,901,5.1.1.,宮崎県,1652,BENT,宮崎県,2555,42TAI,宮崎県,0,,-
8th style,Halfway of promise,0,,-,941,5.1.1.,宮崎県,1382,BENT,宮崎県,1781,JIN,宮崎県,0,,-
8th style,HYPER BOUNDARY GATE,0,,-,1222,5.1.1.,宮崎県,0,,-,2195,YAJU&U,宮崎県,0,,-
8th style,LAB,0,,-,1023,5.1.1.,宮崎県,1878,S.K,宮崎県,2003,42TAI,宮崎県,2618,42TAI,宮崎県
8th style,LOVE IS ORANGE,0,,-,769,5.1.1.,宮崎県,861,GTO,宮崎県,1713,ISHIN,宮崎県,2037,DIRTY,宮崎県
8th style,Luv 2 Feel Your Body,0,,-,831,5.1.1.,宮崎県,959,BENT,宮崎県,1583,42TAI,宮崎県,0,,-
8th style,memories,0,,-,1101,5.1.1.,宮崎県,1858,SHU-KA,宮崎県,2171,42TAI,宮崎県,0,,-
8th style,Monkey Dance,0,,-,801,5.1.1.,宮崎県,963,SAKO-3,宮崎県,1953,YAJU&U,宮崎県,0,,-
8th style,murmur twins,0,,-,1084,5.1.1.,宮崎県,1520,CPU0,宮崎県,2361,YAJU&U,宮崎県,0,,-
8th style,MUSIC TO YOUR HEAD,0,,-,799,5.1.1.,宮崎県,0,,-,1625,42TAI,宮崎県,0,,-
8th style,PLEASE DON'T GO,0,,-,974,5.1.1.,宮崎県,1303,MAJIN2,宮崎県,2295,KENZOW,宮崎県,0,,-
8th style,rainbow flyer,0,,-,811,5.1.1.,宮崎県,1465,6A9,宮崎県,2100,YAJU&U,宮崎県,0,,-
8th style,symbolic,0,,-,1363,5.1.1.,宮崎県,1482,IIDX32,宮崎県,2159,42TAI,宮崎県,0,,-
8th style,thunder,0,,-,1152,5.1.1.,宮崎県,1254,AKENO,宮崎県,1833,JIN,宮崎県,0,,-
8th style,WAR GAME,0,,-,948,5.1.1.,宮崎県,1315,KIKY03,宮崎県,2122,JIN,宮崎県,0,,-
8th style,World Wide Love,0,,-,696,5.1.1.,宮崎県,1016,5.1.1.,宮崎県,1108,JIN,宮崎県,0,,-
8th style,xenon,0,,-,1088,5.1.1.,宮崎県,1502,BENT,宮崎県,2546,CUENVO,宮崎県,0,,-
8th style,桜,0,,-,970,5.1.1.,宮崎県,1293,BENT,宮崎県,2051,YAJU&U,宮崎県,0,,-
8th style,蒼い衝動,0,,-,913,5.1.1.,宮崎県,824,02ZLKY,宮崎県,1535,JIN,宮崎県,0,,-
9th style,Abyss -The Heavens Remix-,0,,-,1437,5.1.1.,宮崎県,1737,BENT,宮崎県,2330,KENZOW,宮崎県,0,,-
9th style,ACT,0,,-,1012,5.1.1.,宮崎県,1609,S.K,宮崎県,1762,JIN,宮崎県,0,,-
9th style,ADVANCE,0,,-,469,5.1.1.,宮崎県,599,IKAROS,宮崎県,1505,JIN,宮崎県,0,,-
9th style,ATOMIC AGE,0,,-,353,5.1.1.,宮崎県,630,5.1.1.,宮崎県,1252,42TAI,宮崎県,0,,-
9th style,BAD BOY BASS!! (dj Remo-con MIX),0,,-,906,5.1.1.,宮崎県,0,,-,1731,42TAI,宮崎県,0,,-
9th style,bag,0,,-,908,5.1.1.,宮崎県,817,MITUYO,宮崎県,1842,42TAI,宮崎県,0,,-
9th style,BRIGHTNESS DARKNESS,0,,-,719,5.1.1.,宮崎県,1172,QUAKES,宮崎県,1695,JIN,宮崎県,0,,-
9th style,Cradle,0,,-,888,5.1.1.,宮崎県,1323,6A9,宮崎県,1519,HM*K2B,宮崎県,0,,-
9th style,Distress,0,,-,1248,5.1.1.,宮崎県,1805,42TAI,宮崎県,0,,-,0,,-
9th style,e-motion 2003  -romantic extra-,0,,-,1271,5.1.1.,宮崎県,1354,BENT,宮崎県,1936,42TAI,宮崎県,0,,-
9th style,fun,0,,-,577,5.1.1.,宮崎県,1056,5.1.1.,宮崎県,1750,JIN,宮崎県,0,,-
9th style,Golden Horn,0,,-,687,5.1.1.,宮崎県,928,BENT,宮崎県,1480,YAJU&U,宮崎県,0,,-
9th style,HYPER EUROBEAT (2DX style),0,,-,1077,5.1.1.,宮崎県,0,,-,1834,JIN,宮崎県,0,,-
9th style,I Was The One (80's EUROBEAT STYLE),0,,-,780,5.1.1.,宮崎県,1074,PIYOSK,宮崎県,1427,JIN,宮崎県,0,,-
9th style,Karma,0,,-,1284,5.1.1.,宮崎県,1529,BENT,宮崎県,1794,42TAI,宮崎県,0,,-
9th style,lights,0,,-,695,5.1.1.,宮崎県,1016,DJC-HR,宮崎県,1709,JIN,宮崎県,0,,-
9th style,Logic Board,0,,-,1009,5.1.1.,宮崎県,1585,SHU-KA,宮崎県,2230,JIN,宮崎県,0,,-
9th style,LOVE SHINE,143,TU2222,宮崎県,836,5.1.1.,宮崎県,1791,ISHIN,宮崎県,2071,KENZOW,宮崎県,0,,-
9th style,lower world,0,,-,1285,5.1.1.,宮崎県,1710,6A9,宮崎県,2189,42TAI,宮崎県,0,,-
9th style,Make A Difference,0,,-,851,5.1.1.,宮崎県,1452,SHU-KA,宮崎県,2133,JIN,宮崎県,0,,-
9th style,MARIA (I believe... ),0,,-,729,5.1.1.,宮崎県,1376,BENT,宮崎県,1902,JIN,宮崎県,0,,-
9th style,moon_child,0,,-,1021,5.1.1.,宮崎県,1818,S.K,宮崎県,2478,YAJU&U,宮崎県,0,,-
9th style,one or eight,0,,-,1247,5.1.1.,宮崎県,1773,S.K,宮崎県,2170,KENZOW,宮崎県,0,,-
9th style,PARANOIA survivor MAX,0,,-,904,5.1.1.,宮崎県,1210,MAJIN2,宮崎県,2040,KENZOW,宮崎県,0,,-
9th style,quasar,0,,-,1153,5.1.1.,宮崎県,1628,5.1.1.,宮崎県,2279,YAJU&U,宮崎県,0,,-
9th style,Quickening,0,,-,912,5.1.1.,宮崎県,1612,MAJIN2,宮崎県,2023,109.C,宮崎県,0,,-
9th style,Really Love,0,,-,639,5.1.1.,宮崎県,909,5.1.1.,宮崎県,1707,JIN,宮崎県,0,,-
9th style,RISLIM -Remix-,0,,-,787,5.1.1.,宮崎県,858,BENT,宮崎県,1842,YAJU&U,宮崎県,0,,-
9th style,rottel-the-Mercury,0,,-,982,5.1.1.,宮崎県,1792,CESSY.,宮崎県,2226,KENZOW,宮崎県,0,,-
9th style,Silvia Drive,0,,-,816,5.1.1.,宮崎県,1399,SILVIA,宮崎県,1979,JIN,宮崎県,0,,-
9th style,SNOW,0,,-,1039,5.1.1.,宮崎県,0,,-,1977,42TAI,宮崎県,0,,-
9th style,STAR FIELD,0,,-,685,5.1.1.,宮崎県,1259,SAITO3,宮崎県,1859,YAJU&U,宮崎県,0,,-
9th style,Sweet Sweet Magic,0,,-,974,5.1.1.,宮崎県,970,ME1GE2,宮崎県,1961,42TAI,宮崎県,0,,-
9th style,SWEETEST SAVAGE,0,,-,650,5.1.1.,宮崎県,1060,KATU,宮崎県,1766,KENZOW,宮崎県,0,,-
9th style,ライオン好き,0,,-,638,5.1.1.,宮崎県,1153,5.1.1.,宮崎県,1500,YAJU&U,宮崎県,0,,-
9th style,真夏の花・真夏の夢,0,,-,806,5.1.1.,宮崎県,1095,5.1.1.,宮崎県,1440,42TAI,宮崎県,0,,-
10th style,1st Samurai,0,,-,1073,5.1.1.,宮崎県,1633,NABEA2,宮崎県,2444,HM*K2B,宮崎県,0,,-
10th style,ALIEN TEMPLE,0,,-,981,5.1.1.,宮崎県,0,,-,1946,JIN,宮崎県,0,,-
10th style,ASTRAL VOYAGE,0,,-,977,5.1.1.,宮崎県,0,,-,1808,JIN,宮崎県,0,,-
10th style,BABY LOVE,0,,-,1139,5.1.1.,宮崎県,902,02ZLKY,宮崎県,2129,KENZOW,宮崎県,0,,-
10th style,Back Into The Light,0,,-,1151,5.1.1.,宮崎県,1020,RIN,宮崎県,2144,42TAI,宮崎県,0,,-
10th style,Boundary,0,,-,842,5.1.1.,宮崎県,1641,SHU-KA,宮崎県,2006,JIN,宮崎県,0,,-
10th style,CARRY ON NIGHT (English version),0,,-,991,5.1.1.,宮崎県,0,,-,1961,42TAI,宮崎県,0,,-
10th style,Daisuke,374,PKNY,宮崎県,1180,5.1.1.,宮崎県,1666,YAJU&U,宮崎県,2396,YAJU&U,宮崎県,0,,-
10th style,Debtty Daddy,0,,-,1037,5.1.1.,宮崎県,1732,MONOBU,宮崎県,2638,42TAI,宮崎県,0,,-
10th style,desolation,0,,-,478,5.1.1.,宮崎県,642,5.1.1.,宮崎県,763,JIN,宮崎県,0,,-
10th style,DoLL,0,,-,937,5.1.1.,宮崎県,902,DJC-HR,宮崎県,1609,KENZOW,宮崎県,0,,-
10th style,EXE,0,,-,865,5.1.1.,宮崎県,1260,KUMA,宮崎県,2215,KENZOW,宮崎県,0,,-
10th style,Feedback,0,,-,1030,5.1.1.,宮崎県,1314,QUAKES,宮崎県,1882,42TAI,宮崎県,0,,-
10th style,FEEL IT,0,,-,914,5.1.1.,宮崎県,1133,YAMA#3,宮崎県,1888,JIN,宮崎県,0,,-
10th style,Freezing atmosphere,0,,-,792,5.1.1.,宮崎県,952,Y0TIKO,宮崎県,1436,JIN,宮崎県,0,,-
10th style,GHOST REVIVAL,0,,-,898,5.1.1.,宮崎県,1417,IIDX32,宮崎県,2340,JIN,宮崎県,0,,-
10th style,GRADIUS -FULL SPEED-,0,,-,740,5.1.1.,宮崎県,1016,BENT,宮崎県,1962,JIN,宮崎県,0,,-
10th style,HIGH,0,,-,914,5.1.1.,宮崎県,1297,SAITO3,宮崎県,2097,JIN,宮崎県,2811,42TAI,宮崎県
10th style,Innocent Walls,0,,-,1530,5.1.1.,宮崎県,2380,YAJU&U,宮崎県,2698,KENZOW,宮崎県,0,,-
10th style,Love Is Eternity,0,,-,1176,5.1.1.,宮崎県,1797,MONOBU,宮崎県,2247,NANA-4,宮崎県,0,,-
10th style,Lucy,0,,-,957,5.1.1.,宮崎県,1648,6A9,宮崎県,2292,KENZOW,宮崎県,0,,-
10th style,Narcissus At Oasis,0,,-,769,5.1.1.,宮崎県,1278,YAN9MI,宮崎県,1614,KENZOW,宮崎県,0,,-
10th style,No.13,0,,-,1573,5.1.1.,宮崎県,1897,Y0TIKO,宮崎県,3074,KENZOW,宮崎県,0,,-
10th style,One More Lovely,0,,-,853,5.1.1.,宮崎県,1554,MONOBU,宮崎県,2719,KENZOW,宮崎県,0,,-
10th style,pandora,0,,-,882,5.1.1.,宮崎県,1507,HIFUMI,宮崎県,1797,KENZOW,宮崎県,0,,-
10th style,rainbow rainbow,0,,-,1553,5.1.1.,宮崎県,1994,MAJIN2,宮崎県,2576,KENZOW,宮崎県,0,,-
10th style,Rise'n Beauty,0,,-,1255,5.1.1.,宮崎県,922,SAKO-3,宮崎県,2050,JIN,宮崎県,3915,YAJU&U,宮崎県
10th style,SCORE,0,,-,1138,5.1.1.,宮崎県,1407,ODEN,宮崎県,1979,JIN,宮崎県,0,,-
10th style,SHOOTING STAR,0,,-,1260,5.1.1.,宮崎県,1470,BENT,宮崎県,2234,YAJU&U,宮崎県,0,,-
10th style,SPACE FIGHT,0,,-,641,5.1.1.,宮崎県,925,REPLAY,宮崎県,2156,42TAI,宮崎県,0,,-
10th style,システムロマンス,0,,-,902,5.1.1.,宮崎県,0,,-,2023,YAJU&U,宮崎県,0,,-
10th style,雪月花,0,,-,1194,5.1.1.,宮崎県,1808,SACHI,宮崎県,2407,KENZOW,宮崎県,0,,-
IIDX RED,AA,0,,-,1224,5.1.1.,宮崎県,2511,KUROKO,宮崎県,3550,YAJU&U,宮崎県,0,,-
IIDX RED,AGEHA,0,,-,1035,5.1.1.,宮崎県,1372,KIKY03,宮崎県,1848,YAJU&U,宮崎県,2263,DIRTY,宮崎県
IIDX RED,ANDROMEDA,0,,-,1007,BENT,宮崎県,1836,DIRTY,宮崎県,2624,NANA-4,宮崎県,0,,-
IIDX RED,awakening,0,,-,1061,5.1.1.,宮崎県,1174,YAN9MI,宮崎県,1647,JIN,宮崎県,0,,-
IIDX RED,Be quiet,0,,-,1063,5.1.1.,宮崎県,1523,ISHIN,宮崎県,1998,NANA-4,宮崎県,2601,KENZOW,宮崎県
IIDX RED,BLOCKS,0,,-,811,5.1.1.,宮崎県,1062,LOUVR.,宮崎県,1944,KENZOW,宮崎県,0,,-
IIDX RED,BREATH,0,,-,876,5.1.1.,宮崎県,1065,F,宮崎県,1681,JIN,宮崎県,0,,-
IIDX RED,Click Again,0,,-,889,5.1.1.,宮崎県,1244,YAN9MI,宮崎県,2041,JIN,宮崎県,0,,-
IIDX RED,Close my Eyes for Me,0,,-,1019,5.1.1.,宮崎県,1239,BENT,宮崎県,1824,YAJU&U,宮崎県,0,,-
IIDX RED,D.A.N.C.E.!,0,,-,573,5.1.1.,宮崎県,799,5.1.1.,宮崎県,1545,KENZOW,宮崎県,0,,-
IIDX RED,Don't be afraid myself,0,,-,1090,5.1.1.,宮崎県,1621,BENT,宮崎県,2184,YAJU&U,宮崎県,0,,-
IIDX RED,earth scape,0,,-,437,5.1.1.,宮崎県,947,5.1.1.,宮崎県,1279,JIN,宮崎県,0,,-
IIDX RED,FAKE TIME,0,,-,1005,5.1.1.,宮崎県,1717,JIN,宮崎県,2226,HM*K2B,宮崎県,0,,-
IIDX RED,Fly Away To India,0,,-,672,5.1.1.,宮崎県,0,,-,1374,42TAI,宮崎県,0,,-
IIDX RED,GENOCIDE,0,,-,1079,5.1.1.,宮崎県,1728,P.MS1,宮崎県,2283,KENZOW,宮崎県,0,,-
IIDX RED,gigadelic,0,,-,1465,YAJU&U,宮崎県,2049,YAJU&U,宮崎県,2444,KENZOW,宮崎県,0,,-
IIDX RED,HORIZON,0,,-,1063,5.1.1.,宮崎県,1080,SAITO3,宮崎県,1909,42TAI,宮崎県,0,,-
IIDX RED,KEY,0,,-,1100,5.1.1.,宮崎県,1764,5.1.1.,宮崎県,2754,NANA-4,宮崎県,0,,-
IIDX RED,NEBULA GRASPER,0,,-,1330,5.1.1.,宮崎県,1354,SYUN,宮崎県,2405,42TAI,宮崎県,0,,-
IIDX RED,Raspberry Heart(English version),0,,-,1029,5.1.1.,宮崎県,1465,SHU-KA,宮崎県,1842,YAJU&U,宮崎県,0,,-
IIDX RED,RED ZONE,140,SEN,宮崎県,1101,5.1.1.,宮崎県,1762,S.K,宮崎県,2302,YAJU&U,宮崎県,3046,YAJU&U,宮崎県
IIDX RED,RESONATE 1794,0,,-,914,5.1.1.,宮崎県,1329,5.1.1.,宮崎県,1819,KENZOW,宮崎県,0,,-
IIDX RED,Secret of Love,0,,-,1066,5.1.1.,宮崎県,818,REPLAY,宮崎県,1990,YAJU&U,宮崎県,0,,-
IIDX RED,SPEEDY CAT,0,,-,1122,5.1.1.,宮崎県,1371,LOUVR.,宮崎県,2007,KENZOW,宮崎県,0,,-
IIDX RED,Sphere,0,,-,1038,5.1.1.,宮崎県,1751,SHU-KA,宮崎県,2133,KENZOW,宮崎県,0,,-
IIDX RED,spiral galaxy,0,,-,1063,5.1.1.,宮崎県,1536,PIYOSK,宮崎県,2416,JIN,宮崎県,3717,YAJU&U,宮崎県
IIDX RED,The Hope of Tomorrow,0,,-,1035,5.1.1.,宮崎県,1308,TAKU.,宮崎県,1889,YAJU&U,宮崎県,0,,-
IIDX RED,Wonder Bullfighter,0,,-,940,5.1.1.,宮崎県,943,REPLAY,宮崎県,1933,JIN,宮崎県,0,,-
IIDX RED,ピアノ協奏曲第１番”蠍火”,0,,-,798,5.1.1.,宮崎県,2088,YAJU&U,宮崎県,2543,42TAI,宮崎県,0,,-
IIDX RED,大桟橋,0,,-,484,5.1.1.,宮崎県,1092,5.1.1.,宮崎県,1840,YAJU&U,宮崎県,0,,-
IIDX RED,太陽～T・A・I・Y・O～,0,,-,819,5.1.1.,宮崎県,1179,YUKA,宮崎県,1725,YAJU&U,宮崎県,0,,-
IIDX RED,ＵＬＴｉＭΛＴＥ,0,,-,938,5.1.1.,宮崎県,1028,REPLAY,宮崎県,1945,42TAI,宮崎県,0,,-
HAPPY SKY,100％ minimoo-G,0,,-,923,5.1.1.,宮崎県,1525,BENT,宮崎県,1673,42TAI,宮崎県,0,,-
HAPPY SKY,Agnus Dei,0,,-,894,5.1.1.,宮崎県,1259,YAMA#3,宮崎県,2025,42TAI,宮崎県,0,,-
HAPPY SKY,alla turca con passione,0,,-,801,5.1.1.,宮崎県,1238,SAITO3,宮崎県,2135,YAJU&U,宮崎県,0,,-
HAPPY SKY,Aurora,0,,-,1304,5.1.1.,宮崎県,2057,S.K,宮崎県,2457,KENZOW,宮崎県,0,,-
HAPPY SKY,CaptivAte～浄化～,0,,-,1038,5.1.1.,宮崎県,1706,MONOBU,宮崎県,2447,YAJU&U,宮崎県,3382,YAJU&U,宮崎県
HAPPY SKY,Catch Me,0,,-,781,5.1.1.,宮崎県,999,MINO,宮崎県,1743,JIN,宮崎県,2028,YAJU&U,宮崎県
HAPPY SKY,Don't let it go,0,,-,698,5.1.1.,宮崎県,0,,-,1610,42TAI,宮崎県,0,,-
HAPPY SKY,double thrash,0,,-,1024,5.1.1.,宮崎県,1738,BENT,宮崎県,2223,JIN,宮崎県,0,,-
HAPPY SKY,EDEN,0,,-,1278,5.1.1.,宮崎県,1878,ISHIN,宮崎県,2669,KENZOW,宮崎県,3164,AIM,宮崎県
HAPPY SKY,EMPTY OF THE SKY,0,,-,657,5.1.1.,宮崎県,995,5.1.1.,宮崎県,1654,JIN,宮崎県,0,,-
HAPPY SKY,First Resolution,0,,-,816,5.1.1.,宮崎県,0,,-,1983,JIN,宮崎県,0,,-
HAPPY SKY,garden,0,,-,863,5.1.1.,宮崎県,1436,MAJIN2,宮崎県,2094,YAJU&U,宮崎県,2958,KENZOW,宮崎県
HAPPY SKY,Get'em up to R.A.V.E,0,,-,1161,5.1.1.,宮崎県,1109,REPLAY,宮崎県,2235,42TAI,宮崎県,0,,-
HAPPY SKY,GREEN EYES,0,,-,977,5.1.1.,宮崎県,0,,-,2152,YAJU&U,宮崎県,0,,-
HAPPY SKY,HAPPY☆ANGEL,257,TU2222,宮崎県,1074,5.1.1.,宮崎県,1491,S.K,宮崎県,2067,YAJU&U,宮崎県,0,,-
HAPPY SKY,I am,0,,-,1064,5.1.1.,宮崎県,1490,QUAKES,宮崎県,2097,YAJU&U,宮崎県,0,,-
HAPPY SKY,in motion,0,,-,831,5.1.1.,宮崎県,1030,5.1.1.,宮崎県,1293,42TAI,宮崎県,0,,-
HAPPY SKY,INAZUMA,0,,-,1080,5.1.1.,宮崎県,1552,6A9,宮崎県,2648,42TAI,宮崎県,3947,YAJU&U,宮崎県
HAPPY SKY,LESSON 5,0,,-,1258,5.1.1.,宮崎県,1483,IIDX32,宮崎県,2430,42TAI,宮崎県,0,,-
HAPPY SKY,Little Little Princess,0,,-,1084,5.1.1.,宮崎県,2093,ARIA-P,宮崎県,2636,KUROKO,宮崎県,3700,KENZOW,宮崎県
HAPPY SKY,Love Magic,0,,-,1001,5.1.1.,宮崎県,1052,REPLAY,宮崎県,1910,YAJU&U,宮崎県,0,,-
HAPPY SKY,mind the gap,0,,-,731,5.1.1.,宮崎県,379,AKENO,宮崎県,1509,NANA-4,宮崎県,0,,-
HAPPY SKY,MOON RACE,0,,-,833,5.1.1.,宮崎県,806,TAKE,宮崎県,1824,42TAI,宮崎県,0,,-
HAPPY SKY,Pink Rose,0,,-,580,5.1.1.,宮崎県,951,5.1.1.,宮崎県,1410,JIN,宮崎県,2007,YAJU&U,宮崎県
HAPPY SKY,PLASMA,0,,-,935,5.1.1.,宮崎県,1440,BENT,宮崎県,2094,YOHANE,宮崎県,0,,-
HAPPY SKY,Pollinosis,0,,-,772,5.1.1.,宮崎県,443,AA!IB,宮崎県,2435,YAJU&U,宮崎県,0,,-
HAPPY SKY,POODLE,0,,-,951,5.1.1.,宮崎県,1411,SAKO-3,宮崎県,2289,YAJU&U,宮崎県,3347,YAJU&U,宮崎県
HAPPY SKY,rage against usual,0,,-,1301,5.1.1.,宮崎県,1886,MAJIN2,宮崎県,2791,YAJU&U,宮崎県,0,,-
HAPPY SKY,SCREAM SQUAD,0,,-,1112,5.1.1.,宮崎県,1607,CEMNN.,宮崎県,1834,YOHANE,宮崎県,0,,-
HAPPY SKY,Scripted Connection⇒ A mix,0,,-,1553,5.1.1.,宮崎県,1887,MONOBU,宮崎県,2994,KENZOW,宮崎県,3320,KENZOW,宮崎県
HAPPY SKY,Scripted Connection⇒ H mix,0,,-,1600,5.1.1.,宮崎県,1977,MI*,宮崎県,2273,JIN,宮崎県,2829,YAJU&U,宮崎県
HAPPY SKY,Scripted Connection⇒ N mix,0,,-,1289,5.1.1.,宮崎県,1365,QUAKES,宮崎県,1901,JIN,宮崎県,2351,42TAI,宮崎県
HAPPY SKY,SigSig,489,SEIGO,宮崎県,1071,5.1.1.,宮崎県,1561,BENT,宮崎県,2537,YAJU&U,宮崎県,0,,-
HAPPY SKY,Tizona d'El Cid,0,,-,957,5.1.1.,宮崎県,1387,YAN9MI,宮崎県,2217,JIN,宮崎県,0,,-
HAPPY SKY,Twelfth Style,0,,-,1201,5.1.1.,宮崎県,0,,-,1889,NANA-4,宮崎県,3171,KENZOW,宮崎県
HAPPY SKY,Under the Sky,0,,-,887,5.1.1.,宮崎県,1323,BENT,宮崎県,1644,ELISE*,宮崎県,0,,-
HAPPY SKY,vault of heaven,0,,-,788,5.1.1.,宮崎県,1127,QUAKES,宮崎県,1984,YAJU&U,宮崎県,0,,-
HAPPY SKY,Votum stellarum,0,,-,794,5.1.1.,宮崎県,1250,KIKY03,宮崎県,1919,KENZOW,宮崎県,0,,-
HAPPY SKY,We are Disっ娘よっつ打ち命,0,,-,667,5.1.1.,宮崎県,936,5.1.1.,宮崎県,1655,YAJU&U,宮崎県,0,,-
HAPPY SKY,Xepher,291,74C,宮崎県,1102,5.1.1.,宮崎県,1968,ARIA-P,宮崎県,2951,YAJU&U,宮崎県,0,,-
HAPPY SKY,オレはビートマニア！お前は何マニア？,0,,-,783,5.1.1.,宮崎県,1246,QUAKES,宮崎県,1707,JIN,宮崎県,0,,-
HAPPY SKY,ヒマワリ,0,,-,551,5.1.1.,宮崎県,1723,SHU-KA,宮崎県,2016,JIN,宮崎県,0,,-
HAPPY SKY,ラクエン,0,,-,705,5.1.1.,宮崎県,906,5.1.1.,宮崎県,1924,YAJU&U,宮崎県,0,,-
HAPPY SKY,冥,465,74C,宮崎県,1042,5.1.1.,宮崎県,1912,JIN,宮崎県,3547,YAJU&U,宮崎県,0,,-
HAPPY SKY,合体せよ！ストロングイェーガー！！ (Ryu☆ remix),0,,-,1072,5.1.1.,宮崎県,1335,YAN9MI,宮崎県,1901,YAJU&U,宮崎県,0,,-
HAPPY SKY,月光,0,,-,872,5.1.1.,宮崎県,1749,YAJU&U,宮崎県,2451,YAJU&U,宮崎県,0,,-
DistorteD,ALFARSHEAR 双神威に廻る夢,0,,-,1055,5.1.1.,宮崎県,1587,CESSY.,宮崎県,2064,YAJU&U,宮崎県,0,,-
DistorteD,Apocalypse ～dirge of swans～,0,,-,966,5.1.1.,宮崎県,1498,ISHIN,宮崎県,2263,JIN,宮崎県,0,,-
DistorteD,BALLAD THE FEATHERS,0,,-,705,5.1.1.,宮崎県,1038,CESSY.,宮崎県,1458,JIN,宮崎県,0,,-
DistorteD,Bloody Tears(IIDX EDITION),0,,-,1120,5.1.1.,宮崎県,1581,KUMA,宮崎県,2128,JIN,宮崎県,0,,-
DistorteD,BOOM BOOM DISCO NIGHT,0,,-,991,5.1.1.,宮崎県,1679,5.1.1.,宮崎県,2173,JIN,宮崎県,0,,-
DistorteD,Broadbanded,0,,-,869,5.1.1.,宮崎県,1055,QUAKES,宮崎県,1960,KENZOW,宮崎県,0,,-
DistorteD,Concertino in Blue,0,,-,862,5.1.1.,宮崎県,1524,S.K,宮崎県,2336,KENZOW,宮崎県,0,,-
DistorteD,CONTRACT,0,,-,1192,5.1.1.,宮崎県,1528,KUROKO,宮崎県,2057,YAJU&U,宮崎県,2716,YAJU&U,宮崎県
DistorteD,D.C.fish,0,,-,978,5.1.1.,宮崎県,1767,6A9,宮崎県,2267,KENZOW,宮崎県,0,,-
DistorteD,DEEP ROAR,0,,-,977,5.1.1.,宮崎県,1312,YAJU&U,宮崎県,2738,YAJU&U,宮崎県,0,,-
DistorteD,Double Loving Heart,0,,-,573,5.1.1.,宮崎県,1288,5.1.1.,宮崎県,1780,YAJU&U,宮崎県,0,,-
DistorteD,DUE TOMORROW,0,,-,875,5.1.1.,宮崎県,963,TAKU.,宮崎県,1875,KENZOW,宮崎県,0,,-
DistorteD,EURO-ROMANCE,0,,-,958,5.1.1.,宮崎県,1586,BENT,宮崎県,2051,JIN,宮崎県,0,,-
DistorteD,Ganymede,0,,-,1094,5.1.1.,宮崎県,1666,YAJU&U,宮崎県,2213,YAJU&U,宮崎県,2444,KENZOW,宮崎県
DistorteD,Harmony and Lovely,0,,-,886,5.1.1.,宮崎県,1533,Y0TIKO,宮崎県,2199,YAJU&U,宮崎県,0,,-
DistorteD,Heavenly Sun (IIDX VERSION),0,,-,821,5.1.1.,宮崎県,1500,CESSY.,宮崎県,2057,YAJU&U,宮崎県,0,,-
DistorteD,INFERNO,0,,-,1145,5.1.1.,宮崎県,1495,CESSY.,宮崎県,1920,42TAI,宮崎県,0,,-
DistorteD,Leaving...,0,,-,777,5.1.1.,宮崎県,1278,CESSY.,宮崎県,2166,42TAI,宮崎県,0,,-
DistorteD,MINT,0,,-,972,5.1.1.,宮崎県,1509,BENT,宮崎県,2185,109.C,宮崎県,0,,-
DistorteD,MOON,0,,-,831,5.1.1.,宮崎県,1971,ISHIN,宮崎県,2081,JIN,宮崎県,0,,-
DistorteD,Power of Love,0,,-,997,5.1.1.,宮崎県,1544,CESSY.,宮崎県,2044,42TAI,宮崎県,0,,-
DistorteD,So Fabulous !!,0,,-,1070,5.1.1.,宮崎県,1229,QUAKES,宮崎県,2293,YAJU&U,宮崎県,0,,-
DistorteD,Sun Field,0,,-,564,5.1.1.,宮崎県,1445,CESSY.,宮崎県,2274,JIN,宮崎県,0,,-
DistorteD,The Dirty of Loudness,0,,-,1401,5.1.1.,宮崎県,2109,JIN,宮崎県,2577,YAJU&U,宮崎県,0,,-
DistorteD,This is Love,0,,-,919,5.1.1.,宮崎県,1683,CESSY.,宮崎県,2313,JIN,宮崎県,0,,-
DistorteD,tripping contact(teranoid&MC Natsack Remix),0,,-,1188,5.1.1.,宮崎県,1760,BENT,宮崎県,2297,YOHANE,宮崎県,0,,-
DistorteD,TYPE MARS(G-Style Mix),0,,-,1092,5.1.1.,宮崎県,1650,SHU-KA,宮崎県,2202,JIN,宮崎県,0,,-
DistorteD,waxing and wanding,0,,-,1280,5.1.1.,宮崎県,1910,ISHIN,宮崎県,2748,CUENVO,宮崎県,3908,YAJU&U,宮崎県
DistorteD,Why did you go away,0,,-,1095,5.1.1.,宮崎県,1465,KIKY03,宮崎県,2174,AIM,宮崎県,0,,-
DistorteD,WISH(EUROBEAT MIX),0,,-,1028,5.1.1.,宮崎県,1542,CESSY.,宮崎県,1936,42TAI,宮崎県,0,,-
DistorteD,with you…,0,,-,774,5.1.1.,宮崎県,1095,5.1.1.,宮崎県,1750,YAJU&U,宮崎県,0,,-
DistorteD,Zenius -I- vanisher,0,,-,963,5.1.1.,宮崎県,1413,BENT,宮崎県,2354,YAJU&U,宮崎県,0,,-
DistorteD,カゴノトリ～弐式～,0,,-,1112,5.1.1.,宮崎県,1609,ISHIN,宮崎県,2568,YAJU&U,宮崎県,0,,-
DistorteD,タシカナモノ,0,,-,927,5.1.1.,宮崎県,1148,TAKE,宮崎県,1999,YAJU&U,宮崎県,0,,-
DistorteD,嘆きの樹,0,,-,1691,5.1.1.,宮崎県,2481,YAJU&U,宮崎県,3727,KENZOW,宮崎県,0,,-
DistorteD,罠,0,,-,558,5.1.1.,宮崎県,1460,CESSY.,宮崎県,2430,YAJU&U,宮崎県,0,,-
DistorteD,華蝶風雪,0,,-,1242,5.1.1.,宮崎県,2038,KUROKO,宮崎県,2804,KUROKO,宮崎県,3859,KENZOW,宮崎県
DistorteD,虹色,0,,-,949,5.1.1.,宮崎県,1489,CESSY.,宮崎県,1828,YAJU&U,宮崎県,0,,-
GOLD,2hot2eat,0,,-,596,5.1.1.,宮崎県,1012,CESSY.,宮崎県,1550,JIN,宮崎県,0,,-
GOLD,Air Bell,0,,-,971,5.1.1.,宮崎県,0,,-,1696,42TAI,宮崎県,0,,-
GOLD,ANDROMEDA II,0,,-,967,5.1.1.,宮崎県,1661,6A9,宮崎県,2342,KUROKO,宮崎県,0,,-
GOLD,Blind Justice ～Torn souls， Hurt Faiths ～,0,,-,1290,5.1.1.,宮崎県,1877,S.K,宮崎県,2441,YAJU&U,宮崎県,0,,-
GOLD,Candy Galy,0,,-,1484,5.1.1.,宮崎県,2401,KUROKO,宮崎県,3437,KENZOW,宮崎県,0,,-
GOLD,CaptivAte～裁き～,0,,-,838,5.1.1.,宮崎県,1126,BENT,宮崎県,1749,YAJU&U,宮崎県,0,,-
GOLD,CaptivAte～誓い～,0,,-,1300,5.1.1.,宮崎県,1885,CESSY.,宮崎県,2228,YAJU&U,宮崎県,0,,-
GOLD,CROSSROAD ～Left Story～,0,,-,1113,5.1.1.,宮崎県,1660,ISHIN,宮崎県,2182,KENZOW,宮崎県,0,,-
GOLD,Cyber Force,0,,-,1212,5.1.1.,宮崎県,1827,CESSY.,宮崎県,2197,NANA-4,宮崎県,0,,-
GOLD,Fascination MAXX,0,,-,910,JIN,宮崎県,1621,JIN,宮崎県,2249,KENZOW,宮崎県,0,,-
GOLD,FIRE FIRE,0,,-,1167,5.1.1.,宮崎県,1754,SACHI,宮崎県,2667,KENZOW,宮崎県,0,,-
GOLD,four-leaf,0,,-,755,5.1.1.,宮崎県,1142,CESSY.,宮崎県,1716,YAJU&U,宮崎県,0,,-
GOLD,GOLD RUSH,428,74C,宮崎県,1152,5.1.1.,宮崎県,1365,CESSY.,宮崎県,2233,KENZOW,宮崎県,0,,-
GOLD,GRID KNIGHT,0,,-,811,5.1.1.,宮崎県,1317,SAKO-3,宮崎県,2536,JIN,宮崎県,3408,YAJU&U,宮崎県
GOLD,heaven above,0,,-,806,5.1.1.,宮崎県,1303,CESSY.,宮崎県,1728,CESSY.,宮崎県,0,,-
GOLD,High School Love,270,KAMA,宮崎県,856,5.1.1.,宮崎県,1472,BENT,宮崎県,2186,KENZOW,宮崎県,0,,-
GOLD,INORI,0,,-,1371,5.1.1.,宮崎県,2367,ISHIN,宮崎県,3018,KENZOW,宮崎県,0,,-
GOLD,KAMAITACHI,0,,-,1236,5.1.1.,宮崎県,1712,SHU-KA,宮崎県,2661,YAJU&U,宮崎県,3693,YAJU&U,宮崎県
GOLD,LASER CRUSTER,0,,-,1386,5.1.1.,宮崎県,2392,KENZOW,宮崎県,3109,YAJU&U,宮崎県,0,,-
GOLD,Love Again...,0,,-,568,5.1.1.,宮崎県,786,5.1.1.,宮崎県,1068,JIN,宮崎県,0,,-
GOLD,Make Me Your Own,0,,-,879,5.1.1.,宮崎県,1461,SHU-KA,宮崎県,2080,42TAI,宮崎県,0,,-
GOLD,METALLIC MIND,0,,-,871,5.1.1.,宮崎県,1313,MAJIN2,宮崎県,1560,KENZOW,宮崎県,0,,-
GOLD,never…,0,,-,817,5.1.1.,宮崎県,1303,CESSY.,宮崎県,1755,JIN,宮崎県,0,,-
GOLD,op.31 叙情,0,,-,579,JIN,宮崎県,1261,JIN,宮崎県,1525,YAJU&U,宮崎県,0,,-
GOLD,PHOTONGENIC,0,,-,1268,5.1.1.,宮崎県,1813,ISHIN,宮崎県,2272,109.C,宮崎県,0,,-
GOLD,Roulette,0,,-,902,5.1.1.,宮崎県,1255,BENT,宮崎県,2062,JIN,宮崎県,0,,-
GOLD,Second Heaven,168,MYU495,宮崎県,957,5.1.1.,宮崎県,1446,ISHIN,宮崎県,2111,KENZOW,宮崎県,0,,-
GOLD,Sense 2007,0,,-,1428,MAJIN2,宮崎県,2038,JIN,宮崎県,2845,KENZOW,宮崎県,0,,-
GOLD,smile,0,,-,1439,5.1.1.,宮崎県,2016,BENT,宮崎県,2789,KENZOW,宮崎県,0,,-
GOLD,snow storm,140,ABCDEF,宮崎県,792,5.1.1.,宮崎県,2040,ISHIN,宮崎県,2643,CUENVO,宮崎県,3317,YAJU&U,宮崎県
GOLD,the shadow,0,,-,1206,5.1.1.,宮崎県,1752,6A9,宮崎県,2623,JIN,宮崎県,0,,-
GOLD,The Smile of You,0,,-,928,5.1.1.,宮崎県,1276,5.1.1.,宮崎県,1613,YAJU&U,宮崎県,0,,-
GOLD,TRANOID,0,,-,802,5.1.1.,宮崎県,1635,MONOBU,宮崎県,2127,42TAI,宮崎県,2488,MI*,宮崎県
GOLD,VANESSA,0,,-,1103,5.1.1.,宮崎県,1756,KENZOW,宮崎県,2298,KENZOW,宮崎県,3219,KENZOW,宮崎県
GOLD,Watch out!!,0,,-,726,5.1.1.,宮崎県,985,5.1.1.,宮崎県,1559,KENZOW,宮崎県,0,,-
GOLD,With your Smile,0,,-,718,5.1.1.,宮崎県,1153,5.1.1.,宮崎県,1564,YAJU&U,宮崎県,0,,-
GOLD,クルクル☆ラブ～Opioid Peptide MIX～,0,,-,960,5.1.1.,宮崎県,1267,NS#TLT,宮崎県,2118,KUROKO,宮崎県,0,,-
GOLD,ヨシダさん,0,,-,932,5.1.1.,宮崎県,1131,TAKE,宮崎県,1961,YAJU&U,宮崎県,0,,-
GOLD,リグレット,0,,-,1270,5.1.1.,宮崎県,1318,PIYOSK,宮崎県,2392,JIN,宮崎県,0,,-
GOLD,星をこの手に,0,,-,1180,5.1.1.,宮崎県,1715,CESSY.,宮崎県,2105,42TAI,宮崎県,0,,-
GOLD,花吹雪 ～ IIDX LIMITED ～,0,,-,720,5.1.1.,宮崎県,1031,BENT,宮崎県,1405,YAJU&U,宮崎県,0,,-
GOLD,零 - ZERO -,0,,-,1141,5.1.1.,宮崎県,1753,CESSY.,宮崎県,2272,YAJU&U,宮崎県,2669,YAJU&U,宮崎県
GOLD,電人、暁に斃れる。,227,TU2222,宮崎県,1441,5.1.1.,宮崎県,2217,KUROKO,宮崎県,3277,YAJU&U,宮崎県,0,,-
DJ TROOPERS,2 tribe 4 K,0,,-,864,5.1.1.,宮崎県,832,AKENO,宮崎県,2678,42TAI,宮崎県,0,,-
DJ TROOPERS,"Anisakis -somatic mutation type""Forza""-",0,,-,1214,5.1.1.,宮崎県,2002,KUROKO,宮崎県,2783,YAJU&U,宮崎県,3747,YAJU&U,宮崎県
DJ TROOPERS,avant-guerre,0,,-,746,5.1.1.,宮崎県,1244,5.1.1.,宮崎県,1921,YAJU&U,宮崎県,0,,-
DJ TROOPERS,Be OK,0,,-,948,5.1.1.,宮崎県,1519,YAN9MI,宮崎県,2196,YOHANE,宮崎県,3219,42TAI,宮崎県
DJ TROOPERS,beatonic nation,0,,-,1251,5.1.1.,宮崎県,1632,ISHIN,宮崎県,2047,S.K,宮崎県,0,,-
DJ TROOPERS,Blue Rain,213,RITO,宮崎県,1005,5.1.1.,宮崎県,1280,QUAKES,宮崎県,2242,YAJU&U,宮崎県,3246,YAJU&U,宮崎県
DJ TROOPERS,Darling my LUV,0,,-,681,5.1.1.,宮崎県,970,5.1.1.,宮崎県,1379,JIN,宮崎県,0,,-
DJ TROOPERS,Dazzlin' Darlin,0,,-,895,5.1.1.,宮崎県,1376,CESSY.,宮崎県,2216,YAJU&U,宮崎県,0,,-
DJ TROOPERS,Digitank System,0,,-,903,5.1.1.,宮崎県,1583,YAJU&U,宮崎県,2087,YAJU&U,宮崎県,0,,-
DJ TROOPERS,Do it!! Do it!!,0,,-,1007,5.1.1.,宮崎県,1472,MAJIN2,宮崎県,1835,42TAI,宮崎県,2313,42TAI,宮崎県
DJ TROOPERS,end of world,0,,-,1019,5.1.1.,宮崎県,1652,CESSY.,宮崎県,2293,JIN,宮崎県,0,,-
DJ TROOPERS,evergreen,0,,-,942,CESSY.,宮崎県,1312,CESSY.,宮崎県,1864,42TAI,宮崎県,0,,-
DJ TROOPERS,four pieces of heaven,0,,-,914,5.1.1.,宮崎県,1674,CESSY.,宮崎県,2222,YAJU&U,宮崎県,2821,YAJU&U,宮崎県
DJ TROOPERS,Freeway Shuffle,0,,-,796,5.1.1.,宮崎県,1175,CESSY.,宮崎県,1824,109.C,宮崎県,0,,-
DJ TROOPERS,ICARUS,0,,-,1269,5.1.1.,宮崎県,1657,SIE,宮崎県,2239,KENZOW,宮崎県,3511,YAJU&U,宮崎県
DJ TROOPERS,in the Sky,0,,-,1328,5.1.1.,宮崎県,1983,ISHIN,宮崎県,2511,KENZOW,宮崎県,0,,-
DJ TROOPERS,Kick Out 仮面,0,,-,1171,5.1.1.,宮崎県,1523,CESSY.,宮崎県,2030,YAJU&U,宮崎県,0,,-
DJ TROOPERS,LOVELY STORM,0,,-,1297,5.1.1.,宮崎県,1990,ISHIN,宮崎県,2731,42TAI,宮崎県,0,,-
DJ TROOPERS,madrugada,0,,-,703,5.1.1.,宮崎県,1136,BENT,宮崎県,1758,HM*K2B,宮崎県,0,,-
DJ TROOPERS,MAX LOVE,0,,-,1409,ISHIN,宮崎県,2090,5.1.1.,宮崎県,2628,KENZOW,宮崎県,0,,-
DJ TROOPERS,MENDES,0,,-,1092,5.1.1.,宮崎県,2405,S.K,宮崎県,3508,YAJU&U,宮崎県,0,,-
DJ TROOPERS,MENTAL MELTDOWN,0,,-,1113,5.1.1.,宮崎県,2011,MAJIN2,宮崎県,2633,42TAI,宮崎県,0,,-
DJ TROOPERS,NEW GENERATION -もう、お前しか見えない-,0,,-,1039,5.1.1.,宮崎県,1607,BENT,宮崎県,2538,KENZOW,宮崎県,3543,KENZOW,宮崎県
DJ TROOPERS,oratio,0,,-,1398,5.1.1.,宮崎県,1929,ISHIN,宮崎県,2834,KENZOW,宮崎県,0,,-
DJ TROOPERS,PARANOiA ～HADES～,0,,-,1038,5.1.1.,宮崎県,1621,YAJU&U,宮崎県,2563,KENZOW,宮崎県,0,,-
DJ TROOPERS,PROMISE FOR LIFE,0,,-,597,5.1.1.,宮崎県,1467,5.1.1.,宮崎県,1746,JIN,宮崎県,0,,-
DJ TROOPERS,REMINISCENCE,0,,-,1217,5.1.1.,宮崎県,1608,SKY,宮崎県,2317,YAJU&U,宮崎県,0,,-
DJ TROOPERS,Rising in the Sun(original mix),0,,-,939,5.1.1.,宮崎県,1412,YAN9MI,宮崎県,2279,42TAI,宮崎県,0,,-
DJ TROOPERS,Ristaccia,0,,-,1158,5.1.1.,宮崎県,1832,.GERE,宮崎県,2697,YAJU&U,宮崎県,0,,-
DJ TROOPERS,"satellite020712 from ""CODED ARMS""",0,,-,1296,5.1.1.,宮崎県,1683,5.1.1.,宮崎県,2396,42TAI,宮崎県,0,,-
DJ TROOPERS,satfinal,0,,-,1064,5.1.1.,宮崎県,1398,CESSY.,宮崎県,1901,YAJU&U,宮崎県,0,,-
DJ TROOPERS,scar in the earth,0,,-,648,5.1.1.,宮崎県,1084,5.1.1.,宮崎県,1487,JIN,宮崎県,0,,-
DJ TROOPERS,SOUND OF GIALLARHORN,0,,-,1356,5.1.1.,宮崎県,2351,YUKA,宮崎県,3249,YAJU&U,宮崎県,0,,-
DJ TROOPERS,State Of The Art,0,,-,1072,5.1.1.,宮崎県,1389,BENT,宮崎県,3019,KENZOW,宮崎県,0,,-
DJ TROOPERS,STEEL NEEDLE,0,,-,1083,5.1.1.,宮崎県,2000,MAJIN2,宮崎県,2414,YAJU&U,宮崎県,3187,YAJU&U,宮崎県
DJ TROOPERS,switch,0,,-,778,5.1.1.,宮崎県,1402,CESSY.,宮崎県,2049,KENZOW,宮崎県,0,,-
DJ TROOPERS,THE DEEP STRIKER,0,,-,1062,5.1.1.,宮崎県,1998,MONOBU,宮崎県,2705,JIN,宮崎県,3400,KENZOW,宮崎県
DJ TROOPERS,the trigger of innocence,0,,-,883,5.1.1.,宮崎県,1161,ISHIN,宮崎県,1844,JIN,宮崎県,3009,JIN,宮崎県
DJ TROOPERS,Time to Air,0,,-,1255,5.1.1.,宮崎県,1977,MONOBU,宮崎県,2843,KENZOW,宮崎県,3516,KENZOW,宮崎県
DJ TROOPERS,TRIP MACHINE PhoeniX,0,,-,678,5.1.1.,宮崎県,1437,SHU-KA,宮崎県,1738,42TAI,宮崎県,0,,-
DJ TROOPERS,TROOPERS,0,,-,1205,5.1.1.,宮崎県,2201,MONOBU,宮崎県,2907,KENZOW,宮崎県,0,,-
DJ TROOPERS,Ubertreffen,0,,-,1070,5.1.1.,宮崎県,1811,MONOBU,宮崎県,2497,YAJU&U,宮崎県,3242,YAJU&U,宮崎県
DJ TROOPERS,Wanna Party?,0,,-,758,5.1.1.,宮崎県,1130,CESSY.,宮崎県,1487,JIN,宮崎県,2537,42TAI,宮崎県
DJ TROOPERS,エコ爺,0,,-,824,5.1.1.,宮崎県,1292,CESSY.,宮崎県,1829,YAJU&U,宮崎県,0,,-
DJ TROOPERS,マチ子の唄,0,,-,814,5.1.1.,宮崎県,1309,YAJU&U,宮崎県,1789,YAJU&U,宮崎県,0,,-
DJ TROOPERS,ミラージュ・レジデンス,0,,-,1100,5.1.1.,宮崎県,1936,CESSY.,宮崎県,2474,ELISE*,宮崎県,3128,KENZOW,宮崎県
DJ TROOPERS,少年A,0,,-,1216,5.1.1.,宮崎県,1745,MONOBU,宮崎県,2713,YAJU&U,宮崎県,0,,-
DJ TROOPERS,華爛漫 -Flowers-,263,ABCGEF,宮崎県,996,5.1.1.,宮崎県,1473,5.1.1.,宮崎県,2000,YAJU&U,宮崎県,3138,YAJU&U,宮崎県
DJ TROOPERS,走馬灯 -The Last Song-,0,,-,500,5.1.1.,宮崎県,885,5.1.1.,宮崎県,1328,JIN,宮崎県,0,,-
DJ TROOPERS,高高度降下低高度開傘,0,,-,897,5.1.1.,宮崎県,1379,CESSY.,宮崎県,1944,42TAI,宮崎県,0,,-
EMPRESS,3y3s,297,KAMA,宮崎県,1435,5.1.1.,宮崎県,2305,ISHIN,宮崎県,3395,KENZOW,宮崎県,0,,-
EMPRESS,ALL I NEED YOUR LOVE,0,,-,1084,5.1.1.,宮崎県,1618,CESSY.,宮崎県,2058,YAJU&U,宮崎県,0,,-
EMPRESS,ALL MY TURN -このターンに、オレの全てを賭ける-,0,,-,1039,5.1.1.,宮崎県,1731,MONOBU,宮崎県,2361,KUROKO,宮崎県,0,,-
EMPRESS,Arabian Rave Night,0,,-,1263,5.1.1.,宮崎県,2101,BENT,宮崎県,2834,KENZOW,宮崎県,3489,YAJU&U,宮崎県
EMPRESS,B4U(BEMANI FOR YOU MIX),0,,-,1181,5.1.1.,宮崎県,1901,BENT,宮崎県,3447,YAJU&U,宮崎県,4336,KENZOW,宮崎県
EMPRESS,Bahram Attack-猫叉Master Remix-,0,,-,1042,5.1.1.,宮崎県,1819,5.1.1.,宮崎県,2588,YAJU&U,宮崎県,3193,YAJU&U,宮崎県
EMPRESS,BITTER CHOCOLATE STRIKER,0,,-,1079,5.1.1.,宮崎県,2128,MIDORI,宮崎県,3811,YAJU&U,宮崎県,0,,-
EMPRESS,BRIDAL FESTIVAL !!!,0,,-,954,5.1.1.,宮崎県,1045,TAKE,宮崎県,2030,JIN,宮崎県,0,,-
EMPRESS,CaptivAte2～覚醒～,0,,-,1075,5.1.1.,宮崎県,1622,CESSY.,宮崎県,2374,YAJU&U,宮崎県,0,,-
EMPRESS,Colorful Cookie,362,DRESS*,宮崎県,1125,5.1.1.,宮崎県,2216,S.K,宮崎県,3475,YAJU&U,宮崎県,0,,-
EMPRESS,Cyber Force -DJ Yoshitaka Remix-,0,,-,1060,5.1.1.,宮崎県,1738,HIFUMI,宮崎県,2504,YAJU&U,宮崎県,0,,-
EMPRESS,Flash Back 90's,0,,-,913,5.1.1.,宮崎県,1770,MAJIN2,宮崎県,2292,YAJU&U,宮崎県,2822,YAJU&U,宮崎県
EMPRESS,Fly Above,0,,-,952,5.1.1.,宮崎県,1581,CESSY.,宮崎県,2025,YAJU&U,宮崎県,0,,-
EMPRESS,Go Beyond!!,0,,-,1009,5.1.1.,宮崎県,1623,MONOBU,宮崎県,2115,YAJU&U,宮崎県,0,,-
EMPRESS,HYPERION,0,,-,1093,5.1.1.,宮崎県,1928,CESSY.,宮崎県,2711,YAJU&U,宮崎県,0,,-
EMPRESS,I'm Screaming LOVE,0,,-,612,5.1.1.,宮崎県,0,,-,1670,42TAI,宮崎県,0,,-
EMPRESS,Jack,0,,-,879,5.1.1.,宮崎県,1354,CESSY.,宮崎県,2103,JIN,宮崎県,0,,-
EMPRESS,Just a Little Smile,0,,-,806,5.1.1.,宮崎県,1279,5.1.1.,宮崎県,2336,YAJU&U,宮崎県,0,,-
EMPRESS,Kung-fu Empire,0,,-,1451,5.1.1.,宮崎県,2422,KUROKO,宮崎県,3151,YAJU&U,宮崎県,3778,KENZOW,宮崎県
EMPRESS,Marie Antoinette,0,,-,1063,5.1.1.,宮崎県,1793,MIDORI,宮崎県,2569,YAJU&U,宮崎県,3110,YAJU&U,宮崎県
EMPRESS,Mind Mapping,194,TU2222,宮崎県,859,5.1.1.,宮崎県,1190,5.1.1.,宮崎県,1765,KENZOW,宮崎県,2193,42TAI,宮崎県
EMPRESS,Monkey Dance '09,0,,-,861,5.1.1.,宮崎県,1595,BENT,宮崎県,2208,42TAI,宮崎県,0,,-
EMPRESS,naughty girl@Queen's Palace,0,,-,826,5.1.1.,宮崎県,1584,MAJIN2,宮崎県,2096,YAJU&U,宮崎県,2487,KENZOW,宮崎県
EMPRESS,neogenesis,0,,-,968,5.1.1.,宮崎県,985,DJC-HR,宮崎県,1692,YAJU&U,宮崎県,2286,42TAI,宮崎県
EMPRESS,NΦ CRIME,0,,-,818,5.1.1.,宮崎県,1395,CESSY.,宮崎県,1875,YAJU&U,宮崎県,2398,YAJU&U,宮崎県
EMPRESS,Programmed World,0,,-,919,5.1.1.,宮崎県,1627,5.1.1.,宮崎県,2263,YAJU&U,宮崎県,0,,-
EMPRESS,Punch Love 仮面,0,,-,1100,5.1.1.,宮崎県,1653,CESSY.,宮崎県,2511,YAJU&U,宮崎県,3201,YAJU&U,宮崎県
EMPRESS,Queen's Tragedy,0,,-,834,5.1.1.,宮崎県,1510,MAJIN2,宮崎県,2112,JIN,宮崎県,0,,-
EMPRESS,Secrets,0,,-,1243,5.1.1.,宮崎県,2057,BENT,宮崎県,3070,YAJU&U,宮崎県,4015,YAJU&U,宮崎県
EMPRESS,smooooch・∀・,296,KAMA,宮崎県,816,5.1.1.,宮崎県,1619,SACHI,宮崎県,2112,YAJU&U,宮崎県,2712,42TAI,宮崎県
EMPRESS,SOLITON BEAM,0,,-,1377,5.1.1.,宮崎県,1984,CESSY.,宮崎県,2184,YOHANE,宮崎県,0,,-
EMPRESS,THANK YOU FOR PLAYING,0,,-,800,5.1.1.,宮崎県,1604,CESSY.,宮崎県,1992,JIN,宮崎県,2879,YAJU&U,宮崎県
EMPRESS,THE SHINING POLARIS(kors k mix),0,,-,1269,5.1.1.,宮崎県,1933,CESSY.,宮崎県,3070,109.C,宮崎県,0,,-
EMPRESS,thunder HOUSE NATION Remix,0,,-,1037,5.1.1.,宮崎県,1545,CESSY.,宮崎県,2431,YAJU&U,宮崎県,3789,42TAI,宮崎県
EMPRESS,Turii ～Panta rhei～,0,,-,884,5.1.1.,宮崎県,1923,ISHIN,宮崎県,2629,YAJU&U,宮崎県,0,,-
EMPRESS,V2,0,,-,1442,5.1.1.,宮崎県,2895,MAJIN2,宮崎県,3470,YAJU&U,宮崎県,0,,-
EMPRESS,Y&Co. is dead or alive,0,,-,1085,5.1.1.,宮崎県,1642,MAJIN2,宮崎県,2511,JIN,宮崎県,0,,-
EMPRESS,"You'll say ""Now!""",0,,-,1195,5.1.1.,宮崎県,1657,MONOBU,宮崎県,2408,KENZOW,宮崎県,0,,-
EMPRESS,まほろば,0,,-,774,5.1.1.,宮崎県,1242,YAJU&U,宮崎県,1993,YAJU&U,宮崎県,0,,-
EMPRESS,ハリツヤランデヴー,0,,-,939,5.1.1.,宮崎県,1922,YAJU&U,宮崎県,2357,ELISE*,宮崎県,0,,-
EMPRESS,ミッドナイト堕天使,0,,-,953,5.1.1.,宮崎県,1527,CESSY.,宮崎県,2741,YAJU&U,宮崎県,0,,-
EMPRESS,不沈艦CANDY,248,TU2222,宮崎県,1149,5.1.1.,宮崎県,1836,MONOBU,宮崎県,3231,YAJU&U,宮崎県,0,,-
EMPRESS,凛として咲く花の如く,343,T!,宮崎県,1302,5.1.1.,宮崎県,2083,CESSY.,宮崎県,2772,YAJU&U,宮崎県,3026,HM*K2B,宮崎県
EMPRESS,卑弥呼,0,,-,1233,5.1.1.,宮崎県,2654,YAJU&U,宮崎県,3834,YAJU&U,宮崎県,0,,-
EMPRESS,天空脳番長危機十六連打,0,,-,998,5.1.1.,宮崎県,1861,BENT,宮崎県,2322,JIN,宮崎県,0,,-
EMPRESS,山岡晃の「クイズ！家事都合！」,0,,-,660,5.1.1.,宮崎県,1286,CESSY.,宮崎県,2038,YAJU&U,宮崎県,0,,-
EMPRESS,翼,0,,-,890,5.1.1.,宮崎県,1474,CESSY.,宮崎県,1941,YAJU&U,宮崎県,2484,YAJU&U,宮崎県
EMPRESS,鉄甲乙女-under the steel-,0,,-,940,5.1.1.,宮崎県,1579,CESSY.,宮崎県,2119,JIN,宮崎県,0,,-
SIRIUS,AIR RAID FROM THA UNDAGROUND,360,LUMEN,宮崎県,1138,5.1.1.,宮崎県,733,02ZLKY,宮崎県,2112,KUROKO,宮崎県,2828,42TAI,宮崎県
SIRIUS,Almagest,0,,-,1015,5.1.1.,宮崎県,2004,KUROKO,宮崎県,3063,YAJU&U,宮崎県,0,,-
SIRIUS,Bad Maniacs,0,,-,1244,5.1.1.,宮崎県,1672,MONOBU,宮崎県,3163,YAJU&U,宮崎県,0,,-
SIRIUS,bass 2 bass,204,IIDX33,宮崎県,725,5.1.1.,宮崎県,1259,SACHI,宮崎県,1874,JIN,宮崎県,0,,-
SIRIUS,beatchic☆仮面～好き、でいさせて～,0,,-,994,5.1.1.,宮崎県,1568,ISHIN,宮崎県,2002,YAJU&U,宮崎県,0,,-
SIRIUS,BEAUTIFUL ANGEL,0,,-,631,5.1.1.,宮崎県,1500,QUAKES,宮崎県,2422,YAJU&U,宮崎県,0,,-
SIRIUS,being torn the sky,0,,-,657,5.1.1.,宮崎県,995,TAKE,宮崎県,1955,42TAI,宮崎県,0,,-
SIRIUS,bloomin' feeling,355,MITUYO,宮崎県,1265,5.1.1.,宮崎県,1889,YAJU&U,宮崎県,2572,YAJU&U,宮崎県,0,,-
SIRIUS,CaptivAte～裁き～(SUBLIME TECHNO MIX),0,,-,1011,5.1.1.,宮崎県,1433,BENT,宮崎県,2275,JIN,宮崎県,0,,-
SIRIUS,D,0,,-,1389,5.1.1.,宮崎県,1524,BENT,宮崎県,2441,YAJU&U,宮崎県,0,,-
SIRIUS,DAWN -THE NEXT ENDEAVOUR-,0,,-,1600,5.1.1.,宮崎県,2645,S.K,宮崎県,3090,YAJU&U,宮崎県,0,,-
SIRIUS,Dazzlin' Darlin-秋葉工房mix-,0,,-,797,5.1.1.,宮崎県,1275,NS#TLT,宮崎県,2077,YAJU&U,宮崎県,0,,-
SIRIUS,DESIRE,0,,-,932,5.1.1.,宮崎県,1710,YAN9MI,宮崎県,2830,YAJU&U,宮崎県,0,,-
SIRIUS,Do Back Burn,0,,-,714,5.1.1.,宮崎県,1345,CESSY.,宮崎県,2061,42TAI,宮崎県,0,,-
SIRIUS,DOMINION,0,,-,1215,5.1.1.,宮崎県,2225,CARRYE,宮崎県,2994,HM*K2B,宮崎県,0,,-
SIRIUS,DROP,0,,-,834,5.1.1.,宮崎県,1968,CESSY.,宮崎県,2560,YAJU&U,宮崎県,0,,-
SIRIUS,Elisha,0,,-,911,5.1.1.,宮崎県,1413,MONOBU,宮崎県,2194,JIN,宮崎県,0,,-
SIRIUS,Empire State Glory,0,,-,1102,5.1.1.,宮崎県,1659,BENT,宮崎県,2562,42TAI,宮崎県,0,,-
SIRIUS,eRAseRmOToRpHAntOM,0,,-,1501,5.1.1.,宮崎県,2156,XE.TEA,宮崎県,2970,CEMNN.,宮崎県,0,,-
SIRIUS,Evans,523,NICO,宮崎県,1210,5.1.1.,宮崎県,2062,JIN,宮崎県,2692,KENZOW,宮崎県,0,,-
SIRIUS,EXUSIA,0,,-,1216,5.1.1.,宮崎県,2384,KUROKO,宮崎県,3661,YAJU&U,宮崎県,0,,-
SIRIUS,G59,0,,-,1731,5.1.1.,宮崎県,2230,JIN,宮崎県,3745,KENZOW,宮崎県,0,,-
SIRIUS,GALGALIM,0,,-,1413,5.1.1.,宮崎県,1755,MONOBU,宮崎県,2278,42TAI,宮崎県,0,,-
SIRIUS,GOLDEN CROSS,0,,-,1090,5.1.1.,宮崎県,1891,ISHIN,宮崎県,3420,YAJU&U,宮崎県,0,,-
SIRIUS,Hydrogen Blueback,0,,-,1011,5.1.1.,宮崎県,1483,BENT,宮崎県,2304,YAJU&U,宮崎県,2339,YAJU&U,宮崎県
SIRIUS,IN THE NAME OF LOVE,0,,-,751,5.1.1.,宮崎県,1328,CESSY.,宮崎県,1908,YAJU&U,宮崎県,0,,-
SIRIUS,Keep it-秋葉工房mix-,0,,-,1002,5.1.1.,宮崎県,1571,CESSY.,宮崎県,1830,YAJU&U,宮崎県,0,,-
SIRIUS,Last Burning,0,,-,876,5.1.1.,宮崎県,0,,-,2279,JIN,宮崎県,0,,-
SIRIUS,Light Shine,0,,-,804,5.1.1.,宮崎県,1119,5.1.1.,宮崎県,1940,JIN,宮崎県,0,,-
SIRIUS,MIRACLE MEETS,0,,-,937,5.1.1.,宮崎県,1335,QUAKES,宮崎県,2193,YAJU&U,宮崎県,0,,-
SIRIUS,mosaic,0,,-,1440,5.1.1.,宮崎県,2060,YAJU&U,宮崎県,2990,YAJU&U,宮崎県,0,,-
SIRIUS,NEW SENSATION -もう、あなたしか見えない-,0,,-,1249,5.1.1.,宮崎県,1982,CEMNN.,宮崎県,2647,YAJU&U,宮崎県,0,,-
SIRIUS,NoN-Fiction Story!,0,,-,711,5.1.1.,宮崎県,1009,AKENO,宮崎県,2104,JIN,宮崎県,0,,-
SIRIUS,Programmed Sun,0,,-,1092,5.1.1.,宮崎県,1689,CPU0,宮崎県,2442,CUENVO,宮崎県,0,,-
SIRIUS,quell～the seventh slave～,0,,-,956,5.1.1.,宮崎県,1664,MONOBU,宮崎県,3103,KENZOW,宮崎県,0,,-
SIRIUS,Raison d'etre～交差する宿命～,0,,-,1200,5.1.1.,宮崎県,2081,MONOBU,宮崎県,2510,JIN,宮崎県,4658,YAJU&U,宮崎県
SIRIUS,Red. by Full Metal Jacket,0,,-,1005,5.1.1.,宮崎県,1940,S.K,宮崎県,3061,YAJU&U,宮崎県,0,,-
SIRIUS,Roots of my way!,0,,-,882,5.1.1.,宮崎県,1303,CESSY.,宮崎県,1960,DIRTY,宮崎県,0,,-
SIRIUS,Session 1 -Genesis-,0,,-,899,5.1.1.,宮崎県,1508,CESSY.,宮崎県,2411,KENZOW,宮崎県,0,,-
SIRIUS,She is my wife,345,74C,宮崎県,692,5.1.1.,宮崎県,1166,PIYOSK,宮崎県,1961,YAJU&U,宮崎県,0,,-
SIRIUS,SOLID STATE SQUAD,0,,-,1059,5.1.1.,宮崎県,2078,CESSY.,宮崎県,3472,YAJU&U,宮崎県,3469,42TAI,宮崎県
SIRIUS,Sorrows,0,,-,796,5.1.1.,宮崎県,1612,ISHIN,宮崎県,2435,CARRYE,宮崎県,0,,-
SIRIUS,Special One,0,,-,835,5.1.1.,宮崎県,1173,CESSY.,宮崎県,1721,JIN,宮崎県,0,,-
SIRIUS,THE LAST STRIKER,0,,-,1387,5.1.1.,宮崎県,1558,QUAKES,宮崎県,2501,YAJU&U,宮崎県,0,,-
SIRIUS,The Story Begins,0,,-,850,5.1.1.,宮崎県,1573,4MOTKN,宮崎県,2297,DIRTY,宮崎県,0,,-
SIRIUS,かずあそび,0,,-,523,5.1.1.,宮崎県,446,RADISH,宮崎県,1692,YAJU&U,宮崎県,0,,-
SIRIUS,たからもの,0,,-,1273,5.1.1.,宮崎県,1819,ISHIN,宮崎県,2217,YAJU&U,宮崎県,3457,KENZOW,宮崎県
SIRIUS,コスモス,0,,-,906,5.1.1.,宮崎県,1444,BENT,宮崎県,2015,ELISE*,宮崎県,0,,-
SIRIUS,サヨナラ・ヘヴン,173,IIDX33,宮崎県,914,5.1.1.,宮崎県,1168,NS#TLT,宮崎県,1636,JIN,宮崎県,2079,42TAI,宮崎県
SIRIUS,バビロニア,0,,-,822,5.1.1.,宮崎県,1293,CESSY.,宮崎県,1829,42TAI,宮崎県,0,,-
SIRIUS,ワルツ第17番 ト短調”大犬のワルツ”,0,,-,1222,5.1.1.,宮崎県,2285,YAJU&U,宮崎県,2991,YAJU&U,宮崎県,0,,-
SIRIUS,未来のプリズム,0,,-,697,5.1.1.,宮崎県,1296,5.1.1.,宮崎県,1726,YAJU&U,宮崎県,0,,-
SIRIUS,"水上の提督(Short mix from ""幻想水滸伝V"")",0,,-,701,5.1.1.,宮崎県,1214,CON,宮崎県,2005,42TAI,宮崎県,0,,-
Resort Anthem,Aegis,0,,-,886,5.1.1.,宮崎県,1307,5.1.1.,宮崎県,2240,KENZOW,宮崎県,0,,-
Resort Anthem,ALBIDA,388,KAMA,宮崎県,1090,5.1.1.,宮崎県,1771,SIE,宮崎県,2888,KENZOW,宮崎県,0,,-
Resort Anthem,Answer,0,,-,775,5.1.1.,宮崎県,1428,CESSY.,宮崎県,2393,YAJU&U,宮崎県,0,,-
Resort Anthem,ANTHEM LANDING,0,,-,950,5.1.1.,宮崎県,1773,KUROKO,宮崎県,2908,YAJU&U,宮崎県,0,,-
Resort Anthem,Believe In Me,0,,-,1031,5.1.1.,宮崎県,1728,CESSY.,宮崎県,2231,JIN,宮崎県,0,,-
Resort Anthem,BLUST OF WIND,0,,-,817,5.1.1.,宮崎県,1509,5.1.1.,宮崎県,2071,JIN,宮崎県,2508,42TAI,宮崎県
Resort Anthem,Bounce Bounce Bounce,0,,-,1078,5.1.1.,宮崎県,1589,MONOBU,宮崎県,2343,KENZOW,宮崎県,0,,-
Resort Anthem,Breaking the ground,0,,-,1161,5.1.1.,宮崎県,1742,YAJU&U,宮崎県,2470,YAJU&U,宮崎県,0,,-
Resort Anthem,Broken,0,,-,1048,5.1.1.,宮崎県,2060,YAJU&U,宮崎県,3116,YAJU&U,宮崎県,0,,-
Resort Anthem,BROKEN EDEN,0,,-,1038,5.1.1.,宮崎県,1708,CESSY.,宮崎県,2274,KENZOW,宮崎県,0,,-
Resort Anthem,Dances with Snow Fairies,0,,-,1393,5.1.1.,宮崎県,2004,BENT,宮崎県,2990,KENZOW,宮崎県,3747,42TAI,宮崎県
Resort Anthem,DAYDREAMER,0,,-,1170,5.1.1.,宮崎県,1722,ISHIN,宮崎県,2485,YAJU&U,宮崎県,0,,-
Resort Anthem,Destiny Sword,0,,-,880,5.1.1.,宮崎県,1480,SKY,宮崎県,2249,JIN,宮崎県,0,,-
Resort Anthem,DM STAR～関西 energy style～,0,,-,1077,5.1.1.,宮崎県,1688,6A9,宮崎県,2352,JIN,宮崎県,0,,-
Resort Anthem,Energy Drive,0,,-,864,5.1.1.,宮崎県,1363,5.1.1.,宮崎県,2159,42TAI,宮崎県,0,,-
Resort Anthem,Eternal Tears,0,,-,438,5.1.1.,宮崎県,1084,5.1.1.,宮崎県,1349,JIN,宮崎県,0,,-
Resort Anthem,Everlasting Resort,0,,-,867,5.1.1.,宮崎県,1266,CESSY.,宮崎県,1840,42TAI,宮崎県,0,,-
Resort Anthem,Fantasia,0,,-,400,5.1.1.,宮崎県,1510,5.1.1.,宮崎県,2221,KENZOW,宮崎県,0,,-
Resort Anthem,Golden Palms,0,,-,738,5.1.1.,宮崎県,1043,SUNA.A,宮崎県,1921,KENZOW,宮崎県,2284,42TAI,宮崎県
Resort Anthem,I FIGHT ME,0,,-,623,5.1.1.,宮崎県,1394,CESSY.,宮崎県,2108,42TAI,宮崎県,0,,-
Resort Anthem,Kailua,0,,-,526,5.1.1.,宮崎県,1283,5.1.1.,宮崎県,2146,42TAI,宮崎県,0,,-
Resort Anthem,Let The Track Flow,0,,-,1093,5.1.1.,宮崎県,1839,YAJU&U,宮崎県,2621,YAJU&U,宮崎県,0,,-
Resort Anthem,Medicine of love,0,,-,654,5.1.1.,宮崎県,1089,5.1.1.,宮崎県,1728,YAJU&U,宮崎県,2447,KENZOW,宮崎県
Resort Anthem,Mermaid girl,403,DRESS*,宮崎県,969,5.1.1.,宮崎県,1631,P.MS1,宮崎県,2199,YAJU&U,宮崎県,0,,-
Resort Anthem,Never Fade Away,0,,-,782,5.1.1.,宮崎県,1553,YAN9MI,宮崎県,2971,YAJU&U,宮崎県,0,,-
Resort Anthem,New Castle Legions,0,,-,951,5.1.1.,宮崎県,1739,HIFUMI,宮崎県,2421,YAJU&U,宮崎県,0,,-
Resort Anthem,PARADISE LOST,0,,-,1371,5.1.1.,宮崎県,2182,JIN,宮崎県,3117,KENZOW,宮崎県,0,,-
Resort Anthem,passionate fate,0,,-,1129,5.1.1.,宮崎県,1400,QUAKES,宮崎県,2082,YAJU&U,宮崎県,0,,-
Resort Anthem,perditus†paradisus,0,,-,1212,5.1.1.,宮崎県,2349,CUENVO,宮崎県,3607,KENZOW,宮崎県,0,,-
Resort Anthem,Programmed Life,0,,-,1077,5.1.1.,宮崎県,1328,PIYOSK,宮崎県,2302,42TAI,宮崎県,0,,-
Resort Anthem,reunion,275,7!XXXX,宮崎県,1355,5.1.1.,宮崎県,2197,KEN*2,宮崎県,3160,YAJU&U,宮崎県,0,,-
Resort Anthem,Rock Da House,0,,-,891,5.1.1.,宮崎県,1320,PIYOSK,宮崎県,2119,CUENVO,宮崎県,0,,-
Resort Anthem,SABER WING,0,,-,542,5.1.1.,宮崎県,1756,CESSY.,宮崎県,2654,HM*K2B,宮崎県,0,,-
Resort Anthem,Sakura Reflection,0,,-,476,5.1.1.,宮崎県,1404,PIYOSK,宮崎県,2358,YAJU&U,宮崎県,0,,-
Resort Anthem,sakura storm,0,,-,1029,5.1.1.,宮崎県,1282,5.1.1.,宮崎県,2382,YAJU&U,宮崎県,0,,-
Resort Anthem,Session 9 -Chronicles-,0,,-,751,5.1.1.,宮崎県,2128,6A9,宮崎県,3342,YAJU&U,宮崎県,0,,-
Resort Anthem,Space Time,0,,-,625,5.1.1.,宮崎県,1607,CESSY.,宮崎県,2122,42TAI,宮崎県,0,,-
Resort Anthem,SPECIAL SUMMER CAMPAIGN!,0,,-,708,5.1.1.,宮崎県,1528,MONOBU,宮崎県,2896,KENZOW,宮崎県,0,,-
Resort Anthem,Stay my side,0,,-,637,5.1.1.,宮崎県,1026,CESSY.,宮崎県,1340,JIN,宮崎県,0,,-
Resort Anthem,STELLAR WIND,0,,-,640,5.1.1.,宮崎県,1684,5.1.1.,宮崎県,2612,YAJU&U,宮崎県,0,,-
Resort Anthem,THE BLACK KNIGHT,0,,-,923,5.1.1.,宮崎県,2052,YAJU&U,宮崎県,2879,YAJU&U,宮崎県,4335,YAJU&U,宮崎県
Resort Anthem,THE DOOR INTO RAINBOW,0,,-,799,5.1.1.,宮崎県,1639,CESSY.,宮崎県,2051,JIN,宮崎県,0,,-
Resort Anthem,THE FALLEN,0,,-,904,5.1.1.,宮崎県,1199,NS#TLT,宮崎県,2623,YAJU&U,宮崎県,0,,-
Resort Anthem,Tropical April,0,,-,1575,5.1.1.,宮崎県,2194,CESSY.,宮崎県,2692,42TAI,宮崎県,0,,-
Resort Anthem,Vermillion,0,,-,535,5.1.1.,宮崎県,1155,CESSY.,宮崎県,1907,KUROKO,宮崎県,0,,-
Resort Anthem,Watch Out Pt.2,0,,-,1129,5.1.1.,宮崎県,1768,MAJIN2,宮崎県,2714,KENZOW,宮崎県,0,,-
Resort Anthem,WISE UP!,0,,-,484,5.1.1.,宮崎県,0,,-,1556,JIN,宮崎県,2385,CUENVO,宮崎県
Resort Anthem,Wuv U,0,,-,412,5.1.1.,宮崎県,1278,5.1.1.,宮崎県,1606,KUROKO,宮崎県,0,,-
Resort Anthem,XANADU OF TWO,0,,-,993,5.1.1.,宮崎県,1725,YAJU&U,宮崎県,2685,YAJU&U,宮崎県,3431,YAJU&U,宮崎県
Resort Anthem,ZETA～素数の世界と超越者～,0,,-,596,5.1.1.,宮崎県,1992,BENT,宮崎県,2972,109.C,宮崎県,0,,-
Resort Anthem,おおきなこえで,0,,-,441,5.1.1.,宮崎県,952,5.1.1.,宮崎県,1409,YOHANE,宮崎県,2069,JIN,宮崎県
Resort Anthem,かげぬい ～ Ver.BENIBOTAN ～,196,TU2222,宮崎県,859,5.1.1.,宮崎県,985,TAKE,宮崎県,1857,JIN,宮崎県,0,,-
Resort Anthem,中華急行,0,,-,327,5.1.1.,宮崎県,1465,5.1.1.,宮崎県,2243,JIN,宮崎県,0,,-
Resort Anthem,夕焼け ～Fading Day～,0,,-,977,5.1.1.,宮崎県,2009,JIN,宮崎県,2584,AIM,宮崎県,0,,-
Resort Anthem,旅人リラン,0,,-,1126,5.1.1.,宮崎県,1517,QUAKES,宮崎県,2511,42TAI,宮崎県,0,,-
Resort Anthem,灼熱Beach Side Bunny,418,02ZLKY,宮崎県,1079,5.1.1.,宮崎県,1948,YAJU&U,宮崎県,2851,KENZOW,宮崎県,0,,-
Resort Anthem,黒髪乱れし修羅となりて,0,,-,797,5.1.1.,宮崎県,1953,CESSY.,宮崎県,3273,KENZOW,宮崎県,0,,-
Lincle,24th Century BOY,0,,-,842,5.1.1.,宮崎県,1164,ME1GE2,宮崎県,2818,42TAI,宮崎県,0,,-
Lincle,532nm,0,,-,569,5.1.1.,宮崎県,1161,5.1.1.,宮崎県,2517,109.C,宮崎県,0,,-
Lincle,A MINSTREL ～ ver. short-scape ～,0,,-,678,5.1.1.,宮崎県,1416,CESSY.,宮崎県,2285,JIN,宮崎県,3777,42TAI,宮崎県
Lincle,Almace,0,,-,846,5.1.1.,宮崎県,1250,BENT,宮崎県,1875,NANA-4,宮崎県,0,,-
Lincle,ANAGRAMS I to Y,0,,-,902,5.1.1.,宮崎県,1602,CESSY.,宮崎県,2466,YAJU&U,宮崎県,0,,-
Lincle,BLACK.by X-Cross Fade,0,,-,1019,5.1.1.,宮崎県,2173,JIN,宮崎県,3313,YAJU&U,宮崎県,0,,-
Lincle,CALL,0,,-,367,5.1.1.,宮崎県,833,5.1.1.,宮崎県,1414,JIN,宮崎県,2591,42TAI,宮崎県
Lincle,Castle on the Moon,158,RINNY,宮崎県,654,5.1.1.,宮崎県,1399,RYO.P,宮崎県,2349,42TAI,宮崎県,0,,-
Lincle,Change the World,0,,-,814,5.1.1.,宮崎県,1341,CESSY.,宮崎県,1776,SACHI,宮崎県,0,,-
Lincle,DIAVOLO,0,,-,1284,5.1.1.,宮崎県,1894,YAJU&U,宮崎県,3032,YAJU&U,宮崎県,0,,-
Lincle,Drive Me Crazy,0,,-,713,5.1.1.,宮崎県,1248,CHAMIN,宮崎県,2270,YAJU&U,宮崎県,0,,-
Lincle,Express Emotion,0,,-,752,5.1.1.,宮崎県,1014,ISHIN,宮崎県,2474,YAJU&U,宮崎県,0,,-
Lincle,F,0,,-,1044,5.1.1.,宮崎県,2014,DIRTY,宮崎県,3405,KENZOW,宮崎県,0,,-
Lincle,Far east nightbird,0,,-,519,5.1.1.,宮崎県,1300,5.1.1.,宮崎県,1957,MI*,宮崎県,0,,-
Lincle,fffff,0,,-,838,5.1.1.,宮崎県,1772,RYO.P,宮崎県,2965,KENZOW,宮崎県,0,,-
Lincle,Flip Flap,274,TERU*,宮崎県,578,5.1.1.,宮崎県,1313,CESSY.,宮崎県,2142,JIN,宮崎県,0,,-
Lincle,Follow Tomorrow,0,,-,895,5.1.1.,宮崎県,1422,5.1.1.,宮崎県,2215,YAJU&U,宮崎県,0,,-
Lincle,GIGANT,0,,-,583,5.1.1.,宮崎県,1143,CESSY.,宮崎県,1681,JIN,宮崎県,2657,JIN,宮崎県
Lincle,HAERETICUS,0,,-,839,5.1.1.,宮崎県,1686,TAKU.,宮崎県,2811,KENZOW,宮崎県,0,,-
Lincle,I'm so Happy,259,27CAN.,宮崎県,412,5.1.1.,宮崎県,1340,CESSY.,宮崎県,2309,YAJU&U,宮崎県,0,,-
Lincle,In the Blackest Den,0,,-,875,5.1.1.,宮崎県,1461,CESSY.,宮崎県,2489,YAJU&U,宮崎県,0,,-
Lincle,Infinite cave,0,,-,1002,5.1.1.,宮崎県,1148,KATU,宮崎県,1963,JIN,宮崎県,0,,-
Lincle,KYAMISAMA ONEGAI!,0,,-,674,CESSY.,宮崎県,1115,YAJU&U,宮崎県,2052,YAJU&U,宮崎県,2954,42TAI,宮崎県
Lincle,LAX5 feat.Ryota Yoshinari,0,,-,1066,5.1.1.,宮崎県,2057,ISHIN,宮崎県,2758,HM*K2B,宮崎県,0,,-
Lincle,LETHEBOLG ～双神威に斬り咲けり～,0,,-,1019,5.1.1.,宮崎県,1569,ISHIN,宮崎県,2159,JIN,宮崎県,0,,-
Lincle,Liquid Crystal Girl feat. echo,0,,-,415,5.1.1.,宮崎県,996,TAKE,宮崎県,1997,JIN,宮崎県,0,,-
Lincle,LOVE B.B.B,0,,-,775,5.1.1.,宮崎県,1175,AKENO,宮崎県,2007,YAJU&U,宮崎県,0,,-
Lincle,Lucky Days,0,,-,648,5.1.1.,宮崎県,1430,5.1.1.,宮崎県,2127,MI*,宮崎県,0,,-
Lincle,Mermaid girl-秋葉工房 MIX-,0,,-,820,5.1.1.,宮崎県,1342,YAJU&U,宮崎県,2055,YAJU&U,宮崎県,0,,-
Lincle,Miami Sunset Drive,0,,-,640,5.1.1.,宮崎県,714,MUGUET,宮崎県,1569,JIN,宮崎県,0,,-
Lincle,NNRT,0,,-,1229,5.1.1.,宮崎県,2309,BENT,宮崎県,3385,YAJU&U,宮崎県,0,,-
Lincle,Phoenix,0,,-,878,5.1.1.,宮崎県,967,AKENO,宮崎県,2286,JIN,宮崎県,3878,YAJU&U,宮崎県
Lincle,prompt,0,,-,950,5.1.1.,宮崎県,1541,ISHIN,宮崎県,2594,JIN,宮崎県,0,,-
Lincle,QUANTUM TELEPORTATION,0,,-,1352,5.1.1.,宮崎県,2059,MONOBU,宮崎県,2847,YAJU&U,宮崎県,3480,KENZOW,宮崎県
Lincle,quaver♪,0,,-,707,5.1.1.,宮崎県,2062,CARRYE,宮崎県,3397,YAJU&U,宮崎県,0,,-
Lincle,Quick Silver,0,,-,791,5.1.1.,宮崎県,1740,CESSY.,宮崎県,2551,SACHI,宮崎県,0,,-
Lincle,Release The Music,0,,-,836,5.1.1.,宮崎県,0,,-,1958,KENZOW,宮崎県,0,,-
Lincle,RESISTANCE,0,,-,626,5.1.1.,宮崎県,1310,CESSY.,宮崎県,2321,JIN,宮崎県,0,,-
Lincle,Round and Round,0,,-,784,5.1.1.,宮崎県,1206,5.1.1.,宮崎県,2129,YAJU&U,宮崎県,0,,-
Lincle,SA.YO.NA.RA. SUPER STAR,0,,-,483,5.1.1.,宮崎県,1240,CESSY.,宮崎県,1582,JIN,宮崎県,0,,-
Lincle,Scharfrichter,0,,-,874,5.1.1.,宮崎県,1574,CESSY.,宮崎県,2657,NANA-4,宮崎県,0,,-
Lincle,Several Words,0,,-,637,5.1.1.,宮崎県,1397,CESSY.,宮崎県,2126,JIN,宮崎県,0,,-
Lincle,SHADE,0,,-,1080,5.1.1.,宮崎県,1910,SHU-KA,宮崎県,2812,KENZOW,宮崎県,0,,-
Lincle,Snake Stick,0,,-,1026,5.1.1.,宮崎県,1955,YAJU&U,宮崎県,2557,KENZOW,宮崎県,0,,-
Lincle,Snow Goose,0,,-,374,5.1.1.,宮崎県,1339,S.K,宮崎県,2418,YAJU&U,宮崎県,0,,-
Lincle,Star Trail,0,,-,638,5.1.1.,宮崎県,1146,CESSY.,宮崎県,1789,JIN,宮崎県,2476,42TAI,宮崎県
Lincle,The Limbo,0,,-,1160,5.1.1.,宮崎県,1885,MONOBU,宮崎県,3284,YAJU&U,宮崎県,4127,YAJU&U,宮崎県
Lincle,The Sampling Paradise,0,,-,841,5.1.1.,宮崎県,1659,MONOBU,宮崎県,2949,YAJU&U,宮崎県,0,,-
Lincle,Thunderbolt,0,,-,1036,5.1.1.,宮崎県,1702,SKY.RV,宮崎県,3689,YAJU&U,宮崎県,0,,-
Lincle,TITANS RETURN,0,,-,626,5.1.1.,宮崎県,1443,5.1.1.,宮崎県,2366,42TAI,宮崎県,2424,KENZOW,宮崎県
Lincle,Todestrieb,0,,-,1088,5.1.1.,宮崎県,1636,YUKA,宮崎県,3393,YAJU&U,宮崎県,0,,-
Lincle,Voxane,0,,-,620,5.1.1.,宮崎県,1197,5.1.1.,宮崎県,1656,JIN,宮崎県,0,,-
Lincle,WONDER WALKER,0,,-,983,5.1.1.,宮崎県,1818,5.1.1.,宮崎県,3740,YAJU&U,宮崎県,0,,-
Lincle,YAKSHA,0,,-,1214,5.1.1.,宮崎県,2232,CUENVO,宮崎県,3536,AIM,宮崎県,0,,-
Lincle,yellow head joe,0,,-,791,5.1.1.,宮崎県,1442,CESSY.,宮崎県,2092,YOHANE,宮崎県,3065,YAJU&U,宮崎県
Lincle,Yellow Sunrise,0,,-,765,5.1.1.,宮崎県,1371,CESSY.,宮崎県,2200,JIN,宮崎県,0,,-
Lincle,ビューティフルレシート,131,SYUNYA,宮崎県,511,5.1.1.,宮崎県,1184,5.1.1.,宮崎県,1893,JIN,宮崎県,0,,-
Lincle,ユミル,0,,-,654,5.1.1.,宮崎県,1315,CESSY.,宮崎県,2787,YAJU&U,宮崎県,0,,-
Lincle,君のハートにロックオン,0,,-,709,5.1.1.,宮崎県,1576,CESSY.,宮崎県,2589,YAJU&U,宮崎県,3246,YAJU&U,宮崎県
Lincle,天空の夜明け,0,,-,1333,5.1.1.,宮崎県,1936,KUROKO,宮崎県,3822,YAJU&U,宮崎県,0,,-
Lincle,子供の落書き帳,0,,-,894,5.1.1.,宮崎県,1726,KUROKO,宮崎県,2476,KENZOW,宮崎県,0,,-
Lincle,恋する☆宇宙戦争っ！！,451,MITUYO,宮崎県,894,5.1.1.,宮崎県,1720,MONOBU,宮崎県,3278,AIM,宮崎県,4482,YAJU&U,宮崎県
Lincle,突撃!ガラスのニーソ姫!,0,,-,649,5.1.1.,宮崎県,1070,Y0TIKO,宮崎県,2098,YAJU&U,宮崎県,0,,-
Lincle,聖人の塔,0,,-,953,5.1.1.,宮崎県,1777,S.K,宮崎県,2949,YAJU&U,宮崎県,4158,YAJU&U,宮崎県
Lincle,蛇神,0,,-,731,5.1.1.,宮崎県,1262,QUAKES,宮崎県,2804,YAJU&U,宮崎県,3614,YAJU&U,宮崎県
Lincle,衰色小町メランコリア,0,,-,788,5.1.1.,宮崎県,1379,CESSY.,宮崎県,2344,YAJU&U,宮崎県,0,,-
Lincle,陽炎,0,,-,627,5.1.1.,宮崎県,1161,CESSY.,宮崎県,1975,JIN,宮崎県,0,,-
tricoro,405nm (Ryu☆mix),0,,-,920,5.1.1.,宮崎県,1596,ISHIN,宮崎県,2566,YAJU&U,宮崎県,0,,-
tricoro,8bit Princess,0,,-,651,5.1.1.,宮崎県,1328,ISHIN,宮崎県,2605,KENZOW,宮崎県,0,,-
tricoro,Ascalon,0,,-,1101,5.1.1.,宮崎県,1297,AKENO,宮崎県,2204,AIM,宮崎県,0,,-
tricoro,Beastie Starter,0,,-,538,5.1.1.,宮崎県,1236,CESSY.,宮崎県,2066,42TAI,宮崎県,0,,-
tricoro,BLUE STRAGGLER,0,,-,853,5.1.1.,宮崎県,1026,MINO,宮崎県,2567,YAJU&U,宮崎県,0,,-
tricoro,BRAVE GLOW,0,,-,825,5.1.1.,宮崎県,1569,SHU-KA,宮崎県,2381,JIN,宮崎県,0,,-
tricoro,CONCEPTUAL,0,,-,822,5.1.1.,宮崎県,1315,CESSY.,宮崎県,2569,CUENVO,宮崎県,0,,-
tricoro,Confiserie,0,,-,932,5.1.1.,宮崎県,1961,KUROKO,宮崎県,3451,YAJU&U,宮崎県,0,,-
tricoro,connective,0,,-,400,5.1.1.,宮崎県,1094,CESSY.,宮崎県,1568,42TAI,宮崎県,0,,-
tricoro,Cookie Bouquets,0,,-,879,5.1.1.,宮崎県,2024,ISHIN,宮崎県,3318,YAJU&U,宮崎県,0,,-
tricoro,DAY DREAM,0,,-,555,5.1.1.,宮崎県,1119,MAJIN2,宮崎県,1722,YAJU&U,宮崎県,0,,-
tricoro,Devilz Staircase,0,,-,648,5.1.1.,宮崎県,2213,YAJU&U,宮崎県,3243,YAJU&U,宮崎県,0,,-
tricoro,Elemental Creation,210,SEN,宮崎県,1455,5.1.1.,宮崎県,2226,KUROKO,宮崎県,3851,KENZOW,宮崎県,0,,-
tricoro,examination leave,0,,-,1133,5.1.1.,宮崎県,1872,CESSY.,宮崎県,3149,42TAI,宮崎県,0,,-
tricoro,FLOWER,299,AAAAAA,宮崎県,1108,5.1.1.,宮崎県,1679,BENT,宮崎県,2870,YAJU&U,宮崎県,0,,-
tricoro,Fly you to the star,0,,-,769,5.1.1.,宮崎県,1543,5.1.1.,宮崎県,2237,KENZOW,宮崎県,0,,-
tricoro,GAIA,0,,-,1040,5.1.1.,宮崎県,1927,BENT,宮崎県,3236,YAJU&U,宮崎県,0,,-
tricoro,GRADIUS 2012,0,,-,912,5.1.1.,宮崎県,1624,5.1.1.,宮崎県,2548,JIN,宮崎県,0,,-
tricoro,Hollywood Galaxy,0,,-,1082,5.1.1.,宮崎県,1940,S.K,宮崎県,2656,YAJU&U,宮崎県,0,,-
tricoro,Howling,0,,-,552,5.1.1.,宮崎県,1320,CESSY.,宮崎県,2021,JIN,宮崎県,2567,42TAI,宮崎県
tricoro,I know You know,0,,-,592,5.1.1.,宮崎県,1158,5.1.1.,宮崎県,1854,KENZOW,宮崎県,0,,-
tricoro,ILIAS,0,,-,800,5.1.1.,宮崎県,1267,CESSY.,宮崎県,2107,SACHI,宮崎県,0,,-
tricoro,Illegal Function Call,0,,-,994,5.1.1.,宮崎県,1719,CPU0,宮崎県,2544,YAJU&U,宮崎県,3286,YAJU&U,宮崎県
tricoro,In Heaven,0,,-,758,5.1.1.,宮崎県,1452,YAJU&U,宮崎県,2125,YAJU&U,宮崎県,0,,-
tricoro,JOMANDA,0,,-,1139,5.1.1.,宮崎県,1997,BENT,宮崎県,3405,109.C,宮崎県,0,,-
tricoro,Liberation,0,,-,1467,5.1.1.,宮崎県,2221,DIRTY,宮崎県,3649,YAJU&U,宮崎県,0,,-
tricoro,Light and Cyber…,0,,-,1042,5.1.1.,宮崎県,1939,CESSY.,宮崎県,2844,KUROKO,宮崎県,0,,-
tricoro,Little Star,0,,-,985,5.1.1.,宮崎県,1663,5.1.1.,宮崎県,3121,YAJU&U,宮崎県,0,,-
tricoro,LUV CAN SAVE U,0,,-,582,5.1.1.,宮崎県,1408,5.1.1.,宮崎県,2005,JIN,宮崎県,2612,NANA-4,宮崎県
tricoro,mnemoniq,0,,-,527,5.1.1.,宮崎県,923,CESSY.,宮崎県,1296,JIN,宮崎県,0,,-
tricoro,Neonlights,0,,-,655,5.1.1.,宮崎県,1033,REPLAY,宮崎県,2150,SACHI,宮崎県,0,,-
tricoro,neu,180,TERU*,宮崎県,973,5.1.1.,宮崎県,2068,BENT,宮崎県,3748,KENZOW,宮崎県,0,,-
tricoro,New Decade IIDX Edition,0,,-,993,5.1.1.,宮崎県,1448,PIYOSK,宮崎県,2870,42TAI,宮崎県,0,,-
tricoro,New Lights,0,,-,1044,5.1.1.,宮崎県,1650,BENT,宮崎県,2376,JIN,宮崎県,0,,-
tricoro,Plan 8,0,,-,1158,5.1.1.,宮崎県,2223,YAJU&U,宮崎県,3031,YAJU&U,宮崎県,0,,-
tricoro,planarian,0,,-,709,5.1.1.,宮崎県,1594,5.1.1.,宮崎県,2519,YAJU&U,宮崎県,0,,-
tricoro,POINT ZERO,0,,-,710,5.1.1.,宮崎県,1227,CESSY.,宮崎県,2032,42TAI,宮崎県,0,,-
tricoro,Präludium,0,,-,702,5.1.1.,宮崎県,1427,YAJU&U,宮崎県,2254,YAJU&U,宮崎県,0,,-
tricoro,Proof of the existence,0,,-,1174,5.1.1.,宮崎県,1878,MONOBU,宮崎県,3125,YAJU&U,宮崎県,0,,-
tricoro,Rainbow after snow,0,,-,729,5.1.1.,宮崎県,1446,5.1.1.,宮崎県,2149,YAJU&U,宮崎県,0,,-
tricoro,Re:GENERATION,0,,-,937,5.1.1.,宮崎県,1228,QUAKES,宮崎県,2072,CESSY.,宮崎県,0,,-
tricoro,Reflection Into the EDEN,0,,-,776,5.1.1.,宮崎県,1362,CESSY.,宮崎県,2067,42TAI,宮崎県,0,,-
tricoro,rumrum triplets,0,,-,964,5.1.1.,宮崎県,1961,KENZOW,宮崎県,2806,YOHANE,宮崎県,0,,-
tricoro,S!ck,0,,-,908,5.1.1.,宮崎県,1399,SHU-KA,宮崎県,2613,YAJU&U,宮崎県,0,,-
tricoro,Saturn,0,,-,1293,5.1.1.,宮崎県,1818,SHU-KA,宮崎県,2524,YAJU&U,宮崎県,3277,KENZOW,宮崎県
tricoro,Shining World,0,,-,1236,5.1.1.,宮崎県,1525,SHU-KA,宮崎県,1941,YAJU&U,宮崎県,0,,-
tricoro,SHION,0,,-,673,5.1.1.,宮崎県,1281,S.K,宮崎県,2629,JIN,宮崎県,0,,-
tricoro,Sol Cosine Job 2,0,,-,1056,5.1.1.,宮崎県,1568,SHU-KA,宮崎県,2999,KENZOW,宮崎県,0,,-
tricoro,STULTI,0,,-,801,5.1.1.,宮崎県,1402,BENT,宮崎県,2415,HM*K2B,宮崎県,0,,-
tricoro,SYNC-ANTHEM,0,,-,944,5.1.1.,宮崎県,2227,MONOBU,宮崎県,3638,YAJU&U,宮崎県,0,,-
tricoro,Synergy For Angels,0,,-,901,5.1.1.,宮崎県,1638,CESSY.,宮崎県,2523,YOHANE,宮崎県,0,,-
tricoro,Take My Life,0,,-,963,5.1.1.,宮崎県,1573,CESSY.,宮崎県,2866,YAJU&U,宮崎県,0,,-
tricoro,Thor's Hammer,0,,-,951,5.1.1.,宮崎県,1802,YAJU&U,宮崎県,2790,KENZOW,宮崎県,0,,-
tricoro,Time To Empress,0,,-,913,5.1.1.,宮崎県,1624,YUKA,宮崎県,2531,42TAI,宮崎県,3092,YAJU&U,宮崎県
tricoro,Timepiece phase II,0,,-,1042,5.1.1.,宮崎県,1840,CESSY.,宮崎県,3038,YAJU&U,宮崎県,0,,-
tricoro,Timepiece phase II (CN Ver.),0,,-,983,JIN,宮崎県,1726,MONOBU,宮崎県,2774,KENZOW,宮崎県,0,,-
tricoro,True Blue,0,,-,1080,5.1.1.,宮崎県,2267,BENT,宮崎県,3728,YAJU&U,宮崎県,0,,-
tricoro,Valanga,0,,-,1291,5.1.1.,宮崎県,1977,SHU-KA,宮崎県,3192,YAJU&U,宮崎県,0,,-
tricoro,VALLIS-NERIA,0,,-,1191,5.1.1.,宮崎県,1895,BENT,宮崎県,2849,YAJU&U,宮崎県,0,,-
tricoro,VEGA,0,,-,1137,5.1.1.,宮崎県,1896,BENT,宮崎県,3023,YAJU&U,宮崎県,0,,-
tricoro,ZED,0,,-,925,5.1.1.,宮崎県,1531,BENT,宮崎県,2689,YAJU&U,宮崎県,3295,YAJU&U,宮崎県
tricoro,Zirkfied,0,,-,1020,5.1.1.,宮崎県,1833,KEN*2,宮崎県,3608,KENZOW,宮崎県,0,,-
tricoro,ΕΛΠΙΣ,0,,-,1121,5.1.1.,宮崎県,1888,BENT,宮崎県,3027,YAJU&U,宮崎県,3454,YAJU&U,宮崎県
tricoro,†渚の小悪魔ラヴリィ～レイディオ†(IIDX EDIT),0,,-,544,5.1.1.,宮崎県,1643,YAJU&U,宮崎県,3500,YAJU&U,宮崎県,0,,-
tricoro,お米の美味しい炊き方、そしてお米を食べることによるその効果。,0,,-,872,5.1.1.,宮崎県,1474,CESSY.,宮崎県,2079,JIN,宮崎県,3509,YAJU&U,宮崎県
tricoro,たまゆら,0,,-,1152,5.1.1.,宮崎県,1759,BENT,宮崎県,2688,YAJU&U,宮崎県,0,,-
tricoro,アストライアの双皿,0,,-,680,5.1.1.,宮崎県,1594,SKY,宮崎県,2916,KENZOW,宮崎県,0,,-
tricoro,カジノファイヤーことみちゃん,0,,-,650,5.1.1.,宮崎県,1352,CESSY.,宮崎県,2265,42TAI,宮崎県,3110,KENZOW,宮崎県
tricoro,キャトられ恋はモ～モク,0,,-,1452,5.1.1.,宮崎県,2659,YAJU&U,宮崎県,3769,YAJU&U,宮崎県,0,,-
tricoro,シュレーディンガーの猫,0,,-,1120,5.1.1.,宮崎県,2255,MONOBU,宮崎県,3315,YAJU&U,宮崎県,0,,-
tricoro,トリカゴノ鳳凰,0,,-,1148,5.1.1.,宮崎県,1918,DIRTY,宮崎県,3700,YAJU&U,宮崎県,0,,-
tricoro,メイメツ、フラグメンツ,0,,-,648,5.1.1.,宮崎県,976,TAKE,宮崎県,1938,YAJU&U,宮崎県,0,,-
tricoro,ラキラキ,0,,-,656,5.1.1.,宮崎県,1401,CESSY.,宮崎県,1954,YAJU&U,宮崎県,0,,-
tricoro,下弦の月,0,,-,932,5.1.1.,宮崎県,1221,QUAKES,宮崎県,1941,YAJU&U,宮崎県,0,,-
tricoro,仮想空間の旅人たち,0,,-,1146,5.1.1.,宮崎県,2076,MAJIN2,宮崎県,2847,YAJU&U,宮崎県,3808,YAJU&U,宮崎県
tricoro,創世ノート,0,,-,840,5.1.1.,宮崎県,1814,CESSY.,宮崎県,2883,42TAI,宮崎県,0,,-
tricoro,即席！脳直★ミュージックシステム,0,,-,1027,5.1.1.,宮崎県,1739,RYO.P,宮崎県,3410,YAJU&U,宮崎県,0,,-
tricoro,朧,151,RINNY,宮崎県,776,5.1.1.,宮崎県,1439,CESSY.,宮崎県,2103,YAJU&U,宮崎県,2501,YAJU&U,宮崎県
tricoro,梅雪夜,0,,-,871,5.1.1.,宮崎県,1404,BENT,宮崎県,2128,YAJU&U,宮崎県,0,,-
tricoro,狂イ咲ケ焔ノ華,0,,-,1217,5.1.1.,宮崎県,2249,KUROKO,宮崎県,3485,YAJU&U,宮崎県,0,,-
tricoro,音楽,0,,-,864,5.1.1.,宮崎県,1919,YAJU&U,宮崎県,2679,KENZOW,宮崎県,0,,-
tricoro,龍と少女とデコヒーレンス,0,,-,828,5.1.1.,宮崎県,1414,SIPPOU,宮崎県,2975,YAJU&U,宮崎県,3341,YAJU&U,宮崎県
SPADA,Adularia,117,ABYSS,宮崎県,1058,5.1.1.,宮崎県,1575,BENT,宮崎県,2662,KENZOW,宮崎県,0,,-
SPADA,ALBA -黎明-,0,,-,652,5.1.1.,宮崎県,1236,MINO,宮崎県,3193,YAJU&U,宮崎県,3815,YAJU&U,宮崎県
SPADA,Ancient Scapes,0,,-,1167,5.1.1.,宮崎県,1742,YAN9MI,宮崎県,3410,YAJU&U,宮崎県,3986,KENZOW,宮崎県
SPADA,ATHER,0,,-,997,5.1.1.,宮崎県,1316,YAN9MI,宮崎県,2671,42TAI,宮崎県,3039,HM*K2B,宮崎県
SPADA,BLUE DRAGON(雷龍RemixIIDX),0,,-,1450,L1C3N5,宮崎県,2073,BENT,宮崎県,3272,YAJU&U,宮崎県,0,,-
SPADA,BRAINSTORM,0,,-,751,5.1.1.,宮崎県,1875,CESSY.,宮崎県,2718,KENZOW,宮崎県,0,,-
SPADA,BRAVE OUT,0,,-,1029,5.1.1.,宮崎県,1354,QUAKES,宮崎県,2141,YAJU&U,宮崎県,2779,YAJU&U,宮崎県
SPADA,Claiomh Solais,0,,-,343,5.1.1.,宮崎県,1398,BENT,宮崎県,2027,JIN,宮崎県,0,,-
SPADA,Cleopatrysm,0,,-,814,5.1.1.,宮崎県,1124,MINO,宮崎県,2276,JIN,宮崎県,0,,-
SPADA,Close the World feat.a☆ru,0,,-,1143,5.1.1.,宮崎県,2019,KUROKO,宮崎県,3353,YAJU&U,宮崎県,3809,YAJU&U,宮崎県
SPADA,Critical Crystal,0,,-,1078,5.1.1.,宮崎県,1574,QUAKES,宮崎県,2896,YAJU&U,宮崎県,0,,-
SPADA,DARK LEGACY,0,,-,1284,5.1.1.,宮崎県,1908,BENT,宮崎県,3496,YAJU&U,宮崎県,0,,-
SPADA,Devilz Sacrifice -贖罪の羊-,0,,-,940,5.1.1.,宮崎県,1541,YAN9MI,宮崎県,2395,YAJU&U,宮崎県,0,,-
SPADA,diagram,0,,-,630,5.1.1.,宮崎県,1244,CESSY.,宮崎県,2687,42TAI,宮崎県,0,,-
SPADA,Elektrick U-Phoria,0,,-,1157,5.1.1.,宮崎県,1824,MONOBU,宮崎県,3052,YAJU&U,宮崎県,3866,YAJU&U,宮崎県
SPADA,Element of SPADA,0,,-,702,5.1.1.,宮崎県,1243,MINT-3,宮崎県,2064,YAJU&U,宮崎県,3081,YAJU&U,宮崎県
SPADA,Engraved Mark,0,,-,801,5.1.1.,宮崎県,922,AKENO,宮崎県,2189,JIN,宮崎県,0,,-
SPADA,EXTREME MACH COLLIDER,0,,-,1001,5.1.1.,宮崎県,1138,PIYOSK,宮崎県,2442,42TAI,宮崎県,0,,-
SPADA,Feel The Beat,0,,-,1300,5.1.1.,宮崎県,2012,CARRYE,宮崎県,3462,YAJU&U,宮崎県,4224,YAJU&U,宮崎県
SPADA,Funny shuffle,0,,-,601,5.1.1.,宮崎県,1114,CESSY.,宮崎県,2265,YAJU&U,宮崎県,0,,-
SPADA,HYENA,0,,-,1163,5.1.1.,宮崎県,1616,10FOO*,宮崎県,2534,YOHANE,宮崎県,3617,YAJU&U,宮崎県
SPADA,Hypersonik,0,,-,1007,5.1.1.,宮崎県,1200,REPLAY,宮崎県,2483,YAJU&U,宮崎県,0,,-
SPADA,I will be back -オレは帰ってきた-,0,,-,1005,5.1.1.,宮崎県,1838,MONOBU,宮崎県,2918,YAJU&U,宮崎県,0,,-
SPADA,Idola,0,,-,1190,HANKEN,宮崎県,2150,.GERE,宮崎県,3482,YAJU&U,宮崎県,0,,-
SPADA,Insane Techniques,0,,-,731,5.1.1.,宮崎県,900,DJC-HR,宮崎県,2418,YAJU&U,宮崎県,0,,-
SPADA,INSOMNIA,0,,-,797,5.1.1.,宮崎県,1821,YAJU&U,宮崎県,3165,YAJU&U,宮崎県,0,,-
SPADA,into the battlefield,0,,-,741,5.1.1.,宮崎県,1293,SKY,宮崎県,2328,YAJU&U,宮崎県,0,,-
SPADA,invoker,0,,-,1092,5.1.1.,宮崎県,1302,MISA,宮崎県,2937,AIM,宮崎県,3325,KENZOW,宮崎県
SPADA,IX,0,,-,1275,5.1.1.,宮崎県,2183,YOHANE,宮崎県,3654,YAJU&U,宮崎県,0,,-
SPADA,KAISER PHOENIX,0,,-,1314,5.1.1.,宮崎県,1960,6A9,宮崎県,3144,YAJU&U,宮崎県,3765,YAJU&U,宮崎県
SPADA,KHAMEN BREAK,0,,-,585,5.1.1.,宮崎県,697,TOFU,宮崎県,2395,YAJU&U,宮崎県,0,,-
SPADA,Last Dance,0,,-,1178,5.1.1.,宮崎県,1791,BENT,宮崎県,3162,YAJU&U,宮崎県,0,,-
SPADA,Lighting Shower,0,,-,806,5.1.1.,宮崎県,1108,CESSY.,宮崎県,2195,KUROKO,宮崎県,0,,-
SPADA,M.D.Injection,0,,-,585,5.1.1.,宮崎県,1205,CESSY.,宮崎県,2411,YAJU&U,宮崎県,0,,-
SPADA,m1dy Deluxe,0,,-,1149,5.1.1.,宮崎県,1383,NS#TLT,宮崎県,2366,42TAI,宮崎県,0,,-
SPADA,MAD ATTACK,0,,-,665,5.1.1.,宮崎県,0,,-,1918,JIN,宮崎県,2501,YAJU&U,宮崎県
SPADA,MAGIC & LOVE,0,,-,1013,5.1.1.,宮崎県,1727,BENT,宮崎県,2912,YAJU&U,宮崎県,0,,-
SPADA,Miracle 5ympho X,0,,-,759,5.1.1.,宮崎県,1119,SAITO3,宮崎県,2587,YAJU&U,宮崎県,2771,KENZOW,宮崎県
SPADA,NPC World,0,,-,1023,5.1.1.,宮崎県,1498,5.1.1.,宮崎県,2098,YOHANE,宮崎県,0,,-
SPADA,Odin,0,,-,785,5.1.1.,宮崎県,1318,BENT,宮崎県,1997,JIN,宮崎県,0,,-
SPADA,Overload Frontier,0,,-,781,5.1.1.,宮崎県,1641,BENT,宮崎県,2511,YAJU&U,宮崎県,0,,-
SPADA,Pharaoh,0,,-,655,5.1.1.,宮崎県,0,,-,2447,YAJU&U,宮崎県,0,,-
SPADA,PUNISHER,0,,-,1135,5.1.1.,宮崎県,1693,5H1ZK,宮崎県,3486,YAJU&U,宮崎県,0,,-
SPADA,ra'am,0,,-,1193,5.1.1.,宮崎県,1711,MONOBU,宮崎県,2715,YAJU&U,宮崎県,0,,-
SPADA,rainbow guitar weeps,0,,-,966,5.1.1.,宮崎県,1219,HSMTSI,宮崎県,2695,KENZOW,宮崎県,0,,-
SPADA,Recollection,0,,-,1160,5.1.1.,宮崎県,1507,NS#TLT,宮崎県,2217,YAJU&U,宮崎県,0,,-
SPADA,refractive index,0,,-,743,5.1.1.,宮崎県,969,TAKE,宮崎県,2593,YAJU&U,宮崎県,0,,-
SPADA,RISE,0,,-,929,5.1.1.,宮崎県,1078,NS#TLT,宮崎県,1833,42TAI,宮崎県,0,,-
SPADA,RIZING YOU UP,0,,-,1038,5.1.1.,宮崎県,1882,QUAKES,宮崎県,2509,KENZOW,宮崎県,0,,-
SPADA,SCHWARZSCHILD FIELD,0,,-,909,5.1.1.,宮崎県,1211,NS#TLT,宮崎県,2302,42TAI,宮崎県,0,,-
SPADA,Sigmund,0,,-,1542,SACHI,宮崎県,2048,6A9,宮崎県,3639,YAJU&U,宮崎県,4057,YAJU&U,宮崎県
SPADA,Squeeze,0,,-,848,5.1.1.,宮崎県,1146,ACT,宮崎県,2276,YOHANE,宮崎県,0,,-
SPADA,THE DETONATOR,0,,-,1582,5.1.1.,宮崎県,2245,BENT,宮崎県,2948,JIN,宮崎県,0,,-
SPADA,Unicorn tail,0,,-,857,5.1.1.,宮崎県,1938,FIA,宮崎県,3071,KENZOW,宮崎県,0,,-
SPADA,Valgus,0,,-,652,5.1.1.,宮崎県,1085,DJC-HR,宮崎県,2268,42TAI,宮崎県,0,,-
SPADA,Verflucht,0,,-,1233,5.1.1.,宮崎県,1952,A7R,宮崎県,3472,YAJU&U,宮崎県,4581,YAJU&U,宮崎県
SPADA,VOX UP,0,,-,1437,5.1.1.,宮崎県,2672,KENZOW,宮崎県,3342,YAJU&U,宮崎県,0,,-
SPADA,Wonder Girl feat. Kanae Asaba,0,,-,720,5.1.1.,宮崎県,1211,BENT,宮崎県,2749,YAJU&U,宮崎県,0,,-
SPADA,お願いアインシュタイン,0,,-,901,5.1.1.,宮崎県,1336,YAJU&U,宮崎県,2105,YAJU&U,宮崎県,0,,-
SPADA,アルストロメリア,98,AA,宮崎県,969,5.1.1.,宮崎県,1325,QUAKES,宮崎県,2339,JIN,宮崎県,0,,-
SPADA,デッドボヲルdeホームラン,0,,-,623,5.1.1.,宮崎県,1335,SKY,宮崎県,2566,42TAI,宮崎県,0,,-
SPADA,バンブーソード・ガール,257,HANKEN,宮崎県,1007,RIGHTS,宮崎県,1593,SHU-KA,宮崎県,2324,42TAI,宮崎県,0,,-
SPADA,廿,0,,-,953,5.1.1.,宮崎県,1590,SHU-KA,宮崎県,2211,JIN,宮崎県,3143,KENZOW,宮崎県
SPADA,旋律のドグマ～Miserables～,0,,-,1231,5.1.1.,宮崎県,2311,SIE,宮崎県,3904,YAJU&U,宮崎県,0,,-
SPADA,海神,0,,-,1142,5.1.1.,宮崎県,1959,KUROKO,宮崎県,3117,YAJU&U,宮崎県,3493,YAJU&U,宮崎県
SPADA,煉獄のエルフェリア,0,,-,1322,5.1.1.,宮崎県,2166,S.K,宮崎県,3642,YAJU&U,宮崎県,0,,-
SPADA,牧神笛吹きて,0,,-,737,5.1.1.,宮崎県,1236,BENT,宮崎県,1924,NANA-4,宮崎県,0,,-
SPADA,疾風迅雷,0,,-,1137,5.1.1.,宮崎県,1591,Y-ASU,宮崎県,2696,KENZOW,宮崎県,3267,YAJU&U,宮崎県
SPADA,罪と罰,0,,-,1077,5.1.1.,宮崎県,1148,Y0TIKO,宮崎県,2126,YAJU&U,宮崎県,0,,-
SPADA,超!!遠距離らぶメ～ル,0,,-,574,5.1.1.,宮崎県,1226,TAKE,宮崎県,2598,YAJU&U,宮崎県,0,,-
SPADA,轟け！恋のビーンボール！！,0,,-,1030,5.1.1.,宮崎県,1762,BENT,宮崎県,3430,KENZOW,宮崎県,0,,-
PENDUAL,#The_Relentless,0,,-,1186,5.1.1.,宮崎県,1334,YAMA#3,宮崎県,2853,YAJU&U,宮崎県,4315,YAJU&U,宮崎県
PENDUAL,AFRO KNUCKLE,0,,-,949,5.1.1.,宮崎県,1535,BENT,宮崎県,2338,YAJU&U,宮崎県,0,,-
PENDUAL,Beat Radiance,0,,-,985,5.1.1.,宮崎県,1535,ISHIN,宮崎県,2564,JIN,宮崎県,3481,KENZOW,宮崎県
PENDUAL,Beyond The Earth,0,,-,1263,5.1.1.,宮崎県,1733,BENT,宮崎県,3032,42TAI,宮崎県,0,,-
PENDUAL,Blaze it UP!,0,,-,961,5.1.1.,宮崎県,1609,QUAKES,宮崎県,2886,42TAI,宮崎県,0,,-
PENDUAL,BLUE MIRAGE,0,,-,1130,5.1.1.,宮崎県,1610,BENT,宮崎県,2826,KENZOW,宮崎県,0,,-
PENDUAL,Broken Sword,0,,-,1261,5.1.1.,宮崎県,2083,YAJU&U,宮崎県,3700,YAJU&U,宮崎県,0,,-
PENDUAL,Chain of pain,0,,-,754,5.1.1.,宮崎県,1082,423,宮崎県,2085,YOHANE,宮崎県,0,,-
PENDUAL,chrono diver -fragment-,0,,-,683,5.1.1.,宮崎県,1141,5.1.1.,宮崎県,1771,YAJU&U,宮崎県,2242,YAJU&U,宮崎県
PENDUAL,CHRONO DIVER -NORNIR-,0,,-,1158,5.1.1.,宮崎県,1926,BENT,宮崎県,2861,CESSY.,宮崎県,4305,YAJU&U,宮崎県
PENDUAL,Chrono Diver -PENDULUMs-,153,TU2222,宮崎県,1391,5.1.1.,宮崎県,2444,NANA-4,宮崎県,4197,YAJU&U,宮崎県,0,,-
PENDUAL,Chronos,0,,-,871,5.1.1.,宮崎県,1307,5.1.1.,宮崎県,2138,JIN,宮崎県,2922,42TAI,宮崎県
PENDUAL,cinder,0,,-,840,5.1.1.,宮崎県,1291,AKENO,宮崎県,2999,42TAI,宮崎県,0,,-
PENDUAL,COLOSSEUM,0,,-,574,5.1.1.,宮崎県,1170,BENT,宮崎県,2205,JIN,宮崎県,0,,-
PENDUAL,Cosmic Cat,0,,-,932,5.1.1.,宮崎県,1191,RITO,宮崎県,2269,YAJU&U,宮崎県,3198,YAJU&U,宮崎県
PENDUAL,Despair of ELFERIA,0,,-,1242,5.1.1.,宮崎県,2282,KUROKO,宮崎県,4023,YAJU&U,宮崎県,0,,-
PENDUAL,Discloze,0,,-,957,5.1.1.,宮崎県,1482,MONOBU,宮崎県,2518,YAJU&U,宮崎県,0,,-
PENDUAL,EBONY & IVORY,0,,-,1053,5.1.1.,宮崎県,1476,TAKU.,宮崎県,2956,YAJU&U,宮崎県,3081,AIM,宮崎県
PENDUAL,entelecheia,0,,-,1032,5.1.1.,宮崎県,1844,6A9,宮崎県,3229,YAJU&U,宮崎県,0,,-
PENDUAL,Erosion Mark,0,,-,809,5.1.1.,宮崎県,1227,PIYOSK,宮崎県,2125,KENZOW,宮崎県,0,,-
PENDUAL,fallen leaves -IIDX edition-,0,,-,1154,5.1.1.,宮崎県,1933,HIFUMI,宮崎県,3307,YAJU&U,宮崎県,0,,-
PENDUAL,FANTASTIC THREE,0,,-,1317,5.1.1.,宮崎県,1981,BENT,宮崎県,3087,YAJU&U,宮崎県,0,,-
PENDUAL,Flashes,0,,-,942,5.1.1.,宮崎県,1773,YAJU&U,宮崎県,3216,YAJU&U,宮崎県,4059,YAJU&U,宮崎県
PENDUAL,Gravigazer,0,,-,963,5.1.1.,宮崎県,1715,HIFUMI,宮崎県,2928,YAJU&U,宮崎県,0,,-
PENDUAL,GUILTY,0,,-,972,5.1.1.,宮崎県,1368,SHU-KA,宮崎県,1753,YOHANE,宮崎県,2834,KENZOW,宮崎県
PENDUAL,HELL SCAPER -Last Escape Remix-,0,,-,970,5.1.1.,宮崎県,1628,MAJIN2,宮崎県,2792,KENZOW,宮崎県,0,,-
PENDUAL,Hello Happiness,0,,-,883,5.1.1.,宮崎県,1383,QUAKES,宮崎県,2149,AIM,宮崎県,0,,-
PENDUAL,illuminate,0,,-,631,5.1.1.,宮崎県,1422,SHU-KA,宮崎県,2166,YOHANE,宮崎県,0,,-
PENDUAL,IMPLANTATION,0,,-,654,5.1.1.,宮崎県,1234,BENT,宮崎県,2134,KENZOW,宮崎県,0,,-
PENDUAL,In The Breeze,0,,-,657,5.1.1.,宮崎県,0,,-,1719,YAJU&U,宮崎県,0,,-
PENDUAL,Invitation from Mr.C,0,,-,1136,5.1.1.,宮崎県,1351,AAAAAA,宮崎県,2606,YAJU&U,宮崎県,0,,-
PENDUAL,IXION,0,,-,1077,5.1.1.,宮崎県,1599,SHU-KA,宮崎県,2126,YAJU&U,宮崎県,0,,-
PENDUAL,Line 4 Ruin,0,,-,710,5.1.1.,宮崎県,1686,MONOBU,宮崎県,2752,YAJU&U,宮崎県,0,,-
PENDUAL,Monopole.,0,,-,788,5.1.1.,宮崎県,1538,MONOBU,宮崎県,3186,42TAI,宮崎県,0,,-
PENDUAL,NEO GENERATOR SEVEN,0,,-,926,5.1.1.,宮崎県,1661,6A9,宮崎県,3151,KENZOW,宮崎県,0,,-
PENDUAL,Night sky,0,,-,1177,5.1.1.,宮崎県,1720,BENT,宮崎県,2712,CUENVO,宮崎県,0,,-
PENDUAL,No Tears,0,,-,1157,5.1.1.,宮崎県,1589,PIYOSK,宮崎県,2484,KENZOW,宮崎県,0,,-
PENDUAL,PENDUAL TALISMAN,0,,-,1040,5.1.1.,宮崎県,1534,5.1.1.,宮崎県,2580,KENZOW,宮崎県,0,,-
PENDUAL,Rave*it!! Rave*it!!,0,,-,1012,5.1.1.,宮崎県,1614,DIRTY,宮崎県,3188,YAJU&U,宮崎県,0,,-
PENDUAL,Realize Maze,0,,-,1250,5.1.1.,宮崎県,2046,YAJU&U,宮崎県,2937,YAJU&U,宮崎県,0,,-
PENDUAL,Reflux,0,,-,789,5.1.1.,宮崎県,1511,5.1.1.,宮崎県,2835,YAJU&U,宮崎県,0,,-
PENDUAL,Sakura Mirage,0,,-,997,5.1.1.,宮崎県,1083,KIKY03,宮崎県,2312,YAJU&U,宮崎県,0,,-
PENDUAL,SAMSARA,0,,-,847,5.1.1.,宮崎県,1441,JIN,宮崎県,2008,JIN,宮崎県,0,,-
PENDUAL,Say YEEEAHH,0,,-,1148,5.1.1.,宮崎県,1715,HIFUMI,宮崎県,3024,YAJU&U,宮崎県,0,,-
PENDUAL,Scarlet Moon,0,,-,1062,RIGHTS,宮崎県,1724,HANKEN,宮崎県,2717,YAJU&U,宮崎県,0,,-
PENDUAL,Scars of FAUNA,0,,-,857,5.1.1.,宮崎県,1419,QUAKES,宮崎県,2769,KENZOW,宮崎県,0,,-
PENDUAL,Shooting Fireball,0,,-,951,5.1.1.,宮崎県,2297,YAJU&U,宮崎県,3842,YAJU&U,宮崎県,0,,-
PENDUAL,Sounds Of Summer,0,,-,1212,5.1.1.,宮崎県,2012,MIDORI,宮崎県,2923,YAJU&U,宮崎県,0,,-
PENDUAL,SpaceLand☆TOYBOX,0,,-,1087,5.1.1.,宮崎県,1629,5.1.1.,宮崎県,2865,YAJU&U,宮崎県,0,,-
PENDUAL,Sweet Radar,0,,-,666,5.1.1.,宮崎県,1237,Y0TIKO,宮崎県,2008,YAJU&U,宮崎県,0,,-
PENDUAL,Symmetry,0,,-,1123,5.1.1.,宮崎県,1951,MONOBU,宮崎県,3235,YAJU&U,宮崎県,0,,-
PENDUAL,TA・DA ☆ YO・SHI,0,,-,1116,5.1.1.,宮崎県,1319,QUAKES,宮崎県,2208,KENZOW,宮崎県,0,,-
PENDUAL,The Least 100sec,0,,-,794,5.1.1.,宮崎県,1287,4MOTKN,宮崎県,2750,KENZOW,宮崎県,0,,-
PENDUAL,TIEFSEE,0,,-,1268,5.1.1.,宮崎県,2161,YAJU&U,宮崎県,3458,YAJU&U,宮崎県,0,,-
PENDUAL,TOXIC VIBRATION,0,,-,1594,SACHI,宮崎県,2142,TAKU.,宮崎県,3507,KENZOW,宮崎県,0,,-
PENDUAL,Vulkan,0,,-,1035,5.1.1.,宮崎県,1658,GTO,宮崎県,2828,AIM,宮崎県,0,,-
PENDUAL,We're so Happy (P*Light Remix) IIDX ver.,0,,-,1139,5.1.1.,宮崎県,2098,MONOBU,宮崎県,3625,KENZOW,宮崎県,0,,-
PENDUAL,ZZ,0,,-,1271,5.1.1.,宮崎県,2053,YAJU&U,宮崎県,3023,YAJU&U,宮崎県,0,,-
PENDUAL,それは花火のような恋,244,TU2222,宮崎県,1272,5.1.1.,宮崎県,2342,KUROKO,宮崎県,3824,YAJU&U,宮崎県,0,,-
PENDUAL,とろぴかる倶楽部,0,,-,830,5.1.1.,宮崎県,1210,ODEN,宮崎県,2151,42TAI,宮崎県,0,,-
PENDUAL,ぷろぐれっしぶ時空少女！うらしまたろ子ちゃん！,0,,-,885,5.1.1.,宮崎県,1386,BENT,宮崎県,2392,DIRTY,宮崎県,0,,-
PENDUAL,もっと！モット！ときめき feat. 松下,0,,-,1356,5.1.1.,宮崎県,1610,SKY,宮崎県,2649,YAJU&U,宮崎県,0,,-
PENDUAL,ドッキン☆サマーあばんちゅーる,0,,-,1015,5.1.1.,宮崎県,1280,DJC-HR,宮崎県,2763,YAJU&U,宮崎県,0,,-
PENDUAL,パ→ピ→プ→Yeah!,336,R.,宮崎県,1019,5.1.1.,宮崎県,1426,6A9,宮崎県,2525,YAJU&U,宮崎県,0,,-
PENDUAL,ベィスドロップ・フリークス,0,,-,630,5.1.1.,宮崎県,981,TAKE,宮崎県,2221,YAJU&U,宮崎県,2374,YAJU&U,宮崎県
PENDUAL,リリーゼと炎龍レーヴァテイン,0,,-,984,5.1.1.,宮崎県,2110,KUROKO,宮崎県,3379,YAJU&U,宮崎県,0,,-
PENDUAL,共鳴遊戯の華,0,,-,1281,5.1.1.,宮崎県,1939,XENON,宮崎県,3702,YAJU&U,宮崎県,0,,-
PENDUAL,十六夜セツナ,0,,-,1021,5.1.1.,宮崎県,1483,YAJU&U,宮崎県,2221,YAJU&U,宮崎県,0,,-
PENDUAL,千年ノ理,0,,-,1182,RIGHTS,宮崎県,1837,MAJIN2,宮崎県,3162,YAJU&U,宮崎県,4165,YAJU&U,宮崎県
PENDUAL,取り残された美術(Arranged:HiZuMi),235,HANKEN,宮崎県,973,RIGHTS,宮崎県,1573,SHU-KA,宮崎県,2200,YAJU&U,宮崎県,0,,-
PENDUAL,夏色DIARY - L.E.D.-G STYLE MIX -,0,,-,972,5.1.1.,宮崎県,1755,CESSY.,宮崎県,3060,YAJU&U,宮崎県,0,,-
PENDUAL,妖隠し -あやかしかくし-,0,,-,966,RIGHTS,宮崎県,1547,S.K,宮崎県,2157,YAJU&U,宮崎県,0,,-
PENDUAL,少年は空を辿る,0,,-,1230,5.1.1.,宮崎県,1959,S.K,宮崎県,3119,YAJU&U,宮崎県,0,,-
PENDUAL,恋は白帯、サンシロー,0,,-,734,5.1.1.,宮崎県,1275,5.1.1.,宮崎県,1974,42TAI,宮崎県,2770,YAJU&U,宮崎県
PENDUAL,打打打打打打打打打打,166,SEN,宮崎県,820,5.1.1.,宮崎県,1309,S.K,宮崎県,2615,YAJU&U,宮崎県,0,,-
PENDUAL,時空トラベローグ,0,,-,1086,5.1.1.,宮崎県,1316,KIKY03,宮崎県,2535,42TAI,宮崎県,0,,-
PENDUAL,白露の風,0,,-,473,5.1.1.,宮崎県,1195,5.1.1.,宮崎県,1968,JIN,宮崎県,0,,-
PENDUAL,紅牡丹,0,,-,1075,5.1.1.,宮崎県,1549,SKY,宮崎県,2809,YAJU&U,宮崎県,0,,-
PENDUAL,表裏一体！？怪盗いいんちょの悩み,0,,-,1136,5.1.1.,宮崎県,1987,BENT,宮崎県,3510,YAJU&U,宮崎県,4208,KENZOW,宮崎県
PENDUAL,超青少年ノ為ノ超多幸ナ超古典的超舞曲,0,,-,1023,5.1.1.,宮崎県,2047,YAJU&U,宮崎県,2679,YAJU&U,宮崎県,3988,YAJU&U,宮崎県
PENDUAL,鬼天,0,,-,998,5.1.1.,宮崎県,1373,QUAKES,宮崎県,2252,YOHANE,宮崎県,0,,-
PENDUAL,Ｘ↑Ｘ↓,0,,-,917,5.1.1.,宮崎県,1599,SHU-KA,宮崎県,2820,YAJU&U,宮崎県,0,,-
copula,199024club -Re:BounceKiller-,0,,-,685,5.1.1.,宮崎県,1585,YAJU&U,宮崎県,2254,KENZOW,宮崎県,0,,-
copula,Acid Pumper,0,,-,688,5.1.1.,宮崎県,1477,ODEN,宮崎県,2377,42TAI,宮崎県,0,,-
copula,Angelic Jelly,0,,-,1145,5.1.1.,宮崎県,1486,AKENO,宮崎県,2645,YAJU&U,宮崎県,0,,-
copula,AO-1,0,,-,1239,5.1.1.,宮崎県,1854,DIRTY,宮崎県,2718,YAJU&U,宮崎県,0,,-
copula,Arcana,0,,-,1172,5.1.1.,宮崎県,1612,5.1.1.,宮崎県,2088,YOHANE,宮崎県,0,,-
copula,Aublia,0,,-,972,5.1.1.,宮崎県,0,,-,2398,HM*K2B,宮崎県,0,,-
copula,Battle Train -IIDX Edition-,0,,-,876,5.1.1.,宮崎県,2167,BENT,宮崎県,3135,42TAI,宮崎県,0,,-
copula,Blue Spring Express,0,,-,1255,5.1.1.,宮崎県,1768,BENT,宮崎県,3148,YAJU&U,宮崎県,0,,-
copula,Central Station,0,,-,1012,5.1.1.,宮崎県,1512,5.1.1.,宮崎県,2354,YAJU&U,宮崎県,0,,-
copula,chaos eater -IIDX edition-,0,,-,1162,5.1.1.,宮崎県,1273,PIYOSK,宮崎県,2466,SACHI,宮崎県,0,,-
copula,CODE:1 [revision1.0.1],0,,-,975,5.1.1.,宮崎県,1551,6A9,宮崎県,2952,42TAI,宮崎県,0,,-
copula,Daily Lunch Special,0,,-,1072,5.1.1.,宮崎県,2024,SHU-KA,宮崎県,2818,PAPARU,宮崎県,0,,-
copula,Damage Per Second,0,,-,885,5.1.1.,宮崎県,1124,MINO,宮崎県,2025,YAJU&U,宮崎県,2281,YAJU&U,宮崎県
copula,Derelict Star feat. Ryu*,0,,-,1367,L1C3N5,宮崎県,1742,L1C3N5,宮崎県,2460,JIN,宮崎県,0,,-
copula,Devil's Gear,0,,-,1053,5.1.1.,宮崎県,1865,BENT,宮崎県,3286,KENZOW,宮崎県,0,,-
copula,DIAMOND CROSSING,0,,-,992,5.1.1.,宮崎県,1575,XE.TEA,宮崎県,2985,YAJU&U,宮崎県,0,,-
copula,do the thing feat. Kanae Asaba,0,,-,620,5.1.1.,宮崎県,894,ME1GE2,宮崎県,2191,JIN,宮崎県,0,,-
copula,Donkey Donk,0,,-,1180,5.1.1.,宮崎県,1494,K-RAIN,宮崎県,2251,YAJU&U,宮崎県,0,,-
copula,Dynamite,479,AAAAAA,宮崎県,1174,5.1.1.,宮崎県,2304,CPU0,宮崎県,3676,KENZOW,宮崎県,0,,-
copula,Everlasting Last,0,,-,839,5.1.1.,宮崎県,1330,QUAKES,宮崎県,2209,42TAI,宮崎県,0,,-
copula,Exchange Place,0,,-,755,5.1.1.,宮崎県,1205,5.1.1.,宮崎県,1745,JIN,宮崎県,0,,-
copula,GENERATE feat.綾倉盟,0,,-,1116,5.1.1.,宮崎県,1266,ME1GE2,宮崎県,2332,YAJU&U,宮崎県,0,,-
copula,Go Faraway,0,,-,1015,5.1.1.,宮崎県,357,AKENO,宮崎県,2360,JIN,宮崎県,0,,-
copula,GOBBLE,0,,-,482,5.1.1.,宮崎県,657,5.1.1.,宮崎県,1646,KENZOW,宮崎県,0,,-
copula,Godspeed,0,,-,1048,5.1.1.,宮崎県,1782,5.1.1.,宮崎県,3048,YAJU&U,宮崎県,0,,-
copula,Grand Chariot,0,,-,1129,5.1.1.,宮崎県,1827,JIN,宮崎県,3260,YAJU&U,宮崎県,0,,-
copula,Highcharge Divolt,0,,-,882,5.1.1.,宮崎県,1613,SKY.RV,宮崎県,2701,YAJU&U,宮崎県,0,,-
copula,Inner Spirit,0,,-,872,5.1.1.,宮崎県,1175,RITO,宮崎県,2628,JIN,宮崎県,0,,-
copula,Journey,0,,-,690,5.1.1.,宮崎県,1153,MAJIN2,宮崎県,1799,S.K,宮崎県,3039,YAJU&U,宮崎県
copula,Konzert V,0,,-,1259,RIGHTS,宮崎県,1965,RIGHTS,宮崎県,3316,YAJU&U,宮崎県,0,,-
copula,La dolce primavera,0,,-,706,5.1.1.,宮崎県,640,Y0SSA,宮崎県,2097,42TAI,宮崎県,0,,-
copula,M4K3 1T B0UNC3,0,,-,1317,5.1.1.,宮崎県,1860,XE.TEA,宮崎県,2801,AIM,宮崎県,0,,-
copula,Musik LoverZ,0,,-,1060,5.1.1.,宮崎県,1252,BENT,宮崎県,2409,42TAI,宮崎県,0,,-
copula,NANAIRO,0,,-,1053,5.1.1.,宮崎県,1346,RITO,宮崎県,2429,JIN,宮崎県,0,,-
copula,Nightmare before oversleep,0,,-,1186,5.1.1.,宮崎県,1710,MONOBU,宮崎県,2885,YAJU&U,宮崎県,0,,-
copula,NINJA IS DEAD IIDX ver.,0,,-,1206,L1C3N5,宮崎県,1791,RIGHTS,宮崎県,2860,YAJU&U,宮崎県,0,,-
copula,NO LIMIT -オレ達に限界は無い-,0,,-,825,5.1.1.,宮崎県,1205,5.1.1.,宮崎県,2254,YAJU&U,宮崎県,0,,-
copula,Nowhere,0,,-,849,5.1.1.,宮崎県,0,,-,2040,JIN,宮崎県,0,,-
copula,NZM,0,,-,1049,5.1.1.,宮崎県,1531,DIRTY,宮崎県,3332,YAJU&U,宮崎県,0,,-
copula,On the FM,0,,-,1101,5.1.1.,宮崎県,1040,AKENO,宮崎県,2562,AIM,宮崎県,0,,-
copula,Outbreak,0,,-,1323,5.1.1.,宮崎県,1741,BENT,宮崎県,2918,42TAI,宮崎県,0,,-
copula,POSSESSION,379,SEIGO,宮崎県,1359,TERU*,宮崎県,2119,JIN,宮崎県,2865,YAJU&U,宮崎県,0,,-
copula,quick master (reform version),0,,-,157,5.1.1.,宮崎県,344,5.1.1.,宮崎県,501,5.1.1.,宮崎県,0,,-
copula,refrain,0,,-,1210,5.1.1.,宮崎県,2022,XE.TEA,宮崎県,3530,YAJU&U,宮崎県,0,,-
copula,Rock It,0,,-,1150,5.1.1.,宮崎県,1436,KEKE,宮崎県,2681,JIN,宮崎県,0,,-
copula,Routing,0,,-,930,5.1.1.,宮崎県,1481,HIFUMI,宮崎県,2402,YAJU&U,宮崎県,0,,-
copula,Sephirot,0,,-,953,5.1.1.,宮崎県,1477,BENT,宮崎県,2206,JIN,宮崎県,0,,-
copula,Set U Free feat. Kanae Asaba,0,,-,912,5.1.1.,宮崎県,1190,QUAKES,宮崎県,2425,JIN,宮崎県,0,,-
copula,SHELTER OF THE MIND,0,,-,1410,5.1.1.,宮崎県,1448,RITO,宮崎県,2995,KENZOW,宮崎県,0,,-
copula,STARLiGHT,0,,-,948,5.1.1.,宮崎県,1693,6A9,宮崎県,2575,42TAI,宮崎県,0,,-
copula,STARLIGHT DANCEHALL,0,,-,1237,5.1.1.,宮崎県,1447,QUAKES,宮崎県,2637,YAJU&U,宮崎県,3213,KENZOW,宮崎県
copula,StrayedCatz,0,,-,1067,5.1.1.,宮崎県,1995,YAJU&U,宮崎県,2640,YAJU&U,宮崎県,0,,-
copula,Super Duper Racers,0,,-,947,5.1.1.,宮崎県,1493,5.1.1.,宮崎県,2296,YAJU&U,宮崎県,3571,YAJU&U,宮崎県
copula,SURVIVOR,0,,-,711,5.1.1.,宮崎県,1127,DJC-HR,宮崎県,1974,JIN,宮崎県,0,,-
copula,Tori-no-kimochi,0,,-,265,5.1.1.,宮崎県,1246,5.1.1.,宮崎県,1880,JIN,宮崎県,0,,-
copula,Triple Counter,0,,-,1368,5.1.1.,宮崎県,2137,HIFUMI,宮崎県,3688,YAJU&U,宮崎県,0,,-
copula,Uh-Oh,0,,-,1090,5.1.1.,宮崎県,1636,5.1.1.,宮崎県,2354,KENZOW,宮崎県,0,,-
copula,Violet Pulse,0,,-,428,HANKEN,宮崎県,1572,HANKEN,宮崎県,2322,JIN,宮崎県,3714,KENZOW,宮崎県
copula,Violet Rose,0,,-,1205,HANKEN,宮崎県,1671,HANKEN,宮崎県,2506,42TAI,宮崎県,0,,-
copula,Welcome,0,,-,851,5.1.1.,宮崎県,1470,FIA,宮崎県,2611,YAJU&U,宮崎県,3176,KENZOW,宮崎県
copula,X,0,,-,1550,5.1.1.,宮崎県,2377,YAJU&U,宮崎県,3826,YAJU&U,宮崎県,0,,-
copula,ZEPHYRANTHES,0,,-,1011,5.1.1.,宮崎県,1603,BENT,宮崎県,2661,YOHANE,宮崎県,3819,YAJU&U,宮崎県
copula,か・し・ま・し☆PUMP UP！,0,,-,1171,5.1.1.,宮崎県,1541,BENT,宮崎県,2757,KENZOW,宮崎県,0,,-
copula,めいさいアイドル☆あいむちゃん♪,0,,-,1478,5.1.1.,宮崎県,1969,TERU*,宮崎県,3290,YAJU&U,宮崎県,0,,-
copula,オルタネイトβ,0,,-,836,5.1.1.,宮崎県,1205,MRT*,宮崎県,2230,JIN,宮崎県,0,,-
copula,ギョギョっと人魚 爆婚ブライダル,0,,-,821,5.1.1.,宮崎県,1273,SKY,宮崎県,2365,YAJU&U,宮崎県,0,,-
copula,シュッパツシンコウ・シサカンコ,0,,-,1102,5.1.1.,宮崎県,1718,ISHIN,宮崎県,2424,YAJU&U,宮崎県,0,,-
copula,セロトニン,0,,-,1297,5.1.1.,宮崎県,1288,PIYOSK,宮崎県,2263,42TAI,宮崎県,0,,-
copula,少女アリスと箱庭幻想コンチェルト,0,,-,765,5.1.1.,宮崎県,1345,YAJU&U,宮崎県,2139,YAJU&U,宮崎県,0,,-
copula,明鏡止水,0,,-,842,5.1.1.,宮崎県,1280,MISA,宮崎県,2660,KENZOW,宮崎県,0,,-
copula,星屑ディスタンシア,0,,-,693,5.1.1.,宮崎県,1169,5.1.1.,宮崎県,2020,JIN,宮崎県,0,,-
copula,朝焼けから始まるボクらの小さな旅,0,,-,952,5.1.1.,宮崎県,1582,ARIA-P,宮崎県,2390,SACHI,宮崎県,0,,-
copula,灼熱 Pt.2 Long Train Running,558,ONAGE,宮崎県,1299,5.1.1.,宮崎県,2094,JIN,宮崎県,3158,YAJU&U,宮崎県,0,,-
copula,真 地獄超特急 -HELL or HELL-,0,,-,1400,5.1.1.,宮崎県,2031,JIN,宮崎県,3194,YAJU&U,宮崎県,0,,-
copula,紫陽花 -AZISAI-,0,,-,1251,5.1.1.,宮崎県,2035,CUENVO,宮崎県,2738,KENZOW,宮崎県,3071,42TAI,宮崎県
copula,追想快晴テーマパーク,0,,-,1184,5.1.1.,宮崎県,1759,SKY,宮崎県,2860,YAJU&U,宮崎県,0,,-
copula,量子の海のリントヴルム,0,,-,903,5.1.1.,宮崎県,1397,SKY,宮崎県,2751,CUENVO,宮崎県,0,,-
copula,駅猫のワルツ,0,,-,1145,5.1.1.,宮崎県,2135,YAJU&U,宮崎県,2539,42TAI,宮崎県,0,,-
copula,麗 ～うらら～,137,TANABA,宮崎県,1124,5.1.1.,宮崎県,1608,BENT,宮崎県,2571,YAJU&U,宮崎県,0,,-
SINOBUZ,¡Viva!,0,,-,943,5.1.1.,宮崎県,1230,AKENO,宮崎県,1908,JIN,宮崎県,0,,-
SINOBUZ,#MAGiCVLGiRL_TRVP_B3VTZ,0,,-,1145,5.1.1.,宮崎県,1855,HIFUMI,宮崎県,3309,KENZOW,宮崎県,0,,-
SINOBUZ,(This Is Not) The Angels,0,,-,602,5.1.1.,宮崎県,1386,5.1.1.,宮崎県,2618,YAJU&U,宮崎県,0,,-
SINOBUZ,Amazing Mirage,267,AAAAAA,宮崎県,896,5.1.1.,宮崎県,1604,MONOBU,宮崎県,2480,42TAI,宮崎県,3181,KENZOW,宮崎県
SINOBUZ,AO-∞,0,,-,1147,L1C3N5,宮崎県,1719,L1C3N5,宮崎県,2445,JIN,宮崎県,0,,-
SINOBUZ,Apocalypse,0,,-,1135,5.1.1.,宮崎県,2173,YAJU&U,宮崎県,3507,YAJU&U,宮崎県,0,,-
SINOBUZ,Around The Galaxy,0,,-,1085,5.1.1.,宮崎県,1861,BENT,宮崎県,3097,YOHANE,宮崎県,0,,-
SINOBUZ,AsiaN distractive,0,,-,1171,5.1.1.,宮崎県,1508,KIKY03,宮崎県,2490,42TAI,宮崎県,0,,-
SINOBUZ,BabeL ～Grand Story～,0,,-,1265,5.1.1.,宮崎県,1856,6A9,宮崎県,2687,YAJU&U,宮崎県,0,,-
SINOBUZ,Be A Star,0,,-,963,5.1.1.,宮崎県,1223,SUNA.A,宮崎県,2670,JIN,宮崎県,0,,-
SINOBUZ,Beat Juggling Mix,0,,-,1012,5.1.1.,宮崎県,1430,SHU-KA,宮崎県,2134,JIN,宮崎県,0,,-
SINOBUZ,Believe in you,0,,-,1166,5.1.1.,宮崎県,1795,HIFUMI,宮崎県,2362,JIN,宮崎県,0,,-
SINOBUZ,Beyond The Seven,0,,-,729,5.1.1.,宮崎県,1186,BENT,宮崎県,2578,CUENVO,宮崎県,0,,-
SINOBUZ,BREAK OVER,0,,-,903,5.1.1.,宮崎県,1375,SHU-KA,宮崎県,2303,YAJU&U,宮崎県,0,,-
SINOBUZ,Breakin' Chain,0,,-,691,5.1.1.,宮崎県,1252,SHU-KA,宮崎県,2251,JIN,宮崎県,0,,-
SINOBUZ,BroGamer,0,,-,1354,5.1.1.,宮崎県,1972,BENT,宮崎県,2984,YAJU&U,宮崎県,4461,YAJU&U,宮崎県
SINOBUZ,Caterpillar,0,,-,1182,5.1.1.,宮崎県,2008,BENT,宮崎県,2830,42TAI,宮崎県,0,,-
SINOBUZ,crew,0,,-,631,KENZOW,宮崎県,1644,5.1.1.,宮崎県,2778,CUENVO,宮崎県,0,,-
SINOBUZ,Cyber True Color,0,,-,977,5.1.1.,宮崎県,1404,BENT,宮崎県,2279,YAJU&U,宮崎県,0,,-
SINOBUZ,DORNWALD ～Junge～,0,,-,1269,5.1.1.,宮崎県,2040,HIFUMI,宮崎県,3473,YAJU&U,宮崎県,0,,-
SINOBUZ,ECHIDNA,0,,-,1248,5.1.1.,宮崎県,1739,BENT,宮崎県,3278,YAJU&U,宮崎県,0,,-
SINOBUZ,Egret and Willow,0,,-,1027,5.1.1.,宮崎県,1575,5.1.1.,宮崎県,2671,42TAI,宮崎県,0,,-
SINOBUZ,elemental bender feat. Kanae Asaba,0,,-,644,5.1.1.,宮崎県,0,,-,1588,JIN,宮崎県,0,,-
SINOBUZ,FUZIN RIZIN,0,,-,1180,5.1.1.,宮崎県,1882,S.K,宮崎県,3620,KENZOW,宮崎県,0,,-
SINOBUZ,Go Ahead!!,0,,-,977,5.1.1.,宮崎県,1369,SKY.RV,宮崎県,2598,YAJU&U,宮崎県,0,,-
SINOBUZ,GuNGNiR,0,,-,1314,5.1.1.,宮崎県,2663,YAJU&U,宮崎県,3762,YAJU&U,宮崎県,4356,YAJU&U,宮崎県
SINOBUZ,HADES,222,NAUSKA,宮崎県,981,5.1.1.,宮崎県,1860,YAJU&U,宮崎県,2994,YAJU&U,宮崎県,0,,-
SINOBUZ,HAPPY★RUSH,0,,-,787,RIGHTS,宮崎県,1727,HANKEN,宮崎県,2716,42TAI,宮崎県,0,,-
SINOBUZ,Honey Trap,0,,-,832,5.1.1.,宮崎県,1489,BENT,宮崎県,2490,YAJU&U,宮崎県,0,,-
SINOBUZ,INVISIBLE STRIX,0,,-,1157,5.1.1.,宮崎県,1853,BENT,宮崎県,2567,KENZOW,宮崎県,0,,-
SINOBUZ,Lost wing at.0,0,,-,932,5.1.1.,宮崎県,1323,MAJIN2,宮崎県,2248,JIN,宮崎県,0,,-
SINOBUZ,Macuilxochitl,0,,-,1404,5.1.1.,宮崎県,2202,YAJU&U,宮崎県,3268,YAJU&U,宮崎県,0,,-
SINOBUZ,Magical,0,,-,802,5.1.1.,宮崎県,1165,5.1.1.,宮崎県,1926,JIN,宮崎県,0,,-
SINOBUZ,Mare Nectaris,0,,-,1401,5.1.1.,宮崎県,2103,YAJU&U,宮崎県,3445,KENZOW,宮崎県,0,,-
SINOBUZ,Modular Technology,0,,-,1230,5.1.1.,宮崎県,1748,CPU0,宮崎県,2481,42TAI,宮崎県,0,,-
SINOBUZ,Music is The Answer,0,,-,771,5.1.1.,宮崎県,0,,-,1874,YAJU&U,宮崎県,0,,-
SINOBUZ,nostos,0,,-,884,5.1.1.,宮崎県,0,,-,2388,SACHI,宮崎県,0,,-
SINOBUZ,OOO,0,,-,691,5.1.1.,宮崎県,1431,MAJIN2,宮崎県,2037,YAJU&U,宮崎県,2641,YAJU&U,宮崎県
SINOBUZ,OTENAMI Hurricane,0,,-,1257,5.1.1.,宮崎県,1925,BENT,宮崎県,3007,YAJU&U,宮崎県,0,,-
SINOBUZ,PAPAYAPA BASS,0,,-,780,5.1.1.,宮崎県,1474,MAJIN2,宮崎県,2638,42TAI,宮崎県,0,,-
SINOBUZ,Piano Samurai,0,,-,1074,L1C3N5,宮崎県,1596,L1C3N5,宮崎県,2433,YAJU&U,宮崎県,0,,-
SINOBUZ,Quakes,0,,-,1120,5.1.1.,宮崎県,1776,BENT,宮崎県,2955,KENZOW,宮崎県,0,,-
SINOBUZ,RAIN,0,,-,1137,5.1.1.,宮崎県,1619,6A9,宮崎県,3232,YAJU&U,宮崎県,0,,-
SINOBUZ,Rave Cannon,0,,-,1046,5.1.1.,宮崎県,1745,MIDORI,宮崎県,3248,YAJU&U,宮崎県,0,,-
SINOBUZ,Remedy feat. Kanae Asaba,0,,-,909,5.1.1.,宮崎県,1513,BENT,宮崎県,2183,YAJU&U,宮崎県,0,,-
SINOBUZ,ROTTERDAM SHOGUN,450,27CAN.,宮崎県,1133,5.1.1.,宮崎県,1630,BENT,宮崎県,2541,KENZOW,宮崎県,0,,-
SINOBUZ,SAMURAI-Scramble,0,,-,982,5.1.1.,宮崎県,1526,ELDY,宮崎県,2354,YAJU&U,宮崎県,2601,YAJU&U,宮崎県
SINOBUZ,Sarutobi Champion is 拙者,0,,-,976,5.1.1.,宮崎県,928,TAKU.,宮崎県,2122,KENZOW,宮崎県,0,,-
SINOBUZ,SAY BAY,0,,-,842,5.1.1.,宮崎県,1420,5.1.1.,宮崎県,2791,YAJU&U,宮崎県,0,,-
SINOBUZ,Seaside Labyrinth,0,,-,642,5.1.1.,宮崎県,1159,BENT,宮崎県,1744,JIN,宮崎県,0,,-
SINOBUZ,Selfish Sweet,0,,-,642,5.1.1.,宮崎県,941,5.1.1.,宮崎県,1657,JIN,宮崎県,2503,YAJU&U,宮崎県
SINOBUZ,SEQUENCE CAT,0,,-,1062,5.1.1.,宮崎県,1980,A7R,宮崎県,2602,JIN,宮崎県,0,,-
SINOBUZ,shuriken,0,,-,780,5.1.1.,宮崎県,1127,5.1.1.,宮崎県,2346,JIN,宮崎県,0,,-
SINOBUZ,SINOBUZ Fantasy,0,,-,1017,5.1.1.,宮崎県,1529,10FOO*,宮崎県,2379,DIRTY,宮崎県,0,,-
SINOBUZ,Sky High,0,,-,1169,5.1.1.,宮崎県,2367,YAJU&U,宮崎県,3761,YAJU&U,宮崎県,0,,-
SINOBUZ,Snakey Kung-fu,0,,-,1083,5.1.1.,宮崎県,2111,CUENVO,宮崎県,3357,YAJU&U,宮崎県,0,,-
SINOBUZ,Steel Edge,0,,-,916,5.1.1.,宮崎県,1360,BENT,宮崎県,3075,42TAI,宮崎県,0,,-
SINOBUZ,Summerlights(IIDX Edition),0,,-,1117,HANKEN,宮崎県,1722,L1C3N5,宮崎県,3033,YAJU&U,宮崎県,0,,-
SINOBUZ,Super Rush,0,,-,1028,5.1.1.,宮崎県,1637,417,宮崎県,3450,KENZOW,宮崎県,0,,-
SINOBUZ,Surf on the Light,0,,-,760,5.1.1.,宮崎県,1319,Y0TIKO,宮崎県,2234,YAJU&U,宮崎県,0,,-
SINOBUZ,The Commanders,0,,-,934,5.1.1.,宮崎県,1296,QUAKES,宮崎県,2416,YAJU&U,宮崎県,0,,-
SINOBUZ,TOGAKUSHI,0,,-,1004,5.1.1.,宮崎県,1636,XENON,宮崎県,2478,KENZOW,宮崎県,0,,-
SINOBUZ,Umbral,0,,-,614,5.1.1.,宮崎県,1019,NICO,宮崎県,1857,42TAI,宮崎県,2871,HM*K2B,宮崎県
SINOBUZ,Venom,0,,-,1242,5.1.1.,宮崎県,2014,BENT,宮崎県,3102,YAJU&U,宮崎県,0,,-
SINOBUZ,Vermilion,0,,-,885,5.1.1.,宮崎県,989,SAITO3,宮崎県,1922,JIN,宮崎県,0,,-
SINOBUZ,Warrior,0,,-,1021,5.1.1.,宮崎県,1667,5.1.1.,宮崎県,2332,JIN,宮崎県,0,,-
SINOBUZ,XINOBIKILL,0,,-,973,5.1.1.,宮崎県,1686,S.K,宮崎県,2857,YAJU&U,宮崎県,0,,-
SINOBUZ,yamabiko (SINOBUZ Edition),0,,-,971,L1C3N5,宮崎県,1509,HANKEN,宮崎県,2593,YAJU&U,宮崎県,0,,-
SINOBUZ,Yellow Sketch(RX-Ver.S.P.L.),0,,-,763,5.1.1.,宮崎県,1389,NS#TLT,宮崎県,2755,42TAI,宮崎県,0,,-
SINOBUZ,〆,0,,-,1261,5.1.1.,宮崎県,1917,SKY,宮崎県,3553,KENZOW,宮崎県,0,,-
SINOBUZ,ちらちら・はらはら,0,,-,409,5.1.1.,宮崎県,909,5.1.1.,宮崎県,1417,JIN,宮崎県,0,,-
SINOBUZ,イザナミノナゲキ,0,,-,1181,5.1.1.,宮崎県,1826,CHAMIN,宮崎県,3174,YAJU&U,宮崎県,0,,-
SINOBUZ,ディッシュウォッシャー◎彡おいわちゃん,0,,-,715,5.1.1.,宮崎県,1102,ME1GE2,宮崎県,2347,DIRTY,宮崎県,0,,-
SINOBUZ,九尾狐夜行,0,,-,846,5.1.1.,宮崎県,1624,MONOBU,宮崎県,2827,42TAI,宮崎県,0,,-
SINOBUZ,冬椿 ft. Kanae Asaba,107,70,宮崎県,945,5.1.1.,宮崎県,1236,5.1.1.,宮崎県,2264,YAJU&U,宮崎県,2993,YAJU&U,宮崎県
SINOBUZ,刃図羅,0,,-,1215,5.1.1.,宮崎県,1892,RYO.P,宮崎県,3319,YAJU&U,宮崎県,0,,-
SINOBUZ,忍恋花,0,,-,1006,5.1.1.,宮崎県,1456,YAN9MI,宮崎県,2178,YAJU&U,宮崎県,0,,-
SINOBUZ,恋はどう？モロ◎波動OK☆方程式!!,0,,-,1009,5.1.1.,宮崎県,1230,AKENO,宮崎県,2418,YAJU&U,宮崎県,0,,-
SINOBUZ,月雪に舞う華のように,0,,-,827,5.1.1.,宮崎県,1089,KIKY03,宮崎県,2017,JIN,宮崎県,0,,-
SINOBUZ,次葉 -turn the page-,0,,-,835,5.1.1.,宮崎県,1332,YAJU&U,宮崎県,1971,YAJU&U,宮崎県,0,,-
SINOBUZ,津軽雪,0,,-,1497,5.1.1.,宮崎県,2132,CEMNN.,宮崎県,3765,YAJU&U,宮崎県,0,,-
SINOBUZ,火影,0,,-,702,5.1.1.,宮崎県,1369,JIN,宮崎県,2593,KENZOW,宮崎県,0,,-
SINOBUZ,焔極OVERKILL,0,,-,1149,5.1.1.,宮崎県,1846,TAKU.,宮崎県,3535,YAJU&U,宮崎県,0,,-
SINOBUZ,獅子霞麗ノ舞,0,,-,495,5.1.1.,宮崎県,1048,5.1.1.,宮崎県,1703,JIN,宮崎県,0,,-
SINOBUZ,禍根,0,,-,811,5.1.1.,宮崎県,1245,BENT,宮崎県,2358,JIN,宮崎県,0,,-
SINOBUZ,童話回廊,0,,-,925,5.1.1.,宮崎県,1562,417,宮崎県,2745,CUENVO,宮崎県,0,,-
SINOBUZ,鴉,0,,-,1463,5.1.1.,宮崎県,2099,BENT,宮崎県,2588,HM*K2B,宮崎県,0,,-
CANNON BALLERS,1001 -ESCAPE-,0,,-,1012,5.1.1.,宮崎県,1314,QUAKES,宮崎県,2574,YAJU&U,宮崎県,0,,-
CANNON BALLERS,255,0,,-,901,5.1.1.,宮崎県,1449,6A9,宮崎県,3157,KENZOW,宮崎県,0,,-
CANNON BALLERS,AA -rebuild-,0,,-,1217,5.1.1.,宮崎県,2442,YAJU&U,宮崎県,3564,YAJU&U,宮崎県,0,,-
CANNON BALLERS,Abraxas,0,,-,796,5.1.1.,宮崎県,1502,MONOBU,宮崎県,2307,42TAI,宮崎県,0,,-
CANNON BALLERS,ACCELERATE,0,,-,1152,5.1.1.,宮崎県,1359,SMITH,宮崎県,2461,YAJU&U,宮崎県,0,,-
CANNON BALLERS,Alpheratz,0,,-,436,5.1.1.,宮崎県,996,5.1.1.,宮崎県,2082,JIN,宮崎県,2865,YAJU&U,宮崎県
CANNON BALLERS,Amor De Verao,0,,-,785,5.1.1.,宮崎県,1105,TAKE,宮崎県,2202,YAJU&U,宮崎県,0,,-
CANNON BALLERS,ANAGMA,0,,-,1027,5.1.1.,宮崎県,1435,QUAKES,宮崎県,2407,YOHANE,宮崎県,0,,-
CANNON BALLERS,ANCHOR,0,,-,1313,5.1.1.,宮崎県,2200,SHU-KA,宮崎県,3463,YAJU&U,宮崎県,0,,-
CANNON BALLERS,Antigravity,0,,-,1017,5.1.1.,宮崎県,1817,BENT,宮崎県,2858,KENZOW,宮崎県,0,,-
CANNON BALLERS,Arca,0,,-,910,5.1.1.,宮崎県,1744,MONOBU,宮崎県,2926,HM*K2B,宮崎県,0,,-
CANNON BALLERS,Around the Future,0,,-,1073,5.1.1.,宮崎県,1176,NS#TLT,宮崎県,2474,YAJU&U,宮崎県,0,,-
CANNON BALLERS,Back Spin Sweeper,0,,-,856,5.1.1.,宮崎県,1128,QUAKES,宮崎県,2188,KENZOW,宮崎県,0,,-
CANNON BALLERS,Battleground,0,,-,1156,5.1.1.,宮崎県,1692,6A9,宮崎県,2654,YAJU&U,宮崎県,0,,-
CANNON BALLERS,Be a Hero!,0,,-,774,5.1.1.,宮崎県,0,,-,2822,CUENVO,宮崎県,0,,-
CANNON BALLERS,Best of Me,0,,-,799,5.1.1.,宮崎県,1497,5.1.1.,宮崎県,2174,YAJU&U,宮崎県,0,,-
CANNON BALLERS,Boomy and The Boost,312,RITO,宮崎県,1054,5.1.1.,宮崎県,1894,SHU-KA,宮崎県,3462,YAJU&U,宮崎県,0,,-
CANNON BALLERS,Break Stasis,0,,-,1276,5.1.1.,宮崎県,1751,6A9,宮崎県,2520,YAJU&U,宮崎県,0,,-
CANNON BALLERS,ChaserXX,0,,-,1069,5.1.1.,宮崎県,1512,QUAKES,宮崎県,2727,42TAI,宮崎県,3583,KENZOW,宮崎県
CANNON BALLERS,Chemical Cookie,0,,-,824,5.1.1.,宮崎県,1356,SIE,宮崎県,2113,YAJU&U,宮崎県,0,,-
CANNON BALLERS,City Never Sleeps (IIDX Edition),0,,-,1251,5.1.1.,宮崎県,1691,BENT,宮崎県,2561,KENZOW,宮崎県,0,,-
CANNON BALLERS,COSMIC☆WONDER☆REVOLUTION,0,,-,764,5.1.1.,宮崎県,1386,MAJIN2,宮崎県,2083,KENZOW,宮崎県,0,,-
CANNON BALLERS,DEADHEAT,0,,-,1173,5.1.1.,宮崎県,1942,S.K,宮崎県,3149,YAJU&U,宮崎県,0,,-
CANNON BALLERS,DEATH†ZIGOQ ～怒りの高速爆走野郎～,0,,-,1357,5.1.1.,宮崎県,2219,MONOBU,宮崎県,3890,YAJU&U,宮崎県,4579,YAJU&U,宮崎県
CANNON BALLERS,DropZ-Line-,0,,-,1262,5.1.1.,宮崎県,1842,SHU-KA,宮崎県,2977,YAJU&U,宮崎県,0,,-
CANNON BALLERS,Eine Haube ～聖地の果てにあるもの～,0,,-,968,5.1.1.,宮崎県,1321,BENT,宮崎県,2476,42TAI,宮崎県,0,,-
CANNON BALLERS,EMERALDAS,311,KEUTI,宮崎県,1340,5.1.1.,宮崎県,2376,YAJU&U,宮崎県,3368,YAJU&U,宮崎県,0,,-
CANNON BALLERS,encounter,0,,-,957,5.1.1.,宮崎県,1684,5.1.1.,宮崎県,3187,YAJU&U,宮崎県,0,,-
CANNON BALLERS,Exhaust Hype,0,,-,1003,5.1.1.,宮崎県,1789,MONOBU,宮崎県,2636,JIN,宮崎県,0,,-
CANNON BALLERS,Expanded !!,0,,-,677,5.1.1.,宮崎県,1392,QUAKES,宮崎県,2606,YAJU&U,宮崎県,0,,-
CANNON BALLERS,Fervidex,0,,-,853,5.1.1.,宮崎県,1714,MONOBU,宮崎県,2695,YAJU&U,宮崎県,0,,-
CANNON BALLERS,FREEDOM,0,,-,985,5.1.1.,宮崎県,1224,SAITO3,宮崎県,2891,YAJU&U,宮崎県,0,,-
CANNON BALLERS,From Time To Time,0,,-,788,5.1.1.,宮崎県,1767,5.1.1.,宮崎県,2453,42TAI,宮崎県,0,,-
CANNON BALLERS,FUTURE is Dead,0,,-,909,5.1.1.,宮崎県,0,,-,2127,YAJU&U,宮崎県,0,,-
CANNON BALLERS,Get Up! feat. Kanae Asaba,0,,-,582,5.1.1.,宮崎県,825,ONB?,宮崎県,1822,KENZOW,宮崎県,0,,-
CANNON BALLERS,HAT TRICK,0,,-,850,5.1.1.,宮崎県,1244,QUAKES,宮崎県,2181,YAJU&U,宮崎県,0,,-
CANNON BALLERS,Hella Deep,0,,-,635,5.1.1.,宮崎県,968,BENT,宮崎県,1787,YAJU&U,宮崎県,0,,-
CANNON BALLERS,HYPE THE CORE,0,,-,1081,5.1.1.,宮崎県,1897,CESSY.,宮崎県,2737,JIN,宮崎県,0,,-
CANNON BALLERS,I Love You,0,,-,1052,5.1.1.,宮崎県,0,,-,2709,YAJU&U,宮崎県,0,,-
CANNON BALLERS,Illusionary Waterlily,0,,-,1291,5.1.1.,宮崎県,1913,BENT,宮崎県,3337,KENZOW,宮崎県,0,,-
CANNON BALLERS,Initiation,564,74C,宮崎県,1473,5.1.1.,宮崎県,2330,MAJIN2,宮崎県,3756,KENZOW,宮崎県,0,,-
CANNON BALLERS,"Life Is A Game ft.DD""ナカタ""Metal",0,,-,1244,5.1.1.,宮崎県,1753,BENT,宮崎県,3367,YAJU&U,宮崎県,0,,-
CANNON BALLERS,LUV DRIVE,0,,-,820,5.1.1.,宮崎県,1028,AKENO,宮崎県,1986,JIN,宮崎県,0,,-
CANNON BALLERS,MAXIVCORD,0,,-,805,5.1.1.,宮崎県,1259,BENT,宮崎県,2430,YAJU&U,宮崎県,0,,-
CANNON BALLERS,Midnight Lady,0,,-,632,5.1.1.,宮崎県,906,AKENO,宮崎県,1885,JIN,宮崎県,0,,-
CANNON BALLERS,n'pa pa BBQ,0,,-,908,5.1.1.,宮崎県,1269,TAKE,宮崎県,2718,YAJU&U,宮崎県,0,,-
CANNON BALLERS,NITROUS CANNON,0,,-,1332,5.1.1.,宮崎県,1653,BENT,宮崎県,3455,KENZOW,宮崎県,0,,-
CANNON BALLERS,No Limit 2 dAnce feat. 大山愛未,0,,-,973,5.1.1.,宮崎県,1318,QUAKES,宮崎県,2206,JIN,宮崎県,0,,-
CANNON BALLERS,Nothing but Theory,0,,-,1089,5.1.1.,宮崎県,1046,REPLAY,宮崎県,2807,YAJU&U,宮崎県,3699,YAJU&U,宮崎県
CANNON BALLERS,O/D*20,0,,-,1116,5.1.1.,宮崎県,1607,MAJIN2,宮崎県,2087,YAJU&U,宮崎県,3740,YAJU&U,宮崎県
CANNON BALLERS,Only for now,0,,-,896,5.1.1.,宮崎県,1515,5.1.1.,宮崎県,2232,YAJU&U,宮崎県,0,,-
CANNON BALLERS,Papilio ulysses,0,,-,1188,5.1.1.,宮崎県,1973,CUENVO,宮崎県,2754,YAJU&U,宮崎県,0,,-
CANNON BALLERS,Persephone,0,,-,1314,5.1.1.,宮崎県,1696,BENT,宮崎県,2903,KENZOW,宮崎県,0,,-
CANNON BALLERS,Rampage,0,,-,1273,5.1.1.,宮崎県,2318,BENT,宮崎県,3564,YAJU&U,宮崎県,0,,-
CANNON BALLERS,Raspberry Railgun,0,,-,1373,5.1.1.,宮崎県,2002,RYO.P,宮崎県,3066,KENZOW,宮崎県,0,,-
CANNON BALLERS,REVOLVER,0,,-,905,5.1.1.,宮崎県,1280,QUAKES,宮崎県,2524,HM*K2B,宮崎県,3137,YAJU&U,宮崎県
CANNON BALLERS,Sleepless days,0,,-,507,5.1.1.,宮崎県,895,5.1.1.,宮崎県,1574,YAJU&U,宮崎県,0,,-
CANNON BALLERS,Slipstream,0,,-,1043,5.1.1.,宮崎県,1860,6A9,宮崎県,3413,YAJU&U,宮崎県,0,,-
CANNON BALLERS,SPEED DEMON,0,,-,737,5.1.1.,宮崎県,1357,BENT,宮崎県,2257,42TAI,宮崎県,0,,-
CANNON BALLERS,STARLIGHT JUNCTION,0,,-,898,5.1.1.,宮崎県,1493,SHU-KA,宮崎県,2151,KUROKO,宮崎県,2825,42TAI,宮崎県
CANNON BALLERS,Static State,0,,-,1049,5.1.1.,宮崎県,0,,-,2255,42TAI,宮崎県,0,,-
CANNON BALLERS,Temple of Anubis,0,,-,997,5.1.1.,宮崎県,1293,BENT,宮崎県,2559,KENZOW,宮崎県,0,,-
CANNON BALLERS,THE CANNONBALLER,0,,-,1472,5.1.1.,宮崎県,2258,MONOBU,宮崎県,3383,YAJU&U,宮崎県,0,,-
CANNON BALLERS,The Chase,0,,-,699,5.1.1.,宮崎県,1338,JIN,宮崎県,2073,JIN,宮崎県,0,,-
CANNON BALLERS,UMMU,0,,-,1196,5.1.1.,宮崎県,1862,CARRYE,宮崎県,2984,KENZOW,宮崎県,0,,-
CANNON BALLERS,Usual Days-remix,0,,-,1066,5.1.1.,宮崎県,1369,CPU0,宮崎県,2553,KENZOW,宮崎県,0,,-
CANNON BALLERS,Xperanza,226,TU2222,宮崎県,1365,5.1.1.,宮崎県,2192,TAKU.,宮崎県,3050,KENZOW,宮崎県,0,,-
CANNON BALLERS,うさ☆かめ 大戦争！,0,,-,941,5.1.1.,宮崎県,1473,TERU*,宮崎県,2400,JIN,宮崎県,0,,-
CANNON BALLERS,エディブルフラワーの独白,0,,-,817,5.1.1.,宮崎県,1389,QUAKES,宮崎県,2123,YOHANE,宮崎県,0,,-
CANNON BALLERS,シムルグの目醒め,0,,-,1372,5.1.1.,宮崎県,2099,AIR*,宮崎県,3347,KENZOW,宮崎県,0,,-
CANNON BALLERS,ナイトシティー・アヴァンチュール,0,,-,1028,5.1.1.,宮崎県,0,,-,2077,YAJU&U,宮崎県,0,,-
CANNON BALLERS,ハイ*ビスカス ft. Kanae Asaba,0,,-,867,5.1.1.,宮崎県,1517,5.1.1.,宮崎県,2417,YAJU&U,宮崎県,0,,-
CANNON BALLERS,バ→ビ→ブ→Bomb!,0,,-,826,5.1.1.,宮崎県,1734,5.1.1.,宮崎県,2470,YAJU&U,宮崎県,0,,-
CANNON BALLERS,バスルーム ロマンス,0,,-,964,5.1.1.,宮崎県,1230,KATU,宮崎県,2274,JIN,宮崎県,0,,-
CANNON BALLERS,パラドキシカル・タイムリープトライアル(Short Ver.),0,,-,1034,5.1.1.,宮崎県,1590,BENT,宮崎県,2662,42TAI,宮崎県,0,,-
CANNON BALLERS,ラストセンチュリーメランコリック,0,,-,841,5.1.1.,宮崎県,1325,LOUVR.,宮崎県,2099,KENZOW,宮崎県,0,,-
CANNON BALLERS,共犯ヘヴンズコード,0,,-,507,5.1.1.,宮崎県,0,,-,2071,JIN,宮崎県,0,,-
CANNON BALLERS,命の標本,0,,-,737,5.1.1.,宮崎県,1484,BENT,宮崎県,2607,YAJU&U,宮崎県,0,,-
CANNON BALLERS,東京神話,342,AAAAAA,宮崎県,1028,5.1.1.,宮崎県,1634,BENT,宮崎県,2710,YAJU&U,宮崎県,0,,-
CANNON BALLERS,神謳 -RESONANCE-,0,,-,1359,5.1.1.,宮崎県,2356,RYO.P,宮崎県,3926,YAJU&U,宮崎県,0,,-
CANNON BALLERS,純真可憐デザイア,83,NASUS,宮崎県,831,5.1.1.,宮崎県,1503,T-R-N,宮崎県,2289,YAJU&U,宮崎県,2937,YAJU&U,宮崎県
CANNON BALLERS,草原の王女-軌跡を辿って-,0,,-,696,5.1.1.,宮崎県,993,TAKE,宮崎県,2134,YOHANE,宮崎県,0,,-
Rootage,& Intelligence,0,,-,1157,5.1.1.,宮崎県,1505,PIYOSK,宮崎県,3093,YAJU&U,宮崎県,0,,-
Rootage,50th Memorial Songs -Beginning Story-,0,,-,809,5.1.1.,宮崎県,1557,5.1.1.,宮崎県,2524,JIN,宮崎県,0,,-
Rootage,50th Memorial Songs -Flagship medley-,0,,-,950,5.1.1.,宮崎県,1440,5.1.1.,宮崎県,2191,JIN,宮崎県,0,,-
Rootage,50th Memorial Songs -The BEMANI History-,0,,-,1080,5.1.1.,宮崎県,1462,BENT,宮崎県,2488,KENZOW,宮崎県,0,,-
Rootage,50th Memorial Songs -二人の時 ～under the cherry blossoms～-,0,,-,1221,5.1.1.,宮崎県,1527,5.1.1.,宮崎県,2518,JIN,宮崎県,0,,-
Rootage,Afterimage d'automne,0,,-,1017,5.1.1.,宮崎県,1529,MONOBU,宮崎県,2635,42TAI,宮崎県,0,,-
Rootage,BLACK JACKAL,0,,-,842,5.1.1.,宮崎県,1435,BENT,宮崎県,2208,KENZOW,宮崎県,0,,-
Rootage,BLOSSOM,0,,-,1070,5.1.1.,宮崎県,1397,QUAKES,宮崎県,2462,YAJU&U,宮崎県,0,,-
Rootage,Carmina,0,,-,1280,5.1.1.,宮崎県,2132,SIE,宮崎県,3577,YAJU&U,宮崎県,0,,-
Rootage,Carry Me Away,187,TU2222,宮崎県,1104,5.1.1.,宮崎県,1723,BENT,宮崎県,3114,YAJU&U,宮崎県,0,,-
Rootage,Catch Our Fire!,0,,-,1346,5.1.1.,宮崎県,2160,S.K,宮崎県,3587,KENZOW,宮崎県,0,,-
Rootage,CODE:0,0,,-,1408,5.1.1.,宮崎県,1881,TAKU.,宮崎県,2663,42TAI,宮崎県,3164,KENZOW,宮崎県
Rootage,CoMAAAAAAA,0,,-,1231,5.1.1.,宮崎県,1926,5.1.1.,宮崎県,2384,YAJU&U,宮崎県,3832,YAJU&U,宮崎県
Rootage,COSMIC CYBER,0,,-,1018,5.1.1.,宮崎県,1248,PIYOSK,宮崎県,2597,YOHANE,宮崎県,0,,-
Rootage,Cranberry City ft. Luschel,0,,-,842,5.1.1.,宮崎県,1521,5.1.1.,宮崎県,2290,JIN,宮崎県,0,,-
Rootage,dAuntl3ss,0,,-,1068,5.1.1.,宮崎県,1811,BENT,宮崎県,3351,KENZOW,宮崎県,0,,-
Rootage,Dr. Chemical & Killing Machine,0,,-,1103,5.1.1.,宮崎県,1760,CESSY.,宮崎県,3310,KENZOW,宮崎県,0,,-
Rootage,Drastic Dramatic,0,,-,1497,5.1.1.,宮崎県,2075,SHU-KA,宮崎県,3425,YAJU&U,宮崎県,0,,-
Rootage,DRUNK MONKY,0,,-,970,5.1.1.,宮崎県,1386,BENT,宮崎県,2196,YAJU&U,宮崎県,0,,-
Rootage,Ember Lights,0,,-,964,SACHI,宮崎県,1345,QUAKES,宮崎県,2614,KENZOW,宮崎県,3012,YAJU&U,宮崎県
Rootage,EVANESCENT,0,,-,1251,5.1.1.,宮崎県,2023,BENT,宮崎県,3355,YAJU&U,宮崎県,0,,-
Rootage,Garuda,0,,-,1039,5.1.1.,宮崎県,1181,AKENO,宮崎県,2479,42TAI,宮崎県,0,,-
Rootage,Geirskögul,0,,-,1062,5.1.1.,宮崎県,1204,AKENO,宮崎県,2106,JIN,宮崎県,0,,-
Rootage,GENE,0,,-,1269,5.1.1.,宮崎県,1730,BENT,宮崎県,4214,YAJU&U,宮崎県,3456,YAJU&U,宮崎県
Rootage,GIGA THRASH,0,,-,1235,5.1.1.,宮崎県,1522,T-R-N,宮崎県,2505,KENZOW,宮崎県,0,,-
Rootage,Glory,0,,-,752,5.1.1.,宮崎県,1099,SAKO-3,宮崎県,2226,42TAI,宮崎県,0,,-
Rootage,GO OVER WITH GLARE -ROOTAGE 26-,0,,-,1063,5.1.1.,宮崎県,1984,ODEN,宮崎県,3695,KENZOW,宮崎県,0,,-
Rootage,HARD BRAIN,0,,-,1331,5.1.1.,宮崎県,1745,BENT,宮崎県,3702,YAJU&U,宮崎県,0,,-
Rootage,HEISEI,0,,-,1135,5.1.1.,宮崎県,1793,NABEA2,宮崎県,2446,42TAI,宮崎県,0,,-
Rootage,Hurry Hurry,0,,-,731,5.1.1.,宮崎県,1009,BENT,宮崎県,2066,YAJU&U,宮崎県,0,,-
Rootage,IDC feat.REVERBEE (Mo'Cuts Ver),0,,-,1037,5.1.1.,宮崎県,1349,BENT,宮崎県,2082,KENZOW,宮崎県,0,,-
Rootage,IDOL syndrome.,0,,-,752,5.1.1.,宮崎県,1422,5.1.1.,宮崎県,2062,YOHANE,宮崎県,2935,42TAI,宮崎県
Rootage,KILL EACH OTHER,0,,-,1363,5.1.1.,宮崎県,2434,YAJU&U,宮崎県,3718,YAJU&U,宮崎県,0,,-
Rootage,L.F.O,0,,-,872,5.1.1.,宮崎県,1603,6A9,宮崎県,3208,YAJU&U,宮崎県,0,,-
Rootage,LADYBIRD,0,,-,1072,5.1.1.,宮崎県,1473,6A9,宮崎県,2397,YAJU&U,宮崎県,0,,-
Rootage,Let me be your cure,0,,-,1125,5.1.1.,宮崎県,1363,BENT,宮崎県,2654,YAJU&U,宮崎県,0,,-
Rootage,Lethal Weapon,0,,-,1153,5.1.1.,宮崎県,1626,&#0190,宮崎県,3150,YAJU&U,宮崎県,0,,-
Rootage,Level One,0,,-,1225,5.1.1.,宮崎県,2260,JIN,宮崎県,3323,YAJU&U,宮崎県,0,,-
Rootage,Lift Us High,0,,-,971,5.1.1.,宮崎県,1165,SAKO-3,宮崎県,2412,42TAI,宮崎県,0,,-
Rootage,LOST TECHNOLOGIE,0,,-,1126,5.1.1.,宮崎県,1582,6A9,宮崎県,3305,KENZOW,宮崎県,0,,-
Rootage,Macho Monky,0,,-,1394,5.1.1.,宮崎県,1872,MAJIN2,宮崎県,2877,KENZOW,宮崎県,0,,-
Rootage,Necroxis Girl,0,,-,1149,5.1.1.,宮崎県,1737,SHU-KA,宮崎県,2677,KENZOW,宮崎県,0,,-
Rootage,"Next Tales 2 Oath (IIDX 20th Anniv ""Ring"" Theme)",0,,-,875,5.1.1.,宮崎県,1461,SKY,宮崎県,2471,AIM,宮崎県,0,,-
Rootage,Night! Night! Night!,0,,-,1192,5.1.1.,宮崎県,1550,T-R-N,宮崎県,2949,KENZOW,宮崎県,0,,-
Rootage,ONIGOROSHI,0,,-,1148,5.1.1.,宮崎県,1860,6A9,宮崎県,2850,YAJU&U,宮崎県,0,,-
Rootage,OVER TIME,0,,-,583,5.1.1.,宮崎県,935,5.1.1.,宮崎県,1513,JIN,宮崎県,1985,YAJU&U,宮崎県
Rootage,Painful Fate,0,,-,1231,5.1.1.,宮崎県,2022,POLY-6,宮崎県,3209,YAJU&U,宮崎県,0,,-
Rootage,Playing With Fire,0,,-,986,5.1.1.,宮崎県,1502,SHU-KA,宮崎県,2078,YOHANE,宮崎県,0,,-
Rootage,Psycho Sheep Riddim,0,,-,644,5.1.1.,宮崎県,869,KIKY03,宮崎県,1626,JIN,宮崎県,2173,YAJU&U,宮崎県
Rootage,Red. by Jack Trance,0,,-,1422,5.1.1.,宮崎県,2128,JIN,宮崎県,3405,YAJU&U,宮崎県,0,,-
Rootage,REPLAY,0,,-,939,5.1.1.,宮崎県,1418,BENT,宮崎県,2087,NANA-4,宮崎県,0,,-
Rootage,ROCK女 feat. 大山愛未， Ken,0,,-,1038,5.1.1.,宮崎県,1696,SACHI,宮崎県,2573,KENZOW,宮崎県,0,,-
Rootage,ruin of opals,0,,-,1005,5.1.1.,宮崎県,1592,6A9,宮崎県,2902,KENZOW,宮崎県,0,,-
Rootage,R∞tAge,0,,-,1080,5.1.1.,宮崎県,1524,SKY.RV,宮崎県,2856,KENZOW,宮崎県,0,,-
Rootage,SPEED ROCKER,0,,-,913,5.1.1.,宮崎県,1576,HIFUMI,宮崎県,2165,JIN,宮崎県,0,,-
Rootage,Technicolour Dreams,0,,-,912,5.1.1.,宮崎県,1034,ME1GE2,宮崎県,2365,YAJU&U,宮崎県,0,,-
Rootage,The Best of Both Worlds,0,,-,593,5.1.1.,宮崎県,1043,AKENO,宮崎県,2152,42TAI,宮崎県,0,,-
Rootage,THE DAY OF JUBILATIONS,0,,-,1482,5.1.1.,宮崎県,2121,DIRTY,宮崎県,3372,YAJU&U,宮崎県,0,,-
Rootage,The Rebellion of Sequencer,0,,-,1215,5.1.1.,宮崎県,1711,BENT,宮崎県,2877,42TAI,宮崎県,0,,-
Rootage,toy boxer,0,,-,778,5.1.1.,宮崎県,1366,TERU*,宮崎県,2176,HM*K2B,宮崎県,0,,-
Rootage,ToyCube Pf.(RX-Ver.S.P.L.),0,,-,740,5.1.1.,宮崎県,0,,-,2220,42TAI,宮崎県,0,,-
Rootage,Trill auf G,0,,-,1122,5.1.1.,宮崎県,1873,BENT,宮崎県,3099,KENZOW,宮崎県,0,,-
Rootage,Twilight Warp,0,,-,929,5.1.1.,宮崎県,0,,-,2075,JIN,宮崎県,0,,-
Rootage,Unbelief,0,,-,1095,5.1.1.,宮崎県,1848,6A9,宮崎県,2845,KENZOW,宮崎県,0,,-
Rootage,UNDERWORLD HOLOGRAPHY,0,,-,1131,5.1.1.,宮崎県,2079,YAJU&U,宮崎県,3214,YAJU&U,宮崎県,0,,-
Rootage,Urban Constellations,0,,-,718,5.1.1.,宮崎県,1159,QUAKES,宮崎県,2213,42TAI,宮崎県,3304,YAJU&U,宮崎県
Rootage,Visterhv,0,,-,1235,5.1.1.,宮崎県,2155,MAJIN2,宮崎県,3668,YAJU&U,宮崎県,0,,-
Rootage,voltississimo,0,,-,1177,5.1.1.,宮崎県,1972,CESSY.,宮崎県,3392,42TAI,宮崎県,0,,-
Rootage,Wing of Hearts,0,,-,1109,5.1.1.,宮崎県,1656,BENT,宮崎県,2844,JIN,宮崎県,0,,-
Rootage,Wolf 1061,0,,-,1013,5.1.1.,宮崎県,1412,MINO,宮崎県,2914,CUENVO,宮崎県,0,,-
Rootage,Wonderland,0,,-,1055,5.1.1.,宮崎県,1678,HIFUMI,宮崎県,2708,KENZOW,宮崎県,0,,-
Rootage,X-DEN,0,,-,1544,5.1.1.,宮崎県,2561,JIN,宮崎県,3776,YAJU&U,宮崎県,0,,-
Rootage,XENON II ～TOMOYUKIの野望～,0,,-,1158,5.1.1.,宮崎県,1496,TAKU.,宮崎県,2889,KENZOW,宮崎県,0,,-
Rootage,Xlo,0,,-,1459,5.1.1.,宮崎県,2363,JIN,宮崎県,3540,KENZOW,宮崎県,0,,-
Rootage,Yum Yum Jelly,0,,-,780,5.1.1.,宮崎県,1469,SHU-KA,宮崎県,2347,YAJU&U,宮崎県,0,,-
Rootage,ZENDEGI DANCE,0,,-,1182,5.1.1.,宮崎県,1552,YUKA,宮崎県,2706,YAJU&U,宮崎県,0,,-
Rootage,おーまい！らぶりー！すうぃーてぃ！だーりん！,0,,-,1085,5.1.1.,宮崎県,1734,ODEN,宮崎県,2717,JIN,宮崎県,0,,-
Rootage,お菓子の王国,0,,-,1386,5.1.1.,宮崎県,2113,CARRYE,宮崎県,3885,YAJU&U,宮崎県,0,,-
Rootage,グラナダの風,0,,-,799,5.1.1.,宮崎県,1133,5.1.1.,宮崎県,1772,YAJU&U,宮崎県,0,,-
Rootage,セカンドピアス,0,,-,602,5.1.1.,宮崎県,902,TAKE,宮崎県,1887,JIN,宮崎県,0,,-
Rootage,ハードベース・フェスタ,0,,-,1120,5.1.1.,宮崎県,1602,6A9,宮崎県,2810,YAJU&U,宮崎県,0,,-
Rootage,ミストレス・アンに花束を,0,,-,571,5.1.1.,宮崎県,999,5.1.1.,宮崎県,1386,JIN,宮崎県,0,,-
Rootage,ミッドナイト☆WAR,0,,-,813,5.1.1.,宮崎県,1576,JIN,宮崎県,2469,YAJU&U,宮崎県,0,,-
Rootage,夏の匂い。キミの残像。 ft. Kanae Asaba,0,,-,692,5.1.1.,宮崎県,1480,5.1.1.,宮崎県,2531,YAJU&U,宮崎県,0,,-
Rootage,抱きしめてモナムール,0,,-,1281,5.1.1.,宮崎県,2161,S.K,宮崎県,4076,YAJU&U,宮崎県,0,,-
Rootage,最小三倍完全数,0,,-,905,5.1.1.,宮崎県,1664,ARIA-P,宮崎県,2393,KENZOW,宮崎県,0,,-
Rootage,泰東ノ翠霞,0,,-,496,RIGHTS,宮崎県,728,HANKEN,宮崎県,1636,42TAI,宮崎県,0,,-
Rootage,深愛のリグレット,0,,-,784,RIGHTS,宮崎県,1164,BENT,宮崎県,2352,YAJU&U,宮崎県,0,,-
Rootage,爆ゼニ☆がってんワーカー,0,,-,1229,5.1.1.,宮崎県,1802,DIRTY,宮崎県,2685,YAJU&U,宮崎県,0,,-
Rootage,花冠 feat.Aikapin,0,,-,978,5.1.1.,宮崎県,1592,5.1.1.,宮崎県,2414,JIN,宮崎県,0,,-
Rootage,金野火織の金色提言,0,,-,1225,5.1.1.,宮崎県,2110,S.K,宮崎県,2920,KENZOW,宮崎県,0,,-
Rootage,龍王の霊廟(Mausoleum Of The Primal Dragon),0,,-,1135,5.1.1.,宮崎県,2122,BENT,宮崎県,3096,42TAI,宮崎県,3866,KENZOW,宮崎県
HEROIC VERSE,27th style,0,,-,1176,JIN,宮崎県,1703,DIRTY,宮崎県,2496,YAJU&U,宮崎県,2999,KENZOW,宮崎県
HEROIC VERSE,Advent Infamous,0,,-,989,5.1.1.,宮崎県,1555,MONOBU,宮崎県,2803,YAJU&U,宮崎県,0,,-
HEROIC VERSE,AKASHIC BREAK,0,,-,1240,5.1.1.,宮崎県,2329,MI*,宮崎県,3347,42TAI,宮崎県,0,,-
HEROIC VERSE,And-RoiD,0,,-,728,5.1.1.,宮崎県,670,MEGUPI,宮崎県,2006,YAJU&U,宮崎県,0,,-
HEROIC VERSE,Artist,0,,-,1271,5.1.1.,宮崎県,2172,CESSY.,宮崎県,3350,KENZOW,宮崎県,0,,-
HEROIC VERSE,Backyard Stars,0,,-,1040,5.1.1.,宮崎県,1462,6A9,宮崎県,2149,YAJU&U,宮崎県,0,,-
HEROIC VERSE,BEAT PRISONER,0,,-,1207,5.1.1.,宮崎県,1950,MAJIN2,宮崎県,3526,YAJU&U,宮崎県,0,,-
HEROIC VERSE,beatAffection,0,,-,1006,5.1.1.,宮崎県,1519,YAJU&U,宮崎県,2646,YAJU&U,宮崎県,0,,-
HEROIC VERSE,Beautiful Harmony (IIDX Mix),0,,-,878,RIGHTS,宮崎県,1627,HANKEN,宮崎県,2293,YOHANE,宮崎県,0,,-
HEROIC VERSE,Bow shock!!,0,,-,804,5.1.1.,宮崎県,1848,MONOBU,宮崎県,3022,YAJU&U,宮崎県,4177,YAJU&U,宮崎県
HEROIC VERSE,Calvados Queen,0,,-,971,5.1.1.,宮崎県,856,IKAROS,宮崎県,2392,YAJU&U,宮崎県,0,,-
HEROIC VERSE,Change Yourself,0,,-,943,5.1.1.,宮崎県,1409,Y-ASU,宮崎県,2337,JIN,宮崎県,0,,-
HEROIC VERSE,Crank It,0,,-,776,5.1.1.,宮崎県,1430,5.1.1.,宮崎県,2418,YAJU&U,宮崎県,0,,-
HEROIC VERSE,Dans la nuit de l'eternite,0,,-,1357,5.1.1.,宮崎県,1998,BENT,宮崎県,3210,42TAI,宮崎県,0,,-
HEROIC VERSE,Do What You Want,0,,-,695,5.1.1.,宮崎県,760,NS#TLT,宮崎県,1949,42TAI,宮崎県,0,,-
HEROIC VERSE,Double Dribble,0,,-,1261,5.1.1.,宮崎県,1690,BENT,宮崎県,3163,KENZOW,宮崎県,0,,-
HEROIC VERSE,EROICA,0,,-,1358,5.1.1.,宮崎県,2311,YAJU&U,宮崎県,3738,KENZOW,宮崎県,0,,-
HEROIC VERSE,Everlasting Message,0,,-,1221,5.1.1.,宮崎県,2066,SHU-KA,宮崎県,3482,YAJU&U,宮崎県,0,,-
HEROIC VERSE,fairy cocktail,0,,-,457,5.1.1.,宮崎県,863,SAKO-3,宮崎県,1577,JIN,宮崎県,0,,-
HEROIC VERSE,Fly Above (Vicissitude Remix),0,,-,874,5.1.1.,宮崎県,1137,ME1GE2,宮崎県,2360,YAJU&U,宮崎県,0,,-
HEROIC VERSE,Forgetting Machine,0,,-,713,5.1.1.,宮崎県,1002,AKENO,宮崎県,1640,JIN,宮崎県,0,,-
HEROIC VERSE,Friction[!]Function,0,,-,1095,5.1.1.,宮崎県,1204,AKENO,宮崎県,3059,KENZOW,宮崎県,0,,-
HEROIC VERSE,GHOST,0,,-,824,5.1.1.,宮崎県,1329,BENT,宮崎県,2598,42TAI,宮崎県,0,,-
HEROIC VERSE,GIGA VIOLATE,0,,-,1102,5.1.1.,宮崎県,1235,PIYOSK,宮崎県,2453,YOHANE,宮崎県,0,,-
HEROIC VERSE,Hold My Hand,0,,-,920,5.1.1.,宮崎県,1464,QUAKES,宮崎県,2387,S.K,宮崎県,0,,-
HEROIC VERSE,Hyper Drive feat. ぷにぷに電機,0,,-,668,5.1.1.,宮崎県,1456,5.1.1.,宮崎県,1947,JIN,宮崎県,0,,-
HEROIC VERSE,If,0,,-,788,5.1.1.,宮崎県,1266,SHU-KA,宮崎県,1865,YAJU&U,宮崎県,0,,-
HEROIC VERSE,Inferno of Fomalhaut,0,,-,1001,5.1.1.,宮崎県,1838,YAJU&U,宮崎県,2937,YAJU&U,宮崎県,0,,-
HEROIC VERSE,Infinity Mirror,0,,-,849,5.1.1.,宮崎県,1318,5.1.1.,宮崎県,2260,42TAI,宮崎県,0,,-
HEROIC VERSE,Into The Madness,0,,-,970,5.1.1.,宮崎県,1431,MONOBU,宮崎県,2324,JIN,宮崎県,0,,-
HEROIC VERSE,LASER CRUSTER (IGNITE REMIX),0,,-,786,5.1.1.,宮崎県,1570,BENT,宮崎県,3405,42TAI,宮崎県,0,,-
HEROIC VERSE,Level 2,0,,-,920,5.1.1.,宮崎県,1598,ODEN,宮崎県,2722,KENZOW,宮崎県,0,,-
HEROIC VERSE,LIGHTNING STRIKES,0,,-,909,5.1.1.,宮崎県,1572,5.1.1.,宮崎県,3207,YAJU&U,宮崎県,4075,YAJU&U,宮崎県
HEROIC VERSE,Like+it!,0,,-,1056,5.1.1.,宮崎県,1588,5.1.1.,宮崎県,2354,YAJU&U,宮崎県,0,,-
HEROIC VERSE,Lords Of The Roundtable,0,,-,1063,5.1.1.,宮崎県,1715,DIRTY,宮崎県,2928,YAJU&U,宮崎県,0,,-
HEROIC VERSE,Lost Souls,0,,-,698,5.1.1.,宮崎県,1520,HIFUMI,宮崎県,2197,YOHANE,宮崎県,3871,YAJU&U,宮崎県
HEROIC VERSE,Matt Silver,0,,-,1146,5.1.1.,宮崎県,1880,SIE,宮崎県,3242,YAJU&U,宮崎県,0,,-
HEROIC VERSE,Megalara Garuda,0,,-,1463,5.1.1.,宮崎県,1783,SIE,宮崎県,2943,YAJU&U,宮崎県,0,,-
HEROIC VERSE,Mel,0,,-,783,5.1.1.,宮崎県,776,02ZLKY,宮崎県,2133,YAJU&U,宮崎県,2697,YAJU&U,宮崎県
HEROIC VERSE,Moving on,0,,-,1035,5.1.1.,宮崎県,1792,5.1.1.,宮崎県,2952,YAJU&U,宮崎県,0,,-
HEROIC VERSE,Nasty Techniques,0,,-,961,5.1.1.,宮崎県,1635,SACHI,宮崎県,2578,YAJU&U,宮崎県,0,,-
HEROIC VERSE,NEWALONE,0,,-,595,5.1.1.,宮崎県,0,,-,1955,JIN,宮崎県,0,,-
HEROIC VERSE,ORCA,0,,-,1294,5.1.1.,宮崎県,2072,BENT,宮崎県,3271,KENZOW,宮崎県,0,,-
HEROIC VERSE,OUTER PLANETS,0,,-,671,5.1.1.,宮崎県,1370,5.1.1.,宮崎県,2107,42TAI,宮崎県,0,,-
HEROIC VERSE,Override,0,,-,928,5.1.1.,宮崎県,1401,AAAAAA,宮崎県,2844,YAJU&U,宮崎県,4178,YAJU&U,宮崎県
HEROIC VERSE,PHASE SHIFT MANEUVER,0,,-,1255,5.1.1.,宮崎県,1211,AKENO,宮崎県,2777,YAJU&U,宮崎県,0,,-
HEROIC VERSE,Primitive Vibes,0,,-,1144,5.1.1.,宮崎県,1831,BENT,宮崎県,2996,YAJU&U,宮崎県,0,,-
HEROIC VERSE,Queen Kaguya,0,,-,973,5.1.1.,宮崎県,1642,BENT,宮崎県,2504,42TAI,宮崎県,0,,-
HEROIC VERSE,Rainstorm,0,,-,977,5.1.1.,宮崎県,1446,5.1.1.,宮崎県,2201,JIN,宮崎県,0,,-
HEROIC VERSE,Rave Patroller,0,,-,1346,5.1.1.,宮崎県,2125,ODEN,宮崎県,3336,YAJU&U,宮崎県,0,,-
HEROIC VERSE,rough percussionythm,0,,-,1022,5.1.1.,宮崎県,1526,MONOBU,宮崎県,2467,YAJU&U,宮崎県,0,,-
HEROIC VERSE,S!ck (Nhato Remix),0,,-,986,5.1.1.,宮崎県,1311,SKY,宮崎県,2350,JIN,宮崎県,0,,-
HEROIC VERSE,SCREW // owo // SCREW,0,,-,1097,5.1.1.,宮崎県,2071,JIN,宮崎県,2778,KENZOW,宮崎県,0,,-
HEROIC VERSE,Shiva,0,,-,725,5.1.1.,宮崎県,1087,QUAKES,宮崎県,2098,YAJU&U,宮崎県,0,,-
HEROIC VERSE,Silly Love,0,,-,794,5.1.1.,宮崎県,1315,5.1.1.,宮崎県,2021,YAJU&U,宮崎県,0,,-
HEROIC VERSE,Ska-sh All Neurons!!,0,,-,976,5.1.1.,宮崎県,1186,AKENO,宮崎県,2310,YAJU&U,宮崎県,0,,-
HEROIC VERSE,Smashing Wedge,0,,-,951,5.1.1.,宮崎県,1950,BENT,宮崎県,3575,YAJU&U,宮崎県,0,,-
HEROIC VERSE,Sparkle Smilin',0,,-,921,5.1.1.,宮崎県,1457,S.K,宮崎県,2339,JIN,宮崎県,0,,-
HEROIC VERSE,STOIC HYPOTHESIS,0,,-,1119,5.1.1.,宮崎県,1444,QUAKES,宮崎県,2735,YAJU&U,宮崎県,0,,-
HEROIC VERSE,Sugar Drippin',0,,-,773,5.1.1.,宮崎県,1140,SHU-KA,宮崎県,1927,JIN,宮崎県,0,,-
HEROIC VERSE,T-REX vs Velociraptor (In the Far east euphoria),0,,-,1357,5.1.1.,宮崎県,0,,-,3130,YAJU&U,宮崎県,0,,-
HEROIC VERSE,take me higher,0,,-,817,5.1.1.,宮崎県,1204,BENT,宮崎県,1750,YOHANE,宮崎県,0,,-
HEROIC VERSE,TECHNO Style Essentials,0,,-,989,5.1.1.,宮崎県,1440,6A9,宮崎県,2735,KENZOW,宮崎県,0,,-
HEROIC VERSE,THE BRAVE MUST DIE,0,,-,1396,5.1.1.,宮崎県,2359,CESSY.,宮崎県,3873,YAJU&U,宮崎県,0,,-
HEROIC VERSE,THE F∀UST,0,,-,1290,CESSY.,宮崎県,1884,AIR*,宮崎県,3481,YAJU&U,宮崎県,0,,-
HEROIC VERSE,The Sky of Sadness,0,,-,875,5.1.1.,宮崎県,1370,TERU*,宮崎県,2257,JIN,宮崎県,0,,-
HEROIC VERSE,Theory,0,,-,794,5.1.1.,宮崎県,1370,5.1.1.,宮崎県,2481,YAJU&U,宮崎県,0,,-
HEROIC VERSE,TRIUMPH,0,,-,934,5.1.1.,宮崎県,1954,NANA-4,宮崎県,3242,YAJU&U,宮崎県,0,,-
HEROIC VERSE,UNITE THE HEART,0,,-,1464,5.1.1.,宮崎県,2323,6A9,宮崎県,3203,KENZOW,宮崎県,0,,-
HEROIC VERSE,VALKYRIAS -英雄誕生-,0,,-,1027,CESSY.,宮崎県,1631,MONOBU,宮崎県,2598,JIN,宮崎県,0,,-
HEROIC VERSE,VIBRΛ,0,,-,920,5.1.1.,宮崎県,1182,BENT,宮崎県,1827,KENZOW,宮崎県,0,,-
HEROIC VERSE,Vinculum stellarum,0,,-,923,5.1.1.,宮崎県,2060,SIE,宮崎県,3572,YAJU&U,宮崎県,0,,-
HEROIC VERSE,Virus Funk,0,,-,767,5.1.1.,宮崎県,1430,5.1.1.,宮崎県,2137,KENZOW,宮崎県,0,,-
HEROIC VERSE,Volcanic Dragon,0,,-,1046,5.1.1.,宮崎県,1342,MISA,宮崎県,2752,JIN,宮崎県,0,,-
HEROIC VERSE,Voo Doo Bamboleo,0,,-,903,5.1.1.,宮崎県,1474,5.1.1.,宮崎県,2347,NANA-4,宮崎県,0,,-
HEROIC VERSE,Ypsilon,0,,-,1088,5.1.1.,宮崎県,1305,LOUVR.,宮崎県,2792,KENZOW,宮崎県,3467,YAJU&U,宮崎県
HEROIC VERSE,がっつり陰キャ!? 怪盗いいんちょの億劫^^;,0,,-,1533,CESSY.,宮崎県,2500,CEMNN.,宮崎県,4115,YAJU&U,宮崎県,0,,-
HEROIC VERSE,シャムシールの舞,0,,-,841,5.1.1.,宮崎県,1344,BENT,宮崎県,2451,YAJU&U,宮崎県,0,,-
HEROIC VERSE,セピアの軌跡 ft. 天宮みや(少女フラクタル),0,,-,800,5.1.1.,宮崎県,1215,TAKE,宮崎県,2386,YAJU&U,宮崎県,0,,-
HEROIC VERSE,バッドエンド・シンドローム,0,,-,1048,5.1.1.,宮崎県,1563,SKY,宮崎県,2864,JIN,宮崎県,0,,-
HEROIC VERSE,ピアノ協奏曲第1番”蠍火” (BlackY Remix),0,,-,1016,CESSY.,宮崎県,1987,JIN,宮崎県,3611,YAJU&U,宮崎県,0,,-
HEROIC VERSE,ラブキラ☆スプラッシュ,0,,-,1090,5.1.1.,宮崎県,1554,5.1.1.,宮崎県,2495,YAJU&U,宮崎県,0,,-
HEROIC VERSE,ランカーキラーガール,0,,-,1146,5.1.1.,宮崎県,1721,BENT,宮崎県,2757,JIN,宮崎県,0,,-
HEROIC VERSE,曼荼羅恋々,0,,-,1104,5.1.1.,宮崎県,1551,RYO.P,宮崎県,2533,JIN,宮崎県,0,,-
HEROIC VERSE,深淵に捧ぐレクイエム,0,,-,848,5.1.1.,宮崎県,1500,BENT,宮崎県,2894,YAJU&U,宮崎県,0,,-
HEROIC VERSE,灼熱Beach Side Bunny (Masayoshi Iimori Remix),0,,-,660,5.1.1.,宮崎県,984,KIKY03,宮崎県,1805,JIN,宮崎県,0,,-
HEROIC VERSE,狂水一華,0,,-,965,5.1.1.,宮崎県,1451,CON,宮崎県,2620,KENZOW,宮崎県,0,,-
HEROIC VERSE,眠りの国のステラ,0,,-,1164,5.1.1.,宮崎県,1671,T-R-N,宮崎県,2696,YAJU&U,宮崎県,0,,-
HEROIC VERSE,華麗なる大犬円舞曲,0,,-,1330,5.1.1.,宮崎県,2144,YAJU&U,宮崎県,3343,YAJU&U,宮崎県,0,,-
HEROIC VERSE,錬成人間トリコロイダー,0,,-,1043,5.1.1.,宮崎県,1807,YAJU&U,宮崎県,3166,YAJU&U,宮崎県,0,,-
HEROIC VERSE,開きたまえ！Next stAge！,0,,-,1124,5.1.1.,宮崎県,1673,JIN,宮崎県,2844,YAJU&U,宮崎県,0,,-
HEROIC VERSE,魅惑のYUMMYスイーツ,0,,-,905,5.1.1.,宮崎県,1497,LOUVR.,宮崎県,2888,42TAI,宮崎県,0,,-
BISTROVER,-65℃,0,,-,1379,5.1.1.,宮崎県,2220,JIN,宮崎県,3614,YAJU&U,宮崎県,0,,-
BISTROVER,ABSOLUTE (kors k Remix),0,,-,919,CESSY.,宮崎県,1263,SKY,宮崎県,2471,JIN,宮崎県,0,,-
BISTROVER,Ah Hah Yeah,0,,-,711,5.1.1.,宮崎県,1341,5.1.1.,宮崎県,2132,YAJU&U,宮崎県,0,,-
BISTROVER,AMRITA -不滅ノ花-,0,,-,892,5.1.1.,宮崎県,1501,BENT,宮崎県,2682,YAJU&U,宮崎県,0,,-
BISTROVER,apo:llioth,0,,-,1202,5.1.1.,宮崎県,1931,TAKU.,宮崎県,2895,YAJU&U,宮崎県,0,,-
BISTROVER,As You Want,0,,-,834,5.1.1.,宮崎県,1353,SHU-KA,宮崎県,2247,JIN,宮崎県,0,,-
BISTROVER,ASIAN VIRTUAL REALITIES (MELTING TOGETHER IN DAZZLING DARKNESS),0,,-,1040,5.1.1.,宮崎県,1592,BENT,宮崎県,3050,42TAI,宮崎県,0,,-
BISTROVER,BEMANI PRO LEAGUE Theme,0,,-,762,5.1.1.,宮崎県,1258,BENT,宮崎県,1906,KENZOW,宮崎県,0,,-
BISTROVER,BIGソムタム,0,,-,1243,CESSY.,宮崎県,1738,P.MS1,宮崎県,3308,YAJU&U,宮崎県,0,,-
BISTROVER,BLACK or WHITE?,0,,-,1281,5.1.1.,宮崎県,2372,KUROKO,宮崎県,3812,YAJU&U,宮崎県,0,,-
BISTROVER,Burning Flame,0,,-,1179,5.1.1.,宮崎県,1695,6A9,宮崎県,2803,KENZOW,宮崎県,3655,KENZOW,宮崎県
BISTROVER,Chewingood!!!,188,BACON,宮崎県,861,5.1.1.,宮崎県,1463,5.1.1.,宮崎県,2583,YAJU&U,宮崎県,0,,-
BISTROVER,COSMIC RAY,0,,-,1281,CESSY.,宮崎県,1887,SHU-KA,宮崎県,2732,KENZOW,宮崎県,0,,-
BISTROVER,Crazy Jackpot,0,,-,997,5.1.1.,宮崎県,1371,XENON,宮崎県,2787,KENZOW,宮崎県,0,,-
BISTROVER,Danza Aestas,0,,-,980,5.1.1.,宮崎県,1329,AKENO,宮崎県,2787,SACHI,宮崎県,0,,-
BISTROVER,Dawn Saga,0,,-,940,5.1.1.,宮崎県,1388,QUAKES,宮崎県,2596,KENZOW,宮崎県,0,,-
BISTROVER,DENIM,0,,-,592,CESSY.,宮崎県,1222,SHU-KA,宮崎県,1619,JIN,宮崎県,0,,-
BISTROVER,Don't Stop The Music feat. Kanae Asaba,0,,-,682,CESSY.,宮崎県,0,,-,1803,JIN,宮崎県,0,,-
BISTROVER,DUAL STRIKER,0,,-,1171,5.1.1.,宮崎県,2490,YAJU&U,宮崎県,3644,KENZOW,宮崎県,0,,-
BISTROVER,Empire of Fury,0,,-,1326,5.1.1.,宮崎県,2047,JIN,宮崎県,3180,YAJU&U,宮崎県,0,,-
BISTROVER,Euphoric Lagoon,0,,-,884,5.1.1.,宮崎県,1416,BENT,宮崎県,2553,YAJU&U,宮崎県,0,,-
BISTROVER,Explorer feat. ぷにぷに電機,0,,-,746,5.1.1.,宮崎県,1274,5.1.1.,宮崎県,2131,YAJU&U,宮崎県,2838,42TAI,宮崎県
BISTROVER,Farewell to Marrakech,0,,-,889,5.1.1.,宮崎県,1263,QUAKES,宮崎県,2146,JIN,宮崎県,0,,-
BISTROVER,Fire Beat,0,,-,1098,5.1.1.,宮崎県,1652,ARIA-P,宮崎県,2635,KENZOW,宮崎県,0,,-
BISTROVER,Frisk And Squeak,0,,-,813,5.1.1.,宮崎県,1127,RITO,宮崎県,2244,CESSY.,宮崎県,0,,-
BISTROVER,GIGA RAID,0,,-,961,5.1.1.,宮崎県,1694,6A9,宮崎県,2326,42TAI,宮崎県,0,,-
BISTROVER,Globe Glitter,0,,-,1047,5.1.1.,宮崎県,1254,AKENO,宮崎県,2459,JIN,宮崎県,0,,-
BISTROVER,Here We Are,388,HANKEN,宮崎県,1072,RIGHTS,宮崎県,1669,SACHI,宮崎県,2444,YAJU&U,宮崎県,0,,-
BISTROVER,HIGH VOLTAGE,0,,-,825,5.1.1.,宮崎県,1221,QUAKES,宮崎県,2168,42TAI,宮崎県,0,,-
BISTROVER,Ignis†Irae,0,,-,1079,5.1.1.,宮崎県,2060,6A9,宮崎県,3592,YAJU&U,宮崎県,0,,-
BISTROVER,IIDX RED Ending (Ryu☆Remix),0,,-,647,5.1.1.,宮崎県,996,PIYOSK,宮崎県,1838,YAJU&U,宮崎県,0,,-
BISTROVER,innocent revolver,0,,-,1098,5.1.1.,宮崎県,2072,BENT,宮崎県,3614,KENZOW,宮崎県,0,,-
BISTROVER,Jungle Eater,0,,-,1007,5.1.1.,宮崎県,1621,AKI.K.,宮崎県,2943,YAJU&U,宮崎県,0,,-
BISTROVER,LAST DAY,0,,-,1124,5.1.1.,宮崎県,1515,TAKU.,宮崎県,2790,YOHANE,宮崎県,0,,-
BISTROVER,Level 3,0,,-,1160,5.1.1.,宮崎県,2268,YAJU&U,宮崎県,3378,YAJU&U,宮崎県,0,,-
BISTROVER,LOCUS OF THE TRAVEL,0,,-,1095,5.1.1.,宮崎県,2447,YAJU&U,宮崎県,3527,YAJU&U,宮崎県,0,,-
BISTROVER,Lovely Howdy Cowboy!!,0,,-,1070,5.1.1.,宮崎県,1748,MONOBU,宮崎県,2632,SACHI,宮崎県,0,,-
BISTROVER,MA・TSU・RI,0,,-,1085,CESSY.,宮崎県,1603,BENT,宮崎県,2556,YAJU&U,宮崎県,0,,-
BISTROVER,MEGAERA,0,,-,1420,CESSY.,宮崎県,1874,TERU*,宮崎県,3337,YAJU&U,宮崎県,0,,-
BISTROVER,Midnight Drive,0,,-,600,5.1.1.,宮崎県,1262,ELDY,宮崎県,1978,JIN,宮崎県,0,,-
BISTROVER,MOVE! (We Keep It Movin'),0,,-,762,5.1.1.,宮崎県,0,,-,2069,42TAI,宮崎県,0,,-
BISTROVER,Neo Heritage,0,,-,940,5.1.1.,宮崎県,1574,MONOBU,宮崎県,2767,KENZOW,宮崎県,0,,-
BISTROVER,Ocean Blue feat. Luschel,0,,-,851,5.1.1.,宮崎県,1190,TAKE,宮崎県,2375,42TAI,宮崎県,0,,-
BISTROVER,of the first magnitude,0,,-,1029,5.1.1.,宮崎県,1578,QUAKES,宮崎県,2881,KENZOW,宮崎県,0,,-
BISTROVER,OTOKOZAKA,0,,-,1038,5.1.1.,宮崎県,1800,5.1.1.,宮崎県,2868,YAJU&U,宮崎県,0,,-
BISTROVER,Overslept,0,,-,1108,5.1.1.,宮崎県,1560,TAKU.,宮崎県,2335,YOHANE,宮崎県,0,,-
BISTROVER,Para siempre,0,,-,949,CESSY.,宮崎県,1470,5.1.1.,宮崎県,2793,KENZOW,宮崎県,0,,-
BISTROVER,Parvati,0,,-,1007,CESSY.,宮崎県,1695,BENT,宮崎県,2637,HM*K2B,宮崎県,0,,-
BISTROVER,POLKAMANIA,0,,-,969,5.1.1.,宮崎県,1587,6A9,宮崎県,2798,YAJU&U,宮崎県,3536,42TAI,宮崎県
BISTROVER,Rejection Girl,0,,-,1006,5.1.1.,宮崎県,1306,AKENO,宮崎県,2591,KENZOW,宮崎県,0,,-
BISTROVER,Ritual of Anubis,0,,-,1155,5.1.1.,宮崎県,1706,MONOBU,宮崎県,2727,YAJU&U,宮崎県,0,,-
BISTROVER,Romanticが止まらない,367,HANKEN,宮崎県,943,RIGHTS,宮崎県,1595,HANKEN,宮崎県,2708,YAJU&U,宮崎県,0,,-
BISTROVER,rommmo,0,,-,1199,5.1.1.,宮崎県,1672,BENT,宮崎県,3302,KENZOW,宮崎県,0,,-
BISTROVER,Rosa azuL,0,,-,897,5.1.1.,宮崎県,1627,BENT,宮崎県,2661,42TAI,宮崎県,0,,-
BISTROVER,Rowdy,0,,-,1035,5.1.1.,宮崎県,1127,RITO,宮崎県,2350,YOHANE,宮崎県,0,,-
BISTROVER,Rubrum Piano,0,,-,952,5.1.1.,宮崎県,1635,MONOBU,宮崎県,2287,YOHANE,宮崎県,0,,-
BISTROVER,S-Bahn,0,,-,963,5.1.1.,宮崎県,1303,BENT,宮崎県,2133,JIN,宮崎県,0,,-
BISTROVER,Sinus Iridum,0,,-,1185,CESSY.,宮崎県,2063,YAJU&U,宮崎県,2958,YAJU&U,宮崎県,0,,-
BISTROVER,smooooch・∀・ (Snail's House Remix),0,,-,871,5.1.1.,宮崎県,1464,6A9,宮崎県,2258,JIN,宮崎県,0,,-
BISTROVER,SOLID STATE SQUAD -RISEN RELIC REMIX-,0,,-,1276,5.1.1.,宮崎県,2067,BENT,宮崎県,3174,YAJU&U,宮崎県,0,,-
BISTROVER,Sugarplum,0,,-,879,5.1.1.,宮崎県,1783,5.1.1.,宮崎県,2510,KENZOW,宮崎県,0,,-
BISTROVER,Swarm Of Scarabs,0,,-,1038,CESSY.,宮崎県,1474,JIN,宮崎県,2324,42TAI,宮崎県,0,,-
BISTROVER,Tell me what you wish feat.らっぷびと,0,,-,1101,5.1.1.,宮崎県,1407,QUAKES,宮崎県,2697,JIN,宮崎県,0,,-
BISTROVER,That Feeling,0,,-,715,5.1.1.,宮崎県,1158,5.1.1.,宮崎県,1834,HM*K2B,宮崎県,0,,-
BISTROVER,THE PEERLESS UNDER HEAVEN,0,,-,1120,5.1.1.,宮崎県,1912,SACHI,宮崎県,3183,YAJU&U,宮崎県,0,,-
BISTROVER,The Wind of China Express(The 4th Mashup),0,,-,998,RIGHTS,宮崎県,1658,SACHI,宮崎県,2526,YAJU&U,宮崎県,0,,-
BISTROVER,Tiempo Loco,0,,-,1056,CESSY.,宮崎県,1822,XE.TEA,宮崎県,3642,YAJU&U,宮崎県,0,,-
BISTROVER,Viridian,0,,-,1060,5.1.1.,宮崎県,1782,BENT,宮崎県,3240,KENZOW,宮崎県,0,,-
BISTROVER,Vitrum,0,,-,1083,5.1.1.,宮崎県,1099,SAKO-3,宮崎県,3415,YAJU&U,宮崎県,0,,-
BISTROVER,WAKE UP NOW,0,,-,923,5.1.1.,宮崎県,1398,5.1.1.,宮崎県,1975,KENZOW,宮崎県,2426,42TAI,宮崎県
BISTROVER,When I Met U,0,,-,889,RIGHTS,宮崎県,1293,HANKEN,宮崎県,2029,JIN,宮崎県,0,,-
BISTROVER,Winner's Proof ft. KANASA from bless4,0,,-,757,5.1.1.,宮崎県,1216,QUAKES,宮崎県,2211,YAJU&U,宮崎県,0,,-
BISTROVER,X-ray binary,0,,-,981,5.1.1.,宮崎県,1627,GTO,宮崎県,2760,YAJU&U,宮崎県,0,,-
BISTROVER,Zenith,0,,-,821,5.1.1.,宮崎県,1250,T-R-N,宮崎県,2003,JIN,宮崎県,0,,-
BISTROVER,∀,357,KEUTI,宮崎県,1285,5.1.1.,宮崎県,2080,ARIA-P,宮崎県,3446,YAJU&U,宮崎県,0,,-
BISTROVER,ここからよろしく大作戦143,0,,-,952,5.1.1.,宮崎県,1560,QUAKES,宮崎県,2478,KENZOW,宮崎県,3131,KENZOW,宮崎県
BISTROVER,スーパー戦湯ババンバーン,0,,-,1255,5.1.1.,宮崎県,2005,BENT,宮崎県,3292,KENZOW,宮崎県,0,,-
BISTROVER,ディスコルディア,0,,-,1343,CESSY.,宮崎県,2316,SACHI,宮崎県,3633,42TAI,宮崎県,0,,-
BISTROVER,バッド・スイーツ、バッド・ドリーム,0,,-,1086,CESSY.,宮崎県,1692,6A9,宮崎県,3363,KENZOW,宮崎県,0,,-
BISTROVER,世界の果てに約束の凱歌を -ReUnion-,0,,-,1173,5.1.1.,宮崎県,1778,CESSY.,宮崎県,3680,YAJU&U,宮崎県,0,,-
BISTROVER,乱膳の舞姫,0,,-,1042,5.1.1.,宮崎県,1644,TAKU.,宮崎県,2459,YOHANE,宮崎県,0,,-
BISTROVER,二人ノ廃城幽踊宴,0,,-,1189,5.1.1.,宮崎県,2044,6A9,宮崎県,3193,YAJU&U,宮崎県,0,,-
BISTROVER,伐折羅-vajra-,0,,-,1140,CESSY.,宮崎県,1986,KUROKO,宮崎県,3476,KENZOW,宮崎県,0,,-
BISTROVER,儚き恋の華,0,,-,1049,5.1.1.,宮崎県,1720,BENT,宮崎県,2791,AIM,宮崎県,0,,-
BISTROVER,新宝島,502,HANKEN,宮崎県,787,HANKEN,宮崎県,1374,HANKEN,宮崎県,2308,KENZOW,宮崎県,3431,YAJU&U,宮崎県
BISTROVER,水無月の雫 ft. 小林まな,0,,-,1224,5.1.1.,宮崎県,1610,QUAKES,宮崎県,2567,YAJU&U,宮崎県,0,,-
BISTROVER,水鏡の異界,0,,-,880,5.1.1.,宮崎県,1351,SKY,宮崎県,2935,KENZOW,宮崎県,0,,-
BISTROVER,涙のテ・エストラーニョ・ムーチョ,0,,-,1339,5.1.1.,宮崎県,1729,BENT,宮崎県,2765,YAJU&U,宮崎県,0,,-
BISTROVER,無意識のフィロソフィア,0,,-,1111,RIGHTS,宮崎県,2056,HANKEN,宮崎県,3110,42TAI,宮崎県,0,,-
BISTROVER,犬に雨傘,0,,-,901,5.1.1.,宮崎県,1323,KIKY03,宮崎県,2053,JIN,宮崎県,0,,-
BISTROVER,閠槞彁の願い,0,,-,1018,CESSY.,宮崎県,1831,BENT,宮崎県,3024,YAJU&U,宮崎県,0,,-
BISTROVER,霧幻メモリア,0,,-,943,5.1.1.,宮崎県,1028,TAKE,宮崎県,1895,DIRTY,宮崎県,0,,-
BISTROVER,魔法のかくれんぼ,0,,-,864,5.1.1.,宮崎県,1529,5.1.1.,宮崎県,2611,42TAI,宮崎県,0,,-
CastHour,10000 MILES AWAY,0,,-,1029,5.1.1.,宮崎県,1470,YUKA,宮崎県,2817,KENZOW,宮崎県,0,,-
CastHour,2 Beasts Unchained,0,,-,1437,5.1.1.,宮崎県,2043,SHU-KA,宮崎県,3341,YAJU&U,宮崎県,0,,-
CastHour,808monkey,0,,-,757,5.1.1.,宮崎県,1127,FIA,宮崎県,1774,KENZOW,宮崎県,0,,-
CastHour,ABSOLUTE EVIL,192,IIDX33,宮崎県,1172,5.1.1.,宮崎県,2113,S.K,宮崎県,3338,YAJU&U,宮崎県,0,,-
CastHour,Aftermath,0,,-,1208,5.1.1.,宮崎県,2211,BENT,宮崎県,3531,YAJU&U,宮崎県,0,,-
CastHour,ALTERNATOR,0,,-,1322,5.1.1.,宮崎県,2316,ELDY,宮崎県,3659,YAJU&U,宮崎県,0,,-
CastHour,AMICABLE,0,,-,1017,5.1.1.,宮崎県,1342,QUAKES,宮崎県,2333,JIN,宮崎県,0,,-
CastHour,ANEMONE,141,HIMARI,宮崎県,768,5.1.1.,宮崎県,1453,NS#TLT,宮崎県,2125,KENZOW,宮崎県,0,,-
CastHour,Angel's Ladder,0,,-,1052,5.1.1.,宮崎県,1944,6A9,宮崎県,3227,KENZOW,宮崎県,0,,-
CastHour,Ariah,0,,-,712,5.1.1.,宮崎県,955,TOFU,宮崎県,2096,JIN,宮崎県,0,,-
CastHour,Arkadia,0,,-,1154,5.1.1.,宮崎県,1859,417,宮崎県,3553,YAJU&U,宮崎県,0,,-
CastHour,Banger Banger Banger Banger,0,,-,961,5.1.1.,宮崎県,1387,PIYOSK,宮崎県,2870,YAJU&U,宮崎県,0,,-
CastHour,Binary Black Hole,0,,-,1317,5.1.1.,宮崎県,2052,TAKU.,宮崎県,3705,YAJU&U,宮崎県,0,,-
CastHour,Blue Bird feat. Kanae Asaba,0,,-,653,5.1.1.,宮崎県,914,DJC-HR,宮崎県,1762,JIN,宮崎県,0,,-
CastHour,Brave Spirits,0,,-,715,5.1.1.,宮崎県,1242,NS#TLT,宮崎県,2361,42TAI,宮崎県,0,,-
CastHour,DISPARATE,0,,-,1021,5.1.1.,宮崎県,1371,QUAKES,宮崎県,2358,42TAI,宮崎県,0,,-
CastHour,Divine Heaven,0,,-,938,5.1.1.,宮崎県,1954,SACHI,宮崎県,2906,YAJU&U,宮崎県,0,,-
CastHour,Don't believe the hype,0,,-,1117,5.1.1.,宮崎県,1981,BENT,宮崎県,3036,KENZOW,宮崎県,0,,-
CastHour,DREAM OF SPACE UFO ABDUCTION,0,,-,1077,5.1.1.,宮崎県,1628,BENT,宮崎県,2456,ONI.,宮崎県,0,,-
CastHour,Emera,0,,-,867,5.1.1.,宮崎県,1287,QUAKES,宮崎県,2210,42TAI,宮崎県,0,,-
CastHour,EMOTiON TRiPPER,0,,-,938,5.1.1.,宮崎県,1348,SHU-KA,宮崎県,2174,KENZOW,宮崎県,0,,-
CastHour,Ergosphere,0,,-,989,5.1.1.,宮崎県,1597,BENT,宮崎県,2636,42TAI,宮崎県,0,,-
CastHour,Fantastic Merry-Go-Round,0,,-,1063,5.1.1.,宮崎県,964,02ZLKY,宮崎県,2046,JIN,宮崎県,0,,-
CastHour,Fegrix,0,,-,1235,5.1.1.,宮崎県,1935,K-RAIN,宮崎県,3152,KENZOW,宮崎県,0,,-
CastHour,FINALLY BLAZE,0,,-,922,5.1.1.,宮崎県,1407,NASERU,宮崎県,2582,AIM,宮崎県,0,,-
CastHour,Flying Castle,0,,-,1062,CESSY.,宮崎県,2117,BENT,宮崎県,3542,YAJU&U,宮崎県,0,,-
CastHour,Game Changers,0,,-,739,5.1.1.,宮崎県,1380,BENT,宮崎県,2619,42TAI,宮崎県,0,,-
CastHour,"Get set, Go! feat.Kanae Asaba",0,,-,837,5.1.1.,宮崎県,1078,AKENO,宮崎県,2036,JIN,宮崎県,0,,-
CastHour,GiGaGaHell,0,,-,1293,5.1.1.,宮崎県,1899,ODEN,宮崎県,2874,KENZOW,宮崎県,0,,-
CastHour,GRAVITON,0,,-,1165,CESSY.,宮崎県,1902,BENT,宮崎県,3420,YAJU&U,宮崎県,0,,-
CastHour,hard-wired,0,,-,1491,CESSY.,宮崎県,2015,BENT,宮崎県,3383,YAJU&U,宮崎県,0,,-
CastHour,Harmonia,0,,-,740,5.1.1.,宮崎県,1039,AKENO,宮崎県,1957,JIN,宮崎県,0,,-
CastHour,Hat Surprise,0,,-,680,5.1.1.,宮崎県,0,,-,2418,YAJU&U,宮崎県,0,,-
CastHour,HEARTACHE,0,,-,486,5.1.1.,宮崎県,1141,ODEN,宮崎県,1812,KENZOW,宮崎県,0,,-
CastHour,kors k's How to make OTOGE CORE,0,,-,794,5.1.1.,宮崎県,1403,TERU*,宮崎県,2249,YAJU&U,宮崎県,0,,-
CastHour,Lawes's Parotia,0,,-,893,5.1.1.,宮崎県,1640,CESSY.,宮崎県,2445,JIN,宮崎県,0,,-
CastHour,LIVE DRIVING!! feat. 花たん,0,,-,1580,5.1.1.,宮崎県,2346,BENT,宮崎県,3779,YAJU&U,宮崎県,0,,-
CastHour,N.O.,0,,-,824,5.1.1.,宮崎県,1380,SHU-KA,宮崎県,2430,109.C,宮崎県,0,,-
CastHour,n/a,0,,-,1189,5.1.1.,宮崎県,1935,YAJU&U,宮崎県,3136,42TAI,宮崎県,0,,-
CastHour,No Day But Today!,249,KEUTI,宮崎県,739,5.1.1.,宮崎県,1018,AKENO,宮崎県,1947,YAJU&U,宮崎県,0,,-
CastHour,Nocturnal 2097,0,,-,947,5.1.1.,宮崎県,1801,CESSY.,宮崎県,2622,YOHANE,宮崎県,0,,-
CastHour,Non Stop Rock,0,,-,781,5.1.1.,宮崎県,991,QUAKES,宮崎県,1813,YAJU&U,宮崎県,0,,-
CastHour,One for All,0,,-,991,CESSY.,宮崎県,1252,RITO,宮崎県,3075,KENZOW,宮崎県,0,,-
CastHour,Onyx,0,,-,897,CESSY.,宮崎県,1344,QUAKES,宮崎県,2318,KENZOW,宮崎県,0,,-
CastHour,P.O.W.E.R.,0,,-,1028,CESSY.,宮崎県,1648,SHU-KA,宮崎県,2205,JIN,宮崎県,0,,-
CastHour,PIRATES BLADE,0,,-,918,5.1.1.,宮崎県,0,,-,2121,JIN,宮崎県,0,,-
CastHour,PLASMA SOUL NIGHT feat. Nana Takahashi / 709sec.,338,RITO,宮崎県,1450,CESSY.,宮崎県,2324,BENT,宮崎県,4333,YAJU&U,宮崎県,0,,-
CastHour,Pout,0,,-,1058,5.1.1.,宮崎県,1559,SKY,宮崎県,2483,KENZOW,宮崎県,0,,-
CastHour,Prohibited Props,0,,-,1027,5.1.1.,宮崎県,1157,RITO,宮崎県,2049,KUROKO,宮崎県,2829,KENZOW,宮崎県
CastHour,Purple Perplex,0,,-,1112,5.1.1.,宮崎県,1698,SIE,宮崎県,2842,YAJU&U,宮崎県,0,,-
CastHour,Push on Beats!～音ゲの国のeX-ストリーマー～,0,,-,1202,5.1.1.,宮崎県,1741,CESSY.,宮崎県,3193,KENZOW,宮崎県,0,,-
CastHour,RAGE feat.H14 of LEONAIR,427,SACHI,宮崎県,1090,SACHI,宮崎県,2218,KENZOW,宮崎県,3279,KENZOW,宮崎県,0,,-
CastHour,Silver Bullet,0,,-,1147,5.1.1.,宮崎県,1916,JIN,宮崎県,2988,KENZOW,宮崎県,0,,-
CastHour,Smalt #28598F,0,,-,1062,5.1.1.,宮崎県,2120,BENT,宮崎県,3245,YAJU&U,宮崎県,0,,-
CastHour,SOLID WYVERN,0,,-,1196,5.1.1.,宮崎県,1280,MINO,宮崎県,2587,YAJU&U,宮崎県,3787,YAJU&U,宮崎県
CastHour,Souhait bleu,0,,-,895,5.1.1.,宮崎県,1700,6A9,宮崎県,2668,YAJU&U,宮崎県,0,,-
CastHour,SPARK IN THE NIGHT,0,,-,857,5.1.1.,宮崎県,1278,4MOTKN,宮崎県,2198,YAJU&U,宮崎県,0,,-
CastHour,Stepper,0,,-,705,5.1.1.,宮崎県,1286,KATU,宮崎県,2095,JIN,宮崎県,0,,-
CastHour,Tail Lights,0,,-,1087,5.1.1.,宮崎県,1225,SAKO-3,宮崎県,3040,KENZOW,宮崎県,0,,-
CastHour,TOMAHAWK,0,,-,1329,5.1.1.,宮崎県,2076,RYO.P,宮崎県,3293,KENZOW,宮崎県,0,,-
CastHour,Triple Cross,480,RITO,宮崎県,1106,5.1.1.,宮崎県,2130,BENT,宮崎県,3088,KENZOW,宮崎県,0,,-
CastHour,Ventriloquist,0,,-,773,5.1.1.,宮崎県,1306,SKY,宮崎県,2391,YAJU&U,宮崎県,0,,-
CastHour,Victory Of Ravers,0,,-,1009,5.1.1.,宮崎県,1631,BENT,宮崎県,2536,YAJU&U,宮崎県,0,,-
CastHour,WHA,0,,-,1206,5.1.1.,宮崎県,2010,BENT,宮崎県,3355,KENZOW,宮崎県,0,,-
CastHour,Wonderful Escape,0,,-,959,5.1.1.,宮崎県,891,NOD,宮崎県,1997,7CHI,宮崎県,0,,-
CastHour,Xyndrome,0,,-,950,CESSY.,宮崎県,1499,BENT,宮崎県,2838,42TAI,宮崎県,0,,-
CastHour,《GRANDMASTER》,0,,-,968,5.1.1.,宮崎県,0,,-,2866,42TAI,宮崎県,0,,-
CastHour,めでてえ,0,,-,1094,5.1.1.,宮崎県,1174,SUTUNU,宮崎県,2608,KENZOW,宮崎県,0,,-
CastHour,アクマフカ,0,,-,753,5.1.1.,宮崎県,1382,BENT,宮崎県,2198,KENZOW,宮崎県,0,,-
CastHour,ウツシミウツシ,0,,-,1246,5.1.1.,宮崎県,1925,ISHIN,宮崎県,2924,KUROKO,宮崎県,0,,-
CastHour,オドループ,485,HANKEN,宮崎県,1091,RIGHTS,宮崎県,1510,HANKEN,宮崎県,2292,JIN,宮崎県,2942,JIN,宮崎県
CastHour,オールトの雲,0,,-,1213,CESSY.,宮崎県,1851,6A9,宮崎県,2455,S.K,宮崎県,0,,-
CastHour,グッバイ宣言,552,HANKEN,宮崎県,1093,RIGHTS,宮崎県,1719,HANKEN,宮崎県,3085,YAJU&U,宮崎県,3631,YAJU&U,宮崎県
CastHour,シル・ヴ・プレジデント,283,HANKEN,宮崎県,652,RIGHTS,宮崎県,1218,JIN,宮崎県,1794,YAJU&U,宮崎県,2546,YAJU&U,宮崎県
CastHour,ナイトフィクション,0,,-,718,5.1.1.,宮崎県,1261,QUAKES,宮崎県,2020,YOHANE,宮崎県,0,,-
CastHour,ハイテックトキオ,0,,-,1084,5.1.1.,宮崎県,1621,BENT,宮崎県,2615,KENZOW,宮崎県,3146,KENZOW,宮崎県
CastHour,"ピアノ独奏無言歌 ""灰燼""",0,,-,1141,5.1.1.,宮崎県,2290,YAJU&U,宮崎県,3291,YAJU&U,宮崎県,0,,-
CastHour,ミュージック・アワー,509,HANKEN,宮崎県,1184,HANKEN,宮崎県,1987,RIGHTS,宮崎県,2952,YAJU&U,宮崎県,3995,YAJU&U,宮崎県
CastHour,口カラ凸ゲキ,0,,-,927,5.1.1.,宮崎県,1436,5.1.1.,宮崎県,2323,YAJU&U,宮崎県,0,,-
CastHour,天邪鬼,360,ITO,宮崎県,970,5.1.1.,宮崎県,1468,SKY,宮崎県,3198,YAJU&U,宮崎県,0,,-
CastHour,怪物,334,HANKEN,宮崎県,746,RIGHTS,宮崎県,1176,HANKEN,宮崎県,2396,KENZOW,宮崎県,3235,YAJU&U,宮崎県
CastHour,愛しくてラヴィンユー ft. マナ,0,,-,799,5.1.1.,宮崎県,1157,TAKE,宮崎県,2375,YAJU&U,宮崎県,0,,-
CastHour,月とミルク,0,,-,990,5.1.1.,宮崎県,1480,ISHIN,宮崎県,2659,SACHI,宮崎県,0,,-
CastHour,烽火連天の刃,0,,-,1102,5.1.1.,宮崎県,2127,CARRYE,宮崎県,3192,KENZOW,宮崎県,4032,YAJU&U,宮崎県
CastHour,禊,0,,-,1063,5.1.1.,宮崎県,1976,BENT,宮崎県,3067,YAJU&U,宮崎県,0,,-
CastHour,逆月,0,,-,1455,5.1.1.,宮崎県,2260,YAJU&U,宮崎県,3576,YAJU&U,宮崎県,0,,-
CastHour,雪上断火,0,,-,976,5.1.1.,宮崎県,1789,JIN,宮崎県,2862,YAJU&U,宮崎県,0,,-
CastHour,青の洞窟,0,,-,887,5.1.1.,宮崎県,1737,A7R,宮崎県,3094,YAJU&U,宮崎県,0,,-
CastHour,黒紅掬い,0,,-,659,CESSY.,宮崎県,1135,FIA,宮崎県,1817,YAJU&U,宮崎県,0,,-
RESIDENT,#CMFLG,0,,-,1158,CESSY.,宮崎県,2127,ODEN,宮崎県,3348,YAJU&U,宮崎県,0,,-
RESIDENT,24h Endurance Race,0,,-,990,5.1.1.,宮崎県,1822,6A9,宮崎県,3236,YAJU&U,宮崎県,0,,-
RESIDENT,3V0,0,,-,1032,CESSY.,宮崎県,1430,NS#TLT,宮崎県,2917,YAJU&U,宮崎県,0,,-
RESIDENT,7 Colors,0,,-,634,5.1.1.,宮崎県,1176,5.1.1.,宮崎県,1921,YAJU&U,宮崎県,0,,-
RESIDENT,Always We Trust In You,0,,-,1168,5.1.1.,宮崎県,1675,SHU-KA,宮崎県,2913,AIM,宮崎県,0,,-
RESIDENT,Ambush Ace,0,,-,1057,5.1.1.,宮崎県,2048,JIN,宮崎県,2829,42TAI,宮崎県,0,,-
RESIDENT,AWA AWA,0,,-,776,5.1.1.,宮崎県,1143,KEKE,宮崎県,2273,JIN,宮崎県,0,,-
RESIDENT,B.O.D.Y.,0,,-,1071,5.1.1.,宮崎県,1858,BENT,宮崎県,3326,YAJU&U,宮崎県,0,,-
RESIDENT,Bad Encryption,0,,-,1269,5.1.1.,宮崎県,1744,BENT,宮崎県,3042,YAJU&U,宮崎県,0,,-
RESIDENT,Beyond Evolution,0,,-,1449,CESSY.,宮崎県,2514,YAJU&U,宮崎県,3859,YAJU&U,宮崎県,0,,-
RESIDENT,BIGWAVERS,0,,-,1140,5.1.1.,宮崎県,1596,T-R-N,宮崎県,3364,KENZOW,宮崎県,0,,-
RESIDENT,C-C-C-N-N-N,0,,-,966,5.1.1.,宮崎県,1639,YAJU&U,宮崎県,2757,YAJU&U,宮崎県,0,,-
RESIDENT,Caldwell 99,0,,-,1014,5.1.1.,宮崎県,1722,SHU-KA,宮崎県,2420,42TAI,宮崎県,3168,42TAI,宮崎県
RESIDENT,Chaotoxin,0,,-,1153,CESSY.,宮崎県,1564,RYO.P,宮崎県,3264,KENZOW,宮崎県,0,,-
RESIDENT,CODE -CRiMSON-,0,,-,1261,CESSY.,宮崎県,1684,SHU-KA,宮崎県,2884,42TAI,宮崎県,0,,-
RESIDENT,CUE CUE RESCUE,0,,-,1128,5.1.1.,宮崎県,1567,5.1.1.,宮崎県,2536,YAJU&U,宮崎県,3049,YAJU&U,宮崎県
RESIDENT,dica dica,0,,-,1155,5.1.1.,宮崎県,2097,BENT,宮崎県,3017,KENZOW,宮崎県,0,,-
RESIDENT,Dreaming Dream,0,,-,829,5.1.1.,宮崎県,1383,5.1.1.,宮崎県,2219,YAJU&U,宮崎県,0,,-
RESIDENT,Driver,0,,-,882,5.1.1.,宮崎県,1025,SUTUNU,宮崎県,1788,YAJU&U,宮崎県,0,,-
RESIDENT,EXODUS SIGN,0,,-,1218,5.1.1.,宮崎県,1569,TAKU.,宮崎県,2545,YAJU&U,宮崎県,0,,-
RESIDENT,Fading Stars,0,,-,1088,5.1.1.,宮崎県,1132,RITO,宮崎県,2593,JIN,宮崎県,0,,-
RESIDENT,FLARE -炎舞- ft.Nana Takahashi,0,,-,1099,5.1.1.,宮崎県,1815,S.K,宮崎県,2749,JIN,宮崎県,0,,-
RESIDENT,Get On Your Feet,0,,-,1119,5.1.1.,宮崎県,1703,SHU-KA,宮崎県,2677,YAJU&U,宮崎県,0,,-
RESIDENT,GET UP AGAIN,0,,-,1102,5.1.1.,宮崎県,1495,BENT,宮崎県,2368,KENZOW,宮崎県,0,,-
RESIDENT,glacia,0,,-,1192,5.1.1.,宮崎県,1949,BENT,宮崎県,2832,HM*K2B,宮崎県,0,,-
RESIDENT,Hat Surprise (Season 2),0,,-,1014,5.1.1.,宮崎県,1644,BENT,宮崎県,3258,KENZOW,宮崎県,0,,-
RESIDENT,I,0,,-,1212,5.1.1.,宮崎県,2172,JIN,宮崎県,3524,YAJU&U,宮崎県,0,,-
RESIDENT,KING,436,HANKEN,宮崎県,938,RIGHTS,宮崎県,1881,HANKEN,宮崎県,3041,YAJU&U,宮崎県,3860,YAJU&U,宮崎県
RESIDENT,kors k's How to make OTOGE CORE 「LONG」,0,,-,1187,CESSY.,宮崎県,2130,BENT,宮崎県,3435,KENZOW,宮崎県,0,,-
RESIDENT,LADS,0,,-,922,5.1.1.,宮崎県,366,AKENO,宮崎県,2224,JIN,宮崎県,0,,-
RESIDENT,Level 4,0,,-,1172,5.1.1.,宮崎県,2012,YAJU&U,宮崎県,3440,YAJU&U,宮崎県,0,,-
RESIDENT,LOUDER ROLLING THUNDER,0,,-,1083,5.1.1.,宮崎県,1728,BENT,宮崎県,2937,CUENVO,宮崎県,0,,-
RESIDENT,MAX 360,0,,-,1196,5.1.1.,宮崎県,2151,S.K,宮崎県,3041,KENZOW,宮崎県,0,,-
RESIDENT,Meissa,0,,-,908,5.1.1.,宮崎県,1483,BENT,宮崎県,2700,42TAI,宮崎県,0,,-
RESIDENT,Next Level,0,,-,919,5.1.1.,宮崎県,1591,YAJU&U,宮崎県,2178,YAJU&U,宮崎県,0,,-
RESIDENT,No Border,0,,-,1119,5.1.1.,宮崎県,1854,KUROKO,宮崎県,3555,YAJU&U,宮崎県,0,,-
RESIDENT,ONE AND ONLY,0,,-,1141,5.1.1.,宮崎県,1623,SHU-KA,宮崎県,3123,YAJU&U,宮崎県,0,,-
RESIDENT,Ou Legends,0,,-,1144,5.1.1.,宮崎県,1884,BENT,宮崎県,3093,KENZOW,宮崎県,0,,-
RESIDENT,OVER VOLTAGE,0,,-,1068,5.1.1.,宮崎県,1526,LOUVR.,宮崎県,2471,42TAI,宮崎県,0,,-
RESIDENT,Peaktime Booster,0,,-,1124,5.1.1.,宮崎県,1751,YAJU&U,宮崎県,3024,KENZOW,宮崎県,0,,-
RESIDENT,Perfect Plan,0,,-,1143,5.1.1.,宮崎県,1627,TAKU.,宮崎県,2489,42TAI,宮崎県,0,,-
RESIDENT,Programmed Genom,0,,-,1096,CESSY.,宮崎県,1458,SKY.RV,宮崎県,2279,JIN,宮崎県,0,,-
RESIDENT,Red Soul,0,,-,1057,5.1.1.,宮崎県,1597,6A9,宮崎県,2784,42TAI,宮崎県,0,,-
RESIDENT,Rewind Time,0,,-,698,5.1.1.,宮崎県,856,423,宮崎県,2172,JIN,宮崎県,0,,-
RESIDENT,RINNE,0,,-,1166,5.1.1.,宮崎県,2189,DIRTY,宮崎県,3268,HM*K2B,宮崎県,0,,-
RESIDENT,Ruler or Loser,0,,-,966,5.1.1.,宮崎県,1389,NS#TLT,宮崎県,2635,YAJU&U,宮崎県,0,,-
RESIDENT,Seraph,0,,-,983,5.1.1.,宮崎県,1653,T-R-N,宮崎県,2328,JIN,宮崎県,0,,-
RESIDENT,Shadow World,0,,-,973,5.1.1.,宮崎県,1493,QUAKES,宮崎県,2659,YAJU&U,宮崎県,0,,-
RESIDENT,Shamshir,0,,-,1085,5.1.1.,宮崎県,1215,LOUVR.,宮崎県,2056,YAJU&U,宮崎県,0,,-
RESIDENT,Somnidiscotheque,0,,-,1294,5.1.1.,宮崎県,1976,YAJU&U,宮崎県,2935,YAJU&U,宮崎県,0,,-
RESIDENT,STAR BEAT,0,,-,833,5.1.1.,宮崎県,1243,SAITO3,宮崎県,2323,JIN,宮崎県,0,,-
RESIDENT,STRAIGHT TO THE STARS,0,,-,1025,5.1.1.,宮崎県,1530,BENT,宮崎県,2972,YAJU&U,宮崎県,0,,-
RESIDENT,Stylus,0,,-,1203,5.1.1.,宮崎県,1808,SHU-KA,宮崎県,2819,YAJU&U,宮崎県,0,,-
RESIDENT,Summerblue,245,KEUTI,宮崎県,1069,5.1.1.,宮崎県,1423,SKY,宮崎県,2254,NANA-4,宮崎県,0,,-
RESIDENT,Sunny Day Vibes,0,,-,952,5.1.1.,宮崎県,1637,YAJU&U,宮崎県,2214,42TAI,宮崎県,0,,-
RESIDENT,Super Freak,0,,-,1116,5.1.1.,宮崎県,1700,T-R-N,宮崎県,3314,YAJU&U,宮崎県,0,,-
RESIDENT,suspicions,0,,-,1168,5.1.1.,宮崎県,2021,SHU-KA,宮崎県,3584,KENZOW,宮崎県,0,,-
RESIDENT,Swing My Wonderland,0,,-,1278,5.1.1.,宮崎県,2008,RYO.P,宮崎県,2837,AIM,宮崎県,0,,-
RESIDENT,TECHNOPHOBIA,0,,-,803,5.1.1.,宮崎県,1549,5.1.1.,宮崎県,2930,YAJU&U,宮崎県,0,,-
RESIDENT,The Clown of 24stairs,0,,-,1119,5.1.1.,宮崎県,2222,YAJU&U,宮崎県,3216,YAJU&U,宮崎県,0,,-
RESIDENT,THE TIME MACHINE,0,,-,1070,5.1.1.,宮崎県,1556,6A9,宮崎県,2614,YAJU&U,宮崎県,0,,-
RESIDENT,VOID,0,,-,1217,5.1.1.,宮崎県,1536,XENON,宮崎県,2891,YAJU&U,宮崎県,0,,-
RESIDENT,VOLAQUAS,0,,-,1305,5.1.1.,宮崎県,2076,SACHI,宮崎県,3539,HM*K2B,宮崎県,0,,-
RESIDENT,VOLCANIC BIGBEAT,0,,-,1050,5.1.1.,宮崎県,1623,BENT,宮崎県,2670,42TAI,宮崎県,0,,-
RESIDENT,"wanna be a ""BAD GIRL"" feat. Nana Takahashi",0,,-,797,5.1.1.,宮崎県,1280,5.1.1.,宮崎県,2041,YAJU&U,宮崎県,0,,-
RESIDENT,With You,0,,-,820,RIGHTS,宮崎県,1511,RIGHTS,宮崎県,2495,YAJU&U,宮崎県,0,,-
RESIDENT,Xerulean,0,,-,1304,CESSY.,宮崎県,1778,BENT,宮崎県,3178,KENZOW,宮崎県,0,,-
RESIDENT,ZENITH,0,,-,1130,5.1.1.,宮崎県,1687,HIFUMI,宮崎県,2718,JIN,宮崎県,0,,-
RESIDENT,[ ]DENTITY,0,,-,1159,CESSY.,宮崎県,2088,SACHI,宮崎県,3572,KENZOW,宮崎県,0,,-
RESIDENT,≡+≡,522,MITUYO,宮崎県,1370,5.1.1.,宮崎県,2076,SACHI,宮崎県,3001,YAJU&U,宮崎県,4492,YAJU&U,宮崎県
RESIDENT,■□模様,0,,-,952,5.1.1.,宮崎県,0,,-,2447,JIN,宮崎県,0,,-
RESIDENT,《ORDERBREAKER》,0,,-,989,5.1.1.,宮崎県,1254,NS#TLT,宮崎県,2315,42TAI,宮崎県,0,,-
RESIDENT,あるビー！ feat.ころねぽち,0,,-,972,5.1.1.,宮崎県,1595,TAKU.,宮崎県,2624,AIM,宮崎県,0,,-
RESIDENT,おとせサンダー,205,HANKEN,宮崎県,664,RIGHTS,宮崎県,1179,HANKEN,宮崎県,2125,YAJU&U,宮崎県,0,,-
RESIDENT,きゅんです。,0,,-,731,5.1.1.,宮崎県,1304,Y0TIKO,宮崎県,2326,YAJU&U,宮崎県,0,,-
RESIDENT,ぞうしょく！？マイデンティティ,0,,-,1250,CESSY.,宮崎県,1979,BENT,宮崎県,3566,YAJU&U,宮崎県,0,,-
RESIDENT,ちょえちょえまぎか,0,,-,1205,5.1.1.,宮崎県,2189,KUROKO,宮崎県,2990,YAJU&U,宮崎県,4112,YAJU&U,宮崎県
RESIDENT,サヨナラ・ヘヴン-Celtic Chip Dance Mix-,0,,-,907,5.1.1.,宮崎県,1390,BENT,宮崎県,2487,JIN,宮崎県,0,,-
RESIDENT,チェイスチェイスジョーカーズのうた (オニスタイルリミックス),0,,-,971,CESSY.,宮崎県,1567,TAKU.,宮崎県,2755,KENZOW,宮崎県,0,,-
RESIDENT,パーフェクトイーター,0,,-,1158,5.1.1.,宮崎県,1838,BENT,宮崎県,2827,SACHI,宮崎県,0,,-
RESIDENT,儚キ戀ノ幻想譚,521,AAAAAA,宮崎県,1519,CESSY.,宮崎県,2160,S.K,宮崎県,3481,YAJU&U,宮崎県,0,,-
RESIDENT,少年リップルズ,0,,-,893,5.1.1.,宮崎県,1624,K-RAIN,宮崎県,2382,KENZOW,宮崎県,0,,-
RESIDENT,恋愛＝精度×認識力,0,,-,1479,5.1.1.,宮崎県,2176,NANA-4,宮崎県,3148,KENZOW,宮崎県,0,,-
RESIDENT,惑星☆ロリポップ,0,,-,774,5.1.1.,宮崎県,1523,5.1.1.,宮崎県,2783,YAJU&U,宮崎県,0,,-
RESIDENT,昏き甲鉄のヴェルガ,0,,-,892,CESSY.,宮崎県,1533,BENT,宮崎県,2321,JIN,宮崎県,0,,-
RESIDENT,月と夢の跡 ft. マナ,0,,-,944,5.1.1.,宮崎県,1165,AKENO,宮崎県,2506,YAJU&U,宮崎県,0,,-
RESIDENT,栄冠のカンパネラ,0,,-,1344,CESSY.,宮崎県,2027,NANA-4,宮崎県,3753,YAJU&U,宮崎県,0,,-
RESIDENT,楽園追放,0,,-,911,CESSY.,宮崎県,1417,BENT,宮崎県,2248,MI*,宮崎県,0,,-
RESIDENT,湘南ロンリーMIDNIGHT RAIN,0,,-,971,5.1.1.,宮崎県,0,,-,2795,YAJU&U,宮崎県,0,,-
RESIDENT,異心前進♪ぴょんぴょんぴょん,0,,-,1089,5.1.1.,宮崎県,1153,ME1GE2,宮崎県,2440,42TAI,宮崎県,0,,-
RESIDENT,真夜中のバベル,0,,-,709,5.1.1.,宮崎県,1069,BENT,宮崎県,1660,42TAI,宮崎県,0,,-
RESIDENT,神っぽいな,336,HANKEN,宮崎県,759,CESSY.,宮崎県,1367,SHU-KA,宮崎県,2117,YAJU&U,宮崎県,2912,42TAI,宮崎県
RESIDENT,神のシナリオ,0,,-,1152,5.1.1.,宮崎県,1439,QUAKES,宮崎県,3136,42TAI,宮崎県,0,,-
RESIDENT,罪過の聖堂,0,,-,803,5.1.1.,宮崎県,1305,JIN,宮崎県,1944,YAJU&U,宮崎県,0,,-
RESIDENT,輪廻の鴉,0,,-,1013,CESSY.,宮崎県,1672,6A9,宮崎県,2593,KUROKO,宮崎県,0,,-
RESIDENT,雨のちパノラマセカイ,0,,-,813,5.1.1.,宮崎県,1175,AKENO,宮崎県,2179,JIN,宮崎県,0,,-
RESIDENT,響花水月,0,,-,1181,5.1.1.,宮崎県,1466,RITO,宮崎県,2847,YAJU&U,宮崎県,0,,-
EPOLIS,20XX,0,,-,1203,5.1.1.,宮崎県,1613,TAKU.,宮崎県,2592,42TAI,宮崎県,0,,-
EPOLIS,ACT0,0,,-,1232,5.1.1.,宮崎県,2056,S.K,宮崎県,2868,YAJU&U,宮崎県,0,,-
EPOLIS,Aeterna,0,,-,983,CESSY.,宮崎県,1372,KUMA,宮崎県,2510,42TAI,宮崎県,0,,-
EPOLIS,Akatsuki,0,,-,987,RIGHTS,宮崎県,1529,TERU*,宮崎県,2245,42TAI,宮崎県,0,,-
EPOLIS,Ambivalent Vermilia,0,,-,1483,CESSY.,宮崎県,2178,ARIA-P,宮崎県,3978,YAJU&U,宮崎県,0,,-
EPOLIS,Amethyst,0,,-,1285,CESSY.,宮崎県,1671,YAN9MI,宮崎県,2545,YAJU&U,宮崎県,0,,-
EPOLIS,Bitter & Lucky,0,,-,859,5.1.1.,宮崎県,0,,-,2424,YAJU&U,宮崎県,0,,-
EPOLIS,BLAZING_LAZER,0,,-,1231,5.1.1.,宮崎県,2023,CESSY.,宮崎県,3252,42TAI,宮崎県,0,,-
EPOLIS,CADENZA,0,,-,1497,CESSY.,宮崎県,2339,S.K,宮崎県,4350,KENZOW,宮崎県,0,,-
EPOLIS,Chemical Colours,0,,-,1015,5.1.1.,宮崎県,1785,T-R-N,宮崎県,2658,JIN,宮崎県,0,,-
EPOLIS,CODE:2,0,,-,1076,5.1.1.,宮崎県,1599,YAN9MI,宮崎県,2888,YAJU&U,宮崎県,0,,-
EPOLIS,COUNTING SHEEP ft. Kanae Asaba,0,,-,670,5.1.1.,宮崎県,1297,YAJU&U,宮崎県,2216,YAJU&U,宮崎県,0,,-
EPOLIS,Cult Invitation,0,,-,1223,5.1.1.,宮崎県,1823,S.K,宮崎県,3312,KENZOW,宮崎県,0,,-
EPOLIS,Dahlia,0,,-,1260,5.1.1.,宮崎県,1862,BENT,宮崎県,3057,KENZOW,宮崎県,0,,-
EPOLIS,DAZZLE ATTACK,413,ITO,宮崎県,976,5.1.1.,宮崎県,1520,TAKU.,宮崎県,2709,42TAI,宮崎県,0,,-
EPOLIS,Deep Sea Mystery,0,,-,1083,5.1.1.,宮崎県,1058,AKENO,宮崎県,1926,42TAI,宮崎県,0,,-
EPOLIS,Demon March,0,,-,1433,5.1.1.,宮崎県,2132,CPU0,宮崎県,3549,YAJU&U,宮崎県,0,,-
EPOLIS,Echoes of Sunfall,0,,-,1016,5.1.1.,宮崎県,1442,Y0TIKO,宮崎県,2688,CUENVO,宮崎県,0,,-
EPOLIS,frequent,0,,-,1312,5.1.1.,宮崎県,2094,BENT,宮崎県,3623,KENZOW,宮崎県,0,,-
EPOLIS,GAME ON,0,,-,1326,CESSY.,宮崎県,1986,BENT,宮崎県,2559,42TAI,宮崎県,0,,-
EPOLIS,Get Higher,0,,-,968,5.1.1.,宮崎県,1589,TAKU.,宮崎県,2167,JIN,宮崎県,0,,-
EPOLIS,Get Wicked,0,,-,888,5.1.1.,宮崎県,1277,QUAKES,宮崎県,2384,42TAI,宮崎県,0,,-
EPOLIS,Ghost Pulse,0,,-,1041,CESSY.,宮崎県,1462,BENT,宮崎県,2732,YAJU&U,宮崎県,0,,-
EPOLIS,Glitch N Ride,0,,-,879,JIN,宮崎県,1341,MAJIN2,宮崎県,2497,YAJU&U,宮崎県,0,,-
EPOLIS,GloriosA,0,,-,1219,5.1.1.,宮崎県,1815,6A9,宮崎県,2805,YAJU&U,宮崎県,0,,-
EPOLIS,GLORIOUS HAMMER,0,,-,1107,5.1.1.,宮崎県,1697,BENT,宮崎県,2850,CUENVO,宮崎県,0,,-
EPOLIS,Hard Breaker,0,,-,756,5.1.1.,宮崎県,1145,SIGE7,宮崎県,2461,42TAI,宮崎県,0,,-
EPOLIS,Hat Surprise (Season 3),0,,-,1233,5.1.1.,宮崎県,1983,BENT,宮崎県,2485,JIN,宮崎県,0,,-
EPOLIS,i-ii,0,,-,1067,5.1.1.,宮崎県,1550,YAN9MI,宮崎県,2622,YOHANE,宮崎県,0,,-
EPOLIS,INHERITANCE,0,,-,1073,5.1.1.,宮崎県,1676,TAKU.,宮崎県,2758,YAJU&U,宮崎県,3453,YAJU&U,宮崎県
EPOLIS,Iris,97,SYUNYA,宮崎県,837,5.1.1.,宮崎県,1420,T-R-N,宮崎県,2162,JIN,宮崎県,0,,-
EPOLIS,Jumper,0,,-,900,5.1.1.,宮崎県,1117,RITO,宮崎県,2364,YAJU&U,宮崎県,0,,-
EPOLIS,Just Gimme,0,,-,946,5.1.1.,宮崎県,1405,QUAKES,宮崎県,2691,YAJU&U,宮崎県,0,,-
EPOLIS,JUSTICE/GUILTY feat. Nana Takahashi & 709sec.,0,,-,1680,CESSY.,宮崎県,2489,YAJU&U,宮崎県,3796,YAJU&U,宮崎県,0,,-
EPOLIS,Level 5,0,,-,1307,CESSY.,宮崎県,2405,YAJU&U,宮崎県,3433,YAJU&U,宮崎県,0,,-
EPOLIS,MAXIMUM CHEAT GIRL,0,,-,1211,5.1.1.,宮崎県,2047,BENT,宮崎県,3451,YAJU&U,宮崎県,0,,-
EPOLIS,Million Dollar,0,,-,1148,5.1.1.,宮崎県,1876,S.K,宮崎県,3208,42TAI,宮崎県,0,,-
EPOLIS,Monkey Business,0,,-,715,5.1.1.,宮崎県,1481,5.1.1.,宮崎県,2450,KENZOW,宮崎県,0,,-
EPOLIS,Mukade,0,,-,1113,5.1.1.,宮崎県,1643,T-R-N,宮崎県,3149,YAJU&U,宮崎県,0,,-
EPOLIS,My Sweet Bird?,0,,-,846,5.1.1.,宮崎県,1410,SHU-KA,宮崎県,2158,JIN,宮崎県,0,,-
EPOLIS,NEEDLESS MY LOVE FOR YOU,0,,-,999,5.1.1.,宮崎県,1638,TERU*,宮崎県,2436,YAJU&U,宮崎県,0,,-
EPOLIS,Out of Control,0,,-,1155,5.1.1.,宮崎県,1917,K,宮崎県,2928,KENZOW,宮崎県,0,,-
EPOLIS,out of disk space,0,,-,1092,5.1.1.,宮崎県,1870,BENT,宮崎県,2502,42TAI,宮崎県,0,,-
EPOLIS,PILGRIM,0,,-,964,5.1.1.,宮崎県,1545,YAN9MI,宮崎県,2695,YAJU&U,宮崎県,0,,-
EPOLIS,Psychedelic Intelligence,0,,-,0,,-,1726,6A9,宮崎県,2453,ELDY,宮崎県,0,,-
EPOLIS,Red Determination,0,,-,1043,5.1.1.,宮崎県,1355,4MOTKN,宮崎県,2503,42TAI,宮崎県,0,,-
EPOLIS,Resonant,0,,-,1058,5.1.1.,宮崎県,2206,S.K,宮崎県,3518,YAJU&U,宮崎県,0,,-
EPOLIS,Riff//rain,129,CACTAI,宮崎県,726,CESSY.,宮崎県,1228,FIA,宮崎県,1806,JIN,宮崎県,0,,-
EPOLIS,See You Again,0,,-,1170,5.1.1.,宮崎県,1676,SHU-KA,宮崎県,2929,JIN,宮崎県,0,,-
EPOLIS,Seven Times Four,0,,-,1162,5.1.1.,宮崎県,1800,6A9,宮崎県,3357,YAJU&U,宮崎県,0,,-
EPOLIS,Shapeshifter,0,,-,1090,5.1.1.,宮崎県,1566,5.1.1.,宮崎県,2355,42TAI,宮崎県,0,,-
EPOLIS,Sirius,0,,-,1004,5.1.1.,宮崎県,1331,NS#TLT,宮崎県,3145,KENZOW,宮崎県,0,,-
EPOLIS,So What,0,,-,622,5.1.1.,宮崎県,767,RIN.CH,宮崎県,1783,JIN,宮崎県,0,,-
EPOLIS,SOLAR ECLIPSE,0,,-,1465,5.1.1.,宮崎県,2177,SHU-KA,宮崎県,3290,KENZOW,宮崎県,0,,-
EPOLIS,Speculation,0,,-,997,5.1.1.,宮崎県,1637,ARIA-P,宮崎県,2704,JIN,宮崎県,0,,-
EPOLIS,squall,0,,-,1177,5.1.1.,宮崎県,1285,PIYOSK,宮崎県,2511,YAJU&U,宮崎県,0,,-
EPOLIS,Stereo Beasts,0,,-,1331,5.1.1.,宮崎県,2305,BENT,宮崎県,3557,KENZOW,宮崎県,0,,-
EPOLIS,Submerge Serenade,0,,-,1064,5.1.1.,宮崎県,1736,MAJIN2,宮崎県,2881,YAJU&U,宮崎県,3984,YAJU&U,宮崎県
EPOLIS,Sword of Vengeance,0,,-,1395,CESSY.,宮崎県,2106,S.K,宮崎県,3114,KENZOW,宮崎県,0,,-
EPOLIS,T.R.O.L.L.,0,,-,998,5.1.1.,宮崎県,1402,MONOBU,宮崎県,2510,YAJU&U,宮崎県,0,,-
EPOLIS,The Last Apocalypse,0,,-,1401,5.1.1.,宮崎県,2352,S.K,宮崎県,3571,YAJU&U,宮崎県,0,,-
EPOLIS,The Onlyonez,0,,-,1015,5.1.1.,宮崎県,1592,6A9,宮崎県,3021,42TAI,宮崎県,0,,-
EPOLIS,This Is Club Musik feat. 大久保紅葉,0,,-,1079,5.1.1.,宮崎県,1469,FIA,宮崎県,2531,YAJU&U,宮崎県,0,,-
EPOLIS,Time Distortion pt.2(IIDX Edit),0,,-,1299,5.1.1.,宮崎県,1782,TAKU.,宮崎県,2732,AIM,宮崎県,0,,-
EPOLIS,TITANIUM RIDERS,0,,-,885,5.1.1.,宮崎県,1148,MINO,宮崎県,2051,JIN,宮崎県,0,,-
EPOLIS,Too Late Snow,0,,-,782,5.1.1.,宮崎県,1155,MINO,宮崎県,1982,YAJU&U,宮崎県,0,,-
EPOLIS,TRIP THE DEEP,0,,-,995,5.1.1.,宮崎県,1448,BENT,宮崎県,2416,KENZOW,宮崎県,0,,-
EPOLIS,Tripping Jumping,0,,-,832,5.1.1.,宮崎県,1418,YAJU&U,宮崎県,2246,YAJU&U,宮崎県,0,,-
EPOLIS,Vermilion Carol,0,,-,1325,CESSY.,宮崎県,2058,CESSY.,宮崎県,3538,YAJU&U,宮崎県,0,,-
EPOLIS,Vulnerability,0,,-,1269,CESSY.,宮崎県,1797,S.K,宮崎県,3401,42TAI,宮崎県,0,,-
EPOLIS,WaterCube Pf.(RX-Ver.S.P.L.),0,,-,569,5.1.1.,宮崎県,0,,-,2079,JIN,宮崎県,0,,-
EPOLIS,winkle 2 winkle,0,,-,1061,5.1.1.,宮崎県,1598,T-R-N,宮崎県,2725,42TAI,宮崎県,0,,-
EPOLIS,Xb10r,0,,-,1182,5.1.1.,宮崎県,2054,BENT,宮崎県,3404,YAJU&U,宮崎県,0,,-
EPOLIS,ZEROIN ON THE LIGHT,0,,-,1113,5.1.1.,宮崎県,1703,YAJU&U,宮崎県,2618,YAJU&U,宮崎県,0,,-
EPOLIS,《PL|RAYER》,0,,-,930,5.1.1.,宮崎県,1535,T-R-N,宮崎県,2704,KENZOW,宮崎県,0,,-
EPOLIS,ちゅ、多様性。,207,HANKEN,宮崎県,490,HANKEN,宮崎県,1113,HANKEN,宮崎県,1817,DIRTY,宮崎県,2256,YAJU&U,宮崎県
EPOLIS,ないないルーティン,0,,-,592,5.1.1.,宮崎県,1282,5.1.1.,宮崎県,2011,42TAI,宮崎県,0,,-
EPOLIS,めうめうぺったんたん！！ (ZAQUVA Remix),0,,-,1038,5.1.1.,宮崎県,1732,SHU-KA,宮崎県,2745,KENZOW,宮崎県,0,,-
EPOLIS,れとりば！,0,,-,854,5.1.1.,宮崎県,1298,BENT,宮崎県,2057,YAJU&U,宮崎県,0,,-
EPOLIS,アイドル,279,HANKEN,宮崎県,869,CESSY.,宮崎県,1496,S.K,宮崎県,2583,YAJU&U,宮崎県,3116,YAJU&U,宮崎県
EPOLIS,アタシ完全絶対正義ちゃん！,0,,-,974,5.1.1.,宮崎県,1515,5.1.1.,宮崎県,2089,JIN,宮崎県,0,,-
EPOLIS,シンデレラ,0,,-,860,5.1.1.,宮崎県,1430,BENT,宮崎県,2203,YAJU&U,宮崎県,0,,-
EPOLIS,センチメンタル・サマー,0,,-,660,5.1.1.,宮崎県,1212,5.1.1.,宮崎県,1972,JIN,宮崎県,0,,-
EPOLIS,デビルじゃないもん,322,HANKEN,宮崎県,812,CESSY.,宮崎県,1318,HANKEN,宮崎県,2038,42TAI,宮崎県,0,,-
EPOLIS,フォニイ,606,HANKEN,宮崎県,1207,RIGHTS,宮崎県,1905,HANKEN,宮崎県,2829,42TAI,宮崎県,3895,YAJU&U,宮崎県
EPOLIS,ポラリスノウタ,267,XENON,宮崎県,858,5.1.1.,宮崎県,1622,S.K,宮崎県,2221,JIN,宮崎県,0,,-
EPOLIS,マーシャル・マキシマイザー,411,HANKEN,宮崎県,807,HANKEN,宮崎県,1399,FIA,宮崎県,2147,YAJU&U,宮崎県,0,,-
EPOLIS,ラビットホール,647,HANKEN,宮崎県,1369,RIGHTS,宮崎県,1967,RIGHTS,宮崎県,2884,YAJU&U,宮崎県,0,,-
EPOLIS,リメンバーリメンバー,0,,-,505,5.1.1.,宮崎県,956,5.1.1.,宮崎県,1660,JIN,宮崎県,0,,-
EPOLIS,今宵、ロマンス横丁。,0,,-,1130,5.1.1.,宮崎県,2225,S.K,宮崎県,3218,KENZOW,宮崎県,0,,-
EPOLIS,勇者,350,HANKEN,宮崎県,805,HANKEN,宮崎県,1384,HANKEN,宮崎県,2391,SACHI,宮崎県,0,,-
EPOLIS,可愛くてごめん,279,HANKEN,宮崎県,624,RIGHTS,宮崎県,1370,L1C3N5,宮崎県,2244,YAJU&U,宮崎県,2763,YAJU&U,宮崎県
EPOLIS,唱,181,HANKEN,宮崎県,457,CESSY.,宮崎県,997,HANKEN,宮崎県,1662,JIN,宮崎県,0,,-
EPOLIS,夏風邪デスコ,0,,-,809,5.1.1.,宮崎県,1504,QUAKES,宮崎県,2625,YAJU&U,宮崎県,0,,-
EPOLIS,夢縁,0,,-,1186,5.1.1.,宮崎県,1965,BENT,宮崎県,2914,YAJU&U,宮崎県,0,,-
EPOLIS,寝起きヤシの木,448,HANKEN,宮崎県,1069,CESSY.,宮崎県,1648,RIGHTS,宮崎県,2688,42TAI,宮崎県,3439,YAJU&U,宮崎県
EPOLIS,惑星鉄道,0,,-,1073,5.1.1.,宮崎県,1968,YAJU&U,宮崎県,2673,YAJU&U,宮崎県,0,,-
EPOLIS,愛包ダンスホール,329,HANKEN,宮崎県,926,RIGHTS,宮崎県,1352,HANKEN,宮崎県,2550,KENZOW,宮崎県,0,,-
EPOLIS,摩天楼,0,,-,681,5.1.1.,宮崎県,1370,5.1.1.,宮崎県,2476,YAJU&U,宮崎県,0,,-
EPOLIS,未完成ノ蒸氣驅動乙女,0,,-,1078,5.1.1.,宮崎県,1880,TCP-IP,宮崎県,2802,KENZOW,宮崎県,0,,-
EPOLIS,果たせぬ約束 ft. 小林マナ,0,,-,1166,5.1.1.,宮崎県,1937,KENZOW,宮崎県,2831,KUROKO,宮崎県,0,,-
EPOLIS,残像ニ繋ガレタ追憶ノHIDEAWAY,0,,-,1172,RIGHTS,宮崎県,2301,YAJU&U,宮崎県,3518,YAJU&U,宮崎県,0,,-
EPOLIS,流桜ノ門,0,,-,1005,5.1.1.,宮崎県,1531,5.1.1.,宮崎県,2024,PAPARU,宮崎県,0,,-
EPOLIS,"灼熱Beach Side Bunny (かめりあ's ""Summertime D'n'B"" Remix)",0,,-,1072,RIGHTS,宮崎県,1915,YAJU&U,宮崎県,3042,YAJU&U,宮崎県,0,,-
EPOLIS,神様、つれない。,0,,-,689,5.1.1.,宮崎県,1102,SIGE7,宮崎県,2119,JIN,宮崎県,0,,-
EPOLIS,終焔のClaudia,0,,-,1296,CESSY.,宮崎県,1734,BENT,宮崎県,2693,YAJU&U,宮崎県,0,,-
EPOLIS,酔いどれ知らず,261,HANKEN,宮崎県,813,HANKEN,宮崎県,1255,HANKEN,宮崎県,2180,YAJU&U,宮崎県,0,,-
EPOLIS,閉塞的フレーション,0,,-,1005,RIGHTS,宮崎県,1587,HANKEN,宮崎県,2404,YAJU&U,宮崎県,0,,-
EPOLIS,雫,0,,-,1010,5.1.1.,宮崎県,1959,S.K,宮崎県,2568,42TAI,宮崎県,0,,-
EPOLIS,電光,0,,-,1036,5.1.1.,宮崎県,1696,SHU-KA,宮崎県,2936,YAJU&U,宮崎県,0,,-
EPOLIS,電子になりたい,0,,-,831,5.1.1.,宮崎県,1321,T-R-N,宮崎県,1969,YAJU&U,宮崎県,0,,-
EPOLIS,電腦都市,0,,-,1386,5.1.1.,宮崎県,2190,CUENVO,宮崎県,3212,KENZOW,宮崎県,0,,-
Pinky Crush,1116,0,,-,1099,5.1.1.,宮崎県,1793,BENT,宮崎県,2985,YAJU&U,宮崎県,0,,-
Pinky Crush,ADAMANT,0,,-,1112,5.1.1.,宮崎県,1812,BENT,宮崎県,2895,42TAI,宮崎県,0,,-
Pinky Crush,Aqvion,0,,-,1175,BENT,宮崎県,1813,BENT,宮崎県,3470,YAJU&U,宮崎県,0,,-
Pinky Crush,Arcanos,0,,-,663,5.1.1.,宮崎県,1166,NANA-4,宮崎県,1827,JIN,宮崎県,0,,-
Pinky Crush,Bang-Boo Bumble,0,,-,1094,5.1.1.,宮崎県,1899,S.K,宮崎県,2772,AIM,宮崎県,0,,-
Pinky Crush,Bling-Bang-Bang-Born,318,HANKEN,宮崎県,652,HANKEN,宮崎県,1126,HANKEN,宮崎県,1950,YAJU&U,宮崎県,2030,KENZOW,宮崎県
Pinky Crush,Bring The Fire,0,,-,1177,5.1.1.,宮崎県,1810,MAJIN2,宮崎県,3296,YAJU&U,宮崎県,0,,-
Pinky Crush,Butterfly Twist,0,,-,759,MUGUET,宮崎県,1452,MONOBU,宮崎県,2699,YAJU&U,宮崎県,0,,-
Pinky Crush,CHAOTIC SUNBIRD,0,,-,1202,5.1.1.,宮崎県,1528,BENT,宮崎県,3163,42TAI,宮崎県,0,,-
Pinky Crush,Chasing After YOU ～夢の欠片～ ft. 小林マナ,0,,-,978,5.1.1.,宮崎県,1376,BENT,宮崎県,2045,YAJU&U,宮崎県,0,,-
Pinky Crush,Constellation,0,,-,935,5.1.1.,宮崎県,1653,RYO.P,宮崎県,2737,YAJU&U,宮崎県,0,,-
Pinky Crush,COSMIC V3LOCITY,0,,-,0,,-,1981,TAKU.,宮崎県,3250,KENZOW,宮崎県,0,,-
Pinky Crush,Cross Fire,0,,-,1052,5.1.1.,宮崎県,1929,BENT,宮崎県,3267,YAJU&U,宮崎県,0,,-
Pinky Crush,destination,0,,-,994,5.1.1.,宮崎県,1952,BENT,宮崎県,3266,YAJU&U,宮崎県,0,,-
Pinky Crush,Digital Radiance,0,,-,1136,5.1.1.,宮崎県,1133,TAKE,宮崎県,1989,42TAI,宮崎県,0,,-
Pinky Crush,DIVINE JUDGEMENT,0,,-,1025,5.1.1.,宮崎県,1818,BENT,宮崎県,2702,YAJU&U,宮崎県,0,,-
Pinky Crush,Dreamship,0,,-,911,5.1.1.,宮崎県,1314,YAJU&U,宮崎県,1920,KENZOW,宮崎県,0,,-
Pinky Crush,Drop Syndicate,0,,-,1153,5.1.1.,宮崎県,1794,SHU-KA,宮崎県,3506,YAJU&U,宮崎県,0,,-
Pinky Crush,Eleanor,0,,-,774,5.1.1.,宮崎県,1217,4MOTKN,宮崎県,2319,42TAI,宮崎県,0,,-
Pinky Crush,ELYSIUM,0,,-,908,5.1.1.,宮崎県,1465,5.1.1.,宮崎県,2582,AIM,宮崎県,0,,-
Pinky Crush,everlastingeuphoria:,0,,-,1094,5.1.1.,宮崎県,1516,6A9,宮崎県,2435,YAJU&U,宮崎県,0,,-
Pinky Crush,EX-MASSIVE FIGHTER,0,,-,1197,5.1.1.,宮崎県,1947,BENT,宮崎県,3244,42TAI,宮崎県,0,,-
Pinky Crush,EYE OF THE HEAVEN,0,,-,0,,-,2048,BENT,宮崎県,3429,YAJU&U,宮崎県,0,,-
Pinky Crush,FERMI PARADOX,0,,-,1139,5.1.1.,宮崎県,1612,5.1.1.,宮崎県,2418,JIN,宮崎県,0,,-
Pinky Crush,Fiery Stallion,0,,-,855,5.1.1.,宮崎県,1577,ELDY,宮崎県,2338,KENZOW,宮崎県,0,,-
Pinky Crush,Flamingo,0,,-,1064,5.1.1.,宮崎県,2105,SHU-KA,宮崎県,3257,KENZOW,宮崎県,0,,-
Pinky Crush,FlyAway,0,,-,1202,5.1.1.,宮崎県,1827,417,宮崎県,3136,KENZOW,宮崎県,0,,-
Pinky Crush,Galaxy Collapse,0,,-,830,5.1.1.,宮崎県,0,,-,1849,KENZOW,宮崎県,0,,-
Pinky Crush,get set mind,0,,-,1011,5.1.1.,宮崎県,1487,SIE,宮崎県,2435,YAJU&U,宮崎県,0,,-
Pinky Crush,God Mind,0,,-,1464,CUENVO,宮崎県,2329,SIE,宮崎県,3881,YAJU&U,宮崎県,0,,-
Pinky Crush,Good Looking,0,,-,732,5.1.1.,宮崎県,1286,S.K,宮崎県,1994,42TAI,宮崎県,0,,-
Pinky Crush,Here We Go Now,0,,-,1113,5.1.1.,宮崎県,1993,BENT,宮崎県,3230,YAJU&U,宮崎県,0,,-
Pinky Crush,hora de verdad,0,,-,1100,5.1.1.,宮崎県,1891,S.K,宮崎県,2839,KENZOW,宮崎県,0,,-
Pinky Crush,IN BETWEEN,0,,-,0,,-,1318,YUKA,宮崎県,2346,YAJU&U,宮崎県,0,,-
Pinky Crush,KOTONOHA ft. Kotoha,0,,-,832,5.1.1.,宮崎県,1255,5.1.1.,宮崎県,1966,YAJU&U,宮崎県,0,,-
Pinky Crush,Lightspeed,0,,-,0,,-,1890,BENT,宮崎県,3029,YAJU&U,宮崎県,0,,-
Pinky Crush,lowercase lifetime,0,,-,1053,5.1.1.,宮崎県,1949,SHU-KA,宮崎県,2700,YAJU&U,宮崎県,0,,-
Pinky Crush,Lycoris,0,,-,772,CESSY.,宮崎県,1241,QUAKES,宮崎県,2020,YAJU&U,宮崎県,0,,-
Pinky Crush,MARLIN,0,,-,1178,5.1.1.,宮崎県,2038,BENT,宮崎県,3364,YAJU&U,宮崎県,0,,-
Pinky Crush,Mid-Corner (Magic Maker),0,,-,1171,5.1.1.,宮崎県,1811,BENT,宮崎県,2985,KENZOW,宮崎県,0,,-
Pinky Crush,Mighty Cutie,0,,-,1135,5.1.1.,宮崎県,1785,SKY,宮崎県,2717,KENZOW,宮崎県,0,,-
Pinky Crush,MVP,0,,-,913,5.1.1.,宮崎県,1436,BENT,宮崎県,2494,YAJU&U,宮崎県,0,,-
Pinky Crush,NOIXIA,0,,-,1352,5.1.1.,宮崎県,2172,CESSY.,宮崎県,3756,KENZOW,宮崎県,0,,-
Pinky Crush,PERFECT HUMAN,514,HANKEN,宮崎県,873,HANKEN,宮崎県,1372,HANKEN,宮崎県,2192,YAJU&U,宮崎県,0,,-
Pinky Crush,Pinky Happy Crazy,0,,-,1295,5.1.1.,宮崎県,2476,YAJU&U,宮崎県,3386,KENZOW,宮崎県,0,,-
Pinky Crush,PIT A PAT,0,,-,1011,5.1.1.,宮崎県,1740,5.1.1.,宮崎県,2536,YAJU&U,宮崎県,0,,-
Pinky Crush,Plazma,253,HANKEN,宮崎県,653,HANKEN,宮崎県,1240,S.K,宮崎県,2026,YAJU&U,宮崎県,2750,YAJU&U,宮崎県
Pinky Crush,Plea Per Phase,0,,-,1003,5.1.1.,宮崎県,1548,RYO.P,宮崎県,2714,YAJU&U,宮崎県,0,,-
Pinky Crush,PopなEDEN,0,,-,950,5.1.1.,宮崎県,1565,SACHI,宮崎県,2397,JIN,宮崎県,0,,-
Pinky Crush,Raspberry Potion (feat.あれたん & ぎゃるのしん☆),0,,-,894,5.1.1.,宮崎県,1672,RYO.P,宮崎県,2427,YAJU&U,宮崎県,0,,-
Pinky Crush,RAVE SYNDROME,0,,-,1010,5.1.1.,宮崎県,1556,K-RAIN,宮崎県,2623,JIN,宮崎県,0,,-
Pinky Crush,Roar of Chronos,0,,-,1246,JIN,宮崎県,2039,RYO.P,宮崎県,3843,YAJU&U,宮崎県,0,,-
Pinky Crush,Satellite Burst,0,,-,1227,5.1.1.,宮崎県,2003,BENT,宮崎県,3558,HM*K2B,宮崎県,0,,-
Pinky Crush,Secret Rouge,0,,-,837,5.1.1.,宮崎県,1582,5.1.1.,宮崎県,2307,YAJU&U,宮崎県,0,,-
Pinky Crush,Shirdal,0,,-,862,5.1.1.,宮崎県,1438,BENT,宮崎県,2392,KENZOW,宮崎県,0,,-
Pinky Crush,Show Me All Your Love,0,,-,1118,5.1.1.,宮崎県,1802,SIE,宮崎県,2682,JIN,宮崎県,0,,-
Pinky Crush,SISYPHUS,0,,-,0,,-,1669,JIN,宮崎県,2607,YAJU&U,宮崎県,0,,-
Pinky Crush,Skratch Education Lv-1,0,,-,1052,JIN,宮崎県,1693,YAJU&U,宮崎県,2506,KENZOW,宮崎県,0,,-
Pinky Crush,Slumber☆Party,0,,-,828,5.1.1.,宮崎県,1494,4MOTKN,宮崎県,2248,YAJU&U,宮崎県,0,,-
Pinky Crush,Space In Time,0,,-,841,5.1.1.,宮崎県,1385,RYO.P,宮崎県,1908,KENZOW,宮崎県,0,,-
Pinky Crush,Stargazing Trip ～星 探す旅～ ft. 小林マナ,0,,-,1068,5.1.1.,宮崎県,1768,S.K,宮崎県,2663,YAJU&U,宮崎県,0,,-
Pinky Crush,SUPER HEROINE!!,0,,-,0,,-,1596,S.K,宮崎県,2309,YAJU&U,宮崎県,0,,-
Pinky Crush,SμG@R RU$#,0,,-,1350,5.1.1.,宮崎県,2118,SIE,宮崎県,3334,KENZOW,宮崎県,0,,-
Pinky Crush,TECHNO RUMBLE,0,,-,1129,5.1.1.,宮崎県,1802,S.K,宮崎県,2821,YAJU&U,宮崎県,0,,-
Pinky Crush,u gotta beat,0,,-,1298,5.1.1.,宮崎県,2110,SHU-KA,宮崎県,3380,KENZOW,宮崎県,0,,-
Pinky Crush,Uaigh Gealai,0,,-,1281,5.1.1.,宮崎県,1946,BENT,宮崎県,3718,YAJU&U,宮崎県,0,,-
Pinky Crush,uen,0,,-,1346,5.1.1.,宮崎県,1996,S.K,宮崎県,2893,YAJU&U,宮崎県,0,,-
Pinky Crush,Vibing! Shake it!,0,,-,959,5.1.1.,宮崎県,1530,BENT,宮崎県,2404,JIN,宮崎県,0,,-
Pinky Crush,Without Heaven,0,,-,1281,5.1.1.,宮崎県,2035,CESSY.,宮崎県,3530,KENZOW,宮崎県,0,,-
Pinky Crush,XHRONOXAPSULΞ,0,,-,862,NOD,宮崎県,2267,YAJU&U,宮崎県,3434,KENZOW,宮崎県,0,,-
Pinky Crush,えだまめカレークッキング,408,HANKEN,宮崎県,816,HANKEN,宮崎県,1277,S.K,宮崎県,2093,YAJU&U,宮崎県,0,,-
Pinky Crush,きみのせかい,0,,-,1004,5.1.1.,宮崎県,1495,6A9,宮崎県,2813,YAJU&U,宮崎県,0,,-
Pinky Crush,きゅうくらりん,427,HANKEN,宮崎県,880,RIGHTS,宮崎県,1706,S.K,宮崎県,2356,42TAI,宮崎県,0,,-
Pinky Crush,アラビアン ハイパー ナイト,0,,-,1179,5.1.1.,宮崎県,1780,BENT,宮崎県,3092,KENZOW,宮崎県,0,,-
Pinky Crush,イガク,306,HANKEN,宮崎県,868,HANKEN,宮崎県,1446,HANKEN,宮崎県,2026,YAJU&U,宮崎県,3023,YAJU&U,宮崎県
Pinky Crush,エクスプロウル,0,,-,935,RIGHTS,宮崎県,1577,HANKEN,宮崎県,2372,YAJU&U,宮崎県,0,,-
Pinky Crush,オッドラヴィ,367,HANKEN,宮崎県,1028,RIGHTS,宮崎県,1682,RIGHTS,宮崎県,2503,YAJU&U,宮崎県,0,,-
Pinky Crush,オブソミート,222,HANKEN,宮崎県,855,HANKEN,宮崎県,1457,HANKEN,宮崎県,2374,YAJU&U,宮崎県,0,,-
Pinky Crush,キスキツネ,193,HANKEN,宮崎県,871,HANKEN,宮崎県,1461,S.K,宮崎県,2349,YAJU&U,宮崎県,0,,-
Pinky Crush,ギャ・ギャ・ギャ・ギャラクシー！,0,,-,829,HANKEN,宮崎県,1595,HANKEN,宮崎県,2329,SACHI,宮崎県,0,,-
Pinky Crush,ゲシュタルト,392,HANKEN,宮崎県,940,HANKEN,宮崎県,1556,S.K,宮崎県,2448,YAJU&U,宮崎県,3292,YAJU&U,宮崎県
Pinky Crush,スキッテイエェエエェ!!!!,0,,-,1543,5.1.1.,宮崎県,2388,HM*K2B,宮崎県,4186,YAJU&U,宮崎県,0,,-
Pinky Crush,スパークリング☆彡ハイパーチューン！！,0,,-,1416,5.1.1.,宮崎県,2101,S.K,宮崎県,3613,YAJU&U,宮崎県,0,,-
Pinky Crush,ドリムチウ,0,,-,867,5.1.1.,宮崎県,0,,-,2432,MI*,宮崎県,0,,-
Pinky Crush,ドーナツホール 2024,338,HANKEN,宮崎県,967,HANKEN,宮崎県,1597,HANKEN,宮崎県,2352,YAJU&U,宮崎県,0,,-
Pinky Crush,ハオ,288,HANKEN,宮崎県,863,HANKEN,宮崎県,1676,HANKEN,宮崎県,2758,JIN,宮崎県,0,,-
Pinky Crush,ハルイロメロディー,0,,-,878,5.1.1.,宮崎県,1332,ODEN,宮崎県,2201,YAJU&U,宮崎県,0,,-
Pinky Crush,ビビデバ,249,HANKEN,宮崎県,784,HANKEN,宮崎県,1315,HANKEN,宮崎県,2040,JIN,宮崎県,0,,-
Pinky Crush,ファイナルレター,0,,-,0,,-,1535,NASERU,宮崎県,2596,YAJU&U,宮崎県,0,,-
Pinky Crush,メズマライザー,564,HANKEN,宮崎県,1152,RIGHTS,宮崎県,1758,S.K,宮崎県,2718,YAJU&U,宮崎県,0,,-
Pinky Crush,ロマンシングエスケープ,0,,-,428,5.1.1.,宮崎県,1101,5.1.1.,宮崎県,1796,YAJU&U,宮崎県,0,,-
Pinky Crush,天使のカンタータ -Cantata of Angels-,0,,-,1245,5.1.1.,宮崎県,2043,S.K,宮崎県,3988,YAJU&U,宮崎県,0,,-
Pinky Crush,弾幕信仰,0,,-,0,,-,1554,SIE,宮崎県,2406,JIN,宮崎県,0,,-
Pinky Crush,我ら完全無敵のアイドル!!,229,HANKEN,宮崎県,989,HANKEN,宮崎県,1612,HANKEN,宮崎県,2547,YAJU&U,宮崎県,0,,-
Pinky Crush,断罪の一花,0,,-,861,5.1.1.,宮崎県,1343,SKY,宮崎県,2525,YAJU&U,宮崎県,0,,-
Pinky Crush,最強頂戴girl,0,,-,852,5.1.1.,宮崎県,1086,AKENO,宮崎県,2115,JIN,宮崎県,0,,-
Pinky Crush,朱と碧のランページ,0,,-,1017,5.1.1.,宮崎県,1627,5.1.1.,宮崎県,2468,JIN,宮崎県,0,,-
Pinky Crush,消極的セツナイズム,0,,-,944,5.1.1.,宮崎県,0,,-,2238,42TAI,宮崎県,0,,-
Pinky Crush,灼熱 Lost Summer Dayz,0,,-,1008,5.1.1.,宮崎県,1859,YAJU&U,宮崎県,2721,YAJU&U,宮崎県,0,,-
Pinky Crush,無双,0,,-,1164,5.1.1.,宮崎県,1692,SKY,宮崎県,3283,YAJU&U,宮崎県,0,,-
Pinky Crush,爆ぜりゃんせ,0,,-,1103,5.1.1.,宮崎県,1871,SACHI,宮崎県,2853,YAJU&U,宮崎県,0,,-
Pinky Crush,覚悟せよ！エンタンメ～ン ～より身の切り売り自暴自棄版～,0,,-,1049,HANKEN,宮崎県,1786,HANKEN,宮崎県,2662,YAJU&U,宮崎県,0,,-
Pinky Crush,進捗ダメダメです,290,HANKEN,宮崎県,790,RIGHTS,宮崎県,1552,HANKEN,宮崎県,2218,YAJU&U,宮崎県,0,,-
Pinky Crush,飴玉,0,,-,584,L1C3N5,宮崎県,872,HANKEN,宮崎県,1323,42TAI,宮崎県,0,,-
Pinky Crush,ＰＡＳＴＥＬＩＳＭ,0,,-,1022,5.1.1.,宮崎県,1359,SKY,宮崎県,2011,JIN,宮崎県,0,,-
Sparkle Shower,2 Be Continued,0,,-,1040,BENT,宮崎県,1955,YAJU&U,宮崎県,3552,YAJU&U,宮崎県,0,,-
Sparkle Shower,A Certified Rave Moment,0,,-,1006,JIN,宮崎県,1778,JIN,宮崎県,2726,YAJU&U,宮崎県,0,,-
Sparkle Shower,ACID VISION,0,,-,0,,-,1546,CESSY.,宮崎県,1756,JIN,宮崎県,0,,-
Sparkle Shower,AGETEKE ONDO,0,,-,1026,JIN,宮崎県,1636,JIN,宮崎県,2560,YAJU&U,宮崎県,0,,-
Sparkle Shower,Amor∞Fati,0,,-,1236,5.1.1.,宮崎県,2540,YAJU&U,宮崎県,3928,YAJU&U,宮崎県,0,,-
Sparkle Shower,Any％,0,,-,1161,5.1.1.,宮崎県,2016,BENT,宮崎県,3392,KENZOW,宮崎県,0,,-
Sparkle Shower,Astra Blaze,0,,-,1155,5.1.1.,宮崎県,2156,NANA-4,宮崎県,3302,KENZOW,宮崎県,0,,-
Sparkle Shower,Bang Bang Dance,0,,-,840,JIN,宮崎県,1738,JIN,宮崎県,2747,42TAI,宮崎県,0,,-
Sparkle Shower,BattleRoyal,0,,-,1101,5.1.1.,宮崎県,1743,YAJU&U,宮崎県,2501,YAJU&U,宮崎県,0,,-
Sparkle Shower,Begin,0,,-,1013,5.1.1.,宮崎県,1998,YAJU&U,宮崎県,3183,YAJU&U,宮崎県,0,,-
Sparkle Shower,BitRacer,0,,-,1079,BENT,宮崎県,1930,CESSY.,宮崎県,3290,YAJU&U,宮崎県,0,,-
Sparkle Shower,Bloom,0,,-,683,5.1.1.,宮崎県,1169,NANA-4,宮崎県,1810,YAJU&U,宮崎県,0,,-
Sparkle Shower,blue anthem,0,,-,1186,JIN,宮崎県,1631,BENT,宮崎県,2898,YAJU&U,宮崎県,0,,-
Sparkle Shower,Caramel Pain,233,HANKEN,宮崎県,644,SACHI,宮崎県,1025,SACHI,宮崎県,1656,JIN,宮崎県,0,,-
Sparkle Shower,Catch ya Getcha!,0,,-,1057,JIN,宮崎県,1986,JIN,宮崎県,2799,KENZOW,宮崎県,0,,-
Sparkle Shower,chaplet -IIDX re:build-,0,,-,991,5.1.1.,宮崎県,1864,JIN,宮崎県,2753,YAJU&U,宮崎県,0,,-
Sparkle Shower,COLOR BURST,0,,-,786,5.1.1.,宮崎県,1379,S.K,宮崎県,2183,YAJU&U,宮崎県,0,,-
Sparkle Shower,Countdown to Heaven or Hell,0,,-,1262,JIN,宮崎県,1994,JIN,宮崎県,2997,YAJU&U,宮崎県,0,,-
Sparkle Shower,D.K.N. ON,0,,-,1026,5.1.1.,宮崎県,1826,SHU-KA,宮崎県,2643,KENZOW,宮崎県,0,,-
Sparkle Shower,Digitized Ocean,0,,-,1160,BENT,宮崎県,1967,JIN,宮崎県,3412,YAJU&U,宮崎県,0,,-
Sparkle Shower,Disco Killer Music Lover,0,,-,1102,JIN,宮崎県,1783,JIN,宮崎県,2956,YAJU&U,宮崎県,0,,-
Sparkle Shower,Dolphin Kick,0,,-,1453,5.1.1.,宮崎県,2107,NANA-4,宮崎県,3491,YAJU&U,宮崎県,0,,-
Sparkle Shower,Dusk Endir,0,,-,1026,5.1.1.,宮崎県,2166,NANA-4,宮崎県,3196,KENZOW,宮崎県,0,,-
Sparkle Shower,ESPRIT ONE,0,,-,1248,5.1.1.,宮崎県,1752,BENT,宮崎県,2881,YAJU&U,宮崎県,0,,-
Sparkle Shower,Ex-Otogibanashi,162,PIYOSK,宮崎県,441,KASKE-,宮崎県,951,BENT,宮崎県,1573,YAJU&U,宮崎県,0,,-
Sparkle Shower,Fashion Fruit,0,,-,1074,JIN,宮崎県,1944,JIN,宮崎県,2974,KENZOW,宮崎県,0,,-
Sparkle Shower,fixer,0,,-,819,5.1.1.,宮崎県,1699,JIN,宮崎県,3331,KENZOW,宮崎県,0,,-
Sparkle Shower,FIZZY FIZZY POP,0,,-,826,5.1.1.,宮崎県,1501,BENT,宮崎県,2248,YAJU&U,宮崎県,0,,-
Sparkle Shower,FiZZλ_POT!0N,0,,-,1395,5.1.1.,宮崎県,2001,CESSY.,宮崎県,3347,YAJU&U,宮崎県,0,,-
Sparkle Shower,From Human Blood,0,,-,1207,BENT,宮崎県,2046,S.K,宮崎県,3492,KENZOW,宮崎県,0,,-
Sparkle Shower,Funky Quirky,0,,-,916,5.1.1.,宮崎県,1800,MAJIN2,宮崎県,2484,42TAI,宮崎県,0,,-
Sparkle Shower,Get Into The Groove feat.WaMi,0,,-,971,5.1.1.,宮崎県,1343,BENT,宮崎県,2269,YAJU&U,宮崎県,0,,-
Sparkle Shower,Gimme a Big Beat(青龍 Remix),0,,-,912,SAMI,宮崎県,2347,YAJU&U,宮崎県,2986,KENZOW,宮崎県,0,,-
Sparkle Shower,GO!,0,,-,858,5.1.1.,宮崎県,1713,BENT,宮崎県,2876,YAJU&U,宮崎県,0,,-
Sparkle Shower,GOLD RUSH 2025,0,,-,861,5.1.1.,宮崎県,1494,BENT,宮崎県,2641,YAJU&U,宮崎県,0,,-
Sparkle Shower,Hallucination,0,,-,1027,5.1.1.,宮崎県,1726,SHU-KA,宮崎県,2631,YAJU&U,宮崎県,0,,-
Sparkle Shower,HEROES,0,,-,1329,5.1.1.,宮崎県,2090,S.K,宮崎県,3223,KENZOW,宮崎県,0,,-
Sparkle Shower,HORIZON BEATZ,0,,-,775,5.1.1.,宮崎県,1608,BENT,宮崎県,2527,YAJU&U,宮崎県,0,,-
Sparkle Shower,HyperTwist,0,,-,1269,5.1.1.,宮崎県,2124,JIN,宮崎県,3253,YAJU&U,宮崎県,0,,-
Sparkle Shower,Ignited Night,0,,-,1047,5.1.1.,宮崎県,1468,MONOBU,宮崎県,2326,YAJU&U,宮崎県,0,,-
Sparkle Shower,Iridescent Memories,0,,-,1491,5.1.1.,宮崎県,2089,CESSY.,宮崎県,3783,YAJU&U,宮崎県,0,,-
Sparkle Shower,JUST SYNC ft.Kanae Asaba,0,,-,753,JIN,宮崎県,1290,JIN,宮崎県,2019,YAJU&U,宮崎県,0,,-
Sparkle Shower,Kick The Rainbow,0,,-,1050,XENON,宮崎県,1983,SACHI,宮崎県,2908,YAJU&U,宮崎県,0,,-
Sparkle Shower,King of Tribe,0,,-,1109,SACHI,宮崎県,1946,RYO.P,宮崎県,3001,KENZOW,宮崎県,0,,-
Sparkle Shower,kors k's Let's make an Image Song!,0,,-,972,5.1.1.,宮崎県,1850,YAJU&U,宮崎県,2725,YAJU&U,宮崎県,0,,-
Sparkle Shower,Last Card,0,,-,1047,5.1.1.,宮崎県,1765,RYO.P,宮崎県,3013,KENZOW,宮崎県,0,,-
Sparkle Shower,LEMON MELON COOKIE,366,SACHI,宮崎県,815,SACHI,宮崎県,1547,JIN,宮崎県,2243,YAJU&U,宮崎県,0,,-
Sparkle Shower,Limelight,0,,-,1119,5.1.1.,宮崎県,1792,NANA-4,宮崎県,2957,YAJU&U,宮崎県,0,,-
Sparkle Shower,Lisa-RICCIA,424,74C,宮崎県,1242,JIN,宮崎県,2194,JIN,宮崎県,3308,YAJU&U,宮崎県,4415,YAJU&U,宮崎県
Sparkle Shower,Makin' It,0,,-,1058,JIN,宮崎県,1636,JIN,宮崎県,2669,YAJU&U,宮崎県,0,,-
Sparkle Shower,Memoria Obscura,0,,-,1015,JIN,宮崎県,2169,YAJU&U,宮崎県,3996,YAJU&U,宮崎県,0,,-
Sparkle Shower,Meteor☆Shower,0,,-,948,5.1.1.,宮崎県,1929,BENT,宮崎県,2831,KENZOW,宮崎県,0,,-
Sparkle Shower,Mighty Beat Monsterz,0,,-,1196,5.1.1.,宮崎県,1882,S.K,宮崎県,3070,YAJU&U,宮崎県,0,,-
Sparkle Shower,MOCHIMOCHI DREAMIN!!,0,,-,1138,JIN,宮崎県,1845,JIN,宮崎県,2987,KENZOW,宮崎県,0,,-
Sparkle Shower,Nemophila,0,,-,1040,5.1.1.,宮崎県,1749,BENT,宮崎県,2614,YAJU&U,宮崎県,0,,-
Sparkle Shower,Nyan Nyan University,0,,-,938,JIN,宮崎県,1602,JIN,宮崎県,2550,YAJU&U,宮崎県,0,,-
Sparkle Shower,OMEGA,0,,-,1084,5.1.1.,宮崎県,2144,YAJU&U,宮崎県,3228,KENZOW,宮崎県,0,,-
Sparkle Shower,PALETTE,343,HANKEN,宮崎県,884,JIN,宮崎県,1461,JIN,宮崎県,2049,KENZOW,宮崎県,0,,-
Sparkle Shower,PERFECT GREAT!!,0,,-,1271,5.1.1.,宮崎県,2269,NANA-4,宮崎県,3726,YAJU&U,宮崎県,0,,-
Sparkle Shower,pique,0,,-,1116,5.1.1.,宮崎県,1921,BENT,宮崎県,2888,YAJU&U,宮崎県,0,,-
Sparkle Shower,RALLY '25,0,,-,1218,JIN,宮崎県,2106,JIN,宮崎県,3144,YAJU&U,宮崎県,0,,-
Sparkle Shower,REcorrection,0,,-,586,5.1.1.,宮崎県,1061,BENT,宮崎県,1592,YAJU&U,宮崎県,0,,-
Sparkle Shower,Regina vespaE,0,,-,1245,JIN,宮崎県,2145,JIN,宮崎県,3517,KENZOW,宮崎県,0,,-
Sparkle Shower,RIZING-GAMERS.,0,,-,1011,5.1.1.,宮崎県,2189,JIN,宮崎県,3278,YAJU&U,宮崎県,0,,-
Sparkle Shower,RUINA,0,,-,927,5.1.1.,宮崎県,1746,SACHI,宮崎県,2641,KENZOW,宮崎県,0,,-
Sparkle Shower,Second Heaven(Mamonis Remix),0,,-,917,NANA-4,宮崎県,1595,BENT,宮崎県,2456,YAJU&U,宮崎県,0,,-
Sparkle Shower,SHINING☆DANCE,0,,-,871,JIN,宮崎県,1568,JIN,宮崎県,2458,YAJU&U,宮崎県,0,,-
Sparkle Shower,Shooting Star,223,HANKEN,宮崎県,837,JIN,宮崎県,1509,JIN,宮崎県,2439,YAJU&U,宮崎県,0,,-
Sparkle Shower,Show Time,0,,-,843,5.1.1.,宮崎県,1379,BENT,宮崎県,2041,YAJU&U,宮崎県,0,,-
Sparkle Shower,Signs and Wonders,0,,-,666,5.1.1.,宮崎県,1004,BENT,宮崎県,1578,YAJU&U,宮崎県,0,,-
Sparkle Shower,SILKY BRAVE,0,,-,903,5.1.1.,宮崎県,1521,BENT,宮崎県,2285,JIN,宮崎県,0,,-
Sparkle Shower,Skywalking,0,,-,907,5.1.1.,宮崎県,1407,BENT,宮崎県,2328,YAJU&U,宮崎県,0,,-
Sparkle Shower,Smintheus,0,,-,1309,5.1.1.,宮崎県,2239,NANA-4,宮崎県,3388,KENZOW,宮崎県,0,,-
Sparkle Shower,SnapSkipSpark,0,,-,1080,SACHI,宮崎県,1877,SACHI,宮崎県,2901,YAJU&U,宮崎県,0,,-
Sparkle Shower,Space Battleship S4TO,0,,-,1355,JIN,宮崎県,2191,JIN,宮崎県,3704,YAJU&U,宮崎県,0,,-
Sparkle Shower,SPLASH!!!!!!!!!,0,,-,912,BENT,宮崎県,1490,SACHI,宮崎県,2251,YAJU&U,宮崎県,0,,-
Sparkle Shower,Substance,0,,-,1197,SACHI,宮崎県,1721,SACHI,宮崎県,3056,YAJU&U,宮崎県,0,,-
Sparkle Shower,super double play sessions,0,,-,1390,5.1.1.,宮崎県,2285,MI*,宮崎県,4118,YAJU&U,宮崎県,0,,-
Sparkle Shower,THUNDERSTRIKE,0,,-,1243,5.1.1.,宮崎県,1920,S.K,宮崎県,3327,YAJU&U,宮崎県,0,,-
Sparkle Shower,TOKAKU=ALMiRAJ,0,,-,913,5.1.1.,宮崎県,1797,BENT,宮崎県,2747,KENZOW,宮崎県,0,,-
Sparkle Shower,UNDO THE NIGHT,0,,-,1019,5.1.1.,宮崎県,1929,5.1.1.,宮崎県,3296,KENZOW,宮崎県,0,,-
Sparkle Shower,Vitamin,0,,-,1139,BENT,宮崎県,1763,S.K,宮崎県,2584,KENZOW,宮崎県,0,,-
Sparkle Shower,voice of echo.,0,,-,1073,5.1.1.,宮崎県,1695,MONOBU,宮崎県,2706,YAJU&U,宮崎県,0,,-
Sparkle Shower,Watermelon Explosion,0,,-,752,5.1.1.,宮崎県,1321,BENT,宮崎県,1999,YAJU&U,宮崎県,0,,-
Sparkle Shower,Wizards!,0,,-,783,5.1.1.,宮崎県,1537,BENT,宮崎県,2249,YAJU&U,宮崎県,0,,-
Sparkle Shower,X-Plan,0,,-,728,5.1.1.,宮崎県,1323,5.1.1.,宮崎県,2185,KENZOW,宮崎県,0,,-
Sparkle Shower,[E],0,,-,1471,5.1.1.,宮崎県,2106,MONOBU,宮崎県,3354,YAJU&U,宮崎県,0,,-
Sparkle Shower,Τeλοs,0,,-,1047,5.1.1.,宮崎県,1753,S.K,宮崎県,2538,KENZOW,宮崎県,0,,-
Sparkle Shower,ιgniЯRuina,0,,-,1393,JIN,宮崎県,2122,SACHI,宮崎県,3430,YAJU&U,宮崎県,0,,-
Sparkle Shower,⁽⁽ଘ( ˙꒳˙ )ଓ⁾⁾ beyond reason,0,,-,1235,BENT,宮崎県,2031,YAJU&U,宮崎県,3665,YAJU&U,宮崎県,0,,-
Sparkle Shower,かわいいだけじゃだめですか？,209,HANKEN,宮崎県,936,JIN,宮崎県,1593,JIN,宮崎県,2120,YAJU&U,宮崎県,3480,YAJU&U,宮崎県
Sparkle Shower,じぇりー じゅえる ジャングル,0,,-,1217,5.1.1.,宮崎県,1887,BENT,宮崎県,3222,YAJU&U,宮崎県,0,,-
Sparkle Shower,それが、ボクの使命～レスキュー隊長 メンキュー～,0,,-,746,JIN,宮崎県,1568,JIN,宮崎県,2146,YAJU&U,宮崎県,0,,-
Sparkle Shower,でんぱ どりる わんにゃー☆三,280,HANKEN,宮崎県,1195,JIN,宮崎県,2255,JIN,宮崎県,3312,YAJU&U,宮崎県,0,,-
Sparkle Shower,もんめためたもん,205,HANKEN,宮崎県,855,JIN,宮崎県,1422,JIN,宮崎県,2222,42TAI,宮崎県,0,,-
Sparkle Shower,オーバーライド,384,HIKK,宮崎県,1209,BENT,宮崎県,1809,JIN,宮崎県,3156,YAJU&U,宮崎県,0,,-
Sparkle Shower,キミとえがくキセキ,0,,-,887,5.1.1.,宮崎県,1491,5.1.1.,宮崎県,2232,JIN,宮崎県,0,,-
Sparkle Shower,クレッシェンド,0,,-,1197,5.1.1.,宮崎県,1773,MONOBU,宮崎県,3237,KENZOW,宮崎県,0,,-
Sparkle Shower,サタデーナイト☆ギャロップ,0,,-,1256,5.1.1.,宮崎県,1760,NANA-4,宮崎県,3918,YAJU&U,宮崎県,0,,-
Sparkle Shower,タンポポ,0,,-,1241,5.1.1.,宮崎県,1841,S.K,宮崎県,2623,YAJU&U,宮崎県,0,,-
Sparkle Shower,デラむぅのでらっくす☆どり～むぅ,0,,-,827,JIN,宮崎県,1323,JIN,宮崎県,1943,JIN,宮崎県,0,,-
Sparkle Shower,バブリン,269,SACHI,宮崎県,1159,BENT,宮崎県,1719,S.K,宮崎県,2415,YAJU&U,宮崎県,0,,-
Sparkle Shower,ビビッド ☆+*。キラキライム,309,70,宮崎県,1200,JIN,宮崎県,2063,AIM,宮崎県,3701,YAJU&U,宮崎県,0,,-
Sparkle Shower,ベラ・ベ・カラベラ,0,,-,1043,SACHI,宮崎県,1677,SACHI,宮崎県,2671,KENZOW,宮崎県,0,,-
Sparkle Shower,ベンガル vs. アムール Battle,0,,-,1278,5.1.1.,宮崎県,2031,S.K,宮崎県,3619,YAJU&U,宮崎県,0,,-
Sparkle Shower,メテオラ-meteor-,0,,-,1067,JIN,宮崎県,1761,S.K,宮崎県,2428,YAJU&U,宮崎県,0,,-
Sparkle Shower,メルト CPK! Remix (初音ミク ver.),300,NAUSKA,宮崎県,819,KENZOW,宮崎県,1617,BENT,宮崎県,2770,YAJU&U,宮崎県,0,,-
Sparkle Shower,ラブコメトキドキシリアス,0,,-,1228,5.1.1.,宮崎県,1964,BENT,宮崎県,3557,YAJU&U,宮崎県,0,,-
Sparkle Shower,レシピのリドル,0,,-,631,5.1.1.,宮崎県,1419,JIN,宮崎県,2279,JIN,宮崎県,0,,-
Sparkle Shower,三日天下モンキー,0,,-,725,5.1.1.,宮崎県,1247,5.1.1.,宮崎県,1728,YAJU&U,宮崎県,0,,-
Sparkle Shower,不死身ごっこ,162,YAMANA,宮崎県,958,JIN,宮崎県,1484,JIN,宮崎県,2503,YAJU&U,宮崎県,0,,-
Sparkle Shower,夏色のセレナーデ,0,,-,884,JIN,宮崎県,1341,JIN,宮崎県,2213,YAJU&U,宮崎県,0,,-
Sparkle Shower,夢色ワンダー,325,MYU495,宮崎県,1375,KIKY03,宮崎県,2059,BENT,宮崎県,3037,KENZOW,宮崎県,0,,-
Sparkle Shower,好吃来世deエレクトリック,0,,-,811,5.1.1.,宮崎県,1351,BENT,宮崎県,1887,YAJU&U,宮崎県,0,,-
Sparkle Shower,恋愛観測,0,,-,697,5.1.1.,宮崎県,1406,5.1.1.,宮崎県,2468,YAJU&U,宮崎県,0,,-
Sparkle Shower,断罪のミメシス,0,,-,1378,5.1.1.,宮崎県,1968,S.K,宮崎県,3084,KENZOW,宮崎県,0,,-
Sparkle Shower,月下繚乱,0,,-,899,SACHI,宮崎県,1732,SACHI,宮崎県,2709,YAJU&U,宮崎県,0,,-
Sparkle Shower,煉獄コンフィチュール,0,,-,1003,SACHI,宮崎県,1810,SACHI,宮崎県,2629,YAJU&U,宮崎県,0,,-
Sparkle Shower,百恋ラブラスター,0,,-,741,JIN,宮崎県,1610,JIN,宮崎県,2607,YAJU&U,宮崎県,0,,-
Sparkle Shower,色を喪った街,0,,-,1281,5.1.1.,宮崎県,2197,NANA-4,宮崎県,3600,YAJU&U,宮崎県,0,,-
Sparkle Shower,華麗なる！音戯探偵ひなビタ,0,,-,713,JIN,宮崎県,1335,JIN,宮崎県,2148,JIN,宮崎県,0,,-
Sparkle Shower,鏡像都市,0,,-,835,5.1.1.,宮崎県,1389,SACHI,宮崎県,1938,42TAI,宮崎県,0,,-
Sparkle Shower,閃と雷管とロープ,0,,-,907,JIN,宮崎県,1418,JIN,宮崎県,2515,YAJU&U,宮崎県,0,,-
