バージョン,タイトル,BEGINNER EXスコア,BEGINNER DJName,BEGINNER 都道府県,NORMAL EXスコア,NORMAL DJName,NORMAL 都道府県,HYPER EXスコア,HYPER DJName,HYPER 都道府県,ANOTHER EXスコア,ANOTHER DJName,ANOTHER 都道府県,LEGGENDARIA EXスコア,LEGGENDARIA DJName,LEGGENDARIA 都道府県
1st&substream,22DUNK,0,,-,478,NICOLE,鹿児島県,620,NEKO*3,鹿児島県,653,R.I.P,鹿児島県,0,,-
1st&substream,5.1.1.,0,,-,183,NICOLE,鹿児島県,919,*YULY*,鹿児島県,1539,R.I.P,鹿児島県,0,,-
1st&substream,deep in you,0,,-,441,Z,鹿児島県,495,NEKO*3,鹿児島県,652,R.I.P,鹿児島県,0,,-
1st&substream,Dr.LOVE,0,,-,375,Z,鹿児島県,509,NEKO*3,鹿児島県,574,R.I.P,鹿児島県,0,,-
1st&substream,GAMBOL,0,,-,272,SUMIRE,鹿児島県,272,UNAGI*,鹿児島県,0,,-,0,,-
1st&substream,GENOM SCREAMS,0,,-,373,Z,鹿児島県,765,NEKO*3,鹿児島県,1048,R.I.P,鹿児島県,0,,-
1st&substream,gentle stress,0,,-,314,Z,鹿児島県,663,NEKO*3,鹿児島県,1432,R.I.P,鹿児島県,0,,-
1st&substream,GRADIUSIC CYBER,0,,-,811,*YULY*,鹿児島県,938,NEKO*3,鹿児島県,1174,R.I.P,鹿児島県,0,,-
1st&substream,KEEP ON MOVIN',0,,-,190,0000,鹿児島県,241,FUSI,鹿児島県,0,,-,0,,-
1st&substream,Macho Gang,0,,-,364,TEMARI,鹿児島県,1042,NEKO*3,鹿児島県,1576,R.I.P,鹿児島県,0,,-
1st&substream,PARANOIA MAX～DIRTY MIX～,0,,-,506,Z,鹿児島県,729,NEKO*3,鹿児島県,1074,SACHI,鹿児島県,0,,-
1st&substream,R3,0,,-,608,*YULY*,鹿児島県,720,NEKO*3,鹿児島県,898,R.I.P,鹿児島県,0,,-
1st&substream,RUGGED ASH,0,,-,334,Z,鹿児島県,395,NEKO*3,鹿児島県,1025,ALICE,鹿児島県,1942,LAZYAF,鹿児島県
1st&substream,THE EARTH LIGHT,0,,-,727,*YULY*,鹿児島県,1007,NICOLE,鹿児島県,1148,R.I.P,鹿児島県,0,,-
2nd style,.59,0,,-,678,*YULY*,鹿児島県,885,SIGURE,鹿児島県,1152,R.I.P,鹿児島県,0,,-
2nd style,Digital MinD(A/T Libra mix),0,,-,700,*YULY*,鹿児島県,993,NEKO*3,鹿児島県,1124,R.I.P,鹿児島県,0,,-
2nd style,Electro Tuned(the SubS mix),0,,-,709,*YULY*,鹿児島県,904,NEKO*3,鹿児島県,1045,R.I.P,鹿児島県,0,,-
2nd style,I Was The One,0,,-,489,Z,鹿児島県,628,NEKO*3,鹿児島県,684,R.I.P,鹿児島県,0,,-
2nd style,Indigo Vision(full flavour hide around mix),0,,-,784,Z,鹿児島県,1068,NEKO*3,鹿児島県,1213,R.I.P,鹿児島県,0,,-
2nd style,PUT YOUR FAITH IN ME(for beatmania II),0,,-,514,Z,鹿児島県,820,39JO,鹿児島県,0,,-,0,,-
2nd style,SP-TRIP MACHINE(for beatmania II),0,,-,457,Z,鹿児島県,605,*YULY*,鹿児島県,633,ALICE,鹿児島県,0,,-
3rd style,CAN'T STOP FALLIN'IN LOVE,0,,-,574,Z,鹿児島県,1234,R.I.P,鹿児島県,0,,-,0,,-
3rd style,Don't Stop!,0,,-,685,Z,鹿児島県,829,NEKO*3,鹿児島県,895,SACHI,鹿児島県,0,,-
3rd style,era (nostalmix),0,,-,798,*YULY*,鹿児島県,952,UWAX,鹿児島県,1469,R.I.P,鹿児島県,0,,-
3rd style,Holic,0,,-,675,Z,鹿児島県,1166,K,鹿児島県,1706,HIRO99,鹿児島県,0,,-
3rd style,LEADING CYBER,0,,-,743,Z,鹿児島県,1135,NEKO*3,鹿児島県,1264,R.I.P,鹿児島県,0,,-
3rd style,Presto,0,,-,470,Z,鹿児島県,883,AHOY!,鹿児島県,1000,R.I.P,鹿児島県,0,,-
3rd style,R5,0,,-,671,Z,鹿児島県,1132,NEKO*3,鹿児島県,1749,R.I.P,鹿児島県,0,,-
3rd style,REINCARNATION,0,,-,813,*YULY*,鹿児島県,824,Z,鹿児島県,1253,R.I.P,鹿児島県,0,,-
3rd style,Schlagwerk,0,,-,777,*YULY*,鹿児島県,1253,NEKO*3,鹿児島県,1675,R.I.P,鹿児島県,0,,-
3rd style,Skyscraper,0,,-,668,*YULY*,鹿児島県,1137,NEKO*3,鹿児島県,1241,R.I.P,鹿児島県,0,,-
3rd style,Tangerine Stream,0,,-,258,MOTOKI,鹿児島県,382,ALICE,鹿児島県,0,,-,0,,-
3rd style,THE SAFARI,342,Z,鹿児島県,1087,NICOLE,鹿児島県,1751,HIRO99,鹿児島県,0,,-,0,,-
4th style,250bpm,0,,-,583,Z,鹿児島県,755,*YULY*,鹿児島県,1401,HIRO99,鹿児島県,0,,-
4th style,ABSOLUTE,0,,-,1196,MASA,鹿児島県,1682,*TAKE*,鹿児島県,2335,HIRO99,鹿児島県,2681,SACHI,鹿児島県
4th style,B4U,0,,-,925,Z,鹿児島県,1476,NEKO*3,鹿児島県,1968,HIRO99,鹿児島県,0,,-
4th style,Broken My Heart,0,,-,885,*YULY*,鹿児島県,1218,*YULY*,鹿児島県,1766,R.I.P,鹿児島県,0,,-
4th style,Burnin' The Floor,0,,-,521,Z,鹿児島県,922,NEKO*3,鹿児島県,1432,R.I.P,鹿児島県,0,,-
4th style,CHECKING YOU OUT,0,,-,536,*YULY*,鹿児島県,883,ASIC,鹿児島県,1308,LAZYAF,鹿児島県,0,,-
4th style,Clione,0,,-,500,*YULY*,鹿児島県,893,HAKU*,鹿児島県,1596,INOKI!,鹿児島県,2138,HIRO99,鹿児島県
4th style,DXY!,0,,-,1102,Z,鹿児島県,1833,R.I.P,鹿児島県,2159,HIRO99,鹿児島県,0,,-
4th style,empathy,0,,-,733,Z,鹿児島県,1109,Z,鹿児島県,1422,R.I.P,鹿児島県,0,,-
4th style,era (step mix),0,,-,972,Z,鹿児島県,1270,NEKO*3,鹿児島県,1626,R.I.P,鹿児島県,0,,-
4th style,FLOWERS for ALBION,0,,-,221,NICOLE,鹿児島県,428,POIFUL,鹿児島県,0,,-,0,,-
4th style,HIGHER,0,,-,495,Z,鹿児島県,913,NEKO*3,鹿児島県,1274,SACHI,鹿児島県,0,,-
4th style,Hitch Hiker2,0,,-,774,*YULY*,鹿児島県,1039,*YULY*,鹿児島県,1292,ALICE,鹿児島県,1910,SACHI,鹿児島県
4th style,Jam&Marmalade,0,,-,720,*YULY*,鹿児島県,741,Z,鹿児島県,1006,SACHI,鹿児島県,0,,-
4th style,KAMIKAZE,0,,-,928,Z,鹿児島県,1419,NEKO*3,鹿児島県,2271,INOKI!,鹿児島県,0,,-
4th style,LOVE WILL・・・,0,,-,520,*YULY*,鹿児島県,711,*YULY*,鹿児島県,1446,R.I.P,鹿児島県,0,,-
4th style,minimalian,0,,-,475,Z,鹿児島県,1025,ALICE,鹿児島県,1368,R.I.P,鹿児島県,0,,-
4th style,Mr.T.(take me higher),0,,-,812,*YULY*,鹿児島県,987,NEKO*3,鹿児島県,1709,R.I.P,鹿児島県,0,,-
4th style,starmine,419,MOTOKI,鹿児島県,866,*YULY*,鹿児島県,1318,NEKO*3,鹿児島県,1560,FUSI,鹿児島県,0,,-
4th style,SWEET LAB,0,,-,463,Z,鹿児島県,745,Z,鹿児島県,1291,POIFUL,鹿児島県,0,,-
4th style,Voltage (feat. Hidemaru),0,,-,862,0000,鹿児島県,1115,0000,鹿児島県,1304,R.I.P,鹿児島県,0,,-
5th style,Abyss,0,,-,1199,*YULY*,鹿児島県,1513,ALICE,鹿児島県,1836,R.I.P,鹿児島県,0,,-
5th style,in my eyes,0,,-,866,Z,鹿児島県,1292,*YULY*,鹿児島県,1526,R.I.P,鹿児島県,0,,-
5th style,LOVE AGAIN TONIGHT～for Mellisa mix～,0,,-,695,Z,鹿児島県,913,TAKAP*,鹿児島県,1109,R.I.P,鹿児島県,0,,-
5th style,outer wall,0,,-,842,*YULY*,鹿児島県,1280,NEKO*3,鹿児島県,1705,R.I.P,鹿児島県,0,,-
5th style,QQQ,0,,-,1121,*YULY*,鹿児島県,1833,NEKO*3,鹿児島県,2149,SACHI,鹿児島県,0,,-
5th style,Radical Faith,0,,-,1088,*YULY*,鹿児島県,1462,TEMARI,鹿児島県,1284,R.I.P,鹿児島県,0,,-
5th style,Real,0,,-,967,Z,鹿児島県,1580,NEKO*3,鹿児島県,1730,39JO,鹿児島県,0,,-
5th style,Regulus,0,,-,918,Z,鹿児島県,1447,NEKO*3,鹿児島県,1623,R.I.P,鹿児島県,0,,-
5th style,RIDE ON THE LIGHT (HI GREAT MIX),0,,-,821,*YULY*,鹿児島県,993,AKL,鹿児島県,1689,39JO,鹿児島県,1790,FUSI,鹿児島県
5th style,RISLIM,0,,-,825,Z,鹿児島県,1196,39JO,鹿児島県,0,,-,0,,-
5th style,sometime,0,,-,681,Z,鹿児島県,959,SEKKEN,鹿児島県,1279,SACHI,鹿児島県,0,,-
5th style,Spin the disc,0,,-,700,*YULY*,鹿児島県,1183,NEKO*3,鹿児島県,1314,SACHI,鹿児島県,0,,-
5th style,STILL IN MY HEART,0,,-,915,Z,鹿児島県,1271,NEKO*3,鹿児島県,1928,HIRO99,鹿児島県,0,,-
5th style,still my words,0,,-,811,Z,鹿児島県,1216,39JO,鹿児島県,0,,-,0,,-
5th style,sync,0,,-,975,Z,鹿児島県,1770,COSMOZ,鹿児島県,2385,HIRO99,鹿児島県,0,,-
5th style,THE CUBE,0,,-,665,Z,鹿児島県,1153,56NYAN,鹿児島県,1339,R.I.P,鹿児島県,0,,-
5th style,THE SHINING POLARIS,0,,-,843,Z,鹿児島県,1129,Z,鹿児島県,1538,ALICE,鹿児島県,0,,-
5th style,V,320,MOTOKI,鹿児島県,1179,M0NRAL,鹿児島県,2416,R.I.P,鹿児島県,2946,HIRO99,鹿児島県,0,,-
6th style,"19,November",0,,-,1022,*YULY*,鹿児島県,1411,NEKO*3,鹿児島県,1771,SACHI,鹿児島県,0,,-
6th style,BALLAD FOR YOU～想いの雨～,0,,-,551,Z,鹿児島県,724,*YULY*,鹿児島県,1050,HAKU*,鹿児島県,0,,-
6th style,Blueberry Stream,0,,-,738,Z,鹿児島県,1239,NICOLE,鹿児島県,1593,POIFUL,鹿児島県,0,,-
6th style,Buffalo,0,,-,928,*YULY*,鹿児島県,1403,NEKO*3,鹿児島県,1802,HIRO99,鹿児島県,2433,INOKI!,鹿児島県
6th style,Colors (radio edit),0,,-,1235,Z,鹿児島県,1856,NEKO*3,鹿児島県,2409,SACHI,鹿児島県,0,,-
6th style,DIVE ～INTO YOUR HEART～,0,,-,1120,Z,鹿児島県,1754,NEKO*3,鹿児島県,2087,SACHI,鹿児島県,0,,-
6th style,fly through the night,0,,-,845,*YULY*,鹿児島県,1271,NEKO*3,鹿児島県,1686,SACHI,鹿児島県,0,,-
6th style,Free Style,0,,-,838,*YULY*,鹿児島県,1019,NEKO*3,鹿児島県,1222,UNAGI*,鹿児島県,0,,-
6th style,Frozen Ray (original mix),0,,-,1197,*YULY*,鹿児島県,1603,COSMOZ,鹿児島県,1788,SACHI,鹿児島県,0,,-
6th style,G2,0,,-,1236,NICOLE,鹿児島県,1620,NEKO*3,鹿児島県,2272,R.I.P,鹿児島県,0,,-
6th style,L'amour et la liberte,0,,-,875,MASA,鹿児島県,1354,D.O.G.,鹿児島県,1966,R.I.P,鹿児島県,0,,-
6th style,Linus,0,,-,834,Z,鹿児島県,1443,HAKU*,鹿児島県,2174,HIRO99,鹿児島県,0,,-
6th style,NEMESIS,0,,-,825,Z,鹿児島県,1216,SEKKEN,鹿児島県,1870,HIRO99,鹿児島県,0,,-
6th style,rottel-da-sun,0,,-,690,Z,鹿児島県,1070,NATCH,鹿児島県,1810,KAI046,鹿児島県,0,,-
6th style,route 80s,0,,-,780,*YULY*,鹿児島県,1024,SEKKEN,鹿児島県,1439,TEMARI,鹿児島県,0,,-
6th style,SOMETHING WONDERFUL,0,,-,827,Z,鹿児島県,1104,*YULY*,鹿児島県,1952,HIRO99,鹿児島県,0,,-
6th style,Summer Vacation(CU mix),0,,-,1020,Z,鹿児島県,1823,HIRO99,鹿児島県,0,,-,0,,-
6th style,Take It Easy,0,,-,1329,CH*IKA,鹿児島県,2113,D.O.G.,鹿児島県,2438,N,鹿児島県,0,,-
6th style,VJ ARMY,0,,-,1063,Z,鹿児島県,1526,SEKKEN,鹿児島県,2129,R.I.P,鹿児島県,0,,-
6th style,こっちを向いてよ,0,,-,728,Z,鹿児島県,1213,NEKO*3,鹿児島県,1346,FUSI,鹿児島県,0,,-
7th style,A,0,,-,1103,Z,鹿児島県,1904,HIYOKO,鹿児島県,2469,HIRO99,鹿児島県,0,,-
7th style,AVE DE RAPINA,0,,-,1164,Z,鹿児島県,1364,*YULY*,鹿児島県,1751,SUQNE*,鹿児島県,0,,-
7th style,Bad Routine,0,,-,888,Z,鹿児島県,1388,SACHI,鹿児島県,1893,INOKI!,鹿児島県,0,,-
7th style,Burning Heat! (Full Option Mix),0,,-,635,Z,鹿児島県,826,Z,鹿児島県,1411,TEMARI,鹿児島県,0,,-
7th style,Cheer Train,0,,-,795,Z,鹿児島県,1032,Z,鹿児島県,1637,R.I.P,鹿児島県,0,,-
7th style,D2R,0,,-,812,YNS.,鹿児島県,1134,*YULY*,鹿児島県,1628,HIRO99,鹿児島県,0,,-
7th style,DESTINY,0,,-,922,Z,鹿児島県,1081,FINO,鹿児島県,1813,R.I.P,鹿児島県,0,,-
7th style,foreplay,0,,-,644,*YULY*,鹿児島県,1116,NEKO*3,鹿児島県,1327,HIRO99,鹿児島県,0,,-
7th style,Glorious Days,0,,-,450,Z,鹿児島県,706,Z,鹿児島県,888,FUSI,鹿児島県,0,,-
7th style,Happy Wedding,0,,-,1039,Z,鹿児島県,1465,NICOLE,鹿児島県,1818,HIRO99,鹿児島県,0,,-
7th style,Last Message,0,,-,884,Z,鹿児島県,1190,SEKKEN,鹿児島県,1590,R.I.P,鹿児島県,0,,-
7th style,Let the Snow Paint Me,0,,-,795,*YULY*,鹿児島県,984,SEKKEN,鹿児島県,1221,ALICE,鹿児島県,0,,-
7th style,Love Me Do,0,,-,882,Z,鹿児島県,1630,HAKU*,鹿児島県,2090,POIFUL,鹿児島県,0,,-
7th style,MAX 300,0,,-,962,T-DAK,鹿児島県,1888,R.I.P,鹿児島県,2731,LAZYAF,鹿児島県,0,,-
7th style,Somebody Like You,0,,-,718,*YULY*,鹿児島県,1150,NEKO*3,鹿児島県,1814,HIRO99,鹿児島県,0,,-
7th style,Spica,0,,-,616,*YULY*,鹿児島県,1440,ALICE,鹿児島県,2217,HIRO99,鹿児島県,0,,-
7th style,stoic,0,,-,1379,SIGURE,鹿児島県,2099,JK-FF,鹿児島県,2540,HIRO99,鹿児島県,0,,-
7th style,Tomorrow Perfume,0,,-,1044,Z,鹿児島県,1600,SEKKEN,鹿児島県,2016,R.I.P,鹿児島県,0,,-
7th style,traces,0,,-,1323,MASA,鹿児島県,1681,SEKKEN,鹿児島県,2115,R.I.P,鹿児島県,0,,-
7th style,ZERO-ONE,0,,-,876,Z,鹿児島県,1441,SEKKEN,鹿児島県,2189,R.I.P,鹿児島県,2825,HIRO99,鹿児島県
7th style,革命,0,,-,595,Z,鹿児島県,1743,HAKU*,鹿児島県,2309,HIRO99,鹿児島県,0,,-
8th style,abstract,0,,-,1148,*YULY*,鹿児島県,1473,SEKKEN,鹿児島県,1875,R.I.P,鹿児島県,0,,-
8th style,airflow,0,,-,522,Z,鹿児島県,695,*YULY*,鹿児島県,1384,UNAGI*,鹿児島県,0,,-
8th style,ALL RIGHT,0,,-,778,Z,鹿児島県,1141,SEKKEN,鹿児島県,1581,39JO,鹿児島県,0,,-
8th style,Attitude,0,,-,890,Z,鹿児島県,1273,COSMOZ,鹿児島県,1728,SACHI,鹿児島県,0,,-
8th style,bit mania,0,,-,894,*YULY*,鹿児島県,1185,TAKAP*,鹿児島県,1842,N,鹿児島県,0,,-
8th style,Blame,0,,-,1062,*YULY*,鹿児島県,1296,NICOLE,鹿児島県,1926,HIRO99,鹿児島県,0,,-
8th style,CELEBRATE NITE,0,,-,815,Z,鹿児島県,978,Z,鹿児島県,1398,R.I.P,鹿児島県,0,,-
8th style,Colors -Y&Co. Eurobeat Remix-,0,,-,1104,*YULY*,鹿児島県,1844,COSMOZ,鹿児島県,2174,SACHI,鹿児島県,0,,-
8th style,dual control,0,,-,673,Z,鹿児島県,1155,SEKKEN,鹿児島県,1867,HIRO99,鹿児島県,0,,-
8th style,Giudecca,0,,-,837,*YULY*,鹿児島県,1659,MUMU,鹿児島県,2656,SACHI,鹿児島県,0,,-
8th style,Halfway of promise,0,,-,849,Z,鹿児島県,1326,MASA,鹿児島県,1819,HIRO99,鹿児島県,0,,-
8th style,HYPER BOUNDARY GATE,0,,-,1166,*YULY*,鹿児島県,1726,SEKKEN,鹿児島県,2211,SACHI,鹿児島県,0,,-
8th style,LAB,0,,-,989,*YULY*,鹿児島県,1598,*YULY*,鹿児島県,2088,HIRO99,鹿児島県,2703,HIRO99,鹿児島県
8th style,LOVE IS ORANGE,0,,-,761,*YULY*,鹿児島県,921,*YULY*,鹿児島県,1794,HIRO99,鹿児島県,2085,R.I.P,鹿児島県
8th style,Luv 2 Feel Your Body,0,,-,739,Z,鹿児島県,979,NEKO*3,鹿児島県,1597,R.I.P,鹿児島県,0,,-
8th style,memories,0,,-,991,Z,鹿児島県,1848,SEKKEN,鹿児島県,2197,R.I.P,鹿児島県,0,,-
8th style,Monkey Dance,0,,-,715,Z,鹿児島県,1170,MUMU,鹿児島県,1966,SACHI,鹿児島県,0,,-
8th style,murmur twins,0,,-,1071,*YULY*,鹿児島県,1592,NEKO*3,鹿児島県,2327,LAZYAF,鹿児島県,0,,-
8th style,MUSIC TO YOUR HEAD,0,,-,700,Z,鹿児島県,1246,COSMOZ,鹿児島県,1655,SACHI,鹿児島県,0,,-
8th style,PLEASE DON'T GO,0,,-,775,Z,鹿児島県,1142,*YULY*,鹿児島県,2426,HIRO99,鹿児島県,0,,-
8th style,rainbow flyer,0,,-,702,Z,鹿児島県,1373,TAKAP*,鹿児島県,2106,SACHI,鹿児島県,0,,-
8th style,symbolic,0,,-,1306,MASA,鹿児島県,1590,SEKKEN,鹿児島県,2206,FUSI,鹿児島県,0,,-
8th style,thunder,0,,-,1076,Z,鹿児島県,1505,NEKO*3,鹿児島県,1844,SACHI,鹿児島県,0,,-
8th style,WAR GAME,0,,-,950,*YULY*,鹿児島県,1448,NEKO*3,鹿児島県,2147,INOKI!,鹿児島県,0,,-
8th style,World Wide Love,0,,-,627,MOTOKI,鹿児島県,1025,NEKO*3,鹿児島県,1113,YAMITA,鹿児島県,0,,-
8th style,xenon,0,,-,928,Z,鹿児島県,1604,NEKO*3,鹿児島県,2677,LAZYAF,鹿児島県,0,,-
8th style,桜,0,,-,880,*YULY*,鹿児島県,1363,MEIYA.,鹿児島県,2096,HIRO99,鹿児島県,0,,-
8th style,蒼い衝動,0,,-,764,Z,鹿児島県,1176,MUMU,鹿児島県,1585,SACHI,鹿児島県,0,,-
9th style,Abyss -The Heavens Remix-,557,0000,鹿児島県,1374,IKESAN,鹿児島県,1808,39JO,鹿児島県,2334,POIFUL,鹿児島県,0,,-
9th style,ACT,0,,-,945,*YULY*,鹿児島県,1495,AHOY!,鹿児島県,1849,HIRO99,鹿児島県,0,,-
9th style,ADVANCE,0,,-,457,*YULY*,鹿児島県,804,D.O.G.,鹿児島県,1576,FUSI,鹿児島県,0,,-
9th style,ATOMIC AGE,0,,-,336,KAEDE*,鹿児島県,651,NEKO*3,鹿児島県,1263,SUQNE*,鹿児島県,0,,-
9th style,BAD BOY BASS!! (dj Remo-con MIX),0,,-,841,Z,鹿児島県,1220,Z,鹿児島県,1801,SACHI,鹿児島県,0,,-
9th style,bag,0,,-,769,Z,鹿児島県,1020,*YULY*,鹿児島県,1851,R.I.P,鹿児島県,0,,-
9th style,BRIGHTNESS DARKNESS,0,,-,672,Z,鹿児島県,1301,NICOLE,鹿児島県,1720,R.I.P,鹿児島県,0,,-
9th style,Cradle,0,,-,827,*YULY*,鹿児島県,1338,NICOLE,鹿児島県,1506,39JO,鹿児島県,0,,-
9th style,Distress,0,,-,1161,*YULY*,鹿児島県,1808,R.I.P,鹿児島県,0,,-,0,,-
9th style,e-motion 2003  -romantic extra-,0,,-,1168,MASA,鹿児島県,1504,COSMOZ,鹿児島県,1956,SACHI,鹿児島県,0,,-
9th style,fun,0,,-,531,*YULY*,鹿児島県,984,0000,鹿児島県,1753,TEMARI,鹿児島県,0,,-
9th style,Golden Horn,0,,-,657,*YULY*,鹿児島県,1030,NICOLE,鹿児島県,1459,39JO,鹿児島県,0,,-
9th style,HYPER EUROBEAT (2DX style),0,,-,952,Z,鹿児島県,1490,7932CK,鹿児島県,1899,R.I.P,鹿児島県,0,,-
9th style,I Was The One (80's EUROBEAT STYLE),0,,-,723,Z,鹿児島県,1172,Z,鹿児島県,1436,SACHI,鹿児島県,0,,-
9th style,Karma,0,,-,1088,Z,鹿児島県,1558,7932CK,鹿児島県,1807,HIRO99,鹿児島県,0,,-
9th style,lights,0,,-,641,Z,鹿児島県,1259,*YULY*,鹿児島県,1730,SUQNE*,鹿児島県,0,,-
9th style,Logic Board,0,,-,995,*YULY*,鹿児島県,1621,D.O.G.,鹿児島県,2324,HIRO99,鹿児島県,0,,-
9th style,LOVE SHINE,485,MOTOKI,鹿児島県,825,*YULY*,鹿児島県,1750,NICOLE,鹿児島県,2066,HIRO99,鹿児島県,0,,-
9th style,lower world,0,,-,1059,Z,鹿児島県,1591,SEKKEN,鹿児島県,2231,HIRO99,鹿児島県,0,,-
9th style,Make A Difference,0,,-,770,Z,鹿児島県,1171,*YULY*,鹿児島県,2216,HIRO99,鹿児島県,0,,-
9th style,MARIA (I believe... ),0,,-,670,Z,鹿児島県,1471,HAKU*,鹿児島県,1930,R.I.P,鹿児島県,0,,-
9th style,moon_child,0,,-,985,*YULY*,鹿児島県,1813,*NANA*,鹿児島県,2528,HIRO99,鹿児島県,0,,-
9th style,one or eight,0,,-,1040,*YULY*,鹿児島県,1623,YUSHI,鹿児島県,2256,HIRO99,鹿児島県,0,,-
9th style,PARANOIA survivor MAX,0,,-,839,.,鹿児島県,1206,SUQNE*,鹿児島県,2011,HIRO99,鹿児島県,0,,-
9th style,quasar,0,,-,1080,*YULY*,鹿児島県,1626,HAKU*,鹿児島県,2295,SACHI,鹿児島県,0,,-
9th style,Quickening,0,,-,784,Z,鹿児島県,1446,IVANKO,鹿児島県,2089,INOKI!,鹿児島県,0,,-
9th style,Really Love,0,,-,598,*YULY*,鹿児島県,867,HAKU*,鹿児島県,1712,HIRO99,鹿児島県,0,,-
9th style,RISLIM -Remix-,0,,-,665,Z,鹿児島県,913,*YULY*,鹿児島県,1866,INOKI!,鹿児島県,0,,-
9th style,rottel-the-Mercury,0,,-,974,*YULY*,鹿児島県,1733,IKESAN,鹿児島県,2229,R.I.P,鹿児島県,0,,-
9th style,Silvia Drive,0,,-,793,*YULY*,鹿児島県,1270,*YULY*,鹿児島県,1985,INOKI!,鹿児島県,0,,-
9th style,SNOW,0,,-,943,Z,鹿児島県,1142,NICOLE,鹿児島県,1996,SACHI,鹿児島県,0,,-
9th style,STAR FIELD,0,,-,630,Z,鹿児島県,1388,NICOLE,鹿児島県,1877,R.I.P,鹿児島県,0,,-
9th style,Sweet Sweet Magic,0,,-,874,Z,鹿児島県,1244,Z,鹿児島県,1979,R.I.P,鹿児島県,0,,-
9th style,SWEETEST SAVAGE,0,,-,594,*YULY*,鹿児島県,1237,SEKKEN,鹿児島県,1829,HIRO99,鹿児島県,0,,-
9th style,ライオン好き,0,,-,620,*YULY*,鹿児島県,1189,N,鹿児島県,1492,R.I.P,鹿児島県,0,,-
9th style,真夏の花・真夏の夢,0,,-,785,*YULY*,鹿児島県,1101,HAKU*,鹿児島県,1448,N,鹿児島県,0,,-
10th style,1st Samurai,0,,-,930,Z,鹿児島県,1724,NEKO*3,鹿児島県,2332,ARROW.,鹿児島県,0,,-
10th style,ALIEN TEMPLE,0,,-,884,Z,鹿児島県,1509,NICOLE,鹿児島県,1972,R.I.P,鹿児島県,0,,-
10th style,ASTRAL VOYAGE,0,,-,893,Z,鹿児島県,1285,SEKKEN,鹿児島県,1858,39JO,鹿児島県,0,,-
10th style,BABY LOVE,0,,-,1066,Z,鹿児島県,1547,NICOLE,鹿児島県,2149,HIRO99,鹿児島県,0,,-
10th style,Back Into The Light,0,,-,958,Z,鹿児島県,1307,*YULY*,鹿児島県,2162,HIRO99,鹿児島県,0,,-
10th style,Boundary,0,,-,779,Z,鹿児島県,1652,SEKKEN,鹿児島県,2025,R.I.P,鹿児島県,0,,-
10th style,CARRY ON NIGHT (English version),0,,-,948,*YULY*,鹿児島県,1224,SEKKEN,鹿児島県,2001,R.I.P,鹿児島県,0,,-
10th style,Daisuke,466,*YULY*,鹿児島県,1154,MASA,鹿児島県,1596,*NANA*,鹿児島県,2383,HIRO99,鹿児島県,0,,-
10th style,Debtty Daddy,0,,-,970,Z,鹿児島県,1714,SEKKEN,鹿児島県,2683,HIRO99,鹿児島県,0,,-
10th style,desolation,0,,-,453,Z,鹿児島県,605,Z,鹿児島県,746,SUQNE*,鹿児島県,0,,-
10th style,DoLL,323,MOTOKI,鹿児島県,902,*YULY*,鹿児島県,1127,CH*IKA,鹿児島県,1602,R.I.P,鹿児島県,0,,-
10th style,EXE,0,,-,804,*YULY*,鹿児島県,1601,SUQNE*,鹿児島県,2246,HIRO99,鹿児島県,0,,-
10th style,Feedback,0,,-,984,*YULY*,鹿児島県,1360,SEKKEN,鹿児島県,1936,SACHI,鹿児島県,0,,-
10th style,FEEL IT,0,,-,840,*YULY*,鹿児島県,1538,MEIYA.,鹿児島県,1905,TEMARI,鹿児島県,0,,-
10th style,Freezing atmosphere,0,,-,745,*YULY*,鹿児島県,963,*YULY*,鹿児島県,1425,39JO,鹿児島県,0,,-
10th style,GHOST REVIVAL,0,,-,871,*YULY*,鹿児島県,1790,NICOLE,鹿児島県,2530,HIRO99,鹿児島県,0,,-
10th style,GRADIUS -FULL SPEED-,0,,-,626,*YULY*,鹿児島県,1062,NEKO*3,鹿児島県,1942,LAZYAF,鹿児島県,0,,-
10th style,HIGH,0,,-,798,Z,鹿児島県,1684,COSMOZ,鹿児島県,2151,R.I.P,鹿児島県,2823,FUSI,鹿児島県
10th style,Innocent Walls,0,,-,1602,SACHI,鹿児島県,2466,HIRO99,鹿児島県,2797,HIRO99,鹿児島県,0,,-
10th style,Love Is Eternity,0,,-,1135,*YULY*,鹿児島県,1730,OITAN,鹿児島県,2368,R.I.P,鹿児島県,0,,-
10th style,Lucy,0,,-,899,Z,鹿児島県,1534,T-DAK,鹿児島県,2281,R.I.P,鹿児島県,0,,-
10th style,Narcissus At Oasis,0,,-,708,Z,鹿児島県,1456,MEIYA.,鹿児島県,1615,FUSI,鹿児島県,0,,-
10th style,No.13,0,,-,1289,T-DAK,鹿児島県,2066,T-DAK,鹿児島県,3181,HIRO99,鹿児島県,0,,-
10th style,One More Lovely,0,,-,873,TEMARI,鹿児島県,1561,YUSHI,鹿児島県,2792,HIRO99,鹿児島県,0,,-
10th style,pandora,0,,-,818,Z,鹿児島県,1537,NICOLE,鹿児島県,1815,R.I.P,鹿児島県,0,,-
10th style,rainbow rainbow,0,,-,1425,*YULY*,鹿児島県,1972,D.O.G.,鹿児島県,2604,R.I.P,鹿児島県,0,,-
10th style,Rise'n Beauty,0,,-,1030,Z,鹿児島県,1407,NICOLE,鹿児島県,2125,LAZYAF,鹿児島県,3779,SUMIRE,鹿児島県
10th style,SCORE,0,,-,1027,Z,鹿児島県,1346,Z,鹿児島県,2048,LAZYAF,鹿児島県,0,,-
10th style,SHOOTING STAR,0,,-,1008,Z,鹿児島県,1568,NEKO*3,鹿児島県,2246,SACHI,鹿児島県,0,,-
10th style,SPACE FIGHT,0,,-,580,Z,鹿児島県,1446,NEKO*3,鹿児島県,2199,SACHI,鹿児島県,0,,-
10th style,システムロマンス,0,,-,860,*YULY*,鹿児島県,1552,NICOLE,鹿児島県,1993,39JO,鹿児島県,0,,-
10th style,雪月花,0,,-,1154,D.O.G.,鹿児島県,1615,7932CK,鹿児島県,2496,HIRO99,鹿児島県,0,,-
IIDX RED,AA,0,,-,1208,*YULY*,鹿児島県,2622,SUQNE*,鹿児島県,3590,HIRO99,鹿児島県,0,,-
IIDX RED,AGEHA,585,MOTOKI,鹿児島県,984,*YULY*,鹿児島県,1566,AHOY!,鹿児島県,1827,SUQNE*,鹿児島県,2373,R.I.P,鹿児島県
IIDX RED,ANDROMEDA,0,,-,925,*YULY*,鹿児島県,1656,MUMU,鹿児島県,2819,INOKI!,鹿児島県,0,,-
IIDX RED,awakening,0,,-,998,*YULY*,鹿児島県,1403,NEKO*3,鹿児島県,1706,HIRO99,鹿児島県,0,,-
IIDX RED,Be quiet,0,,-,947,*YULY*,鹿児島県,1584,COSMOZ,鹿児島県,2157,INOKI!,鹿児島県,2799,HIRO99,鹿児島県
IIDX RED,BLOCKS,0,,-,684,Z,鹿児島県,1115,NICOLE,鹿児島県,1967,HIRO99,鹿児島県,0,,-
IIDX RED,BREATH,0,,-,780,Z,鹿児島県,1261,SEKKEN,鹿児島県,1654,R.I.P,鹿児島県,0,,-
IIDX RED,Click Again,0,,-,782,Z,鹿児島県,1148,Z,鹿児島県,2136,INOKI!,鹿児島県,0,,-
IIDX RED,Close my Eyes for Me,0,,-,973,*YULY*,鹿児島県,1130,*YULY*,鹿児島県,1739,POIFUL,鹿児島県,0,,-
IIDX RED,D.A.N.C.E.!,0,,-,514,Z,鹿児島県,729,Z,鹿児島県,1561,INOKI!,鹿児島県,0,,-
IIDX RED,Don't be afraid myself,0,,-,1025,*YULY*,鹿児島県,1670,7932CK,鹿児島県,2274,HIRO99,鹿児島県,0,,-
IIDX RED,earth scape,0,,-,394,Z,鹿児島県,972,SEKKEN,鹿児島県,1252,R.I.P,鹿児島県,0,,-
IIDX RED,FAKE TIME,0,,-,920,*YULY*,鹿児島県,1652,IIDX34,鹿児島県,2342,HIRO99,鹿児島県,0,,-
IIDX RED,Fly Away To India,0,,-,598,Z,鹿児島県,962,Z,鹿児島県,1376,SACHI,鹿児島県,0,,-
IIDX RED,GENOCIDE,0,,-,914,Z,鹿児島県,1829,D.O.G.,鹿児島県,2378,HIRO99,鹿児島県,0,,-
IIDX RED,gigadelic,641,Z,鹿児島県,1408,HAKU*,鹿児島県,2165,HIRO99,鹿児島県,2512,HIRO99,鹿児島県,0,,-
IIDX RED,HORIZON,0,,-,998,Z,鹿児島県,1449,NICOLE,鹿児島県,1950,HIRO99,鹿児島県,0,,-
IIDX RED,KEY,0,,-,1079,*YULY*,鹿児島県,1757,HAKU*,鹿児島県,2779,39JO,鹿児島県,0,,-
IIDX RED,NEBULA GRASPER,0,,-,1191,Z,鹿児島県,1932,ALICE,鹿児島県,2434,R.I.P,鹿児島県,0,,-
IIDX RED,Raspberry Heart(English version),0,,-,955,Z,鹿児島県,1490,HAKU*,鹿児島県,1847,SACHI,鹿児島県,0,,-
IIDX RED,RED ZONE,173,MOTOKI,鹿児島県,985,Z,鹿児島県,1825,N,鹿児島県,2332,HIRO99,鹿児島県,3089,HIRO99,鹿児島県
IIDX RED,RESONATE 1794,0,,-,815,Z,鹿児島県,1403,*NANA*,鹿児島県,1869,HIRO99,鹿児島県,0,,-
IIDX RED,Secret of Love,0,,-,1000,Z,鹿児島県,1219,MASA,鹿児島県,2009,HIRO99,鹿児島県,0,,-
IIDX RED,SPEEDY CAT,0,,-,1052,Z,鹿児島県,1675,ASIC,鹿児島県,1966,TAK!,鹿児島県,0,,-
IIDX RED,Sphere,0,,-,967,Z,鹿児島県,1877,NEKO*3,鹿児島県,2150,R.I.P,鹿児島県,0,,-
IIDX RED,spiral galaxy,0,,-,971,Z,鹿児島県,1820,0000,鹿児島県,2554,R.I.P,鹿児島県,3723,HIRO99,鹿児島県
IIDX RED,The Hope of Tomorrow,0,,-,962,Z,鹿児島県,1543,*TAKE*,鹿児島県,1945,SACHI,鹿児島県,0,,-
IIDX RED,Wonder Bullfighter,0,,-,844,Z,鹿児島県,1187,*YULY*,鹿児島県,1961,HIRO99,鹿児島県,0,,-
IIDX RED,ピアノ協奏曲第１番”蠍火”,0,,-,760,*YULY*,鹿児島県,1941,VARRE,鹿児島県,2648,HIRO99,鹿児島県,0,,-
IIDX RED,大桟橋,0,,-,417,Z,鹿児島県,1030,SEKKEN,鹿児島県,1847,HIRO99,鹿児島県,0,,-
IIDX RED,太陽～T・A・I・Y・O～,0,,-,764,*YULY*,鹿児島県,1249,NICOLE,鹿児島県,1672,39JO,鹿児島県,0,,-
IIDX RED,ＵＬＴｉＭΛＴＥ,0,,-,837,Z,鹿児島県,1413,SWITCH,鹿児島県,2002,HIRO99,鹿児島県,0,,-
HAPPY SKY,100％ minimoo-G,0,,-,833,Z,鹿児島県,1465,NICOLE,鹿児島県,1685,INOKI!,鹿児島県,0,,-
HAPPY SKY,Agnus Dei,0,,-,841,*YULY*,鹿児島県,1425,NICOLE,鹿児島県,2068,SACHI,鹿児島県,0,,-
HAPPY SKY,alla turca con passione,0,,-,759,*YULY*,鹿児島県,1575,NEKO*3,鹿児島県,2174,SACHI,鹿児島県,0,,-
HAPPY SKY,Aurora,0,,-,1288,COSMOZ,鹿児島県,1891,COSMOZ,鹿児島県,2534,HIRO99,鹿児島県,0,,-
HAPPY SKY,CaptivAte～浄化～,0,,-,951,*YULY*,鹿児島県,1763,NEKO*3,鹿児島県,2408,R.I.P,鹿児島県,3402,HIRO99,鹿児島県
HAPPY SKY,Catch Me,0,,-,672,Z,鹿児島県,1153,SWITCH,鹿児島県,1782,HIRO99,鹿児島県,2124,HIRO99,鹿児島県
HAPPY SKY,Don't let it go,0,,-,624,Z,鹿児島県,1151,COSMOZ,鹿児島県,1663,R.I.P,鹿児島県,0,,-
HAPPY SKY,double thrash,0,,-,940,*YULY*,鹿児島県,1710,AHOY!,鹿児島県,2251,R.I.P,鹿児島県,0,,-
HAPPY SKY,EDEN,0,,-,1210,*YULY*,鹿児島県,1821,NICOLE,鹿児島県,2703,HIRO99,鹿児島県,3234,SUMIRE,鹿児島県
HAPPY SKY,EMPTY OF THE SKY,0,,-,607,Z,鹿児島県,948,Z,鹿児島県,1666,YAMITA,鹿児島県,0,,-
HAPPY SKY,First Resolution,0,,-,747,Z,鹿児島県,1525,SEKKEN,鹿児島県,2143,SACHI,鹿児島県,0,,-
HAPPY SKY,garden,0,,-,832,*YULY*,鹿児島県,1384,SEKKEN,鹿児島県,2037,R.I.P,鹿児島県,3096,HIRO99,鹿児島県
HAPPY SKY,Get'em up to R.A.V.E,0,,-,1103,*YULY*,鹿児島県,1431,*YULY*,鹿児島県,2268,HIRO99,鹿児島県,0,,-
HAPPY SKY,GREEN EYES,0,,-,851,Z,鹿児島県,1572,SUQNE*,鹿児島県,2225,HIRO99,鹿児島県,0,,-
HAPPY SKY,HAPPY☆ANGEL,620,Z,鹿児島県,967,Z,鹿児島県,1443,IKESAN,鹿児島県,2100,HIRO99,鹿児島県,0,,-
HAPPY SKY,I am,0,,-,991,Z,鹿児島県,1626,NICOLE,鹿児島県,2165,HIRO99,鹿児島県,0,,-
HAPPY SKY,in motion,0,,-,778,Z,鹿児島県,926,Z,鹿児島県,1310,SACHI,鹿児島県,0,,-
HAPPY SKY,INAZUMA,0,,-,999,*YULY*,鹿児島県,1596,HAKU*,鹿児島県,2692,HIRO99,鹿児島県,3966,HIRO99,鹿児島県
HAPPY SKY,LESSON 5,0,,-,1127,Z,鹿児島県,1719,HAKU*,鹿児島県,2466,SACHI,鹿児島県,0,,-
HAPPY SKY,Little Little Princess,0,,-,1055,*YULY*,鹿児島県,1972,MEIZEE,鹿児島県,2602,ALICE,鹿児島県,3727,HIRO99,鹿児島県
HAPPY SKY,Love Magic,0,,-,945,*YULY*,鹿児島県,1534,SEKKEN,鹿児島県,1922,R.I.P,鹿児島県,0,,-
HAPPY SKY,mind the gap,0,,-,649,*YULY*,鹿児島県,888,*YULY*,鹿児島県,1599,HIRO99,鹿児島県,0,,-
HAPPY SKY,MOON RACE,0,,-,799,*YULY*,鹿児島県,995,NICOLE,鹿児島県,1855,TEMARI,鹿児島県,0,,-
HAPPY SKY,Pink Rose,0,,-,537,MOTOKI,鹿児島県,896,*YULY*,鹿児島県,1397,R.I.P,鹿児島県,1976,R.I.P,鹿児島県
HAPPY SKY,PLASMA,0,,-,922,*YULY*,鹿児島県,1509,NICOLE,鹿児島県,2269,HIRO99,鹿児島県,0,,-
HAPPY SKY,Pollinosis,0,,-,734,*YULY*,鹿児島県,1067,SEKKEN,鹿児島県,2448,HIRO99,鹿児島県,0,,-
HAPPY SKY,POODLE,0,,-,899,Z,鹿児島県,1796,7932CK,鹿児島県,2300,HIRO99,鹿児島県,3348,HIRO99,鹿児島県
HAPPY SKY,rage against usual,0,,-,1067,Z,鹿児島県,1967,39JO,鹿児島県,2923,HIRO99,鹿児島県,0,,-
HAPPY SKY,SCREAM SQUAD,0,,-,1062,*YULY*,鹿児島県,1461,AHOY!,鹿児島県,2056,HIRO99,鹿児島県,0,,-
HAPPY SKY,Scripted Connection⇒ A mix,0,,-,1449,NICOLE,鹿児島県,1896,CLEF,鹿児島県,3058,HIRO99,鹿児島県,3363,HIRO99,鹿児島県
HAPPY SKY,Scripted Connection⇒ H mix,0,,-,1486,NICOLE,鹿児島県,1803,YUSHI,鹿児島県,2409,R.I.P,鹿児島県,2844,HIRO99,鹿児島県
HAPPY SKY,Scripted Connection⇒ N mix,0,,-,1163,MASA,鹿児島県,1579,NEKO*3,鹿児島県,2040,R.I.P,鹿児島県,2391,HIRO99,鹿児島県
HAPPY SKY,SigSig,626,MOTOKI,鹿児島県,1010,*YULY*,鹿児島県,1579,NICOLE,鹿児島県,2579,HIRO99,鹿児島県,0,,-
HAPPY SKY,Tizona d'El Cid,0,,-,862,Z,鹿児島県,1665,SEKKEN,鹿児島県,2297,FUSI,鹿児島県,0,,-
HAPPY SKY,Twelfth Style,0,,-,1072,Z,鹿児島県,1443,NEKO*3,鹿児島県,1972,R.I.P,鹿児島県,3232,HIRO99,鹿児島県
HAPPY SKY,Under the Sky,0,,-,867,*YULY*,鹿児島県,1323,NICOLE,鹿児島県,1712,SACHI,鹿児島県,0,,-
HAPPY SKY,vault of heaven,0,,-,737,*YULY*,鹿児島県,1222,MUMU,鹿児島県,1980,R.I.P,鹿児島県,0,,-
HAPPY SKY,Votum stellarum,0,,-,701,Z,鹿児島県,1467,SHILVA,鹿児島県,1954,HIRO99,鹿児島県,0,,-
HAPPY SKY,We are Disっ娘よっつ打ち命,0,,-,608,MOTOKI,鹿児島県,901,*YULY*,鹿児島県,1629,R.I.P,鹿児島県,0,,-
HAPPY SKY,Xepher,379,MOTOKI,鹿児島県,1030,*YULY*,鹿児島県,2078,NEKO*3,鹿児島県,2979,HIRO99,鹿児島県,0,,-
HAPPY SKY,オレはビートマニア！お前は何マニア？,0,,-,684,Z,鹿児島県,1252,*YULY*,鹿児島県,1694,HIRO99,鹿児島県,0,,-
HAPPY SKY,ヒマワリ,0,,-,496,Z,鹿児島県,1699,IKESAN,鹿児島県,2074,HIRO99,鹿児島県,0,,-
HAPPY SKY,ラクエン,0,,-,652,*YULY*,鹿児島県,753,Z,鹿児島県,1974,HIRO99,鹿児島県,0,,-
HAPPY SKY,冥,546,MOTOKI,鹿児島県,945,*YULY*,鹿児島県,1905,UNAGI*,鹿児島県,3622,HIRO99,鹿児島県,0,,-
HAPPY SKY,合体せよ！ストロングイェーガー！！ (Ryu☆ remix),0,,-,956,Z,鹿児島県,1488,NEKO*3,鹿児島県,1883,R.I.P,鹿児島県,0,,-
HAPPY SKY,月光,0,,-,780,Z,鹿児島県,1677,NEKO*3,鹿児島県,2458,SACHI,鹿児島県,0,,-
DistorteD,ALFARSHEAR 双神威に廻る夢,416,MOTOKI,鹿児島県,1022,Z,鹿児島県,1530,MUMU,鹿児島県,2036,POIFUL,鹿児島県,0,,-
DistorteD,Apocalypse ～dirge of swans～,235,MOTOKI,鹿児島県,858,*YULY*,鹿児島県,1463,NICOLE,鹿児島県,2329,R.I.P,鹿児島県,0,,-
DistorteD,BALLAD THE FEATHERS,0,,-,683,*YULY*,鹿児島県,928,Z,鹿児島県,1476,NEKO*3,鹿児島県,0,,-
DistorteD,Bloody Tears(IIDX EDITION),0,,-,942,Z,鹿児島県,1878,*NANA*,鹿児島県,2169,HIRO99,鹿児島県,0,,-
DistorteD,BOOM BOOM DISCO NIGHT,0,,-,871,Z,鹿児島県,1552,MUMU,鹿児島県,2229,R.I.P,鹿児島県,0,,-
DistorteD,Broadbanded,0,,-,841,*YULY*,鹿児島県,1175,HAKU*,鹿児島県,1975,INOKI!,鹿児島県,0,,-
DistorteD,Concertino in Blue,353,Z,鹿児島県,728,*YULY*,鹿児島県,1492,OITAN,鹿児島県,2499,HIRO99,鹿児島県,0,,-
DistorteD,CONTRACT,0,,-,1167,COSMOZ,鹿児島県,1438,CLEF,鹿児島県,2020,HIRO99,鹿児島県,2724,HIRO99,鹿児島県
DistorteD,D.C.fish,0,,-,906,Z,鹿児島県,1801,HIYOKO,鹿児島県,2327,INOKI!,鹿児島県,0,,-
DistorteD,DEEP ROAR,0,,-,871,SEINA.,鹿児島県,1413,ASIC,鹿児島県,2733,HIRO99,鹿児島県,0,,-
DistorteD,Double Loving Heart,0,,-,515,Z,鹿児島県,1265,HAKU*,鹿児島県,1797,R.I.P,鹿児島県,0,,-
DistorteD,DUE TOMORROW,0,,-,605,AZURIA,鹿児島県,1206,SEKKEN,鹿児島県,1998,HIRO99,鹿児島県,0,,-
DistorteD,EURO-ROMANCE,0,,-,834,Z,鹿児島県,1785,SUQNE*,鹿児島県,2103,HIRO99,鹿児島県,0,,-
DistorteD,Ganymede,0,,-,1003,Z,鹿児島県,1622,NEKO*3,鹿児島県,2279,HIRO99,鹿児島県,2471,HIRO99,鹿児島県
DistorteD,Harmony and Lovely,0,,-,868,*YULY*,鹿児島県,1657,COSMOZ,鹿児島県,2214,SACHI,鹿児島県,0,,-
DistorteD,Heavenly Sun (IIDX VERSION),0,,-,782,*YULY*,鹿児島県,1467,HAKU*,鹿児島県,2088,R.I.P,鹿児島県,0,,-
DistorteD,INFERNO,0,,-,1043,Z,鹿児島県,1455,NICOLE,鹿児島県,1956,R.I.P,鹿児島県,0,,-
DistorteD,Leaving...,0,,-,721,*YULY*,鹿児島県,1317,SWITCH,鹿児島県,2123,R.I.P,鹿児島県,0,,-
DistorteD,MINT,0,,-,768,T-DAK,鹿児島県,1578,COSMOZ,鹿児島県,2282,HIRO99,鹿児島県,0,,-
DistorteD,MOON,0,,-,761,Z,鹿児島県,2030,*NANA*,鹿児島県,2208,HIRO99,鹿児島県,0,,-
DistorteD,Power of Love,0,,-,925,Z,鹿児島県,1331,*YULY*,鹿児島県,2117,INOKI!,鹿児島県,0,,-
DistorteD,So Fabulous !!,0,,-,1080,SWITCH,鹿児島県,1450,*TAKE*,鹿児島県,2345,HIRO99,鹿児島県,0,,-
DistorteD,Sun Field,0,,-,523,Z,鹿児島県,1378,7932CK,鹿児島県,2425,SACHI,鹿児島県,0,,-
DistorteD,The Dirty of Loudness,0,,-,1306,IKESAN,鹿児島県,2099,SWITCH,鹿児島県,2574,LAZYAF,鹿児島県,0,,-
DistorteD,This is Love,0,,-,891,*YULY*,鹿児島県,1619,*YULY*,鹿児島県,2428,R.I.P,鹿児島県,0,,-
DistorteD,tripping contact(teranoid&MC Natsack Remix),0,,-,1009,Z,鹿児島県,1615,SEKKEN,鹿児島県,2473,HIRO99,鹿児島県,0,,-
DistorteD,TYPE MARS(G-Style Mix),0,,-,959,Z,鹿児島県,1577,D.O.G.,鹿児島県,2390,HIRO99,鹿児島県,0,,-
DistorteD,waxing and wanding,0,,-,1289,ALICE,鹿児島県,1905,MEIYA.,鹿児島県,2862,HIRO99,鹿児島県,3903,HIRO99,鹿児島県
DistorteD,Why did you go away,590,Z,鹿児島県,997,Z,鹿児島県,1633,NICOLE,鹿児島県,2316,HIRO99,鹿児島県,0,,-
DistorteD,WISH(EUROBEAT MIX),0,,-,918,Z,鹿児島県,1471,HAKU*,鹿児島県,1960,SACHI,鹿児島県,0,,-
DistorteD,with you…,0,,-,711,Z,鹿児島県,1037,NICOLE,鹿児島県,1772,SACHI,鹿児島県,0,,-
DistorteD,Zenius -I- vanisher,0,,-,889,Z,鹿児島県,1454,SEKKEN,鹿児島県,2375,HIRO99,鹿児島県,0,,-
DistorteD,カゴノトリ～弐式～,0,,-,998,Z,鹿児島県,1414,*YULY*,鹿児島県,2613,HIRO99,鹿児島県,0,,-
DistorteD,タシカナモノ,0,,-,837,Z,鹿児島県,1301,*YULY*,鹿児島県,1987,R.I.P,鹿児島県,0,,-
DistorteD,嘆きの樹,0,,-,1644,YUSHI,鹿児島県,2458,R.I.P,鹿児島県,3826,HIRO99,鹿児島県,0,,-
DistorteD,罠,0,,-,523,Z,鹿児島県,1394,NICOLE,鹿児島県,2440,FUSI,鹿児島県,0,,-
DistorteD,華蝶風雪,0,,-,1046,Z,鹿児島県,2009,*NANA*,鹿児島県,2871,R.I.P,鹿児島県,3959,HIRO99,鹿児島県
DistorteD,虹色,0,,-,881,Z,鹿児島県,1407,*TAKE*,鹿児島県,1851,HIRO99,鹿児島県,0,,-
GOLD,2hot2eat,0,,-,564,0000,鹿児島県,946,SEKKEN,鹿児島県,1606,SACHI,鹿児島県,0,,-
GOLD,Air Bell,0,,-,925,*YULY*,鹿児島県,1192,Z,鹿児島県,1704,POIFUL,鹿児島県,0,,-
GOLD,ANDROMEDA II,0,,-,942,*YULY*,鹿児島県,1799,NEKO*3,鹿児島県,2386,R.I.P,鹿児島県,0,,-
GOLD,Blind Justice ～Torn souls， Hurt Faiths ～,0,,-,1152,Z,鹿児島県,1911,ASIC,鹿児島県,2454,R.I.P,鹿児島県,0,,-
GOLD,Candy Galy,0,,-,1311,Z,鹿児島県,2188,YUSHI,鹿児島県,3519,HIRO99,鹿児島県,0,,-
GOLD,CaptivAte～裁き～,391,MOTOKI,鹿児島県,802,*YULY*,鹿児島県,1204,COSMOZ,鹿児島県,1759,HIRO99,鹿児島県,0,,-
GOLD,CaptivAte～誓い～,0,,-,1213,CH*IKA,鹿児島県,1912,NEKO*3,鹿児島県,2199,N,鹿児島県,0,,-
GOLD,CROSSROAD ～Left Story～,0,,-,994,Z,鹿児島県,1707,HAKU*,鹿児島県,2176,N,鹿児島県,0,,-
GOLD,Cyber Force,0,,-,1186,*YULY*,鹿児島県,1644,NICOLE,鹿児島県,2285,R.I.P,鹿児島県,0,,-
GOLD,Fascination MAXX,0,,-,820,TEMARI,鹿児島県,1646,HIRO99,鹿児島県,2377,HIRO99,鹿児島県,0,,-
GOLD,FIRE FIRE,538,MOTOKI,鹿児島県,1085,MASA,鹿児島県,1746,SACHI,鹿児島県,2743,HIRO99,鹿児島県,0,,-
GOLD,four-leaf,0,,-,711,Z,鹿児島県,1164,7932CK,鹿児島県,1700,HIRO99,鹿児島県,0,,-
GOLD,GOLD RUSH,504,MOTOKI,鹿児島県,1083,*YULY*,鹿児島県,1331,YORA,鹿児島県,2360,HIRO99,鹿児島県,0,,-
GOLD,GRID KNIGHT,0,,-,767,*YULY*,鹿児島県,1805,SWITCH,鹿児島県,2548,TEMARI,鹿児島県,3455,HIRO99,鹿児島県
GOLD,heaven above,0,,-,759,Z,鹿児島県,1157,*YULY*,鹿児島県,1834,SACHI,鹿児島県,0,,-
GOLD,High School Love,385,MOTOKI,鹿児島県,798,Z,鹿児島県,1447,HAKU*,鹿児島県,2188,INOKI!,鹿児島県,0,,-
GOLD,INORI,0,,-,1368,ALICE,鹿児島県,2379,HIYOKO,鹿児島県,3163,HIRO99,鹿児島県,0,,-
GOLD,KAMAITACHI,0,,-,1108,CH*IKA,鹿児島県,1790,7932CK,鹿児島県,2661,INOKI!,鹿児島県,3689,HIRO99,鹿児島県
GOLD,LASER CRUSTER,0,,-,1382,NEKO*3,鹿児島県,2318,39JO,鹿児島県,3216,HIRO99,鹿児島県,0,,-
GOLD,Love Again...,0,,-,526,Z,鹿児島県,740,*YULY*,鹿児島県,1063,FUSI,鹿児島県,0,,-
GOLD,Make Me Your Own,0,,-,813,*YULY*,鹿児島県,1148,Z,鹿児島県,2106,SACHI,鹿児島県,0,,-
GOLD,METALLIC MIND,0,,-,808,*YULY*,鹿児島県,1233,7932CK,鹿児島県,1621,SACHI,鹿児島県,0,,-
GOLD,never…,0,,-,778,*YULY*,鹿児島県,1282,HAKU*,鹿児島県,1758,NEKO*3,鹿児島県,0,,-
GOLD,op.31 叙情,0,,-,549,LAZYAF,鹿児島県,1183,ASIC,鹿児島県,1473,SUMIRE,鹿児島県,0,,-
GOLD,PHOTONGENIC,0,,-,1150,NICOLE,鹿児島県,1865,NEKO*3,鹿児島県,2198,*NANA*,鹿児島県,0,,-
GOLD,Roulette,0,,-,842,Z,鹿児島県,1299,NICOLE,鹿児島県,2086,R.I.P,鹿児島県,0,,-
GOLD,Second Heaven,213,MOTOKI,鹿児島県,922,*YULY*,鹿児島県,1467,HAKU*,鹿児島県,2100,HIRO99,鹿児島県,0,,-
GOLD,Sense 2007,0,,-,1384,0000,鹿児島県,2084,R.I.P,鹿児島県,2939,HIRO99,鹿児島県,0,,-
GOLD,smile,0,,-,1205,TIXXXX,鹿児島県,2009,SWITCH,鹿児島県,2882,HIRO99,鹿児島県,0,,-
GOLD,snow storm,231,MOTOKI,鹿児島県,752,Z,鹿児島県,2177,NEKO*3,鹿児島県,2779,HIRO99,鹿児島県,3385,HIRO99,鹿児島県
GOLD,the shadow,0,,-,1161,MASA,鹿児島県,2008,NEKO*3,鹿児島県,2872,SACHI,鹿児島県,0,,-
GOLD,The Smile of You,0,,-,833,Z,鹿児島県,1270,HAKU*,鹿児島県,1624,HIRO99,鹿児島県,0,,-
GOLD,TRANOID,0,,-,703,*YULY*,鹿児島県,1433,MAT2BI,鹿児島県,2097,R.I.P,鹿児島県,2906,LAZYAF,鹿児島県
GOLD,VANESSA,0,,-,1021,AHOY!,鹿児島県,1824,HIRO99,鹿児島県,2407,HIRO99,鹿児島県,3334,HIRO99,鹿児島県
GOLD,Watch out!!,0,,-,685,*YULY*,鹿児島県,895,0000,鹿児島県,1567,HIRO99,鹿児島県,0,,-
GOLD,With your Smile,0,,-,694,*YULY*,鹿児島県,1135,HAKU*,鹿児島県,1568,INOKI!,鹿児島県,0,,-
GOLD,クルクル☆ラブ～Opioid Peptide MIX～,395,MOTOKI,鹿児島県,898,Z,鹿児島県,1305,SEINA.,鹿児島県,2248,HIRO99,鹿児島県,0,,-
GOLD,ヨシダさん,0,,-,845,Z,鹿児島県,1344,*YULY*,鹿児島県,1957,SACHI,鹿児島県,0,,-
GOLD,リグレット,0,,-,1188,Z,鹿児島県,1678,NEKO*3,鹿児島県,2426,HIRO99,鹿児島県,0,,-
GOLD,星をこの手に,0,,-,1059,Z,鹿児島県,1578,SEKKEN,鹿児島県,2175,HIRO99,鹿児島県,0,,-
GOLD,花吹雪 ～ IIDX LIMITED ～,0,,-,679,Z,鹿児島県,1044,SEKKEN,鹿児島県,1413,SACHI,鹿児島県,0,,-
GOLD,零 - ZERO -,217,MOTOKI,鹿児島県,1143,*YULY*,鹿児島県,1630,*YULY*,鹿児島県,2248,R.I.P,鹿児島県,2689,SUMIRE,鹿児島県
GOLD,電人、暁に斃れる。,614,Z,鹿児島県,1299,*YULY*,鹿児島県,2118,ALICE,鹿児島県,3366,HIRO99,鹿児島県,0,,-
DJ TROOPERS,2 tribe 4 K,0,,-,799,Z,鹿児島県,1222,SEKKEN,鹿児島県,2762,HIRO99,鹿児島県,0,,-
DJ TROOPERS,"Anisakis -somatic mutation type""Forza""-",0,,-,1145,*YULY*,鹿児島県,1937,COSMOZ,鹿児島県,2807,SACHI,鹿児島県,3754,HIRO99,鹿児島県
DJ TROOPERS,avant-guerre,0,,-,684,*YULY*,鹿児島県,1193,SEKKEN,鹿児島県,1852,R.I.P,鹿児島県,0,,-
DJ TROOPERS,Be OK,0,,-,918,*YULY*,鹿児島県,1610,COSMOZ,鹿児島県,2408,HIRO99,鹿児島県,3169,R.I.P,鹿児島県
DJ TROOPERS,beatonic nation,0,,-,1078,Z,鹿児島県,1698,NICOLE,鹿児島県,2111,R.I.P,鹿児島県,0,,-
DJ TROOPERS,Blue Rain,331,MOTOKI,鹿児島県,955,*YULY*,鹿児島県,1444,HAKU*,鹿児島県,2235,HIRO99,鹿児島県,3269,HIRO99,鹿児島県
DJ TROOPERS,Darling my LUV,0,,-,613,Z,鹿児島県,944,HAKU*,鹿児島県,1372,FUSI,鹿児島県,0,,-
DJ TROOPERS,Dazzlin' Darlin,336,MOTOKI,鹿児島県,878,*YULY*,鹿児島県,1326,NICOLE,鹿児島県,2220,INOKI!,鹿児島県,0,,-
DJ TROOPERS,Digitank System,0,,-,803,*YULY*,鹿児島県,1528,TEMARI,鹿児島県,2081,SACHI,鹿児島県,0,,-
DJ TROOPERS,Do it!! Do it!!,0,,-,852,IKESAN,鹿児島県,1267,SEKKEN,鹿児島県,1900,HIRO99,鹿児島県,2380,HIRO99,鹿児島県
DJ TROOPERS,end of world,0,,-,952,*YULY*,鹿児島県,1597,COSMOZ,鹿児島県,2399,SUQNE*,鹿児島県,0,,-
DJ TROOPERS,evergreen,0,,-,939,MASA,鹿児島県,1299,ALICE,鹿児島県,1922,SACHI,鹿児島県,0,,-
DJ TROOPERS,four pieces of heaven,0,,-,779,Z,鹿児島県,1494,TOMO,鹿児島県,2255,LAZYAF,鹿児島県,2840,LAZYAF,鹿児島県
DJ TROOPERS,Freeway Shuffle,333,MOTOKI,鹿児島県,771,*YULY*,鹿児島県,1051,*YULY*,鹿児島県,1864,SACHI,鹿児島県,0,,-
DJ TROOPERS,ICARUS,0,,-,1094,*YULY*,鹿児島県,1964,SACHI,鹿児島県,2462,HIRO99,鹿児島県,3583,HIRO99,鹿児島県
DJ TROOPERS,in the Sky,0,,-,1312,NICOLE,鹿児島県,2036,NEKO*3,鹿児島県,2531,HIRO99,鹿児島県,0,,-
DJ TROOPERS,Kick Out 仮面,0,,-,1109,Z,鹿児島県,1493,AHOY!,鹿児島県,2017,R.I.P,鹿児島県,0,,-
DJ TROOPERS,LOVELY STORM,0,,-,1091,Z,鹿児島県,2043,COSMOZ,鹿児島県,2671,ALICE,鹿児島県,0,,-
DJ TROOPERS,madrugada,0,,-,644,Z,鹿児島県,1124,NICOLE,鹿児島県,1847,HIRO99,鹿児島県,0,,-
DJ TROOPERS,MAX LOVE,0,,-,1370,*YULY*,鹿児島県,2002,MUMU,鹿児島県,2667,HIRO99,鹿児島県,0,,-
DJ TROOPERS,MENDES,0,,-,1060,AHOY!,鹿児島県,2366,4DA968,鹿児島県,3509,HIRO99,鹿児島県,0,,-
DJ TROOPERS,MENTAL MELTDOWN,0,,-,992,O9DQ,鹿児島県,1968,M4T5H,鹿児島県,2752,HIRO99,鹿児島県,0,,-
DJ TROOPERS,NEW GENERATION -もう、お前しか見えない-,0,,-,915,Z,鹿児島県,1492,KOU,鹿児島県,2537,R.I.P,鹿児島県,3603,HIRO99,鹿児島県
DJ TROOPERS,oratio,0,,-,1270,Z,鹿児島県,1933,SWITCH,鹿児島県,2919,SACHI,鹿児島県,0,,-
DJ TROOPERS,PARANOiA ～HADES～,0,,-,1014,0000,鹿児島県,1797,HIRO99,鹿児島県,2679,HIRO99,鹿児島県,0,,-
DJ TROOPERS,PROMISE FOR LIFE,0,,-,545,Z,鹿児島県,1479,HAKU*,鹿児島県,1747,R.I.P,鹿児島県,0,,-
DJ TROOPERS,REMINISCENCE,0,,-,1124,Z,鹿児島県,1624,AHOY!,鹿児島県,2339,HIRO99,鹿児島県,0,,-
DJ TROOPERS,Rising in the Sun(original mix),0,,-,873,0000,鹿児島県,1507,SEKKEN,鹿児島県,2326,HIRO99,鹿児島県,0,,-
DJ TROOPERS,Ristaccia,0,,-,1051,Z,鹿児島県,1832,SWITCH,鹿児島県,2735,HIRO99,鹿児島県,0,,-
DJ TROOPERS,"satellite020712 from ""CODED ARMS""",0,,-,1061,Z,鹿児島県,1720,7932CK,鹿児島県,2513,SACHI,鹿児島県,0,,-
DJ TROOPERS,satfinal,0,,-,967,Z,鹿児島県,1317,NICOLE,鹿児島県,1902,R.I.P,鹿児島県,0,,-
DJ TROOPERS,scar in the earth,0,,-,630,*YULY*,鹿児島県,936,Z,鹿児島県,1495,N,鹿児島県,0,,-
DJ TROOPERS,SOUND OF GIALLARHORN,479,MOTOKI,鹿児島県,1171,Z,鹿児島県,2448,7932CK,鹿児島県,3195,R.I.P,鹿児島県,0,,-
DJ TROOPERS,State Of The Art,0,,-,962,Z,鹿児島県,1431,NEKO*3,鹿児島県,2968,39JO,鹿児島県,0,,-
DJ TROOPERS,STEEL NEEDLE,0,,-,1017,*YULY*,鹿児島県,1951,NISIDA,鹿児島県,2489,HIRO99,鹿児島県,3206,HIRO99,鹿児島県
DJ TROOPERS,switch,0,,-,749,Z,鹿児島県,1331,AHOY!,鹿児島県,2085,HIRO99,鹿児島県,0,,-
DJ TROOPERS,THE DEEP STRIKER,491,MOTOKI,鹿児島県,929,Z,鹿児島県,2001,*TAKE*,鹿児島県,2978,HIRO99,鹿児島県,3484,HIRO99,鹿児島県
DJ TROOPERS,the trigger of innocence,0,,-,804,Z,鹿児島県,1073,T-DAK,鹿児島県,1830,N,鹿児島県,3059,R.I.P,鹿児島県
DJ TROOPERS,Time to Air,0,,-,1025,Z,鹿児島県,1992,AKL,鹿児島県,2817,R.I.P,鹿児島県,3576,HIRO99,鹿児島県
DJ TROOPERS,TRIP MACHINE PhoeniX,0,,-,529,Z,鹿児島県,1424,TOMO,鹿児島県,1819,HIRO99,鹿児島県,0,,-
DJ TROOPERS,TROOPERS,0,,-,1162,*YULY*,鹿児島県,2156,MEIYA.,鹿児島県,2943,HIRO99,鹿児島県,0,,-
DJ TROOPERS,Ubertreffen,0,,-,941,Z,鹿児島県,1734,7932CK,鹿児島県,2499,HIRO99,鹿児島県,3205,LAZYAF,鹿児島県
DJ TROOPERS,Wanna Party?,0,,-,728,*YULY*,鹿児島県,1087,HAKU*,鹿児島県,1515,SACHI,鹿児島県,2586,LAZYAF,鹿児島県
DJ TROOPERS,エコ爺,335,MOTOKI,鹿児島県,796,*YULY*,鹿児島県,1249,*YULY*,鹿児島県,1778,ALICE,鹿児島県,0,,-
DJ TROOPERS,マチ子の唄,0,,-,726,Z,鹿児島県,1251,*YULY*,鹿児島県,1791,SACHI,鹿児島県,0,,-
DJ TROOPERS,ミラージュ・レジデンス,0,,-,1045,Z,鹿児島県,2038,NEKO*3,鹿児島県,2619,HIRO99,鹿児島県,3233,HIRO99,鹿児島県
DJ TROOPERS,少年A,0,,-,1011,Z,鹿児島県,1782,MAT2BI,鹿児島県,2790,HIRO99,鹿児島県,0,,-
DJ TROOPERS,華爛漫 -Flowers-,324,MOTOKI,鹿児島県,959,*YULY*,鹿児島県,1476,HAKU*,鹿児島県,2046,HIRO99,鹿児島県,3139,HIRO99,鹿児島県
DJ TROOPERS,走馬灯 -The Last Song-,0,,-,455,MOTOKI,鹿児島県,885,*YULY*,鹿児島県,1298,CHIKIN,鹿児島県,0,,-
DJ TROOPERS,高高度降下低高度開傘,0,,-,853,0000,鹿児島県,1237,Z,鹿児島県,1968,SACHI,鹿児島県,0,,-
EMPRESS,3y3s,518,MOTOKI,鹿児島県,1387,NICOLE,鹿児島県,2371,ALICE,鹿児島県,3442,HIRO99,鹿児島県,0,,-
EMPRESS,ALL I NEED YOUR LOVE,0,,-,1026,*YULY*,鹿児島県,1539,MUMU,鹿児島県,2105,SACHI,鹿児島県,0,,-
EMPRESS,ALL MY TURN -このターンに、オレの全てを賭ける-,0,,-,921,Z,鹿児島県,1603,AHOY!,鹿児島県,2505,R.I.P,鹿児島県,0,,-
EMPRESS,Arabian Rave Night,0,,-,1094,Z,鹿児島県,2103,NEKO*3,鹿児島県,2935,HIRO99,鹿児島県,3624,HIRO99,鹿児島県
EMPRESS,B4U(BEMANI FOR YOU MIX),0,,-,1076,Z,鹿児島県,2040,YUINA,鹿児島県,3534,HIRO99,鹿児島県,4463,HIRO99,鹿児島県
EMPRESS,Bahram Attack-猫叉Master Remix-,0,,-,977,Z,鹿児島県,1857,*NANA*,鹿児島県,2579,SACHI,鹿児島県,3158,SUMIRE,鹿児島県
EMPRESS,BITTER CHOCOLATE STRIKER,0,,-,932,Z,鹿児島県,2240,INOKI!,鹿児島県,3892,HIRO99,鹿児島県,0,,-
EMPRESS,BRIDAL FESTIVAL !!!,0,,-,870,Z,鹿児島県,1446,NEKO*3,鹿児島県,2090,NEKO*3,鹿児島県,0,,-
EMPRESS,CaptivAte2～覚醒～,240,MOTOKI,鹿児島県,950,Z,鹿児島県,1616,COSMOZ,鹿児島県,2288,POIFUL,鹿児島県,0,,-
EMPRESS,Colorful Cookie,628,Z,鹿児島県,1093,*YULY*,鹿児島県,2197,NEKO*3,鹿児島県,3470,HIRO99,鹿児島県,0,,-
EMPRESS,Cyber Force -DJ Yoshitaka Remix-,0,,-,982,Z,鹿児島県,1679,COSMOZ,鹿児島県,2481,R.I.P,鹿児島県,0,,-
EMPRESS,Flash Back 90's,0,,-,828,Z,鹿児島県,1672,SEKKEN,鹿児島県,2308,SACHI,鹿児島県,2874,HIRO99,鹿児島県
EMPRESS,Fly Above,0,,-,897,Z,鹿児島県,1586,HAKU*,鹿児島県,2022,INOKI!,鹿児島県,0,,-
EMPRESS,Go Beyond!!,527,0000,鹿児島県,829,Z,鹿児島県,1650,*NANA*,鹿児島県,2173,HIRO99,鹿児島県,0,,-
EMPRESS,HYPERION,0,,-,995,Z,鹿児島県,1490,SEKKEN,鹿児島県,2626,TEMARI,鹿児島県,0,,-
EMPRESS,I'm Screaming LOVE,0,,-,584,Z,鹿児島県,1194,SIGURE,鹿児島県,1694,R.I.P,鹿児島県,0,,-
EMPRESS,Jack,0,,-,891,*YULY*,鹿児島県,1348,SEKKEN,鹿児島県,2140,HIRO99,鹿児島県,0,,-
EMPRESS,Just a Little Smile,0,,-,750,*YULY*,鹿児島県,1206,NEKO*3,鹿児島県,2441,HIRO99,鹿児島県,0,,-
EMPRESS,Kung-fu Empire,0,,-,1294,Z,鹿児島県,2369,AHOY!,鹿児島県,3225,HIRO99,鹿児島県,3891,HIRO99,鹿児島県
EMPRESS,Marie Antoinette,0,,-,987,*YULY*,鹿児島県,1636,0000,鹿児島県,2542,HIRO99,鹿児島県,3120,HIRO99,鹿児島県
EMPRESS,Mind Mapping,490,MOTOKI,鹿児島県,814,*YULY*,鹿児島県,1168,M0NRAL,鹿児島県,1800,POIFUL,鹿児島県,2194,R.I.P,鹿児島県
EMPRESS,Monkey Dance '09,0,,-,788,Z,鹿児島県,1599,7932CK,鹿児島県,2218,R.I.P,鹿児島県,0,,-
EMPRESS,naughty girl@Queen's Palace,0,,-,813,*YULY*,鹿児島県,1597,NEKO*3,鹿児島県,2117,HIRO99,鹿児島県,2643,HIRO99,鹿児島県
EMPRESS,neogenesis,0,,-,940,*YULY*,鹿児島県,1271,MASA,鹿児島県,1689,R.I.P,鹿児島県,2258,R.I.P,鹿児島県
EMPRESS,NΦ CRIME,284,MOTOKI,鹿児島県,765,Z,鹿児島県,1263,Z,鹿児島県,1834,N,鹿児島県,2377,SACHI,鹿児島県
EMPRESS,Programmed World,0,,-,886,*YULY*,鹿児島県,1401,JACK,鹿児島県,2284,HIRO99,鹿児島県,0,,-
EMPRESS,Punch Love 仮面,0,,-,1010,Z,鹿児島県,1507,NICOLE,鹿児島県,2497,SACHI,鹿児島県,3214,HIRO99,鹿児島県
EMPRESS,Queen's Tragedy,0,,-,791,Z,鹿児島県,1453,MUMU,鹿児島県,2175,R.I.P,鹿児島県,0,,-
EMPRESS,Secrets,0,,-,1089,Z,鹿児島県,2153,HAKU*,鹿児島県,3118,INOKI!,鹿児島県,4035,HIRO99,鹿児島県
EMPRESS,smooooch・∀・,388,MOTOKI,鹿児島県,802,*YULY*,鹿児島県,1558,7932CK,鹿児島県,2102,FUSI,鹿児島県,2739,LAZYAF,鹿児島県
EMPRESS,SOLITON BEAM,0,,-,1082,Z,鹿児島県,1727,NICOLE,鹿児島県,2347,HIRO99,鹿児島県,0,,-
EMPRESS,THANK YOU FOR PLAYING,0,,-,748,Z,鹿児島県,1489,SEKKEN,鹿児島県,2078,R.I.P,鹿児島県,2945,HIRO99,鹿児島県
EMPRESS,THE SHINING POLARIS(kors k mix),0,,-,1099,Z,鹿児島県,1838,TOMO,鹿児島県,3160,HIRO99,鹿児島県,0,,-
EMPRESS,thunder HOUSE NATION Remix,0,,-,997,Z,鹿児島県,1448,NICOLE,鹿児島県,2403,R.I.P,鹿児島県,3861,HIRO99,鹿児島県
EMPRESS,Turii ～Panta rhei～,352,MOTOKI,鹿児島県,849,*YULY*,鹿児島県,1887,NICOLE,鹿児島県,2671,HIRO99,鹿児島県,0,,-
EMPRESS,V2,738,MOTOKI,鹿児島県,1363,M0NRAL,鹿児島県,3009,39JO,鹿児島県,3506,HIRO99,鹿児島県,0,,-
EMPRESS,Y&Co. is dead or alive,0,,-,980,*YULY*,鹿児島県,1662,UNAGI*,鹿児島県,2741,HIRO99,鹿児島県,0,,-
EMPRESS,"You'll say ""Now!""",0,,-,941,Z,鹿児島県,1587,MEIZEE,鹿児島県,2445,HIRO99,鹿児島県,0,,-
EMPRESS,まほろば,0,,-,723,Z,鹿児島県,1388,NEKO*3,鹿児島県,2015,R.I.P,鹿児島県,0,,-
EMPRESS,ハリツヤランデヴー,0,,-,879,Z,鹿児島県,1934,SEKKEN,鹿児島県,2471,SACHI,鹿児島県,0,,-
EMPRESS,ミッドナイト堕天使,0,,-,891,Z,鹿児島県,1293,M0NRAL,鹿児島県,2764,HIRO99,鹿児島県,0,,-
EMPRESS,不沈艦CANDY,567,Z,鹿児島県,1108,*YULY*,鹿児島県,1694,IKESAN,鹿児島県,3249,HIRO99,鹿児島県,0,,-
EMPRESS,凛として咲く花の如く,383,MOTOKI,鹿児島県,1252,NICOLE,鹿児島県,2015,HAKU*,鹿児島県,2786,HIRO99,鹿児島県,3162,HIRO99,鹿児島県
EMPRESS,卑弥呼,0,,-,1138,*YULY*,鹿児島県,2689,HIRO99,鹿児島県,3873,HIRO99,鹿児島県,0,,-
EMPRESS,天空脳番長危機十六連打,0,,-,907,Z,鹿児島県,1944,ALICE,鹿児島県,2520,R.I.P,鹿児島県,0,,-
EMPRESS,山岡晃の「クイズ！家事都合！」,0,,-,656,*YULY*,鹿児島県,1196,SIGURE,鹿児島県,2005,R.I.P,鹿児島県,0,,-
EMPRESS,翼,0,,-,863,*YULY*,鹿児島県,1443,*YULY*,鹿児島県,1958,HIRO99,鹿児島県,2466,R.I.P,鹿児島県
EMPRESS,鉄甲乙女-under the steel-,0,,-,901,*YULY*,鹿児島県,1577,SWITCH,鹿児島県,2177,HIRO99,鹿児島県,0,,-
SIRIUS,AIR RAID FROM THA UNDAGROUND,532,MOTOKI,鹿児島県,1031,Z,鹿児島県,1514,SEKKEN,鹿児島県,2268,R.I.P,鹿児島県,2969,HIRO99,鹿児島県
SIRIUS,Almagest,0,,-,979,NISIDA,鹿児島県,2106,TEMARI,鹿児島県,3035,HIRO99,鹿児島県,0,,-
SIRIUS,Bad Maniacs,0,,-,1116,*YULY*,鹿児島県,1797,39JO,鹿児島県,3171,HIRO99,鹿児島県,0,,-
SIRIUS,bass 2 bass,273,MOTOKI,鹿児島県,701,*YULY*,鹿児島県,1215,*YULY*,鹿児島県,1881,HIRO99,鹿児島県,0,,-
SIRIUS,beatchic☆仮面～好き、でいさせて～,0,,-,978,*YULY*,鹿児島県,1487,KEN320,鹿児島県,2000,R.I.P,鹿児島県,0,,-
SIRIUS,BEAUTIFUL ANGEL,0,,-,594,Z,鹿児島県,1692,COSMOZ,鹿児島県,2433,R.I.P,鹿児島県,0,,-
SIRIUS,being torn the sky,0,,-,639,SWITCH,鹿児島県,1170,HAKU*,鹿児島県,1953,SUQNE*,鹿児島県,0,,-
SIRIUS,bloomin' feeling,387,MOTOKI,鹿児島県,1244,NICOLE,鹿児島県,1942,FUSI,鹿児島県,2595,HIRO99,鹿児島県,0,,-
SIRIUS,CaptivAte～裁き～(SUBLIME TECHNO MIX),0,,-,871,Z,鹿児島県,1543,AHOY!,鹿児島県,2389,R.I.P,鹿児島県,0,,-
SIRIUS,D,0,,-,1125,IVANKO,鹿児島県,1694,*TAKE*,鹿児島県,2458,LAZYAF,鹿児島県,0,,-
SIRIUS,DAWN -THE NEXT ENDEAVOUR-,0,,-,1603,NICOLE,鹿児島県,2543,HAKU*,鹿児島県,3076,R.I.P,鹿児島県,0,,-
SIRIUS,Dazzlin' Darlin-秋葉工房mix-,0,,-,724,Z,鹿児島県,1397,COSMOZ,鹿児島県,2049,SUQNE*,鹿児島県,0,,-
SIRIUS,DESIRE,0,,-,853,Z,鹿児島県,1746,AHOY!,鹿児島県,2773,TEMARI,鹿児島県,0,,-
SIRIUS,Do Back Burn,0,,-,676,0000,鹿児島県,1261,*YULY*,鹿児島県,2101,HIRO99,鹿児島県,0,,-
SIRIUS,DOMINION,0,,-,925,Z,鹿児島県,2175,MEIYA.,鹿児島県,3208,HIRO99,鹿児島県,0,,-
SIRIUS,DROP,0,,-,809,*YULY*,鹿児島県,1900,COSMOZ,鹿児島県,2623,HIRO99,鹿児島県,0,,-
SIRIUS,Elisha,405,MOTOKI,鹿児島県,867,7932CK,鹿児島県,1403,ALICE,鹿児島県,2222,R.I.P,鹿児島県,0,,-
SIRIUS,Empire State Glory,0,,-,1057,*YULY*,鹿児島県,1787,NEKO*3,鹿児島県,2583,R.I.P,鹿児島県,0,,-
SIRIUS,eRAseRmOToRpHAntOM,0,,-,1294,SEINA.,鹿児島県,2062,NICOLE,鹿児島県,3260,HIRO99,鹿児島県,0,,-
SIRIUS,Evans,595,873AN7,鹿児島県,1181,M0NRAL,鹿児島県,2115,39JO,鹿児島県,2785,HIRO99,鹿児島県,0,,-
SIRIUS,EXUSIA,0,,-,1050,O9DQ,鹿児島県,2272,SWITCH,鹿児島県,3831,HIRO99,鹿児島県,0,,-
SIRIUS,G59,0,,-,1616,IKESAN,鹿児島県,2167,ALICE,鹿児島県,3849,HIRO99,鹿児島県,0,,-
SIRIUS,GALGALIM,0,,-,1201,Z,鹿児島県,1657,T-DAK,鹿児島県,2281,R.I.P,鹿児島県,0,,-
SIRIUS,GOLDEN CROSS,0,,-,1028,*YULY*,鹿児島県,2123,SACHI,鹿児島県,3435,HIRO99,鹿児島県,0,,-
SIRIUS,Hydrogen Blueback,0,,-,939,Z,鹿児島県,1492,NICOLE,鹿児島県,2274,SACHI,鹿児島県,2375,HIRO99,鹿児島県
SIRIUS,IN THE NAME OF LOVE,505,Z,鹿児島県,672,Z,鹿児島県,1227,NICOLE,鹿児島県,1913,SACHI,鹿児島県,0,,-
SIRIUS,Keep it-秋葉工房mix-,0,,-,973,*YULY*,鹿児島県,1519,COSMOZ,鹿児島県,1838,SACHI,鹿児島県,0,,-
SIRIUS,Last Burning,0,,-,788,Z,鹿児島県,1434,*YULY*,鹿児島県,2335,R.I.P,鹿児島県,0,,-
SIRIUS,Light Shine,0,,-,730,Z,鹿児島県,1098,SUQNE*,鹿児島県,1930,R.I.P,鹿児島県,0,,-
SIRIUS,MIRACLE MEETS,0,,-,829,Z,鹿児島県,1525,NEKO*3,鹿児島県,2203,SACHI,鹿児島県,0,,-
SIRIUS,mosaic,0,,-,1396,NICOLE,鹿児島県,2005,MEIYA.,鹿児島県,3006,HIRO99,鹿児島県,0,,-
SIRIUS,NEW SENSATION -もう、あなたしか見えない-,0,,-,1093,O9DQ,鹿児島県,1982,MEIYA.,鹿児島県,2628,R.I.P,鹿児島県,0,,-
SIRIUS,NoN-Fiction Story!,0,,-,670,Z,鹿児島県,1278,*YULY*,鹿児島県,2172,R.I.P,鹿児島県,0,,-
SIRIUS,Programmed Sun,0,,-,1015,MASA,鹿児島県,1746,NEKO*3,鹿児島県,2504,R.I.P,鹿児島県,0,,-
SIRIUS,quell～the seventh slave～,0,,-,921,*YULY*,鹿児島県,1567,56NYAN,鹿児島県,3122,HIRO99,鹿児島県,0,,-
SIRIUS,Raison d'etre～交差する宿命～,0,,-,1072,Z,鹿児島県,2134,PLUMI,鹿児島県,2739,HIRO99,鹿児島県,4464,HIRO99,鹿児島県
SIRIUS,Red. by Full Metal Jacket,0,,-,933,NICOLE,鹿児島県,2072,SACHI,鹿児島県,3151,HIRO99,鹿児島県,0,,-
SIRIUS,Roots of my way!,0,,-,828,Z,鹿児島県,1316,NEKO*3,鹿児島県,2032,HIRO99,鹿児島県,0,,-
SIRIUS,Session 1 -Genesis-,0,,-,757,Z,鹿児島県,1319,IVANKO,鹿児島県,2410,HIRO99,鹿児島県,0,,-
SIRIUS,She is my wife,391,MOTOKI,鹿児島県,534,Z,鹿児島県,1246,YUSHI,鹿児島県,1933,R.I.P,鹿児島県,0,,-
SIRIUS,SOLID STATE SQUAD,0,,-,911,Z,鹿児島県,1803,SHILVA,鹿児島県,3544,HIRO99,鹿児島県,3584,HIRO99,鹿児島県
SIRIUS,Sorrows,0,,-,726,Z,鹿児島県,1644,SUQNE*,鹿児島県,2442,FUSI,鹿児島県,0,,-
SIRIUS,Special One,0,,-,738,Z,鹿児島県,1098,*YULY*,鹿児島県,1752,SACHI,鹿児島県,0,,-
SIRIUS,THE LAST STRIKER,0,,-,1274,CH*IKA,鹿児島県,1799,AHOY!,鹿児島県,2582,R.I.P,鹿児島県,0,,-
SIRIUS,The Story Begins,0,,-,757,Z,鹿児島県,1656,OITAN,鹿児島県,2421,HIRO99,鹿児島県,0,,-
SIRIUS,かずあそび,0,,-,486,Z,鹿児島県,1143,*YULY*,鹿児島県,1671,YAMITA,鹿児島県,0,,-
SIRIUS,たからもの,0,,-,1165,SEINA.,鹿児島県,1768,NICOLE,鹿児島県,2222,R.I.P,鹿児島県,3487,R.I.P,鹿児島県
SIRIUS,コスモス,0,,-,833,Z,鹿児島県,1467,HAKU*,鹿児島県,2085,SACHI,鹿児島県,0,,-
SIRIUS,サヨナラ・ヘヴン,358,Z,鹿児島県,871,*YULY*,鹿児島県,1311,HAKU*,鹿児島県,1664,SACHI,鹿児島県,2159,HIRO99,鹿児島県
SIRIUS,バビロニア,0,,-,797,*YULY*,鹿児島県,1275,Z,鹿児島県,1805,39JO,鹿児島県,0,,-
SIRIUS,ワルツ第17番 ト短調”大犬のワルツ”,0,,-,1092,7932CK,鹿児島県,2229,39JO,鹿児島県,3147,HIRO99,鹿児島県,0,,-
SIRIUS,未来のプリズム,0,,-,650,Z,鹿児島県,1195,*YULY*,鹿児島県,1749,POIFUL,鹿児島県,0,,-
SIRIUS,"水上の提督(Short mix from ""幻想水滸伝V"")",0,,-,632,Z,鹿児島県,1378,MUMU,鹿児島県,2079,HIRO99,鹿児島県,0,,-
Resort Anthem,Aegis,0,,-,751,Z,鹿児島県,1134,*YULY*,鹿児島県,2302,HIRO99,鹿児島県,0,,-
Resort Anthem,ALBIDA,497,Z,鹿児島県,1051,*YULY*,鹿児島県,1747,COSMOZ,鹿児島県,3004,HIRO99,鹿児島県,0,,-
Resort Anthem,Answer,0,,-,724,Z,鹿児島県,1226,Z,鹿児島県,2418,HIRO99,鹿児島県,0,,-
Resort Anthem,ANTHEM LANDING,0,,-,874,Z,鹿児島県,1795,D.ARK,鹿児島県,2928,HIRO99,鹿児島県,0,,-
Resort Anthem,Believe In Me,0,,-,926,Z,鹿児島県,1624,AHOY!,鹿児島県,2345,HIRO99,鹿児島県,0,,-
Resort Anthem,BLUST OF WIND,0,,-,801,*YULY*,鹿児島県,1380,SEKKEN,鹿児島県,2116,R.I.P,鹿児島県,2571,HIRO99,鹿児島県
Resort Anthem,Bounce Bounce Bounce,0,,-,967,Z,鹿児島県,1642,NEKO*3,鹿児島県,2420,HIRO99,鹿児島県,0,,-
Resort Anthem,Breaking the ground,0,,-,1121,*YULY*,鹿児島県,1651,NICOLE,鹿児島県,2515,HIRO99,鹿児島県,0,,-
Resort Anthem,Broken,0,,-,1016,Z,鹿児島県,1999,SUQNE*,鹿児島県,3142,HIRO99,鹿児島県,0,,-
Resort Anthem,BROKEN EDEN,0,,-,879,Z,鹿児島県,1612,AHOY!,鹿児島県,2333,HIRO99,鹿児島県,0,,-
Resort Anthem,Dances with Snow Fairies,0,,-,1270,NICOLE,鹿児島県,2038,MEIYA.,鹿児島県,3122,HIRO99,鹿児島県,3863,LAZYAF,鹿児島県
Resort Anthem,DAYDREAMER,0,,-,1112,*YULY*,鹿児島県,1681,NICOLE,鹿児島県,2529,HIRO99,鹿児島県,0,,-
Resort Anthem,Destiny Sword,0,,-,798,Z,鹿児島県,1584,COSMOZ,鹿児島県,2403,HIRO99,鹿児島県,0,,-
Resort Anthem,DM STAR～関西 energy style～,0,,-,997,Z,鹿児島県,1764,COSMOZ,鹿児島県,2370,INOKI!,鹿児島県,0,,-
Resort Anthem,Energy Drive,0,,-,860,*YULY*,鹿児島県,1305,COSMOZ,鹿児島県,2200,HIRO99,鹿児島県,0,,-
Resort Anthem,Eternal Tears,0,,-,417,MOTOKI,鹿児島県,1065,*YULY*,鹿児島県,1348,R.I.P,鹿児島県,0,,-
Resort Anthem,Everlasting Resort,0,,-,825,*YULY*,鹿児島県,1075,Z,鹿児島県,1891,HIRO99,鹿児島県,0,,-
Resort Anthem,Fantasia,231,MOTOKI,鹿児島県,379,MOTOKI,鹿児島県,1511,HAKU*,鹿児島県,2238,HIRO99,鹿児島県,0,,-
Resort Anthem,Golden Palms,0,,-,697,Z,鹿児島県,1293,*YULY*,鹿児島県,2008,HIRO99,鹿児島県,2395,HIRO99,鹿児島県
Resort Anthem,I FIGHT ME,0,,-,572,MOTOKI,鹿児島県,1367,*YULY*,鹿児島県,2121,HIRO99,鹿児島県,0,,-
Resort Anthem,Kailua,0,,-,502,*YULY*,鹿児島県,1321,HIYOKO,鹿児島県,2169,HIRO99,鹿児島県,0,,-
Resort Anthem,Let The Track Flow,0,,-,915,Z,鹿児島県,1482,*YULY*,鹿児島県,2658,HIRO99,鹿児島県,0,,-
Resort Anthem,Medicine of love,0,,-,608,Z,鹿児島県,992,*YULY*,鹿児島県,1722,N,鹿児島県,2473,SUMIRE,鹿児島県
Resort Anthem,Mermaid girl,553,MOTOKI,鹿児島県,955,*YULY*,鹿児島県,1615,HAKU*,鹿児島県,2213,INOKI!,鹿児島県,0,,-
Resort Anthem,Never Fade Away,0,,-,668,Z,鹿児島県,1558,NICOLE,鹿児島県,2913,TEMARI,鹿児島県,0,,-
Resort Anthem,New Castle Legions,0,,-,889,*YULY*,鹿児島県,1736,7932CK,鹿児島県,2713,HIRO99,鹿児島県,0,,-
Resort Anthem,PARADISE LOST,0,,-,1258,NATCH,鹿児島県,2153,39JO,鹿児島県,3188,HIRO99,鹿児島県,0,,-
Resort Anthem,passionate fate,0,,-,1057,MASA,鹿児島県,1602,SUQNE*,鹿児島県,2120,HIRO99,鹿児島県,0,,-
Resort Anthem,perditus†paradisus,0,,-,1154,*YULY*,鹿児島県,2325,39JO,鹿児島県,3712,HIRO99,鹿児島県,0,,-
Resort Anthem,Programmed Life,0,,-,960,Z,鹿児島県,1438,Z,鹿児島県,2333,R.I.P,鹿児島県,0,,-
Resort Anthem,reunion,533,Z,鹿児島県,1283,*YULY*,鹿児島県,2234,ALICE,鹿児島県,3183,HIRO99,鹿児島県,0,,-
Resort Anthem,Rock Da House,0,,-,794,Z,鹿児島県,1454,0000,鹿児島県,2225,HIRO99,鹿児島県,0,,-
Resort Anthem,SABER WING,0,,-,477,Z,鹿児島県,1687,NICOLE,鹿児島県,2750,POIFUL,鹿児島県,0,,-
Resort Anthem,Sakura Reflection,0,,-,451,MOTOKI,鹿児島県,1559,NEKO*3,鹿児島県,2358,HIRO99,鹿児島県,0,,-
Resort Anthem,sakura storm,0,,-,932,Z,鹿児島県,1296,NISIDA,鹿児島県,2402,HIRO99,鹿児島県,0,,-
Resort Anthem,Session 9 -Chronicles-,0,,-,710,Z,鹿児島県,2164,SWITCH,鹿児島県,3499,HIRO99,鹿児島県,0,,-
Resort Anthem,Space Time,0,,-,599,*YULY*,鹿児島県,1576,COSMOZ,鹿児島県,2146,R.I.P,鹿児島県,0,,-
Resort Anthem,SPECIAL SUMMER CAMPAIGN!,0,,-,657,Z,鹿児島県,1534,7932CK,鹿児島県,2970,HIRO99,鹿児島県,0,,-
Resort Anthem,Stay my side,0,,-,598,Z,鹿児島県,1031,HAKU*,鹿児島県,1332,N,鹿児島県,0,,-
Resort Anthem,STELLAR WIND,368,MOTOKI,鹿児島県,611,*YULY*,鹿児島県,1475,*YULY*,鹿児島県,2639,HIRO99,鹿児島県,0,,-
Resort Anthem,THE BLACK KNIGHT,0,,-,868,Z,鹿児島県,1857,AHOY!,鹿児島県,2906,HIRO99,鹿児島県,4127,FUSI,鹿児島県
Resort Anthem,THE DOOR INTO RAINBOW,0,,-,750,Z,鹿児島県,1648,NEKO*3,鹿児島県,2159,SACHI,鹿児島県,0,,-
Resort Anthem,THE FALLEN,0,,-,791,Z,鹿児島県,1478,NEKO*3,鹿児島県,2662,HIRO99,鹿児島県,0,,-
Resort Anthem,Tropical April,0,,-,1459,*YULY*,鹿児島県,2053,SHARON,鹿児島県,2734,HIRO99,鹿児島県,0,,-
Resort Anthem,Vermillion,0,,-,491,Z,鹿児島県,1137,NEKO*3,鹿児島県,1968,NEKO*3,鹿児島県,0,,-
Resort Anthem,Watch Out Pt.2,0,,-,1038,SIGURE,鹿児島県,1937,SACHI,鹿児島県,2869,HIRO99,鹿児島県,0,,-
Resort Anthem,WISE UP!,334,MOTOKI,鹿児島県,461,Z,鹿児島県,1094,HAKU*,鹿児島県,1577,R.I.P,鹿児島県,2606,HIRO99,鹿児島県
Resort Anthem,Wuv U,0,,-,393,MOTOKI,鹿児島県,1278,NEKO*3,鹿児島県,1703,HIRO99,鹿児島県,0,,-
Resort Anthem,XANADU OF TWO,0,,-,977,*YULY*,鹿児島県,1624,SEKKEN,鹿児島県,2715,SACHI,鹿児島県,3423,HIRO99,鹿児島県
Resort Anthem,ZETA～素数の世界と超越者～,321,MOTOKI,鹿児島県,532,Z,鹿児島県,2031,NEKO*3,鹿児島県,3039,LAZYAF,鹿児島県,0,,-
Resort Anthem,おおきなこえで,0,,-,418,Z,鹿児島県,927,Z,鹿児島県,1479,HIRO99,鹿児島県,2131,HIRO99,鹿児島県
Resort Anthem,かげぬい ～ Ver.BENIBOTAN ～,475,Z,鹿児島県,801,Z,鹿児島県,1249,NICOLE,鹿児島県,1921,HIRO99,鹿児島県,0,,-
Resort Anthem,中華急行,0,,-,319,HAKU*,鹿児島県,1483,HAKU*,鹿児島県,2318,HIRO99,鹿児島県,0,,-
Resort Anthem,夕焼け ～Fading Day～,0,,-,888,Z,鹿児島県,2004,N,鹿児島県,2792,HIRO99,鹿児島県,0,,-
Resort Anthem,旅人リラン,0,,-,1084,*YULY*,鹿児島県,1704,MEIZEE,鹿児島県,2594,HIRO99,鹿児島県,0,,-
Resort Anthem,灼熱Beach Side Bunny,567,NEKO*3,鹿児島県,1028,*YULY*,鹿児島県,1913,TEMARI,鹿児島県,3099,HIRO99,鹿児島県,0,,-
Resort Anthem,黒髪乱れし修羅となりて,0,,-,744,SIGURE,鹿児島県,1824,AHOY!,鹿児島県,3407,HIRO99,鹿児島県,0,,-
Lincle,24th Century BOY,0,,-,806,MASA,鹿児島県,1742,AHOY!,鹿児島県,2833,HIRO99,鹿児島県,0,,-
Lincle,532nm,0,,-,503,MOTOKI,鹿児島県,1176,NICOLE,鹿児島県,2540,TEMARI,鹿児島県,0,,-
Lincle,A MINSTREL ～ ver. short-scape ～,0,,-,525,SIGURE,鹿児島県,1406,HAKU*,鹿児島県,2328,AKL,鹿児島県,3866,HIRO99,鹿児島県
Lincle,Almace,0,,-,744,Z,鹿児島県,1239,IKESAN,鹿児島県,1972,R.I.P,鹿児島県,0,,-
Lincle,ANAGRAMS I to Y,0,,-,825,Z,鹿児島県,1592,HAKU*,鹿児島県,2455,R.I.P,鹿児島県,0,,-
Lincle,BLACK.by X-Cross Fade,0,,-,930,Z,鹿児島県,2177,HIRO99,鹿児島県,3344,HIRO99,鹿児島県,0,,-
Lincle,CALL,0,,-,353,MOTOKI,鹿児島県,789,0000,鹿児島県,1432,39JO,鹿児島県,2619,HIRO99,鹿児島県
Lincle,Castle on the Moon,238,MOTOKI,鹿児島県,626,*YULY*,鹿児島県,1519,7932CK,鹿児島県,2378,HIRO99,鹿児島県,0,,-
Lincle,Change the World,0,,-,775,Z,鹿児島県,1271,*YULY*,鹿児島県,1837,INOKI!,鹿児島県,0,,-
Lincle,DIAVOLO,0,,-,1190,*YULY*,鹿児島県,1662,0000,鹿児島県,3080,HIRO99,鹿児島県,0,,-
Lincle,Drive Me Crazy,0,,-,689,Z,鹿児島県,1377,HAKU*,鹿児島県,2274,R.I.P,鹿児島県,0,,-
Lincle,Express Emotion,0,,-,729,Z,鹿児島県,1016,NICOLE,鹿児島県,2498,R.I.P,鹿児島県,0,,-
Lincle,F,0,,-,987,Z,鹿児島県,1942,HAKU*,鹿児島県,3537,HIRO99,鹿児島県,0,,-
Lincle,Far east nightbird,355,MOTOKI,鹿児島県,493,MOTOKI,鹿児島県,1276,HAKU*,鹿児島県,2007,R.I.P,鹿児島県,0,,-
Lincle,fffff,0,,-,789,*YULY*,鹿児島県,1994,SUQNE*,鹿児島県,3115,HIRO99,鹿児島県,0,,-
Lincle,Flip Flap,264,MOTOKI,鹿児島県,548,MOTOKI,鹿児島県,1324,SUQNE*,鹿児島県,2245,HIRO99,鹿児島県,0,,-
Lincle,Follow Tomorrow,0,,-,824,Z,鹿児島県,1414,NICOLE,鹿児島県,2253,HIRO99,鹿児島県,0,,-
Lincle,GIGANT,0,,-,557,0000,鹿児島県,1095,*YULY*,鹿児島県,1738,R.I.P,鹿児島県,2818,HIRO99,鹿児島県
Lincle,HAERETICUS,0,,-,770,Z,鹿児島県,1792,ALICE,鹿児島県,2953,HIRO99,鹿児島県,0,,-
Lincle,I'm so Happy,309,MOTOKI,鹿児島県,395,Z,鹿児島県,1327,COSMOZ,鹿児島県,2335,HIRO99,鹿児島県,0,,-
Lincle,In the Blackest Den,0,,-,823,*YULY*,鹿児島県,1510,ALICE,鹿児島県,2574,HIRO99,鹿児島県,0,,-
Lincle,Infinite cave,0,,-,968,*YULY*,鹿児島県,1342,SEKKEN,鹿児島県,2049,HIRO99,鹿児島県,0,,-
Lincle,KYAMISAMA ONEGAI!,0,,-,656,YAMUTA,鹿児島県,1085,ALICE,鹿児島県,2090,SACHI,鹿児島県,3043,HIRO99,鹿児島県
Lincle,LAX5 feat.Ryota Yoshinari,0,,-,1055,*YULY*,鹿児島県,1994,IKESAN,鹿児島県,2825,HIRO99,鹿児島県,0,,-
Lincle,LETHEBOLG ～双神威に斬り咲けり～,0,,-,936,Z,鹿児島県,1542,HAKU*,鹿児島県,2202,R.I.P,鹿児島県,0,,-
Lincle,Liquid Crystal Girl feat. echo,0,,-,396,MOTOKI,鹿児島県,1086,SEKKEN,鹿児島県,1983,R.I.P,鹿児島県,0,,-
Lincle,LOVE B.B.B,0,,-,712,Z,鹿児島県,1337,NICOLE,鹿児島県,2013,HIRO99,鹿児島県,0,,-
Lincle,Lucky Days,0,,-,605,Z,鹿児島県,1404,COSMOZ,鹿児島県,2185,HIRO99,鹿児島県,0,,-
Lincle,Mermaid girl-秋葉工房 MIX-,0,,-,778,Z,鹿児島県,1273,*YULY*,鹿児島県,2048,INOKI!,鹿児島県,0,,-
Lincle,Miami Sunset Drive,0,,-,599,Z,鹿児島県,886,Z,鹿児島県,1647,R.I.P,鹿児島県,0,,-
Lincle,NNRT,0,,-,1150,M0NRAL,鹿児島県,2364,NEKO*3,鹿児島県,3473,HIRO99,鹿児島県,0,,-
Lincle,Phoenix,0,,-,805,Z,鹿児島県,985,Z,鹿児島県,2430,R.I.P,鹿児島県,3807,LAZYAF,鹿児島県
Lincle,prompt,0,,-,901,Z,鹿児島県,1552,NICOLE,鹿児島県,2774,HIRO99,鹿児島県,0,,-
Lincle,QUANTUM TELEPORTATION,0,,-,1145,*YULY*,鹿児島県,1941,T-DAK,鹿児島県,2894,SACHI,鹿児島県,3584,HIRO99,鹿児島県
Lincle,quaver♪,280,MOTOKI,鹿児島県,698,*YULY*,鹿児島県,2061,NEKO*3,鹿児島県,3414,HIRO99,鹿児島県,0,,-
Lincle,Quick Silver,0,,-,706,Z,鹿児島県,1653,*NANA*,鹿児島県,2613,R.I.P,鹿児島県,0,,-
Lincle,Release The Music,0,,-,769,Z,鹿児島県,1337,*YULY*,鹿児島県,2101,R.I.P,鹿児島県,0,,-
Lincle,RESISTANCE,0,,-,604,Z,鹿児島県,1285,HAKU*,鹿児島県,2318,R.I.P,鹿児島県,0,,-
Lincle,Round and Round,0,,-,719,INK,鹿児島県,1165,HAKU*,鹿児島県,2117,R.I.P,鹿児島県,0,,-
Lincle,SA.YO.NA.RA. SUPER STAR,0,,-,464,*YULY*,鹿児島県,1076,SIGURE,鹿児島県,1645,TEMARI,鹿児島県,0,,-
Lincle,Scharfrichter,0,,-,831,Z,鹿児島県,1541,NICOLE,鹿児島県,2886,HIRO99,鹿児島県,0,,-
Lincle,Several Words,0,,-,577,Z,鹿児島県,1307,*YULY*,鹿児島県,2154,R.I.P,鹿児島県,0,,-
Lincle,SHADE,0,,-,958,Z,鹿児島県,1986,SUQNE*,鹿児島県,2882,HIRO99,鹿児島県,0,,-
Lincle,Snake Stick,0,,-,914,O9DQ,鹿児島県,1923,TEMARI,鹿児島県,2708,HIRO99,鹿児島県,0,,-
Lincle,Snow Goose,289,MOTOKI,鹿児島県,357,MOTOKI,鹿児島県,1260,YUINA,鹿児島県,2439,HIRO99,鹿児島県,0,,-
Lincle,Star Trail,0,,-,587,Z,鹿児島県,959,Z,鹿児島県,1847,SACHI,鹿児島県,2471,FUSI,鹿児島県
Lincle,The Limbo,0,,-,1102,O9DQ,鹿児島県,1874,NEKO*3,鹿児島県,3299,HIRO99,鹿児島県,4089,LAZYAF,鹿児島県
Lincle,The Sampling Paradise,0,,-,755,Z,鹿児島県,1777,NEKO*3,鹿児島県,2996,HIRO99,鹿児島県,0,,-
Lincle,Thunderbolt,0,,-,886,O9DQ,鹿児島県,1601,AHOY!,鹿児島県,3763,HIRO99,鹿児島県,0,,-
Lincle,TITANS RETURN,313,MOTOKI,鹿児島県,624,*YULY*,鹿児島県,1286,*YULY*,鹿児島県,2482,HIRO99,鹿児島県,2565,HIRO99,鹿児島県
Lincle,Todestrieb,0,,-,1018,Z,鹿児島県,1855,ALICE,鹿児島県,3392,HIRO99,鹿児島県,0,,-
Lincle,Voxane,0,,-,556,Z,鹿児島県,1031,Z,鹿児島県,1751,HIRO99,鹿児島県,0,,-
Lincle,WONDER WALKER,0,,-,869,Z,鹿児島県,1737,AHOY!,鹿児島県,3756,HIRO99,鹿児島県,0,,-
Lincle,YAKSHA,0,,-,1142,T-DAK,鹿児島県,2035,7932CK,鹿児島県,3817,HIRO99,鹿児島県,0,,-
Lincle,yellow head joe,0,,-,689,Z,鹿児島県,1313,CH*IKA,鹿児島県,2283,HIRO99,鹿児島県,3104,HIRO99,鹿児島県
Lincle,Yellow Sunrise,0,,-,713,Z,鹿児島県,1329,*YULY*,鹿児島県,2276,R.I.P,鹿児島県,0,,-
Lincle,ビューティフルレシート,330,MOTOKI,鹿児島県,486,Z,鹿児島県,1117,IKESAN,鹿児島県,1941,HIRO99,鹿児島県,0,,-
Lincle,ユミル,0,,-,622,MOTOKI,鹿児島県,1243,*YULY*,鹿児島県,2723,R.I.P,鹿児島県,0,,-
Lincle,君のハートにロックオン,0,,-,679,*YULY*,鹿児島県,1571,NICOLE,鹿児島県,2654,HIRO99,鹿児島県,3397,HIRO99,鹿児島県
Lincle,天空の夜明け,0,,-,1284,HAKU*,鹿児島県,1835,YNS.,鹿児島県,3931,HIRO99,鹿児島県,0,,-
Lincle,子供の落書き帳,0,,-,720,Z,鹿児島県,1626,COSMOZ,鹿児島県,2587,HIRO99,鹿児島県,0,,-
Lincle,恋する☆宇宙戦争っ！！,482,Z,鹿児島県,844,Z,鹿児島県,1684,OITAN,鹿児島県,3555,HIRO99,鹿児島県,4355,HIRO99,鹿児島県
Lincle,突撃!ガラスのニーソ姫!,0,,-,603,Z,鹿児島県,1126,HAKU*,鹿児島県,2061,R.I.P,鹿児島県,0,,-
Lincle,聖人の塔,0,,-,782,X-1,鹿児島県,1735,SWITCH,鹿児島県,2994,HIRO99,鹿児島県,4226,HIRO99,鹿児島県
Lincle,蛇神,401,MOTOKI,鹿児島県,687,Z,鹿児島県,1356,SIGURE,鹿児島県,2789,HIRO99,鹿児島県,3571,LAZYAF,鹿児島県
Lincle,衰色小町メランコリア,0,,-,754,Z,鹿児島県,1304,M0NRAL,鹿児島県,2311,R.I.P,鹿児島県,0,,-
Lincle,陽炎,0,,-,591,Z,鹿児島県,1142,HAKU*,鹿児島県,1962,R.I.P,鹿児島県,0,,-
tricoro,405nm (Ryu☆mix),0,,-,819,Z,鹿児島県,1523,YUSHI,鹿児島県,2549,HIRO99,鹿児島県,0,,-
tricoro,8bit Princess,0,,-,615,Z,鹿児島県,1308,*YULY*,鹿児島県,2607,R.I.P,鹿児島県,0,,-
tricoro,Ascalon,0,,-,1064,Z,鹿児島県,1577,SIGURE,鹿児島県,2240,R.I.P,鹿児島県,0,,-
tricoro,Beastie Starter,0,,-,508,MOTOKI,鹿児島県,1092,*YULY*,鹿児島県,2141,HIRO99,鹿児島県,0,,-
tricoro,BLUE STRAGGLER,0,,-,822,*YULY*,鹿児島県,1291,*YULY*,鹿児島県,2538,SACHI,鹿児島県,0,,-
tricoro,BRAVE GLOW,0,,-,756,Z,鹿児島県,1423,SEINA.,鹿児島県,2432,R.I.P,鹿児島県,0,,-
tricoro,CONCEPTUAL,0,,-,812,*YULY*,鹿児島県,1142,NATCH,鹿児島県,2710,HIRO99,鹿児島県,0,,-
tricoro,Confiserie,0,,-,853,Z,鹿児島県,2054,39JO,鹿児島県,3469,LAZYAF,鹿児島県,0,,-
tricoro,connective,0,,-,372,MOTOKI,鹿児島県,1078,NEKO*3,鹿児島県,1570,R.I.P,鹿児島県,0,,-
tricoro,Cookie Bouquets,0,,-,847,*YULY*,鹿児島県,1977,YORA,鹿児島県,3359,LAZYAF,鹿児島県,0,,-
tricoro,DAY DREAM,0,,-,426,Z,鹿児島県,981,7932CK,鹿児島県,1957,LAZYAF,鹿児島県,0,,-
tricoro,Devilz Staircase,0,,-,606,Z,鹿児島県,1924,CLEF,鹿児島県,3234,HIRO99,鹿児島県,0,,-
tricoro,Elemental Creation,255,MOTOKI,鹿児島県,1358,CHERRY,鹿児島県,2217,ALICE,鹿児島県,3971,HIRO99,鹿児島県,0,,-
tricoro,examination leave,0,,-,1029,Z,鹿児島県,1750,IKESAN,鹿児島県,3335,HIRO99,鹿児島県,0,,-
tricoro,FLOWER,336,MOTOKI,鹿児島県,1063,*YULY*,鹿児島県,1725,NEKO*3,鹿児島県,2873,HIRO99,鹿児島県,0,,-
tricoro,Fly you to the star,0,,-,710,Z,鹿児島県,1564,NEKO*3,鹿児島県,2257,HIRO99,鹿児島県,0,,-
tricoro,GAIA,0,,-,948,Z,鹿児島県,2013,MEIYA.,鹿児島県,3269,HIRO99,鹿児島県,0,,-
tricoro,GRADIUS 2012,0,,-,816,Z,鹿児島県,1514,*TAKE*,鹿児島県,2708,HIRO99,鹿児島県,0,,-
tricoro,Hollywood Galaxy,0,,-,973,Z,鹿児島県,2014,R.I.P,鹿児島県,2672,HIRO99,鹿児島県,0,,-
tricoro,Howling,0,,-,525,Z,鹿児島県,1172,T-DAK,鹿児島県,2012,39JO,鹿児島県,2629,HIRO99,鹿児島県
tricoro,I know You know,0,,-,549,Z,鹿児島県,1136,NEKO*3,鹿児島県,1864,SACHI,鹿児島県,0,,-
tricoro,ILIAS,0,,-,787,*YULY*,鹿児島県,1185,Z,鹿児島県,2142,TEMARI,鹿児島県,0,,-
tricoro,Illegal Function Call,0,,-,921,Z,鹿児島県,1585,7932CK,鹿児島県,2481,SACHI,鹿児島県,3413,HIRO99,鹿児島県
tricoro,In Heaven,0,,-,692,Z,鹿児島県,1358,NICOLE,鹿児島県,2131,HIRO99,鹿児島県,0,,-
tricoro,JOMANDA,250,MOTOKI,鹿児島県,905,SZ.KZ*,鹿児島県,2215,MEIYA.,鹿児島県,3591,HIRO99,鹿児島県,0,,-
tricoro,Liberation,0,,-,1386,MASA,鹿児島県,2139,COSMOZ,鹿児島県,3659,HIRO99,鹿児島県,0,,-
tricoro,Light and Cyber…,0,,-,943,Z,鹿児島県,1736,EK-9,鹿児島県,2992,TEMARI,鹿児島県,0,,-
tricoro,Little Star,0,,-,910,Z,鹿児島県,1712,MEIYA.,鹿児島県,3139,HIRO99,鹿児島県,0,,-
tricoro,LUV CAN SAVE U,0,,-,541,Z,鹿児島県,1376,HAKU*,鹿児島県,2097,R.I.P,鹿児島県,2763,R.I.P,鹿児島県
tricoro,mnemoniq,0,,-,501,Z,鹿児島県,913,HAKU*,鹿児島県,1282,R.I.P,鹿児島県,0,,-
tricoro,Neonlights,0,,-,609,Z,鹿児島県,1474,NICOLE,鹿児島県,2161,R.I.P,鹿児島県,0,,-
tricoro,neu,193,MOTOKI,鹿児島県,961,*YULY*,鹿児島県,2041,LOUVRE,鹿児島県,3866,HIRO99,鹿児島県,0,,-
tricoro,New Decade IIDX Edition,263,MOTOKI,鹿児島県,905,Z,鹿児島県,1742,SEKKEN,鹿児島県,2889,TEMARI,鹿児島県,0,,-
tricoro,New Lights,0,,-,908,T-DAK,鹿児島県,1670,AHOY!,鹿児島県,2417,POIFUL,鹿児島県,0,,-
tricoro,Plan 8,0,,-,1099,SIOP,鹿児島県,2168,39JO,鹿児島県,3134,HIRO99,鹿児島県,0,,-
tricoro,planarian,0,,-,655,Z,鹿児島県,1499,SIGURE,鹿児島県,2504,R.I.P,鹿児島県,0,,-
tricoro,POINT ZERO,0,,-,657,Z,鹿児島県,1229,NEKO*3,鹿児島県,2018,R.I.P,鹿児島県,0,,-
tricoro,Präludium,0,,-,645,Z,鹿児島県,1287,NICOLE,鹿児島県,2220,R.I.P,鹿児島県,0,,-
tricoro,Proof of the existence,0,,-,993,Z,鹿児島県,1976,ALICE,鹿児島県,3133,HIRO99,鹿児島県,0,,-
tricoro,Rainbow after snow,0,,-,682,Z,鹿児島県,1433,NEKO*3,鹿児島県,2149,INOKI!,鹿児島県,0,,-
tricoro,Re:GENERATION,235,MOTOKI,鹿児島県,844,Z,鹿児島県,1403,NICOLE,鹿児島県,2219,HIRO99,鹿児島県,0,,-
tricoro,Reflection Into the EDEN,0,,-,704,Z,鹿児島県,1353,NEKO*3,鹿児島県,2101,N,鹿児島県,0,,-
tricoro,rumrum triplets,0,,-,851,Z,鹿児島県,1760,7932CK,鹿児島県,2987,HIRO99,鹿児島県,0,,-
tricoro,S!ck,0,,-,815,Z,鹿児島県,1435,COSMOZ,鹿児島県,2676,HIRO99,鹿児島県,0,,-
tricoro,Saturn,0,,-,1180,*YULY*,鹿児島県,1694,AHOY!,鹿児島県,2581,HIRO99,鹿児島県,3360,HIRO99,鹿児島県
tricoro,Shining World,0,,-,1034,Z,鹿児島県,1557,NEKO*3,鹿児島県,1934,SACHI,鹿児島県,0,,-
tricoro,SHION,0,,-,633,Z,鹿児島県,1295,HAKU*,鹿児島県,2699,HIRO99,鹿児島県,0,,-
tricoro,Sol Cosine Job 2,0,,-,966,Z,鹿児島県,1608,SEKKEN,鹿児島県,3098,HIRO99,鹿児島県,0,,-
tricoro,STULTI,0,,-,622,MOTOKI,鹿児島県,1376,AHOY!,鹿児島県,2695,HIRO99,鹿児島県,0,,-
tricoro,SYNC-ANTHEM,0,,-,847,Z,鹿児島県,2328,*NANA*,鹿児島県,3649,HIRO99,鹿児島県,0,,-
tricoro,Synergy For Angels,0,,-,833,Z,鹿児島県,1472,*YULY*,鹿児島県,2674,R.I.P,鹿児島県,0,,-
tricoro,Take My Life,0,,-,895,Z,鹿児島県,1442,SIGURE,鹿児島県,2780,TEMARI,鹿児島県,0,,-
tricoro,Thor's Hammer,0,,-,913,*YULY*,鹿児島県,1580,HAKU*,鹿児島県,2902,HIRO99,鹿児島県,0,,-
tricoro,Time To Empress,0,,-,839,Z,鹿児島県,1762,HAKU*,鹿児島県,2623,HIRO99,鹿児島県,3132,HIRO99,鹿児島県
tricoro,Timepiece phase II,0,,-,985,*YULY*,鹿児島県,2137,39JO,鹿児島県,3194,HIRO99,鹿児島県,0,,-
tricoro,Timepiece phase II (CN Ver.),0,,-,830,O9DQ,鹿児島県,1864,SACHI,鹿児島県,2932,HIRO99,鹿児島県,0,,-
tricoro,True Blue,0,,-,1001,Z,鹿児島県,2166,7932CK,鹿児島県,3736,HIRO99,鹿児島県,0,,-
tricoro,Valanga,0,,-,1289,NICOLE,鹿児島県,2110,ASIC,鹿児島県,3210,HIRO99,鹿児島県,0,,-
tricoro,VALLIS-NERIA,263,MOTOKI,鹿児島県,1118,*YULY*,鹿児島県,1959,MEIYA.,鹿児島県,2857,SACHI,鹿児島県,0,,-
tricoro,VEGA,0,,-,992,Z,鹿児島県,1903,NICOLE,鹿児島県,3086,HIRO99,鹿児島県,0,,-
tricoro,ZED,0,,-,857,Z,鹿児島県,1532,NICOLE,鹿児島県,2679,R.I.P,鹿児島県,3322,HIRO99,鹿児島県
tricoro,Zirkfied,0,,-,899,Z,鹿児島県,1980,39JO,鹿児島県,3746,HIRO99,鹿児島県,0,,-
tricoro,ΕΛΠΙΣ,0,,-,1071,SIGURE,鹿児島県,1979,39JO,鹿児島県,3110,HIRO99,鹿児島県,3499,HIRO99,鹿児島県
tricoro,†渚の小悪魔ラヴリィ～レイディオ†(IIDX EDIT),241,MOTOKI,鹿児島県,495,Z,鹿児島県,1447,NICOLE,鹿児島県,3532,HIRO99,鹿児島県,0,,-
tricoro,お米の美味しい炊き方、そしてお米を食べることによるその効果。,0,,-,795,Z,鹿児島県,1401,MUMU,鹿児島県,2187,HIRO99,鹿児島県,3609,HIRO99,鹿児島県
tricoro,たまゆら,0,,-,1036,NATCH,鹿児島県,1783,39JO,鹿児島県,2732,HIRO99,鹿児島県,0,,-
tricoro,アストライアの双皿,0,,-,638,Z,鹿児島県,2075,39JO,鹿児島県,3130,HIRO99,鹿児島県,0,,-
tricoro,カジノファイヤーことみちゃん,0,,-,584,Z,鹿児島県,1283,SIOP,鹿児島県,2388,HIRO99,鹿児島県,3165,HIRO99,鹿児島県
tricoro,キャトられ恋はモ～モク,0,,-,1369,NATCH,鹿児島県,2285,AHOY!,鹿児島県,3771,HIRO99,鹿児島県,0,,-
tricoro,シュレーディンガーの猫,0,,-,1059,RYUSAN,鹿児島県,2236,ALICE,鹿児島県,3357,HIRO99,鹿児島県,0,,-
tricoro,トリカゴノ鳳凰,0,,-,1046,*YULY*,鹿児島県,1807,AHOY!,鹿児島県,3703,HIRO99,鹿児島県,0,,-
tricoro,メイメツ、フラグメンツ,0,,-,589,Z,鹿児島県,1272,NEKO*3,鹿児島県,1957,INOKI!,鹿児島県,0,,-
tricoro,ラキラキ,0,,-,593,Z,鹿児島県,1451,NEKO*3,鹿児島県,1976,HIRO99,鹿児島県,0,,-
tricoro,下弦の月,0,,-,824,Z,鹿児島県,1333,NATCH,鹿児島県,1952,39JO,鹿児島県,0,,-
tricoro,仮想空間の旅人たち,0,,-,1088,Z,鹿児島県,2153,ALICE,鹿児島県,2822,R.I.P,鹿児島県,3791,HIRO99,鹿児島県
tricoro,創世ノート,0,,-,800,*YULY*,鹿児島県,1750,7932CK,鹿児島県,2951,HIRO99,鹿児島県,0,,-
tricoro,即席！脳直★ミュージックシステム,0,,-,939,Z,鹿児島県,1756,YORA,鹿児島県,3538,HIRO99,鹿児島県,0,,-
tricoro,朧,205,MOTOKI,鹿児島県,748,Z,鹿児島県,1443,NICOLE,鹿児島県,2099,SACHI,鹿児島県,2528,SACHI,鹿児島県
tricoro,梅雪夜,0,,-,815,Z,鹿児島県,1400,HAKU*,鹿児島県,2133,HIRO99,鹿児島県,0,,-
tricoro,狂イ咲ケ焔ノ華,0,,-,1060,Z,鹿児島県,2188,AHOY!,鹿児島県,3580,HIRO99,鹿児島県,0,,-
tricoro,音楽,0,,-,784,Z,鹿児島県,1736,CLEF,鹿児島県,2703,LAZYAF,鹿児島県,0,,-
tricoro,龍と少女とデコヒーレンス,0,,-,766,Z,鹿児島県,1582,HAKU*,鹿児島県,2916,FUSI,鹿児島県,3347,HIRO99,鹿児島県
SPADA,Adularia,192,MOTOKI,鹿児島県,1028,*YULY*,鹿児島県,1733,*NANA*,鹿児島県,2815,HIRO99,鹿児島県,0,,-
SPADA,ALBA -黎明-,0,,-,603,Z,鹿児島県,1406,COSMOZ,鹿児島県,3184,HIRO99,鹿児島県,3815,HIRO99,鹿児島県
SPADA,Ancient Scapes,0,,-,901,Z,鹿児島県,1935,SUQNE*,鹿児島県,3474,HIRO99,鹿児島県,4111,HIRO99,鹿児島県
SPADA,ATHER,0,,-,914,Z,鹿児島県,1471,NICOLE,鹿児島県,2811,HIRO99,鹿児島県,3180,HIRO99,鹿児島県
SPADA,BLUE DRAGON(雷龍RemixIIDX),0,,-,1430,*NANA*,鹿児島県,2116,MEIYA.,鹿児島県,3320,HIRO99,鹿児島県,0,,-
SPADA,BRAINSTORM,0,,-,669,Z,鹿児島県,1605,SEKKEN,鹿児島県,2776,HIRO99,鹿児島県,0,,-
SPADA,BRAVE OUT,0,,-,966,Z,鹿児島県,1396,NICOLE,鹿児島県,2098,TEMARI,鹿児島県,2659,TEMARI,鹿児島県
SPADA,Claiomh Solais,0,,-,334,MOTOKI,鹿児島県,1359,YUSHI,鹿児島県,2085,HIRO99,鹿児島県,0,,-
SPADA,Cleopatrysm,0,,-,753,Z,鹿児島県,1298,NICOLE,鹿児島県,2566,HIRO99,鹿児島県,0,,-
SPADA,Close the World feat.a☆ru,0,,-,1021,Z,鹿児島県,1949,MILIAM,鹿児島県,3380,HIRO99,鹿児島県,3817,HIRO99,鹿児島県
SPADA,Critical Crystal,211,MOTOKI,鹿児島県,934,Z,鹿児島県,1749,COSMOZ,鹿児島県,2918,HIRO99,鹿児島県,0,,-
SPADA,DARK LEGACY,0,,-,1126,Z,鹿児島県,1876,COSMOZ,鹿児島県,3561,HIRO99,鹿児島県,0,,-
SPADA,Devilz Sacrifice -贖罪の羊-,0,,-,863,Z,鹿児島県,1658,HIYOKO,鹿児島県,2432,HIRO99,鹿児島県,0,,-
SPADA,diagram,0,,-,602,Z,鹿児島県,1215,*YULY*,鹿児島県,2840,HIRO99,鹿児島県,0,,-
SPADA,Elektrick U-Phoria,0,,-,1114,*YULY*,鹿児島県,1840,COSMOZ,鹿児島県,2957,R.I.P,鹿児島県,3900,HIRO99,鹿児島県
SPADA,Element of SPADA,0,,-,662,MOTOKI,鹿児島県,1318,NICOLE,鹿児島県,2062,TEMARI,鹿児島県,3058,R.I.P,鹿児島県
SPADA,Engraved Mark,0,,-,773,*YULY*,鹿児島県,1234,SEKKEN,鹿児島県,2398,INOKI!,鹿児島県,0,,-
SPADA,EXTREME MACH COLLIDER,0,,-,945,*YULY*,鹿児島県,1157,*YULY*,鹿児島県,2548,SACHI,鹿児島県,0,,-
SPADA,Feel The Beat,0,,-,1282,*NANA*,鹿児島県,1900,HAKU*,鹿児島県,3575,HIRO99,鹿児島県,4241,LAZYAF,鹿児島県
SPADA,Funny shuffle,0,,-,571,MOTOKI,鹿児島県,973,Z,鹿児島県,2296,HIRO99,鹿児島県,0,,-
SPADA,HYENA,0,,-,1017,O9DQ,鹿児島県,1734,NICOLE,鹿児島県,2813,HIRO99,鹿児島県,3601,HIRO99,鹿児島県
SPADA,Hypersonik,0,,-,907,Z,鹿児島県,1575,NICOLE,鹿児島県,2481,R.I.P,鹿児島県,0,,-
SPADA,I will be back -オレは帰ってきた-,0,,-,870,Z,鹿児島県,1821,COSMOZ,鹿児島県,2828,FUSI,鹿児島県,0,,-
SPADA,Idola,0,,-,1039,Z,鹿児島県,2029,MIKI*,鹿児島県,3557,HIRO99,鹿児島県,0,,-
SPADA,Insane Techniques,0,,-,662,Z,鹿児島県,1207,SEKKEN,鹿児島県,2443,SACHI,鹿児島県,0,,-
SPADA,INSOMNIA,0,,-,795,*YULY*,鹿児島県,1669,TEMARI,鹿児島県,3203,HIRO99,鹿児島県,0,,-
SPADA,into the battlefield,0,,-,669,Z,鹿児島県,1375,HAKU*,鹿児島県,2361,HIRO99,鹿児島県,0,,-
SPADA,invoker,0,,-,1063,*YULY*,鹿児島県,1748,0000,鹿児島県,3189,HIRO99,鹿児島県,3501,HIRO99,鹿児島県
SPADA,IX,0,,-,1134,O9DQ,鹿児島県,2327,R.I.P,鹿児島県,3731,HIRO99,鹿児島県,0,,-
SPADA,KAISER PHOENIX,0,,-,1245,*YULY*,鹿児島県,1836,56NYAN,鹿児島県,3248,HIRO99,鹿児島県,3730,HIRO99,鹿児島県
SPADA,KHAMEN BREAK,0,,-,559,Z,鹿児島県,1154,Z,鹿児島県,2504,HIRO99,鹿児島県,0,,-
SPADA,Last Dance,0,,-,1026,SEINA.,鹿児島県,1958,39JO,鹿児島県,3204,HIRO99,鹿児島県,0,,-
SPADA,Lighting Shower,0,,-,760,Z,鹿児島県,1213,HAKU*,鹿児島県,2403,HIRO99,鹿児島県,0,,-
SPADA,M.D.Injection,0,,-,555,Z,鹿児島県,1188,7932CK,鹿児島県,2323,R.I.P,鹿児島県,0,,-
SPADA,m1dy Deluxe,0,,-,1074,*YULY*,鹿児島県,1603,AHOY!,鹿児島県,2538,HIRO99,鹿児島県,0,,-
SPADA,MAD ATTACK,0,,-,637,Z,鹿児島県,1033,CHERRY,鹿児島県,1918,R.I.P,鹿児島県,2559,HIRO99,鹿児島県
SPADA,MAGIC & LOVE,0,,-,927,LDJDLL,鹿児島県,1700,IKESAN,鹿児島県,2910,HIRO99,鹿児島県,0,,-
SPADA,Miracle 5ympho X,0,,-,698,Z,鹿児島県,1239,COSMOZ,鹿児島県,2559,R.I.P,鹿児島県,2856,HIRO99,鹿児島県
SPADA,NPC World,0,,-,972,*YULY*,鹿児島県,1449,NICOLE,鹿児島県,2203,39JO,鹿児島県,0,,-
SPADA,Odin,0,,-,758,*YULY*,鹿児島県,1191,CH*IKA,鹿児島県,2011,POIFUL,鹿児島県,0,,-
SPADA,Overload Frontier,0,,-,759,*YULY*,鹿児島県,1551,*YULY*,鹿児島県,2582,HIRO99,鹿児島県,0,,-
SPADA,Pharaoh,0,,-,598,Z,鹿児島県,1308,COSMOZ,鹿児島県,2445,HIRO99,鹿児島県,0,,-
SPADA,PUNISHER,0,,-,1044,Z,鹿児島県,2054,SUQNE*,鹿児島県,3525,HIRO99,鹿児島県,0,,-
SPADA,ra'am,0,,-,938,*YULY*,鹿児島県,1821,39JO,鹿児島県,2772,HIRO99,鹿児島県,0,,-
SPADA,rainbow guitar weeps,0,,-,909,Z,鹿児島県,1713,*TAKE*,鹿児島県,2737,HIRO99,鹿児島県,0,,-
SPADA,Recollection,0,,-,1013,Z,鹿児島県,1684,NICOLE,鹿児島県,2230,HIRO99,鹿児島県,0,,-
SPADA,refractive index,0,,-,632,Z,鹿児島県,1265,Z,鹿児島県,2686,HIRO99,鹿児島県,0,,-
SPADA,RISE,0,,-,827,Z,鹿児島県,1108,Z,鹿児島県,1868,HIRO99,鹿児島県,0,,-
SPADA,RIZING YOU UP,0,,-,909,Z,鹿児島県,2008,SEKKEN,鹿児島県,2448,R.I.P,鹿児島県,0,,-
SPADA,SCHWARZSCHILD FIELD,0,,-,784,YOU,鹿児島県,1334,*YULY*,鹿児島県,2378,HIRO99,鹿児島県,0,,-
SPADA,Sigmund,0,,-,1433,COSMOZ,鹿児島県,2339,R.I.P,鹿児島県,3682,HIRO99,鹿児島県,4085,HIRO99,鹿児島県
SPADA,Squeeze,0,,-,737,Z,鹿児島県,1256,NICOLE,鹿児島県,2445,INOKI!,鹿児島県,0,,-
SPADA,THE DETONATOR,0,,-,1371,*YULY*,鹿児島県,2138,SHILVA,鹿児島県,3187,HIRO99,鹿児島県,0,,-
SPADA,Unicorn tail,0,,-,801,Z,鹿児島県,1969,TOMO,鹿児島県,3109,HIRO99,鹿児島県,0,,-
SPADA,Valgus,0,,-,615,Z,鹿児島県,1233,SEKKEN,鹿児島県,2373,HIRO99,鹿児島県,0,,-
SPADA,Verflucht,0,,-,1206,YUSHI,鹿児島県,1964,*NANA*,鹿児島県,3476,HIRO99,鹿児島県,4464,LAZYAF,鹿児島県
SPADA,VOX UP,0,,-,1430,NICOLE,鹿児島県,2617,ALICE,鹿児島県,3518,HIRO99,鹿児島県,0,,-
SPADA,Wonder Girl feat. Kanae Asaba,0,,-,707,*YULY*,鹿児島県,1214,NEKO*3,鹿児島県,2780,HIRO99,鹿児島県,0,,-
SPADA,お願いアインシュタイン,0,,-,843,Z,鹿児島県,1394,HAKU*,鹿児島県,2111,HIRO99,鹿児島県,0,,-
SPADA,アルストロメリア,205,MOTOKI,鹿児島県,919,Z,鹿児島県,1487,HAKU*,鹿児島県,2470,HIRO99,鹿児島県,0,,-
SPADA,デッドボヲルdeホームラン,0,,-,549,Z,鹿児島県,1371,AHOY!,鹿児島県,2740,HIRO99,鹿児島県,0,,-
SPADA,バンブーソード・ガール,259,MOTOKI,鹿児島県,897,*YULY*,鹿児島県,1600,MUMU,鹿児島県,2432,HIRO99,鹿児島県,0,,-
SPADA,廿,0,,-,806,MOTOKI,鹿児島県,1517,SEKKEN,鹿児島県,2252,39JO,鹿児島県,3282,HIRO99,鹿児島県
SPADA,旋律のドグマ～Miserables～,0,,-,1093,REI,鹿児島県,2381,MEIYA.,鹿児島県,3889,HIRO99,鹿児島県,0,,-
SPADA,海神,0,,-,995,Z,鹿児島県,1966,*NANA*,鹿児島県,3169,HIRO99,鹿児島県,3495,HIRO99,鹿児島県
SPADA,煉獄のエルフェリア,0,,-,1150,T-DAK,鹿児島県,2145,SWITCH,鹿児島県,3820,LAZYAF,鹿児島県,0,,-
SPADA,牧神笛吹きて,0,,-,666,Z,鹿児島県,1340,NEKO*3,鹿児島県,2003,R.I.P,鹿児島県,0,,-
SPADA,疾風迅雷,0,,-,1046,CH*IKA,鹿児島県,1820,HAKU*,鹿児島県,2879,HIRO99,鹿児島県,3308,HIRO99,鹿児島県
SPADA,罪と罰,0,,-,1030,MASA,鹿児島県,1289,*YULY*,鹿児島県,2150,HIRO99,鹿児島県,0,,-
SPADA,超!!遠距離らぶメ～ル,0,,-,548,MOTOKI,鹿児島県,1420,*YULY*,鹿児島県,2604,INOKI!,鹿児島県,0,,-
SPADA,轟け！恋のビーンボール！！,0,,-,932,*YULY*,鹿児島県,1894,39JO,鹿児島県,3515,HIRO99,鹿児島県,0,,-
PENDUAL,#The_Relentless,0,,-,1025,O9DQ,鹿児島県,1639,*YULY*,鹿児島県,2874,R.I.P,鹿児島県,4220,HIRO99,鹿児島県
PENDUAL,AFRO KNUCKLE,0,,-,877,*YULY*,鹿児島県,1586,SEKKEN,鹿児島県,2405,HIRO99,鹿児島県,0,,-
PENDUAL,Beat Radiance,0,,-,961,*YULY*,鹿児島県,1589,NICOLE,鹿児島県,2609,R.I.P,鹿児島県,3563,HIRO99,鹿児島県
PENDUAL,Beyond The Earth,0,,-,1155,*YULY*,鹿児島県,1993,UNAGI*,鹿児島県,3085,SACHI,鹿児島県,0,,-
PENDUAL,Blaze it UP!,0,,-,865,Z,鹿児島県,1760,COSMOZ,鹿児島県,2946,HIRO99,鹿児島県,0,,-
PENDUAL,BLUE MIRAGE,0,,-,922,Z,鹿児島県,1628,CLEF,鹿児島県,3027,HIRO99,鹿児島県,0,,-
PENDUAL,Broken Sword,0,,-,1192,Z,鹿児島県,1952,COSMOZ,鹿児島県,3705,HIRO99,鹿児島県,0,,-
PENDUAL,Chain of pain,0,,-,709,Z,鹿児島県,1371,MUMU,鹿児島県,2208,SACHI,鹿児島県,0,,-
PENDUAL,chrono diver -fragment-,0,,-,619,Z,鹿児島県,1149,NEKO*3,鹿児島県,1775,R.I.P,鹿児島県,2240,R.I.P,鹿児島県
PENDUAL,CHRONO DIVER -NORNIR-,0,,-,1163,*YULY*,鹿児島県,2069,COSMOZ,鹿児島県,3088,HIRO99,鹿児島県,4293,HIRO99,鹿児島県
PENDUAL,Chrono Diver -PENDULUMs-,519,Z,鹿児島県,1357,HAKU*,鹿児島県,2465,56NYAN,鹿児島県,4198,HIRO99,鹿児島県,0,,-
PENDUAL,Chronos,0,,-,744,Z,鹿児島県,1205,SEKKEN,鹿児島県,2338,INOKI!,鹿児島県,2976,INOKI!,鹿児島県
PENDUAL,cinder,0,,-,793,Z,鹿児島県,1845,HAKU*,鹿児島県,3081,HIRO99,鹿児島県,0,,-
PENDUAL,COLOSSEUM,0,,-,549,Z,鹿児島県,1103,Z,鹿児島県,2162,N,鹿児島県,0,,-
PENDUAL,Cosmic Cat,0,,-,886,Z,鹿児島県,1245,*YULY*,鹿児島県,2217,TEMARI,鹿児島県,3231,HIRO99,鹿児島県
PENDUAL,Despair of ELFERIA,0,,-,1111,Z,鹿児島県,2163,MEIZEE,鹿児島県,4019,HIRO99,鹿児島県,0,,-
PENDUAL,Discloze,0,,-,746,Z,鹿児島県,1517,SEKKEN,鹿児島県,2594,HIRO99,鹿児島県,0,,-
PENDUAL,EBONY & IVORY,0,,-,1018,*YULY*,鹿児島県,1451,SEKKEN,鹿児島県,2973,HIRO99,鹿児島県,3530,HIRO99,鹿児島県
PENDUAL,entelecheia,0,,-,888,Z,鹿児島県,2084,39JO,鹿児島県,3253,HIRO99,鹿児島県,0,,-
PENDUAL,Erosion Mark,0,,-,755,*YULY*,鹿児島県,1297,CLIFF,鹿児島県,2138,R.I.P,鹿児島県,0,,-
PENDUAL,fallen leaves -IIDX edition-,0,,-,1096,*YULY*,鹿児島県,1828,AHOY!,鹿児島県,3345,HIRO99,鹿児島県,0,,-
PENDUAL,FANTASTIC THREE,0,,-,1226,*YULY*,鹿児島県,2047,MEIYA.,鹿児島県,3161,HIRO99,鹿児島県,0,,-
PENDUAL,Flashes,0,,-,862,Z,鹿児島県,1613,COSMOZ,鹿児島県,3256,HIRO99,鹿児島県,4043,HIRO99,鹿児島県
PENDUAL,Gravigazer,0,,-,906,Z,鹿児島県,1580,COSMOZ,鹿児島県,2993,HIRO99,鹿児島県,0,,-
PENDUAL,GUILTY,0,,-,897,MASA,鹿児島県,1422,D.O.G.,鹿児島県,1846,R.I.P,鹿児島県,2952,HIRO99,鹿児島県
PENDUAL,HELL SCAPER -Last Escape Remix-,0,,-,881,Z,鹿児島県,1635,COSMOZ,鹿児島県,2765,R.I.P,鹿児島県,0,,-
PENDUAL,Hello Happiness,0,,-,843,*YULY*,鹿児島県,1456,OITAN,鹿児島県,2332,HIRO99,鹿児島県,0,,-
PENDUAL,illuminate,0,,-,576,MOTOKI,鹿児島県,1231,*YULY*,鹿児島県,2305,SACHI,鹿児島県,0,,-
PENDUAL,IMPLANTATION,0,,-,606,Z,鹿児島県,1516,MEIYA.,鹿児島県,2216,LAZYAF,鹿児島県,0,,-
PENDUAL,In The Breeze,0,,-,618,*YULY*,鹿児島県,1061,SEKKEN,鹿児島県,1742,INOKI!,鹿児島県,0,,-
PENDUAL,Invitation from Mr.C,0,,-,1060,*YULY*,鹿児島県,1514,ALICE,鹿児島県,2702,HIRO99,鹿児島県,0,,-
PENDUAL,IXION,0,,-,1038,*YULY*,鹿児島県,1615,COSMOZ,鹿児島県,2138,SACHI,鹿児島県,0,,-
PENDUAL,Line 4 Ruin,0,,-,683,Z,鹿児島県,1723,SEKKEN,鹿児島県,2777,HIRO99,鹿児島県,0,,-
PENDUAL,Monopole.,0,,-,748,Z,鹿児島県,1564,COSMOZ,鹿児島県,3292,HIRO99,鹿児島県,0,,-
PENDUAL,NEO GENERATOR SEVEN,0,,-,897,*YULY*,鹿児島県,1697,SEKKEN,鹿児島県,3256,HIRO99,鹿児島県,0,,-
PENDUAL,Night sky,0,,-,1043,Z,鹿児島県,1707,AHOY!,鹿児島県,2852,R.I.P,鹿児島県,0,,-
PENDUAL,No Tears,0,,-,1015,Z,鹿児島県,1825,0000,鹿児島県,2535,HIRO99,鹿児島県,0,,-
PENDUAL,PENDUAL TALISMAN,0,,-,948,Z,鹿児島県,1487,Z,鹿児島県,2501,ALICE,鹿児島県,0,,-
PENDUAL,Rave*it!! Rave*it!!,0,,-,888,Z,鹿児島県,1685,ALICE,鹿児島県,3233,HIRO99,鹿児島県,0,,-
PENDUAL,Realize Maze,0,,-,1152,Z,鹿児島県,1880,COSMOZ,鹿児島県,2899,R.I.P,鹿児島県,0,,-
PENDUAL,Reflux,0,,-,764,*YULY*,鹿児島県,1476,HAKU*,鹿児島県,2971,HIRO99,鹿児島県,0,,-
PENDUAL,Sakura Mirage,0,,-,845,Z,鹿児島県,1353,FUSI,鹿児島県,2331,HIRO99,鹿児島県,0,,-
PENDUAL,SAMSARA,0,,-,767,Z,鹿児島県,1318,IKESAN,鹿児島県,2020,N,鹿児島県,0,,-
PENDUAL,Say YEEEAHH,0,,-,1082,*YULY*,鹿児島県,1668,AHOY!,鹿児島県,3241,HIRO99,鹿児島県,0,,-
PENDUAL,Scarlet Moon,0,,-,919,TIXXXX,鹿児島県,1758,AHOY!,鹿児島県,2742,HIRO99,鹿児島県,0,,-
PENDUAL,Scars of FAUNA,0,,-,794,Z,鹿児島県,1641,NEKO*3,鹿児島県,2850,HIRO99,鹿児島県,0,,-
PENDUAL,Shooting Fireball,0,,-,929,*YULY*,鹿児島県,2132,SWITCH,鹿児島県,3840,HIRO99,鹿児島県,0,,-
PENDUAL,Sounds Of Summer,0,,-,1221,*YULY*,鹿児島県,1945,COSMOZ,鹿児島県,2966,HIRO99,鹿児島県,0,,-
PENDUAL,SpaceLand☆TOYBOX,0,,-,1029,Z,鹿児島県,1587,AHOY!,鹿児島県,2928,HIRO99,鹿児島県,0,,-
PENDUAL,Sweet Radar,0,,-,627,Z,鹿児島県,1318,HAKU*,鹿児島県,2008,HIRO99,鹿児島県,0,,-
PENDUAL,Symmetry,0,,-,1087,4DA968,鹿児島県,1892,HAKU*,鹿児島県,3232,HIRO99,鹿児島県,0,,-
PENDUAL,TA・DA ☆ YO・SHI,0,,-,1025,Z,鹿児島県,1373,Z,鹿児島県,2293,HIRO99,鹿児島県,0,,-
PENDUAL,The Least 100sec,0,,-,724,Z,鹿児島県,1234,AHOY!,鹿児島県,2891,HIRO99,鹿児島県,0,,-
PENDUAL,TIEFSEE,0,,-,1234,*YULY*,鹿児島県,1872,EK-9,鹿児島県,3454,HIRO99,鹿児島県,0,,-
PENDUAL,TOXIC VIBRATION,0,,-,1497,*YULY*,鹿児島県,2321,39JO,鹿児島県,3728,HIRO99,鹿児島県,0,,-
PENDUAL,Vulkan,0,,-,947,Z,鹿児島県,1853,IKESAN,鹿児島県,2942,HIRO99,鹿児島県,0,,-
PENDUAL,We're so Happy (P*Light Remix) IIDX ver.,0,,-,832,X-1,鹿児島県,2227,39JO,鹿児島県,3656,HIRO99,鹿児島県,0,,-
PENDUAL,ZZ,200,MOTOKI,鹿児島県,561,MOTOKI,鹿児島県,1980,39JO,鹿児島県,3029,HIRO99,鹿児島県,0,,-
PENDUAL,それは花火のような恋,650,MOTOKI,鹿児島県,1255,*YULY*,鹿児島県,2179,CLEF,鹿児島県,3856,HIRO99,鹿児島県,0,,-
PENDUAL,とろぴかる倶楽部,0,,-,761,*YULY*,鹿児島県,1338,SEKKEN,鹿児島県,2280,HIRO99,鹿児島県,0,,-
PENDUAL,ぷろぐれっしぶ時空少女！うらしまたろ子ちゃん！,0,,-,834,*YULY*,鹿児島県,1458,HAKU*,鹿児島県,2430,UNAGI*,鹿児島県,0,,-
PENDUAL,もっと！モット！ときめき feat. 松下,0,,-,1196,*YULY*,鹿児島県,1791,AHOY!,鹿児島県,2704,HIRO99,鹿児島県,0,,-
PENDUAL,ドッキン☆サマーあばんちゅーる,0,,-,972,*YULY*,鹿児島県,1594,*YULY*,鹿児島県,2731,FUSI,鹿児島県,0,,-
PENDUAL,パ→ピ→プ→Yeah!,368,Z,鹿児島県,995,*YULY*,鹿児島県,1444,*YULY*,鹿児島県,2527,HIRO99,鹿児島県,0,,-
PENDUAL,ベィスドロップ・フリークス,0,,-,582,Z,鹿児島県,1151,SIOP,鹿児島県,2168,R.I.P,鹿児島県,2447,HIRO99,鹿児島県
PENDUAL,リリーゼと炎龍レーヴァテイン,0,,-,864,SNOW,鹿児島県,2238,39JO,鹿児島県,3432,HIRO99,鹿児島県,0,,-
PENDUAL,共鳴遊戯の華,0,,-,1190,*YULY*,鹿児島県,2051,MEIZEE,鹿児島県,3694,HIRO99,鹿児島県,0,,-
PENDUAL,十六夜セツナ,0,,-,983,*YULY*,鹿児島県,1526,NICOLE,鹿児島県,2176,POIFUL,鹿児島県,0,,-
PENDUAL,千年ノ理,0,,-,1157,*YULY*,鹿児島県,1835,HAKU*,鹿児島県,3168,HIRO99,鹿児島県,4173,LAZYAF,鹿児島県
PENDUAL,取り残された美術(Arranged:HiZuMi),242,MOTOKI,鹿児島県,851,Z,鹿児島県,1627,HAKU*,鹿児島県,2201,HIRO99,鹿児島県,0,,-
PENDUAL,夏色DIARY - L.E.D.-G STYLE MIX -,0,,-,709,DJDISH,鹿児島県,1637,T-DAK,鹿児島県,3103,HIRO99,鹿児島県,0,,-
PENDUAL,妖隠し -あやかしかくし-,0,,-,872,Z,鹿児島県,1527,YAMUTA,鹿児島県,2157,SUQNE*,鹿児島県,0,,-
PENDUAL,少年は空を辿る,0,,-,1156,NICOLE,鹿児島県,1935,*NANA*,鹿児島県,3267,HIRO99,鹿児島県,0,,-
PENDUAL,恋は白帯、サンシロー,0,,-,684,MOTOKI,鹿児島県,1213,*YULY*,鹿児島県,1983,R.I.P,鹿児島県,2739,FUSI,鹿児島県
PENDUAL,打打打打打打打打打打,194,MOTOKI,鹿児島県,740,Z,鹿児島県,1330,*TAKE*,鹿児島県,2630,HIRO99,鹿児島県,0,,-
PENDUAL,時空トラベローグ,0,,-,996,*YULY*,鹿児島県,1619,NICOLE,鹿児島県,2611,INOKI!,鹿児島県,0,,-
PENDUAL,白露の風,0,,-,463,MOTOKI,鹿児島県,1105,*YULY*,鹿児島県,2019,HIRO99,鹿児島県,0,,-
PENDUAL,紅牡丹,471,MOTOKI,鹿児島県,1033,*YULY*,鹿児島県,1656,NICOLE,鹿児島県,2844,HIRO99,鹿児島県,0,,-
PENDUAL,表裏一体！？怪盗いいんちょの悩み,0,,-,1000,Z,鹿児島県,2006,MEIYA.,鹿児島県,3565,HIRO99,鹿児島県,4302,HIRO99,鹿児島県
PENDUAL,超青少年ノ為ノ超多幸ナ超古典的超舞曲,0,,-,981,IKESAN,鹿児島県,1854,7932CK,鹿児島県,2683,HIRO99,鹿児島県,4032,HIRO99,鹿児島県
PENDUAL,鬼天,0,,-,920,Z,鹿児島県,1453,EK-9,鹿児島県,2465,HIRO99,鹿児島県,0,,-
PENDUAL,Ｘ↑Ｘ↓,0,,-,881,Z,鹿児島県,1678,SEKKEN,鹿児島県,2919,HIRO99,鹿児島県,0,,-
copula,199024club -Re:BounceKiller-,0,,-,629,*YULY*,鹿児島県,1636,R.I.P,鹿児島県,2348,HIRO99,鹿児島県,0,,-
copula,Acid Pumper,0,,-,635,Z,鹿児島県,1340,*YULY*,鹿児島県,2427,HIRO99,鹿児島県,0,,-
copula,Angelic Jelly,0,,-,1098,*YULY*,鹿児島県,1950,COSMOZ,鹿児島県,2649,R.I.P,鹿児島県,0,,-
copula,AO-1,0,,-,1073,Z,鹿児島県,1801,MEIYA.,鹿児島県,2783,HIRO99,鹿児島県,0,,-
copula,Arcana,0,,-,1122,MASA,鹿児島県,1607,COSMOZ,鹿児島県,2272,SACHI,鹿児島県,0,,-
copula,Aublia,0,,-,832,Z,鹿児島県,1358,NICOLE,鹿児島県,2486,R.I.P,鹿児島県,0,,-
copula,Battle Train -IIDX Edition-,0,,-,808,Z,鹿児島県,2458,39JO,鹿児島県,3130,FUSI,鹿児島県,0,,-
copula,Blue Spring Express,0,,-,1128,SEINA.,鹿児島県,1946,R.I.P,鹿児島県,3246,HIRO99,鹿児島県,0,,-
copula,Central Station,0,,-,926,Z,鹿児島県,1444,D.ARK,鹿児島県,2385,HIRO99,鹿児島県,0,,-
copula,chaos eater -IIDX edition-,0,,-,1067,Z,鹿児島県,1584,NICOLE,鹿児島県,2586,HIRO99,鹿児島県,0,,-
copula,CODE:1 [revision1.0.1],0,,-,876,YOU,鹿児島県,1594,COSMOZ,鹿児島県,3091,HIRO99,鹿児島県,0,,-
copula,Daily Lunch Special,0,,-,929,Z,鹿児島県,1987,IKESAN,鹿児島県,2891,R.I.P,鹿児島県,0,,-
copula,Damage Per Second,0,,-,844,*YULY*,鹿児島県,1277,*YULY*,鹿児島県,2036,HIRO99,鹿児島県,2286,SACHI,鹿児島県
copula,Derelict Star feat. Ryu*,0,,-,1311,MASA,鹿児島県,1621,COSMOZ,鹿児島県,2612,HIRO99,鹿児島県,0,,-
copula,Devil's Gear,0,,-,970,*YULY*,鹿児島県,1848,CLEF,鹿児島県,3422,HIRO99,鹿児島県,0,,-
copula,DIAMOND CROSSING,0,,-,921,*YULY*,鹿児島県,1599,AHOY!,鹿児島県,3011,HIRO99,鹿児島県,0,,-
copula,do the thing feat. Kanae Asaba,0,,-,556,MOTOKI,鹿児島県,1248,*YULY*,鹿児島県,2166,N,鹿児島県,0,,-
copula,Donkey Donk,0,,-,1010,Z,鹿児島県,1557,COSMOZ,鹿児島県,2266,HIRO99,鹿児島県,0,,-
copula,Dynamite,521,MOTOKI,鹿児島県,1120,*YULY*,鹿児島県,2415,R.I.P,鹿児島県,3797,HIRO99,鹿児島県,0,,-
copula,Everlasting Last,0,,-,823,*YULY*,鹿児島県,1524,NICOLE,鹿児島県,2217,HIRO99,鹿児島県,0,,-
copula,Exchange Place,0,,-,726,Z,鹿児島県,1110,*YULY*,鹿児島県,1738,TEMARI,鹿児島県,0,,-
copula,GENERATE feat.綾倉盟,0,,-,1093,*YULY*,鹿児島県,1670,HAKU*,鹿児島県,2323,R.I.P,鹿児島県,0,,-
copula,Go Faraway,0,,-,973,Z,鹿児島県,1254,Z,鹿児島県,2438,R.I.P,鹿児島県,0,,-
copula,GOBBLE,0,,-,452,Z,鹿児島県,667,NICOLE,鹿児島県,1695,HIRO99,鹿児島県,0,,-
copula,Godspeed,0,,-,897,Z,鹿児島県,1919,39JO,鹿児島県,3126,HIRO99,鹿児島県,0,,-
copula,Grand Chariot,0,,-,1072,*YULY*,鹿児島県,1658,COSMOZ,鹿児島県,3455,HIRO99,鹿児島県,0,,-
copula,Highcharge Divolt,0,,-,880,ALICE,鹿児島県,1681,39JO,鹿児島県,2755,HIRO99,鹿児島県,0,,-
copula,Inner Spirit,0,,-,813,*YULY*,鹿児島県,1681,SEKKEN,鹿児島県,2833,HIRO99,鹿児島県,0,,-
copula,Journey,0,,-,640,Z,鹿児島県,1124,*YULY*,鹿児島県,1817,SUQNE*,鹿児島県,3024,FUSI,鹿児島県
copula,Konzert V,0,,-,1144,Z,鹿児島県,2133,NEKO*3,鹿児島県,3279,HIRO99,鹿児島県,0,,-
copula,La dolce primavera,0,,-,643,Z,鹿児島県,1270,NICOLE,鹿児島県,2148,HIRO99,鹿児島県,0,,-
copula,M4K3 1T B0UNC3,0,,-,1356,ALICE,鹿児島県,2047,39JO,鹿児島県,3001,HIRO99,鹿児島県,0,,-
copula,Musik LoverZ,0,,-,1020,*YULY*,鹿児島県,1272,HISA,鹿児島県,2454,HIRO99,鹿児島県,0,,-
copula,NANAIRO,0,,-,1019,*YULY*,鹿児島県,1647,IKESAN,鹿児島県,2491,R.I.P,鹿児島県,0,,-
copula,Nightmare before oversleep,0,,-,1120,*YULY*,鹿児島県,1701,ALICE,鹿児島県,2916,HIRO99,鹿児島県,0,,-
copula,NINJA IS DEAD IIDX ver.,0,,-,983,MOTOKI,鹿児島県,1712,SEKKEN,鹿児島県,2987,HIRO99,鹿児島県,0,,-
copula,NO LIMIT -オレ達に限界は無い-,0,,-,764,Z,鹿児島県,1122,*YULY*,鹿児島県,2208,POIFUL,鹿児島県,0,,-
copula,Nowhere,0,,-,801,*YULY*,鹿児島県,1188,Z,鹿児島県,2138,HIRO99,鹿児島県,0,,-
copula,NZM,0,,-,975,Z,鹿児島県,1444,SEKKEN,鹿児島県,3381,HIRO99,鹿児島県,0,,-
copula,On the FM,0,,-,974,Z,鹿児島県,1491,COSMOZ,鹿児島県,2755,HIRO99,鹿児島県,0,,-
copula,Outbreak,0,,-,1206,Z,鹿児島県,1751,IKESAN,鹿児島県,3013,HIRO99,鹿児島県,0,,-
copula,POSSESSION,504,MOTOKI,鹿児島県,1314,SIGURE,鹿児島県,1922,MEIYA.,鹿児島県,2943,HIRO99,鹿児島県,0,,-
copula,quick master (reform version),0,,-,148,MOTOKI,鹿児島県,315,Z,鹿児島県,521,R.I.P,鹿児島県,0,,-
copula,refrain,0,,-,1177,*YULY*,鹿児島県,2081,COSMOZ,鹿児島県,3531,HIRO99,鹿児島県,0,,-
copula,Rock It,0,,-,1106,*YULY*,鹿児島県,1583,SEKKEN,鹿児島県,2937,HIRO99,鹿児島県,0,,-
copula,Routing,0,,-,855,Z,鹿児島県,1457,AHOY!,鹿児島県,2523,HIRO99,鹿児島県,0,,-
copula,Sephirot,0,,-,793,Z,鹿児島県,1471,NICOLE,鹿児島県,2354,HIRO99,鹿児島県,0,,-
copula,Set U Free feat. Kanae Asaba,0,,-,904,*YULY*,鹿児島県,1348,SIGURE,鹿児島県,2380,R.I.P,鹿児島県,0,,-
copula,SHELTER OF THE MIND,0,,-,1250,Z,鹿児島県,1854,HAKU*,鹿児島県,3044,HIRO99,鹿児島県,0,,-
copula,STARLiGHT,0,,-,899,*YULY*,鹿児島県,1629,SEKKEN,鹿児島県,2766,HIRO99,鹿児島県,0,,-
copula,STARLIGHT DANCEHALL,0,,-,1046,Z,鹿児島県,1526,NICOLE,鹿児島県,2640,HIRO99,鹿児島県,3284,HIRO99,鹿児島県
copula,StrayedCatz,0,,-,942,Z,鹿児島県,1787,JK-FF,鹿児島県,2766,HIRO99,鹿児島県,0,,-
copula,Super Duper Racers,0,,-,845,Z,鹿児島県,1308,Z,鹿児島県,2374,HIRO99,鹿児島県,3631,HIRO99,鹿児島県
copula,SURVIVOR,0,,-,647,Z,鹿児島県,1174,NICOLE,鹿児島県,2006,INOKI!,鹿児島県,0,,-
copula,Tori-no-kimochi,0,,-,258,MOTOKI,鹿児島県,1186,*YULY*,鹿児島県,2001,HIRO99,鹿児島県,0,,-
copula,Triple Counter,0,,-,1216,T-DAK,鹿児島県,2045,YUSHI,鹿児島県,3861,HIRO99,鹿児島県,0,,-
copula,Uh-Oh,0,,-,1005,Z,鹿児島県,1436,ZIN25*,鹿児島県,2406,HIRO99,鹿児島県,0,,-
copula,Violet Pulse,0,,-,416,Z,鹿児島県,1543,NICOLE,鹿児島県,2345,SACHI,鹿児島県,3915,HIRO99,鹿児島県
copula,Violet Rose,0,,-,1125,*YULY*,鹿児島県,1644,NICOLE,鹿児島県,2576,HIRO99,鹿児島県,0,,-
copula,Welcome,0,,-,845,*YULY*,鹿児島県,1574,SEKKEN,鹿児島県,2629,SACHI,鹿児島県,3280,HIRO99,鹿児島県
copula,X,0,,-,1365,M0NRAL,鹿児島県,2329,*NANA*,鹿児島県,3800,HIRO99,鹿児島県,0,,-
copula,ZEPHYRANTHES,0,,-,965,*YULY*,鹿児島県,1676,AHOY!,鹿児島県,2907,HIRO99,鹿児島県,3780,HIRO99,鹿児島県
copula,か・し・ま・し☆PUMP UP！,0,,-,0,,-,1560,MUMU,鹿児島県,2693,TEMARI,鹿児島県,0,,-
copula,めいさいアイドル☆あいむちゃん♪,0,,-,1233,Z,鹿児島県,2271,39JO,鹿児島県,3327,HIRO99,鹿児島県,0,,-
copula,オルタネイトβ,0,,-,813,*YULY*,鹿児島県,1353,HAKU*,鹿児島県,2229,INOKI!,鹿児島県,0,,-
copula,ギョギョっと人魚 爆婚ブライダル,0,,-,741,Z,鹿児島県,1301,56NYAN,鹿児島県,2345,SACHI,鹿児島県,0,,-
copula,シュッパツシンコウ・シサカンコ,0,,-,1054,Z,鹿児島県,1705,NICOLE,鹿児島県,2371,N,鹿児島県,0,,-
copula,セロトニン,0,,-,1210,*YULY*,鹿児島県,1587,NICOLE,鹿児島県,2286,SACHI,鹿児島県,0,,-
copula,少女アリスと箱庭幻想コンチェルト,0,,-,717,Z,鹿児島県,1365,NICOLE,鹿児島県,2142,R.I.P,鹿児島県,0,,-
copula,明鏡止水,0,,-,767,Z,鹿児島県,1573,NICOLE,鹿児島県,2775,HIRO99,鹿児島県,0,,-
copula,星屑ディスタンシア,0,,-,642,Z,鹿児島県,1135,*YULY*,鹿児島県,2066,TEMARI,鹿児島県,0,,-
copula,朝焼けから始まるボクらの小さな旅,0,,-,856,Z,鹿児島県,1521,IVANKO,鹿児島県,2506,HIRO99,鹿児島県,0,,-
copula,灼熱 Pt.2 Long Train Running,580,MOTOKI,鹿児島県,1232,*NANA*,鹿児島県,2075,HIRO99,鹿児島県,3285,HIRO99,鹿児島県,0,,-
copula,真 地獄超特急 -HELL or HELL-,0,,-,1337,AHOY!,鹿児島県,2134,TEMARI,鹿児島県,3218,HIRO99,鹿児島県,0,,-
copula,紫陽花 -AZISAI-,391,MOTOKI,鹿児島県,1207,NICOLE,鹿児島県,1833,SWITCH,鹿児島県,2843,HIRO99,鹿児島県,3283,HIRO99,鹿児島県
copula,追想快晴テーマパーク,0,,-,1132,*YULY*,鹿児島県,1842,NICOLE,鹿児島県,2988,R.I.P,鹿児島県,0,,-
copula,量子の海のリントヴルム,0,,-,736,NOVORI,鹿児島県,1624,MEIYA.,鹿児島県,2870,AMURO,鹿児島県,0,,-
copula,駅猫のワルツ,0,,-,1040,*YULY*,鹿児島県,1889,ALICE,鹿児島県,2701,HIRO99,鹿児島県,0,,-
copula,麗 ～うらら～,250,MOTOKI,鹿児島県,1067,SIGURE,鹿児島県,1605,MEIYA.,鹿児島県,2558,R.I.P,鹿児島県,0,,-
SINOBUZ,¡Viva!,0,,-,925,*YULY*,鹿児島県,1476,NICOLE,鹿児島県,1994,INOKI!,鹿児島県,0,,-
SINOBUZ,#MAGiCVLGiRL_TRVP_B3VTZ,0,,-,1120,*YULY*,鹿児島県,1893,NICOLE,鹿児島県,3387,HIRO99,鹿児島県,0,,-
SINOBUZ,(This Is Not) The Angels,0,,-,549,*YULY*,鹿児島県,1382,KAI046,鹿児島県,2690,HIRO99,鹿児島県,0,,-
SINOBUZ,Amazing Mirage,362,MOTOKI,鹿児島県,867,*YULY*,鹿児島県,1604,HAKU*,鹿児島県,2620,HIRO99,鹿児島県,3246,HIRO99,鹿児島県
SINOBUZ,AO-∞,0,,-,1072,*YULY*,鹿児島県,1589,AHOY!,鹿児島県,2619,FUSI,鹿児島県,0,,-
SINOBUZ,Apocalypse,0,,-,1117,*YULY*,鹿児島県,2094,ALICE,鹿児島県,3536,HIRO99,鹿児島県,0,,-
SINOBUZ,Around The Galaxy,0,,-,991,Z,鹿児島県,1915,NICOLE,鹿児島県,3374,HIRO99,鹿児島県,0,,-
SINOBUZ,AsiaN distractive,0,,-,1131,Z,鹿児島県,1531,MUMU,鹿児島県,2435,N,鹿児島県,0,,-
SINOBUZ,BabeL ～Grand Story～,0,,-,1154,*YULY*,鹿児島県,1790,0000,鹿児島県,2796,HIRO99,鹿児島県,0,,-
SINOBUZ,Be A Star,0,,-,887,Z,鹿児島県,1677,IKESAN,鹿児島県,2759,R.I.P,鹿児島県,0,,-
SINOBUZ,Beat Juggling Mix,0,,-,848,SEINA.,鹿児島県,1324,TEKUNI,鹿児島県,2180,HIRO99,鹿児島県,0,,-
SINOBUZ,Believe in you,0,,-,1108,Z,鹿児島県,1733,*YULY*,鹿児島県,2398,R.I.P,鹿児島県,0,,-
SINOBUZ,Beyond The Seven,0,,-,692,*YULY*,鹿児島県,1240,SEKKEN,鹿児島県,2646,R.I.P,鹿児島県,0,,-
SINOBUZ,BREAK OVER,0,,-,794,Z,鹿児島県,1376,SEKKEN,鹿児島県,2335,HIRO99,鹿児島県,0,,-
SINOBUZ,Breakin' Chain,0,,-,648,Z,鹿児島県,1284,HAKU*,鹿児島県,2286,R.I.P,鹿児島県,0,,-
SINOBUZ,BroGamer,0,,-,1264,M0NRAL,鹿児島県,1973,IKESAN,鹿児島県,2977,R.I.P,鹿児島県,4530,HIRO99,鹿児島県
SINOBUZ,Caterpillar,0,,-,1070,Z,鹿児島県,1925,COSMOZ,鹿児島県,2971,HIRO99,鹿児島県,0,,-
SINOBUZ,crew,0,,-,596,Z,鹿児島県,1711,NEKO*3,鹿児島県,2908,HIRO99,鹿児島県,0,,-
SINOBUZ,Cyber True Color,0,,-,890,Z,鹿児島県,1452,SEKKEN,鹿児島県,2324,HIRO99,鹿児島県,0,,-
SINOBUZ,DORNWALD ～Junge～,0,,-,1229,*YULY*,鹿児島県,2089,ASIC,鹿児島県,3603,HIRO99,鹿児島県,0,,-
SINOBUZ,ECHIDNA,0,,-,1174,7932CK,鹿児島県,2061,R.I.P,鹿児島県,3253,HIRO99,鹿児島県,0,,-
SINOBUZ,Egret and Willow,0,,-,849,Z,鹿児島県,1528,SEKKEN,鹿児島県,2682,HIRO99,鹿児島県,0,,-
SINOBUZ,elemental bender feat. Kanae Asaba,0,,-,582,Z,鹿児島県,1074,*YULY*,鹿児島県,1613,R.I.P,鹿児島県,0,,-
SINOBUZ,FUZIN RIZIN,0,,-,1147,*YULY*,鹿児島県,1916,HAKU*,鹿児島県,3768,HIRO99,鹿児島県,0,,-
SINOBUZ,Go Ahead!!,0,,-,936,COSMOZ,鹿児島県,1544,R.I.P,鹿児島県,2657,HIRO99,鹿児島県,0,,-
SINOBUZ,GuNGNiR,0,,-,1230,SIOP,鹿児島県,2457,R.I.P,鹿児島県,3853,HIRO99,鹿児島県,4273,LAZYAF,鹿児島県
SINOBUZ,HADES,373,MOTOKI,鹿児島県,934,*YULY*,鹿児島県,1706,COSMOZ,鹿児島県,3055,HIRO99,鹿児島県,0,,-
SINOBUZ,HAPPY★RUSH,0,,-,713,Z,鹿児島県,1666,AHOY!,鹿児島県,2894,HIRO99,鹿児島県,0,,-
SINOBUZ,Honey Trap,0,,-,807,*YULY*,鹿児島県,1494,NICOLE,鹿児島県,2526,HIRO99,鹿児島県,0,,-
SINOBUZ,INVISIBLE STRIX,0,,-,1042,*YULY*,鹿児島県,1626,MAT2BI,鹿児島県,2517,R.I.P,鹿児島県,0,,-
SINOBUZ,Lost wing at.0,0,,-,783,Z,鹿児島県,1289,COSMOZ,鹿児島県,2357,R.I.P,鹿児島県,0,,-
SINOBUZ,Macuilxochitl,488,Z,鹿児島県,1375,NICOLE,鹿児島県,1966,7932CK,鹿児島県,3228,SACHI,鹿児島県,0,,-
SINOBUZ,Magical,0,,-,751,Z,鹿児島県,1039,Z,鹿児島県,1989,HIRO99,鹿児島県,0,,-
SINOBUZ,Mare Nectaris,0,,-,1188,Z,鹿児島県,2025,R.I.P,鹿児島県,3508,HIRO99,鹿児島県,0,,-
SINOBUZ,Modular Technology,0,,-,1104,*YULY*,鹿児島県,1729,AHOY!,鹿児島県,2561,TEMARI,鹿児島県,0,,-
SINOBUZ,Music is The Answer,0,,-,707,Z,鹿児島県,1326,SEKKEN,鹿児島県,1813,R.I.P,鹿児島県,0,,-
SINOBUZ,nostos,0,,-,811,Z,鹿児島県,1100,NICOLE,鹿児島県,2440,MOMO,鹿児島県,0,,-
SINOBUZ,OOO,0,,-,662,RYUSAN,鹿児島県,1411,SUQNE*,鹿児島県,2056,INOKI!,鹿児島県,2633,SUMIRE,鹿児島県
SINOBUZ,OTENAMI Hurricane,0,,-,1039,Z,鹿児島県,1756,YORA,鹿児島県,3089,HIRO99,鹿児島県,0,,-
SINOBUZ,PAPAYAPA BASS,0,,-,706,Z,鹿児島県,1499,SWITCH,鹿児島県,2800,HIRO99,鹿児島県,0,,-
SINOBUZ,Piano Samurai,0,,-,1000,*YULY*,鹿児島県,1505,SIGURE,鹿児島県,2494,HIRO99,鹿児島県,0,,-
SINOBUZ,Quakes,0,,-,937,Z,鹿児島県,1942,SWITCH,鹿児島県,3135,HIRO99,鹿児島県,0,,-
SINOBUZ,RAIN,0,,-,998,Z,鹿児島県,1508,AHOY!,鹿児島県,3255,HIRO99,鹿児島県,0,,-
SINOBUZ,Rave Cannon,0,,-,947,Z,鹿児島県,1618,IVANKO,鹿児島県,3308,HIRO99,鹿児島県,0,,-
SINOBUZ,Remedy feat. Kanae Asaba,0,,-,894,MEIYA.,鹿児島県,1409,COSMOZ,鹿児島県,2204,HIRO99,鹿児島県,0,,-
SINOBUZ,ROTTERDAM SHOGUN,506,MOTOKI,鹿児島県,1074,AHOY!,鹿児島県,1691,AHOY!,鹿児島県,2549,HIRO99,鹿児島県,0,,-
SINOBUZ,SAMURAI-Scramble,0,,-,893,T-DAK,鹿児島県,1580,MEIYA.,鹿児島県,2362,HIRO99,鹿児島県,2764,HIRO99,鹿児島県
SINOBUZ,Sarutobi Champion is 拙者,0,,-,901,*YULY*,鹿児島県,1286,SEKKEN,鹿児島県,2185,HIRO99,鹿児島県,0,,-
SINOBUZ,SAY BAY,0,,-,820,MASA,鹿児島県,1381,NICOLE,鹿児島県,2803,HIRO99,鹿児島県,0,,-
SINOBUZ,Seaside Labyrinth,0,,-,587,Z,鹿児島県,1185,NICOLE,鹿児島県,1841,SACHI,鹿児島県,0,,-
SINOBUZ,Selfish Sweet,0,,-,581,Z,鹿児島県,923,HAKU*,鹿児島県,1688,SACHI,鹿児島県,2588,HIRO99,鹿児島県
SINOBUZ,SEQUENCE CAT,0,,-,1013,Z,鹿児島県,2046,SWITCH,鹿児島県,2856,HIRO99,鹿児島県,0,,-
SINOBUZ,shuriken,0,,-,726,Z,鹿児島県,1112,*YULY*,鹿児島県,2486,POIFUL,鹿児島県,0,,-
SINOBUZ,SINOBUZ Fantasy,0,,-,942,Z,鹿児島県,1511,AHOY!,鹿児島県,2386,R.I.P,鹿児島県,0,,-
SINOBUZ,Sky High,423,MOTOKI,鹿児島県,988,Z,鹿児島県,2041,AHOY!,鹿児島県,3808,HIRO99,鹿児島県,0,,-
SINOBUZ,Snakey Kung-fu,0,,-,1009,Z,鹿児島県,2038,39JO,鹿児島県,3359,HIRO99,鹿児島県,0,,-
SINOBUZ,Steel Edge,0,,-,892,*YULY*,鹿児島県,1418,NICOLE,鹿児島県,3153,HIRO99,鹿児島県,0,,-
SINOBUZ,Summerlights(IIDX Edition),0,,-,1075,*YULY*,鹿児島県,1643,EK-9,鹿児島県,3121,HIRO99,鹿児島県,0,,-
SINOBUZ,Super Rush,0,,-,988,NICOLE,鹿児島県,1755,NICOLE,鹿児島県,3499,HIRO99,鹿児島県,0,,-
SINOBUZ,Surf on the Light,0,,-,698,Z,鹿児島県,1431,SWITCH,鹿児島県,2230,R.I.P,鹿児島県,0,,-
SINOBUZ,The Commanders,0,,-,925,*YULY*,鹿児島県,1357,*YULY*,鹿児島県,2423,HIRO99,鹿児島県,0,,-
SINOBUZ,TOGAKUSHI,0,,-,949,*YULY*,鹿児島県,1576,IKESAN,鹿児島県,2581,HIRO99,鹿児島県,0,,-
SINOBUZ,Umbral,0,,-,545,Z,鹿児島県,1262,NICOLE,鹿児島県,1888,R.I.P,鹿児島県,3044,HIRO99,鹿児島県
SINOBUZ,Venom,0,,-,753,MOTOKI,鹿児島県,1872,AHOY!,鹿児島県,3189,HIRO99,鹿児島県,0,,-
SINOBUZ,Vermilion,0,,-,793,Z,鹿児島県,1222,NICOLE,鹿児島県,1996,HIRO99,鹿児島県,0,,-
SINOBUZ,Warrior,0,,-,916,Z,鹿児島県,1539,CLIFF,鹿児島県,2490,HIRO99,鹿児島県,0,,-
SINOBUZ,XINOBIKILL,0,,-,828,MOTOKI,鹿児島県,1577,MUMU,鹿児島県,2893,HIRO99,鹿児島県,0,,-
SINOBUZ,yamabiko (SINOBUZ Edition),0,,-,912,Z,鹿児島県,1255,*YULY*,鹿児島県,2618,HIRO99,鹿児島県,0,,-
SINOBUZ,Yellow Sketch(RX-Ver.S.P.L.),0,,-,681,Z,鹿児島県,1537,SIGURE,鹿児島県,2738,FUSI,鹿児島県,0,,-
SINOBUZ,〆,0,,-,1180,*YULY*,鹿児島県,2028,AHOY!,鹿児島県,3623,HIRO99,鹿児島県,0,,-
SINOBUZ,ちらちら・はらはら,0,,-,401,*YULY*,鹿児島県,930,HAKU*,鹿児島県,1399,HAKU*,鹿児島県,0,,-
SINOBUZ,イザナミノナゲキ,0,,-,1097,M0NRAL,鹿児島県,1801,NICOLE,鹿児島県,3209,HIRO99,鹿児島県,0,,-
SINOBUZ,ディッシュウォッシャー◎彡おいわちゃん,0,,-,664,Z,鹿児島県,1309,NICOLE,鹿児島県,2496,HIRO99,鹿児島県,0,,-
SINOBUZ,九尾狐夜行,0,,-,809,*YULY*,鹿児島県,1561,AHOY!,鹿児島県,2935,HIRO99,鹿児島県,0,,-
SINOBUZ,冬椿 ft. Kanae Asaba,255,MOTOKI,鹿児島県,898,Z,鹿児島県,1207,NICOLE,鹿児島県,2274,HIRO99,鹿児島県,2986,HIRO99,鹿児島県
SINOBUZ,刃図羅,0,,-,1134,*YULY*,鹿児島県,2019,39JO,鹿児島県,3390,HIRO99,鹿児島県,0,,-
SINOBUZ,忍恋花,0,,-,883,Z,鹿児島県,1411,T-DAK,鹿児島県,2156,R.I.P,鹿児島県,0,,-
SINOBUZ,恋はどう？モロ◎波動OK☆方程式!!,0,,-,896,Z,鹿児島県,1401,*YULY*,鹿児島県,2398,N,鹿児島県,0,,-
SINOBUZ,月雪に舞う華のように,0,,-,762,Z,鹿児島県,1176,*YULY*,鹿児島県,2010,39JO,鹿児島県,0,,-
SINOBUZ,次葉 -turn the page-,0,,-,747,Z,鹿児島県,1367,IKESAN,鹿児島県,1961,SACHI,鹿児島県,0,,-
SINOBUZ,津軽雪,0,,-,1406,NICOLE,鹿児島県,1975,D.O.G.,鹿児島県,3736,HIRO99,鹿児島県,0,,-
SINOBUZ,火影,0,,-,659,Z,鹿児島県,1253,SEKKEN,鹿児島県,2729,HIRO99,鹿児島県,0,,-
SINOBUZ,焔極OVERKILL,0,,-,1058,SIGURE,鹿児島県,1860,ALICE,鹿児島県,3478,HIRO99,鹿児島県,0,,-
SINOBUZ,獅子霞麗ノ舞,0,,-,471,Z,鹿児島県,1025,*YULY*,鹿児島県,1706,HIRO99,鹿児島県,0,,-
SINOBUZ,禍根,0,,-,733,Z,鹿児島県,1252,AHOY!,鹿児島県,2554,INOKI!,鹿児島県,0,,-
SINOBUZ,童話回廊,0,,-,849,Z,鹿児島県,1689,ALICE,鹿児島県,3066,HIRO99,鹿児島県,0,,-
SINOBUZ,鴉,0,,-,1419,*YULY*,鹿児島県,1989,NICOLE,鹿児島県,2634,R.I.P,鹿児島県,0,,-
CANNON BALLERS,1001 -ESCAPE-,0,,-,943,Z,鹿児島県,1567,NICOLE,鹿児島県,2624,HIRO99,鹿児島県,0,,-
CANNON BALLERS,255,0,,-,802,MOTOKI,鹿児島県,1526,ALICE,鹿児島県,3237,HIRO99,鹿児島県,0,,-
CANNON BALLERS,AA -rebuild-,0,,-,1088,Z,鹿児島県,2326,39JO,鹿児島県,3541,HIRO99,鹿児島県,0,,-
CANNON BALLERS,Abraxas,0,,-,684,Z,鹿児島県,1398,MAT2BI,鹿児島県,2414,HIRO99,鹿児島県,0,,-
CANNON BALLERS,ACCELERATE,0,,-,1078,*YULY*,鹿児島県,1569,NICOLE,鹿児島県,2487,INOKI!,鹿児島県,0,,-
CANNON BALLERS,Alpheratz,0,,-,424,MOTOKI,鹿児島県,994,HAKU*,鹿児島県,2080,R.I.P,鹿児島県,2859,HIRO99,鹿児島県
CANNON BALLERS,Amor De Verao,0,,-,770,CHP*1E,鹿児島県,1283,NICOLE,鹿児島県,2274,R.I.P,鹿児島県,0,,-
CANNON BALLERS,ANAGMA,0,,-,998,*YULY*,鹿児島県,1481,*YULY*,鹿児島県,2603,HIRO99,鹿児島県,0,,-
CANNON BALLERS,ANCHOR,0,,-,1276,*YULY*,鹿児島県,2391,39JO,鹿児島県,3504,HIRO99,鹿児島県,0,,-
CANNON BALLERS,Antigravity,0,,-,890,Z,鹿児島県,1675,SEKKEN,鹿児島県,3005,HIRO99,鹿児島県,0,,-
CANNON BALLERS,Arca,0,,-,860,Z,鹿児島県,1563,*YULY*,鹿児島県,3121,HIRO99,鹿児島県,0,,-
CANNON BALLERS,Around the Future,0,,-,988,*YULY*,鹿児島県,1419,T-DAK,鹿児島県,2509,R.I.P,鹿児島県,0,,-
CANNON BALLERS,Back Spin Sweeper,0,,-,802,MASA,鹿児島県,1327,KAI046,鹿児島県,2213,SACHI,鹿児島県,0,,-
CANNON BALLERS,Battleground,0,,-,951,Z,鹿児島県,1680,YUSHI,鹿児島県,2627,R.I.P,鹿児島県,0,,-
CANNON BALLERS,Be a Hero!,0,,-,725,Z,鹿児島県,1515,*YULY*,鹿児島県,3002,SACHI,鹿児島県,0,,-
CANNON BALLERS,Best of Me,0,,-,779,*YULY*,鹿児島県,1445,NICOLE,鹿児島県,2166,R.I.P,鹿児島県,0,,-
CANNON BALLERS,Boomy and The Boost,406,MOTOKI,鹿児島県,970,Z,鹿児島県,1913,NISIDA,鹿児島県,3524,HIRO99,鹿児島県,0,,-
CANNON BALLERS,Break Stasis,0,,-,1210,*YULY*,鹿児島県,1775,COSMOZ,鹿児島県,2378,ALICE,鹿児島県,0,,-
CANNON BALLERS,ChaserXX,0,,-,921,Z,鹿児島県,1633,NICOLE,鹿児島県,2772,HIRO99,鹿児島県,3681,LAZYAF,鹿児島県
CANNON BALLERS,Chemical Cookie,0,,-,810,*YULY*,鹿児島県,1309,IKESAN,鹿児島県,2075,FUSI,鹿児島県,0,,-
CANNON BALLERS,City Never Sleeps (IIDX Edition),0,,-,1232,NICOLE,鹿児島県,1768,7932CK,鹿児島県,2602,HIRO99,鹿児島県,0,,-
CANNON BALLERS,COSMIC☆WONDER☆REVOLUTION,0,,-,718,Z,鹿児島県,1320,SIGURE,鹿児島県,2081,INOKI!,鹿児島県,0,,-
CANNON BALLERS,DEADHEAT,0,,-,1037,Z,鹿児島県,1925,39JO,鹿児島県,3289,HIRO99,鹿児島県,0,,-
CANNON BALLERS,DEATH†ZIGOQ ～怒りの高速爆走野郎～,0,,-,1229,Z,鹿児島県,2252,K,鹿児島県,3824,HIRO99,鹿児島県,4453,LAZYAF,鹿児島県
CANNON BALLERS,DropZ-Line-,0,,-,1150,*YULY*,鹿児島県,1721,AHOY!,鹿児島県,3115,HIRO99,鹿児島県,0,,-
CANNON BALLERS,Eine Haube ～聖地の果てにあるもの～,0,,-,889,Z,鹿児島県,1360,COSMOZ,鹿児島県,2553,HIRO99,鹿児島県,0,,-
CANNON BALLERS,EMERALDAS,492,MOTOKI,鹿児島県,1195,MUMU,鹿児島県,2416,HIRO99,鹿児島県,3418,HIRO99,鹿児島県,0,,-
CANNON BALLERS,encounter,0,,-,866,Z,鹿児島県,1576,SEKKEN,鹿児島県,3265,HIRO99,鹿児島県,0,,-
CANNON BALLERS,Exhaust Hype,0,,-,883,Z,鹿児島県,1664,*YULY*,鹿児島県,2768,SACHI,鹿児島県,0,,-
CANNON BALLERS,Expanded !!,0,,-,646,Z,鹿児島県,1456,NICOLE,鹿児島県,2593,TEMARI,鹿児島県,0,,-
CANNON BALLERS,Fervidex,0,,-,782,Z,鹿児島県,1706,NICOLE,鹿児島県,2635,TEMARI,鹿児島県,0,,-
CANNON BALLERS,FREEDOM,0,,-,901,Z,鹿児島県,1450,*YULY*,鹿児島県,2755,R.I.P,鹿児島県,0,,-
CANNON BALLERS,From Time To Time,0,,-,793,*YULY*,鹿児島県,1681,7932CK,鹿児島県,2507,SACHI,鹿児島県,0,,-
CANNON BALLERS,FUTURE is Dead,0,,-,876,*YULY*,鹿児島県,1196,*YULY*,鹿児島県,2122,INOKI!,鹿児島県,0,,-
CANNON BALLERS,Get Up! feat. Kanae Asaba,0,,-,546,Z,鹿児島県,1103,NICOLE,鹿児島県,1865,INOKI!,鹿児島県,0,,-
CANNON BALLERS,HAT TRICK,0,,-,828,*YULY*,鹿児島県,1352,HAKU*,鹿児島県,2212,HIRO99,鹿児島県,0,,-
CANNON BALLERS,Hella Deep,0,,-,611,*YULY*,鹿児島県,805,Z,鹿児島県,1836,HIRO99,鹿児島県,0,,-
CANNON BALLERS,HYPE THE CORE,0,,-,825,Z,鹿児島県,1748,NICOLE,鹿児島県,2981,HIRO99,鹿児島県,0,,-
CANNON BALLERS,I Love You,0,,-,962,Z,鹿児島県,1526,SHARON,鹿児島県,2728,HIRO99,鹿児島県,0,,-
CANNON BALLERS,Illusionary Waterlily,0,,-,1091,Z,鹿児島県,1898,AHOY!,鹿児島県,3480,HIRO99,鹿児島県,0,,-
CANNON BALLERS,Initiation,632,MOTOKI,鹿児島県,1225,Z,鹿児島県,2482,R.I.P,鹿児島県,3872,HIRO99,鹿児島県,0,,-
CANNON BALLERS,"Life Is A Game ft.DD""ナカタ""Metal",0,,-,1196,*YULY*,鹿児島県,1828,39JO,鹿児島県,3396,HIRO99,鹿児島県,0,,-
CANNON BALLERS,LUV DRIVE,0,,-,756,Z,鹿児島県,1079,Z,鹿児島県,2091,R.I.P,鹿児島県,0,,-
CANNON BALLERS,MAXIVCORD,0,,-,703,Z,鹿児島県,1218,SEKKEN,鹿児島県,2429,HIRO99,鹿児島県,0,,-
CANNON BALLERS,Midnight Lady,0,,-,594,Z,鹿児島県,1064,MASA,鹿児島県,1912,N,鹿児島県,0,,-
CANNON BALLERS,n'pa pa BBQ,0,,-,873,Z,鹿児島県,1620,SEKKEN,鹿児島県,2760,HIRO99,鹿児島県,0,,-
CANNON BALLERS,NITROUS CANNON,0,,-,1112,Z,鹿児島県,1692,SEKKEN,鹿児島県,3543,HIRO99,鹿児島県,0,,-
CANNON BALLERS,No Limit 2 dAnce feat. 大山愛未,0,,-,876,Z,鹿児島県,1324,MUMU,鹿児島県,2326,HIRO99,鹿児島県,0,,-
CANNON BALLERS,Nothing but Theory,0,,-,1002,Z,鹿児島県,1523,SUQNE*,鹿児島県,2843,HIRO99,鹿児島県,3690,HIRO99,鹿児島県
CANNON BALLERS,O/D*20,0,,-,1073,MASA,鹿児島県,1667,SUQNE*,鹿児島県,2122,HIRO99,鹿児島県,3812,HIRO99,鹿児島県
CANNON BALLERS,Only for now,0,,-,828,Z,鹿児島県,1418,*YULY*,鹿児島県,2222,R.I.P,鹿児島県,0,,-
CANNON BALLERS,Papilio ulysses,0,,-,949,Z,鹿児島県,1961,KAI046,鹿児島県,2863,HIRO99,鹿児島県,0,,-
CANNON BALLERS,Persephone,0,,-,1086,*YULY*,鹿児島県,1514,KOU,鹿児島県,2973,HIRO99,鹿児島県,0,,-
CANNON BALLERS,Rampage,0,,-,1244,*YULY*,鹿児島県,2445,R.I.P,鹿児島県,3595,HIRO99,鹿児島県,0,,-
CANNON BALLERS,Raspberry Railgun,0,,-,1093,Z,鹿児島県,2038,MEIYA.,鹿児島県,3150,HIRO99,鹿児島県,0,,-
CANNON BALLERS,REVOLVER,0,,-,885,0000,鹿児島県,1348,SEKKEN,鹿児島県,2669,HIRO99,鹿児島県,3165,LAZYAF,鹿児島県
CANNON BALLERS,Sleepless days,0,,-,501,HAKU*,鹿児島県,900,HAKU*,鹿児島県,1572,INOKI!,鹿児島県,0,,-
CANNON BALLERS,Slipstream,0,,-,1013,*YULY*,鹿児島県,1869,HAKU*,鹿児島県,3512,HIRO99,鹿児島県,0,,-
CANNON BALLERS,SPEED DEMON,0,,-,668,Z,鹿児島県,1343,*YULY*,鹿児島県,2244,TEMARI,鹿児島県,0,,-
CANNON BALLERS,STARLIGHT JUNCTION,0,,-,837,Z,鹿児島県,1494,HAKU*,鹿児島県,2286,HIRO99,鹿児島県,2877,HIRO99,鹿児島県
CANNON BALLERS,Static State,0,,-,1014,MASA,鹿児島県,1568,OITAN,鹿児島県,2324,HIRO99,鹿児島県,0,,-
CANNON BALLERS,Temple of Anubis,0,,-,933,Z,鹿児島県,1278,SEINA.,鹿児島県,2636,HIRO99,鹿児島県,0,,-
CANNON BALLERS,THE CANNONBALLER,463,MOTOKI,鹿児島県,1282,Z,鹿児島県,2032,MUMU,鹿児島県,3407,HIRO99,鹿児島県,0,,-
CANNON BALLERS,The Chase,0,,-,576,MOTOKI,鹿児島県,1342,R.I.P,鹿児島県,2128,HIRO99,鹿児島県,0,,-
CANNON BALLERS,UMMU,422,MOTOKI,鹿児島県,877,MOTOKI,鹿児島県,2068,ASIC,鹿児島県,3042,HIRO99,鹿児島県,0,,-
CANNON BALLERS,Usual Days-remix,0,,-,951,Z,鹿児島県,1205,*YULY*,鹿児島県,2603,HIRO99,鹿児島県,0,,-
CANNON BALLERS,Xperanza,526,MOTOKI,鹿児島県,1310,*YULY*,鹿児島県,2348,39JO,鹿児島県,3133,HIRO99,鹿児島県,0,,-
CANNON BALLERS,うさ☆かめ 大戦争！,0,,-,624,MOTOKI,鹿児島県,1452,*TAKE*,鹿児島県,2501,HIRO99,鹿児島県,0,,-
CANNON BALLERS,エディブルフラワーの独白,0,,-,734,Z,鹿児島県,1458,NICOLE,鹿児島県,2207,HIRO99,鹿児島県,0,,-
CANNON BALLERS,シムルグの目醒め,0,,-,1339,NICOLE,鹿児島県,2177,K,鹿児島県,3394,HIRO99,鹿児島県,0,,-
CANNON BALLERS,ナイトシティー・アヴァンチュール,0,,-,926,Z,鹿児島県,1510,HAKU*,鹿児島県,2070,HIRO99,鹿児島県,0,,-
CANNON BALLERS,ハイ*ビスカス ft. Kanae Asaba,0,,-,800,Z,鹿児島県,1418,NICOLE,鹿児島県,2373,R.I.P,鹿児島県,0,,-
CANNON BALLERS,バ→ビ→ブ→Bomb!,0,,-,771,Z,鹿児島県,1625,SEKKEN,鹿児島県,2543,HIRO99,鹿児島県,0,,-
CANNON BALLERS,バスルーム ロマンス,0,,-,888,*YULY*,鹿児島県,1445,SUQNE*,鹿児島県,2353,R.I.P,鹿児島県,0,,-
CANNON BALLERS,パラドキシカル・タイムリープトライアル(Short Ver.),0,,-,917,Z,鹿児島県,1466,*YULY*,鹿児島県,2780,HIRO99,鹿児島県,0,,-
CANNON BALLERS,ラストセンチュリーメランコリック,0,,-,798,Z,鹿児島県,1327,*YULY*,鹿児島県,2109,R.I.P,鹿児島県,0,,-
CANNON BALLERS,共犯ヘヴンズコード,0,,-,474,Z,鹿児島県,1201,NICOLE,鹿児島県,2234,R.I.P,鹿児島県,0,,-
CANNON BALLERS,命の標本,0,,-,732,*YULY*,鹿児島県,1477,IKESAN,鹿児島県,2590,R.I.P,鹿児島県,0,,-
CANNON BALLERS,東京神話,444,Z,鹿児島県,977,*YULY*,鹿児島県,1594,AHOY!,鹿児島県,2767,HIRO99,鹿児島県,0,,-
CANNON BALLERS,神謳 -RESONANCE-,0,,-,1346,*YULY*,鹿児島県,2147,AHOY!,鹿児島県,3975,HIRO99,鹿児島県,0,,-
CANNON BALLERS,純真可憐デザイア,240,MOTOKI,鹿児島県,769,Z,鹿児島県,1562,SWITCH,鹿児島県,2334,HIRO99,鹿児島県,2954,HIRO99,鹿児島県
CANNON BALLERS,草原の王女-軌跡を辿って-,0,,-,651,MOTOKI,鹿児島県,1034,Z,鹿児島県,2287,HIRO99,鹿児島県,0,,-
Rootage,& Intelligence,0,,-,1030,Z,鹿児島県,1870,TOMO,鹿児島県,3119,HIRO99,鹿児島県,0,,-
Rootage,50th Memorial Songs -Beginning Story-,312,MOTOKI,鹿児島県,745,Z,鹿児島県,1411,Z,鹿児島県,2664,R.I.P,鹿児島県,0,,-
Rootage,50th Memorial Songs -Flagship medley-,354,MOTOKI,鹿児島県,846,*YULY*,鹿児島県,1274,SEKKEN,鹿児島県,2110,UNAGI*,鹿児島県,0,,-
Rootage,50th Memorial Songs -The BEMANI History-,508,Z,鹿児島県,1004,Z,鹿児島県,1425,AHOY!,鹿児島県,2458,R.I.P,鹿児島県,0,,-
Rootage,50th Memorial Songs -二人の時 ～under the cherry blossoms～-,541,MOTOKI,鹿児島県,1105,Z,鹿児島県,1569,HAKU*,鹿児島県,2567,HIRO99,鹿児島県,0,,-
Rootage,Afterimage d'automne,0,,-,941,*YULY*,鹿児島県,1571,SEKKEN,鹿児島県,2795,HIRO99,鹿児島県,0,,-
Rootage,BLACK JACKAL,0,,-,804,Z,鹿児島県,1441,SEKKEN,鹿児島県,2300,HIRO99,鹿児島県,0,,-
Rootage,BLOSSOM,0,,-,1041,*YULY*,鹿児島県,1443,COSMOZ,鹿児島県,2546,HIRO99,鹿児島県,0,,-
Rootage,Carmina,469,MOTOKI,鹿児島県,1205,0000,鹿児島県,2088,CLEF,鹿児島県,3664,HIRO99,鹿児島県,0,,-
Rootage,Carry Me Away,506,MOTOKI,鹿児島県,1063,*YULY*,鹿児島県,1607,COSMOZ,鹿児島県,3161,HIRO99,鹿児島県,0,,-
Rootage,Catch Our Fire!,0,,-,1276,ALICE,鹿児島県,1964,AHOY!,鹿児島県,3685,HIRO99,鹿児島県,0,,-
Rootage,CODE:0,0,,-,1362,*YULY*,鹿児島県,1947,SEKKEN,鹿児島県,2704,SACHI,鹿児島県,3297,HIRO99,鹿児島県
Rootage,CoMAAAAAAA,0,,-,1101,MASA,鹿児島県,1847,EK-9,鹿児島県,2396,HIRO99,鹿児島県,3820,HIRO99,鹿児島県
Rootage,COSMIC CYBER,0,,-,934,Z,鹿児島県,1580,COSMOZ,鹿児島県,2883,HIRO99,鹿児島県,0,,-
Rootage,Cranberry City ft. Luschel,0,,-,828,*YULY*,鹿児島県,1457,CH*IKA,鹿児島県,2404,HIRO99,鹿児島県,0,,-
Rootage,dAuntl3ss,0,,-,984,Z,鹿児島県,1839,COSMOZ,鹿児島県,3463,HIRO99,鹿児島県,0,,-
Rootage,Dr. Chemical & Killing Machine,0,,-,959,Z,鹿児島県,1614,AHOY!,鹿児島県,3335,HIRO99,鹿児島県,0,,-
Rootage,Drastic Dramatic,0,,-,1383,COSMOZ,鹿児島県,1927,OITAN,鹿児島県,3462,HIRO99,鹿児島県,0,,-
Rootage,DRUNK MONKY,0,,-,901,*YULY*,鹿児島県,1339,COSMOZ,鹿児島県,2296,HIRO99,鹿児島県,0,,-
Rootage,Ember Lights,0,,-,909,MASA,鹿児島県,1502,0000,鹿児島県,2685,HIRO99,鹿児島県,3050,HIRO99,鹿児島県
Rootage,EVANESCENT,0,,-,1181,*YULY*,鹿児島県,2134,MEIYA.,鹿児島県,3515,HIRO99,鹿児島県,0,,-
Rootage,Garuda,0,,-,836,Z,鹿児島県,1472,YUSHI,鹿児島県,2579,INOKI!,鹿児島県,0,,-
Rootage,Geirskögul,0,,-,1030,*YULY*,鹿児島県,1473,*YULY*,鹿児島県,2199,R.I.P,鹿児島県,0,,-
Rootage,GENE,0,,-,1236,CHP*1E,鹿児島県,1891,39JO,鹿児島県,4275,HIRO99,鹿児島県,3479,HIRO99,鹿児島県
Rootage,GIGA THRASH,0,,-,1061,Z,鹿児島県,1576,IKESAN,鹿児島県,2640,INOKI!,鹿児島県,0,,-
Rootage,Glory,0,,-,718,*YULY*,鹿児島県,1429,NICOLE,鹿児島県,2311,HIRO99,鹿児島県,0,,-
Rootage,GO OVER WITH GLARE -ROOTAGE 26-,0,,-,1015,*YULY*,鹿児島県,1985,7932CK,鹿児島県,3842,LAZYAF,鹿児島県,0,,-
Rootage,HARD BRAIN,0,,-,1284,MASA,鹿児島県,2047,SACHI,鹿児島県,3726,HIRO99,鹿児島県,0,,-
Rootage,HEISEI,366,MOTOKI,鹿児島県,1020,Z,鹿児島県,1773,COSMOZ,鹿児島県,2538,HIRO99,鹿児島県,0,,-
Rootage,Hurry Hurry,0,,-,725,*YULY*,鹿児島県,949,Z,鹿児島県,2086,HIRO99,鹿児島県,0,,-
Rootage,IDC feat.REVERBEE (Mo'Cuts Ver),0,,-,853,Z,鹿児島県,1381,SEKKEN,鹿児島県,2177,HIRO99,鹿児島県,0,,-
Rootage,IDOL syndrome.,0,,-,716,Z,鹿児島県,1394,HAKU*,鹿児島県,2184,HIRO99,鹿児島県,2920,INOKI!,鹿児島県
Rootage,KILL EACH OTHER,0,,-,1188,Z,鹿児島県,2237,ALICE,鹿児島県,3761,HIRO99,鹿児島県,0,,-
Rootage,L.F.O,0,,-,772,MOTOKI,鹿児島県,1588,AHOY!,鹿児島県,3279,HIRO99,鹿児島県,0,,-
Rootage,LADYBIRD,0,,-,882,Z,鹿児島県,1593,SUQNE*,鹿児島県,2430,HIRO99,鹿児島県,0,,-
Rootage,Let me be your cure,0,,-,984,T-DAK,鹿児島県,1395,HAKU*,鹿児島県,2655,HIRO99,鹿児島県,0,,-
Rootage,Lethal Weapon,0,,-,1153,SEKKEN,鹿児島県,1726,7932CK,鹿児島県,3160,HIRO99,鹿児島県,0,,-
Rootage,Level One,0,,-,1146,MASA,鹿児島県,2175,KAI046,鹿児島県,3453,HIRO99,鹿児島県,0,,-
Rootage,Lift Us High,0,,-,918,*YULY*,鹿児島県,1489,SEKKEN,鹿児島県,2441,R.I.P,鹿児島県,0,,-
Rootage,LOST TECHNOLOGIE,0,,-,1056,*YULY*,鹿児島県,1659,SEKKEN,鹿児島県,3410,HIRO99,鹿児島県,0,,-
Rootage,Macho Monky,0,,-,1235,*YULY*,鹿児島県,1937,LOUVRE,鹿児島県,2973,HIRO99,鹿児島県,0,,-
Rootage,Necroxis Girl,0,,-,1024,SIGURE,鹿児島県,1635,0000,鹿児島県,2651,TEMARI,鹿児島県,0,,-
Rootage,"Next Tales 2 Oath (IIDX 20th Anniv ""Ring"" Theme)",0,,-,779,Z,鹿児島県,1358,ZIN25*,鹿児島県,2724,HIRO99,鹿児島県,0,,-
Rootage,Night! Night! Night!,0,,-,1075,Z,鹿児島県,1554,NICOLE,鹿児島県,3001,HIRO99,鹿児島県,0,,-
Rootage,ONIGOROSHI,0,,-,1017,Z,鹿児島県,2032,ASIC,鹿児島県,2984,HIRO99,鹿児島県,0,,-
Rootage,OVER TIME,0,,-,538,Z,鹿児島県,907,*YULY*,鹿児島県,1547,SACHI,鹿児島県,1988,SUMIRE,鹿児島県
Rootage,Painful Fate,0,,-,1115,O9DQ,鹿児島県,2093,SWITCH,鹿児島県,3278,HIRO99,鹿児島県,0,,-
Rootage,Playing With Fire,0,,-,845,Z,鹿児島県,1365,SEKKEN,鹿児島県,2349,HIRO99,鹿児島県,0,,-
Rootage,Psycho Sheep Riddim,0,,-,606,Z,鹿児島県,940,*YULY*,鹿児島県,1621,N,鹿児島県,2227,HIRO99,鹿児島県
Rootage,Red. by Jack Trance,0,,-,1370,HAKU*,鹿児島県,2139,SACHI,鹿児島県,3523,HIRO99,鹿児島県,0,,-
Rootage,REPLAY,0,,-,895,*YULY*,鹿児島県,1517,7932CK,鹿児島県,2238,SACHI,鹿児島県,0,,-
Rootage,ROCK女 feat. 大山愛未， Ken,0,,-,971,*YULY*,鹿児島県,1608,ALICE,鹿児島県,2639,SACHI,鹿児島県,0,,-
Rootage,ruin of opals,0,,-,686,MOTOKI,鹿児島県,1596,SEKKEN,鹿児島県,3027,HIRO99,鹿児島県,0,,-
Rootage,R∞tAge,516,MOTOKI,鹿児島県,958,T-DAK,鹿児島県,1483,MUMU,鹿児島県,2952,HIRO99,鹿児島県,0,,-
Rootage,SPEED ROCKER,0,,-,844,Z,鹿児島県,1394,0000,鹿児島県,2271,SACHI,鹿児島県,0,,-
Rootage,Technicolour Dreams,0,,-,868,Z,鹿児島県,1339,NICOLE,鹿児島県,2351,N,鹿児島県,0,,-
Rootage,The Best of Both Worlds,0,,-,580,Z,鹿児島県,1200,*YULY*,鹿児島県,2217,HIRO99,鹿児島県,0,,-
Rootage,THE DAY OF JUBILATIONS,0,,-,1333,*YULY*,鹿児島県,2281,ALICE,鹿児島県,3426,HIRO99,鹿児島県,0,,-
Rootage,The Rebellion of Sequencer,0,,-,946,Z,鹿児島県,1909,39JO,鹿児島県,3035,HIRO99,鹿児島県,0,,-
Rootage,toy boxer,0,,-,706,Z,鹿児島県,1320,IKESAN,鹿児島県,2185,N,鹿児島県,0,,-
Rootage,ToyCube Pf.(RX-Ver.S.P.L.),0,,-,673,Z,鹿児島県,1366,Z,鹿児島県,2225,SACHI,鹿児島県,0,,-
Rootage,Trill auf G,0,,-,1017,CHERRY,鹿児島県,1713,T-DAK,鹿児島県,3198,LAZYAF,鹿児島県,0,,-
Rootage,Twilight Warp,0,,-,894,*YULY*,鹿児島県,1228,*YULY*,鹿児島県,2114,R.I.P,鹿児島県,0,,-
Rootage,Unbelief,0,,-,897,Z,鹿児島県,1927,KAI046,鹿児島県,3123,HIRO99,鹿児島県,0,,-
Rootage,UNDERWORLD HOLOGRAPHY,0,,-,1025,Z,鹿児島県,1948,HISA,鹿児島県,3191,INOKI!,鹿児島県,0,,-
Rootage,Urban Constellations,0,,-,616,Z,鹿児島県,1344,MUMU,鹿児島県,2216,R.I.P,鹿児島県,3243,TEMARI,鹿児島県
Rootage,Visterhv,0,,-,1214,*YULY*,鹿児島県,2114,SWITCH,鹿児島県,3662,HIRO99,鹿児島県,0,,-
Rootage,voltississimo,0,,-,1037,T-DAK,鹿児島県,1852,ACE,鹿児島県,3487,HIRO99,鹿児島県,0,,-
Rootage,Wing of Hearts,0,,-,1015,Z,鹿児島県,1667,7932CK,鹿児島県,2903,HIRO99,鹿児島県,0,,-
Rootage,Wolf 1061,0,,-,940,Z,鹿児島県,1590,SEKKEN,鹿児島県,3002,LAZYAF,鹿児島県,0,,-
Rootage,Wonderland,0,,-,908,Z,鹿児島県,1675,SEKKEN,鹿児島県,2739,HIRO99,鹿児島県,0,,-
Rootage,X-DEN,0,,-,1413,SIOP,鹿児島県,2641,HIRO99,鹿児島県,3931,HIRO99,鹿児島県,0,,-
Rootage,XENON II ～TOMOYUKIの野望～,0,,-,746,TORORO,鹿児島県,1476,SEKKEN,鹿児島県,2965,HIRO99,鹿児島県,0,,-
Rootage,Xlo,0,,-,1265,Z,鹿児島県,2381,39JO,鹿児島県,3690,HIRO99,鹿児島県,0,,-
Rootage,Yum Yum Jelly,0,,-,703,Z,鹿児島県,1423,NICOLE,鹿児島県,2356,HIRO99,鹿児島県,0,,-
Rootage,ZENDEGI DANCE,0,,-,1113,MASA,鹿児島県,1586,SEKKEN,鹿児島県,2752,HIRO99,鹿児島県,0,,-
Rootage,おーまい！らぶりー！すうぃーてぃ！だーりん！,0,,-,956,Z,鹿児島県,1688,SEKKEN,鹿児島県,2873,HIRO99,鹿児島県,0,,-
Rootage,お菓子の王国,0,,-,1216,O9DQ,鹿児島県,1966,K,鹿児島県,3961,HIRO99,鹿児島県,0,,-
Rootage,グラナダの風,0,,-,733,Z,鹿児島県,1199,NEKO*3,鹿児島県,1808,HIRO99,鹿児島県,0,,-
Rootage,セカンドピアス,0,,-,552,MOTOKI,鹿児島県,1069,HAKU*,鹿児島県,1981,N,鹿児島県,0,,-
Rootage,ハードベース・フェスタ,0,,-,1045,*YULY*,鹿児島県,1630,SEKKEN,鹿児島県,2849,HIRO99,鹿児島県,0,,-
Rootage,ミストレス・アンに花束を,0,,-,549,Z,鹿児島県,960,*YULY*,鹿児島県,1398,R.I.P,鹿児島県,0,,-
Rootage,ミッドナイト☆WAR,0,,-,773,Z,鹿児島県,1460,NICOLE,鹿児島県,2464,INOKI!,鹿児島県,0,,-
Rootage,夏の匂い。キミの残像。 ft. Kanae Asaba,0,,-,635,Z,鹿児島県,1518,NEKO*3,鹿児島県,2550,HIRO99,鹿児島県,0,,-
Rootage,抱きしめてモナムール,0,,-,1149,O9DQ,鹿児島県,2067,HARU?!,鹿児島県,4071,HIRO99,鹿児島県,0,,-
Rootage,最小三倍完全数,0,,-,780,Z,鹿児島県,1522,SEKKEN,鹿児島県,2514,HIRO99,鹿児島県,0,,-
Rootage,泰東ノ翠霞,0,,-,433,MOTOKI,鹿児島県,723,SUQNE*,鹿児島県,1697,HIRO99,鹿児島県,0,,-
Rootage,深愛のリグレット,0,,-,730,Z,鹿児島県,1167,HAKU*,鹿児島県,2388,HIRO99,鹿児島県,0,,-
Rootage,爆ゼニ☆がってんワーカー,0,,-,1144,*YULY*,鹿児島県,1742,HIYOKO,鹿児島県,2610,LAZYAF,鹿児島県,0,,-
Rootage,花冠 feat.Aikapin,0,,-,827,*YULY*,鹿児島県,1512,NICOLE,鹿児島県,2580,HIRO99,鹿児島県,0,,-
Rootage,金野火織の金色提言,0,,-,1062,AHOY!,鹿児島県,2054,YUSHI,鹿児島県,3010,HIRO99,鹿児島県,0,,-
Rootage,龍王の霊廟(Mausoleum Of The Primal Dragon),0,,-,1085,*YULY*,鹿児島県,2124,MEIZEE,鹿児島県,3169,HIRO99,鹿児島県,3917,HIRO99,鹿児島県
HEROIC VERSE,27th style,0,,-,1152,LAZYAF,鹿児島県,1617,SEKKEN,鹿児島県,2523,HIRO99,鹿児島県,3029,HIRO99,鹿児島県
HEROIC VERSE,Advent Infamous,0,,-,979,*YULY*,鹿児島県,1600,NEKO*3,鹿児島県,2832,HIRO99,鹿児島県,0,,-
HEROIC VERSE,AKASHIC BREAK,0,,-,1212,YUSHI,鹿児島県,2002,NICOLE,鹿児島県,3549,HIRO99,鹿児島県,0,,-
HEROIC VERSE,And-RoiD,0,,-,716,*YULY*,鹿児島県,1273,HAKU*,鹿児島県,2008,HIRO99,鹿児島県,0,,-
HEROIC VERSE,Artist,0,,-,1114,Z,鹿児島県,2284,39JO,鹿児島県,3490,HIRO99,鹿児島県,0,,-
HEROIC VERSE,Backyard Stars,0,,-,957,MUUMIN,鹿児島県,1450,NICOLE,鹿児島県,2219,SACHI,鹿児島県,0,,-
HEROIC VERSE,BEAT PRISONER,0,,-,1039,T-DAK,鹿児島県,1912,SWITCH,鹿児島県,3517,HIRO99,鹿児島県,0,,-
HEROIC VERSE,beatAffection,0,,-,998,*YULY*,鹿児島県,1453,IKESAN,鹿児島県,2646,HIRO99,鹿児島県,0,,-
HEROIC VERSE,Beautiful Harmony (IIDX Mix),0,,-,838,Z,鹿児島県,1578,COSMOZ,鹿児島県,2441,SACHI,鹿児島県,0,,-
HEROIC VERSE,Bow shock!!,0,,-,784,MASA,鹿児島県,1897,UNAGI*,鹿児島県,3079,HIRO99,鹿児島県,4161,HIRO99,鹿児島県
HEROIC VERSE,Calvados Queen,0,,-,892,*YULY*,鹿児島県,1354,*YULY*,鹿児島県,2459,HIRO99,鹿児島県,0,,-
HEROIC VERSE,Change Yourself,0,,-,896,*YULY*,鹿児島県,1566,TOMO,鹿児島県,2454,R.I.P,鹿児島県,0,,-
HEROIC VERSE,Crank It,0,,-,724,Z,鹿児島県,1429,NICOLE,鹿児島県,2424,R.I.P,鹿児島県,0,,-
HEROIC VERSE,Dans la nuit de l'eternite,0,,-,1187,Z,鹿児島県,1979,HAKU*,鹿児島県,3336,HIRO99,鹿児島県,0,,-
HEROIC VERSE,Do What You Want,0,,-,658,Z,鹿児島県,1176,HAKU*,鹿児島県,2019,HIRO99,鹿児島県,0,,-
HEROIC VERSE,Double Dribble,0,,-,1183,*YULY*,鹿児島県,1902,39JO,鹿児島県,3303,HIRO99,鹿児島県,0,,-
HEROIC VERSE,EROICA,0,,-,1255,KAIDES,鹿児島県,2295,39JO,鹿児島県,3700,HIRO99,鹿児島県,0,,-
HEROIC VERSE,Everlasting Message,0,,-,1100,SIOP,鹿児島県,2139,KAI046,鹿児島県,3657,HIRO99,鹿児島県,0,,-
HEROIC VERSE,fairy cocktail,0,,-,423,Z,鹿児島県,975,Z,鹿児島県,1630,HIRO99,鹿児島県,0,,-
HEROIC VERSE,Fly Above (Vicissitude Remix),0,,-,796,Z,鹿児島県,1293,O9DQ,鹿児島県,2379,HIRO99,鹿児島県,0,,-
HEROIC VERSE,Forgetting Machine,0,,-,706,*YULY*,鹿児島県,1177,SEKKEN,鹿児島県,1711,HIRO99,鹿児島県,0,,-
HEROIC VERSE,Friction[!]Function,0,,-,1021,*YULY*,鹿児島県,1675,SWITCH,鹿児島県,3164,HIRO99,鹿児島県,0,,-
HEROIC VERSE,GHOST,0,,-,726,Z,鹿児島県,1343,7932CK,鹿児島県,2651,SUMIRE,鹿児島県,0,,-
HEROIC VERSE,GIGA VIOLATE,0,,-,937,Z,鹿児島県,1414,SEKKEN,鹿児島県,2731,HIRO99,鹿児島県,0,,-
HEROIC VERSE,Hold My Hand,0,,-,902,*YULY*,鹿児島県,1579,YUINA,鹿児島県,2462,HIRO99,鹿児島県,0,,-
HEROIC VERSE,Hyper Drive feat. ぷにぷに電機,0,,-,631,Z,鹿児島県,1422,HAKU*,鹿児島県,1986,SACHI,鹿児島県,0,,-
HEROIC VERSE,If,0,,-,753,*YULY*,鹿児島県,1210,SEKKEN,鹿児島県,1890,HIRO99,鹿児島県,0,,-
HEROIC VERSE,Inferno of Fomalhaut,0,,-,946,*YULY*,鹿児島県,1790,39JO,鹿児島県,3060,HIRO99,鹿児島県,0,,-
HEROIC VERSE,Infinity Mirror,0,,-,793,Z,鹿児島県,1204,MUMU,鹿児島県,2284,R.I.P,鹿児島県,0,,-
HEROIC VERSE,Into The Madness,0,,-,926,*YULY*,鹿児島県,1427,SEKKEN,鹿児島県,2506,HIRO99,鹿児島県,0,,-
HEROIC VERSE,LASER CRUSTER (IGNITE REMIX),0,,-,752,*YULY*,鹿児島県,1413,SEINA.,鹿児島県,3504,HIRO99,鹿児島県,0,,-
HEROIC VERSE,Level 2,0,,-,802,*YULY*,鹿児島県,1691,TEMARI,鹿児島県,2837,HIRO99,鹿児島県,0,,-
HEROIC VERSE,LIGHTNING STRIKES,446,Z,鹿児島県,906,*YULY*,鹿児島県,1575,CLEF,鹿児島県,3227,HIRO99,鹿児島県,4041,HIRO99,鹿児島県
HEROIC VERSE,Like+it!,0,,-,899,Z,鹿児島県,1557,SEKKEN,鹿児島県,2297,R.I.P,鹿児島県,0,,-
HEROIC VERSE,Lords Of The Roundtable,0,,-,881,Z,鹿児島県,1762,ALICE,鹿児島県,3011,HIRO99,鹿児島県,0,,-
HEROIC VERSE,Lost Souls,0,,-,623,Z,鹿児島県,1479,OITAN,鹿児島県,2442,HIRO99,鹿児島県,3832,LAZYAF,鹿児島県
HEROIC VERSE,Matt Silver,0,,-,1074,Z,鹿児島県,1872,SEKKEN,鹿児島県,3328,HIRO99,鹿児島県,0,,-
HEROIC VERSE,Megalara Garuda,0,,-,1284,*YULY*,鹿児島県,1827,ALICE,鹿児島県,3025,HIRO99,鹿児島県,0,,-
HEROIC VERSE,Mel,0,,-,730,Z,鹿児島県,1412,HAKU*,鹿児島県,2130,39JO,鹿児島県,2696,HIRO99,鹿児島県
HEROIC VERSE,Moving on,0,,-,948,Z,鹿児島県,1764,COSMOZ,鹿児島県,2881,TEMARI,鹿児島県,0,,-
HEROIC VERSE,Nasty Techniques,0,,-,965,MASA,鹿児島県,1572,HAKU*,鹿児島県,2599,SACHI,鹿児島県,0,,-
HEROIC VERSE,NEWALONE,0,,-,565,Z,鹿児島県,1139,Z,鹿児島県,2008,HIRO99,鹿児島県,0,,-
HEROIC VERSE,ORCA,0,,-,1203,*YULY*,鹿児島県,2168,PLUMI,鹿児島県,3392,HIRO99,鹿児島県,0,,-
HEROIC VERSE,OUTER PLANETS,0,,-,625,Z,鹿児島県,1166,Z,鹿児島県,2161,HIRO99,鹿児島県,0,,-
HEROIC VERSE,Override,0,,-,872,Z,鹿児島県,1536,COSMOZ,鹿児島県,2894,HIRO99,鹿児島県,4176,LAZYAF,鹿児島県
HEROIC VERSE,PHASE SHIFT MANEUVER,0,,-,1142,Z,鹿児島県,1537,0000,鹿児島県,2759,R.I.P,鹿児島県,0,,-
HEROIC VERSE,Primitive Vibes,562,MOTOKI,鹿児島県,1042,Z,鹿児島県,1828,YUSHI,鹿児島県,3085,HIRO99,鹿児島県,0,,-
HEROIC VERSE,Queen Kaguya,0,,-,823,Z,鹿児島県,1737,YORA,鹿児島県,2613,HIRO99,鹿児島県,0,,-
HEROIC VERSE,Rainstorm,0,,-,925,*YULY*,鹿児島県,1405,COSMOZ,鹿児島県,2271,SACHI,鹿児島県,0,,-
HEROIC VERSE,Rave Patroller,0,,-,1294,*YULY*,鹿児島県,2247,39JO,鹿児島県,3330,HIRO99,鹿児島県,0,,-
HEROIC VERSE,rough percussionythm,0,,-,983,*YULY*,鹿児島県,1484,SEKKEN,鹿児島県,2517,HIRO99,鹿児島県,0,,-
HEROIC VERSE,S!ck (Nhato Remix),0,,-,870,Z,鹿児島県,1509,COSMOZ,鹿児島県,2454,R.I.P,鹿児島県,0,,-
HEROIC VERSE,SCREW // owo // SCREW,0,,-,1061,*YULY*,鹿児島県,1857,IKESAN,鹿児島県,2967,HIRO99,鹿児島県,0,,-
HEROIC VERSE,Shiva,0,,-,675,Z,鹿児島県,1199,*YULY*,鹿児島県,2126,HIRO99,鹿児島県,0,,-
HEROIC VERSE,Silly Love,247,MOTOKI,鹿児島県,769,*YULY*,鹿児島県,1165,*YULY*,鹿児島県,2043,SACHI,鹿児島県,0,,-
HEROIC VERSE,Ska-sh All Neurons!!,0,,-,916,Z,鹿児島県,1301,*YULY*,鹿児島県,2263,POIFUL,鹿児島県,0,,-
HEROIC VERSE,Smashing Wedge,0,,-,841,Z,鹿児島県,1967,RUNA96,鹿児島県,3673,HIRO99,鹿児島県,0,,-
HEROIC VERSE,Sparkle Smilin',0,,-,827,Z,鹿児島県,1393,*YULY*,鹿児島県,2438,HIRO99,鹿児島県,0,,-
HEROIC VERSE,STOIC HYPOTHESIS,0,,-,1073,*YULY*,鹿児島県,1570,0000,鹿児島県,2803,HIRO99,鹿児島県,0,,-
HEROIC VERSE,Sugar Drippin',0,,-,748,*YULY*,鹿児島県,1159,Z,鹿児島県,2085,HIRO99,鹿児島県,0,,-
HEROIC VERSE,T-REX vs Velociraptor (In the Far east euphoria),0,,-,1152,O9DQ,鹿児島県,1596,SEKKEN,鹿児島県,3193,HIRO99,鹿児島県,0,,-
HEROIC VERSE,take me higher,0,,-,731,Z,鹿児島県,1024,SEINA.,鹿児島県,1943,TEMARI,鹿児島県,0,,-
HEROIC VERSE,TECHNO Style Essentials,0,,-,902,Z,鹿児島県,1507,7932CK,鹿児島県,2812,HIRO99,鹿児島県,0,,-
HEROIC VERSE,THE BRAVE MUST DIE,0,,-,1348,MASA,鹿児島県,2263,MILIAM,鹿児島県,3970,HIRO99,鹿児島県,0,,-
HEROIC VERSE,THE F∀UST,0,,-,1156,*YULY*,鹿児島県,1844,HIYOKO,鹿児島県,3508,LAZYAF,鹿児島県,0,,-
HEROIC VERSE,The Sky of Sadness,0,,-,809,Z,鹿児島県,1465,NEKO*3,鹿児島県,2380,HIRO99,鹿児島県,0,,-
HEROIC VERSE,Theory,0,,-,710,Z,鹿児島県,1351,SEKKEN,鹿児島県,2591,HIRO99,鹿児島県,0,,-
HEROIC VERSE,TRIUMPH,0,,-,891,Z,鹿児島県,1888,RUNA96,鹿児島県,3356,HIRO99,鹿児島県,0,,-
HEROIC VERSE,UNITE THE HEART,0,,-,1393,*YULY*,鹿児島県,2314,TOMO,鹿児島県,3295,HIRO99,鹿児島県,0,,-
HEROIC VERSE,VALKYRIAS -英雄誕生-,444,MOTOKI,鹿児島県,1008,*YULY*,鹿児島県,1602,IKESAN,鹿児島県,2738,HIRO99,鹿児島県,0,,-
HEROIC VERSE,VIBRΛ,0,,-,858,SEINA.,鹿児島県,1168,*YULY*,鹿児島県,1811,POIFUL,鹿児島県,0,,-
HEROIC VERSE,Vinculum stellarum,0,,-,867,Z,鹿児島県,2011,AHOY!,鹿児島県,3610,HIRO99,鹿児島県,0,,-
HEROIC VERSE,Virus Funk,0,,-,715,*YULY*,鹿児島県,1419,0000,鹿児島県,2204,HIRO99,鹿児島県,0,,-
HEROIC VERSE,Volcanic Dragon,0,,-,997,Z,鹿児島県,1541,SEINA.,鹿児島県,2968,HIRO99,鹿児島県,0,,-
HEROIC VERSE,Voo Doo Bamboleo,0,,-,821,Z,鹿児島県,1430,NICOLE,鹿児島県,2494,HIRO99,鹿児島県,0,,-
HEROIC VERSE,Ypsilon,0,,-,870,SUPIKA,鹿児島県,1614,NICOLE,鹿児島県,2876,HIRO99,鹿児島県,3519,HIRO99,鹿児島県
HEROIC VERSE,がっつり陰キャ!? 怪盗いいんちょの億劫^^;,0,,-,1493,NICOLE,鹿児島県,2491,ALICE,鹿児島県,4100,HIRO99,鹿児島県,0,,-
HEROIC VERSE,シャムシールの舞,0,,-,844,*YULY*,鹿児島県,1449,7932CK,鹿児島県,2555,HIRO99,鹿児島県,0,,-
HEROIC VERSE,セピアの軌跡 ft. 天宮みや(少女フラクタル),369,MOTOKI,鹿児島県,764,Z,鹿児島県,1405,HAKU*,鹿児島県,2389,HIRO99,鹿児島県,0,,-
HEROIC VERSE,バッドエンド・シンドローム,0,,-,947,Z,鹿児島県,1685,NICOLE,鹿児島県,2940,INOKI!,鹿児島県,0,,-
HEROIC VERSE,ピアノ協奏曲第1番”蠍火” (BlackY Remix),0,,-,982,*YULY*,鹿児島県,1992,UNAGI*,鹿児島県,3674,HIRO99,鹿児島県,0,,-
HEROIC VERSE,ラブキラ☆スプラッシュ,0,,-,1065,*YULY*,鹿児島県,1578,7932CK,鹿児島県,2407,ALICE,鹿児島県,0,,-
HEROIC VERSE,ランカーキラーガール,0,,-,1092,*YULY*,鹿児島県,1708,IKESAN,鹿児島県,2910,HIRO99,鹿児島県,0,,-
HEROIC VERSE,曼荼羅恋々,0,,-,843,GINJ,鹿児島県,1545,MAT2BI,鹿児島県,2760,HIRO99,鹿児島県,0,,-
HEROIC VERSE,深淵に捧ぐレクイエム,0,,-,838,*YULY*,鹿児島県,1524,7932CK,鹿児島県,2974,HIRO99,鹿児島県,0,,-
HEROIC VERSE,灼熱Beach Side Bunny (Masayoshi Iimori Remix),0,,-,605,*YULY*,鹿児島県,1034,HAKU*,鹿児島県,1791,HIRO99,鹿児島県,0,,-
HEROIC VERSE,狂水一華,0,,-,870,Z,鹿児島県,1557,SIOP,鹿児島県,2675,HIRO99,鹿児島県,0,,-
HEROIC VERSE,眠りの国のステラ,0,,-,985,7G,鹿児島県,1764,PLUMI,鹿児島県,2746,HIRO99,鹿児島県,0,,-
HEROIC VERSE,華麗なる大犬円舞曲,0,,-,1226,*YULY*,鹿児島県,2046,R.I.P,鹿児島県,3428,LAZYAF,鹿児島県,0,,-
HEROIC VERSE,錬成人間トリコロイダー,0,,-,937,Z,鹿児島県,1725,HAKU*,鹿児島県,3184,HIRO99,鹿児島県,0,,-
HEROIC VERSE,開きたまえ！Next stAge！,0,,-,1056,Z,鹿児島県,1466,*YULY*,鹿児島県,2824,FUSI,鹿児島県,0,,-
HEROIC VERSE,魅惑のYUMMYスイーツ,0,,-,895,*YULY*,鹿児島県,1639,AHOY!,鹿児島県,2995,HIRO99,鹿児島県,0,,-
BISTROVER,-65℃,0,,-,1299,*YULY*,鹿児島県,2190,39JO,鹿児島県,3645,HIRO99,鹿児島県,0,,-
BISTROVER,ABSOLUTE (kors k Remix),0,,-,917,*YULY*,鹿児島県,1419,*TAKE*,鹿児島県,2530,R.I.P,鹿児島県,0,,-
BISTROVER,Ah Hah Yeah,0,,-,660,*YULY*,鹿児島県,1243,TOMO,鹿児島県,2084,HIRO99,鹿児島県,0,,-
BISTROVER,AMRITA -不滅ノ花-,0,,-,883,*YULY*,鹿児島県,1520,HAKU*,鹿児島県,2751,HIRO99,鹿児島県,0,,-
BISTROVER,apo:llioth,0,,-,1104,Z,鹿児島県,1925,TOMO,鹿児島県,2941,HIRO99,鹿児島県,0,,-
BISTROVER,As You Want,0,,-,809,*YULY*,鹿児島県,1340,CH*IKA,鹿児島県,2330,R.I.P,鹿児島県,0,,-
BISTROVER,ASIAN VIRTUAL REALITIES (MELTING TOGETHER IN DAZZLING DARKNESS),0,,-,1006,Z,鹿児島県,1596,SIGURE,鹿児島県,3260,HIRO99,鹿児島県,0,,-
BISTROVER,BEMANI PRO LEAGUE Theme,0,,-,695,Z,鹿児島県,1144,Z,鹿児島県,1977,HIRO99,鹿児島県,0,,-
BISTROVER,BIGソムタム,536,MOTOKI,鹿児島県,1188,NICOLE,鹿児島県,1800,SWITCH,鹿児島県,3337,HIRO99,鹿児島県,0,,-
BISTROVER,BLACK or WHITE?,590,Z,鹿児島県,1192,T-DAK,鹿児島県,2247,JK-FF,鹿児島県,3881,HIRO99,鹿児島県,0,,-
BISTROVER,Burning Flame,0,,-,1128,*YULY*,鹿児島県,1677,COSMOZ,鹿児島県,2887,HIRO99,鹿児島県,3698,HIRO99,鹿児島県
BISTROVER,Chewingood!!!,296,MOTOKI,鹿児島県,838,*YULY*,鹿児島県,1466,NICOLE,鹿児島県,2554,SUQNE*,鹿児島県,0,,-
BISTROVER,COSMIC RAY,0,,-,1088,SEINA.,鹿児島県,1815,D.O.G.,鹿児島県,2821,HIRO99,鹿児島県,0,,-
BISTROVER,Crazy Jackpot,0,,-,894,Z,鹿児島県,1601,SEKKEN,鹿児島県,2854,HIRO99,鹿児島県,0,,-
BISTROVER,Danza Aestas,0,,-,920,Z,鹿児島県,1598,NICOLE,鹿児島県,2970,HIRO99,鹿児島県,0,,-
BISTROVER,Dawn Saga,0,,-,867,Z,鹿児島県,1417,SEKKEN,鹿児島県,2643,HIRO99,鹿児島県,0,,-
BISTROVER,DENIM,0,,-,505,Z,鹿児島県,1170,SEKKEN,鹿児島県,1688,R.I.P,鹿児島県,0,,-
BISTROVER,Don't Stop The Music feat. Kanae Asaba,0,,-,641,Z,鹿児島県,945,Z,鹿児島県,1861,SACHI,鹿児島県,0,,-
BISTROVER,DUAL STRIKER,0,,-,1039,Z,鹿児島県,2219,HAKU*,鹿児島県,3798,HIRO99,鹿児島県,0,,-
BISTROVER,Empire of Fury,0,,-,1247,*YULY*,鹿児島県,1871,COSMOZ,鹿児島県,3229,HIRO99,鹿児島県,0,,-
BISTROVER,Euphoric Lagoon,0,,-,791,Z,鹿児島県,1539,COSMOZ,鹿児島県,2575,HIRO99,鹿児島県,0,,-
BISTROVER,Explorer feat. ぷにぷに電機,0,,-,692,Z,鹿児島県,1297,ALICE,鹿児島県,2141,HIRO99,鹿児島県,2873,HIRO99,鹿児島県
BISTROVER,Farewell to Marrakech,0,,-,804,Z,鹿児島県,1406,MUMU,鹿児島県,2223,HIRO99,鹿児島県,0,,-
BISTROVER,Fire Beat,0,,-,975,Z,鹿児島県,1727,39JO,鹿児島県,2712,HIRO99,鹿児島県,0,,-
BISTROVER,Frisk And Squeak,0,,-,767,Z,鹿児島県,1464,SEKKEN,鹿児島県,2402,HIRO99,鹿児島県,0,,-
BISTROVER,GIGA RAID,0,,-,905,Z,鹿児島県,1719,HAKU*,鹿児島県,2368,R.I.P,鹿児島県,0,,-
BISTROVER,Globe Glitter,0,,-,992,Z,鹿児島県,1555,AHOY!,鹿児島県,2662,HIRO99,鹿児島県,0,,-
BISTROVER,Here We Are,392,MOTOKI,鹿児島県,1070,ASIC,鹿児島県,1557,COSMOZ,鹿児島県,2466,HIRO99,鹿児島県,0,,-
BISTROVER,HIGH VOLTAGE,0,,-,795,*YULY*,鹿児島県,1301,*YULY*,鹿児島県,2240,HIRO99,鹿児島県,0,,-
BISTROVER,Ignis†Irae,0,,-,953,Z,鹿児島県,1961,DARU08,鹿児島県,3602,HIRO99,鹿児島県,0,,-
BISTROVER,IIDX RED Ending (Ryu☆Remix),0,,-,599,Z,鹿児島県,1147,HAKU*,鹿児島県,1848,R.I.P,鹿児島県,0,,-
BISTROVER,innocent revolver,0,,-,988,Z,鹿児島県,2054,SEKKEN,鹿児島県,3819,HIRO99,鹿児島県,0,,-
BISTROVER,Jungle Eater,0,,-,928,Z,鹿児島県,1629,SEKKEN,鹿児島県,2886,TEMARI,鹿児島県,0,,-
BISTROVER,LAST DAY,0,,-,1060,*YULY*,鹿児島県,1560,TOMO,鹿児島県,2931,R.I.P,鹿児島県,0,,-
BISTROVER,Level 3,0,,-,1139,*YULY*,鹿児島県,2162,TEMARI,鹿児島県,3407,HIRO99,鹿児島県,0,,-
BISTROVER,LOCUS OF THE TRAVEL,0,,-,1058,*YULY*,鹿児島県,2326,N,鹿児島県,3598,HIRO99,鹿児島県,0,,-
BISTROVER,Lovely Howdy Cowboy!!,0,,-,1025,Z,鹿児島県,1643,TOMO,鹿児島県,2646,R.I.P,鹿児島県,0,,-
BISTROVER,MA・TSU・RI,0,,-,1002,Z,鹿児島県,1584,TOMO,鹿児島県,2565,HIRO99,鹿児島県,0,,-
BISTROVER,MEGAERA,0,,-,1283,SIOP,鹿児島県,1956,MEIYA.,鹿児島県,3382,HIRO99,鹿児島県,0,,-
BISTROVER,Midnight Drive,0,,-,554,Z,鹿児島県,1215,SEKKEN,鹿児島県,1904,TEMARI,鹿児島県,0,,-
BISTROVER,MOVE! (We Keep It Movin'),0,,-,707,Z,鹿児島県,1248,CH*IKA,鹿児島県,2152,R.I.P,鹿児島県,0,,-
BISTROVER,Neo Heritage,0,,-,881,Z,鹿児島県,1510,TOMO,鹿児島県,2829,HIRO99,鹿児島県,0,,-
BISTROVER,Ocean Blue feat. Luschel,0,,-,703,Z,鹿児島県,1397,HAKU*,鹿児島県,2461,HIRO99,鹿児島県,0,,-
BISTROVER,of the first magnitude,0,,-,964,Z,鹿児島県,1743,SEKKEN,鹿児島県,2900,R.I.P,鹿児島県,0,,-
BISTROVER,OTOKOZAKA,0,,-,921,Z,鹿児島県,1688,SEKKEN,鹿児島県,2898,HIRO99,鹿児島県,0,,-
BISTROVER,Overslept,0,,-,1053,*YULY*,鹿児島県,1317,*YULY*,鹿児島県,2564,HIRO99,鹿児島県,0,,-
BISTROVER,Para siempre,0,,-,917,*YULY*,鹿児島県,1429,*YULY*,鹿児島県,2821,R.I.P,鹿児島県,0,,-
BISTROVER,Parvati,0,,-,933,Z,鹿児島県,1643,SEKKEN,鹿児島県,2800,HIRO99,鹿児島県,0,,-
BISTROVER,POLKAMANIA,415,MOTOKI,鹿児島県,874,O9DQ,鹿児島県,1674,HIYOKO,鹿児島県,2924,HIRO99,鹿児島県,3566,HIRO99,鹿児島県
BISTROVER,Rejection Girl,0,,-,879,Z,鹿児島県,1516,0000,鹿児島県,2625,HIRO99,鹿児島県,0,,-
BISTROVER,Ritual of Anubis,0,,-,986,Z,鹿児島県,1629,SEKKEN,鹿児島県,2775,HIRO99,鹿児島県,0,,-
BISTROVER,Romanticが止まらない,383,MOTOKI,鹿児島県,855,Z,鹿児島県,1606,HAKU*,鹿児島県,2723,HIRO99,鹿児島県,0,,-
BISTROVER,rommmo,0,,-,1029,Z,鹿児島県,1556,MAT2BI,鹿児島県,3398,HIRO99,鹿児島県,0,,-
BISTROVER,Rosa azuL,0,,-,780,Z,鹿児島県,1604,SEKKEN,鹿児島県,2741,HIRO99,鹿児島県,0,,-
BISTROVER,Rowdy,0,,-,1014,*YULY*,鹿児島県,1504,SEKKEN,鹿児島県,2444,R.I.P,鹿児島県,0,,-
BISTROVER,Rubrum Piano,0,,-,847,*YULY*,鹿児島県,1533,TOMO,鹿児島県,2447,HIRO99,鹿児島県,0,,-
BISTROVER,S-Bahn,0,,-,896,Z,鹿児島県,1375,Z,鹿児島県,2167,SACHI,鹿児島県,0,,-
BISTROVER,Sinus Iridum,0,,-,1036,*YULY*,鹿児島県,1960,ALICE,鹿児島県,3115,HIRO99,鹿児島県,0,,-
BISTROVER,smooooch・∀・ (Snail's House Remix),0,,-,804,Z,鹿児島県,1475,IKESAN,鹿児島県,2319,HIRO99,鹿児島県,0,,-
BISTROVER,SOLID STATE SQUAD -RISEN RELIC REMIX-,0,,-,1225,*YULY*,鹿児島県,2027,HIYOKO,鹿児島県,3247,HIRO99,鹿児島県,0,,-
BISTROVER,Sugarplum,0,,-,859,*YULY*,鹿児島県,1793,SEKKEN,鹿児島県,2506,HIRO99,鹿児島県,0,,-
BISTROVER,Swarm Of Scarabs,0,,-,995,*YULY*,鹿児島県,1277,*YULY*,鹿児島県,2378,HIRO99,鹿児島県,0,,-
BISTROVER,Tell me what you wish feat.らっぷびと,0,,-,1051,Z,鹿児島県,1577,HAKU*,鹿児島県,2827,HIRO99,鹿児島県,0,,-
BISTROVER,That Feeling,0,,-,679,Z,鹿児島県,1214,N,鹿児島県,1867,TEMARI,鹿児島県,0,,-
BISTROVER,THE PEERLESS UNDER HEAVEN,0,,-,1005,MASA,鹿児島県,1801,MEIYA.,鹿児島県,3300,HIRO99,鹿児島県,0,,-
BISTROVER,The Wind of China Express(The 4th Mashup),0,,-,987,ASIC,鹿児島県,1598,NICOLE,鹿児島県,2550,HIRO99,鹿児島県,0,,-
BISTROVER,Tiempo Loco,0,,-,944,Z,鹿児島県,1835,SWITCH,鹿児島県,3666,HIRO99,鹿児島県,0,,-
BISTROVER,Viridian,0,,-,993,Z,鹿児島県,1702,SEKKEN,鹿児島県,3326,HIRO99,鹿児島県,0,,-
BISTROVER,Vitrum,0,,-,796,MOTOKI,鹿児島県,1629,HAKU*,鹿児島県,3546,HIRO99,鹿児島県,0,,-
BISTROVER,WAKE UP NOW,0,,-,849,Z,鹿児島県,1290,NICOLE,鹿児島県,2000,INOKI!,鹿児島県,2463,HIRO99,鹿児島県
BISTROVER,When I Met U,0,,-,807,Z,鹿児島県,1190,NICOLE,鹿児島県,2036,INOKI!,鹿児島県,0,,-
BISTROVER,Winner's Proof ft. KANASA from bless4,268,MOTOKI,鹿児島県,736,*YULY*,鹿児島県,1338,NICOLE,鹿児島県,2100,ALICE,鹿児島県,0,,-
BISTROVER,X-ray binary,0,,-,899,Z,鹿児島県,1751,KOU,鹿児島県,2791,HIRO99,鹿児島県,0,,-
BISTROVER,Zenith,0,,-,792,*YULY*,鹿児島県,1321,HIYOKO,鹿児島県,2098,HIRO99,鹿児島県,0,,-
BISTROVER,∀,577,MOTOKI,鹿児島県,1242,MUMU,鹿児島県,1970,YUSHI,鹿児島県,3507,HIRO99,鹿児島県,0,,-
BISTROVER,ここからよろしく大作戦143,262,MOTOKI,鹿児島県,861,Z,鹿児島県,1678,IKESAN,鹿児島県,2471,N,鹿児島県,3162,HIRO99,鹿児島県
BISTROVER,スーパー戦湯ババンバーン,0,,-,872,MOTOKI,鹿児島県,2006,SWITCH,鹿児島県,3409,HIRO99,鹿児島県,0,,-
BISTROVER,ディスコルディア,0,,-,1241,7932CK,鹿児島県,2113,SUQNE*,鹿児島県,3780,HIRO99,鹿児島県,0,,-
BISTROVER,バッド・スイーツ、バッド・ドリーム,0,,-,989,Z,鹿児島県,1685,YUINA,鹿児島県,3519,HIRO99,鹿児島県,0,,-
BISTROVER,世界の果てに約束の凱歌を -ReUnion-,0,,-,1144,*YULY*,鹿児島県,1764,TOMO,鹿児島県,3816,HIRO99,鹿児島県,0,,-
BISTROVER,乱膳の舞姫,0,,-,989,*YULY*,鹿児島県,1642,AHOY!,鹿児島県,2695,HIRO99,鹿児島県,0,,-
BISTROVER,二人ノ廃城幽踊宴,0,,-,995,DJDISH,鹿児島県,1958,YNS.,鹿児島県,3469,HIRO99,鹿児島県,0,,-
BISTROVER,伐折羅-vajra-,0,,-,1120,MASA,鹿児島県,1803,TOMO,鹿児島県,3593,HIRO99,鹿児島県,0,,-
BISTROVER,儚き恋の華,0,,-,1043,*YULY*,鹿児島県,1691,MUMU,鹿児島県,2988,HIRO99,鹿児島県,0,,-
BISTROVER,新宝島,509,MOTOKI,鹿児島県,733,Z,鹿児島県,1312,*YULY*,鹿児島県,2243,ALICE,鹿児島県,3487,HIRO99,鹿児島県
BISTROVER,水無月の雫 ft. 小林まな,0,,-,1202,MASA,鹿児島県,1655,NICOLE,鹿児島県,2597,HIRO99,鹿児島県,0,,-
BISTROVER,水鏡の異界,0,,-,812,Z,鹿児島県,1555,HAKU*,鹿児島県,3135,HIRO99,鹿児島県,0,,-
BISTROVER,涙のテ・エストラーニョ・ムーチョ,0,,-,1194,*YULY*,鹿児島県,1852,TOMO,鹿児島県,2742,R.I.P,鹿児島県,0,,-
BISTROVER,無意識のフィロソフィア,0,,-,1083,*YULY*,鹿児島県,2170,SUQNE*,鹿児島県,3237,FUSI,鹿児島県,0,,-
BISTROVER,犬に雨傘,0,,-,887,*YULY*,鹿児島県,1363,NICOLE,鹿児島県,2078,R.I.P,鹿児島県,0,,-
BISTROVER,閠槞彁の願い,0,,-,959,A-KAZ,鹿児島県,1863,MEIYA.,鹿児島県,3056,HIRO99,鹿児島県,0,,-
BISTROVER,霧幻メモリア,0,,-,914,*YULY*,鹿児島県,1318,HAKU*,鹿児島県,1991,R.I.P,鹿児島県,0,,-
BISTROVER,魔法のかくれんぼ,0,,-,769,Z,鹿児島県,1474,SEKKEN,鹿児島県,2675,HIRO99,鹿児島県,0,,-
CastHour,10000 MILES AWAY,0,,-,978,Z,鹿児島県,1557,HAKU*,鹿児島県,2901,HIRO99,鹿児島県,0,,-
CastHour,2 Beasts Unchained,0,,-,1250,O9DQ,鹿児島県,2126,ALICE,鹿児島県,3345,HIRO99,鹿児島県,0,,-
CastHour,808monkey,0,,-,700,Z,鹿児島県,1051,*YULY*,鹿児島県,1795,R.I.P,鹿児島県,0,,-
CastHour,ABSOLUTE EVIL,251,MOTOKI,鹿児島県,1137,*YULY*,鹿児島県,2107,*NANA*,鹿児島県,3404,HIRO99,鹿児島県,0,,-
CastHour,Aftermath,0,,-,1188,*YULY*,鹿児島県,2079,MAT2BI,鹿児島県,3535,HIRO99,鹿児島県,0,,-
CastHour,ALTERNATOR,0,,-,1272,SIOP,鹿児島県,2497,R.I.P,鹿児島県,3677,HIRO99,鹿児島県,0,,-
CastHour,AMICABLE,0,,-,956,Z,鹿児島県,1495,COSMOZ,鹿児島県,2444,R.I.P,鹿児島県,0,,-
CastHour,ANEMONE,212,MOTOKI,鹿児島県,694,Z,鹿児島県,1576,HAKU*,鹿児島県,2125,R.I.P,鹿児島県,0,,-
CastHour,Angel's Ladder,0,,-,991,*YULY*,鹿児島県,1930,AHOY!,鹿児島県,3362,HIRO99,鹿児島県,0,,-
CastHour,Ariah,0,,-,639,Z,鹿児島県,1458,NICOLE,鹿児島県,2168,HIRO99,鹿児島県,0,,-
CastHour,Arkadia,0,,-,1009,Z,鹿児島県,1946,COSMOZ,鹿児島県,3626,HIRO99,鹿児島県,0,,-
CastHour,Banger Banger Banger Banger,0,,-,871,Z,鹿児島県,1566,EK-9,鹿児島県,2889,HIRO99,鹿児島県,0,,-
CastHour,Binary Black Hole,0,,-,1290,*YULY*,鹿児島県,2222,39JO,鹿児島県,3765,HIRO99,鹿児島県,0,,-
CastHour,Blue Bird feat. Kanae Asaba,0,,-,597,Z,鹿児島県,1011,*YULY*,鹿児島県,1758,INOKI!,鹿児島県,0,,-
CastHour,Brave Spirits,0,,-,667,Z,鹿児島県,1267,NICOLE,鹿児島県,2467,HIRO99,鹿児島県,0,,-
CastHour,DISPARATE,0,,-,937,Z,鹿児島県,1605,SEKKEN,鹿児島県,2322,R.I.P,鹿児島県,0,,-
CastHour,Divine Heaven,0,,-,929,ASIC,鹿児島県,1848,COSMOZ,鹿児島県,2938,HIRO99,鹿児島県,0,,-
CastHour,Don't believe the hype,0,,-,1091,*YULY*,鹿児島県,2090,KAI046,鹿児島県,3158,HIRO99,鹿児島県,0,,-
CastHour,DREAM OF SPACE UFO ABDUCTION,0,,-,1036,*YULY*,鹿児島県,1687,NICOLE,鹿児島県,2681,HIRO99,鹿児島県,0,,-
CastHour,Emera,0,,-,797,Z,鹿児島県,1455,SEKKEN,鹿児島県,2308,HIRO99,鹿児島県,0,,-
CastHour,EMOTiON TRiPPER,0,,-,851,Z,鹿児島県,1437,HAKU*,鹿児島県,2174,HIRO99,鹿児島県,0,,-
CastHour,Ergosphere,0,,-,939,Z,鹿児島県,1593,T-DAK,鹿児島県,2684,HIRO99,鹿児島県,0,,-
CastHour,Fantastic Merry-Go-Round,0,,-,1000,Z,鹿児島県,1396,*YULY*,鹿児島県,2068,39JO,鹿児島県,0,,-
CastHour,Fegrix,0,,-,1048,Z,鹿児島県,2208,SUQNE*,鹿児島県,3243,HIRO99,鹿児島県,0,,-
CastHour,FINALLY BLAZE,0,,-,850,Z,鹿児島県,1530,IKESAN,鹿児島県,2786,HIRO99,鹿児島県,0,,-
CastHour,Flying Castle,0,,-,1016,*YULY*,鹿児島県,2164,SWITCH,鹿児島県,3617,HIRO99,鹿児島県,0,,-
CastHour,Game Changers,0,,-,722,*YULY*,鹿児島県,1326,*YULY*,鹿児島県,2688,HIRO99,鹿児島県,0,,-
CastHour,"Get set, Go! feat.Kanae Asaba",0,,-,773,Z,鹿児島県,1271,NICOLE,鹿児島県,2100,SACHI,鹿児島県,0,,-
CastHour,GiGaGaHell,0,,-,1102,Z,鹿児島県,1731,SEKKEN,鹿児島県,3059,HIRO99,鹿児島県,0,,-
CastHour,GRAVITON,0,,-,1102,*YULY*,鹿児島県,1891,YUSHI,鹿児島県,3432,HIRO99,鹿児島県,0,,-
CastHour,hard-wired,0,,-,1285,SEINA.,鹿児島県,2018,SWITCH,鹿児島県,3469,HIRO99,鹿児島県,0,,-
CastHour,Harmonia,0,,-,690,Z,鹿児島県,1179,NICOLE,鹿児島県,2014,HIRO99,鹿児島県,0,,-
CastHour,Hat Surprise,0,,-,654,*YULY*,鹿児島県,1438,NICOLE,鹿児島県,2445,HIRO99,鹿児島県,0,,-
CastHour,HEARTACHE,0,,-,451,MOTOKI,鹿児島県,1081,NICOLE,鹿児島県,1804,R.I.P,鹿児島県,0,,-
CastHour,kors k's How to make OTOGE CORE,0,,-,671,Z,鹿児島県,1361,SEKKEN,鹿児島県,2251,LAZYAF,鹿児島県,0,,-
CastHour,Lawes's Parotia,0,,-,842,Z,鹿児島県,1554,HAKU*,鹿児島県,2537,HIRO99,鹿児島県,0,,-
CastHour,LIVE DRIVING!! feat. 花たん,0,,-,1561,IKESAN,鹿児島県,2388,SWITCH,鹿児島県,3804,HIRO99,鹿児島県,0,,-
CastHour,N.O.,0,,-,726,Z,鹿児島県,1352,SEKKEN,鹿児島県,2490,R.I.P,鹿児島県,0,,-
CastHour,n/a,0,,-,893,4034#,鹿児島県,1913,TEMARI,鹿児島県,3361,HIRO99,鹿児島県,0,,-
CastHour,No Day But Today!,413,MOTOKI,鹿児島県,695,*YULY*,鹿児島県,1226,HAKU*,鹿児島県,1889,39JO,鹿児島県,0,,-
CastHour,Nocturnal 2097,0,,-,895,*YULY*,鹿児島県,1787,TOMO,鹿児島県,2883,HIRO99,鹿児島県,0,,-
CastHour,Non Stop Rock,0,,-,730,Z,鹿児島県,1060,*YULY*,鹿児島県,1860,HIRO99,鹿児島県,0,,-
CastHour,One for All,0,,-,896,Z,鹿児島県,1519,AMAMA!,鹿児島県,3165,HIRO99,鹿児島県,0,,-
CastHour,Onyx,0,,-,856,*YULY*,鹿児島県,1429,HAKU*,鹿児島県,2346,HIRO99,鹿児島県,0,,-
CastHour,P.O.W.E.R.,0,,-,969,*YULY*,鹿児島県,1473,SEKKEN,鹿児島県,2330,HIRO99,鹿児島県,0,,-
CastHour,PIRATES BLADE,0,,-,854,Z,鹿児島県,1454,NICOLE,鹿児島県,2150,HIRO99,鹿児島県,0,,-
CastHour,PLASMA SOUL NIGHT feat. Nana Takahashi / 709sec.,417,MOTOKI,鹿児島県,1419,NICOLE,鹿児島県,2381,ALICE,鹿児島県,4403,HIRO99,鹿児島県,0,,-
CastHour,Pout,0,,-,1034,*YULY*,鹿児島県,1659,HAKU*,鹿児島県,2567,R.I.P,鹿児島県,0,,-
CastHour,Prohibited Props,0,,-,930,Z,鹿児島県,1457,SEKKEN,鹿児島県,2256,HIRO99,鹿児島県,2922,HIRO99,鹿児島県
CastHour,Purple Perplex,0,,-,1039,*YULY*,鹿児島県,1804,KAORI,鹿児島県,3002,HIRO99,鹿児島県,0,,-
CastHour,Push on Beats!～音ゲの国のeX-ストリーマー～,0,,-,1018,Z,鹿児島県,1653,TOMO,鹿児島県,3300,HIRO99,鹿児島県,0,,-
CastHour,RAGE feat.H14 of LEONAIR,429,MOTOKI,鹿児島県,1031,*YULY*,鹿児島県,2140,TEMARI,鹿児島県,3416,HIRO99,鹿児島県,0,,-
CastHour,Silver Bullet,0,,-,840,PLUTO!,鹿児島県,1863,SWITCH,鹿児島県,3100,HIRO99,鹿児島県,0,,-
CastHour,Smalt #28598F,0,,-,995,A-KAZ,鹿児島県,2099,AHOY!,鹿児島県,3349,HIRO99,鹿児島県,0,,-
CastHour,SOLID WYVERN,0,,-,1107,*YULY*,鹿児島県,1551,*YULY*,鹿児島県,2624,HIRO99,鹿児島県,3786,HIRO99,鹿児島県
CastHour,Souhait bleu,0,,-,799,Z,鹿児島県,1711,AHOY!,鹿児島県,2707,HIRO99,鹿児島県,0,,-
CastHour,SPARK IN THE NIGHT,0,,-,798,Z,鹿児島県,1349,*YULY*,鹿児島県,2217,HIRO99,鹿児島県,0,,-
CastHour,Stepper,0,,-,674,*YULY*,鹿児島県,1391,NICOLE,鹿児島県,2179,HIRO99,鹿児島県,0,,-
CastHour,Tail Lights,0,,-,1008,Z,鹿児島県,1765,HAKU*,鹿児島県,3081,HIRO99,鹿児島県,0,,-
CastHour,TOMAHAWK,0,,-,1212,SEINA.,鹿児島県,2099,MEIZEE,鹿児島県,3437,HIRO99,鹿児島県,0,,-
CastHour,Triple Cross,558,MOTOKI,鹿児島県,974,Z,鹿児島県,2102,HAKU*,鹿児島県,3250,HIRO99,鹿児島県,0,,-
CastHour,Ventriloquist,0,,-,743,Z,鹿児島県,1297,NICOLE,鹿児島県,2429,HIRO99,鹿児島県,0,,-
CastHour,Victory Of Ravers,0,,-,801,MOTOKI,鹿児島県,1670,TOMO,鹿児島県,2567,HIRO99,鹿児島県,0,,-
CastHour,WHA,0,,-,1115,*YULY*,鹿児島県,2019,MEIYA.,鹿児島県,3528,HIRO99,鹿児島県,0,,-
CastHour,Wonderful Escape,0,,-,838,Z,鹿児島県,1309,*YULY*,鹿児島県,2065,INOKI!,鹿児島県,0,,-
CastHour,Xyndrome,0,,-,789,MOTOKI,鹿児島県,1538,TOMO,鹿児島県,2910,HIRO99,鹿児島県,0,,-
CastHour,《GRANDMASTER》,0,,-,922,Z,鹿児島県,1628,TOMO,鹿児島県,2937,HIRO99,鹿児島県,0,,-
CastHour,めでてえ,0,,-,1023,Z,鹿児島県,1602,NICOLE,鹿児島県,2604,FUSI,鹿児島県,0,,-
CastHour,アクマフカ,0,,-,718,Z,鹿児島県,1369,NICOLE,鹿児島県,2228,POIFUL,鹿児島県,0,,-
CastHour,ウツシミウツシ,0,,-,1200,*YULY*,鹿児島県,1831,TOMO,鹿児島県,3075,POIFUL,鹿児島県,0,,-
CastHour,オドループ,501,MOTOKI,鹿児島県,1049,*YULY*,鹿児島県,1546,NEKO*3,鹿児島県,2316,N,鹿児島県,2967,N,鹿児島県
CastHour,オールトの雲,0,,-,0,,-,1855,TOMO,鹿児島県,2528,R.I.P,鹿児島県,0,,-
CastHour,グッバイ宣言,568,*YULY*,鹿児島県,1048,Z,鹿児島県,1758,NEKO*3,鹿児島県,3068,HIRO99,鹿児島県,3636,HIRO99,鹿児島県
CastHour,シル・ヴ・プレジデント,294,MOTOKI,鹿児島県,653,UNAGI*,鹿児島県,1191,HAKU*,鹿児島県,1776,N,鹿児島県,2523,AMURO,鹿児島県
CastHour,ナイトフィクション,0,,-,661,Z,鹿児島県,1427,NICOLE,鹿児島県,2127,HIRO99,鹿児島県,0,,-
CastHour,ハイテックトキオ,0,,-,1029,MASA,鹿児島県,1667,IKESAN,鹿児島県,2662,HIRO99,鹿児島県,3209,HIRO99,鹿児島県
CastHour,"ピアノ独奏無言歌 ""灰燼""",0,,-,987,AZMIYA,鹿児島県,2266,POIFUL,鹿児島県,3557,HIRO99,鹿児島県,0,,-
CastHour,ミュージック・アワー,532,MOTOKI,鹿児島県,1134,*YULY*,鹿児島県,1895,NICOLE,鹿児島県,2991,HIRO99,鹿児島県,4046,HIRO99,鹿児島県
CastHour,口カラ凸ゲキ,0,,-,788,Z,鹿児島県,1444,SEKKEN,鹿児島県,2373,HIRO99,鹿児島県,0,,-
CastHour,天邪鬼,416,MOTOKI,鹿児島県,943,*YULY*,鹿児島県,1576,SEKKEN,鹿児島県,3308,HIRO99,鹿児島県,0,,-
CastHour,怪物,341,MOTOKI,鹿児島県,725,M0NRAL,鹿児島県,1181,ALICE,鹿児島県,2388,HIRO99,鹿児島県,3255,SUMIRE,鹿児島県
CastHour,愛しくてラヴィンユー ft. マナ,0,,-,739,Z,鹿児島県,1430,NICOLE,鹿児島県,2387,HIRO99,鹿児島県,0,,-
CastHour,月とミルク,0,,-,935,Z,鹿児島県,1535,NICOLE,鹿児島県,2775,HIRO99,鹿児島県,0,,-
CastHour,烽火連天の刃,0,,-,789,MOTOKI,鹿児島県,2061,AHOY!,鹿児島県,3323,HIRO99,鹿児島県,4095,HIRO99,鹿児島県
CastHour,禊,0,,-,998,*YULY*,鹿児島県,1910,CLEF,鹿児島県,3138,HIRO99,鹿児島県,0,,-
CastHour,逆月,0,,-,1376,MUMU,鹿児島県,2318,64KERA,鹿児島県,3703,HIRO99,鹿児島県,0,,-
CastHour,雪上断火,0,,-,821,MOTOKI,鹿児島県,1762,MEIYA.,鹿児島県,2975,HIRO99,鹿児島県,0,,-
CastHour,青の洞窟,0,,-,830,Z,鹿児島県,1823,TOMO,鹿児島県,3145,HIRO99,鹿児島県,0,,-
CastHour,黒紅掬い,0,,-,641,*YULY*,鹿児島県,1214,HAKU*,鹿児島県,1798,HIRO99,鹿児島県,0,,-
RESIDENT,#CMFLG,0,,-,1001,ALICE,鹿児島県,2000,MEIZEE,鹿児島県,3383,HIRO99,鹿児島県,0,,-
RESIDENT,24h Endurance Race,0,,-,876,MOTOKI,鹿児島県,1846,XINJIN,鹿児島県,3294,HIRO99,鹿児島県,0,,-
RESIDENT,3V0,0,,-,960,Z,鹿児島県,1725,SWITCH,鹿児島県,2986,HIRO99,鹿児島県,0,,-
RESIDENT,7 Colors,0,,-,579,MOTOKI,鹿児島県,1163,HAKU*,鹿児島県,1935,HIRO99,鹿児島県,0,,-
RESIDENT,Always We Trust In You,0,,-,1112,*YULY*,鹿児島県,1729,TOMO,鹿児島県,3147,HIRO99,鹿児島県,0,,-
RESIDENT,Ambush Ace,0,,-,1020,*YULY*,鹿児島県,2018,UNAGI*,鹿児島県,2932,HIRO99,鹿児島県,0,,-
RESIDENT,AWA AWA,0,,-,697,Z,鹿児島県,1282,SEKKEN,鹿児島県,2277,R.I.P,鹿児島県,0,,-
RESIDENT,B.O.D.Y.,0,,-,944,Z,鹿児島県,1937,SWITCH,鹿児島県,3337,HIRO99,鹿児島県,0,,-
RESIDENT,Bad Encryption,0,,-,1195,7932CK,鹿児島県,1865,39JO,鹿児島県,3012,HIRO99,鹿児島県,0,,-
RESIDENT,Beyond Evolution,0,,-,1357,*YULY*,鹿児島県,2536,HIRO99,鹿児島県,3648,HIRO99,鹿児島県,0,,-
RESIDENT,BIGWAVERS,0,,-,1069,*YULY*,鹿児島県,1658,7932CK,鹿児島県,3493,HIRO99,鹿児島県,0,,-
RESIDENT,C-C-C-N-N-N,0,,-,889,*YULY*,鹿児島県,1600,AHOY!,鹿児島県,2768,HIRO99,鹿児島県,0,,-
RESIDENT,Caldwell 99,0,,-,989,*YULY*,鹿児島県,1770,HAKU*,鹿児島県,2493,HIRO99,鹿児島県,3311,HIRO99,鹿児島県
RESIDENT,Chaotoxin,0,,-,1099,*YULY*,鹿児島県,1665,SUQNE*,鹿児島県,3319,HIRO99,鹿児島県,0,,-
RESIDENT,CODE -CRiMSON-,0,,-,1235,MASA,鹿児島県,1700,SWITCH,鹿児島県,2972,HIRO99,鹿児島県,0,,-
RESIDENT,CUE CUE RESCUE,516,Z,鹿児島県,1049,Z,鹿児島県,1547,YUSHI,鹿児島県,2537,HIRO99,鹿児島県,3041,HIRO99,鹿児島県
RESIDENT,dica dica,0,,-,1116,*YULY*,鹿児島県,2234,39JO,鹿児島県,3130,HIRO99,鹿児島県,0,,-
RESIDENT,Dreaming Dream,0,,-,799,*YULY*,鹿児島県,1304,NICOLE,鹿児島県,2227,TEMARI,鹿児島県,0,,-
RESIDENT,Driver,0,,-,868,*YULY*,鹿児島県,1161,SEINA.,鹿児島県,1785,R.I.P,鹿児島県,0,,-
RESIDENT,EXODUS SIGN,0,,-,1067,Z,鹿児島県,1595,TOMO,鹿児島県,2631,HIRO99,鹿児島県,0,,-
RESIDENT,Fading Stars,0,,-,1021,Z,鹿児島県,1518,*YULY*,鹿児島県,2696,HIRO99,鹿児島県,0,,-
RESIDENT,FLARE -炎舞- ft.Nana Takahashi,0,,-,1009,Z,鹿児島県,1781,MEIYA.,鹿児島県,2875,HIRO99,鹿児島県,0,,-
RESIDENT,Get On Your Feet,0,,-,1011,Z,鹿児島県,1661,SEKKEN,鹿児島県,2650,SACHI,鹿児島県,0,,-
RESIDENT,GET UP AGAIN,0,,-,1045,*YULY*,鹿児島県,1580,COSMOZ,鹿児島県,2390,R.I.P,鹿児島県,0,,-
RESIDENT,glacia,0,,-,1117,NICOLE,鹿児島県,1922,LIBIDO,鹿児島県,2940,HIRO99,鹿児島県,0,,-
RESIDENT,Hat Surprise (Season 2),0,,-,948,*YULY*,鹿児島県,1599,NICOLE,鹿児島県,3359,HIRO99,鹿児島県,0,,-
RESIDENT,I,0,,-,1156,M0NRAL,鹿児島県,2160,SUQNE*,鹿児島県,3635,HIRO99,鹿児島県,0,,-
RESIDENT,KING,429,MOTOKI,鹿児島県,923,*YULY*,鹿児島県,1922,SUQNE*,鹿児島県,3080,HIRO99,鹿児島県,3903,HIRO99,鹿児島県
RESIDENT,kors k's How to make OTOGE CORE 「LONG」,0,,-,1077,Z,鹿児島県,2190,SWITCH,鹿児島県,3515,HIRO99,鹿児島県,0,,-
RESIDENT,LADS,0,,-,851,Z,鹿児島県,1533,NICOLE,鹿児島県,2285,HIRO99,鹿児島県,0,,-
RESIDENT,Level 4,0,,-,1045,Z,鹿児島県,1959,ASIC,鹿児島県,3503,HIRO99,鹿児島県,0,,-
RESIDENT,LOUDER ROLLING THUNDER,0,,-,984,RYUSAN,鹿児島県,1677,YAMUTA,鹿児島県,3302,HIRO99,鹿児島県,0,,-
RESIDENT,MAX 360,0,,-,1140,*YULY*,鹿児島県,2057,D.O.G.,鹿児島県,3106,HIRO99,鹿児島県,0,,-
RESIDENT,Meissa,0,,-,846,MOTOKI,鹿児島県,1448,SEKKEN,鹿児島県,2804,HIRO99,鹿児島県,0,,-
RESIDENT,Next Level,0,,-,905,*YULY*,鹿児島県,1389,NATCH,鹿児島県,2181,HIRO99,鹿児島県,0,,-
RESIDENT,No Border,0,,-,1103,*YULY*,鹿児島県,1826,TOMO,鹿児島県,3611,HIRO99,鹿児島県,0,,-
RESIDENT,ONE AND ONLY,0,,-,1022,Z,鹿児島県,1632,HAKU*,鹿児島県,3156,HIRO99,鹿児島県,0,,-
RESIDENT,Ou Legends,0,,-,0,,-,1835,7932CK,鹿児島県,3261,HIRO99,鹿児島県,0,,-
RESIDENT,OVER VOLTAGE,0,,-,985,Z,鹿児島県,1517,AZMIYA,鹿児島県,2576,HIRO99,鹿児島県,0,,-
RESIDENT,Peaktime Booster,0,,-,1039,*YULY*,鹿児島県,1758,TEMARI,鹿児島県,3188,HIRO99,鹿児島県,0,,-
RESIDENT,Perfect Plan,0,,-,1017,Z,鹿児島県,1551,AHOY!,鹿児島県,2547,HIRO99,鹿児島県,0,,-
RESIDENT,Programmed Genom,0,,-,997,Z,鹿児島県,1332,*YULY*,鹿児島県,2396,INOKI!,鹿児島県,0,,-
RESIDENT,Red Soul,0,,-,975,Z,鹿児島県,1526,IVANKO,鹿児島県,2862,HIRO99,鹿児島県,0,,-
RESIDENT,Rewind Time,0,,-,660,Z,鹿児島県,1246,HAKU*,鹿児島県,2133,TEMARI,鹿児島県,0,,-
RESIDENT,RINNE,0,,-,1085,Z,鹿児島県,2121,AHOY!,鹿児島県,3477,HIRO99,鹿児島県,0,,-
RESIDENT,Ruler or Loser,0,,-,870,Z,鹿児島県,1576,SEKKEN,鹿児島県,2635,HIRO99,鹿児島県,0,,-
RESIDENT,Seraph,0,,-,814,MOTOKI,鹿児島県,1743,NICOLE,鹿児島県,2409,HIRO99,鹿児島県,0,,-
RESIDENT,Shadow World,0,,-,878,Z,鹿児島県,1642,SUQNE*,鹿児島県,2703,HIRO99,鹿児島県,0,,-
RESIDENT,Shamshir,0,,-,857,Z,鹿児島県,1319,HAKU*,鹿児島県,2156,HIRO99,鹿児島県,0,,-
RESIDENT,Somnidiscotheque,0,,-,1149,MASA,鹿児島県,1942,TEMARI,鹿児島県,3032,LAZYAF,鹿児島県,0,,-
RESIDENT,STAR BEAT,0,,-,780,Z,鹿児島県,1476,*YULY*,鹿児島県,2369,FUSI,鹿児島県,0,,-
RESIDENT,STRAIGHT TO THE STARS,0,,-,879,Z,鹿児島県,1518,0000,鹿児島県,2986,HIRO99,鹿児島県,0,,-
RESIDENT,Stylus,0,,-,1021,Z,鹿児島県,1652,SRH,鹿児島県,2829,HIRO99,鹿児島県,0,,-
RESIDENT,Summerblue,348,MOTOKI,鹿児島県,1005,Z,鹿児島県,1590,NICOLE,鹿児島県,2409,HIRO99,鹿児島県,0,,-
RESIDENT,Sunny Day Vibes,0,,-,890,Z,鹿児島県,1568,SWITCH,鹿児島県,2237,N,鹿児島県,0,,-
RESIDENT,Super Freak,0,,-,1064,*YULY*,鹿児島県,1839,R.I.P,鹿児島県,3401,HIRO99,鹿児島県,0,,-
RESIDENT,suspicions,0,,-,1120,MASA,鹿児島県,2034,COSMOZ,鹿児島県,3685,HIRO99,鹿児島県,0,,-
RESIDENT,Swing My Wonderland,0,,-,1171,Z,鹿児島県,1941,TOMO,鹿児島県,3080,HIRO99,鹿児島県,0,,-
RESIDENT,TECHNOPHOBIA,0,,-,773,Z,鹿児島県,1497,OITAN,鹿児島県,2956,HIRO99,鹿児島県,0,,-
RESIDENT,The Clown of 24stairs,0,,-,971,Z,鹿児島県,1979,SWITCH,鹿児島県,3255,HIRO99,鹿児島県,0,,-
RESIDENT,THE TIME MACHINE,0,,-,1009,*YULY*,鹿児島県,1532,EK-9,鹿児島県,2637,HIRO99,鹿児島県,0,,-
RESIDENT,VOID,0,,-,1080,CH*IKA,鹿児島県,1734,ASIC,鹿児島県,3148,HIRO99,鹿児島県,0,,-
RESIDENT,VOLAQUAS,0,,-,1294,NICOLE,鹿児島県,2004,*NANA*,鹿児島県,3776,HIRO99,鹿児島県,0,,-
RESIDENT,VOLCANIC BIGBEAT,0,,-,914,MOTOKI,鹿児島県,1694,YUINA,鹿児島県,2795,HIRO99,鹿児島県,0,,-
RESIDENT,"wanna be a ""BAD GIRL"" feat. Nana Takahashi",0,,-,740,Z,鹿児島県,1235,*YULY*,鹿児島県,2011,POIFUL,鹿児島県,0,,-
RESIDENT,With You,0,,-,785,*YULY*,鹿児島県,1434,*YULY*,鹿児島県,2544,HIRO99,鹿児島県,0,,-
RESIDENT,Xerulean,0,,-,1172,HAKU*,鹿児島県,1912,39JO,鹿児島県,3353,HIRO99,鹿児島県,0,,-
RESIDENT,ZENITH,0,,-,902,7G,鹿児島県,1698,T-DAK,鹿児島県,2984,HIRO99,鹿児島県,0,,-
RESIDENT,[ ]DENTITY,0,,-,1059,KAIDES,鹿児島県,2078,R.I.P,鹿児島県,3712,HIRO99,鹿児島県,0,,-
RESIDENT,≡+≡,576,MOTOKI,鹿児島県,1348,HAKU*,鹿児島県,2089,FUSI,鹿児島県,3016,HIRO99,鹿児島県,4477,HIRO99,鹿児島県
RESIDENT,■□模様,0,,-,904,Z,鹿児島県,1422,*YULY*,鹿児島県,2580,R.I.P,鹿児島県,0,,-
RESIDENT,《ORDERBREAKER》,0,,-,0,,-,1397,EK-9,鹿児島県,2425,INOKI!,鹿児島県,0,,-
RESIDENT,あるビー！ feat.ころねぽち,0,,-,943,*YULY*,鹿児島県,1644,IKESAN,鹿児島県,2753,R.I.P,鹿児島県,0,,-
RESIDENT,おとせサンダー,210,MOTOKI,鹿児島県,630,MOTOKI,鹿児島県,1162,*YULY*,鹿児島県,2138,R.I.P,鹿児島県,0,,-
RESIDENT,きゅんです。,0,,-,689,Z,鹿児島県,1365,NICOLE,鹿児島県,2339,INOKI!,鹿児島県,0,,-
RESIDENT,ぞうしょく！？マイデンティティ,0,,-,1171,*YULY*,鹿児島県,1922,SHARON,鹿児島県,3599,HIRO99,鹿児島県,0,,-
RESIDENT,ちょえちょえまぎか,0,,-,1186,*YULY*,鹿児島県,2158,COSMOZ,鹿児島県,3029,HIRO99,鹿児島県,4117,HIRO99,鹿児島県
RESIDENT,サヨナラ・ヘヴン-Celtic Chip Dance Mix-,0,,-,869,*YULY*,鹿児島県,1416,*YULY*,鹿児島県,2506,R.I.P,鹿児島県,0,,-
RESIDENT,チェイスチェイスジョーカーズのうた (オニスタイルリミックス),0,,-,886,Z,鹿児島県,1565,SEKKEN,鹿児島県,2811,HIRO99,鹿児島県,0,,-
RESIDENT,パーフェクトイーター,0,,-,1027,Z,鹿児島県,1835,SEKKEN,鹿児島県,2995,HIRO99,鹿児島県,0,,-
RESIDENT,儚キ戀ノ幻想譚,562,Z,鹿児島県,1399,NICOLE,鹿児島県,2157,ALICE,鹿児島県,3500,HIRO99,鹿児島県,0,,-
RESIDENT,少年リップルズ,0,,-,815,Z,鹿児島県,1671,TOMO,鹿児島県,2452,HIRO99,鹿児島県,0,,-
RESIDENT,恋愛＝精度×認識力,0,,-,1500,INOKI!,鹿児島県,2239,39JO,鹿児島県,3320,HIRO99,鹿児島県,0,,-
RESIDENT,惑星☆ロリポップ,0,,-,761,YUSHI,鹿児島県,1500,0000,鹿児島県,2800,HIRO99,鹿児島県,0,,-
RESIDENT,昏き甲鉄のヴェルガ,0,,-,878,*YULY*,鹿児島県,1590,HAKU*,鹿児島県,2338,ALICE,鹿児島県,0,,-
RESIDENT,月と夢の跡 ft. マナ,0,,-,869,Z,鹿児島県,1438,NICOLE,鹿児島県,2468,POIFUL,鹿児島県,0,,-
RESIDENT,栄冠のカンパネラ,0,,-,1260,M0NRAL,鹿児島県,2034,UNAGI*,鹿児島県,3706,LAZYAF,鹿児島県,0,,-
RESIDENT,楽園追放,0,,-,838,Z,鹿児島県,1386,NICOLE,鹿児島県,2361,INOKI!,鹿児島県,0,,-
RESIDENT,湘南ロンリーMIDNIGHT RAIN,0,,-,908,Z,鹿児島県,1723,HAKU*,鹿児島県,2774,R.I.P,鹿児島県,0,,-
RESIDENT,異心前進♪ぴょんぴょんぴょん,0,,-,980,Z,鹿児島県,1473,NICOLE,鹿児島県,2501,R.I.P,鹿児島県,0,,-
RESIDENT,真夜中のバベル,0,,-,643,Z,鹿児島県,1120,HAKU*,鹿児島県,1660,TEMARI,鹿児島県,0,,-
RESIDENT,神っぽいな,353,MOTOKI,鹿児島県,712,MOTOKI,鹿児島県,1400,NEKO*3,鹿児島県,2122,HIRO99,鹿児島県,2996,HIRO99,鹿児島県
RESIDENT,神のシナリオ,0,,-,1096,*YULY*,鹿児島県,1642,NEKO*3,鹿児島県,3225,HIRO99,鹿児島県,0,,-
RESIDENT,罪過の聖堂,0,,-,739,TEMARI,鹿児島県,1274,39JO,鹿児島県,1976,HIRO99,鹿児島県,0,,-
RESIDENT,輪廻の鴉,0,,-,978,*YULY*,鹿児島県,1656,7932CK,鹿児島県,2761,HIRO99,鹿児島県,0,,-
RESIDENT,雨のちパノラマセカイ,0,,-,756,Z,鹿児島県,1405,HAKU*,鹿児島県,2166,N,鹿児島県,0,,-
RESIDENT,響花水月,0,,-,1051,T-DAK,鹿児島県,1728,AHOY!,鹿児島県,2760,N,鹿児島県,0,,-
EPOLIS,20XX,0,,-,595,MOTOKI,鹿児島県,1597,SIGURE,鹿児島県,2682,HIRO99,鹿児島県,0,,-
EPOLIS,ACT0,0,,-,1190,MASA,鹿児島県,2022,TOMO,鹿児島県,2942,HIRO99,鹿児島県,0,,-
EPOLIS,Aeterna,0,,-,974,*YULY*,鹿児島県,1539,NICOLE,鹿児島県,2533,N,鹿児島県,0,,-
EPOLIS,Akatsuki,0,,-,985,*YULY*,鹿児島県,1557,ALICE,鹿児島県,2242,POIFUL,鹿児島県,0,,-
EPOLIS,Ambivalent Vermilia,0,,-,1356,*YULY*,鹿児島県,2319,39JO,鹿児島県,3981,HIRO99,鹿児島県,0,,-
EPOLIS,Amethyst,0,,-,1216,MASA,鹿児島県,1777,UNAGI*,鹿児島県,2595,HIRO99,鹿児島県,0,,-
EPOLIS,Bitter & Lucky,0,,-,828,*YULY*,鹿児島県,1269,SEKKEN,鹿児島県,2407,LAZYAF,鹿児島県,0,,-
EPOLIS,BLAZING_LAZER,0,,-,1163,*YULY*,鹿児島県,1912,D.O.G.,鹿児島県,3386,HIRO99,鹿児島県,0,,-
EPOLIS,CADENZA,0,,-,1404,MASA,鹿児島県,2272,D.O.G.,鹿児島県,4461,HIRO99,鹿児島県,0,,-
EPOLIS,Chemical Colours,0,,-,1010,*YULY*,鹿児島県,1835,AHOY!,鹿児島県,2767,HIRO99,鹿児島県,0,,-
EPOLIS,CODE:2,0,,-,1029,MASA,鹿児島県,1682,D.O.G.,鹿児島県,2921,HIRO99,鹿児島県,0,,-
EPOLIS,COUNTING SHEEP ft. Kanae Asaba,0,,-,661,*YULY*,鹿児島県,1294,NEKO*3,鹿児島県,2205,R.I.P,鹿児島県,0,,-
EPOLIS,Cult Invitation,0,,-,1147,*YULY*,鹿児島県,1889,R.I.P,鹿児島県,3401,HIRO99,鹿児島県,0,,-
EPOLIS,Dahlia,0,,-,1154,*YULY*,鹿児島県,2081,R.I.P,鹿児島県,3126,HIRO99,鹿児島県,0,,-
EPOLIS,DAZZLE ATTACK,548,MOTOKI,鹿児島県,922,Z,鹿児島県,1605,NICOLE,鹿児島県,2846,HIRO99,鹿児島県,0,,-
EPOLIS,Deep Sea Mystery,0,,-,990,Z,鹿児島県,1383,SEKKEN,鹿児島県,1944,LAZYAF,鹿児島県,0,,-
EPOLIS,Demon March,0,,-,1380,MASA,鹿児島県,2200,D.O.G.,鹿児島県,3605,HIRO99,鹿児島県,0,,-
EPOLIS,Echoes of Sunfall,0,,-,977,*YULY*,鹿児島県,1526,COSMOZ,鹿児島県,2928,HIRO99,鹿児島県,0,,-
EPOLIS,frequent,0,,-,1215,Z,鹿児島県,2046,COSMOZ,鹿児島県,3703,HIRO99,鹿児島県,0,,-
EPOLIS,GAME ON,0,,-,1272,*YULY*,鹿児島県,2092,MEIYA.,鹿児島県,2663,HIRO99,鹿児島県,0,,-
EPOLIS,Get Higher,0,,-,857,Z,鹿児島県,1603,COSMOZ,鹿児島県,2246,R.I.P,鹿児島県,0,,-
EPOLIS,Get Wicked,0,,-,835,Z,鹿児島県,1264,Z,鹿児島県,2464,HIRO99,鹿児島県,0,,-
EPOLIS,Ghost Pulse,0,,-,961,MASA,鹿児島県,1507,AHOY!,鹿児島県,2782,HIRO99,鹿児島県,0,,-
EPOLIS,Glitch N Ride,0,,-,871,39JO,鹿児島県,1329,AHOY!,鹿児島県,2603,HIRO99,鹿児島県,0,,-
EPOLIS,GloriosA,0,,-,1137,MASA,鹿児島県,1700,IVANKO,鹿児島県,2826,HIRO99,鹿児島県,0,,-
EPOLIS,GLORIOUS HAMMER,0,,-,974,Z,鹿児島県,1825,SWITCH,鹿児島県,3040,HIRO99,鹿児島県,0,,-
EPOLIS,Hard Breaker,0,,-,702,Z,鹿児島県,1456,COSMOZ,鹿児島県,2530,HIRO99,鹿児島県,0,,-
EPOLIS,Hat Surprise (Season 3),0,,-,1165,*YULY*,鹿児島県,1986,*NANA*,鹿児島県,2612,R.I.P,鹿児島県,0,,-
EPOLIS,i-ii,0,,-,1026,MASA,鹿児島県,1415,SEINA.,鹿児島県,2777,FUSI,鹿児島県,0,,-
EPOLIS,INHERITANCE,0,,-,999,T-DAK,鹿児島県,1653,COSMOZ,鹿児島県,2821,HIRO99,鹿児島県,3497,HIRO99,鹿児島県
EPOLIS,Iris,386,MOTOKI,鹿児島県,825,*YULY*,鹿児島県,1487,HAKU*,鹿児島県,2203,INOKI!,鹿児島県,0,,-
EPOLIS,Jumper,0,,-,846,Z,鹿児島県,1207,Z,鹿児島県,2336,R.I.P,鹿児島県,0,,-
EPOLIS,Just Gimme,0,,-,911,*YULY*,鹿児島県,1571,SEKKEN,鹿児島県,2730,HIRO99,鹿児島県,0,,-
EPOLIS,JUSTICE/GUILTY feat. Nana Takahashi & 709sec.,0,,-,1679,NICOLE,鹿児島県,2346,TOMO,鹿児島県,3838,HIRO99,鹿児島県,0,,-
EPOLIS,Level 5,0,,-,1227,*YULY*,鹿児島県,2403,POIFUL,鹿児島県,3595,HIRO99,鹿児島県,0,,-
EPOLIS,MAXIMUM CHEAT GIRL,0,,-,1174,*YULY*,鹿児島県,2127,39JO,鹿児島県,3517,HIRO99,鹿児島県,0,,-
EPOLIS,Million Dollar,0,,-,1057,MASA,鹿児島県,1819,TOMO,鹿児島県,3367,HIRO99,鹿児島県,0,,-
EPOLIS,Monkey Business,0,,-,678,*YULY*,鹿児島県,1387,SEKKEN,鹿児島県,2522,HIRO99,鹿児島県,0,,-
EPOLIS,Mukade,0,,-,1002,Z,鹿児島県,1642,SEKKEN,鹿児島県,3211,HIRO99,鹿児島県,0,,-
EPOLIS,My Sweet Bird?,0,,-,744,Z,鹿児島県,1450,ALICE,鹿児島県,2110,SUQNE*,鹿児島県,0,,-
EPOLIS,NEEDLESS MY LOVE FOR YOU,0,,-,979,MASA,鹿児島県,1627,HAKU*,鹿児島県,2432,N,鹿児島県,0,,-
EPOLIS,Out of Control,0,,-,1026,Z,鹿児島県,1941,LIBIDO,鹿児島県,3020,HIRO99,鹿児島県,0,,-
EPOLIS,out of disk space,0,,-,1040,0000,鹿児島県,1835,D.O.G.,鹿児島県,2465,39JO,鹿児島県,0,,-
EPOLIS,PILGRIM,0,,-,892,Z,鹿児島県,1559,D.O.G.,鹿児島県,2706,HIRO99,鹿児島県,0,,-
EPOLIS,Psychedelic Intelligence,0,,-,1111,Z,鹿児島県,1736,ALICE,鹿児島県,2697,N,鹿児島県,0,,-
EPOLIS,Red Determination,0,,-,937,Z,鹿児島県,1336,*YULY*,鹿児島県,2522,R.I.P,鹿児島県,0,,-
EPOLIS,Resonant,0,,-,1042,MASA,鹿児島県,2173,PLUMI,鹿児島県,3557,HIRO99,鹿児島県,0,,-
EPOLIS,Riff//rain,210,MOTOKI,鹿児島県,687,Z,鹿児島県,1248,HAKU*,鹿児島県,1803,N,鹿児島県,0,,-
EPOLIS,See You Again,0,,-,1119,MASA,鹿児島県,1796,D.O.G.,鹿児島県,3039,R.I.P,鹿児島県,0,,-
EPOLIS,Seven Times Four,0,,-,1036,Z,鹿児島県,1757,SEKKEN,鹿児島県,3414,HIRO99,鹿児島県,0,,-
EPOLIS,Shapeshifter,0,,-,1025,ALICE,鹿児島県,1377,*YULY*,鹿児島県,2500,HIRO99,鹿児島県,0,,-
EPOLIS,Sirius,0,,-,965,*YULY*,鹿児島県,1569,SWITCH,鹿児島県,3216,HIRO99,鹿児島県,0,,-
EPOLIS,So What,0,,-,597,Z,鹿児島県,1142,ALICE,鹿児島県,1796,R.I.P,鹿児島県,0,,-
EPOLIS,SOLAR ECLIPSE,0,,-,1459,SUQNE*,鹿児島県,2372,39JO,鹿児島県,3477,HIRO99,鹿児島県,0,,-
EPOLIS,Speculation,0,,-,902,Z,鹿児島県,1620,AHOY!,鹿児島県,2933,HIRO99,鹿児島県,0,,-
EPOLIS,squall,0,,-,1110,*YULY*,鹿児島県,1522,SEKKEN,鹿児島県,2601,HIRO99,鹿児島県,0,,-
EPOLIS,Stereo Beasts,0,,-,1215,Z,鹿児島県,2187,YAMUTA,鹿児島県,3636,HIRO99,鹿児島県,0,,-
EPOLIS,Submerge Serenade,0,,-,979,Z,鹿児島県,1651,OITAN,鹿児島県,2933,HIRO99,鹿児島県,4026,HIRO99,鹿児島県
EPOLIS,Sword of Vengeance,0,,-,1175,SUPIKA,鹿児島県,1981,TOMO,鹿児島県,3227,HIRO99,鹿児島県,0,,-
EPOLIS,T.R.O.L.L.,0,,-,932,*YULY*,鹿児島県,1546,SEKKEN,鹿児島県,2550,HIRO99,鹿児島県,0,,-
EPOLIS,The Last Apocalypse,0,,-,1276,Z,鹿児島県,2332,PLUMI,鹿児島県,3661,HIRO99,鹿児島県,0,,-
EPOLIS,The Onlyonez,0,,-,930,Z,鹿児島県,1691,SUMIRE,鹿児島県,3112,HIRO99,鹿児島県,0,,-
EPOLIS,This Is Club Musik feat. 大久保紅葉,0,,-,1017,MASA,鹿児島県,1425,SEKKEN,鹿児島県,2607,SACHI,鹿児島県,0,,-
EPOLIS,Time Distortion pt.2(IIDX Edit),0,,-,1201,Z,鹿児島県,1760,YUSHI,鹿児島県,2948,HIRO99,鹿児島県,0,,-
EPOLIS,TITANIUM RIDERS,0,,-,823,Z,鹿児島県,1500,N,鹿児島県,2105,R.I.P,鹿児島県,0,,-
EPOLIS,Too Late Snow,0,,-,752,Z,鹿児島県,1373,NEKO*3,鹿児島県,2003,HIRO99,鹿児島県,0,,-
EPOLIS,TRIP THE DEEP,0,,-,925,Z,鹿児島県,1524,D.O.G.,鹿児島県,2496,HIRO99,鹿児島県,0,,-
EPOLIS,Tripping Jumping,0,,-,759,Z,鹿児島県,1464,HAKU*,鹿児島県,2259,HIRO99,鹿児島県,0,,-
EPOLIS,Vermilion Carol,0,,-,1250,MASA,鹿児島県,2036,HAKU*,鹿児島県,3553,HIRO99,鹿児島県,0,,-
EPOLIS,Vulnerability,0,,-,1224,ALICE,鹿児島県,1869,39JO,鹿児島県,3524,HIRO99,鹿児島県,0,,-
EPOLIS,WaterCube Pf.(RX-Ver.S.P.L.),0,,-,551,MASA,鹿児島県,1244,D.O.G.,鹿児島県,2057,39JO,鹿児島県,0,,-
EPOLIS,winkle 2 winkle,0,,-,966,Z,鹿児島県,1681,AHOY!,鹿児島県,2774,HIRO99,鹿児島県,0,,-
EPOLIS,Xb10r,0,,-,1131,*YULY*,鹿児島県,2066,COSMOZ,鹿児島県,3499,HIRO99,鹿児島県,0,,-
EPOLIS,ZEROIN ON THE LIGHT,0,,-,1047,Z,鹿児島県,1649,HAKU*,鹿児島県,2658,HIRO99,鹿児島県,0,,-
EPOLIS,《PL|RAYER》,0,,-,884,Z,鹿児島県,1619,AHOY!,鹿児島県,2798,HIRO99,鹿児島県,0,,-
EPOLIS,ちゅ、多様性。,217,MOTOKI,鹿児島県,501,Z,鹿児島県,1102,HAKU*,鹿児島県,1868,N,鹿児島県,2228,FUSI,鹿児島県
EPOLIS,ないないルーティン,0,,-,542,Z,鹿児島県,1320,NEKO*3,鹿児島県,2016,TEMARI,鹿児島県,0,,-
EPOLIS,めうめうぺったんたん！！ (ZAQUVA Remix),0,,-,947,Z,鹿児島県,1681,YUSHI,鹿児島県,2795,HIRO99,鹿児島県,0,,-
EPOLIS,れとりば！,0,,-,807,Z,鹿児島県,1299,HAKU*,鹿児島県,2053,HIRO99,鹿児島県,0,,-
EPOLIS,アイドル,276,MOTOKI,鹿児島県,838,MOTOKI,鹿児島県,1478,*NANA*,鹿児島県,2561,TEMARI,鹿児島県,3149,HIRO99,鹿児島県
EPOLIS,アタシ完全絶対正義ちゃん！,0,,-,904,Z,鹿児島県,1503,NICOLE,鹿児島県,2110,R.I.P,鹿児島県,0,,-
EPOLIS,シンデレラ,509,MOTOKI,鹿児島県,822,*YULY*,鹿児島県,1461,NICOLE,鹿児島県,2220,HIRO99,鹿児島県,0,,-
EPOLIS,センチメンタル・サマー,0,,-,611,Z,鹿児島県,1203,HAKU*,鹿児島県,1938,N,鹿児島県,0,,-
EPOLIS,デビルじゃないもん,331,MOTOKI,鹿児島県,776,Z,鹿児島県,1334,NEKO*3,鹿児島県,2083,HIRO99,鹿児島県,0,,-
EPOLIS,フォニイ,613,MOTOKI,鹿児島県,1206,NEKO*3,鹿児島県,1932,NEKO*3,鹿児島県,2893,HIRO99,鹿児島県,3906,HIRO99,鹿児島県
EPOLIS,ポラリスノウタ,294,MOTOKI,鹿児島県,769,Z,鹿児島県,1483,*YULY*,鹿児島県,2223,TEMARI,鹿児島県,0,,-
EPOLIS,マーシャル・マキシマイザー,402,MOTOKI,鹿児島県,758,Z,鹿児島県,1400,HAKU*,鹿児島県,2126,FUSI,鹿児島県,0,,-
EPOLIS,ラビットホール,675,*YULY*,鹿児島県,1316,MASA,鹿児島県,1870,ASQUID,鹿児島県,2920,HIRO99,鹿児島県,0,,-
EPOLIS,リメンバーリメンバー,0,,-,487,Z,鹿児島県,956,HAKU*,鹿児島県,1661,TEMARI,鹿児島県,0,,-
EPOLIS,今宵、ロマンス横丁。,0,,-,1060,*YULY*,鹿児島県,2121,PLUMI,鹿児島県,3292,HIRO99,鹿児島県,0,,-
EPOLIS,勇者,366,MOTOKI,鹿児島県,755,NICOLE,鹿児島県,1379,NICOLE,鹿児島県,2411,POIFUL,鹿児島県,0,,-
EPOLIS,可愛くてごめん,282,MOTOKI,鹿児島県,611,*YULY*,鹿児島県,1303,*YULY*,鹿児島県,2231,N,鹿児島県,2773,R.I.P,鹿児島県
EPOLIS,唱,189,MOTOKI,鹿児島県,435,Z,鹿児島県,989,HAKU*,鹿児島県,1764,HIRO99,鹿児島県,0,,-
EPOLIS,夏風邪デスコ,310,MOTOKI,鹿児島県,740,Z,鹿児島県,1657,NICOLE,鹿児島県,2582,FUSI,鹿児島県,0,,-
EPOLIS,夢縁,0,,-,1157,ALICE,鹿児島県,1937,MEIYA.,鹿児島県,2973,HIRO99,鹿児島県,0,,-
EPOLIS,寝起きヤシの木,455,MOTOKI,鹿児島県,1028,*YULY*,鹿児島県,1730,HIYOKO,鹿児島県,2792,HIRO99,鹿児島県,3474,HIRO99,鹿児島県
EPOLIS,惑星鉄道,0,,-,986,*YULY*,鹿児島県,1902,39JO,鹿児島県,2729,LAZYAF,鹿児島県,0,,-
EPOLIS,愛包ダンスホール,341,MOTOKI,鹿児島県,920,MEIYA.,鹿児島県,1361,MEIYA.,鹿児島県,2579,HIRO99,鹿児島県,0,,-
EPOLIS,摩天楼,0,,-,659,*YULY*,鹿児島県,1336,SEKKEN,鹿児島県,2487,HIRO99,鹿児島県,0,,-
EPOLIS,未完成ノ蒸氣驅動乙女,0,,-,1051,*YULY*,鹿児島県,1934,SWITCH,鹿児島県,2912,HIRO99,鹿児島県,0,,-
EPOLIS,果たせぬ約束 ft. 小林マナ,0,,-,1120,MASA,鹿児島県,1850,HAKU*,鹿児島県,2986,HIRO99,鹿児島県,0,,-
EPOLIS,残像ニ繋ガレタ追憶ノHIDEAWAY,0,,-,1134,*YULY*,鹿児島県,2122,HAKU*,鹿児島県,3540,HIRO99,鹿児島県,0,,-
EPOLIS,流桜ノ門,0,,-,949,*YULY*,鹿児島県,1475,NICOLE,鹿児島県,2124,HIRO99,鹿児島県,0,,-
EPOLIS,"灼熱Beach Side Bunny (かめりあ's ""Summertime D'n'B"" Remix)",0,,-,976,Z,鹿児島県,1783,HIYOKO,鹿児島県,3132,HIRO99,鹿児島県,0,,-
EPOLIS,神様、つれない。,0,,-,694,MASA,鹿児島県,1389,NEKO*3,鹿児島県,2116,TEMARI,鹿児島県,0,,-
EPOLIS,終焔のClaudia,0,,-,1093,Z,鹿児島県,1608,T-DAK,鹿児島県,2706,HIRO99,鹿児島県,0,,-
EPOLIS,酔いどれ知らず,267,MOTOKI,鹿児島県,778,Z,鹿児島県,1243,ALICE,鹿児島県,2213,INOKI!,鹿児島県,0,,-
EPOLIS,閉塞的フレーション,0,,-,963,Z,鹿児島県,1535,NICOLE,鹿児島県,2416,HIRO99,鹿児島県,0,,-
EPOLIS,雫,0,,-,976,*YULY*,鹿児島県,1935,S*TAKE,鹿児島県,2665,HIRO99,鹿児島県,0,,-
EPOLIS,電光,0,,-,938,*YULY*,鹿児島県,1723,ALICE,鹿児島県,3009,HIRO99,鹿児島県,0,,-
EPOLIS,電子になりたい,0,,-,787,Z,鹿児島県,1301,*YULY*,鹿児島県,1995,INOKI!,鹿児島県,0,,-
EPOLIS,電腦都市,0,,-,1268,MASA,鹿児島県,2082,D.O.G.,鹿児島県,3334,HIRO99,鹿児島県,0,,-
Pinky Crush,1116,0,,-,1020,*YULY*,鹿児島県,1990,TEMARI,鹿児島県,3001,HIRO99,鹿児島県,0,,-
Pinky Crush,ADAMANT,0,,-,1064,*YULY*,鹿児島県,1638,MAT2BI,鹿児島県,2982,HIRO99,鹿児島県,0,,-
Pinky Crush,Aqvion,0,,-,1154,*YULY*,鹿児島県,1959,SUMIRE,鹿児島県,3463,HIRO99,鹿児島県,0,,-
Pinky Crush,Arcanos,0,,-,625,Z,鹿児島県,1133,NICOLE,鹿児島県,1965,HIRO99,鹿児島県,0,,-
Pinky Crush,Bang-Boo Bumble,0,,-,1104,*YULY*,鹿児島県,1809,HAKU*,鹿児島県,2884,R.I.P,鹿児島県,0,,-
Pinky Crush,Bling-Bang-Bang-Born,336,*YULY*,鹿児島県,631,0000,鹿児島県,1108,D.O.G.,鹿児島県,1965,HIRO99,鹿児島県,2123,HIRO99,鹿児島県
Pinky Crush,Bring The Fire,0,,-,992,Z,鹿児島県,1767,COSMOZ,鹿児島県,3383,HIRO99,鹿児島県,0,,-
Pinky Crush,Butterfly Twist,0,,-,795,MOTOKI,鹿児島県,1521,SEKKEN,鹿児島県,2699,HIRO99,鹿児島県,0,,-
Pinky Crush,CHAOTIC SUNBIRD,0,,-,1068,O9DQ,鹿児島県,1579,TOMO,鹿児島県,3245,HIRO99,鹿児島県,0,,-
Pinky Crush,Chasing After YOU ～夢の欠片～ ft. 小林マナ,0,,-,960,HAKU*,鹿児島県,1422,NEKO*3,鹿児島県,2041,HIRO99,鹿児島県,0,,-
Pinky Crush,Constellation,0,,-,881,Z,鹿児島県,1660,SEKKEN,鹿児島県,2751,SACHI,鹿児島県,0,,-
Pinky Crush,COSMIC V3LOCITY,0,,-,1137,*YULY*,鹿児島県,1929,IKESAN,鹿児島県,3314,HIRO99,鹿児島県,0,,-
Pinky Crush,Cross Fire,0,,-,0,,-,2053,SWITCH,鹿児島県,3252,HIRO99,鹿児島県,0,,-
Pinky Crush,destination,0,,-,976,*YULY*,鹿児島県,1831,T-DAK,鹿児島県,3305,HIRO99,鹿児島県,0,,-
Pinky Crush,Digital Radiance,0,,-,1067,Z,鹿児島県,1369,D.O.G.,鹿児島県,2009,R.I.P,鹿児島県,0,,-
Pinky Crush,DIVINE JUDGEMENT,0,,-,964,Z,鹿児島県,1834,HAKU*,鹿児島県,2752,HIRO99,鹿児島県,0,,-
Pinky Crush,Dreamship,0,,-,887,Z,鹿児島県,1300,MEIYA.,鹿児島県,1938,INOKI!,鹿児島県,0,,-
Pinky Crush,Drop Syndicate,0,,-,1023,Z,鹿児島県,1724,AHOY!,鹿児島県,3528,HIRO99,鹿児島県,0,,-
Pinky Crush,Eleanor,0,,-,751,Z,鹿児島県,1354,NEKO*3,鹿児島県,2351,INOKI!,鹿児島県,0,,-
Pinky Crush,ELYSIUM,0,,-,840,Z,鹿児島県,1415,COSMOZ,鹿児島県,2707,HIRO99,鹿児島県,0,,-
Pinky Crush,everlastingeuphoria:,0,,-,1035,*YULY*,鹿児島県,1494,SEKKEN,鹿児島県,2420,SACHI,鹿児島県,0,,-
Pinky Crush,EX-MASSIVE FIGHTER,0,,-,1177,*YULY*,鹿児島県,1923,TOMO,鹿児島県,3341,HIRO99,鹿児島県,0,,-
Pinky Crush,EYE OF THE HEAVEN,0,,-,0,,-,1953,EK-9,鹿児島県,3384,AMURO,鹿児島県,0,,-
Pinky Crush,FERMI PARADOX,0,,-,1088,*YULY*,鹿児島県,1559,COSMOZ,鹿児島県,2445,R.I.P,鹿児島県,0,,-
Pinky Crush,Fiery Stallion,0,,-,853,MASA,鹿児島県,1563,AHOY!,鹿児島県,2375,HIRO99,鹿児島県,0,,-
Pinky Crush,Flamingo,0,,-,1043,HAKU*,鹿児島県,2276,R.I.P,鹿児島県,3365,HIRO99,鹿児島県,0,,-
Pinky Crush,FlyAway,0,,-,1068,*YULY*,鹿児島県,1827,SWITCH,鹿児島県,3201,HIRO99,鹿児島県,0,,-
Pinky Crush,Galaxy Collapse,0,,-,789,*YULY*,鹿児島県,1186,HAKU*,鹿児島県,1875,R.I.P,鹿児島県,0,,-
Pinky Crush,get set mind,0,,-,976,*YULY*,鹿児島県,1459,SEKKEN,鹿児島県,2378,UNAGI*,鹿児島県,0,,-
Pinky Crush,God Mind,0,,-,1392,MASA,鹿児島県,2433,MEIYA.,鹿児島県,4017,HIRO99,鹿児島県,0,,-
Pinky Crush,Good Looking,0,,-,689,Z,鹿児島県,1215,HAKU*,鹿児島県,2051,HIRO99,鹿児島県,0,,-
Pinky Crush,Here We Go Now,0,,-,987,SEINA.,鹿児島県,2031,OUT,鹿児島県,3282,HIRO99,鹿児島県,0,,-
Pinky Crush,hora de verdad,0,,-,930,Z,鹿児島県,1836,D.O.G.,鹿児島県,2984,HIRO99,鹿児島県,0,,-
Pinky Crush,IN BETWEEN,0,,-,788,SUPIKA,鹿児島県,1452,HAKU*,鹿児島県,2339,INOKI!,鹿児島県,0,,-
Pinky Crush,KOTONOHA ft. Kotoha,0,,-,786,*YULY*,鹿児島県,1288,NEKO*3,鹿児島県,1967,N,鹿児島県,0,,-
Pinky Crush,Lightspeed,0,,-,1206,*YULY*,鹿児島県,1967,SWITCH,鹿児島県,3059,HIRO99,鹿児島県,0,,-
Pinky Crush,lowercase lifetime,0,,-,1032,*YULY*,鹿児島県,1832,SEKKEN,鹿児島県,2704,FUSI,鹿児島県,0,,-
Pinky Crush,Lycoris,0,,-,0,,-,1352,HAKU*,鹿児島県,2019,POIFUL,鹿児島県,0,,-
Pinky Crush,MARLIN,0,,-,1128,NICOLE,鹿児島県,2052,D.O.G.,鹿児島県,3475,HIRO99,鹿児島県,0,,-
Pinky Crush,Mid-Corner (Magic Maker),0,,-,1099,Z,鹿児島県,1804,TOMO,鹿児島県,3056,HIRO99,鹿児島県,0,,-
Pinky Crush,Mighty Cutie,0,,-,1086,Z,鹿児島県,1918,D.O.G.,鹿児島県,2754,HIRO99,鹿児島県,0,,-
Pinky Crush,MVP,0,,-,847,Z,鹿児島県,1396,*YULY*,鹿児島県,2560,R.I.P,鹿児島県,0,,-
Pinky Crush,NOIXIA,0,,-,1264,*YULY*,鹿児島県,2092,KAI046,鹿児島県,3831,HIRO99,鹿児島県,0,,-
Pinky Crush,PERFECT HUMAN,521,FUSI,鹿児島県,809,Z,鹿児島県,1331,NICOLE,鹿児島県,2112,ALICE,鹿児島県,0,,-
Pinky Crush,Pinky Happy Crazy,0,,-,1185,Z,鹿児島県,2344,TOMO,鹿児島県,3511,HIRO99,鹿児島県,0,,-
Pinky Crush,PIT A PAT,0,,-,945,Z,鹿児島県,1676,NICOLE,鹿児島県,2516,HIRO99,鹿児島県,0,,-
Pinky Crush,Plazma,256,MOTOKI,鹿児島県,628,Z,鹿児島県,1147,NICOLE,鹿児島県,2032,HIRO99,鹿児島県,2766,HIRO99,鹿児島県
Pinky Crush,Plea Per Phase,0,,-,0,,-,1604,TOMO,鹿児島県,2714,R.I.P,鹿児島県,0,,-
Pinky Crush,PopなEDEN,0,,-,867,Z,鹿児島県,1495,MEIYA.,鹿児島県,2443,HIRO99,鹿児島県,0,,-
Pinky Crush,Raspberry Potion (feat.あれたん & ぎゃるのしん☆),0,,-,840,*YULY*,鹿児島県,1601,ZEN3,鹿児島県,2451,R.I.P,鹿児島県,0,,-
Pinky Crush,RAVE SYNDROME,0,,-,992,*YULY*,鹿児島県,1535,YORA,鹿児島県,2742,R.I.P,鹿児島県,0,,-
Pinky Crush,Roar of Chronos,0,,-,1238,ARROW.,鹿児島県,2102,SWITCH,鹿児島県,3866,HIRO99,鹿児島県,0,,-
Pinky Crush,Satellite Burst,0,,-,1119,Z,鹿児島県,1945,LIBIDO,鹿児島県,3760,HIRO99,鹿児島県,0,,-
Pinky Crush,Secret Rouge,0,,-,795,Z,鹿児島県,1593,HAKU*,鹿児島県,2306,SUMIRE,鹿児島県,0,,-
Pinky Crush,Shirdal,0,,-,770,Z,鹿児島県,1395,HAKU*,鹿児島県,2413,R.I.P,鹿児島県,0,,-
Pinky Crush,Show Me All Your Love,0,,-,1043,Z,鹿児島県,1716,SEKKEN,鹿児島県,2836,TEMARI,鹿児島県,0,,-
Pinky Crush,SISYPHUS,0,,-,706,MOTOKI,鹿児島県,1632,*NANA*,鹿児島県,2627,HIRO99,鹿児島県,0,,-
Pinky Crush,Skratch Education Lv-1,0,,-,945,UNAGI*,鹿児島県,1618,UNAGI*,鹿児島県,2748,HIRO99,鹿児島県,0,,-
Pinky Crush,Slumber☆Party,0,,-,738,Z,鹿児島県,1803,HIRO99,鹿児島県,2208,FUSI,鹿児島県,0,,-
Pinky Crush,Space In Time,0,,-,762,Z,鹿児島県,1415,HIYOKO,鹿児島県,2032,HIRO99,鹿児島県,0,,-
Pinky Crush,Stargazing Trip ～星 探す旅～ ft. 小林マナ,0,,-,995,Z,鹿児島県,1742,HAKU*,鹿児島県,2676,HIRO99,鹿児島県,0,,-
Pinky Crush,SUPER HEROINE!!,0,,-,895,*YULY*,鹿児島県,1577,D.O.G.,鹿児島県,2267,R.I.P,鹿児島県,0,,-
Pinky Crush,SμG@R RU$#,0,,-,1296,HAKU*,鹿児島県,2204,*NANA*,鹿児島県,3445,HIRO99,鹿児島県,0,,-
Pinky Crush,TECHNO RUMBLE,0,,-,988,Z,鹿児島県,1682,HAKU*,鹿児島県,2871,HIRO99,鹿児島県,0,,-
Pinky Crush,u gotta beat,0,,-,1075,Z,鹿児島県,1947,IRIS,鹿児島県,3478,HIRO99,鹿児島県,0,,-
Pinky Crush,Uaigh Gealai,0,,-,1156,*YULY*,鹿児島県,2037,D.O.G.,鹿児島県,3733,HIRO99,鹿児島県,0,,-
Pinky Crush,uen,0,,-,1230,*YULY*,鹿児島県,1914,56NYAN,鹿児島県,2944,HIRO99,鹿児島県,0,,-
Pinky Crush,Vibing! Shake it!,0,,-,925,*YULY*,鹿児島県,1521,NICOLE,鹿児島県,2444,R.I.P,鹿児島県,0,,-
Pinky Crush,Without Heaven,0,,-,1180,Z,鹿児島県,2052,D.O.G.,鹿児島県,3618,HIRO99,鹿児島県,0,,-
Pinky Crush,XHRONOXAPSULΞ,0,,-,1048,NICOLE,鹿児島県,2028,HAKU*,鹿児島県,3568,HIRO99,鹿児島県,0,,-
Pinky Crush,えだまめカレークッキング,420,*YULY*,鹿児島県,781,Z,鹿児島県,1191,NICOLE,鹿児島県,2169,HIRO99,鹿児島県,0,,-
Pinky Crush,きみのせかい,0,,-,1008,*YULY*,鹿児島県,1572,NICOLE,鹿児島県,2857,HIRO99,鹿児島県,0,,-
Pinky Crush,きゅうくらりん,422,MOTOKI,鹿児島県,818,Z,鹿児島県,1663,NICOLE,鹿児島県,2346,R.I.P,鹿児島県,0,,-
Pinky Crush,アラビアン ハイパー ナイト,0,,-,867,MOTOKI,鹿児島県,1702,HAKU*,鹿児島県,3218,HIRO99,鹿児島県,0,,-
Pinky Crush,イガク,312,MOTOKI,鹿児島県,845,AHOY!,鹿児島県,1469,NEKO*3,鹿児島県,2029,HIRO99,鹿児島県,3051,HIRO99,鹿児島県
Pinky Crush,エクスプロウル,0,,-,926,HAKU*,鹿児島県,1537,TOMO,鹿児島県,2402,HIRO99,鹿児島県,0,,-
Pinky Crush,オッドラヴィ,382,MOTOKI,鹿児島県,947,Z,鹿児島県,1686,D.O.G.,鹿児島県,2482,SUMIRE,鹿児島県,0,,-
Pinky Crush,オブソミート,239,MOTOKI,鹿児島県,857,HAKU*,鹿児島県,1468,HAKU*,鹿児島県,2382,R.I.P,鹿児島県,0,,-
Pinky Crush,キスキツネ,198,MOTOKI,鹿児島県,881,MEIYA.,鹿児島県,1458,NEKO*3,鹿児島県,2363,HIRO99,鹿児島県,0,,-
Pinky Crush,ギャ・ギャ・ギャ・ギャラクシー！,0,,-,849,Z,鹿児島県,1573,SEKKEN,鹿児島県,2391,HIRO99,鹿児島県,0,,-
Pinky Crush,ゲシュタルト,391,MOTOKI,鹿児島県,883,Z,鹿児島県,1532,D.O.G.,鹿児島県,2471,HIRO99,鹿児島県,3328,HIRO99,鹿児島県
Pinky Crush,スキッテイエェエエェ!!!!,0,,-,1532,UNAGI*,鹿児島県,2358,AKL,鹿児島県,4112,LAZYAF,鹿児島県,0,,-
Pinky Crush,スパークリング☆彡ハイパーチューン！！,0,,-,1368,*YULY*,鹿児島県,2004,HAKU*,鹿児島県,3629,HIRO99,鹿児島県,0,,-
Pinky Crush,ドリムチウ,0,,-,813,Z,鹿児島県,1509,SEKKEN,鹿児島県,2554,R.I.P,鹿児島県,0,,-
Pinky Crush,ドーナツホール 2024,345,*YULY*,鹿児島県,936,Z,鹿児島県,1579,HAKU*,鹿児島県,2370,HIRO99,鹿児島県,0,,-
Pinky Crush,ハオ,293,MOTOKI,鹿児島県,824,MOTOKI,鹿児島県,1663,NICOLE,鹿児島県,2859,HIRO99,鹿児島県,0,,-
Pinky Crush,ハルイロメロディー,0,,-,864,HAKU*,鹿児島県,1390,HAKU*,鹿児島県,2206,POIFUL,鹿児島県,0,,-
Pinky Crush,ビビデバ,262,MOTOKI,鹿児島県,729,Z,鹿児島県,1258,D.O.G.,鹿児島県,2034,HIRO99,鹿児島県,0,,-
Pinky Crush,ファイナルレター,0,,-,968,HAKU*,鹿児島県,1764,NICOLE,鹿児島県,2647,HIRO99,鹿児島県,0,,-
Pinky Crush,メズマライザー,554,MOTOKI,鹿児島県,1126,*YULY*,鹿児島県,1697,COSMOZ,鹿児島県,2707,HIRO99,鹿児島県,0,,-
Pinky Crush,ロマンシングエスケープ,0,,-,421,Z,鹿児島県,1121,TEMARI,鹿児島県,1773,R.I.P,鹿児島県,0,,-
Pinky Crush,天使のカンタータ -Cantata of Angels-,0,,-,1151,*YULY*,鹿児島県,2012,D.O.G.,鹿児島県,4026,HIRO99,鹿児島県,0,,-
Pinky Crush,弾幕信仰,0,,-,0,,-,1570,D.O.G.,鹿児島県,2502,HIRO99,鹿児島県,0,,-
Pinky Crush,我ら完全無敵のアイドル!!,240,MOTOKI,鹿児島県,987,Z,鹿児島県,1592,NEKO*3,鹿児島県,2509,POIFUL,鹿児島県,0,,-
Pinky Crush,断罪の一花,0,,-,800,Z,鹿児島県,1451,HAKU*,鹿児島県,2496,R.I.P,鹿児島県,0,,-
Pinky Crush,最強頂戴girl,0,,-,812,Z,鹿児島県,1394,IKESAN,鹿児島県,2069,KAI046,鹿児島県,0,,-
Pinky Crush,朱と碧のランページ,0,,-,1009,HAKU*,鹿児島県,1642,HAKU*,鹿児島県,2523,HIRO99,鹿児島県,0,,-
Pinky Crush,消極的セツナイズム,0,,-,905,Z,鹿児島県,1576,N,鹿児島県,2284,SACHI,鹿児島県,0,,-
Pinky Crush,灼熱 Lost Summer Dayz,0,,-,974,*YULY*,鹿児島県,1823,TEMARI,鹿児島県,2779,HIRO99,鹿児島県,0,,-
Pinky Crush,無双,0,,-,1156,HAKU*,鹿児島県,1930,*NANA*,鹿児島県,3296,HIRO99,鹿児島県,0,,-
Pinky Crush,爆ぜりゃんせ,0,,-,1036,Z,鹿児島県,1743,CLEF,鹿児島県,2941,HIRO99,鹿児島県,0,,-
Pinky Crush,覚悟せよ！エンタンメ～ン ～より身の切り売り自暴自棄版～,0,,-,1042,*YULY*,鹿児島県,1687,YUSHI,鹿児島県,2809,HIRO99,鹿児島県,0,,-
Pinky Crush,進捗ダメダメです,281,MOTOKI,鹿児島県,735,Z,鹿児島県,1541,D.O.G.,鹿児島県,2202,HIRO99,鹿児島県,0,,-
Pinky Crush,飴玉,0,,-,556,*YULY*,鹿児島県,859,D.O.G.,鹿児島県,1322,R.I.P,鹿児島県,0,,-
Pinky Crush,ＰＡＳＴＥＬＩＳＭ,0,,-,956,Z,鹿児島県,1415,*YULY*,鹿児島県,2077,HIRO99,鹿児島県,0,,-
Sparkle Shower,2 Be Continued,0,,-,1019,*YULY*,鹿児島県,1979,HIRO99,鹿児島県,3598,HIRO99,鹿児島県,0,,-
Sparkle Shower,A Certified Rave Moment,0,,-,951,0000,鹿児島県,1755,HIRO99,鹿児島県,2752,HIRO99,鹿児島県,0,,-
Sparkle Shower,ACID VISION,0,,-,1137,FUSI,鹿児島県,1632,FUSI,鹿児島県,1841,HIRO99,鹿児島県,0,,-
Sparkle Shower,AGETEKE ONDO,0,,-,996,*YULY*,鹿児島県,1575,D.O.G.,鹿児島県,2588,HIRO99,鹿児島県,0,,-
Sparkle Shower,Amor∞Fati,0,,-,1178,0000,鹿児島県,2555,SUMIRE,鹿児島県,3976,HIRO99,鹿児島県,0,,-
Sparkle Shower,Any％,0,,-,1179,CHIKIN,鹿児島県,2139,SUMIRE,鹿児島県,3544,HIRO99,鹿児島県,0,,-
Sparkle Shower,Astra Blaze,0,,-,1186,TEMARI,鹿児島県,2264,SUMIRE,鹿児島県,3353,HIRO99,鹿児島県,0,,-
Sparkle Shower,Bang Bang Dance,0,,-,809,MASA,鹿児島県,1735,HIRO99,鹿児島県,2779,HIRO99,鹿児島県,0,,-
Sparkle Shower,BattleRoyal,0,,-,1079,HAKU*,鹿児島県,1645,TOMO,鹿児島県,2571,HIRO99,鹿児島県,0,,-
Sparkle Shower,Begin,0,,-,1001,HAKU*,鹿児島県,2025,R.I.P,鹿児島県,3220,HIRO99,鹿児島県,0,,-
Sparkle Shower,BitRacer,0,,-,1051,*YULY*,鹿児島県,2096,SUMIRE,鹿児島県,3374,HIRO99,鹿児島県,0,,-
Sparkle Shower,Bloom,0,,-,682,UNAGI*,鹿児島県,1164,SUQNE*,鹿児島県,1826,HIRO99,鹿児島県,0,,-
Sparkle Shower,blue anthem,0,,-,1167,ALICE,鹿児島県,1663,ALICE,鹿児島県,2906,HIRO99,鹿児島県,0,,-
Sparkle Shower,Caramel Pain,229,MEIYA.,鹿児島県,627,MEIYA.,鹿児島県,1027,MEIYA.,鹿児島県,1657,HIRO99,鹿児島県,0,,-
Sparkle Shower,Catch ya Getcha!,0,,-,982,*YULY*,鹿児島県,1996,HIRO99,鹿児島県,2893,HIRO99,鹿児島県,0,,-
Sparkle Shower,chaplet -IIDX re:build-,0,,-,959,*YULY*,鹿児島県,1950,SUMIRE,鹿児島県,2822,HIRO99,鹿児島県,0,,-
Sparkle Shower,COLOR BURST,196,*YULY*,鹿児島県,774,MEIYA.,鹿児島県,1375,ALICE,鹿児島県,2185,HIRO99,鹿児島県,0,,-
Sparkle Shower,Countdown to Heaven or Hell,0,,-,1222,ALICE,鹿児島県,2014,HIRO99,鹿児島県,3053,HIRO99,鹿児島県,0,,-
Sparkle Shower,D.K.N. ON,0,,-,1019,*YULY*,鹿児島県,1840,HAKU*,鹿児島県,2697,HIRO99,鹿児島県,0,,-
Sparkle Shower,Digitized Ocean,0,,-,1166,R.I.P,鹿児島県,2017,R.I.P,鹿児島県,3450,HIRO99,鹿児島県,0,,-
Sparkle Shower,Disco Killer Music Lover,0,,-,1063,ALICE,鹿児島県,1819,SUMIRE,鹿児島県,3035,HIRO99,鹿児島県,0,,-
Sparkle Shower,Dolphin Kick,0,,-,1367,*YULY*,鹿児島県,2202,SUMIRE,鹿児島県,3547,HIRO99,鹿児島県,0,,-
Sparkle Shower,Dusk Endir,0,,-,1032,KAI046,鹿児島県,2260,POIFUL,鹿児島県,3300,HIRO99,鹿児島県,0,,-
Sparkle Shower,ESPRIT ONE,0,,-,1270,ALICE,鹿児島県,1736,ALICE,鹿児島県,2910,HIRO99,鹿児島県,0,,-
Sparkle Shower,Ex-Otogibanashi,168,*YULY*,鹿児島県,456,*YULY*,鹿児島県,946,UNAGI*,鹿児島県,1589,HIRO99,鹿児島県,0,,-
Sparkle Shower,Fashion Fruit,0,,-,1014,*YULY*,鹿児島県,1942,HIRO99,鹿児島県,3022,HIRO99,鹿児島県,0,,-
Sparkle Shower,fixer,0,,-,781,TOMO,鹿児島県,1763,39JO,鹿児島県,3402,HIRO99,鹿児島県,0,,-
Sparkle Shower,FIZZY FIZZY POP,0,,-,818,0000,鹿児島県,1493,D.O.G.,鹿児島県,2221,R.I.P,鹿児島県,0,,-
Sparkle Shower,FiZZλ_POT!0N,0,,-,1373,ALICE,鹿児島県,2063,SUMIRE,鹿児島県,3314,LAZYAF,鹿児島県,0,,-
Sparkle Shower,From Human Blood,0,,-,1178,*YULY*,鹿児島県,2077,HIRO99,鹿児島県,3590,HIRO99,鹿児島県,0,,-
Sparkle Shower,Funky Quirky,0,,-,915,*YULY*,鹿児島県,1887,R.I.P,鹿児島県,2597,HIRO99,鹿児島県,0,,-
Sparkle Shower,Get Into The Groove feat.WaMi,0,,-,958,MASA,鹿児島県,1383,ALICE,鹿児島県,2280,HIRO99,鹿児島県,0,,-
Sparkle Shower,Gimme a Big Beat(青龍 Remix),0,,-,1188,*YULY*,鹿児島県,2340,SUMIRE,鹿児島県,3018,TEMARI,鹿児島県,0,,-
Sparkle Shower,GO!,0,,-,835,*YULY*,鹿児島県,1747,ALICE,鹿児島県,3051,HIRO99,鹿児島県,0,,-
Sparkle Shower,GOLD RUSH 2025,0,,-,816,*YULY*,鹿児島県,1464,ALICE,鹿児島県,2719,HIRO99,鹿児島県,0,,-
Sparkle Shower,Hallucination,0,,-,1027,PLUMI,鹿児島県,1765,ALICE,鹿児島県,2646,SACHI,鹿児島県,0,,-
Sparkle Shower,HEROES,0,,-,1216,*YULY*,鹿児島県,2228,SUMIRE,鹿児島県,3334,HIRO99,鹿児島県,0,,-
Sparkle Shower,HORIZON BEATZ,0,,-,756,MEIYA.,鹿児島県,1629,ALICE,鹿児島県,2532,SUMIRE,鹿児島県,0,,-
Sparkle Shower,HyperTwist,0,,-,1261,ALICE,鹿児島県,2186,SUMIRE,鹿児島県,3268,HIRO99,鹿児島県,0,,-
Sparkle Shower,Ignited Night,0,,-,1016,*YULY*,鹿児島県,1504,ALICE,鹿児島県,2396,HIRO99,鹿児島県,0,,-
Sparkle Shower,Iridescent Memories,0,,-,1399,0000,鹿児島県,2183,SUMIRE,鹿児島県,3780,HIRO99,鹿児島県,0,,-
Sparkle Shower,JUST SYNC ft.Kanae Asaba,0,,-,740,MEIYA.,鹿児島県,1274,ALICE,鹿児島県,2020,HIRO99,鹿児島県,0,,-
Sparkle Shower,Kick The Rainbow,0,,-,1138,ASIC,鹿児島県,1949,ALICE,鹿児島県,2919,HIRO99,鹿児島県,0,,-
Sparkle Shower,King of Tribe,0,,-,1070,*YULY*,鹿児島県,2043,POIFUL,鹿児島県,3118,HIRO99,鹿児島県,0,,-
Sparkle Shower,kors k's Let's make an Image Song!,0,,-,945,*YULY*,鹿児島県,1800,KAI046,鹿児島県,2720,HIRO99,鹿児島県,0,,-
Sparkle Shower,Last Card,0,,-,1009,*YULY*,鹿児島県,1739,TOMO,鹿児島県,3055,HIRO99,鹿児島県,0,,-
Sparkle Shower,LEMON MELON COOKIE,364,SEINA.,鹿児島県,799,MASA,鹿児島県,1533,SWITCH,鹿児島県,2248,HIRO99,鹿児島県,0,,-
Sparkle Shower,Limelight,0,,-,1072,KAI046,鹿児島県,1942,SUMIRE,鹿児島県,2970,HIRO99,鹿児島県,0,,-
Sparkle Shower,Lisa-RICCIA,487,MOTOKI,鹿児島県,1202,HAKU*,鹿児島県,2220,R.I.P,鹿児島県,3341,HIRO99,鹿児島県,4459,HIRO99,鹿児島県
Sparkle Shower,Makin' It,0,,-,1015,KAI046,鹿児島県,1651,HIRO99,鹿児島県,2714,HIRO99,鹿児島県,0,,-
Sparkle Shower,Memoria Obscura,0,,-,967,*YULY*,鹿児島県,2191,HIRO99,鹿児島県,4028,HIRO99,鹿児島県,0,,-
Sparkle Shower,Meteor☆Shower,0,,-,948,LOUVRE,鹿児島県,1930,ALICE,鹿児島県,2939,HIRO99,鹿児島県,0,,-
Sparkle Shower,Mighty Beat Monsterz,0,,-,1135,*YULY*,鹿児島県,1931,SUMIRE,鹿児島県,3121,HIRO99,鹿児島県,0,,-
Sparkle Shower,MOCHIMOCHI DREAMIN!!,0,,-,1068,*YULY*,鹿児島県,1832,HIRO99,鹿児島県,3015,HIRO99,鹿児島県,0,,-
Sparkle Shower,Nemophila,0,,-,1026,KAI046,鹿児島県,1729,D.O.G.,鹿児島県,2705,HIRO99,鹿児島県,0,,-
Sparkle Shower,Nyan Nyan University,0,,-,912,*YULY*,鹿児島県,1596,HIRO99,鹿児島県,2563,HIRO99,鹿児島県,0,,-
Sparkle Shower,OMEGA,0,,-,1044,*YULY*,鹿児島県,2132,SUMIRE,鹿児島県,3308,HIRO99,鹿児島県,0,,-
Sparkle Shower,PALETTE,358,*YULY*,鹿児島県,867,NICOLE,鹿児島県,1452,HIRO99,鹿児島県,2058,HIRO99,鹿児島県,0,,-
Sparkle Shower,PERFECT GREAT!!,0,,-,1253,KAI046,鹿児島県,2418,SUMIRE,鹿児島県,3771,HIRO99,鹿児島県,0,,-
Sparkle Shower,pique,0,,-,1073,*YULY*,鹿児島県,1891,ALICE,鹿児島県,3029,HIRO99,鹿児島県,0,,-
Sparkle Shower,RALLY '25,0,,-,1199,ALICE,鹿児島県,2155,HIRO99,鹿児島県,3219,HIRO99,鹿児島県,0,,-
Sparkle Shower,REcorrection,0,,-,577,0000,鹿児島県,1066,NEKO*3,鹿児島県,1587,R.I.P,鹿児島県,0,,-
Sparkle Shower,Regina vespaE,0,,-,1157,MASA,鹿児島県,2225,EEE.,鹿児島県,3566,HIRO99,鹿児島県,0,,-
Sparkle Shower,RIZING-GAMERS.,0,,-,994,*YULY*,鹿児島県,2272,SUMIRE,鹿児島県,3334,HIRO99,鹿児島県,0,,-
Sparkle Shower,RUINA,0,,-,896,OITAN,鹿児島県,1788,SUMIRE,鹿児島県,2732,HIRO99,鹿児島県,0,,-
Sparkle Shower,Second Heaven(Mamonis Remix),0,,-,906,*YULY*,鹿児島県,1654,POIFUL,鹿児島県,2466,SUMIRE,鹿児島県,0,,-
Sparkle Shower,SHINING☆DANCE,0,,-,857,HAKU*,鹿児島県,1534,SUQNE*,鹿児島県,2468,HIRO99,鹿児島県,0,,-
Sparkle Shower,Shooting Star,232,MOTOKI,鹿児島県,827,*YULY*,鹿児島県,1478,SWITCH,鹿児島県,2450,HIRO99,鹿児島県,0,,-
Sparkle Shower,Show Time,0,,-,828,MASA,鹿児島県,1381,TEMARI,鹿児島県,2040,HIRO99,鹿児島県,0,,-
Sparkle Shower,Signs and Wonders,0,,-,653,MASA,鹿児島県,1007,HAKU*,鹿児島県,1598,HIRO99,鹿児島県,0,,-
Sparkle Shower,SILKY BRAVE,0,,-,874,*YULY*,鹿児島県,1521,ALICE,鹿児島県,2364,SUMIRE,鹿児島県,0,,-
Sparkle Shower,Skywalking,0,,-,894,UNAGI*,鹿児島県,1396,HAKU*,鹿児島県,2310,HIRO99,鹿児島県,0,,-
Sparkle Shower,Smintheus,0,,-,1210,*YULY*,鹿児島県,2326,SUMIRE,鹿児島県,3471,HIRO99,鹿児島県,0,,-
Sparkle Shower,SnapSkipSpark,0,,-,1071,NICOLE,鹿児島県,1908,HIRO99,鹿児島県,2911,HIRO99,鹿児島県,0,,-
Sparkle Shower,Space Battleship S4TO,0,,-,1275,ALICE,鹿児島県,2225,R.I.P,鹿児島県,3747,HIRO99,鹿児島県,0,,-
Sparkle Shower,SPLASH!!!!!!!!!,0,,-,880,MASA,鹿児島県,1514,HIRO99,鹿児島県,2289,HIRO99,鹿児島県,0,,-
Sparkle Shower,Substance,0,,-,1122,*YULY*,鹿児島県,1706,HIRO99,鹿児島県,3064,HIRO99,鹿児島県,0,,-
Sparkle Shower,super double play sessions,0,,-,1405,R.I.P,鹿児島県,2397,HIRO99,鹿児島県,4039,HIRO99,鹿児島県,0,,-
Sparkle Shower,THUNDERSTRIKE,0,,-,1177,MASA,鹿児島県,2095,R.I.P,鹿児島県,3403,HIRO99,鹿児島県,0,,-
Sparkle Shower,TOKAKU=ALMiRAJ,0,,-,899,MASA,鹿児島県,1899,SUQNE*,鹿児島県,2841,HIRO99,鹿児島県,0,,-
Sparkle Shower,UNDO THE NIGHT,0,,-,1021,HIYOKO,鹿児島県,2091,SUMIRE,鹿児島県,3418,HIRO99,鹿児島県,0,,-
Sparkle Shower,Vitamin,0,,-,1113,0000,鹿児島県,1796,HIRO99,鹿児島県,2640,HIRO99,鹿児島県,0,,-
Sparkle Shower,voice of echo.,0,,-,1084,MASA,鹿児島県,1751,ALICE,鹿児島県,2726,HIRO99,鹿児島県,0,,-
Sparkle Shower,Watermelon Explosion,0,,-,741,*YULY*,鹿児島県,1335,KAI046,鹿児島県,2016,HIRO99,鹿児島県,0,,-
Sparkle Shower,Wizards!,0,,-,782,MASA,鹿児島県,1535,ALICE,鹿児島県,2271,HIRO99,鹿児島県,0,,-
Sparkle Shower,X-Plan,0,,-,720,*YULY*,鹿児島県,1327,SUQNE*,鹿児島県,2207,HIRO99,鹿児島県,0,,-
Sparkle Shower,[E],0,,-,1466,ALICE,鹿児島県,2149,ALICE,鹿児島県,3415,HIRO99,鹿児島県,0,,-
Sparkle Shower,Τeλοs,0,,-,1063,FUSI,鹿児島県,1713,ALICE,鹿児島県,2607,HIRO99,鹿児島県,0,,-
Sparkle Shower,ιgniЯRuina,0,,-,1322,*YULY*,鹿児島県,2180,HIRO99,鹿児島県,3509,HIRO99,鹿児島県,0,,-
Sparkle Shower,⁽⁽ଘ( ˙꒳˙ )ଓ⁾⁾ beyond reason,0,,-,1224,HAKU*,鹿児島県,2105,SUMIRE,鹿児島県,3723,HIRO99,鹿児島県,0,,-
Sparkle Shower,かわいいだけじゃだめですか？,215,MOTOKI,鹿児島県,915,MASA,鹿児島県,1587,HIRO99,鹿児島県,2131,HIRO99,鹿児島県,3478,HIRO99,鹿児島県
Sparkle Shower,じぇりー じゅえる ジャングル,0,,-,1222,KAI046,鹿児島県,1920,ALICE,鹿児島県,3276,HIRO99,鹿児島県,0,,-
Sparkle Shower,それが、ボクの使命～レスキュー隊長 メンキュー～,0,,-,721,NICOLE,鹿児島県,1578,HIRO99,鹿児島県,2175,HIRO99,鹿児島県,0,,-
Sparkle Shower,でんぱ どりる わんにゃー☆三,286,MOTOKI,鹿児島県,1189,MEIYA.,鹿児島県,2256,HIRO99,鹿児島県,3321,HIRO99,鹿児島県,0,,-
Sparkle Shower,もんめためたもん,218,MOTOKI,鹿児島県,846,*YULY*,鹿児島県,1408,ALICE,鹿児島県,2245,HIRO99,鹿児島県,0,,-
Sparkle Shower,オーバーライド,473,*YULY*,鹿児島県,1196,HAKU*,鹿児島県,1783,HAKU*,鹿児島県,3182,HIRO99,鹿児島県,0,,-
Sparkle Shower,キミとえがくキセキ,0,,-,905,HAKU*,鹿児島県,1484,HAKU*,鹿児島県,2235,R.I.P,鹿児島県,0,,-
Sparkle Shower,クレッシェンド,0,,-,1187,ALICE,鹿児島県,1871,SUMIRE,鹿児島県,3343,HIRO99,鹿児島県,0,,-
Sparkle Shower,サタデーナイト☆ギャロップ,0,,-,1255,ALICE,鹿児島県,1965,SUMIRE,鹿児島県,3885,HIRO99,鹿児島県,0,,-
Sparkle Shower,タンポポ,0,,-,1225,KAI046,鹿児島県,1870,SWITCH,鹿児島県,2675,HIRO99,鹿児島県,0,,-
Sparkle Shower,デラむぅのでらっくす☆どり～むぅ,0,,-,802,*NANA*,鹿児島県,1316,ALICE,鹿児島県,1984,HIRO99,鹿児島県,0,,-
Sparkle Shower,バブリン,271,*YULY*,鹿児島県,1155,SUQNE*,鹿児島県,1692,ALICE,鹿児島県,2430,HIRO99,鹿児島県,0,,-
Sparkle Shower,ビビッド ☆+*。キラキライム,531,*YULY*,鹿児島県,1176,HAKU*,鹿児島県,2111,HIRO99,鹿児島県,3707,HIRO99,鹿児島県,0,,-
Sparkle Shower,ベラ・ベ・カラベラ,0,,-,1035,ALICE,鹿児島県,1660,ALICE,鹿児島県,2755,HIRO99,鹿児島県,0,,-
Sparkle Shower,ベンガル vs. アムール Battle,0,,-,1278,*YULY*,鹿児島県,2089,SUMIRE,鹿児島県,3685,HIRO99,鹿児島県,0,,-
Sparkle Shower,メテオラ-meteor-,0,,-,1029,HAKU*,鹿児島県,1722,ALICE,鹿児島県,2432,HIRO99,鹿児島県,0,,-
Sparkle Shower,メルト CPK! Remix (初音ミク ver.),474,*YULY*,鹿児島県,856,*YULY*,鹿児島県,1592,TOMO,鹿児島県,2842,HIRO99,鹿児島県,0,,-
Sparkle Shower,ラブコメトキドキシリアス,0,,-,1201,NICOLE,鹿児島県,2030,SUMIRE,鹿児島県,3628,HIRO99,鹿児島県,0,,-
Sparkle Shower,レシピのリドル,0,,-,634,MASA,鹿児島県,1337,SEKKEN,鹿児島県,2322,HIRO99,鹿児島県,0,,-
Sparkle Shower,三日天下モンキー,0,,-,709,HAKU*,鹿児島県,1237,ALICE,鹿児島県,1776,HIRO99,鹿児島県,0,,-
Sparkle Shower,不死身ごっこ,264,*YULY*,鹿児島県,942,MASA,鹿児島県,1445,KAI046,鹿児島県,2532,HIRO99,鹿児島県,0,,-
Sparkle Shower,夏色のセレナーデ,0,,-,857,*YULY*,鹿児島県,1353,HIRO99,鹿児島県,2245,HIRO99,鹿児島県,0,,-
Sparkle Shower,夢色ワンダー,528,*YULY*,鹿児島県,1468,*YULY*,鹿児島県,2064,HAKU*,鹿児島県,3187,SUMIRE,鹿児島県,0,,-
Sparkle Shower,好吃来世deエレクトリック,0,,-,790,MASA,鹿児島県,1357,SWITCH,鹿児島県,1910,HIRO99,鹿児島県,0,,-
Sparkle Shower,恋愛観測,0,,-,681,MASA,鹿児島県,1428,HAKU*,鹿児島県,2490,HIRO99,鹿児島県,0,,-
Sparkle Shower,断罪のミメシス,0,,-,1351,ALICE,鹿児島県,2133,SUMIRE,鹿児島県,3278,HIRO99,鹿児島県,0,,-
Sparkle Shower,月下繚乱,0,,-,885,*YULY*,鹿児島県,1733,ALICE,鹿児島県,2749,HIRO99,鹿児島県,0,,-
Sparkle Shower,煉獄コンフィチュール,0,,-,962,*YULY*,鹿児島県,1841,HIRO99,鹿児島県,2662,HIRO99,鹿児島県,0,,-
Sparkle Shower,百恋ラブラスター,0,,-,734,MASA,鹿児島県,1612,HIRO99,鹿児島県,2628,HIRO99,鹿児島県,0,,-
Sparkle Shower,色を喪った街,0,,-,1286,HAKU*,鹿児島県,2401,SUMIRE,鹿児島県,3671,HIRO99,鹿児島県,0,,-
Sparkle Shower,華麗なる！音戯探偵ひなビタ,0,,-,683,ASIC,鹿児島県,1221,D.O.G.,鹿児島県,2320,HIRO99,鹿児島県,0,,-
Sparkle Shower,鏡像都市,0,,-,822,*YULY*,鹿児島県,1388,ALICE,鹿児島県,1965,HIRO99,鹿児島県,0,,-
Sparkle Shower,閃と雷管とロープ,0,,-,877,*YULY*,鹿児島県,1413,HIRO99,鹿児島県,2566,HIRO99,鹿児島県,0,,-
