バージョン,タイトル,BEGINNER EXスコア,BEGINNER DJName,BEGINNER 都道府県,NORMAL EXスコア,NORMAL DJName,NORMAL 都道府県,HYPER EXスコア,HYPER DJName,HYPER 都道府県,ANOTHER EXスコア,ANOTHER DJName,ANOTHER 都道府県,LEGGENDARIA EXスコア,LEGGENDARIA DJName,LEGGENDARIA 都道府県
1st&substream,22DUNK,0,,-,501,KRVIZE,韓国,444,JJUN,韓国,651,SIGSIG,韓国,0,,-
1st&substream,5.1.1.,0,,-,194,CTPLT*,韓国,1013,FA03,韓国,1572,CHARM,韓国,0,,-
1st&substream,deep in you,0,,-,443,KEIRIN,韓国,475,K.H.B,韓国,663,KKM*,韓国,0,,-
1st&substream,Dr.LOVE,0,,-,396,AEL*,韓国,509,MOL?RU,韓国,580,CHARM,韓国,0,,-
1st&substream,GAMBOL,0,,-,272,MOL?RU,韓国,274,7TSUHI,韓国,0,,-,0,,-
1st&substream,GENOM SCREAMS,0,,-,381,KRVIZE,韓国,783,C-PAIN,韓国,1072,FAFNIR,韓国,0,,-
1st&substream,gentle stress,0,,-,331,MAYO,韓国,651,FA03,韓国,1449,CHLOE,韓国,0,,-
1st&substream,GRADIUSIC CYBER,0,,-,732,CRUSH!,韓国,982,FA03,韓国,1207,SIGSIG,韓国,0,,-
1st&substream,KEEP ON MOVIN',0,,-,195,PXERO,韓国,244,OYAYUB,韓国,0,,-,0,,-
1st&substream,Macho Gang,0,,-,346,KRVIZE,韓国,962,K.H.B,韓国,1668,DON*,韓国,0,,-
1st&substream,PARANOIA MAX～DIRTY MIX～,0,,-,529,TSE.,韓国,729,CTPLT*,韓国,1118,FAFNIR,韓国,0,,-
1st&substream,R3,0,,-,608,TSE.,韓国,725,FA03,韓国,901,SIGSIG,韓国,0,,-
1st&substream,RUGGED ASH,0,,-,310,LINCLE,韓国,395,FA03,韓国,1104,FAFNIR,韓国,2068,FAFNIR,韓国
1st&substream,THE EARTH LIGHT,0,,-,738,KRVIZE,韓国,1004,FA03,韓国,1161,DON*,韓国,0,,-
2nd style,.59,0,,-,559,DSA431,韓国,999,FA03,韓国,1163,CHLOE,韓国,0,,-
2nd style,Digital MinD(A/T Libra mix),0,,-,685,KRVIZE,韓国,1048,FA03,韓国,1128,SIGSIG,韓国,0,,-
2nd style,Electro Tuned(the SubS mix),0,,-,743,KRVIZE,韓国,920,GORGUG,韓国,1062,SIGSIG,韓国,0,,-
2nd style,I Was The One,0,,-,504,MIN,韓国,608,FA03,韓国,693,SIGSIG,韓国,0,,-
2nd style,Indigo Vision(full flavour hide around mix),0,,-,849,CTPLT*,韓国,1090,FA03,韓国,1233,CHLOE,韓国,0,,-
2nd style,PUT YOUR FAITH IN ME(for beatmania II),0,,-,531,TSE.,韓国,861,SIGSIG,韓国,0,,-,0,,-
2nd style,SP-TRIP MACHINE(for beatmania II),0,,-,483,?TRAIT,韓国,612,FA03,韓国,647,MOCHA,韓国,0,,-
3rd style,CAN'T STOP FALLIN'IN LOVE,0,,-,605,AEL*,韓国,1249,SIGSIG,韓国,0,,-,0,,-
3rd style,Don't Stop!,0,,-,743,KRVIZE,韓国,851,FA03,韓国,905,SIGSIG,韓国,0,,-
3rd style,era (nostalmix),0,,-,824,ENVY*,韓国,1089,MAIN.,韓国,1549,KKM*,韓国,0,,-
3rd style,Holic,0,,-,651,LSJ,韓国,1198,EUN,韓国,1748,DON*,韓国,0,,-
3rd style,LEADING CYBER,0,,-,832,CTPLT*,韓国,1180,FA03,韓国,1272,CHLOE,韓国,0,,-
3rd style,Presto,0,,-,506,MIN,韓国,907,KRVIZE,韓国,1010,NEON,韓国,0,,-
3rd style,R5,0,,-,590,NWJNS,韓国,1146,EITHER,韓国,1770,DON*,韓国,0,,-
3rd style,REINCARNATION,0,,-,795,KRVIZE,韓国,1006,FA03,韓国,1275,ALIEN,韓国,0,,-
3rd style,Schlagwerk,0,,-,764,KRVIZE,韓国,1288,FA03,韓国,1696,CHLOE,韓国,0,,-
3rd style,Skyscraper,0,,-,676,KRVIZE,韓国,1080,K.H.B,韓国,1249,SIGSIG,韓国,0,,-
3rd style,Tangerine Stream,0,,-,264,KRVIZE,韓国,394,SIGSIG,韓国,0,,-,0,,-
3rd style,THE SAFARI,356,MIN,韓国,1104,SUBARU,韓国,1793,DON*,韓国,0,,-,0,,-
4th style,250bpm,0,,-,606,KRVIZE,韓国,1015,FA03,韓国,1437,DON*,韓国,0,,-
4th style,ABSOLUTE,0,,-,1248,KRVIZE,韓国,1776,FA03,韓国,2425,DON*,韓国,2807,DON*,韓国
4th style,B4U,0,,-,994,KRVIZE,韓国,1475,KOTOKO,韓国,2016,KKM*,韓国,0,,-
4th style,Broken My Heart,0,,-,896,ENGAWA,韓国,1430,SHJ*,韓国,1822,KKM*,韓国,0,,-
4th style,Burnin' The Floor,0,,-,536,?TRAIT,韓国,912,DEVIL*,韓国,1437,SIGSIG,韓国,0,,-
4th style,CHECKING YOU OUT,0,,-,583,KRVIZE,韓国,853,GAGMAN,韓国,1394,KKM*,韓国,0,,-
4th style,Clione,0,,-,503,VENTA,韓国,883,NEOPHY,韓国,1618,FAFNIR,韓国,2196,KKM*,韓国
4th style,DXY!,0,,-,1136,MATCHA,韓国,1837,CLST,韓国,2295,DON*,韓国,0,,-
4th style,empathy,0,,-,791,KRVIZE,韓国,1302,68MA,韓国,1480,DON*,韓国,0,,-
4th style,era (step mix),0,,-,1034,KRVIZE,韓国,1322,68MA,韓国,1728,KKM*,韓国,0,,-
4th style,FLOWERS for ALBION,0,,-,236,MOL?RU,韓国,440,DON*,韓国,0,,-,0,,-
4th style,HIGHER,0,,-,514,KRVIZE,韓国,893,KRVIZE,韓国,1275,SIGSIG,韓国,0,,-
4th style,Hitch Hiker2,0,,-,779,KRVIZE,韓国,1130,KRVIZE,韓国,1325,SIGSIG,韓国,1951,DON*,韓国
4th style,Jam&Marmalade,0,,-,743,KRVIZE,韓国,901,FA03,韓国,1018,ALIEN,韓国,0,,-
4th style,KAMIKAZE,0,,-,934,KRVIZE,韓国,1409,CRUSH!,韓国,2311,DON*,韓国,0,,-
4th style,LOVE WILL・・・,0,,-,512,MIN,韓国,719,KRVIZE,韓国,1464,ALIEN,韓国,0,,-
4th style,minimalian,0,,-,465,?TRAIT,韓国,1065,BYERDN,韓国,1411,FAFNIR,韓国,0,,-
4th style,Mr.T.(take me higher),0,,-,786,?TRAIT,韓国,1002,FA03,韓国,1769,CHLOE,韓国,0,,-
4th style,starmine,430,KRVIZE,韓国,869,BISCO,韓国,1302,KRVIZE,韓国,1595,CHEPY.,韓国,0,,-
4th style,SWEET LAB,0,,-,523,-TIC-,韓国,904,KRVIZE,韓国,1379,KKM*,韓国,0,,-
4th style,Voltage (feat. Hidemaru),0,,-,870,ENGAWA,韓国,1149,CTPLT*,韓国,1339,DON*,韓国,0,,-
5th style,Abyss,0,,-,1221,ENGAWA,韓国,1533,68MA,韓国,1888,DON*,韓国,0,,-
5th style,in my eyes,0,,-,931,ENGAWA,韓国,1375,ENGAWA,韓国,1592,FAFNIR,韓国,0,,-
5th style,LOVE AGAIN TONIGHT～for Mellisa mix～,0,,-,702,?TRAIT,韓国,0,,-,1119,SIGSIG,韓国,0,,-
5th style,outer wall,0,,-,781,HARUNA,韓国,1213,S.Y.R,韓国,1779,DON*,韓国,0,,-
5th style,QQQ,0,,-,1157,ENGAWA,韓国,1869,CLST,韓国,2171,NEON,韓国,0,,-
5th style,Radical Faith,0,,-,1156,CTPLT*,韓国,1521,SIGSIG,韓国,1300,SIGSIG,韓国,0,,-
5th style,Real,0,,-,988,KRVIZE,韓国,1602,PXERO,韓国,1819,CHLOE,韓国,0,,-
5th style,Regulus,0,,-,994,KRVIZE,韓国,1325,K.H.B,韓国,1751,DON*,韓国,0,,-
5th style,RIDE ON THE LIGHT (HI GREAT MIX),0,,-,831,?TRAIT,韓国,1079,FAFNIR,韓国,1720,F,韓国,1848,KKM*,韓国
5th style,RISLIM,0,,-,835,?TRAIT,韓国,1232,SIGSIG,韓国,0,,-,0,,-
5th style,sometime,0,,-,734,ENGAWA,韓国,805,HARUNA,韓国,1343,DON*,韓国,0,,-
5th style,Spin the disc,0,,-,748,KRVIZE,韓国,1123,ENGAWA,韓国,1346,CHEPY.,韓国,0,,-
5th style,STILL IN MY HEART,0,,-,921,KRVIZE,韓国,1337,NOBU,韓国,1939,DON*,韓国,0,,-
5th style,still my words,0,,-,888,CTPLT*,韓国,1224,SIGSIG,韓国,0,,-,0,,-
5th style,sync,0,,-,1034,KRVIZE,韓国,1835,CTPLT*,韓国,2404,NEON,韓国,0,,-
5th style,THE CUBE,0,,-,680,KRVIZE,韓国,1256,FA03,韓国,1360,CHARM,韓国,0,,-
5th style,THE SHINING POLARIS,0,,-,899,KRVIZE,韓国,1242,KRVIZE,韓国,1587,CHLOE,韓国,0,,-
5th style,V,338,ENGAWA,韓国,1137,ENGAWA,韓国,2468,.HWA,韓国,3036,DON*,韓国,0,,-
6th style,"19,November",0,,-,1050,KRVIZE,韓国,1453,FA03,韓国,1817,KKM*,韓国,0,,-
6th style,BALLAD FOR YOU～想いの雨～,0,,-,581,OYAYUB,韓国,768,FA03,韓国,1073,NEON,韓国,0,,-
6th style,Blueberry Stream,0,,-,775,KRVIZE,韓国,1429,FA03,韓国,1682,DON*,韓国,0,,-
6th style,Buffalo,0,,-,943,KRVIZE,韓国,1464,FA03,韓国,1848,CHARM,韓国,2541,DON*,韓国
6th style,Colors (radio edit),0,,-,1331,ENGAWA,韓国,1918,YODAYO,韓国,2485,KKM*,韓国,0,,-
6th style,DIVE ～INTO YOUR HEART～,0,,-,1188,KRVIZE,韓国,1799,YS*DAD,韓国,2128,DON*,韓国,0,,-
6th style,fly through the night,0,,-,851,ENVY*,韓国,1338,FA03,韓国,1717,ALIEN,韓国,0,,-
6th style,Free Style,0,,-,844,ENGAWA,韓国,1115,FA03,韓国,1318,CHEPY.,韓国,0,,-
6th style,Frozen Ray (original mix),0,,-,1231,KRVIZE,韓国,1735,CLST,韓国,1816,DON*,韓国,0,,-
6th style,G2,0,,-,1427,CLST,韓国,1555,FELIS,韓国,2365,DON*,韓国,0,,-
6th style,L'amour et la liberte,0,,-,966,OYAYUB,韓国,1575,FA03,韓国,2045,DON*,韓国,0,,-
6th style,Linus,0,,-,940,68MA,韓国,1386,FELIS,韓国,2206,NEON,韓国,0,,-
6th style,NEMESIS,0,,-,945,ENGAWA,韓国,1504,PXERO,韓国,1942,DON*,韓国,0,,-
6th style,rottel-da-sun,0,,-,725,KRVIZE,韓国,1350,FA03,韓国,1867,CHARM,韓国,0,,-
6th style,route 80s,0,,-,840,KRVIZE,韓国,1184,FA03,韓国,1531,DON*,韓国,0,,-
6th style,SOMETHING WONDERFUL,0,,-,667,TOMCAT,韓国,1309,PXERO,韓国,1992,CHLOE,韓国,0,,-
6th style,Summer Vacation(CU mix),0,,-,1175,KRVIZE,韓国,1886,DON*,韓国,0,,-,0,,-
6th style,Take It Easy,0,,-,1452,CYTRUS,韓国,2355,EUN,韓国,2544,CHARM,韓国,0,,-
6th style,VJ ARMY,0,,-,1185,KRVIZE,韓国,1572,I-404*,韓国,2267,DON*,韓国,0,,-
6th style,こっちを向いてよ,0,,-,787,KRVIZE,韓国,1295,FA03,韓国,1385,SIGSIG,韓国,0,,-
7th style,A,0,,-,1175,S...L,韓国,2122,MAPLZE,韓国,2506,DON*,韓国,0,,-
7th style,AVE DE RAPINA,0,,-,1309,ENGAWA,韓国,1734,CHLOE,韓国,1845,DON*,韓国,0,,-
7th style,Bad Routine,0,,-,976,ENGAWA,韓国,1404,FA03,韓国,1923,FAFNIR,韓国,0,,-
7th style,Burning Heat! (Full Option Mix),0,,-,685,CTPLT*,韓国,922,FA03,韓国,1494,CHLOE,韓国,0,,-
7th style,Cheer Train,0,,-,748,044APD,韓国,1179,FA03,韓国,1755,FAFNIR,韓国,0,,-
7th style,D2R,0,,-,950,DON*X1,韓国,1282,FA03,韓国,1643,DON*,韓国,0,,-
7th style,DESTINY,0,,-,1003,KRVIZE,韓国,1341,FA03,韓国,1840,ALIEN,韓国,0,,-
7th style,foreplay,0,,-,625,KRVIZE,韓国,1189,FA03,韓国,1344,CHLOE,韓国,0,,-
7th style,Glorious Days,0,,-,482,?TRAIT,韓国,750,FA03,韓国,918,DON*,韓国,0,,-
7th style,Happy Wedding,0,,-,1093,KRVIZE,韓国,1655,FA03,韓国,1867,DON*,韓国,0,,-
7th style,Last Message,0,,-,947,ENGAWA,韓国,1311,FA03,韓国,1632,ALIEN,韓国,0,,-
7th style,Let the Snow Paint Me,0,,-,799,KRVIZE,韓国,1025,FA03,韓国,1246,DON*,韓国,0,,-
7th style,Love Me Do,0,,-,1046,KRVIZE,韓国,1695,FA03,韓国,2116,CHARM,韓国,0,,-
7th style,MAX 300,0,,-,1046,KRVIZE,韓国,1870,KAMIRU,韓国,2847,KKM*,韓国,0,,-
7th style,Somebody Like You,0,,-,709,KRVIZE,韓国,1194,FA03,韓国,1857,CHARM,韓国,0,,-
7th style,Spica,0,,-,553,044APD,韓国,1469,MK.197,韓国,2304,DON*,韓国,0,,-
7th style,stoic,0,,-,1625,68MA,韓国,2396,GG*,韓国,2600,DON*,韓国,0,,-
7th style,Tomorrow Perfume,0,,-,1232,KRVIZE,韓国,1859,68MA,韓国,2147,KKM*,韓国,0,,-
7th style,traces,0,,-,1437,ENGAWA,韓国,1917,MALNIM,韓国,2154,CHLOE,韓国,0,,-
7th style,ZERO-ONE,0,,-,1056,ENGAWA,韓国,1598,DORO.,韓国,2260,DON*,韓国,2891,DON*,韓国
7th style,革命,0,,-,697,KRVIZE,韓国,1961,ISLQYN,韓国,2352,DON*,韓国,0,,-
8th style,abstract,0,,-,1210,ENGAWA,韓国,1579,68MA,韓国,1909,KKM*,韓国,0,,-
8th style,airflow,0,,-,522,?TRAIT,韓国,771,AYA,韓国,1440,FAFNIR,韓国,0,,-
8th style,ALL RIGHT,0,,-,845,KRVIZE,韓国,1246,CLST,韓国,1623,LICHT,韓国,0,,-
8th style,Attitude,0,,-,973,MIN,韓国,1273,KAZUSA,韓国,1757,CHLOE,韓国,0,,-
8th style,bit mania,0,,-,853,KRVIZE,韓国,1196,JMT,韓国,1868,FAFNIR,韓国,0,,-
8th style,Blame,0,,-,1104,KISCAR,韓国,1508,------,韓国,1956,DON*,韓国,0,,-
8th style,CELEBRATE NITE,0,,-,927,DON*X1,韓国,936,HARUNA,韓国,1425,ALIEN,韓国,0,,-
8th style,Colors -Y&Co. Eurobeat Remix-,0,,-,1070,KRVIZE,韓国,1914,68MA,韓国,2196,CHEPY.,韓国,0,,-
8th style,dual control,0,,-,712,KRVIZE,韓国,1259,KRVIZE,韓国,1913,FAFNIR,韓国,0,,-
8th style,Giudecca,0,,-,851,KAZUSA,韓国,1761,K.H.B,韓国,2728,DON*,韓国,0,,-
8th style,Halfway of promise,0,,-,917,KRVIZE,韓国,1515,NAU*,韓国,1868,KKM*,韓国,0,,-
8th style,HYPER BOUNDARY GATE,0,,-,1267,BYERDN,韓国,1897,FA03,韓国,2218,ALIEN,韓国,0,,-
8th style,LAB,0,,-,979,KRVIZE,韓国,1820,NEOPHY,韓国,2138,NEON,韓国,2752,DON*,韓国
8th style,LOVE IS ORANGE,0,,-,758,KRVIZE,韓国,1003,GORGUG,韓国,1801,DON*,韓国,2110,DON*,韓国
8th style,Luv 2 Feel Your Body,0,,-,830,CTPLT*,韓国,1059,*,韓国,1668,KKM*,韓国,0,,-
8th style,memories,0,,-,1032,KRVIZE,韓国,2014,DDAM,韓国,2281,CHLOE,韓国,0,,-
8th style,Monkey Dance,0,,-,774,KRVIZE,韓国,1349,FA03,韓国,1991,DON*,韓国,0,,-
8th style,murmur twins,0,,-,1024,?TRAIT,韓国,1663,WDG*,韓国,2403,CHARM,韓国,0,,-
8th style,MUSIC TO YOUR HEAD,0,,-,753,-TIC-,韓国,1381,IMARI,韓国,1691,.,韓国,0,,-
8th style,PLEASE DON'T GO,0,,-,954,ENGAWA,韓国,1390,YODAYO,韓国,2492,KKM*,韓国,0,,-
8th style,rainbow flyer,0,,-,733,KRVIZE,韓国,1655,CLST,韓国,2150,DON*,韓国,0,,-
8th style,symbolic,0,,-,1274,KRVIZE,韓国,1666,FELIS,韓国,2263,NEON,韓国,0,,-
8th style,thunder,0,,-,1045,KRVIZE,韓国,1565,YS*DAD,韓国,1907,DON*,韓国,0,,-
8th style,WAR GAME,0,,-,924,KRVIZE,韓国,1537,FA03,韓国,2153,NEON,韓国,0,,-
8th style,World Wide Love,0,,-,667,KRVIZE,韓国,997,EHOWL,韓国,1116,SIGSIG,韓国,0,,-
8th style,xenon,0,,-,1039,ENGAWA,韓国,1577,DORO.,韓国,2743,.,韓国,0,,-
8th style,桜,0,,-,997,EUN,韓国,1516,EUN,韓国,2200,DON*,韓国,0,,-
8th style,蒼い衝動,0,,-,899,ENGAWA,韓国,1278,MIEL,韓国,1601,!!?,韓国,0,,-
9th style,Abyss -The Heavens Remix-,549,KRVIZE,韓国,1392,JMT,韓国,1842,WDG*,韓国,2365,KKM*,韓国,0,,-
9th style,ACT,0,,-,1028,ENGAWA,韓国,1665,T-MAN,韓国,1861,CHLOE,韓国,0,,-
9th style,ADVANCE,0,,-,434,KRVIZE,韓国,752,KIPPIE,韓国,1629,CHARM,韓国,0,,-
9th style,ATOMIC AGE,0,,-,331,-TIC-,韓国,626,-TIC-,韓国,1335,CHLOE,韓国,0,,-
9th style,BAD BOY BASS!! (dj Remo-con MIX),0,,-,885,KRVIZE,韓国,1378,EUN,韓国,1806,DON*,韓国,0,,-
9th style,bag,0,,-,873,ENVY*,韓国,1100,-TIC-,韓国,1905,SIGSIG,韓国,0,,-
9th style,BRIGHTNESS DARKNESS,0,,-,686,KRVIZE,韓国,1464,CLST,韓国,1772,KKM*,韓国,0,,-
9th style,Cradle,0,,-,865,KRVIZE,韓国,1419,T-MAN,韓国,1604,CHARM,韓国,0,,-
9th style,Distress,0,,-,1219,KRVIZE,韓国,1853,SIGSIG,韓国,0,,-,0,,-
9th style,e-motion 2003  -romantic extra-,0,,-,1222,KRVIZE,韓国,1522,JMT,韓国,2000,FAFNIR,韓国,0,,-
9th style,fun,0,,-,512,KRVIZE,韓国,903,KRVIZE,韓国,1875,KKM*,韓国,0,,-
9th style,Golden Horn,0,,-,687,KRVIZE,韓国,1190,PXERO,韓国,1521,DON*,韓国,0,,-
9th style,HYPER EUROBEAT (2DX style),0,,-,1014,KRVIZE,韓国,1611,PXERO,韓国,1968,FAFNIR,韓国,0,,-
9th style,I Was The One (80's EUROBEAT STYLE),0,,-,711,NWJNS,韓国,1290,AEL*,韓国,1454,DON*,韓国,0,,-
9th style,Karma,0,,-,1283,KRVIZE,韓国,1637,SJHHJ.,韓国,1837,CHARM,韓国,0,,-
9th style,lights,0,,-,685,ENGAWA,韓国,1275,CRUSH!,韓国,1811,DON*,韓国,0,,-
9th style,Logic Board,0,,-,1046,CHEERS,韓国,1778,FA03,韓国,2343,DON*,韓国,0,,-
9th style,LOVE SHINE,509,-TIC-,韓国,796,KRVIZE,韓国,1767,DXR*GT,韓国,2091,CHARM,韓国,0,,-
9th style,lower world,0,,-,1303,ENGAWA,韓国,1731,PORIN,韓国,2280,DON*,韓国,0,,-
9th style,Make A Difference,0,,-,851,68MA,韓国,1581,68MA,韓国,2292,DON*,韓国,0,,-
9th style,MARIA (I believe... ),0,,-,711,KRVIZE,韓国,1578,FA03,韓国,1943,SIGSIG,韓国,0,,-
9th style,moon_child,0,,-,1003,ENGAWA,韓国,1952,CLST,韓国,2587,DON*,韓国,0,,-
9th style,one or eight,0,,-,1188,MIN,韓国,1885,YODAYO,韓国,2330,KKM*,韓国,0,,-
9th style,PARANOIA survivor MAX,0,,-,897,BUREOJ,韓国,1267,OYAYUB,韓国,2176,KKM*,韓国,0,,-
9th style,quasar,0,,-,1151,68MA,韓国,1767,NAU*,韓国,2320,DON*,韓国,0,,-
9th style,Quickening,0,,-,813,HARUNA,韓国,1564,FELIS,韓国,2122,DON*,韓国,0,,-
9th style,Really Love,0,,-,521,PROTO,韓国,919,HGTKNM,韓国,1773,CHEPY.,韓国,0,,-
9th style,RISLIM -Remix-,0,,-,696,?TRAIT,韓国,950,ENVY*,韓国,1904,DON*,韓国,0,,-
9th style,rottel-the-Mercury,0,,-,942,KRVIZE,韓国,1822,NEOPHY,韓国,2271,7TSUHI,韓国,0,,-
9th style,Silvia Drive,0,,-,794,KRVIZE,韓国,1499,BYERDN,韓国,2091,DON*,韓国,0,,-
9th style,SNOW,0,,-,1032,OYAYUB,韓国,1379,FA03,韓国,2055,NEON,韓国,0,,-
9th style,STAR FIELD,0,,-,670,KRVIZE,韓国,1466,ALPO,韓国,1892,DON*,韓国,0,,-
9th style,Sweet Sweet Magic,0,,-,975,KRVIZE,韓国,1522,FA03,韓国,2056,NEON,韓国,0,,-
9th style,SWEETEST SAVAGE,0,,-,576,KRVIZE,韓国,1255,KRVIZE,韓国,1850,KKM*,韓国,0,,-
9th style,ライオン好き,0,,-,615,KRVIZE,韓国,1104,KAZUSA,韓国,1506,NEON,韓国,0,,-
9th style,真夏の花・真夏の夢,0,,-,696,PROTO,韓国,1019,KAZUSA,韓国,1490,DON*,韓国,0,,-
10th style,1st Samurai,0,,-,1015,ENVY*,韓国,1967,MALNIM,韓国,2753,DON*,韓国,0,,-
10th style,ALIEN TEMPLE,0,,-,886,MIN,韓国,1505,ENGAWA,韓国,2035,CHLOE,韓国,0,,-
10th style,ASTRAL VOYAGE,0,,-,547,RICO,韓国,1283,CRUSH!,韓国,1924,LICHT,韓国,0,,-
10th style,BABY LOVE,0,,-,1136,KISCAR,韓国,1570,KRVIZE,韓国,2171,CHARM,韓国,0,,-
10th style,Back Into The Light,0,,-,1018,KISCAR,韓国,1643,GAGMAN,韓国,2167,NEON,韓国,0,,-
10th style,Boundary,0,,-,767,KRVIZE,韓国,1752,KIM,韓国,2057,GEHO,韓国,0,,-
10th style,CARRY ON NIGHT (English version),0,,-,1000,OYAYUB,韓国,1203,ENGAWA,韓国,2070,CHARM,韓国,0,,-
10th style,Daisuke,466,BYERDN,韓国,1152,TSE.,韓国,1631,SHJ*,韓国,2407,KKM*,韓国,0,,-
10th style,Debtty Daddy,0,,-,968,MIN,韓国,1954,MINY,韓国,2737,CHEPY.,韓国,0,,-
10th style,desolation,0,,-,446,?TRAIT,韓国,606,ENGAWA,韓国,765,SIGSIG,韓国,0,,-
10th style,DoLL,324,KEIRIN,韓国,930,68MA,韓国,1101,YSK,韓国,1618,C,韓国,0,,-
10th style,EXE,0,,-,827,KRVIZE,韓国,1483,ARVE,韓国,2258,CHARM,韓国,0,,-
10th style,Feedback,0,,-,1030,ENGAWA,韓国,1521,KRVIZE,韓国,2004,KKM*,韓国,0,,-
10th style,FEEL IT,0,,-,847,KRVIZE,韓国,1619,RIARA,韓国,2016,KKM*,韓国,0,,-
10th style,Freezing atmosphere,0,,-,694,L.DASH,韓国,1054,ENVY*,韓国,1533,DON*,韓国,0,,-
10th style,GHOST REVIVAL,0,,-,598,LYN,韓国,1909,SHJ*,韓国,2606,DON*,韓国,0,,-
10th style,GRADIUS -FULL SPEED-,0,,-,614,MIN,韓国,922,YSK,韓国,2126,KKM*,韓国,0,,-
10th style,HIGH,0,,-,919,ENGAWA,韓国,1914,DON*X1,韓国,2167,NEON,韓国,2877,LICHT,韓国
10th style,Innocent Walls,0,,-,1621,YODAYO,韓国,2551,KKM*,韓国,2886,DON*,韓国,0,,-
10th style,Love Is Eternity,0,,-,989,HARUNA,韓国,1887,AEL*,韓国,2416,LICHT,韓国,0,,-
10th style,Lucy,0,,-,934,KRVIZE,韓国,1757,WDG*,韓国,2331,CHEPY.,韓国,0,,-
10th style,Narcissus At Oasis,0,,-,772,OYAYUB,韓国,1487,EUN,韓国,1668,UTSUHO,韓国,0,,-
10th style,No.13,0,,-,1521,JMT,韓国,2646,CLST,韓国,3202,KKM*,韓国,0,,-
10th style,One More Lovely,0,,-,812,KRVIZE,韓国,1630,WDG*,韓国,2887,KKM*,韓国,0,,-
10th style,pandora,0,,-,844,KAZUSA,韓国,1577,JADE,韓国,1857,KKM*,韓国,0,,-
10th style,rainbow rainbow,0,,-,1220,MCFIX*,韓国,2240,CLST,韓国,2744,KKM*,韓国,0,,-
10th style,Rise'n Beauty,0,,-,1039,HAKAN8,韓国,1471,K.H.B,韓国,2172,F,韓国,4040,CHEPY.,韓国
10th style,SCORE,0,,-,853,CROSS,韓国,1456,JMT,韓国,2099,DON*,韓国,0,,-
10th style,SHOOTING STAR,0,,-,1208,KRVIZE,韓国,1606,PXERO,韓国,2282,KKM*,韓国,0,,-
10th style,SPACE FIGHT,0,,-,568,?TRAIT,韓国,1403,K.H.B,韓国,2266,DON*,韓国,0,,-
10th style,システムロマンス,0,,-,425,JWLOVE,韓国,1735,EUN,韓国,2045,CHARM,韓国,0,,-
10th style,雪月花,0,,-,1218,BISCO,韓国,1909,WDG*,韓国,2563,DON*,韓国,0,,-
IIDX RED,AA,0,,-,1262,DON*X1,韓国,2710,ERII.,韓国,3659,KKM*,韓国,0,,-
IIDX RED,AGEHA,579,-TIC-,韓国,997,KRVIZE,韓国,1615,NUGON,韓国,1889,CHLOE,韓国,2454,CHARM,韓国
IIDX RED,ANDROMEDA,0,,-,969,KRVIZE,韓国,1904,DON*X1,韓国,2890,DON*,韓国,0,,-
IIDX RED,awakening,0,,-,1030,KRVIZE,韓国,1444,FA03,韓国,1732,DON*,韓国,0,,-
IIDX RED,Be quiet,0,,-,1036,KRVIZE,韓国,1720,CLST,韓国,2225,DON*,韓国,2908,KKM*,韓国
IIDX RED,BLOCKS,0,,-,593,AKR893,韓国,1268,EUN,韓国,1991,DON*,韓国,0,,-
IIDX RED,BREATH,0,,-,838,HOTORI,韓国,1191,JMT,韓国,1744,KKM*,韓国,0,,-
IIDX RED,Click Again,0,,-,878,ENGAWA,韓国,1287,KRVIZE,韓国,2180,DON*,韓国,0,,-
IIDX RED,Close my Eyes for Me,0,,-,813,NWJNS,韓国,1257,JMT,韓国,1882,KKM*,韓国,0,,-
IIDX RED,D.A.N.C.E.!,0,,-,546,?TRAIT,韓国,765,OHC,韓国,1645,DON*,韓国,0,,-
IIDX RED,Don't be afraid myself,0,,-,1016,HOTORI,韓国,1836,DON*X1,韓国,2308,DON*,韓国,0,,-
IIDX RED,earth scape,0,,-,379,MIN,韓国,989,ENVY*,韓国,1282,CHEPY.,韓国,0,,-
IIDX RED,FAKE TIME,0,,-,965,KRVIZE,韓国,1754,DBISFR,韓国,2434,KKM*,韓国,0,,-
IIDX RED,Fly Away To India,0,,-,582,044APD,韓国,1081,FA03,韓国,1413,SIGSIG,韓国,0,,-
IIDX RED,GENOCIDE,0,,-,1130,DON*X1,韓国,2043,WEN.D,韓国,2425,DON*,韓国,0,,-
IIDX RED,gigadelic,671,ENVY*,韓国,1484,CLST,韓国,2200,KKM*,韓国,2575,KKM*,韓国,0,,-
IIDX RED,HORIZON,0,,-,696,HANSUL,韓国,1341,ZAHLEN,韓国,1969,CHLOE,韓国,0,,-
IIDX RED,KEY,0,,-,1131,MOCHA,韓国,1821,68MA,韓国,2861,DON*,韓国,0,,-
IIDX RED,NEBULA GRASPER,0,,-,1247,HARUNA,韓国,1805,UM,韓国,2467,LICHT,韓国,0,,-
IIDX RED,Raspberry Heart(English version),0,,-,850,?TRAIT,韓国,1574,FA03,韓国,1862,DON*,韓国,0,,-
IIDX RED,RED ZONE,178,DON*X1,韓国,1009,BISKO0,韓国,1891,CLST,韓国,2364,DON*,韓国,3119,NEON,韓国
IIDX RED,RESONATE 1794,0,,-,874,ENGAWA,韓国,1424,EUN,韓国,1892,NEON,韓国,0,,-
IIDX RED,Secret of Love,0,,-,1041,KRVIZE,韓国,1412,68MA,韓国,2034,LICHT,韓国,0,,-
IIDX RED,SPEEDY CAT,0,,-,1096,ENGAWA,韓国,1694,FA03,韓国,2050,DON*,韓国,0,,-
IIDX RED,Sphere,0,,-,940,ETWA,韓国,1929,WDG*,韓国,2222,DON*,韓国,0,,-
IIDX RED,spiral galaxy,0,,-,1022,KRVIZE,韓国,1826,FELIS,韓国,2603,NEON,韓国,3797,KKM*,韓国
IIDX RED,The Hope of Tomorrow,0,,-,863,NWJNS,韓国,1654,68MA,韓国,1973,DON*,韓国,0,,-
IIDX RED,Wonder Bullfighter,0,,-,596,TOPAZ,韓国,1315,KRVIZE,韓国,2111,KKM*,韓国,0,,-
IIDX RED,ピアノ協奏曲第１番”蠍火”,0,,-,781,NOT2D,韓国,2104,YODAYO,韓国,2771,KKM*,韓国,0,,-
IIDX RED,大桟橋,0,,-,463,C-PAIN,韓国,1104,BRHD,韓国,1869,DON*,韓国,0,,-
IIDX RED,太陽～T・A・I・Y・O～,0,,-,612,TIFF,韓国,1419,FA03,韓国,1758,DON*,韓国,0,,-
IIDX RED,ＵＬＴｉＭΛＴＥ,0,,-,465,REEND,韓国,1454,EUN,韓国,1998,CHARM,韓国,0,,-
HAPPY SKY,100％ minimoo-G,0,,-,898,HIHU,韓国,1670,MOKO,韓国,1783,DON*,韓国,0,,-
HAPPY SKY,Agnus Dei,0,,-,895,HIHU,韓国,1541,JMT,韓国,2094,CHARM,韓国,0,,-
HAPPY SKY,alla turca con passione,0,,-,801,HIHU,韓国,1633,FA03,韓国,2200,KKM*,韓国,0,,-
HAPPY SKY,Aurora,0,,-,1363,HIHU,韓国,2130,WDG*,韓国,2555,KKM*,韓国,0,,-
HAPPY SKY,CaptivAte～浄化～,0,,-,893,TOYOPY,韓国,1847,WDG*,韓国,2482,KKM*,韓国,3467,KKM*,韓国
HAPPY SKY,Catch Me,0,,-,762,WONTIK,韓国,1275,SPRTR.,韓国,1842,DON*,韓国,2201,DON*,韓国
HAPPY SKY,Don't let it go,0,,-,616,044APD,韓国,1243,DON*X1,韓国,1702,DON*,韓国,0,,-
HAPPY SKY,double thrash,0,,-,1013,HIHU,韓国,2049,MAPLZE,韓国,2384,CHLOE,韓国,0,,-
HAPPY SKY,EDEN,0,,-,1293,E.K.2.,韓国,1895,TINA,韓国,2725,NEON,韓国,3272,NEON,韓国
HAPPY SKY,EMPTY OF THE SKY,0,,-,534,044APD,韓国,729,LINCLE,韓国,1684,NEON,韓国,0,,-
HAPPY SKY,First Resolution,0,,-,799,HIHU,韓国,1495,KRVIZE,韓国,2154,DON*,韓国,0,,-
HAPPY SKY,garden,0,,-,797,L.DASH,韓国,1446,ENVY*,韓国,2190,DON*,韓国,3144,CHEPY.,韓国
HAPPY SKY,Get'em up to R.A.V.E,0,,-,777,ANTA,韓国,1607,K.H.B,韓国,2302,CHLOE,韓国,0,,-
HAPPY SKY,GREEN EYES,0,,-,980,HIHU,韓国,1434,K.H.B,韓国,2219,SIGSIG,韓国,0,,-
HAPPY SKY,HAPPY☆ANGEL,640,ENVY*,韓国,1090,HIHU,韓国,1528,BYERDN,韓国,2100,F,韓国,0,,-
HAPPY SKY,I am,0,,-,1079,HIHU,韓国,1659,JMT,韓国,2176,.,韓国,0,,-
HAPPY SKY,in motion,0,,-,809,HIHU,韓国,1008,KRVIZE,韓国,1317,CHLOE,韓国,0,,-
HAPPY SKY,INAZUMA,0,,-,1088,DON*X1,韓国,1660,FELIS,韓国,2733,KKM*,韓国,4082,DON*,韓国
HAPPY SKY,LESSON 5,0,,-,1246,HIHU,韓国,1694,K.H.B,韓国,2515,DON*,韓国,0,,-
HAPPY SKY,Little Little Princess,0,,-,1082,HIHU,韓国,2154,EUN,韓国,2820,KKM*,韓国,3857,KKM*,韓国
HAPPY SKY,Love Magic,0,,-,979,HIHU,韓国,1667,DXR*GT,韓国,1976,KKM*,韓国,0,,-
HAPPY SKY,mind the gap,0,,-,689,HIHU,韓国,1043,DON*,韓国,1657,KKM*,韓国,0,,-
HAPPY SKY,MOON RACE,0,,-,814,HIHU,韓国,1050,NEON!,韓国,1905,DON*,韓国,0,,-
HAPPY SKY,Pink Rose,0,,-,562,KRVIZE,韓国,785,PCB***,韓国,1416,FAFNIR,韓国,2022,FAFNIR,韓国
HAPPY SKY,PLASMA,0,,-,816,LMDAPI,韓国,1575,MORTIS,韓国,2283,UTSUHO,韓国,0,,-
HAPPY SKY,Pollinosis,0,,-,652,?TRAIT,韓国,1025,UP.TNB,韓国,2550,DON*,韓国,0,,-
HAPPY SKY,POODLE,0,,-,960,HIHU,韓国,1863,WDG*,韓国,2308,NEON,韓国,3413,DON*,韓国
HAPPY SKY,rage against usual,0,,-,1295,HIHU,韓国,2028,YODAYO,韓国,3038,KKM*,韓国,0,,-
HAPPY SKY,SCREAM SQUAD,0,,-,1150,HIHU,韓国,1682,B,韓国,2121,KKM*,韓国,0,,-
HAPPY SKY,Scripted Connection⇒ A mix,0,,-,1587,HIHU,韓国,2224,YODAYO,韓国,3144,DON*,韓国,3484,DON*,韓国
HAPPY SKY,Scripted Connection⇒ H mix,0,,-,1587,ENGAWA,韓国,1992,GUMANH,韓国,2546,DON*,韓国,2926,DON*,韓国
HAPPY SKY,Scripted Connection⇒ N mix,0,,-,1296,HIHU,韓国,1645,CLST,韓国,2122,SIGSIG,韓国,2487,DON*,韓国
HAPPY SKY,SigSig,626,HARUNA,韓国,1040,HIHU,韓国,1600,KRVIZE,韓国,2615,CHARM,韓国,0,,-
HAPPY SKY,Tizona d'El Cid,0,,-,945,HIHU,韓国,1741,FELIS,韓国,2347,CHLOE,韓国,0,,-
HAPPY SKY,Twelfth Style,0,,-,1166,-TIC-,韓国,1364,KRVIZE,韓国,2060,DON*,韓国,3344,KKM*,韓国
HAPPY SKY,Under the Sky,0,,-,909,CHLOE,韓国,1382,FA03,韓国,1743,NEON,韓国,0,,-
HAPPY SKY,vault of heaven,0,,-,736,KRVIZE,韓国,1431,FA03,韓国,2018,NEON,韓国,0,,-
HAPPY SKY,Votum stellarum,0,,-,534,LINCLE,韓国,1665,MALNIM,韓国,2027,DON*,韓国,0,,-
HAPPY SKY,We are Disっ娘よっつ打ち命,0,,-,637,MIN,韓国,951,AEL*,韓国,1670,KKM*,韓国,0,,-
HAPPY SKY,Xepher,382,KEIRIN,韓国,1109,HIHU,韓国,2202,CLST,韓国,3036,DON*,韓国,0,,-
HAPPY SKY,オレはビートマニア！お前は何マニア？,0,,-,773,HIHU,韓国,1443,PXERO,韓国,1739,CHARM,韓国,0,,-
HAPPY SKY,ヒマワリ,0,,-,533,MIN,韓国,1707,FELIS,韓国,2078,LICHT,韓国,0,,-
HAPPY SKY,ラクエン,0,,-,584,HARUNA,韓国,785,KRVIZE,韓国,2050,DON*,韓国,0,,-
HAPPY SKY,冥,562,-TIC-,韓国,1001,FF2400,韓国,2154,CHLOE,韓国,3938,KKM*,韓国,0,,-
HAPPY SKY,合体せよ！ストロングイェーガー！！ (Ryu☆ remix),0,,-,1080,HIHU,韓国,1416,KRVIZE,韓国,1937,DON*,韓国,0,,-
HAPPY SKY,月光,0,,-,874,HIHU,韓国,1737,FA03,韓国,2489,DON*,韓国,0,,-
DistorteD,ALFARSHEAR 双神威に廻る夢,438,DON*X1,韓国,1034,ENGAWA,韓国,1665,FA03,韓国,2090,CHARM,韓国,0,,-
DistorteD,Apocalypse ～dirge of swans～,240,DON*X1,韓国,846,?TRAIT,韓国,1758,CLST,韓国,2418,UTSUHO,韓国,0,,-
DistorteD,BALLAD THE FEATHERS,0,,-,608,044APD,韓国,1089,FA03,韓国,1521,CHLOE,韓国,0,,-
DistorteD,Bloody Tears(IIDX EDITION),0,,-,1008,.,韓国,1954,MKP-04,韓国,2182,CHARM,韓国,0,,-
DistorteD,BOOM BOOM DISCO NIGHT,0,,-,935,KRVIZE,韓国,1835,FA03,韓国,2293,KKM*,韓国,0,,-
DistorteD,Broadbanded,0,,-,858,KRVIZE,韓国,1362,68MA,韓国,2036,DON*,韓国,0,,-
DistorteD,Concertino in Blue,378,ENGAWA,韓国,760,YSK,韓国,1692,YODAYO,韓国,2576,CHEPY.,韓国,0,,-
DistorteD,CONTRACT,0,,-,1187,68MA,韓国,1677,MAPLZE,韓国,2108,DON*,韓国,2819,KKM*,韓国
DistorteD,D.C.fish,0,,-,713,LENNY,韓国,1770,AMI*,韓国,2352,NEON,韓国,0,,-
DistorteD,DEEP ROAR,0,,-,919,HARE*,韓国,1320,KRVIZE,韓国,2769,NEON,韓国,0,,-
DistorteD,Double Loving Heart,0,,-,572,ENGAWA,韓国,1323,FA03,韓国,1812,ALIEN,韓国,0,,-
DistorteD,DUE TOMORROW,0,,-,788,MIN,韓国,1457,SIGSIG,韓国,2109,KKM*,韓国,0,,-
DistorteD,EURO-ROMANCE,0,,-,976,DON*X1,韓国,1843,FA03,韓国,2111,NEON,韓国,0,,-
DistorteD,Ganymede,0,,-,1052,KRVIZE,韓国,1641,EUN,韓国,2366,KKM*,韓国,2674,KKM*,韓国
DistorteD,Harmony and Lovely,0,,-,895,OYAYUB,韓国,1751,WDG*,韓国,2251,KKM*,韓国,0,,-
DistorteD,Heavenly Sun (IIDX VERSION),0,,-,722,NWJNS,韓国,1583,FA03,韓国,2115,KKM*,韓国,0,,-
DistorteD,INFERNO,0,,-,919,NWJNS,韓国,1626,FA03,韓国,2000,CHLOE,韓国,0,,-
DistorteD,Leaving...,0,,-,378,FOUR,韓国,1398,FA03,韓国,2226,DON*,韓国,0,,-
DistorteD,MINT,0,,-,1015,DON*X1,韓国,1752,#GB,韓国,2316,FAFNIR,韓国,0,,-
DistorteD,MOON,0,,-,806,MIN,韓国,1997,SALT,韓国,2227,NEON,韓国,0,,-
DistorteD,Power of Love,0,,-,911,KAZUSA,韓国,1370,F1C,韓国,2139,NEON,韓国,0,,-
DistorteD,So Fabulous !!,0,,-,1020,MIN,韓国,1544,GG*,韓国,2368,CHLOE,韓国,0,,-
DistorteD,Sun Field,0,,-,466,044APD,韓国,1418,DXR*GT,韓国,2464,KKM*,韓国,0,,-
DistorteD,The Dirty of Loudness,0,,-,1439,OYAYUB,韓国,2219,IIDX33,韓国,2645,F,韓国,0,,-
DistorteD,This is Love,0,,-,837,MRD*,韓国,1748,PXERO,韓国,2484,LICHT,韓国,0,,-
DistorteD,tripping contact(teranoid&MC Natsack Remix),0,,-,1145,KISCAR,韓国,1948,EUN,韓国,2488,DON*,韓国,0,,-
DistorteD,TYPE MARS(G-Style Mix),0,,-,997,KEIRIN,韓国,1803,RANTA*,韓国,2450,DON*,韓国,0,,-
DistorteD,waxing and wanding,0,,-,1279,NOT2D,韓国,1971,BEAN*,韓国,2898,CHARM,韓国,3989,KKM*,韓国
DistorteD,Why did you go away,614,KEIRIN,韓国,1073,KRVIZE,韓国,1745,WDG*,韓国,2330,DON*,韓国,0,,-
DistorteD,WISH(EUROBEAT MIX),0,,-,895,?TRAIT,韓国,1617,FA03,韓国,1974,CHARM,韓国,0,,-
DistorteD,with you…,0,,-,497,ANIYO,韓国,1136,COZY*,韓国,1781,CHLOE,韓国,0,,-
DistorteD,Zenius -I- vanisher,0,,-,864,ZAHLEN,韓国,1500,68MA,韓国,2410,F,韓国,0,,-
DistorteD,カゴノトリ～弐式～,0,,-,1020,KAZUSA,韓国,1816,YODAYO,韓国,2645,DON*,韓国,0,,-
DistorteD,タシカナモノ,0,,-,878,KRVIZE,韓国,1431,FA03,韓国,2041,CHLOE,韓国,0,,-
DistorteD,嘆きの樹,0,,-,1697,JMT,韓国,2532,FAFNIR,韓国,3965,KKM*,韓国,0,,-
DistorteD,罠,0,,-,490,044APD,韓国,1530,FA03,韓国,2459,KKM*,韓国,0,,-
DistorteD,華蝶風雪,0,,-,1238,HYONI,韓国,2033,EUN,韓国,2997,DON*,韓国,4013,KKM*,韓国
DistorteD,虹色,0,,-,917,KRVIZE,韓国,1542,YS*DAD,韓国,1855,SIGSIG,韓国,0,,-
GOLD,2hot2eat,0,,-,574,ENVY*,韓国,1038,KRVIZE,韓国,1693,KKM*,韓国,0,,-
GOLD,Air Bell,0,,-,965,OYAYUB,韓国,1254,JMT,韓国,1728,CHLOE,韓国,0,,-
GOLD,ANDROMEDA II,0,,-,692,9024?,韓国,1902,WDG*,韓国,2503,DON*,韓国,0,,-
GOLD,Blind Justice ～Torn souls， Hurt Faiths ～,0,,-,1316,ENGAWA,韓国,1894,YERINB,韓国,2487,CHEPY.,韓国,0,,-
GOLD,Candy Galy,0,,-,1460,KRVIZE,韓国,2520,GG*,韓国,3584,KKM*,韓国,0,,-
GOLD,CaptivAte～裁き～,394,-TIC-,韓国,831,WONTIK,韓国,1262,KOTOKO,韓国,1779,LICHT,韓国,0,,-
GOLD,CaptivAte～誓い～,0,,-,1224,MIN,韓国,1957,WDG*,韓国,2249,CHARM,韓国,0,,-
GOLD,CROSSROAD ～Left Story～,0,,-,1107,KRVIZE,韓国,1758,FA03,韓国,2194,DON*,韓国,0,,-
GOLD,Cyber Force,0,,-,853,DOOLGI,韓国,1811,SHJ*,韓国,2376,SIGSIG,韓国,0,,-
GOLD,Fascination MAXX,0,,-,969,CLST,韓国,1692,CHEPY.,韓国,2572,CHEPY.,韓国,0,,-
GOLD,FIRE FIRE,545,MIN,韓国,1140,M!STY!,韓国,1801,CLST,韓国,2808,DON*,韓国,0,,-
GOLD,four-leaf,0,,-,744,KRVIZE,韓国,1217,68MA,韓国,1729,DON*,韓国,0,,-
GOLD,GOLD RUSH,541,ENGAWA,韓国,1030,TIST,韓国,1461,BEAN*,韓国,2395,DON*,韓国,0,,-
GOLD,GRID KNIGHT,0,,-,764,YSK,韓国,1945,CLST,韓国,2642,CHARM,韓国,3478,NEON,韓国
GOLD,heaven above,0,,-,697,?TRAIT,韓国,1206,JMT,韓国,1850,KKM*,韓国,0,,-
GOLD,High School Love,390,KRVIZE,韓国,840,MIN,韓国,1530,ENVY*,韓国,2211,CHARM,韓国,0,,-
GOLD,INORI,0,,-,1322,YSK,韓国,2531,EUN,韓国,3224,DON*,韓国,0,,-
GOLD,KAMAITACHI,0,,-,1169,MIN,韓国,2020,NOGUN2,韓国,2734,DON*,韓国,3971,KKM*,韓国
GOLD,LASER CRUSTER,0,,-,1353,KRVIZE,韓国,2366,YODAYO,韓国,3262,KKM*,韓国,0,,-
GOLD,Love Again...,0,,-,487,044APD,韓国,779,CTPLT*,韓国,1074,CHLOE,韓国,0,,-
GOLD,Make Me Your Own,0,,-,825,KRVIZE,韓国,1605,MK.197,韓国,2165,DON*,韓国,0,,-
GOLD,METALLIC MIND,0,,-,823,KRVIZE,韓国,1399,WDG*,韓国,1641,CHLOE,韓国,0,,-
GOLD,never…,0,,-,767,KRVIZE,韓国,1329,BYERDN,韓国,1820,CHLOE,韓国,0,,-
GOLD,op.31 叙情,0,,-,574,TERU,韓国,1147,PARFUM,韓国,1626,CHEPY.,韓国,0,,-
GOLD,PHOTONGENIC,0,,-,1213,YHYUH,韓国,1963,EUN,韓国,2315,FAFNIR,韓国,0,,-
GOLD,Roulette,0,,-,848,MIN,韓国,1360,KRVIZE,韓国,2140,KKM*,韓国,0,,-
GOLD,Second Heaven,221,DON*X1,韓国,945,ENGAWA,韓国,1550,CLST,韓国,2137,DON*,韓国,0,,-
GOLD,Sense 2007,0,,-,1418,COMJW,韓国,2290,SIGSIG,韓国,3019,KKM*,韓国,0,,-
GOLD,smile,0,,-,1440,68MA,韓国,2124,MAPLZE,韓国,2923,NEON,韓国,0,,-
GOLD,snow storm,234,DON*X1,韓国,771,HYONI,韓国,2320,UTSUHO,韓国,2805,DON*,韓国,3403,KKM*,韓国
GOLD,the shadow,0,,-,998,4$,韓国,2036,68MA,韓国,2942,KKM*,韓国,0,,-
GOLD,The Smile of You,0,,-,902,KRVIZE,韓国,1243,JMT,韓国,1630,CHARM,韓国,0,,-
GOLD,TRANOID,0,,-,760,KRVIZE,韓国,1772,CLST,韓国,2263,DON*,韓国,3063,KKM*,韓国
GOLD,VANESSA,0,,-,1061,SUARI,韓国,1776,MK.197,韓国,2452,DON*,韓国,3490,CHEPY.,韓国
GOLD,Watch out!!,0,,-,714,ENVY*,韓国,969,-TIC-,韓国,1655,DON*,韓国,0,,-
GOLD,With your Smile,0,,-,628,MARISA,韓国,1168,BYERDN,韓国,1576,ALIEN,韓国,0,,-
GOLD,クルクル☆ラブ～Opioid Peptide MIX～,413,ENGAWA,韓国,930,KRVIZE,韓国,1417,P?R0S4,韓国,2281,NEON,韓国,0,,-
GOLD,ヨシダさん,0,,-,903,NWJNS,韓国,1376,KRVIZE,韓国,1969,SIGSIG,韓国,0,,-
GOLD,リグレット,0,,-,1245,KRVIZE,韓国,1702,DON*X1,韓国,2438,LICHT,韓国,0,,-
GOLD,星をこの手に,0,,-,1134,KAZUSA,韓国,1819,WDG*,韓国,2179,CHLOE,韓国,0,,-
GOLD,花吹雪 ～ IIDX LIMITED ～,0,,-,729,OYAYUB,韓国,1075,1015,韓国,1432,SIGSIG,韓国,0,,-
GOLD,零 - ZERO -,220,DON*X1,韓国,1076,HARUNA,韓国,1736,FA03,韓国,2313,CHLOE,韓国,2754,FAFNIR,韓国
GOLD,電人、暁に斃れる。,633,MIN,韓国,1422,KRVIZE,韓国,2405,CLST,韓国,3432,KKM*,韓国,0,,-
DJ TROOPERS,2 tribe 4 K,0,,-,794,KRVIZE,韓国,1243,KRVIZE,韓国,2794,DON*,韓国,0,,-
DJ TROOPERS,"Anisakis -somatic mutation type""Forza""-",0,,-,1191,MIN,韓国,2115,EUN,韓国,2874,F,韓国,3929,KKM*,韓国
DJ TROOPERS,avant-guerre,0,,-,708,?TRAIT,韓国,1320,FA03,韓国,1949,NEON,韓国,0,,-
DJ TROOPERS,Be OK,0,,-,853,KRVIZE,韓国,1789,FA03,韓国,2423,CHARM,韓国,3350,DON*,韓国
DJ TROOPERS,beatonic nation,0,,-,929,LENNY,韓国,1887,FA03,韓国,2182,CHARM,韓国,0,,-
DJ TROOPERS,Blue Rain,317,KEIRIN,韓国,959,KISCAR,韓国,1589,WDG*,韓国,2296,CHEPY.,韓国,3394,KKM*,韓国
DJ TROOPERS,Darling my LUV,0,,-,675,ENGAWA,韓国,998,FA03,韓国,1389,F,韓国,0,,-
DJ TROOPERS,Dazzlin' Darlin,336,ENVY*,韓国,850,KRVIZE,韓国,1391,YS*DAD,韓国,2229,8,韓国,0,,-
DJ TROOPERS,Digitank System,0,,-,848,KRVIZE,韓国,1519,4,韓国,2185,KKM*,韓国,0,,-
DJ TROOPERS,Do it!! Do it!!,0,,-,1048,FA03,韓国,1521,EUN,韓国,1970,DON*,韓国,2605,KKM*,韓国
DJ TROOPERS,end of world,0,,-,919,HARUNA,韓国,1693,ENVY*,韓国,2523,CHARM,韓国,0,,-
DJ TROOPERS,evergreen,0,,-,992,OYAYUB,韓国,1384,OYAYUB,韓国,1973,FAFNIR,韓国,0,,-
DJ TROOPERS,four pieces of heaven,0,,-,782,NWJNS,韓国,1724,GG*,韓国,2416,DON*,韓国,3001,KKM*,韓国
DJ TROOPERS,Freeway Shuffle,323,PJI,韓国,720,044APD,韓国,1155,K.H.B,韓国,1890,FAFNIR,韓国,0,,-
DJ TROOPERS,ICARUS,0,,-,1273,JMT,韓国,2026,WDG*,韓国,2459,.,韓国,3880,KKM*,韓国
DJ TROOPERS,in the Sky,0,,-,1310,KRVIZE,韓国,2038,DORO.,韓国,2550,CHARM,韓国,0,,-
DJ TROOPERS,Kick Out 仮面,0,,-,1176,OYAYUB,韓国,1584,FA03,韓国,2038,LICHT,韓国,0,,-
DJ TROOPERS,LOVELY STORM,0,,-,1208,KISCAR,韓国,2072,RIARA,韓国,2854,NEON,韓国,0,,-
DJ TROOPERS,madrugada,0,,-,675,?TRAIT,韓国,1217,MAPLZE,韓国,1872,DON*,韓国,0,,-
DJ TROOPERS,MAX LOVE,0,,-,1397,ENGAWA,韓国,2050,JMT,韓国,2689,.,韓国,0,,-
DJ TROOPERS,MENDES,0,,-,1070,KRVIZE,韓国,2687,KKM*,韓国,3652,KKM*,韓国,0,,-
DJ TROOPERS,MENTAL MELTDOWN,0,,-,1013,NWJNS,韓国,2228,ISLQYN,韓国,2860,DON*,韓国,0,,-
DJ TROOPERS,NEW GENERATION -もう、お前しか見えない-,0,,-,965,ZAHLEN,韓国,1643,K.H.B,韓国,2647,CHARM,韓国,3745,KKM*,韓国
DJ TROOPERS,oratio,0,,-,1369,KRVIZE,韓国,2059,MAPLZE,韓国,2975,FAFNIR,韓国,0,,-
DJ TROOPERS,PARANOiA ～HADES～,0,,-,1014,68MA,韓国,1860,CHARM,韓国,2754,FAFNIR,韓国,0,,-
DJ TROOPERS,PROMISE FOR LIFE,0,,-,558,044APD,韓国,1454,JMT,韓国,1750,CHARM,韓国,0,,-
DJ TROOPERS,REMINISCENCE,0,,-,1161,BINAH*,韓国,1806,DEVIL*,韓国,2358,CHARM,韓国,0,,-
DJ TROOPERS,Rising in the Sun(original mix),0,,-,688,NWJNS,韓国,1612,68MA,韓国,2389,CHARM,韓国,0,,-
DJ TROOPERS,Ristaccia,0,,-,1039,KEIRIN,韓国,1947,YODAYO,韓国,2768,KKM*,韓国,0,,-
DJ TROOPERS,"satellite020712 from ""CODED ARMS""",0,,-,1049,044APD,韓国,1846,68MA,韓国,2564,DON*,韓国,0,,-
DJ TROOPERS,satfinal,0,,-,1046,KRVIZE,韓国,1430,FA03,韓国,1921,F,韓国,0,,-
DJ TROOPERS,scar in the earth,0,,-,527,LINCLE,韓国,1098,FA03,韓国,1529,DON*,韓国,0,,-
DJ TROOPERS,SOUND OF GIALLARHORN,489,ENGAWA,韓国,1416,CHARM,韓国,2661,EUN,韓国,3312,UTSUHO,韓国,0,,-
DJ TROOPERS,State Of The Art,0,,-,1030,KRVIZE,韓国,1491,T-MAN,韓国,3090,UBEATS,韓国,0,,-
DJ TROOPERS,STEEL NEEDLE,0,,-,1010,YSK,韓国,2154,CLST,韓国,2469,SIGSIG,韓国,3389,KKM*,韓国
DJ TROOPERS,switch,0,,-,761,-TIC-,韓国,1284,HOTORI,韓国,2127,KKM*,韓国,0,,-
DJ TROOPERS,THE DEEP STRIKER,493,KEIRIN,韓国,920,RAKIE,韓国,2162,EUN,韓国,3047,NEON,韓国,3512,NEON,韓国
DJ TROOPERS,the trigger of innocence,0,,-,770,NWJNS,韓国,1152,ENVY*,韓国,1844,------,韓国,3106,NEON,韓国
DJ TROOPERS,Time to Air,0,,-,1158,ETWA,韓国,2062,BEAN*,韓国,2912,CHARM,韓国,3751,KKM*,韓国
DJ TROOPERS,TRIP MACHINE PhoeniX,0,,-,639,KAZUSA,韓国,1396,1015,韓国,1830,SIGSIG,韓国,0,,-
DJ TROOPERS,TROOPERS,0,,-,1229,FA03,韓国,2366,YODAYO,韓国,2977,DON*,韓国,0,,-
DJ TROOPERS,Ubertreffen,0,,-,1069,IIDX28,韓国,1877,J114N.,韓国,2553,DON*,韓国,3302,KKM*,韓国
DJ TROOPERS,Wanna Party?,0,,-,710,KRVIZE,韓国,1176,FA03,韓国,1522,CHEPY.,韓国,2597,FAFNIR,韓国
DJ TROOPERS,エコ爺,336,ENGAWA,韓国,735,NULL,韓国,1337,FA03,韓国,1842,CHEPY.,韓国,0,,-
DJ TROOPERS,マチ子の唄,0,,-,780,NWJNS,韓国,1312,FA03,韓国,1800,DON*,韓国,0,,-
DJ TROOPERS,ミラージュ・レジデンス,0,,-,1081,HYONI,韓国,1958,HYONI,韓国,2673,CHARM,韓国,3339,DON*,韓国
DJ TROOPERS,少年A,0,,-,1231,OYAYUB,韓国,2151,YODAYO,韓国,2851,DON*,韓国,0,,-
DJ TROOPERS,華爛漫 -Flowers-,327,ENGAWA,韓国,893,LYBICY,韓国,1585,DON*X1,韓国,2056,DON*,韓国,3188,UTSUHO,韓国
DJ TROOPERS,走馬灯 -The Last Song-,0,,-,495,ENGAWA,韓国,896,FA03,韓国,1341,DON*,韓国,0,,-
DJ TROOPERS,高高度降下低高度開傘,0,,-,902,68MA,韓国,1537,FA03,韓国,2009,DON*,韓国,0,,-
EMPRESS,3y3s,528,-TIC-,韓国,1441,JMT,韓国,2516,YODAYO,韓国,3714,KKM*,韓国,0,,-
EMPRESS,ALL I NEED YOUR LOVE,0,,-,1050,ENGAWA,韓国,1489,JMT,韓国,2155,CHARM,韓国,0,,-
EMPRESS,ALL MY TURN -このターンに、オレの全てを賭ける-,0,,-,953,NEON!,韓国,1857,WDG*,韓国,2595,DON*,韓国,0,,-
EMPRESS,Arabian Rave Night,0,,-,1219,KRVIZE,韓国,2191,WDG*,韓国,2979,KKM*,韓国,3748,CHEPY.,韓国
EMPRESS,B4U(BEMANI FOR YOU MIX),0,,-,1135,MIN,韓国,2340,WDG*,韓国,3617,DON*,韓国,4683,KKM*,韓国
EMPRESS,Bahram Attack-猫叉Master Remix-,0,,-,966,L.DASH,韓国,1781,JMT,韓国,2625,NEON,韓国,3276,DON*,韓国
EMPRESS,BITTER CHOCOLATE STRIKER,0,,-,1029,KRVIZE,韓国,2189,WDG*,韓国,3965,KKM*,韓国,0,,-
EMPRESS,BRIDAL FESTIVAL !!!,0,,-,782,044APD,韓国,1341,OHC,韓国,2135,SIGSIG,韓国,0,,-
EMPRESS,CaptivAte2～覚醒～,243,DON*X1,韓国,1035,ENGAWA,韓国,1742,WDG*,韓国,2423,NEON,韓国,0,,-
EMPRESS,Colorful Cookie,648,ENGAWA,韓国,1094,KRVIZE,韓国,2269,ERII.,韓国,3535,KKM*,韓国,0,,-
EMPRESS,Cyber Force -DJ Yoshitaka Remix-,0,,-,976,L.DASH,韓国,1849,*,韓国,2533,ALIEN,韓国,0,,-
EMPRESS,Flash Back 90's,0,,-,875,ENVY*,韓国,1832,1.,韓国,2351,CHEPY.,韓国,2933,KKM*,韓国
EMPRESS,Fly Above,0,,-,910,MIN,韓国,1595,BEIRIN,韓国,2032,FAFNIR,韓国,0,,-
EMPRESS,Go Beyond!!,522,-TIC-,韓国,1001,JMT,韓国,1754,WDG*,韓国,2316,KKM*,韓国,0,,-
EMPRESS,HYPERION,0,,-,1023,YSK,韓国,1909,KART,韓国,2753,LICHT,韓国,0,,-
EMPRESS,I'm Screaming LOVE,0,,-,579,ENGAWA,韓国,1288,ENGAWA,韓国,1697,ALIEN,韓国,0,,-
EMPRESS,Jack,0,,-,886,KRVIZE,韓国,1342,JMT,韓国,2158,UBEATS,韓国,0,,-
EMPRESS,Just a Little Smile,0,,-,705,044APD,韓国,1232,SALT,韓国,2531,DON*,韓国,0,,-
EMPRESS,Kung-fu Empire,0,,-,1418,Y,韓国,2563,CLST,韓国,3295,DON*,韓国,3979,KKM*,韓国
EMPRESS,Marie Antoinette,0,,-,926,-TIC-,韓国,1763,ENVY*,韓国,2600,CHARM,韓国,3223,CHEPY.,韓国
EMPRESS,Mind Mapping,491,-TIC-,韓国,857,OYAYUB,韓国,1226,FA03,韓国,1841,CHARM,韓国,2267,DON*,韓国
EMPRESS,Monkey Dance '09,0,,-,693,MARISA,韓国,1748,FA03,韓国,2275,DON*,韓国,0,,-
EMPRESS,naughty girl@Queen's Palace,0,,-,721,044APD,韓国,1726,CHARM,韓国,2171,DON*,韓国,2742,DON*,韓国
EMPRESS,neogenesis,0,,-,988,OYAYUB,韓国,1349,FA03,韓国,1719,NEON,韓国,2354,NEON,韓国
EMPRESS,NΦ CRIME,282,-TIC-,韓国,741,?TRAIT,韓国,1450,EUN,韓国,1901,NEON,韓国,2418,NEON,韓国
EMPRESS,Programmed World,0,,-,913,VENTI,韓国,1645,WONTIK,韓国,2322,DON*,韓国,0,,-
EMPRESS,Punch Love 仮面,0,,-,1110,OYAYUB,韓国,1759,FA03,韓国,2532,KKM*,韓国,3264,NEON,韓国
EMPRESS,Queen's Tragedy,0,,-,754,?TRAIT,韓国,1558,JMT,韓国,2246,SUYOI,韓国,0,,-
EMPRESS,Secrets,0,,-,1224,HYONI,韓国,2467,8,韓国,3182,DON*,韓国,4212,DON*,韓国
EMPRESS,smooooch・∀・,382,MIN,韓国,818,M!STY!,韓国,1608,.HWA,韓国,2171,KKM*,韓国,2860,KKM*,韓国
EMPRESS,SOLITON BEAM,0,,-,1164,HARUNA,韓国,1991,68MA,韓国,2367,DORO,韓国,0,,-
EMPRESS,THANK YOU FOR PLAYING,0,,-,731,?TRAIT,韓国,1619,BISCO,韓国,2172,KKM*,韓国,3040,CHEPY.,韓国
EMPRESS,THE SHINING POLARIS(kors k mix),0,,-,1149,LSJ,韓国,1955,CHABO,韓国,3267,LICHT,韓国,0,,-
EMPRESS,thunder HOUSE NATION Remix,0,,-,1019,KAZUSA,韓国,1465,XUEHUA,韓国,2463,SIGSIG,韓国,3901,UTSUHO,韓国
EMPRESS,Turii ～Panta rhei～,358,-TIC-,韓国,738,WONIE,韓国,1980,68MA,韓国,2693,DON*,韓国,0,,-
EMPRESS,V2,768,KRVIZE,韓国,1389,-TIC-,韓国,3094,WDG*,韓国,3613,KKM*,韓国,0,,-
EMPRESS,Y&Co. is dead or alive,0,,-,988,-TIC-,韓国,1761,YODAYO,韓国,2865,KKM*,韓国,0,,-
EMPRESS,"You'll say ""Now!""",0,,-,1034,HARUNA,韓国,1733,HIHU,韓国,2524,LICHT,韓国,0,,-
EMPRESS,まほろば,0,,-,781,OYAYUB,韓国,1366,KRVIZE,韓国,2065,DON*,韓国,0,,-
EMPRESS,ハリツヤランデヴー,0,,-,920,KRVIZE,韓国,2109,FA03,韓国,2491,ALIEN,韓国,0,,-
EMPRESS,ミッドナイト堕天使,0,,-,873,MAIKO.,韓国,1423,XUEHUA,韓国,2788,ALIEN,韓国,0,,-
EMPRESS,不沈艦CANDY,577,-TIC-,韓国,1129,KRVIZE,韓国,1934,YODAYO,韓国,3352,KKM*,韓国,0,,-
EMPRESS,凛として咲く花の如く,380,ENGAWA,韓国,1281,GORGUG,韓国,2126,DON*X1,韓国,2796,FAFNIR,韓国,3184,UTSUHO,韓国
EMPRESS,卑弥呼,0,,-,1151,JMT,韓国,2775,FAFNIR,韓国,4172,KKM*,韓国,0,,-
EMPRESS,天空脳番長危機十六連打,0,,-,968,NAU.,韓国,2109,EUN,韓国,2637,DON*,韓国,0,,-
EMPRESS,山岡晃の「クイズ！家事都合！」,0,,-,650,?TRAIT,韓国,1155,TIST,韓国,2065,KKM*,韓国,0,,-
EMPRESS,翼,0,,-,845,?TRAIT,韓国,1487,KRVIZE,韓国,1966,KKM*,韓国,2508,KKM*,韓国
EMPRESS,鉄甲乙女-under the steel-,0,,-,903,KRVIZE,韓国,1491,JMT,韓国,2189,F,韓国,0,,-
SIRIUS,AIR RAID FROM THA UNDAGROUND,525,-TIC-,韓国,1119,KRVIZE,韓国,1787,SHJ*,韓国,2368,NEON,韓国,3028,NEON,韓国
SIRIUS,Almagest,0,,-,1019,CLST,韓国,2197,WDG*,韓国,3220,KKM*,韓国,0,,-
SIRIUS,Bad Maniacs,0,,-,1220,TINA,韓国,1831,S-WA?G,韓国,3295,KKM*,韓国,0,,-
SIRIUS,bass 2 bass,278,DON*X1,韓国,705,BISCO,韓国,1248,EUN,韓国,1934,DON*,韓国,0,,-
SIRIUS,beatchic☆仮面～好き、でいさせて～,0,,-,956,?TRAIT,韓国,1558,KRVIZE,韓国,2031,F,韓国,0,,-
SIRIUS,BEAUTIFUL ANGEL,0,,-,568,KRVIZE,韓国,1682,KRVIZE,韓国,2503,NEON,韓国,0,,-
SIRIUS,being torn the sky,0,,-,591,HARUNA,韓国,1128,YEEEEE,韓国,1989,CHARM,韓国,0,,-
SIRIUS,bloomin' feeling,377,MIN,韓国,1224,YSK,韓国,1934,MKP-04,韓国,2625,KKM*,韓国,0,,-
SIRIUS,CaptivAte～裁き～(SUBLIME TECHNO MIX),0,,-,983,ENGAWA,韓国,1638,DON*X1,韓国,2460,CHLOE,韓国,0,,-
SIRIUS,D,0,,-,1355,68MA,韓国,1813,EUN,韓国,2597,NEON,韓国,0,,-
SIRIUS,DAWN -THE NEXT ENDEAVOUR-,0,,-,1579,KRVIZE,韓国,2603,PXERO,韓国,3140,ALIEN,韓国,0,,-
SIRIUS,Dazzlin' Darlin-秋葉工房mix-,0,,-,766,ENVY*,韓国,1501,WDG*,韓国,2103,NEON,韓国,0,,-
SIRIUS,DESIRE,0,,-,897,ENVY*,韓国,1929,MAPLZE,韓国,2883,NEON,韓国,0,,-
SIRIUS,Do Back Burn,0,,-,646,HARE*,韓国,1415,EUN,韓国,2156,DON*,韓国,0,,-
SIRIUS,DOMINION,0,,-,1210,KRVIZE,韓国,2333,MAPLZE,韓国,3261,KKM*,韓国,0,,-
SIRIUS,DROP,0,,-,838,4,韓国,1996,68MA,韓国,2654,CHEPY.,韓国,0,,-
SIRIUS,Elisha,420,ENVY*,韓国,875,YSK,韓国,1479,CLST,韓国,2297,FAFNIR,韓国,0,,-
SIRIUS,Empire State Glory,0,,-,1022,CISTUS,韓国,1730,?,韓国,2656,NEON,韓国,0,,-
SIRIUS,eRAseRmOToRpHAntOM,0,,-,1255,HARUNA,韓国,2459,EUN,韓国,3308,UTSUHO,韓国,0,,-
SIRIUS,Evans,588,-TIC-,韓国,1146,NFAIL,韓国,2227,LICHT,韓国,2867,KKM*,韓国,0,,-
SIRIUS,EXUSIA,0,,-,1191,KRVIZE,韓国,2696,WDG*,韓国,3913,KKM*,韓国,0,,-
SIRIUS,G59,0,,-,1673,KRVIZE,韓国,2359,MAPLZE,韓国,3974,KKM*,韓国,0,,-
SIRIUS,GALGALIM,0,,-,1414,OYAYUB,韓国,1953,HW-,韓国,2397,FAFNIR,韓国,0,,-
SIRIUS,GOLDEN CROSS,0,,-,1016,KEIRIN,韓国,2095,ISLQYN,韓国,3518,KKM*,韓国,0,,-
SIRIUS,Hydrogen Blueback,0,,-,982,KRVIZE,韓国,1709,FA03,韓国,2336,NEON,韓国,2467,KKM*,韓国
SIRIUS,IN THE NAME OF LOVE,520,-TIC-,韓国,555,MARISA,韓国,1344,GORGUG,韓国,1944,NEON,韓国,0,,-
SIRIUS,Keep it-秋葉工房mix-,0,,-,977,ENVY*,韓国,1531,CTPLT*,韓国,1878,CHARM,韓国,0,,-
SIRIUS,Last Burning,0,,-,805,NWJNS,韓国,1605,DON*X1,韓国,2386,LICHT,韓国,0,,-
SIRIUS,Light Shine,0,,-,769,MIN,韓国,1121,FA03,韓国,1968,.,韓国,0,,-
SIRIUS,MIRACLE MEETS,0,,-,909,-TIC-,韓国,1554,KOTOKO,韓国,2248,KKM*,韓国,0,,-
SIRIUS,mosaic,0,,-,1434,-TIC-,韓国,2036,WDG*,韓国,3017,KKM*,韓国,0,,-
SIRIUS,NEW SENSATION -もう、あなたしか見えない-,0,,-,1166,MIN,韓国,2012,EUN,韓国,2699,NEON,韓国,0,,-
SIRIUS,NoN-Fiction Story!,0,,-,651,044APD,韓国,1312,K.H.B,韓国,2218,NEON,韓国,0,,-
SIRIUS,Programmed Sun,0,,-,906,L.DASH,韓国,1682,K.H.B,韓国,2614,DON*,韓国,0,,-
SIRIUS,quell～the seventh slave～,0,,-,933,ENVY*,韓国,1803,CLST,韓国,3240,KKM*,韓国,0,,-
SIRIUS,Raison d'etre～交差する宿命～,0,,-,1118,ENGAWA,韓国,2184,68MA,韓国,2757,CHLOE,韓国,4809,KKM*,韓国
SIRIUS,Red. by Full Metal Jacket,0,,-,934,KEIRIN,韓国,2079,SIGSIG,韓国,3258,KKM*,韓国,0,,-
SIRIUS,Roots of my way!,0,,-,872,ENGAWA,韓国,1218,JMT,韓国,2044,CHARM,韓国,0,,-
SIRIUS,Session 1 -Genesis-,0,,-,794,HARUNA,韓国,1542,TAMNIM,韓国,2457,F,韓国,0,,-
SIRIUS,She is my wife,395,HARUNA,韓国,625,NANGGU,韓国,1389,WONTIK,韓国,1998,NEON,韓国,0,,-
SIRIUS,SOLID STATE SQUAD,0,,-,924,NWJNS,韓国,2268,WDG*,韓国,3610,KKM*,韓国,3706,KKM*,韓国
SIRIUS,Sorrows,0,,-,717,044APD,韓国,1669,PARFUM,韓国,2479,CHARM,韓国,0,,-
SIRIUS,Special One,0,,-,820,ENVY*,韓国,1126,JMT,韓国,1776,CHLOE,韓国,0,,-
SIRIUS,THE LAST STRIKER,0,,-,1414,DON*X1,韓国,1801,BM**,韓国,2611,NEON,韓国,0,,-
SIRIUS,The Story Begins,0,,-,831,BYERDN,韓国,1702,KRVIZE,韓国,2442,ALIEN,韓国,0,,-
SIRIUS,かずあそび,0,,-,504,KEIRIN,韓国,1100,?TRAIT,韓国,1703,DON*,韓国,0,,-
SIRIUS,たからもの,0,,-,1248,-TIC-,韓国,1795,NUGON,韓国,2243,CHARM,韓国,3566,LICHT,韓国
SIRIUS,コスモス,0,,-,847,?TRAIT,韓国,1476,JMT,韓国,2097,FAFNIR,韓国,0,,-
SIRIUS,サヨナラ・ヘヴン,353,-TIC-,韓国,766,?TRAIT,韓国,1370,BYERDN,韓国,1698,DON*,韓国,2212,DON*,韓国
SIRIUS,バビロニア,0,,-,762,?TRAIT,韓国,1343,PIGMAN,韓国,1873,NEON,韓国,0,,-
SIRIUS,ワルツ第17番 ト短調”大犬のワルツ”,0,,-,1148,TSE.,韓国,2332,CHARM,韓国,3310,CHEPY.,韓国,0,,-
SIRIUS,未来のプリズム,0,,-,633,NWJNS,韓国,1313,SHJ*,韓国,1784,KKM*,韓国,0,,-
SIRIUS,"水上の提督(Short mix from ""幻想水滸伝V"")",0,,-,551,LINCLE,韓国,1665,FA03,韓国,2133,DON*,韓国,0,,-
Resort Anthem,Aegis,0,,-,867,ENGAWA,韓国,1381,NOGUN2,韓国,2382,DON*,韓国,0,,-
Resort Anthem,ALBIDA,521,ENGAWA,韓国,1042,-TIC-,韓国,1949,CYTRUS,韓国,3054,KKM*,韓国,0,,-
Resort Anthem,Answer,0,,-,715,NULL,韓国,1357,BEFORU,韓国,2441,KKM*,韓国,0,,-
Resort Anthem,ANTHEM LANDING,0,,-,923,DD.,韓国,1819,HIRO,韓国,2968,DON*,韓国,0,,-
Resort Anthem,Believe In Me,0,,-,985,KRVIZE,韓国,1760,ENVY*,韓国,2408,CHARM,韓国,0,,-
Resort Anthem,BLUST OF WIND,0,,-,768,RAY,韓国,1480,JMT,韓国,2149,DON*,韓国,2654,DON*,韓国
Resort Anthem,Bounce Bounce Bounce,0,,-,1013,KRVIZE,韓国,1655,YS*DAD,韓国,2549,KKM*,韓国,0,,-
Resort Anthem,Breaking the ground,0,,-,958,RUSHI*,韓国,1772,PRAST,韓国,2539,CHARM,韓国,0,,-
Resort Anthem,Broken,0,,-,1024,KRVIZE,韓国,2040,.HWA,韓国,3193,DON*,韓国,0,,-
Resort Anthem,BROKEN EDEN,0,,-,1004,ENGAWA,韓国,1617,JMT,韓国,2348,NEON,韓国,0,,-
Resort Anthem,Dances with Snow Fairies,0,,-,1321,KRVIZE,韓国,2288,NEON,韓国,3195,DON*,韓国,4177,KKM*,韓国
Resort Anthem,DAYDREAMER,0,,-,1094,YSK,韓国,1700,JMT,韓国,2526,7TSUHI,韓国,0,,-
Resort Anthem,Destiny Sword,0,,-,878,OYAYUB,韓国,1745,68MA,韓国,2412,CHEPY.,韓国,0,,-
Resort Anthem,DM STAR～関西 energy style～,0,,-,996,YSK,韓国,1905,DON*X1,韓国,2408,CHEPY.,韓国,0,,-
Resort Anthem,Energy Drive,0,,-,774,YSK,韓国,1338,K.H.B,韓国,2240,UTSUHO,韓国,0,,-
Resort Anthem,Eternal Tears,0,,-,396,B-PLUS,韓国,1023,JMT,韓国,1377,DON*,韓国,0,,-
Resort Anthem,Everlasting Resort,0,,-,793,?TRAIT,韓国,1257,KRVIZE,韓国,1914,KKM*,韓国,0,,-
Resort Anthem,Fantasia,242,DON*X1,韓国,382,KRVIZE,韓国,1484,JMT,韓国,2246,NEON,韓国,0,,-
Resort Anthem,Golden Palms,0,,-,693,TOYOPY,韓国,1451,CLST,韓国,2064,DON*,韓国,2469,DON*,韓国
Resort Anthem,I FIGHT ME,0,,-,598,MIN,韓国,1332,ENGAWA,韓国,2129,CYLON,韓国,0,,-
Resort Anthem,Kailua,0,,-,533,F,韓国,1297,WONTIK,韓国,2240,CHEPY.,韓国,0,,-
Resort Anthem,Let The Track Flow,0,,-,1025,KISCAR,韓国,1775,PXERO,韓国,2709,NEON,韓国,0,,-
Resort Anthem,Medicine of love,0,,-,631,HYONI,韓国,1113,MK.197,韓国,1731,DON*,韓国,2545,KKM*,韓国
Resort Anthem,Mermaid girl,557,-TIC-,韓国,978,BYERDN,韓国,1686,WDG*,韓国,2223,GEHO,韓国,0,,-
Resort Anthem,Never Fade Away,0,,-,746,KRVIZE,韓国,1733,PXERO,韓国,3061,DON*,韓国,0,,-
Resort Anthem,New Castle Legions,0,,-,905,AMAMYA,韓国,1863,COMJW,韓国,2806,CHEPY.,韓国,0,,-
Resort Anthem,PARADISE LOST,0,,-,1369,68MA,韓国,2357,YODAYO,韓国,3393,KKM*,韓国,0,,-
Resort Anthem,passionate fate,0,,-,1028,KRVIZE,韓国,1628,DON*X1,韓国,2145,DON*,韓国,0,,-
Resort Anthem,perditus†paradisus,0,,-,1233,KRVIZE,韓国,2583,CHLOE,韓国,4033,CHEPY.,韓国,0,,-
Resort Anthem,Programmed Life,0,,-,1012,MIN,韓国,1779,CLST,韓国,2403,DON*,韓国,0,,-
Resort Anthem,reunion,544,MORTIS,韓国,1381,PRAST,韓国,2388,YODAYO,韓国,3316,KKM*,韓国,0,,-
Resort Anthem,Rock Da House,0,,-,837,KRVIZE,韓国,1640,WDG*,韓国,2247,CHARM,韓国,0,,-
Resort Anthem,SABER WING,0,,-,522,KRVIZE,韓国,1882,CHLOE,韓国,2861,KKM*,韓国,0,,-
Resort Anthem,Sakura Reflection,0,,-,437,FINE33,韓国,1611,BEAN*,韓国,2378,FAFNIR,韓国,0,,-
Resort Anthem,sakura storm,0,,-,955,MIN,韓国,1314,BEAN*,韓国,2438,NEON,韓国,0,,-
Resort Anthem,Session 9 -Chronicles-,0,,-,706,KRVIZE,韓国,2249,S-WA?G,韓国,3671,CHEPY.,韓国,0,,-
Resort Anthem,Space Time,0,,-,434,REM,韓国,1629,JMT,韓国,2212,KKM*,韓国,0,,-
Resort Anthem,SPECIAL SUMMER CAMPAIGN!,0,,-,610,WONIE,韓国,1652,LICHT,韓国,2995,NEON,韓国,0,,-
Resort Anthem,Stay my side,0,,-,622,MIN,韓国,971,T91*,韓国,1350,CHARM,韓国,0,,-
Resort Anthem,STELLAR WIND,380,ENGAWA,韓国,554,NULL,韓国,1849,CLST,韓国,2710,CHARM,韓国,0,,-
Resort Anthem,THE BLACK KNIGHT,0,,-,888,KRVIZE,韓国,2089,ERII.,韓国,2968,KKM*,韓国,4594,KKM*,韓国
Resort Anthem,THE DOOR INTO RAINBOW,0,,-,774,KRVIZE,韓国,1578,JMT,韓国,2234,KKM*,韓国,0,,-
Resort Anthem,THE FALLEN,0,,-,861,MIN,韓国,1527,CLST,韓国,2702,SIGSIG,韓国,0,,-
Resort Anthem,Tropical April,0,,-,1518,JMT,韓国,2261,CYTRUS,韓国,2778,KKM*,韓国,0,,-
Resort Anthem,Vermillion,0,,-,523,KRVIZE,韓国,1129,JMT,韓国,2080,NEON,韓国,0,,-
Resort Anthem,Watch Out Pt.2,0,,-,1089,KRVIZE,韓国,1985,WDG*,韓国,2978,KKM*,韓国,0,,-
Resort Anthem,WISE UP!,297,LINCLE,韓国,433,044APD,韓国,1160,BYERDN,韓国,1600,CHEPY.,韓国,2630,UTSUHO,韓国
Resort Anthem,Wuv U,0,,-,369,044APD,韓国,1241,JMT,韓国,1717,CHARM,韓国,0,,-
Resort Anthem,XANADU OF TWO,0,,-,967,KRVIZE,韓国,1735,WDG*,韓国,2758,KKM*,韓国,3457,DON*,韓国
Resort Anthem,ZETA～素数の世界と超越者～,322,ENGAWA,韓国,583,OYAYUB,韓国,1964,CTPLT*,韓国,3149,NEON,韓国,0,,-
Resort Anthem,おおきなこえで,0,,-,399,ST.F.N,韓国,905,HEIM,韓国,1504,SIGSIG,韓国,2184,DON*,韓国
Resort Anthem,かげぬい ～ Ver.BENIBOTAN ～,500,ENGAWA,韓国,833,KRVIZE,韓国,1226,JMT,韓国,1950,DON*,韓国,0,,-
Resort Anthem,中華急行,0,,-,323,ENGAWA,韓国,1504,FA03,韓国,2330,CHARM,韓国,0,,-
Resort Anthem,夕焼け ～Fading Day～,0,,-,854,HARUNA,韓国,2014,BYERDN,韓国,2823,KKM*,韓国,0,,-
Resort Anthem,旅人リラン,0,,-,1086,KRVIZE,韓国,1811,VENTI,韓国,2679,DON*,韓国,0,,-
Resort Anthem,灼熱Beach Side Bunny,566,68MA,韓国,1040,NOT2D,韓国,1963,SIGSIG,韓国,3315,DON*,韓国,0,,-
Resort Anthem,黒髪乱れし修羅となりて,0,,-,742,CAKE.,韓国,2017,68MA,韓国,3470,KKM*,韓国,0,,-
Lincle,24th Century BOY,0,,-,764,HARUNA,韓国,1773,YSK,韓国,2896,NEON,韓国,0,,-
Lincle,532nm,0,,-,489,ORGANI,韓国,1185,KRVIZE,韓国,2682,KKM*,韓国,0,,-
Lincle,A MINSTREL ～ ver. short-scape ～,0,,-,619,HARUNA,韓国,1368,KIPPIE,韓国,2371,CHARM,韓国,3901,DON*,韓国
Lincle,Almace,0,,-,803,ENVY*,韓国,1289,FA03,韓国,2017,NEON,韓国,0,,-
Lincle,ANAGRAMS I to Y,0,,-,783,044APD,韓国,1601,K.H.B,韓国,2486,FAFNIR,韓国,0,,-
Lincle,BLACK.by X-Cross Fade,0,,-,958,?TRAIT,韓国,2165,SIGSIG,韓国,3456,KKM*,韓国,0,,-
Lincle,CALL,0,,-,329,NTK,韓国,702,?TRAIT,韓国,1467,CHARM,韓国,2734,FAFNIR,韓国
Lincle,Castle on the Moon,238,MIN,韓国,628,MIN,韓国,1611,WDG*,韓国,2425,F,韓国,0,,-
Lincle,Change the World,0,,-,788,KRVIZE,韓国,1325,K.H.B,韓国,1856,KKM*,韓国,0,,-
Lincle,DIAVOLO,0,,-,1295,OYAYUB,韓国,1829,KOTOKO,韓国,3314,KKM*,韓国,0,,-
Lincle,Drive Me Crazy,0,,-,691,MIN,韓国,1303,WINDY,韓国,2302,DNBD,韓国,0,,-
Lincle,Express Emotion,0,,-,698,PTU,韓国,951,JIUK,韓国,2536,CHEPY.,韓国,0,,-
Lincle,F,0,,-,1024,KRVIZE,韓国,2129,SOL.,韓国,3614,DON*,韓国,0,,-
Lincle,Far east nightbird,344,ENVY*,韓国,469,HAKAN8,韓国,1300,SPPOAV,韓国,2043,F,韓国,0,,-
Lincle,fffff,0,,-,842,CLST,韓国,2077,CLST,韓国,3207,DON*,韓国,0,,-
Lincle,Flip Flap,278,DON*X1,韓国,533,HAKAN8,韓国,1333,KRVIZE,韓国,2258,FAFNIR,韓国,0,,-
Lincle,Follow Tomorrow,0,,-,821,?TRAIT,韓国,1489,.HWA,韓国,2279,DON*,韓国,0,,-
Lincle,GIGANT,0,,-,559,ENGAWA,韓国,1017,ADH1,韓国,1763,SIGSIG,韓国,2959,KKM*,韓国
Lincle,HAERETICUS,0,,-,814,KRVIZE,韓国,1924,CLST,韓国,3122,KKM*,韓国,0,,-
Lincle,I'm so Happy,303,-TIC-,韓国,394,IIDX80,韓国,1333,JMT,韓国,2372,DON*,韓国,0,,-
Lincle,In the Blackest Den,0,,-,817,KRVIZE,韓国,1576,CLST,韓国,2665,KKM*,韓国,0,,-
Lincle,Infinite cave,0,,-,967,-TIC-,韓国,1527,BYERDN,韓国,2082,CHARM,韓国,0,,-
Lincle,KYAMISAMA ONEGAI!,0,,-,677,OYAYUB,韓国,1127,PXERO,韓国,2143,CHARM,韓国,3126,KKM*,韓国
Lincle,LAX5 feat.Ryota Yoshinari,0,,-,875,RUKA,韓国,2004,RIARA,韓国,2833,F,韓国,0,,-
Lincle,LETHEBOLG ～双神威に斬り咲けり～,0,,-,948,?TRAIT,韓国,1546,JMT,韓国,2219,KKM*,韓国,0,,-
Lincle,Liquid Crystal Girl feat. echo,0,,-,400,MIN,韓国,1059,ENGAWA,韓国,2020,ALIEN,韓国,0,,-
Lincle,LOVE B.B.B,0,,-,678,MEARTY,韓国,1427,JMT,韓国,2037,CHARM,韓国,0,,-
Lincle,Lucky Days,0,,-,514,LINCLE,韓国,1414,K.H.B,韓国,2199,LICHT,韓国,0,,-
Lincle,Mermaid girl-秋葉工房 MIX-,0,,-,782,KRVIZE,韓国,1298,ENVY*,韓国,2058,CHARM,韓国,0,,-
Lincle,Miami Sunset Drive,0,,-,612,ENVY*,韓国,1073,FA03,韓国,1680,NEON,韓国,0,,-
Lincle,NNRT,0,,-,1023,LINCLE,韓国,2386,EUN,韓国,3551,KKM*,韓国,0,,-
Lincle,Phoenix,0,,-,758,JAMMIN,韓国,1142,JMT,韓国,2495,UTSUHO,韓国,4035,KKM*,韓国
Lincle,prompt,0,,-,907,KRVIZE,韓国,1588,CLST,韓国,2827,CHARM,韓国,0,,-
Lincle,QUANTUM TELEPORTATION,0,,-,1296,TSE.,韓国,2245,Y1Y,韓国,2974,DON*,韓国,3676,DON*,韓国
Lincle,quaver♪,288,DON*X1,韓国,662,MOO,韓国,2104,X,韓国,3474,KKM*,韓国,0,,-
Lincle,Quick Silver,0,,-,782,OYAYUB,韓国,1673,MCC301,韓国,2680,CHARM,韓国,0,,-
Lincle,Release The Music,0,,-,822,ENGAWA,韓国,1298,JMT,韓国,2144,KKM*,韓国,0,,-
Lincle,RESISTANCE,0,,-,618,CTPLT*,韓国,1265,K.H.B,韓国,2390,CHARM,韓国,0,,-
Lincle,Round and Round,0,,-,739,ENGAWA,韓国,1164,ENGAWA,韓国,2167,CHARM,韓国,0,,-
Lincle,SA.YO.NA.RA. SUPER STAR,0,,-,437,NWJNS,韓国,1283,EUN,韓国,1723,CHARM,韓国,0,,-
Lincle,Scharfrichter,0,,-,790,T,韓国,1546,K.H.B,韓国,2933,KKM*,韓国,0,,-
Lincle,Several Words,0,,-,0,,-,1366,K.H.B,韓国,2192,CHARM,韓国,0,,-
Lincle,SHADE,0,,-,1068,OCNRMA,韓国,2050,.HWA,韓国,2926,FAFNIR,韓国,0,,-
Lincle,Snake Stick,0,,-,993,REZE,韓国,2053,SIGSIG,韓国,2844,KKM*,韓国,0,,-
Lincle,Snow Goose,296,ENVY*,韓国,341,NANGGU,韓国,1327,JMT,韓国,2463,KKM*,韓国,0,,-
Lincle,Star Trail,0,,-,490,AIM7,韓国,1093,MIN,韓国,1872,DON*,韓国,2637,KKM*,韓国
Lincle,The Limbo,0,,-,1090,NWJNS,韓国,2016,CLST,韓国,3394,KKM*,韓国,4334,KKM*,韓国
Lincle,The Sampling Paradise,0,,-,789,JINMS,韓国,1847,WDG*,韓国,3075,KKM*,韓国,0,,-
Lincle,Thunderbolt,0,,-,954,KRVIZE,韓国,1889,CLST,韓国,3811,KKM*,韓国,0,,-
Lincle,TITANS RETURN,320,ENGAWA,韓国,589,HEIM,韓国,1459,JMT,韓国,2480,SIGSIG,韓国,2701,KKM*,韓国
Lincle,Todestrieb,0,,-,1022,NWJNS,韓国,1937,UTSUHO,韓国,3458,CHEPY.,韓国,0,,-
Lincle,Voxane,0,,-,512,044APD,韓国,1091,JMT,韓国,1756,DON*,韓国,0,,-
Lincle,WONDER WALKER,0,,-,958,MAIKO.,韓国,1943,CLST,韓国,3834,KKM*,韓国,0,,-
Lincle,YAKSHA,0,,-,1169,JIUK,韓国,2317,CLST,韓国,3961,KKM*,韓国,0,,-
Lincle,yellow head joe,0,,-,697,LSJ,韓国,1378,LUCCI,韓国,2292,F,韓国,3183,KKM*,韓国
Lincle,Yellow Sunrise,0,,-,685,HARUNA,韓国,1416,FA03,韓国,2287,.,韓国,0,,-
Lincle,ビューティフルレシート,336,MIN,韓国,504,ENGAWA,韓国,1178,68MA,韓国,1950,NEON,韓国,0,,-
Lincle,ユミル,0,,-,590,044APD,韓国,1293,KRVIZE,韓国,2855,NEON,韓国,0,,-
Lincle,君のハートにロックオン,0,,-,554,LINCLE,韓国,1643,RIARA,韓国,2716,DON*,韓国,3570,KKM*,韓国
Lincle,天空の夜明け,0,,-,1317,KRVIZE,韓国,2158,K,韓国,4095,KKM*,韓国,0,,-
Lincle,子供の落書き帳,0,,-,823,TSE.,韓国,1817,J114N.,韓国,2729,KKM*,韓国,0,,-
Lincle,恋する☆宇宙戦争っ！！,486,MIN,韓国,878,ENGAWA,韓国,1719,SHJ*,韓国,3651,KKM*,韓国,4692,KKM*,韓国
Lincle,突撃!ガラスのニーソ姫!,0,,-,618,ENGAWA,韓国,1170,FA03,韓国,2122,DON*,韓国,0,,-
Lincle,聖人の塔,0,,-,896,-TIC-,韓国,2056,CLST,韓国,3095,CHEPY.,韓国,4442,KKM*,韓国
Lincle,蛇神,401,ENGAWA,韓国,682,KRVIZE,韓国,1509,CLST,韓国,2859,NEON,韓国,3790,KKM*,韓国
Lincle,衰色小町メランコリア,0,,-,694,LINCLE,韓国,1347,JMT,韓国,2380,KKM*,韓国,0,,-
Lincle,陽炎,0,,-,600,ENGAWA,韓国,1058,?TRAIT,韓国,2016,CHLOE,韓国,0,,-
tricoro,405nm (Ryu☆mix),0,,-,854,L.DASH,韓国,1668,DORO.,韓国,2598,DON*,韓国,0,,-
tricoro,8bit Princess,0,,-,631,ENGAWA,韓国,1372,BYERDN,韓国,2637,CHEPY.,韓国,0,,-
tricoro,Ascalon,0,,-,1110,KRVIZE,韓国,1808,FA03,韓国,2332,CHARM,韓国,0,,-
tricoro,Beastie Starter,0,,-,459,DAEGUZ,韓国,1227,L-SRFM,韓国,2207,FAFNIR,韓国,0,,-
tricoro,BLUE STRAGGLER,0,,-,701,RUSHI*,韓国,1492,FA03,韓国,2624,CHARM,韓国,0,,-
tricoro,BRAVE GLOW,0,,-,764,CREAM,韓国,1703,WDG*,韓国,2517,NEON,韓国,0,,-
tricoro,CONCEPTUAL,0,,-,798,MIN,韓国,1252,MIN,韓国,2755,NEON,韓国,0,,-
tricoro,Confiserie,0,,-,819,PJI,韓国,2105,GG*,韓国,3616,.,韓国,0,,-
tricoro,connective,0,,-,341,044APD,韓国,1112,FA03,韓国,1603,SIGSIG,韓国,0,,-
tricoro,Cookie Bouquets,0,,-,822,S2R,韓国,2074,CTPLT*,韓国,3419,KKM*,韓国,0,,-
tricoro,DAY DREAM,0,,-,482,SKY.C,韓国,1265,CLST,韓国,2084,CHEPY.,韓国,0,,-
tricoro,Devilz Staircase,0,,-,560,044APD,韓国,2157,EUN,韓国,3358,KKM*,韓国,0,,-
tricoro,Elemental Creation,264,DON*X1,韓国,1498,BYERDN,韓国,2386,CLST,韓国,4220,KKM*,韓国,0,,-
tricoro,examination leave,0,,-,1079,YSK,韓国,1842,HIHU,韓国,3416,KKM*,韓国,0,,-
tricoro,FLOWER,340,-TIC-,韓国,1128,BYERDN,韓国,1781,KOTOKO,韓国,2915,KKM*,韓国,0,,-
tricoro,Fly you to the star,0,,-,725,L.DASH,韓国,1613,WDG*,韓国,2286,KKM*,韓国,0,,-
tricoro,GAIA,0,,-,839,KIMU,韓国,2190,NOTL,韓国,3333,KKM*,韓国,0,,-
tricoro,GRADIUS 2012,0,,-,675,VPNMOL,韓国,1603,-TIC-,韓国,2748,CHARM,韓国,0,,-
tricoro,Hollywood Galaxy,0,,-,1059,ENGAWA,韓国,2060,F,韓国,2770,CHEPY.,韓国,0,,-
tricoro,Howling,0,,-,468,IMPIST,韓国,1253,JMT,韓国,2118,CHARM,韓国,2691,DON*,韓国
tricoro,I know You know,0,,-,575,MIN,韓国,1184,FA03,韓国,1889,CHLOE,韓国,0,,-
tricoro,ILIAS,0,,-,560,KKACHI,韓国,1321,FA03,韓国,2200,KKM*,韓国,0,,-
tricoro,Illegal Function Call,0,,-,940,-TIC-,韓国,1765,K,韓国,2727,DON*,韓国,3901,KKM*,韓国
tricoro,In Heaven,0,,-,733,MIN,韓国,1470,FA03,韓国,2142,DON*,韓国,0,,-
tricoro,JOMANDA,259,OYAYUB,韓国,1111,JMT,韓国,2290,WIND*,韓国,3758,CHEPY.,韓国,0,,-
tricoro,Liberation,0,,-,1352,ETWA,韓国,2302,EUN,韓国,3745,CHEPY.,韓国,0,,-
tricoro,Light and Cyber…,0,,-,1045,CLST,韓国,1991,DON*X1,韓国,3146,NEON,韓国,0,,-
tricoro,Little Star,0,,-,946,HYONI,韓国,1754,DON*X1,韓国,3236,KKM*,韓国,0,,-
tricoro,LUV CAN SAVE U,0,,-,549,MIN,韓国,1417,FA03,韓国,2132,CHARM,韓国,2810,CHARM,韓国
tricoro,mnemoniq,0,,-,396,DNABAK,韓国,952,FA03,韓国,1309,DON*,韓国,0,,-
tricoro,Neonlights,0,,-,638,ENVY*,韓国,1498,MURI,韓国,2248,DON*,韓国,0,,-
tricoro,neu,195,DON*X1,韓国,956,MCC301,韓国,2157,MAPLZE,韓国,3971,KKM*,韓国,0,,-
tricoro,New Decade IIDX Edition,271,DON*X1,韓国,910,NWJNS,韓国,1940,WDG*,韓国,3068,DON*,韓国,0,,-
tricoro,New Lights,0,,-,988,KRVIZE,韓国,1700,K.H.B,韓国,2497,CHARM,韓国,0,,-
tricoro,Plan 8,0,,-,1122,JMT,韓国,2183,EUN,韓国,3329,KKM*,韓国,0,,-
tricoro,planarian,0,,-,632,L.DASH,韓国,1618,JMT,韓国,2550,UBEATS,韓国,0,,-
tricoro,POINT ZERO,0,,-,718,1015,韓国,1153,JMT,韓国,2113,KKM*,韓国,0,,-
tricoro,Präludium,0,,-,510,PLLAP,韓国,1442,.HWA,韓国,2319,DON*,韓国,0,,-
tricoro,Proof of the existence,0,,-,1090,M94FAN,韓国,2107,CLST,韓国,3302,KKM*,韓国,0,,-
tricoro,Rainbow after snow,0,,-,680,KEIRIN,韓国,1480,FA03,韓国,2172,NEON,韓国,0,,-
tricoro,Re:GENERATION,244,DON*X1,韓国,909,WONTIK,韓国,1577,FA03,韓国,2273,!!?,韓国,0,,-
tricoro,Reflection Into the EDEN,0,,-,757,ENGAWA,韓国,1415,FA03,韓国,2180,CHLOE,韓国,0,,-
tricoro,rumrum triplets,0,,-,911,TOYOPY,韓国,1979,MALNIM,韓国,3060,KKM*,韓国,0,,-
tricoro,S!ck,0,,-,873,MIN,韓国,1460,JMT,韓国,2727,CHARM,韓国,0,,-
tricoro,Saturn,0,,-,1217,YSK,韓国,1961,KART,韓国,2659,DON*,韓国,3546,KKM*,韓国
tricoro,Shining World,0,,-,1157,MIN,韓国,1557,MON,韓国,1951,ALIEN,韓国,0,,-
tricoro,SHION,0,,-,646,ENVY*,韓国,1303,FA03,韓国,2716,CHEPY.,韓国,0,,-
tricoro,Sol Cosine Job 2,0,,-,999,?TRAIT,韓国,1552,DORPIN,韓国,3211,KKM*,韓国,0,,-
tricoro,STULTI,0,,-,667,TOYOPY,韓国,1658,CLST,韓国,2808,KKM*,韓国,0,,-
tricoro,SYNC-ANTHEM,0,,-,605,PIE,韓国,2413,EUN,韓国,3696,KKM*,韓国,0,,-
tricoro,Synergy For Angels,0,,-,917,BEAN*,韓国,1622,JMT,韓国,2781,NEON,韓国,0,,-
tricoro,Take My Life,0,,-,903,?TRAIT,韓国,1574,GORGUG,韓国,2958,DON*,韓国,0,,-
tricoro,Thor's Hammer,0,,-,957,OYAYUB,韓国,1777,PARFUM,韓国,3118,KKM*,韓国,0,,-
tricoro,Time To Empress,0,,-,865,?TRAIT,韓国,1901,PXERO,韓国,2643,DON*,韓国,3184,DON*,韓国
tricoro,Timepiece phase II,0,,-,997,KRVIZE,韓国,2183,BISCO,韓国,3299,DON*,韓国,0,,-
tricoro,Timepiece phase II (CN Ver.),0,,-,957,CTPLT*,韓国,1896,WDG*,韓国,3064,CHEPY.,韓国,0,,-
tricoro,True Blue,0,,-,986,NWJNS,韓国,2516,CLST,韓国,3785,FAFNIR,韓国,0,,-
tricoro,Valanga,0,,-,1264,KRVIZE,韓国,2204,WDG*,韓国,3282,KKM*,韓国,0,,-
tricoro,VALLIS-NERIA,268,DON*X1,韓国,1209,PXERO,韓国,2102,WDG*,韓国,3001,KKM*,韓国,0,,-
tricoro,VEGA,0,,-,1107,KRVIZE,韓国,1992,HIHU,韓国,3158,NEON,韓国,0,,-
tricoro,ZED,0,,-,927,OYAYUB,韓国,1675,NOBU,韓国,2789,.,韓国,3531,KKM*,韓国
tricoro,Zirkfied,0,,-,950,KRVIZE,韓国,2083,UTSUHO,韓国,3916,KKM*,韓国,0,,-
tricoro,ΕΛΠΙΣ,0,,-,1118,IIDX28,韓国,2079,CLST,韓国,3179,DON*,韓国,3663,CHEPY.,韓国
tricoro,†渚の小悪魔ラヴリィ～レイディオ†(IIDX EDIT),240,DON*X1,韓国,513,TOYOPY,韓国,1649,KOTOKO,韓国,3649,KKM*,韓国,0,,-
tricoro,お米の美味しい炊き方、そしてお米を食べることによるその効果。,0,,-,710,BOTAN,韓国,1594,FA03,韓国,2233,NEON,韓国,3779,KKM*,韓国
tricoro,たまゆら,0,,-,1109,KRVIZE,韓国,1864,EUN,韓国,2797,KKM*,韓国,0,,-
tricoro,アストライアの双皿,0,,-,621,TOYOPY,韓国,1944,NOT2D,韓国,3239,KKM*,韓国,0,,-
tricoro,カジノファイヤーことみちゃん,0,,-,537,WONIE,韓国,1376,PXERO,韓国,2510,DON*,韓国,3459,KKM*,韓国
tricoro,キャトられ恋はモ～モク,0,,-,1359,JIUK,韓国,2553,WIND*,韓国,3929,KKM*,韓国,0,,-
tricoro,シュレーディンガーの猫,0,,-,1084,ENGAWA,韓国,2383,CLST,韓国,3427,KKM*,韓国,0,,-
tricoro,トリカゴノ鳳凰,0,,-,1095,HYONI,韓国,2052,PARFUM,韓国,3848,KKM*,韓国,0,,-
tricoro,メイメツ、フラグメンツ,0,,-,448,GICHAN,韓国,1240,NUGON,韓国,1962,UTSUHO,韓国,0,,-
tricoro,ラキラキ,0,,-,605,MIN,韓国,1477,FA03,韓国,1997,CHARM,韓国,0,,-
tricoro,下弦の月,0,,-,749,RUKA,韓国,1488,FA03,韓国,1998,DON*,韓国,0,,-
tricoro,仮想空間の旅人たち,0,,-,1073,?TRAIT,韓国,2016,ENVY*,韓国,2899,DON*,韓国,3881,KKM*,韓国
tricoro,創世ノート,0,,-,746,TALES,韓国,1871,68MA,韓国,3008,CHARM,韓国,0,,-
tricoro,即席！脳直★ミュージックシステム,0,,-,847,LJNART,韓国,2022,SUYOI,韓国,3641,DON*,韓国,0,,-
tricoro,朧,206,DON*X1,韓国,748,L.DASH,韓国,1460,KRVIZE,韓国,2115,!!?,韓国,2549,NEON,韓国
tricoro,梅雪夜,0,,-,842,ENGAWA,韓国,1411,KRVIZE,韓国,2158,CHARM,韓国,0,,-
tricoro,狂イ咲ケ焔ノ華,0,,-,1144,AKZ,韓国,2416,BEAN*,韓国,3691,KKM*,韓国,0,,-
tricoro,音楽,0,,-,719,JAMMIN,韓国,1939,K,韓国,2908,KKM*,韓国,0,,-
tricoro,龍と少女とデコヒーレンス,0,,-,751,SETSU*,韓国,1642,SHJ*,韓国,3024,DON*,韓国,3416,KKM*,韓国
SPADA,Adularia,198,DON*X1,韓国,1078,UTSUHO,韓国,1890,CLST,韓国,2889,KKM*,韓国,0,,-
SPADA,ALBA -黎明-,0,,-,626,HIMMEL,韓国,1552,BEAN*,韓国,3259,DON*,韓国,3961,KKM*,韓国
SPADA,Ancient Scapes,0,,-,1151,OYAYUB,韓国,2013,KAROB,韓国,3527,NEON,韓国,4350,KKM*,韓国
SPADA,ATHER,0,,-,961,KRVIZE,韓国,1632,GG*,韓国,2800,SIGSIG,韓国,3216,UTSUHO,韓国
SPADA,BLUE DRAGON(雷龍RemixIIDX),0,,-,1422,KRVIZE,韓国,2192,WDG*,韓国,3436,KKM*,韓国,0,,-
SPADA,BRAINSTORM,0,,-,681,VERFLT,韓国,1981,WDG*,韓国,2840,DON*,韓国,0,,-
SPADA,BRAVE OUT,0,,-,940,044APD,韓国,1495,WDG*,韓国,2176,KKM*,韓国,2821,DON*,韓国
SPADA,Claiomh Solais,0,,-,322,L.DASH,韓国,1425,FA03,韓国,2103,CHARM,韓国,0,,-
SPADA,Cleopatrysm,0,,-,763,KRVIZE,韓国,1379,CTPLT*,韓国,2616,LICHT,韓国,0,,-
SPADA,Close the World feat.a☆ru,0,,-,1030,L.DASH,韓国,2093,CLST,韓国,3451,NEON,韓国,3947,KKM*,韓国
SPADA,Critical Crystal,222,DON*X1,韓国,1027,YSK,韓国,1832,CLST,韓国,2966,DON*,韓国,0,,-
SPADA,DARK LEGACY,0,,-,1224,YSK,韓国,1990,HIHU,韓国,3639,KKM*,韓国,0,,-
SPADA,Devilz Sacrifice -贖罪の羊-,0,,-,969,UTSUHO,韓国,1651,BLUETT,韓国,2507,F,韓国,0,,-
SPADA,diagram,0,,-,609,MIN,韓国,1213,KRVIZE,韓国,2901,DON*,韓国,0,,-
SPADA,Elektrick U-Phoria,0,,-,1110,ENGAWA,韓国,1909,PXERO,韓国,3129,DON*,韓国,4072,KKM*,韓国
SPADA,Element of SPADA,0,,-,676,MIN,韓国,1357,FA03,韓国,2092,UTSUHO,韓国,3118,FAFNIR,韓国
SPADA,Engraved Mark,0,,-,706,044APD,韓国,1322,CLST,韓国,2405,SIGSIG,韓国,0,,-
SPADA,EXTREME MACH COLLIDER,0,,-,996,68MA,韓国,1416,SHJ*,韓国,2599,DON*,韓国,0,,-
SPADA,Feel The Beat,0,,-,1258,TIST,韓国,2184,BEAN*,韓国,3626,CHEPY.,韓国,4424,KKM*,韓国
SPADA,Funny shuffle,0,,-,603,ENVY*,韓国,1079,ENGAWA,韓国,2364,KKM*,韓国,0,,-
SPADA,HYENA,0,,-,1111,YSK,韓国,1962,68MA,韓国,2844,NEON,韓国,3764,KKM*,韓国
SPADA,Hypersonik,0,,-,875,TOYOPY,韓国,1629,KRVIZE,韓国,2538,NEON,韓国,0,,-
SPADA,I will be back -オレは帰ってきた-,0,,-,943,MIN,韓国,1904,68MA,韓国,2977,DON*,韓国,0,,-
SPADA,Idola,0,,-,1177,KISCAR,韓国,2317,BEAN*,韓国,3639,KKM*,韓国,0,,-
SPADA,Insane Techniques,0,,-,694,L.DASH,韓国,1305,EUN,韓国,2508,KKM*,韓国,0,,-
SPADA,INSOMNIA,0,,-,755,KEIRIN,韓国,1769,68MA,韓国,3306,KKM*,韓国,0,,-
SPADA,into the battlefield,0,,-,703,?TRAIT,韓国,1374,JMT,韓国,2382,.,韓国,0,,-
SPADA,invoker,0,,-,1075,KRVIZE,韓国,1923,68MA,韓国,3237,KKM*,韓国,3656,KKM*,韓国
SPADA,IX,0,,-,1223,ENVY*,韓国,2423,YODAYO,韓国,3968,KKM*,韓国,0,,-
SPADA,KAISER PHOENIX,0,,-,1241,KRVIZE,韓国,2138,ICHIKA,韓国,3336,UTSUHO,韓国,4014,KKM*,韓国
SPADA,KHAMEN BREAK,0,,-,533,NULL,韓国,1279,JMT,韓国,2528,NEON,韓国,0,,-
SPADA,Last Dance,0,,-,1116,ENGAWA,韓国,2012,CLST,韓国,3291,KKM*,韓国,0,,-
SPADA,Lighting Shower,0,,-,805,CTPLT*,韓国,1339,BYERDN,韓国,2437,DON*,韓国,0,,-
SPADA,M.D.Injection,0,,-,535,044APD,韓国,1186,68MA,韓国,2448,CHARM,韓国,0,,-
SPADA,m1dy Deluxe,0,,-,1060,BISKO0,韓国,1731,HIHU,韓国,2659,KKM*,韓国,0,,-
SPADA,MAD ATTACK,0,,-,583,KITSCH,韓国,1328,FA03,韓国,1971,DON*,韓国,2751,KKM*,韓国
SPADA,MAGIC & LOVE,0,,-,942,HYUN,韓国,1776,CANDY#,韓国,2952,UTSUHO,韓国,0,,-
SPADA,Miracle 5ympho X,0,,-,756,OYAYUB,韓国,1330,FA03,韓国,2634,.,韓国,3051,KKM*,韓国
SPADA,NPC World,0,,-,940,?TRAIT,韓国,1594,CLST,韓国,2303,CHARM,韓国,0,,-
SPADA,Odin,0,,-,742,MIN,韓国,1416,FA03,韓国,2060,SIGSIG,韓国,0,,-
SPADA,Overload Frontier,0,,-,635,RUKA,韓国,1707,JMT,韓国,2658,KKM*,韓国,0,,-
SPADA,Pharaoh,0,,-,518,044APD,韓国,1306,JMT,韓国,2462,DON*,韓国,0,,-
SPADA,PUNISHER,0,,-,1084,BISKO0,韓国,2017,68MA,韓国,3608,KKM*,韓国,0,,-
SPADA,ra'am,0,,-,1015,KRVIZE,韓国,1804,EUN,韓国,2888,KKM*,韓国,0,,-
SPADA,rainbow guitar weeps,0,,-,942,KRVIZE,韓国,1706,TSOUND,韓国,2787,F,韓国,0,,-
SPADA,Recollection,0,,-,1056,NWJNS,韓国,1750,FA03,韓国,2225,7TSUHI,韓国,0,,-
SPADA,refractive index,0,,-,683,KRVIZE,韓国,1433,DON*X1,韓国,2700,CHLOE,韓国,0,,-
SPADA,RISE,0,,-,885,KRVIZE,韓国,1391,FA03,韓国,1901,CHARM,韓国,0,,-
SPADA,RIZING YOU UP,0,,-,994,MIN,韓国,2061,RIARA,韓国,2585,CHARM,韓国,0,,-
SPADA,SCHWARZSCHILD FIELD,0,,-,875,KRVIZE,韓国,1499,68MA,韓国,2428,DON*,韓国,0,,-
SPADA,Sigmund,0,,-,1522,NENJAE,韓国,2356,BEAN*,韓国,3955,KKM*,韓国,4451,KKM*,韓国
SPADA,Squeeze,0,,-,672,AKR893,韓国,1394,T-MAN,韓国,2500,NEON,韓国,0,,-
SPADA,THE DETONATOR,0,,-,1609,LUZE,韓国,2446,EUN,韓国,3240,CHARM,韓国,0,,-
SPADA,Unicorn tail,0,,-,859,BYERDN,韓国,2035,EUN,韓国,3177,DON*,韓国,0,,-
SPADA,Valgus,0,,-,613,KRVIZE,韓国,1289,K.H.B,韓国,2397,CHARM,韓国,0,,-
SPADA,Verflucht,0,,-,1247,-TIC-,韓国,2111,BEAN*,韓国,3599,KKM*,韓国,4766,KKM*,韓国
SPADA,VOX UP,0,,-,1379,JMT,韓国,2893,KKM*,韓国,3683,KKM*,韓国,0,,-
SPADA,Wonder Girl feat. Kanae Asaba,0,,-,675,KRVIZE,韓国,1225,RALO,韓国,2820,FAFNIR,韓国,0,,-
SPADA,お願いアインシュタイン,0,,-,783,LINCLE,韓国,1405,JMT,韓国,2128,KKM*,韓国,0,,-
SPADA,アルストロメリア,218,DON*X1,韓国,919,-TIC-,韓国,1570,FA03,韓国,2503,DON*,韓国,0,,-
SPADA,デッドボヲルdeホームラン,0,,-,520,044APD,韓国,1441,SUJEBI,韓国,2801,DON*,韓国,0,,-
SPADA,バンブーソード・ガール,270,DON*X1,韓国,918,KRVIZE,韓国,1820,TINA,韓国,2480,CHLOE,韓国,0,,-
SPADA,廿,0,,-,871,MIN,韓国,1751,FA03,韓国,2418,KKM*,韓国,3433,KKM*,韓国
SPADA,旋律のドグマ～Miserables～,0,,-,1124,TRZN3,韓国,2415,EUN,韓国,3983,NEON,韓国,0,,-
SPADA,海神,0,,-,1090,KRVIZE,韓国,2113,ROXN*,韓国,3221,NEON,韓国,3640,KKM*,韓国
SPADA,煉獄のエルフェリア,0,,-,1299,KRVIZE,韓国,2369,MALNIM,韓国,3977,KKM*,韓国,0,,-
SPADA,牧神笛吹きて,0,,-,650,ZAHLEN,韓国,1371,BYERDN,韓国,2075,CHARM,韓国,0,,-
SPADA,疾風迅雷,0,,-,1147,68MA,韓国,2042,EUN,韓国,2960,KKM*,韓国,3555,KKM*,韓国
SPADA,罪と罰,0,,-,1033,MIN,韓国,1372,EUN,韓国,2187,DON*,韓国,0,,-
SPADA,超!!遠距離らぶメ～ル,0,,-,506,044APD,韓国,1570,FA03,韓国,2696,DON*,韓国,0,,-
SPADA,轟け！恋のビーンボール！！,0,,-,1005,KRVIZE,韓国,1948,EUN,韓国,3620,KKM*,韓国,0,,-
PENDUAL,#The_Relentless,0,,-,1066,?TRAIT,韓国,1980,PXERO,韓国,2942,KKM*,韓国,4497,KKM*,韓国
PENDUAL,AFRO KNUCKLE,0,,-,939,ENGAWA,韓国,1607,YHYUH,韓国,2449,DON*,韓国,0,,-
PENDUAL,Beat Radiance,0,,-,933,HPSKSR,韓国,1608,WDG*,韓国,2663,CHARM,韓国,3606,KKM*,韓国
PENDUAL,Beyond The Earth,0,,-,1220,OCNRMA,韓国,2076,WDG*,韓国,3251,DON*,韓国,0,,-
PENDUAL,Blaze it UP!,0,,-,933,ENGAWA,韓国,1883,DON*X1,韓国,2992,CHARM,韓国,0,,-
PENDUAL,BLUE MIRAGE,0,,-,1098,SALT,韓国,2079,WDG*,韓国,3170,KKM*,韓国,0,,-
PENDUAL,Broken Sword,0,,-,1173,WET,韓国,2071,WDG*,韓国,3760,CHEPY.,韓国,0,,-
PENDUAL,Chain of pain,0,,-,636,044APD,韓国,1418,KRVIZE,韓国,2250,CHARM,韓国,0,,-
PENDUAL,chrono diver -fragment-,0,,-,655,AHBG,韓国,1096,PRUNII,韓国,1795,CHARM,韓国,2256,SIGSIG,韓国
PENDUAL,CHRONO DIVER -NORNIR-,0,,-,1113,MIN,韓国,2114,NOT2D,韓国,3132,CHEPY.,韓国,4444,KKM*,韓国
PENDUAL,Chrono Diver -PENDULUMs-,541,ENGAWA,韓国,1352,KRVIZE,韓国,2753,DORO,韓国,4423,KKM*,韓国,0,,-
PENDUAL,Chronos,0,,-,818,MIN,韓国,1317,AEL*,韓国,2388,UTSUHO,韓国,3052,DON*,韓国
PENDUAL,cinder,0,,-,810,KRVIZE,韓国,1793,YSK,韓国,3189,KKM*,韓国,0,,-
PENDUAL,COLOSSEUM,0,,-,558,MIN,韓国,1198,FFFF,韓国,2311,LICHT,韓国,0,,-
PENDUAL,Cosmic Cat,0,,-,889,MIN,韓国,1734,WDG*,韓国,2321,DON*,韓国,3287,KKM*,韓国
PENDUAL,Despair of ELFERIA,0,,-,1193,KRVIZE,韓国,2399,BEAN*,韓国,4166,CHEPY.,韓国,0,,-
PENDUAL,Discloze,0,,-,839,HEIM,韓国,1643,PXERO,韓国,2705,DON*,韓国,0,,-
PENDUAL,EBONY & IVORY,0,,-,1013,OHC,韓国,1728,CLST,韓国,3028,KKM*,韓国,3702,KKM*,韓国
PENDUAL,entelecheia,0,,-,964,H.BEE,韓国,2165,BEAN*,韓国,3313,KKM*,韓国,0,,-
PENDUAL,Erosion Mark,0,,-,675,044APD,韓国,1470,68MA,韓国,2161,MINI,韓国,0,,-
PENDUAL,fallen leaves -IIDX edition-,0,,-,1119,JMT,韓国,2061,EUN,韓国,3465,KKM*,韓国,0,,-
PENDUAL,FANTASTIC THREE,0,,-,1271,YSK,韓国,2220,DON*X1,韓国,3242,CHEPY.,韓国,0,,-
PENDUAL,Flashes,0,,-,940,IIDX28,韓国,1805,ZEN,韓国,3361,KKM*,韓国,4172,KKM*,韓国
PENDUAL,Gravigazer,0,,-,927,KRVIZE,韓国,1870,EUN,韓国,3034,NEON,韓国,0,,-
PENDUAL,GUILTY,0,,-,972,CTPLT*,韓国,1552,FA03,韓国,1919,DON*,韓国,3027,KKM*,韓国
PENDUAL,HELL SCAPER -Last Escape Remix-,0,,-,963,OYAYUB,韓国,1703,YS*DAD,韓国,2892,CHARM,韓国,0,,-
PENDUAL,Hello Happiness,0,,-,724,NOPRRR,韓国,1629,68MA,韓国,2365,CHLOE,韓国,0,,-
PENDUAL,illuminate,0,,-,536,044APD,韓国,1586,FA03,韓国,2333,CHARM,韓国,0,,-
PENDUAL,IMPLANTATION,0,,-,564,NWJNS,韓国,1653,EUN,韓国,2321,DON*,韓国,0,,-
PENDUAL,In The Breeze,0,,-,588,L.DASH,韓国,1172,FA03,韓国,1782,DON*,韓国,0,,-
PENDUAL,Invitation from Mr.C,0,,-,1075,BISKO0,韓国,1547,TINA,韓国,2763,NEON,韓国,0,,-
PENDUAL,IXION,0,,-,929,044APD,韓国,1771,FA03,韓国,2169,FAFNIR,韓国,0,,-
PENDUAL,Line 4 Ruin,0,,-,674,KRVIZE,韓国,1777,68MA,韓国,2802,DON*,韓国,0,,-
PENDUAL,Monopole.,0,,-,782,BYERDN,韓国,1628,68MA,韓国,3425,KKM*,韓国,0,,-
PENDUAL,NEO GENERATOR SEVEN,0,,-,833,NWJNS,韓国,1884,MALNIM,韓国,3340,NEON,韓国,0,,-
PENDUAL,Night sky,0,,-,1113,YSK,韓国,1851,WDG*,韓国,2959,DON*,韓国,0,,-
PENDUAL,No Tears,0,,-,1167,CTPLT*,韓国,2026,68MA,韓国,2557,NEON,韓国,0,,-
PENDUAL,PENDUAL TALISMAN,0,,-,983,MIN,韓国,1582,JMT,韓国,2625,NEON,韓国,0,,-
PENDUAL,Rave*it!! Rave*it!!,0,,-,916,XUEHUA,韓国,1652,PXERO,韓国,3303,KKM*,韓国,0,,-
PENDUAL,Realize Maze,0,,-,1112,ZAHLEN,韓国,2067,DON*X1,韓国,2998,KKM*,韓国,0,,-
PENDUAL,Reflux,0,,-,632,044APD,韓国,1528,CTPLT*,韓国,3103,DON*,韓国,0,,-
PENDUAL,Sakura Mirage,0,,-,971,-TIC-,韓国,1332,68MA,韓国,2372,CHEPY.,韓国,0,,-
PENDUAL,SAMSARA,0,,-,813,?TRAIT,韓国,1436,FA03,韓国,2058,NEON,韓国,0,,-
PENDUAL,Say YEEEAHH,0,,-,1176,DON*X1,韓国,1709,K.H.B,韓国,3332,KKM*,韓国,0,,-
PENDUAL,Scarlet Moon,0,,-,932,P.ITUP,韓国,1964,DORO,韓国,2765,CHARM,韓国,0,,-
PENDUAL,Scars of FAUNA,0,,-,746,STABOW,韓国,1633,SATURN,韓国,2943,KKM*,韓国,0,,-
PENDUAL,Shooting Fireball,0,,-,935,KRVIZE,韓国,2252,TERU,韓国,3945,KKM*,韓国,0,,-
PENDUAL,Sounds Of Summer,0,,-,1182,KISCAR,韓国,2091,COZY*,韓国,3020,KKM*,韓国,0,,-
PENDUAL,SpaceLand☆TOYBOX,0,,-,1055,KRVIZE,韓国,1711,HIHU,韓国,2992,KKM*,韓国,0,,-
PENDUAL,Sweet Radar,0,,-,648,-TIC-,韓国,1318,JMT,韓国,2039,CHEPY.,韓国,0,,-
PENDUAL,Symmetry,0,,-,1100,MIN,韓国,2105,WDG*,韓国,3310,DON*,韓国,0,,-
PENDUAL,TA・DA ☆ YO・SHI,0,,-,1010,NWJNS,韓国,1511,BEAN*,韓国,2343,CHARM,韓国,0,,-
PENDUAL,The Least 100sec,0,,-,724,MIN,韓国,1429,CTPLT*,韓国,2984,KKM*,韓国,0,,-
PENDUAL,TIEFSEE,0,,-,1113,H.BEE,韓国,2046,UM,韓国,3502,KKM*,韓国,0,,-
PENDUAL,TOXIC VIBRATION,0,,-,1532,KRVIZE,韓国,2395,CYLON,韓国,3841,KKM*,韓国,0,,-
PENDUAL,Vulkan,0,,-,962,?TRAIT,韓国,1899,LLLILL,韓国,3022,CHEPY.,韓国,0,,-
PENDUAL,We're so Happy (P*Light Remix) IIDX ver.,0,,-,1008,JIUK,韓国,2268,EUN,韓国,3767,KKM*,韓国,0,,-
PENDUAL,ZZ,203,DON*X1,韓国,1306,OYAYUB,韓国,2017,EUN,韓国,3074,KKM*,韓国,0,,-
PENDUAL,それは花火のような恋,689,HYONI,韓国,1254,HYONI,韓国,2523,EUN,韓国,3925,KKM*,韓国,0,,-
PENDUAL,とろぴかる倶楽部,0,,-,682,NWJNS,韓国,1382,68MA,韓国,2307,DON*,韓国,0,,-
PENDUAL,ぷろぐれっしぶ時空少女！うらしまたろ子ちゃん！,0,,-,800,NWJNS,韓国,1431,68MA,韓国,2565,NEON,韓国,0,,-
PENDUAL,もっと！モット！ときめき feat. 松下,0,,-,1362,OYAYUB,韓国,2015,68MA,韓国,2795,KKM*,韓国,0,,-
PENDUAL,ドッキン☆サマーあばんちゅーる,0,,-,975,JKH,韓国,1662,K.H.B,韓国,2887,KKM*,韓国,0,,-
PENDUAL,パ→ピ→プ→Yeah!,353,-TIC-,韓国,1004,-TIC-,韓国,1576,LMNO,韓国,2558,DON*,韓国,0,,-
PENDUAL,ベィスドロップ・フリークス,0,,-,539,A440,韓国,1285,FA03,韓国,2264,CHARM,韓国,2507,KKM*,韓国
PENDUAL,リリーゼと炎龍レーヴァテイン,0,,-,984,LUZE,韓国,2271,EUN,韓国,3531,KKM*,韓国,0,,-
PENDUAL,共鳴遊戯の華,0,,-,1283,KRVIZE,韓国,2310,ROOKIE,韓国,3982,KKM*,韓国,0,,-
PENDUAL,十六夜セツナ,0,,-,967,SEA,韓国,1621,FA03,韓国,2261,CHARM,韓国,0,,-
PENDUAL,千年ノ理,0,,-,1113,LYBICY,韓国,1968,BEAN*,韓国,3205,KKM*,韓国,4346,KKM*,韓国
PENDUAL,取り残された美術(Arranged:HiZuMi),252,DON*X1,韓国,867,KIPPIE,韓国,1747,FA03,韓国,2221,DON*,韓国,0,,-
PENDUAL,夏色DIARY - L.E.D.-G STYLE MIX -,0,,-,906,KISCAR,韓国,1927,EUN,韓国,3133,.,韓国,0,,-
PENDUAL,妖隠し -あやかしかくし-,0,,-,848,MCFIX*,韓国,1583,TINA,韓国,2203,DON*,韓国,0,,-
PENDUAL,少年は空を辿る,0,,-,1169,KRVIZE,韓国,2043,EUN,韓国,3411,KKM*,韓国,0,,-
PENDUAL,恋は白帯、サンシロー,0,,-,633,044APD,韓国,1299,FA03,韓国,2038,CHEPY.,韓国,2787,NEON,韓国
PENDUAL,打打打打打打打打打打,195,DON*X1,韓国,750,JIUK,韓国,1280,JMT,韓国,2677,DON*,韓国,0,,-
PENDUAL,時空トラベローグ,0,,-,890,NWJNS,韓国,1812,DUDE,韓国,2746,KKM*,韓国,0,,-
PENDUAL,白露の風,0,,-,423,NAPOPS,韓国,1222,68MA,韓国,2030,CHARM,韓国,0,,-
PENDUAL,紅牡丹,468,-TIC-,韓国,1064,E.K.2.,韓国,1838,BEAN*,韓国,2882,UTSUHO,韓国,0,,-
PENDUAL,表裏一体！？怪盗いいんちょの悩み,0,,-,1096,HYONI,韓国,2174,EUN,韓国,3602,NEON,韓国,4583,KKM*,韓国
PENDUAL,超青少年ノ為ノ超多幸ナ超古典的超舞曲,0,,-,986,YSK,韓国,2029,.HWA,韓国,2699,FAFNIR,韓国,4196,KKM*,韓国
PENDUAL,鬼天,0,,-,967,KRVIZE,韓国,1578,68MA,韓国,2514,UTSUHO,韓国,0,,-
PENDUAL,Ｘ↑Ｘ↓,0,,-,922,OYAYUB,韓国,1721,68MA,韓国,2963,DON*,韓国,0,,-
copula,199024club -Re:BounceKiller-,0,,-,664,ENVY*,韓国,1677,SIGSIG,韓国,2485,KKM*,韓国,0,,-
copula,Acid Pumper,0,,-,676,-TIC-,韓国,1594,WDG*,韓国,2515,KKM*,韓国,0,,-
copula,Angelic Jelly,0,,-,1104,KRVIZE,韓国,1981,JMT,韓国,2805,DON*,韓国,0,,-
copula,AO-1,0,,-,1166,KRVIZE,韓国,1928,T-MAN,韓国,2855,KKM*,韓国,0,,-
copula,Arcana,0,,-,1192,OYAYUB,韓国,1707,DON*X1,韓国,2293,KKM*,韓国,0,,-
copula,Aublia,0,,-,916,KRVIZE,韓国,1420,WENDY,韓国,2564,DORO,韓国,0,,-
copula,Battle Train -IIDX Edition-,0,,-,825,KRVIZE,韓国,2512,EUN,韓国,3344,DON*,韓国,0,,-
copula,Blue Spring Express,0,,-,1125,ROWDU,韓国,1980,IIDX23,韓国,3378,KKM*,韓国,0,,-
copula,Central Station,0,,-,995,ENVY*,韓国,1570,FA03,韓国,2439,.,韓国,0,,-
copula,chaos eater -IIDX edition-,0,,-,1130,KRVIZE,韓国,1713,IIDX33,韓国,2644,CHLOE,韓国,0,,-
copula,CODE:1 [revision1.0.1],0,,-,921,SOHEE,韓国,1701,WIND*,韓国,3160,KKM*,韓国,0,,-
copula,Daily Lunch Special,0,,-,1050,-TIC-,韓国,2106,MKP-04,韓国,2982,DON*,韓国,0,,-
copula,Damage Per Second,0,,-,834,KRVIZE,韓国,1421,FA03,韓国,2043,CHLOE,韓国,2297,NEON,韓国
copula,Derelict Star feat. Ryu*,0,,-,1335,KRVIZE,韓国,1840,MKP-04,韓国,2661,CHLOE,韓国,0,,-
copula,Devil's Gear,0,,-,1013,MIN,韓国,2226,CLST,韓国,3536,KKM*,韓国,0,,-
copula,DIAMOND CROSSING,0,,-,934,TIST,韓国,1798,WDG*,韓国,3152,KKM*,韓国,0,,-
copula,do the thing feat. Kanae Asaba,0,,-,585,KRVIZE,韓国,1513,FA03,韓国,2324,ALIEN,韓国,0,,-
copula,Donkey Donk,0,,-,1170,KRVIZE,韓国,1648,NOT2D,韓国,2298,NEON,韓国,0,,-
copula,Dynamite,538,MIN,韓国,1161,IMARI,韓国,2446,WEL?CH,韓国,3881,NEON,韓国,0,,-
copula,Everlasting Last,0,,-,804,KRVIZE,韓国,1616,EUN,韓国,2233,CHLOE,韓国,0,,-
copula,Exchange Place,0,,-,730,-TIC-,韓国,1238,YS*DAD,韓国,1800,CHLOE,韓国,0,,-
copula,GENERATE feat.綾倉盟,0,,-,1076,KRVIZE,韓国,1678,K.H.B,韓国,2361,FAFNIR,韓国,0,,-
copula,Go Faraway,0,,-,807,NASUS?,韓国,1455,FA03,韓国,2512,DON*,韓国,0,,-
copula,GOBBLE,0,,-,465,-TIC-,韓国,692,YS*DAD,韓国,1725,LICHT,韓国,0,,-
copula,Godspeed,0,,-,1041,KRVIZE,韓国,1920,FEFEMZ,韓国,3244,KKM*,韓国,0,,-
copula,Grand Chariot,0,,-,1138,JONGCO,韓国,1863,BRHD,韓国,3529,KKM*,韓国,0,,-
copula,Highcharge Divolt,0,,-,821,ENGAWA,韓国,1726,MKP-04,韓国,2830,KKM*,韓国,0,,-
copula,Inner Spirit,0,,-,835,MIN,韓国,1815,HIHU,韓国,2862,CHLOE,韓国,0,,-
copula,Journey,0,,-,670,-TIC-,韓国,1258,FA03,韓国,1888,CHLOE,韓国,3162,UTSUHO,韓国
copula,Konzert V,0,,-,1223,-TIC-,韓国,2191,KOTOKO,韓国,3397,KKM*,韓国,0,,-
copula,La dolce primavera,0,,-,657,KRVIZE,韓国,1396,FA03,韓国,2185,DON*,韓国,0,,-
copula,M4K3 1T B0UNC3,0,,-,1345,ENGAWA,韓国,2054,CTPLT*,韓国,3064,KKM*,韓国,0,,-
copula,Musik LoverZ,0,,-,1019,KRVIZE,韓国,1428,FA03,韓国,2530,DON*,韓国,0,,-
copula,NANAIRO,0,,-,1001,KRVIZE,韓国,1791,68MA,韓国,2595,KKM*,韓国,0,,-
copula,Nightmare before oversleep,0,,-,1153,KRVIZE,韓国,1897,AAAAAA,韓国,2991,KKM*,韓国,0,,-
copula,NINJA IS DEAD IIDX ver.,0,,-,1043,PAN?,韓国,1828,TINA,韓国,3034,CHEPY.,韓国,0,,-
copula,NO LIMIT -オレ達に限界は無い-,0,,-,803,KRVIZE,韓国,1242,FA03,韓国,2291,KKM*,韓国,0,,-
copula,Nowhere,0,,-,802,KRVIZE,韓国,1496,FA03,韓国,2175,CHARM,韓国,0,,-
copula,NZM,0,,-,970,JINMS,韓国,1505,K.H.B,韓国,3544,KKM*,韓国,0,,-
copula,On the FM,0,,-,1043,HIRO,韓国,1593,DON*X1,韓国,2817,DON*,韓国,0,,-
copula,Outbreak,0,,-,1206,A-TAM*,韓国,1776,68MA,韓国,3037,KKM*,韓国,0,,-
copula,POSSESSION,531,OYAYUB,韓国,1344,MAX,韓国,2081,JAGUAR,韓国,3028,KKM*,韓国,0,,-
copula,quick master (reform version),0,,-,160,GEHO,韓国,350,FA03,韓国,523,SIGSIG,韓国,0,,-
copula,refrain,0,,-,1151,.,韓国,2336,WDG*,韓国,3685,CHEPY.,韓国,0,,-
copula,Rock It,0,,-,1099,KRVIZE,韓国,1677,BYERDN,韓国,2974,CHARM,韓国,0,,-
copula,Routing,0,,-,886,MIN,韓国,1572,SH3TP*,韓国,2601,DON*,韓国,0,,-
copula,Sephirot,0,,-,873,JADE,韓国,1644,FA03,韓国,2361,CHLOE,韓国,0,,-
copula,Set U Free feat. Kanae Asaba,0,,-,907,ENVY*,韓国,1594,FA03,韓国,2546,LICHT,韓国,0,,-
copula,SHELTER OF THE MIND,0,,-,1370,KRVIZE,韓国,1967,WDG*,韓国,3070,KKM*,韓国,0,,-
copula,STARLiGHT,0,,-,883,KRVIZE,韓国,1716,CTPLT*,韓国,2746,SIGSIG,韓国,0,,-
copula,STARLIGHT DANCEHALL,0,,-,1159,OHC,韓国,1794,PIGMAN,韓国,2677,NEON,韓国,3403,KKM*,韓国
copula,StrayedCatz,0,,-,983,.,韓国,1914,HYONI,韓国,2943,KKM*,韓国,0,,-
copula,Super Duper Racers,0,,-,897,KRVIZE,韓国,1526,JMT,韓国,2381,NEON,韓国,3699,KKM*,韓国
copula,SURVIVOR,0,,-,695,OYAYUB,韓国,1300,FA03,韓国,2025,CHARM,韓国,0,,-
copula,Tori-no-kimochi,0,,-,260,DON*X1,韓国,1205,YHYUH,韓国,2040,DON*,韓国,0,,-
copula,Triple Counter,0,,-,1394,PXERO,韓国,2190,WIND*,韓国,4007,CHEPY.,韓国,0,,-
copula,Uh-Oh,0,,-,1061,KRVIZE,韓国,1732,GG*,韓国,2444,NEON,韓国,0,,-
copula,Violet Pulse,0,,-,397,-TIC-,韓国,1490,JMT,韓国,2484,DON*,韓国,4173,KKM*,韓国
copula,Violet Rose,0,,-,1170,KRVIZE,韓国,1924,YS*DAD,韓国,2630,CHLOE,韓国,0,,-
copula,Welcome,0,,-,821,MIN,韓国,1745,GUMANH,韓国,2704,DON*,韓国,3378,KKM*,韓国
copula,X,0,,-,1561,JONGCO,韓国,2511,NEON,韓国,3897,CHEPY.,韓国,0,,-
copula,ZEPHYRANTHES,0,,-,898,RUSHI*,韓国,1709,CTPLT*,韓国,2982,DON*,韓国,3937,KKM*,韓国
copula,か・し・ま・し☆PUMP UP！,0,,-,1142,ENVY*,韓国,1619,K.H.B,韓国,2887,CHARM,韓国,0,,-
copula,めいさいアイドル☆あいむちゃん♪,0,,-,1420,KRVIZE,韓国,2310,EUN,韓国,3394,KKM*,韓国,0,,-
copula,オルタネイトβ,0,,-,796,KRVIZE,韓国,1388,EUN,韓国,2269,KKM*,韓国,0,,-
copula,ギョギョっと人魚 爆婚ブライダル,0,,-,755,KRVIZE,韓国,1448,FA03,韓国,2408,KKM*,韓国,0,,-
copula,シュッパツシンコウ・シサカンコ,0,,-,1101,KRVIZE,韓国,1755,JMT,韓国,2465,LICHT,韓国,0,,-
copula,セロトニン,0,,-,1321,OYAYUB,韓国,1579,K.H.B,韓国,2364,.,韓国,0,,-
copula,少女アリスと箱庭幻想コンチェルト,0,,-,746,KRVIZE,韓国,1495,FA03,韓国,2185,NEON,韓国,0,,-
copula,明鏡止水,0,,-,811,KRVIZE,韓国,1689,AJH,韓国,2852,DON*,韓国,0,,-
copula,星屑ディスタンシア,0,,-,601,LINCLE,韓国,1225,FA03,韓国,2134,DON*,韓国,0,,-
copula,朝焼けから始まるボクらの小さな旅,0,,-,932,KRVIZE,韓国,1553,NOT2D,韓国,2562,FAFNIR,韓国,0,,-
copula,灼熱 Pt.2 Long Train Running,597,ENGAWA,韓国,1262,JMT,韓国,2129,EOS*,韓国,3526,KKM*,韓国,0,,-
copula,真 地獄超特急 -HELL or HELL-,0,,-,1375,JMT,韓国,2147,WIND*,韓国,3418,KKM*,韓国,0,,-
copula,紫陽花 -AZISAI-,409,ENGAWA,韓国,1273,EUN,韓国,2178,CHLOE,韓国,2946,CHEPY.,韓国,3514,KKM*,韓国
copula,追想快晴テーマパーク,0,,-,1137,KISCAR,韓国,2087,EUN,韓国,3151,DON*,韓国,0,,-
copula,量子の海のリントヴルム,0,,-,871,OHC,韓国,1751,GYUN,韓国,3015,DON*,韓国,0,,-
copula,駅猫のワルツ,0,,-,1118,KRVIZE,韓国,2034,WDG*,韓国,2957,CHEPY.,韓国,0,,-
copula,麗 ～うらら～,261,DON*X1,韓国,1067,KRVIZE,韓国,1768,BEAN*,韓国,2655,DON*,韓国,0,,-
SINOBUZ,¡Viva!,0,,-,854,?TRAIT,韓国,1531,NOT2D,韓国,2024,CHLOE,韓国,0,,-
SINOBUZ,#MAGiCVLGiRL_TRVP_B3VTZ,0,,-,1145,OYAYUB,韓国,1943,BYERDN,韓国,3453,KKM*,韓国,0,,-
SINOBUZ,(This Is Not) The Angels,0,,-,536,BYEBYE,韓国,1407,GG*,韓国,2710,UTSUHO,韓国,0,,-
SINOBUZ,Amazing Mirage,372,DON*X1,韓国,766,RUSHI*,韓国,1715,WDG*,韓国,2680,DON*,韓国,3341,DON*,韓国
SINOBUZ,AO-∞,0,,-,1098,-TIC-,韓国,1710,PXERO,韓国,2719,CHARM,韓国,0,,-
SINOBUZ,Apocalypse,0,,-,1106,ENGAWA,韓国,2135,WDG*,韓国,3614,KKM*,韓国,0,,-
SINOBUZ,Around The Galaxy,0,,-,1070,KRVIZE,韓国,2109,WDG*,韓国,3425,DON*,韓国,0,,-
SINOBUZ,AsiaN distractive,0,,-,1137,KAZUSA,韓国,1769,DON*X1,韓国,2663,NEON,韓国,0,,-
SINOBUZ,BabeL ～Grand Story～,0,,-,1235,ENVY*,韓国,2107,BRHD,韓国,2840,DON*,韓国,0,,-
SINOBUZ,Be A Star,0,,-,832,044APD,韓国,1775,KANA.,韓国,2820,DON*,韓国,0,,-
SINOBUZ,Beat Juggling Mix,0,,-,829,HARUNA,韓国,1462,#GB,韓国,2259,KKM*,韓国,0,,-
SINOBUZ,Believe in you,0,,-,1097,KRVIZE,韓国,1898,FA03,韓国,2444,NEON,韓国,0,,-
SINOBUZ,Beyond The Seven,0,,-,631,044APD,韓国,1259,NU11,韓国,2746,KKM*,韓国,0,,-
SINOBUZ,BREAK OVER,0,,-,643,$72-.,韓国,1461,J114N.,韓国,2407,DON*,韓国,0,,-
SINOBUZ,Breakin' Chain,0,,-,613,MARISA,韓国,1225,JMT,韓国,2312,SIGSIG,韓国,0,,-
SINOBUZ,BroGamer,0,,-,1357,BYERDN,韓国,2150,CLST,韓国,3121,KKM*,韓国,4722,KKM*,韓国
SINOBUZ,Caterpillar,0,,-,1153,KISCAR,韓国,2209,WDG*,韓国,3100,KKM*,韓国,0,,-
SINOBUZ,crew,0,,-,617,68MA,韓国,1755,DON*X1,韓国,2955,DON*,韓国,0,,-
SINOBUZ,Cyber True Color,0,,-,861,HARUNA,韓国,1490,KISCAR,韓国,2390,CHEPY.,韓国,0,,-
SINOBUZ,DORNWALD ～Junge～,0,,-,1285,IIDX28,韓国,2240,BEAN*,韓国,3763,KKM*,韓国,0,,-
SINOBUZ,ECHIDNA,0,,-,1216,ENGAWA,韓国,2078,WIND*,韓国,3507,KKM*,韓国,0,,-
SINOBUZ,Egret and Willow,0,,-,910,YSK,韓国,1633,MKP-04,韓国,2754,NEON,韓国,0,,-
SINOBUZ,elemental bender feat. Kanae Asaba,0,,-,599,KRVIZE,韓国,1194,FA03,韓国,1649,DON*,韓国,0,,-
SINOBUZ,FUZIN RIZIN,0,,-,1111,MIN,韓国,1982,DON*X1,韓国,3837,KKM*,韓国,0,,-
SINOBUZ,Go Ahead!!,0,,-,943,JMT,韓国,1541,BEAN*,韓国,2807,KKM*,韓国,0,,-
SINOBUZ,GuNGNiR,0,,-,1346,NAU*,韓国,2742,UTSUHO,韓国,4100,CHEPY.,韓国,4786,KKM*,韓国
SINOBUZ,HADES,374,MIN,韓国,955,ENGAWA,韓国,1800,CARLY,韓国,3167,DON*,韓国,0,,-
SINOBUZ,HAPPY★RUSH,0,,-,768,KRVIZE,韓国,1791,LIMO,韓国,2964,KKM*,韓国,0,,-
SINOBUZ,Honey Trap,0,,-,807,ENGAWA,韓国,1606,BANANA,韓国,2556,CHARM,韓国,0,,-
SINOBUZ,INVISIBLE STRIX,0,,-,1106,MIN,韓国,2014,EUN,韓国,2639,NEON,韓国,0,,-
SINOBUZ,Lost wing at.0,0,,-,924,OYAYUB,韓国,1374,CYTRUS,韓国,2502,NEON,韓国,0,,-
SINOBUZ,Macuilxochitl,497,-TIC-,韓国,1380,KRVIZE,韓国,2237,MAPLZE,韓国,3352,DON*,韓国,0,,-
SINOBUZ,Magical,0,,-,768,ENVY*,韓国,1178,FA03,韓国,2018,CHARM,韓国,0,,-
SINOBUZ,Mare Nectaris,0,,-,1404,HANYUU,韓国,2141,NEON,韓国,4003,KKM*,韓国,0,,-
SINOBUZ,Modular Technology,0,,-,1150,ENVY*,韓国,1965,WDG*,韓国,2728,KKM*,韓国,0,,-
SINOBUZ,Music is The Answer,0,,-,767,ENGAWA,韓国,1313,JMT,韓国,1922,SIGSIG,韓国,0,,-
SINOBUZ,nostos,0,,-,725,NCS,韓国,1373,CLST,韓国,2681,KKM*,韓国,0,,-
SINOBUZ,OOO,0,,-,668,MIN,韓国,1466,DON*X1,韓国,2064,ISLQYN,韓国,2671,DON*,韓国
SINOBUZ,OTENAMI Hurricane,0,,-,1258,EUN,韓国,2014,GORDON,韓国,3233,KKM*,韓国,0,,-
SINOBUZ,PAPAYAPA BASS,0,,-,713,NWJNS,韓国,1402,DECOM,韓国,2831,CHLOE,韓国,0,,-
SINOBUZ,Piano Samurai,0,,-,682,PLAT39,韓国,1523,TSE.,韓国,2526,DON*,韓国,0,,-
SINOBUZ,Quakes,0,,-,1090,ENVY*,韓国,2085,MAPLZE,韓国,3272,KKM*,韓国,0,,-
SINOBUZ,RAIN,0,,-,1107,OHC,韓国,1816,WDG*,韓国,3297,CHEPY.,韓国,0,,-
SINOBUZ,Rave Cannon,0,,-,1013,KRVIZE,韓国,1701,K.H.B,韓国,3391,DON*,韓国,0,,-
SINOBUZ,Remedy feat. Kanae Asaba,0,,-,846,?TRAIT,韓国,1559,JMT,韓国,2213,LICHT,韓国,0,,-
SINOBUZ,ROTTERDAM SHOGUN,522,-TIC-,韓国,962,1115,韓国,1774,HIHU,韓国,2589,KKM*,韓国,0,,-
SINOBUZ,SAMURAI-Scramble,0,,-,913,NWJNS,韓国,1696,WDG*,韓国,2453,KKM*,韓国,3003,KKM*,韓国
SINOBUZ,Sarutobi Champion is 拙者,0,,-,915,YSK,韓国,1288,HPSKSR,韓国,2257,FAFNIR,韓国,0,,-
SINOBUZ,SAY BAY,0,,-,807,ENGAWA,韓国,1508,DON*X1,韓国,2895,KKM*,韓国,0,,-
SINOBUZ,Seaside Labyrinth,0,,-,612,SUBARU,韓国,1280,FA03,韓国,1891,CHLOE,韓国,0,,-
SINOBUZ,Selfish Sweet,0,,-,612,-TIC-,韓国,963,FA03,韓国,1735,CHARM,韓国,2716,DON*,韓国
SINOBUZ,SEQUENCE CAT,0,,-,932,PRMRTE,韓国,2176,EUN,韓国,2878,DON*,韓国,0,,-
SINOBUZ,shuriken,0,,-,742,KRVIZE,韓国,1120,FA03,韓国,2579,CHEPY.,韓国,0,,-
SINOBUZ,SINOBUZ Fantasy,0,,-,920,?TRAIT,韓国,1654,HIHU,韓国,2453,UTSUHO,韓国,0,,-
SINOBUZ,Sky High,426,ENGAWA,韓国,1144,-TIC-,韓国,2327,MAPLZE,韓国,3853,DON*,韓国,0,,-
SINOBUZ,Snakey Kung-fu,0,,-,1071,GORGUG,韓国,2188,WDG*,韓国,3488,KKM*,韓国,0,,-
SINOBUZ,Steel Edge,0,,-,873,KRVIZE,韓国,1457,JMT,韓国,3201,NEON,韓国,0,,-
SINOBUZ,Summerlights(IIDX Edition),0,,-,1108,REZE,韓国,1848,DON*X1,韓国,3152,KKM*,韓国,0,,-
SINOBUZ,Super Rush,0,,-,1004,-TIC-,韓国,1864,BEAN*,韓国,3572,KKM*,韓国,0,,-
SINOBUZ,Surf on the Light,0,,-,693,HARUNA,韓国,1484,FA03,韓国,2296,KKM*,韓国,0,,-
SINOBUZ,The Commanders,0,,-,947,BYERDN,韓国,1412,JOGA,韓国,2447,SIGSIG,韓国,0,,-
SINOBUZ,TOGAKUSHI,0,,-,988,MIN,韓国,1885,EUN,韓国,2675,KKM*,韓国,0,,-
SINOBUZ,Umbral,0,,-,587,-TIC-,韓国,1406,FA03,韓国,1931,DON*,韓国,3121,KKM*,韓国
SINOBUZ,Venom,0,,-,1297,OYAYUB,韓国,2134,EUN,韓国,3223,NEON,韓国,0,,-
SINOBUZ,Vermilion,0,,-,814,KEIRIN,韓国,1353,FA03,韓国,2062,FAFNIR,韓国,0,,-
SINOBUZ,Warrior,0,,-,717,AIM7,韓国,1760,PXERO,韓国,2505,CHARM,韓国,0,,-
SINOBUZ,XINOBIKILL,0,,-,988,OYAYUB,韓国,1696,.HWA,韓国,2928,DON*,韓国,0,,-
SINOBUZ,yamabiko (SINOBUZ Edition),0,,-,874,HARUNA,韓国,1585,EUN,韓国,2674,NEON,韓国,0,,-
SINOBUZ,Yellow Sketch(RX-Ver.S.P.L.),0,,-,721,MIN,韓国,1743,CTPLT*,韓国,2919,NEON,韓国,0,,-
SINOBUZ,〆,0,,-,1170,PLANA*,韓国,2312,DON*X1,韓国,3732,KKM*,韓国,0,,-
SINOBUZ,ちらちら・はらはら,0,,-,395,-TIC-,韓国,938,FA03,韓国,1428,7TSUHI,韓国,0,,-
SINOBUZ,イザナミノナゲキ,0,,-,1170,HYONI,韓国,1900,HYONI,韓国,3301,UTSUHO,韓国,0,,-
SINOBUZ,ディッシュウォッシャー◎彡おいわちゃん,0,,-,666,-TIC-,韓国,1309,JMT,韓国,2531,KKM*,韓国,0,,-
SINOBUZ,九尾狐夜行,0,,-,551,PHANT2,韓国,1754,HIHU,韓国,3011,KKM*,韓国,0,,-
SINOBUZ,冬椿 ft. Kanae Asaba,260,DON*X1,韓国,898,KRVIZE,韓国,1250,FA03,韓国,2287,CHARM,韓国,3068,DON*,韓国
SINOBUZ,刃図羅,0,,-,1242,UTSUHO,韓国,2051,WOONG,韓国,3447,UTSUHO,韓国,0,,-
SINOBUZ,忍恋花,0,,-,968,ENGAWA,韓国,1554,K.H.B,韓国,2265,NEON,韓国,0,,-
SINOBUZ,恋はどう？モロ◎波動OK☆方程式!!,0,,-,903,JJEMIN,韓国,1486,NUGON,韓国,2487,DON*,韓国,0,,-
SINOBUZ,月雪に舞う華のように,0,,-,609,RUKA,韓国,1312,FA03,韓国,2139,CHLOE,韓国,0,,-
SINOBUZ,次葉 -turn the page-,0,,-,676,MILU-,韓国,1390,PXERO,韓国,1999,CHLOE,韓国,0,,-
SINOBUZ,津軽雪,0,,-,1538,EUN,韓国,2224,UBEATS,韓国,3896,KKM*,韓国,0,,-
SINOBUZ,火影,0,,-,699,ENGAWA,韓国,1395,PARFUM,韓国,2840,KKM*,韓国,0,,-
SINOBUZ,焔極OVERKILL,0,,-,997,RKDMF,韓国,2085,EUN,韓国,3731,KKM*,韓国,0,,-
SINOBUZ,獅子霞麗ノ舞,0,,-,445,NULL,韓国,1089,FA03,韓国,1739,.,韓国,0,,-
SINOBUZ,禍根,0,,-,807,OYAYUB,韓国,1311,CTPLT*,韓国,2641,DON*,韓国,0,,-
SINOBUZ,童話回廊,0,,-,912,HYONI,韓国,1713,TINA,韓国,3162,CHEPY.,韓国,0,,-
SINOBUZ,鴉,0,,-,1457,SATURN,韓国,2200,86,韓国,2706,NEON,韓国,0,,-
CANNON BALLERS,1001 -ESCAPE-,0,,-,877,DDRR07,韓国,1701,FA03,韓国,2652,DON*,韓国,0,,-
CANNON BALLERS,255,0,,-,853,MIN,韓国,1557,LUZE,韓国,3321,CHEPY.,韓国,0,,-
CANNON BALLERS,AA -rebuild-,0,,-,1205,KRVIZE,韓国,2407,WDG*,韓国,3629,KKM*,韓国,0,,-
CANNON BALLERS,Abraxas,0,,-,712,HARUNA,韓国,1603,WDG*,韓国,2468,DON*,韓国,0,,-
CANNON BALLERS,ACCELERATE,0,,-,1111,-TIC-,韓国,1764,WDG*,韓国,2517,CHLOE,韓国,0,,-
CANNON BALLERS,Alpheratz,0,,-,417,-TIC-,韓国,914,YSM*,韓国,2096,DON*,韓国,2932,KKM*,韓国
CANNON BALLERS,Amor De Verao,0,,-,734,MIN,韓国,1335,KRVIZE,韓国,2362,CHLOE,韓国,0,,-
CANNON BALLERS,ANAGMA,0,,-,941,KRVIZE,韓国,1795,WDG*,韓国,2666,DON*,韓国,0,,-
CANNON BALLERS,ANCHOR,0,,-,1253,YSK,韓国,2466,GUMANH,韓国,3644,CHEPY.,韓国,0,,-
CANNON BALLERS,Antigravity,0,,-,985,ENGAWA,韓国,1863,DORO.,韓国,3137,KKM*,韓国,0,,-
CANNON BALLERS,Arca,0,,-,888,ENGAWA,韓国,1813,HYONI,韓国,3185,DON*,韓国,0,,-
CANNON BALLERS,Around the Future,0,,-,1034,ENGAWA,韓国,1552,P.KUN*,韓国,2647,DON*,韓国,0,,-
CANNON BALLERS,Back Spin Sweeper,0,,-,734,UP.TNB,韓国,1274,UK.2,韓国,2303,CHARM,韓国,0,,-
CANNON BALLERS,Battleground,0,,-,1115,-TIC-,韓国,1792,WONTIK,韓国,2713,DON*,韓国,0,,-
CANNON BALLERS,Be a Hero!,0,,-,726,?TRAIT,韓国,1865,HW-,韓国,3141,CHARM,韓国,0,,-
CANNON BALLERS,Best of Me,0,,-,698,044APD,韓国,1546,68MA,韓国,2239,CHLOE,韓国,0,,-
CANNON BALLERS,Boomy and The Boost,407,ENVY*,韓国,923,HARUNA,韓国,2051,WDG*,韓国,3629,KKM*,韓国,0,,-
CANNON BALLERS,Break Stasis,0,,-,1240,NWJNS,韓国,1894,PXERO,韓国,2532,GEHO,韓国,0,,-
CANNON BALLERS,ChaserXX,0,,-,1015,ENGAWA,韓国,1867,WDG*,韓国,2889,DON*,韓国,3930,CHEPY.,韓国
CANNON BALLERS,Chemical Cookie,0,,-,755,KEIRIN,韓国,1432,WDG*,韓国,2150,CHARM,韓国,0,,-
CANNON BALLERS,City Never Sleeps (IIDX Edition),0,,-,1219,BM**,韓国,1903,WDG*,韓国,2682,FAFNIR,韓国,0,,-
CANNON BALLERS,COSMIC☆WONDER☆REVOLUTION,0,,-,673,044APD,韓国,1356,JMT,韓国,2097,CHARM,韓国,0,,-
CANNON BALLERS,DEADHEAT,0,,-,1168,SILEN,韓国,2110,KKM*,韓国,3407,KKM*,韓国,0,,-
CANNON BALLERS,DEATH†ZIGOQ ～怒りの高速爆走野郎～,0,,-,1314,JMT,韓国,2460,BEAN*,韓国,4061,.,韓国,4880,KKM*,韓国
CANNON BALLERS,DropZ-Line-,0,,-,1272,KRVIZE,韓国,2093,MOL?RU,韓国,3256,CHEPY.,韓国,0,,-
CANNON BALLERS,Eine Haube ～聖地の果てにあるもの～,0,,-,939,ENGAWA,韓国,1433,NOGUN2,韓国,2614,DON*,韓国,0,,-
CANNON BALLERS,EMERALDAS,506,-TIC-,韓国,1346,JMT,韓国,2453,CHLOE,韓国,3629,KKM*,韓国,0,,-
CANNON BALLERS,encounter,0,,-,891,KRVIZE,韓国,1689,CTPLT*,韓国,3333,NEON,韓国,0,,-
CANNON BALLERS,Exhaust Hype,0,,-,966,KRVIZE,韓国,1871,HIHU,韓国,2829,CHLOE,韓国,0,,-
CANNON BALLERS,Expanded !!,0,,-,660,KRVIZE,韓国,1541,CLST,韓国,2640,CHARM,韓国,0,,-
CANNON BALLERS,Fervidex,0,,-,806,ENVY*,韓国,1793,CLST,韓国,2720,NEON,韓国,0,,-
CANNON BALLERS,FREEDOM,0,,-,789,044APD,韓国,1712,DON*X1,韓国,2947,NEON,韓国,0,,-
CANNON BALLERS,From Time To Time,0,,-,703,044APD,韓国,1892,68MA,韓国,2572,DON*,韓国,0,,-
CANNON BALLERS,FUTURE is Dead,0,,-,852,ENVY*,韓国,1384,KRVIZE,韓国,2268,NEON,韓国,0,,-
CANNON BALLERS,Get Up! feat. Kanae Asaba,0,,-,556,-TIC-,韓国,1108,JMT,韓国,1920,CHLOE,韓国,0,,-
CANNON BALLERS,HAT TRICK,0,,-,629,SSAP,韓国,1440,EUN,韓国,2228,KKM*,韓国,0,,-
CANNON BALLERS,Hella Deep,0,,-,604,MIN,韓国,1038,FA03,韓国,1904,KKM*,韓国,0,,-
CANNON BALLERS,HYPE THE CORE,0,,-,1051,YSK,韓国,1983,SMILE3,韓国,3054,KKM*,韓国,0,,-
CANNON BALLERS,I Love You,0,,-,1026,ENGAWA,韓国,1722,FELIS,韓国,2758,KKM*,韓国,0,,-
CANNON BALLERS,Illusionary Waterlily,0,,-,1201,ENGAWA,韓国,2144,EUN,韓国,3564,CHEPY.,韓国,0,,-
CANNON BALLERS,Initiation,633,ENGAWA,韓国,1400,ENGAWA,韓国,2477,WDG*,韓国,4018,KKM*,韓国,0,,-
CANNON BALLERS,"Life Is A Game ft.DD""ナカタ""Metal",0,,-,1187,MIN,韓国,1922,BEAN*,韓国,3517,KKM*,韓国,0,,-
CANNON BALLERS,LUV DRIVE,0,,-,641,MARISA,韓国,1285,KRVIZE,韓国,2145,CHARM,韓国,0,,-
CANNON BALLERS,MAXIVCORD,0,,-,719,ZIEL,韓国,1299,TSOUND,韓国,2497,KKM*,韓国,0,,-
CANNON BALLERS,Midnight Lady,0,,-,519,TIST,韓国,1020,HARUNA,韓国,1954,NEON,韓国,0,,-
CANNON BALLERS,n'pa pa BBQ,0,,-,886,ITZSEU,韓国,1746,WDG*,韓国,2795,CHLOE,韓国,0,,-
CANNON BALLERS,NITROUS CANNON,0,,-,1341,KRVIZE,韓国,2007,FEFEMZ,韓国,3708,KKM*,韓国,0,,-
CANNON BALLERS,No Limit 2 dAnce feat. 大山愛未,0,,-,951,ENGAWA,韓国,1491,KRVIZE,韓国,2359,DON*,韓国,0,,-
CANNON BALLERS,Nothing but Theory,0,,-,976,?TRAIT,韓国,1589,DON*X1,韓国,2869,DON*,韓国,3769,KKM*,韓国
CANNON BALLERS,O/D*20,0,,-,1022,KIPPIE,韓国,1669,WDG*,韓国,2138,CHARM,韓国,3938,KKM*,韓国
CANNON BALLERS,Only for now,0,,-,889,ENGAWA,韓国,1563,FA03,韓国,2267,LICHT,韓国,0,,-
CANNON BALLERS,Papilio ulysses,0,,-,1113,P.,韓国,2107,FA03,韓国,2976,KKM*,韓国,0,,-
CANNON BALLERS,Persephone,0,,-,1217,MIN,韓国,1954,WDG*,韓国,3052,KKM*,韓国,0,,-
CANNON BALLERS,Rampage,0,,-,1268,BYERDN,韓国,2405,ICHIKA,韓国,3646,KKM*,韓国,0,,-
CANNON BALLERS,Raspberry Railgun,0,,-,1312,KRVIZE,韓国,2225,EUN,韓国,3191,DON*,韓国,0,,-
CANNON BALLERS,REVOLVER,0,,-,855,MORTIS,韓国,1620,ZEN,韓国,2794,DON*,韓国,3405,KKM*,韓国
CANNON BALLERS,Sleepless days,0,,-,507,L-SRFM,韓国,872,-TIC-,韓国,1576,7TSUHI,韓国,0,,-
CANNON BALLERS,Slipstream,0,,-,942,?TRAIT,韓国,1944,DORO.,韓国,3617,KKM*,韓国,0,,-
CANNON BALLERS,SPEED DEMON,0,,-,696,NWJNS,韓国,1416,JMT,韓国,2380,KKM*,韓国,0,,-
CANNON BALLERS,STARLIGHT JUNCTION,0,,-,833,RAY,韓国,1538,NEOPHY,韓国,2286,GEHO,韓国,2921,LICHT,韓国
CANNON BALLERS,Static State,0,,-,1020,ENVY*,韓国,1619,RIARA,韓国,2424,DON*,韓国,0,,-
CANNON BALLERS,Temple of Anubis,0,,-,982,ENVY*,韓国,1452,GORGUG,韓国,2681,NEON,韓国,0,,-
CANNON BALLERS,THE CANNONBALLER,473,ENGAWA,韓国,1477,ENGAWA,韓国,2411,WDG*,韓国,3486,KKM*,韓国,0,,-
CANNON BALLERS,The Chase,0,,-,582,NWJNS,韓国,1351,K,韓国,2270,KKM*,韓国,0,,-
CANNON BALLERS,UMMU,409,-TIC-,韓国,1080,NWJNS,韓国,2081,MAPLZE,韓国,3153,KKM*,韓国,0,,-
CANNON BALLERS,Usual Days-remix,0,,-,953,HARUNA,韓国,1472,FA03,韓国,2724,DON*,韓国,0,,-
CANNON BALLERS,Xperanza,520,BH,韓国,1344,VENTI,韓国,2428,WDG*,韓国,3252,KKM*,韓国,0,,-
CANNON BALLERS,うさ☆かめ 大戦争！,0,,-,766,HAKAN8,韓国,1580,PXERO,韓国,2543,DON*,韓国,0,,-
CANNON BALLERS,エディブルフラワーの独白,0,,-,734,NULL,韓国,1556,FA03,韓国,2211,DORO,韓国,0,,-
CANNON BALLERS,シムルグの目醒め,0,,-,1351,TINA,韓国,2290,EUN,韓国,3621,KKM*,韓国,0,,-
CANNON BALLERS,ナイトシティー・アヴァンチュール,0,,-,830,LEE,韓国,1459,JMT,韓国,2094,FAFNIR,韓国,0,,-
CANNON BALLERS,ハイ*ビスカス ft. Kanae Asaba,0,,-,761,HARUNA,韓国,1540,EUN,韓国,2455,KKM*,韓国,0,,-
CANNON BALLERS,バ→ビ→ブ→Bomb!,0,,-,815,-TIC-,韓国,1623,!?!???,韓国,2575,CHARM,韓国,0,,-
CANNON BALLERS,バスルーム ロマンス,0,,-,961,CTPLT*,韓国,1469,FA03,韓国,2443,CHARM,韓国,0,,-
CANNON BALLERS,パラドキシカル・タイムリープトライアル(Short Ver.),0,,-,817,Y00000,韓国,1890,BOUDOU,韓国,2815,NEON,韓国,0,,-
CANNON BALLERS,ラストセンチュリーメランコリック,0,,-,821,ENGAWA,韓国,1507,NUGON,韓国,2196,F,韓国,0,,-
CANNON BALLERS,共犯ヘヴンズコード,0,,-,470,-TIC-,韓国,1049,WONIE,韓国,2248,SIGSIG,韓国,0,,-
CANNON BALLERS,命の標本,0,,-,722,ENGAWA,韓国,1533,WONTIK,韓国,2695,CHARM,韓国,0,,-
CANNON BALLERS,東京神話,449,-TIC-,韓国,994,-TIC-,韓国,1679,GYUN,韓国,2948,CHEPY.,韓国,0,,-
CANNON BALLERS,神謳 -RESONANCE-,0,,-,1366,CTPLT*,韓国,2468,EUN,韓国,4072,KKM*,韓国,0,,-
CANNON BALLERS,純真可憐デザイア,249,DON*X1,韓国,780,NANGGU,韓国,1626,FA03,韓国,2341,UTSUHO,韓国,2981,CHARM,韓国
CANNON BALLERS,草原の王女-軌跡を辿って-,0,,-,683,-TIC-,韓国,1235,FA03,韓国,2335,KKM*,韓国,0,,-
Rootage,& Intelligence,0,,-,1012,?TRAIT,韓国,2025,WONTIK,韓国,3215,CHARM,韓国,0,,-
Rootage,50th Memorial Songs -Beginning Story-,316,-TIC-,韓国,718,HARUNA,韓国,1533,JMT,韓国,2708,SIGSIG,韓国,0,,-
Rootage,50th Memorial Songs -Flagship medley-,358,-TIC-,韓国,918,ENGAWA,韓国,1340,XCHETO,韓国,2284,7TSUHI,韓国,0,,-
Rootage,50th Memorial Songs -The BEMANI History-,534,ENGAWA,韓国,847,LINCLE,韓国,1605,68MA,韓国,2680,CHEPY.,韓国,0,,-
Rootage,50th Memorial Songs -二人の時 ～under the cherry blossoms～-,552,ENGAWA,韓国,1211,ENVY*,韓国,1573,CTPLT*,韓国,2617,NEON,韓国,0,,-
Rootage,Afterimage d'automne,0,,-,968,-TIC-,韓国,1615,CTPLT*,韓国,2911,DON*,韓国,0,,-
Rootage,BLACK JACKAL,0,,-,806,ENVY*,韓国,1601,FA03,韓国,2357,CHARM,韓国,0,,-
Rootage,BLO§OM,0,,-,980,?TRAIT,韓国,1631,DON*X1,韓国,2564,DON*,韓国,0,,-
Rootage,Carmina,488,-TIC-,韓国,1080,HARUNA,韓国,2406,CYTRUS,韓国,3939,KKM*,韓国,0,,-
Rootage,Carry Me Away,495,-TIC-,韓国,1100,ENGAWA,韓国,1745,TINA,韓国,3213,CHEPY.,韓国,0,,-
Rootage,Catch Our Fire!,0,,-,1358,OYAYUB,韓国,2216,AEL*,韓国,3742,NEON,韓国,0,,-
Rootage,CODE:0,0,,-,1337,MIN,韓国,2037,JMT,韓国,2896,DON*,韓国,3575,KKM*,韓国
Rootage,CoMAAAAAAA,0,,-,1199,ENGAWA,韓国,1989,NOT2D,韓国,2414,CHARM,韓国,3901,KKM*,韓国
Rootage,COSMIC CYBER,0,,-,1021,CTPLT*,韓国,1715,GEHO,韓国,2931,NEON,韓国,0,,-
Rootage,Cranberry City ft. Luschel,0,,-,827,ENGAWA,韓国,1579,DON*X1,韓国,2461,DON*,韓国,0,,-
Rootage,dAuntl3ss,0,,-,1035,-TIC-,韓国,1978,WIND*,韓国,3531,KKM*,韓国,0,,-
Rootage,Dr. Chemical & Killing Machine,0,,-,914,RUKA,韓国,1868,WOONG,韓国,3396,KKM*,韓国,0,,-
Rootage,Drastic Dramatic,0,,-,1328,GOTHNK,韓国,2326,KOTOKO,韓国,3519,NEON,韓国,0,,-
Rootage,DRUNK MONKY,0,,-,954,ENGAWA,韓国,1597,WDG*,韓国,2334,KKM*,韓国,0,,-
Rootage,Ember Lights,0,,-,953,ENVY*,韓国,1637,CLST,韓国,2735,DON*,韓国,3155,KKM*,韓国
Rootage,EVANESCENT,0,,-,1110,YSK,韓国,2310,EUN,韓国,3653,DON*,韓国,0,,-
Rootage,Garuda,0,,-,856,NWJNS,韓国,1462,BEAN*,韓国,2618,NEON,韓国,0,,-
Rootage,Geirskögul,0,,-,978,NWJNS,韓国,1525,JMT,韓国,2250,CHARM,韓国,0,,-
Rootage,GENE,0,,-,1268,EITHER,韓国,1986,NEON,韓国,4354,CHEPY.,韓国,3612,DON*,韓国
Rootage,GIGA THRASH,0,,-,1209,KRVIZE,韓国,1750,HIHU,韓国,2767,DON*,韓国,0,,-
Rootage,Glory,0,,-,728,KRVIZE,韓国,1527,KRVIZE,韓国,2354,DON*,韓国,0,,-
Rootage,GO OVER WITH GLARE -ROOTAGE 26-,0,,-,969,NWJNS,韓国,2146,HOON,韓国,3963,UTSUHO,韓国,0,,-
Rootage,HARD BRAIN,0,,-,1317,CTPLT*,韓国,1920,FELIS,韓国,3818,KKM*,韓国,0,,-
Rootage,HEISEI,372,ENGAWA,韓国,1080,ENGAWA,韓国,1879,OXIDE,韓国,2575,KKM*,韓国,0,,-
Rootage,Hurry Hurry,0,,-,721,?TRAIT,韓国,965,YSK,韓国,2089,KKM*,韓国,0,,-
Rootage,IDC feat.REVERBEE (Mo'Cuts Ver),0,,-,1015,JMT,韓国,1500,MKP-04,韓国,2272,KKM*,韓国,0,,-
Rootage,IDOL syndrome.,0,,-,716,CAKE.,韓国,1358,JMT,韓国,2200,UTSUHO,韓国,3054,KKM*,韓国
Rootage,KILL EACH OTHER,0,,-,1335,KRVIZE,韓国,2495,UTSUHO,韓国,3881,KKM*,韓国,0,,-
Rootage,L.F.O,0,,-,843,NWJNS,韓国,1741,GG*,韓国,3351,KKM*,韓国,0,,-
Rootage,LADYBIRD,0,,-,1088,OYAYUB,韓国,1537,FELIS,韓国,2481,CHARM,韓国,0,,-
Rootage,Let me be your cure,0,,-,1069,HARE*,韓国,1388,JMT,韓国,2680,FAFNIR,韓国,0,,-
Rootage,Lethal Weapon,0,,-,1144,-TIC-,韓国,1785,C-PAIN,韓国,3275,KKM*,韓国,0,,-
Rootage,Level One,0,,-,1219,ENGAWA,韓国,2302,SIGSIG,韓国,3691,KKM*,韓国,0,,-
Rootage,Lift Us High,0,,-,842,HARUNA,韓国,1549,AEL*,韓国,2480,CHARM,韓国,0,,-
Rootage,LOST TECHNOLOGIE,0,,-,921,JAMMIN,韓国,1853,DON*X1,韓国,3581,KKM*,韓国,0,,-
Rootage,Macho Monky,0,,-,1411,68MA,韓国,2097,SD,韓国,3117,KKM*,韓国,0,,-
Rootage,Necroxis Girl,0,,-,1068,ENGAWA,韓国,1932,PXERO,韓国,2861,DON*,韓国,0,,-
Rootage,"Next Tales 2 Oath (IIDX 20th Anniv ""Ring"" Theme)",0,,-,820,NWJNS,韓国,1537,SUJEBI,韓国,2766,NEON,韓国,0,,-
Rootage,Night! Night! Night!,0,,-,1155,KISCAR,韓国,1687,K.H.B,韓国,3074,NEON,韓国,0,,-
Rootage,ONIGOROSHI,0,,-,1125,ENGAWA,韓国,2083,68MA,韓国,3041,NEON,韓国,0,,-
Rootage,OVER TIME,0,,-,539,-TIC-,韓国,921,KRVIZE,韓国,1554,CHARM,韓国,2026,DON*,韓国
Rootage,Painful Fate,0,,-,1235,GORGUG,韓国,2202,EUN,韓国,3389,KKM*,韓国,0,,-
Rootage,Playing With Fire,0,,-,948,KRVIZE,韓国,1667,WDG*,韓国,2385,KKM*,韓国,0,,-
Rootage,Psycho Sheep Riddim,0,,-,634,-TIC-,韓国,964,KRVIZE,韓国,1681,CHARM,韓国,2294,KKM*,韓国
Rootage,Red. by Jack Trance,0,,-,1402,ENGAWA,韓国,2133,NOBU,韓国,3680,KKM*,韓国,0,,-
Rootage,REPLAY,0,,-,930,ENGAWA,韓国,1493,JMT,韓国,2273,KKM*,韓国,0,,-
Rootage,ROCK女 feat. 大山愛未， Ken,0,,-,1013,ENGAWA,韓国,1649,ECLAIR,韓国,2832,KKM*,韓国,0,,-
Rootage,ruin of opals,0,,-,894,P.,韓国,1866,#GB,韓国,3236,CHEPY.,韓国,0,,-
Rootage,R∞tAge,533,-TIC-,韓国,1085,CTPLT*,韓国,1666,NOGUN2,韓国,3000,DON*,韓国,0,,-
Rootage,SPEED ROCKER,0,,-,905,ENGAWA,韓国,1594,SUJEBI,韓国,2340,DON*,韓国,0,,-
Rootage,Technicolour Dreams,0,,-,885,NWJNS,韓国,1372,JMT,韓国,2400,F,韓国,0,,-
Rootage,The Best of Both Worlds,0,,-,552,-TIC-,韓国,1391,FA03,韓国,2243,DON*,韓国,0,,-
Rootage,THE DAY OF JUBILATIONS,0,,-,1402,JOGA,韓国,2364,ECHO,韓国,3492,NEON,韓国,0,,-
Rootage,The Rebellion of Sequencer,0,,-,1196,ENGAWA,韓国,1952,WIND*,韓国,3203,KKM*,韓国,0,,-
Rootage,toy boxer,0,,-,667,JIUK,韓国,1408,BEAN*,韓国,2227,.,韓国,0,,-
Rootage,ToyCube Pf.(RX-Ver.S.P.L.),0,,-,724,ENGAWA,韓国,1442,JMT,韓国,2299,CHEPY.,韓国,0,,-
Rootage,Trill auf G,0,,-,1090,JMT,韓国,2042,EUN,韓国,3299,KKM*,韓国,0,,-
Rootage,Twilight Warp,0,,-,932,ENGAWA,韓国,1385,68MA,韓国,2155,SIGSIG,韓国,0,,-
Rootage,Unbelief,0,,-,1065,ENGAWA,韓国,2067,68MA,韓国,3310,CHEPY.,韓国,0,,-
Rootage,UNDERWORLD HOLOGRAPHY,0,,-,1083,ENGAWA,韓国,1960,KANA.,韓国,3264,C,韓国,0,,-
Rootage,Urban Constellations,0,,-,621,HAKAN8,韓国,1369,WONTIK,韓国,2321,KKM*,韓国,3500,KKM*,韓国
Rootage,Visterhv,0,,-,1248,68MA,韓国,2093,FUMARU,韓国,3729,KKM*,韓国,0,,-
Rootage,voltississimo,0,,-,1141,ENGAWA,韓国,2042,MYEUAA,韓国,3742,KKM*,韓国,0,,-
Rootage,Wing of Hearts,0,,-,1107,OYAYUB,韓国,1796,CLST,韓国,2938,CHARM,韓国,0,,-
Rootage,Wolf 1061,0,,-,1007,OYAYUB,韓国,1679,PXERO,韓国,3157,KKM*,韓国,0,,-
Rootage,Wonderland,0,,-,971,MIN,韓国,1857,WDG*,韓国,2769,CHARM,韓国,0,,-
Rootage,X-DEN,0,,-,1603,JMT,韓国,2655,YODAYO,韓国,4295,KKM*,韓国,0,,-
Rootage,XENON II ～TOMOYUKIの野望～,0,,-,1170,OYAYUB,韓国,1638,Y1Y,韓国,3030,DON*,韓国,0,,-
Rootage,Xlo,0,,-,1355,XUEHUA,韓国,2476,LSM,韓国,3875,.,韓国,0,,-
Rootage,Yum Yum Jelly,0,,-,752,?TRAIT,韓国,1474,K.H.B,韓国,2391,NEON,韓国,0,,-
Rootage,ZENDEGI DANCE,0,,-,1065,MKN-**,韓国,1815,WDG*,韓国,2778,DON*,韓国,0,,-
Rootage,おーまい！らぶりー！すうぃーてぃ！だーりん！,0,,-,1015,-TIC-,韓国,1951,UBEATS,韓国,2943,LICHT,韓国,0,,-
Rootage,お菓子の王国,0,,-,1375,KRVIZE,韓国,2234,WDG*,韓国,4163,KKM*,韓国,0,,-
Rootage,グラナダの風,0,,-,780,ENGAWA,韓国,1218,PXERO,韓国,1887,DON*,韓国,0,,-
Rootage,セカンドピアス,0,,-,574,-TIC-,韓国,1004,B1NK*,韓国,2024,CHLOE,韓国,0,,-
Rootage,ハードベース・フェスタ,0,,-,1035,MIN,韓国,1703,WONTIK,韓国,2884,DON*,韓国,0,,-
Rootage,ミストレス・アンに花束を,0,,-,555,ENVY*,韓国,935,NU11,韓国,1429,GEHO,韓国,0,,-
Rootage,ミッドナイト☆WAR,0,,-,797,ENGAWA,韓国,1577,SSC,韓国,2519,DON*,韓国,0,,-
Rootage,夏の匂い。キミの残像。 ft. Kanae Asaba,0,,-,682,OYAYUB,韓国,1509,AEL*,韓国,2560,CHARM,韓国,0,,-
Rootage,抱きしめてモナムール,0,,-,1269,ENGAWA,韓国,2310,BEAN*,韓国,4205,KKM*,韓国,0,,-
Rootage,最小三倍完全数,0,,-,886,ENGAWA,韓国,1676,1015,韓国,2601,KKM*,韓国,0,,-
Rootage,泰東ノ翠霞,0,,-,472,-TIC-,韓国,694,JONGCO,韓国,1803,DON*,韓国,0,,-
Rootage,深愛のリグレット,0,,-,756,MIN,韓国,1168,ENVY*,韓国,2407,KKM*,韓国,0,,-
Rootage,爆ゼニ☆がってんワーカー,0,,-,1178,ENGAWA,韓国,1708,IIDX33,韓国,2715,MOKO,韓国,0,,-
Rootage,花冠 feat.Aikapin,0,,-,947,ENGAWA,韓国,1564,K.H.B,韓国,2704,KKM*,韓国,0,,-
Rootage,金野火織の金色提言,0,,-,1202,ENGAWA,韓国,2246,BEAN*,韓国,3195,KKM*,韓国,0,,-
Rootage,龍王の霊廟(Mausoleum Of The Primal Dragon),0,,-,1106,HYONI,韓国,2235,KOTOKO,韓国,3227,DON*,韓国,4028,CHEPY.,韓国
HEROIC VERSE,27th style,0,,-,1167,DON*X1,韓国,1781,EUN,韓国,2590,DON*,韓国,3430,KKM*,韓国
HEROIC VERSE,Advent Infamous,0,,-,953,KRVIZE,韓国,1640,WDG*,韓国,2904,DON*,韓国,0,,-
HEROIC VERSE,AKASHIC BREAK,0,,-,1183,-TIC-,韓国,2340,WDG*,韓国,3624,KKM*,韓国,0,,-
HEROIC VERSE,And-RoiD,0,,-,740,OYAYUB,韓国,1231,NEON!,韓国,2010,CHARM,韓国,0,,-
HEROIC VERSE,Artist,0,,-,1283,OYAYUB,韓国,2320,WIND*,韓国,3672,KKM*,韓国,0,,-
HEROIC VERSE,Backyard Stars,0,,-,912,KISCAR,韓国,1530,MURI,韓国,2288,DON*,韓国,0,,-
HEROIC VERSE,BEAT PRISONER,0,,-,1159,KRVIZE,韓国,2099,UTSUHO,韓国,3666,KKM*,韓国,0,,-
HEROIC VERSE,beatAffection,0,,-,994,-TIC-,韓国,1542,FA03,韓国,2674,CHARM,韓国,0,,-
HEROIC VERSE,Beautiful Harmony (IIDX Mix),0,,-,803,NWJNS,韓国,1667,CLST,韓国,2486,KKM*,韓国,0,,-
HEROIC VERSE,Bow shock!!,0,,-,776,?TRAIT,韓国,1920,TINA,韓国,3125,DON*,韓国,4332,KKM*,韓国
HEROIC VERSE,Calvados Queen,0,,-,693,NWJNS,韓国,1538,FA03,韓国,2471,LICHT,韓国,0,,-
HEROIC VERSE,Change Yourself,0,,-,895,KRVIZE,韓国,1722,CLST,韓国,2571,NEON,韓国,0,,-
HEROIC VERSE,Crank It,0,,-,759,ZINNIA,韓国,1406,Y1Y,韓国,2453,CHARM,韓国,0,,-
HEROIC VERSE,Dans la nuit de l'eternite,0,,-,1366,HYONI,韓国,2150,SALMON,韓国,3570,CHEPY.,韓国,0,,-
HEROIC VERSE,Do What You Want,0,,-,680,KRVIZE,韓国,1150,CRUSH!,韓国,2046,CHARM,韓国,0,,-
HEROIC VERSE,Double Dribble,0,,-,1154,YSK,韓国,1890,HOON,韓国,3355,KKM*,韓国,0,,-
HEROIC VERSE,EROICA,0,,-,1354,JMT,韓国,2363,CHARM,韓国,3993,CHEPY.,韓国,0,,-
HEROIC VERSE,Everlasting Message,0,,-,1165,JMT,韓国,2260,WDG*,韓国,3888,KKM*,韓国,0,,-
HEROIC VERSE,fairy cocktail,0,,-,432,-TIC-,韓国,1052,ENGAWA,韓国,1650,DON*,韓国,0,,-
HEROIC VERSE,Fly Above (Vicissitude Remix),0,,-,763,044APD,韓国,1418,JMT,韓国,2391,KKM*,韓国,0,,-
HEROIC VERSE,Forgetting Machine,0,,-,682,MIN,韓国,1190,DXR*GT,韓国,1725,DON*,韓国,0,,-
HEROIC VERSE,Friction[!]Function,0,,-,928,NWJNS,韓国,1778,ISLQYN,韓国,3236,KKM*,韓国,0,,-
HEROIC VERSE,GHOST,0,,-,734,-TIC-,韓国,1451,MK.197,韓国,2792,CHARM,韓国,0,,-
HEROIC VERSE,GIGA VIOLATE,0,,-,1092,OYAYUB,韓国,1584,CLST,韓国,2756,KKM*,韓国,0,,-
HEROIC VERSE,Hold My Hand,0,,-,931,OYAYUB,韓国,1619,WONTIK,韓国,2474,LSM,韓国,0,,-
HEROIC VERSE,Hyper Drive feat. ぷにぷに電機,0,,-,637,MIN,韓国,1414,JMT,韓国,1992,CHLOE,韓国,0,,-
HEROIC VERSE,If,0,,-,719,NWJNS,韓国,1332,CLST,韓国,1916,CHARM,韓国,0,,-
HEROIC VERSE,Inferno of Fomalhaut,0,,-,1009,HYONI,韓国,1912,CHARM,韓国,3320,KKM*,韓国,0,,-
HEROIC VERSE,Infinity Mirror,0,,-,813,KRVIZE,韓国,1302,K.H.B,韓国,2326,FAFNIR,韓国,0,,-
HEROIC VERSE,Into The Madness,0,,-,947,-TIC-,韓国,1589,WDG*,韓国,2550,KKM*,韓国,0,,-
HEROIC VERSE,LASER CRUSTER (IGNITE REMIX),0,,-,745,KRVIZE,韓国,1753,CLST,韓国,3621,KKM*,韓国,0,,-
HEROIC VERSE,Level 2,0,,-,873,-TIC-,韓国,1594,68MA,韓国,2948,DON*,韓国,0,,-
HEROIC VERSE,LIGHTNING STRIKES,448,-TIC-,韓国,890,NWJNS,韓国,1679,BEAN*,韓国,3275,KKM*,韓国,4225,KKM*,韓国
HEROIC VERSE,Like+it!,0,,-,980,ENGAWA,韓国,1734,DON*X1,韓国,2389,KKM*,韓国,0,,-
HEROIC VERSE,Lords Of The Roundtable,0,,-,1031,ENGAWA,韓国,1863,SIGSIG,韓国,3139,KKM*,韓国,0,,-
HEROIC VERSE,Lost Souls,0,,-,552,044APD,韓国,1555,K.H.B,韓国,2468,KKM*,韓国,3977,CHEPY.,韓国
HEROIC VERSE,Matt Silver,0,,-,1076,WONTIK,韓国,2074,PXERO,韓国,3391,KKM*,韓国,0,,-
HEROIC VERSE,Megalara Garuda,0,,-,1350,SOHEE,韓国,1897,RALO,韓国,3069,KKM*,韓国,0,,-
HEROIC VERSE,Mel,0,,-,749,-TIC-,韓国,1432,JMT,韓国,2171,DORO,韓国,2738,CHARM,韓国
HEROIC VERSE,Moving on,0,,-,992,ENVY*,韓国,1918,BISCO,韓国,3001,DON*,韓国,0,,-
HEROIC VERSE,Nasty Techniques,0,,-,969,VENTA,韓国,1670,KOTOKO,韓国,2670,DON*,韓国,0,,-
HEROIC VERSE,NEWALONE,0,,-,526,?TRAIT,韓国,1275,FA03,韓国,2011,CHLOE,韓国,0,,-
HEROIC VERSE,ORCA,0,,-,1194,TIST,韓国,2320,EUN,韓国,3551,KKM*,韓国,0,,-
HEROIC VERSE,OUTER PLANETS,0,,-,481,CH3CK,韓国,1302,YHYUH,韓国,2190,CHLOE,韓国,0,,-
HEROIC VERSE,Override,0,,-,916,MIN,韓国,1519,CTPLT*,韓国,2936,DON*,韓国,4374,KKM*,韓国
HEROIC VERSE,PHASE SHIFT MANEUVER,0,,-,1187,KRVIZE,韓国,1722,DON*X1,韓国,2878,NEON,韓国,0,,-
HEROIC VERSE,Primitive Vibes,562,-TIC-,韓国,1140,HYONI,韓国,1969,GG*,韓国,3121,DON*,韓国,0,,-
HEROIC VERSE,Queen Kaguya,0,,-,966,OYAYUB,韓国,1838,68MA,韓国,2651,NEON,韓国,0,,-
HEROIC VERSE,Rainstorm,0,,-,847,HARUNA,韓国,1552,FA03,韓国,2279,FAFNIR,韓国,0,,-
HEROIC VERSE,Rave Patroller,0,,-,1283,PIGMAN,韓国,2217,Y1Y,韓国,3400,KKM*,韓国,0,,-
HEROIC VERSE,rough percussionythm,0,,-,980,ENGAWA,韓国,1604,68MA,韓国,2571,DON*,韓国,0,,-
HEROIC VERSE,S!ck (Nhato Remix),0,,-,929,SOHEE,韓国,1526,HIHU,韓国,2553,UTSUHO,韓国,0,,-
HEROIC VERSE,SCREW // owo // SCREW,0,,-,996,NWJNS,韓国,2033,NOT2D,韓国,3086,KKM*,韓国,0,,-
HEROIC VERSE,Shiva,0,,-,511,HELLO*,韓国,1455,CLST,韓国,2155,NEON,韓国,0,,-
HEROIC VERSE,Silly Love,255,DON*X1,韓国,731,RUBYY,韓国,1304,JMT,韓国,2103,FAFNIR,韓国,0,,-
HEROIC VERSE,Ska-sh All Neurons!!,0,,-,906,?TRAIT,韓国,1379,JMT,韓国,2344,CHARM,韓国,0,,-
HEROIC VERSE,Smashing Wedge,0,,-,840,NWJNS,韓国,2182,DON*X1,韓国,3880,KKM*,韓国,0,,-
HEROIC VERSE,Sparkle Smilin',0,,-,818,MARISA,韓国,1435,JMT,韓国,2475,KKM*,韓国,0,,-
HEROIC VERSE,STOIC HYPOTHESIS,0,,-,1079,ENGAWA,韓国,1692,NOT2D,韓国,2862,NEON,韓国,0,,-
HEROIC VERSE,Sugar Drippin',0,,-,716,29219.,韓国,1294,JMT,韓国,2115,CHLOE,韓国,0,,-
HEROIC VERSE,T-REX vs Velociraptor (In the Far east euphoria),0,,-,1322,HYONI,韓国,1703,K.H.B,韓国,3248,KKM*,韓国,0,,-
HEROIC VERSE,take me higher,0,,-,753,NWJNS,韓国,1231,68MA,韓国,2024,CHLOE,韓国,0,,-
HEROIC VERSE,TECHNO Style Essentials,0,,-,986,HYONI,韓国,1543,WONTIK,韓国,2877,.,韓国,0,,-
HEROIC VERSE,THE BRAVE MUST DIE,0,,-,1291,HOTORI,韓国,2397,PS.M,韓国,4135,KKM*,韓国,0,,-
HEROIC VERSE,THE F∀UST,0,,-,1319,EUN,韓国,2168,ZEN,韓国,3658,KKM*,韓国,0,,-
HEROIC VERSE,The Sky of Sadness,0,,-,841,-TIC-,韓国,1490,PXERO,韓国,2415,DON*,韓国,0,,-
HEROIC VERSE,Theory,0,,-,596,LUMI,韓国,1354,666666,韓国,2648,KKM*,韓国,0,,-
HEROIC VERSE,TRIUMPH,0,,-,865,NWJNS,韓国,1964,DOOM,韓国,3429,KKM*,韓国,0,,-
HEROIC VERSE,UNITE THE HEART,0,,-,1417,ENGAWA,韓国,2474,ESTEL*,韓国,3336,CHARM,韓国,0,,-
HEROIC VERSE,VALKYRIAS -英雄誕生-,455,-TIC-,韓国,984,ENGAWA,韓国,1703,TINA,韓国,2761,CHARM,韓国,0,,-
HEROIC VERSE,VIBRΛ,0,,-,824,HARUNA,韓国,1307,FA03,韓国,1879,NEON,韓国,0,,-
HEROIC VERSE,Vinculum stellarum,0,,-,849,OHC,韓国,2377,CYTRUS,韓国,3709,FAFNIR,韓国,0,,-
HEROIC VERSE,Virus Funk,0,,-,707,?TRAIT,韓国,1513,EUN,韓国,2228,CHARM,韓国,0,,-
HEROIC VERSE,Volcanic Dragon,0,,-,903,NWJNS,韓国,1677,JMT,韓国,2984,DON*,韓国,0,,-
HEROIC VERSE,Voo Doo Bamboleo,0,,-,764,NWJNS,韓国,1544,DON*X1,韓国,2508,CHARM,韓国,0,,-
HEROIC VERSE,Ypsilon,0,,-,1051,HYONI,韓国,1774,DON*X1,韓国,2926,DON*,韓国,3580,KKM*,韓国
HEROIC VERSE,がっつり陰キャ!? 怪盗いいんちょの億劫^^;,0,,-,1475,KAZUSA,韓国,2653,WIND*,韓国,4329,KKM*,韓国,0,,-
HEROIC VERSE,シャムシールの舞,0,,-,770,?TRAIT,韓国,1490,68MA,韓国,2577,KKM*,韓国,0,,-
HEROIC VERSE,セピアの軌跡 ft. 天宮みや(少女フラクタル),372,-TIC-,韓国,556,TIFF,韓国,1458,EUN,韓国,2409,KKM*,韓国,0,,-
HEROIC VERSE,バッドエンド・シンドローム,0,,-,943,NWJNS,韓国,1679,JMT,韓国,2985,CHARM,韓国,0,,-
HEROIC VERSE,ピアノ協奏曲第1番”蠍火” (BlackY Remix),0,,-,989,-TIC-,韓国,2067,68MA,韓国,3823,KKM*,韓国,0,,-
HEROIC VERSE,ラブキラ☆スプラッシュ,0,,-,1109,OYAYUB,韓国,1655,FA03,韓国,2527,ALIEN,韓国,0,,-
HEROIC VERSE,ランカーキラーガール,0,,-,1119,KRVIZE,韓国,1824,TINA,韓国,2954,DON*,韓国,0,,-
HEROIC VERSE,曼荼羅恋々,0,,-,1067,-TIC-,韓国,1680,NOT2D,韓国,2752,LICHT,韓国,0,,-
HEROIC VERSE,深淵に捧ぐレクイエム,0,,-,791,MIN,韓国,1610,HIHU,韓国,3058,CHEPY.,韓国,0,,-
HEROIC VERSE,灼熱Beach Side Bunny (Masayoshi Iimori Remix),0,,-,592,JIUK,韓国,1105,ENVY*,韓国,1848,DON*,韓国,0,,-
HEROIC VERSE,狂水一華,0,,-,812,ARC,韓国,1635,H,韓国,2734,DON*,韓国,0,,-
HEROIC VERSE,眠りの国のステラ,0,,-,1118,SOHEE,韓国,1772,ENVY*,韓国,2778,DON*,韓国,0,,-
HEROIC VERSE,華麗なる大犬円舞曲,0,,-,1170,Y,韓国,2084,UBEATS,韓国,3638,KKM*,韓国,0,,-
HEROIC VERSE,錬成人間トリコロイダー,0,,-,932,TOMCAT,韓国,1784,TINA,韓国,3220,UTSUHO,韓国,0,,-
HEROIC VERSE,開きたまえ！Next stAge！,0,,-,1096,ENGAWA,韓国,1619,FELIS,韓国,2910,CHARM,韓国,0,,-
HEROIC VERSE,魅惑のYUMMYスイーツ,0,,-,903,HYONI,韓国,1709,HYONI,韓国,3146,KKM*,韓国,0,,-
BISTROVER,-65℃,0,,-,1266,NWJNS,韓国,2218,WDG*,韓国,3773,UTSUHO,韓国,0,,-
BISTROVER,ABSOLUTE (kors k Remix),0,,-,901,KRVIZE,韓国,1541,WDG*,韓国,2667,KKM*,韓国,0,,-
BISTROVER,Ah Hah Yeah,0,,-,727,CHARM,韓国,1179,YEEEEE,韓国,2198,CHEPY.,韓国,0,,-
BISTROVER,AMRITA -不滅ノ花-,0,,-,762,044APD,韓国,1597,GG*,韓国,2794,DON*,韓国,0,,-
BISTROVER,apo:llioth,0,,-,1120,NWJNS,韓国,2014,TINA,韓国,2986,NEON,韓国,0,,-
BISTROVER,As You Want,0,,-,748,044APD,韓国,1413,JMT,韓国,2467,CHLOE,韓国,0,,-
BISTROVER,ASIAN VIRTUAL REALITIES (MELTING TOGETHER IN DAZZLING DARKNESS),0,,-,924,HARUNA,韓国,1841,MK.197,韓国,3447,DON*,韓国,0,,-
BISTROVER,BEMANI PRO LEAGUE Theme,0,,-,733,MIN,韓国,1408,FA03,韓国,1981,FAFNIR,韓国,0,,-
BISTROVER,BIGソムタム,539,-TIC-,韓国,1209,KRVIZE,韓国,1863,TINA,韓国,3370,KKM*,韓国,0,,-
BISTROVER,BLACK or WHITE?,623,-TIC-,韓国,1235,KISCAR,韓国,2484,BRHD,韓国,4010,KKM*,韓国,0,,-
BISTROVER,Burning Flame,0,,-,1178,CTPLT*,韓国,1816,DON*X1,韓国,2933,DON*,韓国,3851,KKM*,韓国
BISTROVER,Chewingood!!!,299,DON*X1,韓国,819,L.DASH,韓国,1497,FA03,韓国,2624,LICHT,韓国,0,,-
BISTROVER,COSMIC RAY,0,,-,1255,AEL*,韓国,2038,WIND*,韓国,2978,KKM*,韓国,0,,-
BISTROVER,Crazy Jackpot,0,,-,958,KRVIZE,韓国,1551,K.H.B,韓国,2889,DON*,韓国,0,,-
BISTROVER,Danza Aestas,0,,-,941,MIN,韓国,1731,DON*X1,韓国,3026,DON*,韓国,0,,-
BISTROVER,Dawn Saga,0,,-,781,HARUNA,韓国,1584,NWR*,韓国,2752,NEON,韓国,0,,-
BISTROVER,DENIM,0,,-,518,RUBYY,韓国,1260,WEL?CH,韓国,1765,KKM*,韓国,0,,-
BISTROVER,Don't Stop The Music feat. Kanae Asaba,0,,-,649,-TIC-,韓国,1330,FA03,韓国,1879,CHLOE,韓国,0,,-
BISTROVER,DUAL STRIKER,0,,-,1104,YSK,韓国,2485,WDG*,韓国,3898,CHEPY.,韓国,0,,-
BISTROVER,Empire of Fury,0,,-,1267,KRVIZE,韓国,2024,Y1Y,韓国,3360,CHEPY.,韓国,0,,-
BISTROVER,Euphoric Lagoon,0,,-,825,NWJNS,韓国,1592,DON*X1,韓国,2619,CHEPY.,韓国,0,,-
BISTROVER,Explorer feat. ぷにぷに電機,0,,-,713,KRVIZE,韓国,1301,FA03,韓国,2153,KKM*,韓国,2912,KKM*,韓国
BISTROVER,Farewell to Marrakech,0,,-,769,NWJNS,韓国,1497,CLST,韓国,2289,KKM*,韓国,0,,-
BISTROVER,Fire Beat,0,,-,993,YSK,韓国,1776,BEAN*,韓国,2753,DON*,韓国,0,,-
BISTROVER,Frisk And Squeak,0,,-,729,044APD,韓国,1502,KRVIZE,韓国,2433,ALIEN,韓国,0,,-
BISTROVER,GIGA RAID,0,,-,866,HARUNA,韓国,1824,HIHU,韓国,2440,KKM*,韓国,0,,-
BISTROVER,Globe Glitter,0,,-,976,NWJNS,韓国,1642,BYERDN,韓国,2712,NEON,韓国,0,,-
BISTROVER,Here We Are,381,-TIC-,韓国,1090,SIGSIG,韓国,1714,FA03,韓国,2490,CHARM,韓国,0,,-
BISTROVER,HIGH VOLTAGE,0,,-,812,-TIC-,韓国,1425,FA03,韓国,2290,CHARM,韓国,0,,-
BISTROVER,Ignis†Irae,0,,-,1026,TIST,韓国,2207,S-WA?G,韓国,3875,KKM*,韓国,0,,-
BISTROVER,IIDX RED Ending (Ryu☆Remix),0,,-,532,044APD,韓国,1194,FA03,韓国,1866,NEON,韓国,0,,-
BISTROVER,innocent revolver,0,,-,952,NWJNS,韓国,2177,Y1Y,韓国,3946,DON*,韓国,0,,-
BISTROVER,Jungle Eater,0,,-,962,HARE*,韓国,1705,NEOPHY,韓国,3013,CHLOE,韓国,0,,-
BISTROVER,LAST DAY,0,,-,1030,?TRAIT,韓国,1648,DORO.,韓国,3097,DON*,韓国,0,,-
BISTROVER,Level 3,0,,-,1094,NWJNS,韓国,2259,SIGSIG,韓国,3615,KKM*,韓国,0,,-
BISTROVER,LOCUS OF THE TRAVEL,0,,-,1059,KRVIZE,韓国,2444,GUMANH,韓国,3771,KKM*,韓国,0,,-
BISTROVER,Lovely Howdy Cowboy!!,0,,-,986,NWJNS,韓国,1747,K.H.B,韓国,2785,LICHT,韓国,0,,-
BISTROVER,MA・TSU・RI,0,,-,1057,NWJNS,韓国,1809,BYERDN,韓国,2598,NEON,韓国,0,,-
BISTROVER,MEGAERA,0,,-,1390,JMT,韓国,2088,BEAN*,韓国,3565,KKM*,韓国,0,,-
BISTROVER,Midnight Drive,0,,-,524,HARUNA,韓国,1281,FA03,韓国,2014,CHARM,韓国,0,,-
BISTROVER,MOVE! (We Keep It Movin'),0,,-,689,?TRAIT,韓国,1359,FA03,韓国,2215,DON*,韓国,0,,-
BISTROVER,Neo Heritage,0,,-,911,MIN,韓国,1689,WDG*,韓国,2897,DON*,韓国,0,,-
BISTROVER,Ocean Blue feat. Luschel,0,,-,735,NWJNS,韓国,1446,FA03,韓国,2486,CHLOE,韓国,0,,-
BISTROVER,of the first magnitude,0,,-,961,?TRAIT,韓国,1852,HIHU,韓国,2992,KKM*,韓国,0,,-
BISTROVER,OTOKOZAKA,0,,-,1052,DON*X1,韓国,1699,HARE*,韓国,2942,NEON,韓国,0,,-
BISTROVER,Overslept,0,,-,1069,KRVIZE,韓国,1596,FELIS,韓国,2588,KKM*,韓国,0,,-
BISTROVER,Para siempre,0,,-,906,NWJNS,韓国,1459,JMT,韓国,2902,F,韓国,0,,-
BISTROVER,Parvati,0,,-,958,?TRAIT,韓国,1678,K.H.B,韓国,2893,KKM*,韓国,0,,-
BISTROVER,POLKAMANIA,415,-TIC-,韓国,861,HARUNA,韓国,1901,KKM*,韓国,2997,DON*,韓国,3857,KKM*,韓国
BISTROVER,Rejection Girl,0,,-,934,NWJNS,韓国,1602,ZEN,韓国,2687,KKM*,韓国,0,,-
BISTROVER,Ritual of Anubis,0,,-,1108,SOHEE,韓国,1708,CTPLT*,韓国,2829,CHARM,韓国,0,,-
BISTROVER,Romanticが止まらない,373,-TIC-,韓国,811,MARISA,韓国,1573,JMT,韓国,2733,NEON,韓国,0,,-
BISTROVER,rommmo,0,,-,1090,HARE*,韓国,1765,MKP-04,韓国,3502,NEON,韓国,0,,-
BISTROVER,Rosa azuL,0,,-,866,KRVIZE,韓国,1533,EHOWL,韓国,2819,DON*,韓国,0,,-
BISTROVER,Rowdy,0,,-,1016,EHOWL,韓国,1524,DXR*GT,韓国,2506,ALIEN,韓国,0,,-
BISTROVER,Rubrum Piano,0,,-,839,HARE*,韓国,1653,GUMANH,韓国,2489,NEON,韓国,0,,-
BISTROVER,S-Bahn,0,,-,916,-TIC-,韓国,1580,FA03,韓国,2183,CHEPY.,韓国,0,,-
BISTROVER,Sinus Iridum,0,,-,1200,EUN,韓国,2111,SIGSIG,韓国,3506,CHEPY.,韓国,0,,-
BISTROVER,smooooch・∀・ (Snail's House Remix),0,,-,789,JIUK,韓国,1581,DON*X1,韓国,2381,CHARM,韓国,0,,-
BISTROVER,SOLID STATE SQUAD -RISEN RELIC REMIX-,0,,-,1292,68MA,韓国,2241,SONINM,韓国,3305,NEON,韓国,0,,-
BISTROVER,Sugarplum,0,,-,878,BYERDN,韓国,1870,TERU,韓国,2529,CHARM,韓国,0,,-
BISTROVER,Swarm Of Scarabs,0,,-,1038,RPM,韓国,1516,WDG*,韓国,2418,KKM*,韓国,0,,-
BISTROVER,Tell me what you wish feat.らっぷびと,0,,-,1064,HARE*,韓国,1602,BYERDN,韓国,2866,CHARM,韓国,0,,-
BISTROVER,That Feeling,0,,-,625,HARE*,韓国,1233,FA03,韓国,1929,KKM*,韓国,0,,-
BISTROVER,THE PEERLESS UNDER HEAVEN,0,,-,1107,HYONI,韓国,2055,ERII.,韓国,3559,KKM*,韓国,0,,-
BISTROVER,The Wind of China Express(The 4th Mashup),0,,-,1006,SIGSIG,韓国,1605,JUNO,韓国,2564,CHARM,韓国,0,,-
BISTROVER,Tiempo Loco,0,,-,1014,MIN,韓国,2025,MAPLZE,韓国,3759,KKM*,韓国,0,,-
BISTROVER,Viridian,0,,-,1063,HYONI,韓国,1911,68MA,韓国,3392,KKM*,韓国,0,,-
BISTROVER,Vitrum,0,,-,1006,KAZUSA,韓国,1680,CTPLT*,韓国,3654,KKM*,韓国,0,,-
BISTROVER,WAKE UP NOW,0,,-,903,-TIC-,韓国,1466,FA03,韓国,2005,CHLOE,韓国,2495,FAFNIR,韓国
BISTROVER,When I Met U,0,,-,697,29219.,韓国,1313,FA03,韓国,2056,KKM*,韓国,0,,-
BISTROVER,Winner's Proof ft. KANASA from bless4,276,DON*X1,韓国,691,NWJNS,韓国,1388,FA03,韓国,2230,NEON,韓国,0,,-
BISTROVER,X-ray binary,0,,-,930,L.DASH,韓国,1947,WDG*,韓国,2831,DON*,韓国,0,,-
BISTROVER,Zenith,0,,-,772,?TRAIT,韓国,1349,NOT2D,韓国,2221,DON*,韓国,0,,-
BISTROVER,∀,576,-TIC-,韓国,1262,KAZUSA,韓国,2222,LUNE,韓国,3582,KKM*,韓国,0,,-
BISTROVER,ここからよろしく大作戦143,265,DON*X1,韓国,853,HARUNA,韓国,1756,DON*X1,韓国,2519,CHEPY.,韓国,3193,NEON,韓国
BISTROVER,スーパー戦湯ババンバーン,0,,-,1163,HARE*,韓国,2107,BEAN*,韓国,3475,KKM*,韓国,0,,-
BISTROVER,ディスコルディア,0,,-,1329,MIN,韓国,2269,XD,韓国,4052,KKM*,韓国,0,,-
BISTROVER,バッド・スイーツ、バッド・ドリーム,0,,-,989,NWJNS,韓国,1858,DXR*HH,韓国,3673,KKM*,韓国,0,,-
BISTROVER,世界の果てに約束の凱歌を -ReUnion-,0,,-,1106,L.DASH,韓国,1782,RERUN,韓国,3932,NEON,韓国,0,,-
BISTROVER,乱膳の舞姫,0,,-,1011,-TIC-,韓国,1778,HIHU,韓国,2753,NEON,韓国,0,,-
BISTROVER,二人ノ廃城幽踊宴,0,,-,1189,HYONI,韓国,2315,LSM,韓国,3749,CHEPY.,韓国,0,,-
BISTROVER,伐折羅-vajra-,0,,-,1097,MIN,韓国,2132,TERU,韓国,3723,KKM*,韓国,0,,-
BISTROVER,儚き恋の華,0,,-,1071,DON*X1,韓国,1862,DON*X1,韓国,3025,DON*,韓国,0,,-
BISTROVER,新宝島,502,-TIC-,韓国,746,?TRAIT,韓国,1393,FA03,韓国,2367,KKM*,韓国,3570,KKM*,韓国
BISTROVER,水無月の雫 ft. 小林まな,0,,-,1232,DON*X1,韓国,1789,FA03,韓国,2621,LICHT,韓国,0,,-
BISTROVER,水鏡の異界,0,,-,790,HARUNA,韓国,1572,K.H.B,韓国,3293,KKM*,韓国,0,,-
BISTROVER,涙のテ・エストラーニョ・ムーチョ,0,,-,1316,MIN,韓国,1881,ENVY*,韓国,2829,LICHT,韓国,0,,-
BISTROVER,無意識のフィロソフィア,0,,-,1078,KRVIZE,韓国,2235,DON*X1,韓国,3362,DON*,韓国,0,,-
BISTROVER,犬に雨傘,0,,-,805,NANGGU,韓国,1463,FA03,韓国,2116,CHLOE,韓国,0,,-
BISTROVER,閠槞彁の願い,0,,-,986,KAZUSA,韓国,2174,CHARM,韓国,3189,KKM*,韓国,0,,-
BISTROVER,霧幻メモリア,0,,-,845,HARUNA,韓国,1418,FA03,韓国,2050,ALIEN,韓国,0,,-
BISTROVER,魔法のかくれんぼ,0,,-,752,RUKA,韓国,1551,VENTA,韓国,2854,CHEPY.,韓国,0,,-
CastHour,10000 MILES AWAY,0,,-,1021,CTPLT*,韓国,1629,68MA,韓国,2975,KKM*,韓国,0,,-
CastHour,2 Beasts Unchained,0,,-,1367,YL...,韓国,2189,PXERO,韓国,3511,KKM*,韓国,0,,-
CastHour,808monkey,0,,-,594,4K60,韓国,1113,JMT,韓国,1824,DON*,韓国,0,,-
CastHour,ABSOLUTE EVIL,249,MIN,韓国,1141,-TIC-,韓国,2184,MOL?RU,韓国,3526,KKM*,韓国,0,,-
CastHour,Aftermath,0,,-,1161,-TIC-,韓国,2346,EUN,韓国,3632,CHEPY.,韓国,0,,-
CastHour,ALTERNATOR,0,,-,1314,JMT,韓国,2531,WDG*,韓国,3799,KKM*,韓国,0,,-
CastHour,AMICABLE,0,,-,924,HARE*,韓国,1580,WDG*,韓国,2488,GEHO,韓国,0,,-
CastHour,ANEMONE,221,-TIC-,韓国,722,-TIC-,韓国,1606,FA03,韓国,2138,CHARM,韓国,0,,-
CastHour,Angel's Ladder,0,,-,988,KRVIZE,韓国,2204,ROXN*,韓国,3538,DON*,韓国,0,,-
CastHour,Ariah,0,,-,589,044APD,韓国,1374,ASAHI,韓国,2176,NEON,韓国,0,,-
CastHour,Arkadia,0,,-,1131,HYONI,韓国,2098,WDG*,韓国,3728,KKM*,韓国,0,,-
CastHour,Banger Banger Banger Banger,0,,-,943,CTPLT*,韓国,1753,DON*X1,韓国,2981,DON*,韓国,0,,-
CastHour,Binary Black Hole,0,,-,1264,-TIC-,韓国,2287,WDG*,韓国,3969,KKM*,韓国,0,,-
CastHour,Blue Bird feat. Kanae Asaba,0,,-,577,NULL,韓国,1105,FA03,韓国,1795,CHARM,韓国,0,,-
CastHour,Brave Spirits,0,,-,694,ENVY*,韓国,1406,CLST,韓国,2487,CHLOE,韓国,0,,-
CastHour,DISPARATE,0,,-,922,NWJNS,韓国,1720,KRVIZE,韓国,2471,CHARM,韓国,0,,-
CastHour,Divine Heaven,0,,-,949,SIGSIG,韓国,1963,DON*X1,韓国,2996,DON*,韓国,0,,-
CastHour,Don't believe the hype,0,,-,1077,-TIC-,韓国,2154,BIGDOG,韓国,3306,KKM*,韓国,0,,-
CastHour,DREAM OF SPACE UFO ABDUCTION,0,,-,1044,KRVIZE,韓国,1799,WDG*,韓国,2724,KKM*,韓国,0,,-
CastHour,Emera,0,,-,850,KRVIZE,韓国,1567,NOT2D,韓国,2336,CHLOE,韓国,0,,-
CastHour,EMOTiON TRiPPER,0,,-,914,MIN,韓国,1477,FA03,韓国,2189,NEON,韓国,0,,-
CastHour,Ergosphere,0,,-,869,?TRAIT,韓国,1891,CHARM,韓国,2762,KKM*,韓国,0,,-
CastHour,Fantastic Merry-Go-Round,0,,-,1027,MIN,韓国,1496,FA03,韓国,2115,CHLOE,韓国,0,,-
CastHour,Fegrix,0,,-,1143,YSK,韓国,2269,BEAN*,韓国,3339,KKM*,韓国,0,,-
CastHour,FINALLY BLAZE,0,,-,836,NWJNS,韓国,1646,JMT,韓国,2833,NEON,韓国,0,,-
CastHour,Flying Castle,0,,-,1039,MIN,韓国,2267,LSM,韓国,3728,KKM*,韓国,0,,-
CastHour,Game Changers,0,,-,692,ENVY*,韓国,1427,EUN,韓国,2759,CHLOE,韓国,0,,-
CastHour,"Get set, Go! feat.Kanae Asaba",0,,-,816,OYAYUB,韓国,1391,FA03,韓国,2132,CHLOE,韓国,0,,-
CastHour,GiGaGaHell,0,,-,1249,JMT,韓国,1993,EUN,韓国,3288,KKM*,韓国,0,,-
CastHour,GRAVITON,0,,-,1094,YSK,韓国,1971,REPUMP,韓国,3512,KKM*,韓国,0,,-
CastHour,hard-wired,0,,-,1511,BYERDN,韓国,2263,LSM,韓国,3697,KKM*,韓国,0,,-
CastHour,Harmonia,0,,-,665,L.DASH,韓国,1258,FA03,韓国,2019,KKM*,韓国,0,,-
CastHour,Hat Surprise,0,,-,617,HARUNA,韓国,1612,BEAN*,韓国,2465,DON*,韓国,0,,-
CastHour,HEARTACHE,0,,-,471,?TRAIT,韓国,1181,FA03,韓国,1854,NEON,韓国,0,,-
CastHour,kors k's How to make OTOGE CORE,0,,-,714,HIDE!,韓国,1419,PXERO,韓国,2334,NEON,韓国,0,,-
CastHour,Lawes's Parotia,0,,-,629,A65258,韓国,1718,BYERDN,韓国,2579,CHEPY.,韓国,0,,-
CastHour,LIVE DRIVING!! feat. 花たん,0,,-,1511,KRVIZE,韓国,2517,BEAN*,韓国,3869,NEON,韓国,0,,-
CastHour,N.O.,0,,-,754,NWJNS,韓国,1427,K.H.B,韓国,2544,DON*,韓国,0,,-
CastHour,n/a,0,,-,1114,JMT,韓国,1904,FF2400,韓国,3628,KKM*,韓国,0,,-
CastHour,No Day But Today!,396,-TIC-,韓国,650,TOYOPY,韓国,1321,FA03,韓国,1991,CHARM,韓国,0,,-
CastHour,Nocturnal 2097,0,,-,907,-TIC-,韓国,1933,WDG*,韓国,2951,KKM*,韓国,0,,-
CastHour,Non Stop Rock,0,,-,743,MIN,韓国,1302,MALNIM,韓国,1893,CHARM,韓国,0,,-
CastHour,One for All,0,,-,902,HARUNA,韓国,1762,MKP-04,韓国,3197,CHLOE,韓国,0,,-
CastHour,Onyx,0,,-,749,?TRAIT,韓国,1415,JMT,韓国,2417,KKM*,韓国,0,,-
CastHour,P.O.W.E.R.,0,,-,959,KRVIZE,韓国,1659,CTPLT*,韓国,2358,NEON,韓国,0,,-
CastHour,PIRATES BLADE,0,,-,891,MIN,韓国,1431,KRVIZE,韓国,2157,SIGSIG,韓国,0,,-
CastHour,PLASMA SOUL NIGHT feat. Nana Takahashi / 709sec.,414,ENVY*,韓国,1325,L.DASH,韓国,2623,WDG*,韓国,4524,KKM*,韓国,0,,-
CastHour,Pout,0,,-,1020,MIN,韓国,1693,SUJEBI,韓国,2628,DON*,韓国,0,,-
CastHour,Prohibited Props,0,,-,1016,OYAYUB,韓国,1553,PXERO,韓国,2271,8,韓国,3005,DON*,韓国
CastHour,Purple Perplex,0,,-,1090,KRVIZE,韓国,1837,EUN,韓国,3131,KKM*,韓国,0,,-
CastHour,Push on Beats!～音ゲの国のeX-ストリーマー～,0,,-,1102,-TIC-,韓国,1882,MKP-04,韓国,3442,KKM*,韓国,0,,-
CastHour,RAGE feat.H14 of LEONAIR,420,-TIC-,韓国,1012,KRVIZE,韓国,2250,SIGSIG,韓国,3670,KKM*,韓国,0,,-
CastHour,Silver Bullet,0,,-,1167,OYAYUB,韓国,1932,MKP-04,韓国,3273,KKM*,韓国,0,,-
CastHour,Smalt #28598F,0,,-,997,?TRAIT,韓国,2213,SALMON,韓国,3426,DON*,韓国,0,,-
CastHour,SOLID WYVERN,0,,-,1180,BYERDN,韓国,1939,GG*,韓国,2658,DON*,韓国,3975,KKM*,韓国
CastHour,Souhait bleu,0,,-,832,?TRAIT,韓国,1773,HUNTER,韓国,2793,UTSUHO,韓国,0,,-
CastHour,SPARK IN THE NIGHT,0,,-,805,MIN,韓国,1447,FA03,韓国,2284,DON*,韓国,0,,-
CastHour,Stepper,0,,-,627,HARE*,韓国,1421,JMT,韓国,2200,NEON,韓国,0,,-
CastHour,Tail Lights,0,,-,1059,KRVIZE,韓国,1818,K.H.B,韓国,3162,KKM*,韓国,0,,-
CastHour,TOMAHAWK,0,,-,1206,TRZN3,韓国,2225,WEL?CH,韓国,3612,KKM*,韓国,0,,-
CastHour,Triple Cross,565,-TIC-,韓国,1100,JMT,韓国,2276,EUN,韓国,3320,NEON,韓国,0,,-
CastHour,Ventriloquist,0,,-,728,HARE*,韓国,1506,WDG*,韓国,2444,NEON,韓国,0,,-
CastHour,Victory Of Ravers,0,,-,967,NWJNS,韓国,1652,NOT2D,韓国,2590,CHARM,韓国,0,,-
CastHour,WHA,0,,-,1150,JMT,韓国,2188,68MA,韓国,3820,KKM*,韓国,0,,-
CastHour,Wonderful Escape,0,,-,834,NWJNS,韓国,1357,JMT,韓国,2085,SIGSIG,韓国,0,,-
CastHour,Xyndrome,0,,-,923,MIN,韓国,1571,JUNG92,韓国,2976,NEON,韓国,0,,-
CastHour,《GRANDMASTER》,0,,-,897,NWJNS,韓国,1614,K.H.B,韓国,3000,DON*,韓国,0,,-
CastHour,めでてえ,0,,-,993,NWJNS,韓国,1609,KISEKI,韓国,2662,CHLOE,韓国,0,,-
CastHour,アクマフカ,0,,-,755,BUREOJ,韓国,1489,FA03,韓国,2318,CHARM,韓国,0,,-
CastHour,ウツシミウツシ,0,,-,1132,99CON,韓国,1840,FELIS,韓国,3171,CHARM,韓国,0,,-
CastHour,オドループ,498,-TIC-,韓国,1028,NWJNS,韓国,1570,FA03,韓国,2349,CHARM,韓国,2999,CHARM,韓国
CastHour,オールトの雲,0,,-,1090,KSTRAH,韓国,1913,ROSLIT,韓国,2657,NEON,韓国,0,,-
CastHour,グッバイ宣言,565,68MA,韓国,1036,KRVIZE,韓国,1758,EUN,韓国,3111,NEON,韓国,3696,KKM*,韓国
CastHour,シル・ヴ・プレジデント,294,-TIC-,韓国,644,CTPLT*,韓国,1176,JMT,韓国,1799,NEON,韓国,2592,CHARM,韓国
CastHour,ナイトフィクション,0,,-,683,HARE*,韓国,1521,68MA,韓国,2163,CHLOE,韓国,0,,-
CastHour,ハイテックトキオ,0,,-,1024,GORGUG,韓国,1739,UM,韓国,2729,DON*,韓国,3303,KKM*,韓国
CastHour,"ピアノ独奏無言歌 ""灰燼""",0,,-,1095,TSE.,韓国,2447,DON*,韓国,3857,CHEPY.,韓国,0,,-
CastHour,ミュージック・アワー,530,-TIC-,韓国,1154,-TIC-,韓国,1942,RAICHU,韓国,3024,KKM*,韓国,4167,KKM*,韓国
CastHour,口カラ凸ゲキ,0,,-,897,AEL*,韓国,1534,FA03,韓国,2426,DON*,韓国,0,,-
CastHour,天邪鬼,403,-TIC-,韓国,871,BM**,韓国,1642,SUJEBI,韓国,3362,DON*,韓国,0,,-
CastHour,怪物,335,-TIC-,韓国,737,BYERDN,韓国,1193,FA03,韓国,2409,KKM*,韓国,3296,KKM*,韓国
CastHour,愛しくてラヴィンユー ft. マナ,0,,-,750,YUNGM,韓国,1496,FA03,韓国,2414,CHARM,韓国,0,,-
CastHour,月とミルク,0,,-,824,NWJNS,韓国,1533,KRVIZE,韓国,2798,DON*,韓国,0,,-
CastHour,烽火連天の刃,0,,-,1076,-TIC-,韓国,2247,TINA,韓国,3479,CHEPY.,韓国,4491,CHEPY.,韓国
CastHour,禊,0,,-,1015,-TIC-,韓国,2244,WIND*,韓国,3237,KKM*,韓国,0,,-
CastHour,逆月,0,,-,1456,KRVIZE,韓国,2323,TACHY,韓国,3817,CHEPY.,韓国,0,,-
CastHour,雪上断火,0,,-,938,KAZUSA,韓国,1790,39LUKA,韓国,3057,KKM*,韓国,0,,-
CastHour,青の洞窟,0,,-,862,VENTI,韓国,1961,YS*DAD,韓国,3178,KKM*,韓国,0,,-
CastHour,黒紅掬い,0,,-,629,KRVIZE,韓国,1219,FA03,韓国,1824,C,韓国,0,,-
RESIDENT,#CMFLG,0,,-,1119,JMT,韓国,2341,CHARM,韓国,3462,CHEPY.,韓国,0,,-
RESIDENT,24h Endurance Race,0,,-,967,JKH,韓国,2090,BEAN*,韓国,3441,KKM*,韓国,0,,-
RESIDENT,3V0,0,,-,1000,KRVIZE,韓国,1730,DORO.,韓国,3047,DON*,韓国,0,,-
RESIDENT,7 Colors,0,,-,590,L.DASH,韓国,1166,CHAARU,韓国,1940,FAFNIR,韓国,0,,-
RESIDENT,Always We Trust In You,0,,-,1086,NWJNS,韓国,1841,DOOM,韓国,3229,KKM*,韓国,0,,-
RESIDENT,Ambush Ace,0,,-,1021,GOTHNK,韓国,2099,WDG*,韓国,2979,DON*,韓国,0,,-
RESIDENT,AWA AWA,0,,-,739,KEIRIN,韓国,1313,YS*DAD,韓国,2332,DON*,韓国,0,,-
RESIDENT,B.O.D.Y.,0,,-,1027,JADE,韓国,2191,KKM*,韓国,3450,KKM*,韓国,0,,-
RESIDENT,Bad Encryption,0,,-,1158,TSE.,韓国,1881,PXERO,韓国,3232,KKM*,韓国,0,,-
RESIDENT,Beyond Evolution,0,,-,1419,JMT,韓国,2573,CHLOE,韓国,4296,KKM*,韓国,0,,-
RESIDENT,BIGWAVERS,0,,-,1092,KRVIZE,韓国,1837,68MA,韓国,3579,KKM*,韓国,0,,-
RESIDENT,C-C-C-N-N-N,0,,-,949,AMAMYA,韓国,1685,CTPLT*,韓国,2852,KKM*,韓国,0,,-
RESIDENT,Caldwell 99,0,,-,1008,KISCAR,韓国,1891,ISLQYN,韓国,2565,DON*,韓国,3440,KKM*,韓国
RESIDENT,Chaotoxin,0,,-,1139,-TIC-,韓国,1758,CHARM,韓国,3398,KKM*,韓国,0,,-
RESIDENT,CODE -CRiMSON-,0,,-,1294,OYAYUB,韓国,1888,WDG*,韓国,3009,KKM*,韓国,0,,-
RESIDENT,CUE CUE RESCUE,513,-TIC-,韓国,1062,NWJNS,韓国,1674,DON*X1,韓国,2548,C,韓国,3093,KKM*,韓国
RESIDENT,dica dica,0,,-,1101,NWJNS,韓国,2350,EBY,韓国,3218,CHEPY.,韓国,0,,-
RESIDENT,Dreaming Dream,0,,-,754,KEIRIN,韓国,1405,YS*DAD,韓国,2278,CHLOE,韓国,0,,-
RESIDENT,Driver,0,,-,839,L.DASH,韓国,1278,YS*DAD,韓国,1806,CHLOE,韓国,0,,-
RESIDENT,EXODUS SIGN,0,,-,1160,-TIC-,韓国,1745,PXERO,韓国,2719,KKM*,韓国,0,,-
RESIDENT,Fading Stars,0,,-,1045,ENVY*,韓国,1631,YS*DAD,韓国,2721,FAFNIR,韓国,0,,-
RESIDENT,FLARE -炎舞- ft.Nana Takahashi,0,,-,979,PTREE,韓国,1756,KRVIZE,韓国,2902,DON*,韓国,0,,-
RESIDENT,Get On Your Feet,0,,-,1044,HARE*,韓国,1768,68MA,韓国,2749,NEON,韓国,0,,-
RESIDENT,GET UP AGAIN,0,,-,1030,YSK,韓国,1685,DON*X1,韓国,2448,UTSUHO,韓国,0,,-
RESIDENT,glacia,0,,-,1147,GORGUG,韓国,2085,LAO,韓国,2979,CHEPY.,韓国,0,,-
RESIDENT,Hat Surprise (Season 2),0,,-,966,ENVY*,韓国,1792,BEAN*,韓国,3438,NEON,韓国,0,,-
RESIDENT,I,0,,-,1161,KRVIZE,韓国,2203,ZERO.,韓国,3733,KKM*,韓国,0,,-
RESIDENT,KING,428,-TIC-,韓国,935,BYERDN,韓国,1964,WDG*,韓国,3102,CHARM,韓国,3957,KKM*,韓国
RESIDENT,kors k's How to make OTOGE CORE 「LONG」,0,,-,1133,KRVIZE,韓国,2324,GUMANH,韓国,3682,KKM*,韓国,0,,-
RESIDENT,LADS,0,,-,882,NWJNS,韓国,1645,FA03,韓国,2305,KKM*,韓国,0,,-
RESIDENT,Level 4,0,,-,1182,HANYUU,韓国,2064,SUYOI,韓国,3691,KKM*,韓国,0,,-
RESIDENT,LOUDER ROLLING THUNDER,0,,-,1057,KRVIZE,韓国,1880,KOTOKO,韓国,3482,KKM*,韓国,0,,-
RESIDENT,MAX 360,0,,-,1056,L.DASH,韓国,2287,PXX,韓国,3193,NEON,韓国,0,,-
RESIDENT,Meissa,0,,-,862,HARE*,韓国,1552,BYERDN,韓国,2855,KKM*,韓国,0,,-
RESIDENT,Next Level,0,,-,898,ENVY*,韓国,1591,FA03,韓国,2186,CHLOE,韓国,0,,-
RESIDENT,No Border,0,,-,1060,KEIRIN,韓国,1915,RIARA,韓国,3746,KKM*,韓国,0,,-
RESIDENT,ONE AND ONLY,0,,-,1096,MIN,韓国,1783,CLST,韓国,3252,KKM*,韓国,0,,-
RESIDENT,Ou Legends,0,,-,1097,HARE*,韓国,2121,UTSUHO,韓国,3324,CHLOE,韓国,0,,-
RESIDENT,OVER VOLTAGE,0,,-,992,NWJNS,韓国,1768,PXERO,韓国,2638,CHARM,韓国,0,,-
RESIDENT,Peaktime Booster,0,,-,1050,DXR*XD,韓国,1807,EUN,韓国,3311,KKM*,韓国,0,,-
RESIDENT,Perfect Plan,0,,-,1047,HARE*,韓国,1525,MIN,韓国,2635,NEON,韓国,0,,-
RESIDENT,Programmed Genom,0,,-,995,HARE*,韓国,1618,WHITE.,韓国,2419,NEON,韓国,0,,-
RESIDENT,Red Soul,0,,-,879,LEE,韓国,1624,DOKSEN,韓国,2919,CHLOE,韓国,0,,-
RESIDENT,Rewind Time,0,,-,646,HAKAN8,韓国,1272,YS*DAD,韓国,2211,CHLOE,韓国,0,,-
RESIDENT,RINNE,0,,-,1067,ANDES,韓国,2317,BEAN*,韓国,3546,KKM*,韓国,0,,-
RESIDENT,Ruler or Loser,0,,-,931,KRVIZE,韓国,1634,YS*DAD,韓国,2673,DON*,韓国,0,,-
RESIDENT,Seraph,0,,-,917,HARE*,韓国,1788,TINA,韓国,2444,.,韓国,0,,-
RESIDENT,Shadow World,0,,-,982,CTPLT*,韓国,1644,YS*DAD,韓国,2732,UTSUHO,韓国,0,,-
RESIDENT,Shamshir,0,,-,930,NWJNS,韓国,1456,FA03,韓国,2250,KKM*,韓国,0,,-
RESIDENT,Somnidiscotheque,0,,-,1319,FA03,韓国,2057,CHEPY.,韓国,3433,KKM*,韓国,0,,-
RESIDENT,STAR BEAT,0,,-,773,HARE*,韓国,1717,YS*DAD,韓国,2436,999999,韓国,0,,-
RESIDENT,STRAIGHT TO THE STARS,0,,-,987,KRVIZE,韓国,1700,YS*DAD,韓国,3001,NEON,韓国,0,,-
RESIDENT,Stylus,0,,-,1047,NWJNS,韓国,1911,MKP-04,韓国,2875,FAFNIR,韓国,0,,-
RESIDENT,Summerblue,337,-TIC-,韓国,937,NWJNS,韓国,1690,YS*DAD,韓国,2457,DON*,韓国,0,,-
RESIDENT,Sunny Day Vibes,0,,-,885,NWJNS,韓国,1621,YS*DAD,韓国,2294,NEON,韓国,0,,-
RESIDENT,Super Freak,0,,-,1108,BYERDN,韓国,1880,BEAN*,韓国,3481,NEON,韓国,0,,-
RESIDENT,suspicions,0,,-,1079,?TRAIT,韓国,2287,FA03,韓国,3787,KKM*,韓国,0,,-
RESIDENT,Swing My Wonderland,0,,-,1214,HARE*,韓国,2291,DON*X1,韓国,3119,FAFNIR,韓国,0,,-
RESIDENT,TECHNOPHOBIA,0,,-,768,NWJNS,韓国,1684,EUN,韓国,3064,KKM*,韓国,0,,-
RESIDENT,The Clown of 24stairs,0,,-,1024,BISKO0,韓国,2074,TINA,韓国,3492,KKM*,韓国,0,,-
RESIDENT,THE TIME MACHINE,0,,-,996,HARE*,韓国,1732,MKP-04,韓国,2684,FAFNIR,韓国,0,,-
RESIDENT,VOID,0,,-,1318,NEON,韓国,1802,GUMANH,韓国,3345,NEON,韓国,0,,-
RESIDENT,VOLAQUAS,0,,-,1280,KRVIZE,韓国,2209,CHLOE,韓国,3939,KKM*,韓国,0,,-
RESIDENT,VOLCANIC BIGBEAT,0,,-,1011,KRVIZE,韓国,1652,DORO.,韓国,2872,KKM*,韓国,0,,-
RESIDENT,"wanna be a ""BAD GIRL"" feat. Nana Takahashi",0,,-,748,-TIC-,韓国,1314,FA03,韓国,2052,CHLOE,韓国,0,,-
RESIDENT,With You,0,,-,823,BYERDN,韓国,1488,DXR*GT,韓国,2584,DON*,韓国,0,,-
RESIDENT,Xerulean,0,,-,1255,KRVIZE,韓国,1990,GG*,韓国,3536,KKM*,韓国,0,,-
RESIDENT,ZENITH,0,,-,1122,IIDX28,韓国,1936,PXERO,韓国,3034,DON*,韓国,0,,-
RESIDENT,[ ]DENTITY,0,,-,1131,JMT,韓国,2092,ICHIKA,韓国,3936,CHEPY.,韓国,0,,-
RESIDENT,≡+≡,579,-TIC-,韓国,1371,BISCO,韓国,2089,BEAN*,韓国,3037,NEON,韓国,4652,KKM*,韓国
RESIDENT,■□模様,0,,-,836,NWJNS,韓国,1553,FA03,韓国,2641,SIGSIG,韓国,0,,-
RESIDENT,《ORDERBREAKER》,0,,-,885,TIST,韓国,1477,K.H.B,韓国,2494,DON*,韓国,0,,-
RESIDENT,あるビー！ feat.ころねぽち,0,,-,954,KRVIZE,韓国,1649,NOT2D,韓国,2852,SIGSIG,韓国,0,,-
RESIDENT,おとせサンダー,214,DON*X1,韓国,579,EVASVA,韓国,1194,YS*DAD,韓国,2156,GEHO,韓国,0,,-
RESIDENT,きゅんです。,0,,-,702,HW-,韓国,1438,FA03,韓国,2353,KKM*,韓国,0,,-
RESIDENT,ぞうしょく！？マイデンティティ,0,,-,1116,KSTRAH,韓国,2280,REAL,韓国,3682,KKM*,韓国,0,,-
RESIDENT,ちょえちょえまぎか,0,,-,1188,KRVIZE,韓国,2251,TINA,韓国,3055,CHEPY.,韓国,4182,NEON,韓国
RESIDENT,サヨナラ・ヘヴン-Celtic Chip Dance Mix-,0,,-,784,HARE*,韓国,1518,FA03,韓国,2627,DON*,韓国,0,,-
RESIDENT,チェイスチェイスジョーカーズのうた (オニスタイルリミックス),0,,-,879,HARUNA,韓国,1658,K.H.B,韓国,2846,.,韓国,0,,-
RESIDENT,パーフェクトイーター,0,,-,1113,ENVY*,韓国,1983,Y1Y,韓国,3045,NEON,韓国,0,,-
RESIDENT,儚キ戀ノ幻想譚,580,-TIC-,韓国,1566,BYERDN,韓国,2262,BEAN*,韓国,3592,KKM*,韓国,0,,-
RESIDENT,少年リップルズ,0,,-,881,OYAYUB,韓国,1763,YS*DAD,韓国,2476,CHARM,韓国,0,,-
RESIDENT,恋愛＝精度×認識力,0,,-,1501,JMT,韓国,2264,DORO,韓国,3435,KKM*,韓国,0,,-
RESIDENT,惑星☆ロリポップ,0,,-,758,L.DASH,韓国,1558,GYUN,韓国,2844,KKM*,韓国,0,,-
RESIDENT,昏き甲鉄のヴェルガ,0,,-,829,HARE*,韓国,1592,YS*DAD,韓国,2348,7TSUHI,韓国,0,,-
RESIDENT,月と夢の跡 ft. マナ,0,,-,849,NWJNS,韓国,1531,BEAN*,韓国,2536,DON*,韓国,0,,-
RESIDENT,栄冠のカンパネラ,0,,-,1273,XUEHUA,韓国,2129,XD,韓国,3981,KKM*,韓国,0,,-
RESIDENT,楽園追放,0,,-,863,?TRAIT,韓国,1542,FA03,韓国,2439,DON*,韓国,0,,-
RESIDENT,湘南ロンリーMIDNIGHT RAIN,0,,-,909,HARE*,韓国,1793,PXERO,韓国,2864,GEHO,韓国,0,,-
RESIDENT,異心前進♪ぴょんぴょんぴょん,0,,-,1020,NWJNS,韓国,1658,------,韓国,2513,ALIEN,韓国,0,,-
RESIDENT,真夜中のバベル,0,,-,656,HARE*,韓国,1163,YS*DAD,韓国,1743,DON*,韓国,0,,-
RESIDENT,神っぽいな,352,-TIC-,韓国,723,?TRAIT,韓国,1418,YS*DAD,韓国,2149,DON*,韓国,3116,KKM*,韓国
RESIDENT,神のシナリオ,0,,-,1023,NWJNS,韓国,1747,ISLQYN,韓国,3294,KKM*,韓国,0,,-
RESIDENT,罪過の聖堂,0,,-,729,*,韓国,1310,CHLOE,韓国,2098,FAFNIR,韓国,0,,-
RESIDENT,輪廻の鴉,0,,-,853,HARUNA,韓国,1736,JMT,韓国,2751,SIGSIG,韓国,0,,-
RESIDENT,雨のちパノラマセカイ,0,,-,769,-TIC-,韓国,1349,JMT,韓国,2213,SIGSIG,韓国,0,,-
RESIDENT,響花水月,0,,-,1140,-TIC-,韓国,1801,SUBARU,韓国,2951,NEON,韓国,0,,-
EPOLIS,20XX,0,,-,1159,ENGAWA,韓国,1789,CLST,韓国,2728,KKM*,韓国,0,,-
EPOLIS,ACT0,0,,-,1214,ENGAWA,韓国,2109,S-WA?G,韓国,3039,DON*,韓国,0,,-
EPOLIS,Aeterna,0,,-,956,ENGAWA,韓国,1580,FA03,韓国,2568,FAFNIR,韓国,0,,-
EPOLIS,Akatsuki,0,,-,950,ENGAWA,韓国,1558,FA03,韓国,2270,CHARM,韓国,0,,-
EPOLIS,Ambivalent Vermilia,0,,-,1524,OYAYUB,韓国,2448,SIGSIG,韓国,4214,KKM*,韓国,0,,-
EPOLIS,Amethyst,0,,-,1250,ENGAWA,韓国,1840,DON*X1,韓国,2634,DON*,韓国,0,,-
EPOLIS,Bitter & Lucky,0,,-,757,044APD,韓国,1366,FA03,韓国,2564,DON*,韓国,0,,-
EPOLIS,BLAZING_LAZER,0,,-,1181,ENGAWA,韓国,2154,KKM*,韓国,3458,NEON,韓国,0,,-
EPOLIS,CADENZA,0,,-,1517,EUN,韓国,2514,UTSUHO,韓国,4643,KKM*,韓国,0,,-
EPOLIS,Chemical Colours,0,,-,982,KRVIZE,韓国,1995,YS*DAD,韓国,2828,DON*,韓国,0,,-
EPOLIS,CODE:2,0,,-,1023,KISCAR,韓国,1766,CHEERS,韓国,2980,DON*,韓国,0,,-
EPOLIS,COUNTING SHEEP ft. Kanae Asaba,0,,-,647,KISCAR,韓国,1235,MUN-G,韓国,2228,F,韓国,0,,-
EPOLIS,Cult Invitation,0,,-,1197,HYONI,韓国,1929,SIGSIG,韓国,3559,KKM*,韓国,0,,-
EPOLIS,Dahlia,0,,-,1253,HYONI,韓国,2079,WDG*,韓国,3205,KKM*,韓国,0,,-
EPOLIS,DAZZLE ATTACK,523,KEIRIN,韓国,946,ENGAWA,韓国,1668,BYERDN,韓国,2864,CHARM,韓国,0,,-
EPOLIS,Deep Sea Mystery,0,,-,1004,YSK,韓国,1412,WONTIK,韓国,1988,CHLOE,韓国,0,,-
EPOLIS,Demon March,0,,-,1406,JMT,韓国,2343,WDG*,韓国,3709,KKM*,韓国,0,,-
EPOLIS,Echoes of Sunfall,0,,-,910,NWJNS,韓国,1612,YS*DAD,韓国,3023,DON*,韓国,0,,-
EPOLIS,frequent,0,,-,1283,ENGAWA,韓国,2292,EUN,韓国,3778,KKM*,韓国,0,,-
EPOLIS,GAME ON,0,,-,1287,-TIC-,韓国,2201,WEN.D,韓国,2756,KKM*,韓国,0,,-
EPOLIS,Get Higher,0,,-,918,YSK,韓国,1723,YS*DAD,韓国,2325,NEON,韓国,0,,-
EPOLIS,Get Wicked,0,,-,772,NWJNS,韓国,1452,FA03,韓国,2492,KKM*,韓国,0,,-
EPOLIS,Ghost Pulse,0,,-,1044,OYAYUB,韓国,1650,DON*X1,韓国,2810,KKM*,韓国,0,,-
EPOLIS,Glitch N Ride,0,,-,860,*,韓国,1523,WEL?CH,韓国,2706,.,韓国,0,,-
EPOLIS,GloriosA,0,,-,1182,ENGAWA,韓国,1946,YS*DAD,韓国,2871,DON*,韓国,0,,-
EPOLIS,GLORIOUS HAMMER,0,,-,1036,KRVIZE,韓国,1912,BYERDN,韓国,3143,CHLOE,韓国,0,,-
EPOLIS,Hard Breaker,0,,-,662,HAKAN8,韓国,1561,FA03,韓国,2546,NEON,韓国,0,,-
EPOLIS,Hat Surprise (Season 3),0,,-,1088,KIPPIE,韓国,2070,S-WA?G,韓国,2763,NEON,韓国,0,,-
EPOLIS,i-ii,0,,-,995,YSK,韓国,1772,DON*X1,韓国,2969,DON*,韓国,0,,-
EPOLIS,INHERITANCE,0,,-,1011,KRVIZE,韓国,1794,WDG*,韓国,2850,CHARM,韓国,3638,KKM*,韓国
EPOLIS,Iris,396,KRVIZE,韓国,834,BYERDN,韓国,1462,KRVIZE,韓国,2216,NEON,韓国,0,,-
EPOLIS,Jumper,0,,-,769,HASE.P,韓国,1496,FA03,韓国,2420,CHARM,韓国,0,,-
EPOLIS,Just Gimme,0,,-,893,NWJNS,韓国,1643,YS*DAD,韓国,2777,NEON,韓国,0,,-
EPOLIS,JUSTICE/GUILTY feat. Nana Takahashi & 709sec.,0,,-,1648,ENGAWA,韓国,2429,#GB,韓国,3899,KKM*,韓国,0,,-
EPOLIS,Level 5,0,,-,1310,HYONI,韓国,2437,FA03,韓国,3782,KKM*,韓国,0,,-
EPOLIS,MAXIMUM CHEAT GIRL,0,,-,1158,ENGAWA,韓国,2197,SD,韓国,3613,CHLOE,韓国,0,,-
EPOLIS,Million Dollar,0,,-,1179,OYAYUB,韓国,1971,AEL*,韓国,3473,NEON,韓国,0,,-
EPOLIS,Monkey Business,0,,-,726,OYAYUB,韓国,1611,CHLOE,韓国,2628,KKM*,韓国,0,,-
EPOLIS,Mukade,0,,-,1110,ENGAWA,韓国,1881,DON*X1,韓国,3279,DON*,韓国,0,,-
EPOLIS,My Sweet Bird?,0,,-,766,NWJNS,韓国,1515,FA03,韓国,2202,7TSUHI,韓国,0,,-
EPOLIS,NEEDLESS MY LOVE FOR YOU,0,,-,988,CTPLT*,韓国,1643,DON*X1,韓国,2445,CHEPY.,韓国,0,,-
EPOLIS,Out of Control,0,,-,1119,HYONI,韓国,2162,....,韓国,3128,KKM*,韓国,0,,-
EPOLIS,out of disk space,0,,-,1006,HARE*,韓国,1754,XUEHUA,韓国,2602,CHARM,韓国,0,,-
EPOLIS,PILGRIM,0,,-,934,ENGAWA,韓国,1703,K,韓国,2753,DON*,韓国,0,,-
EPOLIS,Psychedelic Intelligence,0,,-,725,DSA431,韓国,1812,YS*DAD,韓国,2839,OYAYUB,韓国,0,,-
EPOLIS,Red Determination,0,,-,989,HARE*,韓国,1558,YS*DAD,韓国,2683,CHARM,韓国,0,,-
EPOLIS,Resonant,0,,-,1042,ENGAWA,韓国,2357,FA03,韓国,3710,KKM*,韓国,0,,-
EPOLIS,Riff//rain,207,DON*X1,韓国,709,ENGAWA,韓国,1259,FA03,韓国,1814,CHARM,韓国,0,,-
EPOLIS,See You Again,0,,-,1130,ENGAWA,韓国,1714,SUJEBI,韓国,3160,KKM*,韓国,0,,-
EPOLIS,Seven Times Four,0,,-,1023,NWJNS,韓国,1871,ENVY*,韓国,3512,DON*,韓国,0,,-
EPOLIS,Shapeshifter,0,,-,938,C3H8,韓国,1609,CHAARU,韓国,2541,FAFNIR,韓国,0,,-
EPOLIS,Sirius,0,,-,930,HARE*,韓国,1575,CTPLT*,韓国,3248,NEON,韓国,0,,-
EPOLIS,So What,0,,-,595,?TRAIT,韓国,1050,CERKIT,韓国,1850,SIGSIG,韓国,0,,-
EPOLIS,SOLAR ECLIPSE,0,,-,1412,JMT,韓国,2379,SONINM,韓国,3715,KKM*,韓国,0,,-
EPOLIS,Speculation,0,,-,957,ENGAWA,韓国,1673,K.H.B,韓国,3041,KKM*,韓国,0,,-
EPOLIS,squall,0,,-,1139,GORGUG,韓国,1694,CTPLT*,韓国,2693,DON*,韓国,0,,-
EPOLIS,Stereo Beasts,0,,-,1279,HARE*,韓国,2370,AJS,韓国,3727,KKM*,韓国,0,,-
EPOLIS,Submerge Serenade,0,,-,974,NWJNS,韓国,1773,YS*DAD,韓国,2971,DON*,韓国,4194,DON*,韓国
EPOLIS,Sword of Vengeance,0,,-,1347,ENGAWA,韓国,2144,#GB,韓国,3283,NEON,韓国,0,,-
EPOLIS,T.R.O.L.L.,0,,-,972,CHEERS,韓国,1583,EUN,韓国,2642,KKM*,韓国,0,,-
EPOLIS,The Last Apocalypse,0,,-,1329,XUEHUA,韓国,2447,JUN,韓国,3756,NEON,韓国,0,,-
EPOLIS,The Onlyonez,0,,-,876,LUMI,韓国,1681,TINA,韓国,3147,CHLOE,韓国,0,,-
EPOLIS,This Is Club Musik feat. 大久保紅葉,0,,-,1048,ENGAWA,韓国,1701,WDG*,韓国,2673,DON*,韓国,0,,-
EPOLIS,Time Distortion pt.2(IIDX Edit),0,,-,1247,ENGAWA,韓国,1959,CLST,韓国,2981,DON*,韓国,0,,-
EPOLIS,TITANIUM RIDERS,0,,-,875,ENGAWA,韓国,1506,FA03,韓国,2124,SIGSIG,韓国,0,,-
EPOLIS,Too Late Snow,0,,-,722,NWJNS,韓国,1286,JMT,韓国,2021,ALIEN,韓国,0,,-
EPOLIS,TRIP THE DEEP,0,,-,959,68MA,韓国,1649,CHLOE,韓国,2565,DON*,韓国,0,,-
EPOLIS,Tripping Jumping,0,,-,795,KEIRIN,韓国,1566,PXERO,韓国,2321,KKM*,韓国,0,,-
EPOLIS,Vermilion Carol,0,,-,1344,HYONI,韓国,2212,WDG*,韓国,3636,.,韓国,0,,-
EPOLIS,Vulnerability,0,,-,1316,YS*DAD,韓国,1922,JUN,韓国,3702,KKM*,韓国,0,,-
EPOLIS,WaterCube Pf.(RX-Ver.S.P.L.),0,,-,560,ENGAWA,韓国,1342,FA03,韓国,2220,DON*,韓国,0,,-
EPOLIS,winkle 2 winkle,0,,-,1054,OYAYUB,韓国,1872,GG*,韓国,2815,DON*,韓国,0,,-
EPOLIS,Xb10r,0,,-,1207,OYAYUB,韓国,2363,SIGSIG,韓国,3625,NEON,韓国,0,,-
EPOLIS,ZEROIN ON THE LIGHT,0,,-,1040,?TRAIT,韓国,1749,DON*X1,韓国,2677,GEHO,韓国,0,,-
EPOLIS,《PL|RAYER》,0,,-,918,CHEERS,韓国,1707,TINA,韓国,2831,KKM*,韓国,0,,-
EPOLIS,ちゅ、多様性。,220,DON*X1,韓国,512,-TIC-,韓国,1094,CHAARU,韓国,1924,CHARM,韓国,2274,KKM*,韓国
EPOLIS,ないないルーティン,0,,-,556,KRVIZE,韓国,1364,FA03,韓国,2097,KKM*,韓国,0,,-
EPOLIS,めうめうぺったんたん！！ (ZAQUVA Remix),0,,-,938,HARUNA,韓国,1877,YS*DAD,韓国,2810,KKM*,韓国,0,,-
EPOLIS,れとりば！,0,,-,849,ENGAWA,韓国,1330,FA03,韓国,2062,CHARM,韓国,0,,-
EPOLIS,アイドル,282,DON*X1,韓国,848,JADE,韓国,1443,BM**,韓国,2613,CHARM,韓国,3193,CHARM,韓国
EPOLIS,アタシ完全絶対正義ちゃん！,0,,-,962,ENGAWA,韓国,1529,JMT,韓国,2150,CHARM,韓国,0,,-
EPOLIS,シンデレラ,526,ENVY*,韓国,807,NWJNS,韓国,1525,GG*,韓国,2233,CHARM,韓国,0,,-
EPOLIS,センチメンタル・サマー,0,,-,631,HARE*,韓国,1268,FA03,韓国,1999,CHLOE,韓国,0,,-
EPOLIS,デビルじゃないもん,335,ENGAWA,韓国,805,ENGAWA,韓国,1361,FA03,韓国,2103,KKM*,韓国,0,,-
EPOLIS,フォニイ,619,HYONI,韓国,1209,HYONI,韓国,1988,BYERDN,韓国,2907,CHARM,韓国,3950,KKM*,韓国
EPOLIS,ポラリスノウタ,295,MIN,韓国,801,HARE*,韓国,1569,JMT,韓国,2276,CHARM,韓国,0,,-
EPOLIS,マーシャル・マキシマイザー,419,ENGAWA,韓国,793,ENGAWA,韓国,1425,YS*DAD,韓国,2163,CHARM,韓国,0,,-
EPOLIS,ラビットホール,673,68MA,韓国,1378,ENGAWA,韓国,2082,WDG*,韓国,2937,KKM*,韓国,0,,-
EPOLIS,リメンバーリメンバー,0,,-,494,ENGAWA,韓国,956,FA03,韓国,1702,DON*,韓国,0,,-
EPOLIS,今宵、ロマンス横丁。,0,,-,1104,HYONI,韓国,2212,WIND*,韓国,3383,KKM*,韓国,0,,-
EPOLIS,勇者,358,-TIC-,韓国,793,HIHU,韓国,1420,BEAN*,韓国,2488,DON*,韓国,0,,-
EPOLIS,可愛くてごめん,283,DON*X1,韓国,607,68MA,韓国,1306,BISKO0,韓国,2266,CHARM,韓国,2814,CHARM,韓国
EPOLIS,唱,192,DON*X1,韓国,443,-TIC-,韓国,1009,FA03,韓国,1778,FAFNIR,韓国,0,,-
EPOLIS,夏風邪デスコ,314,DON*X1,韓国,807,OYAYUB,韓国,1737,PXERO,韓国,2675,KKM*,韓国,0,,-
EPOLIS,夢縁,0,,-,1163,ENGAWA,韓国,2101,.,韓国,3025,DON*,韓国,0,,-
EPOLIS,寝起きヤシの木,462,ENGAWA,韓国,1042,ENGAWA,韓国,1802,WDG*,韓国,2819,DON*,韓国,3626,KKM*,韓国
EPOLIS,惑星鉄道,0,,-,1108,WDG*,韓国,2131,CHLOE,韓国,3122,CHEPY.,韓国,0,,-
EPOLIS,愛包ダンスホール,350,DON*X1,韓国,932,GAGMAN,韓国,1382,FA03,韓国,2592,CHEPY.,韓国,0,,-
EPOLIS,摩天楼,0,,-,606,RUBYY,韓国,1474,MALNIM,韓国,2607,CHEPY.,韓国,0,,-
EPOLIS,未完成ノ蒸氣驅動乙女,0,,-,1060,ENGAWA,韓国,2091,SSC,韓国,3023,KKM*,韓国,0,,-
EPOLIS,果たせぬ約束 ft. 小林マナ,0,,-,1128,ENGAWA,韓国,1942,DON*X1,韓国,3024,DON*,韓国,0,,-
EPOLIS,残像ニ繋ガレタ追憶ノHIDEAWAY,0,,-,1133,ENGAWA,韓国,2310,UTSUHO,韓国,3571,CHEPY.,韓国,0,,-
EPOLIS,流桜ノ門,0,,-,988,ENGAWA,韓国,1581,FA03,韓国,2146,CHLOE,韓国,0,,-
EPOLIS,"灼熱Beach Side Bunny (かめりあ's ""Summertime D'n'B"" Remix)",0,,-,1028,HYONI,韓国,1933,WDG*,韓国,3275,KKM*,韓国,0,,-
EPOLIS,神様、つれない。,0,,-,681,CHEERS,韓国,1414,FA03,韓国,2162,NEON,韓国,0,,-
EPOLIS,終焔のClaudia,0,,-,1260,KRVIZE,韓国,1856,GGS*,韓国,2761,NEON,韓国,0,,-
EPOLIS,酔いどれ知らず,276,YODAYO,韓国,800,ENGAWA,韓国,1210,EPOS,韓国,2230,CHEPY.,韓国,0,,-
EPOLIS,閉塞的フレーション,0,,-,977,?TRAIT,韓国,1525,NEOPHY,韓国,2438,CHARM,韓国,0,,-
EPOLIS,雫,0,,-,945,KISCAR,韓国,1917,JADE,韓国,2691,SUYOI,韓国,0,,-
EPOLIS,電光,0,,-,1029,HYONI,韓国,1855,SUYOI,韓国,3102,KKM*,韓国,0,,-
EPOLIS,電子になりたい,0,,-,742,NWJNS,韓国,1382,SUJEBI,韓国,2027,DON*,韓国,0,,-
EPOLIS,電腦都市,0,,-,1388,ENVY*,韓国,2224,LUNE,韓国,3456,KKM*,韓国,0,,-
Pinky Crush,1116,0,,-,1105,NOT2D,韓国,2020,BEAN*,韓国,3131,KKM*,韓国,0,,-
Pinky Crush,ADAMANT,0,,-,1104,-TIC-,韓国,1850,JMT,韓国,3057,KKM*,韓国,0,,-
Pinky Crush,Aqvion,0,,-,1186,DON*X1,韓国,1996,CHARM,韓国,3533,KKM*,韓国,0,,-
Pinky Crush,Arcanos,0,,-,655,?TRAIT,韓国,1151,JMT,韓国,2002,CHARM,韓国,0,,-
Pinky Crush,Bang-Boo Bumble,0,,-,1141,DON*X1,韓国,1945,CHEERS,韓国,2939,NEON,韓国,0,,-
Pinky Crush,Bling-Bang-Bang-Born,343,ENVY*,韓国,642,ENGAWA,韓国,1151,EUN,韓国,1985,CHARM,韓国,2187,DON*,韓国
Pinky Crush,Bring The Fire,0,,-,1136,KISCAR,韓国,1909,DON*X1,韓国,3453,KKM*,韓国,0,,-
Pinky Crush,Butterfly Twist,0,,-,938,BISKO0,韓国,1569,MALNIM,韓国,2727,UTSUHO,韓国,0,,-
Pinky Crush,CHAOTIC SUNBIRD,0,,-,1132,ENGAWA,韓国,1688,CHEERS,韓国,3312,DON*,韓国,0,,-
Pinky Crush,Chasing After YOU ～夢の欠片～ ft. 小林マナ,0,,-,984,DON*X1,韓国,1441,REAL,韓国,2063,KKM*,韓国,0,,-
Pinky Crush,Constellation,0,,-,876,29219.,韓国,1826,DON*X1,韓国,2856,DON*,韓国,0,,-
Pinky Crush,COSMIC V3LOCITY,0,,-,1176,29219.,韓国,2230,MINI,韓国,3416,KKM*,韓国,0,,-
Pinky Crush,Cross Fire,0,,-,1021,YSK,韓国,2154,BRHD,韓国,3445,KKM*,韓国,0,,-
Pinky Crush,destination,0,,-,919,JIUK,韓国,2216,BEAN*,韓国,3389,KKM*,韓国,0,,-
Pinky Crush,Digital Radiance,0,,-,1108,ENGAWA,韓国,1379,*SLIT*,韓国,2036,CHARM,韓国,0,,-
Pinky Crush,DIVINE JUDGEMENT,0,,-,984,SILEN,韓国,1921,KOTOKO,韓国,2823,KKM*,韓国,0,,-
Pinky Crush,Dreamship,0,,-,821,NWJNS,韓国,1340,DON*X1,韓国,1956,CHARM,韓国,0,,-
Pinky Crush,Drop Syndicate,0,,-,1157,OYAYUB,韓国,1874,WEL?CH,韓国,3693,KKM*,韓国,0,,-
Pinky Crush,Eleanor,0,,-,779,ENGAWA,韓国,1191,BISKO0,韓国,2426,CHARM,韓国,0,,-
Pinky Crush,ELYSIUM,0,,-,886,NWJNS,韓国,1530,CLST,韓国,2748,DON*,韓国,0,,-
Pinky Crush,everlastingeuphoria:,0,,-,540,272,韓国,1673,FA03,韓国,2481,DON*,韓国,0,,-
Pinky Crush,EX-MASSIVE FIGHTER,0,,-,1134,NWJNS,韓国,2078,WIND*,韓国,3426,CHEPY.,韓国,0,,-
Pinky Crush,EYE OF THE HEAVEN,0,,-,1006,REAL,韓国,2352,CYLON,韓国,3611,KKM*,韓国,0,,-
Pinky Crush,FERMI PARADOX,0,,-,1119,ENGAWA,韓国,1635,GG*,韓国,2542,CHARM,韓国,0,,-
Pinky Crush,Fiery Stallion,0,,-,848,ENGAWA,韓国,1687,KKM*,韓国,2435,NEON,韓国,0,,-
Pinky Crush,Flamingo,0,,-,1051,CHEERS,韓国,2321,FA03,韓国,3542,KKM*,韓国,0,,-
Pinky Crush,FlyAway,0,,-,1160,YSK,韓国,2082,KKM*,韓国,3279,KKM*,韓国,0,,-
Pinky Crush,Galaxy Collapse,0,,-,745,NANGGU,韓国,1262,FA03,韓国,1919,CHARM,韓国,0,,-
Pinky Crush,get set mind,0,,-,998,OYAYUB,韓国,1555,CTPLT*,韓国,2459,CHARM,韓国,0,,-
Pinky Crush,God Mind,0,,-,1441,ENVY*,韓国,2653,SIGSIG,韓国,4236,KKM*,韓国,0,,-
Pinky Crush,Good Looking,0,,-,621,HARUNA,韓国,1299,FA03,韓国,2090,CHARM,韓国,0,,-
Pinky Crush,Here We Go Now,0,,-,1062,YSK,韓国,2188,BEAN*,韓国,3371,KKM*,韓国,0,,-
Pinky Crush,hora de verdad,0,,-,1038,-TIC-,韓国,2073,UTSUHO,韓国,3089,KKM*,韓国,0,,-
Pinky Crush,IN BETWEEN,0,,-,916,DON*X1,韓国,1434,NEOPHY,韓国,2396,CHARM,韓国,0,,-
Pinky Crush,KOTONOHA ft. Kotoha,0,,-,813,ENGAWA,韓国,1296,WDG*,韓国,1987,CHARM,韓国,0,,-
Pinky Crush,Lightspeed,0,,-,1265,C-PAIN,韓国,2061,BEAN*,韓国,3194,KKM*,韓国,0,,-
Pinky Crush,lowercase lifetime,0,,-,952,MIN,韓国,2084,DON*X1,韓国,2800,KKM*,韓国,0,,-
Pinky Crush,Lycoris,0,,-,775,DON*X1,韓国,1360,TINA,韓国,2052,CHARM,韓国,0,,-
Pinky Crush,MARLIN,0,,-,1011,HARUNA,韓国,2274,FA03,韓国,3572,CHEPY.,韓国,0,,-
Pinky Crush,Mid-Corner (Magic Maker),0,,-,1140,JMT,韓国,1941,AEL*,韓国,3184,KKM*,韓国,0,,-
Pinky Crush,Mighty Cutie,0,,-,1119,NWJNS,韓国,1977,MKP-04,韓国,2778,CHARM,韓国,0,,-
Pinky Crush,MVP,0,,-,839,NWJNS,韓国,1505,GG*,韓国,2623,DON*,韓国,0,,-
Pinky Crush,NOIXIA,0,,-,1329,ENGAWA,韓国,2241,LAO,韓国,4017,CHEPY.,韓国,0,,-
Pinky Crush,PERFECT HUMAN,513,-TIC-,韓国,816,JADE,韓国,1281,JMT,韓国,2233,CHARM,韓国,0,,-
Pinky Crush,Pinky Happy Crazy,0,,-,1311,CHABO,韓国,2514,FA03,韓国,3631,KKM*,韓国,0,,-
Pinky Crush,PIT A PAT,0,,-,970,NWJNS,韓国,1802,BEAN*,韓国,2593,CHARM,韓国,0,,-
Pinky Crush,Plazma,262,ENGAWA,韓国,679,IIDX28,韓国,1198,WDG*,韓国,2037,CHARM,韓国,2846,KKM*,韓国
Pinky Crush,Plea Per Phase,0,,-,1027,CHEERS,韓国,1711,TINA,韓国,2785,NEON,韓国,0,,-
Pinky Crush,PopなEDEN,0,,-,887,NANGGU,韓国,1554,DEVIL*,韓国,2463,CHLOE,韓国,0,,-
Pinky Crush,Raspberry Potion (feat.あれたん & ぎゃるのしん☆),0,,-,893,CLST,韓国,1789,MOL?RU,韓国,2521,NEON,韓国,0,,-
Pinky Crush,RAVE SYNDROME,0,,-,914,NWJNS,韓国,1703,BEAN*,韓国,2801,DON*,韓国,0,,-
Pinky Crush,Roar of Chronos,0,,-,1093,ZAHLEN,韓国,2165,MAPLZE,韓国,3978,KKM*,韓国,0,,-
Pinky Crush,Satellite Burst,0,,-,1166,MIN,韓国,2152,EUN,韓国,3948,CHEPY.,韓国,0,,-
Pinky Crush,Secret Rouge,0,,-,809,ENGAWA,韓国,1644,MOCHA,韓国,2330,CHARM,韓国,0,,-
Pinky Crush,Shirdal,0,,-,841,CHEERS,韓国,1494,CHEERS,韓国,2525,KKM*,韓国,0,,-
Pinky Crush,Show Me All Your Love,0,,-,1047,29219.,韓国,1976,MKP-04,韓国,2959,DON*,韓国,0,,-
Pinky Crush,SISYPHUS,0,,-,929,JMT,韓国,1705,WDG*,韓国,2725,.,韓国,0,,-
Pinky Crush,Skratch Education Lv-1,0,,-,1004,EUN,韓国,1787,OYAYUB,韓国,3042,KKM*,韓国,0,,-
Pinky Crush,Slumber☆Party,0,,-,750,HARE*,韓国,1772,DXR*NK,韓国,2325,CHARM,韓国,0,,-
Pinky Crush,Space In Time,0,,-,765,-TIC-,韓国,1518,PXERO,韓国,2075,CHARM,韓国,0,,-
Pinky Crush,Stargazing Trip ～星 探す旅～ ft. 小林マナ,0,,-,1039,XUEHUA,韓国,1792,MKP-04,韓国,2687,NEON,韓国,0,,-
Pinky Crush,SUPER HEROINE!!,0,,-,858,HARUNA,韓国,1615,BEAN*,韓国,2365,NEON,韓国,0,,-
Pinky Crush,SμG@R RU$#,0,,-,1388,EUN,韓国,2473,SIGSIG,韓国,3893,KKM*,韓国,0,,-
Pinky Crush,TECHNO RUMBLE,0,,-,1151,CHEERS,韓国,1827,WDG*,韓国,2951,DON*,韓国,0,,-
Pinky Crush,u gotta beat,0,,-,1278,ENGAWA,韓国,2285,MAPLZE,韓国,3578,CHEPY.,韓国,0,,-
Pinky Crush,Uaigh Gealai,0,,-,1203,29219.,韓国,2249,FA03,韓国,3916,KKM*,韓国,0,,-
Pinky Crush,uen,0,,-,1319,JMT,韓国,1983,X,韓国,3062,KKM*,韓国,0,,-
Pinky Crush,Vibing! Shake it!,0,,-,906,NANGGU,韓国,1569,K.H.B,韓国,2520,CHARM,韓国,0,,-
Pinky Crush,Without Heaven,0,,-,1251,KRVIZE,韓国,2040,WONTIK,韓国,3760,KKM*,韓国,0,,-
Pinky Crush,XHRONOXAPSULΞ,0,,-,1133,ENGAWA,韓国,2333,BRHD,韓国,4043,KKM*,韓国,0,,-
Pinky Crush,えだまめカレークッキング,436,BYERDN,韓国,806,ENGAWA,韓国,1277,MALNIM,韓国,2231,DON*,韓国,0,,-
Pinky Crush,きみのせかい,0,,-,703,DEER,韓国,1568,K.H.B,韓国,2883,DON*,韓国,0,,-
Pinky Crush,きゅうくらりん,440,-TIC-,韓国,886,BYERDN,韓国,1657,JMT,韓国,2398,CHARM,韓国,0,,-
Pinky Crush,アラビアン ハイパー ナイト,0,,-,1001,ROCKET,韓国,1895,FA03,韓国,3347,KKM*,韓国,0,,-
Pinky Crush,イガク,318,DON*X1,韓国,849,-TIC-,韓国,1448,AHHHHH,韓国,2046,CHARM,韓国,3073,CHARM,韓国
Pinky Crush,エクスプロウル,0,,-,939,IIDX28,韓国,1561,ENVY*,韓国,2422,CHARM,韓国,0,,-
Pinky Crush,オッドラヴィ,383,-TIC-,韓国,1025,NWJNS,韓国,1751,DON*X1,韓国,2543,CHARM,韓国,0,,-
Pinky Crush,オブソミート,238,DON*X1,韓国,862,CHEERS,韓国,1364,GORGUG,韓国,2407,KKM*,韓国,0,,-
Pinky Crush,キスキツネ,198,DON*X1,韓国,879,NOBU,韓国,1477,EUN,韓国,2382,KKM*,韓国,0,,-
Pinky Crush,ギャ・ギャ・ギャ・ギャラクシー！,0,,-,864,ENGAWA,韓国,1543,ATTACK,韓国,2399,CHARM,韓国,0,,-
Pinky Crush,ゲシュタルト,393,ENGAWA,韓国,854,NWJNS,韓国,1565,EUN,韓国,2477,GEHO,韓国,3354,KKM*,韓国
Pinky Crush,スキッテイエェエエェ!!!!,0,,-,1494,KRVIZE,韓国,2538,FA03,韓国,4358,KKM*,韓国,0,,-
Pinky Crush,スパークリング☆彡ハイパーチューン！！,0,,-,1360,L.DASH,韓国,2043,SUJEBI,韓国,3679,KKM*,韓国,0,,-
Pinky Crush,ドリムチウ,0,,-,844,CHEERS,韓国,1554,EUN,韓国,2614,CHARM,韓国,0,,-
Pinky Crush,ドーナツホール 2024,349,BYERDN,韓国,950,ENGAWA,韓国,1617,REMI*,韓国,2378,.,韓国,0,,-
Pinky Crush,ハオ,298,-TIC-,韓国,821,DXR*ON,韓国,1704,CHEERS,韓国,2911,CHARM,韓国,0,,-
Pinky Crush,ハルイロメロディー,0,,-,796,MYONGK,韓国,1399,DON*X1,韓国,2220,CHARM,韓国,0,,-
Pinky Crush,ビビデバ,268,NEON,韓国,760,-TIC-,韓国,1290,EUN,韓国,2067,CHARM,韓国,0,,-
Pinky Crush,ファイナルレター,0,,-,912,TOYOPY,韓国,1854,MINI,韓国,2705,DON*,韓国,0,,-
Pinky Crush,メズマライザー,569,ENGAWA,韓国,1126,-TIC-,韓国,1785,JMT,韓国,2748,NEON,韓国,0,,-
Pinky Crush,ロマンシングエスケープ,0,,-,427,ENGAWA,韓国,1122,------,韓国,1847,CHLOE,韓国,0,,-
Pinky Crush,天使のカンタータ -Cantata of Angels-,0,,-,1234,COZY*,韓国,2155,EUN,韓国,4300,CHEPY.,韓国,0,,-
Pinky Crush,弾幕信仰,0,,-,1059,CHEERS,韓国,1608,PXERO,韓国,2532,CHARM,韓国,0,,-
Pinky Crush,我ら完全無敵のアイドル!!,243,DON*X1,韓国,1009,IIDX28,韓国,1614,ESTEL*,韓国,2558,KKM*,韓国,0,,-
Pinky Crush,断罪の一花,0,,-,875,ENGAWA,韓国,1541,DON*X1,韓国,2577,NEON,韓国,0,,-
Pinky Crush,最強頂戴girl,0,,-,840,ENGAWA,韓国,1411,JMT,韓国,2208,CHARM,韓国,0,,-
Pinky Crush,朱と碧のランページ,0,,-,948,HARUNA,韓国,1637,JMT,韓国,2529,CHARM,韓国,0,,-
Pinky Crush,消極的セツナイズム,0,,-,958,CHEERS,韓国,1506,K.H.B,韓国,2301,CHARM,韓国,0,,-
Pinky Crush,灼熱 Lost Summer Dayz,0,,-,1002,-TIC-,韓国,1869,NOBU,韓国,2868,DON*,韓国,0,,-
Pinky Crush,無双,0,,-,1090,B-PLUS,韓国,1944,BEAN*,韓国,3341,KKM*,韓国,0,,-
Pinky Crush,爆ぜりゃんせ,0,,-,945,HARUNA,韓国,1941,UTSUHO,韓国,3031,KKM*,韓国,0,,-
Pinky Crush,覚悟せよ！エンタンメ～ン ～より身の切り売り自暴自棄版～,0,,-,1017,ENGAWA,韓国,1859,JMT,韓国,2914,DON*,韓国,0,,-
Pinky Crush,進捗ダメダメです,285,DON*X1,韓国,691,JIUK,韓国,1594,PXERO,韓国,2247,CHARM,韓国,0,,-
Pinky Crush,飴玉,0,,-,586,ENGAWA,韓国,790,MIRAI,韓国,1396,CHARM,韓国,0,,-
Pinky Crush,ＰＡＳＴＥＬＩＳＭ,0,,-,1029,CHEERS,韓国,1547,DON*X1,韓国,2136,CHARM,韓国,0,,-
Sparkle Shower,2 Be Continued,0,,-,1042,68MA,韓国,1998,CHARM,韓国,3719,KKM*,韓国,0,,-
Sparkle Shower,A Certified Rave Moment,0,,-,1002,DON*X1,韓国,1795,CHARM,韓国,2798,KKM*,韓国,0,,-
Sparkle Shower,ACID VISION,0,,-,1125,AJAJAT,韓国,1637,OYAYUB,韓国,1863,CHARM,韓国,0,,-
Sparkle Shower,AGETEKE ONDO,0,,-,1014,BYERDN,韓国,1639,SIGSIG,韓国,2594,CHARM,韓国,0,,-
Sparkle Shower,Amor∞Fati,0,,-,1249,OYAYUB,韓国,2560,MALNIM,韓国,4257,KKM*,韓国,0,,-
Sparkle Shower,Any％,0,,-,1189,OYAYUB,韓国,2209,SIGSIG,韓国,3620,CHEPY.,韓国,0,,-
Sparkle Shower,Astra Blaze,0,,-,1190,DDAM,韓国,2290,SIGSIG,韓国,3443,KKM*,韓国,0,,-
Sparkle Shower,Bang Bang Dance,0,,-,839,BYERDN,韓国,1758,SIGSIG,韓国,2825,DON*,韓国,0,,-
Sparkle Shower,BattleRoyal,0,,-,1113,BYERDN,韓国,1767,MALNIM,韓国,2656,DON*,韓国,0,,-
Sparkle Shower,Begin,0,,-,1018,NAKILI,韓国,2045,NEON,韓国,3270,KKM*,韓国,0,,-
Sparkle Shower,BitRacer,0,,-,1098,OYAYUB,韓国,2133,SIGSIG,韓国,3674,KKM*,韓国,0,,-
Sparkle Shower,Bloom,0,,-,685,PXERO,韓国,1210,FA03,韓国,1855,FAFNIR,韓国,0,,-
Sparkle Shower,blue anthem,0,,-,1177,PXERO,韓国,1741,MALNIM,韓国,2988,KKM*,韓国,0,,-
Sparkle Shower,Caramel Pain,234,BYERDN,韓国,639,OYAYUB,韓国,1044,SIGSIG,韓国,1664,CHARM,韓国,0,,-
Sparkle Shower,Catch ya Getcha!,0,,-,1055,CHLOE,韓国,2047,CHARM,韓国,2946,DON*,韓国,0,,-
Sparkle Shower,chaplet -IIDX re:build-,0,,-,1012,CHEERS,韓国,1966,SIGSIG,韓国,2938,KKM*,韓国,0,,-
Sparkle Shower,COLOR BURST,205,CHABO,韓国,781,CHEERS,韓国,1391,FA03,韓国,2202,CHARM,韓国,0,,-
Sparkle Shower,Countdown to Heaven or Hell,0,,-,1253,BYERDN,韓国,2032,SIGSIG,韓国,3121,DON*,韓国,0,,-
Sparkle Shower,D.K.N. ON,0,,-,1033,PXERO,韓国,1958,MKP-04,韓国,2722,CHARM,韓国,0,,-
Sparkle Shower,Digitized Ocean,0,,-,1186,MALNIM,韓国,2030,UTSUHO,韓国,3547,KKM*,韓国,0,,-
Sparkle Shower,Disco Killer Music Lover,0,,-,1092,OYAYUB,韓国,1845,CHARM,韓国,3094,CHEPY.,韓国,0,,-
Sparkle Shower,Dolphin Kick,0,,-,1496,OYAYUB,韓国,2246,CHARM,韓国,3660,KKM*,韓国,0,,-
Sparkle Shower,Dusk Endir,0,,-,1048,PXERO,韓国,2313,SIGSIG,韓国,3401,KKM*,韓国,0,,-
Sparkle Shower,ESPRIT ONE,0,,-,1287,OYAYUB,韓国,1805,FA03,韓国,2948,FAFNIR,韓国,0,,-
Sparkle Shower,Ex-Otogibanashi,173,HYONI,韓国,461,HYONI,韓国,970,DON*X1,韓国,1596,CHARM,韓国,0,,-
Sparkle Shower,Fashion Fruit,0,,-,1076,DON*X1,韓国,1963,SIGSIG,韓国,3059,DON*,韓国,0,,-
Sparkle Shower,fixer,0,,-,812,HYONI,韓国,1773,MKP-04,韓国,3639,CHEPY.,韓国,0,,-
Sparkle Shower,FIZZY FIZZY POP,0,,-,835,OYAYUB,韓国,1591,FA03,韓国,2282,CHARM,韓国,0,,-
Sparkle Shower,FiZZλ_POT!0N,0,,-,1420,OYAYUB,韓国,2105,999999,韓国,3579,KKM*,韓国,0,,-
Sparkle Shower,From Human Blood,0,,-,1223,OYAYUB,韓国,2125,CHARM,韓国,3681,KKM*,韓国,0,,-
Sparkle Shower,Funky Quirky,0,,-,931,CHEERS,韓国,1896,FA03,韓国,2632,DON*,韓国,0,,-
Sparkle Shower,Get Into The Groove feat.WaMi,0,,-,978,PXERO,韓国,1421,DON*X1,韓国,2293,CHARM,韓国,0,,-
Sparkle Shower,Gimme a Big Beat(青龍 Remix),0,,-,1261,PXERO,韓国,2383,SIGSIG,韓国,3274,CHEPY.,韓国,0,,-
Sparkle Shower,GO!,0,,-,873,OYAYUB,韓国,1810,OYAYUB,韓国,3176,CHLOE,韓国,0,,-
Sparkle Shower,GOLD RUSH 2025,0,,-,847,HYONI,韓国,1572,MKP-04,韓国,2815,DON*,韓国,0,,-
Sparkle Shower,Hallucination,0,,-,1057,OYAYUB,韓国,1877,OYAYUB,韓国,2754,FAFNIR,韓国,0,,-
Sparkle Shower,HEROES,0,,-,1343,PXERO,韓国,2279,SIGSIG,韓国,3579,KKM*,韓国,0,,-
Sparkle Shower,HORIZON BEATZ,0,,-,771,OYAYUB,韓国,1671,DON*X1,韓国,2572,UTSUHO,韓国,0,,-
Sparkle Shower,HyperTwist,0,,-,1280,68MA,韓国,2256,SIGSIG,韓国,3370,KKM*,韓国,0,,-
Sparkle Shower,Ignited Night,0,,-,1088,OYAYUB,韓国,1543,OYAYUB,韓国,2420,DON*,韓国,0,,-
Sparkle Shower,Iridescent Memories,0,,-,1513,OYAYUB,韓国,2193,SIGSIG,韓国,4020,CHEPY.,韓国,0,,-
Sparkle Shower,JUST SYNC ft.Kanae Asaba,0,,-,751,DON*X1,韓国,1294,SIGSIG,韓国,2028,KKM*,韓国,0,,-
Sparkle Shower,Kick The Rainbow,0,,-,1155,SIGSIG,韓国,2010,OYAYUB,韓国,2964,CHARM,韓国,0,,-
Sparkle Shower,King of Tribe,0,,-,1099,HYONI,韓国,2069,UTSUHO,韓国,3163,KKM*,韓国,0,,-
Sparkle Shower,kors k's Let's make an Image Song!,0,,-,979,HYONI,韓国,1863,CHAN*,韓国,2774,DON*,韓国,0,,-
Sparkle Shower,Last Card,0,,-,1058,OYAYUB,韓国,1872,FA03,韓国,3111,KKM*,韓国,0,,-
Sparkle Shower,LEMON MELON COOKIE,367,OYAYUB,韓国,814,L-SRFM,韓国,1551,SIGSIG,韓国,2256,KKM*,韓国,0,,-
Sparkle Shower,Limelight,0,,-,1134,OYAYUB,韓国,1980,SIGSIG,韓国,3076,NEON,韓国,0,,-
Sparkle Shower,Lisa-RICCIA,509,PXERO,韓国,1232,OYAYUB,韓国,2238,SIGSIG,韓国,3375,CHEPY.,韓国,4728,KKM*,韓国
Sparkle Shower,Makin' It,0,,-,1036,DON*X1,韓国,1681,CHARM,韓国,2907,CHARM,韓国,0,,-
Sparkle Shower,Memoria Obscura,0,,-,1010,OYAYUB,韓国,2213,SIGSIG,韓国,4153,CHEPY.,韓国,0,,-
Sparkle Shower,Meteor☆Shower,0,,-,956,PXERO,韓国,2075,OYAYUB,韓国,2964,FAFNIR,韓国,0,,-
Sparkle Shower,Mighty Beat Monsterz,0,,-,1275,DON*,韓国,1948,SIGSIG,韓国,3219,KKM*,韓国,0,,-
Sparkle Shower,MOCHIMOCHI DREAMIN!!,0,,-,1120,OYAYUB,韓国,1871,KKM*,韓国,3053,CHARM,韓国,0,,-
Sparkle Shower,Nemophila,0,,-,1042,OYAYUB,韓国,1792,FA03,韓国,2785,DON*,韓国,0,,-
Sparkle Shower,Nyan Nyan University,0,,-,935,DON*X1,韓国,1622,CHARM,韓国,2586,FAFNIR,韓国,0,,-
Sparkle Shower,OMEGA,0,,-,1088,OYAYUB,韓国,2196,CHARM,韓国,3485,KKM*,韓国,0,,-
Sparkle Shower,PALETTE,362,OYAYUB,韓国,873,BYERDN,韓国,1461,SIGSIG,韓国,2062,CHARM,韓国,0,,-
Sparkle Shower,PERFECT GREAT!!,0,,-,1289,BYERDN,韓国,2429,SIGSIG,韓国,3938,KKM*,韓国,0,,-
Sparkle Shower,pique,0,,-,1129,CHEERS,韓国,2035,MALNIM,韓国,3071,DON*,韓国,0,,-
Sparkle Shower,RALLY '25,0,,-,1208,BYERDN,韓国,2185,CHARM,韓国,3321,KKM*,韓国,0,,-
Sparkle Shower,REcorrection,0,,-,592,EUN,韓国,1094,FA03,韓国,1642,CHARM,韓国,0,,-
Sparkle Shower,Regina vespaE,0,,-,1248,BYERDN,韓国,2283,CHARM,韓国,3658,KKM*,韓国,0,,-
Sparkle Shower,RIZING-GAMERS.,0,,-,1041,DDAM,韓国,2306,SIGSIG,韓国,3463,KKM*,韓国,0,,-
Sparkle Shower,RUINA,0,,-,930,OYAYUB,韓国,1837,SIGSIG,韓国,2958,CHEPY.,韓国,0,,-
Sparkle Shower,Second Heaven(Mamonis Remix),0,,-,927,*,韓国,1641,OYAYUB,韓国,2573,DON*,韓国,0,,-
Sparkle Shower,SHINING☆DANCE,0,,-,866,BYERDN,韓国,1576,SIGSIG,韓国,2485,FAFNIR,韓国,0,,-
Sparkle Shower,Shooting Star,237,DON*X1,韓国,837,DON*X1,韓国,1515,SIGSIG,韓国,2456,CHARM,韓国,0,,-
Sparkle Shower,Show Time,0,,-,848,CHEERS,韓国,1422,FA03,韓国,2064,CHARM,韓国,0,,-
Sparkle Shower,Signs and Wonders,0,,-,667,OYAYUB,韓国,1034,YS*DAD,韓国,1612,CHARM,韓国,0,,-
Sparkle Shower,SILKY BRAVE,0,,-,915,OYAYUB,韓国,1624,CHARM,韓国,2405,NEON,韓国,0,,-
Sparkle Shower,Skywalking,0,,-,909,OYAYUB,韓国,1444,OYAYUB,韓国,2344,CHARM,韓国,0,,-
Sparkle Shower,Smintheus,0,,-,1323,OYAYUB,韓国,2399,SIGSIG,韓国,3727,KKM*,韓国,0,,-
Sparkle Shower,SnapSkipSpark,0,,-,1085,SSC,韓国,1927,SIGSIG,韓国,2931,CHEPY.,韓国,0,,-
Sparkle Shower,Space Battleship S4TO,0,,-,1350,BYERDN,韓国,2266,CHARM,韓国,3790,NEON,韓国,0,,-
Sparkle Shower,SPLASH!!!!!!!!!,0,,-,905,OYAYUB,韓国,1526,SIGSIG,韓国,2303,DON*,韓国,0,,-
Sparkle Shower,Substance,0,,-,1171,BYERDN,韓国,1737,SIGSIG,韓国,3144,KKM*,韓国,0,,-
Sparkle Shower,super double play sessions,0,,-,1426,MALNIM,韓国,2411,NEON,韓国,4405,KKM*,韓国,0,,-
Sparkle Shower,THUNDERSTRIKE,0,,-,1269,PXERO,韓国,2132,SIGSIG,韓国,3524,KKM*,韓国,0,,-
Sparkle Shower,TOKAKU=ALMiRAJ,0,,-,924,DBISFR,韓国,1965,FA03,韓国,2915,DON*,韓国,0,,-
Sparkle Shower,UNDO THE NIGHT,0,,-,1028,PXERO,韓国,2120,SIGSIG,韓国,3543,KKM*,韓国,0,,-
Sparkle Shower,Vitamin,0,,-,1157,CHEERS,韓国,1832,SIGSIG,韓国,2680,DON*,韓国,0,,-
Sparkle Shower,voice of echo.,0,,-,1102,OYAYUB,韓国,1813,MKP-04,韓国,2773,DON*,韓国,0,,-
Sparkle Shower,Watermelon Explosion,0,,-,763,OYAYUB,韓国,1382,OYAYUB,韓国,2039,CHARM,韓国,0,,-
Sparkle Shower,Wizards!,0,,-,781,OYAYUB,韓国,1635,FA03,韓国,2290,CHARM,韓国,0,,-
Sparkle Shower,X-Plan,0,,-,724,CHEERS,韓国,1356,CHEERS,韓国,2226,CHEPY.,韓国,0,,-
Sparkle Shower,[E],0,,-,1495,OYAYUB,韓国,2237,DXR*HH,韓国,3461,FAFNIR,韓国,0,,-
Sparkle Shower,Τeλοs,0,,-,1063,*,韓国,1769,OYAYUB,韓国,2661,NEON,韓国,0,,-
Sparkle Shower,ιgniЯRuina,0,,-,1384,OYAYUB,韓国,2194,SIGSIG,韓国,3645,KKM*,韓国,0,,-
Sparkle Shower,⁽⁽ଘ( ˙꒳˙ )ଓ⁾⁾ beyond reason,0,,-,1247,68MA,韓国,2146,SIGSIG,韓国,3937,KKM*,韓国,0,,-
Sparkle Shower,かわいいだけじゃだめですか？,219,DON*X1,韓国,932,L-SRFM,韓国,1603,SIGSIG,韓国,2140,CHARM,韓国,3550,KKM*,韓国
Sparkle Shower,じぇりー じゅえる ジャングル,0,,-,1232,OYAYUB,韓国,1944,OYAYUB,韓国,3294,CHLOE,韓国,0,,-
Sparkle Shower,それが、ボクの使命～レスキュー隊長 メンキュー～,0,,-,741,OYAYUB,韓国,1590,SIGSIG,韓国,2185,CHEPY.,韓国,0,,-
Sparkle Shower,でんぱ どりる わんにゃー☆三,289,MIN,韓国,1187,BYERDN,韓国,2278,SIGSIG,韓国,3354,KKM*,韓国,0,,-
Sparkle Shower,もんめためたもん,217,PXERO,韓国,850,OYAYUB,韓国,1428,SIGSIG,韓国,2254,DON*,韓国,0,,-
Sparkle Shower,オーバーライド,474,-TIC-,韓国,1203,BYERDN,韓国,1813,SIGSIG,韓国,3203,CHARM,韓国,0,,-
Sparkle Shower,キミとえがくキセキ,0,,-,910,PXERO,韓国,1507,FA03,韓国,2252,CHARM,韓国,0,,-
Sparkle Shower,クレッシェンド,0,,-,1211,OYAYUB,韓国,1900,OYAYUB,韓国,3445,KKM*,韓国,0,,-
Sparkle Shower,サタデーナイト☆ギャロップ,0,,-,1285,OYAYUB,韓国,2023,NOROOT,韓国,4262,KKM*,韓国,0,,-
Sparkle Shower,タンポポ,0,,-,1257,BYERDN,韓国,1919,OYAYUB,韓国,2686,UTSUHO,韓国,0,,-
Sparkle Shower,デラむぅのでらっくす☆どり～むぅ,0,,-,816,L-SRFM,韓国,1336,SIGSIG,韓国,1992,DON*,韓国,0,,-
Sparkle Shower,バブリン,272,PXERO,韓国,1159,BYERDN,韓国,1735,SIGSIG,韓国,2440,CHARM,韓国,0,,-
Sparkle Shower,ビビッド ☆+*。キラキライム,539,CHABO,韓国,1198,OYAYUB,韓国,2123,CHARM,韓国,3784,KKM*,韓国,0,,-
Sparkle Shower,ベラ・ベ・カラベラ,0,,-,1034,DON*X1,韓国,1733,SIGSIG,韓国,2841,KKM*,韓国,0,,-
Sparkle Shower,ベンガル vs. アムール Battle,0,,-,1325,OYAYUB,韓国,2111,KKM*,韓国,3725,NEON,韓国,0,,-
Sparkle Shower,メテオラ-meteor-,0,,-,1056,CHEERS,韓国,1859,FA03,韓国,2487,NEON,韓国,0,,-
Sparkle Shower,メルト CPK! Remix (初音ミク ver.),470,PXERO,韓国,866,PXERO,韓国,1663,FA03,韓国,2871,CHEPY.,韓国,0,,-
Sparkle Shower,ラブコメトキドキシリアス,0,,-,1256,OYAYUB,韓国,2042,DXR*HH,韓国,3780,KKM*,韓国,0,,-
Sparkle Shower,レシピのリドル,0,,-,648,BYERDN,韓国,1420,OYAYUB,韓国,2355,FAFNIR,韓国,0,,-
Sparkle Shower,三日天下モンキー,0,,-,731,OYAYUB,韓国,1313,FA03,韓国,1847,DON*,韓国,0,,-
Sparkle Shower,不死身ごっこ,264,KISCAR,韓国,955,COZY*,韓国,1499,SIGSIG,韓国,2578,KKM*,韓国,0,,-
Sparkle Shower,夏色のセレナーデ,0,,-,880,BYERDN,韓国,1360,SIGSIG,韓国,2254,FAFNIR,韓国,0,,-
Sparkle Shower,夢色ワンダー,528,OYAYUB,韓国,1537,OYAYUB,韓国,2170,DXR*HH,韓国,3269,CHEPY.,韓国,0,,-
Sparkle Shower,好吃来世deエレクトリック,0,,-,814,OYAYUB,韓国,1387,FA03,韓国,1916,DON*,韓国,0,,-
Sparkle Shower,恋愛観測,0,,-,693,PXERO,韓国,1449,FA03,韓国,2495,CHARM,韓国,0,,-
Sparkle Shower,断罪のミメシス,0,,-,1404,PXERO,韓国,2195,SIGSIG,韓国,3358,CHLOE,韓国,0,,-
Sparkle Shower,月下繚乱,0,,-,900,CTPLT*,韓国,1773,SIGSIG,韓国,2829,FAFNIR,韓国,0,,-
Sparkle Shower,煉獄コンフィチュール,0,,-,1002,BYERDN,韓国,1895,SIGSIG,韓国,2695,DON*,韓国,0,,-
Sparkle Shower,百恋ラブラスター,0,,-,736,L-SRFM,韓国,1621,CHARM,韓国,2645,KKM*,韓国,0,,-
Sparkle Shower,色を喪った街,0,,-,1299,OYAYUB,韓国,2464,SIGSIG,韓国,3961,KKM*,韓国,0,,-
Sparkle Shower,華麗なる！音戯探偵ひなビタ,0,,-,699,BYERDN,韓国,1367,SIGSIG,韓国,2366,CHLOE,韓国,0,,-
Sparkle Shower,鏡像都市,0,,-,832,OYAYUB,韓国,1399,SIGSIG,韓国,1970,CHARM,韓国,0,,-
Sparkle Shower,閃と雷管とロープ,0,,-,905,BYERDN,韓国,1421,SIGSIG,韓国,2586,FAFNIR,韓国,0,,-
