バージョン,タイトル,BEGINNER EXスコア,BEGINNER DJName,BEGINNER 都道府県,NORMAL EXスコア,NORMAL DJName,NORMAL 都道府県,HYPER EXスコア,HYPER DJName,HYPER 都道府県,ANOTHER EXスコア,ANOTHER DJName,ANOTHER 都道府県,LEGGENDARIA EXスコア,LEGGENDARIA DJName,LEGGENDARIA 都道府県
1st&substream,22DUNK,0,,-,255,MILLNS,フィリピン,0,,-,0,,-,0,,-
1st&substream,5.1.1.,0,,-,0,,-,0,,-,1446,M-ORY!,フィリピン,0,,-
1st&substream,deep in you,0,,-,0,,-,0,,-,619,TAKO,フィリピン,0,,-
1st&substream,Dr.LOVE,0,,-,146,TIBBY,フィリピン,382,RYUNGA,フィリピン,548,*#06#,フィリピン,0,,-
1st&substream,GAMBOL,0,,-,267,TAKO,フィリピン,259,TAKO,フィリピン,0,,-,0,,-
1st&substream,GENOM SCREAMS,0,,-,223,MILLNS,フィリピン,706,MISSAV,フィリピン,1001,INDIA,フィリピン,0,,-
1st&substream,gentle stress,0,,-,268,HIMIKO,フィリピン,622,MISSAV,フィリピン,1373,INDIA,フィリピン,0,,-
1st&substream,GRADIUSIC CYBER,0,,-,0,,-,0,,-,1040,INDIA,フィリピン,0,,-
1st&substream,KEEP ON MOVIN',0,,-,0,,-,237,CPU69,フィリピン,0,,-,0,,-
1st&substream,Macho Gang,0,,-,358,TAKO,フィリピン,939,RANDOM,フィリピン,1571,KUKO,フィリピン,0,,-
1st&substream,PARANOIA MAX～DIRTY MIX～,0,,-,0,,-,0,,-,994,JZX81,フィリピン,0,,-
1st&substream,R3,0,,-,0,,-,0,,-,768,MAYAMA,フィリピン,0,,-
1st&substream,RUGGED ASH,0,,-,184,MILLNS,フィリピン,132,PEAKY,フィリピン,1041,CPU69,フィリピン,1908,TAKO,フィリピン
1st&substream,THE EARTH LIGHT,0,,-,0,,-,0,,-,686,RYUNGA,フィリピン,0,,-
2nd style,.59,0,,-,71,LILE5K,フィリピン,900,MISSAV,フィリピン,0,,-,0,,-
2nd style,Digital MinD(A/T Libra mix),0,,-,453,HS2565,フィリピン,0,,-,900,SINNY,フィリピン,0,,-
2nd style,I Was The One,0,,-,0,,-,590,MISSAV,フィリピン,686,GATON5,フィリピン,0,,-
2nd style,Indigo Vision(full flavour hide around mix),0,,-,403,MILLNS,フィリピン,1008,MISSAV,フィリピン,1135,KORIL,フィリピン,0,,-
2nd style,PUT YOUR FAITH IN ME(for beatmania II),0,,-,0,,-,769,MISSAV,フィリピン,0,,-,0,,-
3rd style,CAN'T STOP FALLIN'IN LOVE,0,,-,370,AKIRA,フィリピン,1137,KORIL,フィリピン,0,,-,0,,-
3rd style,Don't Stop!,0,,-,0,,-,805,MISSAV,フィリピン,858,CPU69,フィリピン,0,,-
3rd style,era (nostalmix),0,,-,402,PEAKY,フィリピン,1032,*#06#,フィリピン,1458,KUKO,フィリピン,0,,-
3rd style,Holic,0,,-,476,WOLFEN,フィリピン,0,,-,1640,KUKO,フィリピン,0,,-
3rd style,LEADING CYBER,0,,-,0,,-,0,,-,1086,RDYVJ1,フィリピン,0,,-
3rd style,Presto,0,,-,0,,-,485,N-A,フィリピン,978,KUKO,フィリピン,0,,-
3rd style,R5,0,,-,0,,-,797,KAGUYA,フィリピン,1730,GATON5,フィリピン,0,,-
3rd style,REINCARNATION,0,,-,0,,-,717,TJBA01,フィリピン,1226,TAKO,フィリピン,0,,-
3rd style,Schlagwerk,0,,-,0,,-,0,,-,1609,KUKO,フィリピン,0,,-
3rd style,Skyscraper,0,,-,0,,-,0,,-,1167,QWERTY,フィリピン,0,,-
3rd style,Tangerine Stream,0,,-,0,,-,381,MISSAV,フィリピン,0,,-,0,,-
3rd style,THE SAFARI,0,,-,813,RYUNGA,フィリピン,1651,KORIL,フィリピン,0,,-,0,,-
4th style,250bpm,0,,-,0,,-,0,,-,1356,KUKO,フィリピン,0,,-
4th style,ABSOLUTE,0,,-,985,HS2565,フィリピン,1601,KIM,フィリピン,2291,KUKO,フィリピン,2623,KUKO,フィリピン
4th style,B4U,0,,-,375,IFAS..,フィリピン,1269,TEKKU*,フィリピン,1950,GATON5,フィリピン,0,,-
4th style,Broken My Heart,0,,-,624,SHU,フィリピン,0,,-,1701,KUKO,フィリピン,0,,-
4th style,Burnin' The Floor,0,,-,0,,-,0,,-,681,ANTT,フィリピン,0,,-
4th style,CHECKING YOU OUT,0,,-,332,N-A,フィリピン,769,*#06#,フィリピン,1275,KUKO,フィリピン,0,,-
4th style,Clione,0,,-,425,HGNAIL,フィリピン,789,OOKA,フィリピン,1518,KUKO,フィリピン,2055,KUKO,フィリピン
4th style,DXY!,0,,-,0,,-,0,,-,2166,GATON5,フィリピン,0,,-
4th style,empathy,0,,-,0,,-,188,GOOK,フィリピン,1417,CRASS.,フィリピン,0,,-
4th style,era (step mix),0,,-,0,,-,842,N-A,フィリピン,1628,GATON5,フィリピン,0,,-
4th style,FLOWERS for ALBION,0,,-,107,KAGUYA,フィリピン,0,,-,0,,-,0,,-
4th style,HIGHER,0,,-,0,,-,501,STRKR.,フィリピン,1255,CRASS.,フィリピン,0,,-
4th style,Hitch Hiker2,0,,-,0,,-,0,,-,0,,-,1889,KUKO,フィリピン
4th style,Jam&Marmalade,0,,-,0,,-,0,,-,936,INDIA,フィリピン,0,,-
4th style,KAMIKAZE,0,,-,0,,-,0,,-,2264,GATON5,フィリピン,0,,-
4th style,LOVE WILL・・・,0,,-,0,,-,0,,-,1084,#CLIO,フィリピン,0,,-
4th style,minimalian,0,,-,226,MILLNS,フィリピン,0,,-,1337,M-ORY!,フィリピン,0,,-
4th style,Mr.T.(take me higher),0,,-,0,,-,0,,-,1654,*#06#,フィリピン,0,,-
4th style,starmine,0,,-,717,RYUNGA,フィリピン,1274,MISSAV,フィリピン,1519,KUKO,フィリピン,0,,-
4th style,SWEET LAB,0,,-,296,MILLNS,フィリピン,0,,-,1264,KUKO,フィリピン,0,,-
4th style,Voltage (feat. Hidemaru),0,,-,0,,-,0,,-,1275,KUKO,フィリピン,0,,-
5th style,Abyss,0,,-,0,,-,0,,-,1825,KUKO,フィリピン,0,,-
5th style,in my eyes,0,,-,0,,-,759,DUCK!!,フィリピン,0,,-,0,,-
5th style,outer wall,0,,-,0,,-,824,CEE3ZY,フィリピン,1621,KORIL,フィリピン,0,,-
5th style,QQQ,0,,-,0,,-,1799,KORIL,フィリピン,2092,KUKO,フィリピン,0,,-
5th style,Radical Faith,0,,-,0,,-,0,,-,1155,MISSAV,フィリピン,0,,-
5th style,Real,0,,-,1087,TAKO,フィリピン,1232,RYUNGA,フィリピン,1670,KORIL,フィリピン,0,,-
5th style,Regulus,0,,-,0,,-,0,,-,1641,KUKO,フィリピン,0,,-
5th style,RIDE ON THE LIGHT (HI GREAT MIX),0,,-,330,HGNAIL,フィリピン,0,,-,1625,JAMON5,フィリピン,1742,GATON5,フィリピン
5th style,RISLIM,0,,-,557,CCCCCC,フィリピン,1173,GATON5,フィリピン,0,,-,0,,-
5th style,Spin the disc,0,,-,0,,-,0,,-,1205,MAYAMA,フィリピン,0,,-
5th style,STILL IN MY HEART,0,,-,419,KAGUYA,フィリピン,0,,-,1306,POIROT,フィリピン,0,,-
5th style,still my words,0,,-,0,,-,1142,MAYAMA,フィリピン,0,,-,0,,-
5th style,sync,0,,-,789,KBTIT,フィリピン,1104,KAGUYA,フィリピン,2194,XVIDEO,フィリピン,0,,-
5th style,THE CUBE,0,,-,0,,-,0,,-,1037,SINKER,フィリピン,0,,-
5th style,THE SHINING POLARIS,0,,-,0,,-,0,,-,1276,T,フィリピン,0,,-
5th style,V,206,MCMEAT,フィリピン,714,TAKA,フィリピン,2182,MAYAMA,フィリピン,2853,MYU2,フィリピン,0,,-
6th style,"19,November",0,,-,764,-JUTE-,フィリピン,0,,-,1685,INDIA,フィリピン,0,,-
6th style,BALLAD FOR YOU～想いの雨～,0,,-,0,,-,706,MISSAV,フィリピン,985,SERPHY,フィリピン,0,,-
6th style,Blueberry Stream,0,,-,447,IFAS..,フィリピン,1301,MAYAMA,フィリピン,1526,KORIL,フィリピン,0,,-
6th style,Buffalo,0,,-,0,,-,0,,-,1760,KUKO,フィリピン,2394,KUKO,フィリピン
6th style,Colors (radio edit),0,,-,826,DUCK!!,フィリピン,1589,SINNY,フィリピン,2282,MYU2,フィリピン,0,,-
6th style,DIVE ～INTO YOUR HEART～,0,,-,0,,-,0,,-,2003,BURI3.,フィリピン,0,,-
6th style,fly through the night,0,,-,0,,-,0,,-,1671,KUKO,フィリピン,0,,-
6th style,Free Style,0,,-,0,,-,0,,-,1115,MAYAMA,フィリピン,0,,-
6th style,Frozen Ray (original mix),0,,-,0,,-,0,,-,1726,KORIL,フィリピン,0,,-
6th style,G2,0,,-,0,,-,0,,-,2160,KUKO,フィリピン,0,,-
6th style,L'amour et la liberte,0,,-,0,,-,0,,-,1815,HIMIKO,フィリピン,0,,-
6th style,Linus,0,,-,0,,-,1314,RANDOM,フィリピン,2144,KUKO,フィリピン,0,,-
6th style,NEMESIS,0,,-,416,HS2565,フィリピン,0,,-,1734,GATON5,フィリピン,0,,-
6th style,rottel-da-sun,0,,-,0,,-,774,AAAAAA,フィリピン,1691,MAYAMA,フィリピン,0,,-
6th style,route 80s,0,,-,0,,-,1055,MISSAV,フィリピン,1379,INDIA,フィリピン,0,,-
6th style,SOMETHING WONDERFUL,0,,-,0,,-,877,IS,フィリピン,1901,BURI3.,フィリピン,0,,-
6th style,Summer Vacation(CU mix),0,,-,0,,-,1751,GATON5,フィリピン,0,,-,0,,-
6th style,Take It Easy,0,,-,0,,-,2265,CPU69,フィリピン,2443,KUKO,フィリピン,0,,-
6th style,VJ ARMY,0,,-,0,,-,1448,MISSAV,フィリピン,1866,MAYAMA,フィリピン,0,,-
6th style,こっちを向いてよ,0,,-,0,,-,0,,-,1324,CRASS.,フィリピン,0,,-
7th style,A,0,,-,0,,-,1901,HIMIKO,フィリピン,2350,KUKO,フィリピン,0,,-
7th style,AVE DE RAPINA,0,,-,0,,-,0,,-,1688,INDIA,フィリピン,0,,-
7th style,Bad Routine,0,,-,637,EDDY,フィリピン,0,,-,1819,MAYAMA,フィリピン,0,,-
7th style,Burning Heat! (Full Option Mix),0,,-,474,EDDY,フィリピン,0,,-,1275,MAYAMA,フィリピン,0,,-
7th style,Cheer Train,0,,-,0,,-,0,,-,1681,KUKO,フィリピン,0,,-
7th style,D2R,0,,-,0,,-,0,,-,1505,INDIA,フィリピン,0,,-
7th style,DESTINY,0,,-,0,,-,567,SHU,フィリピン,1784,KUKO,フィリピン,0,,-
7th style,foreplay,0,,-,297,IFAS..,フィリピン,0,,-,1153,JAMON5,フィリピン,0,,-
7th style,Glorious Days,0,,-,0,,-,0,,-,768,TEKKU*,フィリピン,0,,-
7th style,Happy Wedding,0,,-,0,,-,0,,-,1743,TAKO,フィリピン,0,,-
7th style,Last Message,0,,-,0,,-,1055,810-67,フィリピン,1559,KUKO,フィリピン,0,,-
7th style,Let the Snow Paint Me,0,,-,540,KAGUYA,フィリピン,0,,-,837,KAGUYA,フィリピン,0,,-
7th style,Love Me Do,0,,-,370,HGNAIL,フィリピン,0,,-,2080,INDIA,フィリピン,0,,-
7th style,MAX 300,0,,-,699,FISCH,フィリピン,1571,JZX81,フィリピン,2582,GATON5,フィリピン,0,,-
7th style,Somebody Like You,0,,-,429,HGNAIL,フィリピン,776,N-A,フィリピン,1602,310.,フィリピン,0,,-
7th style,Spica,0,,-,353,SETQ,フィリピン,0,,-,2060,KUKO,フィリピン,0,,-
7th style,stoic,0,,-,1276,MISSAV,フィリピン,2184,HIMIKO,フィリピン,2375,KUKO,フィリピン,0,,-
7th style,Tomorrow Perfume,0,,-,0,,-,1657,MISSAV,フィリピン,2012,GATON5,フィリピン,0,,-
7th style,traces,0,,-,1272,DKX,フィリピン,0,,-,2082,KUKO,フィリピン,0,,-
7th style,ZERO-ONE,0,,-,0,,-,1200,0841*,フィリピン,2141,GATON5,フィリピン,2738,CRASS.,フィリピン
7th style,革命,0,,-,0,,-,1806,HIMIKO,フィリピン,2210,KUKO,フィリピン,0,,-
8th style,abstract,0,,-,0,,-,1602,KUKO,フィリピン,1836,KUKO,フィリピン,0,,-
8th style,airflow,0,,-,0,,-,358,IFAS..,フィリピン,1340,TAKO,フィリピン,0,,-
8th style,ALL RIGHT,0,,-,0,,-,1243,KORIL,フィリピン,1557,M-ORY!,フィリピン,0,,-
8th style,Attitude,0,,-,0,,-,1167,RANDOM,フィリピン,1690,KUKO,フィリピン,0,,-
8th style,bit mania,0,,-,0,,-,0,,-,1821,INDIA,フィリピン,0,,-
8th style,Blame,0,,-,590,HGNAIL,フィリピン,0,,-,1834,KUKO,フィリピン,0,,-
8th style,CELEBRATE NITE,0,,-,0,,-,990,JIMMY,フィリピン,1354,INDIA,フィリピン,0,,-
8th style,Colors -Y&Co. Eurobeat Remix-,0,,-,0,,-,1706,YABAI*,フィリピン,2122,KUKO,フィリピン,0,,-
8th style,dual control,0,,-,231,LYCHII,フィリピン,0,,-,0,,-,0,,-
8th style,Giudecca,0,,-,0,,-,1731,MISSAV,フィリピン,2543,HAPPY,フィリピン,0,,-
8th style,Halfway of promise,0,,-,0,,-,1374,MISSAV,フィリピン,1782,KUKO,フィリピン,0,,-
8th style,HYPER BOUNDARY GATE,0,,-,0,,-,1735,MISSAV,フィリピン,2062,M-ORY!,フィリピン,0,,-
8th style,LAB,0,,-,0,,-,1645,MISSAV,フィリピン,1990,KUKO,フィリピン,2625,MYU2,フィリピン
8th style,LOVE IS ORANGE,0,,-,111,SAINTS,フィリピン,693,WALNUT,フィリピン,1741,M-ORY!,フィリピン,2052,KUKO,フィリピン
8th style,Luv 2 Feel Your Body,0,,-,0,,-,944,MISSAV,フィリピン,1500,INDIA,フィリピン,0,,-
8th style,memories,0,,-,0,,-,0,,-,2198,KUKO,フィリピン,0,,-
8th style,Monkey Dance,0,,-,0,,-,0,,-,1923,GATON5,フィリピン,0,,-
8th style,murmur twins,0,,-,988,SINKER,フィリピン,1366,SINKER,フィリピン,2314,MYU2,フィリピン,0,,-
8th style,MUSIC TO YOUR HEAD,0,,-,0,,-,547,SINKER,フィリピン,1536,M-ORY!,フィリピン,0,,-
8th style,PLEASE DON'T GO,0,,-,0,,-,1288,MISSAV,フィリピン,2313,KUKO,フィリピン,0,,-
8th style,rainbow flyer,0,,-,0,,-,1533,MISSAV,フィリピン,2035,KUKO,フィリピン,0,,-
8th style,symbolic,0,,-,0,,-,0,,-,2047,M-ORY!,フィリピン,0,,-
8th style,thunder,0,,-,0,,-,0,,-,1803,M-ORY!,フィリピン,0,,-
8th style,WAR GAME,0,,-,0,,-,1194,HGNAIL,フィリピン,2101,KUKO,フィリピン,0,,-
8th style,xenon,0,,-,338,EDDY,フィリピン,1483,MISSAV,フィリピン,2645,KUKO,フィリピン,0,,-
8th style,桜,0,,-,0,,-,1461,KUKO,フィリピン,2035,MYU2,フィリピン,0,,-
8th style,蒼い衝動,0,,-,615,HGNAIL,フィリピン,16,YELYAH,フィリピン,1549,KUKO,フィリピン,0,,-
9th style,Abyss -The Heavens Remix-,283,HAO,フィリピン,0,,-,1802,HIMIKO,フィリピン,2298,KUKO,フィリピン,0,,-
9th style,ACT,0,,-,0,,-,1150,RYUNGA,フィリピン,1761,TJMZK,フィリピン,0,,-
9th style,ADVANCE,0,,-,0,,-,0,,-,1547,GATON5,フィリピン,0,,-
9th style,ATOMIC AGE,0,,-,0,,-,309,KMH,フィリピン,1194,MAYAMA,フィリピン,0,,-
9th style,BAD BOY BASS!! (dj Remo-con MIX),0,,-,459,WOLFEN,フィリピン,948,TJBA01,フィリピン,1695,INDIA,フィリピン,0,,-
9th style,bag,0,,-,444,GAMA,フィリピン,0,,-,1880,CRASS.,フィリピン,0,,-
9th style,BRIGHTNESS DARKNESS,0,,-,0,,-,0,,-,1667,KUKO,フィリピン,0,,-
9th style,Cradle,0,,-,0,,-,0,,-,1567,CRASS.,フィリピン,0,,-
9th style,Distress,0,,-,0,,-,1708,HIMIKO,フィリピン,0,,-,0,,-
9th style,e-motion 2003  -romantic extra-,0,,-,0,,-,1417,MISSAV,フィリピン,1941,MYU2,フィリピン,0,,-
9th style,fun,0,,-,0,,-,643,KAGUYA,フィリピン,1755,GATON5,フィリピン,0,,-
9th style,Golden Horn,0,,-,0,,-,754,HS2565,フィリピン,0,,-,0,,-
9th style,HYPER EUROBEAT (2DX style),0,,-,0,,-,1453,SINNY,フィリピン,1848,BURI3.,フィリピン,0,,-
9th style,I Was The One (80's EUROBEAT STYLE),0,,-,0,,-,754,KAGUYA,フィリピン,1160,DNEM,フィリピン,0,,-
9th style,Karma,0,,-,0,,-,1477,DKX,フィリピン,1697,M-ORY!,フィリピン,0,,-
9th style,lights,0,,-,518,KAGUYA,フィリピン,985,KAGUYA,フィリピン,1705,JAMON5,フィリピン,0,,-
9th style,Logic Board,0,,-,0,,-,1562,RANDOM,フィリピン,2273,CRASS.,フィリピン,0,,-
9th style,LOVE SHINE,337,MILLNS,フィリピン,405,KMH,フィリピン,1734,MISSAV,フィリピン,2043,KUKO,フィリピン,0,,-
9th style,lower world,0,,-,0,,-,1557,MISSAV,フィリピン,2130,KUKO,フィリピン,0,,-
9th style,Make A Difference,0,,-,0,,-,0,,-,2120,GATON5,フィリピン,0,,-
9th style,MARIA (I believe... ),0,,-,283,HGNAIL,フィリピン,1461,HIMIKO,フィリピン,1925,KUKO,フィリピン,0,,-
9th style,moon_child,0,,-,0,,-,1920,BURI3.,フィリピン,2400,KUKO,フィリピン,0,,-
9th style,one or eight,0,,-,0,,-,1835,BURI3.,フィリピン,2152,KUKO,フィリピン,0,,-
9th style,PARANOIA survivor MAX,0,,-,937,KUKO,フィリピン,1034,RANDOM,フィリピン,2030,KUKO,フィリピン,0,,-
9th style,quasar,0,,-,703,OKYOKU,フィリピン,1442,RYUNGA,フィリピン,2246,CRASS.,フィリピン,0,,-
9th style,Quickening,0,,-,0,,-,1497,MISSAV,フィリピン,2043,KUKO,フィリピン,0,,-
9th style,Really Love,0,,-,0,,-,0,,-,1684,KUKO,フィリピン,0,,-
9th style,RISLIM -Remix-,0,,-,465,WOLFEN,フィリピン,850,MISSAV,フィリピン,1808,KUKO,フィリピン,0,,-
9th style,rottel-the-Mercury,0,,-,673,HGNAIL,フィリピン,1671,MISSAV,フィリピン,2205,GATON5,フィリピン,0,,-
9th style,Silvia Drive,0,,-,0,,-,734,DXP,フィリピン,1882,BURI3.,フィリピン,0,,-
9th style,SNOW,0,,-,0,,-,1135,RANDOM,フィリピン,1856,TAKO,フィリピン,0,,-
9th style,STAR FIELD,0,,-,263,HGNAIL,フィリピン,1426,MISSAV,フィリピン,1849,MYU2,フィリピン,0,,-
9th style,Sweet Sweet Magic,0,,-,430,JOJITO,フィリピン,1084,N-A,フィリピン,1877,*#06#,フィリピン,0,,-
9th style,SWEETEST SAVAGE,0,,-,0,,-,1240,RANDOM,フィリピン,1709,MYU2,フィリピン,0,,-
9th style,ライオン好き,0,,-,469,HGNAIL,フィリピン,763,HGNAIL,フィリピン,1431,RDYVJ1,フィリピン,0,,-
9th style,真夏の花・真夏の夢,0,,-,439,WOLFEN,フィリピン,0,,-,1420,GATON5,フィリピン,0,,-
10th style,1st Samurai,0,,-,0,,-,1805,HIMIKO,フィリピン,2537,CRASS.,フィリピン,0,,-
10th style,ALIEN TEMPLE,0,,-,484,COCOTR,フィリピン,1402,MISSAV,フィリピン,1858,KORIL,フィリピン,0,,-
10th style,ASTRAL VOYAGE,0,,-,0,,-,0,,-,1789,INDIA,フィリピン,0,,-
10th style,BABY LOVE,0,,-,848,J,フィリピン,1126,JIN,フィリピン,2062,KUKO,フィリピン,0,,-
10th style,Back Into The Light,0,,-,0,,-,939,J,フィリピン,2081,INDIA,フィリピン,0,,-
10th style,Boundary,0,,-,300,ASTRO,フィリピン,0,,-,1989,CRASS.,フィリピン,0,,-
10th style,CARRY ON NIGHT (English version),0,,-,514,HEX!,フィリピン,0,,-,1706,JAMON5,フィリピン,0,,-
10th style,Daisuke,308,KAZU,フィリピン,1082,TEKKU*,フィリピン,1317,JIMMY,フィリピン,2321,KUKO,フィリピン,0,,-
10th style,Debtty Daddy,0,,-,0,,-,0,,-,2616,KUKO,フィリピン,0,,-
10th style,desolation,0,,-,0,,-,626,MISSAV,フィリピン,713,INDIA,フィリピン,0,,-
10th style,DoLL,195,SG-EPK,フィリピン,0,,-,0,,-,1578,INDIA,フィリピン,0,,-
10th style,EXE,0,,-,0,,-,972,N-A,フィリピン,2210,KUKO,フィリピン,0,,-
10th style,Feedback,0,,-,0,,-,0,,-,1870,GATON5,フィリピン,0,,-
10th style,FEEL IT,0,,-,0,,-,808,ILLE,フィリピン,1897,KUKO,フィリピン,0,,-
10th style,Freezing atmosphere,0,,-,0,,-,0,,-,1438,KUKO,フィリピン,0,,-
10th style,GHOST REVIVAL,0,,-,0,,-,0,,-,2421,KUKO,フィリピン,0,,-
10th style,GRADIUS -FULL SPEED-,0,,-,260,MIKU*,フィリピン,985,MISSAV,フィリピン,1952,GATON5,フィリピン,0,,-
10th style,HIGH,0,,-,416,ELLE,フィリピン,0,,-,2082,INDIA,フィリピン,2810,KUKO,フィリピン
10th style,Innocent Walls,0,,-,1397,MISSAV,フィリピン,2344,GATON5,フィリピン,2620,GATON5,フィリピン,0,,-
10th style,Love Is Eternity,0,,-,818,DUCK!!,フィリピン,1355,IIDX31,フィリピン,2271,KUKO,フィリピン,0,,-
10th style,Lucy,0,,-,0,,-,1283,JIMMY,フィリピン,2279,KUKO,フィリピン,0,,-
10th style,Narcissus At Oasis,0,,-,349,WOLFEN,フィリピン,1512,HIMIKO,フィリピン,1599,KUKO,フィリピン,0,,-
10th style,No.13,0,,-,0,,-,2478,BURI3.,フィリピン,3043,MYU2,フィリピン,0,,-
10th style,One More Lovely,0,,-,0,,-,1488,TEKKU*,フィリピン,2605,M-ORY!,フィリピン,0,,-
10th style,pandora,0,,-,0,,-,1027,KAGUYA,フィリピン,1708,INDIA,フィリピン,0,,-
10th style,rainbow rainbow,0,,-,1477,RANDOM,フィリピン,2063,GATON5,フィリピン,2590,KUKO,フィリピン,0,,-
10th style,Rise'n Beauty,0,,-,0,,-,1520,MISSAV,フィリピン,2074,HAPPY,フィリピン,3737,MYU2,フィリピン
10th style,SCORE,0,,-,0,,-,0,,-,1929,INDIA,フィリピン,0,,-
10th style,SHOOTING STAR,0,,-,0,,-,0,,-,2203,GATON5,フィリピン,0,,-
10th style,SPACE FIGHT,0,,-,366,MILLNS,フィリピン,1157,RYUNGA,フィリピン,2146,GATON5,フィリピン,0,,-
10th style,システムロマンス,0,,-,0,,-,1467,MARKUN,フィリピン,1940,INDIA,フィリピン,0,,-
10th style,雪月花,0,,-,934,RYUNGA,フィリピン,1866,BURI3.,フィリピン,2352,MYU2,フィリピン,0,,-
IIDX RED,AA,0,,-,936,KAGUYA,フィリピン,2670,KUKO,フィリピン,3511,MYU2,フィリピン,0,,-
IIDX RED,AGEHA,414,MILLNS,フィリピン,555,WALNUT,フィリピン,1633,KORIL,フィリピン,1802,INDIA,フィリピン,2341,CRASS.,フィリピン
IIDX RED,ANDROMEDA,0,,-,182,STRKR.,フィリピン,1478,ABLAZE,フィリピン,2747,KUKO,フィリピン,0,,-
IIDX RED,awakening,0,,-,545,OKYOKU,フィリピン,1233,RANDOM,フィリピン,1673,KUKO,フィリピン,0,,-
IIDX RED,Be quiet,0,,-,0,,-,1513,MISSAV,フィリピン,2109,KUKO,フィリピン,2510,KUKO,フィリピン
IIDX RED,BLOCKS,0,,-,526,HS2565,フィリピン,0,,-,1895,CRASS.,フィリピン,0,,-
IIDX RED,BREATH,0,,-,0,,-,0,,-,1643,KUKO,フィリピン,0,,-
IIDX RED,Click Again,0,,-,579,MURI,フィリピン,0,,-,2042,KUKO,フィリピン,0,,-
IIDX RED,Close my Eyes for Me,0,,-,0,,-,0,,-,1672,HIMIKO,フィリピン,0,,-
IIDX RED,D.A.N.C.E.!,0,,-,0,,-,432,HGNAIL,フィリピン,1535,MYU2,フィリピン,0,,-
IIDX RED,Don't be afraid myself,0,,-,482,MAMIZO,フィリピン,1352,JIMMY,フィリピン,2199,KUKO,フィリピン,0,,-
IIDX RED,earth scape,0,,-,0,,-,0,,-,1246,KUKO,フィリピン,0,,-
IIDX RED,FAKE TIME,0,,-,0,,-,1678,KUKO,フィリピン,2288,MYU2,フィリピン,0,,-
IIDX RED,Fly Away To India,0,,-,0,,-,0,,-,1326,INDIA,フィリピン,0,,-
IIDX RED,GENOCIDE,0,,-,0,,-,1889,HIMIKO,フィリピン,2265,KUKO,フィリピン,0,,-
IIDX RED,gigadelic,410,MILLNS,フィリピン,1219,DKX,フィリピン,2053,KUKO,フィリピン,2303,KUKO,フィリピン,0,,-
IIDX RED,HORIZON,0,,-,0,,-,1138,KAGUYA,フィリピン,1952,CRASS.,フィリピン,0,,-
IIDX RED,KEY,0,,-,677,YELYAH,フィリピン,1722,MISSAV,フィリピン,2798,KUKO,フィリピン,0,,-
IIDX RED,NEBULA GRASPER,0,,-,219,NEBULA,フィリピン,0,,-,2151,MAYAMA,フィリピン,0,,-
IIDX RED,Raspberry Heart(English version),0,,-,634,AURBYS,フィリピン,0,,-,1831,KUKO,フィリピン,0,,-
IIDX RED,RED ZONE,74,YYYYYY,フィリピン,817,BOO,フィリピン,1716,MISSAV,フィリピン,2276,KUKO,フィリピン,2997,MYU2,フィリピン
IIDX RED,RESONATE 1794,0,,-,482,HGNAIL,フィリピン,1147,N-A,フィリピン,1832,KUKO,フィリピン,0,,-
IIDX RED,Secret of Love,0,,-,0,,-,0,,-,1947,CRASS.,フィリピン,0,,-
IIDX RED,SPEEDY CAT,0,,-,0,,-,0,,-,2007,CRASS.,フィリピン,0,,-
IIDX RED,Sphere,0,,-,0,,-,1619,TEKKU*,フィリピン,2129,KUKO,フィリピン,0,,-
IIDX RED,spiral galaxy,0,,-,0,,-,1136,CEE3ZY,フィリピン,2445,KUKO,フィリピン,3603,MYU2,フィリピン
IIDX RED,The Hope of Tomorrow,0,,-,0,,-,1540,MISSAV,フィリピン,1877,HAPPY,フィリピン,0,,-
IIDX RED,Wonder Bullfighter,0,,-,0,,-,0,,-,1957,CRASS.,フィリピン,0,,-
IIDX RED,ピアノ協奏曲第１番”蠍火”,0,,-,561,JIN,フィリピン,2061,KUKO,フィリピン,2435,KUKO,フィリピン,0,,-
IIDX RED,大桟橋,0,,-,0,,-,965,RANDOM,フィリピン,1798,GATON5,フィリピン,0,,-
IIDX RED,太陽～T・A・I・Y・O～,0,,-,325,HGNAIL,フィリピン,1107,MARKUN,フィリピン,1705,CRASS.,フィリピン,0,,-
IIDX RED,ＵＬＴｉＭΛＴＥ,0,,-,0,,-,1118,ANTT,フィリピン,1953,CRASS.,フィリピン,0,,-
HAPPY SKY,100％ minimoo-G,0,,-,269,HGNAIL,フィリピン,1413,MISSAV,フィリピン,1628,KUKO,フィリピン,0,,-
HAPPY SKY,Agnus Dei,0,,-,565,J,フィリピン,1486,MISSAV,フィリピン,2015,KUKO,フィリピン,0,,-
HAPPY SKY,alla turca con passione,0,,-,413,-JUTE-,フィリピン,1460,MISSAV,フィリピン,2097,KUKO,フィリピン,0,,-
HAPPY SKY,Aurora,0,,-,756,TMO*,フィリピン,1981,HIMIKO,フィリピン,2472,KUKO,フィリピン,0,,-
HAPPY SKY,CaptivAte～浄化～,0,,-,407,IFAS..,フィリピン,1442,JIMMY,フィリピン,2344,KUKO,フィリピン,3295,GATON5,フィリピン
HAPPY SKY,Catch Me,0,,-,586,MURI,フィリピン,814,SINKER,フィリピン,1660,INDIA,フィリピン,2022,KUKO,フィリピン
HAPPY SKY,Don't let it go,0,,-,0,,-,772,HGNAIL,フィリピン,1557,INDIA,フィリピン,0,,-
HAPPY SKY,double thrash,0,,-,0,,-,1889,HIMIKO,フィリピン,1636,DKX,フィリピン,0,,-
HAPPY SKY,EDEN,0,,-,0,,-,1805,MISSAV,フィリピン,2699,CRASS.,フィリピン,3186,KUKO,フィリピン
HAPPY SKY,EMPTY OF THE SKY,0,,-,0,,-,0,,-,1390,C*REMI,フィリピン,0,,-
HAPPY SKY,First Resolution,0,,-,0,,-,1456,MISSAV,フィリピン,1960,KORIL,フィリピン,0,,-
HAPPY SKY,garden,0,,-,854,TAKO,フィリピン,1403,MISSAV,フィリピン,1990,TJMZK,フィリピン,2967,CRASS.,フィリピン
HAPPY SKY,Get'em up to R.A.V.E,0,,-,0,,-,1601,MISSAV,フィリピン,2157,BURI3.,フィリピン,0,,-
HAPPY SKY,GREEN EYES,0,,-,0,,-,0,,-,2092,CRASS.,フィリピン,0,,-
HAPPY SKY,HAPPY☆ANGEL,436,MILLNS,フィリピン,369,IFAS..,フィリピン,1364,JIMMY,フィリピン,2035,KUKO,フィリピン,0,,-
HAPPY SKY,I am,0,,-,664,HGNAIL,フィリピン,1566,SINNY,フィリピン,2114,KUKO,フィリピン,0,,-
HAPPY SKY,in motion,0,,-,0,,-,0,,-,1238,JAMON5,フィリピン,0,,-
HAPPY SKY,INAZUMA,0,,-,257,EEBICC,フィリピン,1311,4545DX,フィリピン,2611,CRASS.,フィリピン,3854,GATON5,フィリピン
HAPPY SKY,LESSON 5,0,,-,0,,-,1303,IS,フィリピン,2253,QWERTY,フィリピン,0,,-
HAPPY SKY,Little Little Princess,0,,-,0,,-,2131,HIMIKO,フィリピン,2704,KUKO,フィリピン,3624,GATON5,フィリピン
HAPPY SKY,Love Magic,0,,-,0,,-,1634,KORIL,フィリピン,1742,CPU69,フィリピン,0,,-
HAPPY SKY,mind the gap,0,,-,0,,-,741,RANDOM,フィリピン,1435,HIMIKO,フィリピン,0,,-
HAPPY SKY,MOON RACE,0,,-,0,,-,0,,-,1816,KUKO,フィリピン,0,,-
HAPPY SKY,Pink Rose,0,,-,385,MILLNS,フィリピン,671,EDDY,フィリピン,1392,GATON5,フィリピン,1941,GATON5,フィリピン
HAPPY SKY,PLASMA,0,,-,215,SHIRO,フィリピン,979,MIDI,フィリピン,2116,JAMON5,フィリピン,0,,-
HAPPY SKY,Pollinosis,0,,-,348,WOLFEN,フィリピン,1085,MAYAMA,フィリピン,2348,KUKO,フィリピン,0,,-
HAPPY SKY,POODLE,0,,-,446,WOLFEN,フィリピン,1482,RYUNGA,フィリピン,2238,BURI3.,フィリピン,3290,KUKO,フィリピン
HAPPY SKY,rage against usual,0,,-,700,HGNAIL,フィリピン,1890,GATON5,フィリピン,2662,TAKO,フィリピン,0,,-
HAPPY SKY,SCREAM SQUAD,0,,-,0,,-,1591,BURI3.,フィリピン,1960,KUKO,フィリピン,0,,-
HAPPY SKY,Scripted Connection⇒ A mix,0,,-,826,RANCED,フィリピン,2012,HIMIKO,フィリピン,2946,MYU2,フィリピン,3108,MYU2,フィリピン
HAPPY SKY,Scripted Connection⇒ H mix,0,,-,1465,MISSAV,フィリピン,1707,HIMIKO,フィリピン,1344,RYUNGA,フィリピン,2724,MYU2,フィリピン
HAPPY SKY,Scripted Connection⇒ N mix,0,,-,858,HGNAIL,フィリピン,0,,-,1898,M-ORY!,フィリピン,2402,MYU2,フィリピン
HAPPY SKY,SigSig,460,MILLNS,フィリピン,689,F,フィリピン,1531,JIMMY,フィリピン,2519,KUKO,フィリピン,0,,-
HAPPY SKY,Tizona d'El Cid,0,,-,0,,-,72,8SP4WD,フィリピン,2065,CPU69,フィリピン,0,,-
HAPPY SKY,Twelfth Style,0,,-,0,,-,511,PEAKY,フィリピン,1972,KUKO,フィリピン,3030,KUKO,フィリピン
HAPPY SKY,Under the Sky,0,,-,712,TJBA01,フィリピン,1297,JIMMY,フィリピン,1638,RDYVJ1,フィリピン,0,,-
HAPPY SKY,vault of heaven,0,,-,434,COCOTR,フィリピン,994,HS2565,フィリピン,1939,KUKO,フィリピン,0,,-
HAPPY SKY,Votum stellarum,0,,-,0,,-,1217,SINKER,フィリピン,1846,MYU2,フィリピン,0,,-
HAPPY SKY,We are Disっ娘よっつ打ち命,0,,-,0,,-,591,KAGUYA,フィリピン,1641,MYU2,フィリピン,0,,-
HAPPY SKY,Xepher,316,GAMA,フィリピン,750,GAMA,フィリピン,1844,HIMIKO,フィリピン,2839,KUKO,フィリピン,0,,-
HAPPY SKY,オレはビートマニア！お前は何マニア？,0,,-,547,TMO*,フィリピン,1188,RYUNGA,フィリピン,1640,CRASS.,フィリピン,0,,-
HAPPY SKY,ヒマワリ,0,,-,410,JOJITO,フィリピン,1540,MARKUN,フィリピン,1990,KUKO,フィリピン,0,,-
HAPPY SKY,ラクエン,0,,-,239,GAMER,フィリピン,317,N-A,フィリピン,1895,KUKO,フィリピン,0,,-
HAPPY SKY,冥,373,KAZU,フィリピン,689,AAAAAA,フィリピン,2041,KUKO,フィリピン,3200,MYU2,フィリピン,0,,-
HAPPY SKY,合体せよ！ストロングイェーガー！！ (Ryu☆ remix),0,,-,0,,-,1430,MISSAV,フィリピン,1727,CPU69,フィリピン,0,,-
HAPPY SKY,月光,0,,-,593,HGNAIL,フィリピン,1663,KORIL,フィリピン,2381,KUKO,フィリピン,0,,-
DistorteD,ALFARSHEAR 双神威に廻る夢,0,,-,760,HGNAIL,フィリピン,1163,KAGUYA,フィリピン,2040,KUKO,フィリピン,0,,-
DistorteD,Apocalypse ～dirge of swans～,0,,-,558,KAGUYA,フィリピン,1702,*#06#,フィリピン,2313,KUKO,フィリピン,0,,-
DistorteD,BALLAD THE FEATHERS,0,,-,339,STRKR.,フィリピン,738,J,フィリピン,1424,JAMON5,フィリピン,0,,-
DistorteD,Bloody Tears(IIDX EDITION),0,,-,724,KAZU,フィリピン,1637,RYUNGA,フィリピン,2124,KUKO,フィリピン,0,,-
DistorteD,BOOM BOOM DISCO NIGHT,0,,-,343,WOLFEN,フィリピン,921,N-A,フィリピン,2203,KUKO,フィリピン,0,,-
DistorteD,Broadbanded,0,,-,485,KAGUYA,フィリピン,794,KAGUYA,フィリピン,1892,M-ORY!,フィリピン,0,,-
DistorteD,Concertino in Blue,148,GIN,フィリピン,480,TAKA,フィリピン,1523,CPU69,フィリピン,2295,KUKO,フィリピン,0,,-
DistorteD,CONTRACT,0,,-,1193,JAMON5,フィリピン,1550,HIMIKO,フィリピン,1968,KUKO,フィリピン,2465,TAKO,フィリピン
DistorteD,D.C.fish,0,,-,0,,-,0,,-,2280,KUKO,フィリピン,0,,-
DistorteD,DEEP ROAR,0,,-,0,,-,0,,-,2671,KUKO,フィリピン,0,,-
DistorteD,Double Loving Heart,0,,-,168,SOFLUM,フィリピン,0,,-,1733,JAMON5,フィリピン,0,,-
DistorteD,DUE TOMORROW,0,,-,592,HGNAIL,フィリピン,1300,KORIL,フィリピン,1877,GATON5,フィリピン,0,,-
DistorteD,EURO-ROMANCE,0,,-,0,,-,1543,JIMMY,フィリピン,2053,KUKO,フィリピン,0,,-
DistorteD,Ganymede,0,,-,592,POCHI,フィリピン,1255,N-A,フィリピン,2090,TAKO,フィリピン,2347,TAKO,フィリピン
DistorteD,Harmony and Lovely,0,,-,795,SINKER,フィリピン,0,,-,2141,KUKO,フィリピン,0,,-
DistorteD,Heavenly Sun (IIDX VERSION),0,,-,381,HGNAIL,フィリピン,949,TJB,フィリピン,2070,GATON5,フィリピン,0,,-
DistorteD,INFERNO,0,,-,0,,-,0,,-,1882,JAMON5,フィリピン,0,,-
DistorteD,Leaving...,0,,-,497,KAGUYA,フィリピン,0,,-,1881,M-ORY!,フィリピン,0,,-
DistorteD,MINT,0,,-,0,,-,1593,HIMIKO,フィリピン,2209,CRASS.,フィリピン,0,,-
DistorteD,MOON,0,,-,473,AKIRA,フィリピン,1863,MISSAV,フィリピン,2149,KUKO,フィリピン,0,,-
DistorteD,Power of Love,0,,-,0,,-,0,,-,2087,BURI3.,フィリピン,0,,-
DistorteD,So Fabulous !!,0,,-,700,WWWWWW,フィリピン,1258,RYUNGA,フィリピン,2245,BURI3.,フィリピン,0,,-
DistorteD,Sun Field,0,,-,63,IIDX33,フィリピン,0,,-,2275,KUKO,フィリピン,0,,-
DistorteD,The Dirty of Loudness,0,,-,1264,RANDOM,フィリピン,1986,MISSAV,フィリピン,2562,MYU2,フィリピン,0,,-
DistorteD,This is Love,0,,-,0,,-,0,,-,2306,INDIA,フィリピン,0,,-
DistorteD,tripping contact(teranoid&MC Natsack Remix),0,,-,787,-JUTE-,フィリピン,1808,HIMIKO,フィリピン,2332,CRASS.,フィリピン,0,,-
DistorteD,TYPE MARS(G-Style Mix),0,,-,0,,-,1599,MISSAV,フィリピン,1524,N-A,フィリピン,0,,-
DistorteD,waxing and wanding,0,,-,1230,RANDOM,フィリピン,1936,BURI3.,フィリピン,2798,KORIL,フィリピン,3863,MYU2,フィリピン
DistorteD,Why did you go away,375,MILLNS,フィリピン,0,,-,0,,-,2266,CRASS.,フィリピン,0,,-
DistorteD,WISH(EUROBEAT MIX),0,,-,0,,-,0,,-,1936,KUKO,フィリピン,0,,-
DistorteD,with you…,0,,-,330,HGNAIL,フィリピン,0,,-,1724,M-ORY!,フィリピン,0,,-
DistorteD,Zenius -I- vanisher,0,,-,842,TJBA01,フィリピン,1022,N-A,フィリピン,2335,KUKO,フィリピン,0,,-
DistorteD,カゴノトリ～弐式～,0,,-,916,HS2565,フィリピン,1443,RANDOM,フィリピン,2572,GATON5,フィリピン,0,,-
DistorteD,タシカナモノ,0,,-,0,,-,0,,-,1912,JAMON5,フィリピン,0,,-
DistorteD,嘆きの樹,0,,-,1648,MISSAV,フィリピン,2278,M-ORY!,フィリピン,3687,MYU2,フィリピン,0,,-
DistorteD,罠,0,,-,0,,-,1209,ABLAZE,フィリピン,2329,CPU69,フィリピン,0,,-
DistorteD,華蝶風雪,0,,-,1102,C*REMI,フィリピン,2041,BURI3.,フィリピン,2892,MYU2,フィリピン,3860,CRASS.,フィリピン
DistorteD,虹色,0,,-,0,,-,1215,Y5,フィリピン,1790,MYU2,フィリピン,0,,-
GOLD,2hot2eat,0,,-,280,IFAS..,フィリピン,578,N-A,フィリピン,1442,KORIL,フィリピン,0,,-
GOLD,Air Bell,0,,-,514,IFAS..,フィリピン,849,HS2565,フィリピン,1662,CRASS.,フィリピン,0,,-
GOLD,ANDROMEDA II,0,,-,940,KORIL,フィリピン,1469,SINKER,フィリピン,2336,M-ORY!,フィリピン,0,,-
GOLD,Blind Justice ～Torn souls， Hurt Faiths ～,0,,-,908,F,フィリピン,1813,MISSAV,フィリピン,2459,CRASS.,フィリピン,0,,-
GOLD,Candy Galy,0,,-,0,,-,2473,BURI3.,フィリピン,3307,KUKO,フィリピン,0,,-
GOLD,CaptivAte～裁き～,236,MILLNS,フィリピン,573,HGNAIL,フィリピン,970,PPP,フィリピン,1747,CRASS.,フィリピン,0,,-
GOLD,CaptivAte～誓い～,0,,-,0,,-,1608,SINKER,フィリピン,2096,INDIA,フィリピン,0,,-
GOLD,CROSSROAD ～Left Story～,0,,-,0,,-,1640,JIMMY,フィリピン,2175,CRASS.,フィリピン,0,,-
GOLD,Cyber Force,0,,-,754,-JUTE-,フィリピン,1234,HGNAIL,フィリピン,2164,RDYVJ1,フィリピン,0,,-
GOLD,Fascination MAXX,0,,-,567,OOKA,フィリピン,1613,KUKO,フィリピン,2360,CRASS.,フィリピン,0,,-
GOLD,FIRE FIRE,0,,-,913,HGNAIL,フィリピン,1554,HIMIKO,フィリピン,2620,KUKO,フィリピン,0,,-
GOLD,four-leaf,0,,-,398,STRKR.,フィリピン,782,HGNAIL,フィリピン,1614,KORIL,フィリピン,0,,-
GOLD,GOLD RUSH,0,,-,775,HGNAIL,フィリピン,1420,*#06#,フィリピン,2270,KUKO,フィリピン,0,,-
GOLD,GRID KNIGHT,0,,-,0,,-,1646,RANDOM,フィリピン,2556,KUKO,フィリピン,3432,GATON5,フィリピン
GOLD,heaven above,0,,-,0,,-,1068,IIDX31,フィリピン,1765,JAMON5,フィリピン,0,,-
GOLD,High School Love,0,,-,675,HGNAIL,フィリピン,1430,MISSAV,フィリピン,2197,CRASS.,フィリピン,0,,-
GOLD,INORI,0,,-,1058,KAGUYA,フィリピン,2493,IX,フィリピン,3112,GATON5,フィリピン,0,,-
GOLD,KAMAITACHI,0,,-,689,KAGUYA,フィリピン,1806,KORIL,フィリピン,2631,MYU2,フィリピン,3486,MYU2,フィリピン
GOLD,LASER CRUSTER,0,,-,1375,MISSAV,フィリピン,2343,KUKO,フィリピン,3062,MYU2,フィリピン,0,,-
GOLD,Love Again...,0,,-,346,MILLNS,フィリピン,0,,-,1017,MISSAV,フィリピン,0,,-
GOLD,Make Me Your Own,0,,-,0,,-,1336,MISSAV,フィリピン,2051,BURI3.,フィリピン,0,,-
GOLD,METALLIC MIND,0,,-,459,HGNAIL,フィリピン,1086,RYUNGA,フィリピン,1547,GATON5,フィリピン,0,,-
GOLD,never…,0,,-,0,,-,951,HGNAIL,フィリピン,1735,CRASS.,フィリピン,0,,-
GOLD,op.31 叙情,0,,-,0,,-,1057,HIMIKO,フィリピン,1461,KUKO,フィリピン,0,,-
GOLD,PHOTONGENIC,0,,-,998,#CLIO,フィリピン,1929,BURI3.,フィリピン,2281,KUKO,フィリピン,0,,-
GOLD,Roulette,0,,-,0,,-,1025,PPP,フィリピン,2029,KUKO,フィリピン,0,,-
GOLD,Second Heaven,176,SETQ,フィリピン,716,EDDY,フィリピン,1478,KORIL,フィリピン,2063,KUKO,フィリピン,0,,-
GOLD,Sense 2007,0,,-,1131,RYUNGA,フィリピン,2124,KUKO,フィリピン,2632,WINDA,フィリピン,0,,-
GOLD,smile,0,,-,815,RM3###,フィリピン,2029,*#06#,フィリピン,2817,MYU2,フィリピン,0,,-
GOLD,snow storm,113,ETANZ,フィリピン,552,NRG000,フィリピン,1730,NY0ING,フィリピン,2763,GATON5,フィリピン,3269,MYU2,フィリピン
GOLD,the shadow,0,,-,0,,-,0,,-,2777,KUKO,フィリピン,0,,-
GOLD,The Smile of You,0,,-,0,,-,1068,AKN122,フィリピン,1579,INDIA,フィリピン,0,,-
GOLD,TRANOID,0,,-,576,HGNAIL,フィリピン,1561,HIMIKO,フィリピン,1402,RYUNGA,フィリピン,2695,TAKO,フィリピン
GOLD,VANESSA,0,,-,691,HGNAIL,フィリピン,1688,KUKO,フィリピン,2191,KUKO,フィリピン,2983,INDIA,フィリピン
GOLD,Watch out!!,0,,-,392,STRKR.,フィリピン,0,,-,1480,KUKO,フィリピン,0,,-
GOLD,With your Smile,0,,-,0,,-,1111,KORIL,フィリピン,1535,M-ORY!,フィリピン,0,,-
GOLD,クルクル☆ラブ～Opioid Peptide MIX～,0,,-,0,,-,1213,SINKER,フィリピン,2182,GATON5,フィリピン,0,,-
GOLD,ヨシダさん,0,,-,0,,-,1127,9NINE,フィリピン,1898,INDIA,フィリピン,0,,-
GOLD,リグレット,0,,-,917,HGNAIL,フィリピン,1615,MISSAV,フィリピン,2283,KORIL,フィリピン,0,,-
GOLD,星をこの手に,0,,-,868,HGNAIL,フィリピン,1543,TEKKU*,フィリピン,2037,KORIL,フィリピン,0,,-
GOLD,花吹雪 ～ IIDX LIMITED ～,0,,-,489,AURBYS,フィリピン,684,ANTT,フィリピン,1349,RDYVJ1,フィリピン,0,,-
GOLD,零 - ZERO -,0,,-,870,KBTIT,フィリピン,1452,HGNAIL,フィリピン,2270,KUKO,フィリピン,2674,KUKO,フィリピン
GOLD,電人、暁に斃れる。,407,MILLNS,フィリピン,944,N-A,フィリピン,2318,BURI3.,フィリピン,3235,MYU2,フィリピン,0,,-
DJ TROOPERS,2 tribe 4 K,0,,-,0,,-,0,,-,2582,MYU2,フィリピン,0,,-
DJ TROOPERS,"Anisakis -somatic mutation type""Forza""-",0,,-,941,HGNAIL,フィリピン,1990,KORIL,フィリピン,2744,KUKO,フィリピン,3631,MYU2,フィリピン
DJ TROOPERS,avant-guerre,0,,-,443,GAMER,フィリピン,0,,-,1864,HAPPY,フィリピン,0,,-
DJ TROOPERS,Be OK,0,,-,0,,-,1635,MISSAV,フィリピン,2339,KUKO,フィリピン,3167,KUKO,フィリピン
DJ TROOPERS,beatonic nation,0,,-,760,HEX!,フィリピン,1532,SINKER,フィリピン,2068,INDIA,フィリピン,0,,-
DJ TROOPERS,Blue Rain,145,IFAS..,フィリピン,461,KAGUYA,フィリピン,1384,MISSAV,フィリピン,2204,GATON5,フィリピン,3088,GATON5,フィリピン
DJ TROOPERS,Darling my LUV,0,,-,0,,-,755,YUU-!?,フィリピン,1337,GATON5,フィリピン,0,,-
DJ TROOPERS,Dazzlin' Darlin,263,WOLFEN,フィリピン,812,RYUNGA,フィリピン,1219,DKX,フィリピン,2185,BURI3.,フィリピン,0,,-
DJ TROOPERS,Digitank System,0,,-,630,ANTT,フィリピン,1446,*#06#,フィリピン,1996,KUKO,フィリピン,0,,-
DJ TROOPERS,Do it!! Do it!!,0,,-,539,HGNAIL,フィリピン,1454,KUKO,フィリピン,1687,KORIL,フィリピン,2245,GATON5,フィリピン
DJ TROOPERS,end of world,0,,-,0,,-,1545,MISSAV,フィリピン,2385,MYU2,フィリピン,0,,-
DJ TROOPERS,evergreen,0,,-,964,HIMIKO,フィリピン,1337,HIMIKO,フィリピン,1854,MYU2,フィリピン,0,,-
DJ TROOPERS,four pieces of heaven,0,,-,119,KAGUYA,フィリピン,1652,HIMIKO,フィリピン,2079,KUKO,フィリピン,2488,INDIA,フィリピン
DJ TROOPERS,Freeway Shuffle,0,,-,416,MILLNS,フィリピン,0,,-,1629,MAYAMA,フィリピン,0,,-
DJ TROOPERS,ICARUS,0,,-,968,FISCH,フィリピン,1899,HIMIKO,フィリピン,2332,KUKO,フィリピン,3151,TAKO,フィリピン
DJ TROOPERS,in the Sky,0,,-,1246,RANDOM,フィリピン,1942,MISSAV,フィリピン,2501,MYU2,フィリピン,0,,-
DJ TROOPERS,Kick Out 仮面,0,,-,147,YUNA,フィリピン,1005,HGNAIL,フィリピン,1999,CRASS.,フィリピン,0,,-
DJ TROOPERS,LOVELY STORM,0,,-,0,,-,1621,PPP,フィリピン,2756,KUKO,フィリピン,0,,-
DJ TROOPERS,madrugada,0,,-,0,,-,0,,-,1800,MYU2,フィリピン,0,,-
DJ TROOPERS,MAX LOVE,0,,-,1013,HGNAIL,フィリピン,0,,-,2604,CRASS.,フィリピン,0,,-
DJ TROOPERS,MENDES,0,,-,810,HGNAIL,フィリピン,2456,KUKO,フィリピン,3334,MYU2,フィリピン,0,,-
DJ TROOPERS,MENTAL MELTDOWN,0,,-,543,COCOTR,フィリピン,1987,HIMIKO,フィリピン,2545,TAKO,フィリピン,0,,-
DJ TROOPERS,NEW GENERATION -もう、お前しか見えない-,0,,-,484,HGNAIL,フィリピン,1704,MISSAV,フィリピン,2455,KUKO,フィリピン,3258,TAKO,フィリピン
DJ TROOPERS,oratio,0,,-,1263,RANDOM,フィリピン,1988,GATON5,フィリピン,2844,MYU2,フィリピン,0,,-
DJ TROOPERS,PARANOiA ～HADES～,0,,-,747,RYUNGA,フィリピン,1805,MYU2,フィリピン,2516,GATON5,フィリピン,0,,-
DJ TROOPERS,PROMISE FOR LIFE,0,,-,325,MILLNS,フィリピン,809,N-A,フィリピン,1640,YABAI*,フィリピン,0,,-
DJ TROOPERS,REMINISCENCE,0,,-,0,,-,1687,MISSAV,フィリピン,2188,INDIA,フィリピン,0,,-
DJ TROOPERS,Rising in the Sun(original mix),0,,-,0,,-,0,,-,2121,INDIA,フィリピン,0,,-
DJ TROOPERS,Ristaccia,0,,-,335,HATANO,フィリピン,959,HGNAIL,フィリピン,2649,KUKO,フィリピン,0,,-
DJ TROOPERS,"satellite020712 from ""CODED ARMS""",0,,-,0,,-,1320,JIMMY,フィリピン,2222,KORIL,フィリピン,0,,-
DJ TROOPERS,satfinal,0,,-,0,,-,1324,MISSAV,フィリピン,1861,M-ORY!,フィリピン,0,,-
DJ TROOPERS,scar in the earth,0,,-,0,,-,0,,-,1361,MISSAV,フィリピン,0,,-
DJ TROOPERS,SOUND OF GIALLARHORN,0,,-,0,,-,2587,BURI3.,フィリピン,3145,GATON5,フィリピン,0,,-
DJ TROOPERS,State Of The Art,0,,-,0,,-,0,,-,2902,M-ORY!,フィリピン,0,,-
DJ TROOPERS,STEEL NEEDLE,0,,-,523,HGNAIL,フィリピン,1996,HIMIKO,フィリピン,2335,M-ORY!,フィリピン,3071,MYU2,フィリピン
DJ TROOPERS,switch,0,,-,415,HGNAIL,フィリピン,1089,RYUNGA,フィリピン,1982,KUKO,フィリピン,0,,-
DJ TROOPERS,THE DEEP STRIKER,0,,-,757,DUCK!!,フィリピン,1636,RYUNGA,フィリピン,2177,N.NBO,フィリピン,3389,GATON5,フィリピン
DJ TROOPERS,the trigger of innocence,0,,-,0,,-,0,,-,1799,M-ORY!,フィリピン,3057,CRASS.,フィリピン
DJ TROOPERS,Time to Air,0,,-,895,-JUTE-,フィリピン,2015,HIMIKO,フィリピン,2824,KUKO,フィリピン,3438,MYU2,フィリピン
DJ TROOPERS,TRIP MACHINE PhoeniX,0,,-,0,,-,0,,-,1290,IIDX31,フィリピン,0,,-
DJ TROOPERS,TROOPERS,0,,-,946,ANTT,フィリピン,2270,*#06#,フィリピン,2867,KUKO,フィリピン,0,,-
DJ TROOPERS,Ubertreffen,0,,-,0,,-,1725,HIMIKO,フィリピン,2393,KUKO,フィリピン,2978,GATON5,フィリピン
DJ TROOPERS,Wanna Party?,0,,-,0,,-,730,ILLE,フィリピン,1487,M-ORY!,フィリピン,2557,GATON5,フィリピン
DJ TROOPERS,エコ爺,0,,-,0,,-,1111,C*REMI,フィリピン,1788,KORIL,フィリピン,0,,-
DJ TROOPERS,マチ子の唄,0,,-,653,SINKER,フィリピン,1247,MISSAV,フィリピン,1725,INDIA,フィリピン,0,,-
DJ TROOPERS,ミラージュ・レジデンス,0,,-,853,KAGUYA,フィリピン,0,,-,2479,JAMON5,フィリピン,3040,GATON5,フィリピン
DJ TROOPERS,少年A,0,,-,909,KAGUYA,フィリピン,1974,HIMIKO,フィリピン,2567,INDIA,フィリピン,0,,-
DJ TROOPERS,華爛漫 -Flowers-,231,CHACCO,フィリピン,739,OKYOKU,フィリピン,1546,KORIL,フィリピン,2006,GATON5,フィリピン,3094,MYU2,フィリピン
DJ TROOPERS,走馬灯 -The Last Song-,0,,-,332,JZX81,フィリピン,885,MISSAV,フィリピン,1194,310.,フィリピン,0,,-
DJ TROOPERS,高高度降下低高度開傘,0,,-,0,,-,1023,N-A,フィリピン,1906,KUKO,フィリピン,0,,-
EMPRESS,3y3s,348,MILLNS,フィリピン,1453,KORIL,フィリピン,2365,HIMIKO,フィリピン,3351,MYU2,フィリピン,0,,-
EMPRESS,ALL I NEED YOUR LOVE,0,,-,0,,-,1505,MISSAV,フィリピン,1948,CPU69,フィリピン,0,,-
EMPRESS,ALL MY TURN -このターンに、オレの全てを賭ける-,0,,-,734,HGNAIL,フィリピン,1038,RYUNGA,フィリピン,2526,KUKO,フィリピン,0,,-
EMPRESS,Arabian Rave Night,0,,-,847,J,フィリピン,2136,BURI3.,フィリピン,2775,KUKO,フィリピン,3399,KUKO,フィリピン
EMPRESS,B4U(BEMANI FOR YOU MIX),0,,-,0,,-,1999,MISSAV,フィリピン,3355,KUKO,フィリピン,4297,GATON5,フィリピン
EMPRESS,Bahram Attack-猫叉Master Remix-,0,,-,563,IFAS..,フィリピン,1861,KORIL,フィリピン,2503,BURI3.,フィリピン,3132,KUKO,フィリピン
EMPRESS,BITTER CHOCOLATE STRIKER,0,,-,542,EDDY,フィリピン,2173,KUKO,フィリピン,3808,MYU2,フィリピン,0,,-
EMPRESS,BRIDAL FESTIVAL !!!,0,,-,0,,-,0,,-,1945,MISSAV,フィリピン,0,,-
EMPRESS,CaptivAte2～覚醒～,0,,-,476,HGNAIL,フィリピン,1517,MISSAV,フィリピン,2324,MYU2,フィリピン,0,,-
EMPRESS,Colorful Cookie,0,,-,933,TJBA01,フィリピン,2252,KUKO,フィリピン,3391,MYU2,フィリピン,0,,-
EMPRESS,Cyber Force -DJ Yoshitaka Remix-,0,,-,0,,-,1735,MISSAV,フィリピン,2354,RDYVJ1,フィリピン,0,,-
EMPRESS,Flash Back 90's,0,,-,439,WOLFEN,フィリピン,1715,MISSAV,フィリピン,2220,HAPPY,フィリピン,2811,KUKO,フィリピン
EMPRESS,Fly Above,0,,-,0,,-,690,KMH,フィリピン,2010,KUKO,フィリピン,0,,-
EMPRESS,Go Beyond!!,301,MILLNS,フィリピン,739,ANTT,フィリピン,1470,TEKKU*,フィリピン,2000,GATON5,フィリピン,0,,-
EMPRESS,HYPERION,0,,-,0,,-,1758,MISSAV,フィリピン,2668,KUKO,フィリピン,0,,-
EMPRESS,I'm Screaming LOVE,0,,-,477,EMI*,フィリピン,613,CEE3ZY,フィリピン,1656,CRASS.,フィリピン,0,,-
EMPRESS,Jack,0,,-,0,,-,0,,-,2144,GATON5,フィリピン,0,,-
EMPRESS,Just a Little Smile,0,,-,0,,-,1092,JIMMY,フィリピン,2301,KUKO,フィリピン,0,,-
EMPRESS,Kung-fu Empire,0,,-,986,HGNAIL,フィリピン,2523,BURI3.,フィリピン,3077,KUKO,フィリピン,3629,KUKO,フィリピン
EMPRESS,Marie Antoinette,0,,-,0,,-,1644,MISSAV,フィリピン,2407,MYU2,フィリピン,2943,HIMIKO,フィリピン
EMPRESS,Mind Mapping,298,MILLNS,フィリピン,622,EMI*,フィリピン,1146,MISSAV,フィリピン,1778,CRASS.,フィリピン,2186,KUKO,フィリピン
EMPRESS,Monkey Dance '09,0,,-,0,,-,1128,KAGUYA,フィリピン,2102,M-ORY!,フィリピン,0,,-
EMPRESS,naughty girl@Queen's Palace,0,,-,643,YELYAH,フィリピン,1387,SINKER,フィリピン,2045,CRASS.,フィリピン,2531,KUKO,フィリピン
EMPRESS,neogenesis,0,,-,0,,-,0,,-,1566,CPU69,フィリピン,2208,KUKO,フィリピン
EMPRESS,NΦ CRIME,224,KEN13,フィリピン,0,,-,0,,-,1857,KUKO,フィリピン,2363,KUKO,フィリピン
EMPRESS,Programmed World,0,,-,0,,-,1347,DKX,フィリピン,2109,TAKO,フィリピン,0,,-
EMPRESS,Punch Love 仮面,0,,-,0,,-,1452,JIMMY,フィリピン,2451,KUKO,フィリピン,3049,GATON5,フィリピン
EMPRESS,Queen's Tragedy,0,,-,0,,-,1151,N-A,フィリピン,2096,BURI3.,フィリピン,0,,-
EMPRESS,Secrets,0,,-,0,,-,1777,RYUNGA,フィリピン,3043,CRASS.,フィリピン,3737,GATON5,フィリピン
EMPRESS,smooooch・∀・,299,AURBYS,フィリピン,728,HGNAIL,フィリピン,1416,RYUNGA,フィリピン,2093,KUKO,フィリピン,2689,KUKO,フィリピン
EMPRESS,SOLITON BEAM,0,,-,0,,-,1360,HGNAIL,フィリピン,2170,JAMON5,フィリピン,0,,-
EMPRESS,THANK YOU FOR PLAYING,0,,-,0,,-,1559,MISSAV,フィリピン,1648,TEKKU*,フィリピン,2707,TAKO,フィリピン
EMPRESS,THE SHINING POLARIS(kors k mix),0,,-,891,9NINE,フィリピン,1630,DKX,フィリピン,3022,CRASS.,フィリピン,0,,-
EMPRESS,thunder HOUSE NATION Remix,0,,-,0,,-,800,RM3###,フィリピン,2389,M-ORY!,フィリピン,3817,GATON5,フィリピン
EMPRESS,Turii ～Panta rhei～,0,,-,0,,-,1834,MISSAV,フィリピン,2620,CRASS.,フィリピン,0,,-
EMPRESS,V2,512,MILLNS,フィリピン,735,OKYOKU,フィリピン,2883,HIMIKO,フィリピン,3278,GATON5,フィリピン,0,,-
EMPRESS,Y&Co. is dead or alive,0,,-,0,,-,1123,MISSAV,フィリピン,2540,KUKO,フィリピン,0,,-
EMPRESS,"You'll say ""Now!""",0,,-,644,HGNAIL,フィリピン,1749,*#06#,フィリピン,2386,KUKO,フィリピン,0,,-
EMPRESS,まほろば,0,,-,562,N-A,フィリピン,1051,HGNAIL,フィリピン,1957,HAPPY,フィリピン,0,,-
EMPRESS,ハリツヤランデヴー,0,,-,0,,-,1964,MISSAV,フィリピン,2399,INDIA,フィリピン,0,,-
EMPRESS,ミッドナイト堕天使,0,,-,0,,-,0,,-,2723,CRASS.,フィリピン,0,,-
EMPRESS,不沈艦CANDY,482,WWWWWW,フィリピン,783,MURI,フィリピン,1715,MISSAV,フィリピン,3247,MYU2,フィリピン,0,,-
EMPRESS,凛として咲く花の如く,311,N-A,フィリピン,1176,SAKODA,フィリピン,1855,JIMMY,フィリピン,2716,KUKO,フィリピン,3102,KUKO,フィリピン
EMPRESS,卑弥呼,0,,-,1160,KORIL,フィリピン,2555,KUKO,フィリピン,3718,MYU2,フィリピン,0,,-
EMPRESS,天空脳番長危機十六連打,0,,-,225,ANA,フィリピン,1734,MISSAV,フィリピン,2083,JZX81,フィリピン,0,,-
EMPRESS,山岡晃の「クイズ！家事都合！」,0,,-,436,WOLFEN,フィリピン,1203,MISSAV,フィリピン,1951,INDIA,フィリピン,0,,-
EMPRESS,翼,0,,-,703,N-A,フィリピン,1396,MISSAV,フィリピン,1917,M-ORY!,フィリピン,2475,KUKO,フィリピン
EMPRESS,鉄甲乙女-under the steel-,0,,-,521,IFAS..,フィリピン,0,,-,2019,MAYAMA,フィリピン,0,,-
SIRIUS,AIR RAID FROM THA UNDAGROUND,460,DKX,フィリピン,786,FISCH,フィリピン,1391,DKX,フィリピン,2245,KUKO,フィリピン,2857,MYU2,フィリピン
SIRIUS,Almagest,0,,-,963,MISSAV,フィリピン,2069,KUKO,フィリピン,2994,MYU2,フィリピン,0,,-
SIRIUS,Bad Maniacs,0,,-,689,FISCH,フィリピン,1816,BURI3.,フィリピン,2998,CRASS.,フィリピン,0,,-
SIRIUS,bass 2 bass,0,,-,644,EDDY,フィリピン,1241,IX,フィリピン,1796,CRASS.,フィリピン,0,,-
SIRIUS,beatchic☆仮面～好き、でいさせて～,0,,-,0,,-,1542,MISSAV,フィリピン,1932,INDIA,フィリピン,0,,-
SIRIUS,BEAUTIFUL ANGEL,0,,-,359,OHAINY,フィリピン,1628,SINNY,フィリピン,2443,KUKO,フィリピン,0,,-
SIRIUS,being torn the sky,0,,-,395,MILLNS,フィリピン,987,J,フィリピン,1928,TAKO,フィリピン,0,,-
SIRIUS,bloomin' feeling,235,HGNAIL,フィリピン,776,EMI*,フィリピン,1838,MISSAV,フィリピン,2550,MYU2,フィリピン,0,,-
SIRIUS,CaptivAte～裁き～(SUBLIME TECHNO MIX),0,,-,667,HGNAIL,フィリピン,1489,MISSAV,フィリピン,2360,GATON5,フィリピン,0,,-
SIRIUS,D,0,,-,862,HGNAIL,フィリピン,1842,HIMIKO,フィリピン,2373,KUKO,フィリピン,0,,-
SIRIUS,DAWN -THE NEXT ENDEAVOUR-,0,,-,0,,-,2531,MISSAV,フィリピン,3003,RDYVJ1,フィリピン,0,,-
SIRIUS,Dazzlin' Darlin-秋葉工房mix-,0,,-,508,IFAS..,フィリピン,1306,RYUNGA,フィリピン,2061,KUKO,フィリピン,0,,-
SIRIUS,DESIRE,0,,-,0,,-,1359,NJ.SS*,フィリピン,2739,KUKO,フィリピン,0,,-
SIRIUS,Do Back Burn,0,,-,414,TAKA,フィリピン,1273,MISSAV,フィリピン,2006,KUKO,フィリピン,0,,-
SIRIUS,DOMINION,0,,-,763,COCOTR,フィリピン,2214,HIMIKO,フィリピン,3044,GATON5,フィリピン,0,,-
SIRIUS,DROP,0,,-,196,WOLFIE,フィリピン,1789,MISSAV,フィリピン,2541,MYU2,フィリピン,0,,-
SIRIUS,Elisha,0,,-,629,HGNAIL,フィリピン,1373,CHUSO2,フィリピン,2172,KUKO,フィリピン,0,,-
SIRIUS,Empire State Glory,0,,-,679,HGNAIL,フィリピン,1231,N-A,フィリピン,2571,KUKO,フィリピン,0,,-
SIRIUS,eRAseRmOToRpHAntOM,0,,-,939,FISCH,フィリピン,2308,HIMIKO,フィリピン,3002,KUKO,フィリピン,0,,-
SIRIUS,Evans,370,MURI,フィリピン,976,HS2565,フィリピン,2134,KUKO,フィリピン,2555,CRASS.,フィリピン,0,,-
SIRIUS,EXUSIA,0,,-,883,-JUTE-,フィリピン,2601,BURI3.,フィリピン,3653,MYU2,フィリピン,0,,-
SIRIUS,G59,0,,-,0,,-,2301,KUKO,フィリピン,3715,MYU2,フィリピン,0,,-
SIRIUS,GALGALIM,0,,-,0,,-,1833,HIMIKO,フィリピン,1934,MISSAV,フィリピン,0,,-
SIRIUS,GOLDEN CROSS,0,,-,540,WOLFEN,フィリピン,1869,MISSAV,フィリピン,3252,MYU2,フィリピン,0,,-
SIRIUS,Hydrogen Blueback,0,,-,643,TAKA,フィリピン,1366,JIMMY,フィリピン,2168,M-ORY!,フィリピン,2282,KUKO,フィリピン
SIRIUS,IN THE NAME OF LOVE,0,,-,0,,-,1028,YUU-!?,フィリピン,1859,INDIA,フィリピン,0,,-
SIRIUS,Keep it-秋葉工房mix-,0,,-,0,,-,1331,MISSAV,フィリピン,1809,KUKO,フィリピン,0,,-
SIRIUS,Last Burning,0,,-,0,,-,1155,TO64KI,フィリピン,2203,RDYVJ1,フィリピン,0,,-
SIRIUS,Light Shine,0,,-,0,,-,852,YUU-!?,フィリピン,1905,KUKO,フィリピン,0,,-
SIRIUS,MIRACLE MEETS,0,,-,0,,-,1251,HGNAIL,フィリピン,2153,KORIL,フィリピン,0,,-
SIRIUS,mosaic,0,,-,1323,RANDOM,フィリピン,1959,NASHIO,フィリピン,2981,CRASS.,フィリピン,0,,-
SIRIUS,NEW SENSATION -もう、あなたしか見えない-,0,,-,845,HGNAIL,フィリピン,1986,HIMIKO,フィリピン,2566,CRASS.,フィリピン,0,,-
SIRIUS,NoN-Fiction Story!,0,,-,0,,-,997,JOGO,フィリピン,2169,CRASS.,フィリピン,0,,-
SIRIUS,Programmed Sun,0,,-,593,N-A,フィリピン,1240,HGNAIL,フィリピン,2366,INDIA,フィリピン,0,,-
SIRIUS,quell～the seventh slave～,0,,-,669,-JUTE-,フィリピン,1635,MISSAV,フィリピン,3001,GATON5,フィリピン,0,,-
SIRIUS,Raison d'etre～交差する宿命～,0,,-,0,,-,2097,HIMIKO,フィリピン,2569,KUKO,フィリピン,4180,GATON5,フィリピン
SIRIUS,Red. by Full Metal Jacket,0,,-,617,YELYAH,フィリピン,1956,KUKO,フィリピン,2949,CRASS.,フィリピン,0,,-
SIRIUS,Roots of my way!,0,,-,0,,-,0,,-,1990,MYU2,フィリピン,0,,-
SIRIUS,Session 1 -Genesis-,0,,-,0,,-,650,HS2565,フィリピン,2370,CRASS.,フィリピン,0,,-
SIRIUS,She is my wife,0,,-,427,EDISON,フィリピン,926,HS2565,フィリピン,1931,MYU2,フィリピン,0,,-
SIRIUS,SOLID STATE SQUAD,0,,-,0,,-,2036,MISSAV,フィリピン,3442,KUKO,フィリピン,3485,MYU2,フィリピン
SIRIUS,Sorrows,0,,-,0,,-,1299,KAGUYA,フィリピン,2365,HIMIKO,フィリピン,0,,-
SIRIUS,Special One,0,,-,0,,-,867,-2TOUR,フィリピン,1703,CRASS.,フィリピン,0,,-
SIRIUS,THE LAST STRIKER,0,,-,418,EIMGEE,フィリピン,0,,-,2473,M-ORY!,フィリピン,0,,-
SIRIUS,The Story Begins,0,,-,0,,-,1630,MISSAV,フィリピン,2370,KUKO,フィリピン,0,,-
SIRIUS,かずあそび,0,,-,459,HGNAIL,フィリピン,0,,-,1670,KUKO,フィリピン,0,,-
SIRIUS,たからもの,0,,-,0,,-,1809,MISSAV,フィリピン,2176,KUKO,フィリピン,3514,MYU2,フィリピン
SIRIUS,コスモス,0,,-,717,HS2565,フィリピン,1266,HS2565,フィリピン,2056,KUKO,フィリピン,0,,-
SIRIUS,サヨナラ・ヘヴン,286,GIN,フィリピン,752,EDDY,フィリピン,1065,HGNAIL,フィリピン,1629,KUKO,フィリピン,2090,CRASS.,フィリピン
SIRIUS,バビロニア,0,,-,0,,-,1158,SINKER,フィリピン,1821,TAKO,フィリピン,0,,-
SIRIUS,ワルツ第17番 ト短調”大犬のワルツ”,0,,-,599,HATANO,フィリピン,2048,*#06#,フィリピン,2984,KUKO,フィリピン,0,,-
SIRIUS,未来のプリズム,0,,-,0,,-,904,HGNAIL,フィリピン,1702,MYU2,フィリピン,0,,-
SIRIUS,"水上の提督(Short mix from ""幻想水滸伝V"")",0,,-,419,IFAS..,フィリピン,1461,SINNY,フィリピン,1978,TAKO,フィリピン,0,,-
Resort Anthem,Aegis,0,,-,0,,-,1207,RANDOM,フィリピン,2243,MYU2,フィリピン,0,,-
Resort Anthem,ALBIDA,378,KEN13,フィリピン,866,YUU-!?,フィリピン,1898,BURI3.,フィリピン,2814,MYU2,フィリピン,0,,-
Resort Anthem,Answer,0,,-,641,SINKER,フィリピン,1125,AKN122,フィリピン,2344,MYU2,フィリピン,0,,-
Resort Anthem,ANTHEM LANDING,0,,-,0,,-,1545,SINKER,フィリピン,2860,KUKO,フィリピン,0,,-
Resort Anthem,Believe In Me,0,,-,628,MURI,フィリピン,1281,MARKUN,フィリピン,2300,KUKO,フィリピン,0,,-
Resort Anthem,BLUST OF WIND,0,,-,0,,-,0,,-,2061,GATON5,フィリピン,2432,KUKO,フィリピン
Resort Anthem,Bounce Bounce Bounce,0,,-,0,,-,1459,YABAI*,フィリピン,2366,KUKO,フィリピン,0,,-
Resort Anthem,Breaking the ground,0,,-,526,IFAS..,フィリピン,1705,MISSAV,フィリピン,2478,HAPPY,フィリピン,0,,-
Resort Anthem,Broken,0,,-,880,EDDY,フィリピン,1754,CHUSO2,フィリピン,3061,MYU2,フィリピン,0,,-
Resort Anthem,BROKEN EDEN,0,,-,714,N-A,フィリピン,1559,MISSAV,フィリピン,2227,KUKO,フィリピン,0,,-
Resort Anthem,Dances with Snow Fairies,0,,-,0,,-,2098,HIMIKO,フィリピン,2831,KUKO,フィリピン,3734,GATON5,フィリピン
Resort Anthem,DAYDREAMER,0,,-,930,GAMA,フィリピン,1650,MISSAV,フィリピン,2494,GATON5,フィリピン,0,,-
Resort Anthem,Destiny Sword,0,,-,474,AKN122,フィリピン,1516,MISSAV,フィリピン,2321,KUKO,フィリピン,0,,-
Resort Anthem,DM STAR～関西 energy style～,0,,-,765,HGNAIL,フィリピン,1290,HGNAIL,フィリピン,2355,KUKO,フィリピン,0,,-
Resort Anthem,Energy Drive,0,,-,444,AURBYS,フィリピン,1232,DKX,フィリピン,2127,KUKO,フィリピン,0,,-
Resort Anthem,Eternal Tears,0,,-,0,,-,0,,-,1334,INDIA,フィリピン,0,,-
Resort Anthem,Everlasting Resort,0,,-,563,-JUTE-,フィリピン,0,,-,1837,MYU2,フィリピン,0,,-
Resort Anthem,Fantasia,0,,-,263,HGNAIL,フィリピン,1414,RANDOM,フィリピン,2212,BURI3.,フィリピン,0,,-
Resort Anthem,Golden Palms,0,,-,419,HGNAIL,フィリピン,1227,JIMMY,フィリピン,1637,TEKKU*,フィリピン,2263,KUKO,フィリピン
Resort Anthem,I FIGHT ME,0,,-,151,ASUKKA,フィリピン,1266,SINKER,フィリピン,2104,CRASS.,フィリピン,0,,-
Resort Anthem,Kailua,0,,-,0,,-,1145,RANDOM,フィリピン,2106,GATON5,フィリピン,0,,-
Resort Anthem,Let The Track Flow,0,,-,0,,-,0,,-,2501,TAKO,フィリピン,0,,-
Resort Anthem,Medicine of love,0,,-,0,,-,988,KORIL,フィリピン,1686,GATON5,フィリピン,2323,INDIA,フィリピン
Resort Anthem,Mermaid girl,407,MURI,フィリピン,788,DAN,フィリピン,1590,MISSAV,フィリピン,2183,BURI3.,フィリピン,0,,-
Resort Anthem,Never Fade Away,0,,-,0,,-,1583,MISSAV,フィリピン,2757,INDIA,フィリピン,0,,-
Resort Anthem,New Castle Legions,0,,-,0,,-,1601,HIMIKO,フィリピン,2555,GATON5,フィリピン,0,,-
Resort Anthem,PARADISE LOST,0,,-,922,HS2565,フィリピン,2237,KUKO,フィリピン,2840,TAKO,フィリピン,0,,-
Resort Anthem,passionate fate,0,,-,797,-JUTE-,フィリピン,1488,MISSAV,フィリピン,2040,BURI3.,フィリピン,0,,-
Resort Anthem,perditus†paradisus,0,,-,789,FISCH,フィリピン,2389,KUKO,フィリピン,3449,MYU2,フィリピン,0,,-
Resort Anthem,Programmed Life,0,,-,0,,-,0,,-,1711,POIROT,フィリピン,0,,-
Resort Anthem,reunion,392,MILLNS,フィリピン,1110,HGNAIL,フィリピン,2320,KUKO,フィリピン,3053,MYU2,フィリピン,0,,-
Resort Anthem,Rock Da House,0,,-,588,HS2565,フィリピン,1489,MISSAV,フィリピン,2187,CRASS.,フィリピン,0,,-
Resort Anthem,SABER WING,0,,-,510,EDDY,フィリピン,1041,KAGUYA,フィリピン,2682,KUKO,フィリピン,0,,-
Resort Anthem,Sakura Reflection,0,,-,366,JOJITO,フィリピン,1515,TEKKU*,フィリピン,2351,MYU2,フィリピン,0,,-
Resort Anthem,sakura storm,0,,-,672,YELYAH,フィリピン,1206,KORIL,フィリピン,2318,MYU2,フィリピン,0,,-
Resort Anthem,Session 9 -Chronicles-,0,,-,526,HGNAIL,フィリピン,1883,N-A,フィリピン,3165,TAKO,フィリピン,0,,-
Resort Anthem,Space Time,0,,-,0,,-,0,,-,2080,KUKO,フィリピン,0,,-
Resort Anthem,SPECIAL SUMMER CAMPAIGN!,0,,-,489,RM3###,フィリピン,1473,KORIL,フィリピン,2873,MYU2,フィリピン,0,,-
Resort Anthem,Stay my side,0,,-,0,,-,1032,MISSAV,フィリピン,1333,CRASS.,フィリピン,0,,-
Resort Anthem,STELLAR WIND,254,WOLFEN,フィリピン,409,STRKR.,フィリピン,1684,MISSAV,フィリピン,2544,KUKO,フィリピン,0,,-
Resort Anthem,THE BLACK KNIGHT,0,,-,700,KAGUYA,フィリピン,2050,KUKO,フィリピン,2857,MYU2,フィリピン,4063,GATON5,フィリピン
Resort Anthem,THE DOOR INTO RAINBOW,0,,-,0,,-,1208,HGNAIL,フィリピン,2063,TAKO,フィリピン,0,,-
Resort Anthem,THE FALLEN,0,,-,335,HGNAIL,フィリピン,976,FUKA,フィリピン,2433,M-ORY!,フィリピン,0,,-
Resort Anthem,Tropical April,0,,-,0,,-,2217,HIMIKO,フィリピン,2420,M-ORY!,フィリピン,0,,-
Resort Anthem,Vermillion,0,,-,0,,-,0,,-,1915,INDIA,フィリピン,0,,-
Resort Anthem,Watch Out Pt.2,0,,-,657,STRKR.,フィリピン,1353,DKX,フィリピン,2565,KUKO,フィリピン,0,,-
Resort Anthem,WISE UP!,145,AAAAAA,フィリピン,203,COLE,フィリピン,0,,-,1564,GATON5,フィリピン,2517,KUKO,フィリピン
Resort Anthem,Wuv U,0,,-,0,,-,1070,MARKUN,フィリピン,1683,KUKO,フィリピン,0,,-
Resort Anthem,XANADU OF TWO,0,,-,796,YUU-!?,フィリピン,1567,JIMMY,フィリピン,2695,KUKO,フィリピン,3375,MYU2,フィリピン
Resort Anthem,ZETA～素数の世界と超越者～,0,,-,276,HGNAIL,フィリピン,0,,-,2954,KUKO,フィリピン,0,,-
Resort Anthem,おおきなこえで,0,,-,286,MILLNS,フィリピン,775,ANTT,フィリピン,1373,INDIA,フィリピン,2068,TAKO,フィリピン
Resort Anthem,かげぬい ～ Ver.BENIBOTAN ～,0,,-,0,,-,0,,-,1423,SINKER,フィリピン,0,,-
Resort Anthem,中華急行,0,,-,0,,-,1442,RDYVJ1,フィリピン,2237,GATON5,フィリピン,0,,-
Resort Anthem,夕焼け ～Fading Day～,0,,-,909,SINKER,フィリピン,1568,G*B*WW,フィリピン,2609,INDIA,フィリピン,0,,-
Resort Anthem,旅人リラン,0,,-,0,,-,0,,-,2531,GATON5,フィリピン,0,,-
Resort Anthem,灼熱Beach Side Bunny,454,9NINE,フィリピン,891,HS2565,フィリピン,1880,KORIL,フィリピン,2675,KUKO,フィリピン,0,,-
Resort Anthem,黒髪乱れし修羅となりて,0,,-,616,EDDY,フィリピン,1430,N-A,フィリピン,3312,MYU2,フィリピン,0,,-
Lincle,24th Century BOY,0,,-,0,,-,1723,MISSAV,フィリピン,2751,KUKO,フィリピン,0,,-
Lincle,532nm,0,,-,296,SWAY?!,フィリピン,1066,SINKER,フィリピン,2509,KUKO,フィリピン,0,,-
Lincle,A MINSTREL ～ ver. short-scape ～,0,,-,0,,-,0,,-,2309,KUKO,フィリピン,3841,GATON5,フィリピン
Lincle,Almace,0,,-,475,IFAS..,フィリピン,909,HGNAIL,フィリピン,1843,HIMIKO,フィリピン,0,,-
Lincle,ANAGRAMS I to Y,0,,-,0,,-,0,,-,2275,MISSAV,フィリピン,0,,-
Lincle,BLACK.by X-Cross Fade,0,,-,725,YELYAH,フィリピン,2117,KUKO,フィリピン,3139,CRASS.,フィリピン,0,,-
Lincle,CALL,0,,-,0,,-,0,,-,1412,RDYVJ1,フィリピン,2604,GATON5,フィリピン
Lincle,Castle on the Moon,0,,-,521,EQ,フィリピン,1533,*#06#,フィリピン,2328,MYU2,フィリピン,0,,-
Lincle,Change the World,0,,-,502,HGNAIL,フィリピン,1080,J,フィリピン,1804,KUKO,フィリピン,0,,-
Lincle,DIAVOLO,0,,-,757,N-A,フィリピン,1461,DKX,フィリピン,2872,GATON5,フィリピン,0,,-
Lincle,Drive Me Crazy,0,,-,0,,-,1138,JOGO,フィリピン,2231,BURI3.,フィリピン,0,,-
Lincle,Express Emotion,0,,-,0,,-,840,DUCK!!,フィリピン,2472,KUKO,フィリピン,0,,-
Lincle,F,0,,-,0,,-,1929,KORIL,フィリピン,3382,MYU2,フィリピン,0,,-
Lincle,Far east nightbird,215,SOL,フィリピン,366,OHAINY,フィリピン,1038,YUU-!?,フィリピン,1957,KUKO,フィリピン,0,,-
Lincle,fffff,0,,-,363,MEI,フィリピン,1946,BURI3.,フィリピン,2892,MYU2,フィリピン,0,,-
Lincle,Flip Flap,68,AUGUST,フィリピン,412,MILLNS,フィリピン,1096,KUKO,フィリピン,2192,KUKO,フィリピン,0,,-
Lincle,Follow Tomorrow,0,,-,836,HAPPY,フィリピン,1337,IS,フィリピン,2195,KUKO,フィリピン,0,,-
Lincle,GIGANT,0,,-,0,,-,782,CLEVER,フィリピン,1061,HGNAIL,フィリピン,2790,KUKO,フィリピン
Lincle,HAERETICUS,0,,-,0,,-,1756,HIMIKO,フィリピン,2856,MYU2,フィリピン,0,,-
Lincle,I'm so Happy,238,AAAAAA,フィリピン,370,-JUTE-,フィリピン,1334,KORIL,フィリピン,2237,KUKO,フィリピン,0,,-
Lincle,In the Blackest Den,0,,-,0,,-,1323,RYUNGA,フィリピン,2439,KUKO,フィリピン,0,,-
Lincle,Infinite cave,0,,-,0,,-,1357,MISSAV,フィリピン,1973,MYU2,フィリピン,0,,-
Lincle,KYAMISAMA ONEGAI!,0,,-,656,HIMIKO,フィリピン,1126,HIMIKO,フィリピン,2031,KUKO,フィリピン,2907,KUKO,フィリピン
Lincle,LAX5 feat.Ryota Yoshinari,0,,-,0,,-,0,,-,2537,MAYAMA,フィリピン,0,,-
Lincle,LETHEBOLG ～双神威に斬り咲けり～,0,,-,713,HGNAIL,フィリピン,1357,HGNAIL,フィリピン,2171,KUKO,フィリピン,0,,-
Lincle,Liquid Crystal Girl feat. echo,0,,-,0,,-,527,HGNAIL,フィリピン,1947,GATON5,フィリピン,0,,-
Lincle,LOVE B.B.B,0,,-,0,,-,889,SOTZZY,フィリピン,1976,KUKO,フィリピン,0,,-
Lincle,Lucky Days,0,,-,0,,-,913,KAGUYA,フィリピン,1599,RYUNGA,フィリピン,0,,-
Lincle,Mermaid girl-秋葉工房 MIX-,0,,-,573,STRKR.,フィリピン,0,,-,2028,KUKO,フィリピン,0,,-
Lincle,Miami Sunset Drive,0,,-,0,,-,798,ANTT,フィリピン,1529,JAMON5,フィリピン,0,,-
Lincle,NNRT,0,,-,0,,-,2345,HIMIKO,フィリピン,3222,M-ORY!,フィリピン,0,,-
Lincle,Phoenix,0,,-,0,,-,1106,MISSAV,フィリピン,2317,M-ORY!,フィリピン,3653,GATON5,フィリピン
Lincle,prompt,0,,-,0,,-,1539,MISSAV,フィリピン,2741,MYU2,フィリピン,0,,-
Lincle,QUANTUM TELEPORTATION,0,,-,1066,HS2565,フィリピン,1608,POIROT,フィリピン,2420,MISSAV,フィリピン,3360,MYU2,フィリピン
Lincle,quaver♪,0,,-,0,,-,2032,KORIL,フィリピン,3276,GATON5,フィリピン,0,,-
Lincle,Quick Silver,0,,-,0,,-,1601,MISSAV,フィリピン,2478,INDIA,フィリピン,0,,-
Lincle,Release The Music,0,,-,482,E,フィリピン,0,,-,2046,MYU2,フィリピン,0,,-
Lincle,RESISTANCE,0,,-,0,,-,1196,MISSAV,フィリピン,2155,MAYAMA,フィリピン,0,,-
Lincle,Round and Round,0,,-,524,MURI,フィリピン,811,J,フィリピン,2117,CRASS.,フィリピン,0,,-
Lincle,SA.YO.NA.RA. SUPER STAR,0,,-,0,,-,863,HGNAIL,フィリピン,1509,MAYAMA,フィリピン,0,,-
Lincle,Scharfrichter,0,,-,0,,-,1338,RYUNGA,フィリピン,2799,KUKO,フィリピン,0,,-
Lincle,Several Words,0,,-,0,,-,0,,-,2107,BURI3.,フィリピン,0,,-
Lincle,SHADE,0,,-,724,KMH,フィリピン,1922,JAMON5,フィリピン,2788,KUKO,フィリピン,0,,-
Lincle,Snake Stick,0,,-,770,KBTIT,フィリピン,1965,BURI3.,フィリピン,2476,KUKO,フィリピン,0,,-
Lincle,Snow Goose,183,GIN,フィリピン,239,MILLNS,フィリピン,1146,SINKER,フィリピン,2317,MYU2,フィリピン,0,,-
Lincle,Star Trail,0,,-,558,DJZEON,フィリピン,855,HS2565,フィリピン,1816,KUKO,フィリピン,2402,KUKO,フィリピン
Lincle,The Limbo,0,,-,733,N-A,フィリピン,1506,DKX,フィリピン,3214,MYU2,フィリピン,4008,MYU2,フィリピン
Lincle,The Sampling Paradise,0,,-,0,,-,1809,KUKO,フィリピン,2855,KUKO,フィリピン,0,,-
Lincle,Thunderbolt,0,,-,785,HGNAIL,フィリピン,1707,DKX,フィリピン,3555,GATON5,フィリピン,0,,-
Lincle,TITANS RETURN,0,,-,411,MAMIZO,フィリピン,1096,LUCKY$,フィリピン,2041,M-ORY!,フィリピン,2412,INDIA,フィリピン
Lincle,Todestrieb,0,,-,865,GAMA,フィリピン,1724,MISSAV,フィリピン,3332,MYU2,フィリピン,0,,-
Lincle,Voxane,0,,-,408,N-A,フィリピン,0,,-,1629,INDIA,フィリピン,0,,-
Lincle,WONDER WALKER,0,,-,911,C*REMI,フィリピン,0,,-,3687,MYU2,フィリピン,0,,-
Lincle,YAKSHA,0,,-,0,,-,2196,HIMIKO,フィリピン,3561,MYU2,フィリピン,0,,-
Lincle,yellow head joe,0,,-,440,IFAS..,フィリピン,886,GIMMIX,フィリピン,2191,KUKO,フィリピン,2932,GATON5,フィリピン
Lincle,Yellow Sunrise,0,,-,542,STRKR.,フィリピン,1222,MARKUN,フィリピン,2237,GATON5,フィリピン,0,,-
Lincle,ビューティフルレシート,0,,-,0,,-,1139,MISSAV,フィリピン,1856,M-ORY!,フィリピン,0,,-
Lincle,ユミル,0,,-,0,,-,1189,DKX,フィリピン,2732,MYU2,フィリピン,0,,-
Lincle,君のハートにロックオン,0,,-,0,,-,1326,JIMMY,フィリピン,2536,KUKO,フィリピン,3230,GATON5,フィリピン
Lincle,天空の夜明け,0,,-,1119,MARKUN,フィリピン,2085,M-ORY!,フィリピン,3713,TJMZK,フィリピン,0,,-
Lincle,子供の落書き帳,0,,-,0,,-,1703,HIMIKO,フィリピン,2398,MYU2,フィリピン,0,,-
Lincle,恋する☆宇宙戦争っ！！,227,SAINTS,フィリピン,806,BOO,フィリピン,1600,IS,フィリピン,3284,KUKO,フィリピン,4143,TJMZK,フィリピン
Lincle,突撃!ガラスのニーソ姫!,0,,-,0,,-,1111,MISSAV,フィリピン,1992,BURI3.,フィリピン,0,,-
Lincle,聖人の塔,0,,-,589,HGNAIL,フィリピン,1443,RYUNGA,フィリピン,2880,MYU2,フィリピン,3869,GATON5,フィリピン
Lincle,蛇神,0,,-,0,,-,879,RM3###,フィリピン,2575,RDYVJ1,フィリピン,3494,MYU2,フィリピン
Lincle,衰色小町メランコリア,0,,-,0,,-,1114,N-A,フィリピン,2276,M-ORY!,フィリピン,0,,-
Lincle,陽炎,0,,-,383,MILLNS,フィリピン,833,J,フィリピン,1904,RDYVJ1,フィリピン,0,,-
tricoro,405nm (Ryu☆mix),0,,-,678,-JUTE-,フィリピン,1453,PPP,フィリピン,2510,KUKO,フィリピン,0,,-
tricoro,8bit Princess,0,,-,329,DAR,フィリピン,1157,HS2565,フィリピン,2575,KUKO,フィリピン,0,,-
tricoro,Ascalon,0,,-,771,AURBYS,フィリピン,1361,SINKER,フィリピン,2042,CPU69,フィリピン,0,,-
tricoro,Beastie Starter,0,,-,239,THINGG,フィリピン,1174,MISSAV,フィリピン,2023,KUKO,フィリピン,0,,-
tricoro,BLUE STRAGGLER,0,,-,519,SHU,フィリピン,0,,-,2456,HAPPY,フィリピン,0,,-
tricoro,BRAVE GLOW,0,,-,556,WWWWWW,フィリピン,1167,HGNAIL,フィリピン,2436,KUKO,フィリピン,0,,-
tricoro,CONCEPTUAL,0,,-,0,,-,0,,-,2539,TAKO,フィリピン,0,,-
tricoro,Confiserie,0,,-,638,TAKA,フィリピン,2036,BURI3.,フィリピン,3224,MYU2,フィリピン,0,,-
tricoro,connective,0,,-,0,,-,591,HEX!,フィリピン,1526,KORIL,フィリピン,0,,-
tricoro,Cookie Bouquets,0,,-,0,,-,1929,MISSAV,フィリピン,3286,KUKO,フィリピン,0,,-
tricoro,DAY DREAM,0,,-,262,MURI,フィリピン,1217,CRASS.,フィリピン,1813,KUKO,フィリピン,0,,-
tricoro,Devilz Staircase,0,,-,0,,-,1803,DKX,フィリピン,3050,MYU2,フィリピン,0,,-
tricoro,Elemental Creation,146,TAKA,フィリピン,1120,9NINE,フィリピン,2259,HIMIKO,フィリピン,3804,MYU2,フィリピン,0,,-
tricoro,examination leave,0,,-,0,,-,1590,POIROT,フィリピン,3267,GATON5,フィリピン,0,,-
tricoro,FLOWER,254,SETQ,フィリピン,897,YUU-!?,フィリピン,1563,DKX,フィリピン,2761,MYU2,フィリピン,0,,-
tricoro,Fly you to the star,0,,-,523,HGNAIL,フィリピン,1531,MISSAV,フィリピン,2203,KUKO,フィリピン,0,,-
tricoro,GAIA,0,,-,631,JV,フィリピン,1986,HIMIKO,フィリピン,3163,MYU2,フィリピン,0,,-
tricoro,GRADIUS 2012,0,,-,0,,-,1335,HS2565,フィリピン,2035,DKX,フィリピン,0,,-
tricoro,Hollywood Galaxy,0,,-,0,,-,1866,HIMIKO,フィリピン,2586,MYU2,フィリピン,0,,-
tricoro,Howling,0,,-,0,,-,826,N-A,フィリピン,1750,TEKKU*,フィリピン,2548,KUKO,フィリピン
tricoro,I know You know,0,,-,393,MILLNS,フィリピン,0,,-,1741,INDIA,フィリピン,0,,-
tricoro,ILIAS,0,,-,0,,-,1007,-2TOUR,フィリピン,2052,ISAKU,フィリピン,0,,-
tricoro,Illegal Function Call,0,,-,782,EDDY,フィリピン,1396,HGNAIL,フィリピン,2334,TAKO,フィリピン,3149,INDIA,フィリピン
tricoro,In Heaven,0,,-,549,JOJITO,フィリピン,962,WWWWWW,フィリピン,2068,HAPPY,フィリピン,0,,-
tricoro,JOMANDA,0,,-,898,KAGUYA,フィリピン,2217,HIMIKO,フィリピン,3032,M-ORY!,フィリピン,0,,-
tricoro,Liberation,0,,-,0,,-,1960,DKX,フィリピン,3567,GATON5,フィリピン,0,,-
tricoro,Light and Cyber…,0,,-,841,HS2565,フィリピン,1573,C*REMI,フィリピン,3016,MYU2,フィリピン,0,,-
tricoro,Little Star,0,,-,0,,-,1688,KORIL,フィリピン,3035,MYU2,フィリピン,0,,-
tricoro,LUV CAN SAVE U,0,,-,343,MILLNS,フィリピン,1043,TMO*,フィリピン,2086,CRASS.,フィリピン,2713,KUKO,フィリピン
tricoro,mnemoniq,0,,-,0,,-,0,,-,1249,JAMON5,フィリピン,0,,-
tricoro,Neonlights,0,,-,0,,-,1347,DKX,フィリピン,2042,CPU69,フィリピン,0,,-
tricoro,neu,0,,-,718,ANTT,フィリピン,2135,BURI3.,フィリピン,3574,TAKO,フィリピン,0,,-
tricoro,New Decade IIDX Edition,0,,-,623,HGNAIL,フィリピン,1726,MISSAV,フィリピン,2752,INDIA,フィリピン,0,,-
tricoro,New Lights,0,,-,639,KMH,フィリピン,1677,MISSAV,フィリピン,2206,XVIDEO,フィリピン,0,,-
tricoro,Plan 8,0,,-,1041,MARKUN,フィリピン,2163,KUKO,フィリピン,2942,MYU2,フィリピン,0,,-
tricoro,planarian,0,,-,0,,-,1657,TAKO,フィリピン,2390,BURI3.,フィリピン,0,,-
tricoro,POINT ZERO,0,,-,0,,-,779,HGNAIL,フィリピン,1990,MYU2,フィリピン,0,,-
tricoro,Präludium,0,,-,0,,-,898,N-A,フィリピン,1944,YABAI*,フィリピン,0,,-
tricoro,Proof of the existence,0,,-,711,YELYAH,フィリピン,2077,KUKO,フィリピン,2972,WINDA,フィリピン,0,,-
tricoro,Rainbow after snow,0,,-,0,,-,1192,KAGUYA,フィリピン,2100,TAKO,フィリピン,0,,-
tricoro,Re:GENERATION,206,HGNAIL,フィリピン,0,,-,1323,RYUNGA,フィリピン,2115,INDIA,フィリピン,0,,-
tricoro,Reflection Into the EDEN,0,,-,0,,-,1305,MISSAV,フィリピン,1996,CPU69,フィリピン,0,,-
tricoro,rumrum triplets,0,,-,659,HGNAIL,フィリピン,1944,IX,フィリピン,2783,TAKO,フィリピン,0,,-
tricoro,S!ck,0,,-,525,JV,フィリピン,1359,MISSAV,フィリピン,2587,MYU2,フィリピン,0,,-
tricoro,Saturn,0,,-,720,JOGO,フィリピン,1697,MISSAV,フィリピン,2458,M-ORY!,フィリピン,3391,GATON5,フィリピン
tricoro,Shining World,0,,-,815,J,フィリピン,1492,MISSAV,フィリピン,1894,KUKO,フィリピン,0,,-
tricoro,SHION,0,,-,430,HS2565,フィリピン,1250,MISSAV,フィリピン,2632,MYU2,フィリピン,0,,-
tricoro,Sol Cosine Job 2,0,,-,0,,-,1357,MISSAV,フィリピン,2880,TAKO,フィリピン,0,,-
tricoro,STULTI,0,,-,0,,-,1484,HIMIKO,フィリピン,2425,TAKO,フィリピン,0,,-
tricoro,SYNC-ANTHEM,0,,-,0,,-,2290,HIMIKO,フィリピン,3496,MYU2,フィリピン,0,,-
tricoro,Synergy For Angels,0,,-,761,EDDY,フィリピン,968,ILLE,フィリピン,2682,KUKO,フィリピン,0,,-
tricoro,Take My Life,0,,-,407,HGNAIL,フィリピン,1193,HGNAIL,フィリピン,2783,KUKO,フィリピン,0,,-
tricoro,Thor's Hammer,0,,-,564,TAKA,フィリピン,1518,MISSAV,フィリピン,2626,TAKO,フィリピン,0,,-
tricoro,Time To Empress,0,,-,0,,-,1722,MISSAV,フィリピン,2545,KUKO,フィリピン,3049,MYU2,フィリピン
tricoro,Timepiece phase II,0,,-,658,KAGUYA,フィリピン,1860,KORIL,フィリピン,2916,KUKO,フィリピン,0,,-
tricoro,Timepiece phase II (CN Ver.),0,,-,686,KAGUYA,フィリピン,1680,HIMIKO,フィリピン,2701,TJMZK,フィリピン,0,,-
tricoro,True Blue,0,,-,765,EDDY,フィリピン,1868,N-A,フィリピン,3640,MYU2,フィリピン,0,,-
tricoro,Valanga,0,,-,1039,KAGUYA,フィリピン,2085,HIMIKO,フィリピン,3167,MYU2,フィリピン,0,,-
tricoro,VALLIS-NERIA,0,,-,599,-JUTE-,フィリピン,1659,JIMMY,フィリピン,2847,MYU2,フィリピン,0,,-
tricoro,VEGA,0,,-,815,HGNAIL,フィリピン,1895,MISSAV,フィリピン,3056,MYU2,フィリピン,0,,-
tricoro,ZED,0,,-,381,AAAAAA,フィリピン,1202,HGNAIL,フィリピン,2609,HAPPY,フィリピン,2977,TAKO,フィリピン
tricoro,Zirkfied,0,,-,609,TAKA,フィリピン,1786,HIMIKO,フィリピン,3535,MYU2,フィリピン,0,,-
tricoro,ΕΛΠΙΣ,0,,-,662,HGNAIL,フィリピン,1939,HIMIKO,フィリピン,2943,MYU2,フィリピン,3096,TAKO,フィリピン
tricoro,†渚の小悪魔ラヴリィ～レイディオ†(IIDX EDIT),131,AAAAAA,フィリピン,301,HGNAIL,フィリピン,1649,KUKO,フィリピン,3382,MYU2,フィリピン,0,,-
tricoro,お米の美味しい炊き方、そしてお米を食べることによるその効果。,0,,-,459,HGNAIL,フィリピン,1228,MARKUN,フィリピン,2053,BURI3.,フィリピン,3405,GATON5,フィリピン
tricoro,たまゆら,0,,-,795,N-A,フィリピン,1674,MISSAV,フィリピン,2666,MYU2,フィリピン,0,,-
tricoro,アストライアの双皿,0,,-,490,N-A,フィリピン,1811,MISSAV,フィリピン,2977,MYU2,フィリピン,0,,-
tricoro,カジノファイヤーことみちゃん,0,,-,0,,-,1304,MISSAV,フィリピン,2161,TAKO,フィリピン,2928,KUKO,フィリピン
tricoro,キャトられ恋はモ～モク,0,,-,1166,KAGUYA,フィリピン,2434,NASHIO,フィリピン,3452,TJMZK,フィリピン,0,,-
tricoro,シュレーディンガーの猫,0,,-,651,N-A,フィリピン,2312,BURI3.,フィリピン,3196,MYU2,フィリピン,0,,-
tricoro,トリカゴノ鳳凰,0,,-,0,,-,1930,KORIL,フィリピン,3545,MYU2,フィリピン,0,,-
tricoro,メイメツ、フラグメンツ,0,,-,311,GAMER,フィリピン,1044,YUU-!?,フィリピン,1897,BURI3.,フィリピン,0,,-
tricoro,ラキラキ,0,,-,0,,-,1143,SINKER,フィリピン,1911,BURI3.,フィリピン,0,,-
tricoro,下弦の月,0,,-,637,HGNAIL,フィリピン,1296,RANDOM,フィリピン,1936,CRASS.,フィリピン,0,,-
tricoro,仮想空間の旅人たち,0,,-,0,,-,1926,MISSAV,フィリピン,2790,MYU2,フィリピン,3705,MYU2,フィリピン
tricoro,創世ノート,0,,-,494,HGNAIL,フィリピン,1487,SINKER,フィリピン,2785,KUKO,フィリピン,0,,-
tricoro,即席！脳直★ミュージックシステム,0,,-,818,HS2565,フィリピン,1586,RYUNGA,フィリピン,3289,GATON5,フィリピン,0,,-
tricoro,朧,0,,-,623,E,フィリピン,1221,YUU-!?,フィリピン,2066,BURI3.,フィリピン,2429,TAKO,フィリピン
tricoro,梅雪夜,0,,-,637,HGNAIL,フィリピン,1279,RANDOM,フィリピン,2102,KUKO,フィリピン,0,,-
tricoro,狂イ咲ケ焔ノ華,0,,-,805,HGNAIL,フィリピン,1889,N-A,フィリピン,3351,KUKO,フィリピン,0,,-
tricoro,音楽,0,,-,0,,-,1941,KUKO,フィリピン,2385,TAKO,フィリピン,0,,-
tricoro,龍と少女とデコヒーレンス,0,,-,390,GAMER,フィリピン,1351,TO4SKE,フィリピン,2923,KUKO,フィリピン,3177,KUKO,フィリピン
SPADA,Adularia,0,,-,705,HGNAIL,フィリピン,1744,BURI3.,フィリピン,2749,MYU2,フィリピン,0,,-
SPADA,ALBA -黎明-,0,,-,432,WOLFEN,フィリピン,1432,MISSAV,フィリピン,3109,CRASS.,フィリピン,3769,MYU2,フィリピン
SPADA,Ancient Scapes,0,,-,792,HGNAIL,フィリピン,1956,HIMIKO,フィリピン,3241,KUKO,フィリピン,3852,KUKO,フィリピン
SPADA,ATHER,0,,-,673,HS2565,フィリピン,813,ILLE,フィリピン,2323,MAYAMA,フィリピン,2960,GATON5,フィリピン
SPADA,BLUE DRAGON(雷龍RemixIIDX),0,,-,1043,HGNAIL,フィリピン,1759,DKX,フィリピン,3199,MYU2,フィリピン,0,,-
SPADA,BRAINSTORM,0,,-,599,KAGUYA,フィリピン,1834,HIMIKO,フィリピン,2672,CRASS.,フィリピン,0,,-
SPADA,BRAVE OUT,0,,-,0,,-,1095,HGNAIL,フィリピン,2020,INDIA,フィリピン,2685,KUKO,フィリピン
SPADA,Claiomh Solais,0,,-,264,KEN13,フィリピン,0,,-,2047,KUKO,フィリピン,0,,-
SPADA,Cleopatrysm,0,,-,307,DOJOT,フィリピン,0,,-,2490,MYU2,フィリピン,0,,-
SPADA,Close the World feat.a☆ru,0,,-,691,HGNAIL,フィリピン,1991,BURI3.,フィリピン,3278,GATON5,フィリピン,3555,GATON5,フィリピン
SPADA,Critical Crystal,143,HGNAIL,フィリピン,792,N-A,フィリピン,1642,JIMMY,フィリピン,2817,KUKO,フィリピン,0,,-
SPADA,DARK LEGACY,0,,-,938,HGNAIL,フィリピン,1898,MISSAV,フィリピン,3444,MYU2,フィリピン,0,,-
SPADA,Devilz Sacrifice -贖罪の羊-,0,,-,605,N-A,フィリピン,1634,MISSAV,フィリピン,2395,KUKO,フィリピン,0,,-
SPADA,diagram,0,,-,489,MILLNS,フィリピン,921,TMO*,フィリピン,2616,HAPPY,フィリピン,0,,-
SPADA,Elektrick U-Phoria,0,,-,744,HGNAIL,フィリピン,1705,MISSAV,フィリピン,2993,KUKO,フィリピン,3826,MYU2,フィリピン
SPADA,Element of SPADA,0,,-,457,MILLNS,フィリピン,1021,FISCH,フィリピン,2035,TAKO,フィリピン,3026,KUKO,フィリピン
SPADA,Engraved Mark,0,,-,462,HGNAIL,フィリピン,845,FUKA,フィリピン,2145,M-ORY!,フィリピン,0,,-
SPADA,EXTREME MACH COLLIDER,0,,-,0,,-,1214,RANDOM,フィリピン,2403,GATON5,フィリピン,0,,-
SPADA,Feel The Beat,0,,-,907,HGNAIL,フィリピン,1920,MISSAV,フィリピン,3347,GATON5,フィリピン,3928,GATON5,フィリピン
SPADA,Funny shuffle,0,,-,0,,-,0,,-,2154,KUKO,フィリピン,0,,-
SPADA,HYENA,0,,-,786,HGNAIL,フィリピン,1594,MISSAV,フィリピン,2714,KUKO,フィリピン,3308,INDIA,フィリピン
SPADA,Hypersonik,0,,-,553,F,フィリピン,1455,DKX,フィリピン,2308,M-ORY!,フィリピン,0,,-
SPADA,I will be back -オレは帰ってきた-,0,,-,742,KAGUYA,フィリピン,1310,ANTT,フィリピン,2556,INDIA,フィリピン,0,,-
SPADA,Idola,0,,-,975,HS2565,フィリピン,2200,KUKO,フィリピン,3427,MYU2,フィリピン,0,,-
SPADA,Insane Techniques,0,,-,493,TAKA,フィリピン,857,FISCH,フィリピン,2360,KUKO,フィリピン,0,,-
SPADA,INSOMNIA,0,,-,623,HGNAIL,フィリピン,1465,RYUNGA,フィリピン,2964,TAKO,フィリピン,0,,-
SPADA,into the battlefield,0,,-,0,,-,0,,-,2349,CRASS.,フィリピン,0,,-
SPADA,invoker,0,,-,649,E,フィリピン,1812,MISSAV,フィリピン,3021,KUKO,フィリピン,3268,MYU2,フィリピン
SPADA,IX,0,,-,1022,KAGUYA,フィリピン,2350,KUKO,フィリピン,3694,MYU2,フィリピン,0,,-
SPADA,KAISER PHOENIX,0,,-,904,HGNAIL,フィリピン,2173,HIMIKO,フィリピン,3090,GATON5,フィリピン,3595,MYU2,フィリピン
SPADA,KHAMEN BREAK,0,,-,0,,-,1080,PPP,フィリピン,2231,RDYVJ1,フィリピン,0,,-
SPADA,Last Dance,0,,-,0,,-,1513,IIDX31,フィリピン,3057,KUKO,フィリピン,0,,-
SPADA,Lighting Shower,0,,-,0,,-,1237,MISSAV,フィリピン,2372,MYU2,フィリピン,0,,-
SPADA,M.D.Injection,0,,-,437,MILLNS,フィリピン,805,HGNAIL,フィリピン,2258,INDIA,フィリピン,0,,-
SPADA,m1dy Deluxe,0,,-,706,HGNAIL,フィリピン,1249,HGNAIL,フィリピン,2421,KUKO,フィリピン,0,,-
SPADA,MAD ATTACK,0,,-,365,MILLNS,フィリピン,632,HGNAIL,フィリピン,1632,MISSAV,フィリピン,2377,KUKO,フィリピン
SPADA,MAGIC & LOVE,0,,-,0,,-,1727,MISSAV,フィリピン,2800,KUKO,フィリピン,0,,-
SPADA,Miracle 5ympho X,0,,-,632,KORIL,フィリピン,1166,JIMMY,フィリピン,2439,INDIA,フィリピン,2672,MYU2,フィリピン
SPADA,NPC World,0,,-,0,,-,0,,-,2005,MISSAV,フィリピン,0,,-
SPADA,Odin,0,,-,390,MAMIZO,フィリピン,855,FISCH,フィリピン,1893,MAYAMA,フィリピン,0,,-
SPADA,Overload Frontier,0,,-,0,,-,1701,KORIL,フィリピン,2252,MYU2,フィリピン,0,,-
SPADA,Pharaoh,0,,-,358,MILLNS,フィリピン,1090,PPP,フィリピン,2322,KUKO,フィリピン,0,,-
SPADA,PUNISHER,0,,-,727,EDDY,フィリピン,2013,INDIA,フィリピン,3311,KUKO,フィリピン,0,,-
SPADA,ra'am,0,,-,900,HGNAIL,フィリピン,1439,N-A,フィリピン,2651,MYU2,フィリピン,0,,-
SPADA,rainbow guitar weeps,0,,-,400,HGNAIL,フィリピン,1748,MISSAV,フィリピン,2636,KUKO,フィリピン,0,,-
SPADA,Recollection,0,,-,260,PEAKY,フィリピン,0,,-,2183,GATON5,フィリピン,0,,-
SPADA,refractive index,0,,-,0,,-,701,HGNAIL,フィリピン,2538,HAPPY,フィリピン,0,,-
SPADA,RISE,0,,-,0,,-,863,HGNAIL,フィリピン,1797,HAPPY,フィリピン,0,,-
SPADA,RIZING YOU UP,0,,-,0,,-,1664,DKX,フィリピン,2538,KUKO,フィリピン,0,,-
SPADA,SCHWARZSCHILD FIELD,0,,-,726,FISCH,フィリピン,1237,POIROT,フィリピン,2243,GATON5,フィリピン,0,,-
SPADA,Sigmund,0,,-,1116,ANTT,フィリピン,2040,MISSAV,フィリピン,3544,WINDA,フィリピン,3695,TAKO,フィリピン
SPADA,Squeeze,0,,-,557,E,フィリピン,923,HGNAIL,フィリピン,2263,M-ORY!,フィリピン,0,,-
SPADA,THE DETONATOR,0,,-,1049,HGNAIL,フィリピン,2064,DKX,フィリピン,2771,MAYAMA,フィリピン,0,,-
SPADA,Unicorn tail,0,,-,0,,-,1933,MISSAV,フィリピン,3051,MYU2,フィリピン,0,,-
SPADA,Valgus,0,,-,0,,-,1281,MISSAV,フィリピン,2282,GATON5,フィリピン,0,,-
SPADA,Verflucht,0,,-,959,LUCKY$,フィリピン,2086,KUKO,フィリピン,3442,MYU2,フィリピン,4342,MYU2,フィリピン
SPADA,VOX UP,0,,-,1387,RANDOM,フィリピン,1693,RYUNGA,フィリピン,3306,KUKO,フィリピン,0,,-
SPADA,Wonder Girl feat. Kanae Asaba,0,,-,457,HGNAIL,フィリピン,871,HGNAIL,フィリピン,2724,KUKO,フィリピン,0,,-
SPADA,お願いアインシュタイン,0,,-,567,HGNAIL,フィリピン,1033,HGNAIL,フィリピン,2084,MYU2,フィリピン,0,,-
SPADA,アルストロメリア,0,,-,628,HGNAIL,フィリピン,1295,SINKER,フィリピン,2411,KUKO,フィリピン,0,,-
SPADA,デッドボヲルdeホームラン,0,,-,341,******,フィリピン,1483,MAYAMA,フィリピン,2574,CRASS.,フィリピン,0,,-
SPADA,バンブーソード・ガール,148,MURI,フィリピン,654,E,フィリピン,1557,MISSAV,フィリピン,2222,TAKO,フィリピン,0,,-
SPADA,廿,0,,-,735,N-A,フィリピン,1395,RYUNGA,フィリピン,1792,DKX,フィリピン,3101,KUKO,フィリピン
SPADA,旋律のドグマ～Miserables～,0,,-,857,HGNAIL,フィリピン,2383,HIMIKO,フィリピン,3729,MYU2,フィリピン,0,,-
SPADA,海神,0,,-,897,HS2565,フィリピン,1573,DJZEON,フィリピン,3057,MYU2,フィリピン,3281,GATON5,フィリピン
SPADA,煉獄のエルフェリア,0,,-,955,HGNAIL,フィリピン,2276,KUKO,フィリピン,3724,GATON5,フィリピン,0,,-
SPADA,牧神笛吹きて,0,,-,0,,-,1081,DKX,フィリピン,1999,GATON5,フィリピン,0,,-
SPADA,疾風迅雷,0,,-,1087,KORIL,フィリピン,1776,NASHIO,フィリピン,2693,KUKO,フィリピン,3039,TAKO,フィリピン
SPADA,罪と罰,0,,-,949,RYUNGA,フィリピン,1307,MISSAV,フィリピン,2130,KUKO,フィリピン,0,,-
SPADA,超!!遠距離らぶメ～ル,0,,-,0,,-,840,N-A,フィリピン,1936,IIDX31,フィリピン,0,,-
SPADA,轟け！恋のビーンボール！！,0,,-,776,HGNAIL,フィリピン,1911,BURI3.,フィリピン,3109,TAKO,フィリピン,0,,-
PENDUAL,#The_Relentless,0,,-,938,FISCH,フィリピン,1872,MISSAV,フィリピン,2826,KUKO,フィリピン,4100,MYU2,フィリピン
PENDUAL,AFRO KNUCKLE,0,,-,600,IFAS..,フィリピン,1572,MISSAV,フィリピン,2310,MYU2,フィリピン,0,,-
PENDUAL,Beat Radiance,0,,-,0,,-,1572,KORIL,フィリピン,2515,RDYVJ1,フィリピン,3448,KUKO,フィリピン
PENDUAL,Beyond The Earth,0,,-,840,EDDY,フィリピン,1997,BURI3.,フィリピン,2990,KUKO,フィリピン,0,,-
PENDUAL,Blaze it UP!,0,,-,537,IIDX32,フィリピン,1743,MISSAV,フィリピン,2907,KUKO,フィリピン,0,,-
PENDUAL,BLUE MIRAGE,0,,-,242,KAGUYA,フィリピン,1890,HIMIKO,フィリピン,2683,MYU2,フィリピン,0,,-
PENDUAL,Broken Sword,0,,-,956,KAGUYA,フィリピン,2069,KUKO,フィリピン,3570,GATON5,フィリピン,0,,-
PENDUAL,Chain of pain,0,,-,393,MILLNS,フィリピン,1378,SINNY,フィリピン,2085,XVIDEO,フィリピン,0,,-
PENDUAL,chrono diver -fragment-,0,,-,447,-JUTE-,フィリピン,1081,MISSAV,フィリピン,1767,GATON5,フィリピン,2226,KUKO,フィリピン
PENDUAL,CHRONO DIVER -NORNIR-,0,,-,931,-JUTE-,フィリピン,1786,DKX,フィリピン,3046,CRASS.,フィリピン,4103,KUKO,フィリピン
PENDUAL,Chrono Diver -PENDULUMs-,452,-JUTE-,フィリピン,1185,AAAAAA,フィリピン,2637,KUKO,フィリピン,4102,MYU2,フィリピン,0,,-
PENDUAL,Chronos,0,,-,680,EDDY,フィリピン,1148,DKX,フィリピン,2271,KUKO,フィリピン,2922,GATON5,フィリピン
PENDUAL,cinder,0,,-,0,,-,1853,MISSAV,フィリピン,2877,KUKO,フィリピン,0,,-
PENDUAL,COLOSSEUM,0,,-,448,N-A,フィリピン,1148,JIMMY,フィリピン,2238,KUKO,フィリピン,0,,-
PENDUAL,Cosmic Cat,0,,-,671,F,フィリピン,1570,MISSAV,フィリピン,2206,KUKO,フィリピン,3006,KUKO,フィリピン
PENDUAL,Despair of ELFERIA,0,,-,934,HGNAIL,フィリピン,2357,BURI3.,フィリピン,3916,MYU2,フィリピン,0,,-
PENDUAL,Discloze,0,,-,649,CLEVER,フィリピン,1499,MISSAV,フィリピン,2446,KUKO,フィリピン,0,,-
PENDUAL,EBONY & IVORY,0,,-,465,KMH,フィリピン,1582,MAYAMA,フィリピン,2926,MYU2,フィリピン,3237,TAKO,フィリピン
PENDUAL,entelecheia,0,,-,830,KAGUYA,フィリピン,2011,HIMIKO,フィリピン,3195,MYU2,フィリピン,0,,-
PENDUAL,Erosion Mark,0,,-,0,,-,1085,HS2565,フィリピン,1972,MAYAMA,フィリピン,0,,-
PENDUAL,fallen leaves -IIDX edition-,0,,-,0,,-,2066,KUKO,フィリピン,3303,MYU2,フィリピン,0,,-
PENDUAL,FANTASTIC THREE,0,,-,897,HGNAIL,フィリピン,2103,HIMIKO,フィリピン,3057,MYU2,フィリピン,0,,-
PENDUAL,Flashes,0,,-,673,SHU,フィリピン,1618,MISSAV,フィリピン,3122,MYU2,フィリピン,3840,GATON5,フィリピン
PENDUAL,Gravigazer,0,,-,0,,-,1719,HIMIKO,フィリピン,2858,KUKO,フィリピン,0,,-
PENDUAL,GUILTY,0,,-,0,,-,1230,RANDOM,フィリピン,1829,M-ORY!,フィリピン,2714,GATON5,フィリピン
PENDUAL,HELL SCAPER -Last Escape Remix-,0,,-,0,,-,1546,RANDOM,フィリピン,2721,KUKO,フィリピン,0,,-
PENDUAL,Hello Happiness,0,,-,643,MURI,フィリピン,1593,*#06#,フィリピン,2105,TAKO,フィリピン,0,,-
PENDUAL,illuminate,0,,-,379,MILLNS,フィリピン,0,,-,2089,RDYVJ1,フィリピン,0,,-
PENDUAL,IMPLANTATION,0,,-,249,HGNAIL,フィリピン,1602,HIMIKO,フィリピン,2238,GATON5,フィリピン,0,,-
PENDUAL,In The Breeze,0,,-,257,KMH,フィリピン,938,DKX,フィリピン,1524,MISSAV,フィリピン,0,,-
PENDUAL,Invitation from Mr.C,0,,-,709,-JUTE-,フィリピン,1362,MISSAV,フィリピン,2487,INDIA,フィリピン,0,,-
PENDUAL,IXION,0,,-,456,HGNAIL,フィリピン,1484,DKX,フィリピン,1935,MISSAV,フィリピン,0,,-
PENDUAL,Line 4 Ruin,0,,-,423,MILLNS,フィリピン,1763,CRASS.,フィリピン,2736,KUKO,フィリピン,0,,-
PENDUAL,Monopole.,0,,-,0,,-,1497,SINNY,フィリピン,3201,MYU2,フィリピン,0,,-
PENDUAL,NEO GENERATOR SEVEN,0,,-,692,HGNAIL,フィリピン,1713,MISSAV,フィリピン,3171,MYU2,フィリピン,0,,-
PENDUAL,Night sky,0,,-,915,-JUTE-,フィリピン,1665,JIMMY,フィリピン,2812,MYU2,フィリピン,0,,-
PENDUAL,No Tears,0,,-,794,KAGUYA,フィリピン,1402,DKX,フィリピン,2463,KUKO,フィリピン,0,,-
PENDUAL,PENDUAL TALISMAN,0,,-,854,-JUTE-,フィリピン,1452,JIMMY,フィリピン,2516,KUKO,フィリピン,0,,-
PENDUAL,Rave*it!! Rave*it!!,0,,-,0,,-,1622,KORIL,フィリピン,3172,GATON5,フィリピン,0,,-
PENDUAL,Realize Maze,0,,-,742,DUCK!!,フィリピン,1869,MISSAV,フィリピン,2862,KUKO,フィリピン,0,,-
PENDUAL,Reflux,0,,-,591,KAGUYA,フィリピン,1468,MISSAV,フィリピン,2772,MYU2,フィリピン,0,,-
PENDUAL,Sakura Mirage,0,,-,0,,-,1209,MISSAV,フィリピン,2230,GATON5,フィリピン,0,,-
PENDUAL,SAMSARA,0,,-,495,HGNAIL,フィリピン,1051,YUU-!?,フィリピン,1978,BURI3.,フィリピン,0,,-
PENDUAL,Say YEEEAHH,0,,-,0,,-,1247,HGNAIL,フィリピン,2974,RDYVJ1,フィリピン,0,,-
PENDUAL,Scarlet Moon,0,,-,761,EDDY,フィリピン,1519,JIMMY,フィリピン,2665,KUKO,フィリピン,0,,-
PENDUAL,Scars of FAUNA,0,,-,601,HGNAIL,フィリピン,1431,JIMMY,フィリピン,2758,KORIL,フィリピン,0,,-
PENDUAL,Shooting Fireball,0,,-,675,HGNAIL,フィリピン,2123,HIMIKO,フィリピン,3708,MYU2,フィリピン,0,,-
PENDUAL,Sounds Of Summer,0,,-,902,HGNAIL,フィリピン,1903,MISSAV,フィリピン,2858,KUKO,フィリピン,0,,-
PENDUAL,SpaceLand☆TOYBOX,0,,-,735,SHU,フィリピン,1614,MISSAV,フィリピン,2857,MYU2,フィリピン,0,,-
PENDUAL,Sweet Radar,0,,-,453,WWWWWW,フィリピン,1055,N-A,フィリピン,1939,RDYVJ1,フィリピン,0,,-
PENDUAL,Symmetry,0,,-,622,N-A,フィリピン,2060,KUKO,フィリピン,3172,MYU2,フィリピン,0,,-
PENDUAL,TA・DA ☆ YO・SHI,0,,-,692,TAKA,フィリピン,1143,N-A,フィリピン,2104,TAKO,フィリピン,0,,-
PENDUAL,The Least 100sec,0,,-,498,EDDY,フィリピン,1098,PPP,フィリピン,2471,M-ORY!,フィリピン,0,,-
PENDUAL,TIEFSEE,0,,-,1056,KAGUYA,フィリピン,1651,DKX,フィリピン,3391,MYU2,フィリピン,0,,-
PENDUAL,TOXIC VIBRATION,0,,-,1186,HGNAIL,フィリピン,2208,HIMIKO,フィリピン,3608,MYU2,フィリピン,0,,-
PENDUAL,Vulkan,0,,-,0,,-,1787,DKX,フィリピン,2852,KUKO,フィリピン,0,,-
PENDUAL,We're so Happy (P*Light Remix) IIDX ver.,0,,-,822,-JUTE-,フィリピン,2213,HIMIKO,フィリピン,3519,MYU2,フィリピン,0,,-
PENDUAL,ZZ,0,,-,0,,-,1898,HIMIKO,フィリピン,2960,MYU2,フィリピン,0,,-
PENDUAL,それは花火のような恋,0,,-,789,N-A,フィリピン,2254,NASHIO,フィリピン,3630,CRASS.,フィリピン,0,,-
PENDUAL,とろぴかる倶楽部,0,,-,727,KORIL,フィリピン,1234,RANDOM,フィリピン,2190,KUKO,フィリピン,0,,-
PENDUAL,ぷろぐれっしぶ時空少女！うらしまたろ子ちゃん！,0,,-,692,J,フィリピン,1035,N-A,フィリピン,2325,INDIA,フィリピン,0,,-
PENDUAL,もっと！モット！ときめき feat. 松下,0,,-,965,-JUTE-,フィリピン,1749,YABAI*,フィリピン,2591,KUKO,フィリピン,0,,-
PENDUAL,ドッキン☆サマーあばんちゅーる,0,,-,0,,-,1427,NY0ING,フィリピン,2710,CRASS.,フィリピン,0,,-
PENDUAL,パ→ピ→プ→Yeah!,227,SAINTS,フィリピン,797,BAC0N,フィリピン,1457,MISSAV,フィリピン,2459,KUKO,フィリピン,0,,-
PENDUAL,ベィスドロップ・フリークス,0,,-,475,EMI*,フィリピン,1209,KORIL,フィリピン,1993,RDYVJ1,フィリピン,2317,CRASS.,フィリピン
PENDUAL,リリーゼと炎龍レーヴァテイン,0,,-,784,JOGO,フィリピン,2192,BURI3.,フィリピン,3330,MYU2,フィリピン,0,,-
PENDUAL,共鳴遊戯の華,0,,-,962,N-A,フィリピン,2486,KUKO,フィリピン,3645,MYU2,フィリピン,0,,-
PENDUAL,十六夜セツナ,0,,-,816,HGNAIL,フィリピン,1320,HGNAIL,フィリピン,2110,BURI3.,フィリピン,0,,-
PENDUAL,千年ノ理,0,,-,823,HS2565,フィリピン,1870,KORIL,フィリピン,3107,MYU2,フィリピン,4137,MYU2,フィリピン
PENDUAL,取り残された美術(Arranged:HiZuMi),0,,-,623,HGNAIL,フィリピン,1527,RANDOM,フィリピン,2168,KUKO,フィリピン,0,,-
PENDUAL,夏色DIARY - L.E.D.-G STYLE MIX -,0,,-,642,PSYQUO,フィリピン,1835,HIMIKO,フィリピン,2960,KUKO,フィリピン,0,,-
PENDUAL,妖隠し -あやかしかくし-,0,,-,0,,-,1513,KUKO,フィリピン,2135,KUKO,フィリピン,0,,-
PENDUAL,少年は空を辿る,0,,-,0,,-,2008,BURI3.,フィリピン,3013,TJMZK,フィリピン,0,,-
PENDUAL,恋は白帯、サンシロー,0,,-,374,MILLNS,フィリピン,984,YUU-!?,フィリピン,2007,KUKO,フィリピン,2693,KUKO,フィリピン
PENDUAL,打打打打打打打打打打,148,JUUTAN,フィリピン,712,EDDY,フィリピン,1292,CRASS.,フィリピン,2591,GATON5,フィリピン,0,,-
PENDUAL,時空トラベローグ,0,,-,0,,-,1680,MISSAV,フィリピン,2507,KUKO,フィリピン,0,,-
PENDUAL,白露の風,0,,-,363,WOLFEN,フィリピン,712,HGNAIL,フィリピン,1890,GATON5,フィリピン,0,,-
PENDUAL,紅牡丹,326,MILLNS,フィリピン,871,YUU-!?,フィリピン,1710,NASHIO,フィリピン,2752,MYU2,フィリピン,0,,-
PENDUAL,表裏一体！？怪盗いいんちょの悩み,0,,-,711,RM3###,フィリピン,2141,BURI3.,フィリピン,3416,MYU2,フィリピン,4144,MYU2,フィリピン
PENDUAL,超青少年ノ為ノ超多幸ナ超古典的超舞曲,0,,-,757,HGNAIL,フィリピン,1839,MISSAV,フィリピン,2585,GATON5,フィリピン,3897,GATON5,フィリピン
PENDUAL,鬼天,0,,-,0,,-,1639,KORIL,フィリピン,2356,MYU2,フィリピン,0,,-
PENDUAL,Ｘ↑Ｘ↓,0,,-,741,HS2565,フィリピン,1578,MISSAV,フィリピン,2711,KUKO,フィリピン,0,,-
copula,199024club -Re:BounceKiller-,0,,-,0,,-,1496,HIMIKO,フィリピン,2198,KUKO,フィリピン,0,,-
copula,Acid Pumper,0,,-,438,AAAAAA,フィリピン,1452,MISSAV,フィリピン,2322,MYU2,フィリピン,0,,-
copula,Angelic Jelly,0,,-,924,HS2565,フィリピン,1785,DKX,フィリピン,2540,KUKO,フィリピン,0,,-
copula,AO-1,0,,-,757,N-A,フィリピン,1806,KORIL,フィリピン,2673,MYU2,フィリピン,0,,-
copula,Arcana,0,,-,1162,KORIL,フィリピン,1157,RYUNGA,フィリピン,2195,KUKO,フィリピン,0,,-
copula,Aublia,0,,-,0,,-,1492,*#06#,フィリピン,2420,KUKO,フィリピン,0,,-
copula,Battle Train -IIDX Edition-,0,,-,0,,-,2322,HIMIKO,フィリピン,3046,KUKO,フィリピン,0,,-
copula,Blue Spring Express,0,,-,0,,-,1844,MISSAV,フィリピン,2952,TAKO,フィリピン,0,,-
copula,Central Station,0,,-,0,,-,1378,JIMMY,フィリピン,2316,BURI3.,フィリピン,0,,-
copula,chaos eater -IIDX edition-,0,,-,696,EDDY,フィリピン,1218,HGNAIL,フィリピン,2534,KUKO,フィリピン,0,,-
copula,CODE:1 [revision1.0.1],0,,-,0,,-,1593,MISSAV,フィリピン,2900,MYU2,フィリピン,0,,-
copula,Daily Lunch Special,0,,-,804,YUU-!?,フィリピン,2024,BURI3.,フィリピン,2775,TAKO,フィリピン,0,,-
copula,Damage Per Second,0,,-,544,TAKA,フィリピン,1196,IS,フィリピン,2003,KUKO,フィリピン,2211,KUKO,フィリピン
copula,Derelict Star feat. Ryu*,0,,-,729,HGNAIL,フィリピン,1850,MISSAV,フィリピン,2469,KUKO,フィリピン,0,,-
copula,Devil's Gear,0,,-,623,SHU,フィリピン,2037,HIMIKO,フィリピン,3281,MYU2,フィリピン,0,,-
copula,DIAMOND CROSSING,0,,-,947,RANDOM,フィリピン,1650,HIMIKO,フィリピン,2953,MYU2,フィリピン,0,,-
copula,do the thing feat. Kanae Asaba,0,,-,0,,-,0,,-,2200,TAKO,フィリピン,0,,-
copula,Donkey Donk,0,,-,1110,RDYVJ1,フィリピン,1382,JIMMY,フィリピン,2211,KUKO,フィリピン,0,,-
copula,Dynamite,340,HGNAIL,フィリピン,1012,ANTT,フィリピン,2230,MAYAMA,フィリピン,3694,MYU2,フィリピン,0,,-
copula,Everlasting Last,0,,-,0,,-,1334,HGNAIL,フィリピン,2154,KUKO,フィリピン,0,,-
copula,Exchange Place,0,,-,0,,-,882,MIDI,フィリピン,1746,CRASS.,フィリピン,0,,-
copula,GENERATE feat.綾倉盟,0,,-,929,HS2565,フィリピン,1528,JIMMY,フィリピン,2260,BURI3.,フィリピン,0,,-
copula,Go Faraway,0,,-,0,,-,990,DUCK!!,フィリピン,2386,CRASS.,フィリピン,0,,-
copula,GOBBLE,0,,-,320,KAGUYA,フィリピン,635,MISSAV,フィリピン,1581,M-ORY!,フィリピン,0,,-
copula,Godspeed,0,,-,0,,-,1648,IIDX33,フィリピン,3008,MYU2,フィリピン,0,,-
copula,Grand Chariot,0,,-,893,HGNAIL,フィリピン,1638,SINNY,フィリピン,3080,TAKO,フィリピン,0,,-
copula,Highcharge Divolt,0,,-,587,HGNAIL,フィリピン,1639,HIMIKO,フィリピン,2689,MYU2,フィリピン,0,,-
copula,Inner Spirit,0,,-,0,,-,1451,POIROT,フィリピン,2006,SERPHY,フィリピン,0,,-
copula,Journey,0,,-,0,,-,1190,MISSAV,フィリピン,1738,MISSAV,フィリピン,3080,MYU2,フィリピン
copula,Konzert V,0,,-,0,,-,2162,HIMIKO,フィリピン,3229,MYU2,フィリピン,0,,-
copula,La dolce primavera,0,,-,0,,-,0,,-,2095,BURI3.,フィリピン,0,,-
copula,M4K3 1T B0UNC3,0,,-,922,HGNAIL,フィリピン,1976,HIMIKO,フィリピン,2878,MYU2,フィリピン,0,,-
copula,Musik LoverZ,0,,-,256,PIANOM,フィリピン,663,CEE3ZY,フィリピン,2371,HAPPY,フィリピン,0,,-
copula,NANAIRO,0,,-,0,,-,1192,HGNAIL,フィリピン,2478,KUKO,フィリピン,0,,-
copula,Nightmare before oversleep,0,,-,821,HGNAIL,フィリピン,1638,MISSAV,フィリピン,2823,CRASS.,フィリピン,0,,-
copula,NINJA IS DEAD IIDX ver.,0,,-,961,MURI,フィリピン,1705,MISSAV,フィリピン,2919,CRASS.,フィリピン,0,,-
copula,NO LIMIT -オレ達に限界は無い-,0,,-,0,,-,737,HGNAIL,フィリピン,2203,CRASS.,フィリピン,0,,-
copula,Nowhere,0,,-,0,,-,656,CEE3ZY,フィリピン,2013,RDYVJ1,フィリピン,0,,-
copula,NZM,0,,-,829,-JUTE-,フィリピン,1561,KORIL,フィリピン,3255,MYU2,フィリピン,0,,-
copula,On the FM,0,,-,863,WALNUT,フィリピン,1158,*BI$,フィリピン,2569,KUKO,フィリピン,0,,-
copula,Outbreak,0,,-,984,HGNAIL,フィリピン,1655,JIMMY,フィリピン,2916,CRASS.,フィリピン,0,,-
copula,POSSESSION,262,HGNAIL,フィリピン,1080,CEE3ZY,フィリピン,1989,HIMIKO,フィリピン,2836,CRASS.,フィリピン,0,,-
copula,quick master (reform version),0,,-,0,,-,0,,-,317,EDDY,フィリピン,0,,-
copula,refrain,0,,-,971,HGNAIL,フィリピン,2146,HIMIKO,フィリピン,3440,MYU2,フィリピン,0,,-
copula,Rock It,0,,-,0,,-,1301,DKX,フィリピン,2866,MYU2,フィリピン,0,,-
copula,Routing,0,,-,634,HS2565,フィリピン,1460,MISSAV,フィリピン,2362,KUKO,フィリピン,0,,-
copula,Sephirot,0,,-,522,-JUTE-,フィリピン,1492,MISSAV,フィリピン,2226,KUKO,フィリピン,0,,-
copula,Set U Free feat. Kanae Asaba,0,,-,433,HGNAIL,フィリピン,1386,MISSAV,フィリピン,2216,MISSAV,フィリピン,0,,-
copula,SHELTER OF THE MIND,0,,-,979,HGNAIL,フィリピン,1795,MISSAV,フィリピン,2413,SERPHY,フィリピン,0,,-
copula,STARLiGHT,0,,-,0,,-,1663,MISSAV,フィリピン,2383,CPU69,フィリピン,0,,-
copula,STARLIGHT DANCEHALL,0,,-,640,MURI,フィリピン,1691,CPU69,フィリピン,2495,HAPPY,フィリピン,3119,MYU2,フィリピン
copula,StrayedCatz,0,,-,742,EDDY,フィリピン,1694,TEKKU*,フィリピン,2549,MYU2,フィリピン,0,,-
copula,Super Duper Racers,0,,-,310,PIANOM,フィリピン,1319,DKX,フィリピン,2286,HAPPY,フィリピン,3515,MYU2,フィリピン
copula,SURVIVOR,0,,-,436,HGNAIL,フィリピン,842,JOGO,フィリピン,1927,RDYVJ1,フィリピン,0,,-
copula,Tori-no-kimochi,0,,-,0,,-,0,,-,1879,CRASS.,フィリピン,0,,-
copula,Triple Counter,0,,-,1124,AAAAAA,フィリピン,2079,HIMIKO,フィリピン,3590,TAKO,フィリピン,0,,-
copula,Uh-Oh,0,,-,0,,-,1405,DKX,フィリピン,2316,KUKO,フィリピン,0,,-
copula,Violet Pulse,0,,-,269,MIKEH,フィリピン,1296,HS2565,フィリピン,2314,KUKO,フィリピン,3818,GATON5,フィリピン
copula,Violet Rose,0,,-,734,HGNAIL,フィリピン,1010,JIN,フィリピン,1927,SERPHY,フィリピン,0,,-
copula,Welcome,0,,-,0,,-,1453,JIMMY,フィリピン,2413,TAKO,フィリピン,2992,M-ORY!,フィリピン
copula,X,0,,-,1073,KAGUYA,フィリピン,2274,HIMIKO,フィリピン,3648,MYU2,フィリピン,0,,-
copula,ZEPHYRANTHES,0,,-,862,EDDY,フィリピン,1667,MISSAV,フィリピン,2763,KUKO,フィリピン,3700,GATON5,フィリピン
copula,か・し・ま・し☆PUMP UP！,0,,-,0,,-,1572,MISSAV,フィリピン,2711,KUKO,フィリピン,0,,-
copula,めいさいアイドル☆あいむちゃん♪,0,,-,1062,N-A,フィリピン,2049,MISSAV,フィリピン,3130,KUKO,フィリピン,0,,-
copula,オルタネイトβ,0,,-,0,,-,1161,HGNAIL,フィリピン,2196,BURI3.,フィリピン,0,,-
copula,ギョギョっと人魚 爆婚ブライダル,0,,-,0,,-,1342,MISSAV,フィリピン,2337,MYU2,フィリピン,0,,-
copula,シュッパツシンコウ・シサカンコ,0,,-,0,,-,1665,JIMMY,フィリピン,2319,M-ORY!,フィリピン,0,,-
copula,セロトニン,0,,-,632,J,フィリピン,1680,MISSAV,フィリピン,2220,MYU2,フィリピン,0,,-
copula,少女アリスと箱庭幻想コンチェルト,0,,-,0,,-,998,HGNAIL,フィリピン,2078,KUKO,フィリピン,0,,-
copula,明鏡止水,0,,-,490,N-A,フィリピン,1293,HGNAIL,フィリピン,2625,KUKO,フィリピン,0,,-
copula,星屑ディスタンシア,0,,-,0,,-,0,,-,1991,GATON5,フィリピン,0,,-
copula,朝焼けから始まるボクらの小さな旅,0,,-,609,TAKA,フィリピン,1232,N-A,フィリピン,2384,GATON5,フィリピン,0,,-
copula,灼熱 Pt.2 Long Train Running,394,MILLNS,フィリピン,996,FISCH,フィリピン,2014,KUKO,フィリピン,2894,KUKO,フィリピン,0,,-
copula,真 地獄超特急 -HELL or HELL-,0,,-,1164,FISCH,フィリピン,2149,KUKO,フィリピン,2983,MYU2,フィリピン,0,,-
copula,紫陽花 -AZISAI-,320,N-A,フィリピン,833,N-A,フィリピン,1704,TEKKU*,フィリピン,2669,KUKO,フィリピン,2912,TAKO,フィリピン
copula,追想快晴テーマパーク,0,,-,975,HS2565,フィリピン,1966,MAYAMA,フィリピン,2556,YABAI*,フィリピン,0,,-
copula,量子の海のリントヴルム,0,,-,703,HS2565,フィリピン,1626,KORIL,フィリピン,2780,M-ORY!,フィリピン,0,,-
copula,駅猫のワルツ,0,,-,351,TAKA,フィリピン,1844,HIMIKO,フィリピン,2548,TAKO,フィリピン,0,,-
copula,麗 ～うらら～,0,,-,762,RAJEET,フィリピン,1549,CRASS.,フィリピン,2564,CRASS.,フィリピン,0,,-
SINOBUZ,¡Viva!,0,,-,940,RDYVJ1,フィリピン,1349,SINKER,フィリピン,1899,BURI3.,フィリピン,0,,-
SINOBUZ,#MAGiCVLGiRL_TRVP_B3VTZ,0,,-,602,J,フィリピン,1802,TEKKU*,フィリピン,3203,TAKO,フィリピン,0,,-
SINOBUZ,(This Is Not) The Angels,0,,-,0,,-,1285,MISSAV,フィリピン,2613,GATON5,フィリピン,0,,-
SINOBUZ,Amazing Mirage,0,,-,523,TAKA,フィリピン,1391,DKX,フィリピン,2520,KUKO,フィリピン,3142,MYU2,フィリピン
SINOBUZ,AO-∞,0,,-,830,FISCH,フィリピン,1280,HGNAIL,フィリピン,2596,CRASS.,フィリピン,0,,-
SINOBUZ,Apocalypse,0,,-,0,,-,2051,KUKO,フィリピン,3430,MYU2,フィリピン,0,,-
SINOBUZ,Around The Galaxy,0,,-,0,,-,1880,MISSAV,フィリピン,3232,KUKO,フィリピン,0,,-
SINOBUZ,AsiaN distractive,0,,-,549,MAMIZO,フィリピン,1418,SINKER,フィリピン,2497,KUKO,フィリピン,0,,-
SINOBUZ,BabeL ～Grand Story～,0,,-,903,HGNAIL,フィリピン,1849,MISSAV,フィリピン,2697,KUKO,フィリピン,0,,-
SINOBUZ,Be A Star,0,,-,731,HS2565,フィリピン,1765,*#06#,フィリピン,2774,MYU2,フィリピン,0,,-
SINOBUZ,Beat Juggling Mix,0,,-,669,J,フィリピン,1114,RYUNGA,フィリピン,2067,MYU2,フィリピン,0,,-
SINOBUZ,Believe in you,0,,-,0,,-,1794,MISSAV,フィリピン,2326,CPU69,フィリピン,0,,-
SINOBUZ,Beyond The Seven,0,,-,0,,-,1216,MISSAV,フィリピン,2623,CRASS.,フィリピン,0,,-
SINOBUZ,BREAK OVER,0,,-,586,SHU,フィリピン,1447,MISSAV,フィリピン,2291,KUKO,フィリピン,0,,-
SINOBUZ,Breakin' Chain,0,,-,380,SHU,フィリピン,1167,HGNAIL,フィリピン,2115,STELLA,フィリピン,0,,-
SINOBUZ,BroGamer,0,,-,1234,RANDOM,フィリピン,2044,KORIL,フィリピン,3009,KUKO,フィリピン,4466,MYU2,フィリピン
SINOBUZ,Caterpillar,0,,-,904,HS2565,フィリピン,2006,MISSAV,フィリピン,2703,MYU2,フィリピン,0,,-
SINOBUZ,crew,0,,-,405,HGNAIL,フィリピン,0,,-,2849,KUKO,フィリピン,0,,-
SINOBUZ,Cyber True Color,0,,-,0,,-,1439,MISSAV,フィリピン,2257,KUKO,フィリピン,0,,-
SINOBUZ,DORNWALD ～Junge～,0,,-,615,HGNAIL,フィリピン,1981,CRASS.,フィリピン,3195,M-ORY!,フィリピン,0,,-
SINOBUZ,ECHIDNA,0,,-,810,FISCH,フィリピン,1998,KUKO,フィリピン,3141,MYU2,フィリピン,0,,-
SINOBUZ,Egret and Willow,0,,-,0,,-,1530,MISSAV,フィリピン,2663,MYU2,フィリピン,0,,-
SINOBUZ,elemental bender feat. Kanae Asaba,0,,-,0,,-,0,,-,1522,INDIA,フィリピン,0,,-
SINOBUZ,FUZIN RIZIN,0,,-,785,OKYOKU,フィリピン,1484,N-A,フィリピン,3521,KUKO,フィリピン,0,,-
SINOBUZ,Go Ahead!!,0,,-,667,KAGUYA,フィリピン,1441,HIMIKO,フィリピン,2463,TAKO,フィリピン,0,,-
SINOBUZ,GuNGNiR,0,,-,1048,HGNAIL,フィリピン,2565,KUKO,フィリピン,3702,MYU2,フィリピン,3911,GATON5,フィリピン
SINOBUZ,HADES,243,JUUTAN,フィリピン,707,TAKA,フィリピン,1563,DKX,フィリピン,2806,HAPPY,フィリピン,0,,-
SINOBUZ,HAPPY★RUSH,0,,-,530,IFAS..,フィリピン,1746,MISSAV,フィリピン,2756,KUKO,フィリピン,0,,-
SINOBUZ,Honey Trap,0,,-,0,,-,1324,NASHIO,フィリピン,2446,KUKO,フィリピン,0,,-
SINOBUZ,INVISIBLE STRIX,0,,-,0,,-,1916,HIMIKO,フィリピン,2375,GATON5,フィリピン,0,,-
SINOBUZ,Lost wing at.0,0,,-,911,HIMIKO,フィリピン,1315,MISSAV,フィリピン,2373,KUKO,フィリピン,0,,-
SINOBUZ,Macuilxochitl,0,,-,697,YELYAH,フィリピン,2187,BURI3.,フィリピン,3138,KUKO,フィリピン,0,,-
SINOBUZ,Magical,0,,-,601,EDDY,フィリピン,510,DUCK!!,フィリピン,1945,MYU2,フィリピン,0,,-
SINOBUZ,Mare Nectaris,0,,-,1065,HGNAIL,フィリピン,2023,KUKO,フィリピン,3283,MYU2,フィリピン,0,,-
SINOBUZ,Modular Technology,0,,-,0,,-,1837,BURI3.,フィリピン,2336,INDIA,フィリピン,0,,-
SINOBUZ,Music is The Answer,0,,-,0,,-,1285,MISSAV,フィリピン,1806,HAPPY,フィリピン,0,,-
SINOBUZ,nostos,0,,-,0,,-,0,,-,2436,CRASS.,フィリピン,0,,-
SINOBUZ,OOO,0,,-,0,,-,1344,MISSAV,フィリピン,2023,KUKO,フィリピン,2591,MYU2,フィリピン
SINOBUZ,OTENAMI Hurricane,0,,-,0,,-,1672,IIDX31,フィリピン,2861,GATON5,フィリピン,0,,-
SINOBUZ,PAPAYAPA BASS,0,,-,0,,-,1475,*#06#,フィリピン,2632,HAPPY,フィリピン,0,,-
SINOBUZ,Piano Samurai,0,,-,0,,-,1371,RYUNGA,フィリピン,2406,BURI3.,フィリピン,0,,-
SINOBUZ,Quakes,0,,-,0,,-,1914,HIMIKO,フィリピン,3066,MYU2,フィリピン,0,,-
SINOBUZ,RAIN,0,,-,0,,-,1782,KUKO,フィリピン,3190,MYU2,フィリピン,0,,-
SINOBUZ,Rave Cannon,0,,-,648,EDDY,フィリピン,1572,RANDOM,フィリピン,3219,MYU2,フィリピン,0,,-
SINOBUZ,Remedy feat. Kanae Asaba,0,,-,556,HGNAIL,フィリピン,1254,HGNAIL,フィリピン,2132,CRASS.,フィリピン,0,,-
SINOBUZ,ROTTERDAM SHOGUN,0,,-,826,HGNAIL,フィリピン,1685,MISSAV,フィリピン,2384,RDYVJ1,フィリピン,0,,-
SINOBUZ,SAMURAI-Scramble,0,,-,632,HS2565,フィリピン,1492,MISSAV,フィリピン,2235,KUKO,フィリピン,2445,KORIL,フィリピン
SINOBUZ,Sarutobi Champion is 拙者,0,,-,659,HGNAIL,フィリピン,0,,-,2132,CRASS.,フィリピン,0,,-
SINOBUZ,SAY BAY,0,,-,645,KAGUYA,フィリピン,1313,RANDOM,フィリピン,2671,KUKO,フィリピン,0,,-
SINOBUZ,Seaside Labyrinth,0,,-,0,,-,859,N-A,フィリピン,1760,JAMON5,フィリピン,0,,-
SINOBUZ,Selfish Sweet,0,,-,0,,-,0,,-,1622,JAMON5,フィリピン,2450,MYU2,フィリピン
SINOBUZ,SEQUENCE CAT,0,,-,0,,-,1768,SINNY,フィリピン,2647,INDIA,フィリピン,0,,-
SINOBUZ,shuriken,0,,-,0,,-,1078,MISSAV,フィリピン,2252,RDYVJ1,フィリピン,0,,-
SINOBUZ,SINOBUZ Fantasy,0,,-,787,KAGUYA,フィリピン,1104,N-A,フィリピン,2385,KUKO,フィリピン,0,,-
SINOBUZ,Sky High,276,MILLNS,フィリピン,908,HGNAIL,フィリピン,2061,MISSAV,フィリピン,3621,MYU2,フィリピン,0,,-
SINOBUZ,Snakey Kung-fu,0,,-,658,HGNAIL,フィリピン,1977,HIMIKO,フィリピン,3289,MYU2,フィリピン,0,,-
SINOBUZ,Steel Edge,0,,-,0,,-,1427,KORIL,フィリピン,3095,MYU2,フィリピン,0,,-
SINOBUZ,Summerlights(IIDX Edition),0,,-,788,HGNAIL,フィリピン,1681,MISSAV,フィリピン,2983,MYU2,フィリピン,0,,-
SINOBUZ,Super Rush,0,,-,701,N-A,フィリピン,1733,J.D,フィリピン,3461,MYU2,フィリピン,0,,-
SINOBUZ,Surf on the Light,0,,-,403,HGNAIL,フィリピン,1061,KAGUYA,フィリピン,2251,KUKO,フィリピン,0,,-
SINOBUZ,The Commanders,0,,-,755,HS2565,フィリピン,1175,9NINE,フィリピン,2395,MYU2,フィリピン,0,,-
SINOBUZ,TOGAKUSHI,0,,-,0,,-,1776,HIMIKO,フィリピン,2477,MYU2,フィリピン,0,,-
SINOBUZ,Umbral,0,,-,314,HGNAIL,フィリピン,857,MIDI,フィリピン,1863,GATON5,フィリピン,2974,GATON5,フィリピン
SINOBUZ,Venom,0,,-,913,SHU,フィリピン,2014,MAYAMA,フィリピン,3109,MYU2,フィリピン,0,,-
SINOBUZ,Vermilion,0,,-,0,,-,1020,SINKER,フィリピン,1922,MYU2,フィリピン,0,,-
SINOBUZ,Warrior,0,,-,636,HGNAIL,フィリピン,1027,HGNAIL,フィリピン,2343,INDIA,フィリピン,0,,-
SINOBUZ,XINOBIKILL,0,,-,701,HGNAIL,フィリピン,1337,HGNAIL,フィリピン,2755,KUKO,フィリピン,0,,-
SINOBUZ,yamabiko (SINOBUZ Edition),0,,-,688,GAMA,フィリピン,1448,MISSAV,フィリピン,2506,KUKO,フィリピン,0,,-
SINOBUZ,Yellow Sketch(RX-Ver.S.P.L.),0,,-,0,,-,257,N-A,フィリピン,2553,HAPPY,フィリピン,0,,-
SINOBUZ,〆,0,,-,893,NRG000,フィリピン,1821,POIROT,フィリピン,3473,KUKO,フィリピン,0,,-
SINOBUZ,ちらちら・はらはら,0,,-,0,,-,758,H0M0,フィリピン,1400,TAKO,フィリピン,0,,-
SINOBUZ,イザナミノナゲキ,0,,-,773,N-A,フィリピン,1840,MISSAV,フィリピン,3082,CRASS.,フィリピン,0,,-
SINOBUZ,ディッシュウォッシャー◎彡おいわちゃん,0,,-,0,,-,1258,RANDOM,フィリピン,2359,KUKO,フィリピン,0,,-
SINOBUZ,九尾狐夜行,0,,-,0,,-,1115,HGNAIL,フィリピン,2680,TAKO,フィリピン,0,,-
SINOBUZ,冬椿 ft. Kanae Asaba,136,C*REMI,フィリピン,796,HGNAIL,フィリピン,1166,MISSAV,フィリピン,2237,KUKO,フィリピン,2907,KUKO,フィリピン
SINOBUZ,刃図羅,0,,-,871,N-A,フィリピン,1613,RYUNGA,フィリピン,3293,MYU2,フィリピン,0,,-
SINOBUZ,忍恋花,0,,-,427,HGNAIL,フィリピン,1497,RDYVJ1,フィリピン,1636,KORIL,フィリピン,0,,-
SINOBUZ,恋はどう？モロ◎波動OK☆方程式!!,0,,-,0,,-,1194,0841*,フィリピン,2432,KUKO,フィリピン,0,,-
SINOBUZ,月雪に舞う華のように,0,,-,0,,-,0,,-,1968,TAKO,フィリピン,0,,-
SINOBUZ,次葉 -turn the page-,0,,-,312,HGNAIL,フィリピン,1325,MISSAV,フィリピン,1957,KUKO,フィリピン,0,,-
SINOBUZ,津軽雪,0,,-,1023,KAGUYA,フィリピン,2097,HIMIKO,フィリピン,3592,KUKO,フィリピン,0,,-
SINOBUZ,火影,0,,-,476,HGNAIL,フィリピン,1340,KUKO,フィリピン,2555,KUKO,フィリピン,0,,-
SINOBUZ,焔極OVERKILL,0,,-,0,,-,2020,HIMIKO,フィリピン,3381,MYU2,フィリピン,0,,-
SINOBUZ,獅子霞麗ノ舞,0,,-,0,,-,776,9NINE,フィリピン,1684,KUKO,フィリピン,0,,-
SINOBUZ,禍根,0,,-,0,,-,1212,MISSAV,フィリピン,2437,TAKO,フィリピン,0,,-
SINOBUZ,童話回廊,0,,-,681,HS2565,フィリピン,981,N-A,フィリピン,2862,KUKO,フィリピン,0,,-
SINOBUZ,鴉,0,,-,1065,N-A,フィリピン,2125,HIMIKO,フィリピン,2605,KUKO,フィリピン,0,,-
CANNON BALLERS,1001 -ESCAPE-,0,,-,0,,-,1278,N-A,フィリピン,2528,BURI3.,フィリピン,0,,-
CANNON BALLERS,255,0,,-,630,HGNAIL,フィリピン,1336,MISSAV,フィリピン,3094,GATON5,フィリピン,0,,-
CANNON BALLERS,AA -rebuild-,0,,-,958,IIDX33,フィリピン,2396,KUKO,フィリピン,3492,MYU2,フィリピン,0,,-
CANNON BALLERS,Abraxas,0,,-,468,HS2565,フィリピン,1536,KORIL,フィリピン,2326,KUKO,フィリピン,0,,-
CANNON BALLERS,ACCELERATE,0,,-,662,HS2565,フィリピン,1616,MISSAV,フィリピン,2415,GATON5,フィリピン,0,,-
CANNON BALLERS,Alpheratz,0,,-,0,,-,0,,-,2041,KUKO,フィリピン,2749,KUKO,フィリピン
CANNON BALLERS,Amor De Verao,0,,-,0,,-,1026,0841*,フィリピン,2229,KUKO,フィリピン,0,,-
CANNON BALLERS,ANAGMA,0,,-,636,SHU,フィリピン,1186,ANTT,フィリピン,2430,GATON5,フィリピン,0,,-
CANNON BALLERS,ANCHOR,0,,-,971,HGNAIL,フィリピン,2360,HIMIKO,フィリピン,3414,MYU2,フィリピン,0,,-
CANNON BALLERS,Antigravity,0,,-,643,HGNAIL,フィリピン,1783,HIMIKO,フィリピン,2761,GATON5,フィリピン,0,,-
CANNON BALLERS,Arca,0,,-,320,PIANOM,フィリピン,1648,DKX,フィリピン,2976,KUKO,フィリピン,0,,-
CANNON BALLERS,Around the Future,0,,-,719,SHU,フィリピン,1544,MISSAV,フィリピン,2509,KUKO,フィリピン,0,,-
CANNON BALLERS,Back Spin Sweeper,0,,-,557,HGNAIL,フィリピン,1325,MISSAV,フィリピン,2161,KUKO,フィリピン,0,,-
CANNON BALLERS,Battleground,0,,-,762,SHU,フィリピン,1435,DKX,フィリピン,2628,KUKO,フィリピン,0,,-
CANNON BALLERS,Be a Hero!,0,,-,0,,-,1788,MISSAV,フィリピン,2963,KUKO,フィリピン,0,,-
CANNON BALLERS,Best of Me,0,,-,0,,-,1468,MISSAV,フィリピン,2107,INDIA,フィリピン,0,,-
CANNON BALLERS,Boomy and The Boost,0,,-,661,HGNAIL,フィリピン,1725,RYUNGA,フィリピン,3392,CRASS.,フィリピン,0,,-
CANNON BALLERS,Break Stasis,0,,-,855,HGNAIL,フィリピン,1774,MISSAV,フィリピン,1961,DKX,フィリピン,0,,-
CANNON BALLERS,ChaserXX,0,,-,753,HGNAIL,フィリピン,1396,SINKER,フィリピン,2659,KUKO,フィリピン,3583,GATON5,フィリピン
CANNON BALLERS,Chemical Cookie,0,,-,501,AKIRA,フィリピン,1175,PPP,フィリピン,1941,M-ORY!,フィリピン,0,,-
CANNON BALLERS,City Never Sleeps (IIDX Edition),0,,-,771,YELYAH,フィリピン,1601,DKX,フィリピン,2603,MYU2,フィリピン,0,,-
CANNON BALLERS,COSMIC☆WONDER☆REVOLUTION,0,,-,0,,-,0,,-,2064,MYU2,フィリピン,0,,-
CANNON BALLERS,DEADHEAT,0,,-,0,,-,1906,HIMIKO,フィリピン,3029,KUKO,フィリピン,0,,-
CANNON BALLERS,DEATH†ZIGOQ ～怒りの高速爆走野郎～,0,,-,1022,N-A,フィリピン,2243,CPU69,フィリピン,3447,TAKO,フィリピン,3907,MYU2,フィリピン
CANNON BALLERS,DropZ-Line-,0,,-,914,FISCH,フィリピン,1938,NASHIO,フィリピン,2859,GATON5,フィリピン,0,,-
CANNON BALLERS,Eine Haube ～聖地の果てにあるもの～,0,,-,0,,-,1277,MISSAV,フィリピン,2463,MYU2,フィリピン,0,,-
CANNON BALLERS,EMERALDAS,357,MILLNS,フィリピン,1014,FISCH,フィリピン,2335,KUKO,フィリピン,3270,MYU2,フィリピン,0,,-
CANNON BALLERS,encounter,0,,-,678,TAKA,フィリピン,1402,HGNAIL,フィリピン,3069,MYU2,フィリピン,0,,-
CANNON BALLERS,Exhaust Hype,0,,-,668,EDDY,フィリピン,1764,MISSAV,フィリピン,2685,CRASS.,フィリピン,0,,-
CANNON BALLERS,Expanded !!,0,,-,0,,-,1452,MISSAV,フィリピン,2500,TAKO,フィリピン,0,,-
CANNON BALLERS,Fervidex,0,,-,0,,-,1730,MISSAV,フィリピン,2668,CRASS.,フィリピン,0,,-
CANNON BALLERS,FREEDOM,0,,-,487,HGNAIL,フィリピン,1390,DKX,フィリピン,2763,CRASS.,フィリピン,0,,-
CANNON BALLERS,From Time To Time,0,,-,0,,-,1637,SINKER,フィリピン,2443,GATON5,フィリピン,0,,-
CANNON BALLERS,FUTURE is Dead,0,,-,646,HGNAIL,フィリピン,1278,MISSAV,フィリピン,2130,GATON5,フィリピン,0,,-
CANNON BALLERS,Get Up! feat. Kanae Asaba,0,,-,0,,-,664,HGNAIL,フィリピン,1835,MYU2,フィリピン,0,,-
CANNON BALLERS,HAT TRICK,0,,-,449,MURI,フィリピン,1238,JIMMY,フィリピン,2069,M-ORY!,フィリピン,0,,-
CANNON BALLERS,Hella Deep,0,,-,523,EDDY,フィリピン,971,MISSAV,フィリピン,1616,HIMIKO,フィリピン,0,,-
CANNON BALLERS,HYPE THE CORE,0,,-,677,HGNAIL,フィリピン,1938,HIMIKO,フィリピン,2904,MYU2,フィリピン,0,,-
CANNON BALLERS,I Love You,0,,-,0,,-,1432,IIDX31,フィリピン,2624,KUKO,フィリピン,0,,-
CANNON BALLERS,Illusionary Waterlily,0,,-,867,-JUTE-,フィリピン,1831,MISSAV,フィリピン,3156,TAKO,フィリピン,0,,-
CANNON BALLERS,Initiation,578,DJZEON,フィリピン,1200,HS2565,フィリピン,2283,HIMIKO,フィリピン,3569,MYU2,フィリピン,0,,-
CANNON BALLERS,"Life Is A Game ft.DD""ナカタ""Metal",0,,-,860,HGNAIL,フィリピン,1580,IIDX31,フィリピン,3240,GATON5,フィリピン,0,,-
CANNON BALLERS,LUV DRIVE,0,,-,619,HGNAIL,フィリピン,1020,KAGUYA,フィリピン,2027,BURI3.,フィリピン,0,,-
CANNON BALLERS,MAXIVCORD,0,,-,405,HGNAIL,フィリピン,1295,MISSAV,フィリピン,2361,KUKO,フィリピン,0,,-
CANNON BALLERS,Midnight Lady,0,,-,412,AKIRA,フィリピン,702,HGNAIL,フィリピン,1869,INDIA,フィリピン,0,,-
CANNON BALLERS,n'pa pa BBQ,0,,-,0,,-,1178,YUU-!?,フィリピン,2625,MYU2,フィリピン,0,,-
CANNON BALLERS,NITROUS CANNON,0,,-,1014,FISCH,フィリピン,1860,HIMIKO,フィリピン,3367,GATON5,フィリピン,0,,-
CANNON BALLERS,No Limit 2 dAnce feat. 大山愛未,0,,-,607,-JUTE-,フィリピン,1312,JIMMY,フィリピン,2253,KUKO,フィリピン,0,,-
CANNON BALLERS,Nothing but Theory,0,,-,0,,-,1207,OOKA,フィリピン,2794,MYU2,フィリピン,3623,MYU2,フィリピン
CANNON BALLERS,O/D*20,0,,-,1070,SAKODA,フィリピン,1184,N-A,フィリピン,2043,KORIL,フィリピン,3573,GATON5,フィリピン
CANNON BALLERS,Only for now,0,,-,0,,-,1429,MISSAV,フィリピン,2218,KUKO,フィリピン,0,,-
CANNON BALLERS,Papilio ulysses,0,,-,988,9NINE,フィリピン,1929,HIMIKO,フィリピン,2777,MYU2,フィリピン,0,,-
CANNON BALLERS,Persephone,0,,-,576,WWWWWW,フィリピン,1726,MISSAV,フィリピン,2796,KUKO,フィリピン,0,,-
CANNON BALLERS,Rampage,0,,-,1230,KORIL,フィリピン,2413,HIMIKO,フィリピン,3539,MYU2,フィリピン,0,,-
CANNON BALLERS,Raspberry Railgun,0,,-,863,HGNAIL,フィリピン,2114,HIMIKO,フィリピン,2944,MYU2,フィリピン,0,,-
CANNON BALLERS,REVOLVER,0,,-,472,EDDY,フィリピン,59,CEE3ZY,フィリピン,2529,CRASS.,フィリピン,3089,GATON5,フィリピン
CANNON BALLERS,Sleepless days,0,,-,383,STRKR.,フィリピン,562,HGNAIL,フィリピン,1563,MYU2,フィリピン,0,,-
CANNON BALLERS,Slipstream,0,,-,0,,-,1745,DKX,フィリピン,3209,GATON5,フィリピン,0,,-
CANNON BALLERS,SPEED DEMON,0,,-,431,HGNAIL,フィリピン,1378,MISSAV,フィリピン,2135,KORIL,フィリピン,0,,-
CANNON BALLERS,STARLIGHT JUNCTION,0,,-,658,HGNAIL,フィリピン,1319,JIMMY,フィリピン,2210,BURI3.,フィリピン,2823,KUKO,フィリピン
CANNON BALLERS,Static State,0,,-,0,,-,1240,HGNAIL,フィリピン,2190,HAPPY,フィリピン,0,,-
CANNON BALLERS,Temple of Anubis,0,,-,715,HGNAIL,フィリピン,1354,MISSAV,フィリピン,2537,KUKO,フィリピン,0,,-
CANNON BALLERS,THE CANNONBALLER,308,HGNAIL,フィリピン,1078,HGNAIL,フィリピン,2166,NASHIO,フィリピン,3324,MYU2,フィリピン,0,,-
CANNON BALLERS,The Chase,0,,-,419,HGNAIL,フィリピン,1308,KORIL,フィリピン,1997,KUKO,フィリピン,0,,-
CANNON BALLERS,UMMU,0,,-,771,HGNAIL,フィリピン,1795,MISSAV,フィリピン,2902,MYU2,フィリピン,0,,-
CANNON BALLERS,Usual Days-remix,0,,-,0,,-,1352,MISSAV,フィリピン,2494,GATON5,フィリピン,0,,-
CANNON BALLERS,Xperanza,375,MILLNS,フィリピン,1082,AAAAAA,フィリピン,2273,HIMIKO,フィリピン,2867,KUKO,フィリピン,0,,-
CANNON BALLERS,うさ☆かめ 大戦争！,0,,-,0,,-,944,ANTT,フィリピン,2420,KUKO,フィリピン,0,,-
CANNON BALLERS,エディブルフラワーの独白,0,,-,172,PIANOM,フィリピン,0,,-,2140,BURI3.,フィリピン,0,,-
CANNON BALLERS,シムルグの目醒め,0,,-,1051,N-A,フィリピン,2152,HIMIKO,フィリピン,3319,MYU2,フィリピン,0,,-
CANNON BALLERS,ナイトシティー・アヴァンチュール,0,,-,840,E,フィリピン,1073,HGNAIL,フィリピン,2052,MYU2,フィリピン,0,,-
CANNON BALLERS,ハイ*ビスカス ft. Kanae Asaba,0,,-,573,HGNAIL,フィリピン,1189,YUU-!?,フィリピン,2384,KUKO,フィリピン,0,,-
CANNON BALLERS,バ→ビ→ブ→Bomb!,0,,-,662,-JUTE-,フィリピン,1496,JIMMY,フィリピン,2426,KUKO,フィリピン,0,,-
CANNON BALLERS,バスルーム ロマンス,0,,-,0,,-,1012,N-A,フィリピン,2271,TAKO,フィリピン,0,,-
CANNON BALLERS,パラドキシカル・タイムリープトライアル(Short Ver.),0,,-,0,,-,1441,N-A,フィリピン,2138,SERPHY,フィリピン,0,,-
CANNON BALLERS,ラストセンチュリーメランコリック,0,,-,445,HS2565,フィリピン,1548,MAYAMA,フィリピン,2125,KUKO,フィリピン,0,,-
CANNON BALLERS,共犯ヘヴンズコード,0,,-,351,NRG000,フィリピン,726,HGNAIL,フィリピン,1961,MAYAMA,フィリピン,0,,-
CANNON BALLERS,命の標本,0,,-,449,WOLFEN,フィリピン,1549,MISSAV,フィリピン,2544,KUKO,フィリピン,0,,-
CANNON BALLERS,東京神話,314,JUUTAN,フィリピン,0,,-,1568,MISSAV,フィリピン,2582,MYU2,フィリピン,0,,-
CANNON BALLERS,神謳 -RESONANCE-,0,,-,1145,HGNAIL,フィリピン,2061,MISSAV,フィリピン,3744,KUKO,フィリピン,0,,-
CANNON BALLERS,純真可憐デザイア,0,,-,809,RDYVJ1,フィリピン,1436,JIMMY,フィリピン,2307,KUKO,フィリピン,2940,MYU2,フィリピン
CANNON BALLERS,草原の王女-軌跡を辿って-,0,,-,594,N-A,フィリピン,1184,MAYAMA,フィリピン,2257,KUKO,フィリピン,0,,-
Rootage,& Intelligence,0,,-,0,,-,1515,DJZEON,フィリピン,3084,MYU2,フィリピン,0,,-
Rootage,50th Memorial Songs -Beginning Story-,0,,-,679,EDDY,フィリピン,0,,-,1854,IIDX31,フィリピン,0,,-
Rootage,50th Memorial Songs -Flagship medley-,0,,-,0,,-,1159,MISSAV,フィリピン,2096,GATON5,フィリピン,0,,-
Rootage,50th Memorial Songs -The BEMANI History-,306,MILLNS,フィリピン,0,,-,1512,MISSAV,フィリピン,2522,MYU2,フィリピン,0,,-
Rootage,50th Memorial Songs -二人の時 ～under the cherry blossoms～-,0,,-,0,,-,1040,KAGUYA,フィリピン,2531,GATON5,フィリピン,0,,-
Rootage,Afterimage d'automne,0,,-,738,EDDY,フィリピン,1564,MISSAV,フィリピン,2656,KUKO,フィリピン,0,,-
Rootage,BLACK JACKAL,0,,-,646,AKIRA,フィリピン,1500,MISSAV,フィリピン,2243,HAPPY,フィリピン,0,,-
Rootage,BLO§OM,0,,-,0,,-,1473,MISSAV,フィリピン,2487,KUKO,フィリピン,0,,-
Rootage,Carmina,0,,-,0,,-,2297,HIMIKO,フィリピン,3318,TJMZK,フィリピン,0,,-
Rootage,Carry Me Away,274,WOLFIE,フィリピン,1073,KORIL,フィリピン,1471,JIMMY,フィリピン,3074,MYU2,フィリピン,0,,-
Rootage,Catch Our Fire!,0,,-,0,,-,2117,BURI3.,フィリピン,3462,KUKO,フィリピン,0,,-
Rootage,CODE:0,0,,-,0,,-,1758,DKX,フィリピン,2742,KUKO,フィリピン,3040,GATON5,フィリピン
Rootage,CoMAAAAAAA,0,,-,852,HGNAIL,フィリピン,1625,JIMMY,フィリピン,2304,MYU2,フィリピン,3641,MYU2,フィリピン
Rootage,COSMIC CYBER,0,,-,0,,-,1466,DKX,フィリピン,2793,KUKO,フィリピン,0,,-
Rootage,Cranberry City ft. Luschel,0,,-,0,,-,1491,MISSAV,フィリピン,2306,CRASS.,フィリピン,0,,-
Rootage,dAuntl3ss,0,,-,0,,-,1726,DKX,フィリピン,3352,MYU2,フィリピン,0,,-
Rootage,Dr. Chemical & Killing Machine,0,,-,472,DOJOT,フィリピン,1498,JIMMY,フィリピン,3219,MYU2,フィリピン,0,,-
Rootage,Drastic Dramatic,0,,-,1035,FISCH,フィリピン,2131,HIMIKO,フィリピン,3381,MYU2,フィリピン,0,,-
Rootage,DRUNK MONKY,0,,-,752,RYUNGA,フィリピン,1470,HIMIKO,フィリピン,2232,GATON5,フィリピン,0,,-
Rootage,Ember Lights,0,,-,0,,-,1373,JIMMY,フィリピン,2624,MYU2,フィリピン,2973,GATON5,フィリピン
Rootage,EVANESCENT,0,,-,795,HGNAIL,フィリピン,1747,DKX,フィリピン,3301,KUKO,フィリピン,0,,-
Rootage,Garuda,0,,-,0,,-,1291,POIROT,フィリピン,2478,KUKO,フィリピン,0,,-
Rootage,Geirskögul,0,,-,0,,-,1503,KORIL,フィリピン,2069,INDIA,フィリピン,0,,-
Rootage,GENE,0,,-,0,,-,1783,CPU69,フィリピン,4179,MYU2,フィリピン,3299,MYU2,フィリピン
Rootage,GIGA THRASH,0,,-,445,HGNAIL,フィリピン,1471,SINKER,フィリピン,2586,KUKO,フィリピン,0,,-
Rootage,Glory,0,,-,0,,-,1067,HGNAIL,フィリピン,2200,KUKO,フィリピン,0,,-
Rootage,GO OVER WITH GLARE -ROOTAGE 26-,0,,-,0,,-,1954,MISSAV,フィリピン,3761,GATON5,フィリピン,0,,-
Rootage,HARD BRAIN,0,,-,780,TAKA,フィリピン,1816,MISSAV,フィリピン,3607,MYU2,フィリピン,0,,-
Rootage,HEISEI,0,,-,683,HGNAIL,フィリピン,1600,POIROT,フィリピン,2457,KUKO,フィリピン,0,,-
Rootage,Hurry Hurry,0,,-,87,ROSE,フィリピン,919,JIMMY,フィリピン,2038,INDIA,フィリピン,0,,-
Rootage,IDC feat.REVERBEE (Mo'Cuts Ver),0,,-,867,TEKKU*,フィリピン,1310,MISSAV,フィリピン,2082,CRASS.,フィリピン,0,,-
Rootage,IDOL syndrome.,0,,-,502,WOLFEN,フィリピン,944,HGNAIL,フィリピン,2106,BURI3.,フィリピン,2864,KUKO,フィリピン
Rootage,KILL EACH OTHER,0,,-,1015,HS2565,フィリピン,2217,HIMIKO,フィリピン,3721,MYU2,フィリピン,0,,-
Rootage,L.F.O,0,,-,0,,-,1574,MISSAV,フィリピン,3147,MYU2,フィリピン,0,,-
Rootage,LADYBIRD,0,,-,742,MURI,フィリピン,1178,N-A,フィリピン,2330,MYU2,フィリピン,0,,-
Rootage,Let me be your cure,0,,-,698,HGNAIL,フィリピン,1302,KUKO,フィリピン,2621,CRASS.,フィリピン,0,,-
Rootage,Lethal Weapon,0,,-,0,,-,1752,KORIL,フィリピン,3079,MYU2,フィリピン,0,,-
Rootage,Level One,0,,-,989,FISCH,フィリピン,2199,HIMIKO,フィリピン,3063,GATON5,フィリピン,0,,-
Rootage,Lift Us High,0,,-,602,-JUTE-,フィリピン,1423,SINKER,フィリピン,2406,BURI3.,フィリピン,0,,-
Rootage,LOST TECHNOLOGIE,0,,-,519,HGNAIL,フィリピン,1037,ANTT,フィリピン,3076,KUKO,フィリピン,0,,-
Rootage,Macho Monky,0,,-,0,,-,1891,HIMIKO,フィリピン,2774,MYU2,フィリピン,0,,-
Rootage,Necroxis Girl,0,,-,676,HGNAIL,フィリピン,1430,DKX,フィリピン,2689,MYU2,フィリピン,0,,-
Rootage,"Next Tales 2 Oath (IIDX 20th Anniv ""Ring"" Theme)",0,,-,0,,-,1510,MISSAV,フィリピン,2382,CPU69,フィリピン,0,,-
Rootage,Night! Night! Night!,0,,-,0,,-,1406,POIROT,フィリピン,2890,KUKO,フィリピン,0,,-
Rootage,ONIGOROSHI,0,,-,727,HGNAIL,フィリピン,1722,NASHIO,フィリピン,2823,MYU2,フィリピン,0,,-
Rootage,OVER TIME,0,,-,0,,-,745,YUU-!?,フィリピン,1532,RDYVJ1,フィリピン,1981,CRASS.,フィリピン
Rootage,Painful Fate,0,,-,0,,-,2099,HIMIKO,フィリピン,3242,MYU2,フィリピン,0,,-
Rootage,Playing With Fire,0,,-,151,MAYBLS,フィリピン,1102,SINKER,フィリピン,2259,KUKO,フィリピン,0,,-
Rootage,Psycho Sheep Riddim,0,,-,0,,-,767,FISCH,フィリピン,1626,GATON5,フィリピン,2103,KUKO,フィリピン
Rootage,Red. by Jack Trance,0,,-,1359,RANDOM,フィリピン,2110,KUKO,フィリピン,3188,KUKO,フィリピン,0,,-
Rootage,REPLAY,0,,-,0,,-,1482,MISSAV,フィリピン,2085,CPU69,フィリピン,0,,-
Rootage,ROCK女 feat. 大山愛未， Ken,0,,-,703,HGNAIL,フィリピン,1559,MISSAV,フィリピン,2475,KUKO,フィリピン,0,,-
Rootage,ruin of opals,0,,-,636,TAKA,フィリピン,1680,HIMIKO,フィリピン,2790,KUKO,フィリピン,0,,-
Rootage,R∞tAge,376,HGNAIL,フィリピン,866,-JUTE-,フィリピン,1297,HGNAIL,フィリピン,2824,MYU2,フィリピン,0,,-
Rootage,SPEED ROCKER,0,,-,0,,-,1419,RANDOM,フィリピン,2127,KORIL,フィリピン,0,,-
Rootage,Technicolour Dreams,0,,-,0,,-,1385,J.D,フィリピン,2355,MYU2,フィリピン,0,,-
Rootage,The Best of Both Worlds,0,,-,0,,-,1003,AAAAAA,フィリピン,2127,MYU2,フィリピン,0,,-
Rootage,THE DAY OF JUBILATIONS,0,,-,1200,RANDOM,フィリピン,2159,MISSAV,フィリピン,3219,GATON5,フィリピン,0,,-
Rootage,The Rebellion of Sequencer,0,,-,1095,RANDOM,フィリピン,1841,HIMIKO,フィリピン,2677,TAKO,フィリピン,0,,-
Rootage,toy boxer,0,,-,663,EDDY,フィリピン,1347,MISSAV,フィリピン,2190,KUKO,フィリピン,0,,-
Rootage,ToyCube Pf.(RX-Ver.S.P.L.),0,,-,0,,-,0,,-,2216,MYU2,フィリピン,0,,-
Rootage,Trill auf G,0,,-,946,KAGUYA,フィリピン,1823,MISSAV,フィリピン,3021,MYU2,フィリピン,0,,-
Rootage,Twilight Warp,0,,-,0,,-,0,,-,2043,HAPPY,フィリピン,0,,-
Rootage,Unbelief,0,,-,748,HGNAIL,フィリピン,1514,RYUNGA,フィリピン,2771,TAKO,フィリピン,0,,-
Rootage,UNDERWORLD HOLOGRAPHY,0,,-,795,HGNAIL,フィリピン,1726,DKX,フィリピン,2951,KORIL,フィリピン,0,,-
Rootage,Urban Constellations,0,,-,390,HGNAIL,フィリピン,1180,DKX,フィリピン,2109,JAMON5,フィリピン,2898,TAKO,フィリピン
Rootage,Visterhv,0,,-,1214,KORIL,フィリピン,1722,RYUNGA,フィリピン,3581,MYU2,フィリピン,0,,-
Rootage,voltississimo,0,,-,802,HGNAIL,フィリピン,2005,HIMIKO,フィリピン,3317,MYU2,フィリピン,0,,-
Rootage,Wing of Hearts,0,,-,0,,-,1615,JIMMY,フィリピン,2883,KUKO,フィリピン,0,,-
Rootage,Wolf 1061,0,,-,882,SINKER,フィリピン,1550,MISSAV,フィリピン,3043,MYU2,フィリピン,0,,-
Rootage,Wonderland,0,,-,0,,-,1673,MISSAV,フィリピン,2586,CPU69,フィリピン,0,,-
Rootage,X-DEN,0,,-,1392,FLUKE,フィリピン,2579,KUKO,フィリピン,3570,MYU2,フィリピン,0,,-
Rootage,XENON II ～TOMOYUKIの野望～,0,,-,724,HGNAIL,フィリピン,1578,MISSAV,フィリピン,2871,KUKO,フィリピン,0,,-
Rootage,Xlo,0,,-,1041,N-A,フィリピン,2356,BURI3.,フィリピン,3409,KUKO,フィリピン,0,,-
Rootage,Yum Yum Jelly,0,,-,630,MURI,フィリピン,1269,HGNAIL,フィリピン,2250,CRASS.,フィリピン,0,,-
Rootage,ZENDEGI DANCE,0,,-,692,HGNAIL,フィリピン,1634,DKX,フィリピン,2692,KUKO,フィリピン,0,,-
Rootage,おーまい！らぶりー！すうぃーてぃ！だーりん！,0,,-,0,,-,1784,MISSAV,フィリピン,2811,MYU2,フィリピン,0,,-
Rootage,お菓子の王国,0,,-,985,HS2565,フィリピン,2202,BURI3.,フィリピン,3849,MYU2,フィリピン,0,,-
Rootage,グラナダの風,0,,-,0,,-,0,,-,1754,KUKO,フィリピン,0,,-
Rootage,セカンドピアス,0,,-,0,,-,747,HGNAIL,フィリピン,1938,HIMIKO,フィリピン,0,,-
Rootage,ハードベース・フェスタ,0,,-,702,NRG000,フィリピン,1534,TEKKU*,フィリピン,2768,KUKO,フィリピン,0,,-
Rootage,ミストレス・アンに花束を,0,,-,326,KEN13,フィリピン,0,,-,1363,RDYVJ1,フィリピン,0,,-
Rootage,ミッドナイト☆WAR,0,,-,625,-JUTE-,フィリピン,1538,KORIL,フィリピン,2430,KUKO,フィリピン,0,,-
Rootage,夏の匂い。キミの残像。 ft. Kanae Asaba,0,,-,387,HGNAIL,フィリピン,1399,JIMMY,フィリピン,2523,KUKO,フィリピン,0,,-
Rootage,抱きしめてモナムール,0,,-,744,HS2565,フィリピン,2175,HIMIKO,フィリピン,3717,MYU2,フィリピン,0,,-
Rootage,最小三倍完全数,0,,-,507,NOAH,フィリピン,1589,MISSAV,フィリピン,2270,M-ORY!,フィリピン,0,,-
Rootage,泰東ノ翠霞,0,,-,0,,-,488,EMI*,フィリピン,1642,KUKO,フィリピン,0,,-
Rootage,深愛のリグレット,0,,-,517,HGNAIL,フィリピン,959,HGNAIL,フィリピン,2283,M-ORY!,フィリピン,0,,-
Rootage,爆ゼニ☆がってんワーカー,0,,-,881,J,フィリピン,1305,N-A,フィリピン,2470,RDYVJ1,フィリピン,0,,-
Rootage,花冠 feat.Aikapin,0,,-,618,HGNAIL,フィリピン,1385,RYUNGA,フィリピン,2415,KUKO,フィリピン,0,,-
Rootage,金野火織の金色提言,0,,-,921,NY0ING,フィリピン,2193,HIMIKO,フィリピン,3031,MYU2,フィリピン,0,,-
Rootage,龍王の霊廟(Mausoleum Of The Primal Dragon),0,,-,808,ILLE,フィリピン,2292,BURI3.,フィリピン,3101,MYU2,フィリピン,3862,GATON5,フィリピン
HEROIC VERSE,27th style,0,,-,742,HGNAIL,フィリピン,1632,J.D,フィリピン,2440,KUKO,フィリピン,2665,TAKO,フィリピン
HEROIC VERSE,Advent Infamous,0,,-,732,HS2565,フィリピン,1448,MISSAV,フィリピン,2709,GATON5,フィリピン,0,,-
HEROIC VERSE,AKASHIC BREAK,0,,-,928,HGNAIL,フィリピン,2215,HIMIKO,フィリピン,3391,CRASS.,フィリピン,0,,-
HEROIC VERSE,And-RoiD,0,,-,0,,-,0,,-,1915,INDIA,フィリピン,0,,-
HEROIC VERSE,Artist,0,,-,975,J,フィリピン,2199,HIMIKO,フィリピン,3328,MYU2,フィリピン,0,,-
HEROIC VERSE,Backyard Stars,0,,-,621,HGNAIL,フィリピン,1439,MISSAV,フィリピン,2072,INDIA,フィリピン,0,,-
HEROIC VERSE,BEAT PRISONER,0,,-,628,SHU,フィリピン,2027,KUKO,フィリピン,3303,GATON5,フィリピン,0,,-
HEROIC VERSE,beatAffection,0,,-,403,WOLFEN,フィリピン,1099,HGNAIL,フィリピン,2569,CRASS.,フィリピン,0,,-
HEROIC VERSE,Beautiful Harmony (IIDX Mix),0,,-,531,HS2565,フィリピン,1571,MISSAV,フィリピン,2354,KUKO,フィリピン,0,,-
HEROIC VERSE,Bow shock!!,0,,-,795,RDYVJ1,フィリピン,1640,JIMMY,フィリピン,3022,GATON5,フィリピン,4114,MYU2,フィリピン
HEROIC VERSE,Calvados Queen,0,,-,0,,-,0,,-,2304,TAKO,フィリピン,0,,-
HEROIC VERSE,Change Yourself,0,,-,922,RDYVJ1,フィリピン,1588,MISSAV,フィリピン,2433,KUKO,フィリピン,0,,-
HEROIC VERSE,Crank It,0,,-,461,OHAINY,フィリピン,1401,KORIL,フィリピン,2403,RDYVJ1,フィリピン,0,,-
HEROIC VERSE,Dans la nuit de l'eternite,0,,-,950,FUKA,フィリピン,2056,HIMIKO,フィリピン,3197,MYU2,フィリピン,0,,-
HEROIC VERSE,Do What You Want,0,,-,367,AAAAAA,フィリピン,854,HGNAIL,フィリピン,1879,INDIA,フィリピン,0,,-
HEROIC VERSE,Double Dribble,0,,-,900,CLEVER,フィリピン,1786,HIMIKO,フィリピン,3094,INDIA,フィリピン,0,,-
HEROIC VERSE,EROICA,0,,-,1317,KORIL,フィリピン,2260,KORIL,フィリピン,3602,GATON5,フィリピン,0,,-
HEROIC VERSE,Everlasting Message,0,,-,1182,KORIL,フィリピン,2183,KUKO,フィリピン,3542,MYU2,フィリピン,0,,-
HEROIC VERSE,fairy cocktail,0,,-,375,WWWWWW,フィリピン,0,,-,1551,JAMON5,フィリピン,0,,-
HEROIC VERSE,Fly Above (Vicissitude Remix),0,,-,0,,-,1268,ANTT,フィリピン,2233,CPU69,フィリピン,0,,-
HEROIC VERSE,Forgetting Machine,0,,-,449,HGNAIL,フィリピン,1037,SINKER,フィリピン,1607,RDYVJ1,フィリピン,0,,-
HEROIC VERSE,Friction[!]Function,0,,-,0,,-,1638,MISSAV,フィリピン,3032,MYU2,フィリピン,0,,-
HEROIC VERSE,GHOST,0,,-,0,,-,1339,MISSAV,フィリピン,2503,RDYVJ1,フィリピン,0,,-
HEROIC VERSE,GIGA VIOLATE,0,,-,862,HGNAIL,フィリピン,1108,9NINE,フィリピン,2506,KORIL,フィリピン,0,,-
HEROIC VERSE,Hold My Hand,0,,-,0,,-,1287,N-A,フィリピン,2413,KUKO,フィリピン,0,,-
HEROIC VERSE,Hyper Drive feat. ぷにぷに電機,0,,-,448,MILLNS,フィリピン,1368,MISSAV,フィリピン,1910,KUKO,フィリピン,0,,-
HEROIC VERSE,If,0,,-,0,,-,1107,J.D,フィリピン,1859,MYU2,フィリピン,0,,-
HEROIC VERSE,Inferno of Fomalhaut,0,,-,268,HGNAIL,フィリピン,1723,HIMIKO,フィリピン,2745,CRASS.,フィリピン,0,,-
HEROIC VERSE,Infinity Mirror,0,,-,587,EDDY,フィリピン,987,ANTT,フィリピン,2253,KUKO,フィリピン,0,,-
HEROIC VERSE,Into The Madness,0,,-,595,HGNAIL,フィリピン,1222,JIMMY,フィリピン,2426,KUKO,フィリピン,0,,-
HEROIC VERSE,LASER CRUSTER (IGNITE REMIX),0,,-,0,,-,1396,DKX,フィリピン,3369,MYU2,フィリピン,0,,-
HEROIC VERSE,Level 2,0,,-,594,SHU,フィリピン,1473,MISSAV,フィリピン,2680,KUKO,フィリピン,0,,-
HEROIC VERSE,LIGHTNING STRIKES,0,,-,896,KORIL,フィリピン,1512,TO4SKE,フィリピン,3181,MYU2,フィリピン,3952,MYU2,フィリピン
HEROIC VERSE,Like+it!,0,,-,0,,-,1344,RYUNGA,フィリピン,2273,HAPPY,フィリピン,0,,-
HEROIC VERSE,Lords Of The Roundtable,0,,-,0,,-,1797,KUKO,フィリピン,2707,KORIL,フィリピン,0,,-
HEROIC VERSE,Lost Souls,0,,-,435,YELYAH,フィリピン,1415,DKX,フィリピン,2372,KUKO,フィリピン,3657,GATON5,フィリピン
HEROIC VERSE,Matt Silver,0,,-,847,SHU,フィリピン,1910,MISSAV,フィリピン,3151,KUKO,フィリピン,0,,-
HEROIC VERSE,Megalara Garuda,0,,-,1068,FISCH,フィリピン,1832,HIMIKO,フィリピン,2947,MYU2,フィリピン,0,,-
HEROIC VERSE,Mel,0,,-,625,GAMA,フィリピン,1203,YUU-!?,フィリピン,2113,MYU2,フィリピン,2672,CRASS.,フィリピン
HEROIC VERSE,Moving on,0,,-,574,HGNAIL,フィリピン,1491,MISSAV,フィリピン,2883,CRASS.,フィリピン,0,,-
HEROIC VERSE,Nasty Techniques,0,,-,793,HGNAIL,フィリピン,1536,MISSAV,フィリピン,2576,KUKO,フィリピン,0,,-
HEROIC VERSE,NEWALONE,0,,-,278,ANA,フィリピン,1156,RANDOM,フィリピン,1585,SERPHY,フィリピン,0,,-
HEROIC VERSE,ORCA,0,,-,807,HGNAIL,フィリピン,1698,POIROT,フィリピン,2983,TAKO,フィリピン,0,,-
HEROIC VERSE,OUTER PLANETS,0,,-,0,,-,1183,RANDOM,フィリピン,2017,TAKO,フィリピン,0,,-
HEROIC VERSE,Override,0,,-,590,HGNAIL,フィリピン,832,CEE3ZY,フィリピン,2755,HAPPY,フィリピン,4025,MYU2,フィリピン
HEROIC VERSE,PHASE SHIFT MANEUVER,0,,-,565,KMH,フィリピン,1562,MISSAV,フィリピン,2778,KUKO,フィリピン,0,,-
HEROIC VERSE,Primitive Vibes,328,WOLFIE,フィリピン,433,HGNAIL,フィリピン,1847,HIMIKO,フィリピン,2975,CRASS.,フィリピン,0,,-
HEROIC VERSE,Queen Kaguya,0,,-,0,,-,1481,RYUNGA,フィリピン,2405,HIMIKO,フィリピン,0,,-
HEROIC VERSE,Rainstorm,0,,-,655,-JUTE-,フィリピン,1435,MAYAMA,フィリピン,2220,KUKO,フィリピン,0,,-
HEROIC VERSE,Rave Patroller,0,,-,955,HGNAIL,フィリピン,2109,HIMIKO,フィリピン,3297,MYU2,フィリピン,0,,-
HEROIC VERSE,rough percussionythm,0,,-,622,TAKA,フィリピン,1519,MISSAV,フィリピン,2391,MYU2,フィリピン,0,,-
HEROIC VERSE,S!ck (Nhato Remix),0,,-,696,KAGUYA,フィリピン,1294,POIROT,フィリピン,2444,MYU2,フィリピン,0,,-
HEROIC VERSE,SCREW // owo // SCREW,0,,-,946,BOO,フィリピン,1838,STELLA,フィリピン,2830,CRASS.,フィリピン,0,,-
HEROIC VERSE,Shiva,0,,-,494,EDDY,フィリピン,1152,0841*,フィリピン,1978,HAPPY,フィリピン,0,,-
HEROIC VERSE,Silly Love,0,,-,623,EDDY,フィリピン,1079,HS2565,フィリピン,1984,MYU2,フィリピン,0,,-
HEROIC VERSE,Ska-sh All Neurons!!,0,,-,523,AKIRA,フィリピン,1050,HS2565,フィリピン,2286,MYU2,フィリピン,0,,-
HEROIC VERSE,Smashing Wedge,0,,-,697,GAMA,フィリピン,1957,HIMIKO,フィリピン,3557,MYU2,フィリピン,0,,-
HEROIC VERSE,Sparkle Smilin',0,,-,766,EDDY,フィリピン,1098,9NINE,フィリピン,2402,KUKO,フィリピン,0,,-
HEROIC VERSE,STOIC HYPOTHESIS,0,,-,886,YELYAH,フィリピン,1593,MISSAV,フィリピン,2577,CPU69,フィリピン,0,,-
HEROIC VERSE,Sugar Drippin',0,,-,379,MURI,フィリピン,1055,RYUNGA,フィリピン,2023,CRASS.,フィリピン,0,,-
HEROIC VERSE,T-REX vs Velociraptor (In the Far east euphoria),0,,-,954,FISCH,フィリピン,1617,SINNY,フィリピン,3113,MYU2,フィリピン,0,,-
HEROIC VERSE,take me higher,0,,-,183,AAAAAA,フィリピン,884,JOGO,フィリピン,1955,CRASS.,フィリピン,0,,-
HEROIC VERSE,TECHNO Style Essentials,0,,-,0,,-,1236,RYUNGA,フィリピン,2628,KUKO,フィリピン,0,,-
HEROIC VERSE,THE BRAVE MUST DIE,0,,-,0,,-,2307,HIMIKO,フィリピン,3739,KUKO,フィリピン,0,,-
HEROIC VERSE,THE F∀UST,0,,-,0,,-,2067,HIMIKO,フィリピン,3334,MYU2,フィリピン,0,,-
HEROIC VERSE,The Sky of Sadness,0,,-,571,MAMIZO,フィリピン,1115,N-A,フィリピン,2184,CPU69,フィリピン,0,,-
HEROIC VERSE,Theory,0,,-,581,HGNAIL,フィリピン,1185,RYUNGA,フィリピン,2363,CRASS.,フィリピン,0,,-
HEROIC VERSE,TRIUMPH,0,,-,731,SHU,フィリピン,1846,MISSAV,フィリピン,3160,CRASS.,フィリピン,0,,-
HEROIC VERSE,UNITE THE HEART,0,,-,1382,RANDOM,フィリピン,2207,SERPHY,フィリピン,3182,KUKO,フィリピン,0,,-
HEROIC VERSE,VALKYRIAS -英雄誕生-,0,,-,830,HGNAIL,フィリピン,1662,*#06#,フィリピン,2675,KUKO,フィリピン,0,,-
HEROIC VERSE,VIBRΛ,0,,-,0,,-,0,,-,1732,KUKO,フィリピン,0,,-
HEROIC VERSE,Vinculum stellarum,0,,-,685,EDDY,フィリピン,2321,BURI3.,フィリピン,3433,MYU2,フィリピン,0,,-
HEROIC VERSE,Virus Funk,0,,-,432,HGNAIL,フィリピン,1075,OOKA,フィリピン,2046,HAPPY,フィリピン,0,,-
HEROIC VERSE,Volcanic Dragon,0,,-,732,HGNAIL,フィリピン,1546,JIMMY,フィリピン,2866,KUKO,フィリピン,0,,-
HEROIC VERSE,Voo Doo Bamboleo,0,,-,0,,-,1235,HGNAIL,フィリピン,1857,RYUNGA,フィリピン,0,,-
HEROIC VERSE,Ypsilon,0,,-,0,,-,1625,MISSAV,フィリピン,2778,KUKO,フィリピン,3363,MYU2,フィリピン
HEROIC VERSE,がっつり陰キャ!? 怪盗いいんちょの億劫^^;,0,,-,1279,KAGUYA,フィリピン,2519,*#06#,フィリピン,3835,TJMZK,フィリピン,0,,-
HEROIC VERSE,シャムシールの舞,0,,-,0,,-,1374,MISSAV,フィリピン,2465,CRASS.,フィリピン,0,,-
HEROIC VERSE,セピアの軌跡 ft. 天宮みや(少女フラクタル),144,COLE,フィリピン,196,ABBC,フィリピン,1118,NRG000,フィリピン,2353,KUKO,フィリピン,0,,-
HEROIC VERSE,バッドエンド・シンドローム,0,,-,677,N-A,フィリピン,1242,YUU-!?,フィリピン,2916,MYU2,フィリピン,0,,-
HEROIC VERSE,ピアノ協奏曲第1番”蠍火” (BlackY Remix),0,,-,655,N-A,フィリピン,2058,KUKO,フィリピン,3560,MYU2,フィリピン,0,,-
HEROIC VERSE,ラブキラ☆スプラッシュ,0,,-,0,,-,1389,JIMMY,フィリピン,2361,BURI3.,フィリピン,0,,-
HEROIC VERSE,ランカーキラーガール,0,,-,836,CLEVER,フィリピン,1509,SINKER,フィリピン,2780,TAKO,フィリピン,0,,-
HEROIC VERSE,曼荼羅恋々,0,,-,783,HGNAIL,フィリピン,1391,DKX,フィリピン,2496,KORIL,フィリピン,0,,-
HEROIC VERSE,深淵に捧ぐレクイエム,0,,-,633,CLEVER,フィリピン,1518,MISSAV,フィリピン,2916,MYU2,フィリピン,0,,-
HEROIC VERSE,灼熱Beach Side Bunny (Masayoshi Iimori Remix),0,,-,358,HGNAIL,フィリピン,941,FUKA,フィリピン,1705,KUKO,フィリピン,0,,-
HEROIC VERSE,狂水一華,0,,-,777,E,フィリピン,1590,MISSAV,フィリピン,2589,KUKO,フィリピン,0,,-
HEROIC VERSE,眠りの国のステラ,0,,-,0,,-,1664,MISSAV,フィリピン,2679,KUKO,フィリピン,0,,-
HEROIC VERSE,華麗なる大犬円舞曲,0,,-,1044,IIDX33,フィリピン,2065,KUKO,フィリピン,3045,M-ORY!,フィリピン,0,,-
HEROIC VERSE,錬成人間トリコロイダー,0,,-,550,HGNAIL,フィリピン,1645,JIMMY,フィリピン,3169,MYU2,フィリピン,0,,-
HEROIC VERSE,開きたまえ！Next stAge！,0,,-,0,,-,1590,MISSAV,フィリピン,2661,INDIA,フィリピン,0,,-
HEROIC VERSE,魅惑のYUMMYスイーツ,0,,-,653,HGNAIL,フィリピン,1572,RANDOM,フィリピン,2721,TAKO,フィリピン,0,,-
BISTROVER,-65℃,0,,-,1310,MISSAV,フィリピン,2039,MISSAV,フィリピン,3602,MYU2,フィリピン,0,,-
BISTROVER,ABSOLUTE (kors k Remix),0,,-,686,HKRSNT,フィリピン,1432,MISSAV,フィリピン,2445,KUKO,フィリピン,0,,-
BISTROVER,Ah Hah Yeah,0,,-,431,HGNAIL,フィリピン,1260,KORIL,フィリピン,2035,KUKO,フィリピン,0,,-
BISTROVER,AMRITA -不滅ノ花-,0,,-,789,SINKER,フィリピン,1574,KORIL,フィリピン,2682,KUKO,フィリピン,0,,-
BISTROVER,apo:llioth,0,,-,915,MURI,フィリピン,1932,MISSAV,フィリピン,2900,CRASS.,フィリピン,0,,-
BISTROVER,As You Want,0,,-,440,MILLNS,フィリピン,1364,J.D,フィリピン,2225,INDIA,フィリピン,0,,-
BISTROVER,ASIAN VIRTUAL REALITIES (MELTING TOGETHER IN DAZZLING DARKNESS),0,,-,0,,-,1675,RDYVJ1,フィリピン,3099,GATON5,フィリピン,0,,-
BISTROVER,BEMANI PRO LEAGUE Theme,0,,-,475,-JUTE-,フィリピン,1292,MISSAV,フィリピン,1901,KUKO,フィリピン,0,,-
BISTROVER,BIGソムタム,0,,-,1072,AAAAAA,フィリピン,1777,MISSAV,フィリピン,3203,CRASS.,フィリピン,0,,-
BISTROVER,BLACK or WHITE?,599,KORIL,フィリピン,1085,LUCKY$,フィリピン,2350,HIMIKO,フィリピン,3804,MYU2,フィリピン,0,,-
BISTROVER,Burning Flame,0,,-,771,GOOSE,フィリピン,1648,MISSAV,フィリピン,2766,CRASS.,フィリピン,3554,MYU2,フィリピン
BISTROVER,Chewingood!!!,188,TANN?!,フィリピン,767,GAMA,フィリピン,1370,KAIWEN,フィリピン,2513,HAPPY,フィリピン,0,,-
BISTROVER,COSMIC RAY,0,,-,0,,-,2026,HIMIKO,フィリピン,2682,MYU2,フィリピン,0,,-
BISTROVER,Crazy Jackpot,0,,-,596,IFAS..,フィリピン,1408,DJZEON,フィリピン,2787,KUKO,フィリピン,0,,-
BISTROVER,Danza Aestas,0,,-,0,,-,1561,MISSAV,フィリピン,2890,MYU2,フィリピン,0,,-
BISTROVER,Dawn Saga,0,,-,0,,-,1581,KORIL,フィリピン,2532,KUKO,フィリピン,0,,-
BISTROVER,DENIM,0,,-,0,,-,873,RYUNGA,フィリピン,1596,GATON5,フィリピン,0,,-
BISTROVER,Don't Stop The Music feat. Kanae Asaba,0,,-,0,,-,1007,JOGO,フィリピン,1752,JAMON5,フィリピン,0,,-
BISTROVER,DUAL STRIKER,0,,-,930,HGNAIL,フィリピン,2368,BURI3.,フィリピン,3683,MYU2,フィリピン,0,,-
BISTROVER,Empire of Fury,0,,-,0,,-,2004,HIMIKO,フィリピン,3049,MYU2,フィリピン,0,,-
BISTROVER,Euphoric Lagoon,0,,-,0,,-,1351,JIMMY,フィリピン,2461,KUKO,フィリピン,0,,-
BISTROVER,Explorer feat. ぷにぷに電機,0,,-,0,,-,1018,J,フィリピン,2062,BURI3.,フィリピン,2800,KUKO,フィリピン
BISTROVER,Farewell to Marrakech,0,,-,564,GAMER,フィリピン,1112,HS2565,フィリピン,2131,KUKO,フィリピン,0,,-
BISTROVER,Fire Beat,0,,-,0,,-,1698,HIMIKO,フィリピン,2577,KUKO,フィリピン,0,,-
BISTROVER,Frisk And Squeak,0,,-,0,,-,895,KAGUYA,フィリピン,2128,MISSAV,フィリピン,0,,-
BISTROVER,GIGA RAID,0,,-,0,,-,1568,YABAI*,フィリピン,2209,RDYVJ1,フィリピン,0,,-
BISTROVER,Globe Glitter,0,,-,671,EDDY,フィリピン,1204,OOKA,フィリピン,2578,KUKO,フィリピン,0,,-
BISTROVER,Here We Are,0,,-,0,,-,1387,RYUNGA,フィリピン,2380,KUKO,フィリピン,0,,-
BISTROVER,HIGH VOLTAGE,0,,-,362,AAAAAA,フィリピン,1104,HGNAIL,フィリピン,2202,MYU2,フィリピン,0,,-
BISTROVER,Ignis†Irae,0,,-,681,TAKA,フィリピン,2147,HIMIKO,フィリピン,3370,MYU2,フィリピン,0,,-
BISTROVER,IIDX RED Ending (Ryu☆Remix),0,,-,419,MURI,フィリピン,912,9NINE,フィリピン,1829,KUKO,フィリピン,0,,-
BISTROVER,innocent revolver,0,,-,0,,-,1972,MISSAV,フィリピン,3671,MYU2,フィリピン,0,,-
BISTROVER,Jungle Eater,0,,-,669,AKIRA,フィリピン,1474,JIMMY,フィリピン,2854,CRASS.,フィリピン,0,,-
BISTROVER,LAST DAY,0,,-,727,SHU,フィリピン,1185,HGNAIL,フィリピン,2771,M-ORY!,フィリピン,0,,-
BISTROVER,Level 3,0,,-,885,HGNAIL,フィリピン,2189,KUKO,フィリピン,3249,MYU2,フィリピン,0,,-
BISTROVER,LOCUS OF THE TRAVEL,0,,-,1020,KORIL,フィリピン,2219,HIMIKO,フィリピン,3139,TJMZK,フィリピン,0,,-
BISTROVER,Lovely Howdy Cowboy!!,0,,-,0,,-,0,,-,2632,KUKO,フィリピン,0,,-
BISTROVER,MA・TSU・RI,0,,-,704,GAMA,フィリピン,1499,DKX,フィリピン,2487,CRASS.,フィリピン,0,,-
BISTROVER,MEGAERA,0,,-,1266,RANDOM,フィリピン,2068,KUKO,フィリピン,3287,MYU2,フィリピン,0,,-
BISTROVER,Midnight Drive,0,,-,309,MILLNS,フィリピン,904,CLEVER,フィリピン,1884,GATON5,フィリピン,0,,-
BISTROVER,MOVE! (We Keep It Movin'),0,,-,0,,-,0,,-,2132,KUKO,フィリピン,0,,-
BISTROVER,Neo Heritage,0,,-,0,,-,0,,-,2539,HIMIKO,フィリピン,0,,-
BISTROVER,Ocean Blue feat. Luschel,0,,-,0,,-,0,,-,2377,MYU2,フィリピン,0,,-
BISTROVER,of the first magnitude,0,,-,0,,-,1556,RANDOM,フィリピン,2854,MYU2,フィリピン,0,,-
BISTROVER,OTOKOZAKA,0,,-,382,WOLFEN,フィリピン,1205,N-A,フィリピン,2803,KUKO,フィリピン,0,,-
BISTROVER,Overslept,0,,-,0,,-,1539,MISSAV,フィリピン,2357,INDIA,フィリピン,0,,-
BISTROVER,Para siempre,0,,-,591,HGNAIL,フィリピン,1016,HGNAIL,フィリピン,2773,KUKO,フィリピン,0,,-
BISTROVER,Parvati,0,,-,508,IFAS..,フィリピン,1645,MISSAV,フィリピン,2661,CRASS.,フィリピン,0,,-
BISTROVER,POLKAMANIA,0,,-,768,BOO,フィリピン,1427,POIROT,フィリピン,2756,KUKO,フィリピン,3495,MYU2,フィリピン
BISTROVER,Rejection Girl,0,,-,635,TAKA,フィリピン,1446,NJ.SS*,フィリピン,2529,KUKO,フィリピン,0,,-
BISTROVER,Ritual of Anubis,0,,-,598,KMH,フィリピン,1673,MISSAV,フィリピン,2463,RDYVJ1,フィリピン,0,,-
BISTROVER,Romanticが止まらない,147,COLE,フィリピン,560,HGNAIL,フィリピン,1565,MISSAV,フィリピン,2684,GATON5,フィリピン,0,,-
BISTROVER,rommmo,0,,-,0,,-,0,,-,3153,TAKO,フィリピン,0,,-
BISTROVER,Rosa azuL,0,,-,0,,-,1610,MISSAV,フィリピン,2633,MYU2,フィリピン,0,,-
BISTROVER,Rowdy,0,,-,0,,-,1466,MISSAV,フィリピン,2386,INDIA,フィリピン,0,,-
BISTROVER,Rubrum Piano,0,,-,0,,-,1573,MISSAV,フィリピン,2378,KUKO,フィリピン,0,,-
BISTROVER,S-Bahn,0,,-,0,,-,1444,MISSAV,フィリピン,2104,INDIA,フィリピン,0,,-
BISTROVER,Sinus Iridum,0,,-,860,KAGUYA,フィリピン,1961,KUKO,フィリピン,2772,TAKO,フィリピン,0,,-
BISTROVER,smooooch・∀・ (Snail's House Remix),0,,-,724,BOO,フィリピン,1201,N-A,フィリピン,2210,RDYVJ1,フィリピン,0,,-
BISTROVER,SOLID STATE SQUAD -RISEN RELIC REMIX-,0,,-,0,,-,2120,CPU69,フィリピン,2912,M-ORY!,フィリピン,0,,-
BISTROVER,Sugarplum,0,,-,594,HGNAIL,フィリピン,1680,JIMMY,フィリピン,2468,INDIA,フィリピン,0,,-
BISTROVER,Swarm Of Scarabs,0,,-,985,KORIL,フィリピン,1300,JIMMY,フィリピン,2304,KUKO,フィリピン,0,,-
BISTROVER,Tell me what you wish feat.らっぷびと,0,,-,574,HGNAIL,フィリピン,1422,HGNAIL,フィリピン,2707,KORIL,フィリピン,0,,-
BISTROVER,That Feeling,0,,-,229,AAAAAA,フィリピン,1147,MISSAV,フィリピン,1830,HAPPY,フィリピン,0,,-
BISTROVER,THE PEERLESS UNDER HEAVEN,0,,-,516,WWWWWW,フィリピン,1940,HAPPY,フィリピン,3039,MYU2,フィリピン,0,,-
BISTROVER,The Wind of China Express(The 4th Mashup),0,,-,896,SINKER,フィリピン,1429,RYUNGA,フィリピン,2485,KUKO,フィリピン,0,,-
BISTROVER,Tiempo Loco,0,,-,0,,-,1916,RDYVJ1,フィリピン,3525,MYU2,フィリピン,0,,-
BISTROVER,Viridian,0,,-,0,,-,1844,HIMIKO,フィリピン,3251,MYU2,フィリピン,0,,-
BISTROVER,Vitrum,0,,-,0,,-,1327,HGNAIL,フィリピン,3272,MYU2,フィリピン,0,,-
BISTROVER,WAKE UP NOW,0,,-,494,HGNAIL,フィリピン,862,DXP,フィリピン,1953,MYU2,フィリピン,2405,MYU2,フィリピン
BISTROVER,When I Met U,0,,-,0,,-,840,HGNAIL,フィリピン,2020,BURI3.,フィリピン,0,,-
BISTROVER,Winner's Proof ft. KANASA from bless4,0,,-,502,HGNAIL,フィリピン,1309,MISSAV,フィリピン,2170,CRASS.,フィリピン,0,,-
BISTROVER,X-ray binary,0,,-,773,EDDY,フィリピン,1572,HGNAIL,フィリピン,2718,MYU2,フィリピン,0,,-
BISTROVER,Zenith,0,,-,475,BURUMI,フィリピン,1279,MISSAV,フィリピン,2019,KUKO,フィリピン,0,,-
BISTROVER,∀,377,MILLNS,フィリピン,1106,AAAAAA,フィリピン,2128,KORIL,フィリピン,3390,MYU2,フィリピン,0,,-
BISTROVER,ここからよろしく大作戦143,0,,-,0,,-,1384,NY0ING,フィリピン,2475,KUKO,フィリピン,3101,KUKO,フィリピン
BISTROVER,スーパー戦湯ババンバーン,0,,-,920,HGNAIL,フィリピン,1710,HGNAIL,フィリピン,3166,KUKO,フィリピン,0,,-
BISTROVER,ディスコルディア,0,,-,1054,AAAAAA,フィリピン,2189,HIMIKO,フィリピン,3455,TAKO,フィリピン,0,,-
BISTROVER,バッド・スイーツ、バッド・ドリーム,0,,-,761,J,フィリピン,1784,KORIL,フィリピン,3347,GATON5,フィリピン,0,,-
BISTROVER,世界の果てに約束の凱歌を -ReUnion-,0,,-,823,CLEVER,フィリピン,1744,MISSAV,フィリピン,3757,MYU2,フィリピン,0,,-
BISTROVER,乱膳の舞姫,0,,-,814,HGNAIL,フィリピン,1415,RYUNGA,フィリピン,2599,KUKO,フィリピン,0,,-
BISTROVER,二人ノ廃城幽踊宴,0,,-,1112,RANDOM,フィリピン,2117,HIMIKO,フィリピン,3159,MYU2,フィリピン,0,,-
BISTROVER,伐折羅-vajra-,0,,-,856,HS2565,フィリピン,1694,N-A,フィリピン,3397,MYU2,フィリピン,0,,-
BISTROVER,儚き恋の華,0,,-,1040,KORIL,フィリピン,1724,MISSAV,フィリピン,2873,KUKO,フィリピン,0,,-
BISTROVER,新宝島,331,SAINTS,フィリピン,590,TNTN,フィリピン,1288,KIM,フィリピン,2246,RDYVJ1,フィリピン,3389,MYU2,フィリピン
BISTROVER,水無月の雫 ft. 小林まな,0,,-,1072,SINKER,フィリピン,1514,SINKER,フィリピン,2558,BURI3.,フィリピン,0,,-
BISTROVER,水鏡の異界,0,,-,716,HGNAIL,フィリピン,1575,MISSAV,フィリピン,2941,MYU2,フィリピン,0,,-
BISTROVER,涙のテ・エストラーニョ・ムーチョ,0,,-,194,LAPPLY,フィリピン,1715,MISSAV,フィリピン,2718,KUKO,フィリピン,0,,-
BISTROVER,無意識のフィロソフィア,0,,-,621,HGNAIL,フィリピン,2043,MISSAV,フィリピン,3199,KUKO,フィリピン,0,,-
BISTROVER,犬に雨傘,0,,-,0,,-,1194,CLEVER,フィリピン,1842,TEKKU*,フィリピン,0,,-
BISTROVER,閠槞彁の願い,0,,-,811,HS2565,フィリピン,1734,DKX,フィリピン,2955,MYU2,フィリピン,0,,-
BISTROVER,霧幻メモリア,0,,-,0,,-,1325,MISSAV,フィリピン,1946,BURI3.,フィリピン,0,,-
BISTROVER,魔法のかくれんぼ,0,,-,479,AAAAAA,フィリピン,1397,TEKKU*,フィリピン,2512,TAKO,フィリピン,0,,-
CastHour,10000 MILES AWAY,0,,-,0,,-,1450,JIMMY,フィリピン,2771,KUKO,フィリピン,0,,-
CastHour,2 Beasts Unchained,0,,-,1056,HS2565,フィリピン,2041,NASHIO,フィリピン,3005,TAKO,フィリピン,0,,-
CastHour,808monkey,0,,-,596,RYUNGA,フィリピン,0,,-,1613,AHO...,フィリピン,0,,-
CastHour,ABSOLUTE EVIL,151,GIN,フィリピン,919,HGNAIL,フィリピン,2186,KUKO,フィリピン,3326,MYU2,フィリピン,0,,-
CastHour,Aftermath,0,,-,933,HGNAIL,フィリピン,2288,HIMIKO,フィリピン,3480,MYU2,フィリピン,0,,-
CastHour,ALTERNATOR,0,,-,1229,JIMMY,フィリピン,2361,NASHIO,フィリピン,3602,MYU2,フィリピン,0,,-
CastHour,AMICABLE,0,,-,0,,-,1328,JIMMY,フィリピン,2358,BURI3.,フィリピン,0,,-
CastHour,ANEMONE,166,******,フィリピン,746,RDYVJ1,フィリピン,1551,KORIL,フィリピン,2109,MYU2,フィリピン,0,,-
CastHour,Angel's Ladder,0,,-,583,JIM,フィリピン,2081,BURI3.,フィリピン,3132,HAPPY,フィリピン,0,,-
CastHour,Ariah,0,,-,323,HGNAIL,フィリピン,0,,-,2106,BURI3.,フィリピン,0,,-
CastHour,Arkadia,0,,-,638,HGNAIL,フィリピン,1897,KORIL,フィリピン,3409,MYU2,フィリピン,0,,-
CastHour,Banger Banger Banger Banger,0,,-,639,J,フィリピン,1654,MISSAV,フィリピン,2794,KUKO,フィリピン,0,,-
CastHour,Binary Black Hole,0,,-,933,HGNAIL,フィリピン,2167,HIMIKO,フィリピン,3615,MYU2,フィリピン,0,,-
CastHour,Blue Bird feat. Kanae Asaba,0,,-,0,,-,907,JOGO,フィリピン,1720,RDYVJ1,フィリピン,0,,-
CastHour,Brave Spirits,0,,-,264,WOLFIE,フィリピン,1274,MISSAV,フィリピン,2271,INDIA,フィリピン,0,,-
CastHour,DISPARATE,0,,-,607,HGNAIL,フィリピン,1517,JIMMY,フィリピン,2109,STELLA,フィリピン,0,,-
CastHour,Divine Heaven,0,,-,643,MURI,フィリピン,1862,MISSAV,フィリピン,2888,KUKO,フィリピン,0,,-
CastHour,Don't believe the hype,0,,-,792,HGNAIL,フィリピン,2156,KUKO,フィリピン,2961,KUKO,フィリピン,0,,-
CastHour,DREAM OF SPACE UFO ABDUCTION,0,,-,0,,-,1647,MISSAV,フィリピン,2604,KUKO,フィリピン,0,,-
CastHour,Emera,0,,-,751,EDDY,フィリピン,1448,MISSAV,フィリピン,2249,KUKO,フィリピン,0,,-
CastHour,EMOTiON TRiPPER,0,,-,728,EDDY,フィリピン,1293,SINKER,フィリピン,2116,BURI3.,フィリピン,0,,-
CastHour,Ergosphere,0,,-,0,,-,1707,MISSAV,フィリピン,2532,KUKO,フィリピン,0,,-
CastHour,Fantastic Merry-Go-Round,0,,-,665,IFAS..,フィリピン,1076,HGNAIL,フィリピン,2002,RDYVJ1,フィリピン,0,,-
CastHour,Fegrix,0,,-,839,HGNAIL,フィリピン,2135,BURI3.,フィリピン,3046,KUKO,フィリピン,0,,-
CastHour,FINALLY BLAZE,0,,-,0,,-,1390,SINKER,フィリピン,2532,TAKO,フィリピン,0,,-
CastHour,Flying Castle,0,,-,715,GOOSE,フィリピン,2071,RDYVJ1,フィリピン,3397,CRASS.,フィリピン,0,,-
CastHour,Game Changers,0,,-,451,HGNAIL,フィリピン,988,RANDOM,フィリピン,2639,KUKO,フィリピン,0,,-
CastHour,"Get set, Go! feat.Kanae Asaba",0,,-,447,-JUTE-,フィリピン,1027,JOGO,フィリピン,2039,BURI3.,フィリピン,0,,-
CastHour,GiGaGaHell,0,,-,909,FISCH,フィリピン,1862,HIMIKO,フィリピン,2969,GATON5,フィリピン,0,,-
CastHour,GRAVITON,0,,-,459,EIMGEE,フィリピン,1757,N-A,フィリピン,3339,MYU2,フィリピン,0,,-
CastHour,hard-wired,0,,-,885,FISCH,フィリピン,2131,HIMIKO,フィリピン,3213,MYU2,フィリピン,0,,-
CastHour,Harmonia,0,,-,302,HGNAIL,フィリピン,1150,MISSAV,フィリピン,1978,MYU2,フィリピン,0,,-
CastHour,Hat Surprise,0,,-,397,SETQ,フィリピン,1398,JIMMY,フィリピン,2361,MYU2,フィリピン,0,,-
CastHour,HEARTACHE,0,,-,286,MILLNS,フィリピン,798,KAGUYA,フィリピン,1795,KORIL,フィリピン,0,,-
CastHour,kors k's How to make OTOGE CORE,0,,-,224,TANN?!,フィリピン,1415,MAYAMA,フィリピン,2168,KUKO,フィリピン,0,,-
CastHour,Lawes's Parotia,0,,-,0,,-,1406,JIMMY,フィリピン,2469,KUKO,フィリピン,0,,-
CastHour,LIVE DRIVING!! feat. 花たん,0,,-,1050,HGNAIL,フィリピン,2488,BURI3.,フィリピン,3696,GATON5,フィリピン,0,,-
CastHour,N.O.,0,,-,607,BOO,フィリピン,0,,-,2312,RDYVJ1,フィリピン,0,,-
CastHour,n/a,0,,-,852,FISCH,フィリピン,1531,MISSAV,フィリピン,3038,GATON5,フィリピン,0,,-
CastHour,No Day But Today!,0,,-,0,,-,1027,YUU-!?,フィリピン,1934,KUKO,フィリピン,0,,-
CastHour,Nocturnal 2097,0,,-,695,TAKA,フィリピン,1599,JIMMY,フィリピン,2845,MYU2,フィリピン,0,,-
CastHour,Non Stop Rock,0,,-,0,,-,935,DKX,フィリピン,1249,DKX,フィリピン,0,,-
CastHour,One for All,0,,-,0,,-,1481,JIMMY,フィリピン,3025,MYU2,フィリピン,0,,-
CastHour,Onyx,0,,-,565,TAKA,フィリピン,1364,JIMMY,フィリピン,2345,GATON5,フィリピン,0,,-
CastHour,P.O.W.E.R.,0,,-,366,HGNAIL,フィリピン,1242,HS2565,フィリピン,2214,HAPPY,フィリピン,0,,-
CastHour,PIRATES BLADE,0,,-,0,,-,1087,NASHIO,フィリピン,2091,BURI3.,フィリピン,0,,-
CastHour,PLASMA SOUL NIGHT feat. Nana Takahashi / 709sec.,0,,-,1300,MARKUN,フィリピン,2526,BURI3.,フィリピン,4104,MYU2,フィリピン,0,,-
CastHour,Pout,0,,-,0,,-,1558,MISSAV,フィリピン,2542,MYU2,フィリピン,0,,-
CastHour,Prohibited Props,0,,-,701,TAKA,フィリピン,1112,AFROMX,フィリピン,2187,HAPPY,フィリピン,2701,KORIL,フィリピン
CastHour,Purple Perplex,0,,-,763,TMO*,フィリピン,1712,HIMIKO,フィリピン,2748,MYU2,フィリピン,0,,-
CastHour,Push on Beats!～音ゲの国のeX-ストリーマー～,0,,-,471,PEDRO,フィリピン,1382,DJZEON,フィリピン,2953,TAKO,フィリピン,0,,-
CastHour,RAGE feat.H14 of LEONAIR,317,WOLFEN,フィリピン,862,ANTT,フィリピン,2094,KORIL,フィリピン,3197,MYU2,フィリピン,0,,-
CastHour,Silver Bullet,0,,-,0,,-,1842,CPU69,フィリピン,2931,KUKO,フィリピン,0,,-
CastHour,Smalt #28598F,0,,-,791,HGNAIL,フィリピン,1820,DKX,フィリピン,3085,GATON5,フィリピン,0,,-
CastHour,SOLID WYVERN,0,,-,606,KMH,フィリピン,1776,MISSAV,フィリピン,2477,KUKO,フィリピン,3581,GATON5,フィリピン
CastHour,Souhait bleu,0,,-,0,,-,1699,MISSAV,フィリピン,2573,KUKO,フィリピン,0,,-
CastHour,SPARK IN THE NIGHT,0,,-,0,,-,0,,-,1639,DKX,フィリピン,0,,-
CastHour,Stepper,0,,-,0,,-,1338,TEKKU*,フィリピン,1968,RDYVJ1,フィリピン,0,,-
CastHour,Tail Lights,0,,-,0,,-,1558,JIMMY,フィリピン,2954,KUKO,フィリピン,0,,-
CastHour,TOMAHAWK,0,,-,370,SHIRO,フィリピン,2190,HIMIKO,フィリピン,3326,MYU2,フィリピン,0,,-
CastHour,Triple Cross,409,MILLNS,フィリピン,909,CLEVER,フィリピン,2119,KORIL,フィリピン,3185,MYU2,フィリピン,0,,-
CastHour,Ventriloquist,0,,-,409,HGNAIL,フィリピン,1399,MISSAV,フィリピン,2266,KORIL,フィリピン,0,,-
CastHour,Victory Of Ravers,0,,-,757,HGNAIL,フィリピン,1644,MISSAV,フィリピン,2496,KUKO,フィリピン,0,,-
CastHour,WHA,0,,-,857,JIN,フィリピン,2019,CPU69,フィリピン,3378,MYU2,フィリピン,0,,-
CastHour,Wonderful Escape,0,,-,690,TAKA,フィリピン,0,,-,2018,BURI3.,フィリピン,0,,-
CastHour,Xyndrome,0,,-,742,HGNAIL,フィリピン,1444,POIROT,フィリピン,2813,GATON5,フィリピン,0,,-
CastHour,《GRANDMASTER》,0,,-,0,,-,1478,DKX,フィリピン,2678,KUKO,フィリピン,0,,-
CastHour,めでてえ,0,,-,786,N-A,フィリピン,1557,RANDOM,フィリピン,2454,KORIL,フィリピン,0,,-
CastHour,アクマフカ,0,,-,0,,-,1359,MISSAV,フィリピン,2206,CRASS.,フィリピン,0,,-
CastHour,ウツシミウツシ,0,,-,71,NNNNNN,フィリピン,1518,N-A,フィリピン,3070,KUKO,フィリピン,0,,-
CastHour,オドループ,414,HS2565,フィリピン,741,RM3###,フィリピン,1500,KORIL,フィリピン,2308,BURI3.,フィリピン,2951,KUKO,フィリピン
CastHour,オールトの雲,0,,-,0,,-,1880,MISSAV,フィリピン,2563,MYU2,フィリピン,0,,-
CastHour,グッバイ宣言,404,HS2565,フィリピン,940,GAMA,フィリピン,1701,KORIL,フィリピン,3062,MYU2,フィリピン,3587,MYU2,フィリピン
CastHour,シル・ヴ・プレジデント,243,0841*,フィリピン,475,777,フィリピン,1087,YUU-!?,フィリピン,1770,MYU2,フィリピン,2512,MYU2,フィリピン
CastHour,ナイトフィクション,0,,-,0,,-,800,J,フィリピン,2078,MYU2,フィリピン,0,,-
CastHour,ハイテックトキオ,0,,-,806,LUCKY$,フィリピン,1553,POIROT,フィリピン,2641,MYU2,フィリピン,3125,MYU2,フィリピン
CastHour,"ピアノ独奏無言歌 ""灰燼""",0,,-,926,J,フィリピン,2313,KUKO,フィリピン,3214,KUKO,フィリピン,0,,-
CastHour,ミュージック・アワー,465,HS2565,フィリピン,887,DUCK!!,フィリピン,1970,MISSAV,フィリピン,2806,TAKO,フィリピン,3907,MYU2,フィリピン
CastHour,口カラ凸ゲキ,0,,-,0,,-,1461,KORIL,フィリピン,2210,HAPPY,フィリピン,0,,-
CastHour,天邪鬼,0,,-,642,DUCK!!,フィリピン,1661,HAPPY,フィリピン,3132,KUKO,フィリピン,0,,-
CastHour,怪物,223,OREO,フィリピン,597,EDDY,フィリピン,1050,ANTT,フィリピン,2382,CRASS.,フィリピン,3199,MYU2,フィリピン
CastHour,愛しくてラヴィンユー ft. マナ,0,,-,0,,-,1171,YUU-!?,フィリピン,2223,RDYVJ1,フィリピン,0,,-
CastHour,月とミルク,0,,-,0,,-,1302,HGNAIL,フィリピン,2722,CRASS.,フィリピン,0,,-
CastHour,烽火連天の刃,0,,-,921,KAGUYA,フィリピン,2117,HIMIKO,フィリピン,3246,MYU2,フィリピン,4047,GATON5,フィリピン
CastHour,禊,0,,-,959,C*REMI,フィリピン,1927,SN,フィリピン,2911,KUKO,フィリピン,0,,-
CastHour,逆月,0,,-,1465,KORIL,フィリピン,2233,GATON5,フィリピン,3415,CRASS.,フィリピン,0,,-
CastHour,雪上断火,0,,-,632,KMH,フィリピン,1740,HIMIKO,フィリピン,2804,CRASS.,フィリピン,0,,-
CastHour,青の洞窟,0,,-,406,SHIRO,フィリピン,1439,DJZEON,フィリピン,3036,CRASS.,フィリピン,0,,-
CastHour,黒紅掬い,0,,-,474,EDDY,フィリピン,1084,SINKER,フィリピン,1764,KUKO,フィリピン,0,,-
RESIDENT,#CMFLG,0,,-,785,SHU,フィリピン,2021,MISSAV,フィリピン,3272,MYU2,フィリピン,0,,-
RESIDENT,24h Endurance Race,0,,-,726,TAKA,フィリピン,1938,HIMIKO,フィリピン,3049,MYU2,フィリピン,0,,-
RESIDENT,3V0,0,,-,697,YELYAH,フィリピン,1707,MAYAMA,フィリピン,2893,MYU2,フィリピン,0,,-
RESIDENT,7 Colors,0,,-,418,IFAS..,フィリピン,1127,J.D,フィリピン,1913,KUKO,フィリピン,0,,-
RESIDENT,Always We Trust In You,0,,-,0,,-,1794,KORIL,フィリピン,2874,KUKO,フィリピン,0,,-
RESIDENT,Ambush Ace,0,,-,574,IFAS..,フィリピン,1935,MISSAV,フィリピン,2856,KUKO,フィリピン,0,,-
RESIDENT,AWA AWA,0,,-,587,MANGO,フィリピン,1070,ANTT,フィリピン,2291,MYU2,フィリピン,0,,-
RESIDENT,B.O.D.Y.,0,,-,732,SHU,フィリピン,1726,DKX,フィリピン,3248,MYU2,フィリピン,0,,-
RESIDENT,Bad Encryption,0,,-,862,FISCH,フィリピン,1906,KUKO,フィリピン,2756,MYU2,フィリピン,0,,-
RESIDENT,Beyond Evolution,0,,-,1341,MISSAV,フィリピン,2447,KUKO,フィリピン,3476,TAKO,フィリピン,0,,-
RESIDENT,BIGWAVERS,0,,-,96,M1,フィリピン,1586,DKX,フィリピン,3396,MYU2,フィリピン,0,,-
RESIDENT,C-C-C-N-N-N,0,,-,726,SHU,フィリピン,1364,DJZEON,フィリピン,2631,KUKO,フィリピン,0,,-
RESIDENT,Caldwell 99,0,,-,0,,-,1754,MISSAV,フィリピン,2387,MYU2,フィリピン,3052,KUKO,フィリピン
RESIDENT,Chaotoxin,0,,-,790,EMI*,フィリピン,1549,MISSAV,フィリピン,3059,RDYVJ1,フィリピン,0,,-
RESIDENT,CODE -CRiMSON-,0,,-,0,,-,1631,MISSAV,フィリピン,2854,MYU2,フィリピン,0,,-
RESIDENT,CUE CUE RESCUE,297,SAINTS,フィリピン,854,BOO,フィリピン,1485,JIMMY,フィリピン,2417,HAPPY,フィリピン,3051,MYU2,フィリピン
RESIDENT,dica dica,0,,-,951,KAGUYA,フィリピン,2129,QWERTY,フィリピン,2978,MYU2,フィリピン,0,,-
RESIDENT,Dreaming Dream,0,,-,170,ABBC,フィリピン,1100,YUU-!?,フィリピン,2186,BURI3.,フィリピン,0,,-
RESIDENT,Driver,0,,-,692,MURI,フィリピン,883,J,フィリピン,1703,MYU2,フィリピン,0,,-
RESIDENT,EXODUS SIGN,0,,-,788,HGNAIL,フィリピン,1197,HGNAIL,フィリピン,2475,CRASS.,フィリピン,0,,-
RESIDENT,Fading Stars,0,,-,688,TAKA,フィリピン,1527,MISSAV,フィリピン,2599,BURI3.,フィリピン,0,,-
RESIDENT,FLARE -炎舞- ft.Nana Takahashi,0,,-,931,SINKER,フィリピン,1590,JIMMY,フィリピン,2793,KUKO,フィリピン,0,,-
RESIDENT,Get On Your Feet,0,,-,697,EDDY,フィリピン,1678,MISSAV,フィリピン,2588,KUKO,フィリピン,0,,-
RESIDENT,GET UP AGAIN,0,,-,0,,-,1593,MISSAV,フィリピン,2270,CPU69,フィリピン,0,,-
RESIDENT,glacia,0,,-,1028,KAGUYA,フィリピン,1991,CPU69,フィリピン,2897,MYU2,フィリピン,0,,-
RESIDENT,Hat Surprise (Season 2),0,,-,588,AURBYS,フィリピン,1321,ANTT,フィリピン,3088,TAKO,フィリピン,0,,-
RESIDENT,I,0,,-,932,KAGUYA,フィリピン,2134,HIMIKO,フィリピン,3307,KUKO,フィリピン,0,,-
RESIDENT,KING,339,ELLE,フィリピン,762,GELI,フィリピン,1907,*#06#,フィリピン,3001,KUKO,フィリピン,3772,GATON5,フィリピン
RESIDENT,kors k's How to make OTOGE CORE 「LONG」,0,,-,826,YELYAH,フィリピン,2035,TEKKU*,フィリピン,3403,MYU2,フィリピン,0,,-
RESIDENT,LADS,0,,-,0,,-,0,,-,2116,GATON5,フィリピン,0,,-
RESIDENT,Level 4,0,,-,908,YELYAH,フィリピン,1973,KUKO,フィリピン,3147,KUKO,フィリピン,0,,-
RESIDENT,LOUDER ROLLING THUNDER,0,,-,735,HGNAIL,フィリピン,1486,RYUNGA,フィリピン,2857,TAKO,フィリピン,0,,-
RESIDENT,MAX 360,0,,-,809,BAC0N,フィリピン,2000,HIMIKO,フィリピン,2970,KUKO,フィリピン,0,,-
RESIDENT,Meissa,0,,-,515,WOLFEN,フィリピン,1164,N-A,フィリピン,2670,KUKO,フィリピン,0,,-
RESIDENT,Next Level,0,,-,0,,-,1495,MISSAV,フィリピン,2105,KUKO,フィリピン,0,,-
RESIDENT,No Border,0,,-,855,HGNAIL,フィリピン,1971,BURI3.,フィリピン,3491,GATON5,フィリピン,0,,-
RESIDENT,ONE AND ONLY,0,,-,917,SHU,フィリピン,1522,DKX,フィリピン,3020,MYU2,フィリピン,0,,-
RESIDENT,Ou Legends,0,,-,614,N-A,フィリピン,1849,JHP,フィリピン,2832,RDYVJ1,フィリピン,0,,-
RESIDENT,OVER VOLTAGE,0,,-,855,SHU,フィリピン,1594,RANDOM,フィリピン,2474,MYU2,フィリピン,0,,-
RESIDENT,Peaktime Booster,0,,-,0,,-,1525,TEKKU*,フィリピン,2957,CRASS.,フィリピン,0,,-
RESIDENT,Perfect Plan,0,,-,0,,-,1555,MISSAV,フィリピン,2332,JAMON5,フィリピン,0,,-
RESIDENT,Programmed Genom,0,,-,0,,-,1036,CLEVER,フィリピン,2270,HAPPY,フィリピン,0,,-
RESIDENT,Red Soul,0,,-,805,SHU,フィリピン,1490,RANDOM,フィリピン,2784,KUKO,フィリピン,0,,-
RESIDENT,Rewind Time,0,,-,307,HGNAIL,フィリピン,903,OOKA,フィリピン,2078,INDIA,フィリピン,0,,-
RESIDENT,RINNE,0,,-,0,,-,1929,RYUNGA,フィリピン,3118,INDIA,フィリピン,0,,-
RESIDENT,Ruler or Loser,0,,-,773,GAMA,フィリピン,1596,MISSAV,フィリピン,2599,GATON5,フィリピン,0,,-
RESIDENT,Seraph,0,,-,607,HGNAIL,フィリピン,1653,MISSAV,フィリピン,2376,KUKO,フィリピン,0,,-
RESIDENT,Shadow World,0,,-,366,******,フィリピン,1504,JIMMY,フィリピン,2687,CRASS.,フィリピン,0,,-
RESIDENT,Shamshir,0,,-,764,AAAAAA,フィリピン,1247,J.D,フィリピン,2028,KUKO,フィリピン,0,,-
RESIDENT,Somnidiscotheque,0,,-,1212,MISSAV,フィリピン,1875,KUKO,フィリピン,2893,GATON5,フィリピン,0,,-
RESIDENT,STAR BEAT,0,,-,551,STRKR.,フィリピン,1360,DKX,フィリピン,2228,CPU69,フィリピン,0,,-
RESIDENT,STRAIGHT TO THE STARS,0,,-,727,HGNAIL,フィリピン,948,SOTZZY,フィリピン,2781,TAKO,フィリピン,0,,-
RESIDENT,Stylus,0,,-,0,,-,1267,HGNAIL,フィリピン,2788,KUKO,フィリピン,0,,-
RESIDENT,Summerblue,241,WOLFEN,フィリピン,563,AURBYS,フィリピン,1593,MISSAV,フィリピン,2337,KUKO,フィリピン,0,,-
RESIDENT,Sunny Day Vibes,0,,-,609,YELYAH,フィリピン,1347,PPP,フィリピン,2198,TAKO,フィリピン,0,,-
RESIDENT,Super Freak,0,,-,974,DAN,フィリピン,1526,DAN,フィリピン,3164,INDIA,フィリピン,0,,-
RESIDENT,suspicions,0,,-,817,EDDY,フィリピン,2077,HIMIKO,フィリピン,3439,WINDA,フィリピン,0,,-
RESIDENT,Swing My Wonderland,0,,-,0,,-,0,,-,2898,RDYVJ1,フィリピン,0,,-
RESIDENT,TECHNOPHOBIA,0,,-,604,YELYAH,フィリピン,1622,KORIL,フィリピン,2806,MYU2,フィリピン,0,,-
RESIDENT,The Clown of 24stairs,0,,-,795,HGNAIL,フィリピン,1934,HIMIKO,フィリピン,3093,MYU2,フィリピン,0,,-
RESIDENT,THE TIME MACHINE,0,,-,500,AKIRA,フィリピン,1583,MISSAV,フィリピン,2533,KUKO,フィリピン,0,,-
RESIDENT,VOID,0,,-,750,HGNAIL,フィリピン,1710,HIMIKO,フィリピン,2712,KUKO,フィリピン,0,,-
RESIDENT,VOLAQUAS,0,,-,1261,KORIL,フィリピン,2128,KUKO,フィリピン,3750,MYU2,フィリピン,0,,-
RESIDENT,VOLCANIC BIGBEAT,0,,-,0,,-,1698,J.D,フィリピン,2692,KUKO,フィリピン,0,,-
RESIDENT,"wanna be a ""BAD GIRL"" feat. Nana Takahashi",0,,-,544,-JUTE-,フィリピン,1058,JOGO,フィリピン,1985,RDYVJ1,フィリピン,0,,-
RESIDENT,With You,0,,-,519,-JUTE-,フィリピン,1324,RYUNGA,フィリピン,2415,KUKO,フィリピン,0,,-
RESIDENT,Xerulean,0,,-,0,,-,1457,DJZEON,フィリピン,3173,MYU2,フィリピン,0,,-
RESIDENT,ZENITH,0,,-,913,HS2565,フィリピン,1665,DJZEON,フィリピン,2901,MYU2,フィリピン,0,,-
RESIDENT,[ ]DENTITY,0,,-,987,AAAAAA,フィリピン,2020,HIMIKO,フィリピン,3446,TAKO,フィリピン,0,,-
RESIDENT,≡+≡,0,,-,1242,RYUNGA,フィリピン,2068,HIMIKO,フィリピン,2984,MYU2,フィリピン,4409,MYU2,フィリピン
RESIDENT,■□模様,0,,-,0,,-,1265,SINKER,フィリピン,2444,CPU69,フィリピン,0,,-
RESIDENT,《ORDERBREAKER》,0,,-,684,SHU,フィリピン,1028,FISCH,フィリピン,2327,KUKO,フィリピン,0,,-
RESIDENT,あるビー！ feat.ころねぽち,0,,-,637,EMI*,フィリピン,1584,MISSAV,フィリピン,2738,KUKO,フィリピン,0,,-
RESIDENT,おとせサンダー,137,HGNAIL,フィリピン,504,HGNAIL,フィリピン,1003,MURI,フィリピン,1879,TEKKU*,フィリピン,0,,-
RESIDENT,きゅんです。,0,,-,539,HGNAIL,フィリピン,845,CEE3ZY,フィリピン,2298,MYU2,フィリピン,0,,-
RESIDENT,ぞうしょく！？マイデンティティ,0,,-,0,,-,2090,HIMIKO,フィリピン,3098,M-ORY!,フィリピン,0,,-
RESIDENT,ちょえちょえまぎか,0,,-,854,YELYAH,フィリピン,2219,BURI3.,フィリピン,2989,KUKO,フィリピン,3915,KUKO,フィリピン
RESIDENT,サヨナラ・ヘヴン-Celtic Chip Dance Mix-,0,,-,697,EDDY,フィリピン,1406,MISSAV,フィリピン,2394,HIMIKO,フィリピン,0,,-
RESIDENT,チェイスチェイスジョーカーズのうた (オニスタイルリミックス),0,,-,0,,-,1681,*#06#,フィリピン,2744,KUKO,フィリピン,0,,-
RESIDENT,パーフェクトイーター,0,,-,858,EDDY,フィリピン,1803,MISSAV,フィリピン,2883,KUKO,フィリピン,0,,-
RESIDENT,儚キ戀ノ幻想譚,489,-JUTE-,フィリピン,1512,KORIL,フィリピン,2223,BURI3.,フィリピン,3386,MYU2,フィリピン,0,,-
RESIDENT,少年リップルズ,0,,-,686,NERUKO,フィリピン,1642,BURI3.,フィリピン,2420,KUKO,フィリピン,0,,-
RESIDENT,恋愛＝精度×認識力,0,,-,1097,ANTT,フィリピン,2113,KORIL,フィリピン,3149,KUKO,フィリピン,0,,-
RESIDENT,惑星☆ロリポップ,0,,-,766,HAPPY,フィリピン,1516,KORIL,フィリピン,2751,MYU2,フィリピン,0,,-
RESIDENT,昏き甲鉄のヴェルガ,0,,-,0,,-,1279,ANTT,フィリピン,2275,CPU69,フィリピン,0,,-
RESIDENT,月と夢の跡 ft. マナ,0,,-,711,YELYAH,フィリピン,1422,MISSAV,フィリピン,2473,KUKO,フィリピン,0,,-
RESIDENT,栄冠のカンパネラ,0,,-,924,HGNAIL,フィリピン,1992,CPU69,フィリピン,3585,GATON5,フィリピン,0,,-
RESIDENT,楽園追放,0,,-,0,,-,1355,MISSAV,フィリピン,2302,KUKO,フィリピン,0,,-
RESIDENT,湘南ロンリーMIDNIGHT RAIN,0,,-,647,HGNAIL,フィリピン,1434,ANTT,フィリピン,2357,DKX,フィリピン,0,,-
RESIDENT,異心前進♪ぴょんぴょんぴょん,0,,-,0,,-,1085,N-A,フィリピン,2397,BURI3.,フィリピン,0,,-
RESIDENT,真夜中のバベル,0,,-,351,OHAINY,フィリピン,779,ANTT,フィリピン,1619,CRASS.,フィリピン,0,,-
RESIDENT,神っぽいな,270,CHANGE,フィリピン,725,DKX,フィリピン,1405,*#06#,フィリピン,2057,CRASS.,フィリピン,2912,MYU2,フィリピン
RESIDENT,神のシナリオ,0,,-,0,,-,1615,MISSAV,フィリピン,3058,CRASS.,フィリピン,0,,-
RESIDENT,罪過の聖堂,0,,-,674,MYU2,フィリピン,1190,KORIL,フィリピン,1930,CRASS.,フィリピン,0,,-
RESIDENT,輪廻の鴉,0,,-,0,,-,1196,N-A,フィリピン,2671,KUKO,フィリピン,0,,-
RESIDENT,雨のちパノラマセカイ,0,,-,630,KAGUYA,フィリピン,786,N-A,フィリピン,2103,INDIA,フィリピン,0,,-
RESIDENT,響花水月,0,,-,523,YELYAH,フィリピン,1594,HGNAIL,フィリピン,2741,KORIL,フィリピン,0,,-
EPOLIS,20XX,0,,-,881,SHU,フィリピン,1180,N-A,フィリピン,2554,KUKO,フィリピン,0,,-
EPOLIS,ACT0,0,,-,398,AAAAAA,フィリピン,2057,KORIL,フィリピン,2787,KUKO,フィリピン,0,,-
EPOLIS,Aeterna,0,,-,751,EDDY,フィリピン,1563,KORIL,フィリピン,2442,BURI3.,フィリピン,0,,-
EPOLIS,Akatsuki,0,,-,655,HGNAIL,フィリピン,1147,J,フィリピン,2230,GATON5,フィリピン,0,,-
EPOLIS,Ambivalent Vermilia,0,,-,1479,HIMIKO,フィリピン,2222,HIMIKO,フィリピン,3851,MYU2,フィリピン,0,,-
EPOLIS,Amethyst,0,,-,935,KAGUYA,フィリピン,1573,DKX,フィリピン,2509,CRASS.,フィリピン,0,,-
EPOLIS,Bitter & Lucky,0,,-,398,AAAAAA,フィリピン,978,FLUFF,フィリピン,2392,MYU2,フィリピン,0,,-
EPOLIS,BLAZING_LAZER,0,,-,924,HGNAIL,フィリピン,2035,HIMIKO,フィリピン,3024,TAKO,フィリピン,0,,-
EPOLIS,CADENZA,0,,-,1060,KAGUYA,フィリピン,2304,KORIL,フィリピン,4232,MYU2,フィリピン,0,,-
EPOLIS,Chemical Colours,0,,-,741,SHU,フィリピン,742,MEM,フィリピン,2720,KUKO,フィリピン,0,,-
EPOLIS,CODE:2,0,,-,483,SUNHAK,フィリピン,1626,MISSAV,フィリピン,2841,MYU2,フィリピン,0,,-
EPOLIS,COUNTING SHEEP ft. Kanae Asaba,0,,-,556,9NINE,フィリピン,976,J,フィリピン,2140,TAKO,フィリピン,0,,-
EPOLIS,Cult Invitation,0,,-,735,YELYAH,フィリピン,1732,MISSAV,フィリピン,3201,MYU2,フィリピン,0,,-
EPOLIS,Dahlia,0,,-,0,,-,1845,MISSAV,フィリピン,2872,HAPPY,フィリピン,0,,-
EPOLIS,DAZZLE ATTACK,262,SWAY?!,フィリピン,660,F,フィリピン,1491,JIMMY,フィリピン,2770,GATON5,フィリピン,0,,-
EPOLIS,Deep Sea Mystery,0,,-,0,,-,1319,KAIWEN,フィリピン,1899,KUKO,フィリピン,0,,-
EPOLIS,Demon March,0,,-,646,RM3###,フィリピン,2175,HIMIKO,フィリピン,3488,MYU2,フィリピン,0,,-
EPOLIS,Echoes of Sunfall,0,,-,784,SHU,フィリピン,1484,MISSAV,フィリピン,2839,MYU2,フィリピン,0,,-
EPOLIS,frequent,0,,-,0,,-,2175,HIMIKO,フィリピン,3649,MYU2,フィリピン,0,,-
EPOLIS,GAME ON,0,,-,980,ANTT,フィリピン,2102,HAPPY,フィリピン,2539,KUKO,フィリピン,0,,-
EPOLIS,Get Higher,0,,-,712,CLEVER,フィリピン,1603,CPU69,フィリピン,2002,JAMON5,フィリピン,0,,-
EPOLIS,Get Wicked,0,,-,507,STRKR.,フィリピン,1308,DKX,フィリピン,2298,RDYVJ1,フィリピン,0,,-
EPOLIS,Ghost Pulse,0,,-,732,EQ,フィリピン,1537,MISSAV,フィリピン,2728,MYU2,フィリピン,0,,-
EPOLIS,Glitch N Ride,0,,-,504,TAKA,フィリピン,1454,HIMIKO,フィリピン,2402,GATON5,フィリピン,0,,-
EPOLIS,GloriosA,0,,-,860,YELYAH,フィリピン,1775,MISSAV,フィリピン,2780,CRASS.,フィリピン,0,,-
EPOLIS,GLORIOUS HAMMER,0,,-,816,SHU,フィリピン,1668,MISSAV,フィリピン,2957,CRASS.,フィリピン,0,,-
EPOLIS,Hard Breaker,0,,-,0,,-,1361,RANDOM,フィリピン,2433,KUKO,フィリピン,0,,-
EPOLIS,Hat Surprise (Season 3),0,,-,949,HS2565,フィリピン,1950,HIMIKO,フィリピン,2462,TAKO,フィリピン,0,,-
EPOLIS,i-ii,0,,-,653,FISCH,フィリピン,897,FISCH,フィリピン,2657,HAPPY,フィリピン,0,,-
EPOLIS,INHERITANCE,0,,-,735,M1,フィリピン,1611,MISSAV,フィリピン,2769,MYU2,フィリピン,3381,MYU2,フィリピン
EPOLIS,Iris,0,,-,694,-JUTE-,フィリピン,1471,KORIL,フィリピン,2171,GATON5,フィリピン,0,,-
EPOLIS,Jumper,0,,-,568,AKIRA,フィリピン,1489,KORIL,フィリピン,2107,310.,フィリピン,0,,-
EPOLIS,Just Gimme,0,,-,361,AE1L0?,フィリピン,1274,SINKER,フィリピン,2579,HAPPY,フィリピン,0,,-
EPOLIS,JUSTICE/GUILTY feat. Nana Takahashi & 709sec.,0,,-,1108,J,フィリピン,2444,BURI3.,フィリピン,3680,KUKO,フィリピン,0,,-
EPOLIS,Level 5,0,,-,1056,FISCH,フィリピン,2341,KORIL,フィリピン,3106,KUKO,フィリピン,0,,-
EPOLIS,MAXIMUM CHEAT GIRL,0,,-,898,BOO,フィリピン,2056,RDYVJ1,フィリピン,3167,INDIA,フィリピン,0,,-
EPOLIS,Million Dollar,0,,-,622,KMH,フィリピン,1682,DKX,フィリピン,3185,MYU2,フィリピン,0,,-
EPOLIS,Monkey Business,0,,-,0,,-,0,,-,2441,KUKO,フィリピン,0,,-
EPOLIS,Mukade,0,,-,726,RANCED,フィリピン,1711,MISSAV,フィリピン,3104,CRASS.,フィリピン,0,,-
EPOLIS,My Sweet Bird?,0,,-,0,,-,1182,YUU-!?,フィリピン,2155,CRASS.,フィリピン,0,,-
EPOLIS,NEEDLESS MY LOVE FOR YOU,0,,-,0,,-,1576,MISSAV,フィリピン,2424,CRASS.,フィリピン,0,,-
EPOLIS,Out of Control,0,,-,0,,-,2065,HIMIKO,フィリピン,2806,M-ORY!,フィリピン,0,,-
EPOLIS,out of disk space,0,,-,0,,-,1753,MISSAV,フィリピン,2352,TAKO,フィリピン,0,,-
EPOLIS,PILGRIM,0,,-,0,,-,1030,WWWWWW,フィリピン,2605,CRASS.,フィリピン,0,,-
EPOLIS,Psychedelic Intelligence,0,,-,639,M1,フィリピン,0,,-,2623,INDIA,フィリピン,0,,-
EPOLIS,Red Determination,0,,-,0,,-,1430,MISSAV,フィリピン,2508,KUKO,フィリピン,0,,-
EPOLIS,Resonant,0,,-,809,YELYAH,フィリピン,2281,BURI3.,フィリピン,3459,MYU2,フィリピン,0,,-
EPOLIS,Riff//rain,0,,-,469,MURI,フィリピン,975,KAGUYA,フィリピン,1792,KUKO,フィリピン,0,,-
EPOLIS,See You Again,0,,-,858,MURI,フィリピン,1568,JIMMY,フィリピン,3077,KUKO,フィリピン,0,,-
EPOLIS,Seven Times Four,0,,-,788,WWWWWW,フィリピン,1809,CPU69,フィリピン,3286,MYU2,フィリピン,0,,-
EPOLIS,Shapeshifter,0,,-,697,FISCH,フィリピン,1352,RANDOM,フィリピン,2388,GATON5,フィリピン,0,,-
EPOLIS,Sirius,0,,-,718,-JUTE-,フィリピン,1487,TEKKU*,フィリピン,3136,MYU2,フィリピン,0,,-
EPOLIS,So What,0,,-,385,WOLFEN,フィリピン,749,WALNUT,フィリピン,1738,GATON5,フィリピン,0,,-
EPOLIS,SOLAR ECLIPSE,0,,-,1233,DKX,フィリピン,2263,KORIL,フィリピン,3261,MYU2,フィリピン,0,,-
EPOLIS,Speculation,0,,-,377,HGNAIL,フィリピン,1405,RYUNGA,フィリピン,2860,KUKO,フィリピン,0,,-
EPOLIS,squall,0,,-,0,,-,1666,MAYAMA,フィリピン,2522,MYU2,フィリピン,0,,-
EPOLIS,Stereo Beasts,0,,-,745,RM3###,フィリピン,2192,MISSAV,フィリピン,3570,MYU2,フィリピン,0,,-
EPOLIS,Submerge Serenade,0,,-,732,YELYAH,フィリピン,1639,TEKKU*,フィリピン,2868,CRASS.,フィリピン,3776,KUKO,フィリピン
EPOLIS,Sword of Vengeance,0,,-,1041,FISCH,フィリピン,1705,RYUNGA,フィリピン,3098,CRASS.,フィリピン,0,,-
EPOLIS,T.R.O.L.L.,0,,-,623,JOGO,フィリピン,1272,JIMMY,フィリピン,2345,CRASS.,フィリピン,0,,-
EPOLIS,The Last Apocalypse,0,,-,918,JOGO,フィリピン,1959,DKX,フィリピン,3499,MYU2,フィリピン,0,,-
EPOLIS,The Onlyonez,0,,-,554,HGNAIL,フィリピン,1397,HGNAIL,フィリピン,2965,GATON5,フィリピン,0,,-
EPOLIS,This Is Club Musik feat. 大久保紅葉,0,,-,0,,-,1547,MISSAV,フィリピン,2402,INDIA,フィリピン,0,,-
EPOLIS,Time Distortion pt.2(IIDX Edit),0,,-,0,,-,1776,MISSAV,フィリピン,2629,LXLXNP,フィリピン,0,,-
EPOLIS,TITANIUM RIDERS,0,,-,681,GAMA,フィリピン,1373,MISSAV,フィリピン,2084,KUKO,フィリピン,0,,-
EPOLIS,Too Late Snow,0,,-,706,EDDY,フィリピン,981,HGNAIL,フィリピン,1984,MYU2,フィリピン,0,,-
EPOLIS,TRIP THE DEEP,0,,-,960,KORIL,フィリピン,1470,J.D,フィリピン,2380,CRASS.,フィリピン,0,,-
EPOLIS,Tripping Jumping,0,,-,447,HGNAIL,フィリピン,1471,J.D,フィリピン,2150,KUKO,フィリピン,0,,-
EPOLIS,Vermilion Carol,0,,-,1003,HGNAIL,フィリピン,1980,MISSAV,フィリピン,3432,MYU2,フィリピン,0,,-
EPOLIS,Vulnerability,0,,-,1051,9NINE,フィリピン,1815,GATON5,フィリピン,3296,TJMZK,フィリピン,0,,-
EPOLIS,WaterCube Pf.(RX-Ver.S.P.L.),0,,-,357,MILLNS,フィリピン,1104,RANDOM,フィリピン,1967,JAMON5,フィリピン,0,,-
EPOLIS,winkle 2 winkle,0,,-,675,DUCK!!,フィリピン,1742,MISSAV,フィリピン,2689,KUKO,フィリピン,0,,-
EPOLIS,Xb10r,0,,-,999,LUCKY$,フィリピン,2134,NASHIO,フィリピン,3381,MYU2,フィリピン,0,,-
EPOLIS,ZEROIN ON THE LIGHT,0,,-,836,-JUTE-,フィリピン,1478,HGNAIL,フィリピン,2546,HAPPY,フィリピン,0,,-
EPOLIS,《PL|RAYER》,0,,-,0,,-,1598,MISSAV,フィリピン,2658,KUKO,フィリピン,0,,-
EPOLIS,ちゅ、多様性。,0,,-,411,9NINE,フィリピン,961,TEKKU*,フィリピン,1734,MISSAV,フィリピン,2217,KUKO,フィリピン
EPOLIS,ないないルーティン,0,,-,423,F,フィリピン,953,ANTT,フィリピン,1950,RDYVJ1,フィリピン,0,,-
EPOLIS,めうめうぺったんたん！！ (ZAQUVA Remix),0,,-,738,EDDY,フィリピン,1684,POIROT,フィリピン,2706,KUKO,フィリピン,0,,-
EPOLIS,れとりば！,0,,-,0,,-,1274,MISSAV,フィリピン,2009,M-ORY!,フィリピン,0,,-
EPOLIS,アイドル,186,XMAN,フィリピン,611,777,フィリピン,1321,YUU-!?,フィリピン,2505,TAKO,フィリピン,3080,KUKO,フィリピン
EPOLIS,アタシ完全絶対正義ちゃん！,0,,-,0,,-,1448,MISSAV,フィリピン,2066,KUKO,フィリピン,0,,-
EPOLIS,シンデレラ,397,WOLFEN,フィリピン,682,YELYAH,フィリピン,1239,ANTT,フィリピン,2150,MYU2,フィリピン,0,,-
EPOLIS,センチメンタル・サマー,0,,-,0,,-,0,,-,1899,RDYVJ1,フィリピン,0,,-
EPOLIS,デビルじゃないもん,302,KIM,フィリピン,669,BOO,フィリピン,1079,ANTT,フィリピン,2024,BURI3.,フィリピン,0,,-
EPOLIS,フォニイ,520,HS2565,フィリピン,1076,YUU-!?,フィリピン,1888,KORIL,フィリピン,2843,MYU2,フィリピン,3831,MYU2,フィリピン
EPOLIS,ポラリスノウタ,0,,-,617,EDDY,フィリピン,1497,MISSAV,フィリピン,2191,BURI3.,フィリピン,0,,-
EPOLIS,マーシャル・マキシマイザー,351,HS2565,フィリピン,713,NRG000,フィリピン,1395,KORIL,フィリピン,2140,MYU2,フィリピン,0,,-
EPOLIS,ラビットホール,593,HS2565,フィリピン,1156,LUCKY$,フィリピン,1819,DOKA,フィリピン,2865,MYU2,フィリピン,0,,-
EPOLIS,リメンバーリメンバー,0,,-,187,ANA,フィリピン,770,YUU-!?,フィリピン,1643,KUKO,フィリピン,0,,-
EPOLIS,今宵、ロマンス横丁。,0,,-,769,HGNAIL,フィリピン,1753,DOKA,フィリピン,3046,KUKO,フィリピン,0,,-
EPOLIS,勇者,263,JUUTAN,フィリピン,627,GAMER,フィリピン,1411,KORIL,フィリピン,2411,CRASS.,フィリピン,0,,-
EPOLIS,可愛くてごめん,207,HAO,フィリピン,523,9NINE,フィリピン,1182,9NINE,フィリピン,2229,CRASS.,フィリピン,2745,KUKO,フィリピン
EPOLIS,唱,158,JUUTAN,フィリピン,369,-JUTE-,フィリピン,967,KORIL,フィリピン,1670,RDYVJ1,フィリピン,0,,-
EPOLIS,夏風邪デスコ,69,GIN,フィリピン,476,AAAAAA,フィリピン,987,SOTZZY,フィリピン,2623,GATON5,フィリピン,0,,-
EPOLIS,夢縁,0,,-,919,HGNAIL,フィリピン,2036,BURI3.,フィリピン,2921,GATON5,フィリピン,0,,-
EPOLIS,寝起きヤシの木,175,NETTO,フィリピン,583,EDDY,フィリピン,1733,MAYAMA,フィリピン,2699,KUKO,フィリピン,3281,MYU2,フィリピン
EPOLIS,惑星鉄道,0,,-,857,PPP,フィリピン,1902,KUKO,フィリピン,2406,CRASS.,フィリピン,0,,-
EPOLIS,愛包ダンスホール,188,USAGI,フィリピン,644,GAMER,フィリピン,1176,TEKKU*,フィリピン,2518,CRASS.,フィリピン,0,,-
EPOLIS,摩天楼,0,,-,505,N-A,フィリピン,1219,RANDOM,フィリピン,2465,GATON5,フィリピン,0,,-
EPOLIS,未完成ノ蒸氣驅動乙女,0,,-,972,SINKER,フィリピン,1822,NASHIO,フィリピン,2577,ISAKU,フィリピン,0,,-
EPOLIS,果たせぬ約束 ft. 小林マナ,0,,-,0,,-,1799,MISSAV,フィリピン,2928,GATON5,フィリピン,0,,-
EPOLIS,残像ニ繋ガレタ追憶ノHIDEAWAY,0,,-,919,YELYAH,フィリピン,1865,JIMMY,フィリピン,3459,MYU2,フィリピン,0,,-
EPOLIS,流桜ノ門,0,,-,857,SINKER,フィリピン,1225,HGNAIL,フィリピン,2064,CRASS.,フィリピン,0,,-
EPOLIS,"灼熱Beach Side Bunny (かめりあ's ""Summertime D'n'B"" Remix)",0,,-,910,BOO,フィリピン,1571,RYUNGA,フィリピン,2966,CRASS.,フィリピン,0,,-
EPOLIS,神様、つれない。,0,,-,0,,-,1141,YUU-!?,フィリピン,2084,BURI3.,フィリピン,0,,-
EPOLIS,終焔のClaudia,0,,-,1110,RANDOM,フィリピン,1832,HIMIKO,フィリピン,2668,MYU2,フィリピン,0,,-
EPOLIS,酔いどれ知らず,0,,-,707,EDDY,フィリピン,1035,YUU-!?,フィリピン,2154,BURI3.,フィリピン,0,,-
EPOLIS,閉塞的フレーション,0,,-,811,NERUKO,フィリピン,1363,N-A,フィリピン,2195,STELLA,フィリピン,0,,-
EPOLIS,雫,0,,-,55,STRKR.,フィリピン,1595,NY0ING,フィリピン,2614,KUKO,フィリピン,0,,-
EPOLIS,電光,0,,-,687,CLEVER,フィリピン,1658,MISSAV,フィリピン,2909,MYU2,フィリピン,0,,-
EPOLIS,電子になりたい,0,,-,0,,-,1271,SINKER,フィリピン,1927,KUKO,フィリピン,0,,-
EPOLIS,電腦都市,0,,-,1283,MISSAV,フィリピン,2159,CPU69,フィリピン,3218,MYU2,フィリピン,0,,-
Pinky Crush,1116,0,,-,977,J.D,フィリピン,1901,HIMIKO,フィリピン,2874,MYU2,フィリピン,0,,-
Pinky Crush,ADAMANT,0,,-,916,HS2565,フィリピン,1870,KORIL,フィリピン,2933,GATON5,フィリピン,0,,-
Pinky Crush,Aqvion,0,,-,0,,-,1865,RDYVJ1,フィリピン,3400,MYU2,フィリピン,0,,-
Pinky Crush,Arcanos,0,,-,0,,-,1017,ANTT,フィリピン,1869,TAKO,フィリピン,0,,-
Pinky Crush,Bang-Boo Bumble,0,,-,0,,-,1430,*,フィリピン,2862,KUKO,フィリピン,0,,-
Pinky Crush,Bling-Bang-Bang-Born,286,HS2565,フィリピン,469,FANCHN,フィリピン,1025,DKX,フィリピン,1914,KUKO,フィリピン,2003,KUKO,フィリピン
Pinky Crush,Bring The Fire,0,,-,780,SHU,フィリピン,1558,JIMMY,フィリピン,3253,MYU2,フィリピン,0,,-
Pinky Crush,Butterfly Twist,0,,-,568,YELYAH,フィリピン,1412,MISSAV,フィリピン,2659,MYU2,フィリピン,0,,-
Pinky Crush,CHAOTIC SUNBIRD,0,,-,952,HGNAIL,フィリピン,1356,HGNAIL,フィリピン,3060,KUKO,フィリピン,0,,-
Pinky Crush,Chasing After YOU ～夢の欠片～ ft. 小林マナ,0,,-,409,ANA,フィリピン,1175,YUU-!?,フィリピン,1999,BURI3.,フィリピン,0,,-
Pinky Crush,Constellation,0,,-,0,,-,1693,MISSAV,フィリピン,2675,KUKO,フィリピン,0,,-
Pinky Crush,COSMIC V3LOCITY,0,,-,0,,-,1844,POIROT,フィリピン,3175,MYU2,フィリピン,0,,-
Pinky Crush,Cross Fire,0,,-,818,FISCH,フィリピン,2005,RDYVJ1,フィリピン,3202,MYU2,フィリピン,0,,-
Pinky Crush,destination,0,,-,0,,-,2181,BURI3.,フィリピン,3216,MYU2,フィリピン,0,,-
Pinky Crush,Digital Radiance,0,,-,0,,-,1092,HGNAIL,フィリピン,1939,INDIA,フィリピン,0,,-
Pinky Crush,DIVINE JUDGEMENT,0,,-,0,,-,1628,JIMMY,フィリピン,2706,MYU2,フィリピン,0,,-
Pinky Crush,Dreamship,0,,-,0,,-,1295,KORIL,フィリピン,1899,INDIA,フィリピン,0,,-
Pinky Crush,Drop Syndicate,0,,-,853,N-A,フィリピン,1617,DKX,フィリピン,3445,MYU2,フィリピン,0,,-
Pinky Crush,Eleanor,0,,-,597,EDDY,フィリピン,1191,IS,フィリピン,2263,BURI3.,フィリピン,0,,-
Pinky Crush,ELYSIUM,0,,-,723,SINKER,フィリピン,1392,DKX,フィリピン,2599,KUKO,フィリピン,0,,-
Pinky Crush,everlastingeuphoria:,0,,-,0,,-,1595,CPU69,フィリピン,2371,KUKO,フィリピン,0,,-
Pinky Crush,EX-MASSIVE FIGHTER,0,,-,0,,-,1949,CPU69,フィリピン,3063,TAKO,フィリピン,0,,-
Pinky Crush,EYE OF THE HEAVEN,0,,-,0,,-,2174,HIMIKO,フィリピン,3274,GATON5,フィリピン,0,,-
Pinky Crush,FERMI PARADOX,0,,-,963,TEKKU*,フィリピン,1500,JIMMY,フィリピン,2465,KUKO,フィリピン,0,,-
Pinky Crush,Fiery Stallion,0,,-,0,,-,1564,MISSAV,フィリピン,2329,MYU2,フィリピン,0,,-
Pinky Crush,Flamingo,0,,-,1052,HIMIKO,フィリピン,2045,HIMIKO,フィリピン,3127,MYU2,フィリピン,0,,-
Pinky Crush,FlyAway,0,,-,0,,-,1828,MAYAMA,フィリピン,3036,MYU2,フィリピン,0,,-
Pinky Crush,Galaxy Collapse,0,,-,0,,-,0,,-,1726,RDYVJ1,フィリピン,0,,-
Pinky Crush,get set mind,0,,-,725,YELYAH,フィリピン,1338,RYUNGA,フィリピン,2406,GATON5,フィリピン,0,,-
Pinky Crush,God Mind,0,,-,1130,FISCH,フィリピン,2270,KORIL,フィリピン,3697,CRASS.,フィリピン,0,,-
Pinky Crush,Good Looking,0,,-,0,,-,1125,MISSAV,フィリピン,1909,CPU69,フィリピン,0,,-
Pinky Crush,Here We Go Now,0,,-,655,HGNAIL,フィリピン,2017,RDYVJ1,フィリピン,3151,GATON5,フィリピン,0,,-
Pinky Crush,hora de verdad,0,,-,0,,-,1456,RYUNGA,フィリピン,2766,GATON5,フィリピン,0,,-
Pinky Crush,IN BETWEEN,0,,-,633,EDDY,フィリピン,1429,MISSAV,フィリピン,2335,KUKO,フィリピン,0,,-
Pinky Crush,KOTONOHA ft. Kotoha,0,,-,512,NOAH,フィリピン,1099,HGNAIL,フィリピン,1923,BURI3.,フィリピン,0,,-
Pinky Crush,Lightspeed,0,,-,781,M1,フィリピン,1998,HIMIKO,フィリピン,3036,MYU2,フィリピン,0,,-
Pinky Crush,lowercase lifetime,0,,-,235,SHIRO,フィリピン,1897,J.D,フィリピン,2672,GATON5,フィリピン,0,,-
Pinky Crush,Lycoris,0,,-,0,,-,1042,KAGUYA,フィリピン,1996,GATON5,フィリピン,0,,-
Pinky Crush,MARLIN,0,,-,0,,-,1735,RYUNGA,フィリピン,3314,CRASS.,フィリピン,0,,-
Pinky Crush,Mid-Corner (Magic Maker),0,,-,0,,-,1529,RYUNGA,フィリピン,2828,RDYVJ1,フィリピン,0,,-
Pinky Crush,Mighty Cutie,0,,-,0,,-,1738,JIMMY,フィリピン,2692,GATON5,フィリピン,0,,-
Pinky Crush,MVP,0,,-,697,-JUTE-,フィリピン,1157,IIDX31,フィリピン,2465,GATON5,フィリピン,0,,-
Pinky Crush,NOIXIA,0,,-,1245,RANDOM,フィリピン,2008,TEKKU*,フィリピン,3803,MYU2,フィリピン,0,,-
Pinky Crush,PERFECT HUMAN,398,HS2565,フィリピン,640,-JUTE-,フィリピン,1323,RANDOM,フィリピン,2133,HIMIKO,フィリピン,0,,-
Pinky Crush,Pinky Happy Crazy,0,,-,1268,HIMIKO,フィリピン,2399,HIMIKO,フィリピン,3197,TAKO,フィリピン,0,,-
Pinky Crush,PIT A PAT,0,,-,710,BAC0N,フィリピン,1606,JIMMY,フィリピン,2498,KUKO,フィリピン,0,,-
Pinky Crush,Plazma,191,HGNAIL,フィリピン,588,HGNAIL,フィリピン,1129,JIMMY,フィリピン,1986,MYU2,フィリピン,2601,KUKO,フィリピン
Pinky Crush,Plea Per Phase,0,,-,0,,-,0,,-,2695,KUKO,フィリピン,0,,-
Pinky Crush,PopなEDEN,0,,-,649,WOLFEN,フィリピン,1310,CHUSO2,フィリピン,2386,CRASS.,フィリピン,0,,-
Pinky Crush,Raspberry Potion (feat.あれたん & ぎゃるのしん☆),0,,-,0,,-,1647,MISSAV,フィリピン,2381,KUKO,フィリピン,0,,-
Pinky Crush,RAVE SYNDROME,0,,-,785,-JUTE-,フィリピン,1584,MISSAV,フィリピン,2655,MYU2,フィリピン,0,,-
Pinky Crush,Roar of Chronos,0,,-,0,,-,2093,KORIL,フィリピン,3839,MYU2,フィリピン,0,,-
Pinky Crush,Satellite Burst,0,,-,857,RANCED,フィリピン,2123,KUKO,フィリピン,3634,WINDA,フィリピン,0,,-
Pinky Crush,Secret Rouge,0,,-,571,BURUMI,フィリピン,1408,NY0ING,フィリピン,2258,CRASS.,フィリピン,0,,-
Pinky Crush,Shirdal,0,,-,855,HIMIKO,フィリピン,1489,HIMIKO,フィリピン,2297,CPU69,フィリピン,0,,-
Pinky Crush,Show Me All Your Love,0,,-,0,,-,1783,MISSAV,フィリピン,2823,KUKO,フィリピン,0,,-
Pinky Crush,SISYPHUS,0,,-,651,EDDY,フィリピン,1284,IIDX31,フィリピン,2470,KUKO,フィリピン,0,,-
Pinky Crush,Skratch Education Lv-1,0,,-,917,CRASS.,フィリピン,1574,KORIL,フィリピン,2491,CRASS.,フィリピン,0,,-
Pinky Crush,Slumber☆Party,0,,-,0,,-,1610,MISSAV,フィリピン,1958,RDYVJ1,フィリピン,0,,-
Pinky Crush,Space In Time,0,,-,588,SHU,フィリピン,1362,MISSAV,フィリピン,1870,GATON5,フィリピン,0,,-
Pinky Crush,Stargazing Trip ～星 探す旅～ ft. 小林マナ,0,,-,843,YELYAH,フィリピン,1710,MISSAV,フィリピン,2648,KUKO,フィリピン,0,,-
Pinky Crush,SUPER HEROINE!!,0,,-,0,,-,1484,MISSAV,フィリピン,2269,KUKO,フィリピン,0,,-
Pinky Crush,SμG@R RU$#,0,,-,932,KAGUYA,フィリピン,2244,HAPPY,フィリピン,3171,WINDA,フィリピン,0,,-
Pinky Crush,TECHNO RUMBLE,0,,-,1144,HIMIKO,フィリピン,1710,HIMIKO,フィリピン,2716,KUKO,フィリピン,0,,-
Pinky Crush,u gotta beat,0,,-,909,HGNAIL,フィリピン,2168,KORIL,フィリピン,3324,GATON5,フィリピン,0,,-
Pinky Crush,Uaigh Gealai,0,,-,0,,-,1634,RYUNGA,フィリピン,3556,MYU2,フィリピン,0,,-
Pinky Crush,uen,0,,-,1342,HIMIKO,フィリピン,1895,KORIL,フィリピン,2800,TJMZK,フィリピン,0,,-
Pinky Crush,Vibing! Shake it!,0,,-,0,,-,1476,JIMMY,フィリピン,2390,GATON5,フィリピン,0,,-
Pinky Crush,Without Heaven,0,,-,938,FISCH,フィリピン,1777,TEKKU*,フィリピン,3378,KUKO,フィリピン,0,,-
Pinky Crush,XHRONOXAPSULΞ,0,,-,941,AAAAAA,フィリピン,2078,CPU69,フィリピン,3426,WINDA,フィリピン,0,,-
Pinky Crush,えだまめカレークッキング,335,GIN,フィリピン,678,HS2565,フィリピン,1038,HS2565,フィリピン,2053,KUKO,フィリピン,0,,-
Pinky Crush,きみのせかい,0,,-,0,,-,1446,SINKER,フィリピン,2813,MYU2,フィリピン,0,,-
Pinky Crush,きゅうくらりん,334,HAO,フィリピン,751,-JUTE-,フィリピン,1641,KORIL,フィリピン,2321,BURI3.,フィリピン,0,,-
Pinky Crush,アラビアン ハイパー ナイト,0,,-,1018,KAGUYA,フィリピン,1557,RYUNGA,フィリピン,2805,M-ORY!,フィリピン,0,,-
Pinky Crush,イガク,236,MAMIZO,フィリピン,679,WALNUT,フィリピン,1303,SINKER,フィリピン,2012,MYU2,フィリピン,2947,GATON5,フィリピン
Pinky Crush,エクスプロウル,0,,-,773,EDDY,フィリピン,1448,JIMMY,フィリピン,2357,BURI3.,フィリピン,0,,-
Pinky Crush,オッドラヴィ,0,,-,749,M1,フィリピン,1526,DJZEON,フィリピン,2467,MYU2,フィリピン,0,,-
Pinky Crush,オブソミート,190,ARIA,フィリピン,535,SOL,フィリピン,1270,IS,フィリピン,2343,CRASS.,フィリピン,0,,-
Pinky Crush,キスキツネ,131,COLE,フィリピン,716,HKRSNT,フィリピン,1272,TEKKU*,フィリピン,2317,BURI3.,フィリピン,0,,-
Pinky Crush,ギャ・ギャ・ギャ・ギャラクシー！,0,,-,563,BAC0N,フィリピン,1443,NY0ING,フィリピン,2340,BURI3.,フィリピン,0,,-
Pinky Crush,ゲシュタルト,265,WOLFEN,フィリピン,482,N-A,フィリピン,1320,ANTT,フィリピン,2386,BURI3.,フィリピン,3229,KUKO,フィリピン
Pinky Crush,スキッテイエェエエェ!!!!,0,,-,1202,FISCH,フィリピン,2258,TEKKU*,フィリピン,3955,GATON5,フィリピン,0,,-
Pinky Crush,スパークリング☆彡ハイパーチューン！！,0,,-,1047,HGNAIL,フィリピン,1984,MISSAV,フィリピン,3556,MYU2,フィリピン,0,,-
Pinky Crush,ドリムチウ,0,,-,0,,-,1186,N-A,フィリピン,2369,INDIA,フィリピン,0,,-
Pinky Crush,ドーナツホール 2024,280,CHACCO,フィリピン,772,YELYAH,フィリピン,1518,MISSAV,フィリピン,2329,KUKO,フィリピン,0,,-
Pinky Crush,ハオ,246,KEN13,フィリピン,628,-JUTE-,フィリピン,1556,JIMMY,フィリピン,2839,CRASS.,フィリピン,0,,-
Pinky Crush,ハルイロメロディー,0,,-,0,,-,1151,KAGUYA,フィリピン,2129,HIMIKO,フィリピン,0,,-
Pinky Crush,ビビデバ,221,A-BIRD,フィリピン,624,NRG000,フィリピン,1131,9NINE,フィリピン,1976,KORIL,フィリピン,0,,-
Pinky Crush,ファイナルレター,0,,-,752,GAMA,フィリピン,1772,KORIL,フィリピン,2555,MYU2,フィリピン,0,,-
Pinky Crush,メズマライザー,527,OGOJXX,フィリピン,963,YUU-!?,フィリピン,1708,RDYVJ1,フィリピン,2691,CRASS.,フィリピン,0,,-
Pinky Crush,ロマンシングエスケープ,0,,-,299,MILLNS,フィリピン,918,JOGO,フィリピン,1770,KUKO,フィリピン,0,,-
Pinky Crush,天使のカンタータ -Cantata of Angels-,0,,-,939,KAGUYA,フィリピン,1926,MISSAV,フィリピン,3816,MYU2,フィリピン,0,,-
Pinky Crush,弾幕信仰,0,,-,0,,-,1226,KAGUYA,フィリピン,2452,KUKO,フィリピン,0,,-
Pinky Crush,我ら完全無敵のアイドル!!,61,HIMIKO,フィリピン,676,SOL,フィリピン,1369,NJ.SS*,フィリピン,2465,GATON5,フィリピン,0,,-
Pinky Crush,断罪の一花,0,,-,267,THINGG,フィリピン,1373,MISSAV,フィリピン,2474,KUKO,フィリピン,0,,-
Pinky Crush,最強頂戴girl,0,,-,537,IFAS..,フィリピン,1167,RYUNGA,フィリピン,2116,BURI3.,フィリピン,0,,-
Pinky Crush,朱と碧のランページ,0,,-,0,,-,1442,TEKKU*,フィリピン,2459,KUKO,フィリピン,0,,-
Pinky Crush,消極的セツナイズム,0,,-,0,,-,1141,N-A,フィリピン,1897,TEKKU*,フィリピン,0,,-
Pinky Crush,灼熱 Lost Summer Dayz,0,,-,824,RYUNGA,フィリピン,1788,HIMIKO,フィリピン,2639,MYU2,フィリピン,0,,-
Pinky Crush,無双,0,,-,0,,-,1744,NJ.SS*,フィリピン,3255,MYU2,フィリピン,0,,-
Pinky Crush,爆ぜりゃんせ,0,,-,0,,-,1637,DOKA,フィリピン,2836,KUKO,フィリピン,0,,-
Pinky Crush,覚悟せよ！エンタンメ～ン ～より身の切り売り自暴自棄版～,0,,-,662,NOAH,フィリピン,1680,POIROT,フィリピン,2607,KORIL,フィリピン,0,,-
Pinky Crush,進捗ダメダメです,168,SMOL,フィリピン,465,CCCCCC,フィリピン,1386,RANDOM,フィリピン,2190,CRASS.,フィリピン,0,,-
Pinky Crush,飴玉,0,,-,117,SMOL,フィリピン,696,YUU-!?,フィリピン,1272,GATON5,フィリピン,0,,-
Pinky Crush,ＰＡＳＴＥＬＩＳＭ,0,,-,0,,-,1504,TAKO,フィリピン,1997,INDIA,フィリピン,0,,-
Sparkle Shower,2 Be Continued,0,,-,1034,HIMIKO,フィリピン,1957,KUKO,フィリピン,3474,MYU2,フィリピン,0,,-
Sparkle Shower,A Certified Rave Moment,0,,-,991,HIMIKO,フィリピン,1707,HIMIKO,フィリピン,2671,MYU2,フィリピン,0,,-
Sparkle Shower,ACID VISION,0,,-,1084,HIMIKO,フィリピン,1534,HIMIKO,フィリピン,1728,MYU2,フィリピン,0,,-
Sparkle Shower,AGETEKE ONDO,0,,-,989,HIMIKO,フィリピン,1594,HIMIKO,フィリピン,2556,MYU2,フィリピン,0,,-
Sparkle Shower,Amor∞Fati,0,,-,1236,HIMIKO,フィリピン,2365,RDYVJ1,フィリピン,3607,TAKO,フィリピン,0,,-
Sparkle Shower,Any％,0,,-,1058,HIMIKO,フィリピン,1970,KORIL,フィリピン,3352,GATON5,フィリピン,0,,-
Sparkle Shower,Astra Blaze,0,,-,1147,HIMIKO,フィリピン,2140,HIMIKO,フィリピン,3081,INDIA,フィリピン,0,,-
Sparkle Shower,Bang Bang Dance,0,,-,815,HIMIKO,フィリピン,1731,KUKO,フィリピン,2699,MYU2,フィリピン,0,,-
Sparkle Shower,BattleRoyal,0,,-,1096,HIMIKO,フィリピン,1683,HIMIKO,フィリピン,2484,MYU2,フィリピン,0,,-
Sparkle Shower,Begin,0,,-,1002,HIMIKO,フィリピン,1899,HIMIKO,フィリピン,3093,MYU2,フィリピン,0,,-
Sparkle Shower,BitRacer,0,,-,0,,-,1903,KORIL,フィリピン,3136,WINDA,フィリピン,0,,-
Sparkle Shower,Bloom,0,,-,670,KORIL,フィリピン,1153,HIMIKO,フィリピン,1778,KUKO,フィリピン,0,,-
Sparkle Shower,blue anthem,0,,-,1155,HIMIKO,フィリピン,1680,HIMIKO,フィリピン,2790,KUKO,フィリピン,0,,-
Sparkle Shower,Caramel Pain,224,HIMIKO,フィリピン,636,HIMIKO,フィリピン,1029,HIMIKO,フィリピン,1626,MYU2,フィリピン,0,,-
Sparkle Shower,Catch ya Getcha!,0,,-,1019,HIMIKO,フィリピン,1976,KUKO,フィリピン,2769,CRASS.,フィリピン,0,,-
Sparkle Shower,chaplet -IIDX re:build-,0,,-,1000,HIMIKO,フィリピン,1811,HIMIKO,フィリピン,2736,MYU2,フィリピン,0,,-
Sparkle Shower,COLOR BURST,198,HIMIKO,フィリピン,773,HIMIKO,フィリピン,1366,HIMIKO,フィリピン,2166,KUKO,フィリピン,0,,-
Sparkle Shower,Countdown to Heaven or Hell,0,,-,1233,HIMIKO,フィリピン,1971,KUKO,フィリピン,2952,MYU2,フィリピン,0,,-
Sparkle Shower,D.K.N. ON,0,,-,1018,HIMIKO,フィリピン,1897,HIMIKO,フィリピン,2480,KUKO,フィリピン,0,,-
Sparkle Shower,Digitized Ocean,0,,-,1149,HIMIKO,フィリピン,1956,BURI3.,フィリピン,3331,GATON5,フィリピン,0,,-
Sparkle Shower,Disco Killer Music Lover,0,,-,1077,HIMIKO,フィリピン,1814,KUKO,フィリピン,2930,MYU2,フィリピン,0,,-
Sparkle Shower,Dolphin Kick,0,,-,1474,HIMIKO,フィリピン,2093,KORIL,フィリピン,3334,GATON5,フィリピン,0,,-
Sparkle Shower,Dusk Endir,0,,-,1004,HIMIKO,フィリピン,2139,HIMIKO,フィリピン,3089,GATON5,フィリピン,0,,-
Sparkle Shower,ESPRIT ONE,0,,-,1254,HIMIKO,フィリピン,1741,HIMIKO,フィリピン,2865,MYU2,フィリピン,0,,-
Sparkle Shower,Ex-Otogibanashi,165,HIMIKO,フィリピン,454,HIMIKO,フィリピン,951,HIMIKO,フィリピン,1577,CRASS.,フィリピン,0,,-
Sparkle Shower,Fashion Fruit,0,,-,1047,HIMIKO,フィリピン,1863,HIMIKO,フィリピン,2962,MYU2,フィリピン,0,,-
Sparkle Shower,fixer,0,,-,781,HIMIKO,フィリピン,1578,HIMIKO,フィリピン,2984,KUKO,フィリピン,0,,-
Sparkle Shower,FIZZY FIZZY POP,0,,-,818,HIMIKO,フィリピン,1540,HIMIKO,フィリピン,2173,KUKO,フィリピン,0,,-
Sparkle Shower,FiZZλ_POT!0N,0,,-,1373,HIMIKO,フィリピン,1991,KORIL,フィリピン,3239,GATON5,フィリピン,0,,-
Sparkle Shower,From Human Blood,0,,-,1212,HIMIKO,フィリピン,2046,KUKO,フィリピン,3433,MYU2,フィリピン,0,,-
Sparkle Shower,Funky Quirky,0,,-,913,HIMIKO,フィリピン,1804,HIMIKO,フィリピン,2444,KUKO,フィリピン,0,,-
Sparkle Shower,Get Into The Groove feat.WaMi,0,,-,966,HIMIKO,フィリピン,1389,HIMIKO,フィリピン,2248,KUKO,フィリピン,0,,-
Sparkle Shower,Gimme a Big Beat(青龍 Remix),0,,-,880,KAGUYA,フィリピン,2218,KORIL,フィリピン,2724,KORIL,フィリピン,0,,-
Sparkle Shower,GO!,0,,-,857,HIMIKO,フィリピン,1752,HIMIKO,フィリピン,2881,KUKO,フィリピン,0,,-
Sparkle Shower,GOLD RUSH 2025,0,,-,835,HIMIKO,フィリピン,1451,HIMIKO,フィリピン,2572,KUKO,フィリピン,0,,-
Sparkle Shower,Hallucination,0,,-,1019,HIMIKO,フィリピン,1729,HIMIKO,フィリピン,2535,KUKO,フィリピン,0,,-
Sparkle Shower,HEROES,0,,-,1318,HIMIKO,フィリピン,2089,KORIL,フィリピン,3058,GATON5,フィリピン,0,,-
Sparkle Shower,HORIZON BEATZ,0,,-,753,HIMIKO,フィリピン,1624,HIMIKO,フィリピン,2492,KUKO,フィリピン,0,,-
Sparkle Shower,HyperTwist,0,,-,1238,HIMIKO,フィリピン,2074,HIMIKO,フィリピン,3201,MYU2,フィリピン,0,,-
Sparkle Shower,Ignited Night,0,,-,1057,HIMIKO,フィリピン,1471,HIMIKO,フィリピン,2298,GATON5,フィリピン,0,,-
Sparkle Shower,Iridescent Memories,0,,-,1083,KAGUYA,フィリピン,2047,CPU69,フィリピン,3507,INDIA,フィリピン,0,,-
Sparkle Shower,JUST SYNC ft.Kanae Asaba,0,,-,735,HIMIKO,フィリピン,1257,HIMIKO,フィリピン,1980,KUKO,フィリピン,0,,-
Sparkle Shower,Kick The Rainbow,0,,-,0,,-,1622,RYUNGA,フィリピン,2809,KUKO,フィリピン,0,,-
Sparkle Shower,King of Tribe,0,,-,1082,HIMIKO,フィリピン,1961,KORIL,フィリピン,2967,CRASS.,フィリピン,0,,-
Sparkle Shower,kors k's Let's make an Image Song!,0,,-,971,HIMIKO,フィリピン,1818,HIMIKO,フィリピン,2667,MYU2,フィリピン,0,,-
Sparkle Shower,Last Card,0,,-,1040,HIMIKO,フィリピン,1778,HIMIKO,フィリピン,2960,MYU2,フィリピン,0,,-
Sparkle Shower,LEMON MELON COOKIE,361,HIMIKO,フィリピン,799,HIMIKO,フィリピン,1543,KUKO,フィリピン,2231,MYU2,フィリピン,0,,-
Sparkle Shower,Limelight,0,,-,1093,HIMIKO,フィリピン,1853,KORIL,フィリピン,2793,INDIA,フィリピン,0,,-
Sparkle Shower,Lisa-RICCIA,505,HIMIKO,フィリピン,1207,HIMIKO,フィリピン,2129,TAKO,フィリピン,3260,MYU2,フィリピン,4281,MYU2,フィリピン
Sparkle Shower,Makin' It,0,,-,1018,HIMIKO,フィリピン,1596,KORIL,フィリピン,2484,CRASS.,フィリピン,0,,-
Sparkle Shower,Memoria Obscura,0,,-,998,HIMIKO,フィリピン,2089,TAKO,フィリピン,3847,MYU2,フィリピン,0,,-
Sparkle Shower,Meteor☆Shower,0,,-,0,,-,1898,MISSAV,フィリピン,2774,CRASS.,フィリピン,0,,-
Sparkle Shower,Mighty Beat Monsterz,0,,-,1224,HIMIKO,フィリピン,1857,KORIL,フィリピン,3026,KUKO,フィリピン,0,,-
Sparkle Shower,MOCHIMOCHI DREAMIN!!,0,,-,1108,HIMIKO,フィリピン,1822,KUKO,フィリピン,2896,KUKO,フィリピン,0,,-
Sparkle Shower,Nemophila,0,,-,1008,HIMIKO,フィリピン,1750,HIMIKO,フィリピン,2647,CRASS.,フィリピン,0,,-
Sparkle Shower,Nyan Nyan University,0,,-,909,HIMIKO,フィリピン,1534,HIMIKO,フィリピン,2511,MYU2,フィリピン,0,,-
Sparkle Shower,OMEGA,0,,-,1067,KORIL,フィリピン,1986,KORIL,フィリピン,3007,KUKO,フィリピン,0,,-
Sparkle Shower,PALETTE,363,HIMIKO,フィリピン,867,HIMIKO,フィリピン,1445,HIMIKO,フィリピン,2040,MYU2,フィリピン,0,,-
Sparkle Shower,PERFECT GREAT!!,0,,-,1263,HIMIKO,フィリピン,2250,HIMIKO,フィリピン,3542,CRASS.,フィリピン,0,,-
Sparkle Shower,pique,0,,-,1109,HIMIKO,フィリピン,1949,HIMIKO,フィリピン,2959,MYU2,フィリピン,0,,-
Sparkle Shower,RALLY '25,0,,-,1177,HIMIKO,フィリピン,2118,KUKO,フィリピン,3117,MYU2,フィリピン,0,,-
Sparkle Shower,REcorrection,0,,-,578,HIMIKO,フィリピン,1034,GATON5,フィリピン,1521,KUKO,フィリピン,0,,-
Sparkle Shower,Regina vespaE,0,,-,1202,HIMIKO,フィリピン,2181,KUKO,フィリピン,3421,MYU2,フィリピン,0,,-
Sparkle Shower,RIZING-GAMERS.,0,,-,1010,HIMIKO,フィリピン,1993,HIMIKO,フィリピン,3130,KUKO,フィリピン,0,,-
Sparkle Shower,RUINA,0,,-,916,HIMIKO,フィリピン,1675,KORIL,フィリピン,2615,GATON5,フィリピン,0,,-
Sparkle Shower,Second Heaven(Mamonis Remix),0,,-,0,,-,1344,RYUNGA,フィリピン,2410,KUKO,フィリピン,0,,-
Sparkle Shower,SHINING☆DANCE,0,,-,853,HIMIKO,フィリピン,1525,TAKO,フィリピン,2435,KUKO,フィリピン,0,,-
Sparkle Shower,Shooting Star,230,HIMIKO,フィリピン,832,TAKO,フィリピン,1494,HIMIKO,フィリピン,2390,KUKO,フィリピン,0,,-
Sparkle Shower,Show Time,0,,-,830,HIMIKO,フィリピン,1397,HIMIKO,フィリピン,1965,KUKO,フィリピン,0,,-
Sparkle Shower,Signs and Wonders,0,,-,660,HIMIKO,フィリピン,1029,HIMIKO,フィリピン,1556,HIMIKO,フィリピン,0,,-
Sparkle Shower,SILKY BRAVE,0,,-,899,HIMIKO,フィリピン,1550,HIMIKO,フィリピン,2350,KUKO,フィリピン,0,,-
Sparkle Shower,Skywalking,0,,-,886,HIMIKO,フィリピン,1412,HIMIKO,フィリピン,2306,KUKO,フィリピン,0,,-
Sparkle Shower,Smintheus,0,,-,1263,HIMIKO,フィリピン,2052,HIMIKO,フィリピン,3034,TAKO,フィリピン,0,,-
Sparkle Shower,SnapSkipSpark,0,,-,1066,HIMIKO,フィリピン,1853,CPU69,フィリピン,2894,MYU2,フィリピン,0,,-
Sparkle Shower,Space Battleship S4TO,0,,-,1308,HIMIKO,フィリピン,2086,KORIL,フィリピン,3673,MYU2,フィリピン,0,,-
Sparkle Shower,SPLASH!!!!!!!!!,0,,-,895,HIMIKO,フィリピン,1480,KUKO,フィリピン,2216,MYU2,フィリピン,0,,-
Sparkle Shower,Substance,0,,-,1137,HIMIKO,フィリピン,1673,KUKO,フィリピン,2947,CRASS.,フィリピン,0,,-
Sparkle Shower,super double play sessions,0,,-,1354,HIMIKO,フィリピン,2258,BURI3.,フィリピン,3817,GATON5,フィリピン,0,,-
Sparkle Shower,THUNDERSTRIKE,0,,-,1230,HIMIKO,フィリピン,1918,KORIL,フィリピン,3259,MYU2,フィリピン,0,,-
Sparkle Shower,TOKAKU=ALMiRAJ,0,,-,909,HIMIKO,フィリピン,1896,HIMIKO,フィリピン,2728,MYU2,フィリピン,0,,-
Sparkle Shower,UNDO THE NIGHT,0,,-,1006,HIMIKO,フィリピン,1942,HIMIKO,フィリピン,3183,MYU2,フィリピン,0,,-
Sparkle Shower,Vitamin,0,,-,1137,HIMIKO,フィリピン,1794,KUKO,フィリピン,2572,KUKO,フィリピン,0,,-
Sparkle Shower,voice of echo.,0,,-,1095,HIMIKO,フィリピン,1739,HIMIKO,フィリピン,2661,MYU2,フィリピン,0,,-
Sparkle Shower,Watermelon Explosion,0,,-,740,HIMIKO,フィリピン,1333,HIMIKO,フィリピン,2001,MYU2,フィリピン,0,,-
Sparkle Shower,Wizards!,0,,-,774,HIMIKO,フィリピン,1593,HIMIKO,フィリピン,2214,KUKO,フィリピン,0,,-
Sparkle Shower,X-Plan,0,,-,718,HIMIKO,フィリピン,1324,HIMIKO,フィリピン,2172,KUKO,フィリピン,0,,-
Sparkle Shower,[E],0,,-,1462,HIMIKO,フィリピン,2106,HIMIKO,フィリピン,3241,KUKO,フィリピン,0,,-
Sparkle Shower,Τeλοs,0,,-,1049,HIMIKO,フィリピン,1738,HIMIKO,フィリピン,2525,TAKO,フィリピン,0,,-
Sparkle Shower,ιgniЯRuina,0,,-,1369,TAKO,フィリピン,2119,BURI3.,フィリピン,3432,MYU2,フィリピン,0,,-
Sparkle Shower,⁽⁽ଘ( ˙꒳˙ )ଓ⁾⁾ beyond reason,0,,-,1222,HIMIKO,フィリピン,2003,CPU69,フィリピン,3499,CRASS.,フィリピン,0,,-
Sparkle Shower,かわいいだけじゃだめですか？,217,HIMIKO,フィリピン,913,HIMIKO,フィリピン,1561,KUKO,フィリピン,2108,MYU2,フィリピン,3390,MYU2,フィリピン
Sparkle Shower,じぇりー じゅえる ジャングル,0,,-,1200,HIMIKO,フィリピン,1909,HIMIKO,フィリピン,3035,INDIA,フィリピン,0,,-
Sparkle Shower,それが、ボクの使命～レスキュー隊長 メンキュー～,0,,-,739,HIMIKO,フィリピン,1555,KUKO,フィリピン,2136,MYU2,フィリピン,0,,-
Sparkle Shower,でんぱ どりる わんにゃー☆三,278,HIMIKO,フィリピン,1175,TAKO,フィリピン,2258,KUKO,フィリピン,3288,MYU2,フィリピン,0,,-
Sparkle Shower,もんめためたもん,208,HIMIKO,フィリピン,844,HIMIKO,フィリピン,1391,KUKO,フィリピン,2221,KUKO,フィリピン,0,,-
Sparkle Shower,オーバーライド,473,HIMIKO,フィリピン,1195,HIMIKO,フィリピン,1772,HIMIKO,フィリピン,3136,GATON5,フィリピン,0,,-
Sparkle Shower,キミとえがくキセキ,0,,-,891,HIMIKO,フィリピン,1462,HIMIKO,フィリピン,2196,INDIA,フィリピン,0,,-
Sparkle Shower,クレッシェンド,0,,-,1179,HIMIKO,フィリピン,1797,KORIL,フィリピン,3166,GATON5,フィリピン,0,,-
Sparkle Shower,サタデーナイト☆ギャロップ,0,,-,237,KAGUYA,フィリピン,1759,HIMIKO,フィリピン,3568,TAKO,フィリピン,0,,-
Sparkle Shower,タンポポ,0,,-,1238,HIMIKO,フィリピン,1856,HIMIKO,フィリピン,2620,KUKO,フィリピン,0,,-
Sparkle Shower,デラむぅのでらっくす☆どり～むぅ,0,,-,817,HIMIKO,フィリピン,1307,KUKO,フィリピン,1925,KUKO,フィリピン,0,,-
Sparkle Shower,バブリン,261,HIMIKO,フィリピン,1132,HIMIKO,フィリピン,1710,HIMIKO,フィリピン,2405,KORIL,フィリピン,0,,-
Sparkle Shower,ビビッド ☆+*。キラキライム,533,HIMIKO,フィリピン,1170,HIMIKO,フィリピン,2046,KORIL,フィリピン,3593,MYU2,フィリピン,0,,-
Sparkle Shower,ベラ・ベ・カラベラ,0,,-,998,HIMIKO,フィリピン,1697,KUKO,フィリピン,2630,CRASS.,フィリピン,0,,-
Sparkle Shower,ベンガル vs. アムール Battle,0,,-,1297,HIMIKO,フィリピン,1971,KORIL,フィリピン,3496,KUKO,フィリピン,0,,-
Sparkle Shower,メテオラ-meteor-,0,,-,1034,HIMIKO,フィリピン,1729,HIMIKO,フィリピン,2416,MYU2,フィリピン,0,,-
Sparkle Shower,メルト CPK! Remix (初音ミク ver.),465,HIMIKO,フィリピン,851,HIMIKO,フィリピン,1605,HIMIKO,フィリピン,2765,CRASS.,フィリピン,0,,-
Sparkle Shower,ラブコメトキドキシリアス,0,,-,1247,HIMIKO,フィリピン,1984,HIMIKO,フィリピン,3394,GATON5,フィリピン,0,,-
Sparkle Shower,レシピのリドル,0,,-,616,HIMIKO,フィリピン,1382,HIMIKO,フィリピン,2244,KUKO,フィリピン,0,,-
Sparkle Shower,三日天下モンキー,0,,-,720,HIMIKO,フィリピン,1251,HIMIKO,フィリピン,1684,KUKO,フィリピン,0,,-
Sparkle Shower,不死身ごっこ,260,HIMIKO,フィリピン,932,HIMIKO,フィリピン,1440,HIMIKO,フィリピン,2469,CRASS.,フィリピン,0,,-
Sparkle Shower,夏色のセレナーデ,0,,-,866,TAKO,フィリピン,1326,TAKO,フィリピン,2197,MYU2,フィリピン,0,,-
Sparkle Shower,夢色ワンダー,521,HIMIKO,フィリピン,1481,HIMIKO,フィリピン,2057,HIMIKO,フィリピン,2990,HIMIKO,フィリピン,0,,-
Sparkle Shower,好吃来世deエレクトリック,0,,-,791,HIMIKO,フィリピン,1357,HIMIKO,フィリピン,1882,CRASS.,フィリピン,0,,-
Sparkle Shower,恋愛観測,0,,-,688,HIMIKO,フィリピン,1432,HIMIKO,フィリピン,2434,MYU2,フィリピン,0,,-
Sparkle Shower,断罪のミメシス,0,,-,1401,HIMIKO,フィリピン,1950,SN,フィリピン,3080,GATON5,フィリピン,0,,-
Sparkle Shower,月下繚乱,0,,-,878,HIMIKO,フィリピン,1732,KUKO,フィリピン,2729,MYU2,フィリピン,0,,-
Sparkle Shower,煉獄コンフィチュール,0,,-,998,HIMIKO,フィリピン,1833,KUKO,フィリピン,2588,MYU2,フィリピン,0,,-
Sparkle Shower,百恋ラブラスター,0,,-,714,HIMIKO,フィリピン,1588,KUKO,フィリピン,2578,KUKO,フィリピン,0,,-
Sparkle Shower,色を喪った街,0,,-,1273,HIMIKO,フィリピン,2259,HIMIKO,フィリピン,3505,MYU2,フィリピン,0,,-
Sparkle Shower,華麗なる！音戯探偵ひなビタ,0,,-,674,HIMIKO,フィリピン,1278,HIMIKO,フィリピン,2138,KUKO,フィリピン,0,,-
Sparkle Shower,鏡像都市,0,,-,825,HIMIKO,フィリピン,1390,KUKO,フィリピン,1935,KUKO,フィリピン,0,,-
Sparkle Shower,閃と雷管とロープ,0,,-,889,HIMIKO,フィリピン,1366,HIMIKO,フィリピン,2505,MYU2,フィリピン,0,,-
