バージョン,タイトル,BEGINNER EXスコア,BEGINNER DJName,BEGINNER 都道府県,NORMAL EXスコア,NORMAL DJName,NORMAL 都道府県,HYPER EXスコア,HYPER DJName,HYPER 都道府県,ANOTHER EXスコア,ANOTHER DJName,ANOTHER 都道府県,LEGGENDARIA EXスコア,LEGGENDARIA DJName,LEGGENDARIA 都道府県
1st&substream,22DUNK,0,,-,437,VON,オーストラリア,202,G4142,オーストラリア,362,CRAX,オーストラリア,0,,-
1st&substream,5.1.1.,0,,-,162,VON,オーストラリア,792,STV,オーストラリア,1519,JOHNNN,オーストラリア,0,,-
1st&substream,deep in you,0,,-,388,QS36,オーストラリア,0,,-,594,BE1357,オーストラリア,0,,-
1st&substream,Dr.LOVE,0,,-,355,VON,オーストラリア,285,G4142,オーストラリア,451,BURGER,オーストラリア,0,,-
1st&substream,GAMBOL,0,,-,236,VON,オーストラリア,249,NON0J!,オーストラリア,0,,-,0,,-
1st&substream,GENOM SCREAMS,0,,-,329,G4142,オーストラリア,0,,-,1015,??,オーストラリア,0,,-
1st&substream,gentle stress,0,,-,191,ULTRA*,オーストラリア,455,NON0J!,オーストラリア,1139,*AER0*,オーストラリア,0,,-
1st&substream,GRADIUSIC CYBER,0,,-,866,BE1357,オーストラリア,666,KKRRTX,オーストラリア,1023,NON0J!,オーストラリア,0,,-
1st&substream,KEEP ON MOVIN',0,,-,179,NON0J!,オーストラリア,236,N*MAKI,オーストラリア,0,,-,0,,-
1st&substream,Macho Gang,0,,-,366,BE1357,オーストラリア,696,1P,オーストラリア,1443,??,オーストラリア,0,,-
1st&substream,PARANOIA MAX～DIRTY MIX～,0,,-,304,NOTJO3,オーストラリア,583,BLUE6,オーストラリア,993,7,オーストラリア,0,,-
1st&substream,R3,0,,-,503,VON,オーストラリア,404,SARDS!,オーストラリア,874,N*MAKI,オーストラリア,0,,-
1st&substream,RUGGED ASH,0,,-,146,SLINK,オーストラリア,324,ASHYYY,オーストラリア,846,SIGMA!,オーストラリア,1930,JOHNNN,オーストラリア
1st&substream,THE EARTH LIGHT,0,,-,421,NTHNG,オーストラリア,0,,-,1094,N*MAKI,オーストラリア,0,,-
2nd style,.59,0,,-,224,G4142,オーストラリア,798,VON,オーストラリア,1079,DAIJRO,オーストラリア,0,,-
2nd style,Digital MinD(A/T Libra mix),0,,-,0,,-,1027,BE1357,オーストラリア,1030,NON0J!,オーストラリア,0,,-
2nd style,Electro Tuned(the SubS mix),0,,-,0,,-,926,BE1357,オーストラリア,664,SARDS!,オーストラリア,0,,-
2nd style,I Was The One,0,,-,374,BLUE6,オーストラリア,436,NEO,オーストラリア,0,,-,0,,-
2nd style,Indigo Vision(full flavour hide around mix),0,,-,571,SAMECO,オーストラリア,1026,BE1357,オーストラリア,1193,DAIJRO,オーストラリア,0,,-
2nd style,PUT YOUR FAITH IN ME(for beatmania II),0,,-,288,KREEM,オーストラリア,786,NON0J!,オーストラリア,0,,-,0,,-
2nd style,SP-TRIP MACHINE(for beatmania II),0,,-,318,NOTJO3,オーストラリア,423,NEO,オーストラリア,262,ARII!?,オーストラリア,0,,-
3rd style,CAN'T STOP FALLIN'IN LOVE,0,,-,453,QS36,オーストラリア,803,VON,オーストラリア,0,,-,0,,-
3rd style,Don't Stop!,0,,-,406,NTHNG,オーストラリア,0,,-,880,DAIJRO,オーストラリア,0,,-
3rd style,era (nostalmix),0,,-,807,BE1357,オーストラリア,903,CANADA,オーストラリア,1324,NON0J!,オーストラリア,0,,-
3rd style,Holic,0,,-,743,BE1357,オーストラリア,1010,MIATA!,オーストラリア,1644,JOHNNN,オーストラリア,0,,-
3rd style,LEADING CYBER,0,,-,252,SPGTTI,オーストラリア,681,NEO,オーストラリア,1148,??,オーストラリア,0,,-
3rd style,Presto,0,,-,246,NEO,オーストラリア,0,,-,568,SARDS!,オーストラリア,0,,-
3rd style,R5,0,,-,492,QS36,オーストラリア,0,,-,1722,JOHNNN,オーストラリア,0,,-
3rd style,REINCARNATION,0,,-,0,,-,0,,-,1226,??,オーストラリア,0,,-
3rd style,Schlagwerk,0,,-,0,,-,989,VLD,オーストラリア,1330,MIATA!,オーストラリア,0,,-
3rd style,Skyscraper,0,,-,0,,-,527,QS36,オーストラリア,1135,5BAVNH,オーストラリア,0,,-
3rd style,Tangerine Stream,0,,-,105,KIKI,オーストラリア,392,N*MAKI,オーストラリア,0,,-,0,,-
3rd style,THE SAFARI,191,I0NTPS,オーストラリア,982,XYLKY-,オーストラリア,1652,??,オーストラリア,0,,-,0,,-
4th style,250bpm,0,,-,352,NEO,オーストラリア,0,,-,1338,JOHNNN,オーストラリア,0,,-
4th style,ABSOLUTE,0,,-,1047,AO508!,オーストラリア,1766,BE1357,オーストラリア,2288,??,オーストラリア,2552,DAIJRO,オーストラリア
4th style,B4U,0,,-,952,BE1357,オーストラリア,0,,-,1712,AYTEMS,オーストラリア,0,,-
4th style,Broken My Heart,0,,-,909,BE1357,オーストラリア,0,,-,1670,BE1357,オーストラリア,0,,-
4th style,Burnin' The Floor,0,,-,338,NTHNG,オーストラリア,633,ASHYYY,オーストラリア,1415,DAIJRO,オーストラリア,0,,-
4th style,CHECKING YOU OUT,0,,-,369,BLUE6,オーストラリア,0,,-,1180,DAIJRO,オーストラリア,0,,-
4th style,Clione,0,,-,394,QS36,オーストラリア,915,BE1357,オーストラリア,1538,IIDX33,オーストラリア,2041,DAIJRO,オーストラリア
4th style,DXY!,0,,-,67,MYKE,オーストラリア,1113,BAUXE,オーストラリア,2133,JOHNNN,オーストラリア,0,,-
4th style,empathy,0,,-,817,BE1357,オーストラリア,0,,-,1343,??,オーストラリア,0,,-
4th style,era (step mix),0,,-,0,,-,1260,AYTEMS,オーストラリア,1451,??,オーストラリア,0,,-
4th style,FLOWERS for ALBION,0,,-,0,,-,183,JAE,オーストラリア,0,,-,0,,-
4th style,HIGHER,0,,-,214,MYKE,オーストラリア,0,,-,1201,7,オーストラリア,0,,-
4th style,Hitch Hiker2,0,,-,515,STV,オーストラリア,309,NEO,オーストラリア,962,SIGMA!,オーストラリア,1394,WAGYU,オーストラリア
4th style,Jam&Marmalade,0,,-,426,NEO,オーストラリア,0,,-,985,??,オーストラリア,0,,-
4th style,KAMIKAZE,0,,-,1006,BE1357,オーストラリア,0,,-,2196,N*MAKI,オーストラリア,0,,-
4th style,LOVE WILL・・・,0,,-,315,DFLAT,オーストラリア,353,NTHNG,オーストラリア,1421,DAIJRO,オーストラリア,0,,-
4th style,minimalian,0,,-,192,PZER0,オーストラリア,0,,-,1321,??,オーストラリア,0,,-
4th style,Mr.T.(take me higher),0,,-,0,,-,0,,-,1684,??,オーストラリア,0,,-
4th style,starmine,383,ADDI,オーストラリア,622,STV,オーストラリア,1266,ASHURA,オーストラリア,1541,IIDX33,オーストラリア,0,,-
4th style,SWEET LAB,0,,-,295,DAZED!,オーストラリア,209,RMC,オーストラリア,1246,BE1357,オーストラリア,0,,-
4th style,Voltage (feat. Hidemaru),0,,-,506,QS36,オーストラリア,0,,-,1247,5BAVNH,オーストラリア,0,,-
5th style,Abyss,0,,-,1245,BE1357,オーストラリア,1263,STV,オーストラリア,1835,??,オーストラリア,0,,-
5th style,in my eyes,0,,-,955,BE1357,オーストラリア,0,,-,1319,??,オーストラリア,0,,-
5th style,LOVE AGAIN TONIGHT～for Mellisa mix～,0,,-,148,XIOX,オーストラリア,614,SARDS!,オーストラリア,1031,??,オーストラリア,0,,-
5th style,outer wall,0,,-,0,,-,536,QS36,オーストラリア,1659,DAIJRO,オーストラリア,0,,-
5th style,QQQ,0,,-,515,VERITY,オーストラリア,1509,*AER0*,オーストラリア,1700,HIROE?,オーストラリア,0,,-
5th style,Radical Faith,0,,-,0,,-,665,QS36,オーストラリア,1221,??,オーストラリア,0,,-
5th style,Real,0,,-,589,NEO,オーストラリア,1203,VON,オーストラリア,1671,??,オーストラリア,0,,-
5th style,Regulus,0,,-,504,NEO,オーストラリア,0,,-,0,,-,0,,-
5th style,RIDE ON THE LIGHT (HI GREAT MIX),0,,-,648,BURGER,オーストラリア,1048,BE1357,オーストラリア,1666,JOHNNN,オーストラリア,1755,JOHNNN,オーストラリア
5th style,RISLIM,0,,-,0,,-,1186,N*MAKI,オーストラリア,0,,-,0,,-
5th style,sometime,0,,-,0,,-,556,QS36,オーストラリア,1268,??,オーストラリア,0,,-
5th style,Spin the disc,0,,-,444,LILI,オーストラリア,913,KOOL,オーストラリア,1270,BE1357,オーストラリア,0,,-
5th style,STILL IN MY HEART,0,,-,694,VON,オーストラリア,0,,-,1786,DAIJRO,オーストラリア,0,,-
5th style,still my words,0,,-,712,TAKUM,オーストラリア,1169,??,オーストラリア,0,,-,0,,-
5th style,sync,0,,-,841,HRCAM,オーストラリア,1235,DRSQAT,オーストラリア,2287,IIDX32,オーストラリア,0,,-
5th style,THE CUBE,0,,-,473,SAMECO,オーストラリア,95,N.A,オーストラリア,923,SARDS!,オーストラリア,0,,-
5th style,THE SHINING POLARIS,0,,-,0,,-,0,,-,1543,DAIJRO,オーストラリア,0,,-
5th style,V,163,AKHRSS,オーストラリア,953,KOOL,オーストラリア,2198,DAIJRO,オーストラリア,2887,JOHNNN,オーストラリア,0,,-
6th style,"19,November",0,,-,0,,-,870,UNCHND,オーストラリア,1617,??,オーストラリア,0,,-
6th style,BALLAD FOR YOU～想いの雨～,0,,-,402,SBLMNL,オーストラリア,753,BE1357,オーストラリア,1029,XV-MON,オーストラリア,0,,-
6th style,Blueberry Stream,0,,-,818,BE1357,オーストラリア,0,,-,875,AON3KO,オーストラリア,0,,-
6th style,Buffalo,0,,-,963,BE1357,オーストラリア,0,,-,1687,??,オーストラリア,2433,JOHNNN,オーストラリア
6th style,Colors (radio edit),0,,-,1203,STV,オーストラリア,1528,ASHURA,オーストラリア,2322,JOHNNN,オーストラリア,0,,-
6th style,DIVE ～INTO YOUR HEART～,0,,-,1229,BE1357,オーストラリア,1388,STV,オーストラリア,2028,DAIJRO,オーストラリア,0,,-
6th style,fly through the night,0,,-,532,SAMECO,オーストラリア,825,DDRPRO,オーストラリア,1637,DAIJRO,オーストラリア,0,,-
6th style,Free Style,0,,-,908,BE1357,オーストラリア,656,ASHYYY,オーストラリア,1230,DAIJRO,オーストラリア,0,,-
6th style,Frozen Ray (original mix),0,,-,0,,-,1529,DA3YAN,オーストラリア,1729,BE1357,オーストラリア,0,,-
6th style,G2,0,,-,1027,VON,オーストラリア,1278,*AER0*,オーストラリア,2156,JOHNNN,オーストラリア,0,,-
6th style,L'amour et la liberte,0,,-,958,BE1357,オーストラリア,1503,RINDEX,オーストラリア,1964,IIDX33,オーストラリア,0,,-
6th style,Linus,0,,-,947,BE1357,オーストラリア,0,,-,2109,??,オーストラリア,0,,-
6th style,NEMESIS,0,,-,601,MZNAKR,オーストラリア,1335,DA3YAN,オーストラリア,1746,JOHNNN,オーストラリア,0,,-
6th style,rottel-da-sun,0,,-,0,,-,992,SIGMA!,オーストラリア,1780,BE1357,オーストラリア,0,,-
6th style,route 80s,0,,-,606,QS36,オーストラリア,872,SIGMA!,オーストラリア,1459,JOHNNN,オーストラリア,0,,-
6th style,SOMETHING WONDERFUL,0,,-,0,,-,0,,-,1688,NON0J!,オーストラリア,0,,-
6th style,Summer Vacation(CU mix),0,,-,593,NEO,オーストラリア,1672,??,オーストラリア,0,,-,0,,-
6th style,Take It Easy,0,,-,0,,-,1776,*AER0*,オーストラリア,2429,JOHNNN,オーストラリア,0,,-
6th style,VJ ARMY,0,,-,0,,-,1385,*AER0*,オーストラリア,1948,??,オーストラリア,0,,-
6th style,こっちを向いてよ,0,,-,690,DAIJRO,オーストラリア,0,,-,1325,BE1357,オーストラリア,0,,-
7th style,A,0,,-,697,VON,オーストラリア,1627,JO,オーストラリア,2342,??,オーストラリア,0,,-
7th style,AVE DE RAPINA,0,,-,860,NEO,オーストラリア,1248,WAGYU,オーストラリア,1692,??,オーストラリア,0,,-
7th style,Bad Routine,0,,-,988,BE1357,オーストラリア,1119,MU,オーストラリア,1820,??,オーストラリア,0,,-
7th style,Burning Heat! (Full Option Mix),0,,-,384,SAMECO,オーストラリア,933,BE1357,オーストラリア,1353,DAIJRO,オーストラリア,0,,-
7th style,Cheer Train,0,,-,884,BE1357,オーストラリア,0,,-,1703,IIDX33,オーストラリア,0,,-
7th style,D2R,0,,-,938,BE1357,オーストラリア,0,,-,1529,DAIJRO,オーストラリア,0,,-
7th style,DESTINY,0,,-,1051,BE1357,オーストラリア,930,DDRPRO,オーストラリア,1789,BE1357,オーストラリア,0,,-
7th style,foreplay,0,,-,0,,-,341,NEO,オーストラリア,1228,??,オーストラリア,0,,-
7th style,Glorious Days,0,,-,309,DAZED!,オーストラリア,775,BE1357,オーストラリア,863,N*MAKI,オーストラリア,0,,-
7th style,Happy Wedding,0,,-,676,RINON!,オーストラリア,1179,BLUE6,オーストラリア,1809,IIDX33,オーストラリア,0,,-
7th style,Last Message,0,,-,992,BE1357,オーストラリア,972,DRSQAT,オーストラリア,1545,DAIJRO,オーストラリア,0,,-
7th style,Love Me Do,0,,-,1113,BE1357,オーストラリア,0,,-,2054,DAIJRO,オーストラリア,0,,-
7th style,MAX 300,0,,-,613,SHINER,オーストラリア,1386,YUKIPO,オーストラリア,2628,JOHNNN,オーストラリア,0,,-
7th style,Somebody Like You,0,,-,525,NTHNG,オーストラリア,721,NEO,オーストラリア,1622,??,オーストラリア,0,,-
7th style,Spica,0,,-,399,LEEK*,オーストラリア,1068,WAGYU,オーストラリア,2054,JOHNNN,オーストラリア,0,,-
7th style,stoic,0,,-,1242,BLUE6,オーストラリア,0,,-,2444,JOHNNN,オーストラリア,0,,-
7th style,Tomorrow Perfume,0,,-,0,,-,1325,BLUE6,オーストラリア,1976,??,オーストラリア,0,,-
7th style,traces,0,,-,628,QS36,オーストラリア,1240,BLUE6,オーストラリア,1998,DAIJRO,オーストラリア,0,,-
7th style,ZERO-ONE,0,,-,0,,-,1332,*AER0*,オーストラリア,2098,DAIJRO,オーストラリア,2712,JOHNNN,オーストラリア
7th style,革命,0,,-,573,STV,オーストラリア,1671,IIDX33,オーストラリア,1891,#BURU#,オーストラリア,0,,-
8th style,abstract,0,,-,0,,-,1579,BE1357,オーストラリア,1798,??,オーストラリア,0,,-
8th style,airflow,0,,-,0,,-,754,BE1357,オーストラリア,1397,N*MAKI,オーストラリア,0,,-
8th style,ALL RIGHT,0,,-,414,QS36,オーストラリア,0,,-,1570,DAIJRO,オーストラリア,0,,-
8th style,Attitude,0,,-,976,BE1357,オーストラリア,0,,-,1714,JOHNNN,オーストラリア,0,,-
8th style,bit mania,0,,-,539,IIDX33,オーストラリア,1249,BE1357,オーストラリア,1824,DAIJRO,オーストラリア,0,,-
8th style,Blame,0,,-,1037,STV,オーストラリア,1235,STV,オーストラリア,1867,??,オーストラリア,0,,-
8th style,CELEBRATE NITE,0,,-,885,BE1357,オーストラリア,0,,-,1361,??,オーストラリア,0,,-
8th style,Colors -Y&Co. Eurobeat Remix-,0,,-,1122,BE1357,オーストラリア,1612,STV,オーストラリア,1719,CANADA,オーストラリア,0,,-
8th style,dual control,0,,-,742,BE1357,オーストラリア,0,,-,1800,BE1357,オーストラリア,0,,-
8th style,Giudecca,0,,-,0,,-,0,,-,2575,JOHNNN,オーストラリア,0,,-
8th style,Halfway of promise,0,,-,348,ELENOR,オーストラリア,0,,-,1697,BE1357,オーストラリア,0,,-
8th style,HYPER BOUNDARY GATE,0,,-,0,,-,1389,STV,オーストラリア,2107,DAIJRO,オーストラリア,0,,-
8th style,LAB,0,,-,993,BE1357,オーストラリア,1391,KARTER,オーストラリア,1998,??,オーストラリア,2588,IIDX33,オーストラリア
8th style,LOVE IS ORANGE,0,,-,646,BURGER,オーストラリア,871,HRCAM,オーストラリア,1749,DAIJRO,オーストラリア,2031,BE1357,オーストラリア
8th style,Luv 2 Feel Your Body,0,,-,540,BURGER,オーストラリア,832,BOOTH,オーストラリア,1584,??,オーストラリア,0,,-
8th style,memories,0,,-,0,,-,0,,-,2143,??,オーストラリア,0,,-
8th style,Monkey Dance,0,,-,391,ANNIE,オーストラリア,982,SIGMA!,オーストラリア,1796,NON0J!,オーストラリア,0,,-
8th style,murmur twins,0,,-,849,DDRPRO,オーストラリア,1252,*AER0*,オーストラリア,2324,BE1357,オーストラリア,0,,-
8th style,MUSIC TO YOUR HEAD,0,,-,396,DEVAN?,オーストラリア,0,,-,1617,??,オーストラリア,0,,-
8th style,PLEASE DON'T GO,0,,-,146,RINON!,オーストラリア,1019,STV,オーストラリア,2297,JOHNNN,オーストラリア,0,,-
8th style,rainbow flyer,0,,-,444,LEEK*,オーストラリア,1103,LXASLA,オーストラリア,1888,??,オーストラリア,0,,-
8th style,symbolic,0,,-,831,SARDS!,オーストラリア,1441,*AER0*,オーストラリア,2111,JOHNNN,オーストラリア,0,,-
8th style,thunder,0,,-,839,SHINER,オーストラリア,1380,7,オーストラリア,1795,??,オーストラリア,0,,-
8th style,WAR GAME,0,,-,501,ANNIE,オーストラリア,1190,VON,オーストラリア,2043,??,オーストラリア,0,,-
8th style,World Wide Love,0,,-,623,GUM0M0,オーストラリア,0,,-,1100,??,オーストラリア,0,,-
8th style,xenon,0,,-,0,,-,1140,BLUE6,オーストラリア,2569,DAIJRO,オーストラリア,0,,-
8th style,桜,0,,-,657,BLUE6,オーストラリア,1131,*AER0*,オーストラリア,2021,JOHNNN,オーストラリア,0,,-
8th style,蒼い衝動,0,,-,765,VON,オーストラリア,669,QS36,オーストラリア,1523,BE1357,オーストラリア,0,,-
9th style,Abyss -The Heavens Remix-,396,#BURU#,オーストラリア,1022,VON,オーストラリア,1560,JO,オーストラリア,2278,DAIJRO,オーストラリア,0,,-
9th style,ACT,0,,-,846,AO508!,オーストラリア,1282,WAGYU,オーストラリア,1792,BE1357,オーストラリア,0,,-
9th style,ADVANCE,0,,-,0,,-,0,,-,1550,IIDX33,オーストラリア,0,,-
9th style,ATOMIC AGE,0,,-,162,G4142,オーストラリア,644,BE1357,オーストラリア,1254,N*MAKI,オーストラリア,0,,-
9th style,BAD BOY BASS!! (dj Remo-con MIX),0,,-,888,BE1357,オーストラリア,1072,BLUE6,オーストラリア,1761,N*MAKI,オーストラリア,0,,-
9th style,bag,0,,-,897,BE1357,オーストラリア,135,BRDFSH,オーストラリア,1851,??,オーストラリア,0,,-
9th style,BRIGHTNESS DARKNESS,0,,-,0,,-,922,AO508!,オーストラリア,1671,??,オーストラリア,0,,-
9th style,Cradle,0,,-,887,BE1357,オーストラリア,0,,-,1538,N*MAKI,オーストラリア,0,,-
9th style,Distress,0,,-,0,,-,1406,*AER0*,オーストラリア,0,,-,0,,-
9th style,e-motion 2003  -romantic extra-,0,,-,824,BLUE6,オーストラリア,1131,BLUE6,オーストラリア,1883,??,オーストラリア,0,,-
9th style,fun,0,,-,349,QS36,オーストラリア,441,NEO,オーストラリア,1710,N*MAKI,オーストラリア,0,,-
9th style,Golden Horn,0,,-,0,,-,0,,-,1366,??,オーストラリア,0,,-
9th style,HYPER EUROBEAT (2DX style),0,,-,1083,BE1357,オーストラリア,0,,-,1870,??,オーストラリア,0,,-
9th style,I Was The One (80's EUROBEAT STYLE),0,,-,418,NTHNG,オーストラリア,948,SIO,オーストラリア,1431,N*MAKI,オーストラリア,0,,-
9th style,Karma,0,,-,1059,SIGMA!,オーストラリア,0,,-,1631,NON0J!,オーストラリア,0,,-
9th style,lights,0,,-,264,ULTRA*,オーストラリア,0,,-,1732,BE1357,オーストラリア,0,,-
9th style,Logic Board,0,,-,1024,BE1357,オーストラリア,1720,RINDEX,オーストラリア,2225,JOHNNN,オーストラリア,0,,-
9th style,LOVE SHINE,300,LILI,オーストラリア,830,BE1357,オーストラリア,1680,ASHURA,オーストラリア,2055,BE1357,オーストラリア,0,,-
9th style,lower world,0,,-,786,AO508!,オーストラリア,0,,-,2184,BE1357,オーストラリア,0,,-
9th style,Make A Difference,0,,-,0,,-,0,,-,2125,??,オーストラリア,0,,-
9th style,MARIA (I believe... ),0,,-,0,,-,1364,ASHURA,オーストラリア,1895,??,オーストラリア,0,,-
9th style,moon_child,0,,-,657,LILI,オーストラリア,1747,7,オーストラリア,2441,JOHNNN,オーストラリア,0,,-
9th style,one or eight,0,,-,1119,JO,オーストラリア,1505,IYAN99,オーストラリア,2140,JOHNNN,オーストラリア,0,,-
9th style,PARANOIA survivor MAX,0,,-,395,SAMECO,オーストラリア,0,,-,1883,JOHNNN,オーストラリア,0,,-
9th style,quasar,0,,-,887,KIITE,オーストラリア,1631,IIDX33,オーストラリア,2257,??,オーストラリア,0,,-
9th style,Quickening,0,,-,493,NEO,オーストラリア,0,,-,2035,??,オーストラリア,0,,-
9th style,Really Love,0,,-,365,CLOWN,オーストラリア,551,QS36,オーストラリア,1711,N*MAKI,オーストラリア,0,,-
9th style,RISLIM -Remix-,0,,-,517,QS36,オーストラリア,578,QS36,オーストラリア,1785,JOHNNN,オーストラリア,0,,-
9th style,rottel-the-Mercury,0,,-,605,QS36,オーストラリア,1463,SIGMA!,オーストラリア,2220,JOHNNN,オーストラリア,0,,-
9th style,Silvia Drive,0,,-,0,,-,1475,JOHNNN,オーストラリア,1438,*AER0*,オーストラリア,0,,-
9th style,SNOW,0,,-,0,,-,953,BLUE6,オーストラリア,1940,BE1357,オーストラリア,0,,-
9th style,STAR FIELD,0,,-,575,TAKUM,オーストラリア,1306,*AER0*,オーストラリア,1810,??,オーストラリア,0,,-
9th style,Sweet Sweet Magic,0,,-,0,,-,1096,BLUE6,オーストラリア,1969,??,オーストラリア,0,,-
9th style,SWEETEST SAVAGE,0,,-,419,NTHNG,オーストラリア,0,,-,1746,JOHNNN,オーストラリア,0,,-
9th style,ライオン好き,0,,-,540,VON,オーストラリア,858,DDRPRO,オーストラリア,1458,??,オーストラリア,0,,-
9th style,真夏の花・真夏の夢,0,,-,628,BLUE6,オーストラリア,886,BLUE6,オーストラリア,1452,BE1357,オーストラリア,0,,-
10th style,1st Samurai,0,,-,847,VON,オーストラリア,0,,-,2452,BE1357,オーストラリア,0,,-
10th style,ALIEN TEMPLE,0,,-,950,BE1357,オーストラリア,1161,VLD,オーストラリア,1901,??,オーストラリア,0,,-
10th style,ASTRAL VOYAGE,0,,-,972,BE1357,オーストラリア,0,,-,1835,??,オーストラリア,0,,-
10th style,BABY LOVE,0,,-,581,IIDX33,オーストラリア,1639,DAIJRO,オーストラリア,2085,N*MAKI,オーストラリア,0,,-
10th style,Back Into The Light,0,,-,840,BLUE6,オーストラリア,1580,DAIJRO,オーストラリア,2102,BE1357,オーストラリア,0,,-
10th style,Boundary,0,,-,379,NAM.C,オーストラリア,0,,-,1984,??,オーストラリア,0,,-
10th style,CARRY ON NIGHT (English version),0,,-,989,BE1357,オーストラリア,0,,-,1957,DAIJRO,オーストラリア,0,,-
10th style,Daisuke,380,ALTA,オーストラリア,1045,VON,オーストラリア,1390,SIGMA!,オーストラリア,2349,??,オーストラリア,0,,-
10th style,Debtty Daddy,0,,-,1029,BE1357,オーストラリア,42,SARDS!,オーストラリア,2621,JOHNNN,オーストラリア,0,,-
10th style,desolation,0,,-,0,,-,0,,-,729,??,オーストラリア,0,,-
10th style,DoLL,209,LILI,オーストラリア,939,BE1357,オーストラリア,1047,VON,オーストラリア,1595,N*MAKI,オーストラリア,0,,-
10th style,EXE,0,,-,689,VON,オーストラリア,1193,HRCAM,オーストラリア,2164,DAIJRO,オーストラリア,0,,-
10th style,Feedback,0,,-,1045,BE1357,オーストラリア,1119,BLUE6,オーストラリア,1825,N*MAKI,オーストラリア,0,,-
10th style,FEEL IT,0,,-,904,BE1357,オーストラリア,0,,-,1801,??,オーストラリア,0,,-
10th style,Freezing atmosphere,0,,-,0,,-,701,HRCAM,オーストラリア,1372,??,オーストラリア,0,,-
10th style,GHOST REVIVAL,0,,-,900,BE1357,オーストラリア,0,,-,2249,DAIJRO,オーストラリア,0,,-
10th style,GRADIUS -FULL SPEED-,0,,-,406,LILI,オーストラリア,676,MR.K,オーストラリア,1909,JOHNNN,オーストラリア,0,,-
10th style,HIGH,0,,-,909,BE1357,オーストラリア,1530,AXP-43,オーストラリア,2114,JOHNNN,オーストラリア,2813,JOHNNN,オーストラリア
10th style,Innocent Walls,0,,-,1208,VON,オーストラリア,2394,JOHNNN,オーストラリア,2679,JOHNNN,オーストラリア,0,,-
10th style,Love Is Eternity,0,,-,1061,XYLKY-,オーストラリア,1256,BLUE6,オーストラリア,2309,BE1357,オーストラリア,0,,-
10th style,Lucy,0,,-,0,,-,1442,*AER0*,オーストラリア,2258,??,オーストラリア,0,,-
10th style,Narcissus At Oasis,0,,-,444,DAZED!,オーストラリア,1166,Y.,オーストラリア,1584,??,オーストラリア,0,,-
10th style,No.13,0,,-,920,VLD,オーストラリア,1936,ENODEN,オーストラリア,3023,IIDX33,オーストラリア,0,,-
10th style,One More Lovely,0,,-,0,,-,1183,BLUE6,オーストラリア,2644,??,オーストラリア,0,,-
10th style,pandora,0,,-,697,BLUE6,オーストラリア,1354,MIATA!,オーストラリア,1777,??,オーストラリア,0,,-
10th style,rainbow rainbow,0,,-,813,BAUXE,オーストラリア,1284,YUME,オーストラリア,2546,DAIJRO,オーストラリア,0,,-
10th style,Rise'n Beauty,0,,-,653,QS36,オーストラリア,0,,-,2067,DAIJRO,オーストラリア,3770,??,オーストラリア
10th style,SCORE,0,,-,762,QS36,オーストラリア,862,MR.K,オーストラリア,1993,??,オーストラリア,0,,-
10th style,SHOOTING STAR,0,,-,0,,-,1167,VON,オーストラリア,2175,BE1357,オーストラリア,0,,-
10th style,SPACE FIGHT,0,,-,0,,-,1006,VON,オーストラリア,2000,DAIJRO,オーストラリア,0,,-
10th style,システムロマンス,0,,-,175,ELENOR,オーストラリア,1236,VLD,オーストラリア,1973,DAIJRO,オーストラリア,0,,-
10th style,雪月花,0,,-,908,STV,オーストラリア,1582,ASHURA,オーストラリア,2382,JOHNNN,オーストラリア,0,,-
IIDX RED,AA,0,,-,1230,BE1357,オーストラリア,2258,IIDX33,オーストラリア,3510,??,オーストラリア,0,,-
IIDX RED,AGEHA,324,KREEM,オーストラリア,1029,BE1357,オーストラリア,1137,RAZMA,オーストラリア,1831,BE1357,オーストラリア,2367,JOHNNN,オーストラリア
IIDX RED,ANDROMEDA,0,,-,995,BE1357,オーストラリア,1217,YUXI7G,オーストラリア,2781,??,オーストラリア,0,,-
IIDX RED,awakening,0,,-,1054,BE1357,オーストラリア,0,,-,1681,??,オーストラリア,0,,-
IIDX RED,Be quiet,0,,-,1049,BE1357,オーストラリア,1158,BLUE6,オーストラリア,2117,JOHNNN,オーストラリア,2524,IIDX33,オーストラリア
IIDX RED,BLOCKS,0,,-,787,BE1357,オーストラリア,191,BLUE6,オーストラリア,1866,??,オーストラリア,0,,-
IIDX RED,BREATH,0,,-,700,HRCAM,オーストラリア,1108,STV,オーストラリア,1639,??,オーストラリア,0,,-
IIDX RED,Click Again,0,,-,840,BE1357,オーストラリア,0,,-,2050,JOHNNN,オーストラリア,0,,-
IIDX RED,Close my Eyes for Me,0,,-,966,BE1357,オーストラリア,956,BLUE6,オーストラリア,1766,N*MAKI,オーストラリア,0,,-
IIDX RED,D.A.N.C.E.!,0,,-,476,VON,オーストラリア,818,BE1357,オーストラリア,1510,XV-MON,オーストラリア,0,,-
IIDX RED,Don't be afraid myself,0,,-,1060,BE1357,オーストラリア,1180,BLUE6,オーストラリア,2213,IIDX33,オーストラリア,0,,-
IIDX RED,earth scape,0,,-,339,MUGI26,オーストラリア,987,BE1357,オーストラリア,1247,N*MAKI,オーストラリア,0,,-
IIDX RED,FAKE TIME,0,,-,1018,BE1357,オーストラリア,1661,N*MAKI,オーストラリア,2297,JOHNNN,オーストラリア,0,,-
IIDX RED,Fly Away To India,0,,-,281,KREEM,オーストラリア,832,HRCAM,オーストラリア,1349,??,オーストラリア,0,,-
IIDX RED,GENOCIDE,0,,-,1088,BE1357,オーストラリア,927,BLUE6,オーストラリア,2294,BE1357,オーストラリア,0,,-
IIDX RED,gigadelic,478,PZER0,オーストラリア,1091,BLUE6,オーストラリア,2091,JOHNNN,オーストラリア,2431,JOHNNN,オーストラリア,0,,-
IIDX RED,HORIZON,0,,-,1066,BE1357,オーストラリア,1169,SIGMA!,オーストラリア,1926,JOHNNN,オーストラリア,0,,-
IIDX RED,KEY,0,,-,959,VON,オーストラリア,1367,STV,オーストラリア,2801,??,オーストラリア,0,,-
IIDX RED,NEBULA GRASPER,0,,-,852,ASHYYY,オーストラリア,1857,JOHNNN,オーストラリア,0,,-,0,,-
IIDX RED,Raspberry Heart(English version),0,,-,873,STV,オーストラリア,1180,BLUE6,オーストラリア,1807,JOHNNN,オーストラリア,0,,-
IIDX RED,RED ZONE,119,LILI,オーストラリア,848,VON,オーストラリア,1590,S-PUC,オーストラリア,2209,DAIJRO,オーストラリア,3008,JOHNNN,オーストラリア
IIDX RED,RESONATE 1794,0,,-,412,LILI,オーストラリア,0,,-,1811,N*MAKI,オーストラリア,0,,-
IIDX RED,Secret of Love,0,,-,0,,-,0,,-,1963,JOHNNN,オーストラリア,0,,-
IIDX RED,SPEEDY CAT,0,,-,880,VON,オーストラリア,1167,VON,オーストラリア,1972,DAIJRO,オーストラリア,0,,-
IIDX RED,Sphere,0,,-,0,,-,695,DRSQAT,オーストラリア,2105,??,オーストラリア,0,,-
IIDX RED,spiral galaxy,0,,-,0,,-,1641,ASHURA,オーストラリア,2501,??,オーストラリア,3602,JOHNNN,オーストラリア
IIDX RED,The Hope of Tomorrow,0,,-,0,,-,262,APPURU,オーストラリア,1848,BE1357,オーストラリア,0,,-
IIDX RED,Wonder Bullfighter,0,,-,0,,-,873,KOOL,オーストラリア,1894,??,オーストラリア,0,,-
IIDX RED,ピアノ協奏曲第１番”蠍火”,0,,-,570,VON,オーストラリア,1887,AAAAAA,オーストラリア,2494,BE1357,オーストラリア,0,,-
IIDX RED,大桟橋,0,,-,0,,-,0,,-,1793,PON,オーストラリア,0,,-
IIDX RED,太陽～T・A・I・Y・O～,0,,-,561,MZNAKR,オーストラリア,1048,Y.,オーストラリア,1579,??,オーストラリア,0,,-
IIDX RED,ＵＬＴｉＭΛＴＥ,0,,-,0,,-,1233,XYLKY-,オーストラリア,1945,BE1357,オーストラリア,0,,-
HAPPY SKY,100％ minimoo-G,0,,-,537,LILI,オーストラリア,1044,MIATA!,オーストラリア,1678,JOHNNN,オーストラリア,0,,-
HAPPY SKY,Agnus Dei,0,,-,909,BE1357,オーストラリア,1474,IYAN99,オーストラリア,1908,5BAVNH,オーストラリア,0,,-
HAPPY SKY,alla turca con passione,0,,-,801,BE1357,オーストラリア,1107,KRZCNT,オーストラリア,2099,??,オーストラリア,0,,-
HAPPY SKY,Aurora,0,,-,1050,STV,オーストラリア,1858,ASHURA,オーストラリア,2435,JOHNNN,オーストラリア,0,,-
HAPPY SKY,CaptivAte～浄化～,0,,-,1031,BE1357,オーストラリア,1536,ASHURA,オーストラリア,2383,JOHNNN,オーストラリア,3310,??,オーストラリア
HAPPY SKY,Catch Me,0,,-,786,BE1357,オーストラリア,887,BLUE6,オーストラリア,1749,IIDX33,オーストラリア,2038,IIDX33,オーストラリア
HAPPY SKY,Don't let it go,0,,-,0,,-,997,STV,オーストラリア,1630,BE1357,オーストラリア,0,,-
HAPPY SKY,double thrash,0,,-,1013,BE1357,オーストラリア,0,,-,1318,ENODEN,オーストラリア,0,,-
HAPPY SKY,EDEN,0,,-,1008,VLD,オーストラリア,1825,IIDX33,オーストラリア,2650,JOHNNN,オーストラリア,3201,BE1357,オーストラリア
HAPPY SKY,EMPTY OF THE SKY,0,,-,514,IIDX33,オーストラリア,1013,BE1357,オーストラリア,1549,IIDX33,オーストラリア,0,,-
HAPPY SKY,First Resolution,0,,-,794,BE1357,オーストラリア,0,,-,2111,??,オーストラリア,0,,-
HAPPY SKY,garden,0,,-,509,DFLAT,オーストラリア,1154,SIO,オーストラリア,1809,SINSIL,オーストラリア,2985,JOHNNN,オーストラリア
HAPPY SKY,Get'em up to R.A.V.E,0,,-,1133,BE1357,オーストラリア,1518,ASHURA,オーストラリア,1968,7,オーストラリア,0,,-
HAPPY SKY,GREEN EYES,0,,-,421,K,オーストラリア,0,,-,1276,NON0J!,オーストラリア,0,,-
HAPPY SKY,HAPPY☆ANGEL,512,PZER0,オーストラリア,1085,BE1357,オーストラリア,1392,MAXI33,オーストラリア,2051,IIDX33,オーストラリア,0,,-
HAPPY SKY,I am,0,,-,1095,BE1357,オーストラリア,1411,STV,オーストラリア,1874,CANADA,オーストラリア,0,,-
HAPPY SKY,in motion,0,,-,825,BE1357,オーストラリア,829,VLD,オーストラリア,1139,5BAVNH,オーストラリア,0,,-
HAPPY SKY,INAZUMA,0,,-,1048,BE1357,オーストラリア,1275,BLUE6,オーストラリア,2605,BE1357,オーストラリア,3892,??,オーストラリア
HAPPY SKY,LESSON 5,0,,-,1240,BE1357,オーストラリア,1219,KEIZ0,オーストラリア,2408,??,オーストラリア,0,,-
HAPPY SKY,Little Little Princess,0,,-,1079,BE1357,オーストラリア,1678,*AER0*,オーストラリア,2667,BE1357,オーストラリア,3676,JOHNNN,オーストラリア
HAPPY SKY,Love Magic,0,,-,986,BE1357,オーストラリア,1054,CVR008,オーストラリア,1730,??,オーストラリア,0,,-
HAPPY SKY,mind the gap,0,,-,160,BLAKE,オーストラリア,0,,-,1152,??,オーストラリア,0,,-
HAPPY SKY,MOON RACE,0,,-,287,D*BEAR,オーストラリア,820,BLUE6,オーストラリア,1831,N*MAKI,オーストラリア,0,,-
HAPPY SKY,Pink Rose,0,,-,206,MYKE,オーストラリア,231,MCAIO,オーストラリア,1385,DAIJRO,オーストラリア,1929,IIDX33,オーストラリア
HAPPY SKY,PLASMA,0,,-,681,BOOTH,オーストラリア,1035,VON,オーストラリア,2221,??,オーストラリア,0,,-
HAPPY SKY,Pollinosis,0,,-,548,BLUE6,オーストラリア,927,BLUE6,オーストラリア,2430,JOHNNN,オーストラリア,0,,-
HAPPY SKY,POODLE,0,,-,156,ELENOR,オーストラリア,0,,-,2240,DAIJRO,オーストラリア,3260,??,オーストラリア
HAPPY SKY,rage against usual,0,,-,0,,-,1447,WAGYU,オーストラリア,2772,JOHNNN,オーストラリア,0,,-
HAPPY SKY,SCREAM SQUAD,0,,-,656,PZER0,オーストラリア,1375,ASHURA,オーストラリア,1929,BE1357,オーストラリア,0,,-
HAPPY SKY,Scripted Connection⇒ A mix,0,,-,250,STAPLE,オーストラリア,1651,ASHURA,オーストラリア,2899,JOHNNN,オーストラリア,3233,??,オーストラリア
HAPPY SKY,Scripted Connection⇒ H mix,0,,-,1368,MIATA!,オーストラリア,1415,*AER0*,オーストラリア,1535,ENODEN,オーストラリア,2767,??,オーストラリア
HAPPY SKY,Scripted Connection⇒ N mix,0,,-,1021,XYLKY-,オーストラリア,0,,-,1889,??,オーストラリア,2319,JOHNNN,オーストラリア
HAPPY SKY,SigSig,439,NTHNG,オーストラリア,805,STV,オーストラリア,1517,ASHURA,オーストラリア,2540,DAIJRO,オーストラリア,0,,-
HAPPY SKY,Tizona d'El Cid,0,,-,768,X0SY,オーストラリア,1473,ASHURA,オーストラリア,2237,JOHNNN,オーストラリア,0,,-
HAPPY SKY,Twelfth Style,0,,-,660,AMANDA,オーストラリア,990,DDRPRO,オーストラリア,1934,DAIJRO,オーストラリア,3048,JOHNNN,オーストラリア
HAPPY SKY,Under the Sky,0,,-,705,ASHYYY,オーストラリア,1126,KOOL,オーストラリア,1675,DAIJRO,オーストラリア,0,,-
HAPPY SKY,vault of heaven,0,,-,346,KARI,オーストラリア,1144,Y.,オーストラリア,1950,??,オーストラリア,0,,-
HAPPY SKY,Votum stellarum,0,,-,658,VON,オーストラリア,1260,*AER0*,オーストラリア,1859,XV-MON,オーストラリア,0,,-
HAPPY SKY,We are Disっ娘よっつ打ち命,0,,-,397,DEVAN?,オーストラリア,648,BURGER,オーストラリア,1602,BE1357,オーストラリア,0,,-
HAPPY SKY,Xepher,311,ADDI,オーストラリア,927,VON,オーストラリア,2015,5H4UN,オーストラリア,2812,??,オーストラリア,0,,-
HAPPY SKY,オレはビートマニア！お前は何マニア？,0,,-,705,XYLKY-,オーストラリア,1100,*AER0*,オーストラリア,1648,N*MAKI,オーストラリア,0,,-
HAPPY SKY,ヒマワリ,0,,-,326,DANSEN,オーストラリア,1217,PGONE,オーストラリア,2045,IIDX33,オーストラリア,0,,-
HAPPY SKY,ラクエン,0,,-,299,DEVAN?,オーストラリア,451,GRILL,オーストラリア,1813,DAIJRO,オーストラリア,0,,-
HAPPY SKY,冥,365,D*BEAR,オーストラリア,585,FJ,オーストラリア,1792,5H4UN,オーストラリア,3414,&0X5A,オーストラリア,0,,-
HAPPY SKY,合体せよ！ストロングイェーガー！！ (Ryu☆ remix),0,,-,390,D*BEAR,オーストラリア,1118,SIGMA!,オーストラリア,1849,JOHNNN,オーストラリア,0,,-
HAPPY SKY,月光,0,,-,0,,-,1236,OISHI,オーストラリア,2401,JOHNNN,オーストラリア,0,,-
DistorteD,ALFARSHEAR 双神威に廻る夢,392,VON,オーストラリア,1075,BE1357,オーストラリア,1209,VON,オーストラリア,2027,JOHNNN,オーストラリア,0,,-
DistorteD,Apocalypse ～dirge of swans～,0,,-,921,BE1357,オーストラリア,1586,IIDX33,オーストラリア,2304,IIDX33,オーストラリア,0,,-
DistorteD,BALLAD THE FEATHERS,0,,-,0,,-,425,IIDX33,オーストラリア,1366,IYAN99,オーストラリア,0,,-
DistorteD,Bloody Tears(IIDX EDITION),0,,-,1121,BE1357,オーストラリア,1447,APPURU,オーストラリア,2136,IIDX33,オーストラリア,0,,-
DistorteD,BOOM BOOM DISCO NIGHT,0,,-,1004,BE1357,オーストラリア,995,VON,オーストラリア,2212,JOHNNN,オーストラリア,0,,-
DistorteD,Broadbanded,0,,-,876,BE1357,オーストラリア,0,,-,1926,JOHNNN,オーストラリア,0,,-
DistorteD,Concertino in Blue,0,,-,778,BE1357,オーストラリア,1212,ASHURA,オーストラリア,2296,JOHNNN,オーストラリア,0,,-
DistorteD,CONTRACT,0,,-,1090,*AER0*,オーストラリア,1362,7,オーストラリア,2019,JOHNNN,オーストラリア,2616,JOHNNN,オーストラリア
DistorteD,D.C.fish,0,,-,1005,BE1357,オーストラリア,1360,BLUE6,オーストラリア,2228,??,オーストラリア,0,,-
DistorteD,DEEP ROAR,0,,-,969,BE1357,オーストラリア,766,AM,オーストラリア,2656,BE1357,オーストラリア,0,,-
DistorteD,Double Loving Heart,0,,-,356,KREEM,オーストラリア,547,IIDX33,オーストラリア,1638,IYAN99,オーストラリア,0,,-
DistorteD,DUE TOMORROW,0,,-,719,VON,オーストラリア,1047,SIGMA!,オーストラリア,1795,??,オーストラリア,0,,-
DistorteD,EURO-ROMANCE,0,,-,951,BE1357,オーストラリア,1374,BLUE6,オーストラリア,2059,N*MAKI,オーストラリア,0,,-
DistorteD,Ganymede,0,,-,660,CRAX,オーストラリア,1480,7,オーストラリア,2097,??,オーストラリア,2315,JOHNNN,オーストラリア
DistorteD,Harmony and Lovely,0,,-,299,K,オーストラリア,821,UNCHND,オーストラリア,2125,??,オーストラリア,0,,-
DistorteD,Heavenly Sun (IIDX VERSION),0,,-,407,DFLAT,オーストラリア,1208,DRSQAT,オーストラリア,2026,BUTLER,オーストラリア,0,,-
DistorteD,INFERNO,0,,-,1160,BE1357,オーストラリア,1170,BLUE6,オーストラリア,1911,BE1357,オーストラリア,0,,-
DistorteD,Leaving...,0,,-,0,,-,758,MR.K,オーストラリア,2109,??,オーストラリア,0,,-
DistorteD,MINT,0,,-,1024,BE1357,オーストラリア,1027,WAGYU,オーストラリア,2220,??,オーストラリア,0,,-
DistorteD,MOON,0,,-,626,IIDX33,オーストラリア,1588,BLUE6,オーストラリア,2135,DAIJRO,オーストラリア,0,,-
DistorteD,Power of Love,0,,-,0,,-,1033,BLUE6,オーストラリア,2081,BE1357,オーストラリア,0,,-
DistorteD,So Fabulous !!,0,,-,754,IIDX33,オーストラリア,1183,BAUXE,オーストラリア,2041,5H4UN,オーストラリア,0,,-
DistorteD,Sun Field,0,,-,0,,-,0,,-,2312,??,オーストラリア,0,,-
DistorteD,The Dirty of Loudness,0,,-,1014,VON,オーストラリア,1863,CANADA,オーストラリア,2461,??,オーストラリア,0,,-
DistorteD,This is Love,0,,-,276,KMUNGZ,オーストラリア,1336,BLUE6,オーストラリア,2421,??,オーストラリア,0,,-
DistorteD,tripping contact(teranoid&MC Natsack Remix),0,,-,944,BLUE6,オーストラリア,1345,BLUE6,オーストラリア,2389,IIDX33,オーストラリア,0,,-
DistorteD,TYPE MARS(G-Style Mix),0,,-,296,SARDS!,オーストラリア,530,JO,オーストラリア,2324,JOHNNN,オーストラリア,0,,-
DistorteD,waxing and wanding,0,,-,1082,AO508!,オーストラリア,1905,IIDX33,オーストラリア,2822,BE1357,オーストラリア,3895,&0X5A,オーストラリア
DistorteD,Why did you go away,293,QVD9H,オーストラリア,987,STV,オーストラリア,1310,BLUE6,オーストラリア,2239,&0X5A,オーストラリア,0,,-
DistorteD,WISH(EUROBEAT MIX),0,,-,664,QS36,オーストラリア,1240,STV,オーストラリア,1927,IIDX33,オーストラリア,0,,-
DistorteD,with you…,0,,-,533,BLUE6,オーストラリア,731,PZER0,オーストラリア,1747,BE1357,オーストラリア,0,,-
DistorteD,Zenius -I- vanisher,0,,-,694,TAKUM,オーストラリア,980,VON,オーストラリア,2349,BE1357,オーストラリア,0,,-
DistorteD,カゴノトリ～弐式～,0,,-,0,,-,1189,LXASLA,オーストラリア,2508,JOHNNN,オーストラリア,0,,-
DistorteD,タシカナモノ,0,,-,0,,-,1304,XYLKY-,オーストラリア,1990,BE1357,オーストラリア,0,,-
DistorteD,嘆きの樹,0,,-,1487,MIATA!,オーストラリア,2306,N*MAKI,オーストラリア,3640,JOHNNN,オーストラリア,0,,-
DistorteD,罠,0,,-,0,,-,1487,NON0J!,オーストラリア,2379,BE1357,オーストラリア,0,,-
DistorteD,華蝶風雪,0,,-,0,,-,1950,NON0J!,オーストラリア,2926,IIDX33,オーストラリア,3915,&0X5A,オーストラリア
DistorteD,虹色,0,,-,573,KARI,オーストラリア,1163,APPURU,オーストラリア,1798,DAIJRO,オーストラリア,0,,-
GOLD,2hot2eat,0,,-,0,,-,824,STV,オーストラリア,1372,??,オーストラリア,0,,-
GOLD,Air Bell,0,,-,967,BE1357,オーストラリア,659,IIDX33,オーストラリア,1685,DAIJRO,オーストラリア,0,,-
GOLD,ANDROMEDA II,0,,-,971,BE1357,オーストラリア,1885,BE1357,オーストラリア,2412,DAIJRO,オーストラリア,0,,-
GOLD,Blind Justice ～Torn souls， Hurt Faiths ～,0,,-,389,IIDX33,オーストラリア,1678,Y.,オーストラリア,2415,N*MAKI,オーストラリア,0,,-
GOLD,Candy Galy,0,,-,1051,VLD,オーストラリア,1821,HIROE?,オーストラリア,3381,JOHNNN,オーストラリア,0,,-
GOLD,CaptivAte～裁き～,234,EWHEEL,オーストラリア,631,VON,オーストラリア,1061,STV,オーストラリア,1723,N*MAKI,オーストラリア,0,,-
GOLD,CaptivAte～誓い～,0,,-,1049,STV,オーストラリア,1626,ASHURA,オーストラリア,2172,JOHNNN,オーストラリア,0,,-
GOLD,CROSSROAD ～Left Story～,0,,-,1105,BE1357,オーストラリア,1661,Y.,オーストラリア,2169,N*MAKI,オーストラリア,0,,-
GOLD,Cyber Force,0,,-,1235,BE1357,オーストラリア,0,,-,2271,JOHNNN,オーストラリア,0,,-
GOLD,Fascination MAXX,0,,-,707,SIGMA!,オーストラリア,1556,JOHNNN,オーストラリア,2310,&0X5A,オーストラリア,0,,-
GOLD,FIRE FIRE,448,SAMECO,オーストラリア,982,AO508!,オーストラリア,1515,ASHURA,オーストラリア,2631,JOHNNN,オーストラリア,0,,-
GOLD,four-leaf,0,,-,221,DEVAN?,オーストラリア,0,,-,1678,DAIJRO,オーストラリア,0,,-
GOLD,GOLD RUSH,352,DANSEN,オーストラリア,956,SIGMA!,オーストラリア,1335,DA3YAN,オーストラリア,2282,JOHNNN,オーストラリア,0,,-
GOLD,GRID KNIGHT,0,,-,0,,-,0,,-,2454,??,オーストラリア,3365,JOHNNN,オーストラリア
GOLD,heaven above,0,,-,806,BE1357,オーストラリア,940,KEIZ0,オーストラリア,1784,??,オーストラリア,0,,-
GOLD,High School Love,368,7,オーストラリア,524,KARI,オーストラリア,1160,VON,オーストラリア,2164,JOHNNN,オーストラリア,0,,-
GOLD,INORI,0,,-,1080,DDRPRO,オーストラリア,2042,Y.,オーストラリア,3049,DAIJRO,オーストラリア,0,,-
GOLD,KAMAITACHI,0,,-,986,STV,オーストラリア,1632,OSCAR,オーストラリア,2605,JOHNNN,オーストラリア,3573,??,オーストラリア
GOLD,LASER CRUSTER,0,,-,1252,BLUE6,オーストラリア,1877,ASHURA,オーストラリア,3103,JOHNNN,オーストラリア,0,,-
GOLD,Love Again...,0,,-,0,,-,0,,-,1032,5BAVNH,オーストラリア,0,,-
GOLD,Make Me Your Own,0,,-,0,,-,1181,OSCAR,オーストラリア,1983,RINDEX,オーストラリア,0,,-
GOLD,METALLIC MIND,0,,-,498,NEO,オーストラリア,853,VON,オーストラリア,1524,??,オーストラリア,0,,-
GOLD,never…,0,,-,0,,-,1103,STV,オーストラリア,1792,N*MAKI,オーストラリア,0,,-
GOLD,op.31 叙情,0,,-,128,LILI,オーストラリア,736,STV,オーストラリア,1282,NON0J!,オーストラリア,0,,-
GOLD,PHOTONGENIC,0,,-,0,,-,1393,BLUE6,オーストラリア,1832,NON0J!,オーストラリア,0,,-
GOLD,Roulette,0,,-,676,BURGER,オーストラリア,0,,-,2042,DAIJRO,オーストラリア,0,,-
GOLD,Second Heaven,170,I0NTPS,オーストラリア,826,STV,オーストラリア,1437,IIDX33,オーストラリア,2033,??,オーストラリア,0,,-
GOLD,Sense 2007,0,,-,1256,DA3YAN,オーストラリア,2024,DAIJRO,オーストラリア,2744,JOHNNN,オーストラリア,0,,-
GOLD,smile,0,,-,1296,XYLKY-,オーストラリア,1472,LXASLA,オーストラリア,2689,DAIJRO,オーストラリア,0,,-
GOLD,snow storm,175,I0NTPS,オーストラリア,638,UNCHND,オーストラリア,1931,ASHURA,オーストラリア,2661,DAIJRO,オーストラリア,3255,JOHNNN,オーストラリア
GOLD,the shadow,0,,-,0,,-,1442,BLUE6,オーストラリア,2813,IIDX33,オーストラリア,0,,-
GOLD,The Smile of You,0,,-,589,IIDX33,オーストラリア,1021,VON,オーストラリア,1581,??,オーストラリア,0,,-
GOLD,TRANOID,0,,-,399,PZER0,オーストラリア,669,AAAAAA,オーストラリア,1834,BE1357,オーストラリア,2667,JOHNNN,オーストラリア
GOLD,VANESSA,0,,-,884,MIATA!,オーストラリア,1318,NON0J!,オーストラリア,2322,JOHNNN,オーストラリア,3135,??,オーストラリア
GOLD,Watch out!!,0,,-,358,D*BEAR,オーストラリア,757,BLUE6,オーストラリア,1445,??,オーストラリア,0,,-
GOLD,With your Smile,0,,-,0,,-,1050,STV,オーストラリア,1545,N*MAKI,オーストラリア,0,,-
GOLD,クルクル☆ラブ～Opioid Peptide MIX～,300,VERYAK,オーストラリア,0,,-,716,INKY!!,オーストラリア,2140,DAIJRO,オーストラリア,0,,-
GOLD,ヨシダさん,0,,-,388,DANSEN,オーストラリア,1101,VLD,オーストラリア,1936,JOHNNN,オーストラリア,0,,-
GOLD,リグレット,0,,-,0,,-,1124,DDRPRO,オーストラリア,2360,??,オーストラリア,0,,-
GOLD,星をこの手に,0,,-,1093,XYLKY-,オーストラリア,1200,APPURU,オーストラリア,2072,BE1357,オーストラリア,0,,-
GOLD,花吹雪 ～ IIDX LIMITED ～,0,,-,520,QS36,オーストラリア,869,SIO,オーストラリア,1380,JOHNNN,オーストラリア,0,,-
GOLD,零 - ZERO -,0,,-,0,,-,1382,MIATA!,オーストラリア,2254,??,オーストラリア,2629,DAIJRO,オーストラリア
GOLD,電人、暁に斃れる。,411,DANSEN,オーストラリア,1051,VON,オーストラリア,1789,ASHURA,オーストラリア,3219,JOHNNN,オーストラリア,0,,-
DJ TROOPERS,2 tribe 4 K,0,,-,0,,-,1080,VON,オーストラリア,2645,BE1357,オーストラリア,0,,-
DJ TROOPERS,"Anisakis -somatic mutation type""Forza""-",0,,-,1002,VON,オーストラリア,1696,JO,オーストラリア,2759,BE1357,オーストラリア,3650,&0X5A,オーストラリア
DJ TROOPERS,avant-guerre,0,,-,348,GAVIN,オーストラリア,928,VON,オーストラリア,1844,N*MAKI,オーストラリア,0,,-
DJ TROOPERS,Be OK,0,,-,925,BE1357,オーストラリア,0,,-,2314,JOHNNN,オーストラリア,3188,JOHNNN,オーストラリア
DJ TROOPERS,beatonic nation,0,,-,1229,BE1357,オーストラリア,1015,INKY!!,オーストラリア,2095,??,オーストラリア,0,,-
DJ TROOPERS,Blue Rain,190,JONNYB,オーストラリア,613,LILI,オーストラリア,1216,STV,オーストラリア,2219,JOHNNN,オーストラリア,3153,JOHNNN,オーストラリア
DJ TROOPERS,Darling my LUV,0,,-,509,BURGER,オーストラリア,995,N*MAKI,オーストラリア,1347,N*MAKI,オーストラリア,0,,-
DJ TROOPERS,Dazzlin' Darlin,225,ETAGGZ,オーストラリア,726,IKARUS,オーストラリア,1294,XYLKY-,オーストラリア,2201,N*MAKI,オーストラリア,0,,-
DJ TROOPERS,Digitank System,0,,-,751,VON,オーストラリア,1394,7,オーストラリア,1960,IIDX33,オーストラリア,0,,-
DJ TROOPERS,Do it!! Do it!!,0,,-,552,VON,オーストラリア,726,APPURU,オーストラリア,1823,JOHNNN,オーストラリア,2218,??,オーストラリア
DJ TROOPERS,end of world,0,,-,720,BOOTH,オーストラリア,1336,*AER0*,オーストラリア,0,,-,0,,-
DJ TROOPERS,evergreen,0,,-,988,BE1357,オーストラリア,0,,-,1910,IIDX33,オーストラリア,0,,-
DJ TROOPERS,four pieces of heaven,0,,-,888,BE1357,オーストラリア,1152,*AER0*,オーストラリア,2159,JOHNNN,オーストラリア,2480,DAIJRO,オーストラリア
DJ TROOPERS,Freeway Shuffle,193,MEYU,オーストラリア,526,IKARUS,オーストラリア,0,,-,1681,7,オーストラリア,0,,-
DJ TROOPERS,ICARUS,0,,-,974,VON,オーストラリア,1719,5H4UN,オーストラリア,2078,BE1357,オーストラリア,3263,&0X5A,オーストラリア
DJ TROOPERS,in the Sky,0,,-,0,,-,1864,Y.,オーストラリア,2485,JOHNNN,オーストラリア,0,,-
DJ TROOPERS,Kick Out 仮面,0,,-,1169,BE1357,オーストラリア,0,,-,1994,DAIJRO,オーストラリア,0,,-
DJ TROOPERS,LOVELY STORM,0,,-,0,,-,1471,KEIZ0,オーストラリア,2743,JOHNNN,オーストラリア,0,,-
DJ TROOPERS,madrugada,0,,-,571,TAKUM,オーストラリア,0,,-,1744,??,オーストラリア,0,,-
DJ TROOPERS,MAX LOVE,0,,-,886,KARI,オーストラリア,1750,OISHI,オーストラリア,2620,IIDX33,オーストラリア,0,,-
DJ TROOPERS,MENDES,0,,-,971,VON,オーストラリア,2179,IIDX33,オーストラリア,3380,??,オーストラリア,0,,-
DJ TROOPERS,MENTAL MELTDOWN,0,,-,906,VON,オーストラリア,1493,BLUE6,オーストラリア,2648,JOHNNN,オーストラリア,0,,-
DJ TROOPERS,NEW GENERATION -もう、お前しか見えない-,0,,-,624,FJ,オーストラリア,1435,KARTER,オーストラリア,2222,5H4UN,オーストラリア,3470,JOHNNN,オーストラリア
DJ TROOPERS,oratio,0,,-,1068,VON,オーストラリア,0,,-,2833,JOHNNN,オーストラリア,0,,-
DJ TROOPERS,PARANOiA ～HADES～,0,,-,708,VON,オーストラリア,1569,N*MAKI,オーストラリア,2554,JOHNNN,オーストラリア,0,,-
DJ TROOPERS,PROMISE FOR LIFE,0,,-,0,,-,1161,KOOL,オーストラリア,1722,DAIJRO,オーストラリア,0,,-
DJ TROOPERS,REMINISCENCE,0,,-,723,QS36,オーストラリア,1456,OISHI,オーストラリア,2271,??,オーストラリア,0,,-
DJ TROOPERS,Rising in the Sun(original mix),0,,-,0,,-,1491,ASHURA,オーストラリア,2238,BE1357,オーストラリア,0,,-
DJ TROOPERS,Ristaccia,0,,-,759,QS36,オーストラリア,1631,IIDX33,オーストラリア,2646,JOHNNN,オーストラリア,0,,-
DJ TROOPERS,"satellite020712 from ""CODED ARMS""",0,,-,901,BLUE6,オーストラリア,1290,BLUE6,オーストラリア,2408,JOHNNN,オーストラリア,0,,-
DJ TROOPERS,satfinal,0,,-,173,G4142,オーストラリア,1051,AO508!,オーストラリア,1898,BE1357,オーストラリア,0,,-
DJ TROOPERS,scar in the earth,0,,-,0,,-,867,VON,オーストラリア,1480,BE1357,オーストラリア,0,,-
DJ TROOPERS,SOUND OF GIALLARHORN,292,G4142,オーストラリア,1374,BE1357,オーストラリア,2274,CANADA,オーストラリア,3048,BE1357,オーストラリア,0,,-
DJ TROOPERS,State Of The Art,0,,-,0,,-,1126,APPURU,オーストラリア,3017,BE1357,オーストラリア,0,,-
DJ TROOPERS,STEEL NEEDLE,0,,-,790,VON,オーストラリア,2030,IIDX33,オーストラリア,2294,JOHNNN,オーストラリア,3046,JOHNNN,オーストラリア
DJ TROOPERS,switch,0,,-,0,,-,1105,*AER0*,オーストラリア,2031,JOHNNN,オーストラリア,0,,-
DJ TROOPERS,THE DEEP STRIKER,0,,-,729,BLUE6,オーストラリア,1583,*AER0*,オーストラリア,2885,??,オーストラリア,3318,JOHNNN,オーストラリア
DJ TROOPERS,the trigger of innocence,0,,-,0,,-,728,YUKI,オーストラリア,1819,BE1357,オーストラリア,3036,??,オーストラリア
DJ TROOPERS,Time to Air,0,,-,913,TSUKI,オーストラリア,1823,ASHURA,オーストラリア,2622,1NOSE0,オーストラリア,3473,IIDX33,オーストラリア
DJ TROOPERS,TRIP MACHINE PhoeniX,0,,-,0,,-,0,,-,1740,??,オーストラリア,0,,-
DJ TROOPERS,TROOPERS,0,,-,965,VON,オーストラリア,1562,*AER0*,オーストラリア,2772,DAIJRO,オーストラリア,0,,-
DJ TROOPERS,Ubertreffen,0,,-,996,DAIJRO,オーストラリア,1399,NAYNAY,オーストラリア,2406,BE1357,オーストラリア,3125,??,オーストラリア
DJ TROOPERS,Wanna Party?,0,,-,338,POOPIE,オーストラリア,852,AO508!,オーストラリア,1474,DAIJRO,オーストラリア,2484,BE1357,オーストラリア
DJ TROOPERS,エコ爺,162,MEYU,オーストラリア,571,SAMECO,オーストラリア,913,MR.K,オーストラリア,1813,N*MAKI,オーストラリア,0,,-
DJ TROOPERS,マチ子の唄,0,,-,459,CLOWN,オーストラリア,1000,DDRPRO,オーストラリア,1755,??,オーストラリア,0,,-
DJ TROOPERS,ミラージュ・レジデンス,0,,-,0,,-,0,,-,2542,N*MAKI,オーストラリア,3139,BE1357,オーストラリア
DJ TROOPERS,少年A,0,,-,0,,-,1593,CANADA,オーストラリア,2611,BE1357,オーストラリア,0,,-
DJ TROOPERS,華爛漫 -Flowers-,257,JONNYB,オーストラリア,635,RMC,オーストラリア,1541,DAIJRO,オーストラリア,2016,JOHNNN,オーストラリア,3069,??,オーストラリア
DJ TROOPERS,走馬灯 -The Last Song-,0,,-,276,KREEM,オーストラリア,0,,-,1210,XYLKY-,オーストラリア,0,,-
DJ TROOPERS,高高度降下低高度開傘,0,,-,0,,-,895,BOOTH,オーストラリア,1290,APPURU,オーストラリア,0,,-
EMPRESS,3y3s,447,ADDI,オーストラリア,1127,YUXI7G,オーストラリア,2260,IIDX33,オーストラリア,3226,??,オーストラリア,0,,-
EMPRESS,ALL I NEED YOUR LOVE,0,,-,1085,BE1357,オーストラリア,617,AO508!,オーストラリア,2025,JOHNNN,オーストラリア,0,,-
EMPRESS,ALL MY TURN -このターンに、オレの全てを賭ける-,0,,-,957,XYLKY-,オーストラリア,1845,BE1357,オーストラリア,2409,DAIJRO,オーストラリア,0,,-
EMPRESS,Arabian Rave Night,0,,-,581,IIDX33,オーストラリア,2015,7,オーストラリア,2810,BE1357,オーストラリア,3433,JOHNNN,オーストラリア
EMPRESS,B4U(BEMANI FOR YOU MIX),0,,-,885,AMANDA,オーストラリア,1643,*AER0*,オーストラリア,3344,BE1357,オーストラリア,4266,??,オーストラリア
EMPRESS,Bahram Attack-猫叉Master Remix-,0,,-,796,TAKUM,オーストラリア,1487,STV,オーストラリア,2583,??,オーストラリア,3151,JOHNNN,オーストラリア
EMPRESS,BITTER CHOCOLATE STRIKER,0,,-,1066,BE1357,オーストラリア,1874,NON0J!,オーストラリア,3734,??,オーストラリア,0,,-
EMPRESS,BRIDAL FESTIVAL !!!,0,,-,465,LUTZ,オーストラリア,1175,MIATA!,オーストラリア,2021,??,オーストラリア,0,,-
EMPRESS,CaptivAte2～覚醒～,179,SASHA,オーストラリア,430,IIDX33,オーストラリア,1220,YUXI7G,オーストラリア,2294,BE1357,オーストラリア,0,,-
EMPRESS,Colorful Cookie,483,SAMECO,オーストラリア,1125,BE1357,オーストラリア,2082,IIDX33,オーストラリア,3351,??,オーストラリア,0,,-
EMPRESS,Cyber Force -DJ Yoshitaka Remix-,0,,-,1057,BE1357,オーストラリア,1388,KARTER,オーストラリア,2445,JOHNNN,オーストラリア,0,,-
EMPRESS,Flash Back 90's,0,,-,734,WAGYU,オーストラリア,1437,MIATA!,オーストラリア,2204,DAIJRO,オーストラリア,2799,JOHNNN,オーストラリア
EMPRESS,Fly Above,0,,-,954,BE1357,オーストラリア,1318,BOOTH,オーストラリア,2004,BE1357,オーストラリア,0,,-
EMPRESS,Go Beyond!!,318,D*BEAR,オーストラリア,848,SIGMA!,オーストラリア,1384,ASHURA,オーストラリア,2014,JOHNNN,オーストラリア,0,,-
EMPRESS,HYPERION,0,,-,960,STV,オーストラリア,1385,MIATA!,オーストラリア,2555,DAIJRO,オーストラリア,0,,-
EMPRESS,I'm Screaming LOVE,0,,-,515,VON,オーストラリア,0,,-,1663,DAIJRO,オーストラリア,0,,-
EMPRESS,Jack,0,,-,903,BE1357,オーストラリア,0,,-,2103,??,オーストラリア,0,,-
EMPRESS,Just a Little Smile,0,,-,640,TAKUM,オーストラリア,1162,IIDX33,オーストラリア,2330,IIDX33,オーストラリア,0,,-
EMPRESS,Kung-fu Empire,0,,-,1195,HRCAM,オーストラリア,2006,ASHURA,オーストラリア,3076,JOHNNN,オーストラリア,3735,JOHNNN,オーストラリア
EMPRESS,Marie Antoinette,0,,-,892,VON,オーストラリア,1293,*AER0*,オーストラリア,2325,??,オーストラリア,2964,??,オーストラリア
EMPRESS,Mind Mapping,308,LEEK*,オーストラリア,308,MYKE,オーストラリア,979,RAZMA,オーストラリア,1711,??,オーストラリア,2120,JOHNNN,オーストラリア
EMPRESS,Monkey Dance '09,0,,-,423,CLOWN,オーストラリア,918,INKY!!,オーストラリア,2111,??,オーストラリア,0,,-
EMPRESS,naughty girl@Queen's Palace,0,,-,681,BLUE6,オーストラリア,1247,IIDX33,オーストラリア,1863,IIDX33,オーストラリア,2410,??,オーストラリア
EMPRESS,neogenesis,0,,-,507,DFLAT,オーストラリア,1058,BLUE6,オーストラリア,1643,??,オーストラリア,2254,??,オーストラリア
EMPRESS,NΦ CRIME,191,PZER0,オーストラリア,678,BLUE6,オーストラリア,1180,IYAN99,オーストラリア,1851,N*MAKI,オーストラリア,2333,??,オーストラリア
EMPRESS,Programmed World,0,,-,858,XYLKY-,オーストラリア,1328,*AER0*,オーストラリア,2191,DAIJRO,オーストラリア,0,,-
EMPRESS,Punch Love 仮面,0,,-,0,,-,911,K,オーストラリア,2475,&0X5A,オーストラリア,3098,JOHNNN,オーストラリア
EMPRESS,Queen's Tragedy,0,,-,472,NTHNG,オーストラリア,1273,BLUE6,オーストラリア,2154,??,オーストラリア,0,,-
EMPRESS,Secrets,0,,-,792,QS36,オーストラリア,1695,ASHURA,オーストラリア,3022,JOHNNN,オーストラリア,3810,JOHNNN,オーストラリア
EMPRESS,smooooch・∀・,297,G4142,オーストラリア,806,XYLKY-,オーストラリア,1487,ASHURA,オーストラリア,2081,JOHNNN,オーストラリア,2566,DAIJRO,オーストラリア
EMPRESS,SOLITON BEAM,0,,-,732,QS36,オーストラリア,0,,-,2274,??,オーストラリア,0,,-
EMPRESS,THANK YOU FOR PLAYING,0,,-,612,BOOTH,オーストラリア,1621,JOHNNN,オーストラリア,2064,??,オーストラリア,2796,JOHNNN,オーストラリア
EMPRESS,THE SHINING POLARIS(kors k mix),0,,-,1017,BLUE6,オーストラリア,1314,BLUE6,オーストラリア,3070,IIDX33,オーストラリア,0,,-
EMPRESS,thunder HOUSE NATION Remix,0,,-,223,ELENOR,オーストラリア,1233,VLD,オーストラリア,2345,??,オーストラリア,3770,IIDX32,オーストラリア
EMPRESS,Turii ～Panta rhei～,0,,-,429,LILI,オーストラリア,1492,BLUE6,オーストラリア,2598,N*MAKI,オーストラリア,0,,-
EMPRESS,V2,464,D*BEAR,オーストラリア,1131,SIO,オーストラリア,2198,T5OVND,オーストラリア,3416,??,オーストラリア,0,,-
EMPRESS,Y&Co. is dead or alive,0,,-,987,XYLKY-,オーストラリア,1503,ASHURA,オーストラリア,2545,IIDX33,オーストラリア,0,,-
EMPRESS,"You'll say ""Now!""",0,,-,0,,-,0,,-,1421,N*MAKI,オーストラリア,0,,-
EMPRESS,まほろば,0,,-,605,MZNAKR,オーストラリア,1060,YUME,オーストラリア,1988,JOHNNN,オーストラリア,0,,-
EMPRESS,ハリツヤランデヴー,0,,-,712,PIY0MO,オーストラリア,0,,-,1744,WAGYU,オーストラリア,0,,-
EMPRESS,ミッドナイト堕天使,0,,-,0,,-,783,INKY!!,オーストラリア,2717,JOHNNN,オーストラリア,0,,-
EMPRESS,不沈艦CANDY,488,SBLMNL,オーストラリア,669,QS36,オーストラリア,1636,NAYNAY,オーストラリア,3131,??,オーストラリア,0,,-
EMPRESS,凛として咲く花の如く,321,STV,オーストラリア,927,YUKI,オーストラリア,2083,IIDX33,オーストラリア,2710,BE1357,オーストラリア,3097,JOHNNN,オーストラリア
EMPRESS,卑弥呼,0,,-,837,LEMON.,オーストラリア,2272,5H4UN,オーストラリア,3623,??,オーストラリア,0,,-
EMPRESS,天空脳番長危機十六連打,0,,-,523,SARDS!,オーストラリア,0,,-,2474,JOHNNN,オーストラリア,0,,-
EMPRESS,山岡晃の「クイズ！家事都合！」,0,,-,183,BILNOS,オーストラリア,1062,STV,オーストラリア,2002,JOHNNN,オーストラリア,0,,-
EMPRESS,翼,0,,-,536,LEEK*,オーストラリア,1426,DAIJRO,オーストラリア,1919,JOHNNN,オーストラリア,2440,DAIJRO,オーストラリア
EMPRESS,鉄甲乙女-under the steel-,0,,-,664,QS36,オーストラリア,1588,N*MAKI,オーストラリア,2121,??,オーストラリア,0,,-
SIRIUS,AIR RAID FROM THA UNDAGROUND,320,QVD9H,オーストラリア,845,BLUE6,オーストラリア,1810,BE1357,オーストラリア,2204,JOHNNN,オーストラリア,2838,JOHNNN,オーストラリア
SIRIUS,Almagest,0,,-,807,BLUE6,オーストラリア,2049,IIDX33,オーストラリア,2913,??,オーストラリア,0,,-
SIRIUS,Bad Maniacs,0,,-,940,AO508!,オーストラリア,1467,ASHURA,オーストラリア,3046,??,オーストラリア,0,,-
SIRIUS,bass 2 bass,182,BLAKE,オーストラリア,616,STV,オーストラリア,1185,ASHURA,オーストラリア,1830,IIDX33,オーストラリア,0,,-
SIRIUS,beatchic☆仮面～好き、でいさせて～,0,,-,994,BE1357,オーストラリア,1108,PGONE,オーストラリア,1976,BE1357,オーストラリア,0,,-
SIRIUS,BEAUTIFUL ANGEL,0,,-,491,BLUE6,オーストラリア,1381,VON,オーストラリア,2407,JOHNNN,オーストラリア,0,,-
SIRIUS,being torn the sky,0,,-,461,LILI,オーストラリア,748,BLAKE,オーストラリア,1913,BE1357,オーストラリア,0,,-
SIRIUS,bloomin' feeling,0,,-,1154,STV,オーストラリア,1878,IIDX33,オーストラリア,2553,&0X5A,オーストラリア,0,,-
SIRIUS,CaptivAte～裁き～(SUBLIME TECHNO MIX),0,,-,584,IIDX33,オーストラリア,1341,STV,オーストラリア,2275,??,オーストラリア,0,,-
SIRIUS,D,0,,-,873,BLUE6,オーストラリア,1393,SEIKO*,オーストラリア,2325,??,オーストラリア,0,,-
SIRIUS,DAWN -THE NEXT ENDEAVOUR-,0,,-,1396,STV,オーストラリア,2241,SEIKO*,オーストラリア,3025,BE1357,オーストラリア,0,,-
SIRIUS,Dazzlin' Darlin-秋葉工房mix-,0,,-,564,BLUE6,オーストラリア,1327,Y.,オーストラリア,2039,BE1357,オーストラリア,0,,-
SIRIUS,DESIRE,0,,-,911,BE1357,オーストラリア,1318,BLUE6,オーストラリア,2746,IIDX33,オーストラリア,0,,-
SIRIUS,Do Back Burn,0,,-,449,BLUE6,オーストラリア,1131,SIGMA!,オーストラリア,2031,IIDX33,オーストラリア,0,,-
SIRIUS,DOMINION,0,,-,862,YUXI7G,オーストラリア,1937,T5OVND,オーストラリア,3091,JOHNNN,オーストラリア,0,,-
SIRIUS,DROP,0,,-,597,QS36,オーストラリア,1853,ASHURA,オーストラリア,2539,JOHNNN,オーストラリア,0,,-
SIRIUS,Elisha,0,,-,782,STV,オーストラリア,1347,ASHURA,オーストラリア,2195,IIDX33,オーストラリア,0,,-
SIRIUS,Empire State Glory,0,,-,0,,-,1467,KARTER,オーストラリア,2520,DAIJRO,オーストラリア,0,,-
SIRIUS,eRAseRmOToRpHAntOM,0,,-,0,,-,1997,DA3YAN,オーストラリア,2958,JOHNNN,オーストラリア,0,,-
SIRIUS,Evans,446,STV,オーストラリア,793,RAPIT,オーストラリア,2136,IIDX33,オーストラリア,2633,JOHNNN,オーストラリア,0,,-
SIRIUS,EXUSIA,0,,-,917,BLUE6,オーストラリア,0,,-,3650,JOHNNN,オーストラリア,0,,-
SIRIUS,G59,0,,-,1305,SIO,オーストラリア,2049,CANADA,オーストラリア,3602,??,オーストラリア,0,,-
SIRIUS,GALGALIM,0,,-,1034,VLD,オーストラリア,1204,BLUE6,オーストラリア,2134,??,オーストラリア,0,,-
SIRIUS,GOLDEN CROSS,0,,-,1065,BE1357,オーストラリア,1592,ASHURA,オーストラリア,3368,??,オーストラリア,0,,-
SIRIUS,Hydrogen Blueback,0,,-,1001,BE1357,オーストラリア,1429,ASHURA,オーストラリア,2181,IIDX33,オーストラリア,2127,N*MAKI,オーストラリア
SIRIUS,IN THE NAME OF LOVE,275,KME!!,オーストラリア,528,QS36,オーストラリア,1206,7,オーストラリア,1885,N*MAKI,オーストラリア,0,,-
SIRIUS,Keep it-秋葉工房mix-,0,,-,1028,BE1357,オーストラリア,1162,LXASLA,オーストラリア,1809,BE1357,オーストラリア,0,,-
SIRIUS,Last Burning,0,,-,870,BE1357,オーストラリア,0,,-,2286,JOHNNN,オーストラリア,0,,-
SIRIUS,Light Shine,0,,-,800,BE1357,オーストラリア,968,ALICE,オーストラリア,1789,5H4UN,オーストラリア,0,,-
SIRIUS,MIRACLE MEETS,0,,-,0,,-,1288,LN.ENG,オーストラリア,2161,N*MAKI,オーストラリア,0,,-
SIRIUS,mosaic,0,,-,1212,BLUE6,オーストラリア,1998,5H4UN,オーストラリア,2958,??,オーストラリア,0,,-
SIRIUS,NEW SENSATION -もう、あなたしか見えない-,0,,-,0,,-,1725,STV,オーストラリア,2532,DAIJRO,オーストラリア,0,,-
SIRIUS,NoN-Fiction Story!,0,,-,106,DOTUM0,オーストラリア,0,,-,2139,BE1357,オーストラリア,0,,-
SIRIUS,Programmed Sun,0,,-,856,BLUE6,オーストラリア,1256,BLUE6,オーストラリア,2406,DAIJRO,オーストラリア,0,,-
SIRIUS,quell～the seventh slave～,0,,-,504,NTHNG,オーストラリア,1565,NAYNAY,オーストラリア,2998,JOHNNN,オーストラリア,0,,-
SIRIUS,Raison d'etre～交差する宿命～,0,,-,841,BLUE6,オーストラリア,1785,Y.,オーストラリア,2634,BE1357,オーストラリア,4381,??,オーストラリア
SIRIUS,Red. by Full Metal Jacket,0,,-,777,BLUE6,オーストラリア,1944,IIDX33,オーストラリア,2977,IIDX33,オーストラリア,0,,-
SIRIUS,Roots of my way!,0,,-,413,CLOWN,オーストラリア,1101,STV,オーストラリア,1996,??,オーストラリア,0,,-
SIRIUS,Session 1 -Genesis-,0,,-,723,BLUE6,オーストラリア,1135,ASHURA,オーストラリア,2294,DAIJRO,オーストラリア,0,,-
SIRIUS,She is my wife,294,DAZED!,オーストラリア,464,IKARUS,オーストラリア,1498,JOHNNN,オーストラリア,1890,IIDX33,オーストラリア,0,,-
SIRIUS,SOLID STATE SQUAD,0,,-,817,BLUE6,オーストラリア,1848,CANADA,オーストラリア,3426,JOHNNN,オーストラリア,3486,JOHNNN,オーストラリア
SIRIUS,Sorrows,0,,-,336,NAYNAY,オーストラリア,1332,BLUE6,オーストラリア,2429,BE1357,オーストラリア,0,,-
SIRIUS,Special One,0,,-,623,BLUE6,オーストラリア,897,KOOL,オーストラリア,1741,N*MAKI,オーストラリア,0,,-
SIRIUS,THE LAST STRIKER,0,,-,876,SHINER,オーストラリア,1311,BLUE6,オーストラリア,2519,BE1357,オーストラリア,0,,-
SIRIUS,The Story Begins,0,,-,0,,-,1186,MUSKIT,オーストラリア,2337,N*MAKI,オーストラリア,0,,-
SIRIUS,かずあそび,0,,-,344,NTHNG,オーストラリア,605,YUKI,オーストラリア,1658,BE1357,オーストラリア,0,,-
SIRIUS,たからもの,0,,-,611,IIDX33,オーストラリア,1619,IIDX33,オーストラリア,2146,IIDX33,オーストラリア,3499,IIDX33,オーストラリア
SIRIUS,コスモス,0,,-,679,PZER0,オーストラリア,1255,MIATA!,オーストラリア,2045,N*MAKI,オーストラリア,0,,-
SIRIUS,サヨナラ・ヘヴン,297,BLUE6,オーストラリア,720,BURGER,オーストラリア,1264,XYLKY-,オーストラリア,1645,N*MAKI,オーストラリア,2116,IIDX33,オーストラリア
SIRIUS,バビロニア,0,,-,448,DAZED!,オーストラリア,1221,XYLKY-,オーストラリア,1780,??,オーストラリア,0,,-
SIRIUS,ワルツ第17番 ト短調”大犬のワルツ”,0,,-,893,AAAAAA,オーストラリア,2035,AAAAAA,オーストラリア,2938,??,オーストラリア,0,,-
SIRIUS,未来のプリズム,0,,-,0,,-,971,DDRPRO,オーストラリア,1735,BE1357,オーストラリア,0,,-
SIRIUS,"水上の提督(Short mix from ""幻想水滸伝V"")",0,,-,0,,-,1229,SIGMA!,オーストラリア,1999,JOHNNN,オーストラリア,0,,-
Resort Anthem,Aegis,0,,-,545,SARDS!,オーストラリア,1371,BE1357,オーストラリア,2235,JOHNNN,オーストラリア,0,,-
Resort Anthem,ALBIDA,386,ADDI,オーストラリア,832,VON,オーストラリア,1719,5H4UN,オーストラリア,2865,JOHNNN,オーストラリア,0,,-
Resort Anthem,Answer,0,,-,360,K,オーストラリア,1175,BLUE6,オーストラリア,2344,IIDX33,オーストラリア,0,,-
Resort Anthem,ANTHEM LANDING,0,,-,959,BE1357,オーストラリア,1947,BE1357,オーストラリア,2873,BE1357,オーストラリア,0,,-
Resort Anthem,Believe In Me,0,,-,1031,BE1357,オーストラリア,1274,BLUE6,オーストラリア,2309,BE1357,オーストラリア,0,,-
Resort Anthem,BLUST OF WIND,0,,-,808,BE1357,オーストラリア,1141,YGRM11,オーストラリア,2058,JOHNNN,オーストラリア,2480,N*MAKI,オーストラリア
Resort Anthem,Bounce Bounce Bounce,0,,-,1065,BE1357,オーストラリア,1242,BLUE6,オーストラリア,2276,??,オーストラリア,0,,-
Resort Anthem,Breaking the ground,0,,-,1175,BE1357,オーストラリア,1437,DRSQAT,オーストラリア,2467,JOHNNN,オーストラリア,0,,-
Resort Anthem,Broken,0,,-,1067,BE1357,オーストラリア,1992,BE1357,オーストラリア,3040,JOHNNN,オーストラリア,0,,-
Resort Anthem,BROKEN EDEN,0,,-,492,BLAKE,オーストラリア,1176,BLUE6,オーストラリア,2231,DAIJRO,オーストラリア,0,,-
Resort Anthem,Dances with Snow Fairies,0,,-,0,,-,2018,IIDX33,オーストラリア,2945,??,オーストラリア,3616,&0X5A,オーストラリア
Resort Anthem,DAYDREAMER,0,,-,594,YUKI,オーストラリア,1441,BLUE6,オーストラリア,2507,N*MAKI,オーストラリア,0,,-
Resort Anthem,Destiny Sword,0,,-,883,BE1357,オーストラリア,1296,KARTER,オーストラリア,2244,??,オーストラリア,0,,-
Resort Anthem,DM STAR～関西 energy style～,0,,-,721,AM,オーストラリア,1353,BLUE6,オーストラリア,2357,JOHNNN,オーストラリア,0,,-
Resort Anthem,Energy Drive,0,,-,427,K,オーストラリア,1201,STV,オーストラリア,2146,IIDX33,オーストラリア,0,,-
Resort Anthem,Eternal Tears,0,,-,0,,-,1080,BE1357,オーストラリア,1322,??,オーストラリア,0,,-
Resort Anthem,Everlasting Resort,0,,-,659,BLUE6,オーストラリア,951,MR.K,オーストラリア,1851,BE1357,オーストラリア,0,,-
Resort Anthem,Fantasia,0,,-,234,GGGGGG,オーストラリア,1251,BLUE6,オーストラリア,2221,BE1357,オーストラリア,0,,-
Resort Anthem,Golden Palms,0,,-,739,BE1357,オーストラリア,1134,BLUE6,オーストラリア,1981,N*MAKI,オーストラリア,2354,N*MAKI,オーストラリア
Resort Anthem,I FIGHT ME,0,,-,244,KREEM,オーストラリア,1396,DAIJRO,オーストラリア,2094,??,オーストラリア,0,,-
Resort Anthem,Kailua,0,,-,517,BE1357,オーストラリア,1122,BAUXE,オーストラリア,2049,DAIJRO,オーストラリア,0,,-
Resort Anthem,Let The Track Flow,0,,-,590,BLAKE,オーストラリア,1221,DRSQAT,オーストラリア,2405,??,オーストラリア,0,,-
Resort Anthem,Medicine of love,0,,-,290,K,オーストラリア,959,STV,オーストラリア,1706,??,オーストラリア,2437,BE1357,オーストラリア
Resort Anthem,Mermaid girl,486,I0NTPS,オーストラリア,798,IKARUS,オーストラリア,1562,Y.,オーストラリア,2154,BE1357,オーストラリア,0,,-
Resort Anthem,Never Fade Away,0,,-,464,NTHNG,オーストラリア,1344,BLUE6,オーストラリア,2910,BE1357,オーストラリア,0,,-
Resort Anthem,New Castle Legions,0,,-,0,,-,0,,-,2560,JOHNNN,オーストラリア,0,,-
Resort Anthem,PARADISE LOST,0,,-,1124,BLUE6,オーストラリア,0,,-,3002,??,オーストラリア,0,,-
Resort Anthem,passionate fate,0,,-,646,XYLKY-,オーストラリア,1413,ASHURA,オーストラリア,1987,??,オーストラリア,0,,-
Resort Anthem,perditus†paradisus,0,,-,1086,XYLKY-,オーストラリア,1990,NON0J!,オーストラリア,3454,JOHNNN,オーストラリア,0,,-
Resort Anthem,Programmed Life,0,,-,894,BLUE6,オーストラリア,1162,KARTER,オーストラリア,2245,??,オーストラリア,0,,-
Resort Anthem,reunion,365,D*BEAR,オーストラリア,1217,OISHI,オーストラリア,2013,IIDX33,オーストラリア,3007,DAIJRO,オーストラリア,0,,-
Resort Anthem,Rock Da House,0,,-,498,LILI,オーストラリア,1320,OISHI,オーストラリア,2187,IIDX33,オーストラリア,0,,-
Resort Anthem,SABER WING,0,,-,423,DOYOBI,オーストラリア,1294,LN.ENG,オーストラリア,2531,??,オーストラリア,0,,-
Resort Anthem,Sakura Reflection,0,,-,407,H3L10S,オーストラリア,1456,Y.,オーストラリア,2350,BE1357,オーストラリア,0,,-
Resort Anthem,sakura storm,0,,-,649,LILI,オーストラリア,1174,ASHURA,オーストラリア,2349,JOHNNN,オーストラリア,0,,-
Resort Anthem,Session 9 -Chronicles-,0,,-,557,KOKUYO,オーストラリア,2100,IIDX33,オーストラリア,3209,DAIJRO,オーストラリア,0,,-
Resort Anthem,Space Time,0,,-,386,I0NTPS,オーストラリア,1392,MU,オーストラリア,2119,JOHNNN,オーストラリア,0,,-
Resort Anthem,SPECIAL SUMMER CAMPAIGN!,0,,-,301,K,オーストラリア,1333,BLUE6,オーストラリア,2855,??,オーストラリア,0,,-
Resort Anthem,Stay my side,0,,-,0,,-,984,XYLKY-,オーストラリア,1286,5BAVNH,オーストラリア,0,,-
Resort Anthem,STELLAR WIND,268,DAMP,オーストラリア,0,,-,1231,DRSQAT,オーストラリア,2089,AKIHA,オーストラリア,0,,-
Resort Anthem,THE BLACK KNIGHT,0,,-,734,UNCHND,オーストラリア,1287,BLUE6,オーストラリア,2773,??,オーストラリア,4105,??,オーストラリア
Resort Anthem,THE DOOR INTO RAINBOW,0,,-,561,BLUE6,オーストラリア,1104,BLUE6,オーストラリア,2048,RINDEX,オーストラリア,0,,-
Resort Anthem,THE FALLEN,0,,-,573,LILI,オーストラリア,1200,BLUE6,オーストラリア,2568,JOHNNN,オーストラリア,0,,-
Resort Anthem,Tropical April,0,,-,1255,VLD,オーストラリア,1767,NAYNAY,オーストラリア,2667,JOHNNN,オーストラリア,0,,-
Resort Anthem,Vermillion,0,,-,410,BLUE6,オーストラリア,756,BLUE6,オーストラリア,1965,??,オーストラリア,0,,-
Resort Anthem,Watch Out Pt.2,0,,-,770,VON,オーストラリア,1506,CANADA,オーストラリア,2669,IIDX33,オーストラリア,0,,-
Resort Anthem,WISE UP!,0,,-,312,AOKI,オーストラリア,1011,STV,オーストラリア,1149,BLUE6,オーストラリア,2452,??,オーストラリア
Resort Anthem,Wuv U,0,,-,342,ADDI,オーストラリア,933,BAUXE,オーストラリア,1566,BUTLER,オーストラリア,0,,-
Resort Anthem,XANADU OF TWO,0,,-,28,DOLLY!,オーストラリア,1588,IYAN99,オーストラリア,2689,BE1357,オーストラリア,3358,JOHNNN,オーストラリア
Resort Anthem,ZETA～素数の世界と超越者～,0,,-,428,BLUE6,オーストラリア,1828,Y.,オーストラリア,2901,DAIJRO,オーストラリア,0,,-
Resort Anthem,おおきなこえで,0,,-,187,STIONK,オーストラリア,559,YUKI,オーストラリア,1411,??,オーストラリア,1910,NON0J!,オーストラリア
Resort Anthem,かげぬい ～ Ver.BENIBOTAN ～,0,,-,0,,-,870,QS36,オーストラリア,1811,??,オーストラリア,0,,-
Resort Anthem,中華急行,0,,-,223,CARL0S,オーストラリア,1427,MAXI33,オーストラリア,2272,IIDX33,オーストラリア,0,,-
Resort Anthem,夕焼け ～Fading Day～,0,,-,699,STV,オーストラリア,1583,ASHURA,オーストラリア,2680,BE1357,オーストラリア,0,,-
Resort Anthem,旅人リラン,0,,-,0,,-,1282,LXASLA,オーストラリア,2498,??,オーストラリア,0,,-
Resort Anthem,灼熱Beach Side Bunny,500,KEIZ0,オーストラリア,972,SIGMA!,オーストラリア,1776,IIDX33,オーストラリア,2743,IIDX33,オーストラリア,0,,-
Resort Anthem,黒髪乱れし修羅となりて,0,,-,503,PIY0MO,オーストラリア,1256,BLUE6,オーストラリア,3130,DAIJRO,オーストラリア,0,,-
Lincle,24th Century BOY,0,,-,0,,-,1453,OISHI,オーストラリア,2746,??,オーストラリア,0,,-
Lincle,532nm,0,,-,345,GETO,オーストラリア,1020,AO508!,オーストラリア,2556,BE1357,オーストラリア,0,,-
Lincle,A MINSTREL ～ ver. short-scape ～,0,,-,0,,-,0,,-,2325,BE1357,オーストラリア,3744,BE1357,オーストラリア
Lincle,Almace,0,,-,703,AAAAAA,オーストラリア,1050,STV,オーストラリア,1964,BE1357,オーストラリア,0,,-
Lincle,ANAGRAMS I to Y,0,,-,161,YBGGAV,オーストラリア,1330,YUXI7G,オーストラリア,2433,BE1357,オーストラリア,0,,-
Lincle,BLACK.by X-Cross Fade,0,,-,952,IIDX33,オーストラリア,1981,1NOSE0,オーストラリア,3117,IIDX33,オーストラリア,0,,-
Lincle,CALL,0,,-,0,,-,861,BE1357,オーストラリア,1392,DAIJRO,オーストラリア,2518,DAIJRO,オーストラリア
Lincle,Castle on the Moon,0,,-,501,CATT,オーストラリア,1455,DA3YAN,オーストラリア,2228,DAIJRO,オーストラリア,0,,-
Lincle,Change the World,0,,-,806,BE1357,オーストラリア,1042,APPURU,オーストラリア,1784,JOHNNN,オーストラリア,0,,-
Lincle,DIAVOLO,0,,-,803,ARTI*,オーストラリア,1533,SIGMA!,オーストラリア,2898,JOHNNN,オーストラリア,0,,-
Lincle,Drive Me Crazy,0,,-,284,KREEM,オーストラリア,1252,CANADA,オーストラリア,2241,BE1357,オーストラリア,0,,-
Lincle,Express Emotion,0,,-,554,KARI,オーストラリア,1011,XYLKY-,オーストラリア,2424,BE1357,オーストラリア,0,,-
Lincle,F,0,,-,1038,BE1357,オーストラリア,1783,IIDX33,オーストラリア,3408,??,オーストラリア,0,,-
Lincle,Far east nightbird,269,ADDI,オーストラリア,411,ADDI,オーストラリア,1109,STV,オーストラリア,1955,??,オーストラリア,0,,-
Lincle,fffff,0,,-,519,BIGCHE,オーストラリア,1881,5H4UN,オーストラリア,2978,JOHNNN,オーストラリア,0,,-
Lincle,Flip Flap,189,JARI,オーストラリア,491,IKARUS,オーストラリア,1175,ASHURA,オーストラリア,2177,IIDX33,オーストラリア,0,,-
Lincle,Follow Tomorrow,0,,-,0,,-,1273,BAUXE,オーストラリア,2185,JOHNNN,オーストラリア,0,,-
Lincle,GIGANT,0,,-,330,PZER0,オーストラリア,600,IIDX33,オーストラリア,1681,??,オーストラリア,2815,JOHNNN,オーストラリア
Lincle,HAERETICUS,0,,-,847,BE1357,オーストラリア,1708,NON0J!,オーストラリア,2882,JOHNNN,オーストラリア,0,,-
Lincle,I'm so Happy,255,ADDI,オーストラリア,344,GARNI,オーストラリア,1299,N*MAKI,オーストラリア,2248,JOHNNN,オーストラリア,0,,-
Lincle,In the Blackest Den,0,,-,841,BE1357,オーストラリア,1176,BLUE6,オーストラリア,2347,DAIJRO,オーストラリア,0,,-
Lincle,Infinite cave,0,,-,0,,-,1148,BLUE6,オーストラリア,1930,??,オーストラリア,0,,-
Lincle,KYAMISAMA ONEGAI!,0,,-,0,,-,0,,-,1978,??,オーストラリア,2939,JOHNNN,オーストラリア
Lincle,LAX5 feat.Ryota Yoshinari,0,,-,562,IIDX33,オーストラリア,1521,BLUE6,オーストラリア,2806,??,オーストラリア,0,,-
Lincle,LETHEBOLG ～双神威に斬り咲けり～,0,,-,1025,BE1357,オーストラリア,1544,IIDX33,オーストラリア,2174,BE1357,オーストラリア,0,,-
Lincle,Liquid Crystal Girl feat. echo,0,,-,0,,-,0,,-,1925,??,オーストラリア,0,,-
Lincle,LOVE B.B.B,0,,-,470,NTHNG,オーストラリア,1166,DRSQAT,オーストラリア,1960,BE1357,オーストラリア,0,,-
Lincle,Lucky Days,0,,-,372,CLOWN,オーストラリア,1193,BLUE6,オーストラリア,2115,DAIJRO,オーストラリア,0,,-
Lincle,Mermaid girl-秋葉工房 MIX-,0,,-,623,LILI,オーストラリア,1069,VON,オーストラリア,2032,BE1357,オーストラリア,0,,-
Lincle,Miami Sunset Drive,0,,-,449,DAZED!,オーストラリア,857,BOOTH,オーストラリア,1602,??,オーストラリア,0,,-
Lincle,NNRT,0,,-,0,,-,2173,IIDX33,オーストラリア,3321,JOHNNN,オーストラリア,0,,-
Lincle,Phoenix,0,,-,0,,-,743,LILI,オーストラリア,2298,??,オーストラリア,3788,&0X5A,オーストラリア
Lincle,prompt,0,,-,0,,-,1509,IYAN99,オーストラリア,2695,DAIJRO,オーストラリア,0,,-
Lincle,QUANTUM TELEPORTATION,0,,-,995,BLUE6,オーストラリア,0,,-,2835,JOHNNN,オーストラリア,3430,JOHNNN,オーストラリア
Lincle,quaver♪,212,G4142,オーストラリア,539,BIGCHE,オーストラリア,1954,IYAN99,オーストラリア,3264,JOHNNN,オーストラリア,0,,-
Lincle,Quick Silver,0,,-,0,,-,1649,IIDX33,オーストラリア,2543,??,オーストラリア,0,,-
Lincle,Release The Music,0,,-,657,BLUE6,オーストラリア,1076,BLUE6,オーストラリア,2062,IIDX33,オーストラリア,0,,-
Lincle,RESISTANCE,0,,-,231,MATTCH,オーストラリア,1078,BLUE6,オーストラリア,2330,??,オーストラリア,0,,-
Lincle,Round and Round,0,,-,536,PIY0MO,オーストラリア,988,BLUE6,オーストラリア,2058,DAIJRO,オーストラリア,0,,-
Lincle,SA.YO.NA.RA. SUPER STAR,0,,-,375,BOOTH,オーストラリア,957,BLUE6,オーストラリア,1563,??,オーストラリア,0,,-
Lincle,Scharfrichter,0,,-,0,,-,1325,BLUE6,オーストラリア,2821,BE1357,オーストラリア,0,,-
Lincle,Several Words,0,,-,0,,-,0,,-,2108,??,オーストラリア,0,,-
Lincle,SHADE,0,,-,0,,-,1436,YGRM11,オーストラリア,2796,BE1357,オーストラリア,0,,-
Lincle,Snake Stick,0,,-,720,IIDX33,オーストラリア,1773,5H4UN,オーストラリア,2475,RINDEX,オーストラリア,0,,-
Lincle,Snow Goose,225,KARI,オーストラリア,215,KREEM,オーストラリア,1221,IYAN99,オーストラリア,2250,N*MAKI,オーストラリア,0,,-
Lincle,Star Trail,0,,-,430,IIDX33,オーストラリア,902,BLUE6,オーストラリア,1801,BE1357,オーストラリア,2467,BE1357,オーストラリア
Lincle,The Limbo,0,,-,0,,-,1547,WAGYU,オーストラリア,3092,JOHNNN,オーストラリア,3920,&0X5A,オーストラリア
Lincle,The Sampling Paradise,0,,-,721,XYLKY-,オーストラリア,1263,SIGMA!,オーストラリア,2834,BE1357,オーストラリア,0,,-
Lincle,Thunderbolt,0,,-,877,KORERI,オーストラリア,1381,AO508!,オーストラリア,3561,BE1357,オーストラリア,0,,-
Lincle,TITANS RETURN,195,MEYU,オーストラリア,529,VON,オーストラリア,0,,-,2329,DAIJRO,オーストラリア,2395,??,オーストラリア
Lincle,Todestrieb,0,,-,808,IIDX33,オーストラリア,1714,Y.,オーストラリア,3294,&0X5A,オーストラリア,0,,-
Lincle,Voxane,0,,-,265,KREEM,オーストラリア,940,BLUE6,オーストラリア,1395,WAGYU,オーストラリア,0,,-
Lincle,WONDER WALKER,0,,-,668,PIY0MO,オーストラリア,1297,BOOTH,オーストラリア,3661,JOHNNN,オーストラリア,0,,-
Lincle,YAKSHA,0,,-,1020,BLUE6,オーストラリア,1493,BLUE6,オーストラリア,3754,&0X5A,オーストラリア,0,,-
Lincle,yellow head joe,0,,-,310,K,オーストラリア,1064,BLUE6,オーストラリア,2146,N*MAKI,オーストラリア,2876,??,オーストラリア
Lincle,Yellow Sunrise,0,,-,483,CLOWN,オーストラリア,1429,BE1357,オーストラリア,2220,BE1357,オーストラリア,0,,-
Lincle,ビューティフルレシート,0,,-,402,SAMECO,オーストラリア,938,BLUE6,オーストラリア,1826,IIDX33,オーストラリア,0,,-
Lincle,ユミル,0,,-,338,KREEM,オーストラリア,1076,BLUE6,オーストラリア,2724,JOHNNN,オーストラリア,0,,-
Lincle,君のハートにロックオン,0,,-,470,KARI,オーストラリア,1301,DA3YAN,オーストラリア,2413,??,オーストラリア,3227,JOHNNN,オーストラリア
Lincle,天空の夜明け,0,,-,1145,XYLKY-,オーストラリア,1939,5H4UN,オーストラリア,3687,??,オーストラリア,0,,-
Lincle,子供の落書き帳,0,,-,918,BE1357,オーストラリア,0,,-,2522,JOHNNN,オーストラリア,0,,-
Lincle,恋する☆宇宙戦争っ！！,361,ETAGGZ,オーストラリア,761,CAR,オーストラリア,1678,IIDX33,オーストラリア,3340,JOHNNN,オーストラリア,4078,JOHNNN,オーストラリア
Lincle,突撃!ガラスのニーソ姫!,0,,-,117,NAVI,オーストラリア,941,KEIZ0,オーストラリア,2035,DAIJRO,オーストラリア,0,,-
Lincle,聖人の塔,0,,-,0,,-,1547,ASHURA,オーストラリア,2838,JOHNNN,オーストラリア,3821,JOHNNN,オーストラリア
Lincle,蛇神,387,BUTLER,オーストラリア,607,IIDX33,オーストラリア,1280,IIDX33,オーストラリア,2691,BE1357,オーストラリア,3409,BE1357,オーストラリア
Lincle,衰色小町メランコリア,0,,-,0,,-,912,QS36,オーストラリア,2310,JOHNNN,オーストラリア,0,,-
Lincle,陽炎,0,,-,299,KREEM,オーストラリア,783,QS36,オーストラリア,1961,JOHNNN,オーストラリア,0,,-
tricoro,405nm (Ryu☆mix),0,,-,0,,-,1522,DA3YAN,オーストラリア,2517,&0X5A,オーストラリア,0,,-
tricoro,8bit Princess,0,,-,278,MATTCH,オーストラリア,1296,XYLKY-,オーストラリア,2577,DAIJRO,オーストラリア,0,,-
tricoro,Ascalon,0,,-,1119,BE1357,オーストラリア,1162,YUKI,オーストラリア,2216,??,オーストラリア,0,,-
tricoro,Beastie Starter,0,,-,258,KREEM,オーストラリア,889,BLUE6,オーストラリア,2076,IIDX33,オーストラリア,0,,-
tricoro,BLUE STRAGGLER,0,,-,343,DAZED!,オーストラリア,0,,-,2494,??,オーストラリア,0,,-
tricoro,BRAVE GLOW,0,,-,513,FZNGCR,オーストラリア,1492,IIDX33,オーストラリア,2419,IIDX33,オーストラリア,0,,-
tricoro,CONCEPTUAL,0,,-,823,BE1357,オーストラリア,1073,STV,オーストラリア,2613,BE1357,オーストラリア,0,,-
tricoro,Confiserie,0,,-,937,BE1357,オーストラリア,1814,7,オーストラリア,3227,JOHNNN,オーストラリア,0,,-
tricoro,connective,0,,-,218,EWHEEL,オーストラリア,540,IIDX33,オーストラリア,1479,??,オーストラリア,0,,-
tricoro,Cookie Bouquets,0,,-,869,BE1357,オーストラリア,2039,IIDX33,オーストラリア,3286,RINDEX,オーストラリア,0,,-
tricoro,DAY DREAM,0,,-,525,BE1357,オーストラリア,599,ENODEN,オーストラリア,1740,JOHNNN,オーストラリア,0,,-
tricoro,Devilz Staircase,0,,-,482,KAIZA,オーストラリア,1258,BLUE6,オーストラリア,3071,JOHNNN,オーストラリア,0,,-
tricoro,Elemental Creation,0,,-,1273,SIGMA!,オーストラリア,2035,CANADA,オーストラリア,3810,&0X5A,オーストラリア,0,,-
tricoro,examination leave,0,,-,0,,-,0,,-,3268,DAIJRO,オーストラリア,0,,-
tricoro,FLOWER,267,CRAX,オーストラリア,989,STV,オーストラリア,1608,Y.,オーストラリア,2712,DAIJRO,オーストラリア,0,,-
tricoro,Fly you to the star,0,,-,410,NTHNG,オーストラリア,1466,Y.,オーストラリア,2238,JOHNNN,オーストラリア,0,,-
tricoro,GAIA,0,,-,1024,BE1357,オーストラリア,1942,IIDX33,オーストラリア,3119,BE1357,オーストラリア,0,,-
tricoro,GRADIUS 2012,0,,-,911,BE1357,オーストラリア,1320,ALICE,オーストラリア,2562,JOHNNN,オーストラリア,0,,-
tricoro,Hollywood Galaxy,0,,-,1109,BE1357,オーストラリア,1624,SEIKO*,オーストラリア,2525,JOHNNN,オーストラリア,0,,-
tricoro,Howling,0,,-,0,,-,955,AO508!,オーストラリア,2042,BE1357,オーストラリア,2513,??,オーストラリア
tricoro,I know You know,0,,-,432,KNIF3,オーストラリア,536,NEO,オーストラリア,1771,??,オーストラリア,0,,-
tricoro,ILIAS,0,,-,653,FZNGCR,オーストラリア,870,BOOTH,オーストラリア,2111,??,オーストラリア,0,,-
tricoro,Illegal Function Call,0,,-,981,BE1357,オーストラリア,1768,BE1357,オーストラリア,2485,JOHNNN,オーストラリア,3326,IIDX32,オーストラリア
tricoro,In Heaven,0,,-,496,PIY0MO,オーストラリア,888,GRILL,オーストラリア,2058,DAIJRO,オーストラリア,0,,-
tricoro,JOMANDA,137,*****.,オーストラリア,781,UNCHND,オーストラリア,2165,5H4UN,オーストラリア,3391,&0X5A,オーストラリア,0,,-
tricoro,Liberation,0,,-,763,KOKUYO,オーストラリア,1492,BLUE6,オーストラリア,3566,JOHNNN,オーストラリア,0,,-
tricoro,Light and Cyber…,0,,-,1021,BE1357,オーストラリア,1858,DA3YAN,オーストラリア,2910,DAIJRO,オーストラリア,0,,-
tricoro,Little Star,0,,-,966,BE1357,オーストラリア,1637,IIDX33,オーストラリア,2968,BE1357,オーストラリア,0,,-
tricoro,LUV CAN SAVE U,0,,-,325,ULTRA*,オーストラリア,1127,MR.K,オーストラリア,2047,??,オーストラリア,2685,JOHNNN,オーストラリア
tricoro,mnemoniq,0,,-,391,KACHY-,オーストラリア,510,LEEK*,オーストラリア,942,BLUE6,オーストラリア,0,,-
tricoro,Neonlights,0,,-,357,ANNIE,オーストラリア,1190,KOOL,オーストラリア,2154,JOHNNN,オーストラリア,0,,-
tricoro,neu,0,,-,675,ARTI*,オーストラリア,1556,BLUE6,オーストラリア,3692,JOHNNN,オーストラリア,0,,-
tricoro,New Decade IIDX Edition,0,,-,685,PZER0,オーストラリア,1441,BLUE6,オーストラリア,2780,DAIJRO,オーストラリア,0,,-
tricoro,New Lights,0,,-,224,NTHNG,オーストラリア,1653,IIDX33,オーストラリア,2390,RINDEX,オーストラリア,0,,-
tricoro,Plan 8,0,,-,1004,MIATA!,オーストラリア,2051,IIDX33,オーストラリア,2905,IIDX33,オーストラリア,0,,-
tricoro,planarian,0,,-,0,,-,1044,KOOL,オーストラリア,2476,BE1357,オーストラリア,0,,-
tricoro,POINT ZERO,0,,-,561,IMABOT,オーストラリア,1016,BLUE6,オーストラリア,1996,??,オーストラリア,0,,-
tricoro,Präludium,0,,-,489,DFLAT,オーストラリア,702,K,オーストラリア,2155,??,オーストラリア,0,,-
tricoro,Proof of the existence,0,,-,1004,STV,オーストラリア,1800,IIDX33,オーストラリア,3011,JOHNNN,オーストラリア,0,,-
tricoro,Rainbow after snow,0,,-,523,VERYAK,オーストラリア,1320,STV,オーストラリア,2105,??,オーストラリア,0,,-
tricoro,Re:GENERATION,0,,-,671,MZNAKR,オーストラリア,1413,YGRM11,オーストラリア,2190,DAIJRO,オーストラリア,0,,-
tricoro,Reflection Into the EDEN,0,,-,483,DFLAT,オーストラリア,1163,STV,オーストラリア,2026,JOHNNN,オーストラリア,0,,-
tricoro,rumrum triplets,0,,-,599,PZER0,オーストラリア,1774,CANADA,オーストラリア,2830,??,オーストラリア,0,,-
tricoro,S!ck,0,,-,580,EDX,オーストラリア,1381,Y.,オーストラリア,2566,JOHNNN,オーストラリア,0,,-
tricoro,Saturn,0,,-,0,,-,1135,WAGYU,オーストラリア,2461,DAIJRO,オーストラリア,3252,??,オーストラリア
tricoro,Shining World,0,,-,1057,STV,オーストラリア,1282,AO508!,オーストラリア,1910,JOHNNN,オーストラリア,0,,-
tricoro,SHION,0,,-,484,PZER0,オーストラリア,1163,BAUXE,オーストラリア,2660,??,オーストラリア,0,,-
tricoro,Sol Cosine Job 2,0,,-,732,QS36,オーストラリア,1531,NON0J!,オーストラリア,2882,IIDX33,オーストラリア,0,,-
tricoro,STULTI,0,,-,681,XYLKY-,オーストラリア,1152,ASHURA,オーストラリア,2529,JOHNNN,オーストラリア,0,,-
tricoro,SYNC-ANTHEM,0,,-,799,BLUE6,オーストラリア,2256,5H4UN,オーストラリア,3511,JOHNNN,オーストラリア,0,,-
tricoro,Synergy For Angels,0,,-,732,MZNAKR,オーストラリア,1382,*AER0*,オーストラリア,2671,JOHNNN,オーストラリア,0,,-
tricoro,Take My Life,0,,-,814,STV,オーストラリア,1243,STV,オーストラリア,2818,BE1357,オーストラリア,0,,-
tricoro,Thor's Hammer,0,,-,479,FJ,オーストラリア,1567,IIDX33,オーストラリア,2612,BE1357,オーストラリア,0,,-
tricoro,Time To Empress,0,,-,744,TAKUM,オーストラリア,1692,DA3YAN,オーストラリア,2520,??,オーストラリア,3022,JOHNNN,オーストラリア
tricoro,Timepiece phase II,0,,-,520,PIY0MO,オーストラリア,0,,-,3010,JOHNNN,オーストラリア,0,,-
tricoro,Timepiece phase II (CN Ver.),0,,-,608,IIDX33,オーストラリア,1574,NON0J!,オーストラリア,2667,JOHNNN,オーストラリア,0,,-
tricoro,True Blue,0,,-,606,KARI,オーストラリア,2058,T5OVND,オーストラリア,3612,JOHNNN,オーストラリア,0,,-
tricoro,Valanga,0,,-,1189,IIDX33,オーストラリア,2062,5H4UN,オーストラリア,3138,??,オーストラリア,0,,-
tricoro,VALLIS-NERIA,211,ADDI,オーストラリア,838,IIDX33,オーストラリア,2068,BE1357,オーストラリア,2785,DAIJRO,オーストラリア,0,,-
tricoro,VEGA,0,,-,0,,-,1956,IIDX33,オーストラリア,3010,IIDX33,オーストラリア,0,,-
tricoro,ZED,0,,-,0,,-,1614,IIDX33,オーストラリア,2578,BE1357,オーストラリア,3138,BE1357,オーストラリア
tricoro,Zirkfied,0,,-,500,SAMECO,オーストラリア,1782,IIDX33,オーストラリア,3517,&0X5A,オーストラリア,0,,-
tricoro,ΕΛΠΙΣ,0,,-,918,IIDX33,オーストラリア,1869,IIDX33,オーストラリア,3055,??,オーストラリア,3377,??,オーストラリア
tricoro,†渚の小悪魔ラヴリィ～レイディオ†(IIDX EDIT),0,,-,466,VON,オーストラリア,1533,IIDX33,オーストラリア,3312,JOHNNN,オーストラリア,0,,-
tricoro,お米の美味しい炊き方、そしてお米を食べることによるその効果。,0,,-,0,,-,988,DDRPRO,オーストラリア,2078,BE1357,オーストラリア,3392,JOHNNN,オーストラリア
tricoro,たまゆら,0,,-,865,VLD,オーストラリア,1475,ENODEN,オーストラリア,2644,JOHNNN,オーストラリア,0,,-
tricoro,アストライアの双皿,0,,-,494,SAMECO,オーストラリア,1492,BLUE6,オーストラリア,2911,JOHNNN,オーストラリア,0,,-
tricoro,カジノファイヤーことみちゃん,0,,-,374,GINGER,オーストラリア,1116,STV,オーストラリア,2204,??,オーストラリア,2945,JOHNNN,オーストラリア
tricoro,キャトられ恋はモ～モク,0,,-,717,IIDX33,オーストラリア,1704,BLUE6,オーストラリア,3439,IIDX33,オーストラリア,0,,-
tricoro,シュレーディンガーの猫,0,,-,0,,-,2096,NON0J!,オーストラリア,3243,??,オーストラリア,0,,-
tricoro,トリカゴノ鳳凰,0,,-,0,,-,1436,BLUE6,オーストラリア,3447,??,オーストラリア,0,,-
tricoro,メイメツ、フラグメンツ,0,,-,404,CLOWN,オーストラリア,1177,DA3YAN,オーストラリア,1899,JOHNNN,オーストラリア,0,,-
tricoro,ラキラキ,0,,-,409,JONNYB,オーストラリア,1154,HIROE?,オーストラリア,1915,DAIJRO,オーストラリア,0,,-
tricoro,下弦の月,0,,-,897,XYLKY-,オーストラリア,981,VLD,オーストラリア,1937,DAIJRO,オーストラリア,0,,-
tricoro,仮想空間の旅人たち,0,,-,79,IIDX33,オーストラリア,1591,BLUE6,オーストラリア,2805,BE1357,オーストラリア,3759,??,オーストラリア
tricoro,創世ノート,0,,-,359,LAMP,オーストラリア,1233,BLUE6,オーストラリア,2708,??,オーストラリア,0,,-
tricoro,即席！脳直★ミュージックシステム,0,,-,944,XYLKY-,オーストラリア,1412,BLUE6,オーストラリア,3282,??,オーストラリア,0,,-
tricoro,朧,157,SASHA,オーストラリア,656,MZNAKR,オーストラリア,1414,DAIJRO,オーストラリア,2065,BE1357,オーストラリア,2473,JOHNNN,オーストラリア
tricoro,梅雪夜,0,,-,0,,-,1093,BLUE6,オーストラリア,2107,IIDX33,オーストラリア,0,,-
tricoro,狂イ咲ケ焔ノ華,0,,-,867,BLUE6,オーストラリア,1678,MAHORO,オーストラリア,3383,JOHNNN,オーストラリア,0,,-
tricoro,音楽,0,,-,0,,-,1255,LN.ENG,オーストラリア,2399,??,オーストラリア,0,,-
tricoro,龍と少女とデコヒーレンス,0,,-,487,LILI,オーストラリア,1244,BLUE6,オーストラリア,2892,BE1357,オーストラリア,3238,??,オーストラリア
SPADA,Adularia,99,NERO,オーストラリア,468,IIDX33,オーストラリア,1563,CANADA,オーストラリア,2733,BE1357,オーストラリア,0,,-
SPADA,ALBA -黎明-,0,,-,624,BE1357,オーストラリア,1473,IIDX33,オーストラリア,3100,BE1357,オーストラリア,3700,JOHNNN,オーストラリア
SPADA,Ancient Scapes,0,,-,917,BLUE6,オーストラリア,1554,JO,オーストラリア,3289,JOHNNN,オーストラリア,3922,JOHNNN,オーストラリア
SPADA,ATHER,0,,-,627,KARI,オーストラリア,1276,STV,オーストラリア,2387,NON0J!,オーストラリア,3064,JOHNNN,オーストラリア
SPADA,BLUE DRAGON(雷龍RemixIIDX),0,,-,1198,OISHI,オーストラリア,1989,IIDX33,オーストラリア,3166,JOHNNN,オーストラリア,0,,-
SPADA,BRAINSTORM,0,,-,638,VON,オーストラリア,1360,BLUE6,オーストラリア,2630,BE1357,オーストラリア,0,,-
SPADA,BRAVE OUT,0,,-,1030,BE1357,オーストラリア,1238,XYLKY-,オーストラリア,2071,BE1357,オーストラリア,2704,JOHNNN,オーストラリア
SPADA,Claiomh Solais,0,,-,266,AL!,オーストラリア,987,VON,オーストラリア,2065,DAIJRO,オーストラリア,0,,-
SPADA,Cleopatrysm,0,,-,544,GARNI,オーストラリア,1128,BLUE6,オーストラリア,2446,BE1357,オーストラリア,0,,-
SPADA,Close the World feat.a☆ru,0,,-,1135,BE1357,オーストラリア,2064,NA2,オーストラリア,3285,&0X5A,オーストラリア,3576,JOHNNN,オーストラリア
SPADA,Critical Crystal,88,TPCAYK,オーストラリア,945,STV,オーストラリア,1601,ASHURA,オーストラリア,2773,??,オーストラリア,0,,-
SPADA,DARK LEGACY,0,,-,988,DDRPRO,オーストラリア,1526,BLUE6,オーストラリア,3408,&0X5A,オーストラリア,0,,-
SPADA,Devilz Sacrifice -贖罪の羊-,0,,-,935,BE1357,オーストラリア,1331,STV,オーストラリア,2406,JOHNNN,オーストラリア,0,,-
SPADA,diagram,0,,-,483,SAMECO,オーストラリア,1053,BLUE6,オーストラリア,2707,JOHNNN,オーストラリア,0,,-
SPADA,Elektrick U-Phoria,0,,-,947,VLD,オーストラリア,1587,KARTER,オーストラリア,2953,IIDX33,オーストラリア,3762,??,オーストラリア
SPADA,Element of SPADA,0,,-,511,VERYAK,オーストラリア,1220,AO508!,オーストラリア,2058,BE1357,オーストラリア,3027,??,オーストラリア
SPADA,Engraved Mark,0,,-,467,DAZED!,オーストラリア,1071,ASHURA,オーストラリア,2327,IIDX33,オーストラリア,0,,-
SPADA,EXTREME MACH COLLIDER,0,,-,991,BE1357,オーストラリア,1109,BLUE6,オーストラリア,2428,??,オーストラリア,0,,-
SPADA,Feel The Beat,0,,-,1212,XYLKY-,オーストラリア,2011,AYTEMS,オーストラリア,3395,BE1357,オーストラリア,4031,&0X5A,オーストラリア
SPADA,Funny shuffle,0,,-,321,KREEM,オーストラリア,937,BLUE6,オーストラリア,2160,??,オーストラリア,0,,-
SPADA,HYENA,0,,-,785,IIDX33,オーストラリア,1610,ASHURA,オーストラリア,2741,IIDX33,オーストラリア,3426,JOHNNN,オーストラリア
SPADA,Hypersonik,0,,-,1007,BE1357,オーストラリア,1445,OSCAR,オーストラリア,2471,IIDX33,オーストラリア,0,,-
SPADA,I will be back -オレは帰ってきた-,0,,-,716,MZNAKR,オーストラリア,1422,LXASLA,オーストラリア,2802,DAIJRO,オーストラリア,0,,-
SPADA,Idola,0,,-,1078,STV,オーストラリア,2091,NON0J!,オーストラリア,3417,JOHNNN,オーストラリア,0,,-
SPADA,Insane Techniques,0,,-,510,KNIF3,オーストラリア,1051,VON,オーストラリア,2364,IIDX33,オーストラリア,0,,-
SPADA,INSOMNIA,0,,-,509,G4142,オーストラリア,1511,SIGMA!,オーストラリア,2991,JOHNNN,オーストラリア,0,,-
SPADA,into the battlefield,0,,-,501,DFLAT,オーストラリア,1224,STV,オーストラリア,2334,IIDX33,オーストラリア,0,,-
SPADA,invoker,0,,-,1081,BE1357,オーストラリア,1488,BLUE6,オーストラリア,3026,JOHNNN,オーストラリア,3323,??,オーストラリア
SPADA,IX,0,,-,1076,BLUE6,オーストラリア,1902,SEIKO*,オーストラリア,3556,JOHNNN,オーストラリア,0,,-
SPADA,KAISER PHOENIX,0,,-,783,LILI,オーストラリア,1140,BLUE6,オーストラリア,3105,JOHNNN,オーストラリア,3606,&0X5A,オーストラリア
SPADA,KHAMEN BREAK,0,,-,468,ADDI,オーストラリア,1200,STV,オーストラリア,2393,JOHNNN,オーストラリア,0,,-
SPADA,Last Dance,0,,-,695,TAKUM,オーストラリア,1401,ENODEN,オーストラリア,3106,JOHNNN,オーストラリア,0,,-
SPADA,Lighting Shower,0,,-,307,SPGTTI,オーストラリア,1086,STV,オーストラリア,2284,DAIJRO,オーストラリア,0,,-
SPADA,M.D.Injection,0,,-,0,,-,1075,VON,オーストラリア,2219,??,オーストラリア,0,,-
SPADA,m1dy Deluxe,0,,-,630,RINON!,オーストラリア,1383,MIATA!,オーストラリア,2349,JOHNNN,オーストラリア,0,,-
SPADA,MAD ATTACK,0,,-,379,D*BEAR,オーストラリア,0,,-,1736,??,オーストラリア,2435,IIDX33,オーストラリア
SPADA,MAGIC & LOVE,0,,-,0,,-,1491,OISHI,オーストラリア,2780,DAIJRO,オーストラリア,0,,-
SPADA,Miracle 5ympho X,0,,-,682,XYLKY-,オーストラリア,1218,IIDX33,オーストラリア,2574,IIDX33,オーストラリア,2781,IIDX33,オーストラリア
SPADA,NPC World,0,,-,0,,-,0,,-,2110,??,オーストラリア,0,,-
SPADA,Odin,0,,-,506,DAZED!,オーストラリア,404,MAXIO,オーストラリア,1994,RINDEX,オーストラリア,0,,-
SPADA,Overload Frontier,0,,-,0,,-,1703,IIDX33,オーストラリア,2461,IIDX33,オーストラリア,0,,-
SPADA,Pharaoh,0,,-,405,DAZED!,オーストラリア,1089,BLUE6,オーストラリア,2331,??,オーストラリア,0,,-
SPADA,PUNISHER,0,,-,63,KINO$!,オーストラリア,1557,YUME,オーストラリア,3426,&0X5A,オーストラリア,0,,-
SPADA,ra'am,0,,-,820,AO508!,オーストラリア,1539,CANADA,オーストラリア,2520,??,オーストラリア,0,,-
SPADA,rainbow guitar weeps,0,,-,665,PIY0MO,オーストラリア,1338,BLUE6,オーストラリア,2653,BE1357,オーストラリア,0,,-
SPADA,Recollection,0,,-,0,,-,1360,DDRPRO,オーストラリア,2191,??,オーストラリア,0,,-
SPADA,refractive index,0,,-,603,SAMECO,オーストラリア,1140,VLD,オーストラリア,2577,??,オーストラリア,0,,-
SPADA,RISE,0,,-,0,,-,0,,-,1668,5H4UN,オーストラリア,0,,-
SPADA,RIZING YOU UP,0,,-,657,TAKUM,オーストラリア,1634,CANADA,オーストラリア,2386,BE1357,オーストラリア,0,,-
SPADA,SCHWARZSCHILD FIELD,0,,-,648,MZNAKR,オーストラリア,1293,ASHURA,オーストラリア,2210,??,オーストラリア,0,,-
SPADA,Sigmund,0,,-,1149,BLUE6,オーストラリア,1613,9*****,オーストラリア,3518,JOHNNN,オーストラリア,3821,JOHNNN,オーストラリア
SPADA,Squeeze,0,,-,0,,-,1121,BLUE6,オーストラリア,2344,DAIJRO,オーストラリア,0,,-
SPADA,THE DETONATOR,0,,-,1130,BLUE6,オーストラリア,1435,BLUE6,オーストラリア,3034,??,オーストラリア,0,,-
SPADA,Unicorn tail,0,,-,688,STV,オーストラリア,1906,IYAN99,オーストラリア,3016,IIDX33,オーストラリア,0,,-
SPADA,Valgus,0,,-,470,KARI,オーストラリア,1056,BLUE6,オーストラリア,2189,N*MAKI,オーストラリア,0,,-
SPADA,Verflucht,0,,-,957,Z,オーストラリア,1955,NA2,オーストラリア,3407,&0X5A,オーストラリア,4406,&0X5A,オーストラリア
SPADA,VOX UP,0,,-,1357,Y.,オーストラリア,2200,IIDX33,オーストラリア,3346,JOHNNN,オーストラリア,0,,-
SPADA,Wonder Girl feat. Kanae Asaba,0,,-,520,LEEK*,オーストラリア,1106,STV,オーストラリア,2675,DAIJRO,オーストラリア,0,,-
SPADA,お願いアインシュタイン,0,,-,0,,-,0,,-,2086,N*MAKI,オーストラリア,0,,-
SPADA,アルストロメリア,120,FROSTY,オーストラリア,972,BE1357,オーストラリア,1295,STV,オーストラリア,2414,JOHNNN,オーストラリア,0,,-
SPADA,デッドボヲルdeホームラン,0,,-,401,SAMECO,オーストラリア,1292,NAYNAY,オーストラリア,2546,JOHNNN,オーストラリア,0,,-
SPADA,バンブーソード・ガール,0,,-,738,STV,オーストラリア,1383,KARTER,オーストラリア,2279,BE1357,オーストラリア,0,,-
SPADA,廿,0,,-,0,,-,106,VOID*,オーストラリア,2194,??,オーストラリア,3109,JOHNNN,オーストラリア
SPADA,旋律のドグマ～Miserables～,0,,-,935,AAAAAA,オーストラリア,1789,LXASLA,オーストラリア,3677,DAIJRO,オーストラリア,0,,-
SPADA,海神,0,,-,946,SIGMA!,オーストラリア,1848,IIDX33,オーストラリア,3014,BE1357,オーストラリア,3426,BE1357,オーストラリア
SPADA,煉獄のエルフェリア,0,,-,888,VON,オーストラリア,1982,IIDX33,オーストラリア,3589,JOHNNN,オーストラリア,0,,-
SPADA,牧神笛吹きて,0,,-,111,EWHEEL,オーストラリア,1040,BLUE6,オーストラリア,1208,APPURU,オーストラリア,0,,-
SPADA,疾風迅雷,0,,-,0,,-,1365,NAYNAY,オーストラリア,2777,JOHNNN,オーストラリア,3141,JOHNNN,オーストラリア
SPADA,罪と罰,0,,-,800,MZNAKR,オーストラリア,1085,YUXI7G,オーストラリア,2093,N*MAKI,オーストラリア,0,,-
SPADA,超!!遠距離らぶメ～ル,0,,-,379,DAN,オーストラリア,1227,SP3000,オーストラリア,2547,JOHNNN,オーストラリア,0,,-
SPADA,轟け！恋のビーンボール！！,0,,-,20,BLAKE,オーストラリア,1608,IIDX33,オーストラリア,3297,JOHNNN,オーストラリア,0,,-
PENDUAL,#The_Relentless,0,,-,773,PZER0,オーストラリア,1400,LXASLA,オーストラリア,2824,BE1357,オーストラリア,4017,JOHNNN,オーストラリア
PENDUAL,AFRO KNUCKLE,0,,-,934,BE1357,オーストラリア,1435,STV,オーストラリア,2316,JOHNNN,オーストラリア,0,,-
PENDUAL,Beat Radiance,0,,-,982,BE1357,オーストラリア,1300,DRSQAT,オーストラリア,2568,BE1357,オーストラリア,3488,??,オーストラリア
PENDUAL,Beyond The Earth,0,,-,1235,BE1357,オーストラリア,1683,7,オーストラリア,3044,JOHNNN,オーストラリア,0,,-
PENDUAL,Blaze it UP!,0,,-,928,BE1357,オーストラリア,1670,YGRM11,オーストラリア,2872,N*MAKI,オーストラリア,0,,-
PENDUAL,BLUE MIRAGE,0,,-,320,DAZED!,オーストラリア,1852,IIDX33,オーストラリア,2697,JOHNNN,オーストラリア,0,,-
PENDUAL,Broken Sword,0,,-,891,PZER0,オーストラリア,1363,APPURU,オーストラリア,3548,JOHNNN,オーストラリア,0,,-
PENDUAL,Chain of pain,0,,-,460,IIDX33,オーストラリア,1072,AO508!,オーストラリア,2040,??,オーストラリア,0,,-
PENDUAL,chrono diver -fragment-,0,,-,474,VERYAK,オーストラリア,817,KAIZA,オーストラリア,1754,BE1357,オーストラリア,2229,JOHNNN,オーストラリア
PENDUAL,CHRONO DIVER -NORNIR-,0,,-,1152,BE1357,オーストラリア,1723,BLUE6,オーストラリア,2989,BE1357,オーストラリア,4143,??,オーストラリア
PENDUAL,Chrono Diver -PENDULUMs-,459,STV,オーストラリア,1228,IIDX33,オーストラリア,2426,AAAAAA,オーストラリア,4023,??,オーストラリア,0,,-
PENDUAL,Chronos,0,,-,855,BE1357,オーストラリア,996,BLUE6,オーストラリア,2273,BE1357,オーストラリア,2697,??,オーストラリア
PENDUAL,cinder,0,,-,851,BE1357,オーストラリア,1488,BLUE6,オーストラリア,2970,JOHNNN,オーストラリア,0,,-
PENDUAL,COLOSSEUM,0,,-,425,QS36,オーストラリア,0,,-,2104,NON0J!,オーストラリア,0,,-
PENDUAL,Cosmic Cat,0,,-,797,STV,オーストラリア,1355,BLUE6,オーストラリア,2273,BE1357,オーストラリア,3148,SSSRAN,オーストラリア
PENDUAL,Despair of ELFERIA,0,,-,917,YUKI,オーストラリア,2224,IIDX33,オーストラリア,3851,JOHNNN,オーストラリア,0,,-
PENDUAL,Discloze,0,,-,609,LEEK*,オーストラリア,1296,BLUE6,オーストラリア,2524,BE1357,オーストラリア,0,,-
PENDUAL,EBONY & IVORY,0,,-,523,GINGER,オーストラリア,1135,IIDX33,オーストラリア,2866,JOHNNN,オーストラリア,3379,JOHNNN,オーストラリア
PENDUAL,entelecheia,0,,-,792,BLUE6,オーストラリア,1661,IIDX33,オーストラリア,3216,&0X5A,オーストラリア,0,,-
PENDUAL,Erosion Mark,0,,-,515,DAZED!,オーストラリア,1145,IIDX33,オーストラリア,2117,BE1357,オーストラリア,0,,-
PENDUAL,fallen leaves -IIDX edition-,0,,-,1054,BLUE6,オーストラリア,1767,SEIKO*,オーストラリア,3178,??,オーストラリア,0,,-
PENDUAL,FANTASTIC THREE,0,,-,978,BLUE6,オーストラリア,1867,ASHURA,オーストラリア,3033,??,オーストラリア,0,,-
PENDUAL,Flashes,0,,-,510,LEEK*,オーストラリア,1607,ASHURA,オーストラリア,3023,BE1357,オーストラリア,3983,&0X5A,オーストラリア
PENDUAL,Gravigazer,0,,-,969,BE1357,オーストラリア,1265,BLUE6,オーストラリア,2856,JOHNNN,オーストラリア,0,,-
PENDUAL,GUILTY,0,,-,971,BE1357,オーストラリア,1070,BLUE6,オーストラリア,1872,IIDX33,オーストラリア,2819,??,オーストラリア
PENDUAL,HELL SCAPER -Last Escape Remix-,0,,-,923,BE1357,オーストラリア,1242,BLUE6,オーストラリア,2687,JOHNNN,オーストラリア,0,,-
PENDUAL,Hello Happiness,0,,-,478,KARI,オーストラリア,1234,BLUE6,オーストラリア,2199,IIDX33,オーストラリア,0,,-
PENDUAL,illuminate,0,,-,432,DAZED!,オーストラリア,1224,YGRM11,オーストラリア,2136,??,オーストラリア,0,,-
PENDUAL,IMPLANTATION,0,,-,650,BE1357,オーストラリア,1039,BLUE6,オーストラリア,2107,JOHNNN,オーストラリア,0,,-
PENDUAL,In The Breeze,0,,-,432,SAMECO,オーストラリア,797,MR.K,オーストラリア,1706,BE1357,オーストラリア,0,,-
PENDUAL,Invitation from Mr.C,0,,-,841,KORERI,オーストラリア,1447,IIDX33,オーストラリア,2548,JOHNNN,オーストラリア,0,,-
PENDUAL,IXION,0,,-,1097,BE1357,オーストラリア,1068,AO508!,オーストラリア,2078,??,オーストラリア,0,,-
PENDUAL,Line 4 Ruin,0,,-,474,DAZED!,オーストラリア,1717,IIDX33,オーストラリア,2713,JOHNNN,オーストラリア,0,,-
PENDUAL,Monopole.,0,,-,575,SAMECO,オーストラリア,1259,BLUE6,オーストラリア,3101,JOHNNN,オーストラリア,0,,-
PENDUAL,NEO GENERATOR SEVEN,0,,-,778,BOOTH,オーストラリア,1734,IIDX33,オーストラリア,3133,??,オーストラリア,0,,-
PENDUAL,Night sky,0,,-,922,KAIZA,オーストラリア,1796,IIDX33,オーストラリア,2761,RINDEX,オーストラリア,0,,-
PENDUAL,No Tears,0,,-,0,,-,1579,WAGYU,オーストラリア,2449,BE1357,オーストラリア,0,,-
PENDUAL,PENDUAL TALISMAN,0,,-,631,NAM.C,オーストラリア,1452,ASHURA,オーストラリア,2464,BE1357,オーストラリア,0,,-
PENDUAL,Rave*it!! Rave*it!!,0,,-,647,QS36,オーストラリア,1052,BLUE6,オーストラリア,3045,??,オーストラリア,0,,-
PENDUAL,Realize Maze,0,,-,771,QS36,オーストラリア,1598,BLUE6,オーストラリア,2873,BE1357,オーストラリア,0,,-
PENDUAL,Reflux,0,,-,462,LILI,オーストラリア,1090,BLUE6,オーストラリア,2815,??,オーストラリア,0,,-
PENDUAL,Sakura Mirage,0,,-,662,QS36,オーストラリア,1116,STV,オーストラリア,2206,??,オーストラリア,0,,-
PENDUAL,SAMSARA,0,,-,456,NTHNG,オーストラリア,1001,BLUE6,オーストラリア,1996,??,オーストラリア,0,,-
PENDUAL,Say YEEEAHH,0,,-,806,QS36,オーストラリア,1306,BLUE6,オーストラリア,3072,JOHNNN,オーストラリア,0,,-
PENDUAL,Scarlet Moon,0,,-,852,VON,オーストラリア,1602,Y.,オーストラリア,2608,JOHNNN,オーストラリア,0,,-
PENDUAL,Scars of FAUNA,0,,-,773,STV,オーストラリア,1439,SIGMA!,オーストラリア,2758,BE1357,オーストラリア,0,,-
PENDUAL,Shooting Fireball,0,,-,710,QS36,オーストラリア,2046,OMOLVR,オーストラリア,3786,??,オーストラリア,0,,-
PENDUAL,Sounds Of Summer,0,,-,1076,BOOTH,オーストラリア,1489,APPURU,オーストラリア,2868,JOHNNN,オーストラリア,0,,-
PENDUAL,SpaceLand☆TOYBOX,0,,-,806,QS36,オーストラリア,1270,BLUE6,オーストラリア,2832,JOHNNN,オーストラリア,0,,-
PENDUAL,Sweet Radar,0,,-,558,VON,オーストラリア,1063,VLD,オーストラリア,1982,JOHNNN,オーストラリア,0,,-
PENDUAL,Symmetry,0,,-,0,,-,1519,BLUE6,オーストラリア,3103,JOHNNN,オーストラリア,0,,-
PENDUAL,TA・DA ☆ YO・SHI,0,,-,894,BLUE6,オーストラリア,1270,SIGMA!,オーストラリア,2201,BE1357,オーストラリア,0,,-
PENDUAL,The Least 100sec,0,,-,662,STV,オーストラリア,1169,RIMJOB,オーストラリア,2758,JOHNNN,オーストラリア,0,,-
PENDUAL,TIEFSEE,0,,-,895,ARTI*,オーストラリア,1932,IIDX33,オーストラリア,3379,&0X5A,オーストラリア,0,,-
PENDUAL,TOXIC VIBRATION,0,,-,1049,IIDX33,オーストラリア,2169,IIDX33,オーストラリア,3464,JOHNNN,オーストラリア,0,,-
PENDUAL,Vulkan,0,,-,780,BURGER,オーストラリア,1700,AXP-43,オーストラリア,2901,NA2,オーストラリア,0,,-
PENDUAL,We're so Happy (P*Light Remix) IIDX ver.,0,,-,721,SARDS!,オーストラリア,1777,CANADA,オーストラリア,3482,JOHNNN,オーストラリア,0,,-
PENDUAL,ZZ,0,,-,990,SIO,オーストラリア,1456,IIDX33,オーストラリア,2937,JOHNNN,オーストラリア,0,,-
PENDUAL,それは花火のような恋,456,SPGTTI,オーストラリア,1059,STV,オーストラリア,2022,YUKIPO,オーストラリア,3654,JOHNNN,オーストラリア,0,,-
PENDUAL,とろぴかる倶楽部,0,,-,0,,-,1058,KOOL,オーストラリア,1917,IIDX33,オーストラリア,0,,-
PENDUAL,ぷろぐれっしぶ時空少女！うらしまたろ子ちゃん！,0,,-,702,BLUE6,オーストラリア,1191,IIDX33,オーストラリア,2471,BE1357,オーストラリア,0,,-
PENDUAL,もっと！モット！ときめき feat. 松下,0,,-,794,YUKI,オーストラリア,0,,-,2526,??,オーストラリア,0,,-
PENDUAL,ドッキン☆サマーあばんちゅーる,0,,-,621,LILI,オーストラリア,1373,BLUE6,オーストラリア,2751,JOHNNN,オーストラリア,0,,-
PENDUAL,パ→ピ→プ→Yeah!,202,K????,オーストラリア,775,AAAAAA,オーストラリア,1502,IIDX33,オーストラリア,2469,JOHNNN,オーストラリア,0,,-
PENDUAL,ベィスドロップ・フリークス,0,,-,429,PZER0,オーストラリア,987,BLUE6,オーストラリア,2174,BE1357,オーストラリア,2295,IIDX33,オーストラリア
PENDUAL,リリーゼと炎龍レーヴァテイン,0,,-,655,SNAX,オーストラリア,2183,BE1357,オーストラリア,3263,BE1357,オーストラリア,0,,-
PENDUAL,共鳴遊戯の華,0,,-,1119,XYLKY-,オーストラリア,0,,-,3547,??,オーストラリア,0,,-
PENDUAL,十六夜セツナ,0,,-,275,LEMON.,オーストラリア,1293,AAAAAA,オーストラリア,2195,JOHNNN,オーストラリア,0,,-
PENDUAL,千年ノ理,0,,-,1064,STV,オーストラリア,1740,IIDX33,オーストラリア,3105,JOHNNN,オーストラリア,4045,??,オーストラリア
PENDUAL,取り残された美術(Arranged:HiZuMi),119,PZER0,オーストラリア,0,,-,1412,JTK11,オーストラリア,2167,JOHNNN,オーストラリア,0,,-
PENDUAL,夏色DIARY - L.E.D.-G STYLE MIX -,0,,-,894,XYLKY-,オーストラリア,1535,CANADA,オーストラリア,2849,??,オーストラリア,0,,-
PENDUAL,妖隠し -あやかしかくし-,0,,-,705,LEEK*,オーストラリア,1216,BLUE6,オーストラリア,2138,BE1357,オーストラリア,0,,-
PENDUAL,少年は空を辿る,0,,-,624,SARDS!,オーストラリア,1527,WAGYU,オーストラリア,3057,??,オーストラリア,0,,-
PENDUAL,恋は白帯、サンシロー,0,,-,413,KREEM,オーストラリア,0,,-,1997,BE1357,オーストラリア,2726,BE1357,オーストラリア
PENDUAL,打打打打打打打打打打,168,PZER0,オーストラリア,575,BOOTH,オーストラリア,1127,CADEN,オーストラリア,2533,BE1357,オーストラリア,0,,-
PENDUAL,時空トラベローグ,0,,-,649,LILI,オーストラリア,0,,-,2541,BE1357,オーストラリア,0,,-
PENDUAL,白露の風,0,,-,0,,-,0,,-,1979,JOHNNN,オーストラリア,0,,-
PENDUAL,紅牡丹,333,CARTZ*,オーストラリア,495,IIDX33,オーストラリア,1504,Y.,オーストラリア,2743,BE1357,オーストラリア,0,,-
PENDUAL,表裏一体！？怪盗いいんちょの悩み,0,,-,993,STV,オーストラリア,1586,IIDX33,オーストラリア,3429,JOHNNN,オーストラリア,4161,??,オーストラリア
PENDUAL,超青少年ノ為ノ超多幸ナ超古典的超舞曲,0,,-,901,SIGMA!,オーストラリア,1898,DAIJRO,オーストラリア,2602,BE1357,オーストラリア,3776,??,オーストラリア
PENDUAL,鬼天,0,,-,606,SARDS!,オーストラリア,1421,IIDX33,オーストラリア,2373,BE1357,オーストラリア,0,,-
PENDUAL,Ｘ↑Ｘ↓,0,,-,732,PZER0,オーストラリア,1241,BOOTH,オーストラリア,2751,JOHNNN,オーストラリア,0,,-
copula,199024club -Re:BounceKiller-,0,,-,0,,-,1096,BLUE6,オーストラリア,2238,IIDX33,オーストラリア,0,,-
copula,Acid Pumper,0,,-,537,KAIZA,オーストラリア,1287,APPURU,オーストラリア,2356,??,オーストラリア,0,,-
copula,Angelic Jelly,0,,-,825,LILI,オーストラリア,2040,BE1357,オーストラリア,2497,??,オーストラリア,0,,-
copula,AO-1,0,,-,960,AO508!,オーストラリア,1606,CANADA,オーストラリア,2647,JOHNNN,オーストラリア,0,,-
copula,Arcana,0,,-,914,VON,オーストラリア,1112,X0SY,オーストラリア,2098,#BURU#,オーストラリア,0,,-
copula,Aublia,0,,-,950,BE1357,オーストラリア,790,INKY!!,オーストラリア,2411,BE1357,オーストラリア,0,,-
copula,Battle Train -IIDX Edition-,0,,-,608,KAIZA,オーストラリア,0,,-,3125,JOHNNN,オーストラリア,0,,-
copula,Blue Spring Express,0,,-,917,BOOTH,オーストラリア,1474,SIGMA!,オーストラリア,3074,??,オーストラリア,0,,-
copula,Central Station,0,,-,1030,BE1357,オーストラリア,1192,KOOL,オーストラリア,2314,N*MAKI,オーストラリア,0,,-
copula,chaos eater -IIDX edition-,0,,-,1173,BE1357,オーストラリア,0,,-,2438,??,オーストラリア,0,,-
copula,CODE:1 [revision1.0.1],0,,-,969,BE1357,オーストラリア,1461,MU,オーストラリア,2945,JOHNNN,オーストラリア,0,,-
copula,Daily Lunch Special,0,,-,886,VON,オーストラリア,1447,BAUXE,オーストラリア,2871,JOHNNN,オーストラリア,0,,-
copula,Damage Per Second,0,,-,504,KNIF3,オーストラリア,1091,SIGMA!,オーストラリア,2005,BE1357,オーストラリア,2255,BE1357,オーストラリア
copula,Derelict Star feat. Ryu*,0,,-,1170,VON,オーストラリア,1342,BLUE6,オーストラリア,2459,BE1357,オーストラリア,0,,-
copula,Devil's Gear,0,,-,858,BOOTH,オーストラリア,1357,BLUE6,オーストラリア,3243,JOHNNN,オーストラリア,0,,-
copula,DIAMOND CROSSING,0,,-,838,KOOL,オーストラリア,1615,DAIJRO,オーストラリア,2852,BE1357,オーストラリア,0,,-
copula,do the thing feat. Kanae Asaba,0,,-,0,,-,1018,SARDS!,オーストラリア,2212,JOHNNN,オーストラリア,0,,-
copula,Donkey Donk,0,,-,831,BOOTH,オーストラリア,1511,YUKIPO,オーストラリア,2267,SSSRAN,オーストラリア,0,,-
copula,Dynamite,396,BOOTH,オーストラリア,1135,XYLKY-,オーストラリア,2251,IIDX33,オーストラリア,3681,IIDX33,オーストラリア,0,,-
copula,Everlasting Last,0,,-,0,,-,0,,-,2164,JOHNNN,オーストラリア,0,,-
copula,Exchange Place,0,,-,500,DAZED!,オーストラリア,838,ZILCHO,オーストラリア,1722,??,オーストラリア,0,,-
copula,GENERATE feat.綾倉盟,0,,-,1132,BE1357,オーストラリア,1427,APPURU,オーストラリア,2285,BE1357,オーストラリア,0,,-
copula,Go Faraway,0,,-,1012,BE1357,オーストラリア,1081,BOOTH,オーストラリア,2418,JOHNNN,オーストラリア,0,,-
copula,GOBBLE,0,,-,300,PZER0,オーストラリア,0,,-,1624,JOHNNN,オーストラリア,0,,-
copula,Godspeed,0,,-,735,PZER0,オーストラリア,1828,IIDX33,オーストラリア,3009,JOHNNN,オーストラリア,0,,-
copula,Grand Chariot,0,,-,989,OISHI,オーストラリア,1632,DA3YAN,オーストラリア,3180,JOHNNN,オーストラリア,0,,-
copula,Highcharge Divolt,0,,-,421,LILI,オーストラリア,1568,IIDX33,オーストラリア,2645,NA2,オーストラリア,0,,-
copula,Inner Spirit,0,,-,870,BE1357,オーストラリア,1395,SIGMA!,オーストラリア,2720,JOHNNN,オーストラリア,0,,-
copula,Journey,0,,-,438,DAZED!,オーストラリア,861,PZER0,オーストラリア,1764,IIDX33,オーストラリア,2950,DAIJRO,オーストラリア
copula,Konzert V,0,,-,0,,-,1419,BLUE6,オーストラリア,3170,??,オーストラリア,0,,-
copula,La dolce primavera,0,,-,473,IIDX33,オーストラリア,998,KOOL,オーストラリア,2036,??,オーストラリア,0,,-
copula,M4K3 1T B0UNC3,0,,-,955,BLUE6,オーストラリア,1900,IIDX33,オーストラリア,2897,??,オーストラリア,0,,-
copula,Musik LoverZ,0,,-,782,BOOTH,オーストラリア,1087,SIGMA!,オーストラリア,2353,DAIJRO,オーストラリア,0,,-
copula,NANAIRO,0,,-,554,PORTAL,オーストラリア,1433,STV,オーストラリア,2435,JOHNNN,オーストラリア,0,,-
copula,Nightmare before oversleep,0,,-,983,OISHI,オーストラリア,1779,5H4UN,オーストラリア,2811,??,オーストラリア,0,,-
copula,NINJA IS DEAD IIDX ver.,0,,-,822,IIDX33,オーストラリア,1464,YUXI7G,オーストラリア,2920,&0X5A,オーストラリア,0,,-
copula,NO LIMIT -オレ達に限界は無い-,0,,-,549,PZER0,オーストラリア,954,BLUE6,オーストラリア,2194,IIDX33,オーストラリア,0,,-
copula,Nowhere,0,,-,524,DAZED!,オーストラリア,1010,KOOL,オーストラリア,2079,??,オーストラリア,0,,-
copula,NZM,0,,-,0,,-,1363,ASHURA,オーストラリア,3188,BE1357,オーストラリア,0,,-
copula,On the FM,0,,-,704,CRAB?!,オーストラリア,1251,ASHURA,オーストラリア,2614,JOHNNN,オーストラリア,0,,-
copula,Outbreak,0,,-,823,K,オーストラリア,1739,DA3YAN,オーストラリア,2959,JOHNNN,オーストラリア,0,,-
copula,POSSESSION,427,SAMECO,オーストラリア,1096,LN.ENG,オーストラリア,1823,7,オーストラリア,2823,JOHNNN,オーストラリア,0,,-
copula,quick master (reform version),0,,-,0,,-,185,KREEM,オーストラリア,367,DDRPRO,オーストラリア,0,,-
copula,refrain,0,,-,1140,XYLKY-,オーストラリア,2162,5H4UN,オーストラリア,3427,??,オーストラリア,0,,-
copula,Rock It,0,,-,693,LEEK*,オーストラリア,1464,STV,オーストラリア,2788,??,オーストラリア,0,,-
copula,Routing,0,,-,711,ASHYYY,オーストラリア,1204,ASHURA,オーストラリア,2414,IIDX33,オーストラリア,0,,-
copula,Sephirot,0,,-,596,SAMECO,オーストラリア,1597,DAIJRO,オーストラリア,2204,BE1357,オーストラリア,0,,-
copula,Set U Free feat. Kanae Asaba,0,,-,588,BLUE6,オーストラリア,1070,IIDX33,オーストラリア,2350,BE1357,オーストラリア,0,,-
copula,SHELTER OF THE MIND,0,,-,977,QS36,オーストラリア,1412,LXASLA,オーストラリア,2927,JOHNNN,オーストラリア,0,,-
copula,STARLiGHT,0,,-,846,STV,オーストラリア,1394,BAUXE,オーストラリア,2621,IIDX33,オーストラリア,0,,-
copula,STARLIGHT DANCEHALL,0,,-,534,KNIF3,オーストラリア,1347,KARTER,オーストラリア,2563,DAIJRO,オーストラリア,3135,JOHNNN,オーストラリア
copula,StrayedCatz,0,,-,769,AAAAAA,オーストラリア,1328,LXASLA,オーストラリア,2591,JOHNNN,オーストラリア,0,,-
copula,Super Duper Racers,0,,-,0,,-,1187,KEYS,オーストラリア,2272,BE1357,オーストラリア,3517,&0X5A,オーストラリア
copula,SURVIVOR,0,,-,350,K,オーストラリア,1082,SIGMA!,オーストラリア,1946,JOHNNN,オーストラリア,0,,-
copula,Tori-no-kimochi,0,,-,171,VERYAK,オーストラリア,988,BLUE6,オーストラリア,1877,??,オーストラリア,0,,-
copula,Triple Counter,0,,-,1174,XYLKY-,オーストラリア,2122,IIDX33,オーストラリア,3681,JOHNNN,オーストラリア,0,,-
copula,Uh-Oh,0,,-,829,IIDX33,オーストラリア,1290,BLUE6,オーストラリア,2321,IIDX33,オーストラリア,0,,-
copula,Violet Pulse,0,,-,0,,-,1351,STV,オーストラリア,2244,??,オーストラリア,3759,JOHNNN,オーストラリア
copula,Violet Rose,0,,-,712,YUKI,オーストラリア,0,,-,2456,JOHNNN,オーストラリア,0,,-
copula,Welcome,0,,-,715,BLUE6,オーストラリア,1371,APPURU,オーストラリア,2538,JOHNNN,オーストラリア,3149,JOHNNN,オーストラリア
copula,X,0,,-,1307,BLUE6,オーストラリア,2216,IIDX33,オーストラリア,3589,JOHNNN,オーストラリア,0,,-
copula,ZEPHYRANTHES,0,,-,688,SAMECO,オーストラリア,1645,IIDX33,オーストラリア,2834,BE1357,オーストラリア,3596,JOHNNN,オーストラリア
copula,か・し・ま・し☆PUMP UP！,0,,-,0,,-,0,,-,2675,??,オーストラリア,0,,-
copula,めいさいアイドル☆あいむちゃん♪,0,,-,1077,BOOTH,オーストラリア,1656,ENODEN,オーストラリア,3217,??,オーストラリア,0,,-
copula,オルタネイトβ,0,,-,394,IIDX33,オーストラリア,1388,DAIJRO,オーストラリア,2220,IIDX33,オーストラリア,0,,-
copula,ギョギョっと人魚 爆婚ブライダル,0,,-,0,,-,1177,KOOL,オーストラリア,2243,BE1357,オーストラリア,0,,-
copula,シュッパツシンコウ・シサカンコ,0,,-,0,,-,1443,MAHORO,オーストラリア,2370,BE1357,オーストラリア,0,,-
copula,セロトニン,0,,-,0,,-,0,,-,2261,BE1357,オーストラリア,0,,-
copula,少女アリスと箱庭幻想コンチェルト,0,,-,648,STV,オーストラリア,1140,VON,オーストラリア,1918,5BAVNH,オーストラリア,0,,-
copula,明鏡止水,0,,-,446,EDX,オーストラリア,1264,ASHURA,オーストラリア,2564,??,オーストラリア,0,,-
copula,星屑ディスタンシア,0,,-,397,CLOWN,オーストラリア,0,,-,1274,CANADA,オーストラリア,0,,-
copula,朝焼けから始まるボクらの小さな旅,0,,-,543,IIDX33,オーストラリア,0,,-,2258,DAIJRO,オーストラリア,0,,-
copula,灼熱 Pt.2 Long Train Running,405,SAMECO,オーストラリア,1151,XYLKY-,オーストラリア,1868,DAIJRO,オーストラリア,2921,IIDX33,オーストラリア,0,,-
copula,真 地獄超特急 -HELL or HELL-,0,,-,1278,STV,オーストラリア,2003,ASHURA,オーストラリア,3029,IIDX33,オーストラリア,0,,-
copula,紫陽花 -AZISAI-,255,NATERR,オーストラリア,845,IIDX33,オーストラリア,1914,IIDX33,オーストラリア,2705,BE1357,オーストラリア,3070,JOHNNN,オーストラリア
copula,追想快晴テーマパーク,0,,-,2,XYLKY-,オーストラリア,0,,-,2942,JOHNNN,オーストラリア,0,,-
copula,量子の海のリントヴルム,0,,-,606,LILI,オーストラリア,1669,IIDX33,オーストラリア,2868,JOHNNN,オーストラリア,0,,-
copula,駅猫のワルツ,0,,-,31,JUDY*,オーストラリア,1638,ASHURA,オーストラリア,2145,IIDX33,オーストラリア,0,,-
copula,麗 ～うらら～,195,SASHA,オーストラリア,847,STV,オーストラリア,1638,IIDX33,オーストラリア,2524,JOHNNN,オーストラリア,0,,-
SINOBUZ,¡Viva!,0,,-,0,,-,1325,*AER0*,オーストラリア,1937,JOHNNN,オーストラリア,0,,-
SINOBUZ,#MAGiCVLGiRL_TRVP_B3VTZ,0,,-,881,IIDX33,オーストラリア,1888,IIDX33,オーストラリア,3240,JOHNNN,オーストラリア,0,,-
SINOBUZ,(This Is Not) The Angels,0,,-,242,K,オーストラリア,1180,RTK,オーストラリア,2580,IIDX33,オーストラリア,0,,-
SINOBUZ,Amazing Mirage,340,VON,オーストラリア,897,BE1357,オーストラリア,1477,MU,オーストラリア,2428,BE1357,オーストラリア,3141,JOHNNN,オーストラリア
SINOBUZ,AO-∞,0,,-,964,AO508!,オーストラリア,1790,BE1357,オーストラリア,2584,XV-MON,オーストラリア,0,,-
SINOBUZ,Apocalypse,0,,-,1141,BE1357,オーストラリア,2103,BE1357,オーストラリア,3430,JOHNNN,オーストラリア,0,,-
SINOBUZ,Around The Galaxy,0,,-,1097,BE1357,オーストラリア,1456,KOOL,オーストラリア,3284,JOHNNN,オーストラリア,0,,-
SINOBUZ,AsiaN distractive,0,,-,1186,BE1357,オーストラリア,1243,AON3KO,オーストラリア,2493,??,オーストラリア,0,,-
SINOBUZ,BabeL ～Grand Story～,0,,-,1075,STV,オーストラリア,1891,ASHURA,オーストラリア,2667,BE1357,オーストラリア,0,,-
SINOBUZ,Be A Star,0,,-,729,QS36,オーストラリア,1723,DA3YAN,オーストラリア,2705,BE1357,オーストラリア,0,,-
SINOBUZ,Beat Juggling Mix,0,,-,579,JOLLA,オーストラリア,986,CHUNKS,オーストラリア,2068,IIDX33,オーストラリア,0,,-
SINOBUZ,Believe in you,0,,-,1150,BE1357,オーストラリア,1531,DRSQAT,オーストラリア,2371,??,オーストラリア,0,,-
SINOBUZ,Beyond The Seven,0,,-,534,PZER0,オーストラリア,1222,ASHURA,オーストラリア,2664,JOHNNN,オーストラリア,0,,-
SINOBUZ,BREAK OVER,0,,-,839,BE1357,オーストラリア,1137,BLUE6,オーストラリア,2290,JOHNNN,オーストラリア,0,,-
SINOBUZ,Breakin' Chain,0,,-,465,IIDX33,オーストラリア,1059,RTK,オーストラリア,2239,BE1357,オーストラリア,0,,-
SINOBUZ,BroGamer,0,,-,1278,XYLKY-,オーストラリア,2021,IIDX33,オーストラリア,2913,N*MAKI,オーストラリア,4338,IIDX33,オーストラリア
SINOBUZ,Caterpillar,0,,-,1003,STV,オーストラリア,2163,JOHNNN,オーストラリア,2806,RINDEX,オーストラリア,0,,-
SINOBUZ,crew,0,,-,391,KREEM,オーストラリア,1260,AO508!,オーストラリア,2821,JOHNNN,オーストラリア,0,,-
SINOBUZ,Cyber True Color,0,,-,982,BE1357,オーストラリア,1439,ASHURA,オーストラリア,2106,BE1357,オーストラリア,0,,-
SINOBUZ,DORNWALD ～Junge～,0,,-,865,IIDX33,オーストラリア,1601,MIATA!,オーストラリア,3413,JOHNNN,オーストラリア,0,,-
SINOBUZ,ECHIDNA,0,,-,754,BRDFSH,オーストラリア,1939,5H4UN,オーストラリア,3148,BE1357,オーストラリア,0,,-
SINOBUZ,Egret and Willow,0,,-,690,PZER0,オーストラリア,1347,MU,オーストラリア,2651,BE1357,オーストラリア,0,,-
SINOBUZ,elemental bender feat. Kanae Asaba,0,,-,292,D*BEAR,オーストラリア,0,,-,1580,N*MAKI,オーストラリア,0,,-
SINOBUZ,FUZIN RIZIN,0,,-,1197,BE1357,オーストラリア,1700,IIDX33,オーストラリア,3706,&0X5A,オーストラリア,0,,-
SINOBUZ,Go Ahead!!,0,,-,821,STV,オーストラリア,1041,LXASLA,オーストラリア,2388,JOHNNN,オーストラリア,0,,-
SINOBUZ,GuNGNiR,0,,-,1052,Z,オーストラリア,2440,DAIJRO,オーストラリア,3613,JOHNNN,オーストラリア,4215,&0X5A,オーストラリア
SINOBUZ,HADES,200,NINNYZ,オーストラリア,758,MON!,オーストラリア,1638,IIDX33,オーストラリア,2886,??,オーストラリア,0,,-
SINOBUZ,HAPPY★RUSH,0,,-,540,PIY0MO,オーストラリア,1506,BLUE6,オーストラリア,2678,DAIJRO,オーストラリア,0,,-
SINOBUZ,Honey Trap,0,,-,829,BE1357,オーストラリア,1222,MIATA!,オーストラリア,2408,BE1357,オーストラリア,0,,-
SINOBUZ,INVISIBLE STRIX,0,,-,865,SIGMA!,オーストラリア,1736,T5OVND,オーストラリア,2524,BE1357,オーストラリア,0,,-
SINOBUZ,Lost wing at.0,0,,-,925,BE1357,オーストラリア,1245,IIDX33,オーストラリア,2386,BE1357,オーストラリア,0,,-
SINOBUZ,Macuilxochitl,419,GUM0M0,オーストラリア,1031,BLUE6,オーストラリア,1846,ASHURA,オーストラリア,3264,SSSRAN,オーストラリア,0,,-
SINOBUZ,Magical,0,,-,472,CLOWN,オーストラリア,888,KAIZA,オーストラリア,1947,BE1357,オーストラリア,0,,-
SINOBUZ,Mare Nectaris,0,,-,1096,BLUE6,オーストラリア,1997,??,オーストラリア,3189,??,オーストラリア,0,,-
SINOBUZ,Modular Technology,0,,-,885,SIGMA!,オーストラリア,1747,IIDX33,オーストラリア,2530,BE1357,オーストラリア,0,,-
SINOBUZ,Music is The Answer,0,,-,522,IIDX33,オーストラリア,985,VON,オーストラリア,1787,??,オーストラリア,0,,-
SINOBUZ,nostos,0,,-,494,K,オーストラリア,0,,-,2325,JOHNNN,オーストラリア,0,,-
SINOBUZ,OOO,0,,-,512,PIY0MO,オーストラリア,1408,DAIJRO,オーストラリア,2029,&0X5A,オーストラリア,2608,N*MAKI,オーストラリア
SINOBUZ,OTENAMI Hurricane,0,,-,1017,BOOTH,オーストラリア,1529,ASHURA,オーストラリア,2867,BE1357,オーストラリア,0,,-
SINOBUZ,PAPAYAPA BASS,0,,-,599,DAN,オーストラリア,1193,*AER0*,オーストラリア,2604,DAIJRO,オーストラリア,0,,-
SINOBUZ,Piano Samurai,0,,-,0,,-,1359,WAGYU,オーストラリア,2383,IIDX33,オーストラリア,0,,-
SINOBUZ,Quakes,0,,-,690,QS36,オーストラリア,0,,-,2921,??,オーストラリア,0,,-
SINOBUZ,RAIN,0,,-,713,QS36,オーストラリア,1248,OISHI,オーストラリア,3154,??,オーストラリア,0,,-
SINOBUZ,Rave Cannon,0,,-,832,BLUE6,オーストラリア,1294,AO508!,オーストラリア,3166,DAIJRO,オーストラリア,0,,-
SINOBUZ,Remedy feat. Kanae Asaba,0,,-,0,,-,1198,APPURU,オーストラリア,2117,??,オーストラリア,0,,-
SINOBUZ,ROTTERDAM SHOGUN,0,,-,860,MZNAKR,オーストラリア,1472,STV,オーストラリア,2494,IIDX33,オーストラリア,0,,-
SINOBUZ,SAMURAI-Scramble,0,,-,770,BLUE6,オーストラリア,1232,SIGMA!,オーストラリア,2161,890,オーストラリア,2494,IIDX33,オーストラリア
SINOBUZ,Sarutobi Champion is 拙者,0,,-,716,HRCAM,オーストラリア,1023,BOOTH,オーストラリア,2116,BE1357,オーストラリア,0,,-
SINOBUZ,SAY BAY,0,,-,0,,-,1240,ASHURA,オーストラリア,2621,JOHNNN,オーストラリア,0,,-
SINOBUZ,Seaside Labyrinth,0,,-,282,DEVAN?,オーストラリア,1021,MU,オーストラリア,1729,DAIJRO,オーストラリア,0,,-
SINOBUZ,Selfish Sweet,0,,-,327,KREEM,オーストラリア,609,DAIJRO,オーストラリア,1652,BE1357,オーストラリア,2463,IIDX33,オーストラリア
SINOBUZ,SEQUENCE CAT,0,,-,652,LILI,オーストラリア,1922,OMOLVR,オーストラリア,2709,??,オーストラリア,0,,-
SINOBUZ,shuriken,0,,-,0,,-,945,VLD,オーストラリア,2437,BE1357,オーストラリア,0,,-
SINOBUZ,SINOBUZ Fantasy,0,,-,772,QS36,オーストラリア,1620,??,オーストラリア,2350,??,オーストラリア,0,,-
SINOBUZ,Sky High,314,ADDI,オーストラリア,704,QS36,オーストラリア,883,#BURU#,オーストラリア,3559,&0X5A,オーストラリア,0,,-
SINOBUZ,Snakey Kung-fu,0,,-,902,SIO,オーストラリア,1988,ASHURA,オーストラリア,3303,BE1357,オーストラリア,0,,-
SINOBUZ,Steel Edge,0,,-,576,RINON!,オーストラリア,1131,VON,オーストラリア,3080,BE1357,オーストラリア,0,,-
SINOBUZ,Summerlights(IIDX Edition),0,,-,783,PZER0,オーストラリア,1440,KARTER,オーストラリア,2982,??,オーストラリア,0,,-
SINOBUZ,Super Rush,0,,-,844,BLUE6,オーストラリア,1744,ASHURA,オーストラリア,3413,JOHNNN,オーストラリア,0,,-
SINOBUZ,Surf on the Light,0,,-,125,ELENOR,オーストラリア,1131,X0SY,オーストラリア,2220,N*MAKI,オーストラリア,0,,-
SINOBUZ,The Commanders,0,,-,883,MIATA!,オーストラリア,1254,SIGMA!,オーストラリア,2359,JOHNNN,オーストラリア,0,,-
SINOBUZ,TOGAKUSHI,0,,-,771,QS36,オーストラリア,1307,APPURU,オーストラリア,2498,??,オーストラリア,0,,-
SINOBUZ,Umbral,0,,-,381,DAZED!,オーストラリア,1164,XYLKY-,オーストラリア,1853,BE1357,オーストラリア,2926,JOHNNN,オーストラリア
SINOBUZ,Venom,0,,-,0,,-,1476,ASHURA,オーストラリア,3086,JOHNNN,オーストラリア,0,,-
SINOBUZ,Vermilion,0,,-,591,BLUE6,オーストラリア,1050,STV,オーストラリア,2002,IIDX33,オーストラリア,0,,-
SINOBUZ,Warrior,0,,-,562,HERMUS,オーストラリア,1424,OISHI,オーストラリア,2400,IIDX33,オーストラリア,0,,-
SINOBUZ,XINOBIKILL,0,,-,659,PZER0,オーストラリア,1030,PGONE,オーストラリア,2762,BE1357,オーストラリア,0,,-
SINOBUZ,yamabiko (SINOBUZ Edition),0,,-,224,ELENOR,オーストラリア,1146,BLUE6,オーストラリア,2520,BE1357,オーストラリア,0,,-
SINOBUZ,Yellow Sketch(RX-Ver.S.P.L.),0,,-,282,DEVAN?,オーストラリア,1233,KOOL,オーストラリア,2691,??,オーストラリア,0,,-
SINOBUZ,〆,0,,-,1046,YAWAWA,オーストラリア,2094,IIDX33,オーストラリア,3412,BE1357,オーストラリア,0,,-
SINOBUZ,ちらちら・はらはら,0,,-,0,,-,813,VON,オーストラリア,1399,??,オーストラリア,0,,-
SINOBUZ,イザナミノナゲキ,0,,-,624,DREK,オーストラリア,1505,KOOL,オーストラリア,3096,BE1357,オーストラリア,0,,-
SINOBUZ,ディッシュウォッシャー◎彡おいわちゃん,0,,-,334,KREEM,オーストラリア,1126,STV,オーストラリア,2345,JOHNNN,オーストラリア,0,,-
SINOBUZ,九尾狐夜行,0,,-,678,VON,オーストラリア,1189,LXASLA,オーストラリア,2843,JOHNNN,オーストラリア,0,,-
SINOBUZ,冬椿 ft. Kanae Asaba,181,SASHA,オーストラリア,657,YUKI,オーストラリア,1061,YUXI7G,オーストラリア,2246,BE1357,オーストラリア,2936,JOHNNN,オーストラリア
SINOBUZ,刃図羅,0,,-,675,IIDX33,オーストラリア,1955,#BURU#,オーストラリア,3261,JOHNNN,オーストラリア,0,,-
SINOBUZ,忍恋花,0,,-,0,,-,1677,BE1357,オーストラリア,2136,JOHNNN,オーストラリア,0,,-
SINOBUZ,恋はどう？モロ◎波動OK☆方程式!!,0,,-,0,,-,1291,ASHURA,オーストラリア,2373,??,オーストラリア,0,,-
SINOBUZ,月雪に舞う華のように,0,,-,0,,-,900,VLD,オーストラリア,1971,??,オーストラリア,0,,-
SINOBUZ,次葉 -turn the page-,0,,-,301,K,オーストラリア,932,PZER0,オーストラリア,1948,BE1357,オーストラリア,0,,-
SINOBUZ,津軽雪,0,,-,1011,YUKI,オーストラリア,2035,5H4UN,オーストラリア,3622,??,オーストラリア,0,,-
SINOBUZ,火影,0,,-,223,ELENOR,オーストラリア,970,BLUE6,オーストラリア,2501,IIDX33,オーストラリア,0,,-
SINOBUZ,焔極OVERKILL,0,,-,0,,-,1940,IIDX33,オーストラリア,3282,JOHNNN,オーストラリア,0,,-
SINOBUZ,獅子霞麗ノ舞,0,,-,0,,-,833,BOOTH,オーストラリア,1729,BE1357,オーストラリア,0,,-
SINOBUZ,禍根,0,,-,552,RINON!,オーストラリア,985,LXASLA,オーストラリア,2431,BE1357,オーストラリア,0,,-
SINOBUZ,童話回廊,0,,-,0,,-,0,,-,2949,JOHNNN,オーストラリア,0,,-
SINOBUZ,鴉,0,,-,1027,VON,オーストラリア,1561,APPURU,オーストラリア,2664,&0X5A,オーストラリア,0,,-
CANNON BALLERS,1001 -ESCAPE-,0,,-,0,,-,1619,DAIJRO,オーストラリア,2518,DAIJRO,オーストラリア,0,,-
CANNON BALLERS,255,0,,-,617,YUKI,オーストラリア,1243,ASHURA,オーストラリア,3064,JOHNNN,オーストラリア,0,,-
CANNON BALLERS,AA -rebuild-,0,,-,993,YUXI7G,オーストラリア,2071,IIDX33,オーストラリア,3366,JOHNNN,オーストラリア,0,,-
CANNON BALLERS,Abraxas,0,,-,773,BE1357,オーストラリア,1538,BE1357,オーストラリア,2278,JOHNNN,オーストラリア,0,,-
CANNON BALLERS,ACCELERATE,0,,-,745,SARDS!,オーストラリア,1733,BE1357,オーストラリア,2424,DAIJRO,オーストラリア,0,,-
CANNON BALLERS,Alpheratz,0,,-,394,VON,オーストラリア,1007,BE1357,オーストラリア,2049,N*MAKI,オーストラリア,2795,JOHNNN,オーストラリア
CANNON BALLERS,Amor De Verao,0,,-,550,DAN,オーストラリア,1113,BLUE6,オーストラリア,2237,BE1357,オーストラリア,0,,-
CANNON BALLERS,ANAGMA,0,,-,1011,BE1357,オーストラリア,1382,APPURU,オーストラリア,2558,IIDX33,オーストラリア,0,,-
CANNON BALLERS,ANCHOR,0,,-,0,,-,2133,IIDX33,オーストラリア,3352,JOHNNN,オーストラリア,0,,-
CANNON BALLERS,Antigravity,0,,-,687,IIDX33,オーストラリア,1619,ASHURA,オーストラリア,2806,IIDX33,オーストラリア,0,,-
CANNON BALLERS,Arca,0,,-,920,BE1357,オーストラリア,1873,BE1357,オーストラリア,3028,JOHNNN,オーストラリア,0,,-
CANNON BALLERS,Around the Future,0,,-,667,KOKUYO,オーストラリア,1689,BE1357,オーストラリア,2449,??,オーストラリア,0,,-
CANNON BALLERS,Back Spin Sweeper,0,,-,621,ASHYYY,オーストラリア,0,,-,2151,IIDX33,オーストラリア,0,,-
CANNON BALLERS,Battleground,0,,-,0,,-,1320,BLUE6,オーストラリア,2592,JOHNNN,オーストラリア,0,,-
CANNON BALLERS,Be a Hero!,0,,-,530,STV,オーストラリア,1566,SIGMA!,オーストラリア,2989,BE1357,オーストラリア,0,,-
CANNON BALLERS,Best of Me,0,,-,192,YOINKY,オーストラリア,852,SARDS!,オーストラリア,2183,BE1357,オーストラリア,0,,-
CANNON BALLERS,Boomy and The Boost,275,G4142,オーストラリア,752,BURGER,オーストラリア,1769,SMLWVS,オーストラリア,3374,BE1357,オーストラリア,0,,-
CANNON BALLERS,Break Stasis,0,,-,958,PZER0,オーストラリア,1563,ASHURA,オーストラリア,2440,IIDX33,オーストラリア,0,,-
CANNON BALLERS,ChaserXX,0,,-,790,YAWAWA,オーストラリア,1249,YUXI7G,オーストラリア,2680,JOHNNN,オーストラリア,3560,JOHNNN,オーストラリア
CANNON BALLERS,Chemical Cookie,0,,-,823,BE1357,オーストラリア,1268,ASHURA,オーストラリア,2081,BE1357,オーストラリア,0,,-
CANNON BALLERS,City Never Sleeps (IIDX Edition),0,,-,885,PZER0,オーストラリア,1627,ASHURA,オーストラリア,2593,BE1357,オーストラリア,0,,-
CANNON BALLERS,COSMIC☆WONDER☆REVOLUTION,0,,-,520,DAZED!,オーストラリア,1401,DAIJRO,オーストラリア,2057,??,オーストラリア,0,,-
CANNON BALLERS,DEADHEAT,0,,-,996,BLUE6,オーストラリア,1798,IIDX33,オーストラリア,3187,JOHNNN,オーストラリア,0,,-
CANNON BALLERS,DEATH†ZIGOQ ～怒りの高速爆走野郎～,0,,-,891,PZER0,オーストラリア,1993,CANADA,オーストラリア,3672,JOHNNN,オーストラリア,4242,&0X5A,オーストラリア
CANNON BALLERS,DropZ-Line-,0,,-,960,PZER0,オーストラリア,0,,-,2939,JOHNNN,オーストラリア,0,,-
CANNON BALLERS,Eine Haube ～聖地の果てにあるもの～,0,,-,967,BE1357,オーストラリア,1024,YUKI,オーストラリア,2382,DAIJRO,オーストラリア,0,,-
CANNON BALLERS,EMERALDAS,233,MEYU,オーストラリア,1137,XYLKY-,オーストラリア,2104,5H4UN,オーストラリア,3229,??,オーストラリア,0,,-
CANNON BALLERS,encounter,0,,-,951,BE1357,オーストラリア,1530,ASHURA,オーストラリア,3072,BE1357,オーストラリア,0,,-
CANNON BALLERS,Exhaust Hype,0,,-,1014,BE1357,オーストラリア,1652,ASHURA,オーストラリア,2696,JOHNNN,オーストラリア,0,,-
CANNON BALLERS,Expanded !!,0,,-,0,,-,1432,IIDX33,オーストラリア,2569,BE1357,オーストラリア,0,,-
CANNON BALLERS,Fervidex,0,,-,853,BE1357,オーストラリア,1657,ASHURA,オーストラリア,2641,BE1357,オーストラリア,0,,-
CANNON BALLERS,FREEDOM,0,,-,992,BE1357,オーストラリア,1400,ASHURA,オーストラリア,2771,IIDX33,オーストラリア,0,,-
CANNON BALLERS,From Time To Time,0,,-,328,KREEM,オーストラリア,1438,SIGMA!,オーストラリア,2476,N*MAKI,オーストラリア,0,,-
CANNON BALLERS,FUTURE is Dead,0,,-,903,BE1357,オーストラリア,1148,RTK,オーストラリア,2048,IIDX33,オーストラリア,0,,-
CANNON BALLERS,Get Up! feat. Kanae Asaba,0,,-,396,MYKE,オーストラリア,894,BOOTH,オーストラリア,1797,BE1357,オーストラリア,0,,-
CANNON BALLERS,HAT TRICK,0,,-,847,BE1357,オーストラリア,1232,ASHURA,オーストラリア,2109,DAIJRO,オーストラリア,0,,-
CANNON BALLERS,Hella Deep,0,,-,475,PIY0MO,オーストラリア,937,RTK,オーストラリア,1722,RINDEX,オーストラリア,0,,-
CANNON BALLERS,HYPE THE CORE,0,,-,394,K,オーストラリア,1344,RIMJOB,オーストラリア,2841,JOHNNN,オーストラリア,0,,-
CANNON BALLERS,I Love You,0,,-,1057,BE1357,オーストラリア,1614,NAYNAY,オーストラリア,2657,JOHNNN,オーストラリア,0,,-
CANNON BALLERS,Illusionary Waterlily,0,,-,0,,-,1594,ASHURA,オーストラリア,3246,??,オーストラリア,0,,-
CANNON BALLERS,Initiation,491,ADDI,オーストラリア,1254,XYLKY-,オーストラリア,2202,IIDX33,オーストラリア,3694,??,オーストラリア,0,,-
CANNON BALLERS,"Life Is A Game ft.DD""ナカタ""Metal",0,,-,1031,BLUE6,オーストラリア,1555,OMOLVR,オーストラリア,3192,JOHNNN,オーストラリア,0,,-
CANNON BALLERS,LUV DRIVE,0,,-,414,KNIF3,オーストラリア,1088,BLUE6,オーストラリア,2031,BE1357,オーストラリア,0,,-
CANNON BALLERS,MAXIVCORD,0,,-,522,LILI,オーストラリア,1013,BLUE6,オーストラリア,2334,JOHNNN,オーストラリア,0,,-
CANNON BALLERS,Midnight Lady,0,,-,539,TAKUM,オーストラリア,806,ASHYYY,オーストラリア,1801,BE1357,オーストラリア,0,,-
CANNON BALLERS,n'pa pa BBQ,0,,-,640,DAZED!,オーストラリア,1384,DRSQAT,オーストラリア,2584,BE1357,オーストラリア,0,,-
CANNON BALLERS,NITROUS CANNON,0,,-,982,VLD,オーストラリア,1649,ASHURA,オーストラリア,3330,??,オーストラリア,0,,-
CANNON BALLERS,No Limit 2 dAnce feat. 大山愛未,0,,-,713,BLUE6,オーストラリア,1175,BLUE6,オーストラリア,2233,DAIJRO,オーストラリア,0,,-
CANNON BALLERS,Nothing but Theory,0,,-,582,EDX,オーストラリア,1375,MU,オーストラリア,2777,BE1357,オーストラリア,3637,&0X5A,オーストラリア
CANNON BALLERS,O/D*20,0,,-,764,QS36,オーストラリア,1353,AO508!,オーストラリア,2074,BE1357,オーストラリア,3619,??,オーストラリア
CANNON BALLERS,Only for now,0,,-,455,CLOWN,オーストラリア,965,KIITE,オーストラリア,2223,BE1357,オーストラリア,0,,-
CANNON BALLERS,Papilio ulysses,0,,-,978,KOOL,オーストラリア,1216,DRSQAT,オーストラリア,2730,RINDEX,オーストラリア,0,,-
CANNON BALLERS,Persephone,0,,-,698,QS36,オーストラリア,1460,BLUE6,オーストラリア,2860,JOHNNN,オーストラリア,0,,-
CANNON BALLERS,Rampage,0,,-,1180,STV,オーストラリア,2288,IIDX33,オーストラリア,3518,&0X5A,オーストラリア,0,,-
CANNON BALLERS,Raspberry Railgun,0,,-,1139,XYLKY-,オーストラリア,0,,-,3049,JOHNNN,オーストラリア,0,,-
CANNON BALLERS,REVOLVER,0,,-,529,LILI,オーストラリア,0,,-,2630,BE1357,オーストラリア,3071,BE1357,オーストラリア
CANNON BALLERS,Sleepless days,0,,-,359,LEEK*,オーストラリア,780,IIDX33,オーストラリア,1565,N*MAKI,オーストラリア,0,,-
CANNON BALLERS,Slipstream,0,,-,0,,-,1706,ASHURA,オーストラリア,3321,??,オーストラリア,0,,-
CANNON BALLERS,SPEED DEMON,0,,-,715,XYLKY-,オーストラリア,1123,K,オーストラリア,2283,IIDX33,オーストラリア,0,,-
CANNON BALLERS,STARLIGHT JUNCTION,0,,-,551,PZER0,オーストラリア,1407,IIDX33,オーストラリア,2237,BE1357,オーストラリア,2819,IIDX33,オーストラリア
CANNON BALLERS,Static State,0,,-,802,BLUE6,オーストラリア,1469,ASHURA,オーストラリア,2103,??,オーストラリア,0,,-
CANNON BALLERS,Temple of Anubis,0,,-,722,LILI,オーストラリア,1217,STV,オーストラリア,2501,??,オーストラリア,0,,-
CANNON BALLERS,THE CANNONBALLER,273,KIKI,オーストラリア,1086,PZER0,オーストラリア,1764,ALICE,オーストラリア,3297,&0X5A,オーストラリア,0,,-
CANNON BALLERS,The Chase,0,,-,302,RINON!,オーストラリア,1258,IIDX33,オーストラリア,1962,IIDX33,オーストラリア,0,,-
CANNON BALLERS,UMMU,0,,-,757,SARDS!,オーストラリア,1921,IIDX33,オーストラリア,2899,IIDX33,オーストラリア,0,,-
CANNON BALLERS,Usual Days-remix,0,,-,376,OKEV,オーストラリア,993,DRSQAT,オーストラリア,2543,JOHNNN,オーストラリア,0,,-
CANNON BALLERS,Xperanza,403,ADDI,オーストラリア,1060,OPIPI*,オーストラリア,2258,IIDX33,オーストラリア,3000,IIDX33,オーストラリア,0,,-
CANNON BALLERS,うさ☆かめ 大戦争！,0,,-,0,,-,864,BLUE6,オーストラリア,2434,JOHNNN,オーストラリア,0,,-
CANNON BALLERS,エディブルフラワーの独白,0,,-,452,CLOWN,オーストラリア,1360,STV,オーストラリア,2094,IIDX33,オーストラリア,0,,-
CANNON BALLERS,シムルグの目醒め,0,,-,961,KIITE,オーストラリア,2105,IIDX33,オーストラリア,3198,BE1357,オーストラリア,0,,-
CANNON BALLERS,ナイトシティー・アヴァンチュール,0,,-,713,YUKI,オーストラリア,1508,DAIJRO,オーストラリア,2061,N*MAKI,オーストラリア,0,,-
CANNON BALLERS,ハイ*ビスカス ft. Kanae Asaba,0,,-,397,K,オーストラリア,1029,SARDS!,オーストラリア,2391,BE1357,オーストラリア,0,,-
CANNON BALLERS,バ→ビ→ブ→Bomb!,0,,-,757,XYLKY-,オーストラリア,1187,AAAAAA,オーストラリア,2347,N*MAKI,オーストラリア,0,,-
CANNON BALLERS,バスルーム ロマンス,0,,-,0,,-,0,,-,2337,??,オーストラリア,0,,-
CANNON BALLERS,パラドキシカル・タイムリープトライアル(Short Ver.),0,,-,546,IIDX33,オーストラリア,1341,SUNOW,オーストラリア,2624,??,オーストラリア,0,,-
CANNON BALLERS,ラストセンチュリーメランコリック,0,,-,795,XYLKY-,オーストラリア,1136,KOOL,オーストラリア,2096,BE1357,オーストラリア,0,,-
CANNON BALLERS,共犯ヘヴンズコード,0,,-,361,ADDI,オーストラリア,954,BOOTH,オーストラリア,2230,BE1357,オーストラリア,0,,-
CANNON BALLERS,命の標本,0,,-,420,CLOWN,オーストラリア,0,,-,2573,BE1357,オーストラリア,0,,-
CANNON BALLERS,東京神話,418,BUTLER,オーストラリア,810,YUKI,オーストラリア,1325,ASHURA,オーストラリア,2643,JOHNNN,オーストラリア,0,,-
CANNON BALLERS,神謳 -RESONANCE-,0,,-,917,YUKI,オーストラリア,1761,OISHI,オーストラリア,3921,&0X5A,オーストラリア,0,,-
CANNON BALLERS,純真可憐デザイア,174,G4142,オーストラリア,568,DAZED!,オーストラリア,1454,IYAN99,オーストラリア,2271,N*MAKI,オーストラリア,2879,JOHNNN,オーストラリア
CANNON BALLERS,草原の王女-軌跡を辿って-,0,,-,221,KME!!,オーストラリア,1023,VLD,オーストラリア,2197,N*MAKI,オーストラリア,0,,-
Rootage,& Intelligence,0,,-,470,EDX,オーストラリア,1810,IIDX33,オーストラリア,2998,JOHNNN,オーストラリア,0,,-
Rootage,50th Memorial Songs -Beginning Story-,0,,-,387,PZER0,オーストラリア,1489,ASHURA,オーストラリア,2575,??,オーストラリア,0,,-
Rootage,50th Memorial Songs -Flagship medley-,0,,-,0,,-,781,PZER0,オーストラリア,2046,??,オーストラリア,0,,-
Rootage,50th Memorial Songs -The BEMANI History-,0,,-,798,QS36,オーストラリア,1192,KARTER,オーストラリア,2413,??,オーストラリア,0,,-
Rootage,50th Memorial Songs -二人の時 ～under the cherry blossoms～-,322,LILI,オーストラリア,0,,-,1439,ASHURA,オーストラリア,2522,IIDX33,オーストラリア,0,,-
Rootage,Afterimage d'automne,0,,-,628,LEEK*,オーストラリア,1694,BE1357,オーストラリア,2654,JOHNNN,オーストラリア,0,,-
Rootage,BLACK JACKAL,0,,-,846,BE1357,オーストラリア,1382,ASHURA,オーストラリア,2197,RINDEX,オーストラリア,0,,-
Rootage,BLO§OM,0,,-,1065,BE1357,オーストラリア,1482,ASHURA,オーストラリア,2450,DAIJRO,オーストラリア,0,,-
Rootage,Carmina,276,KREEM,オーストラリア,1037,YUXI7G,オーストラリア,2186,IIDX33,オーストラリア,3535,&0X5A,オーストラリア,0,,-
Rootage,Carry Me Away,399,SAMECO,オーストラリア,911,Z,オーストラリア,1637,IIDX33,オーストラリア,3057,JOHNNN,オーストラリア,0,,-
Rootage,Catch Our Fire!,0,,-,756,QS36,オーストラリア,0,,-,3437,DAIJRO,オーストラリア,0,,-
Rootage,CODE:0,0,,-,1385,BE1357,オーストラリア,1911,ASHURA,オーストラリア,2529,??,オーストラリア,3060,JOHNNN,オーストラリア
Rootage,CoMAAAAAAA,0,,-,0,,-,1902,ASHURA,オーストラリア,2314,N*MAKI,オーストラリア,3674,??,オーストラリア
Rootage,COSMIC CYBER,0,,-,1041,BE1357,オーストラリア,1246,ASHURA,オーストラリア,2750,BE1357,オーストラリア,0,,-
Rootage,Cranberry City ft. Luschel,0,,-,837,BE1357,オーストラリア,1409,ASHURA,オーストラリア,2337,&0X5A,オーストラリア,0,,-
Rootage,dAuntl3ss,0,,-,0,,-,1318,DRSQAT,オーストラリア,3324,JOHNNN,オーストラリア,0,,-
Rootage,Dr. Chemical & Killing Machine,0,,-,1095,BE1357,オーストラリア,1700,ASHURA,オーストラリア,3238,??,オーストラリア,0,,-
Rootage,Drastic Dramatic,0,,-,936,BOOTH,オーストラリア,1943,SEIKO*,オーストラリア,3349,JOHNNN,オーストラリア,0,,-
Rootage,DRUNK MONKY,0,,-,800,AO508!,オーストラリア,1072,WAGYU,オーストラリア,2193,JOHNNN,オーストラリア,0,,-
Rootage,Ember Lights,0,,-,916,BE1357,オーストラリア,1413,ASHURA,オーストラリア,2621,BE1357,オーストラリア,2962,BE1357,オーストラリア
Rootage,EVANESCENT,0,,-,791,VON,オーストラリア,2072,5H4UN,オーストラリア,3364,JOHNNN,オーストラリア,0,,-
Rootage,Garuda,0,,-,1046,BE1357,オーストラリア,1518,DA3YAN,オーストラリア,2472,JOHNNN,オーストラリア,0,,-
Rootage,Geirskögul,0,,-,1077,BE1357,オーストラリア,1468,ASHURA,オーストラリア,2174,IIDX33,オーストラリア,0,,-
Rootage,GENE,0,,-,1039,STV,オーストラリア,1687,ASHURA,オーストラリア,4152,??,オーストラリア,3294,??,オーストラリア
Rootage,GIGA THRASH,0,,-,958,BLUE6,オーストラリア,1301,BLUE6,オーストラリア,2635,JOHNNN,オーストラリア,0,,-
Rootage,Glory,0,,-,173,ELENOR,オーストラリア,1403,ASHURA,オーストラリア,2226,N*MAKI,オーストラリア,0,,-
Rootage,GO OVER WITH GLARE -ROOTAGE 26-,0,,-,855,BOOTH,オーストラリア,2025,5H4UN,オーストラリア,3739,??,オーストラリア,0,,-
Rootage,HARD BRAIN,0,,-,1008,ASHYYY,オーストラリア,1830,ASHURA,オーストラリア,3650,&0X5A,オーストラリア,0,,-
Rootage,HEISEI,0,,-,643,MZNAKR,オーストラリア,1802,7,オーストラリア,2479,BE1357,オーストラリア,0,,-
Rootage,Hurry Hurry,0,,-,538,DAZED!,オーストラリア,970,ASHURA,オーストラリア,2039,DAIJRO,オーストラリア,0,,-
Rootage,IDC feat.REVERBEE (Mo'Cuts Ver),0,,-,752,OPIPI*,オーストラリア,1011,OSCAR,オーストラリア,2076,IIDX33,オーストラリア,0,,-
Rootage,IDOL syndrome.,0,,-,547,PZER0,オーストラリア,1341,ASHURA,オーストラリア,2119,BE1357,オーストラリア,2851,BE1357,オーストラリア
Rootage,KILL EACH OTHER,0,,-,1118,BLUE6,オーストラリア,1912,DA3YAN,オーストラリア,3603,JOHNNN,オーストラリア,0,,-
Rootage,L.F.O,0,,-,871,BE1357,オーストラリア,1545,ASHURA,オーストラリア,3157,&0X5A,オーストラリア,0,,-
Rootage,LADYBIRD,0,,-,0,,-,1467,ASHURA,オーストラリア,2335,JOHNNN,オーストラリア,0,,-
Rootage,Let me be your cure,0,,-,1140,BE1357,オーストラリア,1345,ASHURA,オーストラリア,2594,BE1357,オーストラリア,0,,-
Rootage,Lethal Weapon,0,,-,0,,-,1843,N*MAKI,オーストラリア,3024,N*MAKI,オーストラリア,0,,-
Rootage,Level One,0,,-,979,STV,オーストラリア,2070,5H4UN,オーストラリア,3213,IIDX33,オーストラリア,0,,-
Rootage,Lift Us High,0,,-,972,BE1357,オーストラリア,1450,ASHURA,オーストラリア,2353,DAIJRO,オーストラリア,0,,-
Rootage,LOST TECHNOLOGIE,0,,-,1118,BE1357,オーストラリア,1620,ASHURA,オーストラリア,3320,BE1357,オーストラリア,0,,-
Rootage,Macho Monky,0,,-,452,K,オーストラリア,1186,BLUE6,オーストラリア,2808,JOHNNN,オーストラリア,0,,-
Rootage,Necroxis Girl,0,,-,345,BLAKE,オーストラリア,1671,ASHURA,オーストラリア,2604,??,オーストラリア,0,,-
Rootage,"Next Tales 2 Oath (IIDX 20th Anniv ""Ring"" Theme)",0,,-,0,,-,1136,DRSQAT,オーストラリア,2550,??,オーストラリア,0,,-
Rootage,Night! Night! Night!,0,,-,533,LILI,オーストラリア,1196,DRSQAT,オーストラリア,2891,&0X5A,オーストラリア,0,,-
Rootage,ONIGOROSHI,0,,-,871,ALICE,オーストラリア,1854,NON0J!,オーストラリア,2773,IIDX33,オーストラリア,0,,-
Rootage,OVER TIME,0,,-,395,GETO,オーストラリア,911,ASHURA,オーストラリア,1445,IIDX33,オーストラリア,1967,BE1357,オーストラリア
Rootage,Painful Fate,0,,-,894,SARDS!,オーストラリア,0,,-,3103,BE1357,オーストラリア,0,,-
Rootage,Playing With Fire,0,,-,773,BLUE6,オーストラリア,1221,SIGMA!,オーストラリア,2258,JOHNNN,オーストラリア,0,,-
Rootage,Psycho Sheep Riddim,0,,-,475,GETO,オーストラリア,917,ASHURA,オーストラリア,1524,??,オーストラリア,2120,IIDX33,オーストラリア
Rootage,Red. by Jack Trance,0,,-,1182,BLUE6,オーストラリア,1880,NON0J!,オーストラリア,3302,IIDX33,オーストラリア,0,,-
Rootage,REPLAY,0,,-,816,VON,オーストラリア,1415,ASHURA,オーストラリア,2121,BE1357,オーストラリア,0,,-
Rootage,ROCK女 feat. 大山愛未， Ken,0,,-,607,LILI,オーストラリア,1173,LXASLA,オーストラリア,2628,IIDX33,オーストラリア,0,,-
Rootage,ruin of opals,0,,-,598,QS36,オーストラリア,1468,DA3YAN,オーストラリア,2843,??,オーストラリア,0,,-
Rootage,R∞tAge,403,PZER0,オーストラリア,179,G4142,オーストラリア,1479,ASHURA,オーストラリア,2819,DAIJRO,オーストラリア,0,,-
Rootage,SPEED ROCKER,0,,-,214,ELENOR,オーストラリア,0,,-,2001,??,オーストラリア,0,,-
Rootage,Technicolour Dreams,0,,-,0,,-,1345,ASHURA,オーストラリア,2363,BE1357,オーストラリア,0,,-
Rootage,The Best of Both Worlds,0,,-,429,DAZED!,オーストラリア,1316,ASHURA,オーストラリア,2154,N*MAKI,オーストラリア,0,,-
Rootage,THE DAY OF JUBILATIONS,0,,-,0,,-,0,,-,3181,DAIJRO,オーストラリア,0,,-
Rootage,The Rebellion of Sequencer,0,,-,904,BOOTH,オーストラリア,1579,ASHURA,オーストラリア,2930,JOHNNN,オーストラリア,0,,-
Rootage,toy boxer,0,,-,616,IMABOT,オーストラリア,1277,STV,オーストラリア,2179,BE1357,オーストラリア,0,,-
Rootage,ToyCube Pf.(RX-Ver.S.P.L.),0,,-,407,DEVAN?,オーストラリア,1407,ASHURA,オーストラリア,2189,DAIJRO,オーストラリア,0,,-
Rootage,Trill auf G,0,,-,725,STV,オーストラリア,1403,BLUE6,オーストラリア,3046,JOHNNN,オーストラリア,0,,-
Rootage,Twilight Warp,0,,-,368,AAAAAA,オーストラリア,1216,ASHURA,オーストラリア,2074,DAIJRO,オーストラリア,0,,-
Rootage,Unbelief,0,,-,0,,-,0,,-,2912,JOHNNN,オーストラリア,0,,-
Rootage,UNDERWORLD HOLOGRAPHY,0,,-,0,,-,0,,-,3180,&0X5A,オーストラリア,0,,-
Rootage,Urban Constellations,0,,-,294,ELENOR,オーストラリア,1387,ASHURA,オーストラリア,2261,BE1357,オーストラリア,3152,JOHNNN,オーストラリア
Rootage,Visterhv,0,,-,957,PZER0,オーストラリア,2084,IIDX33,オーストラリア,3615,&0X5A,オーストラリア,0,,-
Rootage,voltississimo,0,,-,716,RINON!,オーストラリア,1598,WAGYU,オーストラリア,3393,&0X5A,オーストラリア,0,,-
Rootage,Wing of Hearts,0,,-,726,LEEK*,オーストラリア,1639,IIDX33,オーストラリア,2891,IIDX33,オーストラリア,0,,-
Rootage,Wolf 1061,0,,-,0,,-,1564,ASHURA,オーストラリア,2983,BE1357,オーストラリア,0,,-
Rootage,Wonderland,0,,-,0,,-,1474,STV,オーストラリア,2631,BE1357,オーストラリア,0,,-
Rootage,X-DEN,0,,-,1251,BLUE6,オーストラリア,2426,JOHNNN,オーストラリア,3618,&0X5A,オーストラリア,0,,-
Rootage,XENON II ～TOMOYUKIの野望～,0,,-,723,BOOTH,オーストラリア,1534,IIDX33,オーストラリア,2849,BE1357,オーストラリア,0,,-
Rootage,Xlo,0,,-,0,,-,1917,DA3YAN,オーストラリア,3566,JOHNNN,オーストラリア,0,,-
Rootage,Yum Yum Jelly,0,,-,296,ELENOR,オーストラリア,1505,??,オーストラリア,2296,RINDEX,オーストラリア,0,,-
Rootage,ZENDEGI DANCE,0,,-,950,MIATA!,オーストラリア,1669,ASHURA,オーストラリア,2680,JOHNNN,オーストラリア,0,,-
Rootage,おーまい！らぶりー！すうぃーてぃ！だーりん！,0,,-,780,IIDX33,オーストラリア,1699,Y.,オーストラリア,2705,??,オーストラリア,0,,-
Rootage,お菓子の王国,0,,-,1228,XYLKY-,オーストラリア,1826,DA3YAN,オーストラリア,3807,JOHNNN,オーストラリア,0,,-
Rootage,グラナダの風,0,,-,0,,-,1118,ASHURA,オーストラリア,1751,??,オーストラリア,0,,-
Rootage,セカンドピアス,0,,-,310,KREEM,オーストラリア,1053,ASHURA,オーストラリア,1976,BE1357,オーストラリア,0,,-
Rootage,ハードベース・フェスタ,0,,-,697,DAN,オーストラリア,1536,ASHURA,オーストラリア,2685,IIDX33,オーストラリア,0,,-
Rootage,ミストレス・アンに花束を,0,,-,560,BE1357,オーストラリア,917,ASHURA,オーストラリア,1406,BE1357,オーストラリア,0,,-
Rootage,ミッドナイト☆WAR,0,,-,541,PIY0MO,オーストラリア,1499,IIDX33,オーストラリア,2424,BE1357,オーストラリア,0,,-
Rootage,夏の匂い。キミの残像。 ft. Kanae Asaba,0,,-,0,,-,1446,ASHURA,オーストラリア,2498,N*MAKI,オーストラリア,0,,-
Rootage,抱きしめてモナムール,0,,-,1013,VON,オーストラリア,1648,APPURU,オーストラリア,3870,JOHNNN,オーストラリア,0,,-
Rootage,最小三倍完全数,0,,-,556,IIDX33,オーストラリア,1076,IIDX33,オーストラリア,2370,??,オーストラリア,0,,-
Rootage,泰東ノ翠霞,0,,-,0,,-,636,ASHURA,オーストラリア,1695,JOHNNN,オーストラリア,0,,-
Rootage,深愛のリグレット,0,,-,406,K,オーストラリア,1179,DAIJRO,オーストラリア,2295,DAIJRO,オーストラリア,0,,-
Rootage,爆ゼニ☆がってんワーカー,0,,-,648,DAN,オーストラリア,1221,SP3000,オーストラリア,2561,??,オーストラリア,0,,-
Rootage,花冠 feat.Aikapin,0,,-,0,,-,1498,DA3YAN,オーストラリア,2419,IIDX33,オーストラリア,0,,-
Rootage,金野火織の金色提言,0,,-,1007,SNAX,オーストラリア,1352,CHUNKS,オーストラリア,2848,??,オーストラリア,0,,-
Rootage,龍王の霊廟(Mausoleum Of The Primal Dragon),0,,-,634,YUKI,オーストラリア,2112,IIDX33,オーストラリア,3103,BE1357,オーストラリア,3781,JOHNNN,オーストラリア
HEROIC VERSE,27th style,0,,-,0,,-,1377,ASHURA,オーストラリア,2367,IIDX33,オーストラリア,2757,??,オーストラリア
HEROIC VERSE,Advent Infamous,0,,-,991,BE1357,オーストラリア,1626,BE1357,オーストラリア,2699,BE1357,オーストラリア,0,,-
HEROIC VERSE,AKASHIC BREAK,0,,-,690,LEEK*,オーストラリア,2069,BE1357,オーストラリア,3371,JOHNNN,オーストラリア,0,,-
HEROIC VERSE,And-RoiD,0,,-,271,KMUNGZ,オーストラリア,929,VLD,オーストラリア,1981,BE1357,オーストラリア,0,,-
HEROIC VERSE,Artist,0,,-,662,SARDS!,オーストラリア,1382,BLUE6,オーストラリア,3296,JOHNNN,オーストラリア,0,,-
HEROIC VERSE,Backyard Stars,0,,-,827,STV,オーストラリア,836,DRSQAT,オーストラリア,2185,BE1357,オーストラリア,0,,-
HEROIC VERSE,BEAT PRISONER,0,,-,778,JO,オーストラリア,1777,ASHURA,オーストラリア,3425,&0X5A,オーストラリア,0,,-
HEROIC VERSE,beatAffection,0,,-,1025,BE1357,オーストラリア,1489,IIDX33,オーストラリア,2561,N*MAKI,オーストラリア,0,,-
HEROIC VERSE,Beautiful Harmony (IIDX Mix),0,,-,869,BE1357,オーストラリア,1265,BOOTH,オーストラリア,2153,IIDX33,オーストラリア,0,,-
HEROIC VERSE,Bow shock!!,0,,-,554,DAZED!,オーストラリア,1558,IIDX33,オーストラリア,3007,JOHNNN,オーストラリア,4040,??,オーストラリア
HEROIC VERSE,Calvados Queen,0,,-,969,BE1357,オーストラリア,1141,LXASLA,オーストラリア,1396,APPURU,オーストラリア,0,,-
HEROIC VERSE,Change Yourself,0,,-,951,BE1357,オーストラリア,1583,IIDX33,オーストラリア,2440,JOHNNN,オーストラリア,0,,-
HEROIC VERSE,Crank It,0,,-,587,KACHY-,オーストラリア,1279,MU,オーストラリア,2393,??,オーストラリア,0,,-
HEROIC VERSE,Dans la nuit de l'eternite,0,,-,1161,AO508!,オーストラリア,1572,APPURU,オーストラリア,3186,??,オーストラリア,0,,-
HEROIC VERSE,Do What You Want,0,,-,427,LEEK*,オーストラリア,919,KOOL,オーストラリア,1923,BE1357,オーストラリア,0,,-
HEROIC VERSE,Double Dribble,0,,-,928,VON,オーストラリア,1520,ASHURA,オーストラリア,3131,JOHNNN,オーストラリア,0,,-
HEROIC VERSE,EROICA,0,,-,1036,CRAX,オーストラリア,2215,IIDX33,オーストラリア,3506,??,オーストラリア,0,,-
HEROIC VERSE,Everlasting Message,0,,-,1052,XYLKY-,オーストラリア,1551,ASHURA,オーストラリア,3392,BE1357,オーストラリア,0,,-
HEROIC VERSE,fairy cocktail,0,,-,349,SBLMNL,オーストラリア,868,VLD,オーストラリア,1563,??,オーストラリア,0,,-
HEROIC VERSE,Fly Above (Vicissitude Remix),0,,-,416,DAZED!,オーストラリア,1183,AO508!,オーストラリア,2349,IIDX33,オーストラリア,0,,-
HEROIC VERSE,Forgetting Machine,0,,-,698,BE1357,オーストラリア,1101,MU,オーストラリア,1677,RINDEX,オーストラリア,0,,-
HEROIC VERSE,Friction[!]Function,0,,-,826,IIDX33,オーストラリア,1429,ASHURA,オーストラリア,3012,JOHNNN,オーストラリア,0,,-
HEROIC VERSE,GHOST,0,,-,810,BE1357,オーストラリア,1163,DRSQAT,オーストラリア,2582,BE1357,オーストラリア,0,,-
HEROIC VERSE,GIGA VIOLATE,0,,-,1004,XYLKY-,オーストラリア,1164,DRSQAT,オーストラリア,2598,RINDEX,オーストラリア,0,,-
HEROIC VERSE,Hold My Hand,0,,-,927,BE1357,オーストラリア,1237,BOOTH,オーストラリア,2425,BE1357,オーストラリア,0,,-
HEROIC VERSE,Hyper Drive feat. ぷにぷに電機,0,,-,477,PZER0,オーストラリア,1451,DAIJRO,オーストラリア,1932,N*MAKI,オーストラリア,0,,-
HEROIC VERSE,If,0,,-,783,BE1357,オーストラリア,1161,ASHURA,オーストラリア,1856,BE1357,オーストラリア,0,,-
HEROIC VERSE,Inferno of Fomalhaut,0,,-,1022,BE1357,オーストラリア,1158,BLUE6,オーストラリア,2676,??,オーストラリア,0,,-
HEROIC VERSE,Infinity Mirror,0,,-,850,BE1357,オーストラリア,1254,MU,オーストラリア,2268,BE1357,オーストラリア,0,,-
HEROIC VERSE,Into The Madness,0,,-,984,BE1357,オーストラリア,1293,ASHURA,オーストラリア,2423,IIDX33,オーストラリア,0,,-
HEROIC VERSE,LASER CRUSTER (IGNITE REMIX),0,,-,554,BLUE6,オーストラリア,1296,BLUE6,オーストラリア,3299,JOHNNN,オーストラリア,0,,-
HEROIC VERSE,Level 2,0,,-,420,K,オーストラリア,1368,ASHURA,オーストラリア,2604,IIDX33,オーストラリア,0,,-
HEROIC VERSE,LIGHTNING STRIKES,310,SASHA,オーストラリア,921,BE1357,オーストラリア,1610,IIDX33,オーストラリア,3141,??,オーストラリア,3992,&0X5A,オーストラリア
HEROIC VERSE,Like+it!,0,,-,745,KOOL,オーストラリア,1124,YUME,オーストラリア,2281,JOHNNN,オーストラリア,0,,-
HEROIC VERSE,Lords Of The Roundtable,0,,-,0,,-,1688,NON0J!,オーストラリア,2837,IIDX33,オーストラリア,0,,-
HEROIC VERSE,Lost Souls,0,,-,386,DAZED!,オーストラリア,1315,WAGYU,オーストラリア,2284,??,オーストラリア,3755,&0X5A,オーストラリア
HEROIC VERSE,Matt Silver,0,,-,823,BLUE6,オーストラリア,1991,N*MAKI,オーストラリア,3222,BE1357,オーストラリア,0,,-
HEROIC VERSE,Megalara Garuda,0,,-,1229,STV,オーストラリア,1493,OSCAR,オーストラリア,2912,&0X5A,オーストラリア,0,,-
HEROIC VERSE,Mel,0,,-,323,DEVAN?,オーストラリア,1359,XYLKY-,オーストラリア,2146,BE1357,オーストラリア,2676,IIDX33,オーストラリア
HEROIC VERSE,Moving on,0,,-,649,PZER0,オーストラリア,1777,IIDX33,オーストラリア,2863,??,オーストラリア,0,,-
HEROIC VERSE,Nasty Techniques,0,,-,751,BLUE6,オーストラリア,1557,IIDX33,オーストラリア,2526,BE1357,オーストラリア,0,,-
HEROIC VERSE,NEWALONE,0,,-,443,DAZED!,オーストラリア,1000,IVOS!,オーストラリア,1870,??,オーストラリア,0,,-
HEROIC VERSE,ORCA,0,,-,1114,MU,オーストラリア,1945,7,オーストラリア,3256,JOHNNN,オーストラリア,0,,-
HEROIC VERSE,OUTER PLANETS,0,,-,0,,-,1158,RTK,オーストラリア,1969,5H4UN,オーストラリア,0,,-
HEROIC VERSE,Override,0,,-,743,VON,オーストラリア,1514,ASHURA,オーストラリア,2776,BE1357,オーストラリア,4149,&0X5A,オーストラリア
HEROIC VERSE,PHASE SHIFT MANEUVER,0,,-,919,BLUE6,オーストラリア,1214,DRSQAT,オーストラリア,2732,IIDX33,オーストラリア,0,,-
HEROIC VERSE,Primitive Vibes,431,DAMP,オーストラリア,721,QS36,オーストラリア,1851,IIDX33,オーストラリア,2919,??,オーストラリア,0,,-
HEROIC VERSE,Queen Kaguya,0,,-,601,QS36,オーストラリア,1818,IIDX33,オーストラリア,2497,BE1357,オーストラリア,0,,-
HEROIC VERSE,Rainstorm,0,,-,0,,-,1260,PON,オーストラリア,1980,#BURU#,オーストラリア,0,,-
HEROIC VERSE,Rave Patroller,0,,-,1259,XYLKY-,オーストラリア,1509,BLUE6,オーストラリア,3168,RINDEX,オーストラリア,0,,-
HEROIC VERSE,rough percussionythm,0,,-,722,BOOTH,オーストラリア,1298,AXP-43,オーストラリア,2398,IIDX33,オーストラリア,0,,-
HEROIC VERSE,S!ck (Nhato Remix),0,,-,768,SIGMA!,オーストラリア,1314,KARTER,オーストラリア,2450,IIDX33,オーストラリア,0,,-
HEROIC VERSE,SCREW // owo // SCREW,0,,-,879,PZER0,オーストラリア,1718,OSCAR,オーストラリア,2794,IIDX33,オーストラリア,0,,-
HEROIC VERSE,Shiva,0,,-,558,MZNAKR,オーストラリア,1134,OSCAR,オーストラリア,2034,BE1357,オーストラリア,0,,-
HEROIC VERSE,Silly Love,121,NERO,オーストラリア,546,ADDI,オーストラリア,1092,OSCAR,オーストラリア,1977,BE1357,オーストラリア,0,,-
HEROIC VERSE,Ska-sh All Neurons!!,0,,-,612,IIDX33,オーストラリア,1131,VLD,オーストラリア,2272,BE1357,オーストラリア,0,,-
HEROIC VERSE,Smashing Wedge,0,,-,712,IIDX33,オーストラリア,2009,IIDX33,オーストラリア,3441,BE1357,オーストラリア,0,,-
HEROIC VERSE,Sparkle Smilin',0,,-,0,,-,0,,-,2387,N*MAKI,オーストラリア,0,,-
HEROIC VERSE,STOIC HYPOTHESIS,0,,-,0,,-,1305,BOOTH,オーストラリア,2718,JOHNNN,オーストラリア,0,,-
HEROIC VERSE,Sugar Drippin',0,,-,436,DAZED!,オーストラリア,1106,XYLKY-,オーストラリア,2043,BE1357,オーストラリア,0,,-
HEROIC VERSE,T-REX vs Velociraptor (In the Far east euphoria),0,,-,814,PZER0,オーストラリア,1524,IIDX33,オーストラリア,3003,BE1357,オーストラリア,0,,-
HEROIC VERSE,take me higher,0,,-,475,CLOWN,オーストラリア,1000,RTK,オーストラリア,1942,BE1357,オーストラリア,0,,-
HEROIC VERSE,TECHNO Style Essentials,0,,-,0,,-,1406,DA3YAN,オーストラリア,2679,IIDX33,オーストラリア,0,,-
HEROIC VERSE,THE BRAVE MUST DIE,0,,-,1195,BLUE6,オーストラリア,2122,AYTEMS,オーストラリア,3803,&0X5A,オーストラリア,0,,-
HEROIC VERSE,THE F∀UST,0,,-,925,VON,オーストラリア,1464,9*****,オーストラリア,3398,&0X5A,オーストラリア,0,,-
HEROIC VERSE,The Sky of Sadness,0,,-,556,PZER0,オーストラリア,922,PZER0,オーストラリア,2310,BE1357,オーストラリア,0,,-
HEROIC VERSE,Theory,0,,-,457,OKEV,オーストラリア,1185,ASHURA,オーストラリア,2219,??,オーストラリア,0,,-
HEROIC VERSE,TRIUMPH,0,,-,585,K,オーストラリア,1933,BE1357,オーストラリア,3178,IIDX33,オーストラリア,0,,-
HEROIC VERSE,UNITE THE HEART,0,,-,1002,GTDN.,オーストラリア,1843,APPURU,オーストラリア,3120,N*MAKI,オーストラリア,0,,-
HEROIC VERSE,VALKYRIAS -英雄誕生-,0,,-,767,IIDX33,オーストラリア,1596,IIDX33,オーストラリア,2650,BE1357,オーストラリア,0,,-
HEROIC VERSE,VIBRΛ,0,,-,335,ELENOR,オーストラリア,1073,RTK,オーストラリア,1796,BE1357,オーストラリア,0,,-
HEROIC VERSE,Vinculum stellarum,0,,-,0,,-,2111,IIDX33,オーストラリア,3458,JOHNNN,オーストラリア,0,,-
HEROIC VERSE,Virus Funk,0,,-,579,PZER0,オーストラリア,1147,VON,オーストラリア,2115,JOHNNN,オーストラリア,0,,-
HEROIC VERSE,Volcanic Dragon,0,,-,686,K,オーストラリア,1747,N*MAKI,オーストラリア,2812,JOHNNN,オーストラリア,0,,-
HEROIC VERSE,Voo Doo Bamboleo,0,,-,0,,-,0,,-,2152,AAAAAA,オーストラリア,0,,-
HEROIC VERSE,Ypsilon,0,,-,0,,-,1437,STV,オーストラリア,2794,BE1357,オーストラリア,3383,??,オーストラリア
HEROIC VERSE,がっつり陰キャ!? 怪盗いいんちょの億劫^^;,0,,-,1032,IIDX33,オーストラリア,1565,IIDX33,オーストラリア,3948,JOHNNN,オーストラリア,0,,-
HEROIC VERSE,シャムシールの舞,0,,-,0,,-,1306,Y.,オーストラリア,2445,??,オーストラリア,0,,-
HEROIC VERSE,セピアの軌跡 ft. 天宮みや(少女フラクタル),0,,-,409,DEVAN?,オーストラリア,1304,XYLKY-,オーストラリア,2344,JOHNNN,オーストラリア,0,,-
HEROIC VERSE,バッドエンド・シンドローム,0,,-,680,NAM.C,オーストラリア,1650,IIDX33,オーストラリア,2869,BE1357,オーストラリア,0,,-
HEROIC VERSE,ピアノ協奏曲第1番”蠍火” (BlackY Remix),0,,-,747,STV,オーストラリア,1781,PEPSIN,オーストラリア,3490,JOHNNN,オーストラリア,0,,-
HEROIC VERSE,ラブキラ☆スプラッシュ,0,,-,750,LEEK*,オーストラリア,880,INKY!!,オーストラリア,2472,JOHNNN,オーストラリア,0,,-
HEROIC VERSE,ランカーキラーガール,0,,-,632,PZER0,オーストラリア,1772,IIDX33,オーストラリア,2782,JOHNNN,オーストラリア,0,,-
HEROIC VERSE,曼荼羅恋々,0,,-,785,PZER0,オーストラリア,1396,STV,オーストラリア,2558,DAIJRO,オーストラリア,0,,-
HEROIC VERSE,深淵に捧ぐレクイエム,0,,-,666,AAAAAA,オーストラリア,1403,ASHURA,オーストラリア,2869,BE1357,オーストラリア,0,,-
HEROIC VERSE,灼熱Beach Side Bunny (Masayoshi Iimori Remix),0,,-,549,STV,オーストラリア,930,AO508!,オーストラリア,1735,IIDX33,オーストラリア,0,,-
HEROIC VERSE,狂水一華,0,,-,339,KARI,オーストラリア,1640,IIDX33,オーストラリア,2611,JOHNNN,オーストラリア,0,,-
HEROIC VERSE,眠りの国のステラ,0,,-,1070,XYLKY-,オーストラリア,1786,IIDX33,オーストラリア,2547,RINDEX,オーストラリア,0,,-
HEROIC VERSE,華麗なる大犬円舞曲,0,,-,854,LILI,オーストラリア,1410,LN.ENG,オーストラリア,2964,??,オーストラリア,0,,-
HEROIC VERSE,錬成人間トリコロイダー,0,,-,629,YUKI,オーストラリア,1533,OISHI,オーストラリア,3136,JOHNNN,オーストラリア,0,,-
HEROIC VERSE,開きたまえ！Next stAge！,0,,-,648,IIDX33,オーストラリア,1526,DA3YAN,オーストラリア,2751,BE1357,オーストラリア,0,,-
HEROIC VERSE,魅惑のYUMMYスイーツ,0,,-,544,CORN,オーストラリア,0,,-,2835,JOHNNN,オーストラリア,0,,-
BISTROVER,-65℃,0,,-,1245,STV,オーストラリア,0,,-,3437,BE1357,オーストラリア,0,,-
BISTROVER,ABSOLUTE (kors k Remix),0,,-,924,BE1357,オーストラリア,1528,BE1357,オーストラリア,2530,BE1357,オーストラリア,0,,-
BISTROVER,Ah Hah Yeah,0,,-,532,GARNI,オーストラリア,1047,IMABOT,オーストラリア,2031,IIDX33,オーストラリア,0,,-
BISTROVER,AMRITA -不滅ノ花-,0,,-,732,QS36,オーストラリア,1177,BIHRON,オーストラリア,2692,JOHNNN,オーストラリア,0,,-
BISTROVER,apo:llioth,0,,-,1206,BE1357,オーストラリア,2059,BE1357,オーストラリア,2806,BE1357,オーストラリア,0,,-
BISTROVER,As You Want,0,,-,546,DAZED!,オーストラリア,1141,RTK,オーストラリア,2370,N*MAKI,オーストラリア,0,,-
BISTROVER,ASIAN VIRTUAL REALITIES (MELTING TOGETHER IN DAZZLING DARKNESS),0,,-,1043,BE1357,オーストラリア,1455,ASHURA,オーストラリア,3096,JOHNNN,オーストラリア,0,,-
BISTROVER,BEMANI PRO LEAGUE Theme,0,,-,0,,-,1133,STV,オーストラリア,1899,JOHNNN,オーストラリア,0,,-
BISTROVER,BIGソムタム,431,ADDI,オーストラリア,964,PZER0,オーストラリア,1649,NAYNAY,オーストラリア,3251,IIDX33,オーストラリア,0,,-
BISTROVER,BLACK or WHITE?,498,KAIZA,オーストラリア,1067,STV,オーストラリア,2343,IIDX33,オーストラリア,3580,BE1357,オーストラリア,0,,-
BISTROVER,Burning Flame,0,,-,641,YUKI,オーストラリア,1805,BE1357,オーストラリア,2783,BE1357,オーストラリア,3525,JOHNNN,オーストラリア
BISTROVER,Chewingood!!!,212,KMUNGZ,オーストラリア,671,MAEDAY,オーストラリア,1455,IIDX33,オーストラリア,2539,JOHNNN,オーストラリア,0,,-
BISTROVER,COSMIC RAY,0,,-,0,,-,1451,BLUE6,オーストラリア,2610,IIDX33,オーストラリア,0,,-
BISTROVER,Crazy Jackpot,0,,-,987,BE1357,オーストラリア,1396,SIGMA!,オーストラリア,2655,DAIJRO,オーストラリア,0,,-
BISTROVER,Danza Aestas,0,,-,990,BE1357,オーストラリア,1529,MU,オーストラリア,2817,DAIJRO,オーストラリア,0,,-
BISTROVER,Dawn Saga,0,,-,935,BE1357,オーストラリア,1473,IIDX33,オーストラリア,2566,??,オーストラリア,0,,-
BISTROVER,DENIM,0,,-,232,LILI,オーストラリア,898,BLUE6,オーストラリア,1565,IIDX32,オーストラリア,0,,-
BISTROVER,Don't Stop The Music feat. Kanae Asaba,0,,-,340,LUTZ,オーストラリア,1086,BLUE6,オーストラリア,1818,BE1357,オーストラリア,0,,-
BISTROVER,DUAL STRIKER,0,,-,887,AAAAAA,オーストラリア,2277,IIDX33,オーストラリア,3754,&0X5A,オーストラリア,0,,-
BISTROVER,Empire of Fury,0,,-,967,BLUE6,オーストラリア,1825,ASHURA,オーストラリア,3115,JOHNNN,オーストラリア,0,,-
BISTROVER,Euphoric Lagoon,0,,-,862,BE1357,オーストラリア,1381,MU,オーストラリア,2445,??,オーストラリア,0,,-
BISTROVER,Explorer feat. ぷにぷに電機,0,,-,451,DAZED!,オーストラリア,0,,-,2085,N*MAKI,オーストラリア,2762,N*MAKI,オーストラリア
BISTROVER,Farewell to Marrakech,0,,-,889,BE1357,オーストラリア,1111,VON,オーストラリア,2134,BE1357,オーストラリア,0,,-
BISTROVER,Fire Beat,0,,-,448,BLUE6,オーストラリア,0,,-,2603,JOHNNN,オーストラリア,0,,-
BISTROVER,Frisk And Squeak,0,,-,0,,-,1192,YUXI7G,オーストラリア,2279,??,オーストラリア,0,,-
BISTROVER,GIGA RAID,0,,-,963,BE1357,オーストラリア,1188,DRSQAT,オーストラリア,2305,JOHNNN,オーストラリア,0,,-
BISTROVER,Globe Glitter,0,,-,1060,BE1357,オーストラリア,1336,YUXI7G,オーストラリア,2626,IIDX33,オーストラリア,0,,-
BISTROVER,Here We Are,0,,-,1070,BE1357,オーストラリア,1548,SHIREN,オーストラリア,2378,IIDX33,オーストラリア,0,,-
BISTROVER,HIGH VOLTAGE,0,,-,566,DAZED!,オーストラリア,1144,ANTH,オーストラリア,2151,RINDEX,オーストラリア,0,,-
BISTROVER,Ignis†Irae,0,,-,891,STV,オーストラリア,1294,ASHURA,オーストラリア,3414,JOHNNN,オーストラリア,0,,-
BISTROVER,IIDX RED Ending (Ryu☆Remix),0,,-,571,TAKUM,オーストラリア,800,BOOTH,オーストラリア,1554,NON0J!,オーストラリア,0,,-
BISTROVER,innocent revolver,0,,-,0,,-,2139,5H4UN,オーストラリア,3641,??,オーストラリア,0,,-
BISTROVER,Jungle Eater,0,,-,1011,BE1357,オーストラリア,1426,RTK,オーストラリア,2851,??,オーストラリア,0,,-
BISTROVER,LAST DAY,0,,-,0,,-,1387,STV,オーストラリア,2891,??,オーストラリア,0,,-
BISTROVER,Level 3,0,,-,896,MZNAKR,オーストラリア,2207,N*MAKI,オーストラリア,3178,JOHNNN,オーストラリア,0,,-
BISTROVER,LOCUS OF THE TRAVEL,0,,-,942,BLUE6,オーストラリア,2362,BE1357,オーストラリア,3348,??,オーストラリア,0,,-
BISTROVER,Lovely Howdy Cowboy!!,0,,-,0,,-,1124,SNAX,オーストラリア,2511,DAIJRO,オーストラリア,0,,-
BISTROVER,MA・TSU・RI,0,,-,752,QS36,オーストラリア,1275,STV,オーストラリア,2495,BE1357,オーストラリア,0,,-
BISTROVER,MEGAERA,0,,-,883,PZER0,オーストラリア,1393,APPURU,オーストラリア,3314,&0X5A,オーストラリア,0,,-
BISTROVER,Midnight Drive,0,,-,452,BURGER,オーストラリア,950,UNCHND,オーストラリア,1747,JOHNNN,オーストラリア,0,,-
BISTROVER,MOVE! (We Keep It Movin'),0,,-,140,HERP,オーストラリア,946,ZILCHO,オーストラリア,2040,??,オーストラリア,0,,-
BISTROVER,Neo Heritage,0,,-,0,,-,1230,AO508!,オーストラリア,2661,DAIJRO,オーストラリア,0,,-
BISTROVER,Ocean Blue feat. Luschel,0,,-,449,CLOWN,オーストラリア,1222,MU,オーストラリア,2393,N*MAKI,オーストラリア,0,,-
BISTROVER,of the first magnitude,0,,-,0,,-,1343,AO508!,オーストラリア,2813,??,オーストラリア,0,,-
BISTROVER,OTOKOZAKA,0,,-,563,KOKUYO,オーストラリア,1540,JO,オーストラリア,2771,IIDX33,オーストラリア,0,,-
BISTROVER,Overslept,0,,-,674,QS36,オーストラリア,1408,ASHURA,オーストラリア,2470,??,オーストラリア,0,,-
BISTROVER,Para siempre,0,,-,619,RINON!,オーストラリア,1279,RTK,オーストラリア,2645,IIDX33,オーストラリア,0,,-
BISTROVER,Parvati,0,,-,0,,-,1375,DRSQAT,オーストラリア,2654,JOHNNN,オーストラリア,0,,-
BISTROVER,POLKAMANIA,0,,-,706,PZER0,オーストラリア,1330,SP3000,オーストラリア,2650,RINDEX,オーストラリア,3409,??,オーストラリア
BISTROVER,Rejection Girl,0,,-,543,K,オーストラリア,1458,MU,オーストラリア,2556,BE1357,オーストラリア,0,,-
BISTROVER,Ritual of Anubis,0,,-,739,KORERI,オーストラリア,1538,ASHURA,オーストラリア,2692,IIDX33,オーストラリア,0,,-
BISTROVER,Romanticが止まらない,113,NERO,オーストラリア,878,STV,オーストラリア,1119,NEK,オーストラリア,2672,&0X5A,オーストラリア,0,,-
BISTROVER,rommmo,0,,-,585,QS36,オーストラリア,0,,-,3266,JOHNNN,オーストラリア,0,,-
BISTROVER,Rosa azuL,0,,-,0,,-,1618,IIDX33,オーストラリア,2603,??,オーストラリア,0,,-
BISTROVER,Rowdy,0,,-,0,,-,1247,RTK,オーストラリア,2463,N*MAKI,オーストラリア,0,,-
BISTROVER,Rubrum Piano,0,,-,458,SAMECO,オーストラリア,1426,IIDX33,オーストラリア,2361,JOHNNN,オーストラリア,0,,-
BISTROVER,S-Bahn,0,,-,0,,-,581,AO508!,オーストラリア,2115,RINDEX,オーストラリア,0,,-
BISTROVER,Sinus Iridum,0,,-,0,,-,1543,AAAAAA,オーストラリア,2722,JOHNNN,オーストラリア,0,,-
BISTROVER,smooooch・∀・ (Snail's House Remix),0,,-,624,WRUFF!,オーストラリア,1352,RTK,オーストラリア,2277,BE1357,オーストラリア,0,,-
BISTROVER,SOLID STATE SQUAD -RISEN RELIC REMIX-,0,,-,906,BLUE6,オーストラリア,2033,ASHURA,オーストラリア,3114,BE1357,オーストラリア,0,,-
BISTROVER,Sugarplum,0,,-,722,MIATA!,オーストラリア,1400,RTK,オーストラリア,2494,BE1357,オーストラリア,0,,-
BISTROVER,Swarm Of Scarabs,0,,-,936,STV,オーストラリア,1219,RTK,オーストラリア,2273,JOHNNN,オーストラリア,0,,-
BISTROVER,Tell me what you wish feat.らっぷびと,0,,-,410,ELENOR,オーストラリア,979,SARDS!,オーストラリア,2689,BE1357,オーストラリア,0,,-
BISTROVER,That Feeling,0,,-,463,KNIF3,オーストラリア,1095,ASHURA,オーストラリア,1847,??,オーストラリア,0,,-
BISTROVER,THE PEERLESS UNDER HEAVEN,0,,-,855,BLUE6,オーストラリア,1810,5H4UN,オーストラリア,3060,IIDX33,オーストラリア,0,,-
BISTROVER,The Wind of China Express(The 4th Mashup),0,,-,0,,-,1591,ASHURA,オーストラリア,2515,BE1357,オーストラリア,0,,-
BISTROVER,Tiempo Loco,0,,-,831,BLUE6,オーストラリア,1618,MU,オーストラリア,3611,&0X5A,オーストラリア,0,,-
BISTROVER,Viridian,0,,-,853,BLUE6,オーストラリア,1388,LXASLA,オーストラリア,3212,BE1357,オーストラリア,0,,-
BISTROVER,Vitrum,0,,-,0,,-,1218,AO508!,オーストラリア,3348,BE1357,オーストラリア,0,,-
BISTROVER,WAKE UP NOW,0,,-,0,,-,1386,DAIJRO,オーストラリア,1958,N*MAKI,オーストラリア,2428,IIDX33,オーストラリア
BISTROVER,When I Met U,0,,-,347,ELENOR,オーストラリア,1145,MIATA!,オーストラリア,2020,BE1357,オーストラリア,0,,-
BISTROVER,Winner's Proof ft. KANASA from bless4,149,KUR0MI,オーストラリア,0,,-,1060,BLUE6,オーストラリア,2148,??,オーストラリア,0,,-
BISTROVER,X-ray binary,0,,-,0,,-,1423,BOOTH,オーストラリア,2709,BE1357,オーストラリア,0,,-
BISTROVER,Zenith,0,,-,498,YUMI,オーストラリア,1269,DA3YAN,オーストラリア,1997,??,オーストラリア,0,,-
BISTROVER,∀,362,D*BEAR,オーストラリア,1115,DAIJRO,オーストラリア,2106,IIDX33,オーストラリア,3314,JOHNNN,オーストラリア,0,,-
BISTROVER,ここからよろしく大作戦143,145,CPJ,オーストラリア,404,DEVAN?,オーストラリア,1443,YUME,オーストラリア,2481,BE1357,オーストラリア,3068,DAIJRO,オーストラリア
BISTROVER,スーパー戦湯ババンバーン,0,,-,0,,-,1263,DRSQAT,オーストラリア,3147,BE1357,オーストラリア,0,,-
BISTROVER,ディスコルディア,0,,-,768,K,オーストラリア,1674,ASHURA,オーストラリア,3451,??,オーストラリア,0,,-
BISTROVER,バッド・スイーツ、バッド・ドリーム,0,,-,766,DAN,オーストラリア,1754,IIDX33,オーストラリア,3266,??,オーストラリア,0,,-
BISTROVER,世界の果てに約束の凱歌を -ReUnion-,0,,-,836,IIDX33,オーストラリア,1282,YUKI,オーストラリア,3595,JOHNNN,オーストラリア,0,,-
BISTROVER,乱膳の舞姫,0,,-,880,IIDX33,オーストラリア,1490,IIDX33,オーストラリア,2592,??,オーストラリア,0,,-
BISTROVER,二人ノ廃城幽踊宴,0,,-,0,,-,0,,-,3241,JOHNNN,オーストラリア,0,,-
BISTROVER,伐折羅-vajra-,0,,-,785,SHINER,オーストラリア,1951,IIDX33,オーストラリア,3510,&0X5A,オーストラリア,0,,-
BISTROVER,儚き恋の華,0,,-,885,VON,オーストラリア,1745,IIDX33,オーストラリア,2905,JOHNNN,オーストラリア,0,,-
BISTROVER,新宝島,473,MUGI26,オーストラリア,630,STV,オーストラリア,1297,IYAN99,オーストラリア,2186,BUTLER,オーストラリア,3342,BE1357,オーストラリア
BISTROVER,水無月の雫 ft. 小林まな,0,,-,631,IIDX33,オーストラリア,1575,YGRM11,オーストラリア,2523,BE1357,オーストラリア,0,,-
BISTROVER,水鏡の異界,0,,-,703,PZER0,オーストラリア,1103,LXASLA,オーストラリア,2859,BE1357,オーストラリア,0,,-
BISTROVER,涙のテ・エストラーニョ・ムーチョ,0,,-,0,,-,0,,-,2646,JOHNNN,オーストラリア,0,,-
BISTROVER,無意識のフィロソフィア,0,,-,655,SARDS!,オーストラリア,1832,ASHURA,オーストラリア,3218,??,オーストラリア,0,,-
BISTROVER,犬に雨傘,0,,-,0,,-,1047,YUKI,オーストラリア,1916,NO.7,オーストラリア,0,,-
BISTROVER,閠槞彁の願い,0,,-,771,BOOTH,オーストラリア,1576,OSCAR,オーストラリア,2917,BE1357,オーストラリア,0,,-
BISTROVER,霧幻メモリア,0,,-,653,YUKI,オーストラリア,879,SARDS!,オーストラリア,1971,BE1357,オーストラリア,0,,-
BISTROVER,魔法のかくれんぼ,0,,-,641,SARDS!,オーストラリア,1385,ASHURA,オーストラリア,2545,??,オーストラリア,0,,-
CastHour,10000 MILES AWAY,0,,-,494,CORN,オーストラリア,1596,IIDX33,オーストラリア,2827,IIDX33,オーストラリア,0,,-
CastHour,2 Beasts Unchained,0,,-,1082,BLUE6,オーストラリア,0,,-,3165,JOHNNN,オーストラリア,0,,-
CastHour,808monkey,0,,-,431,DAZED!,オーストラリア,0,,-,1128,SARDS!,オーストラリア,0,,-
CastHour,ABSOLUTE EVIL,218,VON,オーストラリア,963,Z,オーストラリア,2056,IIDX33,オーストラリア,3323,&0X5A,オーストラリア,0,,-
CastHour,Aftermath,0,,-,911,STV,オーストラリア,1958,JO,オーストラリア,3381,JOHNNN,オーストラリア,0,,-
CastHour,ALTERNATOR,0,,-,1159,VLD,オーストラリア,2464,BE1357,オーストラリア,3523,&0X5A,オーストラリア,0,,-
CastHour,AMICABLE,0,,-,1011,BE1357,オーストラリア,1317,MU,オーストラリア,2374,??,オーストラリア,0,,-
CastHour,ANEMONE,183,CPJ,オーストラリア,588,IIDX33,オーストラリア,1452,CANADA,オーストラリア,2125,BE1357,オーストラリア,0,,-
CastHour,Angel's Ladder,0,,-,886,IIDX33,オーストラリア,1761,MU,オーストラリア,3206,BE1357,オーストラリア,0,,-
CastHour,Ariah,0,,-,454,DAZED!,オーストラリア,1183,VLD,オーストラリア,2128,BE1357,オーストラリア,0,,-
CastHour,Arkadia,0,,-,1154,BE1357,オーストラリア,2050,BE1357,オーストラリア,3562,&0X5A,オーストラリア,0,,-
CastHour,Banger Banger Banger Banger,0,,-,952,BE1357,オーストラリア,1431,ASHURA,オーストラリア,2811,IIDX33,オーストラリア,0,,-
CastHour,Binary Black Hole,0,,-,953,IIDX33,オーストラリア,2256,N*MAKI,オーストラリア,3691,&0X5A,オーストラリア,0,,-
CastHour,Blue Bird feat. Kanae Asaba,0,,-,383,DAZED!,オーストラリア,989,IYAN99,オーストラリア,1710,DAIJRO,オーストラリア,0,,-
CastHour,Brave Spirits,0,,-,435,DAZED!,オーストラリア,1163,MU,オーストラリア,2370,BE1357,オーストラリア,0,,-
CastHour,DISPARATE,0,,-,1011,BE1357,オーストラリア,1198,BOOTH,オーストラリア,2307,N*MAKI,オーストラリア,0,,-
CastHour,Divine Heaven,0,,-,931,BE1357,オーストラリア,1794,ASHURA,オーストラリア,2791,IIDX33,オーストラリア,0,,-
CastHour,Don't believe the hype,0,,-,886,VON,オーストラリア,1646,ASHURA,オーストラリア,3058,IIDX33,オーストラリア,0,,-
CastHour,DREAM OF SPACE UFO ABDUCTION,0,,-,1076,BE1357,オーストラリア,1386,VON,オーストラリア,2628,JOHNNN,オーストラリア,0,,-
CastHour,Emera,0,,-,877,BE1357,オーストラリア,1471,7,オーストラリア,2213,DAIJRO,オーストラリア,0,,-
CastHour,EMOTiON TRiPPER,0,,-,935,BE1357,オーストラリア,1252,HARIBO,オーストラリア,2157,BE1357,オーストラリア,0,,-
CastHour,Ergosphere,0,,-,992,BE1357,オーストラリア,1436,STV,オーストラリア,2495,DAIJRO,オーストラリア,0,,-
CastHour,Fantastic Merry-Go-Round,0,,-,488,FJ,オーストラリア,1097,BOOTH,オーストラリア,2071,BE1357,オーストラリア,0,,-
CastHour,Fegrix,0,,-,883,YAWAWA,オーストラリア,1980,IIDX33,オーストラリア,3029,IIDX33,オーストラリア,0,,-
CastHour,FINALLY BLAZE,0,,-,921,BE1357,オーストラリア,1465,MU,オーストラリア,2684,IIDX33,オーストラリア,0,,-
CastHour,Flying Castle,0,,-,731,IIDX33,オーストラリア,2077,NON0J!,オーストラリア,3467,&0X5A,オーストラリア,0,,-
CastHour,Game Changers,0,,-,511,DAZED!,オーストラリア,1177,BLUE6,オーストラリア,2668,IIDX33,オーストラリア,0,,-
CastHour,"Get set, Go! feat.Kanae Asaba",0,,-,415,LEEK*,オーストラリア,1183,XYLKY-,オーストラリア,1966,DAIJRO,オーストラリア,0,,-
CastHour,GiGaGaHell,0,,-,830,MZNAKR,オーストラリア,1781,SEIKO*,オーストラリア,2774,BE1357,オーストラリア,0,,-
CastHour,GRAVITON,0,,-,754,TAKUM,オーストラリア,1772,SEIKO*,オーストラリア,3300,??,オーストラリア,0,,-
CastHour,hard-wired,0,,-,1243,STV,オーストラリア,1986,IIDX33,オーストラリア,3388,&0X5A,オーストラリア,0,,-
CastHour,Harmonia,0,,-,413,LEEK*,オーストラリア,1065,MU,オーストラリア,1988,BE1357,オーストラリア,0,,-
CastHour,Hat Surprise,0,,-,386,DAZED!,オーストラリア,1361,MU,オーストラリア,2363,JOHNNN,オーストラリア,0,,-
CastHour,HEARTACHE,0,,-,360,DAZED!,オーストラリア,857,DAIJRO,オーストラリア,1798,IIDX33,オーストラリア,0,,-
CastHour,kors k's How to make OTOGE CORE,0,,-,774,BE1357,オーストラリア,1234,OSCAR,オーストラリア,2127,JOHNNN,オーストラリア,0,,-
CastHour,Lawes's Parotia,0,,-,278,DEVAN?,オーストラリア,1481,ASHURA,オーストラリア,2420,??,オーストラリア,0,,-
CastHour,LIVE DRIVING!! feat. 花たん,0,,-,1339,STV,オーストラリア,2387,IIDX33,オーストラリア,3527,??,オーストラリア,0,,-
CastHour,N.O.,0,,-,0,,-,1160,VON,オーストラリア,2439,RINDEX,オーストラリア,0,,-
CastHour,n/a,0,,-,771,BLUE6,オーストラリア,1786,NON0J!,オーストラリア,3221,&0X5A,オーストラリア,0,,-
CastHour,No Day But Today!,293,PZER0,オーストラリア,0,,-,895,ZILCHO,オーストラリア,1888,BE1357,オーストラリア,0,,-
CastHour,Nocturnal 2097,0,,-,745,TAKUM,オーストラリア,1760,ASHURA,オーストラリア,2804,JOHNNN,オーストラリア,0,,-
CastHour,Non Stop Rock,0,,-,137,*LEN,オーストラリア,1017,SIGMA!,オーストラリア,1804,IIDX33,オーストラリア,0,,-
CastHour,One for All,0,,-,567,K,オーストラリア,1492,ASHURA,オーストラリア,3055,IIDX33,オーストラリア,0,,-
CastHour,Onyx,0,,-,0,,-,1257,MU,オーストラリア,2298,RINDEX,オーストラリア,0,,-
CastHour,P.O.W.E.R.,0,,-,683,KOKUYO,オーストラリア,1283,BLUE6,オーストラリア,2231,RINDEX,オーストラリア,0,,-
CastHour,PIRATES BLADE,0,,-,600,PORTAL,オーストラリア,794,INKY!!,オーストラリア,2049,??,オーストラリア,0,,-
CastHour,PLASMA SOUL NIGHT feat. Nana Takahashi / 709sec.,265,MEYU,オーストラリア,986,MZNAKR,オーストラリア,1872,IIDX33,オーストラリア,4208,??,オーストラリア,0,,-
CastHour,Pout,0,,-,795,IIDX33,オーストラリア,1456,OISHI,オーストラリア,2541,BE1357,オーストラリア,0,,-
CastHour,Prohibited Props,0,,-,940,STV,オーストラリア,1202,BLUE6,オーストラリア,2201,JOHNNN,オーストラリア,2717,??,オーストラリア
CastHour,Purple Perplex,0,,-,858,BLUE6,オーストラリア,1645,NON0J!,オーストラリア,2777,??,オーストラリア,0,,-
CastHour,Push on Beats!～音ゲの国のeX-ストリーマー～,0,,-,889,BLUE6,オーストラリア,1214,YUME,オーストラリア,3118,JOHNNN,オーストラリア,0,,-
CastHour,RAGE feat.H14 of LEONAIR,227,BEANOS,オーストラリア,915,IVOS!,オーストラリア,2159,N*MAKI,オーストラリア,3139,IIDX33,オーストラリア,0,,-
CastHour,Silver Bullet,0,,-,844,IIDX33,オーストラリア,1934,BE1357,オーストラリア,2978,JOHNNN,オーストラリア,0,,-
CastHour,Smalt #28598F,0,,-,856,BLUE6,オーストラリア,1888,ASHURA,オーストラリア,3212,??,オーストラリア,0,,-
CastHour,SOLID WYVERN,0,,-,764,QS36,オーストラリア,1168,LXASLA,オーストラリア,2518,BE1357,オーストラリア,3649,&0X5A,オーストラリア
CastHour,Souhait bleu,0,,-,600,IIDX33,オーストラリア,1667,ASHURA,オーストラリア,2632,BE1357,オーストラリア,0,,-
CastHour,SPARK IN THE NIGHT,0,,-,598,QS36,オーストラリア,1273,IIDX33,オーストラリア,2123,??,オーストラリア,0,,-
CastHour,Stepper,0,,-,422,LEEK*,オーストラリア,1402,ASHURA,オーストラリア,2099,??,オーストラリア,0,,-
CastHour,Tail Lights,0,,-,622,LEEK*,オーストラリア,1520,OISHI,オーストラリア,3004,??,オーストラリア,0,,-
CastHour,TOMAHAWK,0,,-,915,IIDX33,オーストラリア,1941,SEIKO*,オーストラリア,3268,IIDX33,オーストラリア,0,,-
CastHour,Triple Cross,427,IIDX33,オーストラリア,938,ASAYK,オーストラリア,1921,NAYNAY,オーストラリア,3122,BE1357,オーストラリア,0,,-
CastHour,Ventriloquist,0,,-,508,PZER0,オーストラリア,1383,ASHURA,オーストラリア,2370,N*MAKI,オーストラリア,0,,-
CastHour,Victory Of Ravers,0,,-,646,K,オーストラリア,1393,BLUE6,オーストラリア,2478,JOHNNN,オーストラリア,0,,-
CastHour,WHA,0,,-,992,MIATA!,オーストラリア,1890,IIDX33,オーストラリア,3305,BE1357,オーストラリア,0,,-
CastHour,Wonderful Escape,0,,-,463,K,オーストラリア,1174,BLUE6,オーストラリア,2026,RINDEX,オーストラリア,0,,-
CastHour,Xyndrome,0,,-,874,XYLKY-,オーストラリア,1252,9*****,オーストラリア,2819,IIDX33,オーストラリア,0,,-
CastHour,《GRANDMASTER》,0,,-,820,BLUE6,オーストラリア,1370,OSCAR,オーストラリア,2820,BE1357,オーストラリア,0,,-
CastHour,めでてえ,0,,-,841,MZNAKR,オーストラリア,1388,SUNOW,オーストラリア,2529,N*MAKI,オーストラリア,0,,-
CastHour,アクマフカ,0,,-,0,,-,0,,-,2148,DAIJRO,オーストラリア,0,,-
CastHour,ウツシミウツシ,0,,-,0,,-,1910,IIDX33,オーストラリア,2819,IIDX33,オーストラリア,0,,-
CastHour,オドループ,427,ASHURA,オーストラリア,899,Z,オーストラリア,1317,OISHI,オーストラリア,2314,N*MAKI,オーストラリア,2980,BE1357,オーストラリア
CastHour,オールトの雲,0,,-,789,YUKI,オーストラリア,1934,IIDX33,オーストラリア,2565,N*MAKI,オーストラリア,0,,-
CastHour,グッバイ宣言,489,ALTA,オーストラリア,933,STV,オーストラリア,1662,NAYNAY,オーストラリア,3022,JOHNNN,オーストラリア,3593,&0X5A,オーストラリア
CastHour,シル・ヴ・プレジデント,221,NTHNG,オーストラリア,533,SAMECO,オーストラリア,1203,DAIJRO,オーストラリア,1779,BE1357,オーストラリア,2528,BE1357,オーストラリア
CastHour,ナイトフィクション,0,,-,431,CLOWN,オーストラリア,1326,YGRM11,オーストラリア,2134,BE1357,オーストラリア,0,,-
CastHour,ハイテックトキオ,0,,-,766,SARDS!,オーストラリア,1305,KOOL,オーストラリア,2564,??,オーストラリア,3068,JOHNNN,オーストラリア
CastHour,"ピアノ独奏無言歌 ""灰燼""",0,,-,943,IIDX33,オーストラリア,2101,??,オーストラリア,2487,??,オーストラリア,0,,-
CastHour,ミュージック・アワー,430,WRUFF!,オーストラリア,667,RINON!,オーストラリア,1904,IIDX33,オーストラリア,2883,JOHNNN,オーストラリア,3862,JOHNNN,オーストラリア
CastHour,口カラ凸ゲキ,0,,-,588,LEEK*,オーストラリア,1176,IVOS!,オーストラリア,2314,IIDX33,オーストラリア,0,,-
CastHour,天邪鬼,295,A,オーストラリア,801,BLUE6,オーストラリア,1611,IIDX33,オーストラリア,3150,??,オーストラリア,0,,-
CastHour,怪物,244,JGLF,オーストラリア,622,VON,オーストラリア,1179,N*MAKI,オーストラリア,2380,BE1357,オーストラリア,3209,IIDX33,オーストラリア
CastHour,愛しくてラヴィンユー ft. マナ,0,,-,331,DEMIDR,オーストラリア,1162,IMABOT,オーストラリア,2351,BE1357,オーストラリア,0,,-
CastHour,月とミルク,0,,-,834,MZNAKR,オーストラリア,1512,IIDX33,オーストラリア,2702,JOHNNN,オーストラリア,0,,-
CastHour,烽火連天の刃,0,,-,0,,-,1750,PEPSIN,オーストラリア,3190,JOHNNN,オーストラリア,3919,??,オーストラリア
CastHour,禊,0,,-,824,BLUE6,オーストラリア,1827,ASHURA,オーストラリア,3001,??,オーストラリア,0,,-
CastHour,逆月,0,,-,1329,YUXI7G,オーストラリア,2193,IIDX33,オーストラリア,3481,??,オーストラリア,0,,-
CastHour,雪上断火,0,,-,0,,-,1748,BE1357,オーストラリア,2770,IIDX33,オーストラリア,0,,-
CastHour,青の洞窟,0,,-,347,K,オーストラリア,1679,ASHURA,オーストラリア,2970,??,オーストラリア,0,,-
CastHour,黒紅掬い,0,,-,0,,-,1011,VON,オーストラリア,1784,N*MAKI,オーストラリア,0,,-
RESIDENT,#CMFLG,0,,-,893,BLUE6,オーストラリア,2005,ASHURA,オーストラリア,3236,JOHNNN,オーストラリア,0,,-
RESIDENT,24h Endurance Race,0,,-,624,K,オーストラリア,1924,IIDX33,オーストラリア,3140,??,オーストラリア,0,,-
RESIDENT,3V0,0,,-,0,,-,1695,IIDX33,オーストラリア,2885,IIDX33,オーストラリア,0,,-
RESIDENT,7 Colors,0,,-,554,TAKUM,オーストラリア,1191,DAIJRO,オーストラリア,1913,BE1357,オーストラリア,0,,-
RESIDENT,Always We Trust In You,0,,-,144,POOPIE,オーストラリア,1777,BE1357,オーストラリア,2998,??,オーストラリア,0,,-
RESIDENT,Ambush Ace,0,,-,1068,BE1357,オーストラリア,2096,BE1357,オーストラリア,2887,BE1357,オーストラリア,0,,-
RESIDENT,AWA AWA,0,,-,498,KAIZA,オーストラリア,1133,ASHURA,オーストラリア,2204,??,オーストラリア,0,,-
RESIDENT,B.O.D.Y.,0,,-,623,IIDX33,オーストラリア,2007,RINDEX,オーストラリア,3235,BE1357,オーストラリア,0,,-
RESIDENT,Bad Encryption,0,,-,988,STV,オーストラリア,1611,ASHURA,オーストラリア,2913,&0X5A,オーストラリア,0,,-
RESIDENT,Beyond Evolution,0,,-,1249,STV,オーストラリア,2233,#BURU#,オーストラリア,3282,BE1357,オーストラリア,0,,-
RESIDENT,BIGWAVERS,0,,-,0,,-,1556,MU,オーストラリア,3339,??,オーストラリア,0,,-
RESIDENT,C-C-C-N-N-N,0,,-,974,BE1357,オーストラリア,1331,STV,オーストラリア,2641,N*MAKI,オーストラリア,0,,-
RESIDENT,Caldwell 99,0,,-,732,SARDS!,オーストラリア,1591,MU,オーストラリア,2390,BE1357,オーストラリア,3076,JOHNNN,オーストラリア
RESIDENT,Chaotoxin,0,,-,1173,BE1357,オーストラリア,1329,STV,オーストラリア,3179,BE1357,オーストラリア,0,,-
RESIDENT,CODE -CRiMSON-,0,,-,630,EDX,オーストラリア,1425,OISHI,オーストラリア,2830,BE1357,オーストラリア,0,,-
RESIDENT,CUE CUE RESCUE,442,ADDI,オーストラリア,1121,BE1357,オーストラリア,1569,NAYNAY,オーストラリア,2492,BE1357,オーストラリア,2993,JOHNNN,オーストラリア
RESIDENT,dica dica,0,,-,1158,BE1357,オーストラリア,2183,IIDX33,オーストラリア,2983,JOHNNN,オーストラリア,0,,-
RESIDENT,Dreaming Dream,0,,-,554,YUKI,オーストラリア,1120,BLUE6,オーストラリア,2205,JOHNNN,オーストラリア,0,,-
RESIDENT,Driver,0,,-,882,BE1357,オーストラリア,983,VLD,オーストラリア,1733,N*MAKI,オーストラリア,0,,-
RESIDENT,EXODUS SIGN,0,,-,967,BLUE6,オーストラリア,1374,ASHURA,オーストラリア,2502,JOHNNN,オーストラリア,0,,-
RESIDENT,Fading Stars,0,,-,1088,BE1357,オーストラリア,1345,RTK,オーストラリア,2553,IIDX33,オーストラリア,0,,-
RESIDENT,FLARE -炎舞- ft.Nana Takahashi,0,,-,1100,BE1357,オーストラリア,1477,BLUE6,オーストラリア,2762,BE1357,オーストラリア,0,,-
RESIDENT,Get On Your Feet,0,,-,1120,BE1357,オーストラリア,1662,IIDX33,オーストラリア,2613,RINDEX,オーストラリア,0,,-
RESIDENT,GET UP AGAIN,0,,-,0,,-,1641,IIDX33,オーストラリア,2379,BE1357,オーストラリア,0,,-
RESIDENT,glacia,0,,-,1015,STV,オーストラリア,1464,SARDS!,オーストラリア,2907,&0X5A,オーストラリア,0,,-
RESIDENT,Hat Surprise (Season 2),0,,-,989,BE1357,オーストラリア,1410,ENODEN,オーストラリア,3194,??,オーストラリア,0,,-
RESIDENT,I,0,,-,858,IIDX33,オーストラリア,1977,ASHURA,オーストラリア,3443,BE1357,オーストラリア,0,,-
RESIDENT,KING,367,G4142,オーストラリア,816,TAKUM,オーストラリア,1823,IIDX33,オーストラリア,3005,JOHNNN,オーストラリア,3786,JOHNNN,オーストラリア
RESIDENT,kors k's How to make OTOGE CORE 「LONG」,0,,-,707,SARDS!,オーストラリア,2163,IIDX33,オーストラリア,3348,??,オーストラリア,0,,-
RESIDENT,LADS,0,,-,923,BE1357,オーストラリア,1263,AO508!,オーストラリア,2112,NON0J!,オーストラリア,0,,-
RESIDENT,Level 4,0,,-,817,IIDX33,オーストラリア,1985,IIDX33,オーストラリア,3241,IIDX33,オーストラリア,0,,-
RESIDENT,LOUDER ROLLING THUNDER,0,,-,570,K,オーストラリア,1748,7,オーストラリア,3014,BE1357,オーストラリア,0,,-
RESIDENT,MAX 360,0,,-,1070,STV,オーストラリア,2229,N*MAKI,オーストラリア,2930,JOHNNN,オーストラリア,0,,-
RESIDENT,Meissa,0,,-,0,,-,1608,DAIJRO,オーストラリア,2682,BE1357,オーストラリア,0,,-
RESIDENT,Next Level,0,,-,609,MZNAKR,オーストラリア,1392,YGRM11,オーストラリア,2133,N*MAKI,オーストラリア,0,,-
RESIDENT,No Border,0,,-,727,QS36,オーストラリア,1768,T5OVND,オーストラリア,3523,BE1357,オーストラリア,0,,-
RESIDENT,ONE AND ONLY,0,,-,899,DJLANI,オーストラリア,1559,IIDX33,オーストラリア,2979,JOHNNN,オーストラリア,0,,-
RESIDENT,Ou Legends,0,,-,0,,-,1747,IIDX33,オーストラリア,3028,BE1357,オーストラリア,0,,-
RESIDENT,OVER VOLTAGE,0,,-,912,KORERI,オーストラリア,1597,IIDX33,オーストラリア,2469,RINDEX,オーストラリア,0,,-
RESIDENT,Peaktime Booster,0,,-,807,VON,オーストラリア,1238,BLUE6,オーストラリア,2978,IIDX33,オーストラリア,0,,-
RESIDENT,Perfect Plan,0,,-,638,QS36,オーストラリア,1536,ASHURA,オーストラリア,2485,IIDX33,オーストラリア,0,,-
RESIDENT,Programmed Genom,0,,-,0,,-,1294,STV,オーストラリア,2342,JOHNNN,オーストラリア,0,,-
RESIDENT,Red Soul,0,,-,880,SIGMA!,オーストラリア,1217,OISHI,オーストラリア,2659,IIDX33,オーストラリア,0,,-
RESIDENT,Rewind Time,0,,-,592,TAKUM,オーストラリア,1099,VON,オーストラリア,2126,RINDEX,オーストラリア,0,,-
RESIDENT,RINNE,0,,-,0,,-,2102,NON0J!,オーストラリア,3366,&0X5A,オーストラリア,0,,-
RESIDENT,Ruler or Loser,0,,-,557,LEEK*,オーストラリア,1271,IVOS!,オーストラリア,2545,BE1357,オーストラリア,0,,-
RESIDENT,Seraph,0,,-,540,YUMI,オーストラリア,1708,IIDX33,オーストラリア,2404,N*MAKI,オーストラリア,0,,-
RESIDENT,Shadow World,0,,-,522,K,オーストラリア,1424,Y.,オーストラリア,2673,BE1357,オーストラリア,0,,-
RESIDENT,Shamshir,0,,-,655,IIDX33,オーストラリア,1203,IIDX33,オーストラリア,2070,IIDX33,オーストラリア,0,,-
RESIDENT,Somnidiscotheque,0,,-,1082,SIGMA!,オーストラリア,1855,RINDEX,オーストラリア,2975,&0X5A,オーストラリア,0,,-
RESIDENT,STAR BEAT,0,,-,0,,-,1491,MU,オーストラリア,2290,BE1357,オーストラリア,0,,-
RESIDENT,STRAIGHT TO THE STARS,0,,-,573,SARDS!,オーストラリア,1605,IIDX33,オーストラリア,2853,BE1357,オーストラリア,0,,-
RESIDENT,Stylus,0,,-,0,,-,1604,MU,オーストラリア,2714,??,オーストラリア,0,,-
RESIDENT,Summerblue,228,G4142,オーストラリア,822,TAKUM,オーストラリア,1574,IIDX33,オーストラリア,2329,BE1357,オーストラリア,0,,-
RESIDENT,Sunny Day Vibes,0,,-,726,BLUE6,オーストラリア,1460,MU,オーストラリア,2232,BE1357,オーストラリア,0,,-
RESIDENT,Super Freak,0,,-,968,MIATA!,オーストラリア,1785,IIDX33,オーストラリア,3232,BE1357,オーストラリア,0,,-
RESIDENT,suspicions,0,,-,788,IIDX33,オーストラリア,1532,MIATA!,オーストラリア,3555,??,オーストラリア,0,,-
RESIDENT,Swing My Wonderland,0,,-,19,D*BEAR,オーストラリア,0,,-,3027,BE1357,オーストラリア,0,,-
RESIDENT,TECHNOPHOBIA,0,,-,603,K,オーストラリア,1441,MU,オーストラリア,2851,JOHNNN,オーストラリア,0,,-
RESIDENT,The Clown of 24stairs,0,,-,849,IMABOT,オーストラリア,2205,IIDX33,オーストラリア,3063,JOHNNN,オーストラリア,0,,-
RESIDENT,THE TIME MACHINE,0,,-,873,STV,オーストラリア,1490,ASHURA,オーストラリア,2556,BE1357,オーストラリア,0,,-
RESIDENT,VOID,0,,-,0,,-,1429,ASHURA,オーストラリア,2805,DAIJRO,オーストラリア,0,,-
RESIDENT,VOLAQUAS,0,,-,1197,STV,オーストラリア,1850,ASHURA,オーストラリア,3550,JOHNNN,オーストラリア,0,,-
RESIDENT,VOLCANIC BIGBEAT,0,,-,0,,-,1519,ASHURA,オーストラリア,2609,IIDX33,オーストラリア,0,,-
RESIDENT,"wanna be a ""BAD GIRL"" feat. Nana Takahashi",0,,-,502,CLOWN,オーストラリア,974,AAAAAA,オーストラリア,2022,N*MAKI,オーストラリア,0,,-
RESIDENT,With You,0,,-,658,VON,オーストラリア,1329,RTK,オーストラリア,2426,RINDEX,オーストラリア,0,,-
RESIDENT,Xerulean,0,,-,977,BOOTH,オーストラリア,1625,ASHURA,オーストラリア,3165,??,オーストラリア,0,,-
RESIDENT,ZENITH,0,,-,898,VON,オーストラリア,1777,IIDX33,オーストラリア,2838,BE1357,オーストラリア,0,,-
RESIDENT,[ ]DENTITY,0,,-,864,IIDX33,オーストラリア,1901,IYAN99,オーストラリア,3580,JOHNNN,オーストラリア,0,,-
RESIDENT,≡+≡,312,ELENOR,オーストラリア,1162,AO508!,オーストラリア,1947,NON0J!,オーストラリア,2886,IIDX33,オーストラリア,4231,JOHNNN,オーストラリア
RESIDENT,■□模様,0,,-,713,QS36,オーストラリア,0,,-,2457,??,オーストラリア,0,,-
RESIDENT,《ORDERBREAKER》,0,,-,0,,-,1335,MU,オーストラリア,2325,IIDX33,オーストラリア,0,,-
RESIDENT,あるビー！ feat.ころねぽち,0,,-,841,GUM0M0,オーストラリア,1512,STV,オーストラリア,2695,??,オーストラリア,0,,-
RESIDENT,おとせサンダー,157,AXEL*!,オーストラリア,510,PZER0,オーストラリア,1036,GRILL,オーストラリア,2130,BE1357,オーストラリア,0,,-
RESIDENT,きゅんです。,0,,-,512,K,オーストラリア,1160,BOOTH,オーストラリア,2324,N*MAKI,オーストラリア,0,,-
RESIDENT,ぞうしょく！？マイデンティティ,0,,-,1141,STV,オーストラリア,1485,BLUE6,オーストラリア,3407,??,オーストラリア,0,,-
RESIDENT,ちょえちょえまぎか,0,,-,1090,XYLKY-,オーストラリア,1943,ASHURA,オーストラリア,2922,BE1357,オーストラリア,4042,&0X5A,オーストラリア
RESIDENT,サヨナラ・ヘヴン-Celtic Chip Dance Mix-,0,,-,388,D*BEAR,オーストラリア,1310,SUNOW,オーストラリア,2418,??,オーストラリア,0,,-
RESIDENT,チェイスチェイスジョーカーズのうた (オニスタイルリミックス),0,,-,784,BOOTH,オーストラリア,1362,WAGYU,オーストラリア,2554,??,オーストラリア,0,,-
RESIDENT,パーフェクトイーター,0,,-,470,SPGTTI,オーストラリア,1514,YUME,オーストラリア,2911,BE1357,オーストラリア,0,,-
RESIDENT,儚キ戀ノ幻想譚,439,CARTZ*,オーストラリア,1309,STV,オーストラリア,2194,N*MAKI,オーストラリア,3350,??,オーストラリア,0,,-
RESIDENT,少年リップルズ,0,,-,673,IIDX33,オーストラリア,1420,APPURU,オーストラリア,2394,BE1357,オーストラリア,0,,-
RESIDENT,恋愛＝精度×認識力,0,,-,1133,IIDX33,オーストラリア,2049,NON0J!,オーストラリア,3163,JOHNNN,オーストラリア,0,,-
RESIDENT,惑星☆ロリポップ,0,,-,541,NTHNG,オーストラリア,1470,IIDX33,オーストラリア,2716,JOHNNN,オーストラリア,0,,-
RESIDENT,昏き甲鉄のヴェルガ,0,,-,661,QS36,オーストラリア,1593,DAIJRO,オーストラリア,2306,DAIJRO,オーストラリア,0,,-
RESIDENT,月と夢の跡 ft. マナ,0,,-,549,SARDS!,オーストラリア,956,NEK,オーストラリア,2434,N*MAKI,オーストラリア,0,,-
RESIDENT,栄冠のカンパネラ,0,,-,1059,VON,オーストラリア,1963,NON0J!,オーストラリア,3573,??,オーストラリア,0,,-
RESIDENT,楽園追放,0,,-,671,QS36,オーストラリア,820,INKY!!,オーストラリア,2273,N*MAKI,オーストラリア,0,,-
RESIDENT,湘南ロンリーMIDNIGHT RAIN,0,,-,584,PORTAL,オーストラリア,0,,-,2758,DAIJRO,オーストラリア,0,,-
RESIDENT,異心前進♪ぴょんぴょんぴょん,0,,-,802,IIDX33,オーストラリア,1272,VON,オーストラリア,2450,N*MAKI,オーストラリア,0,,-
RESIDENT,真夜中のバベル,0,,-,414,DEVAN?,オーストラリア,825,VLD,オーストラリア,1632,DAIJRO,オーストラリア,0,,-
RESIDENT,神っぽいな,282,SHORNK,オーストラリア,609,QS36,オーストラリア,1215,MTHIT0,オーストラリア,2064,BE1357,オーストラリア,2850,JOHNNN,オーストラリア
RESIDENT,神のシナリオ,0,,-,800,IIDX33,オーストラリア,1589,IIDX33,オーストラリア,3075,BE1357,オーストラリア,0,,-
RESIDENT,罪過の聖堂,0,,-,448,QS36,オーストラリア,1146,NON0J!,オーストラリア,1696,NON0J!,オーストラリア,0,,-
RESIDENT,輪廻の鴉,0,,-,697,QS36,オーストラリア,1413,WAGYU,オーストラリア,2691,IIDX33,オーストラリア,0,,-
RESIDENT,雨のちパノラマセカイ,0,,-,512,PZER0,オーストラリア,889,QS36,オーストラリア,2163,BE1357,オーストラリア,0,,-
RESIDENT,響花水月,0,,-,887,VON,オーストラリア,1774,IIDX33,オーストラリア,2820,BE1357,オーストラリア,0,,-
EPOLIS,20XX,0,,-,897,KOOL,オーストラリア,1494,MU,オーストラリア,2545,BE1357,オーストラリア,0,,-
EPOLIS,ACT0,0,,-,726,QS36,オーストラリア,1814,MU,オーストラリア,2839,BE1357,オーストラリア,0,,-
EPOLIS,Aeterna,0,,-,635,DAZED!,オーストラリア,1582,BE1357,オーストラリア,2532,BE1357,オーストラリア,0,,-
EPOLIS,Akatsuki,0,,-,997,BE1357,オーストラリア,1457,XYLKY-,オーストラリア,2207,??,オーストラリア,0,,-
EPOLIS,Ambivalent Vermilia,0,,-,1342,XYLKY-,オーストラリア,2165,5H4UN,オーストラリア,3826,&0X5A,オーストラリア,0,,-
EPOLIS,Amethyst,0,,-,877,VLD,オーストラリア,1828,BE1357,オーストラリア,2496,IIDX33,オーストラリア,0,,-
EPOLIS,Bitter & Lucky,0,,-,597,SAMECO,オーストラリア,1112,RTK,オーストラリア,2118,??,オーストラリア,0,,-
EPOLIS,BLAZING_LAZER,0,,-,915,Z,オーストラリア,1914,IIDX33,オーストラリア,3190,JOHNNN,オーストラリア,0,,-
EPOLIS,CADENZA,0,,-,1307,MU,オーストラリア,2369,IIDX33,オーストラリア,4226,JOHNNN,オーストラリア,0,,-
EPOLIS,Chemical Colours,0,,-,1021,BE1357,オーストラリア,1783,ASHURA,オーストラリア,2688,RINDEX,オーストラリア,0,,-
EPOLIS,CODE:2,0,,-,1064,BE1357,オーストラリア,1602,IIDX33,オーストラリア,2822,IIDX33,オーストラリア,0,,-
EPOLIS,COUNTING SHEEP ft. Kanae Asaba,0,,-,641,KEIZ0,オーストラリア,1291,DAIJRO,オーストラリア,2183,&0X5A,オーストラリア,0,,-
EPOLIS,Cult Invitation,0,,-,897,STV,オーストラリア,1843,IIDX33,オーストラリア,3193,IIDX33,オーストラリア,0,,-
EPOLIS,Dahlia,0,,-,628,IIDX33,オーストラリア,1745,ASHURA,オーストラリア,2932,BE1357,オーストラリア,0,,-
EPOLIS,DAZZLE ATTACK,324,MSTRDP,オーストラリア,967,BE1357,オーストラリア,1484,CANADA,オーストラリア,2759,??,オーストラリア,0,,-
EPOLIS,Deep Sea Mystery,0,,-,878,SIGMA!,オーストラリア,1231,MU,オーストラリア,1906,N*MAKI,オーストラリア,0,,-
EPOLIS,Demon March,0,,-,1138,BLUE6,オーストラリア,1861,ASHURA,オーストラリア,3491,&0X5A,オーストラリア,0,,-
EPOLIS,Echoes of Sunfall,0,,-,1014,BE1357,オーストラリア,1300,BLUE6,オーストラリア,2842,BE1357,オーストラリア,0,,-
EPOLIS,frequent,0,,-,1312,BE1357,オーストラリア,0,,-,3585,JOHNNN,オーストラリア,0,,-
EPOLIS,GAME ON,0,,-,1010,VON,オーストラリア,1984,IIDX33,オーストラリア,2604,IIDX33,オーストラリア,0,,-
EPOLIS,Get Higher,0,,-,726,QS36,オーストラリア,1580,IIDX33,オーストラリア,2265,BE1357,オーストラリア,0,,-
EPOLIS,Get Wicked,0,,-,896,BE1357,オーストラリア,1321,MU,オーストラリア,2368,??,オーストラリア,0,,-
EPOLIS,Ghost Pulse,0,,-,491,K,オーストラリア,1438,ASHURA,オーストラリア,2677,??,オーストラリア,0,,-
EPOLIS,Glitch N Ride,0,,-,616,VON,オーストラリア,1250,ASHURA,オーストラリア,2314,JOHNNN,オーストラリア,0,,-
EPOLIS,GloriosA,0,,-,0,,-,1727,MU,オーストラリア,2770,BE1357,オーストラリア,0,,-
EPOLIS,GLORIOUS HAMMER,0,,-,790,STV,オーストラリア,1697,ASHURA,オーストラリア,2875,DAIJRO,オーストラリア,0,,-
EPOLIS,Hard Breaker,0,,-,502,DAZED!,オーストラリア,1258,STV,オーストラリア,2403,DAIJRO,オーストラリア,0,,-
EPOLIS,Hat Surprise (Season 3),0,,-,1014,BOOTH,オーストラリア,1713,MU,オーストラリア,2583,BE1357,オーストラリア,0,,-
EPOLIS,i-ii,0,,-,899,DJLANI,オーストラリア,1181,BLUE6,オーストラリア,2784,BE1357,オーストラリア,0,,-
EPOLIS,INHERITANCE,0,,-,0,,-,1711,IIDX33,オーストラリア,2710,BE1357,オーストラリア,3414,&0X5A,オーストラリア
EPOLIS,Iris,265,STIONK,オーストラリア,709,ALTA,オーストラリア,1061,VON,オーストラリア,2189,BE1357,オーストラリア,0,,-
EPOLIS,Jumper,0,,-,595,DAZED!,オーストラリア,1159,RTK,オーストラリア,2330,BE1357,オーストラリア,0,,-
EPOLIS,Just Gimme,0,,-,956,BE1357,オーストラリア,1541,IIDX33,オーストラリア,2633,IIDX33,オーストラリア,0,,-
EPOLIS,JUSTICE/GUILTY feat. Nana Takahashi & 709sec.,0,,-,1427,DRSQAT,オーストラリア,2126,JO,オーストラリア,3666,DAIJRO,オーストラリア,0,,-
EPOLIS,Level 5,0,,-,1041,VON,オーストラリア,2386,IIDX33,オーストラリア,3220,IIDX33,オーストラリア,0,,-
EPOLIS,MAXIMUM CHEAT GIRL,0,,-,1044,DJLANI,オーストラリア,2039,N*MAKI,オーストラリア,3328,JOHNNN,オーストラリア,0,,-
EPOLIS,Million Dollar,0,,-,681,QS36,オーストラリア,1623,MU,オーストラリア,3310,&0X5A,オーストラリア,0,,-
EPOLIS,Monkey Business,0,,-,0,,-,993,ZILCHO,オーストラリア,2440,IIDX33,オーストラリア,0,,-
EPOLIS,Mukade,0,,-,891,DJLANI,オーストラリア,1560,MU,オーストラリア,3044,JOHNNN,オーストラリア,0,,-
EPOLIS,My Sweet Bird?,0,,-,0,,-,1330,STV,オーストラリア,2132,BE1357,オーストラリア,0,,-
EPOLIS,NEEDLESS MY LOVE FOR YOU,0,,-,704,IIDX33,オーストラリア,1376,STV,オーストラリア,2430,BE1357,オーストラリア,0,,-
EPOLIS,Out of Control,0,,-,678,K,オーストラリア,1769,ASHURA,オーストラリア,2913,BE1357,オーストラリア,0,,-
EPOLIS,out of disk space,0,,-,827,VON,オーストラリア,1513,STV,オーストラリア,2509,IIDX33,オーストラリア,0,,-
EPOLIS,PILGRIM,0,,-,584,KNIF3,オーストラリア,1509,MU,オーストラリア,2598,BE1357,オーストラリア,0,,-
EPOLIS,Psychedelic Intelligence,0,,-,0,,-,917,CHUNKS,オーストラリア,1777,IIDX33,オーストラリア,0,,-
EPOLIS,Red Determination,0,,-,834,BLUE6,オーストラリア,1316,ASHURA,オーストラリア,2513,IIDX33,オーストラリア,0,,-
EPOLIS,Resonant,0,,-,704,LEEK*,オーストラリア,2318,IIDX33,オーストラリア,3350,JOHNNN,オーストラリア,0,,-
EPOLIS,Riff//rain,0,,-,525,QS36,オーストラリア,1084,STV,オーストラリア,1801,BE1357,オーストラリア,0,,-
EPOLIS,See You Again,0,,-,822,WRUFF!,オーストラリア,1476,STV,オーストラリア,3005,IIDX33,オーストラリア,0,,-
EPOLIS,Seven Times Four,0,,-,651,KOKUYO,オーストラリア,1461,STV,オーストラリア,3231,??,オーストラリア,0,,-
EPOLIS,Shapeshifter,0,,-,759,QS36,オーストラリア,1449,ASHURA,オーストラリア,2330,??,オーストラリア,0,,-
EPOLIS,Sirius,0,,-,0,,-,1359,MU,オーストラリア,3049,BE1357,オーストラリア,0,,-
EPOLIS,So What,0,,-,427,JJ,オーストラリア,870,MR.K,オーストラリア,1682,??,オーストラリア,0,,-
EPOLIS,SOLAR ECLIPSE,0,,-,1165,DJLANI,オーストラリア,2341,IIDX33,オーストラリア,3274,??,オーストラリア,0,,-
EPOLIS,Speculation,0,,-,577,AAAAAA,オーストラリア,1631,IIDX33,オーストラリア,2835,BE1357,オーストラリア,0,,-
EPOLIS,squall,0,,-,877,STV,オーストラリア,1483,ASHURA,オーストラリア,2566,IIDX33,オーストラリア,0,,-
EPOLIS,Stereo Beasts,0,,-,881,K,オーストラリア,2312,5H4UN,オーストラリア,3499,??,オーストラリア,0,,-
EPOLIS,Submerge Serenade,0,,-,773,ASHYYY,オーストラリア,1632,DA3YAN,オーストラリア,2814,??,オーストラリア,3841,??,オーストラリア
EPOLIS,Sword of Vengeance,0,,-,1164,STV,オーストラリア,1990,IIDX33,オーストラリア,3145,&0X5A,オーストラリア,0,,-
EPOLIS,T.R.O.L.L.,0,,-,816,DJLANI,オーストラリア,1191,AXP-43,オーストラリア,2417,BE1357,オーストラリア,0,,-
EPOLIS,The Last Apocalypse,0,,-,1151,VON,オーストラリア,2492,IIDX33,オーストラリア,3424,BE1357,オーストラリア,0,,-
EPOLIS,The Onlyonez,0,,-,885,STV,オーストラリア,1607,IIDX33,オーストラリア,3032,IIDX33,オーストラリア,0,,-
EPOLIS,This Is Club Musik feat. 大久保紅葉,0,,-,893,DJLANI,オーストラリア,1154,BLUE6,オーストラリア,2404,DAIJRO,オーストラリア,0,,-
EPOLIS,Time Distortion pt.2(IIDX Edit),0,,-,1177,STV,オーストラリア,1816,IIDX33,オーストラリア,2876,??,オーストラリア,0,,-
EPOLIS,TITANIUM RIDERS,0,,-,484,PZER0,オーストラリア,1260,MU,オーストラリア,2076,BE1357,オーストラリア,0,,-
EPOLIS,Too Late Snow,0,,-,534,NAM.C,オーストラリア,1070,IIDX33,オーストラリア,1965,JOHNNN,オーストラリア,0,,-
EPOLIS,TRIP THE DEEP,0,,-,767,VON,オーストラリア,1460,ASHURA,オーストラリア,2342,RINDEX,オーストラリア,0,,-
EPOLIS,Tripping Jumping,0,,-,695,BURGER,オーストラリア,1429,IIDX33,オーストラリア,2208,IIDX33,オーストラリア,0,,-
EPOLIS,Vermilion Carol,0,,-,1133,STV,オーストラリア,2038,NON0J!,オーストラリア,3402,BE1357,オーストラリア,0,,-
EPOLIS,Vulnerability,0,,-,1196,BE1357,オーストラリア,1891,IIDX33,オーストラリア,3368,??,オーストラリア,0,,-
EPOLIS,WaterCube Pf.(RX-Ver.S.P.L.),0,,-,0,,-,1020,BOOTH,オーストラリア,1935,??,オーストラリア,0,,-
EPOLIS,winkle 2 winkle,0,,-,858,IIDX33,オーストラリア,1672,IIDX33,オーストラリア,2718,IIDX33,オーストラリア,0,,-
EPOLIS,Xb10r,0,,-,0,,-,2106,IIDX33,オーストラリア,3414,&0X5A,オーストラリア,0,,-
EPOLIS,ZEROIN ON THE LIGHT,0,,-,800,CORN,オーストラリア,1338,MAHORO,オーストラリア,2589,DAIJRO,オーストラリア,0,,-
EPOLIS,《PL|RAYER》,0,,-,883,XYLKY-,オーストラリア,1456,MU,オーストラリア,2682,BE1357,オーストラリア,0,,-
EPOLIS,ちゅ、多様性。,159,GUM0M0,オーストラリア,429,ADDI,オーストラリア,977,STV,オーストラリア,1863,DAIJRO,オーストラリア,2198,IIDX33,オーストラリア
EPOLIS,ないないルーティン,0,,-,420,CHOBS,オーストラリア,1009,BLUE6,オーストラリア,2000,N*MAKI,オーストラリア,0,,-
EPOLIS,めうめうぺったんたん！！ (ZAQUVA Remix),0,,-,528,JONNYB,オーストラリア,1522,CVR008,オーストラリア,2678,JOHNNN,オーストラリア,0,,-
EPOLIS,れとりば！,0,,-,463,CLOWN,オーストラリア,1307,DAIJRO,オーストラリア,2042,BE1357,オーストラリア,0,,-
EPOLIS,アイドル,240,DAMP,オーストラリア,708,QS36,オーストラリア,1420,XYLKY-,オーストラリア,2555,N*MAKI,オーストラリア,3064,DAIJRO,オーストラリア
EPOLIS,アタシ完全絶対正義ちゃん！,0,,-,0,,-,853,K,オーストラリア,2120,BE1357,オーストラリア,0,,-
EPOLIS,シンデレラ,0,,-,697,BOOTH,オーストラリア,1388,MU,オーストラリア,2166,N*MAKI,オーストラリア,0,,-
EPOLIS,センチメンタル・サマー,0,,-,591,VON,オーストラリア,800,HRCAM,オーストラリア,1910,BE1357,オーストラリア,0,,-
EPOLIS,デビルじゃないもん,235,G4142,オーストラリア,671,QS36,オーストラリア,1169,STV,オーストラリア,2050,JOHNNN,オーストラリア,0,,-
EPOLIS,フォニイ,606,#BURU#,オーストラリア,1159,XYLKY-,オーストラリア,1903,7,オーストラリア,2815,BE1357,オーストラリア,3871,&0X5A,オーストラリア
EPOLIS,ポラリスノウタ,222,JARI,オーストラリア,520,QS36,オーストラリア,1388,SUNOW,オーストラリア,2152,??,オーストラリア,0,,-
EPOLIS,マーシャル・マキシマイザー,354,HRCAM,オーストラリア,648,STV,オーストラリア,1132,BLUE6,オーストラリア,2103,BE1357,オーストラリア,0,,-
EPOLIS,ラビットホール,634,BUTLER,オーストラリア,1229,STV,オーストラリア,1890,IIDX33,オーストラリア,2872,BE1357,オーストラリア,0,,-
EPOLIS,リメンバーリメンバー,0,,-,358,SAMECO,オーストラリア,828,BOOTH,オーストラリア,1628,DAIJRO,オーストラリア,0,,-
EPOLIS,今宵、ロマンス横丁。,0,,-,779,QS36,オーストラリア,2226,N*MAKI,オーストラリア,3080,??,オーストラリア,0,,-
EPOLIS,勇者,331,GUM0M0,オーストラリア,663,HRCAM,オーストラリア,1325,IYAN99,オーストラリア,2387,BE1357,オーストラリア,0,,-
EPOLIS,可愛くてごめん,184,*****.,オーストラリア,561,KEIZ0,オーストラリア,1135,AAAAAA,オーストラリア,2238,N*MAKI,オーストラリア,2751,??,オーストラリア
EPOLIS,唱,183,ASHURA,オーストラリア,410,ASHURA,オーストラリア,880,YUXI7G,オーストラリア,1721,JOHNNN,オーストラリア,0,,-
EPOLIS,夏風邪デスコ,235,KMUNGZ,オーストラリア,538,CLOWN,オーストラリア,1627,IIDX33,オーストラリア,2583,N*MAKI,オーストラリア,0,,-
EPOLIS,夢縁,0,,-,768,YUKI,オーストラリア,1860,IIDX33,オーストラリア,2841,??,オーストラリア,0,,-
EPOLIS,寝起きヤシの木,377,MIATA!,オーストラリア,884,STV,オーストラリア,1665,IIDX33,オーストラリア,2712,IIDX33,オーストラリア,3358,&0X5A,オーストラリア
EPOLIS,惑星鉄道,0,,-,918,XYLKY-,オーストラリア,1693,IIDX33,オーストラリア,2520,&0X5A,オーストラリア,0,,-
EPOLIS,愛包ダンスホール,260,PIY0MO,オーストラリア,695,QS36,オーストラリア,1239,ASHURA,オーストラリア,2536,JOHNNN,オーストラリア,0,,-
EPOLIS,摩天楼,0,,-,366,K,オーストラリア,1231,AXP-43,オーストラリア,2420,??,オーストラリア,0,,-
EPOLIS,未完成ノ蒸氣驅動乙女,0,,-,799,QS36,オーストラリア,1925,IIDX33,オーストラリア,2778,??,オーストラリア,0,,-
EPOLIS,果たせぬ約束 ft. 小林マナ,0,,-,0,,-,1628,IIDX33,オーストラリア,2887,BE1357,オーストラリア,0,,-
EPOLIS,残像ニ繋ガレタ追憶ノHIDEAWAY,0,,-,1195,N*MAKI,オーストラリア,2274,IIDX33,オーストラリア,3437,JOHNNN,オーストラリア,0,,-
EPOLIS,流桜ノ門,0,,-,771,QS36,オーストラリア,1478,ASHURA,オーストラリア,2064,IIDX33,オーストラリア,0,,-
EPOLIS,"灼熱Beach Side Bunny (かめりあ's ""Summertime D'n'B"" Remix)",0,,-,782,STV,オーストラリア,1502,RTK,オーストラリア,3003,IIDX33,オーストラリア,0,,-
EPOLIS,神様、つれない。,0,,-,409,CLOWN,オーストラリア,1126,APPURU,オーストラリア,2099,N*MAKI,オーストラリア,0,,-
EPOLIS,終焔のClaudia,0,,-,0,,-,1589,CANADA,オーストラリア,2609,JOHNNN,オーストラリア,0,,-
EPOLIS,酔いどれ知らず,194,A,オーストラリア,722,IMABOT,オーストラリア,1173,MIATA!,オーストラリア,2214,N*MAKI,オーストラリア,0,,-
EPOLIS,閉塞的フレーション,0,,-,970,XYLKY-,オーストラリア,1540,IIDX33,オーストラリア,2364,BE1357,オーストラリア,0,,-
EPOLIS,雫,0,,-,666,QS36,オーストラリア,1679,ASHURA,オーストラリア,2565,??,オーストラリア,0,,-
EPOLIS,電光,0,,-,842,STV,オーストラリア,1691,JOHNNN,オーストラリア,2838,??,オーストラリア,0,,-
EPOLIS,電子になりたい,0,,-,594,QS36,オーストラリア,1294,MU,オーストラリア,1931,RINDEX,オーストラリア,0,,-
EPOLIS,電腦都市,0,,-,1086,STV,オーストラリア,2060,5H4UN,オーストラリア,3241,&0X5A,オーストラリア,0,,-
Pinky Crush,1116,0,,-,748,IIDX33,オーストラリア,1697,ASHURA,オーストラリア,2829,JOHNNN,オーストラリア,0,,-
Pinky Crush,ADAMANT,0,,-,975,DJLANI,オーストラリア,1898,BE1357,オーストラリア,2918,IIDX33,オーストラリア,0,,-
Pinky Crush,Aqvion,0,,-,876,BOOTH,オーストラリア,1941,BE1357,オーストラリア,3323,??,オーストラリア,0,,-
Pinky Crush,Arcanos,0,,-,492,QS36,オーストラリア,273,ZILCHO,オーストラリア,1946,N*MAKI,オーストラリア,0,,-
Pinky Crush,Bang-Boo Bumble,0,,-,1114,BE1357,オーストラリア,1453,BLUE6,オーストラリア,2853,BE1357,オーストラリア,0,,-
Pinky Crush,Bling-Bang-Bang-Born,320,ASHURA,オーストラリア,473,BLAKE,オーストラリア,1079,IYAN99,オーストラリア,1890,BE1357,オーストラリア,2026,IIDX33,オーストラリア
Pinky Crush,Bring The Fire,0,,-,897,STV,オーストラリア,1651,MU,オーストラリア,3271,JOHNNN,オーストラリア,0,,-
Pinky Crush,Butterfly Twist,0,,-,990,BE1357,オーストラリア,1552,RINDEX,オーストラリア,2634,RINDEX,オーストラリア,0,,-
Pinky Crush,CHAOTIC SUNBIRD,0,,-,1027,STV,オーストラリア,1493,MU,オーストラリア,3106,N*MAKI,オーストラリア,0,,-
Pinky Crush,Chasing After YOU ～夢の欠片～ ft. 小林マナ,0,,-,979,BE1357,オーストラリア,1429,N*MAKI,オーストラリア,2016,N*MAKI,オーストラリア,0,,-
Pinky Crush,Constellation,0,,-,935,BE1357,オーストラリア,1298,DRSQAT,オーストラリア,2717,JOHNNN,オーストラリア,0,,-
Pinky Crush,COSMIC V3LOCITY,0,,-,0,,-,1851,SN,オーストラリア,3155,JOHNNN,オーストラリア,0,,-
Pinky Crush,Cross Fire,0,,-,0,,-,1749,ASHURA,オーストラリア,3140,&0X5A,オーストラリア,0,,-
Pinky Crush,destination,0,,-,1030,BE1357,オーストラリア,1684,MU,オーストラリア,3167,JOHNNN,オーストラリア,0,,-
Pinky Crush,Digital Radiance,0,,-,1147,BE1357,オーストラリア,1098,BLUE6,オーストラリア,1922,IIDX33,オーストラリア,0,,-
Pinky Crush,DIVINE JUDGEMENT,0,,-,805,VON,オーストラリア,1613,PEPSIN,オーストラリア,2643,JOHNNN,オーストラリア,0,,-
Pinky Crush,Dreamship,0,,-,584,DAN,オーストラリア,1147,STV,オーストラリア,1924,BE1357,オーストラリア,0,,-
Pinky Crush,Drop Syndicate,0,,-,987,DRSQAT,オーストラリア,1747,IIDX33,オーストラリア,3492,&0X5A,オーストラリア,0,,-
Pinky Crush,Eleanor,0,,-,542,PZER0,オーストラリア,1177,IIDX33,オーストラリア,2323,N*MAKI,オーストラリア,0,,-
Pinky Crush,ELYSIUM,0,,-,897,BE1357,オーストラリア,1417,MU,オーストラリア,2611,BE1357,オーストラリア,0,,-
Pinky Crush,everlastingeuphoria:,0,,-,1108,BE1357,オーストラリア,1606,RINDEX,オーストラリア,2359,??,オーストラリア,0,,-
Pinky Crush,EX-MASSIVE FIGHTER,0,,-,146,MON!,オーストラリア,1722,T5OVND,オーストラリア,3224,??,オーストラリア,0,,-
Pinky Crush,EYE OF THE HEAVEN,0,,-,0,,-,1581,MIATA!,オーストラリア,3361,??,オーストラリア,0,,-
Pinky Crush,FERMI PARADOX,0,,-,1148,BE1357,オーストラリア,1587,IIDX33,オーストラリア,2498,IIDX33,オーストラリア,0,,-
Pinky Crush,Fiery Stallion,0,,-,639,QS36,オーストラリア,1566,IIDX33,オーストラリア,2315,BE1357,オーストラリア,0,,-
Pinky Crush,Flamingo,0,,-,1058,BE1357,オーストラリア,2219,RINDEX,オーストラリア,3139,BE1357,オーストラリア,0,,-
Pinky Crush,FlyAway,0,,-,894,BLUE6,オーストラリア,1725,ASHURA,オーストラリア,3029,RINDEX,オーストラリア,0,,-
Pinky Crush,Galaxy Collapse,0,,-,823,BE1357,オーストラリア,0,,-,1812,BE1357,オーストラリア,0,,-
Pinky Crush,get set mind,0,,-,1018,BE1357,オーストラリア,1415,STV,オーストラリア,2383,DAIJRO,オーストラリア,0,,-
Pinky Crush,God Mind,0,,-,1025,KOOL,オーストラリア,2517,N*MAKI,オーストラリア,3808,&0X5A,オーストラリア,0,,-
Pinky Crush,Good Looking,0,,-,0,,-,1231,RINDEX,オーストラリア,1816,??,オーストラリア,0,,-
Pinky Crush,Here We Go Now,0,,-,1099,NON0J!,オーストラリア,1799,SEIKO*,オーストラリア,3171,??,オーストラリア,0,,-
Pinky Crush,hora de verdad,0,,-,0,,-,109,ASHURA,オーストラリア,2811,JOHNNN,オーストラリア,0,,-
Pinky Crush,IN BETWEEN,0,,-,897,BE1357,オーストラリア,1505,RINDEX,オーストラリア,2322,??,オーストラリア,0,,-
Pinky Crush,KOTONOHA ft. Kotoha,0,,-,823,BE1357,オーストラリア,1200,MU,オーストラリア,1925,BE1357,オーストラリア,0,,-
Pinky Crush,Lightspeed,0,,-,1048,YUXI7G,オーストラリア,0,,-,2874,DAIJRO,オーストラリア,0,,-
Pinky Crush,lowercase lifetime,0,,-,1073,BE1357,オーストラリア,1688,ASHURA,オーストラリア,2614,??,オーストラリア,0,,-
Pinky Crush,Lycoris,0,,-,0,,-,1166,XYLKY-,オーストラリア,1979,BE1357,オーストラリア,0,,-
Pinky Crush,MARLIN,0,,-,0,,-,1911,ASHURA,オーストラリア,3432,&0X5A,オーストラリア,0,,-
Pinky Crush,Mid-Corner (Magic Maker),0,,-,919,BLUE6,オーストラリア,1816,IIDX33,オーストラリア,2965,??,オーストラリア,0,,-
Pinky Crush,Mighty Cutie,0,,-,0,,-,1722,ASHURA,オーストラリア,2695,IIDX33,オーストラリア,0,,-
Pinky Crush,MVP,0,,-,730,BURGER,オーストラリア,1339,STV,オーストラリア,2458,??,オーストラリア,0,,-
Pinky Crush,NOIXIA,0,,-,1127,VON,オーストラリア,1957,IIDX33,オーストラリア,3717,BE1357,オーストラリア,0,,-
Pinky Crush,PERFECT HUMAN,417,SWAD!?,オーストラリア,415,NTHNG,オーストラリア,1413,N*MAKI,オーストラリア,2130,N*MAKI,オーストラリア,0,,-
Pinky Crush,Pinky Happy Crazy,0,,-,0,,-,0,,-,3308,DAIJRO,オーストラリア,0,,-
Pinky Crush,PIT A PAT,0,,-,582,SCOOB,オーストラリア,1799,N*MAKI,オーストラリア,2535,IIDX33,オーストラリア,0,,-
Pinky Crush,Plazma,171,MYKE,オーストラリア,566,RAPIT,オーストラリア,1250,N*MAKI,オーストラリア,1996,N*MAKI,オーストラリア,2677,&0X5A,オーストラリア
Pinky Crush,Plea Per Phase,0,,-,0,,-,1615,IIDX33,オーストラリア,2689,BE1357,オーストラリア,0,,-
Pinky Crush,PopなEDEN,0,,-,803,STV,オーストラリア,1478,7,オーストラリア,2408,N*MAKI,オーストラリア,0,,-
Pinky Crush,Raspberry Potion (feat.あれたん & ぎゃるのしん☆),0,,-,757,BLUE6,オーストラリア,1604,SHIREN,オーストラリア,2402,N*MAKI,オーストラリア,0,,-
Pinky Crush,RAVE SYNDROME,0,,-,832,DJLANI,オーストラリア,1531,MU,オーストラリア,2648,BE1357,オーストラリア,0,,-
Pinky Crush,Roar of Chronos,0,,-,0,,-,2058,IIDX33,オーストラリア,3807,&0X5A,オーストラリア,0,,-
Pinky Crush,Satellite Burst,0,,-,985,STV,オーストラリア,1993,IIDX33,オーストラリア,3565,BE1357,オーストラリア,0,,-
Pinky Crush,Secret Rouge,0,,-,640,STV,オーストラリア,1643,N*MAKI,オーストラリア,2282,N*MAKI,オーストラリア,0,,-
Pinky Crush,Shirdal,0,,-,0,,-,1098,DRSQAT,オーストラリア,2231,RINDEX,オーストラリア,0,,-
Pinky Crush,Show Me All Your Love,0,,-,0,,-,1760,ASHURA,オーストラリア,2822,JOHNNN,オーストラリア,0,,-
Pinky Crush,SISYPHUS,0,,-,597,QS36,オーストラリア,1577,7,オーストラリア,2425,BE1357,オーストラリア,0,,-
Pinky Crush,Skratch Education Lv-1,0,,-,706,STV,オーストラリア,1433,RINDEX,オーストラリア,2670,IIDX33,オーストラリア,0,,-
Pinky Crush,Slumber☆Party,0,,-,273,ANNIE,オーストラリア,1462,MU,オーストラリア,2184,IIDX33,オーストラリア,0,,-
Pinky Crush,Space In Time,0,,-,714,BLUE6,オーストラリア,999,BLUE6,オーストラリア,1929,??,オーストラリア,0,,-
Pinky Crush,Stargazing Trip ～星 探す旅～ ft. 小林マナ,0,,-,0,,-,1771,N*MAKI,オーストラリア,2653,N*MAKI,オーストラリア,0,,-
Pinky Crush,SUPER HEROINE!!,0,,-,0,,-,1391,NAYNAY,オーストラリア,1998,NON0J!,オーストラリア,0,,-
Pinky Crush,SμG@R RU$#,0,,-,1081,STV,オーストラリア,2316,RINDEX,オーストラリア,3248,??,オーストラリア,0,,-
Pinky Crush,TECHNO RUMBLE,0,,-,0,,-,1738,RINDEX,オーストラリア,2761,JOHNNN,オーストラリア,0,,-
Pinky Crush,u gotta beat,0,,-,1123,DJLANI,オーストラリア,2214,N*MAKI,オーストラリア,3278,BE1357,オーストラリア,0,,-
Pinky Crush,Uaigh Gealai,0,,-,0,,-,2083,RINDEX,オーストラリア,3528,JOHNNN,オーストラリア,0,,-
Pinky Crush,uen,0,,-,634,XYLKY-,オーストラリア,2075,RINDEX,オーストラリア,2875,&0X5A,オーストラリア,0,,-
Pinky Crush,Vibing! Shake it!,0,,-,638,LEEK*,オーストラリア,1374,STV,オーストラリア,2395,IIDX33,オーストラリア,0,,-
Pinky Crush,Without Heaven,0,,-,0,,-,2082,RINDEX,オーストラリア,3413,IIDX33,オーストラリア,0,,-
Pinky Crush,XHRONOXAPSULΞ,0,,-,1151,BE1357,オーストラリア,2281,JOHNNN,オーストラリア,3351,BE1357,オーストラリア,0,,-
Pinky Crush,えだまめカレークッキング,335,ALTA,オーストラリア,604,CATT,オーストラリア,1063,GARCON,オーストラリア,1992,890,オーストラリア,0,,-
Pinky Crush,きみのせかい,0,,-,437,ANNIE,オーストラリア,1450,STV,オーストラリア,2764,BE1357,オーストラリア,0,,-
Pinky Crush,きゅうくらりん,347,CRAX,オーストラリア,732,IIDX33,オーストラリア,1607,SMLWVS,オーストラリア,2294,??,オーストラリア,0,,-
Pinky Crush,アラビアン ハイパー ナイト,0,,-,0,,-,0,,-,3063,JOHNNN,オーストラリア,0,,-
Pinky Crush,イガク,285,ASHURA,オーストラリア,839,ASHURA,オーストラリア,1420,ASHURA,オーストラリア,2009,N*MAKI,オーストラリア,2965,JOHNNN,オーストラリア
Pinky Crush,エクスプロウル,0,,-,821,VON,オーストラリア,1535,IIDX33,オーストラリア,2390,IIDX33,オーストラリア,0,,-
Pinky Crush,オッドラヴィ,254,IIDX33,オーストラリア,747,LILI,オーストラリア,1683,IIDX33,オーストラリア,2453,IIDX33,オーストラリア,0,,-
Pinky Crush,オブソミート,223,ASHURA,オーストラリア,698,SAMECO,オーストラリア,1326,ASHURA,オーストラリア,2348,BE1357,オーストラリア,0,,-
Pinky Crush,キスキツネ,166,PIY0MO,オーストラリア,694,AAAAAA,オーストラリア,1414,ASHURA,オーストラリア,2309,JOHNNN,オーストラリア,0,,-
Pinky Crush,ギャ・ギャ・ギャ・ギャラクシー！,0,,-,690,QS36,オーストラリア,1529,IIDX33,オーストラリア,2359,N*MAKI,オーストラリア,0,,-
Pinky Crush,ゲシュタルト,287,SORA,オーストラリア,735,QS36,オーストラリア,1291,VLD,オーストラリア,2239,IIDX33,オーストラリア,3234,JOHNNN,オーストラリア
Pinky Crush,スキッテイエェエエェ!!!!,0,,-,1154,VON,オーストラリア,2263,NON0J!,オーストラリア,4037,&0X5A,オーストラリア,0,,-
Pinky Crush,スパークリング☆彡ハイパーチューン！！,0,,-,1091,STV,オーストラリア,1988,IIDX33,オーストラリア,3532,JOHNNN,オーストラリア,0,,-
Pinky Crush,ドリムチウ,0,,-,668,KACHY-,オーストラリア,1398,XYLKY-,オーストラリア,2532,N*MAKI,オーストラリア,0,,-
Pinky Crush,ドーナツホール 2024,291,ALTA,オーストラリア,768,QS36,オーストラリア,1484,RTK,オーストラリア,2320,JOHNNN,オーストラリア,0,,-
Pinky Crush,ハオ,230,KAIZA,オーストラリア,682,STV,オーストラリア,1532,STV,オーストラリア,2710,N*MAKI,オーストラリア,0,,-
Pinky Crush,ハルイロメロディー,0,,-,0,,-,1378,DAIJRO,オーストラリア,2205,IIDX33,オーストラリア,0,,-
Pinky Crush,ビビデバ,247,ASHURA,オーストラリア,585,QS36,オーストラリア,1178,GARCON,オーストラリア,2015,N*MAKI,オーストラリア,0,,-
Pinky Crush,ファイナルレター,0,,-,800,KORERI,オーストラリア,1520,SIGMA!,オーストラリア,2585,BE1357,オーストラリア,0,,-
Pinky Crush,メズマライザー,529,GUM0M0,オーストラリア,944,VON,オーストラリア,1758,IIDX33,オーストラリア,2657,BE1357,オーストラリア,0,,-
Pinky Crush,ロマンシングエスケープ,0,,-,338,SAMECO,オーストラリア,981,XYLKY-,オーストラリア,1783,JOHNNN,オーストラリア,0,,-
Pinky Crush,天使のカンタータ -Cantata of Angels-,0,,-,0,,-,1813,ASHURA,オーストラリア,3751,JOHNNN,オーストラリア,0,,-
Pinky Crush,弾幕信仰,0,,-,838,QS36,オーストラリア,0,,-,2436,BE1357,オーストラリア,0,,-
Pinky Crush,我ら完全無敵のアイドル!!,162,CALM,オーストラリア,881,RAPIT,オーストラリア,1494,AO508!,オーストラリア,2436,??,オーストラリア,0,,-
Pinky Crush,断罪の一花,0,,-,561,PZER0,オーストラリア,1259,OISHI,オーストラリア,2454,??,オーストラリア,0,,-
Pinky Crush,最強頂戴girl,0,,-,627,SAMECO,オーストラリア,1106,AO508!,オーストラリア,2142,??,オーストラリア,0,,-
Pinky Crush,朱と碧のランページ,0,,-,747,QS36,オーストラリア,1635,DAIJRO,オーストラリア,2467,&0X5A,オーストラリア,0,,-
Pinky Crush,消極的セツナイズム,0,,-,726,QS36,オーストラリア,1445,IIDX33,オーストラリア,2209,IIDX33,オーストラリア,0,,-
Pinky Crush,灼熱 Lost Summer Dayz,0,,-,759,VON,オーストラリア,1660,IIDX33,オーストラリア,2669,IIDX33,オーストラリア,0,,-
Pinky Crush,無双,0,,-,913,QS36,オーストラリア,1454,CVR008,オーストラリア,3238,&0X5A,オーストラリア,0,,-
Pinky Crush,爆ぜりゃんせ,0,,-,1006,STV,オーストラリア,1707,ASHURA,オーストラリア,2811,IIDX33,オーストラリア,0,,-
Pinky Crush,覚悟せよ！エンタンメ～ン ～より身の切り売り自暴自棄版～,0,,-,823,RAPIT,オーストラリア,1666,NAYNAY,オーストラリア,2761,IIDX33,オーストラリア,0,,-
Pinky Crush,進捗ダメダメです,211,PZER0,オーストラリア,607,MZNAKR,オーストラリア,1289,STV,オーストラリア,2191,N*MAKI,オーストラリア,0,,-
Pinky Crush,飴玉,0,,-,428,QS36,オーストラリア,549,QS36,オーストラリア,1289,??,オーストラリア,0,,-
Pinky Crush,ＰＡＳＴＥＬＩＳＭ,0,,-,0,,-,1379,ASHURA,オーストラリア,2068,RINDEX,オーストラリア,0,,-
Sparkle Shower,2 Be Continued,0,,-,856,BOOTH,オーストラリア,1959,RINDEX,オーストラリア,3491,&0X5A,オーストラリア,0,,-
Sparkle Shower,A Certified Rave Moment,0,,-,972,BE1357,オーストラリア,1759,RINDEX,オーストラリア,2661,IIDX33,オーストラリア,0,,-
Sparkle Shower,ACID VISION,0,,-,0,,-,1583,BE1357,オーストラリア,1768,N*MAKI,オーストラリア,0,,-
Sparkle Shower,AGETEKE ONDO,0,,-,984,BE1357,オーストラリア,1617,N*MAKI,オーストラリア,2556,N*MAKI,オーストラリア,0,,-
Sparkle Shower,Amor∞Fati,0,,-,1085,STV,オーストラリア,2448,N*MAKI,オーストラリア,3734,??,オーストラリア,0,,-
Sparkle Shower,Any％,0,,-,781,QS36,オーストラリア,1551,BLUE6,オーストラリア,3426,&0X5A,オーストラリア,0,,-
Sparkle Shower,Astra Blaze,0,,-,956,KORERI,オーストラリア,2007,ASHURA,オーストラリア,3184,??,オーストラリア,0,,-
Sparkle Shower,Bang Bang Dance,0,,-,810,BE1357,オーストラリア,1723,N*MAKI,オーストラリア,2695,JOHNNN,オーストラリア,0,,-
Sparkle Shower,BattleRoyal,0,,-,989,DJLANI,オーストラリア,1722,RINDEX,オーストラリア,2486,IIDX33,オーストラリア,0,,-
Sparkle Shower,Begin,0,,-,886,DJLANI,オーストラリア,1993,IIDX33,オーストラリア,3108,BE1357,オーストラリア,0,,-
Sparkle Shower,BitRacer,0,,-,0,,-,1874,ASHURA,オーストラリア,3152,JOHNNN,オーストラリア,0,,-
Sparkle Shower,Bloom,0,,-,684,BE1357,オーストラリア,1094,IIDX33,オーストラリア,1805,BE1357,オーストラリア,0,,-
Sparkle Shower,blue anthem,0,,-,974,STV,オーストラリア,1556,ASHURA,オーストラリア,2797,JOHNNN,オーストラリア,0,,-
Sparkle Shower,Caramel Pain,215,ASHURA,オーストラリア,625,XYLKY-,オーストラリア,1041,IIDX33,オーストラリア,1633,N*MAKI,オーストラリア,0,,-
Sparkle Shower,Catch ya Getcha!,0,,-,1000,BE1357,オーストラリア,1930,RINDEX,オーストラリア,2770,IIDX33,オーストラリア,0,,-
Sparkle Shower,chaplet -IIDX re:build-,0,,-,934,STV,オーストラリア,1895,IIDX33,オーストラリア,2718,JOHNNN,オーストラリア,0,,-
Sparkle Shower,COLOR BURST,0,,-,0,,-,1373,RINDEX,オーストラリア,2168,BE1357,オーストラリア,0,,-
Sparkle Shower,Countdown to Heaven or Hell,0,,-,1120,STV,オーストラリア,1945,RINDEX,オーストラリア,2958,??,オーストラリア,0,,-
Sparkle Shower,D.K.N. ON,0,,-,1036,BE1357,オーストラリア,1931,RINDEX,オーストラリア,2591,BE1357,オーストラリア,0,,-
Sparkle Shower,Digitized Ocean,0,,-,1028,STV,オーストラリア,1996,IIDX33,オーストラリア,3354,&0X5A,オーストラリア,0,,-
Sparkle Shower,Disco Killer Music Lover,0,,-,984,ASHURA,オーストラリア,1796,N*MAKI,オーストラリア,2892,&0X5A,オーストラリア,0,,-
Sparkle Shower,Dolphin Kick,0,,-,1202,IIDX33,オーストラリア,2147,??,オーストラリア,3303,??,オーストラリア,0,,-
Sparkle Shower,Dusk Endir,0,,-,1054,BE1357,オーストラリア,2232,RINDEX,オーストラリア,3111,JOHNNN,オーストラリア,0,,-
Sparkle Shower,ESPRIT ONE,0,,-,788,QS36,オーストラリア,1620,ASHURA,オーストラリア,2852,IIDX33,オーストラリア,0,,-
Sparkle Shower,Ex-Otogibanashi,86,SFLTD,オーストラリア,317,DAZED!,オーストラリア,817,BOOTH,オーストラリア,1572,&0X5A,オーストラリア,0,,-
Sparkle Shower,Fashion Fruit,0,,-,1065,BE1357,オーストラリア,1940,N*MAKI,オーストラリア,2932,JOHNNN,オーストラリア,0,,-
Sparkle Shower,fixer,0,,-,518,QS36,オーストラリア,1345,ASHURA,オーストラリア,3015,JOHNNN,オーストラリア,0,,-
Sparkle Shower,FIZZY FIZZY POP,0,,-,831,BE1357,オーストラリア,1199,STV,オーストラリア,2214,BE1357,オーストラリア,0,,-
Sparkle Shower,FiZZλ_POT!0N,0,,-,1260,ASHURA,オーストラリア,2039,N*MAKI,オーストラリア,3207,??,オーストラリア,0,,-
Sparkle Shower,From Human Blood,0,,-,1011,STV,オーストラリア,2057,IIDX33,オーストラリア,3373,JOHNNN,オーストラリア,0,,-
Sparkle Shower,Funky Quirky,0,,-,928,BE1357,オーストラリア,1805,IIDX33,オーストラリア,2569,BE1357,オーストラリア,0,,-
Sparkle Shower,Get Into The Groove feat.WaMi,0,,-,973,BE1357,オーストラリア,1396,RINDEX,オーストラリア,2238,BE1357,オーストラリア,0,,-
Sparkle Shower,Gimme a Big Beat(青龍 Remix),0,,-,0,,-,1917,ASHURA,オーストラリア,2993,IIDX33,オーストラリア,0,,-
Sparkle Shower,GO!,0,,-,0,,-,1443,ASHURA,オーストラリア,2621,??,オーストラリア,0,,-
Sparkle Shower,GOLD RUSH 2025,0,,-,851,BE1357,オーストラリア,1508,RINDEX,オーストラリア,2563,JOHNNN,オーストラリア,0,,-
Sparkle Shower,Hallucination,0,,-,1043,BE1357,オーストラリア,1567,AKIHA,オーストラリア,2588,??,オーストラリア,0,,-
Sparkle Shower,HEROES,0,,-,881,UNCHND,オーストラリア,2181,IIDX33,オーストラリア,3171,??,オーストラリア,0,,-
Sparkle Shower,HORIZON BEATZ,0,,-,738,XYLKY-,オーストラリア,1497,ASHURA,オーストラリア,2423,??,オーストラリア,0,,-
Sparkle Shower,HyperTwist,0,,-,1134,ASHURA,オーストラリア,1942,IIDX33,オーストラリア,3101,JOHNNN,オーストラリア,0,,-
Sparkle Shower,Ignited Night,0,,-,926,BLUE6,オーストラリア,1363,IIDX33,オーストラリア,2257,JOHNNN,オーストラリア,0,,-
Sparkle Shower,Iridescent Memories,0,,-,1135,IIDX33,オーストラリア,2153,N*MAKI,オーストラリア,3550,??,オーストラリア,0,,-
Sparkle Shower,JUST SYNC ft.Kanae Asaba,0,,-,620,AAAAAA,オーストラリア,1286,RINDEX,オーストラリア,2008,N*MAKI,オーストラリア,0,,-
Sparkle Shower,Kick The Rainbow,0,,-,0,,-,1779,ASHURA,オーストラリア,2857,IIDX33,オーストラリア,0,,-
Sparkle Shower,King of Tribe,0,,-,868,KORERI,オーストラリア,1694,ASHURA,オーストラリア,2971,JOHNNN,オーストラリア,0,,-
Sparkle Shower,kors k's Let's make an Image Song!,0,,-,982,BE1357,オーストラリア,1799,??,オーストラリア,2661,IIDX33,オーストラリア,0,,-
Sparkle Shower,Last Card,0,,-,891,BOOTH,オーストラリア,1806,RINDEX,オーストラリア,2888,DAIJRO,オーストラリア,0,,-
Sparkle Shower,LEMON MELON COOKIE,309,SBLMNL,オーストラリア,670,BOOTH,オーストラリア,1540,RINDEX,オーストラリア,2236,JOHNNN,オーストラリア,0,,-
Sparkle Shower,Limelight,0,,-,905,BLUE6,オーストラリア,1342,BLUE6,オーストラリア,2918,BE1357,オーストラリア,0,,-
Sparkle Shower,Lisa-RICCIA,480,ASHURA,オーストラリア,1006,VON,オーストラリア,2189,IIDX33,オーストラリア,3256,&0X5A,オーストラリア,4299,&0X5A,オーストラリア
Sparkle Shower,Makin' It,0,,-,1016,IIDX33,オーストラリア,1578,RINDEX,オーストラリア,2536,IIDX33,オーストラリア,0,,-
Sparkle Shower,Memoria Obscura,0,,-,951,ASHURA,オーストラリア,2148,RINDEX,オーストラリア,3853,&0X5A,オーストラリア,0,,-
Sparkle Shower,Meteor☆Shower,0,,-,658,IIDX33,オーストラリア,1665,ASHURA,オーストラリア,2762,??,オーストラリア,0,,-
Sparkle Shower,Mighty Beat Monsterz,0,,-,945,BOOTH,オーストラリア,1921,IIDX33,オーストラリア,3028,JOHNNN,オーストラリア,0,,-
Sparkle Shower,MOCHIMOCHI DREAMIN!!,0,,-,902,VON,オーストラリア,1830,N*MAKI,オーストラリア,2947,IIDX33,オーストラリア,0,,-
Sparkle Shower,Nemophila,0,,-,962,ASHURA,オーストラリア,1747,RINDEX,オーストラリア,2669,&0X5A,オーストラリア,0,,-
Sparkle Shower,Nyan Nyan University,0,,-,822,IVOS!,オーストラリア,1597,N*MAKI,オーストラリア,2499,IIDX33,オーストラリア,0,,-
Sparkle Shower,OMEGA,0,,-,1004,IIDX33,オーストラリア,2038,N*MAKI,オーストラリア,3170,JOHNNN,オーストラリア,0,,-
Sparkle Shower,PALETTE,296,SBLMNL,オーストラリア,770,STV,オーストラリア,1450,RINDEX,オーストラリア,2036,RINDEX,オーストラリア,0,,-
Sparkle Shower,PERFECT GREAT!!,0,,-,1136,ASHURA,オーストラリア,2170,NON0J!,オーストラリア,3651,&0X5A,オーストラリア,0,,-
Sparkle Shower,pique,0,,-,676,STV,オーストラリア,1852,IIDX33,オーストラリア,2927,??,オーストラリア,0,,-
Sparkle Shower,RALLY '25,0,,-,1022,IVOS!,オーストラリア,2148,IIDX33,オーストラリア,3061,JOHNNN,オーストラリア,0,,-
Sparkle Shower,REcorrection,0,,-,529,VON,オーストラリア,1075,RINDEX,オーストラリア,1564,N*MAKI,オーストラリア,0,,-
Sparkle Shower,Regina vespaE,0,,-,1107,ASHURA,オーストラリア,2216,N*MAKI,オーストラリア,3499,&0X5A,オーストラリア,0,,-
Sparkle Shower,RIZING-GAMERS.,0,,-,0,,-,1835,ASHURA,オーストラリア,3186,BE1357,オーストラリア,0,,-
Sparkle Shower,RUINA,0,,-,677,QS36,オーストラリア,1533,ASHURA,オーストラリア,2562,JOHNNN,オーストラリア,0,,-
Sparkle Shower,Second Heaven(Mamonis Remix),0,,-,0,,-,1477,ASHURA,オーストラリア,2397,??,オーストラリア,0,,-
Sparkle Shower,SHINING☆DANCE,0,,-,855,N*MAKI,オーストラリア,1556,RINDEX,オーストラリア,2429,N*MAKI,オーストラリア,0,,-
Sparkle Shower,Shooting Star,202,SLINK,オーストラリア,827,BE1357,オーストラリア,1462,RINDEX,オーストラリア,2421,N*MAKI,オーストラリア,0,,-
Sparkle Shower,Show Time,0,,-,773,ASHURA,オーストラリア,1400,RINDEX,オーストラリア,2010,N*MAKI,オーストラリア,0,,-
Sparkle Shower,Signs and Wonders,0,,-,570,VON,オーストラリア,949,STV,オーストラリア,1573,IIDX33,オーストラリア,0,,-
Sparkle Shower,SILKY BRAVE,0,,-,0,,-,1361,ASHURA,オーストラリア,2340,BE1357,オーストラリア,0,,-
Sparkle Shower,Skywalking,0,,-,0,,-,1342,IIDX33,オーストラリア,2259,N*MAKI,オーストラリア,0,,-
Sparkle Shower,Smintheus,0,,-,1158,STV,オーストラリア,1479,BLUE6,オーストラリア,3411,&0X5A,オーストラリア,0,,-
Sparkle Shower,SnapSkipSpark,0,,-,1056,XYLKY-,オーストラリア,1898,N*MAKI,オーストラリア,2847,JOHNNN,オーストラリア,0,,-
Sparkle Shower,Space Battleship S4TO,0,,-,1261,ASHURA,オーストラリア,2196,IIDX33,オーストラリア,3648,??,オーストラリア,0,,-
Sparkle Shower,SPLASH!!!!!!!!!,0,,-,739,K,オーストラリア,1485,RINDEX,オーストラリア,2236,IIDX33,オーストラリア,0,,-
Sparkle Shower,Substance,0,,-,1011,DJLANI,オーストラリア,1653,RINDEX,オーストラリア,2909,JOHNNN,オーストラリア,0,,-
Sparkle Shower,super double play sessions,0,,-,1408,BE1357,オーストラリア,2342,IIDX33,オーストラリア,3998,&0X5A,オーストラリア,0,,-
Sparkle Shower,THUNDERSTRIKE,0,,-,995,SIGMA!,オーストラリア,2059,IIDX33,オーストラリア,3306,&0X5A,オーストラリア,0,,-
Sparkle Shower,TOKAKU=ALMiRAJ,0,,-,0,,-,1559,ASHURA,オーストラリア,2731,IIDX33,オーストラリア,0,,-
Sparkle Shower,UNDO THE NIGHT,0,,-,886,ASHURA,オーストラリア,1951,IIDX33,オーストラリア,3235,JOHNNN,オーストラリア,0,,-
Sparkle Shower,Vitamin,0,,-,1087,ASHURA,オーストラリア,1776,RINDEX,オーストラリア,2564,IIDX33,オーストラリア,0,,-
Sparkle Shower,voice of echo.,0,,-,928,DJLANI,オーストラリア,1729,RINDEX,オーストラリア,2677,&0X5A,オーストラリア,0,,-
Sparkle Shower,Watermelon Explosion,0,,-,668,VON,オーストラリア,1158,MIATA!,オーストラリア,1961,N*MAKI,オーストラリア,0,,-
Sparkle Shower,Wizards!,0,,-,617,VON,オーストラリア,1480,ASHURA,オーストラリア,2229,IIDX33,オーストラリア,0,,-
Sparkle Shower,X-Plan,0,,-,701,NON0J!,オーストラリア,1188,ASHURA,オーストラリア,2173,BE1357,オーストラリア,0,,-
Sparkle Shower,[E],0,,-,1304,STV,オーストラリア,2164,RINDEX,オーストラリア,3301,JOHNNN,オーストラリア,0,,-
Sparkle Shower,Τeλοs,0,,-,0,,-,1553,ASHURA,オーストラリア,2528,JOHNNN,オーストラリア,0,,-
Sparkle Shower,ιgniЯRuina,0,,-,1184,OISHI,オーストラリア,2150,IIDX33,オーストラリア,3400,&0X5A,オーストラリア,0,,-
Sparkle Shower,⁽⁽ଘ( ˙꒳˙ )ଓ⁾⁾ beyond reason,0,,-,1119,VON,オーストラリア,2066,N*MAKI,オーストラリア,3544,JOHNNN,オーストラリア,0,,-
Sparkle Shower,かわいいだけじゃだめですか？,167,CPJ,オーストラリア,796,BOOTH,オーストラリア,1584,N*MAKI,オーストラリア,2114,N*MAKI,オーストラリア,3429,&0X5A,オーストラリア
Sparkle Shower,じぇりー じゅえる ジャングル,0,,-,0,,-,1543,BLUE6,オーストラリア,3134,N*MAKI,オーストラリア,0,,-
Sparkle Shower,それが、ボクの使命～レスキュー隊長 メンキュー～,0,,-,671,ASHURA,オーストラリア,1556,N*MAKI,オーストラリア,2114,DAIJRO,オーストラリア,0,,-
Sparkle Shower,でんぱ どりる わんにゃー☆三,231,BEN.-.,オーストラリア,1181,N*MAKI,オーストラリア,2246,N*MAKI,オーストラリア,3300,&0X5A,オーストラリア,0,,-
Sparkle Shower,もんめためたもん,186,PZER0,オーストラリア,660,DAN,オーストラリア,1398,N*MAKI,オーストラリア,2211,N*MAKI,オーストラリア,0,,-
Sparkle Shower,オーバーライド,437,Z,オーストラリア,1107,BOOTH,オーストラリア,1781,IIDX33,オーストラリア,3164,&0X5A,オーストラリア,0,,-
Sparkle Shower,キミとえがくキセキ,0,,-,721,QS36,オーストラリア,1329,STV,オーストラリア,2218,N*MAKI,オーストラリア,0,,-
Sparkle Shower,クレッシェンド,0,,-,974,BOOTH,オーストラリア,1686,IIDX33,オーストラリア,3213,&0X5A,オーストラリア,0,,-
Sparkle Shower,サタデーナイト☆ギャロップ,0,,-,876,BOOTH,オーストラリア,1850,N*MAKI,オーストラリア,3717,??,オーストラリア,0,,-
Sparkle Shower,タンポポ,0,,-,1139,ASHURA,オーストラリア,1612,WAGYU,オーストラリア,2601,JOHNNN,オーストラリア,0,,-
Sparkle Shower,デラむぅのでらっくす☆どり～むぅ,0,,-,673,VON,オーストラリア,1272,RINDEX,オーストラリア,1920,IIDX33,オーストラリア,0,,-
Sparkle Shower,バブリン,197,YBGGAV,オーストラリア,1058,IIDX33,オーストラリア,1704,RINDEX,オーストラリア,2404,N*MAKI,オーストラリア,0,,-
Sparkle Shower,ビビッド ☆+*。キラキライム,450,ADDI,オーストラリア,1044,VON,オーストラリア,2085,RINDEX,オーストラリア,3644,&0X5A,オーストラリア,0,,-
Sparkle Shower,ベラ・ベ・カラベラ,0,,-,837,MIATA!,オーストラリア,1685,RINDEX,オーストラリア,2610,RINDEX,オーストラリア,0,,-
Sparkle Shower,ベンガル vs. アムール Battle,0,,-,1117,BOOTH,オーストラリア,1971,IIDX33,オーストラリア,3547,??,オーストラリア,0,,-
Sparkle Shower,メテオラ-meteor-,0,,-,627,QS36,オーストラリア,1815,BE1357,オーストラリア,2389,BE1357,オーストラリア,0,,-
Sparkle Shower,メルト CPK! Remix (初音ミク ver.),349,WRUFF!,オーストラリア,620,DAN,オーストラリア,1439,OISHI,オーストラリア,2810,&0X5A,オーストラリア,0,,-
Sparkle Shower,ラブコメトキドキシリアス,0,,-,1136,STV,オーストラリア,1930,IIDX33,オーストラリア,3521,&0X5A,オーストラリア,0,,-
Sparkle Shower,レシピのリドル,0,,-,571,VON,オーストラリア,1432,BE1357,オーストラリア,2272,N*MAKI,オーストラリア,0,,-
Sparkle Shower,三日天下モンキー,0,,-,520,YUKI,オーストラリア,986,BLUE6,オーストラリア,1723,IIDX33,オーストラリア,0,,-
Sparkle Shower,不死身ごっこ,193,VELOCE,オーストラリア,815,BOOTH,オーストラリア,1352,ASHURA,オーストラリア,2464,IIDX33,オーストラリア,0,,-
Sparkle Shower,夏色のセレナーデ,0,,-,753,DJLANI,オーストラリア,1338,RINDEX,オーストラリア,2199,??,オーストラリア,0,,-
Sparkle Shower,夢色ワンダー,400,SWAD!?,オーストラリア,1199,KORERI,オーストラリア,1728,STV,オーストラリア,2993,??,オーストラリア,0,,-
Sparkle Shower,好吃来世deエレクトリック,0,,-,724,VON,オーストラリア,1358,RINDEX,オーストラリア,1887,N*MAKI,オーストラリア,0,,-
Sparkle Shower,恋愛観測,0,,-,491,A,オーストラリア,1379,IIDX33,オーストラリア,2441,DAIJRO,オーストラリア,0,,-
Sparkle Shower,断罪のミメシス,0,,-,1154,XYLKY-,オーストラリア,2076,IIDX33,オーストラリア,3178,&0X5A,オーストラリア,0,,-
Sparkle Shower,月下繚乱,0,,-,749,YAWAWA,オーストラリア,1728,RINDEX,オーストラリア,2716,IIDX33,オーストラリア,0,,-
Sparkle Shower,煉獄コンフィチュール,0,,-,822,BLUE6,オーストラリア,1838,RINDEX,オーストラリア,2548,JOHNNN,オーストラリア,0,,-
Sparkle Shower,百恋ラブラスター,0,,-,606,VON,オーストラリア,1584,N*MAKI,オーストラリア,2569,JOHNNN,オーストラリア,0,,-
Sparkle Shower,色を喪った街,0,,-,851,QS36,オーストラリア,2113,IIDX33,オーストラリア,3543,JOHNNN,オーストラリア,0,,-
Sparkle Shower,華麗なる！音戯探偵ひなビタ,0,,-,514,SAMECO,オーストラリア,1088,ASHURA,オーストラリア,2182,IIDX33,オーストラリア,0,,-
Sparkle Shower,鏡像都市,0,,-,647,BLUE6,オーストラリア,1356,RINDEX,オーストラリア,1927,RINDEX,オーストラリア,0,,-
Sparkle Shower,閃と雷管とロープ,0,,-,725,BOOTH,オーストラリア,1378,RINDEX,オーストラリア,2515,BE1357,オーストラリア,0,,-
