バージョン,タイトル,BEGINNER EXスコア,BEGINNER DJName,BEGINNER 都道府県,NORMAL EXスコア,NORMAL DJName,NORMAL 都道府県,HYPER EXスコア,HYPER DJName,HYPER 都道府県,ANOTHER EXスコア,ANOTHER DJName,ANOTHER 都道府県,LEGGENDARIA EXスコア,LEGGENDARIA DJName,LEGGENDARIA 都道府県
1st&substream,22DUNK,0,,-,279,MADDUS,ニュージーランド,614,BERRY!,ニュージーランド,600,KUI,ニュージーランド,0,,-
1st&substream,5.1.1.,0,,-,182,RUINS1,ニュージーランド,902,ZAMDIN,ニュージーランド,1526,POLNIA,ニュージーランド,0,,-
1st&substream,deep in you,0,,-,457,0721,ニュージーランド,446,ZAMDIN,ニュージーランド,647,MA25DX,ニュージーランド,0,,-
1st&substream,Dr.LOVE,0,,-,382,BERRY!,ニュージーランド,292,JIMBO,ニュージーランド,573,MA25DX,ニュージーランド,0,,-
1st&substream,GAMBOL,0,,-,212,RUINS1,ニュージーランド,272,MA25DX,ニュージーランド,0,,-,0,,-
1st&substream,GENOM SCREAMS,0,,-,239,MADDUS,ニュージーランド,545,RUINS1,ニュージーランド,1055,MA25DX,ニュージーランド,0,,-
1st&substream,gentle stress,0,,-,0,,-,646,BERRY!,ニュージーランド,1392,0721,ニュージーランド,0,,-
1st&substream,GRADIUSIC CYBER,0,,-,757,RUINS1,ニュージーランド,914,BERRY!,ニュージーランド,1132,0721,ニュージーランド,0,,-
1st&substream,KEEP ON MOVIN',0,,-,190,ZAMDIN,ニュージーランド,243,MA25DX,ニュージーランド,0,,-,0,,-
1st&substream,Macho Gang,0,,-,342,O.HARE,ニュージーランド,1021,BERRY!,ニュージーランド,1562,MA25DX,ニュージーランド,0,,-
1st&substream,PARANOIA MAX～DIRTY MIX～,0,,-,555,0721,ニュージーランド,713,0721,ニュージーランド,1052,0721,ニュージーランド,0,,-
1st&substream,R3,0,,-,497,RUINS1,ニュージーランド,682,O0*19!,ニュージーランド,843,KUI,ニュージーランド,0,,-
1st&substream,RUGGED ASH,0,,-,357,ZAMDIN,ニュージーランド,370,RUINS1,ニュージーランド,949,O0*19!,ニュージーランド,1900,MA25DX,ニュージーランド
1st&substream,THE EARTH LIGHT,0,,-,620,RUINS1,ニュージーランド,892,BERRY!,ニュージーランド,1124,123456,ニュージーランド,0,,-
2nd style,.59,0,,-,619,RUINS1,ニュージーランド,911,ZAMDIN,ニュージーランド,1097,GUEST.,ニュージーランド,0,,-
2nd style,Digital MinD(A/T Libra mix),0,,-,711,0721,ニュージーランド,972,O0*19!,ニュージーランド,1035,O0*19!,ニュージーランド,0,,-
2nd style,Electro Tuned(the SubS mix),0,,-,597,IIDX33,ニュージーランド,0,,-,1009,0721,ニュージーランド,0,,-
2nd style,I Was The One,0,,-,526,KNOK7I,ニュージーランド,603,JENKNS,ニュージーランド,688,MA25DX,ニュージーランド,0,,-
2nd style,Indigo Vision(full flavour hide around mix),0,,-,555,Z-STAR,ニュージーランド,1028,BERRY!,ニュージーランド,1161,DONK,ニュージーランド,0,,-
2nd style,PUT YOUR FAITH IN ME(for beatmania II),0,,-,391,DJ.3D,ニュージーランド,819,PHUBER,ニュージーランド,0,,-,0,,-
2nd style,SP-TRIP MACHINE(for beatmania II),0,,-,380,GRAND,ニュージーランド,590,ZAMDIN,ニュージーランド,603,O0*19!,ニュージーランド,0,,-
3rd style,CAN'T STOP FALLIN'IN LOVE,0,,-,603,BERRY!,ニュージーランド,1099,KUI,ニュージーランド,0,,-,0,,-
3rd style,Don't Stop!,0,,-,366,PRIEST,ニュージーランド,824,BERRY!,ニュージーランド,896,MA25DX,ニュージーランド,0,,-
3rd style,era (nostalmix),0,,-,621,DENJIN,ニュージーランド,939,O0*19!,ニュージーランド,1410,KUI,ニュージーランド,0,,-
3rd style,Holic,0,,-,687,RUINS1,ニュージーランド,1143,BERRY!,ニュージーランド,1639,MA25DX,ニュージーランド,0,,-
3rd style,LEADING CYBER,0,,-,738,RUINS1,ニュージーランド,1117,O0*19!,ニュージーランド,1224,KCM,ニュージーランド,0,,-
3rd style,Presto,0,,-,419,RUINS1,ニュージーランド,776,ZAMDIN,ニュージーランド,990,MA25DX,ニュージーランド,0,,-
3rd style,R5,0,,-,750,BERRY!,ニュージーランド,1094,O0*19!,ニュージーランド,1716,N,ニュージーランド,0,,-
3rd style,REINCARNATION,0,,-,823,0721,ニュージーランド,970,BERRY!,ニュージーランド,1214,33SA3,ニュージーランド,0,,-
3rd style,Schlagwerk,0,,-,762,O0*19!,ニュージーランド,1211,O0*19!,ニュージーランド,1571,KUI,ニュージーランド,0,,-
3rd style,Skyscraper,0,,-,676,O0*19!,ニュージーランド,627,SYNCHZ,ニュージーランド,1194,33SA3,ニュージーランド,0,,-
3rd style,Tangerine Stream,0,,-,276,KNOK7I,ニュージーランド,375,KUI,ニュージーランド,0,,-,0,,-
3rd style,THE SAFARI,331,2,ニュージーランド,1042,O0*19!,ニュージーランド,1640,MA25DX,ニュージーランド,0,,-,0,,-
4th style,250bpm,0,,-,329,ALEX,ニュージーランド,613,DAVID,ニュージーランド,1189,TAKA84,ニュージーランド,0,,-
4th style,ABSOLUTE,0,,-,919,IIDX33,ニュージーランド,1572,O0*19!,ニュージーランド,2191,123456,ニュージーランド,2533,YRP,ニュージーランド
4th style,B4U,0,,-,834,RUINS1,ニュージーランド,1476,BERRY!,ニュージーランド,1832,0721,ニュージーランド,0,,-
4th style,Broken My Heart,0,,-,850,O0*19!,ニュージーランド,1338,O0*19!,ニュージーランド,1579,O0*19!,ニュージーランド,0,,-
4th style,Burnin' The Floor,0,,-,538,O0*19!,ニュージーランド,871,O0*19!,ニュージーランド,1404,123456,ニュージーランド,0,,-
4th style,CHECKING YOU OUT,0,,-,514,RUINS1,ニュージーランド,733,O0*19!,ニュージーランド,1235,RRRR,ニュージーランド,0,,-
4th style,Clione,0,,-,502,O0*19!,ニュージーランド,887,BERRY!,ニュージーランド,1547,MA25DX,ニュージーランド,2076,IIDX33,ニュージーランド
4th style,DXY!,0,,-,958,RUINS1,ニュージーランド,1592,O0*19!,ニュージーランド,2093,MA25DX,ニュージーランド,0,,-
4th style,empathy,0,,-,0,,-,0,,-,1282,O0*19!,ニュージーランド,0,,-
4th style,era (step mix),0,,-,762,LAN,ニュージーランド,1304,BERRY!,ニュージーランド,1608,33SA3,ニュージーランド,0,,-
4th style,FLOWERS for ALBION,0,,-,0,,-,398,DMIL,ニュージーランド,0,,-,0,,-
4th style,HIGHER,0,,-,227,VAIL,ニュージーランド,894,ZAMDIN,ニュージーランド,1223,123456,ニュージーランド,0,,-
4th style,Hitch Hiker2,0,,-,777,O0*19!,ニュージーランド,779,RUINS1,ニュージーランド,1256,33SA3,ニュージーランド,1798,KUI,ニュージーランド
4th style,Jam&Marmalade,0,,-,657,RUINS1,ニュージーランド,632,RUINS1,ニュージーランド,914,KUI,ニュージーランド,0,,-
4th style,KAMIKAZE,0,,-,0,,-,684,ZEPLIC,ニュージーランド,2200,YOR*TN,ニュージーランド,0,,-
4th style,LOVE WILL・・・,0,,-,507,O0*19!,ニュージーランド,727,O0*19!,ニュージーランド,1416,GUEST.,ニュージーランド,0,,-
4th style,minimalian,0,,-,0,,-,1005,0721,ニュージーランド,1045,JENKNS,ニュージーランド,0,,-
4th style,Mr.T.(take me higher),0,,-,733,O0*19!,ニュージーランド,798,RUINS1,ニュージーランド,1674,GUEST.,ニュージーランド,0,,-
4th style,starmine,278,CRUMAX,ニュージーランド,851,BERRY!,ニュージーランド,1361,BERRY!,ニュージーランド,1524,123456,ニュージーランド,0,,-
4th style,SWEET LAB,0,,-,523,KNOK7I,ニュージーランド,836,O0*19!,ニュージーランド,1126,33SA3,ニュージーランド,0,,-
4th style,Voltage (feat. Hidemaru),0,,-,789,RUINS1,ニュージーランド,1163,0721,ニュージーランド,1255,DMIL,ニュージーランド,0,,-
5th style,Abyss,0,,-,921,IIDX33,ニュージーランド,1482,JENKNS,ニュージーランド,1853,IIDX33,ニュージーランド,0,,-
5th style,in my eyes,0,,-,888,O0*19!,ニュージーランド,1187,ZAMDIN,ニュージーランド,1533,MA25DX,ニュージーランド,0,,-
5th style,LOVE AGAIN TONIGHT～for Mellisa mix～,0,,-,561,RUINS1,ニュージーランド,851,O0*19!,ニュージーランド,1089,PHUBER,ニュージーランド,0,,-
5th style,outer wall,0,,-,723,RUINS1,ニュージーランド,0,,-,1747,POLNIA,ニュージーランド,0,,-
5th style,QQQ,0,,-,847,RUINS1,ニュージーランド,1558,JENKNS,ニュージーランド,2032,MOLFOI,ニュージーランド,0,,-
5th style,Radical Faith,0,,-,0,,-,826,DENJIN,ニュージーランド,1213,KUI,ニュージーランド,0,,-
5th style,Real,0,,-,0,,-,1285,IMA?,ニュージーランド,1501,O0*19!,ニュージーランド,0,,-
5th style,Regulus,0,,-,611,RUINS1,ニュージーランド,1206,F2D,ニュージーランド,1474,YRP,ニュージーランド,0,,-
5th style,RIDE ON THE LIGHT (HI GREAT MIX),0,,-,500,AOKI,ニュージーランド,737,RUINS1,ニュージーランド,1499,O0*19!,ニュージーランド,1747,KAGAM,ニュージーランド
5th style,RISLIM,0,,-,608,DENJIN,ニュージーランド,1123,PHUBER,ニュージーランド,0,,-,0,,-
5th style,sometime,0,,-,703,O0*19!,ニュージーランド,0,,-,1270,DONK,ニュージーランド,0,,-
5th style,Spin the disc,0,,-,671,RUINS1,ニュージーランド,938,MXP-GX,ニュージーランド,1281,MA25DX,ニュージーランド,0,,-
5th style,STILL IN MY HEART,0,,-,832,RUINS1,ニュージーランド,423,DJYNTK,ニュージーランド,1782,KUI,ニュージーランド,0,,-
5th style,still my words,0,,-,865,ZAMDIN,ニュージーランド,1191,0721,ニュージーランド,0,,-,0,,-
5th style,sync,0,,-,895,RUINS1,ニュージーランド,1580,JENKNS,ニュージーランド,2181,O0*19!,ニュージーランド,0,,-
5th style,THE CUBE,0,,-,661,RUINS1,ニュージーランド,1172,BERRY!,ニュージーランド,1272,BERRY!,ニュージーランド,0,,-
5th style,THE SHINING POLARIS,0,,-,897,OKASAN,ニュージーランド,792,STESTR,ニュージーランド,1561,MA25DX,ニュージーランド,0,,-
5th style,V,0,,-,1137,F2D,ニュージーランド,2296,873UME,ニュージーランド,2999,POLNIA,ニュージーランド,0,,-
6th style,"19,November",0,,-,980,RUINS1,ニュージーランド,1290,IMA?,ニュージーランド,1717,MA25DX,ニュージーランド,0,,-
6th style,BALLAD FOR YOU～想いの雨～,0,,-,493,RUINS1,ニュージーランド,665,RUINS1,ニュージーランド,1057,0721,ニュージーランド,0,,-
6th style,Blueberry Stream,0,,-,513,JIMJI,ニュージーランド,505,IMA?,ニュージーランド,1572,MA25DX,ニュージーランド,0,,-
6th style,Buffalo,0,,-,956,BERRY!,ニュージーランド,1230,IMA?,ニュージーランド,1689,873UME,ニュージーランド,2380,123456,ニュージーランド
6th style,Colors (radio edit),0,,-,1340,ZAMDIN,ニュージーランド,1847,DMIL,ニュージーランド,2436,POLNIA,ニュージーランド,0,,-
6th style,DIVE ～INTO YOUR HEART～,0,,-,977,RUINS1,ニュージーランド,1517,AALI-Z,ニュージーランド,1883,N,ニュージーランド,0,,-
6th style,fly through the night,0,,-,730,RUINS1,ニュージーランド,0,,-,1550,0721,ニュージーランド,0,,-
6th style,Free Style,0,,-,0,,-,964,ZAMDIN,ニュージーランド,1282,MA25DX,ニュージーランド,0,,-
6th style,Frozen Ray (original mix),0,,-,1189,O0*19!,ニュージーランド,1417,NICKEL,ニュージーランド,1722,MA25DX,ニュージーランド,0,,-
6th style,G2,0,,-,1362,0721,ニュージーランド,1518,O0*19!,ニュージーランド,2187,IIDX33,ニュージーランド,0,,-
6th style,L'amour et la liberte,0,,-,621,RUINS1,ニュージーランド,1347,BERRY!,ニュージーランド,1890,33SA3,ニュージーランド,0,,-
6th style,Linus,0,,-,510,ZENNAN,ニュージーランド,0,,-,1931,873UME,ニュージーランド,0,,-
6th style,NEMESIS,0,,-,830,ZAMDIN,ニュージーランド,1257,IMA?,ニュージーランド,1750,KCM,ニュージーランド,0,,-
6th style,rottel-da-sun,0,,-,636,RUINS1,ニュージーランド,1306,BERRY!,ニュージーランド,1627,K4SEN,ニュージーランド,0,,-
6th style,route 80s,0,,-,712,RUINS1,ニュージーランド,0,,-,1340,KUI,ニュージーランド,0,,-
6th style,SOMETHING WONDERFUL,0,,-,782,RUINS1,ニュージーランド,1213,O0*19!,ニュージーランド,1658,O0*19!,ニュージーランド,0,,-
6th style,Summer Vacation(CU mix),0,,-,960,RUINS1,ニュージーランド,1635,O0*19!,ニュージーランド,0,,-,0,,-
6th style,Take It Easy,0,,-,1374,873UME,ニュージーランド,2303,123456,ニュージーランド,2371,MA25DX,ニュージーランド,0,,-
6th style,VJ ARMY,0,,-,1050,RUINS1,ニュージーランド,1353,F2D,ニュージーランド,1907,GON,ニュージーランド,0,,-
6th style,こっちを向いてよ,0,,-,302,DAWN37,ニュージーランド,522,VEXXED,ニュージーランド,1369,MA25DX,ニュージーランド,0,,-
7th style,A,0,,-,1222,O0*19!,ニュージーランド,1710,LD,ニュージーランド,2351,MA25DX,ニュージーランド,0,,-
7th style,AVE DE RAPINA,0,,-,989,RUINS1,ニュージーランド,1576,BERRY!,ニュージーランド,1776,MA25DX,ニュージーランド,0,,-
7th style,Bad Routine,0,,-,910,RUINS1,ニュージーランド,979,IIDX33,ニュージーランド,1778,33SA3,ニュージーランド,0,,-
7th style,Burning Heat! (Full Option Mix),0,,-,676,K4SEN,ニュージーランド,572,DENJIN,ニュージーランド,1295,33SA3,ニュージーランド,0,,-
7th style,Cheer Train,0,,-,725,RUINS1,ニュージーランド,0,,-,1599,KUI,ニュージーランド,0,,-
7th style,D2R,0,,-,642,RUINS1,ニュージーランド,651,DENJIN,ニュージーランド,1587,GUEST.,ニュージーランド,0,,-
7th style,DESTINY,0,,-,807,RUINS1,ニュージーランド,1331,BERRY!,ニュージーランド,1752,YOR*TN,ニュージーランド,0,,-
7th style,foreplay,0,,-,536,RUINS1,ニュージーランド,877,NIXEY,ニュージーランド,1223,KUI,ニュージーランド,0,,-
7th style,Glorious Days,0,,-,447,RUINS1,ニュージーランド,0,,-,872,MA25DX,ニュージーランド,0,,-
7th style,Happy Wedding,0,,-,971,RUINS1,ニュージーランド,704,VAIL,ニュージーランド,1801,MA25DX,ニュージーランド,0,,-
7th style,Last Message,0,,-,955,BERRY!,ニュージーランド,1137,IMA?,ニュージーランド,1510,PHUBER,ニュージーランド,0,,-
7th style,Let the Snow Paint Me,0,,-,0,,-,607,JIMJI,ニュージーランド,1233,MA25DX,ニュージーランド,0,,-
7th style,Love Me Do,0,,-,893,RUINS1,ニュージーランド,1490,JENKNS,ニュージーランド,2087,$,ニュージーランド,0,,-
7th style,MAX 300,0,,-,1014,O0*19!,ニュージーランド,1757,IIDX33,ニュージーランド,2547,KUI,ニュージーランド,0,,-
7th style,Somebody Like You,0,,-,700,RUINS1,ニュージーランド,1063,JENKNS,ニュージーランド,1695,123456,ニュージーランド,0,,-
7th style,Spica,0,,-,620,O0*19!,ニュージーランド,791,ZENNAN,ニュージーランド,1963,DONK,ニュージーランド,0,,-
7th style,stoic,0,,-,1594,OKASAN,ニュージーランド,2227,33SA3,ニュージーランド,2337,KUI,ニュージーランド,0,,-
7th style,Tomorrow Perfume,0,,-,746,RUINS1,ニュージーランド,1247,F2D,ニュージーランド,2071,MA25DX,ニュージーランド,0,,-
7th style,traces,0,,-,1150,RUINS1,ニュージーランド,1437,ILLIA,ニュージーランド,2009,123456,ニュージーランド,0,,-
7th style,ZERO-ONE,0,,-,334,DJPHAM,ニュージーランド,1627,BERRY!,ニュージーランド,2017,33SA3,ニュージーランド,2689,MA25DX,ニュージーランド
7th style,革命,0,,-,573,RUINS1,ニュージーランド,1791,N,ニュージーランド,2329,POLNIA,ニュージーランド,0,,-
8th style,abstract,0,,-,0,,-,1480,0721,ニュージーランド,1778,BERRY!,ニュージーランド,0,,-
8th style,airflow,0,,-,546,K4SEN,ニュージーランド,405,REECHE,ニュージーランド,1389,BD86,ニュージーランド,0,,-
8th style,ALL RIGHT,0,,-,827,O0*19!,ニュージーランド,1133,O0*19!,ニュージーランド,1327,JENKNS,ニュージーランド,0,,-
8th style,Attitude,0,,-,709,IIDX33,ニュージーランド,936,LD,ニュージーランド,1734,IIDX33,ニュージーランド,0,,-
8th style,bit mania,0,,-,835,RUINS1,ニュージーランド,1068,RUINS1,ニュージーランド,1830,YOR*TN,ニュージーランド,0,,-
8th style,Blame,0,,-,608,ZEPLIC,ニュージーランド,1430,BERRY!,ニュージーランド,1891,POLNIA,ニュージーランド,0,,-
8th style,CELEBRATE NITE,0,,-,698,IIDX33,ニュージーランド,787,IIDX33,ニュージーランド,1385,MA25DX,ニュージーランド,0,,-
8th style,Colors -Y&Co. Eurobeat Remix-,0,,-,620,AOKI,ニュージーランド,1510,NICKEL,ニュージーランド,2102,LUCY,ニュージーランド,0,,-
8th style,dual control,0,,-,468,TSTCHG,ニュージーランド,0,,-,1709,BERRY!,ニュージーランド,0,,-
8th style,Giudecca,0,,-,405,SATURN,ニュージーランド,1770,O0*19!,ニュージーランド,2467,KUI,ニュージーランド,0,,-
8th style,Halfway of promise,0,,-,664,DJ.3D,ニュージーランド,1449,BERRY!,ニュージーランド,1773,IIDX33,ニュージーランド,0,,-
8th style,HYPER BOUNDARY GATE,0,,-,1013,RUINS1,ニュージーランド,1530,DEJIKO,ニュージーランド,2124,33SA3,ニュージーランド,0,,-
8th style,LAB,0,,-,0,,-,1597,IMA?,ニュージーランド,1813,GON,ニュージーランド,2478,PHUBER,ニュージーランド
8th style,LOVE IS ORANGE,0,,-,701,ANGEL,ニュージーランド,706,ZEPLIC,ニュージーランド,1740,KUI,ニュージーランド,2037,DONK,ニュージーランド
8th style,Luv 2 Feel Your Body,0,,-,608,RUINS1,ニュージーランド,775,RUINS1,ニュージーランド,1611,MA25DX,ニュージーランド,0,,-
8th style,memories,0,,-,640,SPCTRE,ニュージーランド,1599,F2D,ニュージーランド,2025,K4SEN,ニュージーランド,0,,-
8th style,Monkey Dance,0,,-,447,SATURN,ニュージーランド,1289,BERRY!,ニュージーランド,1918,MA25DX,ニュージーランド,0,,-
8th style,murmur twins,0,,-,602,AOKI,ニュージーランド,1370,ZAMDIN,ニュージーランド,2253,33SA3,ニュージーランド,0,,-
8th style,MUSIC TO YOUR HEAD,0,,-,182,RHOD11,ニュージーランド,1300,SZR,ニュージーランド,1446,MOLFOI,ニュージーランド,0,,-
8th style,PLEASE DON'T GO,0,,-,0,,-,1157,ZAMDIN,ニュージーランド,2332,$,ニュージーランド,0,,-
8th style,rainbow flyer,0,,-,616,RUINS1,ニュージーランド,1275,F2D,ニュージーランド,2037,IIDX33,ニュージーランド,0,,-
8th style,symbolic,0,,-,1306,O0*19!,ニュージーランド,1685,O0*19!,ニュージーランド,2109,123456,ニュージーランド,0,,-
8th style,thunder,0,,-,0,,-,1331,ZAMDIN,ニュージーランド,1855,MA25DX,ニュージーランド,0,,-
8th style,WAR GAME,0,,-,952,0721,ニュージーランド,1457,BERRY!,ニュージーランド,2099,YOR*TN,ニュージーランド,0,,-
8th style,World Wide Love,0,,-,567,GRAND,ニュージーランド,1006,ZAMDIN,ニュージーランド,1107,MA25DX,ニュージーランド,0,,-
8th style,xenon,0,,-,737,IIDX33,ニュージーランド,1540,AALI-Z,ニュージーランド,2609,IIDX33,ニュージーランド,0,,-
8th style,桜,0,,-,900,873UME,ニュージーランド,1458,123456,ニュージーランド,2081,POLNIA,ニュージーランド,0,,-
8th style,蒼い衝動,0,,-,751,RUINS1,ニュージーランド,0,,-,1531,DONK,ニュージーランド,0,,-
9th style,Abyss -The Heavens Remix-,415,TENTE,ニュージーランド,1352,JENKNS,ニュージーランド,1620,ZAMDIN,ニュージーランド,2242,123456,ニュージーランド,0,,-
9th style,ACT,0,,-,744,ZAKI3,ニュージーランド,1334,JENKNS,ニュージーランド,1789,YOR*TN,ニュージーランド,0,,-
9th style,ADVANCE,0,,-,436,O0*19!,ニュージーランド,749,O0*19!,ニュージーランド,1465,123456,ニュージーランド,0,,-
9th style,ATOMIC AGE,0,,-,299,RUINS1,ニュージーランド,619,BERRY!,ニュージーランド,1229,33SA3,ニュージーランド,0,,-
9th style,BAD BOY BASS!! (dj Remo-con MIX),0,,-,674,REMY,ニュージーランド,1295,O0*19!,ニュージーランド,1697,N,ニュージーランド,0,,-
9th style,bag,0,,-,692,RUINS1,ニュージーランド,687,IIDX33,ニュージーランド,1866,GUEST.,ニュージーランド,0,,-
9th style,BRIGHTNESS DARKNESS,0,,-,696,O0*19!,ニュージーランド,1076,MXP-GX,ニュージーランド,1631,O0*19!,ニュージーランド,0,,-
9th style,Cradle,0,,-,852,ZAMDIN,ニュージーランド,1379,BERRY!,ニュージーランド,1370,O0*19!,ニュージーランド,0,,-
9th style,Distress,0,,-,0,,-,1688,123456,ニュージーランド,0,,-,0,,-
9th style,e-motion 2003  -romantic extra-,0,,-,942,RUINS1,ニュージーランド,985,ZEPLIC,ニュージーランド,1831,N,ニュージーランド,0,,-
9th style,fun,0,,-,465,O0*19!,ニュージーランド,900,JENKNS,ニュージーランド,1628,POLNIA,ニュージーランド,0,,-
9th style,Golden Horn,0,,-,0,,-,1116,O0*19!,ニュージーランド,1381,33SA3,ニュージーランド,0,,-
9th style,HYPER EUROBEAT (2DX style),0,,-,899,RUINS1,ニュージーランド,0,,-,1822,123456,ニュージーランド,0,,-
9th style,I Was The One (80's EUROBEAT STYLE),0,,-,734,O0*19!,ニュージーランド,1285,0721,ニュージーランド,1398,MA25DX,ニュージーランド,0,,-
9th style,Karma,0,,-,634,ZENNAN,ニュージーランド,1104,NICKEL,ニュージーランド,1665,K4SEN,ニュージーランド,0,,-
9th style,lights,0,,-,262,ULT*,ニュージーランド,1329,O0*19!,ニュージーランド,1746,MA25DX,ニュージーランド,0,,-
9th style,Logic Board,0,,-,941,OKASAN,ニュージーランド,1574,O0*19!,ニュージーランド,2250,YOR*TN,ニュージーランド,0,,-
9th style,LOVE SHINE,448,REECHE,ニュージーランド,613,IIDX33,ニュージーランド,1699,O0*19!,ニュージーランド,2073,POLNIA,ニュージーランド,0,,-
9th style,lower world,0,,-,1182,O0*19!,ニュージーランド,1788,BERRY!,ニュージーランド,2076,123456,ニュージーランド,0,,-
9th style,Make A Difference,0,,-,695,RUINS1,ニュージーランド,0,,-,1956,YRP,ニュージーランド,0,,-
9th style,MARIA (I believe... ),0,,-,514,DENJIN,ニュージーランド,1496,BERRY!,ニュージーランド,1811,BERRY!,ニュージーランド,0,,-
9th style,moon_child,0,,-,612,SPCTRE,ニュージーランド,1961,POLNIA,ニュージーランド,2351,$,ニュージーランド,0,,-
9th style,one or eight,0,,-,1046,ZAMDIN,ニュージーランド,1743,BERRY!,ニュージーランド,2078,MA25DX,ニュージーランド,0,,-
9th style,PARANOIA survivor MAX,0,,-,860,AKI8MA,ニュージーランド,1220,BERRY!,ニュージーランド,1916,GUEST.,ニュージーランド,0,,-
9th style,quasar,0,,-,822,STESTR,ニュージーランド,1636,DMIL,ニュージーランド,2309,POLNIA,ニュージーランド,0,,-
9th style,Quickening,0,,-,695,RUINS1,ニュージーランド,1321,F2D,ニュージーランド,1963,123456,ニュージーランド,0,,-
9th style,Really Love,0,,-,544,RUINS1,ニュージーランド,829,O0*19!,ニュージーランド,1695,123456,ニュージーランド,0,,-
9th style,RISLIM -Remix-,0,,-,529,TSTCHG,ニュージーランド,934,0721,ニュージーランド,1835,IIDX33,ニュージーランド,0,,-
9th style,rottel-the-Mercury,0,,-,918,O0*19!,ニュージーランド,1675,O0*19!,ニュージーランド,2150,N,ニュージーランド,0,,-
9th style,Silvia Drive,0,,-,565,AOKI,ニュージーランド,1421,O0*19!,ニュージーランド,1991,MA25DX,ニュージーランド,0,,-
9th style,SNOW,0,,-,0,,-,0,,-,1807,MOLFOI,ニュージーランド,0,,-
9th style,STAR FIELD,0,,-,548,DJ.3D,ニュージーランド,1520,BERRY!,ニュージーランド,1831,BD86,ニュージーランド,0,,-
9th style,Sweet Sweet Magic,0,,-,416,VAIL,ニュージーランド,1006,ZAKI3,ニュージーランド,1933,LUCY,ニュージーランド,0,,-
9th style,SWEETEST SAVAGE,0,,-,519,RUINS1,ニュージーランド,970,RUINS1,ニュージーランド,1688,MA25DX,ニュージーランド,0,,-
9th style,ライオン好き,0,,-,649,0721,ニュージーランド,1071,IMA?,ニュージーランド,1457,MA25DX,ニュージーランド,0,,-
9th style,真夏の花・真夏の夢,0,,-,780,O0*19!,ニュージーランド,891,RUINS1,ニュージーランド,1445,YOR*TN,ニュージーランド,0,,-
10th style,1st Samurai,0,,-,999,ZAMDIN,ニュージーランド,1609,33SA3,ニュージーランド,2200,K4SEN,ニュージーランド,0,,-
10th style,ALIEN TEMPLE,0,,-,385,AAAAAA,ニュージーランド,0,,-,1942,MA25DX,ニュージーランド,0,,-
10th style,ASTRAL VOYAGE,0,,-,618,AOKI,ニュージーランド,0,,-,1730,BERRY!,ニュージーランド,0,,-
10th style,BABY LOVE,0,,-,1130,O0*19!,ニュージーランド,1548,O0*19!,ニュージーランド,1998,33SA3,ニュージーランド,0,,-
10th style,Back Into The Light,0,,-,642,STESTR,ニュージーランド,962,NICKEL,ニュージーランド,2070,YOR*TN,ニュージーランド,0,,-
10th style,Boundary,0,,-,665,O0*19!,ニュージーランド,1732,BERRY!,ニュージーランド,1925,O0*19!,ニュージーランド,0,,-
10th style,CARRY ON NIGHT (English version),0,,-,0,,-,1309,BERRY!,ニュージーランド,1946,IIDX17,ニュージーランド,0,,-
10th style,Daisuke,437,RUINS1,ニュージーランド,1156,BERRY!,ニュージーランド,1553,MEU,ニュージーランド,2336,KCM,ニュージーランド,0,,-
10th style,Debtty Daddy,0,,-,990,BERRY!,ニュージーランド,1401,JENKNS,ニュージーランド,2527,123456,ニュージーランド,0,,-
10th style,desolation,0,,-,456,K4SEN,ニュージーランド,616,O0*19!,ニュージーランド,750,MA25DX,ニュージーランド,0,,-
10th style,DoLL,251,WELSH,ニュージーランド,755,RUINS1,ニュージーランド,570,DENJIN,ニュージーランド,1581,YOR*TN,ニュージーランド,0,,-
10th style,EXE,0,,-,714,LL1H,ニュージーランド,1546,BERRY!,ニュージーランド,2156,GUEST.,ニュージーランド,0,,-
10th style,Feedback,0,,-,910,0721,ニュージーランド,0,,-,1730,33SA3,ニュージーランド,0,,-
10th style,FEEL IT,0,,-,548,ALEX,ニュージーランド,1393,O0*19!,ニュージーランド,1766,123456,ニュージーランド,0,,-
10th style,Freezing atmosphere,0,,-,0,,-,984,O0*19!,ニュージーランド,1291,O0*19!,ニュージーランド,0,,-
10th style,GHOST REVIVAL,0,,-,681,JIMJI,ニュージーランド,1609,LD,ニュージーランド,2371,33SA3,ニュージーランド,0,,-
10th style,GRADIUS -FULL SPEED-,0,,-,572,RUINS1,ニュージーランド,1083,O0*19!,ニュージーランド,1276,JENKNS,ニュージーランド,0,,-
10th style,HIGH,0,,-,888,O0*19!,ニュージーランド,1773,N,ニュージーランド,1993,33SA3,ニュージーランド,2756,123456,ニュージーランド
10th style,Innocent Walls,0,,-,1285,ZAMDIN,ニュージーランド,2364,BD86,ニュージーランド,2569,MA25DX,ニュージーランド,0,,-
10th style,Love Is Eternity,0,,-,1071,LL1H,ニュージーランド,1515,JENKNS,ニュージーランド,2260,YOR*TN,ニュージーランド,0,,-
10th style,Lucy,0,,-,0,,-,1650,BERRY!,ニュージーランド,2191,LUCY,ニュージーランド,0,,-
10th style,Narcissus At Oasis,0,,-,732,BERRY!,ニュージーランド,1314,33SA3,ニュージーランド,1590,KAGAM,ニュージーランド,0,,-
10th style,No.13,0,,-,1527,BERRY!,ニュージーランド,2429,33SA3,ニュージーランド,2874,33SA3,ニュージーランド,0,,-
10th style,One More Lovely,0,,-,695,VIVLAN,ニュージーランド,1582,BERRY!,ニュージーランド,2835,POLNIA,ニュージーランド,0,,-
10th style,pandora,0,,-,0,,-,1310,JENKNS,ニュージーランド,1743,0721,ニュージーランド,0,,-
10th style,rainbow rainbow,0,,-,542,DJYNTK,ニュージーランド,2090,BERRY!,ニュージーランド,2477,GUEST.,ニュージーランド,0,,-
10th style,Rise'n Beauty,0,,-,0,,-,1133,F2D,ニュージーランド,2013,33SA3,ニュージーランド,3540,KCM,ニュージーランド
10th style,SCORE,0,,-,915,RUINS1,ニュージーランド,1156,DAVID,ニュージーランド,1950,YOR*TN,ニュージーランド,0,,-
10th style,SHOOTING STAR,0,,-,551,DJYNTK,ニュージーランド,1648,YOR*TN,ニュージーランド,2250,POLNIA,ニュージーランド,0,,-
10th style,SPACE FIGHT,0,,-,221,LINC??,ニュージーランド,1420,BERRY!,ニュージーランド,2132,MA25DX,ニュージーランド,0,,-
10th style,システムロマンス,0,,-,0,,-,1400,MXP-GX,ニュージーランド,1932,MA25DX,ニュージーランド,0,,-
10th style,雪月花,0,,-,1145,BERRY!,ニュージーランド,1804,123456,ニュージーランド,2330,YOR*TN,ニュージーランド,0,,-
IIDX RED,AA,0,,-,1237,123456,ニュージーランド,2631,YOR*TN,ニュージーランド,3638,POLNIA,ニュージーランド,0,,-
IIDX RED,AGEHA,479,TENTE,ニュージーランド,810,RUINS1,ニュージーランド,1533,O0*19!,ニュージーランド,1627,DMIL,ニュージーランド,2239,N,ニュージーランド
IIDX RED,ANDROMEDA,0,,-,924,O0*19!,ニュージーランド,1386,ZAMDIN,ニュージーランド,2763,POLNIA,ニュージーランド,0,,-
IIDX RED,awakening,0,,-,686,ANGEL,ニュージーランド,1324,O0*19!,ニュージーランド,1648,DONK,ニュージーランド,0,,-
IIDX RED,Be quiet,0,,-,738,RHPURE,ニュージーランド,1607,BERRY!,ニュージーランド,2070,123456,ニュージーランド,2634,IIDX33,ニュージーランド
IIDX RED,BLOCKS,0,,-,465,JIMJI,ニュージーランド,1182,O0*19!,ニュージーランド,1959,POLNIA,ニュージーランド,0,,-
IIDX RED,BREATH,0,,-,867,O0*19!,ニュージーランド,1263,BERRY!,ニュージーランド,1588,123456,ニュージーランド,0,,-
IIDX RED,Click Again,0,,-,823,O0*19!,ニュージーランド,1292,O0*19!,ニュージーランド,2057,MA25DX,ニュージーランド,0,,-
IIDX RED,Close my Eyes for Me,0,,-,0,,-,1344,BERRY!,ニュージーランド,1736,MA25DX,ニュージーランド,0,,-
IIDX RED,D.A.N.C.E.!,0,,-,586,KNOK7I,ニュージーランド,669,RUINS1,ニュージーランド,1562,MA25DX,ニュージーランド,0,,-
IIDX RED,Don't be afraid myself,0,,-,1028,BERRY!,ニュージーランド,1428,JENKNS,ニュージーランド,2176,33SA3,ニュージーランド,0,,-
IIDX RED,earth scape,0,,-,441,KNOK7I,ニュージーランド,972,ZAMDIN,ニュージーランド,1253,0721,ニュージーランド,0,,-
IIDX RED,FAKE TIME,0,,-,926,ZAMDIN,ニュージーランド,1633,873UME,ニュージーランド,2259,BD86,ニュージーランド,0,,-
IIDX RED,Fly Away To India,0,,-,627,JENKNS,ニュージーランド,0,,-,1318,33SA3,ニュージーランド,0,,-
IIDX RED,GENOCIDE,0,,-,1034,O0*19!,ニュージーランド,1737,0721,ニュージーランド,2222,LR4,ニュージーランド,0,,-
IIDX RED,gigadelic,498,NAUSEA,ニュージーランド,1412,33SA3,ニュージーランド,1999,123456,ニュージーランド,2491,POLNIA,ニュージーランド,0,,-
IIDX RED,HORIZON,0,,-,0,,-,1394,AUTHOR,ニュージーランド,1817,O0*19!,ニュージーランド,0,,-
IIDX RED,KEY,0,,-,994,O0*19!,ニュージーランド,1765,KUI,ニュージーランド,2716,123456,ニュージーランド,0,,-
IIDX RED,NEBULA GRASPER,0,,-,1333,O0*19!,ニュージーランド,931,MXP-GX,ニュージーランド,1750,URU,ニュージーランド,0,,-
IIDX RED,Raspberry Heart(English version),0,,-,879,RUINS1,ニュージーランド,1515,BERRY!,ニュージーランド,1758,GON,ニュージーランド,0,,-
IIDX RED,RED ZONE,106,KAYSEA,ニュージーランド,1054,O0*19!,ニュージーランド,1837,IIDX17,ニュージーランド,2207,IIDX17,ニュージーランド,3066,POLNIA,ニュージーランド
IIDX RED,RESONATE 1794,0,,-,848,O0*19!,ニュージーランド,1348,33SA3,ニュージーランド,1792,MA25DX,ニュージーランド,0,,-
IIDX RED,Secret of Love,0,,-,993,O0*19!,ニュージーランド,1306,TAKA84,ニュージーランド,1961,MA25DX,ニュージーランド,0,,-
IIDX RED,SPEEDY CAT,0,,-,1072,BERRY!,ニュージーランド,0,,-,1930,GUEST.,ニュージーランド,0,,-
IIDX RED,Sphere,0,,-,1003,O0*19!,ニュージーランド,1740,O0*19!,ニュージーランド,2091,RRRR,ニュージーランド,0,,-
IIDX RED,spiral galaxy,0,,-,1006,O0*19!,ニュージーランド,1673,JENKNS,ニュージーランド,2426,33SA3,ニュージーランド,3504,MA25DX,ニュージーランド
IIDX RED,The Hope of Tomorrow,0,,-,977,O0*19!,ニュージーランド,1596,O0*19!,ニュージーランド,1831,GUEST.,ニュージーランド,0,,-
IIDX RED,Wonder Bullfighter,0,,-,877,O0*19!,ニュージーランド,0,,-,1908,MA25DX,ニュージーランド,0,,-
IIDX RED,ピアノ協奏曲第１番”蠍火”,0,,-,780,ZAMDIN,ニュージーランド,1922,USC*LN,ニュージーランド,2667,POLNIA,ニュージーランド,0,,-
IIDX RED,大桟橋,0,,-,407,RUINS1,ニュージーランド,400,ZEPLIC,ニュージーランド,1859,POLNIA,ニュージーランド,0,,-
IIDX RED,太陽～T・A・I・Y・O～,0,,-,749,O0*19!,ニュージーランド,998,AAAAAA,ニュージーランド,1671,DONK,ニュージーランド,0,,-
IIDX RED,ＵＬＴｉＭΛＴＥ,0,,-,850,O0*19!,ニュージーランド,1348,O0*19!,ニュージーランド,1916,RRRR,ニュージーランド,0,,-
HAPPY SKY,100％ minimoo-G,0,,-,915,0721,ニュージーランド,1413,AALI-Z,ニュージーランド,1575,0721,ニュージーランド,0,,-
HAPPY SKY,Agnus Dei,0,,-,791,O0*19!,ニュージーランド,1297,KANAN,ニュージーランド,1776,O0*19!,ニュージーランド,0,,-
HAPPY SKY,alla turca con passione,0,,-,730,JENKNS,ニュージーランド,1364,JENKNS,ニュージーランド,2024,N,ニュージーランド,0,,-
HAPPY SKY,Aurora,0,,-,1226,JENKNS,ニュージーランド,2022,33SA3,ニュージーランド,2377,YOR*TN,ニュージーランド,0,,-
HAPPY SKY,CaptivAte～浄化～,0,,-,1005,ZAMDIN,ニュージーランド,1660,O0*19!,ニュージーランド,2365,123456,ニュージーランド,3215,BD86,ニュージーランド
HAPPY SKY,Catch Me,0,,-,718,O0*19!,ニュージーランド,1028,F2D,ニュージーランド,1687,123456,ニュージーランド,1984,MA25DX,ニュージーランド
HAPPY SKY,Don't let it go,0,,-,712,IIDX33,ニュージーランド,1238,GUEST.,ニュージーランド,1673,POLNIA,ニュージーランド,0,,-
HAPPY SKY,double thrash,0,,-,960,O0*19!,ニュージーランド,1903,33SA3,ニュージーランド,2026,O0*19!,ニュージーランド,0,,-
HAPPY SKY,EDEN,0,,-,1061,HN,ニュージーランド,1870,0721,ニュージーランド,2617,KUI,ニュージーランド,3213,RRRR,ニュージーランド
HAPPY SKY,EMPTY OF THE SKY,0,,-,311,Z-STAR,ニュージーランド,0,,-,1637,33SA3,ニュージーランド,0,,-
HAPPY SKY,First Resolution,0,,-,761,O0*19!,ニュージーランド,1516,BERRY!,ニュージーランド,2017,BERRY!,ニュージーランド,0,,-
HAPPY SKY,garden,0,,-,662,DENJIN,ニュージーランド,1378,O0*19!,ニュージーランド,2061,MA25DX,ニュージーランド,2916,YOR*TN,ニュージーランド
HAPPY SKY,Get'em up to R.A.V.E,0,,-,1085,O0*19!,ニュージーランド,1306,IIDX33,ニュージーランド,2109,MA25DX,ニュージーランド,0,,-
HAPPY SKY,GREEN EYES,0,,-,936,O0*19!,ニュージーランド,1144,DAVID,ニュージーランド,1946,O0*19!,ニュージーランド,0,,-
HAPPY SKY,HAPPY☆ANGEL,484,ANPOPO,ニュージーランド,999,O0*19!,ニュージーランド,1436,MARU-Q,ニュージーランド,2039,IIDX33,ニュージーランド,0,,-
HAPPY SKY,I am,0,,-,994,O0*19!,ニュージーランド,960,REDDRO,ニュージーランド,2077,123456,ニュージーランド,0,,-
HAPPY SKY,in motion,0,,-,775,O0*19!,ニュージーランド,0,,-,1300,MA25DX,ニュージーランド,0,,-
HAPPY SKY,INAZUMA,0,,-,1087,0721,ニュージーランド,1691,N,ニュージーランド,2526,GUEST.,ニュージーランド,3758,!DK,ニュージーランド
HAPPY SKY,LESSON 5,0,,-,1188,O0*19!,ニュージーランド,1503,F2D,ニュージーランド,2353,33SA3,ニュージーランド,0,,-
HAPPY SKY,Little Little Princess,0,,-,1018,ZAMDIN,ニュージーランド,1846,85DX,ニュージーランド,2619,33SA3,ニュージーランド,3568,GUEST.,ニュージーランド
HAPPY SKY,Love Magic,0,,-,939,O0*19!,ニュージーランド,1003,STESTR,ニュージーランド,1654,KUI,ニュージーランド,0,,-
HAPPY SKY,mind the gap,0,,-,584,O0*19!,ニュージーランド,169,Z-STAR,ニュージーランド,1445,0721,ニュージーランド,0,,-
HAPPY SKY,MOON RACE,0,,-,784,O0*19!,ニュージーランド,0,,-,1860,POLNIA,ニュージーランド,0,,-
HAPPY SKY,Pink Rose,0,,-,546,ANGEL,ニュージーランド,486,DENJIN,ニュージーランド,1407,DONK,ニュージーランド,2008,POLNIA,ニュージーランド
HAPPY SKY,PLASMA,0,,-,911,O0*19!,ニュージーランド,1380,JENKNS,ニュージーランド,2217,BD86,ニュージーランド,0,,-
HAPPY SKY,Pollinosis,0,,-,697,O0*19!,ニュージーランド,958,NICKEL,ニュージーランド,2309,123456,ニュージーランド,0,,-
HAPPY SKY,POODLE,0,,-,970,IIDX33,ニュージーランド,1276,EGG,ニュージーランド,2242,DONK,ニュージーランド,3133,GUEST.,ニュージーランド
HAPPY SKY,rage against usual,0,,-,0,,-,1420,F2D,ニュージーランド,2614,YOR*TN,ニュージーランド,0,,-
HAPPY SKY,SCREAM SQUAD,0,,-,1131,BERRY!,ニュージーランド,1532,33SA3,ニュージーランド,2002,POLNIA,ニュージーランド,0,,-
HAPPY SKY,Scripted Connection⇒ A mix,0,,-,0,,-,2101,123456,ニュージーランド,2884,DONK,ニュージーランド,3200,!DK,ニュージーランド
HAPPY SKY,Scripted Connection⇒ H mix,0,,-,959,REDDRO,ニュージーランド,1921,33SA3,ニュージーランド,2373,123456,ニュージーランド,2659,BD86,ニュージーランド
HAPPY SKY,Scripted Connection⇒ N mix,0,,-,1209,O0*19!,ニュージーランド,1159,TKT,ニュージーランド,1946,33SA3,ニュージーランド,2229,123456,ニュージーランド
HAPPY SKY,SigSig,585,GRAND,ニュージーランド,858,RUINS1,ニュージーランド,1557,873UME,ニュージーランド,2574,POLNIA,ニュージーランド,0,,-
HAPPY SKY,Tizona d'El Cid,0,,-,862,O0*19!,ニュージーランド,1675,AALI-Z,ニュージーランド,2139,GUEST.,ニュージーランド,0,,-
HAPPY SKY,Twelfth Style,0,,-,1142,O0*19!,ニュージーランド,1322,ZAMDIN,ニュージーランド,1979,POLNIA,ニュージーランド,2862,MA25DX,ニュージーランド
HAPPY SKY,Under the Sky,0,,-,821,O0*19!,ニュージーランド,1170,ZAKI3,ニュージーランド,1697,GUEST.,ニュージーランド,0,,-
HAPPY SKY,vault of heaven,0,,-,572,JIMJI,ニュージーランド,1108,PATG3N,ニュージーランド,1802,K4SEN,ニュージーランド,0,,-
HAPPY SKY,Votum stellarum,0,,-,721,O0*19!,ニュージーランド,458,EGG,ニュージーランド,2000,POLNIA,ニュージーランド,0,,-
HAPPY SKY,We are Disっ娘よっつ打ち命,0,,-,529,GRAND,ニュージーランド,901,ZAMDIN,ニュージーランド,1554,GON,ニュージーランド,0,,-
HAPPY SKY,Xepher,345,GRAND,ニュージーランド,1025,O0*19!,ニュージーランド,2042,33SA3,ニュージーランド,2991,POLNIA,ニュージーランド,0,,-
HAPPY SKY,オレはビートマニア！お前は何マニア？,0,,-,687,RUINS1,ニュージーランド,1238,O0*19!,ニュージーランド,1678,MA25DX,ニュージーランド,0,,-
HAPPY SKY,ヒマワリ,0,,-,557,0721,ニュージーランド,1367,AAAAAA,ニュージーランド,2020,POLNIA,ニュージーランド,0,,-
HAPPY SKY,ラクエン,0,,-,0,,-,813,O0*19!,ニュージーランド,1845,123456,ニュージーランド,0,,-
HAPPY SKY,冥,472,GRAND,ニュージーランド,928,O0*19!,ニュージーランド,2153,POLNIA,ニュージーランド,3794,POLNIA,ニュージーランド,0,,-
HAPPY SKY,合体せよ！ストロングイェーガー！！ (Ryu☆ remix),0,,-,1044,O0*19!,ニュージーランド,1250,ZAMDIN,ニュージーランド,1791,123456,ニュージーランド,0,,-
HAPPY SKY,月光,0,,-,847,O0*19!,ニュージーランド,1394,CDRIUS,ニュージーランド,2400,DONK,ニュージーランド,0,,-
DistorteD,ALFARSHEAR 双神威に廻る夢,307,NSH***,ニュージーランド,985,O0*19!,ニュージーランド,1153,ZAKI3,ニュージーランド,2034,IIDX33,ニュージーランド,0,,-
DistorteD,Apocalypse ～dirge of swans～,0,,-,839,O0*19!,ニュージーランド,1343,JENKNS,ニュージーランド,2387,POLNIA,ニュージーランド,0,,-
DistorteD,BALLAD THE FEATHERS,0,,-,532,GRAND,ニュージーランド,0,,-,1485,MA25DX,ニュージーランド,0,,-
DistorteD,Bloody Tears(IIDX EDITION),0,,-,1078,O0*19!,ニュージーランド,1601,JENKNS,ニュージーランド,2113,IIDX33,ニュージーランド,0,,-
DistorteD,BOOM BOOM DISCO NIGHT,0,,-,954,O0*19!,ニュージーランド,1591,JENKNS,ニュージーランド,1944,K4SEN,ニュージーランド,0,,-
DistorteD,Broadbanded,0,,-,848,ZAMDIN,ニュージーランド,1244,O0*19!,ニュージーランド,1903,123456,ニュージーランド,0,,-
DistorteD,Concertino in Blue,285,NSH***,ニュージーランド,807,ZAMDIN,ニュージーランド,1257,ZAMDIN,ニュージーランド,2159,OM1Q-G,ニュージーランド,0,,-
DistorteD,CONTRACT,0,,-,736,IIDX33,ニュージーランド,1566,33SA3,ニュージーランド,1870,123456,ニュージーランド,2763,POLNIA,ニュージーランド
DistorteD,D.C.fish,0,,-,919,O0*19!,ニュージーランド,1788,TAKA84,ニュージーランド,2252,MA25DX,ニュージーランド,0,,-
DistorteD,DEEP ROAR,0,,-,910,O0*19!,ニュージーランド,1321,IMA?,ニュージーランド,2654,KCM,ニュージーランド,0,,-
DistorteD,Double Loving Heart,0,,-,451,ANPOPO,ニュージーランド,1284,BERRY!,ニュージーランド,1788,MA25DX,ニュージーランド,0,,-
DistorteD,DUE TOMORROW,0,,-,842,OKASAN,ニュージーランド,1251,33SA3,ニュージーランド,1964,POLNIA,ニュージーランド,0,,-
DistorteD,EURO-ROMANCE,0,,-,846,O0*19!,ニュージーランド,1718,0721,ニュージーランド,1897,O0*19!,ニュージーランド,0,,-
DistorteD,Ganymede,0,,-,1034,O0*19!,ニュージーランド,1583,33SA3,ニュージーランド,2248,POLNIA,ニュージーランド,2548,POLNIA,ニュージーランド
DistorteD,Harmony and Lovely,0,,-,571,NYU,ニュージーランド,1591,O0*19!,ニュージーランド,2227,POLNIA,ニュージーランド,0,,-
DistorteD,Heavenly Sun (IIDX VERSION),0,,-,736,RUINS1,ニュージーランド,1328,JENKNS,ニュージーランド,2103,POLNIA,ニュージーランド,0,,-
DistorteD,INFERNO,0,,-,1056,O0*19!,ニュージーランド,1028,AWEG,ニュージーランド,1911,MA25DX,ニュージーランド,0,,-
DistorteD,Leaving...,0,,-,720,O0*19!,ニュージーランド,0,,-,2125,YOR*TN,ニュージーランド,0,,-
DistorteD,MINT,0,,-,870,O0*19!,ニュージーランド,1734,33SA3,ニュージーランド,2159,GUEST.,ニュージーランド,0,,-
DistorteD,MOON,0,,-,767,O0*19!,ニュージーランド,1779,JENKNS,ニュージーランド,2154,YOR*TN,ニュージーランド,0,,-
DistorteD,Power of Love,0,,-,930,O0*19!,ニュージーランド,0,,-,2089,MA25DX,ニュージーランド,0,,-
DistorteD,So Fabulous !!,0,,-,1059,O0*19!,ニュージーランド,1486,BERRY!,ニュージーランド,2186,GUEST.,ニュージーランド,0,,-
DistorteD,Sun Field,0,,-,412,GRAND,ニュージーランド,1428,BERRY!,ニュージーランド,2292,GUEST.,ニュージーランド,0,,-
DistorteD,The Dirty of Loudness,0,,-,1210,JENKNS,ニュージーランド,2103,N,ニュージーランド,2613,POLNIA,ニュージーランド,0,,-
DistorteD,This is Love,0,,-,848,O0*19!,ニュージーランド,1660,O0*19!,ニュージーランド,2293,MOLFOI,ニュージーランド,0,,-
DistorteD,tripping contact(teranoid&MC Natsack Remix),0,,-,1117,O0*19!,ニュージーランド,1911,123456,ニュージーランド,2265,33SA3,ニュージーランド,0,,-
DistorteD,TYPE MARS(G-Style Mix),0,,-,1059,O0*19!,ニュージーランド,1376,PATG3N,ニュージーランド,2296,MA25DX,ニュージーランド,0,,-
DistorteD,waxing and wanding,0,,-,1228,HN,ニュージーランド,1945,ABCDEF,ニュージーランド,2777,YOR*TN,ニュージーランド,3938,POLNIA,ニュージーランド
DistorteD,Why did you go away,546,GRAND,ニュージーランド,978,O0*19!,ニュージーランド,1269,NICKEL,ニュージーランド,2229,MA25DX,ニュージーランド,0,,-
DistorteD,WISH(EUROBEAT MIX),0,,-,0,,-,1124,F2D,ニュージーランド,1916,GUEST.,ニュージーランド,0,,-
DistorteD,with you…,0,,-,724,O0*19!,ニュージーランド,0,,-,1751,YOR*TN,ニュージーランド,0,,-
DistorteD,Zenius -I- vanisher,0,,-,926,O0*19!,ニュージーランド,1419,JENKNS,ニュージーランド,2252,33SA3,ニュージーランド,0,,-
DistorteD,カゴノトリ～弐式～,0,,-,0,,-,1705,33SA3,ニュージーランド,2540,BD86,ニュージーランド,0,,-
DistorteD,タシカナモノ,0,,-,885,O0*19!,ニュージーランド,1311,O0*19!,ニュージーランド,2007,IIDX33,ニュージーランド,0,,-
DistorteD,嘆きの樹,0,,-,1698,DMIL,ニュージーランド,2516,POLNIA,ニュージーランド,3894,POLNIA,ニュージーランド,0,,-
DistorteD,罠,0,,-,456,GRAND,ニュージーランド,1499,YOR*TN,ニュージーランド,2412,YOR*TN,ニュージーランド,0,,-
DistorteD,華蝶風雪,0,,-,1159,O0*19!,ニュージーランド,2002,873UME,ニュージーランド,2822,AKI8MA,ニュージーランド,3869,IIDX33,ニュージーランド
DistorteD,虹色,0,,-,924,O0*19!,ニュージーランド,1431,0721,ニュージーランド,1780,YOR*TN,ニュージーランド,0,,-
GOLD,2hot2eat,0,,-,509,O0*19!,ニュージーランド,0,,-,1483,33SA3,ニュージーランド,0,,-
GOLD,Air Bell,0,,-,899,O0*19!,ニュージーランド,963,ZAKI3,ニュージーランド,1665,0721,ニュージーランド,0,,-
GOLD,ANDROMEDA II,0,,-,921,O0*19!,ニュージーランド,1665,O0*19!,ニュージーランド,2374,YOR*TN,ニュージーランド,0,,-
GOLD,Blind Justice ～Torn souls， Hurt Faiths ～,0,,-,1254,BERRY!,ニュージーランド,1859,DMIL,ニュージーランド,2465,POLNIA,ニュージーランド,0,,-
GOLD,Candy Galy,0,,-,1538,0721,ニュージーランド,2368,33SA3,ニュージーランド,3557,POLNIA,ニュージーランド,0,,-
GOLD,CaptivAte～裁き～,336,DJ.3D,ニュージーランド,805,ZAMDIN,ニュージーランド,1232,BERRY!,ニュージーランド,1750,IIDX33,ニュージーランド,0,,-
GOLD,CaptivAte～誓い～,0,,-,1221,ZAMDIN,ニュージーランド,1653,DEJIKO,ニュージーランド,2195,IIDX33,ニュージーランド,0,,-
GOLD,CROSSROAD ～Left Story～,0,,-,1034,O0*19!,ニュージーランド,1389,DAVID,ニュージーランド,2181,DONK,ニュージーランド,0,,-
GOLD,Cyber Force,0,,-,1130,O0*19!,ニュージーランド,1403,AUTHOR,ニュージーランド,2341,MA25DX,ニュージーランド,0,,-
GOLD,Fascination MAXX,0,,-,802,O0*19!,ニュージーランド,1554,AKI8MA,ニュージーランド,2400,BD86,ニュージーランド,0,,-
GOLD,FIRE FIRE,442,FYZ,ニュージーランド,1119,SZR,ニュージーランド,1654,DMIL,ニュージーランド,2685,POLNIA,ニュージーランド,0,,-
GOLD,four-leaf,0,,-,704,O0*19!,ニュージーランド,918,KANAN,ニュージーランド,1639,33SA3,ニュージーランド,0,,-
GOLD,GOLD RUSH,428,DJ.3D,ニュージーランド,1104,BERRY!,ニュージーランド,1407,TAKA84,ニュージーランド,2234,DONK,ニュージーランド,0,,-
GOLD,GRID KNIGHT,0,,-,683,O0*19!,ニュージーランド,1640,DMIL,ニュージーランド,2572,YOR*TN,ニュージーランド,3457,POLNIA,ニュージーランド
GOLD,heaven above,0,,-,769,ZAMDIN,ニュージーランド,561,DJYNTK,ニュージーランド,1758,YOR*TN,ニュージーランド,0,,-
GOLD,High School Love,408,0721,ニュージーランド,841,OKASAN,ニュージーランド,1415,O0*19!,ニュージーランド,2171,DONK,ニュージーランド,0,,-
GOLD,INORI,0,,-,1290,O0*19!,ニュージーランド,2481,33SA3,ニュージーランド,3198,POLNIA,ニュージーランド,0,,-
GOLD,KAMAITACHI,0,,-,1138,O0*19!,ニュージーランド,1866,DMIL,ニュージーランド,2562,DONK,ニュージーランド,3882,POLNIA,ニュージーランド
GOLD,LASER CRUSTER,0,,-,1304,DMIL,ニュージーランド,1882,DMIL,ニュージーランド,3180,POLNIA,ニュージーランド,0,,-
GOLD,Love Again...,0,,-,553,0721,ニュージーランド,740,O0*19!,ニュージーランド,1059,DONK,ニュージーランド,0,,-
GOLD,Make Me Your Own,0,,-,746,O0*19!,ニュージーランド,1514,BERRY!,ニュージーランド,1980,YOR*TN,ニュージーランド,0,,-
GOLD,METALLIC MIND,0,,-,814,O0*19!,ニュージーランド,1083,KANAN,ニュージーランド,1529,KUI,ニュージーランド,0,,-
GOLD,never…,0,,-,770,O0*19!,ニュージーランド,0,,-,1788,YOR*TN,ニュージーランド,0,,-
GOLD,op.31 叙情,0,,-,431,O0*19!,ニュージーランド,1135,DMIL,ニュージーランド,1479,IIDX33,ニュージーランド,0,,-
GOLD,PHOTONGENIC,0,,-,964,JENKNS,ニュージーランド,1762,33SA3,ニュージーランド,1982,YRP,ニュージーランド,0,,-
GOLD,Roulette,0,,-,852,O0*19!,ニュージーランド,880,STESTR,ニュージーランド,1998,123456,ニュージーランド,0,,-
GOLD,Second Heaven,160,CRUMAX,ニュージーランド,914,O0*19!,ニュージーランド,1443,USC*LN,ニュージーランド,2092,POLNIA,ニュージーランド,0,,-
GOLD,Sense 2007,0,,-,1338,OKASAN,ニュージーランド,1948,YRP,ニュージーランド,2871,POLNIA,ニュージーランド,0,,-
GOLD,smile,0,,-,1345,BERRY!,ニュージーランド,1985,TAKA84,ニュージーランド,2832,IIDX33,ニュージーランド,0,,-
GOLD,snow storm,160,NAO-,ニュージーランド,777,ZAMDIN,ニュージーランド,2175,YOR*TN,ニュージーランド,2694,YOR*TN,ニュージーランド,3383,POLNIA,ニュージーランド
GOLD,the shadow,0,,-,1155,O0*19!,ニュージーランド,1577,F2D,ニュージーランド,2693,33SA3,ニュージーランド,0,,-
GOLD,The Smile of You,0,,-,791,ANGEL,ニュージーランド,1223,JENKNS,ニュージーランド,1613,YOR*TN,ニュージーランド,0,,-
GOLD,TRANOID,0,,-,738,O0*19!,ニュージーランド,1137,DEJIKO,ニュージーランド,1849,O0*19!,ニュージーランド,2653,USC*LN,ニュージーランド
GOLD,VANESSA,0,,-,983,BERRY!,ニュージーランド,1662,33SA3,ニュージーランド,2377,POLNIA,ニュージーランド,3401,POLNIA,ニュージーランド
GOLD,Watch out!!,0,,-,679,O0*19!,ニュージーランド,813,F2D,ニュージーランド,1576,RRRR,ニュージーランド,0,,-
GOLD,With your Smile,0,,-,688,O0*19!,ニュージーランド,1086,MARU-Q,ニュージーランド,1553,YOR*TN,ニュージーランド,0,,-
GOLD,クルクル☆ラブ～Opioid Peptide MIX～,0,,-,941,O0*19!,ニュージーランド,924,STESTR,ニュージーランド,2056,IIDX17,ニュージーランド,0,,-
GOLD,ヨシダさん,0,,-,897,ZAMDIN,ニュージーランド,973,07MURA,ニュージーランド,1952,MA25DX,ニュージーランド,0,,-
GOLD,リグレット,0,,-,1225,O0*19!,ニュージーランド,1451,DEJIKO,ニュージーランド,2356,YOR*TN,ニュージーランド,0,,-
GOLD,星をこの手に,0,,-,955,ZAKI3,ニュージーランド,1324,SAM-UI,ニュージーランド,1957,DMIL,ニュージーランド,0,,-
GOLD,花吹雪 ～ IIDX LIMITED ～,0,,-,680,O0*19!,ニュージーランド,1039,O0*19!,ニュージーランド,1358,GUEST.,ニュージーランド,0,,-
GOLD,零 - ZERO -,0,,-,1092,O0*19!,ニュージーランド,1456,6239,ニュージーランド,2240,RRRR,ニュージーランド,2579,0721,ニュージーランド
GOLD,電人、暁に斃れる。,491,GRAND,ニュージーランド,869,STESTR,ニュージーランド,2244,123456,ニュージーランド,3404,POLNIA,ニュージーランド,0,,-
DJ TROOPERS,2 tribe 4 K,0,,-,802,O0*19!,ニュージーランド,1111,JENKNS,ニュージーランド,2627,MA25DX,ニュージーランド,0,,-
DJ TROOPERS,"Anisakis -somatic mutation type""Forza""-",0,,-,1157,ZAMDIN,ニュージーランド,1802,873UME,ニュージーランド,2856,POLNIA,ニュージーランド,3870,POLNIA,ニュージーランド
DJ TROOPERS,avant-guerre,0,,-,675,O0*19!,ニュージーランド,1114,ZAMDIN,ニュージーランド,1765,GUEST.,ニュージーランド,0,,-
DJ TROOPERS,Be OK,0,,-,886,O0*19!,ニュージーランド,1699,YOR*TN,ニュージーランド,2293,123456,ニュージーランド,2922,DEKIN*,ニュージーランド
DJ TROOPERS,beatonic nation,0,,-,1199,O0*19!,ニュージーランド,0,,-,1995,33SA3,ニュージーランド,0,,-
DJ TROOPERS,Blue Rain,217,AAAAAA,ニュージーランド,958,ZAMDIN,ニュージーランド,1530,TAKA84,ニュージーランド,2261,POLNIA,ニュージーランド,3359,POLNIA,ニュージーランド
DJ TROOPERS,Darling my LUV,0,,-,654,O0*19!,ニュージーランド,694,VAIL,ニュージーランド,1360,YOR*TN,ニュージーランド,0,,-
DJ TROOPERS,Dazzlin' Darlin,257,WELSH,ニュージーランド,859,O0*19!,ニュージーランド,1336,ZAMDIN,ニュージーランド,2220,POLNIA,ニュージーランド,0,,-
DJ TROOPERS,Digitank System,0,,-,866,ZAMDIN,ニュージーランド,1456,DMIL,ニュージーランド,2001,MA25DX,ニュージーランド,0,,-
DJ TROOPERS,Do it!! Do it!!,0,,-,937,BERRY!,ニュージーランド,1383,DMIL,ニュージーランド,1906,POLNIA,ニュージーランド,2360,POLNIA,ニュージーランド
DJ TROOPERS,end of world,0,,-,949,O0*19!,ニュージーランド,1512,JENKNS,ニュージーランド,2310,123456,ニュージーランド,0,,-
DJ TROOPERS,evergreen,0,,-,900,DEJIKO,ニュージーランド,1139,DEJIKO,ニュージーランド,1851,GUEST.,ニュージーランド,0,,-
DJ TROOPERS,four pieces of heaven,0,,-,827,O0*19!,ニュージーランド,1652,33SA3,ニュージーランド,2045,MA25DX,ニュージーランド,2506,MA25DX,ニュージーランド
DJ TROOPERS,Freeway Shuffle,0,,-,779,ZAMDIN,ニュージーランド,1038,ZAMDIN,ニュージーランド,1832,MA25DX,ニュージーランド,0,,-
DJ TROOPERS,ICARUS,0,,-,0,,-,1859,YRP,ニュージーランド,2333,POLNIA,ニュージーランド,3021,IIDX33,ニュージーランド
DJ TROOPERS,in the Sky,0,,-,1162,DAVID,ニュージーランド,2018,BERRY!,ニュージーランド,2526,POLNIA,ニュージーランド,0,,-
DJ TROOPERS,Kick Out 仮面,0,,-,1090,O0*19!,ニュージーランド,1440,BERRY!,ニュージーランド,1981,YOR*TN,ニュージーランド,0,,-
DJ TROOPERS,LOVELY STORM,0,,-,1270,O0*19!,ニュージーランド,2042,DMIL,ニュージーランド,2499,SZR,ニュージーランド,0,,-
DJ TROOPERS,madrugada,0,,-,678,O0*19!,ニュージーランド,0,,-,1809,MA25DX,ニュージーランド,0,,-
DJ TROOPERS,MAX LOVE,0,,-,1337,O0*19!,ニュージーランド,2038,BERRY!,ニュージーランド,2630,DONK,ニュージーランド,0,,-
DJ TROOPERS,MENDES,0,,-,1107,873UME,ニュージーランド,2346,0721,ニュージーランド,3583,POLNIA,ニュージーランド,0,,-
DJ TROOPERS,MENTAL MELTDOWN,0,,-,1105,873UME,ニュージーランド,2063,123456,ニュージーランド,2408,N,ニュージーランド,0,,-
DJ TROOPERS,NEW GENERATION -もう、お前しか見えない-,0,,-,978,O0*19!,ニュージーランド,1828,BERRY!,ニュージーランド,2455,IIDX17,ニュージーランド,3373,USC*LN,ニュージーランド
DJ TROOPERS,oratio,0,,-,0,,-,1909,33SA3,ニュージーランド,2777,!DK,ニュージーランド,0,,-
DJ TROOPERS,PARANOiA ～HADES～,0,,-,994,BERRY!,ニュージーランド,1742,123456,ニュージーランド,2604,POLNIA,ニュージーランド,0,,-
DJ TROOPERS,PROMISE FOR LIFE,0,,-,605,0721,ニュージーランド,1065,Z-STAR,ニュージーランド,1737,YOR*TN,ニュージーランド,0,,-
DJ TROOPERS,REMINISCENCE,0,,-,1243,BERRY!,ニュージーランド,1666,O0*19!,ニュージーランド,2273,GUEST.,ニュージーランド,0,,-
DJ TROOPERS,Rising in the Sun(original mix),0,,-,872,O0*19!,ニュージーランド,1415,JENKNS,ニュージーランド,2192,MA25DX,ニュージーランド,0,,-
DJ TROOPERS,Ristaccia,0,,-,1020,O0*19!,ニュージーランド,1474,F2D,ニュージーランド,2598,BD86,ニュージーランド,0,,-
DJ TROOPERS,"satellite020712 from ""CODED ARMS""",0,,-,1217,O0*19!,ニュージーランド,1385,ZENNAN,ニュージーランド,2324,123456,ニュージーランド,0,,-
DJ TROOPERS,satfinal,0,,-,693,AAAAAA,ニュージーランド,834,VAIL,ニュージーランド,1846,BERRY!,ニュージーランド,0,,-
DJ TROOPERS,scar in the earth,0,,-,591,O0*19!,ニュージーランド,83,DJ.3D,ニュージーランド,1460,GUEST.,ニュージーランド,0,,-
DJ TROOPERS,SOUND OF GIALLARHORN,0,,-,1249,O0*19!,ニュージーランド,2477,33SA3,ニュージーランド,3103,123456,ニュージーランド,0,,-
DJ TROOPERS,State Of The Art,0,,-,1065,O0*19!,ニュージーランド,1443,O0*19!,ニュージーランド,2925,GUEST.,ニュージーランド,0,,-
DJ TROOPERS,STEEL NEEDLE,0,,-,994,ZAMDIN,ニュージーランド,1977,33SA3,ニュージーランド,2439,POLNIA,ニュージーランド,3307,POLNIA,ニュージーランド
DJ TROOPERS,switch,0,,-,763,BERRY!,ニュージーランド,1048,KANAN,ニュージーランド,1994,MA25DX,ニュージーランド,0,,-
DJ TROOPERS,THE DEEP STRIKER,333,MADDUS,ニュージーランド,992,O0*19!,ニュージーランド,1856,LD,ニュージーランド,2985,POLNIA,ニュージーランド,3251,BD86,ニュージーランド
DJ TROOPERS,the trigger of innocence,0,,-,848,O0*19!,ニュージーランド,0,,-,1836,0721,ニュージーランド,3064,MA25DX,ニュージーランド
DJ TROOPERS,Time to Air,0,,-,720,VEXXED,ニュージーランド,1986,0721,ニュージーランド,2836,POLNIA,ニュージーランド,3452,KAGAM,ニュージーランド
DJ TROOPERS,TRIP MACHINE PhoeniX,0,,-,578,O0*19!,ニュージーランド,1417,O0*19!,ニュージーランド,1678,DONK,ニュージーランド,0,,-
DJ TROOPERS,TROOPERS,0,,-,1155,0721,ニュージーランド,2285,123456,ニュージーランド,2756,BD86,ニュージーランド,0,,-
DJ TROOPERS,Ubertreffen,0,,-,1035,O0*19!,ニュージーランド,1696,DMIL,ニュージーランド,2377,YOR*TN,ニュージーランド,3262,POLNIA,ニュージーランド
DJ TROOPERS,Wanna Party?,0,,-,676,RUINS1,ニュージーランド,1147,BERRY!,ニュージーランド,1499,DONK,ニュージーランド,2592,POLNIA,ニュージーランド
DJ TROOPERS,エコ爺,324,OKASAN,ニュージーランド,821,OKASAN,ニュージーランド,1262,BERRY!,ニュージーランド,1815,MA25DX,ニュージーランド,0,,-
DJ TROOPERS,マチ子の唄,0,,-,801,OKASAN,ニュージーランド,1162,O0*19!,ニュージーランド,1712,K4SEN,ニュージーランド,0,,-
DJ TROOPERS,ミラージュ・レジデンス,0,,-,997,O0*19!,ニュージーランド,1409,F2D,ニュージーランド,2500,BD86,ニュージーランド,3077,YOR*TN,ニュージーランド
DJ TROOPERS,少年A,0,,-,876,RUINS1,ニュージーランド,1861,KAIJIN,ニュージーランド,2429,KUI,ニュージーランド,0,,-
DJ TROOPERS,華爛漫 -Flowers-,337,0721,ニュージーランド,907,O0*19!,ニュージーランド,1542,0721,ニュージーランド,1968,33SA3,ニュージーランド,3161,POLNIA,ニュージーランド
DJ TROOPERS,走馬灯 -The Last Song-,0,,-,494,K4SEN,ニュージーランド,885,ZAMDIN,ニュージーランド,1324,IIDX33,ニュージーランド,0,,-
DJ TROOPERS,高高度降下低高度開傘,0,,-,836,O0*19!,ニュージーランド,1085,DAVID,ニュージーランド,1859,33SA3,ニュージーランド,0,,-
EMPRESS,3y3s,449,GRAND,ニュージーランド,1383,HN,ニュージーランド,2333,123456,ニュージーランド,3556,POLNIA,ニュージーランド,0,,-
EMPRESS,ALL I NEED YOUR LOVE,0,,-,1018,O0*19!,ニュージーランド,1551,O0*19!,ニュージーランド,2025,MA25DX,ニュージーランド,0,,-
EMPRESS,ALL MY TURN -このターンに、オレの全てを賭ける-,0,,-,989,O0*19!,ニュージーランド,1661,O0*19!,ニュージーランド,2171,KUI,ニュージーランド,0,,-
EMPRESS,Arabian Rave Night,0,,-,1231,O0*19!,ニュージーランド,2120,33SA3,ニュージーランド,2732,33SA3,ニュージーランド,3277,AKI8MA,ニュージーランド
EMPRESS,B4U(BEMANI FOR YOU MIX),0,,-,1055,RUINS1,ニュージーランド,2231,123456,ニュージーランド,3236,AKI8MA,ニュージーランド,4606,POLNIA,ニュージーランド
EMPRESS,Bahram Attack-猫叉Master Remix-,0,,-,1016,O0*19!,ニュージーランド,1895,YOR*TN,ニュージーランド,2538,YOR*TN,ニュージーランド,3083,DONK,ニュージーランド
EMPRESS,BITTER CHOCOLATE STRIKER,0,,-,978,O0*19!,ニュージーランド,2086,123456,ニュージーランド,3916,POLNIA,ニュージーランド,0,,-
EMPRESS,BRIDAL FESTIVAL !!!,0,,-,868,O0*19!,ニュージーランド,1238,DAVID,ニュージーランド,2024,33SA3,ニュージーランド,0,,-
EMPRESS,CaptivAte2～覚醒～,0,,-,1026,O0*19!,ニュージーランド,1403,JENKNS,ニュージーランド,2247,AKI8MA,ニュージーランド,0,,-
EMPRESS,Colorful Cookie,578,VAIL,ニュージーランド,806,IIDX33,ニュージーランド,2174,873UME,ニュージーランド,3500,POLNIA,ニュージーランド,0,,-
EMPRESS,Cyber Force -DJ Yoshitaka Remix-,0,,-,1006,O0*19!,ニュージーランド,1675,O0*19!,ニュージーランド,2405,114514,ニュージーランド,0,,-
EMPRESS,Flash Back 90's,0,,-,839,RUINS1,ニュージーランド,1688,O0*19!,ニュージーランド,2289,POLNIA,ニュージーランド,2746,RRRR,ニュージーランド
EMPRESS,Fly Above,0,,-,865,RUINS1,ニュージーランド,1602,0721,ニュージーランド,2022,POLNIA,ニュージーランド,0,,-
EMPRESS,Go Beyond!!,399,TENTE,ニュージーランド,573,DENJIN,ニュージーランド,1658,123456,ニュージーランド,2089,POLNIA,ニュージーランド,0,,-
EMPRESS,HYPERION,0,,-,1057,O0*19!,ニュージーランド,1899,DMIL,ニュージーランド,2730,POLNIA,ニュージーランド,0,,-
EMPRESS,I'm Screaming LOVE,0,,-,568,RUINS1,ニュージーランド,0,,-,1665,MA25DX,ニュージーランド,0,,-
EMPRESS,Jack,0,,-,812,O0*19!,ニュージーランド,0,,-,2110,YOR*TN,ニュージーランド,0,,-
EMPRESS,Just a Little Smile,0,,-,758,O0*19!,ニュージーランド,1169,O0*19!,ニュージーランド,2213,MA25DX,ニュージーランド,0,,-
EMPRESS,Kung-fu Empire,0,,-,1420,ZAMDIN,ニュージーランド,2386,O0*19!,ニュージーランド,3107,IIDX33,ニュージーランド,3573,GUEST.,ニュージーランド
EMPRESS,Marie Antoinette,0,,-,1024,O0*19!,ニュージーランド,1668,DMIL,ニュージーランド,2207,873UME,ニュージーランド,2966,BD86,ニュージーランド
EMPRESS,Mind Mapping,279,MATT!!,ニュージーランド,832,873UME,ニュージーランド,1137,DMIL,ニュージーランド,1773,YOR*TN,ニュージーランド,2164,BD86,ニュージーランド
EMPRESS,Monkey Dance '09,0,,-,819,O0*19!,ニュージーランド,997,STESTR,ニュージーランド,1618,SCRLET,ニュージーランド,0,,-
EMPRESS,naughty girl@Queen's Palace,0,,-,787,O0*19!,ニュージーランド,1580,YOR*TN,ニュージーランド,2059,KCM,ニュージーランド,2537,IIDX33,ニュージーランド
EMPRESS,neogenesis,0,,-,945,O0*19!,ニュージーランド,947,STESTR,ニュージーランド,1621,123456,ニュージーランド,2136,123456,ニュージーランド
EMPRESS,NΦ CRIME,0,,-,790,O0*19!,ニュージーランド,1376,BERRY!,ニュージーランド,1857,MA25DX,ニュージーランド,2317,DONK,ニュージーランド
EMPRESS,Programmed World,0,,-,884,O0*19!,ニュージーランド,1679,BERRY!,ニュージーランド,2157,123456,ニュージーランド,0,,-
EMPRESS,Punch Love 仮面,0,,-,1045,O0*19!,ニュージーランド,1598,AALI-Z,ニュージーランド,2425,GUEST.,ニュージーランド,2978,GUEST.,ニュージーランド
EMPRESS,Queen's Tragedy,0,,-,829,0721,ニュージーランド,1602,BERRY!,ニュージーランド,2137,MA25DX,ニュージーランド,0,,-
EMPRESS,Secrets,0,,-,1165,O0*19!,ニュージーランド,2082,AALI-Z,ニュージーランド,2913,MA25DX,ニュージーランド,3665,DONK,ニュージーランド
EMPRESS,smooooch・∀・,279,SPCTRE,ニュージーランド,793,SZR,ニュージーランド,1530,BERRY!,ニュージーランド,2018,OM1Q-G,ニュージーランド,2807,POLNIA,ニュージーランド
EMPRESS,SOLITON BEAM,0,,-,1375,O0*19!,ニュージーランド,1420,F2D,ニュージーランド,2259,123456,ニュージーランド,0,,-
EMPRESS,THANK YOU FOR PLAYING,0,,-,761,O0*19!,ニュージーランド,1539,BERRY!,ニュージーランド,2070,POLNIA,ニュージーランド,2960,POLNIA,ニュージーランド
EMPRESS,THE SHINING POLARIS(kors k mix),0,,-,1247,O0*19!,ニュージーランド,1426,PATG3N,ニュージーランド,2935,YOR*TN,ニュージーランド,0,,-
EMPRESS,thunder HOUSE NATION Remix,0,,-,1016,ZAMDIN,ニュージーランド,1349,ZAMDIN,ニュージーランド,2386,YOR*TN,ニュージーランド,3884,POLNIA,ニュージーランド
EMPRESS,Turii ～Panta rhei～,222,AAAAAA,ニュージーランド,841,O0*19!,ニュージーランド,1995,DMIL,ニュージーランド,2651,POLNIA,ニュージーランド,0,,-
EMPRESS,V2,793,KNOK7I,ニュージーランド,1303,O0*19!,ニュージーランド,2711,O0*19!,ニュージーランド,3572,POLNIA,ニュージーランド,0,,-
EMPRESS,Y&Co. is dead or alive,0,,-,953,DEJIKO,ニュージーランド,1652,DMIL,ニュージーランド,2701,POLNIA,ニュージーランド,0,,-
EMPRESS,"You'll say ""Now!""",0,,-,1075,O0*19!,ニュージーランド,1655,33SA3,ニュージーランド,2286,GUEST.,ニュージーランド,0,,-
EMPRESS,まほろば,0,,-,730,O0*19!,ニュージーランド,0,,-,1975,YOR*TN,ニュージーランド,0,,-
EMPRESS,ハリツヤランデヴー,0,,-,900,O0*19!,ニュージーランド,2040,0721,ニュージーランド,2461,MA25DX,ニュージーランド,0,,-
EMPRESS,ミッドナイト堕天使,0,,-,907,O0*19!,ニュージーランド,0,,-,2663,YOR*TN,ニュージーランド,0,,-
EMPRESS,不沈艦CANDY,484,GRAND,ニュージーランド,1062,O0*19!,ニュージーランド,1869,0721,ニュージーランド,3302,POLNIA,ニュージーランド,0,,-
EMPRESS,凛として咲く花の如く,326,MIA!!,ニュージーランド,1129,2,ニュージーランド,2132,YOR*TN,ニュージーランド,2690,YOR*TN,ニュージーランド,3055,GUEST.,ニュージーランド
EMPRESS,卑弥呼,0,,-,1119,O0*19!,ニュージーランド,2750,POLNIA,ニュージーランド,4015,POLNIA,ニュージーランド,0,,-
EMPRESS,天空脳番長危機十六連打,0,,-,973,O0*19!,ニュージーランド,2031,33SA3,ニュージーランド,2363,YOR*TN,ニュージーランド,0,,-
EMPRESS,山岡晃の「クイズ！家事都合！」,0,,-,640,O0*19!,ニュージーランド,0,,-,1981,MA25DX,ニュージーランド,0,,-
EMPRESS,翼,0,,-,851,O0*19!,ニュージーランド,1452,BERRY!,ニュージーランド,1954,MA25DX,ニュージーランド,2397,N,ニュージーランド
EMPRESS,鉄甲乙女-under the steel-,0,,-,392,XERA,ニュージーランド,1543,O0*19!,ニュージーランド,2100,AKI8MA,ニュージーランド,0,,-
SIRIUS,AIR RAID FROM THA UNDAGROUND,544,KNOK7I,ニュージーランド,865,VAIL,ニュージーランド,0,,-,2176,IIDX33,ニュージーランド,2956,POLNIA,ニュージーランド
SIRIUS,Almagest,0,,-,930,ZAMDIN,ニュージーランド,2250,POLNIA,ニュージーランド,3158,POLNIA,ニュージーランド,0,,-
SIRIUS,Bad Maniacs,0,,-,854,SUKAP-,ニュージーランド,1709,123456,ニュージーランド,3237,POLNIA,ニュージーランド,0,,-
SIRIUS,bass 2 bass,230,LAN,ニュージーランド,691,O0*19!,ニュージーランド,1220,DMIL,ニュージーランド,1836,POLNIA,ニュージーランド,0,,-
SIRIUS,beatchic☆仮面～好き、でいさせて～,0,,-,928,O0*19!,ニュージーランド,0,,-,1957,YOR*TN,ニュージーランド,0,,-
SIRIUS,BEAUTIFUL ANGEL,0,,-,628,K4SEN,ニュージーランド,1657,O0*19!,ニュージーランド,2370,BD86,ニュージーランド,0,,-
SIRIUS,being torn the sky,0,,-,623,O0*19!,ニュージーランド,1012,JENKNS,ニュージーランド,1932,MA25DX,ニュージーランド,0,,-
SIRIUS,bloomin' feeling,289,ZEPLIC,ニュージーランド,1157,ZAMDIN,ニュージーランド,1925,0721,ニュージーランド,2500,MA25DX,ニュージーランド,0,,-
SIRIUS,CaptivAte～裁き～(SUBLIME TECHNO MIX),0,,-,964,O0*19!,ニュージーランド,1431,ZAMDIN,ニュージーランド,2357,YOR*TN,ニュージーランド,0,,-
SIRIUS,D,0,,-,1150,ZAMDIN,ニュージーランド,1534,O0*19!,ニュージーランド,2399,BD86,ニュージーランド,0,,-
SIRIUS,DAWN -THE NEXT ENDEAVOUR-,0,,-,1425,JENKNS,ニュージーランド,2586,0721,ニュージーランド,2962,K4SEN,ニュージーランド,0,,-
SIRIUS,Dazzlin' Darlin-秋葉工房mix-,0,,-,604,RHPURE,ニュージーランド,1263,NICKEL,ニュージーランド,2065,IIDX33,ニュージーランド,0,,-
SIRIUS,DESIRE,0,,-,878,O0*19!,ニュージーランド,1491,PATG3N,ニュージーランド,2699,DONK,ニュージーランド,0,,-
SIRIUS,Do Back Burn,0,,-,669,O0*19!,ニュージーランド,1351,0721,ニュージーランド,2028,MA25DX,ニュージーランド,0,,-
SIRIUS,DOMINION,0,,-,865,TRENT,ニュージーランド,2193,873UME,ニュージーランド,3191,POLNIA,ニュージーランド,0,,-
SIRIUS,DROP,0,,-,817,O0*19!,ニュージーランド,1859,BERRY!,ニュージーランド,2473,MA25DX,ニュージーランド,0,,-
SIRIUS,Elisha,353,NAUSEA,ニュージーランド,880,BERRY!,ニュージーランド,1464,YOR*TN,ニュージーランド,2200,IIDX33,ニュージーランド,0,,-
SIRIUS,Empire State Glory,0,,-,925,RUINS1,ニュージーランド,1411,PATG3N,ニュージーランド,2561,KCM,ニュージーランド,0,,-
SIRIUS,eRAseRmOToRpHAntOM,0,,-,0,,-,1916,DEJIKO,ニュージーランド,3000,BD86,ニュージーランド,0,,-
SIRIUS,Evans,446,TENTE,ニュージーランド,1226,123456,ニュージーランド,2052,123456,ニュージーランド,2719,POLNIA,ニュージーランド,0,,-
SIRIUS,EXUSIA,0,,-,1021,JENKNS,ニュージーランド,2507,123456,ニュージーランド,3842,POLNIA,ニュージーランド,0,,-
SIRIUS,G59,0,,-,1470,O.HARE,ニュージーランド,2269,33SA3,ニュージーランド,3893,POLNIA,ニュージーランド,0,,-
SIRIUS,GALGALIM,0,,-,1343,O0*19!,ニュージーランド,1890,123456,ニュージーランド,2325,POLNIA,ニュージーランド,0,,-
SIRIUS,GOLDEN CROSS,0,,-,1029,O0*19!,ニュージーランド,1823,TAKA84,ニュージーランド,3492,POLNIA,ニュージーランド,0,,-
SIRIUS,Hydrogen Blueback,0,,-,302,AQUA,ニュージーランド,1461,O0*19!,ニュージーランド,2212,MA25DX,ニュージーランド,2327,POLNIA,ニュージーランド
SIRIUS,IN THE NAME OF LOVE,382,ANPOPO,ニュージーランド,711,O0*19!,ニュージーランド,1362,BERRY!,ニュージーランド,1847,BD86,ニュージーランド,0,,-
SIRIUS,Keep it-秋葉工房mix-,0,,-,975,O0*19!,ニュージーランド,1337,JENKNS,ニュージーランド,1757,123456,ニュージーランド,0,,-
SIRIUS,Last Burning,0,,-,833,O0*19!,ニュージーランド,1452,O0*19!,ニュージーランド,2300,YOR*TN,ニュージーランド,0,,-
SIRIUS,Light Shine,0,,-,743,RUINS1,ニュージーランド,931,MXP-GX,ニュージーランド,1937,IIDX33,ニュージーランド,0,,-
SIRIUS,MIRACLE MEETS,0,,-,876,O0*19!,ニュージーランド,1538,0721,ニュージーランド,2186,MA25DX,ニュージーランド,0,,-
SIRIUS,mosaic,0,,-,1387,873UME,ニュージーランド,2027,123456,ニュージーランド,2976,POLNIA,ニュージーランド,0,,-
SIRIUS,NEW SENSATION -もう、あなたしか見えない-,0,,-,1221,O0*19!,ニュージーランド,1896,AALI-Z,ニュージーランド,2532,AKI8MA,ニュージーランド,0,,-
SIRIUS,NoN-Fiction Story!,0,,-,387,PRIEST,ニュージーランド,1125,RUINS1,ニュージーランド,2060,SPECTR,ニュージーランド,0,,-
SIRIUS,Programmed Sun,0,,-,1042,O0*19!,ニュージーランド,1669,TAKA84,ニュージーランド,2461,YOR*TN,ニュージーランド,0,,-
SIRIUS,quell～the seventh slave～,0,,-,903,O0*19!,ニュージーランド,1659,DEKIN*,ニュージーランド,3183,POLNIA,ニュージーランド,0,,-
SIRIUS,Raison d'etre～交差する宿命～,0,,-,1146,O0*19!,ニュージーランド,2062,33SA3,ニュージーランド,2504,SPECTR,ニュージーランド,4412,IIDX17,ニュージーランド
SIRIUS,Red. by Full Metal Jacket,0,,-,943,O0*19!,ニュージーランド,1947,YOR*TN,ニュージーランド,2993,IIDX33,ニュージーランド,0,,-
SIRIUS,Roots of my way!,0,,-,821,O0*19!,ニュージーランド,0,,-,2000,MA25DX,ニュージーランド,0,,-
SIRIUS,Session 1 -Genesis-,0,,-,835,O0*19!,ニュージーランド,0,,-,2262,LR4,ニュージーランド,0,,-
SIRIUS,She is my wife,276,168,ニュージーランド,417,DENJIN,ニュージーランド,1387,DMIL,ニュージーランド,1978,POLNIA,ニュージーランド,0,,-
SIRIUS,SOLID STATE SQUAD,0,,-,952,O0*19!,ニュージーランド,2164,123456,ニュージーランド,3567,POLNIA,ニュージーランド,3419,YOR*TN,ニュージーランド
SIRIUS,Sorrows,0,,-,793,ZAMDIN,ニュージーランド,1538,ZAMDIN,ニュージーランド,2421,KCM,ニュージーランド,0,,-
SIRIUS,Special One,0,,-,754,O0*19!,ニュージーランド,971,DAVID,ニュージーランド,1745,MA25DX,ニュージーランド,0,,-
SIRIUS,THE LAST STRIKER,0,,-,1344,O0*19!,ニュージーランド,1701,ZAMDIN,ニュージーランド,2443,123456,ニュージーランド,0,,-
SIRIUS,The Story Begins,0,,-,813,K4SEN,ニュージーランド,885,HIBOLL,ニュージーランド,2333,MA25DX,ニュージーランド,0,,-
SIRIUS,かずあそび,0,,-,526,0721,ニュージーランド,0,,-,1655,IIDX33,ニュージーランド,0,,-
SIRIUS,たからもの,0,,-,0,,-,1797,BERRY!,ニュージーランド,2235,DONK,ニュージーランド,3469,BD86,ニュージーランド
SIRIUS,コスモス,0,,-,851,RUINS1,ニュージーランド,1473,0721,ニュージーランド,2080,YOR*TN,ニュージーランド,0,,-
SIRIUS,サヨナラ・ヘヴン,254,B,ニュージーランド,825,O0*19!,ニュージーランド,1281,ZAMDIN,ニュージーランド,1649,POLNIA,ニュージーランド,2108,POLNIA,ニュージーランド
SIRIUS,バビロニア,0,,-,461,NAO-,ニュージーランド,954,STESTR,ニュージーランド,1802,GUEST.,ニュージーランド,0,,-
SIRIUS,ワルツ第17番 ト短調”大犬のワルツ”,0,,-,856,RUINS1,ニュージーランド,2179,GUEST.,ニュージーランド,3226,POLNIA,ニュージーランド,0,,-
SIRIUS,未来のプリズム,0,,-,659,O0*19!,ニュージーランド,0,,-,1728,DONK,ニュージーランド,0,,-
SIRIUS,"水上の提督(Short mix from ""幻想水滸伝V"")",0,,-,693,0721,ニュージーランド,1421,AAAAAA,ニュージーランド,1984,MA25DX,ニュージーランド,0,,-
Resort Anthem,Aegis,0,,-,641,ZAKI3,ニュージーランド,1220,O0*19!,ニュージーランド,2088,GUEST.,ニュージーランド,0,,-
Resort Anthem,ALBIDA,438,VAIL,ニュージーランド,1037,O0*19!,ニュージーランド,1818,33SA3,ニュージーランド,2961,POLNIA,ニュージーランド,0,,-
Resort Anthem,Answer,0,,-,765,N,ニュージーランド,957,BEPSI,ニュージーランド,2344,DONK,ニュージーランド,0,,-
Resort Anthem,ANTHEM LANDING,0,,-,620,TSTCHG,ニュージーランド,1630,JENKNS,ニュージーランド,2845,MA25DX,ニュージーランド,0,,-
Resort Anthem,Believe In Me,0,,-,978,O0*19!,ニュージーランド,1403,F2D,ニュージーランド,2334,POLNIA,ニュージーランド,0,,-
Resort Anthem,BLUST OF WIND,0,,-,642,ZEPLIC,ニュージーランド,1273,PATG3N,ニュージーランド,2091,MA25DX,ニュージーランド,2592,POLNIA,ニュージーランド
Resort Anthem,Bounce Bounce Bounce,0,,-,1039,O0*19!,ニュージーランド,1550,TAKA84,ニュージーランド,2217,MA25DX,ニュージーランド,0,,-
Resort Anthem,Breaking the ground,0,,-,1146,O0*19!,ニュージーランド,1600,PATG3N,ニュージーランド,2426,GUEST.,ニュージーランド,0,,-
Resort Anthem,Broken,0,,-,875,ZAKI3,ニュージーランド,2008,YOR*TN,ニュージーランド,3169,POLNIA,ニュージーランド,0,,-
Resort Anthem,BROKEN EDEN,0,,-,1017,O0*19!,ニュージーランド,1418,DEJIKO,ニュージーランド,2193,123456,ニュージーランド,0,,-
Resort Anthem,Dances with Snow Fairies,0,,-,1325,BERRY!,ニュージーランド,2081,33SA3,ニュージーランド,2830,MA25DX,ニュージーランド,3988,POLNIA,ニュージーランド
Resort Anthem,DAYDREAMER,0,,-,978,RUINS1,ニュージーランド,1745,0721,ニュージーランド,2485,GUEST.,ニュージーランド,0,,-
Resort Anthem,Destiny Sword,0,,-,823,O0*19!,ニュージーランド,1617,DMIL,ニュージーランド,2253,GUEST.,ニュージーランド,0,,-
Resort Anthem,DM STAR～関西 energy style～,0,,-,1047,O0*19!,ニュージーランド,1730,AALI-Z,ニュージーランド,2349,MA25DX,ニュージーランド,0,,-
Resort Anthem,Energy Drive,0,,-,634,DJYNTK,ニュージーランド,1116,AUTHOR,ニュージーランド,2002,N,ニュージーランド,0,,-
Resort Anthem,Eternal Tears,0,,-,443,0721,ニュージーランド,0,,-,1340,MA25DX,ニュージーランド,0,,-
Resort Anthem,Everlasting Resort,0,,-,831,O0*19!,ニュージーランド,1214,ZAMDIN,ニュージーランド,1763,GUEST.,ニュージーランド,0,,-
Resort Anthem,Fantasia,244,0721,ニュージーランド,401,0721,ニュージーランド,1313,PRIUS7,ニュージーランド,2200,BD86,ニュージーランド,0,,-
Resort Anthem,Golden Palms,0,,-,708,O0*19!,ニュージーランド,1316,873UME,ニュージーランド,1949,MA25DX,ニュージーランド,2272,MA25DX,ニュージーランド
Resort Anthem,I FIGHT ME,0,,-,595,RUINS1,ニュージーランド,1355,O0*19!,ニュージーランド,2099,YOR*TN,ニュージーランド,0,,-
Resort Anthem,Kailua,0,,-,497,O0*19!,ニュージーランド,1329,BERRY!,ニュージーランド,2200,POLNIA,ニュージーランド,0,,-
Resort Anthem,Let The Track Flow,0,,-,1038,BERRY!,ニュージーランド,1357,PATG3N,ニュージーランド,2389,33SA3,ニュージーランド,0,,-
Resort Anthem,Medicine of love,0,,-,577,RUINS1,ニュージーランド,1018,MARU-Q,ニュージーランド,1720,DONK,ニュージーランド,2349,123456,ニュージーランド
Resort Anthem,Mermaid girl,458,NYU,ニュージーランド,881,RUINS1,ニュージーランド,1623,0721,ニュージーランド,2175,YOR*TN,ニュージーランド,0,,-
Resort Anthem,Never Fade Away,0,,-,731,O0*19!,ニュージーランド,1357,DAVID,ニュージーランド,2660,0721,ニュージーランド,0,,-
Resort Anthem,New Castle Legions,0,,-,641,O0*19!,ニュージーランド,1765,33SA3,ニュージーランド,2455,KUI,ニュージーランド,0,,-
Resort Anthem,PARADISE LOST,0,,-,1033,RDDG,ニュージーランド,2184,N,ニュージーランド,3259,POLNIA,ニュージーランド,0,,-
Resort Anthem,passionate fate,0,,-,1082,O0*19!,ニュージーランド,1235,ZAKI3,ニュージーランド,2029,123456,ニュージーランド,0,,-
Resort Anthem,perditus†paradisus,0,,-,1058,ZAMDIN,ニュージーランド,2534,POLNIA,ニュージーランド,3864,POLNIA,ニュージーランド,0,,-
Resort Anthem,Programmed Life,0,,-,1072,O0*19!,ニュージーランド,1333,F2D,ニュージーランド,2220,33SA3,ニュージーランド,0,,-
Resort Anthem,reunion,362,NAUSEA,ニュージーランド,1393,N,ニュージーランド,2249,123456,ニュージーランド,3251,POLNIA,ニュージーランド,0,,-
Resort Anthem,Rock Da House,0,,-,878,BERRY!,ニュージーランド,1331,F2D,ニュージーランド,2157,GUEST.,ニュージーランド,0,,-
Resort Anthem,SABER WING,0,,-,486,RUINS1,ニュージーランド,1697,O0*19!,ニュージーランド,2792,POLNIA,ニュージーランド,0,,-
Resort Anthem,Sakura Reflection,0,,-,387,WELSH,ニュージーランド,1574,123456,ニュージーランド,2319,YOR*TN,ニュージーランド,0,,-
Resort Anthem,sakura storm,0,,-,523,VAIL,ニュージーランド,1122,F2D,ニュージーランド,2298,BD86,ニュージーランド,0,,-
Resort Anthem,Session 9 -Chronicles-,0,,-,701,O0*19!,ニュージーランド,2163,33SA3,ニュージーランド,3213,YOR*TN,ニュージーランド,0,,-
Resort Anthem,Space Time,0,,-,585,O0*19!,ニュージーランド,1302,PATG3N,ニュージーランド,2071,MA25DX,ニュージーランド,0,,-
Resort Anthem,SPECIAL SUMMER CAMPAIGN!,0,,-,680,O0*19!,ニュージーランド,1205,EGG,ニュージーランド,2809,YOR*TN,ニュージーランド,0,,-
Resort Anthem,Stay my side,0,,-,596,RUINS1,ニュージーランド,801,DENJIN,ニュージーランド,1321,MA25DX,ニュージーランド,0,,-
Resort Anthem,STELLAR WIND,218,A-BOMB,ニュージーランド,616,K4SEN,ニュージーランド,1274,F2D,ニュージーランド,2359,33SA3,ニュージーランド,0,,-
Resort Anthem,THE BLACK KNIGHT,0,,-,821,O0*19!,ニュージーランド,2001,N,ニュージーランド,2749,MA25DX,ニュージーランド,3692,KUI,ニュージーランド
Resort Anthem,THE DOOR INTO RAINBOW,0,,-,749,O0*19!,ニュージーランド,1540,O0*19!,ニュージーランド,1993,GUEST.,ニュージーランド,0,,-
Resort Anthem,THE FALLEN,0,,-,860,O0*19!,ニュージーランド,1224,ZAKI3,ニュージーランド,2539,KCM,ニュージーランド,0,,-
Resort Anthem,Tropical April,0,,-,1376,NICKEL,ニュージーランド,2206,33SA3,ニュージーランド,2730,POLNIA,ニュージーランド,0,,-
Resort Anthem,Vermillion,0,,-,486,O0*19!,ニュージーランド,1084,BERRY!,ニュージーランド,1890,IIDX33,ニュージーランド,0,,-
Resort Anthem,Watch Out Pt.2,0,,-,1033,O0*19!,ニュージーランド,1766,YOR*TN,ニュージーランド,2717,POLNIA,ニュージーランド,0,,-
Resort Anthem,WISE UP!,343,KNOK7I,ニュージーランド,417,GRAND,ニュージーランド,1112,BERRY!,ニュージーランド,1568,YOR*TN,ニュージーランド,2491,123456,ニュージーランド
Resort Anthem,Wuv U,0,,-,356,GRAND,ニュージーランド,996,2,ニュージーランド,1645,GUEST.,ニュージーランド,0,,-
Resort Anthem,XANADU OF TWO,0,,-,942,O0*19!,ニュージーランド,1680,BERRY!,ニュージーランド,2667,GUEST.,ニュージーランド,3291,GUEST.,ニュージーランド
Resort Anthem,ZETA～素数の世界と超越者～,293,JENKNS,ニュージーランド,532,RUINS1,ニュージーランド,2019,BERRY!,ニュージーランド,2887,33SA3,ニュージーランド,0,,-
Resort Anthem,おおきなこえで,0,,-,433,ZAMDIN,ニュージーランド,935,O0*19!,ニュージーランド,1478,MA25DX,ニュージーランド,2123,MA25DX,ニュージーランド
Resort Anthem,かげぬい ～ Ver.BENIBOTAN ～,408,GRAND,ニュージーランド,844,O0*19!,ニュージーランド,975,STESTR,ニュージーランド,1741,123456,ニュージーランド,0,,-
Resort Anthem,中華急行,0,,-,328,0721,ニュージーランド,1498,0721,ニュージーランド,2225,AKI8MA,ニュージーランド,0,,-
Resort Anthem,夕焼け ～Fading Day～,0,,-,922,O0*19!,ニュージーランド,1998,IIDX17,ニュージーランド,2670,IIDX33,ニュージーランド,0,,-
Resort Anthem,旅人リラン,0,,-,0,,-,1429,ZAMDIN,ニュージーランド,2650,POLNIA,ニュージーランド,0,,-
Resort Anthem,灼熱Beach Side Bunny,590,KNOK7I,ニュージーランド,930,HN,ニュージーランド,1801,YOR*TN,ニュージーランド,2870,POLNIA,ニュージーランド,0,,-
Resort Anthem,黒髪乱れし修羅となりて,0,,-,756,O0*19!,ニュージーランド,1579,JENKNS,ニュージーランド,3461,POLNIA,ニュージーランド,0,,-
Lincle,24th Century BOY,0,,-,826,O0*19!,ニュージーランド,1799,O0*19!,ニュージーランド,2697,MA25DX,ニュージーランド,0,,-
Lincle,532nm,0,,-,557,K4SEN,ニュージーランド,1160,DMIL,ニュージーランド,2417,IIDX33,ニュージーランド,0,,-
Lincle,A MINSTREL ～ ver. short-scape ～,0,,-,667,0721,ニュージーランド,1366,DEJIKO,ニュージーランド,2353,YOR*TN,ニュージーランド,3860,IIDX33,ニュージーランド
Lincle,Almace,0,,-,823,O0*19!,ニュージーランド,1264,BERRY!,ニュージーランド,1841,BD86,ニュージーランド,0,,-
Lincle,ANAGRAMS I to Y,0,,-,863,O0*19!,ニュージーランド,1267,ZAKI3,ニュージーランド,2439,YOR*TN,ニュージーランド,0,,-
Lincle,BLACK.by X-Cross Fade,0,,-,966,ZAMDIN,ニュージーランド,2039,DONK,ニュージーランド,3302,POLNIA,ニュージーランド,0,,-
Lincle,CALL,0,,-,333,PREACH,ニュージーランド,566,168,ニュージーランド,1430,MA25DX,ニュージーランド,2462,DONK,ニュージーランド
Lincle,Castle on the Moon,158,DAKING,ニュージーランド,618,O0*19!,ニュージーランド,1421,O0*19!,ニュージーランド,2375,POLNIA,ニュージーランド,0,,-
Lincle,Change the World,0,,-,789,O0*19!,ニュージーランド,945,VAIL,ニュージーランド,1774,MA25DX,ニュージーランド,0,,-
Lincle,DIAVOLO,0,,-,1246,O0*19!,ニュージーランド,1573,O0*19!,ニュージーランド,3145,POLNIA,ニュージーランド,0,,-
Lincle,Drive Me Crazy,0,,-,0,,-,1342,BERRY!,ニュージーランド,2227,GUEST.,ニュージーランド,0,,-
Lincle,Express Emotion,0,,-,729,O0*19!,ニュージーランド,1034,0721,ニュージーランド,2450,YOR*TN,ニュージーランド,0,,-
Lincle,F,0,,-,1038,ZAMDIN,ニュージーランド,2076,33SA3,ニュージーランド,3567,POLNIA,ニュージーランド,0,,-
Lincle,Far east nightbird,299,DESPAI,ニュージーランド,470,RUINS1,ニュージーランド,1026,ZAKI3,ニュージーランド,2003,IIDX33,ニュージーランド,0,,-
Lincle,fffff,0,,-,752,RUINS1,ニュージーランド,2002,123456,ニュージーランド,3072,POLNIA,ニュージーランド,0,,-
Lincle,Flip Flap,100,COFFEE,ニュージーランド,471,WELSH,ニュージーランド,1231,BERRY!,ニュージーランド,2155,MA25DX,ニュージーランド,0,,-
Lincle,Follow Tomorrow,0,,-,858,873UME,ニュージーランド,1459,DMIL,ニュージーランド,2222,POLNIA,ニュージーランド,0,,-
Lincle,GIGANT,0,,-,570,IIDX17,ニュージーランド,840,ZENNAN,ニュージーランド,1663,MA25DX,ニュージーランド,2911,POLNIA,ニュージーランド
Lincle,HAERETICUS,0,,-,810,O0*19!,ニュージーランド,1812,33SA3,ニュージーランド,2970,POLNIA,ニュージーランド,0,,-
Lincle,I'm so Happy,318,0721,ニュージーランド,418,0721,ニュージーランド,1107,HN,ニュージーランド,2344,POLNIA,ニュージーランド,0,,-
Lincle,In the Blackest Den,0,,-,0,,-,1351,JENKNS,ニュージーランド,2448,GUEST.,ニュージーランド,0,,-
Lincle,Infinite cave,0,,-,936,O0*19!,ニュージーランド,1401,BERRY!,ニュージーランド,1881,K4SEN,ニュージーランド,0,,-
Lincle,KYAMISAMA ONEGAI!,0,,-,678,0721,ニュージーランド,1025,DEJIKO,ニュージーランド,1987,MA25DX,ニュージーランド,2923,KCM,ニュージーランド
Lincle,LAX5 feat.Ryota Yoshinari,0,,-,1007,O0*19!,ニュージーランド,1957,O0*19!,ニュージーランド,2785,BD86,ニュージーランド,0,,-
Lincle,LETHEBOLG ～双神威に斬り咲けり～,0,,-,959,O0*19!,ニュージーランド,1512,O0*19!,ニュージーランド,2122,GUEST.,ニュージーランド,0,,-
Lincle,Liquid Crystal Girl feat. echo,0,,-,0,,-,1083,BERRY!,ニュージーランド,1954,MA25DX,ニュージーランド,0,,-
Lincle,LOVE B.B.B,0,,-,711,O0*19!,ニュージーランド,1481,0721,ニュージーランド,1933,DONK,ニュージーランド,0,,-
Lincle,Lucky Days,0,,-,640,O0*19!,ニュージーランド,751,WKK,ニュージーランド,2050,KUI,ニュージーランド,0,,-
Lincle,Mermaid girl-秋葉工房 MIX-,0,,-,781,O0*19!,ニュージーランド,749,DJYNTK,ニュージーランド,2025,POLNIA,ニュージーランド,0,,-
Lincle,Miami Sunset Drive,0,,-,613,O0*19!,ニュージーランド,1000,O0*19!,ニュージーランド,1625,MA25DX,ニュージーランド,0,,-
Lincle,NNRT,0,,-,914,RUINS1,ニュージーランド,2239,33SA3,ニュージーランド,3480,POLNIA,ニュージーランド,0,,-
Lincle,Phoenix,0,,-,813,O0*19!,ニュージーランド,1197,BERRY!,ニュージーランド,2334,KCM,ニュージーランド,3954,POLNIA,ニュージーランド
Lincle,prompt,0,,-,0,,-,1327,HIBOLL,ニュージーランド,2731,IIDX33,ニュージーランド,0,,-
Lincle,QUANTUM TELEPORTATION,0,,-,802,STESTR,ニュージーランド,1529,URU,ニュージーランド,2729,123456,ニュージーランド,3336,MA25DX,ニュージーランド
Lincle,quaver♪,288,KNOK7I,ニュージーランド,685,O0*19!,ニュージーランド,2020,33SA3,ニュージーランド,3379,POLNIA,ニュージーランド,0,,-
Lincle,Quick Silver,0,,-,281,168,ニュージーランド,1730,BERRY!,ニュージーランド,2510,MA25DX,ニュージーランド,0,,-
Lincle,Release The Music,0,,-,785,O0*19!,ニュージーランド,1200,#,ニュージーランド,2025,YOR*TN,ニュージーランド,0,,-
Lincle,RESISTANCE,0,,-,638,0721,ニュージーランド,609,DJYNTK,ニュージーランド,2306,YOR*TN,ニュージーランド,0,,-
Lincle,Round and Round,0,,-,727,O0*19!,ニュージーランド,665,VEXXED,ニュージーランド,2106,MA25DX,ニュージーランド,0,,-
Lincle,SA.YO.NA.RA. SUPER STAR,0,,-,467,BERRY!,ニュージーランド,1008,TKT,ニュージーランド,1594,KAGAM,ニュージーランド,0,,-
Lincle,Scharfrichter,0,,-,758,RUINS1,ニュージーランド,1365,PATG3N,ニュージーランド,2655,YOR*TN,ニュージーランド,0,,-
Lincle,Several Words,0,,-,617,O0*19!,ニュージーランド,1241,DAVID,ニュージーランド,1861,O0*19!,ニュージーランド,0,,-
Lincle,SHADE,0,,-,0,,-,1549,IIDX33,ニュージーランド,2906,POLNIA,ニュージーランド,0,,-
Lincle,Snake Stick,0,,-,954,ZAMDIN,ニュージーランド,1836,123456,ニュージーランド,2553,KCM,ニュージーランド,0,,-
Lincle,Snow Goose,144,NAO-,ニュージーランド,328,GRAND,ニュージーランド,1347,DMIL,ニュージーランド,2275,LR4,ニュージーランド,0,,-
Lincle,Star Trail,0,,-,636,K4SEN,ニュージーランド,1116,O0*19!,ニュージーランド,1799,KCM,ニュージーランド,2561,POLNIA,ニュージーランド
Lincle,The Limbo,0,,-,931,RUINS1,ニュージーランド,1895,N,ニュージーランド,3305,POLNIA,ニュージーランド,4209,POLNIA,ニュージーランド
Lincle,The Sampling Paradise,0,,-,814,O0*19!,ニュージーランド,1675,BERRY!,ニュージーランド,2994,POLNIA,ニュージーランド,0,,-
Lincle,Thunderbolt,0,,-,986,O0*19!,ニュージーランド,1765,BERRY!,ニュージーランド,3522,RRRR,ニュージーランド,0,,-
Lincle,TITANS RETURN,0,,-,597,O0*19!,ニュージーランド,1272,PATG3N,ニュージーランド,2340,MA25DX,ニュージーランド,2270,MA25DX,ニュージーランド
Lincle,Todestrieb,0,,-,1082,O0*19!,ニュージーランド,1877,N,ニュージーランド,3429,POLNIA,ニュージーランド,0,,-
Lincle,Voxane,0,,-,407,GRAND,ニュージーランド,0,,-,1692,MA25DX,ニュージーランド,0,,-
Lincle,WONDER WALKER,0,,-,932,O0*19!,ニュージーランド,1526,DEJIKO,ニュージーランド,3571,LR4,ニュージーランド,0,,-
Lincle,YAKSHA,0,,-,988,ZAKI3,ニュージーランド,2179,33SA3,ニュージーランド,3547,PHUBER,ニュージーランド,0,,-
Lincle,yellow head joe,0,,-,477,VIVLAN,ニュージーランド,1003,EGG,ニュージーランド,2138,YOR*TN,ニュージーランド,2868,LR4,ニュージーランド
Lincle,Yellow Sunrise,0,,-,731,O0*19!,ニュージーランド,1025,STESTR,ニュージーランド,2100,N,ニュージーランド,0,,-
Lincle,ビューティフルレシート,0,,-,515,0721,ニュージーランド,1052,DEJIKO,ニュージーランド,1861,ABCDEF,ニュージーランド,0,,-
Lincle,ユミル,0,,-,530,GRAND,ニュージーランド,1222,O0*19!,ニュージーランド,2671,MA25DX,ニュージーランド,0,,-
Lincle,君のハートにロックオン,0,,-,678,O0*19!,ニュージーランド,869,RAJ,ニュージーランド,2660,POLNIA,ニュージーランド,3453,POLNIA,ニュージーランド
Lincle,天空の夜明け,0,,-,1247,ZAMDIN,ニュージーランド,1884,O0*19!,ニュージーランド,4024,POLNIA,ニュージーランド,0,,-
Lincle,子供の落書き帳,0,,-,897,K4SEN,ニュージーランド,1795,33SA3,ニュージーランド,2602,POLNIA,ニュージーランド,0,,-
Lincle,恋する☆宇宙戦争っ！！,512,0721,ニュージーランド,871,ZAMDIN,ニュージーランド,1708,0721,ニュージーランド,3537,POLNIA,ニュージーランド,4575,POLNIA,ニュージーランド
Lincle,突撃!ガラスのニーソ姫!,0,,-,619,O0*19!,ニュージーランド,799,ROM,ニュージーランド,1908,K4SEN,ニュージーランド,0,,-
Lincle,聖人の塔,0,,-,734,O0*19!,ニュージーランド,1823,GON,ニュージーランド,2990,POLNIA,ニュージーランド,4236,POLNIA,ニュージーランド
Lincle,蛇神,0,,-,714,O0*19!,ニュージーランド,1357,O0*19!,ニュージーランド,2624,33SA3,ニュージーランド,3252,!DK,ニュージーランド
Lincle,衰色小町メランコリア,0,,-,741,O0*19!,ニュージーランド,1020,VAIL,ニュージーランド,2315,KCM,ニュージーランド,0,,-
Lincle,陽炎,0,,-,511,GRAND,ニュージーランド,938,ZAKI3,ニュージーランド,1935,GUEST.,ニュージーランド,0,,-
tricoro,405nm (Ryu☆mix),0,,-,851,LL1H,ニュージーランド,1591,O0*19!,ニュージーランド,2565,POLNIA,ニュージーランド,0,,-
tricoro,8bit Princess,0,,-,619,RUINS1,ニュージーランド,1357,BERRY!,ニュージーランド,2552,GUEST.,ニュージーランド,0,,-
tricoro,Ascalon,0,,-,964,ZAKI3,ニュージーランド,1758,BERRY!,ニュージーランド,2121,N,ニュージーランド,0,,-
tricoro,Beastie Starter,0,,-,515,OKASAN,ニュージーランド,939,GUNDOM,ニュージーランド,2131,POLNIA,ニュージーランド,0,,-
tricoro,BLUE STRAGGLER,0,,-,804,O0*19!,ニュージーランド,0,,-,2360,123456,ニュージーランド,0,,-
tricoro,BRAVE GLOW,0,,-,765,O0*19!,ニュージーランド,1118,ZAKI3,ニュージーランド,2380,GUEST.,ニュージーランド,0,,-
tricoro,CONCEPTUAL,0,,-,801,O0*19!,ニュージーランド,878,VAIL,ニュージーランド,2233,N,ニュージーランド,0,,-
tricoro,Confiserie,0,,-,940,K4SEN,ニュージーランド,1977,0721,ニュージーランド,3552,POLNIA,ニュージーランド,0,,-
tricoro,connective,0,,-,308,MAPLE,ニュージーランド,0,,-,1586,MA25DX,ニュージーランド,0,,-
tricoro,Cookie Bouquets,0,,-,718,RUINS1,ニュージーランド,2030,O0*19!,ニュージーランド,3390,POLNIA,ニュージーランド,0,,-
tricoro,DAY DREAM,0,,-,244,RUINS1,ニュージーランド,914,123456,ニュージーランド,1645,KUI,ニュージーランド,0,,-
tricoro,Devilz Staircase,0,,-,308,NAUSEA,ニュージーランド,2023,33SA3,ニュージーランド,3247,POLNIA,ニュージーランド,0,,-
tricoro,Elemental Creation,226,JENKNS,ニュージーランド,1346,ZAMDIN,ニュージーランド,2270,33SA3,ニュージーランド,4071,POLNIA,ニュージーランド,0,,-
tricoro,examination leave,0,,-,835,ZENNAN,ニュージーランド,1714,O0*19!,ニュージーランド,3274,IIDX33,ニュージーランド,0,,-
tricoro,FLOWER,276,SPCTRE,ニュージーランド,911,RDDG,ニュージーランド,1663,O0*19!,ニュージーランド,2882,POLNIA,ニュージーランド,0,,-
tricoro,Fly you to the star,0,,-,593,NYU,ニュージーランド,1570,0721,ニュージーランド,2252,POLNIA,ニュージーランド,0,,-
tricoro,GAIA,0,,-,973,O0*19!,ニュージーランド,2090,33SA3,ニュージーランド,3283,POLNIA,ニュージーランド,0,,-
tricoro,GRADIUS 2012,0,,-,865,O0*19!,ニュージーランド,1661,BERRY!,ニュージーランド,2649,IIDX33,ニュージーランド,0,,-
tricoro,Hollywood Galaxy,0,,-,895,RUINS1,ニュージーランド,1883,33SA3,ニュージーランド,2737,POLNIA,ニュージーランド,0,,-
tricoro,Howling,0,,-,529,O0*19!,ニュージーランド,1168,ZAMDIN,ニュージーランド,1548,F2D,ニュージーランド,2435,KUI,ニュージーランド
tricoro,I know You know,0,,-,400,ZAKI3,ニュージーランド,680,VAIL,ニュージーランド,1799,MA25DX,ニュージーランド,0,,-
tricoro,ILIAS,0,,-,772,O0*19!,ニュージーランド,716,DJYNTK,ニュージーランド,2142,YOR*TN,ニュージーランド,0,,-
tricoro,Illegal Function Call,0,,-,973,BERRY!,ニュージーランド,1793,POLNIA,ニュージーランド,2646,POLNIA,ニュージーランド,3618,POLNIA,ニュージーランド
tricoro,In Heaven,0,,-,711,LL1H,ニュージーランド,1251,ONGKLH,ニュージーランド,2066,YOR*TN,ニュージーランド,0,,-
tricoro,JOMANDA,221,JENKNS,ニュージーランド,930,TRENT,ニュージーランド,2136,O0*19!,ニュージーランド,3591,POLNIA,ニュージーランド,0,,-
tricoro,Liberation,0,,-,1280,LL1H,ニュージーランド,2132,TAKA84,ニュージーランド,3653,POLNIA,ニュージーランド,0,,-
tricoro,Light and Cyber…,0,,-,893,RUINS1,ニュージーランド,1672,F2D,ニュージーランド,3102,POLNIA,ニュージーランド,0,,-
tricoro,Little Star,0,,-,764,DJ.3D,ニュージーランド,1749,N,ニュージーランド,3162,POLNIA,ニュージーランド,0,,-
tricoro,LUV CAN SAVE U,0,,-,543,RUINS1,ニュージーランド,1303,JENKNS,ニュージーランド,2103,MA25DX,ニュージーランド,2663,KUI,ニュージーランド
tricoro,mnemoniq,0,,-,514,O0*19!,ニュージーランド,885,ZAMDIN,ニュージーランド,1292,MA25DX,ニュージーランド,0,,-
tricoro,Neonlights,0,,-,628,LL1H,ニュージーランド,1378,PATG3N,ニュージーランド,2138,BD86,ニュージーランド,0,,-
tricoro,neu,150,NAUSEA,ニュージーランド,719,RUINS1,ニュージーランド,2004,873UME,ニュージーランド,3589,SPECTR,ニュージーランド,0,,-
tricoro,New Decade IIDX Edition,154,DASH,ニュージーランド,837,RUINS1,ニュージーランド,1576,LD,ニュージーランド,2624,KUI,ニュージーランド,0,,-
tricoro,New Lights,0,,-,580,VEXXED,ニュージーランド,1726,BERRY!,ニュージーランド,2225,K4SEN,ニュージーランド,0,,-
tricoro,Plan 8,0,,-,966,RUINS1,ニュージーランド,2058,123456,ニュージーランド,3182,POLNIA,ニュージーランド,0,,-
tricoro,planarian,0,,-,450,AAAAAA,ニュージーランド,1421,DAVID,ニュージーランド,2366,123456,ニュージーランド,0,,-
tricoro,POINT ZERO,0,,-,720,K4SEN,ニュージーランド,1190,O0*19!,ニュージーランド,2029,IIDX33,ニュージーランド,0,,-
tricoro,Präludium,0,,-,493,REECHE,ニュージーランド,905,NTTHRN,ニュージーランド,2208,YOR*TN,ニュージーランド,0,,-
tricoro,Proof of the existence,0,,-,878,STESTR,ニュージーランド,1984,33SA3,ニュージーランド,3237,POLNIA,ニュージーランド,0,,-
tricoro,Rainbow after snow,0,,-,663,ANGEL,ニュージーランド,1135,ZAKI3,ニュージーランド,2102,DONK,ニュージーランド,0,,-
tricoro,Re:GENERATION,0,,-,888,O0*19!,ニュージーランド,1484,BERRY!,ニュージーランド,2109,N,ニュージーランド,0,,-
tricoro,Reflection Into the EDEN,0,,-,720,O0*19!,ニュージーランド,1236,DEJIKO,ニュージーランド,2040,33SA3,ニュージーランド,0,,-
tricoro,rumrum triplets,0,,-,928,BERRY!,ニュージーランド,1897,O0*19!,ニュージーランド,2808,33SA3,ニュージーランド,0,,-
tricoro,S!ck,0,,-,892,ZAMDIN,ニュージーランド,1365,KUI,ニュージーランド,2527,YOR*TN,ニュージーランド,0,,-
tricoro,Saturn,0,,-,1293,BERRY!,ニュージーランド,1906,33SA3,ニュージーランド,2459,MA25DX,ニュージーランド,3067,!DK,ニュージーランド
tricoro,Shining World,0,,-,1148,RUINS1,ニュージーランド,1574,0721,ニュージーランド,1909,YOR*TN,ニュージーランド,0,,-
tricoro,SHION,0,,-,653,ZAMDIN,ニュージーランド,1291,123456,ニュージーランド,2644,IIDX33,ニュージーランド,0,,-
tricoro,Sol Cosine Job 2,0,,-,957,O0*19!,ニュージーランド,1332,PATG3N,ニュージーランド,2788,YOR*TN,ニュージーランド,0,,-
tricoro,STULTI,0,,-,672,O0*19!,ニュージーランド,1387,33SA3,ニュージーランド,2495,LR4,ニュージーランド,0,,-
tricoro,SYNC-ANTHEM,0,,-,0,,-,2364,33SA3,ニュージーランド,3470,LR4,ニュージーランド,0,,-
tricoro,Synergy For Angels,0,,-,832,O0*19!,ニュージーランド,1458,PATG3N,ニュージーランド,2602,MA25DX,ニュージーランド,0,,-
tricoro,Take My Life,0,,-,895,O0*19!,ニュージーランド,1567,BERRY!,ニュージーランド,2605,33SA3,ニュージーランド,0,,-
tricoro,Thor's Hammer,0,,-,360,DAKING,ニュージーランド,1671,33SA3,ニュージーランド,2938,POLNIA,ニュージーランド,0,,-
tricoro,Time To Empress,0,,-,902,BERRY!,ニュージーランド,1771,O0*19!,ニュージーランド,2518,YOR*TN,ニュージーランド,2958,KCM,ニュージーランド
tricoro,Timepiece phase II,0,,-,950,O0*19!,ニュージーランド,1771,O0*19!,ニュージーランド,3246,POLNIA,ニュージーランド,0,,-
tricoro,Timepiece phase II (CN Ver.),0,,-,922,ZAMDIN,ニュージーランド,1718,33SA3,ニュージーランド,2982,POLNIA,ニュージーランド,0,,-
tricoro,True Blue,0,,-,1039,O0*19!,ニュージーランド,2419,123456,ニュージーランド,3768,POLNIA,ニュージーランド,0,,-
tricoro,Valanga,0,,-,1213,LL1H,ニュージーランド,2053,33SA3,ニュージーランド,3057,IIDX33,ニュージーランド,0,,-
tricoro,VALLIS-NERIA,0,,-,954,SAN,ニュージーランド,1939,33SA3,ニュージーランド,2956,POLNIA,ニュージーランド,0,,-
tricoro,VEGA,0,,-,982,RUINS1,ニュージーランド,1749,DEJIKO,ニュージーランド,2769,0721,ニュージーランド,0,,-
tricoro,ZED,0,,-,866,RUINS1,ニュージーランド,1639,BERRY!,ニュージーランド,2604,MA25DX,ニュージーランド,2705,KUI,ニュージーランド
tricoro,Zirkfied,0,,-,1002,BERRY!,ニュージーランド,1710,873UME,ニュージーランド,3742,POLNIA,ニュージーランド,0,,-
tricoro,ΕΛΠΙΣ,0,,-,847,REDDRO,ニュージーランド,1966,33SA3,ニュージーランド,3114,POLNIA,ニュージーランド,3446,POLNIA,ニュージーランド
tricoro,†渚の小悪魔ラヴリィ～レイディオ†(IIDX EDIT),0,,-,491,RUINS1,ニュージーランド,1548,BERRY!,ニュージーランド,3580,POLNIA,ニュージーランド,0,,-
tricoro,お米の美味しい炊き方、そしてお米を食べることによるその効果。,0,,-,818,O0*19!,ニュージーランド,1200,PRIUS7,ニュージーランド,1940,N,ニュージーランド,3400,LR4,ニュージーランド
tricoro,たまゆら,0,,-,1083,ZAMDIN,ニュージーランド,1763,K4SEN,ニュージーランド,2602,IIDX17,ニュージーランド,0,,-
tricoro,アストライアの双皿,0,,-,597,RUINS1,ニュージーランド,1879,O0*19!,ニュージーランド,3138,POLNIA,ニュージーランド,0,,-
tricoro,カジノファイヤーことみちゃん,0,,-,621,O0*19!,ニュージーランド,1295,O0*19!,ニュージーランド,2385,POLNIA,ニュージーランド,3299,POLNIA,ニュージーランド
tricoro,キャトられ恋はモ～モク,0,,-,1323,ZAKI3,ニュージーランド,2166,O.HARE,ニュージーランド,3312,RRRR,ニュージーランド,0,,-
tricoro,シュレーディンガーの猫,0,,-,852,RUINS1,ニュージーランド,2297,33SA3,ニュージーランド,3373,POLNIA,ニュージーランド,0,,-
tricoro,トリカゴノ鳳凰,0,,-,887,ZAKI3,ニュージーランド,1702,O0*19!,ニュージーランド,3767,POLNIA,ニュージーランド,0,,-
tricoro,メイメツ、フラグメンツ,0,,-,619,LL1H,ニュージーランド,1090,IIDX33,ニュージーランド,1931,IIDX33,ニュージーランド,0,,-
tricoro,ラキラキ,0,,-,614,O0*19!,ニュージーランド,861,ZAKI3,ニュージーランド,1988,POLNIA,ニュージーランド,0,,-
tricoro,下弦の月,0,,-,897,O0*19!,ニュージーランド,1363,O0*19!,ニュージーランド,1925,MA25DX,ニュージーランド,0,,-
tricoro,仮想空間の旅人たち,0,,-,1092,O0*19!,ニュージーランド,1928,TAKA84,ニュージーランド,2787,YOR*TN,ニュージーランド,3686,!DK,ニュージーランド
tricoro,創世ノート,0,,-,804,O0*19!,ニュージーランド,1475,PRIUS7,ニュージーランド,2908,POLNIA,ニュージーランド,0,,-
tricoro,即席！脳直★ミュージックシステム,0,,-,987,O0*19!,ニュージーランド,1304,ZENNAN,ニュージーランド,3196,DONK,ニュージーランド,0,,-
tricoro,朧,207,KNOK7I,ニュージーランド,730,RUINS1,ニュージーランド,1394,GRE**Y,ニュージーランド,2106,POLNIA,ニュージーランド,2539,POLNIA,ニュージーランド
tricoro,梅雪夜,0,,-,830,O0*19!,ニュージーランド,1372,0721,ニュージーランド,2121,IIDX33,ニュージーランド,0,,-
tricoro,狂イ咲ケ焔ノ華,0,,-,671,R4NG3.,ニュージーランド,2275,873UME,ニュージーランド,3552,POLNIA,ニュージーランド,0,,-
tricoro,音楽,0,,-,711,RUINS1,ニュージーランド,1865,DMIL,ニュージーランド,2754,POLNIA,ニュージーランド,0,,-
tricoro,龍と少女とデコヒーレンス,0,,-,695,ZAKI3,ニュージーランド,1217,MINT.,ニュージーランド,3001,POLNIA,ニュージーランド,3385,POLNIA,ニュージーランド
SPADA,Adularia,151,ONKYO,ニュージーランド,1036,O0*19!,ニュージーランド,1750,DMIL,ニュージーランド,2832,POLNIA,ニュージーランド,0,,-
SPADA,ALBA -黎明-,0,,-,565,DJ.3D,ニュージーランド,1528,GUEST.,ニュージーランド,3060,YOR*TN,ニュージーランド,3640,!DK,ニュージーランド
SPADA,Ancient Scapes,0,,-,0,,-,1966,123456,ニュージーランド,3194,GUEST.,ニュージーランド,3586,YOR*TN,ニュージーランド
SPADA,ATHER,0,,-,795,ZAKI3,ニュージーランド,1123,ZAKI3,ニュージーランド,2588,PHUBER,ニュージーランド,2969,BD86,ニュージーランド
SPADA,BLUE DRAGON(雷龍RemixIIDX),0,,-,1307,HN,ニュージーランド,2050,0721,ニュージーランド,3086,KCM,ニュージーランド,0,,-
SPADA,BRAINSTORM,0,,-,623,GRAND,ニュージーランド,1901,123456,ニュージーランド,2668,POLNIA,ニュージーランド,0,,-
SPADA,BRAVE OUT,0,,-,1010,O0*19!,ニュージーランド,1445,BERRY!,ニュージーランド,2078,YOR*TN,ニュージーランド,2582,KUI,ニュージーランド
SPADA,Claiomh Solais,0,,-,287,2,ニュージーランド,1373,N,ニュージーランド,2001,33SA3,ニュージーランド,0,,-
SPADA,Cleopatrysm,0,,-,649,ANGEL,ニュージーランド,1321,O0*19!,ニュージーランド,2387,IIDX17,ニュージーランド,0,,-
SPADA,Close the World feat.a☆ru,0,,-,1028,ZAKI3,ニュージーランド,1764,DIGGY,ニュージーランド,3317,POLNIA,ニュージーランド,3817,POLNIA,ニュージーランド
SPADA,Critical Crystal,90,MIA!!,ニュージーランド,803,SPCTRE,ニュージーランド,1729,HN,ニュージーランド,2905,POLNIA,ニュージーランド,0,,-
SPADA,DARK LEGACY,0,,-,1169,ZAMDIN,ニュージーランド,1888,O0*19!,ニュージーランド,3316,BD86,ニュージーランド,0,,-
SPADA,Devilz Sacrifice -贖罪の羊-,0,,-,0,,-,1437,F2D,ニュージーランド,2276,GUEST.,ニュージーランド,0,,-
SPADA,diagram,0,,-,0,,-,1070,DAVID,ニュージーランド,2658,MA25DX,ニュージーランド,0,,-
SPADA,Elektrick U-Phoria,0,,-,927,RUINS1,ニュージーランド,1872,BERRY!,ニュージーランド,2900,33SA3,ニュージーランド,3559,PHUBER,ニュージーランド
SPADA,Element of SPADA,0,,-,709,0721,ニュージーランド,1290,ZAMDIN,ニュージーランド,2074,DONK,ニュージーランド,3091,POLNIA,ニュージーランド
SPADA,Engraved Mark,0,,-,617,VIVLAN,ニュージーランド,1082,PRIUS7,ニュージーランド,2187,YOR*TN,ニュージーランド,0,,-
SPADA,EXTREME MACH COLLIDER,0,,-,624,ANGEL,ニュージーランド,0,,-,2398,123456,ニュージーランド,0,,-
SPADA,Feel The Beat,0,,-,976,ZEPLIC,ニュージーランド,2043,33SA3,ニュージーランド,3329,YOR*TN,ニュージーランド,4332,POLNIA,ニュージーランド
SPADA,Funny shuffle,0,,-,0,,-,909,RUINS1,ニュージーランド,2169,BD86,ニュージーランド,0,,-
SPADA,HYENA,0,,-,843,ZENNAN,ニュージーランド,1793,HN,ニュージーランド,2798,POLNIA,ニュージーランド,3354,KCM,ニュージーランド
SPADA,Hypersonik,0,,-,337,AAAAAA,ニュージーランド,1576,O0*19!,ニュージーランド,2397,33SA3,ニュージーランド,0,,-
SPADA,I will be back -オレは帰ってきた-,0,,-,932,ZAMDIN,ニュージーランド,1485,ZAMDIN,ニュージーランド,2823,RRRR,ニュージーランド,0,,-
SPADA,Idola,0,,-,1157,O0*19!,ニュージーランド,2214,33SA3,ニュージーランド,3559,POLNIA,ニュージーランド,0,,-
SPADA,Insane Techniques,0,,-,644,2,ニュージーランド,1198,O0*19!,ニュージーランド,2359,DONK,ニュージーランド,0,,-
SPADA,INSOMNIA,0,,-,652,ZAKI3,ニュージーランド,1467,ZAMDIN,ニュージーランド,3054,KCM,ニュージーランド,0,,-
SPADA,into the battlefield,0,,-,0,,-,1251,PATG3N,ニュージーランド,2340,RRRR,ニュージーランド,0,,-
SPADA,invoker,0,,-,0,,-,1537,PATG3N,ニュージーランド,2972,GUEST.,ニュージーランド,3072,DEKIN*,ニュージーランド
SPADA,IX,0,,-,1213,ZAMDIN,ニュージーランド,2255,33SA3,ニュージーランド,3838,POLNIA,ニュージーランド,0,,-
SPADA,KAISER PHOENIX,0,,-,1254,ZAMDIN,ニュージーランド,2193,33SA3,ニュージーランド,3295,POLNIA,ニュージーランド,3919,POLNIA,ニュージーランド
SPADA,KHAMEN BREAK,0,,-,409,REECHE,ニュージーランド,1293,ZAMDIN,ニュージーランド,2289,BD86,ニュージーランド,0,,-
SPADA,Last Dance,0,,-,1033,ZAMDIN,ニュージーランド,1892,33SA3,ニュージーランド,3006,!DK,ニュージーランド,0,,-
SPADA,Lighting Shower,0,,-,416,LUCA,ニュージーランド,1199,MARU-Q,ニュージーランド,2138,GUEST.,ニュージーランド,0,,-
SPADA,M.D.Injection,0,,-,439,SAN,ニュージーランド,830,ZENNAN,ニュージーランド,2291,MA25DX,ニュージーランド,0,,-
SPADA,m1dy Deluxe,0,,-,989,RUINS1,ニュージーランド,1609,O0*19!,ニュージーランド,2413,RRRR,ニュージーランド,0,,-
SPADA,MAD ATTACK,0,,-,670,DMIL,ニュージーランド,1106,MXP-GX,ニュージーランド,1874,KCM,ニュージーランド,2413,KCM,ニュージーランド
SPADA,MAGIC & LOVE,0,,-,731,NYU,ニュージーランド,1801,0721,ニュージーランド,2746,YOR*TN,ニュージーランド,0,,-
SPADA,Miracle 5ympho X,0,,-,420,NYU,ニュージーランド,1263,DMIL,ニュージーランド,2517,DONK,ニュージーランド,2442,AKI8MA,ニュージーランド
SPADA,NPC World,0,,-,742,DJ.3D,ニュージーランド,1451,BERRY!,ニュージーランド,2180,33SA3,ニュージーランド,0,,-
SPADA,Odin,0,,-,728,O0*19!,ニュージーランド,1361,BERRY!,ニュージーランド,1905,N,ニュージーランド,0,,-
SPADA,Overload Frontier,0,,-,490,ALEX,ニュージーランド,1428,DAVID,ニュージーランド,2272,AKI8MA,ニュージーランド,0,,-
SPADA,Pharaoh,0,,-,264,EGG,ニュージーランド,1155,JENKNS,ニュージーランド,2258,GUEST.,ニュージーランド,0,,-
SPADA,PUNISHER,0,,-,1028,RUINS1,ニュージーランド,1752,PRIUS7,ニュージーランド,3292,GUEST.,ニュージーランド,0,,-
SPADA,ra'am,0,,-,1002,873UME,ニュージーランド,1685,33SA3,ニュージーランド,2480,BD86,ニュージーランド,0,,-
SPADA,rainbow guitar weeps,0,,-,938,ZAMDIN,ニュージーランド,1727,O0*19!,ニュージーランド,2671,IIDX33,ニュージーランド,0,,-
SPADA,Recollection,0,,-,0,,-,0,,-,1740,LR4,ニュージーランド,0,,-
SPADA,refractive index,0,,-,277,VAIL,ニュージーランド,1068,ZAKI3,ニュージーランド,2543,YOR*TN,ニュージーランド,0,,-
SPADA,RISE,0,,-,0,,-,0,,-,1797,MA25DX,ニュージーランド,0,,-
SPADA,RIZING YOU UP,0,,-,503,DJYNTK,ニュージーランド,1971,O0*19!,ニュージーランド,2446,33SA3,ニュージーランド,0,,-
SPADA,SCHWARZSCHILD FIELD,0,,-,615,VAIL,ニュージーランド,1501,DMIL,ニュージーランド,2206,MA25DX,ニュージーランド,0,,-
SPADA,Sigmund,0,,-,1463,OKASAN,ニュージーランド,2164,O0*19!,ニュージーランド,3835,POLNIA,ニュージーランド,4271,POLNIA,ニュージーランド
SPADA,Squeeze,0,,-,533,KWKN,ニュージーランド,1232,JENKNS,ニュージーランド,2345,IIDX17,ニュージーランド,0,,-
SPADA,THE DETONATOR,0,,-,0,,-,2395,123456,ニュージーランド,2891,K4SEN,ニュージーランド,0,,-
SPADA,Unicorn tail,0,,-,823,BERRY!,ニュージーランド,1993,0721,ニュージーランド,2969,GUEST.,ニュージーランド,0,,-
SPADA,Valgus,0,,-,543,TRAEGR,ニュージーランド,1061,MXP-GX,ニュージーランド,2214,MA25DX,ニュージーランド,0,,-
SPADA,Verflucht,0,,-,1031,ZYKLUS,ニュージーランド,2024,YOR*TN,ニュージーランド,3543,POLNIA,ニュージーランド,4664,POLNIA,ニュージーランド
SPADA,VOX UP,0,,-,1245,F2D,ニュージーランド,2339,N,ニュージーランド,3154,GUEST.,ニュージーランド,0,,-
SPADA,Wonder Girl feat. Kanae Asaba,0,,-,536,VIVLAN,ニュージーランド,1182,AALI-Z,ニュージーランド,2657,GUEST.,ニュージーランド,0,,-
SPADA,お願いアインシュタイン,0,,-,0,,-,1481,YOR*TN,ニュージーランド,2085,IIDX33,ニュージーランド,0,,-
SPADA,アルストロメリア,0,,-,929,873UME,ニュージーランド,1390,O0*19!,ニュージーランド,2365,YOR*TN,ニュージーランド,0,,-
SPADA,デッドボヲルdeホームラン,0,,-,490,GRAND,ニュージーランド,1557,POLNIA,ニュージーランド,2751,POLNIA,ニュージーランド,0,,-
SPADA,バンブーソード・ガール,260,OKASAN,ニュージーランド,876,ZAMDIN,ニュージーランド,1596,HN,ニュージーランド,2259,LR4,ニュージーランド,0,,-
SPADA,廿,0,,-,620,ALEX,ニュージーランド,1449,ZAMDIN,ニュージーランド,2182,N,ニュージーランド,2734,K4SEN,ニュージーランド
SPADA,旋律のドグマ～Miserables～,0,,-,830,ZEPLIC,ニュージーランド,2339,33SA3,ニュージーランド,3607,MA25DX,ニュージーランド,0,,-
SPADA,海神,0,,-,1057,ZAMDIN,ニュージーランド,1822,DMIL,ニュージーランド,3111,POLNIA,ニュージーランド,3352,MA25DX,ニュージーランド
SPADA,煉獄のエルフェリア,0,,-,985,STESTR,ニュージーランド,2238,123456,ニュージーランド,3903,POLNIA,ニュージーランド,0,,-
SPADA,牧神笛吹きて,0,,-,364,LUCA,ニュージーランド,1300,TAKA84,ニュージーランド,1980,MA25DX,ニュージーランド,0,,-
SPADA,疾風迅雷,0,,-,0,,-,1578,2,ニュージーランド,2854,POLNIA,ニュージーランド,3412,POLNIA,ニュージーランド
SPADA,罪と罰,0,,-,853,VIVLAN,ニュージーランド,1149,ZAKI3,ニュージーランド,2115,POLNIA,ニュージーランド,0,,-
SPADA,超!!遠距離らぶメ～ル,0,,-,495,GRAND,ニュージーランド,1511,BERRY!,ニュージーランド,2653,POLNIA,ニュージーランド,0,,-
SPADA,轟け！恋のビーンボール！！,0,,-,830,2,ニュージーランド,1724,BERRY!,ニュージーランド,3220,!DK,ニュージーランド,0,,-
PENDUAL,#The_Relentless,0,,-,0,,-,1912,K4SEN,ニュージーランド,2793,MA25DX,ニュージーランド,4047,LR4,ニュージーランド
PENDUAL,AFRO KNUCKLE,0,,-,779,DJ.3D,ニュージーランド,1499,JENKNS,ニュージーランド,2285,$,ニュージーランド,0,,-
PENDUAL,Beat Radiance,0,,-,861,RUINS1,ニュージーランド,1566,O0*19!,ニュージーランド,2471,N,ニュージーランド,3495,BD86,ニュージーランド
PENDUAL,Beyond The Earth,0,,-,810,DENJIN,ニュージーランド,1934,33SA3,ニュージーランド,3161,POLNIA,ニュージーランド,0,,-
PENDUAL,Blaze it UP!,0,,-,669,TSTCHG,ニュージーランド,1736,O0*19!,ニュージーランド,2849,YOR*TN,ニュージーランド,0,,-
PENDUAL,BLUE MIRAGE,0,,-,604,RUINS1,ニュージーランド,1949,N,ニュージーランド,2951,POLNIA,ニュージーランド,0,,-
PENDUAL,Broken Sword,0,,-,1166,JENKNS,ニュージーランド,1958,N,ニュージーランド,3720,POLNIA,ニュージーランド,0,,-
PENDUAL,Chain of pain,0,,-,730,O0*19!,ニュージーランド,1247,2,ニュージーランド,2152,IIDX33,ニュージーランド,0,,-
PENDUAL,chrono diver -fragment-,0,,-,685,0721,ニュージーランド,1045,ZAMDIN,ニュージーランド,1780,MA25DX,ニュージーランド,2240,DONK,ニュージーランド
PENDUAL,CHRONO DIVER -NORNIR-,0,,-,852,AWEG,ニュージーランド,2168,0721,ニュージーランド,3081,POLNIA,ニュージーランド,4361,POLNIA,ニュージーランド
PENDUAL,Chrono Diver -PENDULUMs-,436,REECHE,ニュージーランド,1239,ZAKI3,ニュージーランド,2792,POLNIA,ニュージーランド,4297,POLNIA,ニュージーランド,0,,-
PENDUAL,Chronos,0,,-,742,RUINS1,ニュージーランド,1294,BERRY!,ニュージーランド,2147,YRP,ニュージーランド,2940,RRRR,ニュージーランド
PENDUAL,cinder,0,,-,0,,-,1543,O0*19!,ニュージーランド,2865,GUEST.,ニュージーランド,0,,-
PENDUAL,COLOSSEUM,0,,-,508,GRAND,ニュージーランド,1088,DAVID,ニュージーランド,2167,123456,ニュージーランド,0,,-
PENDUAL,Cosmic Cat,0,,-,733,ZENNAN,ニュージーランド,1277,DAVID,ニュージーランド,2278,POLNIA,ニュージーランド,3224,POLNIA,ニュージーランド
PENDUAL,Despair of ELFERIA,0,,-,993,Z-STAR,ニュージーランド,2306,0721,ニュージーランド,3855,KCM,ニュージーランド,0,,-
PENDUAL,Discloze,0,,-,499,KWKN,ニュージーランド,1202,PATG3N,ニュージーランド,2424,33SA3,ニュージーランド,0,,-
PENDUAL,EBONY & IVORY,0,,-,767,ZENNAN,ニュージーランド,1397,O0*19!,ニュージーランド,2993,POLNIA,ニュージーランド,3168,YOR*TN,ニュージーランド
PENDUAL,entelecheia,0,,-,515,DJYNTK,ニュージーランド,1904,BERRY!,ニュージーランド,3287,POLNIA,ニュージーランド,0,,-
PENDUAL,Erosion Mark,0,,-,754,O0*19!,ニュージーランド,1318,PATG3N,ニュージーランド,2084,123456,ニュージーランド,0,,-
PENDUAL,fallen leaves -IIDX edition-,0,,-,1119,ZAMDIN,ニュージーランド,1945,0721,ニュージーランド,3218,!DK,ニュージーランド,0,,-
PENDUAL,FANTASTIC THREE,0,,-,1126,ZAMDIN,ニュージーランド,2133,123456,ニュージーランド,2813,BD86,ニュージーランド,0,,-
PENDUAL,Flashes,0,,-,0,,-,1689,33SA3,ニュージーランド,3232,POLNIA,ニュージーランド,4133,POLNIA,ニュージーランド
PENDUAL,Gravigazer,0,,-,0,,-,1802,0721,ニュージーランド,2761,MA25DX,ニュージーランド,0,,-
PENDUAL,GUILTY,0,,-,584,RUINS1,ニュージーランド,1405,BERRY!,ニュージーランド,1731,KUI,ニュージーランド,2756,!DK,ニュージーランド
PENDUAL,HELL SCAPER -Last Escape Remix-,0,,-,793,VAIL,ニュージーランド,1646,KUI,ニュージーランド,2522,K4SEN,ニュージーランド,0,,-
PENDUAL,Hello Happiness,0,,-,223,ALEX,ニュージーランド,0,,-,1954,N,ニュージーランド,0,,-
PENDUAL,illuminate,0,,-,429,Z-STAR,ニュージーランド,1191,DEJIKO,ニュージーランド,2235,MA25DX,ニュージーランド,0,,-
PENDUAL,IMPLANTATION,0,,-,635,BERRY!,ニュージーランド,1613,GUEST.,ニュージーランド,2280,POLNIA,ニュージーランド,0,,-
PENDUAL,In The Breeze,0,,-,461,NYU,ニュージーランド,0,,-,1711,MA25DX,ニュージーランド,0,,-
PENDUAL,Invitation from Mr.C,0,,-,1108,O0*19!,ニュージーランド,1443,O0*19!,ニュージーランド,2662,POLNIA,ニュージーランド,0,,-
PENDUAL,IXION,0,,-,699,SPCTRE,ニュージーランド,1765,YOR*TN,ニュージーランド,2113,YOR*TN,ニュージーランド,0,,-
PENDUAL,Line 4 Ruin,0,,-,400,ALEX,ニュージーランド,1561,LD,ニュージーランド,2696,DONK,ニュージーランド,0,,-
PENDUAL,Monopole.,0,,-,774,BERRY!,ニュージーランド,1465,O0*19!,ニュージーランド,3157,KCM,ニュージーランド,0,,-
PENDUAL,NEO GENERATOR SEVEN,0,,-,0,,-,1628,O0*19!,ニュージーランド,2992,AKI8MA,ニュージーランド,0,,-
PENDUAL,Night sky,0,,-,974,AWEG,ニュージーランド,1806,BERRY!,ニュージーランド,2746,DONK,ニュージーランド,0,,-
PENDUAL,No Tears,0,,-,588,VEXXED,ニュージーランド,1976,N,ニュージーランド,2451,MA25DX,ニュージーランド,0,,-
PENDUAL,PENDUAL TALISMAN,0,,-,900,SAN,ニュージーランド,1578,BERRY!,ニュージーランド,2573,POLNIA,ニュージーランド,0,,-
PENDUAL,Rave*it!! Rave*it!!,0,,-,677,VAIL,ニュージーランド,1669,N,ニュージーランド,3247,POLNIA,ニュージーランド,0,,-
PENDUAL,Realize Maze,0,,-,1193,O0*19!,ニュージーランド,1523,SCRLET,ニュージーランド,2817,LR4,ニュージーランド,0,,-
PENDUAL,Reflux,0,,-,0,,-,1301,F2D,ニュージーランド,2955,POLNIA,ニュージーランド,0,,-
PENDUAL,Sakura Mirage,0,,-,779,ZAKI3,ニュージーランド,1259,O0*19!,ニュージーランド,2146,YOR*TN,ニュージーランド,0,,-
PENDUAL,SAMSARA,0,,-,0,,-,1379,0721,ニュージーランド,1923,N,ニュージーランド,0,,-
PENDUAL,Say YEEEAHH,0,,-,0,,-,1357,PATG3N,ニュージーランド,3012,YOR*TN,ニュージーランド,0,,-
PENDUAL,Scarlet Moon,0,,-,754,DJ.3D,ニュージーランド,1603,O0*19!,ニュージーランド,2589,33SA3,ニュージーランド,0,,-
PENDUAL,Scars of FAUNA,0,,-,813,ZAMDIN,ニュージーランド,1490,YRP,ニュージーランド,2761,MA25DX,ニュージーランド,0,,-
PENDUAL,Shooting Fireball,0,,-,928,O0*19!,ニュージーランド,2171,123456,ニュージーランド,3634,!DK,ニュージーランド,0,,-
PENDUAL,Sounds Of Summer,0,,-,1130,JENKNS,ニュージーランド,1970,O0*19!,ニュージーランド,2994,POLNIA,ニュージーランド,0,,-
PENDUAL,SpaceLand☆TOYBOX,0,,-,0,,-,1676,33SA3,ニュージーランド,2803,!DK,ニュージーランド,0,,-
PENDUAL,Sweet Radar,0,,-,431,VAIL,ニュージーランド,1359,0721,ニュージーランド,2000,IIDX33,ニュージーランド,0,,-
PENDUAL,Symmetry,0,,-,888,ZENNAN,ニュージーランド,1928,O0*19!,ニュージーランド,3092,KCM,ニュージーランド,0,,-
PENDUAL,TA・DA ☆ YO・SHI,0,,-,963,RUINS1,ニュージーランド,1496,O0*19!,ニュージーランド,2244,KAGAM,ニュージーランド,0,,-
PENDUAL,The Least 100sec,0,,-,639,RUINS1,ニュージーランド,1320,AALI-Z,ニュージーランド,2835,POLNIA,ニュージーランド,0,,-
PENDUAL,TIEFSEE,0,,-,1089,ZAKI3,ニュージーランド,2087,0721,ニュージーランド,3246,MA25DX,ニュージーランド,0,,-
PENDUAL,TOXIC VIBRATION,0,,-,1393,YODO.,ニュージーランド,2163,N,ニュージーランド,3739,POLNIA,ニュージーランド,0,,-
PENDUAL,Vulkan,0,,-,777,JIMJI,ニュージーランド,1600,PATG3N,ニュージーランド,2819,OM1Q-G,ニュージーランド,0,,-
PENDUAL,We're so Happy (P*Light Remix) IIDX ver.,0,,-,772,JIMJI,ニュージーランド,1646,JENKNS,ニュージーランド,3665,POLNIA,ニュージーランド,0,,-
PENDUAL,ZZ,0,,-,834,ZAKI3,ニュージーランド,1950,33SA3,ニュージーランド,3057,POLNIA,ニュージーランド,0,,-
PENDUAL,それは花火のような恋,588,GRAND,ニュージーランド,1209,O0*19!,ニュージーランド,2486,YOR*TN,ニュージーランド,3858,POLNIA,ニュージーランド,0,,-
PENDUAL,とろぴかる倶楽部,0,,-,0,,-,1271,O0*19!,ニュージーランド,2131,MA25DX,ニュージーランド,0,,-
PENDUAL,ぷろぐれっしぶ時空少女！うらしまたろ子ちゃん！,0,,-,0,,-,1466,0721,ニュージーランド,2303,MA25DX,ニュージーランド,0,,-
PENDUAL,もっと！モット！ときめき feat. 松下,0,,-,1309,BERRY!,ニュージーランド,1864,O0*19!,ニュージーランド,2399,OM1Q-G,ニュージーランド,0,,-
PENDUAL,ドッキン☆サマーあばんちゅーる,0,,-,646,NAO-,ニュージーランド,1316,J,ニュージーランド,2726,KCM,ニュージーランド,0,,-
PENDUAL,パ→ピ→プ→Yeah!,319,NOVA,ニュージーランド,925,ZAKI3,ニュージーランド,1504,TAKA84,ニュージーランド,2483,IIDX33,ニュージーランド,0,,-
PENDUAL,ベィスドロップ・フリークス,0,,-,561,RUINS1,ニュージーランド,966,RDDG,ニュージーランド,2225,POLNIA,ニュージーランド,2344,POLNIA,ニュージーランド
PENDUAL,リリーゼと炎龍レーヴァテイン,0,,-,962,BERRY!,ニュージーランド,2034,O0*19!,ニュージーランド,3482,POLNIA,ニュージーランド,0,,-
PENDUAL,共鳴遊戯の華,0,,-,0,,-,1823,33SA3,ニュージーランド,3848,POLNIA,ニュージーランド,0,,-
PENDUAL,十六夜セツナ,0,,-,747,MONKEY,ニュージーランド,1502,O0*19!,ニュージーランド,2145,MA25DX,ニュージーランド,0,,-
PENDUAL,千年ノ理,0,,-,1153,BERRY!,ニュージーランド,1756,O0*19!,ニュージーランド,3180,POLNIA,ニュージーランド,4276,POLNIA,ニュージーランド
PENDUAL,取り残された美術(Arranged:HiZuMi),252,OKASAN,ニュージーランド,783,ZYKLUS,ニュージーランド,1541,HN,ニュージーランド,2076,SPECTR,ニュージーランド,0,,-
PENDUAL,夏色DIARY - L.E.D.-G STYLE MIX -,0,,-,943,BERRY!,ニュージーランド,1798,33SA3,ニュージーランド,2725,!DK,ニュージーランド,0,,-
PENDUAL,妖隠し -あやかしかくし-,0,,-,764,ZAKI3,ニュージーランド,1551,DMIL,ニュージーランド,2089,33SA3,ニュージーランド,0,,-
PENDUAL,少年は空を辿る,0,,-,0,,-,1873,GON,ニュージーランド,3311,POLNIA,ニュージーランド,0,,-
PENDUAL,恋は白帯、サンシロー,0,,-,646,GRAND,ニュージーランド,845,KWKN,ニュージーランド,1953,DONK,ニュージーランド,2729,DONK,ニュージーランド
PENDUAL,打打打打打打打打打打,162,NOVA,ニュージーランド,644,SAN,ニュージーランド,1237,PRIUS7,ニュージーランド,2658,POLNIA,ニュージーランド,0,,-
PENDUAL,時空トラベローグ,0,,-,0,,-,1650,O0*19!,ニュージーランド,2515,MA25DX,ニュージーランド,0,,-
PENDUAL,白露の風,0,,-,480,0721,ニュージーランド,840,ZAKI3,ニュージーランド,1973,GUEST.,ニュージーランド,0,,-
PENDUAL,紅牡丹,437,GRAND,ニュージーランド,921,RUINS1,ニュージーランド,1742,123456,ニュージーランド,2647,GUEST.,ニュージーランド,0,,-
PENDUAL,表裏一体！？怪盗いいんちょの悩み,0,,-,1061,O0*19!,ニュージーランド,1961,O0*19!,ニュージーランド,3364,MA25DX,ニュージーランド,3990,IIDX33,ニュージーランド
PENDUAL,超青少年ノ為ノ超多幸ナ超古典的超舞曲,0,,-,777,ZENNAN,ニュージーランド,1846,0721,ニュージーランド,2681,POLNIA,ニュージーランド,4092,POLNIA,ニュージーランド
PENDUAL,鬼天,0,,-,737,ZAKI3,ニュージーランド,1513,O0*19!,ニュージーランド,2475,POLNIA,ニュージーランド,0,,-
PENDUAL,Ｘ↑Ｘ↓,0,,-,843,RUINS1,ニュージーランド,1721,BERRY!,ニュージーランド,2648,KUI,ニュージーランド,0,,-
copula,199024club -Re:BounceKiller-,0,,-,644,ZAMDIN,ニュージーランド,1539,123456,ニュージーランド,2244,POLNIA,ニュージーランド,0,,-
copula,Acid Pumper,0,,-,579,GRAND,ニュージーランド,1530,GUEST.,ニュージーランド,2473,POLNIA,ニュージーランド,0,,-
copula,Angelic Jelly,0,,-,1001,HN,ニュージーランド,1656,ZENNAN,ニュージーランド,2452,N,ニュージーランド,0,,-
copula,AO-1,0,,-,1022,ZAKI3,ニュージーランド,1836,0721,ニュージーランド,2570,BD86,ニュージーランド,0,,-
copula,Arcana,0,,-,940,KWKN,ニュージーランド,1378,PATG3N,ニュージーランド,2213,MA25DX,ニュージーランド,0,,-
copula,Aublia,0,,-,454,AAAAAA,ニュージーランド,1033,EGG,ニュージーランド,2391,BD86,ニュージーランド,0,,-
copula,Battle Train -IIDX Edition-,0,,-,850,O0*19!,ニュージーランド,1977,LD,ニュージーランド,3023,IIDX17,ニュージーランド,0,,-
copula,Blue Spring Express,0,,-,1225,OKASAN,ニュージーランド,1933,123456,ニュージーランド,3298,POLNIA,ニュージーランド,0,,-
copula,Central Station,0,,-,978,O0*19!,ニュージーランド,1147,ZAKI3,ニュージーランド,2298,MA25DX,ニュージーランド,0,,-
copula,chaos eater -IIDX edition-,0,,-,928,RUINS1,ニュージーランド,1260,KANAN,ニュージーランド,2436,SPECTR,ニュージーランド,0,,-
copula,CODE:1 [revision1.0.1],0,,-,755,NYU,ニュージーランド,1668,123456,ニュージーランド,3090,POLNIA,ニュージーランド,0,,-
copula,Daily Lunch Special,0,,-,928,ZAKI3,ニュージーランド,1973,O0*19!,ニュージーランド,2865,IIDX33,ニュージーランド,0,,-
copula,Damage Per Second,0,,-,705,GRAND,ニュージーランド,1305,MARU-Q,ニュージーランド,1989,YOR*TN,ニュージーランド,2194,KUI,ニュージーランド
copula,Derelict Star feat. Ryu*,0,,-,1370,BERRY!,ニュージーランド,1762,BERRY!,ニュージーランド,2485,MA25DX,ニュージーランド,0,,-
copula,Devil's Gear,0,,-,819,TRENT,ニュージーランド,2076,33SA3,ニュージーランド,3099,YOR*TN,ニュージーランド,0,,-
copula,DIAMOND CROSSING,0,,-,935,ZAMDIN,ニュージーランド,1633,N,ニュージーランド,3075,POLNIA,ニュージーランド,0,,-
copula,do the thing feat. Kanae Asaba,0,,-,432,NSH***,ニュージーランド,1436,BERRY!,ニュージーランド,2216,MA25DX,ニュージーランド,0,,-
copula,Donkey Donk,0,,-,848,RUINS1,ニュージーランド,1634,DMIL,ニュージーランド,2165,33SA3,ニュージーランド,0,,-
copula,Dynamite,427,VIBEZ,ニュージーランド,1144,ZAMDIN,ニュージーランド,2322,123456,ニュージーランド,3754,POLNIA,ニュージーランド,0,,-
copula,Everlasting Last,0,,-,573,VIVLAN,ニュージーランド,1595,YOR*TN,ニュージーランド,2148,YOR*TN,ニュージーランド,0,,-
copula,Exchange Place,0,,-,658,RUINS1,ニュージーランド,1219,BERRY!,ニュージーランド,1765,MA25DX,ニュージーランド,0,,-
copula,GENERATE feat.綾倉盟,0,,-,841,ZAKI3,ニュージーランド,1641,0721,ニュージーランド,2290,MA25DX,ニュージーランド,0,,-
copula,Go Faraway,0,,-,0,,-,1242,MXP-GX,ニュージーランド,2404,MA25DX,ニュージーランド,0,,-
copula,GOBBLE,0,,-,384,ANGEL,ニュージーランド,641,O0*19!,ニュージーランド,1565,BD86,ニュージーランド,0,,-
copula,Godspeed,0,,-,1026,BERRY!,ニュージーランド,1866,123456,ニュージーランド,3153,POLNIA,ニュージーランド,0,,-
copula,Grand Chariot,0,,-,1021,HN,ニュージーランド,1772,O0*19!,ニュージーランド,3052,IIDX33,ニュージーランド,0,,-
copula,Highcharge Divolt,0,,-,886,BERRY!,ニュージーランド,1633,0721,ニュージーランド,2597,DONK,ニュージーランド,0,,-
copula,Inner Spirit,0,,-,550,KWKN,ニュージーランド,1493,RDDG,ニュージーランド,2603,MA25DX,ニュージーランド,0,,-
copula,Journey,0,,-,573,TENTE,ニュージーランド,1142,O0*19!,ニュージーランド,1888,POLNIA,ニュージーランド,3113,POLNIA,ニュージーランド
copula,Konzert V,0,,-,1243,BERRY!,ニュージーランド,2103,33SA3,ニュージーランド,3275,POLNIA,ニュージーランド,0,,-
copula,La dolce primavera,0,,-,0,,-,950,SUKAP-,ニュージーランド,1957,O0*19!,ニュージーランド,0,,-
copula,M4K3 1T B0UNC3,0,,-,1000,REDDRO,ニュージーランド,1960,0721,ニュージーランド,2898,KCM,ニュージーランド,0,,-
copula,Musik LoverZ,0,,-,722,X.COM,ニュージーランド,1256,O0*19!,ニュージーランド,2354,MA25DX,ニュージーランド,0,,-
copula,NANAIRO,0,,-,835,DJ.3D,ニュージーランド,1599,O0*19!,ニュージーランド,2399,OM1Q-G,ニュージーランド,0,,-
copula,Nightmare before oversleep,0,,-,160,RHOD11,ニュージーランド,1812,N,ニュージーランド,2949,POLNIA,ニュージーランド,0,,-
copula,NINJA IS DEAD IIDX ver.,0,,-,884,KWKN,ニュージーランド,1805,O0*19!,ニュージーランド,2875,BD86,ニュージーランド,0,,-
copula,NO LIMIT -オレ達に限界は無い-,0,,-,779,O0*19!,ニュージーランド,1222,BERRY!,ニュージーランド,2193,RRRR,ニュージーランド,0,,-
copula,Nowhere,0,,-,0,,-,1369,O0*19!,ニュージーランド,2077,MA25DX,ニュージーランド,0,,-
copula,NZM,0,,-,884,AWEG,ニュージーランド,1424,MOLFOI,ニュージーランド,3430,POLNIA,ニュージーランド,0,,-
copula,On the FM,0,,-,128,VAIL,ニュージーランド,1382,PATG3N,ニュージーランド,2381,N,ニュージーランド,0,,-
copula,Outbreak,0,,-,882,BEPSI,ニュージーランド,1748,O0*19!,ニュージーランド,2980,POLNIA,ニュージーランド,0,,-
copula,POSSESSION,411,NOVA,ニュージーランド,1344,BERRY!,ニュージーランド,1990,33SA3,ニュージーランド,2962,POLNIA,ニュージーランド,0,,-
copula,quick master (reform version),0,,-,160,ZAMDIN,ニュージーランド,230,REECHE,ニュージーランド,486,SZR,ニュージーランド,0,,-
copula,refrain,0,,-,1074,ZAKI3,ニュージーランド,2157,33SA3,ニュージーランド,3337,MA25DX,ニュージーランド,0,,-
copula,Rock It,0,,-,972,2,ニュージーランド,1625,TAKA84,ニュージーランド,2882,IIDX33,ニュージーランド,0,,-
copula,Routing,0,,-,681,KWKN,ニュージーランド,1425,O0*19!,ニュージーランド,2455,POLNIA,ニュージーランド,0,,-
copula,Sephirot,0,,-,670,VAIL,ニュージーランド,1446,O0*19!,ニュージーランド,2216,YOR*TN,ニュージーランド,0,,-
copula,Set U Free feat. Kanae Asaba,0,,-,646,JACOB,ニュージーランド,1031,YODO.,ニュージーランド,2277,123456,ニュージーランド,0,,-
copula,SHELTER OF THE MIND,0,,-,1195,RUINS1,ニュージーランド,1945,N,ニュージーランド,2904,MA25DX,ニュージーランド,0,,-
copula,STARLiGHT,0,,-,766,RUINS1,ニュージーランド,1745,BERRY!,ニュージーランド,2680,IIDX33,ニュージーランド,0,,-
copula,STARLIGHT DANCEHALL,0,,-,859,ZAKI3,ニュージーランド,1253,DAVID,ニュージーランド,2529,DONK,ニュージーランド,3074,IIDX33,ニュージーランド
copula,StrayedCatz,0,,-,918,SCRLET,ニュージーランド,1636,X.COM,ニュージーランド,2826,POLNIA,ニュージーランド,0,,-
copula,Super Duper Racers,0,,-,903,O0*19!,ニュージーランド,1463,BERRY!,ニュージーランド,2223,123456,ニュージーランド,3425,!DK,ニュージーランド
copula,SURVIVOR,0,,-,616,RUINS1,ニュージーランド,1269,0721,ニュージーランド,1978,GUEST.,ニュージーランド,0,,-
copula,Tori-no-kimochi,0,,-,231,OKASAN,ニュージーランド,860,VAIL,ニュージーランド,1887,IIDX17,ニュージーランド,0,,-
copula,Triple Counter,0,,-,1151,NICKEL,ニュージーランド,1927,LD,ニュージーランド,3863,POLNIA,ニュージーランド,0,,-
copula,Uh-Oh,0,,-,0,,-,1177,YODO.,ニュージーランド,2155,123456,ニュージーランド,0,,-
copula,Violet Pulse,0,,-,107,0721,ニュージーランド,1371,PATG3N,ニュージーランド,2291,33SA3,ニュージーランド,3594,!DK,ニュージーランド
copula,Violet Rose,0,,-,761,RUINS1,ニュージーランド,1413,DEJIKO,ニュージーランド,2471,MA25DX,ニュージーランド,0,,-
copula,Welcome,0,,-,811,O0*19!,ニュージーランド,1692,33SA3,ニュージーランド,2429,MA25DX,ニュージーランド,3041,!DK,ニュージーランド
copula,X,0,,-,1335,RUINS1,ニュージーランド,2298,33SA3,ニュージーランド,3788,POLNIA,ニュージーランド,0,,-
copula,ZEPHYRANTHES,0,,-,851,ZAKI3,ニュージーランド,1581,JENKNS,ニュージーランド,2818,YOR*TN,ニュージーランド,3538,!DK,ニュージーランド
copula,か・し・ま・し☆PUMP UP！,0,,-,1098,K4SEN,ニュージーランド,1554,O0*19!,ニュージーランド,2499,AKI8MA,ニュージーランド,0,,-
copula,めいさいアイドル☆あいむちゃん♪,0,,-,905,REDDRO,ニュージーランド,2180,33SA3,ニュージーランド,3109,MA25DX,ニュージーランド,0,,-
copula,オルタネイトβ,0,,-,822,0721,ニュージーランド,1328,BERRY!,ニュージーランド,2251,POLNIA,ニュージーランド,0,,-
copula,ギョギョっと人魚 爆婚ブライダル,0,,-,546,NAO-,ニュージーランド,1356,O0*19!,ニュージーランド,2238,GUEST.,ニュージーランド,0,,-
copula,シュッパツシンコウ・シサカンコ,0,,-,0,,-,1740,BERRY!,ニュージーランド,2349,GUEST.,ニュージーランド,0,,-
copula,セロトニン,0,,-,1291,O0*19!,ニュージーランド,1633,TAKA84,ニュージーランド,2247,MA25DX,ニュージーランド,0,,-
copula,少女アリスと箱庭幻想コンチェルト,0,,-,758,OKASAN,ニュージーランド,1155,PATG3N,ニュージーランド,2165,POLNIA,ニュージーランド,0,,-
copula,明鏡止水,0,,-,529,REECHE,ニュージーランド,1437,JENKNS,ニュージーランド,2562,GUEST.,ニュージーランド,0,,-
copula,星屑ディスタンシア,0,,-,293,PRIEST,ニュージーランド,1097,O0*19!,ニュージーランド,2085,POLNIA,ニュージーランド,0,,-
copula,朝焼けから始まるボクらの小さな旅,0,,-,0,,-,1319,NIXEY,ニュージーランド,2299,GUEST.,ニュージーランド,0,,-
copula,灼熱 Pt.2 Long Train Running,594,O0*19!,ニュージーランド,1263,GUEST.,ニュージーランド,2035,IIDX33,ニュージーランド,3036,POLNIA,ニュージーランド,0,,-
copula,真 地獄超特急 -HELL or HELL-,0,,-,1157,RUINS1,ニュージーランド,2117,N,ニュージーランド,3190,KCM,ニュージーランド,0,,-
copula,紫陽花 -AZISAI-,0,,-,847,RUINS1,ニュージーランド,1763,LD,ニュージーランド,2647,MA25DX,ニュージーランド,3296,POLNIA,ニュージーランド
copula,追想快晴テーマパーク,0,,-,0,,-,0,,-,2899,GUEST.,ニュージーランド,0,,-
copula,量子の海のリントヴルム,0,,-,667,ZAKI3,ニュージーランド,1629,2,ニュージーランド,2982,POLNIA,ニュージーランド,0,,-
copula,駅猫のワルツ,0,,-,975,2,ニュージーランド,1891,123456,ニュージーランド,2796,POLNIA,ニュージーランド,0,,-
copula,麗 ～うらら～,0,,-,900,ZAKI3,ニュージーランド,1747,YOR*TN,ニュージーランド,2517,MA25DX,ニュージーランド,0,,-
SINOBUZ,¡Viva!,0,,-,0,,-,1243,DAVID,ニュージーランド,1920,GUEST.,ニュージーランド,0,,-
SINOBUZ,#MAGiCVLGiRL_TRVP_B3VTZ,0,,-,1000,AWEG,ニュージーランド,1862,OKT,ニュージーランド,3218,BD86,ニュージーランド,0,,-
SINOBUZ,(This Is Not) The Angels,0,,-,463,RHPURE,ニュージーランド,1353,DMIL,ニュージーランド,2650,POLNIA,ニュージーランド,0,,-
SINOBUZ,Amazing Mirage,231,MATT!!,ニュージーランド,680,2,ニュージーランド,1637,BERRY!,ニュージーランド,2457,YOR*TN,ニュージーランド,3062,DONK,ニュージーランド
SINOBUZ,AO-∞,0,,-,949,ZAKI3,ニュージーランド,1346,F2D,ニュージーランド,2541,DONK,ニュージーランド,0,,-
SINOBUZ,Apocalypse,0,,-,1105,O0*19!,ニュージーランド,1940,O0*19!,ニュージーランド,3369,YOR*TN,ニュージーランド,0,,-
SINOBUZ,Around The Galaxy,0,,-,693,0BDEX,ニュージーランド,1801,O0*19!,ニュージーランド,3200,MA25DX,ニュージーランド,0,,-
SINOBUZ,AsiaN distractive,0,,-,0,,-,1520,PATG3N,ニュージーランド,2532,IIDX33,ニュージーランド,0,,-
SINOBUZ,BabeL ～Grand Story～,0,,-,901,RUINS1,ニュージーランド,1976,33SA3,ニュージーランド,2659,YOR*TN,ニュージーランド,0,,-
SINOBUZ,Be A Star,0,,-,844,GRAND,ニュージーランド,1795,YOR*TN,ニュージーランド,2684,YOR*TN,ニュージーランド,0,,-
SINOBUZ,Beat Juggling Mix,0,,-,657,RUINS1,ニュージーランド,1383,O0*19!,ニュージーランド,2149,IIDX33,ニュージーランド,0,,-
SINOBUZ,Believe in you,0,,-,747,VIVLAN,ニュージーランド,1515,ZAKI3,ニュージーランド,2356,N,ニュージーランド,0,,-
SINOBUZ,Beyond The Seven,0,,-,665,GRAND,ニュージーランド,1192,JENKNS,ニュージーランド,2583,BD86,ニュージーランド,0,,-
SINOBUZ,BREAK OVER,0,,-,650,ZENNAN,ニュージーランド,1321,DMIL,ニュージーランド,2190,OM1Q-G,ニュージーランド,0,,-
SINOBUZ,Breakin' Chain,0,,-,599,GRAND,ニュージーランド,1184,DEJIKO,ニュージーランド,2178,DONK,ニュージーランド,0,,-
SINOBUZ,BroGamer,0,,-,1282,MARU-Q,ニュージーランド,2062,BERRY!,ニュージーランド,3047,POLNIA,ニュージーランド,4597,POLNIA,ニュージーランド
SINOBUZ,Caterpillar,0,,-,766,VAIL,ニュージーランド,2138,123456,ニュージーランド,2660,MA25DX,ニュージーランド,0,,-
SINOBUZ,crew,0,,-,621,ZAMDIN,ニュージーランド,1033,REDDRO,ニュージーランド,2801,DONK,ニュージーランド,0,,-
SINOBUZ,Cyber True Color,0,,-,0,,-,1567,BERRY!,ニュージーランド,2229,DONK,ニュージーランド,0,,-
SINOBUZ,DORNWALD ～Junge～,0,,-,846,QRSPY,ニュージーランド,1763,JENKNS,ニュージーランド,3624,POLNIA,ニュージーランド,0,,-
SINOBUZ,ECHIDNA,0,,-,808,ZENNAN,ニュージーランド,1862,MOLFOI,ニュージーランド,3398,POLNIA,ニュージーランド,0,,-
SINOBUZ,Egret and Willow,0,,-,808,ZENNAN,ニュージーランド,1497,O0*19!,ニュージーランド,2579,GUEST.,ニュージーランド,0,,-
SINOBUZ,elemental bender feat. Kanae Asaba,0,,-,279,BARREL,ニュージーランド,733,RUINS1,ニュージーランド,1605,MA25DX,ニュージーランド,0,,-
SINOBUZ,FUZIN RIZIN,0,,-,973,RUINS1,ニュージーランド,1919,N,ニュージーランド,3516,LR4,ニュージーランド,0,,-
SINOBUZ,Go Ahead!!,0,,-,852,ZAMDIN,ニュージーランド,1469,BERRY!,ニュージーランド,2706,POLNIA,ニュージーランド,0,,-
SINOBUZ,GuNGNiR,0,,-,1264,DMIL,ニュージーランド,2248,DMIL,ニュージーランド,3937,POLNIA,ニュージーランド,4512,POLNIA,ニュージーランド
SINOBUZ,HADES,270,VAIL,ニュージーランド,961,BERRY!,ニュージーランド,1754,DMIL,ニュージーランド,2913,IIDX33,ニュージーランド,0,,-
SINOBUZ,HAPPY★RUSH,0,,-,783,BERRY!,ニュージーランド,1786,O0*19!,ニュージーランド,2708,DONK,ニュージーランド,0,,-
SINOBUZ,Honey Trap,0,,-,553,$$$$$$,ニュージーランド,1202,EGG,ニュージーランド,2415,DONK,ニュージーランド,0,,-
SINOBUZ,INVISIBLE STRIX,0,,-,741,RUINS1,ニュージーランド,1946,BERRY!,ニュージーランド,2368,33SA3,ニュージーランド,0,,-
SINOBUZ,Lost wing at.0,0,,-,0,,-,1355,BERRY!,ニュージーランド,2104,GON,ニュージーランド,0,,-
SINOBUZ,Macuilxochitl,310,NAUSEA,ニュージーランド,1353,O0*19!,ニュージーランド,1325,NIXEY,ニュージーランド,3317,POLNIA,ニュージーランド,0,,-
SINOBUZ,Magical,0,,-,621,SAN,ニュージーランド,1118,BERRY!,ニュージーランド,1919,DONK,ニュージーランド,0,,-
SINOBUZ,Mare Nectaris,0,,-,1264,AALI-Z,ニュージーランド,1839,MOLFOI,ニュージーランド,3659,POLNIA,ニュージーランド,0,,-
SINOBUZ,Modular Technology,0,,-,767,ZENNAN,ニュージーランド,1407,F2D,ニュージーランド,2313,123456,ニュージーランド,0,,-
SINOBUZ,Music is The Answer,0,,-,746,O0*19!,ニュージーランド,1326,0721,ニュージーランド,1805,MA25DX,ニュージーランド,0,,-
SINOBUZ,nostos,0,,-,643,Z-STAR,ニュージーランド,841,REDDRO,ニュージーランド,2428,MA25DX,ニュージーランド,0,,-
SINOBUZ,OOO,0,,-,686,0721,ニュージーランド,1430,BERRY!,ニュージーランド,2034,MA25DX,ニュージーランド,2558,GUEST.,ニュージーランド
SINOBUZ,OTENAMI Hurricane,0,,-,728,TRAEGR,ニュージーランド,2065,BERRY!,ニュージーランド,2811,YOR*TN,ニュージーランド,0,,-
SINOBUZ,PAPAYAPA BASS,0,,-,726,RUINS1,ニュージーランド,1446,ZAMDIN,ニュージーランド,2661,MA25DX,ニュージーランド,0,,-
SINOBUZ,Piano Samurai,0,,-,1013,OKASAN,ニュージーランド,1368,DAVID,ニュージーランド,2319,33SA3,ニュージーランド,0,,-
SINOBUZ,Quakes,0,,-,0,,-,1965,33SA3,ニュージーランド,3117,POLNIA,ニュージーランド,0,,-
SINOBUZ,RAIN,0,,-,678,NYU,ニュージーランド,1602,AALI-Z,ニュージーランド,3258,POLNIA,ニュージーランド,0,,-
SINOBUZ,Rave Cannon,0,,-,599,JACOB,ニュージーランド,1507,PATG3N,ニュージーランド,3102,!DK,ニュージーランド,0,,-
SINOBUZ,Remedy feat. Kanae Asaba,0,,-,0,,-,1553,BERRY!,ニュージーランド,2096,GUEST.,ニュージーランド,0,,-
SINOBUZ,ROTTERDAM SHOGUN,407,TENTE,ニュージーランド,1057,ZAMDIN,ニュージーランド,1489,F2D,ニュージーランド,2430,MA25DX,ニュージーランド,0,,-
SINOBUZ,SAMURAI-Scramble,0,,-,764,DJ.3D,ニュージーランド,1517,N,ニュージーランド,2238,RRRR,ニュージーランド,2543,KAGAM,ニュージーランド
SINOBUZ,Sarutobi Champion is 拙者,0,,-,0,,-,1378,O0*19!,ニュージーランド,1968,IIDX17,ニュージーランド,0,,-
SINOBUZ,SAY BAY,0,,-,601,Z-STAR,ニュージーランド,1476,N,ニュージーランド,2760,POLNIA,ニュージーランド,0,,-
SINOBUZ,Seaside Labyrinth,0,,-,532,RUINS1,ニュージーランド,1152,O0*19!,ニュージーランド,1828,MA25DX,ニュージーランド,0,,-
SINOBUZ,Selfish Sweet,0,,-,498,TENTE,ニュージーランド,0,,-,1678,MA25DX,ニュージーランド,2530,POLNIA,ニュージーランド
SINOBUZ,SEQUENCE CAT,0,,-,930,RUINS1,ニュージーランド,2067,DMIL,ニュージーランド,2695,MA25DX,ニュージーランド,0,,-
SINOBUZ,shuriken,0,,-,772,ZAMDIN,ニュージーランド,1074,ZAMDIN,ニュージーランド,2477,IIDX33,ニュージーランド,0,,-
SINOBUZ,SINOBUZ Fantasy,0,,-,0,,-,1092,VAIL,ニュージーランド,2264,KUI,ニュージーランド,0,,-
SINOBUZ,Sky High,389,GRAND,ニュージーランド,750,ZAKI3,ニュージーランド,2177,33SA3,ニュージーランド,3833,POLNIA,ニュージーランド,0,,-
SINOBUZ,Snakey Kung-fu,0,,-,1080,ZAMDIN,ニュージーランド,2024,DMIL,ニュージーランド,3227,MA25DX,ニュージーランド,0,,-
SINOBUZ,Steel Edge,0,,-,0,,-,1337,PRIUS7,ニュージーランド,3015,YOR*TN,ニュージーランド,0,,-
SINOBUZ,Summerlights(IIDX Edition),0,,-,804,BEPSI,ニュージーランド,1776,BERRY!,ニュージーランド,2881,DONK,ニュージーランド,0,,-
SINOBUZ,Super Rush,0,,-,897,ZAKI3,ニュージーランド,1780,O0*19!,ニュージーランド,3420,DONK,ニュージーランド,0,,-
SINOBUZ,Surf on the Light,0,,-,241,COOJUL,ニュージーランド,860,42,ニュージーランド,2218,RRRR,ニュージーランド,0,,-
SINOBUZ,The Commanders,0,,-,869,RUINS1,ニュージーランド,1454,BERRY!,ニュージーランド,2392,GUEST.,ニュージーランド,0,,-
SINOBUZ,TOGAKUSHI,0,,-,892,ZAMDIN,ニュージーランド,1789,33SA3,ニュージーランド,2411,USC*LN,ニュージーランド,0,,-
SINOBUZ,Umbral,0,,-,482,GRAND,ニュージーランド,836,STESTR,ニュージーランド,1863,MA25DX,ニュージーランド,3057,POLNIA,ニュージーランド
SINOBUZ,Venom,0,,-,854,JIMJI,ニュージーランド,1478,PATG3N,ニュージーランド,3006,MA25DX,ニュージーランド,0,,-
SINOBUZ,Vermilion,0,,-,0,,-,897,HIBOLL,ニュージーランド,1950,POLNIA,ニュージーランド,0,,-
SINOBUZ,Warrior,0,,-,793,TRENT,ニュージーランド,1747,0721,ニュージーランド,2310,K4SEN,ニュージーランド,0,,-
SINOBUZ,XINOBIKILL,0,,-,725,Z-STAR,ニュージーランド,1741,GUEST.,ニュージーランド,2699,GUEST.,ニュージーランド,0,,-
SINOBUZ,yamabiko (SINOBUZ Edition),0,,-,0,,-,1425,O0*19!,ニュージーランド,2556,KCM,ニュージーランド,0,,-
SINOBUZ,Yellow Sketch(RX-Ver.S.P.L.),0,,-,0,,-,1682,O0*19!,ニュージーランド,2738,KCM,ニュージーランド,0,,-
SINOBUZ,〆,0,,-,890,X.COM,ニュージーランド,1648,F2D,ニュージーランド,3453,KCM,ニュージーランド,0,,-
SINOBUZ,ちらちら・はらはら,0,,-,414,0721,ニュージーランド,0,,-,1398,0721,ニュージーランド,0,,-
SINOBUZ,イザナミノナゲキ,0,,-,760,AOKI,ニュージーランド,1827,O0*19!,ニュージーランド,3223,POLNIA,ニュージーランド,0,,-
SINOBUZ,ディッシュウォッシャー◎彡おいわちゃん,0,,-,495,GRAND,ニュージーランド,1336,O0*19!,ニュージーランド,2528,POLNIA,ニュージーランド,0,,-
SINOBUZ,九尾狐夜行,0,,-,0,,-,1760,YOR*TN,ニュージーランド,2961,POLNIA,ニュージーランド,0,,-
SINOBUZ,冬椿 ft. Kanae Asaba,257,0721,ニュージーランド,861,JENKNS,ニュージーランド,1074,MXP-GX,ニュージーランド,2223,YOR*TN,ニュージーランド,3021,POLNIA,ニュージーランド
SINOBUZ,刃図羅,0,,-,1020,ZAKI3,ニュージーランド,2008,33SA3,ニュージーランド,3345,POLNIA,ニュージーランド,0,,-
SINOBUZ,忍恋花,0,,-,0,,-,0,,-,2076,N,ニュージーランド,0,,-
SINOBUZ,恋はどう？モロ◎波動OK☆方程式!!,0,,-,839,VIVLAN,ニュージーランド,880,42,ニュージーランド,2450,POLNIA,ニュージーランド,0,,-
SINOBUZ,月雪に舞う華のように,0,,-,498,DENJIN,ニュージーランド,1169,IMA?,ニュージーランド,2063,IIDX33,ニュージーランド,0,,-
SINOBUZ,次葉 -turn the page-,0,,-,473,NAO-,ニュージーランド,1401,0721,ニュージーランド,1937,MA25DX,ニュージーランド,0,,-
SINOBUZ,津軽雪,0,,-,1335,ZAMDIN,ニュージーランド,2074,0721,ニュージーランド,3846,POLNIA,ニュージーランド,0,,-
SINOBUZ,火影,0,,-,697,BERRY!,ニュージーランド,1293,DJ-NZ,ニュージーランド,2472,MA25DX,ニュージーランド,0,,-
SINOBUZ,焔極OVERKILL,0,,-,959,ZAKI3,ニュージーランド,2006,123456,ニュージーランド,3560,POLNIA,ニュージーランド,0,,-
SINOBUZ,獅子霞麗ノ舞,0,,-,431,DJ.3D,ニュージーランド,1053,BERRY!,ニュージーランド,1700,MA25DX,ニュージーランド,0,,-
SINOBUZ,禍根,0,,-,0,,-,1334,BERRY!,ニュージーランド,2443,MA25DX,ニュージーランド,0,,-
SINOBUZ,童話回廊,0,,-,671,IIDX33,ニュージーランド,1417,DEJIKO,ニュージーランド,2905,IIDX33,ニュージーランド,0,,-
SINOBUZ,鴉,0,,-,1311,ZAMDIN,ニュージーランド,2113,33SA3,ニュージーランド,2597,123456,ニュージーランド,0,,-
CANNON BALLERS,1001 -ESCAPE-,0,,-,0,,-,1411,PATG3N,ニュージーランド,2503,GUEST.,ニュージーランド,0,,-
CANNON BALLERS,255,0,,-,759,RUINS1,ニュージーランド,1560,GUEST.,ニュージーランド,3016,BD86,ニュージーランド,0,,-
CANNON BALLERS,AA -rebuild-,0,,-,1179,O0*19!,ニュージーランド,2354,YOR*TN,ニュージーランド,3371,!DK,ニュージーランド,0,,-
CANNON BALLERS,Abraxas,0,,-,586,REECHE,ニュージーランド,1543,O0*19!,ニュージーランド,2278,GUEST.,ニュージーランド,0,,-
CANNON BALLERS,ACCELERATE,0,,-,0,,-,1602,O0*19!,ニュージーランド,2414,YOR*TN,ニュージーランド,0,,-
CANNON BALLERS,Alpheratz,0,,-,402,SZR,ニュージーランド,773,KWKN,ニュージーランド,2074,POLNIA,ニュージーランド,2593,MOLFOI,ニュージーランド
CANNON BALLERS,Amor De Verao,0,,-,528,GRAND,ニュージーランド,1155,2,ニュージーランド,2280,POLNIA,ニュージーランド,0,,-
CANNON BALLERS,ANAGMA,0,,-,527,XYZ,ニュージーランド,1426,PATG3N,ニュージーランド,2466,123456,ニュージーランド,0,,-
CANNON BALLERS,ANCHOR,0,,-,1319,BERRY!,ニュージーランド,2255,33SA3,ニュージーランド,3597,POLNIA,ニュージーランド,0,,-
CANNON BALLERS,Antigravity,0,,-,859,HN,ニュージーランド,1866,123456,ニュージーランド,3046,POLNIA,ニュージーランド,0,,-
CANNON BALLERS,Arca,0,,-,794,ZAKI3,ニュージーランド,1667,JENKNS,ニュージーランド,2904,BD86,ニュージーランド,0,,-
CANNON BALLERS,Around the Future,0,,-,0,,-,1557,O0*19!,ニュージーランド,2466,MA25DX,ニュージーランド,0,,-
CANNON BALLERS,Back Spin Sweeper,0,,-,594,VAIL,ニュージーランド,1221,O0*19!,ニュージーランド,2138,MA25DX,ニュージーランド,0,,-
CANNON BALLERS,Battleground,0,,-,837,JIMJI,ニュージーランド,1790,BERRY!,ニュージーランド,2478,BD86,ニュージーランド,0,,-
CANNON BALLERS,Be a Hero!,0,,-,715,RUINS1,ニュージーランド,1557,DEJIKO,ニュージーランド,2709,GUEST.,ニュージーランド,0,,-
CANNON BALLERS,Best of Me,0,,-,639,GRAND,ニュージーランド,1534,BERRY!,ニュージーランド,2096,MA25DX,ニュージーランド,0,,-
CANNON BALLERS,Boomy and The Boost,204,AAAAAA,ニュージーランド,701,STESTR,ニュージーランド,1710,JENKNS,ニュージーランド,3255,DONK,ニュージーランド,0,,-
CANNON BALLERS,Break Stasis,0,,-,981,RUINS1,ニュージーランド,1767,O0*19!,ニュージーランド,2427,GUEST.,ニュージーランド,0,,-
CANNON BALLERS,ChaserXX,0,,-,693,KWKN,ニュージーランド,1685,O0*19!,ニュージーランド,2687,MA25DX,ニュージーランド,3718,POLNIA,ニュージーランド
CANNON BALLERS,Chemical Cookie,0,,-,725,MXP-GX,ニュージーランド,1392,BERRY!,ニュージーランド,2099,POLNIA,ニュージーランド,0,,-
CANNON BALLERS,City Never Sleeps (IIDX Edition),0,,-,1148,JENKNS,ニュージーランド,1761,O0*19!,ニュージーランド,2548,BD86,ニュージーランド,0,,-
CANNON BALLERS,COSMIC☆WONDER☆REVOLUTION,0,,-,632,GRAND,ニュージーランド,1375,BERRY!,ニュージーランド,2055,DONK,ニュージーランド,0,,-
CANNON BALLERS,DEADHEAT,0,,-,916,VAIL,ニュージーランド,1769,O0*19!,ニュージーランド,2989,MA25DX,ニュージーランド,0,,-
CANNON BALLERS,DEATH†ZIGOQ ～怒りの高速爆走野郎～,0,,-,1242,OKASAN,ニュージーランド,2317,N,ニュージーランド,4034,POLNIA,ニュージーランド,4696,POLNIA,ニュージーランド
CANNON BALLERS,DropZ-Line-,0,,-,844,HN,ニュージーランド,1889,33SA3,ニュージーランド,2949,!DK,ニュージーランド,0,,-
CANNON BALLERS,Eine Haube ～聖地の果てにあるもの～,0,,-,0,,-,1334,O0*19!,ニュージーランド,2380,KAGAM,ニュージーランド,0,,-
CANNON BALLERS,EMERALDAS,406,TENTE,ニュージーランド,1003,HIBOLL,ニュージーランド,2290,DONK,ニュージーランド,3487,POLNIA,ニュージーランド,0,,-
CANNON BALLERS,encounter,0,,-,773,ZAKI3,ニュージーランド,1623,KUI,ニュージーランド,3273,POLNIA,ニュージーランド,0,,-
CANNON BALLERS,Exhaust Hype,0,,-,852,RUINS1,ニュージーランド,1582,PATG3N,ニュージーランド,2702,MA25DX,ニュージーランド,0,,-
CANNON BALLERS,Expanded !!,0,,-,0,,-,1390,DEJIKO,ニュージーランド,2542,YOR*TN,ニュージーランド,0,,-
CANNON BALLERS,Fervidex,0,,-,700,ZYKLUS,ニュージーランド,1602,PRIUS7,ニュージーランド,2626,DONK,ニュージーランド,0,,-
CANNON BALLERS,FREEDOM,0,,-,675,ADHD,ニュージーランド,1399,PATG3N,ニュージーランド,2726,GUEST.,ニュージーランド,0,,-
CANNON BALLERS,From Time To Time,0,,-,715,RUINS1,ニュージーランド,1649,O0*19!,ニュージーランド,2452,MA25DX,ニュージーランド,0,,-
CANNON BALLERS,FUTURE is Dead,0,,-,857,RUINS1,ニュージーランド,1378,BERRY!,ニュージーランド,1966,IIDX17,ニュージーランド,0,,-
CANNON BALLERS,Get Up! feat. Kanae Asaba,0,,-,354,TIMAGE,ニュージーランド,0,,-,1828,MA25DX,ニュージーランド,0,,-
CANNON BALLERS,HAT TRICK,0,,-,505,ZENNAN,ニュージーランド,1294,JENKNS,ニュージーランド,2117,MA25DX,ニュージーランド,0,,-
CANNON BALLERS,Hella Deep,0,,-,607,O0*19!,ニュージーランド,949,O0*19!,ニュージーランド,1750,MA25DX,ニュージーランド,0,,-
CANNON BALLERS,HYPE THE CORE,0,,-,805,JIMJI,ニュージーランド,1622,JENKNS,ニュージーランド,2743,MA25DX,ニュージーランド,0,,-
CANNON BALLERS,I Love You,0,,-,546,ALEX,ニュージーランド,1494,DEJIKO,ニュージーランド,2577,GUEST.,ニュージーランド,0,,-
CANNON BALLERS,Illusionary Waterlily,0,,-,834,ZENNAN,ニュージーランド,2049,BERRY!,ニュージーランド,3311,KCM,ニュージーランド,0,,-
CANNON BALLERS,Initiation,460,SHEEBU,ニュージーランド,1283,MXP-GX,ニュージーランド,2358,123456,ニュージーランド,3951,POLNIA,ニュージーランド,0,,-
CANNON BALLERS,"Life Is A Game ft.DD""ナカタ""Metal",0,,-,1197,BERRY!,ニュージーランド,1477,LD,ニュージーランド,3244,IIDX17,ニュージーランド,0,,-
CANNON BALLERS,LUV DRIVE,0,,-,0,,-,1023,TRENT,ニュージーランド,2025,MA25DX,ニュージーランド,0,,-
CANNON BALLERS,MAXIVCORD,0,,-,783,BERRY!,ニュージーランド,927,F2D,ニュージーランド,2342,IIDX33,ニュージーランド,0,,-
CANNON BALLERS,Midnight Lady,0,,-,579,RUINS1,ニュージーランド,1102,BERRY!,ニュージーランド,1912,YOR*TN,ニュージーランド,0,,-
CANNON BALLERS,n'pa pa BBQ,0,,-,863,RUINS1,ニュージーランド,1444,PATG3N,ニュージーランド,2654,MA25DX,ニュージーランド,0,,-
CANNON BALLERS,NITROUS CANNON,0,,-,1245,O0*19!,ニュージーランド,1736,DMIL,ニュージーランド,3211,MA25DX,ニュージーランド,0,,-
CANNON BALLERS,No Limit 2 dAnce feat. 大山愛未,0,,-,658,VAIL,ニュージーランド,989,LD,ニュージーランド,2288,YOR*TN,ニュージーランド,0,,-
CANNON BALLERS,Nothing but Theory,0,,-,705,ZENNAN,ニュージーランド,1512,BERRY!,ニュージーランド,2722,DONK,ニュージーランド,3569,GUEST.,ニュージーランド
CANNON BALLERS,O/D*20,0,,-,1017,ZAMDIN,ニュージーランド,1620,DMIL,ニュージーランド,2096,KCM,ニュージーランド,3544,!DK,ニュージーランド
CANNON BALLERS,Only for now,0,,-,798,RUINS1,ニュージーランド,1512,BERRY!,ニュージーランド,2219,MA25DX,ニュージーランド,0,,-
CANNON BALLERS,Papilio ulysses,0,,-,689,ZEPLIC,ニュージーランド,1935,O0*19!,ニュージーランド,2696,KCM,ニュージーランド,0,,-
CANNON BALLERS,Persephone,0,,-,709,VAIL,ニュージーランド,1250,MXP-GX,ニュージーランド,2817,MA25DX,ニュージーランド,0,,-
CANNON BALLERS,Rampage,0,,-,1232,MARU-Q,ニュージーランド,2311,DMIL,ニュージーランド,3519,IIDX33,ニュージーランド,0,,-
CANNON BALLERS,Raspberry Railgun,0,,-,1211,BERRY!,ニュージーランド,1999,DMIL,ニュージーランド,2972,MA25DX,ニュージーランド,0,,-
CANNON BALLERS,REVOLVER,0,,-,560,VAIL,ニュージーランド,1599,GUEST.,ニュージーランド,2510,MA25DX,ニュージーランド,2952,LR4,ニュージーランド
CANNON BALLERS,Sleepless days,0,,-,510,0721,ニュージーランド,904,0721,ニュージーランド,1576,DONK,ニュージーランド,0,,-
CANNON BALLERS,Slipstream,0,,-,713,VAIL,ニュージーランド,1461,PATG3N,ニュージーランド,3246,MA25DX,ニュージーランド,0,,-
CANNON BALLERS,SPEED DEMON,0,,-,675,RUINS1,ニュージーランド,1356,BERRY!,ニュージーランド,2217,GUEST.,ニュージーランド,0,,-
CANNON BALLERS,STARLIGHT JUNCTION,0,,-,511,VAIL,ニュージーランド,1223,DAVID,ニュージーランド,2183,GUEST.,ニュージーランド,2749,PHUBER,ニュージーランド
CANNON BALLERS,Static State,0,,-,969,O0*19!,ニュージーランド,1538,O0*19!,ニュージーランド,1806,O.HARE,ニュージーランド,0,,-
CANNON BALLERS,Temple of Anubis,0,,-,896,JENKNS,ニュージーランド,1467,BERRY!,ニュージーランド,2393,N,ニュージーランド,0,,-
CANNON BALLERS,THE CANNONBALLER,457,JENKNS,ニュージーランド,1454,BERRY!,ニュージーランド,1482,EGG,ニュージーランド,3292,IIDX33,ニュージーランド,0,,-
CANNON BALLERS,The Chase,0,,-,675,33SA3,ニュージーランド,1316,N,ニュージーランド,2142,POLNIA,ニュージーランド,0,,-
CANNON BALLERS,UMMU,433,KNOK7I,ニュージーランド,805,BEPSI,ニュージーランド,1954,33SA3,ニュージーランド,2765,AKI8MA,ニュージーランド,0,,-
CANNON BALLERS,Usual Days-remix,0,,-,248,PRIEST,ニュージーランド,1382,BERRY!,ニュージーランド,2482,MA25DX,ニュージーランド,0,,-
CANNON BALLERS,Xperanza,430,GRAND,ニュージーランド,935,VAIL,ニュージーランド,2224,ASHRGD,ニュージーランド,2955,IIDX17,ニュージーランド,0,,-
CANNON BALLERS,うさ☆かめ 大戦争！,0,,-,556,DJYNTK,ニュージーランド,1351,O0*19!,ニュージーランド,2218,K4SEN,ニュージーランド,0,,-
CANNON BALLERS,エディブルフラワーの独白,0,,-,381,PRIEST,ニュージーランド,1020,!EED,ニュージーランド,2191,POLNIA,ニュージーランド,0,,-
CANNON BALLERS,シムルグの目醒め,0,,-,1360,OKASAN,ニュージーランド,2175,0721,ニュージーランド,3477,POLNIA,ニュージーランド,0,,-
CANNON BALLERS,ナイトシティー・アヴァンチュール,0,,-,0,,-,1529,0721,ニュージーランド,2051,YOR*TN,ニュージーランド,0,,-
CANNON BALLERS,ハイ*ビスカス ft. Kanae Asaba,0,,-,860,0721,ニュージーランド,1179,JANG62,ニュージーランド,2333,GUEST.,ニュージーランド,0,,-
CANNON BALLERS,バ→ビ→ブ→Bomb!,0,,-,684,ZAKI3,ニュージーランド,1751,BERRY!,ニュージーランド,2389,GUEST.,ニュージーランド,0,,-
CANNON BALLERS,バスルーム ロマンス,0,,-,580,ALEX,ニュージーランド,1377,O0*19!,ニュージーランド,2289,LR4,ニュージーランド,0,,-
CANNON BALLERS,パラドキシカル・タイムリープトライアル(Short Ver.),0,,-,0,,-,1682,O0*19!,ニュージーランド,2392,O0*19!,ニュージーランド,0,,-
CANNON BALLERS,ラストセンチュリーメランコリック,0,,-,0,,-,1491,ABCDEF,ニュージーランド,2054,GUEST.,ニュージーランド,0,,-
CANNON BALLERS,共犯ヘヴンズコード,0,,-,507,ZAMDIN,ニュージーランド,0,,-,2191,MA25DX,ニュージーランド,0,,-
CANNON BALLERS,命の標本,0,,-,0,,-,1210,PATG3N,ニュージーランド,2555,MA25DX,ニュージーランド,0,,-
CANNON BALLERS,東京神話,320,ONKYO,ニュージーランド,870,RUINS1,ニュージーランド,1598,O0*19!,ニュージーランド,2800,POLNIA,ニュージーランド,0,,-
CANNON BALLERS,神謳 -RESONANCE-,0,,-,1369,0721,ニュージーランド,2286,O0*19!,ニュージーランド,3984,POLNIA,ニュージーランド,0,,-
CANNON BALLERS,純真可憐デザイア,133,0721,ニュージーランド,777,O0*19!,ニュージーランド,1391,PATG3N,ニュージーランド,2271,MA25DX,ニュージーランド,2821,GUEST.,ニュージーランド
CANNON BALLERS,草原の王女-軌跡を辿って-,0,,-,535,GRAND,ニュージーランド,1149,O0*19!,ニュージーランド,2253,MA25DX,ニュージーランド,0,,-
Rootage,& Intelligence,0,,-,996,RUINS1,ニュージーランド,1298,SCRLET,ニュージーランド,3039,KCM,ニュージーランド,0,,-
Rootage,50th Memorial Songs -Beginning Story-,320,KNOK7I,ニュージーランド,771,RUINS1,ニュージーランド,0,,-,2595,MA25DX,ニュージーランド,0,,-
Rootage,50th Memorial Songs -Flagship medley-,353,O0*19!,ニュージーランド,761,RUINS1,ニュージーランド,1366,BERRY!,ニュージーランド,2181,MA25DX,ニュージーランド,0,,-
Rootage,50th Memorial Songs -The BEMANI History-,512,O0*19!,ニュージーランド,891,RUINS1,ニュージーランド,891,REDDRO,ニュージーランド,2532,IIDX33,ニュージーランド,0,,-
Rootage,50th Memorial Songs -二人の時 ～under the cherry blossoms～-,542,O0*19!,ニュージーランド,916,JIMJI,ニュージーランド,1465,O0*19!,ニュージーランド,2553,RRRR,ニュージーランド,0,,-
Rootage,Afterimage d'automne,0,,-,751,RUINS1,ニュージーランド,1511,O0*19!,ニュージーランド,2828,POLNIA,ニュージーランド,0,,-
Rootage,BLACK JACKAL,0,,-,786,RUINS1,ニュージーランド,1454,O0*19!,ニュージーランド,2231,GUEST.,ニュージーランド,0,,-
Rootage,BLO§OM,0,,-,1034,O0*19!,ニュージーランド,1590,O0*19!,ニュージーランド,2458,MA25DX,ニュージーランド,0,,-
Rootage,Carmina,423,JIMJI,ニュージーランド,1148,O0*19!,ニュージーランド,2268,123456,ニュージーランド,3715,POLNIA,ニュージーランド,0,,-
Rootage,Carry Me Away,359,FYZ,ニュージーランド,919,ZAKI3,ニュージーランド,1793,YOR*TN,ニュージーランド,2945,MA25DX,ニュージーランド,0,,-
Rootage,Catch Our Fire!,0,,-,0,,-,2063,BERRY!,ニュージーランド,3354,PHUBER,ニュージーランド,0,,-
Rootage,CODE:0,0,,-,903,A,ニュージーランド,1975,BERRY!,ニュージーランド,2789,POLNIA,ニュージーランド,3376,POLNIA,ニュージーランド
Rootage,CoMAAAAAAA,0,,-,870,VIVLAN,ニュージーランド,1826,TAKA84,ニュージーランド,2314,GUEST.,ニュージーランド,3652,BD86,ニュージーランド
Rootage,COSMIC CYBER,0,,-,883,RUINS1,ニュージーランド,1441,JENKNS,ニュージーランド,2558,AKI8MA,ニュージーランド,0,,-
Rootage,Cranberry City ft. Luschel,0,,-,784,RUINS1,ニュージーランド,1374,DAVID,ニュージーランド,2305,MA25DX,ニュージーランド,0,,-
Rootage,dAuntl3ss,0,,-,786,DJYNTK,ニュージーランド,1805,DMIL,ニュージーランド,3298,IIDX17,ニュージーランド,0,,-
Rootage,Dr. Chemical & Killing Machine,0,,-,1064,O0*19!,ニュージーランド,1802,N,ニュージーランド,3098,YOR*TN,ニュージーランド,0,,-
Rootage,Drastic Dramatic,0,,-,202,TIMAGE,ニュージーランド,1835,KURO46,ニュージーランド,3288,KCM,ニュージーランド,0,,-
Rootage,DRUNK MONKY,0,,-,964,YRP,ニュージーランド,1459,33SA3,ニュージーランド,2147,YOR*TN,ニュージーランド,0,,-
Rootage,Ember Lights,0,,-,950,33SA3,ニュージーランド,1518,TAKA84,ニュージーランド,2588,MA25DX,ニュージーランド,3080,POLNIA,ニュージーランド
Rootage,EVANESCENT,0,,-,967,RUINS1,ニュージーランド,2204,33SA3,ニュージーランド,3181,MA25DX,ニュージーランド,0,,-
Rootage,Garuda,0,,-,586,BEPSI,ニュージーランド,1278,SAM-UI,ニュージーランド,2437,GUEST.,ニュージーランド,0,,-
Rootage,Geirskögul,0,,-,683,BEPSI,ニュージーランド,1446,DEJIKO,ニュージーランド,2057,K4SEN,ニュージーランド,0,,-
Rootage,GENE,0,,-,1028,RUINS1,ニュージーランド,1866,33SA3,ニュージーランド,4315,POLNIA,ニュージーランド,3136,KCM,ニュージーランド
Rootage,GIGA THRASH,0,,-,831,Z-STAR,ニュージーランド,1533,O0*19!,ニュージーランド,2591,KCM,ニュージーランド,0,,-
Rootage,Glory,0,,-,607,O0*19!,ニュージーランド,1315,AAAAAA,ニュージーランド,2267,MA25DX,ニュージーランド,0,,-
Rootage,GO OVER WITH GLARE -ROOTAGE 26-,0,,-,870,O0*19!,ニュージーランド,2040,N,ニュージーランド,3903,POLNIA,ニュージーランド,0,,-
Rootage,HARD BRAIN,0,,-,1165,RUINS1,ニュージーランド,1657,NICKEL,ニュージーランド,3567,LR4,ニュージーランド,0,,-
Rootage,HEISEI,0,,-,763,STESTR,ニュージーランド,1777,0721,ニュージーランド,2446,MA25DX,ニュージーランド,0,,-
Rootage,Hurry Hurry,0,,-,310,WELSH,ニュージーランド,878,MXP-GX,ニュージーランド,2019,GUEST.,ニュージーランド,0,,-
Rootage,IDC feat.REVERBEE (Mo'Cuts Ver),0,,-,900,RUINS1,ニュージーランド,1385,O0*19!,ニュージーランド,2061,IIDX33,ニュージーランド,0,,-
Rootage,IDOL syndrome.,0,,-,732,0721,ニュージーランド,1314,2,ニュージーランド,2118,33SA3,ニュージーランド,2819,KCM,ニュージーランド
Rootage,KILL EACH OTHER,0,,-,827,VAIL,ニュージーランド,2074,GON,ニュージーランド,3564,MA25DX,ニュージーランド,0,,-
Rootage,L.F.O,0,,-,596,NYU,ニュージーランド,1682,BERRY!,ニュージーランド,3072,KCM,ニュージーランド,0,,-
Rootage,LADYBIRD,0,,-,973,BERRY!,ニュージーランド,742,DORIA,ニュージーランド,2243,MA25DX,ニュージーランド,0,,-
Rootage,Let me be your cure,0,,-,713,NYU,ニュージーランド,1422,0721,ニュージーランド,2604,DONK,ニュージーランド,0,,-
Rootage,Lethal Weapon,0,,-,974,AWEG,ニュージーランド,1749,O0*19!,ニュージーランド,3007,DONK,ニュージーランド,0,,-
Rootage,Level One,0,,-,0,,-,2097,DMIL,ニュージーランド,3429,POLNIA,ニュージーランド,0,,-
Rootage,Lift Us High,0,,-,831,RUINS1,ニュージーランド,1382,PATG3N,ニュージーランド,2392,MA25DX,ニュージーランド,0,,-
Rootage,LOST TECHNOLOGIE,0,,-,755,DENJIN,ニュージーランド,1444,DIGGY,ニュージーランド,3153,MA25DX,ニュージーランド,0,,-
Rootage,Macho Monky,0,,-,833,VAIL,ニュージーランド,1976,33SA3,ニュージーランド,2715,MA25DX,ニュージーランド,0,,-
Rootage,Necroxis Girl,0,,-,1059,O0*19!,ニュージーランド,1749,O0*19!,ニュージーランド,2597,BD86,ニュージーランド,0,,-
Rootage,"Next Tales 2 Oath (IIDX 20th Anniv ""Ring"" Theme)",0,,-,0,,-,933,RAJ,ニュージーランド,2361,K4SEN,ニュージーランド,0,,-
Rootage,Night! Night! Night!,0,,-,1162,BERRY!,ニュージーランド,1707,N,ニュージーランド,2774,33SA3,ニュージーランド,0,,-
Rootage,ONIGOROSHI,0,,-,1044,ZAMDIN,ニュージーランド,1824,O0*19!,ニュージーランド,2673,!DK,ニュージーランド,0,,-
Rootage,OVER TIME,0,,-,568,0721,ニュージーランド,905,JENKNS,ニュージーランド,1537,MA25DX,ニュージーランド,1981,POLNIA,ニュージーランド
Rootage,Painful Fate,0,,-,0,,-,1904,O0*19!,ニュージーランド,3298,POLNIA,ニュージーランド,0,,-
Rootage,Playing With Fire,0,,-,691,ZENNAN,ニュージーランド,1494,BERRY!,ニュージーランド,2140,33SA3,ニュージーランド,0,,-
Rootage,Psycho Sheep Riddim,0,,-,464,Z-STAR,ニュージーランド,962,BERRY!,ニュージーランド,1526,O0*19!,ニュージーランド,2130,POLNIA,ニュージーランド
Rootage,Red. by Jack Trance,0,,-,1419,BERRY!,ニュージーランド,2062,GUEST.,ニュージーランド,3247,KCM,ニュージーランド,0,,-
Rootage,REPLAY,0,,-,880,O0*19!,ニュージーランド,1452,O0*19!,ニュージーランド,2172,MA25DX,ニュージーランド,0,,-
Rootage,ROCK女 feat. 大山愛未， Ken,0,,-,1006,O0*19!,ニュージーランド,1697,IIDX17,ニュージーランド,2702,POLNIA,ニュージーランド,0,,-
Rootage,ruin of opals,0,,-,0,,-,1780,33SA3,ニュージーランド,2656,GUEST.,ニュージーランド,0,,-
Rootage,R∞tAge,542,KNOK7I,ニュージーランド,870,SAN,ニュージーランド,1484,BERRY!,ニュージーランド,2808,KCM,ニュージーランド,0,,-
Rootage,SPEED ROCKER,0,,-,651,RHPURE,ニュージーランド,1622,BERRY!,ニュージーランド,2164,YOR*TN,ニュージーランド,0,,-
Rootage,Technicolour Dreams,0,,-,0,,-,0,,-,2316,GUEST.,ニュージーランド,0,,-
Rootage,The Best of Both Worlds,0,,-,455,GRAND,ニュージーランド,1131,JENKNS,ニュージーランド,2111,GUEST.,ニュージーランド,0,,-
Rootage,THE DAY OF JUBILATIONS,0,,-,0,,-,2254,33SA3,ニュージーランド,3122,BD86,ニュージーランド,0,,-
Rootage,The Rebellion of Sequencer,0,,-,808,REDDRO,ニュージーランド,1865,33SA3,ニュージーランド,2710,GUEST.,ニュージーランド,0,,-
Rootage,toy boxer,0,,-,552,CAAIIT,ニュージーランド,1402,0721,ニュージーランド,2176,YOR*TN,ニュージーランド,0,,-
Rootage,ToyCube Pf.(RX-Ver.S.P.L.),0,,-,708,O0*19!,ニュージーランド,0,,-,2159,K4SEN,ニュージーランド,0,,-
Rootage,Trill auf G,0,,-,816,VIVLAN,ニュージーランド,1774,2,ニュージーランド,3213,POLNIA,ニュージーランド,0,,-
Rootage,Twilight Warp,0,,-,899,O0*19!,ニュージーランド,957,SCRLET,ニュージーランド,2056,MA25DX,ニュージーランド,0,,-
Rootage,Unbelief,0,,-,456,BARREL,ニュージーランド,1856,33SA3,ニュージーランド,2738,YOR*TN,ニュージーランド,0,,-
Rootage,UNDERWORLD HOLOGRAPHY,0,,-,0,,-,1636,DEJIKO,ニュージーランド,3076,KCM,ニュージーランド,0,,-
Rootage,Urban Constellations,0,,-,502,TSTCHG,ニュージーランド,1084,PATG3N,ニュージーランド,2081,GUEST.,ニュージーランド,2772,BD86,ニュージーランド
Rootage,Visterhv,0,,-,1037,RUINS1,ニュージーランド,2195,YOR*TN,ニュージーランド,3674,POLNIA,ニュージーランド,0,,-
Rootage,voltississimo,0,,-,938,RUINS1,ニュージーランド,1938,33SA3,ニュージーランド,3552,POLNIA,ニュージーランド,0,,-
Rootage,Wing of Hearts,0,,-,1111,0721,ニュージーランド,1764,0721,ニュージーランド,2836,MA25DX,ニュージーランド,0,,-
Rootage,Wolf 1061,0,,-,0,,-,1629,BERRY!,ニュージーランド,2941,IIDX17,ニュージーランド,0,,-
Rootage,Wonderland,0,,-,891,RUINS1,ニュージーランド,0,,-,2570,33SA3,ニュージーランド,0,,-
Rootage,X-DEN,0,,-,1445,DMIL,ニュージーランド,2288,O0*19!,ニュージーランド,4029,POLNIA,ニュージーランド,0,,-
Rootage,XENON II ～TOMOYUKIの野望～,0,,-,1094,O0*19!,ニュージーランド,1603,DMIL,ニュージーランド,2812,IIDX33,ニュージーランド,0,,-
Rootage,Xlo,0,,-,1209,ZAKI3,ニュージーランド,2174,O0*19!,ニュージーランド,3398,MA25DX,ニュージーランド,0,,-
Rootage,Yum Yum Jelly,0,,-,726,BERRY!,ニュージーランド,1263,PATG3N,ニュージーランド,2244,DONK,ニュージーランド,0,,-
Rootage,ZENDEGI DANCE,0,,-,1008,RUINS1,ニュージーランド,1771,DMIL,ニュージーランド,2684,MA25DX,ニュージーランド,0,,-
Rootage,おーまい！らぶりー！すうぃーてぃ！だーりん！,0,,-,459,$$$$$$,ニュージーランド,1753,BERRY!,ニュージーランド,2788,DONK,ニュージーランド,0,,-
Rootage,お菓子の王国,0,,-,879,REDDRO,ニュージーランド,2080,33SA3,ニュージーランド,4035,POLNIA,ニュージーランド,0,,-
Rootage,グラナダの風,0,,-,468,KWKN,ニュージーランド,1085,O0*19!,ニュージーランド,1797,MA25DX,ニュージーランド,0,,-
Rootage,セカンドピアス,0,,-,485,GRAND,ニュージーランド,896,DFLEA,ニュージーランド,1997,DONK,ニュージーランド,0,,-
Rootage,ハードベース・フェスタ,0,,-,760,VAIL,ニュージーランド,1550,JENKNS,ニュージーランド,2662,MA25DX,ニュージーランド,0,,-
Rootage,ミストレス・アンに花束を,0,,-,486,RUINS1,ニュージーランド,673,DENJIN,ニュージーランド,1410,MA25DX,ニュージーランド,0,,-
Rootage,ミッドナイト☆WAR,0,,-,770,JENKNS,ニュージーランド,1515,0721,ニュージーランド,2488,POLNIA,ニュージーランド,0,,-
Rootage,夏の匂い。キミの残像。 ft. Kanae Asaba,0,,-,471,ALEX,ニュージーランド,1525,0721,ニュージーランド,2491,GUEST.,ニュージーランド,0,,-
Rootage,抱きしめてモナムール,0,,-,1149,RUINS1,ニュージーランド,2233,N,ニュージーランド,4113,POLNIA,ニュージーランド,0,,-
Rootage,最小三倍完全数,0,,-,617,NYU,ニュージーランド,1614,O0*19!,ニュージーランド,2342,!DK,ニュージーランド,0,,-
Rootage,泰東ノ翠霞,0,,-,390,GRAND,ニュージーランド,666,ZAMDIN,ニュージーランド,1669,$,ニュージーランド,0,,-
Rootage,深愛のリグレット,0,,-,477,NAO-,ニュージーランド,1019,YODO.,ニュージーランド,2321,YOR*TN,ニュージーランド,0,,-
Rootage,爆ゼニ☆がってんワーカー,0,,-,706,DJYNTK,ニュージーランド,1278,KANAN,ニュージーランド,2221,K4SEN,ニュージーランド,0,,-
Rootage,花冠 feat.Aikapin,0,,-,748,ZAKI3,ニュージーランド,0,,-,2493,RRRR,ニュージーランド,0,,-
Rootage,金野火織の金色提言,0,,-,1061,RDDG,ニュージーランド,2129,873UME,ニュージーランド,3024,POLNIA,ニュージーランド,0,,-
Rootage,龍王の霊廟(Mausoleum Of The Primal Dragon),0,,-,961,RUINS1,ニュージーランド,2257,123456,ニュージーランド,3062,MA25DX,ニュージーランド,3976,POLNIA,ニュージーランド
HEROIC VERSE,27th style,0,,-,1110,ZAMDIN,ニュージーランド,1637,N,ニュージーランド,2421,RRRR,ニュージーランド,2598,IIDX17,ニュージーランド
HEROIC VERSE,Advent Infamous,0,,-,939,O0*19!,ニュージーランド,1491,O0*19!,ニュージーランド,2655,GUEST.,ニュージーランド,0,,-
HEROIC VERSE,AKASHIC BREAK,0,,-,797,VAIL,ニュージーランド,2246,BERRY!,ニュージーランド,3284,GUEST.,ニュージーランド,0,,-
HEROIC VERSE,And-RoiD,0,,-,556,ANGEL,ニュージーランド,1128,DAVID,ニュージーランド,1976,DONK,ニュージーランド,0,,-
HEROIC VERSE,Artist,0,,-,1240,BERRY!,ニュージーランド,2214,33SA3,ニュージーランド,3210,YOR*TN,ニュージーランド,0,,-
HEROIC VERSE,Backyard Stars,0,,-,761,RUINS1,ニュージーランド,1143,JENKNS,ニュージーランド,2222,POLNIA,ニュージーランド,0,,-
HEROIC VERSE,BEAT PRISONER,0,,-,715,BEPSI,ニュージーランド,1969,123456,ニュージーランド,3603,POLNIA,ニュージーランド,0,,-
HEROIC VERSE,beatAffection,0,,-,1028,0721,ニュージーランド,1527,YOR*TN,ニュージーランド,2474,ABCDEF,ニュージーランド,0,,-
HEROIC VERSE,Beautiful Harmony (IIDX Mix),0,,-,725,VIVLAN,ニュージーランド,1036,LD,ニュージーランド,2439,POLNIA,ニュージーランド,0,,-
HEROIC VERSE,Bow shock!!,0,,-,709,GRAND,ニュージーランド,1900,DMIL,ニュージーランド,2980,KCM,ニュージーランド,4238,POLNIA,ニュージーランド
HEROIC VERSE,Calvados Queen,0,,-,0,,-,1367,O0*19!,ニュージーランド,2369,GUEST.,ニュージーランド,0,,-
HEROIC VERSE,Change Yourself,0,,-,889,O0*19!,ニュージーランド,1289,PATG3N,ニュージーランド,2375,GUEST.,ニュージーランド,0,,-
HEROIC VERSE,Crank It,0,,-,652,GRAND,ニュージーランド,1447,0721,ニュージーランド,2418,POLNIA,ニュージーランド,0,,-
HEROIC VERSE,Dans la nuit de l'eternite,0,,-,1276,O0*19!,ニュージーランド,1967,O0*19!,ニュージーランド,3411,POLNIA,ニュージーランド,0,,-
HEROIC VERSE,Do What You Want,0,,-,642,RUINS1,ニュージーランド,805,STESTR,ニュージーランド,1919,MA25DX,ニュージーランド,0,,-
HEROIC VERSE,Double Dribble,0,,-,853,JIMJI,ニュージーランド,1753,N,ニュージーランド,3065,123456,ニュージーランド,0,,-
HEROIC VERSE,EROICA,0,,-,1021,ROM,ニュージーランド,2274,N,ニュージーランド,3800,POLNIA,ニュージーランド,0,,-
HEROIC VERSE,Everlasting Message,0,,-,883,ZAKI3,ニュージーランド,2020,IIDX33,ニュージーランド,3673,POLNIA,ニュージーランド,0,,-
HEROIC VERSE,fairy cocktail,0,,-,339,DJ.3D,ニュージーランド,866,ZENNAN,ニュージーランド,1623,MA25DX,ニュージーランド,0,,-
HEROIC VERSE,Fly Above (Vicissitude Remix),0,,-,578,DJ.3D,ニュージーランド,1026,STESTR,ニュージーランド,2273,GUEST.,ニュージーランド,0,,-
HEROIC VERSE,Forgetting Machine,0,,-,507,TENTE,ニュージーランド,1039,PATG3N,ニュージーランド,1696,POLNIA,ニュージーランド,0,,-
HEROIC VERSE,Friction[!]Function,0,,-,749,KWKN,ニュージーランド,1682,BERRY!,ニュージーランド,2944,DONK,ニュージーランド,0,,-
HEROIC VERSE,GHOST,0,,-,680,RUINS1,ニュージーランド,1440,BERRY!,ニュージーランド,2502,GUEST.,ニュージーランド,0,,-
HEROIC VERSE,GIGA VIOLATE,0,,-,509,QRSPY,ニュージーランド,1396,JENKNS,ニュージーランド,2583,MA25DX,ニュージーランド,0,,-
HEROIC VERSE,Hold My Hand,0,,-,688,VIVLAN,ニュージーランド,1537,MEU,ニュージーランド,2246,O0*19!,ニュージーランド,0,,-
HEROIC VERSE,Hyper Drive feat. ぷにぷに電機,0,,-,325,TUKI,ニュージーランド,1049,VAIL,ニュージーランド,1937,MA25DX,ニュージーランド,0,,-
HEROIC VERSE,If,0,,-,576,TRAEGR,ニュージーランド,1103,PATG3N,ニュージーランド,1714,KUI,ニュージーランド,0,,-
HEROIC VERSE,Inferno of Fomalhaut,0,,-,663,MADDUS,ニュージーランド,1771,N,ニュージーランド,2998,POLNIA,ニュージーランド,0,,-
HEROIC VERSE,Infinity Mirror,0,,-,473,POP098,ニュージーランド,1349,BERRY!,ニュージーランド,2266,MA25DX,ニュージーランド,0,,-
HEROIC VERSE,Into The Madness,0,,-,734,VAIL,ニュージーランド,1432,O0*19!,ニュージーランド,2376,GUEST.,ニュージーランド,0,,-
HEROIC VERSE,LASER CRUSTER (IGNITE REMIX),0,,-,380,ALEX,ニュージーランド,1589,O0*19!,ニュージーランド,3112,GUEST.,ニュージーランド,0,,-
HEROIC VERSE,Level 2,0,,-,883,BERRY!,ニュージーランド,1609,0721,ニュージーランド,2660,KCM,ニュージーランド,0,,-
HEROIC VERSE,LIGHTNING STRIKES,335,FYZ,ニュージーランド,710,CAAIIT,ニュージーランド,1412,X.COM,ニュージーランド,3095,KCM,ニュージーランド,4128,POLNIA,ニュージーランド
HEROIC VERSE,Like+it!,0,,-,803,ZAKI3,ニュージーランド,1614,N,ニュージーランド,2252,MA25DX,ニュージーランド,0,,-
HEROIC VERSE,Lords Of The Roundtable,0,,-,497,ISOBEL,ニュージーランド,1777,YOR*TN,ニュージーランド,2836,POLNIA,ニュージーランド,0,,-
HEROIC VERSE,Lost Souls,0,,-,646,O0*19!,ニュージーランド,1451,DEJIKO,ニュージーランド,2455,POLNIA,ニュージーランド,3927,POLNIA,ニュージーランド
HEROIC VERSE,Matt Silver,0,,-,678,PATHOS,ニュージーランド,1887,DMIL,ニュージーランド,3132,!DK,ニュージーランド,0,,-
HEROIC VERSE,Megalara Garuda,0,,-,1056,RUINS1,ニュージーランド,1823,33SA3,ニュージーランド,2951,POLNIA,ニュージーランド,0,,-
HEROIC VERSE,Mel,0,,-,529,SORA,ニュージーランド,1490,0721,ニュージーランド,2142,GUEST.,ニュージーランド,2585,GUEST.,ニュージーランド
HEROIC VERSE,Moving on,0,,-,825,ANGEL,ニュージーランド,1481,PATG3N,ニュージーランド,2775,KUI,ニュージーランド,0,,-
HEROIC VERSE,Nasty Techniques,0,,-,948,BERRY!,ニュージーランド,1574,BERRY!,ニュージーランド,2539,MA25DX,ニュージーランド,0,,-
HEROIC VERSE,NEWALONE,0,,-,0,,-,1180,O0*19!,ニュージーランド,1890,BERRY!,ニュージーランド,0,,-
HEROIC VERSE,ORCA,0,,-,966,RUINS1,ニュージーランド,0,,-,3149,MA25DX,ニュージーランド,0,,-
HEROIC VERSE,OUTER PLANETS,0,,-,0,,-,984,STESTR,ニュージーランド,2102,GUEST.,ニュージーランド,0,,-
HEROIC VERSE,Override,0,,-,702,VAIL,ニュージーランド,1275,PASCAL,ニュージーランド,2756,GUEST.,ニュージーランド,4290,POLNIA,ニュージーランド
HEROIC VERSE,PHASE SHIFT MANEUVER,0,,-,1034,RUINS1,ニュージーランド,1570,O0*19!,ニュージーランド,2708,DONK,ニュージーランド,0,,-
HEROIC VERSE,Primitive Vibes,471,NSH***,ニュージーランド,911,KWKN,ニュージーランド,1919,DMIL,ニュージーランド,2946,MA25DX,ニュージーランド,0,,-
HEROIC VERSE,Queen Kaguya,0,,-,786,RUINS1,ニュージーランド,1786,O0*19!,ニュージーランド,2485,MA25DX,ニュージーランド,0,,-
HEROIC VERSE,Rainstorm,0,,-,0,,-,1195,NICKEL,ニュージーランド,2198,MA25DX,ニュージーランド,0,,-
HEROIC VERSE,Rave Patroller,0,,-,1192,DAVID,ニュージーランド,2153,33SA3,ニュージーランド,3347,POLNIA,ニュージーランド,0,,-
HEROIC VERSE,rough percussionythm,0,,-,816,VAIL,ニュージーランド,1540,DMIL,ニュージーランド,2251,MA25DX,ニュージーランド,0,,-
HEROIC VERSE,S!ck (Nhato Remix),0,,-,0,,-,1487,DMIL,ニュージーランド,2213,N,ニュージーランド,0,,-
HEROIC VERSE,SCREW // owo // SCREW,0,,-,942,RUINS1,ニュージーランド,1953,N,ニュージーランド,2847,IIDX33,ニュージーランド,0,,-
HEROIC VERSE,Shiva,0,,-,469,VAIL,ニュージーランド,1395,DMIL,ニュージーランド,2009,MA25DX,ニュージーランド,0,,-
HEROIC VERSE,Silly Love,137,NOVA,ニュージーランド,654,AWEG,ニュージーランド,1257,DMIL,ニュージーランド,1992,KCM,ニュージーランド,0,,-
HEROIC VERSE,Ska-sh All Neurons!!,0,,-,954,0721,ニュージーランド,1231,RDDG,ニュージーランド,2229,MA25DX,ニュージーランド,0,,-
HEROIC VERSE,Smashing Wedge,0,,-,718,KWKN,ニュージーランド,1924,N,ニュージーランド,3301,AKI8MA,ニュージーランド,0,,-
HEROIC VERSE,Sparkle Smilin',0,,-,479,ZEPLIC,ニュージーランド,1451,0721,ニュージーランド,2391,IIDX33,ニュージーランド,0,,-
HEROIC VERSE,STOIC HYPOTHESIS,0,,-,0,,-,1506,F2D,ニュージーランド,2572,33SA3,ニュージーランド,0,,-
HEROIC VERSE,Sugar Drippin',0,,-,109,ALEXC,ニュージーランド,1128,DFLEA,ニュージーランド,2025,MA25DX,ニュージーランド,0,,-
HEROIC VERSE,T-REX vs Velociraptor (In the Far east euphoria),0,,-,1108,DAVID,ニュージーランド,1773,N,ニュージーランド,2954,BD86,ニュージーランド,0,,-
HEROIC VERSE,take me higher,0,,-,663,SAN,ニュージーランド,1216,BERRY!,ニュージーランド,1917,GUEST.,ニュージーランド,0,,-
HEROIC VERSE,TECHNO Style Essentials,0,,-,932,ZAMDIN,ニュージーランド,1537,BERRY!,ニュージーランド,2824,POLNIA,ニュージーランド,0,,-
HEROIC VERSE,THE BRAVE MUST DIE,0,,-,1093,RUINS1,ニュージーランド,2295,WOOD99,ニュージーランド,4051,POLNIA,ニュージーランド,0,,-
HEROIC VERSE,THE F∀UST,0,,-,791,VAIL,ニュージーランド,2130,123456,ニュージーランド,3279,!DK,ニュージーランド,0,,-
HEROIC VERSE,The Sky of Sadness,0,,-,620,DENJIN,ニュージーランド,1407,BERRY!,ニュージーランド,2262,SPECTR,ニュージーランド,0,,-
HEROIC VERSE,Theory,0,,-,526,ALEX,ニュージーランド,1292,DMIL,ニュージーランド,2349,POLNIA,ニュージーランド,0,,-
HEROIC VERSE,TRIUMPH,0,,-,864,JENKNS,ニュージーランド,1872,O0*19!,ニュージーランド,3283,POLNIA,ニュージーランド,0,,-
HEROIC VERSE,UNITE THE HEART,0,,-,1045,REDDRO,ニュージーランド,2110,DEJIKO,ニュージーランド,2925,SZR,ニュージーランド,0,,-
HEROIC VERSE,VALKYRIAS -英雄誕生-,467,KNOK7I,ニュージーランド,738,VAIL,ニュージーランド,1649,BERRY!,ニュージーランド,2634,GUEST.,ニュージーランド,0,,-
HEROIC VERSE,VIBRΛ,0,,-,0,,-,1271,BERRY!,ニュージーランド,1764,DONK,ニュージーランド,0,,-
HEROIC VERSE,Vinculum stellarum,0,,-,895,O0*19!,ニュージーランド,1981,873UME,ニュージーランド,3647,POLNIA,ニュージーランド,0,,-
HEROIC VERSE,Virus Funk,0,,-,675,RUINS1,ニュージーランド,1196,DORIA,ニュージーランド,2180,POLNIA,ニュージーランド,0,,-
HEROIC VERSE,Volcanic Dragon,0,,-,846,ZAKI3,ニュージーランド,1506,PATG3N,ニュージーランド,2786,GUEST.,ニュージーランド,0,,-
HEROIC VERSE,Voo Doo Bamboleo,0,,-,0,,-,1088,EGG,ニュージーランド,2402,GUEST.,ニュージーランド,0,,-
HEROIC VERSE,Ypsilon,0,,-,1047,ZAMDIN,ニュージーランド,1341,ZAMDIN,ニュージーランド,2730,GUEST.,ニュージーランド,3315,MA25DX,ニュージーランド
HEROIC VERSE,がっつり陰キャ!? 怪盗いいんちょの億劫^^;,0,,-,1235,ZAMDIN,ニュージーランド,2366,MARU-Q,ニュージーランド,4225,POLNIA,ニュージーランド,0,,-
HEROIC VERSE,シャムシールの舞,0,,-,741,RUINS1,ニュージーランド,1463,BERRY!,ニュージーランド,2392,LR4,ニュージーランド,0,,-
HEROIC VERSE,セピアの軌跡 ft. 天宮みや(少女フラクタル),0,,-,656,VIVLAN,ニュージーランド,1220,MXP-GX,ニュージーランド,2315,33SA3,ニュージーランド,0,,-
HEROIC VERSE,バッドエンド・シンドローム,0,,-,960,2,ニュージーランド,1385,2,ニュージーランド,2950,POLNIA,ニュージーランド,0,,-
HEROIC VERSE,ピアノ協奏曲第1番”蠍火” (BlackY Remix),0,,-,916,RUINS1,ニュージーランド,2029,DMIL,ニュージーランド,3704,POLNIA,ニュージーランド,0,,-
HEROIC VERSE,ラブキラ☆スプラッシュ,0,,-,909,VIVLAN,ニュージーランド,1535,BERRY!,ニュージーランド,2446,YOR*TN,ニュージーランド,0,,-
HEROIC VERSE,ランカーキラーガール,0,,-,813,BEPSI,ニュージーランド,1603,PRIUS7,ニュージーランド,2806,DONK,ニュージーランド,0,,-
HEROIC VERSE,曼荼羅恋々,0,,-,999,ZAKI3,ニュージーランド,1478,JENKNS,ニュージーランド,2638,SPECTR,ニュージーランド,0,,-
HEROIC VERSE,深淵に捧ぐレクイエム,0,,-,783,JENKNS,ニュージーランド,1508,O0*19!,ニュージーランド,2777,LR4,ニュージーランド,0,,-
HEROIC VERSE,灼熱Beach Side Bunny (Masayoshi Iimori Remix),0,,-,621,JENKNS,ニュージーランド,980,MXP-GX,ニュージーランド,1696,MA25DX,ニュージーランド,0,,-
HEROIC VERSE,狂水一華,0,,-,688,FISCIA,ニュージーランド,1445,2,ニュージーランド,2519,GUEST.,ニュージーランド,0,,-
HEROIC VERSE,眠りの国のステラ,0,,-,974,ZENNAN,ニュージーランド,1721,O0*19!,ニュージーランド,2619,YOR*TN,ニュージーランド,0,,-
HEROIC VERSE,華麗なる大犬円舞曲,0,,-,1005,Z-STAR,ニュージーランド,1752,F!AN,ニュージーランド,3235,IIDX33,ニュージーランド,0,,-
HEROIC VERSE,錬成人間トリコロイダー,0,,-,0,,-,1792,0721,ニュージーランド,3050,123456,ニュージーランド,0,,-
HEROIC VERSE,開きたまえ！Next stAge！,0,,-,717,REECHE,ニュージーランド,1324,ZENNAN,ニュージーランド,2663,33SA3,ニュージーランド,0,,-
HEROIC VERSE,魅惑のYUMMYスイーツ,0,,-,874,RUINS1,ニュージーランド,1619,O0*19!,ニュージーランド,2851,KCM,ニュージーランド,0,,-
BISTROVER,-65℃,0,,-,1138,DAVID,ニュージーランド,2145,123456,ニュージーランド,3688,POLNIA,ニュージーランド,0,,-
BISTROVER,ABSOLUTE (kors k Remix),0,,-,865,RUINS1,ニュージーランド,1452,BERRY!,ニュージーランド,2348,N,ニュージーランド,0,,-
BISTROVER,Ah Hah Yeah,0,,-,513,REECHE,ニュージーランド,1086,JENKNS,ニュージーランド,2092,IIDX33,ニュージーランド,0,,-
BISTROVER,AMRITA -不滅ノ花-,0,,-,718,ZAKI3,ニュージーランド,1579,YOR*TN,ニュージーランド,2650,YOR*TN,ニュージーランド,0,,-
BISTROVER,apo:llioth,0,,-,1186,O0*19!,ニュージーランド,1921,O0*19!,ニュージーランド,2843,KCM,ニュージーランド,0,,-
BISTROVER,As You Want,0,,-,648,GRAND,ニュージーランド,0,,-,2235,33SA3,ニュージーランド,0,,-
BISTROVER,ASIAN VIRTUAL REALITIES (MELTING TOGETHER IN DAZZLING DARKNESS),0,,-,1033,BERRY!,ニュージーランド,1420,F2D,ニュージーランド,2929,BD86,ニュージーランド,0,,-
BISTROVER,BEMANI PRO LEAGUE Theme,0,,-,760,ZAMDIN,ニュージーランド,322,AWEG,ニュージーランド,1910,MA25DX,ニュージーランド,0,,-
BISTROVER,BIGソムタム,334,NAUSEA,ニュージーランド,886,ZEPLIC,ニュージーランド,1791,BERRY!,ニュージーランド,3190,YOR*TN,ニュージーランド,0,,-
BISTROVER,BLACK or WHITE?,613,O0*19!,ニュージーランド,1135,DORIA,ニュージーランド,2346,123456,ニュージーランド,3945,POLNIA,ニュージーランド,0,,-
BISTROVER,Burning Flame,0,,-,750,VAIL,ニュージーランド,1804,YOR*TN,ニュージーランド,2716,GUEST.,ニュージーランド,3336,DONK,ニュージーランド
BISTROVER,Chewingood!!!,254,RYAN,ニュージーランド,856,K4SEN,ニュージーランド,1405,HN,ニュージーランド,2518,DONK,ニュージーランド,0,,-
BISTROVER,COSMIC RAY,0,,-,768,ZEPLIC,ニュージーランド,1953,33SA3,ニュージーランド,2871,POLNIA,ニュージーランド,0,,-
BISTROVER,Crazy Jackpot,0,,-,700,SPCTRE,ニュージーランド,1532,DMIL,ニュージーランド,2816,POLNIA,ニュージーランド,0,,-
BISTROVER,Danza Aestas,0,,-,635,SAN,ニュージーランド,1610,O0*19!,ニュージーランド,2822,YOR*TN,ニュージーランド,0,,-
BISTROVER,Dawn Saga,0,,-,732,RUINS1,ニュージーランド,1212,DAVID,ニュージーランド,2588,KCM,ニュージーランド,0,,-
BISTROVER,DENIM,0,,-,447,RUINS1,ニュージーランド,969,NICKEL,ニュージーランド,1718,POLNIA,ニュージーランド,0,,-
BISTROVER,Don't Stop The Music feat. Kanae Asaba,0,,-,477,NSH***,ニュージーランド,1006,BERRY!,ニュージーランド,1820,MA25DX,ニュージーランド,0,,-
BISTROVER,DUAL STRIKER,0,,-,1143,O0*19!,ニュージーランド,2326,0721,ニュージーランド,3630,IIDX17,ニュージーランド,0,,-
BISTROVER,Empire of Fury,0,,-,724,DJYNTK,ニュージーランド,1668,2,ニュージーランド,2826,MA25DX,ニュージーランド,0,,-
BISTROVER,Euphoric Lagoon,0,,-,585,SPCTRE,ニュージーランド,1579,YOR*TN,ニュージーランド,2459,33SA3,ニュージーランド,0,,-
BISTROVER,Explorer feat. ぷにぷに電機,0,,-,754,0721,ニュージーランド,929,VAIL,ニュージーランド,2094,MA25DX,ニュージーランド,2732,MA25DX,ニュージーランド
BISTROVER,Farewell to Marrakech,0,,-,473,VAIL,ニュージーランド,1231,PATG3N,ニュージーランド,2125,GUEST.,ニュージーランド,0,,-
BISTROVER,Fire Beat,0,,-,0,,-,1750,GUEST.,ニュージーランド,2524,123456,ニュージーランド,0,,-
BISTROVER,Frisk And Squeak,0,,-,0,,-,1464,BERRY!,ニュージーランド,2122,BERRY!,ニュージーランド,0,,-
BISTROVER,GIGA RAID,0,,-,680,TRAEGR,ニュージーランド,1381,PATG3N,ニュージーランド,2280,GUEST.,ニュージーランド,0,,-
BISTROVER,Globe Glitter,0,,-,889,RUINS1,ニュージーランド,1385,JENKNS,ニュージーランド,2563,GUEST.,ニュージーランド,0,,-
BISTROVER,Here We Are,404,0721,ニュージーランド,974,4,ニュージーランド,1658,0721,ニュージーランド,2429,KAGAM,ニュージーランド,0,,-
BISTROVER,HIGH VOLTAGE,0,,-,728,#,ニュージーランド,1302,JENKNS,ニュージーランド,2170,MA25DX,ニュージーランド,0,,-
BISTROVER,Ignis†Irae,0,,-,886,RUINS1,ニュージーランド,2211,33SA3,ニュージーランド,3704,POLNIA,ニュージーランド,0,,-
BISTROVER,IIDX RED Ending (Ryu☆Remix),0,,-,445,VAIL,ニュージーランド,1010,ZAMDIN,ニュージーランド,1819,IIDX33,ニュージーランド,0,,-
BISTROVER,innocent revolver,0,,-,861,RUINS1,ニュージーランド,2209,33SA3,ニュージーランド,3538,MA25DX,ニュージーランド,0,,-
BISTROVER,Jungle Eater,0,,-,784,ZENNAN,ニュージーランド,1491,F2D,ニュージーランド,2645,K4SEN,ニュージーランド,0,,-
BISTROVER,LAST DAY,0,,-,747,ZENNAN,ニュージーランド,1287,PATG3N,ニュージーランド,2843,33SA3,ニュージーランド,0,,-
BISTROVER,Level 3,0,,-,857,Z-STAR,ニュージーランド,2070,GON,ニュージーランド,3388,POLNIA,ニュージーランド,0,,-
BISTROVER,LOCUS OF THE TRAVEL,0,,-,0,,-,2096,O0*19!,ニュージーランド,3576,POLNIA,ニュージーランド,0,,-
BISTROVER,Lovely Howdy Cowboy!!,0,,-,936,RUINS1,ニュージーランド,1724,O0*19!,ニュージーランド,2550,AKI8MA,ニュージーランド,0,,-
BISTROVER,MA・TSU・RI,0,,-,154,DJ.3D,ニュージーランド,1697,O0*19!,ニュージーランド,2448,GUEST.,ニュージーランド,0,,-
BISTROVER,MEGAERA,0,,-,1298,BERRY!,ニュージーランド,2013,123456,ニュージーランド,3463,POLNIA,ニュージーランド,0,,-
BISTROVER,Midnight Drive,0,,-,422,ZEPLIC,ニュージーランド,1048,EGG,ニュージーランド,1835,MOLFOI,ニュージーランド,0,,-
BISTROVER,MOVE! (We Keep It Movin'),0,,-,690,RUINS1,ニュージーランド,0,,-,2138,MA25DX,ニュージーランド,0,,-
BISTROVER,Neo Heritage,0,,-,858,LL1H,ニュージーランド,1484,F!AN,ニュージーランド,2702,MA25DX,ニュージーランド,0,,-
BISTROVER,Ocean Blue feat. Luschel,0,,-,689,AWEG,ニュージーランド,1411,BERRY!,ニュージーランド,2386,DONK,ニュージーランド,0,,-
BISTROVER,of the first magnitude,0,,-,752,SPCTRE,ニュージーランド,1458,PATG3N,ニュージーランド,2774,MA25DX,ニュージーランド,0,,-
BISTROVER,OTOKOZAKA,0,,-,556,Z-STAR,ニュージーランド,1262,PATG3N,ニュージーランド,2693,33SA3,ニュージーランド,0,,-
BISTROVER,Overslept,0,,-,1044,LL1H,ニュージーランド,1652,BERRY!,ニュージーランド,2416,MA25DX,ニュージーランド,0,,-
BISTROVER,Para siempre,0,,-,910,BERRY!,ニュージーランド,1451,O0*19!,ニュージーランド,2620,K4SEN,ニュージーランド,0,,-
BISTROVER,Parvati,0,,-,990,ZAMDIN,ニュージーランド,1495,ZAMDIN,ニュージーランド,2651,MA25DX,ニュージーランド,0,,-
BISTROVER,POLKAMANIA,0,,-,672,RDDG,ニュージーランド,1709,DMIL,ニュージーランド,2716,MA25DX,ニュージーランド,3736,POLNIA,ニュージーランド
BISTROVER,Rejection Girl,0,,-,809,AWEG,ニュージーランド,1468,2,ニュージーランド,2592,POLNIA,ニュージーランド,0,,-
BISTROVER,Ritual of Anubis,0,,-,842,NICKEL,ニュージーランド,1733,BERRY!,ニュージーランド,2443,!DK,ニュージーランド,0,,-
BISTROVER,Romanticが止まらない,0,,-,0,,-,1520,DEJIKO,ニュージーランド,2648,YOR*TN,ニュージーランド,0,,-
BISTROVER,rommmo,0,,-,0,,-,1395,F2D,ニュージーランド,3063,AKI8MA,ニュージーランド,0,,-
BISTROVER,Rosa azuL,0,,-,771,RUINS1,ニュージーランド,1386,PATG3N,ニュージーランド,2575,MA25DX,ニュージーランド,0,,-
BISTROVER,Rowdy,0,,-,871,KWKN,ニュージーランド,1383,PATG3N,ニュージーランド,2308,O0*19!,ニュージーランド,0,,-
BISTROVER,Rubrum Piano,0,,-,0,,-,1408,DEJIKO,ニュージーランド,2330,MA25DX,ニュージーランド,0,,-
BISTROVER,S-Bahn,0,,-,626,DJ.3D,ニュージーランド,783,VAIL,ニュージーランド,2153,MA25DX,ニュージーランド,0,,-
BISTROVER,Sinus Iridum,0,,-,0,,-,2139,POLNIA,ニュージーランド,3210,POLNIA,ニュージーランド,0,,-
BISTROVER,smooooch・∀・ (Snail's House Remix),0,,-,711,SAN,ニュージーランド,1417,DEJIKO,ニュージーランド,2147,873UME,ニュージーランド,0,,-
BISTROVER,SOLID STATE SQUAD -RISEN RELIC REMIX-,0,,-,898,BESVAL,ニュージーランド,2122,33SA3,ニュージーランド,2959,MA25DX,ニュージーランド,0,,-
BISTROVER,Sugarplum,0,,-,783,2,ニュージーランド,1849,0721,ニュージーランド,2496,DONK,ニュージーランド,0,,-
BISTROVER,Swarm Of Scarabs,0,,-,1013,MARU-Q,ニュージーランド,1432,DMIL,ニュージーランド,2050,N,ニュージーランド,0,,-
BISTROVER,Tell me what you wish feat.らっぷびと,0,,-,0,,-,1621,0721,ニュージーランド,2760,BD86,ニュージーランド,0,,-
BISTROVER,That Feeling,0,,-,663,LL1H,ニュージーランド,1047,PATG3N,ニュージーランド,1852,MA25DX,ニュージーランド,0,,-
BISTROVER,THE PEERLESS UNDER HEAVEN,0,,-,874,RUINS1,ニュージーランド,1881,123456,ニュージーランド,2954,MA25DX,ニュージーランド,0,,-
BISTROVER,The Wind of China Express(The 4th Mashup),0,,-,920,4,ニュージーランド,1633,BERRY!,ニュージーランド,2511,KCM,ニュージーランド,0,,-
BISTROVER,Tiempo Loco,0,,-,848,RUINS1,ニュージーランド,1937,123456,ニュージーランド,3670,POLNIA,ニュージーランド,0,,-
BISTROVER,Viridian,0,,-,0,,-,1863,33SA3,ニュージーランド,3038,MA25DX,ニュージーランド,0,,-
BISTROVER,Vitrum,0,,-,0,,-,1324,PATG3N,ニュージーランド,3205,YOR*TN,ニュージーランド,0,,-
BISTROVER,WAKE UP NOW,0,,-,642,DJ.3D,ニュージーランド,1141,EGG,ニュージーランド,1971,MA25DX,ニュージーランド,2366,GUEST.,ニュージーランド
BISTROVER,When I Met U,0,,-,685,SAN,ニュージーランド,1186,DEJIKO,ニュージーランド,2032,MA25DX,ニュージーランド,0,,-
BISTROVER,Winner's Proof ft. KANASA from bless4,276,0721,ニュージーランド,513,BEPSI,ニュージーランド,1208,DAVID,ニュージーランド,2135,GUEST.,ニュージーランド,0,,-
BISTROVER,X-ray binary,0,,-,0,,-,1913,YOR*TN,ニュージーランド,2721,KCM,ニュージーランド,0,,-
BISTROVER,Zenith,0,,-,781,873UME,ニュージーランド,1334,O0*19!,ニュージーランド,2026,KCM,ニュージーランド,0,,-
BISTROVER,∀,451,FYZ,ニュージーランド,1133,NICKEL,ニュージーランド,2031,GON,ニュージーランド,3461,POLNIA,ニュージーランド,0,,-
BISTROVER,ここからよろしく大作戦143,268,0721,ニュージーランド,942,0721,ニュージーランド,1735,0721,ニュージーランド,2432,GUEST.,ニュージーランド,3084,GUEST.,ニュージーランド
BISTROVER,スーパー戦湯ババンバーン,0,,-,1195,O0*19!,ニュージーランド,1804,URU,ニュージーランド,3082,MA25DX,ニュージーランド,0,,-
BISTROVER,ディスコルディア,0,,-,1086,ZAKI3,ニュージーランド,2187,123456,ニュージーランド,3331,YOR*TN,ニュージーランド,0,,-
BISTROVER,バッド・スイーツ、バッド・ドリーム,0,,-,0,,-,1800,N,ニュージーランド,3208,DONK,ニュージーランド,0,,-
BISTROVER,世界の果てに約束の凱歌を -ReUnion-,0,,-,959,ZEPLIC,ニュージーランド,0,,-,3561,LR4,ニュージーランド,0,,-
BISTROVER,乱膳の舞姫,0,,-,697,Z-STAR,ニュージーランド,1699,DMIL,ニュージーランド,2608,KCM,ニュージーランド,0,,-
BISTROVER,二人ノ廃城幽踊宴,0,,-,784,VAIL,ニュージーランド,1661,FITNRD,ニュージーランド,2955,AKI8MA,ニュージーランド,0,,-
BISTROVER,伐折羅-vajra-,0,,-,1004,HN,ニュージーランド,2011,N,ニュージーランド,3375,!DK,ニュージーランド,0,,-
BISTROVER,儚き恋の華,0,,-,948,RUINS1,ニュージーランド,1642,PATG3N,ニュージーランド,2811,GUEST.,ニュージーランド,0,,-
BISTROVER,新宝島,453,GRAND,ニュージーランド,762,ZAMDIN,ニュージーランド,1304,ZAMDIN,ニュージーランド,2343,POLNIA,ニュージーランド,3520,POLNIA,ニュージーランド
BISTROVER,水無月の雫 ft. 小林まな,0,,-,1137,2,ニュージーランド,1710,0721,ニュージーランド,2478,DONK,ニュージーランド,0,,-
BISTROVER,水鏡の異界,0,,-,583,TSTCHG,ニュージーランド,1581,O0*19!,ニュージーランド,2957,KCM,ニュージーランド,0,,-
BISTROVER,涙のテ・エストラーニョ・ムーチョ,0,,-,375,R4NG3.,ニュージーランド,1656,DEJIKO,ニュージーランド,2584,GUEST.,ニュージーランド,0,,-
BISTROVER,無意識のフィロソフィア,0,,-,919,VIVLAN,ニュージーランド,1799,KTPN,ニュージーランド,3182,YOR*TN,ニュージーランド,0,,-
BISTROVER,犬に雨傘,0,,-,434,ALEX,ニュージーランド,1250,JENKNS,ニュージーランド,2029,MA25DX,ニュージーランド,0,,-
BISTROVER,閠槞彁の願い,0,,-,670,VAIL,ニュージーランド,1597,DIGGY,ニュージーランド,2912,!DK,ニュージーランド,0,,-
BISTROVER,霧幻メモリア,0,,-,0,,-,1141,ZAKI3,ニュージーランド,1958,GUEST.,ニュージーランド,0,,-
BISTROVER,魔法のかくれんぼ,0,,-,714,NYU,ニュージーランド,1505,O0*19!,ニュージーランド,2588,DONK,ニュージーランド,0,,-
CastHour,10000 MILES AWAY,0,,-,985,O0*19!,ニュージーランド,1654,0721,ニュージーランド,2762,GUEST.,ニュージーランド,0,,-
CastHour,2 Beasts Unchained,0,,-,1119,SUKAP-,ニュージーランド,2086,KUI,ニュージーランド,3018,AKI8MA,ニュージーランド,0,,-
CastHour,808monkey,0,,-,728,O0*19!,ニュージーランド,1156,BERRY!,ニュージーランド,1584,USI,ニュージーランド,0,,-
CastHour,ABSOLUTE EVIL,242,O0*19!,ニュージーランド,1091,O0*19!,ニュージーランド,2124,N,ニュージーランド,3474,POLNIA,ニュージーランド,0,,-
CastHour,Aftermath,0,,-,1183,BERRY!,ニュージーランド,2250,BERRY!,ニュージーランド,3289,!DK,ニュージーランド,0,,-
CastHour,ALTERNATOR,0,,-,1234,ZAKI3,ニュージーランド,2402,123456,ニュージーランド,3718,POLNIA,ニュージーランド,0,,-
CastHour,AMICABLE,0,,-,986,O0*19!,ニュージーランド,1368,BERRY!,ニュージーランド,2419,MA25DX,ニュージーランド,0,,-
CastHour,ANEMONE,222,0721,ニュージーランド,780,0721,ニュージーランド,1595,0721,ニュージーランド,2129,DONK,ニュージーランド,0,,-
CastHour,Angel's Ladder,0,,-,948,O0*19!,ニュージーランド,2032,GON,ニュージーランド,3029,MA25DX,ニュージーランド,0,,-
CastHour,Ariah,0,,-,639,DJ.3D,ニュージーランド,1075,RUINS1,ニュージーランド,2133,YOR*TN,ニュージーランド,0,,-
CastHour,Arkadia,0,,-,1121,O0*19!,ニュージーランド,1992,N,ニュージーランド,3396,!DK,ニュージーランド,0,,-
CastHour,Banger Banger Banger Banger,0,,-,919,O0*19!,ニュージーランド,1695,BERRY!,ニュージーランド,2738,BD86,ニュージーランド,0,,-
CastHour,Binary Black Hole,0,,-,1277,O0*19!,ニュージーランド,2158,123456,ニュージーランド,3818,POLNIA,ニュージーランド,0,,-
CastHour,Blue Bird feat. Kanae Asaba,0,,-,625,O0*19!,ニュージーランド,839,JIMJI,ニュージーランド,1633,K4SEN,ニュージーランド,0,,-
CastHour,Brave Spirits,0,,-,693,O0*19!,ニュージーランド,1310,O0*19!,ニュージーランド,2332,MA25DX,ニュージーランド,0,,-
CastHour,DISPARATE,0,,-,957,O0*19!,ニュージーランド,1469,DEJIKO,ニュージーランド,2211,MA25DX,ニュージーランド,0,,-
CastHour,Divine Heaven,0,,-,937,BERRY!,ニュージーランド,1872,BERRY!,ニュージーランド,2727,GUEST.,ニュージーランド,0,,-
CastHour,Don't believe the hype,0,,-,1018,O0*19!,ニュージーランド,2100,123456,ニュージーランド,2809,123456,ニュージーランド,0,,-
CastHour,DREAM OF SPACE UFO ABDUCTION,0,,-,1022,O0*19!,ニュージーランド,1637,O0*19!,ニュージーランド,2590,MA25DX,ニュージーランド,0,,-
CastHour,Emera,0,,-,832,O0*19!,ニュージーランド,1286,PATG3N,ニュージーランド,2192,123456,ニュージーランド,0,,-
CastHour,EMOTiON TRiPPER,0,,-,909,O0*19!,ニュージーランド,1305,JENKNS,ニュージーランド,2098,MA25DX,ニュージーランド,0,,-
CastHour,Ergosphere,0,,-,959,O0*19!,ニュージーランド,1406,DAVID,ニュージーランド,2496,GUEST.,ニュージーランド,0,,-
CastHour,Fantastic Merry-Go-Round,0,,-,1000,O0*19!,ニュージーランド,0,,-,2001,MA25DX,ニュージーランド,0,,-
CastHour,Fegrix,0,,-,1151,O0*19!,ニュージーランド,2194,YOR*TN,ニュージーランド,3024,MA25DX,ニュージーランド,0,,-
CastHour,FINALLY BLAZE,0,,-,744,BESVAL,ニュージーランド,1431,DEJIKO,ニュージーランド,2554,YOR*TN,ニュージーランド,0,,-
CastHour,Flying Castle,0,,-,1032,O0*19!,ニュージーランド,2050,BERRY!,ニュージーランド,3372,!DK,ニュージーランド,0,,-
CastHour,Game Changers,0,,-,693,O0*19!,ニュージーランド,1278,PATG3N,ニュージーランド,2600,KCM,ニュージーランド,0,,-
CastHour,"Get set, Go! feat.Kanae Asaba",0,,-,797,O0*19!,ニュージーランド,1313,BERRY!,ニュージーランド,2047,MA25DX,ニュージーランド,0,,-
CastHour,GiGaGaHell,0,,-,881,Z-STAR,ニュージーランド,1848,AN2.,ニュージーランド,3105,POLNIA,ニュージーランド,0,,-
CastHour,GRAVITON,0,,-,1119,O0*19!,ニュージーランド,1872,PRIUS7,ニュージーランド,3417,POLNIA,ニュージーランド,0,,-
CastHour,hard-wired,0,,-,1514,BERRY!,ニュージーランド,2158,123456,ニュージーランド,3554,POLNIA,ニュージーランド,0,,-
CastHour,Harmonia,0,,-,682,O0*19!,ニュージーランド,1155,O0*19!,ニュージーランド,1973,DONK,ニュージーランド,0,,-
CastHour,Hat Surprise,0,,-,652,O0*19!,ニュージーランド,1405,DEJIKO,ニュージーランド,2281,KUI,ニュージーランド,0,,-
CastHour,HEARTACHE,0,,-,475,ZAMDIN,ニュージーランド,1104,ZAMDIN,ニュージーランド,1744,YOR*TN,ニュージーランド,0,,-
CastHour,kors k's How to make OTOGE CORE,0,,-,707,O0*19!,ニュージーランド,1460,DMIL,ニュージーランド,2096,BD86,ニュージーランド,0,,-
CastHour,Lawes's Parotia,0,,-,860,O0*19!,ニュージーランド,1568,MARU-Q,ニュージーランド,2429,GUEST.,ニュージーランド,0,,-
CastHour,LIVE DRIVING!! feat. 花たん,0,,-,1512,O0*19!,ニュージーランド,2022,F2D,ニュージーランド,3814,POLNIA,ニュージーランド,0,,-
CastHour,N.O.,0,,-,766,O0*19!,ニュージーランド,1213,PATG3N,ニュージーランド,2430,MA25DX,ニュージーランド,0,,-
CastHour,n/a,0,,-,846,VAIL,ニュージーランド,1812,N,ニュージーランド,3115,KCM,ニュージーランド,0,,-
CastHour,No Day But Today!,0,,-,661,O0*19!,ニュージーランド,1242,O0*19!,ニュージーランド,1910,GUEST.,ニュージーランド,0,,-
CastHour,Nocturnal 2097,0,,-,859,O0*19!,ニュージーランド,1877,GUEST.,ニュージーランド,2818,MA25DX,ニュージーランド,0,,-
CastHour,Non Stop Rock,0,,-,733,O0*19!,ニュージーランド,1038,PATG3N,ニュージーランド,1557,33SA3,ニュージーランド,0,,-
CastHour,One for All,0,,-,933,O0*19!,ニュージーランド,1419,F2D,ニュージーランド,2938,GUEST.,ニュージーランド,0,,-
CastHour,Onyx,0,,-,847,O0*19!,ニュージーランド,1335,!?,ニュージーランド,2260,AKI8MA,ニュージーランド,0,,-
CastHour,P.O.W.E.R.,0,,-,1034,BERRY!,ニュージーランド,1655,N,ニュージーランド,2172,GUEST.,ニュージーランド,0,,-
CastHour,PIRATES BLADE,0,,-,883,O0*19!,ニュージーランド,1234,MXP-GX,ニュージーランド,1907,DMIL,ニュージーランド,0,,-
CastHour,PLASMA SOUL NIGHT feat. Nana Takahashi / 709sec.,431,KNOK7I,ニュージーランド,1352,O0*19!,ニュージーランド,2453,N,ニュージーランド,4115,MA25DX,ニュージーランド,0,,-
CastHour,Pout,0,,-,1020,O0*19!,ニュージーランド,1472,PATG3N,ニュージーランド,2516,DONK,ニュージーランド,0,,-
CastHour,Prohibited Props,0,,-,975,O0*19!,ニュージーランド,1477,O0*19!,ニュージーランド,2224,DONK,ニュージーランド,2596,33SA3,ニュージーランド
CastHour,Purple Perplex,0,,-,817,Z-STAR,ニュージーランド,1793,123456,ニュージーランド,2833,KCM,ニュージーランド,0,,-
CastHour,Push on Beats!～音ゲの国のeX-ストリーマー～,0,,-,1161,BERRY!,ニュージーランド,1678,O0*19!,ニュージーランド,3081,YOR*TN,ニュージーランド,0,,-
CastHour,RAGE feat.H14 of LEONAIR,412,O0*19!,ニュージーランド,998,O0*19!,ニュージーランド,2131,DONK,ニュージーランド,3403,POLNIA,ニュージーランド,0,,-
CastHour,Silver Bullet,0,,-,1099,O0*19!,ニュージーランド,1937,GUEST.,ニュージーランド,3142,POLNIA,ニュージーランド,0,,-
CastHour,Smalt #28598F,0,,-,1002,O0*19!,ニュージーランド,2158,BERRY!,ニュージーランド,3350,POLNIA,ニュージーランド,0,,-
CastHour,SOLID WYVERN,0,,-,1148,O0*19!,ニュージーランド,1561,F2D,ニュージーランド,2417,33SA3,ニュージーランド,3499,PHUBER,ニュージーランド
CastHour,Souhait bleu,0,,-,868,O0*19!,ニュージーランド,1677,O0*19!,ニュージーランド,2612,IIDX33,ニュージーランド,0,,-
CastHour,SPARK IN THE NIGHT,0,,-,819,BERRY!,ニュージーランド,1199,PATG3N,ニュージーランド,2138,123456,ニュージーランド,0,,-
CastHour,Stepper,0,,-,676,O0*19!,ニュージーランド,1304,PATG3N,ニュージーランド,2147,POLNIA,ニュージーランド,0,,-
CastHour,Tail Lights,0,,-,1064,O0*19!,ニュージーランド,1673,IIDX33,ニュージーランド,2918,123456,ニュージーランド,0,,-
CastHour,TOMAHAWK,0,,-,0,,-,2103,N,ニュージーランド,3076,!DK,ニュージーランド,0,,-
CastHour,Triple Cross,513,GRAND,ニュージーランド,1093,O0*19!,ニュージーランド,2176,123456,ニュージーランド,3224,POLNIA,ニュージーランド,0,,-
CastHour,Ventriloquist,0,,-,745,O0*19!,ニュージーランド,1069,HIBOLL,ニュージーランド,2341,MA25DX,ニュージーランド,0,,-
CastHour,Victory Of Ravers,0,,-,1011,BERRY!,ニュージーランド,1748,0721,ニュージーランド,2435,GUEST.,ニュージーランド,0,,-
CastHour,WHA,0,,-,821,VAIL,ニュージーランド,1877,O.HARE,ニュージーランド,3601,POLNIA,ニュージーランド,0,,-
CastHour,Wonderful Escape,0,,-,905,O0*19!,ニュージーランド,985,VAIL,ニュージーランド,1950,N,ニュージーランド,0,,-
CastHour,Xyndrome,0,,-,749,KWKN,ニュージーランド,1323,PATG3N,ニュージーランド,2725,GUEST.,ニュージーランド,0,,-
CastHour,《GRANDMASTER》,0,,-,926,O0*19!,ニュージーランド,1303,PATG3N,ニュージーランド,2792,MA25DX,ニュージーランド,0,,-
CastHour,めでてえ,0,,-,994,O0*19!,ニュージーランド,1439,RDDG,ニュージーランド,2569,GUEST.,ニュージーランド,0,,-
CastHour,アクマフカ,0,,-,716,O0*19!,ニュージーランド,1492,BERRY!,ニュージーランド,2241,MA25DX,ニュージーランド,0,,-
CastHour,ウツシミウツシ,0,,-,1194,O0*19!,ニュージーランド,1491,DORIA,ニュージーランド,2890,33SA3,ニュージーランド,0,,-
CastHour,オドループ,516,0721,ニュージーランド,1001,JENKNS,ニュージーランド,1505,DMIL,ニュージーランド,2340,POLNIA,ニュージーランド,2986,POLNIA,ニュージーランド
CastHour,オールトの雲,0,,-,0,,-,1728,RDDG,ニュージーランド,2508,GUEST.,ニュージーランド,0,,-
CastHour,グッバイ宣言,586,0721,ニュージーランド,1057,O0*19!,ニュージーランド,1763,YOR*TN,ニュージーランド,2977,GUEST.,ニュージーランド,3624,POLNIA,ニュージーランド
CastHour,シル・ヴ・プレジデント,304,0721,ニュージーランド,656,0721,ニュージーランド,1180,BERRY!,ニュージーランド,1773,RRRR,ニュージーランド,2539,RRRR,ニュージーランド
CastHour,ナイトフィクション,0,,-,679,O0*19!,ニュージーランド,1319,F2D,ニュージーランド,2105,MA25DX,ニュージーランド,0,,-
CastHour,ハイテックトキオ,0,,-,823,ZENNAN,ニュージーランド,1782,DMIL,ニュージーランド,2538,MA25DX,ニュージーランド,3025,MA25DX,ニュージーランド
CastHour,"ピアノ独奏無言歌 ""灰燼""",0,,-,1101,ZAMDIN,ニュージーランド,2228,GUEST.,ニュージーランド,3606,POLNIA,ニュージーランド,0,,-
CastHour,ミュージック・アワー,517,O0*19!,ニュージーランド,1120,O0*19!,ニュージーランド,2128,IIDX33,ニュージーランド,2813,LR4,ニュージーランド,3873,KCM,ニュージーランド
CastHour,口カラ凸ゲキ,0,,-,0,,-,1272,PATG3N,ニュージーランド,2302,MA25DX,ニュージーランド,0,,-
CastHour,天邪鬼,398,O0*19!,ニュージーランド,937,O0*19!,ニュージーランド,1677,N,ニュージーランド,3131,DONK,ニュージーランド,0,,-
CastHour,怪物,348,0721,ニュージーランド,749,0721,ニュージーランド,1115,RUINS1,ニュージーランド,2396,POLNIA,ニュージーランド,3275,POLNIA,ニュージーランド
CastHour,愛しくてラヴィンユー ft. マナ,0,,-,745,O0*19!,ニュージーランド,1051,NEXTNE,ニュージーランド,2325,YOR*TN,ニュージーランド,0,,-
CastHour,月とミルク,0,,-,951,O0*19!,ニュージーランド,1497,OKT,ニュージーランド,2783,POLNIA,ニュージーランド,0,,-
CastHour,烽火連天の刃,0,,-,1052,O0*19!,ニュージーランド,1907,O.HARE,ニュージーランド,3089,YOR*TN,ニュージーランド,4141,POLNIA,ニュージーランド
CastHour,禊,0,,-,1008,ZAMDIN,ニュージーランド,2116,GON,ニュージーランド,3167,POLNIA,ニュージーランド,0,,-
CastHour,逆月,0,,-,1368,HN,ニュージーランド,2135,DMIL,ニュージーランド,3740,POLNIA,ニュージーランド,0,,-
CastHour,雪上断火,0,,-,922,O0*19!,ニュージーランド,1748,N,ニュージーランド,2882,POLNIA,ニュージーランド,0,,-
CastHour,青の洞窟,0,,-,857,O0*19!,ニュージーランド,1451,KANAN,ニュージーランド,3138,POLNIA,ニュージーランド,0,,-
CastHour,黒紅掬い,0,,-,609,O0*19!,ニュージーランド,1119,JENKNS,ニュージーランド,1781,YOR*TN,ニュージーランド,0,,-
RESIDENT,#CMFLG,0,,-,1106,O0*19!,ニュージーランド,2136,BERRY!,ニュージーランド,3209,IIDX17,ニュージーランド,0,,-
RESIDENT,24h Endurance Race,0,,-,944,O0*19!,ニュージーランド,1820,DMIL,ニュージーランド,3051,!DK,ニュージーランド,0,,-
RESIDENT,3V0,0,,-,998,O0*19!,ニュージーランド,1513,PATG3N,ニュージーランド,2866,KCM,ニュージーランド,0,,-
RESIDENT,7 Colors,0,,-,483,ZAKI3,ニュージーランド,1068,ZAKI3,ニュージーランド,1908,KCM,ニュージーランド,0,,-
RESIDENT,Always We Trust In You,0,,-,1106,O0*19!,ニュージーランド,1654,O0*19!,ニュージーランド,2841,GUEST.,ニュージーランド,0,,-
RESIDENT,Ambush Ace,0,,-,994,O0*19!,ニュージーランド,1925,O0*19!,ニュージーランド,2853,MA25DX,ニュージーランド,0,,-
RESIDENT,AWA AWA,0,,-,750,O0*19!,ニュージーランド,1266,OKASAN,ニュージーランド,2260,DONK,ニュージーランド,0,,-
RESIDENT,B.O.D.Y.,0,,-,997,O0*19!,ニュージーランド,1990,BERRY!,ニュージーランド,3198,KCM,ニュージーランド,0,,-
RESIDENT,Bad Encryption,0,,-,773,VAIL,ニュージーランド,1809,123456,ニュージーランド,3104,POLNIA,ニュージーランド,0,,-
RESIDENT,Beyond Evolution,0,,-,848,ZEPLIC,ニュージーランド,2565,POLNIA,ニュージーランド,4039,POLNIA,ニュージーランド,0,,-
RESIDENT,BIGWAVERS,0,,-,1077,BERRY!,ニュージーランド,1637,O.HARE,ニュージーランド,3305,!DK,ニュージーランド,0,,-
RESIDENT,C-C-C-N-N-N,0,,-,818,O0*19!,ニュージーランド,1660,BERRY!,ニュージーランド,2684,KCM,ニュージーランド,0,,-
RESIDENT,Caldwell 99,0,,-,955,O0*19!,ニュージーランド,1717,O0*19!,ニュージーランド,2405,RRRR,ニュージーランド,3268,POLNIA,ニュージーランド
RESIDENT,Chaotoxin,0,,-,1135,O0*19!,ニュージーランド,1342,PATG3N,ニュージーランド,3069,MA25DX,ニュージーランド,0,,-
RESIDENT,CODE -CRiMSON-,0,,-,1207,O0*19!,ニュージーランド,1717,O0*19!,ニュージーランド,2958,POLNIA,ニュージーランド,0,,-
RESIDENT,CUE CUE RESCUE,523,O0*19!,ニュージーランド,1089,BERRY!,ニュージーランド,1594,DMIL,ニュージーランド,2482,DONK,ニュージーランド,2955,DONK,ニュージーランド
RESIDENT,dica dica,0,,-,1109,O0*19!,ニュージーランド,2395,POLNIA,ニュージーランド,3115,POLNIA,ニュージーランド,0,,-
RESIDENT,Dreaming Dream,0,,-,833,0721,ニュージーランド,1379,0721,ニュージーランド,2155,GUEST.,ニュージーランド,0,,-
RESIDENT,Driver,0,,-,818,O0*19!,ニュージーランド,1213,O.HARE,ニュージーランド,1662,K4SEN,ニュージーランド,0,,-
RESIDENT,EXODUS SIGN,0,,-,1139,O0*19!,ニュージーランド,1502,DEJIKO,ニュージーランド,2494,SPECTR,ニュージーランド,0,,-
RESIDENT,Fading Stars,0,,-,1025,O0*19!,ニュージーランド,1487,RDDG,ニュージーランド,2577,MA25DX,ニュージーランド,0,,-
RESIDENT,FLARE -炎舞- ft.Nana Takahashi,0,,-,1069,O0*19!,ニュージーランド,1723,BERRY!,ニュージーランド,2766,YOR*TN,ニュージーランド,0,,-
RESIDENT,Get On Your Feet,0,,-,728,REECHE,ニュージーランド,1517,PATG3N,ニュージーランド,2462,AKI8MA,ニュージーランド,0,,-
RESIDENT,GET UP AGAIN,0,,-,1056,BERRY!,ニュージーランド,1544,O0*19!,ニュージーランド,2337,YOR*TN,ニュージーランド,0,,-
RESIDENT,glacia,0,,-,1145,O0*19!,ニュージーランド,2040,BERRY!,ニュージーランド,2932,POLNIA,ニュージーランド,0,,-
RESIDENT,Hat Surprise (Season 2),0,,-,950,O0*19!,ニュージーランド,1756,BERRY!,ニュージーランド,3168,MA25DX,ニュージーランド,0,,-
RESIDENT,I,0,,-,1134,O0*19!,ニュージーランド,2145,IIDX17,ニュージーランド,3651,POLNIA,ニュージーランド,0,,-
RESIDENT,KING,423,O0*19!,ニュージーランド,896,ZAMDIN,ニュージーランド,1918,YOR*TN,ニュージーランド,3078,POLNIA,ニュージーランド,3646,GUEST.,ニュージーランド
RESIDENT,kors k's How to make OTOGE CORE 「LONG」,0,,-,1146,BERRY!,ニュージーランド,2201,33SA3,ニュージーランド,3312,KCM,ニュージーランド,0,,-
RESIDENT,LADS,0,,-,863,O0*19!,ニュージーランド,1572,BERRY!,ニュージーランド,2179,MOLFOI,ニュージーランド,0,,-
RESIDENT,Level 4,0,,-,1135,O0*19!,ニュージーランド,1927,YOR*TN,ニュージーランド,3320,POLNIA,ニュージーランド,0,,-
RESIDENT,LOUDER ROLLING THUNDER,0,,-,1008,O0*19!,ニュージーランド,1735,O0*19!,ニュージーランド,3147,KCM,ニュージーランド,0,,-
RESIDENT,MAX 360,0,,-,1159,ZAMDIN,ニュージーランド,2124,GUEST.,ニュージーランド,2861,IIDX17,ニュージーランド,0,,-
RESIDENT,Meissa,0,,-,878,O0*19!,ニュージーランド,1267,JENKNS,ニュージーランド,2660,IIDX17,ニュージーランド,0,,-
RESIDENT,Next Level,0,,-,896,O0*19!,ニュージーランド,1555,BERRY!,ニュージーランド,2031,33SA3,ニュージーランド,0,,-
RESIDENT,No Border,0,,-,1093,O0*19!,ニュージーランド,1854,DMIL,ニュージーランド,3509,MA25DX,ニュージーランド,0,,-
RESIDENT,ONE AND ONLY,0,,-,1089,BERRY!,ニュージーランド,1676,N,ニュージーランド,2893,!DK,ニュージーランド,0,,-
RESIDENT,Ou Legends,0,,-,1092,O0*19!,ニュージーランド,1925,33SA3,ニュージーランド,3005,!DK,ニュージーランド,0,,-
RESIDENT,OVER VOLTAGE,0,,-,1017,O0*19!,ニュージーランド,1581,2,ニュージーランド,2420,GUEST.,ニュージーランド,0,,-
RESIDENT,Peaktime Booster,0,,-,897,YODO.,ニュージーランド,1791,N,ニュージーランド,2804,MA25DX,ニュージーランド,0,,-
RESIDENT,Perfect Plan,0,,-,1047,O0*19!,ニュージーランド,1657,BERRY!,ニュージーランド,2272,0721,ニュージーランド,0,,-
RESIDENT,Programmed Genom,0,,-,1066,O0*19!,ニュージーランド,1266,PATG3N,ニュージーランド,2315,MA25DX,ニュージーランド,0,,-
RESIDENT,Red Soul,0,,-,996,O0*19!,ニュージーランド,1625,N,ニュージーランド,2630,GUEST.,ニュージーランド,0,,-
RESIDENT,Rewind Time,0,,-,638,RUINS1,ニュージーランド,912,REDDRO,ニュージーランド,2111,YOR*TN,ニュージーランド,0,,-
RESIDENT,RINNE,0,,-,1096,O0*19!,ニュージーランド,2250,123456,ニュージーランド,3196,PHUBER,ニュージーランド,0,,-
RESIDENT,Ruler or Loser,0,,-,945,O0*19!,ニュージーランド,1633,YOR*TN,ニュージーランド,2510,MA25DX,ニュージーランド,0,,-
RESIDENT,Seraph,0,,-,925,O0*19!,ニュージーランド,1433,PATG3N,ニュージーランド,2406,IIDX33,ニュージーランド,0,,-
RESIDENT,Shadow World,0,,-,981,0721,ニュージーランド,1521,TAKA84,ニュージーランド,2700,POLNIA,ニュージーランド,0,,-
RESIDENT,Shamshir,0,,-,990,O0*19!,ニュージーランド,1231,O0*19!,ニュージーランド,2054,IIDX33,ニュージーランド,0,,-
RESIDENT,Somnidiscotheque,0,,-,1139,O0*19!,ニュージーランド,1683,AN2.,ニュージーランド,3163,POLNIA,ニュージーランド,0,,-
RESIDENT,STAR BEAT,0,,-,701,RUINS1,ニュージーランド,1635,BERRY!,ニュージーランド,2155,0721,ニュージーランド,0,,-
RESIDENT,STRAIGHT TO THE STARS,0,,-,952,O0*19!,ニュージーランド,1437,MERK,ニュージーランド,2758,WOOD99,ニュージーランド,0,,-
RESIDENT,Stylus,0,,-,1131,O0*19!,ニュージーランド,1441,F2D,ニュージーランド,2673,GUEST.,ニュージーランド,0,,-
RESIDENT,Summerblue,329,JENKNS,ニュージーランド,1050,O0*19!,ニュージーランド,1490,RDDG,ニュージーランド,2378,POLNIA,ニュージーランド,0,,-
RESIDENT,Sunny Day Vibes,0,,-,920,O0*19!,ニュージーランド,1443,RDDG,ニュージーランド,2217,POLNIA,ニュージーランド,0,,-
RESIDENT,Super Freak,0,,-,1074,BERRY!,ニュージーランド,1713,BERRY!,ニュージーランド,3397,POLNIA,ニュージーランド,0,,-
RESIDENT,suspicions,0,,-,1115,O0*19!,ニュージーランド,2190,GUEST.,ニュージーランド,3494,!DK,ニュージーランド,0,,-
RESIDENT,Swing My Wonderland,0,,-,1192,O0*19!,ニュージーランド,0,,-,2899,GUEST.,ニュージーランド,0,,-
RESIDENT,TECHNOPHOBIA,0,,-,776,O0*19!,ニュージーランド,1628,YOR*TN,ニュージーランド,2896,POLNIA,ニュージーランド,0,,-
RESIDENT,The Clown of 24stairs,0,,-,975,O0*19!,ニュージーランド,1882,N,ニュージーランド,3365,POLNIA,ニュージーランド,0,,-
RESIDENT,THE TIME MACHINE,0,,-,1026,BERRY!,ニュージーランド,1640,DMIL,ニュージーランド,2505,GUEST.,ニュージーランド,0,,-
RESIDENT,VOID,0,,-,1168,BERRY!,ニュージーランド,1684,33SA3,ニュージーランド,2954,KCM,ニュージーランド,0,,-
RESIDENT,VOLAQUAS,0,,-,1259,ZAMDIN,ニュージーランド,2057,33SA3,ニュージーランド,3807,POLNIA,ニュージーランド,0,,-
RESIDENT,VOLCANIC BIGBEAT,0,,-,1014,ZAMDIN,ニュージーランド,1628,O0*19!,ニュージーランド,2583,GUEST.,ニュージーランド,0,,-
RESIDENT,"wanna be a ""BAD GIRL"" feat. Nana Takahashi",0,,-,782,0721,ニュージーランド,1201,JENKNS,ニュージーランド,1996,MA25DX,ニュージーランド,0,,-
RESIDENT,With You,0,,-,766,O0*19!,ニュージーランド,1380,PATG3N,ニュージーランド,2401,KCM,ニュージーランド,0,,-
RESIDENT,Xerulean,0,,-,1138,JENKNS,ニュージーランド,1879,BERRY!,ニュージーランド,3064,KCM,ニュージーランド,0,,-
RESIDENT,ZENITH,0,,-,1061,O0*19!,ニュージーランド,1859,0721,ニュージーランド,2763,GUEST.,ニュージーランド,0,,-
RESIDENT,[ ]DENTITY,0,,-,1110,O0*19!,ニュージーランド,1955,BERRY!,ニュージーランド,3738,POLNIA,ニュージーランド,0,,-
RESIDENT,≡+≡,564,O0*19!,ニュージーランド,1324,BERRY!,ニュージーランド,2056,0721,ニュージーランド,3014,POLNIA,ニュージーランド,4495,POLNIA,ニュージーランド
RESIDENT,■□模様,0,,-,923,O0*19!,ニュージーランド,1223,IHE,ニュージーランド,2292,MYGO!!,ニュージーランド,0,,-
RESIDENT,《ORDERBREAKER》,0,,-,963,O0*19!,ニュージーランド,1480,O0*19!,ニュージーランド,2275,GUEST.,ニュージーランド,0,,-
RESIDENT,あるビー！ feat.ころねぽち,0,,-,485,VAIL,ニュージーランド,1590,AALI-Z,ニュージーランド,2802,POLNIA,ニュージーランド,0,,-
RESIDENT,おとせサンダー,0,,-,487,NSH***,ニュージーランド,1199,0721,ニュージーランド,2114,YOR*TN,ニュージーランド,0,,-
RESIDENT,きゅんです。,0,,-,703,O0*19!,ニュージーランド,1252,ZAKI3,ニュージーランド,2317,DONK,ニュージーランド,0,,-
RESIDENT,ぞうしょく！？マイデンティティ,0,,-,1216,O0*19!,ニュージーランド,1817,DEJIKO,ニュージーランド,3271,PHUBER,ニュージーランド,0,,-
RESIDENT,ちょえちょえまぎか,0,,-,1188,BERRY!,ニュージーランド,2079,873UME,ニュージーランド,3035,POLNIA,ニュージーランド,3904,KCM,ニュージーランド
RESIDENT,サヨナラ・ヘヴン-Celtic Chip Dance Mix-,0,,-,683,VIVLAN,ニュージーランド,1429,BERRY!,ニュージーランド,2441,GUEST.,ニュージーランド,0,,-
RESIDENT,チェイスチェイスジョーカーズのうた (オニスタイルリミックス),0,,-,895,O0*19!,ニュージーランド,1597,O0*19!,ニュージーランド,2674,IIDX17,ニュージーランド,0,,-
RESIDENT,パーフェクトイーター,0,,-,1036,O0*19!,ニュージーランド,1972,BERRY!,ニュージーランド,2824,GUEST.,ニュージーランド,0,,-
RESIDENT,儚キ戀ノ幻想譚,571,O0*19!,ニュージーランド,1527,TAKA84,ニュージーランド,2110,BERRY!,ニュージーランド,3525,POLNIA,ニュージーランド,0,,-
RESIDENT,少年リップルズ,0,,-,705,VIVLAN,ニュージーランド,1652,O0*19!,ニュージーランド,2379,DONK,ニュージーランド,0,,-
RESIDENT,恋愛＝精度×認識力,0,,-,1477,BERRY!,ニュージーランド,2188,GUEST.,ニュージーランド,3377,POLNIA,ニュージーランド,0,,-
RESIDENT,惑星☆ロリポップ,0,,-,786,0721,ニュージーランド,1511,0721,ニュージーランド,2761,POLNIA,ニュージーランド,0,,-
RESIDENT,昏き甲鉄のヴェルガ,0,,-,748,DJ.3D,ニュージーランド,1623,0721,ニュージーランド,2325,IIDX33,ニュージーランド,0,,-
RESIDENT,月と夢の跡 ft. マナ,0,,-,931,O0*19!,ニュージーランド,1308,ZAKI3,ニュージーランド,2450,KCM,ニュージーランド,0,,-
RESIDENT,栄冠のカンパネラ,0,,-,1171,RUINS1,ニュージーランド,2087,N,ニュージーランド,3878,POLNIA,ニュージーランド,0,,-
RESIDENT,楽園追放,0,,-,846,O0*19!,ニュージーランド,1491,BERRY!,ニュージーランド,2293,IIDX33,ニュージーランド,0,,-
RESIDENT,湘南ロンリーMIDNIGHT RAIN,0,,-,947,O0*19!,ニュージーランド,0,,-,2853,POLNIA,ニュージーランド,0,,-
RESIDENT,異心前進♪ぴょんぴょんぴょん,0,,-,1073,ZAMDIN,ニュージーランド,1573,O0*19!,ニュージーランド,2497,POLNIA,ニュージーランド,0,,-
RESIDENT,真夜中のバベル,0,,-,686,O0*19!,ニュージーランド,989,-0.2,ニュージーランド,1693,MA25DX,ニュージーランド,0,,-
RESIDENT,神っぽいな,349,O0*19!,ニュージーランド,719,O0*19!,ニュージーランド,1337,O0*19!,ニュージーランド,2070,MA25DX,ニュージーランド,2966,POLNIA,ニュージーランド
RESIDENT,神のシナリオ,0,,-,1107,O0*19!,ニュージーランド,1545,2,ニュージーランド,3049,MA25DX,ニュージーランド,0,,-
RESIDENT,罪過の聖堂,0,,-,606,O0*19!,ニュージーランド,1226,DMIL,ニュージーランド,1987,POLNIA,ニュージーランド,0,,-
RESIDENT,輪廻の鴉,0,,-,979,O0*19!,ニュージーランド,1424,PATG3N,ニュージーランド,2756,POLNIA,ニュージーランド,0,,-
RESIDENT,雨のちパノラマセカイ,0,,-,723,2,ニュージーランド,1398,0721,ニュージーランド,2088,BERRY!,ニュージーランド,0,,-
RESIDENT,響花水月,0,,-,1085,O0*19!,ニュージーランド,1568,ZENNAN,ニュージーランド,2742,GUEST.,ニュージーランド,0,,-
EPOLIS,20XX,0,,-,0,,-,1456,ZENNAN,ニュージーランド,2600,MA25DX,ニュージーランド,0,,-
EPOLIS,ACT0,0,,-,987,ZAKI3,ニュージーランド,2097,GUEST.,ニュージーランド,2694,GUEST.,ニュージーランド,0,,-
EPOLIS,Aeterna,0,,-,605,ZAKI3,ニュージーランド,1465,ZAKI3,ニュージーランド,2476,YOR*TN,ニュージーランド,0,,-
EPOLIS,Akatsuki,0,,-,743,ZENNAN,ニュージーランド,1423,ZAKI3,ニュージーランド,2250,YOR*TN,ニュージーランド,0,,-
EPOLIS,Ambivalent Vermilia,0,,-,1403,O0*19!,ニュージーランド,2300,GUEST.,ニュージーランド,4087,POLNIA,ニュージーランド,0,,-
EPOLIS,Amethyst,0,,-,1222,BERRY!,ニュージーランド,1750,DMIL,ニュージーランド,2580,POLNIA,ニュージーランド,0,,-
EPOLIS,Bitter & Lucky,0,,-,703,GRAND,ニュージーランド,967,AWEG,ニュージーランド,2103,O0*19!,ニュージーランド,0,,-
EPOLIS,BLAZING_LAZER,0,,-,1120,HN,ニュージーランド,2046,GUEST.,ニュージーランド,3141,PHUBER,ニュージーランド,0,,-
EPOLIS,CADENZA,0,,-,1050,VAIL,ニュージーランド,2419,GUEST.,ニュージーランド,4128,MA25DX,ニュージーランド,0,,-
EPOLIS,Chemical Colours,0,,-,738,SCRLET,ニュージーランド,1595,ZENNAN,ニュージーランド,2724,KCM,ニュージーランド,0,,-
EPOLIS,CODE:2,0,,-,1031,LL1H,ニュージーランド,1692,BERRY!,ニュージーランド,2771,123456,ニュージーランド,0,,-
EPOLIS,COUNTING SHEEP ft. Kanae Asaba,0,,-,675,KNOK7I,ニュージーランド,1272,BERRY!,ニュージーランド,2161,KCM,ニュージーランド,0,,-
EPOLIS,Cult Invitation,0,,-,0,,-,1833,123456,ニュージーランド,3327,POLNIA,ニュージーランド,0,,-
EPOLIS,Dahlia,0,,-,703,REDDRO,ニュージーランド,2015,GUEST.,ニュージーランド,2893,YOR*TN,ニュージーランド,0,,-
EPOLIS,DAZZLE ATTACK,517,O0*19!,ニュージーランド,944,BERRY!,ニュージーランド,1544,MARU-Q,ニュージーランド,2741,GUEST.,ニュージーランド,0,,-
EPOLIS,Deep Sea Mystery,0,,-,625,Z-STAR,ニュージーランド,1214,PATG3N,ニュージーランド,1953,POLNIA,ニュージーランド,0,,-
EPOLIS,Demon March,0,,-,0,,-,2266,GUEST.,ニュージーランド,3630,POLNIA,ニュージーランド,0,,-
EPOLIS,Echoes of Sunfall,0,,-,985,BERRY!,ニュージーランド,1442,PATG3N,ニュージーランド,2710,33SA3,ニュージーランド,0,,-
EPOLIS,frequent,0,,-,910,SPCTRE,ニュージーランド,2255,GUEST.,ニュージーランド,3507,YOR*TN,ニュージーランド,0,,-
EPOLIS,GAME ON,0,,-,1262,BERRY!,ニュージーランド,2058,873UME,ニュージーランド,2520,KCM,ニュージーランド,0,,-
EPOLIS,Get Higher,0,,-,621,DENJIN,ニュージーランド,1388,PATG3N,ニュージーランド,2216,GUEST.,ニュージーランド,0,,-
EPOLIS,Get Wicked,0,,-,679,ZENNAN,ニュージーランド,1205,!?,ニュージーランド,2353,33SA3,ニュージーランド,0,,-
EPOLIS,Ghost Pulse,0,,-,960,LL1H,ニュージーランド,1602,BERRY!,ニュージーランド,2589,DONK,ニュージーランド,0,,-
EPOLIS,Glitch N Ride,0,,-,842,O0*19!,ニュージーランド,1450,BERRY!,ニュージーランド,2479,KCM,ニュージーランド,0,,-
EPOLIS,GloriosA,0,,-,799,MINT.,ニュージーランド,1674,O0*19!,ニュージーランド,2682,AKI8MA,ニュージーランド,0,,-
EPOLIS,GLORIOUS HAMMER,0,,-,927,RUINS1,ニュージーランド,1468,PATG3N,ニュージーランド,2991,KCM,ニュージーランド,0,,-
EPOLIS,Hard Breaker,0,,-,456,VAIL,ニュージーランド,1258,PREACH,ニュージーランド,2330,33SA3,ニュージーランド,0,,-
EPOLIS,Hat Surprise (Season 3),0,,-,684,ZENNAN,ニュージーランド,2092,GUEST.,ニュージーランド,2560,YOR*TN,ニュージーランド,0,,-
EPOLIS,i-ii,0,,-,0,,-,1340,RDDG,ニュージーランド,2458,N,ニュージーランド,0,,-
EPOLIS,INHERITANCE,0,,-,650,VAIL,ニュージーランド,1571,DEJIKO,ニュージーランド,2563,33SA3,ニュージーランド,3240,KCM,ニュージーランド
EPOLIS,Iris,416,0721,ニュージーランド,842,0721,ニュージーランド,1374,F2D,ニュージーランド,2204,DONK,ニュージーランド,0,,-
EPOLIS,Jumper,0,,-,697,SAN,ニュージーランド,982,VAIL,ニュージーランド,2268,123456,ニュージーランド,0,,-
EPOLIS,Just Gimme,0,,-,663,KWKN,ニュージーランド,1658,BERRY!,ニュージーランド,2607,KCM,ニュージーランド,0,,-
EPOLIS,JUSTICE/GUILTY feat. Nana Takahashi & 709sec.,0,,-,0,,-,2407,GUEST.,ニュージーランド,3713,IIDX33,ニュージーランド,0,,-
EPOLIS,Level 5,0,,-,939,MINT.,ニュージーランド,2217,ABCDEF,ニュージーランド,3299,POLNIA,ニュージーランド,0,,-
EPOLIS,MAXIMUM CHEAT GIRL,0,,-,853,X.COM,ニュージーランド,2116,GUEST.,ニュージーランド,3281,KCM,ニュージーランド,0,,-
EPOLIS,Million Dollar,0,,-,0,,-,1953,GUEST.,ニュージーランド,3153,IIDX17,ニュージーランド,0,,-
EPOLIS,Monkey Business,0,,-,661,O0*19!,ニュージーランド,1521,DMIL,ニュージーランド,2477,KCM,ニュージーランド,0,,-
EPOLIS,Mukade,0,,-,633,VAIL,ニュージーランド,1798,N,ニュージーランド,3191,POLNIA,ニュージーランド,0,,-
EPOLIS,My Sweet Bird?,0,,-,0,,-,955,REDDRO,ニュージーランド,2099,YOR*TN,ニュージーランド,0,,-
EPOLIS,NEEDLESS MY LOVE FOR YOU,0,,-,989,0721,ニュージーランド,1643,0721,ニュージーランド,2427,DONK,ニュージーランド,0,,-
EPOLIS,Out of Control,0,,-,1126,O0*19!,ニュージーランド,2162,GUEST.,ニュージーランド,2916,KCM,ニュージーランド,0,,-
EPOLIS,out of disk space,0,,-,596,VAIL,ニュージーランド,1683,MERK,ニュージーランド,2458,GUEST.,ニュージーランド,0,,-
EPOLIS,PILGRIM,0,,-,732,REECHE,ニュージーランド,1461,HN,ニュージーランド,2603,!DK,ニュージーランド,0,,-
EPOLIS,Psychedelic Intelligence,0,,-,0,,-,1472,PATG3N,ニュージーランド,1626,SHAO,ニュージーランド,0,,-
EPOLIS,Red Determination,0,,-,547,ZENNAN,ニュージーランド,1411,O0*19!,ニュージーランド,2283,KUI,ニュージーランド,0,,-
EPOLIS,Resonant,0,,-,890,BESVAL,ニュージーランド,2305,IIDX33,ニュージーランド,3282,MA25DX,ニュージーランド,0,,-
EPOLIS,Riff//rain,212,0721,ニュージーランド,735,0721,ニュージーランド,1270,0721,ニュージーランド,1792,YOR*TN,ニュージーランド,0,,-
EPOLIS,See You Again,0,,-,0,,-,1529,F2D,ニュージーランド,2972,GUEST.,ニュージーランド,0,,-
EPOLIS,Seven Times Four,0,,-,778,Z-STAR,ニュージーランド,1686,O0*19!,ニュージーランド,3416,POLNIA,ニュージーランド,0,,-
EPOLIS,Shapeshifter,0,,-,873,ILLIA,ニュージーランド,1501,O0*19!,ニュージーランド,2518,POLNIA,ニュージーランド,0,,-
EPOLIS,Sirius,0,,-,990,BERRY!,ニュージーランド,1531,O0*19!,ニュージーランド,3056,KCM,ニュージーランド,0,,-
EPOLIS,So What,0,,-,486,GRAND,ニュージーランド,794,VAIL,ニュージーランド,1779,YOR*TN,ニュージーランド,0,,-
EPOLIS,SOLAR ECLIPSE,0,,-,1372,BERRY!,ニュージーランド,2277,GUEST.,ニュージーランド,3497,POLNIA,ニュージーランド,0,,-
EPOLIS,Speculation,0,,-,623,00Z#,ニュージーランド,1681,BERRY!,ニュージーランド,2810,GUEST.,ニュージーランド,0,,-
EPOLIS,squall,0,,-,960,LL1H,ニュージーランド,1696,BERRY!,ニュージーランド,2484,MA25DX,ニュージーランド,0,,-
EPOLIS,Stereo Beasts,0,,-,1017,KWKN,ニュージーランド,2447,GUEST.,ニュージーランド,3647,POLNIA,ニュージーランド,0,,-
EPOLIS,Submerge Serenade,0,,-,728,VAIL,ニュージーランド,1691,DMIL,ニュージーランド,2771,KCM,ニュージーランド,3771,KCM,ニュージーランド
EPOLIS,Sword of Vengeance,0,,-,1341,BERRY!,ニュージーランド,2084,GUEST.,ニュージーランド,3008,GUEST.,ニュージーランド,0,,-
EPOLIS,T.R.O.L.L.,0,,-,936,BERRY!,ニュージーランド,1504,DMIL,ニュージーランド,2431,KCM,ニュージーランド,0,,-
EPOLIS,The Last Apocalypse,0,,-,779,REDDRO,ニュージーランド,2416,GUEST.,ニュージーランド,3635,POLNIA,ニュージーランド,0,,-
EPOLIS,The Onlyonez,0,,-,642,VAIL,ニュージーランド,1703,N,ニュージーランド,3054,POLNIA,ニュージーランド,0,,-
EPOLIS,This Is Club Musik feat. 大久保紅葉,0,,-,1038,BERRY!,ニュージーランド,1237,ZENNAN,ニュージーランド,2374,33SA3,ニュージーランド,0,,-
EPOLIS,Time Distortion pt.2(IIDX Edit),0,,-,1020,MXP-GX,ニュージーランド,1858,DMIL,ニュージーランド,2790,GUEST.,ニュージーランド,0,,-
EPOLIS,TITANIUM RIDERS,0,,-,457,ALEX,ニュージーランド,1450,BERRY!,ニュージーランド,2025,123456,ニュージーランド,0,,-
EPOLIS,Too Late Snow,0,,-,588,KENTO,ニュージーランド,1285,JENKNS,ニュージーランド,1962,MA25DX,ニュージーランド,0,,-
EPOLIS,TRIP THE DEEP,0,,-,854,RUINS1,ニュージーランド,1517,DMIL,ニュージーランド,2393,KCM,ニュージーランド,0,,-
EPOLIS,Tripping Jumping,0,,-,770,JENKNS,ニュージーランド,1348,ZAMDIN,ニュージーランド,2215,POLNIA,ニュージーランド,0,,-
EPOLIS,Vermilion Carol,0,,-,942,QRSPY,ニュージーランド,2162,GUEST.,ニュージーランド,3292,MA25DX,ニュージーランド,0,,-
EPOLIS,Vulnerability,0,,-,1263,O0*19!,ニュージーランド,1839,O0*19!,ニュージーランド,3373,KCM,ニュージーランド,0,,-
EPOLIS,WaterCube Pf.(RX-Ver.S.P.L.),0,,-,402,GRAND,ニュージーランド,0,,-,2063,KCM,ニュージーランド,0,,-
EPOLIS,winkle 2 winkle,0,,-,891,JIMJI,ニュージーランド,1760,BERRY!,ニュージーランド,2679,IIDX17,ニュージーランド,0,,-
EPOLIS,Xb10r,0,,-,1128,O0*19!,ニュージーランド,2266,GUEST.,ニュージーランド,3562,POLNIA,ニュージーランド,0,,-
EPOLIS,ZEROIN ON THE LIGHT,0,,-,607,VAIL,ニュージーランド,1667,0721,ニュージーランド,2590,KCM,ニュージーランド,0,,-
EPOLIS,《PL|RAYER》,0,,-,739,RUINS1,ニュージーランド,1447,PATG3N,ニュージーランド,2688,IIDX17,ニュージーランド,0,,-
EPOLIS,ちゅ、多様性。,220,0721,ニュージーランド,528,0721,ニュージーランド,1116,0721,ニュージーランド,1871,YOR*TN,ニュージーランド,2201,YOR*TN,ニュージーランド
EPOLIS,ないないルーティン,0,,-,537,RUINS1,ニュージーランド,1322,BERRY!,ニュージーランド,1855,K4SEN,ニュージーランド,0,,-
EPOLIS,めうめうぺったんたん！！ (ZAQUVA Remix),0,,-,993,O0*19!,ニュージーランド,1705,2,ニュージーランド,2744,POLNIA,ニュージーランド,0,,-
EPOLIS,れとりば！,0,,-,861,0721,ニュージーランド,1328,0721,ニュージーランド,2025,YOR*TN,ニュージーランド,0,,-
EPOLIS,アイドル,281,0721,ニュージーランド,767,NYU,ニュージーランド,1299,F2D,ニュージーランド,2549,DONK,ニュージーランド,3039,GUEST.,ニュージーランド
EPOLIS,アタシ完全絶対正義ちゃん！,0,,-,679,Z-STAR,ニュージーランド,1056,AWEG,ニュージーランド,2064,N,ニュージーランド,0,,-
EPOLIS,シンデレラ,507,O0*19!,ニュージーランド,0,,-,1389,0721,ニュージーランド,2152,DONK,ニュージーランド,0,,-
EPOLIS,センチメンタル・サマー,0,,-,576,GRAND,ニュージーランド,833,ZENNAN,ニュージーランド,1959,MA25DX,ニュージーランド,0,,-
EPOLIS,デビルじゃないもん,326,O0*19!,ニュージーランド,580,KUNNI.,ニュージーランド,1341,DMIL,ニュージーランド,2015,33SA3,ニュージーランド,0,,-
EPOLIS,フォニイ,614,O0*19!,ニュージーランド,1170,O0*19!,ニュージーランド,1959,YOR*TN,ニュージーランド,2883,POLNIA,ニュージーランド,3932,POLNIA,ニュージーランド
EPOLIS,ポラリスノウタ,291,OKASAN,ニュージーランド,801,O0*19!,ニュージーランド,1455,RDDG,ニュージーランド,2266,POLNIA,ニュージーランド,0,,-
EPOLIS,マーシャル・マキシマイザー,398,O0*19!,ニュージーランド,734,PEACHY,ニュージーランド,1368,ASHRGD,ニュージーランド,2149,POLNIA,ニュージーランド,0,,-
EPOLIS,ラビットホール,685,KNOK7I,ニュージーランド,1313,BERRY!,ニュージーランド,2057,123456,ニュージーランド,2922,POLNIA,ニュージーランド,0,,-
EPOLIS,リメンバーリメンバー,0,,-,512,0721,ニュージーランド,916,O0*19!,ニュージーランド,1643,N,ニュージーランド,0,,-
EPOLIS,今宵、ロマンス横丁。,0,,-,0,,-,2136,GUEST.,ニュージーランド,3247,POLNIA,ニュージーランド,0,,-
EPOLIS,勇者,354,O0*19!,ニュージーランド,634,DOOF,ニュージーランド,1328,PRIUS7,ニュージーランド,2413,MA25DX,ニュージーランド,0,,-
EPOLIS,可愛くてごめん,286,0721,ニュージーランド,627,0721,ニュージーランド,1387,0721,ニュージーランド,2234,YOR*TN,ニュージーランド,2760,DONK,ニュージーランド
EPOLIS,唱,182,O0*19!,ニュージーランド,459,0721,ニュージーランド,966,ZAMDIN,ニュージーランド,1736,MA25DX,ニュージーランド,0,,-
EPOLIS,夏風邪デスコ,297,O0*19!,ニュージーランド,786,BERRY!,ニュージーランド,1422,RDDG,ニュージーランド,2531,123456,ニュージーランド,0,,-
EPOLIS,夢縁,0,,-,1035,ZAKI3,ニュージーランド,2040,GUEST.,ニュージーランド,2889,DONK,ニュージーランド,0,,-
EPOLIS,寝起きヤシの木,449,O0*19!,ニュージーランド,1042,ZAMDIN,ニュージーランド,1746,DMIL,ニュージーランド,2653,MA25DX,ニュージーランド,3487,POLNIA,ニュージーランド
EPOLIS,惑星鉄道,0,,-,955,ZAMDIN,ニュージーランド,1925,POLNIA,ニュージーランド,2864,POLNIA,ニュージーランド,0,,-
EPOLIS,愛包ダンスホール,353,0721,ニュージーランド,906,O0*19!,ニュージーランド,1365,0721,ニュージーランド,2579,POLNIA,ニュージーランド,0,,-
EPOLIS,摩天楼,0,,-,628,JENKNS,ニュージーランド,1401,DMIL,ニュージーランド,2384,!DK,ニュージーランド,0,,-
EPOLIS,未完成ノ蒸氣驅動乙女,0,,-,1066,BERRY!,ニュージーランド,2003,GUEST.,ニュージーランド,2690,MA25DX,ニュージーランド,0,,-
EPOLIS,果たせぬ約束 ft. 小林マナ,0,,-,1078,O0*19!,ニュージーランド,1891,0721,ニュージーランド,2871,MA25DX,ニュージーランド,0,,-
EPOLIS,残像ニ繋ガレタ追憶ノHIDEAWAY,0,,-,988,BESVAL,ニュージーランド,2243,GUEST.,ニュージーランド,3443,KCM,ニュージーランド,0,,-
EPOLIS,流桜ノ門,0,,-,0,,-,1388,PATG3N,ニュージーランド,2087,YOR*TN,ニュージーランド,0,,-
EPOLIS,"灼熱Beach Side Bunny (かめりあ's ""Summertime D'n'B"" Remix)",0,,-,1024,O0*19!,ニュージーランド,1759,123456,ニュージーランド,2765,INUSAN,ニュージーランド,0,,-
EPOLIS,神様、つれない。,0,,-,471,DJ.3D,ニュージーランド,1276,JENKNS,ニュージーランド,1988,873UME,ニュージーランド,0,,-
EPOLIS,終焔のClaudia,0,,-,1044,ZAMDIN,ニュージーランド,1842,33SA3,ニュージーランド,2527,PHUBER,ニュージーランド,0,,-
EPOLIS,酔いどれ知らず,265,O0*19!,ニュージーランド,744,JENKNS,ニュージーランド,1245,BERRY!,ニュージーランド,2221,POLNIA,ニュージーランド,0,,-
EPOLIS,閉塞的フレーション,0,,-,710,BEPSI,ニュージーランド,1576,0721,ニュージーランド,2392,IIDX33,ニュージーランド,0,,-
EPOLIS,雫,0,,-,799,RUINS1,ニュージーランド,1662,JENKNS,ニュージーランド,2506,ABCDEF,ニュージーランド,0,,-
EPOLIS,電光,0,,-,628,VAIL,ニュージーランド,1757,GUEST.,ニュージーランド,2747,BD86,ニュージーランド,0,,-
EPOLIS,電子になりたい,0,,-,771,LL1H,ニュージーランド,1258,DAVID,ニュージーランド,1952,MA25DX,ニュージーランド,0,,-
EPOLIS,電腦都市,0,,-,1325,BERRY!,ニュージーランド,2231,GUEST.,ニュージーランド,3266,POLNIA,ニュージーランド,0,,-
Pinky Crush,1116,0,,-,877,RUINS1,ニュージーランド,1904,GUEST.,ニュージーランド,3000,POLNIA,ニュージーランド,0,,-
Pinky Crush,ADAMANT,0,,-,1044,ZAMDIN,ニュージーランド,1627,JENKNS,ニュージーランド,2852,!DK,ニュージーランド,0,,-
Pinky Crush,Aqvion,0,,-,1090,ZAMDIN,ニュージーランド,1907,N,ニュージーランド,3281,KCM,ニュージーランド,0,,-
Pinky Crush,Arcanos,0,,-,647,O0*19!,ニュージーランド,787,IYORU,ニュージーランド,1902,BD86,ニュージーランド,0,,-
Pinky Crush,Bang-Boo Bumble,0,,-,0,,-,1755,DEJIKO,ニュージーランド,2836,GUEST.,ニュージーランド,0,,-
Pinky Crush,Bling-Bang-Bang-Born,332,0721,ニュージーランド,417,SAN,ニュージーランド,1094,KELP,ニュージーランド,1894,DONK,ニュージーランド,2007,KCM,ニュージーランド
Pinky Crush,Bring The Fire,0,,-,792,DENJIN,ニュージーランド,1580,DEJIKO,ニュージーランド,3133,MA25DX,ニュージーランド,0,,-
Pinky Crush,Butterfly Twist,0,,-,866,RUINS1,ニュージーランド,1351,PATG3N,ニュージーランド,2632,KCM,ニュージーランド,0,,-
Pinky Crush,CHAOTIC SUNBIRD,0,,-,775,ZENNAN,ニュージーランド,1373,RDDG,ニュージーランド,2993,GUEST.,ニュージーランド,0,,-
Pinky Crush,Chasing After YOU ～夢の欠片～ ft. 小林マナ,0,,-,0,,-,995,STESTR,ニュージーランド,1977,DONK,ニュージーランド,0,,-
Pinky Crush,Constellation,0,,-,916,BERRY!,ニュージーランド,1685,DMIL,ニュージーランド,2725,KCM,ニュージーランド,0,,-
Pinky Crush,COSMIC V3LOCITY,0,,-,1063,RUINS1,ニュージーランド,2239,GUEST.,ニュージーランド,3329,POLNIA,ニュージーランド,0,,-
Pinky Crush,Cross Fire,0,,-,633,X.COM,ニュージーランド,2125,GUEST.,ニュージーランド,3014,!DK,ニュージーランド,0,,-
Pinky Crush,destination,0,,-,682,ZENNAN,ニュージーランド,2201,GUEST.,ニュージーランド,3043,GUEST.,ニュージーランド,0,,-
Pinky Crush,Digital Radiance,0,,-,927,ZAKI3,ニュージーランド,1186,ZAKI3,ニュージーランド,1787,2,ニュージーランド,0,,-
Pinky Crush,DIVINE JUDGEMENT,0,,-,1016,DMIL,ニュージーランド,1952,GUEST.,ニュージーランド,2547,GUEST.,ニュージーランド,0,,-
Pinky Crush,Dreamship,0,,-,790,GRAND,ニュージーランド,1300,DMIL,ニュージーランド,1936,MA25DX,ニュージーランド,0,,-
Pinky Crush,Drop Syndicate,0,,-,1135,BERRY!,ニュージーランド,1822,DMIL,ニュージーランド,3382,KCM,ニュージーランド,0,,-
Pinky Crush,Eleanor,0,,-,666,ANGEL,ニュージーランド,1030,MINT.,ニュージーランド,2156,O0*19!,ニュージーランド,0,,-
Pinky Crush,ELYSIUM,0,,-,745,VIVLAN,ニュージーランド,1368,RDDG,ニュージーランド,2558,DONK,ニュージーランド,0,,-
Pinky Crush,everlastingeuphoria:,0,,-,0,,-,1345,PATG3N,ニュージーランド,2305,GUEST.,ニュージーランド,0,,-
Pinky Crush,EX-MASSIVE FIGHTER,0,,-,0,,-,2043,GUEST.,ニュージーランド,3105,YOR*TN,ニュージーランド,0,,-
Pinky Crush,EYE OF THE HEAVEN,0,,-,761,NYU,ニュージーランド,2154,DMIL,ニュージーランド,3353,KCM,ニュージーランド,0,,-
Pinky Crush,FERMI PARADOX,0,,-,751,168,ニュージーランド,1626,DMIL,ニュージーランド,2405,0721,ニュージーランド,0,,-
Pinky Crush,Fiery Stallion,0,,-,889,0721,ニュージーランド,1627,DMIL,ニュージーランド,2331,KCM,ニュージーランド,0,,-
Pinky Crush,Flamingo,0,,-,1003,DEJIKO,ニュージーランド,1980,O0*19!,ニュージーランド,3376,POLNIA,ニュージーランド,0,,-
Pinky Crush,FlyAway,0,,-,765,ANGEL,ニュージーランド,1941,GUEST.,ニュージーランド,3021,KCM,ニュージーランド,0,,-
Pinky Crush,Galaxy Collapse,0,,-,0,,-,1225,BERRY!,ニュージーランド,1801,GUEST.,ニュージーランド,0,,-
Pinky Crush,get set mind,0,,-,748,VIVLAN,ニュージーランド,1505,BERRY!,ニュージーランド,2224,873UME,ニュージーランド,0,,-
Pinky Crush,God Mind,0,,-,1399,DMIL,ニュージーランド,2422,N,ニュージーランド,3676,KCM,ニュージーランド,0,,-
Pinky Crush,Good Looking,0,,-,0,,-,1112,PATG3N,ニュージーランド,1963,33SA3,ニュージーランド,0,,-
Pinky Crush,Here We Go Now,0,,-,1095,BERRY!,ニュージーランド,2158,GUEST.,ニュージーランド,3096,GUEST.,ニュージーランド,0,,-
Pinky Crush,hora de verdad,0,,-,0,,-,1968,GUEST.,ニュージーランド,2825,BD86,ニュージーランド,0,,-
Pinky Crush,IN BETWEEN,0,,-,500,ZEPLIC,ニュージーランド,1373,FITNRD,ニュージーランド,2257,GUEST.,ニュージーランド,0,,-
Pinky Crush,KOTONOHA ft. Kotoha,0,,-,491,Z-STAR,ニュージーランド,1111,YODO.,ニュージーランド,1923,MA25DX,ニュージーランド,0,,-
Pinky Crush,Lightspeed,0,,-,0,,-,2016,GUEST.,ニュージーランド,2969,IIDX17,ニュージーランド,0,,-
Pinky Crush,lowercase lifetime,0,,-,670,ZEPLIC,ニュージーランド,1691,ZENNAN,ニュージーランド,2674,DONK,ニュージーランド,0,,-
Pinky Crush,Lycoris,0,,-,0,,-,0,,-,1940,K4SEN,ニュージーランド,0,,-
Pinky Crush,MARLIN,0,,-,0,,-,2126,33SA3,ニュージーランド,3466,POLNIA,ニュージーランド,0,,-
Pinky Crush,Mid-Corner (Magic Maker),0,,-,0,,-,1998,GUEST.,ニュージーランド,2930,MA25DX,ニュージーランド,0,,-
Pinky Crush,Mighty Cutie,0,,-,1069,OKASAN,ニュージーランド,1570,F2D,ニュージーランド,2643,123456,ニュージーランド,0,,-
Pinky Crush,MVP,0,,-,654,FISCIA,ニュージーランド,1494,BERRY!,ニュージーランド,2468,123456,ニュージーランド,0,,-
Pinky Crush,NOIXIA,0,,-,837,IYORU,ニュージーランド,2216,GUEST.,ニュージーランド,3891,POLNIA,ニュージーランド,0,,-
Pinky Crush,PERFECT HUMAN,491,O0*19!,ニュージーランド,614,VAIL,ニュージーランド,1046,HN,ニュージーランド,2093,N,ニュージーランド,0,,-
Pinky Crush,Pinky Happy Crazy,0,,-,1286,ZAMDIN,ニュージーランド,2443,123456,ニュージーランド,3536,POLNIA,ニュージーランド,0,,-
Pinky Crush,PIT A PAT,0,,-,903,RUINS1,ニュージーランド,1762,BERRY!,ニュージーランド,2486,DONK,ニュージーランド,0,,-
Pinky Crush,Plazma,249,O0*19!,ニュージーランド,663,OKASAN,ニュージーランド,1174,114514,ニュージーランド,2017,POLNIA,ニュージーランド,2784,POLNIA,ニュージーランド
Pinky Crush,Plea Per Phase,0,,-,0,,-,1661,DMIL,ニュージーランド,2674,KCM,ニュージーランド,0,,-
Pinky Crush,PopなEDEN,0,,-,838,RUINS1,ニュージーランド,1370,X.COM,ニュージーランド,2256,SZR,ニュージーランド,0,,-
Pinky Crush,Raspberry Potion (feat.あれたん & ぎゃるのしん☆),0,,-,498,DAKING,ニュージーランド,1605,O0*19!,ニュージーランド,2440,POLNIA,ニュージーランド,0,,-
Pinky Crush,RAVE SYNDROME,0,,-,955,PREACH,ニュージーランド,1616,O0*19!,ニュージーランド,2626,GUEST.,ニュージーランド,0,,-
Pinky Crush,Roar of Chronos,0,,-,902,REN,ニュージーランド,2123,GUEST.,ニュージーランド,3704,KCM,ニュージーランド,0,,-
Pinky Crush,Satellite Burst,0,,-,928,KWKN,ニュージーランド,2066,GUEST.,ニュージーランド,3815,POLNIA,ニュージーランド,0,,-
Pinky Crush,Secret Rouge,0,,-,606,VAIL,ニュージーランド,1617,DMIL,ニュージーランド,2302,POLNIA,ニュージーランド,0,,-
Pinky Crush,Shirdal,0,,-,0,,-,1445,BERRY!,ニュージーランド,2351,GUEST.,ニュージーランド,0,,-
Pinky Crush,Show Me All Your Love,0,,-,0,,-,1589,PATG3N,ニュージーランド,2807,LR4,ニュージーランド,0,,-
Pinky Crush,SISYPHUS,0,,-,937,BERRY!,ニュージーランド,1635,DMIL,ニュージーランド,2513,!DK,ニュージーランド,0,,-
Pinky Crush,Skratch Education Lv-1,0,,-,867,0721,ニュージーランド,1424,MOLFOI,ニュージーランド,2455,KCM,ニュージーランド,0,,-
Pinky Crush,Slumber☆Party,0,,-,773,O0*19!,ニュージーランド,739,WKK,ニュージーランド,1979,MOLFOI,ニュージーランド,0,,-
Pinky Crush,Space In Time,0,,-,699,BEPSI,ニュージーランド,1187,PATG3N,ニュージーランド,1639,DMIL,ニュージーランド,0,,-
Pinky Crush,Stargazing Trip ～星 探す旅～ ft. 小林マナ,0,,-,1077,N,ニュージーランド,1774,0721,ニュージーランド,2623,BD86,ニュージーランド,0,,-
Pinky Crush,SUPER HEROINE!!,0,,-,0,,-,1320,F2D,ニュージーランド,2193,GUEST.,ニュージーランド,0,,-
Pinky Crush,SμG@R RU$#,0,,-,1295,O0*19!,ニュージーランド,2138,DMIL,ニュージーランド,3636,POLNIA,ニュージーランド,0,,-
Pinky Crush,TECHNO RUMBLE,0,,-,721,VAIL,ニュージーランド,1713,BERRY!,ニュージーランド,2794,KCM,ニュージーランド,0,,-
Pinky Crush,u gotta beat,0,,-,967,ZENNAN,ニュージーランド,2247,GUEST.,ニュージーランド,3208,!DK,ニュージーランド,0,,-
Pinky Crush,Uaigh Gealai,0,,-,778,ANGEL,ニュージーランド,2105,33SA3,ニュージーランド,3762,POLNIA,ニュージーランド,0,,-
Pinky Crush,uen,0,,-,0,,-,2022,123456,ニュージーランド,2951,POLNIA,ニュージーランド,0,,-
Pinky Crush,Vibing! Shake it!,0,,-,755,KWKN,ニュージーランド,1552,O0*19!,ニュージーランド,2263,BERRY!,ニュージーランド,0,,-
Pinky Crush,Without Heaven,0,,-,1240,O0*19!,ニュージーランド,2138,GUEST.,ニュージーランド,3606,POLNIA,ニュージーランド,0,,-
Pinky Crush,XHRONOXAPSULΞ,0,,-,1084,O.HARE,ニュージーランド,2009,O0*19!,ニュージーランド,3277,!DK,ニュージーランド,0,,-
Pinky Crush,えだまめカレークッキング,419,O0*19!,ニュージーランド,780,ZAMDIN,ニュージーランド,1137,JENKNS,ニュージーランド,2148,IIDX33,ニュージーランド,0,,-
Pinky Crush,きみのせかい,0,,-,0,,-,1616,DMIL,ニュージーランド,2702,GUEST.,ニュージーランド,0,,-
Pinky Crush,きゅうくらりん,432,O0*19!,ニュージーランド,854,O0*19!,ニュージーランド,1671,0721,ニュージーランド,2386,POLNIA,ニュージーランド,0,,-
Pinky Crush,アラビアン ハイパー ナイト,0,,-,999,RUINS1,ニュージーランド,1798,DMIL,ニュージーランド,3253,POLNIA,ニュージーランド,0,,-
Pinky Crush,イガク,304,O0*19!,ニュージーランド,782,RUINS1,ニュージーランド,1447,O0*19!,ニュージーランド,2025,POLNIA,ニュージーランド,2999,POLNIA,ニュージーランド
Pinky Crush,エクスプロウル,0,,-,942,0721,ニュージーランド,1631,DONK,ニュージーランド,2369,MA25DX,ニュージーランド,0,,-
Pinky Crush,オッドラヴィ,373,O0*19!,ニュージーランド,863,DJ.3D,ニュージーランド,1600,2,ニュージーランド,2337,ABCDEF,ニュージーランド,0,,-
Pinky Crush,オブソミート,240,0721,ニュージーランド,845,O0*19!,ニュージーランド,1475,0721,ニュージーランド,2342,GUEST.,ニュージーランド,0,,-
Pinky Crush,キスキツネ,197,KNOK7I,ニュージーランド,838,OKASAN,ニュージーランド,1300,RDDG,ニュージーランド,2366,POLNIA,ニュージーランド,0,,-
Pinky Crush,ギャ・ギャ・ギャ・ギャラクシー！,0,,-,541,REECHE,ニュージーランド,1464,DAVID,ニュージーランド,2367,POLNIA,ニュージーランド,0,,-
Pinky Crush,ゲシュタルト,384,PHUBER,ニュージーランド,811,ZAKI3,ニュージーランド,1397,DAVID,ニュージーランド,2389,GUEST.,ニュージーランド,3323,POLNIA,ニュージーランド
Pinky Crush,スキッテイエェエエェ!!!!,0,,-,1542,BERRY!,ニュージーランド,2427,YOR*TN,ニュージーランド,4238,POLNIA,ニュージーランド,0,,-
Pinky Crush,スパークリング☆彡ハイパーチューン！！,0,,-,1116,RUINS1,ニュージーランド,1801,BGNNER,ニュージーランド,3619,POLNIA,ニュージーランド,0,,-
Pinky Crush,ドリムチウ,0,,-,856,0721,ニュージーランド,1518,BERRY!,ニュージーランド,2511,GUEST.,ニュージーランド,0,,-
Pinky Crush,ドーナツホール 2024,335,RUINS1,ニュージーランド,791,NYU,ニュージーランド,1588,0721,ニュージーランド,2363,POLNIA,ニュージーランド,0,,-
Pinky Crush,ハオ,282,O0*19!,ニュージーランド,674,KANAN,ニュージーランド,1609,HN,ニュージーランド,2809,DONK,ニュージーランド,0,,-
Pinky Crush,ハルイロメロディー,0,,-,883,0721,ニュージーランド,1404,0721,ニュージーランド,2176,GUEST.,ニュージーランド,0,,-
Pinky Crush,ビビデバ,263,0721,ニュージーランド,722,RUINS1,ニュージーランド,1124,RUINS1,ニュージーランド,2053,POLNIA,ニュージーランド,0,,-
Pinky Crush,ファイナルレター,0,,-,831,RUINS1,ニュージーランド,1824,BERRY!,ニュージーランド,2641,POLNIA,ニュージーランド,0,,-
Pinky Crush,メズマライザー,582,0721,ニュージーランド,1034,AWEG,ニュージーランド,1791,0721,ニュージーランド,2727,POLNIA,ニュージーランド,0,,-
Pinky Crush,ロマンシングエスケープ,0,,-,439,0721,ニュージーランド,1088,BERRY!,ニュージーランド,1765,YOR*TN,ニュージーランド,0,,-
Pinky Crush,天使のカンタータ -Cantata of Angels-,0,,-,1102,ZAMDIN,ニュージーランド,2116,GUEST.,ニュージーランド,4110,POLNIA,ニュージーランド,0,,-
Pinky Crush,弾幕信仰,0,,-,687,ATKINS,ニュージーランド,0,,-,2428,33SA3,ニュージーランド,0,,-
Pinky Crush,我ら完全無敵のアイドル!!,246,0721,ニュージーランド,1030,ZAMDIN,ニュージーランド,1636,0721,ニュージーランド,2496,YOR*TN,ニュージーランド,0,,-
Pinky Crush,断罪の一花,0,,-,872,BERRY!,ニュージーランド,1406,O0*19!,ニュージーランド,2415,GUEST.,ニュージーランド,0,,-
Pinky Crush,最強頂戴girl,0,,-,522,ALEX,ニュージーランド,1090,RDDG,ニュージーランド,2051,873UME,ニュージーランド,0,,-
Pinky Crush,朱と碧のランページ,0,,-,0,,-,1222,HIBOLL,ニュージーランド,2455,GUEST.,ニュージーランド,0,,-
Pinky Crush,消極的セツナイズム,0,,-,0,,-,1366,!?,ニュージーランド,2141,MOLFOI,ニュージーランド,0,,-
Pinky Crush,灼熱 Lost Summer Dayz,0,,-,982,ZAMDIN,ニュージーランド,1743,N,ニュージーランド,2562,BD86,ニュージーランド,0,,-
Pinky Crush,無双,0,,-,1045,RUINS1,ニュージーランド,1935,0721,ニュージーランド,3181,YOR*TN,ニュージーランド,0,,-
Pinky Crush,爆ぜりゃんせ,0,,-,0,,-,1784,O0*19!,ニュージーランド,2832,KCM,ニュージーランド,0,,-
Pinky Crush,覚悟せよ！エンタンメ～ン ～より身の切り売り自暴自棄版～,0,,-,916,RUINS1,ニュージーランド,1701,2,ニュージーランド,2718,KCM,ニュージーランド,0,,-
Pinky Crush,進捗ダメダメです,276,O0*19!,ニュージーランド,785,0721,ニュージーランド,1459,KELP,ニュージーランド,2191,YOR*TN,ニュージーランド,0,,-
Pinky Crush,飴玉,0,,-,452,RDDG,ニュージーランド,702,RDDG,ニュージーランド,1268,N,ニュージーランド,0,,-
Pinky Crush,ＰＡＳＴＥＬＩＳＭ,0,,-,0,,-,1492,BERRY!,ニュージーランド,2054,MA25DX,ニュージーランド,0,,-
Sparkle Shower,2 Be Continued,0,,-,1029,KCM,ニュージーランド,1887,BERRY!,ニュージーランド,3594,POLNIA,ニュージーランド,0,,-
Sparkle Shower,A Certified Rave Moment,0,,-,953,O0*19!,ニュージーランド,1703,123456,ニュージーランド,2715,POLNIA,ニュージーランド,0,,-
Sparkle Shower,ACID VISION,0,,-,1000,DEJIKO,ニュージーランド,1551,BERRY!,ニュージーランド,1779,KCM,ニュージーランド,0,,-
Sparkle Shower,AGETEKE ONDO,0,,-,1010,ZAMDIN,ニュージーランド,1595,0721,ニュージーランド,2559,POLNIA,ニュージーランド,0,,-
Sparkle Shower,Amor∞Fati,0,,-,1123,DEJIKO,ニュージーランド,2435,123456,ニュージーランド,4019,POLNIA,ニュージーランド,0,,-
Sparkle Shower,Any％,0,,-,1103,DEJIKO,ニュージーランド,2080,33SA3,ニュージーランド,3316,MA25DX,ニュージーランド,0,,-
Sparkle Shower,Astra Blaze,0,,-,1133,O0*19!,ニュージーランド,2189,123456,ニュージーランド,3226,KCM,ニュージーランド,0,,-
Sparkle Shower,Bang Bang Dance,0,,-,812,BERRY!,ニュージーランド,1690,BERRY!,ニュージーランド,2753,POLNIA,ニュージーランド,0,,-
Sparkle Shower,BattleRoyal,0,,-,1085,DMIL,ニュージーランド,1700,BERRY!,ニュージーランド,2541,POLNIA,ニュージーランド,0,,-
Sparkle Shower,Begin,0,,-,1005,DMIL,ニュージーランド,1968,123456,ニュージーランド,3200,POLNIA,ニュージーランド,0,,-
Sparkle Shower,BitRacer,0,,-,1074,O0*19!,ニュージーランド,1982,123456,ニュージーランド,3434,POLNIA,ニュージーランド,0,,-
Sparkle Shower,Bloom,0,,-,681,BERRY!,ニュージーランド,1168,DMIL,ニュージーランド,1759,KCM,ニュージーランド,0,,-
Sparkle Shower,blue anthem,0,,-,1083,DEJIKO,ニュージーランド,1650,123456,ニュージーランド,2903,POLNIA,ニュージーランド,0,,-
Sparkle Shower,Caramel Pain,235,0721,ニュージーランド,644,0721,ニュージーランド,1023,DMIL,ニュージーランド,1648,DONK,ニュージーランド,0,,-
Sparkle Shower,Catch ya Getcha!,0,,-,1014,BERRY!,ニュージーランド,1907,123456,ニュージーランド,2807,POLNIA,ニュージーランド,0,,-
Sparkle Shower,chaplet -IIDX re:build-,0,,-,978,BERRY!,ニュージーランド,1977,POLNIA,ニュージーランド,2885,POLNIA,ニュージーランド,0,,-
Sparkle Shower,COLOR BURST,206,0721,ニュージーランド,791,0721,ニュージーランド,1383,0721,ニュージーランド,2155,GUEST.,ニュージーランド,0,,-
Sparkle Shower,Countdown to Heaven or Hell,0,,-,1207,BERRY!,ニュージーランド,1951,123456,ニュージーランド,3053,POLNIA,ニュージーランド,0,,-
Sparkle Shower,D.K.N. ON,0,,-,1011,BERRY!,ニュージーランド,1874,BERRY!,ニュージーランド,2493,123456,ニュージーランド,0,,-
Sparkle Shower,Digitized Ocean,0,,-,1153,0721,ニュージーランド,1964,33SA3,ニュージーランド,3488,POLNIA,ニュージーランド,0,,-
Sparkle Shower,Disco Killer Music Lover,0,,-,1053,O0*19!,ニュージーランド,1766,DMIL,ニュージーランド,2968,POLNIA,ニュージーランド,0,,-
Sparkle Shower,Dolphin Kick,0,,-,1396,O0*19!,ニュージーランド,2042,MOLFOI,ニュージーランド,3251,MA25DX,ニュージーランド,0,,-
Sparkle Shower,Dusk Endir,0,,-,1033,O0*19!,ニュージーランド,2278,KCM,ニュージーランド,3138,IIDX17,ニュージーランド,0,,-
Sparkle Shower,ESPRIT ONE,0,,-,1226,O0*19!,ニュージーランド,1712,BERRY!,ニュージーランド,2799,33SA3,ニュージーランド,0,,-
Sparkle Shower,Ex-Otogibanashi,174,0721,ニュージーランド,463,0721,ニュージーランド,964,0721,ニュージーランド,1523,OM1Q-G,ニュージーランド,0,,-
Sparkle Shower,Fashion Fruit,0,,-,1049,ZAMDIN,ニュージーランド,1866,BERRY!,ニュージーランド,2985,POLNIA,ニュージーランド,0,,-
Sparkle Shower,fixer,0,,-,810,0721,ニュージーランド,1690,123456,ニュージーランド,3184,KCM,ニュージーランド,0,,-
Sparkle Shower,FIZZY FIZZY POP,0,,-,827,BERRY!,ニュージーランド,1534,123456,ニュージーランド,2134,33SA3,ニュージーランド,0,,-
Sparkle Shower,FiZZλ_POT!0N,0,,-,1392,0721,ニュージーランド,2002,KCM,ニュージーランド,3396,POLNIA,ニュージーランド,0,,-
Sparkle Shower,From Human Blood,0,,-,1180,ZAMDIN,ニュージーランド,2072,POLNIA,ニュージーランド,3545,POLNIA,ニュージーランド,0,,-
Sparkle Shower,Funky Quirky,0,,-,913,O0*19!,ニュージーランド,1814,BERRY!,ニュージーランド,2482,MA25DX,ニュージーランド,0,,-
Sparkle Shower,Get Into The Groove feat.WaMi,0,,-,934,O0*19!,ニュージーランド,1353,BERRY!,ニュージーランド,2235,33SA3,ニュージーランド,0,,-
Sparkle Shower,Gimme a Big Beat(青龍 Remix),0,,-,1206,O0*19!,ニュージーランド,2261,123456,ニュージーランド,2917,KCM,ニュージーランド,0,,-
Sparkle Shower,GO!,0,,-,842,ZAMDIN,ニュージーランド,1749,123456,ニュージーランド,2718,MA25DX,ニュージーランド,0,,-
Sparkle Shower,GOLD RUSH 2025,0,,-,808,BERRY!,ニュージーランド,1471,DMIL,ニュージーランド,2554,!DK,ニュージーランド,0,,-
Sparkle Shower,Hallucination,0,,-,1044,DMIL,ニュージーランド,1786,123456,ニュージーランド,2572,KCM,ニュージーランド,0,,-
Sparkle Shower,HEROES,0,,-,1273,BERRY!,ニュージーランド,2114,123456,ニュージーランド,3085,KCM,ニュージーランド,0,,-
Sparkle Shower,HORIZON BEATZ,0,,-,774,0721,ニュージーランド,1618,BERRY!,ニュージーランド,2440,33SA3,ニュージーランド,0,,-
Sparkle Shower,HyperTwist,0,,-,1265,0721,ニュージーランド,2082,123456,ニュージーランド,3114,!DK,ニュージーランド,0,,-
Sparkle Shower,Ignited Night,0,,-,1040,BERRY!,ニュージーランド,1471,BERRY!,ニュージーランド,2212,123456,ニュージーランド,0,,-
Sparkle Shower,Iridescent Memories,0,,-,1416,O0*19!,ニュージーランド,2051,MOLFOI,ニュージーランド,3561,IIDX17,ニュージーランド,0,,-
Sparkle Shower,JUST SYNC ft.Kanae Asaba,0,,-,749,0721,ニュージーランド,1276,BERRY!,ニュージーランド,2003,POLNIA,ニュージーランド,0,,-
Sparkle Shower,Kick The Rainbow,0,,-,1144,0721,ニュージーランド,1966,0721,ニュージーランド,2697,0721,ニュージーランド,0,,-
Sparkle Shower,King of Tribe,0,,-,1068,BERRY!,ニュージーランド,1987,0721,ニュージーランド,2967,!DK,ニュージーランド,0,,-
Sparkle Shower,kors k's Let's make an Image Song!,0,,-,949,ZAMDIN,ニュージーランド,1814,BERRY!,ニュージーランド,2723,POLNIA,ニュージーランド,0,,-
Sparkle Shower,Last Card,0,,-,1014,BERRY!,ニュージーランド,1828,N,ニュージーランド,2888,GUEST.,ニュージーランド,0,,-
Sparkle Shower,LEMON MELON COOKIE,370,0721,ニュージーランド,817,0721,ニュージーランド,1541,0721,ニュージーランド,2241,POLNIA,ニュージーランド,0,,-
Sparkle Shower,Limelight,0,,-,1084,BERRY!,ニュージーランド,1866,33SA3,ニュージーランド,2874,MA25DX,ニュージーランド,0,,-
Sparkle Shower,Lisa-RICCIA,521,0721,ニュージーランド,1191,DEJIKO,ニュージーランド,2236,POLNIA,ニュージーランド,3312,POLNIA,ニュージーランド,4608,POLNIA,ニュージーランド
Sparkle Shower,Makin' It,0,,-,1029,0721,ニュージーランド,1568,IIDX33,ニュージーランド,2501,KCM,ニュージーランド,0,,-
Sparkle Shower,Memoria Obscura,0,,-,977,ZAMDIN,ニュージーランド,2185,POLNIA,ニュージーランド,4037,POLNIA,ニュージーランド,0,,-
Sparkle Shower,Meteor☆Shower,0,,-,953,0721,ニュージーランド,1995,0721,ニュージーランド,2691,GUEST.,ニュージーランド,0,,-
Sparkle Shower,Mighty Beat Monsterz,0,,-,1195,O0*19!,ニュージーランド,1861,123456,ニュージーランド,3121,POLNIA,ニュージーランド,0,,-
Sparkle Shower,MOCHIMOCHI DREAMIN!!,0,,-,1134,0721,ニュージーランド,1794,0721,ニュージーランド,2983,POLNIA,ニュージーランド,0,,-
Sparkle Shower,Nemophila,0,,-,1029,0721,ニュージーランド,1747,BERRY!,ニュージーランド,2657,KCM,ニュージーランド,0,,-
Sparkle Shower,Nyan Nyan University,0,,-,908,ZAMDIN,ニュージーランド,1568,YOR*TN,ニュージーランド,2545,POLNIA,ニュージーランド,0,,-
Sparkle Shower,OMEGA,0,,-,1045,O0*19!,ニュージーランド,2009,123456,ニュージーランド,3339,POLNIA,ニュージーランド,0,,-
Sparkle Shower,PALETTE,368,0721,ニュージーランド,884,0721,ニュージーランド,1457,0721,ニュージーランド,2043,POLNIA,ニュージーランド,0,,-
Sparkle Shower,PERFECT GREAT!!,0,,-,1229,BERRY!,ニュージーランド,2290,GUEST.,ニュージーランド,3521,MA25DX,ニュージーランド,0,,-
Sparkle Shower,pique,0,,-,1079,O0*19!,ニュージーランド,1940,BERRY!,ニュージーランド,2926,KCM,ニュージーランド,0,,-
Sparkle Shower,RALLY '25,0,,-,1163,BERRY!,ニュージーランド,2090,GUEST.,ニュージーランド,3206,POLNIA,ニュージーランド,0,,-
Sparkle Shower,REcorrection,0,,-,587,0721,ニュージーランド,1063,DMIL,ニュージーランド,1586,YOR*TN,ニュージーランド,0,,-
Sparkle Shower,Regina vespaE,0,,-,1190,ZAMDIN,ニュージーランド,2209,POLNIA,ニュージーランド,3527,POLNIA,ニュージーランド,0,,-
Sparkle Shower,RIZING-GAMERS.,0,,-,1017,O0*19!,ニュージーランド,2214,123456,ニュージーランド,3207,KCM,ニュージーランド,0,,-
Sparkle Shower,RUINA,0,,-,927,0721,ニュージーランド,1748,KCM,ニュージーランド,2780,POLNIA,ニュージーランド,0,,-
Sparkle Shower,Second Heaven(Mamonis Remix),0,,-,895,O0*19!,ニュージーランド,1588,BERRY!,ニュージーランド,2310,OM1Q-G,ニュージーランド,0,,-
Sparkle Shower,SHINING☆DANCE,0,,-,871,0721,ニュージーランド,1514,BERRY!,ニュージーランド,2457,POLNIA,ニュージーランド,0,,-
Sparkle Shower,Shooting Star,238,0721,ニュージーランド,839,0721,ニュージーランド,1505,0721,ニュージーランド,2427,IIDX33,ニュージーランド,0,,-
Sparkle Shower,Show Time,0,,-,839,0721,ニュージーランド,1366,DMIL,ニュージーランド,1978,KCM,ニュージーランド,0,,-
Sparkle Shower,Signs and Wonders,0,,-,670,0721,ニュージーランド,1025,0721,ニュージーランド,1564,KAGAM,ニュージーランド,0,,-
Sparkle Shower,SILKY BRAVE,0,,-,926,0721,ニュージーランド,1566,0721,ニュージーランド,2266,33SA3,ニュージーランド,0,,-
Sparkle Shower,Skywalking,0,,-,910,0721,ニュージーランド,1429,0721,ニュージーランド,2280,KCM,ニュージーランド,0,,-
Sparkle Shower,Smintheus,0,,-,1234,O0*19!,ニュージーランド,2224,123456,ニュージーランド,3050,BD86,ニュージーランド,0,,-
Sparkle Shower,SnapSkipSpark,0,,-,1059,ZAMDIN,ニュージーランド,1852,BERRY!,ニュージーランド,2903,POLNIA,ニュージーランド,0,,-
Sparkle Shower,Space Battleship S4TO,0,,-,1320,0721,ニュージーランド,2128,GUEST.,ニュージーランド,3712,POLNIA,ニュージーランド,0,,-
Sparkle Shower,SPLASH!!!!!!!!!,0,,-,868,ZAMDIN,ニュージーランド,1467,123456,ニュージーランド,2242,POLNIA,ニュージーランド,0,,-
Sparkle Shower,Substance,0,,-,1128,BERRY!,ニュージーランド,1673,DMIL,ニュージーランド,3035,POLNIA,ニュージーランド,0,,-
Sparkle Shower,super double play sessions,0,,-,1412,0721,ニュージーランド,2275,33SA3,ニュージーランド,4125,POLNIA,ニュージーランド,0,,-
Sparkle Shower,THUNDERSTRIKE,0,,-,1236,123456,ニュージーランド,1993,123456,ニュージーランド,3440,POLNIA,ニュージーランド,0,,-
Sparkle Shower,TOKAKU=ALMiRAJ,0,,-,888,O0*19!,ニュージーランド,1852,123456,ニュージーランド,2694,KCM,ニュージーランド,0,,-
Sparkle Shower,UNDO THE NIGHT,0,,-,1019,0721,ニュージーランド,2013,BERRY!,ニュージーランド,3379,POLNIA,ニュージーランド,0,,-
Sparkle Shower,Vitamin,0,,-,1161,0721,ニュージーランド,1747,BERRY!,ニュージーランド,2609,POLNIA,ニュージーランド,0,,-
Sparkle Shower,voice of echo.,0,,-,1101,0721,ニュージーランド,1752,DMIL,ニュージーランド,2708,POLNIA,ニュージーランド,0,,-
Sparkle Shower,Watermelon Explosion,0,,-,758,0721,ニュージーランド,1321,DMIL,ニュージーランド,1986,POLNIA,ニュージーランド,0,,-
Sparkle Shower,Wizards!,0,,-,754,O0*19!,ニュージーランド,1536,BERRY!,ニュージーランド,2209,YOR*TN,ニュージーランド,0,,-
Sparkle Shower,X-Plan,0,,-,718,DEJIKO,ニュージーランド,1343,123456,ニュージーランド,2109,123456,ニュージーランド,0,,-
Sparkle Shower,[E],0,,-,1443,O0*19!,ニュージーランド,2161,BERRY!,ニュージーランド,3170,33SA3,ニュージーランド,0,,-
Sparkle Shower,Τeλοs,0,,-,1014,O0*19!,ニュージーランド,1711,BERRY!,ニュージーランド,2526,KCM,ニュージーランド,0,,-
Sparkle Shower,ιgniЯRuina,0,,-,1314,O0*19!,ニュージーランド,2138,GUEST.,ニュージーランド,3458,POLNIA,ニュージーランド,0,,-
Sparkle Shower,⁽⁽ଘ( ˙꒳˙ )ଓ⁾⁾ beyond reason,0,,-,1260,DMIL,ニュージーランド,2179,POLNIA,ニュージーランド,3799,POLNIA,ニュージーランド,0,,-
Sparkle Shower,かわいいだけじゃだめですか？,220,0721,ニュージーランド,938,0721,ニュージーランド,1559,0721,ニュージーランド,2113,DONK,ニュージーランド,3444,POLNIA,ニュージーランド
Sparkle Shower,じぇりー じゅえる ジャングル,0,,-,1186,O0*19!,ニュージーランド,1859,O0*19!,ニュージーランド,3071,MA25DX,ニュージーランド,0,,-
Sparkle Shower,それが、ボクの使命～レスキュー隊長 メンキュー～,0,,-,742,0721,ニュージーランド,1544,123456,ニュージーランド,2151,POLNIA,ニュージーランド,0,,-
Sparkle Shower,でんぱ どりる わんにゃー☆三,290,0721,ニュージーランド,1192,0721,ニュージーランド,2243,YOR*TN,ニュージーランド,3319,POLNIA,ニュージーランド,0,,-
Sparkle Shower,もんめためたもん,220,0721,ニュージーランド,853,0721,ニュージーランド,1392,DMIL,ニュージーランド,2232,POLNIA,ニュージーランド,0,,-
Sparkle Shower,オーバーライド,480,0721,ニュージーランド,1212,0721,ニュージーランド,1788,BERRY!,ニュージーランド,3131,MA25DX,ニュージーランド,0,,-
Sparkle Shower,キミとえがくキセキ,0,,-,912,0721,ニュージーランド,1501,0721,ニュージーランド,2174,123456,ニュージーランド,0,,-
Sparkle Shower,クレッシェンド,0,,-,1183,BERRY!,ニュージーランド,1809,123456,ニュージーランド,3292,POLNIA,ニュージーランド,0,,-
Sparkle Shower,サタデーナイト☆ギャロップ,0,,-,1196,O0*19!,ニュージーランド,1814,AKI8MA,ニュージーランド,3287,YRP,ニュージーランド,0,,-
Sparkle Shower,タンポポ,0,,-,1248,0721,ニュージーランド,1825,BERRY!,ニュージーランド,2594,YOR*TN,ニュージーランド,0,,-
Sparkle Shower,デラむぅのでらっくす☆どり～むぅ,0,,-,816,0721,ニュージーランド,1300,DMIL,ニュージーランド,1948,POLNIA,ニュージーランド,0,,-
Sparkle Shower,バブリン,274,0721,ニュージーランド,1162,0721,ニュージーランド,1720,IIDX33,ニュージーランド,2427,POLNIA,ニュージーランド,0,,-
Sparkle Shower,ビビッド ☆+*。キラキライム,544,0721,ニュージーランド,1157,ZAMDIN,ニュージーランド,2108,POLNIA,ニュージーランド,3732,POLNIA,ニュージーランド,0,,-
Sparkle Shower,ベラ・ベ・カラベラ,0,,-,989,ZAMDIN,ニュージーランド,1622,123456,ニュージーランド,2703,POLNIA,ニュージーランド,0,,-
Sparkle Shower,ベンガル vs. アムール Battle,0,,-,1271,O0*19!,ニュージーランド,2026,GUEST.,ニュージーランド,3515,KCM,ニュージーランド,0,,-
Sparkle Shower,メテオラ-meteor-,0,,-,999,O0*19!,ニュージーランド,1770,123456,ニュージーランド,2343,MA25DX,ニュージーランド,0,,-
Sparkle Shower,メルト CPK! Remix (初音ミク ver.),478,0721,ニュージーランド,868,0721,ニュージーランド,1616,0721,ニュージーランド,2758,KCM,ニュージーランド,0,,-
Sparkle Shower,ラブコメトキドキシリアス,0,,-,1211,O0*19!,ニュージーランド,1987,GUEST.,ニュージーランド,3394,!DK,ニュージーランド,0,,-
Sparkle Shower,レシピのリドル,0,,-,637,0721,ニュージーランド,1382,BERRY!,ニュージーランド,2325,POLNIA,ニュージーランド,0,,-
Sparkle Shower,三日天下モンキー,0,,-,706,0721,ニュージーランド,1191,BERRY!,ニュージーランド,1594,123456,ニュージーランド,0,,-
Sparkle Shower,不死身ごっこ,268,0721,ニュージーランド,962,0721,ニュージーランド,1463,BERRY!,ニュージーランド,2468,KCM,ニュージーランド,0,,-
Sparkle Shower,夏色のセレナーデ,0,,-,881,0721,ニュージーランド,1346,0721,ニュージーランド,2241,POLNIA,ニュージーランド,0,,-
Sparkle Shower,夢色ワンダー,519,0721,ニュージーランド,1440,DEJIKO,ニュージーランド,2100,BERRY!,ニュージーランド,3060,33SA3,ニュージーランド,0,,-
Sparkle Shower,好吃来世deエレクトリック,0,,-,813,0721,ニュージーランド,1352,DMIL,ニュージーランド,1904,POLNIA,ニュージーランド,0,,-
Sparkle Shower,恋愛観測,0,,-,698,0721,ニュージーランド,1421,0721,ニュージーランド,2406,GUEST.,ニュージーランド,0,,-
Sparkle Shower,断罪のミメシス,0,,-,1308,O0*19!,ニュージーランド,2016,123456,ニュージーランド,3047,BD86,ニュージーランド,0,,-
Sparkle Shower,月下繚乱,0,,-,870,BERRY!,ニュージーランド,1702,123456,ニュージーランド,2723,POLNIA,ニュージーランド,0,,-
Sparkle Shower,煉獄コンフィチュール,0,,-,968,BERRY!,ニュージーランド,1798,123456,ニュージーランド,2662,POLNIA,ニュージーランド,0,,-
Sparkle Shower,百恋ラブラスター,0,,-,734,0721,ニュージーランド,1554,BERRY!,ニュージーランド,2619,POLNIA,ニュージーランド,0,,-
Sparkle Shower,色を喪った街,0,,-,1293,0721,ニュージーランド,2282,GUEST.,ニュージーランド,3591,POLNIA,ニュージーランド,0,,-
Sparkle Shower,華麗なる！音戯探偵ひなビタ,0,,-,669,ZAMDIN,ニュージーランド,1282,BERRY!,ニュージーランド,2171,RRRR,ニュージーランド,0,,-
Sparkle Shower,鏡像都市,0,,-,839,0721,ニュージーランド,1364,DMIL,ニュージーランド,1946,POLNIA,ニュージーランド,0,,-
Sparkle Shower,閃と雷管とロープ,0,,-,866,O0*19!,ニュージーランド,1383,DMIL,ニュージーランド,2549,POLNIA,ニュージーランド,0,,-
