バージョン,タイトル,BEGINNER EXスコア,BEGINNER DJName,BEGINNER 都道府県,NORMAL EXスコア,NORMAL DJName,NORMAL 都道府県,HYPER EXスコア,HYPER DJName,HYPER 都道府県,ANOTHER EXスコア,ANOTHER DJName,ANOTHER 都道府県,LEGGENDARIA EXスコア,LEGGENDARIA DJName,LEGGENDARIA 都道府県
1st&substream,22DUNK,0,,-,484,AAAAAA,海外,581,KATANA,海外,651,NYANTA,海外,0,,-
1st&substream,5.1.1.,0,,-,192,Q*BIZA,海外,958,KATANA,海外,1550,YUZUHA,海外,0,,-
1st&substream,deep in you,0,,-,384,DKG,海外,481,KOMUGI,海外,645,YUZUHA,海外,0,,-
1st&substream,Dr.LOVE,0,,-,356,CH1AKI,海外,505,S.TAKI,海外,579,SC,海外,0,,-
1st&substream,GAMBOL,0,,-,267,Q*BIZA,海外,274,KOMUGI,海外,0,,-,0,,-
1st&substream,GENOM SCREAMS,0,,-,366,CH1AKI,海外,805,KOMUGI,海外,1069,SC,海外,0,,-
1st&substream,gentle stress,0,,-,330,NEKO,海外,643,KATANA,海外,1426,KO9HOU,海外,0,,-
1st&substream,GRADIUSIC CYBER,0,,-,823,M!KA-L,海外,693,NECOZE,海外,1173,YUZUHA,海外,0,,-
1st&substream,KEEP ON MOVIN',0,,-,189,MAD8KA,海外,243,YUZUHA,海外,0,,-,0,,-
1st&substream,Macho Gang,0,,-,341,CH1AKI,海外,818,CHU2,海外,1636,AIMU,海外,0,,-
1st&substream,PARANOIA MAX～DIRTY MIX～,0,,-,522,CH1AKI,海外,687,TWEAK!,海外,1105,AIMU,海外,0,,-
1st&substream,R3,0,,-,547,CH1AKI,海外,667,WRAPPI,海外,891,AIMU,海外,0,,-
1st&substream,RUGGED ASH,0,,-,358,MALPEL,海外,395,KATANA,海外,1023,S.TAKI,海外,1994,#CHORD,海外
1st&substream,THE EARTH LIGHT,0,,-,607,CH1AKI,海外,859,SJ#,海外,1140,LUV*BT,海外,0,,-
2nd style,.59,0,,-,594,CH1AKI,海外,949,MRN,海外,1132,LUV*BT,海外,0,,-
2nd style,Digital MinD(A/T Libra mix),0,,-,552,JOJO,海外,968,KATANA,海外,1111,LUV*BT,海外,0,,-
2nd style,Electro Tuned(the SubS mix),0,,-,728,MALPEL,海外,760,NECOZE,海外,1058,YUZUHA,海外,0,,-
2nd style,I Was The One,0,,-,422,C-LAS*,海外,627,NEKO,海外,675,NEKO,海外,0,,-
2nd style,Indigo Vision(full flavour hide around mix),0,,-,835,MALPEL,海外,1044,G-CUP,海外,1199,LUV*BT,海外,0,,-
2nd style,PUT YOUR FAITH IN ME(for beatmania II),0,,-,286,BOFA,海外,812,METHY,海外,0,,-,0,,-
2nd style,SP-TRIP MACHINE(for beatmania II),0,,-,477,CH1AKI,海外,603,KOMUGI,海外,645,SC,海外,0,,-
3rd style,CAN'T STOP FALLIN'IN LOVE,0,,-,578,M!KA-L,海外,1206,KOMUGI,海外,0,,-,0,,-
3rd style,Don't Stop!,0,,-,667,CH1AKI,海外,738,CH1AKI,海外,904,SC,海外,0,,-
3rd style,era (nostalmix),0,,-,747,CH1AKI,海外,1065,OPNLEG,海外,1504,KARUBI,海外,0,,-
3rd style,Holic,0,,-,636,CH1AKI,海外,1210,SHMERT,海外,1702,KARUBI,海外,0,,-
3rd style,LEADING CYBER,0,,-,292,CH1AKI,海外,1156,DD.ZAI,海外,1216,KARUBI,海外,0,,-
3rd style,Presto,0,,-,473,CH1AKI,海外,870,MRN,海外,987,KO9HOU,海外,0,,-
3rd style,R5,0,,-,687,CH1AKI,海外,1108,KOMUGI,海外,1754,SC,海外,0,,-
3rd style,REINCARNATION,0,,-,720,CH1AKI,海外,973,KOMUGI,海外,1236,KO9HOU,海外,0,,-
3rd style,Schlagwerk,0,,-,689,CH1AKI,海外,1237,KOMUGI,海外,1625,SAYA.S,海外,0,,-
3rd style,Skyscraper,0,,-,0,,-,1083,KATANA,海外,1248,SC,海外,0,,-
3rd style,Tangerine Stream,0,,-,256,1416,海外,389,KOMUGI,海外,0,,-,0,,-
3rd style,THE SAFARI,323,YUAN,海外,1197,KOMUGI,海外,1764,SC,海外,0,,-,0,,-
4th style,250bpm,0,,-,408,THDMG,海外,996,KOMUGI,海外,1392,MAD8KA,海外,0,,-
4th style,ABSOLUTE,0,,-,1192,CRAM,海外,1817,KARUBI,海外,2376,KARUBI,海外,2719,NYANTA,海外
4th style,B4U,0,,-,856,O-KAHN,海外,1512,KOMUGI,海外,1952,YUZUHA,海外,0,,-
4th style,Broken My Heart,0,,-,858,MALPEL,海外,1429,YUKARI,海外,1802,NYANTA,海外,0,,-
4th style,Burnin' The Floor,0,,-,231,MIKEY,海外,822,WRAPPI,海外,1428,NYANTA,海外,0,,-
4th style,CHECKING YOU OUT,0,,-,597,KOMUGI,海外,801,YUKARI,海外,1310,NYANTA,海外,0,,-
4th style,Clione,0,,-,521,MAD8KA,海外,932,KOMUGI,海外,1597,OPNLEG,海外,2128,SYM,海外
4th style,DXY!,0,,-,1063,LOKULO,海外,1757,KOMUGI,海外,2266,AIMU,海外,0,,-
4th style,empathy,0,,-,0,,-,1080,WRAPPI,海外,1407,C.Y.A,海外,0,,-
4th style,era (step mix),0,,-,734,H18!,海外,1312,METHY,海外,1657,KARUBI,海外,0,,-
4th style,FLOWERS for ALBION,0,,-,0,,-,429,AIMU,海外,0,,-,0,,-
4th style,HIGHER,0,,-,386,LIV,海外,797,CH1AKI,海外,1242,KO9HOU,海外,0,,-
4th style,Hitch Hiker2,0,,-,653,LOKULO,海外,956,DKG,海外,1298,KO9HOU,海外,1901,#CHORD,海外
4th style,Jam&Marmalade,0,,-,576,NIRO,海外,815,OLDFID,海外,1002,YUZUHA,海外,0,,-
4th style,KAMIKAZE,0,,-,891,CH1AKI,海外,1456,KOMUGI,海外,2241,SHMERT,海外,0,,-
4th style,LOVE WILL・・・,0,,-,0,,-,754,KOMUGI,海外,1457,LUV*BT,海外,0,,-
4th style,minimalian,0,,-,476,LOKULO,海外,873,NECOZE,海外,1356,YUZUHA,海外,0,,-
4th style,Mr.T.(take me higher),0,,-,710,CH1AKI,海外,894,M!KA-L,海外,1724,LUV*BT,海外,0,,-
4th style,starmine,384,ADIGOS,海外,861,*ITO.*,海外,1404,KOMUGI,海外,1582,#CHORD,海外,0,,-
4th style,SWEET LAB,0,,-,251,NAIDES,海外,699,LOKULO,海外,1315,LUV*BT,海外,0,,-
4th style,Voltage (feat. Hidemaru),0,,-,583,CH1AKI,海外,1134,NEKO,海外,1285,KARUBI,海外,0,,-
5th style,Abyss,0,,-,1195,77BAR,海外,1580,KOMUGI,海外,1874,NYANTA,海外,0,,-
5th style,in my eyes,0,,-,0,,-,1324,KATANA,海外,1551,LUV*BT,海外,0,,-
5th style,LOVE AGAIN TONIGHT～for Mellisa mix～,0,,-,669,CH1AKI,海外,921,KATANA,海外,1078,METHY,海外,0,,-
5th style,outer wall,0,,-,0,,-,985,NECOZE,海外,1744,KARUBI,海外,0,,-
5th style,QQQ,0,,-,1189,MALPEL,海外,1677,MOYA*,海外,2152,KARUBI,海外,0,,-
5th style,Radical Faith,0,,-,991,CH1AKI,海外,1450,DD.ZAI,海外,1242,C.Y.A,海外,0,,-
5th style,Real,0,,-,402,WXZ34T,海外,1514,YUKARI,海外,1792,NYANTA,海外,0,,-
5th style,Regulus,0,,-,718,NIRO,海外,1430,METHY,海外,1672,KARUBI,海外,0,,-
5th style,RIDE ON THE LIGHT (HI GREAT MIX),0,,-,835,PUKEUG,海外,840,NECOZE,海外,1703,NYANTA,海外,1726,#CHORD,海外
5th style,RISLIM,0,,-,762,CH1AKI,海外,1220,KARUBI,海外,0,,-,0,,-
5th style,sometime,0,,-,682,CH1AKI,海外,982,KATANA,海外,1264,METHY,海外,0,,-
5th style,Spin the disc,0,,-,609,CH1AKI,海外,1193,KOMUGI,海外,1312,LUV*BT,海外,0,,-
5th style,STILL IN MY HEART,0,,-,0,,-,1298,METHY,海外,1919,SC,海外,0,,-
5th style,still my words,0,,-,899,KOMUGI,海外,1204,KOMUGI,海外,0,,-,0,,-
5th style,sync,0,,-,953,WRAPPI,海外,1838,KOMUGI,海外,2358,SC,海外,0,,-
5th style,THE CUBE,0,,-,616,CH1AKI,海外,1152,HYU-.,海外,1342,KO9HOU,海外,0,,-
5th style,THE SHINING POLARIS,0,,-,449,RUST,海外,996,NECOZE,海外,1570,AIMU,海外,0,,-
5th style,V,294,ADIGOS,海外,1233,MALPEL,海外,2441,KOMUGI,海外,2981,AIMU,海外,0,,-
6th style,"19,November",0,,-,903,CH1AKI,海外,1340,KATANA,海外,1796,SOY,海外,0,,-
6th style,BALLAD FOR YOU～想いの雨～,0,,-,276,BOFA,海外,770,KOMUGI,海外,1069,SOY,海外,0,,-
6th style,Blueberry Stream,0,,-,659,CH1AKI,海外,1284,MOYA*,海外,1629,KARUBI,海外,0,,-
6th style,Buffalo,0,,-,599,CH1AKI,海外,1414,C.Y.A,海外,1809,SOY,海外,2491,MAD8KA,海外
6th style,Colors (radio edit),0,,-,1278,.57577,海外,1847,KOMUGI,海外,2424,KARUBI,海外,0,,-
6th style,DIVE ～INTO YOUR HEART～,0,,-,1066,CH1AKI,海外,1771,KOMUGI,海外,2089,KARUBI,海外,0,,-
6th style,fly through the night,0,,-,784,FANTIA,海外,1185,CRAM,海外,1715,NYANTA,海外,0,,-
6th style,Free Style,0,,-,695,LOKULO,海外,916,CRAM,海外,1280,#CHORD,海外,0,,-
6th style,Frozen Ray (original mix),0,,-,0,,-,1515,CRAM,海外,1797,SC,海外,0,,-
6th style,G2,0,,-,1402,KOMUGI,海外,1718,KOMUGI,海外,2288,NYANTA,海外,0,,-
6th style,L'amour et la liberte,0,,-,831,WRAPPI,海外,1444,KOMUGI,海外,2009,NYANTA,海外,0,,-
6th style,Linus,0,,-,879,DKG,海外,1502,KOMUGI,海外,2179,KARUBI,海外,0,,-
6th style,NEMESIS,0,,-,460,PODO*,海外,1360,WE1SS,海外,1886,KARUBI,海外,0,,-
6th style,rottel-da-sun,0,,-,634,ZOMBIE,海外,1300,SHMERT,海外,1828,KO9HOU,海外,0,,-
6th style,route 80s,0,,-,736,NIRO,海外,955,LOKULO,海外,1488,#CHORD,海外,0,,-
6th style,SOMETHING WONDERFUL,0,,-,804,CH1AKI,海外,1019,LOKULO,海外,1939,LUV*BT,海外,0,,-
6th style,Summer Vacation(CU mix),0,,-,956,NIRO,海外,1745,KOMUGI,海外,0,,-,0,,-
6th style,Take It Easy,0,,-,1303,LAWH2O,海外,2298,METHY,海外,2488,#CHORD,海外,0,,-
6th style,VJ ARMY,0,,-,436,CH1AKI,海外,1550,KATANA,海外,2206,NYANTA,海外,0,,-
6th style,こっちを向いてよ,0,,-,622,CH1AKI,海外,1061,CRAM,海外,1367,KARUBI,海外,0,,-
7th style,A,0,,-,910,PODO*,海外,2041,Q*BIZA,海外,2472,MAD8KA,海外,0,,-
7th style,AVE DE RAPINA,0,,-,1109,DKG,海外,1615,C.Y.A,海外,1799,YUZUHA,海外,0,,-
7th style,Bad Routine,0,,-,844,CH1AKI,海外,1274,CRAM,海外,1904,NYANTA,海外,0,,-
7th style,Burning Heat! (Full Option Mix),0,,-,557,CH1AKI,海外,771,NECOZE,海外,1444,YUZUHA,海外,0,,-
7th style,Cheer Train,0,,-,682,CH1AKI,海外,1068,TWEAK!,海外,1690,IIDX31,海外,0,,-
7th style,D2R,0,,-,589,CH1AKI,海外,1146,M!KA-L,海外,1617,KO9HOU,海外,0,,-
7th style,DESTINY,0,,-,884,CH1AKI,海外,1239,CRAM,海外,1846,SC,海外,0,,-
7th style,foreplay,0,,-,544,CH1AKI,海外,981,CRAM,海外,1251,KOMUGI,海外,0,,-
7th style,Glorious Days,0,,-,260,BOFA,海外,684,NECOZE,海外,885,#CHORD,海外,0,,-
7th style,Happy Wedding,0,,-,1106,URAKEN,海外,1599,KOMUGI,海外,1835,SC,海外,0,,-
7th style,Last Message,0,,-,0,,-,1256,SAYA.S,海外,1580,#CHORD,海外,0,,-
7th style,Let the Snow Paint Me,0,,-,342,PL4C3,海外,1046,KOMUGI,海外,1239,MAD8KA,海外,0,,-
7th style,Love Me Do,0,,-,1130,KOMUGI,海外,1683,KOMUGI,海外,2097,KARUBI,海外,0,,-
7th style,MAX 300,0,,-,1046,KATANA,海外,1901,#CHORD,海外,2786,AIMU,海外,0,,-
7th style,Somebody Like You,0,,-,521,N2,海外,1138,YUKARI,海外,1797,OPNLEG,海外,0,,-
7th style,Spica,0,,-,541,CH1AKI,海外,1411,METHY,海外,2206,MAD8KA,海外,0,,-
7th style,stoic,0,,-,1653,SAYA.S,海外,2286,KOMUGI,海外,2523,KARUBI,海外,0,,-
7th style,Tomorrow Perfume,0,,-,596,CH1AKI,海外,1823,KOMUGI,海外,2099,KARUBI,海外,0,,-
7th style,traces,0,,-,758,CH1AKI,海外,1593,CRAM,海外,2144,SC,海外,0,,-
7th style,ZERO-ONE,0,,-,889,CH1AKI,海外,1626,KOMUGI,海外,2199,#CHORD,海外,2864,SC,海外
7th style,革命,0,,-,635,CH1AKI,海外,1885,AMANE,海外,2281,NYANTA,海外,0,,-
8th style,abstract,0,,-,1030,CH1AKI,海外,1531,YUKARI,海外,1880,LUV*BT,海外,0,,-
8th style,airflow,0,,-,524,PUKEUG,海外,747,KOMUGI,海外,1419,SC,海外,0,,-
8th style,ALL RIGHT,0,,-,762,C4L3BT,海外,1259,KOMUGI,海外,1581,YUZUHA,海外,0,,-
8th style,Attitude,0,,-,887,PUKEUG,海外,1390,KOMUGI,海外,1746,NYANTA,海外,0,,-
8th style,bit mania,0,,-,746,CH1AKI,海外,1169,OLDFID,海外,1860,AIMU,海外,0,,-
8th style,Blame,0,,-,756,CH1AKI,海外,1404,KOMUGI,海外,1911,SC,海外,0,,-
8th style,CELEBRATE NITE,0,,-,793,CH1AKI,海外,990,SCENE,海外,1402,KARUBI,海外,0,,-
8th style,Colors -Y&Co. Eurobeat Remix-,0,,-,989,CH1AKI,海外,1989,KOMUGI,海外,2177,KARUBI,海外,0,,-
8th style,dual control,0,,-,587,CH1AKI,海外,1124,MOYA*,海外,1864,OPNLEG,海外,0,,-
8th style,Giudecca,0,,-,897,AFMT,海外,1859,KOMUGI,海外,2668,NYANTA,海外,0,,-
8th style,Halfway of promise,0,,-,193,CH1AKI,海外,1443,KOMUGI,海外,1821,NYANTA,海外,0,,-
8th style,HYPER BOUNDARY GATE,0,,-,910,CH1AKI,海外,1879,KOMUGI,海外,2213,SC,海外,0,,-
8th style,LAB,0,,-,790,NI9DSN,海外,1915,METHY,海外,2068,IIDX31,海外,2695,KARUBI,海外
8th style,LOVE IS ORANGE,0,,-,708,CH1AKI,海外,1010,KOMUGI,海外,1775,KO9HOU,海外,2106,SC,海外
8th style,Luv 2 Feel Your Body,0,,-,739,CH1AKI,海外,1023,KOMUGI,海外,1572,YUZUHA,海外,0,,-
8th style,memories,0,,-,0,,-,1886,YUKARI,海外,2264,KARUBI,海外,0,,-
8th style,Monkey Dance,0,,-,706,CH1AKI,海外,1082,NECOZE,海外,1984,SC,海外,0,,-
8th style,murmur twins,0,,-,1123,KOMUGI,海外,1636,KOMUGI,海外,2373,SC,海外,0,,-
8th style,MUSIC TO YOUR HEAD,0,,-,518,CH1AKI,海外,1358,X,海外,1661,KO9HOU,海外,0,,-
8th style,PLEASE DON'T GO,0,,-,494,CH1AKI,海外,1331,KOMUGI,海外,2403,NYANTA,海外,0,,-
8th style,rainbow flyer,0,,-,646,H18!,海外,1562,KOMUGI,海外,2124,KARUBI,海外,0,,-
8th style,symbolic,0,,-,1350,G-CUP,海外,1782,METHY,海外,2234,NYANTA,海外,0,,-
8th style,thunder,0,,-,944,CHU2,海外,1546,KOMUGI,海外,1889,KARUBI,海外,0,,-
8th style,WAR GAME,0,,-,897,CH1AKI,海外,1521,KOMUGI,海外,2136,MAD8KA,海外,0,,-
8th style,World Wide Love,0,,-,645,CH1AKI,海外,996,CRAM,海外,1098,SUNSUN,海外,0,,-
8th style,xenon,0,,-,643,NIRO,海外,1460,TWEAK!,海外,2696,KARUBI,海外,0,,-
8th style,桜,0,,-,786,AKI.,海外,1403,J*HAYR,海外,2095,NYANTA,海外,0,,-
8th style,蒼い衝動,0,,-,787,CH1AKI,海外,1252,CRAM,海外,1599,SC,海外,0,,-
9th style,Abyss -The Heavens Remix-,322,BOFA,海外,1366,HANIWA,海外,1816,KOMUGI,海外,2350,AIMU,海外,0,,-
9th style,ACT,0,,-,863,GXG,海外,1638,KOMUGI,海外,1858,AIMU,海外,0,,-
9th style,ADVANCE,0,,-,0,,-,849,KOMUGI,海外,1577,NYANTA,海外,0,,-
9th style,ATOMIC AGE,0,,-,185,FELIX,海外,578,NECOZE,海外,1310,NYANTA,海外,0,,-
9th style,BAD BOY BASS!! (dj Remo-con MIX),0,,-,838,CH1AKI,海外,1364,C.Y.A,海外,1799,SC,海外,0,,-
9th style,bag,0,,-,768,CH1AKI,海外,1081,PUKEUG,海外,1875,HPP-AZ,海外,0,,-
9th style,BRIGHTNESS DARKNESS,0,,-,296,TRUDMP,海外,1379,YUKARI,海外,1752,KO9HOU,海外,0,,-
9th style,Cradle,0,,-,691,CH1AKI,海外,1264,BLACK.,海外,1577,YUZUHA,海外,0,,-
9th style,Distress,0,,-,1165,CRAM,海外,1775,YUZUHA,海外,0,,-,0,,-
9th style,e-motion 2003  -romantic extra-,0,,-,664,THDMG,海外,1585,SAYA.S,海外,1988,KARUBI,海外,0,,-
9th style,fun,0,,-,258,N2,海外,964,YUKARI,海外,1802,NYANTA,海外,0,,-
9th style,Golden Horn,0,,-,673,MOYA*,海外,962,NECOZE,海外,1458,KOMUGI,海外,0,,-
9th style,HYPER EUROBEAT (2DX style),0,,-,201,IIDX32,海外,1401,CRAM,海外,1830,FANTIA,海外,0,,-
9th style,I Was The One (80's EUROBEAT STYLE),0,,-,99,IPPU!,海外,1105,TWEAK!,海外,1420,LUV*BT,海外,0,,-
9th style,Karma,0,,-,1120,CH1AKI,海外,1647,KO9HOU,海外,1809,OPNLEG,海外,0,,-
9th style,lights,0,,-,615,CH1AKI,海外,1379,KOMUGI,海外,1791,KARUBI,海外,0,,-
9th style,Logic Board,0,,-,916,PEN-02,海外,1748,KOMUGI,海外,2311,AIMU,海外,0,,-
9th style,LOVE SHINE,274,BOFA,海外,718,CH1AKI,海外,1787,KOMUGI,海外,2077,LUV*BT,海外,0,,-
9th style,lower world,0,,-,968,CH1AKI,海外,1694,KATANA,海外,2220,IIDX31,海外,0,,-
9th style,Make A Difference,0,,-,705,CH1AKI,海外,1409,CHOOBO,海外,2231,NYANTA,海外,0,,-
9th style,MARIA (I believe... ),0,,-,627,CH1AKI,海外,1392,CRAM,海外,1950,SC,海外,0,,-
9th style,moon_child,0,,-,920,CH1AKI,海外,1884,KOMUGI,海外,2501,KARUBI,海外,0,,-
9th style,one or eight,0,,-,1129,CRAM,海外,1837,AMANE,海外,2251,SC,海外,0,,-
9th style,PARANOIA survivor MAX,0,,-,785,TIKUWA,海外,1221,KOMUGI,海外,2139,AIMU,海外,0,,-
9th style,quasar,0,,-,1048,CRAM,海外,1650,UMA4RO,海外,2307,KARUBI,海外,0,,-
9th style,Quickening,0,,-,496,CH1AKI,海外,1641,KOMUGI,海外,2072,KARUBI,海外,0,,-
9th style,Really Love,0,,-,516,JOJO,海外,889,KATANA,海外,1739,OPNLEG,海外,0,,-
9th style,RISLIM -Remix-,0,,-,663,CH1AKI,海外,863,CRAM,海外,1872,KARUBI,海外,0,,-
9th style,rottel-the-Mercury,0,,-,991,KOMUGI,海外,1834,KOMUGI,海外,2257,KARUBI,海外,0,,-
9th style,Silvia Drive,0,,-,527,YUNAK,海外,1473,KOMUGI,海外,1926,YUZUHA,海外,0,,-
9th style,SNOW,0,,-,828,CH1AKI,海外,1123,OLDFID,海外,2022,NYANTA,海外,0,,-
9th style,STAR FIELD,0,,-,602,CH1AKI,海外,1538,SAYA.S,海外,1878,KARUBI,海外,0,,-
9th style,Sweet Sweet Magic,0,,-,764,CH1AKI,海外,1308,KATANA,海外,1991,YUZUHA,海外,0,,-
9th style,SWEETEST SAVAGE,0,,-,0,,-,1064,LOKULO,海外,1788,NYANTA,海外,0,,-
9th style,ライオン好き,0,,-,579,CH1AKI,海外,1160,KOMUGI,海外,1500,NYANTA,海外,0,,-
9th style,真夏の花・真夏の夢,0,,-,649,C-LAS*,海外,1080,MANMA,海外,1463,SC,海外,0,,-
10th style,1st Samurai,0,,-,941,O-KAHN,海外,1826,METHY,海外,2634,KARUBI,海外,0,,-
10th style,ALIEN TEMPLE,0,,-,997,KOMUGI,海外,1571,YUKARI,海外,1985,LUV*BT,海外,0,,-
10th style,ASTRAL VOYAGE,0,,-,857,CH1AKI,海外,1225,CRAM,海外,1884,IIDX31,海外,0,,-
10th style,BABY LOVE,0,,-,965,CH1AKI,海外,1617,KOMUGI,海外,2147,KARUBI,海外,0,,-
10th style,Back Into The Light,0,,-,754,THDMG,海外,1575,KOMUGI,海外,2162,KARUBI,海外,0,,-
10th style,Boundary,0,,-,708,CH1AKI,海外,1785,KOMUGI,海外,2044,LUV*BT,海外,0,,-
10th style,CARRY ON NIGHT (English version),0,,-,878,CH1AKI,海外,1330,METHY,海外,2060,NYANTA,海外,0,,-
10th style,Daisuke,464,METHY,海外,1011,CH1AKI,海外,1638,KOMUGI,海外,2397,SC,海外,0,,-
10th style,Debtty Daddy,0,,-,818,CH1AKI,海外,1900,SHMERT,海外,2682,MAD8KA,海外,0,,-
10th style,desolation,0,,-,0,,-,593,NECOZE,海外,736,KOMUGI,海外,0,,-
10th style,DoLL,290,IPE,海外,817,CH1AKI,海外,1092,M!KA-L,海外,1618,SC,海外,0,,-
10th style,EXE,0,,-,680,CH1AKI,海外,1389,IVIIV,海外,2223,KARUBI,海外,0,,-
10th style,Feedback,0,,-,655,THDMG,海外,1505,KOMUGI,海外,1794,KOMUGI,海外,0,,-
10th style,FEEL IT,0,,-,690,CH1AKI,海外,1605,OPNLEG,海外,1974,NYANTA,海外,0,,-
10th style,Freezing atmosphere,0,,-,663,CH1AKI,海外,1083,KOMUGI,海外,1499,SOY,海外,0,,-
10th style,GHOST REVIVAL,0,,-,517,GGGHMB,海外,1958,KOMUGI,海外,2414,FANTIA,海外,0,,-
10th style,GRADIUS -FULL SPEED-,0,,-,591,CH1AKI,海外,1073,YUKARI,海外,2091,AIMU,海外,0,,-
10th style,HIGH,0,,-,816,CH1AKI,海外,1857,KOMUGI,海外,2138,AIMU,海外,2866,NYANTA,海外
10th style,Innocent Walls,0,,-,1609,SAYA.S,海外,2470,SC,海外,2794,AIMU,海外,0,,-
10th style,Love Is Eternity,0,,-,1044,PUKEUG,海外,1964,KOMUGI,海外,2388,KARUBI,海外,0,,-
10th style,Lucy,0,,-,960,KOMUGI,海外,1754,SHMERT,海外,2298,NYANTA,海外,0,,-
10th style,Narcissus At Oasis,0,,-,760,G-CUP,海外,1490,KOMUGI,海外,1651,KARUBI,海外,0,,-
10th style,No.13,0,,-,1659,SAYA.S,海外,2527,METHY,海外,3139,KARUBI,海外,0,,-
10th style,One More Lovely,0,,-,770,CH1AKI,海外,1606,KOMUGI,海外,2795,#CHORD,海外,0,,-
10th style,pandora,0,,-,672,C-LAS*,海外,1451,KATANA,海外,1849,SC,海外,0,,-
10th style,rainbow rainbow,0,,-,1247,PLANTO,海外,2166,SHMERT,海外,2694,MAD8KA,海外,0,,-
10th style,Rise'n Beauty,0,,-,1049,SUNSUN,海外,1632,KOMUGI,海外,2122,MAD8KA,海外,3962,MAD8KA,海外
10th style,SCORE,0,,-,870,NIRO,海外,1543,METHY,海外,2051,LUV*BT,海外,0,,-
10th style,SHOOTING STAR,0,,-,879,NIRO,海外,1313,.57577,海外,2271,SC,海外,0,,-
10th style,SPACE FIGHT,0,,-,364,KONO,海外,1414,YUKARI,海外,2212,KARUBI,海外,0,,-
10th style,システムロマンス,0,,-,546,PLINK#,海外,1656,MOYA*,海外,2029,SC,海外,0,,-
10th style,雪月花,0,,-,1222,KOMUGI,海外,1811,KOMUGI,海外,2517,SC,海外,0,,-
IIDX RED,AA,0,,-,1191,CRAM,海外,2672,SHMERT,海外,3614,SC,海外,0,,-
IIDX RED,AGEHA,545,C4L3BT,海外,900,CH1AKI,海外,1504,IVIIV,海外,1874,KARUBI,海外,2418,#CHORD,海外
IIDX RED,ANDROMEDA,0,,-,823,CH1AKI,海外,1845,KOMUGI,海外,2867,SC,海外,0,,-
IIDX RED,awakening,0,,-,913,CH1AKI,海外,1255,PUKEUG,海外,1702,KARUBI,海外,0,,-
IIDX RED,Be quiet,0,,-,846,CH1AKI,海外,1632,KOMUGI,海外,2195,KARUBI,海外,2772,AIMU,海外
IIDX RED,BLOCKS,0,,-,662,CH1AKI,海外,1101,CRAM,海外,1967,KARUBI,海外,0,,-
IIDX RED,BREATH,0,,-,0,,-,1175,CRAM,海外,1663,OPNLEG,海外,0,,-
IIDX RED,Click Again,0,,-,663,CH1AKI,海外,1084,NECOZE,海外,2120,KO9HOU,海外,0,,-
IIDX RED,Close my Eyes for Me,0,,-,787,CH1AKI,海外,1308,YUKARI,海外,1755,MAD8KA,海外,0,,-
IIDX RED,D.A.N.C.E.!,0,,-,314,WABI,海外,748,CRAM,海外,1589,KARUBI,海外,0,,-
IIDX RED,Don't be afraid myself,0,,-,944,MESHA,海外,1745,NEKO,海外,2261,KARUBI,海外,0,,-
IIDX RED,earth scape,0,,-,439,OPNLEG,海外,1015,KOMUGI,海外,1254,KOMUGI,海外,0,,-
IIDX RED,FAKE TIME,0,,-,851,CH1AKI,海外,1767,77BAR,海外,2346,#CHORD,海外,0,,-
IIDX RED,Fly Away To India,0,,-,398,NON,海外,862,NECOZE,海外,1395,KARUBI,海外,0,,-
IIDX RED,GENOCIDE,0,,-,1157,AIMU,海外,1884,KOMUGI,海外,2389,KARUBI,海外,0,,-
IIDX RED,gigadelic,449,NII,海外,1375,YUKARI,海外,2172,SC,海外,2502,MAD8KA,海外,0,,-
IIDX RED,HORIZON,0,,-,1073,KOMUGI,海外,1499,KOMUGI,海外,1970,SC,海外,0,,-
IIDX RED,KEY,0,,-,1114,KOMUGI,海外,1856,KOMUGI,海外,2841,KARUBI,海外,0,,-
IIDX RED,NEBULA GRASPER,0,,-,946,NIRO,海外,1943,KOMUGI,海外,2354,SHMERT,海外,0,,-
IIDX RED,Raspberry Heart(English version),0,,-,705,MANMA,海外,1537,KOMUGI,海外,1836,KO9HOU,海外,0,,-
IIDX RED,RED ZONE,139,AI,海外,968,CH1AKI,海外,1829,KOMUGI,海外,2304,#CHORD,海外,3082,MAD8KA,海外
IIDX RED,RESONATE 1794,0,,-,810,CH1AKI,海外,1369,KOMUGI,海外,1862,KARUBI,海外,0,,-
IIDX RED,Secret of Love,0,,-,603,KORO!,海外,1099,NECOZE,海外,1991,#CHORD,海外,0,,-
IIDX RED,SPEEDY CAT,0,,-,974,CH1AKI,海外,1644,KOMUGI,海外,2040,SC,海外,0,,-
IIDX RED,Sphere,0,,-,930,CH1AKI,海外,1844,KOMUGI,海外,2165,IIDX31,海外,0,,-
IIDX RED,spiral galaxy,0,,-,782,NIRO,海外,1992,KOMUGI,海外,2534,MAD8KA,海外,3753,SC,海外
IIDX RED,The Hope of Tomorrow,0,,-,828,CH1AKI,海外,1612,KOMUGI,海外,1933,KARUBI,海外,0,,-
IIDX RED,Wonder Bullfighter,0,,-,945,KOMUGI,海外,1371,KOMUGI,海外,2024,NYANTA,海外,0,,-
IIDX RED,ピアノ協奏曲第１番”蠍火”,0,,-,751,M!KA-L,海外,2095,#CHORD,海外,2662,MAD8KA,海外,0,,-
IIDX RED,大桟橋,0,,-,396,CH1AKI,海外,1109,KOMUGI,海外,1840,AIMU,海外,0,,-
IIDX RED,太陽～T・A・I・Y・O～,0,,-,791,G-CUP,海外,1162,C353,海外,1737,KARUBI,海外,0,,-
IIDX RED,ＵＬＴｉＭΛＴＥ,0,,-,813,HIQYER,海外,1368,UMA4RO,海外,1996,SC,海外,0,,-
HAPPY SKY,100％ minimoo-G,0,,-,736,CH1AKI,海外,1573,KOMUGI,海外,1721,AIMU,海外,0,,-
HAPPY SKY,Agnus Dei,0,,-,774,CH1AKI,海外,1441,HILL&N,海外,2070,KARUBI,海外,0,,-
HAPPY SKY,alla turca con passione,0,,-,723,CH1AKI,海外,1517,KOMUGI,海外,2173,KARUBI,海外,0,,-
HAPPY SKY,Aurora,0,,-,1209,TWEAK!,海外,2030,METHY,海外,2531,SC,海外,0,,-
HAPPY SKY,CaptivAte～浄化～,0,,-,1059,SOY,海外,1666,G-CUP,海外,2437,KARUBI,海外,3405,SC,海外
HAPPY SKY,Catch Me,0,,-,639,DKG,海外,1236,KMAGAY,海外,1746,#CHORD,海外,2088,#CHORD,海外
HAPPY SKY,Don't let it go,0,,-,112,AOZAKI,海外,1199,KATANA,海外,1676,NYANTA,海外,0,,-
HAPPY SKY,double thrash,0,,-,822,CHU2,海外,1992,C.Y.A,海外,2260,CHOOBO,海外,0,,-
HAPPY SKY,EDEN,0,,-,1155,HIQYER,海外,1883,KOMUGI,海外,2711,SC,海外,3235,NYANTA,海外
HAPPY SKY,EMPTY OF THE SKY,0,,-,340,BOFA,海外,1038,KOMUGI,海外,1683,KARUBI,海外,0,,-
HAPPY SKY,First Resolution,0,,-,664,CH1AKI,海外,1511,HYU-.,海外,2135,KARUBI,海外,0,,-
HAPPY SKY,garden,0,,-,872,KOMUGI,海外,1473,KOMUGI,海外,2018,KOMUGI,海外,3091,SC,海外
HAPPY SKY,Get'em up to R.A.V.E,0,,-,982,CH1AKI,海外,1625,YUKARI,海外,2240,OPNLEG,海外,0,,-
HAPPY SKY,GREEN EYES,0,,-,906,NOBETA,海外,1367,IVIIV,海外,2136,KO9HOU,海外,0,,-
HAPPY SKY,HAPPY☆ANGEL,580,C0Z1N,海外,942,CH1AKI,海外,1499,METHY,海外,2050,#CHORD,海外,0,,-
HAPPY SKY,I am,0,,-,1074,KOMUGI,海外,1736,KOMUGI,海外,2160,KARUBI,海外,0,,-
HAPPY SKY,in motion,0,,-,0,,-,848,NECOZE,海外,1313,SC,海外,0,,-
HAPPY SKY,INAZUMA,0,,-,1041,G-CUP,海外,1724,METHY,海外,2693,MAD8KA,海外,4007,MAD8KA,海外
HAPPY SKY,LESSON 5,0,,-,1059,CH1AKI,海外,1837,SAYA.S,海外,2498,NYANTA,海外,0,,-
HAPPY SKY,Little Little Princess,0,,-,1095,KOMUGI,海外,2087,KOMUGI,海外,2736,IIDX31,海外,3775,AIMU,海外
HAPPY SKY,Love Magic,0,,-,459,PIXEL,海外,1575,YUKARI,海外,1920,LUV*BT,海外,0,,-
HAPPY SKY,mind the gap,0,,-,585,KOMUGI,海外,829,KOMUGI,海外,1539,NYANTA,海外,0,,-
HAPPY SKY,MOON RACE,0,,-,683,CH1AKI,海外,1090,KOMUGI,海外,1892,KARUBI,海外,0,,-
HAPPY SKY,Pink Rose,0,,-,473,CATA,海外,927,KMAGAY,海外,1412,SC,海外,2010,SC,海外
HAPPY SKY,PLASMA,0,,-,878,CH1AKI,海外,1427,IVIIV,海外,2276,SC,海外,0,,-
HAPPY SKY,Pollinosis,0,,-,0,,-,1037,TWEAK!,海外,2462,KARUBI,海外,0,,-
HAPPY SKY,POODLE,0,,-,643,THAC0,海外,1861,KOMUGI,海外,2294,KARUBI,海外,3369,SC,海外
HAPPY SKY,rage against usual,0,,-,1167,CRAM,海外,1723,X,海外,2879,SC,海外,0,,-
HAPPY SKY,SCREAM SQUAD,0,,-,949,CH1AKI,海外,1536,G-CUP,海外,2062,AIMU,海外,0,,-
HAPPY SKY,Scripted Connection⇒ A mix,0,,-,1592,KOMUGI,海外,2088,KOMUGI,海外,3046,AIMU,海外,3391,SC,海外
HAPPY SKY,Scripted Connection⇒ H mix,0,,-,1210,CH1AKI,海外,1911,LAPIS,海外,2493,KARUBI,海外,2867,MAD8KA,海外
HAPPY SKY,Scripted Connection⇒ N mix,0,,-,1269,G-CUP,海外,1616,KOMUGI,海外,2123,NYANTA,海外,2424,KARUBI,海外
HAPPY SKY,SigSig,529,DAW9,海外,1074,KOMUGI,海外,1486,M!KA-L,海外,2604,SC,海外,0,,-
HAPPY SKY,Tizona d'El Cid,0,,-,911,NOBETA,海外,1868,KOMUGI,海外,2271,OPNLEG,海外,0,,-
HAPPY SKY,Twelfth Style,0,,-,1012,CH1AKI,海外,1199,NECOZE,海外,1998,IIDX31,海外,3256,SC,海外
HAPPY SKY,Under the Sky,0,,-,870,NOBETA,海外,1344,G-CUP,海外,1728,SC,海外,0,,-
HAPPY SKY,vault of heaven,0,,-,464,LIV,海外,1314,2KIPAQ,海外,1989,SC,海外,0,,-
HAPPY SKY,Votum stellarum,0,,-,677,CH1AKI,海外,1520,G-CUP,海外,1933,YUZUHA,海外,0,,-
HAPPY SKY,We are Disっ娘よっつ打ち命,0,,-,257,TRUDMP,海外,830,CH1AKI,海外,1637,#CHORD,海外,0,,-
HAPPY SKY,Xepher,283,PODO*,海外,950,CH1AKI,海外,2029,KOMUGI,海外,2977,SC,海外,0,,-
HAPPY SKY,オレはビートマニア！お前は何マニア？,0,,-,549,C-LAS*,海外,1431,YUKARI,海外,1563,C.Y.A,海外,0,,-
HAPPY SKY,ヒマワリ,0,,-,518,CH1AKI,海外,1818,KOMUGI,海外,2058,KARUBI,海外,0,,-
HAPPY SKY,ラクエン,0,,-,347,IIDX32,海外,738,NECOZE,海外,1959,#CHORD,海外,0,,-
HAPPY SKY,冥,461,CHOC,海外,1037,OPNLEG,海外,1955,METHY,海外,3738,AIMU,海外,0,,-
HAPPY SKY,合体せよ！ストロングイェーガー！！ (Ryu☆ remix),0,,-,766,NIRO,海外,1551,KOMUGI,海外,1910,#CHORD,海外,0,,-
HAPPY SKY,月光,0,,-,723,PEN-02,海外,1551,WE1SS,海外,2469,SC,海外,0,,-
DistorteD,ALFARSHEAR 双神威に廻る夢,215,AOZAKI,海外,1075,KOMUGI,海外,1636,KOMUGI,海外,2066,OPNLEG,海外,0,,-
DistorteD,Apocalypse ～dirge of swans～,206,C-LAS*,海外,750,CH1AKI,海外,1745,KOMUGI,海外,2352,KARUBI,海外,0,,-
DistorteD,BALLAD THE FEATHERS,0,,-,689,MALPEL,海外,985,PUKEUG,海外,1496,SOY,海外,0,,-
DistorteD,Bloody Tears(IIDX EDITION),0,,-,788,H18!,海外,1963,SHMERT,海外,2170,SC,海外,0,,-
DistorteD,BOOM BOOM DISCO NIGHT,0,,-,0,,-,1767,KOMUGI,海外,2259,SOY,海外,0,,-
DistorteD,Broadbanded,0,,-,777,CH1AKI,海外,1378,KOMUGI,海外,2005,KARUBI,海外,0,,-
DistorteD,Concertino in Blue,280,N2,海外,723,#FAXX,海外,1560,NEKO,海外,2471,AIMU,海外,0,,-
DistorteD,CONTRACT,0,,-,1205,YUKARI,海外,1620,C.Y.A,海外,2029,IIDX31,海外,2717,MAD8KA,海外
DistorteD,D.C.fish,0,,-,0,,-,1746,Y.T2,海外,2327,XXLAIN,海外,0,,-
DistorteD,DEEP ROAR,0,,-,822,CH1AKI,海外,1384,KOMUGI,海外,2744,KARUBI,海外,0,,-
DistorteD,Double Loving Heart,0,,-,481,CH1AKI,海外,1180,DKG,海外,1796,SOY,海外,0,,-
DistorteD,DUE TOMORROW,0,,-,613,H18!,海外,1413,KARUBI,海外,1995,AIMU,海外,0,,-
DistorteD,EURO-ROMANCE,0,,-,791,CH1AKI,海外,1794,KOMUGI,海外,2090,MAD8KA,海外,0,,-
DistorteD,Ganymede,0,,-,1124,KOMUGI,海外,1626,KOMUGI,海外,2297,MAD8KA,海外,2508,MAD8KA,海外
DistorteD,Harmony and Lovely,0,,-,892,KOMUGI,海外,1746,KOMUGI,海外,2226,KARUBI,海外,0,,-
DistorteD,Heavenly Sun (IIDX VERSION),0,,-,739,CH1AKI,海外,1574,KOMUGI,海外,2075,KO9HOU,海外,0,,-
DistorteD,INFERNO,0,,-,900,CH1AKI,海外,1466,YUKARI,海外,1993,KARUBI,海外,0,,-
DistorteD,Leaving...,0,,-,548,CH1AKI,海外,1232,CRAM,海外,2166,#CHORD,海外,0,,-
DistorteD,MINT,0,,-,790,CH1AKI,海外,1498,NEKO,海外,2295,SC,海外,0,,-
DistorteD,MOON,0,,-,751,DKG,海外,1983,KMAGAY,海外,2199,KARUBI,海外,0,,-
DistorteD,Power of Love,0,,-,0,,-,1408,CRAM,海外,2103,SOY,海外,0,,-
DistorteD,So Fabulous !!,0,,-,919,CH1AKI,海外,1523,KOMUGI,海外,2335,SC,海外,0,,-
DistorteD,Sun Field,0,,-,470,C4L3BT,海外,1328,PUKEUG,海外,2390,IIDX31,海外,0,,-
DistorteD,The Dirty of Loudness,0,,-,1275,TWEAK!,海外,2219,MAD8KA,海外,2545,#CHORD,海外,0,,-
DistorteD,This is Love,0,,-,777,CH1AKI,海外,1778,KOMUGI,海外,2437,KO9HOU,海外,0,,-
DistorteD,tripping contact(teranoid&MC Natsack Remix),0,,-,431,IIDX33,海外,1859,KOMUGI,海外,2449,KARUBI,海外,0,,-
DistorteD,TYPE MARS(G-Style Mix),0,,-,783,NEX*,海外,1742,KOMUGI,海外,2327,IIDX31,海外,0,,-
DistorteD,waxing and wanding,0,,-,1297,KOMUGI,海外,1967,SHMERT,海外,2867,KARUBI,海外,3965,MAD8KA,海外
DistorteD,Why did you go away,556,C4L3BT,海外,656,NIRO,海外,1739,KOMUGI,海外,2302,SC,海外,0,,-
DistorteD,WISH(EUROBEAT MIX),0,,-,733,H18!,海外,1600,KOMUGI,海外,1966,SC,海外,0,,-
DistorteD,with you…,0,,-,663,CH1AKI,海外,967,M!KA-L,海外,1774,NYANTA,海外,0,,-
DistorteD,Zenius -I- vanisher,0,,-,906,CH1AKI,海外,1456,KATANA,海外,2393,SC,海外,0,,-
DistorteD,カゴノトリ～弐式～,0,,-,0,,-,1755,KOMUGI,海外,2611,SC,海外,0,,-
DistorteD,タシカナモノ,0,,-,851,CH1AKI,海外,1409,KOMUGI,海外,2035,SC,海外,0,,-
DistorteD,嘆きの樹,0,,-,1740,KOMUGI,海外,2503,MAD8KA,海外,3834,SC,海外,0,,-
DistorteD,罠,0,,-,454,CH1AKI,海外,1448,YUKARI,海外,2449,KO9HOU,海外,0,,-
DistorteD,華蝶風雪,0,,-,1257,KOMUGI,海外,2011,KOMUGI,海外,2961,KARUBI,海外,3967,SC,海外
DistorteD,虹色,0,,-,112,SADBOY,海外,1256,ZXY!,海外,1862,SC,海外,0,,-
GOLD,2hot2eat,0,,-,523,KATANA,海外,752,NECOZE,海外,1585,YUZUHA,海外,0,,-
GOLD,Air Bell,0,,-,857,CH1AKI,海外,1018,NECOZE,海外,1701,#CHORD,海外,0,,-
GOLD,ANDROMEDA II,0,,-,884,CH1AKI,海外,1805,KOMUGI,海外,2417,YUZUHA,海外,0,,-
GOLD,Blind Justice ～Torn souls， Hurt Faiths ～,0,,-,1246,MALPEL,海外,1941,METHY,海外,2458,MAD8KA,海外,0,,-
GOLD,Candy Galy,0,,-,1328,C353,海外,2471,METHY,海外,3529,MAD8KA,海外,0,,-
GOLD,CaptivAte～裁き～,286,ADIGOS,海外,669,ZOMBIE,海外,1279,KOMUGI,海外,1772,SC,海外,0,,-
GOLD,CaptivAte～誓い～,0,,-,1208,MOYA*,海外,1957,METHY,海外,2213,XXLAIN,海外,0,,-
GOLD,CROSSROAD ～Left Story～,0,,-,1007,CH1AKI,海外,1651,GABRIL,海外,2192,SC,海外,0,,-
GOLD,Cyber Force,0,,-,1088,CH1AKI,海外,1771,YUKARI,海外,2374,SC,海外,0,,-
GOLD,Fascination MAXX,0,,-,868,CHOOBO,海外,1602,Q*BIZA,海外,2489,AIMU,海外,0,,-
GOLD,FIRE FIRE,387,JJ,海外,1195,MAD8KA,海外,1780,SHMERT,海外,2724,KARUBI,海外,0,,-
GOLD,four-leaf,0,,-,572,CH1AKI,海外,1069,TWEAK!,海外,1712,NYANTA,海外,0,,-
GOLD,GOLD RUSH,545,KATANA,海外,1007,C0Z1N,海外,1466,METHY,海外,2342,KARUBI,海外,0,,-
GOLD,GRID KNIGHT,0,,-,705,CH1AKI,海外,1704,TWEAK!,海外,2597,YUZUHA,海外,3453,MAD8KA,海外
GOLD,heaven above,0,,-,710,CH1AKI,海外,1262,YUKARI,海外,1811,LUV*BT,海外,0,,-
GOLD,High School Love,362,NKCHAN,海外,790,CH1AKI,海外,1436,KATANA,海外,2194,SC,海外,0,,-
GOLD,INORI,0,,-,1188,CH1AKI,海外,2531,KOMUGI,海外,3172,OPNLEG,海外,0,,-
GOLD,KAMAITACHI,0,,-,813,H18!,海外,1876,YUKARI,海外,2681,KARUBI,海外,3781,MAD8KA,海外
GOLD,LASER CRUSTER,0,,-,1389,KOMUGI,海外,2410,MAD8KA,海外,3162,MAD8KA,海外,0,,-
GOLD,Love Again...,0,,-,502,CH1AKI,海外,778,KOMUGI,海外,1050,Q*BIZA,海外,0,,-
GOLD,Make Me Your Own,0,,-,751,CH1AKI,海外,1524,METHY,海外,2142,AIMU,海外,0,,-
GOLD,METALLIC MIND,0,,-,616,CH1AKI,海外,1331,YUKARI,海外,1636,SC,海外,0,,-
GOLD,never…,0,,-,717,CH1AKI,海外,1077,C353,海外,1825,SC,海外,0,,-
GOLD,op.31 叙情,0,,-,465,MALPEL,海外,1154,Q*BIZA,海外,1559,KARUBI,海外,0,,-
GOLD,PHOTONGENIC,0,,-,1222,KOMUGI,海外,1856,KOMUGI,海外,2305,KARUBI,海外,0,,-
GOLD,Roulette,0,,-,798,CH1AKI,海外,1393,KOMUGI,海外,2079,SHMERT,海外,0,,-
GOLD,Second Heaven,199,ADIGOS,海外,830,CHU2,海外,1476,MEIMOW,海外,2111,SC,海外,0,,-
GOLD,Sense 2007,0,,-,1409,YUKARI,海外,2270,MAD8KA,海外,2962,AIMU,海外,0,,-
GOLD,smile,0,,-,1470,KOMUGI,海外,2119,KOMUGI,海外,2877,KARUBI,海外,0,,-
GOLD,snow storm,234,SC,海外,666,CATA,海外,2173,KOMUGI,海外,2789,KARUBI,海外,3348,SC,海外
GOLD,the shadow,0,,-,868,H18!,海外,1992,KOMUGI,海外,2901,SC,海外,0,,-
GOLD,The Smile of You,0,,-,792,C4L3BT,海外,1224,CRAM,海外,1628,SC,海外,0,,-
GOLD,TRANOID,0,,-,545,NIJIKO,海外,1549,CHIHIN,海外,2211,SC,海外,2994,MAD8KA,海外
GOLD,VANESSA,0,,-,1102,SAYA.S,海外,1707,METHY,海外,2425,AIMU,海外,3380,MAD8KA,海外
GOLD,Watch out!!,0,,-,631,CH1AKI,海外,959,KATANA,海外,1608,AIMU,海外,0,,-
GOLD,With your Smile,0,,-,726,KOMUGI,海外,1185,KOMUGI,海外,1561,Q*BIZA,海外,0,,-
GOLD,クルクル☆ラブ～Opioid Peptide MIX～,301,ADIGOS,海外,978,KOMUGI,海外,1455,MEIMOW,海外,2234,#CHORD,海外,0,,-
GOLD,ヨシダさん,0,,-,636,THDMG,海外,1372,YUKARI,海外,1967,NYANTA,海外,0,,-
GOLD,リグレット,0,,-,1297,KOMUGI,海外,1707,KOMUGI,海外,2423,SC,海外,0,,-
GOLD,星をこの手に,0,,-,982,C353,海外,1776,METHY,海外,2171,NYANTA,海外,0,,-
GOLD,花吹雪 ～ IIDX LIMITED ～,0,,-,616,CH1AKI,海外,1038,KATANA,海外,1411,#CHORD,海外,0,,-
GOLD,零 - ZERO -,202,ADIGOS,海外,1074,PUKEUG,海外,1773,KOMUGI,海外,2300,NYANTA,海外,2710,#CHORD,海外
GOLD,電人、暁に斃れる。,377,THDMG,海外,1252,CRAM,海外,2260,VXNISH,海外,3355,SC,海外,0,,-
DJ TROOPERS,2 tribe 4 K,0,,-,760,CH1AKI,海外,1273,CHOOBO,海外,2699,MAD8KA,海外,0,,-
DJ TROOPERS,"Anisakis -somatic mutation type""Forza""-",0,,-,1239,KOMUGI,海外,2066,KOMUGI,海外,2809,KARUBI,海外,3809,SC,海外
DJ TROOPERS,avant-guerre,0,,-,631,CH1AKI,海外,1236,KATANA,海外,1914,KARUBI,海外,0,,-
DJ TROOPERS,Be OK,0,,-,775,CH1AKI,海外,1686,KOMUGI,海外,2377,YUZUHA,海外,3256,KARUBI,海外
DJ TROOPERS,beatonic nation,0,,-,1246,G-CUP,海外,1816,C.Y.A,海外,2116,YUZUHA,海外,0,,-
DJ TROOPERS,Blue Rain,336,KMAGAY,海外,853,CH1AKI,海外,1560,METHY,海外,2239,AIMU,海外,3318,MAD8KA,海外
DJ TROOPERS,Darling my LUV,0,,-,594,CH1AKI,海外,931,MIO33#,海外,1376,SOY,海外,0,,-
DJ TROOPERS,Dazzlin' Darlin,296,C4L3BT,海外,848,PUKEUG,海外,1397,KOMUGI,海外,2226,SC,海外,0,,-
DJ TROOPERS,Digitank System,0,,-,822,CHU2,海外,1474,METHY,海外,2125,AIMU,海外,0,,-
DJ TROOPERS,Do it!! Do it!!,0,,-,977,SAYA.S,海外,1480,METHY,海外,1917,AIMU,海外,2408,OPNLEG,海外
DJ TROOPERS,end of world,0,,-,831,CH1AKI,海外,1705,METHY,海外,2489,NYANTA,海外,0,,-
DJ TROOPERS,evergreen,0,,-,998,#CHORD,海外,1384,#CHORD,海外,1948,SC,海外,0,,-
DJ TROOPERS,four pieces of heaven,0,,-,754,CH1AKI,海外,1614,KOMUGI,海外,2298,KARUBI,海外,2758,MAD8KA,海外
DJ TROOPERS,Freeway Shuffle,272,N2,海外,0,,-,1109,CRAM,海外,1821,IIDX31,海外,0,,-
DJ TROOPERS,ICARUS,0,,-,1167,ACB,海外,1777,1416,海外,2432,AIMU,海外,3639,AIMU,海外
DJ TROOPERS,in the Sky,0,,-,1283,CRAM,海外,2015,GABRIL,海外,2528,77BAR,海外,0,,-
DJ TROOPERS,Kick Out 仮面,0,,-,1031,CH1AKI,海外,1506,KOMUGI,海外,2024,SC,海外,0,,-
DJ TROOPERS,LOVELY STORM,0,,-,1017,NEX*,海外,1940,IIDX33,海外,2786,YUZUHA,海外,0,,-
DJ TROOPERS,madrugada,0,,-,623,CH1AKI,海外,1138,KATANA,海外,1806,YUZUHA,海外,0,,-
DJ TROOPERS,MAX LOVE,0,,-,1263,CH1AKI,海外,2144,VRASNA,海外,2657,AIMU,海外,0,,-
DJ TROOPERS,MENDES,0,,-,875,GMPD!!,海外,2550,#CHORD,海外,3538,MAD8KA,海外,0,,-
DJ TROOPERS,MENTAL MELTDOWN,0,,-,958,CH1AKI,海外,2095,KOMUGI,海外,2778,MAD8KA,海外,0,,-
DJ TROOPERS,NEW GENERATION -もう、お前しか見えない-,0,,-,888,CH1AKI,海外,1797,KATANA,海外,2619,NYANTA,海外,3554,OPNLEG,海外
DJ TROOPERS,oratio,0,,-,843,THDMG,海外,1931,KOMUGI,海外,2893,KARUBI,海外,0,,-
DJ TROOPERS,PARANOiA ～HADES～,0,,-,1047,SC,海外,1839,MAD8KA,海外,2681,AIMU,海外,0,,-
DJ TROOPERS,PROMISE FOR LIFE,0,,-,446,NAIDES,海外,1412,M!KA-L,海外,1748,SC,海外,0,,-
DJ TROOPERS,REMINISCENCE,0,,-,1115,CH1AKI,海外,1813,KOMUGI,海外,2328,AIMU,海外,0,,-
DJ TROOPERS,Rising in the Sun(original mix),0,,-,561,THDMG,海外,1208,NECOZE,海外,2361,MAD8KA,海外,0,,-
DJ TROOPERS,Ristaccia,0,,-,1038,DKG,海外,1876,METHY,海外,2731,NYANTA,海外,0,,-
DJ TROOPERS,"satellite020712 from ""CODED ARMS""",0,,-,701,YUUME,海外,1629,KATANA,海外,2535,SC,海外,0,,-
DJ TROOPERS,satfinal,0,,-,982,CH1AKI,海外,1372,KATANA,海外,1905,MAD8KA,海外,0,,-
DJ TROOPERS,scar in the earth,0,,-,588,CH1AKI,海外,931,M!KA-L,海外,1497,KO9HOU,海外,0,,-
DJ TROOPERS,SOUND OF GIALLARHORN,450,ADIGOS,海外,1387,KARUBI,海外,2506,MEIMOW,海外,3280,KARUBI,海外,0,,-
DJ TROOPERS,State Of The Art,0,,-,1026,-KYO-,海外,1474,YUKARI,海外,3055,IIDX31,海外,0,,-
DJ TROOPERS,STEEL NEEDLE,0,,-,1100,KOMUGI,海外,1912,NEKO,海外,2444,KARUBI,海外,3314,MAD8KA,海外
DJ TROOPERS,switch,0,,-,710,PUKEUG,海外,1429,NEKO,海外,2102,SC,海外,0,,-
DJ TROOPERS,THE DEEP STRIKER,439,ADIGOS,海外,905,CH1AKI,海外,2050,KOMUGI,海外,3003,AIMU,海外,3461,#CHORD,海外
DJ TROOPERS,the trigger of innocence,0,,-,761,CH1AKI,海外,1173,KOMUGI,海外,1841,SC,海外,3093,MAD8KA,海外
DJ TROOPERS,Time to Air,0,,-,1044,LOKULO,海外,1958,MEIMOW,海外,2780,KO9HOU,海外,3643,AIMU,海外
DJ TROOPERS,TRIP MACHINE PhoeniX,0,,-,453,PODO*,海外,1511,YUKARI,海外,1729,LUV*BT,海外,0,,-
DJ TROOPERS,TROOPERS,0,,-,1075,CH1AKI,海外,2253,KOMUGI,海外,2946,NYANTA,海外,0,,-
DJ TROOPERS,Ubertreffen,0,,-,1105,KOMUGI,海外,1861,METHY,海外,2500,KARUBI,海外,3221,SC,海外
DJ TROOPERS,Wanna Party?,0,,-,493,LS460L,海外,1078,CRAM,海外,1517,SC,海外,2572,KARUBI,海外
DJ TROOPERS,エコ爺,336,MOYA*,海外,794,1416,海外,1006,NECOZE,海外,1837,SC,海外,0,,-
DJ TROOPERS,マチ子の唄,0,,-,749,CH1AKI,海外,1248,M!KA-L,海外,1793,NYANTA,海外,0,,-
DJ TROOPERS,ミラージュ・レジデンス,0,,-,0,,-,1983,METHY,海外,2647,NYANTA,海外,3253,MAD8KA,海外
DJ TROOPERS,少年A,0,,-,922,CHU2,海外,2053,METHY,海外,2708,#CHORD,海外,0,,-
DJ TROOPERS,華爛漫 -Flowers-,316,AAAAAA,海外,767,NIRO,海外,1564,KOMUGI,海外,2038,A-SORA,海外,3161,SC,海外
DJ TROOPERS,走馬灯 -The Last Song-,0,,-,301,BOFA,海外,882,KOMUGI,海外,1333,AIMU,海外,0,,-
DJ TROOPERS,高高度降下低高度開傘,0,,-,763,LOKULO,海外,1367,KATANA,海外,1915,KOMUGI,海外,0,,-
EMPRESS,3y3s,418,AI,海外,1303,CRAM,海外,2373,METHY,海外,3541,MAD8KA,海外,0,,-
EMPRESS,ALL I NEED YOUR LOVE,0,,-,678,PODO*,海外,1577,YUKARI,海外,2118,MAD8KA,海外,0,,-
EMPRESS,ALL MY TURN -このターンに、オレの全てを賭ける-,0,,-,926,GXG,海外,1815,KOMUGI,海外,2554,KARUBI,海外,0,,-
EMPRESS,Arabian Rave Night,0,,-,1052,NI9DSN,海外,2189,METHY,海外,2921,KARUBI,海外,3580,MAD8KA,海外
EMPRESS,B4U(BEMANI FOR YOU MIX),0,,-,1067,O-KAHN,海外,2203,KOMUGI,海外,3557,NYANTA,海外,4550,AIMU,海外
EMPRESS,Bahram Attack-猫叉Master Remix-,0,,-,838,JOJO,海外,1910,Q*BIZA,海外,2619,NYANTA,海外,3218,KARUBI,海外
EMPRESS,BITTER CHOCOLATE STRIKER,0,,-,1007,CRAM,海外,2127,N2T*,海外,3917,AIMU,海外,0,,-
EMPRESS,BRIDAL FESTIVAL !!!,0,,-,748,CH1AKI,海外,1250,DKG,海外,2113,AIMU,海外,0,,-
EMPRESS,CaptivAte2～覚醒～,216,C-LAS*,海外,873,CH1AKI,海外,1558,UMA4RO,海外,2383,KARUBI,海外,0,,-
EMPRESS,Colorful Cookie,404,GIGA,海外,1061,PUKEUG,海外,2189,MEIMOW,海外,3468,MAD8KA,海外,0,,-
EMPRESS,Cyber Force -DJ Yoshitaka Remix-,0,,-,928,CH1AKI,海外,1740,YUKARI,海外,2506,MAD8KA,海外,0,,-
EMPRESS,Flash Back 90's,0,,-,752,CH1AKI,海外,1829,METHY,海外,2282,ARK,海外,2816,#CHORD,海外
EMPRESS,Fly Above,0,,-,869,CH1AKI,海外,1609,KOMUGI,海外,2030,SC,海外,0,,-
EMPRESS,Go Beyond!!,319,BOFA,海外,844,ACB,海外,1589,VXNISH,海外,2218,MAD8KA,海外,0,,-
EMPRESS,HYPERION,0,,-,955,CH1AKI,海外,1960,KOMUGI,海外,2715,NYANTA,海外,0,,-
EMPRESS,I'm Screaming LOVE,0,,-,564,CH1AKI,海外,1106,C4L3BT,海外,1695,SC,海外,0,,-
EMPRESS,Jack,0,,-,775,CH1AKI,海外,1320,KOMUGI,海外,2152,KARUBI,海外,0,,-
EMPRESS,Just a Little Smile,0,,-,574,NIRO,海外,1295,KOMUGI,海外,2438,NYANTA,海外,0,,-
EMPRESS,Kung-fu Empire,0,,-,1507,KOMUGI,海外,2433,KOMUGI,海外,3224,KARUBI,海外,3919,SC,海外
EMPRESS,Marie Antoinette,0,,-,763,CH1AKI,海外,1814,KOMUGI,海外,2534,NYANTA,海外,3162,AIMU,海外
EMPRESS,Mind Mapping,371,BOFA,海外,729,CH1AKI,海外,1195,KOMUGI,海外,1756,KOMUGI,海外,2219,MAD8KA,海外
EMPRESS,Monkey Dance '09,0,,-,782,CH1AKI,海外,1673,METHY,海外,2256,SC,海外,0,,-
EMPRESS,naughty girl@Queen's Palace,0,,-,703,CH1AKI,海外,1619,SHMERT,海外,2135,SC,海外,2667,NYANTA,海外
EMPRESS,neogenesis,0,,-,910,CH1AKI,海外,1149,CH1AKI,海外,1715,SC,海外,2229,77HIRA,海外
EMPRESS,NΦ CRIME,250,BENNY,海外,751,IIDX33,海外,1392,KOMUGI,海外,1858,KO9HOU,海外,2410,SC,海外
EMPRESS,Programmed World,0,,-,936,KOMUGI,海外,1754,KOMUGI,海外,2256,SOY,海外,0,,-
EMPRESS,Punch Love 仮面,0,,-,934,H18!,海外,1695,KOMUGI,海外,2487,SOY,海外,3230,SC,海外
EMPRESS,Queen's Tragedy,0,,-,770,CH1AKI,海外,1565,YUKARI,海外,2199,KARUBI,海外,0,,-
EMPRESS,Secrets,0,,-,1055,CH1AKI,海外,2310,AFMT,海外,3107,KARUBI,海外,4025,MAD8KA,海外
EMPRESS,smooooch・∀・,316,ROBIN,海外,828,MAD8KA,海外,1593,MEIMOW,海外,2128,IIDX31,海外,2783,MAD8KA,海外
EMPRESS,SOLITON BEAM,0,,-,1180,O-KAHN,海外,1959,SHMERT,海外,2332,KO9HOU,海外,0,,-
EMPRESS,THANK YOU FOR PLAYING,0,,-,710,CH1AKI,海外,1509,YUKARI,海外,2123,NYANTA,海外,2956,SC,海外
EMPRESS,THE SHINING POLARIS(kors k mix),0,,-,995,CH1AKI,海外,2006,KOMUGI,海外,3220,SC,海外,0,,-
EMPRESS,thunder HOUSE NATION Remix,0,,-,1073,KOMUGI,海外,1614,KOMUGI,海外,2445,SHMERT,海外,3874,AIMU,海外
EMPRESS,Turii ～Panta rhei～,329,ADIGOS,海外,888,KOMUGI,海外,1988,KOMUGI,海外,2672,SC,海外,0,,-
EMPRESS,V2,594,IIDX33,海外,1264,PODO*,海外,2964,CHOOBO,海外,3523,MAD8KA,海外,0,,-
EMPRESS,Y&Co. is dead or alive,0,,-,822,CH1AKI,海外,1592,1416,海外,2749,NYANTA,海外,0,,-
EMPRESS,"You'll say ""Now!""",0,,-,594,CH1AKI,海外,1642,VXNISH,海外,2494,SC,海外,0,,-
EMPRESS,まほろば,0,,-,639,H18!,海外,1308,YUKARI,海外,2056,SC,海外,0,,-
EMPRESS,ハリツヤランデヴー,0,,-,867,CH1AKI,海外,2050,KOMUGI,海外,2471,NYANTA,海外,0,,-
EMPRESS,ミッドナイト堕天使,0,,-,706,NIRO,海外,1491,YUKARI,海外,2772,SC,海外,0,,-
EMPRESS,不沈艦CANDY,503,LIV,海外,983,CH1AKI,海外,1923,METHY,海外,3280,MAD8KA,海外,0,,-
EMPRESS,凛として咲く花の如く,352,ADIGOS,海外,1108,C0Z1N,海外,1965,24,海外,2767,#CHORD,海外,3174,SC,海外
EMPRESS,卑弥呼,0,,-,1093,MRN,海外,2687,KARUBI,海外,3990,MAD8KA,海外,0,,-
EMPRESS,天空脳番長危機十六連打,0,,-,799,CH1AKI,海外,1882,NEKO,海外,2597,NYANTA,海外,0,,-
EMPRESS,山岡晃の「クイズ！家事都合！」,0,,-,606,CH1AKI,海外,1255,YUKARI,海外,2040,KARUBI,海外,0,,-
EMPRESS,翼,0,,-,503,N2,海外,1374,M!KA-L,海外,1970,SC,海外,2480,AIMU,海外
EMPRESS,鉄甲乙女-under the steel-,0,,-,639,DIZZY?,海外,1549,MIO33#,海外,2169,KARUBI,海外,0,,-
SIRIUS,AIR RAID FROM THA UNDAGROUND,407,PODO*,海外,1040,GMPD!!,海外,1377,INITIA,海外,2257,77BAR,海外,2960,SC,海外
SIRIUS,Almagest,0,,-,983,KOMUGI,海外,2190,KARUBI,海外,3124,AIMU,海外,0,,-
SIRIUS,Bad Maniacs,0,,-,1258,NEKO,海外,1797,KOMUGI,海外,3191,SC,海外,0,,-
SIRIUS,bass 2 bass,265,******,海外,706,*ITO.*,海外,1260,KOMUGI,海外,1910,SC,海外,0,,-
SIRIUS,beatchic☆仮面～好き、でいさせて～,0,,-,0,,-,1438,NETT00,海外,2009,SC,海外,0,,-
SIRIUS,BEAUTIFUL ANGEL,0,,-,554,CH1AKI,海外,1621,CRAM,海外,2458,NYANTA,海外,0,,-
SIRIUS,being torn the sky,0,,-,611,CH1AKI,海外,1153,KOMUGI,海外,1983,MAD8KA,海外,0,,-
SIRIUS,bloomin' feeling,333,LIV,海外,1212,M!KA-L,海外,1913,KOMUGI,海外,2594,SC,海外,0,,-
SIRIUS,CaptivAte～裁き～(SUBLIME TECHNO MIX),0,,-,680,THDMG,海外,1412,BLACK.,海外,2432,SC,海外,0,,-
SIRIUS,D,0,,-,1370,G-CUP,海外,1604,KO1NU.,海外,2520,AIMU,海外,0,,-
SIRIUS,DAWN -THE NEXT ENDEAVOUR-,0,,-,1591,YUKARI,海外,2520,MEIMOW,海外,3121,#CHORD,海外,0,,-
SIRIUS,Dazzlin' Darlin-秋葉工房mix-,0,,-,718,CH1AKI,海外,1476,KOMUGI,海外,2092,SC,海外,0,,-
SIRIUS,DESIRE,0,,-,837,CH1AKI,海外,1727,TWEAK!,海外,2823,KARUBI,海外,0,,-
SIRIUS,Do Back Burn,0,,-,656,TGM77,海外,1347,YUKARI,海外,2113,AIMU,海外,0,,-
SIRIUS,DOMINION,0,,-,906,NIRO,海外,2252,METHY,海外,3185,MAD8KA,海外,0,,-
SIRIUS,DROP,0,,-,750,CH1AKI,海外,2027,KOMUGI,海外,2613,KARUBI,海外,0,,-
SIRIUS,Elisha,318,ADIGOS,海外,823,CH1AKI,海外,1469,VRASNA,海外,2256,KARUBI,海外,0,,-
SIRIUS,Empire State Glory,0,,-,974,CH1AKI,海外,1717,J*HAYR,海外,2631,MAD8KA,海外,0,,-
SIRIUS,eRAseRmOToRpHAntOM,0,,-,1352,NETT00,海外,2449,KOMUGI,海外,3290,AIMU,海外,0,,-
SIRIUS,Evans,511,AI,海外,1167,PUKEUG,海外,2212,MAD8KA,海外,2773,SC,海外,0,,-
SIRIUS,EXUSIA,0,,-,978,CH1AKI,海外,2530,KOMUGI,海外,3794,AIMU,海外,0,,-
SIRIUS,G59,0,,-,1620,CRAM,海外,2173,KOMUGI,海外,3835,MAD8KA,海外,0,,-
SIRIUS,GALGALIM,0,,-,789,CH1AKI,海外,1853,KOMUGI,海外,2343,OPNLEG,海外,0,,-
SIRIUS,GOLDEN CROSS,0,,-,838,ADIGOS,海外,2027,AMANE,海外,3469,SC,海外,0,,-
SIRIUS,Hydrogen Blueback,0,,-,864,CH1AKI,海外,1568,1416,海外,2271,IIDX31,海外,2399,#CHORD,海外
SIRIUS,IN THE NAME OF LOVE,430,ADIGOS,海外,0,,-,1295,YUKARI,海外,1934,SC,海外,0,,-
SIRIUS,Keep it-秋葉工房mix-,0,,-,883,CH1AKI,海外,1529,UMA4RO,海外,1828,SOY,海外,0,,-
SIRIUS,Last Burning,0,,-,743,CH1AKI,海外,1570,KOMUGI,海外,2255,Q*BIZA,海外,0,,-
SIRIUS,Light Shine,0,,-,715,CH1AKI,海外,1130,KOMUGI,海外,1951,SC,海外,0,,-
SIRIUS,MIRACLE MEETS,0,,-,761,EXDEE,海外,1560,METHY,海外,2223,AIMU,海外,0,,-
SIRIUS,mosaic,0,,-,1414,CRAM,海外,2046,CHOOBO,海外,3004,NYANTA,海外,0,,-
SIRIUS,NEW SENSATION -もう、あなたしか見えない-,0,,-,1262,KOMUGI,海外,1995,KOMUGI,海外,2667,KARUBI,海外,0,,-
SIRIUS,NoN-Fiction Story!,0,,-,527,LIV,海外,1301,CRAM,海外,2198,NYANTA,海外,0,,-
SIRIUS,Programmed Sun,0,,-,926,33,海外,1747,CHOOBO,海外,2560,MAD8KA,海外,0,,-
SIRIUS,quell～the seventh slave～,0,,-,859,CH1AKI,海外,1737,KOMUGI,海外,3156,MAD8KA,海外,0,,-
SIRIUS,Raison d'etre～交差する宿命～,0,,-,1018,N.O.,海外,2196,KOMUGI,海外,2693,NYANTA,海外,4703,MAD8KA,海外
SIRIUS,Red. by Full Metal Jacket,0,,-,1022,KOMUGI,海外,2037,AMANE,海外,3168,AIMU,海外,0,,-
SIRIUS,Roots of my way!,0,,-,863,MALPEL,海外,1015,NECOZE,海外,2037,SC,海外,0,,-
SIRIUS,Session 1 -Genesis-,0,,-,867,MOYA*,海外,1403,YUKARI,海外,2423,OPNLEG,海外,0,,-
SIRIUS,She is my wife,281,33375,海外,589,CH1AKI,海外,1497,KMAGAY,海外,1909,YUZUHA,海外,0,,-
SIRIUS,SOLID STATE SQUAD,0,,-,631,THDMG,海外,2186,KOMUGI,海外,3544,MAD8KA,海外,3606,SC,海外
SIRIUS,Sorrows,0,,-,810,KOMUGI,海外,1657,SAYA.S,海外,2464,MAD8KA,海外,0,,-
SIRIUS,Special One,0,,-,704,CH1AKI,海外,925,NECOZE,海外,1752,SC,海外,0,,-
SIRIUS,THE LAST STRIKER,0,,-,655,$,海外,1820,YUKARI,海外,2630,MAD8KA,海外,0,,-
SIRIUS,The Story Begins,0,,-,753,CH1AKI,海外,1733,YUKARI,海外,2436,MAD8KA,海外,0,,-
SIRIUS,かずあそび,0,,-,469,CH1AKI,海外,1024,NECOZE,海外,1688,#CHORD,海外,0,,-
SIRIUS,たからもの,0,,-,1136,CH1AKI,海外,1843,KOMUGI,海外,2219,#CHORD,海外,3550,MAD8KA,海外
SIRIUS,コスモス,0,,-,865,PUKEUG,海外,1510,KOMUGI,海外,2090,SC,海外,0,,-
SIRIUS,サヨナラ・ヘヴン,333,ADIGOS,海外,804,CH1AKI,海外,1346,METHY,海外,1657,KOMUGI,海外,2168,NYANTA,海外
SIRIUS,バビロニア,0,,-,717,CH1AKI,海外,1316,KATANA,海外,1831,METHY,海外,0,,-
SIRIUS,ワルツ第17番 ト短調”大犬のワルツ”,0,,-,1017,M!KA-L,海外,2242,KARUBI,海外,3175,AIMU,海外,0,,-
SIRIUS,未来のプリズム,0,,-,614,CH1AKI,海外,1321,KOMUGI,海外,1771,SC,海外,0,,-
SIRIUS,"水上の提督(Short mix from ""幻想水滸伝V"")",0,,-,681,PUKEUG,海外,1456,GABRIL,海外,2074,SC,海外,0,,-
Resort Anthem,Aegis,0,,-,730,CH1AKI,海外,1334,C.Y.A,海外,2301,KARUBI,海外,0,,-
Resort Anthem,ALBIDA,387,PODO*,海外,1013,CH1AKI,海外,1937,77BAR,海外,2926,OPNLEG,海外,0,,-
Resort Anthem,Answer,0,,-,749,PUKEUG,海外,1410,YUKARI,海外,2422,SC,海外,0,,-
Resort Anthem,ANTHEM LANDING,0,,-,835,PODO*,海外,1892,KOMUGI,海外,2939,SC,海外,0,,-
Resort Anthem,Believe In Me,0,,-,939,CH1AKI,海外,1738,-KYO-,海外,2373,SC,海外,0,,-
Resort Anthem,BLUST OF WIND,0,,-,431,ZAKURO,海外,1513,KOMUGI,海外,2121,SOY,海外,2601,KARUBI,海外
Resort Anthem,Bounce Bounce Bounce,0,,-,972,CH1AKI,海外,1626,Q*BIZA,海外,2455,NYANTA,海外,0,,-
Resort Anthem,Breaking the ground,0,,-,1085,CH1AKI,海外,1685,CRAM,海外,2521,AIMU,海外,0,,-
Resort Anthem,Broken,0,,-,900,PODO*,海外,2047,SHMERT,海外,3143,SC,海外,0,,-
Resort Anthem,BROKEN EDEN,0,,-,907,CH1AKI,海外,1646,KOMUGI,海外,2300,KO9HOU,海外,0,,-
Resort Anthem,Dances with Snow Fairies,0,,-,1005,C-LAS*,海外,2139,KOMUGI,海外,2985,OPNLEG,海外,4009,MAD8KA,海外
Resort Anthem,DAYDREAMER,0,,-,1038,CH1AKI,海外,1715,KOMUGI,海外,2523,SC,海外,0,,-
Resort Anthem,Destiny Sword,0,,-,489,THDMG,海外,1767,KOMUGI,海外,2328,77BAR,海外,0,,-
Resort Anthem,DM STAR～関西 energy style～,0,,-,988,.57577,海外,1886,KOMUGI,海外,2395,KARUBI,海外,0,,-
Resort Anthem,Energy Drive,0,,-,693,PODO*,海外,1421,Q*BIZA,海外,2210,AIMU,海外,0,,-
Resort Anthem,Eternal Tears,0,,-,263,BBBH,海外,1095,KOMUGI,海外,1358,AIMU,海外,0,,-
Resort Anthem,Everlasting Resort,0,,-,628,ARSK,海外,1089,CH1AKI,海外,1818,Q*BIZA,海外,0,,-
Resort Anthem,Fantasia,213,ADIGOS,海外,337,CATA,海外,1459,CRAM,海外,2239,SC,海外,0,,-
Resort Anthem,Golden Palms,0,,-,691,CH1AKI,海外,1410,METHY,海外,2016,NYANTA,海外,2363,MAD8KA,海外
Resort Anthem,I FIGHT ME,0,,-,557,CH1AKI,海外,1343,YUKARI,海外,2128,NYANTA,海外,0,,-
Resort Anthem,Kailua,0,,-,520,PUKEUG,海外,1340,METHY,海外,2198,AIMU,海外,0,,-
Resort Anthem,Let The Track Flow,0,,-,810,CH1AKI,海外,1738,NEKO,海外,2625,MAD8KA,海外,0,,-
Resort Anthem,Medicine of love,0,,-,580,CH1AKI,海外,1092,KOMUGI,海外,1729,SC,海外,2519,MAD8KA,海外
Resort Anthem,Mermaid girl,484,LIV,海外,988,KOMUGI,海外,1689,KOMUGI,海外,2216,NYANTA,海外,0,,-
Resort Anthem,Never Fade Away,0,,-,673,CH1AKI,海外,1588,KATANA,海外,2940,KO9HOU,海外,0,,-
Resort Anthem,New Castle Legions,0,,-,718,CH1AKI,海外,1796,NEKO,海外,2752,AIMU,海外,0,,-
Resort Anthem,PARADISE LOST,0,,-,1014,NIRO,海外,2286,MAD8KA,海外,3200,KARUBI,海外,0,,-
Resort Anthem,passionate fate,0,,-,904,NIRO,海外,1593,KOMUGI,海外,2119,AIMU,海外,0,,-
Resort Anthem,perditus†paradisus,0,,-,1281,KOMUGI,海外,2259,METHY,海外,3787,SC,海外,0,,-
Resort Anthem,Programmed Life,0,,-,942,CH1AKI,海外,1539,FRG,海外,2242,HYU-.,海外,0,,-
Resort Anthem,reunion,481,C4L3BT,海外,1293,CRAM,海外,2309,C.Y.A,海外,3216,AIMU,海外,0,,-
Resort Anthem,Rock Da House,0,,-,784,CH1AKI,海外,1547,HANIWA,海外,2209,MAD8KA,海外,0,,-
Resort Anthem,SABER WING,0,,-,0,,-,1738,BAND!T,海外,2825,AIMU,海外,0,,-
Resort Anthem,Sakura Reflection,0,,-,448,A,海外,1586,KOMUGI,海外,2364,SC,海外,0,,-
Resort Anthem,sakura storm,0,,-,951,CH1AKI,海外,1228,KATANA,海外,2387,SC,海外,0,,-
Resort Anthem,Session 9 -Chronicles-,0,,-,685,CH1AKI,海外,2284,METHY,海外,3514,MAD8KA,海外,0,,-
Resort Anthem,Space Time,0,,-,0,,-,1476,IVIIV,海外,2157,AIMU,海外,0,,-
Resort Anthem,SPECIAL SUMMER CAMPAIGN!,0,,-,654,CH1AKI,海外,1267,NECOZE,海外,2952,#CHORD,海外,0,,-
Resort Anthem,Stay my side,0,,-,555,C4L3BT,海外,1014,KATANA,海外,1344,NYANTA,海外,0,,-
Resort Anthem,STELLAR WIND,336,ADIGOS,海外,552,CH1AKI,海外,1795,METHY,海外,2647,KARUBI,海外,0,,-
Resort Anthem,THE BLACK KNIGHT,0,,-,833,LUIGIF,海外,1958,XIAO9,海外,2916,AIMU,海外,4429,MAD8KA,海外
Resort Anthem,THE DOOR INTO RAINBOW,0,,-,714,CH1AKI,海外,1654,METHY,海外,2138,MAD8KA,海外,0,,-
Resort Anthem,THE FALLEN,0,,-,801,CH1AKI,海外,1443,KOMUGI,海外,2678,KARUBI,海外,0,,-
Resort Anthem,Tropical April,0,,-,1594,SAYA.S,海外,2243,KOMUGI,海外,2708,KARUBI,海外,0,,-
Resort Anthem,Vermillion,0,,-,0,,-,1041,HILL&N,海外,2066,SC,海外,0,,-
Resort Anthem,Watch Out Pt.2,0,,-,1149,KOMUGI,海外,1877,AMANE,海外,2860,SC,海外,0,,-
Resort Anthem,WISE UP!,315,ADIGOS,海外,445,CH1AKI,海外,914,NECOZE,海外,1577,OPNLEG,海外,2594,KARUBI,海外
Resort Anthem,Wuv U,0,,-,388,NETT00,海外,1189,MIO33#,海外,1697,MAD8KA,海外,0,,-
Resort Anthem,XANADU OF TWO,0,,-,1003,KOMUGI,海外,1750,KOMUGI,海外,2742,SC,海外,3433,SC,海外
Resort Anthem,ZETA～素数の世界と超越者～,286,ADIGOS,海外,539,CH1AKI,海外,2042,METHY,海外,3080,KARUBI,海外,0,,-
Resort Anthem,おおきなこえで,0,,-,334,LIV,海外,853,NECOZE,海外,1448,IIDX31,海外,2150,NYANTA,海外
Resort Anthem,かげぬい ～ Ver.BENIBOTAN ～,325,AMOGUS,海外,597,THDMG,海外,1342,YUKARI,海外,1903,KO9HOU,海外,0,,-
Resort Anthem,中華急行,0,,-,306,CH1AKI,海外,1380,PUKEUG,海外,2317,SC,海外,0,,-
Resort Anthem,夕焼け ～Fading Day～,0,,-,851,Q*BIZA,海外,1977,METHY,海外,2781,KARUBI,海外,0,,-
Resort Anthem,旅人リラン,0,,-,1145,KOMUGI,海外,1916,KOMUGI,海外,2643,SC,海外,0,,-
Resort Anthem,灼熱Beach Side Bunny,565,METHY,海外,1109,KOMUGI,海外,1846,AMANE,海外,3165,AIMU,海外,0,,-
Resort Anthem,黒髪乱れし修羅となりて,0,,-,809,KOMUGI,海外,2016,KOMUGI,海外,3429,SC,海外,0,,-
Lincle,24th Century BOY,0,,-,788,CH1AKI,海外,1669,CRAM,海外,2844,KARUBI,海外,0,,-
Lincle,532nm,0,,-,522,C4L3BT,海外,1112,HIQYER,海外,2639,MAD8KA,海外,0,,-
Lincle,A MINSTREL ～ ver. short-scape ～,0,,-,662,PUKEUG,海外,1415,G-CUP,海外,2366,MAD8KA,海外,3853,SOY,海外
Lincle,Almace,0,,-,766,CH1AKI,海外,1275,C.Y.A,海外,1985,NYANTA,海外,0,,-
Lincle,ANAGRAMS I to Y,0,,-,429,ORION,海外,1559,CRAM,海外,2450,SOY,海外,0,,-
Lincle,BLACK.by X-Cross Fade,0,,-,1024,KOMUGI,海外,2162,OPNLEG,海外,3355,AIMU,海外,0,,-
Lincle,CALL,0,,-,301,C4L3BT,海外,841,KOMUGI,海外,1452,AIMU,海外,2683,SC,海外
Lincle,Castle on the Moon,210,ADIGOS,海外,623,CH1AKI,海外,1518,ZEKU-O,海外,2411,AIMU,海外,0,,-
Lincle,Change the World,0,,-,616,TEMPO,海外,1368,YUKARI,海外,1849,SC,海外,0,,-
Lincle,DIAVOLO,0,,-,1301,KOMUGI,海外,1819,KOMUGI,海外,3116,AIMU,海外,0,,-
Lincle,Drive Me Crazy,0,,-,636,CH1AKI,海外,1377,KOMUGI,海外,2286,MAD8KA,海外,0,,-
Lincle,Express Emotion,0,,-,610,LL2DX,海外,1035,KOMUGI,海外,2513,SC,海外,0,,-
Lincle,F,0,,-,1041,KOMUGI,海外,2137,SHMERT,海外,3531,SC,海外,0,,-
Lincle,Far east nightbird,299,ADIGOS,海外,473,HIQYER,海外,1250,GABRIL,海外,2017,SC,海外,0,,-
Lincle,fffff,0,,-,520,LS460L,海外,1935,KOMUGI,海外,3062,KARUBI,海外,0,,-
Lincle,Flip Flap,264,******,海外,567,PUKEUG,海外,1319,YUKARI,海外,2200,AIMU,海外,0,,-
Lincle,Follow Tomorrow,0,,-,703,WEI,海外,1481,KOMUGI,海外,2226,SOY,海外,0,,-
Lincle,GIGANT,0,,-,491,C4L3BT,海外,1136,KOMUGI,海外,1758,NYANTA,海外,2925,AIMU,海外
Lincle,HAERETICUS,0,,-,451,XSOFT,海外,1740,NEKO,海外,2980,#CHORD,海外,0,,-
Lincle,I'm so Happy,308,KILLER,海外,384,CH1AKI,海外,1295,MEIMOW,海外,2326,MAD8KA,海外,0,,-
Lincle,In the Blackest Den,0,,-,0,,-,1535,METHY,海外,2546,KARUBI,海外,0,,-
Lincle,Infinite cave,0,,-,910,CH1AKI,海外,1446,YUKARI,海外,1947,N2T*,海外,0,,-
Lincle,KYAMISAMA ONEGAI!,0,,-,678,#CHORD,海外,1144,SC,海外,2119,NYANTA,海外,3053,KARUBI,海外
Lincle,LAX5 feat.Ryota Yoshinari,0,,-,995,PUKEUG,海外,1996,CRAM,海外,2830,KARUBI,海外,0,,-
Lincle,LETHEBOLG ～双神威に斬り咲けり～,0,,-,723,THDMG,海外,1627,KOMUGI,海外,2210,SC,海外,0,,-
Lincle,Liquid Crystal Girl feat. echo,0,,-,0,,-,1036,DKG,海外,2007,AIMU,海外,0,,-
Lincle,LOVE B.B.B,0,,-,568,MC.DRH,海外,1462,YUKARI,海外,1997,IIDX31,海外,0,,-
Lincle,Lucky Days,0,,-,0,,-,1479,SHMERT,海外,2169,IIDX31,海外,0,,-
Lincle,Mermaid girl-秋葉工房 MIX-,0,,-,739,C0Z1N,海外,1269,KOMUGI,海外,2055,SC,海外,0,,-
Lincle,Miami Sunset Drive,0,,-,577,CH1AKI,海外,1041,KOMUGI,海外,1621,SHMERT,海外,0,,-
Lincle,NNRT,0,,-,860,KAREN*,海外,2059,MANMA,海外,3460,MAD8KA,海外,0,,-
Lincle,Phoenix,0,,-,788,CH1AKI,海外,1105,TWEAK!,海外,2276,METHY,海外,3913,MAD8KA,海外
Lincle,prompt,0,,-,957,KOMUGI,海外,1585,KOMUGI,海外,2759,IIDX31,海外,0,,-
Lincle,QUANTUM TELEPORTATION,0,,-,1081,NIRO,海外,2062,YUKARI,海外,2933,SC,海外,3526,KARUBI,海外
Lincle,quaver♪,274,******,海外,665,CH1AKI,海外,2111,#CHORD,海外,3434,MAD8KA,海外,0,,-
Lincle,Quick Silver,0,,-,722,CH1AKI,海外,1621,Y.T2,海外,2652,SC,海外,0,,-
Lincle,Release The Music,0,,-,267,HARMO,海外,1132,NECOZE,海外,2025,SAYA.S,海外,0,,-
Lincle,RESISTANCE,0,,-,447,HOWLER,海外,1314,KOMUGI,海外,2380,NYANTA,海外,0,,-
Lincle,Round and Round,0,,-,699,CH1AKI,海外,1163,M!KA-L,海外,2161,SC,海外,0,,-
Lincle,SA.YO.NA.RA. SUPER STAR,0,,-,436,C4L3BT,海外,1166,YUKARI,海外,1680,KARUBI,海外,0,,-
Lincle,Scharfrichter,0,,-,0,,-,1571,MEIMOW,海外,2878,MAD8KA,海外,0,,-
Lincle,Several Words,0,,-,0,,-,1376,YUKARI,海外,2166,IIDX31,海外,0,,-
Lincle,SHADE,0,,-,1026,PODO*,海外,2007,KOMUGI,海外,2906,SC,海外,0,,-
Lincle,Snake Stick,0,,-,1056,KOMUGI,海外,1952,AMANE,海外,2708,SC,海外,0,,-
Lincle,Snow Goose,286,ADIGOS,海外,336,CH1AKI,海外,1225,SJ#,海外,2427,SC,海外,0,,-
Lincle,Star Trail,0,,-,530,MANMA,海外,982,NECOZE,海外,1813,SOY,海外,2561,SC,海外
Lincle,The Limbo,0,,-,1011,CH1AKI,海外,1904,METHY,海外,3256,KARUBI,海外,4241,AIMU,海外
Lincle,The Sampling Paradise,0,,-,600,GTXIAS,海外,1790,KOMUGI,海外,2985,SC,海外,0,,-
Lincle,Thunderbolt,0,,-,885,CH1AKI,海外,1783,KOMUGI,海外,3710,KARUBI,海外,0,,-
Lincle,TITANS RETURN,307,ADIGOS,海外,474,COLE,海外,1315,KAWACH,海外,2486,SC,海外,2582,AIMU,海外
Lincle,Todestrieb,0,,-,1083,KOMUGI,海外,1880,Q*BIZA,海外,3408,MAD8KA,海外,0,,-
Lincle,Voxane,0,,-,0,,-,1194,NEKO,海外,1742,SC,海外,0,,-
Lincle,WONDER WALKER,0,,-,712,THDMG,海外,1634,TAMA$,海外,3772,SC,海外,0,,-
Lincle,YAKSHA,0,,-,0,,-,2179,KOMUGI,海外,3877,SC,海外,0,,-
Lincle,yellow head joe,0,,-,696,C4L3BT,海外,1515,KOMUGI,海外,2201,YUZUHA,海外,3109,MAD8KA,海外
Lincle,Yellow Sunrise,0,,-,703,CH1AKI,海外,1327,HANIWA,海外,2279,AIMU,海外,0,,-
Lincle,ビューティフルレシート,302,ADIGOS,海外,389,LIV,海外,1134,HANIWA,海外,1886,SYM,海外,0,,-
Lincle,ユミル,0,,-,402,BOFA,海外,1256,NOBETA,海外,2828,SC,海外,0,,-
Lincle,君のハートにロックオン,0,,-,0,,-,1597,YUKARI,海外,2552,YUZUHA,海外,3399,MAD8KA,海外
Lincle,天空の夜明け,0,,-,1350,KOMUGI,海外,2059,METHY,海外,3935,SC,海外,0,,-
Lincle,子供の落書き帳,0,,-,907,MAD8KA,海外,1779,UN&CO,海外,2612,AIMU,海外,0,,-
Lincle,恋する☆宇宙戦争っ！！,467,ADIGOS,海外,900,KOMUGI,海外,1733,KOMUGI,海外,3522,#CHORD,海外,4564,AIMU,海外
Lincle,突撃!ガラスのニーソ姫!,0,,-,589,CH1AKI,海外,1092,M!KA-L,海外,2078,MAD8KA,海外,0,,-
Lincle,聖人の塔,0,,-,369,CFIER,海外,1786,CHIHIN,海外,3059,AIMU,海外,4290,AIMU,海外
Lincle,蛇神,370,ADIGOS,海外,709,PUKEUG,海外,1487,KOMUGI,海外,2771,IIDX31,海外,3671,MAD8KA,海外
Lincle,衰色小町メランコリア,0,,-,0,,-,1133,NECOZE,海外,2332,KARUBI,海外,0,,-
Lincle,陽炎,0,,-,613,PUKEUG,海外,1078,M!KA-L,海外,2008,MAD8KA,海外,0,,-
tricoro,405nm (Ryu☆mix),0,,-,924,KOMUGI,海外,1694,KOMUGI,海外,2571,MAD8KA,海外,0,,-
tricoro,8bit Princess,0,,-,619,PUKEUG,海外,1368,KOMUGI,海外,2625,SC,海外,0,,-
tricoro,Ascalon,0,,-,1011,CH1AKI,海外,1701,KOMUGI,海外,2268,KARUBI,海外,0,,-
tricoro,Beastie Starter,0,,-,522,-KYO-,海外,1206,KOMUGI,海外,2184,AIMU,海外,0,,-
tricoro,BLUE STRAGGLER,0,,-,693,C4L3BT,海外,1340,YUKARI,海外,2593,AIMU,海外,0,,-
tricoro,BRAVE GLOW,0,,-,533,THDMG,海外,1681,KOMUGI,海外,2437,KO9HOU,海外,0,,-
tricoro,CONCEPTUAL,0,,-,754,CH1AKI,海外,1275,YUKARI,海外,2664,NYANTA,海外,0,,-
tricoro,Confiserie,0,,-,868,CH1AKI,海外,1956,KOMUGI,海外,3476,SC,海外,0,,-
tricoro,connective,0,,-,364,CH1AKI,海外,1081,KOMUGI,海外,1593,KARUBI,海外,0,,-
tricoro,Cookie Bouquets,0,,-,887,KOMUGI,海外,2110,AMANE,海外,3396,SC,海外,0,,-
tricoro,DAY DREAM,0,,-,514,KOMUGI,海外,1161,G-CUP,海外,2004,AIMU,海外,0,,-
tricoro,Devilz Staircase,0,,-,344,BOFA,海外,2030,VXNISH,海外,3221,MAD8KA,海外,0,,-
tricoro,Elemental Creation,252,******,海外,1483,METHY,海外,2236,KOMUGI,海外,4116,AIMU,海外,0,,-
tricoro,examination leave,0,,-,974,S.HANE,海外,1833,YUKARI,海外,3387,SC,海外,0,,-
tricoro,FLOWER,338,*ITO.*,海外,928,C353,海外,1688,G-CUP,海外,2868,MAD8KA,海外,0,,-
tricoro,Fly you to the star,0,,-,738,PUKEUG,海外,1617,KOMUGI,海外,2269,AIMU,海外,0,,-
tricoro,GAIA,0,,-,824,CATA,海外,1909,NEKO,海外,3267,SC,海外,0,,-
tricoro,GRADIUS 2012,0,,-,863,CH1AKI,海外,1590,SPDRVE,海外,2707,NYANTA,海外,0,,-
tricoro,Hollywood Galaxy,0,,-,1030,-KYO-,海外,1893,KOMUGI,海外,2703,MAD8KA,海外,0,,-
tricoro,Howling,0,,-,335,HOWLER,海外,1045,C353,海外,2038,YUZUHA,海外,2580,YUZUHA,海外
tricoro,I know You know,0,,-,564,CH1AKI,海外,1010,NECOZE,海外,1831,IIDX31,海外,0,,-
tricoro,ILIAS,0,,-,809,KOMUGI,海外,1288,KOMUGI,海外,2183,AIMU,海外,0,,-
tricoro,Illegal Function Call,0,,-,925,CH1AKI,海外,1786,KOMUGI,海外,2523,NYANTA,海外,3702,AIMU,海外
tricoro,In Heaven,0,,-,714,CH1AKI,海外,1362,M!KA-L,海外,2128,SC,海外,0,,-
tricoro,JOMANDA,243,C4L3BT,海外,990,HIQYER,海外,2350,AMANE,海外,3642,AIMU,海外,0,,-
tricoro,Liberation,0,,-,1485,KOMUGI,海外,2230,KOMUGI,海外,3659,KARUBI,海外,0,,-
tricoro,Light and Cyber…,0,,-,1059,KOMUGI,海外,1685,CRAM,海外,3095,MAD8KA,海外,0,,-
tricoro,Little Star,0,,-,979,KOMUGI,海外,1728,KOMUGI,海外,3149,AIMU,海外,0,,-
tricoro,LUV CAN SAVE U,0,,-,535,C4L3BT,海外,1414,KOMUGI,海外,2124,SC,海外,2738,#CHORD,海外
tricoro,mnemoniq,0,,-,509,-KYO-,海外,865,M!KA-L,海外,1271,LUV*BT,海外,0,,-
tricoro,Neonlights,0,,-,614,CH1AKI,海外,1544,MEIMOW,海外,2215,AIMU,海外,0,,-
tricoro,neu,172,ADIGOS,海外,996,KOMUGI,海外,2069,KOMUGI,海外,3903,MAD8KA,海外,0,,-
tricoro,New Decade IIDX Edition,241,ADIGOS,海外,923,M!KA-L,海外,1787,KATANA,海外,2954,KARUBI,海外,0,,-
tricoro,New Lights,0,,-,925,CH1AKI,海外,1690,NEKO,海外,2358,METHY,海外,0,,-
tricoro,Plan 8,0,,-,970,CH1AKI,海外,2142,C.Y.A,海外,3210,AIMU,海外,0,,-
tricoro,planarian,0,,-,601,MANMA,海外,1567,YUKARI,海外,2539,KARUBI,海外,0,,-
tricoro,POINT ZERO,0,,-,514,LIV,海外,1125,M!KA-L,海外,2078,NYANTA,海外,0,,-
tricoro,Präludium,0,,-,648,C4L3BT,海外,1189,INITIA,海外,2223,YUZUHA,海外,0,,-
tricoro,Proof of the existence,0,,-,938,MJKCHI,海外,2042,KOMUGI,海外,3203,SC,海外,0,,-
tricoro,Rainbow after snow,0,,-,649,CH1AKI,海外,1454,KOMUGI,海外,2173,SC,海外,0,,-
tricoro,Re:GENERATION,215,ADIGOS,海外,756,A,海外,1318,SOMARI,海外,2163,YUZUHA,海外,0,,-
tricoro,Reflection Into the EDEN,0,,-,675,CH1AKI,海外,1386,KOMUGI,海外,2142,NYANTA,海外,0,,-
tricoro,rumrum triplets,0,,-,952,-KYO-,海外,1860,NEKO,海外,3002,NYANTA,海外,0,,-
tricoro,S!ck,0,,-,840,CH1AKI,海外,1470,N2T*,海外,2692,KARUBI,海外,0,,-
tricoro,Saturn,0,,-,985,CH1AKI,海外,1868,SUNSUN,海外,2551,MAD8KA,海外,3437,AIMU,海外
tricoro,Shining World,0,,-,1099,CH1AKI,海外,1579,KOMUGI,海外,1947,SC,海外,0,,-
tricoro,SHION,0,,-,661,AAAAAA,海外,1251,KATANA,海外,2690,NYANTA,海外,0,,-
tricoro,Sol Cosine Job 2,0,,-,903,CH1AKI,海外,1603,KATANA,海外,3107,#CHORD,海外,0,,-
tricoro,STULTI,0,,-,662,CH1AKI,海外,1614,METHY,海外,2641,MAD8KA,海外,0,,-
tricoro,SYNC-ANTHEM,0,,-,0,,-,2301,KOMUGI,海外,3607,MAD8KA,海外,0,,-
tricoro,Synergy For Angels,0,,-,616,KMS,海外,1359,ACB,海外,2742,MAD8KA,海外,0,,-
tricoro,Take My Life,0,,-,0,,-,1592,KOMUGI,海外,2923,NYANTA,海外,0,,-
tricoro,Thor's Hammer,0,,-,881,CH1AKI,海外,1744,KOMUGI,海外,2945,MAD8KA,海外,0,,-
tricoro,Time To Empress,0,,-,840,CH1AKI,海外,1880,KOMUGI,海外,2621,SC,海外,3126,SC,海外
tricoro,Timepiece phase II,0,,-,1055,KOMUGI,海外,2015,CHOOBO,海外,3178,MAD8KA,海外,0,,-
tricoro,Timepiece phase II (CN Ver.),0,,-,787,CH1AKI,海外,1845,AMANE,海外,2922,MAD8KA,海外,0,,-
tricoro,True Blue,0,,-,810,PODO*,海外,2452,KOMUGI,海外,3739,MAD8KA,海外,0,,-
tricoro,Valanga,0,,-,1320,KOMUGI,海外,2162,77HIRA,海外,3232,MAD8KA,海外,0,,-
tricoro,VALLIS-NERIA,247,ADIGOS,海外,1072,PODO*,海外,1985,KOMUGI,海外,2918,KARUBI,海外,0,,-
tricoro,VEGA,0,,-,982,CH1AKI,海外,1976,MEIMOW,海外,3118,MAD8KA,海外,0,,-
tricoro,ZED,0,,-,735,CH1AKI,海外,1655,KOMUGI,海外,2753,MAD8KA,海外,3332,MAD8KA,海外
tricoro,Zirkfied,0,,-,888,C4L3BT,海外,1950,METHY,海外,3725,MAD8KA,海外,0,,-
tricoro,ΕΛΠΙΣ,0,,-,1038,CH1AKI,海外,1976,METHY,海外,3049,#CHORD,海外,3528,KARUBI,海外
tricoro,†渚の小悪魔ラヴリィ～レイディオ†(IIDX EDIT),228,ADIGOS,海外,479,CH1AKI,海外,1570,G-CUP,海外,3515,SC,海外,0,,-
tricoro,お米の美味しい炊き方、そしてお米を食べることによるその効果。,0,,-,644,NIJIKO,海外,1340,HILL&N,海外,2169,NYANTA,海外,3622,SC,海外
tricoro,たまゆら,0,,-,847,NIRO,海外,1741,RADEON,海外,2747,MAD8KA,海外,0,,-
tricoro,アストライアの双皿,0,,-,604,CH1AKI,海外,2012,METHY,海外,3112,AIMU,海外,0,,-
tricoro,カジノファイヤーことみちゃん,0,,-,635,KOMUGI,海外,1406,KOMUGI,海外,2374,KARUBI,海外,3245,SC,海外
tricoro,キャトられ恋はモ～モク,0,,-,1449,KOMUGI,海外,2484,KOMUGI,海外,3767,SC,海外,0,,-
tricoro,シュレーディンガーの猫,0,,-,1023,HIQYER,海外,2298,AMANE,海外,3358,SC,海外,0,,-
tricoro,トリカゴノ鳳凰,0,,-,1018,CH1AKI,海外,1940,KOMUGI,海外,3760,MAD8KA,海外,0,,-
tricoro,メイメツ、フラグメンツ,0,,-,526,MANMA,海外,1287,KOMUGI,海外,1953,SC,海外,0,,-
tricoro,ラキラキ,0,,-,609,CH1AKI,海外,1385,KOMUGI,海外,1951,MAD8KA,海外,0,,-
tricoro,下弦の月,0,,-,861,CH1AKI,海外,1486,SC,海外,1986,SC,海外,0,,-
tricoro,仮想空間の旅人たち,0,,-,1114,-KYO-,海外,2158,KOMUGI,海外,2879,SC,海外,3802,SC,海外
tricoro,創世ノート,0,,-,766,CH1AKI,海外,1806,KOMUGI,海外,2935,KARUBI,海外,0,,-
tricoro,即席！脳直★ミュージックシステム,0,,-,1044,KOMUGI,海外,1878,NEKO,海外,3490,KARUBI,海外,0,,-
tricoro,朧,208,SC,海外,710,MANMA,海外,1473,KOMUGI,海外,2108,SC,海外,2521,SC,海外
tricoro,梅雪夜,0,,-,774,CH1AKI,海外,1435,KOMUGI,海外,2113,SYM,海外,0,,-
tricoro,狂イ咲ケ焔ノ華,0,,-,1227,KOMUGI,海外,2284,KOMUGI,海外,3630,AIMU,海外,0,,-
tricoro,音楽,0,,-,731,MRN,海外,1982,OPNLEG,海外,2715,MAD8KA,海外,0,,-
tricoro,龍と少女とデコヒーレンス,0,,-,845,KOMUGI,海外,1668,KOMUGI,海外,2961,NYANTA,海外,3357,MAD8KA,海外
SPADA,Adularia,139,AADEE,海外,697,THDMG,海外,1787,VXNISH,海外,2829,AIMU,海外,0,,-
SPADA,ALBA -黎明-,0,,-,611,CH1AKI,海外,1421,GABRIL,海外,3199,NYANTA,海外,3803,OPNLEG,海外
SPADA,Ancient Scapes,0,,-,1140,KOMUGI,海外,1924,KOMUGI,海外,3450,MAD8KA,海外,4194,MAD8KA,海外
SPADA,ATHER,0,,-,893,BLACK.,海外,1543,CHOOBO,海外,2654,TAKO.Z,海外,3196,AIMU,海外
SPADA,BLUE DRAGON(雷龍RemixIIDX),0,,-,1436,G-CUP,海外,2098,VXNISH,海外,3385,AIMU,海外,0,,-
SPADA,BRAINSTORM,0,,-,657,CH1AKI,海外,1859,METHY,海外,2798,SC,海外,0,,-
SPADA,BRAVE OUT,0,,-,926,CH1AKI,海外,1324,M!KA-L,海外,2155,SC,海外,2786,NYANTA,海外
SPADA,Claiomh Solais,0,,-,294,CH1AKI,海外,1316,TWEAK!,海外,2093,SC,海外,0,,-
SPADA,Cleopatrysm,0,,-,728,CH1AKI,海外,1161,-.*.-#,海外,2560,KARUBI,海外,0,,-
SPADA,Close the World feat.a☆ru,0,,-,994,NI9DSN,海外,2023,KOMUGI,海外,3400,SC,海外,3820,MAD8KA,海外
SPADA,Critical Crystal,198,ADIGOS,海外,706,THDMG,海外,1730,-KYO-,海外,2884,AIMU,海外,0,,-
SPADA,DARK LEGACY,0,,-,1125,CH1AKI,海外,1851,Y.T2,海外,3554,MAD8KA,海外,0,,-
SPADA,Devilz Sacrifice -贖罪の羊-,0,,-,646,NI9DSN,海外,1435,IIDX33,海外,2419,77BAR,海外,0,,-
SPADA,diagram,0,,-,551,CATA,海外,1178,KOMUGI,海外,2817,MAD8KA,海外,0,,-
SPADA,Elektrick U-Phoria,0,,-,995,PEN-02,海外,1838,*ITO.*,海外,3077,AIMU,海外,3976,MAD8KA,海外
SPADA,Element of SPADA,0,,-,613,CATA,海外,1352,KOMUGI,海外,2090,SC,海外,3101,MAD8KA,海外
SPADA,Engraved Mark,0,,-,489,OVER,海外,1279,G-CUP,海外,2407,AIMU,海外,0,,-
SPADA,EXTREME MACH COLLIDER,0,,-,661,NIRO,海外,1459,KOMUGI,海外,2556,OPNLEG,海外,0,,-
SPADA,Feel The Beat,0,,-,1280,YUKARI,海外,2016,VXNISH,海外,3502,OPNLEG,海外,4243,MAD8KA,海外
SPADA,Funny shuffle,0,,-,567,CH1AKI,海外,805,NECOZE,海外,2290,MAD8KA,海外,0,,-
SPADA,HYENA,0,,-,999,CHU2,海外,1676,OLDFID,海外,2721,MAD8KA,海外,3578,KARUBI,海外
SPADA,Hypersonik,0,,-,847,CH1AKI,海外,1373,NECOZE,海外,2487,YUZUHA,海外,0,,-
SPADA,I will be back -オレは帰ってきた-,0,,-,913,CH1AKI,海外,1778,MOYA*,海外,2940,SC,海外,0,,-
SPADA,Idola,0,,-,1068,LUIGIF,海外,2243,AMANE,海外,3561,MAD8KA,海外,0,,-
SPADA,Insane Techniques,0,,-,692,CH1AKI,海外,1283,KOMUGI,海外,2441,MAD8KA,海外,0,,-
SPADA,INSOMNIA,0,,-,556,NEBULA,海外,1756,-KYO-,海外,3036,OPNLEG,海外,0,,-
SPADA,into the battlefield,0,,-,474,PODO*,海外,1359,J*HAYR,海外,2370,SC,海外,0,,-
SPADA,invoker,0,,-,1111,KOMUGI,海外,1854,KOMUGI,海外,3153,#CHORD,海外,3509,#CHORD,海外
SPADA,IX,0,,-,1092,NIRO,海外,2433,MAD8KA,海外,3835,MAD8KA,海外,0,,-
SPADA,KAISER PHOENIX,0,,-,1283,YUKARI,海外,2120,VXNISH,海外,3220,SC,海外,3898,AIMU,海外
SPADA,KHAMEN BREAK,0,,-,522,BENNY,海外,1147,NECOZE,海外,2473,MAD8KA,海外,0,,-
SPADA,Last Dance,0,,-,685,H18!,海外,1914,KOMUGI,海外,3214,SC,海外,0,,-
SPADA,Lighting Shower,0,,-,639,OVER,海外,1317,METHY,海外,2382,MAD8KA,海外,0,,-
SPADA,M.D.Injection,0,,-,341,BOFA,海外,1243,KOMUGI,海外,2345,YUZUHA,海外,0,,-
SPADA,m1dy Deluxe,0,,-,1030,CH1AKI,海外,1577,SCENE,海外,2599,AIMU,海外,0,,-
SPADA,MAD ATTACK,0,,-,519,CH1AKI,海外,1175,M!KA-L,海外,1878,77BAR,海外,2614,AIMU,海外
SPADA,MAGIC & LOVE,0,,-,940,CH1AKI,海外,1739,KOMUGI,海外,2922,AIMU,海外,0,,-
SPADA,Miracle 5ympho X,0,,-,658,CH1AKI,海外,1318,KOMUGI,海外,2615,SC,海外,2901,AIMU,海外
SPADA,NPC World,0,,-,883,CH1AKI,海外,1476,KATANA,海外,2217,IIDX31,海外,0,,-
SPADA,Odin,0,,-,697,CH1AKI,海外,1330,KATANA,海外,2038,YUZUHA,海外,0,,-
SPADA,Overload Frontier,0,,-,690,CH1AKI,海外,1732,KOMUGI,海外,2578,#CHORD,海外,0,,-
SPADA,Pharaoh,0,,-,516,CATA,海外,1330,YUKARI,海外,2445,MAD8KA,海外,0,,-
SPADA,PUNISHER,0,,-,666,THDMG,海外,1698,HILL&N,海外,3506,#CHORD,海外,0,,-
SPADA,ra'am,0,,-,1245,SAYA.S,海外,1653,MRN,海外,2696,MAD8KA,海外,0,,-
SPADA,rainbow guitar weeps,0,,-,706,NIRO,海外,1817,KOMUGI,海外,2744,KARUBI,海外,0,,-
SPADA,Recollection,0,,-,0,,-,1668,CRAM,海外,2203,KO9HOU,海外,0,,-
SPADA,refractive index,0,,-,451,FIEDER,海外,1332,CRAM,海外,2658,KARUBI,海外,0,,-
SPADA,RISE,0,,-,588,GGGHMB,海外,1052,NECOZE,海外,1845,YUZUHA,海外,0,,-
SPADA,RIZING YOU UP,0,,-,965,CH1AKI,海外,1957,GABRIL,海外,2494,SHMERT,海外,0,,-
SPADA,SCHWARZSCHILD FIELD,0,,-,578,PINA,海外,1524,KOMUGI,海外,2380,AIMU,海外,0,,-
SPADA,Sigmund,0,,-,1467,G-CUP,海外,2251,KOMUGI,海外,3824,MAD8KA,海外,4203,AIMU,海外
SPADA,Squeeze,0,,-,573,NIJIKO,海外,1253,BLACK.,海外,2453,MAD8KA,海外,0,,-
SPADA,THE DETONATOR,0,,-,1160,ACB,海外,2328,KOMUGI,海外,3173,KARUBI,海外,0,,-
SPADA,Unicorn tail,0,,-,824,PUKEUG,海外,1888,HILL&N,海外,3108,KARUBI,海外,0,,-
SPADA,Valgus,0,,-,418,SVR503,海外,1276,KOMUGI,海外,2348,MAD8KA,海外,0,,-
SPADA,Verflucht,0,,-,1271,KOMUGI,海外,2001,METHY,海外,3519,MAD8KA,海外,4628,AIMU,海外
SPADA,VOX UP,0,,-,1413,SAYA.S,海外,2744,77BAR,海外,3475,NYANTA,海外,0,,-
SPADA,Wonder Girl feat. Kanae Asaba,0,,-,687,CH1AKI,海外,1044,NECOZE,海外,2800,SC,海外,0,,-
SPADA,お願いアインシュタイン,0,,-,0,,-,1358,CRAM,海外,2105,MAD8KA,海外,0,,-
SPADA,アルストロメリア,197,ADIGOS,海外,865,CH1AKI,海外,1560,KOMUGI,海外,2438,MAD8KA,海外,0,,-
SPADA,デッドボヲルdeホームラン,0,,-,438,LIV,海外,1368,HILL&N,海外,2675,MAD8KA,海外,0,,-
SPADA,バンブーソード・ガール,260,MALPEL,海外,917,MANMA,海外,1749,METHY,海外,2402,KARUBI,海外,0,,-
SPADA,廿,0,,-,854,CH1AKI,海外,1646,YUKARI,海外,2364,NYANTA,海外,3271,#CHORD,海外
SPADA,旋律のドグマ～Miserables～,0,,-,1187,PUKEUG,海外,2384,KOMUGI,海外,3915,SC,海外,0,,-
SPADA,海神,0,,-,1056,CRAM,海外,1811,YUKI,海外,3150,SC,海外,3542,SC,海外
SPADA,煉獄のエルフェリア,0,,-,1357,KOMUGI,海外,2222,KOMUGI,海外,3833,SC,海外,0,,-
SPADA,牧神笛吹きて,0,,-,688,CH1AKI,海外,1356,METHY,海外,1986,YUZUHA,海外,0,,-
SPADA,疾風迅雷,0,,-,1148,KOMUGI,海外,1972,VXNISH,海外,2832,NYANTA,海外,3390,AIMU,海外
SPADA,罪と罰,0,,-,938,CH1AKI,海外,1377,KOMUGI,海外,2155,KARUBI,海外,0,,-
SPADA,超!!遠距離らぶメ～ル,0,,-,485,C4L3BT,海外,1264,ZXY!,海外,2637,AIMU,海外,0,,-
SPADA,轟け！恋のビーンボール！！,0,,-,963,M!KA-L,海外,1739,NEKO,海外,3488,SC,海外,0,,-
PENDUAL,#The_Relentless,0,,-,895,H18!,海外,1588,M!KA-L,海外,2905,MAD8KA,海外,4332,MAD8KA,海外
PENDUAL,AFRO KNUCKLE,0,,-,887,NAVEI,海外,1581,KATANA,海外,2383,MAD8KA,海外,0,,-
PENDUAL,Beat Radiance,0,,-,921,PUKEUG,海外,1559,ADRIAN,海外,2569,METHY,海外,3567,MAD8KA,海外
PENDUAL,Beyond The Earth,0,,-,973,CH1AKI,海外,1982,KOMUGI,海外,3190,SC,海外,0,,-
PENDUAL,Blaze it UP!,0,,-,928,PUKEUG,海外,1811,CHOOBO,海外,2937,AIMU,海外,0,,-
PENDUAL,BLUE MIRAGE,0,,-,1046,IWHA,海外,1980,C.Y.A,海外,2978,AIMU,海外,0,,-
PENDUAL,Broken Sword,0,,-,1130,CRAM,海外,1991,KOMUGI,海外,3705,MAD8KA,海外,0,,-
PENDUAL,Chain of pain,0,,-,650,CH1AKI,海外,1464,SAYA.S,海外,2159,MAD8KA,海外,0,,-
PENDUAL,chrono diver -fragment-,0,,-,598,MANMA,海外,1130,M!KA-L,海外,1783,NYANTA,海外,2260,SC,海外
PENDUAL,CHRONO DIVER -NORNIR-,0,,-,1012,CH1AKI,海外,1899,KAWACH,海外,3084,KARUBI,海外,4379,MAD8KA,海外
PENDUAL,Chrono Diver -PENDULUMs-,443,ADIGOS,海外,1414,KOMUGI,海外,2774,MAD8KA,海外,4286,AIMU,海外,0,,-
PENDUAL,Chronos,0,,-,818,PUKEUG,海外,1356,KOMUGI,海外,2330,KARUBI,海外,2976,KARUBI,海外
PENDUAL,cinder,0,,-,837,G-CUP,海外,1977,METHY,海外,3095,MAD8KA,海外,0,,-
PENDUAL,COLOSSEUM,0,,-,522,CH1AKI,海外,1028,NIRO,海外,2289,KARUBI,海外,0,,-
PENDUAL,Cosmic Cat,0,,-,847,DKG,海外,1623,J*HAYR,海外,2247,77BAR,海外,3231,AIMU,海外
PENDUAL,Despair of ELFERIA,0,,-,1193,GABRIL,海外,2389,METHY,海外,4075,MAD8KA,海外,0,,-
PENDUAL,Discloze,0,,-,865,CRAM,海外,1636,Q*BIZA,海外,2538,OPNLEG,海外,0,,-
PENDUAL,EBONY & IVORY,0,,-,716,OVER,海外,1676,KOMUGI,海外,2913,OPNLEG,海外,3461,MAD8KA,海外
PENDUAL,entelecheia,0,,-,1028,KOMUGI,海外,2103,SAYA.S,海外,3265,MAD8KA,海外,0,,-
PENDUAL,Erosion Mark,0,,-,638,C4L3BT,海外,1483,CHOOBO,海外,2161,OPNLEG,海外,0,,-
PENDUAL,fallen leaves -IIDX edition-,0,,-,1142,G-CUP,海外,2017,METHY,海外,3377,SC,海外,0,,-
PENDUAL,FANTASTIC THREE,0,,-,1181,ONTAN*,海外,1953,NEKO,海外,3136,OPNLEG,海外,0,,-
PENDUAL,Flashes,0,,-,852,MESHA,海外,1758,METHY,海外,3228,AIMU,海外,4084,MAD8KA,海外
PENDUAL,Gravigazer,0,,-,843,CH1AKI,海外,1624,NEKO,海外,2953,SC,海外,0,,-
PENDUAL,GUILTY,0,,-,959,C.Y.A,海外,1439,KOMUGI,海外,1912,NYANTA,海外,2970,SC,海外
PENDUAL,HELL SCAPER -Last Escape Remix-,0,,-,783,H18!,海外,1716,MEIMOW,海外,2795,#CHORD,海外,0,,-
PENDUAL,Hello Happiness,0,,-,722,CH1AKI,海外,1608,METHY,海外,2331,AIMU,海外,0,,-
PENDUAL,illuminate,0,,-,374,BOFA,海外,1341,CRAM,海外,2203,METHY,海外,0,,-
PENDUAL,IMPLANTATION,0,,-,582,CH1AKI,海外,1619,METHY,海外,2285,AIMU,海外,0,,-
PENDUAL,In The Breeze,0,,-,578,CH1AKI,海外,1036,KATANA,海外,1723,MAD8KA,海外,0,,-
PENDUAL,Invitation from Mr.C,0,,-,984,CH1AKI,海外,1544,Q*BIZA,海外,2669,#CHORD,海外,0,,-
PENDUAL,IXION,0,,-,838,ZOMBIE,海外,1770,KOMUGI,海外,2161,SC,海外,0,,-
PENDUAL,Line 4 Ruin,0,,-,657,CH1AKI,海外,1817,SHMERT,海外,2782,SC,海外,0,,-
PENDUAL,Monopole.,0,,-,719,CH1AKI,海外,1562,NEKO,海外,3304,AIMU,海外,0,,-
PENDUAL,NEO GENERATOR SEVEN,0,,-,795,CH1AKI,海外,1726,KOMUGI,海外,3281,MAD8KA,海外,0,,-
PENDUAL,Night sky,0,,-,1151,NEKO,海外,1792,AMANE,海外,2934,MAD8KA,海外,0,,-
PENDUAL,No Tears,0,,-,964,CH1AKI,海外,1686,T-KOMA,海外,2522,KARUBI,海外,0,,-
PENDUAL,PENDUAL TALISMAN,0,,-,912,CH1AKI,海外,1587,KOMUGI,海外,2601,AIMU,海外,0,,-
PENDUAL,Rave*it!! Rave*it!!,0,,-,751,M,海外,1583,HANIWA,海外,3265,AIMU,海外,0,,-
PENDUAL,Realize Maze,0,,-,1031,CH1AKI,海外,1974,KOMUGI,海外,2969,SC,海外,0,,-
PENDUAL,Reflux,0,,-,670,CH1AKI,海外,1531,KOMUGI,海外,2986,AIMU,海外,0,,-
PENDUAL,Sakura Mirage,0,,-,879,MESHA,海外,1288,CHOOBO,海外,2321,NYANTA,海外,0,,-
PENDUAL,SAMSARA,0,,-,796,PUKEUG,海外,1310,CRAM,海外,2055,SC,海外,0,,-
PENDUAL,Say YEEEAHH,0,,-,954,CH1AKI,海外,1710,KING.,海外,3223,MAD8KA,海外,0,,-
PENDUAL,Scarlet Moon,0,,-,1001,*ITO.*,海外,1609,CRAM,海外,2572,YUZUHA,海外,0,,-
PENDUAL,Scars of FAUNA,0,,-,730,IIDX,海外,1504,GABRIL,海外,2885,MAD8KA,海外,0,,-
PENDUAL,Shooting Fireball,0,,-,963,KOMUGI,海外,2188,KOMUGI,海外,3884,SC,海外,0,,-
PENDUAL,Sounds Of Summer,0,,-,977,ZOMBIE,海外,1966,J*HAYR,海外,2981,MAD8KA,海外,0,,-
PENDUAL,SpaceLand☆TOYBOX,0,,-,886,CH1AKI,海外,1331,NECOZE,海外,2925,MAD8KA,海外,0,,-
PENDUAL,Sweet Radar,0,,-,657,SUNSUN,海外,1355,KOMUGI,海外,2024,SC,海外,0,,-
PENDUAL,Symmetry,0,,-,1002,CH1AKI,海外,2050,KOMUGI,海外,3255,SC,海外,0,,-
PENDUAL,TA・DA ☆ YO・SHI,0,,-,971,CH1AKI,海外,1558,KOMUGI,海外,2322,NYANTA,海外,0,,-
PENDUAL,The Least 100sec,0,,-,719,#FAXX,海外,1323,IWHA,海外,2843,MAD8KA,海外,0,,-
PENDUAL,TIEFSEE,0,,-,0,,-,1841,SJ#,海外,3456,SC,海外,0,,-
PENDUAL,TOXIC VIBRATION,0,,-,1606,KOMUGI,海外,2272,KOMUGI,海外,3714,NYANTA,海外,0,,-
PENDUAL,Vulkan,0,,-,730,THDMG,海外,1891,G-CUP,海外,2994,SC,海外,0,,-
PENDUAL,We're so Happy (P*Light Remix) IIDX ver.,0,,-,768,THDMG,海外,2144,LAPIS,海外,3653,#CHORD,海外,0,,-
PENDUAL,ZZ,188,ADIGOS,海外,1260,77BAR,海外,2043,SHMERT,海外,3042,SC,海外,0,,-
PENDUAL,それは花火のような恋,512,FIFI*A,海外,1073,CH1AKI,海外,2553,#CHORD,海外,3794,KARUBI,海外,0,,-
PENDUAL,とろぴかる倶楽部,0,,-,544,NI9DSN,海外,1367,YUKARI,海外,2249,AIMU,海外,0,,-
PENDUAL,ぷろぐれっしぶ時空少女！うらしまたろ子ちゃん！,0,,-,749,CH1AKI,海外,1409,G-CUP,海外,2522,AIMU,海外,0,,-
PENDUAL,もっと！モット！ときめき feat. 松下,0,,-,888,CH1AKI,海外,1893,NEKO,海外,2700,NYANTA,海外,0,,-
PENDUAL,ドッキン☆サマーあばんちゅーる,0,,-,717,PRL,海外,1709,MOYA*,海外,2752,77BAR,海外,0,,-
PENDUAL,パ→ピ→プ→Yeah!,350,ADIGOS,海外,1040,KOMUGI,海外,1573,KOMUGI,海外,2543,SC,海外,0,,-
PENDUAL,ベィスドロップ・フリークス,0,,-,463,NII,海外,1084,NECOZE,海外,2184,IIDX31,海外,2423,AIMU,海外
PENDUAL,リリーゼと炎龍レーヴァテイン,0,,-,997,KOMUGI,海外,2182,KOMUGI,海外,3458,SC,海外,0,,-
PENDUAL,共鳴遊戯の華,0,,-,1317,KOMUGI,海外,2309,N2T*,海外,3818,SC,海外,0,,-
PENDUAL,十六夜セツナ,0,,-,893,CH1AKI,海外,1615,KOMUGI,海外,2240,SC,海外,0,,-
PENDUAL,千年ノ理,0,,-,1192,KOMUGI,海外,1950,KOMUGI,海外,3181,NYANTA,海外,4252,MAD8KA,海外
PENDUAL,取り残された美術(Arranged:HiZuMi),252,SC,海外,763,CH1AKI,海外,1703,KOMUGI,海外,2203,SC,海外,0,,-
PENDUAL,夏色DIARY - L.E.D.-G STYLE MIX -,0,,-,937,G-CUP,海外,1838,KOMUGI,海外,3050,KARUBI,海外,0,,-
PENDUAL,妖隠し -あやかしかくし-,0,,-,727,NIRO,海外,1547,KOMUGI,海外,2185,SC,海外,0,,-
PENDUAL,少年は空を辿る,0,,-,1048,CH1AKI,海外,1990,METHY,海外,3287,MAD8KA,海外,0,,-
PENDUAL,恋は白帯、サンシロー,0,,-,685,CH1AKI,海外,1244,M!KA-L,海外,2032,SC,海外,2768,SC,海外
PENDUAL,打打打打打打打打打打,199,SC,海外,674,#FAXX,海外,1346,KOMUGI,海外,2605,KARUBI,海外,0,,-
PENDUAL,時空トラベローグ,0,,-,972,CH1AKI,海外,1546,OLDFID,海外,2641,SC,海外,0,,-
PENDUAL,白露の風,0,,-,290,YUUYA!,海外,1099,M!KA-L,海外,2029,SC,海外,0,,-
PENDUAL,紅牡丹,296,BOFA,海外,977,CRAM,海外,1737,METHY,海外,2855,MAD8KA,海外,0,,-
PENDUAL,表裏一体！？怪盗いいんちょの悩み,0,,-,936,CH1AKI,海外,2119,METHY,海外,3581,NYANTA,海外,4306,MAD8KA,海外
PENDUAL,超青少年ノ為ノ超多幸ナ超古典的超舞曲,0,,-,831,CH1AKI,海外,2029,SHMERT,海外,2645,KARUBI,海外,4055,AIMU,海外
PENDUAL,鬼天,0,,-,682,THDMG,海外,1421,CRAM,海外,2412,MAD8KA,海外,0,,-
PENDUAL,Ｘ↑Ｘ↓,0,,-,831,CH1AKI,海外,1730,KOMUGI,海外,2877,MAD8KA,海外,0,,-
copula,199024club -Re:BounceKiller-,0,,-,544,CH1AKI,海外,1629,AMANE,海外,2367,AIMU,海外,0,,-
copula,Acid Pumper,0,,-,626,NI9DSN,海外,1528,C.Y.A,海外,2462,SC,海外,0,,-
copula,Angelic Jelly,0,,-,998,C,海外,2011,MEIMOW,海外,2699,KARUBI,海外,0,,-
copula,AO-1,0,,-,1116,M!KA-L,海外,1949,#CHORD,海外,2766,AIMU,海外,0,,-
copula,Arcana,0,,-,1197,METHY,海外,1692,SAYA.S,海外,2269,MAD8KA,海外,0,,-
copula,Aublia,0,,-,828,CH1AKI,海外,1439,YUKARI,海外,2550,SC,海外,0,,-
copula,Battle Train -IIDX Edition-,0,,-,718,CH1AKI,海外,2244,MIO33#,海外,3234,SC,海外,0,,-
copula,Blue Spring Express,0,,-,1005,CH1AKI,海外,2095,AIMU,海外,3258,MAD8KA,海外,0,,-
copula,Central Station,0,,-,912,CH1AKI,海外,1481,YUKARI,海外,2411,SC,海外,0,,-
copula,chaos eater -IIDX edition-,0,,-,1048,CH1AKI,海外,1574,KATANA,海外,2570,NYANTA,海外,0,,-
copula,CODE:1 [revision1.0.1],0,,-,723,ZOMBIE,海外,1672,KOMUGI,海外,3131,AIMU,海外,0,,-
copula,Daily Lunch Special,0,,-,973,C353,海外,2079,KOMUGI,海外,2947,#CHORD,海外,0,,-
copula,Damage Per Second,0,,-,616,GOZIE,海外,1393,METHY,海外,2016,KO9HOU,海外,2296,SC,海外
copula,Derelict Star feat. Ryu*,0,,-,1035,NIJIKO,海外,1828,MEIMOW,海外,2632,SC,海外,0,,-
copula,Devil's Gear,0,,-,846,WRAPPI,海外,2081,MIO33#,海外,3418,SC,海外,0,,-
copula,DIAMOND CROSSING,0,,-,823,CH1AKI,海外,1735,METHY,海外,3027,AIMU,海外,0,,-
copula,do the thing feat. Kanae Asaba,0,,-,586,CH1AKI,海外,1124,CH1AKI,海外,2318,AIMU,海外,0,,-
copula,Donkey Donk,0,,-,913,CH1AKI,海外,1708,SHMERT,海外,2267,SC,海外,0,,-
copula,Dynamite,456,C4L3BT,海外,1185,KOMUGI,海外,2356,METHY,海外,3835,AIMU,海外,0,,-
copula,Everlasting Last,0,,-,744,CH1AKI,海外,1632,KOMUGI,海外,2228,SC,海外,0,,-
copula,Exchange Place,0,,-,696,CH1AKI,海外,1192,KATANA,海外,1778,KO9HOU,海外,0,,-
copula,GENERATE feat.綾倉盟,0,,-,1134,KOMUGI,海外,1729,KOMUGI,海外,2345,AIMU,海外,0,,-
copula,Go Faraway,0,,-,927,CH1AKI,海外,1428,KOMUGI,海外,2445,IIDX31,海外,0,,-
copula,GOBBLE,0,,-,486,MAD8KA,海外,684,KOMUGI,海外,1683,KARUBI,海外,0,,-
copula,Godspeed,0,,-,867,PODO*,海外,1849,KOMUGI,海外,3116,SC,海外,0,,-
copula,Grand Chariot,0,,-,1121,G-CUP,海外,1781,METHY,海外,3335,#CHORD,海外,0,,-
copula,Highcharge Divolt,0,,-,792,CH1AKI,海外,1609,NEKO,海外,2700,#CHORD,海外,0,,-
copula,Inner Spirit,0,,-,690,ZOMBIE,海外,1658,KATANA,海外,2794,MAD8KA,海外,0,,-
copula,Journey,0,,-,664,-KYO-,海外,1074,HIQYER,海外,1857,YUZUHA,海外,3123,NYANTA,海外
copula,Konzert V,0,,-,1241,MALPEL,海外,2126,KOMUGI,海外,3320,MAD8KA,海外,0,,-
copula,La dolce primavera,0,,-,669,CH1AKI,海外,1097,CH1AKI,海外,2081,METHY,海外,0,,-
copula,M4K3 1T B0UNC3,0,,-,1147,ENO.,海外,1943,NEKO,海外,2983,OPNLEG,海外,0,,-
copula,Musik LoverZ,0,,-,934,CH1AKI,海外,1233,M!KA-L,海外,2456,IIDX31,海外,0,,-
copula,NANAIRO,0,,-,957,PUKEUG,海外,1768,METHY,海外,2557,SC,海外,0,,-
copula,Nightmare before oversleep,0,,-,1117,PUKEUG,海外,1838,KOMUGI,海外,2944,SC,海外,0,,-
copula,NINJA IS DEAD IIDX ver.,0,,-,989,CH1AKI,海外,1819,KOMUGI,海外,2990,AIMU,海外,0,,-
copula,NO LIMIT -オレ達に限界は無い-,0,,-,530,AAAAAA,海外,1191,KOMUGI,海外,2237,AIMU,海外,0,,-
copula,Nowhere,0,,-,733,C4L3BT,海外,1462,KOMUGI,海外,2133,KO9HOU,海外,0,,-
copula,NZM,0,,-,697,JJW,海外,1381,METEOR,海外,3454,MAD8KA,海外,0,,-
copula,On the FM,0,,-,877,CH1AKI,海外,1544,YUKARI,海外,2751,MAD8KA,海外,0,,-
copula,Outbreak,0,,-,1213,CH1AKI,海外,1835,MEIMOW,海外,3008,AIMU,海外,0,,-
copula,POSSESSION,376,NII,海外,1315,YUKARI,海外,2088,AMANE,海外,2965,AIMU,海外,0,,-
copula,quick master (reform version),0,,-,151,NEKO,海外,303,NECOZE,海外,502,METHY,海外,0,,-
copula,refrain,0,,-,1090,CH1AKI,海外,2249,METHY,海外,3544,KARUBI,海外,0,,-
copula,Rock It,0,,-,979,CH1AKI,海外,1657,METHY,海外,2916,KARUBI,海外,0,,-
copula,Routing,0,,-,944,KOMUGI,海外,1654,KOMUGI,海外,2508,SC,海外,0,,-
copula,Sephirot,0,,-,819,CH1AKI,海外,1233,NECOZE,海外,2339,SC,海外,0,,-
copula,Set U Free feat. Kanae Asaba,0,,-,808,CH1AKI,海外,1490,KOMUGI,海外,2472,SOY,海外,0,,-
copula,SHELTER OF THE MIND,0,,-,1426,KOMUGI,海外,1720,CRAM,海外,3048,SC,海外,0,,-
copula,STARLiGHT,0,,-,893,PUKEUG,海外,1716,YUKARI,海外,2770,AIMU,海外,0,,-
copula,STARLIGHT DANCEHALL,0,,-,894,AAAAAA,海外,1689,KATANA,海外,2623,IIDX31,海外,3306,MAD8KA,海外
copula,StrayedCatz,0,,-,1032,G-CUP,海外,1838,KOMUGI,海外,2727,#CHORD,海外,0,,-
copula,Super Duper Racers,0,,-,877,CH1AKI,海外,1477,MEIMOW,海外,2365,AIMU,海外,3636,SC,海外
copula,SURVIVOR,0,,-,603,C0Z1N,海外,1242,MOYA*,海外,2024,SC,海外,0,,-
copula,Tori-no-kimochi,0,,-,249,NEKO,海外,1279,KOMUGI,海外,1950,YUZUHA,海外,0,,-
copula,Triple Counter,0,,-,1314,NOBETA,海外,2102,MEIMOW,海外,3948,AIMU,海外,0,,-
copula,Uh-Oh,0,,-,692,CLAWZ,海外,1604,YUKARI,海外,2402,MAD8KA,海外,0,,-
copula,Violet Pulse,0,,-,414,MALPEL,海外,1481,CRAM,海外,2335,AMANE,海外,4035,AIMU,海外
copula,Violet Rose,0,,-,1243,KOMUGI,海外,1901,KOMUGI,海外,2385,METHY,海外,0,,-
copula,Welcome,0,,-,833,-KYO-,海外,1692,*ITO.*,海外,2588,KARUBI,海外,3292,NYANTA,海外
copula,X,0,,-,1551,KOMUGI,海外,2356,&#9855,海外,3841,MAD8KA,海外,0,,-
copula,ZEPHYRANTHES,0,,-,864,CH1AKI,海外,1756,CHOOBO,海外,2727,METHY,海外,3828,SC,海外
copula,か・し・ま・し☆PUMP UP！,0,,-,954,CH1AKI,海外,1423,BEANS7,海外,2764,YUZUHA,海外,0,,-
copula,めいさいアイドル☆あいむちゃん♪,0,,-,1523,KOMUGI,海外,2244,KOMUGI,海外,3331,AIMU,海外,0,,-
copula,オルタネイトβ,0,,-,721,CH1AKI,海外,1428,KOMUGI,海外,2254,SC,海外,0,,-
copula,ギョギョっと人魚 爆婚ブライダル,0,,-,644,CH1AKI,海外,1294,*ITO.*,海外,2367,SC,海外,0,,-
copula,シュッパツシンコウ・シサカンコ,0,,-,986,C4L3BT,海外,1702,CRAM,海外,2432,SC,海外,0,,-
copula,セロトニン,0,,-,0,,-,1754,KOMUGI,海外,2262,YUZUHA,海外,0,,-
copula,少女アリスと箱庭幻想コンチェルト,0,,-,0,,-,1443,KOMUGI,海外,2156,NYANTA,海外,0,,-
copula,明鏡止水,0,,-,366,JOSECO,海外,1755,LAPIS,海外,2768,KARUBI,海外,0,,-
copula,星屑ディスタンシア,0,,-,0,,-,1038,NECOZE,海外,2058,MAD8KA,海外,0,,-
copula,朝焼けから始まるボクらの小さな旅,0,,-,838,CH1AKI,海外,1323,T11,海外,2518,NYANTA,海外,0,,-
copula,灼熱 Pt.2 Long Train Running,367,N2,海外,1300,KOMUGI,海外,2095,#CHORD,海外,3335,AIMU,海外,0,,-
copula,真 地獄超特急 -HELL or HELL-,0,,-,1405,KOMUGI,海外,2058,IIDX33,海外,3286,AIMU,海外,0,,-
copula,紫陽花 -AZISAI-,344,ADIGOS,海外,1090,ENO.,海外,1991,KOMUGI,海外,2843,AIMU,海外,3289,AIMU,海外
copula,追想快晴テーマパーク,0,,-,903,THDMG,海外,1986,KOMUGI,海外,3061,MAD8KA,海外,0,,-
copula,量子の海のリントヴルム,0,,-,926,KOMUGI,海外,1773,KOMUGI,海外,2923,MAD8KA,海外,0,,-
copula,駅猫のワルツ,0,,-,1041,PUKEUG,海外,2044,METHY,海外,2781,AIMU,海外,0,,-
copula,麗 ～うらら～,229,ADIGOS,海外,807,ZOMBIE,海外,1746,KOMUGI,海外,2621,SC,海外,0,,-
SINOBUZ,¡Viva!,0,,-,979,KOMUGI,海外,1566,KOMUGI,海外,1950,SHMERT,海外,0,,-
SINOBUZ,#MAGiCVLGiRL_TRVP_B3VTZ,0,,-,992,CH1AKI,海外,1962,#CHORD,海外,3393,MAD8KA,海外,0,,-
SINOBUZ,(This Is Not) The Angels,0,,-,582,1416,海外,1369,CHOOBO,海外,2709,AIMU,海外,0,,-
SINOBUZ,Amazing Mirage,191,LRNAI,海外,910,KOMUGI,海外,1707,KOMUGI,海外,2591,OPNLEG,海外,3247,SC,海外
SINOBUZ,AO-∞,0,,-,986,Z.,海外,1545,24,海外,2660,#CHORD,海外,0,,-
SINOBUZ,Apocalypse,0,,-,1055,PUKEUG,海外,2024,KOMUGI,海外,3542,SC,海外,0,,-
SINOBUZ,Around The Galaxy,0,,-,959,CH1AKI,海外,2094,SHMERT,海外,3350,MAD8KA,海外,0,,-
SINOBUZ,AsiaN distractive,0,,-,750,JACOB3,海外,1619,MOYA*,海外,2550,SOY,海外,0,,-
SINOBUZ,BabeL ～Grand Story～,0,,-,1194,*ITO.*,海外,1977,KOMUGI,海外,2763,NYANTA,海外,0,,-
SINOBUZ,Be A Star,0,,-,465,ZAKURO,海外,1750,KING.,海外,2801,SC,海外,0,,-
SINOBUZ,Beat Juggling Mix,0,,-,708,H18!,海外,1400,YUKARI,海外,2136,OPNLEG,海外,0,,-
SINOBUZ,Believe in you,0,,-,1042,CH1AKI,海外,1838,KOMUGI,海外,2406,IIDX31,海外,0,,-
SINOBUZ,Beyond The Seven,0,,-,624,CH1AKI,海外,1213,CRAM,海外,2707,NYANTA,海外,0,,-
SINOBUZ,BREAK OVER,0,,-,793,CH1AKI,海外,1486,NEKO,海外,2299,YUZUHA,海外,0,,-
SINOBUZ,Breakin' Chain,0,,-,537,PODO*,海外,1180,T-KOMA,海外,2166,VXNISH,海外,0,,-
SINOBUZ,BroGamer,0,,-,1363,METHY,海外,2073,AMANE,海外,3009,KARUBI,海外,4620,AIMU,海外
SINOBUZ,Caterpillar,0,,-,1153,-KYO-,海外,2067,VXNISH,海外,2961,OPNLEG,海外,0,,-
SINOBUZ,crew,0,,-,621,NOBETA,海外,1735,SAYA.S,海外,2924,SC,海外,0,,-
SINOBUZ,Cyber True Color,0,,-,818,ZOMBIE,海外,1550,*ITO.*,海外,2333,MAD8KA,海外,0,,-
SINOBUZ,DORNWALD ～Junge～,0,,-,1209,CRAM,海外,2140,KOMUGI,海外,3557,AIMU,海外,0,,-
SINOBUZ,ECHIDNA,0,,-,977,GMPD!!,海外,1879,MIO33#,海外,3339,MAD8KA,海外,0,,-
SINOBUZ,Egret and Willow,0,,-,904,CH1AKI,海外,1536,CHOOBO,海外,2694,MAD8KA,海外,0,,-
SINOBUZ,elemental bender feat. Kanae Asaba,0,,-,616,NOBETA,海外,1049,M!KA-L,海外,1603,IIDX31,海外,0,,-
SINOBUZ,FUZIN RIZIN,0,,-,1015,CH1AKI,海外,1745,T11,海外,3738,SC,海外,0,,-
SINOBUZ,Go Ahead!!,0,,-,818,PODO*,海外,1465,MIO33#,海外,2702,MAD8KA,海外,0,,-
SINOBUZ,GuNGNiR,0,,-,1292,CHOOBO,海外,2537,77BAR,海外,3829,MAD8KA,海外,4574,AIMU,海外
SINOBUZ,HADES,331,MKRY**,海外,874,CH1AKI,海外,1792,N2T*,海外,3051,SC,海外,0,,-
SINOBUZ,HAPPY★RUSH,0,,-,697,C4L3BT,海外,1840,KOMUGI,海外,2875,NYANTA,海外,0,,-
SINOBUZ,Honey Trap,0,,-,740,CH1AKI,海外,1528,CHOOBO,海外,2516,SC,海外,0,,-
SINOBUZ,INVISIBLE STRIX,0,,-,935,CH1AKI,海外,1956,METHY,海外,2487,YUZUHA,海外,0,,-
SINOBUZ,Lost wing at.0,0,,-,853,CH1AKI,海外,1244,CRAM,海外,2410,MAD8KA,海外,0,,-
SINOBUZ,Macuilxochitl,317,BOFA,海外,1468,KOMUGI,海外,2229,SHMERT,海外,3271,MAD8KA,海外,0,,-
SINOBUZ,Magical,0,,-,676,CH1AKI,海外,1147,M!KA-L,海外,2000,SC,海外,0,,-
SINOBUZ,Mare Nectaris,0,,-,1376,CHOOBO,海外,2056,YUZUHA,海外,3738,AIMU,海外,0,,-
SINOBUZ,Modular Technology,0,,-,1165,NOBETA,海外,1922,METHY,海外,2621,NYANTA,海外,0,,-
SINOBUZ,Music is The Answer,0,,-,696,CH1AKI,海外,1367,KOMUGI,海外,1897,AIMU,海外,0,,-
SINOBUZ,nostos,0,,-,454,MAKO,海外,1137,HILL&N,海外,2534,NYANTA,海外,0,,-
SINOBUZ,OOO,0,,-,693,KOMUGI,海外,1457,SHMERT,海外,2062,SC,海外,2648,NYANTA,海外
SINOBUZ,OTENAMI Hurricane,0,,-,1055,CH1AKI,海外,2063,VXNISH,海外,3121,#CHORD,海外,0,,-
SINOBUZ,PAPAYAPA BASS,0,,-,766,NOBETA,海外,1536,KOMUGI,海外,2757,MAD8KA,海外,0,,-
SINOBUZ,Piano Samurai,0,,-,1066,KOMUGI,海外,1633,YUKARI,海外,2435,YUZUHA,海外,0,,-
SINOBUZ,Quakes,0,,-,1099,G-CUP,海外,1809,BLSKY#,海外,3107,MAD8KA,海外,0,,-
SINOBUZ,RAIN,0,,-,1114,NOBETA,海外,1592,KATANA,海外,3238,MAD8KA,海外,0,,-
SINOBUZ,Rave Cannon,0,,-,878,C4L3BT,海外,1631,HILL&N,海外,3297,KARUBI,海外,0,,-
SINOBUZ,Remedy feat. Kanae Asaba,0,,-,789,CH1AKI,海外,1352,MKS808,海外,2157,SHMERT,海外,0,,-
SINOBUZ,ROTTERDAM SHOGUN,504,C4L3BT,海外,1026,CH1AKI,海外,1747,KOMUGI,海外,2551,NYANTA,海外,0,,-
SINOBUZ,SAMURAI-Scramble,0,,-,845,MKS808,海外,1643,2KIPAQ,海外,2367,AIMU,海外,2885,AIMU,海外
SINOBUZ,Sarutobi Champion is 拙者,0,,-,0,,-,1389,YUKARI,海外,2177,#CHORD,海外,0,,-
SINOBUZ,SAY BAY,0,,-,822,NOBETA,海外,1371,1416,海外,2790,MAD8KA,海外,0,,-
SINOBUZ,Seaside Labyrinth,0,,-,567,CH1AKI,海外,1256,KOMUGI,海外,1807,YUZUHA,海外,0,,-
SINOBUZ,Selfish Sweet,0,,-,625,NOBETA,海外,868,M!KA-L,海外,1658,YUZUHA,海外,2609,SC,海外
SINOBUZ,SEQUENCE CAT,0,,-,969,CH1AKI,海外,2015,VXNISH,海外,2751,#CHORD,海外,0,,-
SINOBUZ,shuriken,0,,-,774,KOMUGI,海外,1130,KOMUGI,海外,2514,NYANTA,海外,0,,-
SINOBUZ,SINOBUZ Fantasy,0,,-,772,THDMG,海外,1632,METHY,海外,2363,KO9HOU,海外,0,,-
SINOBUZ,Sky High,366,BENNY,海外,1180,KOMUGI,海外,2280,AMANE,海外,3781,SC,海外,0,,-
SINOBUZ,Snakey Kung-fu,0,,-,1123,SC,海外,2118,KOMUGI,海外,3369,AIMU,海外,0,,-
SINOBUZ,Steel Edge,0,,-,836,CH1AKI,海外,1392,T-KOMA,海外,3140,MAD8KA,海外,0,,-
SINOBUZ,Summerlights(IIDX Edition),0,,-,1076,*ITO.*,海外,1678,X,海外,3080,KARUBI,海外,0,,-
SINOBUZ,Super Rush,0,,-,996,NOBETA,海外,1852,MEIMOW,海外,3508,MAD8KA,海外,0,,-
SINOBUZ,Surf on the Light,0,,-,638,NIRO,海外,1451,CHOOBO,海外,2258,NYANTA,海外,0,,-
SINOBUZ,The Commanders,0,,-,955,METHY,海外,1502,SHMERT,海外,2438,SC,海外,0,,-
SINOBUZ,TOGAKUSHI,0,,-,881,CH1AKI,海外,1741,KOMUGI,海外,2602,SC,海外,0,,-
SINOBUZ,Umbral,0,,-,411,NII,海外,1308,YUKARI,海外,1879,Q*BIZA,海外,3053,SC,海外
SINOBUZ,Venom,0,,-,1176,NOBETA,海外,2095,METHY,海外,3151,AIMU,海外,0,,-
SINOBUZ,Vermilion,0,,-,703,S40R1.,海外,1269,UMA4RO,海外,2002,KARUBI,海外,0,,-
SINOBUZ,Warrior,0,,-,0,,-,1556,HILL&N,海外,2463,AIMU,海外,0,,-
SINOBUZ,XINOBIKILL,0,,-,862,CH1AKI,海外,1698,KOMUGI,海外,2829,NYANTA,海外,0,,-
SINOBUZ,yamabiko (SINOBUZ Edition),0,,-,822,CH1AKI,海外,1260,NECOZE,海外,2630,SC,海外,0,,-
SINOBUZ,Yellow Sketch(RX-Ver.S.P.L.),0,,-,677,C4L3BT,海外,1755,KOMUGI,海外,2822,NYANTA,海外,0,,-
SINOBUZ,〆,0,,-,1283,KOMUGI,海外,2236,KOMUGI,海外,3662,SC,海外,0,,-
SINOBUZ,ちらちら・はらはら,0,,-,405,NOBETA,海外,948,KOMUGI,海外,1416,NYANTA,海外,0,,-
SINOBUZ,イザナミノナゲキ,0,,-,923,ZOMBIE,海外,1784,KOMUGI,海外,3255,AIMU,海外,0,,-
SINOBUZ,ディッシュウォッシャー◎彡おいわちゃん,0,,-,583,CH1AKI,海外,1385,KOMUGI,海外,2501,OPNLEG,海外,0,,-
SINOBUZ,九尾狐夜行,0,,-,868,KOMUGI,海外,1717,KOMUGI,海外,2929,SC,海外,0,,-
SINOBUZ,冬椿 ft. Kanae Asaba,260,SC,海外,951,KOMUGI,海外,1242,KOMUGI,海外,2278,SC,海外,3006,KARUBI,海外
SINOBUZ,刃図羅,0,,-,1237,#CHORD,海外,2014,KOMUGI,海外,3364,AIMU,海外,0,,-
SINOBUZ,忍恋花,0,,-,969,NOBETA,海外,1627,AMANE,海外,2111,&#9855,海外,0,,-
SINOBUZ,恋はどう？モロ◎波動OK☆方程式!!,0,,-,0,,-,1250,CH1AKI,海外,2439,IIDX31,海外,0,,-
SINOBUZ,月雪に舞う華のように,0,,-,699,CH1AKI,海外,1278,KOMUGI,海外,2108,NYANTA,海外,0,,-
SINOBUZ,次葉 -turn the page-,0,,-,741,CH1AKI,海外,1350,KATANA,海外,1995,AIMU,海外,0,,-
SINOBUZ,津軽雪,0,,-,1377,NOBETA,海外,2207,YUZUHA,海外,3788,SC,海外,0,,-
SINOBUZ,火影,0,,-,694,NOBETA,海外,1424,SC,海外,2709,AIMU,海外,0,,-
SINOBUZ,焔極OVERKILL,0,,-,873,COLE,海外,2117,YUZUHA,海外,3560,SC,海外,0,,-
SINOBUZ,獅子霞麗ノ舞,0,,-,0,,-,1038,KOMUGI,海外,1709,MAD8KA,海外,0,,-
SINOBUZ,禍根,0,,-,749,CH1AKI,海外,1084,NECOZE,海外,2522,#CHORD,海外,0,,-
SINOBUZ,童話回廊,0,,-,756,CH1AKI,海外,1585,UMA4RO,海外,3074,AIMU,海外,0,,-
SINOBUZ,鴉,0,,-,1403,PUKEUG,海外,2245,SHMERT,海外,2655,#CHORD,海外,0,,-
CANNON BALLERS,1001 -ESCAPE-,0,,-,1005,NOBETA,海外,1376,NECOZE,海外,2621,SC,海外,0,,-
CANNON BALLERS,255,0,,-,799,CH1AKI,海外,1500,G-CUP,海外,3270,AIMU,海外,0,,-
CANNON BALLERS,AA -rebuild-,0,,-,1142,43S1*,海外,2477,SC,海外,3579,SC,海外,0,,-
CANNON BALLERS,Abraxas,0,,-,649,THDMG,海外,1519,NEKO,海外,2351,#CHORD,海外,0,,-
CANNON BALLERS,ACCELERATE,0,,-,1015,CH1AKI,海外,1612,YUKARI,海外,2444,KO9HOU,海外,0,,-
CANNON BALLERS,Alpheratz,0,,-,425,PUKEUG,海外,1032,SC,海外,2086,SC,海外,2883,MAD8KA,海外
CANNON BALLERS,Amor De Verao,0,,-,691,PUKEUG,海外,1417,SAYA.S,海外,2285,KO9HOU,海外,0,,-
CANNON BALLERS,ANAGMA,0,,-,780,PODO*,海外,1733,C.Y.A,海外,2607,KARUBI,海外,0,,-
CANNON BALLERS,ANCHOR,0,,-,1262,TWEAK!,海外,2540,SC,海外,3571,MAD8KA,海外,0,,-
CANNON BALLERS,Antigravity,0,,-,858,CH1AKI,海外,1807,VXNISH,海外,2999,#CHORD,海外,0,,-
CANNON BALLERS,Arca,0,,-,882,AAAAAA,海外,1694,TWEAK!,海外,3102,AIMU,海外,0,,-
CANNON BALLERS,Around the Future,0,,-,905,33,海外,1670,METHY,海外,2586,SC,海外,0,,-
CANNON BALLERS,Back Spin Sweeper,0,,-,547,THDMG,海外,1027,KNEE,海外,2232,NYANTA,海外,0,,-
CANNON BALLERS,Battleground,0,,-,968,CH1AKI,海外,1804,KOMUGI,海外,2655,OPNLEG,海外,0,,-
CANNON BALLERS,Be a Hero!,0,,-,696,CH1AKI,海外,1623,TWEAK!,海外,3110,NYANTA,海外,0,,-
CANNON BALLERS,Best of Me,0,,-,780,NOBETA,海外,1555,SAYA.S,海外,2163,#CHORD,海外,0,,-
CANNON BALLERS,Boomy and The Boost,0,,-,813,IBOUTI,海外,1887,KATANA,海外,3521,SC,海外,0,,-
CANNON BALLERS,Break Stasis,0,,-,1151,CH1AKI,海外,1762,KATANA,海外,2401,SAYA.S,海外,0,,-
CANNON BALLERS,ChaserXX,0,,-,798,AAAAAA,海外,1545,CRAM,海外,2782,AIMU,海外,3801,AIMU,海外
CANNON BALLERS,Chemical Cookie,0,,-,806,NOBETA,海外,1434,KOMUGI,海外,2135,NYANTA,海外,0,,-
CANNON BALLERS,City Never Sleeps (IIDX Edition),0,,-,995,PODO*,海外,1853,METHY,海外,2651,MAD8KA,海外,0,,-
CANNON BALLERS,COSMIC☆WONDER☆REVOLUTION,0,,-,747,NOBETA,海外,1351,KOMUGI,海外,2092,SC,海外,0,,-
CANNON BALLERS,DEADHEAT,0,,-,1033,CH1AKI,海外,1926,METHY,海外,3323,AIMU,海外,0,,-
CANNON BALLERS,DEATH†ZIGOQ ～怒りの高速爆走野郎～,0,,-,1171,PLANTO,海外,2267,VXNISH,海外,3914,MAD8KA,海外,4702,AIMU,海外
CANNON BALLERS,DropZ-Line-,0,,-,1223,*ITO.*,海外,1868,KOMUGI,海外,3160,AIMU,海外,0,,-
CANNON BALLERS,Eine Haube ～聖地の果てにあるもの～,0,,-,980,SC,海外,1178,NECOZE,海外,2562,MAD8KA,海外,0,,-
CANNON BALLERS,EMERALDAS,395,NII,海外,1318,CHOOBO,海外,2262,METHY,海外,3507,AIMU,海外,0,,-
CANNON BALLERS,encounter,0,,-,890,*ITO.*,海外,1701,KOMUGI,海外,3219,MAD8KA,海外,0,,-
CANNON BALLERS,Exhaust Hype,0,,-,935,CH1AKI,海外,1755,CRAM,海外,2686,YUZUHA,海外,0,,-
CANNON BALLERS,Expanded !!,0,,-,671,NOBETA,海外,1518,KOMUGI,海外,2619,#CHORD,海外,0,,-
CANNON BALLERS,Fervidex,0,,-,766,CH1AKI,海外,1741,KOMUGI,海外,2692,KARUBI,海外,0,,-
CANNON BALLERS,FREEDOM,0,,-,803,CH1AKI,海外,1640,MEIMOW,海外,2896,MAD8KA,海外,0,,-
CANNON BALLERS,From Time To Time,0,,-,716,CH1AKI,海外,1400,NECOZE,海外,2549,KARUBI,海外,0,,-
CANNON BALLERS,FUTURE is Dead,0,,-,822,CH1AKI,海外,1254,MOYA*,海外,2240,AIMU,海外,0,,-
CANNON BALLERS,Get Up! feat. Kanae Asaba,0,,-,456,GTXIAS,海外,1025,M!KA-L,海外,1856,OPNLEG,海外,0,,-
CANNON BALLERS,HAT TRICK,0,,-,822,NOBETA,海外,1427,METHY,海外,2201,KO9HOU,海外,0,,-
CANNON BALLERS,Hella Deep,0,,-,527,CH1AKI,海外,880,N.O.,海外,1850,AIMU,海外,0,,-
CANNON BALLERS,HYPE THE CORE,0,,-,804,EEEEEE,海外,1900,VXNISH,海外,3021,AIMU,海外,0,,-
CANNON BALLERS,I Love You,0,,-,1069,SC,海外,1800,METHY,海外,2689,SOY,海外,0,,-
CANNON BALLERS,Illusionary Waterlily,0,,-,1132,CH1AKI,海外,2110,VXNISH,海外,3456,MAD8KA,海外,0,,-
CANNON BALLERS,Initiation,570,IPE,海外,1335,YANG.,海外,2501,SC,海外,3892,MAD8KA,海外,0,,-
CANNON BALLERS,"Life Is A Game ft.DD""ナカタ""Metal",0,,-,1028,CH1AKI,海外,1833,VXNISH,海外,3335,#CHORD,海外,0,,-
CANNON BALLERS,LUV DRIVE,0,,-,0,,-,1195,RYU916,海外,2123,#CHORD,海外,0,,-
CANNON BALLERS,MAXIVCORD,0,,-,731,CH1AKI,海外,1362,KOMUGI,海外,2417,MAD8KA,海外,0,,-
CANNON BALLERS,Midnight Lady,0,,-,624,NOBETA,海外,1103,KATANA,海外,1921,000000,海外,0,,-
CANNON BALLERS,n'pa pa BBQ,0,,-,798,H18!,海外,1669,MEIMOW,海外,2724,MAD8KA,海外,0,,-
CANNON BALLERS,NITROUS CANNON,0,,-,1191,CRAM,海外,1884,VXNISH,海外,3563,#CHORD,海外,0,,-
CANNON BALLERS,No Limit 2 dAnce feat. 大山愛未,0,,-,680,GGGHMB,海外,1439,YUKARI,海外,2303,AIMU,海外,0,,-
CANNON BALLERS,Nothing but Theory,0,,-,1098,KOMUGI,海外,1515,KOMUGI,海外,2818,KARUBI,海外,3726,SC,海外
CANNON BALLERS,O/D*20,0,,-,923,ZOMBIE,海外,1656,SAYA.S,海外,2105,MAD8KA,海外,3831,NYANTA,海外
CANNON BALLERS,Only for now,0,,-,830,CH1AKI,海外,1461,CRAM,海外,2229,FANTIA,海外,0,,-
CANNON BALLERS,Papilio ulysses,0,,-,1084,SJ#,海外,2001,M,海外,2892,AIMU,海外,0,,-
CANNON BALLERS,Persephone,0,,-,817,REIN,海外,1710,KATANA,海外,2945,KARUBI,海外,0,,-
CANNON BALLERS,Rampage,0,,-,1294,KOMUGI,海外,2400,MEIMOW,海外,3606,AIMU,海外,0,,-
CANNON BALLERS,Raspberry Railgun,0,,-,1286,CRAM,海外,2179,METHY,海外,3091,NYANTA,海外,0,,-
CANNON BALLERS,REVOLVER,0,,-,506,NIRO,海外,1572,METHY,海外,2537,FANTIA,海外,3208,#CHORD,海外
CANNON BALLERS,Sleepless days,0,,-,500,NOBETA,海外,892,KOMUGI,海外,1575,SC,海外,0,,-
CANNON BALLERS,Slipstream,0,,-,708,CHU2,海外,1805,KATANA,海外,3516,SC,海外,0,,-
CANNON BALLERS,SPEED DEMON,0,,-,667,CH1AKI,海外,1433,MEIMOW,海外,2350,AIMU,海外,0,,-
CANNON BALLERS,STARLIGHT JUNCTION,0,,-,790,NKCHAN,海外,1446,MANMA,海外,2285,SC,海外,2895,SC,海外
CANNON BALLERS,Static State,0,,-,938,CH1AKI,海外,1702,KOMUGI,海外,2347,AIMU,海外,0,,-
CANNON BALLERS,Temple of Anubis,0,,-,985,NOBETA,海外,1529,SAYA.S,海外,2637,AIMU,海外,0,,-
CANNON BALLERS,THE CANNONBALLER,433,ADIGOS,海外,1300,CH1AKI,海外,2178,SPDRVE,海外,3431,SC,海外,0,,-
CANNON BALLERS,The Chase,0,,-,469,THDMG,海外,1240,HANIWA,海外,2195,AIMU,海外,0,,-
CANNON BALLERS,UMMU,392,ADIGOS,海外,989,CH1AKI,海外,1929,ZEKU-O,海外,3072,AIMU,海外,0,,-
CANNON BALLERS,Usual Days-remix,0,,-,907,CH1AKI,海外,1451,KOMUGI,海外,2664,OPNLEG,海外,0,,-
CANNON BALLERS,Xperanza,424,VXNISH,海外,1354,KOMUGI,海外,2201,*ITO.*,海外,3193,MAD8KA,海外,0,,-
CANNON BALLERS,うさ☆かめ 大戦争！,0,,-,763,NIRO,海外,1535,2KIPAQ,海外,2469,KARUBI,海外,0,,-
CANNON BALLERS,エディブルフラワーの独白,0,,-,595,CHU2,海外,1486,KOMUGI,海外,2192,NYANTA,海外,0,,-
CANNON BALLERS,シムルグの目醒め,0,,-,1269,ACB,海外,2176,MIO33#,海外,3467,AIMU,海外,0,,-
CANNON BALLERS,ナイトシティー・アヴァンチュール,0,,-,794,JOJO,海外,1484,M!KA-L,海外,2088,SC,海外,0,,-
CANNON BALLERS,ハイ*ビスカス ft. Kanae Asaba,0,,-,760,MANMA,海外,1503,KOMUGI,海外,2445,SC,海外,0,,-
CANNON BALLERS,バ→ビ→ブ→Bomb!,0,,-,713,CH1AKI,海外,1762,KOMUGI,海外,2521,MAD8KA,海外,0,,-
CANNON BALLERS,バスルーム ロマンス,0,,-,820,CH1AKI,海外,1380,YUKARI,海外,2389,MAD8KA,海外,0,,-
CANNON BALLERS,パラドキシカル・タイムリープトライアル(Short Ver.),0,,-,905,CH1AKI,海外,1858,KOMUGI,海外,2771,NYANTA,海外,0,,-
CANNON BALLERS,ラストセンチュリーメランコリック,0,,-,0,,-,1416,HILL&N,海外,2167,MAD8KA,海外,0,,-
CANNON BALLERS,共犯ヘヴンズコード,0,,-,486,NOBETA,海外,1088,NECOZE,海外,2116,YUZUHA,海外,0,,-
CANNON BALLERS,命の標本,0,,-,649,CH1AKI,海外,1418,HILL&N,海外,2670,SC,海外,0,,-
CANNON BALLERS,東京神話,375,MIZU,海外,896,CH1AKI,海外,1541,KATANA,海外,2813,AIMU,海外,0,,-
CANNON BALLERS,神謳 -RESONANCE-,0,,-,1323,MANMA,海外,2354,KOMUGI,海外,3976,SC,海外,0,,-
CANNON BALLERS,純真可憐デザイア,221,ADIGOS,海外,756,CH1AKI,海外,1549,KOMUGI,海外,2327,SC,海外,2956,SC,海外
CANNON BALLERS,草原の王女-軌跡を辿って-,0,,-,306,BOFA,海外,1170,YUKARI,海外,2217,AMANE,海外,0,,-
Rootage,& Intelligence,0,,-,1001,CH1AKI,海外,1809,KATANA,海外,3149,SC,海外,0,,-
Rootage,50th Memorial Songs -Beginning Story-,295,ADIGOS,海外,646,PODO*,海外,1271,CH1AKI,海外,2713,SC,海外,0,,-
Rootage,50th Memorial Songs -Flagship medley-,341,ADIGOS,海外,452,CH1AKI,海外,1346,PUKEUG,海外,2198,MAD8KA,海外,0,,-
Rootage,50th Memorial Songs -The BEMANI History-,0,,-,958,CH1AKI,海外,1610,METHY,海外,2599,NYANTA,海外,0,,-
Rootage,50th Memorial Songs -二人の時 ～under the cherry blossoms～-,383,XENOPS,海外,1079,CH1AKI,海外,1590,KOMUGI,海外,2594,SC,海外,0,,-
Rootage,Afterimage d'automne,0,,-,895,CH1AKI,海外,1520,***,海外,2762,MAD8KA,海外,0,,-
Rootage,BLACK JACKAL,0,,-,772,CH1AKI,海外,1520,KOMUGI,海外,2300,KO9HOU,海外,0,,-
Rootage,BLO§OM,0,,-,1095,SC,海外,1544,*ITO.*,海外,2543,NYANTA,海外,0,,-
Rootage,Carmina,345,GRUB,海外,1138,PUKEUG,海外,2243,MIO33#,海外,3752,AIMU,海外,0,,-
Rootage,Carry Me Away,422,KOKOKO,海外,1023,CRAM,海外,1831,SC,海外,3145,MAD8KA,海外,0,,-
Rootage,Catch Our Fire!,0,,-,1148,CH1AKI,海外,2177,Q*BIZA,海外,3636,MAD8KA,海外,0,,-
Rootage,CODE:0,0,,-,1231,CH1AKI,海外,2025,KOMUGI,海外,2831,AIMU,海外,3435,AIMU,海外
Rootage,CoMAAAAAAA,0,,-,1077,ACB,海外,2058,METHY,海外,2351,#CHORD,海外,3822,MAD8KA,海外
Rootage,COSMIC CYBER,0,,-,971,CH1AKI,海外,1399,METEOR,海外,2896,SC,海外,0,,-
Rootage,Cranberry City ft. Luschel,0,,-,844,NOBETA,海外,1455,CRAM,海外,2348,YUZUHA,海外,0,,-
Rootage,dAuntl3ss,0,,-,948,C353,海外,2023,SC,海外,3459,MAD8KA,海外,0,,-
Rootage,Dr. Chemical & Killing Machine,0,,-,775,ZOMBIE,海外,1845,METHY,海外,3346,MAD8KA,海外,0,,-
Rootage,Drastic Dramatic,0,,-,1531,KOMUGI,海外,2275,KOMUGI,海外,3474,KARUBI,海外,0,,-
Rootage,DRUNK MONKY,0,,-,692,ZOMBIE,海外,1551,AMANE,海外,2315,AIMU,海外,0,,-
Rootage,Ember Lights,0,,-,928,CHOOBO,海外,1503,KATANA,海外,2697,SC,海外,3071,AIMU,海外
Rootage,EVANESCENT,0,,-,1104,CH1AKI,海外,2187,KOMUGI,海外,3543,AIMU,海外,0,,-
Rootage,Garuda,0,,-,585,S4W,海外,1312,NETT00,海外,2578,NYANTA,海外,0,,-
Rootage,Geirskögul,0,,-,1015,NOBETA,海外,1242,CH1AKI,海外,2207,KARUBI,海外,0,,-
Rootage,GENE,0,,-,1222,YUKARI,海外,1978,SC,海外,4303,SC,海外,3472,MAD8KA,海外
Rootage,GIGA THRASH,0,,-,0,,-,1527,CRAM,海外,2660,KARUBI,海外,0,,-
Rootage,Glory,0,,-,660,NI9DSN,海外,1419,MOZ,海外,2303,NYANTA,海外,0,,-
Rootage,GO OVER WITH GLARE -ROOTAGE 26-,0,,-,943,CH1AKI,海外,2147,KOMUGI,海外,3903,AIMU,海外,0,,-
Rootage,HARD BRAIN,0,,-,1082,CH1AKI,海外,1971,KOMUGI,海外,3730,KARUBI,海外,0,,-
Rootage,HEISEI,0,,-,1010,NOBETA,海外,1779,SUNSUN,海外,2537,MAD8KA,海外,0,,-
Rootage,Hurry Hurry,0,,-,672,CH1AKI,海外,1005,M!KA-L,海外,2081,SC,海外,0,,-
Rootage,IDC feat.REVERBEE (Mo'Cuts Ver),0,,-,813,NEX*,海外,1363,KATANA,海外,2197,NYANTA,海外,0,,-
Rootage,IDOL syndrome.,0,,-,684,C4L3BT,海外,1382,AAAAAA,海外,2101,C.Y.A,海外,2984,SC,海外
Rootage,KILL EACH OTHER,0,,-,1418,SC,海外,2237,VXNISH,海外,3784,MAD8KA,海外,0,,-
Rootage,L.F.O,0,,-,844,-KYO-,海外,1527,TGM77,海外,3267,MAD8KA,海外,0,,-
Rootage,LADYBIRD,0,,-,825,CH1AKI,海外,1582,CHOOBO,海外,2413,MAD8KA,海外,0,,-
Rootage,Let me be your cure,0,,-,993,CH1AKI,海外,1396,YUKARI,海外,2663,KARUBI,海外,0,,-
Rootage,Lethal Weapon,0,,-,989,CH1AKI,海外,1707,KOMUGI,海外,3205,AIMU,海外,0,,-
Rootage,Level One,0,,-,1215,SUNSUN,海外,2237,VRASNA,海外,3543,AIMU,海外,0,,-
Rootage,Lift Us High,0,,-,951,NOBETA,海外,1445,HANIWA,海外,2425,YUZUHA,海外,0,,-
Rootage,LOST TECHNOLOGIE,0,,-,483,ZAKURO,海外,1404,LOKULO,海外,3439,SC,海外,0,,-
Rootage,Macho Monky,0,,-,1269,*ITO.*,海外,1865,G-CUP,海外,2990,KARUBI,海外,0,,-
Rootage,Necroxis Girl,0,,-,898,CH1AKI,海外,1633,KATANA,海外,2733,MAD8KA,海外,0,,-
Rootage,"Next Tales 2 Oath (IIDX 20th Anniv ""Ring"" Theme)",0,,-,792,CH1AKI,海外,1567,KOMUGI,海外,2711,SOY,海外,0,,-
Rootage,Night! Night! Night!,0,,-,1068,CH1AKI,海外,1816,VRASNA,海外,3021,SC,海外,0,,-
Rootage,ONIGOROSHI,0,,-,1015,CH1AKI,海外,1722,MANMA,海外,2957,#CHORD,海外,0,,-
Rootage,OVER TIME,0,,-,362,BOFA,海外,963,KOMUGI,海外,1551,SC,海外,2017,NYANTA,海外
Rootage,Painful Fate,0,,-,1096,N.O.,海外,2099,VXNISH,海外,3347,MAD8KA,海外,0,,-
Rootage,Playing With Fire,0,,-,807,CH1AKI,海外,1603,METHY,海外,2357,SC,海外,0,,-
Rootage,Psycho Sheep Riddim,0,,-,620,NOBETA,海外,869,CH1AKI,海外,1656,KARUBI,海外,2225,MAD8KA,海外
Rootage,Red. by Jack Trance,0,,-,1448,YUKARI,海外,2045,AMANE,海外,3544,AIMU,海外,0,,-
Rootage,REPLAY,0,,-,945,KO9HOU,海外,1391,M!KA-L,海外,2214,SHMERT,海外,0,,-
Rootage,ROCK女 feat. 大山愛未， Ken,0,,-,962,CH1AKI,海外,1701,KOMUGI,海外,2757,AIMU,海外,0,,-
Rootage,ruin of opals,0,,-,831,HIQYER,海外,1655,NEKO,海外,3084,AIMU,海外,0,,-
Rootage,R∞tAge,351,IPE,海外,1060,NOBETA,海外,1534,KATANA,海外,2955,SC,海外,0,,-
Rootage,SPEED ROCKER,0,,-,751,CH1AKI,海外,1575,NEKO,海外,2293,MAD8KA,海外,0,,-
Rootage,Technicolour Dreams,0,,-,0,,-,1172,CH1AKI,海外,2391,SC,海外,0,,-
Rootage,The Best of Both Worlds,0,,-,0,,-,1232,HILL&N,海外,2225,SC,海外,0,,-
Rootage,THE DAY OF JUBILATIONS,0,,-,1148,CH1AKI,海外,2196,NEKO,海外,3410,AIMU,海外,0,,-
Rootage,The Rebellion of Sequencer,0,,-,980,CH1AKI,海外,1682,NEKO,海外,2999,AIMU,海外,0,,-
Rootage,toy boxer,0,,-,697,C,海外,1301,CRAM,海外,2231,SC,海外,0,,-
Rootage,ToyCube Pf.(RX-Ver.S.P.L.),0,,-,682,CH1AKI,海外,1462,KOMUGI,海外,2233,AMANE,海外,0,,-
Rootage,Trill auf G,0,,-,1152,OPNLEG,海外,1992,METHY,海外,3181,KARUBI,海外,0,,-
Rootage,Twilight Warp,0,,-,826,CH1AKI,海外,1423,KOMUGI,海外,2154,SC,海外,0,,-
Rootage,Unbelief,0,,-,922,CHU2,海外,1938,VXNISH,海外,3077,AIMU,海外,0,,-
Rootage,UNDERWORLD HOLOGRAPHY,0,,-,0,,-,1768,KATANA,海外,3251,MAD8KA,海外,0,,-
Rootage,Urban Constellations,0,,-,652,MOYA*,海外,1289,CRAM,海外,2240,MAD8KA,海外,3370,MAD8KA,海外
Rootage,Visterhv,0,,-,1264,METHY,海外,2200,AMANE,海外,3677,MAD8KA,海外,0,,-
Rootage,voltississimo,0,,-,888,THDMG,海外,1975,N2T*,海外,3491,#CHORD,海外,0,,-
Rootage,Wing of Hearts,0,,-,1092,NOBETA,海外,1645,CRAM,海外,2904,MAD8KA,海外,0,,-
Rootage,Wolf 1061,0,,-,897,CH1AKI,海外,1637,Q*BIZA,海外,3105,MAD8KA,海外,0,,-
Rootage,Wonderland,0,,-,841,CH1AKI,海外,1719,KOMUGI,海外,2717,KO9HOU,海外,0,,-
Rootage,X-DEN,0,,-,1625,SAYA.S,海外,2622,NYANTA,海外,4076,AIMU,海外,0,,-
Rootage,XENON II ～TOMOYUKIの野望～,0,,-,994,CH1AKI,海外,1650,KOMUGI,海外,2991,SC,海外,0,,-
Rootage,Xlo,0,,-,1499,KOMUGI,海外,2345,KOMUGI,海外,3738,AIMU,海外,0,,-
Rootage,Yum Yum Jelly,0,,-,685,NI9DSN,海外,1497,CHOOBO,海外,2354,AIMU,海外,0,,-
Rootage,ZENDEGI DANCE,0,,-,851,NIRO,海外,1557,CRAM,海外,2740,SC,海外,0,,-
Rootage,おーまい！らぶりー！すうぃーてぃ！だーりん！,0,,-,967,CH1AKI,海外,1898,KOMUGI,海外,2825,IIDX31,海外,0,,-
Rootage,お菓子の王国,0,,-,1313,PUKEUG,海外,2324,SC,海外,4021,MAD8KA,海外,0,,-
Rootage,グラナダの風,0,,-,0,,-,965,CH1AKI,海外,1839,MAD8KA,海外,0,,-
Rootage,セカンドピアス,0,,-,591,NOBETA,海外,911,NECOZE,海外,2018,SC,海外,0,,-
Rootage,ハードベース・フェスタ,0,,-,1149,KOMUGI,海外,1770,KOMUGI,海外,2789,KO9HOU,海外,0,,-
Rootage,ミストレス・アンに花束を,0,,-,564,NOBETA,海外,976,KOMUGI,海外,1404,KARUBI,海外,0,,-
Rootage,ミッドナイト☆WAR,0,,-,826,SC,海外,1470,CHOOBO,海外,2497,SC,海外,0,,-
Rootage,夏の匂い。キミの残像。 ft. Kanae Asaba,0,,-,610,CH1AKI,海外,1536,KOMUGI,海外,2554,SC,海外,0,,-
Rootage,抱きしめてモナムール,0,,-,1082,CH1AKI,海外,2156,NEKO,海外,4105,AIMU,海外,0,,-
Rootage,最小三倍完全数,0,,-,794,CH1AKI,海外,1683,METHY,海外,2510,#CHORD,海外,0,,-
Rootage,泰東ノ翠霞,0,,-,305,BOFA,海外,713,MALPEL,海外,1745,MAD8KA,海外,0,,-
Rootage,深愛のリグレット,0,,-,735,CH1AKI,海外,1119,CRAM,海外,2380,SC,海外,0,,-
Rootage,爆ゼニ☆がってんワーカー,0,,-,872,NI9DSN,海外,1681,G-CUP,海外,2593,YUZUHA,海外,0,,-
Rootage,花冠 feat.Aikapin,0,,-,0,,-,1460,KATANA,海外,2631,AIMU,海外,0,,-
Rootage,金野火織の金色提言,0,,-,1077,CH1AKI,海外,2154,METHY,海外,3084,AIMU,海外,0,,-
Rootage,龍王の霊廟(Mausoleum Of The Primal Dragon),0,,-,1147,SC,海外,2362,SC,海外,3173,NYANTA,海外,3968,MAD8KA,海外
HEROIC VERSE,27th style,0,,-,1109,G-CUP,海外,1601,X,海外,2497,KARUBI,海外,3174,OPNLEG,海外
HEROIC VERSE,Advent Infamous,0,,-,1010,SC,海外,1483,MOYA*,海外,2870,SC,海外,0,,-
HEROIC VERSE,AKASHIC BREAK,0,,-,1107,CH1AKI,海外,2329,METHY,海外,3564,MAD8KA,海外,0,,-
HEROIC VERSE,And-RoiD,0,,-,667,CH1AKI,海外,1221,HANIWA,海外,1987,KO9HOU,海外,0,,-
HEROIC VERSE,Artist,0,,-,1120,TWEAK!,海外,2335,VRASNA,海外,3523,SC,海外,0,,-
HEROIC VERSE,Backyard Stars,0,,-,852,CH1AKI,海外,1337,PUKEUG,海外,2242,SC,海外,0,,-
HEROIC VERSE,BEAT PRISONER,0,,-,1114,MANMA,海外,2132,SC,海外,3536,MAD8KA,海外,0,,-
HEROIC VERSE,beatAffection,0,,-,972,PUKEUG,海外,1417,PO!,海外,2647,NYANTA,海外,0,,-
HEROIC VERSE,Beautiful Harmony (IIDX Mix),0,,-,883,KOMUGI,海外,1661,KOMUGI,海外,2336,Q*BIZA,海外,0,,-
HEROIC VERSE,Bow shock!!,0,,-,742,C4L3BT,海外,1894,Q*BIZA,海外,3089,SC,海外,4215,MAD8KA,海外
HEROIC VERSE,Calvados Queen,0,,-,989,KOMUGI,海外,1497,KOMUGI,海外,2368,YUZUHA,海外,0,,-
HEROIC VERSE,Change Yourself,0,,-,795,CH1AKI,海外,1652,KOMUGI,海外,2507,IIDX31,海外,0,,-
HEROIC VERSE,Crank It,0,,-,718,CH1AKI,海外,1427,KOMUGI,海外,2441,MAD8KA,海外,0,,-
HEROIC VERSE,Dans la nuit de l'eternite,0,,-,1061,ZOMBIE,海外,2061,NEKO,海外,3305,SC,海外,0,,-
HEROIC VERSE,Do What You Want,0,,-,613,CH1AKI,海外,1073,C,海外,1996,MAD8KA,海外,0,,-
HEROIC VERSE,Double Dribble,0,,-,943,YASE,海外,1808,KOMUGI,海外,3314,AIMU,海外,0,,-
HEROIC VERSE,EROICA,0,,-,1359,KOMUGI,海外,2335,YUZUHA,海外,3821,MAD8KA,海外,0,,-
HEROIC VERSE,Everlasting Message,0,,-,1106,MANMA,海外,2203,METHY,海外,3755,AIMU,海外,0,,-
HEROIC VERSE,fairy cocktail,0,,-,418,CH1AKI,海外,1092,KOMUGI,海外,1591,SAYA.S,海外,0,,-
HEROIC VERSE,Fly Above (Vicissitude Remix),0,,-,853,NOBETA,海外,1407,MALPEL,海外,2324,KO9HOU,海外,0,,-
HEROIC VERSE,Forgetting Machine,0,,-,710,NOBETA,海外,1218,MEIMOW,海外,1710,SC,海外,0,,-
HEROIC VERSE,Friction[!]Function,0,,-,976,C4L3BT,海外,1548,CRAM,海外,3154,SC,海外,0,,-
HEROIC VERSE,GHOST,0,,-,776,NOBETA,海外,1332,G-CUP,海外,2720,MAD8KA,海外,0,,-
HEROIC VERSE,GIGA VIOLATE,0,,-,962,CH1AKI,海外,1518,MEIMOW,海外,2727,SC,海外,0,,-
HEROIC VERSE,Hold My Hand,0,,-,914,NOBETA,海外,1639,MEIMOW,海外,2459,#CHORD,海外,0,,-
HEROIC VERSE,Hyper Drive feat. ぷにぷに電機,0,,-,611,CH1AKI,海外,1380,KOMUGI,海外,1993,KARUBI,海外,0,,-
HEROIC VERSE,If,0,,-,769,NOBETA,海外,1129,CRAM,海外,1887,MAD8KA,海外,0,,-
HEROIC VERSE,Inferno of Fomalhaut,0,,-,770,CH1AKI,海外,1797,METHY,海外,2973,MAD8KA,海外,0,,-
HEROIC VERSE,Infinity Mirror,0,,-,723,CH1AKI,海外,1287,KOMUGI,海外,2301,KARUBI,海外,0,,-
HEROIC VERSE,Into The Madness,0,,-,924,NOBETA,海外,1476,MEIMOW,海外,2478,77BAR,海外,0,,-
HEROIC VERSE,LASER CRUSTER (IGNITE REMIX),0,,-,750,NOBETA,海外,1648,KOMUGI,海外,3533,AIMU,海外,0,,-
HEROIC VERSE,Level 2,0,,-,860,NOBETA,海外,1685,MAD8KA,海外,2834,NYANTA,海外,0,,-
HEROIC VERSE,LIGHTNING STRIKES,320,C9,海外,663,AAAAAA,海外,1635,AMANE,海外,3242,SC,海外,4125,SC,海外
HEROIC VERSE,Like+it!,0,,-,915,CH1AKI,海外,1642,KOMUGI,海外,2362,SC,海外,0,,-
HEROIC VERSE,Lords Of The Roundtable,0,,-,1019,-KYO-,海外,1757,AMANE,海外,3020,AIMU,海外,0,,-
HEROIC VERSE,Lost Souls,0,,-,335,33375,海外,1439,FRG,海外,2418,MAD8KA,海外,3920,AIMU,海外
HEROIC VERSE,Matt Silver,0,,-,998,CH1AKI,海外,2084,AMANE,海外,3296,OPNLEG,海外,0,,-
HEROIC VERSE,Megalara Garuda,0,,-,1218,ACB,海外,1910,AMANE,海外,3007,SC,海外,0,,-
HEROIC VERSE,Mel,0,,-,749,NOBETA,海外,1485,KOMUGI,海外,2160,YUZUHA,海外,2730,NYANTA,海外
HEROIC VERSE,Moving on,0,,-,831,CH1AKI,海外,1671,CRAM,海外,2960,KARUBI,海外,0,,-
HEROIC VERSE,Nasty Techniques,0,,-,980,MAD8KA,海外,1649,METHY,海外,2622,NYANTA,海外,0,,-
HEROIC VERSE,NEWALONE,0,,-,444,NIJIKO,海外,1089,NECOZE,海外,1931,METHY,海外,0,,-
HEROIC VERSE,ORCA,0,,-,1209,NOBETA,海外,2295,METHY,海外,3444,SC,海外,0,,-
HEROIC VERSE,OUTER PLANETS,0,,-,0,,-,1244,PUKEUG,海外,2174,NYANTA,海外,0,,-
HEROIC VERSE,Override,0,,-,848,CH1AKI,海外,1456,PUKEUG,海外,2889,KARUBI,海外,4291,SC,海外
HEROIC VERSE,PHASE SHIFT MANEUVER,0,,-,1056,CH1AKI,海外,1662,METHY,海外,2841,SC,海外,0,,-
HEROIC VERSE,Primitive Vibes,524,C4L3BT,海外,1028,LUIGIF,海外,1917,VXNISH,海外,3023,SYM,海外,0,,-
HEROIC VERSE,Queen Kaguya,0,,-,889,CH1AKI,海外,1779,ADRIAN,海外,2599,#CHORD,海外,0,,-
HEROIC VERSE,Rainstorm,0,,-,954,G-CUP,海外,1445,SUNSUN,海外,2257,AIMU,海外,0,,-
HEROIC VERSE,Rave Patroller,0,,-,1149,CH1AKI,海外,2169,NEKO,海外,3360,MAD8KA,海外,0,,-
HEROIC VERSE,rough percussionythm,0,,-,915,CH1AKI,海外,1568,KOMUGI,海外,2446,OPNLEG,海外,0,,-
HEROIC VERSE,S!ck (Nhato Remix),0,,-,638,CHU2,海外,1298,INITIA,海外,2507,AIMU,海外,0,,-
HEROIC VERSE,SCREW // owo // SCREW,0,,-,979,CH1AKI,海外,1939,MEIMOW,海外,2971,AIMU,海外,0,,-
HEROIC VERSE,Shiva,0,,-,691,NOBETA,海外,1258,XINO,海外,2089,SC,海外,0,,-
HEROIC VERSE,Silly Love,249,PUKEUG,海外,737,-KYO-,海外,1336,KOMUGI,海外,2043,#CHORD,海外,0,,-
HEROIC VERSE,Ska-sh All Neurons!!,0,,-,662,AKIRA,海外,1238,NECOZE,海外,2306,NYANTA,海外,0,,-
HEROIC VERSE,Smashing Wedge,0,,-,882,C353,海外,1991,NEKO,海外,3777,MAD8KA,海外,0,,-
HEROIC VERSE,Sparkle Smilin',0,,-,853,CH1AKI,海外,1274,C353,海外,2423,MAD8KA,海外,0,,-
HEROIC VERSE,STOIC HYPOTHESIS,0,,-,992,CH1AKI,海外,1712,KOMUGI,海外,2821,KARUBI,海外,0,,-
HEROIC VERSE,Sugar Drippin',0,,-,665,CH1AKI,海外,1155,C353,海外,2057,#CHORD,海外,0,,-
HEROIC VERSE,T-REX vs Velociraptor (In the Far east euphoria),0,,-,1033,ACB,海外,1552,AISHA,海外,3180,AIMU,海外,0,,-
HEROIC VERSE,take me higher,0,,-,785,NOBETA,海外,1067,M!KA-L,海外,1932,YUZUHA,海外,0,,-
HEROIC VERSE,TECHNO Style Essentials,0,,-,844,CH1AKI,海外,1472,KATANA,海外,2832,SC,海外,0,,-
HEROIC VERSE,THE BRAVE MUST DIE,0,,-,1207,CH1AKI,海外,2345,METHY,海外,4001,MAD8KA,海外,0,,-
HEROIC VERSE,THE F∀UST,0,,-,1036,CRAM,海外,2071,VXNISH,海外,3535,MAD8KA,海外,0,,-
HEROIC VERSE,The Sky of Sadness,0,,-,847,NOBETA,海外,1467,KOMUGI,海外,2388,NYANTA,海外,0,,-
HEROIC VERSE,Theory,0,,-,757,NOBETA,海外,1351,J*HAYR,海外,2591,AIMU,海外,0,,-
HEROIC VERSE,TRIUMPH,0,,-,755,AAAAAA,海外,1786,X,海外,3323,#CHORD,海外,0,,-
HEROIC VERSE,UNITE THE HEART,0,,-,1425,CRAM,海外,2467,METHY,海外,3304,NYANTA,海外,0,,-
HEROIC VERSE,VALKYRIAS -英雄誕生-,452,MOYA*,海外,919,CH1AKI,海外,1598,KATANA,海外,2731,MAD8KA,海外,0,,-
HEROIC VERSE,VIBRΛ,0,,-,767,CH1AKI,海外,1109,ENO.,海外,1831,SC,海外,0,,-
HEROIC VERSE,Vinculum stellarum,0,,-,915,-KYO-,海外,2191,KOMUGI,海外,3593,MAD8KA,海外,0,,-
HEROIC VERSE,Virus Funk,0,,-,557,GTXIAS,海外,1332,NOBETA,海外,2191,KARUBI,海外,0,,-
HEROIC VERSE,Volcanic Dragon,0,,-,811,NIRO,海外,1553,SOMARI,海外,2957,SC,海外,0,,-
HEROIC VERSE,Voo Doo Bamboleo,0,,-,609,THDMG,海外,1435,HANIWA,海外,2357,METHY,海外,0,,-
HEROIC VERSE,Ypsilon,0,,-,876,C353,海外,1751,KOMUGI,海外,2858,OPNLEG,海外,3535,SC,海外
HEROIC VERSE,がっつり陰キャ!? 怪盗いいんちょの億劫^^;,0,,-,1484,CRAM,海外,2597,METHY,海外,4202,AIMU,海外,0,,-
HEROIC VERSE,シャムシールの舞,0,,-,815,NOBETA,海外,1466,YUKARI,海外,2478,NYANTA,海外,0,,-
HEROIC VERSE,セピアの軌跡 ft. 天宮みや(少女フラクタル),322,ADIGOS,海外,546,RUIKO,海外,1221,CH1AKI,海外,2396,SC,海外,0,,-
HEROIC VERSE,バッドエンド・シンドローム,0,,-,1039,KOMUGI,海外,1699,SAYA.S,海外,2937,KARUBI,海外,0,,-
HEROIC VERSE,ピアノ協奏曲第1番”蠍火” (BlackY Remix),0,,-,935,CH1AKI,海外,2052,METHY,海外,3675,SC,海外,0,,-
HEROIC VERSE,ラブキラ☆スプラッシュ,0,,-,1008,CH1AKI,海外,1514,SUNSUN,海外,2476,KO9HOU,海外,0,,-
HEROIC VERSE,ランカーキラーガール,0,,-,1059,CH1AKI,海外,1773,KOMUGI,海外,2896,KARUBI,海外,0,,-
HEROIC VERSE,曼荼羅恋々,0,,-,561,THDMG,海外,1708,KOMUGI,海外,2741,MAD8KA,海外,0,,-
HEROIC VERSE,深淵に捧ぐレクイエム,0,,-,827,NOBETA,海外,1541,KOMUGI,海外,2988,MAD8KA,海外,0,,-
HEROIC VERSE,灼熱Beach Side Bunny (Masayoshi Iimori Remix),0,,-,635,NOBETA,海外,1075,YUKARI,海外,1808,SC,海外,0,,-
HEROIC VERSE,狂水一華,0,,-,838,CH1AKI,海外,1697,KOMUGI,海外,2686,SC,海外,0,,-
HEROIC VERSE,眠りの国のステラ,0,,-,1162,*ITO.*,海外,1706,MIO33#,海外,2733,NYANTA,海外,0,,-
HEROIC VERSE,華麗なる大犬円舞曲,0,,-,1140,CH1AKI,海外,2093,IIDX31,海外,3453,AIMU,海外,0,,-
HEROIC VERSE,錬成人間トリコロイダー,0,,-,757,THDMG,海外,1738,YUKARI,海外,3192,MAD8KA,海外,0,,-
HEROIC VERSE,開きたまえ！Next stAge！,0,,-,1008,CH1AKI,海外,1629,CHOOBO,海外,2869,MAD8KA,海外,0,,-
HEROIC VERSE,魅惑のYUMMYスイーツ,0,,-,831,CH1AKI,海外,1723,C.Y.A,海外,3055,SC,海外,0,,-
BISTROVER,-65℃,0,,-,1386,KOMUGI,海外,2167,C.Y.A,海外,3706,MAD8KA,海外,0,,-
BISTROVER,ABSOLUTE (kors k Remix),0,,-,912,KATANA,海外,1484,KOMUGI,海外,2596,NYANTA,海外,0,,-
BISTROVER,Ah Hah Yeah,0,,-,431,LIV,海外,1260,NOV.19,海外,2150,AIMU,海外,0,,-
BISTROVER,AMRITA -不滅ノ花-,0,,-,806,NI9DSN,海外,1563,KOMUGI,海外,2758,SC,海外,0,,-
BISTROVER,apo:llioth,0,,-,1172,KATANA,海外,2000,MEIMOW,海外,2962,NYANTA,海外,0,,-
BISTROVER,As You Want,0,,-,801,NOBETA,海外,1420,G-CUP,海外,2410,YUZUHA,海外,0,,-
BISTROVER,ASIAN VIRTUAL REALITIES (MELTING TOGETHER IN DAZZLING DARKNESS),0,,-,825,CH1AKI,海外,1772,KOMUGI,海外,3293,SC,海外,0,,-
BISTROVER,BEMANI PRO LEAGUE Theme,0,,-,665,CH1AKI,海外,1339,KOMUGI,海外,1927,#CHORD,海外,0,,-
BISTROVER,BIGソムタム,365,SHY,海外,1177,TWEAK!,海外,1841,METHY,海外,3348,AIMU,海外,0,,-
BISTROVER,BLACK or WHITE?,458,XIREN,海外,1055,PODO*,海外,2251,NEKO,海外,3930,MAD8KA,海外,0,,-
BISTROVER,Burning Flame,0,,-,1106,PUKEUG,海外,1804,KOMUGI,海外,2883,NYANTA,海外,3695,MAD8KA,海外
BISTROVER,Chewingood!!!,283,ADIGOS,海外,867,KOMUGI,海外,1509,KOMUGI,海外,2594,#CHORD,海外,0,,-
BISTROVER,COSMIC RAY,0,,-,885,ZOMBIE,海外,1923,KOMUGI,海外,2878,AIMU,海外,0,,-
BISTROVER,Crazy Jackpot,0,,-,781,CATA,海外,1544,CRAM,海外,2831,KARUBI,海外,0,,-
BISTROVER,Danza Aestas,0,,-,994,KOMUGI,海外,1709,KOMUGI,海外,2991,KARUBI,海外,0,,-
BISTROVER,Dawn Saga,0,,-,828,HIQYER,海外,1475,ANMITU,海外,2682,SC,海外,0,,-
BISTROVER,DENIM,0,,-,408,GGGHMB,海外,1145,KATANA,海外,1687,NYANTA,海外,0,,-
BISTROVER,Don't Stop The Music feat. Kanae Asaba,0,,-,613,CH1AKI,海外,1215,M!KA-L,海外,1820,YUZUHA,海外,0,,-
BISTROVER,DUAL STRIKER,0,,-,1179,KOMUGI,海外,2373,Q*BIZA,海外,3813,SC,海外,0,,-
BISTROVER,Empire of Fury,0,,-,1066,ZOMBIE,海外,2032,METHY,海外,3222,#CHORD,海外,0,,-
BISTROVER,Euphoric Lagoon,0,,-,783,CH1AKI,海外,1585,SAYA.S,海外,2595,NYANTA,海外,0,,-
BISTROVER,Explorer feat. ぷにぷに電機,0,,-,735,MALPEL,海外,1268,MALPEL,海外,2144,KARUBI,海外,2883,MAD8KA,海外
BISTROVER,Farewell to Marrakech,0,,-,661,CATA,海外,1190,HIQYER,海外,2227,KARUBI,海外,0,,-
BISTROVER,Fire Beat,0,,-,867,CH1AKI,海外,1578,NEKO,海外,2700,IIDX31,海外,0,,-
BISTROVER,Frisk And Squeak,0,,-,784,NOBETA,海外,1466,G-CUP,海外,2404,SC,海外,0,,-
BISTROVER,GIGA RAID,0,,-,715,CATA,海外,1820,J*HAYR,海外,2388,#CHORD,海外,0,,-
BISTROVER,Globe Glitter,0,,-,1016,NOBETA,海外,1652,SAYA.S,海外,2696,NYANTA,海外,0,,-
BISTROVER,Here We Are,0,,-,1085,MAD8KA,海外,1679,KOMUGI,海外,2473,MAD8KA,海外,0,,-
BISTROVER,HIGH VOLTAGE,0,,-,789,CH1AKI,海外,1305,NETT00,海外,2251,AIMU,海外,0,,-
BISTROVER,Ignis†Irae,0,,-,962,CH1AKI,海外,2274,METHY,海外,3715,MAD8KA,海外,0,,-
BISTROVER,IIDX RED Ending (Ryu☆Remix),0,,-,632,MALPEL,海外,1175,KOMUGI,海外,1841,#CHORD,海外,0,,-
BISTROVER,innocent revolver,0,,-,1119,KOMUGI,海外,2264,YUZUHA,海外,3806,NYANTA,海外,0,,-
BISTROVER,Jungle Eater,0,,-,1009,KOMUGI,海外,1772,KOMUGI,海外,2975,KARUBI,海外,0,,-
BISTROVER,LAST DAY,0,,-,942,CH1AKI,海外,1691,KOMUGI,海外,3061,SC,海外,0,,-
BISTROVER,Level 3,0,,-,1152,NOBETA,海外,2177,METHY,海外,3482,AIMU,海外,0,,-
BISTROVER,LOCUS OF THE TRAVEL,0,,-,1097,KOMUGI,海外,2330,METHY,海外,3589,AIMU,海外,0,,-
BISTROVER,Lovely Howdy Cowboy!!,0,,-,974,CH1AKI,海外,1816,KOMUGI,海外,2726,NYANTA,海外,0,,-
BISTROVER,MA・TSU・RI,0,,-,944,CH1AKI,海外,1672,MRN,海外,2572,NYANTA,海外,0,,-
BISTROVER,MEGAERA,0,,-,1150,CH1AKI,海外,1959,NEKO,海外,3442,MAD8KA,海外,0,,-
BISTROVER,Midnight Drive,0,,-,342,BOFA,海外,1124,NECOJI,海外,1944,MAD8KA,海外,0,,-
BISTROVER,MOVE! (We Keep It Movin'),0,,-,724,NOBETA,海外,1197,CRAM,海外,2185,SC,海外,0,,-
BISTROVER,Neo Heritage,0,,-,767,CH1AKI,海外,1634,KOMUGI,海外,2840,KARUBI,海外,0,,-
BISTROVER,Ocean Blue feat. Luschel,0,,-,756,CH1AKI,海外,1328,NOBETA,海外,2464,SC,海外,0,,-
BISTROVER,of the first magnitude,0,,-,1019,M!KA-L,海外,1860,MEIMOW,海外,2896,MAD8KA,海外,0,,-
BISTROVER,OTOKOZAKA,0,,-,554,NVRAM,海外,1670,CRAM,海外,2911,SC,海外,0,,-
BISTROVER,Overslept,0,,-,1102,*ITO.*,海外,1590,YUKARI,海外,2538,MAD8KA,海外,0,,-
BISTROVER,Para siempre,0,,-,838,CH1AKI,海外,1483,KATANA,海外,2888,NYANTA,海外,0,,-
BISTROVER,Parvati,0,,-,911,CH1AKI,海外,1762,METHY,海外,2781,KARUBI,海外,0,,-
BISTROVER,POLKAMANIA,373,C4L3BT,海外,809,CH1AKI,海外,1799,METHY,海外,2907,NYANTA,海外,3647,MAD8KA,海外
BISTROVER,Rejection Girl,0,,-,828,S40R1.,海外,1544,CRAM,海外,2631,MAD8KA,海外,0,,-
BISTROVER,Ritual of Anubis,0,,-,1153,KOMUGI,海外,1744,KOMUGI,海外,2777,MAD8KA,海外,0,,-
BISTROVER,Romanticが止まらない,366,ADIGOS,海外,840,ZOMBIE,海外,1615,MALPEL,海外,2716,MAD8KA,海外,0,,-
BISTROVER,rommmo,0,,-,942,ZOMBIE,海外,1681,KATANA,海外,3425,AIMU,海外,0,,-
BISTROVER,Rosa azuL,0,,-,798,CH1AKI,海外,1650,*ITO.*,海外,2754,SC,海外,0,,-
BISTROVER,Rowdy,0,,-,909,CH1AKI,海外,1528,YUKARI,海外,2471,YUZUHA,海外,0,,-
BISTROVER,Rubrum Piano,0,,-,752,CH1AKI,海外,1468,CRAM,海外,2453,KARUBI,海外,0,,-
BISTROVER,S-Bahn,0,,-,838,C-LAS*,海外,1517,KOMUGI,海外,2171,SC,海外,0,,-
BISTROVER,Sinus Iridum,0,,-,1170,YUKARI,海外,2018,METHY,海外,3281,AIMU,海外,0,,-
BISTROVER,smooooch・∀・ (Snail's House Remix),0,,-,651,JOJO,海外,1433,IVIIV,海外,2339,YUZUHA,海外,0,,-
BISTROVER,SOLID STATE SQUAD -RISEN RELIC REMIX-,0,,-,1107,A,海外,2168,VXNISH,海外,3219,AIMU,海外,0,,-
BISTROVER,Sugarplum,0,,-,871,METHY,海外,1777,CRAM,海外,2516,YUZUHA,海外,0,,-
BISTROVER,Swarm Of Scarabs,0,,-,1047,METHY,海外,1486,MEIMOW,海外,2361,MAD8KA,海外,0,,-
BISTROVER,Tell me what you wish feat.らっぷびと,0,,-,1111,NOBETA,海外,1471,WE1SS,海外,2830,KARUBI,海外,0,,-
BISTROVER,That Feeling,0,,-,704,NOBETA,海外,1212,KOMUGI,海外,1918,SC,海外,0,,-
BISTROVER,THE PEERLESS UNDER HEAVEN,0,,-,854,ZOMBIE,海外,2092,SC,海外,3361,AIMU,海外,0,,-
BISTROVER,The Wind of China Express(The 4th Mashup),0,,-,1001,MAD8KA,海外,1677,MEIMOW,海外,2553,KARUBI,海外,0,,-
BISTROVER,Tiempo Loco,0,,-,849,CH1AKI,海外,1877,G-CUP,海外,3683,AIMU,海外,0,,-
BISTROVER,Viridian,0,,-,572,TEMPO,海外,1781,*ITO.*,海外,3342,SC,海外,0,,-
BISTROVER,Vitrum,0,,-,960,CH1AKI,海外,1696,KOMUGI,海外,3492,AIMU,海外,0,,-
BISTROVER,WAKE UP NOW,0,,-,926,SUNSUN,海外,1365,KATANA,海外,2006,SC,海外,2460,MAD8KA,海外
BISTROVER,When I Met U,0,,-,820,C0Z1N,海外,1275,YUKARI,海外,2049,SC,海外,0,,-
BISTROVER,Winner's Proof ft. KANASA from bless4,229,C-LAS*,海外,740,PUKEUG,海外,1325,KOMUGI,海外,2211,MAD8KA,海外,0,,-
BISTROVER,X-ray binary,0,,-,896,CH1AKI,海外,1765,CRAM,海外,2798,NYANTA,海外,0,,-
BISTROVER,Zenith,0,,-,760,CH1AKI,海外,1310,KATANA,海外,2082,#CHORD,海外,0,,-
BISTROVER,∀,319,BOFA,海外,1248,43S1*,海外,2152,KOMUGI,海外,3503,AIMU,海外,0,,-
BISTROVER,ここからよろしく大作戦143,248,CHIHIN,海外,944,KOMUGI,海外,1677,KOMUGI,海外,2518,SC,海外,3169,SC,海外
BISTROVER,スーパー戦湯ババンバーン,0,,-,972,ANB-,海外,2072,AMANE,海外,3402,AIMU,海外,0,,-
BISTROVER,ディスコルディア,0,,-,1123,CH1AKI,海外,2149,BAND!T,海外,3856,AIMU,海外,0,,-
BISTROVER,バッド・スイーツ、バッド・ドリーム,0,,-,719,THDMG,海外,1707,KATANA,海外,3529,AIMU,海外,0,,-
BISTROVER,世界の果てに約束の凱歌を -ReUnion-,0,,-,1157,KATANA,海外,1707,FRG,海外,3800,MAD8KA,海外,0,,-
BISTROVER,乱膳の舞姫,0,,-,1023,-KYO-,海外,1760,METHY,海外,2706,MAD8KA,海外,0,,-
BISTROVER,二人ノ廃城幽踊宴,0,,-,984,CH1AKI,海外,2091,KOMUGI,海外,3453,#CHORD,海外,0,,-
BISTROVER,伐折羅-vajra-,0,,-,873,IIDX,海外,2064,KOMUGI,海外,3593,SC,海外,0,,-
BISTROVER,儚き恋の華,0,,-,1055,METHY,海外,1766,KOMUGI,海外,2968,#CHORD,海外,0,,-
BISTROVER,新宝島,452,BENNY,海外,610,ORANGE,海外,1344,MALPEL,海外,2315,#CHORD,海外,3514,SC,海外
BISTROVER,水無月の雫 ft. 小林まな,0,,-,1158,CRAM,海外,1752,KOMUGI,海外,2604,SC,海外,0,,-
BISTROVER,水鏡の異界,0,,-,781,CH1AKI,海外,1612,KATANA,海外,3149,SC,海外,0,,-
BISTROVER,涙のテ・エストラーニョ・ムーチョ,0,,-,1299,NOBETA,海外,1744,KATANA,海外,2787,MAD8KA,海外,0,,-
BISTROVER,無意識のフィロソフィア,0,,-,978,CH1AKI,海外,2013,CRAM,海外,3316,KARUBI,海外,0,,-
BISTROVER,犬に雨傘,0,,-,891,NOBETA,海外,1289,M!KA-L,海外,2048,KO9HOU,海外,0,,-
BISTROVER,閠槞彁の願い,0,,-,869,GMPD!!,海外,2031,KOMUGI,海外,3108,MAD8KA,海外,0,,-
BISTROVER,霧幻メモリア,0,,-,841,CH1AKI,海外,1349,KOMUGI,海外,2029,NYANTA,海外,0,,-
BISTROVER,魔法のかくれんぼ,0,,-,762,H18!,海外,1341,MELTYA,海外,2723,MAD8KA,海外,0,,-
CastHour,10000 MILES AWAY,0,,-,902,CH1AKI,海外,1600,G-CUP,海外,2921,SC,海外,0,,-
CastHour,2 Beasts Unchained,0,,-,1155,CH1AKI,海外,2095,VXNISH,海外,3342,MAD8KA,海外,0,,-
CastHour,808monkey,0,,-,636,CH1AKI,海外,1029,M!KA-L,海外,1785,KO9HOU,海外,0,,-
CastHour,ABSOLUTE EVIL,233,ADIGOS,海外,1041,CH1AKI,海外,2152,METHY,海外,3427,MAD8KA,海外,0,,-
CastHour,Aftermath,0,,-,1181,G-CUP,海外,2282,VXNISH,海外,3550,SC,海外,0,,-
CastHour,ALTERNATOR,0,,-,1260,TWEAK!,海外,2359,VXNISH,海外,3710,MAD8KA,海外,0,,-
CastHour,AMICABLE,0,,-,989,NOBETA,海外,1329,MOMO,海外,2426,KO9HOU,海外,0,,-
CastHour,ANEMONE,221,SC,海外,750,-KYO-,海外,1595,KOMUGI,海外,2135,SC,海外,0,,-
CastHour,Angel's Ladder,0,,-,908,C4L3BT,海外,2046,VXNISH,海外,3322,MAD8KA,海外,0,,-
CastHour,Ariah,0,,-,557,OVER,海外,1408,M!KA-L,海外,2167,SC,海外,0,,-
CastHour,Arkadia,0,,-,946,C-LAS*,海外,1847,A,海外,3631,MAD8KA,海外,0,,-
CastHour,Banger Banger Banger Banger,0,,-,947,-KYO-,海外,1684,KOMUGI,海外,2910,SC,海外,0,,-
CastHour,Binary Black Hole,0,,-,1171,CH1AKI,海外,2218,METHY,海外,3855,MAD8KA,海外,0,,-
CastHour,Blue Bird feat. Kanae Asaba,0,,-,612,C4L3BT,海外,1091,KOMUGI,海外,1715,YUZUHA,海外,0,,-
CastHour,Brave Spirits,0,,-,700,NOBETA,海外,1210,PLANTO,海外,2461,SC,海外,0,,-
CastHour,DISPARATE,0,,-,946,NOBETA,海外,1640,MEIMOW,海外,2438,NYANTA,海外,0,,-
CastHour,Divine Heaven,0,,-,946,EVE,海外,1926,KOMUGI,海外,2947,NYANTA,海外,0,,-
CastHour,Don't believe the hype,0,,-,896,NIRO,海外,2181,YUZUHA,海外,3145,KO9HOU,海外,0,,-
CastHour,DREAM OF SPACE UFO ABDUCTION,0,,-,1074,KOMUGI,海外,1789,KOMUGI,海外,2681,SC,海外,0,,-
CastHour,Emera,0,,-,750,NI9DSN,海外,1458,YUKI,海外,2323,MAD8KA,海外,0,,-
CastHour,EMOTiON TRiPPER,0,,-,848,CH1AKI,海外,1432,KOMUGI,海外,2185,SC,海外,0,,-
CastHour,Ergosphere,0,,-,881,CH1AKI,海外,1763,METHY,海外,2711,SC,海外,0,,-
CastHour,Fantastic Merry-Go-Round,0,,-,1003,CH1AKI,海外,1401,CRAM,海外,2086,KO9HOU,海外,0,,-
CastHour,Fegrix,0,,-,994,NI9DSN,海外,2084,KOMUGI,海外,3250,SC,海外,0,,-
CastHour,FINALLY BLAZE,0,,-,710,COLE,海外,1607,G-CUP,海外,2800,SC,海外,0,,-
CastHour,Flying Castle,0,,-,936,ZOMBIE,海外,2122,NEKO,海外,3612,AIMU,海外,0,,-
CastHour,Game Changers,0,,-,716,NOBETA,海外,1395,MEIMOW,海外,2711,AIMU,海外,0,,-
CastHour,"Get set, Go! feat.Kanae Asaba",0,,-,788,NOBETA,海外,1397,KOMUGI,海外,2085,MAD8KA,海外,0,,-
CastHour,GiGaGaHell,0,,-,960,PODO*,海外,2017,METHY,海外,3194,AIMU,海外,0,,-
CastHour,GRAVITON,0,,-,805,CHU2,海外,1964,VXNISH,海外,3440,MAD8KA,海外,0,,-
CastHour,hard-wired,0,,-,1484,YUKARI,海外,2138,VXNISH,海外,3551,MAD8KA,海外,0,,-
CastHour,Harmonia,0,,-,716,NOBETA,海外,1198,KOMUGI,海外,2000,ARK,海外,0,,-
CastHour,Hat Surprise,0,,-,655,NOBETA,海外,1506,MEIMOW,海外,2440,SC,海外,0,,-
CastHour,HEARTACHE,0,,-,474,NOBETA,海外,1046,M!KA-L,海外,1833,MAD8KA,海外,0,,-
CastHour,kors k's How to make OTOGE CORE,0,,-,638,N.O.,海外,1361,YUKARI,海外,2246,#CHORD,海外,0,,-
CastHour,Lawes's Parotia,0,,-,856,NOBETA,海外,1704,METHY,海外,2530,MAD8KA,海外,0,,-
CastHour,LIVE DRIVING!! feat. 花たん,0,,-,1506,CRAM,海外,2444,METHY,海外,3763,MAD8KA,海外,0,,-
CastHour,N.O.,0,,-,668,CH1AKI,海外,1257,QD,海外,2414,YUZUHA,海外,0,,-
CastHour,n/a,0,,-,1031,QD,海外,1848,METHY,海外,3534,AIMU,海外,0,,-
CastHour,No Day But Today!,217,KAZUSA,海外,680,NOBETA,海外,1309,KOMUGI,海外,1971,AIMU,海外,0,,-
CastHour,Nocturnal 2097,0,,-,802,CH1AKI,海外,1905,METHY,海外,2906,SC,海外,0,,-
CastHour,Non Stop Rock,0,,-,669,N.O.,海外,1049,ENO.,海外,1664,J*HAYR,海外,0,,-
CastHour,One for All,0,,-,860,NIRO,海外,1671,KATANA,海外,3192,AIMU,海外,0,,-
CastHour,Onyx,0,,-,831,NOBETA,海外,1415,KOMUGI,海外,2383,MAD8KA,海外,0,,-
CastHour,P.O.W.E.R.,0,,-,985,NOBETA,海外,1585,G-CUP,海外,2199,CHOOBO,海外,0,,-
CastHour,PIRATES BLADE,0,,-,909,NOBETA,海外,1353,PUKEUG,海外,2137,NYANTA,海外,0,,-
CastHour,PLASMA SOUL NIGHT feat. Nana Takahashi / 709sec.,399,MJKCHI,海外,1360,CRAM,海外,2487,KOMUGI,海外,4391,MAD8KA,海外,0,,-
CastHour,Pout,0,,-,991,CH1AKI,海外,1723,KOMUGI,海外,2603,MAD8KA,海外,0,,-
CastHour,Prohibited Props,0,,-,928,CH1AKI,海外,1319,ENO.,海外,2234,MAD8KA,海外,2884,#CHORD,海外
CastHour,Purple Perplex,0,,-,1062,HANIWA,海外,1715,MEIMOW,海外,2985,#CHORD,海外,0,,-
CastHour,Push on Beats!～音ゲの国のeX-ストリーマー～,0,,-,936,CH1AKI,海外,1767,KOMUGI,海外,3348,AIMU,海外,0,,-
CastHour,RAGE feat.H14 of LEONAIR,250,CHOC,海外,1109,SC,海外,2009,NEKO,海外,3479,AIMU,海外,0,,-
CastHour,Silver Bullet,0,,-,1170,KOMUGI,海外,2020,SC,海外,3152,SC,海外,0,,-
CastHour,Smalt #28598F,0,,-,1047,-KYO-,海外,2251,KOMUGI,海外,3346,SC,海外,0,,-
CastHour,SOLID WYVERN,0,,-,1156,G-CUP,海外,1825,MIO33#,海外,2538,YUZUHA,海外,3837,SC,海外
CastHour,Souhait bleu,0,,-,0,,-,1750,KATANA,海外,2717,MAD8KA,海外,0,,-
CastHour,SPARK IN THE NIGHT,0,,-,841,-KYO-,海外,1408,KOMUGI,海外,2260,NYANTA,海外,0,,-
CastHour,Stepper,0,,-,685,NOBETA,海外,1411,YUKARI,海外,2186,NYANTA,海外,0,,-
CastHour,Tail Lights,0,,-,945,CH1AKI,海外,1713,CRAM,海外,3085,KARUBI,海外,0,,-
CastHour,TOMAHAWK,0,,-,967,THDMG,海外,2178,NEKO,海外,3527,AIMU,海外,0,,-
CastHour,Triple Cross,349,JJ,海外,1013,CH1AKI,海外,2150,MEIMOW,海外,3226,MAD8KA,海外,0,,-
CastHour,Ventriloquist,0,,-,708,CH1AKI,海外,1234,VJOE,海外,2424,KARUBI,海外,0,,-
CastHour,Victory Of Ravers,0,,-,908,CH1AKI,海外,1722,KOMUGI,海外,2555,NYANTA,海外,0,,-
CastHour,WHA,0,,-,1018,C353,海外,2165,METHY,海外,3644,AIMU,海外,0,,-
CastHour,Wonderful Escape,0,,-,824,CH1AKI,海外,1426,KOMUGI,海外,2057,MAD8KA,海外,0,,-
CastHour,Xyndrome,0,,-,834,NKCHAN,海外,1594,KOMUGI,海外,2839,YUZUHA,海外,0,,-
CastHour,《GRANDMASTER》,0,,-,809,CH1AKI,海外,1848,SC,海外,2920,KARUBI,海外,0,,-
CastHour,めでてえ,0,,-,862,IIDX32,海外,1660,KOMUGI,海外,2597,NYANTA,海外,0,,-
CastHour,アクマフカ,0,,-,679,CH1AKI,海外,1237,RE*Q,海外,2285,KARUBI,海外,0,,-
CastHour,ウツシミウツシ,0,,-,0,,-,1820,CRAM,海外,3130,NYANTA,海外,0,,-
CastHour,オドループ,492,C4L3BT,海外,1090,G-CUP,海外,1504,MALPEL,海外,2344,SC,海外,2992,MAD8KA,海外
CastHour,オールトの雲,0,,-,1104,C353,海外,1808,T11,海外,2598,YUZUHA,海外,0,,-
CastHour,グッバイ宣言,579,METHY,海外,890,CH1AKI,海外,1782,KOMUGI,海外,3090,MAD8KA,海外,3643,MAD8KA,海外
CastHour,シル・ヴ・プレジデント,274,LEON,海外,581,NECOZE,海外,1195,KOMUGI,海外,1783,XXLAIN,海外,2577,SC,海外
CastHour,ナイトフィクション,0,,-,635,BENNY,海外,1542,KOMUGI,海外,2145,SC,海外,0,,-
CastHour,ハイテックトキオ,0,,-,918,CH1AKI,海外,1707,MIO33#,海外,2653,AIMU,海外,3182,AIMU,海外
CastHour,"ピアノ独奏無言歌 ""灰燼""",0,,-,1119,G-CUP,海外,2389,NYANTA,海外,3666,AIMU,海外,0,,-
CastHour,ミュージック・アワー,488,MESHA,海外,1167,-KYO-,海外,1975,MALPEL,海外,2983,MAD8KA,海外,3966,MAD8KA,海外
CastHour,口カラ凸ゲキ,0,,-,824,C4L3BT,海外,1509,SAYA.S,海外,2376,MAD8KA,海外,0,,-
CastHour,天邪鬼,350,ADIGOS,海外,803,MKRY**,海外,1658,KOMUGI,海外,3278,MAD8KA,海外,0,,-
CastHour,怪物,348,SC,海外,732,METHY,海外,1204,SC,海外,2402,SC,海外,3268,MAD8KA,海外
CastHour,愛しくてラヴィンユー ft. マナ,0,,-,789,NOBETA,海外,1316,PARIS5,海外,2395,SC,海外,0,,-
CastHour,月とミルク,0,,-,786,CHU2,海外,1520,HANIWA,海外,2775,KARUBI,海外,0,,-
CastHour,烽火連天の刃,0,,-,1059,PUKEUG,海外,2110,BAND!T,海外,3336,#CHORD,海外,4190,MAD8KA,海外
CastHour,禊,0,,-,960,CH1AKI,海外,2316,SC,海外,3168,SC,海外,0,,-
CastHour,逆月,0,,-,1322,CRAM,海外,2344,XXLAIN,海外,3718,AIMU,海外,0,,-
CastHour,雪上断火,0,,-,864,IIDX33,海外,1776,KMAGAY,海外,2946,AIMU,海外,0,,-
CastHour,青の洞窟,0,,-,854,KATANA,海外,1850,YUKARI,海外,3133,MAD8KA,海外,0,,-
CastHour,黒紅掬い,0,,-,383,DRK*HM,海外,1169,KATANA,海外,1783,Q*BIZA,海外,0,,-
RESIDENT,#CMFLG,0,,-,1047,KMSK,海外,2140,VXNISH,海外,3386,SC,海外,0,,-
RESIDENT,24h Endurance Race,0,,-,798,PODO*,海外,1891,KATANA,海外,3295,AIMU,海外,0,,-
RESIDENT,3V0,0,,-,943,CH1AKI,海外,1576,CRAM,海外,2939,SC,海外,0,,-
RESIDENT,7 Colors,0,,-,627,-KYO-,海外,1093,PUKEUG,海外,1931,SC,海外,0,,-
RESIDENT,Always We Trust In You,0,,-,1034,CH1AKI,海外,1739,KATANA,海外,3164,AIMU,海外,0,,-
RESIDENT,Ambush Ace,0,,-,966,WE1SS,海外,1972,KOMUGI,海外,2878,YUZUHA,海外,0,,-
RESIDENT,AWA AWA,0,,-,735,KATANA,海外,1265,-KYO-,海外,2312,NYANTA,海外,0,,-
RESIDENT,B.O.D.Y.,0,,-,883,CHU2,海外,2040,VRASNA,海外,3352,SC,海外,0,,-
RESIDENT,Bad Encryption,0,,-,1054,CHU2,海外,1833,KOMUGI,海外,3094,AIMU,海外,0,,-
RESIDENT,Beyond Evolution,0,,-,1441,KOMUGI,海外,2385,METHY,海外,3987,AIMU,海外,0,,-
RESIDENT,BIGWAVERS,0,,-,1034,CH1AKI,海外,1807,MEIMOW,海外,3477,SC,海外,0,,-
RESIDENT,C-C-C-N-N-N,0,,-,880,CH1AKI,海外,1519,BASHI,海外,2750,NYANTA,海外,0,,-
RESIDENT,Caldwell 99,0,,-,1042,KOMUGI,海外,1801,KOMUGI,海外,2521,SC,海外,3238,MAD8KA,海外
RESIDENT,Chaotoxin,0,,-,1120,-KYO-,海外,1656,KOMUGI,海外,3317,SC,海外,0,,-
RESIDENT,CODE -CRiMSON-,0,,-,1161,NOBETA,海外,1805,KOMUGI,海外,2992,AIMU,海外,0,,-
RESIDENT,CUE CUE RESCUE,447,GOZIE,海外,1152,KOMUGI,海外,1661,KOMUGI,海外,2515,XXLAIN,海外,3058,MAD8KA,海外
RESIDENT,dica dica,0,,-,997,CHU2,海外,2344,KOMUGI,海外,3149,AIMU,海外,0,,-
RESIDENT,Dreaming Dream,0,,-,341,ANDY,海外,1290,MOZ,海外,2243,#CHORD,海外,0,,-
RESIDENT,Driver,0,,-,896,SC,海外,1214,M!KA-L,海外,1796,KARUBI,海外,0,,-
RESIDENT,EXODUS SIGN,0,,-,891,CH1AKI,海外,1611,KATANA,海外,2619,NYANTA,海外,0,,-
RESIDENT,Fading Stars,0,,-,1021,CH1AKI,海外,1563,KOMUGI,海外,2618,FANTIA,海外,0,,-
RESIDENT,FLARE -炎舞- ft.Nana Takahashi,0,,-,1026,CH1AKI,海外,1693,CRAM,海外,2740,Q*BIZA,海外,0,,-
RESIDENT,Get On Your Feet,0,,-,1033,TGM77,海外,1786,000000,海外,2692,NYANTA,海外,0,,-
RESIDENT,GET UP AGAIN,0,,-,1015,CH1AKI,海外,1651,SAYA.S,海外,2416,MAD8KA,海外,0,,-
RESIDENT,glacia,0,,-,1008,CH1AKI,海外,2014,VXNISH,海外,2954,MAD8KA,海外,0,,-
RESIDENT,Hat Surprise (Season 2),0,,-,984,NOBETA,海外,1671,MEIMOW,海外,3400,MAD8KA,海外,0,,-
RESIDENT,I,0,,-,1169,KATANA,海外,1980,NEKO,海外,3655,MAD8KA,海外,0,,-
RESIDENT,KING,413,ADIGOS,海外,927,METHY,海外,1961,KOMUGI,海外,3076,MAD8KA,海外,3888,MAD8KA,海外
RESIDENT,kors k's How to make OTOGE CORE 「LONG」,0,,-,1077,CH1AKI,海外,2281,VXNISH,海外,3529,#CHORD,海外,0,,-
RESIDENT,LADS,0,,-,823,CH1AKI,海外,1607,KOMUGI,海外,2273,MAD8KA,海外,0,,-
RESIDENT,Level 4,0,,-,1013,NI9DSN,海外,1965,METHY,海外,3553,AIMU,海外,0,,-
RESIDENT,LOUDER ROLLING THUNDER,0,,-,932,LUIGIF,海外,1841,UN&CO,海外,3364,AIMU,海外,0,,-
RESIDENT,MAX 360,0,,-,1211,KOMUGI,海外,2283,#CHORD,海外,3112,MAD8KA,海外,0,,-
RESIDENT,Meissa,0,,-,905,MOYA*,海外,1448,KATANA,海外,2822,MAD8KA,海外,0,,-
RESIDENT,Next Level,0,,-,811,NI9DSN,海外,1398,M!KA-L,海外,2163,KO9HOU,海外,0,,-
RESIDENT,No Border,0,,-,1135,KOMUGI,海外,2004,SC,海外,3626,KARUBI,海外,0,,-
RESIDENT,ONE AND ONLY,0,,-,1026,CH1AKI,海外,1639,KATANA,海外,3134,SC,海外,0,,-
RESIDENT,Ou Legends,0,,-,898,IIDX,海外,1844,NEKO,海外,3178,MAD8KA,海外,0,,-
RESIDENT,OVER VOLTAGE,0,,-,772,THDMG,海外,1689,KATANA,海外,2580,SC,海外,0,,-
RESIDENT,Peaktime Booster,0,,-,1031,-KYO-,海外,1784,VRASNA,海外,3189,AIMU,海外,0,,-
RESIDENT,Perfect Plan,0,,-,1115,G-CUP,海外,1607,KATANA,海外,2565,KARUBI,海外,0,,-
RESIDENT,Programmed Genom,0,,-,800,NIRO,海外,1476,KATANA,海外,2400,NYANTA,海外,0,,-
RESIDENT,Red Soul,0,,-,767,CHU2,海外,1338,NECOZE,海外,2829,NYANTA,海外,0,,-
RESIDENT,Rewind Time,0,,-,594,IPE,海外,1276,KOMUGI,海外,2190,AIMU,海外,0,,-
RESIDENT,RINNE,0,,-,1103,HIQYER,海外,2140,MEIMOW,海外,3466,MAD8KA,海外,0,,-
RESIDENT,Ruler or Loser,0,,-,862,CH1AKI,海外,1610,KOMUGI,海外,2640,KARUBI,海外,0,,-
RESIDENT,Seraph,0,,-,901,CRAM,海外,1792,AMANE,海外,2429,KO9HOU,海外,0,,-
RESIDENT,Shadow World,0,,-,727,ACCELA,海外,1525,KAWACH,海外,2715,NYANTA,海外,0,,-
RESIDENT,Shamshir,0,,-,920,CH1AKI,海外,1373,KOMUGI,海外,2180,SC,海外,0,,-
RESIDENT,Somnidiscotheque,0,,-,1226,-KYO-,海外,1929,NYANTA,海外,3230,AIMU,海外,0,,-
RESIDENT,STAR BEAT,0,,-,770,CH1AKI,海外,1542,SUNSUN,海外,2392,KO9HOU,海外,0,,-
RESIDENT,STRAIGHT TO THE STARS,0,,-,825,CH1AKI,海外,1498,CRAM,海外,2977,SC,海外,0,,-
RESIDENT,Stylus,0,,-,801,QD,海外,1794,KATANA,海外,2813,MAD8KA,海外,0,,-
RESIDENT,Summerblue,320,ADIGOS,海外,923,CHU2,海外,1425,PLANTO,海外,2408,KARUBI,海外,0,,-
RESIDENT,Sunny Day Vibes,0,,-,780,CH1AKI,海外,1570,KOMUGI,海外,2277,SC,海外,0,,-
RESIDENT,Super Freak,0,,-,1119,KOMUGI,海外,1841,KOMUGI,海外,3351,#CHORD,海外,0,,-
RESIDENT,suspicions,0,,-,1105,NOBETA,海外,2160,KOMUGI,海外,3712,SC,海外,0,,-
RESIDENT,Swing My Wonderland,0,,-,672,$,海外,2079,KATANA,海外,3107,SC,海外,0,,-
RESIDENT,TECHNOPHOBIA,0,,-,793,KOMUGI,海外,1641,KOMUGI,海外,2958,MAD8KA,海外,0,,-
RESIDENT,The Clown of 24stairs,0,,-,822,ZOMBIE,海外,2121,VRASNA,海外,3251,KARUBI,海外,0,,-
RESIDENT,THE TIME MACHINE,0,,-,926,CH1AKI,海外,1617,J*HAYR,海外,2645,KARUBI,海外,0,,-
RESIDENT,VOID,0,,-,908,UNIQUE,海外,1791,SAYA.S,海外,3208,AIMU,海外,0,,-
RESIDENT,VOLAQUAS,0,,-,1302,-KYO-,海外,2074,SHMERT,海外,3829,AIMU,海外,0,,-
RESIDENT,VOLCANIC BIGBEAT,0,,-,976,CH1AKI,海外,1680,KOMUGI,海外,2784,SC,海外,0,,-
RESIDENT,"wanna be a ""BAD GIRL"" feat. Nana Takahashi",0,,-,708,ADIGOS,海外,1165,DKG,海外,2047,SC,海外,0,,-
RESIDENT,With You,0,,-,825,METHY,海外,1533,MEIMOW,海外,2527,KO9HOU,海外,0,,-
RESIDENT,Xerulean,0,,-,1048,ZXY!,海外,1922,METHY,海外,3374,AIMU,海外,0,,-
RESIDENT,ZENITH,0,,-,971,CH1AKI,海外,1733,YUKI,海外,2908,KARUBI,海外,0,,-
RESIDENT,[ ]DENTITY,0,,-,1053,C,海外,2011,KOMUGI,海外,3715,SC,海外,0,,-
RESIDENT,≡+≡,556,C4L3BT,海外,1384,*ITO.*,海外,2055,KOMUGI,海外,3017,SC,海外,4533,MAD8KA,海外
RESIDENT,■□模様,0,,-,955,NOBETA,海外,1480,KATANA,海外,2631,NYANTA,海外,0,,-
RESIDENT,《ORDERBREAKER》,0,,-,773,ZOMBIE,海外,1556,KOMUGI,海外,2449,SC,海外,0,,-
RESIDENT,あるビー！ feat.ころねぽち,0,,-,962,KATANA,海外,1658,KATANA,海外,2839,MAD8KA,海外,0,,-
RESIDENT,おとせサンダー,109,DAN,海外,644,MALPEL,海外,1158,MALPEL,海外,2153,SC,海外,0,,-
RESIDENT,きゅんです。,0,,-,708,1416,海外,1359,M!KA-L,海外,2336,KARUBI,海外,0,,-
RESIDENT,ぞうしょく！？マイデンティティ,0,,-,1010,C353,海外,2009,GABRIL,海外,3588,AIMU,海外,0,,-
RESIDENT,ちょえちょえまぎか,0,,-,1142,CH1AKI,海外,2299,SC,海外,3021,NYANTA,海外,4134,MAD8KA,海外
RESIDENT,サヨナラ・ヘヴン-Celtic Chip Dance Mix-,0,,-,829,CH1AKI,海外,1428,KATANA,海外,2592,NYANTA,海外,0,,-
RESIDENT,チェイスチェイスジョーカーズのうた (オニスタイルリミックス),0,,-,874,CH1AKI,海外,1628,KATANA,海外,2822,MAD8KA,海外,0,,-
RESIDENT,パーフェクトイーター,0,,-,1000,CH1AKI,海外,1898,KATANA,海外,2996,MAD8KA,海外,0,,-
RESIDENT,儚キ戀ノ幻想譚,480,LL2DX,海外,1550,METHY,海外,2160,M,海外,3428,77BAR,海外,0,,-
RESIDENT,少年リップルズ,0,,-,825,HIQYER,海外,1746,KOMUGI,海外,2429,#CHORD,海外,0,,-
RESIDENT,恋愛＝精度×認識力,0,,-,1129,CH1AKI,海外,2216,AMANE,海外,3363,AIMU,海外,0,,-
RESIDENT,惑星☆ロリポップ,0,,-,676,CH1AKI,海外,1476,KATANA,海外,2807,SC,海外,0,,-
RESIDENT,昏き甲鉄のヴェルガ,0,,-,798,CH1AKI,海外,1607,KOMUGI,海外,2339,SC,海外,0,,-
RESIDENT,月と夢の跡 ft. マナ,0,,-,916,NOBETA,海外,1515,KOMUGI,海外,2515,NYANTA,海外,0,,-
RESIDENT,栄冠のカンパネラ,0,,-,1349,KOMUGI,海外,2104,AMANE,海外,3871,MAD8KA,海外,0,,-
RESIDENT,楽園追放,0,,-,734,CH1AKI,海外,1575,AIMU,海外,2357,MAD8KA,海外,0,,-
RESIDENT,湘南ロンリーMIDNIGHT RAIN,0,,-,0,,-,1747,Q*BIZA,海外,2853,SC,海外,0,,-
RESIDENT,異心前進♪ぴょんぴょんぴょん,0,,-,878,RALPH,海外,1624,KOMUGI,海外,2500,NYANTA,海外,0,,-
RESIDENT,真夜中のバベル,0,,-,639,CH1AKI,海外,1177,KOMUGI,海外,1686,#CHORD,海外,0,,-
RESIDENT,神っぽいな,339,ADIGOS,海外,723,PUKEUG,海外,1426,KOMUGI,海外,2112,SC,海外,2991,SC,海外
RESIDENT,神のシナリオ,0,,-,981,CH1AKI,海外,1650,NEKO,海外,3219,SC,海外,0,,-
RESIDENT,罪過の聖堂,0,,-,646,URAKEN,海外,1226,MIGITE,海外,2027,KARUBI,海外,0,,-
RESIDENT,輪廻の鴉,0,,-,0,,-,1548,CRAM,海外,2743,SC,海外,0,,-
RESIDENT,雨のちパノラマセカイ,0,,-,728,CH1AKI,海外,1274,PARIS5,海外,2211,SC,海外,0,,-
RESIDENT,響花水月,0,,-,1140,43S1*,海外,1816,KOMUGI,海外,2910,NYANTA,海外,0,,-
EPOLIS,20XX,0,,-,1099,N.O.,海外,1686,KOMUGI,海外,2681,SC,海外,0,,-
EPOLIS,ACT0,0,,-,1217,NOBETA,海外,2035,KOMUGI,海外,2970,MAD8KA,海外,0,,-
EPOLIS,Aeterna,0,,-,971,NOBETA,海外,1557,KOMUGI,海外,2549,SC,海外,0,,-
EPOLIS,Akatsuki,0,,-,791,NEX*,海外,1559,KOMUGI,海外,2257,NYANTA,海外,0,,-
EPOLIS,Ambivalent Vermilia,0,,-,1458,YUKARI,海外,2412,#CHORD,海外,4054,MAD8KA,海外,0,,-
EPOLIS,Amethyst,0,,-,1329,SC,海外,1722,KOMUGI,海外,2600,SC,海外,0,,-
EPOLIS,Bitter & Lucky,0,,-,0,,-,1316,KOMUGI,海外,2488,MAD8KA,海外,0,,-
EPOLIS,BLAZING_LAZER,0,,-,1211,NOBETA,海外,1988,HPP-AZ,海外,3374,AIMU,海外,0,,-
EPOLIS,CADENZA,0,,-,1394,CRAM,海外,2260,MIO33#,海外,4486,SC,海外,0,,-
EPOLIS,Chemical Colours,0,,-,961,MRN,海外,1897,MEIMOW,海外,2780,SC,海外,0,,-
EPOLIS,CODE:2,0,,-,1090,SC,海外,1751,KOMUGI,海外,2932,SC,海外,0,,-
EPOLIS,COUNTING SHEEP ft. Kanae Asaba,0,,-,671,METHY,海外,1269,KOMUGI,海外,2218,SC,海外,0,,-
EPOLIS,Cult Invitation,0,,-,1200,NOBETA,海外,1926,SC,海外,3402,AIMU,海外,0,,-
EPOLIS,Dahlia,0,,-,756,CH1AKI,海外,1946,G-CUP,海外,3106,SC,海外,0,,-
EPOLIS,DAZZLE ATTACK,468,ADIGOS,海外,756,THDMG,海外,1658,METHY,海外,2838,SC,海外,0,,-
EPOLIS,Deep Sea Mystery,0,,-,913,CATA,海外,1392,KOMUGI,海外,1952,SC,海外,0,,-
EPOLIS,Demon March,0,,-,1461,KOMUGI,海外,2251,J*HAYR,海外,3634,SC,海外,0,,-
EPOLIS,Echoes of Sunfall,0,,-,960,NOBETA,海外,1598,KOMUGI,海外,2950,SC,海外,0,,-
EPOLIS,frequent,0,,-,1201,CH1AKI,海外,2161,KOMUGI,海外,3699,KARUBI,海外,0,,-
EPOLIS,GAME ON,0,,-,1338,KOMUGI,海外,2213,YUZUHA,海外,2683,#CHORD,海外,0,,-
EPOLIS,Get Higher,0,,-,802,CH1AKI,海外,1430,T11,海外,2301,SC,海外,0,,-
EPOLIS,Get Wicked,0,,-,831,NOBETA,海外,1456,KOMUGI,海外,2480,NYANTA,海外,0,,-
EPOLIS,Ghost Pulse,0,,-,1005,-KYO-,海外,1487,KATANA,海外,2737,NYANTA,海外,0,,-
EPOLIS,Glitch N Ride,0,,-,837,MRN,海外,1476,Q*BIZA,海外,2585,AIMU,海外,0,,-
EPOLIS,GloriosA,0,,-,1029,CH1AKI,海外,1896,NEKO,海外,2833,SC,海外,0,,-
EPOLIS,GLORIOUS HAMMER,0,,-,1090,NOBETA,海外,1802,-KYO-,海外,2996,77BAR,海外,0,,-
EPOLIS,Hard Breaker,0,,-,759,NOBETA,海外,1344,NOBETA,海外,2526,SC,海外,0,,-
EPOLIS,Hat Surprise (Season 3),0,,-,1184,NOBETA,海外,2009,KOMUGI,海外,2721,SC,海外,0,,-
EPOLIS,i-ii,0,,-,1020,KATANA,海外,1636,KATANA,海外,2889,SC,海外,0,,-
EPOLIS,INHERITANCE,0,,-,953,CH1AKI,海外,1722,YUKARI,海外,2827,NYANTA,海外,3506,MAD8KA,海外
EPOLIS,Iris,277,YUUYA.,海外,837,KOMUGI,海外,1499,KOMUGI,海外,2209,SC,海外,0,,-
EPOLIS,Jumper,0,,-,685,AKIRA,海外,1471,KOMUGI,海外,2393,NYANTA,海外,0,,-
EPOLIS,Just Gimme,0,,-,868,PEN-02,海外,1627,KOMUGI,海外,2754,SC,海外,0,,-
EPOLIS,JUSTICE/GUILTY feat. Nana Takahashi & 709sec.,0,,-,1608,CRAM,海外,2428,METHY,海外,3813,#CHORD,海外,0,,-
EPOLIS,Level 5,0,,-,1309,KOMUGI,海外,2437,MAD8KA,海外,3635,AIMU,海外,0,,-
EPOLIS,MAXIMUM CHEAT GIRL,0,,-,1230,KOMUGI,海外,2064,NEKO,海外,3544,SC,海外,0,,-
EPOLIS,Million Dollar,0,,-,1094,NOBETA,海外,1855,CHIHIN,海外,3370,SC,海外,0,,-
EPOLIS,Monkey Business,0,,-,594,CH1AKI,海外,1348,PUKEUG,海外,2505,NYANTA,海外,0,,-
EPOLIS,Mukade,0,,-,1070,G-CUP,海外,1868,KOMUGI,海外,3181,KARUBI,海外,0,,-
EPOLIS,My Sweet Bird?,0,,-,555,KATANA,海外,1457,YUKARI,海外,2172,KO9HOU,海外,0,,-
EPOLIS,NEEDLESS MY LOVE FOR YOU,0,,-,982,G-CUP,海外,1625,-KYO-,海外,2435,YUZUHA,海外,0,,-
EPOLIS,Out of Control,0,,-,1001,C353,海外,2057,KOMUGI,海外,3021,SC,海外,0,,-
EPOLIS,out of disk space,0,,-,1005,NOBETA,海外,1826,KOMUGI,海外,2543,NYANTA,海外,0,,-
EPOLIS,PILGRIM,0,,-,952,NOBETA,海外,1619,-KYO-,海外,2726,SC,海外,0,,-
EPOLIS,Psychedelic Intelligence,0,,-,0,,-,1740,KATANA,海外,2807,#CHORD,海外,0,,-
EPOLIS,Red Determination,0,,-,1016,NOBETA,海外,1483,-KYO-,海外,2614,SC,海外,0,,-
EPOLIS,Resonant,0,,-,1041,G-CUP,海外,2232,KOMUGI,海外,3569,SC,海外,0,,-
EPOLIS,Riff//rain,203,MALPEL,海外,720,-KYO-,海外,1259,KOMUGI,海外,1810,NYANTA,海外,0,,-
EPOLIS,See You Again,0,,-,1101,NOBETA,海外,1790,-KYO-,海外,3123,NYANTA,海外,0,,-
EPOLIS,Seven Times Four,0,,-,1138,NOBETA,海外,1933,METHY,海外,3423,AIMU,海外,0,,-
EPOLIS,Shapeshifter,0,,-,928,CH1AKI,海外,1418,CRAM,海外,2464,KARUBI,海外,0,,-
EPOLIS,Sirius,0,,-,977,NOBETA,海外,1651,KOMUGI,海外,3195,SC,海外,0,,-
EPOLIS,So What,0,,-,543,CH1AKI,海外,1171,KOMUGI,海外,1846,AIMU,海外,0,,-
EPOLIS,SOLAR ECLIPSE,0,,-,1422,YUKARI,海外,2454,SC,海外,3559,AIMU,海外,0,,-
EPOLIS,Speculation,0,,-,904,CH1AKI,海外,1646,KATANA,海外,3009,MAD8KA,海外,0,,-
EPOLIS,squall,0,,-,1212,KOMUGI,海外,1676,KOMUGI,海外,2613,KARUBI,海外,0,,-
EPOLIS,Stereo Beasts,0,,-,1308,NOBETA,海外,2447,SHMERT,海外,3645,NYANTA,海外,0,,-
EPOLIS,Submerge Serenade,0,,-,885,CH1AKI,海外,1736,MEIMOW,海外,2905,NYANTA,海外,4078,MAD8KA,海外
EPOLIS,Sword of Vengeance,0,,-,1297,NOBETA,海外,2076,KOMUGI,海外,3185,#CHORD,海外,0,,-
EPOLIS,T.R.O.L.L.,0,,-,950,NOBETA,海外,1542,NEKO,海外,2476,#CHORD,海外,0,,-
EPOLIS,The Last Apocalypse,0,,-,1332,NOBETA,海外,2441,A,海外,3670,MAD8KA,海外,0,,-
EPOLIS,The Onlyonez,0,,-,1006,G-CUP,海外,1630,KOMUGI,海外,3095,#CHORD,海外,0,,-
EPOLIS,This Is Club Musik feat. 大久保紅葉,0,,-,924,CH1AKI,海外,1555,KATANA,海外,2620,NYANTA,海外,0,,-
EPOLIS,Time Distortion pt.2(IIDX Edit),0,,-,1136,CH1AKI,海外,1853,MEIMOW,海外,2952,SC,海外,0,,-
EPOLIS,TITANIUM RIDERS,0,,-,752,CH1AKI,海外,1482,SAYA.S,海外,2126,SC,海外,0,,-
EPOLIS,Too Late Snow,0,,-,598,PODO*,海外,1344,-KYO-,海外,2013,SC,海外,0,,-
EPOLIS,TRIP THE DEEP,0,,-,987,METHY,海外,1555,KOMUGI,海外,2475,#CHORD,海外,0,,-
EPOLIS,Tripping Jumping,0,,-,641,CHU2,海外,1396,NOBETA,海外,2289,NYANTA,海外,0,,-
EPOLIS,Vermilion Carol,0,,-,1301,-KYO-,海外,2149,77HIRA,海外,3577,SC,海外,0,,-
EPOLIS,Vulnerability,0,,-,1291,METHY,海外,1858,VXNISH,海外,3585,MAD8KA,海外,0,,-
EPOLIS,WaterCube Pf.(RX-Ver.S.P.L.),0,,-,555,NOBETA,海外,1238,YUKARI,海外,2172,NYANTA,海外,0,,-
EPOLIS,winkle 2 winkle,0,,-,975,CH1AKI,海外,1835,Q*BIZA,海外,2777,SC,海外,0,,-
EPOLIS,Xb10r,0,,-,1027,CH1AKI,海外,2127,NEKO,海外,3526,AIMU,海外,0,,-
EPOLIS,ZEROIN ON THE LIGHT,0,,-,1059,PUKEUG,海外,1706,KOMUGI,海外,2635,KO9HOU,海外,0,,-
EPOLIS,《PL|RAYER》,0,,-,878,NOBETA,海外,1575,KATANA,海外,2804,SC,海外,0,,-
EPOLIS,ちゅ、多様性。,201,ADIGOS,海外,490,MESHA,海外,1079,MALPEL,海外,1896,#CHORD,海外,2267,SC,海外
EPOLIS,ないないルーティン,0,,-,578,NOBETA,海外,1272,G-CUP,海外,2079,SC,海外,0,,-
EPOLIS,めうめうぺったんたん！！ (ZAQUVA Remix),0,,-,1013,NOBETA,海外,1791,MALPEL,海外,2789,NYANTA,海外,0,,-
EPOLIS,れとりば！,0,,-,752,CH1AKI,海外,1317,KOMUGI,海外,2062,SC,海外,0,,-
EPOLIS,アイドル,261,ADIGOS,海外,805,NECOZE,海外,1516,KOMUGI,海外,2576,#CHORD,海外,3147,NYANTA,海外
EPOLIS,アタシ完全絶対正義ちゃん！,0,,-,968,KOMUGI,海外,1295,CH1AKI,海外,2108,A-SORA,海外,0,,-
EPOLIS,シンデレラ,349,JAY,海外,755,CH1AKI,海外,1515,KOMUGI,海外,2217,SC,海外,0,,-
EPOLIS,センチメンタル・サマー,0,,-,624,CH1AKI,海外,1159,CRAM,海外,1988,SC,海外,0,,-
EPOLIS,デビルじゃないもん,289,ADIGOS,海外,824,SUNSUN,海外,1313,MALPEL,海外,2083,SC,海外,0,,-
EPOLIS,フォニイ,534,BENNY,海外,1225,SC,海外,2005,SC,海外,2891,SC,海外,3910,MAD8KA,海外
EPOLIS,ポラリスノウタ,282,******,海外,830,NOBETA,海外,1480,PUKEUG,海外,2251,SC,海外,0,,-
EPOLIS,マーシャル・マキシマイザー,352,LIV,海外,739,KAL,海外,1415,KOMUGI,海外,2152,SC,海外,0,,-
EPOLIS,ラビットホール,681,METHY,海外,1251,C,海外,2095,KARUBI,海外,2918,MAD8KA,海外,0,,-
EPOLIS,リメンバーリメンバー,0,,-,504,NOBETA,海外,976,KOMUGI,海外,1679,SC,海外,0,,-
EPOLIS,今宵、ロマンス横丁。,0,,-,1081,NOBETA,海外,2204,METHY,海外,3253,AIMU,海外,0,,-
EPOLIS,勇者,345,MESHA,海外,727,CH1AKI,海外,1403,MIO33#,海外,2468,#CHORD,海外,0,,-
EPOLIS,可愛くてごめん,282,NOBETA,海外,622,METHY,海外,1332,KATANA,海外,2260,SC,海外,2798,SC,海外
EPOLIS,唱,186,CH1AKI,海外,369,LIV,海外,1015,KOMUGI,海外,1745,NYANTA,海外,0,,-
EPOLIS,夏風邪デスコ,292,ADIGOS,海外,728,CH1AKI,海外,1720,KOMUGI,海外,2641,NYANTA,海外,0,,-
EPOLIS,夢縁,0,,-,1204,SC,海外,2135,SC,海外,2988,SC,海外,0,,-
EPOLIS,寝起きヤシの木,437,ADIGOS,海外,960,CH1AKI,海外,1733,MALPEL,海外,2794,NYANTA,海外,3473,MAD8KA,海外
EPOLIS,惑星鉄道,0,,-,1038,G-CUP,海外,2010,KARUBI,海外,2918,AIMU,海外,0,,-
EPOLIS,愛包ダンスホール,318,ADIGOS,海外,887,M!KA-L,海外,1370,KOMUGI,海外,2573,NYANTA,海外,0,,-
EPOLIS,摩天楼,0,,-,574,KAL,海外,1442,KOMUGI,海外,2526,AIMU,海外,0,,-
EPOLIS,未完成ノ蒸氣驅動乙女,0,,-,1062,G-CUP,海外,1946,N2T*,海外,2926,MAD8KA,海外,0,,-
EPOLIS,果たせぬ約束 ft. 小林マナ,0,,-,1122,CRAM,海外,1895,KOMUGI,海外,3003,SC,海外,0,,-
EPOLIS,残像ニ繋ガレタ追憶ノHIDEAWAY,0,,-,1159,-KYO-,海外,2189,NEKO,海外,3544,NYANTA,海外,0,,-
EPOLIS,流桜ノ門,0,,-,948,VXNISH,海外,1495,KATANA,海外,2131,SC,海外,0,,-
EPOLIS,"灼熱Beach Side Bunny (かめりあ's ""Summertime D'n'B"" Remix)",0,,-,1033,NOBETA,海外,1853,KOMUGI,海外,3120,AIMU,海外,0,,-
EPOLIS,神様、つれない。,0,,-,685,NOBETA,海外,1396,KOMUGI,海外,2135,NYANTA,海外,0,,-
EPOLIS,終焔のClaudia,0,,-,1336,SAYA.S,海外,1737,YUKARI,海外,2685,MAD8KA,海外,0,,-
EPOLIS,酔いどれ知らず,256,ADIGOS,海外,743,MANMA,海外,1289,KOMUGI,海外,2209,KARUBI,海外,0,,-
EPOLIS,閉塞的フレーション,0,,-,884,CH1AKI,海外,1626,KOMUGI,海外,2421,SC,海外,0,,-
EPOLIS,雫,0,,-,967,NOBETA,海外,1936,-KYO-,海外,2673,KARUBI,海外,0,,-
EPOLIS,電光,0,,-,933,NOBETA,海外,1693,MIO33#,海外,3013,SC,海外,0,,-
EPOLIS,電子になりたい,0,,-,819,*ITO.*,海外,1422,A,海外,1995,SC,海外,0,,-
EPOLIS,電腦都市,0,,-,1301,NOBETA,海外,2225,METHY,海外,3411,AIMU,海外,0,,-
Pinky Crush,1116,0,,-,752,GTXIAS,海外,1942,AMANE,海外,3009,AIMU,海外,0,,-
Pinky Crush,ADAMANT,0,,-,1095,*ITO.*,海外,1780,KATANA,海外,3007,#CHORD,海外,0,,-
Pinky Crush,Aqvion,0,,-,1173,METHY,海外,1982,SC,海外,3478,MAD8KA,海外,0,,-
Pinky Crush,Arcanos,0,,-,602,MANMA,海外,1183,KOMUGI,海外,1981,NYANTA,海外,0,,-
Pinky Crush,Bang-Boo Bumble,0,,-,1046,PARIS5,海外,1924,KOMUGI,海外,2932,NYANTA,海外,0,,-
Pinky Crush,Bling-Bang-Bang-Born,341,METHY,海外,572,JOJO,海外,1140,KOMUGI,海外,1966,NYANTA,海外,2096,SC,海外
Pinky Crush,Bring The Fire,0,,-,820,POOK13,海外,1875,KOMUGI,海外,3382,MAD8KA,海外,0,,-
Pinky Crush,Butterfly Twist,0,,-,856,CH1AKI,海外,1530,SAYA.S,海外,2704,SC,海外,0,,-
Pinky Crush,CHAOTIC SUNBIRD,0,,-,1176,G-CUP,海外,1630,KOMUGI,海外,3230,KARUBI,海外,0,,-
Pinky Crush,Chasing After YOU ～夢の欠片～ ft. 小林マナ,0,,-,982,KOMUGI,海外,1422,KOMUGI,海外,2055,SC,海外,0,,-
Pinky Crush,Constellation,0,,-,808,CH1AKI,海外,1758,KOMUGI,海外,2782,MAD8KA,海外,0,,-
Pinky Crush,COSMIC V3LOCITY,0,,-,1058,CH1AKI,海外,2118,ZEKU-O,海外,3337,MAD8KA,海外,0,,-
Pinky Crush,Cross Fire,0,,-,927,CH1AKI,海外,2114,SAYA.S,海外,3309,SC,海外,0,,-
Pinky Crush,destination,0,,-,898,C4L3BT,海外,2139,KOMUGI,海外,3324,MAD8KA,海外,0,,-
Pinky Crush,Digital Radiance,0,,-,1037,33,海外,1414,KOMUGI,海外,2023,NYANTA,海外,0,,-
Pinky Crush,DIVINE JUDGEMENT,0,,-,1009,G-CUP,海外,1863,KOMUGI,海外,2753,MAD8KA,海外,0,,-
Pinky Crush,Dreamship,0,,-,925,SUNSUN,海外,1329,KOMUGI,海外,1949,SC,海外,0,,-
Pinky Crush,Drop Syndicate,0,,-,1091,MANMA,海外,1835,KOMUGI,海外,3596,AIMU,海外,0,,-
Pinky Crush,Eleanor,0,,-,647,OVER,海外,1365,KOMUGI,海外,2379,NYANTA,海外,0,,-
Pinky Crush,ELYSIUM,0,,-,810,CH1AKI,海外,1533,KOMUGI,海外,2688,MAD8KA,海外,0,,-
Pinky Crush,everlastingeuphoria:,0,,-,928,CH1AKI,海外,1576,KOMUGI,海外,2445,SC,海外,0,,-
Pinky Crush,EX-MASSIVE FIGHTER,0,,-,0,,-,1989,KOMUGI,海外,3368,SC,海外,0,,-
Pinky Crush,EYE OF THE HEAVEN,0,,-,970,G-CUP,海外,2004,NEKO,海外,3474,KARUBI,海外,0,,-
Pinky Crush,FERMI PARADOX,0,,-,1001,CH1AKI,海外,1643,KOMUGI,海外,2518,SC,海外,0,,-
Pinky Crush,Fiery Stallion,0,,-,762,CH1AKI,海外,1643,METHY,海外,2396,MAD8KA,海外,0,,-
Pinky Crush,Flamingo,0,,-,1040,G-CUP,海外,2289,OPNLEG,海外,3370,NYANTA,海外,0,,-
Pinky Crush,FlyAway,0,,-,1253,SC,海外,2063,SC,海外,3200,SC,海外,0,,-
Pinky Crush,Galaxy Collapse,0,,-,494,LIV,海外,1239,KOMUGI,海外,1891,NYANTA,海外,0,,-
Pinky Crush,get set mind,0,,-,907,CH1AKI,海外,1533,KOMUGI,海外,2444,NYANTA,海外,0,,-
Pinky Crush,God Mind,0,,-,1496,METHY,海外,2611,#CHORD,海外,4046,MAD8KA,海外,0,,-
Pinky Crush,Good Looking,0,,-,663,CH1AKI,海外,1294,KOMUGI,海外,2064,SC,海外,0,,-
Pinky Crush,Here We Go Now,0,,-,913,CH1AKI,海外,2124,KOMUGI,海外,3321,SC,海外,0,,-
Pinky Crush,hora de verdad,0,,-,1059,G-CUP,海外,1923,KOMUGI,海外,2983,AIMU,海外,0,,-
Pinky Crush,IN BETWEEN,0,,-,841,CH1AKI,海外,1465,*ITO.*,海外,2380,SC,海外,0,,-
Pinky Crush,KOTONOHA ft. Kotoha,0,,-,515,NANA,海外,1274,KOMUGI,海外,1976,SC,海外,0,,-
Pinky Crush,Lightspeed,0,,-,1263,G-CUP,海外,1946,MEIMOW,海外,3135,MAD8KA,海外,0,,-
Pinky Crush,lowercase lifetime,0,,-,896,CH1AKI,海外,1923,KOMUGI,海外,2740,KO9HOU,海外,0,,-
Pinky Crush,Lycoris,0,,-,724,HIQYER,海外,1377,KOMUGI,海外,2044,NYANTA,海外,0,,-
Pinky Crush,MARLIN,0,,-,1165,G-CUP,海外,2093,ZEKU-O,海外,3415,NYANTA,海外,0,,-
Pinky Crush,Mid-Corner (Magic Maker),0,,-,772,C-LAS*,海外,1972,KOMUGI,海外,3108,AIMU,海外,0,,-
Pinky Crush,Mighty Cutie,0,,-,896,A42,海外,1980,KOMUGI,海外,2762,AIMU,海外,0,,-
Pinky Crush,MVP,0,,-,869,CH1AKI,海外,1520,KOMUGI,海外,2593,MAD8KA,海外,0,,-
Pinky Crush,NOIXIA,0,,-,1391,KOMUGI,海外,2145,KOMUGI,海外,3900,MAD8KA,海外,0,,-
Pinky Crush,PERFECT HUMAN,477,MESHA,海外,710,CATA,海外,1374,KATANA,海外,2213,OPNLEG,海外,0,,-
Pinky Crush,Pinky Happy Crazy,0,,-,1297,G-CUP,海外,2518,OPNLEG,海外,3548,SC,海外,0,,-
Pinky Crush,PIT A PAT,0,,-,877,NI9DSN,海外,1793,METHY,海外,2556,NYANTA,海外,0,,-
Pinky Crush,Plazma,230,MC.DRH,海外,682,G-CUP,海外,1241,KOMUGI,海外,2022,NYANTA,海外,2768,SC,海外
Pinky Crush,Plea Per Phase,0,,-,0,,-,1709,KOMUGI,海外,2764,SC,海外,0,,-
Pinky Crush,PopなEDEN,0,,-,783,NMKID,海外,1579,KOMUGI,海外,2439,MAD8KA,海外,0,,-
Pinky Crush,Raspberry Potion (feat.あれたん & ぎゃるのしん☆),0,,-,786,CH1AKI,海外,1767,KOMUGI,海外,2497,MAD8KA,海外,0,,-
Pinky Crush,RAVE SYNDROME,0,,-,907,LUIGIF,海外,1692,KOMUGI,海外,2752,MAD8KA,海外,0,,-
Pinky Crush,Roar of Chronos,0,,-,1092,CH1AKI,海外,2080,KOMUGI,海外,3864,SC,海外,0,,-
Pinky Crush,Satellite Burst,0,,-,1015,CH1AKI,海外,2100,METHY,海外,3786,AIMU,海外,0,,-
Pinky Crush,Secret Rouge,0,,-,856,SC,海外,1644,KOMUGI,海外,2320,SC,海外,0,,-
Pinky Crush,Shirdal,0,,-,718,CH1AKI,海外,1478,KOMUGI,海外,2471,NYANTA,海外,0,,-
Pinky Crush,Show Me All Your Love,0,,-,0,,-,1949,KOMUGI,海外,2917,#CHORD,海外,0,,-
Pinky Crush,SISYPHUS,0,,-,916,G-CUP,海外,1536,BAND!T,海外,2656,AIMU,海外,0,,-
Pinky Crush,Skratch Education Lv-1,0,,-,1089,AIMU,海外,1839,AIMU,海外,2857,AIMU,海外,0,,-
Pinky Crush,Slumber☆Party,0,,-,533,CLAWZ,海外,1695,KOMUGI,海外,2223,KO9HOU,海外,0,,-
Pinky Crush,Space In Time,0,,-,711,JOJO,海外,1455,KOMUGI,海外,2018,KARUBI,海外,0,,-
Pinky Crush,Stargazing Trip ～星 探す旅～ ft. 小林マナ,0,,-,1065,-KYO-,海外,1754,KOMUGI,海外,2677,NYANTA,海外,0,,-
Pinky Crush,SUPER HEROINE!!,0,,-,830,CH1AKI,海外,1570,KOMUGI,海外,2327,SC,海外,0,,-
Pinky Crush,SμG@R RU$#,0,,-,1392,KOMUGI,海外,2431,MAD8KA,海外,3625,AIMU,海外,0,,-
Pinky Crush,TECHNO RUMBLE,0,,-,1085,URAKEN,海外,1741,KOMUGI,海外,2892,MAD8KA,海外,0,,-
Pinky Crush,u gotta beat,0,,-,1080,LOKULO,海外,2150,KOMUGI,海外,3506,AIMU,海外,0,,-
Pinky Crush,Uaigh Gealai,0,,-,1218,G-CUP,海外,2060,KOMUGI,海外,3762,SC,海外,0,,-
Pinky Crush,uen,0,,-,1305,G-CUP,海外,2052,METHY,海外,2962,MAD8KA,海外,0,,-
Pinky Crush,Vibing! Shake it!,0,,-,837,CH1AKI,海外,1645,KOMUGI,海外,2480,NYANTA,海外,0,,-
Pinky Crush,Without Heaven,0,,-,1283,G-CUP,海外,2056,VXNISH,海外,3609,MAD8KA,海外,0,,-
Pinky Crush,XHRONOXAPSULΞ,0,,-,1115,G-CUP,海外,2151,MIO33#,海外,3765,AIMU,海外,0,,-
Pinky Crush,えだまめカレークッキング,428,METHY,海外,735,CH1AKI,海外,1284,KOMUGI,海外,2190,KARUBI,海外,0,,-
Pinky Crush,きみのせかい,0,,-,0,,-,1627,KOMUGI,海外,2790,KO9HOU,海外,0,,-
Pinky Crush,きゅうくらりん,422,ADIGOS,海外,792,CH1AKI,海外,1702,KOMUGI,海外,2379,NYANTA,海外,0,,-
Pinky Crush,アラビアン ハイパー ナイト,0,,-,1180,G-CUP,海外,1789,KOMUGI,海外,3232,SC,海外,0,,-
Pinky Crush,イガク,307,******,海外,872,G-CUP,海外,1502,KOMUGI,海外,2041,SC,海外,3060,MAD8KA,海外
Pinky Crush,エクスプロウル,0,,-,935,MALPEL,海外,1603,KOMUGI,海外,2403,MAD8KA,海外,0,,-
Pinky Crush,オッドラヴィ,359,ADIGOS,海外,852,RALPH,海外,1729,KOMUGI,海外,2528,NYANTA,海外,0,,-
Pinky Crush,オブソミート,231,METHY,海外,724,LIV,海外,1478,KOMUGI,海外,2383,NYANTA,海外,0,,-
Pinky Crush,キスキツネ,174,ADIGOS,海外,865,NOBETA,海外,1467,KOMUGI,海外,2371,NYANTA,海外,0,,-
Pinky Crush,ギャ・ギャ・ギャ・ギャラクシー！,0,,-,766,COLE,海外,1621,KOMUGI,海外,2395,NYANTA,海外,0,,-
Pinky Crush,ゲシュタルト,376,ADIGOS,海外,916,PUKEUG,海外,1571,KOMUGI,海外,2458,KO9HOU,海外,3322,SC,海外
Pinky Crush,スキッテイエェエエェ!!!!,0,,-,1421,MANMA,海外,2600,#CHORD,海外,4266,MAD8KA,海外,0,,-
Pinky Crush,スパークリング☆彡ハイパーチューン！！,0,,-,1445,NEKO,海外,2118,KOMUGI,海外,3609,NYANTA,海外,0,,-
Pinky Crush,ドリムチウ,0,,-,706,CATA,海外,1586,KOMUGI,海外,2578,NYANTA,海外,0,,-
Pinky Crush,ドーナツホール 2024,342,METHY,海外,994,SC,海外,1614,KOMUGI,海外,2367,SC,海外,0,,-
Pinky Crush,ハオ,296,ADIGOS,海外,809,CH1AKI,海外,1662,MALPEL,海外,2846,NYANTA,海外,0,,-
Pinky Crush,ハルイロメロディー,0,,-,841,PUKEUG,海外,1394,KOMUGI,海外,2211,NYANTA,海外,0,,-
Pinky Crush,ビビデバ,267,SC,海外,771,MALPEL,海外,1213,M!KA-L,海外,2056,KARUBI,海外,0,,-
Pinky Crush,ファイナルレター,0,,-,817,IIDX,海外,1721,MIO33#,海外,2646,KARUBI,海外,0,,-
Pinky Crush,メズマライザー,516,LAWH2O,海外,1067,LUIGIF,海外,1784,KOMUGI,海外,2707,NYANTA,海外,0,,-
Pinky Crush,ロマンシングエスケープ,0,,-,404,CH1AKI,海外,1133,KOMUGI,海外,1836,NYANTA,海外,0,,-
Pinky Crush,天使のカンタータ -Cantata of Angels-,0,,-,1229,G-CUP,海外,2099,DDZ33!,海外,4018,AIMU,海外,0,,-
Pinky Crush,弾幕信仰,0,,-,0,,-,1637,KOMUGI,海外,2511,NYANTA,海外,0,,-
Pinky Crush,我ら完全無敵のアイドル!!,223,ADIGOS,海外,993,PO!,海外,1635,KOMUGI,海外,2538,KO9HOU,海外,0,,-
Pinky Crush,断罪の一花,0,,-,541,XIREN,海外,1513,KOMUGI,海外,2540,#CHORD,海外,0,,-
Pinky Crush,最強頂戴girl,0,,-,639,CTH451,海外,1444,KOMUGI,海外,2191,NYANTA,海外,0,,-
Pinky Crush,朱と碧のランページ,0,,-,992,G-CUP,海外,1665,KOMUGI,海外,2493,NYANTA,海外,0,,-
Pinky Crush,消極的セツナイズム,0,,-,750,RALPH,海外,1574,KOMUGI,海外,2284,NYANTA,海外,0,,-
Pinky Crush,灼熱 Lost Summer Dayz,0,,-,836,ANDY,海外,1810,METHY,海外,2788,AIMU,海外,0,,-
Pinky Crush,無双,0,,-,1073,Q*BIZA,海外,1932,KOMUGI,海外,3304,SC,海外,0,,-
Pinky Crush,爆ぜりゃんせ,0,,-,991,33,海外,1857,KOMUGI,海外,2953,NYANTA,海外,0,,-
Pinky Crush,覚悟せよ！エンタンメ～ン ～より身の切り売り自暴自棄版～,0,,-,1019,NOBETA,海外,1792,KATANA,海外,2808,OPNLEG,海外,0,,-
Pinky Crush,進捗ダメダメです,260,ADIGOS,海外,771,MALPEL,海外,1575,KOMUGI,海外,2240,NYANTA,海外,0,,-
Pinky Crush,飴玉,0,,-,0,,-,890,KOMUGI,海外,1379,SC,海外,0,,-
Pinky Crush,ＰＡＳＴＥＬＩＳＭ,0,,-,0,,-,1500,KOMUGI,海外,2108,NYANTA,海外,0,,-
Sparkle Shower,2 Be Continued,0,,-,1056,SC,海外,1995,SC,海外,3616,MAD8KA,海外,0,,-
Sparkle Shower,A Certified Rave Moment,0,,-,1001,#CHORD,海外,1768,#CHORD,海外,2726,OPNLEG,海外,0,,-
Sparkle Shower,ACID VISION,0,,-,1125,#CHORD,海外,1609,METHY,海外,1839,OPNLEG,海外,0,,-
Sparkle Shower,AGETEKE ONDO,0,,-,1019,#CHORD,海外,1622,#CHORD,海外,2576,OPNLEG,海外,0,,-
Sparkle Shower,Amor∞Fati,0,,-,1256,#CHORD,海外,2553,OPNLEG,海外,4048,AIMU,海外,0,,-
Sparkle Shower,Any％,0,,-,1197,#CHORD,海外,2181,#CHORD,海外,3531,AIMU,海外,0,,-
Sparkle Shower,Astra Blaze,0,,-,1186,#CHORD,海外,2275,#CHORD,海外,3310,#CHORD,海外,0,,-
Sparkle Shower,Bang Bang Dance,0,,-,841,SC,海外,1755,SC,海外,2788,SC,海外,0,,-
Sparkle Shower,BattleRoyal,0,,-,1106,#CHORD,海外,1746,#CHORD,海外,2568,NYANTA,海外,0,,-
Sparkle Shower,Begin,0,,-,1027,#CHORD,海外,2016,#CHORD,海外,3207,MAD8KA,海外,0,,-
Sparkle Shower,BitRacer,0,,-,1092,#CHORD,海外,2081,OPNLEG,海外,3440,MAD8KA,海外,0,,-
Sparkle Shower,Bloom,0,,-,687,#CHORD,海外,1199,#CHORD,海外,1793,KO9HOU,海外,0,,-
Sparkle Shower,blue anthem,0,,-,1171,#CHORD,海外,1724,#CHORD,海外,2918,OPNLEG,海外,0,,-
Sparkle Shower,Caramel Pain,235,SC,海外,650,SC,海外,1048,SC,海外,1661,SC,海外,0,,-
Sparkle Shower,Catch ya Getcha!,0,,-,1059,SC,海外,2014,SC,海外,2886,NYANTA,海外,0,,-
Sparkle Shower,chaplet -IIDX re:build-,0,,-,1003,METHY,海外,1942,#CHORD,海外,2824,MAD8KA,海外,0,,-
Sparkle Shower,COLOR BURST,205,#CHORD,海外,788,#CHORD,海外,1393,KOMUGI,海外,2187,NYANTA,海外,0,,-
Sparkle Shower,Countdown to Heaven or Hell,0,,-,1269,SC,海外,2038,SC,海外,3060,SC,海外,0,,-
Sparkle Shower,D.K.N. ON,0,,-,1045,#CHORD,海外,1977,#CHORD,海外,2669,KARUBI,海外,0,,-
Sparkle Shower,Digitized Ocean,0,,-,1188,KOMUGI,海外,2026,KARUBI,海外,3450,MAD8KA,海外,0,,-
Sparkle Shower,Disco Killer Music Lover,0,,-,1105,SC,海外,1841,SC,海外,3021,SC,海外,0,,-
Sparkle Shower,Dolphin Kick,0,,-,1494,KOMUGI,海外,2183,#CHORD,海外,3564,MAD8KA,海外,0,,-
Sparkle Shower,Dusk Endir,0,,-,1064,#CHORD,海外,2296,#CHORD,海外,3276,MAD8KA,海外,0,,-
Sparkle Shower,ESPRIT ONE,0,,-,1295,#CHORD,海外,1797,#CHORD,海外,2924,MAD8KA,海外,0,,-
Sparkle Shower,Ex-Otogibanashi,170,METHY,海外,463,#CHORD,海外,964,KOMUGI,海外,1584,MAD8KA,海外,0,,-
Sparkle Shower,Fashion Fruit,0,,-,1068,#CHORD,海外,1947,#CHORD,海外,3022,NYANTA,海外,0,,-
Sparkle Shower,fixer,0,,-,805,METHY,海外,1783,#CHORD,海外,3493,AIMU,海外,0,,-
Sparkle Shower,FIZZY FIZZY POP,0,,-,835,#CHORD,海外,1593,#CHORD,海外,2266,AIMU,海外,0,,-
Sparkle Shower,FiZZλ_POT!0N,0,,-,1424,#CHORD,海外,2086,OPNLEG,海外,3456,AIMU,海外,0,,-
Sparkle Shower,From Human Blood,0,,-,1220,#CHORD,海外,2087,OPNLEG,海外,3575,MAD8KA,海外,0,,-
Sparkle Shower,Funky Quirky,0,,-,924,#CHORD,海外,1892,#CHORD,海外,2575,MAD8KA,海外,0,,-
Sparkle Shower,Get Into The Groove feat.WaMi,0,,-,994,#CHORD,海外,1412,#CHORD,海外,2271,MAD8KA,海外,0,,-
Sparkle Shower,Gimme a Big Beat(青龍 Remix),0,,-,1251,METHY,海外,2361,OPNLEG,海外,3154,AIMU,海外,0,,-
Sparkle Shower,GO!,0,,-,883,#CHORD,海外,1835,#CHORD,海外,3129,AIMU,海外,0,,-
Sparkle Shower,GOLD RUSH 2025,0,,-,850,METHY,海外,1558,VRASNA,海外,2732,OPNLEG,海外,0,,-
Sparkle Shower,Hallucination,0,,-,1054,#CHORD,海外,1856,#CHORD,海外,2676,#CHORD,海外,0,,-
Sparkle Shower,HEROES,0,,-,1360,#CHORD,海外,2250,OPNLEG,海外,3397,AIMU,海外,0,,-
Sparkle Shower,HORIZON BEATZ,0,,-,770,#CHORD,海外,1673,#CHORD,海外,2528,#CHORD,海外,0,,-
Sparkle Shower,HyperTwist,0,,-,1297,#CHORD,海外,2230,#CHORD,海外,3304,MAD8KA,海外,0,,-
Sparkle Shower,Ignited Night,0,,-,1083,METHY,海外,1536,#CHORD,海外,2362,KARUBI,海外,0,,-
Sparkle Shower,Iridescent Memories,0,,-,1517,KOMUGI,海外,2171,#CHORD,海外,3926,MAD8KA,海外,0,,-
Sparkle Shower,JUST SYNC ft.Kanae Asaba,0,,-,749,#CHORD,海外,1284,KOMUGI,海外,2018,KARUBI,海外,0,,-
Sparkle Shower,Kick The Rainbow,0,,-,1145,MAD8KA,海外,2011,#CHORD,海外,2914,MAD8KA,海外,0,,-
Sparkle Shower,King of Tribe,0,,-,1115,#CHORD,海外,2049,#CHORD,海外,3112,MAD8KA,海外,0,,-
Sparkle Shower,kors k's Let's make an Image Song!,0,,-,976,#CHORD,海外,1852,#CHORD,海外,2743,NYANTA,海外,0,,-
Sparkle Shower,Last Card,0,,-,1063,#CHORD,海外,1858,#CHORD,海外,3046,MAD8KA,海外,0,,-
Sparkle Shower,LEMON MELON COOKIE,370,SC,海外,818,SC,海外,1556,SC,海外,2253,SC,海外,0,,-
Sparkle Shower,Limelight,0,,-,1140,#CHORD,海外,1969,#CHORD,海外,2985,MAD8KA,海外,0,,-
Sparkle Shower,Lisa-RICCIA,516,METHY,海外,1230,#CHORD,海外,2202,#CHORD,海外,3342,MAD8KA,海外,4585,MAD8KA,海外
Sparkle Shower,Makin' It,0,,-,1039,KOMUGI,海外,1645,AIMU,海外,2816,AIMU,海外,0,,-
Sparkle Shower,Memoria Obscura,0,,-,1000,#CHORD,海外,2174,ARK,海外,4084,MAD8KA,海外,0,,-
Sparkle Shower,Meteor☆Shower,0,,-,961,METHY,海外,2075,#CHORD,海外,2935,SC,海外,0,,-
Sparkle Shower,Mighty Beat Monsterz,0,,-,1262,#CHORD,海外,1945,OPNLEG,海外,3155,MAD8KA,海外,0,,-
Sparkle Shower,MOCHIMOCHI DREAMIN!!,0,,-,1141,SC,海外,1861,SC,海外,3002,MAD8KA,海外,0,,-
Sparkle Shower,Nemophila,0,,-,1039,#CHORD,海外,1799,#CHORD,海外,2722,KARUBI,海外,0,,-
Sparkle Shower,Nyan Nyan University,0,,-,926,METHY,海外,1588,METHY,海外,2564,NYANTA,海外,0,,-
Sparkle Shower,OMEGA,0,,-,1096,KOMUGI,海外,2142,#CHORD,海外,3321,MAD8KA,海外,0,,-
Sparkle Shower,PALETTE,363,URAKEN,海外,878,#CHORD,海外,1453,METHY,海外,2057,MAD8KA,海外,0,,-
Sparkle Shower,PERFECT GREAT!!,0,,-,1281,#CHORD,海外,2417,OPNLEG,海外,3788,MAD8KA,海外,0,,-
Sparkle Shower,pique,0,,-,1127,#CHORD,海外,2020,#CHORD,海外,2997,KARUBI,海外,0,,-
Sparkle Shower,RALLY '25,0,,-,1203,#CHORD,海外,2142,#CHORD,海外,3232,SC,海外,0,,-
Sparkle Shower,REcorrection,0,,-,588,NOBETA,海外,1095,KOMUGI,海外,1623,SOY,海外,0,,-
Sparkle Shower,Regina vespaE,0,,-,1254,SC,海外,2246,OPNLEG,海外,3564,AIMU,海外,0,,-
Sparkle Shower,RIZING-GAMERS.,0,,-,1036,#CHORD,海外,2275,#CHORD,海外,3328,#CHORD,海外,0,,-
Sparkle Shower,RUINA,0,,-,938,#CHORD,海外,1810,#CHORD,海外,2828,AIMU,海外,0,,-
Sparkle Shower,Second Heaven(Mamonis Remix),0,,-,913,#CHORD,海外,1651,#CHORD,海外,2505,OPNLEG,海外,0,,-
Sparkle Shower,SHINING☆DANCE,0,,-,874,SC,海外,1567,SC,海外,2479,NYANTA,海外,0,,-
Sparkle Shower,Shooting Star,236,#CHORD,海外,837,#CHORD,海外,1507,YUZUHA,海外,2445,MAD8KA,海外,0,,-
Sparkle Shower,Show Time,0,,-,852,#CHORD,海外,1413,KOMUGI,海外,2040,OPNLEG,海外,0,,-
Sparkle Shower,Signs and Wonders,0,,-,667,#CHORD,海外,1040,#CHORD,海外,1599,#CHORD,海外,0,,-
Sparkle Shower,SILKY BRAVE,0,,-,924,#CHORD,海外,1596,#CHORD,海外,2385,AIMU,海外,0,,-
Sparkle Shower,Skywalking,0,,-,905,METHY,海外,1437,#CHORD,海外,2332,MAD8KA,海外,0,,-
Sparkle Shower,Smintheus,0,,-,1333,#CHORD,海外,2396,#CHORD,海外,3620,AIMU,海外,0,,-
Sparkle Shower,SnapSkipSpark,0,,-,1078,METHY,海外,1891,#CHORD,海外,2910,MAD8KA,海外,0,,-
Sparkle Shower,Space Battleship S4TO,0,,-,1361,SC,海外,2266,SC,海外,3745,MAD8KA,海外,0,,-
Sparkle Shower,SPLASH!!!!!!!!!,0,,-,909,METHY,海外,1505,#CHORD,海外,2288,OPNLEG,海外,0,,-
Sparkle Shower,Substance,0,,-,1188,METHY,海外,1719,SC,海外,3057,OPNLEG,海外,0,,-
Sparkle Shower,super double play sessions,0,,-,1438,KARUBI,海外,2409,KARUBI,海外,4237,MAD8KA,海外,0,,-
Sparkle Shower,THUNDERSTRIKE,0,,-,1278,#CHORD,海外,2110,#CHORD,海外,3415,MAD8KA,海外,0,,-
Sparkle Shower,TOKAKU=ALMiRAJ,0,,-,930,#CHORD,海外,1971,#CHORD,海外,2805,SC,海外,0,,-
Sparkle Shower,UNDO THE NIGHT,0,,-,1036,#CHORD,海外,2097,#CHORD,海外,3425,AIMU,海外,0,,-
Sparkle Shower,Vitamin,0,,-,1155,#CHORD,海外,1802,#CHORD,海外,2643,NYANTA,海外,0,,-
Sparkle Shower,voice of echo.,0,,-,1097,METHY,海外,1804,#CHORD,海外,2731,MAD8KA,海外,0,,-
Sparkle Shower,Watermelon Explosion,0,,-,764,#CHORD,海外,1374,#CHORD,海外,2020,NYANTA,海外,0,,-
Sparkle Shower,Wizards!,0,,-,801,#CHORD,海外,1647,#CHORD,海外,2260,SOY,海外,0,,-
Sparkle Shower,X-Plan,0,,-,722,#CHORD,海外,1362,#CHORD,海外,2208,KARUBI,海外,0,,-
Sparkle Shower,[E],0,,-,1501,#CHORD,海外,2237,#CHORD,海外,3397,MAD8KA,海外,0,,-
Sparkle Shower,Τeλοs,0,,-,1055,#CHORD,海外,1771,#CHORD,海外,2621,KARUBI,海外,0,,-
Sparkle Shower,ιgniЯRuina,0,,-,1388,#CHORD,海外,2174,#CHORD,海外,3499,MAD8KA,海外,0,,-
Sparkle Shower,⁽⁽ଘ( ˙꒳˙ )ଓ⁾⁾ beyond reason,0,,-,1268,METHY,海外,2107,OPNLEG,海外,3766,AIMU,海外,0,,-
Sparkle Shower,かわいいだけじゃだめですか？,220,SC,海外,938,SC,海外,1605,SC,海外,2136,SC,海外,3501,MAD8KA,海外
Sparkle Shower,じぇりー じゅえる ジャングル,0,,-,1234,#CHORD,海外,1940,#CHORD,海外,3254,MAD8KA,海外,0,,-
Sparkle Shower,それが、ボクの使命～レスキュー隊長 メンキュー～,0,,-,748,SC,海外,1595,SC,海外,2177,SC,海外,0,,-
Sparkle Shower,でんぱ どりる わんにゃー☆三,288,SC,海外,1189,METHY,海外,2235,METHY,海外,3318,NYANTA,海外,0,,-
Sparkle Shower,もんめためたもん,220,SC,海外,858,SC,海外,1427,SC,海外,2244,SC,海外,0,,-
Sparkle Shower,オーバーライド,478,#CHORD,海外,1215,#CHORD,海外,1808,#CHORD,海外,3197,MAD8KA,海外,0,,-
Sparkle Shower,キミとえがくキセキ,0,,-,909,#CHORD,海外,1518,#CHORD,海外,2223,OPNLEG,海外,0,,-
Sparkle Shower,クレッシェンド,0,,-,1207,#CHORD,海外,1885,#CHORD,海外,3324,MAD8KA,海外,0,,-
Sparkle Shower,サタデーナイト☆ギャロップ,0,,-,1294,KOMUGI,海外,1976,OPNLEG,海外,4099,MAD8KA,海外,0,,-
Sparkle Shower,タンポポ,0,,-,1244,METHY,海外,1915,#CHORD,海外,2666,KARUBI,海外,0,,-
Sparkle Shower,デラむぅのでらっくす☆どり～むぅ,0,,-,829,SC,海外,1334,SC,海外,1979,SC,海外,0,,-
Sparkle Shower,バブリン,274,#CHORD,海外,1167,SC,海外,1738,SC,海外,2430,MAD8KA,海外,0,,-
Sparkle Shower,ビビッド ☆+*。キラキライム,540,#CHORD,海外,1195,#CHORD,海外,2076,#CHORD,海外,3720,MAD8KA,海外,0,,-
Sparkle Shower,ベラ・ベ・カラベラ,0,,-,1051,SC,海外,1724,SC,海外,2749,SC,海外,0,,-
Sparkle Shower,ベンガル vs. アムール Battle,0,,-,1323,#CHORD,海外,2090,OPNLEG,海外,3666,MAD8KA,海外,0,,-
Sparkle Shower,メテオラ-meteor-,0,,-,1069,#CHORD,海外,1852,#CHORD,海外,2452,MAD8KA,海外,0,,-
Sparkle Shower,メルト CPK! Remix (初音ミク ver.),473,#CHORD,海外,876,#CHORD,海外,1662,#CHORD,海外,2848,MAD8KA,海外,0,,-
Sparkle Shower,ラブコメトキドキシリアス,0,,-,1254,#CHORD,海外,2042,#CHORD,海外,3630,MAD8KA,海外,0,,-
Sparkle Shower,レシピのリドル,0,,-,623,-KYO-,海外,1428,#CHORD,海外,2323,KARUBI,海外,0,,-
Sparkle Shower,三日天下モンキー,0,,-,736,#CHORD,海外,1277,METHY,海外,1767,AIMU,海外,0,,-
Sparkle Shower,不死身ごっこ,264,METHY,海外,953,#CHORD,海外,1483,#CHORD,海外,2533,KARUBI,海外,0,,-
Sparkle Shower,夏色のセレナーデ,0,,-,878,METHY,海外,1345,KOMUGI,海外,2240,NYANTA,海外,0,,-
Sparkle Shower,夢色ワンダー,530,#CHORD,海外,1513,METHY,海外,2134,#CHORD,海外,3200,KARUBI,海外,0,,-
Sparkle Shower,好吃来世deエレクトリック,0,,-,817,#CHORD,海外,1378,KOMUGI,海外,1905,SC,海外,0,,-
Sparkle Shower,恋愛観測,0,,-,695,#CHORD,海外,1444,#CHORD,海外,2473,MAD8KA,海外,0,,-
Sparkle Shower,断罪のミメシス,0,,-,1413,#CHORD,海外,2148,#CHORD,海外,3251,MAD8KA,海外,0,,-
Sparkle Shower,月下繚乱,0,,-,908,SC,海外,1780,SC,海外,2778,SC,海外,0,,-
Sparkle Shower,煉獄コンフィチュール,0,,-,1014,#CHORD,海外,1839,#CHORD,海外,2659,MAD8KA,海外,0,,-
Sparkle Shower,百恋ラブラスター,0,,-,743,SC,海外,1619,SC,海外,2628,SC,海外,0,,-
Sparkle Shower,色を喪った街,0,,-,1308,#CHORD,海外,2422,#CHORD,海外,3693,AIMU,海外,0,,-
Sparkle Shower,華麗なる！音戯探偵ひなビタ,0,,-,689,METHY,海外,1301,#CHORD,海外,2282,KARUBI,海外,0,,-
Sparkle Shower,鏡像都市,0,,-,835,#CHORD,海外,1395,KOMUGI,海外,1961,MAD8KA,海外,0,,-
Sparkle Shower,閃と雷管とロープ,0,,-,912,SC,海外,1425,SC,海外,2566,SC,海外,0,,-
