バージョン,タイトル,BEGINNER EXスコア,BEGINNER DJName,BEGINNER 都道府県,NORMAL EXスコア,NORMAL DJName,NORMAL 都道府県,HYPER EXスコア,HYPER DJName,HYPER 都道府県,ANOTHER EXスコア,ANOTHER DJName,ANOTHER 都道府県,LEGGENDARIA EXスコア,LEGGENDARIA DJName,LEGGENDARIA 都道府県
1st&substream,THE EARTH LIGHT,0,,-,768,MARIMO,宮城県,1045,EBI,宮城県,1156,CORI-,宮城県,0,,-
1st&substream,RUGGED ASH,0,,-,369,MARIMO,宮城県,400,MAHI6N,宮城県,1098,CORI-,宮城県,2056,CORI-,宮城県
1st&substream,R3,0,,-,655,MARIMO,宮城県,730,YULI,宮城県,901,YULI,宮城県,0,,-
1st&substream,PARANOIA MAX～DIRTY MIX～,0,,-,550,YULI,宮城県,741,PUCCHO,宮城県,1113,CORI-,宮城県,0,,-
1st&substream,Macho Gang,0,,-,378,UDON-G,宮城県,1065,YULI,宮城県,1653,CORI-,宮城県,0,,-
1st&substream,KEEP ON MOVIN',0,,-,196,MARIMO,宮城県,244,YULI,宮城県,0,,-,0,,-
1st&substream,GRADIUSIC CYBER,0,,-,861,INKYO.,宮城県,1001,YULI,宮城県,1184,KIMARI,宮城県,0,,-
1st&substream,gentle stress,0,,-,344,LIERRE,宮城県,670,MARIMO,宮城県,1444,JN.1CC,宮城県,0,,-
1st&substream,GENOM SCREAMS,0,,-,415,YULI,宮城県,805,YUTAST,宮城県,1066,CORI-,宮城県,0,,-
1st&substream,GAMBOL,0,,-,273,LIERRE,宮城県,274,HIRO&C,宮城県,0,,-,0,,-
1st&substream,Dr.LOVE,0,,-,406,MARIMO,宮城県,521,222222,宮城県,574,LIERRE,宮城県,0,,-
1st&substream,deep in you,0,,-,483,MARIMO,宮城県,502,NOMI,宮城県,662,YULI,宮城県,0,,-
1st&substream,5.1.1.,0,,-,198,MARIMO,宮城県,1014,VIGGEN,宮城県,1570,CORI-,宮城県,0,,-
1st&substream,22DUNK,0,,-,514,MARIMO,宮城県,637,YULI,宮城県,652,KEEL,宮城県,0,,-
2nd style,SP-TRIP MACHINE(for beatmania II),0,,-,505,MARIMO,宮城県,612,INKYO.,宮城県,648,SKMMYP,宮城県,0,,-
2nd style,PUT YOUR FAITH IN ME(for beatmania II),0,,-,561,INKYO.,宮城県,858,YULI,宮城県,0,,-,0,,-
2nd style,Indigo Vision(full flavour hide around mix),0,,-,872,INKYO.,宮城県,1091,INKYO.,宮城県,1234,CORI-,宮城県,0,,-
2nd style,I Was The One,0,,-,527,KAZANE,宮城県,642,MARIMO,宮城県,690,CORI-,宮城県,0,,-
2nd style,Electro Tuned(the SubS mix),0,,-,757,JEFF,宮城県,952,YULI,宮城県,1070,YULI,宮城県,0,,-
2nd style,Digital MinD(A/T Libra mix),0,,-,717,MARIMO,宮城県,1065,YULI,宮城県,1117,VA,宮城県,0,,-
2nd style,.59,0,,-,701,MARIMO,宮城県,1011,KRSRIN,宮城県,1151,YULI,宮城県,0,,-
3rd style,THE SAFARI,366,MARIMO,宮城県,1201,EBI,宮城県,1772,CORI-,宮城県,0,,-,0,,-
3rd style,Tangerine Stream,0,,-,282,MARIMO,宮城県,395,LIERRE,宮城県,0,,-,0,,-
3rd style,Skyscraper,0,,-,732,INKYO.,宮城県,1197,YULI,宮城県,1237,DARK-I,宮城県,0,,-
3rd style,Schlagwerk,0,,-,812,INKYO.,宮城県,1292,YULI,宮城県,1670,KEEL,宮城県,0,,-
3rd style,REINCARNATION,0,,-,823,MARIMO,宮城県,1036,YULI,宮城県,1273,KEEL,宮城県,0,,-
3rd style,R5,0,,-,771,MARIMO,宮城県,1157,YULI,宮城県,1775,CORI-,宮城県,0,,-
3rd style,Presto,0,,-,527,MARIMO,宮城県,975,AT-NAO,宮城県,1013,CORI-,宮城県,0,,-
3rd style,LEADING CYBER,0,,-,845,INKYO.,宮城県,1187,OBUTSU,宮城県,1255,KIMARI,宮城県,0,,-
3rd style,Holic,0,,-,771,INKYO.,宮城県,1200,DLSITE,宮城県,1745,CORI-,宮城県,0,,-
3rd style,era (nostalmix),0,,-,849,INKYO.,宮城県,1102,YULI,宮城県,1557,CORI-,宮城県,0,,-
3rd style,Don't Stop!,0,,-,764,INKYO.,宮城県,852,YULI,宮城県,904,CORI-,宮城県,0,,-
3rd style,CAN'T STOP FALLIN'IN LOVE,0,,-,612,MARIMO,宮城県,1253,NCG.SF,宮城県,0,,-,0,,-
4th style,Voltage (feat. Hidemaru),0,,-,928,KIMARI,宮城県,1249,YULI,宮城県,1339,CORI-,宮城県,0,,-
4th style,SWEET LAB,0,,-,539,INKYO.,宮城県,976,YULI,宮城県,1381,CORI-,宮城県,0,,-
4th style,starmine,448,MARIMO,宮城県,901,INKYO.,宮城県,1403,34437,宮城県,1590,KEEL,宮城県,0,,-
4th style,Mr.T.(take me higher),0,,-,838,LIERRE,宮城県,1013,LIERRE,宮城県,1767,CORI-,宮城県,0,,-
4th style,minimalian,0,,-,534,MARIMO,宮城県,1089,E-BODY,宮城県,1411,CORI-,宮城県,0,,-
4th style,LOVE WILL・・・,0,,-,551,INKYO.,宮城県,755,YULI,宮城県,1460,YULI,宮城県,0,,-
4th style,KAMIKAZE,0,,-,1015,INKYO.,宮城県,1453,YULI,宮城県,2305,KEEL,宮城県,0,,-
4th style,Jam&Marmalade,0,,-,764,MARIMO,宮城県,899,YULI,宮城県,1021,CORI-,宮城県,0,,-
4th style,Hitch Hiker2,0,,-,825,INKYO.,宮城県,1200,KIMARI,宮城県,1314,KIMARI,宮城県,1946,CORI-,宮城県
4th style,HIGHER,0,,-,527,LIERRE,宮城県,932,NCG.SF,宮城県,1278,1N319N,宮城県,0,,-
4th style,FLOWERS for ALBION,0,,-,242,YULI,宮城県,443,YULI,宮城県,0,,-,0,,-
4th style,era (step mix),0,,-,1103,INKYO.,宮城県,1404,YULI,宮城県,1728,CORI-,宮城県,0,,-
4th style,empathy,0,,-,826,INKYO.,宮城県,1361,KIMARI,宮城県,1479,CORI-,宮城県,0,,-
4th style,DXY!,0,,-,1260,INKYO.,宮城県,1872,E-BODY,宮城県,2285,CORI-,宮城県,0,,-
4th style,Clione,0,,-,522,YULI,宮城県,952,YULI,宮城県,1617,CORI-,宮城県,2166,KEEL,宮城県
4th style,CHECKING YOU OUT,0,,-,623,MARIMO,宮城県,911,KEEL,宮城県,1392,CORI-,宮城県,0,,-
4th style,Burnin' The Floor,0,,-,584,YULI,宮城県,948,YULI,宮城県,1440,KEEL,宮城県,0,,-
4th style,Broken My Heart,0,,-,923,INKYO.,宮城県,1488,DLSITE,宮城県,1813,KEEL,宮城県,0,,-
4th style,B4U,0,,-,1047,INKYO.,宮城県,1536,E-BODY,宮城県,2018,CORI-,宮城県,0,,-
4th style,ABSOLUTE,0,,-,1302,INKYO.,宮城県,1784,YULI,宮城県,2416,CORI-,宮城県,2790,CORI-,宮城県
4th style,250bpm,0,,-,665,INKYO.,宮城県,993,E-BODY,宮城県,1439,CORI-,宮城県,0,,-
5th style,V,346,MARIMO,宮城県,1284,KEEL,宮城県,2484,YULI,宮城県,3008,KEEL,宮城県,0,,-
5th style,THE SHINING POLARIS,0,,-,943,INKYO.,宮城県,1270,34437,宮城県,1587,CORI-,宮城県,0,,-
5th style,THE CUBE,0,,-,742,LIERRE,宮城県,1269,DO3PIN,宮城県,1350,KICHI,宮城県,0,,-
5th style,sync,0,,-,1076,INKYO.,宮城県,1868,FISH,宮城県,2397,CORI-,宮城県,0,,-
5th style,still my words,0,,-,904,MARIMO,宮城県,1227,KEEL,宮城県,0,,-,0,,-
5th style,STILL IN MY HEART,0,,-,1001,KIMARI,宮城県,1324,OBUTSU,宮城県,1934,CORI-,宮城県,0,,-
5th style,Spin the disc,0,,-,796,INKYO.,宮城県,1290,E-BODY,宮城県,1342,CORI-,宮城県,0,,-
5th style,sometime,0,,-,776,YULI,宮城県,1065,YULI,宮城県,1321,YULI,宮城県,0,,-
5th style,RISLIM,0,,-,890,INKYO.,宮城県,1239,CORI-,宮城県,0,,-,0,,-
5th style,RIDE ON THE LIGHT (HI GREAT MIX),0,,-,898,MARIMO,宮城県,1057,LIERRE,宮城県,1718,CORI-,宮城県,1845,CORI-,宮城県
5th style,Regulus,0,,-,1024,MARIMO,宮城県,1492,E-BODY,宮城県,1723,KEEL,宮城県,0,,-
5th style,Real,0,,-,1091,MARIMO,宮城県,1626,LIERRE,宮城県,1827,KEEL,宮城県,0,,-
5th style,Radical Faith,0,,-,1137,INKYO.,宮城県,1493,LIERRE,宮城県,1297,E-BODY,宮城県,0,,-
5th style,QQQ,0,,-,1214,INKYO.,宮城県,1904,YULI,宮城県,2168,CORI-,宮城県,0,,-
5th style,outer wall,0,,-,911,MARIMO,宮城県,1332,YULI,宮城県,1766,KEEL,宮城県,0,,-
5th style,LOVE AGAIN TONIGHT～for Mellisa mix～,0,,-,755,MARIMO,宮城県,970,INKYO.,宮城県,1117,YULI,宮城県,0,,-
5th style,in my eyes,0,,-,960,INKYO.,宮城県,1453,YULI,宮城県,1582,YULI,宮城県,0,,-
5th style,Abyss,0,,-,1259,KIMARI,宮城県,1617,EBI,宮城県,1880,CORI-,宮城県,0,,-
6th style,電人イェーガーのテーマ(Theme of DENJIN J),0,,-,1076,INKYO.,宮城県,1580,KEEL,宮城県,0,,-,0,,-
6th style,こっちを向いてよ,0,,-,835,INKYO.,宮城県,1282,YULI,宮城県,1377,MORBOL,宮城県,0,,-
6th style,VJ ARMY,0,,-,1250,INKYO.,宮城県,1706,E-BODY,宮城県,2270,CORI-,宮城県,0,,-
6th style,Take It Easy,0,,-,1438,MARIMO,宮城県,2316,LIERRE,宮城県,2522,KEEL,宮城県,0,,-
6th style,Summer Vacation(CU mix),0,,-,1229,INKYO.,宮城県,1870,CORI-,宮城県,0,,-,0,,-
6th style,SOMETHING WONDERFUL,0,,-,924,YULI,宮城県,1359,YULI,宮城県,1984,KEEL,宮城県,0,,-
6th style,route 80s,0,,-,892,KIMARI,宮城県,1215,YULI,宮城県,1527,CORI-,宮城県,0,,-
6th style,rottel-da-sun,0,,-,807,MARIMO,宮城県,1366,YULI,宮城県,1869,CORI-,宮城県,0,,-
6th style,NEMESIS,0,,-,997,INKYO.,宮城県,1613,EBI,宮城県,1906,CORI-,宮城県,0,,-
6th style,Linus,0,,-,953,INKYO.,宮城県,1507,KAMIEL,宮城県,2203,CORI-,宮城県,0,,-
6th style,G2,0,,-,1409,POCKET,宮城県,1808,DLSITE,宮城県,2344,CORI-,宮城県,0,,-
6th style,Frozen Ray (original mix),0,,-,1286,INKYO.,宮城県,1742,TENKUN,宮城県,1801,CORI-,宮城県,0,,-
6th style,Free Style,0,,-,907,INKYO.,宮城県,1117,YULI,宮城県,1315,CORI-,宮城県,0,,-
6th style,fly through the night,0,,-,874,MARIMO,宮城県,1334,DLSITE,宮城県,1721,CORI-,宮城県,0,,-
6th style,DIVE ～INTO YOUR HEART～,0,,-,1278,INKYO.,宮城県,1841,YULI,宮城県,2109,KEEL,宮城県,0,,-
6th style,Colors (radio edit),0,,-,1430,INKYO.,宮城県,1935,E-BODY,宮城県,2456,MORBOL,宮城県,0,,-
6th style,Buffalo,0,,-,952,MARIMO,宮城県,1466,YULI,宮城県,1847,CORI-,宮城県,2544,CORI-,宮城県
6th style,Blueberry Stream,0,,-,810,KAIN,宮城県,1481,YULI,宮城県,1670,CORI-,宮城県,0,,-
6th style,BALLAD FOR YOU～想いの雨～,0,,-,586,MARIMO,宮城県,757,HANDA8,宮城県,1071,YULI,宮城県,0,,-
6th style,"19,November",0,,-,1083,INKYO.,宮城県,1438,YULI,宮城県,1811,CORI-,宮城県,0,,-
7th style,革命,0,,-,726,MARIMO,宮城県,1924,EBI,宮城県,2354,CORI-,宮城県,0,,-
7th style,ZERO-ONE,0,,-,1096,YULI,宮城県,1700,E-BODY,宮城県,2247,CORI-,宮城県,2836,NJC.NA,宮城県
7th style,traces,0,,-,1474,INKYO.,宮城県,1908,YULI,宮城県,2149,CORI-,宮城県,0,,-
7th style,Tomorrow Perfume,0,,-,1295,LIERRE,宮城県,1877,HANDA8,宮城県,2150,CORI-,宮城県,0,,-
7th style,stoic,0,,-,1609,TINK0,宮城県,2367,1N319N,宮城県,2584,CORI-,宮城県,0,,-
7th style,Spica,0,,-,649,LIERRE,宮城県,1476,E-BODY,宮城県,2255,MORBOL,宮城県,0,,-
7th style,Love Me Do,0,,-,1106,INKYO.,宮城県,1684,NEOVA,宮城県,2112,YULI,宮城県,0,,-
7th style,Let the Snow Paint Me,0,,-,841,INKYO.,宮城県,1060,YULI,宮城県,1241,KIMARI,宮城県,0,,-
7th style,Last Message,0,,-,1016,YULI,宮城県,1344,YULI,宮城県,1634,CORI-,宮城県,0,,-
7th style,Happy Wedding,0,,-,1220,LIERRE,宮城県,1666,YULI,宮城県,1843,CORI-,宮城県,0,,-
7th style,Glorious Days,0,,-,506,MARIMO,宮城県,807,YULI,宮城県,911,KIMARI,宮城県,0,,-
7th style,foreplay,0,,-,701,LIERRE,宮城県,1230,YULI,宮城県,1343,KEEL,宮城県,0,,-
7th style,DESTINY,0,,-,1056,INKYO.,宮城県,1368,YULI,宮城県,1837,YULI,宮城県,0,,-
7th style,D2R,0,,-,932,INKYO.,宮城県,1298,EBI,宮城県,1634,YULI,宮城県,0,,-
7th style,Cheer Train,0,,-,905,INKYO.,宮城県,1209,YULI,宮城県,1743,CORI-,宮城県,0,,-
7th style,Burning Heat! (Full Option Mix),0,,-,687,MARIMO,宮城県,968,1N319N,宮城県,1482,YULI,宮城県,0,,-
7th style,Bad Routine,0,,-,1024,INKYO.,宮城県,1380,LIERRE,宮城県,1924,CORI-,宮城県,0,,-
7th style,AVE DE RAPINA,0,,-,1299,INKYO.,宮城県,1695,YULI,宮城県,1838,CORI-,宮城県,0,,-
7th style,A,0,,-,1263,INKYO.,宮城県,2137,INUE,宮城県,2474,KEEL,宮城県,0,,-
8th style,蒼い衝動,0,,-,920,INKYO.,宮城県,1361,YULI,宮城県,1597,KEEL,宮城県,0,,-
8th style,桜,0,,-,971,INKYO.,宮城県,1552,YULI,宮城県,2208,CORI-,宮城県,0,,-
8th style,xenon,0,,-,1122,LIERRE,宮城県,1672,YUFFIE,宮城県,2735,KEEL,宮城県,0,,-
8th style,World Wide Love,0,,-,696,MARIMO,宮城県,1042,YULI,宮城県,1117,NEMOUS,宮城県,0,,-
8th style,WAR GAME,0,,-,948,INKYO.,宮城県,1552,YULI,宮城県,2153,CORI-,宮城県,0,,-
8th style,thunder,0,,-,1173,INKYO.,宮城県,1587,YULI,宮城県,1901,CORI-,宮城県,0,,-
8th style,symbolic,0,,-,1401,INKYO.,宮城県,1791,EZPZ,宮城県,2264,CORI-,宮城県,0,,-
8th style,STAR DREAM,0,,-,771,LEGACY,宮城県,1300,HANDA8,宮城県,1423,KIMARI,宮城県,0,,-
8th style,rainbow flyer,0,,-,828,INKYO.,宮城県,1678,1N319N,宮城県,2122,KEEL,宮城県,0,,-
8th style,PLEASE DON'T GO,0,,-,966,SKMMYP,宮城県,1365,777,宮城県,2468,CORI-,宮城県,0,,-
8th style,MUSIC TO YOUR HEAD,0,,-,805,MARIMO,宮城県,1471,YULI,宮城県,1683,KEEL,宮城県,0,,-
8th style,murmur twins,0,,-,1121,MARIMO,宮城県,1655,HANDA8,宮城県,2393,KEEL,宮城県,0,,-
8th style,Monkey Dance,0,,-,814,LIERRE,宮城県,1359,YULI,宮城県,1988,CORI-,宮城県,0,,-
8th style,memories,0,,-,1079,INKYO.,宮城県,2030,E-BODY,宮城県,2265,KEEL,宮城県,0,,-
8th style,Luv 2 Feel Your Body,0,,-,840,LEGACY,宮城県,1059,YULI,宮城県,1660,CORI-,宮城県,0,,-
8th style,LOVE IS ORANGE,0,,-,792,INKYO.,宮城県,1033,YULI,宮城県,1795,CORI-,宮城県,2111,CORI-,宮城県
8th style,LAB,0,,-,1055,INKYO.,宮城県,1972,INUE,宮城県,2135,CORI-,宮城県,0,,-
8th style,HYPER BOUNDARY GATE,0,,-,1267,INKYO.,宮城県,1918,KIMARI,宮城県,2205,CORI-,宮城県,0,,-
8th style,Halfway of promise,0,,-,944,INKYO.,宮城県,1511,KIMARI,宮城県,1862,CORI-,宮城県,0,,-
8th style,Giudecca,0,,-,873,Z.K.N.,宮城県,1915,CAIT.C,宮城県,2701,CORI-,宮城県,0,,-
8th style,dual control,0,,-,778,LIERRE,宮城県,1412,YULI,宮城県,1889,JN*1CC,宮城県,0,,-
8th style,Colors -Y&Co. Eurobeat Remix-,0,,-,1151,INKYO.,宮城県,1987,INUE,宮城県,2184,KEEL,宮城県,0,,-
8th style,CELEBRATE NITE,0,,-,902,INKYO.,宮城県,1161,YULI,宮城県,1420,YULI,宮城県,0,,-
8th style,Blame,0,,-,1179,INKYO.,宮城県,1573,YULI,宮城県,1949,CORI-,宮城県,0,,-
8th style,bit mania,0,,-,909,MARIMO,宮城県,1278,YULI,宮城県,1866,YULI,宮城県,0,,-
8th style,Attitude,0,,-,1027,MARIMO,宮城県,1404,YULI,宮城県,1749,CORI-,宮城県,0,,-
8th style,ALL RIGHT,0,,-,877,INKYO.,宮城県,1289,E-BODY,宮城県,1622,CORI-,宮城県,0,,-
8th style,airflow,0,,-,562,MARIMO,宮城県,789,YULI,宮城県,1436,CORI-,宮城県,0,,-
8th style,abstract,0,,-,1228,INKYO.,宮城県,1647,CORI-,宮城県,1900,KEEL,宮城県,0,,-
9th style,真夏の花・真夏の夢,0,,-,787,KUREA,宮城県,1174,YULI,宮城県,1480,YULI,宮城県,0,,-
9th style,ライオン好き,0,,-,655,YULI,宮城県,1195,YULI,宮城県,1505,KIMARI,宮城県,0,,-
9th style,SWEETEST SAVAGE,0,,-,637,INKYO.,宮城県,1391,YULI,宮城県,1851,CORI-,宮城県,0,,-
9th style,Sweet Sweet Magic,0,,-,1010,KEEL,宮城県,1527,KIMARI,宮城県,2049,KEEL,宮城県,0,,-
9th style,STAR FIELD,0,,-,690,INKYO.,宮城県,1567,HANDA8,宮城県,1888,CORI-,宮城県,0,,-
9th style,SNOW,0,,-,1041,INKYO.,宮城県,1369,YULI,宮城県,2049,CORI-,宮城県,0,,-
9th style,Silvia Drive,0,,-,822,INKYO.,宮城県,1545,YULI,宮城県,2065,MORBOL,宮城県,0,,-
9th style,rottel-the-Mercury,0,,-,988,INKYO.,宮城県,1877,E-BODY,宮城県,2270,CORI-,宮城県,0,,-
9th style,RISLIM -Remix-,0,,-,777,MARIMO,宮城県,999,YULI,宮城県,1889,CORI-,宮城県,0,,-
9th style,Really Love,0,,-,635,INKYO.,宮城県,960,EBI,宮城県,1773,CORI-,宮城県,0,,-
9th style,Quickening,0,,-,937,INKYO.,宮城県,1677,LIERRE,宮城県,2117,CORI-,宮城県,0,,-
9th style,quasar,0,,-,1154,YULI,宮城県,1767,KIMARI,宮城県,2318,CORI-,宮城県,0,,-
9th style,one or eight,0,,-,1279,MARUP0,宮城県,1880,E-BODY,宮城県,2304,CORI-,宮城県,0,,-
9th style,moon_child,0,,-,1055,LIERRE,宮城県,1976,VA,宮城県,2545,KEEL,宮城県,0,,-
9th style,MARIA (I believe... ),0,,-,743,INKYO.,宮城県,1591,YULI,宮城県,1959,KEEL,宮城県,0,,-
9th style,Make A Difference,0,,-,871,EBI,宮城県,1530,OBUTSU,宮城県,2254,KEEL,宮城県,0,,-
9th style,lower world,0,,-,1300,INKYO.,宮城県,1887,LIERRE,宮城県,2264,KEEL,宮城県,0,,-
9th style,LOVE SHINE,537,LIERRE,宮城県,856,MARIMO,宮城県,1832,YULI,宮城県,2083,KEEL,宮城県,0,,-
9th style,lights,0,,-,688,KAIN,宮城県,1455,YULI,宮城県,1808,CORI-,宮城県,0,,-
9th style,Let The Snow Paint Me -Y&Co. Remix-,0,,-,835,M*RINE,宮城県,1210,MENU,宮城県,1806,KIMARI,宮城県,0,,-
9th style,Karma,0,,-,1302,LIERRE,宮城県,1645,CHESED,宮城県,1824,CORI-,宮城県,0,,-
9th style,I Was The One (80's EUROBEAT STYLE),0,,-,789,INKYO.,宮城県,1317,MARIMO,宮城県,1448,YULI,宮城県,0,,-
9th style,HYPER EUROBEAT (2DX style),0,,-,1079,INKYO.,宮城県,1663,KIMARI,宮城県,1962,KEEL,宮城県,0,,-
9th style,Golden Horn,0,,-,703,LIERRE,宮城県,1228,KIMARI,宮城県,1511,KEEL,宮城県,0,,-
9th style,e-motion 2003  -romantic extra-,0,,-,1325,KIMARI,宮城県,1622,E-BODY,宮城県,1988,KEEL,宮城県,0,,-
9th style,Distress,0,,-,1283,ALT,宮城県,1849,KEEL,宮城県,0,,-,0,,-
9th style,Cradle,0,,-,908,INKYO.,宮城県,1448,HANDA8,宮城県,1597,KEEL,宮城県,0,,-
9th style,BRIGHTNESS DARKNESS,0,,-,721,YULI,宮城県,1466,YULI,宮城県,1771,CORI-,宮城県,0,,-
9th style,bag,0,,-,892,INKYO.,宮城県,1214,YULI,宮城県,1917,MORBOL,宮城県,0,,-
9th style,BAD BOY BASS!! (dj Remo-con MIX),0,,-,931,INKYO.,宮城県,1395,5633,宮城県,1806,CORI-,宮城県,0,,-
9th style,ATOMIC AGE,0,,-,360,MARIMO,宮城県,670,YULI,宮城県,1334,CORI-,宮城県,0,,-
9th style,ACT,0,,-,1050,INKYO.,宮城県,1656,POTATO,宮城県,1854,KEEL,宮城県,0,,-
9th style,Abyss -The Heavens Remix-,572,LIERRE,宮城県,1524,YULI,宮城県,1826,YULI,宮城県,2369,CORI-,宮城県,0,,-
10th style,雪月花,0,,-,1203,KAIN,宮城県,1891,YULI,宮城県,2523,KEEL,宮城県,0,,-
10th style,システムロマンス,0,,-,914,YULI,宮城県,1781,KIMARI,宮城県,2038,YULI,宮城県,0,,-
10th style,SPACE FIGHT,0,,-,645,INKYO.,宮城県,1506,E-BODY,宮城県,2257,CORI-,宮城県,0,,-
10th style,SHOOTING STAR,0,,-,1233,FISH,宮城県,1672,KIMARI,宮城県,2274,KEEL,宮城県,0,,-
10th style,Rise'n Beauty,0,,-,1239,INKYO.,宮城県,1647,E-BODY,宮城県,2164,KEEL,宮城県,0,,-
10th style,rainbow rainbow,0,,-,1568,INKYO.,宮城県,2187,LIERRE,宮城県,2715,KEEL,宮城県,0,,-
10th style,pandora,0,,-,868,INKYO.,宮城県,1654,KWAL,宮城県,1844,KEEL,宮城県,0,,-
10th style,One More Lovely,0,,-,864,INKYO.,宮城県,1627,KICHI,宮城県,2841,KEEL,宮城県,0,,-
10th style,No.13,0,,-,1612,MARIMO,宮城県,2532,MAKINA,宮城県,3185,CORI-,宮城県,0,,-
10th style,Narcissus At Oasis,0,,-,779,MARIMO,宮城県,1572,YULI,宮城県,1662,KEEL,宮城県,0,,-
10th style,Lucy,0,,-,961,MARIMO,宮城県,1749,DLSITE,宮城県,2319,KEEL,宮城県,0,,-
10th style,Love Is Eternity,0,,-,1190,INKYO.,宮城県,2001,YULI,宮城県,2405,MORBOL,宮城県,0,,-
10th style,Innocent Walls,0,,-,1601,EBI,宮城県,2461,YULI,宮城県,2860,CORI-,宮城県,0,,-
10th style,HIGH,0,,-,925,INKYO.,宮城県,1925,E-BODY,宮城県,2167,KEEL,宮城県,2853,YULI,宮城県
10th style,GRADIUS -FULL SPEED-,0,,-,758,KIMARI,宮城県,1249,?INKYG,宮城県,2123,CORI-,宮城県,0,,-
10th style,GHOST REVIVAL,0,,-,916,INKYO.,宮城県,2016,E-BODY,宮城県,2596,CORI-,宮城県,0,,-
10th style,Freezing atmosphere,0,,-,788,MARIMO,宮城県,1093,34437,宮城県,1513,KEEL,宮城県,0,,-
10th style,FEEL IT,0,,-,943,LIERRE,宮城県,1736,JN*1CC,宮城県,2002,CORI-,宮城県,0,,-
10th style,Feedback,0,,-,1037,INKYO.,宮城県,1607,EBI,宮城県,1983,CORI-,宮城県,0,,-
10th style,EXE,0,,-,865,1N319N,宮城県,1612,NOMI,宮城県,2248,KEEL,宮城県,0,,-
10th style,DoLL,350,MARIMO,宮城県,950,YULI,宮城県,1243,KIMARI,宮城県,1618,YULI,宮城県,0,,-
10th style,desolation,0,,-,486,MARIMO,宮城県,655,LIERRE,宮城県,765,KEEL,宮城県,0,,-
10th style,Debtty Daddy,0,,-,1035,INKYO.,宮城県,1960,HANDA8,宮城県,2727,CORI-,宮城県,0,,-
10th style,Daisuke,472,MARIMO,宮城県,1214,EBI,宮城県,1661,NOMI,宮城県,2401,CORI-,宮城県,0,,-
10th style,CARRY ON NIGHT (English version),0,,-,993,INKYO.,宮城県,1351,OBUTSU,宮城県,2062,CORI-,宮城県,0,,-
10th style,Boundary,0,,-,860,INKYO.,宮城県,1823,FANZA*,宮城県,2052,CORI-,宮城県,0,,-
10th style,Back Into The Light,0,,-,1148,INKYO.,宮城県,1641,DLSITE,宮城県,2166,CORI-,宮城県,0,,-
10th style,BABY LOVE,0,,-,1173,INKYO.,宮城県,1675,LIERRE,宮城県,2162,CORI-,宮城県,0,,-
10th style,ASTRAL VOYAGE,0,,-,999,KAIN,宮城県,1393,SKMMYP,宮城県,1914,KEEL,宮城県,0,,-
10th style,ALIEN TEMPLE,0,,-,983,INKYO.,宮城県,1630,DLSITE,宮城県,2029,CORI-,宮城県,0,,-
10th style,1st Samurai,0,,-,1054,INKYO.,宮城県,1942,DO3PIN,宮城県,2714,CORI-,宮城県,0,,-
IIDX RED,ＵＬＴｉＭΛＴＥ,0,,-,942,MARIMO,宮城県,1467,DENJI,宮城県,2002,KEEL,宮城県,0,,-
IIDX RED,太陽～T・A・I・Y・O～,0,,-,826,1N319N,宮城県,1383,AYAKAS,宮城県,1744,KEEL,宮城県,0,,-
IIDX RED,大桟橋,0,,-,487,MARIMO,宮城県,1132,EBI,宮城県,1865,CORI-,宮城県,0,,-
IIDX RED,ピアノ協奏曲第１番”蠍火”,0,,-,823,1N319N,宮城県,2140,NCG.SF,宮城県,2697,CORI-,宮城県,0,,-
IIDX RED,Wonder Bullfighter,0,,-,941,INKYO.,宮城県,1453,YULI,宮城県,2092,CORI-,宮城県,0,,-
IIDX RED,The Hope of Tomorrow,0,,-,1053,1N319N,宮城県,1699,1N319N,宮城県,1969,KEEL,宮城県,0,,-
IIDX RED,spiral galaxy,0,,-,1070,INKYO.,宮城県,2069,DO3PIN,宮城県,2590,KEEL,宮城県,3758,YUFFIE,宮城県
IIDX RED,Sphere,0,,-,1068,INKYO.,宮城県,1921,E-BODY,宮城県,2211,CORI-,宮城県,0,,-
IIDX RED,SPEEDY CAT,0,,-,1116,MARIMO,宮城県,1688,KIMARI,宮城県,2039,JN*1CC,宮城県,0,,-
IIDX RED,Secret of Love,0,,-,1086,LIERRE,宮城県,1449,LIERRE,宮城県,2029,CORI-,宮城県,0,,-
IIDX RED,RESONATE 1794,0,,-,922,MARIMO,宮城県,1437,E-BODY,宮城県,1894,CORI-,宮城県,0,,-
IIDX RED,RED ZONE,178,MARIMO,宮城県,1104,INKYO.,宮城県,1862,HANDA8,宮城県,2361,CORI-,宮城県,3115,CORI-,宮城県
IIDX RED,Raspberry Heart(English version),0,,-,1033,MARIMO,宮城県,1572,ALC.20,宮城県,1854,KEEL,宮城県,0,,-
IIDX RED,NEBULA GRASPER,0,,-,1348,INKYO.,宮城県,1982,EBI,宮城県,2469,CORI-,宮城県,0,,-
IIDX RED,KEY,0,,-,1118,MARIMO,宮城県,1868,YULI,宮城県,2854,KEEL,宮城県,0,,-
IIDX RED,HORIZON,0,,-,1076,INKYO.,宮城県,1549,DLSITE,宮城県,1974,JN*1CC,宮城県,0,,-
IIDX RED,gigadelic,706,EBI,宮城県,1443,HANDA8,宮城県,2189,MORBOL,宮城県,2558,CORI-,宮城県,0,,-
IIDX RED,GENOCIDE,0,,-,1140,KIMARI,宮城県,2046,IIDX28,宮城県,2410,KEEL,宮城県,0,,-
IIDX RED,Fly Away To India,0,,-,665,INKYO.,宮城県,1111,YULI,宮城県,1413,YULI,宮城県,0,,-
IIDX RED,FAKE TIME,0,,-,1009,MARIMO,宮城県,1757,VA,宮城県,2392,KEEL,宮城県,0,,-
IIDX RED,earth scape,0,,-,445,4-ON-3,宮城県,1038,YULI,宮城県,1282,CORI-,宮城県,0,,-
IIDX RED,Don't be afraid myself,0,,-,1106,INKYO.,宮城県,1864,YUFFIE,宮城県,2300,CORI-,宮城県,0,,-
IIDX RED,D.A.N.C.E.!,0,,-,589,YULI,宮城県,817,MARIMO,宮城県,1638,CORI-,宮城県,0,,-
IIDX RED,Close my Eyes for Me,0,,-,1044,LIERRE,宮城県,1466,YULI,宮城県,1883,CORI-,宮城県,0,,-
IIDX RED,Click Again,0,,-,904,INKYO.,宮城県,1438,YULI,宮城県,2163,CORI-,宮城県,0,,-
IIDX RED,BREATH,0,,-,923,YULI,宮城県,1307,YULI,宮城県,1724,KEEL,宮城県,0,,-
IIDX RED,BLOCKS,0,,-,820,INKYO.,宮城県,1305,DLSITE,宮城県,1987,CORI-,宮城県,0,,-
IIDX RED,Be quiet,0,,-,1073,INKYO.,宮城県,1740,YULI,宮城県,2216,CORI-,宮城県,2869,CORI-,宮城県
IIDX RED,awakening,0,,-,1072,INKYO.,宮城県,1479,YULI,宮城県,1715,KEEL,宮城県,0,,-
IIDX RED,ANDROMEDA,0,,-,1013,INKYO.,宮城県,1844,ASA,宮城県,2877,CORI-,宮城県,0,,-
IIDX RED,AGEHA,605,HERO&C,宮城県,1044,CHIYA,宮城県,1731,NOMI,宮城県,1888,CORI-,宮城県,2452,CORI-,宮城県
IIDX RED,AA,0,,-,1246,INKYO.,宮城県,2688,SOBA,宮城県,3642,CORI-,宮城県,0,,-
HAPPY SKY,月光,0,,-,881,INKYO.,宮城県,1749,DO3PIN,宮城県,2475,CORI-,宮城県,0,,-
HAPPY SKY,合体せよ！ストロングイェーガー！！ (Ryu☆ remix),0,,-,1121,YULI,宮城県,1583,YULI,宮城県,1935,CORI-,宮城県,0,,-
HAPPY SKY,冥,597,YULI,宮城県,1067,LIERRE,宮城県,2057,LIERRE,宮城県,3846,CORI-,宮城県,0,,-
HAPPY SKY,ラクエン,0,,-,721,DARK-I,宮城県,953,YULI,宮城県,2037,CORI-,宮城県,0,,-
HAPPY SKY,ヒマワリ,0,,-,568,KIMARI,宮城県,1872,YULI,宮城県,2073,KEEL,宮城県,0,,-
HAPPY SKY,オレはビートマニア！お前は何マニア？,0,,-,790,INKYO.,宮城県,1450,E-BODY,宮城県,1737,CORI-,宮城県,0,,-
HAPPY SKY,Xepher,408,MARIMO,宮城県,1121,INKYO.,宮城県,2190,?INKYG,宮城県,3017,CORI-,宮城県,0,,-
HAPPY SKY,We are Disっ娘よっつ打ち命,0,,-,662,MARIMO,宮城県,968,YULI,宮城県,1664,..76..,宮城県,0,,-
HAPPY SKY,Votum stellarum,0,,-,807,INKYO.,宮城県,1661,1N319N,宮城県,2000,KEEL,宮城県,0,,-
HAPPY SKY,vault of heaven,0,,-,785,INKYO.,宮城県,1417,HANDA8,宮城県,2006,KEEL,宮城県,0,,-
HAPPY SKY,Under the Sky,0,,-,906,MARIMO,宮城県,1412,NCG.SF,宮城県,1742,KEEL,宮城県,0,,-
HAPPY SKY,Twelfth Style,0,,-,1232,INKYO.,宮城県,1501,LIERRE,宮城県,2053,CORI-,宮城県,3285,KEEL,宮城県
HAPPY SKY,Tizona d'El Cid,0,,-,958,EBI,宮城県,1921,E-BODY,宮城県,2339,CORI-,宮城県,0,,-
HAPPY SKY,SigSig,674,INKYO.,宮城県,1073,INKYO.,宮城県,1674,YULI,宮城県,2601,KEEL,宮城県,0,,-
HAPPY SKY,Scripted Connection⇒ N mix,0,,-,1296,INKYO.,宮城県,1675,YULI,宮城県,2118,KEEL,宮城県,2388,YUFFIE,宮城県
HAPPY SKY,Scripted Connection⇒ H mix,0,,-,1607,FIAMET,宮城県,1992,E-BODY,宮城県,2509,KEEL,宮城県,2817,KRSRIN,宮城県
HAPPY SKY,Scripted Connection⇒ A mix,0,,-,1602,FISH,宮城県,2223,DO3PIN,宮城県,3114,CORI-,宮城県,3431,CORI-,宮城県
HAPPY SKY,SCREAM SQUAD,0,,-,1179,1N319N,宮城県,1625,TENKUN,宮城県,2099,CORI-,宮城県,0,,-
HAPPY SKY,rage against usual,0,,-,1320,111111,宮城県,2036,4419ZO,宮城県,3003,KEEL,宮城県,0,,-
HAPPY SKY,POODLE,0,,-,964,INKYO.,宮城県,1899,YULI,宮城県,2310,CORI-,宮城県,3393,CORI-,宮城県
HAPPY SKY,Pollinosis,0,,-,785,INKYO.,宮城県,1156,JN.1CC,宮城県,2522,KEEL,宮城県,0,,-
HAPPY SKY,PLASMA,0,,-,948,LIERRE,宮城県,1671,NOMI,宮城県,2276,JN*1CC,宮城県,0,,-
HAPPY SKY,Pink Rose,0,,-,577,MARIMO,宮城県,967,YULI,宮城県,1415,YULI,宮城県,1995,YULI,宮城県
HAPPY SKY,MOON RACE,0,,-,833,INKYO.,宮城県,1181,YULI,宮城県,1904,CORI-,宮城県,0,,-
HAPPY SKY,Love Magic,0,,-,1014,LIERRE,宮城県,1733,EBI,宮城県,1955,ALC.20,宮城県,0,,-
HAPPY SKY,Little Little Princess,0,,-,1080,INKYO.,宮城県,2149,E-BODY,宮城県,2798,KEEL,宮城県,3766,KEEL,宮城県
HAPPY SKY,LESSON 5,0,,-,1265,INKYO.,宮城県,1850,KIMARI,宮城県,2491,KEEL,宮城県,0,,-
HAPPY SKY,INAZUMA,0,,-,1110,AT-NAO,宮城県,1798,1N319N,宮城県,2710,KEEL,宮城県,4051,CORI-,宮城県
HAPPY SKY,in motion,0,,-,846,INKYO.,宮城県,1073,YULI,宮城県,1310,YULI,宮城県,0,,-
HAPPY SKY,I am,0,,-,1059,4BURIN,宮城県,1715,E-BODY,宮城県,2172,CORI-,宮城県,0,,-
HAPPY SKY,HAPPY☆ANGEL,660,LIERRE,宮城県,1081,INKYO.,宮城県,1544,TENKUN,宮城県,2098,KEEL,宮城県,0,,-
HAPPY SKY,GREEN EYES,0,,-,990,LIERRE,宮城県,1597,HANDA8,宮城県,2220,KEEL,宮城県,0,,-
HAPPY SKY,Get'em up to R.A.V.E,0,,-,1194,YULI,宮城県,1760,YULI,宮城県,2292,KEEL,宮城県,0,,-
HAPPY SKY,garden,0,,-,869,LIERRE,宮城県,1502,YULI,宮城県,2180,KEEL,宮城県,3058,KUREA,宮城県
HAPPY SKY,First Resolution,0,,-,830,INKYO.,宮城県,1614,ALC.20,宮城県,2148,KEEL,宮城県,0,,-
HAPPY SKY,EMPTY OF THE SKY,0,,-,666,MARIMO,宮城県,1035,YULI,宮城県,1685,CORI-,宮城県,0,,-
HAPPY SKY,EDEN,0,,-,1302,SKMMYP,宮城県,1916,YULI,宮城県,2718,KEEL,宮城県,3240,HOGERE,宮城県
HAPPY SKY,double thrash,0,,-,993,INKYO.,宮城県,1993,MAKINA,宮城県,2370,KEEL,宮城県,0,,-
HAPPY SKY,Catch Me,0,,-,772,INKYO.,宮城県,1330,YULI,宮城県,1841,CORI-,宮城県,0,,-
HAPPY SKY,CaptivAte～浄化～,0,,-,1035,INKYO.,宮城県,1859,WICKED,宮城県,2471,KEEL,宮城県,3390,NJC.NA,宮城県
HAPPY SKY,Aurora,0,,-,1392,YULI,宮城県,2145,YULI,宮城県,2553,CORI-,宮城県,0,,-
HAPPY SKY,alla turca con passione,0,,-,797,INKYO.,宮城県,1611,DLSITE,宮城県,2193,CORI-,宮城県,0,,-
HAPPY SKY,Agnus Dei,0,,-,901,MARIMO,宮城県,1630,1N319N,宮城県,2094,CORI-,宮城県,0,,-
HAPPY SKY,100％ minimoo-G,0,,-,938,INKYO.,宮城県,1643,LIL.,宮城県,1774,CORI-,宮城県,0,,-
DistorteD,虹色,0,,-,964,YULI,宮城県,1544,E-BODY,宮城県,1863,CORI-,宮城県,0,,-
DistorteD,華蝶風雪,0,,-,1250,MARIMO,宮城県,2056,E-BODY,宮城県,2987,JN*1CC,宮城県,3936,IIDX29,宮城県
DistorteD,罠,0,,-,563,MARIMO,宮城県,1533,NOMI,宮城県,2460,YULI,宮城県,0,,-
DistorteD,嘆きの樹,0,,-,1762,TENKUN,宮城県,2520,KEEL,宮城県,3899,KEEL,宮城県,0,,-
DistorteD,タシカナモノ,0,,-,931,MARIMO,宮城県,1427,DENJI,宮城県,2038,KEEL,宮城県,0,,-
DistorteD,カゴノトリ～弐式～,0,,-,1140,INKYO.,宮城県,1838,TENKUN,宮城県,2621,KEEL,宮城県,0,,-
DistorteD,Zenius -I- vanisher,0,,-,983,YULI,宮城県,1570,YULI,宮城県,2405,CORI-,宮城県,0,,-
DistorteD,with you…,0,,-,767,INKYO.,宮城県,1152,YULI,宮城県,1779,YULI,宮城県,0,,-
DistorteD,WISH(EUROBEAT MIX),0,,-,1033,INKYO.,宮城県,1620,YULI,宮城県,1977,CORI-,宮城県,0,,-
DistorteD,Why did you go away,644,EBI,宮城県,1076,KAIN,宮城県,1784,KIMARI,宮城県,2314,KEEL,宮城県,0,,-
DistorteD,waxing and wanding,0,,-,1311,SKMMYP,宮城県,1973,SKMMYP,宮城県,2884,KEEL,宮城県,3967,KEEL,宮城県
DistorteD,TYPE MARS(G-Style Mix),0,,-,1104,MARIMO,宮城県,1840,E-BODY,宮城県,2423,KEEL,宮城県,0,,-
DistorteD,tripping contact(teranoid&MC Natsack Remix),0,,-,1219,INKYO.,宮城県,1950,DLSITE,宮城県,2477,CORI-,宮城県,0,,-
DistorteD,This is Love,0,,-,914,CHIYA,宮城県,1800,YULI,宮城県,2480,KEEL,宮城県,0,,-
DistorteD,The Dirty of Loudness,0,,-,1407,INKYO.,宮城県,2245,YULI,宮城県,2629,CORI-,宮城県,0,,-
DistorteD,Sun Field,0,,-,567,MARIMO,宮城県,1536,YULI,宮城県,2450,KEEL,宮城県,0,,-
DistorteD,So Fabulous !!,0,,-,1091,INKYO.,宮城県,1549,YULI,宮城県,2356,KEEL,宮城県,0,,-
DistorteD,Power of Love,0,,-,993,INKYO.,宮城県,1670,YULI,宮城県,2143,KEEL,宮城県,0,,-
DistorteD,MOON,0,,-,859,EBI,宮城県,2052,HANDA8,宮城県,2215,KEEL,宮城県,0,,-
DistorteD,MINT,0,,-,992,INKYO.,宮城県,1776,DO3PIN,宮城県,2300,CORI-,宮城県,0,,-
DistorteD,Melody Life,0,,-,709,ALT,宮城県,1336,KIMARI,宮城県,1842,KEEL,宮城県,0,,-
DistorteD,Leaving...,0,,-,745,CHIYA,宮城県,1396,YULI,宮城県,2210,MORBOL,宮城県,0,,-
DistorteD,INFERNO,0,,-,1147,MARIMO,宮城県,1619,EBI,宮城県,2008,CORI-,宮城県,0,,-
DistorteD,Heavenly Sun (IIDX VERSION),0,,-,824,INKYO.,宮城県,1579,LIL.,宮城県,2115,CORI-,宮城県,0,,-
DistorteD,Harmony and Lovely,0,,-,910,YULI,宮城県,1789,DLSITE,宮城県,2253,CORI-,宮城県,0,,-
DistorteD,Ganymede,0,,-,1123,YULI,宮城県,1740,CORI-,宮城県,2372,CORI-,宮城県,2592,KEEL,宮城県
DistorteD,EURO-ROMANCE,0,,-,976,YULI,宮城県,1839,YULI,宮城県,2102,NCG.SF,宮城県,0,,-
DistorteD,DUE TOMORROW,0,,-,881,INKYO.,宮城県,1408,2N10DO,宮城県,2059,CORI-,宮城県,0,,-
DistorteD,Double Loving Heart,0,,-,577,INKYO.,宮城県,1313,OBUTSU,宮城県,1813,JN*1CC,宮城県,0,,-
DistorteD,D.C.fish,0,,-,1007,INKYO.,宮城県,1934,777,宮城県,2340,KEEL,宮城県,0,,-
DistorteD,CONTRACT,0,,-,1237,HETDES,宮城県,1627,MAKINA,宮城県,2077,KEEL,宮城県,2796,CORI-,宮城県
DistorteD,Concertino in Blue,389,LIERRE,宮城県,837,ALT,宮城県,1688,EBI,宮城県,2537,CORI-,宮城県,0,,-
DistorteD,Broadbanded,0,,-,898,INKYO.,宮城県,1418,UDON-G,宮城県,2029,CORI-,宮城県,0,,-
DistorteD,BOOM BOOM DISCO NIGHT,0,,-,970,Z.K.N.,宮城県,1816,YULI,宮城県,2296,CORI-,宮城県,0,,-
DistorteD,Bloody Tears(IIDX EDITION),0,,-,1125,INKYO.,宮城県,1987,YULI,宮城県,2173,UDON-G,宮城県,0,,-
DistorteD,BALLAD THE FEATHERS,0,,-,724,INKYO.,宮城県,1083,OBUTSU,宮城県,1519,CORI-,宮城県,0,,-
DistorteD,Apocalypse ～dirge of swans～,242,MARIMO,宮城県,999,FANZA*,宮城県,1726,LIERRE,宮城県,2407,CORI-,宮城県,0,,-
DistorteD,ALFARSHEAR 双神威に廻る夢,444,MARIMO,宮城県,1090,KIMARI,宮城県,1665,YULI,宮城県,2088,CORI-,宮城県,0,,-
GOLD,電人、暁に斃れる。,663,HERO&C,宮城県,1482,7UU,宮城県,2428,YUFFIE,宮城県,3405,CORI-,宮城県,0,,-
GOLD,零 - ZERO -,220,MARIMO,宮城県,1163,MARIMO,宮城県,1767,CHESED,宮城県,2311,KEEL,宮城県,0,,-
GOLD,花吹雪 ～ IIDX LIMITED ～,0,,-,723,MARIMO,宮城県,1107,UNKNOW,宮城県,1434,CORI-,宮城県,0,,-
GOLD,星をこの手に,0,,-,1185,INKYO.,宮城県,1786,YUFFIE,宮城県,2170,KEEL,宮城県,0,,-
GOLD,リグレット,0,,-,1307,EBI,宮城県,1764,JN.1CC,宮城県,2438,JN.1CC,宮城県,0,,-
GOLD,ヨシダさん,0,,-,916,MARIMO,宮城県,1436,YULI,宮城県,1970,CORI-,宮城県,0,,-
GOLD,クルクル☆ラブ～Opioid Peptide MIX～,432,MARIMO,宮城県,972,LIERRE,宮城県,1505,YULI,宮城県,2275,CORI-,宮城県,0,,-
GOLD,With your Smile,0,,-,718,INKYO.,宮城県,1185,NEMOUS,宮城県,1571,KEEL,宮城県,0,,-
GOLD,Watch out!!,0,,-,729,INKYO.,宮城県,1012,5633,宮城県,1605,KEEL,宮城県,0,,-
GOLD,VANESSA,0,,-,1136,KICHI,宮城県,1836,KEEL,宮城県,2414,KEEL,宮城県,3470,CORI-,宮城県
GOLD,TRANOID,0,,-,801,LIERRE,宮城県,1762,HANDA8,宮城県,2263,CORI-,宮城県,2967,KEEL,宮城県
GOLD,The Smile of You,0,,-,923,INKYO.,宮城県,1300,MARIMO,宮城県,1630,CORI-,宮城県,0,,-
GOLD,the shadow,0,,-,1215,INKYO.,宮城県,2059,CHESED,宮城県,2919,KEEL,宮城県,0,,-
GOLD,snow storm,236,MARIMO,宮城県,785,INKYO.,宮城県,2303,E-BODY,宮城県,2804,CORI-,宮城県,3385,CORI-,宮城県
GOLD,smile,0,,-,1462,MARIMO,宮城県,2112,CHESED,宮城県,2910,JN.1CC,宮城県,0,,-
GOLD,Sense 2007,0,,-,1535,AMDNRI,宮城県,2308,KEEL,宮城県,2963,CORI-,宮城県,0,,-
GOLD,Second Heaven,224,MARIMO,宮城県,981,MARIMO,宮城県,1532,CAPCOM,宮城県,2127,CORI-,宮城県,0,,-
GOLD,Roulette,0,,-,900,INKYO.,宮城県,1386,MARIMO,宮城県,2128,MORBOL,宮城県,0,,-
GOLD,PHOTONGENIC,0,,-,1272,7UU,宮城県,1898,SLASH,宮城県,2318,CORI-,宮城県,0,,-
GOLD,op.31 叙情,0,,-,623,YULI,宮城県,1354,YULI,宮城県,1637,CORI-,宮城県,0,,-
GOLD,never…,0,,-,803,.,宮城県,1339,YULI,宮城県,1822,KEEL,宮城県,0,,-
GOLD,METALLIC MIND,0,,-,877,222222,宮城県,1441,KIMARI,宮城県,1635,CORI-,宮城県,0,,-
GOLD,Make Me Your Own,0,,-,880,INKYO.,宮城県,1644,YULI,宮城県,2158,CORI-,宮城県,0,,-
GOLD,Love Again...,0,,-,582,MARIMO,宮城県,786,OBUTSU,宮城県,1074,YULI,宮城県,0,,-
GOLD,LASER CRUSTER,0,,-,1426,EBI,宮城県,2454,KEEL,宮城県,3222,KEEL,宮城県,0,,-
GOLD,KAMAITACHI,0,,-,1283,YULI,宮城県,1978,SKMMYP,宮城県,2714,CORI-,宮城県,3883,CORI-,宮城県
GOLD,INORI,0,,-,1379,INKYO.,宮城県,2549,E-BODY,宮城県,3178,JN.1CC,宮城県,0,,-
GOLD,High School Love,408,MARIMO,宮城県,869,MARIMO,宮城県,1547,YULI,宮城県,2206,KEEL,宮城県,0,,-
GOLD,heaven above,0,,-,810,INKYO.,宮城県,1335,ZUKA,宮城県,1844,YULI,宮城県,0,,-
GOLD,GRID KNIGHT,0,,-,839,YULI,宮城県,1994,YULI,宮城県,2638,KEEL,宮城県,3480,CORI-,宮城県
GOLD,GOLD RUSH,560,MARIMO,宮城県,1184,IIDX27,宮城県,1457,LIERRE,宮城県,2378,CORI-,宮城県,0,,-
GOLD,four-leaf,0,,-,766,INKYO.,宮城県,1234,HANDA8,宮城県,1733,CORI-,宮城県,0,,-
GOLD,FIRE FIRE,572,MARIMO,宮城県,1199,INKYO.,宮城県,1785,YULI,宮城県,2769,CORI-,宮城県,0,,-
GOLD,Fascination MAXX,0,,-,979,YULI,宮城県,1684,YULI,宮城県,2586,CORI-,宮城県,0,,-
GOLD,Cyber Force,0,,-,1245,INKYO.,宮城県,1906,HANDA8,宮城県,2379,KEEL,宮城県,0,,-
GOLD,CROSSROAD ～Left Story～,0,,-,1137,KEEL,宮城県,1749,NOMI,宮城県,2192,OSHU4*,宮城県,0,,-
GOLD,CaptivAte～誓い～,0,,-,1294,MARIMO,宮城県,1965,DO3PIN,宮城県,2252,CORI-,宮城県,0,,-
GOLD,CaptivAte～裁き～,424,LIERRE,宮城県,849,333333,宮城県,1297,YULI,宮城県,1783,CORI-,宮城県,0,,-
GOLD,Candy Galy,0,,-,1515,FISH,宮城県,2475,YULI,宮城県,3572,CORI-,宮城県,0,,-
GOLD,"Blind Justice ～Torn souls, Hurt Faiths ～",0,,-,1337,LIERRE,宮城県,1978,YULI,宮城県,2487,CORI-,宮城県,0,,-
GOLD,ANDROMEDA II,0,,-,981,INKYO.,宮城県,1862,GSTMOG,宮城県,2489,KEEL,宮城県,0,,-
GOLD,Air Bell,0,,-,979,INKYO.,宮城県,1365,YULI,宮城県,1731,CORI-,宮城県,0,,-
DJ TROOPERS,走馬灯 -The Last Song-,0,,-,509,HERO&C,宮城県,919,HIRO&C,宮城県,1336,KEEL,宮城県,0,,-
DJ TROOPERS,華爛漫 -Flowers-,338,MARIMO,宮城県,1001,INKYO.,宮城県,1572,NOMI,宮城県,2055,CORI-,宮城県,3167,JN*1CC,宮城県
DJ TROOPERS,少年A,0,,-,1246,INKYO.,宮城県,2162,TENKUN,宮城県,2824,CORI-,宮城県,0,,-
DJ TROOPERS,ミラージュ・レジデンス,0,,-,1134,INKYO.,宮城県,2095,LIERRE,宮城県,2670,KEEL,宮城県,3304,CORI-,宮城県
DJ TROOPERS,マチ子の唄,0,,-,827,1N319N,宮城県,1320,YULI,宮城県,1796,CORI-,宮城県,0,,-
DJ TROOPERS,エコ爺,348,MARIMO,宮城県,820,INKYO.,宮城県,1349,YULI,宮城県,1844,CORI-,宮城県,0,,-
DJ TROOPERS,Wanna Party?,0,,-,770,KAIN,宮城県,1185,YULI,宮城県,1518,NCG.SF,宮城県,2596,KEEL,宮城県
DJ TROOPERS,Ubertreffen,0,,-,1094,INKYO.,宮城県,1973,E-BODY,宮城県,2534,KEEL,宮城県,3274,KEEL,宮城県
DJ TROOPERS,TROOPERS,0,,-,1237,DO3PIN,宮城県,2315,MSTRAL,宮城県,2942,MORBOL,宮城県,0,,-
DJ TROOPERS,TRIP MACHINE PhoeniX,0,,-,690,INKYO.,宮城県,1607,1N319N,宮城県,1835,KEEL,宮城県,0,,-
DJ TROOPERS,Time to Air,0,,-,1264,MARIMO,宮城県,2043,4419ZO,宮城県,2886,KEEL,宮城県,3693,CORI-,宮城県
DJ TROOPERS,the trigger of innocence,0,,-,894,MARIMO,宮城県,1181,TENKUN,宮城県,1847,CORI-,宮城県,3092,KEEL,宮城県
DJ TROOPERS,THE DEEP STRIKER,547,YULI,宮城県,1066,INKYO.,宮城県,2157,INUE,宮城県,3041,CORI-,宮城県,3518,KEEL,宮城県
DJ TROOPERS,switch,0,,-,804,INKYO.,宮城県,1523,YULI,宮城県,2104,KEEL,宮城県,0,,-
DJ TROOPERS,STEEL NEEDLE,0,,-,1096,INKYO.,宮城県,2145,E-BODY,宮城県,2485,KEEL,宮城県,3344,CORI-,宮城県
DJ TROOPERS,State Of The Art,0,,-,1088,INKYO.,宮城県,1524,CHESED,宮城県,3132,CORI-,宮城県,0,,-
DJ TROOPERS,SOUND OF GIALLARHORN,512,LIERRE,宮城県,1383,YULI,宮城県,2656,TENKUN,宮城県,3308,CORI-,宮城県,0,,-
DJ TROOPERS,soldier's waltz,0,,-,822,YULI,宮城県,1592,EBI,宮城県,2493,CORI-,宮城県,0,,-
DJ TROOPERS,scar in the earth,0,,-,652,INKYO.,宮城県,1085,HANDA8,宮城県,1523,CORI-,宮城県,0,,-
DJ TROOPERS,satfinal,0,,-,1081,INKYO.,宮城県,1404,YULI,宮城県,1914,CORI-,宮城県,0,,-
DJ TROOPERS,"satellite020712 from ""CODED ARMS""",0,,-,1296,INKYO.,宮城県,1861,YUFFIE,宮城県,2525,KEEL,宮城県,0,,-
DJ TROOPERS,Ristaccia,0,,-,1161,CHIYA,宮城県,1969,4419ZO,宮城県,2746,MORBOL,宮城県,0,,-
DJ TROOPERS,Rising in the Sun(original mix),0,,-,943,EBI,宮城県,1670,SHV46,宮城県,2369,CORI-,宮城県,0,,-
DJ TROOPERS,REMINISCENCE,0,,-,1269,LIERRE,宮城県,1858,KEEL,宮城県,2351,KEEL,宮城県,0,,-
DJ TROOPERS,PROMISE FOR LIFE,0,,-,605,MARIMO,宮城県,1489,MARIMO,宮城県,1749,UDON-G,宮城県,0,,-
DJ TROOPERS,PARANOiA ～HADES～,0,,-,1097,YULI,宮城県,1870,YULI,宮城県,2770,CORI-,宮城県,0,,-
DJ TROOPERS,oratio,0,,-,1480,YULI,宮城県,2032,TENKUN,宮城県,2969,CORI-,宮城県,0,,-
DJ TROOPERS,NEW GENERATION -もう、お前しか見えない-,0,,-,982,OPENIS,宮城県,1923,LIERRE,宮城県,2654,CORI-,宮城県,3642,CORI-,宮城県
DJ TROOPERS,MENTAL MELTDOWN,0,,-,1167,LIERRE,宮城県,2218,R.MRIS,宮城県,2845,CORI-,宮城県,0,,-
DJ TROOPERS,MENDES,0,,-,1127,INKYO.,宮城県,2678,CORI-,宮城県,3617,CORI-,宮城県,0,,-
DJ TROOPERS,MAX LOVE,0,,-,1410,KAIN,宮城県,2173,FANZA*,宮城県,2673,KEEL,宮城県,0,,-
DJ TROOPERS,madrugada,0,,-,713,LIERRE,宮城県,1219,HANDA8,宮城県,1863,MORBOL,宮城県,0,,-
DJ TROOPERS,LOVELY STORM,0,,-,1342,YULI,宮城県,2161,1N319N,宮城県,2843,KEEL,宮城県,0,,-
DJ TROOPERS,Kick Out 仮面,0,,-,1170,INKYO.,宮城県,1555,LIERRE,宮城県,2036,KEEL,宮城県,0,,-
DJ TROOPERS,in the Sky,0,,-,1374,YULI,宮城県,2138,KEEL,宮城県,2544,CORI-,宮城県,0,,-
DJ TROOPERS,ICARUS,0,,-,1306,INKYO.,宮城県,2042,DLSITE,宮城県,2504,CORI-,宮城県,3773,CORI-,宮城県
DJ TROOPERS,Freeway Shuffle,346,MARIMO,宮城県,814,INKYO.,宮城県,1266,LIERRE,宮城県,1882,CORI-,宮城県,0,,-
DJ TROOPERS,four pieces of heaven,0,,-,926,LIERRE,宮城県,1746,34437,宮城県,2396,CORI-,宮城県,2956,CORI-,宮城県
DJ TROOPERS,evergreen,0,,-,968,INKYO.,宮城県,1327,MENU,宮城県,1911,KIMARI,宮城県,0,,-
DJ TROOPERS,end of world,0,,-,1028,INKYO.,宮城県,1752,LIERRE,宮城県,2509,KEEL,宮城県,0,,-
DJ TROOPERS,Do it!! Do it!!,0,,-,1045,HANDA8,宮城県,1561,POCKET,宮城県,1958,CORI-,宮城県,0,,-
DJ TROOPERS,Digitank System,0,,-,935,INKYO.,宮城県,1573,KEEL,宮城県,2180,CORI-,宮城県,0,,-
DJ TROOPERS,Dazzlin' Darlin,344,MARIMO,宮城県,905,YULI,宮城県,1398,YULI,宮城県,2229,CORI-,宮城県,0,,-
DJ TROOPERS,Darling my LUV,0,,-,700,YULI,宮城県,1003,YULI,宮城県,1387,CORI-,宮城県,0,,-
DJ TROOPERS,Blue Rain,348,MARIMO,宮城県,1013,INKYO.,宮城県,1580,VA,宮城県,2285,CORI-,宮城県,3342,KEEL,宮城県
DJ TROOPERS,beatonic nation,0,,-,1266,INKYO.,宮城県,1885,YULI,宮城県,2151,KEEL,宮城県,0,,-
DJ TROOPERS,Be OK,0,,-,904,SKMMYP,宮城県,1740,NOMI,宮城県,2410,KEEL,宮城県,3324,CORI-,宮城県
DJ TROOPERS,avant-guerre,0,,-,747,INKYO.,宮城県,1260,OBUTSU,宮城県,1921,KEEL,宮城県,0,,-
DJ TROOPERS,"Anisakis -somatic mutation type""Forza""-",0,,-,1243,INKYO.,宮城県,2135,YULI,宮城県,2854,KEEL,宮城県,3848,KEEL,宮城県
DJ TROOPERS,2 tribe 4 K,0,,-,881,INKYO.,宮城県,1331,DLSITE,宮城県,2780,CORI-,宮城県,0,,-
EMPRESS,鉄甲乙女-under the steel-,0,,-,937,INKYO.,宮城県,1635,YULI,宮城県,2191,CORI-,宮城県,0,,-
EMPRESS,翼,0,,-,893,MARIMO,宮城県,1516,NOMI,宮城県,1969,KEEL,宮城県,2502,KEEL,宮城県
EMPRESS,山岡晃の「クイズ！家事都合！」,0,,-,671,INKYO.,宮城県,1385,YULI,宮城県,2061,CORI-,宮城県,0,,-
EMPRESS,天空脳番長危機十六連打,0,,-,1022,INKYO.,宮城県,2147,DO3PIN,宮城県,2610,KEEL,宮城県,0,,-
EMPRESS,卑弥呼,0,,-,1239,LIERRE,宮城県,2685,LE.F,宮城県,4053,CORI-,宮城県,0,,-
EMPRESS,凛として咲く花の如く,396,MARIMO,宮城県,1324,INKYO.,宮城県,2105,NOMI,宮城県,2785,CORI-,宮城県,3187,CORI-,宮城県
EMPRESS,不沈艦CANDY,608,HERO&C,宮城県,1168,INKYO.,宮城県,1942,4419ZO,宮城県,3325,CORI-,宮城県,0,,-
EMPRESS,ミッドナイト堕天使,0,,-,994,YULI,宮城県,1634,YULI,宮城県,2775,CORI-,宮城県,0,,-
EMPRESS,ハリツヤランデヴー,0,,-,955,KIMARI,宮城県,2129,YULI,宮城県,2488,KEEL,宮城県,0,,-
EMPRESS,まほろば,0,,-,782,INKYO.,宮城県,1449,TENKUN,宮城県,2060,CORI-,宮城県,0,,-
EMPRESS,"You'll say ""Now!""",0,,-,1222,LIERRE,宮城県,1843,DO3PIN,宮城県,2505,KEEL,宮城県,0,,-
EMPRESS,Y&Co. is dead or alive,0,,-,1111,YULI,宮城県,1760,U3,宮城県,2823,CORI-,宮城県,0,,-
EMPRESS,V2,795,HERO&C,宮城県,1464,INKYO.,宮城県,3160,KEEL,宮城県,3602,CORI-,宮城県,0,,-
EMPRESS,Turii ～Panta rhei～,372,MARIMO,宮城県,857,CHIYA,宮城県,2035,KWAL,宮城県,2674,KEEL,宮城県,0,,-
EMPRESS,THANK YOU FOR PLAYING,0,,-,803,ALT,宮城県,1657,YULI,宮城県,2146,CORI-,宮城県,2981,KEEL,宮城県
EMPRESS,SOLITON BEAM,0,,-,1403,MARIMO,宮城県,2044,CHESED,宮城県,2369,CORI-,宮城県,0,,-
EMPRESS,smooooch・∀・,398,MARIMO,宮城県,827,MARIMO,宮城県,1635,YULI,宮城県,2166,KEEL,宮城県,2807,MORBOL,宮城県
EMPRESS,Secrets,0,,-,1246,INKYO.,宮城県,2415,YUFFIE,宮城県,3161,CORI-,宮城県,4155,CORI-,宮城県
EMPRESS,Queen's Tragedy,0,,-,845,INKYO.,宮城県,1685,YULI,宮城県,2241,KEEL,宮城県,0,,-
EMPRESS,Punch Love 仮面,0,,-,1122,YULI,宮城県,1715,CHESED,宮城県,2522,KEEL,宮城県,3208,NJC.NA,宮城県
EMPRESS,Programmed World,0,,-,938,INKYO.,宮城県,1789,YULI,宮城県,2309,KEEL,宮城県,0,,-
EMPRESS,NΦ CRIME,294,MARIMO,宮城県,813,INKYO.,宮城県,1461,YULI,宮城県,1898,CORI-,宮城県,2416,CORI-,宮城県
EMPRESS,neogenesis,0,,-,1003,KIMARI,宮城県,1359,KIMARI,宮城県,1720,CORI-,宮城県,2297,TOSH,宮城県
EMPRESS,naughty girl@Queen's Palace,0,,-,859,INKYO.,宮城県,1682,EZPZ,宮城県,2148,CORI-,宮城県,2718,CORI-,宮城県
EMPRESS,Monkey Dance '09,0,,-,867,INKYO.,宮城県,1735,KIMARI,宮城県,2259,CORI-,宮城県,0,,-
EMPRESS,Mind Mapping,519,MARIMO,宮城県,862,INKYO.,宮城県,1245,KIMARI,宮城県,1837,CORI-,宮城県,2257,CORI-,宮城県
EMPRESS,Kung-fu Empire,0,,-,1457,INKYO.,宮城県,2538,IIDX28,宮城県,3263,KEEL,宮城県,3921,CORI-,宮城県
EMPRESS,Just a Little Smile,0,,-,818,INKYO.,宮城県,1350,YULI,宮城県,2520,CORI-,宮城県,0,,-
EMPRESS,Jack,0,,-,908,INKYO.,宮城県,1363,LIERRE,宮城県,2160,KEEL,宮城県,0,,-
EMPRESS,I'm Screaming LOVE,0,,-,612,TENKUN,宮城県,1306,INKYO.,宮城県,1698,KEEL,宮城県,0,,-
EMPRESS,HYPERION,0,,-,1121,INKYO.,宮城県,2089,YUFFIE,宮城県,2735,MORBOL,宮城県,0,,-
EMPRESS,Go Beyond!!,548,INKYO.,宮城県,1059,INKYO.,宮城県,1705,4419ZO,宮城県,2235,KEEL,宮城県,0,,-
EMPRESS,Fly Above,0,,-,960,INKYO.,宮城県,1621,YULI,宮城県,2029,OKINA,宮城県,0,,-
EMPRESS,Flash Back 90's,0,,-,928,INKYO.,宮城県,1886,YULI,宮城県,2332,KEEL,宮城県,2908,CORI-,宮城県
EMPRESS,Cyber Force -DJ Yoshitaka Remix- ,0,,-,1078,INKYO.,宮城県,1868,YULI,宮城県,2534,KEEL,宮城県,0,,-
EMPRESS,Colorful Cookie,675,MARIMO,宮城県,1127,INKYO.,宮城県,2258,KIMARI,宮城県,3522,CORI-,宮城県,0,,-
EMPRESS,CaptivAte2～覚醒～,246,MARIMO,宮城県,1082,INKYO.,宮城県,1654,SUKORU,宮城県,2424,CORI-,宮城県,0,,-
EMPRESS,BRIDAL FESTIVAL !!!,0,,-,981,YULI,宮城県,1513,KIMARI,宮城県,2138,CORI-,宮城県,0,,-
EMPRESS,BITTER CHOCOLATE STRIKER,0,,-,1090,INKYO.,宮城県,2228,KIMARI,宮城県,3947,KEEL,宮城県,0,,-
EMPRESS,Bahram Attack-猫叉Master Remix-,0,,-,1069,INKYO.,宮城県,1967,YULI,宮城県,2625,CORI-,宮城県,3268,CORI-,宮城県
EMPRESS,B4U(BEMANI FOR YOU MIX),0,,-,1182,INKYO.,宮城県,2316,OMAME,宮城県,3593,CORI-,宮城県,4610,CORI-,宮城県
EMPRESS,Arabian Rave Night,0,,-,1284,MARIMO,宮城県,2187,LIERRE,宮城県,2960,CORI-,宮城県,3654,CORI-,宮城県
EMPRESS,ALL MY TURN -このターンに、オレの全てを賭ける-,0,,-,1048,INKYO.,宮城県,1862,DLSITE,宮城県,2588,CORI-,宮城県,0,,-
EMPRESS,ALL I NEED YOUR LOVE,0,,-,1102,INKYO.,宮城県,1714,YULI,宮城県,2144,KEEL,宮城県,0,,-
EMPRESS,3y3s,555,MARIMO,宮城県,1521,FANZA*,宮城県,2531,DO3PIN,宮城県,3601,KEEL,宮城県,0,,-
SIRIUS,"水上の提督(Short mix from ""幻想水滸伝V"")",0,,-,691,MARIMO,宮城県,1648,EBI,宮城県,2114,CORI-,宮城県,0,,-
SIRIUS,未来のプリズム,0,,-,696,MARIMO,宮城県,1364,SKMMYP,宮城県,1770,JN.1CC,宮城県,0,,-
SIRIUS,ワルツ第17番 ト短調”大犬のワルツ”,0,,-,1266,UF,宮城県,2331,KEEL,宮城県,3301,CORI-,宮城県,0,,-
SIRIUS,バビロニア,0,,-,835,LIERRE,宮城県,1370,MARIMO,宮城県,1868,CORI-,宮城県,0,,-
SIRIUS,サヨナラ・ヘヴン,380,MARIMO,宮城県,929,LIERRE,宮城県,1389,YULI,宮城県,1690,CORI-,宮城県,0,,-
SIRIUS,コスモス,0,,-,902,KAIN,宮城県,1502,NOMI,宮城県,2095,YULI,宮城県,0,,-
SIRIUS,たからもの,0,,-,1278,INKYO.,宮城県,1876,YULI,宮城県,2242,KEEL,宮城県,3546,HOGERE,宮城県
SIRIUS,かずあそび,0,,-,526,MARIMO,宮城県,1175,LIERRE,宮城県,1696,YULI,宮城県,0,,-
SIRIUS,The Story Begins,0,,-,846,INKYO.,宮城県,1729,MARIMO,宮城県,2448,CORI-,宮城県,0,,-
SIRIUS,THE LAST STRIKER,0,,-,1403,INKYO.,宮城県,1975,YULI,宮城県,2637,JN*1CC,宮城県,0,,-
SIRIUS,Special One,0,,-,852,INKYO.,宮城県,1209,YULI,宮城県,1762,KEEL,宮城県,0,,-
SIRIUS,Sorrows,0,,-,807,MARIMO,宮城県,1667,KIMARI,宮城県,2475,NCG.SF,宮城県,0,,-
SIRIUS,SOLID STATE SQUAD,0,,-,1052,INKYO.,宮城県,2267,TA9.,宮城県,3596,CORI-,宮城県,3631,KEEL,宮城県
SIRIUS,She is my wife,431,LIERRE,宮城県,673,L.E.H.,宮城県,1548,LIERRE,宮城県,1984,CORI-,宮城県,0,,-
SIRIUS,Session 1 -Genesis-,0,,-,928,EBI,宮城県,1581,34437,宮城県,2462,CORI-,宮城県,0,,-
SIRIUS,Roots of my way!,0,,-,882,INKYO.,宮城県,1341,YULI,宮城県,2035,YULI,宮城県,0,,-
SIRIUS,Red. by Full Metal Jacket,0,,-,1020,LIERRE,宮城県,2086,YULI,宮城県,3227,CORI-,宮城県,0,,-
SIRIUS,Raison d'etre～交差する宿命～,0,,-,1193,INKYO.,宮城県,2283,YULI,宮城県,2726,KEEL,宮城県,0,,-
SIRIUS,quell～the seventh slave～,0,,-,915,CHIYA,宮城県,1801,YULI,宮城県,3218,CORI-,宮城県,0,,-
SIRIUS,Programmed Sun,0,,-,1106,INKYO.,宮城県,1863,KWAL,宮城県,2591,CORI-,宮城県,0,,-
SIRIUS,NoN-Fiction Story!,0,,-,717,MARIMO,宮城県,1371,MARIMO,宮城県,2212,KEEL,宮城県,0,,-
SIRIUS,NEW SENSATION -もう、あなたしか見えない-,0,,-,1236,INKYO.,宮城県,2013,LIERRE,宮城県,2689,KEEL,宮城県,0,,-
SIRIUS,mosaic,0,,-,1483,YULI,宮城県,2064,DO3PIN,宮城県,3010,JN.1CC,宮城県,0,,-
SIRIUS,MIRACLE MEETS,0,,-,951,YULI,宮城県,1579,YULI,宮城県,2233,KEEL,宮城県,0,,-
SIRIUS,Light Shine,0,,-,813,YULI,宮城県,1140,YULI,宮城県,1964,KEEL,宮城県,0,,-
SIRIUS,Last Burning,0,,-,877,INKYO.,宮城県,1654,KIMARI,宮城県,2366,KEEL,宮城県,0,,-
SIRIUS,Keep it-秋葉工房mix-,0,,-,1014,INKYO.,宮城県,1696,DLSITE,宮城県,1871,CORI-,宮城県,0,,-
SIRIUS,IN THE NAME OF LOVE,544,MARIMO,宮城県,751,YULI,宮城県,1379,LIERRE,宮城県,1938,KEEL,宮城県,0,,-
SIRIUS,Hydrogen Blueback,0,,-,1018,INKYO.,宮城県,1678,DORA,宮城県,2332,CORI-,宮城県,2451,CORI-,宮城県
SIRIUS,GOLDEN CROSS,0,,-,1085,INKYO.,宮城県,2006,FO,宮城県,3488,KEEL,宮城県,0,,-
SIRIUS,GALGALIM,0,,-,1430,INKYO.,宮城県,1912,LIERRE,宮城県,2385,KEEL,宮城県,0,,-
SIRIUS,G59,0,,-,1794,FANZA*,宮城県,2307,777,宮城県,3911,CORI-,宮城県,0,,-
SIRIUS,EXUSIA,0,,-,1201,INKYO.,宮城県,2701,E-BODY,宮城県,3849,KEEL,宮城県,0,,-
SIRIUS,Evans,607,EBI,宮城県,1243,INKYO.,宮城県,2184,VA,宮城県,2835,CORI-,宮城県,0,,-
SIRIUS,eRAseRmOToRpHAntOM,0,,-,1535,34437,宮城県,2601,HIRO,宮城県,3290,KEEL,宮城県,0,,-
SIRIUS,Empire State Glory,0,,-,1120,INKYO.,宮城県,1767,34437,宮城県,2639,KEEL,宮城県,0,,-
SIRIUS,Elisha,434,MARIMO,宮城県,912,INKYO.,宮城県,1458,?INKYG,宮城県,2289,CORI-,宮城県,0,,-
SIRIUS,DROP,0,,-,858,MARIMO,宮城県,2127,YULI,宮城県,2635,CORI-,宮城県,0,,-
SIRIUS,DOMINION,0,,-,1241,INKYO.,宮城県,2316,YULI,宮城県,3220,KEEL,宮城県,0,,-
SIRIUS,DESIRE,0,,-,939,INKYO.,宮城県,1852,INUE,宮城県,2863,CORI-,宮城県,0,,-
SIRIUS,Dazzlin' Darlin-秋葉工房mix-,0,,-,800,INKYO.,宮城県,1508,YULI,宮城県,2095,CORI-,宮城県,0,,-
SIRIUS,DAWN -THE NEXT ENDEAVOUR-,0,,-,1625,7UU,宮城県,2625,MARVEL,宮城県,3121,NCG.SF,宮城県,0,,-
SIRIUS,D,0,,-,1431,LIERRE,宮城県,1860,DO3PIN,宮城県,2592,CORI-,宮城県,0,,-
SIRIUS,CaptivAte～裁き～(SUBLIME TECHNO MIX),0,,-,994,Z.K.N.,宮城県,1623,EBI,宮城県,2440,KEEL,宮城県,0,,-
SIRIUS,bloomin' feeling,396,MARIMO,宮城県,1277,YULI,宮城県,1952,YULI,宮城県,2614,CORI-,宮城県,0,,-
SIRIUS,being torn the sky,0,,-,651,INKYO.,宮城県,1210,SKMMYP,宮城県,1985,TOSH,宮城県,0,,-
SIRIUS,BEAUTIFUL ANGEL,0,,-,629,MARIMO,宮城県,1811,YULI,宮城県,2480,MORBOL,宮城県,0,,-
SIRIUS,beatchic☆仮面～好き、でいさせて～,0,,-,1005,INKYO.,宮城県,1615,IIDX27,宮城県,2007,NCG.SF,宮城県,0,,-
SIRIUS,bass 2 bass,282,MARIMO,宮城県,719,INKYO.,宮城県,1254,LIERRE,宮城県,1934,CORI-,宮城県,0,,-
SIRIUS,Bad Maniacs,0,,-,1289,ALT,宮城県,1862,4419ZO,宮城県,3274,CORI-,宮城県,0,,-
SIRIUS,Almagest,0,,-,1015,MARIMO,宮城県,2221,KEEL,宮城県,3159,CORI-,宮城県,0,,-
SIRIUS,AIR RAID FROM THA UNDAGROUND,551,LIERRE,宮城県,1173,INKYO.,宮城県,1830,E-BODY,宮城県,2329,KEEL,宮城県,3003,KEEL,宮城県
Resort Anthem,黒髪乱れし修羅となりて,0,,-,805,MARIMO,宮城県,2111,YUFFIE,宮城県,3436,KEEL,宮城県,0,,-
Resort Anthem,灼熱Beach Side Bunny,588,INKYO.,宮城県,1106,INKYO.,宮城県,1970,YULI,宮城県,3304,CORI-,宮城県,0,,-
Resort Anthem,旅人リラン,0,,-,1154,TOSH,宮城県,1907,HANDA8,宮城県,2672,CORI-,宮城県,0,,-
Resort Anthem,夕焼け ～Fading Day～,0,,-,988,DARK-I,宮城県,2088,YUFFIE,宮城県,2822,CORI-,宮城県,0,,-
Resort Anthem,中華急行,0,,-,328,MARIMO,宮城県,1532,KIMARI,宮城県,2328,CORI-,宮城県,0,,-
Resort Anthem,かげぬい ～ Ver.BENIBOTAN ～,527,INKYO.,宮城県,873,INKYO.,宮城県,1371,LIERRE,宮城県,1945,CORI-,宮城県,0,,-
Resort Anthem,おおきなこえで,0,,-,451,MARIMO,宮城県,973,CAG3,宮城県,1486,KEEL,宮城県,2171,CORI-,宮城県
Resort Anthem,ZETA～素数の世界と超越者～,327,LIERRE,宮城県,601,INKYO.,宮城県,2175,KEEL,宮城県,3135,CORI-,宮城県,0,,-
Resort Anthem,XANADU OF TWO,0,,-,994,MARIMO,宮城県,1749,YULI,宮城県,2755,CORI-,宮城県,0,,-
Resort Anthem,Wuv U,0,,-,416,MARIMO,宮城県,1288,IIDX28,宮城県,1710,KEEL,宮城県,0,,-
Resort Anthem,WISE UP!,348,MARIMO,宮城県,493,MARIMO,宮城県,1173,YULI,宮城県,1596,KEEL,宮城県,2597,KEEL,宮城県
Resort Anthem,Watch Out Pt.2,0,,-,1165,INKYO.,宮城県,1981,YULI,宮城県,2942,CORI-,宮城県,0,,-
Resort Anthem,Vermillion,0,,-,538,INKYO.,宮城県,1178,LIERRE,宮城県,2068,KEEL,宮城県,0,,-
Resort Anthem,Tropical April,0,,-,1571,INKYO.,宮城県,2260,SKMMYP,宮城県,2756,KEEL,宮城県,0,,-
Resort Anthem,THE FALLEN,0,,-,925,INKYO.,宮城県,1514,E-BODY,宮城県,2717,KEEL,宮城県,0,,-
Resort Anthem,THE DOOR INTO RAINBOW,0,,-,812,INKYO.,宮城県,1694,LIERRE,宮城県,2203,CORI-,宮城県,0,,-
Resort Anthem,THE BLACK KNIGHT,0,,-,926,INKYO.,宮城県,2101,JN*1CC,宮城県,2947,CORI-,宮城県,0,,-
Resort Anthem,STELLAR WIND,388,MARIMO,宮城県,635,INKYO.,宮城県,1811,HANDA8,宮城県,2696,KEEL,宮城県,0,,-
Resort Anthem,Stay my side,0,,-,638,INKYO.,宮城県,1065,LIERRE,宮城県,1351,CORI-,宮城県,0,,-
Resort Anthem,SPECIAL SUMMER CAMPAIGN!,0,,-,700,FIAMET,宮城県,1619,LIERRE,宮城県,2973,KRSRIN,宮城県,0,,-
Resort Anthem,Space Time,0,,-,633,INKYO.,宮城県,1691,YULI,宮城県,2199,KEEL,宮城県,0,,-
Resort Anthem,Session 9 -Chronicles-,0,,-,773,INKYO.,宮城県,2307,AT-NAO,宮城県,3642,CORI-,宮城県,0,,-
Resort Anthem,sakura storm,0,,-,1044,TENKUN,宮城県,1332,34437,宮城県,2430,CORI-,宮城県,0,,-
Resort Anthem,Sakura Reflection,0,,-,484,MARIMO,宮城県,1607,CHESED,宮城県,2371,CORI-,宮城県,0,,-
Resort Anthem,SABER WING,0,,-,563,YULI,宮城県,1883,KEEL,宮城県,2852,CORI-,宮城県,0,,-
Resort Anthem,Rock Da House,0,,-,906,INKYO.,宮城県,1614,LIERRE,宮城県,2245,CORI-,宮城県,0,,-
Resort Anthem,reunion,562,MARIMO,宮城県,1377,INKYO.,宮城県,2447,CORI-,宮城県,3255,CORI-,宮城県,0,,-
Resort Anthem,Programmed Life,0,,-,1103,INKYO.,宮城県,1801,YUFFIE,宮城県,2369,U3,宮城県,0,,-
Resort Anthem,perditus†paradisus,0,,-,1272,LIERRE,宮城県,2486,YUFFIE,宮城県,3904,CORI-,宮城県,0,,-
Resort Anthem,passionate fate,0,,-,1166,YULI,宮城県,1621,LIERRE,宮城県,2134,KEEL,宮城県,0,,-
Resort Anthem,PARADISE LOST,0,,-,1385,MENU,宮城県,2379,KEEL,宮城県,3377,CORI-,宮城県,0,,-
Resort Anthem,New Castle Legions,0,,-,996,YULI,宮城県,2001,KEEL,宮城県,2799,CORI-,宮城県,0,,-
Resort Anthem,Never Fade Away,0,,-,773,INKYO.,宮城県,1758,1N319N,宮城県,3033,KEEL,宮城県,0,,-
Resort Anthem,Mermaid girl,587,MARIMO,宮城県,986,INKYO.,宮城県,1704,YULI,宮城県,2224,CORI-,宮城県,0,,-
Resort Anthem,Medicine of love,0,,-,659,?INKYG,宮城県,1103,LIERRE,宮城県,1730,NCG.SF,宮城県,0,,-
Resort Anthem,Let The Track Flow,0,,-,1100,INKYO.,宮城県,1786,HANDA8,宮城県,2669,KEEL,宮城県,0,,-
Resort Anthem,Kailua,0,,-,529,INKYO.,宮城県,1405,JN.1CC,宮城県,2219,CORI-,宮城県,0,,-
Resort Anthem,I FIGHT ME,0,,-,627,YULI,宮城県,1415,YUFFIE,宮城県,2133,JN.1CC,宮城県,0,,-
Resort Anthem,Golden Palms,0,,-,749,LIERRE,宮城県,1474,JN*1CC,宮城県,2058,CORI-,宮城県,2459,CORI-,宮城県
Resort Anthem,Fantasia,244,MARIMO,宮城県,402,MARIMO,宮城県,1548,MARIMO,宮城県,2243,KEEL,宮城県,0,,-
Resort Anthem,Everlasting Resort,0,,-,880,INKYO.,宮城県,1331,KEEL,宮城県,1894,KEEL,宮城県,0,,-
Resort Anthem,Eternal Tears,0,,-,443,MARIMO,宮城県,1092,INKYO.,宮城県,1373,VA,宮城県,0,,-
Resort Anthem,Energy Drive,0,,-,889,INKYO.,宮城県,1449,CHESED,宮城県,2237,CORI-,宮城県,0,,-
Resort Anthem,ELECTRIC MASSIVE DIVER,0,,-,1307,MARIMO,宮城県,2426,4419ZO,宮城県,3635,KEEL,宮城県,0,,-
Resort Anthem,DM STAR～関西 energy style～,0,,-,1106,INKYO.,宮城県,1914,E-BODY,宮城県,2409,CORI-,宮城県,0,,-
Resort Anthem,Destiny Sword,0,,-,892,1N319N,宮城県,1792,1N319N,宮城県,2411,CORI-,宮城県,0,,-
Resort Anthem,DAYDREAMER,0,,-,1164,INKYO.,宮城県,1753,DO3PIN,宮城県,2523,OSHU4*,宮城県,0,,-
Resort Anthem,Dances with Snow Fairies,0,,-,1414,A-BONE,宮城県,2171,KWAL,宮城県,3145,CORI-,宮城県,4002,CORI-,宮城県
Resort Anthem,BROKEN EDEN,0,,-,1046,INKYO.,宮城県,1788,YUFFIE,宮城県,2338,KEEL,宮城県,0,,-
Resort Anthem,Broken,0,,-,1075,NEMOUS,宮城県,2054,WICKED,宮城県,3168,KEEL,宮城県,0,,-
Resort Anthem,Breaking the ground,0,,-,1185,INKYO.,宮城県,1790,YULI,宮城県,2530,CORI-,宮城県,0,,-
Resort Anthem,Bounce Bounce Bounce,0,,-,1023,CHIYA,宮城県,1716,LIERRE,宮城県,2513,CORI-,宮城県,0,,-
Resort Anthem,BLUST OF WIND,0,,-,783,CHIYA,宮城県,1587,YULI,宮城県,2143,CORI-,宮城県,2644,CORI-,宮城県
Resort Anthem,Believe In Me,0,,-,1024,INKYO.,宮城県,1867,DLSITE,宮城県,2375,KEEL,宮城県,0,,-
Resort Anthem,ANTHEM LANDING,0,,-,961,INKYO.,宮城県,1950,ALC.20,宮城県,2960,CORI-,宮城県,0,,-
Resort Anthem,Answer,0,,-,784,YULI,宮城県,1489,YULI,宮城県,2438,CORI-,宮城県,0,,-
Resort Anthem,ALBIDA,534,MARIMO,宮城県,1098,INKYO.,宮城県,1928,EZPZ,宮城県,3017,CORI-,宮城県,0,,-
Resort Anthem,Aegis,0,,-,896,INKYO.,宮城県,1369,E-BODY,宮城県,2350,KEEL,宮城県,0,,-
Lincle,陽炎,0,,-,632,MARIMO,宮城県,1209,YULI,宮城県,2009,KEEL,宮城県,0,,-
Lincle,衰色小町メランコリア,0,,-,769,L.E.H.,宮城県,1415,YULI,宮城県,2369,CORI-,宮城県,0,,-
Lincle,蛇神,424,MARIMO,宮城県,727,INKYO.,宮城県,1505,KIMARI,宮城県,2844,CORI-,宮城県,3745,CORI-,宮城県
Lincle,聖人の塔,0,,-,935,RIRUTO,宮城県,2011,KIMARI,宮城県,3061,CORI-,宮城県,4156,CAPCOM,宮城県
Lincle,突撃!ガラスのニーソ姫!,0,,-,654,MARIMO,宮城県,1175,E-BODY,宮城県,2118,KEEL,宮城県,0,,-
Lincle,恋する☆宇宙戦争っ！！,514,LIERRE,宮城県,906,MARIMO,宮城県,1748,CORI-,宮城県,3581,CORI-,宮城県,4609,CORI-,宮城県
Lincle,子供の落書き帳,0,,-,904,LANUGO,宮城県,1912,E-BODY,宮城県,2672,KEEL,宮城県,0,,-
Lincle,天空の夜明け,0,,-,1339,LIERRE,宮城県,2162,YUFFIE,宮城県,4010,KEEL,宮城県,0,,-
Lincle,君のハートにロックオン,0,,-,707,INKYO.,宮城県,1729,EBI,宮城県,2681,KEEL,宮城県,3492,KEEL,宮城県
Lincle,ユミル,0,,-,665,MARIMO,宮城県,1355,TA9.,宮城県,2854,CORI-,宮城県,0,,-
Lincle,ビューティフルレシート,342,MARIMO,宮城県,518,MARIMO,宮城県,1227,YULI,宮城県,1946,CORI-,宮城県,0,,-
Lincle,Yellow Sunrise,0,,-,758,INKYO.,宮城県,1438,KIMARI,宮城県,2284,JN.1CC,宮城県,0,,-
Lincle,yellow head joe,0,,-,761,CHIYA,宮城県,1520,YULI,宮城県,2290,KEEL,宮城県,3114,CORI-,宮城県
Lincle,YAKSHA,0,,-,1252,MARIMO,宮城県,2302,EZPZ,宮城県,3905,KEEL,宮城県,0,,-
Lincle,WONDER WALKER,0,,-,981,INKYO.,宮城県,1929,LIERRE,宮城県,3808,CORI-,宮城県,0,,-
Lincle,Voxane,0,,-,615,INKYO.,宮城県,1243,DO3PIN,宮城県,1749,YULI,宮城県,0,,-
Lincle,Todestrieb,0,,-,1116,INKYO.,宮城県,1907,NCG.M2,宮城県,3442,CORI-,宮城県,0,,-
Lincle,TITANS RETURN,328,MARIMO,宮城県,614,MENU,宮城県,1553,DLSITE,宮城県,2507,KEEL,宮城県,2663,CORI-,宮城県
Lincle,Thunderbolt,0,,-,1047,INKYO.,宮城県,1884,HANDA8,宮城県,3792,CORI-,宮城県,0,,-
Lincle,The Sampling Paradise,0,,-,870,INKYO.,宮城県,1815,EBI,宮城県,3041,CORI-,宮城県,0,,-
Lincle,The Limbo,0,,-,1182,INKYO.,宮城県,1994,DO3PIN,宮城県,3356,KEEL,宮城県,4245,CORI-,宮城県
Lincle,Star Trail,0,,-,637,INKYO.,宮城県,1176,LIERRE,宮城県,1862,KEEL,宮城県,2603,CORI-,宮城県
Lincle,Snow Goose,302,MARIMO,宮城県,376,MARIMO,宮城県,1335,E-BODY,宮城県,2444,CORI-,宮城県,0,,-
Lincle,Snake Stick,0,,-,1044,INKYO.,宮城県,2008,YULI,宮城県,2829,CORI-,宮城県,0,,-
Lincle,SHADE,0,,-,1074,INKYO.,宮城県,2068,VA,宮城県,2916,CORI-,宮城県,0,,-
Lincle,Several Words,0,,-,638,KIMARI,宮城県,1407,LIERRE,宮城県,2183,KEEL,宮城県,0,,-
Lincle,Scharfrichter,0,,-,882,INKYO.,宮城県,1617,DO3PIN,宮城県,2928,CORI-,宮城県,0,,-
Lincle,SA.YO.NA.RA. SUPER STAR,0,,-,454,L.E.H.,宮城県,1296,YULI,宮城県,1709,YULI,宮城県,0,,-
Lincle,Round and Round,0,,-,796,MARIMO,宮城県,1215,LIERRE,宮城県,2160,CORI-,宮城県,0,,-
Lincle,RESISTANCE,0,,-,636,MARIMO,宮城県,1333,DO3PIN,宮城県,2378,KEEL,宮城県,0,,-
Lincle,Release The Music,0,,-,847,INKYO.,宮城県,1457,HANDA8,宮城県,2132,KEEL,宮城県,0,,-
Lincle,Quick Silver,0,,-,800,INKYO.,宮城県,1791,HANDA8,宮城県,2669,KEEL,宮城県,0,,-
Lincle,quaver♪,290,MARIMO,宮城県,710,MARIMO,宮城県,2096,HANDA8,宮城県,3450,KEEL,宮城県,0,,-
Lincle,QUANTUM TELEPORTATION,0,,-,1417,LIERRE,宮城県,2294,E-BODY,宮城県,2927,KEEL,宮城県,3618,KEEL,宮城県
Lincle,prompt,0,,-,887,RAVEN.,宮城県,1592,YULI,宮城県,2809,CORI-,宮城県,0,,-
Lincle,Phoenix,0,,-,895,INKYO.,宮城県,1216,INKYO.,宮城県,2509,CORI-,宮城県,3954,CORI-,宮城県
Lincle,NNRT,0,,-,1235,MARIMO,宮城県,2432,LIERRE,宮城県,3507,CORI-,宮城県,0,,-
Lincle,Miami Sunset Drive,0,,-,635,INKYO.,宮城県,1065,INKYO.,宮城県,1673,KEEL,宮城県,0,,-
Lincle,Mermaid girl-秋葉工房 MIX-,0,,-,828,MARIMO,宮城県,1345,KIMARI,宮城県,2055,KEEL,宮城県,0,,-
Lincle,Lucky Days,0,,-,655,INKYO.,宮城県,1511,E-BODY,宮城県,2205,CORI-,宮城県,0,,-
Lincle,LOVE B.B.B,0,,-,781,LIERRE,宮城県,1486,E-BODY,宮城県,2030,CORI-,宮城県,0,,-
Lincle,Liquid Crystal Girl feat. echo,0,,-,418,MARIMO,宮城県,1106,LIERRE,宮城県,2017,KEEL,宮城県,0,,-
Lincle,LETHEBOLG ～双神威に斬り咲けり～,0,,-,1012,FO,宮城県,1631,YULI,宮城県,2208,KEEL,宮城県,0,,-
Lincle,LAX5 feat.Ryota Yoshinari,0,,-,1061,1N319N,宮城県,2115,E-BODY,宮城県,2840,CORI-,宮城県,0,,-
Lincle,Infinite cave,0,,-,1016,INKYO.,宮城県,1522,YUFFIE,宮城県,2056,CORI-,宮城県,0,,-
Lincle,In the Blackest Den,0,,-,884,LIERRE,宮城県,1574,LIERRE,宮城県,2654,CORI-,宮城県,0,,-
Lincle,I'm so Happy,318,MARIMO,宮城県,422,MARIMO,宮城県,1349,HETDES,宮城県,2349,CORI-,宮城県,0,,-
Lincle,HAERETICUS,0,,-,837,MARIMO,宮城県,1867,LIERRE,宮城県,3086,CORI-,宮城県,0,,-
Lincle,Follow Tomorrow,0,,-,887,ENU,宮城県,1478,TENKUN,宮城県,2271,KEEL,宮城県,0,,-
Lincle,Flip Flap,280,MARIMO,宮城県,584,MARIMO,宮城県,1391,YULI,宮城県,2264,KEEL,宮城県,0,,-
Lincle,fffff,0,,-,835,ALT,宮城県,2064,E-BODY,宮城県,3154,KEEL,宮城県,0,,-
Lincle,Far east nightbird,360,MARIMO,宮城県,525,MARIMO,宮城県,1333,YULI,宮城県,2033,KEEL,宮城県,0,,-
Lincle,F,0,,-,1056,INKYO.,宮城県,2151,YULI,宮城県,3585,CORI-,宮城県,0,,-
Lincle,Express Emotion,0,,-,766,MARIMO,宮城県,1040,HIRO&C,宮城県,2527,CORI-,宮城県,0,,-
Lincle,Drive Me Crazy,0,,-,720,MARIMO,宮城県,1392,NOMI,宮城県,2302,KEEL,宮城県,0,,-
Lincle,DIAVOLO,0,,-,1287,MARIMO,宮城県,1863,LIERRE,宮城県,3236,CORI-,宮城県,0,,-
Lincle,Change the World,0,,-,817,INKYO.,宮城県,1403,KIMARI,宮城県,1851,KEEL,宮城県,0,,-
Lincle,Castle on the Moon,242,MARIMO,宮城県,645,LIERRE,宮城県,1607,KAMIEL,宮城県,2433,CORI-,宮城県,0,,-
Lincle,CALL,0,,-,370,MARIMO,宮城県,858,LIERRE,宮城県,1463,CORI-,宮城県,2720,CORI-,宮城県
Lincle,BLACK.by X-Cross Fade,0,,-,1031,PI!,宮城県,2205,CORI-,宮城県,3425,CORI-,宮城県,0,,-
Lincle,ANAGRAMS I to Y,0,,-,889,..76..,宮城県,1676,INKYO.,宮城県,2480,KEEL,宮城県,0,,-
Lincle,Almace,0,,-,860,INKYO.,宮城県,1300,DLSITE,宮城県,1999,KEEL,宮城県,0,,-
Lincle,532nm,0,,-,573,MARIMO,宮城県,1266,E-BODY,宮城県,2678,CORI-,宮城県,0,,-
Lincle,24th Century BOY,0,,-,854,INKYO.,宮城県,1959,YULI,宮城県,2878,CORI-,宮城県,0,,-
tricoro,龍と少女とデコヒーレンス,0,,-,845,INKYO.,宮城県,1692,E-BODY,宮城県,3016,CORI-,宮城県,3400,CORI-,宮城県
tricoro,音楽,0,,-,827,WRXSTI,宮城県,2007,CORI-,宮城県,2799,KEEL,宮城県,0,,-
tricoro,狂イ咲ケ焔ノ華,0,,-,1218,LEGACY,宮城県,2398,MAKINA,宮城県,3666,CORI-,宮城県,0,,-
tricoro,梅雪夜,0,,-,864,WRXSTI,宮城県,1491,YULI,宮城県,2149,CORI-,宮城県,0,,-
tricoro,朧,208,MARIMO,宮城県,790,MARIMO,宮城県,1501,HOGERE,宮城県,2116,CORI-,宮城県,2532,KEEL,宮城県
tricoro,即席！脳直★ミュージックシステム,0,,-,1037,INKYO.,宮城県,1989,5633,宮城県,3589,KEEL,宮城県,0,,-
tricoro,創世ノート,0,,-,835,MARIMO,宮城県,1885,HANDA8,宮城県,2972,KEEL,宮城県,0,,-
tricoro,仮想空間の旅人たち,0,,-,1157,INKYO.,宮城県,2214,YUFFIE,宮城県,2883,CORI-,宮城県,3863,CORI-,宮城県
tricoro,下弦の月,0,,-,930,WRXSTI,宮城県,1449,LIERRE,宮城県,1994,CORI-,宮城県,0,,-
tricoro,ラキラキ,0,,-,657,INKYO.,宮城県,1461,YULI,宮城県,1990,CORI-,宮城県,0,,-
tricoro,メイメツ、フラグメンツ,0,,-,653,MARIMO,宮城県,1300,POCKET,宮城県,1956,CORI-,宮城県,0,,-
tricoro,トリカゴノ鳳凰,0,,-,1134,FIAMET,宮城県,1991,LIERRE,宮城県,3786,KEEL,宮城県,0,,-
tricoro,シュレーディンガーの猫,0,,-,1135,1N319N,宮城県,2384,INUE,宮城県,3386,KEEL,宮城県,0,,-
tricoro,キャトられ恋はモ～モク,0,,-,1460,LIERRE,宮城県,2540,MAKINA,宮城県,3813,KEEL,宮城県,0,,-
tricoro,カジノファイヤーことみちゃん,0,,-,638,WRXSTI,宮城県,1418,PRELOT,宮城県,2490,CORI-,宮城県,3379,CORI-,宮城県
tricoro,アストライアの双皿,0,,-,677,INKYO.,宮城県,2100,5633,宮城県,3220,CORI-,宮城県,0,,-
tricoro,たまゆら,0,,-,1171,MARIMO,宮城県,1834,LIERRE,宮城県,2777,CORI-,宮城県,0,,-
tricoro,お米の美味しい炊き方、そしてお米を食べることによるその効果。,0,,-,865,WRXSTI,宮城県,1554,LIERRE,宮城県,2185,JN*1CC,宮城県,3668,KEEL,宮城県
tricoro,†渚の小悪魔ラヴリィ～レイディオ†(IIDX EDIT),246,MARIMO,宮城県,555,NCG.SF,宮城県,1638,LIERRE,宮城県,3586,CORI-,宮城県,0,,-
tricoro,ΕΛΠΙΣ,0,,-,1144,LIERRE,宮城県,2030,EZPZ,宮城県,3144,KEEL,宮城県,3573,CORI-,宮城県
tricoro,Zirkfied,0,,-,1024,WRXSTI,宮城県,1994,LIERRE,宮城県,3854,CORI-,宮城県,0,,-
tricoro,ZED,0,,-,937,WRXSTI,宮城県,1678,WRXSTI,宮城県,2782,CORI-,宮城県,0,,-
tricoro,VEGA,0,,-,1147,WRXSTI,宮城県,2080,E-BODY,宮城県,3120,KEEL,宮城県,0,,-
tricoro,VALLIS-NERIA,272,MARIMO,宮城県,1222,INKYO.,宮城県,2069,LIERRE,宮城県,2983,CORI-,宮城県,0,,-
tricoro,Valanga,0,,-,1320,EBI,宮城県,2163,HIRO,宮城県,3263,CORI-,宮城県,0,,-
tricoro,True Blue,0,,-,1084,LEGACY,宮城県,2521,5633,宮城県,3772,CORI-,宮城県,0,,-
tricoro,To my star,0,,-,583,MARIMO,宮城県,1243,LEGACY,宮城県,1744,KIMARI,宮城県,0,,-
tricoro,Timepiece phase II (CN Ver.),0,,-,980,HOGERE,宮城県,1899,MSTRAL,宮城県,3040,CORI-,宮城県,0,,-
tricoro,Timepiece phase II,0,,-,1072,INKYO.,宮城県,2186,SOBA,宮城県,3266,KEEL,宮城県,0,,-
tricoro,Time To Empress,0,,-,915,WRXSTI,宮城県,1910,EBI,宮城県,2621,KEEL,宮城県,0,,-
tricoro,Thor's Hammer,0,,-,959,INKYO.,宮城県,1805,EZPZ,宮城県,3006,CORI-,宮城県,0,,-
tricoro,Take My Life,0,,-,965,WRXSTI,宮城県,1609,YULI,宮城県,2935,KEEL,宮城県,0,,-
tricoro,Synergy For Angels,0,,-,922,INKYO.,宮城県,1694,LIERRE,宮城県,2775,KEEL,宮城県,0,,-
tricoro,SYNC-ANTHEM,0,,-,944,INKYO.,宮城県,2372,MAKINA,宮城県,3656,KEEL,宮城県,0,,-
tricoro,STULTI,0,,-,802,INKYO.,宮城県,1670,CORI-,宮城県,2775,CORI-,宮城県,0,,-
tricoro,Sol Cosine Job 2,0,,-,1049,INKYO.,宮城県,1707,LIERRE,宮城県,3163,CORI-,宮城県,0,,-
tricoro,SHION,0,,-,662,WRXSTI,宮城県,1302,DLSITE,宮城県,2701,KEEL,宮城県,0,,-
tricoro,Shining World,0,,-,1240,1N319N,宮城県,1608,E-BODY,宮城県,1949,JN.1CC,宮城県,0,,-
tricoro,Saturn,0,,-,1320,INKYO.,宮城県,2005,4419ZO,宮城県,2636,MORBOL,宮城県,3522,CORI-,宮城県
tricoro,S!ck,0,,-,915,INKYO.,宮城県,1563,YULI,宮城県,2713,CORI-,宮城県,0,,-
tricoro,rumrum triplets,0,,-,969,35P,宮城県,2020,VA,宮城県,3028,CORI-,宮城県,0,,-
tricoro,Re:GENERATION,244,MARIMO,宮城県,939,WRXSTI,宮城県,1534,OBUTSU,宮城県,2269,KEEL,宮城県,0,,-
tricoro,Rainbow after snow,0,,-,734,MARIMO,宮城県,1470,TENKUN,宮城県,2172,CORI-,宮城県,0,,-
tricoro,Proof of the existence,0,,-,1175,INKYO.,宮城県,2068,PAIM0N,宮城県,3245,CORI-,宮城県,0,,-
tricoro,Praludium,0,,-,693,LIERRE,宮城県,1449,KIMARI,宮城県,2302,CORI-,宮城県,0,,-
tricoro,POINT ZERO,0,,-,731,INKYO.,宮城県,1277,LIERRE,宮城県,2082,KEEL,宮城県,0,,-
tricoro,planarian,0,,-,707,WRXSTI,宮城県,1659,IIDX27,宮城県,2553,CORI-,宮城県,0,,-
tricoro,Plan 8,0,,-,1168,LEGACY,宮城県,2205,YULI,宮城県,3274,CORI-,宮城県,0,,-
tricoro,New Lights,0,,-,1048,INKYO.,宮城県,1766,LIERRE,宮城県,2479,KEEL,宮城県,0,,-
tricoro,New Decade IIDX Edition,272,MARIMO,宮城県,989,INKYO.,宮城県,1929,AYKS.A,宮城県,3054,CORI-,宮城県,0,,-
tricoro,neu,198,MARIMO,宮城県,994,MARIMO,宮城県,2164,DLSITE,宮城県,3898,KEEL,宮城県,0,,-
tricoro,Neonlights,0,,-,664,INKYO.,宮城県,1617,CORI-,宮城県,2229,KEEL,宮城県,0,,-
tricoro,mnemoniq,0,,-,531,LEGACY,宮城県,947,YULI,宮城県,1313,CORI-,宮城県,0,,-
tricoro,LUV CAN SAVE U,0,,-,590,MARIMO,宮城県,1421,INKYO.,宮城県,2131,KEEL,宮城県,2805,CORI-,宮城県
tricoro,Little Star,0,,-,970,YUKI,宮城県,1760,LIERRE,宮城県,3203,CORI-,宮城県,0,,-
tricoro,Light and Cyber…,0,,-,1040,LEGACY,宮城県,1981,ANEL,宮城県,3123,KEEL,宮城県,0,,-
tricoro,Liberation,0,,-,1495,MARIMO,宮城県,2385,YULI,宮城県,3700,KEEL,宮城県,0,,-
tricoro,JOMANDA,257,YULI,宮城県,1094,LEGACY,宮城県,2429,YULI,宮城県,3729,CORI-,宮城県,0,,-
tricoro,In Heaven,0,,-,763,LEGACY,宮城県,1470,LIERRE,宮城県,2134,CORI-,宮城県,0,,-
tricoro,Illegal Function Call,0,,-,1007,INKYO.,宮城県,1863,CORI-,宮城県,2637,KEEL,宮城県,3758,CORI-,宮城県
tricoro,ILIAS,0,,-,805,1N319N,宮城県,1317,LIERRE,宮城県,2201,CORI-,宮城県,0,,-
tricoro,I know You know,0,,-,601,LEGACY,宮城県,1184,YULI,宮城県,1887,KEEL,宮城県,0,,-
tricoro,Howling,0,,-,551,WRXSTI,宮城県,1367,LIERRE,宮城県,2121,CORI-,宮城県,2667,CORI-,宮城県
tricoro,Hollywood Galaxy,0,,-,1103,WRXSTI,宮城県,1962,MAKINA,宮城県,2736,CORI-,宮城県,0,,-
tricoro,GRADIUS 2012,0,,-,905,INKYO.,宮城県,1684,LIERRE,宮城県,2726,KEEL,宮城県,0,,-
tricoro,GAIA,0,,-,1034,MARIMO,宮城県,2191,SOBA,宮城県,3312,CORI-,宮城県,0,,-
tricoro,Fly you to the star,0,,-,782,YULI,宮城県,1623,YULI,宮城県,2282,CORI-,宮城県,0,,-
tricoro,FLOWER,364,MARIMO,宮城県,1104,LEGACY,宮城県,1735,LEGACY,宮城県,2902,CORI-,宮城県,0,,-
tricoro,examination leave,0,,-,1139,INKYO.,宮城県,1918,TENKUN,宮城県,3418,CORI-,宮城県,0,,-
tricoro,Elemental Creation,266,MARIMO,宮城県,1497,LIERRE,宮城県,2384,UF,宮城県,4174,CORI-,宮城県,0,,-
tricoro,Devilz Staircase,0,,-,654,INKYO.,宮城県,2153,SKMMYP,宮城県,3269,KEEL,宮城県,0,,-
tricoro,DAY DREAM,0,,-,573,YULI,宮城県,1304,KEEL,宮城県,2072,CORI-,宮城県,0,,-
tricoro,Cookie Bouquets,0,,-,874,INKYO.,宮城県,2096,E-BODY,宮城県,3398,MORBOL,宮城県,0,,-
tricoro,connective,0,,-,406,MARIMO,宮城県,1110,HANDA8,宮城県,1594,MSTRAL,宮城県,0,,-
tricoro,Confiserie,0,,-,960,MARIMO,宮城県,2058,INUE,宮城県,3580,CORI-,宮城県,0,,-
tricoro,CONCEPTUAL,0,,-,830,YULI,宮城県,1361,YULI,宮城県,2746,CORI-,宮城県,0,,-
tricoro,BRAVE GLOW,0,,-,820,WRXSTI,宮城県,1688,CHESED,宮城県,2503,MORBOL,宮城県,0,,-
tricoro,BLUE STRAGGLER,0,,-,844,WRXSTI,宮城県,1450,LIERRE,宮城県,2591,KEEL,宮城県,0,,-
tricoro,Beastie Starter,0,,-,540,MARIMO,宮城県,1311,KEEL,宮城県,2218,CORI-,宮城県,0,,-
tricoro,Ascalon,0,,-,1125,INKYO.,宮城県,1779,NOMI,宮城県,2301,KEEL,宮城県,0,,-
tricoro,8bit Princess,0,,-,654,MARIMO,宮城県,1376,SKMMYP,宮城県,2630,KEEL,宮城県,0,,-
tricoro,405nm (Ryu☆mix),0,,-,911,MARIMO,宮城県,1711,TMA,宮城県,2595,CORI-,宮城県,0,,-
SPADA,轟け！恋のビーンボール！！,0,,-,1063,YULI,宮城県,1943,1N319N,宮城県,3589,CORI-,宮城県,0,,-
SPADA,超!!遠距離らぶメ～ル,0,,-,581,YULI,宮城県,1568,YULI,宮城県,2664,KEEL,宮城県,0,,-
SPADA,罪と罰,0,,-,1083,LEGACY,宮城県,1383,SKMMYP,宮城県,2169,KEEL,宮城県,0,,-
SPADA,疾風迅雷,0,,-,1147,INKYO.,宮城県,2070,YUFFIE,宮城県,2925,KEEL,宮城県,3440,KEEL,宮城県
SPADA,牧神笛吹きて,0,,-,726,WRXSTI,宮城県,1401,YULI,宮城県,2069,CORI-,宮城県,0,,-
SPADA,煉獄のエルフェリア,0,,-,1366,1N319N,宮城県,2330,E-BODY,宮城県,3901,CORI-,宮城県,0,,-
SPADA,海神,0,,-,1144,INKYO.,宮城県,2063,MAKINA,宮城県,3200,CORI-,宮城県,3529,NJC.NA,宮城県
SPADA,旋律のドグマ～Miserables～,0,,-,1244,LEGACY,宮城県,2494,YUFFIE,宮城県,3947,KEEL,宮城県,0,,-
SPADA,廿,0,,-,949,LIERRE,宮城県,1700,KIMARI,宮城県,2401,CORI-,宮城県,3384,CORI-,宮城県
SPADA,幻想系世界修復少女,214,MARIMO,宮城県,631,MARIMO,宮城県,1169,YULI,宮城県,1981,VIDDEN,宮城県,0,,-
SPADA,バンブーソード・ガール,270,MARIMO,宮城県,1002,WRXSTI,宮城県,1793,777,宮城県,2442,TOSH,宮城県,0,,-
SPADA,デッドボヲルdeホームラン,0,,-,628,MARIMO,宮城県,1606,LIERRE,宮城県,2775,CORI-,宮城県,0,,-
SPADA,アルストロメリア,218,MARIMO,宮城県,978,INKYO.,宮城県,1583,YULI,宮城県,2500,CORI-,宮城県,0,,-
SPADA,お願いアインシュタイン,0,,-,892,WRXSTI,宮城県,1462,E-BODY,宮城県,2126,CORI-,宮城県,0,,-
SPADA,Wonder Girl feat. Kanae Asaba,0,,-,725,WRXSTI,宮城県,1269,YULI,宮城県,2795,KEEL,宮城県,0,,-
SPADA,VOX UP,0,,-,1466,MARIMO,宮城県,2847,CORI-,宮城県,3598,KEEL,宮城県,0,,-
SPADA,Verflucht,0,,-,1267,INKYO.,宮城県,2097,DLSITE,宮城県,3553,KEEL,宮城県,4692,KEEL,宮城県
SPADA,Valgus,0,,-,655,INKYO.,宮城県,1356,YULI,宮城県,2378,KEEL,宮城県,0,,-
SPADA,Unicorn tail,0,,-,869,INKYO.,宮城県,2040,HANDA8,宮城県,3156,CORI-,宮城県,0,,-
SPADA,THE DETONATOR,0,,-,1648,1N319N,宮城県,2464,1N319N,宮城県,3232,CORI-,宮城県,0,,-
SPADA,Squeeze,0,,-,853,INKYO.,宮城県,1440,DLSITE,宮城県,2484,KEEL,宮城県,0,,-
SPADA,Sigmund,0,,-,1503,LEGACY,宮城県,2323,TA9.,宮城県,3890,KEEL,宮城県,4273,CORI-,宮城県
SPADA,SCHWARZSCHILD FIELD,0,,-,933,INKYO.,宮城県,1600,777,宮城県,2395,CORI-,宮城県,0,,-
SPADA,RIZING YOU UP,0,,-,1062,INKYO.,宮城県,2104,LIERRE,宮城県,2567,CORI-,宮城県,0,,-
SPADA,RISE,0,,-,930,WRXSTI,宮城県,1358,YULI,宮城県,1889,KEEL,宮城県,0,,-
SPADA,refractive index,0,,-,742,MARIMO,宮城県,1417,E-BODY,宮城県,2696,KEEL,宮城県,0,,-
SPADA,Recollection,0,,-,1185,YULI,宮城県,1763,YULI,宮城県,2229,KEEL,宮城県,0,,-
SPADA,rainbow guitar weeps,0,,-,976,WRXSTI,宮城県,1808,MSTRAL,宮城県,2764,KEEL,宮城県,0,,-
SPADA,ra'am,0,,-,1197,REIK,宮城県,1875,E-BODY,宮城県,2834,CORI-,宮城県,0,,-
SPADA,PUNISHER,0,,-,1143,WRXSTI,宮城県,2102,DLSITE,宮城県,3562,KEEL,宮城県,0,,-
SPADA,Pharaoh,0,,-,654,MARIMO,宮城県,1431,KIMARI,宮城県,2462,CORI-,宮城県,0,,-
SPADA,Overload Frontier,0,,-,795,INKYO.,宮城県,1810,GSTMOG,宮城県,2645,CORI-,宮城県,0,,-
SPADA,Odin,0,,-,793,WRXSTI,宮城県,1410,YULI,宮城県,2058,YULI,宮城県,0,,-
SPADA,NPC World,0,,-,1026,WRXSTI,宮城県,1587,E-BODY,宮城県,2260,UDON-G,宮城県,0,,-
SPADA,Miracle 5ympho X,0,,-,767,INKYO.,宮城県,1320,YULI,宮城県,2622,KEEL,宮城県,3012,CORI-,宮城県
SPADA,MAGIC & LOVE,0,,-,1019,WRXSTI,宮城県,1825,AT-NAO,宮城県,2925,CORI-,宮城県,0,,-
SPADA,MAD ATTACK,0,,-,681,INKYO.,宮城県,1353,YULI,宮城県,1974,CORI-,宮城県,2713,CORI-,宮城県
SPADA,m1dy Deluxe,0,,-,1164,INKYO.,宮城県,1797,E-BODY,宮城県,2649,CORI-,宮城県,0,,-
SPADA,M.D.Injection,0,,-,599,MARIMO,宮城県,1233,ZUKA,宮城県,2431,JN.1CC,宮城県,0,,-
SPADA,Lighting Shower,0,,-,825,INKYO.,宮城県,1360,YULI,宮城県,2412,KEEL,宮城県,0,,-
SPADA,Last Dance,0,,-,1202,KICHI,宮城県,1934,LIERRE,宮城県,3250,CORI-,宮城県,0,,-
SPADA,KHAMEN BREAK,0,,-,594,INKYO.,宮城県,1395,EBI,宮城県,2512,CORI-,宮城県,0,,-
SPADA,KAISER PHOENIX,0,,-,1330,MARIMO,宮城県,2282,PAIM0N,宮城県,3296,KEEL,宮城県,3985,CORI-,宮城県
SPADA,IX,0,,-,1280,INKYO.,宮城県,2455,KEEL,宮城県,3851,KEEL,宮城県,0,,-
SPADA,invoker,0,,-,1121,INKYO.,宮城県,1918,LIERRE,宮城県,3207,KEEL,宮城県,3599,KEEL,宮城県
SPADA,into the battlefield,0,,-,728,INKYO.,宮城県,1446,YULI,宮城県,2374,JN*1CC,宮城県,0,,-
SPADA,INSOMNIA,0,,-,806,INKYO.,宮城県,1819,E-BODY,宮城県,3209,KEEL,宮城県,0,,-
SPADA,Insane Techniques,0,,-,738,INKYO.,宮城県,1327,YULI,宮城県,2484,KEEL,宮城県,0,,-
SPADA,Idola ,0,,-,1204,LEGACY,宮城県,2268,ERIC*,宮城県,3601,KEEL,宮城県,0,,-
SPADA,I will be back -オレは帰ってきた-,0,,-,1024,INKYO.,宮城県,1980,E-BODY,宮城県,2958,CORI-,宮城県,0,,-
SPADA,Hypersonik,0,,-,1023,WRXSTI,宮城県,1729,KIMARI,宮城県,2518,KEEL,宮城県,0,,-
SPADA,HYENA,0,,-,1179,INKYO.,宮城県,2014,YULI,宮城県,2832,CORI-,宮城県,3565,IIDX29,宮城県
SPADA,Funny shuffle,0,,-,611,MARIMO,宮城県,1157,LIERRE,宮城県,2369,CORI-,宮城県,0,,-
SPADA,Feel The Beat,0,,-,1348,INKYO.,宮城県,2174,TOKI.,宮城県,3604,CORI-,宮城県,4366,CORI-,宮城県
SPADA,EXTREME MACH COLLIDER,0,,-,1008,INKYO.,宮城県,1454,CHESED,宮城県,2573,KEEL,宮城県,0,,-
SPADA,Engraved Mark,0,,-,813,INKYO.,宮城県,1344,KICHI,宮城県,2395,KEEL,宮城県,0,,-
SPADA,Element of SPADA,0,,-,707,MARIMO,宮城県,1365,YULI,宮城県,2086,NCG.SF,宮城県,3094,KEEL,宮城県
SPADA,Elektrick U-Phoria,0,,-,1171,INKYO.,宮城県,1965,YULI,宮城県,3113,CORI-,宮城県,4015,CORI-,宮城県
SPADA,diagram,0,,-,633,MARIMO,宮城県,1295,KRSRIN,宮城県,2856,KEEL,宮城県,0,,-
SPADA,Devilz Sacrifice -贖罪の羊-,0,,-,936,WRXSTI,宮城県,1798,YULI,宮城県,2479,KEEL,宮城県,0,,-
SPADA,DARK LEGACY,0,,-,1319,34437,宮城県,2070,DLSITE,宮城県,3613,CORI-,宮城県,0,,-
SPADA,Dark Fall,0,,-,877,INKYO.,宮城県,1627,DLSITE,宮城県,2806,CORI-,宮城県,0,,-
SPADA,Critical Crystal,224,MARIMO,宮城県,1093,INKYO.,宮城県,1840,LIERRE,宮城県,2949,CORI-,宮城県,0,,-
SPADA,Close the World feat.a☆ru,0,,-,1142,MARIMO,宮城県,2094,YULI,宮城県,3425,CORI-,宮城県,3883,KEEL,宮城県
SPADA,Cleopatrysm,0,,-,812,INKYO.,宮城県,1443,YULI,宮城県,2583,JN.1CC,宮城県,0,,-
SPADA,Claiomh Solais,0,,-,346,MARIMO,宮城県,1437,YULI,宮城県,2096,CORI-,宮城県,0,,-
SPADA,BRAVE OUT,0,,-,1037,WRXSTI,宮城県,1522,YULI,宮城県,2166,KEEL,宮城県,2743,HOGERE,宮城県
SPADA,BRAINSTORM,0,,-,762,INKYO.,宮城県,1984,1N319N,宮城県,2830,CORI-,宮城県,0,,-
SPADA,BLUE DRAGON(雷龍RemixIIDX),0,,-,1485,RIRUTO,宮城県,2238,EBI,宮城県,3400,CORI-,宮城県,0,,-
SPADA,ATHER,0,,-,1006,34437,宮城県,1617,34437,宮城県,2818,KEEL,宮城県,3147,OSHU4*,宮城県
SPADA,Ancient Scapes,0,,-,1170,INKYO.,宮城県,2025,YULI,宮城県,3492,KEEL,宮城県,4249,KEEL,宮城県
SPADA,ALBA -黎明-,0,,-,649,INKYO.,宮城県,1511,GSTMOG,宮城県,3238,CORI-,宮城県,3885,KRSRIN,宮城県
SPADA,Adularia,200,MARIMO,宮城県,1065,EBI,宮城県,1860,E-BODY,宮城県,2879,CORI-,宮城県,0,,-
PENDUAL,Ｘ↑Ｘ↓,0,,-,936,INKYO.,宮城県,1784,YULI,宮城県,2924,CORI-,宮城県,0,,-
PENDUAL,鬼天,0,,-,1001,INKYO.,宮城県,1714,1N319N,宮城県,2501,CORI-,宮城県,0,,-
PENDUAL,超青少年ノ為ノ超多幸ナ超古典的超舞曲,0,,-,1040,MARIMO,宮城県,2003,TINK0,宮城県,2684,KEEL,宮城県,4074,KEEL,宮城県
PENDUAL,表裏一体！？怪盗いいんちょの悩み,0,,-,1130,LEGACY,宮城県,2146,LIERRE,宮城県,3587,CORI-,宮城県,4497,CORI-,宮城県
PENDUAL,紅牡丹,493,LIERRE,宮城県,1078,INKYO.,宮城県,1805,SKMMYP,宮城県,2865,CORI-,宮城県,0,,-
PENDUAL,白露の風,0,,-,480,MARIMO,宮城県,1231,LEGACY,宮城県,2025,YULI,宮城県,0,,-
PENDUAL,時空トラベローグ,0,,-,1073,WRXSTI,宮城県,1844,777,宮城県,2676,KEEL,宮城県,0,,-
PENDUAL,打打打打打打打打打打,200,MARIMO,宮城県,817,INKYO.,宮城県,1366,CHESED,宮城県,2670,CORI-,宮城県,0,,-
PENDUAL,恋は白帯、サンシロー,0,,-,743,MARIMO,宮城県,1318,YULI,宮城県,2034,CORI-,宮城県,2762,KEEL,宮城県
PENDUAL,少年は空を辿る,0,,-,1240,LEGACY,宮城県,2068,E-BODY,宮城県,3365,KEEL,宮城県,0,,-
PENDUAL,妖隠し -あやかしかくし-,0,,-,976,111111,宮城県,1576,CHESED,宮城県,2198,KEEL,宮城県,0,,-
PENDUAL,夏色DIARY - L.E.D.-G STYLE MIX -,0,,-,954,WRXSTI,宮城県,1934,KICHI,宮城県,3100,KEEL,宮城県,0,,-
PENDUAL,取り残された美術(Arranged:HiZuMi),252,MARIMO,宮城県,978,MARIMO,宮城県,1743,YULI,宮城県,2213,KEEL,宮城県,0,,-
PENDUAL,千年ノ理,0,,-,1195,INKYO.,宮城県,1995,YULI,宮城県,3201,CORI-,宮城県,4326,CORI-,宮城県
PENDUAL,十六夜セツナ,0,,-,1011,WRXSTI,宮城県,1632,YULI,宮城県,2253,CORI-,宮城県,0,,-
PENDUAL,共鳴遊戯の華,0,,-,1309,1N319N,宮城県,2482,YUFFIE,宮城県,3877,KEEL,宮城県,0,,-
PENDUAL,リリーゼと炎龍レーヴァテイン,0,,-,1000,INKYO.,宮城県,2258,KICHI,宮城県,3464,CORI-,宮城県,0,,-
PENDUAL,ベィスドロップ・フリークス,0,,-,638,INKYO.,宮城県,1282,YUFFIE,宮城県,2234,KEEL,宮城県,2487,CORI-,宮城県
PENDUAL,パ→ピ→プ→Yeah!,380,MARIMO,宮城県,1026,MARIMO,宮城県,1610,YUFFIE,宮城県,2553,CORI-,宮城県,0,,-
PENDUAL,ドッキン☆サマーあばんちゅーる,0,,-,1043,MARIMO,宮城県,1772,E-BODY,宮城県,2865,CORI-,宮城県,0,,-
PENDUAL,もっと！モット！ときめき feat. 松下,0,,-,1350,INKYO.,宮城県,2018,INUE,宮城県,2774,CORI-,宮城県,0,,-
PENDUAL,ぷろぐれっしぶ時空少女！うらしまたろ子ちゃん！,0,,-,891,WRXSTI,宮城県,1475,HANDA8,宮城県,2532,KEEL,宮城県,0,,-
PENDUAL,とろぴかる倶楽部,0,,-,833,INKYO.,宮城県,1464,E-BODY,宮城県,2299,CORI-,宮城県,0,,-
PENDUAL,それは花火のような恋,705,MARIMO,宮城県,1278,MARIMO,宮城県,2569,JN*1CC,宮城県,3903,CORI-,宮城県,0,,-
PENDUAL,ZZ,204,MARIMO,宮城県,1304,EBI,宮城県,2066,CORI-,宮城県,3051,CORI-,宮城県,0,,-
PENDUAL,We're so Happy (P*Light Remix) IIDX ver.,0,,-,1165,WRXSTI,宮城県,2285,E-BODY,宮城県,3701,KEEL,宮城県,0,,-
PENDUAL,Vulkan,0,,-,1047,INKYO.,宮城県,2005,E-BODY,宮城県,3020,CORI-,宮城県,0,,-
PENDUAL,TOXIC VIBRATION,0,,-,1591,MARIMO,宮城県,2454,KEEL,宮城県,3771,KEEL,宮城県,0,,-
PENDUAL,TIEFSEE,0,,-,1292,YULI,宮城県,2123,CHESED,宮城県,3490,CORI-,宮城県,0,,-
PENDUAL,The Least 100sec,0,,-,814,CORI-,宮城県,1449,LIERRE,宮城県,2922,CORI-,宮城県,0,,-
PENDUAL,TA・DA ☆ YO・SHI,0,,-,1116,WRXSTI,宮城県,1636,LIERRE,宮城県,2326,CORI-,宮城県,0,,-
PENDUAL,Symmetry,0,,-,1155,MARIMO,宮城県,2121,YUFFIE,宮城県,3269,JN*1CC,宮城県,0,,-
PENDUAL,Sweet Radar,0,,-,676,MARIMO,宮城県,1372,MORBOL,宮城県,2034,CORI-,宮城県,0,,-
PENDUAL,SpaceLand☆TOYBOX,0,,-,1081,WRXSTI,宮城県,1759,YULI,宮城県,2948,CORI-,宮城県,0,,-
PENDUAL,Sounds Of Summer ,0,,-,1247,EBI,宮城県,2034,CAIT.C,宮城県,2983,KEEL,宮城県,0,,-
PENDUAL,Shooting Fireball,0,,-,962,LIERRE,宮城県,2241,MAKINA,宮城県,3910,KEEL,宮城県,0,,-
PENDUAL,Scars of FAUNA,0,,-,865,LIERRE,宮城県,1689,LIERRE,宮城県,2912,KEEL,宮城県,0,,-
PENDUAL,Scarlet Moon,0,,-,1073,INKYO.,宮城県,1958,YUFFIE,宮城県,2748,KEEL,宮城県,0,,-
PENDUAL,Say YEEEAHH,0,,-,1165,LEGACY,宮城県,1831,OMAME,宮城県,3270,CORI-,宮城県,0,,-
PENDUAL,SAMSARA,0,,-,858,1N319N,宮城県,1447,DARK-I,宮城県,2057,CORI-,宮城県,0,,-
PENDUAL,Sakura Mirage,0,,-,1000,LEGACY,宮城県,1384,YULI,宮城県,2356,CORI-,宮城県,0,,-
PENDUAL,Reflux,0,,-,796,MARIMO,宮城県,1609,E-BODY,宮城県,3066,CORI-,宮城県,0,,-
PENDUAL,Realize Maze,0,,-,1273,YULI,宮城県,2078,YUFFIE,宮城県,2972,CORI-,宮城県,0,,-
PENDUAL,Rave*it!! Rave*it!! ,0,,-,995,L.E.H.,宮城県,1697,KIMARI,宮城県,3270,KEEL,宮城県,0,,-
PENDUAL,PENDUAL TALISMAN,0,,-,1044,YULI,宮城県,1630,YULI,宮城県,2624,CORI-,宮城県,0,,-
PENDUAL,On My Wings(Hardstyle IIDX),0,,-,919,KIMARI,宮城県,1272,YULI,宮城県,1985,KEEL,宮城県,0,,-
PENDUAL,No Tears,0,,-,1194,WRXSTI,宮城県,2066,777,宮城県,2539,KEEL,宮城県,0,,-
PENDUAL,Night sky,0,,-,1171,INKYO.,宮城県,1889,E-BODY,宮城県,2924,NCG.SF,宮城県,0,,-
PENDUAL,NEO GENERATOR SEVEN,0,,-,924,INKYO.,宮城県,1880,E-BODY,宮城県,3308,JN.1CC,宮城県,0,,-
PENDUAL,Monopole.,0,,-,804,INKYO.,宮城県,1665,AYKS.A,宮城県,3373,CORI-,宮城県,0,,-
PENDUAL,m1dy Festival,0,,-,827,KOTT,宮城県,1599,ASA,宮城県,2407,HIRO,宮城県,0,,-
PENDUAL,Line 4 Ruin,0,,-,710,LEGACY,宮城県,1804,YULI,宮城県,2791,CORI-,宮城県,0,,-
PENDUAL,IXION,0,,-,1117,INKYO.,宮城県,1766,CHESED,宮城県,2161,KEEL,宮城県,0,,-
PENDUAL,Invitation from Mr.C,0,,-,1152,WRXSTI,宮城県,1589,LIERRE,宮城県,2761,KEEL,宮城県,0,,-
PENDUAL,In The Breeze,0,,-,662,INKYO.,宮城県,1171,VA,宮城県,1761,KEEL,宮城県,0,,-
PENDUAL,IMPLANTATION,0,,-,661,INKYO.,宮城県,1706,EBI,宮城県,2296,CORI-,宮城県,0,,-
PENDUAL,illuminate,0,,-,623,MARIMO,宮城県,1543,CHESED,宮城県,2329,KEEL,宮城県,0,,-
PENDUAL,Hello Happiness,0,,-,896,WRXSTI,宮城県,1664,LIERRE,宮城県,2339,KEEL,宮城県,0,,-
PENDUAL,HELL SCAPER -Last Escape Remix-,0,,-,977,INKYO.,宮城県,1803,YULI,宮城県,2872,CORI-,宮城県,0,,-
PENDUAL,Gravigazer,0,,-,979,INKYO.,宮城県,1883,E-BODY,宮城県,3024,CORI-,宮城県,0,,-
PENDUAL,Flashes,0,,-,956,INKYO.,宮城県,1808,YULI,宮城県,3312,CORI-,宮城県,0,,-
PENDUAL,FANTASTIC THREE,0,,-,1318,LIERRE,宮城県,2191,INUE,宮城県,3217,CORI-,宮城県,0,,-
PENDUAL,fallen leaves -IIDX edition-,0,,-,1178,INKYO.,宮城県,2100,EBI,宮城県,3421,KEEL,宮城県,0,,-
PENDUAL,Erosion Mark  ,0,,-,789,WRXSTI,宮城県,1549,YULI,宮城県,2168,KEEL,宮城県,0,,-
PENDUAL,entelecheia,0,,-,1024,MENU,宮城県,2116,E-BODY,宮城県,3288,CORI-,宮城県,0,,-
PENDUAL,EBONY & IVORY,0,,-,1085,MARIMO,宮城県,1749,YUFFIE,宮城県,3001,JN*1CC,宮城県,3666,CORI-,宮城県
PENDUAL,Discloze,0,,-,949,INKYO.,宮城県,1673,INUE,宮城県,2702,CORI-,宮城県,0,,-
PENDUAL,Despair of ELFERIA,0,,-,1247,7UU,宮城県,2431,NJC.NA,宮城県,4115,KEEL,宮城県,0,,-
PENDUAL,Cosmic Cat,0,,-,937,LEGACY,宮城県,1732,KWAL,宮城県,2311,CORI-,宮城県,3241,KEEL,宮城県
PENDUAL,COLOSSEUM ,0,,-,586,LEGACY,宮城県,1242,KIMARI,宮城県,2294,JN.1CC,宮城県,0,,-
PENDUAL,cinder,0,,-,848,WRXSTI,宮城県,1995,LIERRE,宮城県,3168,CORI-,宮城県,0,,-
PENDUAL,Chronos,0,,-,861,INKYO.,宮城県,1421,JN.1CC,宮城県,2373,KEEL,宮城県,3040,KEEL,宮城県
PENDUAL,Chrono Diver -PENDULUMs-,561,MARIMO,宮城県,1441,HOGERE,宮城県,2727,MORBOL,宮城県,4332,CORI-,宮城県,0,,-
PENDUAL,CHRONO DIVER -NORNIR-,0,,-,1137,CHIYA,宮城県,2187,SOBA,宮城県,3109,CORI-,宮城県,4403,CORI-,宮城県
PENDUAL,chrono diver -fragment-,0,,-,690,MARIMO,宮城県,1164,NOMI,宮城県,1794,YULI,宮城県,2251,KEEL,宮城県
PENDUAL,Chain of pain,0,,-,777,INKYO.,宮城県,1537,YULI,宮城県,2248,CORI-,宮城県,0,,-
PENDUAL,Broken Sword,0,,-,1291,MARIMO,宮城県,2091,PI,宮城県,3738,CORI-,宮城県,0,,-
PENDUAL,BLUE MIRAGE,0,,-,1144,MARIMO,宮城県,2024,EBI,宮城県,3110,CORI-,宮城県,0,,-
PENDUAL,Blaze it UP!,0,,-,981,1N319N,宮城県,1887,TA9.,宮城県,2977,CORI-,宮城県,0,,-
PENDUAL,Beyond The Earth,0,,-,1284,INKYO.,宮城県,2048,DLSITE,宮城県,3205,MORBOL,宮城県,0,,-
PENDUAL,Beat Radiance,0,,-,998,YULI,宮城県,1635,YULI,宮城県,2650,JN.1CC,宮城県,3582,CORI-,宮城県
PENDUAL,AFRO KNUCKLE,0,,-,972,INKYO.,宮城県,1779,YULI,宮城県,2436,CORI-,宮城県,0,,-
PENDUAL,#The_Relentless,0,,-,1199,INKYO.,宮城県,1939,FISH,宮城県,2939,CORI-,宮城県,4330,NJC.NA,宮城県
copula,麗 ～うらら～,264,MARIMO,宮城県,1145,YULI,宮城県,1790,KEEL,宮城県,2639,CORI-,宮城県,0,,-
copula,駅猫のワルツ,0,,-,1143,MARIMO,宮城県,2124,YULI,宮城県,2923,CORI-,宮城県,0,,-
copula,量子の海のリントヴルム,0,,-,901,INKYO.,宮城県,1811,YULI,宮城県,2981,KEEL,宮城県,0,,-
copula,追想快晴テーマパーク,0,,-,1187,ALT,宮城県,2067,MASTER,宮城県,3135,CORI-,宮城県,0,,-
copula,紫陽花 -AZISAI-,422,MARIMO,宮城県,1256,LEGACY,宮城県,2058,LIERRE,宮城県,2929,CORI-,宮城県,3429,CORI-,宮城県
copula,真 地獄超特急 -HELL or HELL-,0,,-,1430,INKYO.,宮城県,2187,DLSITE,宮城県,3363,CORI-,宮城県,0,,-
copula,炸裂！イェーガー電光チョップ！！(JAEGER FINAL ATTACK),0,,-,1306,MARIMO,宮城県,1982,C,宮城県,2513,VA,宮城県,0,,-
copula,灼熱 Pt.2 Long Train Running,628,INKYO.,宮城県,1332,INKYO.,宮城県,2126,KEEL,宮城県,3476,CORI-,宮城県,0,,-
copula,朝焼けから始まるボクらの小さな旅,0,,-,956,WRXSTI,宮城県,1702,E-BODY,宮城県,2558,CORI-,宮城県,0,,-
copula,星屑ディスタンシア,0,,-,699,INKYO.,宮城県,1205,LIERRE,宮城県,2124,CORI-,宮城県,0,,-
copula,明鏡止水,0,,-,846,INKYO.,宮城県,1852,GSTMOG,宮城県,2836,CORI-,宮城県,0,,-
copula,少女アリスと箱庭幻想コンチェルト,0,,-,769,WRXSTI,宮城県,1499,YULI,宮城県,2176,CORI-,宮城県,0,,-
copula,セロトニン,0,,-,1320,WRXSTI,宮城県,1818,DLSITE,宮城県,2345,CORI-,宮城県,0,,-
copula,シュッパツシンコウ・シサカンコ,0,,-,1128,YULI,宮城県,1778,EBI,宮城県,2453,CORI-,宮城県,0,,-
copula,ギョギョっと人魚 爆婚ブライダル,0,,-,827,MARIMO,宮城県,1453,FANZA*,宮城県,2399,CORI-,宮城県,0,,-
copula,オルタネイトβ,0,,-,834,MARIMO,宮城県,1439,YULI,宮城県,2256,KRSRIN,宮城県,0,,-
copula,めいさいアイドル☆あいむちゃん♪,0,,-,1508,SKMMYP,宮城県,2303,INUE,宮城県,3336,JN*1CC,宮城県,0,,-
copula,か・し・ま・し☆PUMP UP！,0,,-,1185,1N319N,宮城県,1870,1N319N,宮城県,2853,KEEL,宮城県,0,,-
copula,ZEPHYRANTHES,0,,-,1009,MARIMO,宮城県,1829,LIERRE,宮城県,2965,KEEL,宮城県,3866,KEEL,宮城県
copula,X,0,,-,1571,INKYO.,宮城県,2498,YUFFIE,宮城県,3868,CORI-,宮城県,0,,-
copula,Welcome,0,,-,868,WRXSTI,宮城県,1793,E-BODY,宮城県,2696,CORI-,宮城県,3360,CORI-,宮城県
copula,Violet Rose,0,,-,1235,LEGACY,宮城県,1992,TENKUN,宮城県,2598,CORI-,宮城県,0,,-
copula,Violet Pulse,0,,-,432,MARIMO,宮城県,1682,YULI,宮城県,2441,KEEL,宮城県,4102,CORI-,宮城県
copula,Uh-Oh,0,,-,1117,1N319N,宮城県,1708,KAMIEL,宮城県,2440,CORI-,宮城県,0,,-
copula,Triple Counter,0,,-,1377,MARIMO,宮城県,2202,TA9.,宮城県,3954,KEEL,宮城県,0,,-
copula,Tori-no-kimochi,0,,-,266,MARIMO,宮城県,1312,YULI,宮城県,2017,CORI-,宮城県,0,,-
copula,SURVIVOR,0,,-,709,INKYO.,宮城県,1282,YULI,宮城県,2019,CORI-,宮城県,0,,-
copula,Super Duper Racers,0,,-,954,INKYO.,宮城県,1595,YULI,宮城県,2375,CORI-,宮城県,0,,-
copula,StrayedCatz,0,,-,1080,EBI,宮城県,2030,JN*1CC,宮城県,2877,CORI-,宮城県,0,,-
copula,STARLIGHT DANCEHALL,0,,-,1262,LIERRE,宮城県,1835,E-BODY,宮城県,2667,CORI-,宮城県,3353,CORI-,宮城県
copula,STARLiGHT,0,,-,950,MARIMO,宮城県,1817,LIERRE,宮城県,2808,CORI-,宮城県,0,,-
copula,SHELTER OF THE MIND,0,,-,1428,MARIMO,宮城県,1994,777,宮城県,3046,JN*1CC,宮城県,0,,-
copula,Set U Free feat. Kanae Asaba,0,,-,938,INKYO.,宮城県,1545,ASA,宮城県,2551,KEEL,宮城県,0,,-
copula,Sephirot,0,,-,951,WRXSTI,宮城県,1650,YULI,宮城県,2348,KEEL,宮城県,0,,-
copula,SEITEN NO TERIYAKI,0,,-,742,34437,宮城県,1282,YULI,宮城県,2248,JN.1CC,宮城県,0,,-
copula,Routing,0,,-,941,MARIMO,宮城県,1647,LIERRE,宮城県,2581,CORI-,宮城県,0,,-
copula,Rock It,0,,-,1170,INKYO.,宮城県,1652,LIERRE,宮城県,2977,CORI-,宮城県,0,,-
copula,refrain,0,,-,1230,INKYO.,宮城県,2358,NCG.SF,宮城県,3626,KEEL,宮城県,0,,-
copula,quick master (reform version),0,,-,160,MARIMO,宮城県,353,MARIMO,宮城県,528,YULI,宮城県,0,,-
copula,POSSESSION,543,YULI,宮城県,1383,INKYO.,宮城県,2155,KEEL,宮城県,3018,CORI-,宮城県,0,,-
copula,Outbreak,0,,-,1330,1N319N,宮城県,1853,1N319N,宮城県,3022,JN.1CC,宮城県,0,,-
copula,On the FM,0,,-,1112,MARIMO,宮城県,1622,E-BODY,宮城県,2810,CORI-,宮城県,0,,-
copula,NZM,0,,-,1081,?INKYG,宮城県,1587,LIERRE,宮城県,3506,CORI-,宮城県,0,,-
copula,Nowhere,0,,-,861,LEGACY,宮城県,1484,YULI,宮城県,2171,KEEL,宮城県,0,,-
copula,NO LIMIT -オレ達に限界は無い-,0,,-,831,INKYO.,宮城県,1239,YULI,宮城県,2291,CORI-,宮城県,0,,-
copula,NINJA IS DEAD IIDX ver.,0,,-,1224,WRXSTI,宮城県,1878,GSTMOG,宮城県,3020,CORI-,宮城県,0,,-
copula,Nightmare before oversleep,0,,-,1178,MARIMO,宮城県,1886,SKMMYP,宮城県,2932,KEEL,宮城県,0,,-
copula,NANAIRO,0,,-,1044,MARIMO,宮城県,1798,YUFFIE,宮城県,2572,KEEL,宮城県,0,,-
copula,Musik LoverZ,0,,-,1063,INKYO.,宮城県,1416,YULI,宮城県,2513,CORI-,宮城県,0,,-
copula,M4K3 1T B0UNC3,0,,-,1390,EBI,宮城県,2093,INUE,宮城県,3052,CORI-,宮城県,0,,-
copula,La dolce primavera,0,,-,710,MARIMO,宮城県,1378,YULI,宮城県,2159,EBI,宮城県,0,,-
copula,Konzert V,0,,-,1286,INKYO.,宮城県,2268,YUFFIE,宮城県,3373,CORI-,宮城県,0,,-
copula,Journey,0,,-,688,MARIMO,宮城県,1247,YULI,宮城県,1891,CORI-,宮城県,3140,CORI-,宮城県
copula,Inner Spirit,0,,-,872,WRXSTI,宮城県,1898,1N319N,宮城県,2834,KEEL,宮城県,0,,-
copula,Highcharge Divolt,0,,-,900,NCG.SF,宮城県,1716,E-BODY,宮城県,2813,CORI-,宮城県,0,,-
copula,Grand Chariot,0,,-,1147,KAIN,宮城県,1902,E-BODY,宮城県,3454,KEEL,宮城県,0,,-
copula,Godspeed,0,,-,1063,MARIMO,宮城県,1978,CORI-,宮城県,3188,CORI-,宮城県,0,,-
copula,GOBBLE,0,,-,500,YULI,宮城県,720,YULI,宮城県,1718,CORI-,宮城県,0,,-
copula,Go Faraway,0,,-,1019,LEGACY,宮城県,1507,YULI,宮城県,2497,KEEL,宮城県,0,,-
copula,Glitch Nerds,0,,-,1026,MARIMO,宮城県,1417,CHESED,宮城県,2261,KEEL,宮城県,0,,-
copula,GENERATE feat.綾倉盟,0,,-,1113,WRXSTI,宮城県,1776,YULI,宮城県,2356,KRSRIN,宮城県,0,,-
copula,Exchange Place,0,,-,767,MARIMO,宮城県,1264,LIERRE,宮城県,1796,YULI,宮城県,0,,-
copula,Everlasting Last,0,,-,850,MARIMO,宮城県,1623,CHESED,宮城県,2237,KEEL,宮城県,0,,-
copula,Dynamite,547,LIERRE,宮城県,1194,INKYO.,宮城県,2466,KEEL,宮城県,3872,CORI-,宮城県,0,,-
copula,Donkey Donk,0,,-,1187,INKYO.,宮城県,1723,NOMI,宮城県,2290,CORI-,宮城県,0,,-
copula,do the thing feat. Kanae Asaba,0,,-,625,MARIMO,宮城県,1512,KIMARI,宮城県,2331,CORI-,宮城県,0,,-
copula,DIAMOND CROSSING,0,,-,1007,INKYO.,宮城県,1772,SOBA,宮城県,3127,CORI-,宮城県,0,,-
copula,Devil's Gear,0,,-,1066,MARIMO,宮城県,2217,KUREA,宮城県,3461,KEEL,宮城県,0,,-
copula,Derelict Star feat. Ryu*,0,,-,1404,MARIMO,宮城県,1907,DLSITE,宮城県,2636,CORI-,宮城県,0,,-
copula,Damage Per Second,0,,-,888,MARIMO,宮城県,1422,YULI,宮城県,2037,JN.1CC,宮城県,2294,CORI-,宮城県
copula,Daily Lunch Special,0,,-,1081,INKYO.,宮城県,2108,34437,宮城県,2975,CORI-,宮城県,0,,-
copula,CODE:1 [revision1.0.1],0,,-,980,INKYO.,宮城県,1746,YUFFIE,宮城県,3117,KEEL,宮城県,0,,-
copula,chaos eater -IIDX edition-,0,,-,1180,WRXSTI,宮城県,1706,E-BODY,宮城県,2637,CORI-,宮城県,0,,-
copula,Central Station,0,,-,1034,MARIMO,宮城県,1577,YULI,宮城県,2425,MORBOL,宮城県,0,,-
copula,Blue Spring Express,0,,-,1287,MARIMO,宮城県,2073,KIMARI,宮城県,3288,KEEL,宮城県,0,,-
copula,Battle Train -IIDX Edition-,0,,-,894,INKYO.,宮城県,2501,E-BODY,宮城県,3295,CORI-,宮城県,0,,-
copula,Aublia,0,,-,970,YULI,宮城県,1561,YULI,宮城県,2563,KEEL,宮城県,0,,-
copula,Arcana,0,,-,1191,INKYO.,宮城県,1767,YULI,宮城県,2281,KEEL,宮城県,0,,-
copula,AO-1,0,,-,1243,EBI,宮城県,1956,CORI-,宮城県,2786,KEEL,宮城県,0,,-
copula,Angelic Jelly,0,,-,1139,INKYO.,宮城県,2072,E-BODY,宮城県,2814,CORI-,宮城県,0,,-
copula,Acid Pumper,0,,-,689,WRXSTI,宮城県,1598,NCG.SF,宮城県,2505,CORI-,宮城県,0,,-
copula,199024club -Re:BounceKiller-,0,,-,704,INKYO.,宮城県,1682,YULI,宮城県,2455,CORI-,宮城県,0,,-
SINOBUZ,鴉,0,,-,1494,INKYO.,宮城県,2238,DLSITE,宮城県,2694,KEEL,宮城県,0,,-
SINOBUZ,童話回廊,0,,-,950,WRXSTI,宮城県,1712,34437,宮城県,3108,KEEL,宮城県,0,,-
SINOBUZ,禍根,0,,-,816,INKYO.,宮城県,1332,777,宮城県,2613,CORI-,宮城県,0,,-
SINOBUZ,獅子霞麗ノ舞,0,,-,503,INKYO.,宮城県,1067,YULI,宮城県,1729,MORBOL,宮城県,0,,-
SINOBUZ,焔極OVERKILL,0,,-,1157,MARIMO,宮城県,2110,YULI,宮城県,3670,CORI-,宮城県,0,,-
SINOBUZ,火影,0,,-,710,INKYO.,宮城県,1412,LIERRE,宮城県,2803,CORI-,宮城県,0,,-
SINOBUZ,津軽雪,0,,-,1542,YULI,宮城県,2194,EBI,宮城県,3870,CORI-,宮城県,0,,-
SINOBUZ,次葉 -turn the page-,0,,-,847,INKYO.,宮城県,1408,YULI,宮城県,1988,YULI,宮城県,0,,-
SINOBUZ,月雪に舞う華のように,0,,-,842,XSCAPE,宮城県,1286,LIERRE,宮城県,2135,CORI-,宮城県,0,,-
SINOBUZ,恋はどう？モロ◎波動OK☆方程式!!,0,,-,1019,WRXSTI,宮城県,1551,RAY,宮城県,2479,CORI-,宮城県,0,,-
SINOBUZ,忍恋花,0,,-,1012,WRXSTI,宮城県,1695,CAPCOM,宮城県,2254,KEEL,宮城県,0,,-
SINOBUZ,刃図羅,0,,-,1231,MARIMO,宮城県,2102,JN*1CC,宮城県,3449,CORI-,宮城県,0,,-
SINOBUZ,冬椿 ft. Kanae Asaba,262,MARIMO,宮城県,956,KIMARI,宮城県,1254,YULI,宮城県,2280,KEEL,宮城県,3043,CORI-,宮城県
SINOBUZ,九尾狐夜行,0,,-,864,INKYO.,宮城県,1807,YULI,宮城県,2978,KEEL,宮城県,0,,-
SINOBUZ,ディッシュウォッシャー◎彡おいわちゃん,0,,-,714,INKYO.,宮城県,1414,YULI,宮城県,2544,CORI-,宮城県,0,,-
SINOBUZ,イザナミノナゲキ,0,,-,1193,INKYO.,宮城県,1962,INUE,宮城県,3233,KEEL,宮城県,0,,-
SINOBUZ,ちらちら・はらはら,0,,-,414,MARIMO,宮城県,948,HIRO&C,宮城県,1428,KEEL,宮城県,0,,-
SINOBUZ,〆,0,,-,1289,1N319N,宮城県,2341,1N319N,宮城県,3712,CORI-,宮城県,0,,-
SINOBUZ,Yellow Sketch(RX-Ver.S.P.L.),0,,-,775,CORI-,宮城県,1813,YUFFIE,宮城県,2867,KEEL,宮城県,0,,-
SINOBUZ,yamabiko (SINOBUZ Edition),0,,-,984,EBI,宮城県,1618,YULI,宮城県,2645,KEEL,宮城県,0,,-
SINOBUZ,XINOBIKILL,0,,-,992,WRXSTI,宮城県,1768,ICHIKA,宮城県,2925,CORI-,宮城県,0,,-
SINOBUZ,Warrior,0,,-,1007,INKYO.,宮城県,1776,DLSITE,宮城県,2502,CORI-,宮城県,0,,-
SINOBUZ,Vermilion,0,,-,899,INKYO.,宮城県,1384,EBI,宮城県,2059,CORI-,宮城県,0,,-
SINOBUZ,Venom,0,,-,1288,LIERRE,宮城県,2136,E-BODY,宮城県,3191,KEEL,宮城県,0,,-
SINOBUZ,Umbral,0,,-,617,MARIMO,宮城県,1426,YULI,宮城県,1912,KEEL,宮城県,3095,KEEL,宮城県
SINOBUZ,TOGAKUSHI,0,,-,1024,INKYO.,宮城県,1892,E-BODY,宮城県,2654,CORI-,宮城県,0,,-
SINOBUZ,The Commanders,0,,-,962,WRXSTI,宮城県,1486,LIERRE,宮城県,2447,CORI-,宮城県,0,,-
SINOBUZ,Sweet Clapper,0,,-,569,MARIMO,宮城県,1238,KIMARI,宮城県,1914,CORI-,宮城県,2920,JN*1CC,宮城県
SINOBUZ,Surf on the Light,0,,-,786,INKYO.,宮城県,1496,YULI,宮城県,2287,CORI-,宮城県,0,,-
SINOBUZ,Super Rush,0,,-,1034,34437,宮城県,1893,YULI,宮城県,3524,KEEL,宮城県,0,,-
SINOBUZ,Summerlights(IIDX Edition),0,,-,1126,INKYO.,宮城県,1842,LIERRE,宮城県,3125,CORI-,宮城県,0,,-
SINOBUZ,Steel Edge,0,,-,917,INKYO.,宮城県,1494,YULI,宮城県,3189,CORI-,宮城県,0,,-
SINOBUZ,Snakey Kung-fu,0,,-,1117,INKYO.,宮城県,2175,YUFFIE,宮城県,3459,CORI-,宮城県,0,,-
SINOBUZ,Sky High,442,MARIMO,宮城県,1162,INKYO.,宮城県,2352,YUFFIE,宮城県,3817,KEEL,宮城県,0,,-
SINOBUZ,SINOBUZ Fantasy,0,,-,1023,LEGACY,宮城県,1683,777,宮城県,2424,KEEL,宮城県,0,,-
SINOBUZ,shuriken,0,,-,774,WRXSTI,宮城県,1131,SKMMYP,宮城県,2576,CORI-,宮城県,0,,-
SINOBUZ,Shoot'Em All,0,,-,798,MARIMO,宮城県,1434,MARIMO,宮城県,2403,EBI,宮城県,0,,-
SINOBUZ,SEQUENCE CAT,0,,-,1080,INKYO.,宮城県,2208,DLSITE,宮城県,2855,CORI-,宮城県,0,,-
SINOBUZ,Selfish Sweet,0,,-,641,LEGACY,宮城県,971,YULI,宮城県,1726,CORI-,宮城県,0,,-
SINOBUZ,Seize the Day,0,,-,688,ALT,宮城県,1376,KIMARI,宮城県,2119,TP-KRN,宮城県,0,,-
SINOBUZ,Seaside Labyrinth,0,,-,648,INKYO.,宮城県,1304,YULI,宮城県,1883,KEEL,宮城県,0,,-
SINOBUZ,SAY BAY,0,,-,842,MARIMO,宮城県,1510,LIERRE,宮城県,2869,CORI-,宮城県,0,,-
SINOBUZ,Sarutobi Champion is 拙者,0,,-,946,MARIMO,宮城県,1502,HANDA8,宮城県,2264,CORI-,宮城県,0,,-
SINOBUZ,SAMURAI-Scramble,0,,-,1003,INKYO.,宮城県,1697,LIERRE,宮城県,2441,CORI-,宮城県,3015,CORI-,宮城県
SINOBUZ,ROTTERDAM SHOGUN,543,LIERRE,宮城県,1140,INKYO.,宮城県,1836,1N319N,宮城県,2580,CORI-,宮城県,0,,-
SINOBUZ,RISING FIRE HAWK,0,,-,853,INKYO.,宮城県,1505,KIMARI,宮城県,2706,KEEL,宮城県,0,,-
SINOBUZ,Remedy feat. Kanae Asaba,0,,-,926,FANZA*,宮城県,1601,E-BODY,宮城県,2212,CORI-,宮城県,0,,-
SINOBUZ,Rave Cannon,0,,-,1064,INKYO.,宮城県,1856,LIERRE,宮城県,3343,CORI-,宮城県,0,,-
SINOBUZ,RAIN,0,,-,1162,INKYO.,宮城県,1810,YULI,宮城県,3282,CORI-,宮城県,0,,-
SINOBUZ,Quakes,0,,-,1133,INKYO.,宮城県,2070,E-BODY,宮城県,3194,CORI-,宮城県,0,,-
SINOBUZ,Piano Samurai,0,,-,1077,INKYO.,宮城県,1735,LIERRE,宮城県,2472,YULI,宮城県,0,,-
SINOBUZ,PAPAYAPA BASS,0,,-,788,INKYO.,宮城県,1545,YULI,宮城県,2811,CORI-,宮城県,0,,-
SINOBUZ,OTENAMI Hurricane,0,,-,1271,WRXSTI,宮城県,2153,EBI,宮城県,3171,KEEL,宮城県,0,,-
SINOBUZ,OOO,0,,-,695,MARIMO,宮城県,1461,YULI,宮城県,2063,CORI-,宮城県,0,,-
SINOBUZ,nostos,0,,-,906,KIMARI,宮城県,1352,LIERRE,宮城県,2677,CORI-,宮城県,0,,-
SINOBUZ,Music is The Answer,0,,-,793,WRXSTI,宮城県,1427,EBI,宮城県,1938,CORI-,宮城県,0,,-
SINOBUZ,Modular Technology,0,,-,1229,EBI,宮城県,1903,LIERRE,宮城県,2702,CORI-,宮城県,0,,-
SINOBUZ,Mare Nectaris,0,,-,1440,IIDX27,宮城県,2113,KEEL,宮城県,3823,CORI-,宮城県,0,,-
SINOBUZ,Magical,0,,-,806,MARIMO,宮城県,1178,KAIN,宮城県,2002,NCG.SF,宮城県,0,,-
SINOBUZ,Macuilxochitl,531,EBI,宮城県,1432,LEGACY,宮城県,2245,E-BODY,宮城県,3328,CORI-,宮城県,0,,-
SINOBUZ,Lost wing at.0,0,,-,922,WRXSTI,宮城県,1468,YULI,宮城県,2492,CORI-,宮城県,0,,-
SINOBUZ,INVISIBLE STRIX,0,,-,1162,INKYO.,宮城県,2027,DLSITE,宮城県,2632,CORI-,宮城県,0,,-
SINOBUZ,Honey Trap,0,,-,839,INKYO.,宮城県,1615,MSTRAL,宮城県,2545,CORI-,宮城県,0,,-
SINOBUZ,HAPPY★RUSH,0,,-,794,MARIMO,宮城県,1875,LIERRE,宮城県,2908,KEEL,宮城県,0,,-
SINOBUZ,HADES,394,MARIMO,宮城県,988,INKYO.,宮城県,1849,HANDA8,宮城県,3120,CORI-,宮城県,0,,-
SINOBUZ,GuNGNiR,0,,-,1308,7UU,宮城県,2704,JN.1CC,宮城県,3948,KEEL,宮城県,4619,CORI-,宮城県
SINOBUZ,Go Ahead!!,0,,-,1016,SKMMYP,宮城県,1564,YULI,宮城県,2713,KEEL,宮城県,0,,-
SINOBUZ,FUZIN RIZIN,0,,-,1200,1N319N,宮城県,1972,INUE,宮城県,3799,KEEL,宮城県,0,,-
SINOBUZ,elemental bender feat. Kanae Asaba,0,,-,642,MARIMO,宮城県,1177,MARIMO,宮城県,1635,KEEL,宮城県,0,,-
SINOBUZ,Egret and Willow,0,,-,1029,INKYO.,宮城県,1615,MARIMO,宮城県,2738,CORI-,宮城県,0,,-
SINOBUZ,ECHIDNA,0,,-,1269,LEGACY,宮城県,2104,EBI,宮城県,3440,CORI-,宮城県,0,,-
SINOBUZ,DORNWALD ～Junge～,0,,-,1281,INKYO.,宮城県,2228,YUFFIE,宮城県,3670,CORI-,宮城県,0,,-
SINOBUZ,Cyber True Color,0,,-,985,WRXSTI,宮城県,1655,YUFFIE,宮城県,2365,KEEL,宮城県,0,,-
SINOBUZ,crew,0,,-,633,1N319N,宮城県,1751,VA,宮城県,2930,CORI-,宮城県,0,,-
SINOBUZ,Caterpillar,0,,-,1196,EBI,宮城県,2182,INUE,宮城県,3079,CORI-,宮城県,0,,-
SINOBUZ,BroGamer,0,,-,1369,UF,宮城県,2131,LIERRE,宮城県,3107,CORI-,宮城県,4690,CORI-,宮城県
SINOBUZ,Breakin' Chain,0,,-,716,WRXSTI,宮城県,1301,MARIMO,宮城県,2313,MONAKA,宮城県,0,,-
SINOBUZ,BREAK OVER,0,,-,886,WRXSTI,宮城県,1537,LIERRE,宮城県,2401,CORI-,宮城県,0,,-
SINOBUZ,Beyond The Seven,0,,-,740,LIERRE,宮城県,1320,DLSITE,宮城県,2727,KEEL,宮城県,0,,-
SINOBUZ,Believe in you,0,,-,1191,MARIMO,宮城県,1892,E-BODY,宮城県,2438,CORI-,宮城県,0,,-
SINOBUZ,Beat Juggling Mix,0,,-,990,CAG3,宮城県,1572,LIERRE,宮城県,2243,CORI-,宮城県,0,,-
SINOBUZ,Be A Star,0,,-,964,MARIMO,宮城県,1818,E-BODY,宮城県,2814,KEEL,宮城県,0,,-
SINOBUZ,BabeL ～Grand Story～,0,,-,1262,INKYO.,宮城県,2119,YULI,宮城県,2814,KEEL,宮城県,0,,-
SINOBUZ,AsiaN distractive,0,,-,1181,WRXSTI,宮城県,1780,YULI,宮城県,2638,CORI-,宮城県,0,,-
SINOBUZ,Around The Galaxy,0,,-,1114,INKYO.,宮城県,2122,YULI,宮城県,3410,CORI-,宮城県,0,,-
SINOBUZ,Apocalypse,0,,-,1147,WRXSTI,宮城県,2155,YUFFIE,宮城県,3585,CORI-,宮城県,0,,-
SINOBUZ,AO-∞,0,,-,1124,LEGACY,宮城県,1826,DLSITE,宮城県,2646,YULI,宮城県,0,,-
SINOBUZ,Amazing Mirage,377,MARIMO,宮城県,901,1N319N,宮城県,1747,YUFFIE,宮城県,2653,CORI-,宮城県,3296,KEEL,宮城県
SINOBUZ,(This Is Not) The Angels,0,,-,605,DO3PIN,宮城県,1462,YULI,宮城県,2720,CORI-,宮城県,0,,-
SINOBUZ,#MAGiCVLGiRL_TRVP_B3VTZ,0,,-,1167,INKYO.,宮城県,1958,SKMMYP,宮城県,3447,CORI-,宮城県,0,,-
SINOBUZ,!Viva!,0,,-,972,INKYO.,宮城県,1632,YULI,宮城県,2021,CORI-,宮城県,0,,-
CANNON BALLERS,草原の王女-軌跡を辿って-,0,,-,695,MARIMO,宮城県,1230,YULI,宮城県,2335,CORI-,宮城県,0,,-
CANNON BALLERS,純真可憐デザイア,254,MARIMO,宮城県,835,MARIMO,宮城県,1611,NOMI,宮城県,2334,KEEL,宮城県,0,,-
CANNON BALLERS,神謳 -RESONANCE-,0,,-,1390,MARIMO,宮城県,2522,TENKUN,宮城県,4048,CORI-,宮城県,0,,-
CANNON BALLERS,東京神話,470,MARIMO,宮城県,1036,INKYO.,宮城県,1760,LIL.,宮城県,2854,CORI-,宮城県,0,,-
CANNON BALLERS,命の標本,0,,-,737,DES-K,宮城県,1659,LIERRE,宮城県,2675,JN.1CC,宮城県,0,,-
CANNON BALLERS,共犯へヴンズコード,0,,-,511,MARIMO,宮城県,1380,YULI,宮城県,2274,KEEL,宮城県,0,,-
CANNON BALLERS,ラストセンチュリーメランコリック,0,,-,849,WRXSTI,宮城県,1619,YULI,宮城県,2197,CORI-,宮城県,0,,-
CANNON BALLERS,パラドキシカル・タイムリープトライアル(Short Ver.),0,,-,1045,WRXSTI,宮城県,1878,E-BODY,宮城県,2784,KEEL,宮城県,0,,-
CANNON BALLERS,バスルーム ロマンス,0,,-,968,1N319N,宮城県,1433,1N319N,宮城県,2444,CORI-,宮城県,0,,-
CANNON BALLERS,バ→ビ→ブ→Bomb!,0,,-,838,INKYO.,宮城県,1785,CHESED,宮城県,2546,JN*1CC,宮城県,0,,-
CANNON BALLERS,ハイ*ビスカス ft. Kanae Asaba,0,,-,861,WRXSTI,宮城県,1551,YULI,宮城県,2448,KEEL,宮城県,0,,-
CANNON BALLERS,ナイトシティー・アヴァンチュール,0,,-,1041,YULI,宮城県,1536,KIMARI,宮城県,2089,KEEL,宮城県,0,,-
CANNON BALLERS,シムルグの目醒め,0,,-,1395,INKYO.,宮城県,2326,TOKI.,宮城県,3490,KEEL,宮城県,0,,-
CANNON BALLERS,エディブルフラワーの独白,0,,-,818,MARIMO,宮城県,1567,YULI,宮城県,2204,KEEL,宮城県,0,,-
CANNON BALLERS,うさ☆かめ 大戦争！,0,,-,950,INKYO.,宮城県,1623,KIMARI,宮城県,2519,KEEL,宮城県,0,,-
CANNON BALLERS,Xperanza,548,EBI,宮城県,1369,GAKIO,宮城県,2422,OSHU4*,宮城県,3210,CORI-,宮城県,0,,-
CANNON BALLERS,VOX RUSH,0,,-,1273,YUKI,宮城県,2189,S.S-R2,宮城県,3328,KEEL,宮城県,0,,-
CANNON BALLERS,Usual Days-remix,0,,-,1074,INKYO.,宮城県,1501,KIMARI,宮城県,2665,KEEL,宮城県,0,,-
CANNON BALLERS,UMMU,437,MARIMO,宮城県,1218,FANZA*,宮城県,2116,CORI-,宮城県,3131,CORI-,宮城県,0,,-
CANNON BALLERS,The Revolution (VIP Mix),0,,-,791,WRXSTI,宮城県,1473,LEGACY,宮城県,1867,KEEL,宮城県,0,,-
CANNON BALLERS,The Chase,0,,-,699,INKYO.,宮城県,1351,LIERRE,宮城県,2258,CORI-,宮城県,0,,-
CANNON BALLERS,THE CANNONBALLER,488,MARIMO,宮城県,1462,LEGACY,宮城県,2389,GSTMOG,宮城県,3448,CORI-,宮城県,0,,-
CANNON BALLERS,Temple of Anubis,0,,-,1023,INKYO.,宮城県,1522,LIERRE,宮城県,2667,CORI-,宮城県,0,,-
CANNON BALLERS,SUNLiGHT (IIDX Mix),0,,-,1184,1N319N,宮城県,1690,DLSITE,宮城県,2668,KEEL,宮城県,0,,-
CANNON BALLERS,Static State,0,,-,1068,INKYO.,宮城県,1734,#464,宮城県,2388,CORI-,宮城県,0,,-
CANNON BALLERS,STARLIGHT JUNCTION,0,,-,888,WRXSTI,宮城県,1588,LIERRE,宮城県,2287,KEEL,宮城県,2872,LE.F,宮城県
CANNON BALLERS,SPEED DEMON,0,,-,749,INKYO.,宮城県,1455,KICHI,宮城県,2364,CORI-,宮城県,0,,-
CANNON BALLERS,SPEED,0,,-,829,BUDDA,宮城県,1577,LIERRE,宮城県,2443,S.S-R2,宮城県,0,,-
CANNON BALLERS,"Son, not gabba now",0,,-,894,MARIMO,宮城県,1591,KIMARI,宮城県,2368,UF,宮城県,0,,-
CANNON BALLERS,Slipstream,0,,-,1058,MARIMO,宮城県,2026,E-BODY,宮城県,3581,CORI-,宮城県,0,,-
CANNON BALLERS,Sleepless days,0,,-,510,MARIMO,宮城県,911,SKMMYP,宮城県,1576,CORI-,宮城県,0,,-
CANNON BALLERS,SHOX,0,,-,838,INKYO.,宮城県,1165,KIMARI,宮城県,1716,EBI,宮城県,0,,-
CANNON BALLERS,Rise Circuit,0,,-,942,LIERRE,宮城県,1554,SHV46,宮城県,2321,KEEL,宮城県,0,,-
CANNON BALLERS,REVOLVER,0,,-,923,WRXSTI,宮城県,1654,YULI,宮城県,2762,CORI-,宮城県,3341,CORI-,宮城県
CANNON BALLERS,Raspberry Railgun,0,,-,1361,ANEL,宮城県,2185,LANUGO,宮城県,3167,KEEL,宮城県,0,,-
CANNON BALLERS,Rampage,0,,-,1281,INKYO.,宮城県,2466,E-BODY,宮城県,3618,CORI-,宮城県,0,,-
CANNON BALLERS,Persephone,0,,-,1279,ALT,宮城県,1938,N13R.,宮城県,3000,KEEL,宮城県,0,,-
CANNON BALLERS,Papilio ulysses,0,,-,1206,LIERRE,宮城県,2131,CORI-,宮城県,2947,CORI-,宮城県,0,,-
CANNON BALLERS,Only for now,0,,-,912,MARIMO,宮城県,1571,YULI,宮城県,2267,KEEL,宮城県,0,,-
CANNON BALLERS,O/D*20,0,,-,1147,IIDX27,宮城県,1693,YULI,宮城県,2127,CORI-,宮城県,3882,CORI-,宮城県
CANNON BALLERS,Nothing but Theory,0,,-,1085,WRXSTI,宮城県,1591,YULI,宮城県,2856,KEEL,宮城県,3676,NJC.NA,宮城県
CANNON BALLERS,No Limit 2 dAnce feat. 大山愛未,0,,-,979,INKYO.,宮城県,1560,LIERRE,宮城県,2346,KEEL,宮城県,0,,-
CANNON BALLERS,NITROUS CANNON,0,,-,1360,INKYO.,宮城県,1981,HANDA8,宮城県,3611,KEEL,宮城県,0,,-
CANNON BALLERS,n'pa pa BBQ,0,,-,931,INKYO.,宮城県,1744,1N319N,宮城県,2800,CORI-,宮城県,0,,-
CANNON BALLERS,Mira,0,,-,821,HILLT,宮城県,1766,MARIMO,宮城県,3019,NEMOUS,宮城県,0,,-
CANNON BALLERS,Midnight Lady,0,,-,639,WRXSTI,宮城県,1150,HANDA8,宮城県,1946,KEEL,宮城県,0,,-
CANNON BALLERS,MAXIVCORD,0,,-,814,INKYO.,宮城県,1439,LIERRE,宮城県,2487,CORI-,宮城県,0,,-
CANNON BALLERS,LUV DRIVE,0,,-,831,INKYO.,宮城県,1333,INKYO.,宮城県,2134,KEEL,宮城県,0,,-
CANNON BALLERS,LIGHTS ft. EVO+,0,,-,755,LIERRE,宮城県,1418,LIERRE,宮城県,2383,KEEL,宮城県,0,,-
CANNON BALLERS,"Life Is A Game ft.DD""ナカタ""Metal",0,,-,1253,WRXSTI,宮城県,1903,INUE,宮城県,3469,CORI-,宮城県,0,,-
CANNON BALLERS,Let's Bounce !!,0,,-,719,L.E.H.,宮城県,1240,MARIMO,宮城県,2233,NCG.SF,宮城県,0,,-
CANNON BALLERS,Initiation,658,MARIMO,宮城県,1485,1N319N,宮城県,2490,YUFFIE,宮城県,3986,CORI-,宮城県,0,,-
CANNON BALLERS,Illusionary Waterlily,0,,-,1278,INKYO.,宮城県,2253,CORI-,宮城県,3553,CORI-,宮城県,0,,-
CANNON BALLERS,I'm Coming (2017 Version),0,,-,638,MARIMO,宮城県,1277,C,宮城県,2096,NCG.SF,宮城県,0,,-
CANNON BALLERS,I Love You,0,,-,1073,YULI,宮城県,1900,TENKUN,宮城県,2742,KEEL,宮城県,0,,-
CANNON BALLERS,HYPE THE CORE,0,,-,1105,LEGACY,宮城県,2017,YULI,宮城県,3050,CORI-,宮城県,0,,-
CANNON BALLERS,Hella Deep,0,,-,644,KIMARI,宮城県,1056,YULI,宮城県,1897,CORI-,宮城県,0,,-
CANNON BALLERS,HAT TRICK,0,,-,857,INKYO.,宮城県,1438,LIERRE,宮城県,2225,CORI-,宮城県,0,,-
CANNON BALLERS,Get Up! feat. Kanae Asaba,0,,-,584,INKYO.,宮城県,1225,NEOVA,宮城県,1896,MORBOL,宮城県,0,,-
CANNON BALLERS,FUTURE is Dead,0,,-,920,?INKYG,宮城県,1491,KIMARI,宮城県,2275,CORI-,宮城県,0,,-
CANNON BALLERS,From Time To Time,0,,-,799,WRXSTI,宮城県,1916,YUFFIE,宮城県,2563,CORI-,宮城県,0,,-
CANNON BALLERS,FREEDOM,0,,-,1006,INKYO.,宮城県,1737,KIMARI,宮城県,2941,CORI-,宮城県,0,,-
CANNON BALLERS,FIRE BALL,0,,-,855,MARIMO,宮城県,1604,SHV46,宮城県,2447,UF,宮城県,0,,-
CANNON BALLERS,Fervidex,0,,-,853,LIERRE,宮城県,1814,KIMARI,宮城県,2706,KEEL,宮城県,0,,-
CANNON BALLERS,Expanded !!,0,,-,677,MARIMO,宮城県,1534,LIERRE,宮城県,2633,CORI-,宮城県,0,,-
CANNON BALLERS,Exhaust Hype,0,,-,1035,INKYO.,宮城県,1955,YUFFIE,宮城県,2821,KEEL,宮城県,0,,-
CANNON BALLERS,encounter,0,,-,977,INKYO.,宮城県,1765,YUFFIE,宮城県,3270,KEEL,宮城県,0,,-
CANNON BALLERS,EMERALDAS,527,CORI-,宮城県,1360,YULI,宮城県,2451,KEEL,宮城県,3559,CORI-,宮城県,0,,-
CANNON BALLERS,Eine Haube ～聖地の果てにあるもの～,0,,-,972,WRXSTI,宮城県,1435,YULI,宮城県,2611,CORI-,宮城県,0,,-
CANNON BALLERS,DropZ-Line-,0,,-,1316,YULI,宮城県,2119,YULI,宮城県,3257,CORI-,宮城県,0,,-
CANNON BALLERS,DEATH†ZIGOQ ～怒りの高速爆走野郎～,0,,-,1372,LE.F,宮城県,2407,KUREA,宮城県,4038,CORI-,宮城県,4735,CORI-,宮城県
CANNON BALLERS,DEADHEAT,0,,-,1192,EBI,宮城県,2000,DLSITE,宮城県,3345,KEEL,宮城県,0,,-
CANNON BALLERS,COSMIC☆WONDER☆REVOLUTION,0,,-,765,WRXSTI,宮城県,1423,YULI,宮城県,2088,YULI,宮城県,0,,-
CANNON BALLERS,City Never Sleeps (IIDX Edition),0,,-,1276,ANEL,宮城県,1906,DLSITE,宮城県,2664,KEEL,宮城県,0,,-
CANNON BALLERS,Chemical Cookie,0,,-,819,WRXSTI,宮城県,1447,E-BODY,宮城県,2138,CORI-,宮城県,0,,-
CANNON BALLERS,ChaserXX,0,,-,1070,WRXSTI,宮城県,1833,LIL.,宮城県,2853,CORI-,宮城県,3796,CORI-,宮城県
CANNON BALLERS,Break Stasis,0,,-,1327,INKYO.,宮城県,1918,DLSITE,宮城県,2529,KEEL,宮城県,0,,-
CANNON BALLERS,Boomy and The Boost,422,MARIMO,宮城県,1049,M*RINE,宮城県,2054,TA9.,宮城県,3619,CORI-,宮城県,0,,-
CANNON BALLERS,Best of Me,0,,-,809,M*RINE,宮城県,1584,LIERRE,宮城県,2234,CORI-,宮城県,0,,-
CANNON BALLERS,Beast mode,0,,-,1036,INKYO.,宮城県,1534,DLSITE,宮城県,2741,KEEL,宮城県,0,,-
CANNON BALLERS,Be a Hero!,0,,-,782,MARIMO,宮城県,1944,DW-33,宮城県,3119,CORI-,宮城県,0,,-
CANNON BALLERS,Battleground,0,,-,1178,INKYO.,宮城県,1858,LIERRE,宮城県,2695,CORI-,宮城県,0,,-
CANNON BALLERS,Back Spin Sweeper,0,,-,861,INKYO.,宮城県,1395,DARK-I,宮城県,2289,CORI-,宮城県,0,,-
CANNON BALLERS,Around the Future,0,,-,1086,INKYO.,宮城県,1745,YUFFIE,宮城県,2622,CORI-,宮城県,0,,-
CANNON BALLERS,Arca,0,,-,925,IIDX27,宮城県,1881,DO3PIN,宮城県,3130,KEEL,宮城県,0,,-
CANNON BALLERS,Antigravity,0,,-,1019,HERO&C,宮城県,1952,E-BODY,宮城県,3060,CORI-,宮城県,0,,-
CANNON BALLERS,ANCHOR,0,,-,1340,LIERRE,宮城県,2508,YULI,宮城県,3619,CORI-,宮城県,0,,-
CANNON BALLERS,ANAGMA,0,,-,1033,INKYO.,宮城県,1792,DLSITE,宮城県,2634,KEEL,宮城県,0,,-
CANNON BALLERS,Amor De Verao,0,,-,790,WRXSTI,宮城県,1402,KIMARI,宮城県,2366,CORI-,宮城県,0,,-
CANNON BALLERS,Alpheratz,0,,-,436,MARIMO,宮城県,1028,INKYO.,宮城県,2091,KEEL,宮城県,0,,-
CANNON BALLERS,Acidiva 303,0,,-,816,MARIMO,宮城県,1333,LEGACY,宮城県,2296,KEEL,宮城県,0,,-
CANNON BALLERS,ACCELERATE,0,,-,1169,INKYO.,宮城県,1740,E-BODY,宮城県,2508,KEEL,宮城県,0,,-
CANNON BALLERS,Abraxas,0,,-,796,INKYO.,宮城県,1657,YUFFIE,宮城県,2454,KEEL,宮城県,0,,-
CANNON BALLERS,AA -rebuild-,0,,-,1234,MARIMO,宮城県,2379,NOMI,宮城県,3607,CORI-,宮城県,0,,-
CANNON BALLERS,255,0,,-,904,INKYO.,宮城県,1594,NOMI,宮城県,3312,CORI-,宮城県,0,,-
CANNON BALLERS,2 Player,0,,-,976,WRXSTI,宮城県,1598,E-BODY,宮城県,2545,KEEL,宮城県,0,,-
CANNON BALLERS,1001 -ESCAPE-,0,,-,1029,WRXSTI,宮城県,1711,YULI,宮城県,2633,KEEL,宮城県,0,,-
Rootage,龍王の霊廟(Mausoleum Of The Primal Dragon),0,,-,1143,YULI,宮城県,2309,HYU-.,宮城県,3202,KEEL,宮城県,3988,CORI-,宮城県
Rootage,金野火織の金色提言,0,,-,1250,LIERRE,宮城県,2219,E-BODY,宮城県,3140,CORI-,宮城県,0,,-
Rootage,花冠 feat.Aikapin,0,,-,982,MARIMO,宮城県,1646,E-BODY,宮城県,2672,CORI-,宮城県,0,,-
Rootage,爆ゼニ☆がってんワーカー,0,,-,1236,WRXSTI,宮城県,1880,MAKINA,宮城県,2717,KEEL,宮城県,0,,-
Rootage,深愛のリグレット,0,,-,790,MARIMO,宮城県,1203,KIMARI,宮城県,2389,KEEL,宮城県,0,,-
Rootage,泰東ノ翠霞,0,,-,497,MARIMO,宮城県,755,LIERRE,宮城県,1787,YULI,宮城県,0,,-
Rootage,最小三倍完全数,0,,-,933,LIERRE,宮城県,1743,SHV46,宮城県,2546,KEEL,宮城県,0,,-
Rootage,抱きしめてモナムール,0,,-,1306,LIERRE,宮城県,2316,KIMARI,宮城県,4164,CORI-,宮城県,0,,-
Rootage,夏の匂い。キミの残像。 ft. Kanae Asaba,0,,-,691,MARIMO,宮城県,1530,LIERRE,宮城県,2557,KEEL,宮城県,0,,-
Rootage,ミッドナイト☆WAR,0,,-,822,M*RINE,宮城県,1574,YULI,宮城県,2506,CORI-,宮城県,0,,-
Rootage,ミストレス・アンに花束を,0,,-,586,YULI,宮城県,1024,YULI,宮城県,1429,KEEL,宮城県,0,,-
Rootage,ハードベース・フェスタ,0,,-,1136,INKYO.,宮城県,1821,INUE,宮城県,2856,KEEL,宮城県,0,,-
Rootage,セカンドピアス,0,,-,600,MARIMO,宮城県,1090,INKYO.,宮城県,2022,CORI-,宮城県,0,,-
Rootage,サクラあっぱれーしょん,268,MARIMO,宮城県,632,MARIMO,宮城県,1554,YULI,宮城県,2324,KEEL,宮城県,0,,-
Rootage,グラナダの風,0,,-,802,LIERRE,宮城県,1231,222222,宮城県,1878,CORI-,宮城県,0,,-
Rootage,お菓子の王国,0,,-,1406,MENU,宮城県,2238,CHESED,宮城県,4083,CORI-,宮城県,0,,-
Rootage,おーまい！らぶりー！すうぃーてぃ！だーりん！,0,,-,1104,CAG3,宮城県,1924,OBUTSU,宮城県,2925,KEEL,宮城県,0,,-
Rootage,ZENDEGI DANCE,0,,-,1196,LIERRE,宮城県,1833,YUFFIE,宮城県,2770,CORI-,宮城県,0,,-
Rootage,Yum Yum Jelly,0,,-,779,LEGACY,宮城県,1556,HANDA8,宮城県,2372,JN.1CC,宮城県,0,,-
Rootage,Xlo,0,,-,1504,EBI,宮城県,2514,YULI,宮城県,3845,CORI-,宮城県,0,,-
Rootage,XENON II ～TOMOYUKIの野望～,0,,-,1165,INKYO.,宮城県,1775,YUFFIE,宮城県,3009,KEEL,宮城県,0,,-
Rootage,X-DEN,0,,-,1653,EBI,宮城県,2734,KEEL,宮城県,4144,CORI-,宮城県,0,,-
Rootage,Wonderland,0,,-,1071,1N319N,宮城県,1881,1N319N,宮城県,2753,KEEL,宮城県,0,,-
Rootage,Won(*3*)Chu KissMe!,272,MARIMO,宮城県,915,L.E.H.,宮城県,1396,LIERRE,宮城県,2503,JN*1CC,宮城県,0,,-
Rootage,Wolf 1061,0,,-,1000,INKYO.,宮城県,1692,CHESED,宮城県,3138,CORI-,宮城県,0,,-
Rootage,Wing of Hearts,0,,-,1114,IIDX27,宮城県,1773,PENGEE,宮城県,2934,KEEL,宮城県,0,,-
Rootage,voltississimo,0,,-,1185,WRXSTI,宮城県,2099,DLSITE,宮城県,3687,CORI-,宮城県,0,,-
Rootage,Visterhv,0,,-,1262,LIERRE,宮城県,2255,5633,宮城県,3718,CORI-,宮城県,0,,-
Rootage,Urban Constellations,0,,-,719,INKYO.,宮城県,1491,YULI,宮城県,2300,CORI-,宮城県,0,,-
Rootage,UNDERWORLD HOLOGRAPHY,0,,-,1133,LIERRE,宮城県,2070,LIERRE,宮城県,3266,JN*1CC,宮城県,0,,-
Rootage,Unbelief,0,,-,1128,KIMARI,宮城県,2132,YULI,宮城県,3256,CORI-,宮城県,0,,-
Rootage,U.S.A.,571,MARIMO,宮城県,1124,MARIMO,宮城県,1879,EBI,宮城県,2896,KEEL,宮城県,0,,-
Rootage,Twilight Warp,0,,-,952,INKYO.,宮城県,1424,HANDA8,宮城県,2159,KEEL,宮城県,0,,-
Rootage,Trill auf G,0,,-,1146,LIERRE,宮城県,2097,E-BODY,宮城県,3256,KEEL,宮城県,0,,-
Rootage,ToyCube Pf.(RX-Ver.S.P.L.),0,,-,745,YULI,宮城県,1546,YULI,宮城県,2286,YULI,宮城県,0,,-
Rootage,toy boxer,0,,-,773,INKYO.,宮城県,1435,KIMARI,宮城県,2237,CORI-,宮城県,0,,-
Rootage,The Sealer ～ア・ミリアとミリアの民～,0,,-,840,LIERRE,宮城県,1399,LIERRE,宮城県,2228,YULI,宮城県,0,,-
Rootage,The Rebellion of Sequencer,0,,-,1224,MARIMO,宮城県,1979,E-BODY,宮城県,3134,KEEL,宮城県,0,,-
Rootage,THE DAY OF JUBILATIONS,0,,-,1523,MENU,宮城県,2374,E-BODY,宮城県,3447,KRSRIN,宮城県,0,,-
Rootage,The Best of Both Worlds,0,,-,599,MARIMO,宮城県,1433,YULI,宮城県,2243,JN.1CC,宮城県,0,,-
Rootage,Technicolour Dreams,0,,-,938,INKYO.,宮城県,1430,E-BODY,宮城県,2395,KEEL,宮城県,0,,-
Rootage,Starry Night,0,,-,889,ZUKA,宮城県,1635,PENGEE,宮城県,2501,NCG.SF,宮城県,0,,-
Rootage,SPEED ROCKER,0,,-,916,INKYO.,宮城県,1688,GSTMOG,宮城県,2317,KEEL,宮城県,0,,-
Rootage,Six String Proof,0,,-,889,WRXSTI,宮城県,1569,GSTMOG,宮城県,2526,KEEL,宮城県,0,,-
Rootage,SIGMA,0,,-,847,LIERRE,宮城県,1488,C,宮城県,2685,KEEL,宮城県,0,,-
Rootage,Sidechained Threats,0,,-,1215,LIERRE,宮城県,1918,CAG3,宮城県,2408,KEEL,宮城県,0,,-
Rootage,Serious?,0,,-,591,M*RINE,宮城県,1186,YULI,宮城県,2248,KEEL,宮城県,0,,-
Rootage,R∞tAge,543,INKYO.,宮城県,1102,WRXSTI,宮城県,1681,KIMARI,宮城県,2970,CORI-,宮城県,0,,-
Rootage,ruin of opals,0,,-,997,WRXSTI,宮城県,1928,YULI,宮城県,3215,CORI-,宮城県,0,,-
Rootage,ROZA DE ANDALUCIA,0,,-,1287,LIERRE,宮城県,2079,YULI,宮城県,3044,KEEL,宮城県,0,,-
Rootage,"ROCK女 feat. 大山愛未, Ken",0,,-,1048,WICKED,宮城県,1780,DLSITE,宮城県,2813,CORI-,宮城県,0,,-
Rootage,REPLAY,0,,-,946,INKYO.,宮城県,1616,LIERRE,宮城県,2265,KEEL,宮城県,0,,-
Rootage,Red. by Jack Trance,0,,-,1481,LIERRE,宮城県,2171,JN.1CC,宮城県,3644,CORI-,宮城県,0,,-
Rootage,Re:Story,0,,-,430,MARIMO,宮城県,1109,1N319N,宮城県,1943,EBI,宮城県,0,,-
Rootage,Psycho Sheep Riddim,0,,-,644,LEGACY,宮城県,1013,LIERRE,宮城県,1675,CORI-,宮城県,2293,CORI-,宮城県
Rootage,Please Welcome Mr.C,0,,-,1121,LIERRE,宮城県,1773,E-BODY,宮城県,2979,CORI-,宮城県,0,,-
Rootage,Playing With Fire,0,,-,1007,INKYO.,宮城県,1690,YULI,宮城県,2365,KEEL,宮城県,0,,-
Rootage,Particle Arts,0,,-,893,M*RINE,宮城県,1660,KIMARI,宮城県,2478,KEEL,宮城県,0,,-
Rootage,Painful Fate,0,,-,1242,7UU,宮城県,2265,TP-KRN,宮城県,3366,CORI-,宮城県,0,,-
Rootage,OVER TIME,0,,-,580,MARIMO,宮城県,964,HERO&C,宮城県,1556,CORI-,宮城県,0,,-
Rootage,ONIGOROSHI,0,,-,1175,INKYO.,宮城県,2115,E-BODY,宮城県,3041,CORI-,宮城県,0,,-
Rootage,Night! Night! Night!,0,,-,1212,INKYO.,宮城県,1838,YULI,宮城県,3053,CORI-,宮城県,0,,-
Rootage,"Next Tales 2 Oath (IIDX 20th Anniv ""Ring"" Theme)",0,,-,906,YULI,宮城県,1672,CORI-,宮城県,2727,KEEL,宮城県,0,,-
Rootage,Necroxis Girl,0,,-,1164,LIERRE,宮城県,1968,DLSITE,宮城県,2825,KEEL,宮城県,0,,-
Rootage,Macho Monky,0,,-,1447,YULI,宮城県,2073,DLSITE,宮城県,3082,CORI-,宮城県,0,,-
Rootage,LOST TECHNOLOGIE,0,,-,1136,INKYO.,宮城県,1858,CHESED,宮城県,3507,KEEL,宮城県,0,,-
Rootage,Lift Us High,0,,-,976,INKYO.,宮城県,1597,KIMARI,宮城県,2472,KEEL,宮城県,0,,-
Rootage,Level One,0,,-,1272,INKYO.,宮城県,2314,NCG.SF,宮城県,3602,CORI-,宮城県,0,,-
Rootage,Lethal Weapon,0,,-,1181,KIMARI,宮城県,1883,HIRO,宮城県,3228,CORI-,宮城県,0,,-
Rootage,Let me be your cure,0,,-,1129,MARIMO,宮城県,1431,YULI,宮城県,2674,KEEL,宮城県,0,,-
Rootage,LADYBIRD,0,,-,1077,LIERRE,宮城県,1668,DLSITE,宮城県,2475,CORI-,宮城県,0,,-
Rootage,L.F.O,0,,-,862,CHIYA,宮城県,1760,PAIM0N,宮城県,3318,KEEL,宮城県,0,,-
Rootage,KILL EACH OTHER,0,,-,1385,INKYO.,宮城県,2471,JN.1CC,宮城県,3832,CORI-,宮城県,0,,-
Rootage,IDOL syndrome.,0,,-,755,WRXSTI,宮城県,1460,YULI,宮城県,2202,CORI-,宮城県,2966,NJC.NA,宮城県
Rootage,IDC feat.REVERBEE (Mo'Cuts Ver),0,,-,1068,YULI,宮城県,1559,HANDA8,宮城県,2263,CORI-,宮城県,0,,-
Rootage,Hurry Hurry,0,,-,758,YULI,宮城県,1039,YULI,宮城県,2089,KEEL,宮城県,0,,-
Rootage,HOT LIMIT,406,CAG3,宮城県,1059,INKYO.,宮城県,1719,E-BODY,宮城県,2537,CORI-,宮城県,0,,-
Rootage,HEISEI,380,MARIMO,宮城県,1173,YULI,宮城県,1908,E-BODY,宮城県,2561,CORI-,宮城県,0,,-
Rootage,HARD BRAIN,0,,-,1369,INKYO.,宮城県,2027,E-BODY,宮城県,3786,CORI-,宮城県,0,,-
Rootage,GO OVER WITH GLARE -ROOTAGE 26-,0,,-,1077,LIERRE,宮城県,2227,HANDA8,宮城県,3918,CORI-,宮城県,0,,-
Rootage,Glory,0,,-,755,WRXSTI,宮城県,1597,E-BODY,宮城県,2325,KEEL,宮城県,0,,-
Rootage,GIGA THRASH,0,,-,1261,LIERRE,宮城県,1830,CHESED,宮城県,2756,CORI-,宮城県,0,,-
Rootage,GENE,0,,-,1314,KIMARI,宮城県,1994,YULI,宮城県,4340,CORI-,宮城県,0,,-
Rootage,Geirskogul,0,,-,1077,WRXSTI,宮城県,1599,DO3PIN,宮城県,2240,CORI-,宮城県,0,,-
Rootage,Garuda,0,,-,1063,YULI,宮城県,1642,YULI,宮城県,2611,CORI-,宮城県,0,,-
Rootage,EVANESCENT,0,,-,1265,LIERRE,宮城県,2382,E-BODY,宮城県,3584,CORI-,宮城県,0,,-
Rootage,Ember Lights,0,,-,970,INKYO.,宮城県,1655,1N319N,宮城県,2719,KEEL,宮城県,0,,-
Rootage,DRUNK MONKY,0,,-,974,LEGACY,宮城県,1607,E-BODY,宮城県,2328,CORI-,宮城県,0,,-
Rootage,Drastic Dramatic,0,,-,1498,LEGACY,宮城県,2397,DO3PIN,宮城県,3490,CORI-,宮城県,0,,-
Rootage,Dr. Chemical & Killing Machine,0,,-,1115,WRXSTI,宮城県,1882,NOMI,宮城県,3375,CORI-,宮城県,0,,-
Rootage,Digital Skipper,0,,-,989,IIDX27,宮城県,1572,EBI,宮城県,2236,KEEL,宮城県,0,,-
Rootage,dAuntl3ss,0,,-,1077,INKYO.,宮城県,1973,E-BODY,宮城県,3501,CORI-,宮城県,0,,-
Rootage,Cranberry City ft. Luschel,0,,-,844,WRXSTI,宮城県,1606,EBI,宮城県,2429,KEEL,宮城県,0,,-
Rootage,COSMIC CYBER,0,,-,1041,CAIT.C,宮城県,1696,SKMMYP,宮城県,2910,JN.1CC,宮城県,0,,-
Rootage,CoMAAAAAAA,0,,-,1271,YULI,宮城県,2092,YUFFIE,宮城県,2408,CORI-,宮城県,0,,-
Rootage,CODE:0,0,,-,1428,INKYO.,宮城県,2173,YULI,宮城県,2867,CORI-,宮城県,3523,CORI-,宮城県
Rootage,Catch Our Fire!,0,,-,1363,LIERRE,宮城県,2276,E-BODY,宮城県,3698,KEEL,宮城県,0,,-
Rootage,Carry Me Away,533,LIERRE,宮城県,1125,LIERRE,宮城県,1806,INUE,宮城県,3199,CORI-,宮城県,0,,-
Rootage,Carmina,526,INKYO.,宮城県,1338,EBI,宮城県,2462,VA,宮城県,3813,CORI-,宮城県,0,,-
Rootage,BLOSSOM,0,,-,1086,INKYO.,宮城県,1666,JN.1CC,宮城県,2560,CORI-,宮城県,0,,-
Rootage,BLACK JACKAL,0,,-,845,LIERRE,宮城県,1610,YULI,宮城県,2353,CORI-,宮城県,0,,-
Rootage,Angels & Demons,0,,-,879,FBI.31,宮城県,1686,MARIMO,宮城県,2441,KEEL,宮城県,0,,-
Rootage,AGAiN,0,,-,1010,INKYO.,宮城県,1591,IIDX28,宮城県,2258,ICHIKA,宮城県,0,,-
Rootage,Afterimage d'automne,0,,-,1017,LIERRE,宮城県,1700,YUFFIE,宮城県,2897,CORI-,宮城県,0,,-
Rootage,A Tale Hidden In The Abyss,0,,-,932,EBI,宮城県,1661,CAG3,宮城県,2619,KEEL,宮城県,0,,-
Rootage,50th Memorial Songs -二人の時 ～under the cherry blossoms～-,562,LIERRE,宮城県,1241,KIMARI,宮城県,1656,YULI,宮城県,2613,KEEL,宮城県,0,,-
Rootage,50th Memorial Songs -The BEMANI History-,546,MARIMO,宮城県,1083,EBI,宮城県,1665,EBI,宮城県,2635,KEEL,宮城県,0,,-
Rootage,50th Memorial Songs -Flagship medley-,380,LIERRE,宮城県,978,EBI,宮城県,1534,EBI,宮城県,2289,KEEL,宮城県,0,,-
Rootage,50th Memorial Songs -Beginning Story-,322,LIERRE,宮城県,832,EBI,宮城県,1662,E-BODY,宮城県,2720,CORI-,宮城県,0,,-
Rootage,& Intelligence,0,,-,1172,INKYO.,宮城県,2181,YULI,宮城県,3209,CORI-,宮城県,0,,-
HEROIC VERSE,魅惑のYUMMYスイーツ,0,,-,929,EBI,宮城県,1789,KIMARI,宮城県,3031,KEEL,宮城県,0,,-
HEROIC VERSE,開きたまえ！Next stAge！,0,,-,1133,EBI,宮城県,1697,KIMARI,宮城県,2899,JN*1CC,宮城県,0,,-
HEROIC VERSE,錬成人間トリコロイダー,0,,-,1056,EBI,宮城県,1802,YULI,宮城県,3201,CORI-,宮城県,0,,-
HEROIC VERSE,華麗なる大犬円舞曲,0,,-,1374,1N319N,宮城県,2115,YULI,宮城県,3506,KEEL,宮城県,0,,-
HEROIC VERSE,眠りの国のステラ,0,,-,1182,EBI,宮城県,1842,EBI,宮城県,2747,JN*1CC,宮城県,0,,-
HEROIC VERSE,狂水一華,0,,-,963,LIERRE,宮城県,1754,KEEL,宮城県,2703,KEEL,宮城県,0,,-
HEROIC VERSE,灼熱Beach Side Bunny (Masayoshi Iimori Remix),0,,-,660,LEGACY,宮城県,1144,EBI,宮城県,1842,CORI-,宮城県,0,,-
HEROIC VERSE,深淵に捧ぐレクイエム,0,,-,852,EBI,宮城県,1655,EBI,宮城県,3043,CORI-,宮城県,0,,-
HEROIC VERSE,曼荼羅恋々,0,,-,1107,HERO&C,宮城県,1761,1N319N,宮城県,2751,CORI-,宮城県,0,,-
HEROIC VERSE,俺ら東京さ行ぐだ,255,LEGACY,宮城県,636,INKYO.,宮城県,1310,1N319N,宮城県,2010,CORI-,宮城県,3596,CORI-,宮城県
HEROIC VERSE,令和(1991RAVE REMIX),356,MARIMO,宮城県,573,1N319N,宮城県,1391,YULI,宮城県,2197,KEEL,宮城県,0,,-
HEROIC VERSE,ランカーキラーガール,0,,-,1162,EBI,宮城県,1881,EBI,宮城県,2926,KEEL,宮城県,0,,-
HEROIC VERSE,ラブキラ☆スプラッシュ,0,,-,1120,EBI,宮城県,1645,EBI,宮城県,2517,CORI-,宮城県,0,,-
HEROIC VERSE,ピアノ協奏曲第1番”蠍火” (BlackY Remix),0,,-,1032,EBI,宮城県,2112,KIMARI,宮城県,3739,CORI-,宮城県,0,,-
HEROIC VERSE,バッドエンド・シンドローム,0,,-,1056,LIERRE,宮城県,1744,SKMMYP,宮城県,2963,KEEL,宮城県,0,,-
HEROIC VERSE,セピアの軌跡 ft. 天宮みや(少女フラクタル),382,MARIMO,宮城県,801,EBI,宮城県,1468,YULI,宮城県,2400,CORI-,宮城県,0,,-
HEROIC VERSE,シャムシールの舞,0,,-,866,YULI,宮城県,1564,YULI,宮城県,2575,CORI-,宮城県,0,,-
HEROIC VERSE,ガヴリールドロップキック,407,LIERRE,宮城県,785,LIERRE,宮城県,1681,1N319N,宮城県,2675,CORI-,宮城県,0,,-
HEROIC VERSE,がっつり陰キャ!? 怪盗いいんちょの億劫^^;,0,,-,1555,MARIMO,宮城県,2731,YULI,宮城県,4288,CORI-,宮城県,0,,-
HEROIC VERSE,Ypsilon,0,,-,1123,INKYO.,宮城県,1807,NCG.SF,宮城県,2892,JN*1CC,宮城県,3570,CORI-,宮城県
HEROIC VERSE,Voo Doo Bamboleo,0,,-,908,LIERRE,宮城県,1540,LIERRE,宮城県,2509,CORI-,宮城県,0,,-
HEROIC VERSE,Volcanic Dragon,0,,-,1084,INKYO.,宮城県,1796,1N319N,宮城県,2976,CORI-,宮城県,0,,-
HEROIC VERSE,Virus Funk,0,,-,787,EBI,宮城県,1536,EBI,宮城県,2227,CORI-,宮城県,0,,-
HEROIC VERSE,Vinculum stellarum,0,,-,938,EBI,宮城県,2385,YULI,宮城県,3650,KEEL,宮城県,0,,-
HEROIC VERSE,VIBRΛ,0,,-,932,EBI,宮城県,1309,EBI,宮城県,1870,CORI-,宮城県,0,,-
HEROIC VERSE,VALKYRIAS -英雄誕生-,468,LIERRE,宮城県,1042,1N319N,宮城県,1749,VA,宮城県,2756,KEEL,宮城県,0,,-
HEROIC VERSE,UNITE THE HEART,0,,-,1487,EBI,宮城県,2570,INUE,宮城県,3329,CORI-,宮城県,0,,-
HEROIC VERSE,TRIUMPH,0,,-,943,EBI,宮城県,1993,E-BODY,宮城県,3395,CORI-,宮城県,0,,-
HEROIC VERSE,Theory,0,,-,799,INKYO.,宮城県,1430,EBI,宮城県,2636,CORI-,宮城県,0,,-
HEROIC VERSE,The Sky of Sadness,0,,-,874,LIERRE,宮城県,1519,YULI,宮城県,2405,MORBOL,宮城県,0,,-
HEROIC VERSE,THE F∀UST,0,,-,1327,EBI,宮城県,2283,EBI,宮城県,3638,CORI-,宮城県,0,,-
HEROIC VERSE,THE BRAVE MUST DIE,0,,-,1415,EBI,宮城県,2507,CORI-,宮城県,4085,CORI-,宮城県,0,,-
HEROIC VERSE,TECHNO Style Essentials,0,,-,1022,EBI,宮城県,1637,1N319N,宮城県,2853,KEEL,宮城県,0,,-
HEROIC VERSE,take me higher,0,,-,821,LIERRE,宮城県,1272,EBI,宮城県,2019,CORI-,宮城県,0,,-
HEROIC VERSE,T-REX vs Velociraptor (In the Far east euphoria),0,,-,1411,1N319N,宮城県,1840,1N319N,宮城県,3212,JN.1CC,宮城県,0,,-
HEROIC VERSE,Sugar Drippin',0,,-,766,INKYO.,宮城県,1364,EBI,宮城県,2126,CORI-,宮城県,0,,-
HEROIC VERSE,STOIC HYPOTHESIS,0,,-,1125,EBI,宮城県,1776,EBI,宮城県,2830,KEEL,宮城県,0,,-
HEROIC VERSE,Sparkle Smilin',0,,-,922,MARIMO,宮城県,1488,EBI,宮城県,2446,KEEL,宮城県,0,,-
HEROIC VERSE,Smashing Wedge,0,,-,973,EBI,宮城県,2246,CORI-,宮城県,3827,CORI-,宮城県,0,,-
HEROIC VERSE,Ska-sh All Neurons!!,0,,-,985,LIERRE,宮城県,1469,1N319N,宮城県,2329,CORI-,宮城県,0,,-
HEROIC VERSE,Silly Love,261,MARIMO,宮城県,804,1N319N,宮城県,1406,EBI,宮城県,2083,KEEL,宮城県,0,,-
HEROIC VERSE,Shiva,0,,-,732,LIERRE,宮城県,1480,EBI,宮城県,2129,KEEL,宮城県,0,,-
HEROIC VERSE,Sellout,0,,-,548,MARIMO,宮城県,1055,HERO&C,宮城県,2111,YULI,宮城県,0,,-
HEROIC VERSE,SCREW // owo // SCREW,0,,-,1121,EBI,宮城県,2157,EBI,宮城県,3066,CORI-,宮城県,0,,-
HEROIC VERSE,S!ck (Nhato Remix),0,,-,991,EBI,宮城県,1624,YUFFIE,宮城県,2532,CORI-,宮城県,0,,-
HEROIC VERSE,rough percussionythm,0,,-,1018,EBI,宮城県,1644,LIERRE,宮城県,2558,CORI-,宮城県,0,,-
HEROIC VERSE,Rave Patroller,0,,-,1370,YULI,宮城県,2331,KIMARI,宮城県,3386,CORI-,宮城県,0,,-
HEROIC VERSE,Rave lithosphere,0,,-,1098,EBI,宮城県,1768,EBI,宮城県,2651,KEEL,宮城県,0,,-
HEROIC VERSE,Rainstorm,0,,-,998,EBI,宮城県,1553,YULI,宮城県,2275,KEEL,宮城県,0,,-
HEROIC VERSE,Queen Kaguya,0,,-,979,EBI,宮城県,1887,CORI-,宮城県,2638,CORI-,宮城県,0,,-
HEROIC VERSE,Punching Down (IIDX Mix),0,,-,669,HERO&C,宮城県,1178,EBI,宮城県,1836,KEEL,宮城県,0,,-
HEROIC VERSE,Primitive Vibes,588,MARIMO,宮城県,1166,EBI,宮城県,1983,1N319N,宮城県,3106,CORI-,宮城県,0,,-
HEROIC VERSE,POP TEAM EPIC(kors k Remix),330,MARIMO,宮城県,538,1N319N,宮城県,1300,EBI,宮城県,2136,KEEL,宮城県,0,,-
HEROIC VERSE,PHASE SHIFT MANEUVER,0,,-,1260,EBI,宮城県,1727,EBI,宮城県,2843,KEEL,宮城県,0,,-
HEROIC VERSE,Override,0,,-,954,EBI,宮城県,1612,E-BODY,宮城県,2909,CORI-,宮城県,4330,CORI-,宮城県
HEROIC VERSE,OUTER PLANETS,0,,-,675,MARIMO,宮城県,1418,E-BODY,宮城県,2192,KEEL,宮城県,0,,-
HEROIC VERSE,ORCA,0,,-,1334,EBI,宮城県,2360,2N10DO,宮城県,3463,KEEL,宮城県,0,,-
HEROIC VERSE,Ohayo!,0,,-,967,HERO&C,宮城県,1579,EBI,宮城県,2406,KEEL,宮城県,0,,-
HEROIC VERSE,NRG STAR '86 feat. 大山愛未,0,,-,1024,KIMARI,宮城県,1497,EBI,宮城県,2640,YULI,宮城県,0,,-
HEROIC VERSE,NEWALONE,0,,-,604,EBI,宮城県,1300,1N319N,宮城県,2018,CORI-,宮城県,0,,-
HEROIC VERSE,Nasty Techniques,0,,-,986,INKYO.,宮城県,1687,EBI,宮城県,2643,CORI-,宮城県,0,,-
HEROIC VERSE,Moving on,0,,-,1045,EBI,宮城県,1939,YULI,宮城県,2998,CORI-,宮城県,0,,-
HEROIC VERSE,Mel,0,,-,791,1N319N,宮城県,1528,1N319N,宮城県,2169,CORI-,宮城県,0,,-
HEROIC VERSE,Megalara Garuda,0,,-,1490,EBI,宮城県,1958,YULI,宮城県,3070,CORI-,宮城県,0,,-
HEROIC VERSE,Matt Silver,0,,-,1180,EBI,宮城県,2157,YULI,宮城県,3374,CORI-,宮城県,0,,-
HEROIC VERSE,Lost Souls,0,,-,711,EBI,宮城県,1685,EBI,宮城県,2454,CORI-,宮城県,3944,CORI-,宮城県
HEROIC VERSE,Lords Of The Roundtable,0,,-,1061,LIERRE,宮城県,1841,YULI,宮城県,3105,CORI-,宮城県,0,,-
HEROIC VERSE,Like+it!,0,,-,1075,EBI,宮城県,1745,EBI,宮城県,2381,CORI-,宮城県,0,,-
HEROIC VERSE,LIGHTNING STRIKES,474,MARIMO,宮城県,936,INKYO.,宮城県,1701,KEEL,宮城県,3252,CORI-,宮城県,4075,NJC.NA,宮城県
HEROIC VERSE,Level 2,0,,-,946,INKYO.,宮城県,1727,EBI,宮城県,2911,CORI-,宮城県,0,,-
HEROIC VERSE,LASER CRUSTER (IGNITE REMIX),0,,-,788,EBI,宮城県,1793,YULI,宮城県,3569,CORI-,宮城県,0,,-
HEROIC VERSE,Jetcoaster Windy,0,,-,822,EBI,宮城県,1419,EBI,宮城県,2282,KEEL,宮城県,0,,-
HEROIC VERSE,Into The Madness,0,,-,994,CAG3,宮城県,1570,EBI,宮城県,2542,KEEL,宮城県,0,,-
HEROIC VERSE,Infinity Mirror,0,,-,861,CAG3,宮城県,1403,YULI,宮城県,2309,KEEL,宮城県,0,,-
HEROIC VERSE,Inferno of Fomalhaut,0,,-,1019,LIERRE,宮城県,1859,YULI,宮城県,3228,CORI-,宮城県,0,,-
HEROIC VERSE,If,0,,-,787,EBI,宮城県,1363,EBI,宮城県,1901,JN*1CC,宮城県,0,,-
HEROIC VERSE,Hyper Drive feat. ぷにぷに電機,0,,-,670,1N319N,宮城県,1532,EBI,宮城県,1980,KEEL,宮城県,0,,-
HEROIC VERSE,Horizons of Promise,0,,-,946,HERO&C,宮城県,1509,M*RINE,宮城県,2626,KEEL,宮城県,0,,-
HEROIC VERSE,Hold My Hand,0,,-,938,EBI,宮城県,1697,1N319N,宮城県,2476,KEEL,宮城県,0,,-
HEROIC VERSE,GIGA VIOLATE,0,,-,1112,EBI,宮城県,1640,YULI,宮城県,2764,CORI-,宮城県,0,,-
HEROIC VERSE,GHOST,0,,-,837,EBI,宮城県,1495,KIMARI,宮城県,2779,CORI-,宮城県,0,,-
HEROIC VERSE,Friction[!]Function,0,,-,1108,EBI,宮城県,1800,YULI,宮城県,3236,KEEL,宮城県,0,,-
HEROIC VERSE,Forgetting Machine,0,,-,729,EBI,宮城県,1255,YULI,宮城県,1724,CORI-,宮城県,0,,-
HEROIC VERSE,Fly Above (Vicissitude Remix),0,,-,884,INKYO.,宮城県,1523,EBI,宮城県,2382,JN.1CC,宮城県,0,,-
HEROIC VERSE,fairy cocktail,0,,-,458,EBI,宮城県,1104,1N319N,宮城県,1647,CORI-,宮城県,0,,-
HEROIC VERSE,EXCITE,332,MARIMO,宮城県,828,1N319N,宮城県,1369,1N319N,宮城県,2227,VA,宮城県,0,,-
HEROIC VERSE,Everlasting Message,0,,-,1266,KIMARI,宮城県,2292,VA,宮城県,3796,CORI-,宮城県,0,,-
HEROIC VERSE,EROICA,0,,-,1391,KIMARI,宮城県,2328,NCG.SF,宮城県,3868,KEEL,宮城県,0,,-
HEROIC VERSE,Duration,0,,-,544,HERO&C,宮城県,1024,EBI,宮城県,1943,SKMMYP,宮城県,0,,-
HEROIC VERSE,Drop It,0,,-,1393,EBI,宮城県,1992,1N319N,宮城県,2773,KEEL,宮城県,0,,-
HEROIC VERSE,Double Dribble,0,,-,1282,EBI,宮城県,1970,E-BODY,宮城県,3340,CORI-,宮城県,0,,-
HEROIC VERSE,Do What You Want,0,,-,704,EBI,宮城県,1275,EBI,宮城県,2035,CORI-,宮城県,0,,-
HEROIC VERSE,Dans la nuit de l'eternite,0,,-,1408,EBI,宮城県,2224,EBI,宮城県,3476,CORI-,宮城県,0,,-
HEROIC VERSE,Crank It,0,,-,786,INKYO.,宮城県,1452,34437,宮城県,2451,CORI-,宮城県,0,,-
HEROIC VERSE,Change Yourself,0,,-,973,EBI,宮城県,1747,1N319N,宮城県,2550,KEEL,宮城県,0,,-
HEROIC VERSE,Calvados Queen,0,,-,994,EBI,宮城県,1527,1N319N,宮城県,2458,KEEL,宮城県,0,,-
HEROIC VERSE,Bow shock!!,0,,-,812,KIMARI,宮城県,1953,YUFFIE,宮城県,3098,KEEL,宮城県,4235,CORI-,宮城県
HEROIC VERSE,Beautiful Harmony (IIDX Mix),0,,-,898,HERO&C,宮城県,1721,EBI,宮城県,2472,KEEL,宮城県,0,,-
HEROIC VERSE,beatAffection,0,,-,1043,1N319N,宮城県,1574,YULI,宮城県,2664,CORI-,宮城県,0,,-
HEROIC VERSE,BEAT PRISONER,0,,-,1226,LIERRE,宮城県,2106,YUFFIE,宮城県,3619,CORI-,宮城県,0,,-
HEROIC VERSE,Backyard Stars,0,,-,1049,EBI,宮城県,1629,NCG.SF,宮城県,2256,KEEL,宮城県,0,,-
HEROIC VERSE,Artist,0,,-,1286,MARIMO,宮城県,2359,YULI,宮城県,3580,CORI-,宮城県,0,,-
HEROIC VERSE,And-RoiD,0,,-,734,LIERRE,宮城県,1322,EBI,宮城県,2005,YULI,宮城県,0,,-
HEROIC VERSE,AKASHIC BREAK,0,,-,1258,EBI,宮城県,2397,EBI,宮城県,3587,CORI-,宮城県,0,,-
HEROIC VERSE,Advent Infamous,0,,-,1011,INKYO.,宮城県,1657,YULI,宮城県,2875,CORI-,宮城県,0,,-
HEROIC VERSE,27th style,0,,-,1176,YULI,宮城県,1805,YULI,宮城県,2582,CORI-,宮城県,0,,-
HAPPY SKY,Don't let it go,0,,-,714,YULI,宮城県,1274,YULI,宮城県,1686,KEEL,宮城県,0,,-
GOLD,2hot2eat,0,,-,603,LIERRE,宮城県,1168,LIERRE,宮城県,1690,CORI-,宮城県,0,,-
DJ TROOPERS,高高度降下低高度開傘,0,,-,928,EBI,宮城県,1535,EBI,宮城県,1984,YULI,宮城県,0,,-
EMPRESS,thunder HOUSE NATION Remix,0,,-,1063,INKYO.,宮城県,1648,EBI,宮城県,2480,CORI-,宮城県,3891,CORI-,宮城県
EMPRESS,Marie Antoinette,0,,-,1073,YULI,宮城県,1939,YULI,宮城県,2593,KEEL,宮城県,3206,CORI-,宮城県
BISTROVER,魔法のかくれんぼ,0,,-,877,LIERRE,宮城県,1676,YULI,宮城県,2855,CORI-,宮城県,0,,-
BISTROVER,霧幻メモリア,0,,-,957,EBI,宮城県,1428,EBI,宮城県,2033,KEEL,宮城県,0,,-
BISTROVER,閠槞彁の願い,0,,-,1042,MARIMO,宮城県,2107,EBI,宮城県,3130,CORI-,宮城県,0,,-
BISTROVER,紅蓮華,158,MARIMO,宮城県,528,YULI,宮城県,984,YULI,宮城県,1487,KEEL,宮城県,0,,-
BISTROVER,犬に雨傘,0,,-,933,HIRO&C,宮城県,1453,EBI,宮城県,2094,KEEL,宮城県,0,,-
BISTROVER,無意識のフィロソフィア,0,,-,1127,INKYO.,宮城県,2226,E-BODY,宮城県,3326,KEEL,宮城県,0,,-
BISTROVER,涙のテ・エストラーニョ・ムーチョ,0,,-,1374,EBI,宮城県,1992,ASA,宮城県,2809,KEEL,宮城県,0,,-
BISTROVER,水鏡の異界,0,,-,898,YULI,宮城県,1755,YULI,宮城県,3224,CORI-,宮城県,0,,-
BISTROVER,水無月の雫 ft. 小林まな,0,,-,1252,EBI,宮城県,1773,SKMMYP,宮城県,2613,JN.1CC,宮城県,0,,-
BISTROVER,新宝島,525,MARIMO,宮城県,793,YULI,宮城県,1385,EBI,宮城県,2365,CORI-,宮城県,3487,KRSRIN,宮城県
BISTROVER,儚き恋の華,0,,-,1069,INKYO.,宮城県,1867,KEEL,宮城県,2993,KEEL,宮城県,0,,-
BISTROVER,伐折羅-vajra-,0,,-,1139,INKYO.,宮城県,2145,KEEL,宮城県,3670,CORI-,宮城県,0,,-
BISTROVER,二人ノ廃城幽踊宴,0,,-,1232,Q,宮城県,2274,YULI,宮城県,3578,KEEL,宮城県,0,,-
BISTROVER,乱膳の舞姫,0,,-,1057,EBI,宮城県,1819,EBI,宮城県,2753,CORI-,宮城県,0,,-
BISTROVER,世界の果てに約束の凱歌を -ReUnion-,0,,-,1190,LIERRE,宮城県,1910,YULI,宮城県,3879,CORI-,宮城県,0,,-
BISTROVER,バッド・スイーツ、バッド・ドリーム,0,,-,1110,LEGACY,宮城県,1834,LIERRE,宮城県,3636,CORI-,宮城県,0,,-
BISTROVER,ディスコルディア,0,,-,1383,YULI,宮城県,2372,NCG.SF,宮城県,3930,CORI-,宮城県,0,,-
BISTROVER,スーパー戦湯ババンバーン,0,,-,1272,MARIMO,宮城県,2110,YULI,宮城県,3439,JN*1CC,宮城県,0,,-
BISTROVER,ここからよろしく大作戦143,268,DARK-I,宮城県,965,YULI,宮城県,1766,E-BODY,宮城県,2521,JN.1CC,宮城県,3164,HOGERE,宮城県
BISTROVER,∀,601,MARIMO,宮城県,1325,YULI,宮城県,2240,YUFFIE,宮城県,3529,KEEL,宮城県,0,,-
BISTROVER,Zenith,0,,-,837,WRXSTI,宮城県,1432,..76..,宮城県,2193,CORI-,宮城県,0,,-
BISTROVER,X-ray binary,0,,-,986,EBI,宮城県,1945,KEEL,宮城県,2805,KEEL,宮城県,0,,-
BISTROVER,Winner's Proof ft. KANASA from bless4,276,MARIMO,宮城県,769,HIRO&C,宮城県,1388,SKMMYP,宮城県,2226,NCG.SF,宮城県,0,,-
BISTROVER,When I Met U,0,,-,901,YULI,宮城県,1317,YULI,宮城県,2055,CORI-,宮城県,0,,-
BISTROVER,WAKE UP NOW,0,,-,959,EBI,宮城県,1468,NCG.SF,宮城県,2010,YULI,宮城県,0,,-
BISTROVER,Vitrum,0,,-,1100,EBI,宮城県,1762,YULI,宮城県,3625,CORI-,宮城県,0,,-
BISTROVER,Viridian,0,,-,1098,EBI,宮城県,1988,EBI,宮城県,3379,CORI-,宮城県,0,,-
BISTROVER,TOMORROW,450,MARIMO,宮城県,794,YULI,宮城県,1548,YULI,宮城県,2265,KEEL,宮城県,0,,-
BISTROVER,Tiempo Loco,0,,-,1079,CAG3,宮城県,2027,HIRO,宮城県,3728,CORI-,宮城県,0,,-
BISTROVER,The Wind of China Express(The 4th Mashup),0,,-,1004,YULI,宮城県,1704,YULI,宮城県,2562,CORI-,宮城県,0,,-
BISTROVER,THE PEERLESS UNDER HEAVEN,0,,-,1158,YULI,宮城県,2064,YULI,宮城県,3464,CORI-,宮城県,0,,-
BISTROVER,That Feeling,0,,-,723,INKYO.,宮城県,1226,CHESED,宮城県,1937,CORI-,宮城県,0,,-
BISTROVER,Tell me what you wish feat.らっぷびと,0,,-,1133,LIERRE,宮城県,1615,DLSITE,宮城県,2854,CORI-,宮城県,0,,-
BISTROVER,Swarm Of Scarabs,0,,-,1048,EBI,宮城県,1541,EBI,宮城県,2412,CORI-,宮城県,0,,-
BISTROVER,Sugarplum,0,,-,886,CAG3,宮城県,1866,SKMMYP,宮城県,2524,CORI-,宮城県,0,,-
BISTROVER,SOLID STATE SQUAD -RISEN RELIC REMIX-,0,,-,1296,LIERRE,宮城県,2276,YULI,宮城県,3248,LE.F,宮城県,0,,-
BISTROVER,So Punky,0,,-,888,YULI,宮城県,1683,YULI,宮城県,2576,JN*1CC,宮城県,0,,-
BISTROVER,smooooch・∀・ (Snail's House Remix),0,,-,871,MARIMO,宮城県,1575,EBI,宮城県,2364,KEEL,宮城県,0,,-
BISTROVER,Sinus Iridum,0,,-,1273,YULI,宮城県,2112,YULI,宮城県,3418,CORI-,宮城県,0,,-
BISTROVER,Scandal,0,,-,956,LEGACY,宮城県,1953,YULI,宮城県,2905,KEEL,宮城県,0,,-
BISTROVER,S-Bahn,0,,-,972,EBI,宮城県,1584,YULI,宮城県,2183,CORI-,宮城県,0,,-
BISTROVER,Rubrum Piano,0,,-,954,LIERRE,宮城県,1728,YULI,宮城県,2458,KEEL,宮城県,0,,-
BISTROVER,Rub-a Dub-a,0,,-,956,YULI,宮城県,1528,YULI,宮城県,2176,YULI,宮城県,0,,-
BISTROVER,Rowdy,0,,-,1052,EBI,宮城県,1579,LIERRE,宮城県,2501,CORI-,宮城県,0,,-
BISTROVER,Rosa azuL,0,,-,895,LIERRE,宮城県,1795,CHESED,宮城県,2780,CORI-,宮城県,0,,-
BISTROVER,rommmo,0,,-,1209,RAY,宮城県,1846,EBI,宮城県,3473,CORI-,宮城県,0,,-
BISTROVER,Romanticが止まらない,392,YULI,宮城県,957,YULI,宮城県,1688,YULI,宮城県,2730,CORI-,宮城県,0,,-
BISTROVER,Ritual of Anubis,0,,-,1193,JN*1CC,宮城県,1853,YULI,宮城県,2802,KEEL,宮城県,0,,-
BISTROVER,Rejection Girl,0,,-,1015,YULI,宮城県,1654,NOMI,宮城県,2691,CORI-,宮城県,0,,-
BISTROVER,POLKAMAИIA,0,,-,1004,YULI,宮城県,1896,YULI,宮城県,2928,KEEL,宮城県,0,,-
BISTROVER,Playball,0,,-,689,LIERRE,宮城県,910,MARIMO,宮城県,1372,YULI,宮城県,0,,-
BISTROVER,Parvati,0,,-,1026,LIERRE,宮城県,1812,YULI,宮城県,2826,TOSH,宮城県,0,,-
BISTROVER,Party Starter,0,,-,994,YULI,宮城県,1551,YULI,宮城県,2301,CORI-,宮城県,0,,-
BISTROVER,Para siempre,0,,-,968,YULI,宮城県,1545,YULI,宮城県,2899,CORI-,宮城県,0,,-
BISTROVER,Overslept,0,,-,1151,EBI,宮城県,1760,EBI,宮城県,2572,KEEL,宮城県,0,,-
BISTROVER,OTOKOZAKA,0,,-,1072,LIERRE,宮城県,1889,DARK-I,宮城県,2932,CORI-,宮城県,0,,-
BISTROVER,of the first magnitude,0,,-,1041,YULI,宮城県,1921,YULI,宮城県,2983,CORI-,宮城県,0,,-
BISTROVER,Ocean Blue feat. Luschel,0,,-,862,LIERRE,宮城県,1452,EBI,宮城県,2474,KEEL,宮城県,0,,-
BISTROVER,Neo Heritage,0,,-,952,HIRO&C,宮城県,1679,YULI,宮城県,2883,KEEL,宮城県,0,,-
BISTROVER,MOVE! (We Keep It Movin'),0,,-,764,LIERRE,宮城県,1355,KWAL,宮城県,2207,CORI-,宮城県,0,,-
BISTROVER,Midnight Drive,0,,-,610,EBI,宮城県,1321,EBI,宮城県,2025,CORI-,宮城県,0,,-
BISTROVER,MEGAERA,0,,-,1467,YULI,宮城県,2139,YULI,宮城県,3507,CORI-,宮城県,0,,-
BISTROVER,MA・TSU・RI,0,,-,1094,LIERRE,宮城県,1857,YULI,宮城県,2584,CORI-,宮城県,0,,-
BISTROVER,Mars beach,0,,-,622,MARIMO,宮城県,1396,YULI,宮城県,2237,JN.1CC,宮城県,0,,-
BISTROVER,Lovely Howdy Cowboy!!,0,,-,1087,EBI,宮城県,1840,SKMMYP,宮城県,2778,KEEL,宮城県,0,,-
BISTROVER,LOCUS OF THE TRAVEL,0,,-,1104,INKYO.,宮城県,2488,YULI,宮城県,3728,CORI-,宮城県,0,,-
BISTROVER,LIKE A VAMPIRE,0,,-,1058,INKYO.,宮城県,1784,YUFFIE,宮城県,2810,CORI-,宮城県,0,,-
BISTROVER,Level 3,0,,-,1171,LIERRE,宮城県,2275,KEEL,宮城県,3557,CORI-,宮城県,0,,-
BISTROVER,LAST DAY,0,,-,1144,EBI,宮城県,1723,LIERRE,宮城県,3069,CORI-,宮城県,0,,-
BISTROVER,Jungle Eater,0,,-,1017,KICHI,宮城県,1834,MSTRAL,宮城県,3009,CORI-,宮城県,0,,-
BISTROVER,innocent revolver,0,,-,1124,YULI,宮城県,2348,YULI,宮城県,3883,KEEL,宮城県,0,,-
BISTROVER,IIDX RED Ending (Ryu☆Remix),0,,-,651,LIERRE,宮城県,1199,YULI,宮城県,1854,NCG.SF,宮城県,0,,-
BISTROVER,Ignis†Irae,0,,-,1100,YULI,宮城県,2364,YULI,宮城県,3751,CORI-,宮城県,0,,-
BISTROVER,HIGH VOLTAGE,0,,-,830,EBI,宮城県,1437,HANDA8,宮城県,2270,JN.1CC,宮城県,0,,-
BISTROVER,Here We Are,404,MARIMO,宮城県,1085,YULI,宮城県,1708,EBI,宮城県,2475,KEEL,宮城県,0,,-
BISTROVER,"Hands Up feat. kradness BEMANI Sound Team ""Sota Fujimori"" Remix",0,,-,1131,CAG3,宮城県,1754,CHESED,宮城県,2397,KEEL,宮城県,0,,-
BISTROVER,Globe Glitter,0,,-,1068,LIERRE,宮城県,1648,LIERRE,宮城県,2689,KEEL,宮城県,0,,-
BISTROVER,GIGA RAID,0,,-,977,YULI,宮城県,1875,YULI,宮城県,2427,CORI-,宮城県,0,,-
BISTROVER,Frisk And Squeak,0,,-,808,HIRO&C,宮城県,1572,YULI,宮城県,2436,JN*1CC,宮城県,0,,-
BISTROVER,Fire Beat,0,,-,1131,YULI,宮城県,1824,YULI,宮城県,2725,KEEL,宮城県,0,,-
BISTROVER,Farewell to Marrakech,0,,-,914,YULI,宮城県,1530,YULI,宮城県,2274,CORI-,宮城県,0,,-
BISTROVER,Explorer feat. ぷにぷに電機,0,,-,759,EBI,宮城県,1306,OBUTSU,宮城県,2148,KEEL,宮城県,2905,CORI-,宮城県
BISTROVER,Euphoric Lagoon,0,,-,884,LIERRE,宮城県,1609,EBI,宮城県,2600,CORI-,宮城県,0,,-
BISTROVER,Empire of Fury,0,,-,1386,YULI,宮城県,2148,YULI,宮城県,3305,KEEL,宮城県,0,,-
BISTROVER,DUAL STRIKER,0,,-,1181,LIERRE,宮城県,2480,YULI,宮城県,3857,KEEL,宮城県,0,,-
BISTROVER,Don't Stop The Music feat. Kanae Asaba,0,,-,692,EBI,宮城県,1326,EBI,宮城県,1879,CORI-,宮城県,0,,-
BISTROVER,DENIM,0,,-,595,INKYO.,宮城県,1319,YULI,宮城県,1740,CORI-,宮城県,0,,-
BISTROVER,Dawn Saga,0,,-,958,YULI,宮城県,1651,YULI,宮城県,2739,CORI-,宮城県,0,,-
BISTROVER,Danza Aestas,0,,-,995,INKYO.,宮城県,1748,LIERRE,宮城県,3005,CORI-,宮城県,0,,-
BISTROVER,Crazy Jackpot,0,,-,1008,YULI,宮城県,1675,YULI,宮城県,2865,CORI-,宮城県,0,,-
BISTROVER,COSMIC RAY,0,,-,1274,CAG3,宮城県,2139,PAIM0N,宮城県,2900,KEEL,宮城県,0,,-
BISTROVER,CONNECT-,0,,-,1031,LIERRE,宮城県,1841,YULI,宮城県,2935,KEEL,宮城県,0,,-
BISTROVER,Chewingood!!!,306,MARIMO,宮城県,870,YULI,宮城県,1510,YULI,宮城県,2620,CORI-,宮城県,0,,-
BISTROVER,Burning Flame,0,,-,1206,EBI,宮城県,1836,YUFFIE,宮城県,2922,CORI-,宮城県,3796,CORI-,宮城県
BISTROVER,Breakin' Rules,0,,-,1301,YULI,宮城県,1769,EBI,宮城県,2764,KEEL,宮城県,0,,-
BISTROVER,Brahma,0,,-,1223,LIERRE,宮城県,1744,CHESED,宮城県,2888,KEEL,宮城県,0,,-
BISTROVER,BLACK or WHITE?,633,LIERRE,宮城県,1298,LIERRE,宮城県,2513,NCG.SF,宮城県,3972,CORI-,宮城県,0,,-
BISTROVER,BIGソムタム,565,DARK-I,宮城県,1269,YULI,宮城県,1910,KEEL,宮城県,3357,CORI-,宮城県,0,,-
BISTROVER,BEMANI PRO LEAGUE Theme,0,,-,784,HIRO&C,宮城県,1385,DLSITE,宮城県,1987,CORI-,宮城県,0,,-
BISTROVER,ASIAN VIRTUAL REALITIES (MELTING TOGETHER IN DAZZLING DARKNESS),0,,-,1076,EBI,宮城県,1900,YULI,宮城県,3383,CORI-,宮城県,0,,-
BISTROVER,As You Want,0,,-,850,MARIMO,宮城県,1469,DO3PIN,宮城県,2445,KEEL,宮城県,0,,-
BISTROVER,apo:llioth,0,,-,1213,LEGACY,宮城県,2038,SHV46,宮城県,2964,JN*1CC,宮城県,0,,-
BISTROVER,AMRITA -不滅ノ花-,0,,-,908,HIRO&C,宮城県,1621,YULI,宮城県,2783,CORI-,宮城県,0,,-
BISTROVER,Ah Hah Yeah,0,,-,722,DO3PIN,宮城県,1388,LIERRE,宮城県,2178,CORI-,宮城県,0,,-
BISTROVER,ABSOLUTE (kors k Remix),0,,-,944,EBI,宮城県,1538,YULI,宮城県,2649,CORI-,宮城県,0,,-
BISTROVER,3!dolon Forc3,0,,-,989,LIERRE,宮城県,1574,YULI,宮城県,2938,JN.1CC,宮城県,0,,-
BISTROVER,-65℃,0,,-,1416,YULI,宮城県,2254,TENKUN,宮城県,3716,KEEL,宮城県,0,,-
7th style,Somebody Like You,0,,-,744,DARK-I,宮城県,1191,YULI,宮城県,1859,CORI-,宮城県,0,,-
10th style,SCORE,0,,-,1167,INKYO.,宮城県,1606,YULI,宮城県,2093,CORI-,宮城県,0,,-
HAPPY SKY,mind the gap,0,,-,768,YULI,宮城県,1052,YULI,宮城県,1663,CORI-,宮城県,0,,-
SIRIUS,Do Back Burn,0,,-,723,INKYO.,宮城県,1423,DARK-I,宮城県,2151,CORI-,宮城県,0,,-
Lincle,GIGANT,0,,-,583,DARK-I,宮城県,1181,LIERRE,宮城県,1759,?INKYG,宮城県,2946,CORI-,宮城県
PENDUAL,Sounds Of Summer,0,,-,1257,WRXSTI,宮城県,2131,E-BODY,宮城県,2988,CORI-,宮城県,0,,-
BISTROVER,smooooch・∀・ (Snail's House Remix) ,0,,-,868,KAIN,宮城県,1537,HIRO&C,宮城県,2347,KEEL,宮城県,0,,-
BISTROVER,POLKAMANIA,437,INKYO.,宮城県,993,INKYO.,宮城県,1836,TA9.,宮城県,2973,CORI-,宮城県,0,,-
CastHour,黒紅掬い,0,,-,665,DARK-I,宮城県,1215,DARK-I,宮城県,1812,YULI,宮城県,0,,-
CastHour,青の洞窟,0,,-,901,DARK-I,宮城県,1989,DARK-I,宮城県,3157,CORI-,宮城県,0,,-
CastHour,雪上断火,0,,-,1012,DARK-I,宮城県,1834,YULI,宮城県,3027,CORI-,宮城県,0,,-
CastHour,逆月,0,,-,1504,DARK-I,宮城県,2349,PAIM0N,宮城県,3744,KEEL,宮城県,0,,-
CastHour,踊,184,MARIMO,宮城県,366,EBI,宮城県,827,EBI,宮城県,1628,CORI-,宮城県,2103,CORI-,宮城県
CastHour,禊,0,,-,1082,INKYO.,宮城県,2288,YULI,宮城県,3198,CORI-,宮城県,0,,-
CastHour,烽火連天の刃,0,,-,1140,LIERRE,宮城県,2324,YULI,宮城県,3430,CORI-,宮城県,4295,CORI-,宮城県
CastHour,月とミルク,0,,-,996,HIRO&C,宮城県,1588,YULI,宮城県,2787,JN.1CC,宮城県,0,,-
CastHour,愛しくてラヴィンユー ft. マナ,0,,-,811,HIRO&C,宮城県,1498,DARK-I,宮城県,2407,KEEL,宮城県,0,,-
CastHour,怪物,348,MARIMO,宮城県,752,LIERRE,宮城県,1203,HIRO&C,宮城県,2408,MORBOL,宮城県,3285,CORI-,宮城県
CastHour,天邪鬼,417,MARIMO,宮城県,992,DARK-I,宮城県,1728,YULI,宮城県,3348,CORI-,宮城県,0,,-
CastHour,口カラ凸ゲキ,0,,-,930,EBI,宮城県,1520,EBI,宮城県,2415,CORI-,宮城県,0,,-
CastHour,ミュージック・アワー,548,INKYO.,宮城県,1216,LIERRE,宮城県,2114,DARK-I,宮城県,3013,CORI-,宮城県,0,,-
CastHour,"ピアノ独奏無言歌 ""灰燼""",0,,-,1185,DARK-I,宮城県,2414,..76..,宮城県,3803,CORI-,宮城県,0,,-
CastHour,ハイテックトキオ,0,,-,1112,LIERRE,宮城県,1921,YULI,宮城県,2715,CORI-,宮城県,3255,CORI-,宮城県
CastHour,ナイトフィクション,0,,-,728,DARK-I,宮城県,1554,DARK-I,宮城県,2150,CORI-,宮城県,0,,-
CastHour,デモーニッシュ,266,MARIMO,宮城県,932,HIRO&C,宮城県,1455,LIERRE,宮城県,2391,CORI-,宮城県,3050,JN*1CC,宮城県
CastHour,シル・ヴ・プレジデント,304,MARIMO,宮城県,656,LIERRE,宮城県,1220,SKMMYP,宮城県,1799,MORBOL,宮城県,2580,MORBOL,宮城県
CastHour,グッバイ宣言,586,HIRO&C,宮城県,1105,LIERRE,宮城県,1788,DARK-I,宮城県,3104,CORI-,宮城県,3645,CORI-,宮城県
CastHour,オールトの雲,0,,-,1220,LIERRE,宮城県,2002,YULI,宮城県,2656,CORI-,宮城県,0,,-
CastHour,オドループ,516,MARIMO,宮城県,1113,YULI,宮城県,1579,EBI,宮城県,2348,CORI-,宮城県,2997,CORI-,宮城県
CastHour,ウツシミウツシ,0,,-,1269,EBI,宮城県,2050,NOMI,宮城県,3160,KEEL,宮城県,0,,-
CastHour,アクマフカ,0,,-,761,LIERRE,宮城県,1516,DLSITE,宮城県,2315,CORI-,宮城県,0,,-
CastHour,めでてえ,0,,-,1107,DARK-I,宮城県,1719,DARK-I,宮城県,2666,CORI-,宮城県,0,,-
CastHour,ぐだふわエブリデー,266,WRXSTI,宮城県,686,HIRO&C,宮城県,1306,DARK-I,宮城県,2300,KEEL,宮城県,0,,-
CastHour,あいつら全員同窓会,370,MARIMO,宮城県,652,LIERRE,宮城県,1234,DARK-I,宮城県,2045,CORI-,宮城県,0,,-
CastHour,《GRANDMASTER》,0,,-,990,INKYO.,宮城県,1830,DARK-I,宮城県,2945,CORI-,宮城県,0,,-
CastHour,Xyndrome,0,,-,965,DARK-I,宮城県,1630,E-BODY,宮城県,2951,CORI-,宮城県,0,,-
CastHour,Wonderful Escape,0,,-,972,DARK-I,宮城県,1459,DARK-I,宮城県,2095,JN*1CC,宮城県,0,,-
CastHour,WHA,0,,-,1237,LIERRE,宮城県,2291,DARK-I,宮城県,3701,CORI-,宮城県,0,,-
CastHour,VR - Virtual Reality (prod.by Snail's House),316,MARIMO,宮城県,621,LIERRE,宮城県,1164,LIERRE,宮城県,1821,MORBOL,宮城県,2454,KRSRIN,宮城県
CastHour,Votania Beat,0,,-,1073,LIERRE,宮城県,1631,LIERRE,宮城県,2532,JN.1CC,宮城県,0,,-
CastHour,Victory Of Ravers,0,,-,1032,INKYO.,宮城県,1758,DLSITE,宮城県,2582,KEEL,宮城県,0,,-
CastHour,Ventriloquist,0,,-,789,LIERRE,宮城県,1517,DARK-I,宮城県,2430,JN.1CC,宮城県,0,,-
CastHour,Triple Cross,594,LIERRE,宮城県,1130,LIERRE,宮城県,2286,DARK-I,宮城県,3287,CORI-,宮城県,0,,-
CastHour,TOMAHAWK,0,,-,1366,LIERRE,宮城県,2347,YULI,宮城県,3564,CORI-,宮城県,0,,-
CastHour,Tail Lights,0,,-,1106,HIRO&C,宮城県,1964,YUFFIE,宮城県,3130,CORI-,宮城県,0,,-
CastHour,Stepper,0,,-,708,DARK-I,宮城県,1523,DARK-I,宮城県,2202,CORI-,宮城県,0,,-
CastHour,SPARK IN THE NIGHT,0,,-,875,LIERRE,宮城県,1439,LIERRE,宮城県,2243,KEEL,宮城県,0,,-
CastHour,Souhait bleu,0,,-,906,DARK-I,宮城県,1897,DARK-I,宮城県,2763,CORI-,宮城県,0,,-
CastHour,SOLID WYVERN,0,,-,1214,DARK-I,宮城県,1972,DARK-I,宮城県,2650,CORI-,宮城県,3905,CORI-,宮城県
CastHour,Smalt #28598F,0,,-,1090,DARK-I,宮城県,2331,YULI,宮城県,3397,CORI-,宮城県,0,,-
CastHour,Skreaming for Salvation,0,,-,834,LIERRE,宮城県,2070,JN.1CC,宮城県,3171,JN.1CC,宮城県,0,,-
CastHour,Silver Bullet,0,,-,1177,34437,宮城県,1984,YULI,宮城県,3234,CORI-,宮城県,0,,-
CastHour,RAGE feat.H14 of LEONAIR,441,LIERRE,宮城県,1114,YULI,宮城県,2248,YULI,宮城県,3615,CORI-,宮城県,0,,-
CastHour,Push on Beats!～音ゲの国のeX-ストリーマー～,0,,-,1232,LIERRE,宮城県,1967,YULI,宮城県,3386,CORI-,宮城県,0,,-
CastHour,Purple Perplex,0,,-,1152,DARK-I,宮城県,1910,YULI,宮城県,3078,CORI-,宮城県,0,,-
CastHour,Prohibited Props,0,,-,1044,LIERRE,宮城県,1578,JN*1CC,宮城県,2279,CORI-,宮城県,0,,-
CastHour,Pout,0,,-,1081,LIERRE,宮城県,1760,JN.1CC,宮城県,2621,CORI-,宮城県,0,,-
CastHour,PLASMA SOUL NIGHT feat. Nana Takahashi / 709sec.,434,INKYO.,宮城県,1481,YULI,宮城県,2623,YULI,宮城県,4449,CORI-,宮城県,0,,-
CastHour,PIRATES BLADE,0,,-,925,HIRO&C,宮城県,1504,DARK-I,宮城県,2163,CORI-,宮城県,0,,-
CastHour,P.O.W.E.R.,0,,-,1051,INKYO.,宮城県,1760,DARK-I,宮城県,2360,CORI-,宮城県,0,,-
CastHour,Onyx,0,,-,920,DARK-I,宮城県,1519,YULI,宮城県,2412,CORI-,宮城県,0,,-
CastHour,One for All,0,,-,1027,DARK-I,宮城県,1798,YULI,宮城県,3209,KEEL,宮城県,0,,-
CastHour,Non Stop Rock,0,,-,795,DARK-I,宮城県,1314,DARK-I,宮城県,1891,CORI-,宮城県,0,,-
CastHour,Nocturnal 2097,0,,-,955,LIERRE,宮城県,1955,YULI,宮城県,2943,CORI-,宮城県,0,,-
CastHour,No Day But Today!,440,HIRO&C,宮城県,748,LIERRE,宮城県,1342,DARK-I,宮城県,1988,JN*1CC,宮城県,0,,-
CastHour,n/a,0,,-,1243,YULI,宮城県,1985,YULI,宮城県,3573,CORI-,宮城県,0,,-
CastHour,N.O.,0,,-,838,LIERRE,宮城県,1529,KEEL,宮城県,2523,KEEL,宮城県,0,,-
CastHour,LIVE DRIVING!! feat. 花たん,0,,-,1618,RAY,宮城県,2527,YULI,宮城県,3844,CORI-,宮城県,0,,-
CastHour,Legendary Treasures,0,,-,1146,LIERRE,宮城県,1764,LIERRE,宮城県,2886,CORI-,宮城県,0,,-
CastHour,Lawes's Parotia,0,,-,903,LIERRE,宮城県,1729,DARK-I,宮城県,2559,JN.1CC,宮城県,0,,-
CastHour,kors k's How to make OTOGE CORE,0,,-,824,YULI,宮城県,1553,YULI,宮城県,2326,CORI-,宮城県,0,,-
CastHour,ILAYZA,0,,-,1188,HIRO&C,宮城県,2062,DARK-I,宮城県,2844,CORI-,宮城県,0,,-
CastHour,HEARTACHE,0,,-,498,YULI,宮城県,1185,U3,宮城県,1847,JN*1CC,宮城県,0,,-
CastHour,Hat Surprise,0,,-,694,LIERRE,宮城県,1621,YULI,宮城県,2449,JN.1CC,宮城県,0,,-
CastHour,Harmonia,0,,-,752,LIERRE,宮城県,1243,NOMI,宮城県,2012,KEEL,宮城県,0,,-
CastHour,hard-wired,0,,-,1580,DO3PIN,宮城県,2289,YULI,宮城県,3559,KEEL,宮城県,0,,-
CastHour,GRAVITON,0,,-,1181,INKYO.,宮城県,2053,DO3PIN,宮城県,3470,KEEL,宮城県,0,,-
CastHour,GiGaGaHell,0,,-,1362,LIERRE,宮城県,2088,EBI,宮城県,3238,CORI-,宮城県,0,,-
CastHour,"Get set, Go! feat.Kanae Asaba",0,,-,845,LIERRE,宮城県,1451,DARK-I,宮城県,2113,YULI,宮城県,0,,-
CastHour,Game Changers,0,,-,772,DARK-I,宮城県,1451,EBI,宮城県,2757,CORI-,宮城県,0,,-
CastHour,Flying Castle,0,,-,1090,DARK-I,宮城県,2294,DLSITE,宮城県,3665,CORI-,宮城県,0,,-
CastHour,FINALLY BLAZE,0,,-,936,LIERRE,宮城県,1751,LIERRE,宮城県,2827,CORI-,宮城県,0,,-
CastHour,Fegrix,0,,-,1266,DARK-I,宮城県,2284,U3,宮城県,3318,CORI-,宮城県,0,,-
CastHour,Fantastic Merry-Go-Round,0,,-,1082,LIERRE,宮城県,1496,LIERRE,宮城県,2113,JN.1CC,宮城県,0,,-
CastHour,Ergosphere,0,,-,1005,LIERRE,宮城県,1867,YUFFIE,宮城県,2734,CORI-,宮城県,0,,-
CastHour,EMOTiON TRiPPER,0,,-,951,INKYO.,宮城県,1483,DARK-I,宮城県,2183,TOSH,宮城県,0,,-
CastHour,Emera,0,,-,887,LIERRE,宮城県,1623,DARK-I,宮城県,2333,KEEL,宮城県,0,,-
CastHour,DREAM OF SPACE UFO ABDUCTION,0,,-,1086,HIRO&C,宮城県,1805,DLSITE,宮城県,2716,CORI-,宮城県,0,,-
CastHour,Don't believe the hype,0,,-,1157,YULI,宮城県,2231,YULI,宮城県,3277,CORI-,宮城県,0,,-
CastHour,Divine Heaven,0,,-,945,DARK-I,宮城県,1986,DARK-I,宮城県,2985,CORI-,宮城県,0,,-
CastHour,DISPARATE,0,,-,1033,DARK-I,宮城県,1814,DARK-I,宮城県,2457,KEEL,宮城県,0,,-
CastHour,Brave Spirits,0,,-,720,LIERRE,宮城県,1430,YULI,宮城県,2474,KEEL,宮城県,0,,-
CastHour,Blue Bird feat. Kanae Asaba,0,,-,659,LIERRE,宮城県,1118,YULI,宮城県,1784,JN.1CC,宮城県,0,,-
CastHour,Binary Black Hole,0,,-,1342,HIRO&C,宮城県,2290,YULI,宮城県,3906,CORI-,宮城県,0,,-
CastHour,Banger Banger Banger Banger,0,,-,985,LIERRE,宮城県,1777,DARK-I,宮城県,2958,CORI-,宮城県,0,,-
CastHour,Arkadia,0,,-,1170,RAY,宮城県,2110,DLSITE,宮城県,3680,CORI-,宮城県,0,,-
CastHour,Ariah,0,,-,721,HIRO&C,宮城県,1493,BLAHAN,宮城県,2170,KEEL,宮城県,0,,-
CastHour,Angel's Ladder,0,,-,1077,DARK-I,宮城県,2246,JN.1CC,宮城県,3471,CORI-,宮城県,0,,-
CastHour,ANEMONE,222,MARIMO,宮城県,777,MARIMO,宮城県,1607,LIERRE,宮城県,2138,JN.1CC,宮城県,0,,-
CastHour,AMICABLE,0,,-,1027,MARIMO,宮城県,1606,DLSITE,宮城県,2468,NJC.NA,宮城県,0,,-
CastHour,ALTERNATOR,0,,-,1351,34437,宮城県,2526,JN.1CC,宮城県,3758,CORI-,宮城県,0,,-
CastHour,Aftermath,0,,-,1226,CAG3,宮城県,2389,YULI,宮城県,3601,CORI-,宮城県,0,,-
CastHour,ABSOLUTE EVIL,252,MARIMO,宮城県,1195,LIERRE,宮城県,2213,DARK-I,宮城県,3483,CORI-,宮城県,0,,-
CastHour,808monkey,0,,-,765,DARK-I,宮城県,1193,EBI,宮城県,1821,CORI-,宮城県,0,,-
CastHour,2 Beasts Unchained,0,,-,1502,DARK-I,宮城県,2220,DARK-I,宮城県,3412,KEEL,宮城県,0,,-
CastHour,10000 MILES AWAY,0,,-,1049,KICHI,宮城県,1667,?INKYG,宮城県,2962,CORI-,宮城県,0,,-
7th style,MAX 300,0,,-,1106,5633,宮城県,1901,YULI,宮城県,2809,CORI-,宮城県,0,,-
9th style,fun,0,,-,592,DARK-I,宮城県,1137,YULI,宮城県,1889,CORI-,宮城県,0,,-
DistorteD,DEEP ROAR,0,,-,993,DARK-I,宮城県,1432,DARK-I,宮城県,2762,CORI-,宮城県,0,,-
EMPRESS,THE SHINING POLARIS(kors k mix),0,,-,1300,DARK-I,宮城県,2073,E-BODY,宮城県,3263,CORI-,宮城県,0,,-
EMPRESS,Cyber Force -DJ Yoshitaka Remix-,0,,-,1082,INKYO.,宮城県,1802,777,宮城県,2535,KEEL,宮城県,0,,-
tricoro,Reflection Into the EDEN,0,,-,797,DARK-I,宮城県,1446,LIERRE,宮城県,2166,CORI-,宮城県,0,,-
SPADA,Idola,0,,-,1167,O4KO,宮城県,2250,E-BODY,宮城県,3549,MORBOL,宮城県,0,,-
PENDUAL,Rave*it!! Rave*it!!,0,,-,1019,INKYO.,宮城県,1682,LIERRE,宮城県,3302,CORI-,宮城県,0,,-
PENDUAL,Erosion Mark,0,,-,779,INKYO.,宮城県,1511,E-BODY,宮城県,2169,TOSH,宮城県,0,,-
PENDUAL,COLOSSEUM,0,,-,571,INKYO.,宮城県,1203,ANEL,宮城県,2283,JN*1CC,宮城県,0,,-
RESIDENT,響花水月,0,,-,1205,DARK-I,宮城県,1917,YUFFIE,宮城県,2940,CORI-,宮城県,0,,-
RESIDENT,雨のちパノラマセカイ,0,,-,823,HIRO&C,宮城県,1434,LIERRE,宮城県,2216,CORI-,宮城県,0,,-
RESIDENT,輪廻の鴉,0,,-,1028,DARK-I,宮城県,1783,DARK-I,宮城県,2747,YUFFIE,宮城県,0,,-
RESIDENT,罪過の聖堂,0,,-,870,YULI,宮城県,1369,YULI,宮城県,2117,CORI-,宮城県,0,,-
RESIDENT,神のシナリオ,0,,-,1170,LIERRE,宮城県,1742,YULI,宮城県,3257,CORI-,宮城県,0,,-
RESIDENT,神っぽいな,372,MARIMO,宮城県,780,HIRO&C,宮城県,1449,E-BODY,宮城県,2133,CORI-,宮城県,3059,CORI-,宮城県
RESIDENT,真夜中のバベル,0,,-,716,DARK-I,宮城県,1195,DARK-I,宮城県,1734,CORI-,宮城県,0,,-
RESIDENT,異心前進♪ぴょんぴょんぴょん ,0,,-,1107,MARIMO,宮城県,1653,LIERRE,宮城県,2495,JN*1CC,宮城県,0,,-
RESIDENT,生きるよすが,442,DARK-I,宮城県,954,HIRO&C,宮城県,1514,LIERRE,宮城県,2502,..76..,宮城県,0,,-
RESIDENT,湘南ロンリーMIDNIGHT RAIN,0,,-,981,HIRO&C,宮城県,1800,DARK-I,宮城県,2851,JN*1CC,宮城県,0,,-
RESIDENT,楽園追放,0,,-,939,LIERRE,宮城県,1543,E-BODY,宮城県,2409,MORBOL,宮城県,0,,-
RESIDENT,栄冠のカンパネラ,0,,-,1352,DARK-I,宮城県,2138,DARK-I,宮城県,3936,CORI-,宮城県,0,,-
RESIDENT,月と夢の跡 ft. マナ,0,,-,961,DARK-I,宮城県,1536,DARK-I,宮城県,2521,ALC.20,宮城県,0,,-
RESIDENT,昏き甲鉄のヴェルガ,0,,-,912,LIERRE,宮城県,1614,HIRO&C,宮城県,2346,E-BODY,宮城県,0,,-
RESIDENT,新時代,333,HIRO&C,宮城県,758,HIRO&C,宮城県,1262,LIERRE,宮城県,2339,CORI-,宮城県,0,,-
RESIDENT,惑星☆ロリポップ,0,,-,790,HIRO&C,宮城県,1594,DARK-I,宮城県,2806,TOSH,宮城県,0,,-
RESIDENT,恋愛＝精度×認識力,0,,-,1588,YULI,宮城県,2318,YULI,宮城県,3443,CORI-,宮城県,0,,-
RESIDENT,少年リップルズ,0,,-,896,RAY,宮城県,1776,E-BODY,宮城県,2457,TOSH,宮城県,0,,-
RESIDENT,儚キ戀ノ幻想譚,594,LIERRE,宮城県,1563,DARK-I,宮城県,2281,YULI,宮城県,3558,CORI-,宮城県,0,,-
RESIDENT,マツケンサンバII,403,YULI,宮城県,1131,LIERRE,宮城県,1811,LIERRE,宮城県,2915,CORI-,宮城県,0,,-
RESIDENT,パーフェクトイーター,0,,-,1173,DARK-I,宮城県,2086,E-BODY,宮城県,3004,TOSH,宮城県,0,,-
RESIDENT,チェイスチェイスジョーカーズのうた (オニスタイルリミックス),0,,-,991,LIERRE,宮城県,1728,LIERRE,宮城県,2828,CORI-,宮城県,0,,-
RESIDENT,サヨナラ・ヘヴン-Celtic Chip Dance Mix-,0,,-,915,MARIMO,宮城県,1517,YULI,宮城県,2620,CORI-,宮城県,0,,-
RESIDENT,ちょえちょえまぎか,0,,-,1229,KICHI,宮城県,2297,YULI,宮城県,3044,CORI-,宮城県,0,,-
RESIDENT,ぞうしょく！？マイデンティティ,0,,-,1280,DARK-I,宮城県,2275,DARK-I,宮城県,3664,CORI-,宮城県,0,,-
RESIDENT,きゅんです。,0,,-,734,MARIMO,宮城県,1441,YULI,宮城県,2353,CORI-,宮城県,0,,-
RESIDENT,おとせサンダー,214,MARIMO,宮城県,668,LIERRE,宮城県,1199,LIERRE,宮城県,2170,CORI-,宮城県,0,,-
RESIDENT,いつかオトナになれるといいね。,554,LIERRE,宮城県,1134,HIRO&C,宮城県,1946,DARK-I,宮城県,3034,CORI-,宮城県,0,,-
RESIDENT,あるビー！ feat.ころねぽち,0,,-,987,DARK-I,宮城県,1772,5633,宮城県,2892,CORI-,宮城県,0,,-
RESIDENT,《ORDERBREAKER》,0,,-,1013,DARK-I,宮城県,1601,DARK-I,宮城県,2424,TOSH,宮城県,0,,-
RESIDENT,■□模様,0,,-,979,LIERRE,宮城県,1545,LIERRE,宮城県,2647,MORBOL,宮城県,0,,-
RESIDENT,≡+≡,600,LIERRE,宮城県,1389,DARK-I,宮城県,2121,DARK-I,宮城県,3029,CORI-,宮城県,0,,-
RESIDENT,[ ]DENTITY,0,,-,1176,DARK-I,宮城県,2119,YULI,宮城県,3800,CORI-,宮城県,0,,-
RESIDENT,ZENITH,0,,-,1151,DARK-I,宮城県,1980,E-BODY,宮城県,3018,CORI-,宮城県,0,,-
RESIDENT,Xerulean,0,,-,1343,LIERRE,宮城県,2022,E-BODY,宮城県,3504,CORI-,宮城県,0,,-
RESIDENT,With You,0,,-,839,LIERRE,宮城県,1592,DARK-I,宮城県,2565,CORI-,宮城県,0,,-
RESIDENT,"wanna be a ""BAD GIRL"" feat. Nana Takahashi",0,,-,800,HIRO&C,宮城県,1321,KICHI,宮城県,2052,KEEL,宮城県,0,,-
RESIDENT,VØID,0,,-,1260,DARK-I,宮城県,1936,YULI,宮城県,3306,CORI-,宮城県,0,,-
RESIDENT,VOLCANIC BIGBEAT,0,,-,1097,LIERRE,宮城県,1813,E-BODY,宮城県,2861,CORI-,宮城県,0,,-
RESIDENT,VOLAQUAS,0,,-,1335,LIERRE,宮城県,2174,YULI,宮城県,3859,CORI-,宮城県,0,,-
RESIDENT,THE TIME MACHINE,0,,-,1088,DARK-I,宮城県,1772,KICHI,宮城県,2673,CORI-,宮城県,0,,-
RESIDENT,The Clown of 24stairs,0,,-,1133,DARK-I,宮城県,2206,YULI,宮城県,3384,CORI-,宮城県,0,,-
RESIDENT,TECHNOPHOBIA,0,,-,808,HIRO&C,宮城県,1692,YULI,宮城県,2985,KEEL,宮城県,0,,-
RESIDENT,Swing My Wonderland,0,,-,1306,LIERRE,宮城県,2280,E-BODY,宮城県,3101,CORI-,宮城県,0,,-
RESIDENT,suspicions,0,,-,1197,INKYO.,宮城県,2294,YULI,宮城県,3658,NJC.NA,宮城県,0,,-
RESIDENT,Super Freak,0,,-,1123,LIERRE,宮城県,1905,YULI,宮城県,3468,CORI-,宮城県,0,,-
RESIDENT,Sunny Day Vibes,0,,-,962,LIERRE,宮城県,1635,DARK-I,宮城県,2294,CORI-,宮城県,0,,-
RESIDENT,Summerblue,371,LIERRE,宮城県,1097,LIERRE,宮城県,1747,DARK-I,宮城県,2441,CORI-,宮城県,0,,-
RESIDENT,Stylus,0,,-,1241,LIERRE,宮城県,1948,E-BODY,宮城県,2856,CORI-,宮城県,0,,-
RESIDENT,STRAIGHT TO THE STARS,0,,-,1053,LIERRE,宮城県,1726,DARK-I,宮城県,2994,CORI-,宮城県,0,,-
RESIDENT,STAR BEAT,0,,-,848,DARK-I,宮城県,1725,LIERRE,宮城県,2410,YULI,宮城県,0,,-
RESIDENT,Somnidiscotheque,0,,-,1328,YULI,宮城県,1961,YULI,宮城県,3304,CORI-,宮城県,0,,-
RESIDENT,Shamshir,0,,-,1087,LIERRE,宮城県,1445,E-BODY,宮城県,2247,CORI-,宮城県,0,,-
RESIDENT,Shadow World,0,,-,992,HIRO&C,宮城県,1653,DARK-I,宮城県,2725,JN*1CC,宮城県,0,,-
RESIDENT,Seraph,0,,-,993,HIRO&C,宮城県,1818,E-BODY,宮城県,2442,JN*1CC,宮城県,0,,-
RESIDENT,Ruler or Loser,0,,-,984,HIRO&C,宮城県,1673,LE.F,宮城県,2661,CORI-,宮城県,0,,-
RESIDENT,RINNE,0,,-,1191,DARK-I,宮城県,2335,YULI,宮城県,3518,CORI-,宮城県,0,,-
RESIDENT,Rewind Time,0,,-,718,HIRO&C,宮城県,1296,LIERRE,宮城県,2206,CORI-,宮城県,0,,-
RESIDENT,Red Soul,0,,-,1081,DARK-I,宮城県,1800,YULI,宮城県,2939,CORI-,宮城県,0,,-
RESIDENT,Programmed Genom,0,,-,1127,HIRO&C,宮城県,1628,E-BODY,宮城県,2415,CORI-,宮城県,0,,-
RESIDENT,Perfect Plan,0,,-,1173,LIERRE,宮城県,1780,PI,宮城県,2620,CORI-,宮城県,0,,-
RESIDENT,Peng-Ging Sky High!!,0,,-,1097,HIRO&C,宮城県,1479,LIERRE,宮城県,2659,JN*1CC,宮城県,0,,-
RESIDENT,Peaktime Booster,0,,-,1153,LIERRE,宮城県,1857,YULI,宮城県,3262,CORI-,宮城県,0,,-
RESIDENT,OVER VOLTAGE,0,,-,1111,DARK-I,宮城県,1826,DARK-I,宮城県,2594,CORI-,宮城県,0,,-
RESIDENT,Ou Legends,0,,-,1149,DARK-I,宮城県,2077,DARK-I,宮城県,3299,CORI-,宮城県,0,,-
RESIDENT,ONE AND ONLY,0,,-,1185,LIERRE,宮城県,1796,YULI,宮城県,3232,CORI-,宮城県,0,,-
RESIDENT,No Border,0,,-,1170,DARK-I,宮城県,1979,YULI,宮城県,3697,CORI-,宮城県,0,,-
RESIDENT,Next Level,0,,-,938,LIERRE,宮城県,1610,LIERRE,宮城県,2182,CORI-,宮城県,0,,-
RESIDENT,Move UR Body,0,,-,1179,DARK-I,宮城県,1798,DARK-I,宮城県,2626,CORI-,宮城県,0,,-
RESIDENT,Meissa,0,,-,926,HIRO&C,宮城県,1624,DARK-I,宮城県,2840,CORI-,宮城県,0,,-
RESIDENT,MAX 360,0,,-,1210,INKYO.,宮城県,2287,YULI,宮城県,3134,JN*1CC,宮城県,0,,-
RESIDENT,mathematical good-bye,0,,-,1161,LIERRE,宮城県,1774,DARK-I,宮城県,2818,MORBOL,宮城県,0,,-
RESIDENT,Luna Plena,0,,-,872,HIRO&C,宮城県,1606,DARK-I,宮城県,2592,KEEL,宮城県,0,,-
RESIDENT,LOUDER ROLLING THUNDER,0,,-,1094,LIERRE,宮城県,1997,YULI,宮城県,3413,CORI-,宮城県,0,,-
RESIDENT,Level 4,0,,-,1225,YULI,宮城県,2092,KRSRIN,宮城県,3640,CORI-,宮城県,0,,-
RESIDENT,LADS,0,,-,942,DARK-I,宮城県,1650,DARK-I,宮城県,2305,CORI-,宮城県,0,,-
RESIDENT,kors k's How to make OTOGE CORE 「LONG」,0,,-,1208,LIERRE,宮城県,2364,DARK-I,宮城県,3651,CORI-,宮城県,0,,-
RESIDENT,KING,452,MARIMO,宮城県,949,HIRO&C,宮城県,1971,NOMI,宮城県,3098,CORI-,宮城県,3942,CORI-,宮城県
RESIDENT,I,0,,-,1247,LIERRE,宮城県,2278,DARK-I,宮城県,3738,CORI-,宮城県,0,,-
RESIDENT,Hat Surprise (Season 2),0,,-,1017,DARK-I,宮城県,1818,DARK-I,宮城県,3390,TOSH,宮城県,0,,-
RESIDENT,glacia,0,,-,1202,LIERRE,宮城県,2143,YULI,宮城県,2956,JN*1CC,宮城県,0,,-
RESIDENT,GET UP AGAIN,0,,-,1117,LIERRE,宮城県,1692,LIERRE,宮城県,2447,CORI-,宮城県,0,,-
RESIDENT,Get On Your Feet,0,,-,1137,DARK-I,宮城県,1803,E-BODY,宮城県,2748,CORI-,宮城県,0,,-
RESIDENT,FLARE -炎舞- ft.Nana Takahashi,0,,-,1135,INKYO.,宮城県,1884,E-BODY,宮城県,2875,YULI,宮城県,0,,-
RESIDENT,Fading Stars,0,,-,1102,LIERRE,宮城県,1644,LIERRE,宮城県,2705,KEEL,宮城県,0,,-
RESIDENT,EZ DO DANCE,391,DARK-I,宮城県,774,HIRO&C,宮城県,1418,E-BODY,宮城県,1974,KEEL,宮城県,0,,-
RESIDENT,EXODUS SIGN,0,,-,1226,LIERRE,宮城県,1782,DARK-I,宮城県,2696,CORI-,宮城県,0,,-
RESIDENT,Driver,0,,-,898,HIRO&C,宮城県,1292,DARK-I,宮城県,1809,MORBOL,宮城県,0,,-
RESIDENT,Dreaming Dream,0,,-,836,LIERRE,宮城県,1423,LIERRE,宮城県,2262,CORI-,宮城県,0,,-
RESIDENT,dica dica,0,,-,1171,INKYO.,宮城県,2372,E-BODY,宮城県,3243,CORI-,宮城県,0,,-
RESIDENT,DIAMOND JACKAL,0,,-,1055,RAY,宮城県,1619,DARK-I,宮城県,2603,CORI-,宮城県,0,,-
RESIDENT,CUE CUE RESCUE,534,INKYO.,宮城県,1154,LIERRE,宮城県,1686,E-BODY,宮城県,2553,CORI-,宮城県,3069,CORI-,宮城県
RESIDENT,CODE -CRiMSON-,0,,-,1309,DARK-I,宮城県,1892,E-BODY,宮城県,3002,CORI-,宮城県,0,,-
RESIDENT,Chaotoxin,0,,-,1185,DARK-I,宮城県,1740,E-BODY,宮城県,3371,CORI-,宮城県,0,,-
RESIDENT,Caldwell 99,0,,-,1053,LIERRE,宮城県,1895,E-BODY,宮城県,2562,CORI-,宮城県,3199,YULI,宮城県
RESIDENT,C-C-C-N-N-N,0,,-,998,LIERRE,宮城県,1759,DARK-I,宮城県,2832,MORBOL,宮城県,0,,-
RESIDENT,BIGWAVERS,0,,-,1160,KICHI,宮城県,1905,YULI,宮城県,3538,CORI-,宮城県,0,,-
RESIDENT,Beyond Evolution,0,,-,1480,777,宮城県,2563,TOSH,宮城県,4124,CORI-,宮城県,0,,-
RESIDENT,Bad Encryption,0,,-,1303,DARK-I,宮城県,1950,DARK-I,宮城県,3149,CORI-,宮城県,0,,-
RESIDENT,B.O.D.Y.,0,,-,1107,DARK-I,宮城県,2174,ALC.20,宮城県,3422,CORI-,宮城県,0,,-
RESIDENT,AWA AWA,0,,-,786,LIERRE,宮城県,1321,DARK-I,宮城県,2323,CORI-,宮城県,0,,-
RESIDENT,anthracene,0,,-,971,LIERRE,宮城県,1925,DARK-I,宮城県,3399,CORI-,宮城県,0,,-
RESIDENT,Ambush Ace,0,,-,1077,LIERRE,宮城県,2100,E-BODY,宮城県,2959,CORI-,宮城県,0,,-
RESIDENT,Always We Trust In You,0,,-,1200,DARK-I,宮城県,1847,YULI,宮城県,3199,CORI-,宮城県,0,,-
RESIDENT,7 Colors,0,,-,635,LIERRE,宮城県,1201,E-BODY,宮城県,1933,CORI-,宮城県,0,,-
RESIDENT,3V0,0,,-,1051,LIERRE,宮城県,1820,DARK-I,宮城県,3022,CORI-,宮城県,0,,-
RESIDENT,24h Endurance Race,0,,-,1002,DARK-I,宮城県,2122,E-BODY,宮城県,3382,CORI-,宮城県,0,,-
RESIDENT,#CMFLG,0,,-,1184,LIERRE,宮城県,2313,JN*1CC,宮城県,3428,CORI-,宮城県,0,,-
6th style,L'amour et la liberte,0,,-,988,LIERRE,宮城県,1552,E-BODY,宮城県,1991,YULI,宮城県,0,,-
9th style,PARANOIA survivor MAX,0,,-,982,YULI,宮城県,1298,YULI,宮城県,2173,CORI-,宮城県,0,,-
9th style,Logic Board,0,,-,1050,LIERRE,宮城県,1783,YULI,宮城県,2337,CORI-,宮城県,0,,-
PENDUAL,GUILTY,0,,-,989,PI,宮城県,1537,DARK-I,宮城県,1888,TA9.,宮城県,2949,NJC.NA,宮城県
CANNON BALLERS,共犯ヘヴンズコード,0,,-,481,CHIYA,宮城県,1335,E-BODY,宮城県,2273,CORI-,宮城県,0,,-
RESIDENT,異心前進♪ぴょんぴょんぴょん,0,,-,1104,INKYO.,宮城県,1623,FISH,宮城県,2520,CORI-,宮城県,0,,-
EPOLIS,電腦都市,0,,-,1413,LIERRE,宮城県,2287,YULI,宮城県,3385,CORI-,宮城県,0,,-
EPOLIS,電子になりたい,0,,-,846,LIERRE,宮城県,1431,LIERRE,宮城県,2001,CORI-,宮城県,0,,-
EPOLIS,電光,0,,-,1076,LIERRE,宮城県,1894,YULI,宮城県,3016,CORI-,宮城県,0,,-
EPOLIS,雫,0,,-,1011,DARK-I,宮城県,2038,DARK-I,宮城県,2684,CORI-,宮城県,0,,-
EPOLIS,閉塞的フレーション,0,,-,1022,LIERRE,宮城県,1631,LIERRE,宮城県,2427,CORI-,宮城県,0,,-
EPOLIS,酔いどれ知らず,276,LIERRE,宮城県,830,INKYO.,宮城県,1294,LIERRE,宮城県,2214,..76..,宮城県,0,,-
EPOLIS,終焔のClaudia,0,,-,1398,DARK-I,宮城県,1969,YULI,宮城県,2687,TOSH,宮城県,0,,-
EPOLIS,神様、つれない。,0,,-,702,LIERRE,宮城県,1428,LIERRE,宮城県,2148,NJC.NA,宮城県,0,,-
EPOLIS,"灼熱Beach Side Bunny (かめりあ's ""Summertime D'n'B"" Remix)",0,,-,1075,DARK-I,宮城県,1945,LIERRE,宮城県,3246,CORI-,宮城県,0,,-
EPOLIS,流桜ノ門,0,,-,1016,LIERRE,宮城県,1588,DARK-I,宮城県,2140,CORI-,宮城県,0,,-
EPOLIS,残像ニ繋ガレタ追憶ノHIDEAWAY,0,,-,1197,DARK-I,宮城県,2312,YULI,宮城県,3529,NJC.NA,宮城県,0,,-
EPOLIS,果たせぬ約束 ft. 小林マナ,0,,-,1175,TMA,宮城県,1947,E-BODY,宮城県,3020,CORI-,宮城県,0,,-
EPOLIS,未完成ノ蒸氣驅動乙女,0,,-,1089,LIERRE,宮城県,2074,YULI,宮城県,2981,CORI-,宮城県,0,,-
EPOLIS,摩天楼,0,,-,692,DARK-I,宮城県,1502,YULI,宮城県,2574,CORI-,宮城県,0,,-
EPOLIS,愛包ダンスホール,353,LIERRE,宮城県,939,DARK-I,宮城県,1387,LIERRE,宮城県,2577,YULI,宮城県,0,,-
EPOLIS,惑星鉄道,0,,-,1137,YULI,宮城県,2035,YULI,宮城県,2941,CORI-,宮城県,0,,-
EPOLIS,寝起きヤシの木,476,MARIMO,宮城県,1092,DARK-I,宮城県,1800,DARK-I,宮城県,2813,CORI-,宮城県,0,,-
EPOLIS,夢縁,0,,-,1204,LIERRE,宮城県,2109,YULI,宮城県,3019,CORI-,宮城県,0,,-
EPOLIS,夏風邪デスコ,316,MARIMO,宮城県,821,INKYO.,宮城県,1764,KWAL,宮城県,2664,..76..,宮城県,0,,-
EPOLIS,唱,192,MARIMO,宮城県,463,DARK-I,宮城県,1019,DARK-I,宮城県,1778,CORI-,宮城県,0,,-
EPOLIS,可愛くてごめん,286,LIERRE,宮城県,628,MARIMO,宮城県,1401,..76..,宮城県,2263,CORI-,宮城県,2798,CORI-,宮城県
EPOLIS,勇者,376,MARIMO,宮城県,811,LIERRE,宮城県,1427,NU.9RA,宮城県,2452,CAPCOM,宮城県,0,,-
EPOLIS,傷つけど、愛してる。,352,MARIMO,宮城県,879,DARK-I,宮城県,1392,KWAL,宮城県,2090,..76..,宮城県,0,,-
EPOLIS,今宵、ロマンス横丁。,0,,-,1137,INKYO.,宮城県,2305,YULI,宮城県,3350,CORI-,宮城県,0,,-
EPOLIS,リメンバーリメンバー,0,,-,511,INKYO.,宮城県,972,DARK-I,宮城県,1697,CORI-,宮城県,0,,-
EPOLIS,ラビットホール,685,LIERRE,宮城県,1421,YULI,宮城県,2086,YUFFIE,宮城県,2925,CORI-,宮城県,0,,-
EPOLIS,マーシャル・マキシマイザー,427,INKYO.,宮城県,817,LIERRE,宮城県,1448,INUE,宮城県,2150,CORI-,宮城県,0,,-
EPOLIS,ポラリスノウタ,300,LIERRE,宮城県,864,INKYO.,宮城県,1641,E-BODY,宮城県,2267,TOSH,宮城県,0,,-
EPOLIS,フォニイ,631,INKYO.,宮城県,1219,TMA,宮城県,2015,E-BODY,宮城県,2897,CORI-,宮城県,3917,CORI-,宮城県
EPOLIS,デビルじゃないもん,344,DARK-I,宮城県,837,LIERRE,宮城県,1363,DARK-I,宮城県,2093,CORI-,宮城県,0,,-
EPOLIS,センチメンタル・サマー,0,,-,670,TMA,宮城県,1289,E-BODY,宮城県,1995,CORI-,宮城県,0,,-
EPOLIS,シンデレラ,539,DARK-I,宮城県,872,LIERRE,宮城県,1541,KICHI,宮城県,2219,TOSH,宮城県,0,,-
EPOLIS,アタシ完全絶対正義ちゃん！,0,,-,994,LIERRE,宮城県,1598,LIERRE,宮城県,2156,CORI-,宮城県,0,,-
EPOLIS,アイドル,282,MARIMO,宮城県,888,YULI,宮城県,1521,YULI,宮城県,2609,JN*1CC,宮城県,3176,CORI-,宮城県
EPOLIS,れとりば！,0,,-,860,LIERRE,宮城県,1335,LIERRE,宮城県,2059,CORI-,宮城県,0,,-
EPOLIS,めうめうぺったんたん！！ (ZAQUVA Remix),0,,-,1048,LIERRE,宮城県,1917,E-BODY,宮城県,2791,TOSH,宮城県,0,,-
EPOLIS,ないないルーティン,0,,-,591,LIERRE,宮城県,1357,DARK-I,宮城県,2100,CORI-,宮城県,0,,-
EPOLIS,ちゅ、多様性。,220,MARIMO,宮城県,527,MARIMO,宮城県,1147,TMA,宮城県,1917,CORI-,宮城県,2266,CORI-,宮城県
EPOLIS,《PL|RAYER》,0,,-,930,DARK-I,宮城県,1755,YULI,宮城県,2784,LE.F,宮城県,0,,-
EPOLIS,ZEROIN ON THE LIGHT,0,,-,1129,LIERRE,宮城県,1754,LIERRE,宮城県,2657,..76..,宮城県,0,,-
EPOLIS,Xb10r,0,,-,1214,LIERRE,宮城県,2323,YULI,宮城県,3555,CORI-,宮城県,0,,-
EPOLIS,winkle 2 winkle,0,,-,1066,INKYO.,宮城県,1873,DARK-I,宮城県,2800,CORI-,宮城県,0,,-
EPOLIS,WaterCube Pf.(RX-Ver.S.P.L.),0,,-,578,LIERRE,宮城県,1346,LIERRE,宮城県,2181,CORI-,宮城県,0,,-
EPOLIS,Vulnerability,0,,-,1312,DARK-I,宮城県,1962,YULI,宮城県,3653,CORI-,宮城県,0,,-
EPOLIS,Vermilion Carol,0,,-,1372,LIERRE,宮城県,2241,PI,宮城県,3587,CORI-,宮城県,0,,-
EPOLIS,Tripping Jumping,0,,-,844,INKYO.,宮城県,1601,JN*1CC,宮城県,2312,CORI-,宮城県,0,,-
EPOLIS,TRIP THE DEEP,0,,-,1012,INKYO.,宮城県,1627,DARK-I,宮城県,2558,CORI-,宮城県,0,,-
EPOLIS,Too Late Snow,0,,-,807,LIERRE,宮城県,1422,LIERRE,宮城県,2010,YULI,宮城県,0,,-
EPOLIS,TITANIUM RIDERS,0,,-,896,LIERRE,宮城県,1506,LIERRE,宮城県,2126,CORI-,宮城県,0,,-
EPOLIS,Time Distortion pt.2(IIDX Edit),0,,-,1329,LIERRE,宮城県,1967,YULI,宮城県,2974,CORI-,宮城県,0,,-
EPOLIS,This Is Club Musik feat. 大久保紅葉,0,,-,1099,LIERRE,宮城県,1728,E-BODY,宮城県,2663,CORI-,宮城県,0,,-
EPOLIS,The Onlyonez,0,,-,1027,DARK-I,宮城県,1711,YULI,宮城県,3069,KUREA,宮城県,0,,-
EPOLIS,The Last Apocalypse,0,,-,1422,LIERRE,宮城県,2485,DARK-I,宮城県,3614,LE.F,宮城県,0,,-
EPOLIS,T.R.O.L.L.,0,,-,1040,YULI,宮城県,1760,YULI,宮城県,2614,CORI-,宮城県,0,,-
EPOLIS,Sword of Vengeance,0,,-,1427,LIERRE,宮城県,2161,E-BODY,宮城県,3257,CORI-,宮城県,0,,-
EPOLIS,Submerge Serenade,0,,-,1081,DARK-I,宮城県,1819,KICHI,宮城県,2956,CORI-,宮城県,0,,-
EPOLIS,Stereo Beasts,0,,-,1345,MARIMO,宮城県,2548,YULI,宮城県,3593,?INKYG,宮城県,0,,-
EPOLIS,squall,0,,-,1211,DARK-I,宮城県,1737,INUE,宮城県,2698,CORI-,宮城県,0,,-
EPOLIS,Speculation,0,,-,1017,LIERRE,宮城県,1800,E-BODY,宮城県,3042,CORI-,宮城県,0,,-
EPOLIS,SOLAR ECLIPSE,0,,-,1508,DARK-I,宮城県,2436,DARK-I,宮城県,3651,CORI-,宮城県,0,,-
EPOLIS,So What,0,,-,628,MARIMO,宮城県,1163,E-BODY,宮城県,1841,..76..,宮城県,0,,-
EPOLIS,Sirius,0,,-,1013,LIERRE,宮城県,1683,JN*1CC,宮城県,3206,TOSH,宮城県,0,,-
EPOLIS,Shapeshifter,0,,-,1107,LIERRE,宮城県,1683,DARK-I,宮城県,2516,CORI-,宮城県,0,,-
EPOLIS,Seven Times Four,0,,-,1179,DARK-I,宮城県,1998,YULI,宮城県,3373,CORI-,宮城県,0,,-
EPOLIS,See You Again,0,,-,1186,INKYO.,宮城県,1874,DARK-I,宮城県,3115,KRSRIN,宮城県,0,,-
EPOLIS,Riff//rain,212,LIERRE,宮城県,735,LIERRE,宮城県,1263,DARK-I,宮城県,1809,KUREA,宮城県,0,,-
EPOLIS,Resonant,0,,-,1073,INKYO.,宮城県,2367,YULI,宮城県,3528,IIDX29,宮城県,0,,-
EPOLIS,Red Determination,0,,-,1059,MARIMO,宮城県,1592,LIERRE,宮城県,2585,TOSH,宮城県,0,,-
EPOLIS,Psychedelic Intelligence,0,,-,1253,LIERRE,宮城県,1836,LIERRE,宮城県,2846,YULI,宮城県,0,,-
EPOLIS,PILGRIM,0,,-,986,INKYO.,宮城県,1720,E-BODY,宮城県,2701,KRSRIN,宮城県,0,,-
EPOLIS,out of disk space,0,,-,1101,DARK-I,宮城県,1964,DARK-I,宮城県,2595,CORI-,宮城県,0,,-
EPOLIS,Out of Control,0,,-,1164,TMA,宮城県,2249,E-BODY,宮城県,3102,CORI-,宮城県,0,,-
EPOLIS,NEEDLESS MY LOVE FOR YOU,0,,-,1013,INKYO.,宮城県,1646,TA9.,宮城県,2441,MORBOL,宮城県,0,,-
EPOLIS,My Sweet Bird?,0,,-,849,INKYO.,宮城県,1519,LIERRE,宮城県,2210,CORI-,宮城県,0,,-
EPOLIS,Mukade,0,,-,1138,LIERRE,宮城県,1890,YUFFIE,宮城県,3259,CORI-,宮城県,0,,-
EPOLIS,Monkey Business,0,,-,724,DARK-I,宮城県,1556,DARK-I,宮城県,2617,CORI-,宮城県,0,,-
EPOLIS,Million Dollar,0,,-,1167,DARK-I,宮城県,2011,YULI,宮城県,3449,CORI-,宮城県,0,,-
EPOLIS,MAXIMUM CHEAT GIRL,0,,-,1241,LIERRE,宮城県,2173,LIERRE,宮城県,3611,CORI-,宮城県,0,,-
EPOLIS,Level 5,0,,-,1333,INKYO.,宮城県,2429,YULI,宮城県,3721,CORI-,宮城県,0,,-
EPOLIS,JUSTICE/GUILTY feat. Nana Takahashi & 709sec.,0,,-,1739,DARK-I,宮城県,2492,YULI,宮城県,3871,CORI-,宮城県,0,,-
EPOLIS,Just Gimme,0,,-,963,MARIMO,宮城県,1705,LIERRE,宮城県,2750,CORI-,宮城県,0,,-
EPOLIS,Jumper,0,,-,913,LIERRE,宮城県,1501,KICHI,宮城県,2411,CORI-,宮城県,0,,-
EPOLIS,Iris,416,LIERRE,宮城県,840,LIERRE,宮城県,1538,KICHI,宮城県,2216,CORI-,宮城県,0,,-
EPOLIS,INHERITANCE,0,,-,1099,CORI-,宮城県,1786,E-BODY,宮城県,2840,CORI-,宮城県,0,,-
EPOLIS,i-ii,0,,-,1109,LIERRE,宮城県,1764,E-BODY,宮城県,2862,TOSH,宮城県,0,,-
EPOLIS,Hat Surprise (Season 3),0,,-,1248,LIERRE,宮城県,2154,DARK-I,宮城県,2692,TOSH,宮城県,0,,-
EPOLIS,Hard Breaker,0,,-,777,LIERRE,宮城県,1569,E-BODY,宮城県,2510,YULI,宮城県,0,,-
EPOLIS,GLORIOUS HAMMER,0,,-,1106,INKYO.,宮城県,1939,DARK-I,宮城県,3122,CORI-,宮城県,0,,-
EPOLIS,GloriosA,0,,-,1228,LIERRE,宮城県,1999,TOSH,宮城県,2858,CORI-,宮城県,0,,-
EPOLIS,Glitch N Ride,0,,-,906,YULI,宮城県,1621,YULI,宮城県,2696,CORI-,宮城県,0,,-
EPOLIS,Ghost Pulse,0,,-,1063,LIERRE,宮城県,1683,TOSH,宮城県,2785,CORI-,宮城県,0,,-
EPOLIS,Get Wicked,0,,-,900,DARK-I,宮城県,1469,DARK-I,宮城県,2463,YULI,宮城県,0,,-
EPOLIS,Get Higher,0,,-,984,LIERRE,宮城県,1750,YUFFIE,宮城県,2334,CORI-,宮城県,0,,-
EPOLIS,GAME ON,0,,-,1371,LIERRE,宮城県,2227,TOSH,宮城県,2753,CORI-,宮城県,0,,-
EPOLIS,frequent,0,,-,1324,LIERRE,宮城県,2302,KICHI,宮城県,3757,CORI-,宮城県,0,,-
EPOLIS,Echoes of Sunfall,0,,-,1039,LIERRE,宮城県,1658,YULI,宮城県,3008,CORI-,宮城県,0,,-
EPOLIS,Demon March,0,,-,1486,YULI,宮城県,2355,KICHI,宮城県,3664,CORI-,宮城県,0,,-
EPOLIS,Deep Sea Mystery,0,,-,1117,LIERRE,宮城県,1475,DARK-I,宮城県,1984,CORI-,宮城県,0,,-
EPOLIS,DAZZLE ATTACK,552,LIERRE,宮城県,983,LIERRE,宮城県,1680,TOSH,宮城県,2859,CORI-,宮城県,0,,-
EPOLIS,Dahlia,0,,-,1301,LIERRE,宮城県,2122,YULI,宮城県,3176,CORI-,宮城県,0,,-
EPOLIS,Cult Invitation,0,,-,1228,DARK-I,宮城県,1910,YULI,宮城県,3495,CORI-,宮城県,0,,-
EPOLIS,COUNTING SHEEP ft. Kanae Asaba,0,,-,677,MARIMO,宮城県,1309,LIERRE,宮城県,2216,..76..,宮城県,0,,-
EPOLIS,CODE:2,0,,-,1087,INKYO.,宮城県,1763,TA9.,宮城県,2953,CORI-,宮城県,0,,-
EPOLIS,Chemical Colours,0,,-,1043,LIERRE,宮城県,2023,DARK-I,宮城県,2820,CORI-,宮城県,0,,-
EPOLIS,CADENZA,0,,-,1525,LIERRE,宮城県,2470,YULI,宮城県,4560,CORI-,宮城県,0,,-
EPOLIS,BLAZING_LAZER,0,,-,1253,DARK-I,宮城県,2112,E-BODY,宮城県,3398,CORI-,宮城県,0,,-
EPOLIS,Bitter & Lucky,0,,-,873,LIERRE,宮城県,1386,DARK-I,宮城県,2521,..76..,宮城県,0,,-
EPOLIS,Amethyst,0,,-,1316,DARK-I,宮城県,1838,DARK-I,宮城県,2586,TOSH,宮城県,0,,-
EPOLIS,Ambivalent Vermilia,0,,-,1555,YULI,宮城県,2426,YULI,宮城県,4077,CORI-,宮城県,0,,-
EPOLIS,Akatsuki,0,,-,1016,YULI,宮城県,1575,YULI,宮城県,2265,YULI,宮城県,0,,-
EPOLIS,Aeterna,0,,-,996,LIERRE,宮城県,1579,LIERRE,宮城県,2560,..76..,宮城県,0,,-
EPOLIS,ACT0,0,,-,1262,INKYO.,宮城県,2172,DARK-I,宮城県,2991,CORI-,宮城県,0,,-
EPOLIS,20XX,0,,-,1210,INKYO.,宮城県,1790,E-BODY,宮城県,2719,CORI-,宮城県,0,,-
6th style,L’amour et la libert?,0,,-,965,MARIMO,宮城県,1444,MENU,宮城県,2010,YULI,宮城県,0,,-
9th style,ADVANCE,0,,-,475,LIERRE,宮城県,847,DARK-I,宮城県,1585,YULI,宮城県,0,,-
Lincle,A MINSTREL ～ ver. short-scape ～,0,,-,676,LIERRE,宮城県,1450,LIERRE,宮城県,2360,MSTRAL,宮城県,3877,SKG,宮城県
RESIDENT,VOID,0,,-,1258,LIERRE,宮城県,1853,INUE,宮城県,3324,CORI-,宮城県,0,,-
Pinky Crush,ＰＡＳＴＥＬＩＳＭ,0,,-,1048,INKYO.,宮城県,1541,DARK-I,宮城県,2090,OSHU4*,宮城県,0,,-
Pinky Crush,飴玉,0,,-,596,DARK-I,宮城県,909,LIERRE,宮城県,1390,CORI-,宮城県,0,,-
Pinky Crush,進捗ダメダメです,289,LIERRE,宮城県,803,DARK-I,宮城県,1603,KUREA,宮城県,2244,CORI-,宮城県,0,,-
Pinky Crush,覚悟せよ！エンタンメ～ン ～より身の切り売り自暴自棄版～,0,,-,1065,DARK-I,宮城県,1892,LIERRE,宮城県,2881,CORI-,宮城県,0,,-
Pinky Crush,爆ぜりゃんせ,0,,-,1127,DARK-I,宮城県,1901,DARK-I,宮城県,2965,CORI-,宮城県,0,,-
Pinky Crush,無双,0,,-,1180,INKYO.,宮城県,1962,LIERRE,宮城県,3330,CORI-,宮城県,0,,-
Pinky Crush,灼熱 Lost Summer Dayz,0,,-,1044,INKYO.,宮城県,1929,KRSRIN,宮城県,2850,CORI-,宮城県,0,,-
Pinky Crush,消極的セツナイズム,0,,-,971,RAY,宮城県,1591,TA9.,宮城県,2289,MORBOL,宮城県,0,,-
Pinky Crush,朱と碧のランページ,0,,-,1032,DARK-I,宮城県,1713,YULI,宮城県,2503,HOGERE,宮城県,0,,-
Pinky Crush,最強頂戴girl,0,,-,862,LIERRE,宮城県,1479,LIERRE,宮城県,2205,CORI-,宮城県,0,,-
Pinky Crush,断罪の一花,0,,-,892,INKYO.,宮城県,1544,DARK-I,宮城県,2575,CORI-,宮城県,0,,-
Pinky Crush,我ら完全無敵のアイドル!!,246,MARIMO,宮城県,1046,INKYO.,宮城県,1646,LIERRE,宮城県,2558,CORI-,宮城県,0,,-
Pinky Crush,弾幕信仰,0,,-,1074,LIERRE,宮城県,1665,KUREA,宮城県,2528,CORI-,宮城県,0,,-
Pinky Crush,天使のカンタータ -Cantata of Angels-,0,,-,1261,LIERRE,宮城県,2191,KUREA,宮城県,4090,CORI-,宮城県,0,,-
Pinky Crush,ロマンシングエスケープ,0,,-,441,MARIMO,宮城県,1136,DARK-I,宮城県,1829,..76..,宮城県,0,,-
Pinky Crush,メズマライザー,582,DARK-I,宮城県,1161,MARIMO,宮城県,1835,LIERRE,宮城県,2744,CORI-,宮城県,0,,-
Pinky Crush,ファイナルレター,0,,-,992,LIERRE,宮城県,1897,PI,宮城県,2671,CORI-,宮城県,0,,-
Pinky Crush,ビビデバ,267,MARIMO,宮城県,788,LIERRE,宮城県,1330,LIERRE,宮城県,2068,CORI-,宮城県,0,,-
Pinky Crush,ハルイロメロディー,0,,-,879,TUBAKI,宮城県,1405,RAY,宮城県,2216,KRSRIN,宮城県,0,,-
Pinky Crush,ハオ,302,LIERRE,宮城県,868,INKYO.,宮城県,1743,DARK-I,宮城県,2905,CORI-,宮城県,0,,-
Pinky Crush,ドーナツホール 2024,347,LIERRE,宮城県,992,LIERRE,宮城県,1626,LIERRE,宮城県,2380,CORI-,宮城県,0,,-
Pinky Crush,ドリムチウ,0,,-,867,INKYO.,宮城県,1572,DARK-I,宮城県,2600,KRSRIN,宮城県,0,,-
Pinky Crush,スパークリング☆彡ハイパーチューン！！,0,,-,1473,PI,宮城県,2174,DARK-I,宮城県,3653,CORI-,宮城県,0,,-
Pinky Crush,スキッテイエェエエェ!!!!,0,,-,1567,DARK-I,宮城県,2547,TA9.,宮城県,4260,CORI-,宮城県,0,,-
Pinky Crush,ゲシュタルト,401,LIERRE,宮城県,956,LIERRE,宮城県,1575,DARK-I,宮城県,2475,CORI-,宮城県,0,,-
Pinky Crush,ギャ・ギャ・ギャ・ギャラクシー！,0,,-,914,INKYO.,宮城県,1641,TA9.,宮城県,2366,YUFFIE,宮城県,0,,-
Pinky Crush,キスキツネ,197,ALT,宮城県,888,LIERRE,宮城県,1481,DARK-I,宮城県,2356,OSHU4*,宮城県,0,,-
Pinky Crush,オブソミート,239,MARIMO,宮城県,874,MARIMO,宮城県,1496,RAY,宮城県,2395,CORI-,宮城県,0,,-
Pinky Crush,オッド ラヴィ,396,MARIMO,宮城県,1065,LIERRE,宮城県,1776,DARK-I,宮城県,2543,CORI-,宮城県,0,,-
Pinky Crush,エクスプロウル,0,,-,950,INKYO.,宮城県,1616,LIERRE,宮城県,2403,IIDX29,宮城県,0,,-
Pinky Crush,イガク,320,LIERRE,宮城県,886,34437,宮城県,1514,YULI,宮城県,2043,CORI-,宮城県,0,,-
Pinky Crush,アラビアン ハイパー ナイト,0,,-,1203,INKYO.,宮城県,1876,DARK-I,宮城県,3220,NJC.NA,宮城県,0,,-
Pinky Crush,きゅうくらりん,458,LIERRE,宮城県,887,LIERRE,宮城県,1717,KUREA,宮城県,2395,CORI-,宮城県,0,,-
Pinky Crush,きみのせかい,0,,-,1026,DARK-I,宮城県,1673,DARK-I,宮城県,2864,CORI-,宮城県,0,,-
Pinky Crush,えだまめカレークッキング,437,LIERRE,宮城県,825,LIERRE,宮城県,1291,DARK-I,宮城県,2225,CORI-,宮城県,0,,-
Pinky Crush,XHRONOXAPSULΞ,0,,-,1183,LIERRE,宮城県,2335,DARK-I,宮城県,3812,CORI-,宮城県,0,,-
Pinky Crush,Without Heaven,0,,-,1319,LIERRE,宮城県,2179,DARK-I,宮城県,3701,CORI-,宮城県,0,,-
Pinky Crush,Vibing! Shake it!,0,,-,970,INKYO.,宮城県,1662,DARK-I,宮城県,2509,CORI-,宮城県,0,,-
Pinky Crush,uen,0,,-,1406,DARK-I,宮城県,2121,DARK-I,宮城県,2935,CAPCOM,宮城県,0,,-
Pinky Crush,Uaigh Gealai,0,,-,1314,DARK-I,宮城県,2236,DARK-I,宮城県,3791,CORI-,宮城県,0,,-
Pinky Crush,u gotta beat,0,,-,1352,LIERRE,宮城県,2326,IIDX29,宮城県,3555,CORI-,宮城県,0,,-
Pinky Crush,TECHNO RUMBLE,0,,-,1158,LIERRE,宮城県,1810,DARK-I,宮城県,2894,CORI-,宮城県,0,,-
Pinky Crush,SμG@R RU$#,0,,-,1416,DARK-I,宮城県,2407,DARK-I,宮城県,3696,CORI-,宮城県,0,,-
Pinky Crush,SUPER HEROINE!!,0,,-,939,MARIMO,宮城県,1640,TA9.,宮城県,2301,LE.F,宮城県,0,,-
Pinky Crush,Stargazing Trip ～星 探す旅～ ft. 小林マナ,0,,-,1086,DARK-I,宮城県,1791,DARK-I,宮城県,2686,CORI-,宮城県,0,,-
Pinky Crush,Space In Time,0,,-,860,LIERRE,宮城県,1531,LIERRE,宮城県,2073,CORI-,宮城県,0,,-
Pinky Crush,Slumber☆Party,0,,-,838,DARK-I,宮城県,1767,DARK-I,宮城県,2292,KRSRIN,宮城県,0,,-
Pinky Crush,Skratch Education Lv-1,0,,-,1025,34437,宮城県,1753,CORI-,宮城県,2988,CORI-,宮城県,0,,-
Pinky Crush,SISYPHUS,0,,-,1029,DARK-I,宮城県,1730,DARK-I,宮城県,2733,CORI-,宮城県,0,,-
Pinky Crush,Show Me All Your Love,0,,-,1125,INKYO.,宮城県,1995,DARK-I,宮城県,2939,CORI-,宮城県,0,,-
Pinky Crush,Shirdal,0,,-,873,INKYO.,宮城県,1513,DARK-I,宮城県,2453,HOGERE,宮城県,0,,-
Pinky Crush,Secret Rouge,0,,-,856,YULI,宮城県,1667,YULI,宮城県,2325,CORI-,宮城県,0,,-
Pinky Crush,Satellite Burst,0,,-,1237,DARK-I,宮城県,2187,LE.F,宮城県,3818,CORI-,宮城県,0,,-
Pinky Crush,Roar of Chronos,0,,-,1239,LIERRE,宮城県,2187,LIERRE,宮城県,3919,CORI-,宮城県,0,,-
Pinky Crush,RAVE SYNDROME,0,,-,1021,LIERRE,宮城県,1729,LIERRE,宮城県,2794,CORI-,宮城県,0,,-
Pinky Crush,Raspberry Potion (feat.あれたん & ぎゃるのしん☆),0,,-,908,LIERRE,宮城県,1790,DARK-I,宮城県,2504,KRSRIN,宮城県,0,,-
Pinky Crush,PopなEDEN,0,,-,972,LIERRE,宮城県,1618,DARK-I,宮城県,2447,..76..,宮城県,0,,-
Pinky Crush,Plea Per Phase,0,,-,1033,LIERRE,宮城県,1758,TA9.,宮城県,2733,OSHU4*,宮城県,0,,-
Pinky Crush,Plazma,266,DARK-I,宮城県,691,LIERRE,宮城県,1252,TA9.,宮城県,2019,NJC.NA,宮城県,0,,-
Pinky Crush,PIT A PAT,0,,-,1031,LIERRE,宮城県,1817,DARK-I,宮城県,2578,CORI-,宮城県,0,,-
Pinky Crush,Pinky Happy Crazy,0,,-,1336,DARK-I,宮城県,2494,DARK-I,宮城県,3605,CORI-,宮城県,0,,-
Pinky Crush,PERFECT HUMAN,530,LIERRE,宮城県,889,DARK-I,宮城県,1454,MORBOL,宮城県,2234,CORI-,宮城県,0,,-
Pinky Crush,NOIXIA,0,,-,1402,LIERRE,宮城県,2290,CAPCOM,宮城県,4012,CORI-,宮城県,0,,-
Pinky Crush,MVP,0,,-,928,LIERRE,宮城県,1538,YULI,宮城県,2622,CORI-,宮城県,0,,-
Pinky Crush,Mighty Cutie,0,,-,1154,MARIMO,宮城県,2000,LIERRE,宮城県,2749,OSHU4*,宮城県,0,,-
Pinky Crush,Mid-Corner (Magic Maker),0,,-,1215,DARK-I,宮城県,2017,DARK-I,宮城県,3165,CORI-,宮城県,0,,-
Pinky Crush,MARLIN,0,,-,1208,INKYO.,宮城県,2223,DARK-I,宮城県,3501,CORI-,宮城県,0,,-
Pinky Crush,Lycoris,0,,-,779,LIERRE,宮城県,1381,LIERRE,宮城県,2046,CORI-,宮城県,0,,-
Pinky Crush,lowercase lifetime,0,,-,1078,LIERRE,宮城県,2074,PI,宮城県,2779,CORI-,宮城県,0,,-
Pinky Crush,Lightspeed,0,,-,1285,DARK-I,宮城県,2068,DARK-I,宮城県,3169,CORI-,宮城県,0,,-
Pinky Crush,KOTONOHA ft. Kotoha,0,,-,836,LIERRE,宮城県,1306,LIERRE,宮城県,1982,KRSRIN,宮城県,0,,-
Pinky Crush,IN BETWEEN,0,,-,918,INKYO.,宮城県,1518,HOGERE,宮城県,2356,HOGERE,宮城県,0,,-
Pinky Crush,hora de verdad,0,,-,1134,YULI,宮城県,2049,DARK-I,宮城県,3057,CORI-,宮城県,0,,-
Pinky Crush,Here We Go Now,0,,-,1143,LIERRE,宮城県,2199,DARK-I,宮城県,3346,CORI-,宮城県,0,,-
Pinky Crush,Good Looking,0,,-,740,INKYO.,宮城県,1300,DARK-I,宮城県,2043,DARK-I,宮城県,0,,-
Pinky Crush,God Mind,0,,-,1521,LIERRE,宮城県,2590,TA9.,宮城県,4151,CORI-,宮城県,0,,-
Pinky Crush,get set mind,0,,-,1025,LIERRE,宮城県,1570,TA9.,宮城県,2449,KRSRIN,宮城県,0,,-
Pinky Crush,Galaxy Collapse,0,,-,829,DARK-I,宮城県,1256,DARK-I,宮城県,1874,NJC.NA,宮城県,0,,-
Pinky Crush,FlyAway,0,,-,1238,LIERRE,宮城県,2044,TA9.,宮城県,3242,CORI-,宮城県,0,,-
Pinky Crush,Flamingo,0,,-,1078,INKYO.,宮城県,2297,DARK-I,宮城県,3436,CORI-,宮城県,0,,-
Pinky Crush,Fiery Stallion,0,,-,896,LIERRE,宮城県,1680,PI,宮城県,2419,CORI-,宮城県,0,,-
Pinky Crush,FERMI PARADOX,0,,-,1158,LIERRE,宮城県,1655,LIERRE,宮城県,2525,KRSRIN,宮城県,0,,-
Pinky Crush,EYE OF THE HEAVEN,0,,-,1020,DARK-I,宮城県,2320,DARK-I,宮城県,3556,CORI-,宮城県,0,,-
Pinky Crush,EX-MASSIVE FIGHTER,0,,-,1226,LIERRE,宮城県,2102,DARK-I,宮城県,3353,KRSRIN,宮城県,0,,-
Pinky Crush,everlastingeuphoria:,0,,-,1119,LIERRE,宮城県,1686,DARK-I,宮城県,2464,CORI-,宮城県,0,,-
Pinky Crush,ELYSIUM,0,,-,927,LIERRE,宮城県,1557,KWAL,宮城県,2719,KRSRIN,宮城県,0,,-
Pinky Crush,Eleanor,0,,-,802,LIERRE,宮城県,1393,LIERRE,宮城県,2402,KRSRIN,宮城県,0,,-
Pinky Crush,Drop Syndicate,0,,-,1189,LIERRE,宮城県,1970,YULI,宮城県,3601,CORI-,宮城県,0,,-
Pinky Crush,Dreamship,0,,-,932,DARK-I,宮城県,1368,DARK-I,宮城県,1952,CORI-,宮城県,0,,-
Pinky Crush,DIVINE JUDGEMENT,0,,-,1035,LIERRE,宮城県,1972,DARK-I,宮城県,2792,CORI-,宮城県,0,,-
Pinky Crush,Digital Radiance,0,,-,1153,LIERRE,宮城県,1431,LIERRE,宮城県,2026,HOGERE,宮城県,0,,-
Pinky Crush,destination,0,,-,1030,LIERRE,宮城県,2237,YUFFIE,宮城県,3361,CORI-,宮城県,0,,-
Pinky Crush,Cross Fire,0,,-,1093,INKYO.,宮城県,2194,DARK-I,宮城県,3363,CORI-,宮城県,0,,-
Pinky Crush,COSMIC V3LOCITY,0,,-,1261,LIERRE,宮城県,2292,DARK-I,宮城県,3358,CORI-,宮城県,0,,-
Pinky Crush,Constellation,0,,-,962,LIERRE,宮城県,1814,TA9.,宮城県,2797,NJC.NA,宮城県,0,,-
Pinky Crush,Chasing After YOU ～夢の欠片～ ft. 小林マナ,0,,-,988,LIERRE,宮城県,1437,DARK-I,宮城県,2055,CORI-,宮城県,0,,-
Pinky Crush,CHAOTIC SUNBIRD,0,,-,1233,DARK-I,宮城県,1712,LIERRE,宮城県,3315,CORI-,宮城県,0,,-
Pinky Crush,Butterfly Twist,0,,-,1039,INKYO.,宮城県,1580,DARK-I,宮城県,2714,CORI-,宮城県,0,,-
Pinky Crush,Bring The Fire,0,,-,1188,LIERRE,宮城県,1943,DARK-I,宮城県,3402,KRSRIN,宮城県,0,,-
Pinky Crush,Bling-Bang-Bang-Born,348,DARK-I,宮城県,658,LIERRE,宮城県,1167,3839,宮城県,1979,CORI-,宮城県,0,,-
Pinky Crush,Bang-Boo Bumble,0,,-,1143,..76..,宮城県,1958,LIERRE,宮城県,2931,CORI-,宮城県,0,,-
Pinky Crush,Arcanos,0,,-,667,INKYO.,宮城県,1184,LIERRE,宮城県,1972,OSHU4*,宮城県,0,,-
Pinky Crush,Aqvion,0,,-,1188,LIERRE,宮城県,1943,TA9.,宮城県,3482,CORI-,宮城県,0,,-
Pinky Crush,ADAMANT,0,,-,1140,LIERRE,宮城県,1951,DARK-I,宮城県,3044,CORI-,宮城県,0,,-
Pinky Crush,1116,0,,-,1123,DARK-I,宮城県,1994,DARK-I,宮城県,3106,CORI-,宮城県,0,,-
