バージョン,タイトル,BEGINNER EXスコア,BEGINNER DJName,BEGINNER 都道府県,NORMAL EXスコア,NORMAL DJName,NORMAL 都道府県,HYPER EXスコア,HYPER DJName,HYPER 都道府県,ANOTHER EXスコア,ANOTHER DJName,ANOTHER 都道府県,LEGGENDARIA EXスコア,LEGGENDARIA DJName,LEGGENDARIA 都道府県
1st&substream,THE EARTH LIGHT,0,,-,782,SAYA..,栃木県,1033,SAYA..,栃木県,1160,SLEEPY,栃木県,0,,-
1st&substream,RUGGED ASH,0,,-,369,SAYA..,栃木県,400,SAYA..,栃木県,1085,SLEEPY,栃木県,2032,SLEEPY,栃木県
1st&substream,R3,0,,-,653,SAYA..,栃木県,727,SAYA..,栃木県,905,SLEEPY,栃木県,0,,-
1st&substream,PARANOIA MAX～DIRTY MIX～,0,,-,555,SENJU.,栃木県,747,SENJU.,栃木県,1109,SLEEPY,栃木県,0,,-
1st&substream,Macho Gang,0,,-,380,SAYA..,栃木県,1062,SAYA..,栃木県,1643,HERMIT,栃木県,0,,-
1st&substream,KEEP ON MOVIN',0,,-,196,SENJU.,栃木県,244,DAIKI.,栃木県,0,,-,0,,-
1st&substream,GRADIUSIC CYBER,0,,-,869,SAYA..,栃木県,988,SAYA..,栃木県,1215,SLEEPY,栃木県,0,,-
1st&substream,gentle stress,0,,-,344,SAYA..,栃木県,675,SAYA..,栃木県,1452,HERMIT,栃木県,0,,-
1st&substream,GENOM SCREAMS,0,,-,422,SAYA..,栃木県,834,SLEEPY,栃木県,1070,SLEEPY,栃木県,0,,-
1st&substream,GAMBOL,0,,-,274,SAYA..,栃木県,274,DAIKI.,栃木県,0,,-,0,,-
1st&substream,Dr.LOVE,0,,-,407,SENJU.,栃木県,518,SAYA..,栃木県,580,SLEEPY,栃木県,0,,-
1st&substream,deep in you,0,,-,495,SENJU.,栃木県,507,SENJU.,栃木県,662,SLEEPY,栃木県,0,,-
1st&substream,5.1.1.,0,,-,197,KAVAN.,栃木県,1016,SENJU.,栃木県,1571,DAIKI.,栃木県,0,,-
1st&substream,22DUNK,0,,-,527,SAYA..,栃木県,640,SAYA..,栃木県,655,DAIMON,栃木県,0,,-
2nd style,SP-TRIP MACHINE(for beatmania II),0,,-,507,SENJU.,栃木県,623,SAYA..,栃木県,648,SLEEPY,栃木県,0,,-
2nd style,PUT YOUR FAITH IN ME(for beatmania II),0,,-,580,SAYA..,栃木県,859,GA9BRU,栃木県,0,,-,0,,-
2nd style,Indigo Vision(full flavour hide around mix),0,,-,874,SAYA..,栃木県,1125,SLEEPY,栃木県,1226,HERMIT,栃木県,0,,-
2nd style,I Was The One,0,,-,540,SAYA..,栃木県,646,SAYA..,栃木県,694,FUBUK1,栃木県,0,,-
2nd style,Electro Tuned(the SubS mix),0,,-,768,SAYA..,栃木県,953,SAYA..,栃木県,1069,SLEEPY,栃木県,0,,-
2nd style,Digital MinD(A/T Libra mix),0,,-,736,SAYA..,栃木県,1042,SAYA..,栃木県,1131,SLEEPY,栃木県,0,,-
2nd style,.59,0,,-,714,SAYA..,栃木県,1010,44TAKA,栃木県,1161,SLEEPY,栃木県,0,,-
3rd style,THE SAFARI,362,SAYA..,栃木県,1196,96GAL.,栃木県,1766,SLEEPY,栃木県,0,,-,0,,-
3rd style,Tangerine Stream,0,,-,281,SAYA..,栃木県,395,SAYA..,栃木県,0,,-,0,,-
3rd style,Skyscraper,0,,-,734,SAYA..,栃木県,1199,SLEEPY,栃木県,1247,SLEEPY,栃木県,0,,-
3rd style,Schlagwerk,0,,-,816,SAYA..,栃木県,1297,SAYA..,栃木県,1690,HERMIT,栃木県,0,,-
3rd style,REINCARNATION,0,,-,842,SENJU.,栃木県,1029,SAYA..,栃木県,1284,SLEEPY,栃木県,0,,-
3rd style,R5,0,,-,771,SAYA..,栃木県,1159,MINATO,栃木県,1773,SLEEPY,栃木県,0,,-
3rd style,Presto,0,,-,542,SAYA..,栃木県,978,SLEEPY,栃木県,1011,SLEEPY,栃木県,0,,-
3rd style,LEADING CYBER,0,,-,857,SAYA..,栃木県,1177,SAYA..,栃木県,1272,SLEEPY,栃木県,0,,-
3rd style,Holic,0,,-,772,SAYA..,栃木県,1191,SAYA..,栃木県,1722,SLEEPY,栃木県,0,,-
3rd style,era (nostalmix),0,,-,825,SAYA..,栃木県,1095,SLEEPY,栃木県,1532,HERMIT,栃木県,0,,-
3rd style,Don't Stop!,0,,-,774,SENJU.,栃木県,848,SAYA..,栃木県,906,SLEEPY,栃木県,0,,-
3rd style,CAN'T STOP FALLIN'IN LOVE,0,,-,613,SAYA..,栃木県,1259,SLEEPY,栃木県,0,,-,0,,-
4th style,Voltage (feat. Hidemaru),0,,-,918,SAYA..,栃木県,1239,SLEEPY,栃木県,1327,DAIKI.,栃木県,0,,-
4th style,SWEET LAB,0,,-,546,SAYA..,栃木県,957,SAYA..,栃木県,1368,TIHAYA,栃木県,0,,-
4th style,starmine,444,SAYA..,栃木県,899,SAYA..,栃木県,1424,SLEEPY,栃木県,1589,SLEEPY,栃木県,0,,-
4th style,Mr.T.(take me higher),0,,-,847,SAYA..,栃木県,998,SAYA..,栃木県,1763,SLEEPY,栃木県,0,,-
4th style,minimalian,0,,-,536,SAYA..,栃木県,1094,YASUNA,栃木県,1406,SLEEPY,栃木県,0,,-
4th style,LOVE WILL・・・,0,,-,556,SAYA..,栃木県,757,SLEEPY,栃木県,1461,SLEEPY,栃木県,0,,-
4th style,KAMIKAZE,0,,-,1009,SAYA..,栃木県,1451,XELPHA,栃木県,2296,SLEEPY,栃木県,0,,-
4th style,Jam&Marmalade,0,,-,769,SAYA..,栃木県,899,XELPHA,栃木県,1017,HERMIT,栃木県,0,,-
4th style,Hitch Hiker2,0,,-,830,SAYA..,栃木県,1176,SAYA..,栃木県,1323,SLEEPY,栃木県,1936,SLEEPY,栃木県
4th style,HIGHER,0,,-,540,SAYA..,栃木県,930,SAYA..,栃木県,1277,SLEEPY,栃木県,0,,-
4th style,FLOWERS for ALBION,0,,-,240,SLEEPY,栃木県,443,SLEEPY,栃木県,0,,-,0,,-
4th style,era (step mix),0,,-,1074,44TAKA,栃木県,1396,CHAAAR,栃木県,1703,HERMIT,栃木県,0,,-
4th style,empathy,0,,-,821,SAYA..,栃木県,1345,XELPHA,栃木県,1454,HERMIT,栃木県,0,,-
4th style,DXY!,0,,-,1244,MINATO,栃木県,1818,XELPHA,栃木県,2246,HERMIT,栃木県,0,,-
4th style,Clione,0,,-,527,SENJU.,栃木県,941,XELPHA,栃木県,1611,SLEEPY,栃木県,2173,SLEEPY,栃木県
4th style,CHECKING YOU OUT,0,,-,635,KIRYU-,栃木県,912,SLEEPY,栃木県,1349,FL4V1A,栃木県,0,,-
4th style,Burnin' The Floor,0,,-,583,SENJU.,栃木県,949,SAYA..,栃木県,1438,SLEEPY,栃木県,0,,-
4th style,Broken My Heart,0,,-,930,SAYA..,栃木県,1465,SAYA..,栃木県,1817,TIHAYA,栃木県,0,,-
4th style,B4U,0,,-,1038,SAYA..,栃木県,1522,XELPHA,栃木県,2005,SLEEPY,栃木県,0,,-
4th style,ABSOLUTE,0,,-,1275,CHOBB,栃木県,1793,XELPHA,栃木県,2392,SLEEPY,栃木県,2757,HERMIT,栃木県
4th style,250bpm,0,,-,681,SAYA..,栃木県,1008,XELPHA,栃木県,1429,SLEEPY,栃木県,0,,-
5th style,V,342,KM0319,栃木県,1277,SAYA..,栃木県,2530,SLEEPY,栃木県,2991,HERMIT,栃木県,0,,-
5th style,THE SHINING POLARIS,0,,-,955,SAYA..,栃木県,1308,SENJU.,栃木県,1583,SLEEPY,栃木県,0,,-
5th style,THE CUBE,0,,-,736,SAYA..,栃木県,1282,SLEEPY,栃木県,1358,SLEEPY,栃木県,0,,-
5th style,sync,0,,-,1076,SAYA..,栃木県,1884,XELPHA,栃木県,2398,SLEEPY,栃木県,0,,-
5th style,still my words,0,,-,916,SAYA..,栃木県,1237,HERMIT,栃木県,0,,-,0,,-
5th style,STILL IN MY HEART,0,,-,1022,SAYA..,栃木県,1359,DAIMON,栃木県,1921,SLEEPY,栃木県,0,,-
5th style,Spin the disc,0,,-,795,ZABTON,栃木県,1301,SLEEPY,栃木県,1336,SLEEPY,栃木県,0,,-
5th style,sometime,0,,-,780,SAYA..,栃木県,1057,SAYA..,栃木県,1325,HERMIT,栃木県,0,,-
5th style,RISLIM,0,,-,918,SAYA..,栃木県,1232,SLEEPY,栃木県,0,,-,0,,-
5th style,RIDE ON THE LIGHT (HI GREAT MIX),0,,-,895,SAYA..,栃木県,1049,A-SNOW,栃木県,1716,HERMIT,栃木県,1839,HERMIT,栃木県
5th style,Regulus,0,,-,1046,ZABTON,栃木県,1493,MINATO,栃木県,1730,HERMIT,栃木県,0,,-
5th style,Real,0,,-,1108,SAYA..,栃木県,1592,XELPHA,栃木県,1819,HERMIT,栃木県,0,,-
5th style,Radical Faith,0,,-,1174,SAYA..,栃木県,1523,SLEEPY,栃木県,1299,SLEEPY,栃木県,0,,-
5th style,QQQ,0,,-,1222,SAYA..,栃木県,1899,SLEEPY,栃木県,2170,SLEEPY,栃木県,0,,-
5th style,outer wall,0,,-,928,ZABTON,栃木県,1320,XELPHA,栃木県,1775,SLEEPY,栃木県,0,,-
5th style,LOVE AGAIN TONIGHT～for Mellisa mix～,0,,-,763,SAYA..,栃木県,985,SENJU.,栃木県,1122,SLEEPY,栃木県,0,,-
5th style,in my eyes,0,,-,957,SENJU.,栃木県,1430,SAYA..,栃木県,1591,SLEEPY,栃木県,0,,-
5th style,Abyss,0,,-,1257,SAYA..,栃木県,1625,SLEEPY,栃木県,1883,SLEEPY,栃木県,0,,-
6th style,電人イェーガーのテーマ(Theme of DENJIN J),0,,-,1084,44TAKA,栃木県,1577,SLEEPY,栃木県,0,,-,0,,-
6th style,こっちを向いてよ,0,,-,834,SAYA..,栃木県,1241,FLB,栃木県,1382,HERMIT,栃木県,0,,-
6th style,VJ ARMY,0,,-,1244,FIONE.,栃木県,1696,XELPHA,栃木県,2234,HERMIT,栃木県,0,,-
6th style,Take It Easy,0,,-,1444,PDIDDY,栃木県,2343,MINATO,栃木県,2520,SLEEPY,栃木県,0,,-
6th style,Summer Vacation(CU mix),0,,-,1223,CHOBB,栃木県,1857,SLEEPY,栃木県,0,,-,0,,-
6th style,SOMETHING WONDERFUL,0,,-,901,44TAKA,栃木県,1336,XELPHA,栃木県,1993,SLEEPY,栃木県,0,,-
6th style,route 80s,0,,-,874,FLB,栃木県,1153,XELPHA,栃木県,1521,SLEEPY,栃木県,0,,-
6th style,rottel-da-sun,0,,-,810,SAYA..,栃木県,1332,XELPHA,栃木県,1856,TIHAYA,栃木県,0,,-
6th style,NEMESIS,0,,-,956,CHOBB,栃木県,1565,XELPHA,栃木県,1881,SLEEPY,栃木県,0,,-
6th style,Linus,0,,-,942,FLB,栃木県,1508,MINATO,栃木県,2191,SLEEPY,栃木県,0,,-
6th style,G2,0,,-,1404,KI4DA,栃木県,1786,FBK.S,栃木県,2316,SLEEPY,栃木県,0,,-
6th style,Frozen Ray (original mix),0,,-,1299,SAYA..,栃木県,1734,H4MITN,栃木県,1791,TIHAYA,栃木県,0,,-
6th style,Free Style,0,,-,885,CHOBB,栃木県,1065,TASSO*,栃木県,1299,SLEEPY,栃木県,0,,-
6th style,fly through the night,0,,-,889,SAYA..,栃木県,1294,XELPHA,栃木県,1713,SLEEPY,栃木県,0,,-
6th style,DIVE ～INTO YOUR HEART～,0,,-,1273,SAYA..,栃木県,1839,SLEEPY,栃木県,2104,SLEEPY,栃木県,0,,-
6th style,Colors (radio edit),0,,-,1361,CHOBB,栃木県,1948,H4MITN,栃木県,2434,SLEEPY,栃木県,0,,-
6th style,Buffalo,0,,-,993,SAYA..,栃木県,1420,SAYA..,栃木県,1799,TIHAYA,栃木県,2510,HERMIT,栃木県
6th style,Blueberry Stream,0,,-,817,MINATO,栃木県,1474,SLEEPY,栃木県,1642,CAKEVE,栃木県,0,,-
6th style,BALLAD FOR YOU～想いの雨～,0,,-,590,SAYA..,栃木県,766,SAYA..,栃木県,1071,DAIKI.,栃木県,0,,-
6th style,"19,November",0,,-,1099,SAYA..,栃木県,1433,XELPHA,栃木県,1806,HERMIT,栃木県,0,,-
7th style,革命,0,,-,748,KIRYU-,栃木県,1895,HINA-A,栃木県,2326,SLEEPY,栃木県,0,,-
7th style,ZERO-ONE,0,,-,1067,FLUB,栃木県,1683,XELPHA,栃木県,2245,SLEEPY,栃木県,2875,SLEEPY,栃木県
7th style,traces,0,,-,1527,SLEEPY,栃木県,1891,H4MITN,栃木県,2143,SLEEPY,栃木県,0,,-
7th style,Tomorrow Perfume,0,,-,1299,SENJU.,栃木県,1863,REV-RS,栃木県,2124,SLEEPY,栃木県,0,,-
7th style,stoic,0,,-,1664,XELPHA,栃木県,2433,DAIMON,栃木県,2548,SLEEPY,栃木県,0,,-
7th style,Spica,0,,-,648,SAYA..,栃木県,1495,CHAAAR,栃木県,2244,HERMIT,栃木県,0,,-
7th style,Love Me Do,0,,-,1129,HOMURA,栃木県,1689,SAYA..,栃木県,2113,HERMIT,栃木県,0,,-
7th style,Let the Snow Paint Me,0,,-,858,SAYA..,栃木県,1062,SENJU.,栃木県,1245,SLEEPY,栃木県,0,,-
7th style,Last Message,0,,-,953,CHOBB,栃木県,1304,XELPHA,栃木県,1613,SLEEPY,栃木県,0,,-
7th style,Happy Wedding,0,,-,1161,MAXR-V,栃木県,1620,XELPHA,栃木県,1844,SLEEPY,栃木県,0,,-
7th style,Glorious Days,0,,-,515,SAYA..,栃木県,808,SAYA..,栃木県,908,DAIMON,栃木県,0,,-
7th style,foreplay,0,,-,683,SAYA..,栃木県,1172,XELPHA,栃木県,1337,HERMIT,栃木県,0,,-
7th style,DESTINY,0,,-,1071,SAYA..,栃木県,1380,SENJU.,栃木県,1844,SLEEPY,栃木県,0,,-
7th style,D2R,0,,-,945,SAYA..,栃木県,1301,XELPHA,栃木県,1641,HERMIT,栃木県,0,,-
7th style,Cheer Train,0,,-,867,S.TKNS,栃木県,1188,XELPHA,栃木県,1732,SLEEPY,栃木県,0,,-
7th style,Burning Heat! (Full Option Mix),0,,-,673,CHOBB,栃木県,919,A-SNOW,栃木県,1488,SLEEPY,栃木県,0,,-
7th style,Bad Routine,0,,-,1022,SAYA..,栃木県,1386,XELPHA,栃木県,1913,SLEEPY,栃木県,0,,-
7th style,AVE DE RAPINA,0,,-,1302,CHOBB,栃木県,1697,WAROTA,栃木県,1838,SLEEPY,栃木県,0,,-
7th style,A,0,,-,1248,CHOBB,栃木県,2069,XELPHA,栃木県,2491,HERMIT,栃木県,0,,-
8th style,蒼い衝動,0,,-,928,SENJU.,栃木県,1357,SLEEPY,栃木県,1601,SLEEPY,栃木県,0,,-
8th style,桜,0,,-,980,N.CHI*,栃木県,1497,CHAAAR,栃木県,2118,SLEEPY,栃木県,0,,-
8th style,xenon,0,,-,1101,FLB,栃木県,1681,SLEEPY,栃木県,2739,SLEEPY,栃木県,0,,-
8th style,World Wide Love,0,,-,702,SAYA..,栃木県,1043,SAYA..,栃木県,1118,SLEEPY,栃木県,0,,-
8th style,WAR GAME,0,,-,963,SAYA..,栃木県,1531,SENJU.,栃木県,2152,HERMIT,栃木県,0,,-
8th style,thunder,0,,-,1123,CHOBB,栃木県,1581,CHAAAR,栃木県,1883,SLEEPY,栃木県,0,,-
8th style,symbolic,0,,-,1352,CHOBB,栃木県,1800,XOXO,栃木県,2246,SLEEPY,栃木県,0,,-
8th style,STAR DREAM,0,,-,785,SAYA..,栃木県,1289,SAYA..,栃木県,1431,COLCA,栃木県,0,,-
8th style,rainbow flyer,0,,-,826,FLB,栃木県,1617,MINATO,栃木県,2144,SLEEPY,栃木県,0,,-
8th style,PLEASE DON'T GO,0,,-,984,44TAKA,栃木県,1370,MINATO,栃木県,2427,HERMIT,栃木県,0,,-
8th style,MUSIC TO YOUR HEAD,0,,-,804,44TAKA,栃木県,1405,MILA,栃木県,1682,SLEEPY,栃木県,0,,-
8th style,murmur twins,0,,-,1115,TASSO*,栃木県,1670,HERMIT,栃木県,2384,SLEEPY,栃木県,0,,-
8th style,Monkey Dance,0,,-,794,NAOTO,栃木県,1371,SLEEPY,栃木県,1983,HERMIT,栃木県,0,,-
8th style,memories,0,,-,1071,S.TKNS,栃木県,1993,XELPHA,栃木県,2287,HERMIT,栃木県,0,,-
8th style,Luv 2 Feel Your Body,0,,-,848,SENJU.,栃木県,1048,SENJU.,栃木県,1646,SLEEPY,栃木県,0,,-
8th style,LOVE IS ORANGE,0,,-,790,SAYA..,栃木県,1019,SAYA..,栃木県,1795,HERMIT,栃木県,2104,SLEEPY,栃木県
8th style,LAB,0,,-,1039,96GAL.,栃木県,1933,SAYA..,栃木県,2124,A-BLUE,栃木県,0,,-
8th style,HYPER BOUNDARY GATE,0,,-,1259,SAYA..,栃木県,1930,SLEEPY,栃木県,2222,SLEEPY,栃木県,0,,-
8th style,Halfway of promise,0,,-,955,SAYA..,栃木県,1514,GA9BRU,栃木県,1823,SLEEPY,栃木県,0,,-
8th style,Giudecca,0,,-,932,SLEEPY,栃木県,1898,MINATO,栃木県,2697,SLEEPY,栃木県,0,,-
8th style,dual control,0,,-,732,S.O,栃木県,1455,GA9BRU,栃木県,1884,SLEEPY,栃木県,0,,-
8th style,Colors -Y&Co. Eurobeat Remix-,0,,-,1136,SAYA..,栃木県,1994,H4MITN,栃木県,2193,SLEEPY,栃木県,0,,-
8th style,CELEBRATE NITE,0,,-,925,SAYA..,栃木県,1150,SENJU.,栃木県,1426,SLEEPY,栃木県,0,,-
8th style,Blame,0,,-,1194,SAYA..,栃木県,1517,XELPHA,栃木県,1931,SLEEPY,栃木県,0,,-
8th style,bit mania,0,,-,910,SAYA..,栃木県,1271,SENJU.,栃木県,1865,TIHAYA,栃木県,0,,-
8th style,Attitude,0,,-,1015,96GAL.,栃木県,1404,XELPHA,栃木県,1751,SLEEPY,栃木県,0,,-
8th style,ALL RIGHT,0,,-,857,NAOTO,栃木県,1284,XELPHA,栃木県,1614,SLEEPY,栃木県,0,,-
8th style,airflow,0,,-,566,SAYA..,栃木県,768,FLB,栃木県,1423,COLCA,栃木県,0,,-
8th style,abstract,0,,-,1289,SAYA..,栃木県,1613,HINA-A,栃木県,1900,SLEEPY,栃木県,0,,-
9th style,真夏の花・真夏の夢,0,,-,828,SENJU.,栃木県,1157,SAYA..,栃木県,1477,HERMIT,栃木県,0,,-
9th style,ライオン好き,0,,-,652,SAYA..,栃木県,1187,SAYA..,栃木県,1507,SLEEPY,栃木県,0,,-
9th style,SWEETEST SAVAGE,0,,-,661,SAYA..,栃木県,1351,XELPHA,栃木県,1824,HERMIT,栃木県,0,,-
9th style,Sweet Sweet Magic,0,,-,988,FLB,栃木県,1502,XELPHA,栃木県,2038,SLEEPY,栃木県,0,,-
9th style,STAR FIELD,0,,-,697,SAYA..,栃木県,1568,HINA-A,栃木県,1884,HERMIT,栃木県,0,,-
9th style,SNOW,0,,-,1049,SAYA..,栃木県,1386,XELPHA,栃木県,2045,HERMIT,栃木県,0,,-
9th style,Silvia Drive,0,,-,844,SAYA..,栃木県,1506,XELPHA,栃木県,2074,SLEEPY,栃木県,0,,-
9th style,rottel-the-Mercury,0,,-,982,SARKAZ,栃木県,1896,SLEEPY,栃木県,2269,HERMIT,栃木県,0,,-
9th style,RISLIM -Remix-,0,,-,798,SAYA..,栃木県,980,SAYA..,栃木県,1886,HERMIT,栃木県,0,,-
9th style,Really Love,0,,-,646,TASSO*,栃木県,955,SAYA..,栃木県,1745,FL4V1A,栃木県,0,,-
9th style,Quickening,0,,-,928,SAYA..,栃木県,1680,XELPHA,栃木県,2108,SLEEPY,栃木県,0,,-
9th style,quasar,0,,-,1161,SAYA..,栃木県,1787,SLEEPY,栃木県,2314,SLEEPY,栃木県,0,,-
9th style,one or eight,0,,-,1289,SAYA..,栃木県,1836,XELPHA,栃木県,2259,HERMIT,栃木県,0,,-
9th style,moon_child,0,,-,1038,FLB,栃木県,1910,A1C11,栃木県,2553,HERMIT,栃木県,0,,-
9th style,MARIA (I believe... ),0,,-,744,SAYA..,栃木県,1556,XELPHA,栃木県,1955,SLEEPY,栃木県,0,,-
9th style,Make A Difference,0,,-,865,SAYA..,栃木県,1567,MINATO,栃木県,2252,HERMIT,栃木県,0,,-
9th style,lower world,0,,-,1347,96GAL.,栃木県,1849,XELPHA,栃木県,2251,SLEEPY,栃木県,0,,-
9th style,LOVE SHINE,536,SLEEPY,栃木県,854,SENJU.,栃木県,1826,SLEEPY,栃木県,2088,TIHAYA,栃木県,0,,-
9th style,lights,0,,-,701,SAYA..,栃木県,1432,SLEEPY,栃木県,1789,SLEEPY,栃木県,0,,-
9th style,Let The Snow Paint Me -Y&Co. Remix-,0,,-,836,SAYA..,栃木県,1253,SAYA..,栃木県,1797,SLEEPY,栃木県,0,,-
9th style,Karma,0,,-,1293,CHOBB,栃木県,1652,HAMITN,栃木県,1831,HERMIT,栃木県,0,,-
9th style,I Was The One (80's EUROBEAT STYLE),0,,-,789,SAYA..,栃木県,1351,GA9BRU,栃木県,1451,SLEEPY,栃木県,0,,-
9th style,HYPER EUROBEAT (2DX style),0,,-,1085,SAYA..,栃木県,1647,539LO,栃木県,1959,HERMIT,栃木県,0,,-
9th style,Golden Horn,0,,-,687,NOOO,栃木県,1190,XELPHA,栃木県,1510,SLEEPY,栃木県,0,,-
9th style,e-motion 2003  -romantic extra-,0,,-,1254,CHOBB,栃木県,1592,H4MITN,栃木県,1989,SLEEPY,栃木県,0,,-
9th style,Distress,0,,-,1332,ZABTON,栃木県,1845,HERMIT,栃木県,0,,-,0,,-
9th style,Cradle,0,,-,864,HN.AKN,栃木県,1432,XELPHA,栃木県,1599,DAIKI.,栃木県,0,,-
9th style,BRIGHTNESS DARKNESS,0,,-,723,SAYA..,栃木県,1428,XELPHA,栃木県,1768,SLEEPY,栃木県,0,,-
9th style,bag,0,,-,916,FLB,栃木県,1198,SAYA..,栃木県,1913,DAIKI.,栃木県,0,,-
9th style,BAD BOY BASS!! (dj Remo-con MIX),0,,-,916,FLB,栃木県,1347,XELPHA,栃木県,1802,SLEEPY,栃木県,0,,-
9th style,ATOMIC AGE,0,,-,365,SAYA..,栃木県,664,SAYA..,栃木県,1318,SLEEPY,栃木県,0,,-
9th style,ACT,0,,-,1029,CHOBB,栃木県,1661,XELPHA,栃木県,1850,TIHAYA,栃木県,0,,-
9th style,Abyss -The Heavens Remix-,573,SENJU.,栃木県,1488,SENJU.,栃木県,1850,HERMIT,栃木県,2365,TIHAYA,栃木県,0,,-
10th style,雪月花,0,,-,1208,SAYA..,栃木県,1876,SMILE*,栃木県,2507,HERMIT,栃木県,0,,-
10th style,システムロマンス,0,,-,859,S.TKNS,栃木県,1723,XELPHA,栃木県,2039,SLEEPY,栃木県,0,,-
10th style,SPACE FIGHT,0,,-,649,96GAL.,栃木県,1483,XELPHA,栃木県,2247,HERMIT,栃木県,0,,-
10th style,SHOOTING STAR,0,,-,1244,DORAMA,栃木県,1680,SLEEPY,栃木県,2277,SLEEPY,栃木県,0,,-
10th style,Rise'n Beauty,0,,-,1221,CHOBB,栃木県,1645,HAMITN,栃木県,2177,SLEEPY,栃木県,0,,-
10th style,rainbow rainbow,0,,-,1555,KAVAN.,栃木県,2211,H4MITN,栃木県,2725,SLEEPY,栃木県,0,,-
10th style,pandora,0,,-,899,SAYA..,栃木県,1647,H4MITN,栃木県,1852,SLEEPY,栃木県,0,,-
10th style,One More Lovely,0,,-,866,SAYA..,栃木県,1630,MINATO,栃木県,2857,HERMIT,栃木県,0,,-
10th style,No.13,0,,-,1626,MINATO,栃木県,2567,XELPHA,栃木県,3172,HERMIT,栃木県,0,,-
10th style,Narcissus At Oasis,0,,-,760,TASSO*,栃木県,1528,MINATO,栃木県,1667,HERMIT,栃木県,0,,-
10th style,Lucy,0,,-,959,SENJU.,栃木県,1726,SENJU.,栃木県,2320,SLEEPY,栃木県,0,,-
10th style,Love Is Eternity,0,,-,1211,FLB,栃木県,1931,L393,栃木県,2403,SLEEPY,栃木県,0,,-
10th style,Innocent Walls,0,,-,1592,ZABTON,栃木県,2484,HERMIT,栃木県,2811,SLEEPY,栃木県,0,,-
10th style,HIGH,0,,-,915,FLB,栃木県,1911,SLEEPY,栃木県,2166,TIHAYA,栃木県,2869,SLEEPY,栃木県
10th style,GRADIUS -FULL SPEED-,0,,-,721,SAYA..,栃木県,1138,WRT?,栃木県,2120,HERMIT,栃木県,0,,-
10th style,GHOST REVIVAL,0,,-,896,CHOBB,栃木県,1986,XELPHA,栃木県,2580,SLEEPY,栃木県,0,,-
10th style,Freezing atmosphere,0,,-,781,CHOBB,栃木県,1124,HERMIT,栃木県,1501,SLEEPY,栃木県,0,,-
10th style,FEEL IT,0,,-,938,SAYA..,栃木県,1709,XELPHA,栃木県,1978,SLEEPY,栃木県,0,,-
10th style,Feedback,0,,-,1050,SAYA..,栃木県,1582,FLB,栃木県,1973,FL4V1A,栃木県,0,,-
10th style,EXE,0,,-,866,KONOE,栃木県,1603,XELPHA,栃木県,2249,SLEEPY,栃木県,0,,-
10th style,DoLL,349,SAYA..,栃木県,949,SAYA..,栃木県,1237,SENJU.,栃木県,1620,HERMIT,栃木県,0,,-
10th style,desolation,0,,-,481,SAYA..,栃木県,648,POTATO,栃木県,765,COLCA,栃木県,0,,-
10th style,Debtty Daddy,0,,-,1007,S.TKNS,栃木県,1934,XELPHA,栃木県,2713,SLEEPY,栃木県,0,,-
10th style,Daisuke,470,SAYA..,栃木県,1207,SAYA..,栃木県,1636,SAYA..,栃木県,2403,HERMIT,栃木県,0,,-
10th style,CARRY ON NIGHT (English version),0,,-,962,CHOBB,栃木県,1347,XELPHA,栃木県,2059,SLEEPY,栃木県,0,,-
10th style,Boundary,0,,-,855,SAYA..,栃木県,1844,GA9BRU,栃木県,2052,SLEEPY,栃木県,0,,-
10th style,Back Into The Light,0,,-,1159,FLB,栃木県,1631,XELPHA,栃木県,2165,SLEEPY,栃木県,0,,-
10th style,BABY LOVE,0,,-,1162,POTATO,栃木県,1663,PDIDDY,栃木県,2152,HERMIT,栃木県,0,,-
10th style,ASTRAL VOYAGE,0,,-,995,SAYA..,栃木県,1404,XELPHA,栃木県,1928,SLEEPY,栃木県,0,,-
10th style,ALIEN TEMPLE,0,,-,947,S.TKNS,栃木県,1619,XELPHA,栃木県,2021,SLEEPY,栃木県,0,,-
10th style,1st Samurai,0,,-,1036,TEREYA,栃木県,1941,SLEEPY,栃木県,2671,HERMIT,栃木県,0,,-
IIDX RED,ＵＬＴｉＭΛＴＥ,0,,-,956,SAYA..,栃木県,1459,XELPHA,栃木県,2005,TIHAYA,栃木県,0,,-
IIDX RED,太陽～T・A・I・Y・O～,0,,-,815,FL4V1A,栃木県,1407,XELPHA,栃木県,1745,HERMIT,栃木県,0,,-
IIDX RED,大桟橋,0,,-,486,T****A,栃木県,1114,XELPHA,栃木県,1864,SLEEPY,栃木県,0,,-
IIDX RED,ピアノ協奏曲第１番”蠍火”,0,,-,838,SLEEPY,栃木県,2124,SLEEPY,栃木県,2699,HERMIT,栃木県,0,,-
IIDX RED,Wonder Bullfighter,0,,-,957,SAYA..,栃木県,1430,SAYA..,栃木県,2065,FL4V1A,栃木県,0,,-
IIDX RED,The Hope of Tomorrow,0,,-,1012,CHOBB,栃木県,1674,XELPHA,栃木県,1954,HERMIT,栃木県,0,,-
IIDX RED,spiral galaxy,0,,-,1073,SAYA..,栃木県,2057,H4MITN,栃木県,2592,SLEEPY,栃木県,3782,SLEEPY,栃木県
IIDX RED,Sphere,0,,-,1041,HOMURA,栃木県,1908,H4MITN,栃木県,2203,SLEEPY,栃木県,0,,-
IIDX RED,SPEEDY CAT,0,,-,1114,FLB,栃木県,1652,XELPHA,栃木県,2042,HERMIT,栃木県,0,,-
IIDX RED,Secret of Love,0,,-,1059,CHOBB,栃木県,1386,XELPHA,栃木県,2028,SLEEPY,栃木県,0,,-
IIDX RED,RESONATE 1794,0,,-,891,TASSO*,栃木県,1402,MINATO,栃木県,1889,SLEEPY,栃木県,0,,-
IIDX RED,RED ZONE,178,SAYA..,栃木県,1058,S.TKNS,栃木県,1877,XELPHA,栃木県,2342,SLEEPY,栃木県,3107,HERMIT,栃木県
IIDX RED,Raspberry Heart(English version),0,,-,1005,CHOBB,栃木県,1548,XELPHA,栃木県,1859,SLEEPY,栃木県,0,,-
IIDX RED,NEBULA GRASPER,0,,-,1345,SAYA..,栃木県,1937,XELPHA,栃木県,2457,SLEEPY,栃木県,0,,-
IIDX RED,KEY,0,,-,1119,HOMURA,栃木県,1851,FLB,栃木県,2866,HERMIT,栃木県,0,,-
IIDX RED,HORIZON,0,,-,1076,SAYA..,栃木県,1547,SENJU.,栃木県,1974,SLEEPY,栃木県,0,,-
IIDX RED,gigadelic,704,SAYA..,栃木県,1473,SAYA..,栃木県,2174,SLEEPY,栃木県,2543,HERMIT,栃木県,0,,-
IIDX RED,GENOCIDE,0,,-,1157,SLEEPY,栃木県,2034,SMILE*,栃木県,2406,HERMIT,栃木県,0,,-
IIDX RED,Fly Away To India,0,,-,660,CHOBB,栃木県,1086,1SHI8,栃木県,1413,SLEEPY,栃木県,0,,-
IIDX RED,FAKE TIME,0,,-,1044,FLB,栃木県,1774,HERMIT,栃木県,2372,HERMIT,栃木県,0,,-
IIDX RED,earth scape,0,,-,436,DORAMA,栃木県,1027,GA9BRU,栃木県,1285,DAIKI.,栃木県,0,,-
IIDX RED,Don't be afraid myself,0,,-,1113,SAYA..,栃木県,1881,SLEEPY,栃木県,2296,HERMIT,栃木県,0,,-
IIDX RED,D.A.N.C.E.!,0,,-,575,TASSO*,栃木県,831,XELPHA,栃木県,1619,TIHAYA,栃木県,0,,-
IIDX RED,Close my Eyes for Me,0,,-,943,S.TKNS,栃木県,1415,XELPHA,栃木県,1852,SLEEPY,栃木県,0,,-
IIDX RED,Click Again,0,,-,880,CHOBB,栃木県,1424,FLB,栃木県,2148,GA9BRU,栃木県,0,,-
IIDX RED,BREATH,0,,-,889,R*,栃木県,1290,TASSO*,栃木県,1729,SLEEPY,栃木県,0,,-
IIDX RED,BLOCKS,0,,-,788,CHOBB,栃木県,1289,SAYA..,栃木県,1986,HERMIT,栃木県,0,,-
IIDX RED,Be quiet,0,,-,1078,SAYA..,栃木県,1720,XELPHA,栃木県,2204,TIHAYA,栃木県,2779,77HIRA,栃木県
IIDX RED,awakening,0,,-,1037,S.TKNS,栃木県,1424,XELPHA,栃木県,1717,COLCA,栃木県,0,,-
IIDX RED,ANDROMEDA,0,,-,1011,SAYA..,栃木県,1903,DAIMON,栃木県,2882,SLEEPY,栃木県,0,,-
IIDX RED,AGEHA,608,SAYA..,栃木県,1040,SAYA..,栃木県,1697,XELPHA,栃木県,1883,TIHAYA,栃木県,2444,HERMIT,栃木県
IIDX RED,AA,0,,-,1258,SAYA..,栃木県,2736,SLEEPY,栃木県,3638,SLEEPY,栃木県,0,,-
HAPPY SKY,月光,0,,-,896,44TAKA,栃木県,1739,XELPHA,栃木県,2463,HERMIT,栃木県,0,,-
HAPPY SKY,合体せよ！ストロングイェーガー！！ (Ryu☆ remix),0,,-,1087,FLB,栃木県,1577,SLEEPY,栃木県,1933,HERMIT,栃木県,0,,-
HAPPY SKY,冥,590,HAMITN,栃木県,1054,SLEEPY,栃木県,2088,SLEEPY,栃木県,3749,SLEEPY,栃木県,0,,-
HAPPY SKY,ラクエン,0,,-,653,ISHTAR,栃木県,927,XELPHA,栃木県,1997,SLEEPY,栃木県,0,,-
HAPPY SKY,ヒマワリ,0,,-,561,HERMIT,栃木県,1848,GF8300,栃木県,2076,HERMIT,栃木県,0,,-
HAPPY SKY,オレはビートマニア！お前は何マニア？,0,,-,790,PDIDDY,栃木県,1451,XELPHA,栃木県,1722,FL4V1A,栃木県,0,,-
HAPPY SKY,Xepher,403,SAYA..,栃木県,1121,SAYA..,栃木県,2229,SLEEPY,栃木県,3006,HERMIT,栃木県,0,,-
HAPPY SKY,We are Disっ娘よっつ打ち命,0,,-,665,DORAMA,栃木県,962,XELPHA,栃木県,1666,SLEEPY,栃木県,0,,-
HAPPY SKY,Votum stellarum,0,,-,790,96GAL.,栃木県,1614,XELPHA,栃木県,2000,SLEEPY,栃木県,0,,-
HAPPY SKY,vault of heaven,0,,-,782,44TAKA,栃木県,1418,H4MITN,栃木県,2012,SLEEPY,栃木県,0,,-
HAPPY SKY,Under the Sky,0,,-,905,SENJU.,栃木県,1397,XELPHA,栃木県,1741,SLEEPY,栃木県,0,,-
HAPPY SKY,Twelfth Style,0,,-,1201,TASSO*,栃木県,1518,SLEEPY,栃木県,2047,SLEEPY,栃木県,3280,SLEEPY,栃木県
HAPPY SKY,Tizona d'El Cid,0,,-,950,CHOBB,栃木県,1894,XELPHA,栃木県,2320,SLEEPY,栃木県,0,,-
HAPPY SKY,SigSig,668,SAYA..,栃木県,1067,MINATO,栃木県,1682,XELPHA,栃木県,2605,TIHAYA,栃木県,0,,-
HAPPY SKY,Scripted Connection⇒ N mix,0,,-,1271,CHOBB,栃木県,1615,XELPHA,栃木県,2104,SLEEPY,栃木県,2435,TSKASA,栃木県
HAPPY SKY,Scripted Connection⇒ H mix,0,,-,1646,44TAKA,栃木県,1983,SMILE*,栃木県,2518,HERMIT,栃木県,2884,HERMIT,栃木県
HAPPY SKY,Scripted Connection⇒ A mix,0,,-,1611,DORAMA,栃木県,2219,SLEEPY,栃木県,3082,YASUNA,栃木県,3428,YASUNA,栃木県
HAPPY SKY,SCREAM SQUAD,0,,-,1180,KONOE,栃木県,1604,XELPHA,栃木県,2077,HERMIT,栃木県,0,,-
HAPPY SKY,rage against usual,0,,-,1371,SLEEPY,栃木県,1945,SENJU.,栃木県,2999,HERMIT,栃木県,0,,-
HAPPY SKY,POODLE,0,,-,949,TASSO*,栃木県,1887,XELPHA,栃木県,2307,SLEEPY,栃木県,3396,SLEEPY,栃木県
HAPPY SKY,Pollinosis,0,,-,777,SAYA..,栃木県,1154,XELPHA,栃木県,2516,SLEEPY,栃木県,0,,-
HAPPY SKY,PLASMA,0,,-,945,SENJU.,栃木県,1651,XELPHA,栃木県,2288,SLEEPY,栃木県,0,,-
HAPPY SKY,Pink Rose,0,,-,587,KIRYU-,栃木県,959,44RIVE,栃木県,1413,HERMIT,栃木県,2014,SLEEPY,栃木県
HAPPY SKY,MOON RACE,0,,-,847,SAYA..,栃木県,1179,SLEEPY,栃木県,1899,SLEEPY,栃木県,0,,-
HAPPY SKY,Love Magic,0,,-,1016,SAYA..,栃木県,1735,XELPHA,栃木県,1966,SLEEPY,栃木県,0,,-
HAPPY SKY,Little Little Princess,0,,-,1095,6RA3ME,栃木県,2134,XELPHA,栃木県,2779,SLEEPY,栃木県,3825,HERMIT,栃木県
HAPPY SKY,LESSON 5,0,,-,1257,TASSO*,栃木県,1866,SLEEPY,栃木県,2498,SLEEPY,栃木県,0,,-
HAPPY SKY,INAZUMA,0,,-,1114,SLEEPY,栃木県,1827,SLEEPY,栃木県,2720,SLEEPY,栃木県,4040,SLEEPY,栃木県
HAPPY SKY,in motion,0,,-,815,CHOBB,栃木県,1067,KOZI04,栃木県,1320,SLEEPY,栃木県,0,,-
HAPPY SKY,I am,0,,-,1100,SAYA..,栃木県,1724,SAYA..,栃木県,2178,HERMIT,栃木県,0,,-
HAPPY SKY,HAPPY☆ANGEL,661,SAYA..,栃木県,1097,SENJU.,栃木県,1535,CHOBB,栃木県,2099,SLEEPY,栃木県,0,,-
HAPPY SKY,GREEN EYES,0,,-,979,KIRYU-,栃木県,1579,XELPHA,栃木県,2226,HERMIT,栃木県,0,,-
HAPPY SKY,Get'em up to R.A.V.E,0,,-,1136,CHOBB,栃木県,1758,SLEEPY,栃木県,2287,SLEEPY,栃木県,0,,-
HAPPY SKY,garden,0,,-,869,A-SNOW,栃木県,1487,XELPHA,栃木県,2177,HERMIT,栃木県,3115,SLEEPY,栃木県
HAPPY SKY,First Resolution,0,,-,826,SENJU.,栃木県,1598,XELPHA,栃木県,2147,SLEEPY,栃木県,0,,-
HAPPY SKY,EMPTY OF THE SKY,0,,-,660,SAYA..,栃木県,1042,SAYA..,栃木県,1684,SLEEPY,栃木県,0,,-
HAPPY SKY,EDEN,0,,-,1300,ZABTON,栃木県,1917,R.E.D.,栃木県,2724,HERMIT,栃木県,3269,HERMIT,栃木県
HAPPY SKY,double thrash,0,,-,997,MOLMOL,栃木県,2030,MILA,栃木県,2378,HERMIT,栃木県,0,,-
HAPPY SKY,Catch Me,0,,-,784,SAYA..,栃木県,1313,777,栃木県,1812,FL4V1A,栃木県,0,,-
HAPPY SKY,CaptivAte～浄化～,0,,-,1028,CHOBB,栃木県,1872,SLEEPY,栃木県,2474,HERMIT,栃木県,3434,HERMIT,栃木県
HAPPY SKY,Aurora,0,,-,1368,RYO-XI,栃木県,2123,H4MITN,栃木県,2540,SLEEPY,栃木県,0,,-
HAPPY SKY,alla turca con passione,0,,-,810,SAYA..,栃木県,1600,XELPHA,栃木県,2196,HERMIT,栃木県,0,,-
HAPPY SKY,Agnus Dei,0,,-,896,TASSO*,栃木県,1622,KI4DA,栃木県,2097,HERMIT,栃木県,0,,-
HAPPY SKY,100％ minimoo-G,0,,-,899,CHOBB,栃木県,1647,A1C11,栃木県,1749,HERMIT,栃木県,0,,-
DistorteD,虹色,0,,-,958,TASSO*,栃木県,1544,GA9BRU,栃木県,1859,TIHAYA,栃木県,0,,-
DistorteD,華蝶風雪,0,,-,1245,SENJU.,栃木県,2056,XELPHA,栃木県,2986,HERMIT,栃木県,3996,SLEEPY,栃木県
DistorteD,罠,0,,-,564,SENJU.,栃木県,1534,SENJU.,栃木県,2460,HERMIT,栃木県,0,,-
DistorteD,嘆きの樹,0,,-,1786,SLEEPY,栃木県,2530,HERMIT,栃木県,3914,HERMIT,栃木県,0,,-
DistorteD,タシカナモノ,0,,-,916,CHOBB,栃木県,1432,SENJU.,栃木県,2049,TIHAYA,栃木県,0,,-
DistorteD,カゴノトリ～弐式～,0,,-,1130,SAYA..,栃木県,1817,MINATO,栃木県,2632,HERMIT,栃木県,0,,-
DistorteD,Zenius -I- vanisher,0,,-,948,SMILE*,栃木県,1565,SLEEPY,栃木県,2408,HERMIT,栃木県,0,,-
DistorteD,with you…,0,,-,769,CHOBB,栃木県,1133,SAYA..,栃木県,1781,SLEEPY,栃木県,0,,-
DistorteD,WISH(EUROBEAT MIX),0,,-,1029,HOMURA,栃木県,1596,XELPHA,栃木県,1972,SLEEPY,栃木県,0,,-
DistorteD,Why did you go away,643,SAYA..,栃木県,1108,SENJU.,栃木県,1766,XELPHA,栃木県,2322,SLEEPY,栃木県,0,,-
DistorteD,waxing and wanding,0,,-,1301,PDIDDY,栃木県,1984,SLEEPY,栃木県,2899,TIHAYA,栃木県,3976,HERMIT,栃木県
DistorteD,TYPE MARS(G-Style Mix),0,,-,1117,SAYA..,栃木県,1815,XELPHA,栃木県,2420,SLEEPY,栃木県,0,,-
DistorteD,tripping contact(teranoid&MC Natsack Remix),0,,-,1231,44TAKA,栃木県,1933,XELPHA,栃木県,2477,HERMIT,栃木県,0,,-
DistorteD,This is Love,0,,-,943,SAYA..,栃木県,1782,SAYA..,栃木県,2485,HERMIT,栃木県,0,,-
DistorteD,The Dirty of Loudness,0,,-,1440,FLB,栃木県,2268,SLEEPY,栃木県,2635,HERMIT,栃木県,0,,-
DistorteD,Sun Field,0,,-,574,SENJU.,栃木県,1507,MINATO,栃木県,2447,HERMIT,栃木県,0,,-
DistorteD,So Fabulous !!,0,,-,1101,SAYA..,栃木県,1525,XELPHA,栃木県,2362,SLEEPY,栃木県,0,,-
DistorteD,Power of Love,0,,-,1001,SENJU.,栃木県,1627,SAYA..,栃木県,2144,SLEEPY,栃木県,0,,-
DistorteD,MOON,0,,-,855,44TAKA,栃木県,2051,XELPHA,栃木県,2213,SLEEPY,栃木県,0,,-
DistorteD,MINT,0,,-,1015,FLB,栃木県,1742,MILA,栃木県,2304,SLEEPY,栃木県,0,,-
DistorteD,Melody Life,0,,-,779,SAYA..,栃木県,1305,SAYA..,栃木県,1851,DAIMON,栃木県,0,,-
DistorteD,Leaving...,0,,-,785,SENJU.,栃木県,1398,XELPHA,栃木県,2219,SLEEPY,栃木県,0,,-
DistorteD,INFERNO,0,,-,1173,SENJU.,栃木県,1565,PDIDDY,栃木県,1998,SLEEPY,栃木県,0,,-
DistorteD,Heavenly Sun (IIDX VERSION),0,,-,829,SAYA..,栃木県,1583,SLEEPY,栃木県,2111,HERMIT,栃木県,0,,-
DistorteD,Harmony and Lovely,0,,-,871,NAOTO,栃木県,1754,DAIKI.,栃木県,2241,SLEEPY,栃木県,0,,-
DistorteD,Ganymede,0,,-,1030,HN.AKN,栃木県,1718,SLEEPY,栃木県,2322,HERMIT,栃木県,2628,HERMIT,栃木県
DistorteD,EURO-ROMANCE,0,,-,971,SAYA..,栃木県,1813,SAYA..,栃木県,2107,SLEEPY,栃木県,0,,-
DistorteD,DUE TOMORROW,0,,-,888,CHOBB,栃木県,1416,PIEN,栃木県,1999,HERMIT,栃木県,0,,-
DistorteD,Double Loving Heart,0,,-,580,SAYA..,栃木県,1323,XELPHA,栃木県,1816,TIHAYA,栃木県,0,,-
DistorteD,D.C.fish,0,,-,1013,SLEEPY,栃木県,1954,H4MITN,栃木県,2346,SLEEPY,栃木県,0,,-
DistorteD,CONTRACT,0,,-,1254,SAYA..,栃木県,1642,CHAAAR,栃木県,2088,HERMIT,栃木県,2795,HERMIT,栃木県
DistorteD,Concertino in Blue,382,KIRYU-,栃木県,829,TASSO*,栃木県,1694,HINA-A,栃木県,2506,HERMIT,栃木県,0,,-
DistorteD,Broadbanded,0,,-,886,44TAKA,栃木県,1360,MINATO,栃木県,2005,HERMIT,栃木県,0,,-
DistorteD,BOOM BOOM DISCO NIGHT,0,,-,999,FLB,栃木県,1782,XELPHA,栃木県,2288,HERMIT,栃木県,0,,-
DistorteD,Bloody Tears(IIDX EDITION),0,,-,1130,HOMURA,栃木県,1960,777,栃木県,2183,HERMIT,栃木県,0,,-
DistorteD,BALLAD THE FEATHERS,0,,-,723,SAYA..,栃木県,1092,HOMURA,栃木県,1518,SLEEPY,栃木県,0,,-
DistorteD,Apocalypse ～dirge of swans～,242,SAYA..,栃木県,1000,GAMAS,栃木県,1728,XELPHA,栃木県,2398,SLEEPY,栃木県,0,,-
DistorteD,ALFARSHEAR 双神威に廻る夢,440,TOUKA,栃木県,1079,SAYA..,栃木県,1646,SENJU.,栃木県,2090,HERMIT,栃木県,0,,-
GOLD,電人、暁に斃れる。,663,SAYA..,栃木県,1470,FLB,栃木県,2317,FLB,栃木県,3391,YASUNA,栃木県,0,,-
GOLD,零 - ZERO -,218,SAYA..,栃木県,1179,SAYA..,栃木県,1773,XELPHA,栃木県,2312,HERMIT,栃木県,0,,-
GOLD,花吹雪 ～ IIDX LIMITED ～,0,,-,733,SAYA..,栃木県,1117,MINATO,栃木県,1429,SLEEPY,栃木県,0,,-
GOLD,星をこの手に,0,,-,1174,CHOBB,栃木県,1782,H4MITN,栃木県,2188,HERMIT,栃木県,0,,-
GOLD,リグレット,0,,-,1267,POTATO,栃木県,1765,SLEEPY,栃木県,2439,SLEEPY,栃木県,0,,-
GOLD,ヨシダさん,0,,-,902,HN.AKN,栃木県,1434,SAYA..,栃木県,1971,COLCA,栃木県,0,,-
GOLD,クルクル☆ラブ～Opioid Peptide MIX～,429,SAYA..,栃木県,943,S.TKNS,栃木県,1509,SLEEPY,栃木県,2279,HERMIT,栃木県,0,,-
GOLD,With your Smile,0,,-,725,KIRYU-,栃木県,1182,SENJU.,栃木県,1575,HERMIT,栃木県,0,,-
GOLD,Watch out!!,0,,-,734,SENJU.,栃木県,1030,SAYA..,栃木県,1616,FL4V1A,栃木県,0,,-
GOLD,VANESSA,0,,-,1138,RYO-XI,栃木県,1833,HERMIT,栃木県,2405,HERMIT,栃木県,3418,HERMIT,栃木県
GOLD,TRANOID,0,,-,799,TASSO*,栃木県,1739,MILA,栃木県,2252,HERMIT,栃木県,3002,HERMIT,栃木県
GOLD,The Smile of You,0,,-,942,SENJU.,栃木県,1302,SAYA..,栃木県,1630,SLEEPY,栃木県,0,,-
GOLD,the shadow,0,,-,1177,CHOBB,栃木県,2029,XELPHA,栃木県,2917,HERMIT,栃木県,0,,-
GOLD,snow storm,236,SAYA..,栃木県,775,NAOTO,栃木県,2259,H4MITN,栃木県,2791,HERMIT,栃木県,3375,SLEEPY,栃木県
GOLD,smile,0,,-,1448,PDIDDY,栃木県,2146,XELPHA,栃木県,2905,TIHAYA,栃木県,0,,-
GOLD,Sense 2007,0,,-,1478,KAGOME,栃木県,2284,HERMIT,栃木県,2944,HERMIT,栃木県,0,,-
GOLD,Second Heaven,224,TOUKA,栃木県,991,SAYA..,栃木県,1557,SLEEPY,栃木県,2124,SLEEPY,栃木県,0,,-
GOLD,Roulette,0,,-,901,96GAL.,栃木県,1429,H4MITN,栃木県,2125,SLEEPY,栃木県,0,,-
GOLD,PHOTONGENIC,0,,-,1307,TO-NA,栃木県,1953,H4MITN,栃木県,2322,SLEEPY,栃木県,0,,-
GOLD,op.31 叙情,0,,-,573,SLEEPY,栃木県,1317,DAIKI.,栃木県,1575,DAIKI.,栃木県,0,,-
GOLD,never…,0,,-,796,CHOBB,栃木県,1349,XELPHA,栃木県,1822,SLEEPY,栃木県,0,,-
GOLD,METALLIC MIND,0,,-,862,SAYA..,栃木県,1412,XELPHA,栃木県,1639,SLEEPY,栃木県,0,,-
GOLD,Make Me Your Own,0,,-,836,S.TKNS,栃木県,1588,ZABTON,栃木県,2135,HERMIT,栃木県,0,,-
GOLD,Love Again...,0,,-,577,SAYA..,栃木県,790,SAYA..,栃木県,1073,HERMIT,栃木県,0,,-
GOLD,LASER CRUSTER,0,,-,1419,LISA..,栃木県,2414,GA9BRU,栃木県,3230,HERMIT,栃木県,0,,-
GOLD,KAMAITACHI,0,,-,1259,SAYA..,栃木県,2024,SLEEPY,栃木県,2720,SLEEPY,栃木県,3890,HERMIT,栃木県
GOLD,INORI,0,,-,1378,SAYA..,栃木県,2557,XELPHA,栃木県,3183,YASUNA,栃木県,0,,-
GOLD,High School Love,406,MINATO,栃木県,873,96GAL.,栃木県,1554,SENJU.,栃木県,2211,HERMIT,栃木県,0,,-
GOLD,heaven above,0,,-,816,S.O,栃木県,1367,SAYA..,栃木県,1849,SLEEPY,栃木県,0,,-
GOLD,GRID KNIGHT,0,,-,811,CHOBB,栃木県,1957,XELPHA,栃木県,2624,SLEEPY,栃木県,3482,HERMIT,栃木県
GOLD,GOLD RUSH,560,SAYA..,栃木県,1206,SLEEPY,栃木県,1496,SLEEPY,栃木県,2368,HERMIT,栃木県,0,,-
GOLD,four-leaf,0,,-,757,SAYA..,栃木県,1215,XELPHA,栃木県,1723,HERMIT,栃木県,0,,-
GOLD,FIRE FIRE,572,SAYA..,栃木県,1206,SAYA..,栃木県,1821,SLEEPY,栃木県,2773,HERMIT,栃木県,0,,-
GOLD,Fascination MAXX,0,,-,969,LIX,栃木県,1660,SLEEPY,栃木県,2437,SLEEPY,栃木県,0,,-
GOLD,Cyber Force,0,,-,1213,CHOBB,栃木県,1882,H4MITN,栃木県,2383,SLEEPY,栃木県,0,,-
GOLD,CROSSROAD ～Left Story～,0,,-,1131,SENJU.,栃木県,1743,XELPHA,栃木県,2193,SLEEPY,栃木県,0,,-
GOLD,CaptivAte～誓い～,0,,-,1311,FLUB,栃木県,2008,SLEEPY,栃木県,2250,SLEEPY,栃木県,0,,-
GOLD,CaptivAte～裁き～,422,SAYA..,栃木県,857,SAYA..,栃木県,1310,SLEEPY,栃木県,1788,HERMIT,栃木県,0,,-
GOLD,Candy Galy,0,,-,1525,SAYA..,栃木県,2519,H4MITN,栃木県,3580,HERMIT,栃木県,0,,-
GOLD,"Blind Justice ～Torn souls, Hurt Faiths ～",0,,-,1339,SLEEPY,栃木県,1972,SLEEPY,栃木県,2482,HERMIT,栃木県,0,,-
GOLD,ANDROMEDA II,0,,-,964,CHOBB,栃木県,1883,H4MITN,栃木県,2498,SLEEPY,栃木県,0,,-
GOLD,Air Bell,0,,-,990,SAYA..,栃木県,1343,XELPHA,栃木県,1729,TIHAYA,栃木県,0,,-
DJ TROOPERS,走馬灯 -The Last Song-,0,,-,498,FLB,栃木県,916,TOBI29,栃木県,1341,SLEEPY,栃木県,0,,-
DJ TROOPERS,華爛漫 -Flowers-,336,MINATO,栃木県,1006,HOMURA,栃木県,1579,SENJU.,栃木県,2054,HERMIT,栃木県,3179,HERMIT,栃木県
DJ TROOPERS,少年A,0,,-,1251,HOMURA,栃木県,2055,SARKAZ,栃木県,2846,HERMIT,栃木県,0,,-
DJ TROOPERS,ミラージュ・レジデンス,0,,-,1137,SAYA..,栃木県,2054,XELPHA,栃木県,2670,HERMIT,栃木県,3297,HERMIT,栃木県
DJ TROOPERS,マチ子の唄,0,,-,809,TEREYA,栃木県,1303,SENJU.,栃木県,1799,SLEEPY,栃木県,0,,-
DJ TROOPERS,エコ爺,344,SAYA..,栃木県,810,CHOBB,栃木県,1310,POTATO,栃木県,1838,HERMIT,栃木県,0,,-
DJ TROOPERS,Wanna Party?,0,,-,766,SAYA..,栃木県,1168,MINATO,栃木県,1520,SLEEPY,栃木県,2593,SLEEPY,栃木県
DJ TROOPERS,Ubertreffen,0,,-,1083,44TAKA,栃木県,1973,SLEEPY,栃木県,2539,HERMIT,栃木県,3284,HERMIT,栃木県
DJ TROOPERS,TROOPERS,0,,-,1224,TASSO*,栃木県,2336,XELPHA,栃木県,2950,HERMIT,栃木県,0,,-
DJ TROOPERS,TRIP MACHINE PhoeniX,0,,-,688,SAYA..,栃木県,1598,XELPHA,栃木県,1832,HERMIT,栃木県,0,,-
DJ TROOPERS,Time to Air,0,,-,1251,SAYA..,栃木県,2081,XELPHA,栃木県,2883,HERMIT,栃木県,3666,HERMIT,栃木県
DJ TROOPERS,the trigger of innocence,0,,-,898,SAYA..,栃木県,1180,SAYA..,栃木県,1848,HERMIT,栃木県,3115,SLEEPY,栃木県
DJ TROOPERS,THE DEEP STRIKER,533,SAYA..,栃木県,1025,CHOBB,栃木県,2159,XELPHA,栃木県,3026,HERMIT,栃木県,3522,HERMIT,栃木県
DJ TROOPERS,switch,0,,-,790,FLB,栃木県,1499,H4MITN,栃木県,2111,SLEEPY,栃木県,0,,-
DJ TROOPERS,STEEL NEEDLE,0,,-,1099,SAYA..,栃木県,2096,XELPHA,栃木県,2505,HERMIT,栃木県,3356,HERMIT,栃木県
DJ TROOPERS,State Of The Art,0,,-,1084,SAYA..,栃木県,1530,XELPHA,栃木県,3116,SLEEPY,栃木県,0,,-
DJ TROOPERS,SOUND OF GIALLARHORN,508,SAYA..,栃木県,1343,CHOBB,栃木県,2668,XELPHA,栃木県,3291,HERMIT,栃木県,0,,-
DJ TROOPERS,soldier's waltz,0,,-,818,SAYA..,栃木県,1560,FLB,栃木県,2486,SLEEPY,栃木県,0,,-
DJ TROOPERS,scar in the earth,0,,-,649,S.TKNS,栃木県,1101,SENJU.,栃木県,1523,SLEEPY,栃木県,0,,-
DJ TROOPERS,satfinal,0,,-,1086,SENJU.,栃木県,1417,SENJU.,栃木県,1923,TIHAYA,栃木県,0,,-
DJ TROOPERS,"satellite020712 from ""CODED ARMS""",0,,-,1275,CHOBB,栃木県,1846,XELPHA,栃木県,2525,HERMIT,栃木県,0,,-
DJ TROOPERS,Ristaccia,0,,-,1182,TASSO*,栃木県,2009,SLEEPY,栃木県,2759,HERMIT,栃木県,0,,-
DJ TROOPERS,Rising in the Sun(original mix),0,,-,944,SAYA..,栃木県,1697,DAIMON,栃木県,2364,SLEEPY,栃木県,0,,-
DJ TROOPERS,REMINISCENCE,0,,-,1259,SAYA..,栃木県,1807,H4MITN,栃木県,2351,TIHAYA,栃木県,0,,-
DJ TROOPERS,PROMISE FOR LIFE,0,,-,602,96GAL.,栃木県,1492,SAYA..,栃木県,1748,DAIKI.,栃木県,0,,-
DJ TROOPERS,PARANOiA ～HADES～,0,,-,1065,MINATO,栃木県,1820,HERMIT,栃木県,2719,SLEEPY,栃木県,0,,-
DJ TROOPERS,oratio,0,,-,1458,SENJU.,栃木県,2010,A1C11,栃木県,2964,HERMIT,栃木県,0,,-
DJ TROOPERS,NEW GENERATION -もう、お前しか見えない-,0,,-,1018,NAOTO,栃木県,1888,POTATO,栃木県,2627,SLEEPY,栃木県,3708,HERMIT,栃木県
DJ TROOPERS,MENTAL MELTDOWN,0,,-,1182,KIRYU-,栃木県,2252,SLEEPY,栃木県,2773,YASUNA,栃木県,0,,-
DJ TROOPERS,MENDES,0,,-,1134,SLEEPY,栃木県,2627,SLEEPY,栃木県,3608,HERMIT,栃木県,0,,-
DJ TROOPERS,MAX LOVE,0,,-,1400,CHOBB,栃木県,2181,DAIMON,栃木県,2683,HERMIT,栃木県,0,,-
DJ TROOPERS,madrugada,0,,-,718,SENJU.,栃木県,1222,FLB,栃木県,1854,HERMIT,栃木県,0,,-
DJ TROOPERS,LOVELY STORM,0,,-,1293,CHOBB,栃木県,2153,XELPHA,栃木県,2841,SLEEPY,栃木県,0,,-
DJ TROOPERS,Kick Out 仮面,0,,-,1176,SENJU.,栃木県,1555,PDIDDY,栃木県,2039,TIHAYA,栃木県,0,,-
DJ TROOPERS,in the Sky,0,,-,1376,SAYA..,栃木県,2147,HERMIT,栃木県,2552,HERMIT,栃木県,0,,-
DJ TROOPERS,ICARUS,0,,-,1284,HAMITN,栃木県,2070,SLEEPY,栃木県,2448,SLEEPY,栃木県,3714,SLEEPY,栃木県
DJ TROOPERS,Freeway Shuffle,345,SAYA..,栃木県,815,SAYA..,栃木県,1241,XELPHA,栃木県,1876,SLEEPY,栃木県,0,,-
DJ TROOPERS,four pieces of heaven,0,,-,911,SAYA..,栃木県,1771,MILA,栃木県,2361,SLEEPY,栃木県,2964,HERMIT,栃木県
DJ TROOPERS,evergreen,0,,-,1001,SAYA..,栃木県,1300,XELPHA,栃木県,1924,DAIMON,栃木県,0,,-
DJ TROOPERS,end of world,0,,-,1021,SENJU.,栃木県,1740,XELPHA,栃木県,2509,SLEEPY,栃木県,0,,-
DJ TROOPERS,Do it!! Do it!!,0,,-,1032,KIRYU-,栃木県,1578,SLEEPY,栃木県,1914,SLEEPY,栃木県,0,,-
DJ TROOPERS,Digitank System,0,,-,926,SAYA..,栃木県,1542,ZABTON,栃木県,2122,FL4V1A,栃木県,0,,-
DJ TROOPERS,Dazzlin' Darlin,343,SAYA..,栃木県,900,SAYA..,栃木県,1401,SAYA..,栃木県,2230,SLEEPY,栃木県,0,,-
DJ TROOPERS,Darling my LUV,0,,-,698,SAYA..,栃木県,1003,96GAL.,栃木県,1387,SLEEPY,栃木県,0,,-
DJ TROOPERS,Blue Rain,348,SAYA..,栃木県,1002,SAYA..,栃木県,1577,XELPHA,栃木県,2283,SLEEPY,栃木県,3340,SLEEPY,栃木県
DJ TROOPERS,beatonic nation,0,,-,1240,RYO-XI,栃木県,1849,XELPHA,栃木県,2179,SLEEPY,栃木県,0,,-
DJ TROOPERS,Be OK,0,,-,950,SAYA..,栃木県,1756,XELPHA,栃木県,2422,SLEEPY,栃木県,3331,SLEEPY,栃木県
DJ TROOPERS,avant-guerre,0,,-,742,KIRYU-,栃木県,1296,FLB,栃木県,1927,SLEEPY,栃木県,0,,-
DJ TROOPERS,"Anisakis -somatic mutation type""Forza""-",0,,-,1249,DAIKI.,栃木県,2109,H4MITN,栃木県,2866,HERMIT,栃木県,3878,HERMIT,栃木県
DJ TROOPERS,2 tribe 4 K,0,,-,884,SAYA..,栃木県,1338,XELPHA,栃木県,2769,SLEEPY,栃木県,0,,-
EMPRESS,鉄甲乙女-under the steel-,0,,-,939,SENJU.,栃木県,1606,XELPHA,栃木県,2189,HERMIT,栃木県,0,,-
EMPRESS,翼,0,,-,896,TASSO*,栃木県,1507,SAYA..,栃木県,1973,SLEEPY,栃木県,2511,SLEEPY,栃木県
EMPRESS,山岡晃の「クイズ！家事都合！」,0,,-,673,SENJU.,栃木県,1391,SLEEPY,栃木県,2059,SLEEPY,栃木県,0,,-
EMPRESS,天空脳番長危機十六連打,0,,-,1000,CHOBB,栃木県,2061,XELPHA,栃木県,2598,SLEEPY,栃木県,0,,-
EMPRESS,卑弥呼,0,,-,1224,TASSO*,栃木県,2709,SLEEPY,栃木県,4011,YASUNA,栃木県,0,,-
EMPRESS,凛として咲く花の如く,393,SAYA..,栃木県,1317,ZABTON,栃木県,2131,CLL,栃木県,2791,HERMIT,栃木県,3186,SLEEPY,栃木県
EMPRESS,不沈艦CANDY,606,SAYA..,栃木県,1168,SENJU.,栃木県,1958,XELPHA,栃木県,3337,HERMIT,栃木県,0,,-
EMPRESS,ミッドナイト堕天使,0,,-,982,SAYA..,栃木県,1597,XELPHA,栃木県,2783,SLEEPY,栃木県,0,,-
EMPRESS,ハリツヤランデヴー,0,,-,951,HOMURA,栃木県,2146,HERMIT,栃木県,2487,SLEEPY,栃木県,0,,-
EMPRESS,まほろば,0,,-,794,SAYA..,栃木県,1421,SAYA..,栃木県,2054,SLEEPY,栃木県,0,,-
EMPRESS,"You'll say ""Now!""",0,,-,1215,96GAL.,栃木県,1885,SLEEPY,栃木県,2520,SLEEPY,栃木県,0,,-
EMPRESS,Y&Co. is dead or alive,0,,-,1104,IIDX29,栃木県,1731,XELPHA,栃木県,2784,SLEEPY,栃木県,0,,-
EMPRESS,V2,798,SAYA..,栃木県,1491,FBK.S,栃木県,3147,PKACHU,栃木県,3590,HERMIT,栃木県,0,,-
EMPRESS,Turii ～Panta rhei～,366,SAYA..,栃木県,887,FLB,栃木県,2031,H4MITN,栃木県,2679,SLEEPY,栃木県,0,,-
EMPRESS,THANK YOU FOR PLAYING,0,,-,813,HAMITN,栃木県,1612,MINATO,栃木県,2127,TIHAYA,栃木県,2998,SLEEPY,栃木県
EMPRESS,SOLITON BEAM,0,,-,1416,KI4DA,栃木県,2050,XELPHA,栃木県,2355,SLEEPY,栃木県,0,,-
EMPRESS,smooooch・∀・,396,SAYA..,栃木県,832,SAYA..,栃木県,1645,SLEEPY,栃木県,2149,SLEEPY,栃木県,2797,CAKEVE,栃木県
EMPRESS,Secrets,0,,-,1228,CHOBB,栃木県,2401,XELPHA,栃木県,3154,SLEEPY,栃木県,4129,HERMIT,栃木県
EMPRESS,Queen's Tragedy,0,,-,848,SAYA..,栃木県,1668,FLUB,栃木県,2247,SLEEPY,栃木県,0,,-
EMPRESS,Punch Love 仮面,0,,-,1102,CHOBB,栃木県,1748,SLEEPY,栃木県,2526,HERMIT,栃木県,3248,SLEEPY,栃木県
EMPRESS,Programmed World,0,,-,941,SLEEPY,栃木県,1774,H4MITN,栃木県,2303,SLEEPY,栃木県,0,,-
EMPRESS,NΦ CRIME,293,SENJU.,栃木県,824,ANABB,栃木県,1443,SAYA..,栃木県,1897,SLEEPY,栃木県,2413,SLEEPY,栃木県
EMPRESS,neogenesis,0,,-,970,CHOBB,栃木県,1345,SAYA..,栃木県,1718,SLEEPY,栃木県,2321,SLEEPY,栃木県
EMPRESS,naughty girl@Queen's Palace,0,,-,846,SAYA..,栃木県,1689,KOZI04,栃木県,2122,SLEEPY,栃木県,2632,SLEEPY,栃木県
EMPRESS,Monkey Dance '09,0,,-,867,SAYA..,栃木県,1672,XELPHA,栃木県,2272,SLEEPY,栃木県,0,,-
EMPRESS,Mind Mapping,517,SAYA..,栃木県,878,SAYA..,栃木県,1237,SENJU.,栃木県,1834,SLEEPY,栃木県,2244,FL4V1A,栃木県
EMPRESS,Kung-fu Empire,0,,-,1511,SLEEPY,栃木県,2576,SLEEPY,栃木県,3258,SLEEPY,栃木県,3932,SLEEPY,栃木県
EMPRESS,Just a Little Smile,0,,-,818,REIP2Z,栃木県,1346,DAIMON,栃木県,2453,SLEEPY,栃木県,0,,-
EMPRESS,Jack,0,,-,911,SAYA..,栃木県,1382,XELPHA,栃木県,2169,HERMIT,栃木県,0,,-
EMPRESS,I'm Screaming LOVE,0,,-,610,TASSO*,栃木県,1323,SLEEPY,栃木県,1700,SLEEPY,栃木県,0,,-
EMPRESS,HYPERION,0,,-,1102,NAOTO,栃木県,2062,H4MITN,栃木県,2756,SLEEPY,栃木県,0,,-
EMPRESS,Go Beyond!!,549,HERMIT,栃木県,1051,PDIDDY,栃木県,1719,SLEEPY,栃木県,2230,HERMIT,栃木県,0,,-
EMPRESS,Fly Above,0,,-,961,HERMIT,栃木県,1621,SLEEPY,栃木県,2032,SLEEPY,栃木県,0,,-
EMPRESS,Flash Back 90's,0,,-,925,SAYA..,栃木県,1867,XELPHA,栃木県,2334,SLEEPY,栃木県,2897,SLEEPY,栃木県
EMPRESS,Cyber Force -DJ Yoshitaka Remix- ,0,,-,1088,SAYA..,栃木県,1820,XELPHA,栃木県,2526,SLEEPY,栃木県,0,,-
EMPRESS,Colorful Cookie,674,SAYA..,栃木県,1136,SAYA..,栃木県,2276,SLEEPY,栃木県,3525,HERMIT,栃木県,0,,-
EMPRESS,CaptivAte2～覚醒～,246,TOUKA,栃木県,1091,SAYA..,栃木県,1700,H4MITN,栃木県,2419,HERMIT,栃木県,0,,-
EMPRESS,BRIDAL FESTIVAL !!!,0,,-,938,TASSO*,栃木県,1487,SLEEPY,栃木県,2142,SLEEPY,栃木県,0,,-
EMPRESS,BITTER CHOCOLATE STRIKER,0,,-,1110,SLEEPY,栃木県,2244,SLEEPY,栃木県,3942,HERMIT,栃木県,0,,-
EMPRESS,Bahram Attack-猫叉Master Remix-,0,,-,1062,SENJU.,栃木県,1939,OFIRO,栃木県,2623,SLEEPY,栃木県,3255,SLEEPY,栃木県
EMPRESS,B4U(BEMANI FOR YOU MIX),0,,-,1183,SAYA..,栃木県,2272,XELPHA,栃木県,3577,SLEEPY,栃木県,4620,HERMIT,栃木県
EMPRESS,Arabian Rave Night,0,,-,1274,CHOBB,栃木県,2195,XELPHA,栃木県,2952,SLEEPY,栃木県,3686,HERMIT,栃木県
EMPRESS,ALL MY TURN -このターンに、オレの全てを賭ける-,0,,-,1024,CHOBB,栃木県,1823,XELPHA,栃木県,2597,HERMIT,栃木県,0,,-
EMPRESS,ALL I NEED YOUR LOVE,0,,-,1100,HOMURA,栃木県,1681,XELPHA,栃木県,2135,SLEEPY,栃木県,0,,-
EMPRESS,3y3s,553,SAYA..,栃木県,1493,SLEEPY,栃木県,2515,SLEEPY,栃木県,3600,LIGHTX,栃木県,0,,-
SIRIUS,"水上の提督(Short mix from ""幻想水滸伝V"")",0,,-,684,S.TKNS,栃木県,1675,HERMIT,栃木県,2094,SLEEPY,栃木県,0,,-
SIRIUS,未来のプリズム,0,,-,692,SAYA..,栃木県,1330,XELPHA,栃木県,1780,SLEEPY,栃木県,0,,-
SIRIUS,ワルツ第17番 ト短調”大犬のワルツ”,0,,-,1276,SLEEPY,栃木県,2270,SLEEPY,栃木県,3167,SLEEPY,栃木県,0,,-
SIRIUS,バビロニア,0,,-,817,HOMURA,栃木県,1371,SLEEPY,栃木県,1870,TIHAYA,栃木県,0,,-
SIRIUS,サヨナラ・ヘヴン,378,TOUKA,栃木県,913,SAYA..,栃木県,1363,SLEEPY,栃木県,1683,SLEEPY,栃木県,0,,-
SIRIUS,コスモス,0,,-,906,SAYA..,栃木県,1496,SAYA..,栃木県,2094,SLEEPY,栃木県,0,,-
SIRIUS,たからもの,0,,-,1267,SAYA..,栃木県,1878,GA9BRU,栃木県,2243,SLEEPY,栃木県,3564,HERMIT,栃木県
SIRIUS,かずあそび,0,,-,524,SAYA..,栃木県,1175,FLB,栃木県,1697,INGRAM,栃木県,0,,-
SIRIUS,The Story Begins,0,,-,852,SENJU.,栃木県,1831,SLEEPY,栃木県,2440,SLEEPY,栃木県,0,,-
SIRIUS,THE LAST STRIKER,0,,-,1359,CHOBB,栃木県,1959,SLEEPY,栃木県,2630,SLEEPY,栃木県,0,,-
SIRIUS,Special One,0,,-,852,CHOBB,栃木県,1178,XELPHA,栃木県,1763,SLEEPY,栃木県,0,,-
SIRIUS,Sorrows,0,,-,813,SAYA..,栃木県,1666,XELPHA,栃木県,2482,HERMIT,栃木県,0,,-
SIRIUS,SOLID STATE SQUAD,0,,-,1052,SAYA..,栃木県,2241,HAMITN,栃木県,3579,SLEEPY,栃木県,3644,HERMIT,栃木県
SIRIUS,She is my wife,422,MINATO,栃木県,679,MINATO,栃木県,1502,XELPHA,栃木県,1990,HERMIT,栃木県,0,,-
SIRIUS,Session 1 -Genesis-,0,,-,892,CHOBB,栃木県,1555,XELPHA,栃木県,2463,SLEEPY,栃木県,0,,-
SIRIUS,Roots of my way!,0,,-,856,NAOTO,栃木県,1337,ANABB,栃木県,2046,HERMIT,栃木県,0,,-
SIRIUS,Red. by Full Metal Jacket,0,,-,1021,SENJU.,栃木県,2085,SLEEPY,栃木県,3125,SLEEPY,栃木県,0,,-
SIRIUS,Raison d'etre～交差する宿命～,0,,-,1178,S.TKNS,栃木県,2204,XELPHA,栃木県,2757,SLEEPY,栃木県,0,,-
SIRIUS,quell～the seventh slave～,0,,-,965,SAYA..,栃木県,1827,SLEEPY,栃木県,3212,HERMIT,栃木県,0,,-
SIRIUS,Programmed Sun,0,,-,1068,CHOBB,栃木県,1830,XELPHA,栃木県,2584,SLEEPY,栃木県,0,,-
SIRIUS,NoN-Fiction Story!,0,,-,714,DORAMA,栃木県,1367,XELPHA,栃木県,2217,SLEEPY,栃木県,0,,-
SIRIUS,NEW SENSATION -もう、あなたしか見えない-,0,,-,1246,96GAL.,栃木県,2025,XELPHA,栃木県,2687,SLEEPY,栃木県,0,,-
SIRIUS,mosaic,0,,-,1473,ZABTON,栃木県,2061,SLEEPY,栃木県,3017,HERMIT,栃木県,0,,-
SIRIUS,MIRACLE MEETS,0,,-,928,TASSO*,栃木県,1567,XELPHA,栃木県,2230,HERMIT,栃木県,0,,-
SIRIUS,Light Shine,0,,-,803,CHOBB,栃木県,1123,PDIDDY,栃木県,1969,SLEEPY,栃木県,0,,-
SIRIUS,Last Burning,0,,-,855,CHOBB,栃木県,1622,SLEEPY,栃木県,2372,SLEEPY,栃木県,0,,-
SIRIUS,Keep it-秋葉工房mix-,0,,-,987,TOYBOX,栃木県,1660,H4MITN,栃木県,1873,SLEEPY,栃木県,0,,-
SIRIUS,IN THE NAME OF LOVE,543,SAYA..,栃木県,743,TEREYA,栃木県,1384,XELPHA,栃木県,1940,SLEEPY,栃木県,0,,-
SIRIUS,Hydrogen Blueback,0,,-,1017,FLB,栃木県,1693,DAIKI.,栃木県,2325,SLEEPY,栃木県,2386,SLEEPY,栃木県
SIRIUS,GOLDEN CROSS,0,,-,1043,CHOBB,栃木県,2090,H4MITN,栃木県,3492,SLEEPY,栃木県,0,,-
SIRIUS,GALGALIM,0,,-,1396,CHOBB,栃木県,1953,XELPHA,栃木県,2391,HERMIT,栃木県,0,,-
SIRIUS,G59,0,,-,1766,XELPHA,栃木県,2350,SLEEPY,栃木県,3934,HERMIT,栃木県,0,,-
SIRIUS,EXUSIA,0,,-,1215,96GAL.,栃木県,2770,SLEEPY,栃木県,3885,HERMIT,栃木県,0,,-
SIRIUS,Evans,603,SAYA..,栃木県,1250,SLEEPY,栃木県,2218,HERMIT,栃木県,2842,HERMIT,栃木県,0,,-
SIRIUS,eRAseRmOToRpHAntOM,0,,-,1512,PDIDDY,栃木県,2622,SLEEPY,栃木県,3290,HERMIT,栃木県,0,,-
SIRIUS,Empire State Glory,0,,-,1095,A2KI.2,栃木県,1806,HINA-A,栃木県,2647,HERMIT,栃木県,0,,-
SIRIUS,Elisha,425,TOUKA,栃木県,898,RYO-XI,栃木県,1456,XELPHA,栃木県,2272,SLEEPY,栃木県,0,,-
SIRIUS,DROP,0,,-,859,SAYA..,栃木県,2144,H4MITN,栃木県,2640,SLEEPY,栃木県,0,,-
SIRIUS,DOMINION,0,,-,1243,SAYA..,栃木県,2280,XELPHA,栃木県,3252,HERMIT,栃木県,0,,-
SIRIUS,DESIRE,0,,-,909,S.TKNS,栃木県,1948,SLEEPY,栃木県,2870,SLEEPY,栃木県,0,,-
SIRIUS,Dazzlin' Darlin-秋葉工房mix-,0,,-,783,CHOBB,栃木県,1477,SAYA..,栃木県,2094,DAIMON,栃木県,0,,-
SIRIUS,DAWN -THE NEXT ENDEAVOUR-,0,,-,1619,PDIDDY,栃木県,2675,XELPHA,栃木県,3141,SLEEPY,栃木県,0,,-
SIRIUS,D,0,,-,1413,KIRYU-,栃木県,1915,YASUNA,栃木県,2545,SLEEPY,栃木県,0,,-
SIRIUS,CaptivAte～裁き～(SUBLIME TECHNO MIX),0,,-,1007,CHOBB,栃木県,1621,XELPHA,栃木県,2455,HERMIT,栃木県,0,,-
SIRIUS,bloomin' feeling,395,SAYA..,栃木県,1276,SLEEPY,栃木県,1935,XELPHA,栃木県,2615,HERMIT,栃木県,0,,-
SIRIUS,being torn the sky,0,,-,642,HN.AKN,栃木県,1195,KIRYU-,栃木県,1991,SLEEPY,栃木県,0,,-
SIRIUS,BEAUTIFUL ANGEL,0,,-,633,SENJU.,栃木県,1784,SAYA..,栃木県,2499,HERMIT,栃木県,0,,-
SIRIUS,beatchic☆仮面～好き、でいさせて～,0,,-,982,S.TKNS,栃木県,1619,96GAL,栃木県,2027,HERMIT,栃木県,0,,-
SIRIUS,bass 2 bass,282,TOUKA,栃木県,723,TASSO*,栃木県,1269,SLEEPY,栃木県,1896,FL4V1A,栃木県,0,,-
SIRIUS,Bad Maniacs,0,,-,1270,KONOE,栃木県,1835,SLEEPY,栃木県,3276,HERMIT,栃木県,0,,-
SIRIUS,Almagest,0,,-,1028,SLEEPY,栃木県,2219,SLEEPY,栃木県,3144,SLEEPY,栃木県,0,,-
SIRIUS,AIR RAID FROM THA UNDAGROUND,549,MINATO,栃木県,1151,PDIDDY,栃木県,1806,SENJU.,栃木県,2360,HERMIT,栃木県,3009,HERMIT,栃木県
Resort Anthem,黒髪乱れし修羅となりて,0,,-,811,SAYA..,栃木県,2074,MAIYAN,栃木県,3454,HERMIT,栃木県,0,,-
Resort Anthem,灼熱Beach Side Bunny,586,96GAL.,栃木県,1111,SLEEPY,栃木県,2001,SLEEPY,栃木県,3089,LIGHTX,栃木県,0,,-
Resort Anthem,旅人リラン,0,,-,1130,SAYA..,栃木県,1966,SLEEPY,栃木県,2645,SLEEPY,栃木県,0,,-
Resort Anthem,夕焼け ～Fading Day～,0,,-,968,XELPHA,栃木県,1990,MINATO,栃木県,2824,HERMIT,栃木県,0,,-
Resort Anthem,中華急行,0,,-,328,SAYA..,栃木県,1521,H4MITN,栃木県,2328,HERMIT,栃木県,0,,-
Resort Anthem,かげぬい ～ Ver.BENIBOTAN ～,525,SAYA..,栃木県,883,SAYA..,栃木県,1351,XELPHA,栃木県,1924,HERMIT,栃木県,0,,-
Resort Anthem,おおきなこえで,0,,-,439,NAOTO,栃木県,982,SAYA..,栃木県,1484,DAIKI.,栃木県,2161,HERMIT,栃木県
Resort Anthem,ZETA～素数の世界と超越者～,325,SAYA..,栃木県,593,FLB,栃木県,2152,TIHAYA,栃木県,3102,HERMIT,栃木県,0,,-
Resort Anthem,XANADU OF TWO,0,,-,999,SAYA..,栃木県,1728,MINATO,栃木県,2758,SLEEPY,栃木県,0,,-
Resort Anthem,Wuv U,0,,-,413,EVANSU,栃木県,1309,XELPHA,栃木県,1715,TIHAYA,栃木県,0,,-
Resort Anthem,WISE UP!,345,$EVAN$,栃木県,493,SAYA..,栃木県,1161,SAYA..,栃木県,1593,SLEEPY,栃木県,2621,HERMIT,栃木県
Resort Anthem,Watch Out Pt.2,0,,-,1144,SAYA..,栃木県,1968,DAIMON,栃木県,2809,HERMIT,栃木県,0,,-
Resort Anthem,Vermillion,0,,-,529,CHOBB,栃木県,1157,XELPHA,栃木県,2062,HERMIT,栃木県,0,,-
Resort Anthem,Tropical April,0,,-,1564,CHOBB,栃木県,2291,SLEEPY,栃木県,2761,HERMIT,栃木県,0,,-
Resort Anthem,THE FALLEN,0,,-,921,SAYA..,栃木県,1488,XELPHA,栃木県,2715,HERMIT,栃木県,0,,-
Resort Anthem,THE DOOR INTO RAINBOW,0,,-,801,SAYA..,栃木県,1685,XIAO*,栃木県,2183,HERMIT,栃木県,0,,-
Resort Anthem,THE BLACK KNIGHT,0,,-,931,SAYA..,栃木県,2098,SLEEPY,栃木県,2926,SLEEPY,栃木県,0,,-
Resort Anthem,STELLAR WIND,384,KIRYU-,栃木県,644,SLEEPY,栃木県,1820,XELPHA,栃木県,2702,HERMIT,栃木県,0,,-
Resort Anthem,Stay my side,0,,-,642,TASSO*,栃木県,1069,SAYA..,栃木県,1346,TIHAYA,栃木県,0,,-
Resort Anthem,SPECIAL SUMMER CAMPAIGN!,0,,-,712,SAYA..,栃木県,1622,XELPHA,栃木県,2991,SLEEPY,栃木県,0,,-
Resort Anthem,Space Time,0,,-,625,SAYA..,栃木県,1661,XELPHA,栃木県,2216,SLEEPY,栃木県,0,,-
Resort Anthem,Session 9 -Chronicles-,0,,-,763,44TAKA,栃木県,2348,539LO,栃木県,3647,HERMIT,栃木県,0,,-
Resort Anthem,sakura storm,0,,-,1046,SAYA..,栃木県,1338,SLEEPY,栃木県,2428,HERMIT,栃木県,0,,-
Resort Anthem,Sakura Reflection,0,,-,482,SAYA..,栃木県,1600,GF8300,栃木県,2373,SLEEPY,栃木県,0,,-
Resort Anthem,SABER WING,0,,-,548,SLEEPY,栃木県,1863,TIHAYA,栃木県,2826,HERMIT,栃木県,0,,-
Resort Anthem,Rock Da House,0,,-,879,CHOBB,栃木県,1626,SAYA..,栃木県,2241,SLEEPY,栃木県,0,,-
Resort Anthem,reunion,560,SAYA..,栃木県,1403,XELPHA,栃木県,2446,SLEEPY,栃木県,3237,HERMIT,栃木県,0,,-
Resort Anthem,Programmed Life,0,,-,1096,KIRYU-,栃木県,1823,SLEEPY,栃木県,2385,SLEEPY,栃木県,0,,-
Resort Anthem,perditus†paradisus,0,,-,1269,SAYA..,栃木県,2551,SLEEPY,栃木県,3906,HERMIT,栃木県,0,,-
Resort Anthem,passionate fate,0,,-,1152,SAYA..,栃木県,1621,XELPHA,栃木県,2131,SLEEPY,栃木県,0,,-
Resort Anthem,PARADISE LOST,0,,-,1352,CHOBB,栃木県,2333,SLEEPY,栃木県,3384,HERMIT,栃木県,0,,-
Resort Anthem,New Castle Legions,0,,-,978,REIP2Z,栃木県,1891,XELPHA,栃木県,2757,SLEEPY,栃木県,0,,-
Resort Anthem,Never Fade Away,0,,-,790,1SHI8,栃木県,1725,MINATO,栃木県,3037,SLEEPY,栃木県,0,,-
Resort Anthem,Mermaid girl,582,SAYA..,栃木県,986,TASSO*,栃木県,1700,SLEEPY,栃木県,2224,SLEEPY,栃木県,0,,-
Resort Anthem,Medicine of love,0,,-,652,SAYA..,栃木県,1112,SENJU.,栃木県,1732,TIHAYA,栃木県,0,,-
Resort Anthem,Let The Track Flow,0,,-,1053,CHOBB,栃木県,1793,XELPHA,栃木県,2683,SLEEPY,栃木県,0,,-
Resort Anthem,Kailua,0,,-,525,FLB,栃木県,1400,DAIMON,栃木県,2199,HERMIT,栃木県,0,,-
Resort Anthem,I FIGHT ME,0,,-,627,SAYA..,栃木県,1418,SENJU.,栃木県,2135,SLEEPY,栃木県,0,,-
Resort Anthem,Golden Palms,0,,-,729,CHOBB,栃木県,1484,DAIMON,栃木県,2032,SLEEPY,栃木県,2419,SLEEPY,栃木県
Resort Anthem,Fantasia,244,$EVAN$,栃木県,402,SAYA..,栃木県,1544,SAYA..,栃木県,2244,HERMIT,栃木県,0,,-
Resort Anthem,Everlasting Resort,0,,-,885,SLEEPY,栃木県,1302,HIRO&C,栃木県,1907,HERMIT,栃木県,0,,-
Resort Anthem,Eternal Tears,0,,-,441,TOUKA,栃木県,1097,SAYA..,栃木県,1377,SLEEPY,栃木県,0,,-
Resort Anthem,Energy Drive,0,,-,884,44TAKA,栃木県,1471,XELPHA,栃木県,2223,SLEEPY,栃木県,0,,-
Resort Anthem,ELECTRIC MASSIVE DIVER,0,,-,1285,SAYA..,栃木県,2409,RYO-XI,栃木県,3697,HERMIT,栃木県,0,,-
Resort Anthem,DM STAR～関西 energy style～,0,,-,1100,FLB,栃木県,1904,H4MITN,栃木県,2406,SLEEPY,栃木県,0,,-
Resort Anthem,Destiny Sword,0,,-,890,96GAL.,栃木県,1767,H4MITN,栃木県,2399,SLEEPY,栃木県,0,,-
Resort Anthem,DAYDREAMER,0,,-,1158,SMILE*,栃木県,1750,SAYA..,栃木県,2529,HERMIT,栃木県,0,,-
Resort Anthem,Dances with Snow Fairies,0,,-,1405,PDIDDY,栃木県,2197,MINATO,栃木県,3130,YASUNA,栃木県,4062,YASUNA,栃木県
Resort Anthem,BROKEN EDEN,0,,-,1052,KIRYU-,栃木県,1763,XELPHA,栃木県,2339,SLEEPY,栃木県,0,,-
Resort Anthem,Broken,0,,-,1068,SAYA..,栃木県,2069,SLEEPY,栃木県,3172,HERMIT,栃木県,0,,-
Resort Anthem,Breaking the ground,0,,-,1182,SAYA..,栃木県,1780,FLB,栃木県,2525,TIHAYA,栃木県,0,,-
Resort Anthem,Bounce Bounce Bounce,0,,-,1098,SAYA..,栃木県,1733,SLEEPY,栃木県,2468,FL4V1A,栃木県,0,,-
Resort Anthem,BLUST OF WIND,0,,-,831,FLB,栃木県,1561,LISA..,栃木県,2124,SLEEPY,栃木県,2609,HERMIT,栃木県
Resort Anthem,Believe In Me,0,,-,1050,FLB,栃木県,1850,H4MITN,栃木県,2406,SLEEPY,栃木県,0,,-
Resort Anthem,ANTHEM LANDING,0,,-,972,SAYA..,栃木県,1954,SLEEPY,栃木県,2962,SLEEPY,栃木県,0,,-
Resort Anthem,Answer,0,,-,785,SLEEPY,栃木県,1485,SLEEPY,栃木県,2433,SLEEPY,栃木県,0,,-
Resort Anthem,ALBIDA,533,SENJU.,栃木県,1093,CHOBB,栃木県,1908,XELPHA,栃木県,3038,HERMIT,栃木県,0,,-
Resort Anthem,Aegis,0,,-,891,44TAKA,栃木県,1424,SLEEPY,栃木県,2349,SLEEPY,栃木県,0,,-
Lincle,陽炎,0,,-,632,SAYA..,栃木県,1197,SENJU.,栃木県,2009,SLEEPY,栃木県,0,,-
Lincle,衰色小町メランコリア,0,,-,798,SAYA..,栃木県,1414,SLEEPY,栃木県,2365,SLEEPY,栃木県,0,,-
Lincle,蛇神,424,SAYA..,栃木県,722,FLB,栃木県,1518,96GAL.,栃木県,2827,SLEEPY,栃木県,3723,HERMIT,栃木県
Lincle,聖人の塔,0,,-,891,CHOBB,栃木県,1918,A1C11,栃木県,3041,HERMIT,栃木県,4244,SLEEPY,栃木県
Lincle,突撃!ガラスのニーソ姫!,0,,-,654,SENJU.,栃木県,1174,SAYA..,栃木県,2114,SLEEPY,栃木県,0,,-
Lincle,恋する☆宇宙戦争っ！！,511,SAYA..,栃木県,910,TASSO*,栃木県,1740,SLEEPY,栃木県,3613,HERMIT,栃木県,4636,HERMIT,栃木県
Lincle,子供の落書き帳,0,,-,878,S.O,栃木県,1880,HINA-A,栃木県,2663,HERMIT,栃木県,0,,-
Lincle,天空の夜明け,0,,-,1344,MINATO,栃木県,2141,H4MITN,栃木県,4019,HERMIT,栃木県,0,,-
Lincle,君のハートにロックオン,0,,-,710,SAYA..,栃木県,1742,539LO,栃木県,2670,HERMIT,栃木県,3533,HERMIT,栃木県
Lincle,ユミル,0,,-,662,SAYA..,栃木県,1347,SAYA..,栃木県,2845,SLEEPY,栃木県,0,,-
Lincle,ビューティフルレシート,341,SAYA..,栃木県,516,SAYA..,栃木県,1189,XELPHA,栃木県,1946,HERMIT,栃木県,0,,-
Lincle,Yellow Sunrise,0,,-,758,SAYA..,栃木県,1418,XELPHA,栃木県,2288,SLEEPY,栃木県,0,,-
Lincle,yellow head joe,0,,-,788,SAYA..,栃木県,1524,XELPHA,栃木県,2286,SLEEPY,栃木県,3159,HERMIT,栃木県
Lincle,YAKSHA,0,,-,1246,SENJU.,栃木県,2308,MILA,栃木県,3927,HERMIT,栃木県,0,,-
Lincle,WONDER WALKER,0,,-,983,SAYA..,栃木県,1964,SLEEPY,栃木県,3811,HERMIT,栃木県,0,,-
Lincle,Voxane,0,,-,599,CHOBB,栃木県,1232,SAYA..,栃木県,1758,SLEEPY,栃木県,0,,-
Lincle,Todestrieb,0,,-,1110,SAYA..,栃木県,1929,SLEEPY,栃木県,3447,HERMIT,栃木県,0,,-
Lincle,TITANS RETURN,328,SAYA..,栃木県,635,SAYA..,栃木県,1549,XELPHA,栃木県,2514,SLEEPY,栃木県,2601,SLEEPY,栃木県
Lincle,Thunderbolt,0,,-,1026,TASSO*,栃木県,1870,777,栃木県,3796,HERMIT,栃木県,0,,-
Lincle,The Sampling Paradise,0,,-,868,SAYA..,栃木県,1835,SLEEPY,栃木県,2993,SLEEPY,栃木県,0,,-
Lincle,The Limbo,0,,-,1176,44TAKA,栃木県,2017,NGMSR,栃木県,3367,HERMIT,栃木県,4274,HERMIT,栃木県
Lincle,Star Trail,0,,-,631,CHOBB,栃木県,1167,XELPHA,栃木県,1866,SLEEPY,栃木県,2571,SLEEPY,栃木県
Lincle,Snow Goose,302,SAYA..,栃木県,371,SAYA..,栃木県,1352,DAIKI.,栃木県,2458,HERMIT,栃木県,0,,-
Lincle,Snake Stick,0,,-,1042,HOMURA,栃木県,2041,HERMIT,栃木県,2707,SLEEPY,栃木県,0,,-
Lincle,SHADE,0,,-,1094,SLEEPY,栃木県,2078,SLEEPY,栃木県,2913,SLEEPY,栃木県,0,,-
Lincle,Several Words,0,,-,637,KIRYU-,栃木県,1428,XELPHA,栃木県,2184,TIHAYA,栃木県,0,,-
Lincle,Scharfrichter,0,,-,891,SAYA..,栃木県,1610,XELPHA,栃木県,2921,HERMIT,栃木県,0,,-
Lincle,SA.YO.NA.RA. SUPER STAR,0,,-,469,FLB,栃木県,1238,MINATO,栃木県,1721,HERMIT,栃木県,0,,-
Lincle,Round and Round,0,,-,801,SAYA..,栃木県,1207,POTATO,栃木県,2156,SLEEPY,栃木県,0,,-
Lincle,RESISTANCE,0,,-,625,HN.AKN,栃木県,1331,XELPHA,栃木県,2376,SLEEPY,栃木県,0,,-
Lincle,Release The Music,0,,-,820,S.TKNS,栃木県,1473,SLEEPY,栃木県,2141,SLEEPY,栃木県,0,,-
Lincle,Quick Silver,0,,-,800,SAYA..,栃木県,1817,XELPHA,栃木県,2685,SLEEPY,栃木県,0,,-
Lincle,quaver♪,289,SAYA..,栃木県,699,HN.AKN,栃木県,2143,HERMIT,栃木県,3453,YASUNA,栃木県,0,,-
Lincle,QUANTUM TELEPORTATION,0,,-,1389,PDIDDY,栃木県,2288,MAIYAN,栃木県,2943,SLEEPY,栃木県,3632,SLEEPY,栃木県
Lincle,prompt,0,,-,938,CHOBB,栃木県,1594,XELPHA,栃木県,2820,HERMIT,栃木県,0,,-
Lincle,Phoenix,0,,-,895,SAYA..,栃木県,1201,XELPHA,栃木県,2472,SLEEPY,栃木県,3964,YASUNA,栃木県
Lincle,NNRT,0,,-,1235,96GAL.,栃木県,2528,SLEEPY,栃木県,3534,HERMIT,栃木県,0,,-
Lincle,Miami Sunset Drive,0,,-,621,S.TKNS,栃木県,1070,XELPHA,栃木県,1671,SLEEPY,栃木県,0,,-
Lincle,Mermaid girl-秋葉工房 MIX-,0,,-,819,HK417,栃木県,1323,XELPHA,栃木県,2059,SLEEPY,栃木県,0,,-
Lincle,Lucky Days,0,,-,659,SAYA..,栃木県,1537,SLEEPY,栃木県,2210,SLEEPY,栃木県,0,,-
Lincle,LOVE B.B.B,0,,-,764,FLB,栃木県,1509,DAIKI.,栃木県,2032,SLEEPY,栃木県,0,,-
Lincle,Liquid Crystal Girl feat. echo,0,,-,408,44TAKA,栃木県,1101,XELPHA,栃木県,2016,SLEEPY,栃木県,0,,-
Lincle,LETHEBOLG ～双神威に斬り咲けり～,0,,-,1022,SAYA..,栃木県,1623,YUKKO!,栃木県,2219,HERMIT,栃木県,0,,-
Lincle,LAX5 feat.Ryota Yoshinari,0,,-,1058,SAYA..,栃木県,2101,XELPHA,栃木県,2842,HERMIT,栃木県,0,,-
Lincle,Infinite cave,0,,-,1036,FLB,栃木県,1504,SAYA..,栃木県,2073,SLEEPY,栃木県,0,,-
Lincle,In the Blackest Den,0,,-,862,CHOBB,栃木県,1565,HERMIT,栃木県,2618,SLEEPY,栃木県,0,,-
Lincle,I'm so Happy,317,SAYA..,栃木県,421,SAYA..,栃木県,1388,OKOVIC,栃木県,2354,SLEEPY,栃木県,0,,-
Lincle,HAERETICUS,0,,-,839,CHOBB,栃木県,1861,RYO-XI,栃木県,3102,HERMIT,栃木県,0,,-
Lincle,Follow Tomorrow,0,,-,902,SENJU.,栃木県,1493,XELPHA,栃木県,2263,TIHAYA,栃木県,0,,-
Lincle,Flip Flap,280,TOUKA,栃木県,584,SAYA..,栃木県,1394,SLEEPY,栃木県,2248,DAIMON,栃木県,0,,-
Lincle,fffff,0,,-,843,SAYA..,栃木県,1975,XELPHA,栃木県,3158,HERMIT,栃木県,0,,-
Lincle,Far east nightbird,355,TOUKA,栃木県,527,SAYA..,栃木県,1320,96GAL.,栃木県,2038,SLEEPY,栃木県,0,,-
Lincle,F,0,,-,1047,SAYA..,栃木県,2124,H4MITN,栃木県,3588,SLEEPY,栃木県,0,,-
Lincle,Express Emotion,0,,-,763,SENJU.,栃木県,1039,HIRO&C,栃木県,2523,SLEEPY,栃木県,0,,-
Lincle,Drive Me Crazy,0,,-,720,SAYA..,栃木県,1401,SAYA..,栃木県,2304,TIHAYA,栃木県,0,,-
Lincle,DIAVOLO,0,,-,1274,HOMURA,栃木県,1869,SLEEPY,栃木県,3261,HERMIT,栃木県,0,,-
Lincle,Change the World,0,,-,802,SMILE*,栃木県,1397,SENJU.,栃木県,1847,SLEEPY,栃木県,0,,-
Lincle,Castle on the Moon,242,SAYA..,栃木県,642,44TAKA,栃木県,1608,XELPHA,栃木県,2434,HERMIT,栃木県,0,,-
Lincle,CALL,0,,-,369,SENJU.,栃木県,853,XELPHA,栃木県,1460,TIHAYA,栃木県,2689,HERMIT,栃木県
Lincle,BLACK.by X-Cross Fade,0,,-,1024,HERMIT,栃木県,2182,SLEEPY,栃木県,3369,TSKASA,栃木県,0,,-
Lincle,ANAGRAMS I to Y,0,,-,910,SAYA..,栃木県,1643,XELPHA,栃木県,2481,SLEEPY,栃木県,0,,-
Lincle,Almace,0,,-,852,44TAKA,栃木県,1311,XELPHA,栃木県,2017,HERMIT,栃木県,0,,-
Lincle,532nm,0,,-,571,SAYA..,栃木県,1239,PDIDDY,栃木県,2682,HERMIT,栃木県,0,,-
Lincle,24th Century BOY,0,,-,840,CHOBB,栃木県,1902,XELPHA,栃木県,2871,SLEEPY,栃木県,0,,-
tricoro,龍と少女とデコヒーレンス,0,,-,830,CHOBB,栃木県,1695,SLEEPY,栃木県,3011,SLEEPY,栃木県,3383,HERMIT,栃木県
tricoro,音楽,0,,-,861,TASSO*,栃木県,2014,SLEEPY,栃木県,2791,SLEEPY,栃木県,0,,-
tricoro,狂イ咲ケ焔ノ華,0,,-,1213,44TAKA,栃木県,2435,XELPHA,栃木県,3676,HERMIT,栃木県,0,,-
tricoro,梅雪夜,0,,-,870,CHOBB,栃木県,1504,SLEEPY,栃木県,2153,HERMIT,栃木県,0,,-
tricoro,朧,208,TOUKA,栃木県,786,SAYA..,栃木県,1489,SAYA..,栃木県,2115,SLEEPY,栃木県,2548,SLEEPY,栃木県
tricoro,即席！脳直★ミュージックシステム,0,,-,1045,SAYA..,栃木県,1992,T****A,栃木県,3609,HERMIT,栃木県,0,,-
tricoro,創世ノート,0,,-,818,CHOBB,栃木県,1887,XELPHA,栃木県,3000,SLEEPY,栃木県,0,,-
tricoro,仮想空間の旅人たち,0,,-,1152,FLB,栃木県,2219,SLEEPY,栃木県,2886,SLEEPY,栃木県,3857,SLEEPY,栃木県
tricoro,下弦の月,0,,-,933,96GAL.,栃木県,1444,XELPHA,栃木県,1996,SLEEPY,栃木県,0,,-
tricoro,ラキラキ,0,,-,652,96GAL.,栃木県,1440,SAYA..,栃木県,1994,SLEEPY,栃木県,0,,-
tricoro,メイメツ、フラグメンツ,0,,-,643,44RIVE,栃木県,1306,DAIKI.,栃木県,1962,HERMIT,栃木県,0,,-
tricoro,トリカゴノ鳳凰,0,,-,1148,SAYA..,栃木県,2034,XELPHA,栃木県,3815,HERMIT,栃木県,0,,-
tricoro,シュレーディンガーの猫,0,,-,1136,FLB,栃木県,2317,HDOKEN,栃木県,3408,HERMIT,栃木県,0,,-
tricoro,キャトられ恋はモ～モク,0,,-,1465,SENJU.,栃木県,2592,HAMITN,栃木県,3884,HERMIT,栃木県,0,,-
tricoro,カジノファイヤーことみちゃん,0,,-,650,SAYA..,栃木県,1422,MINATO,栃木県,2448,SLEEPY,栃木県,3293,HERMIT,栃木県
tricoro,アストライアの双皿,0,,-,682,SAYA..,栃木県,2057,A1C11,栃木県,3136,HERMIT,栃木県,0,,-
tricoro,たまゆら,0,,-,1178,FLB,栃木県,1802,XELPHA,栃木県,2787,HERMIT,栃木県,0,,-
tricoro,お米の美味しい炊き方、そしてお米を食べることによるその効果。,0,,-,861,CHOBB,栃木県,1541,XELPHA,栃木県,2210,HERMIT,栃木県,3731,HERMIT,栃木県
tricoro,†渚の小悪魔ラヴリィ～レイディオ†(IIDX EDIT),245,SAYA..,栃木県,553,SENJU.,栃木県,1643,XELPHA,栃木県,3610,HERMIT,栃木県,0,,-
tricoro,ΕΛΠΙΣ,0,,-,1144,FLB,栃木県,2073,539LO,栃木県,3156,HERMIT,栃木県,3613,HERMIT,栃木県
tricoro,Zirkfied,0,,-,1000,CHOBB,栃木県,2046,SLEEPY,栃木県,3819,HERMIT,栃木県,0,,-
tricoro,ZED,0,,-,940,SAYA..,栃木県,1700,SAYA..,栃木県,2778,HERMIT,栃木県,0,,-
tricoro,VEGA,0,,-,1143,XELPHA,栃木県,2065,SLEEPY,栃木県,3134,HERMIT,栃木県,0,,-
tricoro,VALLIS-NERIA,270,SAYA..,栃木県,1175,CHOBB,栃木県,2044,WISH,栃木県,2949,HERMIT,栃木県,0,,-
tricoro,Valanga,0,,-,1327,FLB,栃木県,2132,XELPHA,栃木県,3251,SLEEPY,栃木県,0,,-
tricoro,True Blue,0,,-,1065,CHOBB,栃木県,2530,H4MITN,栃木県,3775,HERMIT,栃木県,0,,-
tricoro,To my star,0,,-,588,CHAR.,栃木県,1267,SLEEPY,栃木県,1745,SLEEPY,栃木県,0,,-
tricoro,Timepiece phase II (CN Ver.),0,,-,977,44TAKA,栃木県,1856,A1C11,栃木県,2979,HERMIT,栃木県,0,,-
tricoro,Timepiece phase II,0,,-,1079,SLEEPY,栃木県,2220,SLEEPY,栃木県,3265,HERMIT,栃木県,0,,-
tricoro,Time To Empress,0,,-,914,44TAKA,栃木県,1955,SLEEPY,栃木県,2613,SLEEPY,栃木県,0,,-
tricoro,Thor's Hammer,0,,-,972,XELPHA,栃木県,1844,SLEEPY,栃木県,3031,LIGHTX,栃木県,0,,-
tricoro,Take My Life,0,,-,964,SAYA..,栃木県,1597,MINATO,栃木県,2938,HERMIT,栃木県,0,,-
tricoro,Synergy For Angels,0,,-,905,CHOBB,栃木県,1673,XELPHA,栃木県,2777,HERMIT,栃木県,0,,-
tricoro,SYNC-ANTHEM,0,,-,939,FLB,栃木県,2485,SLEEPY,栃木県,3690,SLEEPY,栃木県,0,,-
tricoro,STULTI,0,,-,769,CHOBB,栃木県,1597,DE.,栃木県,2787,HERMIT,栃木県,0,,-
tricoro,Sol Cosine Job 2,0,,-,1051,SAYA..,栃木県,1716,777,栃木県,3188,HERMIT,栃木県,0,,-
tricoro,SHION,0,,-,675,SAYA..,栃木県,1310,SENJU.,栃木県,2712,HERMIT,栃木県,0,,-
tricoro,Shining World,0,,-,1252,SAYA..,栃木県,1598,SLEEPY,栃木県,1950,SLEEPY,栃木県,0,,-
tricoro,Saturn,0,,-,1370,SLEEPY,栃木県,1970,MILA,栃木県,2622,SLEEPY,栃木県,3467,YASUNA,栃木県
tricoro,S!ck,0,,-,914,SAYA..,栃木県,1546,XELPHA,栃木県,2704,SLEEPY,栃木県,0,,-
tricoro,rumrum triplets,0,,-,975,SAYA..,栃木県,1964,M,栃木県,3042,HERMIT,栃木県,0,,-
tricoro,Re:GENERATION,244,AL1$A.,栃木県,923,CHOBB,栃木県,1562,XELPHA,栃木県,2264,HERMIT,栃木県,0,,-
tricoro,Rainbow after snow,0,,-,718,CHOBB,栃木県,1466,XELPHA,栃木県,2176,HERMIT,栃木県,0,,-
tricoro,Proof of the existence,0,,-,1181,SAYA..,栃木県,2158,SLEEPY,栃木県,3246,HERMIT,栃木県,0,,-
tricoro,Praludium,0,,-,699,SAYA..,栃木県,1446,DAIKI.,栃木県,2294,HERMIT,栃木県,0,,-
tricoro,POINT ZERO,0,,-,719,CHOBB,栃木県,1262,HOMURA,栃木県,2104,SLEEPY,栃木県,0,,-
tricoro,planarian,0,,-,717,SENJU.,栃木県,1656,XELPHA,栃木県,2551,SLEEPY,栃木県,0,,-
tricoro,Plan 8,0,,-,1187,SLEEPY,栃木県,2216,SLEEPY,栃木県,3170,LIGHTX,栃木県,0,,-
tricoro,New Lights,0,,-,1045,XELPHA,栃木県,1820,XELPHA,栃木県,2480,SLEEPY,栃木県,0,,-
tricoro,New Decade IIDX Edition,269,PAERIA,栃木県,978,ZABTON,栃木県,1979,FL4V1A,栃木県,2999,SLEEPY,栃木県,0,,-
tricoro,neu,197,SAYA..,栃木県,1006,YASUNA,栃木県,2150,XELPHA,栃木県,3947,HERMIT,栃木県,0,,-
tricoro,Neonlights,0,,-,661,SENJU.,栃木県,1576,XELPHA,栃木県,2230,SLEEPY,栃木県,0,,-
tricoro,mnemoniq,0,,-,535,SAYA..,栃木県,944,SAYA..,栃木県,1311,HERMIT,栃木県,0,,-
tricoro,LUV CAN SAVE U,0,,-,589,SAYA..,栃木県,1410,XELPHA,栃木県,2133,SLEEPY,栃木県,2801,SLEEPY,栃木県
tricoro,Little Star,0,,-,972,SAYA..,栃木県,1757,XELPHA,栃木県,3216,HERMIT,栃木県,0,,-
tricoro,Light and Cyber…,0,,-,1031,S.TKNS,栃木県,2018,H4MITN,栃木県,3127,HERMIT,栃木県,0,,-
tricoro,Liberation,0,,-,1484,FLB,栃木県,2355,H4MITN,栃木県,3707,HERMIT,栃木県,0,,-
tricoro,JOMANDA,263,ENOCH,栃木県,1142,SLEEPY,栃木県,2406,SLEEPY,栃木県,3706,SLEEPY,栃木県,0,,-
tricoro,In Heaven,0,,-,768,SAYA..,栃木県,1460,XELPHA,栃木県,2132,SLEEPY,栃木県,0,,-
tricoro,Illegal Function Call,0,,-,995,SAYA..,栃木県,1812,HERMIT,栃木県,2664,HERMIT,栃木県,3720,HERMIT,栃木県
tricoro,ILIAS,0,,-,803,SAYA..,栃木県,1318,SAYA..,栃木県,2196,SLEEPY,栃木県,0,,-
tricoro,I know You know,0,,-,606,SAYA..,栃木県,1181,SAYA..,栃木県,1887,SLEEPY,栃木県,0,,-
tricoro,Howling,0,,-,556,SENJU.,栃木県,1355,XELPHA,栃木県,2115,SLEEPY,栃木県,2669,SLEEPY,栃木県
tricoro,Hollywood Galaxy,0,,-,1107,XELPHA,栃木県,1982,MILA,栃木県,2757,HERMIT,栃木県,0,,-
tricoro,GRADIUS 2012,0,,-,887,TAKATH,栃木県,1673,FLB,栃木県,2724,HERMIT,栃木県,0,,-
tricoro,GAIA,0,,-,1035,SAYA..,栃木県,2207,H4MITN,栃木県,3315,HERMIT,栃木県,0,,-
tricoro,Fly you to the star,0,,-,781,SAYA..,栃木県,1614,KOZI04,栃木県,2274,SLEEPY,栃木県,0,,-
tricoro,FLOWER,362,SAYA..,栃木県,1128,SAYA..,栃木県,1779,XELPHA,栃木県,2901,SLEEPY,栃木県,0,,-
tricoro,examination leave,0,,-,1158,SENJU.,栃木県,1903,H4MITN,栃木県,3416,HERMIT,栃木県,0,,-
tricoro,Elemental Creation,265,SLEEPY,栃木県,1501,FLB,栃木県,2403,SLEEPY,栃木県,4173,HERMIT,栃木県,0,,-
tricoro,Devilz Staircase,0,,-,647,HN.AKN,栃木県,2198,SLEEPY,栃木県,3316,HERMIT,栃木県,0,,-
tricoro,DAY DREAM,0,,-,578,44TAKA,栃木県,1310,SLEEPY,栃木県,2039,HERMIT,栃木県,0,,-
tricoro,Cookie Bouquets,0,,-,879,SENJU.,栃木県,2115,XELPHA,栃木県,3418,HERMIT,栃木県,0,,-
tricoro,connective,0,,-,404,SAYA..,栃木県,1102,XELPHA,栃木県,1601,SLEEPY,栃木県,0,,-
tricoro,Confiserie,0,,-,956,DORAMA,栃木県,2041,GF8300,栃木県,3593,HERMIT,栃木県,0,,-
tricoro,CONCEPTUAL,0,,-,812,CHOBB,栃木県,1332,XELPHA,栃木県,2744,HERMIT,栃木県,0,,-
tricoro,BRAVE GLOW,0,,-,834,SAYA..,栃木県,1670,XELPHA,栃木県,2504,SLEEPY,栃木県,0,,-
tricoro,BLUE STRAGGLER,0,,-,871,SAYA..,栃木県,1433,XELPHA,栃木県,2613,SLEEPY,栃木県,0,,-
tricoro,Beastie Starter,0,,-,530,NAOTO,栃木県,1304,SLEEPY,栃木県,2160,SLEEPY,栃木県,0,,-
tricoro,Ascalon,0,,-,1111,SMILE*,栃木県,1769,XELPHA,栃木県,2313,SLEEPY,栃木県,0,,-
tricoro,8bit Princess,0,,-,649,SAYA..,栃木県,1375,XELPHA,栃木県,2629,SLEEPY,栃木県,0,,-
tricoro,405nm (Ryu☆mix),0,,-,899,44TAKA,栃木県,1724,H4MITN,栃木県,2590,HERMIT,栃木県,0,,-
SPADA,轟け！恋のビーンボール！！,0,,-,1054,SAYA..,栃木県,1931,CHAAAR,栃木県,3567,HERMIT,栃木県,0,,-
SPADA,超!!遠距離らぶメ～ル,0,,-,583,SENJU.,栃木県,1520,XELPHA,栃木県,2667,SLEEPY,栃木県,0,,-
SPADA,罪と罰,0,,-,1089,SAYA..,栃木県,1382,KOZI04,栃木県,2174,HERMIT,栃木県,0,,-
SPADA,疾風迅雷,0,,-,1156,SAYA..,栃木県,1998,REGDNT,栃木県,2918,HERMIT,栃木県,3422,LIGHTX,栃木県
SPADA,牧神笛吹きて,0,,-,753,SENJU.,栃木県,1375,XELPHA,栃木県,2070,HERMIT,栃木県,0,,-
SPADA,煉獄のエルフェリア,0,,-,1362,HOMURA,栃木県,2304,HINA-A,栃木県,3924,HERMIT,栃木県,0,,-
SPADA,海神,0,,-,1141,SAYA..,栃木県,2132,SLEEPY,栃木県,3175,HERMIT,栃木県,3585,HERMIT,栃木県
SPADA,旋律のドグマ～Miserables～,0,,-,1229,CHOBB,栃木県,2428,XELPHA,栃木県,3970,HERMIT,栃木県,0,,-
SPADA,廿,0,,-,931,SMILE*,栃木県,1710,XELPHA,栃木県,2361,TIHAYA,栃木県,3292,SLEEPY,栃木県
SPADA,幻想系世界修復少女,214,SAYA..,栃木県,635,SAYA..,栃木県,1163,SAYA..,栃木県,1996,TIHAYA,栃木県,0,,-
SPADA,バンブーソード・ガール,270,SAYA..,栃木県,988,CHOBB,栃木県,1778,SLEEPY,栃木県,2469,SLEEPY,栃木県,0,,-
SPADA,デッドボヲルdeホームラン,0,,-,634,SENJU.,栃木県,1656,SLEEPY,栃木県,2760,HERMIT,栃木県,0,,-
SPADA,アルストロメリア,216,SAYA..,栃木県,953,HN.AKN,栃木県,1540,POTATO,栃木県,2494,SLEEPY,栃木県,0,,-
SPADA,お願いアインシュタイン,0,,-,892,S.TKNS,栃木県,1473,FLB,栃木県,2128,SLEEPY,栃木県,0,,-
SPADA,Wonder Girl feat. Kanae Asaba,0,,-,727,SAYA..,栃木県,1278,SLEEPY,栃木県,2808,SLEEPY,栃木県,0,,-
SPADA,VOX UP,0,,-,1487,FUBUK1,栃木県,2818,SLEEPY,栃木県,3645,HERMIT,栃木県,0,,-
SPADA,Verflucht,0,,-,1263,SAYA..,栃木県,2120,SLEEPY,栃木県,3572,HERMIT,栃木県,4711,LIGHTX,栃木県
SPADA,Valgus,0,,-,650,HIRO&C,栃木県,1344,XELPHA,栃木県,2383,SLEEPY,栃木県,0,,-
SPADA,Unicorn tail,0,,-,844,S.TKNS,栃木県,2059,SLEEPY,栃木県,3138,SLEEPY,栃木県,0,,-
SPADA,THE DETONATOR,0,,-,1582,FLB,栃木県,2503,DAIMON,栃木県,3229,HERMIT,栃木県,0,,-
SPADA,Squeeze,0,,-,850,SAYA..,栃木県,1438,XELPHA,栃木県,2488,SLEEPY,栃木県,0,,-
SPADA,Sigmund,0,,-,1517,SENJU.,栃木県,2316,SLEEPY,栃木県,3843,SLEEPY,栃木県,4282,HERMIT,栃木県
SPADA,SCHWARZSCHILD FIELD,0,,-,925,FLB,栃木県,1604,XELPHA,栃木県,2387,HERMIT,栃木県,0,,-
SPADA,RIZING YOU UP,0,,-,1072,SAYA..,栃木県,2128,XELPHA,栃木県,2574,SLEEPY,栃木県,0,,-
SPADA,RISE,0,,-,939,CHOBB,栃木県,1326,XELPHA,栃木県,1890,HERMIT,栃木県,0,,-
SPADA,refractive index,0,,-,733,CHOBB,栃木県,1427,SAYA..,栃木県,2699,SLEEPY,栃木県,0,,-
SPADA,Recollection,0,,-,1185,SAYA..,栃木県,1744,SAYA..,栃木県,2230,HERMIT,栃木県,0,,-
SPADA,rainbow guitar weeps,0,,-,959,CHOBB,栃木県,1801,XELPHA,栃木県,2780,SLEEPY,栃木県,0,,-
SPADA,ra'am,0,,-,1164,TASSO*,栃木県,1878,SLEEPY,栃木県,2777,SLEEPY,栃木県,0,,-
SPADA,PUNISHER,0,,-,1140,CHOBB,栃木県,2054,RYO-XI,栃木県,3592,HERMIT,栃木県,0,,-
SPADA,Pharaoh,0,,-,645,KIRYU-,栃木県,1389,POTATO,栃木県,2464,HERMIT,栃木県,0,,-
SPADA,Overload Frontier,0,,-,768,CHOBB,栃木県,1810,XELPHA,栃木県,2606,SLEEPY,栃木県,0,,-
SPADA,Odin,0,,-,787,KIRYU-,栃木県,1369,XELPHA,栃木県,2066,TIHAYA,栃木県,0,,-
SPADA,NPC World,0,,-,1025,HOMURA,栃木県,1568,MINATO,栃木県,2286,SLEEPY,栃木県,0,,-
SPADA,Miracle 5ympho X,0,,-,770,96GAL.,栃木県,1327,SLEEPY,栃木県,2627,HERMIT,栃木県,2842,SLEEPY,栃木県
SPADA,MAGIC & LOVE,0,,-,1019,96GAL.,栃木県,1837,XELPHA,栃木県,2932,HERMIT,栃木県,0,,-
SPADA,MAD ATTACK,0,,-,685,FLB,栃木県,1294,XELPHA,栃木県,1955,SLEEPY,栃木県,2593,FL4V1A,栃木県
SPADA,m1dy Deluxe,0,,-,1174,SAYA..,栃木県,1856,HERMIT,栃木県,2567,SLEEPY,栃木県,0,,-
SPADA,M.D.Injection,0,,-,596,SAYA..,栃木県,1243,SLEEPY,栃木県,2442,HERMIT,栃木県,0,,-
SPADA,Lighting Shower,0,,-,809,CHOBB,栃木県,1329,XELPHA,栃木県,2419,SLEEPY,栃木県,0,,-
SPADA,Last Dance,0,,-,1197,MINATO,栃木県,2000,H4MITN,栃木県,3237,SLEEPY,栃木県,0,,-
SPADA,KHAMEN BREAK,0,,-,593,SENJU.,栃木県,1385,CHOBB,栃木県,2518,HERMIT,栃木県,0,,-
SPADA,KAISER PHOENIX,0,,-,1352,HERMIT,栃木県,2303,T****A,栃木県,3306,HERMIT,栃木県,3952,HERMIT,栃木県
SPADA,IX,0,,-,1291,FLB,栃木県,2461,SLEEPY,栃木県,3912,HERMIT,栃木県,0,,-
SPADA,invoker,0,,-,1097,CHOBB,栃木県,1971,XELPHA,栃木県,3204,HERMIT,栃木県,3569,HERMIT,栃木県
SPADA,into the battlefield,0,,-,737,SAYA..,栃木県,1442,96GAL.,栃木県,2377,HERMIT,栃木県,0,,-
SPADA,INSOMNIA,0,,-,805,SAYA..,栃木県,1820,HOMURA,栃木県,3200,HERMIT,栃木県,0,,-
SPADA,Insane Techniques,0,,-,746,96GAL.,栃木県,1291,A1C11,栃木県,2469,HERMIT,栃木県,0,,-
SPADA,Idola ,0,,-,1201,CHOBB,栃木県,2274,HAMITN,栃木県,3602,HERMIT,栃木県,0,,-
SPADA,I will be back -オレは帰ってきた-,0,,-,1019,SENJU.,栃木県,1950,XELPHA,栃木県,2950,SLEEPY,栃木県,0,,-
SPADA,Hypersonik,0,,-,1020,DORAMA,栃木県,1741,GA9BRU,栃木県,2520,SLEEPY,栃木県,0,,-
SPADA,HYENA,0,,-,1185,FLB,栃木県,2017,SLEEPY,栃木県,2830,HERMIT,栃木県,3689,SLEEPY,栃木県
SPADA,Funny shuffle,0,,-,608,44TAKA,栃木県,1149,SLEEPY,栃木県,2328,SLEEPY,栃木県,0,,-
SPADA,Feel The Beat,0,,-,1332,HOMURA,栃木県,2139,XELPHA,栃木県,3592,HERMIT,栃木県,4372,HERMIT,栃木県
SPADA,EXTREME MACH COLLIDER,0,,-,1027,SAYA..,栃木県,1457,HOMURA,栃木県,2576,SLEEPY,栃木県,0,,-
SPADA,Engraved Mark,0,,-,818,SAYA..,栃木県,1336,XELPHA,栃木県,2409,SLEEPY,栃木県,0,,-
SPADA,Element of SPADA,0,,-,710,SENJU.,栃木県,1354,SAYA..,栃木県,2090,HERMIT,栃木県,3104,HERMIT,栃木県
SPADA,Elektrick U-Phoria,0,,-,1171,SAYA..,栃木県,1953,SAYA..,栃木県,3122,HERMIT,栃木県,4027,HERMIT,栃木県
SPADA,diagram,0,,-,621,CHOBB,栃木県,1275,MINATO,栃木県,2879,SLEEPY,栃木県,0,,-
SPADA,Devilz Sacrifice -贖罪の羊-,0,,-,956,SAYA..,栃木県,1737,XELPHA,栃木県,2500,HERMIT,栃木県,0,,-
SPADA,DARK LEGACY,0,,-,1275,CHOBB,栃木県,2039,XELPHA,栃木県,3614,HERMIT,栃木県,0,,-
SPADA,Dark Fall,0,,-,871,CHOBB,栃木県,1598,FUBUK1,栃木県,2778,HERMIT,栃木県,0,,-
SPADA,Critical Crystal,224,SAYA..,栃木県,1088,KIRYU-,栃木県,1856,SLEEPY,栃木県,2918,HERMIT,栃木県,0,,-
SPADA,Close the World feat.a☆ru,0,,-,1118,SMILE*,栃木県,2093,SMILE*,栃木県,3445,HERMIT,栃木県,3895,HERMIT,栃木県
SPADA,Cleopatrysm,0,,-,823,SAYA..,栃木県,1441,KONOE,栃木県,2613,HERMIT,栃木県,0,,-
SPADA,Claiomh Solais,0,,-,346,SENJU.,栃木県,1425,SAYA..,栃木県,2096,TIHAYA,栃木県,0,,-
SPADA,BRAVE OUT,0,,-,1022,ANSA-A,栃木県,1513,SAYA..,栃木県,2163,SLEEPY,栃木県,2800,HERMIT,栃木県
SPADA,BRAINSTORM,0,,-,754,KIRYU-,栃木県,1983,DAIKI.,栃木県,2805,SLEEPY,栃木県,0,,-
SPADA,BLUE DRAGON(雷龍RemixIIDX),0,,-,1456,PDIDDY,栃木県,2207,SLEEPY,栃木県,3356,HERMIT,栃木県,0,,-
SPADA,ATHER,0,,-,989,CHOBB,栃木県,1616,XELPHA,栃木県,2838,HERMIT,栃木県,3216,HERMIT,栃木県
SPADA,Ancient Scapes,0,,-,1136,CHOBB,栃木県,2020,SLEEPY,栃木県,3503,HERMIT,栃木県,4288,HERMIT,栃木県
SPADA,ALBA -黎明-,0,,-,640,CHOBB,栃木県,1543,H4MITN,栃木県,3243,HERMIT,栃木県,3915,HERMIT,栃木県
SPADA,Adularia,200,S.O,栃木県,1058,FLB,栃木県,1878,SLEEPY,栃木県,2855,HERMIT,栃木県,0,,-
PENDUAL,Ｘ↑Ｘ↓,0,,-,937,SAYA..,栃木県,1721,MAIYAN,栃木県,2945,HERMIT,栃木県,0,,-
PENDUAL,鬼天,0,,-,1019,FLB,栃木県,1713,SLEEPY,栃木県,2504,HERMIT,栃木県,0,,-
PENDUAL,超青少年ノ為ノ超多幸ナ超古典的超舞曲,0,,-,1028,TASSO*,栃木県,2032,SLEEPY,栃木県,2688,SLEEPY,栃木県,4099,YASUNA,栃木県
PENDUAL,表裏一体！？怪盗いいんちょの悩み,0,,-,1105,CHOBB,栃木県,2121,XELPHA,栃木県,3585,HERMIT,栃木県,4449,HERMIT,栃木県
PENDUAL,紅牡丹,492,KIRYU-,栃木県,1042,CHOBB,栃木県,1818,SLEEPY,栃木県,2877,HERMIT,栃木県,0,,-
PENDUAL,白露の風,0,,-,464,CHOBB,栃木県,1235,SAYA..,栃木県,2035,HERMIT,栃木県,0,,-
PENDUAL,時空トラベローグ,0,,-,1092,CHOBB,栃木県,1880,GA9BRU,栃木県,2683,SLEEPY,栃木県,0,,-
PENDUAL,打打打打打打打打打打,200,AL1$A.,栃木県,825,FLB,栃木県,1380,SLEEPY,栃木県,2650,SLEEPY,栃木県,0,,-
PENDUAL,恋は白帯、サンシロー,0,,-,739,SENJU.,栃木県,1290,POTATO,栃木県,2030,TIHAYA,栃木県,2776,TIHAYA,栃木県
PENDUAL,少年は空を辿る,0,,-,1230,CHOBB,栃木県,2006,XELPHA,栃木県,3360,HERMIT,栃木県,0,,-
PENDUAL,妖隠し -あやかしかくし-,0,,-,966,SAYA..,栃木県,1584,CLL,栃木県,2199,HERMIT,栃木県,0,,-
PENDUAL,夏色DIARY - L.E.D.-G STYLE MIX -,0,,-,977,SENJU.,栃木県,1908,BMO,栃木県,3132,HERMIT,栃木県,0,,-
PENDUAL,取り残された美術(Arranged:HiZuMi),252,SIA,栃木県,975,TASSO*,栃木県,1697,XELPHA,栃木県,2215,SLEEPY,栃木県,0,,-
PENDUAL,千年ノ理,0,,-,1202,SLEEPY,栃木県,1946,CLL,栃木県,3192,SLEEPY,栃木県,4294,HERMIT,栃木県
PENDUAL,十六夜セツナ,0,,-,1020,SAYA..,栃木県,1631,SLEEPY,栃木県,2249,SLEEPY,栃木県,0,,-
PENDUAL,共鳴遊戯の華,0,,-,1288,PDIDDY,栃木県,2433,SLEEPY,栃木県,3903,HERMIT,栃木県,0,,-
PENDUAL,リリーゼと炎龍レーヴァテイン,0,,-,983,R*,栃木県,2282,XELPHA,栃木県,3495,HERMIT,栃木県,0,,-
PENDUAL,ベィスドロップ・フリークス,0,,-,643,SAYA..,栃木県,1295,SAYA..,栃木県,2255,SLEEPY,栃木県,2431,SLEEPY,栃木県
PENDUAL,パ→ピ→プ→Yeah!,378,SAYA..,栃木県,1003,SMILE*,栃木県,1600,HINA-A,栃木県,2555,SLEEPY,栃木県,0,,-
PENDUAL,ドッキン☆サマーあばんちゅーる,0,,-,1039,96GAL.,栃木県,1749,XELPHA,栃木県,2855,SLEEPY,栃木県,0,,-
PENDUAL,もっと！モット！ときめき feat. 松下,0,,-,1380,SAYA..,栃木県,2033,FLUB,栃木県,2757,HERMIT,栃木県,0,,-
PENDUAL,ぷろぐれっしぶ時空少女！うらしまたろ子ちゃん！,0,,-,894,SENJU.,栃木県,1481,XELPHA,栃木県,2543,HERMIT,栃木県,0,,-
PENDUAL,とろぴかる倶楽部,0,,-,831,FLB,栃木県,1476,SLEEPY,栃木県,2286,HERMIT,栃木県,0,,-
PENDUAL,それは花火のような恋,695,SAYA..,栃木県,1267,CHOBB,栃木県,2468,L393,栃木県,3914,HERMIT,栃木県,0,,-
PENDUAL,ZZ,204,TOUKA,栃木県,1313,FLB,栃木県,2068,SLEEPY,栃木県,3054,SLEEPY,栃木県,0,,-
PENDUAL,We're so Happy (P*Light Remix) IIDX ver.,0,,-,1179,SAYA..,栃木県,2266,XELPHA,栃木県,3714,HERMIT,栃木県,0,,-
PENDUAL,Vulkan,0,,-,1011,S.TKNS,栃木県,1968,MINATO,栃木県,3010,HERMIT,栃木県,0,,-
PENDUAL,TOXIC VIBRATION,0,,-,1592,PDIDDY,栃木県,2373,XELPHA,栃木県,3810,HERMIT,栃木県,0,,-
PENDUAL,TIEFSEE,0,,-,1262,CHOBB,栃木県,2137,H4MITN,栃木県,3489,HERMIT,栃木県,0,,-
PENDUAL,The Least 100sec,0,,-,789,44TAKA,栃木県,1485,SLEEPY,栃木県,2919,HERMIT,栃木県,0,,-
PENDUAL,TA・DA ☆ YO・SHI,0,,-,1120,FLUB,栃木県,1657,GA9BRU,栃木県,2333,SLEEPY,栃木県,0,,-
PENDUAL,Symmetry,0,,-,1116,CHOBB,栃木県,2103,SLEEPY,栃木県,3282,SLEEPY,栃木県,0,,-
PENDUAL,Sweet Radar,0,,-,671,SAYA..,栃木県,1368,SAYA..,栃木県,2035,HERMIT,栃木県,0,,-
PENDUAL,SpaceLand☆TOYBOX,0,,-,1065,CHOBB,栃木県,1719,SENJU.,栃木県,2955,SLEEPY,栃木県,0,,-
PENDUAL,Sounds Of Summer ,0,,-,1190,URA,栃木県,2088,SLEEPY,栃木県,2989,HERMIT,栃木県,0,,-
PENDUAL,Shooting Fireball,0,,-,954,S.O,栃木県,2329,SLEEPY,栃木県,3923,HERMIT,栃木県,0,,-
PENDUAL,Scars of FAUNA,0,,-,853,96GAL.,栃木県,1692,XELPHA,栃木県,2906,HERMIT,栃木県,0,,-
PENDUAL,Scarlet Moon,0,,-,1048,CHOBB,栃木県,1936,SLEEPY,栃木県,2755,SLEEPY,栃木県,0,,-
PENDUAL,Say YEEEAHH,0,,-,1182,SAYA..,栃木県,1793,MINATO,栃木県,3272,HERMIT,栃木県,0,,-
PENDUAL,SAMSARA,0,,-,858,SENJU.,栃木県,1453,SLEEPY,栃木県,2056,SLEEPY,栃木県,0,,-
PENDUAL,Sakura Mirage,0,,-,997,96GAL.,栃木県,1351,SENJU.,栃木県,2354,HERMIT,栃木県,0,,-
PENDUAL,Reflux,0,,-,797,SAYA..,栃木県,1630,SLEEPY,栃木県,3009,HERMIT,栃木県,0,,-
PENDUAL,Realize Maze,0,,-,1231,CHOBB,栃木県,2063,ZABTON,栃木県,2990,SLEEPY,栃木県,0,,-
PENDUAL,Rave*it!! Rave*it!! ,0,,-,1003,SAYA..,栃木県,1707,SLEEPY,栃木県,3225,HERMIT,栃木県,0,,-
PENDUAL,PENDUAL TALISMAN,0,,-,1036,44TAKA,栃木県,1618,HIRO&C,栃木県,2612,HERMIT,栃木県,0,,-
PENDUAL,On My Wings(Hardstyle IIDX),0,,-,892,CHOBB,栃木県,1258,FLB,栃木県,1989,SLEEPY,栃木県,0,,-
PENDUAL,No Tears,0,,-,1197,SAYA..,栃木県,2114,H4MITN,栃木県,2546,HERMIT,栃木県,0,,-
PENDUAL,Night sky,0,,-,1162,44TAKA,栃木県,1866,XELPHA,栃木県,2943,SLEEPY,栃木県,0,,-
PENDUAL,NEO GENERATOR SEVEN,0,,-,931,SENJU.,栃木県,1874,H4MITN,栃木県,3339,HERMIT,栃木県,0,,-
PENDUAL,Monopole.,0,,-,783,CHOBB,栃木県,1673,XELPHA,栃木県,3380,HERMIT,栃木県,0,,-
PENDUAL,m1dy Festival,0,,-,917,URA,栃木県,1568,MINATO,栃木県,2374,SLEEPY,栃木県,0,,-
PENDUAL,Line 4 Ruin,0,,-,723,SLEEPY,栃木県,1803,H4MITN,栃木県,2794,SLEEPY,栃木県,0,,-
PENDUAL,IXION,0,,-,1118,SAYA..,栃木県,1746,XELPHA,栃木県,2165,SLEEPY,栃木県,0,,-
PENDUAL,Invitation from Mr.C,0,,-,1131,CHOBB,栃木県,1573,L393,栃木県,2730,HERMIT,栃木県,0,,-
PENDUAL,In The Breeze,0,,-,638,CHOBB,栃木県,1110,TASSO*,栃木県,1762,SLEEPY,栃木県,0,,-
PENDUAL,IMPLANTATION,0,,-,663,SAYA..,栃木県,1651,MINATO,栃木県,2295,YASUNA,栃木県,0,,-
PENDUAL,illuminate,0,,-,617,NAGON,栃木県,1611,SLEEPY,栃木県,2330,SLEEPY,栃木県,0,,-
PENDUAL,Hello Happiness,0,,-,880,ZABTON,栃木県,1633,XELPHA,栃木県,2346,SLEEPY,栃木県,0,,-
PENDUAL,HELL SCAPER -Last Escape Remix-,0,,-,969,SAYA..,栃木県,1769,777,栃木県,2875,HERMIT,栃木県,0,,-
PENDUAL,Gravigazer,0,,-,969,ZABTON,栃木県,1886,SLEEPY,栃木県,3003,HERMIT,栃木県,0,,-
PENDUAL,Flashes,0,,-,964,SAYA..,栃木県,1810,SLEEPY,栃木県,3304,SLEEPY,栃木県,0,,-
PENDUAL,FANTASTIC THREE,0,,-,1276,PDIDDY,栃木県,2207,MILA,栃木県,3211,SLEEPY,栃木県,0,,-
PENDUAL,fallen leaves -IIDX edition-,0,,-,1164,FLB,栃木県,2068,SLEEPY,栃木県,3426,HERMIT,栃木県,0,,-
PENDUAL,Erosion Mark  ,0,,-,803,SAYA..,栃木県,1515,XELPHA,栃木県,2184,HERMIT,栃木県,0,,-
PENDUAL,entelecheia,0,,-,1042,TO-NA,栃木県,2143,M,栃木県,3290,HERMIT,栃木県,0,,-
PENDUAL,EBONY & IVORY,0,,-,1066,N,栃木県,1718,H4MITN,栃木県,3012,SLEEPY,栃木県,3631,HERMIT,栃木県
PENDUAL,Discloze,0,,-,940,FLB,栃木県,1692,SLEEPY,栃木県,2653,HERMIT,栃木県,0,,-
PENDUAL,Despair of ELFERIA,0,,-,1246,PDIDDY,栃木県,2386,539LO,栃木県,4129,HERMIT,栃木県,0,,-
PENDUAL,Cosmic Cat,0,,-,929,FLB,栃木県,1685,KIRYU-,栃木県,2313,SLEEPY,栃木県,3259,HERMIT,栃木県
PENDUAL,COLOSSEUM ,0,,-,568,CHOBB,栃木県,1246,SLEEPY,栃木県,2298,HERMIT,栃木県,0,,-
PENDUAL,cinder,0,,-,820,CHOBB,栃木県,2029,SLEEPY,栃木県,3158,HERMIT,栃木県,0,,-
PENDUAL,Chronos,0,,-,861,SENJU.,栃木県,1415,DAIMON,栃木県,2378,HERMIT,栃木県,3044,HERMIT,栃木県
PENDUAL,Chrono Diver -PENDULUMs-,561,SAYA..,栃木県,1412,SAYA..,栃木県,2794,HERMIT,栃木県,4367,HERMIT,栃木県,0,,-
PENDUAL,CHRONO DIVER -NORNIR-,0,,-,1156,44TAKA,栃木県,2213,H4MITN,栃木県,3112,HERMIT,栃木県,4423,HERMIT,栃木県
PENDUAL,chrono diver -fragment-,0,,-,692,SAYA..,栃木県,1156,XELPHA,栃木県,1799,HERMIT,栃木県,2262,HERMIT,栃木県
PENDUAL,Chain of pain,0,,-,772,SAYA..,栃木県,1498,MINATO,栃木県,2235,SLEEPY,栃木県,0,,-
PENDUAL,Broken Sword,0,,-,1289,PDIDDY,栃木県,2089,SLEEPY,栃木県,3734,SLEEPY,栃木県,0,,-
PENDUAL,BLUE MIRAGE,0,,-,1155,GA9BRU,栃木県,2062,SLEEPY,栃木県,3032,SLEEPY,栃木県,0,,-
PENDUAL,Blaze it UP!,0,,-,948,FLB,栃木県,1874,XELPHA,栃木県,2979,SLEEPY,栃木県,0,,-
PENDUAL,Beyond The Earth,0,,-,1265,S.O,栃木県,2039,46GAL,栃木県,3216,SLEEPY,栃木県,0,,-
PENDUAL,Beat Radiance,0,,-,993,SAYA..,栃木県,1624,H4MITN,栃木県,2641,SLEEPY,栃木県,3600,HERMIT,栃木県
PENDUAL,AFRO KNUCKLE,0,,-,928,CHOBB,栃木県,1744,XELPHA,栃木県,2417,HERMIT,栃木県,0,,-
PENDUAL,#The_Relentless,0,,-,1166,KIRYU-,栃木県,1976,MINATO,栃木県,2938,SLEEPY,栃木県,4373,SLEEPY,栃木県
copula,麗 ～うらら～,263,TOUKA,栃木県,1135,SAYA..,栃木県,1749,XELPHA,栃木県,2633,HERMIT,栃木県,0,,-
copula,駅猫のワルツ,0,,-,1148,CHOBB,栃木県,2150,SLEEPY,栃木県,2862,LIGHTX,栃木県,0,,-
copula,量子の海のリントヴルム,0,,-,921,SAYA..,栃木県,1759,XELPHA,栃木県,2984,HERMIT,栃木県,0,,-
copula,追想快晴テーマパーク,0,,-,1220,SAYA..,栃木県,2074,M2,栃木県,3121,SLEEPY,栃木県,0,,-
copula,紫陽花 -AZISAI-,419,SAYA..,栃木県,1269,96GAL.,栃木県,2120,SLEEPY,栃木県,2891,HERMIT,栃木県,3336,SLEEPY,栃木県
copula,真 地獄超特急 -HELL or HELL-,0,,-,1443,SENJU.,栃木県,2187,PIEN,栃木県,3243,HERMIT,栃木県,0,,-
copula,炸裂！イェーガー電光チョップ！！(JAEGER FINAL ATTACK),0,,-,1339,SAYA..,栃木県,1999,R69?,栃木県,2582,HERMIT,栃木県,0,,-
copula,灼熱 Pt.2 Long Train Running,625,SENJU.,栃木県,1304,PDIDDY,栃木県,2091,SLEEPY,栃木県,3236,SLEEPY,栃木県,0,,-
copula,朝焼けから始まるボクらの小さな旅,0,,-,954,A-SNOW,栃木県,1730,SLEEPY,栃木県,2516,SLEEPY,栃木県,0,,-
copula,星屑ディスタンシア,0,,-,701,SENJU.,栃木県,1196,FLB,栃木県,2118,DAIMON,栃木県,0,,-
copula,明鏡止水,0,,-,855,SAYA..,栃木県,1836,MINATO,栃木県,2807,HERMIT,栃木県,0,,-
copula,少女アリスと箱庭幻想コンチェルト,0,,-,772,SAYA..,栃木県,1456,MINATO,栃木県,2172,HERMIT,栃木県,0,,-
copula,セロトニン,0,,-,1325,SAYA..,栃木県,1818,XELPHA,栃木県,2336,SLEEPY,栃木県,0,,-
copula,シュッパツシンコウ・シサカンコ,0,,-,1125,5MOON*,栃木県,1782,MINATO,栃木県,2447,SLEEPY,栃木県,0,,-
copula,ギョギョっと人魚 爆婚ブライダル,0,,-,826,TASSO*,栃木県,1458,GA9BRU,栃木県,2390,HERMIT,栃木県,0,,-
copula,オルタネイトβ,0,,-,836,SAYA..,栃木県,1439,SLEEPY,栃木県,2264,SLEEPY,栃木県,0,,-
copula,めいさいアイドル☆あいむちゃん♪,0,,-,1490,KIRYU-,栃木県,2335,TSKASA,栃木県,3362,SLEEPY,栃木県,0,,-
copula,か・し・ま・し☆PUMP UP！,0,,-,1183,MISAKO,栃木県,1801,XELPHA,栃木県,2859,HERMIT,栃木県,0,,-
copula,ZEPHYRANTHES,0,,-,981,S.TKNS,栃木県,1821,XELPHA,栃木県,2963,HERMIT,栃木県,3896,HERMIT,栃木県
copula,X,0,,-,1575,FLB,栃木県,2434,H4MITN,栃木県,3872,HERMIT,栃木県,0,,-
copula,Welcome,0,,-,863,ZABTON,栃木県,1791,XELPHA,栃木県,2678,HERMIT,栃木県,3332,HERMIT,栃木県
copula,Violet Rose,0,,-,1213,44TAKA,栃木県,2030,SLEEPY,栃木県,2611,SLEEPY,栃木県,0,,-
copula,Violet Pulse,0,,-,420,HN.AKN,栃木県,1658,XELPHA,栃木県,2442,SLEEPY,栃木県,4076,HERMIT,栃木県
copula,Uh-Oh,0,,-,1106,KIRYU-,栃木県,1716,SAYA..,栃木県,2425,SLEEPY,栃木県,0,,-
copula,Triple Counter,0,,-,1396,SENJU.,栃木県,2234,CHAAAR,栃木県,3979,HERMIT,栃木県,0,,-
copula,Tori-no-kimochi,0,,-,266,MINATO,栃木県,1284,XELPHA,栃木県,2033,HERMIT,栃木県,0,,-
copula,SURVIVOR,0,,-,717,SAYA..,栃木県,1281,SENJU.,栃木県,2022,SLEEPY,栃木県,0,,-
copula,Super Duper Racers,0,,-,950,SAYA..,栃木県,1592,XELPHA,栃木県,2382,HERMIT,栃木県,0,,-
copula,StrayedCatz,0,,-,1034,CHOBB,栃木県,1977,SLEEPY,栃木県,2882,LIGHTX,栃木県,0,,-
copula,STARLIGHT DANCEHALL,0,,-,1253,KIRYU-,栃木県,1807,XELPHA,栃木県,2656,TIHAYA,栃木県,3311,HERMIT,栃木県
copula,STARLiGHT,0,,-,960,SAYA..,栃木県,1793,MINATO,栃木県,2764,HERMIT,栃木県,0,,-
copula,SHELTER OF THE MIND,0,,-,1418,CHOBB,栃木県,1992,HAMITN,栃木県,3063,HERMIT,栃木県,0,,-
copula,Set U Free feat. Kanae Asaba,0,,-,909,CHOBB,栃木県,1540,SLEEPY,栃木県,2552,SLEEPY,栃木県,0,,-
copula,Sephirot,0,,-,965,SAYA..,栃木県,1626,SENJU.,栃木県,2355,HERMIT,栃木県,0,,-
copula,SEITEN NO TERIYAKI,0,,-,723,NAOTO,栃木県,1279,XELPHA,栃木県,2273,HERMIT,栃木県,0,,-
copula,Routing,0,,-,942,SAYA..,栃木県,1634,XELPHA,栃木県,2533,SLEEPY,栃木県,0,,-
copula,Rock It,0,,-,1156,SENJU.,栃木県,1674,XELPHA,栃木県,2962,HERMIT,栃木県,0,,-
copula,refrain,0,,-,1226,FLB,栃木県,2340,H4MITN,栃木県,3645,HERMIT,栃木県,0,,-
copula,quick master (reform version),0,,-,160,TOUKA,栃木県,355,SAYA..,栃木県,528,SLEEPY,栃木県,0,,-
copula,POSSESSION,529,HAMITN,栃木県,1360,MILA,栃木県,2110,DAIKI.,栃木県,2947,SLEEPY,栃木県,0,,-
copula,Outbreak,0,,-,1338,SENJU.,栃木県,1844,XELPHA,栃木県,3031,HERMIT,栃木県,0,,-
copula,On the FM,0,,-,1113,SENJU.,栃木県,1608,FL4V1A,栃木県,2799,HERMIT,栃木県,0,,-
copula,NZM,0,,-,1074,SENJU.,栃木県,1646,SLEEPY,栃木県,3476,HERMIT,栃木県,0,,-
copula,Nowhere,0,,-,826,CHOBB,栃木県,1453,XELPHA,栃木県,2180,SLEEPY,栃木県,0,,-
copula,NO LIMIT -オレ達に限界は無い-,0,,-,831,SAYA..,栃木県,1250,XELPHA,栃木県,2271,SLEEPY,栃木県,0,,-
copula,NINJA IS DEAD IIDX ver.,0,,-,1188,CHOBB,栃木県,1904,XELPHA,栃木県,3026,HERMIT,栃木県,0,,-
copula,Nightmare before oversleep,0,,-,1184,PDIDDY,栃木県,1936,SLEEPY,栃木県,2971,HERMIT,栃木県,0,,-
copula,NANAIRO,0,,-,1055,SAYA..,栃木県,1789,MINATO,栃木県,2583,SLEEPY,栃木県,0,,-
copula,Musik LoverZ,0,,-,1066,SENJU.,栃木県,1394,SAYA..,栃木県,2498,SLEEPY,栃木県,0,,-
copula,M4K3 1T B0UNC3,0,,-,1382,FLB,栃木県,2083,ZABTON,栃木県,3040,HERMIT,栃木県,0,,-
copula,La dolce primavera,0,,-,689,CHOBB,栃木県,1364,XELPHA,栃木県,2176,SLEEPY,栃木県,0,,-
copula,Konzert V,0,,-,1287,SLEEPY,栃木県,2291,SLEEPY,栃木県,3377,HERMIT,栃木県,0,,-
copula,Journey,0,,-,692,SAYA..,栃木県,1237,SAYA..,栃木県,1878,SLEEPY,栃木県,3133,HERMIT,栃木県
copula,Inner Spirit,0,,-,884,SLEEPY,栃木県,1866,MINATO,栃木県,2850,SLEEPY,栃木県,0,,-
copula,Highcharge Divolt,0,,-,904,SENJU.,栃木県,1726,539LO,栃木県,2805,HERMIT,栃木県,0,,-
copula,Grand Chariot,0,,-,1135,PDIDDY,栃木県,1865,COLCA,栃木県,3501,HERMIT,栃木県,0,,-
copula,Godspeed,0,,-,1070,SAYA..,栃木県,1915,A1C11,栃木県,3176,HERMIT,栃木県,0,,-
copula,GOBBLE,0,,-,500,SAYA..,栃木県,718,FLB,栃木県,1716,SLEEPY,栃木県,0,,-
copula,Go Faraway,0,,-,1028,SAYA..,栃木県,1500,SAYA..,栃木県,2493,SLEEPY,栃木県,0,,-
copula,Glitch Nerds,0,,-,995,DEARKA,栃木県,1417,MINATO,栃木県,2256,SLEEPY,栃木県,0,,-
copula,GENERATE feat.綾倉盟,0,,-,1111,FLB,栃木県,1737,XELPHA,栃木県,2357,SLEEPY,栃木県,0,,-
copula,Exchange Place,0,,-,773,SENJU.,栃木県,1261,XELPHA,栃木県,1793,TIHAYA,栃木県,0,,-
copula,Everlasting Last,0,,-,846,SAYA..,栃木県,1631,MINATO,栃木県,2237,SLEEPY,栃木県,0,,-
copula,Dynamite,547,SAYA..,栃木県,1202,XELPHA,栃木県,2437,XELPHA,栃木県,3846,HERMIT,栃木県,0,,-
copula,Donkey Donk,0,,-,1182,SAYA..,栃木県,1726,SLEEPY,栃木県,2279,SLEEPY,栃木県,0,,-
copula,do the thing feat. Kanae Asaba,0,,-,638,SENJU.,栃木県,1484,MINATO,栃木県,2315,SLEEPY,栃木県,0,,-
copula,DIAMOND CROSSING,0,,-,984,PDIDDY,栃木県,1750,XELPHA,栃木県,3090,SLEEPY,栃木県,0,,-
copula,Devil's Gear,0,,-,1060,FLB,栃木県,2194,86M4C?,栃木県,3512,HERMIT,栃木県,0,,-
copula,Derelict Star feat. Ryu*,0,,-,1408,SAYA..,栃木県,1906,FLB,栃木県,2638,SLEEPY,栃木県,0,,-
copula,Damage Per Second,0,,-,872,FLB,栃木県,1393,PDIDDY,栃木県,2045,SLEEPY,栃木県,2301,SLEEPY,栃木県
copula,Daily Lunch Special,0,,-,1076,SENJU.,栃木県,2115,XELPHA,栃木県,2955,HERMIT,栃木県,0,,-
copula,CODE:1 [revision1.0.1],0,,-,982,96GAL.,栃木県,1753,SLEEPY,栃木県,3110,SLEEPY,栃木県,0,,-
copula,chaos eater -IIDX edition-,0,,-,1150,CHOBB,栃木県,1732,SLEEPY,栃木県,2628,HERMIT,栃木県,0,,-
copula,Central Station,0,,-,1013,S.O,栃木県,1553,FLB,栃木県,2426,SLEEPY,栃木県,0,,-
copula,Blue Spring Express,0,,-,1304,SAYA..,栃木県,2131,SLEEPY,栃木県,3302,SLEEPY,栃木県,0,,-
copula,Battle Train -IIDX Edition-,0,,-,871,NAOTO,栃木県,2458,XELPHA,栃木県,3279,HERMIT,栃木県,0,,-
copula,Aublia,0,,-,951,FLB,栃木県,1498,MINATO,栃木県,2555,SLEEPY,栃木県,0,,-
copula,Arcana,0,,-,1196,SENJU.,栃木県,1744,XELPHA,栃木県,2284,SLEEPY,栃木県,0,,-
copula,AO-1,0,,-,1266,SENJU.,栃木県,1925,XELPHA,栃木県,2809,HERMIT,栃木県,0,,-
copula,Angelic Jelly,0,,-,1150,GA9BRU,栃木県,2059,SLEEPY,栃木県,2763,HERMIT,栃木県,0,,-
copula,Acid Pumper,0,,-,685,KIRYU-,栃木県,1598,SLEEPY,栃木県,2470,SLEEPY,栃木県,0,,-
copula,199024club -Re:BounceKiller-,0,,-,691,GA9BRU,栃木県,1631,SLEEPY,栃木県,2358,FL4V1A,栃木県,0,,-
SINOBUZ,鴉,0,,-,1495,SAYA..,栃木県,2222,XELPHA,栃木県,2702,HERMIT,栃木県,0,,-
SINOBUZ,童話回廊,0,,-,920,S.TKNS,栃木県,1691,XELPHA,栃木県,3131,HERMIT,栃木県,0,,-
SINOBUZ,禍根,0,,-,802,CHOBB,栃木県,1350,MINATO,栃木県,2613,SLEEPY,栃木県,0,,-
SINOBUZ,獅子霞麗ノ舞,0,,-,501,SAYA..,栃木県,1066,XELPHA,栃木県,1739,HERMIT,栃木県,0,,-
SINOBUZ,焔極OVERKILL,0,,-,1171,SAYA..,栃木県,2129,SMILE*,栃木県,3580,HERMIT,栃木県,0,,-
SINOBUZ,火影,0,,-,701,CHOBB,栃木県,1413,DAIMON,栃木県,2695,FL4V1A,栃木県,0,,-
SINOBUZ,津軽雪,0,,-,1525,SAYA..,栃木県,2190,XELPHA,栃木県,3849,HERMIT,栃木県,0,,-
SINOBUZ,次葉 -turn the page-,0,,-,853,SAYA..,栃木県,1417,SENJU.,栃木県,1998,HERMIT,栃木県,0,,-
SINOBUZ,月雪に舞う華のように,0,,-,822,S.TKNS,栃木県,1285,PDIDDY,栃木県,2116,SLEEPY,栃木県,0,,-
SINOBUZ,恋はどう？モロ◎波動OK☆方程式!!,0,,-,1005,KIRYU-,栃木県,1549,XELPHA,栃木県,2482,HERMIT,栃木県,0,,-
SINOBUZ,忍恋花,0,,-,1018,SAYA..,栃木県,1674,M2,栃木県,2271,HERMIT,栃木県,0,,-
SINOBUZ,刃図羅,0,,-,1238,FLB,栃木県,2087,SLEEPY,栃木県,3422,SLEEPY,栃木県,0,,-
SINOBUZ,冬椿 ft. Kanae Asaba,262,$EVAN$,栃木県,953,SAYA..,栃木県,1251,SAYA..,栃木県,2283,SLEEPY,栃木県,3041,SLEEPY,栃木県
SINOBUZ,九尾狐夜行,0,,-,845,S.O,栃木県,1772,MINATO,栃木県,2957,HERMIT,栃木県,0,,-
SINOBUZ,ディッシュウォッシャー◎彡おいわちゃん,0,,-,721,SAYA..,栃木県,1419,XELPHA,栃木県,2502,SLEEPY,栃木県,0,,-
SINOBUZ,イザナミノナゲキ,0,,-,1201,SAYA..,栃木県,1952,FL4V1A,栃木県,3279,HERMIT,栃木県,0,,-
SINOBUZ,ちらちら・はらはら,0,,-,412,$EVAN$,栃木県,945,SAYA..,栃木県,1429,HERMIT,栃木県,0,,-
SINOBUZ,〆,0,,-,1285,FLB,栃木県,2290,XELPHA,栃木県,3678,SLEEPY,栃木県,0,,-
SINOBUZ,Yellow Sketch(RX-Ver.S.P.L.),0,,-,758,SAYA..,栃木県,1790,A1C11,栃木県,2888,HERMIT,栃木県,0,,-
SINOBUZ,yamabiko (SINOBUZ Edition),0,,-,982,SENJU.,栃木県,1588,MINATO,栃木県,2662,HERMIT,栃木県,0,,-
SINOBUZ,XINOBIKILL,0,,-,993,SAYA..,栃木県,1711,XELPHA,栃木県,2900,SLEEPY,栃木県,0,,-
SINOBUZ,Warrior,0,,-,1003,SAYA..,栃木県,1785,SLEEPY,栃木県,2492,SLEEPY,栃木県,0,,-
SINOBUZ,Vermilion,0,,-,855,CHOBB,栃木県,1373,SLEEPY,栃木県,2048,SLEEPY,栃木県,0,,-
SINOBUZ,Venom,0,,-,1254,CHOBB,栃木県,2155,SLEEPY,栃木県,3220,HERMIT,栃木県,0,,-
SINOBUZ,Umbral,0,,-,620,SENJU.,栃木県,1393,96GAL.,栃木県,1919,DAIMON,栃木県,3075,SLEEPY,栃木県
SINOBUZ,TOGAKUSHI,0,,-,992,CHOBB,栃木県,1884,EREA$A,栃木県,2626,HERMIT,栃木県,0,,-
SINOBUZ,The Commanders,0,,-,934,NAOTO,栃木県,1523,SLEEPY,栃木県,2449,TIHAYA,栃木県,0,,-
SINOBUZ,Sweet Clapper,0,,-,570,SAYA..,栃木県,1243,SLEEPY,栃木県,1917,SLEEPY,栃木県,2936,SLEEPY,栃木県
SINOBUZ,Surf on the Light,0,,-,772,FLB,栃木県,1473,XELPHA,栃木県,2276,HERMIT,栃木県,0,,-
SINOBUZ,Super Rush,0,,-,1033,SENJU.,栃木県,1901,SLEEPY,栃木県,3553,HERMIT,栃木県,0,,-
SINOBUZ,Summerlights(IIDX Edition),0,,-,1145,SAYA..,栃木県,1826,SAYA..,栃木県,3133,HERMIT,栃木県,0,,-
SINOBUZ,Steel Edge,0,,-,901,H.S,栃木県,1482,FLB,栃木県,3186,HERMIT,栃木県,0,,-
SINOBUZ,Snakey Kung-fu,0,,-,1117,HOMURA,栃木県,2118,XELPHA,栃木県,3448,HERMIT,栃木県,0,,-
SINOBUZ,Sky High,435,SAYA..,栃木県,1179,96GAL.,栃木県,2343,SLEEPY,栃木県,3828,HERMIT,栃木県,0,,-
SINOBUZ,SINOBUZ Fantasy,0,,-,1020,CHOBB,栃木県,1684,FLB,栃木県,2452,HERMIT,栃木県,0,,-
SINOBUZ,shuriken,0,,-,765,RYO-XI,栃木県,1126,XELPHA,栃木県,2556,SLEEPY,栃木県,0,,-
SINOBUZ,Shoot'Em All,0,,-,768,HN.AKN,栃木県,1392,R69?,栃木県,2456,DAIMON,栃木県,0,,-
SINOBUZ,SEQUENCE CAT,0,,-,1083,DORAMA,栃木県,2157,XELPHA,栃木県,2851,SLEEPY,栃木県,0,,-
SINOBUZ,Selfish Sweet,0,,-,638,DEARKA,栃木県,960,SAYA..,栃木県,1715,HERMIT,栃木県,0,,-
SINOBUZ,Seize the Day,0,,-,767,SAYA..,栃木県,1348,SAYA..,栃木県,2148,SLEEPY,栃木県,0,,-
SINOBUZ,Seaside Labyrinth,0,,-,655,SAYA..,栃木県,1316,SLEEPY,栃木県,1887,SLEEPY,栃木県,0,,-
SINOBUZ,SAY BAY,0,,-,843,FLB,栃木県,1511,KOZI04,栃木県,2851,HERMIT,栃木県,0,,-
SINOBUZ,Sarutobi Champion is 拙者,0,,-,877,KIRYU-,栃木県,1496,XELPHA,栃木県,2232,SLEEPY,栃木県,0,,-
SINOBUZ,SAMURAI-Scramble,0,,-,985,XYZ,栃木県,1683,ZABTON,栃木県,2383,SLEEPY,栃木県,2781,SLEEPY,栃木県
SINOBUZ,ROTTERDAM SHOGUN,542,SAYA..,栃木県,1136,SAYA..,栃木県,1854,SLEEPY,栃木県,2587,HERMIT,栃木県,0,,-
SINOBUZ,RISING FIRE HAWK,0,,-,859,CHOBB,栃木県,1467,XELPHA,栃木県,2716,SLEEPY,栃木県,0,,-
SINOBUZ,Remedy feat. Kanae Asaba,0,,-,901,CHOBB,栃木県,1614,H4MITN,栃木県,2218,SLEEPY,栃木県,0,,-
SINOBUZ,Rave Cannon,0,,-,1051,FLB,栃木県,1863,SLEEPY,栃木県,3350,HERMIT,栃木県,0,,-
SINOBUZ,RAIN,0,,-,1150,SAYA..,栃木県,1803,H4MITN,栃木県,3290,HERMIT,栃木県,0,,-
SINOBUZ,Quakes,0,,-,1119,CHOBB,栃木県,1981,XELPHA,栃木県,3221,HERMIT,栃木県,0,,-
SINOBUZ,Piano Samurai,0,,-,1073,SAYA..,栃木県,1761,XELPHA,栃木県,2505,HERMIT,栃木県,0,,-
SINOBUZ,PAPAYAPA BASS,0,,-,762,CHOBB,栃木県,1555,MINATO,栃木県,2817,HERMIT,栃木県,0,,-
SINOBUZ,OTENAMI Hurricane,0,,-,1258,HIRO&C,栃木県,2128,XELPHA,栃木県,3201,HERMIT,栃木県,0,,-
SINOBUZ,OOO,0,,-,694,DORAMA,栃木県,1454,FLB,栃木県,2066,SLEEPY,栃木県,0,,-
SINOBUZ,nostos,0,,-,895,SLEEPY,栃木県,1359,GA9BRU,栃木県,2627,SLEEPY,栃木県,0,,-
SINOBUZ,Music is The Answer,0,,-,780,CHOBB,栃木県,1420,SLEEPY,栃木県,1919,SLEEPY,栃木県,0,,-
SINOBUZ,Modular Technology,0,,-,1186,CHOBB,栃木県,1911,XELPHA,栃木県,2690,SLEEPY,栃木県,0,,-
SINOBUZ,Mare Nectaris,0,,-,1457,SAYA..,栃木県,2136,HERMIT,栃木県,3847,HERMIT,栃木県,0,,-
SINOBUZ,Magical,0,,-,815,SAYA..,栃木県,1196,SENJU.,栃木県,2010,HERMIT,栃木県,0,,-
SINOBUZ,Macuilxochitl,529,MINATO,栃木県,1417,DEARKA,栃木県,2201,ZABTON,栃木県,3331,SLEEPY,栃木県,0,,-
SINOBUZ,Lost wing at.0,0,,-,913,CHOBB,栃木県,1423,XELPHA,栃木県,2465,SLEEPY,栃木県,0,,-
SINOBUZ,INVISIBLE STRIX,0,,-,1146,CHOBB,栃木県,2063,SLEEPY,栃木県,2626,SLEEPY,栃木県,0,,-
SINOBUZ,Honey Trap,0,,-,840,SAYA..,栃木県,1614,FLB,栃木県,2533,SLEEPY,栃木県,0,,-
SINOBUZ,HAPPY★RUSH,0,,-,773,CHOBB,栃木県,1888,XELPHA,栃木県,2910,HERMIT,栃木県,0,,-
SINOBUZ,HADES,391,SAYA..,栃木県,990,SENJU.,栃木県,1820,PAPAIA,栃木県,3078,SLEEPY,栃木県,0,,-
SINOBUZ,GuNGNiR,0,,-,1354,SAYA..,栃木県,2702,HERMIT,栃木県,3989,HERMIT,栃木県,4671,HERMIT,栃木県
SINOBUZ,Go Ahead!!,0,,-,979,CHOBB,栃木県,1520,XELPHA,栃木県,2762,HERMIT,栃木県,0,,-
SINOBUZ,FUZIN RIZIN,0,,-,1162,CHOBB,栃木県,1977,XELPHA,栃木県,3834,HERMIT,栃木県,0,,-
SINOBUZ,elemental bender feat. Kanae Asaba,0,,-,644,SAYA..,栃木県,1184,XELPHA,栃木県,1645,SLEEPY,栃木県,0,,-
SINOBUZ,Egret and Willow,0,,-,1023,FLB,栃木県,1657,SENJU.,栃木県,2745,HERMIT,栃木県,0,,-
SINOBUZ,ECHIDNA,0,,-,1296,FLB,栃木県,2159,HERMIT,栃木県,3416,HERMIT,栃木県,0,,-
SINOBUZ,DORNWALD ～Junge～,0,,-,1268,POTATO,栃木県,2219,FL4V1A,栃木県,3705,HERMIT,栃木県,0,,-
SINOBUZ,Cyber True Color,0,,-,997,SAYA..,栃木県,1668,SLEEPY,栃木県,2375,SLEEPY,栃木県,0,,-
SINOBUZ,crew,0,,-,633,SLEEPY,栃木県,1753,SLEEPY,栃木県,2935,SLEEPY,栃木県,0,,-
SINOBUZ,Caterpillar,0,,-,1223,HERMIT,栃木県,2156,XELPHA,栃木県,2985,TSKASA,栃木県,0,,-
SINOBUZ,BroGamer,0,,-,1370,HOMURA,栃木県,2148,XELPHA,栃木県,3088,HERMIT,栃木県,4649,HERMIT,栃木県
SINOBUZ,Breakin' Chain,0,,-,715,SAYA..,栃木県,1309,FLB,栃木県,2315,SLEEPY,栃木県,0,,-
SINOBUZ,BREAK OVER,0,,-,915,SAYA..,栃木県,1510,XELPHA,栃木県,2384,HERMIT,栃木県,0,,-
SINOBUZ,Beyond The Seven,0,,-,736,SAYA..,栃木県,1304,SAYA..,栃木県,2722,HERMIT,栃木県,0,,-
SINOBUZ,Believe in you,0,,-,1170,CHOBB,栃木県,1855,MINATO,栃木県,2443,HERMIT,栃木県,0,,-
SINOBUZ,Beat Juggling Mix,0,,-,972,AISHIA,栃木県,1548,XELPHA,栃木県,2181,FL4V1A,栃木県,0,,-
SINOBUZ,Be A Star,0,,-,965,FLB,栃木県,1830,TSKASA,栃木県,2821,HERMIT,栃木県,0,,-
SINOBUZ,BabeL ～Grand Story～,0,,-,1238,CHOBB,栃木県,2067,A1C11,栃木県,2831,HERMIT,栃木県,0,,-
SINOBUZ,AsiaN distractive,0,,-,1188,FLB,栃木県,1762,XELPHA,栃木県,2628,HERMIT,栃木県,0,,-
SINOBUZ,Around The Galaxy,0,,-,1063,CHOBB,栃木県,2083,MINATO,栃木県,3406,SLEEPY,栃木県,0,,-
SINOBUZ,Apocalypse,0,,-,1109,SMILE*,栃木県,2125,XOXO,栃木県,3589,HERMIT,栃木県,0,,-
SINOBUZ,AO-∞,0,,-,1144,CHOBB,栃木県,1811,XELPHA,栃木県,2687,SLEEPY,栃木県,0,,-
SINOBUZ,Amazing Mirage,373,SAYA..,栃木県,889,DEARKA,栃木県,1741,SLEEPY,栃木県,2639,SLEEPY,栃木県,3287,HERMIT,栃木県
SINOBUZ,(This Is Not) The Angels,0,,-,597,HIRO&C,栃木県,1453,SLEEPY,栃木県,2697,HERMIT,栃木県,0,,-
SINOBUZ,#MAGiCVLGiRL_TRVP_B3VTZ,0,,-,1161,POTATO,栃木県,1974,SLEEPY,栃木県,3426,HERMIT,栃木県,0,,-
SINOBUZ,!Viva!,0,,-,952,CHOBB,栃木県,1594,XELPHA,栃木県,2011,DAIMON,栃木県,0,,-
CANNON BALLERS,草原の王女-軌跡を辿って-,0,,-,698,EVANSU,栃木県,1225,XELPHA,栃木県,2325,SLEEPY,栃木県,0,,-
CANNON BALLERS,純真可憐デザイア,252,6RA3ME,栃木県,838,SAYA..,栃木県,1617,FLB,栃木県,2338,HERMIT,栃木県,0,,-
CANNON BALLERS,神謳 -RESONANCE-,0,,-,1392,HOMURA,栃木県,2518,H4MITN,栃木県,4045,HERMIT,栃木県,0,,-
CANNON BALLERS,東京神話,470,SAYA..,栃木県,1014,DEARKA,栃木県,1783,SLEEPY,栃木県,2872,HERMIT,栃木県,0,,-
CANNON BALLERS,命の標本,0,,-,734,TEREYA,栃木県,1673,FLB,栃木県,2692,HERMIT,栃木県,0,,-
CANNON BALLERS,共犯へヴンズコード,0,,-,514,SAYA..,栃木県,1352,A-SNOW,栃木県,2269,GA9BRU,栃木県,0,,-
CANNON BALLERS,ラストセンチュリーメランコリック,0,,-,846,SAYA..,栃木県,1627,SLEEPY,栃木県,2194,SLEEPY,栃木県,0,,-
CANNON BALLERS,パラドキシカル・タイムリープトライアル(Short Ver.),0,,-,1019,CHOBB,栃木県,1869,XELPHA,栃木県,2799,SLEEPY,栃木県,0,,-
CANNON BALLERS,バスルーム ロマンス,0,,-,971,HOMURA,栃木県,1449,SENJU.,栃木県,2442,SLEEPY,栃木県,0,,-
CANNON BALLERS,バ→ビ→ブ→Bomb!,0,,-,810,CHOBB,栃木県,1775,XELPHA,栃木県,2567,SLEEPY,栃木県,0,,-
CANNON BALLERS,ハイ*ビスカス ft. Kanae Asaba,0,,-,869,SAYA..,栃木県,1541,SLEEPY,栃木県,2449,HERMIT,栃木県,0,,-
CANNON BALLERS,ナイトシティー・アヴァンチュール,0,,-,1022,FLB,栃木県,1544,SLEEPY,栃木県,2093,SLEEPY,栃木県,0,,-
CANNON BALLERS,シムルグの目醒め,0,,-,1399,96GAL.,栃木県,2282,A,栃木県,3530,HERMIT,栃木県,0,,-
CANNON BALLERS,エディブルフラワーの独白,0,,-,806,TAKATH,栃木県,1536,SAYA..,栃木県,2210,SLEEPY,栃木県,0,,-
CANNON BALLERS,うさ☆かめ 大戦争！,0,,-,954,A-SNOW,栃木県,1584,XELPHA,栃木県,2521,HERMIT,栃木県,0,,-
CANNON BALLERS,Xperanza,546,TOUKA,栃木県,1392,SAYA..,栃木県,2437,SLEEPY,栃木県,3201,HERMIT,栃木県,0,,-
CANNON BALLERS,VOX RUSH,0,,-,1228,URA,栃木県,2225,SAYA..,栃木県,3280,*YUU*,栃木県,0,,-
CANNON BALLERS,Usual Days-remix,0,,-,1106,MAIYAN,栃木県,1492,KAVAN.,栃木県,2685,HERMIT,栃木県,0,,-
CANNON BALLERS,UMMU,436,KI4DA,栃木県,1217,SAYA..,栃木県,2035,R69?,栃木県,3087,HERMIT,栃木県,0,,-
CANNON BALLERS,The Revolution (VIP Mix),0,,-,799,SAYA..,栃木県,1519,XELPHA,栃木県,1859,SLEEPY,栃木県,0,,-
CANNON BALLERS,The Chase,0,,-,684,XYZ,栃木県,1356,SLEEPY,栃木県,2143,77HIRA,栃木県,0,,-
CANNON BALLERS,THE CANNONBALLER,486,SAYA..,栃木県,1482,S.O,栃木県,2445,SLEEPY,栃木県,3449,HERMIT,栃木県,0,,-
CANNON BALLERS,Temple of Anubis,0,,-,1016,SAYA..,栃木県,1505,86M4C?,栃木県,2659,SLEEPY,栃木県,0,,-
CANNON BALLERS,SUNLiGHT (IIDX Mix),0,,-,1141,E.XIA,栃木県,1758,H4MITN,栃木県,2666,SLEEPY,栃木県,0,,-
CANNON BALLERS,Static State,0,,-,1056,96GAL.,栃木県,1743,XELPHA,栃木県,2370,SLEEPY,栃木県,0,,-
CANNON BALLERS,STARLIGHT JUNCTION,0,,-,876,HN.AKN,栃木県,1604,SLEEPY,栃木県,2292,HERMIT,栃木県,2894,SLEEPY,栃木県
CANNON BALLERS,SPEED DEMON,0,,-,748,SAYA..,栃木県,1455,SLEEPY,栃木県,2336,TIHAYA,栃木県,0,,-
CANNON BALLERS,SPEED,0,,-,890,SAYA..,栃木県,1561,MINATO,栃木県,2622,HERMIT,栃木県,0,,-
CANNON BALLERS,"Son, not gabba now",0,,-,884,SAYA..,栃木県,1583,MINATO,栃木県,2366,SLEEPY,栃木県,0,,-
CANNON BALLERS,Slipstream,0,,-,1039,S.TKNS,栃木県,2041,SLEEPY,栃木県,3550,SLEEPY,栃木県,0,,-
CANNON BALLERS,Sleepless days,0,,-,510,SAYA..,栃木県,908,SAYA..,栃木県,1576,HERMIT,栃木県,0,,-
CANNON BALLERS,SHOX,0,,-,861,SAYA..,栃木県,1127,MINATO,栃木県,1736,SLEEPY,栃木県,0,,-
CANNON BALLERS,Rise Circuit,0,,-,932,SAYA..,栃木県,1561,XELPHA,栃木県,2320,HERMIT,栃木県,0,,-
CANNON BALLERS,REVOLVER,0,,-,932,SAYA..,栃木県,1610,XELPHA,栃木県,2752,SLEEPY,栃木県,3329,HERMIT,栃木県
CANNON BALLERS,Raspberry Railgun,0,,-,1384,96GAL.,栃木県,2272,LIGHTX,栃木県,3159,HERMIT,栃木県,0,,-
CANNON BALLERS,Rampage,0,,-,1291,SENJU.,栃木県,2456,XELPHA,栃木県,3638,HERMIT,栃木県,0,,-
CANNON BALLERS,Persephone,0,,-,1273,CHOBB,栃木県,1956,XELPHA,栃木県,3013,SLEEPY,栃木県,0,,-
CANNON BALLERS,Papilio ulysses,0,,-,1204,SAYA..,栃木県,2111,SLEEPY,栃木県,2891,HERMIT,栃木県,0,,-
CANNON BALLERS,Only for now,0,,-,910,SAYA..,栃木県,1553,MINATO,栃木県,2269,SLEEPY,栃木県,0,,-
CANNON BALLERS,O/D*20,0,,-,1128,FLB,栃木県,1669,XELPHA,栃木県,2130,SLEEPY,栃木県,3855,HERMIT,栃木県
CANNON BALLERS,Nothing but Theory,0,,-,1097,SENJU.,栃木県,1610,SLEEPY,栃木県,2858,SLEEPY,栃木県,3740,SLEEPY,栃木県
CANNON BALLERS,No Limit 2 dAnce feat. 大山愛未,0,,-,977,FLB,栃木県,1557,777,栃木県,2343,SLEEPY,栃木県,0,,-
CANNON BALLERS,NITROUS CANNON,0,,-,1362,XELPHA,栃木県,2062,SLEEPY,栃木県,3656,HERMIT,栃木県,0,,-
CANNON BALLERS,n'pa pa BBQ,0,,-,914,XYZ,栃木県,1728,XELPHA,栃木県,2792,SLEEPY,栃木県,0,,-
CANNON BALLERS,Mira,0,,-,951,SAYA..,栃木県,1787,MINATO,栃木県,3049,SLEEPY,栃木県,0,,-
CANNON BALLERS,Midnight Lady,0,,-,636,KIRYU-,栃木県,1171,SLEEPY,栃木県,1951,SLEEPY,栃木県,0,,-
CANNON BALLERS,MAXIVCORD,0,,-,799,S.TKNS,栃木県,1429,H4MITN,栃木県,2474,HERMIT,栃木県,0,,-
CANNON BALLERS,LUV DRIVE,0,,-,827,SAYA..,栃木県,1341,SENJU.,栃木県,2134,HERMIT,栃木県,0,,-
CANNON BALLERS,LIGHTS ft. EVO+,0,,-,774,SAYA..,栃木県,1391,XELPHA,栃木県,2372,SLEEPY,栃木県,0,,-
CANNON BALLERS,"Life Is A Game ft.DD""ナカタ""Metal",0,,-,1250,FLB,栃木県,1892,XELPHA,栃木県,3477,HERMIT,栃木県,0,,-
CANNON BALLERS,Let's Bounce !!,0,,-,708,HN.AKN,栃木県,1228,R69?,栃木県,2222,DAIMON,栃木県,0,,-
CANNON BALLERS,Initiation,657,SAYA..,栃木県,1478,TASSO*,栃木県,2456,SLEEPY,栃木県,3930,YASUNA,栃木県,0,,-
CANNON BALLERS,Illusionary Waterlily,0,,-,1294,SAYA..,栃木県,2208,CHAAAR,栃木県,3531,LIGHTX,栃木県,0,,-
CANNON BALLERS,I'm Coming (2017 Version),0,,-,607,HN.AKN,栃木県,1275,EVANSU,栃木県,2093,SLEEPY,栃木県,0,,-
CANNON BALLERS,I Love You,0,,-,1063,44TAKA,栃木県,1872,H4MITN,栃木県,2751,HERMIT,栃木県,0,,-
CANNON BALLERS,HYPE THE CORE,0,,-,1080,FLB,栃木県,1940,XELPHA,栃木県,3021,HERMIT,栃木県,0,,-
CANNON BALLERS,Hella Deep,0,,-,639,SLEEPY,栃木県,1043,XELPHA,栃木県,1870,SLEEPY,栃木県,0,,-
CANNON BALLERS,HAT TRICK,0,,-,860,SAYA..,栃木県,1443,SLEEPY,栃木県,2215,HERMIT,栃木県,0,,-
CANNON BALLERS,Get Up! feat. Kanae Asaba,0,,-,591,SAYA..,栃木県,1252,MINATO,栃木県,1904,HERMIT,栃木県,0,,-
CANNON BALLERS,FUTURE is Dead,0,,-,920,HERMIT,栃木県,1479,XELPHA,栃木県,2215,HERMIT,栃木県,0,,-
CANNON BALLERS,From Time To Time,0,,-,791,S.O,栃木県,1871,MINATO,栃木県,2538,HERMIT,栃木県,0,,-
CANNON BALLERS,FREEDOM,0,,-,1008,SAYA..,栃木県,1716,HERMIT,栃木県,2931,SLEEPY,栃木県,0,,-
CANNON BALLERS,FIRE BALL,0,,-,838,HN.AKN,栃木県,1601,MOKOU*,栃木県,2451,HERMIT,栃木県,0,,-
CANNON BALLERS,Fervidex,0,,-,846,SENJU.,栃木県,1817,A-BLUE,栃木県,2716,HERMIT,栃木県,0,,-
CANNON BALLERS,Expanded !!,0,,-,676,SAYA..,栃木県,1539,SAYA..,栃木県,2629,HERMIT,栃木県,0,,-
CANNON BALLERS,Exhaust Hype,0,,-,1034,SAYA..,栃木県,1941,SLEEPY,栃木県,2825,77HIRA,栃木県,0,,-
CANNON BALLERS,encounter,0,,-,975,SAYA..,栃木県,1780,HERMIT,栃木県,3310,HERMIT,栃木県,0,,-
CANNON BALLERS,EMERALDAS,519,SAYA..,栃木県,1340,44TAKA,栃木県,2429,SLEEPY,栃木県,3515,HERMIT,栃木県,0,,-
CANNON BALLERS,Eine Haube ～聖地の果てにあるもの～,0,,-,970,FLB,栃木県,1401,XELPHA,栃木県,2598,HERMIT,栃木県,0,,-
CANNON BALLERS,DropZ-Line-,0,,-,1303,FLB,栃木県,2018,XELPHA,栃木県,3192,HERMIT,栃木県,0,,-
CANNON BALLERS,DEATH†ZIGOQ ～怒りの高速爆走野郎～,0,,-,1367,44TAKA,栃木県,2411,SLEEPY,栃木県,4073,HERMIT,栃木県,4743,HERMIT,栃木県
CANNON BALLERS,DEADHEAT,0,,-,1201,SAYA..,栃木県,1991,RYO-XI,栃木県,3397,HERMIT,栃木県,0,,-
CANNON BALLERS,COSMIC☆WONDER☆REVOLUTION,0,,-,772,SAYA..,栃木県,1412,FLB,栃木県,2094,SLEEPY,栃木県,0,,-
CANNON BALLERS,City Never Sleeps (IIDX Edition),0,,-,1296,R*,栃木県,1903,ENOCH,栃木県,2665,HERMIT,栃木県,0,,-
CANNON BALLERS,Chemical Cookie,0,,-,824,FLB,栃木県,1442,SLEEPY,栃木県,2151,SLEEPY,栃木県,0,,-
CANNON BALLERS,ChaserXX,0,,-,1058,CHOBB,栃木県,1835,XELPHA,栃木県,2848,HERMIT,栃木県,3783,SLEEPY,栃木県
CANNON BALLERS,Break Stasis,0,,-,1284,CHOBB,栃木県,1889,R69?,栃木県,2539,HERMIT,栃木県,0,,-
CANNON BALLERS,Boomy and The Boost,421,SAYA..,栃木県,1059,SENJU.,栃木県,2023,XELPHA,栃木県,3550,HERMIT,栃木県,0,,-
CANNON BALLERS,Best of Me,0,,-,821,SENJU.,栃木県,1590,XELPHA,栃木県,2245,HERMIT,栃木県,0,,-
CANNON BALLERS,Beast mode,0,,-,1015,CHOBB,栃木県,1549,XELPHA,栃木県,2767,SLEEPY,栃木県,0,,-
CANNON BALLERS,Be a Hero!,0,,-,776,RYO-XI,栃木県,1932,XELPHA,栃木県,3137,HERMIT,栃木県,0,,-
CANNON BALLERS,Battleground,0,,-,1146,CHOBB,栃木県,1888,SLEEPY,栃木県,2702,SLEEPY,栃木県,0,,-
CANNON BALLERS,Back Spin Sweeper,0,,-,855,SENJU.,栃木県,1383,XELPHA,栃木県,2276,HERMIT,栃木県,0,,-
CANNON BALLERS,Around the Future,0,,-,1036,CHOBB,栃木県,1700,TSKASA,栃木県,2611,SLEEPY,栃木県,0,,-
CANNON BALLERS,Arca,0,,-,914,44TAKA,栃木県,1865,FLUB,栃木県,3158,HERMIT,栃木県,0,,-
CANNON BALLERS,Antigravity,0,,-,1021,CHOBB,栃木県,1972,XELPHA,栃木県,3095,HERMIT,栃木県,0,,-
CANNON BALLERS,ANCHOR,0,,-,1334,PDIDDY,栃木県,2535,SLEEPY,栃木県,3606,HERMIT,栃木県,0,,-
CANNON BALLERS,ANAGMA,0,,-,1012,DEARKA,栃木県,1793,WISH,栃木県,2637,SLEEPY,栃木県,0,,-
CANNON BALLERS,Amor De Verao,0,,-,802,SAYA..,栃木県,1406,MINATO,栃木県,2337,HERMIT,栃木県,0,,-
CANNON BALLERS,Alpheratz,0,,-,435,TOUKA,栃木県,1027,HIRO&C,栃木県,2092,SLEEPY,栃木県,0,,-
CANNON BALLERS,Acidiva 303,0,,-,826,SAYA..,栃木県,1359,SAYA..,栃木県,2286,DAIMON,栃木県,0,,-
CANNON BALLERS,ACCELERATE,0,,-,1163,POTATO,栃木県,1723,XELPHA,栃木県,2507,SLEEPY,栃木県,0,,-
CANNON BALLERS,Abraxas,0,,-,783,SMILE*,栃木県,1609,XELPHA,栃木県,2445,SLEEPY,栃木県,0,,-
CANNON BALLERS,AA -rebuild-,0,,-,1255,96GAL.,栃木県,2419,H4MITN,栃木県,3615,HERMIT,栃木県,0,,-
CANNON BALLERS,255,0,,-,908,RYO-XI,栃木県,1572,XELPHA,栃木県,3302,HERMIT,栃木県,0,,-
CANNON BALLERS,2 Player,0,,-,966,RYO-XI,栃木県,1627,SLEEPY,栃木県,2564,HERMIT,栃木県,0,,-
CANNON BALLERS,1001 -ESCAPE-,0,,-,1040,SAYA..,栃木県,1698,DAIKI.,栃木県,2639,SLEEPY,栃木県,0,,-
Rootage,龍王の霊廟(Mausoleum Of The Primal Dragon),0,,-,1098,S.TKNS,栃木県,2296,A,栃木県,3208,SLEEPY,栃木県,3992,HERMIT,栃木県
Rootage,金野火織の金色提言,0,,-,1239,CHOBB,栃木県,2201,CHAAAR,栃木県,3149,HERMIT,栃木県,0,,-
Rootage,花冠 feat.Aikapin,0,,-,948,S.O,栃木県,1719,HERMIT,栃木県,2578,HERMIT,栃木県,0,,-
Rootage,爆ゼニ☆がってんワーカー,0,,-,1240,SAYA..,栃木県,1870,FLB,栃木県,2754,HERMIT,栃木県,0,,-
Rootage,深愛のリグレット,0,,-,795,SAYA..,栃木県,1204,SLEEPY,栃木県,2400,SLEEPY,栃木県,0,,-
Rootage,泰東ノ翠霞,0,,-,497,SAYA..,栃木県,762,SAYA..,栃木県,1769,HERMIT,栃木県,0,,-
Rootage,最小三倍完全数,0,,-,921,SAYA..,栃木県,1759,XELPHA,栃木県,2563,HERMIT,栃木県,0,,-
Rootage,抱きしめてモナムール,0,,-,1317,SAYA..,栃木県,2269,GF8300,栃木県,4163,HERMIT,栃木県,0,,-
Rootage,夏の匂い。キミの残像。 ft. Kanae Asaba,0,,-,688,SAYA..,栃木県,1543,T****A,栃木県,2557,HERMIT,栃木県,0,,-
Rootage,ミッドナイト☆WAR,0,,-,824,SAYA..,栃木県,1559,XELPHA,栃木県,2512,SLEEPY,栃木県,0,,-
Rootage,ミストレス・アンに花束を,0,,-,569,FLB,栃木県,1004,FLB,栃木県,1426,SLEEPY,栃木県,0,,-
Rootage,ハードベース・フェスタ,0,,-,1127,FLB,栃木県,1805,XELPHA,栃木県,2864,HERMIT,栃木県,0,,-
Rootage,セカンドピアス,0,,-,602,SAYA..,栃木県,1100,96GAL.,栃木県,2026,SLEEPY,栃木県,0,,-
Rootage,サクラあっぱれーしょん,268,TOUKA,栃木県,631,SLEEPY,栃木県,1542,SLEEPY,栃木県,2325,SLEEPY,栃木県,0,,-
Rootage,グラナダの風,0,,-,810,MIKAN.,栃木県,1202,XELPHA,栃木県,1860,77HIRA,栃木県,0,,-
Rootage,お菓子の王国,0,,-,1407,RYO-XI,栃木県,2262,A,栃木県,4094,HERMIT,栃木県,0,,-
Rootage,おーまい！らぶりー！すうぃーてぃ！だーりん！,0,,-,1093,AISHIA,栃木県,1936,H4MITN,栃木県,2925,HERMIT,栃木県,0,,-
Rootage,ZENDEGI DANCE,0,,-,1172,FLB,栃木県,1818,L393,栃木県,2760,SLEEPY,栃木県,0,,-
Rootage,Yum Yum Jelly,0,,-,781,SAYA..,栃木県,1553,XELPHA,栃木県,2360,HERMIT,栃木県,0,,-
Rootage,Xlo,0,,-,1490,FLB,栃木県,2484,SLEEPY,栃木県,3788,SLEEPY,栃木県,0,,-
Rootage,XENON II ～TOMOYUKIの野望～,0,,-,1183,XELPHA,栃木県,1758,XELPHA,栃木県,3006,HERMIT,栃木県,0,,-
Rootage,X-DEN,0,,-,1633,XELPHA,栃木県,2708,SLEEPY,栃木県,4060,HERMIT,栃木県,0,,-
Rootage,Wonderland,0,,-,1065,SAYA..,栃木県,1845,86M4C?,栃木県,2752,SLEEPY,栃木県,0,,-
Rootage,Won(*3*)Chu KissMe!,272,EVANSU,栃木県,940,SLEEPY,栃木県,1383,96GAL.,栃木県,2513,SLEEPY,栃木県,0,,-
Rootage,Wolf 1061,0,,-,1021,SAYA..,栃木県,1682,XELPHA,栃木県,3128,SLEEPY,栃木県,0,,-
Rootage,Wing of Hearts,0,,-,1097,CHOBB,栃木県,1779,XELPHA,栃木県,2939,TIHAYA,栃木県,0,,-
Rootage,voltississimo,0,,-,1196,DORAMA,栃木県,2088,XELPHA,栃木県,3682,HERMIT,栃木県,0,,-
Rootage,Visterhv,0,,-,1251,SAYA..,栃木県,2226,GA9BRU,栃木県,3717,HERMIT,栃木県,0,,-
Rootage,Urban Constellations,0,,-,718,SAYA..,栃木県,1485,*YUU*,栃木県,2295,HERMIT,栃木県,0,,-
Rootage,UNDERWORLD HOLOGRAPHY,0,,-,1136,96GAL.,栃木県,2091,FL4V1A,栃木県,3274,HERMIT,栃木県,0,,-
Rootage,Unbelief,0,,-,1063,CHOBB,栃木県,2067,CLL,栃木県,3240,HERMIT,栃木県,0,,-
Rootage,U.S.A.,573,SAYA..,栃木県,1111,CHOBB,栃木県,1880,XELPHA,栃木県,2910,SLEEPY,栃木県,0,,-
Rootage,Twilight Warp,0,,-,960,SAYA..,栃木県,1438,96GAL.,栃木県,2158,SLEEPY,栃木県,0,,-
Rootage,Trill auf G,0,,-,1138,96GAL.,栃木県,2076,A,栃木県,3264,HERMIT,栃木県,0,,-
Rootage,ToyCube Pf.(RX-Ver.S.P.L.),0,,-,733,CAT2-U,栃木県,1524,FLB,栃木県,2284,SLEEPY,栃木県,0,,-
Rootage,toy boxer,0,,-,773,SAYA..,栃木県,1407,SAYA..,栃木県,2234,TIHAYA,栃木県,0,,-
Rootage,The Sealer ～ア・ミリアとミリアの民～,0,,-,820,S.O,栃木県,1409,SAYA..,栃木県,2228,HERMIT,栃木県,0,,-
Rootage,The Rebellion of Sequencer,0,,-,1226,96GAL.,栃木県,1924,MINATO,栃木県,3164,HERMIT,栃木県,0,,-
Rootage,THE DAY OF JUBILATIONS,0,,-,1503,44TAKA,栃木県,2347,XELPHA,栃木県,3472,HERMIT,栃木県,0,,-
Rootage,The Best of Both Worlds,0,,-,599,SAYA..,栃木県,1400,MINATO,栃木県,2229,SLEEPY,栃木県,0,,-
Rootage,Technicolour Dreams,0,,-,935,SAYA..,栃木県,1419,SAYA..,栃木県,2393,SLEEPY,栃木県,0,,-
Rootage,Starry Night,0,,-,917,SAYA..,栃木県,1608,XELPHA,栃木県,2514,SLEEPY,栃木県,0,,-
Rootage,SPEED ROCKER,0,,-,907,KIRYU-,栃木県,1699,XELPHA,栃木県,2315,SLEEPY,栃木県,0,,-
Rootage,Six String Proof,0,,-,887,RYO-XI,栃木県,1559,RYO-XI,栃木県,2507,SLEEPY,栃木県,0,,-
Rootage,SIGMA,0,,-,838,SAYA..,栃木県,1525,MINATO,栃木県,2664,HERMIT,栃木県,0,,-
Rootage,Sidechained Threats,0,,-,1193,XYZ,栃木県,1920,MOKOU*,栃木県,2406,FUBUK1,栃木県,0,,-
Rootage,Serious?,0,,-,591,SAYA..,栃木県,1178,SAYA..,栃木県,2218,SLEEPY,栃木県,0,,-
Rootage,R∞tAge,545,SAYA..,栃木県,1086,DORAMA,栃木県,1653,FLB,栃木県,2971,SLEEPY,栃木県,0,,-
Rootage,ruin of opals,0,,-,995,SLEEPY,栃木県,1927,SLEEPY,栃木県,3119,SLEEPY,栃木県,0,,-
Rootage,ROZA DE ANDALUCIA,0,,-,1266,FIONE.,栃木県,1967,XELPHA,栃木県,3072,HERMIT,栃木県,0,,-
Rootage,"ROCK女 feat. 大山愛未, Ken",0,,-,1074,SLEEPY,栃木県,1832,HERMIT,栃木県,2753,HERMIT,栃木県,0,,-
Rootage,REPLAY,0,,-,930,TEREYA,栃木県,1588,XELPHA,栃木県,2265,SLEEPY,栃木県,0,,-
Rootage,Red. by Jack Trance,0,,-,1445,44TAKA,栃木県,2169,SLEEPY,栃木県,3484,SLEEPY,栃木県,0,,-
Rootage,Re:Story,0,,-,434,SAYA..,栃木県,1110,SAYA..,栃木県,1939,*YUU*,栃木県,0,,-
Rootage,Psycho Sheep Riddim,0,,-,643,SAYA..,栃木県,987,SAYA..,栃木県,1671,HERMIT,栃木県,2269,FL4V1A,栃木県
Rootage,Please Welcome Mr.C,0,,-,1099,RYO-XI,栃木県,1746,SENJU.,栃木県,2989,HERMIT,栃木県,0,,-
Rootage,Playing With Fire,0,,-,981,CHOBB,栃木県,1627,XELPHA,栃木県,2375,SLEEPY,栃木県,0,,-
Rootage,Particle Arts,0,,-,838,HN.AKN,栃木県,1625,XELPHA,栃木県,2473,HERMIT,栃木県,0,,-
Rootage,Painful Fate,0,,-,1257,XELPHA,栃木県,2234,HINA-A,栃木県,3349,HERMIT,栃木県,0,,-
Rootage,OVER TIME,0,,-,584,SAYA..,栃木県,976,SAYA..,栃木県,1557,SLEEPY,栃木県,0,,-
Rootage,ONIGOROSHI,0,,-,1149,TASSO*,栃木県,2066,82KT,栃木県,3029,HERMIT,栃木県,0,,-
Rootage,Night! Night! Night!,0,,-,1188,FLB,栃木県,1848,HERMIT,栃木県,3048,HERMIT,栃木県,0,,-
Rootage,"Next Tales 2 Oath (IIDX 20th Anniv ""Ring"" Theme)",0,,-,907,SAYA..,栃木県,1625,XELPHA,栃木県,2743,HERMIT,栃木県,0,,-
Rootage,Necroxis Girl,0,,-,1136,CHOBB,栃木県,1893,XELPHA,栃木県,2809,SLEEPY,栃木県,0,,-
Rootage,Macho Monky,0,,-,1436,S.O,栃木県,2086,XELPHA,栃木県,3027,SLEEPY,栃木県,0,,-
Rootage,LOST TECHNOLOGIE,0,,-,1146,FLB,栃木県,1898,DAIMON,栃木県,3518,SLEEPY,栃木県,0,,-
Rootage,Lift Us High,0,,-,975,SENJU.,栃木県,1581,SAYA..,栃木県,2476,SLEEPY,栃木県,0,,-
Rootage,Level One,0,,-,1230,96GAL.,栃木県,2340,SLEEPY,栃木県,3473,TSKASA,栃木県,0,,-
Rootage,Lethal Weapon,0,,-,1190,DAIKI.,栃木県,1885,GA9BRU,栃木県,3215,HERMIT,栃木県,0,,-
Rootage,Let me be your cure,0,,-,1138,SAYA..,栃木県,1430,HERMIT,栃木県,2678,HERMIT,栃木県,0,,-
Rootage,LADYBIRD,0,,-,1110,FLB,栃木県,1639,XELPHA,栃木県,2455,SLEEPY,栃木県,0,,-
Rootage,L.F.O,0,,-,877,FLB,栃木県,1774,DAIMON,栃木県,3312,HERMIT,栃木県,0,,-
Rootage,KILL EACH OTHER,0,,-,1398,FLB,栃木県,2399,H4MITN,栃木県,3833,HERMIT,栃木県,0,,-
Rootage,IDOL syndrome.,0,,-,761,SAYA..,栃木県,1446,ZABTON,栃木県,2210,HERMIT,栃木県,2994,SLEEPY,栃木県
Rootage,IDC feat.REVERBEE (Mo'Cuts Ver),0,,-,1095,SLEEPY,栃木県,1508,FLB,栃木県,2197,SLEEPY,栃木県,0,,-
Rootage,Hurry Hurry,0,,-,759,SAYA..,栃木県,1041,SAYA..,栃木県,2088,SLEEPY,栃木県,0,,-
Rootage,HOT LIMIT,404,SAYA..,栃木県,1037,CHOBB,栃木県,1712,DAIKI.,栃木県,2550,HERMIT,栃木県,0,,-
Rootage,HEISEI,378,SAYA..,栃木県,1122,CHOBB,栃木県,1935,SLEEPY,栃木県,2567,SLEEPY,栃木県,0,,-
Rootage,HARD BRAIN,0,,-,1345,SAYA..,栃木県,2018,XELPHA,栃木県,3768,HERMIT,栃木県,0,,-
Rootage,GO OVER WITH GLARE -ROOTAGE 26-,0,,-,1056,FLB,栃木県,2259,SLEEPY,栃木県,3927,HERMIT,栃木県,0,,-
Rootage,Glory,0,,-,742,DEARKA,栃木県,1621,XELPHA,栃木県,2330,SLEEPY,栃木県,0,,-
Rootage,GIGA THRASH,0,,-,1247,SAYA..,栃木県,1859,SLEEPY,栃木県,2734,SLEEPY,栃木県,0,,-
Rootage,GENE,0,,-,1308,SLEEPY,栃木県,1995,SLEEPY,栃木県,4333,HERMIT,栃木県,0,,-
Rootage,Geirskogul,0,,-,1076,SAYA..,栃木県,1590,XELPHA,栃木県,2243,SLEEPY,栃木県,0,,-
Rootage,Garuda,0,,-,1047,SAYA..,栃木県,1618,GAMAS,栃木県,2610,HERMIT,栃木県,0,,-
Rootage,EVANESCENT,0,,-,1256,FLB,栃木県,2278,XELPHA,栃木県,3612,HERMIT,栃木県,0,,-
Rootage,Ember Lights,0,,-,964,SAYA..,栃木県,1638,777,栃木県,2718,SLEEPY,栃木県,0,,-
Rootage,DRUNK MONKY,0,,-,960,DEARKA,栃木県,1625,SLEEPY,栃木県,2297,SLEEPY,栃木県,0,,-
Rootage,Drastic Dramatic,0,,-,1548,HOMURA,栃木県,2335,RINGO*,栃木県,3503,SLEEPY,栃木県,0,,-
Rootage,Dr. Chemical & Killing Machine,0,,-,1117,SAYA..,栃木県,1865,SLEEPY,栃木県,3375,SLEEPY,栃木県,0,,-
Rootage,Digital Skipper,0,,-,994,96GAL.,栃木県,1541,XELPHA,栃木県,2235,SLEEPY,栃木県,0,,-
Rootage,dAuntl3ss,0,,-,1072,SAYA..,栃木県,2021,SLEEPY,栃木県,3514,HERMIT,栃木県,0,,-
Rootage,Cranberry City ft. Luschel,0,,-,839,CHOBB,栃木県,1564,HIRO&C,栃木県,2436,SLEEPY,栃木県,0,,-
Rootage,COSMIC CYBER,0,,-,1024,S.O,栃木県,1649,XIAO*,栃木県,2912,SLEEPY,栃木県,0,,-
Rootage,CoMAAAAAAA,0,,-,1263,A-SNOW,栃木県,2069,XELPHA,栃木県,2401,SLEEPY,栃木県,0,,-
Rootage,CODE:0,0,,-,1426,SENJU.,栃木県,2158,XELPHA,栃木県,2833,FL4V1A,栃木県,3355,SLEEPY,栃木県
Rootage,Catch Our Fire!,0,,-,1322,CHOBB,栃木県,2236,A,栃木県,3745,HERMIT,栃木県,0,,-
Rootage,Carry Me Away,533,SENJU.,栃木県,1122,SAYA..,栃木県,1803,XELPHA,栃木県,3180,HERMIT,栃木県,0,,-
Rootage,Carmina,523,SAYA..,栃木県,1307,FLB,栃木県,2408,COLCA,栃木県,3811,HERMIT,栃木県,0,,-
Rootage,BLOSSOM,0,,-,1091,DAIKI.,栃木県,1634,539LO,栃木県,2555,HERMIT,栃木県,0,,-
Rootage,BLACK JACKAL,0,,-,845,M-ETAL,栃木県,1568,XELPHA,栃木県,2334,SLEEPY,栃木県,0,,-
Rootage,Angels & Demons,0,,-,919,SAYA..,栃木県,1725,XELPHA,栃木県,2435,SLEEPY,栃木県,0,,-
Rootage,AGAiN,0,,-,1029,SAYA..,栃木県,1574,R69?,栃木県,2290,SLEEPY,栃木県,0,,-
Rootage,Afterimage d'automne,0,,-,1031,FLB,栃木県,1659,RYO-XI,栃木県,2840,SLEEPY,栃木県,0,,-
Rootage,A Tale Hidden In The Abyss,0,,-,906,HN.AKN,栃木県,1696,MINATO,栃木県,2609,HERMIT,栃木県,0,,-
Rootage,50th Memorial Songs -二人の時 ～under the cherry blossoms～-,564,SENJU.,栃木県,1229,DORAMA,栃木県,1662,T****A,栃木県,2614,TIHAYA,栃木県,0,,-
Rootage,50th Memorial Songs -The BEMANI History-,545,SENJU.,栃木県,1075,TASSO*,栃木県,1609,XELPHA,栃木県,2650,SLEEPY,栃木県,0,,-
Rootage,50th Memorial Songs -Flagship medley-,379,SENJU.,栃木県,963,DORAMA,栃木県,1551,DAIKI.,栃木県,2291,SLEEPY,栃木県,0,,-
Rootage,50th Memorial Songs -Beginning Story-,322,MINATO,栃木県,819,DORAMA,栃木県,1642,XELPHA,栃木県,2721,SLEEPY,栃木県,0,,-
Rootage,& Intelligence,0,,-,1150,DEARKA,栃木県,2102,R69?,栃木県,3177,SLEEPY,栃木県,0,,-
HEROIC VERSE,魅惑のYUMMYスイーツ,0,,-,925,SAYA..,栃木県,1775,NANORA,栃木県,3090,HERMIT,栃木県,0,,-
HEROIC VERSE,開きたまえ！Next stAge！,0,,-,1146,SAYA..,栃木県,1693,SAYA..,栃木県,2905,HERMIT,栃木県,0,,-
HEROIC VERSE,錬成人間トリコロイダー,0,,-,1055,SAYA..,栃木県,1795,MINATO,栃木県,3210,HERMIT,栃木県,0,,-
HEROIC VERSE,華麗なる大犬円舞曲,0,,-,1369,ZABTON,栃木県,2105,GA9BRU,栃木県,3537,HERMIT,栃木県,0,,-
HEROIC VERSE,眠りの国のステラ,0,,-,1179,SAYA..,栃木県,1811,XELPHA,栃木県,2748,SLEEPY,栃木県,0,,-
HEROIC VERSE,狂水一華,0,,-,968,SAYA..,栃木県,1714,SAYA..,栃木県,2709,HERMIT,栃木県,0,,-
HEROIC VERSE,灼熱Beach Side Bunny (Masayoshi Iimori Remix),0,,-,662,SAYA..,栃木県,1128,XELPHA,栃木県,1806,SLEEPY,栃木県,0,,-
HEROIC VERSE,深淵に捧ぐレクイエム,0,,-,851,SAYA..,栃木県,1641,SLEEPY,栃木県,3024,SLEEPY,栃木県,0,,-
HEROIC VERSE,曼荼羅恋々,0,,-,1112,SAYA..,栃木県,1726,XELPHA,栃木県,2773,HERMIT,栃木県,0,,-
HEROIC VERSE,俺ら東京さ行ぐだ,256,HERMIT,栃木県,645,SAYA..,栃木県,1295,SLEEPY,栃木県,1991,SLEEPY,栃木県,3503,SLEEPY,栃木県
HEROIC VERSE,令和(1991RAVE REMIX),355,MINATO,栃木県,574,SLEEPY,栃木県,1393,SLEEPY,栃木県,2187,HAMITN,栃木県,0,,-
HEROIC VERSE,ランカーキラーガール,0,,-,1158,SAYA..,栃木県,1875,XELPHA,栃木県,2942,HERMIT,栃木県,0,,-
HEROIC VERSE,ラブキラ☆スプラッシュ,0,,-,1120,SAYA..,栃木県,1646,SAYA..,栃木県,2522,SLEEPY,栃木県,0,,-
HEROIC VERSE,ピアノ協奏曲第1番”蠍火” (BlackY Remix),0,,-,1023,RYO-XI,栃木県,2118,SLEEPY,栃木県,3751,SLEEPY,栃木県,0,,-
HEROIC VERSE,バッドエンド・シンドローム,0,,-,1061,SAYA..,栃木県,1740,SAYA..,栃木県,2978,HERMIT,栃木県,0,,-
HEROIC VERSE,セピアの軌跡 ft. 天宮みや(少女フラクタル),381,SAYA..,栃木県,805,SAYA..,栃木県,1448,MINATO,栃木県,2400,HERMIT,栃木県,0,,-
HEROIC VERSE,シャムシールの舞,0,,-,860,SAYA..,栃木県,1534,XELPHA,栃木県,2561,HERMIT,栃木県,0,,-
HEROIC VERSE,ガヴリールドロップキック,410,SAYA..,栃木県,782,XELPHA,栃木県,1658,XELPHA,栃木県,2680,SLEEPY,栃木県,0,,-
HEROIC VERSE,がっつり陰キャ!? 怪盗いいんちょの億劫^^;,0,,-,1557,FLB,栃木県,2655,GA9BRU,栃木県,4298,HERMIT,栃木県,0,,-
HEROIC VERSE,Ypsilon,0,,-,1109,SAYA..,栃木県,1761,MINATO,栃木県,2885,SLEEPY,栃木県,3558,SLEEPY,栃木県
HEROIC VERSE,Voo Doo Bamboleo,0,,-,911,SENJU.,栃木県,1536,XELPHA,栃木県,2501,HERMIT,栃木県,0,,-
HEROIC VERSE,Volcanic Dragon,0,,-,1078,SAYA..,栃木県,1807,SLEEPY,栃木県,2975,HERMIT,栃木県,0,,-
HEROIC VERSE,Virus Funk,0,,-,780,SAYA..,栃木県,1511,XELPHA,栃木県,2223,HERMIT,栃木県,0,,-
HEROIC VERSE,Vinculum stellarum,0,,-,935,SAYA..,栃木県,2391,SLEEPY,栃木県,3671,SLEEPY,栃木県,0,,-
HEROIC VERSE,VIBRΛ,0,,-,941,SAYA..,栃木県,1309,SAYA..,栃木県,1876,HERMIT,栃木県,0,,-
HEROIC VERSE,VALKYRIAS -英雄誕生-,467,SAYA..,栃木県,1043,SAYA..,栃木県,1734,XELPHA,栃木県,2764,HERMIT,栃木県,0,,-
HEROIC VERSE,UNITE THE HEART,0,,-,1492,SAYA..,栃木県,2570,GA9BRU,栃木県,3315,HERMIT,栃木県,0,,-
HEROIC VERSE,TRIUMPH,0,,-,941,SAYA..,栃木県,1994,DAIKI.,栃木県,3383,HERMIT,栃木県,0,,-
HEROIC VERSE,Theory,0,,-,798,SAYA..,栃木県,1408,GA9BRU,栃木県,2576,SLEEPY,栃木県,0,,-
HEROIC VERSE,The Sky of Sadness,0,,-,879,SAYA..,栃木県,1496,SENJU.,栃木県,2408,SLEEPY,栃木県,0,,-
HEROIC VERSE,THE F∀UST,0,,-,1342,GA9BRU,栃木県,2276,SLEEPY,栃木県,3605,HERMIT,栃木県,0,,-
HEROIC VERSE,THE BRAVE MUST DIE,0,,-,1414,SAYA..,栃木県,2424,GA9BRU,栃木県,4095,HERMIT,栃木県,0,,-
HEROIC VERSE,TECHNO Style Essentials,0,,-,1013,SAYA..,栃木県,1633,SLEEPY,栃木県,2860,SLEEPY,栃木県,0,,-
HEROIC VERSE,take me higher,0,,-,823,SAYA..,栃木県,1259,SAYA..,栃木県,2010,SLEEPY,栃木県,0,,-
HEROIC VERSE,T-REX vs Velociraptor (In the Far east euphoria),0,,-,1395,SAYA..,栃木県,1825,XELPHA,栃木県,3234,HERMIT,栃木県,0,,-
HEROIC VERSE,Sugar Drippin',0,,-,777,HOMURA,栃木県,1365,XELPHA,栃木県,2090,SLEEPY,栃木県,0,,-
HEROIC VERSE,STOIC HYPOTHESIS,0,,-,1117,SAYA..,栃木県,1763,RYO-XI,栃木県,2837,SLEEPY,栃木県,0,,-
HEROIC VERSE,Sparkle Smilin',0,,-,919,SAYA..,栃木県,1482,SAYA..,栃木県,2467,HERMIT,栃木県,0,,-
HEROIC VERSE,Smashing Wedge,0,,-,966,SAYA..,栃木県,2209,SLEEPY,栃木県,3816,HERMIT,栃木県,0,,-
HEROIC VERSE,Ska-sh All Neurons!!,0,,-,991,SAYA..,栃木県,1463,SLEEPY,栃木県,2333,HERMIT,栃木県,0,,-
HEROIC VERSE,Silly Love,253,SAYA..,栃木県,795,SAYA..,栃木県,1372,SAYA..,栃木県,2083,HERMIT,栃木県,0,,-
HEROIC VERSE,Shiva,0,,-,734,SAYA..,栃木県,1460,XELPHA,栃木県,2134,HERMIT,栃木県,0,,-
HEROIC VERSE,Sellout,0,,-,548,SAYA..,栃木県,1055,SAYA..,栃木県,2113,SLEEPY,栃木県,0,,-
HEROIC VERSE,SCREW // owo // SCREW,0,,-,1125,DORAMA,栃木県,2147,GA9BRU,栃木県,2995,SLEEPY,栃木県,0,,-
HEROIC VERSE,S!ck (Nhato Remix),0,,-,991,FLB,栃木県,1613,XELPHA,栃木県,2531,HERMIT,栃木県,0,,-
HEROIC VERSE,rough percussionythm,0,,-,1016,SAYA..,栃木県,1648,SAYA..,栃木県,2503,SLEEPY,栃木県,0,,-
HEROIC VERSE,Rave Patroller,0,,-,1362,SAYA..,栃木県,2338,SLEEPY,栃木県,3386,HERMIT,栃木県,0,,-
HEROIC VERSE,Rave lithosphere,0,,-,1091,SAYA..,栃木県,1770,SLEEPY,栃木県,2649,SLEEPY,栃木県,0,,-
HEROIC VERSE,Rainstorm,0,,-,987,SAYA..,栃木県,1537,SLEEPY,栃木県,2283,SLEEPY,栃木県,0,,-
HEROIC VERSE,Queen Kaguya,0,,-,980,SAYA..,栃木県,1868,KT*HNK,栃木県,2613,HERMIT,栃木県,0,,-
HEROIC VERSE,Punching Down (IIDX Mix),0,,-,667,SAYA..,栃木県,1160,SAYA..,栃木県,1857,DAIKI.,栃木県,0,,-
HEROIC VERSE,Primitive Vibes,592,SAYA..,栃木県,1161,SAYA..,栃木県,1987,DAIMON,栃木県,3078,SLEEPY,栃木県,0,,-
HEROIC VERSE,POP TEAM EPIC(kors k Remix),330,KM0319,栃木県,538,REIP2Z,栃木県,1287,SAYA..,栃木県,2139,SLEEPY,栃木県,0,,-
HEROIC VERSE,PHASE SHIFT MANEUVER,0,,-,1269,SENJU.,栃木県,1704,XELPHA,栃木県,2856,SLEEPY,栃木県,0,,-
HEROIC VERSE,Override,0,,-,953,96GAL.,栃木県,1602,SAYA..,栃木県,2914,HERMIT,栃木県,4320,HERMIT,栃木県
HEROIC VERSE,OUTER PLANETS,0,,-,677,SAYA..,栃木県,1395,ZABTON,栃木県,2183,SLEEPY,栃木県,0,,-
HEROIC VERSE,ORCA,0,,-,1322,SAYA..,栃木県,2393,SLEEPY,栃木県,3475,HERMIT,栃木県,0,,-
HEROIC VERSE,Ohayo!,0,,-,968,SAYA..,栃木県,1583,SLEEPY,栃木県,2392,DAIMON,栃木県,0,,-
HEROIC VERSE,NRG STAR '86 feat. 大山愛未,0,,-,1028,SAYA..,栃木県,1501,SLEEPY,栃木県,2653,SLEEPY,栃木県,0,,-
HEROIC VERSE,NEWALONE,0,,-,598,SAYA..,栃木県,1291,SLEEPY,栃木県,2008,DAIKI.,栃木県,0,,-
HEROIC VERSE,Nasty Techniques,0,,-,984,SAYA..,栃木県,1696,SLEEPY,栃木県,2643,SLEEPY,栃木県,0,,-
HEROIC VERSE,Moving on,0,,-,1046,SAYA..,栃木県,1947,DAIMON,栃木県,2987,HERMIT,栃木県,0,,-
HEROIC VERSE,Mel,0,,-,789,SAYA..,栃木県,1518,44RIVE,栃木県,2170,TIHAYA,栃木県,0,,-
HEROIC VERSE,Megalara Garuda,0,,-,1471,SAYA..,栃木県,1950,SLEEPY,栃木県,3046,SLEEPY,栃木県,0,,-
HEROIC VERSE,Matt Silver,0,,-,1179,SAYA..,栃木県,2123,SLEEPY,栃木県,3338,SLEEPY,栃木県,0,,-
HEROIC VERSE,Lost Souls,0,,-,708,SENJU.,栃木県,1679,XELPHA,栃木県,2458,HERMIT,栃木県,3950,SLEEPY,栃木県
HEROIC VERSE,Lords Of The Roundtable,0,,-,1055,SAYA..,栃木県,1859,SLEEPY,栃木県,2988,HERMIT,栃木県,0,,-
HEROIC VERSE,Like+it!,0,,-,1060,GA9BRU,栃木県,1750,T****A,栃木県,2371,HERMIT,栃木県,0,,-
HEROIC VERSE,LIGHTNING STRIKES,471,SAYA..,栃木県,934,SAYA..,栃木県,1699,DAIMON,栃木県,3257,HERMIT,栃木県,4171,HERMIT,栃木県
HEROIC VERSE,Level 2,0,,-,937,SAYA..,栃木県,1728,SLEEPY,栃木県,2821,SLEEPY,栃木県,0,,-
HEROIC VERSE,LASER CRUSTER (IGNITE REMIX),0,,-,791,SAYA..,栃木県,1754,XELPHA,栃木県,3584,HERMIT,栃木県,0,,-
HEROIC VERSE,Jetcoaster Windy,0,,-,816,SAYA..,栃木県,1413,SAYA..,栃木県,2274,DAIMON,栃木県,0,,-
HEROIC VERSE,Into The Madness,0,,-,998,SAYA..,栃木県,1579,XELPHA,栃木県,2537,HERMIT,栃木県,0,,-
HEROIC VERSE,Infinity Mirror,0,,-,861,SAYA..,栃木県,1393,DJSENA,栃木県,2320,SLEEPY,栃木県,0,,-
HEROIC VERSE,Inferno of Fomalhaut,0,,-,1031,SAYA..,栃木県,1866,SLEEPY,栃木県,3124,SLEEPY,栃木県,0,,-
HEROIC VERSE,If,0,,-,791,SAYA..,栃木県,1365,SLEEPY,栃木県,1904,SLEEPY,栃木県,0,,-
HEROIC VERSE,Hyper Drive feat. ぷにぷに電機,0,,-,668,SAYA..,栃木県,1511,ZABTON,栃木県,1992,SLEEPY,栃木県,0,,-
HEROIC VERSE,Horizons of Promise,0,,-,949,SAYA..,栃木県,1512,SAYA..,栃木県,2621,SLEEPY,栃木県,0,,-
HEROIC VERSE,Hold My Hand,0,,-,939,SAYA..,栃木県,1706,SLEEPY,栃木県,2487,SLEEPY,栃木県,0,,-
HEROIC VERSE,GIGA VIOLATE,0,,-,1102,SAYA..,栃木県,1620,XELPHA,栃木県,2750,HERMIT,栃木県,0,,-
HEROIC VERSE,GHOST,0,,-,828,SAYA..,栃木県,1471,SAYA..,栃木県,2764,HERMIT,栃木県,0,,-
HEROIC VERSE,Friction[!]Function,0,,-,1103,SAYA..,栃木県,1788,SLEEPY,栃木県,3190,HERMIT,栃木県,0,,-
HEROIC VERSE,Forgetting Machine,0,,-,727,SAYA..,栃木県,1244,44RIVE,栃木県,1715,SLEEPY,栃木県,0,,-
HEROIC VERSE,Fly Above (Vicissitude Remix),0,,-,885,SAYA..,栃木県,1536,XELPHA,栃木県,2392,HERMIT,栃木県,0,,-
HEROIC VERSE,fairy cocktail,0,,-,458,SAYA..,栃木県,1100,SLEEPY,栃木県,1636,HERMIT,栃木県,0,,-
HEROIC VERSE,EXCITE,331,SAYA..,栃木県,825,REIP2Z,栃木県,1357,SAYA..,栃木県,2229,HERMIT,栃木県,0,,-
HEROIC VERSE,Everlasting Message,0,,-,1250,SAYA..,栃木県,2268,SLEEPY,栃木県,3830,HERMIT,栃木県,0,,-
HEROIC VERSE,EROICA,0,,-,1398,SLEEPY,栃木県,2326,HERMIT,栃木県,3878,HERMIT,栃木県,0,,-
HEROIC VERSE,Duration,0,,-,542,SAYA..,栃木県,1026,SLEEPY,栃木県,1948,HERMIT,栃木県,0,,-
HEROIC VERSE,Drop It,0,,-,1370,MINATO,栃木県,1932,XELPHA,栃木県,2762,HERMIT,栃木県,0,,-
HEROIC VERSE,Double Dribble,0,,-,1274,SAYA..,栃木県,1937,SLEEPY,栃木県,3328,HERMIT,栃木県,0,,-
HEROIC VERSE,Do What You Want,0,,-,700,SAYA..,栃木県,1279,DAIMON,栃木県,2031,SLEEPY,栃木県,0,,-
HEROIC VERSE,Dans la nuit de l'eternite,0,,-,1398,SAYA..,栃木県,2225,GA9BRU,栃木県,3471,HERMIT,栃木県,0,,-
HEROIC VERSE,Crank It,0,,-,780,SAYA..,栃木県,1448,SAYA..,栃木県,2452,SLEEPY,栃木県,0,,-
HEROIC VERSE,Change Yourself,0,,-,968,96GAL.,栃木県,1747,SLEEPY,栃木県,2538,SLEEPY,栃木県,0,,-
HEROIC VERSE,Calvados Queen,0,,-,987,SAYA..,栃木県,1532,SLEEPY,栃木県,2477,HERMIT,栃木県,0,,-
HEROIC VERSE,Bow shock!!,0,,-,810,SAYA..,栃木県,1928,H4MITN,栃木県,3114,SLEEPY,栃木県,4271,HERMIT,栃木県
HEROIC VERSE,Beautiful Harmony (IIDX Mix),0,,-,899,SAYA..,栃木県,1694,RYO-XI,栃木県,2477,SLEEPY,栃木県,0,,-
HEROIC VERSE,beatAffection,0,,-,1045,SAYA..,栃木県,1557,SAYA..,栃木県,2674,SLEEPY,栃木県,0,,-
HEROIC VERSE,BEAT PRISONER,0,,-,1223,SAYA..,栃木県,2113,DAIMON,栃木県,3592,HERMIT,栃木県,0,,-
HEROIC VERSE,Backyard Stars,0,,-,1057,SAYA..,栃木県,1606,XELPHA,栃木県,2267,SLEEPY,栃木県,0,,-
HEROIC VERSE,Artist,0,,-,1290,SAYA..,栃木県,2339,SLEEPY,栃木県,3612,HERMIT,栃木県,0,,-
HEROIC VERSE,And-RoiD,0,,-,742,SAYA..,栃木県,1326,XELPHA,栃木県,2012,HERMIT,栃木県,0,,-
HEROIC VERSE,AKASHIC BREAK,0,,-,1243,96GAL.,栃木県,2366,GA9BRU,栃木県,3609,HERMIT,栃木県,0,,-
HEROIC VERSE,Advent Infamous,0,,-,1007,SENJU.,栃木県,1640,SAYA..,栃木県,2858,SLEEPY,栃木県,0,,-
HEROIC VERSE,27th style,0,,-,1175,DAIMON,栃木県,1796,SLEEPY,栃木県,2535,HERMIT,栃木県,0,,-
HAPPY SKY,Don't let it go,0,,-,715,SAYA..,栃木県,1274,SLEEPY,栃木県,1691,SLEEPY,栃木県,0,,-
GOLD,2hot2eat,0,,-,602,SAYA..,栃木県,1159,SAYA..,栃木県,1674,SLEEPY,栃木県,0,,-
DJ TROOPERS,高高度降下低高度開傘,0,,-,923,SAYA..,栃木県,1529,SLEEPY,栃木県,1996,HERMIT,栃木県,0,,-
EMPRESS,thunder HOUSE NATION Remix,0,,-,1076,SAYA..,栃木県,1621,SAYA..,栃木県,2471,HERMIT,栃木県,3898,HERMIT,栃木県
EMPRESS,Marie Antoinette,0,,-,1080,SAYA..,栃木県,1896,XELPHA,栃木県,2595,HERMIT,栃木県,3200,HERMIT,栃木県
BISTROVER,魔法のかくれんぼ,0,,-,882,SAYA..,栃木県,1654,PIEN,栃木県,2767,SLEEPY,栃木県,0,,-
BISTROVER,霧幻メモリア,0,,-,956,SAYA..,栃木県,1435,SLEEPY,栃木県,2036,SLEEPY,栃木県,0,,-
BISTROVER,閠槞彁の願い,0,,-,1049,SAYA..,栃木県,2151,SLEEPY,栃木県,3140,HERMIT,栃木県,0,,-
BISTROVER,紅蓮華,158,SAYA..,栃木県,526,SAYA..,栃木県,979,SAYA..,栃木県,1491,SLEEPY,栃木県,0,,-
BISTROVER,犬に雨傘,0,,-,930,SAYA..,栃木県,1448,FLB,栃木県,2107,DAIMON,栃木県,0,,-
BISTROVER,無意識のフィロソフィア,0,,-,1139,SAYA..,栃木県,2223,XELPHA,栃木県,3342,HERMIT,栃木県,0,,-
BISTROVER,涙のテ・エストラーニョ・ムーチョ,0,,-,1391,GA9BRU,栃木県,2014,SLEEPY,栃木県,2828,HERMIT,栃木県,0,,-
BISTROVER,水鏡の異界,0,,-,898,SAYA..,栃木県,1712,GA9BRU,栃木県,3162,HERMIT,栃木県,0,,-
BISTROVER,水無月の雫 ft. 小林まな,0,,-,1250,SAYA..,栃木県,1798,SLEEPY,栃木県,2616,SLEEPY,栃木県,0,,-
BISTROVER,新宝島,525,SAYA..,栃木県,792,SAYA..,栃木県,1398,SLEEPY,栃木県,2360,SLEEPY,栃木県,3542,SLEEPY,栃木県
BISTROVER,儚き恋の華,0,,-,1068,SAYA..,栃木県,1860,TSKASA,栃木県,3007,HERMIT,栃木県,0,,-
BISTROVER,伐折羅-vajra-,0,,-,1153,SAYA..,栃木県,2103,SLEEPY,栃木県,3695,HERMIT,栃木県,0,,-
BISTROVER,二人ノ廃城幽踊宴,0,,-,1224,SAYA..,栃木県,2240,DAIMON,栃木県,3592,HERMIT,栃木県,0,,-
BISTROVER,乱膳の舞姫,0,,-,1068,SAYA..,栃木県,1789,MINATO,栃木県,2731,HERMIT,栃木県,0,,-
BISTROVER,世界の果てに約束の凱歌を -ReUnion-,0,,-,1193,SAYA..,栃木県,1885,GA9BRU,栃木県,3910,HERMIT,栃木県,0,,-
BISTROVER,バッド・スイーツ、バッド・ドリーム,0,,-,1106,SAYA..,栃木県,1847,HERMIT,栃木県,3613,HERMIT,栃木県,0,,-
BISTROVER,ディスコルディア,0,,-,1367,SAYA..,栃木県,2351,SLEEPY,栃木県,3898,HERMIT,栃木県,0,,-
BISTROVER,スーパー戦湯ババンバーン,0,,-,1282,SAYA..,栃木県,2100,XELPHA,栃木県,3447,HERMIT,栃木県,0,,-
BISTROVER,ここからよろしく大作戦143,268,TOUKA,栃木県,967,SAYA..,栃木県,1769,SAYA..,栃木県,2524,HERMIT,栃木県,3184,SLEEPY,栃木県
BISTROVER,∀,604,SAYA..,栃木県,1328,SAYA..,栃木県,2231,DAIMON,栃木県,3537,SLEEPY,栃木県,0,,-
BISTROVER,Zenith,0,,-,841,SAYA..,栃木県,1445,DAIMON,栃木県,2153,HERMIT,栃木県,0,,-
BISTROVER,X-ray binary,0,,-,992,SAYA..,栃木県,1941,SLEEPY,栃木県,2816,SLEEPY,栃木県,0,,-
BISTROVER,Winner's Proof ft. KANASA from bless4,276,AL1$A.,栃木県,767,SAYA..,栃木県,1387,HERMIT,栃木県,2229,HERMIT,栃木県,0,,-
BISTROVER,When I Met U,0,,-,899,SAYA..,栃木県,1325,SAYA..,栃木県,2060,SLEEPY,栃木県,0,,-
BISTROVER,WAKE UP NOW,0,,-,960,SAYA..,栃木県,1468,SLEEPY,栃木県,2011,SLEEPY,栃木県,0,,-
BISTROVER,Vitrum,0,,-,1094,SAYA..,栃木県,1747,MINATO,栃木県,3603,HERMIT,栃木県,0,,-
BISTROVER,Viridian,0,,-,1091,SAYA..,栃木県,2004,SLEEPY,栃木県,3370,HERMIT,栃木県,0,,-
BISTROVER,TOMORROW,447,SAYA..,栃木県,790,SAYA..,栃木県,1548,SLEEPY,栃木県,2263,SLEEPY,栃木県,0,,-
BISTROVER,Tiempo Loco,0,,-,1084,SAYA..,栃木県,2046,SLEEPY,栃木県,3713,HERMIT,栃木県,0,,-
BISTROVER,The Wind of China Express(The 4th Mashup),0,,-,1004,SAYA..,栃木県,1682,SAYA..,栃木県,2564,HERMIT,栃木県,0,,-
BISTROVER,THE PEERLESS UNDER HEAVEN,0,,-,1160,SLEEPY,栃木県,2070,SLEEPY,栃木県,3403,SLEEPY,栃木県,0,,-
BISTROVER,That Feeling,0,,-,726,SAYA..,栃木県,1231,SAYA..,栃木県,1930,HERMIT,栃木県,0,,-
BISTROVER,Tell me what you wish feat.らっぷびと,0,,-,1135,SAYA..,栃木県,1623,SAYA..,栃木県,2859,HERMIT,栃木県,0,,-
BISTROVER,Swarm Of Scarabs,0,,-,1047,SAYA..,栃木県,1538,SLEEPY,栃木県,2400,HERMIT,栃木県,0,,-
BISTROVER,Sugarplum,0,,-,888,SAYA..,栃木県,1872,SLEEPY,栃木県,2526,TIHAYA,栃木県,0,,-
BISTROVER,SOLID STATE SQUAD -RISEN RELIC REMIX-,0,,-,1305,SAYA..,栃木県,2264,SLEEPY,栃木県,3307,HERMIT,栃木県,0,,-
BISTROVER,So Punky,0,,-,894,SAYA..,栃木県,1693,SLEEPY,栃木県,2579,SLEEPY,栃木県,0,,-
BISTROVER,smooooch・∀・ (Snail's House Remix),0,,-,875,SAYA..,栃木県,1591,SLEEPY,栃木県,2361,SLEEPY,栃木県,0,,-
BISTROVER,Sinus Iridum,0,,-,1233,SLEEPY,栃木県,2121,SLEEPY,栃木県,3297,HERMIT,栃木県,0,,-
BISTROVER,Scandal,0,,-,974,SAYA..,栃木県,1948,SAYA..,栃木県,2902,HERMIT,栃木県,0,,-
BISTROVER,S-Bahn,0,,-,977,SAYA..,栃木県,1567,SAYA..,栃木県,2181,SLEEPY,栃木県,0,,-
BISTROVER,Rubrum Piano,0,,-,969,SAYA..,栃木県,1734,SLEEPY,栃木県,2483,HERMIT,栃木県,0,,-
BISTROVER,Rub-a Dub-a,0,,-,953,SAYA..,栃木県,1511,SAYA..,栃木県,2187,SLEEPY,栃木県,0,,-
BISTROVER,Rowdy,0,,-,1057,SAYA..,栃木県,1576,SAYA..,栃木県,2495,SLEEPY,栃木県,0,,-
BISTROVER,Rosa azuL,0,,-,904,SAYA..,栃木県,1782,XELPHA,栃木県,2750,SLEEPY,栃木県,0,,-
BISTROVER,rommmo,0,,-,1214,SAYA..,栃木県,1826,XELPHA,栃木県,3499,HERMIT,栃木県,0,,-
BISTROVER,Romanticが止まらない,391,SAYA..,栃木県,956,SAYA..,栃木県,1667,SAYA..,栃木県,2733,HERMIT,栃木県,0,,-
BISTROVER,Ritual of Anubis,0,,-,1180,SAYA..,栃木県,1840,SAYA..,栃木県,2820,HERMIT,栃木県,0,,-
BISTROVER,Rejection Girl,0,,-,1023,SAYA..,栃木県,1653,44TAKA,栃木県,2662,SLEEPY,栃木県,0,,-
BISTROVER,POLKAMAИIA,0,,-,989,SAYA..,栃木県,1862,SLEEPY,栃木県,2927,HERMIT,栃木県,0,,-
BISTROVER,Playball,0,,-,685,SAYA..,栃木県,919,SAYA..,栃木県,1378,SLEEPY,栃木県,0,,-
BISTROVER,Parvati,0,,-,1040,SAYA..,栃木県,1804,SAYA..,栃木県,2869,HERMIT,栃木県,0,,-
BISTROVER,Party Starter,0,,-,996,SAYA..,栃木県,1532,SLEEPY,栃木県,2302,SLEEPY,栃木県,0,,-
BISTROVER,Para siempre,0,,-,968,SAYA..,栃木県,1534,SAYA..,栃木県,2886,HERMIT,栃木県,0,,-
BISTROVER,Overslept,0,,-,1137,SAYA..,栃木県,1726,XELPHA,栃木県,2579,SLEEPY,栃木県,0,,-
BISTROVER,OTOKOZAKA,0,,-,1064,SAYA..,栃木県,1879,XELPHA,栃木県,2931,SLEEPY,栃木県,0,,-
BISTROVER,of the first magnitude,0,,-,1042,ZABTON,栃木県,1914,XELPHA,栃木県,2969,SLEEPY,栃木県,0,,-
BISTROVER,Ocean Blue feat. Luschel,0,,-,862,SAYA..,栃木県,1452,SAYA..,栃木県,2476,SLEEPY,栃木県,0,,-
BISTROVER,Neo Heritage,0,,-,957,SAYA..,栃木県,1680,GA9BRU,栃木県,2864,SLEEPY,栃木県,0,,-
BISTROVER,MOVE! (We Keep It Movin'),0,,-,769,SAYA..,栃木県,1358,GA9BRU,栃木県,2193,HERMIT,栃木県,0,,-
BISTROVER,Midnight Drive,0,,-,607,SAYA..,栃木県,1309,SAYA..,栃木県,2002,SLEEPY,栃木県,0,,-
BISTROVER,MEGAERA,0,,-,1445,SAYA..,栃木県,2119,XELPHA,栃木県,3486,HERMIT,栃木県,0,,-
BISTROVER,MA・TSU・RI,0,,-,1103,SAYA..,栃木県,1834,XELPHA,栃木県,2591,HERMIT,栃木県,0,,-
BISTROVER,Mars beach,0,,-,622,SAYA..,栃木県,1388,SAYA..,栃木県,2245,SLEEPY,栃木県,0,,-
BISTROVER,Lovely Howdy Cowboy!!,0,,-,1090,SAYA..,栃木県,1844,XELPHA,栃木県,2791,HERMIT,栃木県,0,,-
BISTROVER,LOCUS OF THE TRAVEL,0,,-,1111,SAYA..,栃木県,2417,GA9BRU,栃木県,3648,HERMIT,栃木県,0,,-
BISTROVER,LIKE A VAMPIRE,0,,-,1067,SAYA..,栃木県,1753,SAYA..,栃木県,2811,HERMIT,栃木県,0,,-
BISTROVER,Level 3,0,,-,1178,SAYA..,栃木県,2268,SLEEPY,栃木県,3452,DAIKI.,栃木県,0,,-
BISTROVER,LAST DAY,0,,-,1144,SAYA..,栃木県,1736,XELPHA,栃木県,3068,SLEEPY,栃木県,0,,-
BISTROVER,Jungle Eater,0,,-,1020,SAYA..,栃木県,1829,SAYA..,栃木県,3010,HERMIT,栃木県,0,,-
BISTROVER,innocent revolver,0,,-,1118,SAYA..,栃木県,2332,GA9BRU,栃木県,3884,HERMIT,栃木県,0,,-
BISTROVER,IIDX RED Ending (Ryu☆Remix),0,,-,650,SAYA..,栃木県,1202,SLEEPY,栃木県,1870,SLEEPY,栃木県,0,,-
BISTROVER,Ignis†Irae,0,,-,1106,SAYA..,栃木県,2372,SLEEPY,栃木県,3795,HERMIT,栃木県,0,,-
BISTROVER,HIGH VOLTAGE,0,,-,834,SAYA..,栃木県,1442,SAYA..,栃木県,2261,SLEEPY,栃木県,0,,-
BISTROVER,Here We Are,401,SAYA..,栃木県,1087,SAYA..,栃木県,1705,XELPHA,栃木県,2486,SLEEPY,栃木県,0,,-
BISTROVER,"Hands Up feat. kradness BEMANI Sound Team ""Sota Fujimori"" Remix",0,,-,1133,SAYA..,栃木県,1759,SAYA..,栃木県,2390,SLEEPY,栃木県,0,,-
BISTROVER,Globe Glitter,0,,-,1073,SAYA..,栃木県,1659,SAYA..,栃木県,2689,HERMIT,栃木県,0,,-
BISTROVER,GIGA RAID,0,,-,980,SAYA..,栃木県,1835,SAYA..,栃木県,2427,SLEEPY,栃木県,0,,-
BISTROVER,Frisk And Squeak,0,,-,809,SAYA..,栃木県,1550,XELPHA,栃木県,2435,HERMIT,栃木県,0,,-
BISTROVER,Fire Beat,0,,-,1118,MAIYAN,栃木県,1787,GA9BRU,栃木県,2748,HERMIT,栃木県,0,,-
BISTROVER,Farewell to Marrakech,0,,-,920,SAYA..,栃木県,1528,GA9BRU,栃木県,2243,SLEEPY,栃木県,0,,-
BISTROVER,Explorer feat. ぷにぷに電機,0,,-,760,SAYA..,栃木県,1307,HERMIT,栃木県,2150,LIGHTX,栃木県,2890,SLEEPY,栃木県
BISTROVER,Euphoric Lagoon,0,,-,893,SAYA..,栃木県,1623,SLEEPY,栃木県,2597,SLEEPY,栃木県,0,,-
BISTROVER,Empire of Fury,0,,-,1374,SAYA..,栃木県,2163,SLEEPY,栃木県,3340,HERMIT,栃木県,0,,-
BISTROVER,DUAL STRIKER,0,,-,1199,SAYA..,栃木県,2497,SLEEPY,栃木県,3880,HERMIT,栃木県,0,,-
BISTROVER,Don't Stop The Music feat. Kanae Asaba,0,,-,696,SAYA..,栃木県,1319,SAYA..,栃木県,1878,SLEEPY,栃木県,0,,-
BISTROVER,DENIM,0,,-,603,SAYA..,栃木県,1336,SLEEPY,栃木県,1742,HERMIT,栃木県,0,,-
BISTROVER,Dawn Saga,0,,-,956,SAYA..,栃木県,1638,HERMIT,栃木県,2720,SLEEPY,栃木県,0,,-
BISTROVER,Danza Aestas,0,,-,1000,SAYA..,栃木県,1721,SAYA..,栃木県,2993,SLEEPY,栃木県,0,,-
BISTROVER,Crazy Jackpot,0,,-,1009,SAYA..,栃木県,1685,SLEEPY,栃木県,2846,SLEEPY,栃木県,0,,-
BISTROVER,COSMIC RAY,0,,-,1303,FLB,栃木県,2138,SLEEPY,栃木県,2905,HERMIT,栃木県,0,,-
BISTROVER,CONNECT-,0,,-,1028,SAYA..,栃木県,1824,H4MITN,栃木県,2938,HERMIT,栃木県,0,,-
BISTROVER,Chewingood!!!,305,SAYA..,栃木県,867,SAYA..,栃木県,1503,SAYA..,栃木県,2620,HERMIT,栃木県,0,,-
BISTROVER,Burning Flame,0,,-,1203,SLEEPY,栃木県,1844,SLEEPY,栃木県,2903,SLEEPY,栃木県,3786,HERMIT,栃木県
BISTROVER,Breakin' Rules,0,,-,1288,SAYA..,栃木県,1809,SLEEPY,栃木県,2768,SLEEPY,栃木県,0,,-
BISTROVER,Brahma,0,,-,1226,SAYA..,栃木県,1758,SAYA..,栃木県,2886,HERMIT,栃木県,0,,-
BISTROVER,BLACK or WHITE?,631,SENJU.,栃木県,1302,SAYA..,栃木県,2471,SLEEPY,栃木県,3978,HERMIT,栃木県,0,,-
BISTROVER,BIGソムタム,564,$EVAN$,栃木県,1258,SAYA..,栃木県,1902,SLEEPY,栃木県,3357,HERMIT,栃木県,0,,-
BISTROVER,BEMANI PRO LEAGUE Theme,0,,-,783,SAYA..,栃木県,1409,SLEEPY,栃木県,1975,HERMIT,栃木県,0,,-
BISTROVER,ASIAN VIRTUAL REALITIES (MELTING TOGETHER IN DAZZLING DARKNESS),0,,-,1073,SAYA..,栃木県,1885,FUBUK1,栃木県,3356,HERMIT,栃木県,0,,-
BISTROVER,As You Want,0,,-,855,SAYA..,栃木県,1470,SAYA..,栃木県,2473,SLEEPY,栃木県,0,,-
BISTROVER,apo:llioth,0,,-,1226,SAYA..,栃木県,2083,SLEEPY,栃木県,2948,SLEEPY,栃木県,0,,-
BISTROVER,AMRITA -不滅ノ花-,0,,-,909,SAYA..,栃木県,1621,SLEEPY,栃木県,2773,HERMIT,栃木県,0,,-
BISTROVER,Ah Hah Yeah,0,,-,718,SAYA..,栃木県,1374,SAYA..,栃木県,2147,HERMIT,栃木県,0,,-
BISTROVER,ABSOLUTE (kors k Remix),0,,-,938,DEARKA,栃木県,1546,SLEEPY,栃木県,2621,SLEEPY,栃木県,0,,-
BISTROVER,3!dolon Forc3,0,,-,1002,SAYA..,栃木県,1558,SAYA..,栃木県,2935,HERMIT,栃木県,0,,-
BISTROVER,-65℃,0,,-,1412,SLEEPY,栃木県,2265,GA9BRU,栃木県,3757,HERMIT,栃木県,0,,-
7th style,Somebody Like You,0,,-,748,SAYA..,栃木県,1190,SAYA..,栃木県,1818,SLEEPY,栃木県,0,,-
10th style,SCORE,0,,-,1174,SAYA..,栃木県,1551,XELPHA,栃木県,2086,SLEEPY,栃木県,0,,-
HAPPY SKY,mind the gap,0,,-,730,SAYA..,栃木県,1041,L393,栃木県,1616,SLEEPY,栃木県,0,,-
SIRIUS,Do Back Burn,0,,-,720,SAYA..,栃木県,1386,XELPHA,栃木県,2124,SLEEPY,栃木県,0,,-
Lincle,GIGANT,0,,-,586,SAYA..,栃木県,1170,FLB,栃木県,1770,HERMIT,栃木県,2933,FL4V1A,栃木県
PENDUAL,Sounds Of Summer,0,,-,1244,CHOBB,栃木県,2084,XELPHA,栃木県,3007,HERMIT,栃木県,0,,-
CastHour,黒紅掬い,0,,-,668,SAYA..,栃木県,1219,SLEEPY,栃木県,1827,HERMIT,栃木県,0,,-
CastHour,青の洞窟,0,,-,903,SAYA..,栃木県,1982,XELPHA,栃木県,3155,HERMIT,栃木県,0,,-
CastHour,雪上断火,0,,-,1005,SAYA..,栃木県,1837,SLEEPY,栃木県,2973,SLEEPY,栃木県,0,,-
CastHour,逆月,0,,-,1497,SAYA..,栃木県,2374,SLEEPY,栃木県,3766,SLEEPY,栃木県,0,,-
CastHour,踊,184,SAYA..,栃木県,365,SAYA..,栃木県,827,SAYA..,栃木県,1632,SLEEPY,栃木県,2084,SLEEPY,栃木県
CastHour,禊,0,,-,1090,SLEEPY,栃木県,2302,SLEEPY,栃木県,3199,SLEEPY,栃木県,0,,-
CastHour,烽火連天の刃,0,,-,1131,SAYA..,栃木県,2310,BOTMJ*,栃木県,3433,HERMIT,栃木県,4311,HERMIT,栃木県
CastHour,月とミルク,0,,-,996,SAYA..,栃木県,1584,SAYA..,栃木県,2792,HERMIT,栃木県,0,,-
CastHour,愛しくてラヴィンユー ft. マナ,0,,-,813,SAYA..,栃木県,1497,XELPHA,栃木県,2407,SLEEPY,栃木県,0,,-
CastHour,怪物,347,KM0319,栃木県,751,SAYA..,栃木県,1203,HERMIT,栃木県,2408,TIHAYA,栃木県,3289,SLEEPY,栃木県
CastHour,天邪鬼,415,HIRO&C,栃木県,990,SAYA..,栃木県,1725,SLEEPY,栃木県,3332,SLEEPY,栃木県,0,,-
CastHour,口カラ凸ゲキ,0,,-,933,SAYA..,栃木県,1540,IIDX29,栃木県,2382,77HIRA,栃木県,0,,-
CastHour,ミュージック・アワー,548,SAYA..,栃木県,1207,SAYA..,栃木県,2142,SLEEPY,栃木県,3005,HERMIT,栃木県,0,,-
CastHour,"ピアノ独奏無言歌 ""灰燼""",0,,-,1177,SAYA..,栃木県,2398,SLEEPY,栃木県,3656,SLEEPY,栃木県,0,,-
CastHour,ハイテックトキオ,0,,-,1101,SAYA..,栃木県,1945,SLEEPY,栃木県,2690,SLEEPY,栃木県,3232,HERMIT,栃木県
CastHour,ナイトフィクション,0,,-,729,SAYA..,栃木県,1557,SAYA..,栃木県,2157,SLEEPY,栃木県,0,,-
CastHour,デモーニッシュ,264,SAYA..,栃木県,935,SAYA..,栃木県,1463,XELPHA,栃木県,2392,HERMIT,栃木県,3099,SLEEPY,栃木県
CastHour,シル・ヴ・プレジデント,304,SAYA..,栃木県,655,SAYA..,栃木県,1217,SAYA..,栃木県,1800,SLEEPY,栃木県,2588,SLEEPY,栃木県
CastHour,グッバイ宣言,583,SAYA..,栃木県,1106,SAYA..,栃木県,1800,GA9BRU,栃木県,3109,HERMIT,栃木県,3663,HERMIT,栃木県
CastHour,オールトの雲,0,,-,1230,SAYA..,栃木県,1993,XELPHA,栃木県,2639,SLEEPY,栃木県,0,,-
CastHour,オドループ,516,KM0319,栃木県,1110,SAYA..,栃木県,1571,DAIKI.,栃木県,2349,TIHAYA,栃木県,2996,TSKASA,栃木県
CastHour,ウツシミウツシ,0,,-,1268,SAYA..,栃木県,2044,XELPHA,栃木県,3171,HERMIT,栃木県,0,,-
CastHour,アクマフカ,0,,-,758,SAYA..,栃木県,1518,XELPHA,栃木県,2299,HERMIT,栃木県,0,,-
CastHour,めでてえ,0,,-,1120,SAYA..,栃木県,1740,HERMIT,栃木県,2653,HERMIT,栃木県,0,,-
CastHour,ぐだふわエブリデー,266,SAYA..,栃木県,691,SAYA..,栃木県,1308,XELPHA,栃木県,2297,SLEEPY,栃木県,0,,-
CastHour,あいつら全員同窓会,370,SAYA..,栃木県,654,SAYA..,栃木県,1242,SLEEPY,栃木県,2043,SLEEPY,栃木県,0,,-
CastHour,《GRANDMASTER》,0,,-,990,SAYA..,栃木県,1809,XELPHA,栃木県,2937,SLEEPY,栃木県,0,,-
CastHour,Xyndrome,0,,-,971,SAYA..,栃木県,1631,XELPHA,栃木県,2952,HERMIT,栃木県,0,,-
CastHour,Wonderful Escape,0,,-,972,SAYA..,栃木県,1466,XELPHA,栃木県,2094,SLEEPY,栃木県,0,,-
CastHour,WHA,0,,-,1234,SAYA..,栃木県,2333,HERMIT,栃木県,3578,SLEEPY,栃木県,0,,-
CastHour,VR - Virtual Reality (prod.by Snail's House),314,SAYA..,栃木県,624,SAYA..,栃木県,1171,SLEEPY,栃木県,1833,HERMIT,栃木県,2477,SLEEPY,栃木県
CastHour,Votania Beat,0,,-,1075,SAYA..,栃木県,1634,XELPHA,栃木県,2556,HERMIT,栃木県,0,,-
CastHour,Victory Of Ravers,0,,-,1027,SAYA..,栃木県,1753,XELPHA,栃木県,2580,SLEEPY,栃木県,0,,-
CastHour,Ventriloquist,0,,-,790,SAYA..,栃木県,1518,XELPHA,栃木県,2432,HERMIT,栃木県,0,,-
CastHour,Triple Cross,594,SAYA..,栃木県,1127,SAYA..,栃木県,2289,GA9BRU,栃木県,3301,HERMIT,栃木県,0,,-
CastHour,TOMAHAWK,0,,-,1360,SAYA..,栃木県,2381,HERMIT,栃木県,3462,SLEEPY,栃木県,0,,-
CastHour,Tail Lights,0,,-,1106,SAYA..,栃木県,1962,SLEEPY,栃木県,3131,SLEEPY,栃木県,0,,-
CastHour,Stepper,0,,-,711,SAYA..,栃木県,1526,MINATO,栃木県,2189,SLEEPY,栃木県,0,,-
CastHour,SPARK IN THE NIGHT,0,,-,878,SAYA..,栃木県,1439,MINATO,栃木県,2276,HERMIT,栃木県,0,,-
CastHour,Souhait bleu,0,,-,908,SAYA..,栃木県,1880,XELPHA,栃木県,2762,HERMIT,栃木県,0,,-
CastHour,SOLID WYVERN,0,,-,1211,SAYA..,栃木県,1943,XELPHA,栃木県,2642,HERMIT,栃木県,3913,HERMIT,栃木県
CastHour,Smalt #28598F,0,,-,1097,SLEEPY,栃木県,2353,SLEEPY,栃木県,3377,HERMIT,栃木県,0,,-
CastHour,Skreaming for Salvation,0,,-,833,SAYA..,栃木県,2033,DAIMON,栃木県,3149,SLEEPY,栃木県,0,,-
CastHour,Silver Bullet,0,,-,1165,SAYA..,栃木県,1940,A1C11,栃木県,3199,HERMIT,栃木県,0,,-
CastHour,RAGE feat.H14 of LEONAIR,443,HIRO&C,栃木県,1112,SLEEPY,栃木県,2264,SLEEPY,栃木県,3428,SLEEPY,栃木県,0,,-
CastHour,Push on Beats!～音ゲの国のeX-ストリーマー～,0,,-,1226,SAYA..,栃木県,1897,FLB,栃木県,3387,SLEEPY,栃木県,0,,-
CastHour,Purple Perplex,0,,-,1145,SAYA..,栃木県,1895,SLEEPY,栃木県,3028,SLEEPY,栃木県,0,,-
CastHour,Prohibited Props,0,,-,1045,SAYA..,栃木県,1571,MINATO,栃木県,2275,HERMIT,栃木県,0,,-
CastHour,Pout,0,,-,1076,SAYA..,栃木県,1745,MINATO,栃木県,2614,SLEEPY,栃木県,0,,-
CastHour,PLASMA SOUL NIGHT feat. Nana Takahashi / 709sec.,433,RYO-XI,栃木県,1489,SLEEPY,栃木県,2665,SLEEPY,栃木県,4481,HERMIT,栃木県,0,,-
CastHour,PIRATES BLADE,0,,-,925,SAYA..,栃木県,1516,MINATO,栃木県,2167,HERMIT,栃木県,0,,-
CastHour,P.O.W.E.R.,0,,-,1048,SAYA..,栃木県,1745,MINATO,栃木県,2342,SLEEPY,栃木県,0,,-
CastHour,Onyx,0,,-,915,SAYA..,栃木県,1520,SLEEPY,栃木県,2398,FL4V1A,栃木県,0,,-
CastHour,One for All,0,,-,1017,SAYA..,栃木県,1771,SAYA..,栃木県,3188,SLEEPY,栃木県,0,,-
CastHour,Non Stop Rock,0,,-,801,SAYA..,栃木県,1302,SAYA..,栃木県,1879,HERMIT,栃木県,0,,-
CastHour,Nocturnal 2097,0,,-,951,SAYA..,栃木県,1965,SLEEPY,栃木県,2932,HERMIT,栃木県,0,,-
CastHour,No Day But Today!,441,SAYA..,栃木県,744,SAYA..,栃木県,1326,SAYA..,栃木県,1980,SLEEPY,栃木県,0,,-
CastHour,n/a,0,,-,1225,SAYA..,栃木県,1961,SLEEPY,栃木県,3483,SLEEPY,栃木県,0,,-
CastHour,N.O.,0,,-,834,SAYA..,栃木県,1514,MINATO,栃木県,2527,SLEEPY,栃木県,0,,-
CastHour,LIVE DRIVING!! feat. 花たん,0,,-,1618,SAYA..,栃木県,2524,GA9BRU,栃木県,3861,HERMIT,栃木県,0,,-
CastHour,Legendary Treasures,0,,-,1140,SAYA..,栃木県,1756,MINATO,栃木県,2882,SLEEPY,栃木県,0,,-
CastHour,Lawes's Parotia,0,,-,904,SAYA..,栃木県,1730,XELPHA,栃木県,2578,HERMIT,栃木県,0,,-
CastHour,kors k's How to make OTOGE CORE,0,,-,818,SLEEPY,栃木県,1566,SLEEPY,栃木県,2322,SLEEPY,栃木県,0,,-
CastHour,ILAYZA,0,,-,1190,SAYA..,栃木県,2035,XELPHA,栃木県,2827,HERMIT,栃木県,0,,-
CastHour,HEARTACHE,0,,-,498,SAYA..,栃木県,1181,XELPHA,栃木県,1842,HERMIT,栃木県,0,,-
CastHour,Hat Surprise,0,,-,693,SAYA..,栃木県,1604,XELPHA,栃木県,2461,HERMIT,栃木県,0,,-
CastHour,Harmonia,0,,-,751,SENJU.,栃木県,1246,SAYA..,栃木県,2023,HERMIT,栃木県,0,,-
CastHour,hard-wired,0,,-,1589,FLB,栃木県,2281,GA9BRU,栃木県,3621,HERMIT,栃木県,0,,-
CastHour,GRAVITON,0,,-,1174,MINATO,栃木県,2028,XELPHA,栃木県,3501,HERMIT,栃木県,0,,-
CastHour,GiGaGaHell,0,,-,1356,SAYA..,栃木県,2073,COLCA,栃木県,3128,HERMIT,栃木県,0,,-
CastHour,"Get set, Go! feat.Kanae Asaba",0,,-,844,SAYA..,栃木県,1453,XELPHA,栃木県,2125,HERMIT,栃木県,0,,-
CastHour,Game Changers,0,,-,765,SAYA..,栃木県,1436,MINATO,栃木県,2731,SLEEPY,栃木県,0,,-
CastHour,Flying Castle,0,,-,1085,SAYA..,栃木県,2301,SLEEPY,栃木県,3664,HERMIT,栃木県,0,,-
CastHour,FINALLY BLAZE,0,,-,934,SAYA..,栃木県,1780,XELPHA,栃木県,2822,SLEEPY,栃木県,0,,-
CastHour,Fegrix,0,,-,1262,SAYA..,栃木県,2289,SLEEPY,栃木県,3280,HERMIT,栃木県,0,,-
CastHour,Fantastic Merry-Go-Round,0,,-,1083,SAYA..,栃木県,1501,XELPHA,栃木県,2119,HERMIT,栃木県,0,,-
CastHour,Ergosphere,0,,-,999,SAYA..,栃木県,1812,SAYA..,栃木県,2720,SLEEPY,栃木県,0,,-
CastHour,EMOTiON TRiPPER,0,,-,949,SAYA..,栃木県,1482,XELPHA,栃木県,2191,HERMIT,栃木県,0,,-
CastHour,Emera,0,,-,887,SAYA..,栃木県,1617,SAYA..,栃木県,2324,SLEEPY,栃木県,0,,-
CastHour,DREAM OF SPACE UFO ABDUCTION,0,,-,1088,SAYA..,栃木県,1799,SAYA..,栃木県,2717,SLEEPY,栃木県,0,,-
CastHour,Don't believe the hype,0,,-,1157,SAYA..,栃木県,2201,XELPHA,栃木県,3187,SLEEPY,栃木県,0,,-
CastHour,Divine Heaven,0,,-,947,SAYA..,栃木県,1957,XELPHA,栃木県,2982,HERMIT,栃木県,0,,-
CastHour,DISPARATE,0,,-,1040,SAYA..,栃木県,1804,XELPHA,栃木県,2454,HERMIT,栃木県,0,,-
CastHour,Brave Spirits,0,,-,724,SAYA..,栃木県,1409,SAYA..,栃木県,2469,SLEEPY,栃木県,0,,-
CastHour,Blue Bird feat. Kanae Asaba,0,,-,657,SAYA..,栃木県,1123,SLEEPY,栃木県,1793,SLEEPY,栃木県,0,,-
CastHour,Binary Black Hole,0,,-,1351,SAYA..,栃木県,2291,GA9BRU,栃木県,3913,HERMIT,栃木県,0,,-
CastHour,Banger Banger Banger Banger,0,,-,986,SAYA..,栃木県,1758,XELPHA,栃木県,2947,HERMIT,栃木県,0,,-
CastHour,Arkadia,0,,-,1174,SAYA..,栃木県,2086,XELPHA,栃木県,3700,HERMIT,栃木県,0,,-
CastHour,Ariah,0,,-,720,SAYA..,栃木県,1505,DAIMON,栃木県,2174,HERMIT,栃木県,0,,-
CastHour,Angel's Ladder,0,,-,1072,SAYA..,栃木県,2264,HERMIT,栃木県,3468,HERMIT,栃木県,0,,-
CastHour,ANEMONE,221,SENJU.,栃木県,778,SAYA..,栃木県,1603,XELPHA,栃木県,2138,TIHAYA,栃木県,0,,-
CastHour,AMICABLE,0,,-,1033,SAYA..,栃木県,1597,SLEEPY,栃木県,2488,SLEEPY,栃木県,0,,-
CastHour,ALTERNATOR,0,,-,1355,SAYA..,栃木県,2503,SLEEPY,栃木県,3748,HERMIT,栃木県,0,,-
CastHour,Aftermath,0,,-,1228,SAYA..,栃木県,2367,GA9BRU,栃木県,3612,HERMIT,栃木県,0,,-
CastHour,ABSOLUTE EVIL,254,HIRO&C,栃木県,1194,SAYA..,栃木県,2217,SLEEPY,栃木県,3482,HERMIT,栃木県,0,,-
CastHour,808monkey,0,,-,766,SAYA..,栃木県,1196,XELPHA,栃木県,1817,HERMIT,栃木県,0,,-
CastHour,2 Beasts Unchained,0,,-,1467,RYO-XI,栃木県,2245,GA9BRU,栃木県,3447,HERMIT,栃木県,0,,-
CastHour,10000 MILES AWAY,0,,-,1046,SAYA..,栃木県,1650,SAYA..,栃木県,2955,HERMIT,栃木県,0,,-
BISTROVER,smooooch・∀・ (Snail's House Remix) ,0,,-,876,SAYA..,栃木県,1570,XELPHA,栃木県,2349,77HIRA,栃木県,0,,-
BISTROVER,POLKAMANIA,434,SAYA..,栃木県,968,DEARKA,栃木県,1847,XELPHA,栃木県,2933,SLEEPY,栃木県,0,,-
7th style,MAX 300,0,,-,1108,SENJU.,栃木県,1923,SLEEPY,栃木県,2819,HERMIT,栃木県,0,,-
9th style,fun,0,,-,596,SLEEPY,栃木県,1047,SENJU.,栃木県,1860,SLEEPY,栃木県,0,,-
DistorteD,DEEP ROAR,0,,-,1001,SENJU.,栃木県,1440,DAIMON,栃木県,2766,SLEEPY,栃木県,0,,-
EMPRESS,THE SHINING POLARIS(kors k mix),0,,-,1308,SENJU.,栃木県,2060,XELPHA,栃木県,3247,HERMIT,栃木県,0,,-
EMPRESS,Cyber Force -DJ Yoshitaka Remix-,0,,-,1072,CHOBB,栃木県,1806,XELPHA,栃木県,2539,TIHAYA,栃木県,0,,-
tricoro,Reflection Into the EDEN,0,,-,793,SENJU.,栃木県,1432,XELPHA,栃木県,2166,HERMIT,栃木県,0,,-
SPADA,Idola,0,,-,1203,FLB,栃木県,2251,XELPHA,栃木県,3616,HERMIT,栃木県,0,,-
PENDUAL,Rave*it!! Rave*it!!,0,,-,1013,SENJU.,栃木県,1696,XELPHA,栃木県,3252,SLEEPY,栃木県,0,,-
PENDUAL,Erosion Mark,0,,-,670,TARO,栃木県,1536,FLB,栃木県,2180,HERMIT,栃木県,0,,-
PENDUAL,COLOSSEUM,0,,-,554,KANATA,栃木県,1224,FLB,栃木県,2299,DAIKI.,栃木県,0,,-
RESIDENT,響花水月,0,,-,1201,SENJU.,栃木県,1910,XELPHA,栃木県,2954,HERMIT,栃木県,0,,-
RESIDENT,雨のちパノラマセカイ,0,,-,819,SENJU.,栃木県,1428,SENJU.,栃木県,2219,HERMIT,栃木県,0,,-
RESIDENT,輪廻の鴉,0,,-,1026,MINATO,栃木県,1782,XELPHA,栃木県,2777,HERMIT,栃木県,0,,-
RESIDENT,罪過の聖堂,0,,-,776,MEEEEN,栃木県,1245,SLEEPY,栃木県,2000,SLEEPY,栃木県,0,,-
RESIDENT,神のシナリオ,0,,-,1167,SENJU.,栃木県,1747,SLEEPY,栃木県,3226,SLEEPY,栃木県,0,,-
RESIDENT,神っぽいな,369,SENJU.,栃木県,779,SENJU.,栃木県,1450,SLEEPY,栃木県,2137,SLEEPY,栃木県,3018,SLEEPY,栃木県
RESIDENT,真夜中のバベル,0,,-,718,SENJU.,栃木県,1204,SLEEPY,栃木県,1728,SLEEPY,栃木県,0,,-
RESIDENT,異心前進♪ぴょんぴょんぴょん ,0,,-,1111,SENJU.,栃木県,1651,XELPHA,栃木県,2513,HERMIT,栃木県,0,,-
RESIDENT,生きるよすが,441,$EVAN$,栃木県,955,SENJU.,栃木県,1520,ENOCH,栃木県,2498,DAIKI.,栃木県,0,,-
RESIDENT,湘南ロンリーMIDNIGHT RAIN,0,,-,983,SENJU.,栃木県,1795,XELPHA,栃木県,2860,SLEEPY,栃木県,0,,-
RESIDENT,楽園追放,0,,-,944,MINATO,栃木県,1562,SLEEPY,栃木県,2399,HERMIT,栃木県,0,,-
RESIDENT,栄冠のカンパネラ,0,,-,1355,XELPHA,栃木県,2180,SLEEPY,栃木県,3906,HERMIT,栃木県,0,,-
RESIDENT,月と夢の跡 ft. マナ,0,,-,957,SENJU.,栃木県,1543,HERMIT,栃木県,2522,SLEEPY,栃木県,0,,-
RESIDENT,昏き甲鉄のヴェルガ,0,,-,915,SENJU.,栃木県,1617,XELPHA,栃木県,2352,SLEEPY,栃木県,0,,-
RESIDENT,新時代,335,SENJU.,栃木県,757,SENJU.,栃木県,1260,SENJU.,栃木県,2341,HERMIT,栃木県,0,,-
RESIDENT,惑星☆ロリポップ,0,,-,786,SENJU.,栃木県,1609,HERMIT,栃木県,2834,HERMIT,栃木県,0,,-
RESIDENT,恋愛＝精度×認識力,0,,-,1523,MINATO,栃木県,2307,SLEEPY,栃木県,3394,SLEEPY,栃木県,0,,-
RESIDENT,少年リップルズ,0,,-,894,SENJU.,栃木県,1786,XELPHA,栃木県,2467,HERMIT,栃木県,0,,-
RESIDENT,儚キ戀ノ幻想譚,591,MINATO,栃木県,1567,PIEN,栃木県,2248,GA9BRU,栃木県,3567,HERMIT,栃木県,0,,-
RESIDENT,マツケンサンバII,404,SENJU.,栃木県,1126,SENJU.,栃木県,1829,HERMIT,栃木県,2899,HERMIT,栃木県,0,,-
RESIDENT,パーフェクトイーター,0,,-,1169,SENJU.,栃木県,2069,FLB,栃木県,3030,HERMIT,栃木県,0,,-
RESIDENT,チェイスチェイスジョーカーズのうた (オニスタイルリミックス),0,,-,992,SENJU.,栃木県,1717,XELPHA,栃木県,2825,HERMIT,栃木県,0,,-
RESIDENT,サヨナラ・ヘヴン-Celtic Chip Dance Mix-,0,,-,916,SENJU.,栃木県,1521,XELPHA,栃木県,2605,SLEEPY,栃木県,0,,-
RESIDENT,ちょえちょえまぎか,0,,-,1232,FL4V1A,栃木県,2278,GA9BRU,栃木県,3050,SLEEPY,栃木県,0,,-
RESIDENT,ぞうしょく！？マイデンティティ,0,,-,1283,SENJU.,栃木県,2257,GA9BRU,栃木県,3672,HERMIT,栃木県,0,,-
RESIDENT,きゅんです。,0,,-,733,SENJU.,栃木県,1434,XELPHA,栃木県,2353,SLEEPY,栃木県,0,,-
RESIDENT,おとせサンダー,214,$EVAN$,栃木県,667,SENJU.,栃木県,1197,XELPHA,栃木県,2168,SLEEPY,栃木県,0,,-
RESIDENT,いつかオトナになれるといいね。,552,$EVAN$,栃木県,1133,SENJU.,栃木県,1950,SLEEPY,栃木県,3038,HERMIT,栃木県,0,,-
RESIDENT,あるビー！ feat.ころねぽち,0,,-,994,SENJU.,栃木県,1760,44RIVE,栃木県,2871,HERMIT,栃木県,0,,-
RESIDENT,《ORDERBREAKER》,0,,-,1009,SENJU.,栃木県,1577,XELPHA,栃木県,2452,SLEEPY,栃木県,0,,-
RESIDENT,■□模様,0,,-,984,SENJU.,栃木県,1538,XELPHA,栃木県,2654,HERMIT,栃木県,0,,-
RESIDENT,≡+≡,600,SENJU.,栃木県,1384,SENJU.,栃木県,2116,GA9BRU,栃木県,3032,HERMIT,栃木県,0,,-
RESIDENT,[ ]DENTITY,0,,-,1174,SENJU.,栃木県,2101,GA9BRU,栃木県,3850,SLEEPY,栃木県,0,,-
RESIDENT,ZENITH,0,,-,1154,SENJU.,栃木県,1977,XELPHA,栃木県,3002,HERMIT,栃木県,0,,-
RESIDENT,Xerulean,0,,-,1356,XELPHA,栃木県,2074,SLEEPY,栃木県,3395,HERMIT,栃木県,0,,-
RESIDENT,With You,0,,-,839,SENJU.,栃木県,1595,DAIKI.,栃木県,2559,SLEEPY,栃木県,0,,-
RESIDENT,"wanna be a ""BAD GIRL"" feat. Nana Takahashi",0,,-,799,SENJU.,栃木県,1313,SENJU.,栃木県,2052,SLEEPY,栃木県,0,,-
RESIDENT,VØID,0,,-,1266,XELPHA,栃木県,1872,GA9BRU,栃木県,3233,SLEEPY,栃木県,0,,-
RESIDENT,VOLCANIC BIGBEAT,0,,-,1089,XELPHA,栃木県,1819,XELPHA,栃木県,2794,SLEEPY,栃木県,0,,-
RESIDENT,VOLAQUAS,0,,-,1325,MINATO,栃木県,2173,SLEEPY,栃木県,3901,HERMIT,栃木県,0,,-
RESIDENT,THE TIME MACHINE,0,,-,1085,SENJU.,栃木県,1765,XELPHA,栃木県,2665,SLEEPY,栃木県,0,,-
RESIDENT,The Clown of 24stairs,0,,-,1130,SENJU.,栃木県,2199,GA9BRU,栃木県,3427,HERMIT,栃木県,0,,-
RESIDENT,TECHNOPHOBIA,0,,-,806,SENJU.,栃木県,1683,GA9BRU,栃木県,3016,LIGHTX,栃木県,0,,-
RESIDENT,Swing My Wonderland,0,,-,1311,RYO-XI,栃木県,2251,XELPHA,栃木県,3108,SLEEPY,栃木県,0,,-
RESIDENT,suspicions,0,,-,1200,SENJU.,栃木県,2295,GA9BRU,栃木県,3742,HERMIT,栃木県,0,,-
RESIDENT,Super Freak,0,,-,1123,SENJU.,栃木県,1891,SENJU.,栃木県,3440,HERMIT,栃木県,0,,-
RESIDENT,Sunny Day Vibes,0,,-,955,SENJU.,栃木県,1633,XELPHA,栃木県,2282,HERMIT,栃木県,0,,-
RESIDENT,Summerblue,369,SENJU.,栃木県,1088,SENJU.,栃木県,1737,XELPHA,栃木県,2444,SLEEPY,栃木県,0,,-
RESIDENT,Stylus,0,,-,1234,MINATO,栃木県,1937,XELPHA,栃木県,2865,HERMIT,栃木県,0,,-
RESIDENT,STRAIGHT TO THE STARS,0,,-,1046,SENJU.,栃木県,1711,XELPHA,栃木県,2994,HERMIT,栃木県,0,,-
RESIDENT,STAR BEAT,0,,-,853,SENJU.,栃木県,1730,XELPHA,栃木県,2439,SLEEPY,栃木県,0,,-
RESIDENT,Somnidiscotheque,0,,-,1322,XELPHA,栃木県,2023,HERMIT,栃木県,3297,HERMIT,栃木県,0,,-
RESIDENT,Shamshir,0,,-,1083,SENJU.,栃木県,1440,XELPHA,栃木県,2181,SLEEPY,栃木県,0,,-
RESIDENT,Shadow World,0,,-,995,SENJU.,栃木県,1655,XELPHA,栃木県,2729,HERMIT,栃木県,0,,-
RESIDENT,Seraph,0,,-,995,SENJU.,栃木県,1806,XELPHA,栃木県,2446,HERMIT,栃木県,0,,-
RESIDENT,Ruler or Loser,0,,-,980,SENJU.,栃木県,1664,MINATO,栃木県,2664,HERMIT,栃木県,0,,-
RESIDENT,RINNE,0,,-,1195,SENJU.,栃木県,2312,GA9BRU,栃木県,3537,HERMIT,栃木県,0,,-
RESIDENT,Rewind Time,0,,-,717,SENJU.,栃木県,1295,XELPHA,栃木県,2205,SLEEPY,栃木県,0,,-
RESIDENT,Red Soul,0,,-,1073,MINATO,栃木県,1745,XELPHA,栃木県,2890,SLEEPY,栃木県,0,,-
RESIDENT,Programmed Genom,0,,-,1119,SENJU.,栃木県,1618,XELPHA,栃木県,2415,SLEEPY,栃木県,0,,-
RESIDENT,Perfect Plan,0,,-,1164,SENJU.,栃木県,1745,XELPHA,栃木県,2600,SLEEPY,栃木県,0,,-
RESIDENT,Peng-Ging Sky High!!,0,,-,1095,SENJU.,栃木県,1475,XELPHA,栃木県,2662,HERMIT,栃木県,0,,-
RESIDENT,Peaktime Booster,0,,-,1142,MINATO,栃木県,1841,SLEEPY,栃木県,3195,SLEEPY,栃木県,0,,-
RESIDENT,OVER VOLTAGE,0,,-,1101,SENJU.,栃木県,1792,XELPHA,栃木県,2596,SLEEPY,栃木県,0,,-
RESIDENT,Ou Legends,0,,-,1144,SENJU.,栃木県,2085,GA9BRU,栃木県,3304,HERMIT,栃木県,0,,-
RESIDENT,ONE AND ONLY,0,,-,1179,SENJU.,栃木県,1755,XELPHA,栃木県,3188,HERMIT,栃木県,0,,-
RESIDENT,No Border,0,,-,1160,SENJU.,栃木県,2013,SLEEPY,栃木県,3714,HERMIT,栃木県,0,,-
RESIDENT,Next Level,0,,-,941,SENJU.,栃木県,1596,XELPHA,栃木県,2188,SLEEPY,栃木県,0,,-
RESIDENT,Move UR Body,0,,-,1167,SENJU.,栃木県,1774,XELPHA,栃木県,2620,SLEEPY,栃木県,0,,-
RESIDENT,Meissa,0,,-,916,XELPHA,栃木県,1630,COLCA,栃木県,2840,SLEEPY,栃木県,0,,-
RESIDENT,MAX 360,0,,-,1218,SENJU.,栃木県,2320,GA9BRU,栃木県,3153,HERMIT,栃木県,0,,-
RESIDENT,mathematical good-bye,0,,-,1167,MINATO,栃木県,1803,MINATO,栃木県,2833,HERMIT,栃木県,0,,-
RESIDENT,Luna Plena,0,,-,872,SENJU.,栃木県,1603,XELPHA,栃木県,2593,HERMIT,栃木県,0,,-
RESIDENT,LOUDER ROLLING THUNDER,0,,-,1092,SENJU.,栃木県,1978,GA9BRU,栃木県,3410,HERMIT,栃木県,0,,-
RESIDENT,Level 4,0,,-,1219,SENJU.,栃木県,2053,SLEEPY,栃木県,3475,SLEEPY,栃木県,0,,-
RESIDENT,LADS,0,,-,942,SENJU.,栃木県,1657,XELPHA,栃木県,2303,HERMIT,栃木県,0,,-
RESIDENT,kors k's How to make OTOGE CORE 「LONG」,0,,-,1204,HIRO&C,栃木県,2384,SLEEPY,栃木県,3600,HERMIT,栃木県,0,,-
RESIDENT,KING,449,SENJU.,栃木県,947,SENJU.,栃木県,1979,SLEEPY,栃木県,3100,HERMIT,栃木県,3937,HERMIT,栃木県
RESIDENT,I,0,,-,1238,SENJU.,栃木県,2327,SLEEPY,栃木県,3725,HERMIT,栃木県,0,,-
RESIDENT,Hat Surprise (Season 2),0,,-,1020,MINATO,栃木県,1817,XELPHA,栃木県,3409,HERMIT,栃木県,0,,-
RESIDENT,glacia,0,,-,1205,XELPHA,栃木県,2139,GA9BRU,栃木県,2964,HERMIT,栃木県,0,,-
RESIDENT,GET UP AGAIN,0,,-,1121,SENJU.,栃木県,1688,XELPHA,栃木県,2442,SLEEPY,栃木県,0,,-
RESIDENT,Get On Your Feet,0,,-,1129,SENJU.,栃木県,1776,XELPHA,栃木県,2745,HERMIT,栃木県,0,,-
RESIDENT,FLARE -炎舞- ft.Nana Takahashi,0,,-,1126,RYO-XI,栃木県,1886,XELPHA,栃木県,2887,HERMIT,栃木県,0,,-
RESIDENT,Fading Stars,0,,-,1098,MINATO,栃木県,1628,XELPHA,栃木県,2712,SLEEPY,栃木県,0,,-
RESIDENT,EZ DO DANCE,392,$EVAN$,栃木県,774,SENJU.,栃木県,1419,XELPHA,栃木県,1978,SLEEPY,栃木県,0,,-
RESIDENT,EXODUS SIGN,0,,-,1244,SENJU.,栃木県,1766,XELPHA,栃木県,2657,HERMIT,栃木県,0,,-
RESIDENT,Driver,0,,-,894,SENJU.,栃木県,1291,XELPHA,栃木県,1806,SLEEPY,栃木県,0,,-
RESIDENT,Dreaming Dream,0,,-,833,SENJU.,栃木県,1419,XELPHA,栃木県,2277,SLEEPY,栃木県,0,,-
RESIDENT,dica dica,0,,-,1175,SENJU.,栃木県,2409,TIHAYA,栃木県,3155,SLEEPY,栃木県,0,,-
RESIDENT,DIAMOND JACKAL,0,,-,1061,SENJU.,栃木県,1606,XELPHA,栃木県,2568,HERMIT,栃木県,0,,-
RESIDENT,CUE CUE RESCUE,533,HIRO&C,栃木県,1148,SENJU.,栃木県,1680,SLEEPY,栃木県,2551,SLEEPY,栃木県,3077,SLEEPY,栃木県
RESIDENT,CODE -CRiMSON-,0,,-,1316,MINATO,栃木県,1862,MINATO,栃木県,2996,SLEEPY,栃木県,0,,-
RESIDENT,Chaotoxin,0,,-,1186,SENJU.,栃木県,1733,H4MITN,栃木県,3371,HERMIT,栃木県,0,,-
RESIDENT,Caldwell 99,0,,-,1049,SENJU.,栃木県,1888,XELPHA,栃木県,2533,SLEEPY,栃木県,3337,SMILE*,栃木県
RESIDENT,C-C-C-N-N-N,0,,-,992,SENJU.,栃木県,1737,XELPHA,栃木県,2811,HERMIT,栃木県,0,,-
RESIDENT,BIGWAVERS,0,,-,1167,SENJU.,栃木県,1913,SLEEPY,栃木県,3527,HERMIT,栃木県,0,,-
RESIDENT,Beyond Evolution,0,,-,1484,XELPHA,栃木県,2565,SLEEPY,栃木県,4063,HERMIT,栃木県,0,,-
RESIDENT,Bad Encryption,0,,-,1296,XELPHA,栃木県,1980,GA9BRU,栃木県,3162,HERMIT,栃木県,0,,-
RESIDENT,B.O.D.Y.,0,,-,1101,SENJU.,栃木県,2185,SLEEPY,栃木県,3400,SLEEPY,栃木県,0,,-
RESIDENT,AWA AWA,0,,-,782,SENJU.,栃木県,1316,XELPHA,栃木県,2319,SLEEPY,栃木県,0,,-
RESIDENT,anthracene,0,,-,966,SENJU.,栃木県,1914,XELPHA,栃木県,3395,HERMIT,栃木県,0,,-
RESIDENT,Ambush Ace,0,,-,1070,XELPHA,栃木県,2094,XELPHA,栃木県,2966,SLEEPY,栃木県,0,,-
RESIDENT,Always We Trust In You,0,,-,1191,SENJU.,栃木県,1851,XELPHA,栃木県,3210,HERMIT,栃木県,0,,-
RESIDENT,7 Colors,0,,-,635,SENJU.,栃木県,1207,TIHAYA,栃木県,1938,HERMIT,栃木県,0,,-
RESIDENT,3V0,0,,-,1053,SENJU.,栃木県,1812,XELPHA,栃木県,3004,SLEEPY,栃木県,0,,-
RESIDENT,24h Endurance Race,0,,-,1002,SENJU.,栃木県,2116,GA9BRU,栃木県,3345,HERMIT,栃木県,0,,-
RESIDENT,#CMFLG,0,,-,1183,MINATO,栃木県,2346,SLEEPY,栃木県,3413,SLEEPY,栃木県,0,,-
6th style,L'amour et la liberte,0,,-,967,MINATO,栃木県,1576,SLEEPY,栃木県,2017,SLEEPY,栃木県,0,,-
9th style,PARANOIA survivor MAX,0,,-,931,HIRO&C,栃木県,1268,XELPHA,栃木県,2114,SLEEPY,栃木県,0,,-
9th style,Logic Board,0,,-,1032,SENJU.,栃木県,1781,WAROTA,栃木県,2332,HERMIT,栃木県,0,,-
PENDUAL,GUILTY,0,,-,988,SENJU.,栃木県,1536,XELPHA,栃木県,1906,SLEEPY,栃木県,2983,SLEEPY,栃木県
CANNON BALLERS,共犯ヘヴンズコード,0,,-,424,TARO,栃木県,1298,PDIDDY,栃木県,2279,SLEEPY,栃木県,0,,-
RESIDENT,異心前進♪ぴょんぴょんぴょん,0,,-,1105,RYO-XI,栃木県,1642,FLB,栃木県,2513,SLEEPY,栃木県,0,,-
EPOLIS,電腦都市,0,,-,1412,XELPHA,栃木県,2243,XELPHA,栃木県,3386,HERMIT,栃木県,0,,-
EPOLIS,電子になりたい,0,,-,849,SENJU.,栃木県,1446,SLEEPY,栃木県,2010,SLEEPY,栃木県,0,,-
EPOLIS,電光,0,,-,1052,SENJU.,栃木県,1898,SLEEPY,栃木県,3045,SLEEPY,栃木県,0,,-
EPOLIS,雫,0,,-,1013,MINATO,栃木県,2043,XELPHA,栃木県,2698,HERMIT,栃木県,0,,-
EPOLIS,閉塞的フレーション,0,,-,1027,SENJU.,栃木県,1628,XELPHA,栃木県,2436,SLEEPY,栃木県,0,,-
EPOLIS,酔いどれ知らず,276,SENJU.,栃木県,828,SENJU.,栃木県,1282,SENJU.,栃木県,2223,HERMIT,栃木県,0,,-
EPOLIS,終焔のClaudia,0,,-,1375,XELPHA,栃木県,1988,GA9BRU,栃木県,2762,HERMIT,栃木県,0,,-
EPOLIS,神様、つれない。,0,,-,700,SENJU.,栃木県,1424,XELPHA,栃木県,2162,SLEEPY,栃木県,0,,-
EPOLIS,"灼熱Beach Side Bunny (かめりあ's ""Summertime D'n'B"" Remix)",0,,-,1076,SENJU.,栃木県,1967,SLEEPY,栃木県,3123,SLEEPY,栃木県,0,,-
EPOLIS,流桜ノ門,0,,-,1019,SENJU.,栃木県,1586,XELPHA,栃木県,2140,HERMIT,栃木県,0,,-
EPOLIS,残像ニ繋ガレタ追憶ノHIDEAWAY,0,,-,1192,SENJU.,栃木県,2311,SLEEPY,栃木県,3563,SLEEPY,栃木県,0,,-
EPOLIS,果たせぬ約束 ft. 小林マナ,0,,-,1178,SENJU.,栃木県,1949,XELPHA,栃木県,3010,HERMIT,栃木県,0,,-
EPOLIS,未完成ノ蒸氣驅動乙女,0,,-,1092,SENJU.,栃木県,2111,SLEEPY,栃木県,2961,HERMIT,栃木県,0,,-
EPOLIS,摩天楼,0,,-,691,HIRO&C,栃木県,1506,SLEEPY,栃木県,2535,HERMIT,栃木県,0,,-
EPOLIS,愛包ダンスホール,354,SENJU.,栃木県,941,SENJU.,栃木県,1397,SLEEPY,栃木県,2583,HERMIT,栃木県,0,,-
EPOLIS,惑星鉄道,0,,-,1091,44TAKA,栃木県,2074,SLEEPY,栃木県,2896,SLEEPY,栃木県,0,,-
EPOLIS,寝起きヤシの木,475,SENJU.,栃木県,1095,HIRO&C,栃木県,1816,XELPHA,栃木県,2809,HERMIT,栃木県,0,,-
EPOLIS,夢縁,0,,-,1207,SENJU.,栃木県,2110,GA9BRU,栃木県,3016,HERMIT,栃木県,0,,-
EPOLIS,夏風邪デスコ,318,SENJU.,栃木県,823,HIRO&C,栃木県,1763,XELPHA,栃木県,2670,HERMIT,栃木県,0,,-
EPOLIS,唱,191,HIRO&C,栃木県,464,HIRO&C,栃木県,1022,HIRO&C,栃木県,1775,SLEEPY,栃木県,0,,-
EPOLIS,可愛くてごめん,286,SENJU.,栃木県,628,HIRO&C,栃木県,1404,SLEEPY,栃木県,2265,SLEEPY,栃木県,2810,SLEEPY,栃木県
EPOLIS,勇者,378,SENJU.,栃木県,813,SENJU.,栃木県,1435,XELPHA,栃木県,2480,HERMIT,栃木県,0,,-
EPOLIS,傷つけど、愛してる。,351,SENJU.,栃木県,883,SENJU.,栃木県,1393,XELPHA,栃木県,2093,HERMIT,栃木県,0,,-
EPOLIS,今宵、ロマンス横丁。,0,,-,1146,SENJU.,栃木県,2351,SLEEPY,栃木県,3325,HERMIT,栃木県,0,,-
EPOLIS,リメンバーリメンバー,0,,-,514,SENJU.,栃木県,980,SENJU.,栃木県,1690,HERMIT,栃木県,0,,-
EPOLIS,ラビットホール,688,SENJU.,栃木県,1400,SENJU.,栃木県,2077,XELPHA,栃木県,2931,SLEEPY,栃木県,0,,-
EPOLIS,マーシャル・マキシマイザー,428,HIRO&C,栃木県,817,SENJU.,栃木県,1455,DAIMON,栃木県,2160,HERMIT,栃木県,0,,-
EPOLIS,ポラリスノウタ,300,SENJU.,栃木県,869,XELPHA,栃木県,1648,MINATO,栃木県,2277,SLEEPY,栃木県,0,,-
EPOLIS,フォニイ,631,SENJU.,栃木県,1226,HIRO&C,栃木県,1997,XELPHA,栃木県,2901,HERMIT,栃木県,3930,HERMIT,栃木県
EPOLIS,デビルじゃないもん,348,SENJU.,栃木県,837,MINATO,栃木県,1368,XELPHA,栃木県,2099,HERMIT,栃木県,0,,-
EPOLIS,センチメンタル・サマー,0,,-,674,HIRO&C,栃木県,1280,SENJU.,栃木県,1996,SLEEPY,栃木県,0,,-
EPOLIS,シンデレラ,541,SENJU.,栃木県,872,SENJU.,栃木県,1545,XELPHA,栃木県,2230,SLEEPY,栃木県,0,,-
EPOLIS,アタシ完全絶対正義ちゃん！,0,,-,995,HIRO&C,栃木県,1600,XELPHA,栃木県,2153,HERMIT,栃木県,0,,-
EPOLIS,アイドル,282,AL1$A.,栃木県,889,HIRO&C,栃木県,1520,SLEEPY,栃木県,2612,TSKASA,栃木県,3174,SLEEPY,栃木県
EPOLIS,れとりば！,0,,-,862,HIRO&C,栃木県,1338,HIRO&C,栃木県,2061,HERMIT,栃木県,0,,-
EPOLIS,めうめうぺったんたん！！ (ZAQUVA Remix),0,,-,1054,SENJU.,栃木県,1912,XELPHA,栃木県,2804,SLEEPY,栃木県,0,,-
EPOLIS,ないないルーティン,0,,-,595,HIRO&C,栃木県,1357,XELPHA,栃木県,2091,SLEEPY,栃木県,0,,-
EPOLIS,ちゅ、多様性。,220,SENJU.,栃木県,528,HIRO&C,栃木県,1146,HIRO&C,栃木県,1921,SLEEPY,栃木県,2270,SLEEPY,栃木県
EPOLIS,《PL|RAYER》,0,,-,933,SENJU.,栃木県,1756,SLEEPY,栃木県,2819,SLEEPY,栃木県,0,,-
EPOLIS,ZEROIN ON THE LIGHT,0,,-,1132,SENJU.,栃木県,1767,HERMIT,栃木県,2679,SLEEPY,栃木県,0,,-
EPOLIS,Xb10r,0,,-,1209,SENJU.,栃木県,2313,GA9BRU,栃木県,3594,HERMIT,栃木県,0,,-
EPOLIS,winkle 2 winkle,0,,-,1067,SENJU.,栃木県,1851,XELPHA,栃木県,2794,HERMIT,栃木県,0,,-
EPOLIS,WaterCube Pf.(RX-Ver.S.P.L.),0,,-,583,SENJU.,栃木県,1333,SENJU.,栃木県,2188,HERMIT,栃木県,0,,-
EPOLIS,Vulnerability,0,,-,1313,SENJU.,栃木県,1916,MILA,栃木県,3603,HERMIT,栃木県,0,,-
EPOLIS,Vermilion Carol,0,,-,1375,XELPHA,栃木県,2255,SLEEPY,栃木県,3623,HERMIT,栃木県,0,,-
EPOLIS,Tripping Jumping,0,,-,843,SENJU.,栃木県,1600,SLEEPY,栃木県,2272,HERMIT,栃木県,0,,-
EPOLIS,TRIP THE DEEP,0,,-,1009,RYO-XI,栃木県,1616,MINATO,栃木県,2520,SLEEPY,栃木県,0,,-
EPOLIS,Too Late Snow,0,,-,805,SENJU.,栃木県,1423,MINATO,栃木県,2019,SLEEPY,栃木県,0,,-
EPOLIS,TITANIUM RIDERS,0,,-,897,HIRO&C,栃木県,1509,XELPHA,栃木県,2131,SLEEPY,栃木県,0,,-
EPOLIS,Time Distortion pt.2(IIDX Edit),0,,-,1322,SENJU.,栃木県,1955,XELPHA,栃木県,2970,SLEEPY,栃木県,0,,-
EPOLIS,This Is Club Musik feat. 大久保紅葉,0,,-,1092,HIRO&C,栃木県,1740,XELPHA,栃木県,2644,SLEEPY,栃木県,0,,-
EPOLIS,The Onlyonez,0,,-,1024,SENJU.,栃木県,1709,RYO-XI,栃木県,3099,SLEEPY,栃木県,0,,-
EPOLIS,The Last Apocalypse,0,,-,1417,SENJU.,栃木県,2513,DAIKI.,栃木県,3736,HERMIT,栃木県,0,,-
EPOLIS,T.R.O.L.L.,0,,-,987,SENJU.,栃木県,1645,SENJU.,栃木県,2573,SLEEPY,栃木県,0,,-
EPOLIS,Sword of Vengeance,0,,-,1420,SENJU.,栃木県,2148,XELPHA,栃木県,3277,HERMIT,栃木県,0,,-
EPOLIS,Submerge Serenade,0,,-,1084,SENJU.,栃木県,1807,XELPHA,栃木県,2944,SLEEPY,栃木県,0,,-
EPOLIS,Stereo Beasts,0,,-,1352,SENJU.,栃木県,2596,SLEEPY,栃木県,3697,HERMIT,栃木県,0,,-
EPOLIS,squall,0,,-,1210,SENJU.,栃木県,1757,XELPHA,栃木県,2674,SLEEPY,栃木県,0,,-
EPOLIS,Speculation,0,,-,1022,SENJU.,栃木県,1785,XELPHA,栃木県,3030,HERMIT,栃木県,0,,-
EPOLIS,SOLAR ECLIPSE,0,,-,1495,NAGON,栃木県,2459,SLEEPY,栃木県,3561,SLEEPY,栃木県,0,,-
EPOLIS,So What,0,,-,628,SENJU.,栃木県,1162,XELPHA,栃木県,1839,DAIKI.,栃木県,0,,-
EPOLIS,Sirius,0,,-,1021,SENJU.,栃木県,1693,SLEEPY,栃木県,3229,SLEEPY,栃木県,0,,-
EPOLIS,Shapeshifter,0,,-,1105,XELPHA,栃木県,1695,XELPHA,栃木県,2503,HERMIT,栃木県,0,,-
EPOLIS,Seven Times Four,0,,-,1181,SENJU.,栃木県,1979,XELPHA,栃木県,3450,SLEEPY,栃木県,0,,-
EPOLIS,See You Again,0,,-,1185,SENJU.,栃木県,1859,XELPHA,栃木県,3134,HERMIT,栃木県,0,,-
EPOLIS,Riff//rain,212,SENJU.,栃木県,737,SENJU.,栃木県,1272,SENJU.,栃木県,1814,SLEEPY,栃木県,0,,-
EPOLIS,Resonant,0,,-,1079,SENJU.,栃木県,2352,DAIKI.,栃木県,3642,HERMIT,栃木県,0,,-
EPOLIS,Red Determination,0,,-,1060,SENJU.,栃木県,1583,XELPHA,栃木県,2642,HERMIT,栃木県,0,,-
EPOLIS,Psychedelic Intelligence,0,,-,1252,SENJU.,栃木県,1878,MINATO,栃木県,2879,SLEEPY,栃木県,0,,-
EPOLIS,PILGRIM,0,,-,984,SENJU.,栃木県,1701,SENJU.,栃木県,2729,HERMIT,栃木県,0,,-
EPOLIS,out of disk space,0,,-,1110,SENJU.,栃木県,1970,XELPHA,栃木県,2594,HERMIT,栃木県,0,,-
EPOLIS,Out of Control,0,,-,1163,SENJU.,栃木県,2300,SLEEPY,栃木県,3091,HERMIT,栃木県,0,,-
EPOLIS,NEEDLESS MY LOVE FOR YOU,0,,-,1014,SENJU.,栃木県,1652,SENJU.,栃木県,2445,HERMIT,栃木県,0,,-
EPOLIS,My Sweet Bird?,0,,-,852,HIRO&C,栃木県,1524,XELPHA,栃木県,2212,HERMIT,栃木県,0,,-
EPOLIS,Mukade,0,,-,1126,XELPHA,栃木県,1887,XELPHA,栃木県,3243,SLEEPY,栃木県,0,,-
EPOLIS,Monkey Business,0,,-,715,HIRO&C,栃木県,1534,XELPHA,栃木県,2546,SLEEPY,栃木県,0,,-
EPOLIS,Million Dollar,0,,-,1179,SENJU.,栃木県,2033,SLEEPY,栃木県,3429,HERMIT,栃木県,0,,-
EPOLIS,MAXIMUM CHEAT GIRL,0,,-,1242,SENJU.,栃木県,2186,XELPHA,栃木県,3621,HERMIT,栃木県,0,,-
EPOLIS,Level 5,0,,-,1342,SENJU.,栃木県,2460,SLEEPY,栃木県,3528,TSKASA,栃木県,0,,-
EPOLIS,JUSTICE/GUILTY feat. Nana Takahashi & 709sec.,0,,-,1748,XELPHA,栃木県,2511,DAIMON,栃木県,3888,HERMIT,栃木県,0,,-
EPOLIS,Just Gimme,0,,-,964,SENJU.,栃木県,1702,XELPHA,栃木県,2765,HERMIT,栃木県,0,,-
EPOLIS,Jumper,0,,-,915,SENJU.,栃木県,1503,XELPHA,栃木県,2410,HERMIT,栃木県,0,,-
EPOLIS,Iris,416,SENJU.,栃木県,842,HIRO&C,栃木県,1535,XELPHA,栃木県,2215,HERMIT,栃木県,0,,-
EPOLIS,INHERITANCE,0,,-,1086,SENJU.,栃木県,1799,XELPHA,栃木県,2844,SLEEPY,栃木県,0,,-
EPOLIS,i-ii,0,,-,1100,SENJU.,栃木県,1748,XELPHA,栃木県,2924,HERMIT,栃木県,0,,-
EPOLIS,Hat Surprise (Season 3),0,,-,1252,SENJU.,栃木県,2154,GA9BRU,栃木県,2740,SLEEPY,栃木県,0,,-
EPOLIS,Hard Breaker,0,,-,776,SENJU.,栃木県,1556,XELPHA,栃木県,2558,SLEEPY,栃木県,0,,-
EPOLIS,GLORIOUS HAMMER,0,,-,1105,SENJU.,栃木県,1910,XELPHA,栃木県,3115,SLEEPY,栃木県,0,,-
EPOLIS,GloriosA,0,,-,1228,XELPHA,栃木県,1977,XELPHA,栃木県,2851,SLEEPY,栃木県,0,,-
EPOLIS,Glitch N Ride,0,,-,864,HERMIT,栃木県,1538,GA9BRU,栃木県,2635,SLEEPY,栃木県,0,,-
EPOLIS,Ghost Pulse,0,,-,1058,XELPHA,栃木県,1696,SLEEPY,栃木県,2796,SLEEPY,栃木県,0,,-
EPOLIS,Get Wicked,0,,-,899,SENJU.,栃木県,1460,XELPHA,栃木県,2486,SLEEPY,栃木県,0,,-
EPOLIS,Get Higher,0,,-,983,SENJU.,栃木県,1737,XELPHA,栃木県,2317,SLEEPY,栃木県,0,,-
EPOLIS,GAME ON,0,,-,1361,SENJU.,栃木県,2259,SLEEPY,栃木県,2697,SLEEPY,栃木県,0,,-
EPOLIS,frequent,0,,-,1325,XELPHA,栃木県,2340,SLEEPY,栃木県,3746,HERMIT,栃木県,0,,-
EPOLIS,Echoes of Sunfall,0,,-,1033,XELPHA,栃木県,1634,XELPHA,栃木県,2983,HERMIT,栃木県,0,,-
EPOLIS,Demon March,0,,-,1468,SENJU.,栃木県,2389,SLEEPY,栃木県,3673,HERMIT,栃木県,0,,-
EPOLIS,Deep Sea Mystery,0,,-,1121,XELPHA,栃木県,1475,XELPHA,栃木県,1979,SLEEPY,栃木県,0,,-
EPOLIS,DAZZLE ATTACK,550,HIRO&C,栃木県,988,HIRO&C,栃木県,1677,CLL,栃木県,2860,SLEEPY,栃木県,0,,-
EPOLIS,Dahlia,0,,-,1308,SENJU.,栃木県,2139,SLEEPY,栃木県,3178,HERMIT,栃木県,0,,-
EPOLIS,Cult Invitation,0,,-,1230,SENJU.,栃木県,1942,SLEEPY,栃木県,3400,SLEEPY,栃木県,0,,-
EPOLIS,COUNTING SHEEP ft. Kanae Asaba,0,,-,678,HIRO&C,栃木県,1303,FL4V1A,栃木県,2228,SLEEPY,栃木県,0,,-
EPOLIS,CODE:2,0,,-,1088,SENJU.,栃木県,1773,XELPHA,栃木県,2956,HERMIT,栃木県,0,,-
EPOLIS,Chemical Colours,0,,-,1048,HIRO&C,栃木県,2024,XELPHA,栃木県,2801,SLEEPY,栃木県,0,,-
EPOLIS,CADENZA,0,,-,1531,SENJU.,栃木県,2519,SLEEPY,栃木県,4542,HERMIT,栃木県,0,,-
EPOLIS,BLAZING_LAZER,0,,-,1249,SENJU.,栃木県,2147,SLEEPY,栃木県,3431,HERMIT,栃木県,0,,-
EPOLIS,Bitter & Lucky,0,,-,879,HIRO&C,栃木県,1391,XELPHA,栃木県,2531,SLEEPY,栃木県,0,,-
EPOLIS,Amethyst,0,,-,1309,SENJU.,栃木県,1835,SENJU.,栃木県,2624,SLEEPY,栃木県,0,,-
EPOLIS,Ambivalent Vermilia,0,,-,1528,XELPHA,栃木県,2397,COLCA,栃木県,4145,HERMIT,栃木県,0,,-
EPOLIS,Akatsuki,0,,-,1015,SENJU.,栃木県,1569,777,栃木県,2270,HERMIT,栃木県,0,,-
EPOLIS,Aeterna,0,,-,994,HIRO&C,栃木県,1584,XELPHA,栃木県,2565,HERMIT,栃木県,0,,-
EPOLIS,ACT0,0,,-,1265,SENJU.,栃木県,2167,XELPHA,栃木県,3008,HERMIT,栃木県,0,,-
EPOLIS,20XX,0,,-,1214,HIRO&C,栃木県,1794,XELPHA,栃木県,2714,HERMIT,栃木県,0,,-
6th style,L’amour et la libert?,0,,-,960,SENJU.,栃木県,1466,TATIKO,栃木県,2024,SLEEPY,栃木県,0,,-
9th style,ADVANCE,0,,-,479,SENJU.,栃木県,848,SENJU.,栃木県,1595,SLEEPY,栃木県,0,,-
Lincle,A MINSTREL ～ ver. short-scape ～,0,,-,680,HIRO&C,栃木県,1456,SENJU.,栃木県,2369,SLEEPY,栃木県,3885,SLEEPY,栃木県
RESIDENT,VOID,0,,-,1035,ARUMU-,栃木県,1835,A1C11,栃木県,3248,SLEEPY,栃木県,0,,-
Pinky Crush,ＰＡＳＴＥＬＩＳＭ,0,,-,1047,SENJU.,栃木県,1535,SENJU.,栃木県,2121,SLEEPY,栃木県,0,,-
Pinky Crush,飴玉,0,,-,600,SENJU.,栃木県,897,RYO-XI,栃木県,1388,SLEEPY,栃木県,0,,-
Pinky Crush,進捗ダメダメです,289,SENJU.,栃木県,805,SENJU.,栃木県,1604,XELPHA,栃木県,2237,SLEEPY,栃木県,0,,-
Pinky Crush,覚悟せよ！エンタンメ～ン ～より身の切り売り自暴自棄版～,0,,-,1059,MINATO,栃木県,1890,SENJU.,栃木県,2862,SLEEPY,栃木県,0,,-
Pinky Crush,爆ぜりゃんせ,0,,-,1123,SENJU.,栃木県,1906,XELPHA,栃木県,2983,SLEEPY,栃木県,0,,-
Pinky Crush,無双,0,,-,1186,SENJU.,栃木県,1964,SENJU.,栃木県,3334,HERMIT,栃木県,0,,-
Pinky Crush,灼熱 Lost Summer Dayz,0,,-,1042,XELPHA,栃木県,1920,SLEEPY,栃木県,2771,HERMIT,栃木県,0,,-
Pinky Crush,消極的セツナイズム,0,,-,976,MINATO,栃木県,1593,MINATO,栃木県,2286,SLEEPY,栃木県,0,,-
Pinky Crush,朱と碧のランページ,0,,-,1031,SENJU.,栃木県,1701,SENJU.,栃木県,2528,HERMIT,栃木県,0,,-
Pinky Crush,最強頂戴girl,0,,-,865,SENJU.,栃木県,1481,XELPHA,栃木県,2200,HERMIT,栃木県,0,,-
Pinky Crush,断罪の一花,0,,-,892,XELPHA,栃木県,1558,XELPHA,栃木県,2573,SLEEPY,栃木県,0,,-
Pinky Crush,我ら完全無敵のアイドル!!,246,SENJU.,栃木県,1050,HIRO&C,栃木県,1646,XELPHA,栃木県,2561,SLEEPY,栃木県,0,,-
Pinky Crush,弾幕信仰,0,,-,1080,SENJU.,栃木県,1655,SENJU.,栃木県,2519,HERMIT,栃木県,0,,-
Pinky Crush,天使のカンタータ -Cantata of Angels-,0,,-,1271,SLEEPY,栃木県,2237,SLEEPY,栃木県,4158,HERMIT,栃木県,0,,-
Pinky Crush,ロマンシングエスケープ,0,,-,441,SENJU.,栃木県,1133,SENJU.,栃木県,1837,HERMIT,栃木県,0,,-
Pinky Crush,メズマライザー,579,SENJU.,栃木県,1170,SENJU.,栃木県,1824,XELPHA,栃木県,2734,SLEEPY,栃木県,0,,-
Pinky Crush,ファイナルレター,0,,-,995,SENJU.,栃木県,1859,XELPHA,栃木県,2683,HERMIT,栃木県,0,,-
Pinky Crush,ビビデバ,268,SENJU.,栃木県,787,SENJU.,栃木県,1322,FL4V1A,栃木県,2053,SLEEPY,栃木県,0,,-
Pinky Crush,ハルイロメロディー,0,,-,881,SENJU.,栃木県,1402,SENJU.,栃木県,2216,SLEEPY,栃木県,0,,-
Pinky Crush,ハオ,304,SENJU.,栃木県,873,XELPHA,栃木県,1732,XELPHA,栃木県,2903,SLEEPY,栃木県,0,,-
Pinky Crush,ドーナツホール 2024,350,HIRO&C,栃木県,996,HIRO&C,栃木県,1628,XELPHA,栃木県,2381,SLEEPY,栃木県,0,,-
Pinky Crush,ドリムチウ,0,,-,867,HIRO&C,栃木県,1581,SENJU.,栃木県,2596,SLEEPY,栃木県,0,,-
Pinky Crush,スパークリング☆彡ハイパーチューン！！,0,,-,1477,HIRO&C,栃木県,2204,SLEEPY,栃木県,3665,HERMIT,栃木県,0,,-
Pinky Crush,スキッテイエェエエェ!!!!,0,,-,1557,SENJU.,栃木県,2539,TO-NA,栃木県,4300,HERMIT,栃木県,0,,-
Pinky Crush,ゲシュタルト,401,SENJU.,栃木県,956,KIRYU-,栃木県,1584,HIRO&C,栃木県,2477,SLEEPY,栃木県,0,,-
Pinky Crush,ギャ・ギャ・ギャ・ギャラクシー！,0,,-,912,SENJU.,栃木県,1640,SENJU.,栃木県,2392,SLEEPY,栃木県,0,,-
Pinky Crush,キスキツネ,198,MINATO,栃木県,891,SENJU.,栃木県,1480,XELPHA,栃木県,2373,HERMIT,栃木県,0,,-
Pinky Crush,オブソミート,240,SENJU.,栃木県,876,HIRO&C,栃木県,1504,XELPHA,栃木県,2403,SLEEPY,栃木県,0,,-
Pinky Crush,オッド ラヴィ,396,SENJU.,栃木県,1067,SENJU.,栃木県,1771,XELPHA,栃木県,2536,HERMIT,栃木県,0,,-
Pinky Crush,エクスプロウル,0,,-,956,SENJU.,栃木県,1629,SENJU.,栃木県,2412,SLEEPY,栃木県,0,,-
Pinky Crush,イガク,320,SENJU.,栃木県,887,SENJU.,栃木県,1517,SENJU.,栃木県,2043,TSKASA,栃木県,0,,-
Pinky Crush,アラビアン ハイパー ナイト,0,,-,1202,SENJU.,栃木県,1874,XELPHA,栃木県,3299,HERMIT,栃木県,0,,-
Pinky Crush,きゅうくらりん,457,SENJU.,栃木県,889,SENJU.,栃木県,1712,SENJU.,栃木県,2390,HERMIT,栃木県,0,,-
Pinky Crush,きみのせかい,0,,-,1033,SENJU.,栃木県,1661,XELPHA,栃木県,2861,SLEEPY,栃木県,0,,-
Pinky Crush,えだまめカレークッキング,437,SENJU.,栃木県,824,SENJU.,栃木県,1297,XELPHA,栃木県,2197,HERMIT,栃木県,0,,-
Pinky Crush,XHRONOXAPSULΞ,0,,-,1173,MINATO,栃木県,2359,SLEEPY,栃木県,3804,HERMIT,栃木県,0,,-
Pinky Crush,Without Heaven,0,,-,1327,SENJU.,栃木県,2141,XELPHA,栃木県,3693,HERMIT,栃木県,0,,-
Pinky Crush,Vibing! Shake it!,0,,-,976,HIRO&C,栃木県,1671,XELPHA,栃木県,2494,HERMIT,栃木県,0,,-
Pinky Crush,uen,0,,-,1428,MINATO,栃木県,2082,DE.,栃木県,2970,HERMIT,栃木県,0,,-
Pinky Crush,Uaigh Gealai,0,,-,1306,SENJU.,栃木県,2173,A,栃木県,3834,HERMIT,栃木県,0,,-
Pinky Crush,u gotta beat,0,,-,1342,SENJU.,栃木県,2317,SLEEPY,栃木県,3544,HERMIT,栃木県,0,,-
Pinky Crush,TECHNO RUMBLE,0,,-,1158,SENJU.,栃木県,1813,XELPHA,栃木県,2913,HERMIT,栃木県,0,,-
Pinky Crush,SμG@R RU$#,0,,-,1401,SENJU.,栃木県,2346,XELPHA,栃木県,3607,SLEEPY,栃木県,0,,-
Pinky Crush,SUPER HEROINE!!,0,,-,941,SENJU.,栃木県,1626,XELPHA,栃木県,2338,HERMIT,栃木県,0,,-
Pinky Crush,Stargazing Trip ～星 探す旅～ ft. 小林マナ,0,,-,1088,SENJU.,栃木県,1793,SENJU.,栃木県,2684,HERMIT,栃木県,0,,-
Pinky Crush,Space In Time,0,,-,864,HIRO&C,栃木県,1562,XELPHA,栃木県,2059,SLEEPY,栃木県,0,,-
Pinky Crush,Slumber☆Party,0,,-,832,MINATO,栃木県,1782,XELPHA,栃木県,2304,HERMIT,栃木県,0,,-
Pinky Crush,Skratch Education Lv-1,0,,-,995,SENJU.,栃木県,1789,SLEEPY,栃木県,2663,FL4V1A,栃木県,0,,-
Pinky Crush,SISYPHUS,0,,-,1010,SENJU.,栃木県,1659,XELPHA,栃木県,2660,SLEEPY,栃木県,0,,-
Pinky Crush,Show Me All Your Love,0,,-,1131,SENJU.,栃木県,1983,MINATO,栃木県,2930,TSKASA,栃木県,0,,-
Pinky Crush,Shirdal,0,,-,871,MINATO,栃木県,1530,SMILE*,栃木県,2489,SLEEPY,栃木県,0,,-
Pinky Crush,Secret Rouge,0,,-,854,SENJU.,栃木県,1650,MINATO,栃木県,2325,SLEEPY,栃木県,0,,-
Pinky Crush,Satellite Burst,0,,-,1245,SENJU.,栃木県,2190,SLEEPY,栃木県,3895,HERMIT,栃木県,0,,-
Pinky Crush,Roar of Chronos,0,,-,1245,2,栃木県,2225,SLEEPY,栃木県,3951,HERMIT,栃木県,0,,-
Pinky Crush,RAVE SYNDROME,0,,-,1022,HIRO&C,栃木県,1732,XELPHA,栃木県,2787,HERMIT,栃木県,0,,-
Pinky Crush,Raspberry Potion (feat.あれたん & ぎゃるのしん☆),0,,-,906,HIRO&C,栃木県,1811,SLEEPY,栃木県,2515,SLEEPY,栃木県,0,,-
Pinky Crush,PopなEDEN,0,,-,977,SENJU.,栃木県,1615,TO-NA,栃木県,2456,SLEEPY,栃木県,0,,-
Pinky Crush,Plea Per Phase,0,,-,1034,SENJU.,栃木県,1743,XELPHA,栃木県,2778,SLEEPY,栃木県,0,,-
Pinky Crush,Plazma,266,SENJU.,栃木県,695,SENJU.,栃木県,1249,SENJU.,栃木県,2032,HERMIT,栃木県,0,,-
Pinky Crush,PIT A PAT,0,,-,1032,SENJU.,栃木県,1823,XELPHA,栃木県,2568,TSKASA,栃木県,0,,-
Pinky Crush,Pinky Happy Crazy,0,,-,1339,SENJU.,栃木県,2457,A,栃木県,3551,SLEEPY,栃木県,0,,-
Pinky Crush,PERFECT HUMAN,532,SENJU.,栃木県,893,SENJU.,栃木県,1447,XELPHA,栃木県,2227,SLEEPY,栃木県,0,,-
Pinky Crush,NOIXIA,0,,-,1402,RYO-XI,栃木県,2287,DJSENA,栃木県,3962,HERMIT,栃木県,0,,-
Pinky Crush,MVP,0,,-,927,HIRO&C,栃木県,1534,SENJU.,栃木県,2612,HERMIT,栃木県,0,,-
Pinky Crush,Mighty Cutie,0,,-,1157,SENJU.,栃木県,1991,SENJU.,栃木県,2771,SLEEPY,栃木県,0,,-
Pinky Crush,Mid-Corner (Magic Maker),0,,-,1222,SENJU.,栃木県,2083,SLEEPY,栃木県,3135,SLEEPY,栃木県,0,,-
Pinky Crush,MARLIN,0,,-,1206,SENJU.,栃木県,2246,XELPHA,栃木県,3540,HERMIT,栃木県,0,,-
Pinky Crush,Lycoris,0,,-,783,SENJU.,栃木県,1386,XELPHA,栃木県,2050,SLEEPY,栃木県,0,,-
Pinky Crush,lowercase lifetime,0,,-,1083,HIRO&C,栃木県,2084,XELPHA,栃木県,2795,HERMIT,栃木県,0,,-
Pinky Crush,Lightspeed,0,,-,1295,SENJU.,栃木県,2076,FL4V1A,栃木県,3138,HERMIT,栃木県,0,,-
Pinky Crush,KOTONOHA ft. Kotoha,0,,-,840,SENJU.,栃木県,1318,XELPHA,栃木県,1984,HERMIT,栃木県,0,,-
Pinky Crush,IN BETWEEN,0,,-,919,HIRO&C,栃木県,1506,SENJU.,栃木県,2377,SLEEPY,栃木県,0,,-
Pinky Crush,hora de verdad,0,,-,1122,SENJU.,栃木県,1975,A1C11,栃木県,3026,SLEEPY,栃木県,0,,-
Pinky Crush,Here We Go Now,0,,-,1147,SENJU.,栃木県,2204,FL4V1A,栃木県,3320,SLEEPY,栃木県,0,,-
Pinky Crush,Good Looking,0,,-,743,SENJU.,栃木県,1302,SENJU.,栃木県,2080,SLEEPY,栃木県,0,,-
Pinky Crush,God Mind,0,,-,1533,SENJU.,栃木県,2567,XELPHA,栃木県,4131,HERMIT,栃木県,0,,-
Pinky Crush,get set mind,0,,-,1030,HIRO&C,栃木県,1576,XELPHA,栃木県,2460,SLEEPY,栃木県,0,,-
Pinky Crush,Galaxy Collapse,0,,-,830,SENJU.,栃木県,1266,XELPHA,栃木県,1900,SLEEPY,栃木県,0,,-
Pinky Crush,FlyAway,0,,-,1246,SENJU.,栃木県,2072,SLEEPY,栃木県,3207,SLEEPY,栃木県,0,,-
Pinky Crush,Flamingo,0,,-,1084,ENOCH,栃木県,2242,A1C11,栃木県,3448,HERMIT,栃木県,0,,-
Pinky Crush,Fiery Stallion,0,,-,896,HIRO&C,栃木県,1671,XELPHA,栃木県,2402,SLEEPY,栃木県,0,,-
Pinky Crush,FERMI PARADOX,0,,-,1164,SENJU.,栃木県,1657,SENJU.,栃木県,2534,HERMIT,栃木県,0,,-
Pinky Crush,EYE OF THE HEAVEN,0,,-,1019,SENJU.,栃木県,2284,A,栃木県,3565,HERMIT,栃木県,0,,-
Pinky Crush,EX-MASSIVE FIGHTER,0,,-,1232,SENJU.,栃木県,2154,SLEEPY,栃木県,3385,HERMIT,栃木県,0,,-
Pinky Crush,everlastingeuphoria:,0,,-,1116,SENJU.,栃木県,1663,XELPHA,栃木県,2460,HERMIT,栃木県,0,,-
Pinky Crush,ELYSIUM,0,,-,930,SENJU.,栃木県,1560,XELPHA,栃木県,2722,HERMIT,栃木県,0,,-
Pinky Crush,Eleanor,0,,-,806,SENJU.,栃木県,1388,XELPHA,栃木県,2418,HERMIT,栃木県,0,,-
Pinky Crush,Drop Syndicate,0,,-,1194,SENJU.,栃木県,1937,FL4V1A,栃木県,3649,HERMIT,栃木県,0,,-
Pinky Crush,Dreamship,0,,-,932,SENJU.,栃木県,1362,XELPHA,栃木県,1955,SLEEPY,栃木県,0,,-
Pinky Crush,DIVINE JUDGEMENT,0,,-,1038,SENJU.,栃木県,2027,SLEEPY,栃木県,2784,HERMIT,栃木県,0,,-
Pinky Crush,Digital Radiance,0,,-,1153,HIRO&C,栃木県,1436,XELPHA,栃木県,2035,SLEEPY,栃木県,0,,-
Pinky Crush,destination,0,,-,1043,HIRO&C,栃木県,2252,SLEEPY,栃木県,3361,HERMIT,栃木県,0,,-
Pinky Crush,Cross Fire,0,,-,1082,SENJU.,栃木県,2151,XELPHA,栃木県,3364,SLEEPY,栃木県,0,,-
Pinky Crush,COSMIC V3LOCITY,0,,-,1269,SENJU.,栃木県,2263,FL4V1A,栃木県,3374,HERMIT,栃木県,0,,-
Pinky Crush,Constellation,0,,-,966,SENJU.,栃木県,1799,XELPHA,栃木県,2810,SLEEPY,栃木県,0,,-
Pinky Crush,Chasing After YOU ～夢の欠片～ ft. 小林マナ,0,,-,989,MINATO,栃木県,1438,XELPHA,栃木県,2063,SLEEPY,栃木県,0,,-
Pinky Crush,CHAOTIC SUNBIRD,0,,-,1230,XELPHA,栃木県,1725,FL4V1A,栃木県,3289,HERMIT,栃木県,0,,-
Pinky Crush,Butterfly Twist,0,,-,1039,SENJU.,栃木県,1579,XELPHA,栃木県,2713,SLEEPY,栃木県,0,,-
Pinky Crush,Bring The Fire,0,,-,1189,HIRO&C,栃木県,1953,FL4V1A,栃木県,3425,HERMIT,栃木県,0,,-
Pinky Crush,Bling-Bang-Bang-Born,347,SENJU.,栃木県,663,SENJU.,栃木県,1165,XELPHA,栃木県,1970,SLEEPY,栃木県,0,,-
Pinky Crush,Bang-Boo Bumble,0,,-,1137,SENJU.,栃木県,1950,XELPHA,栃木県,2943,HERMIT,栃木県,0,,-
Pinky Crush,Arcanos,0,,-,666,SENJU.,栃木県,1194,XELPHA,栃木県,1988,HERMIT,栃木県,0,,-
Pinky Crush,Aqvion,0,,-,1186,XELPHA,栃木県,1940,XELPHA,栃木県,3508,HERMIT,栃木県,0,,-
Pinky Crush,ADAMANT,0,,-,1148,HIRO&C,栃木県,1931,XELPHA,栃木県,3045,HERMIT,栃木県,0,,-
Pinky Crush,1116,0,,-,1117,SENJU.,栃木県,2033,SLEEPY,栃木県,3051,SLEEPY,栃木県,0,,-
