バージョン,タイトル,BEGINNER EXスコア,BEGINNER DJName,BEGINNER 都道府県,NORMAL EXスコア,NORMAL DJName,NORMAL 都道府県,HYPER EXスコア,HYPER DJName,HYPER 都道府県,ANOTHER EXスコア,ANOTHER DJName,ANOTHER 都道府県,LEGGENDARIA EXスコア,LEGGENDARIA DJName,LEGGENDARIA 都道府県
1st&substream,THE EARTH LIGHT,0,,-,761,7&MM!3,群馬県,1036,COG,群馬県,1158,G*,群馬県,0,,-
1st&substream,RUGGED ASH,0,,-,366,5QOO,群馬県,402,TAKA-P,群馬県,1088,NEKOZE,群馬県,2055,G*,群馬県
1st&substream,R3,0,,-,642,ISZO!,群馬県,721,PAJAM4,群馬県,903,FBI,群馬県,0,,-
1st&substream,PARANOIA MAX～DIRTY MIX～,0,,-,548,15M!L9,群馬県,743,BEERKZ,群馬県,1116,G*,群馬県,0,,-
1st&substream,Macho Gang,0,,-,376,.HIFU3,群馬県,1039,BEISIA,群馬県,1649,G*,群馬県,0,,-
1st&substream,KEEP ON MOVIN',0,,-,194,KA92##,群馬県,244,G*,群馬県,0,,-,0,,-
1st&substream,GRADIUSIC CYBER,0,,-,846,KKP,群馬県,946,IIDX15,群馬県,1208,G*,群馬県,0,,-
1st&substream,gentle stress,0,,-,342,.HIFU3,群馬県,670,.HIFU3,群馬県,1443,BEERKZ,群馬県,0,,-
1st&substream,GENOM SCREAMS,0,,-,407,465,群馬県,829,G*,群馬県,1062,G*,群馬県,0,,-
1st&substream,GAMBOL,0,,-,273,RINNE*,群馬県,274,.HIFU3,群馬県,0,,-,0,,-
1st&substream,Dr.LOVE,0,,-,396,VJAPAN,群馬県,503,PHYSIX,群馬県,577,SYNCH,群馬県,0,,-
1st&substream,deep in you,0,,-,477,VJAPAN,群馬県,501,G*,群馬県,661,FBI,群馬県,0,,-
1st&substream,5.1.1.,0,,-,198,G*,群馬県,1008,BEISIA,群馬県,1570,G*,群馬県,0,,-
1st&substream,22DUNK,0,,-,511,AOMI,群馬県,635,ZI,群馬県,651,IIDXIS,群馬県,0,,-
2nd style,SP-TRIP MACHINE(for beatmania II),0,,-,500,06RICE,群馬県,612,7&MM!3,群馬県,647,SYNCH,群馬県,0,,-
2nd style,PUT YOUR FAITH IN ME(for beatmania II),0,,-,556,ODEDEN,群馬県,852,SYNCH,群馬県,0,,-,0,,-
2nd style,Indigo Vision(full flavour hide around mix),0,,-,862,7&MM!3,群馬県,1090,B-1824,群馬県,1228,G*,群馬県,0,,-
2nd style,I Was The One,0,,-,525,PAJAM4,群馬県,623,DROTHY,群馬県,686,J,群馬県,0,,-
2nd style,Electro Tuned(the SubS mix),0,,-,769,5QOO,群馬県,953,COG,群馬県,1066,G*,群馬県,0,,-
2nd style,Digital MinD(A/T Libra mix),0,,-,713,5QOO,群馬県,1035,COG,群馬県,1112,SYNCH,群馬県,0,,-
2nd style,.59,0,,-,700,5QOO,群馬県,1013,G*,群馬県,1151,SYNCH,群馬県,0,,-
3rd style,THE SAFARI,364,$EVAN$,群馬県,1210,BEISIA,群馬県,1764,G*,群馬県,0,,-,0,,-
3rd style,Tangerine Stream,0,,-,275,SAKURA,群馬県,394,RINNE*,群馬県,0,,-,0,,-
3rd style,Skyscraper,0,,-,733,B-1824,群馬県,1163,COG,群馬県,1241,SUFOLK,群馬県,0,,-
3rd style,Schlagwerk,0,,-,797,7&MM!3,群馬県,1292,XAN.H,群馬県,1688,G*,群馬県,0,,-
3rd style,REINCARNATION,0,,-,838,COG,群馬県,1015,COG,群馬県,1265,SYNCH,群馬県,0,,-
3rd style,R5,0,,-,754,5QOO,群馬県,1162,BEERKZ,群馬県,1763,RCHE,群馬県,0,,-
3rd style,Presto,0,,-,530,5QOO,群馬県,973,NEKOZE,群馬県,1005,BEERKZ,群馬県,0,,-
3rd style,LEADING CYBER,0,,-,841,5QOO,群馬県,1164,*TMHR*,群馬県,1265,SYNCH,群馬県,0,,-
3rd style,Holic,0,,-,762,W,群馬県,1192,PRTS,群馬県,1734,G*,群馬県,0,,-
3rd style,era (nostalmix),0,,-,835,5QOO,群馬県,1094,BEERKZ,群馬県,1557,G*,群馬県,0,,-
3rd style,Don't Stop!,0,,-,744,NAMEKO,群馬県,840,PRTS,群馬県,905,SUFOLK,群馬県,0,,-
3rd style,CAN'T STOP FALLIN'IN LOVE,0,,-,608,B-1824,群馬県,1244,J,群馬県,0,,-,0,,-
4th style,Voltage (feat. Hidemaru),0,,-,928,15M!L9,群馬県,1219,TAKA-P,群馬県,1323,G*,群馬県,0,,-
4th style,SWEET LAB,0,,-,545,TIN3TO,群馬県,961,BEISIA,群馬県,1366,G*,群馬県,0,,-
4th style,starmine,445,.HIFU3,群馬県,866,7&MM!3,群馬県,1430,G*,群馬県,1591,G*,群馬県,0,,-
4th style,Mr.T.(take me higher),0,,-,830,5QOO,群馬県,997,COG,群馬県,1771,G*,群馬県,0,,-
4th style,minimalian,0,,-,530,B-1824,群馬県,1078,GUNMA,群馬県,1400,SYNCH,群馬県,0,,-
4th style,LOVE WILL・・・,0,,-,547,465,群馬県,748,CAT,群馬県,1460,J,群馬県,0,,-
4th style,KAMIKAZE,0,,-,1002,7&MM!3,群馬県,1442,PA-SHI,群馬県,2295,G*,群馬県,0,,-
4th style,Jam&Marmalade,0,,-,760,465,群馬県,888,COG,群馬県,1014,G*,群馬県,0,,-
4th style,Hitch Hiker2,0,,-,804,465,群馬県,1183,NEKOZE,群馬県,1324,SYNCH,群馬県,1950,G*,群馬県
4th style,HIGHER,0,,-,526,AOMI,群馬県,911,465,群馬県,1278,SUFOLK,群馬県,0,,-
4th style,FLOWERS for ALBION,0,,-,238,G*,群馬県,438,G*,群馬県,0,,-,0,,-
4th style,era (step mix),0,,-,1076,ZI,群馬県,1397,COG,群馬県,1735,G*,群馬県,0,,-
4th style,empathy,0,,-,817,5QOO,群馬県,1316,COG,群馬県,1478,G*,群馬県,0,,-
4th style,DXY!,0,,-,1273,PA-SHI,群馬県,1824,J,群馬県,2250,G*,群馬県,0,,-
4th style,Clione,0,,-,513,A-,群馬県,916,465,群馬県,1617,G*,群馬県,2180,G*,群馬県
4th style,CHECKING YOU OUT,0,,-,646,PA-SHI,群馬県,913,G*,群馬県,1338,G*,群馬県,0,,-
4th style,Burnin' The Floor,0,,-,569,AOMI,群馬県,923,PRTS,群馬県,1439,G*,群馬県,0,,-
4th style,Broken My Heart,0,,-,912,A-,群馬県,1465,COG,群馬県,1820,G*,群馬県,0,,-
4th style,B4U,0,,-,1023,5QOO,群馬県,1539,SILXEA,群馬県,2021,G*,群馬県,0,,-
4th style,ABSOLUTE,0,,-,1293,NO.IZE,群馬県,1759,COG,群馬県,2410,G*,群馬県,2728,TIN3TO,群馬県
4th style,250bpm,0,,-,664,5QOO,群馬県,1010,GUNMA,群馬県,1422,G*,群馬県,0,,-
5th style,V,346,$EVAN$,群馬県,1280,TIN3TO,群馬県,2453,HELL,群馬県,3022,G*,群馬県,0,,-
5th style,THE SHINING POLARIS,0,,-,891,5QOO,群馬県,1266,KOKOMI,群馬県,1588,G*,群馬県,0,,-
5th style,THE CUBE,0,,-,724,B-1824,群馬県,1275,FBI,群馬県,1356,G*,群馬県,0,,-
5th style,sync,0,,-,1061,5QOO,群馬県,1916,COG,群馬県,2401,G*,群馬県,0,,-
5th style,still my words,0,,-,899,AOMI,群馬県,1232,G*,群馬県,0,,-,0,,-
5th style,STILL IN MY HEART,0,,-,994,5QOO,群馬県,1324,RINNE*,群馬県,1933,G*,群馬県,0,,-
5th style,Spin the disc,0,,-,785,B-1824,群馬県,1295,G*,群馬県,1327,GUNMA,群馬県,0,,-
5th style,sometime,0,,-,768,RINNE*,群馬県,1059,ARUS,群馬県,1318,SYNCH,群馬県,0,,-
5th style,RISLIM,0,,-,901,AOMI,群馬県,1231,NEKOZE,群馬県,0,,-,0,,-
5th style,RIDE ON THE LIGHT (HI GREAT MIX),0,,-,876,A-,群馬県,1076,COG,群馬県,1715,G*,群馬県,1838,G*,群馬県
5th style,Regulus,0,,-,1024,7&MM!3,群馬県,1476,POYO4,群馬県,1678,Z-1004,群馬県,0,,-
5th style,Real,0,,-,1062,5QOO,群馬県,1640,5QOO,群馬県,1830,G*,群馬県,0,,-
5th style,Radical Faith,0,,-,1173,COG,群馬県,1523,G*,群馬県,1297,XJAPAN,群馬県,0,,-
5th style,QQQ,0,,-,1214,5QOO,群馬県,1859,GUNMA,群馬県,2168,G*,群馬県,0,,-
5th style,outer wall,0,,-,901,CAT,群馬県,1319,7&MM!3,群馬県,1774,G*,群馬県,0,,-
5th style,LOVE AGAIN TONIGHT～for Mellisa mix～,0,,-,741,7&MM!3,群馬県,960,PRTS,群馬県,1116,TIN3TO,群馬県,0,,-
5th style,in my eyes,0,,-,945,5QOO,群馬県,1411,COG,群馬県,1578,SUFOLK,群馬県,0,,-
5th style,Abyss,0,,-,1262,COG,群馬県,1615,NEKOZE,群馬県,1883,G*,群馬県,0,,-
6th style,電人イェーガーのテーマ(Theme of DENJIN J),0,,-,1030,MU$ECA,群馬県,1573,NEKOZE,群馬県,0,,-,0,,-
6th style,こっちを向いてよ,0,,-,825,5QOO,群馬県,1281,COG,群馬県,1384,BEERKZ,群馬県,0,,-
6th style,VJ ARMY,0,,-,1185,FLG.,群馬県,1698,GUNMA,群馬県,2245,G*,群馬県,0,,-
6th style,Take It Easy,0,,-,1480,RINNE*,群馬県,2361,BEISIA,群馬県,2524,G*,群馬県,0,,-
6th style,Summer Vacation(CU mix),0,,-,1265,5QOO,群馬県,1844,BEERKZ,群馬県,0,,-,0,,-
6th style,SOMETHING WONDERFUL,0,,-,924,B-1824,群馬県,1314,7&MM!3,群馬県,1959,SYNCH,群馬県,0,,-
6th style,route 80s,0,,-,858,5QOO,群馬県,1152,S0R1N,群馬県,1520,G*,群馬県,0,,-
6th style,rottel-da-sun,0,,-,800,FLG.,群馬県,1324,OZ-RH,群馬県,1867,G*,群馬県,0,,-
6th style,NEMESIS,0,,-,998,5QOO,群馬県,1589,5QOO,群馬県,1927,G*,群馬県,0,,-
6th style,Linus,0,,-,955,5QOO,群馬県,1512,COG,群馬県,2183,BEERKZ,群馬県,0,,-
6th style,G2,0,,-,1377,5QOO,群馬県,1763,PA-SHI,群馬県,2351,G*,群馬県,0,,-
6th style,Frozen Ray (original mix),0,,-,1276,5QOO,群馬県,1727,B-1824,群馬県,1812,G*,群馬県,0,,-
6th style,Free Style,0,,-,911,5QOO,群馬県,1082,COG,群馬県,1317,G*,群馬県,0,,-
6th style,fly through the night,0,,-,887,B-1824,群馬県,1340,SILXEA,群馬県,1710,G*,群馬県,0,,-
6th style,DIVE ～INTO YOUR HEART～,0,,-,1257,5QOO,群馬県,1812,7&MM!3,群馬県,2113,G*,群馬県,0,,-
6th style,Colors (radio edit),0,,-,1452,.HIFU3,群馬県,1882,7&MM!3,群馬県,2482,G*,群馬県,0,,-
6th style,Buffalo,0,,-,989,PA-SHI,群馬県,1417,GOESE,群馬県,1821,G*,群馬県,2500,SYNCH,群馬県
6th style,Blueberry Stream,0,,-,820,B-1824,群馬県,1400,B-1824,群馬県,1638,BEERKZ,群馬県,0,,-
6th style,BALLAD FOR YOU～想いの雨～,0,,-,590,B-1824,群馬県,768,B-1824,群馬県,1071,SYNCH,群馬県,0,,-
6th style,"19,November",0,,-,1087,7&MM!3,群馬県,1436,COG,群馬県,1809,G*,群馬県,0,,-
7th style,革命,0,,-,755,B-1824,群馬県,1890,DEEN,群馬県,2346,G*,群馬県,0,,-
7th style,ZERO-ONE,0,,-,1059,5QOO,群馬県,1667,WADATI,群馬県,2256,G*,群馬県,2875,G*,群馬県
7th style,traces,0,,-,1454,CAT,群馬県,1899,BEISIA,群馬県,2160,G*,群馬県,0,,-
7th style,Tomorrow Perfume,0,,-,1294,COG,群馬県,1791,KOKOMI,群馬県,2144,G*,群馬県,0,,-
7th style,stoic,0,,-,1668,5QOO,群馬県,2335,U.N.K,群馬県,2590,G*,群馬県,0,,-
7th style,Spica,0,,-,646,B-1824,群馬県,1454,DNA200,群馬県,2254,G*,群馬県,0,,-
7th style,Love Me Do,0,,-,1106,B-1824,群馬県,1680,COG,群馬県,2113,G*,群馬県,0,,-
7th style,Let the Snow Paint Me,0,,-,822,5QOO,群馬県,1036,OGAMI,群馬県,1242,SUFOLK,群馬県,0,,-
7th style,Last Message,0,,-,1009,BEERKZ,群馬県,1286,GUNMA,群馬県,1631,G*,群馬県,0,,-
7th style,Happy Wedding,0,,-,1157,5QOO,群馬県,1639,ARUS,群馬県,1846,G*,群馬県,0,,-
7th style,Glorious Days,0,,-,495,5QOO,群馬県,798,G*,群馬県,905,ZI,群馬県,0,,-
7th style,foreplay,0,,-,667,MA0,群馬県,1191,BEISIA,群馬県,1342,G*,群馬県,0,,-
7th style,DESTINY,0,,-,1046,7&MM!3,群馬県,1377,COG,群馬県,1846,G*,群馬県,0,,-
7th style,D2R,0,,-,939,KZTK,群馬県,1264,SUGURI,群馬県,1632,G*,群馬県,0,,-
7th style,Cheer Train,0,,-,882,B-1824,群馬県,1179,COG,群馬県,1731,G*,群馬県,0,,-
7th style,Burning Heat! (Full Option Mix),0,,-,703,B-1824,群馬県,915,BEISIA,群馬県,1467,J,群馬県,0,,-
7th style,Bad Routine,0,,-,1007,N.C.,群馬県,1352,IIDX31,群馬県,1921,SYNCH,群馬県,0,,-
7th style,AVE DE RAPINA,0,,-,1374,SYNCH,群馬県,1657,COG,群馬県,1820,TIN3TO,群馬県,0,,-
7th style,A,0,,-,1275,5QOO,群馬県,2123,IMOTA*,群馬県,2506,G*,群馬県,0,,-
8th style,蒼い衝動,0,,-,891,5QOO,群馬県,1342,VO.KSL,群馬県,1591,G*,群馬県,0,,-
8th style,桜,0,,-,1012,465,群馬県,1516,I.S#,群馬県,2149,G*,群馬県,0,,-
8th style,xenon,0,,-,1092,5QOO,群馬県,1656,COG,群馬県,2750,G*,群馬県,0,,-
8th style,World Wide Love,0,,-,693,OGAMI,群馬県,1029,OGAMI,群馬県,1116,Z-1004,群馬県,0,,-
8th style,WAR GAME,0,,-,951,CAT,群馬県,1538,GUNMA,群馬県,2147,G*,群馬県,0,,-
8th style,thunder,0,,-,1158,5QOO,群馬県,1567,RINNE*,群馬県,1893,G*,群馬県,0,,-
8th style,symbolic,0,,-,1397,465,群馬県,1827,PA-SHI,群馬県,2272,G*,群馬県,0,,-
8th style,STAR DREAM,0,,-,771,B-1824,群馬県,1284,COG,群馬県,1403,SYNCH,群馬県,0,,-
8th style,rainbow flyer,0,,-,788,CAT,群馬県,1567,PA-SHI,群馬県,2146,G*,群馬県,0,,-
8th style,PLEASE DON'T GO,0,,-,938,5QOO,群馬県,1389,COG,群馬県,2451,G*,群馬県,0,,-
8th style,MUSIC TO YOUR HEAD,0,,-,784,GE-WA,群馬県,1408,5QOO,群馬県,1683,G*,群馬県,0,,-
8th style,murmur twins,0,,-,1107,5QOO,群馬県,1615,7&MM!3,群馬県,2407,G*,群馬県,0,,-
8th style,Monkey Dance,0,,-,777,5QOO,群馬県,1362,NEKOZE,群馬県,1988,G*,群馬県,0,,-
8th style,memories,0,,-,1097,5QOO,群馬県,2000,BEISIA,群馬県,2268,G*,群馬県,0,,-
8th style,Luv 2 Feel Your Body,0,,-,859,COG,群馬県,997,7&MM!3,群馬県,1662,G*,群馬県,0,,-
8th style,LOVE IS ORANGE,0,,-,757,NAMEKO,群馬県,1024,JUBEAT,群馬県,1802,G*,群馬県,2105,G*,群馬県
8th style,LAB,0,,-,1041,B-1824,群馬県,1905,TAQAN,群馬県,2138,G*,群馬県,0,,-
8th style,HYPER BOUNDARY GATE,0,,-,1249,5QOO,群馬県,1909,GUNMA,群馬県,2203,GANJYA,群馬県,0,,-
8th style,Halfway of promise,0,,-,940,$EVAN$,群馬県,1507,SYNCH,群馬県,1820,G*,群馬県,0,,-
8th style,Giudecca,0,,-,901,PA-SHI,群馬県,1893,5QOO,群馬県,2705,G*,群馬県,0,,-
8th style,dual control,0,,-,741,465,群馬県,1379,ZI,群馬県,1897,G*,群馬県,0,,-
8th style,Colors -Y&Co. Eurobeat Remix-,0,,-,1137,COG,群馬県,1944,IIDX31,群馬県,2195,G*,群馬県,0,,-
8th style,CELEBRATE NITE,0,,-,904,5QOO,群馬県,1127,7&MM!3,群馬県,1417,NEKOZE,群馬県,0,,-
8th style,Blame,0,,-,1174,5QOO,群馬県,1514,SIREN3,群馬県,1948,G*,群馬県,0,,-
8th style,bit mania,0,,-,908,$EVAN$,群馬県,1256,PRTS,群馬県,1862,GANJYA,群馬県,0,,-
8th style,Attitude,0,,-,955,CAT,群馬県,1379,GUNMA,群馬県,1747,SYNCH,群馬県,0,,-
8th style,ALL RIGHT,0,,-,862,5QOO,群馬県,1272,PA-SHI,群馬県,1620,G*,群馬県,0,,-
8th style,airflow,0,,-,558,FFXIV,群馬県,766,.HIFU3,群馬県,1431,G*,群馬県,0,,-
8th style,abstract,0,,-,1267,5QOO,群馬県,1566,PHYSIX,群馬県,1892,SYNCH,群馬県,0,,-
9th style,真夏の花・真夏の夢,0,,-,808,5QOO,群馬県,1161,COG,群馬県,1475,G*,群馬県,0,,-
9th style,ライオン好き,0,,-,637,15M!L9,群馬県,1173,KOIWA,群馬県,1507,G*,群馬県,0,,-
9th style,SWEETEST SAVAGE,0,,-,649,B-1824,群馬県,1362,PA-SHI,群馬県,1842,G*,群馬県,0,,-
9th style,Sweet Sweet Magic,0,,-,991,7&MM!3,群馬県,1505,GRAN,群馬県,2036,G*,群馬県,0,,-
9th style,STAR FIELD,0,,-,669,RIIDA,群馬県,1557,BEISIA,群馬県,1884,G*,群馬県,0,,-
9th style,SNOW,0,,-,1018,5QOO,群馬県,1337,COG,群馬県,2030,XJAPAN,群馬県,0,,-
9th style,Silvia Drive,0,,-,829,5QOO,群馬県,1507,BEISIA,群馬県,2072,G*,群馬県,0,,-
9th style,rottel-the-Mercury,0,,-,966,5QOO,群馬県,1889,BEISIA,群馬県,2272,G*,群馬県,0,,-
9th style,RISLIM -Remix-,0,,-,782,B-1824,群馬県,975,COG,群馬県,1870,SYNCH,群馬県,0,,-
9th style,Really Love,0,,-,638,B-1824,群馬県,966,FBI,群馬県,1743,SYNCH,群馬県,0,,-
9th style,Quickening,0,,-,914,7&MM!3,群馬県,1629,5QOO,群馬県,2090,TIN3TO,群馬県,0,,-
9th style,quasar,0,,-,1147,B-1824,群馬県,1786,G*,群馬県,2319,G*,群馬県,0,,-
9th style,one or eight,0,,-,1271,IIDX31,群馬県,1834,U.N.K,群馬県,2288,G*,群馬県,0,,-
9th style,moon_child,0,,-,1035,B-1824,群馬県,1893,B-1824,群馬県,2579,G*,群馬県,0,,-
9th style,MARIA (I believe... ),0,,-,727,7&MM!3,群馬県,1596,G*,群馬県,1962,G*,群馬県,0,,-
9th style,Make A Difference,0,,-,848,5QOO,群馬県,1541,FFXIV,群馬県,2265,G*,群馬県,0,,-
9th style,lower world,0,,-,1347,5QOO,群馬県,1882,BEISIA,群馬県,2273,G*,群馬県,0,,-
9th style,LOVE SHINE,535,.HIFU3,群馬県,832,5QOO,群馬県,1827,GRAN,群馬県,2088,G*,群馬県,0,,-
9th style,lights,0,,-,679,NAMEKO,群馬県,1432,NEKOZE,群馬県,1789,G*,群馬県,0,,-
9th style,Let The Snow Paint Me -Y&Co. Remix-,0,,-,730,HIRORO,群馬県,1143,REMU,群馬県,1802,G*,群馬県,0,,-
9th style,Karma,0,,-,1312,5QOO,群馬県,1631,MIRAHQ,群馬県,1840,G*,群馬県,0,,-
9th style,I Was The One (80's EUROBEAT STYLE),0,,-,760,NAMEKO,群馬県,1333,B-1824,群馬県,1440,SYNCH,群馬県,0,,-
9th style,HYPER EUROBEAT (2DX style),0,,-,1068,5QOO,群馬県,1627,COG,群馬県,1948,NEKOZE,群馬県,0,,-
9th style,Golden Horn,0,,-,691,CAT,群馬県,1233,GUNMA,群馬県,1500,BEERKZ,群馬県,0,,-
9th style,e-motion 2003  -romantic extra-,0,,-,1280,5QOO,群馬県,1599,BIRD-M,群馬県,1997,G*,群馬県,0,,-
9th style,Distress,0,,-,1328,B-1824,群馬県,1831,NEKOZE,群馬県,0,,-,0,,-
9th style,Cradle,0,,-,899,B-1824,群馬県,1435,7&MM!3,群馬県,1599,G*,群馬県,0,,-
9th style,BRIGHTNESS DARKNESS,0,,-,665,MA,群馬県,1419,7&MM!3,群馬県,1759,NEKOZE,群馬県,0,,-
9th style,bag,0,,-,900,46TA,群馬県,1131,PRTS,群馬県,1916,BEERKZ,群馬県,0,,-
9th style,BAD BOY BASS!! (dj Remo-con MIX),0,,-,913,A-,群馬県,1363,COG,群馬県,1808,G*,群馬県,0,,-
9th style,ATOMIC AGE,0,,-,361,B-1824,群馬県,665,COG,群馬県,1331,G*,群馬県,0,,-
9th style,ACT,0,,-,1025,ONENNE,群馬県,1677,TIN3TO,群馬県,1859,G*,群馬県,0,,-
9th style,Abyss -The Heavens Remix-,570,.HIFU3,群馬県,1412,IIDX31,群馬県,1844,BEISIA,群馬県,2374,G*,群馬県,0,,-
10th style,雪月花,0,,-,1202,5QOO,群馬県,1861,XJAPAN,群馬県,2542,G*,群馬県,0,,-
10th style,システムロマンス,0,,-,905,B-1824,群馬県,1733,COG,群馬県,2029,TIN3TO,群馬県,0,,-
10th style,SPACE FIGHT,0,,-,641,B-1824,群馬県,1505,BEISIA,群馬県,2239,G*,群馬県,0,,-
10th style,SHOOTING STAR,0,,-,1251,COG,群馬県,1631,COG,群馬県,2276,G*,群馬県,0,,-
10th style,Rise'n Beauty,0,,-,1262,5QOO,群馬県,1544,.HIFU3,群馬県,2156,SUFOLK,群馬県,0,,-
10th style,rainbow rainbow,0,,-,1568,SYNCH,群馬県,2206,BEISIA,群馬県,2743,G*,群馬県,0,,-
10th style,pandora,0,,-,874,7&MM!3,群馬県,1658,COG,群馬県,1832,NEKOZE,群馬県,0,,-
10th style,One More Lovely,0,,-,865,COG,群馬県,1619,GRAN,群馬県,2871,G*,群馬県,0,,-
10th style,No.13,0,,-,1630,GUNMA,群馬県,2578,XJAPAN,群馬県,3194,G*,群馬県,0,,-
10th style,Narcissus At Oasis,0,,-,780,B-1824,群馬県,1586,3TOTIN,群馬県,1668,G*,群馬県,0,,-
10th style,Lucy,0,,-,956,B-1824,群馬県,1726,5QOO,群馬県,2326,G*,群馬県,0,,-
10th style,Love Is Eternity,0,,-,1217,COG,群馬県,1884,NO.IZE,群馬県,2394,G*,群馬県,0,,-
10th style,Innocent Walls,0,,-,1627,BEISIA,群馬県,2521,G*,群馬県,2854,G*,群馬県,0,,-
10th style,HIGH,0,,-,926,5QOO,群馬県,1902,RINNE*,群馬県,2174,G*,群馬県,2858,3TOTIN,群馬県
10th style,GRADIUS -FULL SPEED-,0,,-,643,NAMEKO,群馬県,1177,COG,群馬県,2132,G*,群馬県,0,,-
10th style,GHOST REVIVAL,0,,-,900,5QOO,群馬県,1965,BEISIA,群馬県,2580,G*,群馬県,0,,-
10th style,Freezing atmosphere,0,,-,771,5QOO,群馬県,1117,COG,群馬県,1507,G*,群馬県,0,,-
10th style,FEEL IT,0,,-,903,5QOO,群馬県,1718,PA-SHI,群馬県,2006,G*,群馬県,0,,-
10th style,Feedback,0,,-,1018,5QOO,群馬県,1584,GUNMA,群馬県,1976,G*,群馬県,0,,-
10th style,EXE,0,,-,856,B-1824,群馬県,1604,BEISIA,群馬県,2258,G*,群馬県,0,,-
10th style,DoLL,343,RINNE*,群馬県,945,.HIFU3,群馬県,1231,PA-SHI,群馬県,1617,G*,群馬県,0,,-
10th style,desolation,0,,-,472,5QOO,群馬県,638,A-,群馬県,764,COG,群馬県,0,,-
10th style,Debtty Daddy,0,,-,1024,5QOO,群馬県,1898,7&MM!3,群馬県,2724,G*,群馬県,0,,-
10th style,Daisuke,470,TUONE*,群馬県,1201,CAT,群馬県,1632,BEISIA,群馬県,2408,G*,群馬県,0,,-
10th style,CARRY ON NIGHT (English version),0,,-,978,5QOO,群馬県,1309,SELEN*,群馬県,2050,GANJYA,群馬県,0,,-
10th style,Boundary,0,,-,856,FLG.,群馬県,1827,COG,群馬県,2055,G*,群馬県,0,,-
10th style,Back Into The Light,0,,-,1151,5QOO,群馬県,1627,GUNMA,群馬県,2172,G*,群馬県,0,,-
10th style,BABY LOVE,0,,-,1162,5QOO,群馬県,1665,BEISIA,群馬県,2162,G*,群馬県,0,,-
10th style,ASTRAL VOYAGE,0,,-,974,5QOO,群馬県,1418,COG,群馬県,1906,SUFOLK,群馬県,0,,-
10th style,ALIEN TEMPLE,0,,-,957,5QOO,群馬県,1610,DEEN,群馬県,2028,G*,群馬県,0,,-
10th style,1st Samurai,0,,-,1061,B-1824,群馬県,1911,#MAIS#,群馬県,2649,XJAPAN,群馬県,0,,-
IIDX RED,ＵＬＴｉＭΛＴＥ,0,,-,929,A-,群馬県,1462,RINNE*,群馬県,2008,G*,群馬県,0,,-
IIDX RED,太陽～T・A・I・Y・O～,0,,-,794,MU$ECA,群馬県,1401,GUNMA,群馬県,1730,&#9889,群馬県,0,,-
IIDX RED,大桟橋,0,,-,471,TANU3,群馬県,1125,3TOTIN,群馬県,1864,G*,群馬県,0,,-
IIDX RED,ピアノ協奏曲第１番”蠍火”,0,,-,825,COG,群馬県,2112,BEERKZ,群馬県,2690,G*,群馬県,0,,-
IIDX RED,Wonder Bullfighter,0,,-,921,5QOO,群馬県,1396,COG,群馬県,2004,SYNCH,群馬県,0,,-
IIDX RED,The Hope of Tomorrow,0,,-,1038,A-,群馬県,1689,SYNCH,群馬県,1970,G*,群馬県,0,,-
IIDX RED,spiral galaxy,0,,-,1054,465,群馬県,1937,TERIYA,群馬県,2609,G*,群馬県,3795,G*,群馬県
IIDX RED,Sphere,0,,-,1050,5QOO,群馬県,1968,G*,群馬県,2216,G*,群馬県,0,,-
IIDX RED,SPEEDY CAT,0,,-,1105,5QOO,群馬県,1654,PA-SHI,群馬県,2047,G*,群馬県,0,,-
IIDX RED,Secret of Love,0,,-,1055,7&MM!3,群馬県,1429,COG,群馬県,2035,G*,群馬県,0,,-
IIDX RED,RESONATE 1794,0,,-,913,*NOSU7,群馬県,1421,PA-SHI,群馬県,1876,G*,群馬県,0,,-
IIDX RED,RED ZONE,178,.HIFU3,群馬県,1081,5QOO,群馬県,1868,NAMKOO,群馬県,2361,G*,群馬県,3114,G*,群馬県
IIDX RED,Raspberry Heart(English version),0,,-,1019,5QOO,群馬県,1563,COG,群馬県,1854,$7.00,群馬県,0,,-
IIDX RED,NEBULA GRASPER,0,,-,1342,5QOO,群馬県,1881,NO.IZE,群馬県,2467,G*,群馬県,0,,-
IIDX RED,KEY,0,,-,1103,5QOO,群馬県,1873,GRAN,群馬県,2854,GANJYA,群馬県,0,,-
IIDX RED,HORIZON,0,,-,1041,5QOO,群馬県,1531,PA-SHI,群馬県,1976,G*,群馬県,0,,-
IIDX RED,gigadelic,704,B-1824,群馬県,1447,JUBEAT,群馬県,2164,G*,群馬県,2541,G*,群馬県,0,,-
IIDX RED,GENOCIDE,0,,-,1127,XEPHY,群馬県,2038,TERIYA,群馬県,2425,G*,群馬県,0,,-
IIDX RED,Fly Away To India,0,,-,656,5QOO,群馬県,1079,465,群馬県,1396,SYNCH,群馬県,0,,-
IIDX RED,FAKE TIME,0,,-,1031,5QOO,群馬県,1753,XJAPAN,群馬県,2398,G*,群馬県,0,,-
IIDX RED,earth scape,0,,-,447,B-1824,群馬県,1029,15M!L9,群馬県,1273,B,群馬県,0,,-
IIDX RED,Don't be afraid myself,0,,-,1094,B-1824,群馬県,1826,BEISIA,群馬県,2275,GANJYA,群馬県,0,,-
IIDX RED,D.A.N.C.E.!,0,,-,575,B-1824,群馬県,835,COG,群馬県,1605,BEERKZ,群馬県,0,,-
IIDX RED,Close my Eyes for Me,0,,-,929,HIRORO,群馬県,1397,GUNMA,群馬県,1835,G*,群馬県,0,,-
IIDX RED,Click Again,0,,-,872,5QOO,群馬県,1366,CAT,群馬県,2147,G*,群馬県,0,,-
IIDX RED,BREATH,0,,-,900,5QOO,群馬県,1298,TAQAN,群馬県,1736,G*,群馬県,0,,-
IIDX RED,BLOCKS,0,,-,812,B-1824,群馬県,1271,B-1824,群馬県,1993,G*,群馬県,0,,-
IIDX RED,Be quiet,0,,-,1081,COG,群馬県,1674,PA-SHI,群馬県,2218,G*,群馬県,2820,G*,群馬県
IIDX RED,awakening,0,,-,1063,5QOO,群馬県,1445,B,群馬県,1705,SUFOLK,群馬県,0,,-
IIDX RED,ANDROMEDA,0,,-,979,SUGURI,群馬県,1885,BEISIA,群馬県,2880,G*,群馬県,0,,-
IIDX RED,AGEHA,606,RINNE*,群馬県,1049,HAMA3,群馬県,1745,XAN.H,群馬県,1875,GANJYA,群馬県,2451,G*,群馬県
IIDX RED,AA,0,,-,1258,B-1824,群馬県,2700,3TOTIN,群馬県,3642,G*,群馬県,0,,-
HAPPY SKY,月光,0,,-,884,465,群馬県,1747,COG,群馬県,2474,G*,群馬県,0,,-
HAPPY SKY,合体せよ！ストロングイェーガー！！ (Ryu☆ remix),0,,-,1107,COG,群馬県,1548,GUNMA,群馬県,1934,G*,群馬県,0,,-
HAPPY SKY,冥,576,PA-SHI,群馬県,1055,.HIFU3,群馬県,2052,TAKA-P,群馬県,3803,G*,群馬県,0,,-
HAPPY SKY,ラクエン,0,,-,681,HIRORO,群馬県,925,5QOO,群馬県,1973,G*,群馬県,0,,-
HAPPY SKY,ヒマワリ,0,,-,555,PNSP!!,群馬県,1855,GRAN,群馬県,2078,G*,群馬県,0,,-
HAPPY SKY,オレはビートマニア！お前は何マニア？,0,,-,777,5QOO,群馬県,1460,PA-SHI,群馬県,1714,G*,群馬県,0,,-
HAPPY SKY,Xepher,408,B-1824,群馬県,1092,A-,群馬県,2210,G*,群馬県,3021,G*,群馬県,0,,-
HAPPY SKY,We are Disっ娘よっつ打ち命,0,,-,625,MA,群馬県,953,COG,群馬県,1657,SYNCH,群馬県,0,,-
HAPPY SKY,Votum stellarum,0,,-,814,B-1824,群馬県,1629,COG,群馬県,1978,BEERKZ,群馬県,0,,-
HAPPY SKY,vault of heaven,0,,-,796,BEERKZ,群馬県,1395,COG,群馬県,2013,G*,群馬県,0,,-
HAPPY SKY,Under the Sky,0,,-,893,A-,群馬県,1413,BEERKZ,群馬県,1736,G*,群馬県,0,,-
HAPPY SKY,Twelfth Style,0,,-,1214,5QOO,群馬県,1488,COG,群馬県,2048,G*,群馬県,3287,G*,群馬県
HAPPY SKY,Tizona d'El Cid,0,,-,946,5QOO,群馬県,1859,5QOO,群馬県,2330,G*,群馬県,0,,-
HAPPY SKY,SigSig,671,TAQAN,群馬県,1052,UNDELI,群馬県,1690,BEISIA,群馬県,2613,G*,群馬県,0,,-
HAPPY SKY,Scripted Connection⇒ N mix,0,,-,1301,465,群馬県,1645,GUNMA,群馬県,2093,FBI,群馬県,2414,3TOTIN,群馬県
HAPPY SKY,Scripted Connection⇒ H mix,0,,-,1686,5QOO,群馬県,2018,BEISIA,群馬県,2518,G*,群馬県,2913,G*,群馬県
HAPPY SKY,Scripted Connection⇒ A mix,0,,-,1664,COG,群馬県,2177,465,群馬県,3135,G*,群馬県,3465,G*,群馬県
HAPPY SKY,SCREAM SQUAD,0,,-,1142,5QOO,群馬県,1691,G*,群馬県,2085,G*,群馬県,0,,-
HAPPY SKY,rage against usual,0,,-,1338,7&MM!3,群馬県,2032,BEISIA,群馬県,3004,G*,群馬県,0,,-
HAPPY SKY,POODLE,0,,-,952,7&MM!3,群馬県,1867,BEISIA,群馬県,2310,G*,群馬県,3400,G*,群馬県
HAPPY SKY,Pollinosis,0,,-,778,B-1824,群馬県,1106,KOKOMI,群馬県,2532,G*,群馬県,0,,-
HAPPY SKY,PLASMA,0,,-,951,B-1824,群馬県,1654,BEISIA,群馬県,2282,G*,群馬県,0,,-
HAPPY SKY,Pink Rose,0,,-,583,15M!L9,群馬県,961,COG,群馬県,1416,G*,群馬県,2021,G*,群馬県
HAPPY SKY,MOON RACE,0,,-,832,B-1824,群馬県,1121,NO.IZE,群馬県,1892,TIN3TO,群馬県,0,,-
HAPPY SKY,Love Magic,0,,-,980,AOMI,群馬県,1687,BEISIA,群馬県,1956,&#9889,群馬県,0,,-
HAPPY SKY,Little Little Princess,0,,-,1095,B-1824,群馬県,2155,GRAN,群馬県,2764,G*,群馬県,3822,G*,群馬県
HAPPY SKY,LESSON 5,0,,-,1266,5QOO,群馬県,1809,GRAN,群馬県,2510,G*,群馬県,0,,-
HAPPY SKY,INAZUMA,0,,-,1102,B-1824,群馬県,1748,B-1824,群馬県,2729,G*,群馬県,4068,G*,群馬県
HAPPY SKY,in motion,0,,-,848,5QOO,群馬県,1062,COG,群馬県,1314,G*,群馬県,0,,-
HAPPY SKY,I am,0,,-,1081,5QOO,群馬県,1724,COG,群馬県,2178,G*,群馬県,0,,-
HAPPY SKY,HAPPY☆ANGEL,663,B-1824,群馬県,1060,5QOO,群馬県,1546,BEERKZ,群馬県,2101,G*,群馬県,0,,-
HAPPY SKY,GREEN EYES,0,,-,973,MACRO3,群馬県,1596,GUNMA,群馬県,2210,GANJYA,群馬県,0,,-
HAPPY SKY,Get'em up to R.A.V.E,0,,-,1144,5QOO,群馬県,1711,GUNMA,群馬県,2284,G*,群馬県,0,,-
HAPPY SKY,garden,0,,-,837,5QOO,群馬県,1493,PRTS,群馬県,2181,G*,群馬県,3072,3TOTIN,群馬県
HAPPY SKY,First Resolution,0,,-,809,5QOO,群馬県,1565,PA-SHI,群馬県,2142,GANJYA,群馬県,0,,-
HAPPY SKY,EMPTY OF THE SKY,0,,-,656,A-,群馬県,1038,BEISIA,群馬県,1682,G*,群馬県,0,,-
HAPPY SKY,EDEN,0,,-,1292,A-,群馬県,1915,GRAN,群馬県,2722,G*,群馬県,3255,HELL,群馬県
HAPPY SKY,double thrash,0,,-,989,5QOO,群馬県,1994,BEISIA,群馬県,2394,G*,群馬県,0,,-
HAPPY SKY,Catch Me,0,,-,777,15M!L9,群馬県,1299,PA-SHI,群馬県,1833,G*,群馬県,0,,-
HAPPY SKY,CaptivAte～浄化～,0,,-,1028,46TA,群馬県,1810,#MAIS#,群馬県,2476,G*,群馬県,3405,3TOTIN,群馬県
HAPPY SKY,Aurora,0,,-,1394,COG,群馬県,2134,SILXEA,群馬県,2553,G*,群馬県,0,,-
HAPPY SKY,alla turca con passione,0,,-,786,A-,群馬県,1605,BEISIA,群馬県,2176,G*,群馬県,0,,-
HAPPY SKY,Agnus Dei,0,,-,883,MEGANE,群馬県,1643,GRAN,群馬県,2088,BEERKZ,群馬県,0,,-
HAPPY SKY,100％ minimoo-G,0,,-,925,B-1824,群馬県,1636,RINNE*,群馬県,1709,G*,群馬県,0,,-
DistorteD,虹色,0,,-,947,A-,群馬県,1516,CC39RA,群馬県,1862,G*,群馬県,0,,-
DistorteD,華蝶風雪,0,,-,1232,NO.IZE,群馬県,2097,GRAN,群馬県,2992,G*,群馬県,4014,G*,群馬県
DistorteD,罠,0,,-,536,NAMEKO,群馬県,1521,BEISIA,群馬県,2459,RCHE,群馬県,0,,-
DistorteD,嘆きの樹,0,,-,1766,RINNE*,群馬県,2506,G*,群馬県,3933,G*,群馬県,0,,-
DistorteD,タシカナモノ,0,,-,916,5QOO,群馬県,1425,COG,群馬県,2038,GANJYA,群馬県,0,,-
DistorteD,カゴノトリ～弐式～,0,,-,1115,B-1824,群馬県,1797,7&MM!3,群馬県,2648,G*,群馬県,0,,-
DistorteD,Zenius -I- vanisher,0,,-,964,5QOO,群馬県,1563,GANJYA,群馬県,2411,G*,群馬県,0,,-
DistorteD,with you…,0,,-,771,5QOO,群馬県,1126,PA-SHI,群馬県,1774,G*,群馬県,0,,-
DistorteD,WISH(EUROBEAT MIX),0,,-,1028,A-,群馬県,1588,GUNMA,群馬県,1976,G*,群馬県,0,,-
DistorteD,Why did you go away,638,.HIFU3,群馬県,1090,5QOO,群馬県,1761,GRAN,群馬県,2327,G*,群馬県,0,,-
DistorteD,waxing and wanding,0,,-,1310,.HIFU3,群馬県,1973,GRAN,群馬県,2906,G*,群馬県,3988,G*,群馬県
DistorteD,TYPE MARS(G-Style Mix),0,,-,1100,5QOO,群馬県,1874,BEISIA,群馬県,2436,G*,群馬県,0,,-
DistorteD,tripping contact(teranoid&MC Natsack Remix),0,,-,1217,A-,群馬県,1934,GRAN,群馬県,2492,G*,群馬県,0,,-
DistorteD,This is Love,0,,-,923,B-1824,群馬県,1797,SILXEA,群馬県,2471,BEERKZ,群馬県,0,,-
DistorteD,The Dirty of Loudness,0,,-,1439,5QOO,群馬県,2264,3TOTIN,群馬県,2646,G*,群馬県,0,,-
DistorteD,Sun Field,0,,-,533,5QOO,群馬県,1519,GUNMA,群馬県,2459,G*,群馬県,0,,-
DistorteD,So Fabulous !!,0,,-,1086,15M!L9,群馬県,1520,PA-SHI,群馬県,2368,G*,群馬県,0,,-
DistorteD,Power of Love,0,,-,977,5QOO,群馬県,1509,A-,群馬県,2130,BEERKZ,群馬県,0,,-
DistorteD,MOON,0,,-,831,5QOO,群馬県,2059,BEISIA,群馬県,2219,G*,群馬県,0,,-
DistorteD,MINT,0,,-,1024,COG,群馬県,1721,SUGURI,群馬県,2312,G*,群馬県,0,,-
DistorteD,Melody Life,0,,-,752,HIRORO,群馬県,1184,LUNK,群馬県,1852,G*,群馬県,0,,-
DistorteD,Leaving...,0,,-,752,5QOO,群馬県,1386,GUNMA,群馬県,2208,G*,群馬県,0,,-
DistorteD,INFERNO,0,,-,1135,5QOO,群馬県,1547,NO.IZE,群馬県,1997,G*,群馬県,0,,-
DistorteD,Heavenly Sun (IIDX VERSION),0,,-,826,5QOO,群馬県,1564,AAAAAA,群馬県,2116,G*,群馬県,0,,-
DistorteD,Harmony and Lovely,0,,-,900,B-1824,群馬県,1694,PA-SHI,群馬県,2248,G*,群馬県,0,,-
DistorteD,Ganymede,0,,-,1130,.HIFU3,群馬県,1620,PA-SHI,群馬県,2320,G*,群馬県,2617,G*,群馬県
DistorteD,EURO-ROMANCE,0,,-,960,B-1824,群馬県,1819,SILXEA,群馬県,2111,G*,群馬県,0,,-
DistorteD,DUE TOMORROW,0,,-,884,5QOO,群馬県,1409,BEISIA,群馬県,2024,G*,群馬県,0,,-
DistorteD,Double Loving Heart,0,,-,581,B-1824,群馬県,1314,COG,群馬県,1814,SYNCH,群馬県,0,,-
DistorteD,D.C.fish,0,,-,984,7&MM!3,群馬県,1906,NAMKOO,群馬県,2347,G*,群馬県,0,,-
DistorteD,CONTRACT,0,,-,1247,IIDXIS,群馬県,1658,SILXEA,群馬県,2106,G*,群馬県,2823,G*,群馬県
DistorteD,Concertino in Blue,382,B-1824,群馬県,840,SEDNA*,群馬県,1664,BEISIA,群馬県,2493,G*,群馬県,0,,-
DistorteD,Broadbanded,0,,-,899,B-1824,群馬県,1372,S0R1N,群馬県,1995,XJAPAN,群馬県,0,,-
DistorteD,BOOM BOOM DISCO NIGHT,0,,-,997,A-,群馬県,1811,GUNMA,群馬県,2276,GANJYA,群馬県,0,,-
DistorteD,Bloody Tears(IIDX EDITION),0,,-,1114,5QOO,群馬県,1970,#MAIS#,群馬県,2186,G*,群馬県,0,,-
DistorteD,BALLAD THE FEATHERS,0,,-,695,NAMEKO,群馬県,1081,SHISHI,群馬県,1511,&#9889,群馬県,0,,-
DistorteD,Apocalypse ～dirge of swans～,242,TOTIGI,群馬県,998,RCHE,群馬県,1738,TAQAN,群馬県,2416,G*,群馬県,0,,-
DistorteD,ALFARSHEAR 双神威に廻る夢,437,FLG.,群馬県,1085,5QOO,群馬県,1627,SILXEA,群馬県,2084,G*,群馬県,0,,-
GOLD,電人、暁に斃れる。,663,RINNE*,群馬県,1497,7&MM!3,群馬県,2320,5QOO,群馬県,3429,G*,群馬県,0,,-
GOLD,零 - ZERO -,220,$EVAN$,群馬県,1148,5QOO,群馬県,1780,BEISIA,群馬県,2297,BEERKZ,群馬県,0,,-
GOLD,花吹雪 ～ IIDX LIMITED ～,0,,-,703,MU$ECA,群馬県,1108,7&MM!3,群馬県,1427,SYNCH,群馬県,0,,-
GOLD,星をこの手に,0,,-,1202,COG,群馬県,1798,BEISIA,群馬県,2157,TIN3TO,群馬県,0,,-
GOLD,リグレット,0,,-,1288,465,群馬県,1774,G*,群馬県,2419,G*,群馬県,0,,-
GOLD,ヨシダさん,0,,-,920,5QOO,群馬県,1417,F,群馬県,1972,G*,群馬県,0,,-
GOLD,クルクル☆ラブ～Opioid Peptide MIX～,427,.HIFU3,群馬県,975,A-,群馬県,1507,GANJYA,群馬県,2278,G*,群馬県,0,,-
GOLD,With your Smile,0,,-,718,B-1824,群馬県,1166,COG,群馬県,1571,G*,群馬県,0,,-
GOLD,Watch out!!,0,,-,727,B-1824,群馬県,1011,COG,群馬県,1600,G*,群馬県,0,,-
GOLD,VANESSA,0,,-,1147,BEISIA,群馬県,1847,G*,群馬県,2430,G*,群馬県,3458,G*,群馬県
GOLD,TRANOID,0,,-,762,TENHO!,群馬県,1721,BEISIA,群馬県,2203,TIN3TO,群馬県,2992,G*,群馬県
GOLD,The Smile of You,0,,-,925,TAQAN,群馬県,1293,PA-SHI,群馬県,1628,G*,群馬県,0,,-
GOLD,the shadow,0,,-,1178,NO.IZE,群馬県,2075,U.N.K,群馬県,2938,G*,群馬県,0,,-
GOLD,snow storm,235,$EVAN$,群馬県,784,15M!L9,群馬県,2209,ONENNE,群馬県,2809,G*,群馬県,3396,G*,群馬県
GOLD,smile,0,,-,1468,COG,群馬県,2133,GRAN,群馬県,2922,G*,群馬県,0,,-
GOLD,Sense 2007,0,,-,1519,BEERKZ,群馬県,2293,G*,群馬県,2955,G*,群馬県,0,,-
GOLD,Second Heaven,224,$EVAN$,群馬県,966,5QOO,群馬県,1523,COG,群馬県,2127,G*,群馬県,0,,-
GOLD,Roulette,0,,-,886,5QOO,群馬県,1466,G*,群馬県,2135,G*,群馬県,0,,-
GOLD,PHOTONGENIC,0,,-,1362,NEKOZE,群馬県,1928,B-1824,群馬県,2317,G*,群馬県,0,,-
GOLD,op.31 叙情,0,,-,561,.HIFU3,群馬県,1244,NEKOZE,群馬県,1589,G*,群馬県,0,,-
GOLD,never…,0,,-,796,5QOO,群馬県,1364,COG,群馬県,1810,SYNCH,群馬県,0,,-
GOLD,METALLIC MIND,0,,-,838,S0R1N,群馬県,1394,COG,群馬県,1648,G*,群馬県,0,,-
GOLD,Make Me Your Own,0,,-,872,COG,群馬県,1580,PRTS,群馬県,2154,G*,群馬県,0,,-
GOLD,Love Again...,0,,-,550,PENGIN,群馬県,787,A-,群馬県,1073,COG,群馬県,0,,-
GOLD,LASER CRUSTER,0,,-,1424,FRA153,群馬県,2475,G*,群馬県,3242,G*,群馬県,0,,-
GOLD,KAMAITACHI,0,,-,1242,CAT,群馬県,1987,COG,群馬県,2725,G*,群馬県,3907,G*,群馬県
GOLD,INORI,0,,-,1379,B-1824,群馬県,2508,B-1824,群馬県,3213,G*,群馬県,0,,-
GOLD,High School Love,402,.HIFU3,群馬県,869,5QOO,群馬県,1530,ARUS,群馬県,2211,G*,群馬県,0,,-
GOLD,heaven above,0,,-,786,5QOO,群馬県,1363,GUNMA,群馬県,1839,NEKOZE,群馬県,0,,-
GOLD,GRID KNIGHT,0,,-,779,5QOO,群馬県,1935,PA-SHI,群馬県,2622,BEERKZ,群馬県,3480,G*,群馬県
GOLD,GOLD RUSH,558,.HIFU3,群馬県,1155,NO.IZE,群馬県,1461,SILXEA,群馬県,2385,G*,群馬県,0,,-
GOLD,four-leaf,0,,-,744,15M!L9,群馬県,1178,NO.IZE,群馬県,1728,G*,群馬県,0,,-
GOLD,FIRE FIRE,565,B-1824,群馬県,1205,COG,群馬県,1813,IKASU3,群馬県,2767,G*,群馬県,0,,-
GOLD,Fascination MAXX,0,,-,942,SAI,群馬県,1638,G*,群馬県,2461,G*,群馬県,0,,-
GOLD,Cyber Force,0,,-,1246,B-1824,群馬県,1916,SILXEA,群馬県,2374,TIN3TO,群馬県,0,,-
GOLD,CROSSROAD ～Left Story～,0,,-,1116,SELEN*,群馬県,1751,XAN.H,群馬県,2194,G*,群馬県,0,,-
GOLD,CaptivAte～誓い～,0,,-,1261,5QOO,群馬県,1978,SILXEA,群馬県,2239,NEKOZE,群馬県,0,,-
GOLD,CaptivAte～裁き～,423,.HIFU3,群馬県,835,5QOO,群馬県,1291,COG,群馬県,1775,SUFOLK,群馬県,0,,-
GOLD,Candy Galy,0,,-,1542,FLG.,群馬県,2494,#MAIS#,群馬県,3579,G*,群馬県,0,,-
GOLD,"Blind Justice ～Torn souls, Hurt Faiths ～",0,,-,1329,COG,群馬県,1961,GUNMA,群馬県,2487,G*,群馬県,0,,-
GOLD,ANDROMEDA II,0,,-,979,5QOO,群馬県,1912,SILXEA,群馬県,2496,G*,群馬県,0,,-
GOLD,Air Bell,0,,-,957,SEDNA*,群馬県,1285,A-,群馬県,1722,GANJYA,群馬県,0,,-
DJ TROOPERS,走馬灯 -The Last Song-,0,,-,486,5QOO,群馬県,890,.HIFU3,群馬県,1338,Z-1004,群馬県,0,,-
DJ TROOPERS,華爛漫 -Flowers-,336,.HIFU3,群馬県,993,CAT,群馬県,1562,A-,群馬県,2056,G*,群馬県,3185,G*,群馬県
DJ TROOPERS,少年A,0,,-,1244,B-1824,群馬県,2233,G*,群馬県,2813,G*,群馬県,0,,-
DJ TROOPERS,ミラージュ・レジデンス,0,,-,1118,FLG.,群馬県,2033,7&MM!3,群馬県,2659,G*,群馬県,3285,G*,群馬県
DJ TROOPERS,マチ子の唄,0,,-,800,NO.IZE,群馬県,1303,COG,群馬県,1799,G*,群馬県,0,,-
DJ TROOPERS,エコ爺,343,TAQAN,群馬県,836,ONENNE,群馬県,1321,AOMI,群馬県,1840,G*,群馬県,0,,-
DJ TROOPERS,Wanna Party?,0,,-,753,5QOO,群馬県,1180,COG,群馬県,1520,G*,群馬県,2592,G*,群馬県
DJ TROOPERS,Ubertreffen,0,,-,1092,BEISIA,群馬県,1904,PLAF,群馬県,2550,G*,群馬県,3296,G*,群馬県
DJ TROOPERS,TROOPERS,0,,-,1223,COG,群馬県,2347,ISZO!,群馬県,2959,G*,群馬県,0,,-
DJ TROOPERS,TRIP MACHINE PhoeniX,0,,-,679,SITIMI,群馬県,1600,BEISIA,群馬県,1853,G*,群馬県,0,,-
DJ TROOPERS,Time to Air,0,,-,1270,B-1824,群馬県,2072,GRAN,群馬県,2907,G*,群馬県,3682,G*,群馬県
DJ TROOPERS,the trigger of innocence,0,,-,866,5QOO,群馬県,1172,COG,群馬県,1847,G*,群馬県,3111,G*,群馬県
DJ TROOPERS,THE DEEP STRIKER,539,RINNE*,群馬県,1052,5QOO,群馬県,2174,BEISIA,群馬県,3044,G*,群馬県,3532,G*,群馬県
DJ TROOPERS,switch,0,,-,795,B-1824,群馬県,1516,SILXEA,群馬県,2120,G*,群馬県,0,,-
DJ TROOPERS,STEEL NEEDLE,0,,-,1088,5QOO,群馬県,2149,BEISIA,群馬県,2509,G*,群馬県,3349,G*,群馬県
DJ TROOPERS,State Of The Art,0,,-,1084,5QOO,群馬県,1528,PA-SHI,群馬県,3129,G*,群馬県,0,,-
DJ TROOPERS,SOUND OF GIALLARHORN,513,B-1824,群馬県,1374,.HIFU3,群馬県,2729,GANJYA,群馬県,3326,G*,群馬県,0,,-
DJ TROOPERS,soldier's waltz,0,,-,811,RINNE*,群馬県,1584,COG,群馬県,2450,3TOTIN,群馬県,0,,-
DJ TROOPERS,scar in the earth,0,,-,650,ONENNE,群馬県,1109,COG,群馬県,1520,G*,群馬県,0,,-
DJ TROOPERS,satfinal,0,,-,1084,B-1824,群馬県,1406,PA-SHI,群馬県,1923,G*,群馬県,0,,-
DJ TROOPERS,"satellite020712 from ""CODED ARMS""",0,,-,1317,COG,群馬県,1842,BEISIA,群馬県,2554,G*,群馬県,0,,-
DJ TROOPERS,Ristaccia,0,,-,1159,OGAMI,群馬県,1972,RINNE*,群馬県,2741,G*,群馬県,0,,-
DJ TROOPERS,Rising in the Sun(original mix),0,,-,935,BIRD-M,群馬県,1664,RINNE*,群馬県,2387,G*,群馬県,0,,-
DJ TROOPERS,REMINISCENCE,0,,-,1239,5QOO,群馬県,1835,GRAN,群馬県,2345,FBI,群馬県,0,,-
DJ TROOPERS,PROMISE FOR LIFE,0,,-,589,A-,群馬県,1491,COG,群馬県,1748,AAAAAA,群馬県,0,,-
DJ TROOPERS,PARANOiA ～HADES～,0,,-,1058,PA-SHI,群馬県,1857,BEERKZ,群馬県,2731,G*,群馬県,0,,-
DJ TROOPERS,oratio,0,,-,1457,CC39RA,群馬県,1968,RAMAN5,群馬県,2978,G*,群馬県,0,,-
DJ TROOPERS,NEW GENERATION -もう、お前しか見えない-,0,,-,1023,A-,群馬県,1945,XAN.H,群馬県,2646,G*,群馬県,3736,G*,群馬県
DJ TROOPERS,MENTAL MELTDOWN,0,,-,1160,B-1824,群馬県,2213,GANJYA,群馬県,2815,G*,群馬県,0,,-
DJ TROOPERS,MENDES,0,,-,1101,HELL,群馬県,2663,G*,群馬県,3624,G*,群馬県,0,,-
DJ TROOPERS,MAX LOVE,0,,-,1420,A-,群馬県,2166,GRAN,群馬県,2691,G*,群馬県,0,,-
DJ TROOPERS,madrugada,0,,-,711,B-1824,群馬県,1175,MACRO3,群馬県,1862,G*,群馬県,0,,-
DJ TROOPERS,LOVELY STORM,0,,-,1298,5QOO,群馬県,2151,GRAN,群馬県,2857,G*,群馬県,0,,-
DJ TROOPERS,Kick Out 仮面,0,,-,1159,7&MM!3,群馬県,1571,COG,群馬県,2042,G*,群馬県,0,,-
DJ TROOPERS,in the Sky,0,,-,1356,GRAN,群馬県,2131,SYNCH,群馬県,2551,G*,群馬県,0,,-
DJ TROOPERS,ICARUS,0,,-,1314,PA-SHI,群馬県,2005,-,群馬県,2530,G*,群馬県,3701,G*,群馬県
DJ TROOPERS,Freeway Shuffle,346,ZI,群馬県,796,MA-5ME,群馬県,1239,COG,群馬県,1889,G*,群馬県,0,,-
DJ TROOPERS,four pieces of heaven,0,,-,907,B-1824,群馬県,1789,#MAIS#,群馬県,2370,G*,群馬県,2961,G*,群馬県
DJ TROOPERS,evergreen,0,,-,870,HIRORO,群馬県,1158,G*NOIR,群馬県,1918,G*,群馬県,0,,-
DJ TROOPERS,end of world,0,,-,1004,5QOO,群馬県,1751,LUNK,群馬県,2524,G*,群馬県,0,,-
DJ TROOPERS,Do it!! Do it!!,0,,-,1002,B-1824,群馬県,1571,GANJYA,群馬県,1951,G*,群馬県,0,,-
DJ TROOPERS,Digitank System,0,,-,931,B-1824,群馬県,1562,G*,群馬県,2121,G*,群馬県,0,,-
DJ TROOPERS,Dazzlin' Darlin,344,333333,群馬県,882,5QOO,群馬県,1386,0CHOIA,群馬県,2230,G*,群馬県,0,,-
DJ TROOPERS,Darling my LUV,0,,-,688,CAT,群馬県,948,D.NANA,群馬県,1383,SYNCH,群馬県,0,,-
DJ TROOPERS,Blue Rain,344,SEDNA*,群馬県,994,HELL,群馬県,1540,B-1824,群馬県,2291,G*,群馬県,3370,G*,群馬県
DJ TROOPERS,beatonic nation,0,,-,1242,A-,群馬県,1842,COG,群馬県,2157,NEKOZE,群馬県,0,,-
DJ TROOPERS,Be OK,0,,-,952,FLG.,群馬県,1763,SILXEA,群馬県,2425,G*,群馬県,3282,RCHE,群馬県
DJ TROOPERS,avant-guerre,0,,-,723,5QOO,群馬県,1337,BEERKZ,群馬県,1937,G*,群馬県,0,,-
DJ TROOPERS,"Anisakis -somatic mutation type""Forza""-",0,,-,1238,B-1824,群馬県,2120,HELL,群馬県,2881,G*,群馬県,3884,G*,群馬県
DJ TROOPERS,2 tribe 4 K,0,,-,866,5QOO,群馬県,1340,COG,群馬県,2758,G*,群馬県,0,,-
EMPRESS,鉄甲乙女-under the steel-,0,,-,932,5QOO,群馬県,1583,NO.IZE,群馬県,2187,G*,群馬県,0,,-
EMPRESS,翼,0,,-,898,B-1824,群馬県,1497,PRTS,群馬県,1973,G*,群馬県,2509,G*,群馬県
EMPRESS,山岡晃の「クイズ！家事都合！」,0,,-,672,G*,群馬県,1324,NO.123,群馬県,2070,G*,群馬県,0,,-
EMPRESS,天空脳番長危機十六連打,0,,-,992,5QOO,群馬県,2070,NO.123,群馬県,2620,G*,群馬県,0,,-
EMPRESS,卑弥呼,0,,-,1213,FFXIV,群馬県,2741,G*,群馬県,4096,G*,群馬県,0,,-
EMPRESS,凛として咲く花の如く,391,RINNE*,群馬県,1316,GRAN,群馬県,2120,GRAN,群馬県,2788,G*,群馬県,3188,G*,群馬県
EMPRESS,不沈艦CANDY,606,FLG.,群馬県,1150,B-1824,群馬県,1916,#MAIS#,群馬県,3336,G*,群馬県,0,,-
EMPRESS,ミッドナイト堕天使,0,,-,958,5QOO,群馬県,1560,NO.IZE,群馬県,2789,G*,群馬県,0,,-
EMPRESS,ハリツヤランデヴー,0,,-,947,CAT,群馬県,2130,3TOTIN,群馬県,2483,3TOTIN,群馬県,0,,-
EMPRESS,まほろば,0,,-,771,B-1824,群馬県,1414,PA-SHI,群馬県,2054,G*,群馬県,0,,-
EMPRESS,"You'll say ""Now!""",0,,-,1234,BEERKZ,群馬県,1828,COG,群馬県,2527,G*,群馬県,0,,-
EMPRESS,Y&Co. is dead or alive,0,,-,1099,COG,群馬県,1722,COG,群馬県,2746,G*,群馬県,0,,-
EMPRESS,V2,798,B-1824,群馬県,1467,BIRD-M,群馬県,3164,G*,群馬県,3602,G*,群馬県,0,,-
EMPRESS,Turii ～Panta rhei～,371,.HIFU3,群馬県,887,COG,群馬県,2035,PA-SHI,群馬県,2668,G*,群馬県,0,,-
EMPRESS,THANK YOU FOR PLAYING,0,,-,799,5QOO,群馬県,1623,GRAN,群馬県,2125,3104,群馬県,2983,G*,群馬県
EMPRESS,SOLITON BEAM,0,,-,1415,5QOO,群馬県,2043,BEISIA,群馬県,2372,G*,群馬県,0,,-
EMPRESS,smooooch・∀・,396,.HIFU3,群馬県,819,5QOO,群馬県,1623,GRAN,群馬県,2173,G*,群馬県,2852,G*,群馬県
EMPRESS,Secrets,0,,-,1209,CAT,群馬県,2414,BEISIA,群馬県,3172,G*,群馬県,4165,G*,群馬県
EMPRESS,Queen's Tragedy,0,,-,820,5QOO,群馬県,1664,29YOMI,群馬県,2238,BEERKZ,群馬県,0,,-
EMPRESS,Punch Love 仮面,0,,-,1081,MA0,群馬県,1720,XAN.H,群馬県,2527,G*,群馬県,3217,3TOTIN,群馬県
EMPRESS,Programmed World,0,,-,925,5QOO,群馬県,1735,#MAIS#,群馬県,2310,G*,群馬県,0,,-
EMPRESS,NΦ CRIME,293,.HIFU3,群馬県,805,5QOO,群馬県,1422,PA-SHI,群馬県,1898,BEERKZ,群馬県,2416,G*,群馬県
EMPRESS,neogenesis,0,,-,973,5QOO,群馬県,1341,ARUS,群馬県,1713,NEKOZE,群馬県,2312,3TOTIN,群馬県
EMPRESS,naughty girl@Queen's Palace,0,,-,848,PA-SHI,群馬県,1674,BEISIA,群馬県,2140,XJAPAN,群馬県,2666,XJAPAN,群馬県
EMPRESS,Monkey Dance '09,0,,-,860,5QOO,群馬県,1686,KOKOMI,群馬県,2271,G*,群馬県,0,,-
EMPRESS,Mind Mapping,515,.HIFU3,群馬県,823,5QOO,群馬県,1231,BEISIA,群馬県,1836,G*,群馬県,2258,G*,群馬県
EMPRESS,Kung-fu Empire,0,,-,1454,A-,群馬県,2571,XAN.H,群馬県,3300,G*,群馬県,3950,G*,群馬県
EMPRESS,Just a Little Smile,0,,-,789,CAT,群馬県,1339,COG,群馬県,2487,G*,群馬県,0,,-
EMPRESS,Jack,0,,-,908,5QOO,群馬県,1352,AOMI,群馬県,2168,G*,群馬県,0,,-
EMPRESS,I'm Screaming LOVE,0,,-,596,RIIDA,群馬県,1320,PA-SHI,群馬県,1702,G*,群馬県,0,,-
EMPRESS,HYPERION,0,,-,1128,B-1824,群馬県,2047,CH-RAN,群馬県,2755,G*,群馬県,0,,-
EMPRESS,Go Beyond!!,550,B-1824,群馬県,1055,B-1824,群馬県,1748,GUNMA,群馬県,2294,G*,群馬県,0,,-
EMPRESS,Fly Above,0,,-,958,15M!L9,群馬県,1598,PA-SHI,群馬県,2032,G*,群馬県,0,,-
EMPRESS,Flash Back 90's,0,,-,905,OKS,群馬県,1833,PA-SHI,群馬県,2349,G*,群馬県,2923,G*,群馬県
EMPRESS,Cyber Force -DJ Yoshitaka Remix- ,0,,-,1055,15M!L9,群馬県,1752,HIKIKO,群馬県,2551,G*,群馬県,0,,-
EMPRESS,Colorful Cookie,671,.HIFU3,群馬県,1132,AOMI,群馬県,2278,G*,群馬県,3530,G*,群馬県,0,,-
EMPRESS,CaptivAte2～覚醒～,246,B-1824,群馬県,1083,5QOO,群馬県,1739,SILXEA,群馬県,2430,G*,群馬県,0,,-
EMPRESS,BRIDAL FESTIVAL !!!,0,,-,954,5QOO,群馬県,1499,BEERKZ,群馬県,2134,G*,群馬県,0,,-
EMPRESS,BITTER CHOCOLATE STRIKER,0,,-,1088,15M!L9,群馬県,2227,3104,群馬県,3962,G*,群馬県,0,,-
EMPRESS,Bahram Attack-猫叉Master Remix-,0,,-,1060,.HIFU3,群馬県,1930,GRAN,群馬県,2617,G*,群馬県,3274,G*,群馬県
EMPRESS,B4U(BEMANI FOR YOU MIX),0,,-,1194,5QOO,群馬県,2230,TAQAN,群馬県,3607,G*,群馬県,4656,G*,群馬県
EMPRESS,Arabian Rave Night,0,,-,1271,5QOO,群馬県,2194,5QOO,群馬県,2952,G*,群馬県,3668,G*,群馬県
EMPRESS,ALL MY TURN -このターンに、オレの全てを賭ける-,0,,-,1037,5QOO,群馬県,1815,5QOO,群馬県,2608,G*,群馬県,0,,-
EMPRESS,ALL I NEED YOUR LOVE,0,,-,1090,CAT,群馬県,1693,BEISIA,群馬県,2146,G*,群馬県,0,,-
EMPRESS,3y3s,555,B-1824,群馬県,1454,B-1824,群馬県,2515,AAAAAA,群馬県,3672,G*,群馬県,0,,-
SIRIUS,"水上の提督(Short mix from ""幻想水滸伝V"")",0,,-,672,5QOO,群馬県,1640,I.S#,群馬県,2091,G*,群馬県,0,,-
SIRIUS,未来のプリズム,0,,-,677,5QOO,群馬県,1331,IIDX32,群馬県,1768,G*,群馬県,0,,-
SIRIUS,ワルツ第17番 ト短調”大犬のワルツ”,0,,-,1276,PA-SHI,群馬県,2283,G*,群馬県,3254,G*,群馬県,0,,-
SIRIUS,バビロニア,0,,-,837,BEERKZ,群馬県,1382,COG,群馬県,1868,G*,群馬県,0,,-
SIRIUS,サヨナラ・ヘヴン,375,B-1824,群馬県,913,B-1824,群馬県,1358,PA-SHI,群馬県,1688,G*,群馬県,0,,-
SIRIUS,コスモス,0,,-,906,7&MM!3,群馬県,1512,G*,群馬県,2097,G*,群馬県,0,,-
SIRIUS,たからもの,0,,-,1263,B-1824,群馬県,1871,COG,群馬県,2242,G*,群馬県,3567,G*,群馬県
SIRIUS,かずあそび,0,,-,508,TANU3,群馬県,1172,COG,群馬県,1696,G*,群馬県,0,,-
SIRIUS,The Story Begins,0,,-,843,B-1824,群馬県,1714,H-BOMB,群馬県,2417,&#9889,群馬県,0,,-
SIRIUS,THE LAST STRIKER,0,,-,1384,FLG.,群馬県,1934,GRAN,群馬県,2644,G*,群馬県,0,,-
SIRIUS,Special One,0,,-,825,7&MM!3,群馬県,1191,COG,群馬県,1774,G*,群馬県,0,,-
SIRIUS,Sorrows,0,,-,812,GRAN,群馬県,1679,GRAN,群馬県,2480,G*,群馬県,0,,-
SIRIUS,SOLID STATE SQUAD,0,,-,1035,FRA153,群馬県,2229,KOUMEX,群馬県,3609,G*,群馬県,3671,G*,群馬県
SIRIUS,She is my wife,431,FLG.,群馬県,690,15M!L9,群馬県,1524,F,群馬県,1986,G*,群馬県,0,,-
SIRIUS,Session 1 -Genesis-,0,,-,926,B-1824,群馬県,1590,CAT,群馬県,2457,G*,群馬県,0,,-
SIRIUS,Roots of my way!,0,,-,884,B-1824,群馬県,1300,IIDX31,群馬県,2046,G*,群馬県,0,,-
SIRIUS,Red. by Full Metal Jacket,0,,-,1007,FRA153,群馬県,2039,GUNMA,群馬県,3182,G*,群馬県,0,,-
SIRIUS,Raison d'etre～交差する宿命～,0,,-,1178,5QOO,群馬県,2278,SILXEA,群馬県,2757,G*,群馬県,0,,-
SIRIUS,quell～the seventh slave～,0,,-,960,15M!L9,群馬県,1798,TIN3TO,群馬県,3221,G*,群馬県,0,,-
SIRIUS,Programmed Sun,0,,-,1115,COG,群馬県,1857,I.S#,群馬県,2609,G*,群馬県,0,,-
SIRIUS,NoN-Fiction Story!,0,,-,704,N.C.,群馬県,1362,IIDX31,群馬県,2218,G*,群馬県,0,,-
SIRIUS,NEW SENSATION -もう、あなたしか見えない-,0,,-,1253,5QOO,群馬県,2031,GRAN,群馬県,2705,G*,群馬県,0,,-
SIRIUS,mosaic,0,,-,1490,ONENNE,群馬県,2053,BEISIA,群馬県,3015,G*,群馬県,0,,-
SIRIUS,MIRACLE MEETS,0,,-,939,5QOO,群馬県,1557,COG,群馬県,2246,G*,群馬県,0,,-
SIRIUS,Light Shine,0,,-,787,AOMI,群馬県,1125,IIDX31,群馬県,1965,G*,群馬県,0,,-
SIRIUS,Last Burning,0,,-,872,COG,群馬県,1555,NO.123,群馬県,2364,G*,群馬県,0,,-
SIRIUS,Keep it-秋葉工房mix-,0,,-,1005,B-1824,群馬県,1639,COG,群馬県,1877,G*,群馬県,0,,-
SIRIUS,IN THE NAME OF LOVE,541,RINNE*,群馬県,743,FRA153,群馬県,1317,LUNK,群馬県,1939,G*,群馬県,0,,-
SIRIUS,Hydrogen Blueback,0,,-,1018,B-1824,群馬県,1697,GUNMA,群馬県,2329,G*,群馬県,2407,G*,群馬県
SIRIUS,GOLDEN CROSS,0,,-,1093,CAT,群馬県,2005,373KE,群馬県,3516,G*,群馬県,0,,-
SIRIUS,GALGALIM,0,,-,1403,5QOO,群馬県,1910,DONB4Y,群馬県,2398,G*,群馬県,0,,-
SIRIUS,G59,0,,-,1740,CAT,群馬県,2379,G*,群馬県,3946,G*,群馬県,0,,-
SIRIUS,EXUSIA,0,,-,1215,B-1824,群馬県,2649,CAT,群馬県,3901,G*,群馬県,0,,-
SIRIUS,Evans,605,.HIFU3,群馬県,1221,FRA153,群馬県,2224,G*,群馬県,2842,G*,群馬県,0,,-
SIRIUS,eRAseRmOToRpHAntOM,0,,-,1525,B-1824,群馬県,2454,BEISIA,群馬県,3303,G*,群馬県,0,,-
SIRIUS,Empire State Glory,0,,-,1110,B-1824,群馬県,1834,SILXEA,群馬県,2649,G*,群馬県,0,,-
SIRIUS,Elisha,430,.HIFU3,群馬県,899,15M!L9,群馬県,1470,COG,群馬県,2278,G*,群馬県,0,,-
SIRIUS,DROP,0,,-,815,5QOO,群馬県,2118,RCHE,群馬県,2645,G*,群馬県,0,,-
SIRIUS,DOMINION,0,,-,1243,COG,群馬県,2335,GRAN,群馬県,3242,G*,群馬県,0,,-
SIRIUS,DESIRE,0,,-,925,SEDNA*,群馬県,1940,NEKOZE,群馬県,2877,G*,群馬県,0,,-
SIRIUS,Dazzlin' Darlin-秋葉工房mix-,0,,-,787,15M!L9,群馬県,1452,GRAN,群馬県,2102,G*,群馬県,0,,-
SIRIUS,DAWN -THE NEXT ENDEAVOUR-,0,,-,1614,A-,群馬県,2683,GRAN,群馬県,3147,G*,群馬県,0,,-
SIRIUS,D,0,,-,1412,COG,群馬県,1840,COG,群馬県,2559,G*,群馬県,0,,-
SIRIUS,CaptivAte～裁き～(SUBLIME TECHNO MIX),0,,-,1000,-ZEN-,群馬県,1633,GUNMA,群馬県,2451,G*,群馬県,0,,-
SIRIUS,bloomin' feeling,393,.HIFU3,群馬県,1277,RINNE*,群馬県,1949,GRAN,群馬県,2621,G*,群馬県,0,,-
SIRIUS,being torn the sky,0,,-,631,5QOO,群馬県,1203,GRAN,群馬県,1985,BEERKZ,群馬県,0,,-
SIRIUS,BEAUTIFUL ANGEL,0,,-,623,A-,群馬県,1793,GUNMA,群馬県,2491,G*,群馬県,0,,-
SIRIUS,beatchic☆仮面～好き、でいさせて～,0,,-,993,SEDNA*,群馬県,1644,XAN.H,群馬県,2010,BEERKZ,群馬県,0,,-
SIRIUS,bass 2 bass,281,FLG.,群馬県,722,BEISIA,群馬県,1272,NEKOZE,群馬県,1899,G*,群馬県,0,,-
SIRIUS,Bad Maniacs,0,,-,1281,COG,群馬県,1848,KA92##,群馬県,3282,G*,群馬県,0,,-
SIRIUS,Almagest,0,,-,1030,RCHE,群馬県,2230,G*,群馬県,3189,G*,群馬県,0,,-
SIRIUS,AIR RAID FROM THA UNDAGROUND,550,.HIFU3,群馬県,1159,IIDX32,群馬県,1799,7&MM!3,群馬県,2364,G*,群馬県,3017,G*,群馬県
Resort Anthem,黒髪乱れし修羅となりて,0,,-,785,MEGANE,群馬県,2075,XJAPAN,群馬県,3469,G*,群馬県,0,,-
Resort Anthem,灼熱Beach Side Bunny,582,$7.00,群馬県,1103,B-1824,群馬県,1945,DBZ,群馬県,3136,XJAPAN,群馬県,0,,-
Resort Anthem,旅人リラン,0,,-,1107,HELL,群馬県,1918,.HIFU3,群馬県,2672,G*,群馬県,0,,-
Resort Anthem,夕焼け ～Fading Day～,0,,-,969,SEDNA*,群馬県,2055,SILXEA,群馬県,2832,G*,群馬県,0,,-
Resort Anthem,中華急行,0,,-,328,.HIFU3,群馬県,1515,GRAN,群馬県,2330,G*,群馬県,0,,-
Resort Anthem,かげぬい ～ Ver.BENIBOTAN ～,523,$EVAN$,群馬県,879,$EVAN$,群馬県,1371,COG,群馬県,1934,G*,群馬県,0,,-
Resort Anthem,おおきなこえで,0,,-,437,A-,群馬県,988,RINNE*,群馬県,1487,COG,群馬県,2160,G*,群馬県
Resort Anthem,ZETA～素数の世界と超越者～,327,.HIFU3,群馬県,598,B-1824,群馬県,2166,XJAPAN,群馬県,3121,G*,群馬県,0,,-
Resort Anthem,XANADU OF TWO,0,,-,998,15M!L9,群馬県,1729,GRAN,群馬県,2754,G*,群馬県,0,,-
Resort Anthem,Wuv U,0,,-,413,RED#15,群馬県,1313,I.S#,群馬県,1719,G*,群馬県,0,,-
Resort Anthem,WISE UP!,342,.HIFU3,群馬県,485,B-1824,群馬県,1169,BEISIA,群馬県,1591,SYNCH,群馬県,2592,SYNCH,群馬県
Resort Anthem,Watch Out Pt.2,0,,-,1157,COG,群馬県,1962,SYNCH,群馬県,2917,G*,群馬県,0,,-
Resort Anthem,Vermillion,0,,-,535,SEDNA*,群馬県,1139,PRTS,群馬県,2039,&#9889,群馬県,0,,-
Resort Anthem,Tropical April,0,,-,1609,GRAN,群馬県,2270,GRAN,群馬県,2731,RCHE,群馬県,0,,-
Resort Anthem,THE FALLEN,0,,-,900,SEDNA*,群馬県,1478,JUBEAT,群馬県,2712,G*,群馬県,0,,-
Resort Anthem,THE DOOR INTO RAINBOW,0,,-,790,7&MM!3,群馬県,1659,GUNMA,群馬県,2217,G*,群馬県,0,,-
Resort Anthem,THE BLACK KNIGHT,0,,-,910,A-,群馬県,2012,5QOO,群馬県,2948,G*,群馬県,0,,-
Resort Anthem,STELLAR WIND,386,.HIFU3,群馬県,624,5QOO,群馬県,1903,G*,群馬県,2715,G*,群馬県,0,,-
Resort Anthem,Stay my side,0,,-,632,5QOO,群馬県,1061,COG,群馬県,1347,SYNCH,群馬県,0,,-
Resort Anthem,SPECIAL SUMMER CAMPAIGN!,0,,-,701,N.C.,群馬県,1602,GRAN,群馬県,3007,G*,群馬県,0,,-
Resort Anthem,Space Time,0,,-,605,STELLA,群馬県,1676,GUNMA,群馬県,2211,G*,群馬県,0,,-
Resort Anthem,Session 9 -Chronicles-,0,,-,757,A-,群馬県,2320,5QOO,群馬県,3648,G*,群馬県,0,,-
Resort Anthem,sakura storm,0,,-,1038,KOUME,群馬県,1344,GRAN,群馬県,2432,G*,群馬県,0,,-
Resort Anthem,Sakura Reflection,0,,-,484,A-,群馬県,1610,GRAN,群馬県,2372,G*,群馬県,0,,-
Resort Anthem,SABER WING,0,,-,548,FRA153,群馬県,1874,SYNCH,群馬県,2824,G*,群馬県,0,,-
Resort Anthem,Rock Da House,0,,-,881,5QOO,群馬県,1580,SELEN*,群馬県,2246,G*,群馬県,0,,-
Resort Anthem,reunion,558,RINNE*,群馬県,1392,FFXIV,群馬県,2400,RCHE,群馬県,3294,G*,群馬県,0,,-
Resort Anthem,Programmed Life,0,,-,1087,5QOO,群馬県,1738,PA-SHI,群馬県,2399,G*,群馬県,0,,-
Resort Anthem,perditus†paradisus,0,,-,1266,B-1824,群馬県,2584,G*,群馬県,3964,G*,群馬県,0,,-
Resort Anthem,passionate fate,0,,-,1148,465,群馬県,1640,BEISIA,群馬県,2131,G*,群馬県,0,,-
Resort Anthem,PARADISE LOST,0,,-,1422,B-1824,群馬県,2400,G*,群馬県,3372,G*,群馬県,0,,-
Resort Anthem,New Castle Legions,0,,-,980,FRA153,群馬県,1901,PA-SHI,群馬県,2787,G*,群馬県,0,,-
Resort Anthem,Never Fade Away,0,,-,788,COG,群馬県,1755,GUNMA,群馬県,3039,G*,群馬県,0,,-
Resort Anthem,Mermaid girl,587,RINNE*,群馬県,969,7&MM!3,群馬県,1683,COG,群馬県,2218,G*,群馬県,0,,-
Resort Anthem,Medicine of love,0,,-,649,DEEN,群馬県,1098,TAQAN,群馬県,1732,G*,群馬県,0,,-
Resort Anthem,Let The Track Flow,0,,-,1092,5QOO,群馬県,1842,BEERKZ,群馬県,2705,G*,群馬県,0,,-
Resort Anthem,Kailua,0,,-,529,15M!L9,群馬県,1366,COG,群馬県,2220,G*,群馬県,0,,-
Resort Anthem,I FIGHT ME,0,,-,616,OGAMI,群馬県,1394,IIDX31,群馬県,2134,BEERKZ,群馬県,0,,-
Resort Anthem,Golden Palms,0,,-,745,B-1824,群馬県,1455,COG,群馬県,2031,G*,群馬県,2419,G*,群馬県
Resort Anthem,Fantasia,244,$EVAN$,群馬県,397,$EVAN$,群馬県,1556,G*,群馬県,2244,G*,群馬県,0,,-
Resort Anthem,Everlasting Resort,0,,-,874,A-,群馬県,1281,FLG.,群馬県,1891,SYNCH,群馬県,0,,-
Resort Anthem,Eternal Tears,0,,-,444,TAKA-P,群馬県,1094,B-1824,群馬県,1370,BEERKZ,群馬県,0,,-
Resort Anthem,Energy Drive,0,,-,871,5QOO,群馬県,1474,GRAN,群馬県,2221,G*,群馬県,0,,-
Resort Anthem,ELECTRIC MASSIVE DIVER,0,,-,1287,7&MM!3,群馬県,2425,TERIYA,群馬県,3711,G*,群馬県,0,,-
Resort Anthem,DM STAR～関西 energy style～,0,,-,1053,A-,群馬県,1846,ZENI2,群馬県,2401,G*,群馬県,0,,-
Resort Anthem,Destiny Sword,0,,-,870,A-,群馬県,1742,TAQAN,群馬県,2399,G*,群馬県,0,,-
Resort Anthem,DAYDREAMER,0,,-,1163,15CHAN,群馬県,1756,GRAN,群馬県,2527,GANJYA,群馬県,0,,-
Resort Anthem,Dances with Snow Fairies,0,,-,1436,BEISIA,群馬県,2203,BOU,群馬県,3169,G*,群馬県,4089,G*,群馬県
Resort Anthem,BROKEN EDEN,0,,-,1032,465,群馬県,1724,ZEN,群馬県,2346,G*,群馬県,0,,-
Resort Anthem,Broken,0,,-,1066,15M!L9,群馬県,2019,BGI#19,群馬県,3185,G*,群馬県,0,,-
Resort Anthem,Breaking the ground,0,,-,1180,SEDNA*,群馬県,1780,HELL,群馬県,2541,G*,群馬県,0,,-
Resort Anthem,Bounce Bounce Bounce,0,,-,1077,B-1824,群馬県,1704,ENDURE,群馬県,2492,G*,群馬県,0,,-
Resort Anthem,BLUST OF WIND,0,,-,818,5QOO,群馬県,1547,GUNMA,群馬県,2139,G*,群馬県,2619,G*,群馬県
Resort Anthem,Believe In Me,0,,-,1055,FLG.,群馬県,1836,COG,群馬県,2410,G*,群馬県,0,,-
Resort Anthem,ANTHEM LANDING,0,,-,965,5KEY,群馬県,1946,NEKOZE,群馬県,2963,G*,群馬県,0,,-
Resort Anthem,Answer,0,,-,765,A-,群馬県,1468,CC39RA,群馬県,2427,G*,群馬県,0,,-
Resort Anthem,ALBIDA,531,.HIFU3,群馬県,1099,COG,群馬県,1983,SILXEA,群馬県,3037,G*,群馬県,0,,-
Resort Anthem,Aegis,0,,-,883,COG,群馬県,1369,PA-SHI,群馬県,2372,G*,群馬県,0,,-
Lincle,陽炎,0,,-,628,COG,群馬県,1206,G*,群馬県,2011,G*,群馬県,0,,-
Lincle,衰色小町メランコリア,0,,-,785,7&MM!3,群馬県,1394,COG,群馬県,2373,G*,群馬県,0,,-
Lincle,蛇神,424,B-1824,群馬県,731,5QOO,群馬県,1513,BEISIA,群馬県,2839,G*,群馬県,3733,G*,群馬県
Lincle,聖人の塔,0,,-,903,A-,群馬県,1944,BGI#19,群馬県,3023,G*,群馬県,4333,G*,群馬県
Lincle,突撃!ガラスのニーソ姫!,0,,-,645,3TA3,群馬県,1166,COG,群馬県,2119,G*,群馬県,0,,-
Lincle,恋する☆宇宙戦争っ！！,511,.HIFU3,群馬県,905,G*,群馬県,1747,GRAN,群馬県,3616,G*,群馬県,4627,G*,群馬県
Lincle,子供の落書き帳,0,,-,895,5QOO,群馬県,1889,BEISIA,群馬県,2696,G*,群馬県,0,,-
Lincle,天空の夜明け,0,,-,1344,CC39RA,群馬県,2178,XJAPAN,群馬県,4058,G*,群馬県,0,,-
Lincle,君のハートにロックオン,0,,-,695,COG,群馬県,1696,7&MM!3,群馬県,2676,G*,群馬県,3481,G*,群馬県
Lincle,ユミル,0,,-,651,$EVAN$,群馬県,1341,COG,群馬県,2861,G*,群馬県,0,,-
Lincle,ビューティフルレシート,339,SEDNA*,群馬県,511,A-,群馬県,1202,GRAN,群馬県,1944,G*,群馬県,0,,-
Lincle,Yellow Sunrise,0,,-,759,5QOO,群馬県,1390,OYMDKT,群馬県,2286,BEERKZ,群馬県,0,,-
Lincle,yellow head joe,0,,-,791,5QOO,群馬県,1460,PA-SHI,群馬県,2301,G*,群馬県,3167,G*,群馬県
Lincle,YAKSHA,0,,-,1233,5QOO,群馬県,2241,PHYSIX,群馬県,3942,G*,群馬県,0,,-
Lincle,WONDER WALKER,0,,-,984,5QOO,群馬県,1876,B-1824,群馬県,3822,G*,群馬県,0,,-
Lincle,Voxane,0,,-,612,COG,群馬県,1215,CC39RA,群馬県,1751,G*,群馬県,0,,-
Lincle,Todestrieb,0,,-,1114,COG,群馬県,1901,XJAPAN,群馬県,3453,G*,群馬県,0,,-
Lincle,TITANS RETURN,323,.HIFU3,群馬県,634,5QOO,群馬県,1557,PA-SHI,群馬県,2516,G*,群馬県,2632,G*,群馬県
Lincle,Thunderbolt,0,,-,1023,5QOO,群馬県,1861,PANI*,群馬県,3801,G*,群馬県,0,,-
Lincle,The Sampling Paradise,0,,-,864,B-1824,群馬県,1773,5QOO,群馬県,3052,G*,群馬県,0,,-
Lincle,The Limbo,0,,-,1190,PA-SHI,群馬県,2007,GRAN,群馬県,3370,G*,群馬県,4283,G*,群馬県
Lincle,Star Trail,0,,-,639,COG,群馬県,1200,COG,群馬県,1864,G*,群馬県,2616,G*,群馬県
Lincle,Snow Goose,302,.HIFU3,群馬県,374,$EVAN$,群馬県,1359,XEPHY,群馬県,2472,G*,群馬県,0,,-
Lincle,Snake Stick,0,,-,1033,5QOO,群馬県,1993,IKASU3,群馬県,2757,XJAPAN,群馬県,0,,-
Lincle,SHADE,0,,-,1083,5QOO,群馬県,2056,3TOTIN,群馬県,2922,G*,群馬県,0,,-
Lincle,Several Words,0,,-,628,5QOO,群馬県,1436,GRAN,群馬県,2179,G*,群馬県,0,,-
Lincle,Scharfrichter,0,,-,878,ABCZ,群馬県,1621,PA-SHI,群馬県,2897,G*,群馬県,0,,-
Lincle,SA.YO.NA.RA. SUPER STAR,0,,-,479,5QOO,群馬県,1260,PA-SHI,群馬県,1715,G*,群馬県,0,,-
Lincle,Round and Round,0,,-,792,COG,群馬県,1197,S,群馬県,2161,G*,群馬県,0,,-
Lincle,RESISTANCE,0,,-,623,5QOO,群馬県,1336,COG,群馬県,2376,BEERKZ,群馬県,0,,-
Lincle,Release The Music,0,,-,840,B-1824,群馬県,1464,GANJYA,群馬県,2116,NEKOZE,群馬県,0,,-
Lincle,Quick Silver,0,,-,791,5QOO,群馬県,1794,COG,群馬県,2687,G*,群馬県,0,,-
Lincle,quaver♪,288,.HIFU3,群馬県,712,B-1824,群馬県,2126,GRAN,群馬県,3463,G*,群馬県,0,,-
Lincle,QUANTUM TELEPORTATION,0,,-,1395,COG,群馬県,2344,RCHE,群馬県,2956,G*,群馬県,3648,G*,群馬県
Lincle,prompt,0,,-,958,B-1824,群馬県,1590,TIN3TO,群馬県,2818,G*,群馬県,0,,-
Lincle,Phoenix,0,,-,888,COG,群馬県,1202,S660..,群馬県,2511,G*,群馬県,3993,G*,群馬県
Lincle,NNRT,0,,-,1250,B-1824,群馬県,2470,GRAN,群馬県,3536,G*,群馬県,0,,-
Lincle,Miami Sunset Drive,0,,-,634,COG,群馬県,1074,COG,群馬県,1661,SYNCH,群馬県,0,,-
Lincle,Mermaid girl-秋葉工房 MIX-,0,,-,820,B-1824,群馬県,1295,CAT...,群馬県,2059,G*,群馬県,0,,-
Lincle,Lucky Days,0,,-,658,COG,群馬県,1518,COG,群馬県,2209,G*,群馬県,0,,-
Lincle,LOVE B.B.B,0,,-,769,5QOO,群馬県,1529,G*,群馬県,2032,G*,群馬県,0,,-
Lincle,Liquid Crystal Girl feat. echo,0,,-,406,MEGANE,群馬県,1091,A-,群馬県,2012,SYNCH,群馬県,0,,-
Lincle,LETHEBOLG ～双神威に斬り咲けり～,0,,-,1025,COG,群馬県,1624,GRAN,群馬県,2221,G*,群馬県,0,,-
Lincle,LAX5 feat.Ryota Yoshinari,0,,-,1058,5QOO,群馬県,2118,GRAN,群馬県,2847,G*,群馬県,0,,-
Lincle,Infinite cave,0,,-,1006,465,群馬県,1506,PA-SHI,群馬県,2054,BEERKZ,群馬県,0,,-
Lincle,In the Blackest Den,0,,-,838,IWASHI,群馬県,1565,PA-SHI,群馬県,2602,G*,群馬県,0,,-
Lincle,I'm so Happy,317,15M!L9,群馬県,415,ABCZ,群馬県,1371,VO.KSL,群馬県,2364,G*,群馬県,0,,-
Lincle,HAERETICUS,0,,-,851,15M!L9,群馬県,1854,ARUS,群馬県,3088,G*,群馬県,0,,-
Lincle,Follow Tomorrow,0,,-,904,5QOO,群馬県,1462,HAKA!,群馬県,2273,G*,群馬県,0,,-
Lincle,Flip Flap,280,$EVAN$,群馬県,581,15M!L9,群馬県,1371,PA-SHI,群馬県,2265,G*,群馬県,0,,-
Lincle,fffff,0,,-,851,COG,群馬県,2056,XAN.H,群馬県,3192,G*,群馬県,0,,-
Lincle,Far east nightbird,358,FLG.,群馬県,523,B-1824,群馬県,1305,FRA153,群馬県,2036,G*,群馬県,0,,-
Lincle,F,0,,-,1055,COG,群馬県,2106,KOUME,群馬県,3589,G*,群馬県,0,,-
Lincle,Express Emotion,0,,-,763,5QOO,群馬県,1036,.HIFU3,群馬県,2533,G*,群馬県,0,,-
Lincle,Drive Me Crazy,0,,-,718,15M!L9,群馬県,1394,GRAN,群馬県,2312,G*,群馬県,0,,-
Lincle,DIAVOLO,0,,-,1290,BEISIA,群馬県,1851,KOUME,群馬県,3244,G*,群馬県,0,,-
Lincle,Change the World,0,,-,814,COG,群馬県,1398,CAT,群馬県,1853,G*,群馬県,0,,-
Lincle,Castle on the Moon,241,FLG.,群馬県,648,A-,群馬県,1599,TAQAN,群馬県,2455,G*,群馬県,0,,-
Lincle,CALL,0,,-,365,B-1824,群馬県,827,A-,群馬県,1455,G*,群馬県,2671,3TOTIN,群馬県
Lincle,BLACK.by X-Cross Fade,0,,-,1022,B-1824,群馬県,2143,BEISIA,群馬県,3402,G*,群馬県,0,,-
Lincle,ANAGRAMS I to Y,0,,-,900,5QOO,群馬県,1661,COG,群馬県,2490,G*,群馬県,0,,-
Lincle,Almace,0,,-,856,5QOO,群馬県,1312,BEISIA,群馬県,2016,G*,群馬県,0,,-
Lincle,532nm,0,,-,554,FRA15E,群馬県,1223,NO.123,群馬県,2684,G*,群馬県,0,,-
Lincle,24th Century BOY,0,,-,851,COG,群馬県,1878,TAQAN,群馬県,2898,G*,群馬県,0,,-
tricoro,龍と少女とデコヒーレンス,0,,-,840,5QOO,群馬県,1688,G*,群馬県,3019,G*,群馬県,3406,G*,群馬県
tricoro,音楽,0,,-,873,KA92##,群馬県,1965,NO.IZE,群馬県,2807,G*,群馬県,0,,-
tricoro,狂イ咲ケ焔ノ華,0,,-,1228,5QOO,群馬県,2397,5QOO,群馬県,3666,G*,群馬県,0,,-
tricoro,梅雪夜,0,,-,868,OGAMI,群馬県,1500,BEERKZ,群馬県,2158,G*,群馬県,0,,-
tricoro,朧,208,.HIFU3,群馬県,786,RINNE*,群馬県,1494,COG,群馬県,2118,G*,群馬県,2544,G*,群馬県
tricoro,即席！脳直★ミュージックシステム,0,,-,1032,FLG.,群馬県,1983,XEPHY,群馬県,3615,G*,群馬県,0,,-
tricoro,創世ノート,0,,-,835,COG,群馬県,1870,NAMKOO,群馬県,2997,G*,群馬県,0,,-
tricoro,仮想空間の旅人たち,0,,-,1164,G*,群馬県,2185,U.N.K,群馬県,2896,G*,群馬県,3880,G*,群馬県
tricoro,下弦の月,0,,-,940,5QOO,群馬県,1497,G*,群馬県,1998,G*,群馬県,0,,-
tricoro,ラキラキ,0,,-,651,B-1824,群馬県,1469,GUNMA,群馬県,1998,G*,群馬県,0,,-
tricoro,メイメツ、フラグメンツ,0,,-,642,67!WS1,群馬県,1301,GUNMA,群馬県,1952,NEKOZE,群馬県,0,,-
tricoro,トリカゴノ鳳凰,0,,-,1140,COG,群馬県,2012,5QOO,群馬県,3839,G*,群馬県,0,,-
tricoro,シュレーディンガーの猫,0,,-,1139,5QOO,群馬県,2387,5QOO,群馬県,3414,G*,群馬県,0,,-
tricoro,キャトられ恋はモ～モク,0,,-,1463,15M!L9,群馬県,2565,KOUMEX,群馬県,3879,G*,群馬県,0,,-
tricoro,カジノファイヤーことみちゃん,0,,-,628,7&MM!3,群馬県,1403,BEISIA,群馬県,2411,G*,群馬県,3192,RCHE,群馬県
tricoro,アストライアの双皿,0,,-,681,B-1824,群馬県,2078,COG,群馬県,3208,G*,群馬県,0,,-
tricoro,たまゆら,0,,-,1142,IIDX31,群馬県,1839,GRAN,群馬県,2780,G*,群馬県,0,,-
tricoro,お米の美味しい炊き方、そしてお米を食べることによるその効果。,0,,-,883,15M!L9,群馬県,1496,PEDRO,群馬県,2212,G*,群馬県,3681,G*,群馬県
tricoro,†渚の小悪魔ラヴリィ～レイディオ†(IIDX EDIT),245,15M!L9,群馬県,550,COG,群馬県,1665,CH-RAN,群馬県,3610,G*,群馬県,0,,-
tricoro,ΕΛΠΙΣ,0,,-,1147,COG,群馬県,2004,XJAPAN,群馬県,3168,G*,群馬県,3645,G*,群馬県
tricoro,Zirkfied,0,,-,1001,15CHAN,群馬県,1949,KOUMEX,群馬県,3868,G*,群馬県,0,,-
tricoro,ZED,0,,-,917,5QOO,群馬県,1688,IIDX31,群馬県,2793,G*,群馬県,0,,-
tricoro,VEGA,0,,-,1150,5QOO,群馬県,2047,COG,群馬県,3161,G*,群馬県,0,,-
tricoro,VALLIS-NERIA,272,B-1824,群馬県,1200,FRA153,群馬県,2036,S0R1N,群馬県,2987,G*,群馬県,0,,-
tricoro,Valanga,0,,-,1310,HAMA3,群馬県,2141,COG,群馬県,3276,G*,群馬県,0,,-
tricoro,True Blue,0,,-,1093,B-1824,群馬県,2445,42TAI,群馬県,3790,G*,群馬県,0,,-
tricoro,To my star,0,,-,549,PENGIN,群馬県,1249,TAQAN,群馬県,1740,BEERKZ,群馬県,0,,-
tricoro,Timepiece phase II (CN Ver.),0,,-,967,B-1824,群馬県,1886,RCHE,群馬県,3018,G*,群馬県,0,,-
tricoro,Timepiece phase II,0,,-,1064,CAT,群馬県,2237,G*,群馬県,3247,G*,群馬県,0,,-
tricoro,Time To Empress,0,,-,928,B-1824,群馬県,1909,IIDXIS,群馬県,2626,G*,群馬県,0,,-
tricoro,Thor's Hammer,0,,-,950,15M!L9,群馬県,1814,G*,群馬県,3044,G*,群馬県,0,,-
tricoro,Take My Life,0,,-,952,5QOO,群馬県,1570,IIDX31,群馬県,2958,G*,群馬県,0,,-
tricoro,Synergy For Angels,0,,-,916,COG,群馬県,1665,GUNMA,群馬県,2784,G*,群馬県,0,,-
tricoro,SYNC-ANTHEM,0,,-,935,A-,群馬県,2359,B-1824,群馬県,3691,G*,群馬県,0,,-
tricoro,STULTI,0,,-,755,SEDNA*,群馬県,1570,BEISIA,群馬県,2781,G*,群馬県,0,,-
tricoro,Sol Cosine Job 2,0,,-,1054,15M!L9,群馬県,1704,PA-SHI,群馬県,3194,G*,群馬県,0,,-
tricoro,SHION,0,,-,671,B-1824,群馬県,1310,G*,群馬県,2716,G*,群馬県,0,,-
tricoro,Shining World,0,,-,1240,5QOO,群馬県,1589,PA-SHI,群馬県,1952,G*,群馬県,0,,-
tricoro,Saturn,0,,-,1334,BEISIA,群馬県,1968,ARUS,群馬県,2648,G*,群馬県,3512,G*,群馬県
tricoro,S!ck,0,,-,900,B-1824,群馬県,1530,PA-SHI,群馬県,2714,G*,群馬県,0,,-
tricoro,rumrum triplets,0,,-,971,B-1824,群馬県,1947,GRAN,群馬県,3071,G*,群馬県,0,,-
tricoro,Re:GENERATION,243,$EVAN$,群馬県,917,A-,群馬県,1549,PA-SHI,群馬県,2279,G*,群馬県,0,,-
tricoro,Rainbow after snow,0,,-,728,COG,群馬県,1480,GRAN,群馬県,2180,G*,群馬県,0,,-
tricoro,Proof of the existence,0,,-,1175,B-1824,群馬県,2020,#MAIS#,群馬県,3254,G*,群馬県,0,,-
tricoro,Praludium,0,,-,695,5QOO,群馬県,1415,PA-SHI,群馬県,2307,G*,群馬県,0,,-
tricoro,POINT ZERO,0,,-,721,5QOO,群馬県,1244,BEISIA,群馬県,2100,G*,群馬県,0,,-
tricoro,planarian,0,,-,704,5QOO,群馬県,1668,BEISIA,群馬県,2557,G*,群馬県,0,,-
tricoro,Plan 8,0,,-,1187,B-1824,群馬県,2216,BEISIA,群馬県,3226,G*,群馬県,0,,-
tricoro,New Lights,0,,-,1048,B-1824,群馬県,1784,MUGI.,群馬県,2484,G*,群馬県,0,,-
tricoro,New Decade IIDX Edition,271,B-1824,群馬県,978,B-1824,群馬県,1947,SILXEA,群馬県,2968,GANJYA,群馬県,0,,-
tricoro,neu,197,.HIFU3,群馬県,981,Q-JET.,群馬県,2105,IIDX32,群馬県,3954,G*,群馬県,0,,-
tricoro,Neonlights,0,,-,660,COG,群馬県,1548,ONENNE,群馬県,2240,G*,群馬県,0,,-
tricoro,mnemoniq,0,,-,515,5QOO,群馬県,944,XEPHY,群馬県,1306,TIN3TO,群馬県,0,,-
tricoro,LUV CAN SAVE U,0,,-,577,B-1824,群馬県,1404,IIDX32,群馬県,2136,G*,群馬県,2815,G*,群馬県
tricoro,Little Star,0,,-,963,5QOO,群馬県,1751,&#9889,群馬県,3210,G*,群馬県,0,,-
tricoro,Light and Cyber…,0,,-,1054,GRAN,群馬県,1971,A-,群馬県,3141,G*,群馬県,0,,-
tricoro,Liberation,0,,-,1481,5QOO,群馬県,2320,#MAIS#,群馬県,3713,G*,群馬県,0,,-
tricoro,JOMANDA,264,PA-SHI,群馬県,1131,FRA153,群馬県,2405,SYNCH,群馬県,3672,G*,群馬県,0,,-
tricoro,In Heaven,0,,-,762,COG,群馬県,1445,TJ,群馬県,2137,G*,群馬県,0,,-
tricoro,Illegal Function Call,0,,-,982,FRA153,群馬県,1823,SILXEA,群馬県,2656,G*,群馬県,3765,G*,群馬県
tricoro,ILIAS,0,,-,792,7&MM!3,群馬県,1266,IIDX31,群馬県,2202,G*,群馬県,0,,-
tricoro,I know You know,0,,-,595,OGAMI,群馬県,1167,B-1824,群馬県,1895,G*,群馬県,0,,-
tricoro,Howling,0,,-,553,COG,群馬県,1313,NO.IZE,群馬県,2124,G*,群馬県,2626,GANJYA,群馬県
tricoro,Hollywood Galaxy,0,,-,1094,A-,群馬県,1965,GRAN,群馬県,2750,G*,群馬県,0,,-
tricoro,GRADIUS 2012,0,,-,909,COG,群馬県,1698,......,群馬県,2739,G*,群馬県,0,,-
tricoro,GAIA,0,,-,1020,15M!L9,群馬県,2214,SILXEA,群馬県,3327,G*,群馬県,0,,-
tricoro,Fly you to the star,0,,-,766,B-1824,群馬県,1601,.HIFU3,群馬県,2285,G*,群馬県,0,,-
tricoro,FLOWER,361,.HIFU3,群馬県,1127,5QOO,群馬県,1772,FFXIV,群馬県,2909,G*,群馬県,0,,-
tricoro,examination leave,0,,-,1132,5QOO,群馬県,1895,GRAN,群馬県,3419,G*,群馬県,0,,-
tricoro,Elemental Creation,264,.HIFU3,群馬県,1473,COG,群馬県,2376,GANJYA,群馬県,4183,G*,群馬県,0,,-
tricoro,Devilz Staircase,0,,-,622,HIRORO,群馬県,2145,KOUME,群馬県,3283,G*,群馬県,0,,-
tricoro,DAY DREAM,0,,-,554,YUI.2P,群馬県,1288,SYNCH,群馬県,2050,G*,群馬県,0,,-
tricoro,Cookie Bouquets,0,,-,871,CAT,群馬県,2128,GRAN,群馬県,3417,G*,群馬県,0,,-
tricoro,connective,0,,-,405,B-1824,群馬県,1074,PRTS,群馬県,1603,G*,群馬県,0,,-
tricoro,Confiserie,0,,-,954,A-,群馬県,2065,BEISIA,群馬県,3583,G*,群馬県,0,,-
tricoro,CONCEPTUAL,0,,-,822,5QOO,群馬県,1364,B,群馬県,2756,G*,群馬県,0,,-
tricoro,BRAVE GLOW,0,,-,792,A-,群馬県,1682,GUNMA,群馬県,2488,FBI,群馬県,0,,-
tricoro,BLUE STRAGGLER,0,,-,865,COG,群馬県,1396,FRA153,群馬県,2641,G*,群馬県,0,,-
tricoro,Beastie Starter,0,,-,538,B-1824,群馬県,1273,-,群馬県,2191,G*,群馬県,0,,-
tricoro,Ascalon,0,,-,1129,FRA153,群馬県,1778,COG,群馬県,2332,G*,群馬県,0,,-
tricoro,8bit Princess,0,,-,654,G*,群馬県,1380,G*,群馬県,2638,G*,群馬県,0,,-
tricoro,405nm (Ryu☆mix),0,,-,913,5QOO,群馬県,1717,GRAN,群馬県,2599,G*,群馬県,0,,-
SPADA,轟け！恋のビーンボール！！,0,,-,1044,COG,群馬県,1914,MIKE,群馬県,3578,G*,群馬県,0,,-
SPADA,超!!遠距離らぶメ～ル,0,,-,560,SAK-G-,群馬県,1544,COG,群馬県,2678,G*,群馬県,0,,-
SPADA,罪と罰,0,,-,1078,B-1824,群馬県,1373,CAT,群馬県,2182,G*,群馬県,0,,-
SPADA,疾風迅雷,0,,-,1115,TENHO!,群馬県,2018,5QOO,群馬県,2935,G*,群馬県,3469,G*,群馬県
SPADA,牧神笛吹きて,0,,-,747,COG,群馬県,1390,GUNMA,群馬県,2076,G*,群馬県,0,,-
SPADA,煉獄のエルフェリア,0,,-,1345,5QOO,群馬県,2331,ISZO!,群馬県,3926,G*,群馬県,0,,-
SPADA,海神,0,,-,1115,B-1824,群馬県,2021,5QOO,群馬県,3215,G*,群馬県,3612,G*,群馬県
SPADA,旋律のドグマ～Miserables～,0,,-,1235,A-,群馬県,2439,KOUME,群馬県,3974,G*,群馬県,0,,-
SPADA,廿,0,,-,935,CAT,群馬県,1708,BEISIA,群馬県,2404,G*,群馬県,3392,G*,群馬県
SPADA,幻想系世界修復少女,213,.HIFU3,群馬県,619,COG,群馬県,1133,TANU3,群馬県,1975,KA92##,群馬県,0,,-
SPADA,バンブーソード・ガール,270,B-1824,群馬県,1003,G*,群馬県,1791,5QOO,群馬県,2456,G*,群馬県,0,,-
SPADA,デッドボヲルdeホームラン,0,,-,610,FLG.,群馬県,1562,JUBEAT,群馬県,2763,G*,群馬県,0,,-
SPADA,アルストロメリア,215,.HIFU3,群馬県,976,COG,群馬県,1572,COG,群馬県,2498,G*,群馬県,0,,-
SPADA,お願いアインシュタイン,0,,-,903,COG,群馬県,1489,COG,群馬県,2110,NEKOZE,群馬県,0,,-
SPADA,Wonder Girl feat. Kanae Asaba,0,,-,688,MA,群馬県,1252,PA-SHI,群馬県,2803,G*,群馬県,0,,-
SPADA,VOX UP,0,,-,1469,BEISIA,群馬県,2887,G*,群馬県,3655,G*,群馬県,0,,-
SPADA,Verflucht,0,,-,1261,GUNMA,群馬県,2127,GUNMA,群馬県,3585,G*,群馬県,4703,G*,群馬県
SPADA,Valgus,0,,-,635,MA,群馬県,1322,465,群馬県,2384,G*,群馬県,0,,-
SPADA,Unicorn tail,0,,-,848,B-1824,群馬県,2084,G*,群馬県,3166,G*,群馬県,0,,-
SPADA,THE DETONATOR,0,,-,1613,5QOO,群馬県,2450,5QOO,群馬県,3242,G*,群馬県,0,,-
SPADA,Squeeze,0,,-,843,COG,群馬県,1409,B-1824,群馬県,2508,G*,群馬県,0,,-
SPADA,Sigmund,0,,-,1566,PA-SHI,群馬県,2281,BEISIA,群馬県,3933,G*,群馬県,4338,G*,群馬県
SPADA,SCHWARZSCHILD FIELD,0,,-,895,465,群馬県,1607,COG,群馬県,2414,G*,群馬県,0,,-
SPADA,RIZING YOU UP,0,,-,1056,15M!L9,群馬県,2110,PA-SHI,群馬県,2585,G*,群馬県,0,,-
SPADA,RISE,0,,-,900,MU$ECA,群馬県,1338,KOKOMI,群馬県,1864,GANJYA,群馬県,0,,-
SPADA,refractive index,0,,-,741,B-1824,群馬県,1423,B-1824,群馬県,2705,G*,群馬県,0,,-
SPADA,Recollection,0,,-,1173,A-,群馬県,1740,PA-SHI,群馬県,2228,RINNE*,群馬県,0,,-
SPADA,rainbow guitar weeps,0,,-,973,COG,群馬県,1816,DNA200,群馬県,2784,G*,群馬県,0,,-
SPADA,ra'am,0,,-,1191,GUNMA,群馬県,1864,BEISIA,群馬県,2832,G*,群馬県,0,,-
SPADA,PUNISHER,0,,-,1131,SEDNA*,群馬県,2052,TAQAN,群馬県,3562,G*,群馬県,0,,-
SPADA,Pharaoh,0,,-,636,N.C.,群馬県,1380,PRTS,群馬県,2439,RCHE,群馬県,0,,-
SPADA,Overload Frontier,0,,-,795,COG,群馬県,1838,COG,群馬県,2639,G*,群馬県,0,,-
SPADA,Odin,0,,-,763,7&MM!3,群馬県,1381,465,群馬県,2069,G*,群馬県,0,,-
SPADA,NPC World,0,,-,990,S0R1N,群馬県,1561,A-,群馬県,2297,G*,群馬県,0,,-
SPADA,Miracle 5ympho X,0,,-,767,COG,群馬県,1311,HELL,群馬県,2635,G*,群馬県,2891,G*,群馬県
SPADA,MAGIC & LOVE,0,,-,1009,A-,群馬県,1842,GRAN,群馬県,2948,G*,群馬県,0,,-
SPADA,MAD ATTACK,0,,-,642,OKAMEL,群馬県,1284,COG,群馬県,1966,G*,群馬県,2568,G*,群馬県
SPADA,m1dy Deluxe,0,,-,1172,COG,群馬県,1765,7&MM!3,群馬県,2617,G*,群馬県,0,,-
SPADA,M.D.Injection,0,,-,589,OH,群馬県,1228,SIREN3,群馬県,2438,G*,群馬県,0,,-
SPADA,Lighting Shower,0,,-,828,COG,群馬県,1341,COG,群馬県,2426,G*,群馬県,0,,-
SPADA,Last Dance,0,,-,1214,B-1824,群馬県,1978,B-1824,群馬県,3264,G*,群馬県,0,,-
SPADA,KHAMEN BREAK,0,,-,557,TEITO7,群馬県,1393,PRTS,群馬県,2532,G*,群馬県,0,,-
SPADA,KAISER PHOENIX,0,,-,1305,DEEN,群馬県,2297,TIN3TO,群馬県,3319,G*,群馬県,3949,G*,群馬県
SPADA,IX,0,,-,1276,B-1824,群馬県,2478,G*,群馬県,3915,G*,群馬県,0,,-
SPADA,invoker,0,,-,1105,A-,群馬県,1911,XK.3,群馬県,3207,G*,群馬県,3563,G*,群馬県
SPADA,into the battlefield,0,,-,739,A-,群馬県,1438,GRAN,群馬県,2383,G*,群馬県,0,,-
SPADA,INSOMNIA,0,,-,805,COG,群馬県,1774,GUNMA,群馬県,3258,G*,群馬県,0,,-
SPADA,Insane Techniques,0,,-,738,COG,群馬県,1287,CAT,群馬県,2491,G*,群馬県,0,,-
SPADA,Idola ,0,,-,1226,COG,群馬県,2270,GRAN,群馬県,3580,G*,群馬県,0,,-
SPADA,I will be back -オレは帰ってきた-,0,,-,981,7&MM!3,群馬県,1917,NO.IZE,群馬県,2976,G*,群馬県,0,,-
SPADA,Hypersonik,0,,-,997,148,群馬県,1720,RINNE*,群馬県,2540,G*,群馬県,0,,-
SPADA,HYENA,0,,-,1159,FLG.,群馬県,2015,3TOTIN,群馬県,2852,G*,群馬県,3702,G*,群馬県
SPADA,Funny shuffle,0,,-,614,COG,群馬県,1106,NO.IZE,群馬県,2335,G*,群馬県,0,,-
SPADA,Feel The Beat,0,,-,1327,FRA153,群馬県,2206,BEERKZ,群馬県,3616,G*,群馬県,4391,G*,群馬県
SPADA,EXTREME MACH COLLIDER,0,,-,1009,COG,群馬県,1461,5QOO,群馬県,2596,G*,群馬県,0,,-
SPADA,Engraved Mark,0,,-,804,B-1824,群馬県,1291,GUNMA,群馬県,2421,G*,群馬県,0,,-
SPADA,Element of SPADA,0,,-,709,B-1824,群馬県,1354,ONENNE,群馬県,2090,G*,群馬県,3099,G*,群馬県
SPADA,Elektrick U-Phoria,0,,-,1151,5QOO,群馬県,1937,COG,群馬県,3125,G*,群馬県,4046,G*,群馬県
SPADA,diagram,0,,-,631,B-1824,群馬県,1290,COG,群馬県,2879,G*,群馬県,0,,-
SPADA,Devilz Sacrifice -贖罪の羊-,0,,-,961,COG,群馬県,1733,TAQAN,群馬県,2485,G*,群馬県,0,,-
SPADA,DARK LEGACY,0,,-,1291,H-BOMB,群馬県,2079,GRAN,群馬県,3609,G*,群馬県,0,,-
SPADA,Dark Fall,0,,-,852,7&MM!3,群馬県,1581,5QOO,群馬県,2810,G*,群馬県,0,,-
SPADA,Critical Crystal,224,$EVAN$,群馬県,1088,CAT,群馬県,1839,GUNMA,群馬県,2972,G*,群馬県,0,,-
SPADA,Close the World feat.a☆ru,0,,-,1137,15M!L9,群馬県,2044,COG,群馬県,3455,G*,群馬県,3912,G*,群馬県
SPADA,Cleopatrysm,0,,-,805,15CHAN,群馬県,1427,7&MM!3,群馬県,2614,G*,群馬県,0,,-
SPADA,Claiomh Solais,0,,-,339,CAT,群馬県,1412,B-1824,群馬県,2098,G*,群馬県,0,,-
SPADA,BRAVE OUT,0,,-,1044,COG,群馬県,1466,BEISIA,群馬県,2158,FBI,群馬県,2788,G*,群馬県
SPADA,BRAINSTORM,0,,-,757,COG,群馬県,1985,DEEN,群馬県,2795,G*,群馬県,0,,-
SPADA,BLUE DRAGON(雷龍RemixIIDX),0,,-,1505,B-1824,群馬県,2215,NO.IZE,群馬県,3412,G*,群馬県,0,,-
SPADA,ATHER,0,,-,1001,FRA153,群馬県,1607,7&MM!3,群馬県,2865,G*,群馬県,3173,RCHE,群馬県
SPADA,Ancient Scapes,0,,-,1142,5QOO,群馬県,2013,5QOO,群馬県,3518,G*,群馬県,4313,G*,群馬県
SPADA,ALBA -黎明-,0,,-,651,FRA153,群馬県,1563,SILXEA,群馬県,3254,G*,群馬県,3934,G*,群馬県
SPADA,Adularia,200,$EVAN$,群馬県,1065,COG,群馬県,1840,DEEN,群馬県,2872,G*,群馬県,0,,-
PENDUAL,Ｘ↑Ｘ↓,0,,-,913,SEDNA*,群馬県,1740,BEISIA,群馬県,2951,G*,群馬県,0,,-
PENDUAL,鬼天,0,,-,988,B-1824,群馬県,1606,IIDX32,群馬県,2514,G*,群馬県,0,,-
PENDUAL,超青少年ノ為ノ超多幸ナ超古典的超舞曲,0,,-,1043,COG,群馬県,2009,U.N.K,群馬県,2692,G*,群馬県,4108,G*,群馬県
PENDUAL,表裏一体！？怪盗いいんちょの悩み,0,,-,1132,B-1824,群馬県,2196,G*,群馬県,3605,G*,群馬県,4512,G*,群馬県
PENDUAL,紅牡丹,491,RED#15,群馬県,1074,COG,群馬県,1796,GUNMA,群馬県,2881,G*,群馬県,0,,-
PENDUAL,白露の風,0,,-,475,$EVAN$,群馬県,1244,COG,群馬県,2035,G*,群馬県,0,,-
PENDUAL,時空トラベローグ,0,,-,1090,MA0,群馬県,1865,BEERKZ,群馬県,2690,BEERKZ,群馬県,0,,-
PENDUAL,打打打打打打打打打打,200,BGI#19,群馬県,828,COG,群馬県,1333,ONENNE,群馬県,2649,G*,群馬県,0,,-
PENDUAL,恋は白帯、サンシロー,0,,-,742,A-,群馬県,1273,KOKOMI,群馬県,2031,TIN3TO,群馬県,2764,RCHE,群馬県
PENDUAL,少年は空を辿る,0,,-,1258,COG,群馬県,2020,BEERKZ,群馬県,3389,G*,群馬県,0,,-
PENDUAL,妖隠し -あやかしかくし-,0,,-,967,FLG.,群馬県,1580,BOU,群馬県,2205,G*,群馬県,0,,-
PENDUAL,夏色DIARY - L.E.D.-G STYLE MIX -,0,,-,990,B-1824,群馬県,1915,B-1824,群馬県,3142,G*,群馬県,0,,-
PENDUAL,取り残された美術(Arranged:HiZuMi),250,$EVAN$,群馬県,976,COG,群馬県,1734,BEISIA,群馬県,2212,G*,群馬県,0,,-
PENDUAL,千年ノ理,0,,-,1197,TIN3TO,群馬県,1961,CH-RAN,群馬県,3200,G*,群馬県,4315,G*,群馬県
PENDUAL,十六夜セツナ,0,,-,1008,A-,群馬県,1638,B,群馬県,2238,G*,群馬県,0,,-
PENDUAL,共鳴遊戯の華,0,,-,1304,BEISIA,群馬県,2426,5QOO,群馬県,3936,G*,群馬県,0,,-
PENDUAL,リリーゼと炎龍レーヴァテイン,0,,-,984,GRAN,群馬県,2263,SUGURI,群馬県,3499,G*,群馬県,0,,-
PENDUAL,ベィスドロップ・フリークス,0,,-,635,15M!L9,群馬県,1278,COG,群馬県,2268,G*,群馬県,2448,G*,群馬県
PENDUAL,パ→ピ→プ→Yeah!,375,HIRORO,群馬県,1031,COG,群馬県,1600,COG,群馬県,2544,G*,群馬県,0,,-
PENDUAL,ドッキン☆サマーあばんちゅーる,0,,-,1033,B-1824,群馬県,1761,GUNMA,群馬県,2857,G*,群馬県,0,,-
PENDUAL,もっと！モット！ときめき feat. 松下,0,,-,1390,COG,群馬県,2059,XAN.H,群馬県,2761,G*,群馬県,0,,-
PENDUAL,ぷろぐれっしぶ時空少女！うらしまたろ子ちゃん！,0,,-,883,COG,群馬県,1465,OGAMI,群馬県,2559,G*,群馬県,0,,-
PENDUAL,とろぴかる倶楽部,0,,-,817,7&MM!3,群馬県,1469,COG,群馬県,2279,G*,群馬県,0,,-
PENDUAL,それは花火のような恋,700,B-1824,群馬県,1257,15M!L9,群馬県,2578,G*,群馬県,3916,G*,群馬県,0,,-
PENDUAL,ZZ,204,TUONE*,群馬県,1306,HELL,群馬県,1983,HELL,群馬県,3071,G*,群馬県,0,,-
PENDUAL,We're so Happy (P*Light Remix) IIDX ver.,0,,-,1133,COG,群馬県,2246,DG-TAL,群馬県,3752,G*,群馬県,0,,-
PENDUAL,Vulkan,0,,-,1031,A-,群馬県,2000,GRAN,群馬県,3029,G*,群馬県,0,,-
PENDUAL,TOXIC VIBRATION,0,,-,1611,5QOO,群馬県,2464,BEERKZ,群馬県,3807,G*,群馬県,0,,-
PENDUAL,TIEFSEE,0,,-,1289,COG,群馬県,2131,GRAN,群馬県,3497,G*,群馬県,0,,-
PENDUAL,The Least 100sec,0,,-,782,FLG.,群馬県,1471,KOUME,群馬県,2947,G*,群馬県,0,,-
PENDUAL,TA・DA ☆ YO・SHI,0,,-,1132,COG,群馬県,1633,CC39RA,群馬県,2340,G*,群馬県,0,,-
PENDUAL,Symmetry,0,,-,1140,15M!L9,群馬県,2052,TUONE*,群馬県,3298,G*,群馬県,0,,-
PENDUAL,Sweet Radar,0,,-,669,$EVAN$,群馬県,1345,TANU3,群馬県,2040,G*,群馬県,0,,-
PENDUAL,SpaceLand☆TOYBOX,0,,-,1083,COG,群馬県,1722,GRAN,群馬県,2981,G*,群馬県,0,,-
PENDUAL,Sounds Of Summer ,0,,-,1189,DEIN,群馬県,1989,AOMI,群馬県,2993,G*,群馬県,0,,-
PENDUAL,Shooting Fireball,0,,-,958,CAT,群馬県,2296,XJAPAN,群馬県,3942,G*,群馬県,0,,-
PENDUAL,Scars of FAUNA,0,,-,867,B-1824,群馬県,1701,COG,群馬県,2892,3TOTIN,群馬県,0,,-
PENDUAL,Scarlet Moon,0,,-,1047,NAMEKO,群馬県,1848,KOKOMI,群馬県,2771,G*,群馬県,0,,-
PENDUAL,Say YEEEAHH,0,,-,1161,B-1824,群馬県,1781,$EVAN$,群馬県,3295,G*,群馬県,0,,-
PENDUAL,SAMSARA,0,,-,848,COG,群馬県,1440,G*,群馬県,2056,G*,群馬県,0,,-
PENDUAL,Sakura Mirage,0,,-,976,OGAMI,群馬県,1332,GRAN,群馬県,2362,G*,群馬県,0,,-
PENDUAL,Reflux,0,,-,786,COG,群馬県,1609,GUNMA,群馬県,3047,G*,群馬県,0,,-
PENDUAL,Realize Maze,0,,-,1258,FRA153,群馬県,2056,PA-SHI,群馬県,2996,G*,群馬県,0,,-
PENDUAL,Rave*it!! Rave*it!! ,0,,-,992,15M!L9,群馬県,1678,XAN.H,群馬県,3273,G*,群馬県,0,,-
PENDUAL,PENDUAL TALISMAN,0,,-,1036,FLG.,群馬県,1609,COG,群馬県,2622,G*,群馬県,0,,-
PENDUAL,On My Wings(Hardstyle IIDX),0,,-,910,COG,群馬県,1251,FRA153,群馬県,1987,G*,群馬県,0,,-
PENDUAL,No Tears,0,,-,1166,FRA153,群馬県,2061,BMS12.,群馬県,2560,G*,群馬県,0,,-
PENDUAL,Night sky,0,,-,1169,POGGY,群馬県,1862,ISZO!,群馬県,2965,G*,群馬県,0,,-
PENDUAL,NEO GENERATOR SEVEN,0,,-,903,YU,群馬県,1894,BEISIA,群馬県,3337,G*,群馬県,0,,-
PENDUAL,Monopole.,0,,-,796,FRA153,群馬県,1628,5QOO,群馬県,3410,G*,群馬県,0,,-
PENDUAL,m1dy Festival,0,,-,918,STELLA,群馬県,1607,NO.IZE,群馬県,2323,SYNCH,群馬県,0,,-
PENDUAL,Line 4 Ruin,0,,-,702,KOUME,群馬県,1811,YAKUMO,群馬県,2801,G*,群馬県,0,,-
PENDUAL,IXION,0,,-,1113,B-1824,群馬県,1735,SEDNA*,群馬県,2158,&#9889,群馬県,0,,-
PENDUAL,Invitation from Mr.C,0,,-,1160,15M!L9,群馬県,1568,XEPHY,群馬県,2731,G*,群馬県,0,,-
PENDUAL,In The Breeze,0,,-,655,COG,群馬県,1125,IIDX31,群馬県,1776,G*,群馬県,0,,-
PENDUAL,IMPLANTATION,0,,-,649,SEDNA*,群馬県,1696,5QOO,群馬県,2309,G*,群馬県,0,,-
PENDUAL,illuminate,0,,-,619,COG,群馬県,1502,IIDX31,群馬県,2333,G*,群馬県,0,,-
PENDUAL,Hello Happiness,0,,-,881,FRA153,群馬県,1714,G*,群馬県,2367,G*,群馬県,0,,-
PENDUAL,HELL SCAPER -Last Escape Remix-,0,,-,965,B-1824,群馬県,1776,COG,群馬県,2895,G*,群馬県,0,,-
PENDUAL,Gravigazer,0,,-,953,148,群馬県,1835,ARUS,群馬県,3048,G*,群馬県,0,,-
PENDUAL,Flashes,0,,-,963,COG,群馬県,1800,BEISIA,群馬県,3320,G*,群馬県,0,,-
PENDUAL,FANTASTIC THREE,0,,-,1318,BEISIA,群馬県,2257,RCHE,群馬県,3222,G*,群馬県,0,,-
PENDUAL,fallen leaves -IIDX edition-,0,,-,1191,COG,群馬県,2056,ARUS,群馬県,3427,G*,群馬県,0,,-
PENDUAL,Erosion Mark  ,0,,-,767,SITIMI,群馬県,1541,SILXEA,群馬県,2185,G*,群馬県,0,,-
PENDUAL,entelecheia,0,,-,1027,COG,群馬県,2116,#MAIS#,群馬県,3298,G*,群馬県,0,,-
PENDUAL,EBONY & IVORY,0,,-,1077,PO4,群馬県,1639,LUNK,群馬県,3020,G*,群馬県,3652,G*,群馬県
PENDUAL,Discloze,0,,-,953,COG,群馬県,1664,COG,群馬県,2669,G*,群馬県,0,,-
PENDUAL,Despair of ELFERIA,0,,-,1261,B-1824,群馬県,2397,GRAN,群馬県,4147,G*,群馬県,0,,-
PENDUAL,Cosmic Cat,0,,-,939,COG,群馬県,1711,U.N.K,群馬県,2323,G*,群馬県,3273,G*,群馬県
PENDUAL,COLOSSEUM ,0,,-,585,-,群馬県,1171,AOMI,群馬県,2304,G*,群馬県,0,,-
PENDUAL,cinder,0,,-,836,15M!L9,群馬県,1998,PANI*,群馬県,3166,G*,群馬県,0,,-
PENDUAL,Chronos,0,,-,871,B-1824,群馬県,1377,KA92##,群馬県,2371,G*,群馬県,3009,G*,群馬県
PENDUAL,Chrono Diver -PENDULUMs-,560,B-1824,群馬県,1416,5QOO,群馬県,2798,G*,群馬県,4383,G*,群馬県,0,,-
PENDUAL,CHRONO DIVER -NORNIR-,0,,-,1160,15M!L9,群馬県,2186,GRAN,群馬県,3131,G*,群馬県,4416,G*,群馬県
PENDUAL,chrono diver -fragment-,0,,-,682,B-1824,群馬県,1151,15M!L9,群馬県,1797,G*,群馬県,2260,G*,群馬県
PENDUAL,Chain of pain,0,,-,731,PHOSCO,群馬県,1502,BEISIA,群馬県,2251,G*,群馬県,0,,-
PENDUAL,Broken Sword,0,,-,1289,B-1824,群馬県,2043,ONENNE,群馬県,3751,G*,群馬県,0,,-
PENDUAL,BLUE MIRAGE,0,,-,1149,PA-SHI,群馬県,2114,GANJYA,群馬県,3130,G*,群馬県,0,,-
PENDUAL,Blaze it UP!,0,,-,943,NO.IZE,群馬県,1886,COG,群馬県,2998,G*,群馬県,0,,-
PENDUAL,Beyond The Earth,0,,-,1293,COG,群馬県,2024,COG,群馬県,3206,G*,群馬県,0,,-
PENDUAL,Beat Radiance,0,,-,987,COG,群馬県,1640,GRAN,群馬県,2653,G*,群馬県,3600,G*,群馬県
PENDUAL,AFRO KNUCKLE,0,,-,958,15M!L9,群馬県,1745,BEISIA,群馬県,2427,G*,群馬県,0,,-
PENDUAL,#The_Relentless,0,,-,1196,COG,群馬県,2001,SILXEA,群馬県,2955,G*,群馬県,4434,G*,群馬県
copula,麗 ～うらら～,264,$EVAN$,群馬県,1134,B-1824,群馬県,1770,SYNCH,群馬県,2650,G*,群馬県,0,,-
copula,駅猫のワルツ,0,,-,1146,CAT,群馬県,2026,WADATI,群馬県,2858,G*,群馬県,0,,-
copula,量子の海のリントヴルム,0,,-,900,15M!L9,群馬県,1820,3TOTIN,群馬県,3002,G*,群馬県,0,,-
copula,追想快晴テーマパーク,0,,-,1179,A-,群馬県,2034,GRAN,群馬県,3128,G*,群馬県,0,,-
copula,紫陽花 -AZISAI-,420,B-1824,群馬県,1286,IKASU3,群馬県,2097,A!,群馬県,2925,G*,群馬県,3376,G*,群馬県
copula,真 地獄超特急 -HELL or HELL-,0,,-,1433,PA-SHI,群馬県,2182,DBZ,群馬県,3290,G*,群馬県,0,,-
copula,炸裂！イェーガー電光チョップ！！(JAEGER FINAL ATTACK),0,,-,1352,COG,群馬県,2015,GRAN,群馬県,2591,G*,群馬県,0,,-
copula,灼熱 Pt.2 Long Train Running,621,RINNE*,群馬県,1309,B-1824,群馬県,2098,G*,群馬県,3330,G*,群馬県,0,,-
copula,朝焼けから始まるボクらの小さな旅,0,,-,965,COG,群馬県,1694,JUBEAT,群馬県,2563,G*,群馬県,0,,-
copula,星屑ディスタンシア,0,,-,691,COG,群馬県,1187,A-,群馬県,2125,G*,群馬県,0,,-
copula,明鏡止水,0,,-,841,COG,群馬県,1819,MIKE,群馬県,2820,G*,群馬県,0,,-
copula,少女アリスと箱庭幻想コンチェルト,0,,-,750,7&MM!3,群馬県,1487,COG,群馬県,2178,G*,群馬県,0,,-
copula,セロトニン,0,,-,1313,7&MM!3,群馬県,1757,B-1824,群馬県,2332,G*,群馬県,0,,-
copula,シュッパツシンコウ・シサカンコ,0,,-,1115,COG,群馬県,1788,GRAN,群馬県,2462,G*,群馬県,0,,-
copula,ギョギョっと人魚 爆婚ブライダル,0,,-,815,A-,群馬県,1454,ISANA*,群馬県,2389,G*,群馬県,0,,-
copula,オルタネイトβ,0,,-,820,ANJI,群馬県,1422,COG,群馬県,2269,G*,群馬県,0,,-
copula,めいさいアイドル☆あいむちゃん♪,0,,-,1494,7&MM!3,群馬県,2273,CH-RAN,群馬県,3383,G*,群馬県,0,,-
copula,か・し・ま・し☆PUMP UP！,0,,-,1200,DNA200,群馬県,1830,COG,群馬県,2877,G*,群馬県,0,,-
copula,ZEPHYRANTHES,0,,-,1011,FLG.,群馬県,1777,#MAIS#,群馬県,2971,G*,群馬県,3886,G*,群馬県
copula,X,0,,-,1591,5QOO,群馬県,2453,COG,群馬県,3884,G*,群馬県,0,,-
copula,Welcome,0,,-,860,AAA,群馬県,1787,SILXEA,群馬県,2687,G*,群馬県,3364,G*,群馬県
copula,Violet Rose,0,,-,1241,COG,群馬県,2037,3TOTIN,群馬県,2612,G*,群馬県,0,,-
copula,Violet Pulse,0,,-,419,7&MM!3,群馬県,1681,ONENNE,群馬県,2428,BEERKZ,群馬県,4115,G*,群馬県
copula,Uh-Oh,0,,-,1108,COG,群馬県,1723,GUNMA,群馬県,2437,G*,群馬県,0,,-
copula,Triple Counter,0,,-,1406,B-1824,群馬県,2218,GRAN,群馬県,4005,G*,群馬県,0,,-
copula,Tori-no-kimochi,0,,-,266,B-1824,群馬県,1306,G*,群馬県,2023,G*,群馬県,0,,-
copula,SURVIVOR,0,,-,713,B-1824,群馬県,1260,7&MM!3,群馬県,2017,G*,群馬県,0,,-
copula,Super Duper Racers,0,,-,944,B-1824,群馬県,1569,NO.IZE,群馬県,2383,G*,群馬県,0,,-
copula,StrayedCatz,0,,-,1074,COG,群馬県,1957,IMOTA*,群馬県,2913,G*,群馬県,0,,-
copula,STARLIGHT DANCEHALL,0,,-,1224,B-1824,群馬県,1783,7&MM!3,群馬県,2675,G*,群馬県,3378,G*,群馬県
copula,STARLiGHT,0,,-,944,B-1824,群馬県,1804,7&MM!3,群馬県,2796,G*,群馬県,0,,-
copula,SHELTER OF THE MIND,0,,-,1410,15M!L9,群馬県,1972,GRAN,群馬県,3064,G*,群馬県,0,,-
copula,Set U Free feat. Kanae Asaba,0,,-,914,B-1824,群馬県,1574,BEISIA,群馬県,2534,G*,群馬県,0,,-
copula,Sephirot,0,,-,952,B-1824,群馬県,1641,BEISIA,群馬県,2376,G*,群馬県,0,,-
copula,SEITEN NO TERIYAKI,0,,-,713,NO.IZE,群馬県,1255,NO.IZE,群馬県,2259,G*,群馬県,0,,-
copula,Routing,0,,-,923,15M!L9,群馬県,1615,COG,群馬県,2544,G*,群馬県,0,,-
copula,Rock It,0,,-,1137,COG,群馬県,1673,BEISIA,群馬県,2984,G*,群馬県,0,,-
copula,refrain,0,,-,1212,PA-SHI,群馬県,2257,CH-RAN,群馬県,3654,G*,群馬県,0,,-
copula,quick master (reform version),0,,-,160,FLG.,群馬県,347,$EVAN$,群馬県,528,G*,群馬県,0,,-
copula,POSSESSION,532,PA-SHI,群馬県,1382,15M!L9,群馬県,2138,G*,群馬県,2983,G*,群馬県,0,,-
copula,Outbreak,0,,-,1315,COG,群馬県,1854,GRAN,群馬県,3040,G*,群馬県,0,,-
copula,On the FM,0,,-,1128,B-1824,群馬県,1592,GRAN,群馬県,2814,G*,群馬県,0,,-
copula,NZM,0,,-,1057,15M!L9,群馬県,1584,ARUS,群馬県,3496,G*,群馬県,0,,-
copula,Nowhere,0,,-,843,FRA153,群馬県,1464,7&MM!3,群馬県,2187,G*,群馬県,0,,-
copula,NO LIMIT -オレ達に限界は無い-,0,,-,821,B-1824,群馬県,1218,NO.IZE,群馬県,2282,G*,群馬県,0,,-
copula,NINJA IS DEAD IIDX ver.,0,,-,1222,CMB,群馬県,1893,5QOO,群馬県,3028,G*,群馬県,0,,-
copula,Nightmare before oversleep,0,,-,1184,FLG.,群馬県,1857,SUGURI,群馬県,2974,G*,群馬県,0,,-
copula,NANAIRO,0,,-,1063,B-1824,群馬県,1791,CH-RAN,群馬県,2592,G*,群馬県,0,,-
copula,Musik LoverZ,0,,-,1048,MA0,群馬県,1428,BEISIA,群馬県,2521,G*,群馬県,0,,-
copula,M4K3 1T B0UNC3,0,,-,1369,5QOO,群馬県,2062,PLAF,群馬県,3050,G*,群馬県,0,,-
copula,La dolce primavera,0,,-,675,KKP,群馬県,1383,GUNMA,群馬県,2179,G*,群馬県,0,,-
copula,Konzert V,0,,-,1263,7&MM!3,群馬県,2227,HELL,群馬県,3381,G*,群馬県,0,,-
copula,Journey,0,,-,696,ONENNE,群馬県,1256,$7.00,群馬県,1890,G*,群馬県,3133,3TOTIN,群馬県
copula,Inner Spirit,0,,-,852,B-1824,群馬県,1857,TERIYA,群馬県,2875,G*,群馬県,0,,-
copula,Highcharge Divolt,0,,-,895,15M!L9,群馬県,1691,5QOO,群馬県,2819,G*,群馬県,0,,-
copula,Grand Chariot,0,,-,1163,COG,群馬県,1873,KA92##,群馬県,3506,G*,群馬県,0,,-
copula,Godspeed,0,,-,1059,A-,群馬県,1895,TAKA-P,群馬県,3210,G*,群馬県,0,,-
copula,GOBBLE,0,,-,494,COG,群馬県,714,PA-SHI,群馬県,1724,G*,群馬県,0,,-
copula,Go Faraway,0,,-,996,S0R1N,群馬県,1472,TJ,群馬県,2498,G*,群馬県,0,,-
copula,Glitch Nerds,0,,-,991,ABCZ,群馬県,1435,GUNMA,群馬県,2232,XJAPAN,群馬県,0,,-
copula,GENERATE feat.綾倉盟,0,,-,1075,TANU3,群馬県,1752,COG,群馬県,2363,G*,群馬県,0,,-
copula,Exchange Place,0,,-,751,OGAMI,群馬県,1236,OGAMI,群馬県,1793,G*,群馬県,0,,-
copula,Everlasting Last,0,,-,786,MU$ECA,群馬県,1613,7&MM!3,群馬県,2241,G*,群馬県,0,,-
copula,Dynamite,548,PA-SHI,群馬県,1196,B-1824,群馬県,2468,G*,群馬県,3862,G*,群馬県,0,,-
copula,Donkey Donk,0,,-,1184,COG,群馬県,1731,XJAPAN,群馬県,2290,G*,群馬県,0,,-
copula,do the thing feat. Kanae Asaba,0,,-,626,15M!L9,群馬県,1487,COG,群馬県,2329,G*,群馬県,0,,-
copula,DIAMOND CROSSING,0,,-,991,COG,群馬県,1776,XJAPAN,群馬県,3100,G*,群馬県,0,,-
copula,Devil's Gear,0,,-,1073,COG,群馬県,2257,XAN.H,群馬県,3516,G*,群馬県,0,,-
copula,Derelict Star feat. Ryu*,0,,-,1386,COG,群馬県,1902,PA-SHI,群馬県,2632,G*,群馬県,0,,-
copula,Damage Per Second,0,,-,849,MA,群馬県,1418,COG,群馬県,2051,G*,群馬県,2285,SYNCH,群馬県
copula,Daily Lunch Special,0,,-,1079,FRA153,群馬県,2141,GRAN,群馬県,2970,G*,群馬県,0,,-
copula,CODE:1 [revision1.0.1],0,,-,974,67!WS1,群馬県,1683,CAT,群馬県,3145,G*,群馬県,0,,-
copula,chaos eater -IIDX edition-,0,,-,1181,A-,群馬県,1694,MUGI.,群馬県,2636,G*,群馬県,0,,-
copula,Central Station,0,,-,1042,B-1824,群馬県,1551,BEISIA,群馬県,2420,G*,群馬県,0,,-
copula,Blue Spring Express,0,,-,1291,7&MM!3,群馬県,2016,TERIYA,群馬県,3354,G*,群馬県,0,,-
copula,Battle Train -IIDX Edition-,0,,-,894,COG,群馬県,2513,SILXEA,群馬県,3295,G*,群馬県,0,,-
copula,Aublia,0,,-,959,B-1824,群馬県,1507,SILXEA,群馬県,2549,3TOTIN,群馬県,0,,-
copula,Arcana,0,,-,1196,5QOO,群馬県,1712,PAJAM4,群馬県,2292,G*,群馬県,0,,-
copula,AO-1,0,,-,1255,COG,群馬県,1950,TIN3TO,群馬県,2820,G*,群馬県,0,,-
copula,Angelic Jelly,0,,-,1144,B-1824,群馬県,2037,5QOO,群馬県,2800,G*,群馬県,0,,-
copula,Acid Pumper,0,,-,688,15M!L9,群馬県,1591,SYNCH,群馬県,2508,G*,群馬県,0,,-
copula,199024club -Re:BounceKiller-,0,,-,696,FLG.,群馬県,1636,TAQAN,群馬県,2369,XJAPAN,群馬県,0,,-
SINOBUZ,鴉,0,,-,1505,GRAN,群馬県,2239,GRAN,群馬県,2708,G*,群馬県,0,,-
SINOBUZ,童話回廊,0,,-,947,TUONE*,群馬県,1694,DEBUKI,群馬県,3102,G*,群馬県,0,,-
SINOBUZ,禍根,0,,-,806,15M!L9,群馬県,1333,B-1824,群馬県,2605,G*,群馬県,0,,-
SINOBUZ,獅子霞麗ノ舞,0,,-,503,B-1824,群馬県,1053,IIDX31,群馬県,1737,G*,群馬県,0,,-
SINOBUZ,焔極OVERKILL,0,,-,1161,15M!L9,群馬県,2139,XJAPAN,群馬県,3652,G*,群馬県,0,,-
SINOBUZ,火影,0,,-,696,15M!L9,群馬県,1397,ISANA*,群馬県,2693,G*,群馬県,0,,-
SINOBUZ,津軽雪,0,,-,1534,B-1824,群馬県,2201,RAMAN5,群馬県,3887,G*,群馬県,0,,-
SINOBUZ,次葉 -turn the page-,0,,-,835,GOESE,群馬県,1422,3TOTIN,群馬県,1988,BEERKZ,群馬県,0,,-
SINOBUZ,月雪に舞う華のように,0,,-,841,B-1824,群馬県,1283,IIDX31,群馬県,2132,G*,群馬県,0,,-
SINOBUZ,恋はどう？モロ◎波動OK☆方程式!!,0,,-,1012,465,群馬県,1552,BEISIA,群馬県,2483,G*,群馬県,0,,-
SINOBUZ,忍恋花,0,,-,1007,B-1824,群馬県,1672,TAQAN,群馬県,2264,G*,群馬県,0,,-
SINOBUZ,刃図羅,0,,-,1233,TUONE*,群馬県,2067,OUTLAW,群馬県,3415,G*,群馬県,0,,-
SINOBUZ,冬椿 ft. Kanae Asaba,262,BGI#19,群馬県,942,148,群馬県,1245,TANU3,群馬県,2289,G*,群馬県,3054,G*,群馬県
SINOBUZ,九尾狐夜行,0,,-,841,A-,群馬県,1785,KA92##,群馬県,2975,G*,群馬県,0,,-
SINOBUZ,ディッシュウォッシャー◎彡おいわちゃん,0,,-,713,B-1824,群馬県,1402,NO.IZE,群馬県,2517,GANJYA,群馬県,0,,-
SINOBUZ,イザナミノナゲキ,0,,-,1187,A-,群馬県,1907,NO.123,群馬県,3282,G*,群馬県,0,,-
SINOBUZ,ちらちら・はらはら,0,,-,413,$EVAN$,群馬県,949,PA-SHI,群馬県,1429,RCHE,群馬県,0,,-
SINOBUZ,〆,0,,-,1275,B-1824,群馬県,2277,5QOO,群馬県,3719,G*,群馬県,0,,-
SINOBUZ,Yellow Sketch(RX-Ver.S.P.L.),0,,-,718,MA,群馬県,1803,COG,群馬県,2895,G*,群馬県,0,,-
SINOBUZ,yamabiko (SINOBUZ Edition),0,,-,976,B-1824,群馬県,1613,COG,群馬県,2663,G*,群馬県,0,,-
SINOBUZ,XINOBIKILL,0,,-,980,NO.IZE,群馬県,1739,COG,群馬県,2917,G*,群馬県,0,,-
SINOBUZ,Warrior,0,,-,948,STELLA,群馬県,1736,PA-SHI,群馬県,2505,G*,群馬県,0,,-
SINOBUZ,Vermilion,0,,-,862,15M!L9,群馬県,1383,BEISIA,群馬県,2059,G*,群馬県,0,,-
SINOBUZ,Venom,0,,-,1282,COG,群馬県,2166,G*,群馬県,3228,G*,群馬県,0,,-
SINOBUZ,Umbral,0,,-,615,B-1824,群馬県,1371,PA-SHI,群馬県,1903,SYNCH,群馬県,3083,G*,群馬県
SINOBUZ,TOGAKUSHI,0,,-,1006,7&MM!3,群馬県,1874,BEISIA,群馬県,2648,G*,群馬県,0,,-
SINOBUZ,The Commanders,0,,-,932,MA0,群馬県,1512,FBI,群馬県,2443,G*,群馬県,0,,-
SINOBUZ,Sweet Clapper,0,,-,567,A-,群馬県,1236,W,群馬県,1918,G*,群馬県,2915,G*,群馬県
SINOBUZ,Surf on the Light,0,,-,767,B-1824,群馬県,1476,BEISIA,群馬県,2270,G*,群馬県,0,,-
SINOBUZ,Super Rush,0,,-,1010,15M!L9,群馬県,1883,COG,群馬県,3561,G*,群馬県,0,,-
SINOBUZ,Summerlights(IIDX Edition),0,,-,1122,7&MM!3,群馬県,1804,TAQAN,群馬県,3141,G*,群馬県,0,,-
SINOBUZ,Steel Edge,0,,-,916,15M!L9,群馬県,1479,JUBEAT,群馬県,3196,G*,群馬県,0,,-
SINOBUZ,Snakey Kung-fu,0,,-,1106,B-1824,群馬県,2156,T-MK3,群馬県,3458,G*,群馬県,0,,-
SINOBUZ,Sky High,444,B-1824,群馬県,1178,B-1824,群馬県,2313,COG,群馬県,3841,G*,群馬県,0,,-
SINOBUZ,SINOBUZ Fantasy,0,,-,1003,B-1824,群馬県,1711,FBI,群馬県,2442,G*,群馬県,0,,-
SINOBUZ,shuriken,0,,-,769,ABCZ,群馬県,1115,XJAPAN,群馬県,2580,G*,群馬県,0,,-
SINOBUZ,Shoot'Em All,0,,-,803,B-1824,群馬県,1454,B-1824,群馬県,2430,BEERKZ,群馬県,0,,-
SINOBUZ,SEQUENCE CAT,0,,-,1080,B-1824,群馬県,2204,TAKA-P,群馬県,2875,G*,群馬県,0,,-
SINOBUZ,Selfish Sweet,0,,-,643,B-1824,群馬県,953,$EVAN$,群馬県,1724,G*,群馬県,0,,-
SINOBUZ,Seize the Day,0,,-,712,HIRORO,群馬県,1271,TUBAKI,群馬県,2166,G*,群馬県,0,,-
SINOBUZ,Seaside Labyrinth,0,,-,614,NAMEKO,群馬県,1292,G*,群馬県,1870,3TOTIN,群馬県,0,,-
SINOBUZ,SAY BAY,0,,-,834,POGGY,群馬県,1493,BEISIA,群馬県,2874,G*,群馬県,0,,-
SINOBUZ,Sarutobi Champion is 拙者,0,,-,945,NO.IZE,群馬県,1475,5QOO,群馬県,2215,G*,群馬県,0,,-
SINOBUZ,SAMURAI-Scramble,0,,-,985,B-1824,群馬県,1664,COG,群馬県,2423,G*,群馬県,2912,XJAPAN,群馬県
SINOBUZ,ROTTERDAM SHOGUN,545,$EVAN$,群馬県,1116,NO.IZE,群馬県,1814,GRAN,群馬県,2590,G*,群馬県,0,,-
SINOBUZ,RISING FIRE HAWK,0,,-,841,7&MM!3,群馬県,1480,XAN.H,群馬県,2715,G*,群馬県,0,,-
SINOBUZ,Remedy feat. Kanae Asaba,0,,-,906,7&MM!3,群馬県,1611,PA-SHI,群馬県,2205,3TOTIN,群馬県,0,,-
SINOBUZ,Rave Cannon,0,,-,1046,15M!L9,群馬県,1814,SUGURI,群馬県,3379,G*,群馬県,0,,-
SINOBUZ,RAIN,0,,-,1136,5QOO,群馬県,1768,HELL,群馬県,3293,G*,群馬県,0,,-
SINOBUZ,Quakes,0,,-,1107,15M!L9,群馬県,2022,XJAPAN,群馬県,3243,G*,群馬県,0,,-
SINOBUZ,Piano Samurai,0,,-,1062,B-1824,群馬県,1741,PA-SHI,群馬県,2478,TIN3TO,群馬県,0,,-
SINOBUZ,PAPAYAPA BASS,0,,-,761,CAT,群馬県,1538,J*,群馬県,2808,G*,群馬県,0,,-
SINOBUZ,OTENAMI Hurricane,0,,-,1284,CAT,群馬県,2140,5QOO,群馬県,3192,G*,群馬県,0,,-
SINOBUZ,OOO,0,,-,692,B-1824,群馬県,1444,CAT,群馬県,2067,G*,群馬県,0,,-
SINOBUZ,nostos,0,,-,864,OKS,群馬県,1406,BIRD-M,群馬県,2632,G*,群馬県,0,,-
SINOBUZ,Music is The Answer,0,,-,787,B-1824,群馬県,1399,BEERKZ,群馬県,1928,G*,群馬県,0,,-
SINOBUZ,Modular Technology,0,,-,1191,A-,群馬県,1882,#MAIS#,群馬県,2684,G*,群馬県,0,,-
SINOBUZ,Mare Nectaris,0,,-,1454,NEKOZE,群馬県,2172,G*,群馬県,3837,G*,群馬県,0,,-
SINOBUZ,Magical,0,,-,803,B-1824,群馬県,1176,PAJAM4,群馬県,2015,G*,群馬県,0,,-
SINOBUZ,Macuilxochitl,526,.HIFU3,群馬県,1480,BEISIA,群馬県,2146,PA-SHI,群馬県,3346,G*,群馬県,0,,-
SINOBUZ,Lost wing at.0,0,,-,909,35CHI*,群馬県,1434,COG,群馬県,2432,TIN3TO,群馬県,0,,-
SINOBUZ,INVISIBLE STRIX,0,,-,1159,TUONE*,群馬県,2077,BEISIA,群馬県,2647,G*,群馬県,0,,-
SINOBUZ,Honey Trap,0,,-,825,CAT,群馬県,1612,COG,群馬県,2550,G*,群馬県,0,,-
SINOBUZ,HAPPY★RUSH,0,,-,789,B-1824,群馬県,1860,CH-RAN,群馬県,2886,XJAPAN,群馬県,0,,-
SINOBUZ,HADES,393,RINNE*,群馬県,974,B-1824,群馬県,1829,ISZO!,群馬県,3130,G*,群馬県,0,,-
SINOBUZ,GuNGNiR,0,,-,1342,B-1824,群馬県,2755,G*,群馬県,4060,G*,群馬県,4647,G*,群馬県
SINOBUZ,Go Ahead!!,0,,-,1016,B-1824,群馬県,1512,B-1824,群馬県,2768,G*,群馬県,0,,-
SINOBUZ,FUZIN RIZIN,0,,-,1195,A-,群馬県,1966,GRAN,群馬県,3818,G*,群馬県,0,,-
SINOBUZ,elemental bender feat. Kanae Asaba,0,,-,636,RED#15,群馬県,1154,7&MM!3,群馬県,1639,G*,群馬県,0,,-
SINOBUZ,Egret and Willow,0,,-,1027,B-1824,群馬県,1613,NO.123,群馬県,2747,G*,群馬県,0,,-
SINOBUZ,ECHIDNA,0,,-,1279,NO.IZE,群馬県,2140,XJAPAN,群馬県,3459,G*,群馬県,0,,-
SINOBUZ,DORNWALD ～Junge～,0,,-,1263,*COLO*,群馬県,2157,PIZZA,群馬県,3723,G*,群馬県,0,,-
SINOBUZ,Cyber True Color,0,,-,979,A-,群馬県,1639,COG,群馬県,2365,G*,群馬県,0,,-
SINOBUZ,crew,0,,-,632,G*,群馬県,1752,J,群馬県,2947,G*,群馬県,0,,-
SINOBUZ,Caterpillar,0,,-,1213,HELL,群馬県,2207,XAN.H,群馬県,3066,G*,群馬県,0,,-
SINOBUZ,BroGamer,0,,-,1343,FRA153,群馬県,2145,FBI,群馬県,3102,G*,群馬県,4670,G*,群馬県
SINOBUZ,Breakin' Chain,0,,-,702,15CHAN,群馬県,1314,IIDX32,群馬県,2332,G*,群馬県,0,,-
SINOBUZ,BREAK OVER,0,,-,904,COG,群馬県,1532,COG,群馬県,2396,G*,群馬県,0,,-
SINOBUZ,Beyond The Seven,0,,-,719,A-,群馬県,1315,RAIMA,群馬県,2729,G*,群馬県,0,,-
SINOBUZ,Believe in you,0,,-,1183,A-,群馬県,1878,GRAN,群馬県,2443,G*,群馬県,0,,-
SINOBUZ,Beat Juggling Mix,0,,-,1033,PA-SHI,群馬県,1574,COG,群馬県,2221,G*,群馬県,0,,-
SINOBUZ,Be A Star,0,,-,950,A-,群馬県,1827,SILXEA,群馬県,2821,G*,群馬県,0,,-
SINOBUZ,BabeL ～Grand Story～,0,,-,1269,B-1824,群馬県,2033,PA-SHI,群馬県,2778,TIN3TO,群馬県,0,,-
SINOBUZ,AsiaN distractive,0,,-,1191,CAT,群馬県,1692,NO.IZE,群馬県,2611,G*,群馬県,0,,-
SINOBUZ,Around The Galaxy,0,,-,1031,HIRORO,群馬県,2108,COG,群馬県,3407,G*,群馬県,0,,-
SINOBUZ,Apocalypse,0,,-,1119,*NOSU7,群馬県,2154,SILXEA,群馬県,3601,G*,群馬県,0,,-
SINOBUZ,AO-∞,0,,-,1155,COG,群馬県,1768,TERIYA,群馬県,2646,NEKOZE,群馬県,0,,-
SINOBUZ,Amazing Mirage,374,.HIFU3,群馬県,902,FRA153,群馬県,1730,SILXEA,群馬県,2658,G*,群馬県,3317,G*,群馬県
SINOBUZ,(This Is Not) The Angels,0,,-,605,COG,群馬県,1441,SYNCH,群馬県,2713,G*,群馬県,0,,-
SINOBUZ,#MAGiCVLGiRL_TRVP_B3VTZ,0,,-,1141,5QOO,群馬県,1970,BEERKZ,群馬県,3440,G*,群馬県,0,,-
SINOBUZ,!Viva!,0,,-,957,15M!L9,群馬県,1588,PA-SHI,群馬県,2006,G*,群馬県,0,,-
CANNON BALLERS,草原の王女-軌跡を辿って-,0,,-,693,TUONE*,群馬県,1202,KOKOMI,群馬県,2318,G*,群馬県,0,,-
CANNON BALLERS,純真可憐デザイア,253,BGI#19,群馬県,821,15M!L9,群馬県,1607,GRAN,群馬県,2343,G*,群馬県,0,,-
CANNON BALLERS,神謳 -RESONANCE-,0,,-,1377,GAIA.T,群馬県,2489,XEPHY,群馬県,4055,G*,群馬県,0,,-
CANNON BALLERS,東京神話,469,B-1824,群馬県,1025,MEGANE,群馬県,1719,ARUS,群馬県,2893,G*,群馬県,0,,-
CANNON BALLERS,命の標本,0,,-,736,B-1824,群馬県,1681,......,群馬県,2692,G*,群馬県,0,,-
CANNON BALLERS,共犯へヴンズコード,0,,-,489,CAT,群馬県,1295,NO.IZE,群馬県,2277,G*,群馬県,0,,-
CANNON BALLERS,ラストセンチュリーメランコリック,0,,-,835,A-,群馬県,1602,COG,群馬県,2205,G*,群馬県,0,,-
CANNON BALLERS,パラドキシカル・タイムリープトライアル(Short Ver.),0,,-,1045,B-1824,群馬県,1870,NO.123,群馬県,2761,TIN3TO,群馬県,0,,-
CANNON BALLERS,バスルーム ロマンス,0,,-,961,A-,群馬県,1416,TUONE*,群馬県,2442,G*,群馬県,0,,-
CANNON BALLERS,バ→ビ→ブ→Bomb!,0,,-,826,B-1824,群馬県,1769,5QOO,群馬県,2570,G*,群馬県,0,,-
CANNON BALLERS,ハイ*ビスカス ft. Kanae Asaba,0,,-,860,POGGY,群馬県,1539,CC39RA,群馬県,2444,G*,群馬県,0,,-
CANNON BALLERS,ナイトシティー・アヴァンチュール,0,,-,1013,MA0,群馬県,1545,G*,群馬県,2094,G*,群馬県,0,,-
CANNON BALLERS,シムルグの目醒め,0,,-,1416,B-1824,群馬県,2281,TUONE*,群馬県,3574,G*,群馬県,0,,-
CANNON BALLERS,エディブルフラワーの独白,0,,-,798,NAMEKO,群馬県,1557,GRAN,群馬県,2211,G*,群馬県,0,,-
CANNON BALLERS,うさ☆かめ 大戦争！,0,,-,891,MA0,群馬県,1610,BEISIA,群馬県,2514,G*,群馬県,0,,-
CANNON BALLERS,Xperanza,542,APOLL0,群馬県,1372,FRA153,群馬県,2341,PO4,群馬県,3222,G*,群馬県,0,,-
CANNON BALLERS,VOX RUSH,0,,-,1239,FLG.,群馬県,2118,SIREN3,群馬県,3361,G*,群馬県,0,,-
CANNON BALLERS,Usual Days-remix,0,,-,1073,7&MM!3,群馬県,1485,RINNE*,群馬県,2699,G*,群馬県,0,,-
CANNON BALLERS,UMMU,440,B-1824,群馬県,1187,OGAMI,群馬県,2119,GANJYA,群馬県,3123,G*,群馬県,0,,-
CANNON BALLERS,The Revolution (VIP Mix),0,,-,798,B-1824,群馬県,1461,148,群馬県,1873,G*,群馬県,0,,-
CANNON BALLERS,The Chase,0,,-,707,B-1824,群馬県,1334,COG,群馬県,2180,XJAPAN,群馬県,0,,-
CANNON BALLERS,THE CANNONBALLER,483,B-1824,群馬県,1494,B-1824,群馬県,2320,GRAN,群馬県,3467,G*,群馬県,0,,-
CANNON BALLERS,Temple of Anubis,0,,-,1011,A-,群馬県,1515,GUNMA,群馬県,2669,G*,群馬県,0,,-
CANNON BALLERS,SUNLiGHT (IIDX Mix),0,,-,1234,W,群馬県,1771,B-MAN*,群馬県,2688,G*,群馬県,0,,-
CANNON BALLERS,Static State,0,,-,1053,B-1824,群馬県,1726,B-1824,群馬県,2400,G*,群馬県,0,,-
CANNON BALLERS,STARLIGHT JUNCTION,0,,-,897,B-1824,群馬県,1602,SYNCH,群馬県,2294,G*,群馬県,2877,3104,群馬県
CANNON BALLERS,SPEED DEMON,0,,-,725,STELLA,群馬県,1451,COG,群馬県,2372,G*,群馬県,0,,-
CANNON BALLERS,SPEED,0,,-,797,NECO,群馬県,1500,7&MM!3,群馬県,2579,BEERKZ,群馬県,0,,-
CANNON BALLERS,"Son, not gabba now",0,,-,850,STELLA,群馬県,1527,AG,群馬県,2338,SYNCH,群馬県,0,,-
CANNON BALLERS,Slipstream,0,,-,1071,B-1824,群馬県,2017,HAKA!,群馬県,3600,G*,群馬県,0,,-
CANNON BALLERS,Sleepless days,0,,-,508,B-1824,群馬県,912,.HIFU3,群馬県,1576,G*,群馬県,0,,-
CANNON BALLERS,SHOX,0,,-,766,STELLA,群馬県,1134,B-1824,群馬県,1689,ZI,群馬県,0,,-
CANNON BALLERS,Rise Circuit,0,,-,913,MACRO3,群馬県,1544,HAKA!,群馬県,2277,GEKCO,群馬県,0,,-
CANNON BALLERS,REVOLVER,0,,-,915,COG,群馬県,1629,GUNMA,群馬県,2764,G*,群馬県,3365,G*,群馬県
CANNON BALLERS,Raspberry Railgun,0,,-,1392,5QOO,群馬県,2224,XJAPAN,群馬県,3181,G*,群馬県,0,,-
CANNON BALLERS,Rampage,0,,-,1292,FLG.,群馬県,2479,GRAN,群馬県,3638,G*,群馬県,0,,-
CANNON BALLERS,Persephone,0,,-,1336,B-1824,群馬県,1920,B-1824,群馬県,3004,G*,群馬県,0,,-
CANNON BALLERS,Papilio ulysses,0,,-,1204,B-1824,群馬県,2103,TIN3TO,群馬県,2956,G*,群馬県,0,,-
CANNON BALLERS,Only for now,0,,-,904,COG,群馬県,1566,GUNMA,群馬県,2271,G*,群馬県,0,,-
CANNON BALLERS,O/D*20,0,,-,1136,7&MM!3,群馬県,1691,GUNMA,群馬県,2135,G*,群馬県,3899,G*,群馬県
CANNON BALLERS,Nothing but Theory,0,,-,1087,ONENNE,群馬県,1569,BEISIA,群馬県,2863,G*,群馬県,3699,RCHE,群馬県
CANNON BALLERS,No Limit 2 dAnce feat. 大山愛未,0,,-,927,STELLA,群馬県,1549,COG,群馬県,2326,3TOTIN,群馬県,0,,-
CANNON BALLERS,NITROUS CANNON,0,,-,1338,5QOO,群馬県,2013,ZUZULI,群馬県,3681,G*,群馬県,0,,-
CANNON BALLERS,n'pa pa BBQ,0,,-,923,FRA153,群馬県,1725,GUNMA,群馬県,2790,G*,群馬県,0,,-
CANNON BALLERS,Mira,0,,-,838,HIRORO,群馬県,1780,TERIYA,群馬県,3024,BEERKZ,群馬県,0,,-
CANNON BALLERS,Midnight Lady,0,,-,640,B-1824,群馬県,1135,A-,群馬県,1949,G*,群馬県,0,,-
CANNON BALLERS,MAXIVCORD,0,,-,812,B-1824,群馬県,1414,NO.123,群馬県,2446,TIN3TO,群馬県,0,,-
CANNON BALLERS,LUV DRIVE,0,,-,824,B-1824,群馬県,1325,NEKOZE,群馬県,2142,G*,群馬県,0,,-
CANNON BALLERS,LIGHTS ft. EVO+,0,,-,749,COG,群馬県,1430,B-1824,群馬県,2372,BEERKZ,群馬県,0,,-
CANNON BALLERS,"Life Is A Game ft.DD""ナカタ""Metal",0,,-,1236,NO.IZE,群馬県,1891,GRAN,群馬県,3487,G*,群馬県,0,,-
CANNON BALLERS,Let's Bounce !!,0,,-,708,148,群馬県,1235,7&MM!3,群馬県,2211,A!,群馬県,0,,-
CANNON BALLERS,Initiation,657,B-1824,群馬県,1493,COG,群馬県,2421,COG,群馬県,3988,G*,群馬県,0,,-
CANNON BALLERS,Illusionary Waterlily,0,,-,1310,B-1824,群馬県,2275,G*,群馬県,3557,G*,群馬県,0,,-
CANNON BALLERS,I'm Coming (2017 Version),0,,-,618,7&MM!3,群馬県,1260,148,群馬県,2086,SYNCH,群馬県,0,,-
CANNON BALLERS,I Love You,0,,-,1051,15M!L9,群馬県,1871,TUONE*,群馬県,2751,G*,群馬県,0,,-
CANNON BALLERS,HYPE THE CORE,0,,-,1071,NO.IZE,群馬県,1981,BEISIA,群馬県,3044,G*,群馬県,0,,-
CANNON BALLERS,Hella Deep,0,,-,638,ZI,群馬県,1018,7&MM!3,群馬県,1884,G*,群馬県,0,,-
CANNON BALLERS,HAT TRICK,0,,-,846,B-1824,群馬県,1413,DDDDDD,群馬県,2224,G*,群馬県,0,,-
CANNON BALLERS,Get Up! feat. Kanae Asaba,0,,-,584,15M!L9,群馬県,1255,FBI,群馬県,1915,G*,群馬県,0,,-
CANNON BALLERS,FUTURE is Dead,0,,-,907,15M!L9,群馬県,1451,WADATI,群馬県,2239,BEERKZ,群馬県,0,,-
CANNON BALLERS,From Time To Time,0,,-,804,FBI,群馬県,1881,ONENNE,群馬県,2558,G*,群馬県,0,,-
CANNON BALLERS,FREEDOM,0,,-,1004,B-1824,群馬県,1731,BEISIA,群馬県,2942,G*,群馬県,0,,-
CANNON BALLERS,FIRE BALL,0,,-,819,HIRORO,群馬県,1602,7&MM!3,群馬県,2410,SYNCH,群馬県,0,,-
CANNON BALLERS,Fervidex,0,,-,851,B-1824,群馬県,1807,A-,群馬県,2719,G*,群馬県,0,,-
CANNON BALLERS,Expanded !!,0,,-,667,FLG.,群馬県,1497,DONB4Y,群馬県,2644,G*,群馬県,0,,-
CANNON BALLERS,Exhaust Hype,0,,-,1021,15M!L9,群馬県,1895,B-1824,群馬県,2839,G*,群馬県,0,,-
CANNON BALLERS,encounter,0,,-,966,B-1824,群馬県,1789,G*,群馬県,3295,G*,群馬県,0,,-
CANNON BALLERS,EMERALDAS,521,B-1824,群馬県,1342,PA-SHI,群馬県,2444,G*,群馬県,3554,G*,群馬県,0,,-
CANNON BALLERS,Eine Haube ～聖地の果てにあるもの～,0,,-,961,B-1824,群馬県,1406,B-1824,群馬県,2582,G*,群馬県,0,,-
CANNON BALLERS,DropZ-Line-,0,,-,1320,COG,群馬県,2072,BEISIA,群馬県,3233,G*,群馬県,0,,-
CANNON BALLERS,DEATH†ZIGOQ ～怒りの高速爆走野郎～,0,,-,1385,B-1824,群馬県,2479,XJAPAN,群馬県,4081,G*,群馬県,4767,G*,群馬県
CANNON BALLERS,DEADHEAT,0,,-,1161,MACRO3,群馬県,2031,SILXEA,群馬県,3381,G*,群馬県,0,,-
CANNON BALLERS,COSMIC☆WONDER☆REVOLUTION,0,,-,755,A-,群馬県,1385,IIDX32,群馬県,2093,G*,群馬県,0,,-
CANNON BALLERS,City Never Sleeps (IIDX Edition),0,,-,1304,5QOO,群馬県,1866,PA-SHI,群馬県,2666,G*,群馬県,0,,-
CANNON BALLERS,Chemical Cookie,0,,-,822,A-,群馬県,1443,SILXEA,群馬県,2151,G*,群馬県,0,,-
CANNON BALLERS,ChaserXX,0,,-,1044,5QOO,群馬県,1830,PA-SHI,群馬県,2817,G*,群馬県,3763,G*,群馬県
CANNON BALLERS,Break Stasis,0,,-,1291,CAT,群馬県,1893,5QOO,群馬県,2540,G*,群馬県,0,,-
CANNON BALLERS,Boomy and The Boost,421,B-1824,群馬県,1043,5QOO,群馬県,2031,SILXEA,群馬県,3611,G*,群馬県,0,,-
CANNON BALLERS,Best of Me,0,,-,789,7&MM!3,群馬県,1595,B-MAN*,群馬県,2237,G*,群馬県,0,,-
CANNON BALLERS,Beast mode,0,,-,1037,15M!L9,群馬県,1525,7&MM!3,群馬県,2774,G*,群馬県,0,,-
CANNON BALLERS,Be a Hero!,0,,-,782,B-1824,群馬県,1918,COG,群馬県,3150,G*,群馬県,0,,-
CANNON BALLERS,Battleground,0,,-,1142,MACRO3,群馬県,1887,SILXEA,群馬県,2709,G*,群馬県,0,,-
CANNON BALLERS,Back Spin Sweeper,0,,-,849,B-1824,群馬県,1378,-,群馬県,2300,G*,群馬県,0,,-
CANNON BALLERS,Around the Future,0,,-,1091,B-1824,群馬県,1677,IMOTA*,群馬県,2638,G*,群馬県,0,,-
CANNON BALLERS,Arca,0,,-,912,B-1824,群馬県,1907,G*,群馬県,3131,G*,群馬県,0,,-
CANNON BALLERS,Antigravity,0,,-,1033,15CHAN,群馬県,1935,5QOO,群馬県,3102,G*,群馬県,0,,-
CANNON BALLERS,ANCHOR,0,,-,1328,FRA153,群馬県,2446,HELL,群馬県,3615,G*,群馬県,0,,-
CANNON BALLERS,ANAGMA,0,,-,1011,SEDNA*,群馬県,1815,COG,群馬県,2653,G*,群馬県,0,,-
CANNON BALLERS,Amor De Verao,0,,-,790,B-1824,群馬県,1386,15M!L9,群馬県,2352,G*,群馬県,0,,-
CANNON BALLERS,Alpheratz,0,,-,436,$EVAN$,群馬県,1025,TUONE*,群馬県,2098,G*,群馬県,0,,-
CANNON BALLERS,Acidiva 303,0,,-,739,PENGIN,群馬県,1377,B-1824,群馬県,2269,SYNCH,群馬県,0,,-
CANNON BALLERS,ACCELERATE,0,,-,1166,OGAMI,群馬県,1761,BEISIA,群馬県,2510,G*,群馬県,0,,-
CANNON BALLERS,Abraxas,0,,-,791,FRA153,群馬県,1578,LUNK,群馬県,2458,G*,群馬県,0,,-
CANNON BALLERS,AA -rebuild-,0,,-,1221,5QOO,群馬県,2413,POYO4,群馬県,3619,G*,群馬県,0,,-
CANNON BALLERS,255,0,,-,904,15M!L9,群馬県,1605,SYNCH,群馬県,3323,G*,群馬県,0,,-
CANNON BALLERS,2 Player,0,,-,912,AMAYOA,群馬県,1569,MACRO3,群馬県,2549,O.,群馬県,0,,-
CANNON BALLERS,1001 -ESCAPE-,0,,-,1028,B-1824,群馬県,1682,TUONE*,群馬県,2644,G*,群馬県,0,,-
Rootage,龍王の霊廟(Mausoleum Of The Primal Dragon),0,,-,1118,FRA153,群馬県,2344,XJAPAN,群馬県,3213,G*,群馬県,4011,G*,群馬県
Rootage,金野火織の金色提言,0,,-,1246,NO.IZE,群馬県,2229,3TOTIN,群馬県,3162,G*,群馬県,0,,-
Rootage,花冠 feat.Aikapin,0,,-,963,HAKA!,群馬県,1628,PA-SHI,群馬県,2605,G*,群馬県,0,,-
Rootage,爆ゼニ☆がってんワーカー,0,,-,1242,TUONE*,群馬県,1905,TUONE*,群馬県,2734,G*,群馬県,0,,-
Rootage,深愛のリグレット,0,,-,791,HAKA!,群馬県,1196,G*,群馬県,2384,NEKOZE,群馬県,0,,-
Rootage,泰東ノ翠霞,0,,-,484,B-1824,群馬県,748,465,群馬県,1792,G*,群馬県,0,,-
Rootage,最小三倍完全数,0,,-,912,COG,群馬県,1776,COG,群馬県,2540,G*,群馬県,0,,-
Rootage,抱きしめてモナムール,0,,-,1288,A-,群馬県,2254,5QOO,群馬県,4176,G*,群馬県,0,,-
Rootage,夏の匂い。キミの残像。 ft. Kanae Asaba,0,,-,682,NOLIFE,群馬県,1549,TIN3TO,群馬県,2555,G*,群馬県,0,,-
Rootage,ミッドナイト☆WAR,0,,-,821,COG,群馬県,1565,COG,群馬県,2495,TIN3TO,群馬県,0,,-
Rootage,ミストレス・アンに花束を,0,,-,581,B-1824,群馬県,1002,B-1824,群馬県,1430,G*,群馬県,0,,-
Rootage,ハードベース・フェスタ,0,,-,1134,15M!L9,群馬県,1810,SILXEA,群馬県,2855,G*,群馬県,0,,-
Rootage,セカンドピアス,0,,-,593,TUONE*,群馬県,1094,GUNMA,群馬県,2024,G*,群馬県,0,,-
Rootage,サクラあっぱれーしょん,268,$EVAN$,群馬県,629,$EVAN$,群馬県,1534,3TOTIN,群馬県,2323,G*,群馬県,0,,-
Rootage,グラナダの風,0,,-,804,B-1824,群馬県,1227,BEERKZ,群馬県,1842,XJAPAN,群馬県,0,,-
Rootage,お菓子の王国,0,,-,1432,G*,群馬県,2233,TERIYA,群馬県,4107,G*,群馬県,0,,-
Rootage,おーまい！らぶりー！すうぃーてぃ！だーりん！,0,,-,1100,COG,群馬県,1947,ZI,群馬県,2943,G*,群馬県,0,,-
Rootage,ZENDEGI DANCE,0,,-,1193,TUONE*,群馬県,1831,COG,群馬県,2766,G*,群馬県,0,,-
Rootage,Yum Yum Jelly,0,,-,779,15M!L9,群馬県,1552,SYNCH,群馬県,2394,G*,群馬県,0,,-
Rootage,Xlo,0,,-,1507,B-1824,群馬県,2433,BEISIA,群馬県,3797,G*,群馬県,0,,-
Rootage,XENON II ～TOMOYUKIの野望～,0,,-,1150,PA-SHI,群馬県,1732,5QOO,群馬県,3018,G*,群馬県,0,,-
Rootage,X-DEN,0,,-,1673,B-1824,群馬県,2665,TIN3TO,群馬県,4148,G*,群馬県,0,,-
Rootage,Wonderland,0,,-,1013,MACRO3,群馬県,1851,CH-RAN,群馬県,2753,G*,群馬県,0,,-
Rootage,Won(*3*)Chu KissMe!,272,RINNE*,群馬県,918,B-1824,群馬県,1386,XAN.H,群馬県,2515,G*,群馬県,0,,-
Rootage,Wolf 1061,0,,-,1013,B-1824,群馬県,1711,BEISIA,群馬県,3141,G*,群馬県,0,,-
Rootage,Wing of Hearts,0,,-,1109,A-,群馬県,1797,GRAN,群馬県,2939,G*,群馬県,0,,-
Rootage,voltississimo,0,,-,1207,B-1824,群馬県,2117,GUNMA,群馬県,3646,G*,群馬県,0,,-
Rootage,Visterhv,0,,-,1269,B-1824,群馬県,2274,HELL,群馬県,3726,G*,群馬県,0,,-
Rootage,Urban Constellations,0,,-,717,B-1824,群馬県,1459,BEISIA,群馬県,2271,3TOTIN,群馬県,0,,-
Rootage,UNDERWORLD HOLOGRAPHY,0,,-,1120,15M!L9,群馬県,2067,GRAN,群馬県,3281,G*,群馬県,0,,-
Rootage,Unbelief,0,,-,1120,.HIFU3,群馬県,2020,MACRO3,群馬県,3238,G*,群馬県,0,,-
Rootage,U.S.A.,572,B-1824,群馬県,1114,FLG.,群馬県,1887,XAN.H,群馬県,2912,G*,群馬県,0,,-
Rootage,Twilight Warp,0,,-,935,B-1824,群馬県,1417,OGAMI,群馬県,2162,G*,群馬県,0,,-
Rootage,Trill auf G,0,,-,1141,TUONE*,群馬県,2097,HAKA!,群馬県,3265,G*,群馬県,0,,-
Rootage,ToyCube Pf.(RX-Ver.S.P.L.),0,,-,742,B-1824,群馬県,1525,B-1824,群馬県,2288,G*,群馬県,0,,-
Rootage,toy boxer,0,,-,770,B-1824,群馬県,1427,GRAN,群馬県,2239,G*,群馬県,0,,-
Rootage,The Sealer ～ア・ミリアとミリアの民～,0,,-,830,FLG.,群馬県,1401,TANU3,群馬県,2224,G*,群馬県,0,,-
Rootage,The Rebellion of Sequencer,0,,-,1247,B-1824,群馬県,1958,TERIYA,群馬県,3182,G*,群馬県,0,,-
Rootage,THE DAY OF JUBILATIONS,0,,-,1539,B-1824,群馬県,2371,GRAN,群馬県,3461,G*,群馬県,0,,-
Rootage,The Best of Both Worlds,0,,-,580,7&MM!3,群馬県,1409,HAKA!,群馬県,2238,G*,群馬県,0,,-
Rootage,Technicolour Dreams,0,,-,894,MACRO3,群馬県,1415,GUNMA,群馬県,2395,G*,群馬県,0,,-
Rootage,Starry Night,0,,-,909,$EVAN$,群馬県,1588,GALAXY,群馬県,2507,BEERKZ,群馬県,0,,-
Rootage,SPEED ROCKER,0,,-,915,B-1824,群馬県,1673,MACRO3,群馬県,2332,G*,群馬県,0,,-
Rootage,Six String Proof,0,,-,887,COG,群馬県,1600,7&MM!3,群馬県,2541,G*,群馬県,0,,-
Rootage,SIGMA,0,,-,786,MU$ECA,群馬県,1488,7&MM!3,群馬県,2605,3TOTIN,群馬県,0,,-
Rootage,Sidechained Threats,0,,-,1221,COG,群馬県,1903,7&MM!3,群馬県,2412,G*,群馬県,0,,-
Rootage,Serious?,0,,-,589,TUONE*,群馬県,1193,HAKA!,群馬県,2254,G*,群馬県,0,,-
Rootage,R∞tAge,545,B-1824,群馬県,1118,B-1824,群馬県,1651,B-1824,群馬県,2979,G*,群馬県,0,,-
Rootage,ruin of opals,0,,-,990,CAT,群馬県,1896,B,群馬県,3138,G*,群馬県,0,,-
Rootage,ROZA DE ANDALUCIA,0,,-,1297,COG,群馬県,2045,BEISIA,群馬県,3002,BEERKZ,群馬県,0,,-
Rootage,"ROCK女 feat. 大山愛未, Ken",0,,-,1052,B-1824,群馬県,1794,PA-SHI,群馬県,2812,G*,群馬県,0,,-
Rootage,REPLAY,0,,-,941,B-1824,群馬県,1615,GUNMA,群馬県,2275,G*,群馬県,0,,-
Rootage,Red. by Jack Trance,0,,-,1478,PA-SHI,群馬県,2157,XJAPAN,群馬県,3553,G*,群馬県,0,,-
Rootage,Re:Story,0,,-,428,OH,群馬県,1084,TANU3,群馬県,1924,SYNCH,群馬県,0,,-
Rootage,Psycho Sheep Riddim,0,,-,641,TUONE*,群馬県,999,PA-SHI,群馬県,1673,G*,群馬県,2273,G*,群馬県
Rootage,Please Welcome Mr.C,0,,-,1099,COG,群馬県,1722,COG,群馬県,3023,G*,群馬県,0,,-
Rootage,Playing With Fire,0,,-,988,FRA153,群馬県,1635,5QOO,群馬県,2381,G*,群馬県,0,,-
Rootage,Particle Arts,0,,-,877,B-1824,群馬県,1611,MACRO3,群馬県,2502,G*,群馬県,0,,-
Rootage,Painful Fate,0,,-,1251,465,群馬県,2220,MACRO3,群馬県,3362,G*,群馬県,0,,-
Rootage,OVER TIME,0,,-,578,B-1824,群馬県,976,B-1824,群馬県,1555,G*,群馬県,0,,-
Rootage,ONIGOROSHI,0,,-,1167,COG,群馬県,2054,PA-SHI,群馬県,3026,G*,群馬県,0,,-
Rootage,Night! Night! Night!,0,,-,1195,465,群馬県,1830,SILXEA,群馬県,3060,G*,群馬県,0,,-
Rootage,"Next Tales 2 Oath (IIDX 20th Anniv ""Ring"" Theme)",0,,-,892,15M!L9,群馬県,1588,GRAN,群馬県,2758,G*,群馬県,0,,-
Rootage,Necroxis Girl,0,,-,1166,B-1824,群馬県,1923,7&MM!3,群馬県,2841,G*,群馬県,0,,-
Rootage,Macho Monky,0,,-,1426,MACRO3,群馬県,2045,BEISIA,群馬県,3067,G*,群馬県,0,,-
Rootage,LOST TECHNOLOGIE,0,,-,1115,HAKA!,群馬県,1886,BEISIA,群馬県,3529,G*,群馬県,0,,-
Rootage,Lift Us High,0,,-,949,FLG.,群馬県,1565,AG,群馬県,2447,XJAPAN,群馬県,0,,-
Rootage,Level One,0,,-,1251,B-1824,群馬県,2277,IKASU3,群馬県,3591,G*,群馬県,0,,-
Rootage,Lethal Weapon,0,,-,1185,COG,群馬県,1872,TAKA-P,群馬県,3241,G*,群馬県,0,,-
Rootage,Let me be your cure,0,,-,1118,SEDNA*,群馬県,1419,SYNCH,群馬県,2685,G*,群馬県,0,,-
Rootage,LADYBIRD,0,,-,1070,5QOO,群馬県,1628,7&MM!3,群馬県,2485,G*,群馬県,0,,-
Rootage,L.F.O,0,,-,852,B-1824,群馬県,1762,BEERKZ,群馬県,3355,G*,群馬県,0,,-
Rootage,KILL EACH OTHER,0,,-,1364,7&MM!3,群馬県,2367,5QOO,群馬県,3852,G*,群馬県,0,,-
Rootage,IDOL syndrome.,0,,-,759,B-1824,群馬県,1448,TAQAN,群馬県,2207,G*,群馬県,2992,G*,群馬県
Rootage,IDC feat.REVERBEE (Mo'Cuts Ver),0,,-,1088,NEKOZE,群馬県,1551,COG,群馬県,2204,G*,群馬県,0,,-
Rootage,Hurry Hurry,0,,-,751,HAKA!,群馬県,1020,BEISIA,群馬県,2090,G*,群馬県,0,,-
Rootage,HOT LIMIT,403,.HIFU3,群馬県,1048,15M!L9,群馬県,1714,B-SNOW,群馬県,2534,G*,群馬県,0,,-
Rootage,HEISEI,376,RINNE*,群馬県,1099,NAMEKO,群馬県,1882,FAL-F,群馬県,2573,G*,群馬県,0,,-
Rootage,HARD BRAIN,0,,-,1341,MACRO3,群馬県,1995,RINNE*,群馬県,3793,G*,群馬県,0,,-
Rootage,GO OVER WITH GLARE -ROOTAGE 26-,0,,-,1073,B-1824,群馬県,2232,RINNE*,群馬県,3910,G*,群馬県,0,,-
Rootage,Glory,0,,-,759,HAKA!,群馬県,1649,SYNCH,群馬県,2322,G*,群馬県,0,,-
Rootage,GIGA THRASH,0,,-,1234,FLG.,群馬県,1826,5QOO,群馬県,2742,G*,群馬県,0,,-
Rootage,GENE,0,,-,1311,COG,群馬県,1961,TAKA-P,群馬県,4344,G*,群馬県,0,,-
Rootage,Geirskogul,0,,-,1064,COG,群馬県,1574,BEISIA,群馬県,2247,G*,群馬県,0,,-
Rootage,Garuda,0,,-,1029,HAMA3,群馬県,1606,MACRO3,群馬県,2610,G*,群馬県,0,,-
Rootage,EVANESCENT,0,,-,1212,MACRO3,群馬県,2291,KOUME,群馬県,3613,G*,群馬県,0,,-
Rootage,Ember Lights,0,,-,968,B-1824,群馬県,1653,COG,群馬県,2732,G*,群馬県,0,,-
Rootage,DRUNK MONKY,0,,-,993,5QOO,群馬県,1569,GDFUWA,群馬県,2320,G*,群馬県,0,,-
Rootage,Drastic Dramatic,0,,-,1541,HAKA!,群馬県,2440,TIN3TO,群馬県,3516,G*,群馬県,0,,-
Rootage,Dr. Chemical & Killing Machine,0,,-,1099,HAKA!,群馬県,1905,G*,群馬県,3393,G*,群馬県,0,,-
Rootage,Digital Skipper,0,,-,948,OKS,群馬県,1555,GUNMA,群馬県,2218,NEKOZE,群馬県,0,,-
Rootage,dAuntl3ss,0,,-,1070,B-1824,群馬県,1966,HAKA!,群馬県,3510,G*,群馬県,0,,-
Rootage,Cranberry City ft. Luschel,0,,-,825,MACRO3,群馬県,1575,GUNMA,群馬県,2433,G*,群馬県,0,,-
Rootage,COSMIC CYBER,0,,-,1029,DA1ZU*,群馬県,1670,#MAIS#,群馬県,2931,G*,群馬県,0,,-
Rootage,CoMAAAAAAA,0,,-,1238,OGAMI,群馬県,2059,TUONE*,群馬県,2406,G*,群馬県,0,,-
Rootage,CODE:0,0,,-,1414,15M!L9,群馬県,2069,FFXIV,群馬県,2858,G*,群馬県,3501,G*,群馬県
Rootage,Catch Our Fire!,0,,-,1361,B-1824,群馬県,2258,NEKOZE,群馬県,3708,G*,群馬県,0,,-
Rootage,Carry Me Away,532,TAQAN,群馬県,1119,.HIFU3,群馬県,1818,.HIFU3,群馬県,3212,G*,群馬県,0,,-
Rootage,Carmina,528,B-1824,群馬県,1326,COG,群馬県,2396,KA92##,群馬県,3853,G*,群馬県,0,,-
Rootage,BLOSSOM,0,,-,1082,15M!L9,群馬県,1632,GUNMA,群馬県,2567,G*,群馬県,0,,-
Rootage,BLACK JACKAL,0,,-,844,TUONE*,群馬県,1579,HAKA!,群馬県,2352,G*,群馬県,0,,-
Rootage,Angels & Demons,0,,-,907,DNA200,群馬県,1766,XAN.H,群馬県,2436,G*,群馬県,0,,-
Rootage,AGAiN,0,,-,1006,HAKA!,群馬県,1603,XAN.H,群馬県,2304,BEERKZ,群馬県,0,,-
Rootage,Afterimage d'automne,0,,-,1009,COG,群馬県,1652,FFXIV,群馬県,2846,G*,群馬県,0,,-
Rootage,A Tale Hidden In The Abyss,0,,-,945,COG,群馬県,1673,7&MM!3,群馬県,2643,G*,群馬県,0,,-
Rootage,50th Memorial Songs -二人の時 ～under the cherry blossoms～-,561,TAQAN,群馬県,1236,COG,群馬県,1642,B-1824,群馬県,2616,G*,群馬県,0,,-
Rootage,50th Memorial Songs -The BEMANI History-,539,46GANE,群馬県,1083,B-1824,群馬県,1635,B-1824,群馬県,2602,BEERKZ,群馬県,0,,-
Rootage,50th Memorial Songs -Flagship medley-,372,RINNE*,群馬県,968,B-1824,群馬県,1516,COG,群馬県,2299,G*,群馬県,0,,-
Rootage,50th Memorial Songs -Beginning Story-,319,RINNE*,群馬県,830,B-1824,群馬県,1646,COG,群馬県,2729,G*,群馬県,0,,-
Rootage,& Intelligence,0,,-,1144,COG,群馬県,2112,COG,群馬県,3222,G*,群馬県,0,,-
HEROIC VERSE,魅惑のYUMMYスイーツ,0,,-,923,COG,群馬県,1780,B-MAN*,群馬県,3082,G*,群馬県,0,,-
HEROIC VERSE,開きたまえ！Next stAge！,0,,-,1147,B-1824,群馬県,1686,B-1824,群馬県,2905,G*,群馬県,0,,-
HEROIC VERSE,錬成人間トリコロイダー,0,,-,1051,RINNE*,群馬県,1811,B-MAN*,群馬県,3214,G*,群馬県,0,,-
HEROIC VERSE,華麗なる大犬円舞曲,0,,-,1377,TAKA-P,群馬県,2088,TAKA-P,群馬県,3541,G*,群馬県,0,,-
HEROIC VERSE,眠りの国のステラ,0,,-,1174,RINNE*,群馬県,1857,PA-SHI,群馬県,2752,G*,群馬県,0,,-
HEROIC VERSE,狂水一華,0,,-,962,COG,群馬県,1727,COG,群馬県,2722,G*,群馬県,0,,-
HEROIC VERSE,灼熱Beach Side Bunny (Masayoshi Iimori Remix),0,,-,669,TIN3TO,群馬県,1129,B-1824,群馬県,1823,XJAPAN,群馬県,0,,-
HEROIC VERSE,深淵に捧ぐレクイエム,0,,-,855,B-1824,群馬県,1627,SILXEA,群馬県,3011,G*,群馬県,0,,-
HEROIC VERSE,曼荼羅恋々,0,,-,1112,.HIFU3,群馬県,1757,XAN.H,群馬県,2757,G*,群馬県,0,,-
HEROIC VERSE,俺ら東京さ行ぐだ,255,RINNE*,群馬県,644,B-1824,群馬県,1311,TAKA-P,群馬県,1990,FBI,群馬県,3575,G*,群馬県
HEROIC VERSE,令和(1991RAVE REMIX),355,.HIFU3,群馬県,572,B-1824,群馬県,1383,TAKA-P,群馬県,2207,G*,群馬県,0,,-
HEROIC VERSE,ランカーキラーガール,0,,-,1159,B-1824,群馬県,1871,B-MAN*,群馬県,2922,G*,群馬県,0,,-
HEROIC VERSE,ラブキラ☆スプラッシュ,0,,-,1118,RINNE*,群馬県,1653,TAKA-P,群馬県,2531,G*,群馬県,0,,-
HEROIC VERSE,ピアノ協奏曲第1番”蠍火” (BlackY Remix),0,,-,1035,B-1824,群馬県,2112,B-MAN*,群馬県,3769,G*,群馬県,0,,-
HEROIC VERSE,バッドエンド・シンドローム,0,,-,1056,RINNE*,群馬県,1751,GRAN,群馬県,2972,BEERKZ,群馬県,0,,-
HEROIC VERSE,セピアの軌跡 ft. 天宮みや(少女フラクタル),379,RINNE*,群馬県,803,B-1824,群馬県,1458,RINNE*,群馬県,2407,G*,群馬県,0,,-
HEROIC VERSE,シャムシールの舞,0,,-,862,RINNE*,群馬県,1550,RINNE*,群馬県,2537,BEERKZ,群馬県,0,,-
HEROIC VERSE,ガヴリールドロップキック,411,FLG.,群馬県,781,B-1824,群馬県,1662,TAKA-P,群馬県,2675,G*,群馬県,0,,-
HEROIC VERSE,がっつり陰キャ!? 怪盗いいんちょの億劫^^;,0,,-,1562,COG,群馬県,2684,YTRN,群馬県,4298,G*,群馬県,0,,-
HEROIC VERSE,Ypsilon,0,,-,1119,TUONE*,群馬県,1816,G*,群馬県,2910,G*,群馬県,3568,G*,群馬県
HEROIC VERSE,Voo Doo Bamboleo,0,,-,911,B-MAN*,群馬県,1556,B-MAN*,群馬県,2504,G*,群馬県,0,,-
HEROIC VERSE,Volcanic Dragon,0,,-,1081,B-1824,群馬県,1796,XAN.H,群馬県,2971,G*,群馬県,0,,-
HEROIC VERSE,Virus Funk,0,,-,789,COG,群馬県,1526,B-MAN*,群馬県,2226,G*,群馬県,0,,-
HEROIC VERSE,Vinculum stellarum,0,,-,945,B-1824,群馬県,2338,RINNE*,群馬県,3670,G*,群馬県,0,,-
HEROIC VERSE,VIBRΛ,0,,-,935,B-1824,群馬県,1330,G*,群馬県,1878,G*,群馬県,0,,-
HEROIC VERSE,VALKYRIAS -英雄誕生-,467,.HIFU3,群馬県,1043,B-MAN*,群馬県,1751,TAKA-P,群馬県,2758,G*,群馬県,0,,-
HEROIC VERSE,UNITE THE HEART,0,,-,1490,B-1824,群馬県,2555,XAN.H,群馬県,3332,G*,群馬県,0,,-
HEROIC VERSE,TRIUMPH,0,,-,945,B-1824,群馬県,1985,GRAN,群馬県,3409,G*,群馬県,0,,-
HEROIC VERSE,Theory,0,,-,801,XJAPAN,群馬県,1416,COG,群馬県,2626,G*,群馬県,0,,-
HEROIC VERSE,The Sky of Sadness,0,,-,879,B-1824,群馬県,1503,.HIFU3,群馬県,2416,G*,群馬県,0,,-
HEROIC VERSE,THE F∀UST,0,,-,1350,B-MAN*,群馬県,2244,B-MAN*,群馬県,3637,G*,群馬県,0,,-
HEROIC VERSE,THE BRAVE MUST DIE,0,,-,1417,COG,群馬県,2491,G*,群馬県,4110,G*,群馬県,0,,-
HEROIC VERSE,TECHNO Style Essentials,0,,-,1018,COG,群馬県,1620,B-MAN*,群馬県,2873,G*,群馬県,0,,-
HEROIC VERSE,take me higher,0,,-,825,RINNE*,群馬県,1270,RINNE*,群馬県,2022,G*,群馬県,0,,-
HEROIC VERSE,T-REX vs Velociraptor (In the Far east euphoria),0,,-,1413,B-MAN*,群馬県,1835,ARUS,群馬県,3236,G*,群馬県,0,,-
HEROIC VERSE,Sugar Drippin',0,,-,772,B-1824,群馬県,1376,B-MAN*,群馬県,2108,G*,群馬県,0,,-
HEROIC VERSE,STOIC HYPOTHESIS,0,,-,1112,RINNE*,群馬県,1764,RINNE*,群馬県,2864,G*,群馬県,0,,-
HEROIC VERSE,Sparkle Smilin',0,,-,911,RINNE*,群馬県,1483,GRAN,群馬県,2474,G*,群馬県,0,,-
HEROIC VERSE,Smashing Wedge,0,,-,968,COG,群馬県,2167,RCHE,群馬県,3849,G*,群馬県,0,,-
HEROIC VERSE,Ska-sh All Neurons!!,0,,-,987,B-1824,群馬県,1458,B-MAN*,群馬県,2348,G*,群馬県,0,,-
HEROIC VERSE,Silly Love,256,333333,群馬県,800,B-1824,群馬県,1408,G*,群馬県,2098,G*,群馬県,0,,-
HEROIC VERSE,Shiva,0,,-,729,.HIFU3,群馬県,1464,.HIFU3,群馬県,2149,G*,群馬県,0,,-
HEROIC VERSE,Sellout,0,,-,548,COG,群馬県,1059,G*,群馬県,2113,G*,群馬県,0,,-
HEROIC VERSE,SCREW // owo // SCREW,0,,-,1124,B-MAN*,群馬県,2153,BEISIA,群馬県,3024,G*,群馬県,0,,-
HEROIC VERSE,S!ck (Nhato Remix),0,,-,989,.HIFU3,群馬県,1609,.HIFU3,群馬県,2547,G*,群馬県,0,,-
HEROIC VERSE,rough percussionythm,0,,-,1015,B-1824,群馬県,1647,COG,群馬県,2560,G*,群馬県,0,,-
HEROIC VERSE,Rave Patroller,0,,-,1372,B-MAN*,群馬県,2315,B-MAN*,群馬県,3396,G*,群馬県,0,,-
HEROIC VERSE,Rave lithosphere,0,,-,1095,B-MAN*,群馬県,1754,XAN.H,群馬県,2630,BEERKZ,群馬県,0,,-
HEROIC VERSE,Rainstorm,0,,-,992,B-1824,群馬県,1548,RINNE*,群馬県,2289,G*,群馬県,0,,-
HEROIC VERSE,Queen Kaguya,0,,-,978,B-1824,群馬県,1887,B-MAN*,群馬県,2594,G*,群馬県,0,,-
HEROIC VERSE,Punching Down (IIDX Mix),0,,-,674,B-1824,群馬県,1182,B-1824,群馬県,1874,G*,群馬県,0,,-
HEROIC VERSE,Primitive Vibes,587,RINNE*,群馬県,1155,B-1824,群馬県,1995,G*,群馬県,3107,G*,群馬県,0,,-
HEROIC VERSE,POP TEAM EPIC(kors k Remix),330,.HIFU3,群馬県,537,B-1824,群馬県,1299,TAKA-P,群馬県,2135,NEKOZE,群馬県,0,,-
HEROIC VERSE,PHASE SHIFT MANEUVER,0,,-,1257,.HIFU3,群馬県,1723,B-MAN*,群馬県,2874,G*,群馬県,0,,-
HEROIC VERSE,Override,0,,-,947,15M!L9,群馬県,1633,I$OTA9,群馬県,2924,G*,群馬県,4339,G*,群馬県
HEROIC VERSE,OUTER PLANETS,0,,-,677,COG,群馬県,1414,B-MAN*,群馬県,2177,G*,群馬県,0,,-
HEROIC VERSE,ORCA,0,,-,1322,RINNE*,群馬県,2384,TIN3TO,群馬県,3518,G*,群馬県,0,,-
HEROIC VERSE,Ohayo!,0,,-,970,B-1824,群馬県,1576,G*,群馬県,2434,G*,群馬県,0,,-
HEROIC VERSE,NRG STAR '86 feat. 大山愛未,0,,-,1030,B-1824,群馬県,1495,B-1824,群馬県,2656,G*,群馬県,0,,-
HEROIC VERSE,NEWALONE,0,,-,601,COG,群馬県,1298,COG,群馬県,2005,G*,群馬県,0,,-
HEROIC VERSE,Nasty Techniques,0,,-,989,B-1824,群馬県,1674,XAN.H,群馬県,2656,G*,群馬県,0,,-
HEROIC VERSE,Moving on,0,,-,1041,B-MAN*,群馬県,1939,3TOTIN,群馬県,2997,G*,群馬県,0,,-
HEROIC VERSE,Mel,0,,-,790,B-MAN*,群馬県,1522,B-1824,群馬県,2176,G*,群馬県,0,,-
HEROIC VERSE,Megalara Garuda,0,,-,1493,B-1824,群馬県,1935,-,群馬県,3058,G*,群馬県,0,,-
HEROIC VERSE,Matt Silver,0,,-,1168,RINNE*,群馬県,2144,FBI,群馬県,3367,G*,群馬県,0,,-
HEROIC VERSE,Lost Souls,0,,-,700,B-1824,群馬県,1696,BEERKZ,群馬県,2460,G*,群馬県,3966,G*,群馬県
HEROIC VERSE,Lords Of The Roundtable,0,,-,1054,FRA153,群馬県,1851,XJAPAN,群馬県,3061,G*,群馬県,0,,-
HEROIC VERSE,Like+it!,0,,-,1062,B-MAN*,群馬県,1738,B-MAN*,群馬県,2379,G*,群馬県,0,,-
HEROIC VERSE,LIGHTNING STRIKES,470,RINNE*,群馬県,935,B-1824,群馬県,1701,G*,群馬県,3267,G*,群馬県,4187,G*,群馬県
HEROIC VERSE,Level 2,0,,-,940,B-1824,群馬県,1683,COG,群馬県,2871,G*,群馬県,0,,-
HEROIC VERSE,LASER CRUSTER (IGNITE REMIX),0,,-,793,B-1824,群馬県,1783,XAN.H,群馬県,3592,G*,群馬県,0,,-
HEROIC VERSE,Jetcoaster Windy,0,,-,814,TAQAN,群馬県,1401,RINNE*,群馬県,2291,G*,群馬県,0,,-
HEROIC VERSE,Into The Madness,0,,-,995,RINNE*,群馬県,1606,B-MAN*,群馬県,2528,G*,群馬県,0,,-
HEROIC VERSE,Infinity Mirror,0,,-,864,B-1824,群馬県,1396,COG,群馬県,2297,G*,群馬県,0,,-
HEROIC VERSE,Inferno of Fomalhaut,0,,-,1033,RINNE*,群馬県,1851,BEERKZ,群馬県,3255,G*,群馬県,0,,-
HEROIC VERSE,If,0,,-,787,RINNE*,群馬県,1336,RCHE,群馬県,1913,G*,群馬県,0,,-
HEROIC VERSE,Hyper Drive feat. ぷにぷに電機,0,,-,668,B-1824,群馬県,1529,B-MAN*,群馬県,1992,G*,群馬県,0,,-
HEROIC VERSE,Horizons of Promise,0,,-,947,B-1824,群馬県,1516,B-MAN*,群馬県,2635,G*,群馬県,0,,-
HEROIC VERSE,Hold My Hand,0,,-,936,B-1824,群馬県,1682,XAN.H,群馬県,2464,GUNMA,群馬県,0,,-
HEROIC VERSE,GIGA VIOLATE,0,,-,1100,COG,群馬県,1640,ZI,群馬県,2754,G*,群馬県,0,,-
HEROIC VERSE,GHOST,0,,-,828,.HIFU3,群馬県,1496,PA-SHI,群馬県,2787,G*,群馬県,0,,-
HEROIC VERSE,Friction[!]Function,0,,-,1108,B-1824,群馬県,1804,G*,群馬県,3227,G*,群馬県,0,,-
HEROIC VERSE,Forgetting Machine,0,,-,724,.HIFU3,群馬県,1246,RINNE*,群馬県,1728,G*,群馬県,0,,-
HEROIC VERSE,Fly Above (Vicissitude Remix),0,,-,883,B-1824,群馬県,1539,B-MAN*,群馬県,2384,G*,群馬県,0,,-
HEROIC VERSE,fairy cocktail,0,,-,459,B-1824,群馬県,1106,B-MAN*,群馬県,1648,G*,群馬県,0,,-
HEROIC VERSE,EXCITE,331,B-1824,群馬県,828,B-MAN*,群馬県,1368,TAKA-P,群馬県,2214,BEERKZ,群馬県,0,,-
HEROIC VERSE,Everlasting Message,0,,-,1268,B-1824,群馬県,2299,SYNCH,群馬県,3818,G*,群馬県,0,,-
HEROIC VERSE,EROICA,0,,-,1394,COG,群馬県,2326,G*,群馬県,3908,G*,群馬県,0,,-
HEROIC VERSE,Duration,0,,-,544,B-1824,群馬県,1027,B-1824,群馬県,1951,G*,群馬県,0,,-
HEROIC VERSE,Drop It,0,,-,1403,B-MAN*,群馬県,2004,B-MAN*,群馬県,2803,G*,群馬県,0,,-
HEROIC VERSE,Double Dribble,0,,-,1266,COG,群馬県,1930,PA-SHI,群馬県,3327,G*,群馬県,0,,-
HEROIC VERSE,Do What You Want,0,,-,702,COG,群馬県,1280,NEKOZE,群馬県,2039,G*,群馬県,0,,-
HEROIC VERSE,Dans la nuit de l'eternite,0,,-,1388,B-1824,群馬県,2179,.HIFU3,群馬県,3483,G*,群馬県,0,,-
HEROIC VERSE,Crank It,0,,-,778,RINNE*,群馬県,1461,XAN.H,群馬県,2452,G*,群馬県,0,,-
HEROIC VERSE,Change Yourself,0,,-,974,B-1824,群馬県,1730,XAN.H,群馬県,2559,G*,群馬県,0,,-
HEROIC VERSE,Calvados Queen,0,,-,992,B-1824,群馬県,1530,XAN.H,群馬県,2467,G*,群馬県,0,,-
HEROIC VERSE,Bow shock!!,0,,-,812,B-1824,群馬県,1939,RINNE*,群馬県,3117,G*,群馬県,4286,G*,群馬県
HEROIC VERSE,Beautiful Harmony (IIDX Mix),0,,-,902,COG,群馬県,1706,B-1824,群馬県,2483,G*,群馬県,0,,-
HEROIC VERSE,beatAffection,0,,-,1037,B-MAN*,群馬県,1576,B-MAN*,群馬県,2672,G*,群馬県,0,,-
HEROIC VERSE,BEAT PRISONER,0,,-,1220,.HIFU3,群馬県,2071,B-MAN*,群馬県,3625,G*,群馬県,0,,-
HEROIC VERSE,Backyard Stars,0,,-,1059,B-1824,群馬県,1659,G*,群馬県,2279,G*,群馬県,0,,-
HEROIC VERSE,Artist,0,,-,1292,B-1824,群馬県,2369,B-MAN*,群馬県,3624,G*,群馬県,0,,-
HEROIC VERSE,And-RoiD,0,,-,735,.HIFU3,群馬県,1320,B-MAN*,群馬県,2016,G*,群馬県,0,,-
HEROIC VERSE,AKASHIC BREAK,0,,-,1255,B-1824,群馬県,2412,XAN.H,群馬県,3603,G*,群馬県,0,,-
HEROIC VERSE,Advent Infamous,0,,-,1009,B-1824,群馬県,1647,BGI#19,群馬県,2888,G*,群馬県,0,,-
HEROIC VERSE,27th style,0,,-,1180,G*,群馬県,1781,XJAPAN,群馬県,2567,G*,群馬県,0,,-
HAPPY SKY,Don't let it go,0,,-,710,TAQAN,群馬県,1278,BEERKZ,群馬県,1694,G*,群馬県,0,,-
GOLD,2hot2eat,0,,-,596,RINNE*,群馬県,1163,COG,群馬県,1677,G*,群馬県,0,,-
DJ TROOPERS,高高度降下低高度開傘,0,,-,911,RINNE*,群馬県,1542,NEKOZE,群馬県,1977,NEKOZE,群馬県,0,,-
EMPRESS,thunder HOUSE NATION Remix,0,,-,1075,BEERKZ,群馬県,1627,RINNE*,群馬県,2460,RCHE,群馬県,3904,G*,群馬県
EMPRESS,Marie Antoinette,0,,-,1075,FLG.,群馬県,1953,NEKOZE,群馬県,2594,BEERKZ,群馬県,3163,BEERKZ,群馬県
BISTROVER,魔法のかくれんぼ,0,,-,889,COG,群馬県,1655,COG,群馬県,2800,G*,群馬県,0,,-
BISTROVER,霧幻メモリア,0,,-,961,COG,群馬県,1422,COG,群馬県,2042,G*,群馬県,0,,-
BISTROVER,閠槞彁の願い,0,,-,1046,TAQAN,群馬県,2182,G*,群馬県,3171,G*,群馬県,0,,-
BISTROVER,紅蓮華,158,$EVAN$,群馬県,528,B-1824,群馬県,985,TAKA-P,群馬県,1486,G*,群馬県,0,,-
BISTROVER,犬に雨傘,0,,-,935,B-1824,群馬県,1462,COG,群馬県,2113,G*,群馬県,0,,-
BISTROVER,無意識のフィロソフィア,0,,-,1131,COG,群馬県,2221,BEISIA,群馬県,3349,G*,群馬県,0,,-
BISTROVER,涙のテ・エストラーニョ・ムーチョ,0,,-,1382,COG,群馬県,1992,RINNE*,群馬県,2835,G*,群馬県,0,,-
BISTROVER,水鏡の異界,0,,-,899,COG,群馬県,1725,KA92##,群馬県,3249,G*,群馬県,0,,-
BISTROVER,水無月の雫 ft. 小林まな,0,,-,1256,COG,群馬県,1790,BEISIA,群馬県,2619,G*,群馬県,0,,-
BISTROVER,新宝島,520,B-1824,群馬県,790,B-1824,群馬県,1393,ENDURE,群馬県,2362,G*,群馬県,3495,3TOTIN,群馬県
BISTROVER,儚き恋の華,0,,-,1069,COG,群馬県,1855,COG,群馬県,3016,G*,群馬県,0,,-
BISTROVER,伐折羅-vajra-,0,,-,1148,RINNE*,群馬県,2092,IMOTA*,群馬県,3711,G*,群馬県,0,,-
BISTROVER,二人ノ廃城幽踊宴,0,,-,1227,B-1824,群馬県,2216,SYNCH,群馬県,3607,G*,群馬県,0,,-
BISTROVER,乱膳の舞姫,0,,-,1052,B-1824,群馬県,1799,BGI#19,群馬県,2748,G*,群馬県,0,,-
BISTROVER,世界の果てに約束の凱歌を -ReUnion-,0,,-,1182,COG,群馬県,1886,GRAN,群馬県,3921,G*,群馬県,0,,-
BISTROVER,バッド・スイーツ、バッド・ドリーム,0,,-,1111,COG,群馬県,1829,COG,群馬県,3614,G*,群馬県,0,,-
BISTROVER,ディスコルディア,0,,-,1372,COG,群馬県,2401,G*,群馬県,3983,G*,群馬県,0,,-
BISTROVER,スーパー戦湯ババンバーン,0,,-,1274,RINNE*,群馬県,2093,TUONE*,群馬県,3469,G*,群馬県,0,,-
BISTROVER,ここからよろしく大作戦143,267,SAKIRO,群馬県,967,COG,群馬県,1772,GRAN,群馬県,2527,G*,群馬県,3191,G*,群馬県
BISTROVER,∀,603,TAQAN,群馬県,1324,B-1824,群馬県,2239,I$OTA9,群馬県,3565,G*,群馬県,0,,-
BISTROVER,Zenith,0,,-,834,COG,群馬県,1446,COG,群馬県,2180,G*,群馬県,0,,-
BISTROVER,X-ray binary,0,,-,997,B-1824,群馬県,1921,COG,群馬県,2827,G*,群馬県,0,,-
BISTROVER,Winner's Proof ft. KANASA from bless4,273,B-1824,群馬県,769,B-1824,群馬県,1382,GRAN,群馬県,2228,G*,群馬県,0,,-
BISTROVER,When I Met U,0,,-,898,COG,群馬県,1314,COG,群馬県,2055,G*,群馬県,0,,-
BISTROVER,WAKE UP NOW,0,,-,957,COG,群馬県,1461,COG,群馬県,2008,G*,群馬県,0,,-
BISTROVER,Vitrum,0,,-,1105,COG,群馬県,1759,COG,群馬県,3633,G*,群馬県,0,,-
BISTROVER,Viridian,0,,-,1081,COG,群馬県,1958,GUNMA,群馬県,3387,G*,群馬県,0,,-
BISTROVER,TOMORROW,447,BGI#19,群馬県,790,COG,群馬県,1541,COG,群馬県,2250,SYNCH,群馬県,0,,-
BISTROVER,Tiempo Loco,0,,-,1079,B-1824,群馬県,2007,BEISIA,群馬県,3741,G*,群馬県,0,,-
BISTROVER,The Wind of China Express(The 4th Mashup),0,,-,1001,TAQAN,群馬県,1693,BEISIA,群馬県,2563,G*,群馬県,0,,-
BISTROVER,THE PEERLESS UNDER HEAVEN,0,,-,1167,COG,群馬県,2026,BEISIA,群馬県,3418,G*,群馬県,0,,-
BISTROVER,That Feeling,0,,-,722,RINNE*,群馬県,1248,3TOTIN,群馬県,1930,G*,群馬県,0,,-
BISTROVER,Tell me what you wish feat.らっぷびと,0,,-,1133,COG,群馬県,1625,GRAN,群馬県,2853,G*,群馬県,0,,-
BISTROVER,Swarm Of Scarabs,0,,-,1059,COG,群馬県,1536,COG,群馬県,2413,G*,群馬県,0,,-
BISTROVER,Sugarplum,0,,-,885,RINNE*,群馬県,1867,TIN3TO,群馬県,2528,G*,群馬県,0,,-
BISTROVER,SOLID STATE SQUAD -RISEN RELIC REMIX-,0,,-,1306,B-1824,群馬県,2253,BEISIA,群馬県,3248,G*,群馬県,0,,-
BISTROVER,So Punky,0,,-,895,B-1824,群馬県,1669,COG,群馬県,2581,G*,群馬県,0,,-
BISTROVER,smooooch・∀・ (Snail's House Remix),0,,-,867,COG,群馬県,1582,COG,群馬県,2376,G*,群馬県,0,,-
BISTROVER,Sinus Iridum,0,,-,1244,B-1824,群馬県,2110,G*,群馬県,3383,G*,群馬県,0,,-
BISTROVER,Scandal,0,,-,965,COG,群馬県,1943,COG,群馬県,2907,G*,群馬県,0,,-
BISTROVER,S-Bahn,0,,-,974,COG,群馬県,1582,BEISIA,群馬県,2179,G*,群馬県,0,,-
BISTROVER,Rubrum Piano,0,,-,962,B-1824,群馬県,1706,TUONE*,群馬県,2468,3TOTIN,群馬県,0,,-
BISTROVER,Rub-a Dub-a,0,,-,951,COG,群馬県,1516,COG,群馬県,2192,G*,群馬県,0,,-
BISTROVER,Rowdy,0,,-,1053,COG,群馬県,1583,BEERKZ,群馬県,2507,G*,群馬県,0,,-
BISTROVER,Rosa azuL,0,,-,890,COG,群馬県,1793,BEISIA,群馬県,2793,G*,群馬県,0,,-
BISTROVER,rommmo,0,,-,1217,COG,群馬県,1839,I.S#,群馬県,3504,G*,群馬県,0,,-
BISTROVER,Romanticが止まらない,388,RINNE*,群馬県,954,COG,群馬県,1676,RINNE*,群馬県,2731,G*,群馬県,0,,-
BISTROVER,Ritual of Anubis,0,,-,1167,B-1824,群馬県,1845,GRAN,群馬県,2836,G*,群馬県,0,,-
BISTROVER,Rejection Girl,0,,-,1015,COG,群馬県,1653,BEISIA,群馬県,2675,G*,群馬県,0,,-
BISTROVER,POLKAMAИIA,0,,-,993,COG,群馬県,1838,BEISIA,群馬県,2944,G*,群馬県,0,,-
BISTROVER,Playball,0,,-,692,B-1824,群馬県,917,BGI#19,群馬県,1371,G*,群馬県,0,,-
BISTROVER,Parvati,0,,-,1029,B-1824,群馬県,1817,COG,群馬県,2858,G*,群馬県,0,,-
BISTROVER,Party Starter,0,,-,999,COG,群馬県,1541,COG,群馬県,2320,G*,群馬県,0,,-
BISTROVER,Para siempre,0,,-,964,COG,群馬県,1542,B-1824,群馬県,2886,G*,群馬県,0,,-
BISTROVER,Overslept,0,,-,1148,COG,群馬県,1734,ARUS,群馬県,2589,G*,群馬県,0,,-
BISTROVER,OTOKOZAKA,0,,-,1072,COG,群馬県,1915,COG,群馬県,2940,G*,群馬県,0,,-
BISTROVER,of the first magnitude,0,,-,1045,COG,群馬県,1903,COG,群馬県,2988,G*,群馬県,0,,-
BISTROVER,Ocean Blue feat. Luschel,0,,-,856,B-1824,群馬県,1454,COG,群馬県,2455,G*,群馬県,0,,-
BISTROVER,Neo Heritage,0,,-,959,B-1824,群馬県,1677,B-1824,群馬県,2891,G*,群馬県,0,,-
BISTROVER,MOVE! (We Keep It Movin'),0,,-,762,COG,群馬県,1343,ARUS,群馬県,2208,G*,群馬県,0,,-
BISTROVER,Midnight Drive,0,,-,608,COG,群馬県,1315,NEKOZE,群馬県,1992,G*,群馬県,0,,-
BISTROVER,MEGAERA,0,,-,1446,COG,群馬県,2120,3TOTIN,群馬県,3515,G*,群馬県,0,,-
BISTROVER,MA・TSU・RI,0,,-,1093,COG,群馬県,1853,BEISIA,群馬県,2595,G*,群馬県,0,,-
BISTROVER,Mars beach,0,,-,622,RINNE*,群馬県,1386,COG,群馬県,2249,G*,群馬県,0,,-
BISTROVER,Lovely Howdy Cowboy!!,0,,-,1095,COG,群馬県,1842,BEISIA,群馬県,2795,G*,群馬県,0,,-
BISTROVER,LOCUS OF THE TRAVEL,0,,-,1107,B-1824,群馬県,2446,RCHE,群馬県,3724,G*,群馬県,0,,-
BISTROVER,LIKE A VAMPIRE,0,,-,1052,COG,群馬県,1755,BEISIA,群馬県,2780,TIN3TO,群馬県,0,,-
BISTROVER,Level 3,0,,-,1172,COG,群馬県,2268,FBI,群馬県,3578,G*,群馬県,0,,-
BISTROVER,LAST DAY,0,,-,1143,COG,群馬県,1719,COG,群馬県,3075,G*,群馬県,0,,-
BISTROVER,Jungle Eater,0,,-,1012,-,群馬県,1845,G*,群馬県,3019,G*,群馬県,0,,-
BISTROVER,innocent revolver,0,,-,1119,COG,群馬県,2286,U.N.K,群馬県,3843,TIN3TO,群馬県,0,,-
BISTROVER,IIDX RED Ending (Ryu☆Remix),0,,-,652,COG,群馬県,1204,TIN3TO,群馬県,1852,SYNCH,群馬県,0,,-
BISTROVER,Ignis†Irae,0,,-,1105,B-1824,群馬県,2353,BEISIA,群馬県,3771,G*,群馬県,0,,-
BISTROVER,HIGH VOLTAGE,0,,-,838,B-1824,群馬県,1437,COG,群馬県,2276,G*,群馬県,0,,-
BISTROVER,Here We Are,403,FLG.,群馬県,1090,COG,群馬県,1714,RINNE*,群馬県,2471,TIN3TO,群馬県,0,,-
BISTROVER,"Hands Up feat. kradness BEMANI Sound Team ""Sota Fujimori"" Remix",0,,-,1143,COG,群馬県,1759,RINNE*,群馬県,2369,O.,群馬県,0,,-
BISTROVER,Globe Glitter,0,,-,1058,CAT,群馬県,1650,BEISIA,群馬県,2687,G*,群馬県,0,,-
BISTROVER,GIGA RAID,0,,-,982,COG,群馬県,1859,RINNE*,群馬県,2422,G*,群馬県,0,,-
BISTROVER,Frisk And Squeak,0,,-,813,B-1824,群馬県,1561,GRAN,群馬県,2441,G*,群馬県,0,,-
BISTROVER,Fire Beat,0,,-,1114,B-1824,群馬県,1778,5QOO,群馬県,2723,G*,群馬県,0,,-
BISTROVER,Farewell to Marrakech,0,,-,920,COG,群馬県,1506,COG,群馬県,2241,3TOTIN,群馬県,0,,-
BISTROVER,Explorer feat. ぷにぷに電機,0,,-,754,BGI#19,群馬県,1304,ARUS,群馬県,2156,G*,群馬県,2897,G*,群馬県
BISTROVER,Euphoric Lagoon,0,,-,890,COG,群馬県,1606,COG,群馬県,2609,G*,群馬県,0,,-
BISTROVER,Empire of Fury,0,,-,1376,COG,群馬県,2191,G*,群馬県,3342,G*,群馬県,0,,-
BISTROVER,DUAL STRIKER,0,,-,1192,COG,群馬県,2455,COG,群馬県,3892,G*,群馬県,0,,-
BISTROVER,Don't Stop The Music feat. Kanae Asaba,0,,-,695,B-1824,群馬県,1337,COG,群馬県,1874,G*,群馬県,0,,-
BISTROVER,DENIM,0,,-,602,NEKOZE,群馬県,1314,RINNE*,群馬県,1756,G*,群馬県,0,,-
BISTROVER,Dawn Saga,0,,-,963,B-1824,群馬県,1618,COG,群馬県,2736,G*,群馬県,0,,-
BISTROVER,Danza Aestas,0,,-,993,COG,群馬県,1733,COG,群馬県,3009,G*,群馬県,0,,-
BISTROVER,Crazy Jackpot,0,,-,1004,B-1824,群馬県,1669,ARUS,群馬県,2874,G*,群馬県,0,,-
BISTROVER,COSMIC RAY,0,,-,1292,COG,群馬県,2111,BEISIA,群馬県,2957,G*,群馬県,0,,-
BISTROVER,CONNECT-,0,,-,1029,COG,群馬県,1818,ARUS,群馬県,2958,G*,群馬県,0,,-
BISTROVER,Chewingood!!!,304,RINNE*,群馬県,867,COG,群馬県,1511,GRAN,群馬県,2628,G*,群馬県,0,,-
BISTROVER,Burning Flame,0,,-,1194,COG,群馬県,1816,BEISIA,群馬県,2919,G*,群馬県,3830,G*,群馬県
BISTROVER,Breakin' Rules,0,,-,1295,COG,群馬県,1786,ARUS,群馬県,2759,BEERKZ,群馬県,0,,-
BISTROVER,Brahma,0,,-,1223,COG,群馬県,1776,BEISIA,群馬県,2868,G*,群馬県,0,,-
BISTROVER,BLACK or WHITE?,632,A-,群馬県,1299,TUONE*,群馬県,2472,BEISIA,群馬県,3981,G*,群馬県,0,,-
BISTROVER,BIGソムタム,563,B-1824,群馬県,1262,HAKA!,群馬県,1897,G*,群馬県,3365,G*,群馬県,0,,-
BISTROVER,BEMANI PRO LEAGUE Theme,0,,-,783,COG,群馬県,1401,COG,群馬県,1986,G*,群馬県,0,,-
BISTROVER,ASIAN VIRTUAL REALITIES (MELTING TOGETHER IN DAZZLING DARKNESS),0,,-,1074,B-1824,群馬県,1860,B,群馬県,3380,G*,群馬県,0,,-
BISTROVER,As You Want,0,,-,849,B-1824,群馬県,1462,COG,群馬県,2474,G*,群馬県,0,,-
BISTROVER,apo:llioth,0,,-,1217,15M!L9,群馬県,2060,COG,群馬県,2970,G*,群馬県,0,,-
BISTROVER,AMRITA -不滅ノ花-,0,,-,910,COG,群馬県,1613,COG,群馬県,2785,G*,群馬県,0,,-
BISTROVER,Ah Hah Yeah,0,,-,723,RINNE*,群馬県,1393,RINNE*,群馬県,2143,G*,群馬県,0,,-
BISTROVER,ABSOLUTE (kors k Remix),0,,-,951,B-1824,群馬県,1523,COG,群馬県,2609,TIN3TO,群馬県,0,,-
BISTROVER,3!dolon Forc3,0,,-,976,-,群馬県,1539,BEISIA,群馬県,2932,G*,群馬県,0,,-
BISTROVER,-65℃,0,,-,1405,BGI#19,群馬県,2227,5QOO,群馬県,3766,G*,群馬県,0,,-
7th style,Somebody Like You,0,,-,739,RINNE*,群馬県,1188,COG,群馬県,1823,G*,群馬県,0,,-
10th style,SCORE,0,,-,1169,RINNE*,群馬県,1569,COG,群馬県,2096,G*,群馬県,0,,-
HAPPY SKY,mind the gap,0,,-,748,RINNE*,群馬県,1024,RINNE*,群馬県,1641,G*,群馬県,0,,-
SIRIUS,Do Back Burn,0,,-,705,ARUS,群馬県,1414,ARUS,群馬県,2137,G*,群馬県,0,,-
Lincle,GIGANT,0,,-,585,RINNE*,群馬県,1184,RINNE*,群馬県,1771,G*,群馬県,2912,HELL,群馬県
PENDUAL,Sounds Of Summer,0,,-,1249,15M!L9,群馬県,2087,FFXIV,群馬県,3015,G*,群馬県,0,,-
BISTROVER,smooooch・∀・ (Snail's House Remix) ,0,,-,869,B-1824,群馬県,1566,GRAN,群馬県,2373,G*,群馬県,0,,-
BISTROVER,POLKAMANIA,432,TAQAN,群馬県,978,15M!L9,群馬県,1872,XJAPAN,群馬県,2969,G*,群馬県,0,,-
CastHour,黒紅掬い,0,,-,670,COG,群馬県,1217,PA-SHI,群馬県,1828,G*,群馬県,0,,-
CastHour,青の洞窟,0,,-,901,COG,群馬県,1994,GUNMA,群馬県,3180,G*,群馬県,0,,-
CastHour,雪上断火,0,,-,1008,RINNE*,群馬県,1846,G*,群馬県,3003,G*,群馬県,0,,-
CastHour,逆月,0,,-,1505,COG,群馬県,2361,TIN3TO,群馬県,3797,G*,群馬県,0,,-
CastHour,踊,184,RINNE*,群馬県,366,COG,群馬県,830,TAKA-P,群馬県,1628,G*,群馬県,2079,SYNCH,群馬県
CastHour,禊,0,,-,1074,CAT,群馬県,2281,TIN3TO,群馬県,3217,G*,群馬県,0,,-
CastHour,烽火連天の刃,0,,-,1136,B-1824,群馬県,2328,TIN3TO,群馬県,3355,TIN3TO,群馬県,4200,3TOTIN,群馬県
CastHour,月とミルク,0,,-,996,COG,群馬県,1592,TAKA-P,群馬県,2794,G*,群馬県,0,,-
CastHour,愛しくてラヴィンユー ft. マナ,0,,-,812,COG,群馬県,1500,TAKA-P,群馬県,2409,G*,群馬県,0,,-
CastHour,怪物,347,B-1824,群馬県,752,COG,群馬県,1200,COG,群馬県,2409,G*,群馬県,3268,GANJYA,群馬県
CastHour,天邪鬼,415,RINNE*,群馬県,996,COG,群馬県,1711,COG,群馬県,3347,G*,群馬県,0,,-
CastHour,口カラ凸ゲキ,0,,-,938,I$OTA9,群馬県,1537,COG,群馬県,2411,G*,群馬県,0,,-
CastHour,ミュージック・アワー,543,TAQAN,群馬県,1215,COG,群馬県,2123,COG,群馬県,2992,G*,群馬県,0,,-
CastHour,"ピアノ独奏無言歌 ""灰燼""",0,,-,1161,TAQAN,群馬県,2343,GRAN,群馬県,3629,BEERKZ,群馬県,0,,-
CastHour,ハイテックトキオ,0,,-,1116,COG,群馬県,1919,GUNMA,群馬県,2715,G*,群馬県,3250,G*,群馬県
CastHour,ナイトフィクション,0,,-,727,COG,群馬県,1568,I$OTA9,群馬県,2161,G*,群馬県,0,,-
CastHour,デモーニッシュ,263,BGI#19,群馬県,938,COG,群馬県,1473,COG,群馬県,2396,G*,群馬県,3077,G*,群馬県
CastHour,シル・ヴ・プレジデント,304,333333,群馬県,656,COG,群馬県,1220,TAKA-P,群馬県,1801,G*,群馬県,2584,G*,群馬県
CastHour,グッバイ宣言,582,RINNE*,群馬県,1105,COG,群馬県,1794,RINNE*,群馬県,3110,G*,群馬県,3625,GANJYA,群馬県
CastHour,オールトの雲,0,,-,1231,COG,群馬県,2013,GRAN,群馬県,2640,G*,群馬県,0,,-
CastHour,オドループ,516,$EVAN$,群馬県,1112,COG,群馬県,1572,TAKA-P,群馬県,2350,G*,群馬県,2999,G*,群馬県
CastHour,ウツシミウツシ,0,,-,1274,COG,群馬県,2063,COG,群馬県,3181,G*,群馬県,0,,-
CastHour,アクマフカ,0,,-,757,RINNE*,群馬県,1524,COG,群馬県,2314,G*,群馬県,0,,-
CastHour,めでてえ,0,,-,1110,COG,群馬県,1722,GRAN,群馬県,2660,G*,群馬県,0,,-
CastHour,ぐだふわエブリデー,265,TAQAN,群馬県,690,COG,群馬県,1312,COG,群馬県,2289,XJAPAN,群馬県,0,,-
CastHour,あいつら全員同窓会,368,RINNE*,群馬県,654,COG,群馬県,1233,RINNE*,群馬県,2051,G*,群馬県,0,,-
CastHour,《GRANDMASTER》,0,,-,987,COG,群馬県,1814,GUNMA,群馬県,2912,NEKOZE,群馬県,0,,-
CastHour,Xyndrome,0,,-,970,COG,群馬県,1664,I$OTA9,群馬県,2971,G*,群馬県,0,,-
CastHour,Wonderful Escape,0,,-,972,COG,群馬県,1472,COG,群馬県,2101,G*,群馬県,0,,-
CastHour,WHA,0,,-,1232,TIN3TO,群馬県,2321,XJAPAN,群馬県,3706,G*,群馬県,0,,-
CastHour,VR - Virtual Reality (prod.by Snail's House),313,TAQAN,群馬県,622,COG,群馬県,1174,COG,群馬県,1831,G*,群馬県,2485,G*,群馬県
CastHour,Votania Beat,0,,-,1077,COG,群馬県,1639,COG,群馬県,2548,G*,群馬県,0,,-
CastHour,Victory Of Ravers,0,,-,1030,COG,群馬県,1763,GRAN,群馬県,2591,G*,群馬県,0,,-
CastHour,Ventriloquist,0,,-,790,$EVAN$,群馬県,1536,B,群馬県,2439,G*,群馬県,0,,-
CastHour,Triple Cross,591,B-1824,群馬県,1132,COG,群馬県,2296,GRAN,群馬県,3300,G*,群馬県,0,,-
CastHour,TOMAHAWK,0,,-,1358,COG,群馬県,2302,GUNMA,群馬県,3493,G*,群馬県,0,,-
CastHour,Tail Lights,0,,-,1107,COG,群馬県,1949,COG,群馬県,3150,G*,群馬県,0,,-
CastHour,Stepper,0,,-,704,COG,群馬県,1552,G*,群馬県,2192,G*,群馬県,0,,-
CastHour,SPARK IN THE NIGHT,0,,-,870,COG,群馬県,1447,COG,群馬県,2248,BEERKZ,群馬県,0,,-
CastHour,Souhait bleu,0,,-,911,COG,群馬県,1899,COG,群馬県,2734,G*,群馬県,0,,-
CastHour,SOLID WYVERN,0,,-,1218,COG,群馬県,1961,GUNMA,群馬県,2648,G*,群馬県,3941,G*,群馬県
CastHour,Smalt #28598F,0,,-,1101,COG,群馬県,2342,XJAPAN,群馬県,3417,G*,群馬県,0,,-
CastHour,Skreaming for Salvation,0,,-,837,B-1824,群馬県,2080,G*,群馬県,3177,G*,群馬県,0,,-
CastHour,Silver Bullet,0,,-,1166,B-1824,群馬県,1935,PO4,群馬県,3219,G*,群馬県,0,,-
CastHour,RAGE feat.H14 of LEONAIR,438,RINNE*,群馬県,1111,COG,群馬県,2263,RCHE,群馬県,3492,XJAPAN,群馬県,0,,-
CastHour,Push on Beats!～音ゲの国のeX-ストリーマー～,0,,-,1232,TAQAN,群馬県,1945,KA92##,群馬県,3389,G*,群馬県,0,,-
CastHour,Purple Perplex,0,,-,1159,COG,群馬県,1932,G*,群馬県,3054,G*,群馬県,0,,-
CastHour,Prohibited Props,0,,-,1047,COG,群馬県,1591,G*,群馬県,2281,G*,群馬県,0,,-
CastHour,Pout,0,,-,1075,TAQAN,群馬県,1753,COG,群馬県,2628,G*,群馬県,0,,-
CastHour,PLASMA SOUL NIGHT feat. Nana Takahashi / 709sec.,431,TAQAN,群馬県,1474,TUONE*,群馬県,2676,G*,群馬県,4506,G*,群馬県,0,,-
CastHour,PIRATES BLADE,0,,-,928,COG,群馬県,1516,B,群馬県,2166,G*,群馬県,0,,-
CastHour,P.O.W.E.R.,0,,-,1067,COG,群馬県,1762,COG,群馬県,2356,G*,群馬県,0,,-
CastHour,Onyx,0,,-,922,COG,群馬県,1502,COG,群馬県,2417,G*,群馬県,0,,-
CastHour,One for All,0,,-,1024,B-1824,群馬県,1772,PA-SHI,群馬県,3156,XJAPAN,群馬県,0,,-
CastHour,Non Stop Rock,0,,-,802,COG,群馬県,1318,GUNMA,群馬県,1890,G*,群馬県,0,,-
CastHour,Nocturnal 2097,0,,-,951,COG,群馬県,1934,COG,群馬県,2937,G*,群馬県,0,,-
CastHour,No Day But Today!,440,TAQAN,群馬県,749,COG,群馬県,1344,COG,群馬県,1993,G*,群馬県,0,,-
CastHour,n/a,0,,-,1249,COG,群馬県,1966,COG,群馬県,3538,G*,群馬県,0,,-
CastHour,N.O.,0,,-,842,COG,群馬県,1521,COG,群馬県,2535,G*,群馬県,0,,-
CastHour,LIVE DRIVING!! feat. 花たん,0,,-,1629,COG,群馬県,2527,RCHE,群馬県,3864,G*,群馬県,0,,-
CastHour,Legendary Treasures,0,,-,1136,COG,群馬県,1775,GUNMA,群馬県,2872,G*,群馬県,0,,-
CastHour,Lawes's Parotia,0,,-,905,COG,群馬県,1740,GUNMA,群馬県,2569,G*,群馬県,0,,-
CastHour,kors k's How to make OTOGE CORE,0,,-,798,B-1824,群馬県,1537,PA-SHI,群馬県,2309,G*,群馬県,0,,-
CastHour,ILAYZA,0,,-,1198,I$OTA9,群馬県,2056,COG,群馬県,2835,G*,群馬県,0,,-
CastHour,HEARTACHE,0,,-,499,COG,群馬県,1192,COG,群馬県,1852,G*,群馬県,0,,-
CastHour,Hat Surprise,0,,-,692,COG,群馬県,1614,ARUS,群馬県,2466,G*,群馬県,0,,-
CastHour,Harmonia,0,,-,745,COG,群馬県,1245,GRAN,群馬県,2025,G*,群馬県,0,,-
CastHour,hard-wired,0,,-,1591,COG,群馬県,2277,HELL,群馬県,3653,G*,群馬県,0,,-
CastHour,GRAVITON,0,,-,1184,RINNE*,群馬県,2031,COG,群馬県,3508,G*,群馬県,0,,-
CastHour,GiGaGaHell,0,,-,1369,COG,群馬県,2038,XJAPAN,群馬県,3224,G*,群馬県,0,,-
CastHour,"Get set, Go! feat.Kanae Asaba",0,,-,843,COG,群馬県,1450,COG,群馬県,2123,G*,群馬県,0,,-
CastHour,Game Changers,0,,-,772,B-1824,群馬県,1458,COG,群馬県,2720,G*,群馬県,0,,-
CastHour,Flying Castle,0,,-,1088,COG,群馬県,2285,GUNMA,群馬県,3701,G*,群馬県,0,,-
CastHour,FINALLY BLAZE,0,,-,934,COG,群馬県,1790,B,群馬県,2840,G*,群馬県,0,,-
CastHour,Fegrix,0,,-,1270,COG,群馬県,2290,TIN3TO,群馬県,3311,G*,群馬県,0,,-
CastHour,Fantastic Merry-Go-Round,0,,-,1085,COG,群馬県,1501,TAKA-P,群馬県,2108,SYNCH,群馬県,0,,-
CastHour,Ergosphere,0,,-,1006,COG,群馬県,1827,COG,群馬県,2718,G*,群馬県,0,,-
CastHour,EMOTiON TRiPPER,0,,-,945,COG,群馬県,1481,GRAN,群馬県,2193,G*,群馬県,0,,-
CastHour,Emera,0,,-,886,TAQAN,群馬県,1625,$7.00,群馬県,2339,G*,群馬県,0,,-
CastHour,DREAM OF SPACE UFO ABDUCTION,0,,-,1094,COG,群馬県,1812,COG,群馬県,2729,G*,群馬県,0,,-
CastHour,Don't believe the hype,0,,-,1165,COG,群馬県,2215,GUNMA,群馬県,3246,G*,群馬県,0,,-
CastHour,Divine Heaven,0,,-,949,B-1824,群馬県,1971,ARUS,群馬県,2983,G*,群馬県,0,,-
CastHour,DISPARATE,0,,-,1038,COG,群馬県,1804,ARUS,群馬県,2465,G*,群馬県,0,,-
CastHour,Brave Spirits,0,,-,718,COG,群馬県,1432,G*,群馬県,2495,G*,群馬県,0,,-
CastHour,Blue Bird feat. Kanae Asaba,0,,-,659,COG,群馬県,1117,COG,群馬県,1789,G*,群馬県,0,,-
CastHour,Binary Black Hole,0,,-,1339,TAQAN,群馬県,2270,GUNMA,群馬県,3930,G*,群馬県,0,,-
CastHour,Banger Banger Banger Banger,0,,-,982,COG,群馬県,1776,GUNMA,群馬県,2973,G*,群馬県,0,,-
CastHour,Arkadia,0,,-,1173,COG,群馬県,2096,HELL,群馬県,3718,G*,群馬県,0,,-
CastHour,Ariah,0,,-,722,COG,群馬県,1506,I$OTA9,群馬県,2173,BEERKZ,群馬県,0,,-
CastHour,Angel's Ladder,0,,-,1083,COG,群馬県,2258,TIN3TO,群馬県,3499,G*,群馬県,0,,-
CastHour,ANEMONE,220,ONENNE,群馬県,775,COG,群馬県,1605,GRAN,群馬県,2138,G*,群馬県,0,,-
CastHour,AMICABLE,0,,-,1028,COG,群馬県,1594,ARUS,群馬県,2456,TIN3TO,群馬県,0,,-
CastHour,ALTERNATOR,0,,-,1352,COG,群馬県,2522,RCHE,群馬県,3774,G*,群馬県,0,,-
CastHour,Aftermath,0,,-,1224,TAQAN,群馬県,2369,ARUS,群馬県,3599,G*,群馬県,0,,-
CastHour,ABSOLUTE EVIL,254,B-1824,群馬県,1199,COG,群馬県,2225,HELL,群馬県,3498,G*,群馬県,0,,-
CastHour,808monkey,0,,-,766,COG,群馬県,1203,COG,群馬県,1826,G*,群馬県,0,,-
CastHour,2 Beasts Unchained,0,,-,1489,COG,群馬県,2230,KA92##,群馬県,3473,G*,群馬県,0,,-
CastHour,10000 MILES AWAY,0,,-,1046,TAQAN,群馬県,1682,G*,群馬県,2966,G*,群馬県,0,,-
7th style,MAX 300,0,,-,1114,RINNE*,群馬県,1876,COG,群馬県,2830,G*,群馬県,0,,-
9th style,fun,0,,-,571,RINNE*,群馬県,1057,PA-SHI,群馬県,1878,G*,群馬県,0,,-
DistorteD,DEEP ROAR,0,,-,984,RINNE*,群馬県,1443,GANJYA,群馬県,2745,TIN3TO,群馬県,0,,-
EMPRESS,THE SHINING POLARIS(kors k mix),0,,-,1287,RINNE*,群馬県,2033,PA-SHI,群馬県,3275,G*,群馬県,0,,-
EMPRESS,Cyber Force -DJ Yoshitaka Remix-,0,,-,1077,15M!L9,群馬県,1801,PRTS,群馬県,2542,G*,群馬県,0,,-
tricoro,Reflection Into the EDEN,0,,-,797,B-1824,群馬県,1448,COG,群馬県,2159,G*,群馬県,0,,-
SPADA,Idola,0,,-,1187,NO.IZE,群馬県,2267,SEDNA*,群馬県,3607,G*,群馬県,0,,-
PENDUAL,Rave*it!! Rave*it!!,0,,-,1009,FRA153,群馬県,1676,PA-SHI,群馬県,3294,G*,群馬県,0,,-
PENDUAL,Erosion Mark,0,,-,804,15M!L9,群馬県,1480,ONENNE,群馬県,2190,G*,群馬県,0,,-
PENDUAL,COLOSSEUM,0,,-,569,A-,群馬県,1227,A-,群馬県,2279,XJAPAN,群馬県,0,,-
RESIDENT,響花水月,0,,-,1211,COG,群馬県,1909,COG,群馬県,2919,BEERKZ,群馬県,0,,-
RESIDENT,雨のちパノラマセカイ,0,,-,826,COG,群馬県,1436,COG,群馬県,2220,G*,群馬県,0,,-
RESIDENT,輪廻の鴉,0,,-,1032,COG,群馬県,1799,B,群馬県,2749,3104,群馬県,0,,-
RESIDENT,罪過の聖堂,0,,-,834,PA-SHI,群馬県,1289,PA-SHI,群馬県,2046,G*,群馬県,0,,-
RESIDENT,神のシナリオ,0,,-,1176,COG,群馬県,1722,COG,群馬県,3256,G*,群馬県,0,,-
RESIDENT,神っぽいな,367,B-1824,群馬県,783,COG,群馬県,1458,COG,群馬県,2139,G*,群馬県,2962,3TOTIN,群馬県
RESIDENT,真夜中のバベル,0,,-,719,COG,群馬県,1197,COG,群馬県,1739,G*,群馬県,0,,-
RESIDENT,異心前進♪ぴょんぴょんぴょん ,0,,-,1118,RCHE,群馬県,1685,RCHE,群馬県,2505,TIN3TO,群馬県,0,,-
RESIDENT,生きるよすが,440,RINNE*,群馬県,956,COG,群馬県,1514,COG,群馬県,2501,SYNCH,群馬県,0,,-
RESIDENT,湘南ロンリーMIDNIGHT RAIN,0,,-,986,COG,群馬県,1803,COG,群馬県,2862,G*,群馬県,0,,-
RESIDENT,楽園追放,0,,-,943,COG,群馬県,1545,RINNE*,群馬県,2413,G*,群馬県,0,,-
RESIDENT,栄冠のカンパネラ,0,,-,1360,XEPHY,群馬県,2126,IKASU3,群馬県,3926,G*,群馬県,0,,-
RESIDENT,月と夢の跡 ft. マナ,0,,-,964,COG,群馬県,1542,RINNE*,群馬県,2520,G*,群馬県,0,,-
RESIDENT,昏き甲鉄のヴェルガ,0,,-,911,FLG.,群馬県,1625,TIN3TO,群馬県,2345,TIN3TO,群馬県,0,,-
RESIDENT,新時代,336,RINNE*,群馬県,758,COG,群馬県,1264,COG,群馬県,2337,G*,群馬県,0,,-
RESIDENT,惑星☆ロリポップ,0,,-,788,RINNE*,群馬県,1594,COG,群馬県,2835,G*,群馬県,0,,-
RESIDENT,恋愛＝精度×認識力,0,,-,1554,COG,群馬県,2269,XJAPAN,群馬県,3334,G*,群馬県,0,,-
RESIDENT,少年リップルズ,0,,-,894,RINNE*,群馬県,1786,GRAN,群馬県,2478,G*,群馬県,0,,-
RESIDENT,儚キ戀ノ幻想譚,590,RINNE*,群馬県,1569,COG,群馬県,2303,NEKOZE,群馬県,3560,G*,群馬県,0,,-
RESIDENT,マツケンサンバII,398,RINNE*,群馬県,1136,COG,群馬県,1821,COG,群馬県,2899,G*,群馬県,0,,-
RESIDENT,パーフェクトイーター,0,,-,1170,COG,群馬県,2065,COG,群馬県,3003,GANJYA,群馬県,0,,-
RESIDENT,チェイスチェイスジョーカーズのうた (オニスタイルリミックス),0,,-,991,TAKA-P,群馬県,1726,COG,群馬県,2845,G*,群馬県,0,,-
RESIDENT,サヨナラ・ヘヴン-Celtic Chip Dance Mix-,0,,-,914,COG,群馬県,1517,COG,群馬県,2580,3TOTIN,群馬県,0,,-
RESIDENT,ちょえちょえまぎか,0,,-,1231,COG,群馬県,2301,TIN3TO,群馬県,3048,G*,群馬県,0,,-
RESIDENT,ぞうしょく！？マイデンティティ,0,,-,1277,COG,群馬県,2289,XJAPAN,群馬県,3590,GANJYA,群馬県,0,,-
RESIDENT,きゅんです。,0,,-,734,COG,群馬県,1443,COG,群馬県,2354,G*,群馬県,0,,-
RESIDENT,おとせサンダー,214,RINNE*,群馬県,668,COG,群馬県,1201,GRAN,群馬県,2171,G*,群馬県,0,,-
RESIDENT,いつかオトナになれるといいね。,553,RINNE*,群馬県,1135,COG,群馬県,1957,XEPHY,群馬県,3041,G*,群馬県,0,,-
RESIDENT,あるビー！ feat.ころねぽち,0,,-,990,COG,群馬県,1768,ARUS,群馬県,2888,G*,群馬県,0,,-
RESIDENT,《ORDERBREAKER》,0,,-,1013,B-1824,群馬県,1590,COG,群馬県,2441,TIN3TO,群馬県,0,,-
RESIDENT,■□模様,0,,-,983,COG,群馬県,1548,COG,群馬県,2660,G*,群馬県,0,,-
RESIDENT,≡+≡,596,SEDNA*,群馬県,1393,COG,群馬県,2105,COG,群馬県,3010,GANJYA,群馬県,0,,-
RESIDENT,[ ]DENTITY,0,,-,1174,COG,群馬県,2104,IKASU3,群馬県,3865,G*,群馬県,0,,-
RESIDENT,ZENITH,0,,-,1149,COG,群馬県,1968,COG,群馬県,2953,XJAPAN,群馬県,0,,-
RESIDENT,Xerulean,0,,-,1351,COG,群馬県,2005,GANJYA,群馬県,3459,G*,群馬県,0,,-
RESIDENT,With You,0,,-,839,B-1824,群馬県,1580,COG,群馬県,2562,G*,群馬県,0,,-
RESIDENT,"wanna be a ""BAD GIRL"" feat. Nana Takahashi",0,,-,802,COG,群馬県,1326,COG,群馬県,2052,G*,群馬県,0,,-
RESIDENT,VØID,0,,-,1314,COG,群馬県,1916,COG,群馬県,3267,G*,群馬県,0,,-
RESIDENT,VOLCANIC BIGBEAT,0,,-,1098,COG,群馬県,1812,COG,群馬県,2808,G*,群馬県,0,,-
RESIDENT,VOLAQUAS,0,,-,1321,COG,群馬県,2177,IKASU3,群馬県,3915,G*,群馬県,0,,-
RESIDENT,THE TIME MACHINE,0,,-,1098,COG,群馬県,1763,B,群馬県,2684,G*,群馬県,0,,-
RESIDENT,The Clown of 24stairs,0,,-,1134,COG,群馬県,2179,COG,群馬県,3447,G*,群馬県,0,,-
RESIDENT,TECHNOPHOBIA,0,,-,808,COG,群馬県,1696,G*,群馬県,3048,G*,群馬県,0,,-
RESIDENT,Swing My Wonderland,0,,-,1306,COG,群馬県,2280,COG,群馬県,3097,GANJYA,群馬県,0,,-
RESIDENT,suspicions,0,,-,1200,COG,群馬県,2291,RCHE,群馬県,3690,TIN3TO,群馬県,0,,-
RESIDENT,Super Freak,0,,-,1118,COG,群馬県,1885,COG,群馬県,3399,GANJYA,群馬県,0,,-
RESIDENT,Sunny Day Vibes,0,,-,959,COG,群馬県,1654,G*,群馬県,2295,G*,群馬県,0,,-
RESIDENT,Summerblue,367,FLG.,群馬県,1099,COG,群馬県,1745,COG,群馬県,2446,G*,群馬県,0,,-
RESIDENT,Stylus,0,,-,1235,COG,群馬県,1951,COG,群馬県,2824,3TOTIN,群馬県,0,,-
RESIDENT,STRAIGHT TO THE STARS,0,,-,1053,COG,群馬県,1735,COG,群馬県,2999,G*,群馬県,0,,-
RESIDENT,STAR BEAT,0,,-,849,B-1824,群馬県,1725,COG,群馬県,2441,G*,群馬県,0,,-
RESIDENT,Somnidiscotheque,0,,-,1338,COG,群馬県,2045,G*,群馬県,3284,G*,群馬県,0,,-
RESIDENT,Shamshir,0,,-,1091,COG,群馬県,1446,COG,群馬県,2189,G*,群馬県,0,,-
RESIDENT,Shadow World,0,,-,995,RINNE*,群馬県,1658,COG,群馬県,2735,G*,群馬県,0,,-
RESIDENT,Seraph,0,,-,998,COG,群馬県,1824,MUGI.,群馬県,2424,G*,群馬県,0,,-
RESIDENT,Ruler or Loser,0,,-,984,COG,群馬県,1673,COG,群馬県,2670,G*,群馬県,0,,-
RESIDENT,RINNE,0,,-,1195,COG,群馬県,2316,IKASU3,群馬県,3513,G*,群馬県,0,,-
RESIDENT,Rewind Time,0,,-,720,COG,群馬県,1303,COG,群馬県,2213,G*,群馬県,0,,-
RESIDENT,Red Soul,0,,-,1069,B-1824,群馬県,1766,IKASU3,群馬県,2879,XJAPAN,群馬県,0,,-
RESIDENT,Programmed Genom,0,,-,1133,COG,群馬県,1626,COG,群馬県,2416,G*,群馬県,0,,-
RESIDENT,Perfect Plan,0,,-,1180,COG,群馬県,1757,COG,群馬県,2603,G*,群馬県,0,,-
RESIDENT,Peng-Ging Sky High!!,0,,-,1100,COG,群馬県,1479,PA-SHI,群馬県,2670,G*,群馬県,0,,-
RESIDENT,Peaktime Booster,0,,-,1153,B-1824,群馬県,1842,PA-SHI,群馬県,3249,G*,群馬県,0,,-
RESIDENT,OVER VOLTAGE,0,,-,1098,COG,群馬県,1814,COG,群馬県,2556,RCHE,群馬県,0,,-
RESIDENT,Ou Legends,0,,-,1150,COG,群馬県,2040,COG,群馬県,3278,G*,群馬県,0,,-
RESIDENT,ONE AND ONLY,0,,-,1184,GANJYA,群馬県,1781,CAT,群馬県,3221,G*,群馬県,0,,-
RESIDENT,No Border,0,,-,1170,COG,群馬県,1985,COG,群馬県,3679,G*,群馬県,0,,-
RESIDENT,Next Level,0,,-,943,COG,群馬県,1605,COG,群馬県,2188,G*,群馬県,0,,-
RESIDENT,Move UR Body,0,,-,1186,COG,群馬県,1779,COG,群馬県,2633,G*,群馬県,0,,-
RESIDENT,Meissa,0,,-,928,COG,群馬県,1608,COG,群馬県,2847,G*,群馬県,0,,-
RESIDENT,MAX 360,0,,-,1212,COG,群馬県,2249,5QOO,群馬県,3091,GANJYA,群馬県,0,,-
RESIDENT,mathematical good-bye,0,,-,1161,TAQAN,群馬県,1805,ARUS,群馬県,2843,G*,群馬県,0,,-
RESIDENT,Luna Plena,0,,-,874,COG,群馬県,1599,ARUS,群馬県,2600,G*,群馬県,0,,-
RESIDENT,LOUDER ROLLING THUNDER,0,,-,1100,COG,群馬県,1964,COG,群馬県,3393,G*,群馬県,0,,-
RESIDENT,Level 4,0,,-,1220,COG,群馬県,2026,IKASU3,群馬県,3529,G*,群馬県,0,,-
RESIDENT,LADS,0,,-,947,COG,群馬県,1659,COG,群馬県,2305,G*,群馬県,0,,-
RESIDENT,kors k's How to make OTOGE CORE 「LONG」,0,,-,1209,COG,群馬県,2361,RCHE,群馬県,3616,G*,群馬県,0,,-
RESIDENT,KING,451,FLG.,群馬県,950,COG,群馬県,1975,COG,群馬県,3098,G*,群馬県,3941,G*,群馬県
RESIDENT,I,0,,-,1243,COG,群馬県,2267,KOUME,群馬県,3746,G*,群馬県,0,,-
RESIDENT,Hat Surprise (Season 2),0,,-,1020,COG,群馬県,1807,COG,群馬県,3357,TIN3TO,群馬県,0,,-
RESIDENT,glacia,0,,-,1195,COG,群馬県,2129,B,群馬県,2976,G*,群馬県,0,,-
RESIDENT,GET UP AGAIN,0,,-,1119,COG,群馬県,1697,COG,群馬県,2448,G*,群馬県,0,,-
RESIDENT,Get On Your Feet,0,,-,1133,RINNE*,群馬県,1788,COG,群馬県,2749,G*,群馬県,0,,-
RESIDENT,FLARE -炎舞- ft.Nana Takahashi,0,,-,1138,COG,群馬県,1872,COG,群馬県,2865,TIN3TO,群馬県,0,,-
RESIDENT,Fading Stars,0,,-,1098,COG,群馬県,1629,COG,群馬県,2721,G*,群馬県,0,,-
RESIDENT,EZ DO DANCE,389,RINNE*,群馬県,774,COG,群馬県,1414,RINNE*,群馬県,1983,G*,群馬県,0,,-
RESIDENT,EXODUS SIGN,0,,-,1243,COG,群馬県,1786,COG,群馬県,2696,G*,群馬県,0,,-
RESIDENT,Driver,0,,-,900,COG,群馬県,1294,COG,群馬県,1806,G*,群馬県,0,,-
RESIDENT,Dreaming Dream,0,,-,838,COG,群馬県,1420,COG,群馬県,2281,G*,群馬県,0,,-
RESIDENT,dica dica,0,,-,1162,COG,群馬県,2363,RINNE*,群馬県,3186,G*,群馬県,0,,-
RESIDENT,DIAMOND JACKAL,0,,-,1056,COG,群馬県,1602,COG,群馬県,2590,G*,群馬県,0,,-
RESIDENT,CUE CUE RESCUE,528,A-,群馬県,1153,COG,群馬県,1684,COG,群馬県,2553,G*,群馬県,3084,G*,群馬県
RESIDENT,CODE -CRiMSON-,0,,-,1327,RINNE*,群馬県,1897,COG,群馬県,3025,G*,群馬県,0,,-
RESIDENT,Chaotoxin,0,,-,1182,RINNE*,群馬県,1731,COG,群馬県,3378,G*,群馬県,0,,-
RESIDENT,Caldwell 99,0,,-,1051,COG,群馬県,1895,COG,群馬県,2504,O.,群馬県,3219,3TOTIN,群馬県
RESIDENT,C-C-C-N-N-N,0,,-,1005,COG,群馬県,1747,COG,群馬県,2815,G*,群馬県,0,,-
RESIDENT,BIGWAVERS,0,,-,1169,COG,群馬県,1889,COG,群馬県,3560,G*,群馬県,0,,-
RESIDENT,Beyond Evolution,0,,-,1493,COG,群馬県,2519,O.,群馬県,4124,G*,群馬県,0,,-
RESIDENT,Bad Encryption,0,,-,1317,COG,群馬県,1950,COG,群馬県,3175,G*,群馬県,0,,-
RESIDENT,B.O.D.Y.,0,,-,1111,COG,群馬県,2154,IKASU3,群馬県,3415,G*,群馬県,0,,-
RESIDENT,AWA AWA,0,,-,784,COG,群馬県,1330,COG,群馬県,2327,G*,群馬県,0,,-
RESIDENT,anthracene,0,,-,974,COG,群馬県,1900,COG,群馬県,3386,G*,群馬県,0,,-
RESIDENT,Ambush Ace,0,,-,1077,COG,群馬県,2100,COG,群馬県,2946,G*,群馬県,0,,-
RESIDENT,Always We Trust In You,0,,-,1192,B-1824,群馬県,1847,COG,群馬県,3201,G*,群馬県,0,,-
RESIDENT,7 Colors,0,,-,633,COG,群馬県,1201,RINNE*,群馬県,1940,G*,群馬県,0,,-
RESIDENT,3V0,0,,-,1053,COG,群馬県,1826,COG,群馬県,3009,G*,群馬県,0,,-
RESIDENT,24h Endurance Race,0,,-,1001,COG,群馬県,2104,CAT,群馬県,3395,G*,群馬県,0,,-
RESIDENT,#CMFLG,0,,-,1191,COG,群馬県,2288,COG,群馬県,3391,3TOTIN,群馬県,0,,-
6th style,L'amour et la liberte,0,,-,961,TAQAN,群馬県,1586,G*,群馬県,2042,G*,群馬県,0,,-
9th style,PARANOIA survivor MAX,0,,-,952,PA-SHI,群馬県,1269,465,群馬県,2117,G*,群馬県,0,,-
9th style,Logic Board,0,,-,1042,COG,群馬県,1760,COG,群馬県,2317,FBI,群馬県,0,,-
PENDUAL,GUILTY,0,,-,990,RINNE*,群馬県,1529,465,群馬県,1903,G*,群馬県,2988,G*,群馬県
CANNON BALLERS,共犯ヘヴンズコード,0,,-,487,NO.IZE,群馬県,1307,CHLOE,群馬県,2257,3TOTIN,群馬県,0,,-
RESIDENT,異心前進♪ぴょんぴょんぴょん,0,,-,1094,A-,群馬県,1638,PA-SHI,群馬県,2518,G*,群馬県,0,,-
EPOLIS,電腦都市,0,,-,1419,COG,群馬県,2250,COG,群馬県,3419,G*,群馬県,0,,-
EPOLIS,電子になりたい,0,,-,847,COG,群馬県,1447,G*,群馬県,2023,G*,群馬県,0,,-
EPOLIS,電光,0,,-,1064,COG,群馬県,1865,COG,群馬県,3006,FBI,群馬県,0,,-
EPOLIS,雫,0,,-,1020,COG,群馬県,2042,RINNE*,群馬県,2701,G*,群馬県,0,,-
EPOLIS,閉塞的フレーション,0,,-,1019,COG,群馬県,1635,COG,群馬県,2439,G*,群馬県,0,,-
EPOLIS,酔いどれ知らず,276,RINNE*,群馬県,828,COG,群馬県,1284,COG,群馬県,2228,G*,群馬県,0,,-
EPOLIS,終焔のClaudia,0,,-,1387,COG,群馬県,1938,5QOO,群馬県,2761,G*,群馬県,0,,-
EPOLIS,神様、つれない。,0,,-,699,B-1824,群馬県,1425,COG,群馬県,2152,G*,群馬県,0,,-
EPOLIS,"灼熱Beach Side Bunny (かめりあ's ""Summertime D'n'B"" Remix)",0,,-,1075,COG,群馬県,1946,COG,群馬県,3188,G*,群馬県,0,,-
EPOLIS,流桜ノ門,0,,-,1017,COG,群馬県,1594,RINNE*,群馬県,2145,G*,群馬県,0,,-
EPOLIS,残像ニ繋ガレタ追憶ノHIDEAWAY,0,,-,1194,RINNE*,群馬県,2268,RINNE*,群馬県,3570,G*,群馬県,0,,-
EPOLIS,果たせぬ約束 ft. 小林マナ,0,,-,1183,COG,群馬県,1951,COG,群馬県,3014,G*,群馬県,0,,-
EPOLIS,未完成ノ蒸氣驅動乙女,0,,-,1095,COG,群馬県,2055,5QOO,群馬県,3019,G*,群馬県,0,,-
EPOLIS,摩天楼,0,,-,694,COG,群馬県,1496,COG,群馬県,2579,G*,群馬県,0,,-
EPOLIS,愛包ダンスホール,354,TOTIGI,群馬県,939,COG,群馬県,1389,COG,群馬県,2569,3TOTIN,群馬県,0,,-
EPOLIS,惑星鉄道,0,,-,1132,PA-SHI,群馬県,1911,HAMA3,群馬県,2941,G*,群馬県,0,,-
EPOLIS,寝起きヤシの木,475,TOTIGI,群馬県,1096,COG,群馬県,1810,COG,群馬県,2807,G*,群馬県,0,,-
EPOLIS,夢縁,0,,-,1207,COG,群馬県,2106,COG,群馬県,3019,G*,群馬県,0,,-
EPOLIS,夏風邪デスコ,315,RINNE*,群馬県,824,COG,群馬県,1764,COG,群馬県,2676,G*,群馬県,0,,-
EPOLIS,唱,192,TOTIGI,群馬県,464,COG,群馬県,1025,COG,群馬県,1757,3104,群馬県,0,,-
EPOLIS,可愛くてごめん,284,RINNE*,群馬県,628,COG,群馬県,1402,COG,群馬県,2261,GANJYA,群馬県,2804,G*,群馬県
EPOLIS,勇者,375,RINNE*,群馬県,814,COG,群馬県,1442,COG,群馬県,2479,G*,群馬県,0,,-
EPOLIS,傷つけど、愛してる。,350,RINNE*,群馬県,883,COG,群馬県,1394,COG,群馬県,2081,3104,群馬県,0,,-
EPOLIS,今宵、ロマンス横丁。,0,,-,1145,COG,群馬県,2284,COG,群馬県,3344,G*,群馬県,0,,-
EPOLIS,リメンバーリメンバー,0,,-,513,RINNE*,群馬県,974,ARUS,群馬県,1692,G*,群馬県,0,,-
EPOLIS,ラビットホール,683,RINNE*,群馬県,1408,B-1824,群馬県,2080,RINNE*,群馬県,2936,G*,群馬県,0,,-
EPOLIS,マーシャル・マキシマイザー,428,A-,群馬県,818,COG,群馬県,1449,COG,群馬県,2161,G*,群馬県,0,,-
EPOLIS,ポラリスノウタ,297,TAQAN,群馬県,864,COG,群馬県,1640,COG,群馬県,2282,G*,群馬県,0,,-
EPOLIS,フォニイ,630,RINNE*,群馬県,1227,COG,群馬県,2000,RINNE*,群馬県,2900,G*,群馬県,3943,G*,群馬県
EPOLIS,デビルじゃないもん,348,TOTIGI,群馬県,838,RINNE*,群馬県,1364,COG,群馬県,2104,G*,群馬県,0,,-
EPOLIS,センチメンタル・サマー,0,,-,674,COG,群馬県,1291,COG,群馬県,1994,ISZO!,群馬県,0,,-
EPOLIS,シンデレラ,538,TAQAN,群馬県,876,COG,群馬県,1547,COG,群馬県,2234,G*,群馬県,0,,-
EPOLIS,アタシ完全絶対正義ちゃん！,0,,-,994,COG,群馬県,1602,COG,群馬県,2157,G*,群馬県,0,,-
EPOLIS,アイドル,282,TOTIGI,群馬県,890,COG,群馬県,1519,COG,群馬県,2618,G*,群馬県,3156,GANJYA,群馬県
EPOLIS,れとりば！,0,,-,862,COG,群馬県,1337,RINNE*,群馬県,2064,G*,群馬県,0,,-
EPOLIS,めうめうぺったんたん！！ (ZAQUVA Remix),0,,-,1056,COG,群馬県,1917,COG,群馬県,2817,G*,群馬県,0,,-
EPOLIS,ないないルーティン,0,,-,596,COG,群馬県,1361,COG,群馬県,2101,G*,群馬県,0,,-
EPOLIS,ちゅ、多様性。,218,RINNE*,群馬県,528,COG,群馬県,1150,RINNE*,群馬県,1925,G*,群馬県,2263,3TOTIN,群馬県
EPOLIS,《PL|RAYER》,0,,-,934,COG,群馬県,1736,RINNE*,群馬県,2781,RCHE,群馬県,0,,-
EPOLIS,ZEROIN ON THE LIGHT,0,,-,1130,COG,群馬県,1756,COG,群馬県,2680,G*,群馬県,0,,-
EPOLIS,Xb10r,0,,-,1212,B-1824,群馬県,2288,COG,群馬県,3592,G*,群馬県,0,,-
EPOLIS,winkle 2 winkle,0,,-,1060,RINNE*,群馬県,1867,COG,群馬県,2807,G*,群馬県,0,,-
EPOLIS,WaterCube Pf.(RX-Ver.S.P.L.),0,,-,581,COG,群馬県,1351,COG,群馬県,2176,G*,群馬県,0,,-
EPOLIS,Vulnerability,0,,-,1323,COG,群馬県,1939,COG,群馬県,3698,G*,群馬県,0,,-
EPOLIS,Vermilion Carol,0,,-,1373,PA-SHI,群馬県,2211,465,群馬県,3611,G*,群馬県,0,,-
EPOLIS,Tripping Jumping,0,,-,847,COG,群馬県,1585,COG,群馬県,2308,G*,群馬県,0,,-
EPOLIS,TRIP THE DEEP,0,,-,1015,B-1824,群馬県,1624,COG,群馬県,2521,G*,群馬県,0,,-
EPOLIS,Too Late Snow,0,,-,804,COG,群馬県,1425,COG,群馬県,2009,FBI,群馬県,0,,-
EPOLIS,TITANIUM RIDERS,0,,-,899,COG,群馬県,1510,COG,群馬県,2140,G*,群馬県,0,,-
EPOLIS,Time Distortion pt.2(IIDX Edit),0,,-,1329,COG,群馬県,1964,COG,群馬県,2965,G*,群馬県,0,,-
EPOLIS,This Is Club Musik feat. 大久保紅葉,0,,-,1103,COG,群馬県,1758,COG,群馬県,2657,G*,群馬県,0,,-
EPOLIS,The Onlyonez,0,,-,1024,COG,群馬県,1719,COG,群馬県,3154,G*,群馬県,0,,-
EPOLIS,The Last Apocalypse,0,,-,1423,COG,群馬県,2455,COG,群馬県,3701,G*,群馬県,0,,-
EPOLIS,T.R.O.L.L.,0,,-,1010,COG,群馬県,1723,COG,群馬県,2486,G*,群馬県,0,,-
EPOLIS,Sword of Vengeance,0,,-,1420,B-1824,群馬県,2141,RINNE*,群馬県,3273,G*,群馬県,0,,-
EPOLIS,Submerge Serenade,0,,-,1092,COG,群馬県,1823,COG,群馬県,2960,G*,群馬県,0,,-
EPOLIS,Stereo Beasts,0,,-,1349,COG,群馬県,2532,COG,群馬県,3715,G*,群馬県,0,,-
EPOLIS,squall,0,,-,1216,RINNE*,群馬県,1780,COG,群馬県,2690,G*,群馬県,0,,-
EPOLIS,Speculation,0,,-,1022,COG,群馬県,1800,COG,群馬県,3049,G*,群馬県,0,,-
EPOLIS,SOLAR ECLIPSE,0,,-,1507,COG,群馬県,2397,COG,群馬県,3628,G*,群馬県,0,,-
EPOLIS,So What,0,,-,625,COG,群馬県,1171,COG,群馬県,1827,3104,群馬県,0,,-
EPOLIS,Sirius,0,,-,1017,COG,群馬県,1663,COG,群馬県,3260,G*,群馬県,0,,-
EPOLIS,Shapeshifter,0,,-,1120,COG,群馬県,1709,COG,群馬県,2549,G*,群馬県,0,,-
EPOLIS,Seven Times Four,0,,-,1178,COG,群馬県,1989,COG,群馬県,3407,3TOTIN,群馬県,0,,-
EPOLIS,See You Again,0,,-,1195,COG,群馬県,1860,RINNE*,群馬県,3136,G*,群馬県,0,,-
EPOLIS,Riff//rain,212,RINNE*,群馬県,734,COG,群馬県,1275,RINNE*,群馬県,1814,G*,群馬県,0,,-
EPOLIS,Resonant,0,,-,1081,COG,群馬県,2345,COG,群馬県,3670,G*,群馬県,0,,-
EPOLIS,Red Determination,0,,-,1058,COG,群馬県,1582,ARUS,群馬県,2542,XEPHY,群馬県,0,,-
EPOLIS,Psychedelic Intelligence,0,,-,1249,RINNE*,群馬県,1868,RINNE*,群馬県,2838,RCHE,群馬県,0,,-
EPOLIS,PILGRIM,0,,-,985,RINNE*,群馬県,1712,COG,群馬県,2740,G*,群馬県,0,,-
EPOLIS,out of disk space,0,,-,1110,COG,群馬県,1945,COG,群馬県,2561,GANJYA,群馬県,0,,-
EPOLIS,Out of Control,0,,-,1174,COG,群馬県,2246,465,群馬県,3107,G*,群馬県,0,,-
EPOLIS,NEEDLESS MY LOVE FOR YOU,0,,-,1008,TAQAN,群馬県,1649,RINNE*,群馬県,2446,G*,群馬県,0,,-
EPOLIS,My Sweet Bird?,0,,-,853,COG,群馬県,1525,COG,群馬県,2207,RCHE,群馬県,0,,-
EPOLIS,Mukade,0,,-,1135,COG,群馬県,1894,COG,群馬県,3261,G*,群馬県,0,,-
EPOLIS,Monkey Business,0,,-,721,COG,群馬県,1550,PA-SHI,群馬県,2601,G*,群馬県,0,,-
EPOLIS,Million Dollar,0,,-,1184,COG,群馬県,1963,COG,群馬県,3444,G*,群馬県,0,,-
EPOLIS,MAXIMUM CHEAT GIRL,0,,-,1243,COG,群馬県,2177,COG,群馬県,3642,G*,群馬県,0,,-
EPOLIS,Level 5,0,,-,1335,COG,群馬県,2418,COG,群馬県,3526,G*,群馬県,0,,-
EPOLIS,JUSTICE/GUILTY feat. Nana Takahashi & 709sec.,0,,-,1753,COG,群馬県,2490,J,群馬県,3887,G*,群馬県,0,,-
EPOLIS,Just Gimme,0,,-,964,COG,群馬県,1712,ARUS,群馬県,2736,GANJYA,群馬県,0,,-
EPOLIS,Jumper,0,,-,916,G*,群馬県,1512,COG,群馬県,2420,G*,群馬県,0,,-
EPOLIS,Iris,414,46GANE,群馬県,842,COG,群馬県,1544,COG,群馬県,2216,G*,群馬県,0,,-
EPOLIS,INHERITANCE,0,,-,1088,COG,群馬県,1786,ARUS,群馬県,2848,G*,群馬県,0,,-
EPOLIS,i-ii,0,,-,1099,COG,群馬県,1756,COG,群馬県,2865,FBI,群馬県,0,,-
EPOLIS,Hat Surprise (Season 3),0,,-,1252,COG,群馬県,2132,COG,群馬県,2687,3TOTIN,群馬県,0,,-
EPOLIS,Hard Breaker,0,,-,777,COG,群馬県,1561,COG,群馬県,2506,3104,群馬県,0,,-
EPOLIS,GLORIOUS HAMMER,0,,-,1103,COG,群馬県,1921,COG,群馬県,3130,G*,群馬県,0,,-
EPOLIS,GloriosA,0,,-,1239,COG,群馬県,1994,COG,群馬県,2870,G*,群馬県,0,,-
EPOLIS,Glitch N Ride,0,,-,883,COG,群馬県,1531,COG,群馬県,2666,G*,群馬県,0,,-
EPOLIS,Ghost Pulse,0,,-,1065,COG,群馬県,1681,COG,群馬県,2803,G*,群馬県,0,,-
EPOLIS,Get Wicked,0,,-,896,COG,群馬県,1462,COG,群馬県,2473,G*,群馬県,0,,-
EPOLIS,Get Higher,0,,-,986,COG,群馬県,1745,COG,群馬県,2300,GANJYA,群馬県,0,,-
EPOLIS,GAME ON,0,,-,1386,COG,群馬県,2228,DBZ,群馬県,2712,G*,群馬県,0,,-
EPOLIS,frequent,0,,-,1328,COG,群馬県,2287,COG,群馬県,3764,G*,群馬県,0,,-
EPOLIS,Echoes of Sunfall,0,,-,1040,COG,群馬県,1644,COG,群馬県,3006,G*,群馬県,0,,-
EPOLIS,Demon March,0,,-,1480,COG,群馬県,2345,COG,群馬県,3673,G*,群馬県,0,,-
EPOLIS,Deep Sea Mystery,0,,-,1126,COG,群馬県,1482,COG,群馬県,1985,G*,群馬県,0,,-
EPOLIS,DAZZLE ATTACK,550,ONENNE,群馬県,987,COG,群馬県,1678,COG,群馬県,2862,G*,群馬県,0,,-
EPOLIS,Dahlia,0,,-,1319,COG,群馬県,2093,COG,群馬県,3194,G*,群馬県,0,,-
EPOLIS,Cult Invitation,0,,-,1232,COG,群馬県,1910,COG,群馬県,3482,G*,群馬県,0,,-
EPOLIS,COUNTING SHEEP ft. Kanae Asaba,0,,-,675,ONENNE,群馬県,1308,COG,群馬県,2226,G*,群馬県,0,,-
EPOLIS,CODE:2,0,,-,1084,COG,群馬県,1777,COG,群馬県,2971,G*,群馬県,0,,-
EPOLIS,Chemical Colours,0,,-,1049,COG,群馬県,2028,COG,群馬県,2818,G*,群馬県,0,,-
EPOLIS,CADENZA,0,,-,1536,COG,群馬県,2457,COG,群馬県,4598,G*,群馬県,0,,-
EPOLIS,BLAZING_LAZER,0,,-,1249,COG,群馬県,2093,COG,群馬県,3457,G*,群馬県,0,,-
EPOLIS,Bitter & Lucky,0,,-,884,COG,群馬県,1391,COG,群馬県,2550,G*,群馬県,0,,-
EPOLIS,Amethyst,0,,-,1318,B-1824,群馬県,1839,COG,群馬県,2630,G*,群馬県,0,,-
EPOLIS,Ambivalent Vermilia,0,,-,1538,COG,群馬県,2381,COG,群馬県,4166,G*,群馬県,0,,-
EPOLIS,Akatsuki,0,,-,1011,ONENNE,群馬県,1573,B,群馬県,2267,GANJYA,群馬県,0,,-
EPOLIS,Aeterna,0,,-,996,COG,群馬県,1590,COG,群馬県,2566,G*,群馬県,0,,-
EPOLIS,ACT0,0,,-,1266,COG,群馬県,2171,COG,群馬県,3009,G*,群馬県,0,,-
EPOLIS,20XX,0,,-,1219,COG,群馬県,1801,COG,群馬県,2722,G*,群馬県,0,,-
6th style,L’amour et la libert?,0,,-,935,MACRO3,群馬県,1527,465,群馬県,1948,RINNE*,群馬県,0,,-
9th style,ADVANCE,0,,-,473,RINNE*,群馬県,841,ONENNE,群馬県,1597,GANJYA,群馬県,0,,-
Lincle,A MINSTREL ～ ver. short-scape ～,0,,-,678,ONENNE,群馬県,1453,COG,群馬県,2356,3TOTIN,群馬県,3894,G*,群馬県
RESIDENT,VOID,0,,-,1227,MACRO3,群馬県,1742,A-,群馬県,3126,GANJYA,群馬県,0,,-
Pinky Crush,ＰＡＳＴＥＬＩＳＭ,0,,-,1046,RINNE*,群馬県,1539,COG,群馬県,2117,G*,群馬県,0,,-
Pinky Crush,飴玉,0,,-,598,COG,群馬県,903,COG,群馬県,1385,G*,群馬県,0,,-
Pinky Crush,進捗ダメダメです,289,RINNE*,群馬県,805,COG,群馬県,1605,RINNE*,群馬県,2242,G*,群馬県,0,,-
Pinky Crush,覚悟せよ！エンタンメ～ン ～より身の切り売り自暴自棄版～,0,,-,1059,COG,群馬県,1892,COG,群馬県,2874,G*,群馬県,0,,-
Pinky Crush,爆ぜりゃんせ,0,,-,1126,COG,群馬県,1913,COG,群馬県,2999,G*,群馬県,0,,-
Pinky Crush,無双,0,,-,1183,RINNE*,群馬県,1967,RINNE*,群馬県,3313,3TOTIN,群馬県,0,,-
Pinky Crush,灼熱 Lost Summer Dayz,0,,-,1045,B-1824,群馬県,1875,3TOTIN,群馬県,2785,G*,群馬県,0,,-
Pinky Crush,消極的セツナイズム,0,,-,977,COG,群馬県,1602,COG,群馬県,2289,3TOTIN,群馬県,0,,-
Pinky Crush,朱と碧のランページ,0,,-,1028,RINNE*,群馬県,1703,ARUS,群馬県,2517,GANJYA,群馬県,0,,-
Pinky Crush,最強頂戴girl,0,,-,866,COG,群馬県,1479,COG,群馬県,2196,GANJYA,群馬県,0,,-
Pinky Crush,断罪の一花,0,,-,894,COG,群馬県,1556,COG,群馬県,2584,G*,群馬県,0,,-
Pinky Crush,我ら完全無敵のアイドル!!,245,RINNE*,群馬県,1049,COG,群馬県,1649,COG,群馬県,2556,GANJYA,群馬県,0,,-
Pinky Crush,弾幕信仰,0,,-,1073,RINNE*,群馬県,1658,COG,群馬県,2506,3TOTIN,群馬県,0,,-
Pinky Crush,天使のカンタータ -Cantata of Angels-,0,,-,1261,COG,群馬県,2170,COG,群馬県,4191,G*,群馬県,0,,-
Pinky Crush,ロマンシングエスケープ,0,,-,439,COG,群馬県,1134,ONENNE,群馬県,1830,3TOTIN,群馬県,0,,-
Pinky Crush,メズマライザー,582,RINNE*,群馬県,1171,COG,群馬県,1839,SUFOLK,群馬県,2748,G*,群馬県,0,,-
Pinky Crush,ファイナルレター,0,,-,992,COG,群馬県,1895,COG,群馬県,2651,3TOTIN,群馬県,0,,-
Pinky Crush,ビビデバ,266,RINNE*,群馬県,790,COG,群馬県,1334,COG,群馬県,2047,G*,群馬県,0,,-
Pinky Crush,ハルイロメロディー,0,,-,879,COG,群馬県,1405,COG,群馬県,2209,RINNE*,群馬県,0,,-
Pinky Crush,ハオ,304,SAKIRO,群馬県,878,RINNE*,群馬県,1752,RINNE*,群馬県,2878,GANJYA,群馬県,0,,-
Pinky Crush,ドーナツホール 2024,347,ONENNE,群馬県,996,COG,群馬県,1629,COG,群馬県,2371,GANJYA,群馬県,0,,-
Pinky Crush,ドリムチウ,0,,-,868,COG,群馬県,1583,COG,群馬県,2567,FBI,群馬県,0,,-
Pinky Crush,スパークリング☆彡ハイパーチューン！！,0,,-,1481,COG,群馬県,2188,RCHE,群馬県,3665,G*,群馬県,0,,-
Pinky Crush,スキッテイエェエエェ!!!!,0,,-,1583,COG,群馬県,2533,COG,群馬県,4320,G*,群馬県,0,,-
Pinky Crush,ゲシュタルト,402,RINNE*,群馬県,956,RINNE*,群馬県,1584,ARUS,群馬県,2478,G*,群馬県,0,,-
Pinky Crush,ギャ・ギャ・ギャ・ギャラクシー！,0,,-,918,COG,群馬県,1640,COG,群馬県,2382,GANJYA,群馬県,0,,-
Pinky Crush,キスキツネ,197,RINNE*,群馬県,887,ONENNE,群馬県,1483,COG,群馬県,2361,3TOTIN,群馬県,0,,-
Pinky Crush,オブソミート,238,RINNE*,群馬県,876,B-1824,群馬県,1501,COG,群馬県,2407,G*,群馬県,0,,-
Pinky Crush,オッド ラヴィ,393,RINNE*,群馬県,1066,COG,群馬県,1778,RINNE*,群馬県,2537,G*,群馬県,0,,-
Pinky Crush,エクスプロウル,0,,-,955,COG,群馬県,1620,RINNE*,群馬県,2408,GANJYA,群馬県,0,,-
Pinky Crush,イガク,320,RINNE*,群馬県,888,COG,群馬県,1519,COG,群馬県,2045,G*,群馬県,0,,-
Pinky Crush,アラビアン ハイパー ナイト,0,,-,1209,COG,群馬県,1873,COG,群馬県,3227,3TOTIN,群馬県,0,,-
Pinky Crush,きゅうくらりん,449,TAQAN,群馬県,890,COG,群馬県,1721,COG,群馬県,2402,G*,群馬県,0,,-
Pinky Crush,きみのせかい,0,,-,1033,COG,群馬県,1665,COG,群馬県,2873,G*,群馬県,0,,-
Pinky Crush,えだまめカレークッキング,434,RINNE*,群馬県,826,COG,群馬県,1299,COG,群馬県,2202,G*,群馬県,0,,-
Pinky Crush,XHRONOXAPSULΞ,0,,-,1187,COG,群馬県,2314,COG,群馬県,3877,G*,群馬県,0,,-
Pinky Crush,Without Heaven,0,,-,1325,RINNE*,群馬県,2152,COG,群馬県,3700,G*,群馬県,0,,-
Pinky Crush,Vibing! Shake it!,0,,-,978,COG,群馬県,1672,RINNE*,群馬県,2484,G*,群馬県,0,,-
Pinky Crush,uen,0,,-,1415,COG,群馬県,2105,5QOO,群馬県,3020,G*,群馬県,0,,-
Pinky Crush,Uaigh Gealai,0,,-,1311,COG,群馬県,2213,COG,群馬県,3848,G*,群馬県,0,,-
Pinky Crush,u gotta beat,0,,-,1353,COG,群馬県,2363,G*,群馬県,3566,G*,群馬県,0,,-
Pinky Crush,TECHNO RUMBLE,0,,-,1166,ONENNE,群馬県,1820,COG,群馬県,2940,G*,群馬県,0,,-
Pinky Crush,SμG@R RU$#,0,,-,1418,COG,群馬県,2396,COG,群馬県,3730,G*,群馬県,0,,-
Pinky Crush,SUPER HEROINE!!,0,,-,937,COG,群馬県,1632,RINNE*,群馬県,2290,3TOTIN,群馬県,0,,-
Pinky Crush,Stargazing Trip ～星 探す旅～ ft. 小林マナ,0,,-,1087,RINNE*,群馬県,1793,COG,群馬県,2685,G*,群馬県,0,,-
Pinky Crush,Space In Time,0,,-,863,COG,群馬県,1564,COG,群馬県,2067,G*,群馬県,0,,-
Pinky Crush,Slumber☆Party,0,,-,836,RINNE*,群馬県,1768,COG,群馬県,2321,G*,群馬県,0,,-
Pinky Crush,Skratch Education Lv-1,0,,-,1065,PA-SHI,群馬県,1705,PA-SHI,群馬県,2814,G*,群馬県,0,,-
Pinky Crush,SISYPHUS,0,,-,992,RINNE*,群馬県,1702,RINNE*,群馬県,2504,3TOTIN,群馬県,0,,-
Pinky Crush,Show Me All Your Love,0,,-,1122,RINNE*,群馬県,2008,3TOTIN,群馬県,2900,3TOTIN,群馬県,0,,-
Pinky Crush,Shirdal,0,,-,873,COG,群馬県,1515,COG,群馬県,2499,G*,群馬県,0,,-
Pinky Crush,Secret Rouge,0,,-,854,COG,群馬県,1655,COG,群馬県,2313,3TOTIN,群馬県,0,,-
Pinky Crush,Satellite Burst,0,,-,1248,COG,群馬県,2172,COG,群馬県,3904,G*,群馬県,0,,-
Pinky Crush,Roar of Chronos,0,,-,1246,COG,群馬県,2192,RCHE,群馬県,3952,G*,群馬県,0,,-
Pinky Crush,RAVE SYNDROME,0,,-,1030,COG,群馬県,1733,COG,群馬県,2799,G*,群馬県,0,,-
Pinky Crush,Raspberry Potion (feat.あれたん & ぎゃるのしん☆),0,,-,905,COG,群馬県,1790,RINNE*,群馬県,2527,G*,群馬県,0,,-
Pinky Crush,PopなEDEN,0,,-,980,COG,群馬県,1631,COG,群馬県,2463,G*,群馬県,0,,-
Pinky Crush,Plea Per Phase,0,,-,1032,ONENNE,群馬県,1752,COG,群馬県,2750,3TOTIN,群馬県,0,,-
Pinky Crush,Plazma,265,RINNE*,群馬県,689,ONENNE,群馬県,1251,ARUS,群馬県,2034,G*,群馬県,0,,-
Pinky Crush,PIT A PAT,0,,-,1034,COG,群馬県,1825,COG,群馬県,2589,G*,群馬県,0,,-
Pinky Crush,Pinky Happy Crazy,0,,-,1333,COG,群馬県,2452,5QOO,群馬県,3434,3TOTIN,群馬県,0,,-
Pinky Crush,PERFECT HUMAN,528,RINNE*,群馬県,896,COG,群馬県,1450,COG,群馬県,2201,SYNCH,群馬県,0,,-
Pinky Crush,NOIXIA,0,,-,1404,RINNE*,群馬県,2277,COG,群馬県,3969,G*,群馬県,0,,-
Pinky Crush,MVP,0,,-,927,COG,群馬県,1532,COG,群馬県,2619,G*,群馬県,0,,-
Pinky Crush,Mighty Cutie,0,,-,1155,COG,群馬県,2007,RINNE*,群馬県,2777,G*,群馬県,0,,-
Pinky Crush,Mid-Corner (Magic Maker),0,,-,1225,COG,群馬県,2029,COG,群馬県,3185,G*,群馬県,0,,-
Pinky Crush,MARLIN,0,,-,1208,COG,群馬県,2306,G*,群馬県,3555,G*,群馬県,0,,-
Pinky Crush,Lycoris,0,,-,777,COG,群馬県,1382,COG,群馬県,2040,XEPHY,群馬県,0,,-
Pinky Crush,lowercase lifetime,0,,-,1085,COG,群馬県,2086,COG,群馬県,2806,G*,群馬県,0,,-
Pinky Crush,Lightspeed,0,,-,1286,COG,群馬県,2068,COG,群馬県,3172,G*,群馬県,0,,-
Pinky Crush,KOTONOHA ft. Kotoha,0,,-,840,COG,群馬県,1322,COG,群馬県,1985,G*,群馬県,0,,-
Pinky Crush,IN BETWEEN,0,,-,919,RINNE*,群馬県,1509,ARUS,群馬県,2371,3TOTIN,群馬県,0,,-
Pinky Crush,hora de verdad,0,,-,1138,COG,群馬県,1978,RINNE*,群馬県,2976,3TOTIN,群馬県,0,,-
Pinky Crush,Here We Go Now,0,,-,1152,COG,群馬県,2207,COG,群馬県,3338,G*,群馬県,0,,-
Pinky Crush,Good Looking,0,,-,743,ONENNE,群馬県,1297,RINNE*,群馬県,2063,GANJYA,群馬県,0,,-
Pinky Crush,God Mind,0,,-,1532,COG,群馬県,2680,G*,群馬県,4157,G*,群馬県,0,,-
Pinky Crush,get set mind,0,,-,1031,COG,群馬県,1578,COG,群馬県,2455,G*,群馬県,0,,-
Pinky Crush,Galaxy Collapse,0,,-,832,COG,群馬県,1262,COG,群馬県,1869,465,群馬県,0,,-
Pinky Crush,FlyAway,0,,-,1242,COG,群馬県,2017,COG,群馬県,3249,G*,群馬県,0,,-
Pinky Crush,Flamingo,0,,-,1072,COG,群馬県,2249,465,群馬県,3304,3TOTIN,群馬県,0,,-
Pinky Crush,Fiery Stallion,0,,-,898,COG,群馬県,1676,COG,群馬県,2399,3TOTIN,群馬県,0,,-
Pinky Crush,FERMI PARADOX,0,,-,1164,RINNE*,群馬県,1668,COG,群馬県,2532,G*,群馬県,0,,-
Pinky Crush,EYE OF THE HEAVEN,0,,-,1015,COG,群馬県,2315,RINNE*,群馬県,3512,3TOTIN,群馬県,0,,-
Pinky Crush,EX-MASSIVE FIGHTER,0,,-,1224,COG,群馬県,2131,3TOTIN,群馬県,3397,G*,群馬県,0,,-
Pinky Crush,everlastingeuphoria:,0,,-,1116,COG,群馬県,1681,COG,群馬県,2470,G*,群馬県,0,,-
Pinky Crush,ELYSIUM,0,,-,929,B-1824,群馬県,1558,COG,群馬県,2742,G*,群馬県,0,,-
Pinky Crush,Eleanor,0,,-,806,COG,群馬県,1394,COG,群馬県,2417,3TOTIN,群馬県,0,,-
Pinky Crush,Drop Syndicate,0,,-,1187,RINNE*,群馬県,1952,COG,群馬県,3670,G*,群馬県,0,,-
Pinky Crush,Dreamship,0,,-,937,COG,群馬県,1359,RINNE*,群馬県,1948,FBI,群馬県,0,,-
Pinky Crush,DIVINE JUDGEMENT,0,,-,1037,RINNE*,群馬県,1965,RINNE*,群馬県,2754,3TOTIN,群馬県,0,,-
Pinky Crush,Digital Radiance,0,,-,1154,COG,群馬県,1440,COG,群馬県,2025,GANJYA,群馬県,0,,-
Pinky Crush,destination,0,,-,1039,COG,群馬県,2275,G*,群馬県,3380,G*,群馬県,0,,-
Pinky Crush,Cross Fire,0,,-,1089,COG,群馬県,2162,COG,群馬県,3406,G*,群馬県,0,,-
Pinky Crush,COSMIC V3LOCITY,0,,-,1264,COG,群馬県,2277,COG,群馬県,3314,GANJYA,群馬県,0,,-
Pinky Crush,Constellation,0,,-,965,COG,群馬県,1818,COG,群馬県,2826,G*,群馬県,0,,-
Pinky Crush,Chasing After YOU ～夢の欠片～ ft. 小林マナ,0,,-,992,COG,群馬県,1445,B,群馬県,2059,G*,群馬県,0,,-
Pinky Crush,CHAOTIC SUNBIRD,0,,-,1242,COG,群馬県,1727,RINNE*,群馬県,3304,G*,群馬県,0,,-
Pinky Crush,Butterfly Twist,0,,-,1037,RINNE*,群馬県,1577,RINNE*,群馬県,2726,G*,群馬県,0,,-
Pinky Crush,Bring The Fire,0,,-,1193,COG,群馬県,1935,RINNE*,群馬県,3364,3TOTIN,群馬県,0,,-
Pinky Crush,Bling-Bang-Bang-Born,345,RINNE*,群馬県,664,COG,群馬県,1167,COG,群馬県,1977,G*,群馬県,0,,-
Pinky Crush,Bang-Boo Bumble,0,,-,1142,G*,群馬県,1964,COG,群馬県,2922,GANJYA,群馬県,0,,-
Pinky Crush,Arcanos,0,,-,669,COG,群馬県,1199,COG,群馬県,1980,3TOTIN,群馬県,0,,-
Pinky Crush,Aqvion,0,,-,1184,COG,群馬県,1940,RINNE*,群馬県,3537,G*,群馬県,0,,-
Pinky Crush,ADAMANT,0,,-,1153,COG,群馬県,1955,COG,群馬県,3033,G*,群馬県,0,,-
Pinky Crush,1116,0,,-,1124,COG,群馬県,2006,COG,群馬県,3094,G*,群馬県,0,,-
