バージョン,タイトル,BEGINNER EXスコア,BEGINNER DJName,BEGINNER 都道府県,NORMAL EXスコア,NORMAL DJName,NORMAL 都道府県,HYPER EXスコア,HYPER DJName,HYPER 都道府県,ANOTHER EXスコア,ANOTHER DJName,ANOTHER 都道府県,LEGGENDARIA EXスコア,LEGGENDARIA DJName,LEGGENDARIA 都道府県
1st&substream,THE EARTH LIGHT,0,,-,789,TORO,岡山県,1019,IDOMUN,岡山県,1151,O.N.O.,岡山県,0,,-
1st&substream,RUGGED ASH,0,,-,369,TORO,岡山県,398,TORO,岡山県,1082,CORIVE,岡山県,2040,CORIVE,岡山県
1st&substream,R3,0,,-,652,TORO,岡山県,715,NIEN,岡山県,904,CORIVE,岡山県,0,,-
1st&substream,PARANOIA MAX～DIRTY MIX～,0,,-,559,TORO,岡山県,740,TORO,岡山県,1109,GENO,岡山県,0,,-
1st&substream,Macho Gang,0,,-,371,KETY,岡山県,977,KAZU,岡山県,1628,CORIVE,岡山県,0,,-
1st&substream,KEEP ON MOVIN',0,,-,196,GENO,岡山県,244,GENO,岡山県,0,,-,0,,-
1st&substream,GRADIUSIC CYBER,0,,-,876,TORO,岡山県,999,TORO,岡山県,1203,GENO,岡山県,0,,-
1st&substream,gentle stress,0,,-,344,TORO,岡山県,673,GREIN,岡山県,1447,JIMAYO,岡山県,0,,-
1st&substream,GENOM SCREAMS,0,,-,420,TORO,岡山県,828,CORIVE,岡山県,1068,O.N.O.,岡山県,0,,-
1st&substream,GAMBOL,0,,-,274,GENO,岡山県,274,GENO,岡山県,0,,-,0,,-
1st&substream,Dr.LOVE,0,,-,406,TORO,岡山県,517,TORO,岡山県,580,GENO,岡山県,0,,-
1st&substream,deep in you,0,,-,497,TORO,岡山県,475,TOMJ,岡山県,661,GENO,岡山県,0,,-
1st&substream,5.1.1.,0,,-,198,GENO,岡山県,1020,GENO,岡山県,1568,O.N.O.,岡山県,0,,-
1st&substream,22DUNK,0,,-,519,TORO,岡山県,626,NIEN,岡山県,655,O.N.O.,岡山県,0,,-
2nd style,SP-TRIP MACHINE(for beatmania II),0,,-,507,TORO,岡山県,608,101I,岡山県,645,CORIVE,岡山県,0,,-
2nd style,PUT YOUR FAITH IN ME(for beatmania II),0,,-,577,TORO,岡山県,862,0HANA5,岡山県,0,,-,0,,-
2nd style,Indigo Vision(full flavour hide around mix),0,,-,876,TORO,岡山県,1118,O.N.O.,岡山県,1225,JIMAO,岡山県,0,,-
2nd style,I Was The One,0,,-,540,TORO,岡山県,633,101I,岡山県,696,GENO,岡山県,0,,-
2nd style,Electro Tuned(the SubS mix),0,,-,762,TORO,岡山県,907,HNBRK,岡山県,1065,CORIVE,岡山県,0,,-
2nd style,Digital MinD(A/T Libra mix),0,,-,729,TORO,岡山県,1044,TORO,岡山県,1123,ARTE3S,岡山県,0,,-
2nd style,.59,0,,-,704,TORO,岡山県,984,KURO,岡山県,1154,CORIVE,岡山県,0,,-
3rd style,THE SAFARI,361,INYS,岡山県,1159,TORO,岡山県,1752,O.N.O.,岡山県,0,,-,0,,-
3rd style,Tangerine Stream,0,,-,278,CU,岡山県,396,GENO,岡山県,0,,-,0,,-
3rd style,Skyscraper,0,,-,743,TORO,岡山県,1160,TORO,岡山県,1239,GENO,岡山県,0,,-
3rd style,Schlagwerk,0,,-,815,TORO,岡山県,1277,TORO,岡山県,1681,GENO,岡山県,0,,-
3rd style,REINCARNATION,0,,-,835,TORO,岡山県,995,BEAT,岡山県,1279,GENO,岡山県,0,,-
3rd style,R5,0,,-,771,TORO,岡山県,1142,TORO,岡山県,1769,CORIVE,岡山県,0,,-
3rd style,Presto,0,,-,534,TORO,岡山県,961,DONMAI,岡山県,1012,GENO,岡山県,0,,-
3rd style,LEADING CYBER,0,,-,852,TORO,岡山県,1170,TORO,岡山県,1268,GENO,岡山県,0,,-
3rd style,Holic,0,,-,779,TORO,岡山県,1170,TORO,岡山県,1718,CORIVE,岡山県,0,,-
3rd style,era (nostalmix),0,,-,838,TORO,岡山県,1104,CORIVE,岡山県,1549,CORIVE,岡山県,0,,-
3rd style,Don't Stop!,0,,-,776,TORO,岡山県,850,TORO,岡山県,905,GENO,岡山県,0,,-
3rd style,CAN'T STOP FALLIN'IN LOVE,0,,-,615,TORO,岡山県,1249,GENO,岡山県,0,,-,0,,-
4th style,Voltage (feat. Hidemaru),0,,-,922,TORO,岡山県,1213,0HANA5,岡山県,1333,CORIVE,岡山県,0,,-
4th style,SWEET LAB,0,,-,535,TORO,岡山県,935,SHO-U,岡山県,1382,CORIVE,岡山県,0,,-
4th style,starmine,443,KAZU,岡山県,906,ARTE3S,岡山県,1423,ARTE3S,岡山県,1584,O.N.O.,岡山県,0,,-
4th style,Mr.T.(take me higher),0,,-,841,TORO,岡山県,989,KURO,岡山県,1763,CORIVE,岡山県,0,,-
4th style,minimalian,0,,-,536,TORO,岡山県,1028,TORO,岡山県,1391,PO?,岡山県,0,,-
4th style,LOVE WILL・・・,0,,-,558,GENO,岡山県,758,GENO,岡山県,1461,ARTE3S,岡山県,0,,-
4th style,KAMIKAZE,0,,-,1016,TORO,岡山県,1429,TORO,岡山県,2284,CORIVE,岡山県,0,,-
4th style,Jam&Marmalade,0,,-,766,TORO,岡山県,899,ARTE3S,岡山県,1013,O.N.O.,岡山県,0,,-
4th style,Hitch Hiker2,0,,-,816,TORO,岡山県,1153,TOMJ,岡山県,1317,GENO,岡山県,1920,0HANA5,岡山県
4th style,HIGHER,0,,-,531,TORO,岡山県,877,TOMJ,岡山県,1276,GENO,岡山県,0,,-
4th style,FLOWERS for ALBION,0,,-,240,CORIVE,岡山県,440,CORIVE,岡山県,0,,-,0,,-
4th style,era (step mix),0,,-,1093,TORO,岡山県,1356,TORO,岡山県,1733,CORIVE,岡山県,0,,-
4th style,empathy,0,,-,816,TORO,岡山県,1314,M.,岡山県,1480,CORIVE,岡山県,0,,-
4th style,DXY!,0,,-,1256,TORO,岡山県,1873,RYU,岡山県,2276,CORIVE,岡山県,0,,-
4th style,Clione,0,,-,525,AIKA,岡山県,898,Y.TSRN,岡山県,1606,O.N.O.,岡山県,2175,CORIVE,岡山県
4th style,CHECKING YOU OUT,0,,-,618,TORO,岡山県,912,CORIVE,岡山県,1383,CORIVE,岡山県,0,,-
4th style,Burnin' The Floor,0,,-,572,TORO,岡山県,950,GENO,岡山県,1440,GENO,岡山県,0,,-
4th style,Broken My Heart,0,,-,926,TORO,岡山県,1417,TORO,岡山県,1815,GENO,岡山県,0,,-
4th style,B4U,0,,-,1038,TORO,岡山県,1457,TOMJ,岡山県,1997,O.N.O.,岡山県,0,,-
4th style,ABSOLUTE,0,,-,1291,TORO,岡山県,1803,GENO,岡山県,2391,CORIVE,岡山県,2788,CORIVE,岡山県
4th style,250bpm,0,,-,670,INYS,岡山県,966,1011,岡山県,1441,CORIVE,岡山県,0,,-
5th style,V,337,DONMAI,岡山県,1286,ARTE3S,岡山県,2510,RYU,岡山県,3018,CORIVE,岡山県,0,,-
5th style,THE SHINING POLARIS,0,,-,956,TORO,岡山県,1321,ARTE3S,岡山県,1585,GENO,岡山県,0,,-
5th style,THE CUBE,0,,-,741,TORO,岡山県,1252,0HANA5,岡山県,1349,GENO,岡山県,0,,-
5th style,sync,0,,-,1086,TORO,岡山県,1841,IDOMUN,岡山県,2390,CORIVE,岡山県,0,,-
5th style,still my words,0,,-,919,TORO,岡山県,1230,GENO,岡山県,0,,-,0,,-
5th style,STILL IN MY HEART,0,,-,966,TOMJ,岡山県,1295,TOMJ,岡山県,1909,O.N.O.,岡山県,0,,-
5th style,Spin the disc,0,,-,793,TORO,岡山県,1286,0HANA5,岡山県,1339,CORIVE,岡山県,0,,-
5th style,sometime,0,,-,767,DONMAI,岡山県,1062,ARTE3S,岡山県,1329,CORIVE,岡山県,0,,-
5th style,RISLIM,0,,-,918,TORO,岡山県,1233,GENO,岡山県,0,,-,0,,-
5th style,RIDE ON THE LIGHT (HI GREAT MIX),0,,-,895,AIKA,岡山県,1076,O.N.O.,岡山県,1711,CORIVE,岡山県,1845,CORIVE,岡山県
5th style,Regulus,0,,-,1072,GENO,岡山県,1404,KAZU,岡山県,1684,O.N.O.,岡山県,0,,-
5th style,Real,0,,-,1063,TOMJ,岡山県,1582,FURIE,岡山県,1821,GENO,岡山県,0,,-
5th style,Radical Faith,0,,-,1187,GENO,岡山県,1490,0HANA5,岡山県,1300,GENO,岡山県,0,,-
5th style,QQQ,0,,-,1221,TORO,岡山県,1802,TORO,岡山県,2163,CORIVE,岡山県,0,,-
5th style,outer wall,0,,-,902,TORO,岡山県,1264,KURO,岡山県,1758,CORIVE,岡山県,0,,-
5th style,LOVE AGAIN TONIGHT～for Mellisa mix～,0,,-,721,Y.TSRN,岡山県,994,GENO,岡山県,1118,GENO,岡山県,0,,-
5th style,in my eyes,0,,-,954,TORO,岡山県,1467,GENO,岡山県,1575,FELIZ*,岡山県,0,,-
5th style,Abyss,0,,-,1257,TORO,岡山県,1617,GENO,岡山県,1871,CORIVE,岡山県,0,,-
6th style,電人イェーガーのテーマ(Theme of DENJIN J),0,,-,1060,INYS,岡山県,1560,GENO,岡山県,0,,-,0,,-
6th style,こっちを向いてよ,0,,-,842,TORO,岡山県,1251,OK!,岡山県,1374,GENO,岡山県,0,,-
6th style,VJ ARMY,0,,-,1216,COIL.,岡山県,1650,DONMAI,岡山県,2246,CORIVE,岡山県,0,,-
6th style,Take It Easy,0,,-,1425,TOMJ,岡山県,2392,RYU,岡山県,2525,CORIVE,岡山県,0,,-
6th style,Summer Vacation(CU mix),0,,-,1242,INYS,岡山県,1814,BJORN,岡山県,0,,-,0,,-
6th style,SOMETHING WONDERFUL,0,,-,917,TORO,岡山県,1354,ARTE3S,岡山県,1988,O.N.O.,岡山県,0,,-
6th style,route 80s,0,,-,855,I.TSRN,岡山県,1120,INYS,岡山県,1529,CORIVE,岡山県,0,,-
6th style,rottel-da-sun,0,,-,807,TORO,岡山県,1306,KAZU,岡山県,1863,CORIVE,岡山県,0,,-
6th style,NEMESIS,0,,-,1005,TORO,岡山県,1467,TOMJ,岡山県,1888,CORIVE,岡山県,0,,-
6th style,Linus,0,,-,955,BJORN,岡山県,1514,GENO,岡山県,2193,CORIVE,岡山県,0,,-
6th style,G2,0,,-,1400,-DAI-,岡山県,1670,PEKOPA,岡山県,2321,CORIVE,岡山県,0,,-
6th style,Frozen Ray (original mix),0,,-,1289,TORO,岡山県,1660,FATMAN,岡山県,1792,#JIMAO,岡山県,0,,-
6th style,Free Style,0,,-,912,TORO,岡山県,1083,KETY,岡山県,1297,JIMAO,岡山県,0,,-
6th style,fly through the night,0,,-,881,TORO,岡山県,1254,KAZU,岡山県,1718,CORIVE,岡山県,0,,-
6th style,DIVE ～INTO YOUR HEART～,0,,-,1262,TORO,岡山県,1761,TORO,岡山県,2079,JIMAO,岡山県,0,,-
6th style,Colors (radio edit),0,,-,1443,TORO,岡山県,1897,BENNY,岡山県,2444,CORIVE,岡山県,0,,-
6th style,Buffalo,0,,-,1001,TORO,岡山県,1370,M.,岡山県,1842,CORIVE,岡山県,2503,CORIVE,岡山県
6th style,Blueberry Stream,0,,-,829,TORO,岡山県,1386,OK!,岡山県,1652,CORIVE,岡山県,0,,-
6th style,BALLAD FOR YOU～想いの雨～,0,,-,589,TORO,岡山県,758,KEISHU,岡山県,1072,GENO,岡山県,0,,-
6th style,"19,November",0,,-,1095,TORO,岡山県,1378,TOMJ,岡山県,1799,O.N.O.,岡山県,0,,-
7th style,革命,0,,-,744,INYS,岡山県,1912,TELYMA,岡山県,2325,CORIVE,岡山県,0,,-
7th style,ZERO-ONE,0,,-,1085,TORO,岡山県,1643,PULSE,岡山県,2236,O.N.O.,岡山県,2840,O.N.O.,岡山県
7th style,traces,0,,-,1491,TORO,岡山県,1812,IDOMUN,岡山県,2121,O.N.O.,岡山県,0,,-
7th style,Tomorrow Perfume,0,,-,1278,INYS,岡山県,1796,SHO-U,岡山県,2130,JIMAO,岡山県,0,,-
7th style,stoic,0,,-,1602,-DAI-,岡山県,2329,RYU,岡山県,2569,CORIVE,岡山県,0,,-
7th style,Spica,0,,-,648,NIEN,岡山県,1457,M2U,岡山県,2255,CORIVE,岡山県,0,,-
7th style,Love Me Do,0,,-,1134,TORO,岡山県,1698,GENO,岡山県,2112,O.N.O.,岡山県,0,,-
7th style,Let the Snow Paint Me,0,,-,856,MANAMI,岡山県,1031,KAZU,岡山県,1247,GENO,岡山県,0,,-
7th style,Last Message,0,,-,1006,TORO,岡山県,1336,CORIVE,岡山県,1612,CORIVE,岡山県,0,,-
7th style,Happy Wedding,0,,-,1193,TORO,岡山県,1663,ARTE3S,岡山県,1846,CORIVE,岡山県,0,,-
7th style,Glorious Days,0,,-,466,KEISHU,岡山県,770,I.TSRN,岡山県,903,0HANA5,岡山県,0,,-
7th style,foreplay,0,,-,688,TORO,岡山県,1131,KURO,岡山県,1325,GENO,岡山県,0,,-
7th style,DESTINY,0,,-,1083,GENO,岡山県,1329,KURO,岡山県,1836,O.N.O.,岡山県,0,,-
7th style,D2R,0,,-,926,M.,岡山県,1326,GENO,岡山県,1632,GENO,岡山県,0,,-
7th style,Cheer Train,0,,-,901,TORO,岡山県,1130,I.TSRN,岡山県,1734,CORIVE,岡山県,0,,-
7th style,Burning Heat! (Full Option Mix),0,,-,661,TOMJ,岡山県,972,ARTE3S,岡山県,1475,GENO,岡山県,0,,-
7th style,Bad Routine,0,,-,1019,TORO,岡山県,1418,GENO,岡山県,1922,CORIVE,岡山県,0,,-
7th style,AVE DE RAPINA,0,,-,1293,KURO,岡山県,1634,OK!,岡山県,1822,CORIVE,岡山県,0,,-
7th style,A,0,,-,1287,TORO,岡山県,2071,RYU,岡山県,2467,CORIVE,岡山県,0,,-
8th style,蒼い衝動,0,,-,893,TORO,岡山県,1357,GENO,岡山県,1598,GENO,岡山県,0,,-
8th style,桜,0,,-,966,TORO,岡山県,1487,TRYK,岡山県,2205,CORIVE,岡山県,0,,-
8th style,xenon,0,,-,1091,TORO,岡山県,1583,TOMJ,岡山県,2725,O.N.O.,岡山県,0,,-
8th style,World Wide Love,0,,-,684,HYORAI,岡山県,1005,Y.TSRN,岡山県,1118,GENO,岡山県,0,,-
8th style,WAR GAME,0,,-,962,TORO,岡山県,1465,INYS,岡山県,2149,CORIVE,岡山県,0,,-
8th style,thunder,0,,-,1178,TORO,岡山県,1571,CORIVE,岡山県,1871,GENO,岡山県,0,,-
8th style,symbolic,0,,-,1417,TORO,岡山県,1739,OK!,岡山県,2244,CORIVE,岡山県,0,,-
8th style,STAR DREAM,0,,-,779,TORO,岡山県,1186,KAZU,岡山県,1399,YUNE*,岡山県,0,,-
8th style,rainbow flyer,0,,-,815,TORO,岡山県,1566,TOMJ,岡山県,2117,GENO,岡山県,0,,-
8th style,PLEASE DON'T GO,0,,-,976,TORO,岡山県,1329,KURO,岡山県,2456,CORIVE,岡山県,0,,-
8th style,MUSIC TO YOUR HEAD,0,,-,815,TORO,岡山県,1413,KURO,岡山県,1674,JIMAO,岡山県,0,,-
8th style,murmur twins,0,,-,1118,AIKA,岡山県,1651,SARPON,岡山県,2372,JIMAO,岡山県,0,,-
8th style,Monkey Dance,0,,-,810,TORO,岡山県,1360,GENO,岡山県,1974,#JIMAO,岡山県,0,,-
8th style,memories,0,,-,1111,TORO,岡山県,2015,PINPON,岡山県,2263,GENO,岡山県,0,,-
8th style,Luv 2 Feel Your Body,0,,-,832,INYS,岡山県,1018,TOMJ,岡山県,1654,CORIVE,岡山県,0,,-
8th style,LOVE IS ORANGE,0,,-,792,MANAMI,岡山県,999,FURIE,岡山県,1784,JIMAYO,岡山県,2107,CORIVE,岡山県
8th style,LAB,0,,-,1047,TORO,岡山県,1871,YOSHI,岡山県,2104,CORIVE,岡山県,0,,-
8th style,HYPER BOUNDARY GATE,0,,-,1245,INYS,岡山県,1919,ARTE3S,岡山県,2210,GENO,岡山県,0,,-
8th style,Halfway of promise,0,,-,947,TORO,岡山県,1500,RYU,岡山県,1859,CORIVE,岡山県,0,,-
8th style,Giudecca,0,,-,916,TORO,岡山県,1944,ARTE3S,岡山県,2676,CORIVE,岡山県,0,,-
8th style,dual control,0,,-,751,INYS,岡山県,1391,KY,岡山県,1872,CORIVE,岡山県,0,,-
8th style,Colors -Y&Co. Eurobeat Remix-,0,,-,1117,TORO,岡山県,2037,GENO,岡山県,2186,GENO,岡山県,0,,-
8th style,CELEBRATE NITE,0,,-,924,TORO,岡山県,1068,KURO,岡山県,1423,O.N.O.,岡山県,0,,-
8th style,Blame,0,,-,1147,TOMJ,岡山県,1463,TORO,岡山県,1939,CORIVE,岡山県,0,,-
8th style,bit mania,0,,-,910,TORO,岡山県,1232,TORO,岡山県,1863,O.N.O.,岡山県,0,,-
8th style,Attitude,0,,-,1020,TORO,岡山県,1375,1ST,岡山県,1751,GENO,岡山県,0,,-
8th style,ALL RIGHT,0,,-,859,FURIE,岡山県,1299,GENO,岡山県,1627,GENO,岡山県,0,,-
8th style,airflow,0,,-,530,COA,岡山県,760,TORO,岡山県,1422,JIMAYO,岡山県,0,,-
8th style,abstract,0,,-,1260,TORO,岡山県,1562,IHM.RV,岡山県,1886,0HANA5,岡山県,0,,-
9th style,真夏の花・真夏の夢,0,,-,821,TORO,岡山県,1133,TORO,岡山県,1487,CORIVE,岡山県,0,,-
9th style,ライオン好き,0,,-,626,KEISHU,岡山県,1192,GENO,岡山県,1508,O.N.O.,岡山県,0,,-
9th style,SWEETEST SAVAGE,0,,-,659,TORO,岡山県,1363,TORO,岡山県,1845,CORIVE,岡山県,0,,-
9th style,Sweet Sweet Magic,0,,-,983,INYS,岡山県,1471,OK!,岡山県,2040,ARIAN7,岡山県,0,,-
9th style,STAR FIELD,0,,-,696,MANAMI,岡山県,1498,OK!,岡山県,1883,GENO,岡山県,0,,-
9th style,SNOW,0,,-,961,Y.TSRN,岡山県,1334,KATZE,岡山県,2015,JIMAYO,岡山県,0,,-
9th style,Silvia Drive,0,,-,840,AIKA,岡山県,1465,OK!,岡山県,2042,CORIVE,岡山県,0,,-
9th style,rottel-the-Mercury,0,,-,991,AIKA,岡山県,1910,GREIN,岡山県,2269,ARIAN7,岡山県,0,,-
9th style,RISLIM -Remix-,0,,-,780,TORO,岡山県,947,KURO,岡山県,1887,CORIVE,岡山県,0,,-
9th style,Really Love,0,,-,654,TORO,岡山県,963,CORIVE,岡山県,1749,CORIVE,岡山県,0,,-
9th style,Quickening,0,,-,924,TORO,岡山県,1649,KURO,岡山県,2117,CORIVE,岡山県,0,,-
9th style,quasar,0,,-,1168,TORO,岡山県,1750,MITTUN,岡山県,2312,O.N.O.,岡山県,0,,-
9th style,one or eight,0,,-,1281,TOMJ,岡山県,1796,ABOX,岡山県,2294,CORIVE,岡山県,0,,-
9th style,moon_child,0,,-,1039,AIKA,岡山県,1930,SARPON,岡山県,2555,CORIVE,岡山県,0,,-
9th style,MARIA (I believe... ),0,,-,733,TORO,岡山県,1509,IDOMUN,岡山県,1937,CORIVE,岡山県,0,,-
9th style,Make A Difference,0,,-,851,TORO,岡山県,1598,ARTE3S,岡山県,2235,CORIVE,岡山県,0,,-
9th style,lower world,0,,-,1339,AIKA,岡山県,1776,AIKA,岡山県,2241,GENO,岡山県,0,,-
9th style,LOVE SHINE,524,.YUKKE,岡山県,851,AIKA,岡山県,1820,CORIVE,岡山県,2086,O.N.O.,岡山県,0,,-
9th style,lights,0,,-,702,TORO,岡山県,1341,KAZU,岡山県,1783,CORIVE,岡山県,0,,-
9th style,Let The Snow Paint Me -Y&Co. Remix-,0,,-,814,TORO,岡山県,1188,KAZU,岡山県,1801,HOCHEN,岡山県,0,,-
9th style,Karma,0,,-,1311,TORO,岡山県,1635,KUTLAS,岡山県,1819,CORIVE,岡山県,0,,-
9th style,I Was The One (80's EUROBEAT STYLE),0,,-,753,TOMJ,岡山県,1310,CU,岡山県,1448,GENO,岡山県,0,,-
9th style,HYPER EUROBEAT (2DX style),0,,-,1032,TOMJ,岡山県,1564,TOMJ,岡山県,1947,O.N.O.,岡山県,0,,-
9th style,Golden Horn,0,,-,701,M.,岡山県,1219,1ST,岡山県,1507,JIMAYO,岡山県,0,,-
9th style,e-motion 2003  -romantic extra-,0,,-,1269,TORO,岡山県,1553,IDOMUN,岡山県,1974,FELIZ*,岡山県,0,,-
9th style,Distress,0,,-,1278,TOMJ,岡山県,1850,CORIVE,岡山県,0,,-,0,,-
9th style,Cradle,0,,-,878,TORO,岡山県,1401,KURO,岡山県,1583,CORIVE,岡山県,0,,-
9th style,BRIGHTNESS DARKNESS,0,,-,703,KURO,岡山県,1398,KURO,岡山県,1759,GENO,岡山県,0,,-
9th style,bag,0,,-,914,TORO,岡山県,1159,KURO,岡山県,1908,CORIVE,岡山県,0,,-
9th style,BAD BOY BASS!! (dj Remo-con MIX),0,,-,930,TORO,岡山県,1395,GENO,岡山県,1803,O.N.O.,岡山県,0,,-
9th style,ATOMIC AGE,0,,-,359,TORO,岡山県,669,O.N.O.,岡山県,1335,CORIVE,岡山県,0,,-
9th style,ACT,0,,-,1046,TORO,岡山県,1584,SHO-U,岡山県,1860,GENO,岡山県,0,,-
9th style,Abyss -The Heavens Remix-,559,.YUKKE,岡山県,1464,M.,岡山県,1843,RYU,岡山県,2367,CORIVE,岡山県,0,,-
10th style,雪月花,0,,-,1231,TORO,岡山県,1845,TRYK,岡山県,2531,CORIVE,岡山県,0,,-
10th style,システムロマンス,0,,-,904,TORO,岡山県,1777,GENO,岡山県,2039,O.N.O.,岡山県,0,,-
10th style,SPACE FIGHT,0,,-,651,TORO,岡山県,1453,1ST,岡山県,2236,CORIVE,岡山県,0,,-
10th style,SHOOTING STAR,0,,-,1267,TORO,岡山県,1611,TORO,岡山県,2274,O.N.O.,岡山県,0,,-
10th style,Rise'n Beauty,0,,-,1251,TORO,岡山県,1583,TORO,岡山県,2160,CORIVE,岡山県,0,,-
10th style,rainbow rainbow,0,,-,1573,ARTE3S,岡山県,2241,ARTE3S,岡山県,2723,O.N.O.,岡山県,0,,-
10th style,pandora,0,,-,879,MANAMI,岡山県,1611,CORINS,岡山県,1832,JIMAYO,岡山県,0,,-
10th style,One More Lovely,0,,-,868,TORO,岡山県,1609,M.,岡山県,2838,CORIVE,岡山県,0,,-
10th style,No.13,0,,-,1627,TORO,岡山県,2648,ARTE3S,岡山県,3171,CORIVE,岡山県,0,,-
10th style,Narcissus At Oasis,0,,-,777,AIKA,岡山県,1580,JIMAO,岡山県,1655,JIMAO,岡山県,0,,-
10th style,Lucy,0,,-,962,MANAMI,岡山県,1705,YAS.,岡山県,2326,CORIVE,岡山県,0,,-
10th style,Love Is Eternity,0,,-,1209,TORO,岡山県,1989,ARTE3S,岡山県,2401,RYU,岡山県,0,,-
10th style,Innocent Walls,0,,-,1645,GREIN,岡山県,2531,CORIVE,岡山県,2852,CORIVE,岡山県,0,,-
10th style,HIGH,0,,-,927,AIKA,岡山県,1935,O.N.O.,岡山県,2159,O.N.O.,岡山県,2841,JIMAO,岡山県
10th style,GRADIUS -FULL SPEED-,0,,-,700,TORO,岡山県,1208,R2,岡山県,2127,CORIVE,岡山県,0,,-
10th style,GHOST REVIVAL,0,,-,910,TORO,岡山県,1894,OK!,岡山県,2542,O.N.O.,岡山県,0,,-
10th style,Freezing atmosphere,0,,-,786,TORO,岡山県,1097,O.N.O.,岡山県,1504,GENO,岡山県,0,,-
10th style,FEEL IT,0,,-,907,INYS,岡山県,1652,SIBATA,岡山県,1994,RYU,岡山県,0,,-
10th style,Feedback,0,,-,1044,INYS,岡山県,1547,KURO,岡山県,1976,CORIVE,岡山県,0,,-
10th style,EXE,0,,-,877,TORO,岡山県,1633,GREIN,岡山県,2245,GENO,岡山県,0,,-
10th style,DoLL,345,.YUKKE,岡山県,936,TORO,岡山県,1245,ARTE3S,岡山県,1617,GENO,岡山県,0,,-
10th style,desolation,0,,-,454,KEISHU,岡山県,653,TORO,岡山県,757,0HANA5,岡山県,0,,-
10th style,Debtty Daddy,0,,-,1051,TORO,岡山県,1936,GENO,岡山県,2715,CORIVE,岡山県,0,,-
10th style,Daisuke,466,INYS,岡山県,1205,TORO,岡山県,1679,ARTE3S,岡山県,2402,O.N.O.,岡山県,0,,-
10th style,CARRY ON NIGHT (English version),0,,-,989,TORO,岡山県,1289,13*K,岡山県,2049,GENO,岡山県,0,,-
10th style,Boundary,0,,-,840,TOMJ,岡山県,1817,RYU,岡山県,2052,GENO,岡山県,0,,-
10th style,Back Into The Light,0,,-,1166,TORO,岡山県,1654,GENO,岡山県,2165,O.N.O.,岡山県,0,,-
10th style,BABY LOVE,0,,-,1138,TOMJ,岡山県,1687,GENO,岡山県,2149,O.N.O.,岡山県,0,,-
10th style,ASTRAL VOYAGE,0,,-,998,TORO,岡山県,1341,INYS,岡山県,1908,O.N.O.,岡山県,0,,-
10th style,ALIEN TEMPLE,0,,-,980,TORO,岡山県,1639,GENO,岡山県,2010,CORIVE,岡山県,0,,-
10th style,1st Samurai,0,,-,1085,TORO,岡山県,1954,JIMAYO,岡山県,2675,CORIVE,岡山県,0,,-
IIDX RED,ＵＬＴｉＭΛＴＥ,0,,-,952,TORO,岡山県,1442,YAS.,岡山県,1987,GENO,岡山県,0,,-
IIDX RED,太陽～T・A・I・Y・O～,0,,-,833,TORO,岡山県,1373,TORO,岡山県,1746,O.N.O.,岡山県,0,,-
IIDX RED,大桟橋,0,,-,485,MANAMI,岡山県,1104,MANAMI,岡山県,1859,O.N.O.,岡山県,0,,-
IIDX RED,ピアノ協奏曲第１番”蠍火”,0,,-,815,AIKA,岡山県,2139,RYU,岡山県,2757,CORIVE,岡山県,0,,-
IIDX RED,Wonder Bullfighter,0,,-,957,TORO,岡山県,1377,TORO,岡山県,2088,CORIVE,岡山県,0,,-
IIDX RED,The Hope of Tomorrow,0,,-,1042,TORO,岡山県,1655,IDOMUN,岡山県,1967,CORIVE,岡山県,0,,-
IIDX RED,spiral galaxy,0,,-,1077,TORO,岡山県,1979,TOMJ,岡山県,2593,O.N.O.,岡山県,3752,CORIVE,岡山県
IIDX RED,Sphere,0,,-,1053,TORO,岡山県,1830,OK!,岡山県,2180,GENO,岡山県,0,,-
IIDX RED,SPEEDY CAT,0,,-,1092,TOMJ,岡山県,1633,IDOMUN,岡山県,2030,O.N.O.,岡山県,0,,-
IIDX RED,Secret of Love,0,,-,1056,Y.TSRN,岡山県,1408,TOMJ,岡山県,2023,O.N.O.,岡山県,0,,-
IIDX RED,RESONATE 1794,0,,-,889,INYS,岡山県,1429,ABOX,岡山県,1880,CORIVE,岡山県,0,,-
IIDX RED,RED ZONE,176,INYS,岡山県,1115,TORO,岡山県,1914,GENO,岡山県,2347,CORIVE,岡山県,3088,O.N.O.,岡山県
IIDX RED,Raspberry Heart(English version),0,,-,1040,AIKA,岡山県,1517,CU,岡山県,1850,CORIVE,岡山県,0,,-
IIDX RED,NEBULA GRASPER,0,,-,1361,TORO,岡山県,1859,KURO,岡山県,2438,#JIMAO,岡山県,0,,-
IIDX RED,KEY,0,,-,1127,TORO,岡山県,1835,TORO,岡山県,2861,ARIAN7,岡山県,0,,-
IIDX RED,HORIZON,0,,-,1083,GENO,岡山県,1492,TORO,岡山県,1966,O.N.O.,岡山県,0,,-
IIDX RED,gigadelic,696,DONMAI,岡山県,1420,KURO,岡山県,2187,CORIVE,岡山県,2534,CORIVE,岡山県,0,,-
IIDX RED,GENOCIDE,0,,-,1131,TORO,岡山県,2100,GENO,岡山県,2388,CORIVE,岡山県,0,,-
IIDX RED,Fly Away To India,0,,-,667,TOMJ,岡山県,1080,BJJ,岡山県,1402,GENO,岡山県,0,,-
IIDX RED,FAKE TIME,0,,-,1024,TORO,岡山県,1749,RYU,岡山県,2349,CORIVE,岡山県,0,,-
IIDX RED,earth scape,0,,-,442,TORO,岡山県,1028,M.,岡山県,1272,GENO,岡山県,0,,-
IIDX RED,Don't be afraid myself,0,,-,1107,TORO,岡山県,1883,ARTE3S,岡山県,2275,CORIVE,岡山県,0,,-
IIDX RED,D.A.N.C.E.!,0,,-,546,KEISHU,岡山県,806,KURO,岡山県,1582,CORIVE,岡山県,0,,-
IIDX RED,Close my Eyes for Me,0,,-,1003,TOMJ,岡山県,1416,POMIJI,岡山県,1884,CORIVE,岡山県,0,,-
IIDX RED,Click Again,0,,-,893,TORO,岡山県,1390,TORO,岡山県,2166,CORIVE,岡山県,0,,-
IIDX RED,BREATH,0,,-,872,SAPE,岡山県,1274,CORINS,岡山県,1738,O.N.O.,岡山県,0,,-
IIDX RED,BLOCKS,0,,-,807,TORO,岡山県,1264,INYS,岡山県,1993,CORIVE,岡山県,0,,-
IIDX RED,Be quiet,0,,-,1070,TORO,岡山県,1708,RYU,岡山県,2213,CORIVE,岡山県,2865,CORIVE,岡山県
IIDX RED,awakening,0,,-,1083,TORO,岡山県,1455,GENO,岡山県,1696,JIMAYO,岡山県,0,,-
IIDX RED,ANDROMEDA,0,,-,1007,TORO,岡山県,1920,GENO,岡山県,2868,O.N.O.,岡山県,0,,-
IIDX RED,AGEHA,599,DONMAI,岡山県,1056,TORO,岡山県,1749,GENO,岡山県,1879,GENO,岡山県,2446,CORIVE,岡山県
IIDX RED,AA,0,,-,1256,TORO,岡山県,2669,RYU,岡山県,3636,CORIVE,岡山県,0,,-
HAPPY SKY,月光,0,,-,856,KURO,岡山県,1685,TOMJ,岡山県,2461,O.N.O.,岡山県,0,,-
HAPPY SKY,合体せよ！ストロングイェーガー！！ (Ryu☆ remix),0,,-,1112,TORO,岡山県,1507,TORO,岡山県,1920,GENO,岡山県,0,,-
HAPPY SKY,冥,588,.YUKKE,岡山県,1051,GENO,岡山県,2051,RYU,岡山県,3831,CORIVE,岡山県,0,,-
HAPPY SKY,ラクエン,0,,-,678,SARPON,岡山県,930,SIBATA,岡山県,2039,CORIVE,岡山県,0,,-
HAPPY SKY,ヒマワリ,0,,-,566,TORO,岡山県,1863,GENO,岡山県,2064,O.N.O.,岡山県,0,,-
HAPPY SKY,オレはビートマニア！お前は何マニア？,0,,-,793,AIKA,岡山県,1413,IDOMUN,岡山県,1735,CORIVE,岡山県,0,,-
HAPPY SKY,Xepher,402,TORO,岡山県,1106,TORO,岡山県,2144,ABOX,岡山県,2992,JIMAO,岡山県,0,,-
HAPPY SKY,We are Disっ娘よっつ打ち命,0,,-,657,DOLSEX,岡山県,915,SAPE,岡山県,1661,O.N.O.,岡山県,0,,-
HAPPY SKY,Votum stellarum,0,,-,803,TORO,岡山県,1592,MANAMI,岡山県,1989,JIMAO,岡山県,0,,-
HAPPY SKY,vault of heaven,0,,-,791,TORO,岡山県,1363,TORO,岡山県,1992,GENO,岡山県,0,,-
HAPPY SKY,Under the Sky,0,,-,912,AIKA,岡山県,1419,GENO,岡山県,1736,GENO,岡山県,0,,-
HAPPY SKY,Twelfth Style,0,,-,1208,TORO,岡山県,1415,TOMJ,岡山県,2035,O.N.O.,岡山県,3297,CORIVE,岡山県
HAPPY SKY,Tizona d'El Cid,0,,-,941,TOMJ,岡山県,1820,TOMJ,岡山県,2335,CORIVE,岡山県,0,,-
HAPPY SKY,SigSig,668,DONMAI,岡山県,1059,INYS,岡山県,1654,AHEAD,岡山県,2600,JIMAO,岡山県,0,,-
HAPPY SKY,Scripted Connection⇒ N mix,0,,-,1307,TORO,岡山県,1599,CORINS,岡山県,2094,JIMAYO,岡山県,2426,RYU,岡山県
HAPPY SKY,Scripted Connection⇒ H mix,0,,-,1662,TORO,岡山県,1974,RYU,岡山県,2491,O.N.O.,岡山県,2858,O.N.O.,岡山県
HAPPY SKY,Scripted Connection⇒ A mix,0,,-,1607,TORO,岡山県,2114,ABOX,岡山県,3112,CORIVE,岡山県,3439,CORIVE,岡山県
HAPPY SKY,SCREAM SQUAD,0,,-,1156,TORO,岡山県,1612,ABOX,岡山県,2081,CORIVE,岡山県,0,,-
HAPPY SKY,rage against usual,0,,-,1333,TORO,岡山県,1995,ABOX,岡山県,2961,CORIVE,岡山県,0,,-
HAPPY SKY,POODLE,0,,-,971,TORO,岡山県,1872,ARTE3S,岡山県,2304,CORIVE,岡山県,3378,CORIVE,岡山県
HAPPY SKY,Pollinosis,0,,-,797,TORO,岡山県,1143,TORO,岡山県,2535,CORIVE,岡山県,0,,-
HAPPY SKY,PLASMA,0,,-,951,TORO,岡山県,1622,TOMJ,岡山県,2286,GENO,岡山県,0,,-
HAPPY SKY,Pink Rose,0,,-,591,TORO,岡山県,969,GENO,岡山県,1414,GENO,岡山県,2000,RYU,岡山県
HAPPY SKY,MOON RACE,0,,-,822,TORO,岡山県,1174,GENO,岡山県,1895,CORIVE,岡山県,0,,-
HAPPY SKY,Love Magic,0,,-,970,Y.TSRN,岡山県,1682,IHM.RV,岡山県,1965,CORIVE,岡山県,0,,-
HAPPY SKY,Little Little Princess,0,,-,1095,MANAMI,岡山県,2175,GREIN,岡山県,2774,CORIVE,岡山県,3764,CORIVE,岡山県
HAPPY SKY,LESSON 5,0,,-,1267,TORO,岡山県,1784,TORO,岡山県,2492,O.N.O.,岡山県,0,,-
HAPPY SKY,INAZUMA,0,,-,1096,O.N.O.,岡山県,1756,RIKKI.,岡山県,2708,CORIVE,岡山県,3880,MITTUN,岡山県
HAPPY SKY,in motion,0,,-,818,TOMJ,岡山県,1049,INYS,岡山県,1310,JIMAO,岡山県,0,,-
HAPPY SKY,I am,0,,-,1107,TORO,岡山県,1690,PARM,岡山県,2169,CORIVE,岡山県,0,,-
HAPPY SKY,HAPPY☆ANGEL,650,.YUKKE,岡山県,1075,INYS,岡山県,1550,ARTE3S,岡山県,2086,CORI-,岡山県,0,,-
HAPPY SKY,GREEN EYES,0,,-,985,TORO,岡山県,1622,ARTE3S,岡山県,2203,JIMAO,岡山県,0,,-
HAPPY SKY,Get'em up to R.A.V.E,0,,-,1133,I.TSRN,岡山県,1749,GREIN,岡山県,2265,GREIN,岡山県,0,,-
HAPPY SKY,garden,0,,-,875,AIKA,岡山県,1456,TORO,岡山県,2149,JIMAYO,岡山県,3040,RYU,岡山県
HAPPY SKY,First Resolution,0,,-,826,TORO,岡山県,1609,GENO,岡山県,2150,O.N.O.,岡山県,0,,-
HAPPY SKY,EMPTY OF THE SKY,0,,-,632,TOMJ,岡山県,1049,GENO,岡山県,1681,GENO,岡山県,0,,-
HAPPY SKY,EDEN,0,,-,1306,TORO,岡山県,1917,O.N.O.,岡山県,2719,ARIAN7,岡山県,3242,GENO,岡山県
HAPPY SKY,double thrash,0,,-,1020,TORO,岡山県,2044,ARTE3S,岡山県,2349,O.N.O.,岡山県,0,,-
HAPPY SKY,Catch Me,0,,-,789,TORO,岡山県,1304,CORIVE,岡山県,1840,CORIVE,岡山県,0,,-
HAPPY SKY,CaptivAte～浄化～,0,,-,1047,TORO,岡山県,1771,IDOMUN,岡山県,2480,CORIVE,岡山県,3355,RYU,岡山県
HAPPY SKY,Aurora,0,,-,1372,TORO,岡山県,2062,RYU,岡山県,2541,CORIVE,岡山県,0,,-
HAPPY SKY,alla turca con passione,0,,-,809,TORO,岡山県,1541,OK!,岡山県,2189,CORIVE,岡山県,0,,-
HAPPY SKY,Agnus Dei,0,,-,908,TORO,岡山県,1576,IDOMUN,岡山県,2094,CORIVE,岡山県,0,,-
HAPPY SKY,100％ minimoo-G,0,,-,936,TORO,岡山県,1608,RYU,岡山県,1755,CORIVE,岡山県,0,,-
DistorteD,虹色,0,,-,921,Y.TSRN,岡山県,1483,1ST,岡山県,1853,O.N.O.,岡山県,0,,-
DistorteD,華蝶風雪,0,,-,1258,TORO,岡山県,2064,SHA3KO,岡山県,2979,ARIAN7,岡山県,3937,RYU,岡山県
DistorteD,罠,0,,-,544,KEISHU,岡山県,1485,KAZU,岡山県,2459,O.N.O.,岡山県,0,,-
DistorteD,嘆きの樹,0,,-,1727,M.,岡山県,2504,O.N.O.,岡山県,3901,CORIVE,岡山県,0,,-
DistorteD,タシカナモノ,0,,-,905,ABI,岡山県,1434,GENO,岡山県,2044,GENO,岡山県,0,,-
DistorteD,カゴノトリ～弐式～,0,,-,1123,TORO,岡山県,1784,AHEAD,岡山県,2642,CORIVE,岡山県,0,,-
DistorteD,Zenius -I- vanisher,0,,-,941,SAPE,岡山県,1561,GENO,岡山県,2398,CORI-,岡山県,0,,-
DistorteD,with you…,0,,-,795,TORO,岡山県,1146,GENO,岡山県,1777,O.N.O.,岡山県,0,,-
DistorteD,WISH(EUROBEAT MIX),0,,-,1053,TORO,岡山県,1626,GENO,岡山県,1976,O.N.O.,岡山県,0,,-
DistorteD,Why did you go away,631,.YUKKE,岡山県,1110,AIKA,岡山県,1761,P,岡山県,2313,CORIVE,岡山県,0,,-
DistorteD,waxing and wanding,0,,-,1308,TORO,岡山県,1966,ARTE3S,岡山県,2880,RYU,岡山県,3974,CORIVE,岡山県
DistorteD,TYPE MARS(G-Style Mix),0,,-,1090,I.TSRN,岡山県,1821,JIRU6N,岡山県,2410,CORIVE,岡山県,0,,-
DistorteD,tripping contact(teranoid&MC Natsack Remix),0,,-,1248,KURO,岡山県,1916,RYU,岡山県,2465,GENO,岡山県,0,,-
DistorteD,This is Love,0,,-,937,AIKA,岡山県,1741,IDOMUN,岡山県,2481,CORIVE,岡山県,0,,-
DistorteD,The Dirty of Loudness,0,,-,1429,TORO,岡山県,2269,CORIVE,岡山県,2634,CORIVE,岡山県,0,,-
DistorteD,Sun Field,0,,-,570,TORO,岡山県,1475,KURO,岡山県,2445,CORIVE,岡山県,0,,-
DistorteD,So Fabulous !!,0,,-,1092,TORO,岡山県,1495,CU,岡山県,2351,O.N.O.,岡山県,0,,-
DistorteD,Power of Love,0,,-,923,U-A,岡山県,1598,INYS,岡山県,2128,JIMAYO,岡山県,0,,-
DistorteD,MOON,0,,-,852,TORO,岡山県,2005,TORO,岡山県,2206,O.N.O.,岡山県,0,,-
DistorteD,MINT,0,,-,991,TORO,岡山県,1752,ABOX,岡山県,2308,CORIVE,岡山県,0,,-
DistorteD,Melody Life,0,,-,610,RAL,岡山県,1281,KAZU,岡山県,1845,GENO,岡山県,0,,-
DistorteD,Leaving...,0,,-,779,TORO,岡山県,1397,GENO,岡山県,2213,O.N.O.,岡山県,0,,-
DistorteD,INFERNO,0,,-,1137,TORO,岡山県,1637,GENO,岡山県,1982,GENO,岡山県,0,,-
DistorteD,Heavenly Sun (IIDX VERSION),0,,-,785,HYORAI,岡山県,1593,GENO,岡山県,2116,O.N.O.,岡山県,0,,-
DistorteD,Harmony and Lovely,0,,-,895,AIKA,岡山県,1766,ARTE3S,岡山県,2249,CORIVE,岡山県,0,,-
DistorteD,Ganymede,0,,-,1129,AIKA,岡山県,1655,O.N.O.,岡山県,2355,CORIVE,岡山県,2589,CORIVE,岡山県
DistorteD,EURO-ROMANCE,0,,-,945,TORO,岡山県,1846,GENO,岡山県,2107,O.N.O.,岡山県,0,,-
DistorteD,DUE TOMORROW,0,,-,877,M.,岡山県,1342,A-BOX,岡山県,2068,CORIVE,岡山県,0,,-
DistorteD,Double Loving Heart,0,,-,582,AIKA,岡山県,1311,TORO,岡山県,1813,O.N.O.,岡山県,0,,-
DistorteD,D.C.fish,0,,-,1013,TORO,岡山県,1888,TORO,岡山県,2344,O.N.O.,岡山県,0,,-
DistorteD,CONTRACT,0,,-,1217,DOLSEX,岡山県,1606,ABOX,岡山県,2072,RYU,岡山県,2780,CORIVE,岡山県
DistorteD,Concertino in Blue,387,TORO,岡山県,864,TORO,岡山県,1646,ABOX,岡山県,2552,CORIVE,岡山県,0,,-
DistorteD,Broadbanded,0,,-,896,MANAMI,岡山県,1377,CORINS,岡山県,2017,CORIVE,岡山県,0,,-
DistorteD,BOOM BOOM DISCO NIGHT,0,,-,1019,TORO,岡山県,1755,TORO,岡山県,2284,O.N.O.,岡山県,0,,-
DistorteD,Bloody Tears(IIDX EDITION),0,,-,1106,ARCL.,岡山県,1987,ARTE3S,岡山県,2178,O.N.O.,岡山県,0,,-
DistorteD,BALLAD THE FEATHERS,0,,-,695,TOMJ,岡山県,1017,Y.TSRN,岡山県,1515,GENO,岡山県,0,,-
DistorteD,Apocalypse ～dirge of swans～,238,DONMAI,岡山県,997,TORO,岡山県,1794,ARTE3S,岡山県,2386,O.N.O.,岡山県,0,,-
DistorteD,ALFARSHEAR 双神威に廻る夢,438,DONMAI,岡山県,1084,AIKA,岡山県,1664,GENO,岡山県,2086,O.N.O.,岡山県,0,,-
GOLD,電人、暁に斃れる。,662,INYS,岡山県,1493,TORO,岡山県,2258,ABOX,岡山県,3395,CORIVE,岡山県,0,,-
GOLD,零 - ZERO -,217,FURIE,岡山県,1182,AIKA,岡山県,1796,GENO,岡山県,2304,GENO,岡山県,0,,-
GOLD,花吹雪 ～ IIDX LIMITED ～,0,,-,725,TORO,岡山県,1140,GENO,岡山県,1431,GENO,岡山県,0,,-
GOLD,星をこの手に,0,,-,1192,TORO,岡山県,1763,INDIUM,岡山県,2177,GENO,岡山県,0,,-
GOLD,リグレット,0,,-,1316,TORO,岡山県,1770,CORIVE,岡山県,2440,O.N.O.,岡山県,0,,-
GOLD,ヨシダさん,0,,-,921,TORO,岡山県,1454,GENO,岡山県,1970,O.N.O.,岡山県,0,,-
GOLD,クルクル☆ラブ～Opioid Peptide MIX～,425,INYS,岡山県,978,TORO,岡山県,1453,TORO,岡山県,2259,ARIAN7,岡山県,0,,-
GOLD,With your Smile,0,,-,730,AIKA,岡山県,1179,AIKA,岡山県,1573,BJORN,岡山県,0,,-
GOLD,Watch out!!,0,,-,735,TORO,岡山県,1011,TORO,岡山県,1650,CORIVE,岡山県,0,,-
GOLD,VANESSA,0,,-,1120,AIKA,岡山県,1821,JIMAO,岡山県,2420,CORIVE,岡山県,3461,CORIVE,岡山県
GOLD,TRANOID,0,,-,795,MANAMI,岡山県,1706,RYU,岡山県,2207,RYU,岡山県,2921,CORIVE,岡山県
GOLD,The Smile of You,0,,-,941,AIKA,岡山県,1315,GENO,岡山県,1630,O.N.O.,岡山県,0,,-
GOLD,the shadow,0,,-,1218,TORO,岡山県,2094,ARTE3S,岡山県,2918,CORIVE,岡山県,0,,-
GOLD,snow storm,232,TORO,岡山県,796,TORO,岡山県,2267,ARTE3S,岡山県,2784,JIMAYO,岡山県,3386,CORIVE,岡山県
GOLD,smile,0,,-,1463,AIKA,岡山県,2120,RINE.S,岡山県,2899,ARIAN7,岡山県,0,,-
GOLD,Sense 2007,0,,-,1457,KURO,岡山県,2243,RYU,岡山県,2990,CORIVE,岡山県,0,,-
GOLD,Second Heaven,224,AIKA,岡山県,994,ARTE3S,岡山県,1556,ARTE3S,岡山県,2119,O.N.O.,岡山県,0,,-
GOLD,Roulette,0,,-,897,TORO,岡山県,1444,ARTE3S,岡山県,2122,CORIVE,岡山県,0,,-
GOLD,PHOTONGENIC,0,,-,1331,TORO,岡山県,1898,RYU,岡山県,2315,CORIVE,岡山県,0,,-
GOLD,op.31 叙情,0,,-,564,TORO,岡山県,1367,CORIVE,岡山県,1640,CORIVE,岡山県,0,,-
GOLD,never…,0,,-,820,TORO,岡山県,1371,GENO,岡山県,1818,GENO,岡山県,0,,-
GOLD,METALLIC MIND,0,,-,884,TORO,岡山県,1363,TOMJ,岡山県,1626,O.N.O.,岡山県,0,,-
GOLD,Make Me Your Own,0,,-,890,TORO,岡山県,1559,SHO-U,岡山県,2159,CORIVE,岡山県,0,,-
GOLD,Love Again...,0,,-,577,MANAMI,岡山県,786,TORO,岡山県,1072,CORIVE,岡山県,0,,-
GOLD,LASER CRUSTER,0,,-,1426,M.,岡山県,2439,RYU,岡山県,3215,CORIVE,岡山県,0,,-
GOLD,KAMAITACHI,0,,-,1261,TORO,岡山県,1887,KURO,岡山県,2714,O.N.O.,岡山県,3868,CORIVE,岡山県
GOLD,INORI,0,,-,1386,TORO,岡山県,2572,ARTE3S,岡山県,3167,RYU,岡山県,0,,-
GOLD,High School Love,399,TORO,岡山県,872,TORO,岡山県,1566,ARTE3S,岡山県,2206,GENO,岡山県,0,,-
GOLD,heaven above,0,,-,819,TORO,岡山県,1332,KURO,岡山県,1838,GENO,岡山県,0,,-
GOLD,GRID KNIGHT,0,,-,803,INYS,岡山県,2013,O.N.O.,岡山県,2620,GENO,岡山県,3481,CORIVE,岡山県
GOLD,GOLD RUSH,555,TORO,岡山県,1179,TORO,岡山県,1419,TORO,岡山県,2373,CORIVE,岡山県,0,,-
GOLD,four-leaf,0,,-,756,M.,岡山県,1168,I.TSRN,岡山県,1703,JIMAYO,岡山県,0,,-
GOLD,FIRE FIRE,565,DONMAI,岡山県,1195,TORO,岡山県,1758,NICOL,岡山県,2766,O.N.O.,岡山県,0,,-
GOLD,Fascination MAXX,0,,-,961,CORIVE,岡山県,1695,CORIVE,岡山県,2586,CORIVE,岡山県,0,,-
GOLD,Cyber Force,0,,-,1263,AIKA,岡山県,1843,AIKA,岡山県,2368,GENO,岡山県,0,,-
GOLD,CROSSROAD ～Left Story～,0,,-,1142,AIKA,岡山県,1725,G-END#,岡山県,2194,O.N.O.,岡山県,0,,-
GOLD,CaptivAte～誓い～,0,,-,1311,TORO,岡山県,1985,ARTE3S,岡山県,2240,GENO,岡山県,0,,-
GOLD,CaptivAte～裁き～,423,.YUKKE,岡山県,853,TORO,岡山県,1270,DONMAI,岡山県,1773,GENO,岡山県,0,,-
GOLD,Candy Galy,0,,-,1534,TORO,岡山県,2541,ARTE3S,岡山県,3564,CORIVE,岡山県,0,,-
GOLD,"Blind Justice ～Torn souls, Hurt Faiths ～",0,,-,1343,TORO,岡山県,1958,ARTE3S,岡山県,2479,O.N.O.,岡山県,0,,-
GOLD,ANDROMEDA II,0,,-,963,TORO,岡山県,1862,MITTUN,岡山県,2459,JIRMAO,岡山県,0,,-
GOLD,Air Bell,0,,-,948,TORO,岡山県,1294,KY,岡山県,1722,GENO,岡山県,0,,-
DJ TROOPERS,走馬灯 -The Last Song-,0,,-,509,TORO,岡山県,889,LEONA,岡山県,1334,CORIVE,岡山県,0,,-
DJ TROOPERS,華爛漫 -Flowers-,335,KAZU,岡山県,1008,TORO,岡山県,1523,V10LET,岡山県,2054,O.N.O.,岡山県,3179,CORIVE,岡山県
DJ TROOPERS,少年A,0,,-,1203,I.TSRN,岡山県,2142,ABOX,岡山県,2832,CORIVE,岡山県,0,,-
DJ TROOPERS,ミラージュ・レジデンス,0,,-,1123,TORO,岡山県,2060,TOMJ,岡山県,2600,JIMAYO,岡山県,3276,CORIVE,岡山県
DJ TROOPERS,マチ子の唄,0,,-,832,AIKA,岡山県,1320,GENO,岡山県,1800,O.N.O.,岡山県,0,,-
DJ TROOPERS,エコ爺,344,.YUKKE,岡山県,840,MANAMI,岡山県,1343,GENO,岡山県,1837,O.N.O.,岡山県,0,,-
DJ TROOPERS,Wanna Party?,0,,-,762,TORO,岡山県,1184,GENO,岡山県,1519,CORIVE,岡山県,2597,O.N.O.,岡山県
DJ TROOPERS,Ubertreffen,0,,-,1103,TORO,岡山県,1934,GYAN3,岡山県,2517,CORIVE,岡山県,3223,CORIVE,岡山県
DJ TROOPERS,TROOPERS,0,,-,1231,TORO,岡山県,2319,ABOX,岡山県,2955,CORIVE,岡山県,0,,-
DJ TROOPERS,TRIP MACHINE PhoeniX,0,,-,670,TORO,岡山県,1517,TOMJ,岡山県,1805,RYU,岡山県,0,,-
DJ TROOPERS,Time to Air,0,,-,1271,TORO,岡山県,2084,ARTE3S,岡山県,2867,RYU,岡山県,3656,CORIVE,岡山県
DJ TROOPERS,the trigger of innocence,0,,-,895,TORO,岡山県,1184,GENO,岡山県,1848,GENO,岡山県,3113,O.N.O.,岡山県
DJ TROOPERS,THE DEEP STRIKER,535,KAZU,岡山県,1083,TORO,岡山県,2145,CYBELE,岡山県,3034,CORIVE,岡山県,3507,CORIVE,岡山県
DJ TROOPERS,switch,0,,-,803,TORO,岡山県,1417,KAZU,岡山県,2092,CORIVE,岡山県,0,,-
DJ TROOPERS,STEEL NEEDLE,0,,-,1105,TORO,岡山県,2141,RYU,岡山県,2483,CORIVE,岡山県,3327,ARIAN7,岡山県
DJ TROOPERS,State Of The Art,0,,-,1094,TORO,岡山県,1489,TORO,岡山県,3098,JIMAO,岡山県,0,,-
DJ TROOPERS,SOUND OF GIALLARHORN,503,KAZU,岡山県,1363,AIKA,岡山県,2670,ABOX,岡山県,3310,CORIVE,岡山県,0,,-
DJ TROOPERS,soldier's waltz,0,,-,827,TORO,岡山県,1599,ARTE3S,岡山県,2508,CORIVE,岡山県,0,,-
DJ TROOPERS,scar in the earth,0,,-,659,MANAMI,岡山県,1022,I.TSRN,岡山県,1517,GENO,岡山県,0,,-
DJ TROOPERS,satfinal,0,,-,1088,AIKA,岡山県,1432,JIMAO,岡山県,1922,JIMAO,岡山県,0,,-
DJ TROOPERS,"satellite020712 from ""CODED ARMS""",0,,-,1293,TORO,岡山県,1775,TOMJ,岡山県,2523,CORIVE,岡山県,0,,-
DJ TROOPERS,Ristaccia,0,,-,1187,TORO,岡山県,1992,ARTE3S,岡山県,2742,O.N.O.,岡山県,0,,-
DJ TROOPERS,Rising in the Sun(original mix),0,,-,943,TORO,岡山県,1633,O.N.O.,岡山県,2381,CORIVE,岡山県,0,,-
DJ TROOPERS,REMINISCENCE,0,,-,1274,AIKA,岡山県,1823,SARPON,岡山県,2340,GENO,岡山県,0,,-
DJ TROOPERS,PROMISE FOR LIFE,0,,-,590,KEISHU,岡山県,1470,TORO,岡山県,1748,GENO,岡山県,0,,-
DJ TROOPERS,PARANOiA ～HADES～,0,,-,988,NRK,岡山県,1843,O.N.O.,岡山県,2770,CORIVE,岡山県,0,,-
DJ TROOPERS,oratio,0,,-,1443,TORO,岡山県,2021,HNBRK,岡山県,2939,CORIVE,岡山県,0,,-
DJ TROOPERS,NEW GENERATION -もう、お前しか見えない-,0,,-,1061,TORO,岡山県,1866,TORO,岡山県,2621,CORIVE,岡山県,3610,CORIVE,岡山県
DJ TROOPERS,MENTAL MELTDOWN,0,,-,1168,TORO,岡山県,2182,ABOX,岡山県,2810,CORIVE,岡山県,0,,-
DJ TROOPERS,MENDES,0,,-,1129,TORO,岡山県,2630,O.N.O.,岡山県,3586,CORIVE,岡山県,0,,-
DJ TROOPERS,MAX LOVE,0,,-,1423,TORO,岡山県,2180,JIMAYO,岡山県,2668,JIMAO,岡山県,0,,-
DJ TROOPERS,madrugada,0,,-,717,MANAMI,岡山県,1160,OK!,岡山県,1865,CORIVE,岡山県,0,,-
DJ TROOPERS,LOVELY STORM,0,,-,1345,TORO,岡山県,2169,ARTE3S,岡山県,2827,JIMAYO,岡山県,0,,-
DJ TROOPERS,Kick Out 仮面,0,,-,1154,TOMJ,岡山県,1592,GENO,岡山県,2042,O.N.O.,岡山県,0,,-
DJ TROOPERS,in the Sky,0,,-,1355,TORO,岡山県,2151,CORIVE,岡山県,2544,ARIAN7,岡山県,0,,-
DJ TROOPERS,ICARUS,0,,-,1295,TORO,岡山県,2046,RYU,岡山県,2555,CORIVE,岡山県,3788,CORIVE,岡山県
DJ TROOPERS,Freeway Shuffle,342,BEAT,岡山県,817,TORO,岡山県,1263,ARTE3S,岡山県,1875,CORIVE,岡山県,0,,-
DJ TROOPERS,four pieces of heaven,0,,-,916,TORO,岡山県,1731,RYU,岡山県,2396,CORIVE,岡山県,2934,CORIVE,岡山県
DJ TROOPERS,evergreen,0,,-,975,TORO,岡山県,1264,KAZU,岡山県,1894,GENO,岡山県,0,,-
DJ TROOPERS,end of world,0,,-,1023,TORO,岡山県,1676,TORO,岡山県,2502,GENO,岡山県,0,,-
DJ TROOPERS,Do it!! Do it!!,0,,-,1014,TORO,岡山県,1485,DOLSEX,岡山県,1958,CORIVE,岡山県,0,,-
DJ TROOPERS,Digitank System,0,,-,915,TORO,岡山県,1600,CORIVE,岡山県,2185,CORIVE,岡山県,0,,-
DJ TROOPERS,Dazzlin' Darlin,338,KURO,岡山県,904,TORO,岡山県,1408,GENO,岡山県,2230,O.N.O.,岡山県,0,,-
DJ TROOPERS,Darling my LUV,0,,-,689,TORO,岡山県,955,I.TSRN,岡山県,1379,RYU,岡山県,0,,-
DJ TROOPERS,Blue Rain,342,DONMAI,岡山県,1002,M.,岡山県,1541,TORO,岡山県,2285,CORI-,岡山県,3333,CORIVE,岡山県
DJ TROOPERS,beatonic nation,0,,-,1273,TORO,岡山県,1759,KURO,岡山県,2166,GENO,岡山県,0,,-
DJ TROOPERS,Be OK,0,,-,949,TORO,岡山県,1782,ARTE3S,岡山県,2416,O.N.O.,岡山県,3307,O.N.O.,岡山県
DJ TROOPERS,avant-guerre,0,,-,752,TORO,岡山県,1339,GENO,岡山県,1931,GENO,岡山県,0,,-
DJ TROOPERS,"Anisakis -somatic mutation type""Forza""-",0,,-,1253,AIKA,岡山県,2061,P,岡山県,2867,CORIVE,岡山県,3843,CORIVE,岡山県
DJ TROOPERS,2 tribe 4 K,0,,-,898,GENO,岡山県,1334,TORO,岡山県,2779,CORIVE,岡山県,0,,-
EMPRESS,鉄甲乙女-under the steel-,0,,-,946,TORO,岡山県,1639,GENO,岡山県,2188,O.N.O.,岡山県,0,,-
EMPRESS,翼,0,,-,905,TORO,岡山県,1514,GENO,岡山県,1971,O.N.O.,岡山県,2509,O.N.O.,岡山県
EMPRESS,山岡晃の「クイズ！家事都合！」,0,,-,668,AIKA,岡山県,1390,GENO,岡山県,2060,O.N.O.,岡山県,0,,-
EMPRESS,天空脳番長危機十六連打,0,,-,988,INYS,岡山県,2084,MILK*T,岡山県,2583,O.N.O.,岡山県,0,,-
EMPRESS,卑弥呼,0,,-,1235,TORO,岡山県,2729,RYU,岡山県,4068,CORIVE,岡山県,0,,-
EMPRESS,凛として咲く花の如く,390,KAZU,岡山県,1330,TORO,岡山県,2143,ARTE3S,岡山県,2786,O.N.O.,岡山県,3183,O.N.O.,岡山県
EMPRESS,不沈艦CANDY,603,INYS,岡山県,1155,TORO,岡山県,1935,MITTUN,岡山県,3315,CORIVE,岡山県,0,,-
EMPRESS,ミッドナイト堕天使,0,,-,979,TORO,岡山県,1556,IDOMUN,岡山県,2780,O.N.O.,岡山県,0,,-
EMPRESS,ハリツヤランデヴー,0,,-,959,JIMAYO,岡山県,2144,CORIVE,岡山県,2486,O.N.O.,岡山県,0,,-
EMPRESS,まほろば,0,,-,783,TORO,岡山県,1465,GENO,岡山県,2047,O.N.O.,岡山県,0,,-
EMPRESS,"You'll say ""Now!""",0,,-,1194,COIL.,岡山県,1908,CORIVE,岡山県,2497,RYU,岡山県,0,,-
EMPRESS,Y&Co. is dead or alive,0,,-,1104,AIKA,岡山県,1679,AIKA,岡山県,2851,CORIVE,岡山県,0,,-
EMPRESS,V2,789,.YUKKE,岡山県,1458,0HANA5,岡山県,3106,CORIVE,岡山県,3556,CORIVE,岡山県,0,,-
EMPRESS,Turii ～Panta rhei～,368,TORO,岡山県,894,TORO,岡山県,2070,ARTE3S,岡山県,2660,O.N.O.,岡山県,0,,-
EMPRESS,THANK YOU FOR PLAYING,0,,-,819,TORO,岡山県,1613,TOMJ,岡山県,2124,CORIVE,岡山県,2987,ARIAN7,岡山県
EMPRESS,SOLITON BEAM,0,,-,1381,INYS,岡山県,2101,ARTE3S,岡山県,2357,JIMAO,岡山県,0,,-
EMPRESS,smooooch・∀・,397,KYOKA,岡山県,835,AIKA,岡山県,1583,AIKA,岡山県,2148,CORIVE,岡山県,2774,RYU,岡山県
EMPRESS,Secrets,0,,-,1250,AIKA,岡山県,2445,GREIN,岡山県,3159,O.N.O.,岡山県,4097,CORIVE,岡山県
EMPRESS,Queen's Tragedy,0,,-,851,TORO,岡山県,1606,YOSHI,岡山県,2229,JIMAYO,岡山県,0,,-
EMPRESS,Punch Love 仮面,0,,-,1113,TORO,岡山県,1663,IDOMUN,岡山県,2506,O.N.O.,岡山県,3176,RYU,岡山県
EMPRESS,Programmed World,0,,-,938,TORO,岡山県,1715,TORO,岡山県,2307,O.N.O.,岡山県,0,,-
EMPRESS,NΦ CRIME,289,TORO,岡山県,821,AIKA,岡山県,1459,GENO,岡山県,1898,O.N.O.,岡山県,2415,CORIVE,岡山県
EMPRESS,neogenesis,0,,-,988,AIKA,岡山県,1352,ARTE3S,岡山県,1715,O.N.O.,岡山県,2313,O.N.O.,岡山県
EMPRESS,naughty girl@Queen's Palace,0,,-,856,TORO,岡山県,1675,ARTE3S,岡山県,2165,CORIVE,岡山県,2714,CORIVE,岡山県
EMPRESS,Monkey Dance '09,0,,-,843,HYORAI,岡山県,1649,SHINY.,岡山県,2248,CORIVE,岡山県,0,,-
EMPRESS,Mind Mapping,508,INYS,岡山県,872,TORO,岡山県,1215,TORO,岡山県,1814,BJORN,岡山県,2242,RYU,岡山県
EMPRESS,Kung-fu Empire,0,,-,1495,TORO,岡山県,2518,ABOX,岡山県,3228,RYU,岡山県,3897,CORI-,岡山県
EMPRESS,Just a Little Smile,0,,-,816,TORO,岡山県,1363,CORIVE,岡山県,2518,CORIVE,岡山県,0,,-
EMPRESS,Jack,0,,-,919,TORO,岡山県,1365,M.,岡山県,2163,O.N.O.,岡山県,0,,-
EMPRESS,I'm Screaming LOVE,0,,-,613,AIKA,岡山県,1329,GENO,岡山県,1698,GENO,岡山県,0,,-
EMPRESS,HYPERION,0,,-,1122,TORO,岡山県,1945,COIL.,岡山県,2753,CORIVE,岡山県,0,,-
EMPRESS,Go Beyond!!,539,TORO,岡山県,1064,TORO,岡山県,1697,RYU,岡山県,2230,CORIVE,岡山県,0,,-
EMPRESS,Fly Above,0,,-,962,AIKA,岡山県,1630,GENO,岡山県,2032,O.N.O.,岡山県,0,,-
EMPRESS,Flash Back 90's,0,,-,922,TORO,岡山県,1888,ARTE3S,岡山県,2333,CORIVE,岡山県,2891,CORIVE,岡山県
EMPRESS,Cyber Force -DJ Yoshitaka Remix- ,0,,-,1071,AIKA,岡山県,1756,AIKA,岡山県,2498,CORIVE,岡山県,0,,-
EMPRESS,Colorful Cookie,668,.YUKKE,岡山県,1132,TORO,岡山県,2261,CORIVE,岡山県,3502,CORIVE,岡山県,0,,-
EMPRESS,CaptivAte2～覚醒～,240,TORO,岡山県,1110,TORO,岡山県,1690,PULSE,岡山県,2389,JIMAO,岡山県,0,,-
EMPRESS,BRIDAL FESTIVAL !!!,0,,-,917,KEISHU,岡山県,1474,DONMAI,岡山県,2125,CORIVE,岡山県,0,,-
EMPRESS,BITTER CHOCOLATE STRIKER,0,,-,1100,TORO,岡山県,2196,ARTE3S,岡山県,3934,CORIVE,岡山県,0,,-
EMPRESS,Bahram Attack-猫叉Master Remix-,0,,-,1065,TORO,岡山県,1918,TORO,岡山県,2623,O.N.O.,岡山県,3267,O.N.O.,岡山県
EMPRESS,B4U(BEMANI FOR YOU MIX),0,,-,1210,TORO,岡山県,2229,TORO,岡山県,3596,CORIVE,岡山県,4620,CORIVE,岡山県
EMPRESS,Arabian Rave Night,0,,-,1290,TORO,岡山県,2186,PO?,岡山県,2926,CORIVE,岡山県,3592,CORIVE,岡山県
EMPRESS,ALL MY TURN -このターンに、オレの全てを賭ける-,0,,-,1049,TORO,岡山県,1804,TOMJ,岡山県,2599,CORIVE,岡山県,0,,-
EMPRESS,ALL I NEED YOUR LOVE,0,,-,1091,TORO,岡山県,1713,GENO,岡山県,2140,CORIVE,岡山県,0,,-
EMPRESS,3y3s,545,INYS,岡山県,1463,TORO,岡山県,2534,GENO,岡山県,3579,CORIVE,岡山県,0,,-
SIRIUS,"水上の提督(Short mix from ""幻想水滸伝V"")",0,,-,702,TORO,岡山県,1579,KURO,岡山県,2099,CORIVE,岡山県,0,,-
SIRIUS,未来のプリズム,0,,-,690,TORO,岡山県,1384,GENO,岡山県,1771,GENO,岡山県,0,,-
SIRIUS,ワルツ第17番 ト短調”大犬のワルツ”,0,,-,1240,TORO,岡山県,2337,CORIVE,岡山県,3294,CORIVE,岡山県,0,,-
SIRIUS,バビロニア,0,,-,831,MANAMI,岡山県,1398,GENO,岡山県,1858,O.N.O.,岡山県,0,,-
SIRIUS,サヨナラ・ヘヴン,376,DONMAI,岡山県,926,TORO,岡山県,1362,TORO,岡山県,1687,CORIVE,岡山県,0,,-
SIRIUS,コスモス,0,,-,896,MANAMI,岡山県,1513,ARTE3S,岡山県,2095,O.N.O.,岡山県,0,,-
SIRIUS,たからもの,0,,-,1285,AIKA,岡山県,1879,GENO,岡山県,2241,GENO,岡山県,3549,RYU,岡山県
SIRIUS,かずあそび,0,,-,515,COA,岡山県,1159,TORO,岡山県,1699,GENO,岡山県,0,,-
SIRIUS,The Story Begins,0,,-,855,TORO,岡山県,1745,M.,岡山県,2431,O.N.O.,岡山県,0,,-
SIRIUS,THE LAST STRIKER,0,,-,1412,TORO,岡山県,1913,TORO,岡山県,2640,CORIVE,岡山県,0,,-
SIRIUS,Special One,0,,-,850,TORO,岡山県,1182,TORO,岡山県,1762,GENO,岡山県,0,,-
SIRIUS,Sorrows,0,,-,817,TORO,岡山県,1659,TORO,岡山県,2475,O.N.O.,岡山県,0,,-
SIRIUS,SOLID STATE SQUAD,0,,-,1032,TORO,岡山県,2211,ABOX,岡山県,3536,O.N.O.,岡山県,3600,CORIVE,岡山県
SIRIUS,She is my wife,419,TORO,岡山県,707,TORO,岡山県,1506,TORO,岡山県,1969,JIMAO,岡山県,0,,-
SIRIUS,Session 1 -Genesis-,0,,-,905,TORO,岡山県,1588,M2U,岡山県,2439,CORIVE,岡山県,0,,-
SIRIUS,Roots of my way!,0,,-,844,KEISHU,岡山県,1353,GENO,岡山県,2045,GENO,岡山県,0,,-
SIRIUS,Red. by Full Metal Jacket,0,,-,1019,TORO,岡山県,2072,GENO,岡山県,3225,CORIVE,岡山県,0,,-
SIRIUS,Raison d'etre～交差する宿命～,0,,-,1186,TORO,岡山県,2231,DPE,岡山県,2710,ARIAN7,岡山県,0,,-
SIRIUS,quell～the seventh slave～,0,,-,976,AIKA,岡山県,1740,GYAN3,岡山県,3154,CORIVE,岡山県,0,,-
SIRIUS,Programmed Sun,0,,-,1103,TORO,岡山県,1776,TORO,岡山県,2585,RYU,岡山県,0,,-
SIRIUS,NoN-Fiction Story!,0,,-,715,MANAMI,岡山県,1397,GENO,岡山県,2207,ARIAN7,岡山県,0,,-
SIRIUS,NEW SENSATION -もう、あなたしか見えない-,0,,-,1263,AIKA,岡山県,1968,KURO,岡山県,2684,CORIVE,岡山県,0,,-
SIRIUS,mosaic,0,,-,1482,-DAI-,岡山県,2050,ARTE3S,岡山県,3015,O.N.O.,岡山県,0,,-
SIRIUS,MIRACLE MEETS,0,,-,941,TORO,岡山県,1538,TORO,岡山県,2254,CORIVE,岡山県,0,,-
SIRIUS,Light Shine,0,,-,808,TORO,岡山県,1102,TOMJ,岡山県,1971,CORIVE,岡山県,0,,-
SIRIUS,Last Burning,0,,-,859,TORO,岡山県,1590,KURO,岡山県,2351,#JIMAO,岡山県,0,,-
SIRIUS,Keep it-秋葉工房mix-,0,,-,1027,TORO,岡山県,1674,ARTE3S,岡山県,1866,GENO,岡山県,0,,-
SIRIUS,IN THE NAME OF LOVE,529,TORO,岡山県,751,TORO,岡山県,1368,TORO,岡山県,1934,O.N.O.,岡山県,0,,-
SIRIUS,Hydrogen Blueback,0,,-,1029,AIKA,岡山県,1644,TORO,岡山県,2325,CORIVE,岡山県,2448,CORIVE,岡山県
SIRIUS,GOLDEN CROSS,0,,-,1098,TORO,岡山県,2079,ARTE3S,岡山県,3490,CORIVE,岡山県,0,,-
SIRIUS,GALGALIM,0,,-,1426,TORO,岡山県,1911,RYU,岡山県,2385,CORIVE,岡山県,0,,-
SIRIUS,G59,0,,-,1698,TORO,岡山県,2283,M.,岡山県,3916,CORIVE,岡山県,0,,-
SIRIUS,EXUSIA,0,,-,1208,TP6,岡山県,2680,ARTE3S,岡山県,3852,CORIVE,岡山県,0,,-
SIRIUS,Evans,596,DONMAI,岡山県,1250,TORO,岡山県,2169,O.N.O.,岡山県,2763,ARIAN7,岡山県,0,,-
SIRIUS,eRAseRmOToRpHAntOM,0,,-,1506,I.TSRN,岡山県,2461,CYBELE,岡山県,3332,CORIVE,岡山県,0,,-
SIRIUS,Empire State Glory,0,,-,1116,TORO,岡山県,1777,M2U,岡山県,2640,JIMAO,岡山県,0,,-
SIRIUS,Elisha,425,INYS,岡山県,908,TORO,岡山県,1476,ARTE3S,岡山県,2289,CORIVE,岡山県,0,,-
SIRIUS,DROP,0,,-,864,MANAMI,岡山県,2039,DOLSEX,岡山県,2632,CORIVE,岡山県,0,,-
SIRIUS,DOMINION,0,,-,1254,TORO,岡山県,2282,RYU,岡山県,3193,YUNE*,岡山県,0,,-
SIRIUS,DESIRE,0,,-,942,TORO,岡山県,1973,ARTE3S,岡山県,2826,JIMAO,岡山県,0,,-
SIRIUS,Dazzlin' Darlin-秋葉工房mix-,0,,-,803,TORO,岡山県,1518,GENO,岡山県,2101,O.N.O.,岡山県,0,,-
SIRIUS,DAWN -THE NEXT ENDEAVOUR-,0,,-,1641,AIKA,岡山県,2617,TOMJ,岡山県,3138,CORIVE,岡山県,0,,-
SIRIUS,D,0,,-,1419,TORO,岡山県,1844,SIBATA,岡山県,2592,CORIVE,岡山県,0,,-
SIRIUS,CaptivAte～裁き～(SUBLIME TECHNO MIX),0,,-,1029,TORO,岡山県,1565,KAZU,岡山県,2434,GENO,岡山県,0,,-
SIRIUS,bloomin' feeling,394,DONMAI,岡山県,1267,NICOL,岡山県,1945,ARTE3S,岡山県,2603,ARIAN7,岡山県,0,,-
SIRIUS,being torn the sky,0,,-,661,TORO,岡山県,1220,GENO,岡山県,1985,GENO,岡山県,0,,-
SIRIUS,BEAUTIFUL ANGEL,0,,-,630,TORO,岡山県,1812,GENO,岡山県,2463,O.N.O.,岡山県,0,,-
SIRIUS,beatchic☆仮面～好き、でいさせて～,0,,-,1011,TORO,岡山県,1650,ARTE3S,岡山県,2024,GENO,岡山県,0,,-
SIRIUS,bass 2 bass,278,.YUKKE,岡山県,729,TORO,岡山県,1270,GENO,岡山県,1926,CORIVE,岡山県,0,,-
SIRIUS,Bad Maniacs,0,,-,1289,TORO,岡山県,1795,BJORN,岡山県,3242,CORIVE,岡山県,0,,-
SIRIUS,Almagest,0,,-,1022,AIKA,岡山県,2210,CORIVE,岡山県,3154,CORIVE,岡山県,0,,-
SIRIUS,AIR RAID FROM THA UNDAGROUND,547,.YUKKE,岡山県,1158,TORO,岡山県,1748,M.,岡山県,2341,CORIVE,岡山県,2958,CORIVE,岡山県
Resort Anthem,黒髪乱れし修羅となりて,0,,-,819,TORO,岡山県,2001,PULSE,岡山県,3434,CORIVE,岡山県,0,,-
Resort Anthem,灼熱Beach Side Bunny,581,TORO,岡山県,1098,TORO,岡山県,1957,BENNY,岡山県,3267,CORIVE,岡山県,0,,-
Resort Anthem,旅人リラン,0,,-,1146,TORO,岡山県,1951,GYAN3,岡山県,2661,CORIVE,岡山県,0,,-
Resort Anthem,夕焼け ～Fading Day～,0,,-,993,TORO,岡山県,2058,ARTE3S,岡山県,2801,ARIAN7,岡山県,0,,-
Resort Anthem,中華急行,0,,-,328,GENO,岡山県,1537,GENO,岡山県,2321,CORIVE,岡山県,0,,-
Resort Anthem,かげぬい ～ Ver.BENIBOTAN ～,520,.YUKKE,岡山県,877,TORO,岡山県,1393,GENO,岡山県,1940,CORIVE,岡山県,0,,-
Resort Anthem,おおきなこえで,0,,-,442,LEONA,岡山県,960,TORO,岡山県,1495,RYU,岡山県,2169,CORIVE,岡山県
Resort Anthem,ZETA～素数の世界と超越者～,327,INYS,岡山県,596,TORO,岡山県,2181,CORIVE,岡山県,3128,CORIVE,岡山県,0,,-
Resort Anthem,XANADU OF TWO,0,,-,1005,TORO,岡山県,1754,GENO,岡山県,2753,O.N.O.,岡山県,0,,-
Resort Anthem,Wuv U,0,,-,416,TORO,岡山県,1276,M.,岡山県,1707,O.N.O.,岡山県,0,,-
Resort Anthem,WISE UP!,341,DONMAI,岡山県,491,TORO,岡山県,1179,GENO,岡山県,1597,CORIVE,岡山県,2597,CORIVE,岡山県
Resort Anthem,Watch Out Pt.2,0,,-,1110,TORO,岡山県,2032,CORIVE,岡山県,2936,CORIVE,岡山県,0,,-
Resort Anthem,Vermillion,0,,-,542,AIKA,岡山県,1146,MOEL53,岡山県,2065,CORIVE,岡山県,0,,-
Resort Anthem,Tropical April,0,,-,1593,TORO,岡山県,2291,TELYMA,岡山県,2739,CORIVE,岡山県,0,,-
Resort Anthem,THE FALLEN,0,,-,875,TOMJ,岡山県,1443,M.,岡山県,2707,CORIVE,岡山県,0,,-
Resort Anthem,THE DOOR INTO RAINBOW,0,,-,798,TORO,岡山県,1633,KAZU,岡山県,2156,CORIVE,岡山県,0,,-
Resort Anthem,THE BLACK KNIGHT,0,,-,924,TORO,岡山県,2056,RYU,岡山県,2947,CORIVE,岡山県,0,,-
Resort Anthem,STELLAR WIND,380,DONMAI,岡山県,637,TORO,岡山県,1890,ARTE3S,岡山県,2622,O.N.O.,岡山県,0,,-
Resort Anthem,Stay my side,0,,-,646,TORO,岡山県,1037,INYS,岡山県,1337,MITTUN,岡山県,0,,-
Resort Anthem,SPECIAL SUMMER CAMPAIGN!,0,,-,714,TORO,岡山県,1625,ARTE3S,岡山県,2971,O.N.O.,岡山県,0,,-
Resort Anthem,Space Time,0,,-,628,TORO,岡山県,1647,IDOMUN,岡山県,2196,O.N.O.,岡山県,0,,-
Resort Anthem,Session 9 -Chronicles-,0,,-,779,TORO,岡山県,2351,RYU,岡山県,3615,CORIVE,岡山県,0,,-
Resort Anthem,sakura storm,0,,-,1046,TORO,岡山県,1308,M.,岡山県,2415,CORIVE,岡山県,0,,-
Resort Anthem,Sakura Reflection,0,,-,483,TORO,岡山県,1583,M.,岡山県,2370,CORIVE,岡山県,0,,-
Resort Anthem,SABER WING,0,,-,538,TORO,岡山県,1895,CORIVE,岡山県,2846,CORIVE,岡山県,0,,-
Resort Anthem,Rock Da House,0,,-,902,TORO,岡山県,1635,TELYMA,岡山県,2246,CORIVE,岡山県,0,,-
Resort Anthem,reunion,552,DONMAI,岡山県,1389,AIKA,岡山県,2416,GENO,岡山県,3221,CORIVE,岡山県,0,,-
Resort Anthem,Programmed Life,0,,-,1072,TOMJ,岡山県,1694,OK!,岡山県,2375,O.N.O.,岡山県,0,,-
Resort Anthem,perditus†paradisus,0,,-,1259,TORO,岡山県,2524,RYU,岡山県,3884,CORIVE,岡山県,0,,-
Resort Anthem,passionate fate,0,,-,1137,TORO,岡山県,1557,KETY,岡山県,2129,O.N.O.,岡山県,0,,-
Resort Anthem,PARADISE LOST,0,,-,1391,TORO,岡山県,2379,RYU,岡山県,3297,ARIAN7,岡山県,0,,-
Resort Anthem,New Castle Legions,0,,-,979,TORO,岡山県,1902,AISC,岡山県,2784,CORIVE,岡山県,0,,-
Resort Anthem,Never Fade Away,0,,-,783,TORO,岡山県,1784,GREIN,岡山県,3004,O.N.O.,岡山県,0,,-
Resort Anthem,Mermaid girl,577,DONMAI,岡山県,999,CORIVE,岡山県,1660,KETY,岡山県,2222,O.N.O.,岡山県,0,,-
Resort Anthem,Medicine of love,0,,-,631,KEISHU,岡山県,1111,GENO,岡山県,1732,O.N.O.,岡山県,0,,-
Resort Anthem,Let The Track Flow,0,,-,1116,TORO,岡山県,1783,COIL.,岡山県,2663,CORIVE,岡山県,0,,-
Resort Anthem,Kailua,0,,-,529,M.,岡山県,1409,CORIVE,岡山県,2219,CORIVE,岡山県,0,,-
Resort Anthem,I FIGHT ME,0,,-,630,GENO,岡山県,1430,GENO,岡山県,2134,O.N.O.,岡山県,0,,-
Resort Anthem,Golden Palms,0,,-,746,TORO,岡山県,1456,IHM.RV,岡山県,2059,CORIVE,岡山県,2456,CORIVE,岡山県
Resort Anthem,Fantasia,240,TORO,岡山県,401,TORO,岡山県,1558,ARTE3S,岡山県,2244,O.N.O.,岡山県,0,,-
Resort Anthem,Everlasting Resort,0,,-,891,TORO,岡山県,1288,TORO,岡山県,1896,CORIVE,岡山県,0,,-
Resort Anthem,Eternal Tears,0,,-,442,TORO,岡山県,1092,O.N.O.,岡山県,1379,CORI-,岡山県,0,,-
Resort Anthem,Energy Drive,0,,-,885,TORO,岡山県,1427,M.,岡山県,2224,CORIVE,岡山県,0,,-
Resort Anthem,ELECTRIC MASSIVE DIVER,0,,-,1295,AIKA,岡山県,2423,LAIR,岡山県,3683,CORIVE,岡山県,0,,-
Resort Anthem,DM STAR～関西 energy style～,0,,-,1120,ARTE3S,岡山県,1924,ARTE3S,岡山県,2401,O.N.O.,岡山県,0,,-
Resort Anthem,Destiny Sword,0,,-,894,TORO,岡山県,1784,ARTE3S,岡山県,2379,CORIVE,岡山県,0,,-
Resort Anthem,DAYDREAMER,0,,-,1184,AIKA,岡山県,1762,ARTE3S,岡山県,2521,GENO,岡山県,0,,-
Resort Anthem,Dances with Snow Fairies,0,,-,1393,AIKA,岡山県,2258,ARTE3S,岡山県,3173,CORIVE,岡山県,3882,MITTUN,岡山県
Resort Anthem,BROKEN EDEN,0,,-,1062,TORO,岡山県,1711,TORO,岡山県,2327,O.N.O.,岡山県,0,,-
Resort Anthem,Broken,0,,-,1079,TORO,岡山県,2057,GENO,岡山県,3172,CORIVE,岡山県,0,,-
Resort Anthem,Breaking the ground,0,,-,1187,TORO,岡山県,1781,GREIN,岡山県,2516,JIMAYO,岡山県,0,,-
Resort Anthem,Bounce Bounce Bounce,0,,-,1099,TORO,岡山県,1719,ARTE3S,岡山県,2521,CORIVE,岡山県,0,,-
Resort Anthem,BLUST OF WIND,0,,-,836,TORO,岡山県,1542,TORO,岡山県,2130,CORIVE,岡山県,2574,O.N.O.,岡山県
Resort Anthem,Believe In Me,0,,-,1050,TORO,岡山県,1783,TORO,岡山県,2377,O.N.O.,岡山県,0,,-
Resort Anthem,ANTHEM LANDING,0,,-,969,TORO,岡山県,1899,M2U,岡山県,2956,CORIVE,岡山県,0,,-
Resort Anthem,Answer,0,,-,782,MANAMI,岡山県,1488,GENO,岡山県,2414,GENO,岡山県,0,,-
Resort Anthem,ALBIDA,528,DONMAI,岡山県,1112,TORO,岡山県,1886,RYU,岡山県,2990,ARIAN7,岡山県,0,,-
Resort Anthem,Aegis,0,,-,892,TORO,岡山県,1387,GENO,岡山県,2361,CORIVE,岡山県,0,,-
Lincle,陽炎,0,,-,628,MANAMI,岡山県,1204,GENO,岡山県,2012,O.N.O.,岡山県,0,,-
Lincle,衰色小町メランコリア,0,,-,795,TORO,岡山県,1412,GENO,岡山県,2364,CORIVE,岡山県,0,,-
Lincle,蛇神,421,INYS,岡山県,729,TORO,岡山県,1480,M.,岡山県,2833,CORIVE,岡山県,3607,MITTUN,岡山県
Lincle,聖人の塔,0,,-,953,TORO,岡山県,1997,BJORN,岡山県,3084,CORIVE,岡山県,4115,RYU,岡山県
Lincle,突撃!ガラスのニーソ姫!,0,,-,653,TORO,岡山県,1178,GENO,岡山県,2097,CORIVE,岡山県,0,,-
Lincle,恋する☆宇宙戦争っ！！,512,TORO,岡山県,907,AIKA,岡山県,1757,GENO,岡山県,3568,ARIAN7,岡山県,4346,RYU,岡山県
Lincle,子供の落書き帳,0,,-,901,TORO,岡山県,1885,RYU,岡山県,2659,CORIVE,岡山県,0,,-
Lincle,天空の夜明け,0,,-,1332,TORO,岡山県,2149,GYAN3,岡山県,3992,CORIVE,岡山県,0,,-
Lincle,君のハートにロックオン,0,,-,717,TORO,岡山県,1705,DOLSEX,岡山県,2650,YUNE*,岡山県,3363,RYU,岡山県
Lincle,ユミル,0,,-,663,TORO,岡山県,1375,GENO,岡山県,2845,CORIVE,岡山県,0,,-
Lincle,ビューティフルレシート,339,.YUKKE,岡山県,517,TORO,岡山県,1191,029,岡山県,1928,CORIVE,岡山県,0,,-
Lincle,Yellow Sunrise,0,,-,763,TORO,岡山県,1452,GENO,岡山県,2280,CORIVE,岡山県,0,,-
Lincle,yellow head joe,0,,-,796,TORO,岡山県,1438,TORO,岡山県,2263,O.N.O.,岡山県,3077,O.N.O.,岡山県
Lincle,YAKSHA,0,,-,1262,TORO,岡山県,2226,ABOX,岡山県,3890,ARIAN7,岡山県,0,,-
Lincle,WONDER WALKER,0,,-,982,TORO,岡山県,1878,M.,岡山県,3791,CORIVE,岡山県,0,,-
Lincle,Voxane,0,,-,620,GENO,岡山県,1244,GENO,岡山県,1743,GENO,岡山県,0,,-
Lincle,Todestrieb,0,,-,1118,TORO,岡山県,1920,ARTE3S,岡山県,3428,CORIVE,岡山県,0,,-
Lincle,TITANS RETURN,324,INYS,岡山県,635,TORO,岡山県,1507,TORO,岡山県,2477,CORIVE,岡山県,2662,CORIVE,岡山県
Lincle,Thunderbolt,0,,-,1044,TORO,岡山県,1829,101I,岡山県,3771,CORIVE,岡山県,0,,-
Lincle,The Sampling Paradise,0,,-,864,TORO,岡山県,1854,ARTE3S,岡山県,3046,CORIVE,岡山県,0,,-
Lincle,The Limbo,0,,-,1196,TORO,岡山県,2066,CORIVE,岡山県,3329,ARIAN7,岡山県,4230,CORIVE,岡山県
Lincle,Star Trail,0,,-,645,TORO,岡山県,1210,GENO,岡山県,1852,JIMAO,岡山県,2546,RYU,岡山県
Lincle,Snow Goose,297,KEISHU,岡山県,376,TORO,岡山県,1331,TORO,岡山県,2449,CORIVE,岡山県,0,,-
Lincle,Snake Stick,0,,-,1046,TORO,岡山県,2056,CORIVE,岡山県,2825,CORIVE,岡山県,0,,-
Lincle,SHADE,0,,-,1097,TORO,岡山県,1979,SKMT3,岡山県,2913,CORIVE,岡山県,0,,-
Lincle,Several Words,0,,-,637,TORO,岡山県,1449,GENO,岡山県,2181,GENO,岡山県,0,,-
Lincle,Scharfrichter,0,,-,891,TORO,岡山県,1608,ARTE3S,岡山県,2928,CORIVE,岡山県,0,,-
Lincle,SA.YO.NA.RA. SUPER STAR,0,,-,481,TORO,岡山県,1217,COIL.,岡山県,1709,CORIVE,岡山県,0,,-
Lincle,Round and Round,0,,-,797,AIKA,岡山県,1194,EMB,岡山県,2148,O.N.O.,岡山県,0,,-
Lincle,RESISTANCE,0,,-,640,AIKA,岡山県,1347,GENO,岡山県,2372,GENO,岡山県,0,,-
Lincle,Release The Music,0,,-,809,Y.TSRN,岡山県,1469,GENO,岡山県,2111,#JIMAO,岡山県,0,,-
Lincle,Quick Silver,0,,-,801,TORO,岡山県,1756,TOMJ,岡山県,2638,JIMAYO,岡山県,0,,-
Lincle,quaver♪,288,TORO,岡山県,712,TORO,岡山県,2086,.COM,岡山県,3433,ARIAN7,岡山県,0,,-
Lincle,QUANTUM TELEPORTATION,0,,-,1378,TORO,岡山県,2317,GENO,岡山県,2930,O.N.O.,岡山県,3595,O.N.O.,岡山県
Lincle,prompt,0,,-,952,TORO,岡山県,1600,GENO,岡山県,2791,CORIVE,岡山県,0,,-
Lincle,Phoenix,0,,-,898,TORO,岡山県,1218,TORO,岡山県,2485,ARIAN7,岡山県,3953,CORI-,岡山県
Lincle,NNRT,0,,-,1255,TORO,岡山県,2398,ABOX,岡山県,3514,CORIVE,岡山県,0,,-
Lincle,Miami Sunset Drive,0,,-,640,TORO,岡山県,1082,GENO,岡山県,1679,CORIVE,岡山県,0,,-
Lincle,Mermaid girl-秋葉工房 MIX-,0,,-,825,TORO,岡山県,1353,GENO,岡山県,2060,O.N.O.,岡山県,0,,-
Lincle,Lucky Days,0,,-,662,TORO,岡山県,1464,TOMJ,岡山県,2184,RYU,岡山県,0,,-
Lincle,LOVE B.B.B,0,,-,778,TORO,岡山県,1468,KY,岡山県,2018,GENO,岡山県,0,,-
Lincle,Liquid Crystal Girl feat. echo,0,,-,407,HYORAI,岡山県,1102,TORO,岡山県,2008,O.N.O.,岡山県,0,,-
Lincle,LETHEBOLG ～双神威に斬り咲けり～,0,,-,1032,TORO,岡山県,1638,ARTE3S,岡山県,2209,GENO,岡山県,0,,-
Lincle,LAX5 feat.Ryota Yoshinari,0,,-,1074,TORO,岡山県,2149,ARTE3S,岡山県,2835,JIMAYO,岡山県,0,,-
Lincle,Infinite cave,0,,-,1027,TORO,岡山県,1494,.YUKKE,岡山県,2053,GENO,岡山県,0,,-
Lincle,In the Blackest Den,0,,-,881,TORO,岡山県,1542,YUNE*,岡山県,2597,CORIVE,岡山県,0,,-
Lincle,I'm so Happy,315,DONMAI,岡山県,422,TORO,岡山県,1362,TORO,岡山県,2340,RYU,岡山県,0,,-
Lincle,HAERETICUS,0,,-,873,AIKA,岡山県,1927,RYU,岡山県,3062,CORIVE,岡山県,0,,-
Lincle,Follow Tomorrow,0,,-,911,AIKA,岡山県,1502,GENO,岡山県,2265,O.N.O.,岡山県,0,,-
Lincle,Flip Flap,278,DONMAI,岡山県,587,TORO,岡山県,1386,TORO,岡山県,2255,CORIVE,岡山県,0,,-
Lincle,fffff,0,,-,855,TORO,岡山県,2139,CORIVE,岡山県,3164,CORIVE,岡山県,0,,-
Lincle,Far east nightbird,351,FURIE,岡山県,525,TORO,岡山県,1359,GENO,岡山県,2032,CORIVE,岡山県,0,,-
Lincle,F,0,,-,1060,AIKA,岡山県,2150,GENO,岡山県,3580,CORIVE,岡山県,0,,-
Lincle,Express Emotion,0,,-,769,AIKA,岡山県,1042,GENO,岡山県,2522,GENO,岡山県,0,,-
Lincle,Drive Me Crazy,0,,-,718,AIKA,岡山県,1406,GENO,岡山県,2308,CORIVE,岡山県,0,,-
Lincle,DIAVOLO,0,,-,1294,TORO,岡山県,1907,GENO,岡山県,3216,CORIVE,岡山県,0,,-
Lincle,Change the World,0,,-,817,MANAMI,岡山県,1326,KAZU,岡山県,1842,CORIVE,岡山県,0,,-
Lincle,Castle on the Moon,240,.YUKKE,岡山県,654,TORO,岡山県,1613,PINPON,岡山県,2407,ARIAN7,岡山県,0,,-
Lincle,CALL,0,,-,351,LEONA,岡山県,831,TORO,岡山県,1455,GENO,岡山県,2657,RYU,岡山県
Lincle,BLACK.by X-Cross Fade,0,,-,1032,TORO,岡山県,2173,CORIVE,岡山県,3413,CORIVE,岡山県,0,,-
Lincle,ANAGRAMS I to Y,0,,-,903,TORO,岡山県,1691,GENO,岡山県,2477,GENO,岡山県,0,,-
Lincle,Almace,0,,-,859,TORO,岡山県,1315,GENO,岡山県,2020,CORIVE,岡山県,0,,-
Lincle,532nm,0,,-,573,TORO,岡山県,1270,GENO,岡山県,2661,CORIVE,岡山県,0,,-
Lincle,24th Century BOY,0,,-,859,TORO,岡山県,1906,GYAN3,岡山県,2855,ARIAN7,岡山県,0,,-
tricoro,龍と少女とデコヒーレンス,0,,-,851,AIKA,岡山県,1673,AISC,岡山県,2989,O.N.O.,岡山県,3388,CORIVE,岡山県
tricoro,音楽,0,,-,871,AIKA,岡山県,1946,O.N.O.,岡山県,2851,CORIVE,岡山県,0,,-
tricoro,狂イ咲ケ焔ノ華,0,,-,1232,AIKA,岡山県,2386,P,岡山県,3651,CORIVE,岡山県,0,,-
tricoro,梅雪夜,0,,-,886,TORO,岡山県,1506,GENO,岡山県,2147,O.N.O.,岡山県,0,,-
tricoro,朧,206,FURIE,岡山県,787,AIKA,岡山県,1507,GENO,岡山県,2111,O.N.O.,岡山県,2548,O.N.O.,岡山県
tricoro,即席！脳直★ミュージックシステム,0,,-,1051,TORO,岡山県,1973,P,岡山県,3563,CORIVE,岡山県,0,,-
tricoro,創世ノート,0,,-,848,TORO,岡山県,1787,KOYO,岡山県,2954,CORIVE,岡山県,0,,-
tricoro,仮想空間の旅人たち,0,,-,1167,TORO,岡山県,2228,CORIVE,岡山県,2868,O.N.O.,岡山県,3854,O.N.O.,岡山県
tricoro,下弦の月,0,,-,943,TORO,岡山県,1497,GENO,岡山県,1992,JIMAO,岡山県,0,,-
tricoro,ラキラキ,0,,-,655,TORO,岡山県,1425,TORO,岡山県,1990,O.N.O.,岡山県,0,,-
tricoro,メイメツ、フラグメンツ,0,,-,653,TORO,岡山県,1312,CORIVE,岡山県,1955,O.N.O.,岡山県,0,,-
tricoro,トリカゴノ鳳凰,0,,-,1145,TORO,岡山県,1997,M.,岡山県,3764,ARIAN7,岡山県,0,,-
tricoro,シュレーディンガーの猫,0,,-,1145,TORO,岡山県,2287,TATSUU,岡山県,3383,CORIVE,岡山県,0,,-
tricoro,キャトられ恋はモ～モク,0,,-,1486,TORO,岡山県,2492,KETY,岡山県,3805,ARIAN7,岡山県,0,,-
tricoro,カジノファイヤーことみちゃん,0,,-,650,TORO,岡山県,1416,0HANA5,岡山県,2481,CORIVE,岡山県,3161,RYU,岡山県
tricoro,アストライアの双皿,0,,-,684,TORO,岡山県,2058,U,岡山県,3187,CORIVE,岡山県,0,,-
tricoro,たまゆら,0,,-,1173,TORO,岡山県,1827,RYU,岡山県,2750,ARIAN7,岡山県,0,,-
tricoro,お米の美味しい炊き方、そしてお米を食べることによるその効果。,0,,-,907,TORO,岡山県,1565,P,岡山県,2197,GENO,岡山県,3554,CORIVE,岡山県
tricoro,†渚の小悪魔ラヴリィ～レイディオ†(IIDX EDIT),243,TORO,岡山県,557,AIKA,岡山県,1627,MITTUN,岡山県,3566,ARIAN7,岡山県,0,,-
tricoro,ΕΛΠΙΣ,0,,-,1148,TORO,岡山県,2125,GENO,岡山県,3120,CORIVE,岡山県,3592,CORIVE,岡山県
tricoro,Zirkfied,0,,-,1034,AIKA,岡山県,1976,T,岡山県,3789,RYU,岡山県,0,,-
tricoro,ZED,0,,-,941,AIKA,岡山県,1644,TORO,岡山県,2769,CORIVE,岡山県,0,,-
tricoro,VEGA,0,,-,1154,TORO,岡山県,2028,AHEAD,岡山県,3101,ARIAN7,岡山県,0,,-
tricoro,VALLIS-NERIA,269,TORO,岡山県,1220,TORO,岡山県,2001,RYU,岡山県,2991,CORIVE,岡山県,0,,-
tricoro,Valanga,0,,-,1334,TORO,岡山県,2179,AISC,岡山県,3257,CORIVE,岡山県,0,,-
tricoro,True Blue,0,,-,1089,TORO,岡山県,2503,AISC,岡山県,3770,CORIVE,岡山県,0,,-
tricoro,To my star,0,,-,601,MANAMI,岡山県,1275,GENO,岡山県,1735,GENO,岡山県,0,,-
tricoro,Timepiece phase II (CN Ver.),0,,-,968,M.,岡山県,1881,TRYK,岡山県,3041,CORIVE,岡山県,0,,-
tricoro,Timepiece phase II,0,,-,1072,TORO,岡山県,2116,LAIR,岡山県,3239,CORIVE,岡山県,0,,-
tricoro,Time To Empress,0,,-,926,TORO,岡山県,1899,KETY,岡山県,2610,JIMAYO,岡山県,0,,-
tricoro,Thor's Hammer,0,,-,960,TORO,岡山県,1736,KETY,岡山県,3012,CORIVE,岡山県,0,,-
tricoro,Take My Life,0,,-,965,TORO,岡山県,1578,TORO,岡山県,2922,O.N.O.,岡山県,0,,-
tricoro,Synergy For Angels,0,,-,920,TORO,岡山県,1653,TORO,岡山県,2776,CORIVE,岡山県,0,,-
tricoro,SYNC-ANTHEM,0,,-,951,TORO,岡山県,2389,RYU,岡山県,3627,CORIVE,岡山県,0,,-
tricoro,STULTI,0,,-,810,TORO,岡山県,1584,TOMJ,岡山県,2773,CORIVE,岡山県,0,,-
tricoro,Sol Cosine Job 2,0,,-,1072,TORO,岡山県,1654,COIL.,岡山県,3150,CORIVE,岡山県,0,,-
tricoro,SHION,0,,-,670,TORO,岡山県,1312,GENO,岡山県,2700,ARIAN7,岡山県,0,,-
tricoro,Shining World,0,,-,1241,TORO,岡山県,1568,AISC,岡山県,1947,O.N.O.,岡山県,0,,-
tricoro,Saturn,0,,-,1317,TORO,岡山県,1961,RYU,岡山県,2612,CORIVE,岡山県,3437,RYU,岡山県
tricoro,S!ck,0,,-,919,TORO,岡山県,1530,TORO,岡山県,2686,CORIVE,岡山県,0,,-
tricoro,rumrum triplets,0,,-,975,TORO,岡山県,1975,RYU,岡山県,2999,JIMAO,岡山県,0,,-
tricoro,Re:GENERATION,243,INYS,岡山県,931,TORO,岡山県,1487,KAZU,岡山県,2248,GENO,岡山県,0,,-
tricoro,Rainbow after snow,0,,-,735,MANAMI,岡山県,1435,KAZU,岡山県,2164,CORIVE,岡山県,0,,-
tricoro,Proof of the existence,0,,-,1190,TORO,岡山県,2111,RYU,岡山県,3224,CORIVE,岡山県,0,,-
tricoro,Praludium,0,,-,706,TORO,岡山県,1412,TORO,岡山県,2292,CORIVE,岡山県,0,,-
tricoro,POINT ZERO,0,,-,725,KEISHU,岡山県,1262,KURO,岡山県,2077,YUNE*,岡山県,0,,-
tricoro,planarian,0,,-,717,TORO,岡山県,1693,GREIN,岡山県,2546,O.N.O.,岡山県,0,,-
tricoro,Plan 8,0,,-,1171,M.,岡山県,2217,ARCL.,岡山県,3270,CORIVE,岡山県,0,,-
tricoro,New Lights,0,,-,1057,TORO,岡山県,1810,GENO,岡山県,2465,O.N.O.,岡山県,0,,-
tricoro,New Decade IIDX Edition,268,TORO,岡山県,1003,TORO,岡山県,1874,KAZU,岡山県,3023,ARIAN7,岡山県,0,,-
tricoro,neu,195,DONMAI,岡山県,998,AIKA,岡山県,2140,SARPON,岡山県,3927,ARIAN7,岡山県,0,,-
tricoro,Neonlights,0,,-,665,TORO,岡山県,1575,TORO,岡山県,2224,O.N.O.,岡山県,0,,-
tricoro,mnemoniq,0,,-,531,M.,岡山県,940,TORO,岡山県,1309,GENO,岡山県,0,,-
tricoro,LUV CAN SAVE U,0,,-,589,GENO,岡山県,1427,AIKA,岡山県,2133,O.N.O.,岡山県,2796,CORIVE,岡山県
tricoro,Little Star,0,,-,984,AIKA,岡山県,1760,ARTE3S,岡山県,3178,CORIVE,岡山県,0,,-
tricoro,Light and Cyber…,0,,-,1059,TORO,岡山県,2032,GREIN,岡山県,3125,CORIVE,岡山県,0,,-
tricoro,Liberation,0,,-,1499,AIKA,岡山県,2316,LAIR,岡山県,3719,CORIVE,岡山県,0,,-
tricoro,JOMANDA,261,M.,岡山県,1121,AIKA,岡山県,2534,CORIVE,岡山県,3729,CORIVE,岡山県,0,,-
tricoro,In Heaven,0,,-,770,AIKA,岡山県,1488,GENO,岡山県,2124,O.N.O.,岡山県,0,,-
tricoro,Illegal Function Call,0,,-,1007,AIKA,岡山県,1815,CORIVE,岡山県,2672,CORIVE,岡山県,3689,CORIVE,岡山県
tricoro,ILIAS,0,,-,810,GENO,岡山県,1329,GENO,岡山県,2196,RYU,岡山県,0,,-
tricoro,I know You know,0,,-,605,TORO,岡山県,1100,TORO,岡山県,1865,GENO,岡山県,0,,-
tricoro,Howling,0,,-,559,TORO,岡山県,1374,GENO,岡山県,2117,O.N.O.,岡山県,2671,O.N.O.,岡山県
tricoro,Hollywood Galaxy,0,,-,1113,TORO,岡山県,1919,M.,岡山県,2740,CORIVE,岡山県,0,,-
tricoro,GRADIUS 2012,0,,-,891,INYS,岡山県,1655,13*K,岡山県,2710,ARIAN7,岡山県,0,,-
tricoro,GAIA,0,,-,1031,MANAMI,岡山県,2182,AISC,岡山県,3295,ARIAN7,岡山県,0,,-
tricoro,Fly you to the star,0,,-,784,AIKA,岡山県,1621,GENO,岡山県,2279,O.N.O.,岡山県,0,,-
tricoro,FLOWER,358,INYS,岡山県,1129,TORO,岡山県,1813,ARTE3S,岡山県,2899,CORIVE,岡山県,0,,-
tricoro,examination leave,0,,-,1156,TORO,岡山県,1923,ARTE3S,岡山県,3405,CORIVE,岡山県,0,,-
tricoro,Elemental Creation,264,O.N.O.,岡山県,1513,AIKA,岡山県,2430,RYU,岡山県,4138,CORIVE,岡山県,0,,-
tricoro,Devilz Staircase,0,,-,662,TORO,岡山県,2101,T.,岡山県,3296,CORIVE,岡山県,0,,-
tricoro,DAY DREAM,0,,-,555,TORO,岡山県,1246,GYAN3,岡山県,2086,CORIVE,岡山県,0,,-
tricoro,Cookie Bouquets,0,,-,887,AIKA,岡山県,2095,GREIN,岡山県,3395,ARIAN7,岡山県,0,,-
tricoro,connective,0,,-,396,HYORAI,岡山県,1106,MANAMI,岡山県,1593,0HANA5,岡山県,0,,-
tricoro,Confiserie,0,,-,964,AIKA,岡山県,2054,GREIN,岡山県,3530,CORIVE,岡山県,0,,-
tricoro,CONCEPTUAL,0,,-,829,TORO,岡山県,1307,TORO,岡山県,2713,CORIVE,岡山県,0,,-
tricoro,BRAVE GLOW,0,,-,831,TORO,岡山県,1723,GREIN,岡山県,2484,CORIVE,岡山県,0,,-
tricoro,BLUE STRAGGLER,0,,-,865,TORO,岡山県,1422,TOMJ,岡山県,2579,GENO,岡山県,0,,-
tricoro,Beastie Starter,0,,-,531,TORO,岡山県,1281,GYAN3,岡山県,2186,YUNE*,岡山県,0,,-
tricoro,Ascalon,0,,-,1118,TORO,岡山県,1695,KAZU,岡山県,2294,GENO,岡山県,0,,-
tricoro,8bit Princess,0,,-,654,GENO,岡山県,1380,GENO,岡山県,2627,O.N.O.,岡山県,0,,-
tricoro,405nm (Ryu☆mix),0,,-,926,AIKA,岡山県,1734,GREIN,岡山県,2580,CORIVE,岡山県,0,,-
SPADA,轟け！恋のビーンボール！！,0,,-,1059,TORO,岡山県,1949,ARTE3S,岡山県,3556,CORIVE,岡山県,0,,-
SPADA,超!!遠距離らぶメ～ル,0,,-,581,TORO,岡山県,1558,GENO,岡山県,2654,O.N.O.,岡山県,0,,-
SPADA,罪と罰,0,,-,1100,TORO,岡山県,1406,GENO,岡山県,2169,O.N.O.,岡山県,0,,-
SPADA,疾風迅雷,0,,-,1168,TORO,岡山県,2004,PINPON,岡山県,2889,CORIVE,岡山県,3431,CORIVE,岡山県
SPADA,牧神笛吹きて,0,,-,752,TORO,岡山県,1358,TORO,岡山県,2048,CORIVE,岡山県,0,,-
SPADA,煉獄のエルフェリア,0,,-,1350,TORO,岡山県,2334,AISC,岡山県,3906,CORI-,岡山県,0,,-
SPADA,海神,0,,-,1157,TORO,岡山県,2096,RYU,岡山県,3195,CORIVE,岡山県,3484,RYU,岡山県
SPADA,旋律のドグマ～Miserables～,0,,-,1252,AIKA,岡山県,2443,U,岡山県,3928,CORIVE,岡山県,0,,-
SPADA,廿,0,,-,931,INYS,岡山県,1646,TOMJ,岡山県,2401,CORIVE,岡山県,3373,CORIVE,岡山県
SPADA,幻想系世界修復少女,212,DONMAI,岡山県,632,AIKA,岡山県,1168,GENO,岡山県,1958,GENO,岡山県,0,,-
SPADA,バンブーソード・ガール,267,DONMAI,岡山県,1017,AIKA,岡山県,1735,TORO,岡山県,2410,RYU,岡山県,0,,-
SPADA,デッドボヲルdeホームラン,0,,-,629,TORO,岡山県,1631,O.N.O.,岡山県,2779,CORIVE,岡山県,0,,-
SPADA,アルストロメリア,216,TORO,岡山県,986,TORO,岡山県,1548,TORO,岡山県,2488,CORIVE,岡山県,0,,-
SPADA,お願いアインシュタイン,0,,-,906,TORO,岡山県,1431,KAZU,岡山県,2124,CORIVE,岡山県,0,,-
SPADA,Wonder Girl feat. Kanae Asaba,0,,-,722,TORO,岡山県,1287,GENO,岡山県,2790,O.N.O.,岡山県,0,,-
SPADA,VOX UP,0,,-,1495,CORIVE,岡山県,2808,CORIVE,岡山県,3646,CORIVE,岡山県,0,,-
SPADA,Verflucht,0,,-,1271,TORO,岡山県,2106,AISC,岡山県,3539,CORIVE,岡山県,4700,CORIVE,岡山県
SPADA,Valgus,0,,-,658,TORO,岡山県,1360,ARTE3S,岡山県,2377,O.N.O.,岡山県,0,,-
SPADA,Unicorn tail,0,,-,872,TORO,岡山県,2027,TORO,岡山県,3143,CORIVE,岡山県,0,,-
SPADA,THE DETONATOR,0,,-,1621,TORO,岡山県,2487,JIMAYO,岡山県,3229,CORIVE,岡山県,0,,-
SPADA,Squeeze,0,,-,851,TORO,岡山県,1382,TORO,岡山県,2472,CORIVE,岡山県,0,,-
SPADA,Sigmund,0,,-,1517,TORO,岡山県,2333,AISC,岡山県,3785,CORIVE,岡山県,4274,CORIVE,岡山県
SPADA,SCHWARZSCHILD FIELD,0,,-,934,TORO,岡山県,1556,KURO,岡山県,2393,CORIVE,岡山県,0,,-
SPADA,RIZING YOU UP,0,,-,1064,ARTE3S,岡山県,2128,ARTE3S,岡山県,2565,JIMAYO,岡山県,0,,-
SPADA,RISE,0,,-,931,INYS,岡山県,1292,M.,岡山県,1872,GENO,岡山県,0,,-
SPADA,refractive index,0,,-,744,TORO,岡山県,1452,ARTE3S,岡山県,2686,CORIVE,岡山県,0,,-
SPADA,Recollection,0,,-,1189,AIKA,岡山県,1741,TORO,岡山県,2229,GENO,岡山県,0,,-
SPADA,rainbow guitar weeps,0,,-,978,AIKA,岡山県,1871,ARTE3S,岡山県,2741,RYU,岡山県,0,,-
SPADA,ra'am,0,,-,1183,TORO,岡山県,1925,RYU,岡山県,2846,CORIVE,岡山県,0,,-
SPADA,PUNISHER,0,,-,1153,TORO,岡山県,2084,AISC,岡山県,3544,CORIVE,岡山県,0,,-
SPADA,Pharaoh,0,,-,660,TORO,岡山県,1401,P,岡山県,2454,ARIAN7,岡山県,0,,-
SPADA,Overload Frontier,0,,-,787,TORO,岡山県,1781,TORO,岡山県,2645,CORIVE,岡山県,0,,-
SPADA,Odin,0,,-,803,TORO,岡山県,1324,KAZU,岡山県,2052,GENO,岡山県,0,,-
SPADA,NPC World,0,,-,1039,TORO,岡山県,1541,INYS,岡山県,2268,JIMAYO,岡山県,0,,-
SPADA,Miracle 5ympho X,0,,-,773,TORO,岡山県,1317,TORO,岡山県,2623,CORIVE,岡山県,2855,RYU,岡山県
SPADA,MAGIC & LOVE,0,,-,1031,TORO,岡山県,1795,G-END#,岡山県,2918,CORIVE,岡山県,0,,-
SPADA,MAD ATTACK,0,,-,677,TORO,岡山県,1291,TORO,岡山県,1969,CORIVE,岡山県,2564,RYU,岡山県
SPADA,m1dy Deluxe,0,,-,1183,TORO,岡山県,1784,CORIVE,岡山県,2654,CORIVE,岡山県,0,,-
SPADA,M.D.Injection,0,,-,597,TORO,岡山県,1244,TORO,岡山県,2395,CORI-,岡山県,0,,-
SPADA,Lighting Shower,0,,-,827,TORO,岡山県,1290,KURO,岡山県,2396,RYU,岡山県,0,,-
SPADA,Last Dance,0,,-,1196,AIKA,岡山県,1954,ARCL.,岡山県,3236,CORIVE,岡山県,0,,-
SPADA,KHAMEN BREAK,0,,-,595,TORO,岡山県,1365,KURO,岡山県,2466,YUNE*,岡山県,0,,-
SPADA,KAISER PHOENIX,0,,-,1320,TORO,岡山県,2253,IHM.RV,岡山県,3315,CORIVE,岡山県,3955,CORIVE,岡山県
SPADA,IX,0,,-,1298,TORO,岡山県,2418,RYU,岡山県,3837,ARIAN7,岡山県,0,,-
SPADA,invoker,0,,-,1133,TORO,岡山県,1908,TORO,岡山県,3158,CORIVE,岡山県,3522,CORIVE,岡山県
SPADA,into the battlefield,0,,-,745,TORO,岡山県,1430,TORO,岡山県,2370,O.N.O.,岡山県,0,,-
SPADA,INSOMNIA,0,,-,812,AIKA,岡山県,1771,A-BOX,岡山県,3250,CORIVE,岡山県,0,,-
SPADA,Insane Techniques,0,,-,748,TORO,岡山県,1278,TOMJ,岡山県,2444,CORIVE,岡山県,0,,-
SPADA,Idola ,0,,-,1214,AIKA,岡山県,2244,RYU,岡山県,3566,CORIVE,岡山県,0,,-
SPADA,I will be back -オレは帰ってきた-,0,,-,1013,AIKA,岡山県,1895,G-END#,岡山県,2953,CORIVE,岡山県,0,,-
SPADA,Hypersonik,0,,-,1018,TORO,岡山県,1640,TP6,岡山県,2509,JIMAO,岡山県,0,,-
SPADA,HYENA,0,,-,1185,TORO,岡山県,2020,CORIVE,岡山県,2803,ARIAN7,岡山県,3523,RYU,岡山県
SPADA,Funny shuffle,0,,-,616,TORO,岡山県,1133,TORO,岡山県,2348,CORIVE,岡山県,0,,-
SPADA,Feel The Beat,0,,-,1347,TORO,岡山県,2116,KUTLAS,岡山県,3571,CORIVE,岡山県,4317,CORIVE,岡山県
SPADA,EXTREME MACH COLLIDER,0,,-,986,INYS,岡山県,1436,NIEN,岡山県,2571,O.N.O.,岡山県,0,,-
SPADA,Engraved Mark,0,,-,820,TORO,岡山県,1313,TORO,岡山県,2380,JIMAYO,岡山県,0,,-
SPADA,Element of SPADA,0,,-,710,GENO,岡山県,1370,GENO,岡山県,2090,GENO,岡山県,3076,MITTUN,岡山県
SPADA,Elektrick U-Phoria,0,,-,1183,AIKA,岡山県,1879,TORO,岡山県,3083,CORIVE,岡山県,3904,RYU,岡山県
SPADA,diagram,0,,-,631,TORO,岡山県,1280,TORO,岡山県,2873,CORIVE,岡山県,0,,-
SPADA,Devilz Sacrifice -贖罪の羊-,0,,-,955,TORO,岡山県,1718,TOMJ,岡山県,2481,CORIVE,岡山県,0,,-
SPADA,DARK LEGACY,0,,-,1308,MANAMI,岡山県,2022,SARPON,岡山県,3572,ARIAN7,岡山県,0,,-
SPADA,Dark Fall,0,,-,895,TORO,岡山県,1651,GREIN,岡山県,2769,ARIAN7,岡山県,0,,-
SPADA,Critical Crystal,222,INYS,岡山県,1104,TORO,岡山県,1789,YOSHI,岡山県,2924,ARIAN7,岡山県,0,,-
SPADA,Close the World feat.a☆ru,0,,-,1151,AIKA,岡山県,2079,ARCL.,岡山県,3423,CORIVE,岡山県,3863,CORIVE,岡山県
SPADA,Cleopatrysm,0,,-,825,TORO,岡山県,1428,TORO,岡山県,2527,YUNE*,岡山県,0,,-
SPADA,Claiomh Solais,0,,-,346,GENO,岡山県,1431,ARTE3S,岡山県,2085,GENO,岡山県,0,,-
SPADA,BRAVE OUT,0,,-,1043,TORO,岡山県,1454,TORO,岡山県,2155,GENO,岡山県,2757,RYU,岡山県
SPADA,BRAINSTORM,0,,-,763,TORO,岡山県,1995,ARTE3S,岡山県,2806,CORIVE,岡山県,0,,-
SPADA,BLUE DRAGON(雷龍RemixIIDX),0,,-,1455,TORO,岡山県,2195,ARCL.,岡山県,3366,CORIVE,岡山県,0,,-
SPADA,ATHER,0,,-,1018,TORO,岡山県,1547,TORO,岡山県,2805,JIMAYO,岡山県,3213,CORIVE,岡山県
SPADA,Ancient Scapes,0,,-,1169,TORO,岡山県,1993,DOLSEX,岡山県,3503,CORIVE,岡山県,4224,ARIAN7,岡山県
SPADA,ALBA -黎明-,0,,-,658,AIKA,岡山県,1562,GENO,岡山県,3235,CORIVE,岡山県,3775,O.N.O.,岡山県
SPADA,Adularia,197,TORO,岡山県,1067,TORO,岡山県,1836,TRYK,岡山県,2860,CORIVE,岡山県,0,,-
PENDUAL,Ｘ↑Ｘ↓,0,,-,947,TORO,岡山県,1753,TORO,岡山県,2911,CORIVE,岡山県,0,,-
PENDUAL,鬼天,0,,-,983,TORO,岡山県,1703,RYU,岡山県,2509,CORIVE,岡山県,0,,-
PENDUAL,超青少年ノ為ノ超多幸ナ超古典的超舞曲,0,,-,1045,TORO,岡山県,1975,G-END#,岡山県,2691,O.N.O.,岡山県,4078,CORIVE,岡山県
PENDUAL,表裏一体！？怪盗いいんちょの悩み,0,,-,1142,AIKA,岡山県,2152,RYU,岡山県,3593,CORIVE,岡山県,4346,O.N.O.,岡山県
PENDUAL,紅牡丹,486,BEAT,岡山県,1082,TORO,岡山県,1788,M.,岡山県,2856,CORIVE,岡山県,0,,-
PENDUAL,白露の風,0,,-,479,GENO,岡山県,1260,GENO,岡山県,2032,O.N.O.,岡山県,0,,-
PENDUAL,時空トラベローグ,0,,-,1062,EMB,岡山県,1883,ARTE3S,岡山県,2703,CORIVE,岡山県,0,,-
PENDUAL,打打打打打打打打打打,198,TORO,岡山県,832,TORO,岡山県,1374,GREIN,岡山県,2647,O.N.O.,岡山県,0,,-
PENDUAL,恋は白帯、サンシロー,0,,-,750,M.,岡山県,1323,GENO,岡山県,2022,D,岡山県,2766,O.N.O.,岡山県
PENDUAL,少年は空を辿る,0,,-,1257,TORO,岡山県,2063,RYU,岡山県,3376,CORIVE,岡山県,0,,-
PENDUAL,妖隠し -あやかしかくし-,0,,-,975,AIKA,岡山県,1589,GREIN,岡山県,2182,GENO,岡山県,0,,-
PENDUAL,夏色DIARY - L.E.D.-G STYLE MIX -,0,,-,975,TORO,岡山県,1837,ABOX,岡山県,3096,YUNE*,岡山県,0,,-
PENDUAL,取り残された美術(Arranged:HiZuMi),249,TORO,岡山県,986,ARTE3S,岡山県,1741,ARTE3S,岡山県,2206,CORIVE,岡山県,0,,-
PENDUAL,千年ノ理,0,,-,1195,TORO,岡山県,1957,AISC,岡山県,3197,CORIVE,岡山県,4304,CORIVE,岡山県
PENDUAL,十六夜セツナ,0,,-,1030,TORO,岡山県,1637,GENO,岡山県,2245,CORIVE,岡山県,0,,-
PENDUAL,共鳴遊戯の華,0,,-,1312,AIKA,岡山県,2469,ARCL.,岡山県,3866,CORIVE,岡山県,0,,-
PENDUAL,リリーゼと炎龍レーヴァテイン,0,,-,1004,AIKA,岡山県,2243,DOLSEX,岡山県,3463,CORIVE,岡山県,0,,-
PENDUAL,ベィスドロップ・フリークス,0,,-,643,AIKA,岡山県,1294,GENO,岡山県,2237,CORIVE,岡山県,2495,CORIVE,岡山県
PENDUAL,パ→ピ→プ→Yeah!,377,S.REN,岡山県,1045,TORO,岡山県,1597,ARTE3S,岡山県,2543,CORIVE,岡山県,0,,-
PENDUAL,ドッキン☆サマーあばんちゅーる,0,,-,1048,ARTE3S,岡山県,1715,M.,岡山県,2857,CORIVE,岡山県,0,,-
PENDUAL,もっと！モット！ときめき feat. 松下,0,,-,1386,TORO,岡山県,2061,KUTLAS,岡山県,2734,CORIVE,岡山県,0,,-
PENDUAL,ぷろぐれっしぶ時空少女！うらしまたろ子ちゃん！,0,,-,898,TORO,岡山県,1500,GENO,岡山県,2519,ARIAN7,岡山県,0,,-
PENDUAL,とろぴかる倶楽部,0,,-,838,TORO,岡山県,1426,TORO,岡山県,2300,CORIVE,岡山県,0,,-
PENDUAL,それは花火のような恋,698,INYS,岡山県,1292,AIKA,岡山県,2512,ARCL.,岡山県,3854,ARIAN7,岡山県,0,,-
PENDUAL,ZZ,204,AIKA,岡山県,1302,AIKA,岡山県,2045,GENO,岡山県,3051,CORIVE,岡山県,0,,-
PENDUAL,We're so Happy (P*Light Remix) IIDX ver.,0,,-,1151,TORO,岡山県,2216,LAIR,岡山県,3699,CORIVE,岡山県,0,,-
PENDUAL,Vulkan,0,,-,1050,TORO,岡山県,1968,DOLSEX,岡山県,3007,CORIVE,岡山県,0,,-
PENDUAL,TOXIC VIBRATION,0,,-,1640,ARTE3S,岡山県,2427,ARTE3S,岡山県,3764,ARIAN7,岡山県,0,,-
PENDUAL,TIEFSEE,0,,-,1296,ARTE3S,岡山県,2150,AISC,岡山県,3473,CORIVE,岡山県,0,,-
PENDUAL,The Least 100sec,0,,-,804,TORO,岡山県,1400,TORO,岡山県,2907,CORIVE,岡山県,0,,-
PENDUAL,TA・DA ☆ YO・SHI,0,,-,1137,TORO,岡山県,1604,MILK*T,岡山県,2303,O.N.O.,岡山県,0,,-
PENDUAL,Symmetry,0,,-,1143,MANAMI,岡山県,2048,SKMT3,岡山県,3280,CORIVE,岡山県,0,,-
PENDUAL,Sweet Radar,0,,-,674,TORO,岡山県,1378,GENO,岡山県,2032,O.N.O.,岡山県,0,,-
PENDUAL,SpaceLand☆TOYBOX,0,,-,1091,TORO,岡山県,1691,DOLSEX,岡山県,2933,CORIVE,岡山県,0,,-
PENDUAL,Sounds Of Summer ,0,,-,1246,AIKA,岡山県,2029,ABOX,岡山県,2958,CORIVE,岡山県,0,,-
PENDUAL,Shooting Fireball,0,,-,967,AIKA,岡山県,2285,ARTE3S,岡山県,3883,CORIVE,岡山県,0,,-
PENDUAL,Scars of FAUNA,0,,-,858,MANAMI,岡山県,1703,MITTUN,岡山県,2920,CORIVE,岡山県,0,,-
PENDUAL,Scarlet Moon,0,,-,1074,AIKA,岡山県,1948,ARTE3S,岡山県,2735,RYU,岡山県,0,,-
PENDUAL,Say YEEEAHH,0,,-,1178,TORO,岡山県,1794,KAKIPI,岡山県,3284,CORIVE,岡山県,0,,-
PENDUAL,SAMSARA,0,,-,860,TORO,岡山県,1453,GENO,岡山県,2051,GENO,岡山県,0,,-
PENDUAL,Sakura Mirage,0,,-,1006,TORO,岡山県,1336,TORO,岡山県,2354,CORIVE,岡山県,0,,-
PENDUAL,Reflux,0,,-,797,TORO,岡山県,1597,KUTLAS,岡山県,3056,CORIVE,岡山県,0,,-
PENDUAL,Realize Maze,0,,-,1253,AIKA,岡山県,2067,ARTE3S,岡山県,2975,O.N.O.,岡山県,0,,-
PENDUAL,Rave*it!! Rave*it!! ,0,,-,956,KEISHU,岡山県,1685,ARTE3S,岡山県,3291,CORIVE,岡山県,0,,-
PENDUAL,PENDUAL TALISMAN,0,,-,1040,TORO,岡山県,1610,TORO,岡山県,2610,O.N.O.,岡山県,0,,-
PENDUAL,On My Wings(Hardstyle IIDX),0,,-,908,TORO,岡山県,1253,KURO,岡山県,1987,O.N.O.,岡山県,0,,-
PENDUAL,No Tears,0,,-,1183,TORO,岡山県,2102,GREIN,岡山県,2539,CORIVE,岡山県,0,,-
PENDUAL,Night sky,0,,-,1185,TORO,岡山県,1862,M.,岡山県,2949,CORIVE,岡山県,0,,-
PENDUAL,NEO GENERATOR SEVEN,0,,-,928,TORO,岡山県,1886,ARTE3S,岡山県,3279,ARIAN7,岡山県,0,,-
PENDUAL,Monopole.,0,,-,803,TORO,岡山県,1638,TORO,岡山県,3321,CORIVE,岡山県,0,,-
PENDUAL,m1dy Festival,0,,-,994,AIKA,岡山県,1598,AIKA,岡山県,2378,YUNE*,岡山県,0,,-
PENDUAL,Line 4 Ruin,0,,-,724,AIKA,岡山県,1809,JAI&CO,岡山県,2802,CORIVE,岡山県,0,,-
PENDUAL,IXION,0,,-,1120,TORO,岡山県,1750,TORO,岡山県,2163,O.N.O.,岡山県,0,,-
PENDUAL,Invitation from Mr.C,0,,-,1130,TORO,岡山県,1522,KETY,岡山県,2742,CORIVE,岡山県,0,,-
PENDUAL,In The Breeze,0,,-,652,TORO,岡山県,1136,TOMJ,岡山県,1743,CORIVE,岡山県,0,,-
PENDUAL,IMPLANTATION,0,,-,653,M.,岡山県,1625,DOLSEX,岡山県,2311,CORI-,岡山県,0,,-
PENDUAL,illuminate,0,,-,608,HYORAI,岡山県,1483,TORO,岡山県,2305,O.N.O.,岡山県,0,,-
PENDUAL,Hello Happiness,0,,-,906,TORO,岡山県,1628,AISC,岡山県,2329,CORIVE,岡山県,0,,-
PENDUAL,HELL SCAPER -Last Escape Remix-,0,,-,974,TORO,岡山県,1745,MITTUN,岡山県,2888,CORIVE,岡山県,0,,-
PENDUAL,Gravigazer,0,,-,983,TORO,岡山県,1861,O.N.O.,岡山県,3031,CORIVE,岡山県,0,,-
PENDUAL,Flashes,0,,-,971,TORO,岡山県,1755,NICOL,岡山県,3269,CORIVE,岡山県,0,,-
PENDUAL,FANTASTIC THREE,0,,-,1339,TORO,岡山県,2204,KUTLAS,岡山県,3216,CORIVE,岡山県,0,,-
PENDUAL,fallen leaves -IIDX edition-,0,,-,1173,TORO,岡山県,2102,ARTE3S,岡山県,3408,CORIVE,岡山県,0,,-
PENDUAL,Erosion Mark  ,0,,-,804,TORO,岡山県,1504,M.,岡山県,2159,JIMAYO,岡山県,0,,-
PENDUAL,entelecheia,0,,-,1042,MITTUN,岡山県,2137,RYU,岡山県,3287,CORIVE,岡山県,0,,-
PENDUAL,EBONY & IVORY,0,,-,1086,TORO,岡山県,1680,M.,岡山県,2990,CORIVE,岡山県,3670,CORIVE,岡山県
PENDUAL,Discloze,0,,-,975,TORO,岡山県,1690,RYU,岡山県,2683,CORIVE,岡山県,0,,-
PENDUAL,Despair of ELFERIA,0,,-,1230,I.TSRN,岡山県,2425,GENO,岡山県,4118,CORIVE,岡山県,0,,-
PENDUAL,Cosmic Cat,0,,-,946,TORO,岡山県,1744,TRYK,岡山県,2307,JIMAYO,岡山県,3230,CORIVE,岡山県
PENDUAL,COLOSSEUM ,0,,-,572,INYS,岡山県,1175,KAZU,岡山県,2304,CORIVE,岡山県,0,,-
PENDUAL,cinder,0,,-,860,TORO,岡山県,1951,ETC,岡山県,3158,CORIVE,岡山県,0,,-
PENDUAL,Chronos,0,,-,880,TORO,岡山県,1425,CORIVE,岡山県,2389,CORIVE,岡山県,3044,CORIVE,岡山県
PENDUAL,Chrono Diver -PENDULUMs-,557,DONMAI,岡山県,1410,AIKA,岡山県,2741,GENO,岡山県,4334,CORIVE,岡山県,0,,-
PENDUAL,CHRONO DIVER -NORNIR-,0,,-,1175,AIKA,岡山県,2224,GENO,岡山県,3075,GENO,岡山県,4398,CORIVE,岡山県
PENDUAL,chrono diver -fragment-,0,,-,692,AIKA,岡山県,1174,AIKA,岡山県,1796,GENO,岡山県,2256,GENO,岡山県
PENDUAL,Chain of pain,0,,-,776,MANAMI,岡山県,1468,INYS,岡山県,2217,JIMAYO,岡山県,0,,-
PENDUAL,Broken Sword,0,,-,1252,TOMJ,岡山県,2068,P,岡山県,3723,CORIVE,岡山県,0,,-
PENDUAL,BLUE MIRAGE,0,,-,1131,RYU,岡山県,2042,ARTE3S,岡山県,3098,CORIVE,岡山県,0,,-
PENDUAL,Blaze it UP!,0,,-,983,AIKA,岡山県,1908,GENO,岡山県,2982,CORIVE,岡山県,0,,-
PENDUAL,Beyond The Earth,0,,-,1261,M.,岡山県,2093,ARTE3S,岡山県,3226,CORIVE,岡山県,0,,-
PENDUAL,Beat Radiance,0,,-,1001,AIKA,岡山県,1608,TORO,岡山県,2638,JIMAO,岡山県,3589,CORIVE,岡山県
PENDUAL,AFRO KNUCKLE,0,,-,965,TORO,岡山県,1760,GENO,岡山県,2440,CORIVE,岡山県,0,,-
PENDUAL,#The_Relentless,0,,-,1201,AIKA,岡山県,1949,TORO,岡山県,2938,CORIVE,岡山県,4184,RYU,岡山県
copula,麗 ～うらら～,262,INYS,岡山県,1133,TORO,岡山県,1769,ARTE3S,岡山県,2624,O.N.O.,岡山県,0,,-
copula,駅猫のワルツ,0,,-,1136,TORO,岡山県,2102,MITTUN,岡山県,2882,CORIVE,岡山県,0,,-
copula,量子の海のリントヴルム,0,,-,925,AIKA,岡山県,1744,ARCL.,岡山県,2960,CORIVE,岡山県,0,,-
copula,追想快晴テーマパーク,0,,-,1208,TORO,岡山県,2062,RYU,岡山県,3086,CORIVE,岡山県,0,,-
copula,紫陽花 -AZISAI-,421,DONMAI,岡山県,1269,INYS,岡山県,2097,O.N.O.,岡山県,2902,CORIVE,岡山県,3273,RYU,岡山県
copula,真 地獄超特急 -HELL or HELL-,0,,-,1450,TORO,岡山県,2207,GENO,岡山県,3359,CORIVE,岡山県,0,,-
copula,炸裂！イェーガー電光チョップ！！(JAEGER FINAL ATTACK),0,,-,1257,KURO,岡山県,1882,9,岡山県,2498,GENO,岡山県,0,,-
copula,灼熱 Pt.2 Long Train Running,617,HYORAI,岡山県,1326,TORO,岡山県,2086,RYU,岡山県,3479,CORIVE,岡山県,0,,-
copula,朝焼けから始まるボクらの小さな旅,0,,-,936,TOMJ,岡山県,1638,KURO,岡山県,2544,CORIVE,岡山県,0,,-
copula,星屑ディスタンシア,0,,-,697,TORO,岡山県,1208,TORO,岡山県,2101,CORIVE,岡山県,0,,-
copula,明鏡止水,0,,-,858,TORO,岡山県,1814,TOMJ,岡山県,2831,CORIVE,岡山県,0,,-
copula,少女アリスと箱庭幻想コンチェルト,0,,-,773,AIKA,岡山県,1457,TORO,岡山県,2175,CORIVE,岡山県,0,,-
copula,セロトニン,0,,-,1341,TORO,岡山県,1731,KURO,岡山県,2349,CORIVE,岡山県,0,,-
copula,シュッパツシンコウ・シサカンコ,0,,-,1135,TORO,岡山県,1798,GENO,岡山県,2444,ARIAN7,岡山県,0,,-
copula,ギョギョっと人魚 爆婚ブライダル,0,,-,831,AIKA,岡山県,1448,P,岡山県,2364,O.N.O.,岡山県,0,,-
copula,オルタネイトβ,0,,-,845,AIKA,岡山県,1442,GENO,岡山県,2259,ARIAN7,岡山県,0,,-
copula,めいさいアイドル☆あいむちゃん♪,0,,-,1536,ARTE3S,岡山県,2344,ARTE3S,岡山県,3353,ARIAN7,岡山県,0,,-
copula,か・し・ま・し☆PUMP UP！,0,,-,1174,INYS,岡山県,1835,TRYK,岡山県,2830,ARIAN7,岡山県,0,,-
copula,ZEPHYRANTHES,0,,-,1011,TORO,岡山県,1782,TORO,岡山県,2942,RYU,岡山県,3823,ARIAN7,岡山県
copula,X,0,,-,1569,AIKA,岡山県,2477,ARTE3S,岡山県,3855,CORIVE,岡山県,0,,-
copula,Welcome,0,,-,877,AIKA,岡山県,1774,RYU,岡山県,2686,CORIVE,岡山県,3329,CORIVE,岡山県
copula,Violet Rose,0,,-,1247,TORO,岡山県,2023,CORIVE,岡山県,2622,CORIVE,岡山県,0,,-
copula,Violet Pulse,0,,-,427,TORO,岡山県,1637,TORO,岡山県,2442,RYU,岡山県,3988,RYU,岡山県
copula,Uh-Oh,0,,-,1127,TORO,岡山県,1672,101I,岡山県,2435,CORIVE,岡山県,0,,-
copula,Triple Counter,0,,-,1410,AIKA,岡山県,2237,ARTE3S,岡山県,3964,ARIAN7,岡山県,0,,-
copula,Tori-no-kimochi,0,,-,265,M.,岡山県,1253,TOMJ,岡山県,1999,JIMAO,岡山県,0,,-
copula,SURVIVOR,0,,-,717,TORO,岡山県,1313,GENO,岡山県,2010,GENO,岡山県,0,,-
copula,Super Duper Racers,0,,-,950,TORO,岡山県,1535,M.,岡山県,2361,CORIVE,岡山県,0,,-
copula,StrayedCatz,0,,-,1065,TORO,岡山県,1951,PULSE,岡山県,2875,CORIVE,岡山県,0,,-
copula,STARLIGHT DANCEHALL,0,,-,1265,TORO,岡山県,1839,ARTE3S,岡山県,2664,CORIVE,岡山県,3303,CORIVE,岡山県
copula,STARLiGHT,0,,-,955,TORO,岡山県,1797,M.,岡山県,2803,CORIVE,岡山県,0,,-
copula,SHELTER OF THE MIND,0,,-,1436,AIKA,岡山県,2006,GENO,岡山県,3045,ARIAN7,岡山県,0,,-
copula,Set U Free feat. Kanae Asaba,0,,-,924,INYS,岡山県,1495,KURO,岡山県,2545,RYU,岡山県,0,,-
copula,Sephirot,0,,-,962,TORO,岡山県,1581,TORO,岡山県,2344,O.N.O.,岡山県,0,,-
copula,SEITEN NO TERIYAKI,0,,-,741,TORO,岡山県,1247,INYS,岡山県,2292,CORIVE,岡山県,0,,-
copula,Routing,0,,-,933,TORO,岡山県,1556,BEAT,岡山県,2591,CORIVE,岡山県,0,,-
copula,Rock It,0,,-,1169,TORO,岡山県,1653,YOSHI,岡山県,2960,CORIVE,岡山県,0,,-
copula,refrain,0,,-,1238,AIKA,岡山県,2293,RYU,岡山県,3622,CORIVE,岡山県,0,,-
copula,quick master (reform version),0,,-,160,GENO,岡山県,351,TORO,岡山県,528,GENO,岡山県,0,,-
copula,POSSESSION,530,O.N.O.,岡山県,1364,SH!N0N,岡山県,2134,RYU,岡山県,3018,CORIVE,岡山県,0,,-
copula,Outbreak,0,,-,1333,TORO,岡山県,1829,SARPON,岡山県,3022,ARIAN7,岡山県,0,,-
copula,On the FM,0,,-,1135,TORO,岡山県,1586,TORO,岡山県,2811,CORIVE,岡山県,0,,-
copula,NZM,0,,-,1078,TORO,岡山県,1638,GENO,岡山県,3483,CORIVE,岡山県,0,,-
copula,Nowhere,0,,-,857,TORO,岡山県,1410,TOMJ,岡山県,2148,CORIVE,岡山県,0,,-
copula,NO LIMIT -オレ達に限界は無い-,0,,-,827,TORO,岡山県,1197,KAZU,岡山県,2284,CORIVE,岡山県,0,,-
copula,NINJA IS DEAD IIDX ver.,0,,-,1220,TORO,岡山県,1869,KURO,岡山県,3004,CORIVE,岡山県,0,,-
copula,Nightmare before oversleep,0,,-,1200,TORO,岡山県,1903,O.N.O.,岡山県,2951,ARIAN7,岡山県,0,,-
copula,NANAIRO,0,,-,1065,TORO,岡山県,1750,TORO,岡山県,2571,O.N.O.,岡山県,0,,-
copula,Musik LoverZ,0,,-,1071,TORO,岡山県,1359,101I,岡山県,2494,CORIVE,岡山県,0,,-
copula,M4K3 1T B0UNC3,0,,-,1403,TORO,岡山県,2118,ARTE3S,岡山県,3052,CORI-,岡山県,0,,-
copula,La dolce primavera,0,,-,710,TORO,岡山県,1357,-DAI-,岡山県,2145,JIMAYO,岡山県,0,,-
copula,Konzert V,0,,-,1297,TORO,岡山県,2182,AHEAD,岡山県,3354,CORIVE,岡山県,0,,-
copula,Journey,0,,-,688,INYS,岡山県,1265,ARTE3S,岡山県,1883,CORIVE,岡山県,3144,CORIVE,岡山県
copula,Inner Spirit,0,,-,882,TORO,岡山県,1828,TORO,岡山県,2793,RYU,岡山県,0,,-
copula,Highcharge Divolt,0,,-,908,AIKA,岡山県,1703,DOLSEX,岡山県,2795,CORIVE,岡山県,0,,-
copula,Grand Chariot,0,,-,1156,TORO,岡山県,1879,LAIR,岡山県,3402,CORIVE,岡山県,0,,-
copula,Godspeed,0,,-,1046,TOMJ,岡山県,1890,PO?,岡山県,3174,CORIVE,岡山県,0,,-
copula,GOBBLE,0,,-,499,TORO,岡山県,718,O.N.O.,岡山県,1687,RYU,岡山県,0,,-
copula,Go Faraway,0,,-,1037,TORO,岡山県,1518,ARTE3S,岡山県,2475,O.N.O.,岡山県,0,,-
copula,Glitch Nerds,0,,-,1032,TORO,岡山県,1412,KUTLAS,岡山県,2252,CORIVE,岡山県,0,,-
copula,GENERATE feat.綾倉盟,0,,-,1139,AIKA,岡山県,1776,ARTE3S,岡山県,2358,O.N.O.,岡山県,0,,-
copula,Exchange Place,0,,-,770,TORO,岡山県,1271,GENO,岡山県,1784,GENO,岡山県,0,,-
copula,Everlasting Last,0,,-,846,AIKA,岡山県,1656,GENO,岡山県,2217,GENO,岡山県,0,,-
copula,Dynamite,543,TORO,岡山県,1213,ARTE3S,岡山県,2443,ARTE3S,岡山県,3852,CORIVE,岡山県,0,,-
copula,Donkey Donk,0,,-,1159,M.,岡山県,1651,KETY,岡山県,2289,CORIVE,岡山県,0,,-
copula,do the thing feat. Kanae Asaba,0,,-,607,TOMJ,岡山県,1417,KURO,岡山県,2328,CORI-,岡山県,0,,-
copula,DIAMOND CROSSING,0,,-,1004,AIKA,岡山県,1769,ARTE3S,岡山県,3100,CORIVE,岡山県,0,,-
copula,Devil's Gear,0,,-,1083,TORO,岡山県,2269,JIMAO,岡山県,3490,CORI-,岡山県,0,,-
copula,Derelict Star feat. Ryu*,0,,-,1401,TORO,岡山県,1869,AHEAD,岡山県,2629,O.N.O.,岡山県,0,,-
copula,Damage Per Second,0,,-,891,AIKA,岡山県,1430,GENO,岡山県,2037,GENO,岡山県,2278,*0712*,岡山県
copula,Daily Lunch Special,0,,-,1093,TORO,岡山県,2135,ARTE3S,岡山県,2973,CORIVE,岡山県,0,,-
copula,CODE:1 [revision1.0.1],0,,-,985,TORO,岡山県,1690,TORO,岡山県,3108,CORIVE,岡山県,0,,-
copula,chaos eater -IIDX edition-,0,,-,1201,TORO,岡山県,1596,EETA,岡山県,2613,RYU,岡山県,0,,-
copula,Central Station,0,,-,1039,TORO,岡山県,1576,TRYK,岡山県,2402,CORIVE,岡山県,0,,-
copula,Blue Spring Express,0,,-,1258,TORO,岡山県,1964,RINE.S,岡山県,3310,CORIVE,岡山県,0,,-
copula,Battle Train -IIDX Edition-,0,,-,902,TORO,岡山県,2528,GENO,岡山県,3306,CORIVE,岡山県,0,,-
copula,Aublia,0,,-,977,MANAMI,岡山県,1450,NAOH48,岡山県,2563,CORIVE,岡山県,0,,-
copula,Arcana,0,,-,1210,AIKA,岡山県,1762,GENO,岡山県,2295,CORIVE,岡山県,0,,-
copula,AO-1,0,,-,1251,TORO,岡山県,1913,KUTLAS,岡山県,2778,ARIAN7,岡山県,0,,-
copula,Angelic Jelly,0,,-,1151,TORO,岡山県,2015,TORO,岡山県,2805,CORIVE,岡山県,0,,-
copula,Acid Pumper,0,,-,692,TORO,岡山県,1609,CORIVE,岡山県,2512,CORIVE,岡山県,0,,-
copula,199024club -Re:BounceKiller-,0,,-,697,TORO,岡山県,1625,BJORN,岡山県,2457,CORIVE,岡山県,0,,-
SINOBUZ,鴉,0,,-,1508,TORO,岡山県,2245,GENO,岡山県,2694,ARIAN7,岡山県,0,,-
SINOBUZ,童話回廊,0,,-,953,TORO,岡山県,1643,I.TSRN,岡山県,3081,ARIAN7,岡山県,0,,-
SINOBUZ,禍根,0,,-,814,TORO,岡山県,1354,ARCL.,岡山県,2607,CORIVE,岡山県,0,,-
SINOBUZ,獅子霞麗ノ舞,0,,-,502,TORO,岡山県,1075,TORO,岡山県,1741,CORIVE,岡山県,0,,-
SINOBUZ,焔極OVERKILL,0,,-,1175,TORO,岡山県,2094,TRYK,岡山県,3627,CORIVE,岡山県,0,,-
SINOBUZ,火影,0,,-,720,TORO,岡山県,1403,BENNY,岡山県,2801,CORIVE,岡山県,0,,-
SINOBUZ,津軽雪,0,,-,1557,ARTE3S,岡山県,2226,ARTE3S,岡山県,3850,CORIVE,岡山県,0,,-
SINOBUZ,次葉 -turn the page-,0,,-,850,AIKA,岡山県,1411,AIKA,岡山県,1986,GENO,岡山県,0,,-
SINOBUZ,月雪に舞う華のように,0,,-,806,TOMJ,岡山県,1249,KAZU,岡山県,2145,CORIVE,岡山県,0,,-
SINOBUZ,恋はどう？モロ◎波動OK☆方程式!!,0,,-,1017,TORO,岡山県,1584,ARTE3S,岡山県,2471,O.N.O.,岡山県,0,,-
SINOBUZ,忍恋花,0,,-,1026,TORO,岡山県,1675,KY,岡山県,2253,ARIAN7,岡山県,0,,-
SINOBUZ,刃図羅,0,,-,1235,AIKA,岡山県,2092,ARTE3S,岡山県,3419,CORIVE,岡山県,0,,-
SINOBUZ,冬椿 ft. Kanae Asaba,260,.YUKKE,岡山県,959,AIKA,岡山県,1261,GENO,岡山県,2287,O.N.O.,岡山県,3041,O.N.O.,岡山県
SINOBUZ,九尾狐夜行,0,,-,870,TORO,岡山県,1716,13*K,岡山県,2955,CORIVE,岡山県,0,,-
SINOBUZ,ディッシュウォッシャー◎彡おいわちゃん,0,,-,720,M.,岡山県,1450,GENO,岡山県,2514,CORIVE,岡山県,0,,-
SINOBUZ,イザナミノナゲキ,0,,-,1206,MANAMI,岡山県,1912,KUTLAS,岡山県,3239,ARIAN7,岡山県,0,,-
SINOBUZ,ちらちら・はらはら,0,,-,414,TORO,岡山県,949,GENO,岡山県,1419,0HANA5,岡山県,0,,-
SINOBUZ,〆,0,,-,1276,TORO,岡山県,2211,TATSUU,岡山県,3671,CORIVE,岡山県,0,,-
SINOBUZ,Yellow Sketch(RX-Ver.S.P.L.),0,,-,756,INYS,岡山県,1698,SHO-U,岡山県,2844,MITTUN,岡山県,0,,-
SINOBUZ,yamabiko (SINOBUZ Edition),0,,-,988,TORO,岡山県,1607,ARTE3S,岡山県,2618,RYU,岡山県,0,,-
SINOBUZ,XINOBIKILL,0,,-,997,TORO,岡山県,1776,ARTE3S,岡山県,2928,CORIVE,岡山県,0,,-
SINOBUZ,Warrior,0,,-,1024,TORO,岡山県,1811,GREIN,岡山県,2488,ARIAN7,岡山県,0,,-
SINOBUZ,Vermilion,0,,-,886,TORO,岡山県,1332,IDOMUN,岡山県,2044,CORIVE,岡山県,0,,-
SINOBUZ,Venom,0,,-,1288,TORO,岡山県,2091,IHM.RV,岡山県,3183,ARIAN7,岡山県,0,,-
SINOBUZ,Umbral,0,,-,620,TORO,岡山県,1424,GENO,岡山県,1914,O.N.O.,岡山県,3079,CORIVE,岡山県
SINOBUZ,TOGAKUSHI,0,,-,1023,AIKA,岡山県,1871,AISC,岡山県,2638,CORIVE,岡山県,0,,-
SINOBUZ,The Commanders,0,,-,961,TORO,岡山県,1517,GENO,岡山県,2445,O.N.O.,岡山県,0,,-
SINOBUZ,Sweet Clapper,0,,-,569,TORO,岡山県,1245,GENO,岡山県,1914,O.N.O.,岡山県,2911,CORIVE,岡山県
SINOBUZ,Surf on the Light,0,,-,779,AIKA,岡山県,1459,YOSHI,岡山県,2288,CORIVE,岡山県,0,,-
SINOBUZ,Super Rush,0,,-,1042,AIKA,岡山県,1900,JIMAO,岡山県,3540,ARIAN7,岡山県,0,,-
SINOBUZ,Summerlights(IIDX Edition),0,,-,1147,TORO,岡山県,1810,TIEMPO,岡山県,3125,CORIVE,岡山県,0,,-
SINOBUZ,Steel Edge,0,,-,924,TORO,岡山県,1471,M.,岡山県,3183,CORIVE,岡山県,0,,-
SINOBUZ,Snakey Kung-fu,0,,-,1119,AIKA,岡山県,2140,PINPON,岡山県,3463,CORIVE,岡山県,0,,-
SINOBUZ,Sky High,437,TORO,岡山県,1189,AIKA,岡山県,2341,ARTE3S,岡山県,3802,CORIVE,岡山県,0,,-
SINOBUZ,SINOBUZ Fantasy,0,,-,1040,ARTE3S,岡山県,1717,GREIN,岡山県,2437,CORIVE,岡山県,0,,-
SINOBUZ,shuriken,0,,-,792,AIKA,岡山県,1123,TORO,岡山県,2556,CORIVE,岡山県,0,,-
SINOBUZ,Shoot'Em All,0,,-,757,KURO,岡山県,1361,KAZU,岡山県,2424,GREIN,岡山県,0,,-
SINOBUZ,SEQUENCE CAT,0,,-,1097,TORO,岡山県,2177,D,岡山県,2864,CORIVE,岡山県,0,,-
SINOBUZ,Selfish Sweet,0,,-,652,TORO,岡山県,962,#JIMAO,岡山県,1735,CORIVE,岡山県,0,,-
SINOBUZ,Seize the Day,0,,-,744,TORO,岡山県,1317,TORO,岡山県,2154,CORIVE,岡山県,0,,-
SINOBUZ,Seaside Labyrinth,0,,-,649,TORO,岡山県,1276,0HANA5,岡山県,1857,GENO,岡山県,0,,-
SINOBUZ,SAY BAY,0,,-,844,TORO,岡山県,1477,YOSHI,岡山県,2873,CORIVE,岡山県,0,,-
SINOBUZ,Sarutobi Champion is 拙者,0,,-,944,M.,岡山県,1447,KAZU,岡山県,2236,CORIVE,岡山県,0,,-
SINOBUZ,SAMURAI-Scramble,0,,-,1002,TORO,岡山県,1688,BENNY,岡山県,2430,CORIVE,岡山県,3032,CORIVE,岡山県
SINOBUZ,ROTTERDAM SHOGUN,541,.YUKKE,岡山県,1134,AIKA,岡山県,1840,ARTE3S,岡山県,2584,CORIVE,岡山県,0,,-
SINOBUZ,RISING FIRE HAWK,0,,-,872,TORO,岡山県,1473,SHO-U,岡山県,2669,CORIVE,岡山県,0,,-
SINOBUZ,Remedy feat. Kanae Asaba,0,,-,929,TORO,岡山県,1661,GENO,岡山県,2206,CORIVE,岡山県,0,,-
SINOBUZ,Rave Cannon,0,,-,1073,AIKA,岡山県,1797,M.,岡山県,3344,CORI-,岡山県,0,,-
SINOBUZ,RAIN,0,,-,1159,TORO,岡山県,1780,BJORN,岡山県,3273,CORIVE,岡山県,0,,-
SINOBUZ,Quakes,0,,-,1137,AIKA,岡山県,2056,AISC,岡山県,3215,CORIVE,岡山県,0,,-
SINOBUZ,Piano Samurai,0,,-,1079,TORO,岡山県,1723,INDIUM,岡山県,2492,JIMAO,岡山県,0,,-
SINOBUZ,PAPAYAPA BASS,0,,-,788,TORO,岡山県,1518,TORO,岡山県,2790,JIMAO,岡山県,0,,-
SINOBUZ,OTENAMI Hurricane,0,,-,1291,0HANA5,岡山県,2089,RYU,岡山県,3120,ARIAN7,岡山県,0,,-
SINOBUZ,OOO,0,,-,694,TORO,岡山県,1466,GENO,岡山県,2065,O.N.O.,岡山県,0,,-
SINOBUZ,nostos,0,,-,913,AIKA,岡山県,1340,SIBATA,岡山県,2679,CORIVE,岡山県,0,,-
SINOBUZ,Music is The Answer,0,,-,794,TORO,岡山県,1368,TORO,岡山県,1943,CORIVE,岡山県,0,,-
SINOBUZ,Modular Technology,0,,-,1233,M.,岡山県,1889,DOLSEX,岡山県,2688,CORI-,岡山県,0,,-
SINOBUZ,Mare Nectaris,0,,-,1440,TORO,岡山県,2122,CORIVE,岡山県,3761,CORIVE,岡山県,0,,-
SINOBUZ,Magical,0,,-,814,TORO,岡山県,1200,GENO,岡山県,2005,GENO,岡山県,0,,-
SINOBUZ,Macuilxochitl,523,DONMAI,岡山県,1474,TORO,岡山県,2165,DOLSEX,岡山県,3322,O.N.O.,岡山県,0,,-
SINOBUZ,Lost wing at.0,0,,-,931,MANAMI,岡山県,1433,GREIN,岡山県,2399,GENO,岡山県,0,,-
SINOBUZ,INVISIBLE STRIX,0,,-,1153,TORO,岡山県,2012,RYU,岡山県,2630,CORIVE,岡山県,0,,-
SINOBUZ,Honey Trap,0,,-,839,AIKA,岡山県,1611,IHM,岡山県,2541,CORIVE,岡山県,0,,-
SINOBUZ,HAPPY★RUSH,0,,-,800,AIKA,岡山県,1828,SHO-U,岡山県,2884,RYU,岡山県,0,,-
SINOBUZ,HADES,389,M.,岡山県,993,TORO,岡山県,1859,ARTE3S,岡山県,3125,CORIVE,岡山県,0,,-
SINOBUZ,GuNGNiR,0,,-,1341,TORO,岡山県,2742,CORIVE,岡山県,3933,YUNE*,岡山県,4555,CORIVE,岡山県
SINOBUZ,Go Ahead!!,0,,-,1023,TORO,岡山県,1551,ARTE3S,岡山県,2739,CORIVE,岡山県,0,,-
SINOBUZ,FUZIN RIZIN,0,,-,1213,TORO,岡山県,1986,ARTE3S,岡山県,3808,ARIAN7,岡山県,0,,-
SINOBUZ,elemental bender feat. Kanae Asaba,0,,-,636,SAPE,岡山県,1186,TORO,岡山県,1637,CORIVE,岡山県,0,,-
SINOBUZ,Egret and Willow,0,,-,1043,TORO,岡山県,1633,TORO,岡山県,2737,CORIVE,岡山県,0,,-
SINOBUZ,ECHIDNA,0,,-,1288,TORO,岡山県,2092,TRYK,岡山県,3412,CORIVE,岡山県,0,,-
SINOBUZ,DORNWALD ～Junge～,0,,-,1302,AIKA,岡山県,2241,AISC,岡山県,3685,CORIVE,岡山県,0,,-
SINOBUZ,Cyber True Color,0,,-,994,TORO,岡山県,1617,TELYMA,岡山県,2359,CORIVE,岡山県,0,,-
SINOBUZ,crew,0,,-,630,TORO,岡山県,1741,ARTE3S,岡山県,2927,O.N.O.,岡山県,0,,-
SINOBUZ,Caterpillar,0,,-,1199,TORO,岡山県,2197,RYU,岡山県,3075,CORIVE,岡山県,0,,-
SINOBUZ,BroGamer,0,,-,1380,TORO,岡山県,2164,GREIN,岡山県,3113,CORIVE,岡山県,4672,CORIVE,岡山県
SINOBUZ,Breakin' Chain,0,,-,720,AIKA,岡山県,1330,AIKA,岡山県,2302,CORIVE,岡山県,0,,-
SINOBUZ,BREAK OVER,0,,-,883,TOMJ,岡山県,1523,ABOX,岡山県,2401,CORIVE,岡山県,0,,-
SINOBUZ,Beyond The Seven,0,,-,739,TORO,岡山県,1312,TORO,岡山県,2729,CORIVE,岡山県,0,,-
SINOBUZ,Believe in you,0,,-,1203,ARTE3S,岡山県,1900,GREIN,岡山県,2418,GENO,岡山県,0,,-
SINOBUZ,Beat Juggling Mix,0,,-,1011,TORO,岡山県,1547,RYU,岡山県,2244,CORIVE,岡山県,0,,-
SINOBUZ,Be A Star,0,,-,973,TORO,岡山県,1836,GREIN,岡山県,2815,CORIVE,岡山県,0,,-
SINOBUZ,BabeL ～Grand Story～,0,,-,1305,ARTE3S,岡山県,2120,ARTE3S,岡山県,2832,CORIVE,岡山県,0,,-
SINOBUZ,AsiaN distractive,0,,-,1197,TORO,岡山県,1731,TORO,岡山県,2647,CORIVE,岡山県,0,,-
SINOBUZ,Around The Galaxy,0,,-,1122,AIKA,岡山県,2089,U,岡山県,3390,O.N.O.,岡山県,0,,-
SINOBUZ,Apocalypse,0,,-,1145,TORO,岡山県,2072,TOMJ,岡山県,3591,CORIVE,岡山県,0,,-
SINOBUZ,AO-∞,0,,-,1131,INYS,岡山県,1762,M.,岡山県,2673,YUNE*,岡山県,0,,-
SINOBUZ,Amazing Mirage,372,FURIE,岡山県,912,TORO,岡山県,1693,TORO,岡山県,2646,CORIVE,岡山県,3274,CORIVE,岡山県
SINOBUZ,(This Is Not) The Angels,0,,-,604,TORO,岡山県,1469,CORIVE,岡山県,2723,CORIVE,岡山県,0,,-
SINOBUZ,#MAGiCVLGiRL_TRVP_B3VTZ,0,,-,1171,TORO,岡山県,1961,JIMAYO,岡山県,3446,CORIVE,岡山県,0,,-
SINOBUZ,!Viva!,0,,-,973,TORO,岡山県,1576,TORO,岡山県,2020,CORIVE,岡山県,0,,-
CANNON BALLERS,草原の王女-軌跡を辿って-,0,,-,695,M.,岡山県,1218,KURO,岡山県,2295,O.N.O.,岡山県,0,,-
CANNON BALLERS,純真可憐デザイア,251,INYS,岡山県,841,TORO,岡山県,1605,TORO,岡山県,2332,CORIVE,岡山県,0,,-
CANNON BALLERS,神謳 -RESONANCE-,0,,-,1400,ARTE3S,岡山県,2541,ARTE3S,岡山県,4018,CORIVE,岡山県,0,,-
CANNON BALLERS,東京神話,464,TORO,岡山県,1051,TORO,岡山県,1767,ARTE3S,岡山県,2841,CORIVE,岡山県,0,,-
CANNON BALLERS,命の標本,0,,-,741,TORO,岡山県,1676,IHM.RV,岡山県,2669,CORIVE,岡山県,0,,-
CANNON BALLERS,共犯へヴンズコード,0,,-,501,INYS,岡山県,1297,TOMJ,岡山県,2238,JIMAYO,岡山県,0,,-
CANNON BALLERS,ラストセンチュリーメランコリック,0,,-,851,TORO,岡山県,1591,E,岡山県,2197,CORIVE,岡山県,0,,-
CANNON BALLERS,パラドキシカル・タイムリープトライアル(Short Ver.),0,,-,1051,ARTE3S,岡山県,1955,GREIN,岡山県,2789,CORIVE,岡山県,0,,-
CANNON BALLERS,バスルーム ロマンス,0,,-,980,TORO,岡山県,1421,TORO,岡山県,2431,O.N.O.,岡山県,0,,-
CANNON BALLERS,バ→ビ→ブ→Bomb!,0,,-,824,TORO,岡山県,1792,BENNY,岡山県,2545,CORIVE,岡山県,0,,-
CANNON BALLERS,ハイ*ビスカス ft. Kanae Asaba,0,,-,875,AIKA,岡山県,1554,GENO,岡山県,2433,O.N.O.,岡山県,0,,-
CANNON BALLERS,ナイトシティー・アヴァンチュール,0,,-,1041,ARTE3S,岡山県,1545,GENO,岡山県,2088,GENO,岡山県,0,,-
CANNON BALLERS,シムルグの目醒め,0,,-,1410,AIKA,岡山県,2284,DOLSEX,岡山県,3448,ARIAN7,岡山県,0,,-
CANNON BALLERS,エディブルフラワーの独白,0,,-,820,TORO,岡山県,1525,TORO,岡山県,2205,JIMAO,岡山県,0,,-
CANNON BALLERS,うさ☆かめ 大戦争！,0,,-,938,TORO,岡山県,1537,DOLSEX,岡山県,2498,ARIAN7,岡山県,0,,-
CANNON BALLERS,Xperanza,545,TORO,岡山県,1376,TORO,岡山県,2389,BJORN,岡山県,3206,CORIVE,岡山県,0,,-
CANNON BALLERS,VOX RUSH,0,,-,1251,KAZU,岡山県,2248,GREIN,岡山県,3326,CORIVE,岡山県,0,,-
CANNON BALLERS,Usual Days-remix,0,,-,1075,M.,岡山県,1463,1ST,岡山県,2651,RYU,岡山県,0,,-
CANNON BALLERS,UMMU,436,INYS,岡山県,1235,M.,岡山県,2111,ARTE3S,岡山県,3126,CORIVE,岡山県,0,,-
CANNON BALLERS,The Revolution (VIP Mix),0,,-,791,INYS,岡山県,1479,INYS,岡山県,1850,CORIVE,岡山県,0,,-
CANNON BALLERS,The Chase,0,,-,704,TORO,岡山県,1353,RYU,岡山県,2264,CORIVE,岡山県,0,,-
CANNON BALLERS,THE CANNONBALLER,481,M.,岡山県,1470,PARM,岡山県,2399,ARTE3S,岡山県,3448,CORIVE,岡山県,0,,-
CANNON BALLERS,Temple of Anubis,0,,-,1022,TORO,岡山県,1507,NAEL43,岡山県,2674,CORIVE,岡山県,0,,-
CANNON BALLERS,SUNLiGHT (IIDX Mix),0,,-,1171,TORO,岡山県,1647,.COM,岡山県,2664,CORIVE,岡山県,0,,-
CANNON BALLERS,Static State,0,,-,1063,TORO,岡山県,1691,CU,岡山県,2375,CORIVE,岡山県,0,,-
CANNON BALLERS,STARLIGHT JUNCTION,0,,-,903,TORO,岡山県,1608,ARTE3S,岡山県,2290,CORIVE,岡山県,2893,O.N.O.,岡山県
CANNON BALLERS,SPEED DEMON,0,,-,751,TORO,岡山県,1448,AISC,岡山県,2371,CORIVE,岡山県,0,,-
CANNON BALLERS,SPEED,0,,-,884,TORO,岡山県,1456,KAZU,岡山県,2562,CORIVE,岡山県,0,,-
CANNON BALLERS,"Son, not gabba now",0,,-,865,KAZU,岡山県,1494,KAZU,岡山県,2336,O.N.O.,岡山県,0,,-
CANNON BALLERS,Slipstream,0,,-,1071,TORO,岡山県,2034,TRYK,岡山県,3543,CORIVE,岡山県,0,,-
CANNON BALLERS,Sleepless days,0,,-,509,TORO,岡山県,910,GENO,岡山県,1576,GENO,岡山県,0,,-
CANNON BALLERS,SHOX,0,,-,788,KAZU,岡山県,1047,KAZU,岡山県,1619,M2U,岡山県,0,,-
CANNON BALLERS,Rise Circuit,0,,-,921,TORO,岡山県,1531,PARM,岡山県,2313,CORIVE,岡山県,0,,-
CANNON BALLERS,REVOLVER,0,,-,935,TORO,岡山県,1652,ARTE3S,岡山県,2758,CORIVE,岡山県,3337,CORIVE,岡山県
CANNON BALLERS,Raspberry Railgun,0,,-,1366,TORO,岡山県,2131,DOLSEX,岡山県,3161,CORIVE,岡山県,0,,-
CANNON BALLERS,Rampage,0,,-,1300,ARTE3S,岡山県,2486,RYU,岡山県,3610,CORIVE,岡山県,0,,-
CANNON BALLERS,Persephone,0,,-,1306,TORO,岡山県,1982,GREIN,岡山県,3016,CORIVE,岡山県,0,,-
CANNON BALLERS,Papilio ulysses,0,,-,1217,TORO,岡山県,2036,BENNY,岡山県,2948,CORIVE,岡山県,0,,-
CANNON BALLERS,Only for now,0,,-,912,AIKA,岡山県,1534,TORO,岡山県,2253,GENO,岡山県,0,,-
CANNON BALLERS,O/D*20,0,,-,1150,TORO,岡山県,1691,ARTE3S,岡山県,2126,O.N.O.,岡山県,3837,O.N.O.,岡山県
CANNON BALLERS,Nothing but Theory,0,,-,1102,TORO,岡山県,1582,GENO,岡山県,2852,O.N.O.,岡山県,3730,O.N.O.,岡山県
CANNON BALLERS,No Limit 2 dAnce feat. 大山愛未,0,,-,974,INYS,岡山県,1571,ARTE3S,岡山県,2340,O.N.O.,岡山県,0,,-
CANNON BALLERS,NITROUS CANNON,0,,-,1386,TORO,岡山県,1979,PINPON,岡山県,3642,CORIVE,岡山県,0,,-
CANNON BALLERS,n'pa pa BBQ,0,,-,933,TORO,岡山県,1751,TORO,岡山県,2782,CORIVE,岡山県,0,,-
CANNON BALLERS,Mira,0,,-,871,KURO,岡山県,1711,DPE,岡山県,3008,CORIVE,岡山県,0,,-
CANNON BALLERS,Midnight Lady,0,,-,644,TORO,岡山県,1160,TORO,岡山県,1935,#JIMAO,岡山県,0,,-
CANNON BALLERS,MAXIVCORD,0,,-,823,AIKA,岡山県,1392,KURO,岡山県,2449,O.N.O.,岡山県,0,,-
CANNON BALLERS,LUV DRIVE,0,,-,834,TORO,岡山県,1344,TORO,岡山県,2129,CORIVE,岡山県,0,,-
CANNON BALLERS,LIGHTS ft. EVO+,0,,-,739,TORO,岡山県,1383,-2,岡山県,2345,JIMAOD,岡山県,0,,-
CANNON BALLERS,"Life Is A Game ft.DD""ナカタ""Metal",0,,-,1268,TORO,岡山県,1957,RYU,岡山県,3450,CORIVE,岡山県,0,,-
CANNON BALLERS,Let's Bounce !!,0,,-,740,TORO,岡山県,1208,KAZU,岡山県,2162,NAEL43,岡山県,0,,-
CANNON BALLERS,Initiation,654,M.,岡山県,1459,101I,岡山県,2459,ARTE3S,岡山県,3977,CORIVE,岡山県,0,,-
CANNON BALLERS,Illusionary Waterlily,0,,-,1303,TORO,岡山県,2202,AISC,岡山県,3508,CORIVE,岡山県,0,,-
CANNON BALLERS,I'm Coming (2017 Version),0,,-,642,TORO,岡山県,1254,M.,岡山県,2065,JIMAOD,岡山県,0,,-
CANNON BALLERS,I Love You,0,,-,1076,TORO,岡山県,1908,ARTE3S,岡山県,2730,CORIVE,岡山県,0,,-
CANNON BALLERS,HYPE THE CORE,0,,-,1115,AIKA,岡山県,1980,RYU,岡山県,2996,CORIVE,岡山県,0,,-
CANNON BALLERS,Hella Deep,0,,-,646,TORO,岡山県,1049,TORO,岡山県,1895,CORIVE,岡山県,0,,-
CANNON BALLERS,HAT TRICK,0,,-,842,INYS,岡山県,1433,GREIN,岡山県,2211,CORIVE,岡山県,0,,-
CANNON BALLERS,Get Up! feat. Kanae Asaba,0,,-,588,TORO,岡山県,1221,M.,岡山県,1923,CORIVE,岡山県,0,,-
CANNON BALLERS,FUTURE is Dead,0,,-,919,TORO,岡山県,1498,GREIN,岡山県,2275,CORIVE,岡山県,0,,-
CANNON BALLERS,From Time To Time,0,,-,805,TORO,岡山県,1870,.COM,岡山県,2552,JIMAO,岡山県,0,,-
CANNON BALLERS,FREEDOM,0,,-,1013,TORO,岡山県,1690,TORO,岡山県,2939,CORIVE,岡山県,0,,-
CANNON BALLERS,FIRE BALL,0,,-,846,TORO,岡山県,1557,FATMAN,岡山県,2361,KY,岡山県,0,,-
CANNON BALLERS,Fervidex,0,,-,862,AIKA,岡山県,1799,LAIR,岡山県,2700,CORIVE,岡山県,0,,-
CANNON BALLERS,Expanded !!,0,,-,679,TORO,岡山県,1540,TRYK,岡山県,2617,JIMAO,岡山県,0,,-
CANNON BALLERS,Exhaust Hype,0,,-,1032,TORO,岡山県,1853,TORO,岡山県,2812,CORIVE,岡山県,0,,-
CANNON BALLERS,encounter,0,,-,977,MANAMI,岡山県,1716,M.,岡山県,3288,CORIVE,岡山県,0,,-
CANNON BALLERS,EMERALDAS,513,TORO,岡山県,1339,AIKA,岡山県,2405,RYU,岡山県,3544,CORIVE,岡山県,0,,-
CANNON BALLERS,Eine Haube ～聖地の果てにあるもの～,0,,-,980,TORO,岡山県,1413,TORO,岡山県,2570,CORIVE,岡山県,0,,-
CANNON BALLERS,DropZ-Line-,0,,-,1329,TORO,岡山県,2008,GREPUM,岡山県,3243,CORIVE,岡山県,0,,-
CANNON BALLERS,DEATH†ZIGOQ ～怒りの高速爆走野郎～,0,,-,1390,TORO,岡山県,2482,ARTE3S,岡山県,4086,CORIVE,岡山県,4451,RYU,岡山県
CANNON BALLERS,DEADHEAT,0,,-,1203,TORO,岡山県,1973,RYU,岡山県,3337,CORIVE,岡山県,0,,-
CANNON BALLERS,COSMIC☆WONDER☆REVOLUTION,0,,-,774,TORO,岡山県,1435,GENO,岡山県,2087,O.N.O.,岡山県,0,,-
CANNON BALLERS,City Never Sleeps (IIDX Edition),0,,-,1269,TORO,岡山県,1839,TOMJ,岡山県,2668,CORIVE,岡山県,0,,-
CANNON BALLERS,Chemical Cookie,0,,-,835,TORO,岡山県,1420,KY,岡山県,2127,CORIVE,岡山県,0,,-
CANNON BALLERS,ChaserXX,0,,-,1055,TORO,岡山県,1860,PO?,岡山県,2847,CORIVE,岡山県,3691,RYU,岡山県
CANNON BALLERS,Break Stasis,0,,-,1323,TORO,岡山県,1901,KUTLAS,岡山県,2519,ARIAN7,岡山県,0,,-
CANNON BALLERS,Boomy and The Boost,414,DONMAI,岡山県,1064,TORO,岡山県,2029,PINPON,岡山県,3587,CORIVE,岡山県,0,,-
CANNON BALLERS,Best of Me,0,,-,823,TORO,岡山県,1546,PARM,岡山県,2226,CORIVE,岡山県,0,,-
CANNON BALLERS,Beast mode,0,,-,1046,INYS,岡山県,1470,5656,岡山県,2754,CORIVE,岡山県,0,,-
CANNON BALLERS,Be a Hero!,0,,-,783,TORO,岡山県,1974,GREIN,岡山県,3089,CORIVE,岡山県,0,,-
CANNON BALLERS,Battleground,0,,-,1179,TORO,岡山県,1805,M.,岡山県,2693,CORIVE,岡山県,0,,-
CANNON BALLERS,Back Spin Sweeper,0,,-,867,TORO,岡山県,1357,KUTLAS,岡山県,2275,CORIVE,岡山県,0,,-
CANNON BALLERS,Around the Future,0,,-,1074,INYS,岡山県,1722,KUTLAS,岡山県,2615,CORIVE,岡山県,0,,-
CANNON BALLERS,Arca,0,,-,931,TORO,岡山県,1790,INYS,岡山県,3148,CORIVE,岡山県,0,,-
CANNON BALLERS,Antigravity,0,,-,1053,TORO,岡山県,1944,TRYK,岡山県,3102,CORIVE,岡山県,0,,-
CANNON BALLERS,ANCHOR,0,,-,1352,AIKA,岡山県,2411,PINPON,岡山県,3590,ARIAN7,岡山県,0,,-
CANNON BALLERS,ANAGMA,0,,-,1038,TORO,岡山県,1811,GENO,岡山県,2639,CORIVE,岡山県,0,,-
CANNON BALLERS,Amor De Verao,0,,-,794,TORO,岡山県,1403,GENO,岡山県,2351,CORIVE,岡山県,0,,-
CANNON BALLERS,Alpheratz,0,,-,436,GENO,岡山県,1029,BENNY,岡山県,2094,O.N.O.,岡山県,0,,-
CANNON BALLERS,Acidiva 303,0,,-,822,TORO,岡山県,1321,EETA,岡山県,2274,PO?,岡山県,0,,-
CANNON BALLERS,ACCELERATE,0,,-,1183,TORO,岡山県,1773,GENO,岡山県,2484,JIMAO,岡山県,0,,-
CANNON BALLERS,Abraxas,0,,-,802,TORO,岡山県,1630,M.,岡山県,2448,CORIVE,岡山県,0,,-
CANNON BALLERS,AA -rebuild-,0,,-,1221,TORO,岡山県,2425,#JIMAO,岡山県,3596,ARIAN7,岡山県,0,,-
CANNON BALLERS,255,0,,-,880,INYS,岡山県,1614,GREIN,岡山県,3272,CORIVE,岡山県,0,,-
CANNON BALLERS,2 Player,0,,-,976,TORO,岡山県,1552,M.,岡山県,2499,YUNE*,岡山県,0,,-
CANNON BALLERS,1001 -ESCAPE-,0,,-,1043,ARTE3S,岡山県,1716,ARTE3S,岡山県,2614,CORIVE,岡山県,0,,-
Rootage,龍王の霊廟(Mausoleum Of The Primal Dragon),0,,-,1136,AIKA,岡山県,2283,44K,岡山県,3202,O.N.O.,岡山県,3951,CORIVE,岡山県
Rootage,金野火織の金色提言,0,,-,1257,TORO,岡山県,2178,RYU,岡山県,3141,CORIVE,岡山県,0,,-
Rootage,花冠 feat.Aikapin,0,,-,990,TORO,岡山県,1642,TOMJ,岡山県,2665,CORIVE,岡山県,0,,-
Rootage,爆ゼニ☆がってんワーカー,0,,-,1258,TORO,岡山県,1857,MITTUN,岡山県,2695,RYU,岡山県,0,,-
Rootage,深愛のリグレット,0,,-,796,ARTE3S,岡山県,1210,GENO,岡山県,2382,O.N.O.,岡山県,0,,-
Rootage,泰東ノ翠霞,0,,-,480,TORO,岡山県,752,TORO,岡山県,1755,JIMAO,岡山県,0,,-
Rootage,最小三倍完全数,0,,-,931,TORO,岡山県,1700,TORO,岡山県,2554,CORIVE,岡山県,0,,-
Rootage,抱きしめてモナムール,0,,-,1310,AIKA,岡山県,2294,KUTLAS,岡山県,4152,CORIVE,岡山県,0,,-
Rootage,夏の匂い。キミの残像。 ft. Kanae Asaba,0,,-,694,GENO,岡山県,1554,GENO,岡山県,2557,O.N.O.,岡山県,0,,-
Rootage,ミッドナイト☆WAR,0,,-,823,AIKA,岡山県,1590,GREIN,岡山県,2506,CORIVE,岡山県,0,,-
Rootage,ミストレス・アンに花束を,0,,-,586,GENO,岡山県,1035,GENO,岡山県,1425,ARTE3S,岡山県,0,,-
Rootage,ハードベース・フェスタ,0,,-,1153,TORO,岡山県,1777,DPE,岡山県,2847,CORIVE,岡山県,0,,-
Rootage,セカンドピアス,0,,-,599,TORO,岡山県,1106,GENO,岡山県,2011,GENO,岡山県,0,,-
Rootage,サクラあっぱれーしょん,265,INYS,岡山県,630,TORO,岡山県,1555,GENO,岡山県,2325,CORIVE,岡山県,0,,-
Rootage,グラナダの風,0,,-,785,TOMJ,岡山県,1212,TOMJ,岡山県,1862,CORIVE,岡山県,0,,-
Rootage,お菓子の王国,0,,-,1404,AIKA,岡山県,2262,AISC,岡山県,4084,CORIVE,岡山県,0,,-
Rootage,おーまい！らぶりー！すうぃーてぃ！だーりん！,0,,-,1099,TORO,岡山県,1987,GREIN,岡山県,2893,CORIVE,岡山県,0,,-
Rootage,ZENDEGI DANCE,0,,-,1196,ARTE3S,岡山県,1842,ARTE3S,岡山県,2765,CORIVE,岡山県,0,,-
Rootage,Yum Yum Jelly,0,,-,790,AIKA,岡山県,1571,ARTE3S,岡山県,2390,CORIVE,岡山県,0,,-
Rootage,Xlo,0,,-,1517,TORO,岡山県,2421,PINPON,岡山県,3829,CORIVE,岡山県,0,,-
Rootage,XENON II ～TOMOYUKIの野望～,0,,-,1174,AIKA,岡山県,1734,GENO,岡山県,3010,CORIVE,岡山県,0,,-
Rootage,X-DEN,0,,-,1678,GENO,岡山県,2780,CORIVE,岡山県,4123,CORIVE,岡山県,0,,-
Rootage,Wonderland,0,,-,1077,ARTE3S,岡山県,1882,ARTE3S,岡山県,2726,CORIVE,岡山県,0,,-
Rootage,Won(*3*)Chu KissMe!,269,FURIE,岡山県,937,TORO,岡山県,1412,GENO,岡山県,2502,O.N.O.,岡山県,0,,-
Rootage,Wolf 1061,0,,-,1024,TORO,岡山県,1715,ARTE3S,岡山県,3142,CORIVE,岡山県,0,,-
Rootage,Wing of Hearts,0,,-,1131,TORO,岡山県,1819,GENO,岡山県,2914,MITTUN,岡山県,0,,-
Rootage,voltississimo,0,,-,1191,TORO,岡山県,2047,DOLSEX,岡山県,3655,CORIVE,岡山県,0,,-
Rootage,Visterhv,0,,-,1267,TORO,岡山県,2183,BJORN,岡山県,3715,CORIVE,岡山県,0,,-
Rootage,Urban Constellations,0,,-,721,TORO,岡山県,1482,TORO,岡山県,2301,CORIVE,岡山県,0,,-
Rootage,UNDERWORLD HOLOGRAPHY,0,,-,1145,TORO,岡山県,2065,LAIR,岡山県,3232,CORIVE,岡山県,0,,-
Rootage,Unbelief,0,,-,1120,TORO,岡山県,2095,YUNE*,岡山県,3247,CORI-,岡山県,0,,-
Rootage,U.S.A.,570,DONMAI,岡山県,1132,ARTE3S,岡山県,1910,ARTE3S,岡山県,2901,CORIVE,岡山県,0,,-
Rootage,Twilight Warp,0,,-,958,TORO,岡山県,1360,INYS,岡山県,2136,GENO,岡山県,0,,-
Rootage,Trill auf G,0,,-,1153,M.,岡山県,2128,GREIN,岡山県,3254,CORI-,岡山県,0,,-
Rootage,ToyCube Pf.(RX-Ver.S.P.L.),0,,-,737,TORO,岡山県,1476,TORO,岡山県,2274,O.N.O.,岡山県,0,,-
Rootage,toy boxer,0,,-,777,TORO,岡山県,1429,ARTE3S,岡山県,2216,GENO,岡山県,0,,-
Rootage,The Sealer ～ア・ミリアとミリアの民～,0,,-,841,TORO,岡山県,1378,COIL.,岡山県,2212,0HANA5,岡山県,0,,-
Rootage,The Rebellion of Sequencer,0,,-,1211,TORO,岡山県,1999,PO?,岡山県,3079,CORIVE,岡山県,0,,-
Rootage,THE DAY OF JUBILATIONS,0,,-,1475,R,岡山県,2401,GREIN,岡山県,3441,CORIVE,岡山県,0,,-
Rootage,The Best of Both Worlds,0,,-,597,TORO,岡山県,1389,M.,岡山県,2230,CORIVE,岡山県,0,,-
Rootage,Technicolour Dreams,0,,-,939,TORO,岡山県,1389,SHO-U,岡山県,2389,CORIVE,岡山県,0,,-
Rootage,Starry Night,0,,-,919,TORO,岡山県,1674,GENO,岡山県,2486,GREIN,岡山県,0,,-
Rootage,SPEED ROCKER,0,,-,923,TORO,岡山県,1669,PO?,岡山県,2289,FELIZ*,岡山県,0,,-
Rootage,Six String Proof,0,,-,895,TORO,岡山県,1519,TORO,岡山県,2554,CORIVE,岡山県,0,,-
Rootage,SIGMA,0,,-,831,TORO,岡山県,1510,TORO,岡山県,2588,369,岡山県,0,,-
Rootage,Sidechained Threats,0,,-,1203,COIL.,岡山県,1984,ARTE3S,岡山県,2394,CORIVE,岡山県,0,,-
Rootage,Serious?,0,,-,586,TORO,岡山県,1129,KAZU,岡山県,2195,CORIVE,岡山県,0,,-
Rootage,R∞tAge,537,TORO,岡山県,1115,AIKA,岡山県,1642,0HANA5,岡山県,2968,CORIVE,岡山県,0,,-
Rootage,ruin of opals,0,,-,995,TORO,岡山県,1931,O.N.O.,岡山県,3237,CORIVE,岡山県,0,,-
Rootage,ROZA DE ANDALUCIA,0,,-,1255,TORO,岡山県,1981,KATZE,岡山県,2911,LAIR,岡山県,0,,-
Rootage,"ROCK女 feat. 大山愛未, Ken",0,,-,1067,TORO,岡山県,1773,#JIMAO,岡山県,2814,CORIVE,岡山県,0,,-
Rootage,REPLAY,0,,-,947,TORO,岡山県,1589,COIL.,岡山県,2254,GENO,岡山県,0,,-
Rootage,Red. by Jack Trance,0,,-,1463,TORO,岡山県,2163,CORIVE,岡山県,3632,CORIVE,岡山県,0,,-
Rootage,Re:Story,0,,-,425,TORO,岡山県,1080,KAZU,岡山県,1902,JIMAOD,岡山県,0,,-
Rootage,Psycho Sheep Riddim,0,,-,647,TORO,岡山県,1020,TORO,岡山県,1662,GENO,岡山県,2280,CORIVE,岡山県
Rootage,Please Welcome Mr.C,0,,-,1109,DONMAI,岡山県,1709,OK!,岡山県,2986,CORIVE,岡山県,0,,-
Rootage,Playing With Fire,0,,-,985,INYS,岡山県,1682,ARTE3S,岡山県,2351,CORIVE,岡山県,0,,-
Rootage,Particle Arts,0,,-,869,KEISHU,岡山県,1552,PARM,岡山県,2441,CORIVE,岡山県,0,,-
Rootage,Painful Fate,0,,-,1250,MANAMI,岡山県,2182,RYU,岡山県,3334,CORIVE,岡山県,0,,-
Rootage,OVER TIME,0,,-,586,GENO,岡山県,984,GENO,岡山県,1555,GENO,岡山県,0,,-
Rootage,ONIGOROSHI,0,,-,1167,TORO,岡山県,2031,DOLSEX,岡山県,3008,CORIVE,岡山県,0,,-
Rootage,Night! Night! Night!,0,,-,1211,TORO,岡山県,1830,ARTE3S,岡山県,3038,CORIVE,岡山県,0,,-
Rootage,"Next Tales 2 Oath (IIDX 20th Anniv ""Ring"" Theme)",0,,-,906,AIKA,岡山県,1632,P,岡山県,2714,ARIAN7,岡山県,0,,-
Rootage,Necroxis Girl,0,,-,1131,TORO,岡山県,1835,TOMJ,岡山県,2828,CORIVE,岡山県,0,,-
Rootage,Macho Monky,0,,-,1393,COIL.,岡山県,2065,RYU,岡山県,3093,CORIVE,岡山県,0,,-
Rootage,LOST TECHNOLOGIE,0,,-,1147,TORO,岡山県,1863,TORO,岡山県,3489,CORIVE,岡山県,0,,-
Rootage,Lift Us High,0,,-,980,AIKA,岡山県,1555,TORO,岡山県,2465,RYU,岡山県,0,,-
Rootage,Level One,0,,-,1268,TORO,岡山県,2295,BJORN,岡山県,3585,CORIVE,岡山県,0,,-
Rootage,Lethal Weapon,0,,-,1196,GENO,岡山県,1905,GENO,岡山県,3248,CORIVE,岡山県,0,,-
Rootage,Let me be your cure,0,,-,1144,TORO,岡山県,1433,GENO,岡山県,2673,CORIVE,岡山県,0,,-
Rootage,LADYBIRD,0,,-,1093,TORO,岡山県,1571,KAZU,岡山県,2420,YUNE*,岡山県,0,,-
Rootage,L.F.O,0,,-,884,ARTE3S,岡山県,1776,ARTE3S,岡山県,3303,CORIVE,岡山県,0,,-
Rootage,KILL EACH OTHER,0,,-,1403,TORO,岡山県,2444,RYU,岡山県,3849,CORIVE,岡山県,0,,-
Rootage,IDOL syndrome.,0,,-,763,TORO,岡山県,1471,GENO,岡山県,2182,GENO,岡山県,2968,RYU,岡山県
Rootage,IDC feat.REVERBEE (Mo'Cuts Ver),0,,-,1079,P,岡山県,1550,ARTE3S,岡山県,2241,CORIVE,岡山県,0,,-
Rootage,Hurry Hurry,0,,-,759,TORO,岡山県,1051,GENO,岡山県,2084,GENO,岡山県,0,,-
Rootage,HOT LIMIT,406,DONMAI,岡山県,1069,GREIN,岡山県,1728,ARTE3S,岡山県,2536,CORIVE,岡山県,0,,-
Rootage,HEISEI,374,TORO,岡山県,1131,TORO,岡山県,1947,RYU,岡山県,2565,CORIVE,岡山県,0,,-
Rootage,HARD BRAIN,0,,-,1378,AIKA,岡山県,2054,GENO,岡山県,3765,CORIVE,岡山県,0,,-
Rootage,GO OVER WITH GLARE -ROOTAGE 26-,0,,-,1079,AIKA,岡山県,2288,O.N.O.,岡山県,3896,CORIVE,岡山県,0,,-
Rootage,Glory,0,,-,762,TORO,岡山県,1665,GREIN,岡山県,2309,O.N.O.,岡山県,0,,-
Rootage,GIGA THRASH,0,,-,1260,TORO,岡山県,1784,SHO-U,岡山県,2737,CORIVE,岡山県,0,,-
Rootage,GENE,0,,-,1317,ARTE3S,岡山県,1975,ARTE3S,岡山県,4339,CORIVE,岡山県,0,,-
Rootage,Geirskogul,0,,-,1063,DONMAI,岡山県,1551,A9URT,岡山県,2226,CORIVE,岡山県,0,,-
Rootage,Garuda,0,,-,1062,TORO,岡山県,1653,ARTE3S,岡山県,2600,CORIVE,岡山県,0,,-
Rootage,EVANESCENT,0,,-,1302,ARTE3S,岡山県,2378,ARTE3S,岡山県,3605,CORIVE,岡山県,0,,-
Rootage,Ember Lights,0,,-,972,GENO,岡山県,1635,TRYK,岡山県,2724,CORIVE,岡山県,0,,-
Rootage,DRUNK MONKY,0,,-,1006,TORO,岡山県,1580,TIN8NG,岡山県,2329,CORIVE,岡山県,0,,-
Rootage,Drastic Dramatic,0,,-,1539,TORO,岡山県,2378,ARTE3S,岡山県,3512,CORIVE,岡山県,0,,-
Rootage,Dr. Chemical & Killing Machine,0,,-,1126,TORO,岡山県,1814,101I,岡山県,3371,CORIVE,岡山県,0,,-
Rootage,Digital Skipper,0,,-,985,TORO,岡山県,1452,KAZU,岡山県,2191,#JIMAO,岡山県,0,,-
Rootage,dAuntl3ss,0,,-,1081,AIKA,岡山県,1993,SARPON,岡山県,3481,CORIVE,岡山県,0,,-
Rootage,Cranberry City ft. Luschel,0,,-,861,TORO,岡山県,1559,TORO,岡山県,2390,TRYK,岡山県,0,,-
Rootage,COSMIC CYBER,0,,-,1043,TORO,岡山県,1668,NIEN,岡山県,2901,CORIVE,岡山県,0,,-
Rootage,CoMAAAAAAA,0,,-,1200,TOMJ,岡山県,2076,YUNE*,岡山県,2405,O.N.O.,岡山県,0,,-
Rootage,CODE:0,0,,-,1424,TORO,岡山県,2140,TRYK,岡山県,2881,CORIVE,岡山県,3282,*0712*,岡山県
Rootage,Catch Our Fire!,0,,-,1358,TORO,岡山県,2285,GREIN,岡山県,3690,CORIVE,岡山県,0,,-
Rootage,Carry Me Away,528,DONMAI,岡山県,1134,TORO,岡山県,1810,RYU,岡山県,3175,CORIVE,岡山県,0,,-
Rootage,Carmina,518,TORO,岡山県,1342,GENO,岡山県,2452,GENO,岡山県,3795,CORIVE,岡山県,0,,-
Rootage,BLOSSOM,0,,-,1092,AIKA,岡山県,1663,CORIVE,岡山県,2557,CORIVE,岡山県,0,,-
Rootage,BLACK JACKAL,0,,-,850,TORO,岡山県,1581,P,岡山県,2333,O.N.O.,岡山県,0,,-
Rootage,Angels & Demons,0,,-,901,TORO,岡山県,1676,TOMJ,岡山県,2411,YUNE*,岡山県,0,,-
Rootage,AGAiN,0,,-,1023,TORO,岡山県,1641,GENO,岡山県,2292,#JIMAO,岡山県,0,,-
Rootage,Afterimage d'automne,0,,-,1016,TORO,岡山県,1645,INYS,岡山県,2887,CORIVE,岡山県,0,,-
Rootage,A Tale Hidden In The Abyss,0,,-,925,TORO,岡山県,1628,INDIUM,岡山県,2624,YUNE*,岡山県,0,,-
Rootage,50th Memorial Songs -二人の時 ～under the cherry blossoms～-,556,FURIE,岡山県,1241,GENO,岡山県,1664,GENO,岡山県,2609,O.N.O.,岡山県,0,,-
Rootage,50th Memorial Songs -The BEMANI History-,534,INYS,岡山県,1087,GENO,岡山県,1679,GENO,岡山県,2656,CORIVE,岡山県,0,,-
Rootage,50th Memorial Songs -Flagship medley-,379,FURIE,岡山県,984,GENO,岡山県,1542,GENO,岡山県,2287,O.N.O.,岡山県,0,,-
Rootage,50th Memorial Songs -Beginning Story-,322,INYS,岡山県,833,GENO,岡山県,1674,GENO,岡山県,2713,CORIVE,岡山県,0,,-
Rootage,& Intelligence,0,,-,1173,TORO,岡山県,2151,ARTE3S,岡山県,3165,CORIVE,岡山県,0,,-
HEROIC VERSE,魅惑のYUMMYスイーツ,0,,-,933,AIKA,岡山県,1799,GREIN,岡山県,3073,ARIAN7,岡山県,0,,-
HEROIC VERSE,開きたまえ！Next stAge！,0,,-,1149,GREIN,岡山県,1709,GENO,岡山県,2875,CORIVE,岡山県,0,,-
HEROIC VERSE,錬成人間トリコロイダー,0,,-,1061,TORO,岡山県,1813,GREIN,岡山県,3199,CORIVE,岡山県,0,,-
HEROIC VERSE,華麗なる大犬円舞曲,0,,-,1352,.YUKKE,岡山県,2091,IHM.RV,岡山県,3511,CORIVE,岡山県,0,,-
HEROIC VERSE,眠りの国のステラ,0,,-,1180,TORO,岡山県,1797,TORO,岡山県,2758,CORIVE,岡山県,0,,-
HEROIC VERSE,狂水一華,0,,-,972,AIKA,岡山県,1705,M.,岡山県,2683,ARIAN7,岡山県,0,,-
HEROIC VERSE,灼熱Beach Side Bunny (Masayoshi Iimori Remix),0,,-,670,TORO,岡山県,1147,TORO,岡山県,1845,CORIVE,岡山県,0,,-
HEROIC VERSE,深淵に捧ぐレクイエム,0,,-,862,GENO,岡山県,1658,GENO,岡山県,3043,CORIVE,岡山県,0,,-
HEROIC VERSE,曼荼羅恋々,0,,-,1119,GENO,岡山県,1777,GENO,岡山県,2737,ARIAN7,岡山県,0,,-
HEROIC VERSE,俺ら東京さ行ぐだ,254,INYS,岡山県,647,GENO,岡山県,1329,GENO,岡山県,1998,CORIVE,岡山県,3503,RYU,岡山県
HEROIC VERSE,令和(1991RAVE REMIX),351,DONMAI,岡山県,574,GENO,岡山県,1390,CORIVE,岡山県,2199,CORIVE,岡山県,0,,-
HEROIC VERSE,ランカーキラーガール,0,,-,1166,ARTE3S,岡山県,1890,ARTE3S,岡山県,2932,ARIAN7,岡山県,0,,-
HEROIC VERSE,ラブキラ☆スプラッシュ,0,,-,1111,TORO,岡山県,1646,YUNE*,岡山県,2523,O.N.O.,岡山県,0,,-
HEROIC VERSE,ピアノ協奏曲第1番”蠍火” (BlackY Remix),0,,-,1035,TORO,岡山県,2106,RYU,岡山県,3730,CORIVE,岡山県,0,,-
HEROIC VERSE,バッドエンド・シンドローム,0,,-,1064,TORO,岡山県,1740,KUTLAS,岡山県,2964,CORIVE,岡山県,0,,-
HEROIC VERSE,セピアの軌跡 ft. 天宮みや(少女フラクタル),378,TORO,岡山県,808,GENO,岡山県,1477,GENO,岡山県,2399,O.N.O.,岡山県,0,,-
HEROIC VERSE,シャムシールの舞,0,,-,855,DONMAI,岡山県,1503,PINPON,岡山県,2577,CORIVE,岡山県,0,,-
HEROIC VERSE,ガヴリールドロップキック,410,.YUKKE,岡山県,791,GENO,岡山県,1687,GREIN,岡山県,2669,YUNE*,岡山県,0,,-
HEROIC VERSE,がっつり陰キャ!? 怪盗いいんちょの億劫^^;,0,,-,1570,GREIN,岡山県,2733,YUNE*,岡山県,4259,CORIVE,岡山県,0,,-
HEROIC VERSE,Ypsilon,0,,-,1124,TORO,岡山県,1745,PINPON,岡山県,2876,ARIAN7,岡山県,3534,CORIVE,岡山県
HEROIC VERSE,Voo Doo Bamboleo,0,,-,913,TORO,岡山県,1558,GREIN,岡山県,2497,CORIVE,岡山県,0,,-
HEROIC VERSE,Volcanic Dragon,0,,-,1095,GENO,岡山県,1811,GREIN,岡山県,2966,CORIVE,岡山県,0,,-
HEROIC VERSE,Virus Funk,0,,-,791,GENO,岡山県,1552,GENO,岡山県,2226,CORIVE,岡山県,0,,-
HEROIC VERSE,Vinculum stellarum,0,,-,943,TORO,岡山県,2359,AISC,岡山県,3586,CORIVE,岡山県,0,,-
HEROIC VERSE,VIBRΛ,0,,-,944,GENO,岡山県,1327,GENO,岡山県,1855,GENO,岡山県,0,,-
HEROIC VERSE,VALKYRIAS -英雄誕生-,463,DONMAI,岡山県,1048,GENO,岡山県,1752,GENO,岡山県,2753,CORIVE,岡山県,0,,-
HEROIC VERSE,UNITE THE HEART,0,,-,1504,GENO,岡山県,2611,YUNE*,岡山県,3322,ARIAN7,岡山県,0,,-
HEROIC VERSE,TRIUMPH,0,,-,949,GENO,岡山県,2017,GENO,岡山県,3409,CORIVE,岡山県,0,,-
HEROIC VERSE,Theory,0,,-,795,TORO,岡山県,1416,RYU,岡山県,2644,CORIVE,岡山県,0,,-
HEROIC VERSE,The Sky of Sadness,0,,-,887,TORO,岡山県,1516,GREIN,岡山県,2375,O.N.O.,岡山県,0,,-
HEROIC VERSE,THE F∀UST,0,,-,1363,GREIN,岡山県,2272,GREIN,岡山県,3625,CORIVE,岡山県,0,,-
HEROIC VERSE,THE BRAVE MUST DIE,0,,-,1435,GENO,岡山県,2462,GENO,岡山県,4073,CORI-,岡山県,0,,-
HEROIC VERSE,TECHNO Style Essentials,0,,-,1027,GENO,岡山県,1648,GENO,岡山県,2865,CORIVE,岡山県,0,,-
HEROIC VERSE,take me higher,0,,-,824,TORO,岡山県,1270,TORO,岡山県,1978,JIMAYO,岡山県,0,,-
HEROIC VERSE,T-REX vs Velociraptor (In the Far east euphoria),0,,-,1417,GREIN,岡山県,1865,GENO,岡山県,3210,ARIAN7,岡山県,0,,-
HEROIC VERSE,Sugar Drippin',0,,-,772,TORO,岡山県,1348,OK!,岡山県,2080,GENO,岡山県,0,,-
HEROIC VERSE,STOIC HYPOTHESIS,0,,-,1125,AIKA,岡山県,1801,GREIN,岡山県,2824,RYU,岡山県,0,,-
HEROIC VERSE,Sparkle Smilin',0,,-,922,AIKA,岡山県,1499,ARTE3S,岡山県,2455,ARIAN7,岡山県,0,,-
HEROIC VERSE,Smashing Wedge,0,,-,977,AIKA,岡山県,2248,CORIVE,岡山県,3848,CORIVE,岡山県,0,,-
HEROIC VERSE,Ska-sh All Neurons!!,0,,-,994,GENO,岡山県,1477,GENO,岡山県,2325,ARIAN7,岡山県,0,,-
HEROIC VERSE,Silly Love,257,DONMAI,岡山県,809,GENO,岡山県,1413,GENO,岡山県,2080,CORIVE,岡山県,0,,-
HEROIC VERSE,Shiva,0,,-,736,TORO,岡山県,1487,GREIN,岡山県,2142,CORIVE,岡山県,0,,-
HEROIC VERSE,Sellout,0,,-,548,GENO,岡山県,1066,GENO,岡山県,2109,ARIAN7,岡山県,0,,-
HEROIC VERSE,SCREW // owo // SCREW,0,,-,1131,GENO,岡山県,2169,O.N.O.,岡山県,3058,CORIVE,岡山県,0,,-
HEROIC VERSE,S!ck (Nhato Remix),0,,-,1002,TORO,岡山県,1631,JIMAOD,岡山県,2545,CORIVE,岡山県,0,,-
HEROIC VERSE,rough percussionythm,0,,-,1007,AIKA,岡山県,1660,ARTE3S,岡山県,2563,CORIVE,岡山県,0,,-
HEROIC VERSE,Rave Patroller,0,,-,1387,GREIN,岡山県,2350,GREIN,岡山県,3365,ARIAN7,岡山県,0,,-
HEROIC VERSE,Rave lithosphere,0,,-,1101,GENO,岡山県,1775,GENO,岡山県,2656,CORIVE,岡山県,0,,-
HEROIC VERSE,Rainstorm,0,,-,999,GENO,岡山県,1562,GENO,岡山県,2273,O.N.O.,岡山県,0,,-
HEROIC VERSE,Queen Kaguya,0,,-,983,GENO,岡山県,1895,GREIN,岡山県,2637,CORIVE,岡山県,0,,-
HEROIC VERSE,Punching Down (IIDX Mix),0,,-,674,GENO,岡山県,1191,GENO,岡山県,1882,CORIVE,岡山県,0,,-
HEROIC VERSE,Primitive Vibes,586,TORO,岡山県,1167,GENO,岡山県,1992,GENO,岡山県,3109,CORIVE,岡山県,0,,-
HEROIC VERSE,POP TEAM EPIC(kors k Remix),329,DONMAI,岡山県,538,GENO,岡山県,1304,GENO,岡山県,2125,GREIN,岡山県,0,,-
HEROIC VERSE,PHASE SHIFT MANEUVER,0,,-,1257,TORO,岡山県,1672,PINPON,岡山県,2857,CORIVE,岡山県,0,,-
HEROIC VERSE,Override,0,,-,957,TORO,岡山県,1630,ARTE3S,岡山県,2917,CORIVE,岡山県,4143,O.N.O.,岡山県
HEROIC VERSE,OUTER PLANETS,0,,-,680,GENO,岡山県,1427,GENO,岡山県,2191,CORIVE,岡山県,0,,-
HEROIC VERSE,ORCA,0,,-,1330,TORO,岡山県,2377,O.N.O.,岡山県,3487,CORIVE,岡山県,0,,-
HEROIC VERSE,Ohayo!,0,,-,974,GENO,岡山県,1596,GENO,岡山県,2408,CORIVE,岡山県,0,,-
HEROIC VERSE,NRG STAR '86 feat. 大山愛未,0,,-,1034,GENO,岡山県,1511,GENO,岡山県,2645,O.N.O.,岡山県,0,,-
HEROIC VERSE,NEWALONE,0,,-,606,GENO,岡山県,1311,GENO,岡山県,1993,MITTUN,岡山県,0,,-
HEROIC VERSE,Nasty Techniques,0,,-,991,GENO,岡山県,1703,GENO,岡山県,2617,RYU,岡山県,0,,-
HEROIC VERSE,Moving on,0,,-,1049,GENO,岡山県,1948,GENO,岡山県,2982,CORIVE,岡山県,0,,-
HEROIC VERSE,Mel,0,,-,792,GENO,岡山県,1529,GENO,岡山県,2167,ARIAN7,岡山県,0,,-
HEROIC VERSE,Megalara Garuda,0,,-,1465,TORO,岡山県,1958,AISC,岡山県,3053,CORIVE,岡山県,0,,-
HEROIC VERSE,Matt Silver,0,,-,1188,GREIN,岡山県,2155,GREIN,岡山県,3355,CORIVE,岡山県,0,,-
HEROIC VERSE,Lost Souls,0,,-,712,AIKA,岡山県,1680,GREIN,岡山県,2465,CORIVE,岡山県,3771,MITTUN,岡山県
HEROIC VERSE,Lords Of The Roundtable,0,,-,1070,TORO,岡山県,1812,GREIN,岡山県,3098,CORIVE,岡山県,0,,-
HEROIC VERSE,Like+it!,0,,-,1072,TORO,岡山県,1759,ARTE3S,岡山県,2375,CORIVE,岡山県,0,,-
HEROIC VERSE,LIGHTNING STRIKES,471,KAZU,岡山県,937,TORO,岡山県,1703,CORIVE,岡山県,3251,CORIVE,岡山県,4038,*0712*,岡山県
HEROIC VERSE,Level 2,0,,-,933,TORO,岡山県,1677,GENO,岡山県,2914,CORIVE,岡山県,0,,-
HEROIC VERSE,LASER CRUSTER (IGNITE REMIX),0,,-,795,TORO,岡山県,1729,CYBELE,岡山県,3507,ARIAN7,岡山県,0,,-
HEROIC VERSE,Jetcoaster Windy,0,,-,822,AIKA,岡山県,1398,AIKA,岡山県,2240,GENO,岡山県,0,,-
HEROIC VERSE,Into The Madness,0,,-,991,TORO,岡山県,1599,ARTE3S,岡山県,2545,CORIVE,岡山県,0,,-
HEROIC VERSE,Infinity Mirror,0,,-,871,GENO,岡山県,1408,GENO,岡山県,2312,CORIVE,岡山県,0,,-
HEROIC VERSE,Inferno of Fomalhaut,0,,-,1033,TORO,岡山県,1820,GREIN,岡山県,3263,CORIVE,岡山県,0,,-
HEROIC VERSE,If,0,,-,791,TORO,岡山県,1329,.YUKKE,岡山県,1889,O.N.O.,岡山県,0,,-
HEROIC VERSE,Hyper Drive feat. ぷにぷに電機,0,,-,670,GENO,岡山県,1542,GENO,岡山県,1979,GENO,岡山県,0,,-
HEROIC VERSE,Horizons of Promise,0,,-,950,TORO,岡山県,1525,GREIN,岡山県,2606,JIMAYO,岡山県,0,,-
HEROIC VERSE,Hold My Hand,0,,-,944,GENO,岡山県,1705,GENO,岡山県,2476,GREIN,岡山県,0,,-
HEROIC VERSE,GIGA VIOLATE,0,,-,1098,TORO,岡山県,1593,TORO,岡山県,2755,CORIVE,岡山県,0,,-
HEROIC VERSE,GHOST,0,,-,823,AIKA,岡山県,1472,U,岡山県,2775,CORIVE,岡山県,0,,-
HEROIC VERSE,Friction[!]Function,0,,-,1110,AIKA,岡山県,1780,PO?,岡山県,3213,CORIVE,岡山県,0,,-
HEROIC VERSE,Forgetting Machine,0,,-,726,INYS,岡山県,1234,NICOL,岡山県,1711,GENO,岡山県,0,,-
HEROIC VERSE,Fly Above (Vicissitude Remix),0,,-,875,TORO,岡山県,1534,ARTE3S,岡山県,2381,JIMAO,岡山県,0,,-
HEROIC VERSE,fairy cocktail,0,,-,460,GENO,岡山県,1115,GENO,岡山県,1633,GREIN,岡山県,0,,-
HEROIC VERSE,EXCITE,324,DONMAI,岡山県,830,GENO,岡山県,1370,GENO,岡山県,2228,CORIVE,岡山県,0,,-
HEROIC VERSE,Everlasting Message,0,,-,1232,PINPON,岡山県,2322,RYU,岡山県,3775,CORIVE,岡山県,0,,-
HEROIC VERSE,EROICA,0,,-,1392,AIKA,岡山県,2298,P,岡山県,3895,ARIAN7,岡山県,0,,-
HEROIC VERSE,Duration,0,,-,544,GENO,岡山県,1028,GENO,岡山県,1949,GENO,岡山県,0,,-
HEROIC VERSE,Drop It,0,,-,1404,GENO,岡山県,2008,GENO,岡山県,2797,CORIVE,岡山県,0,,-
HEROIC VERSE,Double Dribble,0,,-,1301,TORO,岡山県,1970,GREIN,岡山県,3330,CORIVE,岡山県,0,,-
HEROIC VERSE,Do What You Want,0,,-,704,GENO,岡山県,1283,GENO,岡山県,2034,CORIVE,岡山県,0,,-
HEROIC VERSE,Dans la nuit de l'eternite,0,,-,1384,DONMAI,岡山県,2193,GREIN,岡山県,3469,CORIVE,岡山県,0,,-
HEROIC VERSE,Crank It,0,,-,783,TORO,岡山県,1458,GENO,岡山県,2451,CORIVE,岡山県,0,,-
HEROIC VERSE,Change Yourself,0,,-,982,GENO,岡山県,1760,GREIN,岡山県,2517,RYU,岡山県,0,,-
HEROIC VERSE,Calvados Queen,0,,-,999,GENO,岡山県,1537,GENO,岡山県,2467,CORIVE,岡山県,0,,-
HEROIC VERSE,Bow shock!!,0,,-,812,TORO,岡山県,1964,CORIVE,岡山県,3108,CORIVE,岡山県,4113,RYU,岡山県
HEROIC VERSE,Beautiful Harmony (IIDX Mix),0,,-,903,GENO,岡山県,1728,GENO,岡山県,2450,JIMAYO,岡山県,0,,-
HEROIC VERSE,beatAffection,0,,-,1045,GENO,岡山県,1577,GENO,岡山県,2659,CORI-,岡山県,0,,-
HEROIC VERSE,BEAT PRISONER,0,,-,1188,TORO,岡山県,2103,GREIN,岡山県,3616,CORIVE,岡山県,0,,-
HEROIC VERSE,Backyard Stars,0,,-,1056,AIKA,岡山県,1536,5656,岡山県,2214,GENO,岡山県,0,,-
HEROIC VERSE,Artist,0,,-,1281,TORO,岡山県,2371,PINPON,岡山県,3605,CORIVE,岡山県,0,,-
HEROIC VERSE,And-RoiD,0,,-,742,AIKA,岡山県,1335,ARTE3S,岡山県,1998,YUNE*,岡山県,0,,-
HEROIC VERSE,AKASHIC BREAK,0,,-,1251,TORO,岡山県,2365,PINPON,岡山県,3565,CORIVE,岡山県,0,,-
HEROIC VERSE,Advent Infamous,0,,-,1012,TORO,岡山県,1671,ARTE3S,岡山県,2880,CORIVE,岡山県,0,,-
HEROIC VERSE,27th style,0,,-,1179,TORO,岡山県,1807,CORIVE,岡山県,2578,CORIVE,岡山県,0,,-
HAPPY SKY,Don't let it go,0,,-,714,MANAMI,岡山県,1259,CORIVE,岡山県,1692,O.N.O.,岡山県,0,,-
GOLD,2hot2eat,0,,-,598,TORO,岡山県,1155,DONMAI,岡山県,1688,CORIVE,岡山県,0,,-
DJ TROOPERS,高高度降下低高度開傘,0,,-,916,TORO,岡山県,1486,NICOL,岡山県,1986,JIMAYO,岡山県,0,,-
EMPRESS,thunder HOUSE NATION Remix,0,,-,1074,TORO,岡山県,1579,OK!,岡山県,2466,CORIVE,岡山県,3901,CORIVE,岡山県
EMPRESS,Marie Antoinette,0,,-,1071,TORO,岡山県,1920,MSKD,岡山県,2560,MITTUN,岡山県,3169,CORIVE,岡山県
BISTROVER,魔法のかくれんぼ,0,,-,893,AIKA,岡山県,1698,CORIVE,岡山県,2845,CORIVE,岡山県,0,,-
BISTROVER,霧幻メモリア,0,,-,959,TORO,岡山県,1436,ARTE3S,岡山県,2018,RYU,岡山県,0,,-
BISTROVER,閠槞彁の願い,0,,-,1055,TORO,岡山県,2119,ARTE3S,岡山県,3153,CORIVE,岡山県,0,,-
BISTROVER,紅蓮華,158,DONMAI,岡山県,528,GENO,岡山県,986,GENO,岡山県,1481,GENO,岡山県,0,,-
BISTROVER,犬に雨傘,0,,-,939,TORO,岡山県,1454,ARTE3S,岡山県,2101,CORIVE,岡山県,0,,-
BISTROVER,無意識のフィロソフィア,0,,-,1135,TORO,岡山県,2173,DONMAI,岡山県,3311,JIMAYO,岡山県,0,,-
BISTROVER,涙のテ・エストラーニョ・ムーチョ,0,,-,1381,ARTE3S,岡山県,2046,O.N.O.,岡山県,2823,CORIVE,岡山県,0,,-
BISTROVER,水鏡の異界,0,,-,900,ARTE3S,岡山県,1748,ARTE3S,岡山県,3268,CORIVE,岡山県,0,,-
BISTROVER,水無月の雫 ft. 小林まな,0,,-,1260,ARTE3S,岡山県,1792,ARTE3S,岡山県,2612,O.N.O.,岡山県,0,,-
BISTROVER,新宝島,522,TORO,岡山県,794,GENO,岡山県,1400,GENO,岡山県,2364,CORIVE,岡山県,3472,O.N.O.,岡山県
BISTROVER,儚き恋の華,0,,-,1075,ARTE3S,岡山県,1869,ARTE3S,岡山県,2995,O.N.O.,岡山県,0,,-
BISTROVER,伐折羅-vajra-,0,,-,1154,AIKA,岡山県,2094,O.N.O.,岡山県,3670,CORIVE,岡山県,0,,-
BISTROVER,二人ノ廃城幽踊宴,0,,-,1233,TORO,岡山県,2184,RYU,岡山県,3608,CORIVE,岡山県,0,,-
BISTROVER,乱膳の舞姫,0,,-,1070,ARTE3S,岡山県,1830,ARTE3S,岡山県,2742,CORIVE,岡山県,0,,-
BISTROVER,世界の果てに約束の凱歌を -ReUnion-,0,,-,1195,TORO,岡山県,1885,PINPON,岡山県,3873,CORIVE,岡山県,0,,-
BISTROVER,バッド・スイーツ、バッド・ドリーム,0,,-,1117,ARTE3S,岡山県,1855,ARTE3S,岡山県,3649,CORIVE,岡山県,0,,-
BISTROVER,ディスコルディア,0,,-,1372,TORO,岡山県,2354,BJORN,岡山県,3940,CORIVE,岡山県,0,,-
BISTROVER,スーパー戦湯ババンバーン,0,,-,1285,TORO,岡山県,2097,RYU,岡山県,3418,CORIVE,岡山県,0,,-
BISTROVER,ここからよろしく大作戦143,265,INYS,岡山県,969,GENO,岡山県,1780,GENO,岡山県,2515,ARIAN7,岡山県,3146,JIMAO,岡山県
BISTROVER,∀,601,TORO,岡山県,1332,GENO,岡山県,2231,ARTE3S,岡山県,3543,CORIVE,岡山県,0,,-
BISTROVER,Zenith,0,,-,845,ARTE3S,岡山県,1443,ARTE3S,岡山県,2204,CORIVE,岡山県,0,,-
BISTROVER,X-ray binary,0,,-,991,TORO,岡山県,1941,ARTE3S,岡山県,2815,CORIVE,岡山県,0,,-
BISTROVER,Winner's Proof ft. KANASA from bless4,276,TORO,岡山県,767,TORO,岡山県,1385,ARTE3S,岡山県,2228,CORIVE,岡山県,0,,-
BISTROVER,When I Met U,0,,-,904,GENO,岡山県,1329,GENO,岡山県,2055,CORIVE,岡山県,0,,-
BISTROVER,WAKE UP NOW,0,,-,962,ARTE3S,岡山県,1470,ARTE3S,岡山県,2009,O.N.O.,岡山県,0,,-
BISTROVER,Vitrum,0,,-,1099,TORO,岡山県,1774,ARTE3S,岡山県,3549,CORIVE,岡山県,0,,-
BISTROVER,Viridian,0,,-,1090,TORO,岡山県,1980,BJORN,岡山県,3360,CORIVE,岡山県,0,,-
BISTROVER,TOMORROW,444,TORO,岡山県,794,GENO,岡山県,1564,GENO,岡山県,2254,CORIVE,岡山県,0,,-
BISTROVER,Tiempo Loco,0,,-,1083,TORO,岡山県,2019,ARTE3S,岡山県,3723,CORIVE,岡山県,0,,-
BISTROVER,The Wind of China Express(The 4th Mashup),0,,-,1007,TORO,岡山県,1703,ARTE3S,岡山県,2560,O.N.O.,岡山県,0,,-
BISTROVER,THE PEERLESS UNDER HEAVEN,0,,-,1143,AIKA,岡山県,2056,RYU,岡山県,3457,CORIVE,岡山県,0,,-
BISTROVER,That Feeling,0,,-,725,TORO,岡山県,1237,ARTE3S,岡山県,1925,CORIVE,岡山県,0,,-
BISTROVER,Tell me what you wish feat.らっぷびと,0,,-,1134,TORO,岡山県,1615,M.,岡山県,2854,ARIAN7,岡山県,0,,-
BISTROVER,Swarm Of Scarabs,0,,-,1060,ARTE3S,岡山県,1542,ARTE3S,岡山県,2410,CORIVE,岡山県,0,,-
BISTROVER,Sugarplum,0,,-,889,ARTE3S,岡山県,1870,ARTE3S,岡山県,2523,O.N.O.,岡山県,0,,-
BISTROVER,SOLID STATE SQUAD -RISEN RELIC REMIX-,0,,-,1292,DONMAI,岡山県,2275,ARTE3S,岡山県,3182,MITTUN,岡山県,0,,-
BISTROVER,So Punky,0,,-,894,TORO,岡山県,1675,ARTE3S,岡山県,2569,O.N.O.,岡山県,0,,-
BISTROVER,smooooch・∀・ (Snail's House Remix),0,,-,881,TORO,岡山県,1578,ARTE3S,岡山県,2348,O.N.O.,岡山県,0,,-
BISTROVER,Sinus Iridum,0,,-,1196,AIKA,岡山県,2076,RYU,岡山県,3398,CORIVE,岡山県,0,,-
BISTROVER,Scandal,0,,-,974,TORO,岡山県,1905,PINPON,岡山県,2921,CORIVE,岡山県,0,,-
BISTROVER,S-Bahn,0,,-,975,TORO,岡山県,1590,ARTE3S,岡山県,2179,O.N.O.,岡山県,0,,-
BISTROVER,Rubrum Piano,0,,-,974,TORO,岡山県,1736,ARTE3S,岡山県,2477,CORIVE,岡山県,0,,-
BISTROVER,Rub-a Dub-a,0,,-,954,TORO,岡山県,1532,ARTE3S,岡山県,2159,CORIVE,岡山県,0,,-
BISTROVER,Rowdy,0,,-,1061,GENO,岡山県,1587,ARTE3S,岡山県,2490,CORIVE,岡山県,0,,-
BISTROVER,Rosa azuL,0,,-,902,TORO,岡山県,1761,DONMAI,岡山県,2735,RYU,岡山県,0,,-
BISTROVER,rommmo,0,,-,1224,GENO,岡山県,1873,GENO,岡山県,3440,CORIVE,岡山県,0,,-
BISTROVER,Romanticが止まらない,388,TORO,岡山県,958,GENO,岡山県,1695,GENO,岡山県,2728,O.N.O.,岡山県,0,,-
BISTROVER,Ritual of Anubis,0,,-,1187,ARTE3S,岡山県,1858,ARTE3S,岡山県,2817,CORIVE,岡山県,0,,-
BISTROVER,Rejection Girl,0,,-,1022,AIKA,岡山県,1651,TRYK,岡山県,2687,CORIVE,岡山県,0,,-
BISTROVER,POLKAMAИIA,0,,-,1004,GENO,岡山県,1870,GENO,岡山県,2927,CORIVE,岡山県,0,,-
BISTROVER,Playball,0,,-,689,AIKA,岡山県,922,ARTE3S,岡山県,1380,GENO,岡山県,0,,-
BISTROVER,Parvati,0,,-,1028,TORO,岡山県,1808,PO?,岡山県,2844,ARIAN7,岡山県,0,,-
BISTROVER,Party Starter,0,,-,994,TORO,岡山県,1548,ARTE3S,岡山県,2302,CORIVE,岡山県,0,,-
BISTROVER,Para siempre,0,,-,972,GENO,岡山県,1559,GENO,岡山県,2884,CORIVE,岡山県,0,,-
BISTROVER,Overslept,0,,-,1163,GENO,岡山県,1783,GENO,岡山県,2560,CORIVE,岡山県,0,,-
BISTROVER,OTOKOZAKA,0,,-,1064,TORO,岡山県,1834,COIL.,岡山県,2915,O.N.O.,岡山県,0,,-
BISTROVER,of the first magnitude,0,,-,1039,TORO,岡山県,1909,ARTE3S,岡山県,2988,CORIVE,岡山県,0,,-
BISTROVER,Ocean Blue feat. Luschel,0,,-,858,TORO,岡山県,1469,ARTE3S,岡山県,2459,O.N.O.,岡山県,0,,-
BISTROVER,Neo Heritage,0,,-,956,ARTE3S,岡山県,1688,ARTE3S,岡山県,2847,CORIVE,岡山県,0,,-
BISTROVER,MOVE! (We Keep It Movin'),0,,-,770,TORO,岡山県,1347,TORO,岡山県,2208,CORIVE,岡山県,0,,-
BISTROVER,Midnight Drive,0,,-,610,GENO,岡山県,1294,TORO,岡山県,2007,CORIVE,岡山県,0,,-
BISTROVER,MEGAERA,0,,-,1467,ARTE3S,岡山県,2122,ARTE3S,岡山県,3499,ARIAN7,岡山県,0,,-
BISTROVER,MA・TSU・RI,0,,-,1102,TORO,岡山県,1779,KAZU,岡山県,2580,CORIVE,岡山県,0,,-
BISTROVER,Mars beach,0,,-,622,GENO,岡山県,1399,GENO,岡山県,2241,CORIVE,岡山県,0,,-
BISTROVER,Lovely Howdy Cowboy!!,0,,-,1094,TORO,岡山県,1873,ARTE3S,岡山県,2781,CORIVE,岡山県,0,,-
BISTROVER,LOCUS OF THE TRAVEL,0,,-,1118,AIKA,岡山県,2433,ARTE3S,岡山県,3706,CORIVE,岡山県,0,,-
BISTROVER,LIKE A VAMPIRE,0,,-,1057,COIL.,岡山県,1707,OK!,岡山県,2792,O.N.O.,岡山県,0,,-
BISTROVER,Level 3,0,,-,1173,TORO,岡山県,2293,RYU,岡山県,3562,CORIVE,岡山県,0,,-
BISTROVER,LAST DAY,0,,-,1148,ARTE3S,岡山県,1746,ARTE3S,岡山県,3079,CORIVE,岡山県,0,,-
BISTROVER,Jungle Eater,0,,-,1022,AIKA,岡山県,1839,ARTE3S,岡山県,2999,CORIVE,岡山県,0,,-
BISTROVER,innocent revolver,0,,-,1121,AIKA,岡山県,2252,BJORN,岡山県,3880,CORIVE,岡山県,0,,-
BISTROVER,IIDX RED Ending (Ryu☆Remix),0,,-,651,AIKA,岡山県,1201,ARTE3S,岡山県,1862,GENO,岡山県,0,,-
BISTROVER,Ignis†Irae,0,,-,1104,TORO,岡山県,2372,ARTE3S,岡山県,3772,CORIVE,岡山県,0,,-
BISTROVER,HIGH VOLTAGE,0,,-,841,GENO,岡山県,1456,GENO,岡山県,2259,CORIVE,岡山県,0,,-
BISTROVER,Here We Are,402,GENO,岡山県,1095,GENO,岡山県,1738,GENO,岡山県,2472,O.N.O.,岡山県,0,,-
BISTROVER,"Hands Up feat. kradness BEMANI Sound Team ""Sota Fujimori"" Remix",0,,-,1132,TORO,岡山県,1772,ARTE3S,岡山県,2356,JIMAYO,岡山県,0,,-
BISTROVER,Globe Glitter,0,,-,1070,TORO,岡山県,1638,TORO,岡山県,2670,JIMAYO,岡山県,0,,-
BISTROVER,GIGA RAID,0,,-,982,GENO,岡山県,1878,ARTE3S,岡山県,2431,CORIVE,岡山県,0,,-
BISTROVER,Frisk And Squeak,0,,-,811,AIKA,岡山県,1550,COIL.,岡山県,2421,CORIVE,岡山県,0,,-
BISTROVER,Fire Beat,0,,-,1109,DOLSEX,岡山県,1773,RYU,岡山県,2735,O.N.O.,岡山県,0,,-
BISTROVER,Farewell to Marrakech,0,,-,917,TORO,岡山県,1553,CORIVE,岡山県,2260,CORIVE,岡山県,0,,-
BISTROVER,Explorer feat. ぷにぷに電機,0,,-,761,TORO,岡山県,1304,ARTE3S,岡山県,2131,GENO,岡山県,2889,RYU,岡山県
BISTROVER,Euphoric Lagoon,0,,-,891,ARTE3S,岡山県,1622,ARTE3S,岡山県,2600,CORIVE,岡山県,0,,-
BISTROVER,Empire of Fury,0,,-,1388,ARTE3S,岡山県,2157,ARTE3S,岡山県,3300,CORIVE,岡山県,0,,-
BISTROVER,DUAL STRIKER,0,,-,1198,TORO,岡山県,2473,P,岡山県,3839,CORIVE,岡山県,0,,-
BISTROVER,Don't Stop The Music feat. Kanae Asaba,0,,-,698,TORO,岡山県,1337,ARTE3S,岡山県,1871,ARTE3S,岡山県,0,,-
BISTROVER,DENIM,0,,-,602,TORO,岡山県,1328,ARTE3S,岡山県,1743,O.N.O.,岡山県,0,,-
BISTROVER,Dawn Saga,0,,-,959,ARTE3S,岡山県,1651,ARTE3S,岡山県,2737,CORIVE,岡山県,0,,-
BISTROVER,Danza Aestas,0,,-,1000,TORO,岡山県,1751,PO?,岡山県,2983,RYU,岡山県,0,,-
BISTROVER,Crazy Jackpot,0,,-,1009,TORO,岡山県,1668,ARTE3S,岡山県,2855,CORIVE,岡山県,0,,-
BISTROVER,COSMIC RAY,0,,-,1283,TORO,岡山県,2114,RYU,岡山県,2887,CORIVE,岡山県,0,,-
BISTROVER,CONNECT-,0,,-,1031,TORO,岡山県,1851,ARTE3S,岡山県,2923,CORIVE,岡山県,0,,-
BISTROVER,Chewingood!!!,303,KAZU,岡山県,870,GENO,岡山県,1519,GENO,岡山県,2619,*0712*,岡山県,0,,-
BISTROVER,Burning Flame,0,,-,1204,ARTE3S,岡山県,1839,ARTE3S,岡山県,2909,CORIVE,岡山県,3719,O.N.O.,岡山県
BISTROVER,Breakin' Rules,0,,-,1277,KYOKA,岡山県,1802,ARTE3S,岡山県,2769,CORIVE,岡山県,0,,-
BISTROVER,Brahma,0,,-,1230,ARTE3S,岡山県,1791,ARTE3S,岡山県,2863,CORIVE,岡山県,0,,-
BISTROVER,BLACK or WHITE?,625,INYS,岡山県,1306,TORO,岡山県,2499,AISC,岡山県,3962,CORIVE,岡山県,0,,-
BISTROVER,BIGソムタム,561,DONMAI,岡山県,1270,TORO,岡山県,1904,#JIMAO,岡山県,3357,CORIVE,岡山県,0,,-
BISTROVER,BEMANI PRO LEAGUE Theme,0,,-,778,TORO,岡山県,1406,GENO,岡山県,1975,CORIVE,岡山県,0,,-
BISTROVER,ASIAN VIRTUAL REALITIES (MELTING TOGETHER IN DAZZLING DARKNESS),0,,-,1083,ARTE3S,岡山県,1886,ARTE3S,岡山県,3368,CORIVE,岡山県,0,,-
BISTROVER,As You Want,0,,-,854,TORO,岡山県,1446,DONMAI,岡山県,2406,JIRMAO,岡山県,0,,-
BISTROVER,apo:llioth,0,,-,1229,TORO,岡山県,2068,KUTLAS,岡山県,2974,CORIVE,岡山県,0,,-
BISTROVER,AMRITA -不滅ノ花-,0,,-,907,TORO,岡山県,1614,GENO,岡山県,2775,CORIVE,岡山県,0,,-
BISTROVER,Ah Hah Yeah,0,,-,713,TORO,岡山県,1373,TORO,岡山県,2183,CORIVE,岡山県,0,,-
BISTROVER,ABSOLUTE (kors k Remix),0,,-,950,TORO,岡山県,1547,ARTE3S,岡山県,2648,CORIVE,岡山県,0,,-
BISTROVER,3!dolon Forc3,0,,-,975,1011,岡山県,1520,PINPON,岡山県,2949,CORIVE,岡山県,0,,-
BISTROVER,-65℃,0,,-,1411,AIKA,岡山県,2235,IHM.RV,岡山県,3727,ARIAN7,岡山県,0,,-
7th style,Somebody Like You,0,,-,742,TORO,岡山県,1183,O.N.O.,岡山県,1853,CORIVE,岡山県,0,,-
10th style,SCORE,0,,-,1150,COIL.,岡山県,1538,KURO,岡山県,2100,CORIVE,岡山県,0,,-
HAPPY SKY,mind the gap,0,,-,683,TOMJ,岡山県,991,GYAN3,岡山県,1653,CORIVE,岡山県,0,,-
SIRIUS,Do Back Burn,0,,-,714,TORO,岡山県,1384,COIL.,岡山県,2147,CORIVE,岡山県,0,,-
Lincle,GIGANT,0,,-,590,TORO,岡山県,1182,TORO,岡山県,1773,GENO,岡山県,2945,CORIVE,岡山県
PENDUAL,Sounds Of Summer,0,,-,1271,AIKA,岡山県,2110,RYU,岡山県,2977,CORIVE,岡山県,0,,-
CastHour,黒紅掬い,0,,-,668,AIKA,岡山県,1212,P,岡山県,1816,JIMAYO,岡山県,0,,-
CastHour,青の洞窟,0,,-,903,AIKA,岡山県,1957,FELIZ*,岡山県,3149,CORIVE,岡山県,0,,-
CastHour,雪上断火,0,,-,1000,TORO,岡山県,1836,RYU,岡山県,3013,CORIVE,岡山県,0,,-
CastHour,逆月,0,,-,1508,O.N.O.,岡山県,2330,ARCL.,岡山県,3749,CORIVE,岡山県,0,,-
CastHour,踊,184,M.,岡山県,366,TORO,岡山県,823,TORO,岡山県,1634,CORIVE,岡山県,2096,CORIVE,岡山県
CastHour,禊,0,,-,1077,COIL.,岡山県,2244,RYU,岡山県,3206,CORIVE,岡山県,0,,-
CastHour,烽火連天の刃,0,,-,1130,TORO,岡山県,2293,PINPON,岡山県,3402,CORIVE,岡山県,4158,RYU,岡山県
CastHour,月とミルク,0,,-,997,AIKA,岡山県,1576,AIKA,岡山県,2786,ARIAN7,岡山県,0,,-
CastHour,愛しくてラヴィンユー ft. マナ,0,,-,810,TORO,岡山県,1492,TORO,岡山県,2406,O.N.O.,岡山県,0,,-
CastHour,怪物,346,TORO,岡山県,751,TORO,岡山県,1201,TORO,岡山県,2409,ARIAN7,岡山県,3262,RYU,岡山県
CastHour,天邪鬼,410,FURIE,岡山県,994,AIKA,岡山県,1708,P,岡山県,3304,CORIVE,岡山県,0,,-
CastHour,口カラ凸ゲキ,0,,-,932,TORO,岡山県,1503,TORO,岡山県,2413,CORIVE,岡山県,0,,-
CastHour,ミュージック・アワー,545,DONMAI,岡山県,1213,TORO,岡山県,2080,COIL.,岡山県,3007,CORIVE,岡山県,0,,-
CastHour,"ピアノ独奏無言歌 ""灰燼""",0,,-,1168,M.,岡山県,2429,CORIVE,岡山県,3818,CORIVE,岡山県,0,,-
CastHour,ハイテックトキオ,0,,-,1105,TORO,岡山県,1902,TRYK,岡山県,2698,CORIVE,岡山県,3202,ARIAN7,岡山県
CastHour,ナイトフィクション,0,,-,732,AIKA,岡山県,1536,DONMAI,岡山県,2152,CORIVE,岡山県,0,,-
CastHour,デモーニッシュ,260,FURIE,岡山県,934,M.,岡山県,1477,ARIAN7,岡山県,2391,ARIAN7,岡山県,3020,ARIAN7,岡山県
CastHour,シル・ヴ・プレジデント,303,M.,岡山県,656,GENO,岡山県,1222,ARIAN7,岡山県,1799,ARIAN7,岡山県,2584,O.N.O.,岡山県
CastHour,グッバイ宣言,581,DONMAI,岡山県,1106,TORO,岡山県,1786,AISC,岡山県,3104,ARIAN7,岡山県,3577,RYU,岡山県
CastHour,オールトの雲,0,,-,1227,TORO,岡山県,1966,M.,岡山県,2635,ARIAN7,岡山県,0,,-
CastHour,オドループ,506,TORO,岡山県,1107,TORO,岡山県,1577,BJORN,岡山県,2348,ARIAN7,岡山県,2990,O.N.O.,岡山県
CastHour,ウツシミウツシ,0,,-,1263,M.,岡山県,2004,KAZU,岡山県,3150,CORIVE,岡山県,0,,-
CastHour,アクマフカ,0,,-,760,AIKA,岡山県,1503,M.,岡山県,2297,CORIVE,岡山県,0,,-
CastHour,めでてえ,0,,-,1119,TORO,岡山県,1715,TRYK,岡山県,2662,CORIVE,岡山県,0,,-
CastHour,ぐだふわエブリデー,263,DONMAI,岡山県,689,TORO,岡山県,1292,TORO,岡山県,2274,GENO,岡山県,0,,-
CastHour,あいつら全員同窓会,370,TORO,岡山県,652,TORO,岡山県,1219,TORO,岡山県,2042,O.N.O.,岡山県,0,,-
CastHour,《GRANDMASTER》,0,,-,996,TORO,岡山県,1780,TORO,岡山県,2922,RYU,岡山県,0,,-
CastHour,Xyndrome,0,,-,968,TORO,岡山県,1607,TRYK,岡山県,2939,CORIVE,岡山県,0,,-
CastHour,Wonderful Escape,0,,-,971,TORO,岡山県,1444,TORO,岡山県,2096,CORIVE,岡山県,0,,-
CastHour,WHA,0,,-,1238,TORO,岡山県,2296,RYU,岡山県,3689,CORIVE,岡山県,0,,-
CastHour,VR - Virtual Reality (prod.by Snail's House),313,TORO,岡山県,622,TORO,岡山県,1170,TORO,岡山県,1817,JIMAYO,岡山県,2461,O.N.O.,岡山県
CastHour,Votania Beat,0,,-,1071,M.,岡山県,1609,OK!,岡山県,2542,ARIAN7,岡山県,0,,-
CastHour,Victory Of Ravers,0,,-,1032,TORO,岡山県,1721,DONMAI,岡山県,2589,CORIVE,岡山県,0,,-
CastHour,Ventriloquist,0,,-,791,M.,岡山県,1499,DONMAI,岡山県,2417,CORIVE,岡山県,0,,-
CastHour,Triple Cross,586,INYS,岡山県,1135,AIKA,岡山県,2306,RYU,岡山県,3296,CORIVE,岡山県,0,,-
CastHour,TOMAHAWK,0,,-,1352,TORO,岡山県,2340,CORIVE,岡山県,3562,CORIVE,岡山県,0,,-
CastHour,Tail Lights,0,,-,1111,AIKA,岡山県,1927,PINPON,岡山県,3130,CORIVE,岡山県,0,,-
CastHour,Stepper,0,,-,708,TORO,岡山県,1495,COIL.,岡山県,2196,CORIVE,岡山県,0,,-
CastHour,SPARK IN THE NIGHT,0,,-,875,TORO,岡山県,1417,OK!,岡山県,2196,RYU,岡山県,0,,-
CastHour,Souhait bleu,0,,-,910,TORO,岡山県,1840,COIL.,岡山県,2781,CORIVE,岡山県,0,,-
CastHour,SOLID WYVERN,0,,-,1206,TORO,岡山県,1949,P,岡山県,2615,RYU,岡山県,3802,O.N.O.,岡山県
CastHour,Smalt #28598F,0,,-,1103,GENO,岡山県,2358,GENO,岡山県,3406,CORIVE,岡山県,0,,-
CastHour,Skreaming for Salvation,0,,-,840,TORO,岡山県,2051,RYU,岡山県,3196,CORIVE,岡山県,0,,-
CastHour,Silver Bullet,0,,-,1175,TORO,岡山県,1956,AISC,岡山県,3247,CORIVE,岡山県,0,,-
CastHour,RAGE feat.H14 of LEONAIR,439,TORO,岡山県,1115,GENO,岡山県,2254,GENO,岡山県,3585,CORIVE,岡山県,0,,-
CastHour,Push on Beats!～音ゲの国のeX-ストリーマー～,0,,-,1200,M.,岡山県,1875,RYU,岡山県,3351,CORIVE,岡山県,0,,-
CastHour,Purple Perplex,0,,-,1149,TORO,岡山県,1879,RYU,岡山県,3100,CORIVE,岡山県,0,,-
CastHour,Prohibited Props,0,,-,1047,TORO,岡山県,1548,TORO,岡山県,2264,O.N.O.,岡山県,0,,-
CastHour,Pout,0,,-,1081,AIKA,岡山県,1727,DONMAI,岡山県,2608,CORIVE,岡山県,0,,-
CastHour,PLASMA SOUL NIGHT feat. Nana Takahashi / 709sec.,434,TORO,岡山県,1478,TORO,岡山県,2590,P,岡山県,4447,ARIAN7,岡山県,0,,-
CastHour,PIRATES BLADE,0,,-,927,M.,岡山県,1500,COIL.,岡山県,2168,CORIVE,岡山県,0,,-
CastHour,P.O.W.E.R.,0,,-,1059,TORO,岡山県,1716,ABOX,岡山県,2341,CORIVE,岡山県,0,,-
CastHour,Onyx,0,,-,916,M.,岡山県,1471,TORO,岡山県,2416,CORIVE,岡山県,0,,-
CastHour,One for All,0,,-,1021,TORO,岡山県,1769,P,岡山県,3209,CORIVE,岡山県,0,,-
CastHour,Non Stop Rock,0,,-,800,TORO,岡山県,1273,TORO,岡山県,1886,CORIVE,岡山県,0,,-
CastHour,Nocturnal 2097,0,,-,956,AIKA,岡山県,1934,NICOL,岡山県,2932,CORIVE,岡山県,0,,-
CastHour,No Day But Today!,435,TORO,岡山県,747,AIKA,岡山県,1317,AIKA,岡山県,1984,CORIVE,岡山県,0,,-
CastHour,n/a,0,,-,1224,TORO,岡山県,1947,BJORN,岡山県,3591,CORIVE,岡山県,0,,-
CastHour,N.O.,0,,-,835,TORO,岡山県,1485,TORO,岡山県,2518,CORIVE,岡山県,0,,-
CastHour,LIVE DRIVING!! feat. 花たん,0,,-,1626,AIKA,岡山県,2499,AISC,岡山県,3834,ARIAN7,岡山県,0,,-
CastHour,Legendary Treasures,0,,-,1135,KAZU,岡山県,1736,COIL.,岡山県,2889,CORIVE,岡山県,0,,-
CastHour,Lawes's Parotia,0,,-,903,TORO,岡山県,1698,TORO,岡山県,2543,RYU,岡山県,0,,-
CastHour,kors k's How to make OTOGE CORE,0,,-,795,M.,岡山県,1486,E,岡山県,2316,CORIVE,岡山県,0,,-
CastHour,ILAYZA,0,,-,1189,AIKA,岡山県,2035,KUTLAS,岡山県,2809,CORIVE,岡山県,0,,-
CastHour,HEARTACHE,0,,-,501,AIKA,岡山県,1173,AIKA,岡山県,1854,CORIVE,岡山県,0,,-
CastHour,Hat Surprise,0,,-,694,TORO,岡山県,1598,TORO,岡山県,2464,CORIVE,岡山県,0,,-
CastHour,Harmonia,0,,-,745,TORO,岡山県,1237,TORO,岡山県,2017,JIMAYO,岡山県,0,,-
CastHour,hard-wired,0,,-,1567,TORO,岡山県,2309,RYU,岡山県,3550,CORIVE,岡山県,0,,-
CastHour,GRAVITON,0,,-,1187,TORO,岡山県,2010,CYBELE,岡山県,3412,ARIAN7,岡山県,0,,-
CastHour,GiGaGaHell,0,,-,1359,TORO,岡山県,2037,AISC,岡山県,3250,CORIVE,岡山県,0,,-
CastHour,"Get set, Go! feat.Kanae Asaba",0,,-,848,AIKA,岡山県,1437,TORO,岡山県,2105,O.N.O.,岡山県,0,,-
CastHour,Game Changers,0,,-,771,TORO,岡山県,1443,TORO,岡山県,2729,CORIVE,岡山県,0,,-
CastHour,Flying Castle,0,,-,1093,TORO,岡山県,2242,RYU,岡山県,3620,CORIVE,岡山県,0,,-
CastHour,FINALLY BLAZE,0,,-,934,TORO,岡山県,1724,DONMAI,岡山県,2773,ARIAN7,岡山県,0,,-
CastHour,Fegrix,0,,-,1247,TORO,岡山県,2252,PINPON,岡山県,3285,CORIVE,岡山県,0,,-
CastHour,Fantastic Merry-Go-Round,0,,-,1081,TORO,岡山県,1495,TORO,岡山県,2107,GENO,岡山県,0,,-
CastHour,Ergosphere,0,,-,1002,TORO,岡山県,1794,DONMAI,岡山県,2745,CORIVE,岡山県,0,,-
CastHour,EMOTiON TRiPPER,0,,-,947,TORO,岡山県,1462,AISC,岡山県,2180,MITTUN,岡山県,0,,-
CastHour,Emera,0,,-,891,TORO,岡山県,1599,DONMAI,岡山県,2330,O.N.O.,岡山県,0,,-
CastHour,DREAM OF SPACE UFO ABDUCTION,0,,-,1086,AIKA,岡山県,1767,CORINS,岡山県,2712,CORIVE,岡山県,0,,-
CastHour,Don't believe the hype,0,,-,1162,TORO,岡山県,2233,RYU,岡山県,3304,CORIVE,岡山県,0,,-
CastHour,Divine Heaven,0,,-,947,AIKA,岡山県,1919,COIL.,岡山県,2981,CORIVE,岡山県,0,,-
CastHour,DISPARATE,0,,-,1042,TORO,岡山県,1767,TORO,岡山県,2431,RYU,岡山県,0,,-
CastHour,Brave Spirits,0,,-,719,TORO,岡山県,1390,OK!,岡山県,2446,RYU,岡山県,0,,-
CastHour,Blue Bird feat. Kanae Asaba,0,,-,659,TORO,岡山県,1112,TORO,岡山県,1785,O.N.O.,岡山県,0,,-
CastHour,Binary Black Hole,0,,-,1354,AIKA,岡山県,2277,AISC,岡山県,3898,ARIAN7,岡山県,0,,-
CastHour,Banger Banger Banger Banger,0,,-,984,TORO,岡山県,1756,PINPON,岡山県,2944,CORIVE,岡山県,0,,-
CastHour,Arkadia,0,,-,1173,AIKA,岡山県,2131,GENO,岡山県,3641,ARIAN7,岡山県,0,,-
CastHour,Ariah,0,,-,721,AIKA,岡山県,1503,GENO,岡山県,2168,GENO,岡山県,0,,-
CastHour,Angel's Ladder,0,,-,1069,KYOKA,岡山県,2203,RYU,岡山県,3460,CORIVE,岡山県,0,,-
CastHour,ANEMONE,222,TORO,岡山県,780,AIKA,岡山県,1592,DONMAI,岡山県,2135,GENO,岡山県,0,,-
CastHour,AMICABLE,0,,-,1024,TORO,岡山県,1567,TORO,岡山県,2470,JIMAO,岡山県,0,,-
CastHour,ALTERNATOR,0,,-,1361,AIKA,岡山県,2514,RYU,岡山県,3737,CORIVE,岡山県,0,,-
CastHour,Aftermath,0,,-,1230,TORO,岡山県,2382,KUTLAS,岡山県,3594,CORIVE,岡山県,0,,-
CastHour,ABSOLUTE EVIL,254,TORO,岡山県,1202,GENO,岡山県,2250,GENO,岡山県,3468,CORIVE,岡山県,0,,-
CastHour,808monkey,0,,-,767,TORO,岡山県,1192,TORO,岡山県,1811,CORIVE,岡山県,0,,-
CastHour,2 Beasts Unchained,0,,-,1460,TORO,岡山県,2220,GENO,岡山県,3467,CORIVE,岡山県,0,,-
CastHour,10000 MILES AWAY,0,,-,1047,AIKA,岡山県,1636,TRYK,岡山県,2953,CORIVE,岡山県,0,,-
BISTROVER,smooooch・∀・ (Snail's House Remix) ,0,,-,870,INYS,岡山県,1535,COIL.,岡山県,2329,JIMAYO,岡山県,0,,-
BISTROVER,POLKAMANIA,432,INYS,岡山県,974,M.,岡山県,1781,KETY,岡山県,2951,CORIVE,岡山県,0,,-
7th style,MAX 300,0,,-,1081,BEAT,岡山県,1909,RYU,岡山県,2776,MITTUN,岡山県,0,,-
9th style,fun,0,,-,564,TORO,岡山県,1057,KOTETU,岡山県,1860,CORIVE,岡山県,0,,-
DistorteD,DEEP ROAR,0,,-,1000,TORO,岡山県,1449,GENO,岡山県,2759,O.N.O.,岡山県,0,,-
EMPRESS,THE SHINING POLARIS(kors k mix),0,,-,1280,TORO,岡山県,2027,TOMJ,岡山県,3206,JIMAO,岡山県,0,,-
EMPRESS,Cyber Force -DJ Yoshitaka Remix-,0,,-,1095,AIKA,岡山県,1767,TOMJ,岡山県,2519,O.N.O.,岡山県,0,,-
tricoro,Reflection Into the EDEN,0,,-,793,TORO,岡山県,1395,TOMJ,岡山県,2127,RYU,岡山県,0,,-
SPADA,Idola,0,,-,1211,AIKA,岡山県,2223,GREPUM,岡山県,3530,O.N.O.,岡山県,0,,-
PENDUAL,Rave*it!! Rave*it!!,0,,-,1014,TORO,岡山県,1637,E,岡山県,3287,CORIVE,岡山県,0,,-
PENDUAL,Erosion Mark,0,,-,812,AIKA,岡山県,1506,TORO,岡山県,2153,GENO,岡山県,0,,-
PENDUAL,COLOSSEUM,0,,-,578,TORO,岡山県,1177,I.TSRN,岡山県,2298,CORIVE,岡山県,0,,-
RESIDENT,響花水月,0,,-,1213,GENO,岡山県,1934,GENO,岡山県,2918,CORIVE,岡山県,0,,-
RESIDENT,雨のちパノラマセカイ,0,,-,826,GENO,岡山県,1439,GENO,岡山県,2211,GENO,岡山県,0,,-
RESIDENT,輪廻の鴉,0,,-,1027,TORO,岡山県,1772,P,岡山県,2756,CORIVE,岡山県,0,,-
RESIDENT,罪過の聖堂,0,,-,815,YOH917,岡山県,1283,RYU,岡山県,2109,CORIVE,岡山県,0,,-
RESIDENT,神のシナリオ,0,,-,1171,TORO,岡山県,1739,BJORN,岡山県,3248,CORIVE,岡山県,0,,-
RESIDENT,神っぽいな,365,TORO,岡山県,784,GENO,岡山県,1463,GENO,岡山県,2144,CORIVE,岡山県,2950,RYU,岡山県
RESIDENT,真夜中のバベル,0,,-,720,GENO,岡山県,1211,GENO,岡山県,1706,GENO,岡山県,0,,-
RESIDENT,異心前進♪ぴょんぴょんぴょん ,0,,-,1115,MANAMI,岡山県,1648,MANAMI,岡山県,2500,O.N.O.,岡山県,0,,-
RESIDENT,生きるよすが,440,TORO,岡山県,958,GENO,岡山県,1530,GENO,岡山県,2505,CORIVE,岡山県,0,,-
RESIDENT,湘南ロンリーMIDNIGHT RAIN,0,,-,986,GENO,岡山県,1824,GENO,岡山県,2864,CORIVE,岡山県,0,,-
RESIDENT,楽園追放,0,,-,934,AIKA,岡山県,1516,M.,岡山県,2425,CORIVE,岡山県,0,,-
RESIDENT,栄冠のカンパネラ,0,,-,1343,AIKA,岡山県,2140,AISC,岡山県,3905,CORI-,岡山県,0,,-
RESIDENT,月と夢の跡 ft. マナ,0,,-,968,GENO,岡山県,1559,GENO,岡山県,2530,CORIVE,岡山県,0,,-
RESIDENT,昏き甲鉄のヴェルガ,0,,-,912,TORO,岡山県,1618,NICOL,岡山県,2351,CORIVE,岡山県,0,,-
RESIDENT,新時代,334,KOTETU,岡山県,758,GENO,岡山県,1266,GENO,岡山県,2338,O.N.O.,岡山県,0,,-
RESIDENT,惑星☆ロリポップ,0,,-,792,AIKA,岡山県,1567,AIKA,岡山県,2823,CORIVE,岡山県,0,,-
RESIDENT,恋愛＝精度×認識力,0,,-,1515,KOTETU,岡山県,2302,RYU,岡山県,3434,CORIVE,岡山県,0,,-
RESIDENT,少年リップルズ,0,,-,900,AIKA,岡山県,1741,M.,岡山県,2447,RYU,岡山県,0,,-
RESIDENT,儚キ戀ノ幻想譚,595,TORO,岡山県,1579,GENO,岡山県,2293,GENO,岡山県,3543,CORIVE,岡山県,0,,-
RESIDENT,マツケンサンバII,398,TORO,岡山県,1139,GENO,岡山県,1841,GENO,岡山県,2913,CORIVE,岡山県,0,,-
RESIDENT,パーフェクトイーター,0,,-,1178,TORO,岡山県,2032,.COM,岡山県,3042,CORIVE,岡山県,0,,-
RESIDENT,チェイスチェイスジョーカーズのうた (オニスタイルリミックス),0,,-,993,AIKA,岡山県,1729,KUTLAS,岡山県,2841,CORIVE,岡山県,0,,-
RESIDENT,サヨナラ・ヘヴン-Celtic Chip Dance Mix-,0,,-,916,TORO,岡山県,1503,COIL.,岡山県,2603,RYU,岡山県,0,,-
RESIDENT,ちょえちょえまぎか,0,,-,1231,AIKA,岡山県,2273,RYU,岡山県,3039,CORIVE,岡山県,0,,-
RESIDENT,ぞうしょく！？マイデンティティ,0,,-,1272,AIKA,岡山県,2282,RYU,岡山県,3613,*0712*,岡山県,0,,-
RESIDENT,きゅんです。,0,,-,734,GENO,岡山県,1447,GENO,岡山県,2350,CORIVE,岡山県,0,,-
RESIDENT,おとせサンダー,213,KYOKA,岡山県,668,GENO,岡山県,1204,GENO,岡山県,2169,CORIVE,岡山県,0,,-
RESIDENT,いつかオトナになれるといいね。,552,TORO,岡山県,1136,GENO,岡山県,1966,GENO,岡山県,3029,O.N.O.,岡山県,0,,-
RESIDENT,あるビー！ feat.ころねぽち,0,,-,993,AIKA,岡山県,1724,101I,岡山県,2882,CORIVE,岡山県,0,,-
RESIDENT,《ORDERBREAKER》,0,,-,1009,TORO,岡山県,1542,COIL.,岡山県,2434,RYU,岡山県,0,,-
RESIDENT,■□模様,0,,-,986,AIKA,岡山県,1507,TORO,岡山県,2616,JIMAO,岡山県,0,,-
RESIDENT,≡+≡,597,TORO,岡山県,1396,GENO,岡山県,2127,GENO,岡山県,3030,CORIVE,岡山県,0,,-
RESIDENT,[ ]DENTITY,0,,-,1171,AIKA,岡山県,2093,NICOL,岡山県,3767,CORI-,岡山県,0,,-
RESIDENT,ZENITH,0,,-,1137,TORO,岡山県,1912,COIL.,岡山県,2996,CORIVE,岡山県,0,,-
RESIDENT,Xerulean,0,,-,1330,AIKA,岡山県,2049,GENO,岡山県,3416,CORI-,岡山県,0,,-
RESIDENT,With You,0,,-,840,GENO,岡山県,1599,GENO,岡山県,2565,CORIVE,岡山県,0,,-
RESIDENT,"wanna be a ""BAD GIRL"" feat. Nana Takahashi",0,,-,802,GENO,岡山県,1329,GENO,岡山県,2054,CORIVE,岡山県,0,,-
RESIDENT,VØID,0,,-,1337,GENO,岡山県,1917,RYU,岡山県,3121,RYU,岡山県,0,,-
RESIDENT,VOLCANIC BIGBEAT,0,,-,1104,GENO,岡山県,1844,GENO,岡山県,2860,CORIVE,岡山県,0,,-
RESIDENT,VOLAQUAS,0,,-,1332,AIKA,岡山県,2191,RYU,岡山県,3825,CORIVE,岡山県,0,,-
RESIDENT,THE TIME MACHINE,0,,-,1101,GENO,岡山県,1786,GENO,岡山県,2653,RYU,岡山県,0,,-
RESIDENT,The Clown of 24stairs,0,,-,1111,TORO,岡山県,2187,RYU,岡山県,3377,CORIVE,岡山県,0,,-
RESIDENT,TECHNOPHOBIA,0,,-,808,GENO,岡山県,1695,GENO,岡山県,2973,CORIVE,岡山県,0,,-
RESIDENT,Swing My Wonderland,0,,-,1313,TORO,岡山県,2223,KOTETU,岡山県,3097,RYU,岡山県,0,,-
RESIDENT,suspicions,0,,-,1207,MANAMI,岡山県,2283,RYU,岡山県,3663,RYU,岡山県,0,,-
RESIDENT,Super Freak,0,,-,1122,AIKA,岡山県,1875,KUTLAS,岡山県,3408,CORIVE,岡山県,0,,-
RESIDENT,Sunny Day Vibes,0,,-,963,GENO,岡山県,1651,GENO,岡山県,2295,CORIVE,岡山県,0,,-
RESIDENT,Summerblue,370,KOTETU,岡山県,1100,GENO,岡山県,1762,GENO,岡山県,2445,CORIVE,岡山県,0,,-
RESIDENT,Stylus,0,,-,1232,TORO,岡山県,1927,TRYK,岡山県,2837,RYU,岡山県,0,,-
RESIDENT,STRAIGHT TO THE STARS,0,,-,1051,AIKA,岡山県,1708,KOTETU,岡山県,2967,O.N.O.,岡山県,0,,-
RESIDENT,STAR BEAT,0,,-,848,TORO,岡山県,1680,COIL.,岡山県,2401,O.N.O.,岡山県,0,,-
RESIDENT,Somnidiscotheque,0,,-,1313,TORO,岡山県,2011,RYU,岡山県,3264,CORI-,岡山県,0,,-
RESIDENT,Shamshir,0,,-,1093,TORO,岡山県,1415,O.N.O.,岡山県,2175,RYU,岡山県,0,,-
RESIDENT,Shadow World,0,,-,996,GENO,岡山県,1671,GENO,岡山県,2717,CORIVE,岡山県,0,,-
RESIDENT,Seraph,0,,-,1000,GENO,岡山県,1841,GENO,岡山県,2436,CORIVE,岡山県,0,,-
RESIDENT,Ruler or Loser,0,,-,988,GENO,岡山県,1688,GENO,岡山県,2654,CORIVE,岡山県,0,,-
RESIDENT,RINNE,0,,-,1192,TORO,岡山県,2317,RYU,岡山県,3439,RYU,岡山県,0,,-
RESIDENT,Rewind Time,0,,-,722,GENO,岡山県,1316,GENO,岡山県,2211,CORIVE,岡山県,0,,-
RESIDENT,Red Soul,0,,-,1070,TORO,岡山県,1773,P,岡山県,2903,RYU,岡山県,0,,-
RESIDENT,Programmed Genom,0,,-,1140,GENO,岡山県,1649,GENO,岡山県,2404,CORIVE,岡山県,0,,-
RESIDENT,Perfect Plan,0,,-,1182,GENO,岡山県,1791,GENO,岡山県,2616,CORIVE,岡山県,0,,-
RESIDENT,Peng-Ging Sky High!!,0,,-,1100,GENO,岡山県,1489,GENO,岡山県,2666,CORIVE,岡山県,0,,-
RESIDENT,Peaktime Booster,0,,-,1151,TORO,岡山県,1841,RYU,岡山県,3265,CORIVE,岡山県,0,,-
RESIDENT,OVER VOLTAGE,0,,-,1102,TORO,岡山県,1753,101I,岡山県,2581,RYU,岡山県,0,,-
RESIDENT,Ou Legends,0,,-,1143,TORO,岡山県,2051,RYU,岡山県,3236,CORIVE,岡山県,0,,-
RESIDENT,ONE AND ONLY,0,,-,1183,TORO,岡山県,1778,P,岡山県,3115,O.N.O.,岡山県,0,,-
RESIDENT,No Border,0,,-,1178,GENO,岡山県,2021,GENO,岡山県,3742,CORIVE,岡山県,0,,-
RESIDENT,Next Level,0,,-,933,KOTETU,岡山県,1573,TORO,岡山県,2179,CORIVE,岡山県,0,,-
RESIDENT,Move UR Body,0,,-,1190,GENO,岡山県,1812,GENO,岡山県,2617,CORIVE,岡山県,0,,-
RESIDENT,Meissa,0,,-,930,GENO,岡山県,1643,GENO,岡山県,2840,CORIVE,岡山県,0,,-
RESIDENT,MAX 360,0,,-,1214,TORO,岡山県,2324,RYU,岡山県,3067,RYU,岡山県,0,,-
RESIDENT,mathematical good-bye,0,,-,1176,TORO,岡山県,1767,TP6,岡山県,2824,JIMAO,岡山県,0,,-
RESIDENT,Luna Plena,0,,-,876,GENO,岡山県,1621,GENO,岡山県,2606,CORIVE,岡山県,0,,-
RESIDENT,LOUDER ROLLING THUNDER,0,,-,1080,TORO,岡山県,2000,RYU,岡山県,3387,CORIVE,岡山県,0,,-
RESIDENT,Level 4,0,,-,1224,TORO,岡山県,2074,RYU,岡山県,3608,CORIVE,岡山県,0,,-
RESIDENT,LADS,0,,-,948,GENO,岡山県,1668,GENO,岡山県,2303,CORIVE,岡山県,0,,-
RESIDENT,kors k's How to make OTOGE CORE 「LONG」,0,,-,1213,GENO,岡山県,2422,GENO,岡山県,3542,CORIVE,岡山県,0,,-
RESIDENT,KING,449,KOTETU,岡山県,950,GENO,岡山県,1988,GENO,岡山県,3088,O.N.O.,岡山県,3909,O.N.O.,岡山県
RESIDENT,I,0,,-,1233,TORO,岡山県,2293,P,岡山県,3699,CORIVE,岡山県,0,,-
RESIDENT,Hat Surprise (Season 2),0,,-,1020,M.,岡山県,1797,BJORN,岡山県,3361,JIMAO,岡山県,0,,-
RESIDENT,glacia,0,,-,1200,AIKA,岡山県,2126,RYU,岡山県,2935,*0712*,岡山県,0,,-
RESIDENT,GET UP AGAIN,0,,-,1128,GENO,岡山県,1708,GENO,岡山県,2446,CORIVE,岡山県,0,,-
RESIDENT,Get On Your Feet,0,,-,1126,TORO,岡山県,1799,RYU,岡山県,2743,CORIVE,岡山県,0,,-
RESIDENT,FLARE -炎舞- ft.Nana Takahashi,0,,-,1134,AIKA,岡山県,1860,P,岡山県,2879,O.N.O.,岡山県,0,,-
RESIDENT,Fading Stars,0,,-,1094,TORO,岡山県,1623,NICOL,岡山県,2715,CORIVE,岡山県,0,,-
RESIDENT,EZ DO DANCE,391,TORO,岡山県,776,GENO,岡山県,1426,GENO,岡山県,1976,CORIVE,岡山県,0,,-
RESIDENT,EXODUS SIGN,0,,-,1222,TORO,岡山県,1778,BJORN,岡山県,2690,CORIVE,岡山県,0,,-
RESIDENT,Driver,0,,-,900,GENO,岡山県,1302,GENO,岡山県,1801,MITTUN,岡山県,0,,-
RESIDENT,Dreaming Dream,0,,-,842,AIKA,岡山県,1392,AISC,岡山県,2263,O.N.O.,岡山県,0,,-
RESIDENT,dica dica,0,,-,1171,TORO,岡山県,2387,RYU,岡山県,3241,CORIVE,岡山県,0,,-
RESIDENT,DIAMOND JACKAL,0,,-,1052,TORO,岡山県,1570,M.,岡山県,2582,CORIVE,岡山県,0,,-
RESIDENT,CUE CUE RESCUE,533,TORO,岡山県,1160,GENO,岡山県,1699,GENO,岡山県,2551,CORIVE,岡山県,3071,O.N.O.,岡山県
RESIDENT,CODE -CRiMSON-,0,,-,1323,TORO,岡山県,1823,M.,岡山県,2950,JIMAO,岡山県,0,,-
RESIDENT,Chaotoxin,0,,-,1178,KOTETU,岡山県,1742,KUTLAS,岡山県,3286,RYU,岡山県,0,,-
RESIDENT,Caldwell 99,0,,-,1050,TORO,岡山県,1883,TRYK,岡山県,2511,O.N.O.,岡山県,3246,RYU,岡山県
RESIDENT,C-C-C-N-N-N,0,,-,1008,GENO,岡山県,1782,GENO,岡山県,2829,CORIVE,岡山県,0,,-
RESIDENT,BIGWAVERS,0,,-,1167,AIKA,岡山県,1902,RYU,岡山県,3470,RYU,岡山県,0,,-
RESIDENT,Beyond Evolution,0,,-,1501,GENO,岡山県,2568,GENO,岡山県,3933,CORI-,岡山県,0,,-
RESIDENT,Bad Encryption,0,,-,1339,GENO,岡山県,1965,GENO,岡山県,3118,CORIVE,岡山県,0,,-
RESIDENT,B.O.D.Y.,0,,-,1116,GENO,岡山県,2178,GENO,岡山県,3412,CORI-,岡山県,0,,-
RESIDENT,AWA AWA,0,,-,789,AIKA,岡山県,1307,M.,岡山県,2331,CORIVE,岡山県,0,,-
RESIDENT,anthracene,0,,-,976,GENO,岡山県,1958,GENO,岡山県,3373,CORIVE,岡山県,0,,-
RESIDENT,Ambush Ace,0,,-,1069,TORO,岡山県,2098,NICOL,岡山県,2928,RYU,岡山県,0,,-
RESIDENT,Always We Trust In You,0,,-,1201,AIKA,岡山県,1799,KY,岡山県,3090,MITTUN,岡山県,0,,-
RESIDENT,7 Colors,0,,-,636,TORO,岡山県,1189,P,岡山県,1937,O.N.O.,岡山県,0,,-
RESIDENT,3V0,0,,-,1060,GENO,岡山県,1849,GENO,岡山県,2953,RYU,岡山県,0,,-
RESIDENT,24h Endurance Race,0,,-,1002,AIKA,岡山県,2124,RYU,岡山県,3255,RYU,岡山県,0,,-
RESIDENT,#CMFLG,0,,-,1181,AIKA,岡山県,2322,RYU,岡山県,3373,RYU,岡山県,0,,-
6th style,L'amour et la liberte,0,,-,975,TORO,岡山県,1497,0HANA5,岡山県,1946,0HANA5,岡山県,0,,-
9th style,PARANOIA survivor MAX,0,,-,931,FURIE,岡山県,1223,KOTETU,岡山県,2095,RYU,岡山県,0,,-
9th style,Logic Board,0,,-,1033,INYS,岡山県,1694,OK!,岡山県,2327,O.N.O.,岡山県,0,,-
PENDUAL,GUILTY,0,,-,982,TORO,岡山県,1492,OK!,岡山県,1886,O.N.O.,岡山県,2958,O.N.O.,岡山県
CANNON BALLERS,共犯ヘヴンズコード,0,,-,501,TORO,岡山県,1326,INYS,岡山県,2264,CORI-,岡山県,0,,-
RESIDENT,異心前進♪ぴょんぴょんぴょん,0,,-,1112,MANAMI,岡山県,1632,COIL.,岡山県,2510,RYU,岡山県,0,,-
EPOLIS,電腦都市,0,,-,1409,MITTUN,岡山県,2269,RYU,岡山県,3287,RYU,岡山県,0,,-
EPOLIS,電子になりたい,0,,-,848,AIKA,岡山県,1428,TORO,岡山県,1988,JIMAO,岡山県,0,,-
EPOLIS,電光,0,,-,1041,TORO,岡山県,1887,RYU,岡山県,2998,RYU,岡山県,0,,-
EPOLIS,雫,0,,-,1022,TORO,岡山県,1996,AHEAD,岡山県,2649,RYU,岡山県,0,,-
EPOLIS,閉塞的フレーション,0,,-,1028,COIL.,岡山県,1614,TORO,岡山県,2422,GENO,岡山県,0,,-
EPOLIS,酔いどれ知らず,274,INYS,岡山県,828,TORO,岡山県,1284,TORO,岡山県,2209,O.N.O.,岡山県,0,,-
EPOLIS,終焔のClaudia,0,,-,1329,SARPON,岡山県,1942,RYU,岡山県,2672,MITTUN,岡山県,0,,-
EPOLIS,神様、つれない。,0,,-,703,AIKA,岡山県,1410,COIL.,岡山県,2152,O.N.O.,岡山県,0,,-
EPOLIS,"灼熱Beach Side Bunny (かめりあ's ""Summertime D'n'B"" Remix)",0,,-,1078,TORO,岡山県,1936,RYU,岡山県,3144,RYU,岡山県,0,,-
EPOLIS,流桜ノ門,0,,-,1020,GENO,岡山県,1607,GENO,岡山県,2131,CORI-,岡山県,0,,-
EPOLIS,残像ニ繋ガレタ追憶ノHIDEAWAY,0,,-,1198,AIKA,岡山県,2293,RYU,岡山県,3549,O.N.O.,岡山県,0,,-
EPOLIS,果たせぬ約束 ft. 小林マナ,0,,-,1184,GENO,岡山県,1972,GENO,岡山県,3000,O.N.O.,岡山県,0,,-
EPOLIS,未完成ノ蒸氣驅動乙女,0,,-,1086,TORO,岡山県,2093,RYU,岡山県,2891,RYU,岡山県,0,,-
EPOLIS,摩天楼,0,,-,696,GENO,岡山県,1513,GENO,岡山県,2507,RYU,岡山県,0,,-
EPOLIS,愛包ダンスホール,350,TORO,岡山県,940,AIKA,岡山県,1379,TORO,岡山県,2585,O.N.O.,岡山県,0,,-
EPOLIS,惑星鉄道,0,,-,1104,AIKA,岡山県,2088,RYU,岡山県,2780,RYU,岡山県,0,,-
EPOLIS,寝起きヤシの木,475,TORO,岡山県,1098,GENO,岡山県,1834,GENO,岡山県,2791,CORI-,岡山県,0,,-
EPOLIS,夢縁,0,,-,1208,GENO,岡山県,2134,GENO,岡山県,2979,O.N.O.,岡山県,0,,-
EPOLIS,夏風邪デスコ,316,INYS,岡山県,824,GENO,岡山県,1781,GENO,岡山県,2671,O.N.O.,岡山県,0,,-
EPOLIS,唱,190,BEAT,岡山県,464,GENO,岡山県,1028,GENO,岡山県,1767,O.N.O.,岡山県,0,,-
EPOLIS,可愛くてごめん,286,TORO,岡山県,628,GENO,岡山県,1406,GENO,岡山県,2263,O.N.O.,岡山県,2805,O.N.O.,岡山県
EPOLIS,勇者,374,INYS,岡山県,814,GENO,岡山県,1447,GENO,岡山県,2457,ARIAN7,岡山県,0,,-
EPOLIS,傷つけど、愛してる。,349,TORO,岡山県,884,GENO,岡山県,1403,GENO,岡山県,2072,RYU,岡山県,0,,-
EPOLIS,今宵、ロマンス横丁。,0,,-,1143,AIKA,岡山県,2304,RYU,岡山県,3184,RYU,岡山県,0,,-
EPOLIS,リメンバーリメンバー,0,,-,515,AIKA,岡山県,980,AIKA,岡山県,1666,O.N.O.,岡山県,0,,-
EPOLIS,ラビットホール,683,TORO,岡山県,1398,KAZU,岡山県,2059,.COM,岡山県,2927,O.N.O.,岡山県,0,,-
EPOLIS,マーシャル・マキシマイザー,425,FURIE,岡山県,820,TORO,岡山県,1419,YOH917,岡山県,2153,*0712*,岡山県,0,,-
EPOLIS,ポラリスノウタ,300,INYS,岡山県,867,AIKA,岡山県,1616,M.,岡山県,2250,JIMAO,岡山県,0,,-
EPOLIS,フォニイ,630,TORO,岡山県,1228,GENO,岡山県,2017,GENO,岡山県,2891,ARIAN7,岡山県,3893,O.N.O.,岡山県
EPOLIS,デビルじゃないもん,345,YOH917,岡山県,839,GENO,岡山県,1351,TORO,岡山県,2086,O.N.O.,岡山県,0,,-
EPOLIS,センチメンタル・サマー,0,,-,674,GENO,岡山県,1301,GENO,岡山県,1994,CORI-,岡山県,0,,-
EPOLIS,シンデレラ,536,INYS,岡山県,876,GENO,岡山県,1558,GENO,岡山県,2206,GENO,岡山県,0,,-
EPOLIS,アタシ完全絶対正義ちゃん！,0,,-,996,GENO,岡山県,1622,GENO,岡山県,2157,GENO,岡山県,0,,-
EPOLIS,アイドル,281,TORO,岡山県,890,GENO,岡山県,1522,GENO,岡山県,2605,O.N.O.,岡山県,3162,O.N.O.,岡山県
EPOLIS,れとりば！,0,,-,862,GENO,岡山県,1342,GENO,岡山県,2059,GENO,岡山県,0,,-
EPOLIS,めうめうぺったんたん！！ (ZAQUVA Remix),0,,-,1056,AIKA,岡山県,1912,9,岡山県,2754,JIMAO,岡山県,0,,-
EPOLIS,ないないルーティン,0,,-,596,GENO,岡山県,1379,GENO,岡山県,2077,O.N.O.,岡山県,0,,-
EPOLIS,ちゅ、多様性。,219,TORO,岡山県,528,GENO,岡山県,1152,GENO,岡山県,1917,O.N.O.,岡山県,2263,GENO,岡山県
EPOLIS,《PL|RAYER》,0,,-,933,TORO,岡山県,1737,AISC,岡山県,2781,RYU,岡山県,0,,-
EPOLIS,ZEROIN ON THE LIGHT,0,,-,1132,AIKA,岡山県,1740,TORO,岡山県,2648,O.N.O.,岡山県,0,,-
EPOLIS,Xb10r,0,,-,1218,TORO,岡山県,2314,AISC,岡山県,3450,ARIAN7,岡山県,0,,-
EPOLIS,winkle 2 winkle,0,,-,1067,TORO,岡山県,1865,P,岡山県,2779,O.N.O.,岡山県,0,,-
EPOLIS,WaterCube Pf.(RX-Ver.S.P.L.),0,,-,586,TORO,岡山県,1324,AIKA,岡山県,2162,RYU,岡山県,0,,-
EPOLIS,Vulnerability,0,,-,1318,AIKA,岡山県,1943,RYU,岡山県,3477,RYU,岡山県,0,,-
EPOLIS,Vermilion Carol,0,,-,1375,AIKA,岡山県,2228,RYU,岡山県,3522,RYU,岡山県,0,,-
EPOLIS,Tripping Jumping,0,,-,848,GENO,岡山県,1606,GENO,岡山県,2264,RYU,岡山県,0,,-
EPOLIS,TRIP THE DEEP,0,,-,1020,AIKA,岡山県,1622,O.N.O.,岡山県,2521,RYU,岡山県,0,,-
EPOLIS,Too Late Snow,0,,-,806,TORO,岡山県,1401,TORO,岡山県,2021,O.N.O.,岡山県,0,,-
EPOLIS,TITANIUM RIDERS,0,,-,900,GENO,岡山県,1523,GENO,岡山県,2123,CORI-,岡山県,0,,-
EPOLIS,Time Distortion pt.2(IIDX Edit),0,,-,1333,GENO,岡山県,1985,GENO,岡山県,2951,O.N.O.,岡山県,0,,-
EPOLIS,This Is Club Musik feat. 大久保紅葉,0,,-,1107,GENO,岡山県,1778,GENO,岡山県,2612,CORI-,岡山県,0,,-
EPOLIS,The Onlyonez,0,,-,1033,TORO,岡山県,1678,AHEAD,岡山県,3082,RYU,岡山県,0,,-
EPOLIS,The Last Apocalypse,0,,-,1428,AIKA,岡山県,2455,RYU,岡山県,3606,RYU,岡山県,0,,-
EPOLIS,T.R.O.L.L.,0,,-,1027,TORO,岡山県,1646,RIKKI.,岡山県,2533,RYU,岡山県,0,,-
EPOLIS,Sword of Vengeance,0,,-,1428,TORO,岡山県,2155,RYU,岡山県,3197,RYU,岡山県,0,,-
EPOLIS,Submerge Serenade,0,,-,1096,GENO,岡山県,1840,GENO,岡山県,2929,O.N.O.,岡山県,0,,-
EPOLIS,Stereo Beasts,0,,-,1347,TORO,岡山県,2561,RYU,岡山県,3660,O.N.O.,岡山県,0,,-
EPOLIS,squall,0,,-,1198,TORO,岡山県,1711,KURO,岡山県,2618,RYU,岡山県,0,,-
EPOLIS,Speculation,0,,-,1024,GENO,岡山県,1821,GENO,岡山県,3002,CORI-,岡山県,0,,-
EPOLIS,SOLAR ECLIPSE,0,,-,1516,GENO,岡山県,2461,GENO,岡山県,3540,CORI-,岡山県,0,,-
EPOLIS,So What,0,,-,628,TORO,岡山県,1143,COIL.,岡山県,1831,RYU,岡山県,0,,-
EPOLIS,Sirius,0,,-,1025,TORO,岡山県,1682,RYU,岡山県,3167,O.N.O.,岡山県,0,,-
EPOLIS,Shapeshifter,0,,-,1122,GENO,岡山県,1733,GENO,岡山県,2499,CORI-,岡山県,0,,-
EPOLIS,Seven Times Four,0,,-,1187,TORO,岡山県,1981,P,岡山県,3354,O.N.O.,岡山県,0,,-
EPOLIS,See You Again,0,,-,1192,TORO,岡山県,1859,0HANA5,岡山県,3114,JIMAO,岡山県,0,,-
EPOLIS,Riff//rain,212,TORO,岡山県,733,TORO,岡山県,1265,M.,岡山県,1813,GENO,岡山県,0,,-
EPOLIS,Resonant,0,,-,1080,AIKA,岡山県,2346,RYU,岡山県,3538,RYU,岡山県,0,,-
EPOLIS,Red Determination,0,,-,1055,TORO,岡山県,1563,TRYK,岡山県,2632,RYU,岡山県,0,,-
EPOLIS,Psychedelic Intelligence,0,,-,1257,TORO,岡山県,1812,OK!,岡山県,2868,O.N.O.,岡山県,0,,-
EPOLIS,PILGRIM,0,,-,987,TORO,岡山県,1669,TORO,岡山県,2702,RYU,岡山県,0,,-
EPOLIS,out of disk space,0,,-,1109,AIKA,岡山県,1904,SARPON,岡山県,2551,RYU,岡山県,0,,-
EPOLIS,Out of Control,0,,-,1172,AIKA,岡山県,2238,AISC,岡山県,2978,MITTUN,岡山県,0,,-
EPOLIS,NEEDLESS MY LOVE FOR YOU,0,,-,1017,TORO,岡山県,1647,TORO,岡山県,2442,JIMAO,岡山県,0,,-
EPOLIS,My Sweet Bird?,0,,-,854,GENO,岡山県,1538,GENO,岡山県,2202,GENO,岡山県,0,,-
EPOLIS,Mukade,0,,-,1144,GENO,岡山県,1922,GENO,岡山県,3221,RYU,岡山県,0,,-
EPOLIS,Monkey Business,0,,-,727,AIKA,岡山県,1481,TORO,岡山県,2528,RYU,岡山県,0,,-
EPOLIS,Million Dollar,0,,-,1178,AIKA,岡山県,2009,RYU,岡山県,3322,MITTUN,岡山県,0,,-
EPOLIS,MAXIMUM CHEAT GIRL,0,,-,1249,AIKA,岡山県,2204,RYU,岡山県,3459,RYU,岡山県,0,,-
EPOLIS,Level 5,0,,-,1328,TORO,岡山県,2444,RYU,岡山県,3540,RYU,岡山県,0,,-
EPOLIS,JUSTICE/GUILTY feat. Nana Takahashi & 709sec.,0,,-,1763,GENO,岡山県,2512,GENO,岡山県,3826,O.N.O.,岡山県,0,,-
EPOLIS,Just Gimme,0,,-,964,TORO,岡山県,1686,AISC,岡山県,2740,RYU,岡山県,0,,-
EPOLIS,Jumper,0,,-,916,GENO,岡山県,1520,GENO,岡山県,2405,CORI-,岡山県,0,,-
EPOLIS,Iris,409,KOTETU,岡山県,842,GENO,岡山県,1550,GENO,岡山県,2211,GENO,岡山県,0,,-
EPOLIS,INHERITANCE,0,,-,1092,AIKA,岡山県,1752,M.,岡山県,2774,RYU,岡山県,0,,-
EPOLIS,i-ii,0,,-,1095,TORO,岡山県,1715,KOTETU,岡山県,2891,RYU,岡山県,0,,-
EPOLIS,Hat Surprise (Season 3),0,,-,1248,TORO,岡山県,2163,RYU,岡山県,2699,JIMAO,岡山県,0,,-
EPOLIS,Hard Breaker,0,,-,780,TORO,岡山県,1553,COIL.,岡山県,2521,O.N.O.,岡山県,0,,-
EPOLIS,GLORIOUS HAMMER,0,,-,1111,TORO,岡山県,1942,IHM.RV,岡山県,3074,O.N.O.,岡山県,0,,-
EPOLIS,GloriosA,0,,-,1242,GENO,岡山県,2017,GENO,岡山県,2854,CORI-,岡山県,0,,-
EPOLIS,Glitch N Ride,0,,-,876,AIKA,岡山県,1583,RYU,岡山県,2555,RYU,岡山県,0,,-
EPOLIS,Ghost Pulse,0,,-,1072,GENO,岡山県,1694,GENO,岡山県,2766,RYU,岡山県,0,,-
EPOLIS,Get Wicked,0,,-,900,TORO,岡山県,1451,COIL.,岡山県,2480,RYU,岡山県,0,,-
EPOLIS,Get Higher,0,,-,991,GENO,岡山県,1770,GENO,岡山県,2298,CORI-,岡山県,0,,-
EPOLIS,GAME ON,0,,-,1390,GENO,岡山県,2245,GENO,岡山県,2750,CORI-,岡山県,0,,-
EPOLIS,frequent,0,,-,1330,GENO,岡山県,2331,GENO,岡山県,3681,O.N.O.,岡山県,0,,-
EPOLIS,Echoes of Sunfall,0,,-,1043,GENO,岡山県,1666,GENO,岡山県,2961,CORI-,岡山県,0,,-
EPOLIS,Demon March,0,,-,1470,AIKA,岡山県,2344,RYU,岡山県,3537,O.N.O.,岡山県,0,,-
EPOLIS,Deep Sea Mystery,0,,-,1133,GENO,岡山県,1493,GENO,岡山県,1990,CORI-,岡山県,0,,-
EPOLIS,DAZZLE ATTACK,550,INYS,岡山県,988,GENO,岡山県,1690,GENO,岡山県,2834,O.N.O.,岡山県,0,,-
EPOLIS,Dahlia,0,,-,1325,GENO,岡山県,2147,RYU,岡山県,3106,RYU,岡山県,0,,-
EPOLIS,Cult Invitation,0,,-,1226,AIKA,岡山県,1910,RYU,岡山県,3371,GYAN3,岡山県,0,,-
EPOLIS,COUNTING SHEEP ft. Kanae Asaba,0,,-,677,AIKA,岡山県,1292,AIKA,岡山県,2225,O.N.O.,岡山県,0,,-
EPOLIS,CODE:2,0,,-,1083,TORO,岡山県,1755,KUTLAS,岡山県,2938,O.N.O.,岡山県,0,,-
EPOLIS,Chemical Colours,0,,-,1051,GENO,岡山県,2059,GENO,岡山県,2777,GENO,岡山県,0,,-
EPOLIS,CADENZA,0,,-,1524,AIKA,岡山県,2500,RYU,岡山県,4414,RYU,岡山県,0,,-
EPOLIS,BLAZING_LAZER,0,,-,1241,TORO,岡山県,2106,RYU,岡山県,3321,RYU,岡山県,0,,-
EPOLIS,Bitter & Lucky,0,,-,885,GENO,岡山県,1398,GENO,岡山県,2508,CORI-,岡山県,0,,-
EPOLIS,Amethyst,0,,-,1314,AIKA,岡山県,1841,O.N.O.,岡山県,2596,JIMAO,岡山県,0,,-
EPOLIS,Ambivalent Vermilia,0,,-,1528,AIKA,岡山県,2427,RYU,岡山県,3966,RYU,岡山県,0,,-
EPOLIS,Akatsuki,0,,-,1007,TORO,岡山県,1567,M.,岡山県,2264,JIMAO,岡山県,0,,-
EPOLIS,Aeterna,0,,-,996,GENO,岡山県,1594,GENO,岡山県,2555,CORI-,岡山県,0,,-
EPOLIS,ACT0,0,,-,1262,AIKA,岡山県,2196,RYU,岡山県,2927,RYU,岡山県,0,,-
EPOLIS,20XX,0,,-,1222,GENO,岡山県,1828,GENO,岡山県,2679,RYU,岡山県,0,,-
6th style,L’amour et la libert?,0,,-,972,TORO,岡山県,1479,OK!,岡山県,2006,JIMAO,岡山県,0,,-
9th style,ADVANCE,0,,-,461,I.TSRN,岡山県,845,CU,岡山県,1575,JIMAO,岡山県,0,,-
Lincle,A MINSTREL ～ ver. short-scape ～,0,,-,667,INYS,岡山県,1434,CU,岡山県,2363,GENO,岡山県,3858,O.N.O.,岡山県
RESIDENT,VOID,0,,-,1148,SAPE,岡山県,1728,KETY,岡山県,3105,RYU,岡山県,0,,-
Pinky Crush,ＰＡＳＴＥＬＩＳＭ,0,,-,1044,AIKA,岡山県,1508,L.MSK,岡山県,2109,GENO,岡山県,0,,-
Pinky Crush,飴玉,0,,-,599,KYOKA,岡山県,902,TORO,岡山県,1369,JIMAO,岡山県,0,,-
Pinky Crush,進捗ダメダメです,285,FURIE,岡山県,806,TORO,岡山県,1591,TORO,岡山県,2229,RYU,岡山県,0,,-
Pinky Crush,覚悟せよ！エンタンメ～ン ～より身の切り売り自暴自棄版～,0,,-,1064,TORO,岡山県,1847,A9URT,岡山県,2830,RYU,岡山県,0,,-
Pinky Crush,爆ぜりゃんせ,0,,-,1129,AIKA,岡山県,1843,AHEAD,岡山県,2944,RYU,岡山県,0,,-
Pinky Crush,無双,0,,-,1184,TORO,岡山県,1946,P,岡山県,3300,O.N.O.,岡山県,0,,-
Pinky Crush,灼熱 Lost Summer Dayz,0,,-,1048,TORO,岡山県,1897,RYU,岡山県,2762,RYU,岡山県,0,,-
Pinky Crush,消極的セツナイズム,0,,-,977,AIKA,岡山県,1558,KURO,岡山県,2271,JIMAO,岡山県,0,,-
Pinky Crush,朱と碧のランページ,0,,-,1034,TORO,岡山県,1671,TORO,岡山県,2499,JIMAO,岡山県,0,,-
Pinky Crush,最強頂戴girl,0,,-,866,AIKA,岡山県,1463,KUTLAS,岡山県,2195,RYU,岡山県,0,,-
Pinky Crush,断罪の一花,0,,-,895,TORO,岡山県,1551,TORO,岡山県,2550,RYU,岡山県,0,,-
Pinky Crush,我ら完全無敵のアイドル!!,242,I.TSRN,岡山県,1050,TORO,岡山県,1641,TORO,岡山県,2558,O.N.O.,岡山県,0,,-
Pinky Crush,弾幕信仰,0,,-,1080,AIKA,岡山県,1655,AIKA,岡山県,2509,O.N.O.,岡山県,0,,-
Pinky Crush,天使のカンタータ -Cantata of Angels-,0,,-,1264,AIKA,岡山県,2208,RYU,岡山県,3946,RYU,岡山県,0,,-
Pinky Crush,ロマンシングエスケープ,0,,-,440,TORO,岡山県,1112,OK!,岡山県,1818,GENO,岡山県,0,,-
Pinky Crush,メズマライザー,572,KOTETU,岡山県,1170,AIKA,岡山県,1826,RYU,岡山県,2728,JIMAO,岡山県,0,,-
Pinky Crush,ファイナルレター,0,,-,997,TORO,岡山県,1842,KOTETU,岡山県,2617,RYU,岡山県,0,,-
Pinky Crush,ビビデバ,264,FURIE,岡山県,791,TORO,岡山県,1327,TORO,岡山県,2048,RYU,岡山県,0,,-
Pinky Crush,ハルイロメロディー,0,,-,881,AIKA,岡山県,1403,AIKA,岡山県,2217,O.N.O.,岡山県,0,,-
Pinky Crush,ハオ,296,FURIE,岡山県,879,TORO,岡山県,1734,TORO,岡山県,2861,RYU,岡山県,0,,-
Pinky Crush,ドーナツホール 2024,345,FURIE,岡山県,995,TORO,岡山県,1615,KUTLAS,岡山県,2362,O.N.O.,岡山県,0,,-
Pinky Crush,ドリムチウ,0,,-,869,AIKA,岡山県,1576,AIKA,岡山県,2585,JIMAO,岡山県,0,,-
Pinky Crush,スパークリング☆彡ハイパーチューン！！,0,,-,1474,AIKA,岡山県,2190,RYU,岡山県,3626,*0712*,岡山県,0,,-
Pinky Crush,スキッテイエェエエェ!!!!,0,,-,1566,AIKA,岡山県,2596,RYU,岡山県,4065,MITTUN,岡山県,0,,-
Pinky Crush,ゲシュタルト,399,KOTETU,岡山県,955,TORO,岡山県,1580,TORO,岡山県,2473,O.N.O.,岡山県,0,,-
Pinky Crush,ギャ・ギャ・ギャ・ギャラクシー！,0,,-,915,TORO,岡山県,1618,MILK*T,岡山県,2384,RYU,岡山県,0,,-
Pinky Crush,キスキツネ,197,INYS,岡山県,890,AIKA,岡山県,1458,KOTETU,岡山県,2363,RYU,岡山県,0,,-
Pinky Crush,オブソミート,236,INYS,岡山県,874,AIKA,岡山県,1494,KURO,岡山県,2392,RYU,岡山県,0,,-
Pinky Crush,オッド ラヴィ,389,I.TSRN,岡山県,1066,AIKA,岡山県,1765,AIKA,岡山県,2517,JIMAO,岡山県,0,,-
Pinky Crush,エクスプロウル,0,,-,950,TORO,岡山県,1590,KAZU,岡山県,2381,GENO,岡山県,0,,-
Pinky Crush,イガク,316,FURIE,岡山県,887,AIKA,岡山県,1508,AIKA,岡山県,2038,O.N.O.,岡山県,0,,-
Pinky Crush,アラビアン ハイパー ナイト,0,,-,1210,AIKA,岡山県,1900,RYU,岡山県,3219,RYU,岡山県,0,,-
Pinky Crush,きゅうくらりん,449,INYS,岡山県,892,M.,岡山県,1705,TORO,岡山県,2383,JIMAO,岡山県,0,,-
Pinky Crush,きみのせかい,0,,-,1031,AIKA,岡山県,1624,KOTETU,岡山県,2829,RYU,岡山県,0,,-
Pinky Crush,えだまめカレークッキング,435,HYORAI,岡山県,826,AIKA,岡山県,1291,AIKA,岡山県,2167,JIMAO,岡山県,0,,-
Pinky Crush,XHRONOXAPSULΞ,0,,-,1182,TORO,岡山県,2372,RYU,岡山県,3657,RYU,岡山県,0,,-
Pinky Crush,Without Heaven,0,,-,1325,AIKA,岡山県,2193,RYU,岡山県,3626,RYU,岡山県,0,,-
Pinky Crush,Vibing! Shake it!,0,,-,977,TORO,岡山県,1665,TORO,岡山県,2487,JIMAO,岡山県,0,,-
Pinky Crush,uen,0,,-,1383,AIKA,岡山県,2140,RYU,岡山県,2899,RYU,岡山県,0,,-
Pinky Crush,Uaigh Gealai,0,,-,1314,AIKA,岡山県,2236,RYU,岡山県,3697,RYU,岡山県,0,,-
Pinky Crush,u gotta beat,0,,-,1356,TORO,岡山県,2346,RYU,岡山県,3445,O.N.O.,岡山県,0,,-
Pinky Crush,TECHNO RUMBLE,0,,-,1163,AIKA,岡山県,1771,KOTETU,岡山県,2854,RYU,岡山県,0,,-
Pinky Crush,SμG@R RU$#,0,,-,1384,KOTETU,岡山県,2454,RYU,岡山県,3407,RYU,岡山県,0,,-
Pinky Crush,SUPER HEROINE!!,0,,-,941,AIKA,岡山県,1590,SARPON,岡山県,2298,GENO,岡山県,0,,-
Pinky Crush,Stargazing Trip ～星 探す旅～ ft. 小林マナ,0,,-,1088,AIKA,岡山県,1778,CU,岡山県,2673,GENO,岡山県,0,,-
Pinky Crush,Space In Time,0,,-,862,TORO,岡山県,1567,RYU,岡山県,2033,RYU,岡山県,0,,-
Pinky Crush,Slumber☆Party,0,,-,839,TORO,岡山県,1713,OK!,岡山県,2287,JIMAO,岡山県,0,,-
Pinky Crush,Skratch Education Lv-1,0,,-,1051,AIKA,岡山県,1793,RYU,岡山県,2782,RYU,岡山県,0,,-
Pinky Crush,SISYPHUS,0,,-,1022,TORO,岡山県,1738,RYU,岡山県,2607,RYU,岡山県,0,,-
Pinky Crush,Show Me All Your Love,0,,-,1134,TORO,岡山県,1967,MA$A*,岡山県,2903,O.N.O.,岡山県,0,,-
Pinky Crush,Shirdal,0,,-,878,TORO,岡山県,1478,KAZU,岡山県,2460,RYU,岡山県,0,,-
Pinky Crush,Secret Rouge,0,,-,856,GENO,岡山県,1662,GENO,岡山県,2322,O.N.O.,岡山県,0,,-
Pinky Crush,Satellite Burst,0,,-,1244,TORO,岡山県,2204,RYU,岡山県,3768,RYU,岡山県,0,,-
Pinky Crush,Roar of Chronos,0,,-,1241,AIKA,岡山県,2196,RYU,岡山県,3875,O.N.O.,岡山県,0,,-
Pinky Crush,RAVE SYNDROME,0,,-,1025,TORO,岡山県,1737,RYU,岡山県,2761,RYU,岡山県,0,,-
Pinky Crush,Raspberry Potion (feat.あれたん & ぎゃるのしん☆),0,,-,907,AIKA,岡山県,1758,AIKA,岡山県,2494,*0712*,岡山県,0,,-
Pinky Crush,PopなEDEN,0,,-,974,AIKA,岡山県,1622,KUTLAS,岡山県,2443,O.N.O.,岡山県,0,,-
Pinky Crush,Plea Per Phase,0,,-,1035,TORO,岡山県,1711,KETY,岡山県,2761,JIMAO,岡山県,0,,-
Pinky Crush,Plazma,265,KOTETU,岡山県,696,AIKA,岡山県,1237,TORO,岡山県,2021,JIMAO,岡山県,0,,-
Pinky Crush,PIT A PAT,0,,-,1032,TORO,岡山県,1816,KUTLAS,岡山県,2564,O.N.O.,岡山県,0,,-
Pinky Crush,Pinky Happy Crazy,0,,-,1342,AIKA,岡山県,2534,RYU,岡山県,3409,RYU,岡山県,0,,-
Pinky Crush,PERFECT HUMAN,521,INYS,岡山県,891,TORO,岡山県,1433,TORO,岡山県,2228,O.N.O.,岡山県,0,,-
Pinky Crush,NOIXIA,0,,-,1411,TORO,岡山県,2299,RYU,岡山県,3824,MITTUN,岡山県,0,,-
Pinky Crush,MVP,0,,-,929,TORO,岡山県,1529,TORO,岡山県,2590,RYU,岡山県,0,,-
Pinky Crush,Mighty Cutie,0,,-,1158,TORO,岡山県,1951,M.,岡山県,2761,RYU,岡山県,0,,-
Pinky Crush,Mid-Corner (Magic Maker),0,,-,1226,AIKA,岡山県,2077,RYU,岡山県,3080,RYU,岡山県,0,,-
Pinky Crush,MARLIN,0,,-,1208,TORO,岡山県,2309,RYU,岡山県,3412,RYU,岡山県,0,,-
Pinky Crush,Lycoris,0,,-,782,TORO,岡山県,1393,GENO,岡山県,2035,JIMAO,岡山県,0,,-
Pinky Crush,lowercase lifetime,0,,-,1082,TORO,岡山県,2064,KUTLAS,岡山県,2757,RYU,岡山県,0,,-
Pinky Crush,Lightspeed,0,,-,1290,TORO,岡山県,2086,RYU,岡山県,3091,RYU,岡山県,0,,-
Pinky Crush,KOTONOHA ft. Kotoha,0,,-,838,TORO,岡山県,1313,TORO,岡山県,1976,O.N.O.,岡山県,0,,-
Pinky Crush,IN BETWEEN,0,,-,921,TORO,岡山県,1496,AHEAD,岡山県,2353,RYU,岡山県,0,,-
Pinky Crush,hora de verdad,0,,-,1115,TORO,岡山県,2030,RYU,岡山県,2970,RYU,岡山県,0,,-
Pinky Crush,Here We Go Now,0,,-,1142,TORO,岡山県,2227,RYU,岡山県,3249,RYU,岡山県,0,,-
Pinky Crush,Good Looking,0,,-,748,TORO,岡山県,1258,SAPE,岡山県,2061,RYU,岡山県,0,,-
Pinky Crush,God Mind,0,,-,1517,AIKA,岡山県,2608,RYU,岡山県,3901,RYU,岡山県,0,,-
Pinky Crush,get set mind,0,,-,1030,M.,岡山県,1555,AIKA,岡山県,2449,O.N.O.,岡山県,0,,-
Pinky Crush,Galaxy Collapse,0,,-,836,AIKA,岡山県,1228,M.,岡山県,1890,RYU,岡山県,0,,-
Pinky Crush,FlyAway,0,,-,1245,AIKA,岡山県,2068,RYU,岡山県,3140,RYU,岡山県,0,,-
Pinky Crush,Flamingo,0,,-,1088,AIKA,岡山県,2346,RYU,岡山県,3343,RYU,岡山県,0,,-
Pinky Crush,Fiery Stallion,0,,-,894,TORO,岡山県,1664,P,岡山県,2369,MITTUN,岡山県,0,,-
Pinky Crush,FERMI PARADOX,0,,-,1166,AIKA,岡山県,1663,AIKA,岡山県,2524,RYU,岡山県,0,,-
Pinky Crush,EYE OF THE HEAVEN,0,,-,1021,TORO,岡山県,2384,RYU,岡山県,3485,RYU,岡山県,0,,-
Pinky Crush,EX-MASSIVE FIGHTER,0,,-,1230,TORO,岡山県,2144,RYU,岡山県,3320,RYU,岡山県,0,,-
Pinky Crush,everlastingeuphoria:,0,,-,1117,TORO,岡山県,1651,MILK*T,岡山県,2443,RYU,岡山県,0,,-
Pinky Crush,ELYSIUM,0,,-,931,TORO,岡山県,1554,TORO,岡山県,2689,RYU,岡山県,0,,-
Pinky Crush,Eleanor,0,,-,807,AIKA,岡山県,1387,AIKA,岡山県,2399,RYU,岡山県,0,,-
Pinky Crush,Drop Syndicate,0,,-,1191,TORO,岡山県,1969,RYU,岡山県,3522,RYU,岡山県,0,,-
Pinky Crush,Dreamship,0,,-,937,AIKA,岡山県,1353,AIKA,岡山県,1949,O.N.O.,岡山県,0,,-
Pinky Crush,DIVINE JUDGEMENT,0,,-,1036,TORO,岡山県,1992,RYU,岡山県,2752,*0712*,岡山県,0,,-
Pinky Crush,Digital Radiance,0,,-,1152,TORO,岡山県,1435,TORO,岡山県,2024,JIMAO,岡山県,0,,-
Pinky Crush,destination,0,,-,1038,TORO,岡山県,2258,RYU,岡山県,3264,JIMAO,岡山県,0,,-
Pinky Crush,Cross Fire,0,,-,1097,TORO,岡山県,2210,RYU,岡山県,3256,RYU,岡山県,0,,-
Pinky Crush,COSMIC V3LOCITY,0,,-,1267,AIKA,岡山県,2311,RYU,岡山県,3263,RYU,岡山県,0,,-
Pinky Crush,Constellation,0,,-,965,AIKA,岡山県,1770,KOTETU,岡山県,2769,RYU,岡山県,0,,-
Pinky Crush,Chasing After YOU ～夢の欠片～ ft. 小林マナ,0,,-,991,TORO,岡山県,1442,TORO,岡山県,2048,O.N.O.,岡山県,0,,-
Pinky Crush,CHAOTIC SUNBIRD,0,,-,1233,TORO,岡山県,1704,KUTLAS,岡山県,3253,RYU,岡山県,0,,-
Pinky Crush,Butterfly Twist,0,,-,1047,TORO,岡山県,1557,TORO,岡山県,2694,RYU,岡山県,0,,-
Pinky Crush,Bring The Fire,0,,-,1188,TORO,岡山県,1954,RYU,岡山県,3366,O.N.O.,岡山県,0,,-
Pinky Crush,Bling-Bang-Bang-Born,342,SAPE,岡山県,662,TORO,岡山県,1168,TORO,岡山県,1953,RYU,岡山県,0,,-
Pinky Crush,Bang-Boo Bumble,0,,-,1143,AIKA,岡山県,1911,OK!,岡山県,2902,RYU,岡山県,0,,-
Pinky Crush,Arcanos,0,,-,668,TORO,岡山県,1181,TORO,岡山県,1956,RYU,岡山県,0,,-
Pinky Crush,Aqvion,0,,-,1190,AIKA,岡山県,1964,RYU,岡山県,3430,RYU,岡山県,0,,-
Pinky Crush,ADAMANT,0,,-,1157,TORO,岡山県,1908,TORO,岡山県,2987,RYU,岡山県,0,,-
Pinky Crush,1116,0,,-,1124,TORO,岡山県,2030,RYU,岡山県,2989,RYU,岡山県,0,,-
