バージョン,タイトル,BEGINNER EXスコア,BEGINNER DJName,BEGINNER 都道府県,NORMAL EXスコア,NORMAL DJName,NORMAL 都道府県,HYPER EXスコア,HYPER DJName,HYPER 都道府県,ANOTHER EXスコア,ANOTHER DJName,ANOTHER 都道府県,LEGGENDARIA EXスコア,LEGGENDARIA DJName,LEGGENDARIA 都道府県
1st&substream,THE EARTH LIGHT,0,,-,711,TAPI,愛媛県,1022,PG,愛媛県,1151,45NYAN,愛媛県,0,,-
1st&substream,RUGGED ASH,0,,-,347,4141*R,愛媛県,393,QUIU,愛媛県,1081,GLG13,愛媛県,2011,45NYAN,愛媛県
1st&substream,R3,0,,-,622,TORI,愛媛県,715,TAKOSS,愛媛県,900,OSE-9,愛媛県,0,,-
1st&substream,PARANOIA MAX～DIRTY MIX～,0,,-,535,VOLT,愛媛県,734,BA4MET,愛媛県,1101,45NYAN,愛媛県,0,,-
1st&substream,Macho Gang,0,,-,376,18KING,愛媛県,1058,BA4MET,愛媛県,1629,45NYAN,愛媛県,0,,-
1st&substream,KEEP ON MOVIN',0,,-,196,TONKO2,愛媛県,243,18KING,愛媛県,0,,-,0,,-
1st&substream,GRADIUSIC CYBER,0,,-,831,YO4NO,愛媛県,942,BA4MET,愛媛県,1187,762,愛媛県,0,,-
1st&substream,gentle stress,0,,-,338,MT2Y0H,愛媛県,662,XU,愛媛県,1448,45NYAN,愛媛県,0,,-
1st&substream,GENOM SCREAMS,0,,-,396,TA2,愛媛県,794,PG,愛媛県,1069,45NYAN,愛媛県,0,,-
1st&substream,GAMBOL,0,,-,272,TORI,愛媛県,272,PNSP!!,愛媛県,0,,-,0,,-
1st&substream,Dr.LOVE,0,,-,396,Z0RA,愛媛県,509,BA4MET,愛媛県,566,18KING,愛媛県,0,,-
1st&substream,deep in you,0,,-,435,ZETUEI,愛媛県,485,POMI,愛媛県,653,18KING,愛媛県,0,,-
1st&substream,5.1.1.,0,,-,197,POMI,愛媛県,1009,NYAN8S,愛媛県,1562,HA4MOT,愛媛県,0,,-
1st&substream,22DUNK,0,,-,497,VOLT,愛媛県,627,BA4MET,愛媛県,642,18KING,愛媛県,0,,-
2nd style,SP-TRIP MACHINE(for beatmania II),0,,-,487,YO4NO,愛媛県,613,ZETUEI,愛媛県,645,TORI10,愛媛県,0,,-
2nd style,PUT YOUR FAITH IN ME(for beatmania II),0,,-,534,4141*R,愛媛県,852,PNSP!!,愛媛県,0,,-,0,,-
2nd style,Indigo Vision(full flavour hide around mix),0,,-,808,SWITCH,愛媛県,1069,BA4MET,愛媛県,1208,45NYAN,愛媛県,0,,-
2nd style,I Was The One,0,,-,531,*78-R*,愛媛県,634,GONTA#,愛媛県,687,HA4MOT,愛媛県,0,,-
2nd style,Electro Tuned(the SubS mix),0,,-,722,VOLT,愛媛県,948,ARU,愛媛県,1054,ANROCO,愛媛県,0,,-
2nd style,Digital MinD(A/T Libra mix),0,,-,670,MENDES,愛媛県,1006,BA4MET,愛媛県,1117,18KING,愛媛県,0,,-
2nd style,.59,0,,-,683,VOLT,愛媛県,963,BA4MET,愛媛県,1143,P*4JUN,愛媛県,0,,-
3rd style,THE SAFARI,359,Z0RA,愛媛県,1195,SWITCH,愛媛県,1751,*MSX*,愛媛県,0,,-,0,,-
3rd style,Tangerine Stream,0,,-,266,CARLOS,愛媛県,392,18KING,愛媛県,0,,-,0,,-
3rd style,Skyscraper,0,,-,650,SAYAKA,愛媛県,1182,BA4MET,愛媛県,1250,MAMMY#,愛媛県,0,,-
3rd style,Schlagwerk,0,,-,747,AIR,愛媛県,1309,-KEN5-,愛媛県,1672,NAGAMO,愛媛県,0,,-
3rd style,REINCARNATION,0,,-,791,SWITCH,愛媛県,989,BA4MET,愛媛県,1279,-KEN5-,愛媛県,0,,-
3rd style,R5,0,,-,735,4141*R,愛媛県,1124,AMBASA,愛媛県,1760,OOO,愛媛県,0,,-
3rd style,Presto,0,,-,480,W&T,愛媛県,974,OSE-9,愛媛県,1007,45NYAN,愛媛県,0,,-
3rd style,LEADING CYBER,0,,-,758,4141*R,愛媛県,1164,BA4MET,愛媛県,1250,762,愛媛県,0,,-
3rd style,Holic,0,,-,739,POEME,愛媛県,1179,BA4MET,愛媛県,1728,45NYAN,愛媛県,0,,-
3rd style,era (nostalmix),0,,-,814,SWITCH,愛媛県,1078,KA2ME4,愛媛県,1519,45NYAN,愛媛県,0,,-
3rd style,Don't Stop!,0,,-,763,P*ARK,愛媛県,821,BA4MET,愛媛県,898,HA4MOT,愛媛県,0,,-
3rd style,CAN'T STOP FALLIN'IN LOVE,0,,-,586,SWITCH,愛媛県,1234,KENKEN,愛媛県,0,,-,0,,-
4th style,Voltage (feat. Hidemaru),0,,-,869,KA5ME,愛媛県,1194,GLG13,愛媛県,1315,45NYAN,愛媛県,0,,-
4th style,SWEET LAB,0,,-,494,4141*R,愛媛県,926,BA4MET,愛媛県,1333,P*4JUN,愛媛県,0,,-
4th style,starmine,439,Z0RA,愛媛県,854,QUIU,愛媛県,1422,KENKEN,愛媛県,1586,IIDX82,愛媛県,0,,-
4th style,Mr.T.(take me higher),0,,-,794,SWITCH,愛媛県,989,BA4MET,愛媛県,1752,762,愛媛県,0,,-
4th style,minimalian,0,,-,443,KAKIRA,愛媛県,1031,BA4MET,愛媛県,1397,45NYAN,愛媛県,0,,-
4th style,LOVE WILL・・・,0,,-,547,PNSP!!,愛媛県,744,BA4MET,愛媛県,1450,KA2ME4,愛媛県,0,,-
4th style,KAMIKAZE,0,,-,906,4141*R,愛媛県,1421,BA4MET,愛媛県,2287,762,愛媛県,0,,-
4th style,Jam&Marmalade,0,,-,747,ZETUEI,愛媛県,860,BA4MET,愛媛県,1010,45NYAN,愛媛県,0,,-
4th style,Hitch Hiker2,0,,-,720,Q,愛媛県,1156,BA4MET,愛媛県,1284,TOMABO,愛媛県,1927,45NYAN,愛媛県
4th style,HIGHER,0,,-,514,TAPI,愛媛県,917,BA4MET,愛媛県,1263,18KING,愛媛県,0,,-
4th style,FLOWERS for ALBION,0,,-,234,GLG13,愛媛県,440,PNSP!!,愛媛県,0,,-,0,,-
4th style,era (step mix),0,,-,1012,4141*R,愛媛県,1401,YAKI29,愛媛県,1707,45NYAN,愛媛県,0,,-
4th style,empathy,0,,-,769,4141*R,愛媛県,1333,BA4MET,愛媛県,1465,45NYAN,愛媛県,0,,-
4th style,DXY!,0,,-,1255,NOCHIN,愛媛県,1846,762,愛媛県,2219,IIDX82,愛媛県,0,,-
4th style,Clione,0,,-,498,4141*R,愛媛県,926,BA4MET,愛媛県,1609,45NYAN,愛媛県,2139,P*4JUN,愛媛県
4th style,CHECKING YOU OUT,0,,-,645,HA4MOT,愛媛県,885,KA2ME4,愛媛県,1323,762,愛媛県,0,,-
4th style,Burnin' The Floor,0,,-,562,FAMI,愛媛県,910,BA4MET,愛媛県,1437,45NYAN,愛媛県,0,,-
4th style,Broken My Heart,0,,-,861,4141*R,愛媛県,1414,BA4MET,愛媛県,1817,45NYAN,愛媛県,0,,-
4th style,B4U,0,,-,943,FAMI,愛媛県,1528,PNSP!!,愛媛県,2016,45NYAN,愛媛県,0,,-
4th style,ABSOLUTE,0,,-,1150,4141*R,愛媛県,1799,BA4MET,愛媛県,2371,45NYAN,愛媛県,2749,45NYAN,愛媛県
4th style,250bpm,0,,-,582,4141*R,愛媛県,981,BA4MET,愛媛県,1425,45NYAN,愛媛県,0,,-
5th style,V,337,TAKOSS,愛媛県,1273,P*4JUN,愛媛県,2465,HA4MOT,愛媛県,3011,45NYAN,愛媛県,0,,-
5th style,THE SHINING POLARIS,0,,-,842,4141*R,愛媛県,1279,BA4MET,愛媛県,1589,*MSX*,愛媛県,0,,-
5th style,THE CUBE,0,,-,639,KAKIRA,愛媛県,1241,OGAWA,愛媛県,1352,45NYAN,愛媛県,0,,-
5th style,sync,0,,-,1027,BIBIQ,愛媛県,1838,BA4MET,愛媛県,2398,45NYAN,愛媛県,0,,-
5th style,still my words,0,,-,818,SAYAKA,愛媛県,1222,KENKEN,愛媛県,0,,-,0,,-
5th style,STILL IN MY HEART,0,,-,937,SWITCH,愛媛県,1300,BA4MET,愛媛県,1916,45NYAN,愛媛県,0,,-
5th style,Spin the disc,0,,-,695,4141*R,愛媛県,1267,KENKEN,愛媛県,1333,45NYAN,愛媛県,0,,-
5th style,sometime,0,,-,764,VTUBER,愛媛県,1039,KA2DON,愛媛県,1320,762,愛媛県,0,,-
5th style,RISLIM,0,,-,819,SAYAKA,愛媛県,1225,762,愛媛県,0,,-,0,,-
5th style,RIDE ON THE LIGHT (HI GREAT MIX),0,,-,836,SAYAKA,愛媛県,1062,18KING,愛媛県,1716,45NYAN,愛媛県,1816,8KIME4,愛媛県
5th style,Regulus,0,,-,925,VOLT,愛媛県,1476,BA4MET,愛媛県,1701,45NYAN,愛媛県,0,,-
5th style,Real,0,,-,906,4141*R,愛媛県,1711,*45*,愛媛県,1807,45NYAN,愛媛県,0,,-
5th style,Radical Faith,0,,-,1005,Z.0.E.,愛媛県,1467,TAKOSS,愛媛県,1282,E-SPRI,愛媛県,0,,-
5th style,QQQ,0,,-,1110,4141*R,愛媛県,1823,FAT1MA,愛媛県,2162,OOO,愛媛県,0,,-
5th style,outer wall,0,,-,776,SOKO,愛媛県,1306,BA4MET,愛媛県,1771,45NYAN,愛媛県,0,,-
5th style,LOVE AGAIN TONIGHT～for Mellisa mix～,0,,-,711,4141*R,愛媛県,969,GERRY,愛媛県,1114,LEMON*,愛媛県,0,,-
5th style,in my eyes,0,,-,865,REAL#G,愛媛県,1401,BA4MET,愛媛県,1572,-KEN5-,愛媛県,0,,-
5th style,Abyss,0,,-,1210,QUIU,愛媛県,1621,OSE-9,愛媛県,1873,*45*,愛媛県,0,,-
6th style,電人イェーガーのテーマ(Theme of DENJIN J),0,,-,1055,MF#ARR,愛媛県,1555,OSE-9,愛媛県,0,,-,0,,-
6th style,こっちを向いてよ,0,,-,743,4141*R,愛媛県,1240,BA4MET,愛媛県,1367,P*4JUN,愛媛県,0,,-
6th style,VJ ARMY,0,,-,1172,1338KH,愛媛県,1677,BA4MET,愛媛県,2216,45NYAN,愛媛県,0,,-
6th style,Take It Easy,0,,-,1450,VTUBER,愛媛県,2351,P*4JUN,愛媛県,2500,45NYAN,愛媛県,0,,-
6th style,Summer Vacation(CU mix),0,,-,1154,AKARI,愛媛県,1815,P*4JUN,愛媛県,0,,-,0,,-
6th style,SOMETHING WONDERFUL,0,,-,878,MARCO,愛媛県,1326,BA4MET,愛媛県,1963,45NYAN,愛媛県,0,,-
6th style,route 80s,0,,-,794,4141*R,愛媛県,1177,BA4MET,愛媛県,1500,BA4MET,愛媛県,0,,-
6th style,rottel-da-sun,0,,-,774,ZETUEI,愛媛県,1326,ARMJOE,愛媛県,1858,45NYAN,愛媛県,0,,-
6th style,NEMESIS,0,,-,930,SWITCH,愛媛県,1574,BA4MET,愛媛県,1898,45NYAN,愛媛県,0,,-
6th style,Linus,0,,-,938,SWITCH,愛媛県,1489,TE2SU,愛媛県,2190,45NYAN,愛媛県,0,,-
6th style,G2,0,,-,1405,HA4MOT,愛媛県,1745,AAAAAA,愛媛県,2320,45NYAN,愛媛県,0,,-
6th style,Frozen Ray (original mix),0,,-,1211,KITA-N,愛媛県,1702,BA4MET,愛媛県,1787,P*4JUN,愛媛県,0,,-
6th style,Free Style,0,,-,862,ZETUEI,愛媛県,1082,BA4MET,愛媛県,1273,HA4MOT,愛媛県,0,,-
6th style,fly through the night,0,,-,790,SAYAKA,愛媛県,1302,BA4MET,愛媛県,1709,45NYAN,愛媛県,0,,-
6th style,DIVE ～INTO YOUR HEART～,0,,-,1163,SWITCH,愛媛県,1838,ANROCO,愛媛県,2110,45NYAN,愛媛県,0,,-
6th style,Colors (radio edit),0,,-,1229,RAN,愛媛県,1911,YAKI29,愛媛県,2399,45NYAN,愛媛県,0,,-
6th style,Buffalo,0,,-,929,SOKO,愛媛県,1458,BA4MET,愛媛県,1812,45NYAN,愛媛県,2494,45NYAN,愛媛県
6th style,Blueberry Stream,0,,-,736,ANNA,愛媛県,1400,BA4MET,愛媛県,1620,45NYAN,愛媛県,0,,-
6th style,BALLAD FOR YOU～想いの雨～,0,,-,555,4141*R,愛媛県,740,BA4MET,愛媛県,1065,18KING,愛媛県,0,,-
6th style,"19,November",0,,-,1010,4141*R,愛媛県,1423,BA4MET,愛媛県,1789,SAKAKI,愛媛県,0,,-
7th style,革命,0,,-,710,POEME,愛媛県,1914,BA4MET,愛媛県,2318,45NYAN,愛媛県,0,,-
7th style,ZERO-ONE,0,,-,1046,QUIU,愛媛県,1650,BA4MET,愛媛県,2234,45NYAN,愛媛県,2825,P*4JUN,愛媛県
7th style,traces,0,,-,1406,K*Y,愛媛県,1891,BA4MET,愛媛県,2146,45NYAN,愛媛県,0,,-
7th style,Tomorrow Perfume,0,,-,1203,POEME,愛媛県,1921,PNSP!!,愛媛県,2121,OSE-9,愛媛県,0,,-
7th style,stoic,0,,-,1632,HA4MOT,愛媛県,2340,LEMON*,愛媛県,2567,45NYAN,愛媛県,0,,-
7th style,Spica,0,,-,618,EXTEND,愛媛県,1431,BA4MET,愛媛県,2201,45NYAN,愛媛県,0,,-
7th style,Love Me Do,0,,-,1044,SIXPAC,愛媛県,1695,BA4MET,愛媛県,2105,45NYAN,愛媛県,0,,-
7th style,Let the Snow Paint Me,0,,-,793,SIXPAC,愛媛県,1044,BA4MET,愛媛県,1238,LEMON*,愛媛県,0,,-
7th style,Last Message,0,,-,954,SIXPAC,愛媛県,1309,BA4MET,愛媛県,1622,45NYAN,愛媛県,0,,-
7th style,Happy Wedding,0,,-,1048,4141*R,愛媛県,1640,BA4MET,愛媛県,1819,45NYAN,愛媛県,0,,-
7th style,Glorious Days,0,,-,494,TOMABO,愛媛県,795,BA4MET,愛媛県,895,E-SPRI,愛媛県,0,,-
7th style,foreplay,0,,-,542,SAYAKA,愛媛県,1176,BA4MET,愛媛県,1334,45NYAN,愛媛県,0,,-
7th style,DESTINY,0,,-,1018,SIXPAC,愛媛県,1371,BA4MET,愛媛県,1832,45NYAN,愛媛県,0,,-
7th style,D2R,0,,-,889,SIXPAC,愛媛県,1296,BA4MET,愛媛県,1633,45NYAN,愛媛県,0,,-
7th style,Cheer Train,0,,-,872,SIXPAC,愛媛県,1213,BA4MET,愛媛県,1715,45NYAN,愛媛県,0,,-
7th style,Burning Heat! (Full Option Mix),0,,-,650,A2AH1.,愛媛県,920,BA4MET,愛媛県,1447,18KING,愛媛県,0,,-
7th style,Bad Routine,0,,-,991,SIXPAC,愛媛県,1363,BA4MET,愛媛県,1917,45NYAN,愛媛県,0,,-
7th style,AVE DE RAPINA,0,,-,1289,POEME,愛媛県,1661,BA4MET,愛媛県,1794,45NYAN,愛媛県,0,,-
7th style,A,0,,-,1176,QUIU,愛媛県,2018,POMI,愛媛県,2484,45NYAN,愛媛県,0,,-
8th style,蒼い衝動,0,,-,867,FU,愛媛県,1336,BA4MET,愛媛県,1594,45NYAN,愛媛県,0,,-
8th style,桜,0,,-,934,UNO.S,愛媛県,1406,18KING,愛媛県,2166,45NYAN,愛媛県,0,,-
8th style,xenon,0,,-,1025,POEME,愛媛県,1639,HA4MOT,愛媛県,2737,45NYAN,愛媛県,0,,-
8th style,World Wide Love,0,,-,684,TAPI,愛媛県,999,POEME,愛媛県,1114,B-777*,愛媛県,0,,-
8th style,WAR GAME,0,,-,863,KAKIRA,愛媛県,1538,POMI,愛媛県,2143,45NYAN,愛媛県,0,,-
8th style,thunder,0,,-,1127,POEME,愛媛県,1558,OMOTO,愛媛県,1870,OSE-9,愛媛県,0,,-
8th style,symbolic,0,,-,1333,K*Y,愛媛県,1811,HA4MOT,愛媛県,2247,45NYAN,愛媛県,0,,-
8th style,STAR DREAM,0,,-,759,B-777*,愛媛県,1246,BA4MET,愛媛県,1416,18KING,愛媛県,0,,-
8th style,rainbow flyer,0,,-,799,POEME,愛媛県,1701,*45*,愛媛県,2140,45NYAN,愛媛県,0,,-
8th style,PLEASE DON'T GO,0,,-,771,ANNA,愛媛県,1283,EXTEND,愛媛県,2447,45NYAN,愛媛県,0,,-
8th style,MUSIC TO YOUR HEAD,0,,-,763,SIXPAC,愛媛県,1414,BA4MET,愛媛県,1668,45NYAN,愛媛県,0,,-
8th style,murmur twins,0,,-,1082,UNO.S,愛媛県,1662,GIORNO,愛媛県,2370,45NYAN,愛媛県,0,,-
8th style,Monkey Dance,0,,-,775,SIXPAC,愛媛県,1357,OSE-9,愛媛県,1980,OMOTO,愛媛県,0,,-
8th style,memories,0,,-,1018,4141*R,愛媛県,2010,HA4MOT,愛媛県,2240,45NYAN,愛媛県,0,,-
8th style,Luv 2 Feel Your Body,0,,-,790,MARCO,愛媛県,1034,ARU,愛媛県,1629,45NYAN,愛媛県,0,,-
8th style,LOVE IS ORANGE,0,,-,755,4141*R,愛媛県,1021,KA2ME4,愛媛県,1793,45NYAN,愛媛県,2097,P*4JUN,愛媛県
8th style,LAB,0,,-,916,SAYAKA,愛媛県,1993,PNSP!!,愛媛県,2090,P*4JUN,愛媛県,0,,-
8th style,HYPER BOUNDARY GATE,0,,-,1157,MARCO,愛媛県,1868,BA4MET,愛媛県,2218,45NYAN,愛媛県,0,,-
8th style,Halfway of promise,0,,-,882,AIR,愛媛県,1523,P*4JUN,愛媛県,1825,P*4JUN,愛媛県,0,,-
8th style,Giudecca,0,,-,816,4141*R,愛媛県,1911,HA4MOT,愛媛県,2671,45NYAN,愛媛県,0,,-
8th style,dual control,0,,-,752,POEME,愛媛県,1412,BA4MET,愛媛県,1866,45NYAN,愛媛県,0,,-
8th style,Colors -Y&Co. Eurobeat Remix-,0,,-,1086,POEME,愛媛県,1968,BA4MET,愛媛県,2177,45NYAN,愛媛県,0,,-
8th style,CELEBRATE NITE,0,,-,838,4141*R,愛媛県,1125,BA4MET,愛媛県,1418,45NYAN,愛媛県,0,,-
8th style,Blame,0,,-,1126,POEME,愛媛県,1528,PNSP!!,愛媛県,1927,45NYAN,愛媛県,0,,-
8th style,bit mania,0,,-,811,KAKIRA,愛媛県,1261,BA4MET,愛媛県,1865,45NYAN,愛媛県,0,,-
8th style,Attitude,0,,-,924,BB-SVN,愛媛県,1356,HA4MOT,愛媛県,1756,45NYAN,愛媛県,0,,-
8th style,ALL RIGHT,0,,-,806,4141*R,愛媛県,1273,HA4MOT,愛媛県,1615,*COME*,愛媛県,0,,-
8th style,airflow,0,,-,550,GONTA#,愛媛県,765,FUU,愛媛県,1432,45NYAN,愛媛県,0,,-
8th style,abstract,0,,-,1201,POEME,愛媛県,1560,TAPI,愛媛県,1886,45NYAN,愛媛県,0,,-
9th style,真夏の花・真夏の夢,0,,-,755,4141*R,愛媛県,1145,BA4MET,愛媛県,1470,45NYAN,愛媛県,0,,-
9th style,ライオン好き,0,,-,601,AIR,愛媛県,1127,BA4MET,愛媛県,1501,P*4JUN,愛媛県,0,,-
9th style,SWEETEST SAVAGE,0,,-,579,4141*R,愛媛県,1257,92,愛媛県,1801,P*4JUN,愛媛県,0,,-
9th style,Sweet Sweet Magic,0,,-,981,SWITCH,愛媛県,1506,HA4MOT,愛媛県,2042,P*4JUN,愛媛県,0,,-
9th style,STAR FIELD,0,,-,651,SAYAKA,愛媛県,1575,PNSP!!,愛媛県,1878,45NYAN,愛媛県,0,,-
9th style,SNOW,0,,-,873,4141*R,愛媛県,1329,BA4MET,愛媛県,2031,P*4JUN,愛媛県,0,,-
9th style,Silvia Drive,0,,-,767,BTBOCO,愛媛県,1495,HA4MOT,愛媛県,2048,*MSX*,愛媛県,0,,-
9th style,rottel-the-Mercury,0,,-,959,JSB-Y,愛媛県,1878,SWITCH,愛媛県,2261,OSE-9,愛媛県,0,,-
9th style,RISLIM -Remix-,0,,-,726,SIXPAC,愛媛県,961,BA4MET,愛媛県,1872,45NYAN,愛媛県,0,,-
9th style,Really Love,0,,-,615,4141*R,愛媛県,944,BA4MET,愛媛県,1738,P*4JUN,愛媛県,0,,-
9th style,Quickening,0,,-,846,SIXPAC,愛媛県,1682,HA4MOT,愛媛県,2108,45NYAN,愛媛県,0,,-
9th style,quasar,0,,-,1004,Z.0.E.,愛媛県,1731,ANL,愛媛県,2313,45NYAN,愛媛県,0,,-
9th style,one or eight,0,,-,1230,POEME,愛媛県,1904,P*4JUN,愛媛県,2275,45NYAN,愛媛県,0,,-
9th style,moon_child,0,,-,1005,POEME,愛媛県,1923,BA4MET,愛媛県,2559,45NYAN,愛媛県,0,,-
9th style,MARIA (I believe... ),0,,-,711,SIXPAC,愛媛県,1569,KENKEN,愛媛県,1960,45NYAN,愛媛県,0,,-
9th style,Make A Difference,0,,-,804,SIXPAC,愛媛県,1589,HA4MOT,愛媛県,2216,45NYAN,愛媛県,0,,-
9th style,lower world,0,,-,1271,SWITCH,愛媛県,1834,HA4MOT,愛媛県,2255,45NYAN,愛媛県,0,,-
9th style,LOVE SHINE,526,Z0RA,愛媛県,835,POEME,愛媛県,1814,HA4MOT,愛媛県,2084,P*4JUN,愛媛県,0,,-
9th style,lights,0,,-,690,TAPI,愛媛県,1408,BA4MET,愛媛県,1760,45NYAN,愛媛県,0,,-
9th style,Let The Snow Paint Me -Y&Co. Remix-,0,,-,522,IIDX27,愛媛県,1245,BA4MET,愛媛県,1806,IIDX82,愛媛県,0,,-
9th style,Karma,0,,-,1272,POEME,愛媛県,1608,HA4MOT,愛媛県,1813,45NYAN,愛媛県,0,,-
9th style,I Was The One (80's EUROBEAT STYLE),0,,-,755,4141*R,愛媛県,1335,BA4MET,愛媛県,1442,*45*,愛媛県,0,,-
9th style,HYPER EUROBEAT (2DX style),0,,-,1045,POEME,愛媛県,1608,HA4MOT,愛媛県,1954,45NYAN,愛媛県,0,,-
9th style,Golden Horn,0,,-,654,4141*R,愛媛県,1217,HA4MOT,愛媛県,1506,45NYAN,愛媛県,0,,-
9th style,e-motion 2003  -romantic extra-,0,,-,1235,POEME,愛媛県,1513,HA4MOT,愛媛県,1983,45NYAN,愛媛県,0,,-
9th style,Distress,0,,-,1231,VOLT,愛媛県,1817,HA4MOT,愛媛県,0,,-,0,,-
9th style,Cradle,0,,-,856,K*Y,愛媛県,1436,18KING,愛媛県,1587,45NYAN,愛媛県,0,,-
9th style,BRIGHTNESS DARKNESS,0,,-,679,4141*R,愛媛県,1374,HA4MOT,愛媛県,1763,45NYAN,愛媛県,0,,-
9th style,bag,0,,-,794,4141*R,愛媛県,1179,BA4MET,愛媛県,1901,45NYAN,愛媛県,0,,-
9th style,BAD BOY BASS!! (dj Remo-con MIX),0,,-,892,4141*R,愛媛県,1359,BA4MET,愛媛県,1804,45NYAN,愛媛県,0,,-
9th style,ATOMIC AGE,0,,-,352,GONTA#,愛媛県,658,BA4MET,愛媛県,1306,45NYAN,愛媛県,0,,-
9th style,ACT,0,,-,1013,POEME,愛媛県,1672,PNSP!!,愛媛県,1848,45NYAN,愛媛県,0,,-
9th style,Abyss -The Heavens Remix-,558,Z0RA,愛媛県,1365,RYGNUS,愛媛県,1859,OMOTO,愛媛県,2370,45NYAN,愛媛県,0,,-
10th style,雪月花,0,,-,1198,FIVE-O,愛媛県,1870,762,愛媛県,2516,45NYAN,愛媛県,0,,-
10th style,システムロマンス,0,,-,852,AKARI,愛媛県,1740,HA4MOT,愛媛県,2038,45NYAN,愛媛県,0,,-
10th style,SPACE FIGHT,0,,-,599,SAYAKA,愛媛県,1474,HA4MOT,愛媛県,2228,45NYAN,愛媛県,0,,-
10th style,SHOOTING STAR,0,,-,1170,SOKO,愛媛県,1608,HORO41,愛媛県,2267,45NYAN,愛媛県,0,,-
10th style,Rise'n Beauty,0,,-,1235,UNO.S,愛媛県,1586,HA4MOT,愛媛県,2162,45NYAN,愛媛県,0,,-
10th style,rainbow rainbow,0,,-,1547,18KING,愛媛県,2245,KENKEN,愛媛県,2711,45NYAN,愛媛県,0,,-
10th style,pandora,0,,-,837,AKARI,愛媛県,1593,HA4MOT,愛媛県,1837,P*4JUN,愛媛県,0,,-
10th style,One More Lovely,0,,-,828,AIR,愛媛県,1589,POMI,愛媛県,2810,IIDX82,愛媛県,0,,-
10th style,No.13,0,,-,1629,HA4MOT,愛媛県,2560,NG,愛媛県,3181,45NYAN,愛媛県,0,,-
10th style,Narcissus At Oasis,0,,-,738,SIXPAC,愛媛県,1560,OMOTO,愛媛県,1666,45NYAN,愛媛県,0,,-
10th style,Lucy,0,,-,941,4141*R,愛媛県,1723,HA4MOT,愛媛県,2326,45NYAN,愛媛県,0,,-
10th style,Love Is Eternity,0,,-,1156,POEME,愛媛県,1852,HA4MOT,愛媛県,2401,45NYAN,愛媛県,0,,-
10th style,Innocent Walls,0,,-,1602,MOMOMO,愛媛県,2500,45NYAN,愛媛県,2823,45NYAN,愛媛県,0,,-
10th style,HIGH,0,,-,885,SAYAKA,愛媛県,1901,HA4MOT,愛媛県,2156,NGGG,愛媛県,2837,P*4JUN,愛媛県
10th style,GRADIUS -FULL SPEED-,0,,-,718,18KING,愛媛県,1236,762,愛媛県,2094,45NYAN,愛媛県,0,,-
10th style,GHOST REVIVAL,0,,-,849,AKARI,愛媛県,1936,HA4MOT,愛媛県,2585,45NYAN,愛媛県,0,,-
10th style,Freezing atmosphere,0,,-,763,SWITCH,愛媛県,1097,BA4MET,愛媛県,1492,P*4JUN,愛媛県,0,,-
10th style,FEEL IT,0,,-,883,POEME,愛媛県,1671,HA4MOT,愛媛県,1972,P*4JUN,愛媛県,0,,-
10th style,Feedback,0,,-,1042,PNSP!!,愛媛県,1555,HA4MOT,愛媛県,1947,P*4JUN,愛媛県,0,,-
10th style,EXE,0,,-,795,SIXPAC,愛媛県,1598,KOUZI,愛媛県,2253,45NYAN,愛媛県,0,,-
10th style,DoLL,345,GONTA#,愛媛県,922,QUIU,愛媛県,1205,BA4MET,愛媛県,1609,OOO,愛媛県,0,,-
10th style,desolation,0,,-,478,GONTA#,愛媛県,639,GONTA#,愛媛県,755,E-SPRI,愛媛県,0,,-
10th style,Debtty Daddy,0,,-,977,4141*R,愛媛県,1883,HA4MOT,愛媛県,2710,45NYAN,愛媛県,0,,-
10th style,Daisuke,468,IYOAZM,愛媛県,1145,AIR,愛媛県,1643,HA4MOT,愛媛県,2406,45NYAN,愛媛県,0,,-
10th style,CARRY ON NIGHT (English version),0,,-,989,POEME,愛媛県,1321,HA4MOT,愛媛県,2056,45NYAN,愛媛県,0,,-
10th style,Boundary,0,,-,757,FENEL,愛媛県,1841,P*4JUN,愛媛県,2047,IIDX82,愛媛県,0,,-
10th style,Back Into The Light,0,,-,952,OJIN,愛媛県,1557,MF#ARR,愛媛県,2162,45NYAN,愛媛県,0,,-
10th style,BABY LOVE,0,,-,1137,POEME,愛媛県,1668,HA4MOT,愛媛県,2164,45NYAN,愛媛県,0,,-
10th style,ASTRAL VOYAGE,0,,-,936,SIXPAC,愛媛県,1395,BA4MET,愛媛県,1916,45NYAN,愛媛県,0,,-
10th style,ALIEN TEMPLE,0,,-,955,4141*R,愛媛県,1594,HA4MOT,愛媛県,2020,45NYAN,愛媛県,0,,-
10th style,1st Samurai,0,,-,1035,4141*R,愛媛県,1933,HA4MOT,愛媛県,2681,45NYAN,愛媛県,0,,-
IIDX RED,ＵＬＴｉＭΛＴＥ,0,,-,893,SWITCH,愛媛県,1440,HA4MOT,愛媛県,2001,45NYAN,愛媛県,0,,-
IIDX RED,太陽～T・A・I・Y・O～,0,,-,766,SAYAKA,愛媛県,1383,KOUZI,愛媛県,1736,45NYAN,愛媛県,0,,-
IIDX RED,大桟橋,0,,-,373,KAKIRA,愛媛県,1062,POEME,愛媛県,1859,45NYAN,愛媛県,0,,-
IIDX RED,ピアノ協奏曲第１番”蠍火”,0,,-,780,MARCO,愛媛県,2082,KA2ME4,愛媛県,2670,45NYAN,愛媛県,0,,-
IIDX RED,Wonder Bullfighter,0,,-,853,4141*R,愛媛県,1394,HA4MOT,愛媛県,1986,GLG13,愛媛県,0,,-
IIDX RED,The Hope of Tomorrow,0,,-,1006,POEME,愛媛県,1680,HA4MOT,愛媛県,1948,45NYAN,愛媛県,0,,-
IIDX RED,spiral galaxy,0,,-,987,SAYAKA,愛媛県,1960,U-ME,愛媛県,2595,45NYAN,愛媛県,3798,45NYAN,愛媛県
IIDX RED,Sphere,0,,-,1021,PG,愛媛県,1910,18KING,愛媛県,2199,45NYAN,愛媛県,0,,-
IIDX RED,SPEEDY CAT,0,,-,1094,AIR,愛媛県,1651,HA4MOT,愛媛県,2040,45NYAN,愛媛県,0,,-
IIDX RED,Secret of Love,0,,-,987,POEME,愛媛県,1442,HA4MOT,愛媛県,2030,45NYAN,愛媛県,0,,-
IIDX RED,RESONATE 1794,0,,-,898,POEME,愛媛県,1408,BA4MET,愛媛県,1885,45NYAN,愛媛県,0,,-
IIDX RED,RED ZONE,177,Z0RA,愛媛県,1073,QUIU,愛媛県,1840,HA4MOT,愛媛県,2336,45NYAN,愛媛県,3088,45NYAN,愛媛県
IIDX RED,Raspberry Heart(English version),0,,-,1013,SIXPAC,愛媛県,1537,YANGAS,愛媛県,1854,45NYAN,愛媛県,0,,-
IIDX RED,NEBULA GRASPER,0,,-,1301,ZETUEI,愛媛県,1974,HA4MOT,愛媛県,2458,45NYAN,愛媛県,0,,-
IIDX RED,KEY,0,,-,1071,POEME,愛媛県,1829,HA4MOT,愛媛県,2861,45NYAN,愛媛県,0,,-
IIDX RED,HORIZON,0,,-,1024,SIXPAC,愛媛県,1496,HA4MOT,愛媛県,1973,*45*,愛媛県,0,,-
IIDX RED,gigadelic,692,Z0RA,愛媛県,1387,SWITCH,愛媛県,2175,45NYAN,愛媛県,2519,45NYAN,愛媛県,0,,-
IIDX RED,GENOCIDE,0,,-,1123,KA2ME4,愛媛県,2037,NG,愛媛県,2394,45NYAN,愛媛県,0,,-
IIDX RED,Fly Away To India,0,,-,642,TAPI,愛媛県,1074,BA4MET,愛媛県,1386,SAKAKI,愛媛県,0,,-
IIDX RED,FAKE TIME,0,,-,947,MARCO,愛媛県,1717,P*4JUN,愛媛県,2336,45NYAN,愛媛県,0,,-
IIDX RED,earth scape,0,,-,419,GONTA#,愛媛県,1008,BA4MET,愛媛県,1268,P*4JUN,愛媛県,0,,-
IIDX RED,Don't be afraid myself,0,,-,973,BTBOCO,愛媛県,1872,762,愛媛県,2272,IIDX82,愛媛県,0,,-
IIDX RED,D.A.N.C.E.!,0,,-,550,ZETUEI,愛媛県,825,BA4MET,愛媛県,1611,45NYAN,愛媛県,0,,-
IIDX RED,Close my Eyes for Me,0,,-,938,SAYAKA,愛媛県,1443,HA4MOT,愛媛県,1834,45NYAN,愛媛県,0,,-
IIDX RED,Click Again,0,,-,800,4141*R,愛媛県,1392,BA4MET,愛媛県,2129,45NYAN,愛媛県,0,,-
IIDX RED,BREATH,0,,-,882,BF#ARR,愛媛県,1289,KOUZI,愛媛県,1734,OSE-9,愛媛県,0,,-
IIDX RED,BLOCKS,0,,-,789,SIXPAC,愛媛県,1292,HA4MOT,愛媛県,1983,45NYAN,愛媛県,0,,-
IIDX RED,Be quiet,0,,-,881,SAYAKA,愛媛県,1661,TONKO2,愛媛県,2215,45NYAN,愛媛県,2796,P*4JUN,愛媛県
IIDX RED,awakening,0,,-,970,4141*R,愛媛県,1414,HA4MOT,愛媛県,1718,45NYAN,愛媛県,0,,-
IIDX RED,ANDROMEDA,0,,-,922,4141*R,愛媛県,1887,KOUZI,愛媛県,2876,45NYAN,愛媛県,0,,-
IIDX RED,AGEHA,593,Z0RA,愛媛県,1000,TAPI,愛媛県,1722,PNSP!!,愛媛県,1889,45NYAN,愛媛県,2441,45NYAN,愛媛県
IIDX RED,AA,0,,-,1212,##C,愛媛県,2712,OOO,愛媛県,3623,IIDX82,愛媛県,0,,-
HAPPY SKY,月光,0,,-,822,AIR,愛媛県,1742,PNSP!!,愛媛県,2469,45NYAN,愛媛県,0,,-
HAPPY SKY,合体せよ！ストロングイェーガー！！ (Ryu☆ remix),0,,-,983,4141*R,愛媛県,1574,HA4MOT,愛媛県,1933,45NYAN,愛媛県,0,,-
HAPPY SKY,冥,574,Z0RA,愛媛県,1047,HA4MOT,愛媛県,2062,BXUDON,愛媛県,3745,45NYAN,愛媛県,0,,-
HAPPY SKY,ラクエン,0,,-,680,POEME,愛媛県,924,BA4MET,愛媛県,1965,45NYAN,愛媛県,0,,-
HAPPY SKY,ヒマワリ,0,,-,550,ZETUEI,愛媛県,1829,HA4MOT,愛媛県,2076,45NYAN,愛媛県,0,,-
HAPPY SKY,オレはビートマニア！お前は何マニア？,0,,-,778,RQWA2!,愛媛県,1438,HA4MOT,愛媛県,1688,45NYAN,愛媛県,0,,-
HAPPY SKY,Xepher,396,Z0RA,愛媛県,1105,LEMON*,愛媛県,2154,HA4MOT,愛媛県,3006,45NYAN,愛媛県,0,,-
HAPPY SKY,We are Disっ娘よっつ打ち命,0,,-,655,QUIU,愛媛県,951,QUIU,愛媛県,1657,45NYAN,愛媛県,0,,-
HAPPY SKY,Votum stellarum,0,,-,763,MARCO,愛媛県,1639,HA4MOT,愛媛県,1990,*COME*,愛媛県,0,,-
HAPPY SKY,vault of heaven,0,,-,765,SAYAKA,愛媛県,1417,HA4MOT,愛媛県,2014,45NYAN,愛媛県,0,,-
HAPPY SKY,Under the Sky,0,,-,899,8KIME4,愛媛県,1385,HA4MOT,愛媛県,1734,IIDX82,愛媛県,0,,-
HAPPY SKY,Twelfth Style,0,,-,1051,4141*R,愛媛県,1449,HA4MOT,愛媛県,2022,45NYAN,愛媛県,3234,45NYAN,愛媛県
HAPPY SKY,Tizona d'El Cid,0,,-,885,4141*R,愛媛県,1856,HA4MOT,愛媛県,2310,45NYAN,愛媛県,0,,-
HAPPY SKY,SigSig,666,Z0RA,愛媛県,1028,AIR,愛媛県,1666,HA4MOT,愛媛県,2604,45NYAN,愛媛県,0,,-
HAPPY SKY,Scripted Connection⇒ N mix,0,,-,1228,POEME,愛媛県,1649,HA4MOT,愛媛県,2124,45NYAN,愛媛県,2412,P*4JUN,愛媛県
HAPPY SKY,Scripted Connection⇒ H mix,0,,-,1594,QUIU,愛媛県,2037,762,愛媛県,2511,45NYAN,愛媛県,2901,45NYAN,愛媛県
HAPPY SKY,Scripted Connection⇒ A mix,0,,-,1570,SWITCH,愛媛県,2145,HA4MOT,愛媛県,3104,45NYAN,愛媛県,3428,45NYAN,愛媛県
HAPPY SKY,SCREAM SQUAD,0,,-,1100,SIXPAC,愛媛県,1634,HA4MOT,愛媛県,2044,45NYAN,愛媛県,0,,-
HAPPY SKY,rage against usual,0,,-,1259,POEME,愛媛県,2005,HA4MOT,愛媛県,2915,45NYAN,愛媛県,0,,-
HAPPY SKY,POODLE,0,,-,949,QUIU,愛媛県,1862,HA4MOT,愛媛県,2304,45NYAN,愛媛県,3344,P*4JUN,愛媛県
HAPPY SKY,Pollinosis,0,,-,701,4141*R,愛媛県,1135,BA4MET,愛媛県,2507,45NYAN,愛媛県,0,,-
HAPPY SKY,PLASMA,0,,-,923,QUIU,愛媛県,1628,HA4MOT,愛媛県,2284,IIDX82,愛媛県,0,,-
HAPPY SKY,Pink Rose,0,,-,565,QUIU,愛媛県,947,BA4MET,愛媛県,1413,45NYAN,愛媛県,2011,P*4JUN,愛媛県
HAPPY SKY,MOON RACE,0,,-,763,MIZUKI,愛媛県,1140,HA4MOT,愛媛県,1881,45NYAN,愛媛県,0,,-
HAPPY SKY,Love Magic,0,,-,959,SIXPAC,愛媛県,1700,-631*-,愛媛県,1932,45NYAN,愛媛県,0,,-
HAPPY SKY,Little Little Princess,0,,-,1045,SIXPAC,愛媛県,2155,PNSP!!,愛媛県,2774,45NYAN,愛媛県,3786,45NYAN,愛媛県
HAPPY SKY,LESSON 5,0,,-,1225,SIXPAC,愛媛県,1763,HA4MOT,愛媛県,2484,*MSX*,愛媛県,0,,-
HAPPY SKY,INAZUMA,0,,-,1036,SIXPAC,愛媛県,1750,HA4MOT,愛媛県,2725,45NYAN,愛媛県,4027,45NYAN,愛媛県
HAPPY SKY,in motion,0,,-,783,4141*R,愛媛県,1036,BA4MET,愛媛県,1307,KENKEN,愛媛県,0,,-
HAPPY SKY,I am,0,,-,1087,BMI999,愛媛県,1718,HA4MOT,愛媛県,2162,*45*,愛媛県,0,,-
HAPPY SKY,HAPPY☆ANGEL,652,Z0RA,愛媛県,1013,AIR,愛媛県,1504,KA5ME,愛媛県,2100,45NYAN,愛媛県,0,,-
HAPPY SKY,GREEN EYES,0,,-,944,1338KH,愛媛県,1590,HA4MOT,愛媛県,2219,45NYAN,愛媛県,0,,-
HAPPY SKY,Get'em up to R.A.V.E,0,,-,1034,4141*R,愛媛県,1716,HA4MOT,愛媛県,2281,45NYAN,愛媛県,0,,-
HAPPY SKY,garden,0,,-,804,4141*R,愛媛県,1499,HA4MOT,愛媛県,2167,OSE-9,愛媛県,3086,P*4JUN,愛媛県
HAPPY SKY,First Resolution,0,,-,783,4141*R,愛媛県,1558,HA4MOT,愛媛県,2144,IIDX82,愛媛県,0,,-
HAPPY SKY,EMPTY OF THE SKY,0,,-,636,TAPI,愛媛県,1041,*45*,愛媛県,1675,BXUDON,愛媛県,0,,-
HAPPY SKY,EDEN,0,,-,1246,ZETUEI,愛媛県,1895,PNSP!!,愛媛県,2721,45NYAN,愛媛県,3244,45NYAN,愛媛県
HAPPY SKY,double thrash,0,,-,952,SWITCH,愛媛県,2003,NG,愛媛県,2349,45NYAN,愛媛県,0,,-
HAPPY SKY,Catch Me,0,,-,744,POEME,愛媛県,1306,762,愛媛県,1805,45NYAN,愛媛県,0,,-
HAPPY SKY,CaptivAte～浄化～,0,,-,991,SIXPAC,愛媛県,1788,HA4MOT,愛媛県,2465,45NYAN,愛媛県,3432,45NYAN,愛媛県
HAPPY SKY,Aurora,0,,-,1318,QUIU,愛媛県,2116,BA4MET,愛媛県,2542,45NYAN,愛媛県,0,,-
HAPPY SKY,alla turca con passione,0,,-,769,4141*R,愛媛県,1574,HA4MOT,愛媛県,2184,45NYAN,愛媛県,0,,-
HAPPY SKY,Agnus Dei,0,,-,843,SWITCH,愛媛県,1609,HA4MOT,愛媛県,2084,45NYAN,愛媛県,0,,-
HAPPY SKY,100％ minimoo-G,0,,-,893,SIXPAC,愛媛県,1647,18KING,愛媛県,1712,IIDX82,愛媛県,0,,-
DistorteD,虹色,0,,-,914,SIXPAC,愛媛県,1522,HA4MOT,愛媛県,1849,IIDX82,愛媛県,0,,-
DistorteD,華蝶風雪,0,,-,1200,POEME,愛媛県,2105,OMOTO,愛媛県,2962,45NYAN,愛媛県,3979,45NYAN,愛媛県
DistorteD,罠,0,,-,549,4141*R,愛媛県,1523,HA4MOT,愛媛県,2455,P*4JUN,愛媛県,0,,-
DistorteD,嘆きの樹,0,,-,1719,HA4MOT,愛媛県,2488,GLG13,愛媛県,3861,45NYAN,愛媛県,0,,-
DistorteD,タシカナモノ,0,,-,893,4141*R,愛媛県,1421,HA4MOT,愛媛県,2017,45NYAN,愛媛県,0,,-
DistorteD,カゴノトリ～弐式～,0,,-,1034,SIXPAC,愛媛県,1810,PNSP!!,愛媛県,2631,45NYAN,愛媛県,0,,-
DistorteD,Zenius -I- vanisher,0,,-,940,4141*R,愛媛県,1570,OSE-9,愛媛県,2396,45NYAN,愛媛県,0,,-
DistorteD,with you…,0,,-,737,NYAN,愛媛県,1118,BA4MET,愛媛県,1774,45NYAN,愛媛県,0,,-
DistorteD,WISH(EUROBEAT MIX),0,,-,978,AIR,愛媛県,1572,HA4MOT,愛媛県,1968,45NYAN,愛媛県,0,,-
DistorteD,Why did you go away,634,Z0RA,愛媛県,1024,SAYAKA,愛媛県,1758,HA4MOT,愛媛県,2316,45NYAN,愛媛県,0,,-
DistorteD,waxing and wanding,0,,-,1305,18KING,愛媛県,1986,OMOTO,愛媛県,2887,45NYAN,愛媛県,3959,45NYAN,愛媛県
DistorteD,TYPE MARS(G-Style Mix),0,,-,1027,4141*R,愛媛県,1845,HA4MOT,愛媛県,2397,45NYAN,愛媛県,0,,-
DistorteD,tripping contact(teranoid&MC Natsack Remix),0,,-,1212,QUIU,愛媛県,1935,HA4MOT,愛媛県,2440,P*4JUN,愛媛県,0,,-
DistorteD,This is Love,0,,-,937,PNSP!!,愛媛県,1741,HA4MOT,愛媛県,2485,45NYAN,愛媛県,0,,-
DistorteD,The Dirty of Loudness,0,,-,1372,PO,愛媛県,2235,GLG13,愛媛県,2622,*45*,愛媛県,0,,-
DistorteD,Sun Field,0,,-,519,BTBOCO,愛媛県,1515,HA4MOT,愛媛県,2438,*45*,愛媛県,0,,-
DistorteD,So Fabulous !!,0,,-,1025,AIR,愛媛県,1493,HA4MOT,愛媛県,2346,*45*,愛媛県,0,,-
DistorteD,Power of Love,0,,-,892,NYAN,愛媛県,1598,HA4MOT,愛媛県,2127,MAMMY#,愛媛県,0,,-
DistorteD,MOON,0,,-,805,4141*R,愛媛県,2054,HA4MOT,愛媛県,2206,P*4JUN,愛媛県,0,,-
DistorteD,MINT,0,,-,964,ZETUEI,愛媛県,1761,BA4MET,愛媛県,2292,*45*,愛媛県,0,,-
DistorteD,Melody Life,0,,-,0,,-,1262,BA4MET,愛媛県,1811,18KING,愛媛県,0,,-
DistorteD,Leaving...,0,,-,737,4141*R,愛媛県,1335,HA4MOT,愛媛県,2196,45NYAN,愛媛県,0,,-
DistorteD,INFERNO,0,,-,1054,4141*R,愛媛県,1551,HA4MOT,愛媛県,1983,45NYAN,愛媛県,0,,-
DistorteD,Heavenly Sun (IIDX VERSION),0,,-,768,BTBOCO,愛媛県,1549,HA4MOT,愛媛県,2104,IIDX82,愛媛県,0,,-
DistorteD,Harmony and Lovely,0,,-,853,SAYAKA,愛媛県,1737,HA4MOT,愛媛県,2236,45NYAN,愛媛県,0,,-
DistorteD,Ganymede,0,,-,1061,TUKKO3,愛媛県,1697,HA4MOT,愛媛県,2320,IIDX82,愛媛県,2494,45NYAN,愛媛県
DistorteD,EURO-ROMANCE,0,,-,876,SAYAKA,愛媛県,1808,HA4MOT,愛媛県,2103,45NYAN,愛媛県,0,,-
DistorteD,DUE TOMORROW,0,,-,814,MARCO,愛媛県,1422,HA4MOT,愛媛県,1974,OSE-9,愛媛県,0,,-
DistorteD,Double Loving Heart,0,,-,544,4141*R,愛媛県,1284,BA4MET,愛媛県,1815,45NYAN,愛媛県,0,,-
DistorteD,D.C.fish,0,,-,939,MIZUKI,愛媛県,1916,HA4MOT,愛媛県,2349,45NYAN,愛媛県,0,,-
DistorteD,CONTRACT,0,,-,1217,HA4MOT,愛媛県,1634,SKYPE,愛媛県,2053,45NYAN,愛媛県,2764,45NYAN,愛媛県
DistorteD,Concertino in Blue,371,Z0RA,愛媛県,766,SIXPAC,愛媛県,1639,HA4MOT,愛媛県,2506,45NYAN,愛媛県,0,,-
DistorteD,Broadbanded,0,,-,847,W&T,愛媛県,1384,PNSP!!,愛媛県,2016,45NYAN,愛媛県,0,,-
DistorteD,BOOM BOOM DISCO NIGHT,0,,-,966,POEME,愛媛県,1784,HA4MOT,愛媛県,2293,45NYAN,愛媛県,0,,-
DistorteD,Bloody Tears(IIDX EDITION),0,,-,1025,SAYAKA,愛媛県,1935,BA4MET,愛媛県,2178,45NYAN,愛媛県,0,,-
DistorteD,BALLAD THE FEATHERS,0,,-,667,AIR,愛媛県,1054,BA4MET,愛媛県,1516,45NYAN,愛媛県,0,,-
DistorteD,Apocalypse ～dirge of swans～,238,POMI,愛媛県,935,SE27-L,愛媛県,1734,HA4MOT,愛媛県,2385,P*4JUN,愛媛県,0,,-
DistorteD,ALFARSHEAR 双神威に廻る夢,436,Z0RA,愛媛県,1033,AIR,愛媛県,1629,HA4MOT,愛媛県,2088,IIDX82,愛媛県,0,,-
GOLD,電人、暁に斃れる。,637,Z0RA,愛媛県,1428,SIXPAC,愛媛県,2365,KENKEN,愛媛県,3393,45NYAN,愛媛県,0,,-
GOLD,零 - ZERO -,219,GONTA#,愛媛県,1123,QUIU,愛媛県,1744,KRAG.K,愛媛県,2306,*45*,愛媛県,0,,-
GOLD,花吹雪 ～ IIDX LIMITED ～,0,,-,691,4141*R,愛媛県,1096,BA4MET,愛媛県,1432,45NYAN,愛媛県,0,,-
GOLD,星をこの手に,0,,-,1104,4141*R,愛媛県,1772,HA4MOT,愛媛県,2170,45NYAN,愛媛県,0,,-
GOLD,リグレット,0,,-,1239,POEME,愛媛県,1740,TORI10,愛媛県,2424,IIDX82,愛媛県,0,,-
GOLD,ヨシダさん,0,,-,889,POEME,愛媛県,1392,HA4MOT,愛媛県,1970,45NYAN,愛媛県,0,,-
GOLD,クルクル☆ラブ～Opioid Peptide MIX～,429,Z0RA,愛媛県,956,SIXPAC,愛媛県,1407,TKN,愛媛県,2259,45NYAN,愛媛県,0,,-
GOLD,With your Smile,0,,-,693,SAYAKA,愛媛県,1167,SWITCH,愛媛県,1576,45NYAN,愛媛県,0,,-
GOLD,Watch out!!,0,,-,702,SIXPAC,愛媛県,1024,BA4MET,愛媛県,1594,P*4JUN,愛媛県,0,,-
GOLD,VANESSA,0,,-,1118,HA4MOT,愛媛県,1790,P*4JUN,愛媛県,2409,45NYAN,愛媛県,3352,45NYAN,愛媛県
GOLD,TRANOID,0,,-,745,SE27-L,愛媛県,1724,HA4MOT,愛媛県,2208,45NYAN,愛媛県,2975,45NYAN,愛媛県
GOLD,The Smile of You,0,,-,898,GYAREN,愛媛県,1252,HA4MOT,愛媛県,1630,*MSX*,愛媛県,0,,-
GOLD,the shadow,0,,-,1178,SIXPAC,愛媛県,2025,HA4MOT,愛媛県,2897,IIDX82,愛媛県,0,,-
GOLD,snow storm,227,Z0RA,愛媛県,777,AIR,愛媛県,2196,HA4MOT,愛媛県,2783,OMOTO,愛媛県,3390,45NYAN,愛媛県
GOLD,smile,0,,-,1419,POEME,愛媛県,2053,HA4MOT,愛媛県,2886,45NYAN,愛媛県,0,,-
GOLD,Sense 2007,0,,-,1478,HA4MOT,愛媛県,2252,P*4JUN,愛媛県,2937,45NYAN,愛媛県,0,,-
GOLD,Second Heaven,223,Z0RA,愛媛県,943,AIR,愛媛県,1474,HA4MOT,愛媛県,2106,P*4JUN,愛媛県,0,,-
GOLD,Roulette,0,,-,869,POEME,愛媛県,1390,HA4MOT,愛媛県,2124,45NYAN,愛媛県,0,,-
GOLD,PHOTONGENIC,0,,-,1248,POEME,愛媛県,1948,PNSP!!,愛媛県,2316,45NYAN,愛媛県,0,,-
GOLD,op.31 叙情,0,,-,550,L#WIND,愛媛県,1248,762,愛媛県,1581,45NYAN,愛媛県,0,,-
GOLD,never…,0,,-,778,BTBOCO,愛媛県,1343,BA4MET,愛媛県,1812,45NYAN,愛媛県,0,,-
GOLD,METALLIC MIND,0,,-,763,4141*R,愛媛県,1396,HA4MOT,愛媛県,1615,P*4JUN,愛媛県,0,,-
GOLD,Make Me Your Own,0,,-,819,SIXPAC,愛媛県,1523,AB#595,愛媛県,2128,45NYAN,愛媛県,0,,-
GOLD,Love Again...,0,,-,548,TAPI,愛媛県,753,BA4MET,愛媛県,1066,LEMON*,愛媛県,0,,-
GOLD,LASER CRUSTER,0,,-,1380,KA5ME,愛媛県,2390,762,愛媛県,3242,45NYAN,愛媛県,0,,-
GOLD,KAMAITACHI,0,,-,1196,POEME,愛媛県,1965,HA4MOT,愛媛県,2710,45NYAN,愛媛県,3823,45NYAN,愛媛県
GOLD,INORI,0,,-,1339,POEME,愛媛県,2533,HA4MOT,愛媛県,3175,45NYAN,愛媛県,0,,-
GOLD,High School Love,397,Z0RA,愛媛県,815,BTBOCO,愛媛県,1539,GERRY,愛媛県,2204,45NYAN,愛媛県,0,,-
GOLD,heaven above,0,,-,750,NYAN,愛媛県,1337,HA4MOT,愛媛県,1836,*45*,愛媛県,0,,-
GOLD,GRID KNIGHT,0,,-,751,4141*R,愛媛県,1912,POMI,愛媛県,2612,NGG,愛媛県,3463,45NYAN,愛媛県
GOLD,GOLD RUSH,549,Z0RA,愛媛県,1147,ZETUEI,愛媛県,1444,HA4MOT,愛媛県,2364,45NYAN,愛媛県,0,,-
GOLD,four-leaf,0,,-,738,4141*R,愛媛県,1237,BA4MET,愛媛県,1720,45NYAN,愛媛県,0,,-
GOLD,FIRE FIRE,554,Z0RA,愛媛県,1130,QUIU,愛媛県,1771,LEMON*,愛媛県,2756,45NYAN,愛媛県,0,,-
GOLD,Fascination MAXX,0,,-,921,QUIU,愛媛県,1634,45NYAN,愛媛県,2437,45NYAN,愛媛県,0,,-
GOLD,Cyber Force,0,,-,1223,QUIU,愛媛県,1836,HA4MOT,愛媛県,2383,45NYAN,愛媛県,0,,-
GOLD,CROSSROAD ～Left Story～,0,,-,1086,SIXPAC,愛媛県,1750,PNSP!!,愛媛県,2191,P*4JUN,愛媛県,0,,-
GOLD,CaptivAte～誓い～,0,,-,1217,POEME,愛媛県,1938,HA4MOT,愛媛県,2246,45NYAN,愛媛県,0,,-
GOLD,CaptivAte～裁き～,421,Z0RA,愛媛県,786,POEME,愛媛県,1311,OSE-9,愛媛県,1777,45NYAN,愛媛県,0,,-
GOLD,Candy Galy,0,,-,1425,AIR,愛媛県,2528,LEMON*,愛媛県,3557,45NYAN,愛媛県,0,,-
GOLD,"Blind Justice ～Torn souls, Hurt Faiths ～",0,,-,1293,ZETUEI,愛媛県,1940,HA4MOT,愛媛県,2480,45NYAN,愛媛県,0,,-
GOLD,ANDROMEDA II,0,,-,961,QUIU,愛媛県,1876,KOUZI,愛媛県,2478,OSE-9,愛媛県,0,,-
GOLD,Air Bell,0,,-,932,SIXPAC,愛媛県,1331,NG,愛媛県,1721,45NYAN,愛媛県,0,,-
DJ TROOPERS,走馬灯 -The Last Song-,0,,-,490,FAMI,愛媛県,856,SA,愛媛県,1327,*78-R*,愛媛県,0,,-
DJ TROOPERS,華爛漫 -Flowers-,331,SAYAKA,愛媛県,985,QUIU,愛媛県,1592,OOO,愛媛県,2046,OSE-9,愛媛県,3180,45NYAN,愛媛県
DJ TROOPERS,少年A,0,,-,1203,NACCHI,愛媛県,2152,NG,愛媛県,2815,45NYAN,愛媛県,0,,-
DJ TROOPERS,ミラージュ・レジデンス,0,,-,1073,4141*R,愛媛県,2015,HA4MOT,愛媛県,2628,45NYAN,愛媛県,3243,P*4JUN,愛媛県
DJ TROOPERS,マチ子の唄,0,,-,791,SAYAKA,愛媛県,1275,BA4MET,愛媛県,1798,45NYAN,愛媛県,0,,-
DJ TROOPERS,エコ爺,339,MARCO,愛媛県,795,QUIU,愛媛県,1264,BA4MET,愛媛県,1834,*MSX*,愛媛県,0,,-
DJ TROOPERS,Wanna Party?,0,,-,712,SAYAKA,愛媛県,1143,HA4MOT,愛媛県,1513,45NYAN,愛媛県,2581,45NYAN,愛媛県
DJ TROOPERS,Ubertreffen,0,,-,1013,UNO.S,愛媛県,1932,NG,愛媛県,2528,45NYAN,愛媛県,3272,45NYAN,愛媛県
DJ TROOPERS,TROOPERS,0,,-,1191,NG,愛媛県,2310,HA4MOT,愛媛県,2945,45NYAN,愛媛県,0,,-
DJ TROOPERS,TRIP MACHINE PhoeniX,0,,-,666,XU,愛媛県,1606,HA4MOT,愛媛県,1843,45NYAN,愛媛県,0,,-
DJ TROOPERS,Time to Air,0,,-,1227,QUIU,愛媛県,2091,OMOTO,愛媛県,2885,45NYAN,愛媛県,3662,45NYAN,愛媛県
DJ TROOPERS,the trigger of innocence,0,,-,861,SAYAKA,愛媛県,1167,NG,愛媛県,1846,45NYAN,愛媛県,3109,45NYAN,愛媛県
DJ TROOPERS,THE DEEP STRIKER,535,Z0RA,愛媛県,1021,K*Y,愛媛県,2233,P*4JUN,愛媛県,3028,45NYAN,愛媛県,3494,45NYAN,愛媛県
DJ TROOPERS,switch,0,,-,755,SAYAKA,愛媛県,1463,HA4MOT,愛媛県,2087,P*4JUN,愛媛県,0,,-
DJ TROOPERS,STEEL NEEDLE,0,,-,1029,K*Y,愛媛県,2152,P*4JUN,愛媛県,2453,GLG13,愛媛県,3274,45NYAN,愛媛県
DJ TROOPERS,State Of The Art,0,,-,1018,SAYAKA,愛媛県,1491,HA4MOT,愛媛県,3118,45NYAN,愛媛県,0,,-
DJ TROOPERS,SOUND OF GIALLARHORN,503,Z0RA,愛媛県,1246,POEME,愛媛県,2673,HA4MOT,愛媛県,3301,45NYAN,愛媛県,0,,-
DJ TROOPERS,soldier's waltz,0,,-,800,MT2Y0H,愛媛県,1546,HA4MOT,愛媛県,2495,45NYAN,愛媛県,0,,-
DJ TROOPERS,scar in the earth,0,,-,610,ANNA,愛媛県,1021,BA4MET,愛媛県,1516,P*4JUN,愛媛県,0,,-
DJ TROOPERS,satfinal,0,,-,1034,4141*R,愛媛県,1357,HA4MOT,愛媛県,1917,45NYAN,愛媛県,0,,-
DJ TROOPERS,"satellite020712 from ""CODED ARMS""",0,,-,1224,POEME,愛媛県,1866,HA4MOT,愛媛県,2517,45NYAN,愛媛県,0,,-
DJ TROOPERS,Ristaccia,0,,-,1111,MARCO,愛媛県,1945,HA4MOT,愛媛県,2754,45NYAN,愛媛県,0,,-
DJ TROOPERS,Rising in the Sun(original mix),0,,-,918,Z0RA,愛媛県,1631,Z0RA,愛媛県,2347,45NYAN,愛媛県,0,,-
DJ TROOPERS,REMINISCENCE,0,,-,1189,SIXPAC,愛媛県,1821,HA4MOT,愛媛県,2345,45NYAN,愛媛県,0,,-
DJ TROOPERS,PROMISE FOR LIFE,0,,-,578,SAYAKA,愛媛県,1467,BA4MET,愛媛県,1750,KENKEN,愛媛県,0,,-
DJ TROOPERS,PARANOiA ～HADES～,0,,-,1084,IIDX82,愛媛県,1811,*45*,愛媛県,2702,45NYAN,愛媛県,0,,-
DJ TROOPERS,oratio,0,,-,1292,VOLT,愛媛県,2036,NG,愛媛県,2951,45NYAN,愛媛県,0,,-
DJ TROOPERS,NEW GENERATION -もう、お前しか見えない-,0,,-,1012,POEME,愛媛県,1926,HA4MOT,愛媛県,2642,45NYAN,愛媛県,3656,45NYAN,愛媛県
DJ TROOPERS,MENTAL MELTDOWN,0,,-,1129,POEME,愛媛県,2265,P*4JUN,愛媛県,2809,45NYAN,愛媛県,0,,-
DJ TROOPERS,MENDES,0,,-,1112,TAKOSS,愛媛県,2588,DJANAL,愛媛県,3577,45NYAN,愛媛県,0,,-
DJ TROOPERS,MAX LOVE,0,,-,1411,QUIU,愛媛県,2164,P*4JUN,愛媛県,2673,45NYAN,愛媛県,0,,-
DJ TROOPERS,madrugada,0,,-,663,BTBOCO,愛媛県,1187,XU,愛媛県,1835,45NYAN,愛媛県,0,,-
DJ TROOPERS,LOVELY STORM,0,,-,1271,POEME,愛媛県,2123,PO,愛媛県,2836,45NYAN,愛媛県,0,,-
DJ TROOPERS,Kick Out 仮面,0,,-,1138,SIXPAC,愛媛県,1539,HA4MOT,愛媛県,2043,45NYAN,愛媛県,0,,-
DJ TROOPERS,in the Sky,0,,-,1351,QUIU,愛媛県,2130,HA4MOT,愛媛県,2547,45NYAN,愛媛県,0,,-
DJ TROOPERS,ICARUS,0,,-,1293,KENKEN,愛媛県,2101,P*4JUN,愛媛県,2431,45NYAN,愛媛県,3638,45NYAN,愛媛県
DJ TROOPERS,Freeway Shuffle,339,Z0RA,愛媛県,776,UNO.S,愛媛県,1220,HA4MOT,愛媛県,1874,45NYAN,愛媛県,0,,-
DJ TROOPERS,four pieces of heaven,0,,-,825,POEME,愛媛県,1772,HA4MOT,愛媛県,2321,45NYAN,愛媛県,2862,45NYAN,愛媛県
DJ TROOPERS,evergreen,0,,-,921,BARY3,愛媛県,1179,BB-SVN,愛媛県,1885,18KING,愛媛県,0,,-
DJ TROOPERS,end of world,0,,-,962,SIXPAC,愛媛県,1770,HA4MOT,愛媛県,2501,45NYAN,愛媛県,0,,-
DJ TROOPERS,Do it!! Do it!!,0,,-,992,HA4MOT,愛媛県,1511,DJANAL,愛媛県,1925,IIDX82,愛媛県,0,,-
DJ TROOPERS,Digitank System,0,,-,868,4141*R,愛媛県,1522,YAKI29,愛媛県,2088,45NYAN,愛媛県,0,,-
DJ TROOPERS,Dazzlin' Darlin,343,Z0RA,愛媛県,896,TORI,愛媛県,1377,TORI,愛媛県,2230,45NYAN,愛媛県,0,,-
DJ TROOPERS,Darling my LUV,0,,-,664,4141*R,愛媛県,970,BA4MET,愛媛県,1378,P*4JUN,愛媛県,0,,-
DJ TROOPERS,Blue Rain,346,Z0RA,愛媛県,994,AAAAAA,愛媛県,1540,TENNOU,愛媛県,2277,45NYAN,愛媛県,3319,45NYAN,愛媛県
DJ TROOPERS,beatonic nation,0,,-,1197,SIXPAC,愛媛県,1855,HA4MOT,愛媛県,2169,45NYAN,愛媛県,0,,-
DJ TROOPERS,Be OK,0,,-,917,POEME,愛媛県,1733,HA4MOT,愛媛県,2419,45NYAN,愛媛県,3282,P*4JUN,愛媛県
DJ TROOPERS,avant-guerre,0,,-,695,BTBOCO,愛媛県,1260,HA4MOT,愛媛県,1934,45NYAN,愛媛県,0,,-
DJ TROOPERS,"Anisakis -somatic mutation type""Forza""-",0,,-,1199,ZETUEI,愛媛県,2074,LEMON*,愛媛県,2863,45NYAN,愛媛県,3816,45NYAN,愛媛県
DJ TROOPERS,2 tribe 4 K,0,,-,801,SAYAKA,愛媛県,1322,PNSP!!,愛媛県,2736,P*4JUN,愛媛県,0,,-
EMPRESS,鉄甲乙女-under the steel-,0,,-,899,SAYAKA,愛媛県,1597,HA4MOT,愛媛県,2183,45NYAN,愛媛県,0,,-
EMPRESS,翼,0,,-,859,4141*R,愛媛県,1482,HA4MOT,愛媛県,1964,OMOTO,愛媛県,2509,P*4JUN,愛媛県
EMPRESS,山岡晃の「クイズ！家事都合！」,0,,-,663,QUIU,愛媛県,1280,POEME,愛媛県,2063,45NYAN,愛媛県,0,,-
EMPRESS,天空脳番長危機十六連打,0,,-,881,NYAN,愛媛県,2082,HA4MOT,愛媛県,2606,45NYAN,愛媛県,0,,-
EMPRESS,卑弥呼,0,,-,1206,PNSP!!,愛媛県,2670,IIDX82,愛媛県,3934,45NYAN,愛媛県,0,,-
EMPRESS,凛として咲く花の如く,386,Z0RA,愛媛県,1284,ZETUEI,愛媛県,2151,OMOTO,愛媛県,2775,OMOTO,愛媛県,3183,45NYAN,愛媛県
EMPRESS,不沈艦CANDY,599,Z0RA,愛媛県,1159,QUIU,愛媛県,1883,POMI,愛媛県,3296,45NYAN,愛媛県,0,,-
EMPRESS,ミッドナイト堕天使,0,,-,928,QUIU,愛媛県,1584,HA4MOT,愛媛県,2768,OSE-9,愛媛県,0,,-
EMPRESS,ハリツヤランデヴー,0,,-,932,AIR,愛媛県,2135,GLG13,愛媛県,2487,*45*,愛媛県,0,,-
EMPRESS,まほろば,0,,-,766,IYOAZM,愛媛県,1420,HA4MOT,愛媛県,2050,45NYAN,愛媛県,0,,-
EMPRESS,"You'll say ""Now!""",0,,-,1146,POEME,愛媛県,1805,BA4MET,愛媛県,2489,45NYAN,愛媛県,0,,-
EMPRESS,Y&Co. is dead or alive,0,,-,1055,18KING,愛媛県,1694,HA4MOT,愛媛県,2742,P*4JUN,愛媛県,0,,-
EMPRESS,V2,788,Z0RA,愛媛県,1431,SIXPAC,愛媛県,3160,45NYAN,愛媛県,3578,45NYAN,愛媛県,0,,-
EMPRESS,Turii ～Panta rhei～,369,Z0RA,愛媛県,818,BTBOCO,愛媛県,2005,HA4MOT,愛媛県,2664,45NYAN,愛媛県,0,,-
EMPRESS,THANK YOU FOR PLAYING,0,,-,782,$MAGES,愛媛県,1583,NEKI,愛媛県,2096,18KING,愛媛県,2934,45NYAN,愛媛県
EMPRESS,SOLITON BEAM,0,,-,1363,POEME,愛媛県,2056,HA4MOT,愛媛県,2334,OSE-9,愛媛県,0,,-
EMPRESS,smooooch・∀・,388,Z0RA,愛媛県,802,MARCO,愛媛県,1585,POMI,愛媛県,2152,P*4JUN,愛媛県,2814,P*4JUN,愛媛県
EMPRESS,Secrets,0,,-,1192,POEME,愛媛県,2452,GLG13,愛媛県,3157,45NYAN,愛媛県,4101,45NYAN,愛媛県
EMPRESS,Queen's Tragedy,0,,-,802,MARCO,愛媛県,1644,HA4MOT,愛媛県,2241,45NYAN,愛媛県,0,,-
EMPRESS,Punch Love 仮面,0,,-,1092,QUIU,愛媛県,1667,NYAN8S,愛媛県,2509,P*4JUN,愛媛県,3209,45NYAN,愛媛県
EMPRESS,Programmed World,0,,-,854,4141*R,愛媛県,1728,HA4MOT,愛媛県,2306,45NYAN,愛媛県,0,,-
EMPRESS,NΦ CRIME,285,Z0RA,愛媛県,796,4141*R,愛媛県,1431,L#WIND,愛媛県,1896,45NYAN,愛媛県,2400,P*4JUN,愛媛県
EMPRESS,neogenesis,0,,-,985,18KING,愛媛県,1320,BA4MET,愛媛県,1712,*45*,愛媛県,2293,P*4JUN,愛媛県
EMPRESS,naughty girl@Queen's Palace,0,,-,807,4141*R,愛媛県,1650,PNSP!!,愛媛県,2143,P*4JUN,愛媛県,2668,P*4JUN,愛媛県
EMPRESS,Monkey Dance '09,0,,-,848,QUIU,愛媛県,1692,HA4MOT,愛媛県,2257,45NYAN,愛媛県,0,,-
EMPRESS,Mind Mapping,509,Z0RA,愛媛県,827,QUIU,愛媛県,1215,TORI,愛媛県,1818,18KING,愛媛県,2227,45NYAN,愛媛県
EMPRESS,Kung-fu Empire,0,,-,1441,MF#ARR,愛媛県,2554,HA4MOT,愛媛県,3235,45NYAN,愛媛県,3914,45NYAN,愛媛県
EMPRESS,Just a Little Smile,0,,-,758,4141*R,愛媛県,1323,HA4MOT,愛媛県,2456,45NYAN,愛媛県,0,,-
EMPRESS,Jack,0,,-,876,VOLT,愛媛県,1363,HA4MOT,愛媛県,2165,45NYAN,愛媛県,0,,-
EMPRESS,I'm Screaming LOVE,0,,-,598,18KING,愛媛県,1291,TORI,愛媛県,1691,P*4JUN,愛媛県,0,,-
EMPRESS,HYPERION,0,,-,1067,SIXPAC,愛媛県,2029,HA4MOT,愛媛県,2743,*45*,愛媛県,0,,-
EMPRESS,Go Beyond!!,539,Z0RA,愛媛県,1038,PO,愛媛県,1715,PNSP!!,愛媛県,2184,45NYAN,愛媛県,0,,-
EMPRESS,Fly Above,0,,-,955,K.Y,愛媛県,1617,TORI,愛媛県,2031,45NYAN,愛媛県,0,,-
EMPRESS,Flash Back 90's,0,,-,897,AMBASA,愛媛県,1876,PNSP!!,愛媛県,2337,*45*,愛媛県,2893,45NYAN,愛媛県
EMPRESS,Cyber Force -DJ Yoshitaka Remix- ,0,,-,976,MIZUKI,愛媛県,1793,HA4MOT,愛媛県,2470,LEMON*,愛媛県,0,,-
EMPRESS,Colorful Cookie,654,MARCO,愛媛県,1130,POMI,愛媛県,2278,OMOTO,愛媛県,3485,45NYAN,愛媛県,0,,-
EMPRESS,CaptivAte2～覚醒～,241,Z0RA,愛媛県,998,NYAN,愛媛県,1628,TORI,愛媛県,2416,45NYAN,愛媛県,0,,-
EMPRESS,BRIDAL FESTIVAL !!!,0,,-,874,SAYAKA,愛媛県,1506,OSE-9,愛媛県,2120,45NYAN,愛媛県,0,,-
EMPRESS,BITTER CHOCOLATE STRIKER,0,,-,1029,POEME,愛媛県,2207,LEMON*,愛媛県,3914,45NYAN,愛媛県,0,,-
EMPRESS,Bahram Attack-猫叉Master Remix-,0,,-,1014,4141*R,愛媛県,1949,KOMOTO,愛媛県,2624,45NYAN,愛媛県,3262,45NYAN,愛媛県
EMPRESS,B4U(BEMANI FOR YOU MIX),0,,-,1076,C4IN,愛媛県,2314,KOMOTO,愛媛県,3573,45NYAN,愛媛県,4559,45NYAN,愛媛県
EMPRESS,Arabian Rave Night,0,,-,1242,UNO.S,愛媛県,2202,HA4MOT,愛媛県,2910,*45*,愛媛県,3678,45NYAN,愛媛県
EMPRESS,ALL MY TURN -このターンに、オレの全てを賭ける-,0,,-,1010,POEME,愛媛県,1854,PNSP!!,愛媛県,2565,P*4JUN,愛媛県,0,,-
EMPRESS,ALL I NEED YOUR LOVE,0,,-,1041,ZETUEI,愛媛県,1675,HA4MOT,愛媛県,2131,45NYAN,愛媛県,0,,-
EMPRESS,3y3s,546,Z0RA,愛媛県,1457,QUIU,愛媛県,2542,OOO,愛媛県,3467,*45*,愛媛県,0,,-
SIRIUS,"水上の提督(Short mix from ""幻想水滸伝V"")",0,,-,676,ZETUEI,愛媛県,1608,HA4MOT,愛媛県,2086,OSE-9,愛媛県,0,,-
SIRIUS,未来のプリズム,0,,-,678,MF#ARR,愛媛県,1360,KU4KA2,愛媛県,1763,P*4JUN,愛媛県,0,,-
SIRIUS,ワルツ第17番 ト短調”大犬のワルツ”,0,,-,1278,IIDX82,愛媛県,2240,GLG13,愛媛県,3188,45NYAN,愛媛県,0,,-
SIRIUS,バビロニア,0,,-,794,MF#ARR,愛媛県,1361,L#WIND,愛媛県,1865,P*4JUN,愛媛県,0,,-
SIRIUS,サヨナラ・ヘヴン,372,Z0RA,愛媛県,874,4141*R,愛媛県,1340,BA4MET,愛媛県,1661,P*4JUN,愛媛県,0,,-
SIRIUS,コスモス,0,,-,891,QUIU,愛媛県,1483,HA4MOT,愛媛県,2090,*45*,愛媛県,0,,-
SIRIUS,たからもの,0,,-,1236,QUIU,愛媛県,1876,P*4JUN,愛媛県,2238,OMOTO,愛媛県,3533,P*4JUN,愛媛県
SIRIUS,かずあそび,0,,-,521,TAPI,愛媛県,1162,BA4MET,愛媛県,1690,P*4JUN,愛媛県,0,,-
SIRIUS,The Story Begins,0,,-,820,MF#ARR,愛媛県,1793,HA4MOT,愛媛県,2435,*45*,愛媛県,0,,-
SIRIUS,THE LAST STRIKER,0,,-,1383,QUIU,愛媛県,1913,PNSP!!,愛媛県,2634,45NYAN,愛媛県,0,,-
SIRIUS,Special One,0,,-,795,NYAN,愛媛県,1172,KOUZI,愛媛県,1752,*45*,愛媛県,0,,-
SIRIUS,Sorrows,0,,-,766,MF#ARR,愛媛県,1667,HA4MOT,愛媛県,2474,P*4JUN,愛媛県,0,,-
SIRIUS,SOLID STATE SQUAD,0,,-,1011,MF#ARR,愛媛県,2260,HA4MOT,愛媛県,3568,45NYAN,愛媛県,3616,45NYAN,愛媛県
SIRIUS,She is my wife,425,Z0RA,愛媛県,656,MF#ARR,愛媛県,1467,HA4MOT,愛媛県,1945,P*4JUN,愛媛県,0,,-
SIRIUS,Session 1 -Genesis-,0,,-,897,MF#ARR,愛媛県,1591,HA4MOT,愛媛県,2442,45NYAN,愛媛県,0,,-
SIRIUS,Roots of my way!,0,,-,864,MF#ARR,愛媛県,1291,HA4MOT,愛媛県,2048,45NYAN,愛媛県,0,,-
SIRIUS,Red. by Full Metal Jacket,0,,-,968,KA5ME,愛媛県,2030,OOO,愛媛県,3182,P*4JUN,愛媛県,0,,-
SIRIUS,Raison d'etre～交差する宿命～,0,,-,1131,MARCO,愛媛県,2274,HA4MOT,愛媛県,2701,GLG13,愛媛県,0,,-
SIRIUS,quell～the seventh slave～,0,,-,924,MF#ARR,愛媛県,1768,HA4MOT,愛媛県,3171,45NYAN,愛媛県,0,,-
SIRIUS,Programmed Sun,0,,-,1071,MF#ARR,愛媛県,1850,18KING,愛媛県,2567,45NYAN,愛媛県,0,,-
SIRIUS,NoN-Fiction Story!,0,,-,703,SE27-L,愛媛県,1380,HA4MOT,愛媛県,2212,45NYAN,愛媛県,0,,-
SIRIUS,NEW SENSATION -もう、あなたしか見えない-,0,,-,1231,MF#ARR,愛媛県,2021,POMI,愛媛県,2655,IIDX82,愛媛県,0,,-
SIRIUS,mosaic,0,,-,1495,KOMOTO,愛媛県,2060,OMOTO,愛媛県,3010,45NYAN,愛媛県,0,,-
SIRIUS,MIRACLE MEETS,0,,-,941,MF#ARR,愛媛県,1546,HA4MOT,愛媛県,2228,45NYAN,愛媛県,0,,-
SIRIUS,Light Shine,0,,-,782,MF#ARR,愛媛県,1126,HA4MOT,愛媛県,1958,45NYAN,愛媛県,0,,-
SIRIUS,Last Burning,0,,-,838,MF#ARR,愛媛県,1575,HA4MOT,愛媛県,2320,GIORNO,愛媛県,0,,-
SIRIUS,Keep it-秋葉工房mix-,0,,-,983,MF#ARR,愛媛県,1613,HA4MOT,愛媛県,1866,*45*,愛媛県,0,,-
SIRIUS,IN THE NAME OF LOVE,529,Z0RA,愛媛県,728,MF#ARR,愛媛県,1369,HA4MOT,愛媛県,1934,45NYAN,愛媛県,0,,-
SIRIUS,Hydrogen Blueback,0,,-,984,MF#ARR,愛媛県,1677,HA4MOT,愛媛県,2313,IIDX82,愛媛県,2395,P*4JUN,愛媛県
SIRIUS,GOLDEN CROSS,0,,-,1090,LEMON*,愛媛県,2053,HA4MOT,愛媛県,3479,45NYAN,愛媛県,0,,-
SIRIUS,GALGALIM,0,,-,1373,UNO.S,愛媛県,1944,HA4MOT,愛媛県,2337,P*4JUN,愛媛県,0,,-
SIRIUS,G59,0,,-,1697,MF#ARR,愛媛県,2299,NG,愛媛県,3913,45NYAN,愛媛県,0,,-
SIRIUS,EXUSIA,0,,-,1197,MF#ARR,愛媛県,2615,HA4MOT,愛媛県,3858,45NYAN,愛媛県,0,,-
SIRIUS,Evans,601,Z0RA,愛媛県,1204,AIR,愛媛県,2191,45NYAN,愛媛県,2834,45NYAN,愛媛県,0,,-
SIRIUS,eRAseRmOToRpHAntOM,0,,-,1540,HA4MOT,愛媛県,2515,OGAWA,愛媛県,3294,45NYAN,愛媛県,0,,-
SIRIUS,Empire State Glory,0,,-,1078,MF#ARR,愛媛県,1826,18KING,愛媛県,2609,OOO,愛媛県,0,,-
SIRIUS,Elisha,428,Z0RA,愛媛県,884,MF#ARR,愛媛県,1468,OMOTO,愛媛県,2280,45NYAN,愛媛県,0,,-
SIRIUS,DROP,0,,-,811,MF#ARR,愛媛県,2069,HA4MOT,愛媛県,2623,45NYAN,愛媛県,0,,-
SIRIUS,DOMINION,0,,-,1163,MF#ARR,愛媛県,2292,NG,愛媛県,3215,45NYAN,愛媛県,0,,-
SIRIUS,DESIRE,0,,-,895,MF#ARR,愛媛県,1930,HA4MOT,愛媛県,2849,*45*,愛媛県,0,,-
SIRIUS,Dazzlin' Darlin-秋葉工房mix-,0,,-,783,GERRY,愛媛県,1491,18KING,愛媛県,2096,*45*,愛媛県,0,,-
SIRIUS,DAWN -THE NEXT ENDEAVOUR-,0,,-,1576,POEME,愛媛県,2639,UME.,愛媛県,3137,45NYAN,愛媛県,0,,-
SIRIUS,D,0,,-,1440,HA4MOT,愛媛県,1841,18KING,愛媛県,2484,45NYAN,愛媛県,0,,-
SIRIUS,CaptivAte～裁き～(SUBLIME TECHNO MIX),0,,-,983,QUIU,愛媛県,1609,HA4MOT,愛媛県,2441,P*4JUN,愛媛県,0,,-
SIRIUS,bloomin' feeling,386,Z0RA,愛媛県,1279,OSE-9,愛媛県,1946,OMOTO,愛媛県,2587,IIDX82,愛媛県,0,,-
SIRIUS,being torn the sky,0,,-,635,MF#ARR,愛媛県,1195,BA4MET,愛媛県,1972,KA2DON,愛媛県,0,,-
SIRIUS,BEAUTIFUL ANGEL,0,,-,609,MF#ARR,愛媛県,1794,PNSP!!,愛媛県,2488,45NYAN,愛媛県,0,,-
SIRIUS,beatchic☆仮面～好き、でいさせて～,0,,-,965,4141*R,愛媛県,1575,YANGAS,愛媛県,2020,45NYAN,愛媛県,0,,-
SIRIUS,bass 2 bass,277,Z0RA,愛媛県,701,UNO.S,愛媛県,1249,TAKOSS,愛媛県,1904,45NYAN,愛媛県,0,,-
SIRIUS,Bad Maniacs,0,,-,1248,MT2Y0H,愛媛県,1825,NG,愛媛県,3226,45NYAN,愛媛県,0,,-
SIRIUS,Almagest,0,,-,1024,NGGG,愛媛県,2203,45NYAN,愛媛県,3093,45NYAN,愛媛県,0,,-
SIRIUS,AIR RAID FROM THA UNDAGROUND,528,Z0RA,愛媛県,1136,AIR,愛媛県,1765,HA4MOT,愛媛県,2314,45NYAN,愛媛県,2968,45NYAN,愛媛県
Resort Anthem,黒髪乱れし修羅となりて,0,,-,780,TAKOSS,愛媛県,2010,KRAG.K,愛媛県,3463,45NYAN,愛媛県,0,,-
Resort Anthem,灼熱Beach Side Bunny,580,Z0RA,愛媛県,1095,MF#ARR,愛媛県,1940,762,愛媛県,3142,P*4JUN,愛媛県,0,,-
Resort Anthem,旅人リラン,0,,-,1109,POEME,愛媛県,1903,HA4MOT,愛媛県,2635,45NYAN,愛媛県,0,,-
Resort Anthem,夕焼け ～Fading Day～,0,,-,975,MF#ARR,愛媛県,2036,HA4MOT,愛媛県,2809,45NYAN,愛媛県,0,,-
Resort Anthem,中華急行,0,,-,323,GONTA#,愛媛県,1512,PNSP!!,愛媛県,2319,45NYAN,愛媛県,0,,-
Resort Anthem,かげぬい ～ Ver.BENIBOTAN ～,517,Z0RA,愛媛県,821,BTBOCO,愛媛県,1372,BA4MET,愛媛県,1917,P*4JUN,愛媛県,0,,-
Resort Anthem,おおきなこえで,0,,-,445,TAPI,愛媛県,990,SAKAKI,愛媛県,1466,TONKO2,愛媛県,2126,P*4JUN,愛媛県
Resort Anthem,ZETA～素数の世界と超越者～,322,Z0RA,愛媛県,580,MF#ARR,愛媛県,2140,P*4JUN,愛媛県,3108,45NYAN,愛媛県,0,,-
Resort Anthem,XANADU OF TWO,0,,-,964,4141*R,愛媛県,1711,HA4MOT,愛媛県,2756,45NYAN,愛媛県,0,,-
Resort Anthem,Wuv U,0,,-,410,MF#ARR,愛媛県,1276,HA4MOT,愛媛県,1716,45NYAN,愛媛県,0,,-
Resort Anthem,WISE UP!,335,Z0RA,愛媛県,484,MF#ARR,愛媛県,1162,KOUZI,愛媛県,1577,YAKI29,愛媛県,2600,45NYAN,愛媛県
Resort Anthem,Watch Out Pt.2,0,,-,1114,MF#ARR,愛媛県,1992,GLG13,愛媛県,2872,P*4JUN,愛媛県,0,,-
Resort Anthem,Vermillion,0,,-,527,MF#ARR,愛媛県,1142,HA4MOT,愛媛県,2049,OOO,愛媛県,0,,-
Resort Anthem,Tropical April,0,,-,1584,HA4MOT,愛媛県,2237,HA4MOT,愛媛県,2747,45NYAN,愛媛県,0,,-
Resort Anthem,THE FALLEN,0,,-,900,MF#ARR,愛媛県,1491,HA4MOT,愛媛県,2671,45NYAN,愛媛県,0,,-
Resort Anthem,THE DOOR INTO RAINBOW,0,,-,800,MF#ARR,愛媛県,1668,HA4MOT,愛媛県,2185,45NYAN,愛媛県,0,,-
Resort Anthem,THE BLACK KNIGHT,0,,-,909,MF#ARR,愛媛県,2062,HA4MOT,愛媛県,2915,45NYAN,愛媛県,0,,-
Resort Anthem,STELLAR WIND,376,MARCO,愛媛県,624,MF#ARR,愛媛県,1858,HA4MOT,愛媛県,2644,P*4JUN,愛媛県,0,,-
Resort Anthem,Stay my side,0,,-,621,MF#ARR,愛媛県,1043,BA4MET,愛媛県,1335,P*4JUN,愛媛県,0,,-
Resort Anthem,SPECIAL SUMMER CAMPAIGN!,0,,-,703,MF#ARR,愛媛県,1604,XU,愛媛県,2986,45NYAN,愛媛県,0,,-
Resort Anthem,Space Time,0,,-,616,MF#ARR,愛媛県,1676,KOUZI,愛媛県,2200,45NYAN,愛媛県,0,,-
Resort Anthem,Session 9 -Chronicles-,0,,-,750,SAYAKA,愛媛県,2297,HA4MOT,愛媛県,3612,45NYAN,愛媛県,0,,-
Resort Anthem,sakura storm,0,,-,1013,4141*R,愛媛県,1317,POMI,愛媛県,2425,45NYAN,愛媛県,0,,-
Resort Anthem,Sakura Reflection,0,,-,472,MF#ARR,愛媛県,1599,HA4MOT,愛媛県,2367,45NYAN,愛媛県,0,,-
Resort Anthem,SABER WING,0,,-,524,MF#ARR,愛媛県,1829,YAKI29,愛媛県,2831,45NYAN,愛媛県,0,,-
Resort Anthem,Rock Da House,0,,-,867,92,愛媛県,1622,HA4MOT,愛媛県,2222,OMOTO,愛媛県,0,,-
Resort Anthem,reunion,552,Z0RA,愛媛県,1391,POMI,愛媛県,2385,P*4JUN,愛媛県,3223,45NYAN,愛媛県,0,,-
Resort Anthem,Programmed Life,0,,-,1047,SIXPAC,愛媛県,1721,HA4MOT,愛媛県,2362,IIDX82,愛媛県,0,,-
Resort Anthem,perditus†paradisus,0,,-,1250,XU,愛媛県,2509,P*4JUN,愛媛県,3808,45NYAN,愛媛県,0,,-
Resort Anthem,passionate fate,0,,-,1093,POEME,愛媛県,1623,18KING,愛媛県,2130,45NYAN,愛媛県,0,,-
Resort Anthem,PARADISE LOST,0,,-,1325,ZATR,愛媛県,2331,45NYAN,愛媛県,3294,45NYAN,愛媛県,0,,-
Resort Anthem,New Castle Legions,0,,-,913,XU,愛媛県,1919,18KING,愛媛県,2737,45NYAN,愛媛県,0,,-
Resort Anthem,Never Fade Away,0,,-,746,MF#ARR,愛媛県,1721,HA4MOT,愛媛県,3029,45NYAN,愛媛県,0,,-
Resort Anthem,Mermaid girl,580,Z0RA,愛媛県,951,MF#ARR,愛媛県,1678,HA4MOT,愛媛県,2218,OSE-9,愛媛県,0,,-
Resort Anthem,Medicine of love,0,,-,645,MF#ARR,愛媛県,1076,BA4MET,愛媛県,1724,*45*,愛媛県,0,,-
Resort Anthem,Let The Track Flow,0,,-,1084,MF#ARR,愛媛県,1807,HA4MOT,愛媛県,2630,GLG13,愛媛県,0,,-
Resort Anthem,Kailua,0,,-,522,MF#ARR,愛媛県,1383,TORI10,愛媛県,2191,45NYAN,愛媛県,0,,-
Resort Anthem,I FIGHT ME,0,,-,602,L#WIND,愛媛県,1392,HA4MOT,愛媛県,2120,YAKI29,愛媛県,0,,-
Resort Anthem,Golden Palms,0,,-,714,4141*R,愛媛県,1459,P*4JUN,愛媛県,2022,45NYAN,愛媛県,2392,P*4JUN,愛媛県
Resort Anthem,Fantasia,241,Z0RA,愛媛県,387,TN.LHD,愛媛県,1555,OOO,愛媛県,2243,P*4JUN,愛媛県,0,,-
Resort Anthem,Everlasting Resort,0,,-,850,MF#ARR,愛媛県,1267,HA4MOT,愛媛県,1896,45NYAN,愛媛県,0,,-
Resort Anthem,Eternal Tears,0,,-,437,BA4MET,愛媛県,1093,18KING,愛媛県,1369,*78-R*,愛媛県,0,,-
Resort Anthem,Energy Drive,0,,-,855,AIR,愛媛県,1453,HA4MOT,愛媛県,2218,45NYAN,愛媛県,0,,-
Resort Anthem,ELECTRIC MASSIVE DIVER,0,,-,956,R.W.B.,愛媛県,2416,L#WIND,愛媛県,3555,BXUDON,愛媛県,0,,-
Resort Anthem,DM STAR～関西 energy style～,0,,-,1070,MF#ARR,愛媛県,1892,HA4MOT,愛媛県,2401,OMOTO,愛媛県,0,,-
Resort Anthem,Destiny Sword,0,,-,844,MF#ARR,愛媛県,1748,HA4MOT,愛媛県,2401,45NYAN,愛媛県,0,,-
Resort Anthem,DAYDREAMER,0,,-,1146,POEME,愛媛県,1740,HA4MOT,愛媛県,2521,OMOTO,愛媛県,0,,-
Resort Anthem,Dances with Snow Fairies,0,,-,1360,MF#ARR,愛媛県,2190,NG,愛媛県,3107,45NYAN,愛媛県,3960,45NYAN,愛媛県
Resort Anthem,BROKEN EDEN,0,,-,988,POEME,愛媛県,1715,HA4MOT,愛媛県,2339,IIDX82,愛媛県,0,,-
Resort Anthem,Broken,0,,-,1048,4141*R,愛媛県,2030,DJANAL,愛媛県,3168,45NYAN,愛媛県,0,,-
Resort Anthem,Breaking the ground,0,,-,1166,POEME,愛媛県,1764,TORI,愛媛県,2526,45NYAN,愛媛県,0,,-
Resort Anthem,Bounce Bounce Bounce,0,,-,1024,MF#ARR,愛媛県,1705,HA4MOT,愛媛県,2427,OSE-9,愛媛県,0,,-
Resort Anthem,BLUST OF WIND,0,,-,784,MF#ARR,愛媛県,1517,HA4MOT,愛媛県,2106,P*4JUN,愛媛県,2604,45NYAN,愛媛県
Resort Anthem,Believe In Me,0,,-,1014,MF#ARR,愛媛県,1839,HA4MOT,愛媛県,2373,P*4JUN,愛媛県,0,,-
Resort Anthem,ANTHEM LANDING,0,,-,931,MF#ARR,愛媛県,1897,TAKOSS,愛媛県,2958,45NYAN,愛媛県,0,,-
Resort Anthem,Answer,0,,-,764,MF#ARR,愛媛県,1460,HA4MOT,愛媛県,2428,P*4JUN,愛媛県,0,,-
Resort Anthem,ALBIDA,530,Z0RA,愛媛県,1085,MNI,愛媛県,1931,HA4MOT,愛媛県,3011,45NYAN,愛媛県,0,,-
Resort Anthem,Aegis,0,,-,864,MF#ARR,愛媛県,1358,PNSP!!,愛媛県,2346,45NYAN,愛媛県,0,,-
Lincle,陽炎,0,,-,627,GLG13,愛媛県,1178,BA4MET,愛媛県,2002,45NYAN,愛媛県,0,,-
Lincle,衰色小町メランコリア,0,,-,774,BF#ARR,愛媛県,1400,KU4KA2,愛媛県,2353,45NYAN,愛媛県,0,,-
Lincle,蛇神,416,Z0RA,愛媛県,718,YANGAS,愛媛県,1480,HA4MOT,愛媛県,2823,*45*,愛媛県,3647,45NYAN,愛媛県
Lincle,聖人の塔,0,,-,880,RA9,愛媛県,1959,HA4MOT,愛媛県,2981,45NYAN,愛媛県,3994,P*4JUN,愛媛県
Lincle,突撃!ガラスのニーソ姫!,0,,-,628,SAYAKA,愛媛県,1142,HA4MOT,愛媛県,2111,OSE-9,愛媛県,0,,-
Lincle,恋する☆宇宙戦争っ！！,499,Z0RA,愛媛県,889,4141*R,愛媛県,1732,POMI,愛媛県,3568,45NYAN,愛媛県,4495,45NYAN,愛媛県
Lincle,子供の落書き帳,0,,-,806,4141*R,愛媛県,1892,U.59,愛媛県,2578,OSE-9,愛媛県,0,,-
Lincle,天空の夜明け,0,,-,1316,GEMBA,愛媛県,2113,OMOTO,愛媛県,3944,IIDX82,愛媛県,0,,-
Lincle,君のハートにロックオン,0,,-,693,4141*R,愛媛県,1662,BXUDON,愛媛県,2633,OSE-9,愛媛県,3378,45NYAN,愛媛県
Lincle,ユミル,0,,-,612,SAYAKA,愛媛県,1338,HA4MOT,愛媛県,2833,*45*,愛媛県,0,,-
Lincle,ビューティフルレシート,335,Z0RA,愛媛県,502,TAPI,愛媛県,1209,KWM-CH,愛媛県,1925,OOO,愛媛県,0,,-
Lincle,Yellow Sunrise,0,,-,731,BF#ARR,愛媛県,1420,HA4MOT,愛媛県,2252,*COME*,愛媛県,0,,-
Lincle,yellow head joe,0,,-,748,BF#ARR,愛媛県,1491,HA4MOT,愛媛県,2279,45NYAN,愛媛県,3126,45NYAN,愛媛県
Lincle,YAKSHA,0,,-,1156,MIZUKI,愛媛県,2284,HA4MOT,愛媛県,3831,45NYAN,愛媛県,0,,-
Lincle,WONDER WALKER,0,,-,942,4141*R,愛媛県,1890,HA4MOT,愛媛県,3809,45NYAN,愛媛県,0,,-
Lincle,Voxane,0,,-,596,4141*R,愛媛県,1225,HA4MOT,愛媛県,1745,OSE-9,愛媛県,0,,-
Lincle,Todestrieb,0,,-,1034,SAYAKA,愛媛県,1904,KA2DON,愛媛県,3437,45NYAN,愛媛県,0,,-
Lincle,TITANS RETURN,324,Z0RA,愛媛県,609,NYAN,愛媛県,1549,HA4MOT,愛媛県,2482,45NYAN,愛媛県,2614,45NYAN,愛媛県
Lincle,Thunderbolt,0,,-,984,MARCO,愛媛県,1903,HA4MOT,愛媛県,3794,45NYAN,愛媛県,0,,-
Lincle,The Sampling Paradise,0,,-,813,ZETUEI,愛媛県,1783,HA4MOT,愛媛県,3013,IIDX82,愛媛県,0,,-
Lincle,The Limbo,0,,-,1173,VOLT,愛媛県,2023,OSE-9,愛媛県,3318,45NYAN,愛媛県,4138,45NYAN,愛媛県
Lincle,Star Trail,0,,-,615,4141*R,愛媛県,1183,HA4MOT,愛媛県,1847,P*4JUN,愛媛県,2547,P*4JUN,愛媛県
Lincle,Snow Goose,298,MARCO,愛媛県,361,SAYAKA,愛媛県,1327,HA4MOT,愛媛県,2407,OOO,愛媛県,0,,-
Lincle,Snake Stick,0,,-,993,BF#ARR,愛媛県,2002,GLG13,愛媛県,2742,OSE-9,愛媛県,0,,-
Lincle,SHADE,0,,-,1086,TAKOSS,愛媛県,2025,HA4MOT,愛媛県,2910,45NYAN,愛媛県,0,,-
Lincle,Several Words,0,,-,611,4141*R,愛媛県,1420,HA4MOT,愛媛県,2170,NGG,愛媛県,0,,-
Lincle,Scharfrichter,0,,-,851,VOLT,愛媛県,1601,HA4MOT,愛媛県,2905,45NYAN,愛媛県,0,,-
Lincle,SA.YO.NA.RA. SUPER STAR,0,,-,465,BF#ARR,愛媛県,1255,HA4MOT,愛媛県,1684,762,愛媛県,0,,-
Lincle,Round and Round,0,,-,790,114514,愛媛県,1214,114514,愛媛県,2144,P*4JUN,愛媛県,0,,-
Lincle,RESISTANCE,0,,-,621,4141*R,愛媛県,1293,K*Y,愛媛県,2342,PNSP!!,愛媛県,0,,-
Lincle,Release The Music,0,,-,739,BF#ARR,愛媛県,1434,*78-R*,愛媛県,2117,45NYAN,愛媛県,0,,-
Lincle,Quick Silver,0,,-,682,BF#ARR,愛媛県,1813,PNSP!!,愛媛県,2645,NGGG,愛媛県,0,,-
Lincle,quaver♪,284,SAYAKA,愛媛県,687,SAYAKA,愛媛県,2099,POMI,愛媛県,3431,45NYAN,愛媛県,0,,-
Lincle,QUANTUM TELEPORTATION,0,,-,1245,BF#ARR,愛媛県,2279,HA4MOT,愛媛県,2938,45NYAN,愛媛県,3636,45NYAN,愛媛県
Lincle,prompt,0,,-,924,MARCO,愛媛県,1585,HA4MOT,愛媛県,2780,OOO,愛媛県,0,,-
Lincle,Phoenix,0,,-,880,HA4MOT,愛媛県,1182,VOLT,愛媛県,2426,MOMOMO,愛媛県,3853,45NYAN,愛媛県
Lincle,NNRT,0,,-,1197,RIN-K,愛媛県,2432,NG,愛媛県,3491,45NYAN,愛媛県,0,,-
Lincle,Miami Sunset Drive,0,,-,606,SAYAKA,愛媛県,1032,BA4MET,愛媛県,1659,45NYAN,愛媛県,0,,-
Lincle,Mermaid girl-秋葉工房 MIX-,0,,-,797,BF#ARR,愛媛県,1325,KOUZI,愛媛県,2058,45NYAN,愛媛県,0,,-
Lincle,Lucky Days,0,,-,640,SAYAKA,愛媛県,1505,HA4MOT,愛媛県,2184,762,愛媛県,0,,-
Lincle,LOVE B.B.B,0,,-,751,4141*R,愛媛県,1472,HA4MOT,愛媛県,2001,GIORNO,愛媛県,0,,-
Lincle,Liquid Crystal Girl feat. echo,0,,-,397,GONTA#,愛媛県,1092,BA4MET,愛媛県,2003,*COME*,愛媛県,0,,-
Lincle,LETHEBOLG ～双神威に斬り咲けり～,0,,-,975,4141*R,愛媛県,1631,HA4MOT,愛媛県,2202,*45*,愛媛県,0,,-
Lincle,LAX5 feat.Ryota Yoshinari,0,,-,1036,4141*R,愛媛県,2115,HA4MOT,愛媛県,2818,762,愛媛県,0,,-
Lincle,Infinite cave,0,,-,938,MARCO,愛媛県,1503,Z0RA,愛媛県,2055,P*4JUN,愛媛県,0,,-
Lincle,In the Blackest Den,0,,-,813,4141*R,愛媛県,1596,45NYAN,愛媛県,2573,45NYAN,愛媛県,0,,-
Lincle,I'm so Happy,311,Z0RA,愛媛県,400,SAYAKA,愛媛県,1360,HA4MOT,愛媛県,2340,IIDX82,愛媛県,0,,-
Lincle,HAERETICUS,0,,-,778,4141*R,愛媛県,1893,HA4MOT,愛媛県,3032,45NYAN,愛媛県,0,,-
Lincle,Follow Tomorrow,0,,-,875,ZETUEI,愛媛県,1471,KOUZI,愛媛県,2265,P*4JUN,愛媛県,0,,-
Lincle,Flip Flap,275,Z0RA,愛媛県,573,TAPI,愛媛県,1311,HA4MOT,愛媛県,2251,45NYAN,愛媛県,0,,-
Lincle,fffff,0,,-,773,SAYAKA,愛媛県,2101,P*4JUN,愛媛県,3070,OSE-9,愛媛県,0,,-
Lincle,Far east nightbird,356,GONTA#,愛媛県,501,SAYAKA,愛媛県,1305,HA4MOT,愛媛県,2015,IIDX82,愛媛県,0,,-
Lincle,F,0,,-,1048,SAKAKI,愛媛県,2126,KOMOTO,愛媛県,3563,45NYAN,愛媛県,0,,-
Lincle,Express Emotion,0,,-,746,BF#ARR,愛媛県,1028,YXX,愛媛県,2503,NGGG,愛媛県,0,,-
Lincle,Drive Me Crazy,0,,-,713,PNSP!!,愛媛県,1403,SAKAKI,愛媛県,2303,45NYAN,愛媛県,0,,-
Lincle,DIAVOLO,0,,-,1267,PO,愛媛県,1859,HA4MOT,愛媛県,3133,45NYAN,愛媛県,0,,-
Lincle,Change the World,0,,-,792,SE27-L,愛媛県,1338,HA4MOT,愛媛県,1846,OSE-9,愛媛県,0,,-
Lincle,Castle on the Moon,241,B-777*,愛媛県,629,4141*R,愛媛県,1619,HA4MOT,愛媛県,2377,NGGG,愛媛県,0,,-
Lincle,CALL,0,,-,358,MARCO,愛媛県,840,BA4MET,愛媛県,1458,45NYAN,愛媛県,2672,P*4JUN,愛媛県
Lincle,BLACK.by X-Cross Fade,0,,-,1022,OOO,愛媛県,2157,BXUDON,愛媛県,3388,45NYAN,愛媛県,0,,-
Lincle,ANAGRAMS I to Y,0,,-,884,SE27-L,愛媛県,1630,HA4MOT,愛媛県,2482,45NYAN,愛媛県,0,,-
Lincle,Almace,0,,-,834,BF#ARR,愛媛県,1287,HA4MOT,愛媛県,2011,45NYAN,愛媛県,0,,-
Lincle,532nm,0,,-,538,4141*R,愛媛県,1197,HA4MOT,愛媛県,2610,NGGG,愛媛県,0,,-
Lincle,24th Century BOY,0,,-,827,4141*R,愛媛県,1906,HA4MOT,愛媛県,2857,45NYAN,愛媛県,0,,-
tricoro,龍と少女とデコヒーレンス,0,,-,805,4141*R,愛媛県,1692,762,愛媛県,2992,IIDX82,愛媛県,3385,45NYAN,愛媛県
tricoro,音楽,0,,-,852,L#WIND,愛媛県,1970,NYAN8S,愛媛県,2715,OSE-9,愛媛県,0,,-
tricoro,狂イ咲ケ焔ノ華,0,,-,1146,MARCO,愛媛県,2408,NG,愛媛県,3573,45NYAN,愛媛県,0,,-
tricoro,梅雪夜,0,,-,850,4141*R,愛媛県,1506,OSE-9,愛媛県,2145,P*4JUN,愛媛県,0,,-
tricoro,朧,206,MENYA,愛媛県,765,SAYAKA,愛媛県,1487,HA4MOT,愛媛県,2103,OMOTO,愛媛県,2533,45NYAN,愛媛県
tricoro,即席！脳直★ミュージックシステム,0,,-,1003,4141*R,愛媛県,2002,762,愛媛県,3547,45NYAN,愛媛県,0,,-
tricoro,創世ノート,0,,-,788,4141*R,愛媛県,1927,HA4MOT,愛媛県,2961,IIDX82,愛媛県,0,,-
tricoro,仮想空間の旅人たち,0,,-,1142,JAXAN?,愛媛県,2190,OMOTO,愛媛県,2886,45NYAN,愛媛県,3856,IIDX82,愛媛県
tricoro,下弦の月,0,,-,904,4141*R,愛媛県,1434,Z0RA,愛媛県,1981,IIDX82,愛媛県,0,,-
tricoro,ラキラキ,0,,-,584,YU,愛媛県,1479,IIDX82,愛媛県,1973,OOO,愛媛県,0,,-
tricoro,メイメツ、フラグメンツ,0,,-,629,4141*R,愛媛県,1280,HA4MOT,愛媛県,1953,P*4JUN,愛媛県,0,,-
tricoro,トリカゴノ鳳凰,0,,-,1035,4141*R,愛媛県,2024,HA4MOT,愛媛県,3791,45NYAN,愛媛県,0,,-
tricoro,シュレーディンガーの猫,0,,-,1106,RYUG,愛媛県,2325,HA4MOT,愛媛県,3369,45NYAN,愛媛県,0,,-
tricoro,キャトられ恋はモ～モク,0,,-,1399,4141*R,愛媛県,2551,NG,愛媛県,3812,45NYAN,愛媛県,0,,-
tricoro,カジノファイヤーことみちゃん,0,,-,614,UNO.S,愛媛県,1421,HA4MOT,愛媛県,2409,45NYAN,愛媛県,3197,P*4JUN,愛媛県
tricoro,アストライアの双皿,0,,-,652,4141*R,愛媛県,2074,HA4MOT,愛媛県,3148,45NYAN,愛媛県,0,,-
tricoro,たまゆら,0,,-,1119,KANTOQ,愛媛県,1861,LEMON*,愛媛県,2768,45NYAN,愛媛県,0,,-
tricoro,お米の美味しい炊き方、そしてお米を食べることによるその効果。,0,,-,863,MF#ARR,愛媛県,1542,HA4MOT,愛媛県,2187,762,愛媛県,3611,45NYAN,愛媛県
tricoro,†渚の小悪魔ラヴリィ～レイディオ†(IIDX EDIT),244,Z0RA,愛媛県,535,-631*-,愛媛県,1645,HA4MOT,愛媛県,3556,45NYAN,愛媛県,0,,-
tricoro,ΕΛΠΙΣ,0,,-,1067,4141*R,愛媛県,2067,KOMOTO,愛媛県,3137,45NYAN,愛媛県,3572,45NYAN,愛媛県
tricoro,Zirkfied,0,,-,980,MARCO,愛媛県,1951,HA4MOT,愛媛県,3771,45NYAN,愛媛県,0,,-
tricoro,ZED,0,,-,879,SAYAKA,愛媛県,1699,HA4MOT,愛媛県,2744,45NYAN,愛媛県,0,,-
tricoro,VEGA,0,,-,1104,RIN5,愛媛県,2070,KOMOTO,愛媛県,3096,P*4JUN,愛媛県,0,,-
tricoro,VALLIS-NERIA,265,GONTA#,愛媛県,1113,NYAN,愛媛県,2086,762,愛媛県,2946,45NYAN,愛媛県,0,,-
tricoro,Valanga,0,,-,1181,P1AN0.,愛媛県,2161,HA4MOT,愛媛県,3255,45NYAN,愛媛県,0,,-
tricoro,True Blue,0,,-,1026,OKOJYO,愛媛県,2507,HA4MOT,愛媛県,3765,45NYAN,愛媛県,0,,-
tricoro,To my star,0,,-,447,SIRUCO,愛媛県,1250,BA4MET,愛媛県,1738,BXUDON,愛媛県,0,,-
tricoro,Timepiece phase II (CN Ver.),0,,-,910,SOKO,愛媛県,1887,HA4MOT,愛媛県,2937,IIDX82,愛媛県,0,,-
tricoro,Timepiece phase II,0,,-,945,4141*R,愛媛県,2164,KOMOTO,愛媛県,3240,45NYAN,愛媛県,0,,-
tricoro,Time To Empress,0,,-,883,SAYAKA,愛媛県,1888,HA4MOT,愛媛県,2596,P*4JUN,愛媛県,0,,-
tricoro,Thor's Hammer,0,,-,924,MARCO,愛媛県,1800,18KING,愛媛県,2853,IIDX82,愛媛県,0,,-
tricoro,Take My Life,0,,-,901,4141*R,愛媛県,1572,HA4MOT,愛媛県,2932,45NYAN,愛媛県,0,,-
tricoro,Synergy For Angels,0,,-,884,SOKO,愛媛県,1655,HA4MOT,愛媛県,2774,45NYAN,愛媛県,0,,-
tricoro,SYNC-ANTHEM,0,,-,944,POMI,愛媛県,2469,LEMON*,愛媛県,3664,45NYAN,愛媛県,0,,-
tricoro,STULTI,0,,-,699,4141*R,愛媛県,1614,HA4MOT,愛媛県,2770,45NYAN,愛媛県,0,,-
tricoro,Sol Cosine Job 2,0,,-,1034,8104N,愛媛県,1709,HA4MOT,愛媛県,3117,45NYAN,愛媛県,0,,-
tricoro,SHION,0,,-,655,4141*R,愛媛県,1294,OMOTO,愛媛県,2690,OMOTO,愛媛県,0,,-
tricoro,Shining World,0,,-,1136,4141*R,愛媛県,1573,HA4MOT,愛媛県,1948,45NYAN,愛媛県,0,,-
tricoro,Saturn,0,,-,1286,QUIU,愛媛県,2009,NG,愛媛県,2619,45NYAN,愛媛県,3446,45NYAN,愛媛県
tricoro,S!ck,0,,-,865,MIZUKI,愛媛県,1524,HA4MOT,愛媛県,2673,P*4JUN,愛媛県,0,,-
tricoro,rumrum triplets,0,,-,928,4141*R,愛媛県,1985,NG,愛媛県,3003,OOO,愛媛県,0,,-
tricoro,Re:GENERATION,238,Z0RA,愛媛県,897,4141*R,愛媛県,1545,PNSP!!,愛媛県,2241,45NYAN,愛媛県,0,,-
tricoro,Rainbow after snow,0,,-,725,MARCO,愛媛県,1456,HA4MOT,愛媛県,2177,45NYAN,愛媛県,0,,-
tricoro,Proof of the existence,0,,-,1072,MARCO,愛媛県,2083,HA4MOT,愛媛県,3199,45NYAN,愛媛県,0,,-
tricoro,Praludium,0,,-,660,SAYAKA,愛媛県,1412,HA4MOT,愛媛県,2278,45NYAN,愛媛県,0,,-
tricoro,POINT ZERO,0,,-,718,MARCO,愛媛県,1216,HA4MOT,愛媛県,2061,P*4JUN,愛媛県,0,,-
tricoro,planarian,0,,-,599,ERIWO,愛媛県,1668,HA4MOT,愛媛県,2534,OMOTO,愛媛県,0,,-
tricoro,Plan 8,0,,-,1103,ALPHAZ,愛媛県,2187,BA4MET,愛媛県,3178,45NYAN,愛媛県,0,,-
tricoro,New Lights,0,,-,1001,4141*R,愛媛県,1799,HA4MOT,愛媛県,2453,NGGG,愛媛県,0,,-
tricoro,New Decade IIDX Edition,270,Z0RA,愛媛県,976,DJTED,愛媛県,1926,HA4MOT,愛媛県,3018,45NYAN,愛媛県,0,,-
tricoro,neu,197,Z0RA,愛媛県,969,XU,愛媛県,2148,18KING,愛媛県,3905,45NYAN,愛媛県,0,,-
tricoro,Neonlights,0,,-,633,SAYAKA,愛媛県,1555,HA4MOT,愛媛県,2188,-KEN5-,愛媛県,0,,-
tricoro,mnemoniq,0,,-,488,YO4NO,愛媛県,909,BA4MET,愛媛県,1295,P*4JUN,愛媛県,0,,-
tricoro,LUV CAN SAVE U,0,,-,577,TAKOSS,愛媛県,1401,HA4MOT,愛媛県,2108,NGR,愛媛県,2799,45NYAN,愛媛県
tricoro,Little Star,0,,-,946,4141*R,愛媛県,1753,HA4MOT,愛媛県,3189,45NYAN,愛媛県,0,,-
tricoro,Light and Cyber…,0,,-,924,Q,愛媛県,1997,HA4MOT,愛媛県,3112,45NYAN,愛媛県,0,,-
tricoro,Liberation,0,,-,1477,U-ME,愛媛県,2315,HA4MOT,愛媛県,3690,45NYAN,愛媛県,0,,-
tricoro,JOMANDA,249,Z0RA,愛媛県,1041,SWITCH,愛媛県,2429,GLG13,愛媛県,3628,45NYAN,愛媛県,0,,-
tricoro,In Heaven,0,,-,747,1338KH,愛媛県,1461,HA4MOT,愛媛県,2121,P*4JUN,愛媛県,0,,-
tricoro,Illegal Function Call,0,,-,965,ZETUEI,愛媛県,1804,762,愛媛県,2552,NAGAMO,愛媛県,3557,45NYAN,愛媛県
tricoro,ILIAS,0,,-,762,KAKIRA,愛媛県,1294,HA4MOT,愛媛県,2178,KOMOTO,愛媛県,0,,-
tricoro,I know You know,0,,-,578,TAPI,愛媛県,1160,BA4MET,愛媛県,1858,45NYAN,愛媛県,0,,-
tricoro,Howling,0,,-,544,SAYAKA,愛媛県,1348,HA4MOT,愛媛県,2109,45NYAN,愛媛県,2653,*45*,愛媛県
tricoro,Hollywood Galaxy,0,,-,1008,4141*R,愛媛県,1970,HA4MOT,愛媛県,2716,45NYAN,愛媛県,0,,-
tricoro,GRADIUS 2012,0,,-,876,4141*R,愛媛県,1692,YAKI29,愛媛県,2688,P*4JUN,愛媛県,0,,-
tricoro,GAIA,0,,-,976,VOLT,愛媛県,2145,HA4MOT,愛媛県,3301,45NYAN,愛媛県,0,,-
tricoro,Fly you to the star,0,,-,756,4141*R,愛媛県,1612,KOUZI,愛媛県,2279,45NYAN,愛媛県,0,,-
tricoro,FLOWER,349,Z0RA,愛媛県,1061,R1C3.S,愛媛県,1777,HA4MOT,愛媛県,2879,IIDX82,愛媛県,0,,-
tricoro,examination leave,0,,-,1025,P1AN0.,愛媛県,1878,HA4MOT,愛媛県,3397,45NYAN,愛媛県,0,,-
tricoro,Elemental Creation,260,GONTA#,愛媛県,1365,ALPHAZ,愛媛県,2392,HA4MOT,愛媛県,4073,45NYAN,愛媛県,0,,-
tricoro,Devilz Staircase,0,,-,624,MIRIA,愛媛県,2157,NG,愛媛県,3257,45NYAN,愛媛県,0,,-
tricoro,DAY DREAM,0,,-,546,BA4MET,愛媛県,1314,OSE-9,愛媛県,1999,45NYAN,愛媛県,0,,-
tricoro,Cookie Bouquets,0,,-,855,4141*R,愛媛県,2119,HA4MOT,愛媛県,3413,45NYAN,愛媛県,0,,-
tricoro,connective,0,,-,388,GONTA#,愛媛県,1084,BA4MET,愛媛県,1595,P*4JUN,愛媛県,0,,-
tricoro,Confiserie,0,,-,925,4141*R,愛媛県,2083,HA4MOT,愛媛県,3475,45NYAN,愛媛県,0,,-
tricoro,CONCEPTUAL,0,,-,800,SAYAKA,愛媛県,1300,HA4MOT,愛媛県,2709,IIDX82,愛媛県,0,,-
tricoro,BRAVE GLOW,0,,-,807,4141*R,愛媛県,1675,PNSP!!,愛媛県,2482,P*4JUN,愛媛県,0,,-
tricoro,BLUE STRAGGLER,0,,-,791,P1AN0.,愛媛県,1433,HA4MOT,愛媛県,2588,45NYAN,愛媛県,0,,-
tricoro,Beastie Starter,0,,-,515,SAYAKA,愛媛県,1308,P*4JUN,愛媛県,2150,45NYAN,愛媛県,0,,-
tricoro,Ascalon,0,,-,1091,4141*R,愛媛県,1771,HA4MOT,愛媛県,2297,762,愛媛県,0,,-
tricoro,8bit Princess,0,,-,639,TAPI,愛媛県,1359,BA4MET,愛媛県,2634,45NYAN,愛媛県,0,,-
tricoro,405nm (Ryu☆mix),0,,-,861,AGEHA,愛媛県,1773,OMOTO,愛媛県,2582,45NYAN,愛媛県,0,,-
SPADA,轟け！恋のビーンボール！！,0,,-,991,MARCO,愛媛県,1917,HA4MOT,愛媛県,3510,45NYAN,愛媛県,0,,-
SPADA,超!!遠距離らぶメ～ル,0,,-,571,TAPI,愛媛県,1504,HA4MOT,愛媛県,2641,45NYAN,愛媛県,0,,-
SPADA,罪と罰,0,,-,1015,4141*R,愛媛県,1382,HA4MOT,愛媛県,2168,45NYAN,愛媛県,0,,-
SPADA,疾風迅雷,0,,-,1038,MIZUKI,愛媛県,2061,18KING,愛媛県,2890,45NYAN,愛媛県,3353,IIDX82,愛媛県
SPADA,牧神笛吹きて,0,,-,723,MARCO,愛媛県,1379,HA4MOT,愛媛県,2049,OMOTO,愛媛県,0,,-
SPADA,煉獄のエルフェリア,0,,-,1373,18KING,愛媛県,2355,OMOTO,愛媛県,3849,*45*,愛媛県,0,,-
SPADA,海神,0,,-,1094,VOLT,愛媛県,2063,PNSP!!,愛媛県,3171,45NYAN,愛媛県,3548,45NYAN,愛媛県
SPADA,旋律のドグマ～Miserables～,0,,-,1177,4141*R,愛媛県,2482,KOMOTO,愛媛県,3933,45NYAN,愛媛県,0,,-
SPADA,廿,0,,-,911,4141*R,愛媛県,1662,HA4MOT,愛媛県,2303,HA4MOT,愛媛県,3349,45NYAN,愛媛県
SPADA,幻想系世界修復少女,211,GONTA#,愛媛県,574,R.W.B.,愛媛県,1139,HA4MOT,愛媛県,1955,OMOTO,愛媛県,0,,-
SPADA,バンブーソード・ガール,268,Z0RA,愛媛県,908,4141*R,愛媛県,1762,HA4MOT,愛媛県,2406,P*4JUN,愛媛県,0,,-
SPADA,デッドボヲルdeホームラン,0,,-,606,TAPI,愛媛県,1575,HA4MOT,愛媛県,2676,NGGG,愛媛県,0,,-
SPADA,アルストロメリア,216,MARCO,愛媛県,953,UNO.S,愛媛県,1575,OOO,愛媛県,2475,OSE-9,愛媛県,0,,-
SPADA,お願いアインシュタイン,0,,-,836,4141*R,愛媛県,1434,HA4MOT,愛媛県,2112,45NYAN,愛媛県,0,,-
SPADA,Wonder Girl feat. Kanae Asaba,0,,-,689,NYAN,愛媛県,1245,BA4MET,愛媛県,2808,45NYAN,愛媛県,0,,-
SPADA,VOX UP,0,,-,1445,BF#ARR,愛媛県,2782,P*4JUN,愛媛県,3587,45NYAN,愛媛県,0,,-
SPADA,Verflucht,0,,-,1212,AIR,愛媛県,2098,OMOTO,愛媛県,3515,45NYAN,愛媛県,4571,45NYAN,愛媛県
SPADA,Valgus,0,,-,619,SAYAKA,愛媛県,1288,HA4MOT,愛媛県,2357,45NYAN,愛媛県,0,,-
SPADA,Unicorn tail,0,,-,819,4141*R,愛媛県,2032,HA4MOT,愛媛県,3141,45NYAN,愛媛県,0,,-
SPADA,THE DETONATOR,0,,-,1482,NGS,愛媛県,2425,HA4MOT,愛媛県,3210,45NYAN,愛媛県,0,,-
SPADA,Squeeze,0,,-,818,XU,愛媛県,1440,HA4MOT,愛媛県,2437,OSE-9,愛媛県,0,,-
SPADA,Sigmund,0,,-,1392,SOKO,愛媛県,2302,ARU,愛媛県,3709,45NYAN,愛媛県,4126,45NYAN,愛媛県
SPADA,SCHWARZSCHILD FIELD,0,,-,881,4141*R,愛媛県,1562,HA4MOT,愛媛県,2359,P*4JUN,愛媛県,0,,-
SPADA,RIZING YOU UP,0,,-,1009,4141*R,愛媛県,2101,PNSP!!,愛媛県,2563,OOO,愛媛県,0,,-
SPADA,RISE,0,,-,848,SOKO,愛媛県,1346,HA4MOT,愛媛県,1858,762,愛媛県,0,,-
SPADA,refractive index,0,,-,713,4141*R,愛媛県,1383,HA4MOT,愛媛県,2690,IIDX82,愛媛県,0,,-
SPADA,Recollection,0,,-,1114,SAYAKA,愛媛県,1685,HA4MOT,愛媛県,2219,YAKI29,愛媛県,0,,-
SPADA,rainbow guitar weeps,0,,-,936,SAYAKA,愛媛県,1818,HA4MOT,愛媛県,2763,45NYAN,愛媛県,0,,-
SPADA,ra'am,0,,-,1178,HA4MOT,愛媛県,1882,NGG,愛媛県,2750,45NYAN,愛媛県,0,,-
SPADA,PUNISHER,0,,-,1065,4141*R,愛媛県,2109,HA4MOT,愛媛県,3563,45NYAN,愛媛県,0,,-
SPADA,Pharaoh,0,,-,626,SAYAKA,愛媛県,1374,HA4MOT,愛媛県,2444,45NYAN,愛媛県,0,,-
SPADA,Overload Frontier,0,,-,742,4141*R,愛媛県,1805,HA4MOT,愛媛県,2625,45NYAN,愛媛県,0,,-
SPADA,Odin,0,,-,735,4141*R,愛媛県,1399,HA4MOT,愛媛県,2053,45NYAN,愛媛県,0,,-
SPADA,NPC World,0,,-,948,4141*R,愛媛県,1598,PNSP!!,愛媛県,2288,*45*,愛媛県,0,,-
SPADA,Miracle 5ympho X,0,,-,713,NYAN,愛媛県,1294,HA4MOT,愛媛県,2620,45NYAN,愛媛県,2911,P*4JUN,愛媛県
SPADA,MAGIC & LOVE,0,,-,978,4141*R,愛媛県,1798,AB#595,愛媛県,2911,45NYAN,愛媛県,0,,-
SPADA,MAD ATTACK,0,,-,645,SAYAKA,愛媛県,1308,BA4MET,愛媛県,1932,P*4JUN,愛媛県,2578,P*4JUN,愛媛県
SPADA,m1dy Deluxe,0,,-,1060,Q,愛媛県,1809,BXUDON,愛媛県,2549,762,愛媛県,0,,-
SPADA,M.D.Injection,0,,-,581,SAYAKA,愛媛県,1197,BA4MET,愛媛県,2405,NGGG,愛媛県,0,,-
SPADA,Lighting Shower,0,,-,686,KAKIRA,愛媛県,1300,HA4MOT,愛媛県,2370,OSE-9,愛媛県,0,,-
SPADA,Last Dance,0,,-,1134,KA5ME,愛媛県,2009,PNSP!!,愛媛県,3220,45NYAN,愛媛県,0,,-
SPADA,KHAMEN BREAK,0,,-,564,TAPI,愛媛県,1385,HA4MOT,愛媛県,2508,IIDX82,愛媛県,0,,-
SPADA,KAISER PHOENIX,0,,-,1217,CHOCO,愛媛県,2347,45NYAN,愛媛県,3304,45NYAN,愛媛県,3817,45NYAN,愛媛県
SPADA,IX,0,,-,1259,KIS0.,愛媛県,2426,P*4JUN,愛媛県,3818,45NYAN,愛媛県,0,,-
SPADA,invoker,0,,-,1061,4141*R,愛媛県,1954,HA4MOT,愛媛県,3208,45NYAN,愛媛県,3547,45NYAN,愛媛県
SPADA,into the battlefield,0,,-,704,PGXDEN,愛媛県,1389,92,愛媛県,2368,P*4JUN,愛媛県,0,,-
SPADA,INSOMNIA,0,,-,771,OKOJYO,愛媛県,1818,PNSP!!,愛媛県,3210,45NYAN,愛媛県,0,,-
SPADA,Insane Techniques,0,,-,655,KAKIRA,愛媛県,1291,HA4MOT,愛媛県,2466,IIDX82,愛媛県,0,,-
SPADA,Idola ,0,,-,1057,TKC,愛媛県,2268,GYAREN,愛媛県,3541,*45*,愛媛県,0,,-
SPADA,I will be back -オレは帰ってきた-,0,,-,986,SOKO,愛媛県,1962,18KING,愛媛県,2934,45NYAN,愛媛県,0,,-
SPADA,Hypersonik,0,,-,978,ZETUEI,愛媛県,1692,HA4MOT,愛媛県,2494,18KING,愛媛県,0,,-
SPADA,HYENA,0,,-,1100,QUIU,愛媛県,2014,GLG13,愛媛県,2795,OSE-9,愛媛県,3669,45NYAN,愛媛県
SPADA,Funny shuffle,0,,-,592,TAPI,愛媛県,1112,BA4MET,愛媛県,2299,OSE-9,愛媛県,0,,-
SPADA,Feel The Beat,0,,-,1246,UNO.S,愛媛県,2136,HA4MOT,愛媛県,3565,45NYAN,愛媛県,4264,45NYAN,愛媛県
SPADA,EXTREME MACH COLLIDER,0,,-,860,NYAN,愛媛県,1495,762,愛媛県,2536,P*4JUN,愛媛県,0,,-
SPADA,Engraved Mark,0,,-,732,SAYAKA,愛媛県,1312,HA4MOT,愛媛県,2371,P*4JUN,愛媛県,0,,-
SPADA,Element of SPADA,0,,-,688,MF#ARR,愛媛県,1347,KRAG.K,愛媛県,2082,GLG13,愛媛県,3092,45NYAN,愛媛県
SPADA,Elektrick U-Phoria,0,,-,1102,4141*R,愛媛県,1957,PNSP!!,愛媛県,3070,OOO,愛媛県,3975,45NYAN,愛媛県
SPADA,diagram,0,,-,606,SAYAKA,愛媛県,1261,HA4MOT,愛媛県,2807,P*4JUN,愛媛県,0,,-
SPADA,Devilz Sacrifice -贖罪の羊-,0,,-,842,REAL#G,愛媛県,1770,18KING,愛媛県,2473,P*4JUN,愛媛県,0,,-
SPADA,DARK LEGACY,0,,-,1230,ALPHAZ,愛媛県,2076,SUSURU,愛媛県,3595,45NYAN,愛媛県,0,,-
SPADA,Dark Fall,0,,-,853,QUIU,愛媛県,1583,HA4MOT,愛媛県,2775,45NYAN,愛媛県,0,,-
SPADA,Critical Crystal,221,MARCO,愛媛県,1039,KUKURI,愛媛県,1830,HA4MOT,愛媛県,2926,45NYAN,愛媛県,0,,-
SPADA,Close the World feat.a☆ru,0,,-,1086,BIBIQ,愛媛県,2074,PNSP!!,愛媛県,3417,45NYAN,愛媛県,3853,45NYAN,愛媛県
SPADA,Cleopatrysm,0,,-,800,VOLT,愛媛県,1444,HA4MOT,愛媛県,2524,GIORNO,愛媛県,0,,-
SPADA,Claiomh Solais,0,,-,335,GONTA#,愛媛県,1355,VOLT,愛媛県,2091,45NYAN,愛媛県,0,,-
SPADA,BRAVE OUT,0,,-,993,SAYAKA,愛媛県,1495,L#39RA,愛媛県,2128,KOMOTO,愛媛県,2739,P*4JUN,愛媛県
SPADA,BRAINSTORM,0,,-,709,4141*R,愛媛県,1961,HA4MOT,愛媛県,2799,45NYAN,愛媛県,0,,-
SPADA,BLUE DRAGON(雷龍RemixIIDX),0,,-,1449,QUIU,愛媛県,2205,BA4MET,愛媛県,3374,45NYAN,愛媛県,0,,-
SPADA,ATHER,0,,-,952,SAYAKA,愛媛県,1614,POMI,愛媛県,2826,45NYAN,愛媛県,3211,45NYAN,愛媛県
SPADA,Ancient Scapes,0,,-,980,4141*R,愛媛県,1994,PNSP!!,愛媛県,3482,45NYAN,愛媛県,4213,45NYAN,愛媛県
SPADA,ALBA -黎明-,0,,-,644,VOLT,愛媛県,1535,OMOTO,愛媛県,3219,45NYAN,愛媛県,3834,P*4JUN,愛媛県
SPADA,Adularia,197,Z0RA,愛媛県,1008,4141*R,愛媛県,1870,18KING,愛媛県,2848,45NYAN,愛媛県,0,,-
PENDUAL,Ｘ↑Ｘ↓,0,,-,893,4141*R,愛媛県,1694,HA4MOT,愛媛県,2911,45NYAN,愛媛県,0,,-
PENDUAL,鬼天,0,,-,915,LAPIN*,愛媛県,1652,HA4MOT,愛媛県,2479,45NYAN,愛媛県,0,,-
PENDUAL,超青少年ノ為ノ超多幸ナ超古典的超舞曲,0,,-,998,UNO.S,愛媛県,2035,OMOTO,愛媛県,2682,45NYAN,愛媛県,4071,45NYAN,愛媛県
PENDUAL,表裏一体！？怪盗いいんちょの悩み,0,,-,1074,UNO.S,愛媛県,2170,HA4MOT,愛媛県,3572,45NYAN,愛媛県,4312,45NYAN,愛媛県
PENDUAL,紅牡丹,490,Z0RA,愛媛県,1025,VOLT,愛媛県,1833,OOO,愛媛県,2874,45NYAN,愛媛県,0,,-
PENDUAL,白露の風,0,,-,470,GONTA#,愛媛県,1217,BA4MET,愛媛県,2030,45NYAN,愛媛県,0,,-
PENDUAL,時空トラベローグ,0,,-,1021,HAKA,愛媛県,1858,OMOTO,愛媛県,2617,P*4JUN,愛媛県,0,,-
PENDUAL,打打打打打打打打打打,200,Z0RA,愛媛県,792,4141*R,愛媛県,1324,QUIU,愛媛県,2652,45NYAN,愛媛県,0,,-
PENDUAL,恋は白帯、サンシロー,0,,-,732,NAGAMO,愛媛県,1241,BA4MET,愛媛県,2027,P*4JUN,愛媛県,2777,45NYAN,愛媛県
PENDUAL,少年は空を辿る,0,,-,1112,4141*R,愛媛県,2022,HA4MOT,愛媛県,3270,45NYAN,愛媛県,0,,-
PENDUAL,妖隠し -あやかしかくし-,0,,-,937,4141*R,愛媛県,1539,KRAG.K,愛媛県,2193,*COME*,愛媛県,0,,-
PENDUAL,夏色DIARY - L.E.D.-G STYLE MIX -,0,,-,875,4141*R,愛媛県,1957,HA4MOT,愛媛県,3099,45NYAN,愛媛県,0,,-
PENDUAL,取り残された美術(Arranged:HiZuMi),248,Z0RA,愛媛県,956,TORI,愛媛県,1738,OMOTO,愛媛県,2207,*45*,愛媛県,0,,-
PENDUAL,千年ノ理,0,,-,1184,YANGAS,愛媛県,1943,PNSP!!,愛媛県,3189,45NYAN,愛媛県,4234,45NYAN,愛媛県
PENDUAL,十六夜セツナ,0,,-,981,AKARI,愛媛県,1609,HA4MOT,愛媛県,2233,P*4JUN,愛媛県,0,,-
PENDUAL,共鳴遊戯の華,0,,-,1195,MARCO,愛媛県,2418,HA4MOT,愛媛県,3796,45NYAN,愛媛県,0,,-
PENDUAL,リリーゼと炎龍レーヴァテイン,0,,-,972,TUKKO3,愛媛県,2287,OOO,愛媛県,3462,45NYAN,愛媛県,0,,-
PENDUAL,ベィスドロップ・フリークス,0,,-,594,4141*R,愛媛県,1261,HA4MOT,愛媛県,2228,NGGG,愛媛県,2410,P*4JUN,愛媛県
PENDUAL,パ→ピ→プ→Yeah!,375,Z0RA,愛媛県,979,HOTTEA,愛媛県,1586,HA4MOT,愛媛県,2548,45NYAN,愛媛県,0,,-
PENDUAL,ドッキン☆サマーあばんちゅーる,0,,-,958,4141*R,愛媛県,1731,PO,愛媛県,2846,45NYAN,愛媛県,0,,-
PENDUAL,もっと！モット！ときめき feat. 松下,0,,-,1286,MARCO,愛媛県,2022,HA4MOT,愛媛県,2704,P*4JUN,愛媛県,0,,-
PENDUAL,ぷろぐれっしぶ時空少女！うらしまたろ子ちゃん！,0,,-,842,4141*R,愛媛県,1457,HA4MOT,愛媛県,2529,45NYAN,愛媛県,0,,-
PENDUAL,とろぴかる倶楽部,0,,-,778,ZETUEI,愛媛県,1439,YAKI29,愛媛県,2279,45NYAN,愛媛県,0,,-
PENDUAL,それは花火のような恋,694,Z0RA,愛媛県,1217,4141*R,愛媛県,2542,HA4MOT,愛媛県,3870,45NYAN,愛媛県,0,,-
PENDUAL,ZZ,203,Z0RA,愛媛県,1195,UNO.S,愛媛県,2025,OMOTO,愛媛県,3055,45NYAN,愛媛県,0,,-
PENDUAL,We're so Happy (P*Light Remix) IIDX ver.,0,,-,1022,4141*R,愛媛県,2275,HA4MOT,愛媛県,3695,45NYAN,愛媛県,0,,-
PENDUAL,Vulkan,0,,-,1006,MF#ARR,愛媛県,1972,HA4MOT,愛媛県,3003,45NYAN,愛媛県,0,,-
PENDUAL,TOXIC VIBRATION,0,,-,1539,92,愛媛県,2403,18KING,愛媛県,3719,45NYAN,愛媛県,0,,-
PENDUAL,TIEFSEE,0,,-,1233,BIBIQ,愛媛県,2041,KAYOKO,愛媛県,3476,45NYAN,愛媛県,0,,-
PENDUAL,The Least 100sec,0,,-,730,4141*R,愛媛県,1408,HA4MOT,愛媛県,2888,45NYAN,愛媛県,0,,-
PENDUAL,TA・DA ☆ YO・SHI,0,,-,1066,8104N,愛媛県,1621,PNSP!!,愛媛県,2311,P*4JUN,愛媛県,0,,-
PENDUAL,Symmetry,0,,-,1101,MARCO,愛媛県,2136,P*4JUN,愛媛県,3293,45NYAN,愛媛県,0,,-
PENDUAL,Sweet Radar,0,,-,670,PNSP!!,愛媛県,1360,KU4KA2,愛媛県,2037,45NYAN,愛媛県,0,,-
PENDUAL,SpaceLand☆TOYBOX,0,,-,1014,4141*R,愛媛県,1693,HA4MOT,愛媛県,2937,45NYAN,愛媛県,0,,-
PENDUAL,Sounds Of Summer ,0,,-,1201,PEG11O,愛媛県,2103,18KING,愛媛県,2976,IIDX82,愛媛県,0,,-
PENDUAL,Shooting Fireball,0,,-,918,4141*R,愛媛県,2225,HA4MOT,愛媛県,3922,45NYAN,愛媛県,0,,-
PENDUAL,Scars of FAUNA,0,,-,817,OKOJYO,愛媛県,1702,762,愛媛県,2893,45NYAN,愛媛県,0,,-
PENDUAL,Scarlet Moon,0,,-,1033,4141*R,愛媛県,1896,HA4MOT,愛媛県,2750,45NYAN,愛媛県,0,,-
PENDUAL,Say YEEEAHH,0,,-,1079,4141*R,愛媛県,1816,BA4MET,愛媛県,3252,45NYAN,愛媛県,0,,-
PENDUAL,SAMSARA,0,,-,813,AKARI,愛媛県,1443,762,愛媛県,2053,IIDX82,愛媛県,0,,-
PENDUAL,Sakura Mirage,0,,-,921,4141*R,愛媛県,1296,HA4MOT,愛媛県,2328,*45*,愛媛県,0,,-
PENDUAL,Reflux,0,,-,750,4141*R,愛媛県,1581,NOCHIN,愛媛県,3007,45NYAN,愛媛県,0,,-
PENDUAL,Realize Maze,0,,-,1146,4141*R,愛媛県,2057,PNSP!!,愛媛県,2980,45NYAN,愛媛県,0,,-
PENDUAL,Rave*it!! Rave*it!! ,0,,-,955,KELCO,愛媛県,1649,18KING,愛媛県,3189,HA4MOT,愛媛県,0,,-
PENDUAL,PENDUAL TALISMAN,0,,-,991,4141*R,愛媛県,1589,HA4MOT,愛媛県,2612,45NYAN,愛媛県,0,,-
PENDUAL,On My Wings(Hardstyle IIDX),0,,-,856,AKARI,愛媛県,1258,HA4MOT,愛媛県,1962,8KIME4,愛媛県,0,,-
PENDUAL,No Tears,0,,-,1159,UNO.S,愛媛県,2044,TORI,愛媛県,2536,45NYAN,愛媛県,0,,-
PENDUAL,Night sky,0,,-,1092,4141*R,愛媛県,1868,HA4MOT,愛媛県,2920,45NYAN,愛媛県,0,,-
PENDUAL,NEO GENERATOR SEVEN,0,,-,871,4141*R,愛媛県,1847,HA4MOT,愛媛県,3287,45NYAN,愛媛県,0,,-
PENDUAL,Monopole.,0,,-,769,4141*R,愛媛県,1629,HA4MOT,愛媛県,3344,45NYAN,愛媛県,0,,-
PENDUAL,m1dy Festival,0,,-,761,MIMOSA,愛媛県,1392,VOLT,愛媛県,2353,BA4MET,愛媛県,0,,-
PENDUAL,Line 4 Ruin,0,,-,668,KAKIRA,愛媛県,1801,KENKEN,愛媛県,2795,45NYAN,愛媛県,0,,-
PENDUAL,IXION,0,,-,1069,MF#ARR,愛媛県,1791,PNSP!!,愛媛県,2151,P*4JUN,愛媛県,0,,-
PENDUAL,Invitation from Mr.C,0,,-,999,4141*R,愛媛県,1537,BA4MET,愛媛県,2728,45NYAN,愛媛県,0,,-
PENDUAL,In The Breeze,0,,-,613,NYAN,愛媛県,1136,HA4MOT,愛媛県,1735,45NYAN,愛媛県,0,,-
PENDUAL,IMPLANTATION,0,,-,624,ZETUEI,愛媛県,1649,PNSP!!,愛媛県,2259,45NYAN,愛媛県,0,,-
PENDUAL,illuminate,0,,-,603,SAYAKA,愛媛県,1277,ANNA,愛媛県,2272,ANROCO,愛媛県,0,,-
PENDUAL,Hello Happiness,0,,-,798,4141*R,愛媛県,1652,HA4MOT,愛媛県,2314,P*4JUN,愛媛県,0,,-
PENDUAL,HELL SCAPER -Last Escape Remix-,0,,-,900,4141*R,愛媛県,1763,762,愛媛県,2857,45NYAN,愛媛県,0,,-
PENDUAL,Gravigazer,0,,-,840,NYAN,愛媛県,1856,BA4MET,愛媛県,3019,45NYAN,愛媛県,0,,-
PENDUAL,Flashes,0,,-,955,TE2SU,愛媛県,1745,POMI,愛媛県,3264,45NYAN,愛媛県,0,,-
PENDUAL,FANTASTIC THREE,0,,-,1352,PNSP!!,愛媛県,2209,NG,愛媛県,3190,45NYAN,愛媛県,0,,-
PENDUAL,fallen leaves -IIDX edition-,0,,-,1113,SOKO,愛媛県,2065,NG,愛媛県,3342,45NYAN,愛媛県,0,,-
PENDUAL,Erosion Mark  ,0,,-,743,K0RON,愛媛県,1439,HA4MOT,愛媛県,2146,KOMOTO,愛媛県,0,,-
PENDUAL,entelecheia,0,,-,1035,HA4MOT,愛媛県,2142,PNSP!!,愛媛県,3251,45NYAN,愛媛県,0,,-
PENDUAL,EBONY & IVORY,0,,-,949,4141*R,愛媛県,1703,HA4MOT,愛媛県,3010,45NYAN,愛媛県,3581,45NYAN,愛媛県
PENDUAL,Discloze,0,,-,928,-631*-,愛媛県,1720,OSE-9,愛媛県,2627,45NYAN,愛媛県,0,,-
PENDUAL,Despair of ELFERIA,0,,-,1220,SAKURA,愛媛県,2390,HA4MOT,愛媛県,4047,45NYAN,愛媛県,0,,-
PENDUAL,Cosmic Cat,0,,-,889,4141*R,愛媛県,1701,HA4MOT,愛媛県,2311,45NYAN,愛媛県,3254,45NYAN,愛媛県
PENDUAL,COLOSSEUM ,0,,-,460,ERIWO,愛媛県,1209,HA4MOT,愛媛県,2277,OSE-9,愛媛県,0,,-
PENDUAL,cinder,0,,-,803,OKOJYO,愛媛県,1955,HA4MOT,愛媛県,3088,45NYAN,愛媛県,0,,-
PENDUAL,Chronos,0,,-,799,4141*R,愛媛県,1390,TORI10,愛媛県,2358,45NYAN,愛媛県,2991,45NYAN,愛媛県
PENDUAL,Chrono Diver -PENDULUMs-,550,Z0RA,愛媛県,1385,QUIU,愛媛県,2717,*45*,愛媛県,4257,45NYAN,愛媛県,0,,-
PENDUAL,CHRONO DIVER -NORNIR-,0,,-,1111,4141*R,愛媛県,2147,U-ME,愛媛県,3095,*45*,愛媛県,4359,45NYAN,愛媛県
PENDUAL,chrono diver -fragment-,0,,-,671,UNO.S,愛媛県,1146,BA4MET,愛媛県,1786,OMOTO,愛媛県,2256,P*4JUN,愛媛県
PENDUAL,Chain of pain,0,,-,701,ANNA,愛媛県,1452,HA4MOT,愛媛県,2230,45NYAN,愛媛県,0,,-
PENDUAL,Broken Sword,0,,-,1224,VOLT,愛媛県,2061,18KING,愛媛県,3725,45NYAN,愛媛県,0,,-
PENDUAL,BLUE MIRAGE,0,,-,998,SOKO,愛媛県,2036,HA4MOT,愛媛県,3011,*45*,愛媛県,0,,-
PENDUAL,Blaze it UP!,0,,-,910,AKARI,愛媛県,1849,PNSP!!,愛媛県,2968,45NYAN,愛媛県,0,,-
PENDUAL,Beyond The Earth,0,,-,1175,VOLT,愛媛県,2043,PNSP!!,愛媛県,3184,P*4JUN,愛媛県,0,,-
PENDUAL,Beat Radiance,0,,-,968,QUIU,愛媛県,1588,HA4MOT,愛媛県,2646,45NYAN,愛媛県,3573,45NYAN,愛媛県
PENDUAL,AFRO KNUCKLE,0,,-,887,4141*R,愛媛県,1744,PNSP!!,愛媛県,2408,45NYAN,愛媛県,0,,-
PENDUAL,#The_Relentless,0,,-,1123,4141*R,愛媛県,2005,PNSP!!,愛媛県,2935,45NYAN,愛媛県,4298,45NYAN,愛媛県
copula,麗 ～うらら～,262,Z0RA,愛媛県,1067,SIXPAC,愛媛県,1773,OOO,愛媛県,2631,45NYAN,愛媛県,0,,-
copula,駅猫のワルツ,0,,-,1125,SIXPAC,愛媛県,2165,P*4JUN,愛媛県,2762,IIDX82,愛媛県,0,,-
copula,量子の海のリントヴルム,0,,-,825,4141*R,愛媛県,1715,T.TEIO,愛媛県,2966,45NYAN,愛媛県,0,,-
copula,追想快晴テーマパーク,0,,-,1194,NG,愛媛県,2026,HA4MOT,愛媛県,3088,45NYAN,愛媛県,0,,-
copula,紫陽花 -AZISAI-,416,Z0RA,愛媛県,1161,SHALL,愛媛県,2074,P*4JUN,愛媛県,2837,45NYAN,愛媛県,3301,45NYAN,愛媛県
copula,真 地獄超特急 -HELL or HELL-,0,,-,1353,SOKO,愛媛県,2196,OMOTO,愛媛県,3291,P*4JUN,愛媛県,0,,-
copula,炸裂！イェーガー電光チョップ！！(JAEGER FINAL ATTACK),0,,-,970,UNI-19,愛媛県,1748,IIDX27,愛媛県,2450,333,愛媛県,0,,-
copula,灼熱 Pt.2 Long Train Running,615,IYOAZM,愛媛県,1246,MF#ARR,愛媛県,2094,P*4JUN,愛媛県,3399,P*4JUN,愛媛県,0,,-
copula,朝焼けから始まるボクらの小さな旅,0,,-,886,SAYAKA,愛媛県,1645,HA4MOT,愛媛県,2489,P*4JUN,愛媛県,0,,-
copula,星屑ディスタンシア,0,,-,643,SAYAKA,愛媛県,1202,BA4MET,愛媛県,2102,45NYAN,愛媛県,0,,-
copula,明鏡止水,0,,-,782,MARCO,愛媛県,1806,Z0RA,愛媛県,2761,45NYAN,愛媛県,0,,-
copula,少女アリスと箱庭幻想コンチェルト,0,,-,725,SOKO,愛媛県,1452,HA4MOT,愛媛県,2151,45NYAN,愛媛県,0,,-
copula,セロトニン,0,,-,1174,4141*R,愛媛県,1800,HORO41,愛媛県,2315,P*4JUN,愛媛県,0,,-
copula,シュッパツシンコウ・シサカンコ,0,,-,1098,4141*R,愛媛県,1776,QUIU,愛媛県,2421,18KING,愛媛県,0,,-
copula,ギョギョっと人魚 爆婚ブライダル,0,,-,790,4141*R,愛媛県,1450,P*4JUN,愛媛県,2367,P*4JUN,愛媛県,0,,-
copula,オルタネイトβ,0,,-,802,SAYAKA,愛媛県,1392,TONKO2,愛媛県,2246,OMOTO,愛媛県,0,,-
copula,めいさいアイドル☆あいむちゃん♪,0,,-,1389,SOKO,愛媛県,2282,LEMON*,愛媛県,3349,*45*,愛媛県,0,,-
copula,か・し・ま・し☆PUMP UP！,0,,-,1111,SIXPAC,愛媛県,1858,HA4MOT,愛媛県,2794,P*4JUN,愛媛県,0,,-
copula,ZEPHYRANTHES,0,,-,1016,PNSP!!,愛媛県,1835,PNSP!!,愛媛県,2896,PNSP!!,愛媛県,3868,45NYAN,愛媛県
copula,X,0,,-,1532,92,愛媛県,2453,NG,愛媛県,3855,45NYAN,愛媛県,0,,-
copula,Welcome,0,,-,844,4141*R,愛媛県,1736,BA4MET,愛媛県,2644,45NYAN,愛媛県,3314,45NYAN,愛媛県
copula,Violet Rose,0,,-,1055,Z.O.E.,愛媛県,1988,GLG13,愛媛県,2586,45NYAN,愛媛県,0,,-
copula,Violet Pulse,0,,-,425,GONTA#,愛媛県,1623,HA4MOT,愛媛県,2418,45NYAN,愛媛県,3986,45NYAN,愛媛県
copula,Uh-Oh,0,,-,1093,MF#ARR,愛媛県,1727,KOUZI,愛媛県,2412,IIDX82,愛媛県,0,,-
copula,Triple Counter,0,,-,1305,ALPHAZ,愛媛県,2178,NG,愛媛県,3953,IIDX82,愛媛県,0,,-
copula,Tori-no-kimochi,0,,-,256,O-RAY,愛媛県,1269,BA4MET,愛媛県,1988,45NYAN,愛媛県,0,,-
copula,SURVIVOR,0,,-,686,FAMI,愛媛県,1250,HA4MOT,愛媛県,2015,45NYAN,愛媛県,0,,-
copula,Super Duper Racers,0,,-,919,4141*R,愛媛県,1568,HA4MOT,愛媛県,2342,PNSP!!,愛媛県,0,,-
copula,StrayedCatz,0,,-,1071,XU,愛媛県,1984,HA4MOT,愛媛県,2752,TOMABO,愛媛県,0,,-
copula,STARLIGHT DANCEHALL,0,,-,1194,ZETUEI,愛媛県,1808,HA4MOT,愛媛県,2665,45NYAN,愛媛県,3344,45NYAN,愛媛県
copula,STARLiGHT,0,,-,915,SIXPAC,愛媛県,1797,HA4MOT,愛媛県,2765,45NYAN,愛媛県,0,,-
copula,SHELTER OF THE MIND,0,,-,1374,4141*R,愛媛県,1961,HA4MOT,愛媛県,3065,45NYAN,愛媛県,0,,-
copula,Set U Free feat. Kanae Asaba,0,,-,875,4141*R,愛媛県,1513,HA4MOT,愛媛県,2510,GLG13,愛媛県,0,,-
copula,Sephirot,0,,-,909,UNO.S,愛媛県,1584,HA4MOT,愛媛県,2338,*45*,愛媛県,0,,-
copula,SEITEN NO TERIYAKI,0,,-,678,MIZUKI,愛媛県,1268,HA4MOT,愛媛県,2238,45NYAN,愛媛県,0,,-
copula,Routing,0,,-,923,ATHARV,愛媛県,1614,HA4MOT,愛媛県,2494,P*4JUN,愛媛県,0,,-
copula,Rock It,0,,-,1083,4141*R,愛媛県,1664,HA4MOT,愛媛県,2918,P*4JUN,愛媛県,0,,-
copula,refrain,0,,-,1198,4141*R,愛媛県,2344,PNSP!!,愛媛県,3639,45NYAN,愛媛県,0,,-
copula,quick master (reform version),0,,-,154,GONTA#,愛媛県,350,BA4MET,愛媛県,522,18KING,愛媛県,0,,-
copula,POSSESSION,523,GLG13,愛媛県,1378,45NYAN,愛媛県,2142,GLG13,愛媛県,2963,45NYAN,愛媛県,0,,-
copula,Outbreak,0,,-,1307,SAKURA,愛媛県,1823,POMI,愛媛県,3007,45NYAN,愛媛県,0,,-
copula,On the FM,0,,-,997,4141*R,愛媛県,1558,HA4MOT,愛媛県,2779,45NYAN,愛媛県,0,,-
copula,NZM,0,,-,1045,ZETUEI,愛媛県,1584,HA4MOT,愛媛県,3400,45NYAN,愛媛県,0,,-
copula,Nowhere,0,,-,779,4141*R,愛媛県,1466,HA4MOT,愛媛県,2152,762,愛媛県,0,,-
copula,NO LIMIT -オレ達に限界は無い-,0,,-,790,4141*R,愛媛県,1217,18KING,愛媛県,2287,45NYAN,愛媛県,0,,-
copula,NINJA IS DEAD IIDX ver.,0,,-,1192,RSN!!!,愛媛県,1874,HA4MOT,愛媛県,2991,45NYAN,愛媛県,0,,-
copula,Nightmare before oversleep,0,,-,1139,KITA-N,愛媛県,1914,18KING,愛媛県,2951,45NYAN,愛媛県,0,,-
copula,NANAIRO,0,,-,978,4141*R,愛媛県,1806,HA4MOT,愛媛県,2568,IIDX82,愛媛県,0,,-
copula,Musik LoverZ,0,,-,1018,4141*R,愛媛県,1373,HA4MOT,愛媛県,2468,45NYAN,愛媛県,0,,-
copula,M4K3 1T B0UNC3,0,,-,1297,VOLT,愛媛県,2092,NG,愛媛県,3035,45NYAN,愛媛県,0,,-
copula,La dolce primavera,0,,-,675,SWITCH,愛媛県,1351,HA4MOT,愛媛県,2156,45NYAN,愛媛県,0,,-
copula,Konzert V,0,,-,1179,4141*R,愛媛県,2253,HA4MOT,愛媛県,3315,45NYAN,愛媛県,0,,-
copula,Journey,0,,-,669,4141*R,愛媛県,1195,BA4MET,愛媛県,1862,KA2DON,愛媛県,3113,45NYAN,愛媛県
copula,Inner Spirit,0,,-,842,UNO.S,愛媛県,1859,HA4MOT,愛媛県,2829,IIDX82,愛媛県,0,,-
copula,Highcharge Divolt,0,,-,833,4141*R,愛媛県,1714,NG,愛媛県,2782,45NYAN,愛媛県,0,,-
copula,Grand Chariot,0,,-,1077,4141*R,愛媛県,1860,NYAN8S,愛媛県,3442,45NYAN,愛媛県,0,,-
copula,Godspeed,0,,-,1000,92,愛媛県,1951,KOMOTO,愛媛県,3154,45NYAN,愛媛県,0,,-
copula,GOBBLE,0,,-,480,XU,愛媛県,694,GYAREN,愛媛県,1706,45NYAN,愛媛県,0,,-
copula,Go Faraway,0,,-,982,SAYAKA,愛媛県,1487,HA4MOT,愛媛県,2464,NGG,愛媛県,0,,-
copula,Glitch Nerds,0,,-,997,UNO.S,愛媛県,1411,HA4MOT,愛媛県,2237,P*4JUN,愛媛県,0,,-
copula,GENERATE feat.綾倉盟,0,,-,1044,4141*R,愛媛県,1725,PNSP!!,愛媛県,2353,*45*,愛媛県,0,,-
copula,Exchange Place,0,,-,650,ERIWO,愛媛県,1239,HA4MOT,愛媛県,1793,45NYAN,愛媛県,0,,-
copula,Everlasting Last,0,,-,811,ZETUEI,愛媛県,1613,HA4MOT,愛媛県,2206,P*4JUN,愛媛県,0,,-
copula,Dynamite,541,Z0RA,愛媛県,1178,ZETUEI,愛媛県,2452,*COME*,愛媛県,3811,45NYAN,愛媛県,0,,-
copula,Donkey Donk,0,,-,1022,SOKO,愛媛県,1699,18KING,愛媛県,2282,45NYAN,愛媛県,0,,-
copula,do the thing feat. Kanae Asaba,0,,-,621,UNO.S,愛媛県,1525,KOUZI,愛媛県,2275,NGG,愛媛県,0,,-
copula,DIAMOND CROSSING,0,,-,942,QUIU,愛媛県,1751,NG,愛媛県,3036,45NYAN,愛媛県,0,,-
copula,Devil's Gear,0,,-,953,4141*R,愛媛県,2173,HA4MOT,愛媛県,3412,45NYAN,愛媛県,0,,-
copula,Derelict Star feat. Ryu*,0,,-,1257,4141*R,愛媛県,1879,AB#595,愛媛県,2634,IIDX82,愛媛県,0,,-
copula,Damage Per Second,0,,-,871,TAPI,愛媛県,1390,18KING,愛媛県,2042,45NYAN,愛媛県,2280,NGG,愛媛県
copula,Daily Lunch Special,0,,-,1020,4141*R,愛媛県,2111,HA4MOT,愛媛県,2966,45NYAN,愛媛県,0,,-
copula,CODE:1 [revision1.0.1],0,,-,968,XU,愛媛県,1712,HA4MOT,愛媛県,3115,45NYAN,愛媛県,0,,-
copula,chaos eater -IIDX edition-,0,,-,1160,XU,愛媛県,1713,HA4MOT,愛媛県,2604,45NYAN,愛媛県,0,,-
copula,Central Station,0,,-,950,SAYAKA,愛媛県,1542,HA4MOT,愛媛県,2381,NGGG,愛媛県,0,,-
copula,Blue Spring Express,0,,-,1201,NGS,愛媛県,2019,NG,愛媛県,3290,45NYAN,愛媛県,0,,-
copula,Battle Train -IIDX Edition-,0,,-,825,4141*R,愛媛県,2497,HA4MOT,愛媛県,3287,45NYAN,愛媛県,0,,-
copula,Aublia,0,,-,859,OKOJYO,愛媛県,1530,PNSP!!,愛媛県,2536,OSE-9,愛媛県,0,,-
copula,Arcana,0,,-,1142,SIXPAC,愛媛県,1746,KOUZI,愛媛県,2273,IIDX82,愛媛県,0,,-
copula,AO-1,0,,-,1119,SOKO,愛媛県,1911,18KING,愛媛県,2794,45NYAN,愛媛県,0,,-
copula,Angelic Jelly,0,,-,1141,-631*-,愛媛県,2039,HA4MOT,愛媛県,2766,45NYAN,愛媛県,0,,-
copula,Acid Pumper,0,,-,673,UNO.S,愛媛県,1584,GLG13,愛媛県,2466,45NYAN,愛媛県,0,,-
copula,199024club -Re:BounceKiller-,0,,-,652,SAYAKA,愛媛県,1656,P*4JUN,愛媛県,2365,P*4JUN,愛媛県,0,,-
SINOBUZ,鴉,0,,-,1360,Z.0.E.,愛媛県,2253,P*4JUN,愛媛県,2698,45NYAN,愛媛県,0,,-
SINOBUZ,童話回廊,0,,-,911,4141*R,愛媛県,1605,BIBIQ,愛媛県,3054,45NYAN,愛媛県,0,,-
SINOBUZ,禍根,0,,-,786,4141*R,愛媛県,1369,PNSP!!,愛媛県,2547,OSE-9,愛媛県,0,,-
SINOBUZ,獅子霞麗ノ舞,0,,-,469,SAYAKA,愛媛県,1044,BA4MET,愛媛県,1725,45NYAN,愛媛県,0,,-
SINOBUZ,焔極OVERKILL,0,,-,1119,VOLT,愛媛県,2118,P*4JUN,愛媛県,3556,45NYAN,愛媛県,0,,-
SINOBUZ,火影,0,,-,691,4141*R,愛媛県,1402,P*4JUN,愛媛県,2715,P*4JUN,愛媛県,0,,-
SINOBUZ,津軽雪,0,,-,1465,TENNOU,愛媛県,2223,P*4JUN,愛媛県,3823,45NYAN,愛媛県,0,,-
SINOBUZ,次葉 -turn the page-,0,,-,848,18KING,愛媛県,1409,18KING,愛媛県,1995,*45*,愛媛県,0,,-
SINOBUZ,月雪に舞う華のように,0,,-,800,MARCO,愛媛県,1253,BA4MET,愛媛県,2114,P*4JUN,愛媛県,0,,-
SINOBUZ,恋はどう？モロ◎波動OK☆方程式!!,0,,-,926,4141*R,愛媛県,1538,HA4MOT,愛媛県,2464,45NYAN,愛媛県,0,,-
SINOBUZ,忍恋花,0,,-,1001,XU,愛媛県,1658,HA4MOT,愛媛県,2249,IIDX82,愛媛県,0,,-
SINOBUZ,刃図羅,0,,-,1196,VOLT,愛媛県,2094,P*4JUN,愛媛県,3404,45NYAN,愛媛県,0,,-
SINOBUZ,冬椿 ft. Kanae Asaba,261,Z0RA,愛媛県,921,4141*R,愛媛県,1229,KOUZI,愛媛県,2281,45NYAN,愛媛県,3051,45NYAN,愛媛県
SINOBUZ,九尾狐夜行,0,,-,808,4141*R,愛媛県,1768,HA4MOT,愛媛県,2949,45NYAN,愛媛県,0,,-
SINOBUZ,ディッシュウォッシャー◎彡おいわちゃん,0,,-,721,18KING,愛媛県,1382,TORI,愛媛県,2500,45NYAN,愛媛県,0,,-
SINOBUZ,イザナミノナゲキ,0,,-,1190,HA4MOT,愛媛県,1970,HA4MOT,愛媛県,3214,IIDX82,愛媛県,0,,-
SINOBUZ,ちらちら・はらはら,0,,-,400,4141*R,愛媛県,933,SE27-L,愛媛県,1418,B-777*,愛媛県,0,,-
SINOBUZ,〆,0,,-,1197,SOKO,愛媛県,2252,HA4MOT,愛媛県,3681,45NYAN,愛媛県,0,,-
SINOBUZ,Yellow Sketch(RX-Ver.S.P.L.),0,,-,717,CORSET,愛媛県,1757,HA4MOT,愛媛県,2832,*45*,愛媛県,0,,-
SINOBUZ,yamabiko (SINOBUZ Edition),0,,-,908,MARCO,愛媛県,1589,PNSP!!,愛媛県,2612,P*4JUN,愛媛県,0,,-
SINOBUZ,XINOBIKILL,0,,-,987,XU,愛媛県,1705,HA4MOT,愛媛県,2869,45NYAN,愛媛県,0,,-
SINOBUZ,Warrior,0,,-,984,XU,愛媛県,1797,HA4MOT,愛媛県,2489,45NYAN,愛媛県,0,,-
SINOBUZ,Vermilion,0,,-,808,AIR,愛媛県,1330,XU,愛媛県,2000,45NYAN,愛媛県,0,,-
SINOBUZ,Venom,0,,-,1207,SIXPAC,愛媛県,2085,UME.,愛媛県,3214,45NYAN,愛媛県,0,,-
SINOBUZ,Umbral,0,,-,603,SAYAKA,愛媛県,1393,KOUZI,愛媛県,1904,SAKAKI,愛媛県,3062,45NYAN,愛媛県
SINOBUZ,TOGAKUSHI,0,,-,927,NYAN,愛媛県,1921,P*4JUN,愛媛県,2610,45NYAN,愛媛県,0,,-
SINOBUZ,The Commanders,0,,-,957,HA4MOT,愛媛県,1490,HA4MOT,愛媛県,2434,OMOTO,愛媛県,0,,-
SINOBUZ,Sweet Clapper,0,,-,545,ZETUEI,愛媛県,1242,KOUZI,愛媛県,1910,OMOTO,愛媛県,2927,45NYAN,愛媛県
SINOBUZ,Surf on the Light,0,,-,763,XU,愛媛県,1466,HA4MOT,愛媛県,2268,45NYAN,愛媛県,0,,-
SINOBUZ,Super Rush,0,,-,994,4141*R,愛媛県,1861,TAKOSS,愛媛県,3524,45NYAN,愛媛県,0,,-
SINOBUZ,Summerlights(IIDX Edition),0,,-,1112,DJTED,愛媛県,1810,HA4MOT,愛媛県,3093,45NYAN,愛媛県,0,,-
SINOBUZ,Steel Edge,0,,-,891,4141*R,愛媛県,1475,PNSP!!,愛媛県,3160,45NYAN,愛媛県,0,,-
SINOBUZ,Snakey Kung-fu,0,,-,1076,VOLT,愛媛県,2159,P*4JUN,愛媛県,3424,45NYAN,愛媛県,0,,-
SINOBUZ,Sky High,436,Z0RA,愛媛県,1140,VOLT,愛媛県,2354,P*4JUN,愛媛県,3806,45NYAN,愛媛県,0,,-
SINOBUZ,SINOBUZ Fantasy,0,,-,994,4141*R,愛媛県,1685,HA4MOT,愛媛県,2390,762,愛媛県,0,,-
SINOBUZ,shuriken,0,,-,753,MOTZ,愛媛県,1099,BA4MET,愛媛県,2528,IIDX82,愛媛県,0,,-
SINOBUZ,Shoot'Em All,0,,-,761,MARCO,愛媛県,1370,MARCO,愛媛県,2410,MOMOMO,愛媛県,0,,-
SINOBUZ,SEQUENCE CAT,0,,-,1026,MARCO,愛媛県,2207,18KING,愛媛県,2853,IIDX82,愛媛県,0,,-
SINOBUZ,Selfish Sweet,0,,-,575,KAKIRA,愛媛県,969,18KING,愛媛県,1696,P*4JUN,愛媛県,0,,-
SINOBUZ,Seize the Day,0,,-,586,UTUHO,愛媛県,1160,PPPPPP,愛媛県,2124,BXUDON,愛媛県,0,,-
SINOBUZ,Seaside Labyrinth,0,,-,495,06LETS,愛媛県,1295,762,愛媛県,1839,*COME*,愛媛県,0,,-
SINOBUZ,SAY BAY,0,,-,800,SAYAKA,愛媛県,1519,OOO,愛媛県,2836,45NYAN,愛媛県,0,,-
SINOBUZ,Sarutobi Champion is 拙者,0,,-,921,SAYAKA,愛媛県,1494,HA4MOT,愛媛県,2145,762,愛媛県,0,,-
SINOBUZ,SAMURAI-Scramble,0,,-,928,SAYAKA,愛媛県,1670,U-ME,愛媛県,2382,GLG13,愛媛県,2821,P*4JUN,愛媛県
SINOBUZ,ROTTERDAM SHOGUN,540,Z0RA,愛媛県,1105,XU,愛媛県,1805,HA4MOT,愛媛県,2552,45NYAN,愛媛県,0,,-
SINOBUZ,RISING FIRE HAWK,0,,-,824,MARCO,愛媛県,1509,PNSP!!,愛媛県,2686,OSE-9,愛媛県,0,,-
SINOBUZ,Remedy feat. Kanae Asaba,0,,-,887,4141*R,愛媛県,1614,HA4MOT,愛媛県,2180,MOMOMO,愛媛県,0,,-
SINOBUZ,Rave Cannon,0,,-,1034,VOLT,愛媛県,1820,O-RAY,愛媛県,3342,45NYAN,愛媛県,0,,-
SINOBUZ,RAIN,0,,-,1089,MARCO,愛媛県,1793,HA4MOT,愛媛県,3268,45NYAN,愛媛県,0,,-
SINOBUZ,Quakes,0,,-,1043,MARCO,愛媛県,2040,HA4MOT,愛媛県,3163,45NYAN,愛媛県,0,,-
SINOBUZ,Piano Samurai,0,,-,1024,MARCO,愛媛県,1751,18KING,愛媛県,2467,P*4JUN,愛媛県,0,,-
SINOBUZ,PAPAYAPA BASS,0,,-,775,UNO.S,愛媛県,1534,HA4MOT,愛媛県,2789,45NYAN,愛媛県,0,,-
SINOBUZ,OTENAMI Hurricane,0,,-,1309,PNSP!!,愛媛県,2138,HA4MOT,愛媛県,3114,45NYAN,愛媛県,0,,-
SINOBUZ,OOO,0,,-,677,SAYAKA,愛媛県,1441,BA4MET,愛媛県,2059,OMOTO,愛媛県,0,,-
SINOBUZ,nostos,0,,-,895,HA4MOT,愛媛県,1353,PNSP!!,愛媛県,2632,45NYAN,愛媛県,0,,-
SINOBUZ,Music is The Answer,0,,-,740,4141*R,愛媛県,1423,OSE-9,愛媛県,1874,SAKAKI,愛媛県,0,,-
SINOBUZ,Modular Technology,0,,-,1097,NYAN,愛媛県,1924,762,愛媛県,2662,IIDX82,愛媛県,0,,-
SINOBUZ,Mare Nectaris,0,,-,1457,18KING,愛媛県,2097,P*4JUN,愛媛県,3549,45NYAN,愛媛県,0,,-
SINOBUZ,Magical,0,,-,778,SAYAKA,愛媛県,1173,BA4MET,愛媛県,2012,45NYAN,愛媛県,0,,-
SINOBUZ,Macuilxochitl,521,Z0RA,愛媛県,1295,ANNA,愛媛県,2177,HA4MOT,愛媛県,3332,45NYAN,愛媛県,0,,-
SINOBUZ,Lost wing at.0,0,,-,888,MARCO,愛媛県,1407,HA4MOT,愛媛県,2438,45NYAN,愛媛県,0,,-
SINOBUZ,INVISIBLE STRIX,0,,-,1086,SOKO,愛媛県,2018,HA4MOT,愛媛県,2623,45NYAN,愛媛県,0,,-
SINOBUZ,Honey Trap,0,,-,819,XU,愛媛県,1599,TAKOSS,愛媛県,2531,45NYAN,愛媛県,0,,-
SINOBUZ,HAPPY★RUSH,0,,-,762,SAYAKA,愛媛県,1875,XU,愛媛県,2846,P*4JUN,愛媛県,0,,-
SINOBUZ,HADES,389,Z0RA,愛媛県,976,XU,愛媛県,1856,OOO,愛媛県,3050,OSE-9,愛媛県,0,,-
SINOBUZ,GuNGNiR,0,,-,1290,SWITCH,愛媛県,2669,P*4JUN,愛媛県,3868,45NYAN,愛媛県,4396,45NYAN,愛媛県
SINOBUZ,Go Ahead!!,0,,-,941,VOLT,愛媛県,1569,P*4JUN,愛媛県,2644,45NYAN,愛媛県,0,,-
SINOBUZ,FUZIN RIZIN,0,,-,1154,SIXPAC,愛媛県,1968,HA4MOT,愛媛県,3783,IIDX82,愛媛県,0,,-
SINOBUZ,elemental bender feat. Kanae Asaba,0,,-,628,UNO.S,愛媛県,1147,TAPI,愛媛県,1614,PNSP!!,愛媛県,0,,-
SINOBUZ,Egret and Willow,0,,-,983,MARCO,愛媛県,1663,HA4MOT,愛媛県,2714,762,愛媛県,0,,-
SINOBUZ,ECHIDNA,0,,-,1188,TANA,愛媛県,2078,PNSP!!,愛媛県,3357,45NYAN,愛媛県,0,,-
SINOBUZ,DORNWALD ～Junge～,0,,-,1243,SWITCH,愛媛県,2259,P*4JUN,愛媛県,3618,45NYAN,愛媛県,0,,-
SINOBUZ,Cyber True Color,0,,-,942,FAMI,愛媛県,1637,HA4MOT,愛媛県,2320,45NYAN,愛媛県,0,,-
SINOBUZ,crew,0,,-,626,GONTA#,愛媛県,1731,18KING,愛媛県,2925,*45*,愛媛県,0,,-
SINOBUZ,Caterpillar,0,,-,1150,CHOCOM,愛媛県,2220,P*4JUN,愛媛県,3036,45NYAN,愛媛県,0,,-
SINOBUZ,BroGamer,0,,-,1345,HA4MOT,愛媛県,2066,TE2SU,愛媛県,3061,OSE-9,愛媛県,4590,45NYAN,愛媛県
SINOBUZ,Breakin' Chain,0,,-,665,NYAN,愛媛県,1306,HA4MOT,愛媛県,2304,IIDX82,愛媛県,0,,-
SINOBUZ,BREAK OVER,0,,-,800,R.W.B.,愛媛県,1470,HA4MOT,愛媛県,2328,P*4JUN,愛媛県,0,,-
SINOBUZ,Beyond The Seven,0,,-,696,NYAN,愛媛県,1302,HA4MOT,愛媛県,2710,45NYAN,愛媛県,0,,-
SINOBUZ,Believe in you,0,,-,1170,KA5ME,愛媛県,1839,HA4MOT,愛媛県,2416,762,愛媛県,0,,-
SINOBUZ,Beat Juggling Mix,0,,-,947,MARCO,愛媛県,1542,POMI,愛媛県,2199,45NYAN,愛媛県,0,,-
SINOBUZ,Be A Star,0,,-,937,4141*R,愛媛県,1809,HA4MOT,愛媛県,2804,45NYAN,愛媛県,0,,-
SINOBUZ,BabeL ～Grand Story～,0,,-,1072,VOLT,愛媛県,2051,L#WIND,愛媛県,2793,45NYAN,愛媛県,0,,-
SINOBUZ,AsiaN distractive,0,,-,1165,XU,愛媛県,1751,HA4MOT,愛媛県,2616,45NYAN,愛媛県,0,,-
SINOBUZ,Around The Galaxy,0,,-,1124,P*4JUN,愛媛県,2084,HA4MOT,愛媛県,3347,*45*,愛媛県,0,,-
SINOBUZ,Apocalypse,0,,-,1103,4141*R,愛媛県,2128,PNSP!!,愛媛県,3555,45NYAN,愛媛県,0,,-
SINOBUZ,AO-∞,0,,-,1045,MARCO,愛媛県,1812,18KING,愛媛県,2659,45NYAN,愛媛県,0,,-
SINOBUZ,Amazing Mirage,373,Z0RA,愛媛県,851,4141*R,愛媛県,1700,HA4MOT,愛媛県,2616,45NYAN,愛媛県,3287,45NYAN,愛媛県
SINOBUZ,(This Is Not) The Angels,0,,-,575,18KING,愛媛県,1401,KU4KA2,愛媛県,2699,45NYAN,愛媛県,0,,-
SINOBUZ,#MAGiCVLGiRL_TRVP_B3VTZ,0,,-,1143,ZETUEI,愛媛県,1961,POMI,愛媛県,3396,45NYAN,愛媛県,0,,-
SINOBUZ,!Viva!,0,,-,907,SAYAKA,愛媛県,1586,PNSP!!,愛媛県,1991,OOO,愛媛県,0,,-
CANNON BALLERS,草原の王女-軌跡を辿って-,0,,-,686,BTBOCO,愛媛県,1209,XU,愛媛県,2328,45NYAN,愛媛県,0,,-
CANNON BALLERS,純真可憐デザイア,248,Z0RA,愛媛県,798,SE27-L,愛媛県,1592,POMI,愛媛県,2333,45NYAN,愛媛県,0,,-
CANNON BALLERS,神謳 -RESONANCE-,0,,-,1334,AKARI,愛媛県,2515,45NYAN,愛媛県,4008,45NYAN,愛媛県,0,,-
CANNON BALLERS,東京神話,460,IYOAZM,愛媛県,1016,BIG-O,愛媛県,1750,PNSP!!,愛媛県,2768,45NYAN,愛媛県,0,,-
CANNON BALLERS,命の標本,0,,-,718,4141*R,愛媛県,1697,P*4JUN,愛媛県,2656,IIDX82,愛媛県,0,,-
CANNON BALLERS,共犯へヴンズコード,0,,-,476,MARCO,愛媛県,1347,XU,愛媛県,2252,IIDX82,愛媛県,0,,-
CANNON BALLERS,ラストセンチュリーメランコリック,0,,-,822,SOKO,愛媛県,1594,TAKOSS,愛媛県,2177,P*4JUN,愛媛県,0,,-
CANNON BALLERS,パラドキシカル・タイムリープトライアル(Short Ver.),0,,-,1007,UNO.S,愛媛県,1866,HA4MOT,愛媛県,2760,P*4JUN,愛媛県,0,,-
CANNON BALLERS,バスルーム ロマンス,0,,-,960,XU,愛媛県,1432,HA4MOT,愛媛県,2413,OMOTO,愛媛県,0,,-
CANNON BALLERS,バ→ビ→ブ→Bomb!,0,,-,828,XU,愛媛県,1779,HA4MOT,愛媛県,2510,762,愛媛県,0,,-
CANNON BALLERS,ハイ*ビスカス ft. Kanae Asaba,0,,-,842,SAYAKA,愛媛県,1536,TAKOSS,愛媛県,2445,*45*,愛媛県,0,,-
CANNON BALLERS,ナイトシティー・アヴァンチュール,0,,-,986,4141*R,愛媛県,1531,NYAN8S,愛媛県,2091,45NYAN,愛媛県,0,,-
CANNON BALLERS,シムルグの目醒め,0,,-,1347,KA5ME,愛媛県,2286,P*4JUN,愛媛県,3415,IIDX82,愛媛県,0,,-
CANNON BALLERS,エディブルフラワーの独白,0,,-,787,MARCO,愛媛県,1540,PNSP!!,愛媛県,2202,OOO,愛媛県,0,,-
CANNON BALLERS,うさ☆かめ 大戦争！,0,,-,907,TAKOSS,愛媛県,1571,HA4MOT,愛媛県,2492,45NYAN,愛媛県,0,,-
CANNON BALLERS,Xperanza,540,MARCO,愛媛県,1319,TSUI,愛媛県,2369,HA4MOT,愛媛県,3197,45NYAN,愛媛県,0,,-
CANNON BALLERS,VOX RUSH,0,,-,1336,XU,愛媛県,1948,MARON,愛媛県,3341,IIDX82,愛媛県,0,,-
CANNON BALLERS,Usual Days-remix,0,,-,1021,MARCO,愛媛県,1490,PNSP!!,愛媛県,2655,45NYAN,愛媛県,0,,-
CANNON BALLERS,UMMU,436,Z0RA,愛媛県,1196,NYAN8S,愛媛県,2050,HA4MOT,愛媛県,3082,45NYAN,愛媛県,0,,-
CANNON BALLERS,The Revolution (VIP Mix),0,,-,734,MARCO,愛媛県,1488,XU,愛媛県,1856,P*4JUN,愛媛県,0,,-
CANNON BALLERS,The Chase,0,,-,674,MARCO,愛媛県,1320,POMI,愛媛県,2142,P*4JUN,愛媛県,0,,-
CANNON BALLERS,THE CANNONBALLER,483,Z0RA,愛媛県,1421,MARCO,愛媛県,2422,*COME*,愛媛県,3426,IIDX82,愛媛県,0,,-
CANNON BALLERS,Temple of Anubis,0,,-,980,MIMOSA,愛媛県,1469,HA4MOT,愛媛県,2667,45NYAN,愛媛県,0,,-
CANNON BALLERS,SUNLiGHT (IIDX Mix),0,,-,1090,CHOCO,愛媛県,1729,HA4MOT,愛媛県,2607,OSE-9,愛媛県,0,,-
CANNON BALLERS,Static State,0,,-,989,MF#ARR,愛媛県,1692,HA4MOT,愛媛県,2343,P*4JUN,愛媛県,0,,-
CANNON BALLERS,STARLIGHT JUNCTION,0,,-,881,XU,愛媛県,1587,PNSP!!,愛媛県,2260,P*4JUN,愛媛県,2843,TAKOSS,愛媛県
CANNON BALLERS,SPEED DEMON,0,,-,729,4141*R,愛媛県,1457,762,愛媛県,2331,45NYAN,愛媛県,0,,-
CANNON BALLERS,SPEED,0,,-,838,MARCO,愛媛県,1229,SE27-R,愛媛県,2519,18KING,愛媛県,0,,-
CANNON BALLERS,"Son, not gabba now",0,,-,864,MARCO,愛媛県,1530,XU,愛媛県,2311,NG,愛媛県,0,,-
CANNON BALLERS,Slipstream,0,,-,1052,XU,愛媛県,1972,HA4MOT,愛媛県,3543,45NYAN,愛媛県,0,,-
CANNON BALLERS,Sleepless days,0,,-,496,4141*R,愛媛県,901,TONKO2,愛媛県,1576,45NYAN,愛媛県,0,,-
CANNON BALLERS,SHOX,0,,-,787,MARCO,愛媛県,1064,SE27-L,愛媛県,1679,BA4MET,愛媛県,0,,-
CANNON BALLERS,Rise Circuit,0,,-,899,MARCO,愛媛県,1567,HA4MOT,愛媛県,2278,IIDX82,愛媛県,0,,-
CANNON BALLERS,REVOLVER,0,,-,876,1338KH,愛媛県,1616,PNSP!!,愛媛県,2714,45NYAN,愛媛県,3256,45NYAN,愛媛県
CANNON BALLERS,Raspberry Railgun,0,,-,1362,QUIU,愛媛県,2201,HA4MOT,愛媛県,3139,45NYAN,愛媛県,0,,-
CANNON BALLERS,Rampage,0,,-,1254,XU,愛媛県,2441,POMI,愛媛県,3617,45NYAN,愛媛県,0,,-
CANNON BALLERS,Persephone,0,,-,1234,MARCO,愛媛県,1872,HA4MOT,愛媛県,3008,45NYAN,愛媛県,0,,-
CANNON BALLERS,Papilio ulysses,0,,-,1129,MARCO,愛媛県,2032,18KING,愛媛県,2901,45NYAN,愛媛県,0,,-
CANNON BALLERS,Only for now,0,,-,860,MARCO,愛媛県,1557,HA4MOT,愛媛県,2255,P*4JUN,愛媛県,0,,-
CANNON BALLERS,O/D*20,0,,-,1075,MARCO,愛媛県,1667,HA4MOT,愛媛県,2116,OMOTO,愛媛県,3872,45NYAN,愛媛県
CANNON BALLERS,Nothing but Theory,0,,-,1035,MARCO,愛媛県,1612,OSE-9,愛媛県,2849,IIDX82,愛媛県,3682,P*4JUN,愛媛県
CANNON BALLERS,No Limit 2 dAnce feat. 大山愛未,0,,-,916,4141*R,愛媛県,1534,762,愛媛県,2353,45NYAN,愛媛県,0,,-
CANNON BALLERS,NITROUS CANNON,0,,-,1247,SOKO,愛媛県,2025,PNSP!!,愛媛県,3585,45NYAN,愛媛県,0,,-
CANNON BALLERS,n'pa pa BBQ,0,,-,927,XU,愛媛県,1710,XU-1,愛媛県,2780,45NYAN,愛媛県,0,,-
CANNON BALLERS,Mira,0,,-,883,MARCO,愛媛県,1507,IIDX27,愛媛県,2951,BXUDON,愛媛県,0,,-
CANNON BALLERS,Midnight Lady,0,,-,612,REAL#G,愛媛県,1166,KOUZI,愛媛県,1928,*COME*,愛媛県,0,,-
CANNON BALLERS,MAXIVCORD,0,,-,781,MARCO,愛媛県,1399,HA4MOT,愛媛県,2423,P*4JUN,愛媛県,0,,-
CANNON BALLERS,LUV DRIVE,0,,-,806,4141*R,愛媛県,1318,18KING,愛媛県,2094,KA2ME4,愛媛県,0,,-
CANNON BALLERS,LIGHTS ft. EVO+,0,,-,688,MARCO,愛媛県,1407,XU,愛媛県,2339,KOMOTO,愛媛県,0,,-
CANNON BALLERS,"Life Is A Game ft.DD""ナカタ""Metal",0,,-,1211,XU,愛媛県,1948,P*4JUN,愛媛県,3423,45NYAN,愛媛県,0,,-
CANNON BALLERS,Let's Bounce !!,0,,-,682,MARCO,愛媛県,1220,XU,愛媛県,2161,KOMOTO,愛媛県,0,,-
CANNON BALLERS,Initiation,648,Z0RA,愛媛県,1345,MIZUKI,愛媛県,2446,SKYPE,愛媛県,3932,45NYAN,愛媛県,0,,-
CANNON BALLERS,Illusionary Waterlily,0,,-,1246,SIXPAC,愛媛県,2211,18KING,愛媛県,3514,45NYAN,愛媛県,0,,-
CANNON BALLERS,I'm Coming (2017 Version),0,,-,601,MARCO,愛媛県,1290,BA4MET,愛媛県,2045,NG,愛媛県,0,,-
CANNON BALLERS,I Love You,0,,-,1045,XU,愛媛県,1797,XU,愛媛県,2740,45NYAN,愛媛県,0,,-
CANNON BALLERS,HYPE THE CORE,0,,-,1056,MARCO,愛媛県,1974,HA4MOT,愛媛県,3020,45NYAN,愛媛県,0,,-
CANNON BALLERS,Hella Deep,0,,-,590,MARCO,愛媛県,1025,BA4MET,愛媛県,1859,45NYAN,愛媛県,0,,-
CANNON BALLERS,HAT TRICK,0,,-,804,MARCO,愛媛県,1424,18KING,愛媛県,2205,IIDX82,愛媛県,0,,-
CANNON BALLERS,Get Up! feat. Kanae Asaba,0,,-,571,TAPI,愛媛県,1218,XU,愛媛県,1895,SAKAKI,愛媛県,0,,-
CANNON BALLERS,FUTURE is Dead,0,,-,888,XU,愛媛県,1474,HA4MOT,愛媛県,2243,45NYAN,愛媛県,0,,-
CANNON BALLERS,From Time To Time,0,,-,786,XU,愛媛県,1829,HA4MOT,愛媛県,2550,SAKAKI,愛媛県,0,,-
CANNON BALLERS,FREEDOM,0,,-,963,MARCO,愛媛県,1705,18KING,愛媛県,2928,45NYAN,愛媛県,0,,-
CANNON BALLERS,FIRE BALL,0,,-,823,MARCO,愛媛県,1426,96PAN,愛媛県,2402,BXUDON,愛媛県,0,,-
CANNON BALLERS,Fervidex,0,,-,830,4141*R,愛媛県,1787,POMI,愛媛県,2701,NGGG,愛媛県,0,,-
CANNON BALLERS,Expanded !!,0,,-,671,4141*R,愛媛県,1491,XU,愛媛県,2620,NGGG,愛媛県,0,,-
CANNON BALLERS,Exhaust Hype,0,,-,956,NYAN,愛媛県,1933,AB#595,愛媛県,2809,45NYAN,愛媛県,0,,-
CANNON BALLERS,encounter,0,,-,960,XU,愛媛県,1749,18KING,愛媛県,3235,45NYAN,愛媛県,0,,-
CANNON BALLERS,EMERALDAS,512,Z0RA,愛媛県,1314,NOCHIN,愛媛県,2437,P*4JUN,愛媛県,3463,45NYAN,愛媛県,0,,-
CANNON BALLERS,Eine Haube ～聖地の果てにあるもの～,0,,-,959,XU,愛媛県,1404,XU,愛媛県,2553,OSE-9,愛媛県,0,,-
CANNON BALLERS,DropZ-Line-,0,,-,1225,SOKO,愛媛県,2022,HA4MOT,愛媛県,3154,45NYAN,愛媛県,0,,-
CANNON BALLERS,DEATH†ZIGOQ ～怒りの高速爆走野郎～,0,,-,1267,MARCO,愛媛県,2442,P*4JUN,愛媛県,3972,45NYAN,愛媛県,4568,45NYAN,愛媛県
CANNON BALLERS,DEADHEAT,0,,-,1164,AIR,愛媛県,2022,P*4JUN,愛媛県,3335,45NYAN,愛媛県,0,,-
CANNON BALLERS,COSMIC☆WONDER☆REVOLUTION,0,,-,763,YANGAS,愛媛県,1413,BA4MET,愛媛県,2090,NGGG,愛媛県,0,,-
CANNON BALLERS,City Never Sleeps (IIDX Edition),0,,-,1287,XU,愛媛県,1890,AB#595,愛媛県,2658,45NYAN,愛媛県,0,,-
CANNON BALLERS,Chemical Cookie,0,,-,808,XU,愛媛県,1398,POMI,愛媛県,2118,P*4JUN,愛媛県,0,,-
CANNON BALLERS,ChaserXX,0,,-,996,MARCO,愛媛県,1865,PNSP!!,愛媛県,2810,IIDX82,愛媛県,3639,TOMABO,愛媛県
CANNON BALLERS,Break Stasis,0,,-,1281,NONO,愛媛県,1865,HA4MOT,愛媛県,2518,45NYAN,愛媛県,0,,-
CANNON BALLERS,Boomy and The Boost,410,Z0RA,愛媛県,1035,PNSP!!,愛媛県,2002,POMI,愛媛県,3556,IIDX82,愛媛県,0,,-
CANNON BALLERS,Best of Me,0,,-,783,MARCO,愛媛県,1553,HA4MOT,愛媛県,2216,P*4JUN,愛媛県,0,,-
CANNON BALLERS,Beast mode,0,,-,1016,SIXPAC,愛媛県,1533,PNSP!!,愛媛県,2680,P*4JUN,愛媛県,0,,-
CANNON BALLERS,Be a Hero!,0,,-,764,XU,愛媛県,1865,Z0RA,愛媛県,3088,OSE-9,愛媛県,0,,-
CANNON BALLERS,Battleground,0,,-,1098,MARCO,愛媛県,1838,HA4MOT,愛媛県,2681,45NYAN,愛媛県,0,,-
CANNON BALLERS,Back Spin Sweeper,0,,-,813,SIXPAC,愛媛県,1378,MOMOMO,愛媛県,2265,45NYAN,愛媛県,0,,-
CANNON BALLERS,Around the Future,0,,-,989,MARCO,愛媛県,1703,KOUZI,愛媛県,2610,45NYAN,愛媛県,0,,-
CANNON BALLERS,Arca,0,,-,874,4141*R,愛媛県,1819,HA4MOT,愛媛県,3143,45NYAN,愛媛県,0,,-
CANNON BALLERS,Antigravity,0,,-,999,1338KH,愛媛県,1911,HA4MOT,愛媛県,3054,45NYAN,愛媛県,0,,-
CANNON BALLERS,ANCHOR,0,,-,1314,VOLT,愛媛県,2454,18KING,愛媛県,3592,45NYAN,愛媛県,0,,-
CANNON BALLERS,ANAGMA,0,,-,996,XU,愛媛県,1772,TAKOSS,愛媛県,2603,P*4JUN,愛媛県,0,,-
CANNON BALLERS,Amor De Verao,0,,-,746,MARCO,愛媛県,1381,XU,愛媛県,2312,OMOTO,愛媛県,0,,-
CANNON BALLERS,Alpheratz,0,,-,420,MARCO,愛媛県,1026,BA4MET,愛媛県,2095,45NYAN,愛媛県,0,,-
CANNON BALLERS,Acidiva 303,0,,-,756,MARCO,愛媛県,1360,XU,愛媛県,2250,18KING,愛媛県,0,,-
CANNON BALLERS,ACCELERATE,0,,-,1131,MARCO,愛媛県,1711,PNSP!!,愛媛県,2489,P*4JUN,愛媛県,0,,-
CANNON BALLERS,Abraxas,0,,-,790,MOTZ,愛媛県,1623,PNSP!!,愛媛県,2428,45NYAN,愛媛県,0,,-
CANNON BALLERS,AA -rebuild-,0,,-,1230,XU,愛媛県,2430,GLG13,愛媛県,3597,45NYAN,愛媛県,0,,-
CANNON BALLERS,255,0,,-,885,QUIU,愛媛県,1533,HA4MOT,愛媛県,3214,45NYAN,愛媛県,0,,-
CANNON BALLERS,2 Player,0,,-,940,MARCO,愛媛県,1582,HA4MOT,愛媛県,2522,P*4JUN,愛媛県,0,,-
CANNON BALLERS,1001 -ESCAPE-,0,,-,981,4141*R,愛媛県,1680,PNSP!!,愛媛県,2626,45NYAN,愛媛県,0,,-
Rootage,龍王の霊廟(Mausoleum Of The Primal Dragon),0,,-,1109,1338KH,愛媛県,2307,HA4MOT,愛媛県,3191,DJANAL,愛媛県,3965,45NYAN,愛媛県
Rootage,金野火織の金色提言,0,,-,1171,AIR,愛媛県,2225,HA4MOT,愛媛県,3026,45NYAN,愛媛県,0,,-
Rootage,花冠 feat.Aikapin,0,,-,917,SIXPAC,愛媛県,1603,O-RAY,愛媛県,2630,P*4JUN,愛媛県,0,,-
Rootage,爆ゼニ☆がってんワーカー,0,,-,1151,MARCO,愛媛県,1888,BA4MET,愛媛県,2688,P*4JUN,愛媛県,0,,-
Rootage,深愛のリグレット,0,,-,763,SAYAKA,愛媛県,1193,18KING,愛媛県,2382,IIDX82,愛媛県,0,,-
Rootage,泰東ノ翠霞,0,,-,489,FAMI,愛媛県,732,XU,愛媛県,1761,45NYAN,愛媛県,0,,-
Rootage,最小三倍完全数,0,,-,905,VOLT,愛媛県,1720,HA4MOT,愛媛県,2516,45NYAN,愛媛県,0,,-
Rootage,抱きしめてモナムール,0,,-,1257,1338KH,愛媛県,2245,LEMON*,愛媛県,4140,45NYAN,愛媛県,0,,-
Rootage,夏の匂い。キミの残像。 ft. Kanae Asaba,0,,-,674,ZETUEI,愛媛県,1550,45NYAN,愛媛県,2559,45NYAN,愛媛県,0,,-
Rootage,ミッドナイト☆WAR,0,,-,812,MARCO,愛媛県,1562,XU,愛媛県,2488,45NYAN,愛媛県,0,,-
Rootage,ミストレス・アンに花束を,0,,-,532,MARCO,愛媛県,1003,BA4MET,愛媛県,1418,18KING,愛媛県,0,,-
Rootage,ハードベース・フェスタ,0,,-,1080,1338KH,愛媛県,1827,MAMMY#,愛媛県,2852,45NYAN,愛媛県,0,,-
Rootage,セカンドピアス,0,,-,587,MARCO,愛媛県,1101,PNSP!!,愛媛県,2019,45NYAN,愛媛県,0,,-
Rootage,サクラあっぱれーしょん,262,GONTA#,愛媛県,618,TAPI,愛媛県,1460,QUIU,愛媛県,2321,45NYAN,愛媛県,0,,-
Rootage,グラナダの風,0,,-,751,MARCO,愛媛県,1189,BA4MET,愛媛県,1836,45NYAN,愛媛県,0,,-
Rootage,お菓子の王国,0,,-,1416,PNSP!!,愛媛県,2263,18KING,愛媛県,4038,IIDX82,愛媛県,0,,-
Rootage,おーまい！らぶりー！すうぃーてぃ！だーりん！,0,,-,1086,BA4MET,愛媛県,1925,BA4MET,愛媛県,2914,45NYAN,愛媛県,0,,-
Rootage,ZENDEGI DANCE,0,,-,1123,1338KH,愛媛県,1839,YAKI29,愛媛県,2745,P*4JUN,愛媛県,0,,-
Rootage,Yum Yum Jelly,0,,-,755,4141*R,愛媛県,1563,DIGGY*,愛媛県,2370,45NYAN,愛媛県,0,,-
Rootage,Xlo,0,,-,1500,TONKO2,愛媛県,2408,HA4MOT,愛媛県,3751,45NYAN,愛媛県,0,,-
Rootage,XENON II ～TOMOYUKIの野望～,0,,-,1138,LAPIS,愛媛県,1757,PNSP!!,愛媛県,2982,45NYAN,愛媛県,0,,-
Rootage,X-DEN,0,,-,1612,HA4MOT,愛媛県,2681,762,愛媛県,3975,45NYAN,愛媛県,0,,-
Rootage,Wonderland,0,,-,961,MARCO,愛媛県,1822,HA4MOT,愛媛県,2755,45NYAN,愛媛県,0,,-
Rootage,Won(*3*)Chu KissMe!,269,Z0RA,愛媛県,911,QUIU,愛媛県,1404,OOO,愛媛県,2491,OMOTO,愛媛県,0,,-
Rootage,Wolf 1061,0,,-,968,MARCO,愛媛県,1713,PNSP!!,愛媛県,3125,45NYAN,愛媛県,0,,-
Rootage,Wing of Hearts,0,,-,1058,4141*R,愛媛県,1767,HA4MOT,愛媛県,2916,NGG,愛媛県,0,,-
Rootage,voltississimo,0,,-,1165,QUIU,愛媛県,2115,333,愛媛県,3560,45NYAN,愛媛県,0,,-
Rootage,Visterhv,0,,-,1204,VOLT,愛媛県,2244,P*4JUN,愛媛県,3688,45NYAN,愛媛県,0,,-
Rootage,Urban Constellations,0,,-,685,MARCO,愛媛県,1405,PO,愛媛県,2289,45NYAN,愛媛県,0,,-
Rootage,UNDERWORLD HOLOGRAPHY,0,,-,1148,YAKI29,愛媛県,2018,BA4MET,愛媛県,3197,P*4JUN,愛媛県,0,,-
Rootage,Unbelief,0,,-,1021,SIXPAC,愛媛県,2083,HA4MOT,愛媛県,3141,45NYAN,愛媛県,0,,-
Rootage,U.S.A.,565,Z0RA,愛媛県,1083,QUIU,愛媛県,1866,Z0RA,愛媛県,2907,45NYAN,愛媛県,0,,-
Rootage,Twilight Warp,0,,-,910,MARCO,愛媛県,1394,BA4MET,愛媛県,2127,-KEN5-,愛媛県,0,,-
Rootage,Trill auf G,0,,-,1095,MARCO,愛媛県,2066,HA4MOT,愛媛県,3222,45NYAN,愛媛県,0,,-
Rootage,ToyCube Pf.(RX-Ver.S.P.L.),0,,-,729,MARCO,愛媛県,1482,CHOCOM,愛媛県,2265,45NYAN,愛媛県,0,,-
Rootage,toy boxer,0,,-,748,1338KH,愛媛県,1426,PNSP!!,愛媛県,2227,45NYAN,愛媛県,0,,-
Rootage,The Sealer ～ア・ミリアとミリアの民～,0,,-,836,MOTZ,愛媛県,1393,XU,愛媛県,2191,18KING,愛媛県,0,,-
Rootage,The Rebellion of Sequencer,0,,-,1161,MARCO,愛媛県,1991,KENKEN,愛媛県,3067,45NYAN,愛媛県,0,,-
Rootage,THE DAY OF JUBILATIONS,0,,-,1375,MARCO,愛媛県,2329,BA4MET,愛媛県,3422,45NYAN,愛媛県,0,,-
Rootage,The Best of Both Worlds,0,,-,592,MARCO,愛媛県,1381,BA4MET,愛媛県,2211,45NYAN,愛媛県,0,,-
Rootage,Technicolour Dreams,0,,-,922,MARCO,愛媛県,1415,XU,愛媛県,2400,45NYAN,愛媛県,0,,-
Rootage,Starry Night,0,,-,855,REAL#G,愛媛県,1488,RSN!!!,愛媛県,2496,GLG13,愛媛県,0,,-
Rootage,SPEED ROCKER,0,,-,866,MARCO,愛媛県,1663,BA4MET,愛媛県,2288,P*4JUN,愛媛県,0,,-
Rootage,Six String Proof,0,,-,835,1338KH,愛媛県,1616,BA4MET,愛媛県,2463,P*4JUN,愛媛県,0,,-
Rootage,SIGMA,0,,-,719,OJIN,愛媛県,1512,18KING,愛媛県,2586,OSE-9,愛媛県,0,,-
Rootage,Sidechained Threats,0,,-,1107,1338KH,愛媛県,1876,BA4MET,愛媛県,2385,GLG13,愛媛県,0,,-
Rootage,Serious?,0,,-,544,R1C3*S,愛媛県,1168,BA4MET,愛媛県,2240,45NYAN,愛媛県,0,,-
Rootage,R∞tAge,534,Z0RA,愛媛県,1027,NYAN,愛媛県,1615,QUIU,愛媛県,2969,45NYAN,愛媛県,0,,-
Rootage,ruin of opals,0,,-,937,1338KH,愛媛県,1868,HA4MOT,愛媛県,3112,45NYAN,愛媛県,0,,-
Rootage,ROZA DE ANDALUCIA,0,,-,1219,1338KH,愛媛県,1971,HA4MOT,愛媛県,2967,GLG13,愛媛県,0,,-
Rootage,"ROCK女 feat. 大山愛未, Ken",0,,-,1045,NYAN8S,愛媛県,1748,L#WIND,愛媛県,2716,45NYAN,愛媛県,0,,-
Rootage,REPLAY,0,,-,882,MARCO,愛媛県,1616,BA4MET,愛媛県,2236,KENKEN,愛媛県,0,,-
Rootage,Red. by Jack Trance,0,,-,1431,MF#ARR,愛媛県,2189,P*4JUN,愛媛県,3570,P*4JUN,愛媛県,0,,-
Rootage,Re:Story,0,,-,414,SE27-L,愛媛県,1060,FLAT,愛媛県,1918,KA2ME4,愛媛県,0,,-
Rootage,Psycho Sheep Riddim,0,,-,614,SAYAKA,愛媛県,990,BA4MET,愛媛県,1650,762,愛媛県,2248,45NYAN,愛媛県
Rootage,Please Welcome Mr.C,0,,-,1039,MARCO,愛媛県,1729,BA4MET,愛媛県,2983,45NYAN,愛媛県,0,,-
Rootage,Playing With Fire,0,,-,971,XU,愛媛県,1666,AB#595,愛媛県,2319,TAKOSS,愛媛県,0,,-
Rootage,Particle Arts,0,,-,804,REAL#G,愛媛県,1484,92,愛媛県,2431,KA2ME4,愛媛県,0,,-
Rootage,Painful Fate,0,,-,1191,FLAT,愛媛県,2204,HA4MOT,愛媛県,3305,IIDX82,愛媛県,0,,-
Rootage,OVER TIME,0,,-,545,MARCO,愛媛県,939,BA4MET,愛媛県,1547,P*4JUN,愛媛県,0,,-
Rootage,ONIGOROSHI,0,,-,1143,VOLT,愛媛県,2054,HA4MOT,愛媛県,2927,45NYAN,愛媛県,0,,-
Rootage,Night! Night! Night!,0,,-,1192,XU,愛媛県,1782,BA4MET,愛媛県,3046,45NYAN,愛媛県,0,,-
Rootage,"Next Tales 2 Oath (IIDX 20th Anniv ""Ring"" Theme)",0,,-,839,NYAN,愛媛県,1603,XU,愛媛県,2683,P*4JUN,愛媛県,0,,-
Rootage,Necroxis Girl,0,,-,1082,1338KH,愛媛県,1931,BA4MET,愛媛県,2736,P*4JUN,愛媛県,0,,-
Rootage,Macho Monky,0,,-,1370,IIDX26,愛媛県,2053,BA4MET,愛媛県,3000,IIDX82,愛媛県,0,,-
Rootage,LOST TECHNOLOGIE,0,,-,1100,MARCO,愛媛県,1888,PNSP!!,愛媛県,3334,NGG,愛媛県,0,,-
Rootage,Lift Us High,0,,-,927,4141*R,愛媛県,1570,BA4MET,愛媛県,2450,OSE-9,愛媛県,0,,-
Rootage,Level One,0,,-,1179,SIXPAC,愛媛県,2291,P*4JUN,愛媛県,3491,P*4JUN,愛媛県,0,,-
Rootage,Lethal Weapon,0,,-,1172,O-RAY,愛媛県,1850,BA4MET,愛媛県,3212,45NYAN,愛媛県,0,,-
Rootage,Let me be your cure,0,,-,1074,4141*R,愛媛県,1434,*45*,愛媛県,2669,IIDX82,愛媛県,0,,-
Rootage,LADYBIRD,0,,-,1038,QUIU,愛媛県,1587,*78-R*,愛媛県,2444,45NYAN,愛媛県,0,,-
Rootage,L.F.O,0,,-,828,MARCO,愛媛県,1775,P*4JUN,愛媛県,3303,45NYAN,愛媛県,0,,-
Rootage,KILL EACH OTHER,0,,-,1320,CHOCO,愛媛県,2409,P*4JUN,愛媛県,3821,45NYAN,愛媛県,0,,-
Rootage,IDOL syndrome.,0,,-,746,SIXPAC,愛媛県,1402,ZETUEI,愛媛県,2182,SAKAKI,愛媛県,2964,P*4JUN,愛媛県
Rootage,IDC feat.REVERBEE (Mo'Cuts Ver),0,,-,1093,OSE-9,愛媛県,1445,KOUZI,愛媛県,2200,P*4JUN,愛媛県,0,,-
Rootage,Hurry Hurry,0,,-,739,4141*R,愛媛県,1021,BA4MET,愛媛県,2083,IIDX82,愛媛県,0,,-
Rootage,HOT LIMIT,401,Z0RA,愛媛県,1019,QUIU,愛媛県,1696,KRAG.K,愛媛県,2521,P*4JUN,愛媛県,0,,-
Rootage,HEISEI,372,Z0RA,愛媛県,1082,SIXPAC,愛媛県,1943,P*4JUN,愛媛県,2545,P*4JUN,愛媛県,0,,-
Rootage,HARD BRAIN,0,,-,1334,QUIU,愛媛県,1990,KOUZI,愛媛県,3761,45NYAN,愛媛県,0,,-
Rootage,GO OVER WITH GLARE -ROOTAGE 26-,0,,-,1047,VOLT,愛媛県,2224,ARU,愛媛県,3849,45NYAN,愛媛県,0,,-
Rootage,Glory,0,,-,728,MARCO,愛媛県,1621,BA4MET,愛媛県,2285,GIORNO,愛媛県,0,,-
Rootage,GIGA THRASH,0,,-,1214,TAPI,愛媛県,1784,BA4MET,愛媛県,2730,45NYAN,愛媛県,0,,-
Rootage,GENE,0,,-,1290,PNSP!!,愛媛県,1983,P*4JUN,愛媛県,4325,IIDX82,愛媛県,0,,-
Rootage,Geirskogul,0,,-,1053,SIXPAC,愛媛県,1551,XU,愛媛県,2221,762,愛媛県,0,,-
Rootage,Garuda,0,,-,926,MARCO,愛媛県,1613,BA4MET,愛媛県,2562,IIDX82,愛媛県,0,,-
Rootage,EVANESCENT,0,,-,1207,MARCO,愛媛県,2269,PNSP!!,愛媛県,3622,45NYAN,愛媛県,0,,-
Rootage,Ember Lights,0,,-,934,TSUI,愛媛県,1628,762,愛媛県,2691,OSE-9,愛媛県,0,,-
Rootage,DRUNK MONKY,0,,-,939,XU,愛媛県,1569,8KIME4,愛媛県,2314,45NYAN,愛媛県,0,,-
Rootage,Drastic Dramatic,0,,-,1421,MARCO,愛媛県,2370,BA4MET,愛媛県,3506,45NYAN,愛媛県,0,,-
Rootage,Dr. Chemical & Killing Machine,0,,-,1040,4141*R,愛媛県,1841,PNSP!!,愛媛県,3374,45NYAN,愛媛県,0,,-
Rootage,Digital Skipper,0,,-,905,REAL#G,愛媛県,1518,BA4MET,愛媛県,2234,P*4JUN,愛媛県,0,,-
Rootage,dAuntl3ss,0,,-,1056,SIXPAC,愛媛県,1989,P*4JUN,愛媛県,3504,45NYAN,愛媛県,0,,-
Rootage,Cranberry City ft. Luschel,0,,-,813,SAYAKA,愛媛県,1542,L#39RA,愛媛県,2394,P*4JUN,愛媛県,0,,-
Rootage,COSMIC CYBER,0,,-,1010,O-RAY,愛媛県,1666,18KING,愛媛県,2892,*45*,愛媛県,0,,-
Rootage,CoMAAAAAAA,0,,-,1143,MARCO,愛媛県,2014,BA4MET,愛媛県,2407,45NYAN,愛媛県,0,,-
Rootage,CODE:0,0,,-,1350,UNO.S,愛媛県,2113,PNSP!!,愛媛県,2785,45NYAN,愛媛県,3384,45NYAN,愛媛県
Rootage,Catch Our Fire!,0,,-,1260,SIXPAC,愛媛県,2277,P*4JUN,愛媛県,3707,45NYAN,愛媛県,0,,-
Rootage,Carry Me Away,522,Z0RA,愛媛県,1068,1338KH,愛媛県,1790,BA4MET,愛媛県,3138,OSE-9,愛媛県,0,,-
Rootage,Carmina,521,Z0RA,愛媛県,1175,MARCO,愛媛県,2412,PNSP!!,愛媛県,3726,45NYAN,愛媛県,0,,-
Rootage,BLOSSOM,0,,-,1051,4141*R,愛媛県,1642,18KING,愛媛県,2523,P*4JUN,愛媛県,0,,-
Rootage,BLACK JACKAL,0,,-,829,MARCO,愛媛県,1588,PNSP!!,愛媛県,2332,45NYAN,愛媛県,0,,-
Rootage,Angels & Demons,0,,-,819,OJIN,愛媛県,1734,18KING,愛媛県,2398,18KING,愛媛県,0,,-
Rootage,AGAiN,0,,-,789,ERIWO,愛媛県,1549,BA4MET,愛媛県,2256,18KING,愛媛県,0,,-
Rootage,Afterimage d'automne,0,,-,963,405NM,愛媛県,1659,BA4MET,愛媛県,2808,OSE-9,愛媛県,0,,-
Rootage,A Tale Hidden In The Abyss,0,,-,873,OKOJYO,愛媛県,1662,BA4MET,愛媛県,2612,OSE-9,愛媛県,0,,-
Rootage,50th Memorial Songs -二人の時 ～under the cherry blossoms～-,556,MARCO,愛媛県,1230,18KING,愛媛県,1666,IIDX82,愛媛県,2605,P*4JUN,愛媛県,0,,-
Rootage,50th Memorial Songs -The BEMANI History-,523,MARCO,愛媛県,1064,XU,愛媛県,1662,P*4JUN,愛媛県,2601,OSE-9,愛媛県,0,,-
Rootage,50th Memorial Songs -Flagship medley-,350,4141*R,愛媛県,905,SIXPAC,愛媛県,1462,GONTA#,愛媛県,2262,45NYAN,愛媛県,0,,-
Rootage,50th Memorial Songs -Beginning Story-,312,MARCO,愛媛県,809,XU,愛媛県,1637,KENKEN,愛媛県,2669,*MSX*,愛媛県,0,,-
Rootage,& Intelligence,0,,-,1083,1338KH,愛媛県,2125,BA4MET,愛媛県,3186,45NYAN,愛媛県,0,,-
HEROIC VERSE,魅惑のYUMMYスイーツ,0,,-,921,Z0RA,愛媛県,1753,SUSURU,愛媛県,3059,45NYAN,愛媛県,0,,-
HEROIC VERSE,開きたまえ！Next stAge！,0,,-,1132,MT2Y0H,愛媛県,1661,BA4MET,愛媛県,2884,45NYAN,愛媛県,0,,-
HEROIC VERSE,錬成人間トリコロイダー,0,,-,1049,Z0RA,愛媛県,1794,Z0RA,愛媛県,3195,45NYAN,愛媛県,0,,-
HEROIC VERSE,華麗なる大犬円舞曲,0,,-,1350,Z0RA,愛媛県,2114,P*4JUN,愛媛県,3468,45NYAN,愛媛県,0,,-
HEROIC VERSE,眠りの国のステラ,0,,-,1156,Z0RA,愛媛県,1830,PNSP!!,愛媛県,2727,45NYAN,愛媛県,0,,-
HEROIC VERSE,狂水一華,0,,-,959,Z0RA,愛媛県,1719,Z0RA,愛媛県,2661,OSE-9,愛媛県,0,,-
HEROIC VERSE,灼熱Beach Side Bunny (Masayoshi Iimori Remix),0,,-,651,Z0RA,愛媛県,1118,BA4MET,愛媛県,1806,P*4JUN,愛媛県,0,,-
HEROIC VERSE,深淵に捧ぐレクイエム,0,,-,846,Z0RA,愛媛県,1615,Z0RA,愛媛県,2997,45NYAN,愛媛県,0,,-
HEROIC VERSE,曼荼羅恋々,0,,-,1099,Z0RA,愛媛県,1738,LEMON*,愛媛県,2714,IIDX82,愛媛県,0,,-
HEROIC VERSE,俺ら東京さ行ぐだ,249,Z0RA,愛媛県,638,Z0RA,愛媛県,1294,BA4MET,愛媛県,1976,IIDX82,愛媛県,3516,45NYAN,愛媛県
HEROIC VERSE,令和(1991RAVE REMIX),346,Z0RA,愛媛県,561,MT2Y0H,愛媛県,1375,GLG13,愛媛県,2187,*45*,愛媛県,0,,-
HEROIC VERSE,ランカーキラーガール,0,,-,1140,Z0RA,愛媛県,1878,PNSP!!,愛媛県,2927,IIDX82,愛媛県,0,,-
HEROIC VERSE,ラブキラ☆スプラッシュ,0,,-,1103,XU,愛媛県,1634,XU,愛媛県,2519,45NYAN,愛媛県,0,,-
HEROIC VERSE,ピアノ協奏曲第1番”蠍火” (BlackY Remix),0,,-,1030,PNSP!!,愛媛県,2097,PNSP!!,愛媛県,3714,45NYAN,愛媛県,0,,-
HEROIC VERSE,バッドエンド・シンドローム,0,,-,1044,Z0RA,愛媛県,1742,Z0RA,愛媛県,2955,45NYAN,愛媛県,0,,-
HEROIC VERSE,セピアの軌跡 ft. 天宮みや(少女フラクタル),374,Z0RA,愛媛県,796,Z0RA,愛媛県,1452,TONKO2,愛媛県,2379,OOO,愛媛県,0,,-
HEROIC VERSE,シャムシールの舞,0,,-,842,Z0RA,愛媛県,1523,Z0RA,愛媛県,2560,45NYAN,愛媛県,0,,-
HEROIC VERSE,ガヴリールドロップキック,405,Z0RA,愛媛県,779,Z0RA,愛媛県,1621,NYAN8S,愛媛県,2659,P*4JUN,愛媛県,0,,-
HEROIC VERSE,がっつり陰キャ!? 怪盗いいんちょの億劫^^;,0,,-,1556,Z0RA,愛媛県,2632,NG,愛媛県,4200,45NYAN,愛媛県,0,,-
HEROIC VERSE,Ypsilon,0,,-,1094,Z0RA,愛媛県,1756,U-ME,愛媛県,2831,OSE-9,愛媛県,3545,45NYAN,愛媛県
HEROIC VERSE,Voo Doo Bamboleo,0,,-,901,Z0RA,愛媛県,1509,Z0RA,愛媛県,2466,45NYAN,愛媛県,0,,-
HEROIC VERSE,Volcanic Dragon,0,,-,1071,Z0RA,愛媛県,1769,BA4MET,愛媛県,2958,IIDX82,愛媛県,0,,-
HEROIC VERSE,Virus Funk,0,,-,764,Z0RA,愛媛県,1517,BA4MET,愛媛県,2206,45NYAN,愛媛県,0,,-
HEROIC VERSE,Vinculum stellarum,0,,-,912,Z0RA,愛媛県,2363,P*4JUN,愛媛県,3605,45NYAN,愛媛県,0,,-
HEROIC VERSE,VIBRΛ,0,,-,919,Z0RA,愛媛県,1283,Z0RA,愛媛県,1864,45NYAN,愛媛県,0,,-
HEROIC VERSE,VALKYRIAS -英雄誕生-,455,GONTA#,愛媛県,1038,KISON.,愛媛県,1739,LEMON*,愛媛県,2743,45NYAN,愛媛県,0,,-
HEROIC VERSE,UNITE THE HEART,0,,-,1476,Z0RA,愛媛県,2526,BA4MET,愛媛県,3296,IIDX82,愛媛県,0,,-
HEROIC VERSE,TRIUMPH,0,,-,936,Z0RA,愛媛県,1965,BA4MET,愛媛県,3341,45NYAN,愛媛県,0,,-
HEROIC VERSE,Theory,0,,-,793,IIDX82,愛媛県,1433,P*4JUN,愛媛県,2559,P*4JUN,愛媛県,0,,-
HEROIC VERSE,The Sky of Sadness,0,,-,864,Z0RA,愛媛県,1501,KISON.,愛媛県,2375,IIDX82,愛媛県,0,,-
HEROIC VERSE,THE F∀UST,0,,-,1312,Z0RA,愛媛県,2292,P*4JUN,愛媛県,3555,IIDX82,愛媛県,0,,-
HEROIC VERSE,THE BRAVE MUST DIE,0,,-,1403,XU,愛媛県,2437,KA2ME4,愛媛県,4040,45NYAN,愛媛県,0,,-
HEROIC VERSE,TECHNO Style Essentials,0,,-,1000,Z0RA,愛媛県,1616,KOUZI,愛媛県,2843,45NYAN,愛媛県,0,,-
HEROIC VERSE,take me higher,0,,-,800,MT2Y0H,愛媛県,1261,KOUZI,愛媛県,1991,P*4JUN,愛媛県,0,,-
HEROIC VERSE,T-REX vs Velociraptor (In the Far east euphoria),0,,-,1395,XU,愛媛県,1814,333,愛媛県,3201,45NYAN,愛媛県,0,,-
HEROIC VERSE,Sugar Drippin',0,,-,753,MARCO,愛媛県,1356,Z0RA,愛媛県,2040,NGGG,愛媛県,0,,-
HEROIC VERSE,STOIC HYPOTHESIS,0,,-,1111,Z0RA,愛媛県,1742,Z0RA,愛媛県,2786,762,愛媛県,0,,-
HEROIC VERSE,Sparkle Smilin',0,,-,905,U.59,愛媛県,1481,BA4MET,愛媛県,2444,45NYAN,愛媛県,0,,-
HEROIC VERSE,Smashing Wedge,0,,-,947,Z0RA,愛媛県,2154,BA4MET,愛媛県,3740,45NYAN,愛媛県,0,,-
HEROIC VERSE,Ska-sh All Neurons!!,0,,-,984,Z0RA,愛媛県,1439,Z0RA,愛媛県,2311,MAMMY#,愛媛県,0,,-
HEROIC VERSE,Silly Love,253,Z0RA,愛媛県,782,MT2Y0H,愛媛県,1364,BA4MET,愛媛県,2068,45NYAN,愛媛県,0,,-
HEROIC VERSE,Shiva,0,,-,726,Z0RA,愛媛県,1465,BA4MET,愛媛県,2126,45NYAN,愛媛県,0,,-
HEROIC VERSE,Sellout,0,,-,532,Z0RA,愛媛県,1043,Z0RA,愛媛県,2100,GLG13,愛媛県,0,,-
HEROIC VERSE,SCREW // owo // SCREW,0,,-,1092,Z0RA,愛媛県,2067,BA4MET,愛媛県,2967,IIDX82,愛媛県,0,,-
HEROIC VERSE,S!ck (Nhato Remix),0,,-,978,Z0RA,愛媛県,1580,U-ME,愛媛県,2537,45NYAN,愛媛県,0,,-
HEROIC VERSE,rough percussionythm,0,,-,1009,Z0RA,愛媛県,1622,Z0RA,愛媛県,2521,P*4JUN,愛媛県,0,,-
HEROIC VERSE,Rave Patroller,0,,-,1346,MT2Y0H,愛媛県,2284,KISON.,愛媛県,3385,45NYAN,愛媛県,0,,-
HEROIC VERSE,Rave lithosphere,0,,-,1083,XU,愛媛県,1692,BA4MET,愛媛県,2634,IIDX82,愛媛県,0,,-
HEROIC VERSE,Rainstorm,0,,-,976,XU,愛媛県,1537,P*4JUN,愛媛県,2262,P*4JUN,愛媛県,0,,-
HEROIC VERSE,Queen Kaguya,0,,-,963,XU,愛媛県,1840,BA4MET,愛媛県,2612,IIDX82,愛媛県,0,,-
HEROIC VERSE,Punching Down (IIDX Mix),0,,-,644,Z0RA,愛媛県,1171,Z0RA,愛媛県,1803,HA4MOT,愛媛県,0,,-
HEROIC VERSE,Primitive Vibes,579,MARCO,愛媛県,1146,Z0RA,愛媛県,1979,P*4JUN,愛媛県,3080,*45*,愛媛県,0,,-
HEROIC VERSE,POP TEAM EPIC(kors k Remix),325,GONTA#,愛媛県,535,TONKO2,愛媛県,1276,XU,愛媛県,2139,45NYAN,愛媛県,0,,-
HEROIC VERSE,PHASE SHIFT MANEUVER,0,,-,1238,Z0RA,愛媛県,1654,Z0RA,愛媛県,2826,45NYAN,愛媛県,0,,-
HEROIC VERSE,Override,0,,-,946,PNSP!!,愛媛県,1604,PNSP!!,愛媛県,2884,45NYAN,愛媛県,4258,45NYAN,愛媛県
HEROIC VERSE,OUTER PLANETS,0,,-,666,MT2Y0H,愛媛県,1393,MT2Y0H,愛媛県,2183,45NYAN,愛媛県,0,,-
HEROIC VERSE,ORCA,0,,-,1315,Z0RA,愛媛県,2350,KOMOTO,愛媛県,3421,45NYAN,愛媛県,0,,-
HEROIC VERSE,Ohayo!,0,,-,962,Z0RA,愛媛県,1543,XU,愛媛県,2406,IIDX82,愛媛県,0,,-
HEROIC VERSE,NRG STAR '86 feat. 大山愛未,0,,-,1020,Z0RA,愛媛県,1471,XU,愛媛県,2625,KA2ME4,愛媛県,0,,-
HEROIC VERSE,NEWALONE,0,,-,597,Z0RA,愛媛県,1284,XU,愛媛県,1982,IIDX82,愛媛県,0,,-
HEROIC VERSE,Nasty Techniques,0,,-,957,Z0RA,愛媛県,1647,Z0RA,愛媛県,2618,IIDX82,愛媛県,0,,-
HEROIC VERSE,Moving on,0,,-,1042,XU,愛媛県,1931,LEMON*,愛媛県,2988,45NYAN,愛媛県,0,,-
HEROIC VERSE,Mel,0,,-,777,XU,愛媛県,1506,Z0RA,愛媛県,2166,IIDX82,愛媛県,0,,-
HEROIC VERSE,Megalara Garuda,0,,-,1447,*78-R*,愛媛県,1904,POMI,愛媛県,3018,45NYAN,愛媛県,0,,-
HEROIC VERSE,Matt Silver,0,,-,1159,Z0RA,愛媛県,2133,18KING,愛媛県,3325,45NYAN,愛媛県,0,,-
HEROIC VERSE,Lost Souls,0,,-,692,Z0RA,愛媛県,1668,762,愛媛県,2448,45NYAN,愛媛県,3888,45NYAN,愛媛県
HEROIC VERSE,Lords Of The Roundtable,0,,-,1042,NG,愛媛県,1849,P*4JUN,愛媛県,3064,P*4JUN,愛媛県,0,,-
HEROIC VERSE,Like+it!,0,,-,1057,Z0RA,愛媛県,1738,PNSP!!,愛媛県,2359,IIDX82,愛媛県,0,,-
HEROIC VERSE,LIGHTNING STRIKES,468,Z0RA,愛媛県,910,Z0RA,愛媛県,1680,TORI10,愛媛県,3256,45NYAN,愛媛県,4089,45NYAN,愛媛県
HEROIC VERSE,Level 2,0,,-,909,Z0RA,愛媛県,1703,OMOTO,愛媛県,2839,45NYAN,愛媛県,0,,-
HEROIC VERSE,LASER CRUSTER (IGNITE REMIX),0,,-,783,Z0RA,愛媛県,1758,BA4MET,愛媛県,3575,45NYAN,愛媛県,0,,-
HEROIC VERSE,Jetcoaster Windy,0,,-,800,Z0RA,愛媛県,1395,XU,愛媛県,2227,762,愛媛県,0,,-
HEROIC VERSE,Into The Madness,0,,-,960,Z0RA,愛媛県,1554,BA4MET,愛媛県,2504,P*4JUN,愛媛県,0,,-
HEROIC VERSE,Infinity Mirror,0,,-,853,Z0RA,愛媛県,1369,TAKOSS,愛媛県,2297,P*4JUN,愛媛県,0,,-
HEROIC VERSE,Inferno of Fomalhaut,0,,-,1009,XU,愛媛県,1875,GLG13,愛媛県,3058,*45*,愛媛県,0,,-
HEROIC VERSE,If,0,,-,780,Z0RA,愛媛県,1330,BA4MET,愛媛県,1881,NGGG,愛媛県,0,,-
HEROIC VERSE,Hyper Drive feat. ぷにぷに電機,0,,-,664,TONKO2,愛媛県,1508,LEMON*,愛媛県,1983,OSE-9,愛媛県,0,,-
HEROIC VERSE,Horizons of Promise,0,,-,937,Z0RA,愛媛県,1503,Z0RA,愛媛県,2599,P*4JUN,愛媛県,0,,-
HEROIC VERSE,Hold My Hand,0,,-,933,Z0RA,愛媛県,1682,Z0RA,愛媛県,2474,OOO,愛媛県,0,,-
HEROIC VERSE,GIGA VIOLATE,0,,-,1111,Z0RA,愛媛県,1592,Z0RA,愛媛県,2713,762,愛媛県,0,,-
HEROIC VERSE,GHOST,0,,-,805,Z0RA,愛媛県,1455,BA4MET,愛媛県,2703,NGG,愛媛県,0,,-
HEROIC VERSE,Friction[!]Function,0,,-,1093,Z0RA,愛媛県,1765,Z0RA,愛媛県,3188,45NYAN,愛媛県,0,,-
HEROIC VERSE,Forgetting Machine,0,,-,719,Z0RA,愛媛県,1235,BA4MET,愛媛県,1708,NGG,愛媛県,0,,-
HEROIC VERSE,Fly Above (Vicissitude Remix),0,,-,875,Z0RA,愛媛県,1506,Z0RA,愛媛県,2379,OMOTO,愛媛県,0,,-
HEROIC VERSE,fairy cocktail,0,,-,458,Z0RA,愛媛県,1081,BA4MET,愛媛県,1625,-KEN5-,愛媛県,0,,-
HEROIC VERSE,EXCITE,327,Z0RA,愛媛県,816,XU,愛媛県,1351,LEMON*,愛媛県,2229,*45*,愛媛県,0,,-
HEROIC VERSE,Everlasting Message,0,,-,1206,Z0RA,愛媛県,2271,P*4JUN,愛媛県,3673,45NYAN,愛媛県,0,,-
HEROIC VERSE,EROICA,0,,-,1395,*45*,愛媛県,2330,SKYPE,愛媛県,3804,OMANE5,愛媛県,0,,-
HEROIC VERSE,Duration,0,,-,540,Z0RA,愛媛県,1011,MT2Y0H,愛媛県,1935,IIDX82,愛媛県,0,,-
HEROIC VERSE,Drop It,0,,-,1332,XU,愛媛県,1961,BA4MET,愛媛県,2765,P*4JUN,愛媛県,0,,-
HEROIC VERSE,Double Dribble,0,,-,1230,Z0RA,愛媛県,1908,KOMOTO,愛媛県,3281,IIDX82,愛媛県,0,,-
HEROIC VERSE,Do What You Want,0,,-,698,Z0RA,愛媛県,1264,XU,愛媛県,2030,45NYAN,愛媛県,0,,-
HEROIC VERSE,Dans la nuit de l'eternite,0,,-,1361,Z0RA,愛媛県,2220,BA4MET,愛媛県,3333,45NYAN,愛媛県,0,,-
HEROIC VERSE,Crank It,0,,-,759,Z0RA,愛媛県,1442,PNSP!!,愛媛県,2446,45NYAN,愛媛県,0,,-
HEROIC VERSE,Change Yourself,0,,-,949,Z0RA,愛媛県,1725,BA4MET,愛媛県,2541,45NYAN,愛媛県,0,,-
HEROIC VERSE,Calvados Queen,0,,-,955,Z0RA,愛媛県,1498,Z0RA,愛媛県,2443,OSE-9,愛媛県,0,,-
HEROIC VERSE,Bow shock!!,0,,-,806,Z0RA,愛媛県,1953,18KING,愛媛県,3082,45NYAN,愛媛県,4185,45NYAN,愛媛県
HEROIC VERSE,Beautiful Harmony (IIDX Mix),0,,-,887,Z0RA,愛媛県,1680,Z0RA,愛媛県,2443,IIDX82,愛媛県,0,,-
HEROIC VERSE,beatAffection,0,,-,1027,Z0RA,愛媛県,1559,Z0RA,愛媛県,2641,IIDX82,愛媛県,0,,-
HEROIC VERSE,BEAT PRISONER,0,,-,1206,Z0RA,愛媛県,2071,P*4JUN,愛媛県,3596,45NYAN,愛媛県,0,,-
HEROIC VERSE,Backyard Stars,0,,-,1031,Z0RA,愛媛県,1587,BA4MET,愛媛県,2225,45NYAN,愛媛県,0,,-
HEROIC VERSE,Artist,0,,-,1285,Z0RA,愛媛県,2377,P*4JUN,愛媛県,3557,45NYAN,愛媛県,0,,-
HEROIC VERSE,And-RoiD,0,,-,728,Z0RA,愛媛県,1313,Z0RA,愛媛県,1998,OMOTO,愛媛県,0,,-
HEROIC VERSE,AKASHIC BREAK,0,,-,1241,Z0RA,愛媛県,2417,P*4JUN,愛媛県,3576,45NYAN,愛媛県,0,,-
HEROIC VERSE,Advent Infamous,0,,-,996,XU,愛媛県,1648,PNSP!!,愛媛県,2818,45NYAN,愛媛県,0,,-
HEROIC VERSE,27th style,0,,-,1164,Z0RA,愛媛県,1757,TORI10,愛媛県,2552,45NYAN,愛媛県,0,,-
HAPPY SKY,Don't let it go,0,,-,701,Z0RA,愛媛県,1272,OSE-9,愛媛県,1698,45NYAN,愛媛県,0,,-
GOLD,2hot2eat,0,,-,583,Z0RA,愛媛県,1128,Z0RA,愛媛県,1672,45NYAN,愛媛県,0,,-
DJ TROOPERS,高高度降下低高度開傘,0,,-,881,Z0RA,愛媛県,1536,OSE-9,愛媛県,1990,45NYAN,愛媛県,0,,-
EMPRESS,thunder HOUSE NATION Remix,0,,-,1045,Z0RA,愛媛県,1625,HA4MOT,愛媛県,2460,OSE-9,愛媛県,3857,DJANAL,愛媛県
EMPRESS,Marie Antoinette,0,,-,1058,Z0RA,愛媛県,1923,HA4MOT,愛媛県,2574,45NYAN,愛媛県,3182,45NYAN,愛媛県
BISTROVER,魔法のかくれんぼ,0,,-,851,Z0RA,愛媛県,1662,OSE-9,愛媛県,2737,45NYAN,愛媛県,0,,-
BISTROVER,霧幻メモリア,0,,-,956,Z0RA,愛媛県,1391,HA4MOT,愛媛県,2015,OSE-9,愛媛県,0,,-
BISTROVER,閠槞彁の願い,0,,-,1036,Z0RA,愛媛県,2130,P*4JUN,愛媛県,3093,45NYAN,愛媛県,0,,-
BISTROVER,紅蓮華,156,Z0RA,愛媛県,518,XU,愛媛県,970,XU,愛媛県,1494,OSE-9,愛媛県,0,,-
BISTROVER,犬に雨傘,0,,-,905,Z0RA,愛媛県,1435,Z0RA,愛媛県,2094,P*4JUN,愛媛県,0,,-
BISTROVER,無意識のフィロソフィア,0,,-,1115,Z0RA,愛媛県,2224,PNSP!!,愛媛県,3325,45NYAN,愛媛県,0,,-
BISTROVER,涙のテ・エストラーニョ・ムーチョ,0,,-,1333,Z0RA,愛媛県,1965,HA4MOT,愛媛県,2782,OSE-9,愛媛県,0,,-
BISTROVER,水鏡の異界,0,,-,888,Z0RA,愛媛県,1723,18KING,愛媛県,3141,45NYAN,愛媛県,0,,-
BISTROVER,水無月の雫 ft. 小林まな,0,,-,1243,Z0RA,愛媛県,1767,PNSP!!,愛媛県,2591,OOO,愛媛県,0,,-
BISTROVER,新宝島,521,MARCO,愛媛県,777,Z0RA,愛媛県,1377,T.TEIO,愛媛県,2359,45NYAN,愛媛県,3467,P*4JUN,愛媛県
BISTROVER,儚き恋の華,0,,-,1058,Z0RA,愛媛県,1863,762,愛媛県,2976,OMOTO,愛媛県,0,,-
BISTROVER,伐折羅-vajra-,0,,-,1143,Z0RA,愛媛県,2091,HA4MOT,愛媛県,3652,45NYAN,愛媛県,0,,-
BISTROVER,二人ノ廃城幽踊宴,0,,-,1213,Z0RA,愛媛県,2228,*45*,愛媛県,3504,45NYAN,愛媛県,0,,-
BISTROVER,乱膳の舞姫,0,,-,1062,Z0RA,愛媛県,1780,HA4MOT,愛媛県,2727,45NYAN,愛媛県,0,,-
BISTROVER,世界の果てに約束の凱歌を -ReUnion-,0,,-,1167,Z0RA,愛媛県,1871,HA4MOT,愛媛県,3850,45NYAN,愛媛県,0,,-
BISTROVER,バッド・スイーツ、バッド・ドリーム,0,,-,1091,Z0RA,愛媛県,1832,HA4MOT,愛媛県,3547,45NYAN,愛媛県,0,,-
BISTROVER,ディスコルディア,0,,-,1350,18KING,愛媛県,2275,TE2SU,愛媛県,3769,45NYAN,愛媛県,0,,-
BISTROVER,スーパー戦湯ババンバーン,0,,-,1255,XU,愛媛県,2086,PNSP!!,愛媛県,3427,45NYAN,愛媛県,0,,-
BISTROVER,ここからよろしく大作戦143,261,Z0RA,愛媛県,948,Z0RA,愛媛県,1748,POMI,愛媛県,2516,OSE-9,愛媛県,3145,762,愛媛県
BISTROVER,∀,591,Z0RA,愛媛県,1298,XU,愛媛県,2241,OSE-9,愛媛県,3527,45NYAN,愛媛県,0,,-
BISTROVER,Zenith,0,,-,827,Z0RA,愛媛県,1430,762,愛媛県,2116,762,愛媛県,0,,-
BISTROVER,X-ray binary,0,,-,969,Z0RA,愛媛県,1925,PNSP!!,愛媛県,2814,45NYAN,愛媛県,0,,-
BISTROVER,Winner's Proof ft. KANASA from bless4,274,MARCO,愛媛県,753,Z0RA,愛媛県,1380,HA4MOT,愛媛県,2204,762,愛媛県,0,,-
BISTROVER,When I Met U,0,,-,886,XU,愛媛県,1303,Z0RA,愛媛県,2052,OSE-9,愛媛県,0,,-
BISTROVER,WAKE UP NOW,0,,-,943,Z0RA,愛媛県,1428,Z0RA,愛媛県,2006,OSE-9,愛媛県,0,,-
BISTROVER,Vitrum,0,,-,1090,Z0RA,愛媛県,1773,OSE-9,愛媛県,3536,45NYAN,愛媛県,0,,-
BISTROVER,Viridian,0,,-,1074,Z0RA,愛媛県,1968,AB#595,愛媛県,3364,45NYAN,愛媛県,0,,-
BISTROVER,TOMORROW,440,Z0RA,愛媛県,774,XU,愛媛県,1495,Z0RA,愛媛県,2249,OSE-9,愛媛県,0,,-
BISTROVER,Tiempo Loco,0,,-,1060,Z0RA,愛媛県,2001,HA4MOT,愛媛県,3688,45NYAN,愛媛県,0,,-
BISTROVER,The Wind of China Express(The 4th Mashup),0,,-,1009,XU,愛媛県,1670,XU,愛媛県,2561,45NYAN,愛媛県,0,,-
BISTROVER,THE PEERLESS UNDER HEAVEN,0,,-,1132,Z0RA,愛媛県,2058,GLG13,愛媛県,3328,45NYAN,愛媛県,0,,-
BISTROVER,That Feeling,0,,-,702,Z0RA,愛媛県,1212,HA4MOT,愛媛県,1919,OSE-9,愛媛県,0,,-
BISTROVER,Tell me what you wish feat.らっぷびと,0,,-,1111,Z0RA,愛媛県,1622,PNSP!!,愛媛県,2822,NGGG,愛媛県,0,,-
BISTROVER,Swarm Of Scarabs,0,,-,1033,Z0RA,愛媛県,1518,HA4MOT,愛媛県,2372,45NYAN,愛媛県,0,,-
BISTROVER,Sugarplum,0,,-,875,Z0RA,愛媛県,1858,PNSP!!,愛媛県,2506,NG,愛媛県,0,,-
BISTROVER,SOLID STATE SQUAD -RISEN RELIC REMIX-,0,,-,1284,Z0RA,愛媛県,2262,HA4MOT,愛媛県,3230,45NYAN,愛媛県,0,,-
BISTROVER,So Punky,0,,-,881,Z0RA,愛媛県,1635,Z0RA,愛媛県,2558,OSE-9,愛媛県,0,,-
BISTROVER,smooooch・∀・ (Snail's House Remix),0,,-,867,Z0RA,愛媛県,1533,Z0RA,愛媛県,2348,*45*,愛媛県,0,,-
BISTROVER,Sinus Iridum,0,,-,1218,HA4MOT,愛媛県,2073,762,愛媛県,3130,45NYAN,愛媛県,0,,-
BISTROVER,Scandal,0,,-,954,Z0RA,愛媛県,1938,HA4MOT,愛媛県,2871,OSE-9,愛媛県,0,,-
BISTROVER,S-Bahn,0,,-,962,Z0RA,愛媛県,1545,Z0RA,愛媛県,2166,OSE-9,愛媛県,0,,-
BISTROVER,Rubrum Piano,0,,-,946,Z0RA,愛媛県,1702,HA4MOT,愛媛県,2457,45NYAN,愛媛県,0,,-
BISTROVER,Rub-a Dub-a,0,,-,938,Z0RA,愛媛県,1500,HA4MOT,愛媛県,2170,OSE-9,愛媛県,0,,-
BISTROVER,Rowdy,0,,-,1042,Z0RA,愛媛県,1551,Z0RA,愛媛県,2492,762,愛媛県,0,,-
BISTROVER,Rosa azuL,0,,-,895,Z0RA,愛媛県,1739,Z0RA,愛媛県,2733,OSE-9,愛媛県,0,,-
BISTROVER,rommmo,0,,-,1180,Z0RA,愛媛県,1813,HA4MOT,愛媛県,3442,45NYAN,愛媛県,0,,-
BISTROVER,Romanticが止まらない,385,Z0RA,愛媛県,944,Z0RA,愛媛県,1650,TONKO2,愛媛県,2729,45NYAN,愛媛県,0,,-
BISTROVER,Ritual of Anubis,0,,-,1158,Z0RA,愛媛県,1833,HA4MOT,愛媛県,2804,45NYAN,愛媛県,0,,-
BISTROVER,Rejection Girl,0,,-,1005,Z0RA,愛媛県,1632,HA4MOT,愛媛県,2654,45NYAN,愛媛県,0,,-
BISTROVER,POLKAMAИIA,0,,-,962,Z0RA,愛媛県,1863,HA4MOT,愛媛県,2903,OSE-9,愛媛県,0,,-
BISTROVER,Playball,0,,-,676,Z0RA,愛媛県,911,Z0RA,愛媛県,1368,45NYAN,愛媛県,0,,-
BISTROVER,Parvati,0,,-,1021,Z0RA,愛媛県,1796,POMI,愛媛県,2809,45NYAN,愛媛県,0,,-
BISTROVER,Party Starter,0,,-,977,Z0RA,愛媛県,1542,HA4MOT,愛媛県,2284,NGGG,愛媛県,0,,-
BISTROVER,Para siempre,0,,-,934,Z0RA,愛媛県,1530,HA4MOT,愛媛県,2864,*45*,愛媛県,0,,-
BISTROVER,Overslept,0,,-,1133,Z0RA,愛媛県,1703,HA4MOT,愛媛県,2545,OSE-9,愛媛県,0,,-
BISTROVER,OTOKOZAKA,0,,-,1000,BIBIQ,愛媛県,1833,HA4MOT,愛媛県,2879,P*4JUN,愛媛県,0,,-
BISTROVER,of the first magnitude,0,,-,1022,Z0RA,愛媛県,1880,HA4MOT,愛媛県,2968,45NYAN,愛媛県,0,,-
BISTROVER,Ocean Blue feat. Luschel,0,,-,851,18KING,愛媛県,1428,TONKO2,愛媛県,2455,OOO,愛媛県,0,,-
BISTROVER,Neo Heritage,0,,-,930,Z0RA,愛媛県,1631,Z0RA,愛媛県,2875,45NYAN,愛媛県,0,,-
BISTROVER,MOVE! (We Keep It Movin'),0,,-,755,Z0RA,愛媛県,1358,HA4MOT,愛媛県,2170,762,愛媛県,0,,-
BISTROVER,Midnight Drive,0,,-,584,Z0RA,愛媛県,1279,HA4MOT,愛媛県,1959,GLG13,愛媛県,0,,-
BISTROVER,MEGAERA,0,,-,1396,Z0RA,愛媛県,2135,OSE-9,愛媛県,3414,45NYAN,愛媛県,0,,-
BISTROVER,MA・TSU・RI,0,,-,1078,Z0RA,愛媛県,1839,PNSP!!,愛媛県,2586,45NYAN,愛媛県,0,,-
BISTROVER,Mars beach,0,,-,610,Z0RA,愛媛県,1358,Z0RA,愛媛県,2239,OSE-9,愛媛県,0,,-
BISTROVER,Lovely Howdy Cowboy!!,0,,-,1084,YAKI29,愛媛県,1843,HA4MOT,愛媛県,2783,45NYAN,愛媛県,0,,-
BISTROVER,LOCUS OF THE TRAVEL,0,,-,1068,Z0RA,愛媛県,2428,HA4MOT,愛媛県,3614,P*4JUN,愛媛県,0,,-
BISTROVER,LIKE A VAMPIRE,0,,-,1041,Z0RA,愛媛県,1734,HA4MOT,愛媛県,2785,45NYAN,愛媛県,0,,-
BISTROVER,Level 3,0,,-,1159,PNSP!!,愛媛県,2288,P*4JUN,愛媛県,3509,45NYAN,愛媛県,0,,-
BISTROVER,LAST DAY,0,,-,1139,Z0RA,愛媛県,1704,HA4MOT,愛媛県,3083,45NYAN,愛媛県,0,,-
BISTROVER,Jungle Eater,0,,-,1011,Z0RA,愛媛県,1763,Z0RA,愛媛県,2960,OSE-9,愛媛県,0,,-
BISTROVER,innocent revolver,0,,-,1106,Z0RA,愛媛県,2336,OSE-9,愛媛県,3838,45NYAN,愛媛県,0,,-
BISTROVER,IIDX RED Ending (Ryu☆Remix),0,,-,642,Z0RA,愛媛県,1195,HA4MOT,愛媛県,1863,45NYAN,愛媛県,0,,-
BISTROVER,Ignis†Irae,0,,-,1100,HA4MOT,愛媛県,2395,P*4JUN,愛媛県,3616,45NYAN,愛媛県,0,,-
BISTROVER,HIGH VOLTAGE,0,,-,819,QUIU,愛媛県,1404,XU,愛媛県,2250,P*4JUN,愛媛県,0,,-
BISTROVER,Here We Are,395,MARCO,愛媛県,1068,XU,愛媛県,1704,HA4MOT,愛媛県,2464,OSE-9,愛媛県,0,,-
BISTROVER,"Hands Up feat. kradness BEMANI Sound Team ""Sota Fujimori"" Remix",0,,-,1108,Z0RA,愛媛県,1769,HA4MOT,愛媛県,2378,NGG,愛媛県,0,,-
BISTROVER,Globe Glitter,0,,-,1043,Z0RA,愛媛県,1645,PNSP!!,愛媛県,2656,NGGG,愛媛県,0,,-
BISTROVER,GIGA RAID,0,,-,964,Z0RA,愛媛県,1865,MOMOMO,愛媛県,2426,45NYAN,愛媛県,0,,-
BISTROVER,Frisk And Squeak,0,,-,795,SAYAKA,愛媛県,1550,HA4MOT,愛媛県,2394,OSE-9,愛媛県,0,,-
BISTROVER,Fire Beat,0,,-,1084,Z0RA,愛媛県,1764,HA4MOT,愛媛県,2739,45NYAN,愛媛県,0,,-
BISTROVER,Farewell to Marrakech,0,,-,900,Z0RA,愛媛県,1507,PNSP!!,愛媛県,2202,OSE-9,愛媛県,0,,-
BISTROVER,Explorer feat. ぷにぷに電機,0,,-,746,Z0RA,愛媛県,1307,Z0RA,愛媛県,2148,*COME*,愛媛県,2860,P*4JUN,愛媛県
BISTROVER,Euphoric Lagoon,0,,-,881,Z0RA,愛媛県,1587,HA4MOT,愛媛県,2585,*45*,愛媛県,0,,-
BISTROVER,Empire of Fury,0,,-,1332,Z0RA,愛媛県,2105,18KING,愛媛県,3254,45NYAN,愛媛県,0,,-
BISTROVER,DUAL STRIKER,0,,-,1166,Z0RA,愛媛県,2443,HA4MOT,愛媛県,3850,45NYAN,愛媛県,0,,-
BISTROVER,Don't Stop The Music feat. Kanae Asaba,0,,-,682,Z0RA,愛媛県,1305,KOUZI,愛媛県,1865,OSE-9,愛媛県,0,,-
BISTROVER,DENIM,0,,-,586,Z0RA,愛媛県,1303,PNSP!!,愛媛県,1731,45NYAN,愛媛県,0,,-
BISTROVER,Dawn Saga,0,,-,949,HA4MOT,愛媛県,1616,PNSP!!,愛媛県,2716,45NYAN,愛媛県,0,,-
BISTROVER,Danza Aestas,0,,-,984,Z0RA,愛媛県,1715,HA4MOT,愛媛県,2969,P*4JUN,愛媛県,0,,-
BISTROVER,Crazy Jackpot,0,,-,1002,Z0RA,愛媛県,1645,HA4MOT,愛媛県,2853,*45*,愛媛県,0,,-
BISTROVER,COSMIC RAY,0,,-,1212,Z0RA,愛媛県,2105,HA4MOT,愛媛県,2872,45NYAN,愛媛県,0,,-
BISTROVER,CONNECT-,0,,-,1026,Z0RA,愛媛県,1825,HA4MOT,愛媛県,2918,OSE-9,愛媛県,0,,-
BISTROVER,Chewingood!!!,301,Z0RA,愛媛県,852,QUIU,愛媛県,1482,Z0RA,愛媛県,2614,OSE-9,愛媛県,0,,-
BISTROVER,Burning Flame,0,,-,1202,YAKI29,愛媛県,1803,HA4MOT,愛媛県,2903,*45*,愛媛県,3741,45NYAN,愛媛県
BISTROVER,Breakin' Rules,0,,-,1276,Z0RA,愛媛県,1745,HA4MOT,愛媛県,2774,45NYAN,愛媛県,0,,-
BISTROVER,Brahma,0,,-,1199,Z0RA,愛媛県,1743,Z0RA,愛媛県,2813,OSE-9,愛媛県,0,,-
BISTROVER,BLACK or WHITE?,620,MARCO,愛媛県,1260,Z0RA,愛媛県,2497,KOMOTO,愛媛県,3912,45NYAN,愛媛県,0,,-
BISTROVER,BIGソムタム,553,Z0RA,愛媛県,1243,Z0RA,愛媛県,1870,NG,愛媛県,3344,45NYAN,愛媛県,0,,-
BISTROVER,BEMANI PRO LEAGUE Theme,0,,-,776,Z0RA,愛媛県,1335,HA4MOT,愛媛県,1971,OSE-9,愛媛県,0,,-
BISTROVER,ASIAN VIRTUAL REALITIES (MELTING TOGETHER IN DAZZLING DARKNESS),0,,-,1068,Z0RA,愛媛県,1829,Z0RA,愛媛県,3311,45NYAN,愛媛県,0,,-
BISTROVER,As You Want,0,,-,841,Z0RA,愛媛県,1459,HA4MOT,愛媛県,2407,762,愛媛県,0,,-
BISTROVER,apo:llioth,0,,-,1204,Z0RA,愛媛県,2054,18KING,愛媛県,2929,45NYAN,愛媛県,0,,-
BISTROVER,AMRITA -不滅ノ花-,0,,-,895,Z0RA,愛媛県,1595,PNSP!!,愛媛県,2754,OSE-9,愛媛県,0,,-
BISTROVER,Ah Hah Yeah,0,,-,691,GLG13,愛媛県,1374,Z0RA,愛媛県,2129,45NYAN,愛媛県,0,,-
BISTROVER,ABSOLUTE (kors k Remix),0,,-,934,Z0RA,愛媛県,1527,PNSP!!,愛媛県,2617,45NYAN,愛媛県,0,,-
BISTROVER,3!dolon Forc3,0,,-,961,Z0RA,愛媛県,1521,Z0RA,愛媛県,2847,*45*,愛媛県,0,,-
BISTROVER,-65℃,0,,-,1394,HA4MOT,愛媛県,2223,HA4MOT,愛媛県,3635,45NYAN,愛媛県,0,,-
7th style,Somebody Like You,0,,-,728,Z0RA,愛媛県,1175,HA4MOT,愛媛県,1789,762,愛媛県,0,,-
10th style,SCORE,0,,-,1168,YAKI29,愛媛県,1551,HA4MOT,愛媛県,2065,45NYAN,愛媛県,0,,-
HAPPY SKY,mind the gap,0,,-,733,YAKI29,愛媛県,985,HA4MOT,愛媛県,1577,45NYAN,愛媛県,0,,-
SIRIUS,Do Back Burn,0,,-,690,Z0RA,愛媛県,1400,Z0RA,愛媛県,2106,45NYAN,愛媛県,0,,-
Lincle,GIGANT,0,,-,582,Z0RA,愛媛県,1164,POMI,愛媛県,1745,HA4MOT,愛媛県,2878,HA4MOT,愛媛県
PENDUAL,Sounds Of Summer,0,,-,1255,XU,愛媛県,2091,PNSP!!,愛媛県,2997,45NYAN,愛媛県,0,,-
BISTROVER,smooooch・∀・ (Snail's House Remix) ,0,,-,769,Q,愛媛県,1443,SIRUCO,愛媛県,2355,NGG,愛媛県,0,,-
BISTROVER,POLKAMANIA,423,Z0RA,愛媛県,950,VOLT,愛媛県,1853,PNSP!!,愛媛県,2909,P*4JUN,愛媛県,0,,-
CastHour,黒紅掬い,0,,-,657,Z0RA,愛媛県,1211,Z0RA,愛媛県,1809,P*4JUN,愛媛県,0,,-
CastHour,青の洞窟,0,,-,893,XU,愛媛県,1994,HA4MOT,愛媛県,3131,45NYAN,愛媛県,0,,-
CastHour,雪上断火,0,,-,989,PO,愛媛県,1799,NYAN8S,愛媛県,2972,P*4JUN,愛媛県,0,,-
CastHour,逆月,0,,-,1438,TAPI,愛媛県,2328,HA4MOT,愛媛県,3708,45NYAN,愛媛県,0,,-
CastHour,踊,181,MF#ARR,愛媛県,366,UNO.S,愛媛県,814,L#WIND,愛媛県,1623,*COME*,愛媛県,2084,P*4JUN,愛媛県
CastHour,禊,0,,-,1054,Z0RA,愛媛県,2286,P*4JUN,愛媛県,3175,45NYAN,愛媛県,0,,-
CastHour,烽火連天の刃,0,,-,1112,Z0RA,愛媛県,2295,P*4JUN,愛媛県,3339,45NYAN,愛媛県,4075,45NYAN,愛媛県
CastHour,月とミルク,0,,-,986,Z0RA,愛媛県,1593,*COME*,愛媛県,2784,45NYAN,愛媛県,0,,-
CastHour,愛しくてラヴィンユー ft. マナ,0,,-,788,Z0RA,愛媛県,1472,Z0RA,愛媛県,2404,45NYAN,愛媛県,0,,-
CastHour,怪物,346,Z0RA,愛媛県,732,4141*R,愛媛県,1185,XU,愛媛県,2408,45NYAN,愛媛県,3269,P*4JUN,愛媛県
CastHour,天邪鬼,409,MARCO,愛媛県,964,Z0RA,愛媛県,1689,HA4MOT,愛媛県,3315,45NYAN,愛媛県,0,,-
CastHour,口カラ凸ゲキ,0,,-,920,Z0RA,愛媛県,1494,Z0RA,愛媛県,2364,NGGG,愛媛県,0,,-
CastHour,ミュージック・アワー,541,Z0RA,愛媛県,1188,Z0RA,愛媛県,2102,NAGAMO,愛媛県,2998,45NYAN,愛媛県,0,,-
CastHour,"ピアノ独奏無言歌 ""灰燼""",0,,-,1135,Z0RA,愛媛県,2359,P*4JUN,愛媛県,3618,45NYAN,愛媛県,0,,-
CastHour,ハイテックトキオ,0,,-,1070,VOLT,愛媛県,1873,NOCHIN,愛媛県,2689,45NYAN,愛媛県,3234,45NYAN,愛媛県
CastHour,ナイトフィクション,0,,-,718,Z0RA,愛媛県,1552,PNSP!!,愛媛県,2138,OMOTO,愛媛県,0,,-
CastHour,デモーニッシュ,256,*78-R*,愛媛県,921,Z0RA,愛媛県,1448,ANROCO,愛媛県,2345,P*4JUN,愛媛県,3048,45NYAN,愛媛県
CastHour,シル・ヴ・プレジデント,298,PO,愛媛県,651,GONTA#,愛媛県,1214,OMOTO,愛媛県,1796,45NYAN,愛媛県,2577,45NYAN,愛媛県
CastHour,グッバイ宣言,579,Z0RA,愛媛県,1091,Z0RA,愛媛県,1771,HA4MOT,愛媛県,3105,45NYAN,愛媛県,3632,P*4JUN,愛媛県
CastHour,オールトの雲,0,,-,1199,Z0RA,愛媛県,1982,HA4MOT,愛媛県,2617,45NYAN,愛媛県,0,,-
CastHour,オドループ,511,MARCO,愛媛県,1089,Z0RA,愛媛県,1556,GYAREN,愛媛県,2346,45NYAN,愛媛県,2996,45NYAN,愛媛県
CastHour,ウツシミウツシ,0,,-,1238,Z0RA,愛媛県,2041,HA4MOT,愛媛県,3153,45NYAN,愛媛県,0,,-
CastHour,アクマフカ,0,,-,745,Z0RA,愛媛県,1503,HA4MOT,愛媛県,2281,45NYAN,愛媛県,0,,-
CastHour,めでてえ,0,,-,1094,KELCO,愛媛県,1702,HA4MOT,愛媛県,2624,762,愛媛県,0,,-
CastHour,ぐだふわエブリデー,258,Z0RA,愛媛県,667,Z0RA,愛媛県,1296,PNSP!!,愛媛県,2273,NGG,愛媛県,0,,-
CastHour,あいつら全員同窓会,361,MARCO,愛媛県,641,Z0RA,愛媛県,1225,HA4MOT,愛媛県,2021,SAKAKI,愛媛県,0,,-
CastHour,《GRANDMASTER》,0,,-,974,Z0RA,愛媛県,1809,HA4MOT,愛媛県,2893,P*4JUN,愛媛県,0,,-
CastHour,Xyndrome,0,,-,943,Z0RA,愛媛県,1620,PNSP!!,愛媛県,2932,45NYAN,愛媛県,0,,-
CastHour,Wonderful Escape,0,,-,957,Z0RA,愛媛県,1447,Z0RA,愛媛県,2079,P*4JUN,愛媛県,0,,-
CastHour,WHA,0,,-,1176,Z0RA,愛媛県,2237,HA4MOT,愛媛県,3492,45NYAN,愛媛県,0,,-
CastHour,VR - Virtual Reality (prod.by Snail's House),307,Z0RA,愛媛県,607,Z0RA,愛媛県,1162,Z0RA,愛媛県,1809,*MSX*,愛媛県,2425,762,愛媛県
CastHour,Votania Beat,0,,-,1052,Z0RA,愛媛県,1609,Z0RA,愛媛県,2531,NGG,愛媛県,0,,-
CastHour,Victory Of Ravers,0,,-,1019,Z0RA,愛媛県,1730,TORI10,愛媛県,2583,45NYAN,愛媛県,0,,-
CastHour,Ventriloquist,0,,-,778,Z0RA,愛媛県,1500,HA4MOT,愛媛県,2417,P*4JUN,愛媛県,0,,-
CastHour,Triple Cross,581,Z0RA,愛媛県,1098,KYOBIQ,愛媛県,2276,KOUZI,愛媛県,3254,45NYAN,愛媛県,0,,-
CastHour,TOMAHAWK,0,,-,1336,Z0RA,愛媛県,2322,P*4JUN,愛媛県,3471,45NYAN,愛媛県,0,,-
CastHour,Tail Lights,0,,-,1088,Z0RA,愛媛県,1945,HA4MOT,愛媛県,3118,45NYAN,愛媛県,0,,-
CastHour,Stepper,0,,-,695,Z0RA,愛媛県,1507,Z0RA,愛媛県,2170,45NYAN,愛媛県,0,,-
CastHour,SPARK IN THE NIGHT,0,,-,820,4141*R,愛媛県,1407,HA4MOT,愛媛県,2223,P*4JUN,愛媛県,0,,-
CastHour,Souhait bleu,0,,-,846,KYOBIQ,愛媛県,1871,HA4MOT,愛媛県,2735,45NYAN,愛媛県,0,,-
CastHour,SOLID WYVERN,0,,-,1179,Z0RA,愛媛県,1953,TAKOSS,愛媛県,2598,P*4JUN,愛媛県,3863,45NYAN,愛媛県
CastHour,Smalt #28598F,0,,-,1080,Z0RA,愛媛県,2264,UME.,愛媛県,3378,45NYAN,愛媛県,0,,-
CastHour,Skreaming for Salvation,0,,-,808,Z0RA,愛媛県,1971,MOTZ,愛媛県,3151,45NYAN,愛媛県,0,,-
CastHour,Silver Bullet,0,,-,1176,Z0RA,愛媛県,1929,PNSP!!,愛媛県,3156,45NYAN,愛媛県,0,,-
CastHour,RAGE feat.H14 of LEONAIR,424,MARCO,愛媛県,1077,PO,愛媛県,2255,P*4JUN,愛媛県,3489,P*4JUN,愛媛県,0,,-
CastHour,Push on Beats!～音ゲの国のeX-ストリーマー～,0,,-,1211,Z0RA,愛媛県,1885,HA4MOT,愛媛県,3344,45NYAN,愛媛県,0,,-
CastHour,Purple Perplex,0,,-,1124,VOLT,愛媛県,1859,762,愛媛県,2971,P*4JUN,愛媛県,0,,-
CastHour,Prohibited Props,0,,-,1023,XU,愛媛県,1541,HA4MOT,愛媛県,2266,*COME*,愛媛県,0,,-
CastHour,Pout,0,,-,1053,Z0RA,愛媛県,1741,HA4MOT,愛媛県,2593,762,愛媛県,0,,-
CastHour,PLASMA SOUL NIGHT feat. Nana Takahashi / 709sec.,424,MARCO,愛媛県,1459,MF#ARR,愛媛県,2580,HA4MOT,愛媛県,4411,45NYAN,愛媛県,0,,-
CastHour,PIRATES BLADE,0,,-,918,Z0RA,愛媛県,1497,XU,愛媛県,2152,P*4JUN,愛媛県,0,,-
CastHour,P.O.W.E.R.,0,,-,1028,Z0RA,愛媛県,1724,Z0RA,愛媛県,2332,45NYAN,愛媛県,0,,-
CastHour,Onyx,0,,-,904,Z0RA,愛媛県,1507,TAKOSS,愛媛県,2384,P*4JUN,愛媛県,0,,-
CastHour,One for All,0,,-,994,Z0RA,愛媛県,1776,HA4MOT,愛媛県,3201,45NYAN,愛媛県,0,,-
CastHour,Non Stop Rock,0,,-,789,Z0RA,愛媛県,1288,HA4MOT,愛媛県,1869,*COME*,愛媛県,0,,-
CastHour,Nocturnal 2097,0,,-,932,MARCO,愛媛県,1889,HA4MOT,愛媛県,2926,45NYAN,愛媛県,0,,-
CastHour,No Day But Today!,433,Z0RA,愛媛県,731,Z0RA,愛媛県,1294,Z0RA,愛媛県,1979,45NYAN,愛媛県,0,,-
CastHour,n/a,0,,-,1199,Z0RA,愛媛県,1905,HA4MOT,愛媛県,3416,45NYAN,愛媛県,0,,-
CastHour,N.O.,0,,-,812,Z0RA,愛媛県,1474,L#WIND,愛媛県,2499,P*4JUN,愛媛県,0,,-
CastHour,LIVE DRIVING!! feat. 花たん,0,,-,1599,PO,愛媛県,2513,GIORNO,愛媛県,3820,45NYAN,愛媛県,0,,-
CastHour,Legendary Treasures,0,,-,1109,Z0RA,愛媛県,1722,HA4MOT,愛媛県,2884,45NYAN,愛媛県,0,,-
CastHour,Lawes's Parotia,0,,-,880,Z0RA,愛媛県,1687,Z0RA,愛媛県,2543,OMOTO,愛媛県,0,,-
CastHour,kors k's How to make OTOGE CORE,0,,-,772,Z0RA,愛媛県,1516,TAKOSS,愛媛県,2277,45NYAN,愛媛県,0,,-
CastHour,ILAYZA,0,,-,1159,Z0RA,愛媛県,2017,PNSP!!,愛媛県,2809,45NYAN,愛媛県,0,,-
CastHour,HEARTACHE,0,,-,477,TAPI,愛媛県,1134,HA4MOT,愛媛県,1838,P*4JUN,愛媛県,0,,-
CastHour,Hat Surprise,0,,-,688,Z0RA,愛媛県,1594,HA4MOT,愛媛県,2459,45NYAN,愛媛県,0,,-
CastHour,Harmonia,0,,-,728,Z0RA,愛媛県,1224,XU-1,愛媛県,2001,P*4JUN,愛媛県,0,,-
CastHour,hard-wired,0,,-,1565,Z0RA,愛媛県,2283,P*4JUN,愛媛県,3517,45NYAN,愛媛県,0,,-
CastHour,GRAVITON,0,,-,1162,*78-R*,愛媛県,2025,U-ME,愛媛県,3476,45NYAN,愛媛県,0,,-
CastHour,GiGaGaHell,0,,-,1316,ZETUEI,愛媛県,1985,HA4MOT,愛媛県,3047,HA4MOT,愛媛県,0,,-
CastHour,"Get set, Go! feat.Kanae Asaba",0,,-,823,Z0RA,愛媛県,1434,HA4MOT,愛媛県,2111,45NYAN,愛媛県,0,,-
CastHour,Game Changers,0,,-,739,Z0RA,愛媛県,1430,TOMABO,愛媛県,2679,45NYAN,愛媛県,0,,-
CastHour,Flying Castle,0,,-,1071,Z0RA,愛媛県,2258,UME.,愛媛県,3607,45NYAN,愛媛県,0,,-
CastHour,FINALLY BLAZE,0,,-,913,Z0RA,愛媛県,1752,HA4MOT,愛媛県,2810,45NYAN,愛媛県,0,,-
CastHour,Fegrix,0,,-,1234,Z0RA,愛媛県,2278,P*4JUN,愛媛県,3267,45NYAN,愛媛県,0,,-
CastHour,Fantastic Merry-Go-Round,0,,-,1048,Z0RA,愛媛県,1464,Z0RA,愛媛県,2101,*COME*,愛媛県,0,,-
CastHour,Ergosphere,0,,-,994,Z0RA,愛媛県,1821,ARU,愛媛県,2715,45NYAN,愛媛県,0,,-
CastHour,EMOTiON TRiPPER,0,,-,939,Z0RA,愛媛県,1480,PNSP!!,愛媛県,2176,NGG,愛媛県,0,,-
CastHour,Emera,0,,-,866,Z0RA,愛媛県,1618,PNSP!!,愛媛県,2325,45NYAN,愛媛県,0,,-
CastHour,DREAM OF SPACE UFO ABDUCTION,0,,-,1076,Z0RA,愛媛県,1771,PNSP!!,愛媛県,2703,45NYAN,愛媛県,0,,-
CastHour,Don't believe the hype,0,,-,1137,Z0RA,愛媛県,2134,PNSP!!,愛媛県,3245,45NYAN,愛媛県,0,,-
CastHour,Divine Heaven,0,,-,942,Z0RA,愛媛県,1965,HA4MOT,愛媛県,2958,45NYAN,愛媛県,0,,-
CastHour,DISPARATE,0,,-,1011,Z0RA,愛媛県,1776,PNSP!!,愛媛県,2428,45NYAN,愛媛県,0,,-
CastHour,Brave Spirits,0,,-,707,UNO.S,愛媛県,1403,HA4MOT,愛媛県,2452,P*4JUN,愛媛県,0,,-
CastHour,Blue Bird feat. Kanae Asaba,0,,-,636,Z0RA,愛媛県,1087,XU,愛媛県,1781,*COME*,愛媛県,0,,-
CastHour,Binary Black Hole,0,,-,1331,Z0RA,愛媛県,2301,P*4JUN,愛媛県,3881,45NYAN,愛媛県,0,,-
CastHour,Banger Banger Banger Banger,0,,-,965,Z0RA,愛媛県,1729,PO,愛媛県,2917,45NYAN,愛媛県,0,,-
CastHour,Arkadia,0,,-,1166,Z0RA,愛媛県,2074,PNSP!!,愛媛県,3669,45NYAN,愛媛県,0,,-
CastHour,Ariah,0,,-,708,Z0RA,愛媛県,1489,*78-R*,愛媛県,2170,*COME*,愛媛県,0,,-
CastHour,Angel's Ladder,0,,-,1017,Z0RA,愛媛県,2201,P*4JUN,愛媛県,3377,45NYAN,愛媛県,0,,-
CastHour,ANEMONE,213,MARCO,愛媛県,774,Z0RA,愛媛県,1599,Z0RA,愛媛県,2136,P*4JUN,愛媛県,0,,-
CastHour,AMICABLE,0,,-,1013,PO,愛媛県,1558,HA4MOT,愛媛県,2483,NGGG,愛媛県,0,,-
CastHour,ALTERNATOR,0,,-,1340,Z0RA,愛媛県,2513,P*4JUN,愛媛県,3705,45NYAN,愛媛県,0,,-
CastHour,Aftermath,0,,-,1215,Z0RA,愛媛県,2362,UME.,愛媛県,3563,45NYAN,愛媛県,0,,-
CastHour,ABSOLUTE EVIL,250,IYOAZM,愛媛県,1176,Z0RA,愛媛県,2210,P*4JUN,愛媛県,3432,45NYAN,愛媛県,0,,-
CastHour,808monkey,0,,-,756,Z0RA,愛媛県,1171,Z0RA,愛媛県,1809,*COME*,愛媛県,0,,-
CastHour,2 Beasts Unchained,0,,-,1423,KYOBIQ,愛媛県,2250,P*4JUN,愛媛県,3414,45NYAN,愛媛県,0,,-
CastHour,10000 MILES AWAY,0,,-,1035,PO,愛媛県,1639,HA4MOT,愛媛県,2923,45NYAN,愛媛県,0,,-
7th style,MAX 300,0,,-,1091,PNSP!!,愛媛県,1902,HA4MOT,愛媛県,2806,45NYAN,愛媛県,0,,-
9th style,fun,0,,-,532,Z0RA,愛媛県,1088,HA4MOT,愛媛県,1844,45NYAN,愛媛県,0,,-
DistorteD,DEEP ROAR,0,,-,957,SIXPAC,愛媛県,1415,GYAREN,愛媛県,2762,45NYAN,愛媛県,0,,-
EMPRESS,THE SHINING POLARIS(kors k mix),0,,-,1278,ANROCO,愛媛県,2049,HA4MOT,愛媛県,3216,45NYAN,愛媛県,0,,-
EMPRESS,Cyber Force -DJ Yoshitaka Remix-,0,,-,1027,SAYAKA,愛媛県,1735,QUIU,愛媛県,2473,762,愛媛県,0,,-
tricoro,Reflection Into the EDEN,0,,-,739,MARCO,愛媛県,1392,HA4MOT,愛媛県,2118,45NYAN,愛媛県,0,,-
PENDUAL,Rave*it!! Rave*it!!,0,,-,939,4141*R,愛媛県,1620,405NM,愛媛県,3242,45NYAN,愛媛県,0,,-
PENDUAL,Erosion Mark,0,,-,765,4141*R,愛媛県,1464,92,愛媛県,2173,45NYAN,愛媛県,0,,-
PENDUAL,COLOSSEUM,0,,-,532,SAYAKA,愛媛県,1120,4141*R,愛媛県,2279,NGGG,愛媛県,0,,-
SPADA,Idola,0,,-,1099,SONO,愛媛県,2191,TAPI,愛媛県,3573,45NYAN,愛媛県,0,,-
RESIDENT,響花水月,0,,-,1201,Z0RA,愛媛県,1893,PNSP!!,愛媛県,2900,P*4JUN,愛媛県,0,,-
RESIDENT,雨のちパノラマセカイ,0,,-,805,Z0RA,愛媛県,1405,-KEN5-,愛媛県,2200,NGGG,愛媛県,0,,-
RESIDENT,輪廻の鴉,0,,-,1007,Z0RA,愛媛県,1746,HA4MOT,愛媛県,2744,45NYAN,愛媛県,0,,-
RESIDENT,罪過の聖堂,0,,-,756,Z0RA,愛媛県,1293,45NYAN,愛媛県,2010,45NYAN,愛媛県,0,,-
RESIDENT,神のシナリオ,0,,-,1127,Z0RA,愛媛県,1726,HA4MOT,愛媛県,3186,P*4JUN,愛媛県,0,,-
RESIDENT,神っぽいな,366,Z0RA,愛媛県,773,*78-R*,愛媛県,1419,HA4MOT,愛媛県,2131,45NYAN,愛媛県,2983,P*4JUN,愛媛県
RESIDENT,真夜中のバベル,0,,-,708,Z0RA,愛媛県,1153,Z0RA,愛媛県,1713,P*4JUN,愛媛県,0,,-
RESIDENT,異心前進♪ぴょんぴょんぴょん ,0,,-,1055,BIBIQ,愛媛県,1640,POMI,愛媛県,2487,SAKAKI,愛媛県,0,,-
RESIDENT,生きるよすが,431,Z0RA,愛媛県,924,Z0RA,愛媛県,1507,PNSP!!,愛媛県,2483,45NYAN,愛媛県,0,,-
RESIDENT,湘南ロンリーMIDNIGHT RAIN,0,,-,953,Z0RA,愛媛県,1791,HA4MOT,愛媛県,2845,45NYAN,愛媛県,0,,-
RESIDENT,楽園追放,0,,-,927,Z0RA,愛媛県,1519,HA4MOT,愛媛県,2362,45NYAN,愛媛県,0,,-
RESIDENT,栄冠のカンパネラ,0,,-,1328,-KEN5-,愛媛県,2107,HA4MOT,愛媛県,3818,45NYAN,愛媛県,0,,-
RESIDENT,月と夢の跡 ft. マナ,0,,-,956,Z0RA,愛媛県,1533,POMI,愛媛県,2518,45NYAN,愛媛県,0,,-
RESIDENT,昏き甲鉄のヴェルガ,0,,-,904,Z0RA,愛媛県,1603,HA4MOT,愛媛県,2336,NGGG,愛媛県,0,,-
RESIDENT,新時代,334,4141*R,愛媛県,746,Z0RA,愛媛県,1255,POMI,愛媛県,2338,45NYAN,愛媛県,0,,-
RESIDENT,惑星☆ロリポップ,0,,-,772,4141*R,愛媛県,1569,HA4MOT,愛媛県,2809,45NYAN,愛媛県,0,,-
RESIDENT,恋愛＝精度×認識力,0,,-,1526,POMI,愛媛県,2278,P*4JUN,愛媛県,3348,45NYAN,愛媛県,0,,-
RESIDENT,少年リップルズ,0,,-,885,POMI,愛媛県,1768,HA4MOT,愛媛県,2439,P*4JUN,愛媛県,0,,-
RESIDENT,儚キ戀ノ幻想譚,583,MARCO,愛媛県,1539,XU,愛媛県,2253,MOMOMO,愛媛県,3538,45NYAN,愛媛県,0,,-
RESIDENT,マツケンサンバII,388,MARCO,愛媛県,1123,POMI,愛媛県,1833,P*4JUN,愛媛県,2908,45NYAN,愛媛県,0,,-
RESIDENT,パーフェクトイーター,0,,-,1135,SIXPAC,愛媛県,2061,HA4MOT,愛媛県,3028,45NYAN,愛媛県,0,,-
RESIDENT,チェイスチェイスジョーカーズのうた (オニスタイルリミックス),0,,-,952,QUIU,愛媛県,1693,HA4MOT,愛媛県,2828,45NYAN,愛媛県,0,,-
RESIDENT,サヨナラ・ヘヴン-Celtic Chip Dance Mix-,0,,-,881,MARCO,愛媛県,1487,HA4MOT,愛媛県,2574,762,愛媛県,0,,-
RESIDENT,ちょえちょえまぎか,0,,-,1218,TORI,愛媛県,2248,HA4MOT,愛媛県,3036,45NYAN,愛媛県,0,,-
RESIDENT,ぞうしょく！？マイデンティティ,0,,-,1261,Z0RA,愛媛県,2220,HA4MOT,愛媛県,3593,45NYAN,愛媛県,0,,-
RESIDENT,きゅんです。,0,,-,724,Z0RA,愛媛県,1413,POMI,愛媛県,2347,45NYAN,愛媛県,0,,-
RESIDENT,おとせサンダー,210,Z0RA,愛媛県,656,Z0RA,愛媛県,1198,POMI,愛媛県,2159,P*4JUN,愛媛県,0,,-
RESIDENT,いつかオトナになれるといいね。,542,Z0RA,愛媛県,1122,Z0RA,愛媛県,1938,XU,愛媛県,3036,45NYAN,愛媛県,0,,-
RESIDENT,あるビー！ feat.ころねぽち,0,,-,979,Z0RA,愛媛県,1741,HA4MOT,愛媛県,2824,762,愛媛県,0,,-
RESIDENT,《ORDERBREAKER》,0,,-,993,BIBIQ,愛媛県,1591,HA4MOT,愛媛県,2423,45NYAN,愛媛県,0,,-
RESIDENT,■□模様,0,,-,972,POMI,愛媛県,1534,HA4MOT,愛媛県,2596,762,愛媛県,0,,-
RESIDENT,≡+≡,586,SAYAKA,愛媛県,1374,POMI,愛媛県,2102,TAKOSS,愛媛県,3026,45NYAN,愛媛県,0,,-
RESIDENT,[ ]DENTITY,0,,-,1174,PNSP!!,愛媛県,2117,P*4JUN,愛媛県,3717,45NYAN,愛媛県,0,,-
RESIDENT,ZENITH,0,,-,1104,QUIU,愛媛県,1953,HA4MOT,愛媛県,2950,45NYAN,愛媛県,0,,-
RESIDENT,Xerulean,0,,-,1329,Z0RA,愛媛県,2026,HA4MOT,愛媛県,3375,45NYAN,愛媛県,0,,-
RESIDENT,With You,0,,-,820,Z0RA,愛媛県,1564,PNSP!!,愛媛県,2548,45NYAN,愛媛県,0,,-
RESIDENT,"wanna be a ""BAD GIRL"" feat. Nana Takahashi",0,,-,788,POMI,愛媛県,1302,KOUZI,愛媛県,2047,45NYAN,愛媛県,0,,-
RESIDENT,VØID,0,,-,1256,POMI,愛媛県,1837,POMI,愛媛県,3071,45NYAN,愛媛県,0,,-
RESIDENT,VOLCANIC BIGBEAT,0,,-,1076,Z0RA,愛媛県,1792,HA4MOT,愛媛県,2799,45NYAN,愛媛県,0,,-
RESIDENT,VOLAQUAS,0,,-,1312,Z0RA,愛媛県,2146,HA4MOT,愛媛県,3804,45NYAN,愛媛県,0,,-
RESIDENT,THE TIME MACHINE,0,,-,1073,Z0RA,愛媛県,1734,HA4MOT,愛媛県,2645,OOO,愛媛県,0,,-
RESIDENT,The Clown of 24stairs,0,,-,1086,BIBIQ,愛媛県,2169,HA4MOT,愛媛県,3286,45NYAN,愛媛県,0,,-
RESIDENT,TECHNOPHOBIA,0,,-,787,POMI,愛媛県,1653,HA4MOT,愛媛県,2958,45NYAN,愛媛県,0,,-
RESIDENT,Swing My Wonderland,0,,-,1304,POMI,愛媛県,2270,HA4MOT,愛媛県,3082,P*4JUN,愛媛県,0,,-
RESIDENT,suspicions,0,,-,1174,POMI,愛媛県,2240,HA4MOT,愛媛県,3725,45NYAN,愛媛県,0,,-
RESIDENT,Super Freak,0,,-,1106,POMI,愛媛県,1856,POMI,愛媛県,3403,45NYAN,愛媛県,0,,-
RESIDENT,Sunny Day Vibes,0,,-,929,SIXPAC,愛媛県,1612,HA4MOT,愛媛県,2280,NGGG,愛媛県,0,,-
RESIDENT,Summerblue,353,MARCO,愛媛県,1070,Z0RA,愛媛県,1689,HA4MOT,愛媛県,2404,NGGG,愛媛県,0,,-
RESIDENT,Stylus,0,,-,1227,GIORNO,愛媛県,1916,HA4MOT,愛媛県,2817,P*4JUN,愛媛県,0,,-
RESIDENT,STRAIGHT TO THE STARS,0,,-,1022,Z0RA,愛媛県,1665,HA4MOT,愛媛県,2980,45NYAN,愛媛県,0,,-
RESIDENT,STAR BEAT,0,,-,828,Z0RA,愛媛県,1732,HA4MOT,愛媛県,2414,NGGG,愛媛県,0,,-
RESIDENT,Somnidiscotheque,0,,-,1284,Z0RA,愛媛県,1982,P*4JUN,愛媛県,3110,45NYAN,愛媛県,0,,-
RESIDENT,Shamshir,0,,-,1069,TAKOSS,愛媛県,1429,POMI,愛媛県,2178,P*4JUN,愛媛県,0,,-
RESIDENT,Shadow World,0,,-,982,Z0RA,愛媛県,1645,PNSP!!,愛媛県,2721,45NYAN,愛媛県,0,,-
RESIDENT,Seraph,0,,-,989,POMI,愛媛県,1815,HA4MOT,愛媛県,2436,45NYAN,愛媛県,0,,-
RESIDENT,Ruler or Loser,0,,-,972,Z0RA,愛媛県,1640,Z0RA,愛媛県,2660,45NYAN,愛媛県,0,,-
RESIDENT,RINNE,0,,-,1163,Z0RA,愛媛県,2300,AB#595,愛媛県,3500,45NYAN,愛媛県,0,,-
RESIDENT,Rewind Time,0,,-,708,Z0RA,愛媛県,1265,SIXPAC,愛媛県,2193,OOO,愛媛県,0,,-
RESIDENT,Red Soul,0,,-,1029,Z0RA,愛媛県,1784,HA4MOT,愛媛県,2831,P*4JUN,愛媛県,0,,-
RESIDENT,Programmed Genom,0,,-,1117,Z0RA,愛媛県,1619,HA4MOT,愛媛県,2396,P*4JUN,愛媛県,0,,-
RESIDENT,Perfect Plan,0,,-,1145,Z0RA,愛媛県,1733,HA4MOT,愛媛県,2593,45NYAN,愛媛県,0,,-
RESIDENT,Peng-Ging Sky High!!,0,,-,1076,POMI,愛媛県,1477,POMI,愛媛県,2647,45NYAN,愛媛県,0,,-
RESIDENT,Peaktime Booster,0,,-,1118,QUIU,愛媛県,1823,U-ME,愛媛県,3194,P*4JUN,愛媛県,0,,-
RESIDENT,OVER VOLTAGE,0,,-,1081,Z0RA,愛媛県,1814,HA4MOT,愛媛県,2552,P*4JUN,愛媛県,0,,-
RESIDENT,Ou Legends,0,,-,1131,Z0RA,愛媛県,2030,HA4MOT,愛媛県,3224,45NYAN,愛媛県,0,,-
RESIDENT,ONE AND ONLY,0,,-,1164,Z0RA,愛媛県,1764,-KEN5-,愛媛県,3160,45NYAN,愛媛県,0,,-
RESIDENT,No Border,0,,-,1148,POMI,愛媛県,1993,-KEN5-,愛媛県,3666,45NYAN,愛媛県,0,,-
RESIDENT,Next Level,0,,-,928,Z0RA,愛媛県,1593,HA4MOT,愛媛県,2179,P*4JUN,愛媛県,0,,-
RESIDENT,Move UR Body,0,,-,1156,Z0RA,愛媛県,1732,HA4MOT,愛媛県,2593,45NYAN,愛媛県,0,,-
RESIDENT,Meissa,0,,-,899,Z0RA,愛媛県,1599,PNSP!!,愛媛県,2840,45NYAN,愛媛県,0,,-
RESIDENT,MAX 360,0,,-,1198,POMI,愛媛県,2238,HA4MOT,愛媛県,3142,45NYAN,愛媛県,0,,-
RESIDENT,mathematical good-bye,0,,-,1121,BIBIQ,愛媛県,1747,HA4MOT,愛媛県,2796,762,愛媛県,0,,-
RESIDENT,Luna Plena,0,,-,852,Z0RA,愛媛県,1559,HA4MOT,愛媛県,2564,P*4JUN,愛媛県,0,,-
RESIDENT,LOUDER ROLLING THUNDER,0,,-,1070,Z0RA,愛媛県,1958,HA4MOT,愛媛県,3328,45NYAN,愛媛県,0,,-
RESIDENT,Level 4,0,,-,1194,POMI,愛媛県,2039,HA4MOT,愛媛県,3566,P*4JUN,愛媛県,0,,-
RESIDENT,LADS,0,,-,915,POMI,愛媛県,1628,Z0RA,愛媛県,2292,P*4JUN,愛媛県,0,,-
RESIDENT,kors k's How to make OTOGE CORE 「LONG」,0,,-,1180,Z0RA,愛媛県,2340,HA4MOT,愛媛県,3559,45NYAN,愛媛県,0,,-
RESIDENT,KING,436,Z0RA,愛媛県,933,POMI,愛媛県,1940,POMI,愛媛県,3096,45NYAN,愛媛県,3913,45NYAN,愛媛県
RESIDENT,I,0,,-,1228,Z0RA,愛媛県,2281,HA4MOT,愛媛県,3644,45NYAN,愛媛県,0,,-
RESIDENT,Hat Surprise (Season 2),0,,-,1000,Z0RA,愛媛県,1818,HA4MOT,愛媛県,3404,45NYAN,愛媛県,0,,-
RESIDENT,glacia,0,,-,1178,POMI,愛媛県,2101,KIS0.,愛媛県,2948,45NYAN,愛媛県,0,,-
RESIDENT,GET UP AGAIN,0,,-,1101,Z0RA,愛媛県,1659,Z0RA,愛媛県,2432,P*4JUN,愛媛県,0,,-
RESIDENT,Get On Your Feet,0,,-,1115,Z0RA,愛媛県,1798,HA4MOT,愛媛県,2709,45NYAN,愛媛県,0,,-
RESIDENT,FLARE -炎舞- ft.Nana Takahashi,0,,-,1111,Z0RA,愛媛県,1857,HA4MOT,愛媛県,2862,45NYAN,愛媛県,0,,-
RESIDENT,Fading Stars,0,,-,1082,Z0RA,愛媛県,1625,HA4MOT,愛媛県,2687,OOO,愛媛県,0,,-
RESIDENT,EZ DO DANCE,386,Z0RA,愛媛県,761,Z0RA,愛媛県,1397,HA4MOT,愛媛県,1978,45NYAN,愛媛県,0,,-
RESIDENT,EXODUS SIGN,0,,-,1199,POMI,愛媛県,1756,HA4MOT,愛媛県,2639,45NYAN,愛媛県,0,,-
RESIDENT,Driver,0,,-,886,Z0RA,愛媛県,1275,HA4MOT,愛媛県,1798,P*4JUN,愛媛県,0,,-
RESIDENT,Dreaming Dream,0,,-,824,POMI,愛媛県,1409,HA4MOT,愛媛県,2248,OMOTO,愛媛県,0,,-
RESIDENT,dica dica,0,,-,1146,Z0RA,愛媛県,2380,P*4JUN,愛媛県,3154,45NYAN,愛媛県,0,,-
RESIDENT,DIAMOND JACKAL,0,,-,1027,Z0RA,愛媛県,1563,POMI,愛媛県,2513,762,愛媛県,0,,-
RESIDENT,CUE CUE RESCUE,522,SAYAKA,愛媛県,1136,Z0RA,愛媛県,1672,HA4MOT,愛媛県,2549,45NYAN,愛媛県,3076,45NYAN,愛媛県
RESIDENT,CODE -CRiMSON-,0,,-,1294,POMI,愛媛県,1849,HA4MOT,愛媛県,2902,TOMABO,愛媛県,0,,-
RESIDENT,Chaotoxin,0,,-,1182,*78-R*,愛媛県,1725,HA4MOT,愛媛県,3359,45NYAN,愛媛県,0,,-
RESIDENT,Caldwell 99,0,,-,1031,Z0RA,愛媛県,1879,HA4MOT,愛媛県,2494,P*4JUN,愛媛県,3250,P*4JUN,愛媛県
RESIDENT,C-C-C-N-N-N,0,,-,969,UNO.S,愛媛県,1677,POMI,愛媛県,2820,45NYAN,愛媛県,0,,-
RESIDENT,BIGWAVERS,0,,-,1139,TAPI,愛媛県,1859,HA4MOT,愛媛県,3493,45NYAN,愛媛県,0,,-
RESIDENT,Beyond Evolution,0,,-,1459,POMI,愛媛県,2498,HA4MOT,愛媛県,3937,45NYAN,愛媛県,0,,-
RESIDENT,Bad Encryption,0,,-,1293,Z0RA,愛媛県,1944,PNSP!!,愛媛県,3048,45NYAN,愛媛県,0,,-
RESIDENT,B.O.D.Y.,0,,-,1090,Z0RA,愛媛県,2133,P*4JUN,愛媛県,3390,45NYAN,愛媛県,0,,-
RESIDENT,AWA AWA,0,,-,781,Z0RA,愛媛県,1311,POMI,愛媛県,2319,45NYAN,愛媛県,0,,-
RESIDENT,anthracene,0,,-,958,Z0RA,愛媛県,1903,HA4MOT,愛媛県,3358,45NYAN,愛媛県,0,,-
RESIDENT,Ambush Ace,0,,-,1049,QUIU,愛媛県,2088,HA4MOT,愛媛県,2930,45NYAN,愛媛県,0,,-
RESIDENT,Always We Trust In You,0,,-,1168,POMI,愛媛県,1828,HA4MOT,愛媛県,3140,45NYAN,愛媛県,0,,-
RESIDENT,7 Colors,0,,-,624,SIXPAC,愛媛県,1196,TORI,愛媛県,1935,45NYAN,愛媛県,0,,-
RESIDENT,3V0,0,,-,1044,Z0RA,愛媛県,1809,PNSP!!,愛媛県,2951,NGGG,愛媛県,0,,-
RESIDENT,24h Endurance Race,0,,-,990,Z0RA,愛媛県,2051,U-ME,愛媛県,3332,45NYAN,愛媛県,0,,-
RESIDENT,#CMFLG,0,,-,1170,PNSP!!,愛媛県,2304,HA4MOT,愛媛県,3398,45NYAN,愛媛県,0,,-
6th style,L'amour et la liberte,0,,-,946,XU,愛媛県,1570,KENKEN,愛媛県,1973,HA4MOT,愛媛県,0,,-
9th style,PARANOIA survivor MAX,0,,-,861,BIBIQ,愛媛県,1242,HA4MOT,愛媛県,2132,45NYAN,愛媛県,0,,-
9th style,Logic Board,0,,-,987,POEME,愛媛県,1739,HA4MOT,愛媛県,2307,45NYAN,愛媛県,0,,-
PENDUAL,GUILTY,0,,-,892,POEME,愛媛県,1515,HA4MOT,愛媛県,1874,TAKOSS,愛媛県,2987,45NYAN,愛媛県
CANNON BALLERS,共犯ヘヴンズコード,0,,-,419,ERIWO,愛媛県,1295,92,愛媛県,2205,ARMJOE,愛媛県,0,,-
RESIDENT,異心前進♪ぴょんぴょんぴょん,0,,-,1088,QUIU,愛媛県,1566,114514,愛媛県,2514,45NYAN,愛媛県,0,,-
EPOLIS,電腦都市,0,,-,1386,QUIU,愛媛県,2222,PNSP!!,愛媛県,3339,45NYAN,愛媛県,0,,-
EPOLIS,電子になりたい,0,,-,823,ZETUEI,愛媛県,1429,XU,愛媛県,1977,762,愛媛県,0,,-
EPOLIS,電光,0,,-,1011,POEME,愛媛県,1862,762,愛媛県,3020,45NYAN,愛媛県,0,,-
EPOLIS,雫,0,,-,1012,XU,愛媛県,2008,TORI,愛媛県,2651,P*4JUN,愛媛県,0,,-
EPOLIS,閉塞的フレーション,0,,-,991,BIBIQ,愛媛県,1588,XU,愛媛県,2410,45NYAN,愛媛県,0,,-
EPOLIS,酔いどれ知らず,273,XU,愛媛県,794,QUIU,愛媛県,1257,XU,愛媛県,2209,*MSX*,愛媛県,0,,-
EPOLIS,終焔のClaudia,0,,-,1350,HA4MOT,愛媛県,1863,HA4MOT,愛媛県,2734,45NYAN,愛媛県,0,,-
EPOLIS,神様、つれない。,0,,-,690,POEME,愛媛県,1396,XU,愛媛県,2151,P*4JUN,愛媛県,0,,-
EPOLIS,"灼熱Beach Side Bunny (かめりあ's ""Summertime D'n'B"" Remix)",0,,-,1044,QUIU,愛媛県,1943,762,愛媛県,3157,45NYAN,愛媛県,0,,-
EPOLIS,流桜ノ門,0,,-,1000,XU,愛媛県,1565,SWITCH,愛媛県,2130,45NYAN,愛媛県,0,,-
EPOLIS,残像ニ繋ガレタ追憶ノHIDEAWAY,0,,-,1171,QUIU,愛媛県,2285,AB#595,愛媛県,3565,45NYAN,愛媛県,0,,-
EPOLIS,果たせぬ約束 ft. 小林マナ,0,,-,1133,4141*R,愛媛県,1942,PNSP!!,愛媛県,3012,45NYAN,愛媛県,0,,-
EPOLIS,未完成ノ蒸氣驅動乙女,0,,-,1070,MARCO,愛媛県,2093,PNSP!!,愛媛県,2901,45NYAN,愛媛県,0,,-
EPOLIS,摩天楼,0,,-,683,GIORNO,愛媛県,1484,762,愛媛県,2486,45NYAN,愛媛県,0,,-
EPOLIS,愛包ダンスホール,343,MARCO,愛媛県,914,POEME,愛媛県,1380,KOUZI,愛媛県,2579,45NYAN,愛媛県,0,,-
EPOLIS,惑星鉄道,0,,-,1021,AIDA3,愛媛県,1999,762,愛媛県,2689,45NYAN,愛媛県,0,,-
EPOLIS,寝起きヤシの木,466,MARCO,愛媛県,1083,XU,愛媛県,1756,TORI,愛媛県,2801,45NYAN,愛媛県,0,,-
EPOLIS,夢縁,0,,-,1179,XU,愛媛県,2042,AB#595,愛媛県,2982,P*4JUN,愛媛県,0,,-
EPOLIS,夏風邪デスコ,307,MARCO,愛媛県,815,XU,愛媛県,1732,XU,愛媛県,2670,45NYAN,愛媛県,0,,-
EPOLIS,唱,186,MARCO,愛媛県,459,XU,愛媛県,1005,QUIU,愛媛県,1770,762,愛媛県,0,,-
EPOLIS,可愛くてごめん,279,MARCO,愛媛県,618,QUIU,愛媛県,1404,OMOTO,愛媛県,2261,45NYAN,愛媛県,2797,45NYAN,愛媛県
EPOLIS,勇者,367,XU,愛媛県,799,XU,愛媛県,1416,XU,愛媛県,2462,762,愛媛県,0,,-
EPOLIS,傷つけど、愛してる。,333,SAYAKA,愛媛県,871,XU,愛媛県,1377,PNSP!!,愛媛県,2081,P*4JUN,愛媛県,0,,-
EPOLIS,今宵、ロマンス横丁。,0,,-,1107,TORI,愛媛県,2200,MR.VTR,愛媛県,3257,45NYAN,愛媛県,0,,-
EPOLIS,リメンバーリメンバー,0,,-,505,MARCO,愛媛県,955,HA4MOT,愛媛県,1682,762,愛媛県,0,,-
EPOLIS,ラビットホール,674,MARCO,愛媛県,1379,QUIU,愛媛県,2062,HA4MOT,愛媛県,2894,762,愛媛県,0,,-
EPOLIS,マーシャル・マキシマイザー,418,MARCO,愛媛県,812,XU-1,愛媛県,1423,Z0RA,愛媛県,2129,ARU,愛媛県,0,,-
EPOLIS,ポラリスノウタ,294,MARCO,愛媛県,865,45NYAN,愛媛県,1610,XU,愛媛県,2269,P*4JUN,愛媛県,0,,-
EPOLIS,フォニイ,622,MARCO,愛媛県,1214,XU,愛媛県,1991,AB#595,愛媛県,2902,45NYAN,愛媛県,3907,45NYAN,愛媛県
EPOLIS,デビルじゃないもん,340,MARCO,愛媛県,808,POEME,愛媛県,1350,XU,愛媛県,2082,OMOTO,愛媛県,0,,-
EPOLIS,センチメンタル・サマー,0,,-,668,XU,愛媛県,1257,SWITCH,愛媛県,1995,*MSX*,愛媛県,0,,-
EPOLIS,シンデレラ,528,4141*R,愛媛県,852,4141*R,愛媛県,1552,762,愛媛県,2226,45NYAN,愛媛県,0,,-
EPOLIS,アタシ完全絶対正義ちゃん！,0,,-,977,XU,愛媛県,1573,HA4MOT,愛媛県,2140,762,愛媛県,0,,-
EPOLIS,アイドル,276,SAYAKA,愛媛県,877,XU,愛媛県,1492,TORI,愛媛県,2611,45NYAN,愛媛県,3154,P*4JUN,愛媛県
EPOLIS,れとりば！,0,,-,854,QUIU,愛媛県,1327,SWITCH,愛媛県,2060,45NYAN,愛媛県,0,,-
EPOLIS,めうめうぺったんたん！！ (ZAQUVA Remix),0,,-,1027,XU,愛媛県,1892,P*ARK,愛媛県,2761,762,愛媛県,0,,-
EPOLIS,ないないルーティン,0,,-,588,XU,愛媛県,1320,XU,愛媛県,2081,45NYAN,愛媛県,0,,-
EPOLIS,ちゅ、多様性。,216,MARCO,愛媛県,524,XU,愛媛県,1135,YXX,愛媛県,1920,45NYAN,愛媛県,2239,KENKEN,愛媛県
EPOLIS,《PL|RAYER》,0,,-,914,POEME,愛媛県,1721,762,愛媛県,2819,45NYAN,愛媛県,0,,-
EPOLIS,ZEROIN ON THE LIGHT,0,,-,1091,POEME,愛媛県,1729,PNSP!!,愛媛県,2644,762,愛媛県,0,,-
EPOLIS,Xb10r,0,,-,1159,QUIU,愛媛県,2250,HA4MOT,愛媛県,3371,P*4JUN,愛媛県,0,,-
EPOLIS,winkle 2 winkle,0,,-,1042,QUIU,愛媛県,1842,AB#595,愛媛県,2801,45NYAN,愛媛県,0,,-
EPOLIS,WaterCube Pf.(RX-Ver.S.P.L.),0,,-,565,POEME,愛媛県,1329,HA4MOT,愛媛県,2155,P*4JUN,愛媛県,0,,-
EPOLIS,Vulnerability,0,,-,1255,POEME,愛媛県,1933,ARMJOE,愛媛県,3563,45NYAN,愛媛県,0,,-
EPOLIS,Vermilion Carol,0,,-,1366,GIORNO,愛媛県,2193,762,愛媛県,3520,P*4JUN,愛媛県,0,,-
EPOLIS,Tripping Jumping,0,,-,831,XU,愛媛県,1554,XU,愛媛県,2294,45NYAN,愛媛県,0,,-
EPOLIS,TRIP THE DEEP,0,,-,979,QUIU,愛媛県,1565,SWITCH,愛媛県,2495,45NYAN,愛媛県,0,,-
EPOLIS,Too Late Snow,0,,-,784,XU,愛媛県,1407,TORI,愛媛県,2020,45NYAN,愛媛県,0,,-
EPOLIS,TITANIUM RIDERS,0,,-,893,XU,愛媛県,1473,XU,愛媛県,2103,NGR,愛媛県,0,,-
EPOLIS,Time Distortion pt.2(IIDX Edit),0,,-,1300,XU,愛媛県,1915,HA4MOT,愛媛県,2925,P*4JUN,愛媛県,0,,-
EPOLIS,This Is Club Musik feat. 大久保紅葉,0,,-,1077,XU,愛媛県,1682,HA4MOT,愛媛県,2609,P*4JUN,愛媛県,0,,-
EPOLIS,The Onlyonez,0,,-,1002,K*Y,愛媛県,1677,HA4MOT,愛媛県,3130,45NYAN,愛媛県,0,,-
EPOLIS,The Last Apocalypse,0,,-,1416,KOUZI,愛媛県,2399,MR.VTR,愛媛県,3629,45NYAN,愛媛県,0,,-
EPOLIS,T.R.O.L.L.,0,,-,966,GERRY,愛媛県,1615,HA4MOT,愛媛県,2572,45NYAN,愛媛県,0,,-
EPOLIS,Sword of Vengeance,0,,-,1390,POEME,愛媛県,2110,HA4MOT,愛媛県,3225,45NYAN,愛媛県,0,,-
EPOLIS,Submerge Serenade,0,,-,1064,QUIU,愛媛県,1782,AB#595,愛媛県,2911,P*4JUN,愛媛県,0,,-
EPOLIS,Stereo Beasts,0,,-,1314,QUIU,愛媛県,2500,AB#595,愛媛県,3674,45NYAN,愛媛県,0,,-
EPOLIS,squall,0,,-,1170,POEME,愛媛県,1736,HA4MOT,愛媛県,2575,762,愛媛県,0,,-
EPOLIS,Speculation,0,,-,1007,XU,愛媛県,1743,Z0RA,愛媛県,2960,45NYAN,愛媛県,0,,-
EPOLIS,SOLAR ECLIPSE,0,,-,1470,XU,愛媛県,2419,PNSP!!,愛媛県,3478,45NYAN,愛媛県,0,,-
EPOLIS,So What,0,,-,599,MARCO,愛媛県,1155,KOUZI,愛媛県,1829,762,愛媛県,0,,-
EPOLIS,Sirius,0,,-,989,QUIU,愛媛県,1674,762,愛媛県,3230,45NYAN,愛媛県,0,,-
EPOLIS,Shapeshifter,0,,-,1071,XU,愛媛県,1645,HA4MOT,愛媛県,2507,45NYAN,愛媛県,0,,-
EPOLIS,Seven Times Four,0,,-,1146,K*Y,愛媛県,1967,AB#595,愛媛県,3457,45NYAN,愛媛県,0,,-
EPOLIS,See You Again,0,,-,1149,QUIU,愛媛県,1842,HA4MOT,愛媛県,3114,P*4JUN,愛媛県,0,,-
EPOLIS,Riff//rain,204,MARCO,愛媛県,719,QUIU,愛媛県,1262,XU,愛媛県,1810,45NYAN,愛媛県,0,,-
EPOLIS,Resonant,0,,-,1057,QUIU,愛媛県,2249,MR.VTR,愛媛県,3482,HA4MOT,愛媛県,0,,-
EPOLIS,Red Determination,0,,-,1043,TOMABO,愛媛県,1546,XU,愛媛県,2615,P*4JUN,愛媛県,0,,-
EPOLIS,Psychedelic Intelligence,0,,-,1213,QUIU,愛媛県,1836,XU,愛媛県,2839,762,愛媛県,0,,-
EPOLIS,PILGRIM,0,,-,954,QUIU,愛媛県,1698,HA4MOT,愛媛県,2679,762,愛媛県,0,,-
EPOLIS,out of disk space,0,,-,1087,XU,愛媛県,1934,HA4MOT,愛媛県,2566,45NYAN,愛媛県,0,,-
EPOLIS,Out of Control,0,,-,1160,PNSP!!,愛媛県,2208,762,愛媛県,3015,45NYAN,愛媛県,0,,-
EPOLIS,NEEDLESS MY LOVE FOR YOU,0,,-,979,BIBIQ,愛媛県,1624,FAMI,愛媛県,2440,P*4JUN,愛媛県,0,,-
EPOLIS,My Sweet Bird?,0,,-,835,XU,愛媛県,1514,GYAREN,愛媛県,2194,762,愛媛県,0,,-
EPOLIS,Mukade,0,,-,1098,XU,愛媛県,1801,Z0RA,愛媛県,3208,45NYAN,愛媛県,0,,-
EPOLIS,Monkey Business,0,,-,693,QUIU,愛媛県,1553,762,愛媛県,2573,45NYAN,愛媛県,0,,-
EPOLIS,Million Dollar,0,,-,1137,POEME,愛媛県,1963,U-ME,愛媛県,3396,45NYAN,愛媛県,0,,-
EPOLIS,MAXIMUM CHEAT GIRL,0,,-,1197,POEME,愛媛県,2180,762,愛媛県,3535,45NYAN,愛媛県,0,,-
EPOLIS,Level 5,0,,-,1294,QUIU,愛媛県,2414,KOUZI,愛媛県,3584,P*4JUN,愛媛県,0,,-
EPOLIS,JUSTICE/GUILTY feat. Nana Takahashi & 709sec.,0,,-,1711,XU,愛媛県,2447,762,愛媛県,3875,45NYAN,愛媛県,0,,-
EPOLIS,Just Gimme,0,,-,939,XU,愛媛県,1654,XU,愛媛県,2708,P*4JUN,愛媛県,0,,-
EPOLIS,Jumper,0,,-,907,XU,愛媛県,1465,XU,愛媛県,2393,762,愛媛県,0,,-
EPOLIS,Iris,406,MARCO,愛媛県,831,XU,愛媛県,1536,KOUZI,愛媛県,2211,45NYAN,愛媛県,0,,-
EPOLIS,INHERITANCE,0,,-,1051,QUIU,愛媛県,1757,XU,愛媛県,2776,P*4JUN,愛媛県,0,,-
EPOLIS,i-ii,0,,-,1044,QUIU,愛媛県,1703,XU,愛媛県,2844,P*4JUN,愛媛県,0,,-
EPOLIS,Hat Surprise (Season 3),0,,-,1196,QUIU,愛媛県,2116,U-ME,愛媛県,2742,45NYAN,愛媛県,0,,-
EPOLIS,Hard Breaker,0,,-,775,XU,愛媛県,1538,XU,愛媛県,2477,MOMOMO,愛媛県,0,,-
EPOLIS,GLORIOUS HAMMER,0,,-,1076,BIBIQ,愛媛県,1911,HA4MOT,愛媛県,3026,P*4JUN,愛媛県,0,,-
EPOLIS,GloriosA,0,,-,1216,XU,愛媛県,1968,HA4MOT,愛媛県,2845,45NYAN,愛媛県,0,,-
EPOLIS,Glitch N Ride,0,,-,846,TAKOSS,愛媛県,1525,762,愛媛県,2592,45NYAN,愛媛県,0,,-
EPOLIS,Ghost Pulse,0,,-,1055,XU,愛媛県,1676,PNSP!!,愛媛県,2789,45NYAN,愛媛県,0,,-
EPOLIS,Get Wicked,0,,-,874,BIBIQ,愛媛県,1411,SWITCH,愛媛県,2430,762,愛媛県,0,,-
EPOLIS,Get Higher,0,,-,964,XU,愛媛県,1727,AB#595,愛媛県,2293,762,愛媛県,0,,-
EPOLIS,GAME ON,0,,-,1308,XU,愛媛県,2214,KOUZI,愛媛県,2694,P*4JUN,愛媛県,0,,-
EPOLIS,frequent,0,,-,1299,XU,愛媛県,2306,762,愛媛県,3723,45NYAN,愛媛県,0,,-
EPOLIS,Echoes of Sunfall,0,,-,1011,XU,愛媛県,1590,HA4MOT,愛媛県,2948,45NYAN,愛媛県,0,,-
EPOLIS,Demon March,0,,-,1452,92,愛媛県,2345,762,愛媛県,3627,45NYAN,愛媛県,0,,-
EPOLIS,Deep Sea Mystery,0,,-,1107,PNSP!!,愛媛県,1448,XU,愛媛県,1967,45NYAN,愛媛県,0,,-
EPOLIS,DAZZLE ATTACK,538,MARCO,愛媛県,977,QUIU,愛媛県,1653,XU,愛媛県,2855,45NYAN,愛媛県,0,,-
EPOLIS,Dahlia,0,,-,1278,XU,愛媛県,2096,762,愛媛県,3141,45NYAN,愛媛県,0,,-
EPOLIS,Cult Invitation,0,,-,1195,QUIU,愛媛県,1888,ARMJOE,愛媛県,3420,P*4JUN,愛媛県,0,,-
EPOLIS,COUNTING SHEEP ft. Kanae Asaba,0,,-,663,XU,愛媛県,1282,SWITCH,愛媛県,2223,45NYAN,愛媛県,0,,-
EPOLIS,CODE:2,0,,-,1062,QUIU,愛媛県,1765,KOUZI,愛媛県,2965,45NYAN,愛媛県,0,,-
EPOLIS,Chemical Colours,0,,-,1026,XU,愛媛県,1986,HA4MOT,愛媛県,2790,P*4JUN,愛媛県,0,,-
EPOLIS,CADENZA,0,,-,1508,MR.VTR,愛媛県,2413,MR.VTR,愛媛県,4501,45NYAN,愛媛県,0,,-
EPOLIS,BLAZING_LAZER,0,,-,1191,QUIU,愛媛県,2051,U-ME,愛媛県,3410,45NYAN,愛媛県,0,,-
EPOLIS,Bitter & Lucky,0,,-,864,XU,愛媛県,1339,SWITCH,愛媛県,2483,762,愛媛県,0,,-
EPOLIS,Amethyst,0,,-,1257,QUIU,愛媛県,1773,HA4MOT,愛媛県,2606,45NYAN,愛媛県,0,,-
EPOLIS,Ambivalent Vermilia,0,,-,1463,QUIU,愛媛県,2363,MR.VTR,愛媛県,4010,45NYAN,愛媛県,0,,-
EPOLIS,Akatsuki,0,,-,986,QUIU,愛媛県,1538,LULL,愛媛県,2267,45NYAN,愛媛県,0,,-
EPOLIS,Aeterna,0,,-,981,XU,愛媛県,1565,HA4MOT,愛媛県,2550,NGR,愛媛県,0,,-
EPOLIS,ACT0,0,,-,1222,QUIU,愛媛県,2201,PNSP!!,愛媛県,2967,45NYAN,愛媛県,0,,-
EPOLIS,20XX,0,,-,1199,XU,愛媛県,1756,XU,愛媛県,2682,P*4JUN,愛媛県,0,,-
6th style,L’amour et la libert?,0,,-,855,4141*R,愛媛県,1284,BIBIQ,愛媛県,2030,45NYAN,愛媛県,0,,-
9th style,ADVANCE,0,,-,448,K*Y,愛媛県,837,HA4MOT,愛媛県,1580,762,愛媛県,0,,-
Lincle,A MINSTREL ～ ver. short-scape ～,0,,-,657,QUIU,愛媛県,1443,HA4MOT,愛媛県,2348,762,愛媛県,3834,762,愛媛県
RESIDENT,VOID,0,,-,1150,GERRY,愛媛県,1671,Z0RA,愛媛県,3219,45NYAN,愛媛県,0,,-
Pinky Crush,ＰＡＳＴＥＬＩＳＭ,0,,-,1010,BIBIQ,愛媛県,1525,KOUZI,愛媛県,2088,762,愛媛県,0,,-
Pinky Crush,飴玉,0,,-,578,QUIU,愛媛県,879,KOUZI,愛媛県,1376,762,愛媛県,0,,-
Pinky Crush,進捗ダメダメです,279,MARCO,愛媛県,781,MARCO,愛媛県,1595,KOUZI,愛媛県,2224,762,愛媛県,0,,-
Pinky Crush,覚悟せよ！エンタンメ～ン ～より身の切り売り自暴自棄版～,0,,-,1036,MARCO,愛媛県,1867,HA4MOT,愛媛県,2839,762,愛媛県,0,,-
Pinky Crush,爆ぜりゃんせ,0,,-,1081,K*Y,愛媛県,1907,KOUZI,愛媛県,2942,45NYAN,愛媛県,0,,-
Pinky Crush,無双,0,,-,1151,MARCO,愛媛県,1957,KOUZI,愛媛県,3290,P*4JUN,愛媛県,0,,-
Pinky Crush,灼熱 Lost Summer Dayz,0,,-,995,UNO.S,愛媛県,1861,KANIPI,愛媛県,2817,P*4JUN,愛媛県,0,,-
Pinky Crush,消極的セツナイズム,0,,-,962,SUSURU,愛媛県,1573,KOUZI,愛媛県,2273,762,愛媛県,0,,-
Pinky Crush,朱と碧のランページ,0,,-,991,MARCO,愛媛県,1653,HA4MOT,愛媛県,2497,762,愛媛県,0,,-
Pinky Crush,最強頂戴girl,0,,-,855,GERRY,愛媛県,1467,KOUZI,愛媛県,2183,762,愛媛県,0,,-
Pinky Crush,断罪の一花,0,,-,871,QUIU,愛媛県,1528,KOUZI,愛媛県,2540,762,愛媛県,0,,-
Pinky Crush,我ら完全無敵のアイドル!!,244,MARCO,愛媛県,1036,P*ARK,愛媛県,1648,KOUZI,愛媛県,2545,762,愛媛県,0,,-
Pinky Crush,弾幕信仰,0,,-,1054,K*Y,愛媛県,1656,KOUZI,愛媛県,2519,45NYAN,愛媛県,0,,-
Pinky Crush,天使のカンタータ -Cantata of Angels-,0,,-,1223,BIBIQ,愛媛県,2193,762,愛媛県,4037,45NYAN,愛媛県,0,,-
Pinky Crush,ロマンシングエスケープ,0,,-,429,ARMJOE,愛媛県,1126,KOUZI,愛媛県,1823,762,愛媛県,0,,-
Pinky Crush,メズマライザー,573,MARCO,愛媛県,1142,QUIU,愛媛県,1800,GE,愛媛県,2732,45NYAN,愛媛県,0,,-
Pinky Crush,ファイナルレター,0,,-,953,BIBIQ,愛媛県,1830,HA4MOT,愛媛県,2621,P*4JUN,愛媛県,0,,-
Pinky Crush,ビビデバ,259,MARCO,愛媛県,768,QUIU,愛媛県,1314,DJANAL,愛媛県,2047,762,愛媛県,0,,-
Pinky Crush,ハルイロメロディー,0,,-,863,MARCO,愛媛県,1399,KOUZI,愛媛県,2203,TAKOSS,愛媛県,0,,-
Pinky Crush,ハオ,297,SUSURU,愛媛県,856,QUIU,愛媛県,1692,KOUZI,愛媛県,2866,762,愛媛県,0,,-
Pinky Crush,ドーナツホール 2024,335,4141*R,愛媛県,969,QUIU,愛媛県,1623,KOUZI,愛媛県,2360,762,愛媛県,0,,-
Pinky Crush,ドリムチウ,0,,-,853,GYAREN,愛媛県,1567,KOUZI,愛媛県,2556,PNSP!!,愛媛県,0,,-
Pinky Crush,スパークリング☆彡ハイパーチューン！！,0,,-,1450,QUIU,愛媛県,2183,762,愛媛県,3653,45NYAN,愛媛県,0,,-
Pinky Crush,スキッテイエェエエェ!!!!,0,,-,1564,QUIU,愛媛県,2573,762,愛媛県,4203,45NYAN,愛媛県,0,,-
Pinky Crush,ゲシュタルト,390,MARCO,愛媛県,930,QUIU,愛媛県,1577,KOUZI,愛媛県,2467,P*4JUN,愛媛県,0,,-
Pinky Crush,ギャ・ギャ・ギャ・ギャラクシー！,0,,-,879,MARCO,愛媛県,1640,KOUZI,愛媛県,2380,762,愛媛県,0,,-
Pinky Crush,キスキツネ,193,MARCO,愛媛県,854,BIBIQ,愛媛県,1478,KOUZI,愛媛県,2347,762,愛媛県,0,,-
Pinky Crush,オブソミート,237,MARCO,愛媛県,860,QUIU,愛媛県,1489,KOUZI,愛媛県,2383,762,愛媛県,0,,-
Pinky Crush,オッド ラヴィ,382,MARCO,愛媛県,1045,QUIU,愛媛県,1739,XU-1,愛媛県,2521,762,愛媛県,0,,-
Pinky Crush,エクスプロウル,0,,-,928,MARCO,愛媛県,1585,XU-1,愛媛県,2372,ANROCO,愛媛県,0,,-
Pinky Crush,イガク,308,MARCO,愛媛県,864,QUIU,愛媛県,1515,KOUZI,愛媛県,2037,45NYAN,愛媛県,0,,-
Pinky Crush,アラビアン ハイパー ナイト,0,,-,1159,MARCO,愛媛県,1908,762,愛媛県,3205,45NYAN,愛媛県,0,,-
Pinky Crush,きゅうくらりん,447,4141*R,愛媛県,870,MARCO,愛媛県,1713,KOUZI,愛媛県,2389,762,愛媛県,0,,-
Pinky Crush,きみのせかい,0,,-,999,BIBIQ,愛媛県,1647,KOUZI,愛媛県,2834,762,愛媛県,0,,-
Pinky Crush,えだまめカレークッキング,422,MARCO,愛媛県,804,MARCO,愛媛県,1277,KOUZI,愛媛県,2166,762,愛媛県,0,,-
Pinky Crush,XHRONOXAPSULΞ,0,,-,1062,MARCO,愛媛県,2352,762,愛媛県,3689,45NYAN,愛媛県,0,,-
Pinky Crush,Without Heaven,0,,-,1317,P*ARK,愛媛県,2191,762,愛媛県,3650,45NYAN,愛媛県,0,,-
Pinky Crush,Vibing! Shake it!,0,,-,951,QUIU,愛媛県,1669,KOUZI,愛媛県,2492,45NYAN,愛媛県,0,,-
Pinky Crush,uen,0,,-,1309,BIBIQ,愛媛県,2127,HA4MOT,愛媛県,2875,P*4JUN,愛媛県,0,,-
Pinky Crush,Uaigh Gealai,0,,-,1236,MARCO,愛媛県,2251,762,愛媛県,3697,TOMABO,愛媛県,0,,-
Pinky Crush,u gotta beat,0,,-,1308,QUIU,愛媛県,2311,762,愛媛県,3446,45NYAN,愛媛県,0,,-
Pinky Crush,TECHNO RUMBLE,0,,-,1082,KITA-N,愛媛県,1803,GYAREN,愛媛県,2867,P*4JUN,愛媛県,0,,-
Pinky Crush,SμG@R RU$#,0,,-,1335,QUIU,愛媛県,2401,762,愛媛県,3469,45NYAN,愛媛県,0,,-
Pinky Crush,SUPER HEROINE!!,0,,-,911,TODON,愛媛県,1571,HA4MOT,愛媛県,2321,P*4JUN,愛媛県,0,,-
Pinky Crush,Stargazing Trip ～星 探す旅～ ft. 小林マナ,0,,-,1054,K*Y,愛媛県,1795,KOUZI,愛媛県,2672,P*4JUN,愛媛県,0,,-
Pinky Crush,Space In Time,0,,-,850,QUIU,愛媛県,1509,NONO,愛媛県,2046,45NYAN,愛媛県,0,,-
Pinky Crush,Slumber☆Party,0,,-,823,HA4MOT,愛媛県,1764,KOUZI,愛媛県,2284,762,愛媛県,0,,-
Pinky Crush,Skratch Education Lv-1,0,,-,884,BIBIQ,愛媛県,1756,762,愛媛県,2840,P*4JUN,愛媛県,0,,-
Pinky Crush,SISYPHUS,0,,-,963,QUIU,愛媛県,1770,762,愛媛県,2588,P*4JUN,愛媛県,0,,-
Pinky Crush,Show Me All Your Love,0,,-,1093,BIBIQ,愛媛県,1962,KOUZI,愛媛県,2891,TOMABO,愛媛県,0,,-
Pinky Crush,Shirdal,0,,-,839,MARCO,愛媛県,1462,HA4MOT,愛媛県,2469,45NYAN,愛媛県,0,,-
Pinky Crush,Secret Rouge,0,,-,821,K*Y,愛媛県,1635,KOUZI,愛媛県,2323,45NYAN,愛媛県,0,,-
Pinky Crush,Satellite Burst,0,,-,1206,K*Y,愛媛県,2190,762,愛媛県,3787,45NYAN,愛媛県,0,,-
Pinky Crush,Roar of Chronos,0,,-,1226,ANROCO,愛媛県,2199,762,愛媛県,3936,45NYAN,愛媛県,0,,-
Pinky Crush,RAVE SYNDROME,0,,-,1017,GERRY,愛媛県,1719,AB#595,愛媛県,2764,P*4JUN,愛媛県,0,,-
Pinky Crush,Raspberry Potion (feat.あれたん & ぎゃるのしん☆),0,,-,877,QUIU,愛媛県,1786,KOUZI,愛媛県,2502,45NYAN,愛媛県,0,,-
Pinky Crush,PopなEDEN,0,,-,952,GERRY,愛媛県,1624,KOUZI,愛媛県,2440,P*4JUN,愛媛県,0,,-
Pinky Crush,Plea Per Phase,0,,-,998,BIBIQ,愛媛県,1756,KOUZI,愛媛県,2752,P*4JUN,愛媛県,0,,-
Pinky Crush,Plazma,261,MARCO,愛媛県,682,XU-1,愛媛県,1246,XU-1,愛媛県,2032,45NYAN,愛媛県,0,,-
Pinky Crush,PIT A PAT,0,,-,1001,QUIU,愛媛県,1819,KOUZI,愛媛県,2541,762,愛媛県,0,,-
Pinky Crush,Pinky Happy Crazy,0,,-,1295,MARCO,愛媛県,2375,ARMJOE,愛媛県,3449,762,愛媛県,0,,-
Pinky Crush,PERFECT HUMAN,503,4141*R,愛媛県,874,QUIU,愛媛県,1424,KOUZI,愛媛県,2228,45NYAN,愛媛県,0,,-
Pinky Crush,NOIXIA,0,,-,1366,QUIU,愛媛県,2294,762,愛媛県,3844,45NYAN,愛媛県,0,,-
Pinky Crush,MVP,0,,-,914,QUIU,愛媛県,1533,KOUZI,愛媛県,2597,P*4JUN,愛媛県,0,,-
Pinky Crush,Mighty Cutie,0,,-,1122,MARCO,愛媛県,1990,KOUZI,愛媛県,2738,KOUZI,愛媛県,0,,-
Pinky Crush,Mid-Corner (Magic Maker),0,,-,1175,K*Y,愛媛県,2048,762,愛媛県,3102,45NYAN,愛媛県,0,,-
Pinky Crush,MARLIN,0,,-,1176,QUIU,愛媛県,2294,762,愛媛県,3420,P*4JUN,愛媛県,0,,-
Pinky Crush,Lycoris,0,,-,754,MARCO,愛媛県,1386,KOUZI,愛媛県,2027,ANROCO,愛媛県,0,,-
Pinky Crush,lowercase lifetime,0,,-,1030,BIBIQ,愛媛県,2078,KOUZI,愛媛県,2764,45NYAN,愛媛県,0,,-
Pinky Crush,Lightspeed,0,,-,1281,PNSP!!,愛媛県,2105,762,愛媛県,3053,P*4JUN,愛媛県,0,,-
Pinky Crush,KOTONOHA ft. Kotoha,0,,-,808,QUIU,愛媛県,1317,KOUZI,愛媛県,1972,45NYAN,愛媛県,0,,-
Pinky Crush,IN BETWEEN,0,,-,886,K*Y,愛媛県,1476,HA4MOT,愛媛県,2368,P*4JUN,愛媛県,0,,-
Pinky Crush,hora de verdad,0,,-,1079,XU-1,愛媛県,2037,762,愛媛県,2973,45NYAN,愛媛県,0,,-
Pinky Crush,Here We Go Now,0,,-,1142,QUIU,愛媛県,2201,762,愛媛県,3292,45NYAN,愛媛県,0,,-
Pinky Crush,Good Looking,0,,-,722,MARCO,愛媛県,1263,QUIU,愛媛県,2044,762,愛媛県,0,,-
Pinky Crush,God Mind,0,,-,1477,QUIU,愛媛県,2613,762,愛媛県,3909,TOMABO,愛媛県,0,,-
Pinky Crush,get set mind,0,,-,1003,K*Y,愛媛県,1539,KOUZI,愛媛県,2456,45NYAN,愛媛県,0,,-
Pinky Crush,Galaxy Collapse,0,,-,798,MARCO,愛媛県,1261,KOUZI,愛媛県,1873,762,愛媛県,0,,-
Pinky Crush,FlyAway,0,,-,1222,QUIU,愛媛県,2053,762,愛媛県,3218,45NYAN,愛媛県,0,,-
Pinky Crush,Flamingo,0,,-,1048,MARCO,愛媛県,2228,HA4MOT,愛媛県,3337,762,愛媛県,0,,-
Pinky Crush,Fiery Stallion,0,,-,884,QUIU,愛媛県,1665,AB#595,愛媛県,2402,45NYAN,愛媛県,0,,-
Pinky Crush,FERMI PARADOX,0,,-,1140,QUIU,愛媛県,1638,KOUZI,愛媛県,2517,762,愛媛県,0,,-
Pinky Crush,EYE OF THE HEAVEN,0,,-,984,MARCO,愛媛県,2346,762,愛媛県,3519,45NYAN,愛媛県,0,,-
Pinky Crush,EX-MASSIVE FIGHTER,0,,-,1183,QUIU,愛媛県,2122,762,愛媛県,3365,45NYAN,愛媛県,0,,-
Pinky Crush,everlastingeuphoria:,0,,-,1059,MARCO,愛媛県,1634,AB#595,愛媛県,2451,45NYAN,愛媛県,0,,-
Pinky Crush,ELYSIUM,0,,-,909,QUIU,愛媛県,1556,KOUZI,愛媛県,2713,45NYAN,愛媛県,0,,-
Pinky Crush,Eleanor,0,,-,791,QUIU,愛媛県,1368,KOUZI,愛媛県,2402,45NYAN,愛媛県,0,,-
Pinky Crush,Drop Syndicate,0,,-,1173,GERRY,愛媛県,1971,762,愛媛県,3563,45NYAN,愛媛県,0,,-
Pinky Crush,Dreamship,0,,-,928,UNO.S,愛媛県,1357,KOUZI,愛媛県,1953,45NYAN,愛媛県,0,,-
Pinky Crush,DIVINE JUDGEMENT,0,,-,1002,K*Y,愛媛県,2007,762,愛媛県,2717,45NYAN,愛媛県,0,,-
Pinky Crush,Digital Radiance,0,,-,1133,QUIU,愛媛県,1416,KOUZI,愛媛県,2024,762,愛媛県,0,,-
Pinky Crush,destination,0,,-,1009,QUIU,愛媛県,2234,PNSP!!,愛媛県,3341,45NYAN,愛媛県,0,,-
Pinky Crush,Cross Fire,0,,-,1027,MARCO,愛媛県,2199,762,愛媛県,3194,TOMABO,愛媛県,0,,-
Pinky Crush,COSMIC V3LOCITY,0,,-,1222,QUIU,愛媛県,2319,762,愛媛県,3260,DJANAL,愛媛県,0,,-
Pinky Crush,Constellation,0,,-,924,MARCO,愛媛県,1805,KOUZI,愛媛県,2736,P*4JUN,愛媛県,0,,-
Pinky Crush,Chasing After YOU ～夢の欠片～ ft. 小林マナ,0,,-,967,QUIU,愛媛県,1437,KOUZI,愛媛県,2053,45NYAN,愛媛県,0,,-
Pinky Crush,CHAOTIC SUNBIRD,0,,-,1166,BIBIQ,愛媛県,1700,KOUZI,愛媛県,3235,45NYAN,愛媛県,0,,-
Pinky Crush,Butterfly Twist,0,,-,993,K*Y,愛媛県,1588,KOUZI,愛媛県,2680,P*4JUN,愛媛県,0,,-
Pinky Crush,Bring The Fire,0,,-,1147,QUIU,愛媛県,1943,762,愛媛県,3411,45NYAN,愛媛県,0,,-
Pinky Crush,Bling-Bang-Bang-Born,331,4141*R,愛媛県,642,4141*R,愛媛県,1167,KOUZI,愛媛県,1975,45NYAN,愛媛県,0,,-
Pinky Crush,Bang-Boo Bumble,0,,-,1079,MARCO,愛媛県,1889,Z0RA,愛媛県,2918,P*4JUN,愛媛県,0,,-
Pinky Crush,Arcanos,0,,-,665,PNSP!!,愛媛県,1184,PNSP!!,愛媛県,1952,PNSP!!,愛媛県,0,,-
Pinky Crush,Aqvion,0,,-,1166,QUIU,愛媛県,1921,HA4MOT,愛媛県,3411,P*4JUN,愛媛県,0,,-
Pinky Crush,ADAMANT,0,,-,1105,QUIU,愛媛県,1884,QUIU,愛媛県,3019,45NYAN,愛媛県,0,,-
Pinky Crush,1116,0,,-,1080,BIBIQ,愛媛県,2016,762,愛媛県,2963,P*4JUN,愛媛県,0,,-
