バージョン,タイトル,BEGINNER EXスコア,BEGINNER DJName,BEGINNER 都道府県,NORMAL EXスコア,NORMAL DJName,NORMAL 都道府県,HYPER EXスコア,HYPER DJName,HYPER 都道府県,ANOTHER EXスコア,ANOTHER DJName,ANOTHER 都道府県,LEGGENDARIA EXスコア,LEGGENDARIA DJName,LEGGENDARIA 都道府県
1st&substream,THE EARTH LIGHT,0,,-,723,LAIR,大分県,1036,IIDX32,大分県,1154,HINATA,大分県,0,,-
1st&substream,RUGGED ASH,0,,-,360,SAMMYK,大分県,395,5392,大分県,1102,HINATA,大分県,2033,YAMADA,大分県
1st&substream,R3,0,,-,654,CXF,大分県,705,CHIURI,大分県,904,HINATA,大分県,0,,-
1st&substream,PARANOIA MAX～DIRTY MIX～,0,,-,536,K,大分県,748,NUMATA,大分県,1120,ANDIRA,大分県,0,,-
1st&substream,Macho Gang,0,,-,380,HINATA,大分県,982,PLAN.B,大分県,1652,YAMADA,大分県,0,,-
1st&substream,KEEP ON MOVIN',0,,-,194,PUNICO,大分県,244,HINATA,大分県,0,,-,0,,-
1st&substream,GRADIUSIC CYBER,0,,-,787,SAMMYK,大分県,893,PLAN.B,大分県,1211,HINATA,大分県,0,,-
1st&substream,gentle stress,0,,-,344,HINATA,大分県,682,HINATA,大分県,1450,HINATA,大分県,0,,-
1st&substream,GENOM SCREAMS,0,,-,376,K,大分県,788,URAMP,大分県,1069,YAMADA,大分県,0,,-
1st&substream,GAMBOL,0,,-,269,10FU86,大分県,274,ANDIRA,大分県,0,,-,0,,-
1st&substream,Dr.LOVE,0,,-,392,NGKAWA,大分県,485,NGKAWA,大分県,579,ANDIRA,大分県,0,,-
1st&substream,deep in you,0,,-,427,KAMO-R,大分県,486,MIKOTO,大分県,665,HINA.S,大分県,0,,-
1st&substream,5.1.1.,0,,-,198,WAROTA,大分県,1022,TANPA2,大分県,1571,MOTHER,大分県,0,,-
1st&substream,22DUNK,0,,-,488,PLAN.B,大分県,626,LUCATL,大分県,658,ANDIRA,大分県,0,,-
2nd style,SP-TRIP MACHINE(for beatmania II),0,,-,506,ANDIRA,大分県,612,5392,大分県,648,HINATA,大分県,0,,-
2nd style,PUT YOUR FAITH IN ME(for beatmania II),0,,-,544,CHIURI,大分県,867,HINA.S,大分県,0,,-,0,,-
2nd style,Indigo Vision(full flavour hide around mix),0,,-,840,CHIURI,大分県,1060,5392,大分県,1227,HINATA,大分県,0,,-
2nd style,I Was The One,0,,-,520,CHIURI,大分県,609,ELIO,大分県,695,ANDIRA,大分県,0,,-
2nd style,Electro Tuned(the SubS mix),0,,-,698,K,大分県,870,GNSNGS,大分県,1070,HINATA,大分県,0,,-
2nd style,Digital MinD(A/T Libra mix),0,,-,690,SAMMYK,大分県,960,J,大分県,1135,HINATA,大分県,0,,-
2nd style,.59,0,,-,683,NGKAWA,大分県,998,CXF,大分県,1160,HINA.S,大分県,0,,-
3rd style,THE SAFARI,364,HINATA,大分県,1151,JA9,大分県,1779,HINATA,大分県,0,,-,0,,-
3rd style,Tangerine Stream,0,,-,263,PLAN.B,大分県,396,HINATA,大分県,0,,-,0,,-
3rd style,Skyscraper,0,,-,649,PLAN.B,大分県,1082,GNSNGS,大分県,1256,ANDIRA,大分県,0,,-
3rd style,Schlagwerk,0,,-,752,SAMMYK,大分県,1235,MAIYAN,大分県,1691,HINA.S,大分県,0,,-
3rd style,REINCARNATION,0,,-,785,KAMO-R,大分県,900,SIMON,大分県,1280,HINATA,大分県,0,,-
3rd style,R5,0,,-,760,LIAR,大分県,1135,KENDES,大分県,1770,WAROTA,大分県,0,,-
3rd style,Presto,0,,-,494,NGKAWA,大分県,991,ANDIRA,大分県,1015,HINA.S,大分県,0,,-
3rd style,LEADING CYBER,0,,-,754,SAMMYK,大分県,1134,MAIYAN,大分県,1280,HINATA,大分県,0,,-
3rd style,Holic,0,,-,749,TOILET,大分県,1214,22DUNK,大分県,1731,HINATA,大分県,0,,-
3rd style,era (nostalmix),0,,-,782,K,大分県,1091,K-JET.,大分県,1544,HINATA,大分県,0,,-
3rd style,Don't Stop!,0,,-,730,KAMO-R,大分県,802,SAMMYK,大分県,906,ANDIRA,大分県,0,,-
3rd style,CAN'T STOP FALLIN'IN LOVE,0,,-,553,KAMO-R,大分県,1259,HINATA,大分県,0,,-,0,,-
4th style,Voltage (feat. Hidemaru),0,,-,844,K,大分県,1243,HINATA,大分県,1332,HINATA,大分県,0,,-
4th style,SWEET LAB,0,,-,516,LAIR,大分県,965,MACDO.,大分県,1373,HINATA,大分県,0,,-
4th style,starmine,446,HINATA,大分県,841,K,大分県,1435,HINATA,大分県,1597,ANDIRA,大分県,0,,-
4th style,Mr.T.(take me higher),0,,-,792,KAMO-R,大分県,995,K-JET.,大分県,1768,HINATA,大分県,0,,-
4th style,minimalian,0,,-,496,SAMMYK,大分県,1034,MAIYAN,大分県,1411,HINATA,大分県,0,,-
4th style,LOVE WILL・・・,0,,-,503,THEEND,大分県,730,NGKAWA,大分県,1464,ANDIRA,大分県,0,,-
4th style,KAMIKAZE,0,,-,939,K,大分県,1432,WAMDUS,大分県,2311,HINATA,大分県,0,,-
4th style,Jam&Marmalade,0,,-,724,Y-CHAN,大分県,856,LAIR,大分県,1019,ANDIRA,大分県,0,,-
4th style,Hitch Hiker2,0,,-,762,NGKAWA,大分県,1130,LAIR,大分県,1322,HINATA,大分県,1938,HINA.S,大分県
4th style,HIGHER,0,,-,492,KAMO-R,大分県,917,YSG,大分県,1282,HINATA,大分県,0,,-
4th style,FLOWERS for ALBION,0,,-,238,ENNUI,大分県,444,HINATA,大分県,0,,-,0,,-
4th style,era (step mix),0,,-,989,MURA,大分県,1403,10FU86,大分県,1730,HINATA,大分県,0,,-
4th style,empathy,0,,-,795,YKP*,大分県,1193,MURA,大分県,1469,HINATA,大分県,0,,-
4th style,DXY!,0,,-,1265,ARASHI,大分県,1796,10FU86,大分県,2256,YAMADA,大分県,0,,-
4th style,Clione,0,,-,492,SAMMYK,大分県,927,WAMDUS,大分県,1616,HINATA,大分県,2174,HINATA,大分県
4th style,CHECKING YOU OUT,0,,-,638,NUMATA,大分県,918,K-JET.,大分県,1354,HINATA,大分県,0,,-
4th style,Burnin' The Floor,0,,-,554,KAMO-R,大分県,956,YAMADA,大分県,1440,HINATA,大分県,0,,-
4th style,Broken My Heart,0,,-,821,K,大分県,1388,IZUMI,大分県,1819,ANDIRA,大分県,0,,-
4th style,B4U,0,,-,943,K,大分県,1429,LIAR,大分県,2022,YAMADA,大分県,0,,-
4th style,ABSOLUTE,0,,-,1226,LAIR,大分県,1733,K1-,大分県,2408,HINA.S,大分県,2764,YAMADA,大分県
4th style,250bpm,0,,-,616,Y-CHAN,大分県,1022,MACDO.,大分県,1435,HINATA,大分県,0,,-
5th style,V,345,HINATA,大分県,1283,YAMADA,大分県,2520,HINATA,大分県,2997,YAMADA,大分県,0,,-
5th style,THE SHINING POLARIS,0,,-,838,PLAN.B,大分県,1267,5392,大分県,1593,HINATA,大分県,0,,-
5th style,THE CUBE,0,,-,669,KAMO-R,大分県,1208,K1-,大分県,1359,HINATA,大分県,0,,-
5th style,sync,0,,-,1086,HINATA,大分県,1814,KILA**,大分県,2391,HINATA,大分県,0,,-
5th style,still my words,0,,-,864,MIKE,大分県,1235,HINATA,大分県,0,,-,0,,-
5th style,STILL IN MY HEART,0,,-,911,PLAN.B,大分県,1346,MACDO.,大分県,1925,NUMATA,大分県,0,,-
5th style,Spin the disc,0,,-,713,K,大分県,1307,HINATA,大分県,1341,HINATA,大分県,0,,-
5th style,sometime,0,,-,773,HINATA,大分県,1059,HINATA,大分県,1334,TANPA2,大分県,0,,-
5th style,RISLIM,0,,-,830,MURA,大分県,1243,HINA.S,大分県,0,,-,0,,-
5th style,RIDE ON THE LIGHT (HI GREAT MIX),0,,-,840,KAMO-R,大分県,1092,YAMADA,大分県,1719,HINATA,大分県,1848,CXF,大分県
5th style,Regulus,0,,-,864,PLAN.B,大分県,1395,WATTMA,大分県,1737,ANDIRA,大分県,0,,-
5th style,Real,0,,-,1040,BONA,大分県,1658,KUMATA,大分県,1832,HINATA,大分県,0,,-
5th style,Radical Faith,0,,-,1086,K,大分県,1524,ANDIRA,大分県,1315,HINATA,大分県,0,,-
5th style,QQQ,0,,-,1193,LIAR,大分県,1774,5392,大分県,2175,HINA.S,大分県,0,,-
5th style,outer wall,0,,-,834,Y-CHAN,大分県,1212,PLAN.B,大分県,1774,HINATA,大分県,0,,-
5th style,LOVE AGAIN TONIGHT～for Mellisa mix～,0,,-,691,SAMMYK,大分県,876,KAME-R,大分県,1121,HINA.S,大分県,0,,-
5th style,in my eyes,0,,-,906,SAMMYK,大分県,1385,LAIR,大分県,1593,HINATA,大分県,0,,-
5th style,Abyss,0,,-,1176,K,大分県,1632,ANDIRA,大分県,1885,YAMADA,大分県,0,,-
6th style,電人イェーガーのテーマ(Theme of DENJIN J),0,,-,1008,SAMMYK,大分県,1579,ANDIRA,大分県,0,,-,0,,-
6th style,こっちを向いてよ,0,,-,795,MURA,大分県,1296,MACDO.,大分県,1394,HINATA,大分県,0,,-
6th style,VJ ARMY,0,,-,1288,HINATA,大分県,1748,HINATA,大分県,2232,HINATA,大分県,0,,-
6th style,Take It Easy,0,,-,1338,KAMO-R,大分県,2331,10FU86,大分県,2531,HINATA,大分県,0,,-
6th style,Summer Vacation(CU mix),0,,-,1152,K,大分県,1862,HINATA,大分県,0,,-,0,,-
6th style,SOMETHING WONDERFUL,0,,-,888,CHIURI,大分県,1237,MAIYAN,大分県,1998,ANDIRA,大分県,0,,-
6th style,route 80s,0,,-,880,NANASY,大分県,1104,WATER1,大分県,1525,ANDIRA,大分県,0,,-
6th style,rottel-da-sun,0,,-,743,K,大分県,1358,NU-BE-,大分県,1866,HINATA,大分県,0,,-
6th style,NEMESIS,0,,-,832,THEEND,大分県,1522,U*,大分県,1908,HINATA,大分県,0,,-
6th style,Linus,0,,-,896,SAMMYK,大分県,1438,URAMP,大分県,2199,K-JET.,大分県,0,,-
6th style,G2,0,,-,1424,K-JET.,大分県,1674,NOOB,大分県,2331,YAMADA,大分県,0,,-
6th style,Frozen Ray (original mix),0,,-,1158,PLAN.B,大分県,1723,CXF,大分県,1808,ANDIRA,大分県,0,,-
6th style,Free Style,0,,-,825,MURA,大分県,935,MURA,大分県,1327,ANDIRA,大分県,0,,-
6th style,fly through the night,0,,-,875,WAMDUS,大分県,1275,WATER1,大分県,1719,HINA.S,大分県,0,,-
6th style,DIVE ～INTO YOUR HEART～,0,,-,1148,R-TYPE,大分県,1758,JA9,大分県,2113,YAMADA,大分県,0,,-
6th style,Colors (radio edit),0,,-,1203,MURA,大分県,1967,HINATA,大分県,2457,YAMADA,大分県,0,,-
6th style,Buffalo,0,,-,896,SAMMYK,大分県,1286,KAMO-R,大分県,1826,HINATA,大分県,2512,YAMADA,大分県
6th style,Blueberry Stream,0,,-,791,URAMP,大分県,1460,MACDO.,大分県,1665,ANDIRA,大分県,0,,-
6th style,BALLAD FOR YOU～想いの雨～,0,,-,564,M1G!TA,大分県,753,WATER1,大分県,1074,HINATA,大分県,0,,-
6th style,"19,November",0,,-,1036,PLAN.B,大分県,1406,5392,大分県,1813,HINATA,大分県,0,,-
7th style,革命,0,,-,745,AGE,大分県,1860,KILA**,大分県,2349,YAMADA,大分県,0,,-
7th style,ZERO-ONE,0,,-,1032,MAIYAN,大分県,1600,TAKA.4,大分県,2252,ANDIRA,大分県,2881,YAMADA,大分県
7th style,traces,0,,-,1442,LAIR,大分県,1777,NANASY,大分県,2144,HINATA,大分県,0,,-
7th style,Tomorrow Perfume,0,,-,1134,J,大分県,1857,YSIII,大分県,2139,HINATA,大分県,0,,-
7th style,stoic,0,,-,1495,MAIYAN,大分県,2312,U*,大分県,2575,YAMADA,大分県,0,,-
7th style,Spica,0,,-,620,SAMMYK,大分県,1420,BUNTU!,大分県,2260,K-JET.,大分県,0,,-
7th style,Love Me Do,0,,-,1119,WAMDUS,大分県,1678,WATER1,大分県,2116,YAMADA,大分県,0,,-
7th style,Let the Snow Paint Me,0,,-,781,SAMMYK,大分県,1047,WATER1,大分県,1248,ANDIRA,大分県,0,,-
7th style,Last Message,0,,-,915,THEEND,大分県,1258,WATER1,大分県,1627,YAMADA,大分県,0,,-
7th style,Happy Wedding,0,,-,1066,SAMMYK,大分県,1654,115TAL,大分県,1855,HINA.S,大分県,0,,-
7th style,Glorious Days,0,,-,489,LAIR,大分県,804,KOKURI,大分県,920,HINATA,大分県,0,,-
7th style,foreplay,0,,-,596,SAMMYK,大分県,1087,801,大分県,1345,ANDIRA,大分県,0,,-
7th style,DESTINY,0,,-,952,KAME-R,大分県,1242,MIKE,大分県,1848,YAMADA,大分県,0,,-
7th style,D2R,0,,-,803,MURA,大分県,1230,LIAR,大分県,1637,HINATA,大分県,0,,-
7th style,Cheer Train,0,,-,816,SAMMYK,大分県,1107,MAIYAN,大分県,1743,HINATA,大分県,0,,-
7th style,Burning Heat! (Full Option Mix),0,,-,644,SAMMYK,大分県,814,PLAN.B,大分県,1496,YAMADA,大分県,0,,-
7th style,Bad Routine,0,,-,938,K,大分県,1368,WATER1,大分県,1926,HINA.S,大分県,0,,-
7th style,AVE DE RAPINA,0,,-,1296,LAIR,大分県,1588,WATER1,大分県,1846,HINATA,大分県,0,,-
7th style,A,0,,-,1167,SAMMYK,大分県,2048,S,大分県,2480,K-JET.,大分県,0,,-
8th style,蒼い衝動,0,,-,813,KAME-R,大分県,1306,NANASY,大分県,1603,ANDIRA,大分県,0,,-
8th style,桜,0,,-,911,GNS*NG,大分県,1571,HINATA,大分県,2172,YAMADA,大分県,0,,-
8th style,xenon,0,,-,1042,NGKAWA,大分県,1612,U*,大分県,2743,YAMADA,大分県,0,,-
8th style,World Wide Love,0,,-,662,KAMO-R,大分県,1046,5392,大分県,1118,ANDIRA,大分県,0,,-
8th style,WAR GAME,0,,-,904,KAMO-R,大分県,1502,WATER1,大分県,2148,TANPA2,大分県,0,,-
8th style,thunder,0,,-,1101,NGKAWA,大分県,1610,ANDIRA,大分県,1896,HINATA,大分県,0,,-
8th style,symbolic,0,,-,1331,LAIR,大分県,1733,URAMP,大分県,2263,YAMADA,大分県,0,,-
8th style,STAR DREAM,0,,-,679,PLAN.B,大分県,1198,BLYTHE,大分県,1438,HINATA,大分県,0,,-
8th style,rainbow flyer,0,,-,712,R-TYPE,大分県,1632,4ME4CH,大分県,2138,YAMADA,大分県,0,,-
8th style,PLEASE DON'T GO,0,,-,894,Y-CHAN,大分県,1409,HINATA,大分県,2469,YAMADA,大分県,0,,-
8th style,MUSIC TO YOUR HEAD,0,,-,816,WAMDUS,大分県,1369,SOKI,大分県,1691,HINATA,大分県,0,,-
8th style,murmur twins,0,,-,1064,SAMMYK,大分県,1590,5392,大分県,2394,YAMADA,大分県,0,,-
8th style,Monkey Dance,0,,-,763,K,大分県,1377,HINATA,大分県,1992,HINATA,大分県,0,,-
8th style,memories,0,,-,1020,Y-CHAN,大分県,1914,URAMP,大分県,2281,HINATA,大分県,0,,-
8th style,Luv 2 Feel Your Body,0,,-,782,MURA,大分県,1077,TANPA2,大分県,1665,ANDIRA,大分県,0,,-
8th style,LOVE IS ORANGE,0,,-,742,SAMMYK,大分県,1013,WATER1,大分県,1800,HINATA,大分県,2103,ANDIRA,大分県
8th style,LAB,0,,-,925,PLAN.B,大分県,1875,YUKARI,大分県,2130,HINA.S,大分県,0,,-
8th style,HYPER BOUNDARY GATE,0,,-,1215,NGKAWA,大分県,1865,AGE,大分県,2225,HINA.S,大分県,0,,-
8th style,Halfway of promise,0,,-,936,089,大分県,1536,HINATA,大分県,1842,YAMADA,大分県,0,,-
8th style,Giudecca,0,,-,840,SAMMYK,大分県,1867,URAMP,大分県,2685,HINATA,大分県,0,,-
8th style,dual control,0,,-,668,KAME-R,大分県,1462,MACDO.,大分県,1889,HINATA,大分県,0,,-
8th style,Colors -Y&Co. Eurobeat Remix-,0,,-,1072,K,大分県,1983,KOKURI,大分県,2193,HINATA,大分県,0,,-
8th style,CELEBRATE NITE,0,,-,838,PLAN.B,大分県,1019,J,大分県,1426,HINATA,大分県,0,,-
8th style,Blame,0,,-,1138,LAIR,大分県,1454,WATER1,大分県,1935,YAMADA,大分県,0,,-
8th style,bit mania,0,,-,861,SAMMYK,大分県,1266,5392,大分県,1866,ANDIRA,大分県,0,,-
8th style,Attitude,0,,-,960,K,大分県,1351,NANASY,大分県,1758,ANDIRA,大分県,0,,-
8th style,ALL RIGHT,0,,-,824,KAMO-R,大分県,1158,SAMMYK,大分県,1625,HINA.S,大分県,0,,-
8th style,airflow,0,,-,524,SAMMYK,大分県,710,RIRCHU,大分県,1435,HINATA,大分県,0,,-
8th style,abstract,0,,-,1146,PLAN.B,大分県,1590,SOKI,大分県,1909,ANDIRA,大分県,0,,-
9th style,真夏の花・真夏の夢,0,,-,775,SAMMYK,大分県,1119,MAIYAN,大分県,1488,HINATA,大分県,0,,-
9th style,ライオン好き,0,,-,632,LIAR,大分県,1197,HINATA,大分県,1509,HINA.S,大分県,0,,-
9th style,SWEETEST SAVAGE,0,,-,583,K,大分県,1293,URAMP,大分県,1843,HINATA,大分県,0,,-
9th style,Sweet Sweet Magic,0,,-,877,KAME-R,大分県,1507,K-JET.,大分県,2054,YAMADA,大分県,0,,-
9th style,STAR FIELD,0,,-,623,KAMO-R,大分県,1468,LAIR,大分県,1888,HINA.S,大分県,0,,-
9th style,SNOW,0,,-,882,KAME-R,大分県,1345,WATER1,大分県,2057,HINATA,大分県,0,,-
9th style,Silvia Drive,0,,-,796,NGKAWA,大分県,1538,CXF,大分県,2081,HINATA,大分県,0,,-
9th style,rottel-the-Mercury,0,,-,938,SAMMYK,大分県,1863,MATCHA,大分県,2271,YAMADA,大分県,0,,-
9th style,RISLIM -Remix-,0,,-,723,SAMMYK,大分県,949,LAIR,大分県,1891,HINA.S,大分県,0,,-
9th style,Really Love,0,,-,597,SAMMYK,大分県,957,YAMADA,大分県,1759,CXF,大分県,0,,-
9th style,Quickening,0,,-,816,PLAN.B,大分県,1614,U*,大分県,2109,NUMATA,大分県,0,,-
9th style,quasar,0,,-,1071,K,大分県,1751,KILA**,大分県,2316,YAMADA,大分県,0,,-
9th style,one or eight,0,,-,1236,IZUMI,大分県,1835,4ME4CH,大分県,2281,ANDIRA,大分県,0,,-
9th style,moon_child,0,,-,948,PLAN.B,大分県,1982,NU-BE-,大分県,2556,YAMADA,大分県,0,,-
9th style,MARIA (I believe... ),0,,-,687,KAMO-R,大分県,1566,WAROTA,大分県,1963,YAMADA,大分県,0,,-
9th style,Make A Difference,0,,-,804,MURA,大分県,1465,U*,大分県,2277,HINATA,大分県,0,,-
9th style,lower world,0,,-,1166,MURA,大分県,1787,U*,大分県,2257,NUMATA,大分県,0,,-
9th style,LOVE SHINE,540,HINATA,大分県,856,K-JET.,大分県,1824,NUMATA,大分県,2087,K-JET.,大分県,0,,-
9th style,lights,0,,-,656,SHIND-,大分県,1465,KOKURI,大分県,1802,HINATA,大分県,0,,-
9th style,Let The Snow Paint Me -Y&Co. Remix-,0,,-,784,K,大分県,1025,NIBOSI,大分県,1813,HINATA,大分県,0,,-
9th style,Karma,0,,-,1210,Y-CHAN,大分県,1585,URAMP,大分県,1837,HINATA,大分県,0,,-
9th style,I Was The One (80's EUROBEAT STYLE),0,,-,747,K,大分県,1283,IZUMI,大分県,1448,ANDIRA,大分県,0,,-
9th style,HYPER EUROBEAT (2DX style),0,,-,999,PLAN.B,大分県,1426,PLAN.B,大分県,1965,YAMADA,大分県,0,,-
9th style,Golden Horn,0,,-,657,KAMO-R,大分県,1161,YUKARI,大分県,1517,ANDIRA,大分県,0,,-
9th style,e-motion 2003  -romantic extra-,0,,-,1222,LIAR,大分県,1565,089,大分県,1991,HINATA,大分県,0,,-
9th style,Distress,0,,-,1213,NGKAWA,大分県,1860,HINATA,大分県,0,,-,0,,-
9th style,Cradle,0,,-,790,KAME-R,大分県,1459,NASDAQ,大分県,1596,ANDIRA,大分県,0,,-
9th style,BRIGHTNESS DARKNESS,0,,-,666,KAMO-R,大分県,1371,WATER1,大分県,1771,YAMADA,大分県,0,,-
9th style,bag,0,,-,808,KAME-R,大分県,1068,ISM,大分県,1922,HINATA,大分県,0,,-
9th style,BAD BOY BASS!! (dj Remo-con MIX),0,,-,868,K,大分県,1298,NANASY,大分県,1806,HINA.S,大分県,0,,-
9th style,ATOMIC AGE,0,,-,356,SAGE,大分県,650,WAMDUS,大分県,1331,ANDIRA,大分県,0,,-
9th style,ACT,0,,-,964,MURA,大分県,1592,NOOB,大分県,1859,HINATA,大分県,0,,-
9th style,Abyss -The Heavens Remix-,574,HINATA,大分県,1284,KAMO-R,大分県,1796,U*,大分県,2370,YAMADA,大分県,0,,-
10th style,雪月花,0,,-,1078,SUICA,大分県,1778,PIYO*,大分県,2527,YAMADA,大分県,0,,-
10th style,システムロマンス,0,,-,829,KAMO-R,大分県,1727,EROICA,大分県,2038,HINA.S,大分県,0,,-
10th style,SPACE FIGHT,0,,-,607,SAMMYK,大分県,1435,WAMDUS,大分県,2256,HINATA,大分県,0,,-
10th style,SHOOTING STAR,0,,-,1199,MAIYAN,大分県,1493,BLYTHE,大分県,2278,YAMADA,大分県,0,,-
10th style,Rise'n Beauty,0,,-,1060,PLAN.B,大分県,1578,TOILET,大分県,2172,HINATA,大分県,0,,-
10th style,rainbow rainbow,0,,-,1565,NUMATA,大分県,2136,NANATI,大分県,2726,YAMADA,大分県,0,,-
10th style,pandora,0,,-,803,PLAN.B,大分県,1516,WATER1,大分県,1855,ANDIRA,大分県,0,,-
10th style,One More Lovely,0,,-,833,K,大分県,1655,HINATA,大分県,2856,YAMADA,大分県,0,,-
10th style,No.13,0,,-,1413,SAMMYK,大分県,2650,DO,大分県,3188,YAMADA,大分県,0,,-
10th style,Narcissus At Oasis,0,,-,765,WAMDUS,大分県,1540,U*,大分県,1664,ANDIRA,大分県,0,,-
10th style,Lucy,0,,-,919,KAMO-R,大分県,1719,WAMDUS,大分県,2328,YAMADA,大分県,0,,-
10th style,Love Is Eternity,0,,-,1133,MAIYAN,大分県,1947,4ME4CH,大分県,2415,YAMADA,大分県,0,,-
10th style,Innocent Walls,0,,-,1607,PA-SOU,大分県,2508,YAMADA,大分県,2847,YAMADA,大分県,0,,-
10th style,HIGH,0,,-,850,SAMMYK,大分県,1923,K-JET.,大分県,2167,HINATA,大分県,2868,YAMADA,大分県
10th style,GRADIUS -FULL SPEED-,0,,-,750,HINATA,大分県,992,SAMMYK,大分県,2131,HINATA,大分県,0,,-
10th style,GHOST REVIVAL,0,,-,880,MAIYAN,大分県,1980,BUNTU!,大分県,2595,YAMADA,大分県,0,,-
10th style,Freezing atmosphere,0,,-,726,K,大分県,1141,WAROTA,大分県,1522,HINATA,大分県,0,,-
10th style,FEEL IT,0,,-,934,ANAMEI,大分県,1663,089,大分県,1995,YAMADA,大分県,0,,-
10th style,Feedback,0,,-,926,PLAN.B,大分県,1504,URAMP,大分県,1968,HINATA,大分県,0,,-
10th style,EXE,0,,-,767,KAMO-R,大分県,1650,HINATA,大分県,2252,ANDIRA,大分県,0,,-
10th style,DoLL,349,HINATA,大分県,897,K,大分県,1111,PLAN.B,大分県,1619,NUMATA,大分県,0,,-
10th style,desolation,0,,-,455,KAMO-R,大分県,607,SAMMYK,大分県,770,HINATA,大分県,0,,-
10th style,Debtty Daddy,0,,-,963,SAMMYK,大分県,1816,WATER1,大分県,2726,YAMADA,大分県,0,,-
10th style,Daisuke,466,HINATA,大分県,1169,NGKAWA,大分県,1607,WATER1,大分県,2408,YAMADA,大分県,0,,-
10th style,CARRY ON NIGHT (English version),0,,-,945,LOLWTF,大分県,1255,TI4N0O,大分県,2062,ANDIRA,大分県,0,,-
10th style,Boundary,0,,-,803,BLYTHE,大分県,1846,HINATA,大分県,2058,HINATA,大分県,0,,-
10th style,Back Into The Light,0,,-,1135,LAIR,大分県,1572,NATAKU,大分県,2166,YAMADA,大分県,0,,-
10th style,BABY LOVE,0,,-,1135,LIAR,大分県,1586,NANASY,大分県,2163,HINATA,大分県,0,,-
10th style,ASTRAL VOYAGE,0,,-,923,MURA,大分県,1378,WATER1,大分県,1930,HINA.S,大分県,0,,-
10th style,ALIEN TEMPLE,0,,-,904,K,大分県,1647,MACDO.,大分県,2028,HINATA,大分県,0,,-
10th style,1st Samurai,0,,-,1010,OKOVIC,大分県,1939,WAROTA,大分県,2706,YAMADA,大分県,0,,-
IIDX RED,ＵＬＴｉＭΛＴＥ,0,,-,908,PLAN.B,大分県,1425,LIAR,大分県,2006,HINATA,大分県,0,,-
IIDX RED,太陽～T・A・I・Y・O～,0,,-,821,LUCATL,大分県,1330,NOOB,大分県,1755,HINATA,大分県,0,,-
IIDX RED,大桟橋,0,,-,446,SAMMYK,大分県,1106,TAKA.4,大分県,1869,K-JET.,大分県,0,,-
IIDX RED,ピアノ協奏曲第１番”蠍火”,0,,-,776,SAMMYK,大分県,2166,YAMADA,大分県,2700,K-JET.,大分県,0,,-
IIDX RED,Wonder Bullfighter,0,,-,883,PLAN.B,大分県,1442,MACDO.,大分県,2055,HINATA,大分県,0,,-
IIDX RED,The Hope of Tomorrow,0,,-,946,STAPH.,大分県,1543,URAMP,大分県,1956,YAMADA,大分県,0,,-
IIDX RED,spiral galaxy,0,,-,999,SAMMYK,大分県,2022,4ME4CH,大分県,2592,HINATA,大分県,3786,YAMADA,大分県
IIDX RED,Sphere,0,,-,953,PLAN.B,大分県,1873,KILA**,大分県,2205,HINATA,大分県,0,,-
IIDX RED,SPEEDY CAT,0,,-,1058,K,大分県,1611,WATER1,大分県,2043,HINA.S,大分県,0,,-
IIDX RED,Secret of Love,0,,-,967,PLAN.B,大分県,1381,MAIYAN,大分県,2030,YAMADA,大分県,0,,-
IIDX RED,RESONATE 1794,0,,-,835,FKHR,大分県,1447,KYRIE,大分県,1889,YAMADA,大分県,0,,-
IIDX RED,RED ZONE,178,HINATA,大分県,1082,MAIYAN,大分県,1844,U*,大分県,2348,K-JET.,大分県,3112,K-JET.,大分県
IIDX RED,Raspberry Heart(English version),0,,-,926,R-TYPE,大分県,1517,U*,大分県,1862,YAMADA,大分県,0,,-
IIDX RED,NEBULA GRASPER,0,,-,1234,PLAN.B,大分県,1993,510.*,大分県,2471,HINATA,大分県,0,,-
IIDX RED,KEY,0,,-,1041,YKP*,大分県,1784,LIAR,大分県,2863,HINA.S,大分県,0,,-
IIDX RED,HORIZON,0,,-,1048,LIAR,大分県,1469,LIAR,大分県,1973,ANDIRA,大分県,0,,-
IIDX RED,gigadelic,707,HINATA,大分県,1463,KOKURI,大分県,2198,ANDIRA,大分県,2550,HINATA,大分県,0,,-
IIDX RED,GENOCIDE,0,,-,1070,IZUMI,大分県,2111,KOKURI,大分県,2407,YAMADA,大分県,0,,-
IIDX RED,Fly Away To India,0,,-,635,SAMMYK,大分県,1065,5392,大分県,1415,HINATA,大分県,0,,-
IIDX RED,FAKE TIME,0,,-,1005,3ZUI,大分県,1762,NUMATA,大分県,2375,CXF,大分県,0,,-
IIDX RED,earth scape,0,,-,426,K,大分県,1049,ANDIRA,大分県,1284,HINATA,大分県,0,,-
IIDX RED,Don't be afraid myself,0,,-,1073,MAIYAN,大分県,1782,U*,大分県,2289,ANDIRA,大分県,0,,-
IIDX RED,D.A.N.C.E.!,0,,-,546,K,大分県,827,NASDAQ,大分県,1636,HINATA,大分県,0,,-
IIDX RED,Close my Eyes for Me,0,,-,896,R-TYPE,大分県,1321,V!NT,大分県,1868,HINATA,大分県,0,,-
IIDX RED,Click Again,0,,-,849,PLAN.B,大分県,1398,5392,大分県,2158,HINATA,大分県,0,,-
IIDX RED,BREATH,0,,-,874,LAIR,大分県,1255,5392,大分県,1733,ANDIRA,大分県,0,,-
IIDX RED,BLOCKS,0,,-,748,LAIR,大分県,1276,NANATI,大分県,1991,YAMADA,大分県,0,,-
IIDX RED,Be quiet,0,,-,996,K,大分県,1657,BIN,大分県,2220,YAMADA,大分県,2817,YAMADA,大分県
IIDX RED,awakening,0,,-,957,THEEND,大分県,1423,MACDO.,大分県,1720,ANDIRA,大分県,0,,-
IIDX RED,ANDROMEDA,0,,-,986,LASMIN,大分県,1924,NUMATA,大分県,2877,YAMADA,大分県,0,,-
IIDX RED,AGEHA,607,HINATA,大分県,961,KAME-R,大分県,1643,MAIYAN,大分県,1888,HINATA,大分県,2448,YAMADA,大分県
IIDX RED,AA,0,,-,1231,NANATI,大分県,2743,NUMATA,大分県,3633,YAMADA,大分県,0,,-
HAPPY SKY,月光,0,,-,825,SAMMYK,大分県,1632,NANASY,大分県,2482,YAMADA,大分県,0,,-
HAPPY SKY,合体せよ！ストロングイェーガー！！ (Ryu☆ remix),0,,-,1051,K,大分県,1512,IZUMI,大分県,1934,YAMADA,大分県,0,,-
HAPPY SKY,冥,580,HINATA,大分県,1082,HINATA,大分県,2083,KILA**,大分県,3740,K-JET.,大分県,0,,-
HAPPY SKY,ラクエン,0,,-,638,SAMMYK,大分県,875,PMASO,大分県,2003,NUMATA,大分県,0,,-
HAPPY SKY,ヒマワリ,0,,-,562,YAMADA,大分県,1781,URAMP,大分県,2075,K-JET.,大分県,0,,-
HAPPY SKY,オレはビートマニア！お前は何マニア？,0,,-,737,SAMMYK,大分県,1396,EROICA,大分県,1733,HINATA,大分県,0,,-
HAPPY SKY,Xepher,408,HINATA,大分県,1045,YKP*,大分県,2170,KOKURI,大分県,3015,YAMADA,大分県,0,,-
HAPPY SKY,We are Disっ娘よっつ打ち命,0,,-,631,NGKAWA,大分県,932,5392,大分県,1671,HINATA,大分県,0,,-
HAPPY SKY,Votum stellarum,0,,-,733,K,大分県,1598,U*,大分県,2006,ANDIRA,大分県,0,,-
HAPPY SKY,vault of heaven,0,,-,738,R-TYPE,大分県,1301,-555-,大分県,2014,YAMADA,大分県,0,,-
HAPPY SKY,Under the Sky,0,,-,873,PLAN.B,大分県,1393,089,大分県,1745,ANDIRA,大分県,0,,-
HAPPY SKY,Twelfth Style,0,,-,1128,K,大分県,1439,NANASY,大分県,2046,NUMATA,大分県,3279,YAMADA,大分県
HAPPY SKY,Tizona d'El Cid,0,,-,874,SAMMYK,大分県,1839,5392,大分県,2342,HINATA,大分県,0,,-
HAPPY SKY,SigSig,675,HINATA,大分県,1025,K,大分県,1637,WATER1,大分県,2606,HINATA,大分県,0,,-
HAPPY SKY,Scripted Connection⇒ N mix,0,,-,1243,LAIR,大分県,1490,MAIYAN,大分県,2130,HINA.S,大分県,2466,YAMADA,大分県
HAPPY SKY,Scripted Connection⇒ H mix,0,,-,1454,K,大分県,1949,TOTTY.,大分県,2532,YAMADA,大分県,2899,YAMADA,大分県
HAPPY SKY,Scripted Connection⇒ A mix,0,,-,1591,IZUMI,大分県,2178,KILA**,大分県,3106,YAMADA,大分県,3430,K-JET.,大分県
HAPPY SKY,SCREAM SQUAD,0,,-,1134,IZUMI,大分県,1596,TOTTY.,大分県,2084,ANDIRA,大分県,0,,-
HAPPY SKY,rage against usual,0,,-,1248,IZUMI,大分県,1981,U*,大分県,2967,K-JET.,大分県,0,,-
HAPPY SKY,POODLE,0,,-,898,PLAN.B,大分県,1857,WATER1,大分県,2307,YAMADA,大分県,3392,YAMADA,大分県
HAPPY SKY,Pollinosis,0,,-,738,K,大分県,1084,BLYTHE,大分県,2532,YAMADA,大分県,0,,-
HAPPY SKY,PLASMA,0,,-,914,K,大分県,1610,WAMDUS,大分県,2282,ANDIRA,大分県,0,,-
HAPPY SKY,Pink Rose,0,,-,555,ELIO,大分県,896,K,大分県,1413,NUMATA,大分県,2015,YAMADA,大分県
HAPPY SKY,MOON RACE,0,,-,796,MAIYAN,大分県,1110,5392,大分県,1900,HINATA,大分県,0,,-
HAPPY SKY,Love Magic,0,,-,904,PLAN.B,大分県,1658,URAMP,大分県,1967,HINATA,大分県,0,,-
HAPPY SKY,Little Little Princess,0,,-,1008,PLAN.B,大分県,2132,PUNICO,大分県,2793,HINATA,大分県,3815,K-JET.,大分県
HAPPY SKY,LESSON 5,0,,-,1137,K,大分県,1751,WATER1,大分県,2503,HINATA,大分県,0,,-
HAPPY SKY,INAZUMA,0,,-,1119,YAMADA,大分県,1705,U*,大分県,2723,YAMADA,大分県,4035,YAMADA,大分県
HAPPY SKY,in motion,0,,-,782,SAMMYK,大分県,937,PLAN.B,大分県,1318,ANDIRA,大分県,0,,-
HAPPY SKY,I am,0,,-,1005,PLAN.B,大分県,1700,NANASY,大分県,2175,YAMADA,大分県,0,,-
HAPPY SKY,HAPPY☆ANGEL,659,HINATA,大分県,1000,SAMMYK,大分県,1543,K-JET.,大分県,2103,K-JET.,大分県,0,,-
HAPPY SKY,GREEN EYES,0,,-,984,AGE,大分県,1576,AGE,大分県,2229,YAMADA,大分県,0,,-
HAPPY SKY,Get'em up to R.A.V.E,0,,-,1061,MURA,大分県,1695,WATER1,大分県,2297,YAMADA,大分県,0,,-
HAPPY SKY,garden,0,,-,825,SAMMYK,大分県,1386,Y-CHAN,大分県,2182,YAMADA,大分県,3125,YAMADA,大分県
HAPPY SKY,First Resolution,0,,-,756,MURA,大分県,1556,WATER1,大分県,2152,YAMADA,大分県,0,,-
HAPPY SKY,EMPTY OF THE SKY,0,,-,631,KAMO-R,大分県,1030,WAMDUS,大分県,1683,HINATA,大分県,0,,-
HAPPY SKY,EDEN,0,,-,1298,KILA**,大分県,1875,U*,大分県,2721,TANPA2,大分県,3258,TANPA2,大分県
HAPPY SKY,double thrash,0,,-,922,L,大分県,1949,TOTTY.,大分県,2369,ANDIRA,大分県,0,,-
HAPPY SKY,Catch Me,0,,-,739,MIKE,大分県,1233,10FU86,大分県,1833,HINATA,大分県,0,,-
HAPPY SKY,CaptivAte～浄化～,0,,-,985,NGKAWA,大分県,1785,U*,大分県,2477,YAMADA,大分県,3458,YAMADA,大分県
HAPPY SKY,Aurora,0,,-,1198,KAMO-R,大分県,2126,KOKURI,大分県,2556,YAMADA,大分県,0,,-
HAPPY SKY,alla turca con passione,0,,-,731,KAME-R,大分県,1629,SR6666,大分県,2198,HINATA,大分県,0,,-
HAPPY SKY,Agnus Dei,0,,-,830,K,大分県,1558,URAMP,大分県,2087,YAMADA,大分県,0,,-
HAPPY SKY,100％ minimoo-G,0,,-,843,MURA,大分県,1614,U*,大分県,1751,HINATA,大分県,0,,-
DistorteD,虹色,0,,-,897,Y-CHAN,大分県,1460,BURYUN,大分県,1862,HINATA,大分県,0,,-
DistorteD,華蝶風雪,0,,-,1206,LIAR,大分県,2092,KOKURI,大分県,2987,K-JET.,大分県,4000,K-JET.,大分県
DistorteD,罠,0,,-,534,SAMMYK,大分県,1499,WATER1,大分県,2459,YAMADA,大分県,0,,-
DistorteD,嘆きの樹,0,,-,1794,ANDIRA,大分県,2535,K-JET.,大分県,3895,K-JET.,大分県,0,,-
DistorteD,タシカナモノ,0,,-,888,PLAN.B,大分県,1386,WATER1,大分県,2044,HINATA,大分県,0,,-
DistorteD,カゴノトリ～弐式～,0,,-,1076,DJDOG,大分県,1745,SUICA,大分県,2623,YAMADA,大分県,0,,-
DistorteD,Zenius -I- vanisher,0,,-,950,K,大分県,1575,ANDIRA,大分県,2408,YAMADA,大分県,0,,-
DistorteD,with you…,0,,-,716,KAMO-R,大分県,1122,WATER1,大分県,1781,TANPA2,大分県,0,,-
DistorteD,WISH(EUROBEAT MIX),0,,-,999,LAIR,大分県,1512,IZUMI,大分県,1976,ANDIRA,大分県,0,,-
DistorteD,Why did you go away,642,HINATA,大分県,1030,MURA,大分県,1798,ANDIRA,大分県,2327,YAMADA,大分県,0,,-
DistorteD,waxing and wanding,0,,-,1314,NUMATA,大分県,1982,HINATA,大分県,2899,YAMADA,大分県,3966,YAMADA,大分県
DistorteD,TYPE MARS(G-Style Mix),0,,-,1055,SAMMYK,大分県,1822,U*,大分県,2423,ANDIRA,大分県,0,,-
DistorteD,tripping contact(teranoid&MC Natsack Remix),0,,-,1105,KAME-R,大分県,1825,TOTTY.,大分県,2483,YAMADA,大分県,0,,-
DistorteD,This is Love,0,,-,907,K3M!D6,大分県,1685,MAIYAN,大分県,2485,ANDIRA,大分県,0,,-
DistorteD,The Dirty of Loudness,0,,-,1336,KINAKO,大分県,2211,KOKURI,大分県,2632,HINATA,大分県,0,,-
DistorteD,Sun Field,0,,-,536,SAMMYK,大分県,1465,WATER1,大分県,2458,YAMADA,大分県,0,,-
DistorteD,So Fabulous !!,0,,-,1023,K,大分県,1504,NANASY,大分県,2360,ANDIRA,大分県,0,,-
DistorteD,Power of Love,0,,-,888,MURA,大分県,1527,GNS*NG,大分県,2146,HINATA,大分県,0,,-
DistorteD,MOON,0,,-,792,ELIO,大分県,2033,U*,大分県,2224,ANDIRA,大分県,0,,-
DistorteD,MINT,0,,-,961,PUNICO,大分県,1708,U*,大分県,2310,YAMADA,大分県,0,,-
DistorteD,Melody Life,0,,-,417,PNYAN,大分県,1086,PLAN.B,大分県,1859,HINATA,大分県,0,,-
DistorteD,Leaving...,0,,-,594,KAMO-R,大分県,1285,BLYTHE,大分県,2211,HINATA,大分県,0,,-
DistorteD,INFERNO,0,,-,981,KAME-R,大分県,1558,WATER1,大分県,2004,HINATA,大分県,0,,-
DistorteD,Heavenly Sun (IIDX VERSION),0,,-,767,SAMMYK,大分県,1551,WATER1,大分県,2117,ANDIRA,大分県,0,,-
DistorteD,Harmony and Lovely,0,,-,875,NTAK-L,大分県,1701,WATER1,大分県,2242,YAMADA,大分県,0,,-
DistorteD,Ganymede,0,,-,1071,K1-,大分県,1624,KILA**,大分県,2327,ANDIRA,大分県,2598,YAMADA,大分県
DistorteD,EURO-ROMANCE,0,,-,952,MAIYAN,大分県,1775,WAMDUS,大分県,2108,YAMADA,大分県,0,,-
DistorteD,DUE TOMORROW,0,,-,885,AGE,大分県,1504,HINATA,大分県,2041,K-JET.,大分県,0,,-
DistorteD,Double Loving Heart,0,,-,548,KAMO-R,大分県,1311,WAMDUS,大分県,1816,HINATA,大分県,0,,-
DistorteD,D.C.fish,0,,-,921,PLAN.B,大分県,1872,U*,大分県,2344,ANDIRA,大分県,0,,-
DistorteD,CONTRACT,0,,-,1270,4ME4CH,大分県,1625,KYRIE,大分県,2102,YAMADA,大分県,2775,K-JET.,大分県
DistorteD,Concertino in Blue,387,HINATA,大分県,779,MAIYAN,大分県,1678,NUMATA,大分県,2545,YAMADA,大分県,0,,-
DistorteD,Broadbanded,0,,-,831,SAMMYK,大分県,1281,NGKAWA,大分県,2032,YAMADA,大分県,0,,-
DistorteD,BOOM BOOM DISCO NIGHT,0,,-,943,PLAN.B,大分県,1716,LIAR,大分県,2291,YAMADA,大分県,0,,-
DistorteD,Bloody Tears(IIDX EDITION),0,,-,1022,KAME-R,大分県,1930,U*,大分県,2179,HINATA,大分県,0,,-
DistorteD,BALLAD THE FEATHERS,0,,-,693,PLAN.B,大分県,1053,NANASY,大分県,1520,HINATA,大分県,0,,-
DistorteD,Apocalypse ～dirge of swans～,242,HINATA,大分県,902,9683-G,大分県,1655,URAMP,大分県,2411,HINATA,大分県,0,,-
DistorteD,ALFARSHEAR 双神威に廻る夢,441,HINATA,大分県,1029,SAMMYK,大分県,1635,KILA**,大分県,2092,HINATA,大分県,0,,-
GOLD,電人、暁に斃れる。,670,HINATA,大分県,1462,LIAR,大分県,2293,4ME4CH,大分県,3418,YAMADA,大分県,0,,-
GOLD,零 - ZERO -,220,HINATA,大分県,1096,SUICA,大分県,1719,PUNICO,大分県,2313,HINATA,大分県,0,,-
GOLD,花吹雪 ～ IIDX LIMITED ～,0,,-,723,KUMATA,大分県,1117,115TAL,大分県,1435,ANDIRA,大分県,0,,-
GOLD,星をこの手に,0,,-,1049,KAMO-R,大分県,1704,U*,大分県,2185,ANDIRA,大分県,0,,-
GOLD,リグレット,0,,-,1209,PLAN.B,大分県,1767,YAMADA,大分県,2439,HINA.S,大分県,0,,-
GOLD,ヨシダさん,0,,-,919,LIAR,大分県,1420,NANASY,大分県,1974,YAMADA,大分県,0,,-
GOLD,クルクル☆ラブ～Opioid Peptide MIX～,430,AGE,大分県,900,THEEND,大分県,1452,LIAR,大分県,2270,HINA.S,大分県,0,,-
GOLD,With your Smile,0,,-,726,SAGE,大分県,1175,WATER1,大分県,1576,HINATA,大分県,0,,-
GOLD,Watch out!!,0,,-,716,LIAR,大分県,955,MAIYAN,大分県,1638,HINATA,大分県,0,,-
GOLD,VANESSA,0,,-,1061,801,大分県,1856,YAMADA,大分県,2431,YAMADA,大分県,3417,YAMADA,大分県
GOLD,TRANOID,0,,-,751,MURA,大分県,1666,U*,大分県,2245,HINATA,大分県,3011,NUMATA,大分県
GOLD,The Smile of You,0,,-,939,WAMDUS,大分県,1297,5392,大分県,1630,ANDIRA,大分県,0,,-
GOLD,the shadow,0,,-,1058,PLAN.B,大分県,1942,WAMDUS,大分県,2928,YAMADA,大分県,0,,-
GOLD,snow storm,236,HINATA,大分県,763,9683-G,大分県,2139,WATER1,大分県,2801,ANDIRA,大分県,3394,K-JET.,大分県
GOLD,smile,0,,-,1406,ELIO,大分県,2089,PUNICO,大分県,2911,YAMADA,大分県,0,,-
GOLD,Sense 2007,0,,-,1456,K4R1N.,大分県,2300,YAMADA,大分県,2988,YAMADA,大分県,0,,-
GOLD,Second Heaven,222,HINATA,大分県,885,SUICA,大分県,1484,LIAR,大分県,2121,YAMADA,大分県,0,,-
GOLD,Roulette,0,,-,777,PLAN.B,大分県,1338,NANASY,大分県,2130,ANDIRA,大分県,0,,-
GOLD,PHOTONGENIC,0,,-,1155,YA5CH,大分県,1900,K4R1N.,大分県,2317,NUMATA,大分県,0,,-
GOLD,op.31 叙情,0,,-,569,HINATA,大分県,1292,K-JET.,大分県,1592,HINATA,大分県,0,,-
GOLD,never…,0,,-,768,SAMMYK,大分県,1222,PLAN.B,大分県,1827,TANPA2,大分県,0,,-
GOLD,METALLIC MIND,0,,-,782,K,大分県,1347,5392,大分県,1641,HINATA,大分県,0,,-
GOLD,Make Me Your Own,0,,-,834,LIAR,大分県,1556,ANAMEI,大分県,2158,HINATA,大分県,0,,-
GOLD,Love Again...,0,,-,540,ELIO,大分県,741,Y-CHAN,大分県,1076,HINATA,大分県,0,,-
GOLD,LASER CRUSTER,0,,-,1328,Y-CHAN,大分県,2472,YAMADA,大分県,3241,YAMADA,大分県,0,,-
GOLD,KAMAITACHI,0,,-,1173,SAMMYK,大分県,1917,U*,大分県,2724,YAMADA,大分県,3885,K-JET.,大分県
GOLD,INORI,0,,-,1347,KILA**,大分県,2525,4ME4CH,大分県,3207,YAMADA,大分県,0,,-
GOLD,High School Love,405,HINATA,大分県,814,K,大分県,1487,LIAR,大分県,2210,HINATA,大分県,0,,-
GOLD,heaven above,0,,-,788,NGKAWA,大分県,1302,LAIR,大分県,1855,HINATA,大分県,0,,-
GOLD,GRID KNIGHT,0,,-,761,PLAN.B,大分県,1776,DJDOG,大分県,2648,YAMADA,大分県,3476,YAMADA,大分県
GOLD,GOLD RUSH,563,HINATA,大分県,1118,IIDX28,大分県,1398,KILA**,大分県,2380,YAMADA,大分県,0,,-
GOLD,four-leaf,0,,-,731,KAMO-R,大分県,1190,NANASY,大分県,1724,ANDIRA,大分県,0,,-
GOLD,FIRE FIRE,569,HINATA,大分県,1175,ZEDD,大分県,1786,KOKURI,大分県,2777,YAMADA,大分県,0,,-
GOLD,Fascination MAXX,0,,-,945,YAMADA,大分県,1676,CXF,大分県,2514,CXF,大分県,0,,-
GOLD,Cyber Force,0,,-,1162,PLAN.B,大分県,1835,FIES,大分県,2387,NUMATA,大分県,0,,-
GOLD,CROSSROAD ～Left Story～,0,,-,1055,K,大分県,1725,WATER1,大分県,2194,YAMADA,大分県,0,,-
GOLD,CaptivAte～誓い～,0,,-,1124,KAME-R,大分県,1878,IZUMI,大分県,2251,YAMADA,大分県,0,,-
GOLD,CaptivAte～裁き～,424,HINATA,大分県,756,PLAN.B,大分県,1316,ANDIRA,大分県,1786,ANDIRA,大分県,0,,-
GOLD,Candy Galy,0,,-,1440,PE6RI7,大分県,2553,KOKURI,大分県,3557,YAMADA,大分県,0,,-
GOLD,"Blind Justice ～Torn souls, Hurt Faiths ～",0,,-,1250,PE6RI7,大分県,1981,HINATA,大分県,2485,YAMADA,大分県,0,,-
GOLD,ANDROMEDA II,0,,-,934,MAIYAN,大分県,1739,LAIR,大分県,2487,NUMATA,大分県,0,,-
GOLD,Air Bell,0,,-,911,SAMMYK,大分県,1315,WAMDUS,大分県,1730,ANDIRA,大分県,0,,-
DJ TROOPERS,走馬灯 -The Last Song-,0,,-,492,KAMO-R,大分県,861,PLAN.B,大分県,1340,HINATA,大分県,0,,-
DJ TROOPERS,華爛漫 -Flowers-,334,HINATA,大分県,955,J,大分県,1554,U*,大分県,2055,ANDIRA,大分県,3179,YAMADA,大分県
DJ TROOPERS,少年A,0,,-,1220,PEEP,大分県,2053,U*,大分県,2833,YAMADA,大分県,0,,-
DJ TROOPERS,ミラージュ・レジデンス,0,,-,1041,K,大分県,1952,FE,大分県,2661,ANDIRA,大分県,3288,CXF,大分県
DJ TROOPERS,マチ子の唄,0,,-,823,WAMDUS,大分県,1310,WAMDUS,大分県,1800,HINATA,大分県,0,,-
DJ TROOPERS,エコ爺,347,HINATA,大分県,770,PLAN.B,大分県,1323,SOKI,大分県,1844,ANDIRA,大分県,0,,-
DJ TROOPERS,Wanna Party?,0,,-,749,K-JET.,大分県,1160,WAMDUS,大分県,1523,ANDIRA,大分県,2599,ANDIRA,大分県
DJ TROOPERS,Ubertreffen,0,,-,1040,PLAN.B,大分県,1952,KOKURI,大分県,2546,YAMADA,大分県,3276,YAMADA,大分県
DJ TROOPERS,TROOPERS,0,,-,1221,TOILET,大分県,2268,NATAKU,大分県,2964,K-JET.,大分県,0,,-
DJ TROOPERS,TRIP MACHINE PhoeniX,0,,-,692,AGE,大分県,1648,HINATA,大分県,1838,YAMADA,大分県,0,,-
DJ TROOPERS,Time to Air,0,,-,1193,Y-CHAN,大分県,2066,KOKURI,大分県,2896,K-JET.,大分県,3676,K-JET.,大分県
DJ TROOPERS,the trigger of innocence,0,,-,822,MURA,大分県,1177,LIAR,大分県,1847,HINATA,大分県,3114,YAMADA,大分県
DJ TROOPERS,THE DEEP STRIKER,547,HINATA,大分県,976,MURA,大分県,2103,S,大分県,3021,HINA.S,大分県,3520,YAMADA,大分県
DJ TROOPERS,switch,0,,-,753,MURA,大分県,1393,URAMP,大分県,2123,YAMADA,大分県,0,,-
DJ TROOPERS,STEEL NEEDLE,0,,-,1035,PLAN.B,大分県,2097,KILA**,大分県,2493,HINATA,大分県,3331,K-JET.,大分県
DJ TROOPERS,State Of The Art,0,,-,1018,GNS*NG,大分県,1529,AGE,大分県,3130,YAMADA,大分県,0,,-
DJ TROOPERS,SOUND OF GIALLARHORN,506,HINATA,大分県,1292,IZUMI,大分県,2639,KILA**,大分県,3302,YAMADA,大分県,0,,-
DJ TROOPERS,soldier's waltz,0,,-,825,HINATA,大分県,1610,HINATA,大分県,2507,HINATA,大分県,0,,-
DJ TROOPERS,scar in the earth,0,,-,598,KAMO-R,大分県,1092,WATER1,大分県,1528,HINATA,大分県,0,,-
DJ TROOPERS,satfinal,0,,-,1025,Y-CHAN,大分県,1386,WAMDUS,大分県,1922,ANDIRA,大分県,0,,-
DJ TROOPERS,"satellite020712 from ""CODED ARMS""",0,,-,1124,K,大分県,1752,NGKAWA,大分県,2544,HINATA,大分県,0,,-
DJ TROOPERS,Ristaccia,0,,-,1066,KAMO-R,大分県,1907,4ME4CH,大分県,2758,K-JET.,大分県,0,,-
DJ TROOPERS,Rising in the Sun(original mix),0,,-,951,HINATA,大分県,1702,HINATA,大分県,2371,CXF,大分県,0,,-
DJ TROOPERS,REMINISCENCE,0,,-,1170,KAME-R,大分県,1791,IZUMI,大分県,2359,YAMADA,大分県,0,,-
DJ TROOPERS,PROMISE FOR LIFE,0,,-,574,SAMMYK,大分県,1426,YA5CH,大分県,1750,ANDIRA,大分県,0,,-
DJ TROOPERS,PARANOiA ～HADES～,0,,-,1042,NANATI,大分県,1849,K-JET.,大分県,2728,YAMADA,大分県,0,,-
DJ TROOPERS,oratio,0,,-,1391,MAIYAN,大分県,2056,KOKURI,大分県,2965,YAMADA,大分県,0,,-
DJ TROOPERS,NEW GENERATION -もう、お前しか見えない-,0,,-,952,PLAN.B,大分県,1796,LOLWTF,大分県,2631,NUMATA,大分県,3701,K-JET.,大分県
DJ TROOPERS,MENTAL MELTDOWN,0,,-,1143,LAIR,大分県,2158,4ME4CH,大分県,2819,YAMADA,大分県,0,,-
DJ TROOPERS,MENDES,0,,-,1081,K,大分県,2657,HINATA,大分県,3598,K-JET.,大分県,0,,-
DJ TROOPERS,MAX LOVE,0,,-,1373,OOGI,大分県,2192,HINATA,大分県,2685,HINATA,大分県,0,,-
DJ TROOPERS,madrugada,0,,-,644,KAMO-R,大分県,1187,AGE,大分県,1868,HINATA,大分県,0,,-
DJ TROOPERS,LOVELY STORM,0,,-,1200,SAMMYK,大分県,2137,U*,大分県,2847,ANDIRA,大分県,0,,-
DJ TROOPERS,Kick Out 仮面,0,,-,1096,KAME-R,大分県,1551,NANASY,大分県,2042,HINATA,大分県,0,,-
DJ TROOPERS,in the Sky,0,,-,1342,LIAR,大分県,2139,K-JET.,大分県,2546,HINA.S,大分県,0,,-
DJ TROOPERS,ICARUS,0,,-,1310,MACDO.,大分県,1988,KILA**,大分県,2485,HINATA,大分県,3701,YAMADA,大分県
DJ TROOPERS,Freeway Shuffle,346,HINATA,大分県,742,SAMMYK,大分県,1117,PLAN.B,大分県,1883,HINATA,大分県,0,,-
DJ TROOPERS,four pieces of heaven,0,,-,865,SAMMYK,大分県,1714,K1-,大分県,2368,K-JET.,大分県,2926,NUMATA,大分県
DJ TROOPERS,evergreen,0,,-,879,THEEND,大分県,1199,RIRCHU,大分県,1932,HINATA,大分県,0,,-
DJ TROOPERS,end of world,0,,-,937,KAMO-R,大分県,1688,U*,大分県,2517,HINA.S,大分県,0,,-
DJ TROOPERS,Do it!! Do it!!,0,,-,1026,K4R1N.,大分県,1455,PA-SOU,大分県,1935,ANDIRA,大分県,0,,-
DJ TROOPERS,Digitank System,0,,-,873,SAMMYK,大分県,1556,ANDIRA,大分県,2156,YAMADA,大分県,0,,-
DJ TROOPERS,Dazzlin' Darlin,343,HINATA,大分県,867,LOLWTF,大分県,1396,WATER1,大分県,2230,YAMADA,大分県,0,,-
DJ TROOPERS,Darling my LUV,0,,-,643,KAMO-R,大分県,910,RIRCHU,大分県,1387,HINATA,大分県,0,,-
DJ TROOPERS,Blue Rain,347,HINATA,大分県,926,R-TYPE,大分県,1598,ABE8,大分県,2280,HINATA,大分県,3353,YAMADA,大分県
DJ TROOPERS,beatonic nation,0,,-,1199,PLAN.B,大分県,1781,LIAR,大分県,2178,HINA.S,大分県,0,,-
DJ TROOPERS,Be OK,0,,-,887,K,大分県,1684,LIAR,大分県,2425,HINATA,大分県,3328,YAMADA,大分県
DJ TROOPERS,avant-guerre,0,,-,673,SAMMYK,大分県,1128,PLAN.B,大分県,1944,HINATA,大分県,0,,-
DJ TROOPERS,"Anisakis -somatic mutation type""Forza""-",0,,-,1176,PE6RI7,大分県,2105,U*,大分県,2862,ANDIRA,大分県,3858,K-JET.,大分県
DJ TROOPERS,2 tribe 4 K,0,,-,809,K,大分県,1307,WAMDUS,大分県,2772,YAMADA,大分県,0,,-
EMPRESS,鉄甲乙女-under the steel-,0,,-,887,KAMO-R,大分県,1480,MURA,大分県,2191,HINATA,大分県,0,,-
EMPRESS,翼,0,,-,881,NGKAWA,大分県,1505,NANASY,大分県,1974,YAMADA,大分県,2511,YAMADA,大分県
EMPRESS,山岡晃の「クイズ！家事都合！」,0,,-,628,PLAN.B,大分県,1326,NANASY,大分県,2064,YAMADA,大分県,0,,-
EMPRESS,天空脳番長危機十六連打,0,,-,935,K,大分県,2184,KOKURI,大分県,2600,YAMADA,大分県,0,,-
EMPRESS,卑弥呼,0,,-,1128,LOLWTF,大分県,2735,HINATA,大分県,4043,K-JET.,大分県,0,,-
EMPRESS,凛として咲く花の如く,395,HINATA,大分県,1300,MARO,大分県,2111,KILA**,大分県,2791,YAMADA,大分県,3181,YAMADA,大分県
EMPRESS,不沈艦CANDY,610,HINATA,大分県,1093,KAMO-R,大分県,1898,NANATI,大分県,3321,K-JET.,大分県,0,,-
EMPRESS,ミッドナイト堕天使,0,,-,903,K,大分県,1573,WAMDUS,大分県,2788,YAMADA,大分県,0,,-
EMPRESS,ハリツヤランデヴー,0,,-,962,ANDIRA,大分県,2123,KOKURI,大分県,2491,TANPA2,大分県,0,,-
EMPRESS,まほろば,0,,-,736,K,大分県,1374,5392,大分県,2059,HINATA,大分県,0,,-
EMPRESS,"You'll say ""Now!""",0,,-,1151,NGKAWA,大分県,1740,TOTTY.,大分県,2525,NUMATA,大分県,0,,-
EMPRESS,Y&Co. is dead or alive,0,,-,1108,HINATA,大分県,1752,AGE,大分県,2795,YAMADA,大分県,0,,-
EMPRESS,V2,792,HINATA,大分県,1449,TOILET,大分県,3178,ANDIRA,大分県,3571,YAMADA,大分県,0,,-
EMPRESS,Turii ～Panta rhei～,368,HINATA,大分県,881,NASDAQ,大分県,2001,KILA**,大分県,2684,HINATA,大分県,0,,-
EMPRESS,THANK YOU FOR PLAYING,0,,-,779,K,大分県,1603,U*,大分県,2150,K-JET.,大分県,3007,K-JET.,大分県
EMPRESS,SOLITON BEAM,0,,-,1262,K,大分県,1983,4ME4CH,大分県,2355,NUMATA,大分県,0,,-
EMPRESS,smooooch・∀・,398,HINATA,大分県,806,SHIND-,大分県,1628,WATER1,大分県,2165,ANDIRA,大分県,2817,YAMADA,大分県
EMPRESS,Secrets,0,,-,1229,MAIYAN,大分県,2335,U*,大分県,3168,YAMADA,大分県,4163,YAMADA,大分県
EMPRESS,Queen's Tragedy,0,,-,784,KAMO-R,大分県,1602,NANASY,大分県,2249,HINATA,大分県,0,,-
EMPRESS,Punch Love 仮面,0,,-,1035,MURA,大分県,1709,NUMATA,大分県,2520,ANDIRA,大分県,3230,NUMATA,大分県
EMPRESS,Programmed World,0,,-,869,R-TYPE,大分県,1692,LAIR,大分県,2314,YAMADA,大分県,0,,-
EMPRESS,NΦ CRIME,294,HINATA,大分県,809,KILA**,大分県,1410,WATER1,大分県,1900,HINATA,大分県,2418,YAMADA,大分県
EMPRESS,neogenesis,0,,-,941,SAMMYK,大分県,1318,NANASY,大分県,1721,ANDIRA,大分県,2342,YAMADA,大分県
EMPRESS,naughty girl@Queen's Palace,0,,-,809,CRIZ,大分県,1676,NUMATA,大分県,2138,YAMADA,大分県,2683,YAMADA,大分県
EMPRESS,Monkey Dance '09,0,,-,810,KAMO-R,大分県,1628,NOOB,大分県,2275,ANDIRA,大分県,0,,-
EMPRESS,Mind Mapping,521,HINATA,大分県,818,PLAN.B,大分県,1209,WAMDUS,大分県,1839,HINATA,大分県,2258,HINATA,大分県
EMPRESS,Kung-fu Empire,0,,-,1368,KAME-R,大分県,2586,KOKURI,大分県,3288,YAMADA,大分県,3929,K-JET.,大分県
EMPRESS,Just a Little Smile,0,,-,754,K,大分県,1350,YAMADA,大分県,2496,YAMADA,大分県,0,,-
EMPRESS,Jack,0,,-,867,K,大分県,1316,PLAN.B,大分県,2166,HINATA,大分県,0,,-
EMPRESS,I'm Screaming LOVE,0,,-,569,KAMO-R,大分県,1323,KUMATA,大分県,1700,HINATA,大分県,0,,-
EMPRESS,HYPERION,0,,-,964,THEEND,大分県,1911,DOKSEN,大分県,2755,YAMADA,大分県,0,,-
EMPRESS,Go Beyond!!,550,HINATA,大分県,1006,KAMO-R,大分県,1670,KILA**,大分県,2221,NUMATA,大分県,0,,-
EMPRESS,Fly Above,0,,-,915,J,大分県,1612,WATER1,大分県,2032,ANDIRA,大分県,0,,-
EMPRESS,Flash Back 90's,0,,-,912,Y-6,大分県,1722,LIAR,大分県,2343,HINATA,大分県,2912,NUMATA,大分県
EMPRESS,Cyber Force -DJ Yoshitaka Remix- ,0,,-,955,KAME-R,大分県,1719,URAMP,大分県,2538,ANDIRA,大分県,0,,-
EMPRESS,Colorful Cookie,675,HINATA,大分県,1101,K,大分県,2250,U*,大分県,3503,K-JET.,大分県,0,,-
EMPRESS,CaptivAte2～覚醒～,246,HINATA,大分県,979,TOMO,大分県,1612,URAMP,大分県,2424,YAMADA,大分県,0,,-
EMPRESS,BRIDAL FESTIVAL !!!,0,,-,883,KAMO-R,大分県,1514,ANDIRA,大分県,2142,HINA.S,大分県,0,,-
EMPRESS,BITTER CHOCOLATE STRIKER,0,,-,969,THEEND,大分県,2212,CXF,大分県,3934,K-JET.,大分県,0,,-
EMPRESS,Bahram Attack-猫叉Master Remix-,0,,-,1001,MURA,大分県,1963,TOILET,大分県,2626,YAMADA,大分県,3269,YAMADA,大分県
EMPRESS,B4U(BEMANI FOR YOU MIX),0,,-,1123,ASHIYU,大分県,2247,U*,大分県,3582,YAMADA,大分県,4621,K-JET.,大分県
EMPRESS,Arabian Rave Night,0,,-,1179,R-TYPE,大分県,2263,KOKURI,大分県,2941,HINATA,大分県,3685,K-JET.,大分県
EMPRESS,ALL MY TURN -このターンに、オレの全てを賭ける-,0,,-,917,RNPRSD,大分県,1727,U*,大分県,2597,HINATA,大分県,0,,-
EMPRESS,ALL I NEED YOUR LOVE,0,,-,1014,MURA,大分県,1549,MAIYAN,大分県,2143,ANDIRA,大分県,0,,-
EMPRESS,3y3s,555,KENDES,大分県,1400,MAIYAN,大分県,2446,KILA**,大分県,3586,K-JET.,大分県,0,,-
SIRIUS,"水上の提督(Short mix from ""幻想水滸伝V"")",0,,-,641,KAMO-R,大分県,1550,MAIYAN,大分県,2098,HINA.S,大分県,0,,-
SIRIUS,未来のプリズム,0,,-,662,K,大分県,1222,PLAN.B,大分県,1779,HINATA,大分県,0,,-
SIRIUS,ワルツ第17番 ト短調”大犬のワルツ”,0,,-,1297,HINATA,大分県,2296,ENNUI,大分県,3224,K-JET.,大分県,0,,-
SIRIUS,バビロニア,0,,-,791,PLAN.B,大分県,1329,WATER1,大分県,1875,ANDIRA,大分県,0,,-
SIRIUS,サヨナラ・ヘヴン,380,HINATA,大分県,863,K,大分県,1295,SAMMYK,大分県,1691,HINATA,大分県,0,,-
SIRIUS,コスモス,0,,-,900,WAMDUS,大分県,1491,WAMDUS,大分県,2095,ANDIRA,大分県,0,,-
SIRIUS,たからもの,0,,-,1201,PLAN.B,大分県,1880,HINATA,大分県,2244,ANDIRA,大分県,3558,HINATA,大分県
SIRIUS,かずあそび,0,,-,504,K,大分県,1169,SOKI,大分県,1700,ANDIRA,大分県,0,,-
SIRIUS,The Story Begins,0,,-,743,KAMO-R,大分県,1714,IZUMI,大分県,2445,HINATA,大分県,0,,-
SIRIUS,THE LAST STRIKER,0,,-,1339,KAMO-R,大分県,1738,IIDX29,大分県,2631,HINATA,大分県,0,,-
SIRIUS,Special One,0,,-,807,K,大分県,1046,ASHIYU,大分県,1782,ANDIRA,大分県,0,,-
SIRIUS,Sorrows,0,,-,772,PLAN.B,大分県,1621,NANASY,大分県,2479,YAMADA,大分県,0,,-
SIRIUS,SOLID STATE SQUAD,0,,-,969,ELIO,大分県,2287,KOKURI,大分県,3603,YAMADA,大分県,3660,YAMADA,大分県
SIRIUS,She is my wife,431,HINATA,大分県,629,PLAN.B,大分県,1399,URAMP,大分県,1983,ANDIRA,大分県,0,,-
SIRIUS,Session 1 -Genesis-,0,,-,808,PLAN.B,大分県,1450,URAMP,大分県,2458,YAMADA,大分県,0,,-
SIRIUS,Roots of my way!,0,,-,807,KAMO-R,大分県,1301,NANASY,大分県,2047,HINA.S,大分県,0,,-
SIRIUS,Red. by Full Metal Jacket,0,,-,946,SAMMYK,大分県,2045,NUMATA,大分県,3177,YAMADA,大分県,0,,-
SIRIUS,Raison d'etre～交差する宿命～,0,,-,1034,PLAN.B,大分県,2216,10FU86,大分県,2755,YAMADA,大分県,0,,-
SIRIUS,quell～the seventh slave～,0,,-,945,DJDOG,大分県,1644,LAIR,大分県,3193,K-JET.,大分県,0,,-
SIRIUS,Programmed Sun,0,,-,994,UES,大分県,1764,U*,大分県,2594,YAMADA,大分県,0,,-
SIRIUS,NoN-Fiction Story!,0,,-,693,KAMO-R,大分県,1364,5392,大分県,2216,K-JET.,大分県,0,,-
SIRIUS,NEW SENSATION -もう、あなたしか見えない-,0,,-,1203,PLAN.B,大分県,2042,K-JET.,大分県,2683,YAMADA,大分県,0,,-
SIRIUS,mosaic,0,,-,1466,NATAKU,大分県,2041,U*,大分県,3017,YAMADA,大分県,0,,-
SIRIUS,MIRACLE MEETS,0,,-,874,K,大分県,1546,CHOCOA,大分県,2245,HINATA,大分県,0,,-
SIRIUS,Light Shine,0,,-,749,R-TYPE,大分県,1105,LIAR,大分県,1964,HINATA,大分県,0,,-
SIRIUS,Last Burning,0,,-,811,DAW1N,大分県,1596,WAMDUS,大分県,2385,ANDIRA,大分県,0,,-
SIRIUS,Keep it-秋葉工房mix-,0,,-,979,PLAN.B,大分県,1588,MAIYAN,大分県,1881,HINA.S,大分県,0,,-
SIRIUS,IN THE NAME OF LOVE,545,HINATA,大分県,658,R-TYPE,大分県,1262,J,大分県,1942,ANDIRA,大分県,0,,-
SIRIUS,Hydrogen Blueback,0,,-,942,KAME-R,大分県,1654,KILA**,大分県,2326,HINATA,大分県,2414,HINATA,大分県
SIRIUS,GOLDEN CROSS,0,,-,1020,K,大分県,1991,U*,大分県,3504,YAMADA,大分県,0,,-
SIRIUS,GALGALIM,0,,-,1281,BONA,大分県,1998,KOKURI,大分県,2397,YAMADA,大分県,0,,-
SIRIUS,G59,0,,-,1660,Y-CHAN,大分県,2245,U*,大分県,3912,CXF,大分県,0,,-
SIRIUS,EXUSIA,0,,-,1215,LIAR,大分県,2665,KORONE,大分県,3876,YAMADA,大分県,0,,-
SIRIUS,Evans,608,HINATA,大分県,1224,LOLWTF,大分県,2214,YAMADA,大分県,2844,YAMADA,大分県,0,,-
SIRIUS,eRAseRmOToRpHAntOM,0,,-,1415,MURA,大分県,2447,NANATI,大分県,3316,HINATA,大分県,0,,-
SIRIUS,Empire State Glory,0,,-,1098,LAIR,大分県,1821,MACDO.,大分県,2645,YAMADA,大分県,0,,-
SIRIUS,Elisha,432,HINATA,大分県,806,STAPH.,大分県,1427,PUNICO,大分県,2281,ENNUI,大分県,0,,-
SIRIUS,DROP,0,,-,809,SAMMYK,大分県,2103,CHOCOA,大分県,2642,YAMADA,大分県,0,,-
SIRIUS,DOMINION,0,,-,1253,TOILET,大分県,2278,MIKOTO,大分県,3228,YAMADA,大分県,0,,-
SIRIUS,DESIRE,0,,-,839,KAME-R,大分県,1709,3BM,大分県,2862,HINATA,大分県,0,,-
SIRIUS,Dazzlin' Darlin-秋葉工房mix-,0,,-,768,K,大分県,1423,LIAR,大分県,2102,HINATA,大分県,0,,-
SIRIUS,DAWN -THE NEXT ENDEAVOUR-,0,,-,1617,IZUMI,大分県,2622,U*,大分県,3132,YAMADA,大分県,0,,-
SIRIUS,D,0,,-,1325,URAMP,大分県,1800,U*,大分県,2568,HINATA,大分県,0,,-
SIRIUS,CaptivAte～裁き～(SUBLIME TECHNO MIX),0,,-,964,TYABO,大分県,1550,MAIYAN,大分県,2452,HINA.S,大分県,0,,-
SIRIUS,bloomin' feeling,394,HINATA,大分県,1284,ANDIRA,大分県,1956,YAMADA,大分県,2616,K-JET.,大分県,0,,-
SIRIUS,being torn the sky,0,,-,614,KAMO-R,大分県,1182,URAMP,大分県,1991,K-JET.,大分県,0,,-
SIRIUS,BEAUTIFUL ANGEL,0,,-,594,KAMO-R,大分県,1625,BLYTHE,大分県,2488,HINATA,大分県,0,,-
SIRIUS,beatchic☆仮面～好き、でいさせて～,0,,-,965,K,大分県,1594,NANASY,大分県,2028,ANDIRA,大分県,0,,-
SIRIUS,bass 2 bass,282,HINATA,大分県,682,KAMO-R,大分県,1263,ANAMEI,大分県,1914,HINATA,大分県,0,,-
SIRIUS,Bad Maniacs,0,,-,1157,KAME-R,大分県,1814,U*,大分県,3245,YAMADA,大分県,0,,-
SIRIUS,Almagest,0,,-,991,YKP*,大分県,2232,HINATA,大分県,3143,K-JET.,大分県,0,,-
SIRIUS,AIR RAID FROM THA UNDAGROUND,550,HINATA,大分県,1076,R-TYPE,大分県,1740,WATTMA,大分県,2354,YAMADA,大分県,3006,NUMATA,大分県
Resort Anthem,黒髪乱れし修羅となりて,0,,-,752,SAMMYK,大分県,1999,KILA**,大分県,3462,YAMADA,大分県,0,,-
Resort Anthem,灼熱Beach Side Bunny,587,HINATA,大分県,1043,SAMMYK,大分県,1980,HINATA,大分県,3153,YAMADA,大分県,0,,-
Resort Anthem,旅人リラン,0,,-,1067,R-TYPE,大分県,1889,4ME4CH,大分県,2651,YAMADA,大分県,0,,-
Resort Anthem,夕焼け ～Fading Day～,0,,-,956,U*,大分県,1990,U*,大分県,2819,YAMADA,大分県,0,,-
Resort Anthem,中華急行,0,,-,319,HAIDO,大分県,1491,NANASY,大分県,2329,ANDIRA,大分県,0,,-
Resort Anthem,かげぬい ～ Ver.BENIBOTAN ～,531,HINATA,大分県,819,MURA,大分県,1330,WATER1,大分県,1939,HINATA,大分県,0,,-
Resort Anthem,おおきなこえで,0,,-,427,MURA,大分県,957,NANASY,大分県,1501,HINATA,大分県,2165,ANDIRA,大分県
Resort Anthem,ZETA～素数の世界と超越者～,321,HINATA,大分県,571,MAIYAN,大分県,2181,YAMADA,大分県,3123,YAMADA,大分県,0,,-
Resort Anthem,XANADU OF TWO,0,,-,937,K,大分県,1673,IZUMI,大分県,2759,YAMADA,大分県,0,,-
Resort Anthem,Wuv U,0,,-,398,K,大分県,1301,WATER1,大分県,1715,HINATA,大分県,0,,-
Resort Anthem,WISE UP!,345,HINATA,大分県,474,NGKAWA,大分県,1169,MACDO.,大分県,1603,HINATA,大分県,2620,HINATA,大分県
Resort Anthem,Watch Out Pt.2,0,,-,998,PLAN.B,大分県,1950,KILA**,大分県,2903,YAMADA,大分県,0,,-
Resort Anthem,Vermillion,0,,-,496,KAME-R,大分県,1088,NGKAWA,大分県,2067,HINATA,大分県,0,,-
Resort Anthem,Tropical April,0,,-,1505,SAMMYK,大分県,2240,U*,大分県,2763,K-JET.,大分県,0,,-
Resort Anthem,THE FALLEN,0,,-,837,MURA,大分県,1373,WATER1,大分県,2726,ANDIRA,大分県,0,,-
Resort Anthem,THE DOOR INTO RAINBOW,0,,-,737,PLAN.B,大分県,1508,9683-G,大分県,2197,K-JET.,大分県,0,,-
Resort Anthem,THE BLACK KNIGHT,0,,-,853,PLAN.B,大分県,2100,CXF,大分県,2938,K-JET.,大分県,0,,-
Resort Anthem,STELLAR WIND,386,HINATA,大分県,605,SAMMYK,大分県,1797,U*,大分県,2669,K-JET.,大分県,0,,-
Resort Anthem,Stay my side,0,,-,607,PLAN.B,大分県,987,KAME-R,大分県,1354,HINATA,大分県,0,,-
Resort Anthem,SPECIAL SUMMER CAMPAIGN!,0,,-,671,KAMO-R,大分県,1595,510.*,大分県,3002,K-JET.,大分県,0,,-
Resort Anthem,Space Time,0,,-,581,MURA,大分県,1634,U*,大分県,2200,YAMADA,大分県,0,,-
Resort Anthem,Session 9 -Chronicles-,0,,-,730,KAME-R,大分県,2298,10FU86,大分県,3633,K-JET.,大分県,0,,-
Resort Anthem,sakura storm,0,,-,1052,HINATA,大分県,1307,LAIR,大分県,2420,YAMADA,大分県,0,,-
Resort Anthem,Sakura Reflection,0,,-,466,KIKUTI,大分県,1584,4ME4CH,大分県,2372,K-JET.,大分県,0,,-
Resort Anthem,SABER WING,0,,-,550,ANAMEI,大分県,1875,K-JET.,大分県,2845,K-JET.,大分県,0,,-
Resort Anthem,Rock Da House,0,,-,842,ELINGI,大分県,1591,URAMP,大分県,2237,HINATA,大分県,0,,-
Resort Anthem,reunion,559,HINATA,大分県,1342,U*,大分県,2452,HINATA,大分県,3246,K-JET.,大分県,0,,-
Resort Anthem,Programmed Life,0,,-,995,MURA,大分県,1682,U*,大分県,2389,HINATA,大分県,0,,-
Resort Anthem,perditus†paradisus,0,,-,1162,LIAR,大分県,2542,YAMADA,大分県,3896,K-JET.,大分県,0,,-
Resort Anthem,passionate fate,0,,-,1145,SAGE,大分県,1598,SAGE,大分県,2141,HINATA,大分県,0,,-
Resort Anthem,PARADISE LOST,0,,-,1423,CXF,大分県,2379,HINATA,大分県,3363,K-JET.,大分県,0,,-
Resort Anthem,New Castle Legions,0,,-,939,LAIR,大分県,1990,HINATA,大分県,2773,K-JET.,大分県,0,,-
Resort Anthem,Never Fade Away,0,,-,750,K,大分県,1649,LIAR,大分県,3039,HINATA,大分県,0,,-
Resort Anthem,Mermaid girl,588,HINATA,大分県,916,R-TYPE,大分県,1708,NUMATA,大分県,2224,YAMADA,大分県,0,,-
Resort Anthem,Medicine of love,0,,-,654,WAMDUS,大分県,1111,WATER1,大分県,1732,ANDIRA,大分県,0,,-
Resort Anthem,Let The Track Flow,0,,-,997,PLAN.B,大分県,1753,U*,大分県,2690,YAMADA,大分県,0,,-
Resort Anthem,Kailua,0,,-,521,K,大分県,1406,K-JET.,大分県,2204,YAMADA,大分県,0,,-
Resort Anthem,I FIGHT ME,0,,-,600,PLAN.B,大分県,1381,NANASY,大分県,2134,NUMATA,大分県,0,,-
Resort Anthem,Golden Palms,0,,-,746,KOKURI,大分県,1495,HINATA,大分県,2042,HINATA,大分県,2441,HINATA,大分県
Resort Anthem,Fantasia,244,HINATA,大分県,383,PEEP,大分県,1527,IZUMI,大分県,2246,YAMADA,大分県,0,,-
Resort Anthem,Everlasting Resort,0,,-,840,K,大分県,1217,PURAG,大分県,1906,HINATA,大分県,0,,-
Resort Anthem,Eternal Tears,0,,-,408,R-TYPE,大分県,1049,PLAN.B,大分県,1379,K-JET.,大分県,0,,-
Resort Anthem,Energy Drive,0,,-,835,MURA,大分県,1407,WATER1,大分県,2233,YAMADA,大分県,0,,-
Resort Anthem,ELECTRIC MASSIVE DIVER,0,,-,1231,Y-CHAN,大分県,2364,U*,大分県,3695,HINATA,大分県,0,,-
Resort Anthem,DM STAR～関西 energy style～,0,,-,1032,KAMO-R,大分県,1860,WATER1,大分県,2408,YAMADA,大分県,0,,-
Resort Anthem,Destiny Sword,0,,-,813,MURA,大分県,1671,IZUMI,大分県,2401,YAMADA,大分県,0,,-
Resort Anthem,DAYDREAMER,0,,-,1118,R-TYPE,大分県,1750,WATER1,大分県,2526,TANPA2,大分県,0,,-
Resort Anthem,Dances with Snow Fairies,0,,-,1246,SAMMYK,大分県,2148,4ME4CH,大分県,3166,K-JET.,大分県,4045,K-JET.,大分県
Resort Anthem,BROKEN EDEN,0,,-,936,R-TYPE,大分県,1694,U*,大分県,2345,YAMADA,大分県,0,,-
Resort Anthem,Broken,0,,-,1026,K,大分県,2051,YAMADA,大分県,3176,YAMADA,大分県,0,,-
Resort Anthem,Breaking the ground,0,,-,1139,SAMMYK,大分県,1762,10FU86,大分県,2534,HINATA,大分県,0,,-
Resort Anthem,Bounce Bounce Bounce,0,,-,1004,K,大分県,1668,U*,大分県,2494,YAMADA,大分県,0,,-
Resort Anthem,BLUST OF WIND,0,,-,792,MURA,大分県,1500,NANASY,大分県,2137,HINATA,大分県,2622,HINATA,大分県
Resort Anthem,Believe In Me,0,,-,976,K,大分県,1780,U*,大分県,2398,NUMATA,大分県,0,,-
Resort Anthem,ANTHEM LANDING,0,,-,900,ELIO,大分県,1882,LOLWTF,大分県,2960,YAMADA,大分県,0,,-
Resort Anthem,Answer,0,,-,774,WAMDUS,大分県,1472,WATER1,大分県,2436,HINA.S,大分県,0,,-
Resort Anthem,ALBIDA,534,HINATA,大分県,1037,OKOVIC,大分県,1856,U*,大分県,3021,K-JET.,大分県,0,,-
Resort Anthem,Aegis,0,,-,847,YA5CH,大分県,1349,KILA**,大分県,2355,K-JET.,大分県,0,,-
Lincle,陽炎,0,,-,627,YSIII,大分県,1210,ANDIRA,大分県,2016,HINATA,大分県,0,,-
Lincle,衰色小町メランコリア,0,,-,754,PLAN.B,大分県,1351,YKP*,大分県,2373,ANDIRA,大分県,0,,-
Lincle,蛇神,422,HINATA,大分県,682,R-TYPE,大分県,1460,WAMDUS,大分県,2840,K-JET.,大分県,3707,K-JET.,大分県
Lincle,聖人の塔,0,,-,826,KAME-R,大分県,1914,CRIZ,大分県,3039,CXF,大分県,4322,NUMATA,大分県
Lincle,突撃!ガラスのニーソ姫!,0,,-,618,ALEX.,大分県,1149,NANASY,大分県,2115,K-JET.,大分県,0,,-
Lincle,恋する☆宇宙戦争っ！！,511,HINATA,大分県,896,089,大分県,1729,LIAR,大分県,3600,K-JET.,大分県,4575,K-JET.,大分県
Lincle,子供の落書き帳,0,,-,823,J,大分県,1973,HINATA,大分県,2656,ANDIRA,大分県,0,,-
Lincle,天空の夜明け,0,,-,1343,TAKA.4,大分県,2141,KILA**,大分県,4024,YAMADA,大分県,0,,-
Lincle,君のハートにロックオン,0,,-,664,MURA,大分県,1689,K1-,大分県,2683,YAMADA,大分県,3495,K-JET.,大分県
Lincle,ユミル,0,,-,602,KAMO-R,大分県,1338,5392,大分県,2854,YAMADA,大分県,0,,-
Lincle,ビューティフルレシート,341,HINATA,大分県,491,K,大分県,1171,LIAR,大分県,1946,YAMADA,大分県,0,,-
Lincle,Yellow Sunrise,0,,-,728,KAMO-R,大分県,1409,IZUMI,大分県,2284,HINATA,大分県,0,,-
Lincle,yellow head joe,0,,-,709,PLAN.B,大分県,1430,LIAR,大分県,2290,YAMADA,大分県,3145,NUMATA,大分県
Lincle,YAKSHA,0,,-,1168,J,大分県,2308,4ME4CH,大分県,3906,K-JET.,大分県,0,,-
Lincle,WONDER WALKER,0,,-,982,MACDO.,大分県,1905,KILA**,大分県,3808,K-JET.,大分県,0,,-
Lincle,Voxane,0,,-,574,KAMO-R,大分県,1114,ELIO,大分県,1756,ANDIRA,大分県,0,,-
Lincle,Todestrieb,0,,-,1064,NATAKU,大分県,1872,WAMDUS,大分県,3435,YAMADA,大分県,0,,-
Lincle,TITANS RETURN,323,10FU86,大分県,607,KAMO-R,大分県,1530,MAIYAN,大分県,2501,YAMADA,大分県,2621,CXF,大分県
Lincle,Thunderbolt,0,,-,891,KAME-R,大分県,1818,RNPRSD,大分県,3780,K-JET.,大分県,0,,-
Lincle,The Sampling Paradise,0,,-,798,SAMMYK,大分県,1757,KILA**,大分県,3045,YAMADA,大分県,0,,-
Lincle,The Limbo,0,,-,1203,HINATA,大分県,1992,V6,大分県,3355,YAMADA,大分県,4244,NUMATA,大分県
Lincle,Star Trail,0,,-,639,KOKURI,大分県,1056,ELIO,大分県,1866,HINATA,大分県,2586,K-JET.,大分県
Lincle,Snow Goose,302,HINATA,大分県,364,M1G!TA,大分県,1315,MAIYAN,大分県,2455,YAMADA,大分県,0,,-
Lincle,Snake Stick,0,,-,938,K,大分県,1960,CHOCOA,大分県,2743,K-JET.,大分県,0,,-
Lincle,SHADE,0,,-,1073,DJDOG,大分県,2076,YAMADA,大分県,2917,YAMADA,大分県,0,,-
Lincle,Several Words,0,,-,627,089,大分県,1419,WAMDUS,大分県,2189,HINATA,大分県,0,,-
Lincle,Scharfrichter,0,,-,829,SAMMYK,大分県,1581,YUKARI,大分県,2919,K-JET.,大分県,0,,-
Lincle,SA.YO.NA.RA. SUPER STAR,0,,-,464,SAMMYK,大分県,1244,NANASY,大分県,1713,HINATA,大分県,0,,-
Lincle,Round and Round,0,,-,744,SAMMYK,大分県,1221,WATER1,大分県,2161,ANDIRA,大分県,0,,-
Lincle,RESISTANCE,0,,-,593,KAMO-R,大分県,1263,NGKAWA,大分県,2388,HINATA,大分県,0,,-
Lincle,Release The Music,0,,-,751,KAMO-R,大分県,1467,HINA.S,大分県,2146,HINATA,大分県,0,,-
Lincle,Quick Silver,0,,-,738,PLAN.B,大分県,1721,MAIYAN,大分県,2689,YAMADA,大分県,0,,-
Lincle,quaver♪,289,HINATA,大分県,673,SAMMYK,大分県,2140,NUMATA,大分県,3451,K-JET.,大分県,0,,-
Lincle,QUANTUM TELEPORTATION,0,,-,1219,PLAN.B,大分県,2202,TOTTY.,大分県,2963,YAMADA,大分県,3654,YAMADA,大分県
Lincle,prompt,0,,-,870,KAME-R,大分県,1575,ARASHI,大分県,2810,K-JET.,大分県,0,,-
Lincle,Phoenix,0,,-,834,K,大分県,1169,LOLWTF,大分県,2494,HINATA,大分県,3949,NUMATA,大分県
Lincle,NNRT,0,,-,1151,PLAN.B,大分県,2467,ANAMEI,大分県,3515,K-JET.,大分県,0,,-
Lincle,Miami Sunset Drive,0,,-,623,NGKAWA,大分県,1033,LIAR,大分県,1676,HINA.S,大分県,0,,-
Lincle,Mermaid girl-秋葉工房 MIX-,0,,-,792,SAMMYK,大分県,1283,SAMMYK,大分県,2058,ANDIRA,大分県,0,,-
Lincle,Lucky Days,0,,-,591,KAME-R,大分県,1393,J,大分県,2212,HINATA,大分県,0,,-
Lincle,LOVE B.B.B,0,,-,714,KAMO-R,大分県,1365,MOTTU,大分県,2033,ANDIRA,大分県,0,,-
Lincle,Liquid Crystal Girl feat. echo,0,,-,391,KAMO-R,大分県,1046,PLAN.B,大分県,2024,HINA.S,大分県,0,,-
Lincle,LETHEBOLG ～双神威に斬り咲けり～,0,,-,944,KAME-R,大分県,1602,KUMATA,大分県,2215,HINATA,大分県,0,,-
Lincle,LAX5 feat.Ryota Yoshinari,0,,-,1011,R-TYPE,大分県,2038,LIAR,大分県,2840,HINATA,大分県,0,,-
Lincle,Infinite cave,0,,-,993,NGKAWA,大分県,1443,URAMP,大分県,2073,HINATA,大分県,0,,-
Lincle,In the Blackest Den,0,,-,819,K,大分県,1600,K-JET.,大分県,2632,K-JET.,大分県,0,,-
Lincle,I'm so Happy,316,HINATA,大分県,405,HAIDO,大分県,1346,KEMI*,大分県,2357,K-JET.,大分県,0,,-
Lincle,HAERETICUS,0,,-,787,KAMO-R,大分県,1834,U*,大分県,3058,K-JET.,大分県,0,,-
Lincle,Follow Tomorrow,0,,-,869,K,大分県,1449,NYON,大分県,2279,HINA.S,大分県,0,,-
Lincle,Flip Flap,279,HINATA,大分県,561,K,大分県,1354,NANASY,大分県,2264,HINA.S,大分県,0,,-
Lincle,fffff,0,,-,766,KAMO-R,大分県,2010,KENDES,大分県,3149,K-JET.,大分県,0,,-
Lincle,Far east nightbird,357,HINATA,大分県,517,SAMMYK,大分県,1314,WAMDUS,大分県,2038,ANDIRA,大分県,0,,-
Lincle,F,0,,-,1019,K,大分県,2098,U*,大分県,3585,YAMADA,大分県,0,,-
Lincle,Express Emotion,0,,-,732,PLAN.B,大分県,1025,WATER1,大分県,2522,K-JET.,大分県,0,,-
Lincle,Drive Me Crazy,0,,-,701,KAMO-R,大分県,1381,ARASHI,大分県,2309,HINATA,大分県,0,,-
Lincle,DIAVOLO,0,,-,1233,K,大分県,1835,U*,大分県,3232,K-JET.,大分県,0,,-
Lincle,Change the World,0,,-,776,R-TYPE,大分県,1352,NOOB,大分県,1851,HINATA,大分県,0,,-
Lincle,Castle on the Moon,242,HINATA,大分県,627,K,大分県,1587,U*,大分県,2426,K-JET.,大分県,0,,-
Lincle,CALL,0,,-,350,KAMO-R,大分県,835,WATER1,大分県,1463,HINATA,大分県,2698,K-JET.,大分県
Lincle,BLACK.by X-Cross Fade,0,,-,1028,HINATA,大分県,2180,HINATA,大分県,3413,YAMADA,大分県,0,,-
Lincle,ANAGRAMS I to Y,0,,-,841,PLAN.B,大分県,1634,WAMDUS,大分県,2486,ANDIRA,大分県,0,,-
Lincle,Almace,0,,-,815,KAMO-R,大分県,1255,LIAR,大分県,2016,NUMATA,大分県,0,,-
Lincle,532nm,0,,-,528,KAMO-R,大分県,1216,LIAR,大分県,2670,YAMADA,大分県,0,,-
Lincle,24th Century BOY,0,,-,806,R-TYPE,大分県,1880,U*,大分県,2872,YAMADA,大分県,0,,-
tricoro,龍と少女とデコヒーレンス,0,,-,810,PLAN.B,大分県,1714,HINATA,大分県,3014,YAMADA,大分県,3394,K-JET.,大分県
tricoro,音楽,0,,-,896,YAMADA,大分県,1987,HINATA,大分県,2824,K-JET.,大分県,0,,-
tricoro,狂イ咲ケ焔ノ華,0,,-,1134,MURA,大分県,2464,NUMATA,大分県,3638,CXF,大分県,0,,-
tricoro,梅雪夜,0,,-,843,K,大分県,1512,ANDIRA,大分県,2158,ANDIRA,大分県,0,,-
tricoro,朧,208,HINATA,大分県,776,LASMIN,大分県,1448,WAMDUS,大分県,2114,ANDIRA,大分県,2553,YAMADA,大分県
tricoro,即席！脳直★ミュージックシステム,0,,-,1005,SAMMYK,大分県,2026,ABE8,大分県,3591,K-JET.,大分県,0,,-
tricoro,創世ノート,0,,-,804,HAIDO,大分県,1800,URAMP,大分県,2971,ANDIRA,大分県,0,,-
tricoro,仮想空間の旅人たち,0,,-,1080,GG*853,大分県,2199,KOKURI,大分県,2884,YAMADA,大分県,3870,YAMADA,大分県
tricoro,下弦の月,0,,-,901,SAMMYK,大分県,1501,YAMADA,大分県,1992,HINATA,大分県,0,,-
tricoro,ラキラキ,0,,-,616,MURA,大分県,1453,U*,大分県,1990,HINATA,大分県,0,,-
tricoro,メイメツ、フラグメンツ,0,,-,616,K,大分県,1233,PLAN.B,大分県,1965,HINATA,大分県,0,,-
tricoro,トリカゴノ鳳凰,0,,-,1134,LAIR,大分県,1925,URAMP,大分県,3781,YAMADA,大分県,0,,-
tricoro,シュレーディンガーの猫,0,,-,1019,PLAN.B,大分県,2315,WATTMA,大分県,3407,YAMADA,大分県,0,,-
tricoro,キャトられ恋はモ～モク,0,,-,1395,K,大分県,2489,KILA**,大分県,3848,K-JET.,大分県,0,,-
tricoro,カジノファイヤーことみちゃん,0,,-,593,R-TYPE,大分県,1284,NANASY,大分県,2448,ANDIRA,大分県,3261,HINATA,大分県
tricoro,アストライアの双皿,0,,-,647,THEEND,大分県,2008,WATTMA,大分県,3161,HINATA,大分県,0,,-
tricoro,たまゆら,0,,-,1088,PLAN.B,大分県,1813,MIKOTO,大分県,2781,K-JET.,大分県,0,,-
tricoro,お米の美味しい炊き方、そしてお米を食べることによるその効果。,0,,-,824,MURA,大分県,1495,IZUMI,大分県,2211,HINATA,大分県,3702,K-JET.,大分県
tricoro,†渚の小悪魔ラヴリィ～レイディオ†(IIDX EDIT),245,HINATA,大分県,525,SAMMYK,大分県,1695,HINATA,大分県,3600,K-JET.,大分県,0,,-
tricoro,ΕΛΠΙΣ,0,,-,1096,SAMMYK,大分県,2033,KYRIE,大分県,3155,K-JET.,大分県,3639,K-JET.,大分県
tricoro,Zirkfied,0,,-,932,KAME-R,大分県,1917,U*,大分県,3807,K-JET.,大分県,0,,-
tricoro,ZED,0,,-,917,SOKI,大分県,1546,SIKI,大分県,2778,HINATA,大分県,0,,-
tricoro,VEGA,0,,-,1065,K,大分県,2103,HINATA,大分県,3138,YAMADA,大分県,0,,-
tricoro,VALLIS-NERIA,271,HINATA,大分県,1113,OKOVIC,大分県,2033,KILA**,大分県,2967,YAMADA,大分県,0,,-
tricoro,Valanga,0,,-,1292,LOLWTF,大分県,2132,U*,大分県,3258,K-JET.,大分県,0,,-
tricoro,True Blue,0,,-,1014,PLAN.B,大分県,2443,4ME4CH,大分県,3777,YAMADA,大分県,0,,-
tricoro,To my star,0,,-,453,PNYAN,大分県,1100,ISM,大分県,1749,HINATA,大分県,0,,-
tricoro,Timepiece phase II (CN Ver.),0,,-,899,K,大分県,1844,10FU86,大分県,2972,K-JET.,大分県,0,,-
tricoro,Timepiece phase II,0,,-,1034,MAIYAN,大分県,2114,089,大分県,3272,YAMADA,大分県,0,,-
tricoro,Time To Empress,0,,-,879,SAMMYK,大分県,1864,U*,大分県,2625,YAMADA,大分県,0,,-
tricoro,Thor's Hammer,0,,-,918,K,大分県,1784,KOKURI,大分県,3031,K-JET.,大分県,0,,-
tricoro,Take My Life,0,,-,902,MURA,大分県,1510,LIAR,大分県,2946,K-JET.,大分県,0,,-
tricoro,Synergy For Angels,0,,-,873,YA5CH,大分県,1651,IZUMI,大分県,2781,YAMADA,大分県,0,,-
tricoro,SYNC-ANTHEM,0,,-,917,CHOCOA,大分県,2305,U*,大分県,3684,K-JET.,大分県,0,,-
tricoro,STULTI,0,,-,811,NU-BE-,大分県,1585,DO,大分県,2774,K-JET.,大分県,0,,-
tricoro,Sol Cosine Job 2,0,,-,980,K,大分県,1617,URAMP,大分県,3168,K-JET.,大分県,0,,-
tricoro,SHION,0,,-,614,SAMMYK,大分県,1300,KUMATA,大分県,2714,K-JET.,大分県,0,,-
tricoro,Shining World,0,,-,1095,POM,大分県,1560,U*,大分県,1952,YAMADA,大分県,0,,-
tricoro,Saturn,0,,-,1261,LIAR,大分県,1982,IIDX32,大分県,2637,YAMADA,大分県,3472,YAMADA,大分県
tricoro,S!ck,0,,-,825,Y-CHAN,大分県,1406,SCEAAT,大分県,2699,NUMATA,大分県,0,,-
tricoro,rumrum triplets,0,,-,896,R-TYPE,大分県,1941,U*,大分県,3048,K-JET.,大分県,0,,-
tricoro,Re:GENERATION,244,HINATA,大分県,785,PLAN.B,大分県,1431,BLYTHE,大分県,2264,HINATA,大分県,0,,-
tricoro,Rainbow after snow,0,,-,699,KAMO-R,大分県,1457,WAMDUS,大分県,2175,HINATA,大分県,0,,-
tricoro,Proof of the existence,0,,-,1084,K,大分県,2034,KILA**,大分県,3238,K-JET.,大分県,0,,-
tricoro,Praludium,0,,-,680,KAMO-R,大分県,1327,PLAN.B,大分県,2301,HINATA,大分県,0,,-
tricoro,POINT ZERO,0,,-,697,KAMO-R,大分県,1251,WAMDUS,大分県,2093,HINATA,大分県,0,,-
tricoro,planarian,0,,-,668,KAMO-R,大分県,1646,U*,大分県,2553,K-JET.,大分県,0,,-
tricoro,Plan 8,0,,-,1154,LIAR,大分県,2206,K-JET.,大分県,3238,K-JET.,大分県,0,,-
tricoro,New Lights,0,,-,1033,LIAR,大分県,1733,URAMP,大分県,2488,HINATA,大分県,0,,-
tricoro,New Decade IIDX Edition,271,HINATA,大分県,946,K,大分県,1834,URAMP,大分県,3048,K-JET.,大分県,0,,-
tricoro,neu,198,HINATA,大分県,970,IIDX32,大分県,2100,NAWONE,大分県,3928,NUMATA,大分県,0,,-
tricoro,Neonlights,0,,-,633,K,大分県,1547,MAIYAN,大分県,2236,HINATA,大分県,0,,-
tricoro,mnemoniq,0,,-,528,TAKA.4,大分県,972,ANDIRA,大分県,1316,ANDIRA,大分県,0,,-
tricoro,LUV CAN SAVE U,0,,-,557,K,大分県,1407,5392,大分県,2135,HINATA,大分県,2806,YAMADA,大分県
tricoro,Little Star,0,,-,942,K,大分県,1750,4ME4CH,大分県,3208,K-JET.,大分県,0,,-
tricoro,Light and Cyber…,0,,-,1006,MURA,大分県,1956,MAIYAN,大分県,3133,YAMADA,大分県,0,,-
tricoro,Liberation,0,,-,1375,MURA,大分県,2269,U*,大分県,3717,NUMATA,大分県,0,,-
tricoro,JOMANDA,256,HINATA,大分県,1069,LAIR,大分県,2341,KILA**,大分県,3705,ANDIRA,大分県,0,,-
tricoro,In Heaven,0,,-,765,MACDO.,大分県,1474,K-JET.,大分県,2142,ANDIRA,大分県,0,,-
tricoro,Illegal Function Call,0,,-,922,MURA,大分県,1862,NUMATA,大分県,2639,K-JET.,大分県,3648,K-JET.,大分県
tricoro,ILIAS,0,,-,769,KAMO-R,大分県,1258,NGKAWA,大分県,2198,ANDIRA,大分県,0,,-
tricoro,I know You know,0,,-,584,PLAN.B,大分県,1134,NGKAWA,大分県,1886,HINA.S,大分県,0,,-
tricoro,Howling,0,,-,532,PLAN.B,大分県,1342,WATER1,大分県,2122,HINATA,大分県,2680,YAMADA,大分県
tricoro,Hollywood Galaxy,0,,-,1003,MURA,大分県,1935,U*,大分県,2744,NUMATA,大分県,0,,-
tricoro,GRADIUS 2012,0,,-,846,MURA,大分県,1686,10FU86,大分県,2714,YAMADA,大分県,0,,-
tricoro,GAIA,0,,-,976,MURA,大分県,2233,KOKURI,大分県,3302,YAMADA,大分県,0,,-
tricoro,Fly you to the star,0,,-,750,NGKAWA,大分県,1596,U*,大分県,2283,YAMADA,大分県,0,,-
tricoro,FLOWER,361,HINATA,大分県,1062,SAMMYK,大分県,1749,URAMP,大分県,2895,NUMATA,大分県,0,,-
tricoro,examination leave,0,,-,1051,KAME-R,大分県,1842,URAMP,大分県,3404,YAMADA,大分県,0,,-
tricoro,Elemental Creation,264,HINATA,大分県,1498,CRIZ,大分県,2378,KILA**,大分県,4138,NUMATA,大分県,0,,-
tricoro,Devilz Staircase,0,,-,631,SAMMYK,大分県,2136,KILA**,大分県,3296,K-JET.,大分県,0,,-
tricoro,DAY DREAM,0,,-,543,U*,大分県,1229,TOTTY.,大分県,2042,K-JET.,大分県,0,,-
tricoro,Cookie Bouquets,0,,-,798,KAME-R,大分県,2033,PURAG,大分県,3414,NUMATA,大分県,0,,-
tricoro,connective,0,,-,372,MURA,大分県,1011,PLAN.B,大分県,1605,ANDIRA,大分県,0,,-
tricoro,Confiserie,0,,-,889,CYAKI,大分県,2031,4ME4CH,大分県,3546,K-JET.,大分県,0,,-
tricoro,CONCEPTUAL,0,,-,789,Y-CHAN,大分県,1267,BLYTHE,大分県,2725,HINA.S,大分県,0,,-
tricoro,BRAVE GLOW,0,,-,772,KAMO-R,大分県,1616,WATER1,大分県,2506,ANDIRA,大分県,0,,-
tricoro,BLUE STRAGGLER,0,,-,812,K,大分県,1391,IZUMI,大分県,2600,HINATA,大分県,0,,-
tricoro,Beastie Starter,0,,-,520,MATCHA,大分県,1281,KYRIE,大分県,2205,HINATA,大分県,0,,-
tricoro,Ascalon,0,,-,1070,PLAN.B,大分県,1700,LIAR,大分県,2322,HINATA,大分県,0,,-
tricoro,8bit Princess,0,,-,648,WAMDUS,大分県,1372,WAMDUS,大分県,2631,HINA.S,大分県,0,,-
tricoro,405nm (Ryu☆mix),0,,-,878,K,大分県,1727,KILA**,大分県,2588,K-JET.,大分県,0,,-
SPADA,轟け！恋のビーンボール！！,0,,-,943,KAME-R,大分県,1914,4ME4CH,大分県,3570,K-JET.,大分県,0,,-
SPADA,超!!遠距離らぶメ～ル,0,,-,545,K,大分県,1505,NANASY,大分県,2678,HINATA,大分県,0,,-
SPADA,罪と罰,0,,-,1001,PLAN.B,大分県,1337,NANASY,大分県,2171,NUMATA,大分県,0,,-
SPADA,疾風迅雷,0,,-,1034,KAME-R,大分県,2010,KYRIE,大分県,2912,NUMATA,大分県,3424,K-JET.,大分県
SPADA,牧神笛吹きて,0,,-,696,PLAN.B,大分県,1317,IZUMI,大分県,2072,YAMADA,大分県,0,,-
SPADA,煉獄のエルフェリア,0,,-,1220,KAMO-R,大分県,2319,KILA**,大分県,3890,K-JET.,大分県,0,,-
SPADA,海神,0,,-,1030,R-TYPE,大分県,2079,KOKURI,大分県,3197,K-JET.,大分県,3588,K-JET.,大分県
SPADA,旋律のドグマ～Miserables～,0,,-,1209,YKP*,大分県,2427,U*,大分県,3966,K-JET.,大分県,0,,-
SPADA,廿,0,,-,878,PLAN.B,大分県,1605,NANASY,大分県,2403,HINATA,大分県,3382,YAMADA,大分県
SPADA,幻想系世界修復少女,214,HINATA,大分県,598,THEEND,大分県,1126,LIAR,大分県,2000,ANDIRA,大分県,0,,-
SPADA,バンブーソード・ガール,270,HINATA,大分県,936,NGKAWA,大分県,1716,URAMP,大分県,2450,YAMADA,大分県,0,,-
SPADA,デッドボヲルdeホームラン,0,,-,607,PLAN.B,大分県,1540,U*,大分県,2760,YAMADA,大分県,0,,-
SPADA,アルストロメリア,217,HINATA,大分県,933,NAWONE,大分県,1563,MIKOTO,大分県,2500,HINATA,大分県,0,,-
SPADA,お願いアインシュタイン,0,,-,835,PLAN.B,大分県,1471,TOILET,大分県,2129,ANDIRA,大分県,0,,-
SPADA,Wonder Girl feat. Kanae Asaba,0,,-,691,K,大分県,1198,BLYTHE,大分県,2814,K-JET.,大分県,0,,-
SPADA,VOX UP,0,,-,1441,KILA**,大分県,2855,HINATA,大分県,3644,K-JET.,大分県,0,,-
SPADA,Verflucht,0,,-,1263,LIAR,大分県,2090,KILA**,大分県,3556,YAMADA,大分県,4637,YAMADA,大分県
SPADA,Valgus,0,,-,606,KAMO-R,大分県,1328,WATER1,大分県,2377,K-JET.,大分県,0,,-
SPADA,Unicorn tail,0,,-,823,PLAN.B,大分県,2023,4ME4CH,大分県,3155,K-JET.,大分県,0,,-
SPADA,THE DETONATOR,0,,-,1502,KAMO-R,大分県,2461,KYRIE,大分県,3219,K-JET.,大分県,0,,-
SPADA,Squeeze,0,,-,756,THEEND,大分県,1376,KILA**,大分県,2487,YAMADA,大分県,0,,-
SPADA,Sigmund,0,,-,1378,PLAN.B,大分県,2338,KILA**,大分県,3853,K-JET.,大分県,4273,K-JET.,大分県
SPADA,SCHWARZSCHILD FIELD,0,,-,859,K,大分県,1487,KEMI*,大分県,2401,YAMADA,大分県,0,,-
SPADA,RIZING YOU UP,0,,-,1023,NGKAWA,大分県,2042,U*,大分県,2584,HINATA,大分県,0,,-
SPADA,RISE,0,,-,865,SAMMYK,大分県,1267,BURYUN,大分県,1887,HINATA,大分県,0,,-
SPADA,refractive index,0,,-,699,KAMO-R,大分県,1309,PLAN.B,大分県,2711,YAMADA,大分県,0,,-
SPADA,Recollection,0,,-,1108,PLAN.B,大分県,1697,5392,大分県,2230,K-JET.,大分県,0,,-
SPADA,rainbow guitar weeps,0,,-,920,PLAN.B,大分県,1781,089,大分県,2771,K-JET.,大分県,0,,-
SPADA,ra'am,0,,-,1019,GG*853,大分県,1859,KILA**,大分県,2809,K-JET.,大分県,0,,-
SPADA,PUNISHER,0,,-,1093,LIAR,大分県,2013,KILA**,大分県,3581,K-JET.,大分県,0,,-
SPADA,Pharaoh,0,,-,607,KAMO-R,大分県,1338,URAMP,大分県,2460,HINATA,大分県,0,,-
SPADA,Overload Frontier,0,,-,739,NOOB,大分県,1823,4ME4CH,大分県,2629,YAMADA,大分県,0,,-
SPADA,Odin,0,,-,735,THEEND,大分県,1371,WATER1,大分県,2066,ANDIRA,大分県,0,,-
SPADA,NPC World,0,,-,965,MURA,大分県,1522,NANASY,大分県,2292,HINATA,大分県,0,,-
SPADA,Miracle 5ympho X,0,,-,723,K,大分県,1313,U*,大分県,2628,K-JET.,大分県,2885,K-JET.,大分県
SPADA,MAGIC & LOVE,0,,-,948,THEEND,大分県,1805,U*,大分県,2941,K-JET.,大分県,0,,-
SPADA,MAD ATTACK,0,,-,648,PLAN.B,大分県,1255,BLYTHE,大分県,1965,HINA.S,大分県,2610,K-JET.,大分県
SPADA,m1dy Deluxe,0,,-,1084,PLAN.B,大分県,1821,MACDO.,大分県,2609,YAMADA,大分県,0,,-
SPADA,M.D.Injection,0,,-,554,PLAN.B,大分県,1222,WATER1,大分県,2430,ANDIRA,大分県,0,,-
SPADA,Lighting Shower,0,,-,753,THEEND,大分県,1276,MAIYAN,大分県,2420,YAMADA,大分県,0,,-
SPADA,Last Dance,0,,-,1145,NGKAWA,大分県,1970,NUMATA,大分県,3243,YAMADA,大分県,0,,-
SPADA,KHAMEN BREAK,0,,-,556,PLAN.B,大分県,1365,WATER1,大分県,2512,HINATA,大分県,0,,-
SPADA,KAISER PHOENIX,0,,-,1320,ANAMEI,大分県,2255,S.,大分県,3307,K-JET.,大分県,3898,NUMATA,大分県
SPADA,IX,0,,-,1199,PLAN.B,大分県,2454,HINATA,大分県,3855,YAMADA,大分県,0,,-
SPADA,invoker,0,,-,1022,KAME-R,大分県,1921,U*,大分県,3210,YAMADA,大分県,3599,YAMADA,大分県
SPADA,into the battlefield,0,,-,684,R-TYPE,大分県,1343,PLAN.B,大分県,2380,NUMATA,大分県,0,,-
SPADA,INSOMNIA,0,,-,771,K,大分県,1745,MAIYAN,大分県,3245,K-JET.,大分県,0,,-
SPADA,Insane Techniques,0,,-,693,K,大分県,1283,5392,大分県,2493,YAMADA,大分県,0,,-
SPADA,Idola ,0,,-,1170,LOLWTF,大分県,2224,TOTTY.,大分県,3590,YAMADA,大分県,0,,-
SPADA,I will be back -オレは帰ってきた-,0,,-,931,RIRCHU,大分県,1917,U*,大分県,2947,NUMATA,大分県,0,,-
SPADA,Hypersonik,0,,-,954,K,大分県,1743,HINATA,大分県,2531,HINATA,大分県,0,,-
SPADA,HYENA,0,,-,1118,YKP*,大分県,1937,10FU86,大分県,2841,YAMADA,大分県,3676,YAMADA,大分県
SPADA,Funny shuffle,0,,-,588,PLAN.B,大分県,1097,MAIYAN,大分県,2343,K-JET.,大分県,0,,-
SPADA,Feel The Beat,0,,-,1208,PLAN.B,大分県,2150,U*,大分県,3612,YAMADA,大分県,4338,K-JET.,大分県
SPADA,EXTREME MACH COLLIDER,0,,-,944,PLAN.B,大分県,1296,PLAN.B,大分県,2588,YAMADA,大分県,0,,-
SPADA,Engraved Mark,0,,-,767,K,大分県,1298,U*,大分県,2408,HINATA,大分県,0,,-
SPADA,Element of SPADA,0,,-,696,10FU86,大分県,1343,WATER1,大分県,2089,HINATA,大分県,3100,HINATA,大分県
SPADA,Elektrick U-Phoria,0,,-,1090,KAMO-R,大分県,1917,U*,大分県,3112,K-JET.,大分県,4031,K-JET.,大分県
SPADA,diagram,0,,-,607,KAMO-R,大分県,1226,NGKAWA,大分県,2869,ANDIRA,大分県,0,,-
SPADA,Devilz Sacrifice -贖罪の羊-,0,,-,843,R-TYPE,大分県,1719,U*,大分県,2494,ANDIRA,大分県,0,,-
SPADA,DARK LEGACY,0,,-,1295,MIKE,大分県,2019,KILA**,大分県,3597,K-JET.,大分県,0,,-
SPADA,Dark Fall,0,,-,883,SAGE,大分県,1469,NGKAWA,大分県,2773,HINA.S,大分県,0,,-
SPADA,Critical Crystal,223,HINATA,大分県,1036,BONA,大分県,1845,KILA**,大分県,2946,K-JET.,大分県,0,,-
SPADA,Close the World feat.a☆ru,0,,-,1087,K,大分県,2058,U*,大分県,3426,K-JET.,大分県,3874,K-JET.,大分県
SPADA,Cleopatrysm,0,,-,770,KAMO-R,大分県,1347,KEMI*,大分県,2597,ANDIRA,大分県,0,,-
SPADA,Claiomh Solais,0,,-,332,K,大分県,1412,NANASY,大分県,2098,HINATA,大分県,0,,-
SPADA,BRAVE OUT,0,,-,945,THEEND,大分県,1444,MOGION,大分県,2169,K-JET.,大分県,2775,NUMATA,大分県
SPADA,BRAINSTORM,0,,-,709,KAMO-R,大分県,1904,10FU86,大分県,2810,YAMADA,大分県,0,,-
SPADA,BLUE DRAGON(雷龍RemixIIDX),0,,-,1481,SAGE,大分県,2158,4ME4CH,大分県,3388,K-JET.,大分県,0,,-
SPADA,ATHER,0,,-,925,KAME-R,大分県,1484,LIAR,大分県,2838,HINATA,大分県,3212,K-JET.,大分県
SPADA,Ancient Scapes,0,,-,1092,GG*853,大分県,1956,MIKOTO,大分県,3500,K-JET.,大分県,4276,K-JET.,大分県
SPADA,ALBA -黎明-,0,,-,625,SAMMYK,大分県,1521,4ME4CH,大分県,3238,YAMADA,大分県,3898,K-JET.,大分県
SPADA,Adularia,199,HINATA,大分県,1030,NANATI,大分県,1819,U*,大分県,2861,K-JET.,大分県,0,,-
PENDUAL,Ｘ↑Ｘ↓,0,,-,879,PLAN.B,大分県,1663,WAMDUS,大分県,2928,K-JET.,大分県,0,,-
PENDUAL,鬼天,0,,-,912,PLAN.B,大分県,1624,4ME4CH,大分県,2490,K-JET.,大分県,0,,-
PENDUAL,超青少年ノ為ノ超多幸ナ超古典的超舞曲,0,,-,936,ASHIYU,大分県,1997,S,大分県,2697,YAMADA,大分県,4101,YAMADA,大分県
PENDUAL,表裏一体！？怪盗いいんちょの悩み,0,,-,1037,SAMMYK,大分県,2129,U*,大分県,3593,K-JET.,大分県,4476,YAMADA,大分県
PENDUAL,紅牡丹,497,HINATA,大分県,1012,OKOVIC,大分県,1775,KILA**,大分県,2875,YAMADA,大分県,0,,-
PENDUAL,白露の風,0,,-,447,KAMO-R,大分県,1173,FE,大分県,2033,NUMATA,大分県,0,,-
PENDUAL,時空トラベローグ,0,,-,1012,MINAMI,大分県,1813,U*,大分県,2679,K-JET.,大分県,0,,-
PENDUAL,打打打打打打打打打打,200,HINATA,大分県,763,K,大分県,1353,U*,大分県,2662,K-JET.,大分県,0,,-
PENDUAL,恋は白帯、サンシロー,0,,-,689,KAMO-R,大分県,1280,WATER1,大分県,2035,HINATA,大分県,2782,HINATA,大分県
PENDUAL,少年は空を辿る,0,,-,1162,PLAN.B,大分県,2000,TOTTY.,大分県,3341,K-JET.,大分県,0,,-
PENDUAL,妖隠し -あやかしかくし-,0,,-,953,NGKAWA,大分県,1554,U*,大分県,2197,HINATA,大分県,0,,-
PENDUAL,夏色DIARY - L.E.D.-G STYLE MIX -,0,,-,912,KAMO-R,大分県,1890,TOTTY.,大分県,3126,K-JET.,大分県,0,,-
PENDUAL,取り残された美術(Arranged:HiZuMi),250,HINATA,大分県,967,LIAR,大分県,1693,WAMDUS,大分県,2219,YAMADA,大分県,0,,-
PENDUAL,千年ノ理,0,,-,1199,YAMADA,大分県,1997,HINATA,大分県,3192,K-JET.,大分県,4295,YAMADA,大分県
PENDUAL,十六夜セツナ,0,,-,959,YA5CH,大分県,1601,WAMDUS,大分県,2247,ANDIRA,大分県,0,,-
PENDUAL,共鳴遊戯の華,0,,-,1249,MURA,大分県,2425,KILA**,大分県,3869,NUMATA,大分県,0,,-
PENDUAL,リリーゼと炎龍レーヴァテイン,0,,-,965,NOOB,大分県,2308,MOTHER,大分県,3483,K-JET.,大分県,0,,-
PENDUAL,ベィスドロップ・フリークス,0,,-,618,TAKA.4,大分県,1251,KILA**,大分県,2262,K-JET.,大分県,2453,K-JET.,大分県
PENDUAL,パ→ピ→プ→Yeah!,380,HINATA,大分県,949,SAMMYK,大分県,1591,KILA**,大分県,2552,YAMADA,大分県,0,,-
PENDUAL,ドッキン☆サマーあばんちゅーる,0,,-,978,MURA,大分県,1661,801,大分県,2861,ANDIRA,大分県,0,,-
PENDUAL,もっと！モット！ときめき feat. 松下,0,,-,1267,SAMMYK,大分県,1945,PEEP,大分県,2755,K-JET.,大分県,0,,-
PENDUAL,ぷろぐれっしぶ時空少女！うらしまたろ子ちゃん！,0,,-,830,PLAN.B,大分県,1442,WATER1,大分県,2552,YAMADA,大分県,0,,-
PENDUAL,とろぴかる倶楽部,0,,-,848,HINATA,大分県,1428,10FU86,大分県,2296,YAMADA,大分県,0,,-
PENDUAL,それは花火のような恋,705,HINATA,大分県,1265,IZUMI,大分県,2448,TOTTY.,大分県,3902,K-JET.,大分県,0,,-
PENDUAL,ZZ,203,HINATA,大分県,1209,PLAN.B,大分県,2069,YAMADA,大分県,3056,YAMADA,大分県,0,,-
PENDUAL,We're so Happy (P*Light Remix) IIDX ver.,0,,-,1037,STAPH.,大分県,2255,4ME4CH,大分県,3730,K-JET.,大分県,0,,-
PENDUAL,Vulkan,0,,-,990,K,大分県,1973,URAMP,大分県,3020,ANDIRA,大分県,0,,-
PENDUAL,TOXIC VIBRATION,0,,-,1487,PLAN.B,大分県,2315,TOTTY.,大分県,3785,NUMATA,大分県,0,,-
PENDUAL,TIEFSEE,0,,-,1184,PLAN.B,大分県,2056,MATCHA,大分県,3485,YAMADA,大分県,0,,-
PENDUAL,The Least 100sec,0,,-,738,RIRCHU,大分県,1329,PMASO,大分県,2916,K-JET.,大分県,0,,-
PENDUAL,TA・DA ☆ YO・SHI,0,,-,1107,NOOB,大分県,1568,MAIYAN,大分県,2331,HINATA,大分県,0,,-
PENDUAL,Symmetry,0,,-,1082,K,大分県,2142,HINATA,大分県,3284,YAMADA,大分県,0,,-
PENDUAL,Sweet Radar,0,,-,663,K1-,大分県,1368,YAMADA,大分県,2037,TANPA2,大分県,0,,-
PENDUAL,SpaceLand☆TOYBOX,0,,-,1026,R-TYPE,大分県,1690,KILA**,大分県,2962,K-JET.,大分県,0,,-
PENDUAL,Sounds Of Summer ,0,,-,1102,KAME-R,大分県,2095,MACDO.,大分県,2992,NUMATA,大分県,0,,-
PENDUAL,Shooting Fireball,0,,-,911,K,大分県,2254,MIACH,大分県,3923,K-JET.,大分県,0,,-
PENDUAL,Scars of FAUNA,0,,-,804,SAMMYK,大分県,1670,10FU86,大分県,2916,HINATA,大分県,0,,-
PENDUAL,Scarlet Moon,0,,-,1026,LOLWTF,大分県,1910,4ME4CH,大分県,2756,YAMADA,大分県,0,,-
PENDUAL,Say YEEEAHH,0,,-,1066,SAMMYK,大分県,1826,KORONE,大分県,3290,K-JET.,大分県,0,,-
PENDUAL,SAMSARA,0,,-,798,PLAN.B,大分県,1459,HINATA,大分県,2060,HINATA,大分県,0,,-
PENDUAL,Sakura Mirage,0,,-,961,NOOB,大分県,1262,LIAR,大分県,2359,HINATA,大分県,0,,-
PENDUAL,Reflux,0,,-,762,NOOB,大分県,1597,MIKOTO,大分県,3035,K-JET.,大分県,0,,-
PENDUAL,Realize Maze,0,,-,1080,KAME-R,大分県,2019,NATAKU,大分県,2988,YAMADA,大分県,0,,-
PENDUAL,Rave*it!! Rave*it!! ,0,,-,923,ZU-MIN,大分県,1659,U*,大分県,3284,YAMADA,大分県,0,,-
PENDUAL,PENDUAL TALISMAN,0,,-,972,PLAN.B,大分県,1604,U*,大分県,2617,HINATA,大分県,0,,-
PENDUAL,On My Wings(Hardstyle IIDX),0,,-,847,Y-CHAN,大分県,1224,LIAR,大分県,1990,HINATA,大分県,0,,-
PENDUAL,No Tears,0,,-,1100,MURA,大分県,2083,4ME4CH,大分県,2542,HINATA,大分県,0,,-
PENDUAL,Night sky,0,,-,1083,R-TYPE,大分県,1873,KORONE,大分県,2945,ANDIRA,大分県,0,,-
PENDUAL,NEO GENERATOR SEVEN,0,,-,840,KAME-R,大分県,1864,MIKOTO,大分県,3327,YAMADA,大分県,0,,-
PENDUAL,Monopole.,0,,-,764,K,大分県,1570,KEMI*,大分県,3377,K-JET.,大分県,0,,-
PENDUAL,m1dy Festival,0,,-,894,STAPH.,大分県,1645,CHOCOA,大分県,2480,HINATA,大分県,0,,-
PENDUAL,Line 4 Ruin,0,,-,690,P*,大分県,1785,U*,大分県,2797,ENNUI,大分県,0,,-
PENDUAL,IXION,0,,-,1037,PIYO*,大分県,1673,MAIYAN,大分県,2163,HINATA,大分県,0,,-
PENDUAL,Invitation from Mr.C,0,,-,1158,AGE,大分県,1548,MATCHA,大分県,2753,K-JET.,大分県,0,,-
PENDUAL,In The Breeze,0,,-,614,HAIDO,大分県,1132,4KADES,大分県,1765,HINATA,大分県,0,,-
PENDUAL,IMPLANTATION,0,,-,624,J,大分県,1627,TOTTY.,大分県,2312,YAMADA,大分県,0,,-
PENDUAL,illuminate,0,,-,601,K,大分県,1338,MITTEI,大分県,2322,ANDIRA,大分県,0,,-
PENDUAL,Hello Happiness,0,,-,801,PLAN.B,大分県,1628,KILA**,大分県,2360,HINA.S,大分県,0,,-
PENDUAL,HELL SCAPER -Last Escape Remix-,0,,-,905,KAMO-R,大分県,1763,10FU86,大分県,2871,K-JET.,大分県,0,,-
PENDUAL,Gravigazer,0,,-,913,K,大分県,1816,U*,大分県,3030,K-JET.,大分県,0,,-
PENDUAL,Flashes,0,,-,931,NOOB,大分県,1742,PIYO*,大分県,3312,K-JET.,大分県,0,,-
PENDUAL,FANTASTIC THREE,0,,-,1300,LOLWTF,大分県,2195,U*,大分県,3224,K-JET.,大分県,0,,-
PENDUAL,fallen leaves -IIDX edition-,0,,-,1154,NOOB,大分県,2044,KILA**,大分県,3421,K-JET.,大分県,0,,-
PENDUAL,Erosion Mark  ,0,,-,753,K,大分県,1388,MITTEI,大分県,2180,ANDIRA,大分県,0,,-
PENDUAL,entelecheia,0,,-,992,SAMMYK,大分県,2121,KILA**,大分県,3286,NUMATA,大分県,0,,-
PENDUAL,EBONY & IVORY,0,,-,1057,LIAR,大分県,1685,U*,大分県,3010,YAMADA,大分県,3624,K-JET.,大分県
PENDUAL,Discloze,0,,-,861,MURA,大分県,1682,NUMATA,大分県,2665,HINATA,大分県,0,,-
PENDUAL,Despair of ELFERIA,0,,-,1237,U*,大分県,2444,TANPA2,大分県,4094,K-JET.,大分県,0,,-
PENDUAL,Cosmic Cat,0,,-,926,MAIYAN,大分県,1692,4ME4CH,大分県,2314,HINA.S,大分県,3261,K-JET.,大分県
PENDUAL,COLOSSEUM ,0,,-,510,STAPH.,大分県,1165,BLYTHE,大分県,2304,YAMADA,大分県,0,,-
PENDUAL,cinder,0,,-,804,K,大分県,2032,NUMATA,大分県,3138,K-JET.,大分県,0,,-
PENDUAL,Chronos,0,,-,785,PLAN.B,大分県,1416,K-JET.,大分県,2379,K-JET.,大分県,3041,YAMADA,大分県
PENDUAL,Chrono Diver -PENDULUMs-,558,HINATA,大分県,1398,PUNICO,大分県,2791,K-JET.,大分県,4325,ENNUI,大分県,0,,-
PENDUAL,CHRONO DIVER -NORNIR-,0,,-,1109,SAMMYK,大分県,2163,CRIZ,大分県,3114,YAMADA,大分県,4398,K-JET.,大分県
PENDUAL,chrono diver -fragment-,0,,-,683,PUNICO,大分県,1158,WATER1,大分県,1798,TANPA2,大分県,2261,HINATA,大分県
PENDUAL,Chain of pain,0,,-,705,PLAN.B,大分県,1479,WAMDUS,大分県,2237,HINATA,大分県,0,,-
PENDUAL,Broken Sword,0,,-,1252,U*,大分県,2066,MACDO.,大分県,3739,YAMADA,大分県,0,,-
PENDUAL,BLUE MIRAGE,0,,-,998,K,大分県,2083,K-JET.,大分県,3050,K-JET.,大分県,0,,-
PENDUAL,Blaze it UP!,0,,-,885,R-TYPE,大分県,1861,U*,大分県,2987,YAMADA,大分県,0,,-
PENDUAL,Beyond The Earth,0,,-,1200,SAMMYK,大分県,1986,NATAKU,大分県,3231,YAMADA,大分県,0,,-
PENDUAL,Beat Radiance,0,,-,947,MARO,大分県,1578,MAIYAN,大分県,2649,HINA.S,大分県,3599,K-JET.,大分県
PENDUAL,AFRO KNUCKLE,0,,-,882,MURA,大分県,1677,NANASY,大分県,2423,TANPA2,大分県,0,,-
PENDUAL,#The_Relentless,0,,-,1090,KAMO-R,大分県,1899,URAMP,大分県,2944,K-JET.,大分県,4444,YAMADA,大分県
copula,麗 ～うらら～,262,HINATA,大分県,1058,KILA**,大分県,1726,EROICA,大分県,2651,YAMADA,大分県,0,,-
copula,駅猫のワルツ,0,,-,1115,LAIR,大分県,2141,MIACH,大分県,2844,K-JET.,大分県,0,,-
copula,量子の海のリントヴルム,0,,-,859,K,大分県,1697,KILA**,大分県,2993,YAMADA,大分県,0,,-
copula,追想快晴テーマパーク,0,,-,1143,PLAN.B,大分県,1995,TOTTY.,大分県,3110,HINATA,大分県,0,,-
copula,紫陽花 -AZISAI-,424,HINATA,大分県,1215,SHO9,大分県,2044,EROICA,大分県,2893,K-JET.,大分県,3371,K-JET.,大分県
copula,真 地獄超特急 -HELL or HELL-,0,,-,1362,MURA,大分県,2189,KYRIE,大分県,3297,K-JET.,大分県,0,,-
copula,炸裂！イェーガー電光チョップ！！(JAEGER FINAL ATTACK),0,,-,1159,PLAN.B,大分県,1969,U*,大分県,2577,HINATA,大分県,0,,-
copula,灼熱 Pt.2 Long Train Running,621,10FU86,大分県,1293,YAMADA,大分県,2144,HINATA,大分県,3357,K-JET.,大分県,0,,-
copula,朝焼けから始まるボクらの小さな旅,0,,-,882,K,大分県,1626,U*,大分県,2538,HINATA,大分県,0,,-
copula,星屑ディスタンシア,0,,-,653,K,大分県,1142,PLAN.B,大分県,2127,HINA.S,大分県,0,,-
copula,明鏡止水,0,,-,822,K,大分県,1770,URAMP,大分県,2801,HINATA,大分県,0,,-
copula,少女アリスと箱庭幻想コンチェルト,0,,-,729,IV.,大分県,1327,BLYTHE,大分県,2171,NUMATA,大分県,0,,-
copula,セロトニン,0,,-,1203,PLAN.B,大分県,1769,KILA**,大分県,2330,HINATA,大分県,0,,-
copula,シュッパツシンコウ・シサカンコ,0,,-,1104,SAGE,大分県,1752,WATER1,大分県,2455,HINATA,大分県,0,,-
copula,ギョギョっと人魚 爆婚ブライダル,0,,-,805,PEEP,大分県,1480,HINATA,大分県,2393,K-JET.,大分県,0,,-
copula,オルタネイトβ,0,,-,781,KAMO-R,大分県,1412,NANATI,大分県,2267,YAMADA,大分県,0,,-
copula,めいさいアイドル☆あいむちゃん♪,0,,-,1469,YUKARI,大分県,2243,4ME4CH,大分県,3376,K-JET.,大分県,0,,-
copula,か・し・ま・し☆PUMP UP！,0,,-,1077,KAME-R,大分県,1758,U*,大分県,2871,YAMADA,大分県,0,,-
copula,ZEPHYRANTHES,0,,-,943,KAMO-R,大分県,1754,MAIYAN,大分県,2972,YAMADA,大分県,3904,NUMATA,大分県
copula,X,0,,-,1481,TYABO,大分県,2447,MIKOTO,大分県,3859,YAMADA,大分県,0,,-
copula,Welcome,0,,-,835,KAMO-R,大分県,1752,NANASE,大分県,2679,K-JET.,大分県,3354,K-JET.,大分県
copula,Violet Rose,0,,-,1068,PLAN.B,大分県,2011,KOKURI,大分県,2604,YAMADA,大分県,0,,-
copula,Violet Pulse,0,,-,407,KAMO-R,大分県,1646,10FU86,大分県,2446,HINATA,大分県,4081,K-JET.,大分県
copula,Uh-Oh,0,,-,1035,PLAN.B,大分県,1677,WATER1,大分県,2422,K-JET.,大分県,0,,-
copula,Triple Counter,0,,-,1346,LOLWTF,大分県,2170,U*,大分県,3951,K-JET.,大分県,0,,-
copula,Tori-no-kimochi,0,,-,251,SAMMYK,大分県,1242,5392,大分県,2023,ANDIRA,大分県,0,,-
copula,SURVIVOR,0,,-,665,MATCHA,大分県,1225,LIAR,大分県,2019,ANDIRA,大分県,0,,-
copula,Super Duper Racers,0,,-,909,Y-CHAN,大分県,1560,MIKOTO,大分県,2381,HINATA,大分県,0,,-
copula,StrayedCatz,0,,-,955,THEEND,大分県,2009,KOKURI,大分県,2850,NUMATA,大分県,0,,-
copula,STARLIGHT DANCEHALL,0,,-,1198,YKP*,大分県,1783,U*,大分県,2664,YAMADA,大分県,3379,K-JET.,大分県
copula,STARLiGHT,0,,-,869,STAPH.,大分県,1758,MOGION,大分県,2769,HINATA,大分県,0,,-
copula,SHELTER OF THE MIND,0,,-,1344,KAME-R,大分県,1942,URAMP,大分県,3052,YAMADA,大分県,0,,-
copula,Set U Free feat. Kanae Asaba,0,,-,870,K,大分県,1354,MURA,大分県,2553,HINATA,大分県,0,,-
copula,Sephirot,0,,-,942,NOOB,大分県,1582,SAGE,大分県,2349,HINATA,大分県,0,,-
copula,SEITEN NO TERIYAKI,0,,-,682,KAMO-R,大分県,1225,MAIYAN,大分県,2279,HINATA,大分県,0,,-
copula,Routing,0,,-,874,PLAN.B,大分県,1614,U*,大分県,2540,YAMADA,大分県,0,,-
copula,Rock It,0,,-,1038,STAPH.,大分県,1583,IZUMI,大分県,2969,YAMADA,大分県,0,,-
copula,refrain,0,,-,1165,R-TYPE,大分県,2377,HINATA,大分県,3639,K-JET.,大分県,0,,-
copula,quick master (reform version),0,,-,155,NUMATA,大分県,333,K3M!D6,大分県,528,HINATA,大分県,0,,-
copula,POSSESSION,539,CXF,大分県,1386,HINATA,大分県,2147,ANAMEI,大分県,3001,HINATA,大分県,0,,-
copula,Outbreak,0,,-,1233,PLAN.B,大分県,1830,JACK.S,大分県,3030,HINATA,大分県,0,,-
copula,On the FM,0,,-,1018,KAMO-R,大分県,1526,PURAG,大分県,2804,ANDIRA,大分県,0,,-
copula,NZM,0,,-,1019,MURA,大分県,1557,U*,大分県,3490,K-JET.,大分県,0,,-
copula,Nowhere,0,,-,800,K,大分県,1347,MAIYAN,大分県,2176,HINATA,大分県,0,,-
copula,NO LIMIT -オレ達に限界は無い-,0,,-,826,WAMDUS,大分県,1238,WAMDUS,大分県,2280,HINA.S,大分県,0,,-
copula,NINJA IS DEAD IIDX ver.,0,,-,1250,NUMATA,大分県,1832,U*,大分県,3008,HINATA,大分県,0,,-
copula,Nightmare before oversleep,0,,-,1121,KILA**,大分県,1880,KILA**,大分県,2959,K-JET.,大分県,0,,-
copula,NANAIRO,0,,-,1013,NOOB,大分県,1743,URAMP,大分県,2587,K-JET.,大分県,0,,-
copula,Musik LoverZ,0,,-,1056,LAIR,大分県,1358,LIAR,大分県,2512,HINATA,大分県,0,,-
copula,M4K3 1T B0UNC3,0,,-,1346,MAIYAN,大分県,2019,LOLWTF,大分県,3037,YAMADA,大分県,0,,-
copula,La dolce primavera,0,,-,652,KAMO-R,大分県,1301,Y-CHAN,大分県,2169,HINATA,大分県,0,,-
copula,Konzert V,0,,-,1179,PLAN.B,大分県,2248,Y-6,大分県,3357,CXF,大分県,0,,-
copula,Journey,0,,-,661,ELIO,大分県,1176,LIAR,大分県,1891,HINATA,大分県,3144,HINA.S,大分県
copula,Inner Spirit,0,,-,766,KAME-R,大分県,1817,U*,大分県,2847,K-JET.,大分県,0,,-
copula,Highcharge Divolt,0,,-,849,KAMO-R,大分県,1693,KYRIE,大分県,2807,NUMATA,大分県,0,,-
copula,Grand Chariot,0,,-,1081,LOLWTF,大分県,1929,ABE8,大分県,3469,K-JET.,大分県,0,,-
copula,Godspeed,0,,-,963,K,大分県,1885,SPIRAL,大分県,3182,NUMATA,大分県,0,,-
copula,GOBBLE,0,,-,438,R-TYPE,大分県,698,WATER1,大分県,1722,YAMADA,大分県,0,,-
copula,Go Faraway,0,,-,979,NOOB,大分県,1367,AYA-2G,大分県,2489,HINATA,大分県,0,,-
copula,Glitch Nerds,0,,-,965,PLAN.B,大分県,1384,URAMP,大分県,2260,ANDIRA,大分県,0,,-
copula,GENERATE feat.綾倉盟,0,,-,1051,R-TYPE,大分県,1697,U*,大分県,2358,HINATA,大分県,0,,-
copula,Exchange Place,0,,-,736,NGKAWA,大分県,1206,NGKAWA,大分県,1801,HINATA,大分県,0,,-
copula,Everlasting Last,0,,-,773,KAMO-R,大分県,1647,NUMATA,大分県,2238,HINATA,大分県,0,,-
copula,Dynamite,544,HINATA,大分県,1185,IZUMI,大分県,2438,WAROTA,大分県,3850,K-JET.,大分県,0,,-
copula,Donkey Donk,0,,-,1122,K,大分県,1685,U*,大分県,2290,K-JET.,大分県,0,,-
copula,do the thing feat. Kanae Asaba,0,,-,615,K,大分県,1389,YA5CH,大分県,2327,HINATA,大分県,0,,-
copula,DIAMOND CROSSING,0,,-,947,MURA,大分県,1673,LOLWTF,大分県,3107,K-JET.,大分県,0,,-
copula,Devil's Gear,0,,-,961,PLAN.B,大分県,2135,U*,大分県,3517,K-JET.,大分県,0,,-
copula,Derelict Star feat. Ryu*,0,,-,1264,KAME-R,大分県,1863,U*,大分県,2644,YAMADA,大分県,0,,-
copula,Damage Per Second,0,,-,876,LIAR,大分県,1344,LIAR,大分県,2049,ANDIRA,大分県,2295,HINATA,大分県
copula,Daily Lunch Special,0,,-,1012,R-TYPE,大分県,2094,KABO$U,大分県,2967,HINA.S,大分県,0,,-
copula,CODE:1 [revision1.0.1],0,,-,944,KAMO-R,大分県,1652,U*,大分県,3118,YAMADA,大分県,0,,-
copula,chaos eater -IIDX edition-,0,,-,1088,KAME-R,大分県,1686,LASMIN,大分県,2630,ANDIRA,大分県,0,,-
copula,Central Station,0,,-,954,K,大分県,1392,J,大分県,2428,ANDIRA,大分県,0,,-
copula,Blue Spring Express,0,,-,1248,NOOB,大分県,1947,U*,大分県,3334,K-JET.,大分県,0,,-
copula,Battle Train -IIDX Edition-,0,,-,829,PLAN.B,大分県,2493,K-JET.,大分県,3280,K-JET.,大分県,0,,-
copula,Aublia,0,,-,874,R-TYPE,大分県,1492,NOOB,大分県,2568,HINATA,大分県,0,,-
copula,Arcana,0,,-,1167,DJDOG,大分県,1700,MAIYAN,大分県,2288,YAMADA,大分県,0,,-
copula,AO-1,0,,-,1125,PLAN.B,大分県,1918,KILA**,大分県,2815,K-JET.,大分県,0,,-
copula,Angelic Jelly,0,,-,1067,K,大分県,2020,4ME4CH,大分県,2797,K-JET.,大分県,0,,-
copula,Acid Pumper,0,,-,655,MURA,大分県,1581,KOKURI,大分県,2476,YAMADA,大分県,0,,-
copula,199024club -Re:BounceKiller-,0,,-,648,SAMMYK,大分県,1595,10FU86,大分県,2384,HINATA,大分県,0,,-
SINOBUZ,鴉,0,,-,1455,KAMO-R,大分県,2240,KOKURI,大分県,2703,YAMADA,大分県,0,,-
SINOBUZ,童話回廊,0,,-,861,K,大分県,1675,4ME4CH,大分県,3105,HINATA,大分県,0,,-
SINOBUZ,禍根,0,,-,781,PLAN.B,大分県,1291,SPIRAL,大分県,2605,NUMATA,大分県,0,,-
SINOBUZ,獅子霞麗ノ舞,0,,-,483,KAMO-R,大分県,1068,MAIYAN,大分県,1736,ANDIRA,大分県,0,,-
SINOBUZ,焔極OVERKILL,0,,-,1107,MURA,大分県,2193,HINATA,大分県,3635,K-JET.,大分県,0,,-
SINOBUZ,火影,0,,-,673,SAMMYK,大分県,1411,HINATA,大分県,2735,K-JET.,大分県,0,,-
SINOBUZ,津軽雪,0,,-,1437,LIAR,大分県,2161,KILA**,大分県,3860,YAMADA,大分県,0,,-
SINOBUZ,次葉 -turn the page-,0,,-,829,PLAN.B,大分県,1421,ANDIRA,大分県,2001,YAMADA,大分県,0,,-
SINOBUZ,月雪に舞う華のように,0,,-,824,TAKA.4,大分県,1329,AGE,大分県,2143,HINATA,大分県,0,,-
SINOBUZ,恋はどう？モロ◎波動OK☆方程式!!,0,,-,950,K,大分県,1562,AGE,大分県,2483,TANPA2,大分県,0,,-
SINOBUZ,忍恋花,0,,-,969,IZM238,大分県,1626,MIKOTO,大分県,2256,HINATA,大分県,0,,-
SINOBUZ,刃図羅,0,,-,1180,BD86,大分県,2082,AGE,大分県,3418,K-JET.,大分県,0,,-
SINOBUZ,冬椿 ft. Kanae Asaba,262,HINATA,大分県,884,KAME-R,大分県,1162,K,大分県,2286,YAMADA,大分県,3054,YAMADA,大分県
SINOBUZ,九尾狐夜行,0,,-,784,PLAN.B,大分県,1752,U*,大分県,2968,K-JET.,大分県,0,,-
SINOBUZ,ディッシュウォッシャー◎彡おいわちゃん,0,,-,677,K,大分県,1361,ELINGI,大分県,2531,K-JET.,大分県,0,,-
SINOBUZ,イザナミノナゲキ,0,,-,1126,R-TYPE,大分県,1960,KILA**,大分県,3259,K-JET.,大分県,0,,-
SINOBUZ,ちらちら・はらはら,0,,-,403,RIRCHU,大分県,909,KAME-R,大分県,1428,ANDIRA,大分県,0,,-
SINOBUZ,〆,0,,-,1207,PLAN.B,大分県,2268,KILA**,大分県,3707,K-JET.,大分県,0,,-
SINOBUZ,Yellow Sketch(RX-Ver.S.P.L.),0,,-,688,PLAN.B,大分県,1782,U*,大分県,2893,K-JET.,大分県,0,,-
SINOBUZ,yamabiko (SINOBUZ Edition),0,,-,913,PLAN.B,大分県,1560,U*,大分県,2652,YAMADA,大分県,0,,-
SINOBUZ,XINOBIKILL,0,,-,937,MURA,大分県,1767,KOKURI,大分県,2906,YAMADA,大分県,0,,-
SINOBUZ,Warrior,0,,-,948,PLAN.B,大分県,1776,AGE,大分県,2505,HINATA,大分県,0,,-
SINOBUZ,Vermilion,0,,-,757,PLAN.B,大分県,1324,KILA**,大分県,2055,HINATA,大分県,0,,-
SINOBUZ,Venom,0,,-,1153,PLAN.B,大分県,2175,HINATA,大分県,3205,YAMADA,大分県,0,,-
SINOBUZ,Umbral,0,,-,574,PLAN.B,大分県,1372,WATER1,大分県,1923,ANDIRA,大分県,3084,K-JET.,大分県
SINOBUZ,TOGAKUSHI,0,,-,1043,HINATA,大分県,1872,PA-SOU,大分県,2639,K-JET.,大分県,0,,-
SINOBUZ,The Commanders,0,,-,888,R-TYPE,大分県,1392,AYA-2G,大分県,2447,HINA.S,大分県,0,,-
SINOBUZ,Sweet Clapper,0,,-,541,KAMO-R,大分県,1191,SAMMYK,大分県,1917,HINATA,大分県,2924,K-JET.,大分県
SINOBUZ,Surf on the Light,0,,-,757,AGE,大分県,1488,HINATA,大分県,2289,HINATA,大分県,0,,-
SINOBUZ,Super Rush,0,,-,934,KAME-R,大分県,1883,TOILET,大分県,3550,K-JET.,大分県,0,,-
SINOBUZ,Summerlights(IIDX Edition),0,,-,1042,THEEND,大分県,1764,URAMP,大分県,3135,K-JET.,大分県,0,,-
SINOBUZ,Steel Edge,0,,-,915,AGE,大分県,1488,MIKOTO,大分県,3182,K-JET.,大分県,0,,-
SINOBUZ,Snakey Kung-fu,0,,-,1064,NOOB,大分県,2166,KOKURI,大分県,3451,K-JET.,大分県,0,,-
SINOBUZ,Sky High,441,HINATA,大分県,1092,SAMMYK,大分県,2322,IIDX32,大分県,3832,YAMADA,大分県,0,,-
SINOBUZ,SINOBUZ Fantasy,0,,-,949,KAME-R,大分県,1654,115TAL,大分県,2443,ANDIRA,大分県,0,,-
SINOBUZ,shuriken,0,,-,738,DAW1N,大分県,1106,NANASY,大分県,2566,ANDIRA,大分県,0,,-
SINOBUZ,Shoot'Em All,0,,-,672,PLAN.B,大分県,1342,RIRCHU,大分県,2484,HINATA,大分県,0,,-
SINOBUZ,SEQUENCE CAT,0,,-,1025,K,大分県,2203,KOKURI,大分県,2859,K-JET.,大分県,0,,-
SINOBUZ,Selfish Sweet,0,,-,608,Y-CHAN,大分県,919,PLAN.B,大分県,1718,HINATA,大分県,0,,-
SINOBUZ,Seize the Day,0,,-,682,MURA,大分県,1270,NOOB,大分県,2175,HINATA,大分県,0,,-
SINOBUZ,Seaside Labyrinth,0,,-,620,K,大分県,1325,HINATA,大分県,1879,HINATA,大分県,0,,-
SINOBUZ,SAY BAY,0,,-,816,K,大分県,1475,U*,大分県,2865,K-JET.,大分県,0,,-
SINOBUZ,Sarutobi Champion is 拙者,0,,-,907,ELIO,大分県,1591,NUMATA,大分県,2234,K-JET.,大分県,0,,-
SINOBUZ,SAMURAI-Scramble,0,,-,934,K,大分県,1661,10FU86,大分県,2427,YAMADA,大分県,2819,K-JET.,大分県
SINOBUZ,ROTTERDAM SHOGUN,545,HINATA,大分県,1054,KAME-R,大分県,1789,URAMP,大分県,2575,HINATA,大分県,0,,-
SINOBUZ,RISING FIRE HAWK,0,,-,799,KAME-R,大分県,1485,AGE,大分県,2724,YAMADA,大分県,0,,-
SINOBUZ,Remedy feat. Kanae Asaba,0,,-,829,KAME-R,大分県,1660,ANDIRA,大分県,2221,ANDIRA,大分県,0,,-
SINOBUZ,Rave Cannon,0,,-,989,SAMMYK,大分県,1831,DO,大分県,3360,YAMADA,大分県,0,,-
SINOBUZ,RAIN,0,,-,1044,KAMO-R,大分県,1714,NUMATA,大分県,3280,K-JET.,大分県,0,,-
SINOBUZ,Quakes,0,,-,1119,AGE,大分県,2130,HINATA,大分県,3216,K-JET.,大分県,0,,-
SINOBUZ,Piano Samurai,0,,-,976,STAPH.,大分県,1700,PIYO*,大分県,2508,HINATA,大分県,0,,-
SINOBUZ,PAPAYAPA BASS,0,,-,743,K,大分県,1528,WAMDUS,大分県,2825,YAMADA,大分県,0,,-
SINOBUZ,OTENAMI Hurricane,0,,-,1151,KAMO-R,大分県,2080,KILA**,大分県,3195,K-JET.,大分県,0,,-
SINOBUZ,OOO,0,,-,669,R-TYPE,大分県,1466,NUMATA,大分県,2064,HINATA,大分県,0,,-
SINOBUZ,nostos,0,,-,903,MACDO.,大分県,1366,YAMADA,大分県,2642,K-JET.,大分県,0,,-
SINOBUZ,Music is The Answer,0,,-,723,R-TYPE,大分県,1440,ANDIRA,大分県,1938,HINA.S,大分県,0,,-
SINOBUZ,Modular Technology,0,,-,1117,PLAN.B,大分県,1914,U*,大分県,2708,YAMADA,大分県,0,,-
SINOBUZ,Mare Nectaris,0,,-,1278,PLAN.B,大分県,2137,HINA.S,大分県,3755,NUMATA,大分県,0,,-
SINOBUZ,Magical,0,,-,758,KAMO-R,大分県,1102,J,大分県,2009,HINATA,大分県,0,,-
SINOBUZ,Macuilxochitl,534,HINATA,大分県,1362,K,大分県,2279,HINATA,大分県,3336,YAMADA,大分県,0,,-
SINOBUZ,Lost wing at.0,0,,-,911,SAGE,大分県,1389,AGE,大分県,2468,NUMATA,大分県,0,,-
SINOBUZ,INVISIBLE STRIX,0,,-,1071,PLAN.B,大分県,1996,U*,大分県,2625,HINATA,大分県,0,,-
SINOBUZ,Honey Trap,0,,-,782,K,大分県,1601,TOILET,大分県,2542,ANDIRA,大分県,0,,-
SINOBUZ,HAPPY★RUSH,0,,-,753,K,大分県,1855,AGE,大分県,2931,YAMADA,大分県,0,,-
SINOBUZ,HADES,392,HINATA,大分県,920,K,大分県,1776,U*,大分県,3117,K-JET.,大分県,0,,-
SINOBUZ,GuNGNiR,0,,-,1336,EROICA,大分県,2706,HINATA,大分県,3960,K-JET.,大分県,4566,NUMATA,大分県
SINOBUZ,Go Ahead!!,0,,-,916,SAMMYK,大分県,1587,HINATA,大分県,2743,NUMATA,大分県,0,,-
SINOBUZ,FUZIN RIZIN,0,,-,1182,AGE,大分県,1971,K-JET.,大分県,3817,K-JET.,大分県,0,,-
SINOBUZ,elemental bender feat. Kanae Asaba,0,,-,624,SAMMYK,大分県,1161,WAMDUS,大分県,1644,HINA.S,大分県,0,,-
SINOBUZ,Egret and Willow,0,,-,936,KAME-R,大分県,1627,SAGE,大分県,2736,ANDIRA,大分県,0,,-
SINOBUZ,ECHIDNA,0,,-,1249,MAIYAN,大分県,2070,ANAMEI,大分県,3417,K-JET.,大分県,0,,-
SINOBUZ,DORNWALD ～Junge～,0,,-,1232,9683-G,大分県,2243,KOKURI,大分県,3668,YAMADA,大分県,0,,-
SINOBUZ,Cyber True Color,0,,-,992,AGE,大分県,1563,WATTMA,大分県,2362,K-JET.,大分県,0,,-
SINOBUZ,crew,0,,-,630,HINATA,大分県,1724,4ME4CH,大分県,2949,K-JET.,大分県,0,,-
SINOBUZ,Caterpillar,0,,-,1074,PLAN.B,大分県,2176,U*,大分県,3050,YAMADA,大分県,0,,-
SINOBUZ,BroGamer,0,,-,1271,K,大分県,2130,U*,大分県,3100,ANDIRA,大分県,4650,K-JET.,大分県
SINOBUZ,Breakin' Chain,0,,-,698,SAGE,大分県,1286,SAGE,大分県,2331,ANDIRA,大分県,0,,-
SINOBUZ,BREAK OVER,0,,-,848,MURA,大分県,1435,LIAR,大分県,2384,ANDIRA,大分県,0,,-
SINOBUZ,Beyond The Seven,0,,-,672,KWNKWW,大分県,1223,GNS*NG,大分県,2729,ANDIRA,大分県,0,,-
SINOBUZ,Believe in you,0,,-,1133,R-TYPE,大分県,1754,LIAR,大分県,2445,HINA.S,大分県,0,,-
SINOBUZ,Beat Juggling Mix,0,,-,986,LAIR,大分県,1514,ANAMEI,大分県,2214,K-JET.,大分県,0,,-
SINOBUZ,Be A Star,0,,-,947,SAGE,大分県,1806,U*,大分県,2817,YAMADA,大分県,0,,-
SINOBUZ,BabeL ～Grand Story～,0,,-,1285,AGE,大分県,2014,U*,大分県,2826,K-JET.,大分県,0,,-
SINOBUZ,AsiaN distractive,0,,-,1158,LIAR,大分県,1658,SUICA,大分県,2628,K-JET.,大分県,0,,-
SINOBUZ,Around The Galaxy,0,,-,987,THEEND,大分県,1997,3BM,大分県,3413,YAMADA,大分県,0,,-
SINOBUZ,Apocalypse,0,,-,1100,PLAN.B,大分県,2069,WATTMA,大分県,3585,YAMADA,大分県,0,,-
SINOBUZ,AO-∞,0,,-,1162,SAGE,大分県,1782,U*,大分県,2715,K-JET.,大分県,0,,-
SINOBUZ,Amazing Mirage,376,HINATA,大分県,862,K,大分県,1687,U*,大分県,2662,YAMADA,大分県,3305,K-JET.,大分県
SINOBUZ,(This Is Not) The Angels,0,,-,578,CRIZ,大分県,1454,KILA**,大分県,2713,HINATA,大分県,0,,-
SINOBUZ,#MAGiCVLGiRL_TRVP_B3VTZ,0,,-,1108,CHIURI,大分県,1975,HINATA,大分県,3436,K-JET.,大分県,0,,-
SINOBUZ,!Viva!,0,,-,917,K,大分県,1540,IZUMI,大分県,2016,HINATA,大分県,0,,-
CANNON BALLERS,草原の王女-軌跡を辿って-,0,,-,662,PLAN.B,大分県,1207,SAGE,大分県,2328,HINATA,大分県,0,,-
CANNON BALLERS,純真可憐デザイア,254,HINATA,大分県,829,AGE,大分県,1564,SAGE,大分県,2338,HINATA,大分県,0,,-
CANNON BALLERS,神謳 -RESONANCE-,0,,-,1373,AGE,大分県,2557,HINATA,大分県,4026,K-JET.,大分県,0,,-
CANNON BALLERS,東京神話,468,ANDIRA,大分県,991,SAMMYK,大分県,1745,4ME4CH,大分県,2882,K-JET.,大分県,0,,-
CANNON BALLERS,命の標本,0,,-,712,KIWAMI,大分県,1679,10FU86,大分県,2685,HINATA,大分県,0,,-
CANNON BALLERS,共犯へヴンズコード,0,,-,485,PLAN.B,大分県,1342,AGE,大分県,2286,ANDIRA,大分県,0,,-
CANNON BALLERS,ラストセンチュリーメランコリック,0,,-,845,AGE,大分県,1608,TOILET,大分県,2192,ENNUI,大分県,0,,-
CANNON BALLERS,パラドキシカル・タイムリープトライアル(Short Ver.),0,,-,976,PLAN.B,大分県,1887,AGE,大分県,2788,K-JET.,大分県,0,,-
CANNON BALLERS,バスルーム ロマンス,0,,-,943,K,大分県,1405,IZUMI,大分県,2445,ANDIRA,大分県,0,,-
CANNON BALLERS,バ→ビ→ブ→Bomb!,0,,-,771,KAMO-R,大分県,1743,NAWONE,大分県,2567,K-JET.,大分県,0,,-
CANNON BALLERS,ハイ*ビスカス ft. Kanae Asaba,0,,-,818,KAMO-R,大分県,1527,U*,大分県,2456,YAMADA,大分県,0,,-
CANNON BALLERS,ナイトシティー・アヴァンチュール,0,,-,967,MURA,大分県,1531,AGE,大分県,2093,K-JET.,大分県,0,,-
CANNON BALLERS,シムルグの目醒め,0,,-,1285,K,大分県,2342,KORONE,大分県,3546,K-JET.,大分県,0,,-
CANNON BALLERS,エディブルフラワーの独白,0,,-,775,KAMO-R,大分県,1478,NGKAWA,大分県,2209,K-JET.,大分県,0,,-
CANNON BALLERS,うさ☆かめ 大戦争！,0,,-,846,THEEND,大分県,1505,URAMP,大分県,2521,HINATA,大分県,0,,-
CANNON BALLERS,Xperanza,550,HINATA,大分県,1331,KAMO-R,大分県,2407,4ME4CH,大分県,3228,K-JET.,大分県,0,,-
CANNON BALLERS,VOX RUSH,0,,-,1185,MIR,大分県,2166,TOTTY.,大分県,3313,HINATA,大分県,0,,-
CANNON BALLERS,Usual Days-remix,0,,-,1019,SAMMYK,大分県,1425,WATTMA,大分県,2698,YAMADA,大分県,0,,-
CANNON BALLERS,UMMU,438,HINATA,大分県,1089,KAMO-R,大分県,2055,U*,大分県,3116,YAMADA,大分県,0,,-
CANNON BALLERS,The Revolution (VIP Mix),0,,-,790,AGE,大分県,1483,SAGE,大分県,1873,HINATA,大分県,0,,-
CANNON BALLERS,The Chase,0,,-,651,KAME-R,大分県,1374,ANDIRA,大分県,2169,K-JET.,大分県,0,,-
CANNON BALLERS,THE CANNONBALLER,487,HINATA,大分県,1453,5392,大分県,2354,MATCHA,大分県,3461,YAMADA,大分県,0,,-
CANNON BALLERS,Temple of Anubis,0,,-,1004,AGE,大分県,1479,AGE,大分県,2669,YAMADA,大分県,0,,-
CANNON BALLERS,SUNLiGHT (IIDX Mix),0,,-,1108,LIAR,大分県,1647,WATTMA,大分県,2685,YAMADA,大分県,0,,-
CANNON BALLERS,Static State,0,,-,943,KAMO-R,大分県,1745,SAGE,大分県,2400,HINA.S,大分県,0,,-
CANNON BALLERS,STARLIGHT JUNCTION,0,,-,893,SAGE,大分県,1629,HINATA,大分県,2293,YAMADA,大分県,2904,YAMADA,大分県
CANNON BALLERS,SPEED DEMON,0,,-,733,PLAN.B,大分県,1466,HINATA,大分県,2356,K-JET.,大分県,0,,-
CANNON BALLERS,SPEED,0,,-,892,AGE,大分県,1404,PLAN.B,大分県,2648,HINATA,大分県,0,,-
CANNON BALLERS,"Son, not gabba now",0,,-,889,AGE,大分県,1431,IKROTK,大分県,2398,HINATA,大分県,0,,-
CANNON BALLERS,Slipstream,0,,-,1055,SAGE,大分県,2008,MIKOTO,大分県,3565,K-JET.,大分県,0,,-
CANNON BALLERS,Sleepless days,0,,-,507,PUNICO,大分県,900,SAGE,大分県,1576,ANDIRA,大分県,0,,-
CANNON BALLERS,SHOX,0,,-,719,STAPH.,大分県,1034,Y-CHAN,大分県,1744,HINATA,大分県,0,,-
CANNON BALLERS,Rise Circuit,0,,-,930,SAGE,大分県,1529,U*,大分県,2323,NUMATA,大分県,0,,-
CANNON BALLERS,REVOLVER,0,,-,898,SAGE,大分県,1599,SAGE,大分県,2759,K-JET.,大分県,3330,K-JET.,大分県
CANNON BALLERS,Raspberry Railgun,0,,-,1304,MA,大分県,2283,HINATA,大分県,3157,YAMADA,大分県,0,,-
CANNON BALLERS,Rampage,0,,-,1296,NUMATA,大分県,2500,YAMADA,大分県,3629,K-JET.,大分県,0,,-
CANNON BALLERS,Persephone,0,,-,1124,MCHKNA,大分県,1889,KORONE,大分県,3027,YAMADA,大分県,0,,-
CANNON BALLERS,Papilio ulysses,0,,-,1163,JA9,大分県,2040,U*,大分県,2932,K-JET.,大分県,0,,-
CANNON BALLERS,Only for now,0,,-,857,KAMO-R,大分県,1531,4ME4CH,大分県,2269,ANDIRA,大分県,0,,-
CANNON BALLERS,O/D*20,0,,-,1057,MURA,大分県,1647,S,大分県,2129,YAMADA,大分県,3897,YAMADA,大分県
CANNON BALLERS,Nothing but Theory,0,,-,1071,AGE,大分県,1514,WATER1,大分県,2862,YAMADA,大分県,3751,YAMADA,大分県
CANNON BALLERS,No Limit 2 dAnce feat. 大山愛未,0,,-,969,AGE,大分県,1542,10FU86,大分県,2355,YAMADA,大分県,0,,-
CANNON BALLERS,NITROUS CANNON,0,,-,1192,MURA,大分県,2065,HINATA,大分県,3646,K-JET.,大分県,0,,-
CANNON BALLERS,n'pa pa BBQ,0,,-,884,MURA,大分県,1689,EROICA,大分県,2788,YAMADA,大分県,0,,-
CANNON BALLERS,Mira,0,,-,747,ALEX.,大分県,1777,URAMP,大分県,3108,HINATA,大分県,0,,-
CANNON BALLERS,Midnight Lady,0,,-,594,089,大分県,1077,C-FOOD,大分県,1954,ANDIRA,大分県,0,,-
CANNON BALLERS,MAXIVCORD,0,,-,808,AGE,大分県,1379,WATTMA,大分県,2475,YAMADA,大分県,0,,-
CANNON BALLERS,LUV DRIVE,0,,-,820,SAGE,大分県,1222,J,大分県,2140,HINA.S,大分県,0,,-
CANNON BALLERS,LIGHTS ft. EVO+,0,,-,767,AGE,大分県,1360,NOOB,大分県,2377,HINATA,大分県,0,,-
CANNON BALLERS,"Life Is A Game ft.DD""ナカタ""Metal",0,,-,1194,KAMO-R,大分県,1844,TOTTY.,大分県,3460,K-JET.,大分県,0,,-
CANNON BALLERS,Let's Bounce !!,0,,-,724,SAGE,大分県,1011,STAPH.,大分県,2253,HINATA,大分県,0,,-
CANNON BALLERS,Initiation,658,ANDIRA,大分県,1407,LIAR,大分県,2516,NUMATA,大分県,3949,YAMADA,大分県,0,,-
CANNON BALLERS,Illusionary Waterlily,0,,-,1235,YKP*,大分県,2207,4ME4CH,大分県,3547,K-JET.,大分県,0,,-
CANNON BALLERS,I'm Coming (2017 Version),0,,-,625,CRIZ,大分県,1287,AGE,大分県,2103,HINATA,大分県,0,,-
CANNON BALLERS,I Love You,0,,-,1077,HINATA,大分県,1926,HINA.S,大分県,2744,YAMADA,大分県,0,,-
CANNON BALLERS,HYPE THE CORE,0,,-,1056,YKP*,大分県,2055,HINATA,大分県,3021,YAMADA,大分県,0,,-
CANNON BALLERS,Hella Deep,0,,-,590,PLAN.B,大分県,979,LAIR,大分県,1883,HINATA,大分県,0,,-
CANNON BALLERS,HAT TRICK,0,,-,833,LAIR,大分県,1418,AGE,大分県,2227,HINATA,大分県,0,,-
CANNON BALLERS,Get Up! feat. Kanae Asaba,0,,-,571,SAMMYK,大分県,1197,KILA**,大分県,1917,HINATA,大分県,0,,-
CANNON BALLERS,FUTURE is Dead,0,,-,838,R-TYPE,大分県,1497,ENNUI,大分県,2252,K-JET.,大分県,0,,-
CANNON BALLERS,From Time To Time,0,,-,794,AGE,大分県,1885,AGE,大分県,2557,HINATA,大分県,0,,-
CANNON BALLERS,FREEDOM,0,,-,986,SAGE,大分県,1670,SAGE,大分県,2942,YAMADA,大分県,0,,-
CANNON BALLERS,FIRE BALL,0,,-,775,STAPH.,大分県,1599,U*,大分県,2483,HINATA,大分県,0,,-
CANNON BALLERS,Fervidex,0,,-,839,SAGE,大分県,1804,U*,大分県,2706,NUMATA,大分県,0,,-
CANNON BALLERS,Expanded !!,0,,-,678,AGE,大分県,1520,SAGE,大分県,2633,YAMADA,大分県,0,,-
CANNON BALLERS,Exhaust Hype,0,,-,1022,SAGE,大分県,1869,NANATI,大分県,2830,YAMADA,大分県,0,,-
CANNON BALLERS,encounter,0,,-,924,SAGE,大分県,1686,BLYTHE,大分県,3284,HINATA,大分県,0,,-
CANNON BALLERS,EMERALDAS,527,ANDIRA,大分県,1300,NGKAWA,大分県,2443,HINATA,大分県,3549,K-JET.,大分県,0,,-
CANNON BALLERS,Eine Haube ～聖地の果てにあるもの～,0,,-,973,AGE,大分県,1346,LIAR,大分県,2591,ANDIRA,大分県,0,,-
CANNON BALLERS,DropZ-Line-,0,,-,1285,YURI,大分県,2039,NUMATA,大分県,3213,K-JET.,大分県,0,,-
CANNON BALLERS,DEATH†ZIGOQ ～怒りの高速爆走野郎～,0,,-,1286,YKP*,大分県,2477,HINATA,大分県,4045,K-JET.,大分県,4701,K-JET.,大分県
CANNON BALLERS,DEADHEAT,0,,-,1101,MURA,大分県,2006,MATCHA,大分県,3376,K-JET.,大分県,0,,-
CANNON BALLERS,COSMIC☆WONDER☆REVOLUTION,0,,-,755,NGKAWA,大分県,1379,NANASY,大分県,2092,HINATA,大分県,0,,-
CANNON BALLERS,City Never Sleeps (IIDX Edition),0,,-,1254,SAGE,大分県,1919,K-JET.,大分県,2663,YAMADA,大分県,0,,-
CANNON BALLERS,Chemical Cookie,0,,-,764,MURA,大分県,1387,U*,大分県,2148,HINATA,大分県,0,,-
CANNON BALLERS,ChaserXX,0,,-,1075,AGE,大分県,1819,U*,大分県,2846,ANDIRA,大分県,3776,NUMATA,大分県
CANNON BALLERS,Break Stasis,0,,-,1282,SAGE,大分県,1880,SAGE,大分県,2533,HINATA,大分県,0,,-
CANNON BALLERS,Boomy and The Boost,408,10FU86,大分県,1054,AGE,大分県,2003,U*,大分県,3567,ANDIRA,大分県,0,,-
CANNON BALLERS,Best of Me,0,,-,812,AGE,大分県,1559,WAMDUS,大分県,2238,HINATA,大分県,0,,-
CANNON BALLERS,Beast mode,0,,-,1033,SAGE,大分県,1562,4ME4CH,大分県,2754,ANDIRA,大分県,0,,-
CANNON BALLERS,Be a Hero!,0,,-,742,K,大分県,1822,PIYO*,大分県,3140,YAMADA,大分県,0,,-
CANNON BALLERS,Battleground,0,,-,1138,SAGE,大分県,1838,CHOCOA,大分県,2706,YAMADA,大分県,0,,-
CANNON BALLERS,Back Spin Sweeper,0,,-,827,NOOB,大分県,1422,YAMADA,大分県,2292,YAMADA,大分県,0,,-
CANNON BALLERS,Around the Future,0,,-,984,K,大分県,1612,LAIR,大分県,2633,YAMADA,大分県,0,,-
CANNON BALLERS,Arca,0,,-,914,SAGE,大分県,1867,AGE,大分県,3145,ANDIRA,大分県,0,,-
CANNON BALLERS,Antigravity,0,,-,1052,AGE,大分県,1906,MATCHA,大分県,3080,K-JET.,大分県,0,,-
CANNON BALLERS,ANCHOR,0,,-,1343,AGE,大分県,2415,MATCHA,大分県,3598,K-JET.,大分県,0,,-
CANNON BALLERS,ANAGMA,0,,-,1007,AGE,大分県,1802,AGE,大分県,2649,HINATA,大分県,0,,-
CANNON BALLERS,Amor De Verao,0,,-,742,K,大分県,1378,U*,大分県,2351,HINATA,大分県,0,,-
CANNON BALLERS,Alpheratz,0,,-,435,ANDIRA,大分県,1012,LIAR,大分県,2094,HINATA,大分県,0,,-
CANNON BALLERS,Acidiva 303,0,,-,799,SAGE,大分県,1181,ISM,大分県,2314,ANDIRA,大分県,0,,-
CANNON BALLERS,ACCELERATE,0,,-,1113,AGE,大分県,1731,MIKOTO,大分県,2504,ANDIRA,大分県,0,,-
CANNON BALLERS,Abraxas,0,,-,789,AGE,大分県,1650,AGE,大分県,2442,YAMADA,大分県,0,,-
CANNON BALLERS,AA -rebuild-,0,,-,1247,SAGE,大分県,2377,AGE,大分県,3602,YAMADA,大分県,0,,-
CANNON BALLERS,255,0,,-,847,MURA,大分県,1529,SOKI,大分県,3267,YAMADA,大分県,0,,-
CANNON BALLERS,2 Player,0,,-,868,PLAN.B,大分県,1583,SAGE,大分県,2562,HINA.S,大分県,0,,-
CANNON BALLERS,1001 -ESCAPE-,0,,-,970,MIKE,大分県,1682,AGE,大分県,2638,ANDIRA,大分県,0,,-
Rootage,龍王の霊廟(Mausoleum Of The Primal Dragon),0,,-,1128,AGE,大分県,2338,KOKURI,大分県,3217,YAMADA,大分県,3996,YAMADA,大分県
Rootage,金野火織の金色提言,0,,-,1105,KAMO-R,大分県,2159,4ME4CH,大分県,3109,K-JET.,大分県,0,,-
Rootage,花冠 feat.Aikapin,0,,-,896,K,大分県,1547,YANA77,大分県,2617,YAMADA,大分県,0,,-
Rootage,爆ゼニ☆がってんワーカー,0,,-,1263,HINATA,大分県,1804,SAGE,大分県,2741,YAMADA,大分県,0,,-
Rootage,深愛のリグレット,0,,-,795,HINATA,大分県,1208,HINATA,大分県,2401,YAMADA,大分県,0,,-
Rootage,泰東ノ翠霞,0,,-,498,HINATA,大分県,763,HINATA,大分県,1788,NUMATA,大分県,0,,-
Rootage,最小三倍完全数,0,,-,930,HINATA,大分県,1792,HINATA,大分県,2563,K-JET.,大分県,0,,-
Rootage,抱きしめてモナムール,0,,-,1282,AGE,大分県,2268,KILA**,大分県,4166,K-JET.,大分県,0,,-
Rootage,夏の匂い。キミの残像。 ft. Kanae Asaba,0,,-,674,AGE,大分県,1540,KUMATA,大分県,2561,YAMADA,大分県,0,,-
Rootage,ミッドナイト☆WAR,0,,-,828,HINATA,大分県,1597,HINATA,大分県,2511,ANDIRA,大分県,0,,-
Rootage,ミストレス・アンに花束を,0,,-,572,AGE,大分県,984,5392,大分県,1434,ANDIRA,大分県,0,,-
Rootage,ハードベース・フェスタ,0,,-,1142,AGE,大分県,1809,KUMATA,大分県,2870,K-JET.,大分県,0,,-
Rootage,セカンドピアス,0,,-,603,AGE,大分県,1093,AGE,大分県,2025,HINATA,大分県,0,,-
Rootage,サクラあっぱれーしょん,268,HINATA,大分県,605,RIRCHU,大分県,1461,MAIYAN,大分県,2325,ANDIRA,大分県,0,,-
Rootage,グラナダの風,0,,-,817,HINATA,大分県,1218,AGE,大分県,1873,HINATA,大分県,0,,-
Rootage,お菓子の王国,0,,-,1408,SAGE,大分県,2324,HINATA,大分県,4070,K-JET.,大分県,0,,-
Rootage,おーまい！らぶりー！すうぃーてぃ！だーりん！,0,,-,1094,HINATA,大分県,1976,HINATA,大分県,2942,YAMADA,大分県,0,,-
Rootage,ZENDEGI DANCE,0,,-,1194,HINATA,大分県,1837,HINATA,大分県,2765,K-JET.,大分県,0,,-
Rootage,Yum Yum Jelly,0,,-,783,AGE,大分県,1537,AGE,大分県,2384,K-JET.,大分県,0,,-
Rootage,Xlo,0,,-,1447,NOOB,大分県,2388,AGE,大分県,3806,K-JET.,大分県,0,,-
Rootage,XENON II ～TOMOYUKIの野望～,0,,-,1058,SAMMYK,大分県,1691,U*,大分県,3004,YAMADA,大分県,0,,-
Rootage,X-DEN,0,,-,1592,SAGE,大分県,2753,ANDIRA,大分県,4098,K-JET.,大分県,0,,-
Rootage,Wonderland,0,,-,1043,AGE,大分県,1835,SAGE,大分県,2756,HINATA,大分県,0,,-
Rootage,Won(*3*)Chu KissMe!,272,HINATA,大分県,931,AGE,大分県,1366,AGE,大分県,2516,YAMADA,大分県,0,,-
Rootage,Wolf 1061,0,,-,1023,HINATA,大分県,1670,AGE,大分県,3132,K-JET.,大分県,0,,-
Rootage,Wing of Hearts,0,,-,1062,PLAN.B,大分県,1733,SAGE,大分県,2935,YAMADA,大分県,0,,-
Rootage,voltississimo,0,,-,1198,HINATA,大分県,2206,HINATA,大分県,3626,K-JET.,大分県,0,,-
Rootage,Visterhv,0,,-,1282,HINATA,大分県,2276,HINATA,大分県,3707,NUMATA,大分県,0,,-
Rootage,Urban Constellations,0,,-,712,AGE,大分県,1459,AGE,大分県,2298,K-JET.,大分県,0,,-
Rootage,UNDERWORLD HOLOGRAPHY,0,,-,1156,HINATA,大分県,2135,HINATA,大分県,3269,YAMADA,大分県,0,,-
Rootage,Unbelief,0,,-,1132,HINATA,大分県,2162,HINATA,大分県,3206,K-JET.,大分県,0,,-
Rootage,U.S.A.,573,HINATA,大分県,1109,AGE,大分県,1925,HINATA,大分県,2921,YAMADA,大分県,0,,-
Rootage,Twilight Warp,0,,-,949,AGE,大分県,1418,AGE,大分県,2162,HINATA,大分県,0,,-
Rootage,Trill auf G,0,,-,1166,HINATA,大分県,2134,HINATA,大分県,3278,K-JET.,大分県,0,,-
Rootage,ToyCube Pf.(RX-Ver.S.P.L.),0,,-,754,HINATA,大分県,1496,NGKAWA,大分県,2283,HINATA,大分県,0,,-
Rootage,toy boxer,0,,-,774,HINATA,大分県,1431,HINATA,大分県,2235,ANDIRA,大分県,0,,-
Rootage,The Sealer ～ア・ミリアとミリアの民～,0,,-,841,HINATA,大分県,1415,HINATA,大分県,2226,ANDIRA,大分県,0,,-
Rootage,The Rebellion of Sequencer,0,,-,1234,AGE,大分県,1978,AGE,大分県,3148,YAMADA,大分県,0,,-
Rootage,THE DAY OF JUBILATIONS,0,,-,1534,AGE,大分県,2357,KILA**,大分県,3468,HINATA,大分県,0,,-
Rootage,The Best of Both Worlds,0,,-,557,SAMMYK,大分県,1332,WATER1,大分県,2225,K-JET.,大分県,0,,-
Rootage,Technicolour Dreams,0,,-,943,HINATA,大分県,1393,SAGE,大分県,2395,HINATA,大分県,0,,-
Rootage,Starry Night,0,,-,905,AGE,大分県,1494,NGKAWA,大分県,2515,HINATA,大分県,0,,-
Rootage,SPEED ROCKER,0,,-,916,AGE,大分県,1665,SAGE,大分県,2315,ANDIRA,大分県,0,,-
Rootage,Six String Proof,0,,-,903,HINATA,大分県,1652,HINATA,大分県,2555,ANDIRA,大分県,0,,-
Rootage,SIGMA,0,,-,854,HINATA,大分県,1497,AGE,大分県,2675,ANDIRA,大分県,0,,-
Rootage,Sidechained Threats,0,,-,1240,HINATA,大分県,1991,HINATA,大分県,2448,ANDIRA,大分県,0,,-
Rootage,Serious?,0,,-,570,KAMO-R,大分県,1106,PLAN.B,大分県,2259,YAMADA,大分県,0,,-
Rootage,R∞tAge,545,ANDIRA,大分県,1050,K,大分県,1596,FE,大分県,2973,YAMADA,大分県,0,,-
Rootage,ruin of opals,0,,-,1010,HINATA,大分県,1950,HINATA,大分県,3148,YAMADA,大分県,0,,-
Rootage,ROZA DE ANDALUCIA,0,,-,1324,HINATA,大分県,2094,HINATA,大分県,3059,HINATA,大分県,0,,-
Rootage,"ROCK女 feat. 大山愛未, Ken",0,,-,1042,K1-,大分県,1793,AGE,大分県,2769,NUMATA,大分県,0,,-
Rootage,REPLAY,0,,-,929,SAGE,大分県,1662,NUMATA,大分県,2279,HINATA,大分県,0,,-
Rootage,Red. by Jack Trance,0,,-,1521,HINATA,大分県,2183,ANDIRA,大分県,3573,K-JET.,大分県,0,,-
Rootage,Re:Story,0,,-,428,AGE,大分県,1110,AGE,大分県,1954,HINATA,大分県,0,,-
Rootage,Psycho Sheep Riddim,0,,-,644,AGE,大分県,925,KAMO-R,大分県,1678,HINATA,大分県,2275,K-JET.,大分県
Rootage,Please Welcome Mr.C,0,,-,1129,HINATA,大分県,1805,HINATA,大分県,2995,K-JET.,大分県,0,,-
Rootage,Playing With Fire,0,,-,1016,HINATA,大分県,1698,HINATA,大分県,2377,K-JET.,大分県,0,,-
Rootage,Particle Arts,0,,-,884,AGE,大分県,1619,AGE,大分県,2479,ANDIRA,大分県,0,,-
Rootage,Painful Fate,0,,-,1277,HINATA,大分県,2277,HINATA,大分県,3344,NUMATA,大分県,0,,-
Rootage,OVER TIME,0,,-,554,HAIDO,大分県,958,AGE,大分県,1557,HINATA,大分県,0,,-
Rootage,ONIGOROSHI,0,,-,1129,K1-,大分県,2137,ABE8,大分県,3011,K-JET.,大分県,0,,-
Rootage,Night! Night! Night!,0,,-,1209,HINATA,大分県,1839,HINATA,大分県,3062,YAMADA,大分県,0,,-
Rootage,"Next Tales 2 Oath (IIDX 20th Anniv ""Ring"" Theme)",0,,-,906,HINATA,大分県,1649,HINATA,大分県,2741,ENNUI,大分県,0,,-
Rootage,Necroxis Girl,0,,-,1195,HINATA,大分県,2009,HINATA,大分県,2828,YAMADA,大分県,0,,-
Rootage,Macho Monky,0,,-,1486,HINATA,大分県,2170,HINATA,大分県,3055,K-JET.,大分県,0,,-
Rootage,LOST TECHNOLOGIE,0,,-,1160,HINATA,大分県,1824,K1-,大分県,3508,K-JET.,大分県,0,,-
Rootage,Lift Us High,0,,-,987,HINATA,大分県,1609,HINATA,大分県,2481,HINATA,大分県,0,,-
Rootage,Level One,0,,-,1237,AGE,大分県,2313,NUMATA,大分県,3537,K-JET.,大分県,0,,-
Rootage,Lethal Weapon,0,,-,1185,HINATA,大分県,1893,HINATA,大分県,3228,K-JET.,大分県,0,,-
Rootage,Let me be your cure,0,,-,1127,SAGE,大分県,1434,NUMATA,大分県,2678,HINATA,大分県,0,,-
Rootage,LADYBIRD,0,,-,1136,HINATA,大分県,1682,HINATA,大分県,2451,HINATA,大分県,0,,-
Rootage,L.F.O,0,,-,832,SAMMYK,大分県,1784,HINATA,大分県,3325,K-JET.,大分県,0,,-
Rootage,KILL EACH OTHER,0,,-,1329,LIAR,大分県,2369,AGE,大分県,3848,YAMADA,大分県,0,,-
Rootage,IDOL syndrome.,0,,-,753,AGE,大分県,1356,SNNNNN,大分県,2205,ANDIRA,大分県,3001,YAMADA,大分県
Rootage,IDC feat.REVERBEE (Mo'Cuts Ver),0,,-,1092,ANDIRA,大分県,1529,AGE,大分県,2221,ANDIRA,大分県,0,,-
Rootage,Hurry Hurry,0,,-,737,NGKAWA,大分県,1019,NGKAWA,大分県,2089,HINATA,大分県,0,,-
Rootage,HOT LIMIT,404,HINATA,大分県,1053,AGE,大分県,1699,MIKOTO,大分県,2543,K-JET.,大分県,0,,-
Rootage,HEISEI,379,ANDIRA,大分県,1154,SAGE,大分県,1931,KOKURI,大分県,2560,NUMATA,大分県,0,,-
Rootage,HARD BRAIN,0,,-,1392,HINATA,大分県,2077,HINATA,大分県,3771,YAMADA,大分県,0,,-
Rootage,GO OVER WITH GLARE -ROOTAGE 26-,0,,-,1091,HINATA,大分県,2307,HINATA,大分県,3895,K-JET.,大分県,0,,-
Rootage,Glory,0,,-,761,AGE,大分県,1484,PLAN.B,大分県,2338,ANDIRA,大分県,0,,-
Rootage,GIGA THRASH,0,,-,1277,HINATA,大分県,1815,SAGE,大分県,2739,ANDIRA,大分県,0,,-
Rootage,GENE,0,,-,1287,SAGE,大分県,1960,CXF,大分県,4338,YAMADA,大分県,0,,-
Rootage,Geirskogul,0,,-,1085,HINATA,大分県,1599,HINATA,大分県,2240,HINATA,大分県,0,,-
Rootage,Garuda,0,,-,1075,HINATA,大分県,1659,HINATA,大分県,2609,K-JET.,大分県,0,,-
Rootage,EVANESCENT,0,,-,1306,HINATA,大分県,2398,HINATA,大分県,3619,K-JET.,大分県,0,,-
Rootage,Ember Lights,0,,-,946,SAGE,大分県,1659,K-JET.,大分県,2729,YAMADA,大分県,0,,-
Rootage,DRUNK MONKY,0,,-,1023,HINATA,大分県,1623,HINATA,大分県,2306,YAMADA,大分県,0,,-
Rootage,Drastic Dramatic,0,,-,1591,HINATA,大分県,2416,KOKURI,大分県,3504,YAMADA,大分県,0,,-
Rootage,Dr. Chemical & Killing Machine,0,,-,1103,AGE,大分県,1860,KILA**,大分県,3381,YAMADA,大分県,0,,-
Rootage,Digital Skipper,0,,-,965,NGKAWA,大分県,1517,SAGE,大分県,2248,ANDIRA,大分県,0,,-
Rootage,dAuntl3ss,0,,-,1067,SAGE,大分県,1950,MIKOTO,大分県,3516,YAMADA,大分県,0,,-
Rootage,Cranberry City ft. Luschel,0,,-,860,HINATA,大分県,1560,AGE,大分県,2439,ANDIRA,大分県,0,,-
Rootage,COSMIC CYBER,0,,-,996,SAGE,大分県,1663,AGE,大分県,2917,YAMADA,大分県,0,,-
Rootage,CoMAAAAAAA,0,,-,1174,NGKAWA,大分県,2120,HINATA,大分県,2405,YAMADA,大分県,0,,-
Rootage,CODE:0,0,,-,1449,HINATA,大分県,2213,ANDIRA,大分県,2850,HINA.S,大分県,3428,YAMADA,大分県
Rootage,Catch Our Fire!,0,,-,1346,SAGE,大分県,2200,SAGE,大分県,3707,YAMADA,大分県,0,,-
Rootage,Carry Me Away,529,10FU86,大分県,1138,HINATA,大分県,1843,HINATA,大分県,3197,K-JET.,大分県,0,,-
Rootage,Carmina,510,4KADES,大分県,1353,HINATA,大分県,2530,HINATA,大分県,3779,NUMATA,大分県,0,,-
Rootage,BLOSSOM,0,,-,1081,HINATA,大分県,1677,HINATA,大分県,2567,NUMATA,大分県,0,,-
Rootage,BLACK JACKAL,0,,-,852,HINATA,大分県,1600,HINATA,大分県,2340,HINATA,大分県,0,,-
Rootage,Angels & Demons,0,,-,895,AGE,大分県,1726,AGE,大分県,2452,HINATA,大分県,0,,-
Rootage,AGAiN,0,,-,1003,AGE,大分県,1571,SAGE,大分県,2308,HINATA,大分県,0,,-
Rootage,Afterimage d'automne,0,,-,1027,HINATA,大分県,1727,HINATA,大分県,2880,K-JET.,大分県,0,,-
Rootage,A Tale Hidden In The Abyss,0,,-,955,HINATA,大分県,1663,LOLWTF,大分県,2631,HINATA,大分県,0,,-
Rootage,50th Memorial Songs -二人の時 ～under the cherry blossoms～-,561,10FU86,大分県,1239,ANDIRA,大分県,1666,HINATA,大分県,2618,YAMADA,大分県,0,,-
Rootage,50th Memorial Songs -The BEMANI History-,545,115TAL,大分県,1088,HINATA,大分県,1663,HINATA,大分県,2654,HINATA,大分県,0,,-
Rootage,50th Memorial Songs -Flagship medley-,377,115TAL,大分県,985,HINATA,大分県,1557,HINATA,大分県,2294,YAMADA,大分県,0,,-
Rootage,50th Memorial Songs -Beginning Story-,319,115TAL,大分県,804,NOOB,大分県,1555,FIES,大分県,2733,HINATA,大分県,0,,-
Rootage,& Intelligence,0,,-,1125,SAGE,大分県,2179,HINATA,大分県,3202,YAMADA,大分県,0,,-
HEROIC VERSE,魅惑のYUMMYスイーツ,0,,-,931,HINATA,大分県,1804,HINATA,大分県,3088,K-JET.,大分県,0,,-
HEROIC VERSE,開きたまえ！Next stAge！,0,,-,1144,HINATA,大分県,1717,HINATA,大分県,2903,YAMADA,大分県,0,,-
HEROIC VERSE,錬成人間トリコロイダー,0,,-,1060,HINATA,大分県,1822,HINATA,大分県,3211,ANDIRA,大分県,0,,-
HEROIC VERSE,華麗なる大犬円舞曲,0,,-,1381,HINATA,大分県,2133,HINATA,大分県,3492,K-JET.,大分県,0,,-
HEROIC VERSE,眠りの国のステラ,0,,-,1184,HINATA,大分県,1877,HINATA,大分県,2759,HINATA,大分県,0,,-
HEROIC VERSE,狂水一華,0,,-,975,HINATA,大分県,1763,HINATA,大分県,2716,YAMADA,大分県,0,,-
HEROIC VERSE,灼熱Beach Side Bunny (Masayoshi Iimori Remix),0,,-,667,HINATA,大分県,1148,HINATA,大分県,1832,HINATA,大分県,0,,-
HEROIC VERSE,深淵に捧ぐレクイエム,0,,-,852,HINATA,大分県,1666,HINATA,大分県,3026,K-JET.,大分県,0,,-
HEROIC VERSE,曼荼羅恋々,0,,-,1113,HINATA,大分県,1742,HINATA,大分県,2765,YAMADA,大分県,0,,-
HEROIC VERSE,俺ら東京さ行ぐだ,252,HINATA,大分県,643,AGE,大分県,1329,HINATA,大分県,2002,HINATA,大分県,3601,YAMADA,大分県
HEROIC VERSE,令和(1991RAVE REMIX),355,HINATA,大分県,572,HINATA,大分県,1388,HINATA,大分県,2208,HINATA,大分県,0,,-
HEROIC VERSE,ランカーキラーガール,0,,-,1159,HINATA,大分県,1904,HINATA,大分県,2940,YAMADA,大分県,0,,-
HEROIC VERSE,ラブキラ☆スプラッシュ,0,,-,1125,HINATA,大分県,1669,HINATA,大分県,2528,HINATA,大分県,0,,-
HEROIC VERSE,ピアノ協奏曲第1番”蠍火” (BlackY Remix),0,,-,1041,HINATA,大分県,2133,HINATA,大分県,3745,NUMATA,大分県,0,,-
HEROIC VERSE,バッドエンド・シンドローム,0,,-,1065,HINATA,大分県,1776,HINATA,大分県,2964,ANDIRA,大分県,0,,-
HEROIC VERSE,セピアの軌跡 ft. 天宮みや(少女フラクタル),381,ANDIRA,大分県,803,HINATA,大分県,1462,HINATA,大分県,2398,YAMADA,大分県,0,,-
HEROIC VERSE,シャムシールの舞,0,,-,859,HINATA,大分県,1562,HINATA,大分県,2561,ANDIRA,大分県,0,,-
HEROIC VERSE,ガヴリールドロップキック,406,HINATA,大分県,774,HINATA,大分県,1678,HINATA,大分県,2682,K-JET.,大分県,0,,-
HEROIC VERSE,がっつり陰キャ!? 怪盗いいんちょの億劫^^;,0,,-,1576,HINATA,大分県,2744,HINATA,大分県,4271,K-JET.,大分県,0,,-
HEROIC VERSE,Ypsilon,0,,-,1130,HINATA,大分県,1805,HINATA,大分県,2907,YAMADA,大分県,3564,K-JET.,大分県
HEROIC VERSE,Voo Doo Bamboleo,0,,-,914,HINATA,大分県,1552,HINATA,大分県,2503,HINATA,大分県,0,,-
HEROIC VERSE,Volcanic Dragon,0,,-,1081,HINATA,大分県,1790,HINATA,大分県,2979,YAMADA,大分県,0,,-
HEROIC VERSE,Virus Funk,0,,-,785,HINATA,大分県,1552,HINATA,大分県,2224,HINATA,大分県,0,,-
HEROIC VERSE,Vinculum stellarum,0,,-,942,HINATA,大分県,2386,HINATA,大分県,3661,K-JET.,大分県,0,,-
HEROIC VERSE,VIBRΛ,0,,-,936,HINATA,大分県,1325,HINATA,大分県,1876,HINATA,大分県,0,,-
HEROIC VERSE,VALKYRIAS -英雄誕生-,469,HINATA,大分県,1040,HINATA,大分県,1751,HINATA,大分県,2759,YAMADA,大分県,0,,-
HEROIC VERSE,UNITE THE HEART,0,,-,1484,HINATA,大分県,2585,HINATA,大分県,3332,YAMADA,大分県,0,,-
HEROIC VERSE,TRIUMPH,0,,-,946,HINATA,大分県,2009,HINATA,大分県,3392,K-JET.,大分県,0,,-
HEROIC VERSE,Theory,0,,-,790,HINATA,大分県,1443,10FU86,大分県,2614,K-JET.,大分県,0,,-
HEROIC VERSE,The Sky of Sadness,0,,-,885,HINATA,大分県,1528,HINATA,大分県,2401,HINATA,大分県,0,,-
HEROIC VERSE,THE F∀UST,0,,-,1364,HINATA,大分県,2319,HINATA,大分県,3616,YAMADA,大分県,0,,-
HEROIC VERSE,THE BRAVE MUST DIE,0,,-,1428,HINATA,大分県,2500,HINATA,大分県,4084,K-JET.,大分県,0,,-
HEROIC VERSE,TECHNO Style Essentials,0,,-,1009,HINATA,大分県,1646,HINATA,大分県,2859,K-JET.,大分県,0,,-
HEROIC VERSE,take me higher,0,,-,826,HINATA,大分県,1290,HINATA,大分県,2019,HINATA,大分県,0,,-
HEROIC VERSE,T-REX vs Velociraptor (In the Far east euphoria),0,,-,1418,HINATA,大分県,1854,HINATA,大分県,3211,YAMADA,大分県,0,,-
HEROIC VERSE,Sugar Drippin',0,,-,777,HINATA,大分県,1390,HINATA,大分県,2109,HINATA,大分県,0,,-
HEROIC VERSE,STOIC HYPOTHESIS,0,,-,1125,HINATA,大分県,1822,HINATA,大分県,2851,YAMADA,大分県,0,,-
HEROIC VERSE,Sparkle Smilin',0,,-,920,HINATA,大分県,1508,HINATA,大分県,2463,ANDIRA,大分県,0,,-
HEROIC VERSE,Smashing Wedge,0,,-,980,HINATA,大分県,2233,HINATA,大分県,3798,YAMADA,大分県,0,,-
HEROIC VERSE,Ska-sh All Neurons!!,0,,-,987,HINATA,大分県,1470,HINATA,大分県,2336,HINATA,大分県,0,,-
HEROIC VERSE,Silly Love,257,ANDIRA,大分県,791,HINATA,大分県,1409,HINATA,大分県,2092,HINATA,大分県,0,,-
HEROIC VERSE,Shiva,0,,-,738,HINATA,大分県,1494,HINATA,大分県,2137,K-JET.,大分県,0,,-
HEROIC VERSE,Sellout,0,,-,547,HINATA,大分県,1062,HINATA,大分県,2115,HINATA,大分県,0,,-
HEROIC VERSE,SCREW // owo // SCREW,0,,-,1123,HINATA,大分県,2165,HINATA,大分県,3015,HINATA,大分県,0,,-
HEROIC VERSE,S!ck (Nhato Remix),0,,-,1007,HINATA,大分県,1652,HINATA,大分県,2532,K-JET.,大分県,0,,-
HEROIC VERSE,rough percussionythm,0,,-,1026,HINATA,大分県,1685,HINATA,大分県,2535,HINATA,大分県,0,,-
HEROIC VERSE,Rave Patroller,0,,-,1384,HINATA,大分県,2361,HINATA,大分県,3382,YAMADA,大分県,0,,-
HEROIC VERSE,Rave lithosphere,0,,-,1101,HINATA,大分県,1767,HINATA,大分県,2659,YAMADA,大分県,0,,-
HEROIC VERSE,Rainstorm,0,,-,999,HINATA,大分県,1557,HINATA,大分県,2283,HINATA,大分県,0,,-
HEROIC VERSE,Queen Kaguya,0,,-,979,HINATA,大分県,1894,HINATA,大分県,2621,HINATA,大分県,0,,-
HEROIC VERSE,Punching Down (IIDX Mix),0,,-,674,HINATA,大分県,1195,HINATA,大分県,1876,HINATA,大分県,0,,-
HEROIC VERSE,Primitive Vibes,594,ANDIRA,大分県,1166,HINATA,大分県,2002,HINATA,大分県,3099,YAMADA,大分県,0,,-
HEROIC VERSE,POP TEAM EPIC(kors k Remix),329,HINATA,大分県,535,HINATA,大分県,1300,HINATA,大分県,2145,ANDIRA,大分県,0,,-
HEROIC VERSE,PHASE SHIFT MANEUVER,0,,-,1270,HINATA,大分県,1737,HINATA,大分県,2849,NUMATA,大分県,0,,-
HEROIC VERSE,Override,0,,-,954,HINATA,大分県,1627,HINATA,大分県,2922,YAMADA,大分県,4304,K-JET.,大分県
HEROIC VERSE,OUTER PLANETS,0,,-,677,HINATA,大分県,1416,HINATA,大分県,2183,NUMATA,大分県,0,,-
HEROIC VERSE,ORCA,0,,-,1346,HINATA,大分県,2437,HINATA,大分県,3472,K-JET.,大分県,0,,-
HEROIC VERSE,Ohayo!,0,,-,973,HINATA,大分県,1589,HINATA,大分県,2430,HINATA,大分県,0,,-
HEROIC VERSE,NRG STAR '86 feat. 大山愛未,0,,-,1030,HINATA,大分県,1506,HINATA,大分県,2654,YAMADA,大分県,0,,-
HEROIC VERSE,NEWALONE,0,,-,602,HINATA,大分県,1316,HINATA,大分県,2017,HINATA,大分県,0,,-
HEROIC VERSE,Nasty Techniques,0,,-,987,HINATA,大分県,1695,HINATA,大分県,2649,YAMADA,大分県,0,,-
HEROIC VERSE,Moving on,0,,-,1040,HINATA,大分県,1939,HINATA,大分県,2993,YAMADA,大分県,0,,-
HEROIC VERSE,Mel,0,,-,791,HINATA,大分県,1528,HINATA,大分県,2173,HINATA,大分県,0,,-
HEROIC VERSE,Megalara Garuda,0,,-,1509,HINATA,大分県,1976,KOKURI,大分県,3045,K-JET.,大分県,0,,-
HEROIC VERSE,Matt Silver,0,,-,1183,HINATA,大分県,2163,HINATA,大分県,3334,HINATA,大分県,0,,-
HEROIC VERSE,Lost Souls,0,,-,712,HINATA,大分県,1700,HINATA,大分県,2454,HINATA,大分県,3933,NUMATA,大分県
HEROIC VERSE,Lords Of The Roundtable,0,,-,1070,HINATA,大分県,1865,HINATA,大分県,3060,K-JET.,大分県,0,,-
HEROIC VERSE,Like+it!,0,,-,1077,HINATA,大分県,1753,HINATA,大分県,2380,YAMADA,大分県,0,,-
HEROIC VERSE,LIGHTNING STRIKES,468,10FU86,大分県,935,HINATA,大分県,1700,YAMADA,大分県,3263,YAMADA,大分県,4171,NUMATA,大分県
HEROIC VERSE,Level 2,0,,-,949,HINATA,大分県,1741,HINATA,大分県,2864,K-JET.,大分県,0,,-
HEROIC VERSE,LASER CRUSTER (IGNITE REMIX),0,,-,794,HINATA,大分県,1797,HINATA,大分県,3581,K-JET.,大分県,0,,-
HEROIC VERSE,Jetcoaster Windy,0,,-,819,HINATA,大分県,1435,HINATA,大分県,2289,HINATA,大分県,0,,-
HEROIC VERSE,Into The Madness,0,,-,1006,HINATA,大分県,1623,HINATA,大分県,2528,ANDIRA,大分県,0,,-
HEROIC VERSE,Infinity Mirror,0,,-,861,HINATA,大分県,1407,HINATA,大分県,2315,YAMADA,大分県,0,,-
HEROIC VERSE,Inferno of Fomalhaut,0,,-,1044,HINATA,大分県,1906,HINATA,大分県,3206,K-JET.,大分県,0,,-
HEROIC VERSE,If,0,,-,794,HINATA,大分県,1368,HINATA,大分県,1907,ENNUI,大分県,0,,-
HEROIC VERSE,Hyper Drive feat. ぷにぷに電機,0,,-,665,HINATA,大分県,1534,HINATA,大分県,1997,HINATA,大分県,0,,-
HEROIC VERSE,Horizons of Promise,0,,-,952,HINATA,大分県,1520,HINATA,大分県,2628,HINA.S,大分県,0,,-
HEROIC VERSE,Hold My Hand,0,,-,943,HINATA,大分県,1707,HINATA,大分県,2489,HINATA,大分県,0,,-
HEROIC VERSE,GIGA VIOLATE,0,,-,1121,HINATA,大分県,1661,HINATA,大分県,2758,YAMADA,大分県,0,,-
HEROIC VERSE,GHOST,0,,-,837,HINATA,大分県,1494,HINATA,大分県,2775,YAMADA,大分県,0,,-
HEROIC VERSE,Friction[!]Function,0,,-,1112,HINATA,大分県,1812,ENNUI,大分県,3207,YAMADA,大分県,0,,-
HEROIC VERSE,Forgetting Machine,0,,-,729,HINATA,大分県,1259,HINATA,大分県,1722,K-JET.,大分県,0,,-
HEROIC VERSE,Fly Above (Vicissitude Remix),0,,-,879,HINATA,大分県,1553,HINATA,大分県,2392,HINATA,大分県,0,,-
HEROIC VERSE,fairy cocktail,0,,-,457,HINATA,大分県,1108,HINATA,大分県,1647,HINATA,大分県,0,,-
HEROIC VERSE,EXCITE,330,HINATA,大分県,824,HINATA,大分県,1366,HINATA,大分県,2230,HINATA,大分県,0,,-
HEROIC VERSE,Everlasting Message,0,,-,1254,HINATA,大分県,2350,HINATA,大分県,3787,NUMATA,大分県,0,,-
HEROIC VERSE,EROICA,0,,-,1404,HINATA,大分県,2317,HINATA,大分県,3912,CXF,大分県,0,,-
HEROIC VERSE,Duration,0,,-,539,HINATA,大分県,1026,HINATA,大分県,1951,HINATA,大分県,0,,-
HEROIC VERSE,Drop It,0,,-,1407,HINATA,大分県,2008,HINATA,大分県,2763,NUMATA,大分県,0,,-
HEROIC VERSE,Double Dribble,0,,-,1298,HINATA,大分県,1975,HINATA,大分県,3320,YAMADA,大分県,0,,-
HEROIC VERSE,Do What You Want,0,,-,701,HINATA,大分県,1285,HINA.S,大分県,2038,HINATA,大分県,0,,-
HEROIC VERSE,Dans la nuit de l'eternite,0,,-,1415,HINATA,大分県,2269,HINATA,大分県,3406,HINATA,大分県,0,,-
HEROIC VERSE,Crank It,0,,-,783,HINATA,大分県,1451,HINATA,大分県,2450,HINA.S,大分県,0,,-
HEROIC VERSE,Change Yourself,0,,-,973,HINATA,大分県,1755,HINATA,大分県,2541,NUMATA,大分県,0,,-
HEROIC VERSE,Calvados Queen,0,,-,997,HINATA,大分県,1545,HINATA,大分県,2466,K-JET.,大分県,0,,-
HEROIC VERSE,Bow shock!!,0,,-,814,HINATA,大分県,1966,NUMATA,大分県,3109,YAMADA,大分県,4269,YAMADA,大分県
HEROIC VERSE,Beautiful Harmony (IIDX Mix),0,,-,902,HINATA,大分県,1720,HINATA,大分県,2481,ANDIRA,大分県,0,,-
HEROIC VERSE,beatAffection,0,,-,1036,HINATA,大分県,1573,HINATA,大分県,2665,HINATA,大分県,0,,-
HEROIC VERSE,BEAT PRISONER,0,,-,1233,HINATA,大分県,2140,HINATA,大分県,3618,K-JET.,大分県,0,,-
HEROIC VERSE,Backyard Stars,0,,-,1074,HINATA,大分県,1652,HINATA,大分県,2254,K-JET.,大分県,0,,-
HEROIC VERSE,Artist,0,,-,1298,HINATA,大分県,2395,HINATA,大分県,3624,K-JET.,大分県,0,,-
HEROIC VERSE,And-RoiD,0,,-,745,HINATA,大分県,1339,HINATA,大分県,2010,HINATA,大分県,0,,-
HEROIC VERSE,AKASHIC BREAK,0,,-,1263,HINATA,大分県,2452,HINATA,大分県,3601,K-JET.,大分県,0,,-
HEROIC VERSE,Advent Infamous,0,,-,1014,HINATA,大分県,1672,HINATA,大分県,2873,YAMADA,大分県,0,,-
HEROIC VERSE,27th style,0,,-,1178,HINATA,大分県,1799,YAMADA,大分県,2571,YAMADA,大分県,0,,-
HAPPY SKY,Don't let it go,0,,-,719,ANDIRA,大分県,1278,ANDIRA,大分県,1694,YAMADA,大分県,0,,-
GOLD,2hot2eat,0,,-,610,ANDIRA,大分県,1198,ANDIRA,大分県,1688,ANDIRA,大分県,0,,-
DJ TROOPERS,高高度降下低高度開傘,0,,-,932,ANDIRA,大分県,1546,YAMADA,大分県,2005,YAMADA,大分県,0,,-
EMPRESS,thunder HOUSE NATION Remix,0,,-,1086,ANDIRA,大分県,1662,ANDIRA,大分県,2482,ANDIRA,大分県,3887,HINATA,大分県
EMPRESS,Marie Antoinette,0,,-,1092,ANDIRA,大分県,1957,ANDIRA,大分県,2587,HINATA,大分県,3201,K-JET.,大分県
BISTROVER,魔法のかくれんぼ,0,,-,881,ANDIRA,大分県,1683,ANDIRA,大分県,2798,K-JET.,大分県,0,,-
BISTROVER,霧幻メモリア,0,,-,964,ANDIRA,大分県,1444,ANDIRA,大分県,2040,ANDIRA,大分県,0,,-
BISTROVER,閠槞彁の願い,0,,-,1058,ANDIRA,大分県,2195,ANDIRA,大分県,3149,K-JET.,大分県,0,,-
BISTROVER,紅蓮華,158,ANDIRA,大分県,528,ANDIRA,大分県,980,ANDIRA,大分県,1494,ANDIRA,大分県,0,,-
BISTROVER,犬に雨傘,0,,-,932,ANDIRA,大分県,1464,ANDIRA,大分県,2129,HINATA,大分県,0,,-
BISTROVER,無意識のフィロソフィア,0,,-,1137,ANDIRA,大分県,2249,ANDIRA,大分県,3351,YAMADA,大分県,0,,-
BISTROVER,涙のテ・エストラーニョ・ムーチョ,0,,-,1398,ANDIRA,大分県,2057,ANDIRA,大分県,2822,ANDIRA,大分県,0,,-
BISTROVER,水鏡の異界,0,,-,900,ANDIRA,大分県,1766,ANDIRA,大分県,3206,K-JET.,大分県,0,,-
BISTROVER,水無月の雫 ft. 小林まな,0,,-,1261,ANDIRA,大分県,1805,ANDIRA,大分県,2618,YAMADA,大分県,0,,-
BISTROVER,新宝島,524,ANDIRA,大分県,793,ANDIRA,大分県,1396,ANDIRA,大分県,2365,ANDIRA,大分県,3531,YAMADA,大分県
BISTROVER,儚き恋の華,0,,-,1072,ANDIRA,大分県,1875,ANDIRA,大分県,3015,YAMADA,大分県,0,,-
BISTROVER,伐折羅-vajra-,0,,-,1166,ANDIRA,大分県,2147,ANDIRA,大分県,3686,K-JET.,大分県,0,,-
BISTROVER,二人ノ廃城幽踊宴,0,,-,1246,ANDIRA,大分県,2318,ANDIRA,大分県,3596,NUMATA,大分県,0,,-
BISTROVER,乱膳の舞姫,0,,-,1071,ANDIRA,大分県,1841,ANDIRA,大分県,2731,K-JET.,大分県,0,,-
BISTROVER,世界の果てに約束の凱歌を -ReUnion-,0,,-,1193,ANDIRA,大分県,1915,ANDIRA,大分県,3888,K-JET.,大分県,0,,-
BISTROVER,バッド・スイーツ、バッド・ドリーム,0,,-,1115,ANDIRA,大分県,1866,ANDIRA,大分県,3579,K-JET.,大分県,0,,-
BISTROVER,ディスコルディア,0,,-,1391,ANDIRA,大分県,2409,ANDIRA,大分県,3922,K-JET.,大分県,0,,-
BISTROVER,スーパー戦湯ババンバーン,0,,-,1284,ANDIRA,大分県,2142,ANDIRA,大分県,3458,YAMADA,大分県,0,,-
BISTROVER,ここからよろしく大作戦143,268,HINA.S,大分県,964,ANDIRA,大分県,1776,ANDIRA,大分県,2521,ANDIRA,大分県,3178,YAMADA,大分県
BISTROVER,∀,604,ANDIRA,大分県,1332,ANDIRA,大分県,2260,ANDIRA,大分県,3532,CXF,大分県,0,,-
BISTROVER,Zenith,0,,-,849,ANDIRA,大分県,1472,ANDIRA,大分県,2161,HINATA,大分県,0,,-
BISTROVER,X-ray binary,0,,-,997,ANDIRA,大分県,1958,ANDIRA,大分県,2820,YAMADA,大分県,0,,-
BISTROVER,Winner's Proof ft. KANASA from bless4,273,ANDIRA,大分県,767,ANDIRA,大分県,1385,ANDIRA,大分県,2223,YAMADA,大分県,0,,-
BISTROVER,When I Met U,0,,-,904,ANDIRA,大分県,1325,ANDIRA,大分県,2057,ANDIRA,大分県,0,,-
BISTROVER,WAKE UP NOW,0,,-,966,ANDIRA,大分県,1465,ANDIRA,大分県,2013,HINATA,大分県,0,,-
BISTROVER,Vitrum,0,,-,1099,ANDIRA,大分県,1788,ANDIRA,大分県,3598,YAMADA,大分県,0,,-
BISTROVER,Viridian,0,,-,1105,ANDIRA,大分県,2020,ANDIRA,大分県,3368,YAMADA,大分県,0,,-
BISTROVER,TOMORROW,450,ANDIRA,大分県,794,ANDIRA,大分県,1558,ANDIRA,大分県,2269,ANDIRA,大分県,0,,-
BISTROVER,Tiempo Loco,0,,-,1083,ANDIRA,大分県,2052,ANDIRA,大分県,3704,YAMADA,大分県,0,,-
BISTROVER,The Wind of China Express(The 4th Mashup),0,,-,1011,ANDIRA,大分県,1707,ANDIRA,大分県,2560,YAMADA,大分県,0,,-
BISTROVER,THE PEERLESS UNDER HEAVEN,0,,-,1174,ANDIRA,大分県,2096,ANDIRA,大分県,3403,K-JET.,大分県,0,,-
BISTROVER,That Feeling,0,,-,726,ANDIRA,大分県,1255,ANDIRA,大分県,1930,HINATA,大分県,0,,-
BISTROVER,Tell me what you wish feat.らっぷびと,0,,-,1137,ANDIRA,大分県,1634,ANDIRA,大分県,2852,YAMADA,大分県,0,,-
BISTROVER,Swarm Of Scarabs,0,,-,1057,ANDIRA,大分県,1557,ANDIRA,大分県,2403,K-JET.,大分県,0,,-
BISTROVER,Sugarplum,0,,-,888,ANDIRA,大分県,1872,ANDIRA,大分県,2525,HINATA,大分県,0,,-
BISTROVER,SOLID STATE SQUAD -RISEN RELIC REMIX-,0,,-,1322,ANDIRA,大分県,2328,ANDIRA,大分県,3276,K-JET.,大分県,0,,-
BISTROVER,So Punky,0,,-,890,ANDIRA,大分県,1690,ANDIRA,大分県,2585,ANDIRA,大分県,0,,-
BISTROVER,smooooch・∀・ (Snail's House Remix),0,,-,883,ANDIRA,大分県,1588,ANDIRA,大分県,2368,K-JET.,大分県,0,,-
BISTROVER,Sinus Iridum,0,,-,1250,ANDIRA,大分県,2117,HINATA,大分県,3274,CXF,大分県,0,,-
BISTROVER,Scandal,0,,-,976,ANDIRA,大分県,1993,ANDIRA,大分県,2902,K-JET.,大分県,0,,-
BISTROVER,S-Bahn,0,,-,980,ANDIRA,大分県,1591,ANDIRA,大分県,2182,ANDIRA,大分県,0,,-
BISTROVER,Rubrum Piano,0,,-,976,ANDIRA,大分県,1745,ANDIRA,大分県,2474,ANDIRA,大分県,0,,-
BISTROVER,Rub-a Dub-a,0,,-,957,ANDIRA,大分県,1534,ANDIRA,大分県,2189,ANDIRA,大分県,0,,-
BISTROVER,Rowdy,0,,-,1059,ANDIRA,大分県,1582,ANDIRA,大分県,2502,ANDIRA,大分県,0,,-
BISTROVER,Rosa azuL,0,,-,910,ANDIRA,大分県,1845,ANDIRA,大分県,2790,YAMADA,大分県,0,,-
BISTROVER,rommmo,0,,-,1224,ANDIRA,大分県,1880,ANDIRA,大分県,3465,K-JET.,大分県,0,,-
BISTROVER,Romanticが止まらない,391,ANDIRA,大分県,955,ANDIRA,大分県,1690,ANDIRA,大分県,2733,YAMADA,大分県,0,,-
BISTROVER,Ritual of Anubis,0,,-,1191,ANDIRA,大分県,1873,ANDIRA,大分県,2827,YAMADA,大分県,0,,-
BISTROVER,Rejection Girl,0,,-,1023,ANDIRA,大分県,1669,ANDIRA,大分県,2685,K-JET.,大分県,0,,-
BISTROVER,POLKAMAИIA,0,,-,1001,ANDIRA,大分県,1894,ANDIRA,大分県,2942,ANDIRA,大分県,0,,-
BISTROVER,Playball,0,,-,695,ANDIRA,大分県,937,ANDIRA,大分県,1383,HINATA,大分県,0,,-
BISTROVER,Parvati,0,,-,1043,ANDIRA,大分県,1853,ANDIRA,大分県,2859,K-JET.,大分県,0,,-
BISTROVER,Party Starter,0,,-,997,ANDIRA,大分県,1546,ANDIRA,大分県,2322,ANDIRA,大分県,0,,-
BISTROVER,Para siempre,0,,-,965,ANDIRA,大分県,1557,ANDIRA,大分県,2895,YAMADA,大分県,0,,-
BISTROVER,Overslept,0,,-,1153,ANDIRA,大分県,1793,ANDIRA,大分県,2582,ANDIRA,大分県,0,,-
BISTROVER,OTOKOZAKA,0,,-,1083,ANDIRA,大分県,1924,ANDIRA,大分県,2949,YAMADA,大分県,0,,-
BISTROVER,of the first magnitude,0,,-,1042,ANDIRA,大分県,1936,ANDIRA,大分県,2971,K-JET.,大分県,0,,-
BISTROVER,Ocean Blue feat. Luschel,0,,-,863,ANDIRA,大分県,1464,ANDIRA,大分県,2479,HINATA,大分県,0,,-
BISTROVER,Neo Heritage,0,,-,957,ANDIRA,大分県,1695,ANDIRA,大分県,2885,YAMADA,大分県,0,,-
BISTROVER,MOVE! (We Keep It Movin'),0,,-,770,ANDIRA,大分県,1380,ANDIRA,大分県,2208,HINATA,大分県,0,,-
BISTROVER,Midnight Drive,0,,-,608,ANDIRA,大分県,1324,ANDIRA,大分県,2007,HINATA,大分県,0,,-
BISTROVER,MEGAERA,0,,-,1480,ANDIRA,大分県,2181,ANDIRA,大分県,3492,K-JET.,大分県,0,,-
BISTROVER,MA・TSU・RI,0,,-,1109,ANDIRA,大分県,1871,ANDIRA,大分県,2593,YAMADA,大分県,0,,-
BISTROVER,Mars beach,0,,-,621,ANDIRA,大分県,1398,ANDIRA,大分県,2252,HINATA,大分県,0,,-
BISTROVER,Lovely Howdy Cowboy!!,0,,-,1098,ANDIRA,大分県,1882,ANDIRA,大分県,2789,ANDIRA,大分県,0,,-
BISTROVER,LOCUS OF THE TRAVEL,0,,-,1113,ANDIRA,大分県,2535,ANDIRA,大分県,3708,K-JET.,大分県,0,,-
BISTROVER,LIKE A VAMPIRE,0,,-,1071,ANDIRA,大分県,1810,ANDIRA,大分県,2806,NUMATA,大分県,0,,-
BISTROVER,Level 3,0,,-,1183,ANDIRA,大分県,2307,HINATA,大分県,3538,K-JET.,大分県,0,,-
BISTROVER,LAST DAY,0,,-,1147,ANDIRA,大分県,1755,NUMATA,大分県,3075,YAMADA,大分県,0,,-
BISTROVER,Jungle Eater,0,,-,1026,ANDIRA,大分県,1858,ANDIRA,大分県,3020,YAMADA,大分県,0,,-
BISTROVER,innocent revolver,0,,-,1139,ANDIRA,大分県,2356,ANDIRA,大分県,3875,K-JET.,大分県,0,,-
BISTROVER,IIDX RED Ending (Ryu☆Remix),0,,-,652,ANDIRA,大分県,1206,ANDIRA,大分県,1870,ANDIRA,大分県,0,,-
BISTROVER,Ignis†Irae,0,,-,1106,ANDIRA,大分県,2401,ANDIRA,大分県,3752,K-JET.,大分県,0,,-
BISTROVER,HIGH VOLTAGE,0,,-,837,ANDIRA,大分県,1453,ANDIRA,大分県,2277,ANDIRA,大分県,0,,-
BISTROVER,Here We Are,399,ANDIRA,大分県,1094,ANDIRA,大分県,1734,ANDIRA,大分県,2486,ANDIRA,大分県,0,,-
BISTROVER,"Hands Up feat. kradness BEMANI Sound Team ""Sota Fujimori"" Remix",0,,-,1147,ANDIRA,大分県,1806,ANDIRA,大分県,2395,ANDIRA,大分県,0,,-
BISTROVER,Globe Glitter,0,,-,1075,ANDIRA,大分県,1693,ANDIRA,大分県,2689,K-JET.,大分県,0,,-
BISTROVER,GIGA RAID,0,,-,982,ANDIRA,大分県,1887,ANDIRA,大分県,2425,ANDIRA,大分県,0,,-
BISTROVER,Frisk And Squeak,0,,-,810,ANDIRA,大分県,1588,ANDIRA,大分県,2434,HINATA,大分県,0,,-
BISTROVER,Fire Beat,0,,-,1126,ENNUI,大分県,1817,ANDIRA,大分県,2749,YAMADA,大分県,0,,-
BISTROVER,Farewell to Marrakech,0,,-,924,ANDIRA,大分県,1538,YAMADA,大分県,2255,ANDIRA,大分県,0,,-
BISTROVER,Explorer feat. ぷにぷに電機,0,,-,764,ANDIRA,大分県,1321,ANDIRA,大分県,2160,ANDIRA,大分県,2901,HINATA,大分県
BISTROVER,Euphoric Lagoon,0,,-,893,ANDIRA,大分県,1624,ANDIRA,大分県,2605,HINATA,大分県,0,,-
BISTROVER,Empire of Fury,0,,-,1381,ANDIRA,大分県,2181,ANDIRA,大分県,3310,K-JET.,大分県,0,,-
BISTROVER,DUAL STRIKER,0,,-,1200,ANDIRA,大分県,2517,ANDIRA,大分県,3880,YAMADA,大分県,0,,-
BISTROVER,Don't Stop The Music feat. Kanae Asaba,0,,-,698,ANDIRA,大分県,1336,ANDIRA,大分県,1884,HINATA,大分県,0,,-
BISTROVER,DENIM,0,,-,606,ANDIRA,大分県,1338,YAMADA,大分県,1745,YAMADA,大分県,0,,-
BISTROVER,Dawn Saga,0,,-,968,ANDIRA,大分県,1670,ANDIRA,大分県,2727,NUMATA,大分県,0,,-
BISTROVER,Danza Aestas,0,,-,1004,ANDIRA,大分県,1771,ANDIRA,大分県,3008,YAMADA,大分県,0,,-
BISTROVER,Crazy Jackpot,0,,-,1011,ANDIRA,大分県,1691,ANDIRA,大分県,2878,YAMADA,大分県,0,,-
BISTROVER,COSMIC RAY,0,,-,1318,ANDIRA,大分県,2186,ANDIRA,大分県,2908,K-JET.,大分県,0,,-
BISTROVER,CONNECT-,0,,-,1040,ANDIRA,大分県,1848,ANDIRA,大分県,2947,YAMADA,大分県,0,,-
BISTROVER,Chewingood!!!,303,10FU86,大分県,868,ANDIRA,大分県,1517,ANDIRA,大分県,2623,ANDIRA,大分県,0,,-
BISTROVER,Burning Flame,0,,-,1214,ANDIRA,大分県,1859,ANDIRA,大分県,2915,YAMADA,大分県,3801,K-JET.,大分県
BISTROVER,Breakin' Rules,0,,-,1299,ANDIRA,大分県,1822,ANDIRA,大分県,2778,YAMADA,大分県,0,,-
BISTROVER,Brahma,0,,-,1239,ANDIRA,大分県,1804,ANDIRA,大分県,2873,HINA.S,大分県,0,,-
BISTROVER,BLACK or WHITE?,626,115TAL,大分県,1303,ANDIRA,大分県,2528,ANDIRA,大分県,3953,K-JET.,大分県,0,,-
BISTROVER,BIGソムタム,558,10FU86,大分県,1273,ANDIRA,大分県,1909,NUMATA,大分県,3354,YAMADA,大分県,0,,-
BISTROVER,BEMANI PRO LEAGUE Theme,0,,-,786,ANDIRA,大分県,1423,ANDIRA,大分県,1983,ANDIRA,大分県,0,,-
BISTROVER,ASIAN VIRTUAL REALITIES (MELTING TOGETHER IN DAZZLING DARKNESS),0,,-,1087,ANDIRA,大分県,1912,ANDIRA,大分県,3345,K-JET.,大分県,0,,-
BISTROVER,As You Want,0,,-,859,ANDIRA,大分県,1491,ANDIRA,大分県,2465,HINATA,大分県,0,,-
BISTROVER,apo:llioth,0,,-,1227,ANDIRA,大分県,2092,ANDIRA,大分県,2961,YAMADA,大分県,0,,-
BISTROVER,AMRITA -不滅ノ花-,0,,-,908,ANDIRA,大分県,1624,ANDIRA,大分県,2773,YAMADA,大分県,0,,-
BISTROVER,Ah Hah Yeah,0,,-,720,CXF,大分県,1428,ANDIRA,大分県,2163,K-JET.,大分県,0,,-
BISTROVER,ABSOLUTE (kors k Remix),0,,-,951,ANDIRA,大分県,1566,ANDIRA,大分県,2625,NUMATA,大分県,0,,-
BISTROVER,3!dolon Forc3,0,,-,987,ANDIRA,大分県,1568,ANDIRA,大分県,2940,YAMADA,大分県,0,,-
BISTROVER,-65℃,0,,-,1421,ANDIRA,大分県,2277,ANDIRA,大分県,3729,K-JET.,大分県,0,,-
7th style,Somebody Like You,0,,-,747,HINA.S,大分県,1175,WAMDUS,大分県,1844,HINATA,大分県,0,,-
10th style,SCORE,0,,-,1187,HINA.S,大分県,1523,WATER1,大分県,2088,HINATA,大分県,0,,-
HAPPY SKY,mind the gap,0,,-,750,HINA.S,大分県,1041,HINATA,大分県,1637,HINATA,大分県,0,,-
SIRIUS,Do Back Burn,0,,-,717,HINA.S,大分県,1367,4KADES,大分県,2139,HINATA,大分県,0,,-
Lincle,GIGANT,0,,-,594,HINA.S,大分県,1158,10FU86,大分県,1770,HINA.S,大分県,2933,K-JET.,大分県
PENDUAL,Sounds Of Summer,0,,-,1189,K,大分県,2074,MIKOTO,大分県,2991,NUMATA,大分県,0,,-
BISTROVER,smooooch・∀・ (Snail's House Remix) ,0,,-,826,KAME-R,大分県,1507,LOLWTF,大分県,2336,HINATA,大分県,0,,-
BISTROVER,POLKAMANIA,423,10FU86,大分県,917,K,大分県,1719,NGKAWA,大分県,2974,YAMADA,大分県,0,,-
CastHour,黒紅掬い,0,,-,666,HINA.S,大分県,1222,HINATA,大分県,1826,HINATA,大分県,0,,-
CastHour,青の洞窟,0,,-,905,HINATA,大分県,1926,K3M!D6,大分県,3160,K-JET.,大分県,0,,-
CastHour,雪上断火,0,,-,968,4KADES,大分県,1852,HINATA,大分県,3002,YAMADA,大分県,0,,-
CastHour,逆月,0,,-,1475,DECOBO,大分県,2311,KILA**,大分県,3742,YAMADA,大分県,0,,-
CastHour,踊,184,HINA.S,大分県,363,HINATA,大分県,829,HINATA,大分県,1630,YAMADA,大分県,2095,HINATA,大分県
CastHour,禊,0,,-,1087,HINATA,大分県,2317,HINA.S,大分県,3187,CXF,大分県,0,,-
CastHour,烽火連天の刃,0,,-,1144,HINA.S,大分県,2251,10FU86,大分県,3431,K-JET.,大分県,4324,NUMATA,大分県
CastHour,月とミルク,0,,-,997,HINATA,大分県,1597,HINATA,大分県,2791,YAMADA,大分県,0,,-
CastHour,愛しくてラヴィンユー ft. マナ,0,,-,810,HINATA,大分県,1510,HINATA,大分県,2411,HINATA,大分県,0,,-
CastHour,怪物,347,HINA.S,大分県,749,HINATA,大分県,1201,HINATA,大分県,2409,YAMADA,大分県,3281,K-JET.,大分県
CastHour,天邪鬼,415,115TAL,大分県,996,HINA.S,大分県,1679,MIKOTO,大分県,3333,K-JET.,大分県,0,,-
CastHour,口カラ凸ゲキ,0,,-,936,HINATA,大分県,1540,HINATA,大分県,2405,YAMADA,大分県,0,,-
CastHour,ミュージック・アワー,538,10FU86,大分県,1208,HINATA,大分県,2127,HINATA,大分県,3017,YAMADA,大分県,0,,-
CastHour,"ピアノ独奏無言歌 ""灰燼""",0,,-,1167,YAMADA,大分県,2384,K-JET.,大分県,3705,NUMATA,大分県,0,,-
CastHour,ハイテックトキオ,0,,-,1101,HINATA,大分県,1904,KORONE,大分県,2708,YAMADA,大分県,3262,YAMADA,大分県
CastHour,ナイトフィクション,0,,-,733,HINATA,大分県,1573,HINATA,大分県,2165,TANPA2,大分県,0,,-
CastHour,デモーニッシュ,263,10FU86,大分県,935,HINATA,大分県,1481,HINATA,大分県,2395,YAMADA,大分県,3105,K-JET.,大分県
CastHour,シル・ヴ・プレジデント,300,10FU86,大分県,656,HINATA,大分県,1218,HINATA,大分県,1800,K-JET.,大分県,2581,YAMADA,大分県
CastHour,グッバイ宣言,574,10FU86,大分県,1106,HINA.S,大分県,1798,HINA.S,大分県,3111,YAMADA,大分県,3669,YAMADA,大分県
CastHour,オールトの雲,0,,-,1229,HINATA,大分県,1969,10FU86,大分県,2635,HINATA,大分県,0,,-
CastHour,オドループ,513,10FU86,大分県,1114,HINATA,大分県,1577,HINATA,大分県,2349,YAMADA,大分県,2993,HINATA,大分県
CastHour,ウツシミウツシ,0,,-,1275,HINATA,大分県,2005,MIKOTO,大分県,3172,YAMADA,大分県,0,,-
CastHour,アクマフカ,0,,-,763,HINA.S,大分県,1550,HINATA,大分県,2316,HINATA,大分県,0,,-
CastHour,めでてえ,0,,-,1121,HINA.S,大分県,1735,HINATA,大分県,2656,HINATA,大分県,0,,-
CastHour,ぐだふわエブリデー,256,THEEND,大分県,691,HINA.S,大分県,1313,MIKOTO,大分県,2304,YAMADA,大分県,0,,-
CastHour,あいつら全員同窓会,362,4KADES,大分県,653,HINA.S,大分県,1218,MIKOTO,大分県,2056,TANPA2,大分県,0,,-
CastHour,《GRANDMASTER》,0,,-,990,HINATA,大分県,1810,4ME4CH,大分県,2956,YAMADA,大分県,0,,-
CastHour,Xyndrome,0,,-,968,HINATA,大分県,1662,HINATA,大分県,2949,K-JET.,大分県,0,,-
CastHour,Wonderful Escape,0,,-,974,HINATA,大分県,1485,HINATA,大分県,2101,YAMADA,大分県,0,,-
CastHour,WHA,0,,-,1230,HINA.S,大分県,2215,10FU86,大分県,3607,K-JET.,大分県,0,,-
CastHour,VR - Virtual Reality (prod.by Snail's House),315,HINA.S,大分県,622,HINA.S,大分県,1176,HINA.S,大分県,1835,TANPA2,大分県,2495,HINATA,大分県
CastHour,Votania Beat,0,,-,1077,HINATA,大分県,1651,HINATA,大分県,2545,ENNUI,大分県,0,,-
CastHour,Victory Of Ravers,0,,-,1033,HINATA,大分県,1730,10FU86,大分県,2585,YAMADA,大分県,0,,-
CastHour,Ventriloquist,0,,-,791,HINATA,大分県,1542,HINATA,大分県,2433,YAMADA,大分県,0,,-
CastHour,Triple Cross,589,10FU86,大分県,1132,HINATA,大分県,2325,HINATA,大分県,3287,K-JET.,大分県,0,,-
CastHour,TOMAHAWK,0,,-,1380,HINATA,大分県,2375,HINATA,大分県,3501,K-JET.,大分県,0,,-
CastHour,Tail Lights,0,,-,1110,HINATA,大分県,1968,HINATA,大分県,3129,YAMADA,大分県,0,,-
CastHour,Stepper,0,,-,706,HINATA,大分県,1558,HINATA,大分県,2197,HINATA,大分県,0,,-
CastHour,SPARK IN THE NIGHT,0,,-,876,HINA.S,大分県,1456,HINATA,大分県,2282,YAMADA,大分県,0,,-
CastHour,Souhait bleu,0,,-,907,HINA.S,大分県,1854,4KADES,大分県,2770,K-JET.,大分県,0,,-
CastHour,SOLID WYVERN,0,,-,1222,HINATA,大分県,1919,MIKOTO,大分県,2637,YAMADA,大分県,3902,YAMADA,大分県
CastHour,Smalt #28598F,0,,-,1100,HINA.S,大分県,2311,KYRIE,大分県,3425,YAMADA,大分県,0,,-
CastHour,Skreaming for Salvation,0,,-,841,HINATA,大分県,2067,HINATA,大分県,3168,K-JET.,大分県,0,,-
CastHour,Silver Bullet,0,,-,1192,HINA.S,大分県,1902,TOILET,大分県,3193,K-JET.,大分県,0,,-
CastHour,RAGE feat.H14 of LEONAIR,430,115TAL,大分県,1103,HINA.S,大分県,2249,HINA.S,大分県,3524,K-JET.,大分県,0,,-
CastHour,Push on Beats!～音ゲの国のeX-ストリーマー～,0,,-,1248,HINA.S,大分県,1856,10FU86,大分県,3399,K-JET.,大分県,0,,-
CastHour,Purple Perplex,0,,-,1150,HINA.S,大分県,1907,HINA.S,大分県,3037,K-JET.,大分県,0,,-
CastHour,Prohibited Props,0,,-,1049,HINATA,大分県,1595,HINATA,大分県,2280,YAMADA,大分県,0,,-
CastHour,Pout,0,,-,1084,HINA.S,大分県,1717,4KADES,大分県,2614,HINATA,大分県,0,,-
CastHour,PLASMA SOUL NIGHT feat. Nana Takahashi / 709sec.,433,10FU86,大分県,1483,HINA.S,大分県,2543,4KADES,大分県,4466,K-JET.,大分県,0,,-
CastHour,PIRATES BLADE,0,,-,927,HINATA,大分県,1525,HINATA,大分県,2171,YAMADA,大分県,0,,-
CastHour,P.O.W.E.R.,0,,-,1068,HINATA,大分県,1778,HINATA,大分県,2358,YAMADA,大分県,0,,-
CastHour,Onyx,0,,-,904,HINATA,大分県,1509,HINATA,大分県,2410,K-JET.,大分県,0,,-
CastHour,One for All,0,,-,1029,HINATA,大分県,1779,MIACH,大分県,3212,YAMADA,大分県,0,,-
CastHour,Non Stop Rock,0,,-,804,HINATA,大分県,1334,HINATA,大分県,1886,HINATA,大分県,0,,-
CastHour,Nocturnal 2097,0,,-,955,HINA.S,大分県,1902,KILA**,大分県,2927,K-JET.,大分県,0,,-
CastHour,No Day But Today!,434,10FU86,大分県,748,HINATA,大分県,1346,HINATA,大分県,1990,YAMADA,大分県,0,,-
CastHour,n/a,0,,-,1231,KORONE,大分県,1886,10FU86,大分県,3492,K-JET.,大分県,0,,-
CastHour,N.O.,0,,-,844,HINATA,大分県,1520,HINATA,大分県,2531,HINATA,大分県,0,,-
CastHour,LIVE DRIVING!! feat. 花たん,0,,-,1629,HINATA,大分県,2547,HINATA,大分県,3845,K-JET.,大分県,0,,-
CastHour,Legendary Treasures,0,,-,1151,HINA.S,大分県,1754,4KADES,大分県,2882,HINA.S,大分県,0,,-
CastHour,Lawes's Parotia,0,,-,907,HINATA,大分県,1756,HINATA,大分県,2572,HINATA,大分県,0,,-
CastHour,kors k's How to make OTOGE CORE,0,,-,760,SQ-86,大分県,1506,HINATA,大分県,2309,HINATA,大分県,0,,-
CastHour,ILAYZA,0,,-,1191,HINATA,大分県,1997,10FU86,大分県,2824,YAMADA,大分県,0,,-
CastHour,HEARTACHE,0,,-,498,HINATA,大分県,1198,HINATA,大分県,1851,HINATA,大分県,0,,-
CastHour,Hat Surprise,0,,-,694,HINATA,大分県,1639,HINATA,大分県,2454,YAMADA,大分県,0,,-
CastHour,Harmonia,0,,-,752,HINA.S,大分県,1246,HINATA,大分県,2022,YAMADA,大分県,0,,-
CastHour,hard-wired,0,,-,1616,HINA.S,大分県,2237,10FU86,大分県,3588,K-JET.,大分県,0,,-
CastHour,GRAVITON,0,,-,1185,HINA.S,大分県,2056,HINATA,大分県,3477,K-JET.,大分県,0,,-
CastHour,GiGaGaHell,0,,-,1378,HINA.S,大分県,2099,HINATA,大分県,3173,K-JET.,大分県,0,,-
CastHour,"Get set, Go! feat.Kanae Asaba",0,,-,848,HINA.S,大分県,1474,HINA.S,大分県,2128,HINATA,大分県,0,,-
CastHour,Game Changers,0,,-,731,KIWAMI,大分県,1455,HINATA,大分県,2735,YAMADA,大分県,0,,-
CastHour,Flying Castle,0,,-,1088,HINA.S,大分県,2303,HINA.S,大分県,3677,YAMADA,大分県,0,,-
CastHour,FINALLY BLAZE,0,,-,937,HINATA,大分県,1713,MIKOTO,大分県,2805,YAMADA,大分県,0,,-
CastHour,Fegrix,0,,-,1273,HINATA,大分県,2317,HINA.S,大分県,3300,YAMADA,大分県,0,,-
CastHour,Fantastic Merry-Go-Round,0,,-,1083,HINATA,大分県,1507,HINATA,大分県,2120,HINATA,大分県,0,,-
CastHour,Ergosphere,0,,-,1012,HINATA,大分県,1789,10FU86,大分県,2730,K-JET.,大分県,0,,-
CastHour,EMOTiON TRiPPER,0,,-,952,HINATA,大分県,1494,HINATA,大分県,2194,HINATA,大分県,0,,-
CastHour,Emera,0,,-,898,HINA.S,大分県,1657,HINATA,大分県,2341,HINATA,大分県,0,,-
CastHour,DREAM OF SPACE UFO ABDUCTION,0,,-,1091,HINATA,大分県,1819,HINATA,大分県,2716,NUMATA,大分県,0,,-
CastHour,Don't believe the hype,0,,-,1168,HINATA,大分県,2233,HINATA,大分県,3265,YAMADA,大分県,0,,-
CastHour,Divine Heaven,0,,-,948,HINA.S,大分県,1906,10FU86,大分県,2972,YAMADA,大分県,0,,-
CastHour,DISPARATE,0,,-,1041,HINATA,大分県,1832,HINATA,大分県,2465,YAMADA,大分県,0,,-
CastHour,Brave Spirits,0,,-,721,HINATA,大分県,1440,HINATA,大分県,2485,HINATA,大分県,0,,-
CastHour,Blue Bird feat. Kanae Asaba,0,,-,661,HINATA,大分県,1112,HINATA,大分県,1796,HINATA,大分県,0,,-
CastHour,Binary Black Hole,0,,-,1360,HINA.S,大分県,2305,HINA.S,大分県,3886,K-JET.,大分県,0,,-
CastHour,Banger Banger Banger Banger,0,,-,984,HINATA,大分県,1778,4ME4CH,大分県,2949,YAMADA,大分県,0,,-
CastHour,Arkadia,0,,-,1179,HINA.S,大分県,2056,KILA**,大分県,3688,K-JET.,大分県,0,,-
CastHour,Ariah,0,,-,721,HINATA,大分県,1502,HINA.S,大分県,2172,HINATA,大分県,0,,-
CastHour,Angel's Ladder,0,,-,1085,HINATA,大分県,2273,HINATA,大分県,3447,K-JET.,大分県,0,,-
CastHour,ANEMONE,222,HAIDO,大分県,777,HINA.S,大分県,1607,HINA.S,大分県,2138,YAMADA,大分県,0,,-
CastHour,AMICABLE,0,,-,1034,HINA.S,大分県,1610,HINA.S,大分県,2503,HINATA,大分県,0,,-
CastHour,ALTERNATOR,0,,-,1353,HINATA,大分県,2550,HINATA,大分県,3753,YAMADA,大分県,0,,-
CastHour,Aftermath,0,,-,1222,HINATA,大分県,2418,HINATA,大分県,3585,K-JET.,大分県,0,,-
CastHour,ABSOLUTE EVIL,253,115TAL,大分県,1193,HINA.S,大分県,2246,HINATA,大分県,3463,K-JET.,大分県,0,,-
CastHour,808monkey,0,,-,769,HINATA,大分県,1201,HINATA,大分県,1823,HINATA,大分県,0,,-
CastHour,2 Beasts Unchained,0,,-,1509,HINATA,大分県,2172,MIKOTO,大分県,3456,K-JET.,大分県,0,,-
CastHour,10000 MILES AWAY,0,,-,1048,HINA.S,大分県,1654,4ME4CH,大分県,2955,K-JET.,大分県,0,,-
7th style,MAX 300,0,,-,1132,HINATA,大分県,1926,HINATA,大分県,2832,YAMADA,大分県,0,,-
9th style,fun,0,,-,598,HINATA,大分県,1073,10FU86,大分県,1871,NUMATA,大分県,0,,-
DistorteD,DEEP ROAR,0,,-,1001,HINA.S,大分県,1445,YAMADA,大分県,2767,K-JET.,大分県,0,,-
EMPRESS,THE SHINING POLARIS(kors k mix),0,,-,1319,HINATA,大分県,2023,10FU86,大分県,3275,YAMADA,大分県,0,,-
EMPRESS,Cyber Force -DJ Yoshitaka Remix-,0,,-,988,PLAN.B,大分県,1766,CRIZ,大分県,2540,YAMADA,大分県,0,,-
tricoro,Reflection Into the EDEN,0,,-,803,HINATA,大分県,1402,4KADES,大分県,2165,HINA.S,大分県,0,,-
PENDUAL,Rave*it!! Rave*it!!,0,,-,988,CRIZ,大分県,1662,MATCHA,大分県,3288,YAMADA,大分県,0,,-
PENDUAL,Erosion Mark,0,,-,735,KAMO-R,大分県,1405,GNS*NG,大分県,2178,NUMATA,大分県,0,,-
PENDUAL,COLOSSEUM,0,,-,567,PLAN.B,大分県,1161,KAMO-R,大分県,2311,HINATA,大分県,0,,-
SPADA,Idola,0,,-,1121,KAMO-R,大分県,2252,TOILET,大分県,3590,K-JET.,大分県,0,,-
RESIDENT,響花水月,0,,-,1188,10FU86,大分県,1853,10FU86,大分県,2939,HINA.S,大分県,0,,-
RESIDENT,雨のちパノラマセカイ,0,,-,822,HINA.S,大分県,1437,KORONE,大分県,2221,HINATA,大分県,0,,-
RESIDENT,輪廻の鴉,0,,-,1034,HINATA,大分県,1783,4ME4CH,大分県,2768,HINATA,大分県,0,,-
RESIDENT,罪過の聖堂,0,,-,757,10FU86,大分県,1242,CXF,大分県,2069,HINATA,大分県,0,,-
RESIDENT,神のシナリオ,0,,-,1146,4KADES,大分県,1709,4ME4CH,大分県,3231,K-JET.,大分県,0,,-
RESIDENT,神っぽいな,364,10FU86,大分県,784,HINA.S,大分県,1423,10FU86,大分県,2147,HINA.S,大分県,3035,YAMADA,大分県
RESIDENT,真夜中のバベル,0,,-,719,HINA.S,大分県,1211,HINA.S,大分県,1744,HINA.S,大分県,0,,-
RESIDENT,異心前進♪ぴょんぴょんぴょん ,0,,-,1102,10FU86,大分県,1628,10FU86,大分県,2504,HINA.S,大分県,0,,-
RESIDENT,生きるよすが,428,10FU86,大分県,954,HINA.S,大分県,1529,HINA.S,大分県,2508,HINA.S,大分県,0,,-
RESIDENT,湘南ロンリーMIDNIGHT RAIN,0,,-,986,HINATA,大分県,1769,KILA**,大分県,2858,HINA.S,大分県,0,,-
RESIDENT,楽園追放,0,,-,948,HINATA,大分県,1502,10FU86,大分県,2408,K-JET.,大分県,0,,-
RESIDENT,栄冠のカンパネラ,0,,-,1342,10FU86,大分県,2131,4ME4CH,大分県,3894,NUMATA,大分県,0,,-
RESIDENT,月と夢の跡 ft. マナ,0,,-,967,HINATA,大分県,1517,MIKOTO,大分県,2532,YAMADA,大分県,0,,-
RESIDENT,昏き甲鉄のヴェルガ,0,,-,913,HINA.S,大分県,1626,HINATA,大分県,2348,HINA.S,大分県,0,,-
RESIDENT,新時代,333,4KADES,大分県,758,HINA.S,大分県,1262,HINATA,大分県,2340,HINATA,大分県,0,,-
RESIDENT,惑星☆ロリポップ,0,,-,792,HINATA,大分県,1570,10FU86,大分県,2833,YAMADA,大分県,0,,-
RESIDENT,恋愛＝精度×認識力,0,,-,1553,K-JET.,大分県,2317,YAMADA,大分県,3397,K-JET.,大分県,0,,-
RESIDENT,少年リップルズ,0,,-,897,HINATA,大分県,1773,4ME4CH,大分県,2472,K-JET.,大分県,0,,-
RESIDENT,儚キ戀ノ幻想譚,585,10FU86,大分県,1517,IIDX32,大分県,2307,HINA.S,大分県,3577,K-JET.,大分県,0,,-
RESIDENT,マツケンサンバII,394,10FU86,大分県,1118,10FU86,大分県,1819,4ME4CH,大分県,2909,YAMADA,大分県,0,,-
RESIDENT,パーフェクトイーター,0,,-,1180,HINATA,大分県,2041,10FU86,大分県,3037,YAMADA,大分県,0,,-
RESIDENT,チェイスチェイスジョーカーズのうた (オニスタイルリミックス),0,,-,989,HINATA,大分県,1747,HINATA,大分県,2836,YAMADA,大分県,0,,-
RESIDENT,サヨナラ・ヘヴン-Celtic Chip Dance Mix-,0,,-,921,HINA.S,大分県,1486,115TAL,大分県,2624,HINATA,大分県,0,,-
RESIDENT,ちょえちょえまぎか,0,,-,1216,KILA**,大分県,2312,K-JET.,大分県,3045,YAMADA,大分県,0,,-
RESIDENT,ぞうしょく！？マイデンティティ,0,,-,1247,10FU86,大分県,2198,10FU86,大分県,3654,K-JET.,大分県,0,,-
RESIDENT,きゅんです。,0,,-,732,HINA.S,大分県,1445,HINA.S,大分県,2353,HINA.S,大分県,0,,-
RESIDENT,おとせサンダー,213,HINA.S,大分県,668,HINA.S,大分県,1202,HINA.S,大分県,2170,HINA.S,大分県,0,,-
RESIDENT,いつかオトナになれるといいね。,552,CXF,大分県,1124,10FU86,大分県,1943,KILA**,大分県,3038,YAMADA,大分県,0,,-
RESIDENT,あるビー！ feat.ころねぽち,0,,-,999,HINA.S,大分県,1750,4ME4CH,大分県,2860,HINATA,大分県,0,,-
RESIDENT,《ORDERBREAKER》,0,,-,988,10FU86,大分県,1576,4KADES,大分県,2458,HINATA,大分県,0,,-
RESIDENT,■□模様,0,,-,979,HINATA,大分県,1531,10FU86,大分県,2653,K-JET.,大分県,0,,-
RESIDENT,≡+≡,598,115TAL,大分県,1375,10FU86,大分県,2088,KILA**,大分県,3030,K-JET.,大分県,0,,-
RESIDENT,[ ]DENTITY,0,,-,1148,10FU86,大分県,2087,22DUNK,大分県,3794,K-JET.,大分県,0,,-
RESIDENT,ZENITH,0,,-,1130,10FU86,大分県,1930,MIKOTO,大分県,2998,YAMADA,大分県,0,,-
RESIDENT,Xerulean,0,,-,1320,K4R1N.,大分県,1995,4ME4CH,大分県,3450,K-JET.,大分県,0,,-
RESIDENT,With You,0,,-,837,HINA.S,大分県,1592,HINA.S,大分県,2560,YAMADA,大分県,0,,-
RESIDENT,"wanna be a ""BAD GIRL"" feat. Nana Takahashi",0,,-,799,HINA.S,大分県,1329,HINA.S,大分県,2055,HINA.S,大分県,0,,-
RESIDENT,VØID,0,,-,1243,10FU86,大分県,1865,10FU86,大分県,3288,CXF,大分県,0,,-
RESIDENT,VOLCANIC BIGBEAT,0,,-,1072,4KADES,大分県,1743,10FU86,大分県,2829,YAMADA,大分県,0,,-
RESIDENT,VOLAQUAS,0,,-,1311,10FU86,大分県,2164,KORONE,大分県,3854,NUMATA,大分県,0,,-
RESIDENT,THE TIME MACHINE,0,,-,1061,10FU86,大分県,1725,10FU86,大分県,2680,YAMADA,大分県,0,,-
RESIDENT,The Clown of 24stairs,0,,-,1117,10FU86,大分県,2249,HINA.S,大分県,3419,K-JET.,大分県,0,,-
RESIDENT,TECHNOPHOBIA,0,,-,808,HINATA,大分県,1698,HINA.S,大分県,3038,YAMADA,大分県,0,,-
RESIDENT,Swing My Wonderland,0,,-,1321,HINATA,大分県,2248,4ME4CH,大分県,3121,YAMADA,大分県,0,,-
RESIDENT,suspicions,0,,-,1188,4KADES,大分県,2213,MIKOTO,大分県,3721,YAMADA,大分県,0,,-
RESIDENT,Super Freak,0,,-,1127,HINA.S,大分県,1851,4ME4CH,大分県,3441,K-JET.,大分県,0,,-
RESIDENT,Sunny Day Vibes,0,,-,959,HINA.S,大分県,1627,10FU86,大分県,2290,HINA.S,大分県,0,,-
RESIDENT,Summerblue,366,115TAL,大分県,1101,HINA.S,大分県,1751,K-JET.,大分県,2436,HINA.S,大分県,0,,-
RESIDENT,Stylus,0,,-,1218,10FU86,大分県,1926,MIKOTO,大分県,2861,YAMADA,大分県,0,,-
RESIDENT,STRAIGHT TO THE STARS,0,,-,1060,HINA.S,大分県,1697,10FU86,大分県,2995,YAMADA,大分県,0,,-
RESIDENT,STAR BEAT,0,,-,854,HINA.S,大分県,1715,10FU86,大分県,2429,NUMATA,大分県,0,,-
RESIDENT,Somnidiscotheque,0,,-,1273,4KADES,大分県,2020,K-JET.,大分県,3226,K-JET.,大分県,0,,-
RESIDENT,Shamshir,0,,-,1104,HINATA,大分県,1473,HINATA,大分県,2209,HINATA,大分県,0,,-
RESIDENT,Shadow World,0,,-,990,HINA.S,大分県,1663,HINA.S,大分県,2722,YAMADA,大分県,0,,-
RESIDENT,Seraph,0,,-,998,HINA.S,大分県,1790,LAIR,大分県,2443,HINA.S,大分県,0,,-
RESIDENT,Ruler or Loser,0,,-,983,HINA.S,大分県,1664,4ME4CH,大分県,2666,YAMADA,大分県,0,,-
RESIDENT,RINNE,0,,-,1201,HINA.S,大分県,2293,22DUNK,大分県,3517,K-JET.,大分県,0,,-
RESIDENT,Rewind Time,0,,-,717,HINA.S,大分県,1315,HINA.S,大分県,2209,HINA.S,大分県,0,,-
RESIDENT,Red Soul,0,,-,1049,4KADES,大分県,1773,4ME4CH,大分県,2904,YAMADA,大分県,0,,-
RESIDENT,Programmed Genom,0,,-,1140,HINA.S,大分県,1633,HINA.S,大分県,2412,YAMADA,大分県,0,,-
RESIDENT,Perfect Plan,0,,-,1149,10FU86,大分県,1730,4ME4CH,大分県,2602,K-JET.,大分県,0,,-
RESIDENT,Peng-Ging Sky High!!,0,,-,1098,HINA.S,大分県,1487,HINATA,大分県,2662,YAMADA,大分県,0,,-
RESIDENT,Peaktime Booster,0,,-,1135,10FU86,大分県,1876,HINA.S,大分県,3237,K-JET.,大分県,0,,-
RESIDENT,OVER VOLTAGE,0,,-,1087,10FU86,大分県,1798,10FU86,大分県,2600,YAMADA,大分県,0,,-
RESIDENT,Ou Legends,0,,-,1147,10FU86,大分県,1997,4ME4CH,大分県,3287,K-JET.,大分県,0,,-
RESIDENT,ONE AND ONLY,0,,-,1145,10FU86,大分県,1770,4ME4CH,大分県,3206,K-JET.,大分県,0,,-
RESIDENT,No Border,0,,-,1137,10FU86,大分県,2017,HINA.S,大分県,3706,K-JET.,大分県,0,,-
RESIDENT,Next Level,0,,-,954,HINA.S,大分県,1571,10FU86,大分県,2188,HINATA,大分県,0,,-
RESIDENT,Move UR Body,0,,-,1174,10FU86,大分県,1785,4ME4CH,大分県,2616,HINA.S,大分県,0,,-
RESIDENT,Meissa,0,,-,927,HINA.S,大分県,1633,HINA.S,大分県,2834,YAMADA,大分県,0,,-
RESIDENT,MAX 360,0,,-,1189,4KADES,大分県,2212,10FU86,大分県,3137,CXF,大分県,0,,-
RESIDENT,mathematical good-bye,0,,-,1174,HINATA,大分県,1743,4KADES,大分県,2840,HINA.S,大分県,0,,-
RESIDENT,Luna Plena,0,,-,875,HINA.S,大分県,1566,MIKOTO,大分県,2600,HINA.S,大分県,0,,-
RESIDENT,LOUDER ROLLING THUNDER,0,,-,1081,4KADES,大分県,1951,4ME4CH,大分県,3391,YAMADA,大分県,0,,-
RESIDENT,Level 4,0,,-,1226,HINATA,大分県,2073,HINATA,大分県,3600,K-JET.,大分県,0,,-
RESIDENT,LADS,0,,-,947,HINA.S,大分県,1652,HINA.S,大分県,2300,HINA.S,大分県,0,,-
RESIDENT,kors k's How to make OTOGE CORE 「LONG」,0,,-,1211,HINATA,大分県,2342,4ME4CH,大分県,3622,K-JET.,大分県,0,,-
RESIDENT,KING,449,10FU86,大分県,950,HINA.S,大分県,1937,WATER1,大分県,3098,YAMADA,大分県,3932,K-JET.,大分県
RESIDENT,I,0,,-,1249,HINATA,大分県,2299,KILA**,大分県,3707,K-JET.,大分県,0,,-
RESIDENT,Hat Surprise (Season 2),0,,-,1026,HINA.S,大分県,1803,4ME4CH,大分県,3414,K-JET.,大分県,0,,-
RESIDENT,glacia,0,,-,1206,HINATA,大分県,2116,4ME4CH,大分県,2952,K-JET.,大分県,0,,-
RESIDENT,GET UP AGAIN,0,,-,1123,HINATA,大分県,1685,4ME4CH,大分県,2442,K-JET.,大分県,0,,-
RESIDENT,Get On Your Feet,0,,-,1143,HINA.S,大分県,1764,4KADES,大分県,2737,HINATA,大分県,0,,-
RESIDENT,FLARE -炎舞- ft.Nana Takahashi,0,,-,1146,HINA.S,大分県,1909,HINATA,大分県,2897,YAMADA,大分県,0,,-
RESIDENT,Fading Stars,0,,-,1097,HINA.S,大分県,1615,4KADES,大分県,2713,NUMATA,大分県,0,,-
RESIDENT,EZ DO DANCE,384,10FU86,大分県,774,HINA.S,大分県,1424,HINA.S,大分県,1983,YAMADA,大分県,0,,-
RESIDENT,EXODUS SIGN,0,,-,1248,HINATA,大分県,1760,4ME4CH,大分県,2663,YAMADA,大分県,0,,-
RESIDENT,Driver,0,,-,899,K-JET.,大分県,1298,HINA.S,大分県,1807,HINA.S,大分県,0,,-
RESIDENT,Dreaming Dream,0,,-,844,HINATA,大分県,1435,HINATA,大分県,2278,HINATA,大分県,0,,-
RESIDENT,dica dica,0,,-,1177,HINA.S,大分県,2428,YAMADA,大分県,3183,K-JET.,大分県,0,,-
RESIDENT,DIAMOND JACKAL,0,,-,1042,10FU86,大分県,1593,10FU86,大分県,2556,YAMADA,大分県,0,,-
RESIDENT,CUE CUE RESCUE,523,115TAL,大分県,1156,HINA.S,大分県,1696,HINA.S,大分県,2554,YAMADA,大分県,3072,YAMADA,大分県
RESIDENT,CODE -CRiMSON-,0,,-,1328,HINATA,大分県,1832,10FU86,大分県,3000,YAMADA,大分県,0,,-
RESIDENT,Chaotoxin,0,,-,1194,HINA.S,大分県,1717,10FU86,大分県,3371,K-JET.,大分県,0,,-
RESIDENT,Caldwell 99,0,,-,1055,HINATA,大分県,1849,10FU86,大分県,2537,YAMADA,大分県,3354,YAMADA,大分県
RESIDENT,C-C-C-N-N-N,0,,-,963,10FU86,大分県,1698,10FU86,大分県,2819,HINATA,大分県,0,,-
RESIDENT,BIGWAVERS,0,,-,1171,HINATA,大分県,1833,KILA**,大分県,3534,K-JET.,大分県,0,,-
RESIDENT,Beyond Evolution,0,,-,1444,10FU86,大分県,2593,HINATA,大分県,4125,K-JET.,大分県,0,,-
RESIDENT,Bad Encryption,0,,-,1271,10FU86,大分県,1997,HINA.S,大分県,3137,YAMADA,大分県,0,,-
RESIDENT,B.O.D.Y.,0,,-,1112,HINATA,大分県,2177,HINA.S,大分県,3411,YAMADA,大分県,0,,-
RESIDENT,AWA AWA,0,,-,790,HINA.S,大分県,1335,HINATA,大分県,2321,HINATA,大分県,0,,-
RESIDENT,anthracene,0,,-,972,HINATA,大分県,1943,HINA.S,大分県,3389,K-JET.,大分県,0,,-
RESIDENT,Ambush Ace,0,,-,1082,HINA.S,大分県,2043,10FU86,大分県,2958,K-JET.,大分県,0,,-
RESIDENT,Always We Trust In You,0,,-,1206,HINATA,大分県,1826,10FU86,大分県,3205,K-JET.,大分県,0,,-
RESIDENT,7 Colors,0,,-,631,HINA.S,大分県,1208,HINATA,大分県,1940,YAMADA,大分県,0,,-
RESIDENT,3V0,0,,-,1056,HINATA,大分県,1760,10FU86,大分県,3020,YAMADA,大分県,0,,-
RESIDENT,24h Endurance Race,0,,-,1005,HINATA,大分県,2127,CXF,大分県,3379,NUMATA,大分県,0,,-
RESIDENT,#CMFLG,0,,-,1167,4KADES,大分県,2306,KYRIE,大分県,3422,YAMADA,大分県,0,,-
6th style,L'amour et la liberte,0,,-,964,10FU86,大分県,1602,YAMADA,大分県,2037,HINATA,大分県,0,,-
9th style,PARANOIA survivor MAX,0,,-,924,115TAL,大分県,1248,115TAL,大分県,2156,HINATA,大分県,0,,-
9th style,Logic Board,0,,-,1053,HINATA,大分県,1724,115TAL,大分県,2336,K-JET.,大分県,0,,-
PENDUAL,GUILTY,0,,-,996,KYRIE,大分県,1540,10FU86,大分県,1905,HINATA,大分県,2988,K-JET.,大分県
CANNON BALLERS,共犯ヘヴンズコード,0,,-,311,D.KTRG,大分県,1204,PLAN.B,大分県,2274,HINATA,大分県,0,,-
RESIDENT,異心前進♪ぴょんぴょんぴょん,0,,-,1120,HINATA,大分県,1596,115TAL,大分県,2517,HINATA,大分県,0,,-
EPOLIS,電腦都市,0,,-,1396,115TAL,大分県,2276,HINATA,大分県,3358,NUMATA,大分県,0,,-
EPOLIS,電子になりたい,0,,-,835,10FU86,大分県,1416,115TAL,大分県,2022,HINATA,大分県,0,,-
EPOLIS,電光,0,,-,1042,10FU86,大分県,1832,MIKOTO,大分県,3056,K-JET.,大分県,0,,-
EPOLIS,雫,0,,-,1004,115TAL,大分県,2034,115TAL,大分県,2690,YAMADA,大分県,0,,-
EPOLIS,閉塞的フレーション,0,,-,1023,K-JET.,大分県,1623,MIKOTO,大分県,2432,HINATA,大分県,0,,-
EPOLIS,酔いどれ知らず,273,10FU86,大分県,831,HINATA,大分県,1265,115TAL,大分県,2229,TANPA2,大分県,0,,-
EPOLIS,終焔のClaudia,0,,-,1382,NASDAQ,大分県,1927,KILA**,大分県,2744,K-JET.,大分県,0,,-
EPOLIS,神様、つれない。,0,,-,702,HINATA,大分県,1419,115TAL,大分県,2161,HINATA,大分県,0,,-
EPOLIS,"灼熱Beach Side Bunny (かめりあ's ""Summertime D'n'B"" Remix)",0,,-,1061,115TAL,大分県,1945,KILA**,大分県,3176,K-JET.,大分県,0,,-
EPOLIS,流桜ノ門,0,,-,1010,115TAL,大分県,1573,MIKOTO,大分県,2134,HINATA,大分県,0,,-
EPOLIS,残像ニ繋ガレタ追憶ノHIDEAWAY,0,,-,1184,115TAL,大分県,2271,IIDX32,大分県,3564,YAMADA,大分県,0,,-
EPOLIS,果たせぬ約束 ft. 小林マナ,0,,-,1166,10FU86,大分県,1917,KILA**,大分県,3013,K-JET.,大分県,0,,-
EPOLIS,未完成ノ蒸氣驅動乙女,0,,-,1072,115TAL,大分県,2026,KILA**,大分県,2976,K-JET.,大分県,0,,-
EPOLIS,摩天楼,0,,-,696,HINATA,大分県,1481,MIKOTO,大分県,2556,NUMATA,大分県,0,,-
EPOLIS,愛包ダンスホール,350,115TAL,大分県,940,HINATA,大分県,1375,115TAL,大分県,2590,YAMADA,大分県,0,,-
EPOLIS,惑星鉄道,0,,-,1076,10FU86,大分県,2009,HINATA,大分県,2917,K-JET.,大分県,0,,-
EPOLIS,寝起きヤシの木,466,10FU86,大分県,1089,115TAL,大分県,1786,10FU86,大分県,2807,YAMADA,大分県,0,,-
EPOLIS,夢縁,0,,-,1177,10FU86,大分県,2063,10FU86,大分県,3011,YAMADA,大分県,0,,-
EPOLIS,夏風邪デスコ,316,115TAL,大分県,822,HINATA,大分県,1740,MIKOTO,大分県,2672,HINATA,大分県,0,,-
EPOLIS,唱,191,115TAL,大分県,461,HINATA,大分県,1015,115TAL,大分県,1780,HINATA,大分県,0,,-
EPOLIS,可愛くてごめん,281,115TAL,大分県,628,HINATA,大分県,1395,K-JET.,大分県,2265,YAMADA,大分県,2802,YAMADA,大分県
EPOLIS,勇者,374,115TAL,大分県,809,115TAL,大分県,1425,10FU86,大分県,2479,YAMADA,大分県,0,,-
EPOLIS,傷つけど、愛してる。,345,10FU86,大分県,876,115TAL,大分県,1382,10FU86,大分県,2095,YAMADA,大分県,0,,-
EPOLIS,今宵、ロマンス横丁。,0,,-,1139,10FU86,大分県,2249,10FU86,大分県,3323,YAMADA,大分県,0,,-
EPOLIS,リメンバーリメンバー,0,,-,515,HINATA,大分県,979,HINATA,大分県,1685,TANPA2,大分県,0,,-
EPOLIS,ラビットホール,685,115TAL,大分県,1377,115TAL,大分県,2063,KILA**,大分県,2925,YAMADA,大分県,0,,-
EPOLIS,マーシャル・マキシマイザー,425,10FU86,大分県,821,115TAL,大分県,1447,CXF,大分県,2156,HINATA,大分県,0,,-
EPOLIS,ポラリスノウタ,300,10FU86,大分県,869,HINATA,大分県,1619,115TAL,大分県,2275,HINATA,大分県,0,,-
EPOLIS,フォニイ,628,10FU86,大分県,1224,115TAL,大分県,1983,KILA**,大分県,2903,YAMADA,大分県,3933,YAMADA,大分県
EPOLIS,デビルじゃないもん,345,115TAL,大分県,831,10FU86,大分県,1361,MIKOTO,大分県,2091,HINATA,大分県,0,,-
EPOLIS,センチメンタル・サマー,0,,-,673,HINATA,大分県,1284,HINATA,大分県,2002,HINATA,大分県,0,,-
EPOLIS,シンデレラ,540,10FU86,大分県,868,TANPA2,大分県,1533,10FU86,大分県,2233,HINATA,大分県,0,,-
EPOLIS,アタシ完全絶対正義ちゃん！,0,,-,965,115TAL,大分県,1578,10FU86,大分県,2158,HINATA,大分県,0,,-
EPOLIS,アイドル,275,K,大分県,890,HINATA,大分県,1507,115TAL,大分県,2617,HINATA,大分県,3180,YAMADA,大分県
EPOLIS,れとりば！,0,,-,861,HINATA,大分県,1327,10FU86,大分県,2063,TANPA2,大分県,0,,-
EPOLIS,めうめうぺったんたん！！ (ZAQUVA Remix),0,,-,1051,HINATA,大分県,1884,10FU86,大分県,2800,YAMADA,大分県,0,,-
EPOLIS,ないないルーティン,0,,-,595,HINATA,大分県,1346,MIKOTO,大分県,2089,YAMADA,大分県,0,,-
EPOLIS,ちゅ、多様性。,218,10FU86,大分県,528,HINATA,大分県,1149,HINATA,大分県,1924,YAMADA,大分県,2269,HINATA,大分県
EPOLIS,《PL|RAYER》,0,,-,929,115TAL,大分県,1709,MIKOTO,大分県,2817,K-JET.,大分県,0,,-
EPOLIS,ZEROIN ON THE LIGHT,0,,-,1103,10FU86,大分県,1749,NUMATA,大分県,2672,YAMADA,大分県,0,,-
EPOLIS,Xb10r,0,,-,1198,115TAL,大分県,2253,KILA**,大分県,3596,K-JET.,大分県,0,,-
EPOLIS,winkle 2 winkle,0,,-,1046,KILA**,大分県,1817,MIKOTO,大分県,2808,YAMADA,大分県,0,,-
EPOLIS,WaterCube Pf.(RX-Ver.S.P.L.),0,,-,586,HINATA,大分県,1335,115TAL,大分県,2196,HINATA,大分県,0,,-
EPOLIS,Vulnerability,0,,-,1298,10FU86,大分県,1968,YAMADA,大分県,3665,K-JET.,大分県,0,,-
EPOLIS,Vermilion Carol,0,,-,1361,115TAL,大分県,2192,KILA**,大分県,3603,YAMADA,大分県,0,,-
EPOLIS,Tripping Jumping,0,,-,847,HINATA,大分県,1561,10FU86,大分県,2292,YAMADA,大分県,0,,-
EPOLIS,TRIP THE DEEP,0,,-,1007,115TAL,大分県,1587,115TAL,大分県,2533,HINATA,大分県,0,,-
EPOLIS,Too Late Snow,0,,-,803,HINATA,大分県,1401,10FU86,大分県,2023,HINATA,大分県,0,,-
EPOLIS,TITANIUM RIDERS,0,,-,871,115TAL,大分県,1488,10FU86,大分県,2135,YAMADA,大分県,0,,-
EPOLIS,Time Distortion pt.2(IIDX Edit),0,,-,1297,115TAL,大分県,1929,10FU86,大分県,2968,YAMADA,大分県,0,,-
EPOLIS,This Is Club Musik feat. 大久保紅葉,0,,-,1081,10FU86,大分県,1706,10FU86,大分県,2654,YAMADA,大分県,0,,-
EPOLIS,The Onlyonez,0,,-,1024,10FU86,大分県,1654,K4R1N.,大分県,3137,NUMATA,大分県,0,,-
EPOLIS,The Last Apocalypse,0,,-,1408,MIKOTO,大分県,2440,115TAL,大分県,3707,K-JET.,大分県,0,,-
EPOLIS,T.R.O.L.L.,0,,-,1022,10FU86,大分県,1603,10FU86,大分県,2584,K-JET.,大分県,0,,-
EPOLIS,Sword of Vengeance,0,,-,1443,HINATA,大分県,2120,KILA**,大分県,3244,NUMATA,大分県,0,,-
EPOLIS,Submerge Serenade,0,,-,1070,10FU86,大分県,1788,10FU86,大分県,2965,YAMADA,大分県,0,,-
EPOLIS,Stereo Beasts,0,,-,1338,115TAL,大分県,2516,KYRIE,大分県,3702,YAMADA,大分県,0,,-
EPOLIS,squall,0,,-,1196,10FU86,大分県,1730,MIKOTO,大分県,2663,K-JET.,大分県,0,,-
EPOLIS,Speculation,0,,-,1004,10FU86,大分県,1784,4ME4CH,大分県,3022,NUMATA,大分県,0,,-
EPOLIS,SOLAR ECLIPSE,0,,-,1460,10FU86,大分県,2429,HINATA,大分県,3609,K-JET.,大分県,0,,-
EPOLIS,So What,0,,-,629,HINATA,大分県,1174,HINATA,大分県,1847,HINATA,大分県,0,,-
EPOLIS,Sirius,0,,-,1012,115TAL,大分県,1636,MIKOTO,大分県,3246,YAMADA,大分県,0,,-
EPOLIS,Shapeshifter,0,,-,1082,115TAL,大分県,1737,HINATA,大分県,2530,HINATA,大分県,0,,-
EPOLIS,Seven Times Four,0,,-,1173,10FU86,大分県,1967,10FU86,大分県,3488,YAMADA,大分県,0,,-
EPOLIS,See You Again,0,,-,1180,10FU86,大分県,1833,10FU86,大分県,3140,NUMATA,大分県,0,,-
EPOLIS,Riff//rain,208,PEEP,大分県,737,HINATA,大分県,1263,115TAL,大分県,1812,NUMATA,大分県,0,,-
EPOLIS,Resonant,0,,-,1075,115TAL,大分県,2313,KILA**,大分県,3631,NUMATA,大分県,0,,-
EPOLIS,Red Determination,0,,-,1030,10FU86,大分県,1567,10FU86,大分県,2636,HINATA,大分県,0,,-
EPOLIS,Psychedelic Intelligence,0,,-,1224,115TAL,大分県,1831,115TAL,大分県,2876,HINATA,大分県,0,,-
EPOLIS,PILGRIM,0,,-,974,115TAL,大分県,1697,115TAL,大分県,2725,YAMADA,大分県,0,,-
EPOLIS,out of disk space,0,,-,1093,10FU86,大分県,1909,10FU86,大分県,2581,YAMADA,大分県,0,,-
EPOLIS,Out of Control,0,,-,1140,115TAL,大分県,2205,4ME4CH,大分県,3087,K-JET.,大分県,0,,-
EPOLIS,NEEDLESS MY LOVE FOR YOU,0,,-,1004,10FU86,大分県,1638,115TAL,大分県,2443,HINATA,大分県,0,,-
EPOLIS,My Sweet Bird?,0,,-,853,HINATA,大分県,1512,10FU86,大分県,2209,HINATA,大分県,0,,-
EPOLIS,Mukade,0,,-,1111,115TAL,大分県,1845,10FU86,大分県,3243,YAMADA,大分県,0,,-
EPOLIS,Monkey Business,0,,-,720,115TAL,大分県,1523,115TAL,大分県,2583,K-JET.,大分県,0,,-
EPOLIS,Million Dollar,0,,-,1159,115TAL,大分県,1952,KILA**,大分県,3413,K-JET.,大分県,0,,-
EPOLIS,MAXIMUM CHEAT GIRL,0,,-,1230,115TAL,大分県,2159,10FU86,大分県,3619,K-JET.,大分県,0,,-
EPOLIS,Level 5,0,,-,1325,10FU86,大分県,2366,10FU86,大分県,3649,K-JET.,大分県,0,,-
EPOLIS,JUSTICE/GUILTY feat. Nana Takahashi & 709sec.,0,,-,1720,115TAL,大分県,2481,KORONE,大分県,3880,YAMADA,大分県,0,,-
EPOLIS,Just Gimme,0,,-,944,115TAL,大分県,1675,115TAL,大分県,2753,HINATA,大分県,0,,-
EPOLIS,Jumper,0,,-,912,HINATA,大分県,1485,MIKOTO,大分県,2412,HINATA,大分県,0,,-
EPOLIS,Iris,415,10FU86,大分県,839,HINATA,大分県,1530,TOILET,大分県,2215,HINATA,大分県,0,,-
EPOLIS,INHERITANCE,0,,-,1080,KILA**,大分県,1740,KILA**,大分県,2839,NUMATA,大分県,0,,-
EPOLIS,i-ii,0,,-,1069,10FU86,大分県,1721,MIKOTO,大分県,2907,YAMADA,大分県,0,,-
EPOLIS,Hat Surprise (Season 3),0,,-,1233,115TAL,大分県,2118,KILA**,大分県,2735,YAMADA,大分県,0,,-
EPOLIS,Hard Breaker,0,,-,780,HINATA,大分県,1524,115TAL,大分県,2541,YAMADA,大分県,0,,-
EPOLIS,GLORIOUS HAMMER,0,,-,1078,KILA**,大分県,1891,115TAL,大分県,3133,YAMADA,大分県,0,,-
EPOLIS,GloriosA,0,,-,1211,10FU86,大分県,1949,10FU86,大分県,2863,YAMADA,大分県,0,,-
EPOLIS,Glitch N Ride,0,,-,853,115TAL,大分県,1571,K-JET.,大分県,2657,K-JET.,大分県,0,,-
EPOLIS,Ghost Pulse,0,,-,1040,115TAL,大分県,1646,10FU86,大分県,2793,YAMADA,大分県,0,,-
EPOLIS,Get Wicked,0,,-,882,115TAL,大分県,1427,10FU86,大分県,2489,HINATA,大分県,0,,-
EPOLIS,Get Higher,0,,-,970,115TAL,大分県,1724,MIKOTO,大分県,2315,HINATA,大分県,0,,-
EPOLIS,GAME ON,0,,-,1366,115TAL,大分県,2218,10FU86,大分県,2724,YAMADA,大分県,0,,-
EPOLIS,frequent,0,,-,1315,115TAL,大分県,2269,KILA**,大分県,3756,K-JET.,大分県,0,,-
EPOLIS,Echoes of Sunfall,0,,-,1012,115TAL,大分県,1615,10FU86,大分県,2994,YAMADA,大分県,0,,-
EPOLIS,Demon March,0,,-,1458,115TAL,大分県,2335,KYRIE,大分県,3667,K-JET.,大分県,0,,-
EPOLIS,Deep Sea Mystery,0,,-,1090,115TAL,大分県,1456,10FU86,大分県,1987,K-JET.,大分県,0,,-
EPOLIS,DAZZLE ATTACK,548,115TAL,大分県,974,115TAL,大分県,1656,10FU86,大分県,2858,YAMADA,大分県,0,,-
EPOLIS,Dahlia,0,,-,1274,115TAL,大分県,2054,10FU86,大分県,3166,K-JET.,大分県,0,,-
EPOLIS,Cult Invitation,0,,-,1222,115TAL,大分県,1906,KILA**,大分県,3473,K-JET.,大分県,0,,-
EPOLIS,COUNTING SHEEP ft. Kanae Asaba,0,,-,678,HINATA,大分県,1300,MIKOTO,大分県,2227,YAMADA,大分県,0,,-
EPOLIS,CODE:2,0,,-,1074,10FU86,大分県,1735,10FU86,大分県,2962,YAMADA,大分県,0,,-
EPOLIS,Chemical Colours,0,,-,1048,HINATA,大分県,1985,10FU86,大分県,2815,YAMADA,大分県,0,,-
EPOLIS,CADENZA,0,,-,1515,115TAL,大分県,2516,YAMADA,大分県,4559,K-JET.,大分県,0,,-
EPOLIS,BLAZING_LAZER,0,,-,1225,115TAL,大分県,2079,KILA**,大分県,3426,K-JET.,大分県,0,,-
EPOLIS,Bitter & Lucky,0,,-,857,115TAL,大分県,1363,10FU86,大分県,2531,HINATA,大分県,0,,-
EPOLIS,Amethyst,0,,-,1309,10FU86,大分県,1813,MIKOTO,大分県,2624,YAMADA,大分県,0,,-
EPOLIS,Ambivalent Vermilia,0,,-,1502,115TAL,大分県,2345,KYRIE,大分県,4119,K-JET.,大分県,0,,-
EPOLIS,Akatsuki,0,,-,1014,HINATA,大分県,1568,10FU86,大分県,2265,HINATA,大分県,0,,-
EPOLIS,Aeterna,0,,-,996,HINATA,大分県,1575,10FU86,大分県,2563,K-JET.,大分県,0,,-
EPOLIS,ACT0,0,,-,1252,10FU86,大分県,2173,KYRIE,大分県,2999,K-JET.,大分県,0,,-
EPOLIS,20XX,0,,-,1198,115TAL,大分県,1803,CXF,大分県,2721,YAMADA,大分県,0,,-
6th style,L’amour et la libert?,0,,-,993,HINATA,大分県,1239,K,大分県,2039,HINATA,大分県,0,,-
9th style,ADVANCE,0,,-,476,10FU86,大分県,843,10FU86,大分県,1606,NUMATA,大分県,0,,-
Lincle,A MINSTREL ～ ver. short-scape ～,0,,-,680,HINATA,大分県,1440,115TAL,大分県,2370,HINATA,大分県,3881,TANPA2,大分県
RESIDENT,VOID,0,,-,1225,HONEY.,大分県,1566,AM1NO3,大分県,3303,CXF,大分県,0,,-
Pinky Crush,ＰＡＳＴＥＬＩＳＭ,0,,-,1027,10FU86,大分県,1519,10FU86,大分県,2121,NUMATA,大分県,0,,-
Pinky Crush,飴玉,0,,-,583,10FU86,大分県,882,MIKOTO,大分県,1390,HINATA,大分県,0,,-
Pinky Crush,進捗ダメダメです,285,10FU86,大分県,803,10FU86,大分県,1572,115TAL,大分県,2243,HINATA,大分県,0,,-
Pinky Crush,覚悟せよ！エンタンメ～ン ～より身の切り売り自暴自棄版～,0,,-,1057,115TAL,大分県,1866,10FU86,大分県,2849,K-JET.,大分県,0,,-
Pinky Crush,爆ぜりゃんせ,0,,-,1129,NUMATA,大分県,1852,KILA**,大分県,2995,YAMADA,大分県,0,,-
Pinky Crush,無双,0,,-,1166,10FU86,大分県,1938,MIKOTO,大分県,3332,K-JET.,大分県,0,,-
Pinky Crush,灼熱 Lost Summer Dayz,0,,-,1031,10FU86,大分県,1921,NUMATA,大分県,2805,YAMADA,大分県,0,,-
Pinky Crush,消極的セツナイズム,0,,-,970,115TAL,大分県,1582,115TAL,大分県,2289,HINATA,大分県,0,,-
Pinky Crush,朱と碧のランページ,0,,-,1018,115TAL,大分県,1673,115TAL,大分県,2524,K-JET.,大分県,0,,-
Pinky Crush,最強頂戴girl,0,,-,858,10FU86,大分県,1462,10FU86,大分県,2199,K-JET.,大分県,0,,-
Pinky Crush,断罪の一花,0,,-,887,10FU86,大分県,1510,10FU86,大分県,2576,K-JET.,大分県,0,,-
Pinky Crush,我ら完全無敵のアイドル!!,244,115TAL,大分県,1039,10FU86,大分県,1625,WATER1,大分県,2563,YAMADA,大分県,0,,-
Pinky Crush,弾幕信仰,0,,-,1072,115TAL,大分県,1639,115TAL,大分県,2515,TANPA2,大分県,0,,-
Pinky Crush,天使のカンタータ -Cantata of Angels-,0,,-,1256,10FU86,大分県,2176,IIDX32,大分県,4127,NUMATA,大分県,0,,-
Pinky Crush,ロマンシングエスケープ,0,,-,438,115TAL,大分県,1133,115TAL,大分県,1841,HINATA,大分県,0,,-
Pinky Crush,メズマライザー,580,10FU86,大分県,1159,115TAL,大分県,1843,TANPA2,大分県,2737,HINATA,大分県,0,,-
Pinky Crush,ファイナルレター,0,,-,983,115TAL,大分県,1848,MIKOTO,大分県,2662,YAMADA,大分県,0,,-
Pinky Crush,ビビデバ,266,115TAL,大分県,784,115TAL,大分県,1318,MIKOTO,大分県,2066,HINATA,大分県,0,,-
Pinky Crush,ハルイロメロディー,0,,-,881,115TAL,大分県,1399,10FU86,大分県,2219,NUMATA,大分県,0,,-
Pinky Crush,ハオ,296,K,大分県,870,10FU86,大分県,1719,10FU86,大分県,2895,K-JET.,大分県,0,,-
Pinky Crush,ドーナツホール 2024,337,115TAL,大分県,965,115TAL,大分県,1618,IIDX32,大分県,2379,TANPA2,大分県,0,,-
Pinky Crush,ドリムチウ,0,,-,860,10FU86,大分県,1553,10FU86,大分県,2596,NUMATA,大分県,0,,-
Pinky Crush,スパークリング☆彡ハイパーチューン！！,0,,-,1456,115TAL,大分県,2169,KYRIE,大分県,3663,YAMADA,大分県,0,,-
Pinky Crush,スキッテイエェエエェ!!!!,0,,-,1514,10FU86,大分県,2558,KILA**,大分県,4255,NUMATA,大分県,0,,-
Pinky Crush,ゲシュタルト,400,10FU86,大分県,950,10FU86,大分県,1560,10FU86,大分県,2474,YAMADA,大分県,0,,-
Pinky Crush,ギャ・ギャ・ギャ・ギャラクシー！,0,,-,906,115TAL,大分県,1628,115TAL,大分県,2396,HINATA,大分県,0,,-
Pinky Crush,キスキツネ,197,115TAL,大分県,881,115TAL,大分県,1466,115TAL,大分県,2375,YAMADA,大分県,0,,-
Pinky Crush,オブソミート,237,115TAL,大分県,862,115TAL,大分県,1486,10FU86,大分県,2402,YAMADA,大分県,0,,-
Pinky Crush,オッド ラヴィ,391,10FU86,大分県,1051,115TAL,大分県,1724,10FU86,大分県,2536,HINATA,大分県,0,,-
Pinky Crush,エクスプロウル,0,,-,946,10FU86,大分県,1596,WATER1,大分県,2407,K-JET.,大分県,0,,-
Pinky Crush,イガク,317,115TAL,大分県,883,10FU86,大分県,1512,10FU86,大分県,2042,HINATA,大分県,0,,-
Pinky Crush,アラビアン ハイパー ナイト,0,,-,1199,115TAL,大分県,1868,KILA**,大分県,3276,NUMATA,大分県,0,,-
Pinky Crush,きゅうくらりん,447,PEEP,大分県,883,115TAL,大分県,1677,10FU86,大分県,2398,TANPA2,大分県,0,,-
Pinky Crush,きみのせかい,0,,-,1021,10FU86,大分県,1648,115TAL,大分県,2855,NUMATA,大分県,0,,-
Pinky Crush,えだまめカレークッキング,437,115TAL,大分県,814,115TAL,大分県,1284,10FU86,大分県,2212,NUMATA,大分県,0,,-
Pinky Crush,XHRONOXAPSULΞ,0,,-,1140,10FU86,大分県,2271,KILA**,大分県,3815,NUMATA,大分県,0,,-
Pinky Crush,Without Heaven,0,,-,1306,115TAL,大分県,2194,NUMATA,大分県,3663,K-JET.,大分県,0,,-
Pinky Crush,Vibing! Shake it!,0,,-,964,115TAL,大分県,1649,10FU86,大分県,2508,HINATA,大分県,0,,-
Pinky Crush,uen,0,,-,1418,10FU86,大分県,2091,KILA**,大分県,3002,NUMATA,大分県,0,,-
Pinky Crush,Uaigh Gealai,0,,-,1294,10FU86,大分県,2170,KILA**,大分県,3808,YAMADA,大分県,0,,-
Pinky Crush,u gotta beat,0,,-,1338,115TAL,大分県,2361,NUMATA,大分県,3549,YAMADA,大分県,0,,-
Pinky Crush,TECHNO RUMBLE,0,,-,1142,115TAL,大分県,1767,115TAL,大分県,2914,YAMADA,大分県,0,,-
Pinky Crush,SμG@R RU$#,0,,-,1405,115TAL,大分県,2326,10FU86,大分県,3666,K-JET.,大分県,0,,-
Pinky Crush,SUPER HEROINE!!,0,,-,932,115TAL,大分県,1600,115TAL,大分県,2336,YAMADA,大分県,0,,-
Pinky Crush,Stargazing Trip ～星 探す旅～ ft. 小林マナ,0,,-,1075,10FU86,大分県,1773,10FU86,大分県,2685,K-JET.,大分県,0,,-
Pinky Crush,Space In Time,0,,-,850,10FU86,大分県,1592,NUMATA,大分県,2058,YAMADA,大分県,0,,-
Pinky Crush,Slumber☆Party,0,,-,826,115TAL,大分県,1746,115TAL,大分県,2300,NUMATA,大分県,0,,-
Pinky Crush,Skratch Education Lv-1,0,,-,1004,10FU86,大分県,1706,HINATA,大分県,2873,K-JET.,大分県,0,,-
Pinky Crush,SISYPHUS,0,,-,1008,115TAL,大分県,1687,MIKOTO,大分県,2679,YAMADA,大分県,0,,-
Pinky Crush,Show Me All Your Love,0,,-,1126,115TAL,大分県,1958,115TAL,大分県,2946,YAMADA,大分県,0,,-
Pinky Crush,Shirdal,0,,-,852,10FU86,大分県,1465,10FU86,大分県,2501,NUMATA,大分県,0,,-
Pinky Crush,Secret Rouge,0,,-,838,115TAL,大分県,1633,MIKOTO,大分県,2328,YAMADA,大分県,0,,-
Pinky Crush,Satellite Burst,0,,-,1236,115TAL,大分県,2221,K-JET.,大分県,3896,K-JET.,大分県,0,,-
Pinky Crush,Roar of Chronos,0,,-,1228,115TAL,大分県,2212,K-JET.,大分県,3945,YAMADA,大分県,0,,-
Pinky Crush,RAVE SYNDROME,0,,-,1011,115TAL,大分県,1725,MIKOTO,大分県,2791,HINATA,大分県,0,,-
Pinky Crush,Raspberry Potion (feat.あれたん & ぎゃるのしん☆),0,,-,894,115TAL,大分県,1777,10FU86,大分県,2523,K-JET.,大分県,0,,-
Pinky Crush,PopなEDEN,0,,-,968,10FU86,大分県,1612,KYRIE,大分県,2465,YAMADA,大分県,0,,-
Pinky Crush,Plea Per Phase,0,,-,1032,115TAL,大分県,1723,10FU86,大分県,2766,HINATA,大分県,0,,-
Pinky Crush,Plazma,265,10FU86,大分県,685,115TAL,大分県,1217,115TAL,大分県,2035,YAMADA,大分県,0,,-
Pinky Crush,PIT A PAT,0,,-,1022,115TAL,大分県,1800,115TAL,大分県,2581,HINATA,大分県,0,,-
Pinky Crush,Pinky Happy Crazy,0,,-,1327,10FU86,大分県,2392,10FU86,大分県,3574,NUMATA,大分県,0,,-
Pinky Crush,PERFECT HUMAN,527,10FU86,大分県,879,115TAL,大分県,1447,MIKOTO,大分県,2231,HINATA,大分県,0,,-
Pinky Crush,NOIXIA,0,,-,1379,10FU86,大分県,2260,KYRIE,大分県,3969,K-JET.,大分県,0,,-
Pinky Crush,MVP,0,,-,913,10FU86,大分県,1509,115TAL,大分県,2613,YAMADA,大分県,0,,-
Pinky Crush,Mighty Cutie,0,,-,1152,10FU86,大分県,1947,10FU86,大分県,2768,NUMATA,大分県,0,,-
Pinky Crush,Mid-Corner (Magic Maker),0,,-,1207,10FU86,大分県,2040,KYRIE,大分県,3156,YAMADA,大分県,0,,-
Pinky Crush,MARLIN,0,,-,1204,115TAL,大分県,2209,115TAL,大分県,3524,YAMADA,大分県,0,,-
Pinky Crush,Lycoris,0,,-,776,115TAL,大分県,1359,115TAL,大分県,2047,HINATA,大分県,0,,-
Pinky Crush,lowercase lifetime,0,,-,1064,115TAL,大分県,2047,10FU86,大分県,2787,YAMADA,大分県,0,,-
Pinky Crush,Lightspeed,0,,-,1275,115TAL,大分県,2062,KYRIE,大分県,3155,NUMATA,大分県,0,,-
Pinky Crush,KOTONOHA ft. Kotoha,0,,-,826,115TAL,大分県,1317,MIKOTO,大分県,1983,HINATA,大分県,0,,-
Pinky Crush,IN BETWEEN,0,,-,905,115TAL,大分県,1494,115TAL,大分県,2385,YAMADA,大分県,0,,-
Pinky Crush,hora de verdad,0,,-,1122,10FU86,大分県,1952,10FU86,大分県,3032,NUMATA,大分県,0,,-
Pinky Crush,Here We Go Now,0,,-,1142,115TAL,大分県,2198,KYRIE,大分県,3339,K-JET.,大分県,0,,-
Pinky Crush,Good Looking,0,,-,742,115TAL,大分県,1261,115TAL,大分県,2073,YAMADA,大分県,0,,-
Pinky Crush,God Mind,0,,-,1495,IIDX32,大分県,2572,KILA**,大分県,4105,K-JET.,大分県,0,,-
Pinky Crush,get set mind,0,,-,1024,10FU86,大分県,1561,10FU86,大分県,2455,YAMADA,大分県,0,,-
Pinky Crush,Galaxy Collapse,0,,-,821,115TAL,大分県,1245,115TAL,大分県,1899,K-JET.,大分県,0,,-
Pinky Crush,FlyAway,0,,-,1246,10FU86,大分県,2077,YAMADA,大分県,3226,YAMADA,大分県,0,,-
Pinky Crush,Flamingo,0,,-,1056,10FU86,大分県,2236,10FU86,大分県,3402,HINATA,大分県,0,,-
Pinky Crush,Fiery Stallion,0,,-,895,115TAL,大分県,1630,115TAL,大分県,2413,K-JET.,大分県,0,,-
Pinky Crush,FERMI PARADOX,0,,-,1154,10FU86,大分県,1634,10FU86,大分県,2530,HINATA,大分県,0,,-
Pinky Crush,EYE OF THE HEAVEN,0,,-,1013,115TAL,大分県,2296,115TAL,大分県,3533,YAMADA,大分県,0,,-
Pinky Crush,EX-MASSIVE FIGHTER,0,,-,1217,115TAL,大分県,2121,KYRIE,大分県,3393,YAMADA,大分県,0,,-
Pinky Crush,everlastingeuphoria:,0,,-,1094,10FU86,大分県,1641,115TAL,大分県,2472,YAMADA,大分県,0,,-
Pinky Crush,ELYSIUM,0,,-,913,115TAL,大分県,1542,10FU86,大分県,2726,YAMADA,大分県,0,,-
Pinky Crush,Eleanor,0,,-,797,10FU86,大分県,1341,10FU86,大分県,2427,HINATA,大分県,0,,-
Pinky Crush,Drop Syndicate,0,,-,1180,10FU86,大分県,1973,HINATA,大分県,3659,YAMADA,大分県,0,,-
Pinky Crush,Dreamship,0,,-,923,115TAL,大分県,1357,MIKOTO,大分県,1955,NUMATA,大分県,0,,-
Pinky Crush,DIVINE JUDGEMENT,0,,-,1033,115TAL,大分県,1982,KYRIE,大分県,2791,YAMADA,大分県,0,,-
Pinky Crush,Digital Radiance,0,,-,1136,10FU86,大分県,1417,10FU86,大分県,2032,HINATA,大分県,0,,-
Pinky Crush,destination,0,,-,1023,115TAL,大分県,2214,KYRIE,大分県,3374,K-JET.,大分県,0,,-
Pinky Crush,Cross Fire,0,,-,1056,10FU86,大分県,2156,KILA**,大分県,3355,K-JET.,大分県,0,,-
Pinky Crush,COSMIC V3LOCITY,0,,-,1254,115TAL,大分県,2279,KYRIE,大分県,3354,K-JET.,大分県,0,,-
Pinky Crush,Constellation,0,,-,952,10FU86,大分県,1763,115TAL,大分県,2809,NUMATA,大分県,0,,-
Pinky Crush,Chasing After YOU ～夢の欠片～ ft. 小林マナ,0,,-,983,NASDAQ,大分県,1431,115TAL,大分県,2057,YAMADA,大分県,0,,-
Pinky Crush,CHAOTIC SUNBIRD,0,,-,1202,115TAL,大分県,1705,KILA**,大分県,3308,K-JET.,大分県,0,,-
Pinky Crush,Butterfly Twist,0,,-,1025,10FU86,大分県,1547,115TAL,大分県,2717,TANPA2,大分県,0,,-
Pinky Crush,Bring The Fire,0,,-,1159,115TAL,大分県,1930,KILA**,大分県,3422,K-JET.,大分県,0,,-
Pinky Crush,Bling-Bang-Bang-Born,344,115TAL,大分県,656,115TAL,大分県,1149,WATER1,大分県,1975,YAMADA,大分県,0,,-
Pinky Crush,Bang-Boo Bumble,0,,-,1121,115TAL,大分県,1923,10FU86,大分県,2943,HINATA,大分県,0,,-
Pinky Crush,Arcanos,0,,-,664,115TAL,大分県,1176,10FU86,大分県,1990,NUMATA,大分県,0,,-
Pinky Crush,Aqvion,0,,-,1180,115TAL,大分県,1913,115TAL,大分県,3482,K-JET.,大分県,0,,-
Pinky Crush,ADAMANT,0,,-,1120,115TAL,大分県,1914,4ME4CH,大分県,3041,K-JET.,大分県,0,,-
Pinky Crush,1116,0,,-,1125,10FU86,大分県,1980,10FU86,大分県,3065,K-JET.,大分県,0,,-
