バージョン,タイトル,BEGINNER EXスコア,BEGINNER DJName,BEGINNER 都道府県,NORMAL EXスコア,NORMAL DJName,NORMAL 都道府県,HYPER EXスコア,HYPER DJName,HYPER 都道府県,ANOTHER EXスコア,ANOTHER DJName,ANOTHER 都道府県,LEGGENDARIA EXスコア,LEGGENDARIA DJName,LEGGENDARIA 都道府県
1st&substream,THE EARTH LIGHT,0,,-,698,ASA,インドネシア,983,E.F-D,インドネシア,1118,UE8RAI,インドネシア,0,,-
1st&substream,RUGGED ASH,0,,-,356,TAKES,インドネシア,370,H-CUP!,インドネシア,1041,MA25DX,インドネシア,1962,DNM,インドネシア
1st&substream,R3,0,,-,602,ASA,インドネシア,688,*#06#,インドネシア,867,U-GEE,インドネシア,0,,-
1st&substream,PARANOIA MAX～DIRTY MIX～,0,,-,516,ASA,インドネシア,729,OSU7K,インドネシア,1062,YXX,インドネシア,0,,-
1st&substream,Macho Gang,0,,-,351,SANYA,インドネシア,918,DEJIKO,インドネシア,1555,APIN58,インドネシア,0,,-
1st&substream,KEEP ON MOVIN',0,,-,192,KEMU,インドネシア,244,MA25DX,インドネシア,0,,-,0,,-
1st&substream,GRADIUSIC CYBER,0,,-,804,ASA,インドネシア,838,HUZAIR,インドネシア,1187,KENKEN,インドネシア,0,,-
1st&substream,gentle stress,0,,-,337,OSU7K,インドネシア,659,OGRCAP,インドネシア,1425,KENKEN,インドネシア,0,,-
1st&substream,GENOM SCREAMS,0,,-,400,SANYA,インドネシア,785,890,インドネシア,1028,EEPY,インドネシア,0,,-
1st&substream,GAMBOL,0,,-,266,U-GEE,インドネシア,273,MA25DX,インドネシア,0,,-,0,,-
1st&substream,Dr.LOVE,0,,-,364,ASA,インドネシア,502,*#06#,インドネシア,572,MA25DX,インドネシア,0,,-
1st&substream,deep in you,0,,-,441,CHLKA,インドネシア,459,YAMORI,インドネシア,651,MA25DX,インドネシア,0,,-
1st&substream,5.1.1.,0,,-,192,APIN58,インドネシア,982,HIMIKO,インドネシア,1555,DNM,インドネシア,0,,-
1st&substream,22DUNK,0,,-,469,ASA,インドネシア,568,CHLKA,インドネシア,644,MA25DX,インドネシア,0,,-
2nd style,SP-TRIP MACHINE(for beatmania II),0,,-,375,TACO!,インドネシア,596,*#06#,インドネシア,638,443*,インドネシア,0,,-
2nd style,PUT YOUR FAITH IN ME(for beatmania II),0,,-,501,CMZEFI,インドネシア,846,UE8RAI,インドネシア,0,,-,0,,-
2nd style,Indigo Vision(full flavour hide around mix),0,,-,668,RUINS1,インドネシア,1045,INFP,インドネシア,1183,YXX,インドネシア,0,,-
2nd style,I Was The One,0,,-,442,RUINS1,インドネシア,623,*#06#,インドネシア,688,MA25DX,インドネシア,0,,-
2nd style,Electro Tuned(the SubS mix),0,,-,522,TACO!,インドネシア,797,KEQING,インドネシア,1011,JHAYR#,インドネシア,0,,-
2nd style,Digital MinD(A/T Libra mix),0,,-,551,CROSS,インドネシア,703,TNSH7,インドネシア,1085,KENKEN,インドネシア,0,,-
2nd style,.59,0,,-,641,ADUHAI,インドネシア,933,HIMIKO,インドネシア,1096,INDMAN,インドネシア,0,,-
3rd style,THE SAFARI,365,OSU7K,インドネシア,1098,FAUNA,インドネシア,1718,SHIYOU,インドネシア,0,,-,0,,-
3rd style,Tangerine Stream,0,,-,251,SHINE,インドネシア,392,MA25DX,インドネシア,0,,-,0,,-
3rd style,Skyscraper,0,,-,509,TACO!,インドネシア,850,DJDUCK,インドネシア,1216,APIN58,インドネシア,0,,-
3rd style,Schlagwerk,0,,-,566,BDYHUN,インドネシア,1228,BC.DZ,インドネシア,1661,U-GEE,インドネシア,0,,-
3rd style,REINCARNATION,0,,-,737,CHLKA,インドネシア,677,MOE?,インドネシア,1268,KENKEN,インドネシア,0,,-
3rd style,R5,0,,-,651,U06RE,インドネシア,1140,MORINO,インドネシア,1769,DNM,インドネシア,0,,-
3rd style,Presto,0,,-,495,CASUAL,インドネシア,889,KBTIT,インドネシア,997,MA25DX,インドネシア,0,,-
3rd style,LEADING CYBER,0,,-,530,RUINS1,インドネシア,800,DJDUCK,インドネシア,1262,DNM,インドネシア,0,,-
3rd style,Holic,0,,-,654,UMA5N,インドネシア,1148,4H0Y!!,インドネシア,1646,ENMT!,インドネシア,0,,-
3rd style,era (nostalmix),0,,-,766,ANCUL,インドネシア,1059,KEMU,インドネシア,1490,YXX,インドネシア,0,,-
3rd style,Don't Stop!,0,,-,548,RUINS1,インドネシア,688,BINGUS,インドネシア,899,MA25DX,インドネシア,0,,-
3rd style,CAN'T STOP FALLIN'IN LOVE,0,,-,474,CODYSB,インドネシア,1234,YXX,インドネシア,0,,-,0,,-
4th style,Voltage (feat. Hidemaru),0,,-,868,OSU7K,インドネシア,1168,310260,インドネシア,1298,KEMU,インドネシア,0,,-
4th style,SWEET LAB,0,,-,473,K.A.PI,インドネシア,838,HIMIKO,インドネシア,1288,BURI69,インドネシア,0,,-
4th style,starmine,429,OSU7K,インドネシア,839,KEMU,インドネシア,1371,JHAYR#,インドネシア,1576,SKYSPA,インドネシア,0,,-
4th style,Mr.T.(take me higher),0,,-,516,JORDAN,インドネシア,976,INFP,インドネシア,1680,LIZ,インドネシア,0,,-
4th style,minimalian,0,,-,304,WEBEMO,インドネシア,1053,310260,インドネシア,1361,KEMU,インドネシア,0,,-
4th style,LOVE WILL・・・,0,,-,436,SHINE,インドネシア,653,SHINE,インドネシア,1445,YXX,インドネシア,0,,-
4th style,KAMIKAZE,0,,-,832,R,インドネシア,1393,.,インドネシア,2277,DNM,インドネシア,0,,-
4th style,Jam&Marmalade,0,,-,746,OSU7K,インドネシア,879,MA25DX,インドネシア,981,KEMU,インドネシア,0,,-
4th style,Hitch Hiker2,0,,-,575,WEBEMO,インドネシア,1065,OSU7K,インドネシア,1272,SHIYOU,インドネシア,1887,YXX,インドネシア
4th style,HIGHER,0,,-,401,AIRREH,インドネシア,662,CODYSB,インドネシア,1259,MA25DX,インドネシア,0,,-
4th style,FLOWERS for ALBION,0,,-,208,AIRREH,インドネシア,424,SKYSPA,インドネシア,0,,-,0,,-
4th style,era (step mix),0,,-,807,*.EXE,インドネシア,1356,MOMOSE,インドネシア,1661,SLUURP,インドネシア,0,,-
4th style,empathy,0,,-,794,INFP,インドネシア,1179,T-WEED,インドネシア,1397,APIN58,インドネシア,0,,-
4th style,DXY!,0,,-,1220,TASO,インドネシア,1742,ANEJIL,インドネシア,2146,ENMT!,インドネシア,0,,-
4th style,Clione,0,,-,481,JYXLCE,インドネシア,838,XION,インドネシア,1599,ENMT!,インドネシア,2101,EEPY,インドネシア
4th style,CHECKING YOU OUT,0,,-,570,YAMADA,インドネシア,842,SANYA,インドネシア,1305,TASO,インドネシア,0,,-
4th style,Burnin' The Floor,0,,-,501,RUKU-L,インドネシア,695,ISHIHH,インドネシア,1411,ALOE,インドネシア,0,,-
4th style,Broken My Heart,0,,-,706,ICTEA,インドネシア,1373,4H0Y!!,インドネシア,1789,YXX,インドネシア,0,,-
4th style,B4U,0,,-,953,KARYL,インドネシア,1486,JHAYR#,インドネシア,1948,ENMT!,インドネシア,0,,-
4th style,ABSOLUTE,0,,-,1069,DIARY!,インドネシア,1664,33CC,インドネシア,2319,YXX,インドネシア,2718,ENMT!,インドネシア
4th style,250bpm,0,,-,665,OSU7K,インドネシア,971,TAKES,インドネシア,1353,*SHY#,インドネシア,0,,-
5th style,V,340,OSU7K,インドネシア,1163,2.,インドネシア,2368,YOSHIO,インドネシア,2940,ENMT!,インドネシア,0,,-
5th style,THE SHINING POLARIS,0,,-,834,SHINE,インドネシア,1215,4H0Y!!,インドネシア,1561,MA25DX,インドネシア,0,,-
5th style,THE CUBE,0,,-,537,ELECKS,インドネシア,1099,SS24K,インドネシア,1303,443*,インドネシア,0,,-
5th style,sync,0,,-,1050,OSU7K,インドネシア,1864,MORINO,インドネシア,2346,YXX,インドネシア,0,,-
5th style,still my words,0,,-,753,RUKU-L,インドネシア,1217,ENMT!,インドネシア,0,,-,0,,-
5th style,STILL IN MY HEART,0,,-,605,GASBRK,インドネシア,1253,*#06#,インドネシア,1854,YXX,インドネシア,0,,-
5th style,Spin the disc,0,,-,722,OSARA*,インドネシア,1233,OGRCAP,インドネシア,1284,BURI69,インドネシア,0,,-
5th style,sometime,0,,-,752,OSU7K,インドネシア,867,YAMORI,インドネシア,1285,KENKEN,インドネシア,0,,-
5th style,RISLIM,0,,-,759,SHINE,インドネシア,1220,APIN58,インドネシア,0,,-,0,,-
5th style,RIDE ON THE LIGHT (HI GREAT MIX),0,,-,788,RUKU-L,インドネシア,1054,3NONO,インドネシア,1691,BURI69,インドネシア,1796,YXX,インドネシア
5th style,Regulus,0,,-,1004,OSU7K,インドネシア,1416,MOMI.G,インドネシア,1628,*SHY#,インドネシア,0,,-
5th style,Real,0,,-,1117,JHAYR#,インドネシア,1599,JHAYR#,インドネシア,1721,KENKEN,インドネシア,0,,-
5th style,Radical Faith,0,,-,662,*.EXE,インドネシア,1489,KEMU,インドネシア,1238,KEMU,インドネシア,0,,-
5th style,QQQ,0,,-,928,X,インドネシア,1782,TAKES,インドネシア,2115,BURI69,インドネシア,0,,-
5th style,outer wall,0,,-,741,CODYSB,インドネシア,758,ZEINO,インドネシア,1695,APIN58,インドネシア,0,,-
5th style,LOVE AGAIN TONIGHT～for Mellisa mix～,0,,-,622,CODYSB,インドネシア,687,DOOMER,インドネシア,1110,DNM,インドネシア,0,,-
5th style,in my eyes,0,,-,606,ETHER,インドネシア,1181,JYXLCE,インドネシア,1527,MA25DX,インドネシア,0,,-
5th style,Abyss,0,,-,1163,JYXLCE,インドネシア,1582,P!GEON,インドネシア,1832,ALOE,インドネシア,0,,-
6th style,電人イェーガーのテーマ(Theme of DENJIN J),0,,-,1075,OSU7K,インドネシア,1494,MI-YAN,インドネシア,0,,-,0,,-
6th style,こっちを向いてよ,0,,-,812,OSU7K,インドネシア,1005,JOKOWI,インドネシア,1360,MA25DX,インドネシア,0,,-
6th style,VJ ARMY,0,,-,1154,PLAN8,インドネシア,1656,TAKES,インドネシア,2130,*SHY#,インドネシア,0,,-
6th style,Take It Easy,0,,-,1449,INDMAN,インドネシア,2309,JHAYR#,インドネシア,2460,ENMT!,インドネシア,0,,-
6th style,Summer Vacation(CU mix),0,,-,962,RUKU-L,インドネシア,1815,DNM,インドネシア,0,,-,0,,-
6th style,SOMETHING WONDERFUL,0,,-,751,JYXLCE,インドネシア,1093,RHAPSO,インドネシア,1899,KENKEN,インドネシア,0,,-
6th style,route 80s,0,,-,723,TUMMY,インドネシア,1116,BC.DZ,インドネシア,1456,KENKEN,インドネシア,0,,-
6th style,rottel-da-sun,0,,-,660,*.EXE,インドネシア,1198,BC.DZ,インドネシア,1808,P!GEON,インドネシア,0,,-
6th style,NEMESIS,0,,-,940,OSU7K,インドネシア,1455,4H0Y!!,インドネシア,1838,ENMT!,インドネシア,0,,-
6th style,Linus,0,,-,903,INFP,インドネシア,1472,JHAYR#,インドネシア,2146,BURI69,インドネシア,0,,-
6th style,G2,0,,-,1345,OGUMAN,インドネシア,1713,JHAYR#,インドネシア,2288,DNM,インドネシア,0,,-
6th style,Frozen Ray (original mix),0,,-,968,TUMMY,インドネシア,1682,JHAYR#,インドネシア,1761,MA25DX,インドネシア,0,,-
6th style,Free Style,0,,-,642,DOTSKY,インドネシア,1047,OSU7K,インドネシア,1265,P!GEON,インドネシア,0,,-
6th style,fly through the night,0,,-,429,EMO,インドネシア,1246,*#06#,インドネシア,1672,YXX,インドネシア,0,,-
6th style,DIVE ～INTO YOUR HEART～,0,,-,1219,INFP,インドネシア,1770,JHAYR#,インドネシア,2065,ENMT!,インドネシア,0,,-
6th style,Colors (radio edit),0,,-,1138,ADUHAI,インドネシア,1811,*#06#,インドネシア,2387,DNM,インドネシア,0,,-
6th style,Buffalo,0,,-,951,INFP,インドネシア,1225,$$$$$$,インドネシア,1746,SHIYOU,インドネシア,2464,*SHY#,インドネシア
6th style,Blueberry Stream,0,,-,656,RUKU-L,インドネシア,1403,MRDS,インドネシア,1566,ENMT!,インドネシア,0,,-
6th style,BALLAD FOR YOU～想いの雨～,0,,-,500,IIDX31,インドネシア,709,YAMORI,インドネシア,1066,MA25DX,インドネシア,0,,-
6th style,"19,November",0,,-,890,AHGOO,インドネシア,1202,JYXLCE,インドネシア,1742,MA25DX,インドネシア,0,,-
7th style,革命,0,,-,629,IIDX30,インドネシア,1890,VOID.,インドネシア,2254,KENKEN,インドネシア,0,,-
7th style,ZERO-ONE,0,,-,1027,OSU7K,インドネシア,1573,MA25DX,インドネシア,2217,ENMT!,インドネシア,2862,DNM,インドネシア
7th style,traces,0,,-,1450,OSU7K,インドネシア,1656,MFY,インドネシア,2069,UE8RAI,インドネシア,0,,-
7th style,Tomorrow Perfume,0,,-,1059,RHAPSO,インドネシア,1775,JHAYR#,インドネシア,2035,MA25DX,インドネシア,0,,-
7th style,stoic,0,,-,1558,4H0Y!!,インドネシア,2350,TAKES,インドネシア,2454,SLUURP,インドネシア,0,,-
7th style,Spica,0,,-,646,SKYSPA,インドネシア,1367,4H0Y!!,インドネシア,2145,GENYA*,インドネシア,0,,-
7th style,Love Me Do,0,,-,1089,OSU7K,インドネシア,1655,OSU7K,インドネシア,2095,ALOE,インドネシア,0,,-
7th style,Let the Snow Paint Me,0,,-,513,WATANE,インドネシア,668,ZEINO,インドネシア,1232,MA25DX,インドネシア,0,,-
7th style,Last Message,0,,-,789,GED,インドネシア,1309,MA25DX,インドネシア,1600,DNM,インドネシア,0,,-
7th style,Happy Wedding,0,,-,1171,H-CUP!,インドネシア,1578,INFP,インドネシア,1787,ENMT!,インドネシア,0,,-
7th style,Glorious Days,0,,-,481,INFP,インドネシア,772,*#06#,インドネシア,897,DNM,インドネシア,0,,-
7th style,foreplay,0,,-,404,FLWK,インドネシア,1128,OGRCAP,インドネシア,1272,KENKEN,インドネシア,0,,-
7th style,DESTINY,0,,-,755,*.EXE,インドネシア,1262,HIMIKO,インドネシア,1826,ENMT!,インドネシア,0,,-
7th style,D2R,0,,-,721,RUKU-L,インドネシア,1228,HIMIKO,インドネシア,1594,YXX,インドネシア,0,,-
7th style,Cheer Train,0,,-,848,ANEJIL,インドネシア,1137,OSU7K,インドネシア,1692,APIN58,インドネシア,0,,-
7th style,Burning Heat! (Full Option Mix),0,,-,413,ENVY,インドネシア,734,MYON.8,インドネシア,1419,APIN58,インドネシア,0,,-
7th style,Bad Routine,0,,-,815,DOTSKY,インドネシア,1278,COWTAO,インドネシア,1874,OISHO.,インドネシア,0,,-
7th style,AVE DE RAPINA,0,,-,1309,OSU7K,インドネシア,1487,COWTAO,インドネシア,1719,MRDS,インドネシア,0,,-
7th style,A,0,,-,1185,CHOKA,インドネシア,2041,BURI69,インドネシア,2473,DNM,インドネシア,0,,-
8th style,蒼い衝動,0,,-,759,RUKU-L,インドネシア,1290,P3K0!!,インドネシア,1566,SKYSPA,インドネシア,0,,-
8th style,桜,0,,-,859,DEJIKO,インドネシア,1458,U-GEE,インドネシア,2145,DNM,インドネシア,0,,-
8th style,xenon,0,,-,830,RUKU-L,インドネシア,1607,MOMI.G,インドネシア,2700,DNM,インドネシア,0,,-
8th style,World Wide Love,0,,-,587,CHAI,インドネシア,806,BINGUS,インドネシア,1099,IIDX1,インドネシア,0,,-
8th style,WAR GAME,0,,-,900,INFP,インドネシア,1534,MORINO,インドネシア,2137,DNM,インドネシア,0,,-
8th style,thunder,0,,-,1141,OSU7K,インドネシア,1505,SANYA,インドネシア,1868,ENMT!,インドネシア,0,,-
8th style,symbolic,0,,-,1102,192KMH,インドネシア,1740,4H0Y!!,インドネシア,2233,DNM,インドネシア,0,,-
8th style,STAR DREAM,0,,-,0,,-,822,ITTI,インドネシア,1261,3324KI,インドネシア,0,,-
8th style,rainbow flyer,0,,-,803,OGRCAP,インドネシア,1650,MA25DX,インドネシア,2082,ENMT!,インドネシア,0,,-
8th style,PLEASE DON'T GO,0,,-,608,*.EXE,インドネシア,1361,JHAYR#,インドネシア,2364,DNM,インドネシア,0,,-
8th style,MUSIC TO YOUR HEAD,0,,-,698,MAN&KO,インドネシア,1111,COWTAO,インドネシア,1657,ENMT!,インドネシア,0,,-
8th style,murmur twins,0,,-,1085,INFP,インドネシア,1587,JHAYR#,インドネシア,2343,ENMT!,インドネシア,0,,-
8th style,Monkey Dance,0,,-,797,INFP,インドネシア,1333,P!GEON,インドネシア,1941,ENMT!,インドネシア,0,,-
8th style,memories,0,,-,821,JOKOWI,インドネシア,1900,JHAYR#,インドネシア,2187,GOFILE,インドネシア,0,,-
8th style,Luv 2 Feel Your Body,0,,-,797,HIMIKO,インドネシア,910,JYXLCE,インドネシア,1589,KENKEN,インドネシア,0,,-
8th style,LOVE IS ORANGE,0,,-,781,INDMAN,インドネシア,967,HIMIKO,インドネシア,1774,33CC,インドネシア,2071,DNM,インドネシア
8th style,LAB,0,,-,973,JYXLCE,インドネシア,1526,BAYGON,インドネシア,2042,AAAAAA,インドネシア,2670,DNM,インドネシア
8th style,HYPER BOUNDARY GATE,0,,-,1192,-KYO-,インドネシア,1876,SANYA,インドネシア,2173,APIN58,インドネシア,0,,-
8th style,Halfway of promise,0,,-,882,JYXLCE,インドネシア,1476,BURI69,インドネシア,1797,ENMT!,インドネシア,0,,-
8th style,Giudecca,0,,-,617,ELECKS,インドネシア,1847,JHAYR#,インドネシア,2631,ENMT!,インドネシア,0,,-
8th style,dual control,0,,-,721,INFP,インドネシア,1277,IIDX33,インドネシア,1814,P!GEON,インドネシア,0,,-
8th style,Colors -Y&Co. Eurobeat Remix-,0,,-,926,CODYSB,インドネシア,1885,4H0Y!!,インドネシア,2162,DNM,インドネシア,0,,-
8th style,CELEBRATE NITE,0,,-,829,RISU.A,インドネシア,1077,HIMIKO,インドネシア,1401,YXX,インドネシア,0,,-
8th style,Blame,0,,-,923,RUKU-L,インドネシア,1503,TAKES,インドネシア,1929,ENMT!,インドネシア,0,,-
8th style,bit mania,0,,-,725,ELECKS,インドネシア,1215,INFP,インドネシア,1858,SKYSPA,インドネシア,0,,-
8th style,Attitude,0,,-,832,CODYSB,インドネシア,1326,SHAIKO,インドネシア,1720,GOFILE,インドネシア,0,,-
8th style,ALL RIGHT,0,,-,664,SHIRO,インドネシア,1085,CHOKA,インドネシア,1592,ENMT!,インドネシア,0,,-
8th style,airflow,0,,-,430,WATANE,インドネシア,757,OSU7K,インドネシア,1406,YXX,インドネシア,0,,-
8th style,abstract,0,,-,867,MEGA*M,インドネシア,1502,JHAYR#,インドネシア,1854,666,インドネシア,0,,-
9th style,真夏の花・真夏の夢,0,,-,786,INFP,インドネシア,1129,OSU7K,インドネシア,1449,DNM,インドネシア,0,,-
9th style,ライオン好き,0,,-,607,OGUMAN,インドネシア,1150,INFP,インドネシア,1493,MA25DX,インドネシア,0,,-
9th style,SWEETEST SAVAGE,0,,-,554,YU$QQQ,インドネシア,1262,MMMARU,インドネシア,1736,KEMU,インドネシア,0,,-
9th style,Sweet Sweet Magic,0,,-,780,*.EXE,インドネシア,1428,4H0Y!!,インドネシア,2018,ENMT!,インドネシア,0,,-
9th style,STAR FIELD,0,,-,625,CHONB0,インドネシア,1483,4H0Y!!,インドネシア,1823,MA25DX,インドネシア,0,,-
9th style,SNOW,0,,-,440,HIKARU,インドネシア,1158,YAMORI,インドネシア,1923,ENMT!,インドネシア,0,,-
9th style,Silvia Drive,0,,-,797,INFP,インドネシア,1477,MOMI.G,インドネシア,2002,EEPY,インドネシア,0,,-
9th style,rottel-the-Mercury,0,,-,928,ASA,インドネシア,1827,YAMADA,インドネシア,2258,SKYSPA,インドネシア,0,,-
9th style,RISLIM -Remix-,0,,-,635,RUKU-L,インドネシア,952,*#06#,インドネシア,1825,BURI69,インドネシア,0,,-
9th style,Really Love,0,,-,535,CROSS,インドネシア,887,JHAYR#,インドネシア,1721,ENMT!,インドネシア,0,,-
9th style,Quickening,0,,-,831,RISU.A,インドネシア,1632,SANYA,インドネシア,2088,DNM,インドネシア,0,,-
9th style,quasar,0,,-,1123,OSU7K,インドネシア,1712,ATSUX2,インドネシア,2302,DNM,インドネシア,0,,-
9th style,one or eight,0,,-,1264,4H0Y!!,インドネシア,1759,KEMU,インドネシア,2223,DNM,インドネシア,0,,-
9th style,moon_child,0,,-,975,OSU7K,インドネシア,1876,JHAYR#,インドネシア,2519,ENMT!,インドネシア,0,,-
9th style,MARIA (I believe... ),0,,-,671,CMZEFI,インドネシア,1510,MOMI.G,インドネシア,1907,YXX,インドネシア,0,,-
9th style,Make A Difference,0,,-,636,DJDUCK,インドネシア,1421,LEVEL0,インドネシア,2133,KENKEN,インドネシア,0,,-
9th style,lower world,0,,-,1288,OSU7K,インドネシア,1761,JHAYR#,インドネシア,2222,DNM,インドネシア,0,,-
9th style,LOVE SHINE,531,OSU7K,インドネシア,838,MOMOSE,インドネシア,1777,4H0Y!!,インドネシア,2076,EEPY,インドネシア,0,,-
9th style,lights,0,,-,502,KYLE78,インドネシア,1286,R0U$H1,インドネシア,1728,APIN58,インドネシア,0,,-
9th style,Let The Snow Paint Me -Y&Co. Remix-,0,,-,0,,-,673,CHOCO,インドネシア,1690,C.MOMO,インドネシア,0,,-
9th style,Karma,0,,-,1072,GONOO,インドネシア,1626,MORINO,インドネシア,1783,KEMU,インドネシア,0,,-
9th style,I Was The One (80's EUROBEAT STYLE),0,,-,703,RUKU-L,インドネシア,1257,P!GEON,インドネシア,1409,YXX,インドネシア,0,,-
9th style,HYPER EUROBEAT (2DX style),0,,-,880,KARINA,インドネシア,1554,P3K0!!,インドネシア,1865,WEST.,インドネシア,0,,-
9th style,Golden Horn,0,,-,540,TEA,インドネシア,1147,4H0Y!!,インドネシア,1479,KENKEN,インドネシア,0,,-
9th style,e-motion 2003  -romantic extra-,0,,-,1277,TAKES,インドネシア,1256,EB,インドネシア,1964,DNM,インドネシア,0,,-
9th style,Distress,0,,-,1266,ANO.,インドネシア,1743,SANYA,インドネシア,0,,-,0,,-
9th style,Cradle,0,,-,779,JYXLCE,インドネシア,1337,JHAYR#,インドネシア,1574,ENMT!,インドネシア,0,,-
9th style,BRIGHTNESS DARKNESS,0,,-,627,SSSSSS,インドネシア,1371,JHAYR#,インドネシア,1755,ENMT!,インドネシア,0,,-
9th style,bag,0,,-,611,ELECKS,インドネシア,1134,OSU7K,インドネシア,1876,SKYSPA,インドネシア,0,,-
9th style,BAD BOY BASS!! (dj Remo-con MIX),0,,-,777,CODYSB,インドネシア,1318,A,インドネシア,1771,SKYSPA,インドネシア,0,,-
9th style,ATOMIC AGE,0,,-,337,HIMIKO,インドネシア,594,ICLE!?,インドネシア,1285,ENMT!,インドネシア,0,,-
9th style,ACT,0,,-,757,.,インドネシア,1662,CLUB.I,インドネシア,1794,ENMT!,インドネシア,0,,-
9th style,Abyss -The Heavens Remix-,564,OSU7K,インドネシア,1370,WATANE,インドネシア,1772,JHAYR#,インドネシア,2307,BURI69,インドネシア,0,,-
10th style,雪月花,0,,-,1019,JYXLCE,インドネシア,1830,BURI69,インドネシア,2482,ENMT!,インドネシア,0,,-
10th style,システムロマンス,0,,-,664,QDROO-,インドネシア,1616,RE-LEO,インドネシア,2004,YXX,インドネシア,0,,-
10th style,SPACE FIGHT,0,,-,603,JYXLCE,インドネシア,1260,CHOKA,インドネシア,2191,SLUURP,インドネシア,0,,-
10th style,SHOOTING STAR,0,,-,1063,RUKU-L,インドネシア,1577,M4S3,インドネシア,2224,YXX,インドネシア,0,,-
10th style,Rise'n Beauty,0,,-,1240,OSU7K,インドネシア,1556,MOMI.G,インドネシア,2117,DNM,インドネシア,3982,DNM,インドネシア
10th style,rainbow rainbow,0,,-,1496,WATANE,インドネシア,2089,JHAYR#,インドネシア,2656,DNM,インドネシア,0,,-
10th style,pandora,0,,-,792,SHINE,インドネシア,1639,JHAYR#,インドネシア,1808,ENMT!,インドネシア,0,,-
10th style,One More Lovely,0,,-,792,JYXLCE,インドネシア,1551,DJVNT?,インドネシア,2782,DNM,インドネシア,0,,-
10th style,No.13,0,,-,1524,HIMIKO,インドネシア,2565,BURI69,インドネシア,3132,ENMT!,インドネシア,0,,-
10th style,Narcissus At Oasis,0,,-,673,RUKU-L,インドネシア,1548,TKSM..,インドネシア,1637,ENMT!,インドネシア,0,,-
10th style,Lucy,0,,-,901,SHINE,インドネシア,1628,P3K0!!,インドネシア,2308,ENMT!,インドネシア,0,,-
10th style,Love Is Eternity,0,,-,941,RUKU-L,インドネシア,1855,REDCON,インドネシア,2346,KENKEN,インドネシア,0,,-
10th style,Innocent Walls,0,,-,1593,APIN58,インドネシア,2463,DNM,インドネシア,2726,DNM,インドネシア,0,,-
10th style,HIGH,0,,-,796,CODYSB,インドネシア,1871,MORINO,インドネシア,2138,YXX,インドネシア,2857,DNM,インドネシア
10th style,GRADIUS -FULL SPEED-,0,,-,702,DNM,インドネシア,1127,JHAYR#,インドネシア,1991,EEPY,インドネシア,0,,-
10th style,GHOST REVIVAL,0,,-,898,INFP,インドネシア,1921,4H0Y!!,インドネシア,2490,KENKEN,インドネシア,0,,-
10th style,Freezing atmosphere,0,,-,461,RUKU-L,インドネシア,747,DJDUCK,インドネシア,1430,BURI69,インドネシア,0,,-
10th style,FEEL IT,0,,-,598,AAAAAA,インドネシア,1712,P!GEON,インドネシア,1896,ENMT!,インドネシア,0,,-
10th style,Feedback,0,,-,747,DOTSKY,インドネシア,1163,415A,インドネシア,1874,ENMT!,インドネシア,0,,-
10th style,EXE,0,,-,648,CODYSB,インドネシア,1513,4H0Y!!,インドネシア,2238,DNM,インドネシア,0,,-
10th style,DoLL,345,OSU7K,インドネシア,817,RUKU-L,インドネシア,1186,******,インドネシア,1597,YXX,インドネシア,0,,-
10th style,desolation,0,,-,229,AIRF6,インドネシア,555,RUKU-L,インドネシア,761,MA25DX,インドネシア,0,,-
10th style,Debtty Daddy,0,,-,985,HIMIKO,インドネシア,1864,JHAYR#,インドネシア,2660,DNM,インドネシア,0,,-
10th style,Daisuke,465,OSU7K,インドネシア,1171,INFP,インドネシア,1539,WATANE,インドネシア,2395,YXX,インドネシア,0,,-
10th style,CARRY ON NIGHT (English version),0,,-,648,CROSS,インドネシア,1287,ANO.,インドネシア,2007,YXX,インドネシア,0,,-
10th style,Boundary,0,,-,664,CODYSB,インドネシア,1794,MOMOSE,インドネシア,2006,KENKEN,インドネシア,0,,-
10th style,Back Into The Light,0,,-,1161,INFP,インドネシア,1576,TAKES,インドネシア,2121,BURI69,インドネシア,0,,-
10th style,BABY LOVE,0,,-,1058,JYXLCE,インドネシア,1630,TAKES,インドネシア,2143,DNM,インドネシア,0,,-
10th style,ASTRAL VOYAGE,0,,-,757,DJDUCK,インドネシア,879,R,インドネシア,1893,ENMT!,インドネシア,0,,-
10th style,ALIEN TEMPLE,0,,-,853,RUKU-L,インドネシア,1582,AAAAAA,インドネシア,1968,KEMU,インドネシア,0,,-
10th style,1st Samurai,0,,-,1036,OSU7K,インドネシア,1804,JHAYR#,インドネシア,2488,MOMOSE,インドネシア,0,,-
IIDX RED,ＵＬＴｉＭΛＴＥ,0,,-,938,OSU7K,インドネシア,1337,SHAIKO,インドネシア,1953,MORINO,インドネシア,0,,-
IIDX RED,太陽～T・A・I・Y・O～,0,,-,622,MOE?,インドネシア,1311,4H0Y!!,インドネシア,1731,DNM,インドネシア,0,,-
IIDX RED,大桟橋,0,,-,445,INFP,インドネシア,1012,WATANE,インドネシア,1835,ENMT!,インドネシア,0,,-
IIDX RED,ピアノ協奏曲第１番”蠍火”,0,,-,821,APIN58,インドネシア,2052,SHIYOU,インドネシア,2592,ENMT!,インドネシア,0,,-
IIDX RED,Wonder Bullfighter,0,,-,841,RUKU-L,インドネシア,1359,*#06#,インドネシア,2009,ENMT!,インドネシア,0,,-
IIDX RED,The Hope of Tomorrow,0,,-,964,JYXLCE,インドネシア,1590,UMA5N,インドネシア,1912,KENKEN,インドネシア,0,,-
IIDX RED,spiral galaxy,0,,-,1032,OSU7K,インドネシア,2032,MA25DX,インドネシア,2561,DNM,インドネシア,3757,DNM,インドネシア
IIDX RED,Sphere,0,,-,1024,SE!JO!,インドネシア,1907,ENMT!,インドネシア,2178,YXX,インドネシア,0,,-
IIDX RED,SPEEDY CAT,0,,-,955,RUKU-L,インドネシア,1630,4H0Y!!,インドネシア,1994,BURI69,インドネシア,0,,-
IIDX RED,Secret of Love,0,,-,1011,KUROTO,インドネシア,1087,MOTH,インドネシア,2006,ENMT!,インドネシア,0,,-
IIDX RED,RESONATE 1794,0,,-,787,RUKU-L,インドネシア,1405,4H0Y!!,インドネシア,1843,KENKEN,インドネシア,0,,-
IIDX RED,RED ZONE,168,OSU7K,インドネシア,1053,INFP,インドネシア,1860,GENYA*,インドネシア,2323,SKYSPA,インドネシア,3090,DNM,インドネシア
IIDX RED,Raspberry Heart(English version),0,,-,894,JYXLCE,インドネシア,1479,4H0Y!!,インドネシア,1838,DNM,インドネシア,0,,-
IIDX RED,NEBULA GRASPER,0,,-,1335,OSU7K,インドネシア,1920,JHAYR#,インドネシア,2367,IIDX1,インドネシア,0,,-
IIDX RED,KEY,0,,-,1098,OGRCAP,インドネシア,1711,UNHCR,インドネシア,2857,DNM,インドネシア,0,,-
IIDX RED,HORIZON,0,,-,714,MOE?,インドネシア,1434,RISU.A,インドネシア,1912,BURI69,インドネシア,0,,-
IIDX RED,gigadelic,675,OSU7K,インドネシア,1383,4H0Y!!,インドネシア,2101,SLUURP,インドネシア,2453,ENMT!,インドネシア,0,,-
IIDX RED,GENOCIDE,0,,-,852,BESVAL,インドネシア,1907,JHAYR#,インドネシア,2365,ENMT!,インドネシア,0,,-
IIDX RED,Fly Away To India,0,,-,543,GURRAJ,インドネシア,1050,INFP,インドネシア,1353,KEMU,インドネシア,0,,-
IIDX RED,FAKE TIME,0,,-,1000,OSU7K,インドネシア,1689,UE8RAI,インドネシア,2341,DNM,インドネシア,0,,-
IIDX RED,earth scape,0,,-,366,MMBART,インドネシア,841,JYXLCE,インドネシア,1256,IIDX1,インドネシア,0,,-
IIDX RED,Don't be afraid myself,0,,-,1093,OSU7K,インドネシア,1823,JHAYR#,インドネシア,2257,YXX,インドネシア,0,,-
IIDX RED,D.A.N.C.E.!,0,,-,522,CHOKA,インドネシア,775,COWTAO,インドネシア,1566,YXX,インドネシア,0,,-
IIDX RED,Close my Eyes for Me,0,,-,727,DOTSKY,インドネシア,1246,ATSUX2,インドネシア,1667,YXX,インドネシア,0,,-
IIDX RED,Click Again,0,,-,714,CODYSB,インドネシア,1355,BRAMBL,インドネシア,2076,ENMT!,インドネシア,0,,-
IIDX RED,BREATH,0,,-,707,DJDUCK,インドネシア,1250,MORINO,インドネシア,1690,ENMT!,インドネシア,0,,-
IIDX RED,BLOCKS,0,,-,688,PRICEE,インドネシア,1220,TAKES,インドネシア,1950,ENMT!,インドネシア,0,,-
IIDX RED,Be quiet,0,,-,1053,OSU7K,インドネシア,1614,JHAYR#,インドネシア,2179,ENMT!,インドネシア,2641,DNM,インドネシア
IIDX RED,awakening,0,,-,946,SHINE,インドネシア,1289,AATSRA,インドネシア,1681,YXX,インドネシア,0,,-
IIDX RED,ANDROMEDA,0,,-,773,A-ZERO,インドネシア,1844,JHAYR#,インドネシア,2858,DNM,インドネシア,0,,-
IIDX RED,AGEHA,599,OSU7K,インドネシア,1003,UMA5N,インドネシア,1710,JHAYR#,インドネシア,1838,*SHY#,インドネシア,2410,DNM,インドネシア
IIDX RED,AA,0,,-,1250,APIN58,インドネシア,2695,SKYSPA,インドネシア,3604,DNM,インドネシア,0,,-
HAPPY SKY,月光,0,,-,882,OSU7K,インドネシア,1687,ANEJIL,インドネシア,2453,DNM,インドネシア,0,,-
HAPPY SKY,合体せよ！ストロングイェーガー！！ (Ryu☆ remix),0,,-,1085,OSU7K,インドネシア,1496,JHAYR#,インドネシア,1888,ENMT!,インドネシア,0,,-
HAPPY SKY,冥,561,OSU7K,インドネシア,992,P!GEON,インドネシア,1986,SANYA,インドネシア,3676,DNM,インドネシア,0,,-
HAPPY SKY,ラクエン,0,,-,498,ELECKS,インドネシア,633,CHOKA,インドネシア,1896,890,インドネシア,0,,-
HAPPY SKY,ヒマワリ,0,,-,496,HATOPP,インドネシア,1809,MORINO,インドネシア,2048,SKYSPA,インドネシア,0,,-
HAPPY SKY,オレはビートマニア！お前は何マニア？,0,,-,670,UNHCR,インドネシア,1425,JHAYR#,インドネシア,1661,ENMT!,インドネシア,0,,-
HAPPY SKY,Xepher,385,OSU7K,インドネシア,997,RHAPSO,インドネシア,2116,JHAYR#,インドネシア,2957,ENMT!,インドネシア,0,,-
HAPPY SKY,We are Disっ娘よっつ打ち命,0,,-,577,RUINS1,インドネシア,922,OSU7K,インドネシア,1650,ENMT!,インドネシア,0,,-
HAPPY SKY,Votum stellarum,0,,-,756,INFP,インドネシア,1461,YAMADA,インドネシア,1894,ENMT!,インドネシア,0,,-
HAPPY SKY,vault of heaven,0,,-,772,INFP,インドネシア,1349,4H0Y!!,インドネシア,1992,DNM,インドネシア,0,,-
HAPPY SKY,Under the Sky,0,,-,857,INFP,インドネシア,1348,4H0Y!!,インドネシア,1730,SKYSPA,インドネシア,0,,-
HAPPY SKY,Twelfth Style,0,,-,969,SHINE,インドネシア,1396,WATANE,インドネシア,2013,YXX,インドネシア,3189,DNM,インドネシア
HAPPY SKY,Tizona d'El Cid,0,,-,902,INFP,インドネシア,1837,JHAYR#,インドネシア,2225,SLUURP,インドネシア,0,,-
HAPPY SKY,SigSig,664,OSU7K,インドネシア,1044,OSU7K,インドネシア,1629,P3K0!!,インドネシア,2592,DNM,インドネシア,0,,-
HAPPY SKY,Scripted Connection⇒ N mix,0,,-,1071,KARINA,インドネシア,1567,4H0Y!!,インドネシア,2075,ENMT!,インドネシア,2391,DNM,インドネシア
HAPPY SKY,Scripted Connection⇒ H mix,0,,-,1442,IIDX32,インドネシア,2007,MA25DX,インドネシア,2469,ENMT!,インドネシア,2854,DNM,インドネシア
HAPPY SKY,Scripted Connection⇒ A mix,0,,-,1445,DEJIKO,インドネシア,2143,MA25DX,インドネシア,3018,DNM,インドネシア,3350,DNM,インドネシア
HAPPY SKY,SCREAM SQUAD,0,,-,1021,DEJIKO,インドネシア,1584,ANEJIL,インドネシア,2019,DNM,インドネシア,0,,-
HAPPY SKY,rage against usual,0,,-,1167,DEJIKO,インドネシア,2024,BURI69,インドネシア,2840,DNM,インドネシア,0,,-
HAPPY SKY,POODLE,0,,-,944,OSU7K,インドネシア,1832,JHAYR#,インドネシア,2288,ENMT!,インドネシア,3382,DNM,インドネシア
HAPPY SKY,Pollinosis,0,,-,643,JYXLCE,インドネシア,1010,SH!U,インドネシア,2472,DNM,インドネシア,0,,-
HAPPY SKY,PLASMA,0,,-,878,SHINE,インドネシア,1626,TAKES,インドネシア,2249,ENMT!,インドネシア,0,,-
HAPPY SKY,Pink Rose,0,,-,475,CARLOS,インドネシア,871,RISU.A,インドネシア,1410,ENMT!,インドネシア,2006,DNM,インドネシア
HAPPY SKY,MOON RACE,0,,-,698,JYXLCE,インドネシア,1134,OGRCAP,インドネシア,1850,MA25DX,インドネシア,0,,-
HAPPY SKY,Love Magic,0,,-,865,MA25DX,インドネシア,1711,JHAYR#,インドネシア,1850,310260,インドネシア,0,,-
HAPPY SKY,Little Little Princess,0,,-,908,RUKU-L,インドネシア,2166,BURI69,インドネシア,2727,ENMT!,インドネシア,3733,DNM,インドネシア
HAPPY SKY,LESSON 5,0,,-,1009,SPICES,インドネシア,1747,4H0Y!!,インドネシア,2487,DNM,インドネシア,0,,-
HAPPY SKY,INAZUMA,0,,-,1102,MA25DX,インドネシア,1684,P3K0!!,インドネシア,2687,ENMT!,インドネシア,4008,DNM,インドネシア
HAPPY SKY,in motion,0,,-,797,SUGU19,インドネシア,659,DOTSKY,インドネシア,1266,MI-YAN,インドネシア,0,,-
HAPPY SKY,I am,0,,-,753,ZEINO,インドネシア,1675,MORINO,インドネシア,2116,SHIYOU,インドネシア,0,,-
HAPPY SKY,HAPPY☆ANGEL,655,OSU7K,インドネシア,1045,OSU7K,インドネシア,1516,GENYA*,インドネシア,2065,SKYSPA,インドネシア,0,,-
HAPPY SKY,GREEN EYES,0,,-,962,OSU7K,インドネシア,1524,OSU7K,インドネシア,2091,BURI69,インドネシア,0,,-
HAPPY SKY,Get'em up to R.A.V.E,0,,-,971,RUKU-L,インドネシア,1667,M4S3,インドネシア,2250,DNM,インドネシア,0,,-
HAPPY SKY,garden,0,,-,797,RUKU-L,インドネシア,1348,UNHCR,インドネシア,2127,ENMT!,インドネシア,3092,DNM,インドネシア
HAPPY SKY,First Resolution,0,,-,740,JYXLCE,インドネシア,1549,4H0Y!!,インドネシア,2102,ENMT!,インドネシア,0,,-
HAPPY SKY,EMPTY OF THE SKY,0,,-,382,CARLOS,インドネシア,923,SHINE,インドネシア,1662,MA25DX,インドネシア,0,,-
HAPPY SKY,EDEN,0,,-,1162,MAT-PC,インドネシア,1912,MA25DX,インドネシア,2690,O3A6.K,インドネシア,3254,DNM,インドネシア
HAPPY SKY,double thrash,0,,-,775,KJ7KT,インドネシア,1996,BURI69,インドネシア,2282,ALOE,インドネシア,0,,-
HAPPY SKY,Catch Me,0,,-,603,CROSS,インドネシア,1210,MOMI.G,インドネシア,1710,EEPY,インドネシア,2066,DNM,インドネシア
HAPPY SKY,CaptivAte～浄化～,0,,-,1035,MOMOSE,インドネシア,1758,4H0Y!!,インドネシア,2455,ENMT!,インドネシア,3427,DNM,インドネシア
HAPPY SKY,Aurora,0,,-,1338,MORINO,インドネシア,2068,SANYA,インドネシア,2511,ENMT!,インドネシア,0,,-
HAPPY SKY,alla turca con passione,0,,-,765,OSU7K,インドネシア,1558,MOMI.G,インドネシア,2174,ENMT!,インドネシア,0,,-
HAPPY SKY,Agnus Dei,0,,-,887,OSU7K,インドネシア,1595,*#06#,インドネシア,2017,APIN58,インドネシア,0,,-
HAPPY SKY,100％ minimoo-G,0,,-,587,EMO,インドネシア,1655,SKYSPA,インドネシア,1694,DNM,インドネシア,0,,-
DistorteD,虹色,0,,-,931,OSU7K,インドネシア,1475,TAKES,インドネシア,1837,DNM,インドネシア,0,,-
DistorteD,華蝶風雪,0,,-,1079,JYXLCE,インドネシア,2040,INDMAN,インドネシア,2941,ENMT!,インドネシア,3991,DNM,インドネシア
DistorteD,罠,0,,-,368,SABUN,インドネシア,1436,4H0Y!!,インドネシア,2449,DNM,インドネシア,0,,-
DistorteD,嘆きの樹,0,,-,1736,APIN58,インドネシア,2406,UE8RAI,インドネシア,3797,DNM,インドネシア,0,,-
DistorteD,タシカナモノ,0,,-,845,JYXLCE,インドネシア,1326,******,インドネシア,2024,APIN58,インドネシア,0,,-
DistorteD,カゴノトリ～弐式～,0,,-,946,MARVEL,インドネシア,1723,JHAYR#,インドネシア,2608,ENMT!,インドネシア,0,,-
DistorteD,Zenius -I- vanisher,0,,-,856,JYXLCE,インドネシア,1528,P!GEON,インドネシア,2394,DNM,インドネシア,0,,-
DistorteD,with you…,0,,-,675,RUKU-L,インドネシア,914,MRNICE,インドネシア,1756,MA25DX,インドネシア,0,,-
DistorteD,WISH(EUROBEAT MIX),0,,-,806,A-ZERO,インドネシア,1529,4H0Y!!,インドネシア,1947,ENMT!,インドネシア,0,,-
DistorteD,Why did you go away,628,OSU7K,インドネシア,960,RUKU-L,インドネシア,1716,MORINO,インドネシア,2288,SKYSPA,インドネシア,0,,-
DistorteD,waxing and wanding,0,,-,1266,YAMADA,インドネシア,1906,ABCDEF,インドネシア,2877,ENMT!,インドネシア,3962,DNM,インドネシア
DistorteD,TYPE MARS(G-Style Mix),0,,-,1094,OSU7K,インドネシア,1768,JHAYR#,インドネシア,2363,ENMT!,インドネシア,0,,-
DistorteD,tripping contact(teranoid&MC Natsack Remix),0,,-,1199,OGRCAP,インドネシア,1854,ANO.,インドネシア,2408,ENMT!,インドネシア,0,,-
DistorteD,This is Love,0,,-,901,INFP,インドネシア,1686,LEVEL0,インドネシア,2454,DNM,インドネシア,0,,-
DistorteD,The Dirty of Loudness,0,,-,1407,APIN58,インドネシア,2104,*#06#,インドネシア,2609,DNM,インドネシア,0,,-
DistorteD,Sun Field,0,,-,443,ELECKS,インドネシア,1495,MOMI.G,インドネシア,2403,DNM,インドネシア,0,,-
DistorteD,So Fabulous !!,0,,-,1058,OSU7K,インドネシア,1521,JHAYR#,インドネシア,2344,DNM,インドネシア,0,,-
DistorteD,Power of Love,0,,-,929,UNHCR,インドネシア,1547,******,インドネシア,2110,DNM,インドネシア,0,,-
DistorteD,MOON,0,,-,829,OSU7K,インドネシア,2004,4H0Y!!,インドネシア,2201,ENMT!,インドネシア,0,,-
DistorteD,MINT,0,,-,785,MINTTT,インドネシア,1664,JHAYR#,インドネシア,2287,DNM,インドネシア,0,,-
DistorteD,Melody Life,0,,-,0,,-,1182,NOT.P,インドネシア,1821,ELAINA,インドネシア,0,,-
DistorteD,Leaving...,0,,-,568,AIRREH,インドネシア,1307,P3K0!!,インドネシア,2185,DNM,インドネシア,0,,-
DistorteD,INFERNO,0,,-,949,RUKU-L,インドネシア,1453,COWTAO,インドネシア,1924,ENMT!,インドネシア,0,,-
DistorteD,Heavenly Sun (IIDX VERSION),0,,-,647,CODYSB,インドネシア,1247,JYXLCE,インドネシア,2089,OSIMEN,インドネシア,0,,-
DistorteD,Harmony and Lovely,0,,-,718,ALPACA,インドネシア,1670,OGRCAP,インドネシア,2174,ENMT!,インドネシア,0,,-
DistorteD,Ganymede,0,,-,888,IIDX33,インドネシア,1628,MA25DX,インドネシア,2276,ENMT!,インドネシア,2471,IIDX1,インドネシア
DistorteD,EURO-ROMANCE,0,,-,815,RUKU-L,インドネシア,1733,OGRCAP,インドネシア,2097,ENMT!,インドネシア,0,,-
DistorteD,DUE TOMORROW,0,,-,864,INFP,インドネシア,1312,H-CUP!,インドネシア,1940,DNM,インドネシア,0,,-
DistorteD,Double Loving Heart,0,,-,427,MOE?,インドネシア,1200,CHOKA,インドネシア,1788,YXX,インドネシア,0,,-
DistorteD,D.C.fish,0,,-,632,BDYHUN,インドネシア,1925,MA25DX,インドネシア,2328,DNM,インドネシア,0,,-
DistorteD,CONTRACT,0,,-,1208,JHAYR#,インドネシア,1573,*#06#,インドネシア,2045,DNM,インドネシア,2737,DNM,インドネシア
DistorteD,Concertino in Blue,368,OSU7K,インドネシア,676,DJDUCK,インドネシア,1603,JHAYR#,インドネシア,2465,DNM,インドネシア,0,,-
DistorteD,Broadbanded,0,,-,870,-KYO-,インドネシア,1354,APIN58,インドネシア,1954,KENKEN,インドネシア,0,,-
DistorteD,BOOM BOOM DISCO NIGHT,0,,-,772,SHINE,インドネシア,1653,P3K0!!,インドネシア,2217,SKYSPA,インドネシア,0,,-
DistorteD,Bloody Tears(IIDX EDITION),0,,-,1079,INFP,インドネシア,1914,JHAYR#,インドネシア,2163,ALOE,インドネシア,0,,-
DistorteD,BALLAD THE FEATHERS,0,,-,534,DOTSKY,インドネシア,1060,OSU7K,インドネシア,1490,MA25DX,インドネシア,0,,-
DistorteD,Apocalypse ～dirge of swans～,227,HIMIKO,インドネシア,953,ATSUX2,インドネシア,1671,JHAYR#,インドネシア,2350,SKYSPA,インドネシア,0,,-
DistorteD,ALFARSHEAR 双神威に廻る夢,427,OSU7K,インドネシア,910,RUKU-L,インドネシア,1640,SKYSPA,インドネシア,2067,DNM,インドネシア,0,,-
GOLD,電人、暁に斃れる。,650,OSU7K,インドネシア,1296,MIGI,インドネシア,2216,890,インドネシア,3353,DNM,インドネシア,0,,-
GOLD,零 - ZERO -,214,OSU7K,インドネシア,1102,WATANE,インドネシア,1687,JHAYR#,インドネシア,2266,SKYSPA,インドネシア,2715,YXX,インドネシア
GOLD,花吹雪 ～ IIDX LIMITED ～,0,,-,547,S,インドネシア,1017,IIDX33,インドネシア,1392,*SHY#,インドネシア,0,,-
GOLD,星をこの手に,0,,-,1026,C31,インドネシア,1691,MA25DX,インドネシア,2138,ENMT!,インドネシア,0,,-
GOLD,リグレット,0,,-,1269,OGUMAN,インドネシア,1711,P!GEON,インドネシア,2415,DNM,インドネシア,0,,-
GOLD,ヨシダさん,0,,-,766,LACH,インドネシア,1375,4H0Y!!,インドネシア,1957,SKYSPA,インドネシア,0,,-
GOLD,クルクル☆ラブ～Opioid Peptide MIX～,426,OSU7K,インドネシア,862,ASA,インドネシア,1389,555555,インドネシア,2193,KENKEN,インドネシア,0,,-
GOLD,With your Smile,0,,-,581,RUKU-L,インドネシア,1124,RX,インドネシア,1560,MA25DX,インドネシア,0,,-
GOLD,Watch out!!,0,,-,685,INFP,インドネシア,892,ANTIMO,インドネシア,1526,DNM,インドネシア,0,,-
GOLD,VANESSA,0,,-,1032,555555,インドネシア,1781,SKYSPA,インドネシア,2316,ENMT!,インドネシア,3188,DNM,インドネシア
GOLD,TRANOID,0,,-,734,OSU7K,インドネシア,1683,*#06#,インドネシア,2119,DHIONA,インドネシア,2952,DNM,インドネシア
GOLD,The Smile of You,0,,-,904,.,インドネシア,1268,OGRCAP,インドネシア,1619,MA25DX,インドネシア,0,,-
GOLD,the shadow,0,,-,1189,OGRCAP,インドネシア,1946,OGRCAP,インドネシア,2876,DNM,インドネシア,0,,-
GOLD,snow storm,232,OSU7K,インドネシア,763,OGRCAP,インドネシア,2231,JHAYR#,インドネシア,2762,ENMT!,インドネシア,3362,DNM,インドネシア
GOLD,smile,0,,-,1375,WATANE,インドネシア,1995,000011,インドネシア,2895,DNM,インドネシア,0,,-
GOLD,Sense 2007,0,,-,1507,APIN58,インドネシア,2144,YOSHIO,インドネシア,2866,ENMT!,インドネシア,0,,-
GOLD,Second Heaven,219,OSU7K,インドネシア,953,OGRCAP,インドネシア,1514,MORINO,インドネシア,2106,DNM,インドネシア,0,,-
GOLD,Roulette,0,,-,858,OSU7K,インドネシア,1391,4H0Y!!,インドネシア,2076,BURI69,インドネシア,0,,-
GOLD,PHOTONGENIC,0,,-,1127,DEJIKO,インドネシア,1884,SANYA,インドネシア,2246,SKYSPA,インドネシア,0,,-
GOLD,op.31 叙情,0,,-,567,TASO,インドネシア,1204,KEMU,インドネシア,1588,DNM,インドネシア,0,,-
GOLD,never…,0,,-,606,JASUKE,インドネシア,1315,INFP,インドネシア,1796,MA25DX,インドネシア,0,,-
GOLD,METALLIC MIND,0,,-,798,INFP,インドネシア,1343,JHAYR#,インドネシア,1601,ENMT!,インドネシア,0,,-
GOLD,Make Me Your Own,0,,-,793,931,インドネシア,1497,JHAYR#,インドネシア,2075,SKYSPA,インドネシア,0,,-
GOLD,Love Again...,0,,-,481,RUINS1,インドネシア,705,MINTTT,インドネシア,1069,ENMT!,インドネシア,0,,-
GOLD,LASER CRUSTER,0,,-,1360,INFP,インドネシア,2358,EEPY,インドネシア,3198,ENMT!,インドネシア,0,,-
GOLD,KAMAITACHI,0,,-,1172,INFP,インドネシア,1960,JHAYR#,インドネシア,2699,ENMT!,インドネシア,3749,DNM,インドネシア
GOLD,INORI,0,,-,1209,RUKU-L,インドネシア,2484,INDMAN,インドネシア,3061,SKYSPA,インドネシア,0,,-
GOLD,High School Love,393,OSU7K,インドネシア,833,INFP,インドネシア,1374,SHEL,インドネシア,2178,*DNM#,インドネシア,0,,-
GOLD,heaven above,0,,-,680,JYXLCE,インドネシア,1204,DEJIKO,インドネシア,1796,GENYA*,インドネシア,0,,-
GOLD,GRID KNIGHT,0,,-,761,-KYO-,インドネシア,1821,JHAYR#,インドネシア,2576,DNM,インドネシア,3463,DNM,インドネシア
GOLD,GOLD RUSH,552,OSU7K,インドネシア,1088,PRKELE,インドネシア,1390,JHAYR#,インドネシア,2330,ENMT!,インドネシア,0,,-
GOLD,four-leaf,0,,-,491,RUINS1,インドネシア,1131,INFP,インドネシア,1675,SKYSPA,インドネシア,0,,-
GOLD,FIRE FIRE,564,OSU7K,インドネシア,1136,COWTAO,インドネシア,1724,GENYA*,インドネシア,2720,ENMT!,インドネシア,0,,-
GOLD,Fascination MAXX,0,,-,892,KEMU,インドネシア,1607,E.F-D,インドネシア,2478,DNM,インドネシア,0,,-
GOLD,Cyber Force,0,,-,1021,SHINE,インドネシア,1828,TAKES,インドネシア,2348,DNM,インドネシア,0,,-
GOLD,CROSSROAD ～Left Story～,0,,-,958,SAD,インドネシア,1704,OGRCAP,インドネシア,2186,DNM,インドネシア,0,,-
GOLD,CaptivAte～誓い～,0,,-,1111,RUKU-L,インドネシア,1908,JHAYR#,インドネシア,2232,ENMT!,インドネシア,0,,-
GOLD,CaptivAte～裁き～,416,OSU7K,インドネシア,743,RUKU-L,インドネシア,1236,MOMI.G,インドネシア,1719,GENYA*,インドネシア,0,,-
GOLD,Candy Galy,0,,-,1308,JYXLCE,インドネシア,2461,ALOE,インドネシア,3537,DNM,インドネシア,0,,-
GOLD,Blind Justice ～Torn souls， Hurt Faiths ～,0,,-,1206,ADUHAI,インドネシア,1909,33CC,インドネシア,2464,DNM,インドネシア,0,,-
GOLD,ANDROMEDA II,0,,-,842,RUKU-L,インドネシア,1859,SKYSPA,インドネシア,2448,DNM,インドネシア,0,,-
GOLD,Air Bell,0,,-,969,OSU7K,インドネシア,1269,HIMIKO,インドネシア,1707,EEPY,インドネシア,0,,-
DJ TROOPERS,走馬灯 -The Last Song-,0,,-,489,3324KI,インドネシア,886,3324KI,インドネシア,1315,3324KI,インドネシア,0,,-
DJ TROOPERS,華爛漫 -Flowers-,333,OSU7K,インドネシア,960,INFP,インドネシア,1543,MORINO,インドネシア,2032,SLUURP,インドネシア,3164,DNM,インドネシア
DJ TROOPERS,少年A,0,,-,1090,SCHIKA,インドネシア,1973,RS,インドネシア,2714,ENMT!,インドネシア,0,,-
DJ TROOPERS,ミラージュ・レジデンス,0,,-,1118,OSU7K,インドネシア,1998,OGRCAP,インドネシア,2592,ENMT!,インドネシア,3255,DNM,インドネシア
DJ TROOPERS,マチ子の唄,0,,-,775,VNL*TN,インドネシア,1256,WATANE,インドネシア,1769,KEMU,インドネシア,0,,-
DJ TROOPERS,エコ爺,335,OSU7K,インドネシア,793,INFP,インドネシア,1216,CHOKA,インドネシア,1806,YXX,インドネシア,0,,-
DJ TROOPERS,Wanna Party?,0,,-,688,YAMADA,インドネシア,1087,******,インドネシア,1506,ENMT!,インドネシア,2583,ENMT!,インドネシア
DJ TROOPERS,Ubertreffen,0,,-,980,IIDX33,インドネシア,1878,*#06#,インドネシア,2507,ENMT!,インドネシア,3263,DNM,インドネシア
DJ TROOPERS,TROOPERS,0,,-,1168,INFP,インドネシア,2257,JHAYR#,インドネシア,2904,DNM,インドネシア,0,,-
DJ TROOPERS,TRIP MACHINE PhoeniX,0,,-,668,OSU7K,インドネシア,1513,JHAYR#,インドネシア,1761,BURI69,インドネシア,0,,-
DJ TROOPERS,Time to Air,0,,-,1177,INFP,インドネシア,1999,JHAYR#,インドネシア,2850,ENMT!,インドネシア,3640,DNM,インドネシア
DJ TROOPERS,the trigger of innocence,0,,-,238,KIARIA,インドネシア,1129,4H0Y!!,インドネシア,1830,O3A6.K,インドネシア,3103,DNM,インドネシア
DJ TROOPERS,THE DEEP STRIKER,529,OSU7K,インドネシア,955,MIGI,インドネシア,2101,.,インドネシア,2872,SKYSPA,インドネシア,3447,DNM,インドネシア
DJ TROOPERS,switch,0,,-,686,RUKU-L,インドネシア,1461,JHAYR#,インドネシア,2072,ENMT!,インドネシア,0,,-
DJ TROOPERS,STEEL NEEDLE,0,,-,1020,HIMIKO,インドネシア,1984,JHAYR#,インドネシア,2397,SKYSPA,インドネシア,3305,DNM,インドネシア
DJ TROOPERS,State Of The Art,0,,-,1056,INFP,インドネシア,1439,000011,インドネシア,3097,DNM,インドネシア,0,,-
DJ TROOPERS,SOUND OF GIALLARHORN,493,OSU7K,インドネシア,1049,RUKU-L,インドネシア,2622,SANYA,インドネシア,3254,DNM,インドネシア,0,,-
DJ TROOPERS,soldier's waltz,0,,-,784,OSU7K,インドネシア,1496,MA25DX,インドネシア,2433,SKYSPA,インドネシア,0,,-
DJ TROOPERS,scar in the earth,0,,-,590,IIDX33,インドネシア,1073,OSU7K,インドネシア,1486,MA25DX,インドネシア,0,,-
DJ TROOPERS,satfinal,0,,-,1060,OSU7K,インドネシア,1336,******,インドネシア,1904,SHIYOU,インドネシア,0,,-
DJ TROOPERS,"satellite020712 from ""CODED ARMS""",0,,-,1089,RUKU-L,インドネシア,1787,TAKES,インドネシア,2484,DNM,インドネシア,0,,-
DJ TROOPERS,Ristaccia,0,,-,990,KUREHA,インドネシア,1863,4H0Y!!,インドネシア,2722,ENMT!,インドネシア,0,,-
DJ TROOPERS,Rising in the Sun(original mix),0,,-,757,CODYSB,インドネシア,1573,-KYO-,インドネシア,2355,DNM,インドネシア,0,,-
DJ TROOPERS,REMINISCENCE,0,,-,1243,--,インドネシア,1827,MA25DX,インドネシア,2330,ENMT!,インドネシア,0,,-
DJ TROOPERS,PROMISE FOR LIFE,0,,-,469,ADSHRT,インドネシア,1396,DEJIKO,インドネシア,1742,SKYSPA,インドネシア,0,,-
DJ TROOPERS,PARANOiA ～HADES～,0,,-,976,DEJIKO,インドネシア,1781,YXX,インドネシア,2644,DNM,インドネシア,0,,-
DJ TROOPERS,oratio,0,,-,1385,MIYA.,インドネシア,1978,TAKES,インドネシア,2920,DNM,インドネシア,0,,-
DJ TROOPERS,NEW GENERATION -もう、お前しか見えない-,0,,-,915,JYXLCE,インドネシア,1881,TAKES,インドネシア,2538,YXX,インドネシア,3620,DNM,インドネシア
DJ TROOPERS,MENTAL MELTDOWN,0,,-,814,AURYON,インドネシア,2092,JHAYR#,インドネシア,2686,SLUURP,インドネシア,0,,-
DJ TROOPERS,MENDES,0,,-,1078,JK,インドネシア,2599,DNM,インドネシア,3519,DNM,インドネシア,0,,-
DJ TROOPERS,MAX LOVE,0,,-,1415,OSU7K,インドネシア,2119,ESPEON,インドネシア,2653,ENMT!,インドネシア,0,,-
DJ TROOPERS,madrugada,0,,-,618,RUKU-L,インドネシア,1046,COWTAO,インドネシア,1783,ENMT!,インドネシア,0,,-
DJ TROOPERS,LOVELY STORM,0,,-,1261,INFP,インドネシア,2067,4H0Y!!,インドネシア,2800,SKYSPA,インドネシア,0,,-
DJ TROOPERS,Kick Out 仮面,0,,-,1142,INFP,インドネシア,1522,4H0Y!!,インドネシア,2027,YXX,インドネシア,0,,-
DJ TROOPERS,in the Sky,0,,-,1323,INFP,インドネシア,2080,*#06#,インドネシア,2525,ENMT!,インドネシア,0,,-
DJ TROOPERS,ICARUS,0,,-,1182,TKSM..,インドネシア,1956,U-GEE,インドネシア,2373,DNM,インドネシア,3594,DNM,インドネシア
DJ TROOPERS,Freeway Shuffle,341,OSU7K,インドネシア,724,RUKU-L,インドネシア,1239,OGRCAP,インドネシア,1855,DNM,インドネシア,0,,-
DJ TROOPERS,four pieces of heaven,0,,-,868,CRASH,インドネシア,1680,JHAYR#,インドネシア,2290,ENMT!,インドネシア,2836,DNM,インドネシア
DJ TROOPERS,evergreen,0,,-,968,OSU7K,インドネシア,770,VIOLET,インドネシア,1877,APIN58,インドネシア,0,,-
DJ TROOPERS,end of world,0,,-,828,KRTK*,インドネシア,1691,JHAYR#,インドネシア,2428,SLUURP,インドネシア,0,,-
DJ TROOPERS,Do it!! Do it!!,0,,-,928,BBIRD?,インドネシア,1455,VOID.,インドネシア,1805,DNM,インドネシア,2381,DNM,インドネシア
DJ TROOPERS,Digitank System,0,,-,866,YJSNPI,インドネシア,1452,H-CUP!,インドネシア,2024,MA25DX,インドネシア,0,,-
DJ TROOPERS,Dazzlin' Darlin,328,OSU7K,インドネシア,798,FELIX,インドネシア,1375,GENYA*,インドネシア,2218,DNM,インドネシア,0,,-
DJ TROOPERS,Darling my LUV,0,,-,496,HIMENO,インドネシア,969,OSU7K,インドネシア,1372,YXX,インドネシア,0,,-
DJ TROOPERS,Blue Rain,337,OSU7K,インドネシア,837,SHINE,インドネシア,1541,GENYA*,インドネシア,2247,ENMT!,インドネシア,3283,DNM,インドネシア
DJ TROOPERS,beatonic nation,0,,-,1245,OSU7K,インドネシア,1822,4H0Y!!,インドネシア,2135,DNM,インドネシア,0,,-
DJ TROOPERS,Be OK,0,,-,885,INFP,インドネシア,1707,MORINO,インドネシア,2392,SKYSPA,インドネシア,3287,DNM,インドネシア
DJ TROOPERS,avant-guerre,0,,-,605,AINVEL,インドネシア,1096,HITLER,インドネシア,1892,KENKEN,インドネシア,0,,-
DJ TROOPERS,"Anisakis -somatic mutation type""Forza""-",0,,-,1078,IIDX33,インドネシア,2091,BURI69,インドネシア,2838,ENMT!,インドネシア,3793,DNM,インドネシア
DJ TROOPERS,2 tribe 4 K,0,,-,780,JYXLCE,インドネシア,1255,ANO.,インドネシア,2699,ENMT!,インドネシア,0,,-
EMPRESS,鉄甲乙女-under the steel-,0,,-,816,MINTTT,インドネシア,1576,INFP,インドネシア,2171,ENMT!,インドネシア,0,,-
EMPRESS,翼,0,,-,781,RUKU-L,インドネシア,1390,UNHCR,インドネシア,1958,MA25DX,インドネシア,2491,YXX,インドネシア
EMPRESS,山岡晃の「クイズ！家事都合！」,0,,-,459,GIO,インドネシア,1294,LEVEL0,インドネシア,2037,SKYSPA,インドネシア,0,,-
EMPRESS,天空脳番長危機十六連打,0,,-,996,INFP,インドネシア,2008,890,インドネシア,2537,SKYSPA,インドネシア,0,,-
EMPRESS,卑弥呼,0,,-,1185,P!GEON,インドネシア,2617,YXX,インドネシア,3895,DNM,インドネシア,0,,-
EMPRESS,凛として咲く花の如く,391,OSU7K,インドネシア,1296,INFP,インドネシア,2079,MA25DX,インドネシア,2773,DNM,インドネシア,3168,DNM,インドネシア
EMPRESS,不沈艦CANDY,593,OSU7K,インドネシア,1076,JYXLCE,インドネシア,1816,*,インドネシア,3313,DNM,インドネシア,0,,-
EMPRESS,ミッドナイト堕天使,0,,-,695,DAYBRK,インドネシア,1371,AGUNG,インドネシア,2766,ENMT!,インドネシア,0,,-
EMPRESS,ハリツヤランデヴー,0,,-,745,TDKR!!,インドネシア,2047,*#06#,インドネシア,2471,SKYSPA,インドネシア,0,,-
EMPRESS,まほろば,0,,-,638,CODYSB,インドネシア,1355,P3K0!!,インドネシア,2018,DNM,インドネシア,0,,-
EMPRESS,"You'll say ""Now!""",0,,-,926,BOT,インドネシア,1689,4H0Y!!,インドネシア,2415,SKYSPA,インドネシア,0,,-
EMPRESS,Y&Co. is dead or alive,0,,-,1048,TAKES,インドネシア,1663,JHAYR#,インドネシア,2632,DNM,インドネシア,0,,-
EMPRESS,V2,766,OSU7K,インドネシア,1371,HIMIKO,インドネシア,2992,KENKEN,インドネシア,3519,DNM,インドネシア,0,,-
EMPRESS,Turii ～Panta rhei～,366,OSU7K,インドネシア,786,SHINE,インドネシア,1993,JHAYR#,インドネシア,2650,ENMT!,インドネシア,0,,-
EMPRESS,THANK YOU FOR PLAYING,0,,-,721,JYXLCE,インドネシア,1574,4H0Y!!,インドネシア,2084,YXX,インドネシア,2942,DNM,インドネシア
EMPRESS,SOLITON BEAM,0,,-,941,.,インドネシア,1958,4H0Y!!,インドネシア,2330,ENMT!,インドネシア,0,,-
EMPRESS,smooooch・∀・,395,OSU7K,インドネシア,778,JYXLCE,インドネシア,1579,4H0Y!!,インドネシア,2112,SKYSPA,インドネシア,2763,DNM,インドネシア
EMPRESS,Secrets,0,,-,1147,JYXLCE,インドネシア,2238,4H0Y!!,インドネシア,3107,ENMT!,インドネシア,4034,DNM,インドネシア
EMPRESS,Queen's Tragedy,0,,-,702,RUKU-L,インドネシア,1572,INOUE,インドネシア,2201,ENMT!,インドネシア,0,,-
EMPRESS,Punch Love 仮面,0,,-,934,RUKU-L,インドネシア,1635,4H0Y!!,インドネシア,2502,DNM,インドネシア,3231,DNM,インドネシア
EMPRESS,Programmed World,0,,-,773,LILC,インドネシア,1668,JHAYR#,インドネシア,2288,DNM,インドネシア,0,,-
EMPRESS,NΦ CRIME,285,OSU7K,インドネシア,740,SHINE,インドネシア,1411,MORINO,インドネシア,1881,YXX,インドネシア,2408,DNM,インドネシア
EMPRESS,neogenesis,0,,-,652,NAVI,インドネシア,1271,REDCON,インドネシア,1682,BURI69,インドネシア,2308,DNM,インドネシア
EMPRESS,naughty girl@Queen's Palace,0,,-,791,CHOKA,インドネシア,1598,JHAYR#,インドネシア,2074,GOFILE,インドネシア,2494,DNM,インドネシア
EMPRESS,Monkey Dance '09,0,,-,762,SHINE,インドネシア,1673,P3K0!!,インドネシア,2222,SKYSPA,インドネシア,0,,-
EMPRESS,Mind Mapping,509,OSU7K,インドネシア,703,A-ZERO,インドネシア,1162,4H0Y!!,インドネシア,1776,KENKEN,インドネシア,2193,BURI69,インドネシア
EMPRESS,Kung-fu Empire,0,,-,1387,CHOKA,インドネシア,2533,BURI69,インドネシア,3184,ENMT!,インドネシア,3908,DNM,インドネシア
EMPRESS,Just a Little Smile,0,,-,569,DOTSKY,インドネシア,1258,JHAYR#,インドネシア,2319,ENMT!,インドネシア,0,,-
EMPRESS,Jack,0,,-,892,INFP,インドネシア,1217,HIROSE,インドネシア,2138,GYO,インドネシア,0,,-
EMPRESS,I'm Screaming LOVE,0,,-,532,RUINS1,インドネシア,1206,ICLE!?,インドネシア,1687,OISHO.,インドネシア,0,,-
EMPRESS,HYPERION,0,,-,1026,INFP,インドネシア,1921,JHAYR#,インドネシア,2722,ENMT!,インドネシア,0,,-
EMPRESS,Go Beyond!!,529,OSU7K,インドネシア,1029,OSU7K,インドネシア,1664,VOID.,インドネシア,2120,DHIONA,インドネシア,0,,-
EMPRESS,Fly Above,0,,-,814,AGUNG,インドネシア,1570,OSU7K,インドネシア,2026,DNM,インドネシア,0,,-
EMPRESS,Flash Back 90's,0,,-,897,INFP,インドネシア,1715,P3K0!!,インドネシア,2258,3NONO,インドネシア,2856,DNM,インドネシア
EMPRESS,Cyber Force -DJ Yoshitaka Remix-,0,,-,949,JYXLCE,インドネシア,1751,4H0Y!!,インドネシア,2469,YXX,インドネシア,0,,-
EMPRESS,Colorful Cookie,666,OSU7K,インドネシア,1095,PLAN8,インドネシア,2254,SKYSPA,インドネシア,3483,DNM,インドネシア,0,,-
EMPRESS,CaptivAte2～覚醒～,240,OSU7K,インドネシア,984,VNLSK,インドネシア,1640,JHAYR#,インドネシア,2380,ENMT!,インドネシア,0,,-
EMPRESS,BRIDAL FESTIVAL !!!,0,,-,824,SHINE,インドネシア,1333,MUSECA,インドネシア,2095,MA25DX,インドネシア,0,,-
EMPRESS,BITTER CHOCOLATE STRIKER,0,,-,941,RUKU-L,インドネシア,2131,UE8RAI,インドネシア,3876,DNM,インドネシア,0,,-
EMPRESS,Bahram Attack-猫叉Master Remix-,0,,-,911,KARINA,インドネシア,1906,TAKES,インドネシア,2605,DNM,インドネシア,3248,DNM,インドネシア
EMPRESS,B4U(BEMANI FOR YOU MIX),0,,-,1154,JK,インドネシア,2216,M4S3,インドネシア,3515,DNM,インドネシア,4563,DNM,インドネシア
EMPRESS,Arabian Rave Night,0,,-,1095,RUKU-L,インドネシア,2145,VOID.,インドネシア,2904,ENMT!,インドネシア,3635,DNM,インドネシア
EMPRESS,ALL MY TURN -このターンに、オレの全てを賭ける-,0,,-,887,JYXLCE,インドネシア,1773,MA25DX,インドネシア,2519,YXX,インドネシア,0,,-
EMPRESS,ALL I NEED YOUR LOVE,0,,-,1007,RUKU-L,インドネシア,1529,4H0Y!!,インドネシア,2070,YXX,インドネシア,0,,-
EMPRESS,3y3s,534,OSU7K,インドネシア,1349,MAN&KO,インドネシア,2337,890,インドネシア,3453,DNM,インドネシア,0,,-
SIRIUS,"水上の提督(Short mix from ""幻想水滸伝V"")",0,,-,680,INFP,インドネシア,1602,JHAYR#,インドネシア,2086,ENMT!,インドネシア,0,,-
SIRIUS,未来のプリズム,0,,-,680,INFP,インドネシア,1342,OGRCAP,インドネシア,1750,BURI69,インドネシア,0,,-
SIRIUS,ワルツ第17番 ト短調”大犬のワルツ”,0,,-,1220,ANEJIL,インドネシア,2205,KEMU,インドネシア,3182,DNM,インドネシア,0,,-
SIRIUS,バビロニア,0,,-,695,RUKU-L,インドネシア,1278,4H0Y!!,インドネシア,1859,ENMT!,インドネシア,0,,-
SIRIUS,サヨナラ・ヘヴン,366,OSU7K,インドネシア,897,INFP,インドネシア,1316,GENYA*,インドネシア,1658,ENMT!,インドネシア,2065,YXX,インドネシア
SIRIUS,コスモス,0,,-,777,RUKU-L,インドネシア,1504,MA25DX,インドネシア,2086,DNM,インドネシア,0,,-
SIRIUS,たからもの,0,,-,1231,HATOPP,インドネシア,1842,3324KI,インドネシア,2223,BURI69,インドネシア,3540,DNM,インドネシア
SIRIUS,かずあそび,0,,-,497,INFP,インドネシア,1046,JYXLCE,インドネシア,1680,MA25DX,インドネシア,0,,-
SIRIUS,The Story Begins,0,,-,726,RUKU-L,インドネシア,1756,JHAYR#,インドネシア,2368,KENKEN,インドネシア,0,,-
SIRIUS,THE LAST STRIKER,0,,-,1201,RUKU-L,インドネシア,1927,JHAYR#,インドネシア,2609,DNM,インドネシア,0,,-
SIRIUS,Special One,0,,-,844,INFP,インドネシア,1105,R0U$H1,インドネシア,1719,ELAINA,インドネシア,0,,-
SIRIUS,Sorrows,0,,-,766,CROSS,インドネシア,1636,MORINO,インドネシア,2470,DNM,インドネシア,0,,-
SIRIUS,SOLID STATE SQUAD,0,,-,798,ANTIMO,インドネシア,2178,SANYA,インドネシア,3533,DNM,インドネシア,3586,DNM,インドネシア
SIRIUS,She is my wife,426,OSU7K,インドネシア,592,SAD,インドネシア,1483,JHAYR#,インドネシア,1957,ENMT!,インドネシア,0,,-
SIRIUS,Session 1 -Genesis-,0,,-,882,INFP,インドネシア,1551,JHAYR#,インドネシア,2411,ENMT!,インドネシア,0,,-
SIRIUS,Roots of my way!,0,,-,822,FAUNA,インドネシア,1207,DEJIKO,インドネシア,2015,DNM,インドネシア,0,,-
SIRIUS,Red. by Full Metal Jacket,0,,-,957,MIYA.,インドネシア,2011,DNM,インドネシア,3018,ENMT!,インドネシア,0,,-
SIRIUS,Raison d'etre～交差する宿命～,0,,-,1050,ADUHAI,インドネシア,2259,SKYSPA,インドネシア,2697,ENMT!,インドネシア,4612,DNM,インドネシア
SIRIUS,quell～the seventh slave～,0,,-,897,INFP,インドネシア,1726,ANEJIL,インドネシア,3128,DNM,インドネシア,0,,-
SIRIUS,Programmed Sun,0,,-,1080,INFP,インドネシア,1764,4H0Y!!,インドネシア,2573,DNM,インドネシア,0,,-
SIRIUS,NoN-Fiction Story!,0,,-,695,INFP,インドネシア,1348,MORINO,インドネシア,2192,SKYSPA,インドネシア,0,,-
SIRIUS,NEW SENSATION -もう、あなたしか見えない-,0,,-,1273,APIN58,インドネシア,1985,JHAYR#,インドネシア,2615,SKYSPA,インドネシア,0,,-
SIRIUS,mosaic,0,,-,1470,ATSUX2,インドネシア,2057,ENMT!,インドネシア,3011,DNM,インドネシア,0,,-
SIRIUS,MIRACLE MEETS,0,,-,873,ASA,インドネシア,1506,JHAYR#,インドネシア,2223,DNM,インドネシア,0,,-
SIRIUS,Light Shine,0,,-,701,CODYSB,インドネシア,1122,OGUMAN,インドネシア,1930,DNM,インドネシア,0,,-
SIRIUS,Last Burning,0,,-,817,NAMACO,インドネシア,1556,JHAYR#,インドネシア,2308,BURI69,インドネシア,0,,-
SIRIUS,Keep it-秋葉工房mix-,0,,-,914,SHINE,インドネシア,1579,JHAYR#,インドネシア,1836,APIN58,インドネシア,0,,-
SIRIUS,IN THE NAME OF LOVE,531,OSU7K,インドネシア,719,INFP,インドネシア,1300,4H0Y!!,インドネシア,1902,BURI69,インドネシア,0,,-
SIRIUS,Hydrogen Blueback,0,,-,839,DJDUCK,インドネシア,1675,MA25DX,インドネシア,2276,DNM,インドネシア,2296,DNM,インドネシア
SIRIUS,GOLDEN CROSS,0,,-,1017,ASA,インドネシア,1957,M4S3,インドネシア,3464,DNM,インドネシア,0,,-
SIRIUS,GALGALIM,0,,-,1399,OSU7K,インドネシア,1895,BURI69,インドネシア,2317,ENMT!,インドネシア,0,,-
SIRIUS,G59,0,,-,1605,CHANOG,インドネシア,2287,JHAYR#,インドネシア,3873,DNM,インドネシア,0,,-
SIRIUS,EXUSIA,0,,-,1117,MAN&KO,インドネシア,2574,TAKES,インドネシア,3832,DNM,インドネシア,0,,-
SIRIUS,Evans,595,OSU7K,インドネシア,1204,APIN58,インドネシア,2130,YOSHIO,インドネシア,2771,DNM,インドネシア,0,,-
SIRIUS,eRAseRmOToRpHAntOM,0,,-,1495,MOMOSE,インドネシア,2391,OSU7K,インドネシア,3176,DNM,インドネシア,0,,-
SIRIUS,Empire State Glory,0,,-,1028,JYXLCE,インドネシア,1750,OGRCAP,インドネシア,2636,DNM,インドネシア,0,,-
SIRIUS,Elisha,424,OSU7K,インドネシア,811,CROSS,インドネシア,1463,MOMOSE,インドネシア,2254,DNM,インドネシア,0,,-
SIRIUS,DROP,0,,-,592,CODYSB,インドネシア,2087,MA25DX,インドネシア,2601,DNM,インドネシア,0,,-
SIRIUS,DOMINION,0,,-,1148,MAN&KO,インドネシア,2248,ALLIUM,インドネシア,3220,DNM,インドネシア,0,,-
SIRIUS,DESIRE,0,,-,892,INFP,インドネシア,1873,TAKES,インドネシア,2820,ENMT!,インドネシア,0,,-
SIRIUS,Dazzlin' Darlin-秋葉工房mix-,0,,-,759,INFP,インドネシア,1447,MORINO,インドネシア,2081,ENMT!,インドネシア,0,,-
SIRIUS,DAWN -THE NEXT ENDEAVOUR-,0,,-,1466,RUKU-L,インドネシア,2592,TAKES,インドネシア,3133,DNM,インドネシア,0,,-
SIRIUS,D,0,,-,1211,JHAYR#,インドネシア,1704,TJIJMI,インドネシア,2440,ENMT!,インドネシア,0,,-
SIRIUS,CaptivAte～裁き～(SUBLIME TECHNO MIX),0,,-,993,OSU7K,インドネシア,1553,4H0Y!!,インドネシア,2370,MNNKMN,インドネシア,0,,-
SIRIUS,bloomin' feeling,387,OSU7K,インドネシア,1265,P!GEON,インドネシア,1931,GENYA*,インドネシア,2586,ENMT!,インドネシア,0,,-
SIRIUS,being torn the sky,0,,-,549,BDYHUN,インドネシア,1116,CHOKA,インドネシア,1957,MA25DX,インドネシア,0,,-
SIRIUS,BEAUTIFUL ANGEL,0,,-,611,INFP,インドネシア,1738,4H0Y!!,インドネシア,2453,DNM,インドネシア,0,,-
SIRIUS,beatchic☆仮面～好き、でいさせて～,0,,-,950,INFP,インドネシア,1580,OGRCAP,インドネシア,2005,ENMT!,インドネシア,0,,-
SIRIUS,bass 2 bass,275,OSU7K,インドネシア,704,INFP,インドネシア,1215,BRAMBL,インドネシア,1846,DNM,インドネシア,0,,-
SIRIUS,Bad Maniacs,0,,-,1263,MORINO,インドネシア,1799,BURI69,インドネシア,3202,DNM,インドネシア,0,,-
SIRIUS,Almagest,0,,-,1014,MORINO,インドネシア,2136,SKYSPA,インドネシア,3084,DNM,インドネシア,0,,-
SIRIUS,AIR RAID FROM THA UNDAGROUND,544,OSU7K,インドネシア,1132,WATANE,インドネシア,1678,4H0Y!!,インドネシア,2214,*DNM#,インドネシア,2946,DNM,インドネシア
Resort Anthem,黒髪乱れし修羅となりて,0,,-,685,RUKU-L,インドネシア,1994,APIN58,インドネシア,3443,DNM,インドネシア,0,,-
Resort Anthem,灼熱Beach Side Bunny,569,OSU7K,インドネシア,1061,ANO.,インドネシア,1921,TASO,インドネシア,2864,SHIYOU,インドネシア,0,,-
Resort Anthem,旅人リラン,0,,-,1100,OGUMAN,インドネシア,1874,JHAYR#,インドネシア,2599,DNM,インドネシア,0,,-
Resort Anthem,夕焼け ～Fading Day～,0,,-,964,OSU7K,インドネシア,1998,GENYA*,インドネシア,2790,DNM,インドネシア,0,,-
Resort Anthem,中華急行,0,,-,263,MARSH!,インドネシア,1496,JHAYR#,インドネシア,2312,ENMT!,インドネシア,0,,-
Resort Anthem,かげぬい ～ Ver.BENIBOTAN ～,513,OSU7K,インドネシア,847,INFP,インドネシア,1202,DEJIKO,インドネシア,1857,ENMT!,インドネシア,0,,-
Resort Anthem,おおきなこえで,0,,-,342,LPDS?!,インドネシア,984,SKYSPA,インドネシア,1482,MA25DX,インドネシア,2134,MA25DX,インドネシア
Resort Anthem,ZETA～素数の世界と超越者～,329,OSU7K,インドネシア,571,INFP,インドネシア,2096,MOMOSE,インドネシア,3080,ENMT!,インドネシア,0,,-
Resort Anthem,XANADU OF TWO,0,,-,806,SILVIA,インドネシア,1719,JK,インドネシア,2742,ENMT!,インドネシア,3433,DNM,インドネシア
Resort Anthem,Wuv U,0,,-,398,INFP,インドネシア,1273,JHAYR#,インドネシア,1686,ENMT!,インドネシア,0,,-
Resort Anthem,WISE UP!,335,OSU7K,インドネシア,412,RUKU-L,インドネシア,1091,R0U$H1,インドネシア,1579,ENMT!,インドネシア,2601,ENMT!,インドネシア
Resort Anthem,Watch Out Pt.2,0,,-,1105,INFP,インドネシア,1886,YXX,インドネシア,2755,DNM,インドネシア,0,,-
Resort Anthem,Vermillion,0,,-,372,SCOOTT,インドネシア,999,ASA,インドネシア,2034,DNM,インドネシア,0,,-
Resort Anthem,Tropical April,0,,-,1492,WATANE,インドネシア,2185,TJIJMI,インドネシア,2741,ENMT!,インドネシア,0,,-
Resort Anthem,THE FALLEN,0,,-,790,CODYSB,インドネシア,1427,BRAMBL,インドネシア,2540,UE8RAI,インドネシア,0,,-
Resort Anthem,THE DOOR INTO RAINBOW,0,,-,717,SHINE,インドネシア,1646,JHAYR#,インドネシア,2106,IIDX33,インドネシア,0,,-
Resort Anthem,THE BLACK KNIGHT,0,,-,903,INFP,インドネシア,2034,JHAYR#,インドネシア,2867,ENMT!,インドネシア,4387,DNM,インドネシア
Resort Anthem,STELLAR WIND,384,OSU7K,インドネシア,581,MOMOSE,インドネシア,1806,MA25DX,インドネシア,2527,SKYSPA,インドネシア,0,,-
Resort Anthem,Stay my side,0,,-,629,INFP,インドネシア,1057,CLUB.I,インドネシア,1329,MA25DX,インドネシア,0,,-
Resort Anthem,SPECIAL SUMMER CAMPAIGN!,0,,-,699,INFP,インドネシア,1593,JHAYR#,インドネシア,2983,DNM,インドネシア,0,,-
Resort Anthem,Space Time,0,,-,565,JYXLCE,インドネシア,1616,JHAYR#,インドネシア,2100,COCOAX,インドネシア,0,,-
Resort Anthem,Session 9 -Chronicles-,0,,-,681,ICOLDT,インドネシア,2169,BR-G27,インドネシア,3582,DNM,インドネシア,0,,-
Resort Anthem,sakura storm,0,,-,1027,OSU7K,インドネシア,1303,JHAYR#,インドネシア,2412,DNM,インドネシア,0,,-
Resort Anthem,Sakura Reflection,0,,-,449,CHANOG,インドネシア,1575,4H0Y!!,インドネシア,2370,ENMT!,インドネシア,0,,-
Resort Anthem,SABER WING,0,,-,517,INFP,インドネシア,1807,H.JYAN,インドネシア,2806,DNM,インドネシア,0,,-
Resort Anthem,Rock Da House,0,,-,776,RUKU-L,インドネシア,1553,JHAYR#,インドネシア,2224,DNM,インドネシア,0,,-
Resort Anthem,reunion,540,OSU7K,インドネシア,1326,4H0Y!!,インドネシア,2290,*DNM#,インドネシア,3174,DNM,インドネシア,0,,-
Resort Anthem,Programmed Life,0,,-,1069,OSU7K,インドネシア,1755,JHAYR#,インドネシア,2340,DNM,インドネシア,0,,-
Resort Anthem,perditus†paradisus,0,,-,1096,IIDX33,インドネシア,2383,DHIONA,インドネシア,3745,DNM,インドネシア,0,,-
Resort Anthem,passionate fate,0,,-,1133,OSU7K,インドネシア,1578,JHAYR#,インドネシア,2105,DNM,インドネシア,0,,-
Resort Anthem,PARADISE LOST,0,,-,1372,APIN58,インドネシア,2150,JHAYR#,インドネシア,3293,DNM,インドネシア,0,,-
Resort Anthem,New Castle Legions,0,,-,923,INFP,インドネシア,1859,CLUB.I,インドネシア,2754,DNM,インドネシア,0,,-
Resort Anthem,Never Fade Away,0,,-,613,HIMENO,インドネシア,1670,P3K0!!,インドネシア,3000,ENMT!,インドネシア,0,,-
Resort Anthem,Mermaid girl,580,OSU7K,インドネシア,964,--,インドネシア,1627,BRAMBL,インドネシア,2210,ENMT!,インドネシア,0,,-
Resort Anthem,Medicine of love,0,,-,645,OGRCAP,インドネシア,1029,RX,インドネシア,1723,SKYSPA,インドネシア,2533,DNM,インドネシア
Resort Anthem,Let The Track Flow,0,,-,1004,CHOKA,インドネシア,1803,JHAYR#,インドネシア,2604,DNM,インドネシア,0,,-
Resort Anthem,Kailua,0,,-,507,R0U$H1,インドネシア,1317,JHAYR#,インドネシア,2176,DNM,インドネシア,0,,-
Resort Anthem,I FIGHT ME,0,,-,534,RUKU-L,インドネシア,1349,4H0Y!!,インドネシア,2130,DNM,インドネシア,0,,-
Resort Anthem,Golden Palms,0,,-,668,RUKU-L,インドネシア,1438,JHAYR#,インドネシア,1937,UE8RAI,インドネシア,2365,DNM,インドネシア
Resort Anthem,Fantasia,234,OSU7K,インドネシア,355,CHAI,インドネシア,1532,4H0Y!!,インドネシア,2239,DNM,インドネシア,0,,-
Resort Anthem,Everlasting Resort,0,,-,698,BESVAL,インドネシア,1218,WATANE,インドネシア,1889,ENMT!,インドネシア,0,,-
Resort Anthem,Eternal Tears,0,,-,364,LPDS?!,インドネシア,1051,OGUMAN,インドネシア,1357,MA25DX,インドネシア,0,,-
Resort Anthem,Energy Drive,0,,-,818,INFP,インドネシア,1421,JHAYR#,インドネシア,2201,DNM,インドネシア,0,,-
Resort Anthem,ELECTRIC MASSIVE DIVER,0,,-,1296,OSU7K,インドネシア,2282,KEMU,インドネシア,3488,AAAAAA,インドネシア,0,,-
Resort Anthem,DM STAR～関西 energy style～,0,,-,1087,OSU7K,インドネシア,1817,4H0Y!!,インドネシア,2388,ENMT!,インドネシア,0,,-
Resort Anthem,Destiny Sword,0,,-,786,RUKU-L,インドネシア,1716,TAKES,インドネシア,2353,SKYSPA,インドネシア,0,,-
Resort Anthem,DAYDREAMER,0,,-,1159,OSU7K,インドネシア,1711,AAAAAA,インドネシア,2515,SKYSPA,インドネシア,0,,-
Resort Anthem,Dances with Snow Fairies,0,,-,1199,$$$$$$,インドネシア,2164,890,インドネシア,3083,DNM,インドネシア,3907,DNM,インドネシア
Resort Anthem,BROKEN EDEN,0,,-,1028,IIDX33,インドネシア,1669,4H0Y!!,インドネシア,2283,SKYSPA,インドネシア,0,,-
Resort Anthem,Broken,0,,-,993,JYXLCE,インドネシア,2004,MORINO,インドネシア,3146,DNM,インドネシア,0,,-
Resort Anthem,Breaking the ground,0,,-,1140,-KYO-,インドネシア,1771,MORINO,インドネシア,2481,EEPY,インドネシア,0,,-
Resort Anthem,Bounce Bounce Bounce,0,,-,878,DOTSKY,インドネシア,1625,310260,インドネシア,2358,EEPY,インドネシア,0,,-
Resort Anthem,BLUST OF WIND,0,,-,736,RUKU-L,インドネシア,1498,INFP,インドネシア,2107,ENMT!,インドネシア,2528,YXX,インドネシア
Resort Anthem,Believe In Me,0,,-,1010,OGRCAP,インドネシア,1817,JHAYR#,インドネシア,2366,YXX,インドネシア,0,,-
Resort Anthem,ANTHEM LANDING,0,,-,922,INFP,インドネシア,1895,MORINO,インドネシア,2931,DNM,インドネシア,0,,-
Resort Anthem,Answer,0,,-,762,TAKES,インドネシア,1411,OGRCAP,インドネシア,2420,DNM,インドネシア,0,,-
Resort Anthem,ALBIDA,525,OSU7K,インドネシア,1044,INFP,インドネシア,1848,JHAYR#,インドネシア,2993,DNM,インドネシア,0,,-
Resort Anthem,Aegis,0,,-,667,DOTSKY,インドネシア,1327,OGRCAP,インドネシア,2334,ENMT!,インドネシア,0,,-
Lincle,陽炎,0,,-,482,K,インドネシア,993,MIKU!!,インドネシア,1988,YXX,インドネシア,0,,-
Lincle,衰色小町メランコリア,0,,-,676,ARKKPR,インドネシア,1380,MA25DX,インドネシア,2305,APIN58,インドネシア,0,,-
Lincle,蛇神,408,OSU7K,インドネシア,669,RUKU-L,インドネシア,1467,ANO.,インドネシア,2793,ENMT!,インドネシア,3677,DNM,インドネシア
Lincle,聖人の塔,0,,-,822,CODYSB,インドネシア,1927,SANYA,インドネシア,2969,DNM,インドネシア,4238,DNM,インドネシア
Lincle,突撃!ガラスのニーソ姫!,0,,-,600,CROSS,インドネシア,1080,MNNKMN,インドネシア,2077,EEPY,インドネシア,0,,-
Lincle,恋する☆宇宙戦争っ！！,497,OSU7K,インドネシア,867,JYXLCE,インドネシア,1729,CLUB.I,インドネシア,3542,DNM,インドネシア,4560,DNM,インドネシア
Lincle,子供の落書き帳,0,,-,757,RUKU-L,インドネシア,1847,VOID.,インドネシア,2558,ENMT!,インドネシア,0,,-
Lincle,天空の夜明け,0,,-,1315,H.JYAN,インドネシア,2070,CHANOG,インドネシア,3926,DNM,インドネシア,0,,-
Lincle,君のハートにロックオン,0,,-,597,RUKU-L,インドネシア,1676,JHAYR#,インドネシア,2630,ENMT!,インドネシア,3374,DNM,インドネシア
Lincle,ユミル,0,,-,647,INFP,インドネシア,1327,IIDX33,インドネシア,2816,ENMT!,インドネシア,0,,-
Lincle,ビューティフルレシート,341,OSU7K,インドネシア,399,NIFL,インドネシア,1150,******,インドネシア,1898,SKYSPA,インドネシア,0,,-
Lincle,Yellow Sunrise,0,,-,703,OGUMAN,インドネシア,1220,RUKU-L,インドネシア,2277,DNM,インドネシア,0,,-
Lincle,yellow head joe,0,,-,740,JYXLCE,インドネシア,1460,JHAYR#,インドネシア,2226,SKYSPA,インドネシア,3129,DNM,インドネシア
Lincle,YAKSHA,0,,-,1169,INFP,インドネシア,2223,JHAYR#,インドネシア,3860,DNM,インドネシア,0,,-
Lincle,WONDER WALKER,0,,-,954,INFP,インドネシア,1841,4H0Y!!,インドネシア,3797,DNM,インドネシア,0,,-
Lincle,Voxane,0,,-,599,INFP,インドネシア,1127,COWTAO,インドネシア,1724,ENMT!,インドネシア,0,,-
Lincle,Todestrieb,0,,-,949,RUKU-L,インドネシア,1870,AAAAAA,インドネシア,3436,DNM,インドネシア,0,,-
Lincle,TITANS RETURN,325,OSU7K,インドネシア,609,INFP,インドネシア,1539,JHAYR#,インドネシア,2455,DNM,インドネシア,2598,DNM,インドネシア
Lincle,Thunderbolt,0,,-,1034,APIN58,インドネシア,1809,BRAMBL,インドネシア,3763,DNM,インドネシア,0,,-
Lincle,The Sampling Paradise,0,,-,785,JYXLCE,インドネシア,1761,JHAYR#,インドネシア,2984,DNM,インドネシア,0,,-
Lincle,The Limbo,0,,-,1082,ASA,インドネシア,1996,SLUURP,インドネシア,3298,DNM,インドネシア,4140,DNM,インドネシア
Lincle,Star Trail,0,,-,621,INFP,インドネシア,1052,AGUNG,インドネシア,1822,KENKEN,インドネシア,2527,DNM,インドネシア
Lincle,Snow Goose,295,OSU7K,インドネシア,282,MURU??,インドネシア,1288,BRAMBL,インドネシア,2385,ENMT!,インドネシア,0,,-
Lincle,Snake Stick,0,,-,1000,OSU7K,インドネシア,1965,TASO,インドネシア,2512,BURI69,インドネシア,0,,-
Lincle,SHADE,0,,-,869,CODYSB,インドネシア,1944,890,インドネシア,2878,ENMT!,インドネシア,0,,-
Lincle,Several Words,0,,-,582,ADUHAI,インドネシア,1420,JHAYR#,インドネシア,2152,ENMT!,インドネシア,0,,-
Lincle,Scharfrichter,0,,-,867,INFP,インドネシア,1601,JHAYR#,インドネシア,2861,ENMT!,インドネシア,0,,-
Lincle,SA.YO.NA.RA. SUPER STAR,0,,-,431,SHINE,インドネシア,1165,555555,インドネシア,1678,YXX,インドネシア,0,,-
Lincle,Round and Round,0,,-,763,CORN,インドネシア,1137,931,インドネシア,2131,BURI69,インドネシア,0,,-
Lincle,RESISTANCE,0,,-,615,INFP,インドネシア,1126,MNMTMM,インドネシア,2339,SKYSPA,インドネシア,0,,-
Lincle,Release The Music,0,,-,719,RUKU-L,インドネシア,1400,H.JYAN,インドネシア,2102,DNM,インドネシア,0,,-
Lincle,Quick Silver,0,,-,739,JYXLCE,インドネシア,1788,MA25DX,インドネシア,2609,SKYSPA,インドネシア,0,,-
Lincle,quaver♪,275,HIMIKO,インドネシア,665,SS24K,インドネシア,2022,GORIRI,インドネシア,3423,DNM,インドネシア,0,,-
Lincle,QUANTUM TELEPORTATION,0,,-,1144,MIGI,インドネシア,2221,SANYA,インドネシア,2892,ENMT!,インドネシア,3560,DNM,インドネシア
Lincle,prompt,0,,-,612,MOYO#,インドネシア,1575,MORINO,インドネシア,2727,ENMT!,インドネシア,0,,-
Lincle,Phoenix,0,,-,695,LACH,インドネシア,1180,JHAYR#,インドネシア,2426,SKYSPA,インドネシア,3901,DNM,インドネシア
Lincle,NNRT,0,,-,1074,CODYSB,インドネシア,2444,BURI69,インドネシア,3481,DNM,インドネシア,0,,-
Lincle,Miami Sunset Drive,0,,-,595,INFP,インドネシア,1030,-KYO-,インドネシア,1654,ENMT!,インドネシア,0,,-
Lincle,Mermaid girl-秋葉工房 MIX-,0,,-,792,FAUNA,インドネシア,1301,OSU7K,インドネシア,2046,ENMT!,インドネシア,0,,-
Lincle,Lucky Days,0,,-,482,RSTDUK,インドネシア,1503,MA25DX,インドネシア,2182,DNM,インドネシア,0,,-
Lincle,LOVE B.B.B,0,,-,744,INOUE,インドネシア,1437,4H0Y!!,インドネシア,2018,DNM,インドネシア,0,,-
Lincle,Liquid Crystal Girl feat. echo,0,,-,273,AAAAAA,インドネシア,1019,JYXLCE,インドネシア,1984,MA25DX,インドネシア,0,,-
Lincle,LETHEBOLG ～双神威に斬り咲けり～,0,,-,996,INFP,インドネシア,1600,33CC,インドネシア,2207,ENMT!,インドネシア,0,,-
Lincle,LAX5 feat.Ryota Yoshinari,0,,-,974,DOTSKY,インドネシア,1925,48R,インドネシア,2830,DNM,インドネシア,0,,-
Lincle,Infinite cave,0,,-,901,JYXLCE,インドネシア,1468,JHAYR#,インドネシア,2020,DNM,インドネシア,0,,-
Lincle,In the Blackest Den,0,,-,610,CATSTI,インドネシア,1488,MOMI.G,インドネシア,2501,DNM,インドネシア,0,,-
Lincle,I'm so Happy,312,OSU7K,インドネシア,386,T,インドネシア,1329,AAAAAA,インドネシア,2326,ENMT!,インドネシア,0,,-
Lincle,HAERETICUS,0,,-,707,RUKU-L,インドネシア,1832,310260,インドネシア,2942,ENMT!,インドネシア,0,,-
Lincle,Follow Tomorrow,0,,-,777,RUKU-L,インドネシア,1434,MOMI.G,インドネシア,2246,DNM,インドネシア,0,,-
Lincle,Flip Flap,275,OSU7K,インドネシア,469,CHIMIZ,インドネシア,1320,OSU7K,インドネシア,2193,ALOE,インドネシア,0,,-
Lincle,fffff,0,,-,792,INFP,インドネシア,2088,BURI69,インドネシア,3073,ENMT!,インドネシア,0,,-
Lincle,Far east nightbird,342,OSU7K,インドネシア,513,INFP,インドネシア,1230,P3K0!!,インドネシア,2004,BURI69,インドネシア,0,,-
Lincle,F,0,,-,1013,729AKN,インドネシア,2052,SKYSPA,インドネシア,3545,DNM,インドネシア,0,,-
Lincle,Express Emotion,0,,-,734,VNL*TN,インドネシア,1023,OGRCAP,インドネシア,2483,SKYSPA,インドネシア,0,,-
Lincle,Drive Me Crazy,0,,-,552,JULLIA,インドネシア,1375,MORINO,インドネシア,2274,*SHY#,インドネシア,0,,-
Lincle,DIAVOLO,0,,-,1255,OSU7K,インドネシア,1866,GENYA*,インドネシア,3037,DHIONA,インドネシア,0,,-
Lincle,Change the World,0,,-,791,INFP,インドネシア,1361,SANYA,インドネシア,1814,BURI69,インドネシア,0,,-
Lincle,Castle on the Moon,236,OSU7K,インドネシア,587,IIDX33,インドネシア,1573,MORINO,インドネシア,2378,ENMT!,インドネシア,0,,-
Lincle,CALL,0,,-,304,ECLPSE,インドネシア,784,******,インドネシア,1449,ENMT!,インドネシア,2690,DNM,インドネシア
Lincle,BLACK.by X-Cross Fade,0,,-,987,BRAMBL,インドネシア,2126,TASO,インドネシア,3237,DNM,インドネシア,0,,-
Lincle,ANAGRAMS I to Y,0,,-,795,NAMACO,インドネシア,1508,MORINO,インドネシア,2453,YXX,インドネシア,0,,-
Lincle,Almace,0,,-,809,INFP,インドネシア,1293,MORINO,インドネシア,1991,DNM,インドネシア,0,,-
Lincle,532nm,0,,-,491,RUKU-L,インドネシア,1190,4H0Y!!,インドネシア,2600,DNM,インドネシア,0,,-
Lincle,24th Century BOY,0,,-,769,CROSS,インドネシア,1840,4H0Y!!,インドネシア,2862,ENMT!,インドネシア,0,,-
tricoro,龍と少女とデコヒーレンス,0,,-,785,HATOPP,インドネシア,1607,WEST.,インドネシア,2976,ENMT!,インドネシア,3361,DNM,インドネシア
tricoro,音楽,0,,-,818,U49,インドネシア,1937,OGRCAP,インドネシア,2677,DNM,インドネシア,0,,-
tricoro,狂イ咲ケ焔ノ華,0,,-,1195,OSU7K,インドネシア,2377,DHIONA,インドネシア,3627,DNM,インドネシア,0,,-
tricoro,梅雪夜,0,,-,787,RUKU-L,インドネシア,1422,OSU7K,インドネシア,2125,DNM,インドネシア,0,,-
tricoro,朧,204,OSU7K,インドネシア,769,INFP,インドネシア,1418,GENYA*,インドネシア,2102,ENMT!,インドネシア,2520,DNM,インドネシア
tricoro,即席！脳直★ミュージックシステム,0,,-,999,INFP,インドネシア,1934,BURI69,インドネシア,3498,DNM,インドネシア,0,,-
tricoro,創世ノート,0,,-,713,DJDUCK,インドネシア,1870,JHAYR#,インドネシア,2954,ENMT!,インドネシア,0,,-
tricoro,仮想空間の旅人たち,0,,-,1139,INFP,インドネシア,2181,BURI69,インドネシア,2862,DNM,インドネシア,3825,DNM,インドネシア
tricoro,下弦の月,0,,-,929,TEIJI,インドネシア,1411,HIMIKO,インドネシア,1974,ENMT!,インドネシア,0,,-
tricoro,ラキラキ,0,,-,558,RUKU-L,インドネシア,1390,4H0Y!!,インドネシア,1973,ENMT!,インドネシア,0,,-
tricoro,メイメツ、フラグメンツ,0,,-,641,OGRCAP,インドネシア,1274,OGRCAP,インドネシア,1950,ENMT!,インドネシア,0,,-
tricoro,トリカゴノ鳳凰,0,,-,1134,OSU7K,インドネシア,1981,JHAYR#,インドネシア,3750,DNM,インドネシア,0,,-
tricoro,シュレーディンガーの猫,0,,-,1086,OGUMAN,インドネシア,2327,MA25DX,インドネシア,3363,DNM,インドネシア,0,,-
tricoro,キャトられ恋はモ～モク,0,,-,1412,-KYO-,インドネシア,2577,BURI69,インドネシア,3720,DNM,インドネシア,0,,-
tricoro,カジノファイヤーことみちゃん,0,,-,439,NOX,インドネシア,1385,MOMI.G,インドネシア,2288,ENMT!,インドネシア,3239,DNM,インドネシア
tricoro,アストライアの双皿,0,,-,646,JYXLCE,インドネシア,2022,JHAYR#,インドネシア,3096,DNM,インドネシア,0,,-
tricoro,たまゆら,0,,-,1104,WATANE,インドネシア,1833,BURI69,インドネシア,2742,ENMT!,インドネシア,0,,-
tricoro,お米の美味しい炊き方、そしてお米を食べることによるその効果。,0,,-,864,OSU7K,インドネシア,1332,IGY24,インドネシア,2088,TKSM..,インドネシア,3630,DNM,インドネシア
tricoro,†渚の小悪魔ラヴリィ～レイディオ†(IIDX EDIT),236,OSU7K,インドネシア,511,SHINE,インドネシア,1627,*#06#,インドネシア,3541,DNM,インドネシア,0,,-
tricoro,ΕΛΠΙΣ,0,,-,1047,ASA,インドネシア,2026,JHAYR#,インドネシア,3119,DNM,インドネシア,3543,ENMT!,インドネシア
tricoro,Zirkfied,0,,-,946,JYXLCE,インドネシア,2001,BURI69,インドネシア,3747,DNM,インドネシア,0,,-
tricoro,ZED,0,,-,811,DOTSKY,インドネシア,1622,MOMI.G,インドネシア,2700,YXX,インドネシア,3408,DNM,インドネシア
tricoro,VEGA,0,,-,1057,JYXLCE,インドネシア,1970,ANO.,インドネシア,3078,SKYSPA,インドネシア,0,,-
tricoro,VALLIS-NERIA,270,OSU7K,インドネシア,1141,INFP,インドネシア,2032,JHAYR#,インドネシア,2901,DNM,インドネシア,0,,-
tricoro,Valanga,0,,-,1285,JK,インドネシア,2128,LUCIEL,インドネシア,3237,DNM,インドネシア,0,,-
tricoro,True Blue,0,,-,1027,INFP,インドネシア,2510,ENMT!,インドネシア,3758,DNM,インドネシア,0,,-
tricoro,To my star,0,,-,510,RUKU-L,インドネシア,0,,-,1689,MORINO,インドネシア,0,,-
tricoro,Timepiece phase II (CN Ver.),0,,-,926,-KYO-,インドネシア,1767,VOID.,インドネシア,2892,DNM,インドネシア,0,,-
tricoro,Timepiece phase II,0,,-,1046,INFP,インドネシア,2023,WEST.,インドネシア,3157,ENMT!,インドネシア,0,,-
tricoro,Time To Empress,0,,-,793,RUKU-L,インドネシア,1831,4H0Y!!,インドネシア,2593,DNM,インドネシア,3147,DNM,インドネシア
tricoro,Thor's Hammer,0,,-,935,INFP,インドネシア,1762,SANYA,インドネシア,2773,DNM,インドネシア,0,,-
tricoro,Take My Life,0,,-,829,#,インドネシア,1512,OGRCAP,インドネシア,2876,SKYSPA,インドネシア,0,,-
tricoro,Synergy For Angels,0,,-,757,RUKU-L,インドネシア,1645,JHAYR#,インドネシア,2729,SKYSPA,インドネシア,0,,-
tricoro,SYNC-ANTHEM,0,,-,849,YAMORI,インドネシア,2420,BURI69,インドネシア,3644,DNM,インドネシア,0,,-
tricoro,STULTI,0,,-,749,OSU7K,インドネシア,1567,MI-YAN,インドネシア,2735,DNM,インドネシア,0,,-
tricoro,Sol Cosine Job 2,0,,-,1020,-KYO-,インドネシア,1681,JHAYR#,インドネシア,3091,DNM,インドネシア,0,,-
tricoro,SHION,0,,-,591,ZA.2R,インドネシア,1285,MORINO,インドネシア,2697,DNM,インドネシア,0,,-
tricoro,Shining World,0,,-,1090,JYXLCE,インドネシア,1541,4H0Y!!,インドネシア,1938,DNM,インドネシア,0,,-
tricoro,Saturn,0,,-,1271,4H0Y!!,インドネシア,1971,BURI69,インドネシア,2608,ENMT!,インドネシア,3411,DNM,インドネシア
tricoro,S!ck,0,,-,882,OGRCAP,インドネシア,1486,BRAMBL,インドネシア,2670,DNM,インドネシア,0,,-
tricoro,rumrum triplets,0,,-,909,JYXLCE,インドネシア,1956,JHAYR#,インドネシア,3003,ENMT!,インドネシア,0,,-
tricoro,Re:GENERATION,236,OSU7K,インドネシア,849,*,インドネシア,1506,4H0Y!!,インドネシア,2226,SKYSPA,インドネシア,0,,-
tricoro,Rainbow after snow,0,,-,661,CROSS,インドネシア,1421,4H0Y!!,インドネシア,2159,DNM,インドネシア,0,,-
tricoro,Proof of the existence,0,,-,1068,ASA,インドネシア,2054,BURI69,インドネシア,3183,DNM,インドネシア,0,,-
tricoro,Präludium,0,,-,676,INFP,インドネシア,1410,MOMI.G,インドネシア,2209,KENKEN,インドネシア,0,,-
tricoro,POINT ZERO,0,,-,654,ICOLDT,インドネシア,1169,ASA,インドネシア,2056,ENMT!,インドネシア,0,,-
tricoro,planarian,0,,-,605,CODYSB,インドネシア,1579,ECO-G,インドネシア,2536,DNM,インドネシア,0,,-
tricoro,Plan 8,0,,-,1097,INFP,インドネシア,2161,KEMU,インドネシア,3035,DNM,インドネシア,0,,-
tricoro,New Lights,0,,-,1025,-KYO-,インドネシア,1714,-KYO-,インドネシア,2426,APIN58,インドネシア,0,,-
tricoro,New Decade IIDX Edition,270,HIMIKO,インドネシア,977,INFP,インドネシア,1877,ALLIUM,インドネシア,2926,SKYSPA,インドネシア,0,,-
tricoro,neu,190,OSU7K,インドネシア,981,OGRCAP,インドネシア,2121,890,インドネシア,3885,DNM,インドネシア,0,,-
tricoro,Neonlights,0,,-,572,7,インドネシア,1466,COWTAO,インドネシア,2176,DNM,インドネシア,0,,-
tricoro,mnemoniq,0,,-,458,RUINS1,インドネシア,884,BC.DZ,インドネシア,1293,ENMT!,インドネシア,0,,-
tricoro,LUV CAN SAVE U,0,,-,545,JYXLCE,インドネシア,1400,OGRCAP,インドネシア,2128,ENMT!,インドネシア,2793,ENMT!,インドネシア
tricoro,Little Star,0,,-,910,SASAAA,インドネシア,1757,JHAYR#,インドネシア,3165,DNM,インドネシア,0,,-
tricoro,Light and Cyber…,0,,-,879,RUKU-L,インドネシア,1890,BC.DZ,インドネシア,3090,ENMT!,インドネシア,0,,-
tricoro,Liberation,0,,-,1270,SASAAA,インドネシア,2230,4H0Y!!,インドネシア,3668,DNM,インドネシア,0,,-
tricoro,JOMANDA,245,L30,インドネシア,1075,JYXLCE,インドネシア,2260,ALLIUM,インドネシア,3626,DNM,インドネシア,0,,-
tricoro,In Heaven,0,,-,732,HIROSE,インドネシア,1348,ICLE!?,インドネシア,2111,DNM,インドネシア,0,,-
tricoro,Illegal Function Call,0,,-,860,ASA,インドネシア,1639,5,インドネシア,2556,ENMT!,インドネシア,3438,DNM,インドネシア
tricoro,ILIAS,0,,-,711,ELECKS,インドネシア,1289,33CC,インドネシア,2172,SKYSPA,インドネシア,0,,-
tricoro,I know You know,0,,-,599,INFP,インドネシア,1124,BC.DZ,インドネシア,1803,YXX,インドネシア,0,,-
tricoro,Howling,0,,-,509,JYXLCE,インドネシア,1309,JHAYR#,インドネシア,2029,SHIYOU,インドネシア,2558,SKYSPA,インドネシア
tricoro,Hollywood Galaxy,0,,-,1031,ASA,インドネシア,1941,JHAYR#,インドネシア,2703,DNM,インドネシア,0,,-
tricoro,GRADIUS 2012,0,,-,858,ASA,インドネシア,1642,JHAYR#,インドネシア,2588,BURI69,インドネシア,0,,-
tricoro,GAIA,0,,-,947,IIDX33,インドネシア,2108,JHAYR#,インドネシア,3281,DNM,インドネシア,0,,-
tricoro,Fly you to the star,0,,-,668,ELECKS,インドネシア,1590,OGRCAP,インドネシア,2260,ENMT!,インドネシア,0,,-
tricoro,FLOWER,343,OSU7K,インドネシア,1058,JYXLCE,インドネシア,1697,BRAMBL,インドネシア,2857,ENMT!,インドネシア,0,,-
tricoro,examination leave,0,,-,1066,HIMIKO,インドネシア,1891,MA25DX,インドネシア,3393,ENMT!,インドネシア,0,,-
tricoro,Elemental Creation,256,OSU7K,インドネシア,1481,GENYA*,インドネシア,2362,ELAINA,インドネシア,4052,DNM,インドネシア,0,,-
tricoro,Devilz Staircase,0,,-,631,INFP,インドネシア,2145,BURI69,インドネシア,3221,DNM,インドネシア,0,,-
tricoro,DAY DREAM,0,,-,550,U-GEE,インドネシア,1243,VNL*TN,インドネシア,1980,DNM,インドネシア,0,,-
tricoro,Cookie Bouquets,0,,-,806,ASA,インドネシア,2043,BRAMBL,インドネシア,3402,DNM,インドネシア,0,,-
tricoro,connective,0,,-,373,ASA,インドネシア,1090,OSU7K,インドネシア,1553,OGRCAP,インドネシア,0,,-
tricoro,Confiserie,0,,-,937,TAKES,インドネシア,2095,BURI69,インドネシア,3510,DNM,インドネシア,0,,-
tricoro,CONCEPTUAL,0,,-,816,INFP,インドネシア,1255,BC.DZ,インドネシア,2663,ENMT!,インドネシア,0,,-
tricoro,BRAVE GLOW,0,,-,729,ASA,インドネシア,1638,MORINO,インドネシア,2443,SKYSPA,インドネシア,0,,-
tricoro,BLUE STRAGGLER,0,,-,804,JK,インドネシア,1292,DEJIKO,インドネシア,2495,YXX,インドネシア,0,,-
tricoro,Beastie Starter,0,,-,484,ASA,インドネシア,1266,EEPY,インドネシア,2106,ENMT!,インドネシア,0,,-
tricoro,Ascalon,0,,-,1088,YAMADA,インドネシア,1739,4H0Y!!,インドネシア,2291,DNM,インドネシア,0,,-
tricoro,8bit Princess,0,,-,578,DCL,インドネシア,1348,GENYA*,インドネシア,2615,DNM,インドネシア,0,,-
tricoro,405nm (Ryu☆mix),0,,-,899,INFP,インドネシア,1694,GPKOFU,インドネシア,2567,DNM,インドネシア,0,,-
SPADA,轟け！恋のビーンボール！！,0,,-,942,JYXLCE,インドネシア,1885,*#06#,インドネシア,3477,DNM,インドネシア,0,,-
SPADA,超!!遠距離らぶメ～ル,0,,-,533,CROSS,インドネシア,1443,BC.DZ,インドネシア,2576,APIN58,インドネシア,0,,-
SPADA,罪と罰,0,,-,1074,OSU7K,インドネシア,1249,WATANE,インドネシア,2144,ENMT!,インドネシア,0,,-
SPADA,疾風迅雷,0,,-,1119,-KYO-,インドネシア,1916,4H0Y!!,インドネシア,2877,DNM,インドネシア,3304,DNM,インドネシア
SPADA,牧神笛吹きて,0,,-,651,RUKU-L,インドネシア,1364,GENYA*,インドネシア,2049,ENMT!,インドネシア,0,,-
SPADA,煉獄のエルフェリア,0,,-,1207,SS24K,インドネシア,2303,BURI69,インドネシア,3789,DNM,インドネシア,0,,-
SPADA,海神,0,,-,1049,IIDX32,インドネシア,2062,BURI69,インドネシア,3136,DNM,インドネシア,3561,DNM,インドネシア
SPADA,旋律のドグマ～Miserables～,0,,-,1085,DOTSKY,インドネシア,2370,FAUNA,インドネシア,3926,DNM,インドネシア,0,,-
SPADA,廿,0,,-,883,INFP,インドネシア,1593,P3K0!!,インドネシア,2264,BURI69,インドネシア,3278,DNM,インドネシア
SPADA,幻想系世界修復少女,213,OSU7K,インドネシア,501,CUBE,インドネシア,1101,BC.DZ,インドネシア,1959,SKYSPA,インドネシア,0,,-
SPADA,バンブーソード・ガール,266,OSU7K,インドネシア,990,OGRCAP,インドネシア,1804,MA25DX,インドネシア,2286,AAAAAA,インドネシア,0,,-
SPADA,デッドボヲルdeホームラン,0,,-,500,DGSPLN,インドネシア,1517,OGRCAP,インドネシア,2669,DNM,インドネシア,0,,-
SPADA,アルストロメリア,215,OSU7K,インドネシア,890,JYXLCE,インドネシア,1526,MOMI.G,インドネシア,2466,DNM,インドネシア,0,,-
SPADA,お願いアインシュタイン,0,,-,676,GED,インドネシア,1452,4H0Y!!,インドネシア,2120,ENMT!,インドネシア,0,,-
SPADA,Wonder Girl feat. Kanae Asaba,0,,-,691,-KYO-,インドネシア,1222,INFP,インドネシア,2782,DNM,インドネシア,0,,-
SPADA,VOX UP,0,,-,1473,MA25DX,インドネシア,2724,VOID.,インドネシア,3563,DNM,インドネシア,0,,-
SPADA,Verflucht,0,,-,1159,ASA,インドネシア,2073,BURI69,インドネシア,3519,DNM,インドネシア,4587,DNM,インドネシア
SPADA,Valgus,0,,-,606,!?,インドネシア,1233,IIDX29,インドネシア,2306,SKYSPA,インドネシア,0,,-
SPADA,Unicorn tail,0,,-,757,RUKU-L,インドネシア,1998,P3K0!!,インドネシア,3097,DNM,インドネシア,0,,-
SPADA,THE DETONATOR,0,,-,1534,4H0Y!!,インドネシア,2427,BURI69,インドネシア,3171,ENMT!,インドネシア,0,,-
SPADA,Squeeze,0,,-,676,CODYSB,インドネシア,1329,OGRCAP,インドネシア,2427,ENMT!,インドネシア,0,,-
SPADA,Sigmund,0,,-,1270,RIN,インドネシア,2346,YXX,インドネシア,3704,DNM,インドネシア,4159,DNM,インドネシア
SPADA,SCHWARZSCHILD FIELD,0,,-,909,-KYO-,インドネシア,1544,4H0Y!!,インドネシア,2261,SHIYOU,インドネシア,0,,-
SPADA,RIZING YOU UP,0,,-,1037,OSU7K,インドネシア,2041,TAKES,インドネシア,2554,YXX,インドネシア,0,,-
SPADA,RISE,0,,-,855,JYXLCE,インドネシア,1352,JHAYR#,インドネシア,1862,ENMT!,インドネシア,0,,-
SPADA,refractive index,0,,-,475,NEKOGR,インドネシア,1324,******,インドネシア,2667,ENMT!,インドネシア,0,,-
SPADA,Recollection,0,,-,975,CROSS,インドネシア,1650,BC.DZ,インドネシア,2201,33CC,インドネシア,0,,-
SPADA,rainbow guitar weeps,0,,-,940,LEVEL0,インドネシア,1763,JHAYR#,インドネシア,2727,DNM,インドネシア,0,,-
SPADA,ra'am,0,,-,1131,JHAYR#,インドネシア,1745,RS,インドネシア,2743,DNM,インドネシア,0,,-
SPADA,PUNISHER,0,,-,1062,JYXLCE,インドネシア,2004,ANO.,インドネシア,3549,DNM,インドネシア,0,,-
SPADA,Pharaoh,0,,-,522,RUKU-L,インドネシア,1358,4H0Y!!,インドネシア,2414,SKYSPA,インドネシア,0,,-
SPADA,Overload Frontier,0,,-,705,CROSS,インドネシア,1793,JHAYR#,インドネシア,2489,SHIYOU,インドネシア,0,,-
SPADA,Odin,0,,-,660,FLAME,インドネシア,1340,ANO.,インドネシア,2049,ENMT!,インドネシア,0,,-
SPADA,NPC World,0,,-,922,JYXLCE,インドネシア,1508,4H0Y!!,インドネシア,2273,DNM,インドネシア,0,,-
SPADA,Miracle 5ympho X,0,,-,701,RUKU-L,インドネシア,1282,OSU7K,インドネシア,2609,ENMT!,インドネシア,2757,SHIYOU,インドネシア
SPADA,MAGIC & LOVE,0,,-,893,CROSS,インドネシア,1793,MA25DX,インドネシア,2886,ENMT!,インドネシア,0,,-
SPADA,MAD ATTACK,0,,-,658,IIDX33,インドネシア,1157,OSU7K,インドネシア,1874,APIN58,インドネシア,2509,DNM,インドネシア
SPADA,m1dy Deluxe,0,,-,1010,LACH,インドネシア,1673,M4S3,インドネシア,2430,ENMT!,インドネシア,0,,-
SPADA,M.D.Injection,0,,-,573,INFP,インドネシア,1173,LEVEL0,インドネシア,2343,APIN58,インドネシア,0,,-
SPADA,Lighting Shower,0,,-,668,RUKU-L,インドネシア,1334,GENYA*,インドネシア,2371,DNM,インドネシア,0,,-
SPADA,Last Dance,0,,-,1120,P3K0-*,インドネシア,1906,JHAYR#,インドネシア,3171,DNM,インドネシア,0,,-
SPADA,KHAMEN BREAK,0,,-,479,BLADE,インドネシア,1361,4H0Y!!,インドネシア,2415,YXX,インドネシア,0,,-
SPADA,KAISER PHOENIX,0,,-,1281,MONIKA,インドネシア,2299,ENMT!,インドネシア,3216,ENMT!,インドネシア,3874,DNM,インドネシア
SPADA,IX,0,,-,1200,RHAPSO,インドネシア,2360,SKYSPA,インドネシア,3834,DNM,インドネシア,0,,-
SPADA,invoker,0,,-,941,ANTIMO,インドネシア,1829,JHAYR#,インドネシア,3137,DNM,インドネシア,3507,DNM,インドネシア
SPADA,into the battlefield,0,,-,715,-KYO-,インドネシア,1413,MOMI.G,インドネシア,2346,SKYSPA,インドネシア,0,,-
SPADA,INSOMNIA,0,,-,737,HIMIKO,インドネシア,1737,OGRCAP,インドネシア,3142,DNM,インドネシア,0,,-
SPADA,Insane Techniques,0,,-,677,HATOPP,インドネシア,1175,XYBUR,インドネシア,2411,DNM,インドネシア,0,,-
SPADA,Idola,0,,-,1175,INFP,インドネシア,2260,JHAYR#,インドネシア,3576,DNM,インドネシア,0,,-
SPADA,I will be back -オレは帰ってきた-,0,,-,976,-KYO-,インドネシア,1859,4H0Y!!,インドネシア,2887,YXX,インドネシア,0,,-
SPADA,Hypersonik,0,,-,990,INFP,インドネシア,1555,RUKU,インドネシア,2478,ENMT!,インドネシア,0,,-
SPADA,HYENA,0,,-,1151,HIMIKO,インドネシア,1909,*#06#,インドネシア,2769,ENMT!,インドネシア,3601,DNM,インドネシア
SPADA,Funny shuffle,0,,-,544,RUINS1,インドネシア,1094,OSU7K,インドネシア,2227,EEPY,インドネシア,0,,-
SPADA,Feel The Beat,0,,-,1146,RUKU-L,インドネシア,2135,BURI69,インドネシア,3564,DNM,インドネシア,4259,DNM,インドネシア
SPADA,EXTREME MACH COLLIDER,0,,-,821,JYXLCE,インドネシア,1422,OSU7K,インドネシア,2493,ENMT!,インドネシア,0,,-
SPADA,Engraved Mark,0,,-,687,SHINE,インドネシア,1278,JHAYR#,インドネシア,2346,YXX,インドネシア,0,,-
SPADA,Element of SPADA,0,,-,683,INFP,インドネシア,1336,ANO.,インドネシア,2074,MA25DX,インドネシア,3102,DNM,インドネシア
SPADA,Elektrick U-Phoria,0,,-,1140,OSU7K,インドネシア,1846,4H0Y!!,インドネシア,3059,ENMT!,インドネシア,3936,DNM,インドネシア
SPADA,diagram,0,,-,491,ICTEA,インドネシア,1233,JHAYR#,インドネシア,2803,ENMT!,インドネシア,0,,-
SPADA,Devilz Sacrifice -贖罪の羊-,0,,-,815,RUKU-L,インドネシア,1742,4H0Y!!,インドネシア,2460,ENMT!,インドネシア,0,,-
SPADA,DARK LEGACY,0,,-,1278,INFP,インドネシア,1929,SHAIKO,インドネシア,3564,DNM,インドネシア,0,,-
SPADA,Dark Fall,0,,-,689,JOE,インドネシア,1307,48R,インドネシア,2723,*SHY#,インドネシア,0,,-
SPADA,Critical Crystal,220,OSU7K,インドネシア,1048,LEVEL0,インドネシア,1773,MORINO,インドネシア,2797,SORA,インドネシア,0,,-
SPADA,Close the World feat.a☆ru,0,,-,974,RUKU-L,インドネシア,2058,BURI69,インドネシア,3427,DNM,インドネシア,3827,DNM,インドネシア
SPADA,Cleopatrysm,0,,-,713,RUKU-L,インドネシア,1397,JHAYR#,インドネシア,2503,SKYSPA,インドネシア,0,,-
SPADA,Claiomh Solais,0,,-,302,YJSNPI,インドネシア,1383,SANYA,インドネシア,2065,DNM,インドネシア,0,,-
SPADA,BRAVE OUT,0,,-,1007,INFP,インドネシア,1456,4H0Y!!,インドネシア,2100,APIN58,インドネシア,2745,DNM,インドネシア
SPADA,BRAINSTORM,0,,-,709,OSU7K,インドネシア,1988,BURI69,インドネシア,2791,ENMT!,インドネシア,0,,-
SPADA,BLUE DRAGON(雷龍RemixIIDX),0,,-,1436,JK,インドネシア,2159,BURI69,インドネシア,3303,DNM,インドネシア,0,,-
SPADA,ATHER,0,,-,791,TEA,インドネシア,1595,JHAYR#,インドネシア,2779,ENMT!,インドネシア,3215,DNM,インドネシア
SPADA,Ancient Scapes,0,,-,932,RUKU-L,インドネシア,2002,BURI69,インドネシア,3470,DNM,インドネシア,4168,DNM,インドネシア
SPADA,ALBA -黎明-,0,,-,628,INFP,インドネシア,1506,M4S3,インドネシア,3220,DNM,インドネシア,3896,DNM,インドネシア
SPADA,Adularia,192,OSU7K,インドネシア,944,MIGI,インドネシア,1820,BURI69,インドネシア,2828,DNM,インドネシア,0,,-
PENDUAL,Ｘ↑Ｘ↓,0,,-,772,HELIOS,インドネシア,1665,CLUB.I,インドネシア,2873,ENMT!,インドネシア,0,,-
PENDUAL,鬼天,0,,-,952,-KYO-,インドネシア,1573,4H0Y!!,インドネシア,2449,DNM,インドネシア,0,,-
PENDUAL,超青少年ノ為ノ超多幸ナ超古典的超舞曲,0,,-,1028,TAKES,インドネシア,1968,*#06#,インドネシア,2662,ENMT!,インドネシア,4010,DNM,インドネシア
PENDUAL,表裏一体！？怪盗いいんちょの悩み,0,,-,1077,-KYO-,インドネシア,2158,BURI69,インドネシア,3552,DNM,インドネシア,4434,DNM,インドネシア
PENDUAL,紅牡丹,478,OSU7K,インドネシア,1006,-KYO-,インドネシア,1744,4H0Y!!,インドネシア,2853,DNM,インドネシア,0,,-
PENDUAL,白露の風,0,,-,402,CARLOS,インドネシア,1174,INFP,インドネシア,1993,DNM,インドネシア,0,,-
PENDUAL,時空トラベローグ,0,,-,1077,-KYO-,インドネシア,1778,TAKES,インドネシア,2618,DNM,インドネシア,0,,-
PENDUAL,打打打打打打打打打打,197,OSU7K,インドネシア,724,CHANOG,インドネシア,1289,RAPI-1,インドネシア,2598,ALOE,インドネシア,0,,-
PENDUAL,恋は白帯、サンシロー,0,,-,610,ZA.2R,インドネシア,1267,-KYO-,インドネシア,2027,YXX,インドネシア,2767,DNM,インドネシア
PENDUAL,少年は空を辿る,0,,-,1189,-KYO-,インドネシア,1944,JHAYR#,インドネシア,3264,DNM,インドネシア,0,,-
PENDUAL,妖隠し -あやかしかくし-,0,,-,969,IIDX1,インドネシア,1581,SKYSPA,インドネシア,2183,ENMT!,インドネシア,0,,-
PENDUAL,夏色DIARY - L.E.D.-G STYLE MIX -,0,,-,941,-KYO-,インドネシア,1918,BURI69,インドネシア,3102,DNM,インドネシア,0,,-
PENDUAL,取り残された美術(Arranged:HiZuMi),245,OSU7K,インドネシア,930,R4PI-1,インドネシア,1654,4H0Y!!,インドネシア,2201,DNM,インドネシア,0,,-
PENDUAL,千年ノ理,0,,-,1144,INFP,インドネシア,1921,ELAINA,インドネシア,3169,DNM,インドネシア,4263,DNM,インドネシア
PENDUAL,十六夜セツナ,0,,-,987,LEVEL0,インドネシア,1554,4H0Y!!,インドネシア,2236,ENMT!,インドネシア,0,,-
PENDUAL,共鳴遊戯の華,0,,-,1270,INFP,インドネシア,2388,ELAINA,インドネシア,3805,DNM,インドネシア,0,,-
PENDUAL,リリーゼと炎龍レーヴァテイン,0,,-,974,BNSUWU,インドネシア,2249,SKYSPA,インドネシア,3450,DNM,インドネシア,0,,-
PENDUAL,ベィスドロップ・フリークス,0,,-,601,JYXLCE,インドネシア,1218,4H0Y!!,インドネシア,2157,APIN58,インドネシア,2268,SHIYOU,インドネシア
PENDUAL,パ→ピ→プ→Yeah!,366,OSU7K,インドネシア,1017,FAUNA,インドネシア,1552,8390,インドネシア,2523,ENMT!,インドネシア,0,,-
PENDUAL,ドッキン☆サマーあばんちゅーる,0,,-,1010,-KYO-,インドネシア,1712,MOMI.G,インドネシア,2840,ENMT!,インドネシア,0,,-
PENDUAL,もっと！モット！ときめき feat. 松下,0,,-,1344,INFP,インドネシア,1910,INOUE,インドネシア,2549,DNM,インドネシア,0,,-
PENDUAL,ぷろぐれっしぶ時空少女！うらしまたろ子ちゃん！,0,,-,830,OSU7K,インドネシア,1442,4H0Y!!,インドネシア,2498,SKYSPA,インドネシア,0,,-
PENDUAL,とろぴかる倶楽部,0,,-,807,INFP,インドネシア,1368,JHAYR#,インドネシア,2192,GOFILE,インドネシア,0,,-
PENDUAL,それは花火のような恋,685,OSU7K,インドネシア,1235,-KYO-,インドネシア,2479,P!GEON,インドネシア,3844,DNM,インドネシア,0,,-
PENDUAL,ZZ,202,OSU7K,インドネシア,1121,JYXLCE,インドネシア,2021,BURI69,インドネシア,3045,DNM,インドネシア,0,,-
PENDUAL,We're so Happy (P*Light Remix) IIDX ver.,0,,-,985,IIDX30,インドネシア,2204,JHAYR#,インドネシア,3656,DNM,インドネシア,0,,-
PENDUAL,Vulkan,0,,-,1009,INFP,インドネシア,1980,MI-YAN,インドネシア,2996,DNM,インドネシア,0,,-
PENDUAL,TOXIC VIBRATION,0,,-,1460,MAN&KO,インドネシア,2349,BURI69,インドネシア,3700,DNM,インドネシア,0,,-
PENDUAL,TIEFSEE,0,,-,1204,IIDX33,インドネシア,2057,4H0Y!!,インドネシア,3465,DNM,インドネシア,0,,-
PENDUAL,The Least 100sec,0,,-,764,OSU7K,インドネシア,1376,MARAAA,インドネシア,2799,DNM,インドネシア,0,,-
PENDUAL,TA・DA ☆ YO・SHI,0,,-,958,RUKU-L,インドネシア,1592,OSU7K,インドネシア,2320,DNM,インドネシア,0,,-
PENDUAL,Symmetry,0,,-,1102,-KYO-,インドネシア,2057,BURI69,インドネシア,3244,DNM,インドネシア,0,,-
PENDUAL,Sweet Radar,0,,-,588,ELBERT,インドネシア,1295,HIMIKO,インドネシア,2024,DNM,インドネシア,0,,-
PENDUAL,SpaceLand☆TOYBOX,0,,-,1075,OSU7K,インドネシア,1688,4H0Y!!,インドネシア,2918,DNM,インドネシア,0,,-
PENDUAL,Sounds Of Summer,0,,-,1190,-KYO-,インドネシア,2035,BURI69,インドネシア,2985,DNM,インドネシア,0,,-
PENDUAL,Shooting Fireball,0,,-,952,OSU7K,インドネシア,2213,BURI69,インドネシア,3871,DNM,インドネシア,0,,-
PENDUAL,Scars of FAUNA,0,,-,761,XCELR,インドネシア,1644,4H0Y!!,インドネシア,2883,DNM,インドネシア,0,,-
PENDUAL,Scarlet Moon,0,,-,1036,WATANE,インドネシア,1822,JHAYR#,インドネシア,2705,ENMT!,インドネシア,0,,-
PENDUAL,Say YEEEAHH,0,,-,1112,-KYO-,インドネシア,1799,MOMI.G,インドネシア,3174,DNM,インドネシア,0,,-
PENDUAL,SAMSARA,0,,-,782,RUKU-L,インドネシア,1393,M4S3,インドネシア,2037,YXX,インドネシア,0,,-
PENDUAL,Sakura Mirage,0,,-,989,INFP,インドネシア,1351,JHAYR#,インドネシア,2288,DNM,インドネシア,0,,-
PENDUAL,Reflux,0,,-,749,-KYO-,インドネシア,1584,TAKES,インドネシア,2892,DNM,インドネシア,0,,-
PENDUAL,Realize Maze,0,,-,1075,RUKU-L,インドネシア,2025,SKYSPA,インドネシア,2956,ENMT!,インドネシア,0,,-
PENDUAL,Rave*it!! Rave*it!!,0,,-,930,CHLKA,インドネシア,1624,AAAAAA,インドネシア,3239,DNM,インドネシア,0,,-
PENDUAL,PENDUAL TALISMAN,0,,-,891,CODYSB,インドネシア,1571,OSU7K,インドネシア,2601,DNM,インドネシア,0,,-
PENDUAL,On My Wings(Hardstyle IIDX),0,,-,784,RUKU-L,インドネシア,1249,ANO.,インドネシア,1931,O3A6.K,インドネシア,0,,-
PENDUAL,No Tears,0,,-,1171,OSU7K,インドネシア,2006,4H0Y!!,インドネシア,2515,ENMT!,インドネシア,0,,-
PENDUAL,Night sky,0,,-,1097,CHOKA,インドネシア,1789,FIH,インドネシア,2916,DNM,インドネシア,0,,-
PENDUAL,NEO GENERATOR SEVEN,0,,-,783,CODYSB,インドネシア,1868,MA25DX,インドネシア,3285,DNM,インドネシア,0,,-
PENDUAL,Monopole.,0,,-,590,MEGA*M,インドネシア,1601,TAKES,インドネシア,3334,DNM,インドネシア,0,,-
PENDUAL,m1dy Festival,0,,-,578,NOX,インドネシア,1502,SHAIKO,インドネシア,2198,BURI69,インドネシア,0,,-
PENDUAL,Line 4 Ruin,0,,-,628,ALPACA,インドネシア,1754,M4S3,インドネシア,2775,ENMT!,インドネシア,0,,-
PENDUAL,IXION,0,,-,1043,INFP,インドネシア,1739,MORINO,インドネシア,2140,DNM,インドネシア,0,,-
PENDUAL,Invitation from Mr.C,0,,-,1061,ASA,インドネシア,1518,BRAMBL,インドネシア,2649,DNM,インドネシア,0,,-
PENDUAL,In The Breeze,0,,-,627,-KYO-,インドネシア,1064,SHAIKO,インドネシア,1732,ENMT!,インドネシア,0,,-
PENDUAL,IMPLANTATION,0,,-,615,INFP,インドネシア,1647,BURI69,インドネシア,2207,DNM,インドネシア,0,,-
PENDUAL,illuminate,0,,-,476,A-ZERO,インドネシア,1528,JHAYR#,インドネシア,2320,DNM,インドネシア,0,,-
PENDUAL,Hello Happiness,0,,-,815,CHOKA,インドネシア,1601,JHAYR#,インドネシア,2274,ENMT!,インドネシア,0,,-
PENDUAL,HELL SCAPER -Last Escape Remix-,0,,-,852,IRONHI,インドネシア,1671,4H0Y!!,インドネシア,2811,ENMT!,インドネシア,0,,-
PENDUAL,Gravigazer,0,,-,937,INFP,インドネシア,1835,BURI69,インドネシア,2971,DNM,インドネシア,0,,-
PENDUAL,Flashes,0,,-,938,-KYO-,インドネシア,1742,4H0Y!!,インドネシア,3215,DNM,インドネシア,4075,DNM,インドネシア
PENDUAL,FANTASTIC THREE,0,,-,1231,HIMIKO,インドネシア,2136,MI-YAN,インドネシア,3162,DNM,インドネシア,0,,-
PENDUAL,fallen leaves -IIDX edition-,0,,-,1147,OSU7K,インドネシア,2032,BURI69,インドネシア,3395,DNM,インドネシア,0,,-
PENDUAL,Erosion Mark,0,,-,772,INFP,インドネシア,1401,OGRCAP,インドネシア,2138,SKYSPA,インドネシア,0,,-
PENDUAL,entelecheia,0,,-,1019,OSU7K,インドネシア,2062,*#06#,インドネシア,3268,DNM,インドネシア,0,,-
PENDUAL,EBONY & IVORY,0,,-,1060,OSU7K,インドネシア,1674,4H0Y!!,インドネシア,2971,DNM,インドネシア,3591,DNM,インドネシア
PENDUAL,Discloze,0,,-,879,-KYO-,インドネシア,1585,JHAYR#,インドネシア,2616,ENMT!,インドネシア,0,,-
PENDUAL,Despair of ELFERIA,0,,-,1121,SHINKI,インドネシア,2376,*SHY#,インドネシア,4080,DNM,インドネシア,0,,-
PENDUAL,Cosmic Cat,0,,-,916,MMBART,インドネシア,1658,P3K0!!,インドネシア,2295,ENMT!,インドネシア,3228,DNM,インドネシア
PENDUAL,COLOSSEUM,0,,-,569,INFP,インドネシア,1186,P3K0!!,インドネシア,2228,SKYSPA,インドネシア,0,,-
PENDUAL,cinder,0,,-,686,SILVIA,インドネシア,1840,JHAYR#,インドネシア,3092,DNM,インドネシア,0,,-
PENDUAL,Chronos,0,,-,715,RUKU-L,インドネシア,1352,MOMI.G,インドネシア,2271,SKYSPA,インドネシア,2958,ENMT!,インドネシア
PENDUAL,Chrono Diver -PENDULUMs-,546,OSU7K,インドネシア,1410,IIDX1,インドネシア,2677,COCOAX,インドネシア,4269,DNM,インドネシア,0,,-
PENDUAL,CHRONO DIVER -NORNIR-,0,,-,1050,GED,インドネシア,2153,JK,インドネシア,3087,DNM,インドネシア,4387,DNM,インドネシア
PENDUAL,chrono diver -fragment-,0,,-,639,YAMORI,インドネシア,1149,OSU7K,インドネシア,1784,SKYSPA,インドネシア,2260,SLUURP,インドネシア
PENDUAL,Chain of pain,0,,-,760,INFP,インドネシア,1449,P3K0!!,インドネシア,2193,SKYSPA,インドネシア,0,,-
PENDUAL,Broken Sword,0,,-,1244,-KYO-,インドネシア,2053,BURI69,インドネシア,3705,DNM,インドネシア,0,,-
PENDUAL,BLUE MIRAGE,0,,-,1084,MRDS,インドネシア,2022,BURI69,インドネシア,2882,ENMT!,インドネシア,0,,-
PENDUAL,Blaze it UP!,0,,-,796,CROSS,インドネシア,1759,PLAN8,インドネシア,2941,DNM,インドネシア,0,,-
PENDUAL,Beyond The Earth,0,,-,1225,INFP,インドネシア,2013,BURI69,インドネシア,3157,ENMT!,インドネシア,0,,-
PENDUAL,Beat Radiance,0,,-,952,INFP,インドネシア,1570,OGRCAP,インドネシア,2595,*SHY#,インドネシア,3586,DNM,インドネシア
PENDUAL,AFRO KNUCKLE,0,,-,915,INFP,インドネシア,1625,310260,インドネシア,2406,DNM,インドネシア,0,,-
PENDUAL,#The_Relentless,0,,-,1091,KUROTO,インドネシア,1916,4H0Y!!,インドネシア,2911,ENMT!,インドネシア,4344,DNM,インドネシア
copula,麗 ～うらら～,255,OSU7K,インドネシア,1100,OSU7K,インドネシア,1720,MORINO,インドネシア,2609,ENMT!,インドネシア,0,,-
copula,駅猫のワルツ,0,,-,1053,HIMIKO,インドネシア,2098,BURI69,インドネシア,2766,DNM,インドネシア,0,,-
copula,量子の海のリントヴルム,0,,-,826,JYXLCE,インドネシア,1741,JHAYR#,インドネシア,2951,ENMT!,インドネシア,0,,-
copula,追想快晴テーマパーク,0,,-,949,MIKU!!,インドネシア,2072,MA25DX,インドネシア,2950,*DNM#,インドネシア,0,,-
copula,紫陽花 -AZISAI-,412,OSU7K,インドネシア,1239,4H0Y!!,インドネシア,2074,BURI69,インドネシア,2814,DNM,インドネシア,3311,DNM,インドネシア
copula,真 地獄超特急 -HELL or HELL-,0,,-,1334,JYXLCE,インドネシア,2143,TASO,インドネシア,3151,DNM,インドネシア,0,,-
copula,炸裂！イェーガー電光チョップ！！(JAEGER FINAL ATTACK),0,,-,1144,MIGI,インドネシア,1910,M5-D05,インドネシア,2316,OSU7K,インドネシア,0,,-
copula,灼熱 Pt.2 Long Train Running,575,DEJIKO,インドネシア,1269,BURI69,インドネシア,2044,DNM,インドネシア,3104,HIROSE,インドネシア,0,,-
copula,朝焼けから始まるボクらの小さな旅,0,,-,898,JYXLCE,インドネシア,1644,JHAYR#,インドネシア,2481,ENMT!,インドネシア,0,,-
copula,星屑ディスタンシア,0,,-,681,OGRCAP,インドネシア,1022,JYXLCE,インドネシア,2026,P!GEON,インドネシア,0,,-
copula,明鏡止水,0,,-,846,OSU7K,インドネシア,1789,JHAYR#,インドネシア,2751,ENMT!,インドネシア,0,,-
copula,少女アリスと箱庭幻想コンチェルト,0,,-,702,-KYO-,インドネシア,1454,JHAYR#,インドネシア,2131,DNM,インドネシア,0,,-
copula,セロトニン,0,,-,1257,-KYO-,インドネシア,1733,4H0Y!!,インドネシア,2322,SLUURP,インドネシア,0,,-
copula,シュッパツシンコウ・シサカンコ,0,,-,1122,OSU7K,インドネシア,1754,TAKES,インドネシア,2443,DNM,インドネシア,0,,-
copula,ギョギョっと人魚 爆婚ブライダル,0,,-,692,SHIRO,インドネシア,1412,MI-YAN,インドネシア,2354,DNM,インドネシア,0,,-
copula,オルタネイトβ,0,,-,699,RUKU-L,インドネシア,1386,4H0Y!!,インドネシア,2247,ENMT!,インドネシア,0,,-
copula,めいさいアイドル☆あいむちゃん♪,0,,-,1443,CLUB.I,インドネシア,2179,OSU7K,インドネシア,3312,DNM,インドネシア,0,,-
copula,か・し・ま・し☆PUMP UP！,0,,-,1165,TEIJI,インドネシア,1714,JHAYR#,インドネシア,2742,SLUURP,インドネシア,0,,-
copula,ZEPHYRANTHES,0,,-,985,INFP,インドネシア,1733,33CC,インドネシア,2884,SKYSPA,インドネシア,3852,DNM,インドネシア
copula,X,0,,-,1528,INFP,インドネシア,2404,BURI69,インドネシア,3836,DNM,インドネシア,0,,-
copula,Welcome,0,,-,785,RUKU-L,インドネシア,1759,BURI69,インドネシア,2610,ENMT!,インドネシア,3317,DNM,インドネシア
copula,Violet Rose,0,,-,1132,UNHCR,インドネシア,1928,TAKES,インドネシア,2560,ENMT!,インドネシア,0,,-
copula,Violet Pulse,0,,-,333,DOTSKY,インドネシア,1669,JHAYR#,インドネシア,2390,YXX,インドネシア,3926,DNM,インドネシア
copula,Uh-Oh,0,,-,947,RUKU-L,インドネシア,1707,JHAYR#,インドネシア,2324,SHIYOU,インドネシア,0,,-
copula,Triple Counter,0,,-,1340,HIMIKO,インドネシア,2211,BURI69,インドネシア,3895,DNM,インドネシア,0,,-
copula,Tori-no-kimochi,0,,-,242,UNHCR,インドネシア,1177,P!GEON,インドネシア,1971,P!GEON,インドネシア,0,,-
copula,SURVIVOR,0,,-,656,931,インドネシア,1247,OGRCAP,インドネシア,1991,DNM,インドネシア,0,,-
copula,Super Duper Racers,0,,-,923,INFP,インドネシア,1565,JHAYR#,インドネシア,2346,SKYSPA,インドネシア,3657,DNM,インドネシア
copula,StrayedCatz,0,,-,1023,-KYO-,インドネシア,1934,BURI69,インドネシア,2804,DNM,インドネシア,0,,-
copula,STARLIGHT DANCEHALL,0,,-,1165,-KYO-,インドネシア,1752,TAKES,インドネシア,2591,ALOE,インドネシア,3300,DNM,インドネシア
copula,STARLiGHT,0,,-,892,INFP,インドネシア,1699,P3K0!!,インドネシア,2682,SKYSPA,インドネシア,0,,-
copula,SHELTER OF THE MIND,0,,-,1393,-KYO-,インドネシア,1836,AATSRA,インドネシア,3001,*SHY#,インドネシア,0,,-
copula,Set U Free feat. Kanae Asaba,0,,-,724,RUKU-L,インドネシア,1500,INDMAN,インドネシア,2519,DNM,インドネシア,0,,-
copula,Sephirot,0,,-,919,INFP,インドネシア,1635,JHAYR#,インドネシア,2348,DNM,インドネシア,0,,-
copula,SEITEN NO TERIYAKI,0,,-,556,DJDUCK,インドネシア,1161,COWTAO,インドネシア,2165,*DNM#,インドネシア,0,,-
copula,Routing,0,,-,933,MA25DX,インドネシア,1571,P3K0-*,インドネシア,2454,DNM,インドネシア,0,,-
copula,Rock It,0,,-,1118,-KYO-,インドネシア,1639,JHAYR#,インドネシア,2871,ENMT!,インドネシア,0,,-
copula,refrain,0,,-,1192,-KYO-,インドネシア,2194,ANEJIL,インドネシア,3574,DNM,インドネシア,0,,-
copula,quick master (reform version),0,,-,149,-KYO-,インドネシア,326,R0U$H1,インドネシア,516,MORINO,インドネシア,0,,-
copula,POSSESSION,513,OSU7K,インドネシア,1391,GPKOFU,インドネシア,2062,BURI69,インドネシア,2964,DNM,インドネシア,0,,-
copula,Outbreak,0,,-,1316,OSU7K,インドネシア,1799,SANYA,インドネシア,2998,SLUURP,インドネシア,0,,-
copula,On the FM,0,,-,971,IIDX33,インドネシア,1542,JHAYR#,インドネシア,2699,SKYSPA,インドネシア,0,,-
copula,NZM,0,,-,1042,INFP,インドネシア,1586,BURI69,インドネシア,3436,DNM,インドネシア,0,,-
copula,Nowhere,0,,-,615,RUKU-L,インドネシア,1407,JHAYR#,インドネシア,2131,ENMT!,インドネシア,0,,-
copula,NO LIMIT -オレ達に限界は無い-,0,,-,725,IRONHI,インドネシア,1066,JYXLCE,インドネシア,2214,DNM,インドネシア,0,,-
copula,NINJA IS DEAD IIDX ver.,0,,-,1083,HUZAIR,インドネシア,1815,JHAYR#,インドネシア,2992,DNM,インドネシア,0,,-
copula,Nightmare before oversleep,0,,-,1103,YUGA,インドネシア,1866,BURI69,インドネシア,2928,DNM,インドネシア,0,,-
copula,NANAIRO,0,,-,1027,OGRCAP,インドネシア,1716,P3K0!!,インドネシア,2504,SKYSPA,インドネシア,0,,-
copula,Musik LoverZ,0,,-,968,JYXLCE,インドネシア,1365,4H0Y!!,インドネシア,2453,DNM,インドネシア,0,,-
copula,M4K3 1T B0UNC3,0,,-,1322,4H0Y!!,インドネシア,2081,SKYSPA,インドネシア,3003,DNM,インドネシア,0,,-
copula,La dolce primavera,0,,-,585,TEA,インドネシア,1309,JHAYR#,インドネシア,2129,DNM,インドネシア,0,,-
copula,Konzert V,0,,-,1240,-KYO-,インドネシア,2216,BURI69,インドネシア,3275,DNM,インドネシア,0,,-
copula,Journey,0,,-,684,INFP,インドネシア,1058,CHOKA,インドネシア,1836,SKYSPA,インドネシア,3106,SKYSPA,インドネシア
copula,Inner Spirit,0,,-,750,ICOLDT,インドネシア,1770,JHAYR#,インドネシア,2750,SKYSPA,インドネシア,0,,-
copula,Highcharge Divolt,0,,-,862,IIDX33,インドネシア,1696,ELAINA,インドネシア,2757,ENMT!,インドネシア,0,,-
copula,Grand Chariot,0,,-,1033,XCELR,インドネシア,1881,JHAYR#,インドネシア,3418,DNM,インドネシア,0,,-
copula,Godspeed,0,,-,1020,MALLY*,インドネシア,1917,BURI69,インドネシア,3137,DNM,インドネシア,0,,-
copula,GOBBLE,0,,-,433,JK,インドネシア,713,APIN58,インドネシア,1700,DNM,インドネシア,0,,-
copula,Go Faraway,0,,-,1015,INFP,インドネシア,1462,4H0Y!!,インドネシア,2474,DNM,インドネシア,0,,-
copula,Glitch Nerds,0,,-,985,MA25DX,インドネシア,1397,INFP,インドネシア,2166,ALOE,インドネシア,0,,-
copula,GENERATE feat.綾倉盟,0,,-,833,ZEINO,インドネシア,1745,MA25DX,インドネシア,2346,DNM,インドネシア,0,,-
copula,Exchange Place,0,,-,564,PEACHY,インドネシア,1217,443*,インドネシア,1750,ENMT!,インドネシア,0,,-
copula,Everlasting Last,0,,-,691,CODYSB,インドネシア,1599,JHAYR#,インドネシア,2212,DNM,インドネシア,0,,-
copula,Dynamite,539,OSU7K,インドネシア,1177,INFP,インドネシア,2384,SKYSPA,インドネシア,3815,DNM,インドネシア,0,,-
copula,Donkey Donk,0,,-,1069,IIDX30,インドネシア,1628,M4S3,インドネシア,2251,DNM,インドネシア,0,,-
copula,do the thing feat. Kanae Asaba,0,,-,596,-KYO-,インドネシア,1421,JHAYR#,インドネシア,2284,ENMT!,インドネシア,0,,-
copula,DIAMOND CROSSING,0,,-,921,CHLKA,インドネシア,1706,BURI69,インドネシア,3077,DNM,インドネシア,0,,-
copula,Devil's Gear,0,,-,1049,OSU7K,インドネシア,2206,DNM,インドネシア,3426,DNM,インドネシア,0,,-
copula,Derelict Star feat. Ryu*,0,,-,1367,OSU7K,インドネシア,1827,4H0Y!!,インドネシア,2608,ENMT!,インドネシア,0,,-
copula,Damage Per Second,0,,-,764,ICTEA,インドネシア,1398,GENYA*,インドネシア,2035,ENMT!,インドネシア,2290,ENMT!,インドネシア
copula,Daily Lunch Special,0,,-,991,-KYO-,インドネシア,2057,JHAYR#,インドネシア,2927,SKYSPA,インドネシア,0,,-
copula,CODE:1 [revision1.0.1],0,,-,901,JYXLCE,インドネシア,1728,MA25DX,インドネシア,3064,DNM,インドネシア,0,,-
copula,chaos eater -IIDX edition-,0,,-,1075,ASA,インドネシア,1590,JHAYR#,インドネシア,2538,SKYSPA,インドネシア,0,,-
copula,Central Station,0,,-,811,CODYSB,インドネシア,1472,SUGU19,インドネシア,2342,SKYSPA,インドネシア,0,,-
copula,Blue Spring Express,0,,-,1265,INFP,インドネシア,2021,JHAYR#,インドネシア,3270,DNM,インドネシア,0,,-
copula,Battle Train -IIDX Edition-,0,,-,688,RUKU-L,インドネシア,2501,BURI69,インドネシア,3202,DNM,インドネシア,0,,-
copula,Aublia,0,,-,696,GED,インドネシア,1480,4H0Y!!,インドネシア,2518,DNM,インドネシア,0,,-
copula,Arcana,0,,-,1176,OSU7K,インドネシア,1655,P3K0!!,インドネシア,2258,DNM,インドネシア,0,,-
copula,AO-1,0,,-,1216,INFP,インドネシア,1912,BURI69,インドネシア,2754,DNM,インドネシア,0,,-
copula,Angelic Jelly,0,,-,1070,K.A.PI,インドネシア,2011,BRAMBL,インドネシア,2696,*SHY#,インドネシア,0,,-
copula,Acid Pumper,0,,-,651,CHOKA,インドネシア,1517,4H0Y!!,インドネシア,2428,ENMT!,インドネシア,0,,-
copula,199024club -Re:BounceKiller-,0,,-,631,-KYO-,インドネシア,1608,BURI69,インドネシア,2253,SHIYOU,インドネシア,0,,-
SINOBUZ,鴉,0,,-,1267,$$$$$$,インドネシア,2177,BURI69,インドネシア,2681,DNM,インドネシア,0,,-
SINOBUZ,童話回廊,0,,-,841,JYXLCE,インドネシア,1649,P3K0-*,インドネシア,3024,DNM,インドネシア,0,,-
SINOBUZ,禍根,0,,-,797,OSU7K,インドネシア,1288,CLUB.I,インドネシア,2551,ENMT!,インドネシア,0,,-
SINOBUZ,獅子霞麗ノ舞,0,,-,488,-KYO-,インドネシア,1021,H-CUP!,インドネシア,1713,MA25DX,インドネシア,0,,-
SINOBUZ,焔極OVERKILL,0,,-,1059,TAKES,インドネシア,2080,BURI69,インドネシア,3468,DNM,インドネシア,0,,-
SINOBUZ,火影,0,,-,682,OSU7K,インドネシア,1357,MRDS,インドネシア,2609,DNM,インドネシア,0,,-
SINOBUZ,津軽雪,0,,-,1474,LEVEL0,インドネシア,2202,BURI69,インドネシア,3805,DNM,インドネシア,0,,-
SINOBUZ,次葉 -turn the page-,0,,-,666,RUKU-L,インドネシア,1406,MORINO,インドネシア,1973,BURI69,インドネシア,0,,-
SINOBUZ,月雪に舞う華のように,0,,-,763,CHLKA,インドネシア,1146,RUJ4K,インドネシア,2117,ENMT!,インドネシア,0,,-
SINOBUZ,恋はどう？モロ◎波動OK☆方程式!!,0,,-,988,INFP,インドネシア,1525,JHAYR#,インドネシア,2419,DNM,インドネシア,0,,-
SINOBUZ,忍恋花,0,,-,1006,OSU7K,インドネシア,1582,JHAYR#,インドネシア,2205,ENMT!,インドネシア,0,,-
SINOBUZ,刃図羅,0,,-,1188,-KYO-,インドネシア,2040,BURI69,インドネシア,3390,DNM,インドネシア,0,,-
SINOBUZ,冬椿 ft. Kanae Asaba,256,OSU7K,インドネシア,929,INFP,インドネシア,1230,OGRCAP,インドネシア,2276,ENMT!,インドネシア,3002,DNM,インドネシア
SINOBUZ,九尾狐夜行,0,,-,851,OSU7K,インドネシア,1745,OGRCAP,インドネシア,2951,DNM,インドネシア,0,,-
SINOBUZ,ディッシュウォッシャー◎彡おいわちゃん,0,,-,519,MUS,インドネシア,1369,OGRCAP,インドネシア,2482,ENMT!,インドネシア,0,,-
SINOBUZ,イザナミノナゲキ,0,,-,1164,-KYO-,インドネシア,1851,OGRCAP,インドネシア,3238,DNM,インドネシア,0,,-
SINOBUZ,ちらちら・はらはら,0,,-,386,VVV,インドネシア,907,CHOKA,インドネシア,1416,SKYSPA,インドネシア,0,,-
SINOBUZ,〆,0,,-,1239,-KYO-,インドネシア,2323,MA25DX,インドネシア,3650,DNM,インドネシア,0,,-
SINOBUZ,Yellow Sketch(RX-Ver.S.P.L.),0,,-,732,INFP,インドネシア,1738,JHAYR#,インドネシア,2810,DNM,インドネシア,0,,-
SINOBUZ,yamabiko (SINOBUZ Edition),0,,-,948,INFP,インドネシア,1570,CLUB.I,インドネシア,2617,ENMT!,インドネシア,0,,-
SINOBUZ,XINOBIKILL,0,,-,875,IIDX33,インドネシア,1717,MORINO,インドネシア,2854,DNM,インドネシア,0,,-
SINOBUZ,Warrior,0,,-,1017,MA25DX,インドネシア,1614,SHAIKO,インドネシア,2470,ENMT!,インドネシア,0,,-
SINOBUZ,Vermilion,0,,-,833,INFP,インドネシア,1298,4H0Y!!,インドネシア,1985,DNM,インドネシア,0,,-
SINOBUZ,Venom,0,,-,1205,-KYO-,インドネシア,2073,BURI69,インドネシア,3183,DNM,インドネシア,0,,-
SINOBUZ,Umbral,0,,-,468,ELBERT,インドネシア,1349,OGRCAP,インドネシア,1892,ALOE,インドネシア,3060,DNM,インドネシア
SINOBUZ,TOGAKUSHI,0,,-,787,RUKU-L,インドネシア,1848,BURI69,インドネシア,2611,DNM,インドネシア,0,,-
SINOBUZ,The Commanders,0,,-,932,H-CUP!,インドネシア,1463,P3K0!!,インドネシア,2433,ENMT!,インドネシア,0,,-
SINOBUZ,Sweet Clapper,0,,-,548,INFP,インドネシア,1227,4H0Y!!,インドネシア,1907,ENMT!,インドネシア,2879,DNM,インドネシア
SINOBUZ,Surf on the Light,0,,-,772,SKYSPA,インドネシア,1471,SKYSPA,インドネシア,2258,DNM,インドネシア,0,,-
SINOBUZ,Super Rush,0,,-,1010,-KYO-,インドネシア,1812,310260,インドネシア,3524,DNM,インドネシア,0,,-
SINOBUZ,Summerlights(IIDX Edition),0,,-,1099,-KYO-,インドネシア,1780,4H0Y!!,インドネシア,3102,DNM,インドネシア,0,,-
SINOBUZ,Steel Edge,0,,-,905,INFP,インドネシア,1463,-KYO-,インドネシア,3164,DNM,インドネシア,0,,-
SINOBUZ,Snakey Kung-fu,0,,-,1074,-KYO-,インドネシア,2147,BURI69,インドネシア,3410,DNM,インドネシア,0,,-
SINOBUZ,Sky High,436,OSU7K,インドネシア,1135,INFP,インドネシア,2278,BURI69,インドネシア,3779,DNM,インドネシア,0,,-
SINOBUZ,SINOBUZ Fantasy,0,,-,1005,LEVEL0,インドネシア,1662,JHAYR#,インドネシア,2373,BURI69,インドネシア,0,,-
SINOBUZ,shuriken,0,,-,651,GAMA,インドネシア,1060,JESTER,インドネシア,2491,ENMT!,インドネシア,0,,-
SINOBUZ,Shoot'Em All,0,,-,0,,-,1204,MIGI,インドネシア,2101,KEMU,インドネシア,0,,-
SINOBUZ,SEQUENCE CAT,0,,-,941,CHAI,インドネシア,2179,BURI69,インドネシア,2791,ENMT!,インドネシア,0,,-
SINOBUZ,Selfish Sweet,0,,-,631,INFP,インドネシア,860,JESTER,インドネシア,1673,BURI69,インドネシア,2558,DNM,インドネシア
SINOBUZ,Seize the Day,0,,-,543,KELVIN,インドネシア,1273,M5-D05,インドネシア,1989,890,インドネシア,0,,-
SINOBUZ,Seaside Labyrinth,0,,-,424,GED,インドネシア,1270,WEST.,インドネシア,1812,P!GEON,インドネシア,0,,-
SINOBUZ,SAY BAY,0,,-,809,OGUMAN,インドネシア,1462,OGRCAP,インドネシア,2787,DNM,インドネシア,0,,-
SINOBUZ,Sarutobi Champion is 拙者,0,,-,873,-KYO-,インドネシア,1396,KEMU,インドネシア,2164,DNM,インドネシア,0,,-
SINOBUZ,SAMURAI-Scramble,0,,-,929,INFP,インドネシア,1576,U-GEE,インドネシア,2349,DNM,インドネシア,2594,SHIYOU,インドネシア
SINOBUZ,ROTTERDAM SHOGUN,536,OSU7K,インドネシア,1094,-KYO-,インドネシア,1782,BRAMBL,インドネシア,2501,ENMT!,インドネシア,0,,-
SINOBUZ,RISING FIRE HAWK,0,,-,778,RUKU-L,インドネシア,1339,COWTAO,インドネシア,2540,TAKES,インドネシア,0,,-
SINOBUZ,Remedy feat. Kanae Asaba,0,,-,890,INFP,インドネシア,1565,4H0Y!!,インドネシア,2187,DNM,インドネシア,0,,-
SINOBUZ,Rave Cannon,0,,-,905,RUKU-L,インドネシア,1806,310260,インドネシア,3320,DNM,インドネシア,0,,-
SINOBUZ,RAIN,0,,-,1114,INFP,インドネシア,1788,JHAYR#,インドネシア,3253,DNM,インドネシア,0,,-
SINOBUZ,Quakes,0,,-,870,CODYSB,インドネシア,1986,BURI69,インドネシア,3128,DNM,インドネシア,0,,-
SINOBUZ,Piano Samurai,0,,-,1028,INFP,インドネシア,1682,4H0Y!!,インドネシア,2452,DNM,インドネシア,0,,-
SINOBUZ,PAPAYAPA BASS,0,,-,766,INFP,インドネシア,1500,P3K0-*,インドネシア,2740,SKYSPA,インドネシア,0,,-
SINOBUZ,OTENAMI Hurricane,0,,-,1056,KRTK*,インドネシア,2110,BURI69,インドネシア,3110,DNM,インドネシア,0,,-
SINOBUZ,OOO,0,,-,626,RUKU-L,インドネシア,1415,MORINO,インドネシア,2053,ENMT!,インドネシア,2648,DNM,インドネシア
SINOBUZ,nostos,0,,-,732,DOTSKY,インドネシア,1310,JK,インドネシア,2523,ENMT!,インドネシア,0,,-
SINOBUZ,Music is The Answer,0,,-,697,DOTSKY,インドネシア,1349,OGRCAP,インドネシア,1836,YOSHIO,インドネシア,0,,-
SINOBUZ,Modular Technology,0,,-,1132,SE!JO!,インドネシア,1898,BURI69,インドネシア,2569,ALOE,インドネシア,0,,-
SINOBUZ,Mare Nectaris,0,,-,1262,JESTER,インドネシア,2026,VOID.,インドネシア,3542,DNM,インドネシア,0,,-
SINOBUZ,Magical,0,,-,725,RUKU-L,インドネシア,1109,JYXLCE,インドネシア,1990,ENMT!,インドネシア,0,,-
SINOBUZ,Macuilxochitl,517,OSU7K,インドネシア,1406,FAUNA,インドネシア,2217,BURI69,インドネシア,3293,DNM,インドネシア,0,,-
SINOBUZ,Lost wing at.0,0,,-,847,JYXLCE,インドネシア,1364,555555,インドネシア,2416,ENMT!,インドネシア,0,,-
SINOBUZ,INVISIBLE STRIX,0,,-,1109,-KYO-,インドネシア,2012,BURI69,インドネシア,2548,DNM,インドネシア,0,,-
SINOBUZ,Honey Trap,0,,-,756,RUKU-L,インドネシア,1556,4H0Y!!,インドネシア,2502,DNM,インドネシア,0,,-
SINOBUZ,HAPPY★RUSH,0,,-,615,IRONHI,インドネシア,1814,TAKES,インドネシア,2768,SHIYOU,インドネシア,0,,-
SINOBUZ,HADES,381,OSU7K,インドネシア,934,MAN&KO,インドネシア,1770,4H0Y!!,インドネシア,2996,DNM,インドネシア,0,,-
SINOBUZ,GuNGNiR,0,,-,1335,APIN58,インドネシア,2656,ENMT!,インドネシア,3821,DNM,インドネシア,4459,DNM,インドネシア
SINOBUZ,Go Ahead!!,0,,-,995,MA25DX,インドネシア,1505,BURI69,インドネシア,2593,DHIONA,インドネシア,0,,-
SINOBUZ,FUZIN RIZIN,0,,-,976,CODYSB,インドネシア,1940,MORINO,インドネシア,3795,DNM,インドネシア,0,,-
SINOBUZ,elemental bender feat. Kanae Asaba,0,,-,627,INFP,インドネシア,1153,INFP,インドネシア,1609,MA25DX,インドネシア,0,,-
SINOBUZ,Egret and Willow,0,,-,1009,OSU7K,インドネシア,1574,P3K0-*,インドネシア,2680,DNM,インドネシア,0,,-
SINOBUZ,ECHIDNA,0,,-,1095,JYXLCE,インドネシア,2091,SKYSPA,インドネシア,3337,DNM,インドネシア,0,,-
SINOBUZ,DORNWALD ～Junge～,0,,-,1185,-KYO-,インドネシア,2195,BURI69,インドネシア,3559,DNM,インドネシア,0,,-
SINOBUZ,Cyber True Color,0,,-,959,-KYO-,インドネシア,1590,JHAYR#,インドネシア,2280,ENMT!,インドネシア,0,,-
SINOBUZ,crew,0,,-,618,INFP,インドネシア,1684,4H0Y!!,インドネシア,2911,ENMT!,インドネシア,0,,-
SINOBUZ,Caterpillar,0,,-,1132,MOMOSE,インドネシア,2129,BURI69,インドネシア,2916,DNM,インドネシア,0,,-
SINOBUZ,BroGamer,0,,-,1330,MORINO,インドネシア,2071,YOSHIO,インドネシア,3026,DNM,インドネシア,4591,DNM,インドネシア
SINOBUZ,Breakin' Chain,0,,-,595,ICTEA,インドネシア,1295,MORINO,インドネシア,2276,ALOE,インドネシア,0,,-
SINOBUZ,BREAK OVER,0,,-,861,-KYO-,インドネシア,1483,4H0Y!!,インドネシア,2304,DNM,インドネシア,0,,-
SINOBUZ,Beyond The Seven,0,,-,713,INFP,インドネシア,1278,MRDS,インドネシア,2671,SKYSPA,インドネシア,0,,-
SINOBUZ,Believe in you,0,,-,1084,-KYO-,インドネシア,1857,JHAYR#,インドネシア,2422,YXX,インドネシア,0,,-
SINOBUZ,Beat Juggling Mix,0,,-,903,HIMIKO,インドネシア,1495,JHAYR#,インドネシア,2159,ENMT!,インドネシア,0,,-
SINOBUZ,Be A Star,0,,-,854,RUKU-L,インドネシア,1778,JHAYR#,インドネシア,2803,DNM,インドネシア,0,,-
SINOBUZ,BabeL ～Grand Story～,0,,-,1190,-KYO-,インドネシア,2070,BURI69,インドネシア,2795,ENMT!,インドネシア,0,,-
SINOBUZ,AsiaN distractive,0,,-,961,ANCUL,インドネシア,1599,555555,インドネシア,2598,ENMT!,インドネシア,0,,-
SINOBUZ,Around The Galaxy,0,,-,1061,-KYO-,インドネシア,2070,JHAYR#,インドネシア,3342,ENMT!,インドネシア,0,,-
SINOBUZ,Apocalypse,0,,-,877,M,インドネシア,2047,4H0Y!!,インドネシア,3560,DNM,インドネシア,0,,-
SINOBUZ,AO-∞,0,,-,1114,INFP,インドネシア,1705,P3K0-*,インドネシア,2613,YXX,インドネシア,0,,-
SINOBUZ,Amazing Mirage,368,OSU7K,インドネシア,878,INFP,インドネシア,1680,JHAYR#,インドネシア,2584,ENMT!,インドネシア,3228,ENMT!,インドネシア
SINOBUZ,(This Is Not) The Angels,0,,-,575,MRDS,インドネシア,1394,JHAYR#,インドネシア,2660,DNM,インドネシア,0,,-
SINOBUZ,#MAGiCVLGiRL_TRVP_B3VTZ,0,,-,1017,TBYTE,インドネシア,1964,3NONO,インドネシア,3380,DNM,インドネシア,0,,-
SINOBUZ,¡Viva!,0,,-,808,JOKOWI,インドネシア,1555,JHAYR#,インドネシア,1985,ENMT!,インドネシア,0,,-
CANNON BALLERS,草原の王女-軌跡を辿って-,0,,-,689,IIDX33,インドネシア,1198,ANO.,インドネシア,2294,DNM,インドネシア,0,,-
CANNON BALLERS,純真可憐デザイア,248,OSU7K,インドネシア,800,INFP,インドネシア,1580,MORINO,インドネシア,2321,DNM,インドネシア,2966,DNM,インドネシア
CANNON BALLERS,神謳 -RESONANCE-,0,,-,1318,JYXLCE,インドネシア,2485,SKYSPA,インドネシア,4005,DNM,インドネシア,0,,-
CANNON BALLERS,東京神話,453,OSU7K,インドネシア,1015,-KYO-,インドネシア,1708,JK,インドネシア,2771,ENMT!,インドネシア,0,,-
CANNON BALLERS,命の標本,0,,-,609,RUKU-L,インドネシア,1462,R0U$H1,インドネシア,2638,SKYSPA,インドネシア,0,,-
CANNON BALLERS,共犯へヴンズコード,0,,-,482,-KYO-,インドネシア,1200,******,インドネシア,2206,P!GEON,インドネシア,0,,-
CANNON BALLERS,ラストセンチュリーメランコリック,0,,-,824,OSU7K,インドネシア,1544,4H0Y!!,インドネシア,2141,ALOE,インドネシア,0,,-
CANNON BALLERS,パラドキシカル・タイムリープトライアル(Short Ver.),0,,-,1011,-KYO-,インドネシア,1825,MA25DX,インドネシア,2707,SKYSPA,インドネシア,0,,-
CANNON BALLERS,バスルーム ロマンス,0,,-,846,KARINA,インドネシア,1389,4H0Y!!,インドネシア,2411,DNM,インドネシア,0,,-
CANNON BALLERS,バ→ビ→ブ→Bomb!,0,,-,794,OSU7K,インドネシア,1768,TAKES,インドネシア,2470,SKYSPA,インドネシア,0,,-
CANNON BALLERS,ハイ*ビスカス ft. Kanae Asaba,0,,-,847,TAKES,インドネシア,1503,INFP,インドネシア,2430,DNM,インドネシア,0,,-
CANNON BALLERS,ナイトシティー・アヴァンチュール,0,,-,1000,-KYO-,インドネシア,1519,TAKES,インドネシア,2080,DNM,インドネシア,0,,-
CANNON BALLERS,シムルグの目醒め,0,,-,1413,MA25DX,インドネシア,2295,*SHY#,インドネシア,3448,DNM,インドネシア,0,,-
CANNON BALLERS,エディブルフラワーの独白,0,,-,773,-KYO-,インドネシア,1538,4H0Y!!,インドネシア,2176,DNM,インドネシア,0,,-
CANNON BALLERS,うさ☆かめ 大戦争！,0,,-,817,JYXLCE,インドネシア,1597,JHAYR#,インドネシア,2462,DNM,インドネシア,0,,-
CANNON BALLERS,Xperanza,542,OSU7K,インドネシア,1277,JYXLCE,インドネシア,2339,BURI69,インドネシア,3158,DNM,インドネシア,0,,-
CANNON BALLERS,VOX RUSH,0,,-,985,LAMUNE,インドネシア,2159,ELAINA,インドネシア,3117,SHIYOU,インドネシア,0,,-
CANNON BALLERS,Usual Days-remix,0,,-,1024,-KYO-,インドネシア,1404,*#06#,インドネシア,2552,YXX,インドネシア,0,,-
CANNON BALLERS,UMMU,431,OSU7K,インドネシア,1188,TAKES,インドネシア,2056,BURI69,インドネシア,3060,DNM,インドネシア,0,,-
CANNON BALLERS,The Revolution (VIP Mix),0,,-,538,ELVIN,インドネシア,1088,HK*LGD,インドネシア,1838,BURI69,インドネシア,0,,-
CANNON BALLERS,The Chase,0,,-,654,OSU7K,インドネシア,1321,ENMT!,インドネシア,2043,DNM,インドネシア,0,,-
CANNON BALLERS,THE CANNONBALLER,473,OSU7K,インドネシア,1425,-KYO-,インドネシア,2342,JHAYR#,インドネシア,3389,DNM,インドネシア,0,,-
CANNON BALLERS,Temple of Anubis,0,,-,962,-KYO-,インドネシア,1450,4H0Y!!,インドネシア,2567,SHIYOU,インドネシア,0,,-
CANNON BALLERS,SUNLiGHT (IIDX Mix),0,,-,1104,4H0Y!!,インドネシア,1663,MAM*,インドネシア,2541,COCOAX,インドネシア,0,,-
CANNON BALLERS,Static State,0,,-,977,-KYO-,インドネシア,1714,JHAYR#,インドネシア,2272,YXX,インドネシア,0,,-
CANNON BALLERS,STARLIGHT JUNCTION,0,,-,783,CODYSB,インドネシア,1549,4H0Y!!,インドネシア,2277,ENMT!,インドネシア,2879,DNM,インドネシア
CANNON BALLERS,SPEED DEMON,0,,-,713,-KYO-,インドネシア,1417,M4S3,インドネシア,2282,SHIYOU,インドネシア,0,,-
CANNON BALLERS,SPEED,0,,-,0,,-,787,AMAMI,インドネシア,2461,ELAINA,インドネシア,0,,-
CANNON BALLERS,"Son, not gabba now",0,,-,638,FU*,インドネシア,1297,MIGI,インドネシア,2204,ELAINA,インドネシア,0,,-
CANNON BALLERS,Slipstream,0,,-,929,A-ZERO,インドネシア,2009,ELAINA,インドネシア,3536,DNM,インドネシア,0,,-
CANNON BALLERS,Sleepless days,0,,-,497,INFP,インドネシア,901,R0U$H1,インドネシア,1576,DNM,インドネシア,0,,-
CANNON BALLERS,SHOX,0,,-,384,AZTRYL,インドネシア,997,MIGI,インドネシア,1624,ELAINA,インドネシア,0,,-
CANNON BALLERS,Rise Circuit,0,,-,746,PTGRW,インドネシア,1372,ANO.,インドネシア,2168,*#06#,インドネシア,0,,-
CANNON BALLERS,REVOLVER,0,,-,906,INFP,インドネシア,1528,M4S3,インドネシア,2701,DNM,インドネシア,3272,DNM,インドネシア
CANNON BALLERS,Raspberry Railgun,0,,-,1247,WATANE,インドネシア,2211,BURI69,インドネシア,3123,DNM,インドネシア,0,,-
CANNON BALLERS,Rampage,0,,-,1244,-KYO-,インドネシア,2450,BURI69,インドネシア,3598,DNM,インドネシア,0,,-
CANNON BALLERS,Persephone,0,,-,1110,MIGI,インドネシア,1861,4H0Y!!,インドネシア,2959,DNM,インドネシア,0,,-
CANNON BALLERS,Papilio ulysses,0,,-,1153,-KYO-,インドネシア,2011,BURI69,インドネシア,2866,DNM,インドネシア,0,,-
CANNON BALLERS,Only for now,0,,-,679,ELYS,インドネシア,1531,JHAYR#,インドネシア,2248,ENMT!,インドネシア,0,,-
CANNON BALLERS,O/D*20,0,,-,1103,OSU7K,インドネシア,1617,OGRCAP,インドネシア,2122,DNM,インドネシア,3839,DNM,インドネシア
CANNON BALLERS,Nothing but Theory,0,,-,1051,-KYO-,インドネシア,1558,SANYA,インドネシア,2827,DNM,インドネシア,3734,DNM,インドネシア
CANNON BALLERS,No Limit 2 dAnce feat. 大山愛未,0,,-,887,RUKU-L,インドネシア,1498,4H0Y!!,インドネシア,2323,DNM,インドネシア,0,,-
CANNON BALLERS,NITROUS CANNON,0,,-,1319,INFP,インドネシア,1994,BURI69,インドネシア,3543,DNM,インドネシア,0,,-
CANNON BALLERS,n'pa pa BBQ,0,,-,833,CROSS,インドネシア,1669,BRAMBL,インドネシア,2742,ENMT!,インドネシア,0,,-
CANNON BALLERS,Mira,0,,-,0,,-,1541,SS24K,インドネシア,2814,ELAINA,インドネシア,0,,-
CANNON BALLERS,Midnight Lady,0,,-,624,INFP,インドネシア,1125,-KYO-,インドネシア,1932,ENMT!,インドネシア,0,,-
CANNON BALLERS,MAXIVCORD,0,,-,790,INFP,インドネシア,1317,JHAYR#,インドネシア,2443,DNM,インドネシア,0,,-
CANNON BALLERS,LUV DRIVE,0,,-,802,-KYO-,インドネシア,1323,OGRCAP,インドネシア,2073,BURI69,インドネシア,0,,-
CANNON BALLERS,LIGHTS ft. EVO+,0,,-,472,EMO,インドネシア,1288,SHAIKO,インドネシア,2247,890,インドネシア,0,,-
CANNON BALLERS,"Life Is A Game ft.DD""ナカタ""Metal",0,,-,1193,-KYO-,インドネシア,1901,BURI69,インドネシア,3389,DNM,インドネシア,0,,-
CANNON BALLERS,Let's Bounce !!,0,,-,638,CROSS,インドネシア,1101,JYXLCE,インドネシア,2122,ELAINA,インドネシア,0,,-
CANNON BALLERS,Initiation,642,OSU7K,インドネシア,1407,COWTAO,インドネシア,2419,BURI69,インドネシア,3897,DNM,インドネシア,0,,-
CANNON BALLERS,Illusionary Waterlily,0,,-,1157,JYXLCE,インドネシア,2198,SKYSPA,インドネシア,3485,DNM,インドネシア,0,,-
CANNON BALLERS,I'm Coming (2017 Version),0,,-,394,VEZOK,インドネシア,991,DANG,インドネシア,1862,55,インドネシア,0,,-
CANNON BALLERS,I Love You,0,,-,1030,-KYO-,インドネシア,1798,JHAYR#,インドネシア,2734,DNM,インドネシア,0,,-
CANNON BALLERS,HYPE THE CORE,0,,-,1081,-KYO-,インドネシア,1943,BURI69,インドネシア,2965,DNM,インドネシア,0,,-
CANNON BALLERS,Hella Deep,0,,-,630,INFP,インドネシア,988,UMA5N,インドネシア,1834,DNM,インドネシア,0,,-
CANNON BALLERS,HAT TRICK,0,,-,709,S,インドネシア,1401,MORINO,インドネシア,2181,DNM,インドネシア,0,,-
CANNON BALLERS,Get Up! feat. Kanae Asaba,0,,-,560,-KYO-,インドネシア,1068,FRVNTX,インドネシア,1847,EEPY,インドネシア,0,,-
CANNON BALLERS,FUTURE is Dead,0,,-,863,INFP,インドネシア,1438,MRDS,インドネシア,2145,GENYA*,インドネシア,0,,-
CANNON BALLERS,From Time To Time,0,,-,634,NIFL,インドネシア,1817,ISONO,インドネシア,2477,ENMT!,インドネシア,0,,-
CANNON BALLERS,FREEDOM,0,,-,848,CODYSB,インドネシア,1671,JHAYR#,インドネシア,2852,DNM,インドネシア,0,,-
CANNON BALLERS,FIRE BALL,0,,-,690,MANSHA,インドネシア,1271,MUSECA,インドネシア,2248,MORINO,インドネシア,0,,-
CANNON BALLERS,Fervidex,0,,-,774,SHINE,インドネシア,1781,JHAYR#,インドネシア,2707,DNM,インドネシア,0,,-
CANNON BALLERS,Expanded !!,0,,-,670,INFP,インドネシア,1526,INDMAN,インドネシア,2618,DNM,インドネシア,0,,-
CANNON BALLERS,Exhaust Hype,0,,-,990,INFP,インドネシア,1840,4H0Y!!,インドネシア,2779,ENMT!,インドネシア,0,,-
CANNON BALLERS,encounter,0,,-,969,INFP,インドネシア,1680,MI-YAN,インドネシア,3264,DNM,インドネシア,0,,-
CANNON BALLERS,EMERALDAS,489,HIMIKO,インドネシア,1319,ELAINA,インドネシア,2278,KEMU,インドネシア,3438,DNM,インドネシア,0,,-
CANNON BALLERS,Eine Haube ～聖地の果てにあるもの～,0,,-,772,DJDUCK,インドネシア,1377,4H0Y!!,インドネシア,2535,ENMT!,インドネシア,0,,-
CANNON BALLERS,DropZ-Line-,0,,-,1084,LUKE,インドネシア,1982,MRDS,インドネシア,3115,DNM,インドネシア,0,,-
CANNON BALLERS,DEATH†ZIGOQ ～怒りの高速爆走野郎～,0,,-,1305,ANEJIL,インドネシア,2419,BURI69,インドネシア,4025,DNM,インドネシア,4607,DNM,インドネシア
CANNON BALLERS,DEADHEAT,0,,-,1164,OSU7K,インドネシア,1965,ELAINA,インドネシア,3291,DNM,インドネシア,0,,-
CANNON BALLERS,COSMIC☆WONDER☆REVOLUTION,0,,-,729,-KYO-,インドネシア,1388,4H0Y!!,インドネシア,2083,DNM,インドネシア,0,,-
CANNON BALLERS,City Never Sleeps (IIDX Edition),0,,-,1262,4H0Y!!,インドネシア,1839,4H0Y!!,インドネシア,2652,DNM,インドネシア,0,,-
CANNON BALLERS,Chemical Cookie,0,,-,738,RUKU-L,インドネシア,1430,JHAYR#,インドネシア,2072,ALOE,インドネシア,0,,-
CANNON BALLERS,ChaserXX,0,,-,839,FRAIN,インドネシア,1766,4H0Y!!,インドネシア,2788,ENMT!,インドネシア,3664,DNM,インドネシア
CANNON BALLERS,Break Stasis,0,,-,1281,-KYO-,インドネシア,1847,JHAYR#,インドネシア,2497,DNM,インドネシア,0,,-
CANNON BALLERS,Boomy and The Boost,362,CHIMIZ,インドネシア,1014,-KYO-,インドネシア,1986,M4S3,インドネシア,3485,ENMT!,インドネシア,0,,-
CANNON BALLERS,Best of Me,0,,-,748,JYXLCE,インドネシア,1514,MOMOSE,インドネシア,2164,ALOE,インドネシア,0,,-
CANNON BALLERS,Beast mode,0,,-,902,RUKU-L,インドネシア,1486,MOMI.G,インドネシア,2684,ENMT!,インドネシア,0,,-
CANNON BALLERS,Be a Hero!,0,,-,759,INFP,インドネシア,1835,JHAYR#,インドネシア,2973,ENMT!,インドネシア,0,,-
CANNON BALLERS,Battleground,0,,-,1146,OSU7K,インドネシア,1871,ALOE,インドネシア,2648,ENMT!,インドネシア,0,,-
CANNON BALLERS,Back Spin Sweeper,0,,-,802,-KYO-,インドネシア,1352,JHAYR#,インドネシア,2211,ALOE,インドネシア,0,,-
CANNON BALLERS,Around the Future,0,,-,1042,-KYO-,インドネシア,1624,P3K0!!,インドネシア,2533,SKYSPA,インドネシア,0,,-
CANNON BALLERS,Arca,0,,-,804,RUKU-L,インドネシア,1836,TAKES,インドネシア,3123,DNM,インドネシア,0,,-
CANNON BALLERS,Antigravity,0,,-,1015,OSU7K,インドネシア,1937,ELAINA,インドネシア,2993,DNM,インドネシア,0,,-
CANNON BALLERS,ANCHOR,0,,-,1277,-KYO-,インドネシア,2413,BURI69,インドネシア,3580,DNM,インドネシア,0,,-
CANNON BALLERS,ANAGMA,0,,-,823,RUKU-L,インドネシア,1753,MORINO,インドネシア,2614,DNM,インドネシア,0,,-
CANNON BALLERS,Amor De Verao,0,,-,756,INFP,インドネシア,1333,4H0Y!!,インドネシア,2287,DNM,インドネシア,0,,-
CANNON BALLERS,Alpheratz,0,,-,339,CARLOS,インドネシア,990,MIGI,インドネシア,2078,ENMT!,インドネシア,2861,DNM,インドネシア
CANNON BALLERS,Acidiva 303,0,,-,507,KANNON,インドネシア,1337,TAKES,インドネシア,2180,BURI69,インドネシア,0,,-
CANNON BALLERS,ACCELERATE,0,,-,1102,INFP,インドネシア,1680,JHAYR#,インドネシア,2488,DNM,インドネシア,0,,-
CANNON BALLERS,Abraxas,0,,-,722,HULI10,インドネシア,1588,JHAYR#,インドネシア,2356,SKYSPA,インドネシア,0,,-
CANNON BALLERS,AA -rebuild-,0,,-,1193,-KYO-,インドネシア,2339,JHAYR#,インドネシア,3576,DNM,インドネシア,0,,-
CANNON BALLERS,255,0,,-,891,GOFILE,インドネシア,1525,JHAYR#,インドネシア,3224,DNM,インドネシア,0,,-
CANNON BALLERS,2 Player,0,,-,910,-KYO-,インドネシア,1368,BAYGON,インドネシア,2474,BURI69,インドネシア,0,,-
CANNON BALLERS,1001 -ESCAPE-,0,,-,894,RUKU-L,インドネシア,1662,OGRCAP,インドネシア,2599,DNM,インドネシア,0,,-
Rootage,龍王の霊廟(Mausoleum Of The Primal Dragon),0,,-,1027,CHOKA,インドネシア,2303,BURI69,インドネシア,3191,ENMT!,インドネシア,3959,DNM,インドネシア
Rootage,金野火織の金色提言,0,,-,1162,ASA,インドネシア,2203,TKSM..,インドネシア,3018,DNM,インドネシア,0,,-
Rootage,花冠 feat.Aikapin,0,,-,951,OGRCAP,インドネシア,1629,MA25DX,インドネシア,2455,SHIYOU,インドネシア,0,,-
Rootage,爆ゼニ☆がってんワーカー,0,,-,1088,JYXLCE,インドネシア,1799,JHAYR#,インドネシア,2653,DNM,インドネシア,0,,-
Rootage,深愛のリグレット,0,,-,733,CHLKA,インドネシア,1162,OGRCAP,インドネシア,2376,ENMT!,インドネシア,0,,-
Rootage,泰東ノ翠霞,0,,-,371,RUSSIA,インドネシア,744,MA25DX,インドネシア,1755,DNM,インドネシア,0,,-
Rootage,最小三倍完全数,0,,-,825,ASA,インドネシア,1744,YOSHIO,インドネシア,2521,DNM,インドネシア,0,,-
Rootage,抱きしめてモナムール,0,,-,1218,RYO-M,インドネシア,2271,BURI69,インドネシア,4145,DNM,インドネシア,0,,-
Rootage,夏の匂い。キミの残像。 ft. Kanae Asaba,0,,-,666,INFP,インドネシア,1519,33CC,インドネシア,2541,ENMT!,インドネシア,0,,-
Rootage,ミッドナイト☆WAR,0,,-,756,ASA,インドネシア,1529,P3K0-*,インドネシア,2470,SKYSPA,インドネシア,0,,-
Rootage,ミストレス・アンに花束を,0,,-,462,ICTEA,インドネシア,914,SS24K,インドネシア,1415,DNM,インドネシア,0,,-
Rootage,ハードベース・フェスタ,0,,-,1059,INFP,インドネシア,1745,MOMI.G,インドネシア,2831,DNM,インドネシア,0,,-
Rootage,セカンドピアス,0,,-,525,NOT.P,インドネシア,1066,H-CUP!,インドネシア,2012,ENMT!,インドネシア,0,,-
Rootage,サクラあっぱれーしょん,265,OSU7K,インドネシア,588,-KYO-,インドネシア,1506,ATSUX2,インドネシア,2292,SKYSPA,インドネシア,0,,-
Rootage,グラナダの風,0,,-,485,MEAT,インドネシア,1195,MOMI.G,インドネシア,1790,SKYSPA,インドネシア,0,,-
Rootage,お菓子の王国,0,,-,1399,MRDS,インドネシア,2246,BURI69,インドネシア,4008,DNM,インドネシア,0,,-
Rootage,おーまい！らぶりー！すうぃーてぃ！だーりん！,0,,-,912,MARVEL,インドネシア,1946,MA25DX,インドネシア,2874,DNM,インドネシア,0,,-
Rootage,ZENDEGI DANCE,0,,-,1145,-KYO-,インドネシア,1825,SKYSPA,インドネシア,2748,ENMT!,インドネシア,0,,-
Rootage,Yum Yum Jelly,0,,-,760,HIMIKO,インドネシア,1529,TAKES,インドネシア,2331,ENMT!,インドネシア,0,,-
Rootage,Xlo,0,,-,1461,4H0Y!!,インドネシア,2410,BURI69,インドネシア,3663,DNM,インドネシア,0,,-
Rootage,XENON II ～TOMOYUKIの野望～,0,,-,1097,-KYO-,インドネシア,1698,SHIYOU,インドネシア,2976,DNM,インドネシア,0,,-
Rootage,X-DEN,0,,-,1630,MOMOSE,インドネシア,2587,SHIYOU,インドネシア,3949,DNM,インドネシア,0,,-
Rootage,Wonderland,0,,-,964,HIMIKO,インドネシア,1805,JHAYR#,インドネシア,2692,SKYSPA,インドネシア,0,,-
Rootage,Won(*3*)Chu KissMe!,270,OSU7K,インドネシア,854,RUKU-L,インドネシア,1359,MORINO,インドネシア,2480,ENMT!,インドネシア,0,,-
Rootage,Wolf 1061,0,,-,975,INFP,インドネシア,1674,JHAYR#,インドネシア,3123,DNM,インドネシア,0,,-
Rootage,Wing of Hearts,0,,-,957,CODYSB,インドネシア,1775,33CC,インドネシア,2928,DNM,インドネシア,0,,-
Rootage,voltississimo,0,,-,1096,ASA,インドネシア,2104,BURI69,インドネシア,3550,DNM,インドネシア,0,,-
Rootage,Visterhv,0,,-,1183,-KYO-,インドネシア,2151,U-GEE,インドネシア,3693,DNM,インドネシア,0,,-
Rootage,Urban Constellations,0,,-,702,-KYO-,インドネシア,1470,JHAYR#,インドネシア,2271,DNM,インドネシア,3348,DNM,インドネシア
Rootage,UNDERWORLD HOLOGRAPHY,0,,-,1023,MAAA!!,インドネシア,2045,JHAYR#,インドネシア,3213,DNM,インドネシア,0,,-
Rootage,Unbelief,0,,-,772,*.EXE,インドネシア,2063,BURI69,インドネシア,3121,DNM,インドネシア,0,,-
Rootage,U.S.A.,563,OSU7K,インドネシア,993,RUKU-L,インドネシア,1779,4H0Y!!,インドネシア,2853,*SHY#,インドネシア,0,,-
Rootage,Twilight Warp,0,,-,701,CODYSB,インドネシア,1390,MMMARU,インドネシア,2106,DNM,インドネシア,0,,-
Rootage,Trill auf G,0,,-,1144,MA25DX,インドネシア,2086,BURI69,インドネシア,3207,DNM,インドネシア,0,,-
Rootage,ToyCube Pf.(RX-Ver.S.P.L.),0,,-,590,CUBE,インドネシア,1465,-KYO-,インドネシア,2213,DHIONA,インドネシア,0,,-
Rootage,toy boxer,0,,-,627,SHIRO,インドネシア,1421,SKYSPA,インドネシア,2217,DNM,インドネシア,0,,-
Rootage,The Sealer ～ア・ミリアとミリアの民～,0,,-,796,ISONO,インドネシア,1311,UNHCR,インドネシア,2189,MORINO,インドネシア,0,,-
Rootage,The Rebellion of Sequencer,0,,-,1188,-KYO-,インドネシア,1916,VOID.,インドネシア,3031,DNM,インドネシア,0,,-
Rootage,THE DAY OF JUBILATIONS,0,,-,1384,WAL3!?,インドネシア,2345,BURI69,インドネシア,3440,DNM,インドネシア,0,,-
Rootage,The Best of Both Worlds,0,,-,425,NOIZ81,インドネシア,1367,JHAYR#,インドネシア,2216,DNM,インドネシア,0,,-
Rootage,Technicolour Dreams,0,,-,798,CROSS,インドネシア,1402,JHAYR#,インドネシア,2336,ALOE,インドネシア,0,,-
Rootage,Starry Night,0,,-,602,FELIX,インドネシア,1593,33CC,インドネシア,2363,P!GEON,インドネシア,0,,-
Rootage,SPEED ROCKER,0,,-,704,RUKU-L,インドネシア,1627,VOID.,インドネシア,2265,ENMT!,インドネシア,0,,-
Rootage,Six String Proof,0,,-,648,MARVEL,インドネシア,1560,MOMI.G,インドネシア,2509,ENMT!,インドネシア,0,,-
Rootage,SIGMA,0,,-,496,LEP,インドネシア,1507,TAKES,インドネシア,2499,KENKEN,インドネシア,0,,-
Rootage,Sidechained Threats,0,,-,804,CATSTI,インドネシア,1722,P3K0!!,インドネシア,2109,P3K0!!,インドネシア,0,,-
Rootage,Serious?,0,,-,559,MOMOSE,インドネシア,1140,4H0Y!!,インドネシア,2184,ENMT!,インドネシア,0,,-
Rootage,R∞tAge,523,OSU7K,インドネシア,1056,IIDX33,インドネシア,1614,JHAYR#,インドネシア,2922,DNM,インドネシア,0,,-
Rootage,ruin of opals,0,,-,725,R,インドネシア,1844,BURI69,インドネシア,3110,DNM,インドネシア,0,,-
Rootage,ROZA DE ANDALUCIA,0,,-,695,WLTR35,インドネシア,1958,TAKES,インドネシア,2883,DHIONA,インドネシア,0,,-
Rootage,ROCK女 feat. 大山愛未， Ken,0,,-,1004,ANEJIL,インドネシア,1650,VOID.,インドネシア,2672,DNM,インドネシア,0,,-
Rootage,REPLAY,0,,-,724,A-ZERO,インドネシア,1533,SHAIKO,インドネシア,2209,ENMT!,インドネシア,0,,-
Rootage,Red. by Jack Trance,0,,-,1369,P3K0!!,インドネシア,2107,TASO,インドネシア,3355,SHIYOU,インドネシア,0,,-
Rootage,Re:Story,0,,-,276,NIRIK,インドネシア,811,TWS48,インドネシア,1880,ELAINA,インドネシア,0,,-
Rootage,Psycho Sheep Riddim,0,,-,515,ITTI,インドネシア,973,JHAYR#,インドネシア,1631,SLUURP,インドネシア,2163,ENMT!,インドネシア
Rootage,Please Welcome Mr.C,0,,-,906,SHINE,インドネシア,1693,JHAYR#,インドネシア,2910,DNM,インドネシア,0,,-
Rootage,Playing With Fire,0,,-,965,INFP,インドネシア,1549,4H0Y!!,インドネシア,2292,ENMT!,インドネシア,0,,-
Rootage,Particle Arts,0,,-,808,CROSS,インドネシア,1531,000011,インドネシア,2389,890,インドネシア,0,,-
Rootage,Painful Fate,0,,-,1149,IIDX32,インドネシア,2218,BURI69,インドネシア,3337,DNM,インドネシア,0,,-
Rootage,OVER TIME,0,,-,518,GONOO,インドネシア,942,IIDX33,インドネシア,1540,MA25DX,インドネシア,2012,DNM,インドネシア
Rootage,ONIGOROSHI,0,,-,1108,JYXLCE,インドネシア,2087,BURI69,インドネシア,2952,DNM,インドネシア,0,,-
Rootage,Night! Night! Night!,0,,-,1134,-KYO-,インドネシア,1754,4H0Y!!,インドネシア,2999,DNM,インドネシア,0,,-
Rootage,"Next Tales 2 Oath (IIDX 20th Anniv ""Ring"" Theme)",0,,-,893,INFP,インドネシア,1600,JHAYR#,インドネシア,2677,YXX,インドネシア,0,,-
Rootage,Necroxis Girl,0,,-,1104,-KYO-,インドネシア,1859,JHAYR#,インドネシア,2686,SKYSPA,インドネシア,0,,-
Rootage,Macho Monky,0,,-,1243,XYBUR,インドネシア,2060,BURI69,インドネシア,2923,DNM,インドネシア,0,,-
Rootage,LOST TECHNOLOGIE,0,,-,1075,INFP,インドネシア,1768,OGRCAP,インドネシア,3408,DNM,インドネシア,0,,-
Rootage,Lift Us High,0,,-,782,CODYSB,インドネシア,1551,OGRCAP,インドネシア,2448,DNM,インドネシア,0,,-
Rootage,Level One,0,,-,1186,HIMIKO,インドネシア,2259,BURI69,インドネシア,3357,*SHY#,インドネシア,0,,-
Rootage,Lethal Weapon,0,,-,1129,INFP,インドネシア,1846,SANYA,インドネシア,3187,DNM,インドネシア,0,,-
Rootage,Let me be your cure,0,,-,950,ELBERT,インドネシア,1412,33CC,インドネシア,2668,SKYSPA,インドネシア,0,,-
Rootage,LADYBIRD,0,,-,1045,M55,インドネシア,1552,4H0Y!!,インドネシア,2442,DNM,インドネシア,0,,-
Rootage,L.F.O,0,,-,813,JYXLCE,インドネシア,1728,MOMOSE,インドネシア,3281,DNM,インドネシア,0,,-
Rootage,KILL EACH OTHER,0,,-,1333,OGRCAP,インドネシア,2390,BURI69,インドネシア,3785,DNM,インドネシア,0,,-
Rootage,IDOL syndrome.,0,,-,603,SILVIA,インドネシア,1359,FAUNA,インドネシア,2166,DNM,インドネシア,2973,DNM,インドネシア
Rootage,IDC feat.REVERBEE (Mo'Cuts Ver),0,,-,983,H.JYAN,インドネシア,1452,*#06#,インドネシア,2059,KEMU,インドネシア,0,,-
Rootage,Hurry Hurry,0,,-,602,RUKU-L,インドネシア,991,HIMIKO,インドネシア,2079,ENMT!,インドネシア,0,,-
Rootage,HOT LIMIT,397,OSU7K,インドネシア,987,JYXLCE,インドネシア,1679,4H0Y!!,インドネシア,2456,SKYSPA,インドネシア,0,,-
Rootage,HEISEI,373,OSU7K,インドネシア,990,!?,インドネシア,1912,BURI69,インドネシア,2542,DNM,インドネシア,0,,-
Rootage,HARD BRAIN,0,,-,1283,-KYO-,インドネシア,1930,ELAINA,インドネシア,3749,DNM,インドネシア,0,,-
Rootage,GO OVER WITH GLARE -ROOTAGE 26-,0,,-,937,HUZAIR,インドネシア,2202,BURI69,インドネシア,3843,DNM,インドネシア,0,,-
Rootage,Glory,0,,-,687,RUKU-L,インドネシア,1541,4H0Y!!,インドネシア,2277,DNM,インドネシア,0,,-
Rootage,GIGA THRASH,0,,-,1193,-KYO-,インドネシア,1788,OGRCAP,インドネシア,2638,ENMT!,インドネシア,0,,-
Rootage,GENE,0,,-,1271,GOFILE,インドネシア,1933,SKYSPA,インドネシア,4300,DNM,インドネシア,3510,DNM,インドネシア
Rootage,Geirskögul,0,,-,854,ELBERT,インドネシア,1530,OGRCAP,インドネシア,2188,SKYSPA,インドネシア,0,,-
Rootage,Garuda,0,,-,945,JYXLCE,インドネシア,1552,SANYA,インドネシア,2531,SLUURP,インドネシア,0,,-
Rootage,EVANESCENT,0,,-,1028,LACH,インドネシア,2272,BURI69,インドネシア,3556,DNM,インドネシア,0,,-
Rootage,Ember Lights,0,,-,814,JYXLCE,インドネシア,1577,M4S3,インドネシア,2686,DNM,インドネシア,3107,DNM,インドネシア
Rootage,DRUNK MONKY,0,,-,878,RISU.A,インドネシア,1605,BURI69,インドネシア,2295,DNM,インドネシア,0,,-
Rootage,Drastic Dramatic,0,,-,1451,-KYO-,インドネシア,2356,BURI69,インドネシア,3492,DNM,インドネシア,0,,-
Rootage,Dr. Chemical & Killing Machine,0,,-,1087,INFP,インドネシア,1853,GENYA*,インドネシア,3352,DNM,インドネシア,0,,-
Rootage,Digital Skipper,0,,-,954,-KYO-,インドネシア,1507,TAKES,インドネシア,2153,BURI69,インドネシア,0,,-
Rootage,dAuntl3ss,0,,-,957,RUKU-L,インドネシア,1979,BURI69,インドネシア,3483,DNM,インドネシア,0,,-
Rootage,Cranberry City ft. Luschel,0,,-,721,ANCUL,インドネシア,1543,MOMI.G,インドネシア,2400,DNM,インドネシア,0,,-
Rootage,COSMIC CYBER,0,,-,959,JYXLCE,インドネシア,1670,TAKES,インドネシア,2864,DNM,インドネシア,0,,-
Rootage,CoMAAAAAAA,0,,-,1046,MIGI,インドネシア,1990,4H0Y!!,インドネシア,2392,DNM,インドネシア,3829,DNM,インドネシア
Rootage,CODE:0,0,,-,1387,JK,インドネシア,2065,JHAYR#,インドネシア,2771,ENMT!,インドネシア,3339,DNM,インドネシア
Rootage,Catch Our Fire!,0,,-,1066,JAW2R,インドネシア,2180,MORINO,インドネシア,3700,DNM,インドネシア,0,,-
Rootage,Carry Me Away,518,INFP,インドネシア,1111,OSU7K,インドネシア,1771,M4S3,インドネシア,3160,DNM,インドネシア,0,,-
Rootage,Carmina,437,CHIMIZ,インドネシア,1194,-KYO-,インドネシア,2364,BURI69,インドネシア,3687,DNM,インドネシア,0,,-
Rootage,BLO§OM,0,,-,1053,OGRCAP,インドネシア,1584,33CC,インドネシア,2524,ENMT!,インドネシア,0,,-
Rootage,BLACK JACKAL,0,,-,774,!?,インドネシア,1529,4H0Y!!,インドネシア,2326,DNM,インドネシア,0,,-
Rootage,Angels & Demons,0,,-,640,EMO,インドネシア,1568,555555,インドネシア,2333,DHIONA,インドネシア,0,,-
Rootage,AGAiN,0,,-,591,WLTR35,インドネシア,1397,555555,インドネシア,2115,VOID.,インドネシア,0,,-
Rootage,Afterimage d'automne,0,,-,958,CHOKA,インドネシア,1645,MOMI.G,インドネシア,2760,DNM,インドネシア,0,,-
Rootage,A Tale Hidden In The Abyss,0,,-,754,M1HIR0,インドネシア,1521,VINTEJ,インドネシア,2487,MORINO,インドネシア,0,,-
Rootage,50th Memorial Songs -二人の時 ～under the cherry blossoms～-,534,DEJIKO,インドネシア,1212,P!GEON,インドネシア,1587,MOMI.G,インドネシア,2604,DNM,インドネシア,0,,-
Rootage,50th Memorial Songs -The BEMANI History-,510,DEJIKO,インドネシア,901,DJDUCK,インドネシア,1517,P3K0!!,インドネシア,2547,EEPY,インドネシア,0,,-
Rootage,50th Memorial Songs -Flagship medley-,340,DEJIKO,インドネシア,942,ANO.,インドネシア,1431,P3K0!!,インドネシア,2206,P!GEON,インドネシア,0,,-
Rootage,50th Memorial Songs -Beginning Story-,304,DEJIKO,インドネシア,808,INFP,インドネシア,1582,JHAYR#,インドネシア,2602,BURI69,インドネシア,0,,-
Rootage,& Intelligence,0,,-,1004,OMAN5,インドネシア,1975,P3K0!!,インドネシア,3110,DNM,インドネシア,0,,-
HEROIC VERSE,魅惑のYUMMYスイーツ,0,,-,911,OSU7K,インドネシア,1752,INOUE,インドネシア,3045,DNM,インドネシア,0,,-
HEROIC VERSE,開きたまえ！Next stAge！,0,,-,1124,OSU7K,インドネシア,1618,ELAINA,インドネシア,2807,SLUURP,インドネシア,0,,-
HEROIC VERSE,錬成人間トリコロイダー,0,,-,1034,INFP,インドネシア,1787,ELAINA,インドネシア,3190,DNM,インドネシア,0,,-
HEROIC VERSE,華麗なる大犬円舞曲,0,,-,1353,OSU7K,インドネシア,2040,EEPY,インドネシア,3448,DNM,インドネシア,0,,-
HEROIC VERSE,眠りの国のステラ,0,,-,1170,OSU7K,インドネシア,1772,OSU7K,インドネシア,2731,DNM,インドネシア,0,,-
HEROIC VERSE,狂水一華,0,,-,946,ELAINA,インドネシア,1706,ELAINA,インドネシア,2684,ENMT!,インドネシア,0,,-
HEROIC VERSE,灼熱Beach Side Bunny (Masayoshi Iimori Remix),0,,-,649,INFP,インドネシア,1076,4H0Y!!,インドネシア,1771,666,インドネシア,0,,-
HEROIC VERSE,深淵に捧ぐレクイエム,0,,-,835,OSU7K,インドネシア,1626,YOSHIO,インドネシア,3001,DNM,インドネシア,0,,-
HEROIC VERSE,曼荼羅恋々,0,,-,1095,OSU7K,インドネシア,1682,OSU7K,インドネシア,2734,ENMT!,インドネシア,0,,-
HEROIC VERSE,俺ら東京さ行ぐだ,246,OSU7K,インドネシア,623,OSU7K,インドネシア,1234,P3K0!!,インドネシア,1929,APIN58,インドネシア,3444,DNM,インドネシア
HEROIC VERSE,令和(1991RAVE REMIX),349,OSU7K,インドネシア,555,OSU7K,インドネシア,1350,TASO,インドネシア,2150,ENMT!,インドネシア,0,,-
HEROIC VERSE,ランカーキラーガール,0,,-,1144,OSU7K,インドネシア,1832,JHAYR#,インドネシア,2900,ENMT!,インドネシア,0,,-
HEROIC VERSE,ラブキラ☆スプラッシュ,0,,-,1108,OSU7K,インドネシア,1616,OSU7K,インドネシア,2504,DNM,インドネシア,0,,-
HEROIC VERSE,ピアノ協奏曲第1番”蠍火” (BlackY Remix),0,,-,1015,OSU7K,インドネシア,2046,JHAYR#,インドネシア,3696,ENMT!,インドネシア,0,,-
HEROIC VERSE,バッドエンド・シンドローム,0,,-,1011,-KYO-,インドネシア,1713,MOMI.G,インドネシア,2953,DNM,インドネシア,0,,-
HEROIC VERSE,セピアの軌跡 ft. 天宮みや(少女フラクタル),372,OSU7K,インドネシア,798,OSU7K,インドネシア,1419,OSU7K,インドネシア,2382,DNM,インドネシア,0,,-
HEROIC VERSE,シャムシールの舞,0,,-,745,KARINA,インドネシア,1494,MOMI.G,インドネシア,2527,ENMT!,インドネシア,0,,-
HEROIC VERSE,ガヴリールドロップキック,399,OSU7K,インドネシア,766,OSU7K,インドネシア,1581,MOMI.G,インドネシア,2606,SLUURP,インドネシア,0,,-
HEROIC VERSE,がっつり陰キャ!? 怪盗いいんちょの億劫^^;,0,,-,1539,ELAINA,インドネシア,2629,BURI69,インドネシア,4198,DNM,インドネシア,0,,-
HEROIC VERSE,Ypsilon,0,,-,1059,-KYO-,インドネシア,1696,JK,インドネシア,2874,DNM,インドネシア,3530,DNM,インドネシア
HEROIC VERSE,Voo Doo Bamboleo,0,,-,885,OSU7K,インドネシア,1528,33CC,インドネシア,2454,DNM,インドネシア,0,,-
HEROIC VERSE,Volcanic Dragon,0,,-,1056,OSU7K,インドネシア,1729,MORINO,インドネシア,2924,DNM,インドネシア,0,,-
HEROIC VERSE,Virus Funk,0,,-,768,OSU7K,インドネシア,1472,OSU7K,インドネシア,2172,DNM,インドネシア,0,,-
HEROIC VERSE,Vinculum stellarum,0,,-,923,OSU7K,インドネシア,2349,GENYA*,インドネシア,3601,DNM,インドネシア,0,,-
HEROIC VERSE,VIBRΛ,0,,-,923,OSU7K,インドネシア,1272,OSU7K,インドネシア,1852,ENMT!,インドネシア,0,,-
HEROIC VERSE,VALKYRIAS -英雄誕生-,455,OSU7K,インドネシア,1022,OSU7K,インドネシア,1659,JHAYR#,インドネシア,2727,DNM,インドネシア,0,,-
HEROIC VERSE,UNITE THE HEART,0,,-,1470,OSU7K,インドネシア,2517,BURI69,インドネシア,3257,SKYSPA,インドネシア,0,,-
HEROIC VERSE,TRIUMPH,0,,-,918,OSU7K,インドネシア,1955,ELAINA,インドネシア,3347,DNM,インドネシア,0,,-
HEROIC VERSE,Theory,0,,-,750,OSU7K,インドネシア,1403,MOMOSE,インドネシア,2469,DNM,インドネシア,0,,-
HEROIC VERSE,The Sky of Sadness,0,,-,857,OSU7K,インドネシア,1483,MOMI.G,インドネシア,2348,SKYSPA,インドネシア,0,,-
HEROIC VERSE,THE F∀UST,0,,-,1289,OSU7K,インドネシア,2263,SKYSPA,インドネシア,3586,DNM,インドネシア,0,,-
HEROIC VERSE,THE BRAVE MUST DIE,0,,-,1392,OSU7K,インドネシア,2380,BURI69,インドネシア,3989,DNM,インドネシア,0,,-
HEROIC VERSE,TECHNO Style Essentials,0,,-,989,OSU7K,インドネシア,1603,SHIYOU,インドネシア,2821,DNM,インドネシア,0,,-
HEROIC VERSE,take me higher,0,,-,786,OSU7K,インドネシア,1214,OSU7K,インドネシア,1965,DNM,インドネシア,0,,-
HEROIC VERSE,T-REX vs Velociraptor (In the Far east euphoria),0,,-,1344,ANO.,インドネシア,1801,ELAINA,インドネシア,3167,DNM,インドネシア,0,,-
HEROIC VERSE,Sugar Drippin',0,,-,765,OSU7K,インドネシア,1322,OSU7K,インドネシア,2024,0721,インドネシア,0,,-
HEROIC VERSE,STOIC HYPOTHESIS,0,,-,1104,OSU7K,インドネシア,1765,ELAINA,インドネシア,2781,ENMT!,インドネシア,0,,-
HEROIC VERSE,Sparkle Smilin',0,,-,914,OSU7K,インドネシア,1452,JHAYR#,インドネシア,2470,DNM,インドネシア,0,,-
HEROIC VERSE,Smashing Wedge,0,,-,934,-KYO-,インドネシア,2151,P!GEON,インドネシア,3693,DNM,インドネシア,0,,-
HEROIC VERSE,Ska-sh All Neurons!!,0,,-,968,OSU7K,インドネシア,1424,OSU7K,インドネシア,2309,DNM,インドネシア,0,,-
HEROIC VERSE,Silly Love,250,INFP,インドネシア,782,OSU7K,インドネシア,1346,MA25DX,インドネシア,2059,DNM,インドネシア,0,,-
HEROIC VERSE,Shiva,0,,-,714,INFP,インドネシア,1426,U-GEE,インドネシア,2076,DNM,インドネシア,0,,-
HEROIC VERSE,Sellout,0,,-,534,OSU7K,インドネシア,1036,OSU7K,インドネシア,2107,ENMT!,インドネシア,0,,-
HEROIC VERSE,SCREW // owo // SCREW,0,,-,1085,ELAINA,インドネシア,2076,ELAINA,インドネシア,2938,DNM,インドネシア,0,,-
HEROIC VERSE,S!ck (Nhato Remix),0,,-,966,INFP,インドネシア,1556,OSU7K,インドネシア,2519,DNM,インドネシア,0,,-
HEROIC VERSE,rough percussionythm,0,,-,1000,OSU7K,インドネシア,1623,JHAYR#,インドネシア,2437,DNM,インドネシア,0,,-
HEROIC VERSE,Rave Patroller,0,,-,1336,OSU7K,インドネシア,2268,ELAINA,インドネシア,3357,DNM,インドネシア,0,,-
HEROIC VERSE,Rave lithosphere,0,,-,1070,OSU7K,インドネシア,1686,MA25DX,インドネシア,2544,SHIYOU,インドネシア,0,,-
HEROIC VERSE,Rainstorm,0,,-,970,OSU7K,インドネシア,1455,OSU7K,インドネシア,2246,ENMT!,インドネシア,0,,-
HEROIC VERSE,Queen Kaguya,0,,-,963,OSU7K,インドネシア,1833,KEMU,インドネシア,2572,ENMT!,インドネシア,0,,-
HEROIC VERSE,Punching Down (IIDX Mix),0,,-,616,OSU7K,インドネシア,1095,OSU7K,インドネシア,1758,SHIYOU,インドネシア,0,,-
HEROIC VERSE,Primitive Vibes,572,INFP,インドネシア,1126,OSU7K,インドネシア,1921,BURI69,インドネシア,3056,DNM,インドネシア,0,,-
HEROIC VERSE,POP TEAM EPIC(kors k Remix),317,OSU7K,インドネシア,528,MORINO,インドネシア,1234,OSU7K,インドネシア,2114,BURI69,インドネシア,0,,-
HEROIC VERSE,PHASE SHIFT MANEUVER,0,,-,1237,OSU7K,インドネシア,1696,JHAYR#,インドネシア,2831,DNM,インドネシア,0,,-
HEROIC VERSE,Override,0,,-,933,OSU7K,インドネシア,1557,4H0Y!!,インドネシア,2867,ENMT!,インドネシア,4218,DNM,インドネシア
HEROIC VERSE,OUTER PLANETS,0,,-,670,OSU7K,インドネシア,1373,MRDS,インドネシア,2152,DNM,インドネシア,0,,-
HEROIC VERSE,ORCA,0,,-,1288,OGRCAP,インドネシア,2232,JHAYR#,インドネシア,3378,DNM,インドネシア,0,,-
HEROIC VERSE,Ohayo!,0,,-,936,OSU7K,インドネシア,1503,4H0Y!!,インドネシア,2304,SHIYOU,インドネシア,0,,-
HEROIC VERSE,NRG STAR '86 feat. 大山愛未,0,,-,1009,OSU7K,インドネシア,1464,4H0Y!!,インドネシア,2633,ENMT!,インドネシア,0,,-
HEROIC VERSE,NEWALONE,0,,-,595,OSU7K,インドネシア,1244,OSU7K,インドネシア,1974,SKYSPA,インドネシア,0,,-
HEROIC VERSE,Nasty Techniques,0,,-,978,OSU7K,インドネシア,1638,OSU7K,インドネシア,2628,DNM,インドネシア,0,,-
HEROIC VERSE,Moving on,0,,-,1029,OSU7K,インドネシア,1871,JHAYR#,インドネシア,2962,DNM,インドネシア,0,,-
HEROIC VERSE,Mel,0,,-,779,OSU7K,インドネシア,1498,S.TARO,インドネシア,2161,SKYSPA,インドネシア,2726,DNM,インドネシア
HEROIC VERSE,Megalara Garuda,0,,-,1430,-KYO-,インドネシア,1921,BURI69,インドネシア,3021,DNM,インドネシア,0,,-
HEROIC VERSE,Matt Silver,0,,-,1178,ENMT!,インドネシア,2006,JHAYR#,インドネシア,3273,DNM,インドネシア,0,,-
HEROIC VERSE,Lost Souls,0,,-,689,OSU7K,インドネシア,1615,LUCIEL,インドネシア,2420,ENMT!,インドネシア,3896,DNM,インドネシア
HEROIC VERSE,Lords Of The Roundtable,0,,-,1010,OSU7K,インドネシア,1823,DNM,インドネシア,2899,DNM,インドネシア,0,,-
HEROIC VERSE,Like+it!,0,,-,1037,OSU7K,インドネシア,1665,OSU7K,インドネシア,2326,DNM,インドネシア,0,,-
HEROIC VERSE,LIGHTNING STRIKES,389,CHIMIZ,インドネシア,922,COCOAX,インドネシア,1668,AAAAAA,インドネシア,3232,DNM,インドネシア,4140,DNM,インドネシア
HEROIC VERSE,Level 2,0,,-,922,INFP,インドネシア,1623,ELAINA,インドネシア,2708,DNM,インドネシア,0,,-
HEROIC VERSE,LASER CRUSTER (IGNITE REMIX),0,,-,781,OSU7K,インドネシア,1722,ELAINA,インドネシア,3536,DNM,インドネシア,0,,-
HEROIC VERSE,Jetcoaster Windy,0,,-,648,CODYSB,インドネシア,1389,ELAINA,インドネシア,2192,P!GEON,インドネシア,0,,-
HEROIC VERSE,Into The Madness,0,,-,990,OSU7K,インドネシア,1510,SHAIKO,インドネシア,2504,ENMT!,インドネシア,0,,-
HEROIC VERSE,Infinity Mirror,0,,-,839,OSU7K,インドネシア,1361,OGRCAP,インドネシア,2291,DNM,インドネシア,0,,-
HEROIC VERSE,Inferno of Fomalhaut,0,,-,1010,OSU7K,インドネシア,1783,BURI69,インドネシア,3067,DNM,インドネシア,0,,-
HEROIC VERSE,If,0,,-,788,OSU7K,インドネシア,1306,OSU7K,インドネシア,1891,DNM,インドネシア,0,,-
HEROIC VERSE,Hyper Drive feat. ぷにぷに電機,0,,-,651,INFP,インドネシア,1454,OSU7K,インドネシア,1966,YXX,インドネシア,0,,-
HEROIC VERSE,Horizons of Promise,0,,-,941,OSU7K,インドネシア,1491,M5-D05,インドネシア,2587,*DNM#,インドネシア,0,,-
HEROIC VERSE,Hold My Hand,0,,-,901,OSU7K,インドネシア,1666,JHAYR#,インドネシア,2477,DNM,インドネシア,0,,-
HEROIC VERSE,GIGA VIOLATE,0,,-,1084,OSU7K,インドネシア,1555,OGRCAP,インドネシア,2702,DNM,インドネシア,0,,-
HEROIC VERSE,GHOST,0,,-,774,INFP,インドネシア,1427,JHAYR#,インドネシア,2679,DNM,インドネシア,0,,-
HEROIC VERSE,Friction[!]Function,0,,-,1097,OSU7K,インドネシア,1751,ELAINA,インドネシア,3157,DNM,インドネシア,0,,-
HEROIC VERSE,Forgetting Machine,0,,-,713,OSU7K,インドネシア,1212,OSU7K,インドネシア,1673,SKYSPA,インドネシア,0,,-
HEROIC VERSE,Fly Above (Vicissitude Remix),0,,-,869,OSU7K,インドネシア,1490,DJ55,インドネシア,2353,DNM,インドネシア,0,,-
HEROIC VERSE,fairy cocktail,0,,-,455,OSU7K,インドネシア,1064,OSU7K,インドネシア,1608,MA25DX,インドネシア,0,,-
HEROIC VERSE,EXCITE,329,OSU7K,インドネシア,816,MORINO,インドネシア,1339,MOMOSE,インドネシア,2216,ENMT!,インドネシア,0,,-
HEROIC VERSE,Everlasting Message,0,,-,1204,INFP,インドネシア,2251,BURI69,インドネシア,3701,DNM,インドネシア,0,,-
HEROIC VERSE,EROICA,0,,-,1360,INFP,インドネシア,2286,MI-YAN,インドネシア,3777,DNM,インドネシア,0,,-
HEROIC VERSE,Duration,0,,-,535,OSU7K,インドネシア,1014,OSU7K,インドネシア,1916,BURI69,インドネシア,0,,-
HEROIC VERSE,Drop It,0,,-,1327,MORINO,インドネシア,1882,SKYSPA,インドネシア,2609,YOSHIO,インドネシア,0,,-
HEROIC VERSE,Double Dribble,0,,-,1237,OSU7K,インドネシア,1836,VOID.,インドネシア,3298,DNM,インドネシア,0,,-
HEROIC VERSE,Do What You Want,0,,-,694,OSU7K,インドネシア,1233,H.JYAN,インドネシア,1957,SHIYOU,インドネシア,0,,-
HEROIC VERSE,Dans la nuit de l'eternite,0,,-,1302,HIMIKO,インドネシア,2158,ELAINA,インドネシア,3295,DHIONA,インドネシア,0,,-
HEROIC VERSE,Crank It,0,,-,767,OSU7K,インドネシア,1423,MORINO,インドネシア,2437,ENMT!,インドネシア,0,,-
HEROIC VERSE,Change Yourself,0,,-,940,OSU7K,インドネシア,1670,OSU7K,インドネシア,2502,ENMT!,インドネシア,0,,-
HEROIC VERSE,Calvados Queen,0,,-,964,OSU7K,インドネシア,1508,33CC,インドネシア,2406,ENMT!,インドネシア,0,,-
HEROIC VERSE,Bow shock!!,0,,-,805,U-GEE,インドネシア,1899,H-CUP!,インドネシア,3075,DNM,インドネシア,4213,DNM,インドネシア
HEROIC VERSE,Beautiful Harmony (IIDX Mix),0,,-,873,INFP,インドネシア,1661,JHAYR#,インドネシア,2383,DNM,インドネシア,0,,-
HEROIC VERSE,beatAffection,0,,-,1007,OSU7K,インドネシア,1533,OGRCAP,インドネシア,2615,SKYSPA,インドネシア,0,,-
HEROIC VERSE,BEAT PRISONER,0,,-,1193,INFP,インドネシア,1962,MOMI.G,インドネシア,3568,DNM,インドネシア,0,,-
HEROIC VERSE,Backyard Stars,0,,-,1032,OSU7K,インドネシア,1622,CLUB.I,インドネシア,2192,ENMT!,インドネシア,0,,-
HEROIC VERSE,Artist,0,,-,1255,OSU7K,インドネシア,2301,BURI69,インドネシア,3512,DNM,インドネシア,0,,-
HEROIC VERSE,And-RoiD,0,,-,729,OSU7K,インドネシア,1298,TAKES,インドネシア,1972,!,インドネシア,0,,-
HEROIC VERSE,AKASHIC BREAK,0,,-,1236,OSU7K,インドネシア,2345,ELAINA,インドネシア,3562,DNM,インドネシア,0,,-
HEROIC VERSE,Advent Infamous,0,,-,994,INFP,インドネシア,1646,JHAYR#,インドネシア,2770,SKYSPA,インドネシア,0,,-
HEROIC VERSE,27th style,0,,-,1140,TAKES,インドネシア,1676,P!GEON,インドネシア,2483,SLUURP,インドネシア,2839,GENYA*,インドネシア
HAPPY SKY,Don't let it go,0,,-,703,890,インドネシア,1235,P!GEON,インドネシア,1661,SKYSPA,インドネシア,0,,-
GOLD,2hot2eat,0,,-,351,KONPO,インドネシア,1126,INDMAN,インドネシア,1514,YOSHIO,インドネシア,0,,-
DJ TROOPERS,高高度降下低高度開傘,0,,-,892,INFP,インドネシア,1448,OGRCAP,インドネシア,1982,DNM,インドネシア,0,,-
EMPRESS,thunder HOUSE NATION Remix,0,,-,1016,OGUMAN,インドネシア,1409,UNHCR,インドネシア,2383,GOFILE,インドネシア,3865,DNM,インドネシア
EMPRESS,Marie Antoinette,0,,-,1022,INFP,インドネシア,1854,OGRCAP,インドネシア,2500,SORA,インドネシア,3185,DNM,インドネシア
BISTROVER,魔法のかくれんぼ,0,,-,745,MAMANX,インドネシア,1584,P!GEON,インドネシア,2775,DNM,インドネシア,0,,-
BISTROVER,霧幻メモリア,0,,-,933,OSU7K,インドネシア,1394,OSU7K,インドネシア,2001,YXX,インドネシア,0,,-
BISTROVER,閠槞彁の願い,0,,-,1022,INFP,インドネシア,2101,ALOE,インドネシア,3107,DNM,インドネシア,0,,-
BISTROVER,紅蓮華,153,OSU7K,インドネシア,524,OSU7K,インドネシア,962,OSU7K,インドネシア,1478,ENMT!,インドネシア,0,,-
BISTROVER,犬に雨傘,0,,-,864,OSU7K,インドネシア,1391,LEVEL0,インドネシア,2049,ENMT!,インドネシア,0,,-
BISTROVER,無意識のフィロソフィア,0,,-,1087,HIMIKO,インドネシア,2161,.,インドネシア,3319,DNM,インドネシア,0,,-
BISTROVER,涙のテ・エストラーニョ・ムーチョ,0,,-,1333,OSU7K,インドネシア,1931,*#06#,インドネシア,2728,ALOE,インドネシア,0,,-
BISTROVER,水鏡の異界,0,,-,870,OSU7K,インドネシア,1659,P!GEON,インドネシア,3143,DNM,インドネシア,0,,-
BISTROVER,水無月の雫 ft. 小林まな,0,,-,1224,OSU7K,インドネシア,1722,OSU7K,インドネシア,2577,DNM,インドネシア,0,,-
BISTROVER,新宝島,502,OSU7K,インドネシア,769,OSU7K,インドネシア,1365,ANO.,インドネシア,2348,ENMT!,インドネシア,3536,DNM,インドネシア
BISTROVER,儚き恋の華,0,,-,1046,OSU7K,インドネシア,1801,JHAYR#,インドネシア,2951,ENMT!,インドネシア,0,,-
BISTROVER,伐折羅-vajra-,0,,-,1116,INFP,インドネシア,2067,BURI69,インドネシア,3625,DNM,インドネシア,0,,-
BISTROVER,二人ノ廃城幽踊宴,0,,-,1151,INFP,インドネシア,2171,BURI69,インドネシア,3469,DNM,インドネシア,0,,-
BISTROVER,乱膳の舞姫,0,,-,1041,INFP,インドネシア,1743,4H0Y!!,インドネシア,2702,DNM,インドネシア,0,,-
BISTROVER,世界の果てに約束の凱歌を -ReUnion-,0,,-,1160,INFP,インドネシア,1886,*SHY#,インドネシア,3851,DNM,インドネシア,0,,-
BISTROVER,バッド・スイーツ、バッド・ドリーム,0,,-,1080,OSU7K,インドネシア,1823,P!GEON,インドネシア,3478,DNM,インドネシア,0,,-
BISTROVER,ディスコルディア,0,,-,1320,JK,インドネシア,2273,P!GEON,インドネシア,3812,DNM,インドネシア,0,,-
BISTROVER,スーパー戦湯ババンバーン,0,,-,1230,-KYO-,インドネシア,2062,*#06#,インドネシア,3414,DNM,インドネシア,0,,-
BISTROVER,ここからよろしく大作戦143,261,OSU7K,インドネシア,946,OSU7K,インドネシア,1732,4H0Y!!,インドネシア,2507,DNM,インドネシア,3163,DNM,インドネシア
BISTROVER,∀,596,OSU7K,インドネシア,1306,OSU7K,インドネシア,2223,BURI69,インドネシア,3485,ENMT!,インドネシア,0,,-
BISTROVER,Zenith,0,,-,827,INFP,インドネシア,1320,SANYA,インドネシア,2081,SLUURP,インドネシア,0,,-
BISTROVER,X-ray binary,0,,-,975,OSU7K,インドネシア,1870,*#06#,インドネシア,2798,DNM,インドネシア,0,,-
BISTROVER,Winner's Proof ft. KANASA from bless4,265,HIMIKO,インドネシア,742,INFP,インドネシア,1341,HIMIKO,インドネシア,2184,SKYSPA,インドネシア,0,,-
BISTROVER,When I Met U,0,,-,871,OSU7K,インドネシア,1262,FAUNA,インドネシア,2044,ENMT!,インドネシア,0,,-
BISTROVER,WAKE UP NOW,0,,-,934,INFP,インドネシア,1370,4H0Y!!,インドネシア,1994,DNM,インドネシア,2470,DNM,インドネシア
BISTROVER,Vitrum,0,,-,1043,OSU7K,インドネシア,1716,P!GEON,インドネシア,3535,DNM,インドネシア,0,,-
BISTROVER,Viridian,0,,-,1022,-KYO-,インドネシア,1959,BURI69,インドネシア,3335,DNM,インドネシア,0,,-
BISTROVER,TOMORROW,428,HIMIKO,インドネシア,761,OSU7K,インドネシア,1468,OSU7K,インドネシア,2217,TASO,インドネシア,0,,-
BISTROVER,Tiempo Loco,0,,-,1046,OSU7K,インドネシア,1995,BURI69,インドネシア,3678,DNM,インドネシア,0,,-
BISTROVER,The Wind of China Express(The 4th Mashup),0,,-,978,OSU7K,インドネシア,1644,4H0Y!!,インドネシア,2549,SKYSPA,インドネシア,0,,-
BISTROVER,THE PEERLESS UNDER HEAVEN,0,,-,1078,SANYA,インドネシア,1977,*#06#,インドネシア,3271,SHIYOU,インドネシア,0,,-
BISTROVER,That Feeling,0,,-,715,INFP,インドネシア,1189,OGRCAP,インドネシア,1866,*SHY#,インドネシア,0,,-
BISTROVER,Tell me what you wish feat.らっぷびと,0,,-,1100,INFP,インドネシア,1605,R0U$H1,インドネシア,2825,SKYSPA,インドネシア,0,,-
BISTROVER,Swarm Of Scarabs,0,,-,1034,OSU7K,インドネシア,1507,MOMI.G,インドネシア,2351,DNM,インドネシア,0,,-
BISTROVER,Sugarplum,0,,-,856,INFP,インドネシア,1835,4H0Y!!,インドネシア,2515,DNM,インドネシア,0,,-
BISTROVER,SOLID STATE SQUAD -RISEN RELIC REMIX-,0,,-,1261,OSU7K,インドネシア,2237,BURI69,インドネシア,3238,DNM,インドネシア,0,,-
BISTROVER,So Punky,0,,-,873,OSU7K,インドネシア,1594,P3K0!!,インドネシア,2518,YOSHIO,インドネシア,0,,-
BISTROVER,smooooch・∀・ (Snail's House Remix),0,,-,861,OSU7K,インドネシア,1551,OSU7K,インドネシア,2326,ENMT!,インドネシア,0,,-
BISTROVER,Sinus Iridum,0,,-,1191,MI-YAN,インドネシア,2022,SKYSPA,インドネシア,3121,DNM,インドネシア,0,,-
BISTROVER,Scandal,0,,-,944,OSU7K,インドネシア,1827,BC.DZ,インドネシア,2756,SHIYOU,インドネシア,0,,-
BISTROVER,S-Bahn,0,,-,928,OSU7K,インドネシア,1526,OSU7K,インドネシア,2169,DNM,インドネシア,0,,-
BISTROVER,Rubrum Piano,0,,-,924,OSU7K,インドネシア,1652,OSU7K,インドネシア,2431,DNM,インドネシア,0,,-
BISTROVER,Rub-a Dub-a,0,,-,908,OSU7K,インドネシア,1453,OSU7K,インドネシア,2118,P!GEON,インドネシア,0,,-
BISTROVER,Rowdy,0,,-,1029,OSU7K,インドネシア,1518,JHAYR#,インドネシア,2481,DNM,インドネシア,0,,-
BISTROVER,Rosa azuL,0,,-,875,OSU7K,インドネシア,1720,4H0Y!!,インドネシア,2723,DNM,インドネシア,0,,-
BISTROVER,rommmo,0,,-,1175,OSU7K,インドネシア,1796,TAKES,インドネシア,3417,DNM,インドネシア,0,,-
BISTROVER,Romanticが止まらない,385,OSU7K,インドネシア,937,OSU7K,インドネシア,1630,*#06#,インドネシア,2722,DNM,インドネシア,0,,-
BISTROVER,Ritual of Anubis,0,,-,1138,OSU7K,インドネシア,1774,JHAYR#,インドネシア,2764,DNM,インドネシア,0,,-
BISTROVER,Rejection Girl,0,,-,892,CROSS,インドネシア,1602,4H0Y!!,インドネシア,2646,DNM,インドネシア,0,,-
BISTROVER,POLKAMAИIA,0,,-,981,OSU7K,インドネシア,1789,*#06#,インドネシア,2777,3NONO,インドネシア,0,,-
BISTROVER,Playball,0,,-,668,INFP,インドネシア,881,HIMIKO,インドネシア,1365,MA25DX,インドネシア,0,,-
BISTROVER,Parvati,0,,-,958,INFP,インドネシア,1807,P!GEON,インドネシア,2794,DNM,インドネシア,0,,-
BISTROVER,Party Starter,0,,-,964,OSU7K,インドネシア,1466,ANO.,インドネシア,2232,SORA,インドネシア,0,,-
BISTROVER,Para siempre,0,,-,927,OSU7K,インドネシア,1498,P3K0!!,インドネシア,2850,DNM,インドネシア,0,,-
BISTROVER,Overslept,0,,-,1106,OSU7K,インドネシア,1680,OSU7K,インドネシア,2535,ENMT!,インドネシア,0,,-
BISTROVER,OTOKOZAKA,0,,-,771,*.EXE,インドネシア,1815,JHAYR#,インドネシア,2894,DNM,インドネシア,0,,-
BISTROVER,of the first magnitude,0,,-,1018,OSU7K,インドネシア,1796,4H0Y!!,インドネシア,2948,DNM,インドネシア,0,,-
BISTROVER,Ocean Blue feat. Luschel,0,,-,829,OSU7K,インドネシア,1415,4H0Y!!,インドネシア,2449,ENMT!,インドネシア,0,,-
BISTROVER,Neo Heritage,0,,-,939,OSU7K,インドネシア,1616,4H0Y!!,インドネシア,2837,DNM,インドネシア,0,,-
BISTROVER,MOVE! (We Keep It Movin'),0,,-,709,INFP,インドネシア,1243,P3K0!!,インドネシア,2165,DNM,インドネシア,0,,-
BISTROVER,Midnight Drive,0,,-,575,OSU7K,インドネシア,1239,ANO.,インドネシア,1928,TASO,インドネシア,0,,-
BISTROVER,MEGAERA,0,,-,1410,INFP,インドネシア,2071,BURI69,インドネシア,3390,DNM,インドネシア,0,,-
BISTROVER,MA・TSU・RI,0,,-,915,JAW2R,インドネシア,1818,SANYA,インドネシア,2576,DNM,インドネシア,0,,-
BISTROVER,Mars beach,0,,-,606,OSU7K,インドネシア,1325,BC.DZ,インドネシア,2226,ENMT!,インドネシア,0,,-
BISTROVER,Lovely Howdy Cowboy!!,0,,-,1064,OSU7K,インドネシア,1784,JHAYR#,インドネシア,2730,SKYSPA,インドネシア,0,,-
BISTROVER,LOCUS OF THE TRAVEL,0,,-,1079,INFP,インドネシア,2299,JK,インドネシア,3611,DNM,インドネシア,0,,-
BISTROVER,LIKE A VAMPIRE,0,,-,1024,INFP,インドネシア,1675,JHAYR#,インドネシア,2737,DNM,インドネシア,0,,-
BISTROVER,Level 3,0,,-,1137,INFP,インドネシア,2247,ENMT!,インドネシア,3317,SHIYOU,インドネシア,0,,-
BISTROVER,LAST DAY,0,,-,1105,OSU7K,インドネシア,1659,4H0Y!!,インドネシア,3050,DNM,インドネシア,0,,-
BISTROVER,Jungle Eater,0,,-,1002,OSU7K,インドネシア,1794,443*,インドネシア,2953,DNM,インドネシア,0,,-
BISTROVER,innocent revolver,0,,-,1097,INFP,インドネシア,2302,BURI69,インドネシア,3822,DNM,インドネシア,0,,-
BISTROVER,IIDX RED Ending (Ryu☆Remix),0,,-,629,OSU7K,インドネシア,1137,******,インドネシア,1839,DNM,インドネシア,0,,-
BISTROVER,Ignis†Irae,0,,-,1077,SANYA,インドネシア,2298,BURI69,インドネシア,3597,DNM,インドネシア,0,,-
BISTROVER,HIGH VOLTAGE,0,,-,804,OSU7K,インドネシア,1372,K53,インドネシア,2228,DNM,インドネシア,0,,-
BISTROVER,Here We Are,399,OSU7K,インドネシア,1063,OSU7K,インドネシア,1644,JHAYR#,インドネシア,2461,DNM,インドネシア,0,,-
BISTROVER,"Hands Up feat. kradness BEMANI Sound Team ""Sota Fujimori"" Remix",0,,-,1110,OSU7K,インドネシア,1748,MA25DX,インドネシア,2320,BURI69,インドネシア,0,,-
BISTROVER,Globe Glitter,0,,-,995,INFP,インドネシア,1573,JHAYR#,インドネシア,2649,SKYSPA,インドネシア,0,,-
BISTROVER,GIGA RAID,0,,-,949,OSU7K,インドネシア,1826,JHAYR#,インドネシア,2372,SKYSPA,インドネシア,0,,-
BISTROVER,Frisk And Squeak,0,,-,780,INFP,インドネシア,1491,*#06#,インドネシア,2395,DNM,インドネシア,0,,-
BISTROVER,Fire Beat,0,,-,917,IIDX33,インドネシア,1725,O3A6.K,インドネシア,2725,DNM,インドネシア,0,,-
BISTROVER,Farewell to Marrakech,0,,-,887,OSU7K,インドネシア,1461,OSU7K,インドネシア,2192,ENMT!,インドネシア,0,,-
BISTROVER,Explorer feat. ぷにぷに電機,0,,-,723,INFP,インドネシア,1263,OSU7K,インドネシア,2123,KENKEN,インドネシア,2841,DNM,インドネシア
BISTROVER,Euphoric Lagoon,0,,-,867,OSU7K,インドネシア,1551,OSU7K,インドネシア,2577,DNM,インドネシア,0,,-
BISTROVER,Empire of Fury,0,,-,1330,OSU7K,インドネシア,2076,BURI69,インドネシア,3258,DNM,インドネシア,0,,-
BISTROVER,DUAL STRIKER,0,,-,1149,-KYO-,インドネシア,2361,VOID.,インドネシア,3823,DNM,インドネシア,0,,-
BISTROVER,Don't Stop The Music feat. Kanae Asaba,0,,-,679,OSU7K,インドネシア,1260,INFP,インドネシア,1852,ENMT!,インドネシア,0,,-
BISTROVER,DENIM,0,,-,586,INFP,インドネシア,1217,RISU.A,インドネシア,1685,YXX,インドネシア,0,,-
BISTROVER,Dawn Saga,0,,-,902,OSU7K,インドネシア,1618,KENKEN,インドネシア,2692,DNM,インドネシア,0,,-
BISTROVER,Danza Aestas,0,,-,985,INFP,インドネシア,1663,OGRCAP,インドネシア,2974,DNM,インドネシア,0,,-
BISTROVER,Crazy Jackpot,0,,-,954,-KYO-,インドネシア,1612,*#06#,インドネシア,2793,ENMT!,インドネシア,0,,-
BISTROVER,COSMIC RAY,0,,-,1201,INFP,インドネシア,2128,BURI69,インドネシア,2863,DNM,インドネシア,0,,-
BISTROVER,CONNECT-,0,,-,995,OSU7K,インドネシア,1768,OSU7K,インドネシア,2890,SLUURP,インドネシア,0,,-
BISTROVER,Chewingood!!!,294,INFP,インドネシア,846,OSU7K,インドネシア,1481,JK,インドネシア,2591,SKYSPA,インドネシア,0,,-
BISTROVER,Burning Flame,0,,-,1159,INFP,インドネシア,1731,OSU7K,インドネシア,2856,DNM,インドネシア,3715,DNM,インドネシア
BISTROVER,Breakin' Rules,0,,-,1226,OSU7K,インドネシア,1689,4H0Y!!,インドネシア,2719,SKYSPA,インドネシア,0,,-
BISTROVER,Brahma,0,,-,1195,P!GEON,インドネシア,1617,BC.DZ,インドネシア,2805,ENMT!,インドネシア,0,,-
BISTROVER,BLACK or WHITE?,612,DEJIKO,インドネシア,1237,-KYO-,インドネシア,2386,*#06#,インドネシア,3903,DNM,インドネシア,0,,-
BISTROVER,BIGソムタム,443,CHIMIZ,インドネシア,1248,MOMOSE,インドネシア,1870,SANYA,インドネシア,3349,DNM,インドネシア,0,,-
BISTROVER,BEMANI PRO LEAGUE Theme,0,,-,756,INFP,インドネシア,1352,OSU7K,インドネシア,1953,ENMT!,インドネシア,0,,-
BISTROVER,ASIAN VIRTUAL REALITIES (MELTING TOGETHER IN DAZZLING DARKNESS),0,,-,1037,OSU7K,インドネシア,1835,P!GEON,インドネシア,3233,DNM,インドネシア,0,,-
BISTROVER,As You Want,0,,-,832,INFP,インドネシア,1420,BC.DZ,インドネシア,2371,ALOE,インドネシア,0,,-
BISTROVER,apo:llioth,0,,-,1212,OSU7K,インドネシア,1982,OSU7K,インドネシア,2901,DNM,インドネシア,0,,-
BISTROVER,AMRITA -不滅ノ花-,0,,-,894,OSU7K,インドネシア,1566,JK,インドネシア,2752,DNM,インドネシア,0,,-
BISTROVER,Ah Hah Yeah,0,,-,661,INFP,インドネシア,1315,BC.DZ,インドネシア,2059,TASO,インドネシア,0,,-
BISTROVER,ABSOLUTE (kors k Remix),0,,-,922,-KYO-,インドネシア,1492,JHAYR#,インドネシア,2563,SLUURP,インドネシア,0,,-
BISTROVER,3!dolon Forc3,0,,-,816,XIXZER,インドネシア,1539,P!GEON,インドネシア,2752,*SHY#,インドネシア,0,,-
BISTROVER,-65℃,0,,-,1365,SANYA,インドネシア,2206,BURI69,インドネシア,3709,DNM,インドネシア,0,,-
7th style,Somebody Like You,0,,-,551,S,インドネシア,1146,MI-YAN,インドネシア,1752,KEMU,インドネシア,0,,-
10th style,SCORE,0,,-,1048,WATANE,インドネシア,1307,-KYO-,インドネシア,2017,YXX,インドネシア,0,,-
HAPPY SKY,mind the gap,0,,-,421,*.EXE,インドネシア,946,-KYO-,インドネシア,1540,DNM,インドネシア,0,,-
SIRIUS,Do Back Burn,0,,-,630,A-ZERO,インドネシア,1370,OGRCAP,インドネシア,2095,DNM,インドネシア,0,,-
Lincle,GIGANT,0,,-,511,AAAAAA,インドネシア,1064,-KYO-,インドネシア,1755,APIN58,インドネシア,2834,ENMT!,インドネシア
CastHour,黒紅掬い,0,,-,647,INFP,インドネシア,1200,P!GEON,インドネシア,1812,ENMT!,インドネシア,0,,-
CastHour,青の洞窟,0,,-,872,INFP,インドネシア,1882,-KYO-,インドネシア,3107,ENMT!,インドネシア,0,,-
CastHour,雪上断火,0,,-,922,JYXLCE,インドネシア,1800,666,インドネシア,2895,DNM,インドネシア,0,,-
CastHour,逆月,0,,-,1506,ENMT!,インドネシア,2285,VOID.,インドネシア,3679,DNM,インドネシア,0,,-
CastHour,踊,180,OSU7K,インドネシア,362,OSU7K,インドネシア,805,INFP,インドネシア,1624,ENMT!,インドネシア,2032,EEPY,インドネシア
CastHour,禊,0,,-,1061,OSU7K,インドネシア,2219,BURI69,インドネシア,3158,DNM,インドネシア,0,,-
CastHour,烽火連天の刃,0,,-,954,GONOO,インドネシア,2229,BURI69,インドネシア,3357,DNM,インドネシア,4232,DNM,インドネシア
CastHour,月とミルク,0,,-,983,OSU7K,インドネシア,1548,OSU7K,インドネシア,2773,DNM,インドネシア,0,,-
CastHour,愛しくてラヴィンユー ft. マナ,0,,-,788,INFP,インドネシア,1455,P!GEON,インドネシア,2388,DNM,インドネシア,0,,-
CastHour,怪物,335,INFP,インドネシア,736,INFP,インドネシア,1197,MA25DX,インドネシア,2399,ENMT!,インドネシア,3279,DNM,インドネシア
CastHour,天邪鬼,394,DEJIKO,インドネシア,944,4H0Y!!,インドネシア,1658,4H0Y!!,インドネシア,3284,DNM,インドネシア,0,,-
CastHour,口カラ凸ゲキ,0,,-,917,OSU7K,インドネシア,1473,INFP,インドネシア,2332,DNM,インドネシア,0,,-
CastHour,ミュージック・アワー,526,INFP,インドネシア,1127,INFP,インドネシア,2072,4H0Y!!,インドネシア,2963,ENMT!,インドネシア,4058,DNM,インドネシア
CastHour,"ピアノ独奏無言歌 ""灰燼""",0,,-,1156,MOMOSE,インドネシア,2328,SLUURP,インドネシア,3588,ENMT!,インドネシア,0,,-
CastHour,ハイテックトキオ,0,,-,1062,-KYO-,インドネシア,1803,E.F-D,インドネシア,2655,DNM,インドネシア,3205,DNM,インドネシア
CastHour,ナイトフィクション,0,,-,709,OSU7K,インドネシア,1514,OGRCAP,インドネシア,2133,DNM,インドネシア,0,,-
CastHour,デモーニッシュ,258,INFP,インドネシア,886,INFP,インドネシア,1443,INFP,インドネシア,2346,ENMT!,インドネシア,3010,*SHY#,インドネシア
CastHour,シル・ヴ・プレジデント,301,MA25DX,インドネシア,649,OSU7K,インドネシア,1207,MOMOSE,インドネシア,1788,ENMT!,インドネシア,2559,DNM,インドネシア
CastHour,グッバイ宣言,573,OSU7K,インドネシア,1083,-KYO-,インドネシア,1762,R0U$H1,インドネシア,3093,ENMT!,インドネシア,3650,DNM,インドネシア
CastHour,オールトの雲,0,,-,1196,OSU7K,インドネシア,1956,OSU7K,インドネシア,2630,ENMT!,インドネシア,0,,-
CastHour,オドループ,500,OSU7K,インドネシア,1086,OSU7K,インドネシア,1527,BC.DZ,インドネシア,2342,DNM,インドネシア,2986,DNM,インドネシア
CastHour,ウツシミウツシ,0,,-,1233,OSU7K,インドネシア,1975,INFP,インドネシア,3129,ENMT!,インドネシア,0,,-
CastHour,アクマフカ,0,,-,697,48R,インドネシア,1489,OGRCAP,インドネシア,2274,ENMT!,インドネシア,0,,-
CastHour,めでてえ,0,,-,1071,INFP,インドネシア,1671,OGRCAP,インドネシア,2605,ENMT!,インドネシア,0,,-
CastHour,ぐだふわエブリデー,255,INFP,インドネシア,675,INFP,インドネシア,1281,OSU7K,インドネシア,2235,TKSM..,インドネシア,0,,-
CastHour,あいつら全員同窓会,360,INFP,インドネシア,635,OSU7K,インドネシア,1175,OSU7K,インドネシア,2010,SKYSPA,インドネシア,0,,-
CastHour,《GRANDMASTER》,0,,-,938,INFP,インドネシア,1713,INFP,インドネシア,2872,ENMT!,インドネシア,0,,-
CastHour,Xyndrome,0,,-,922,OSU7K,インドネシア,1572,-KYO-,インドネシア,2892,DNM,インドネシア,0,,-
CastHour,Wonderful Escape,0,,-,949,OSU7K,インドネシア,1427,OSU7K,インドネシア,2083,DNM,インドネシア,0,,-
CastHour,WHA,0,,-,1115,-KYO-,インドネシア,2180,BURI69,インドネシア,3515,DNM,インドネシア,0,,-
CastHour,VR - Virtual Reality (prod.by Snail's House),297,INFP,インドネシア,613,OSU7K,インドネシア,1137,OSU7K,インドネシア,1810,MA25DX,インドネシア,2410,DNM,インドネシア
CastHour,Votania Beat,0,,-,1060,OSU7K,インドネシア,1579,4H0Y!!,インドネシア,2504,SKYSPA,インドネシア,0,,-
CastHour,Victory Of Ravers,0,,-,1016,OSU7K,インドネシア,1720,4H0Y!!,インドネシア,2542,DNM,インドネシア,0,,-
CastHour,Ventriloquist,0,,-,768,OSU7K,インドネシア,1493,OSU7K,インドネシア,2409,SLUURP,インドネシア,0,,-
CastHour,Triple Cross,582,INFP,インドネシア,1114,-KYO-,インドネシア,2268,P!GEON,インドネシア,3286,DNM,インドネシア,0,,-
CastHour,TOMAHAWK,0,,-,1247,INFP,インドネシア,2240,KEMU,インドネシア,3387,DNM,インドネシア,0,,-
CastHour,Tail Lights,0,,-,1089,OSU7K,インドネシア,1882,OSU7K,インドネシア,3079,DNM,インドネシア,0,,-
CastHour,Stepper,0,,-,688,INFP,インドネシア,1475,4H0Y!!,インドネシア,2141,0721,インドネシア,0,,-
CastHour,SPARK IN THE NIGHT,0,,-,540,PVNRY,インドネシア,1430,JHAYR#,インドネシア,2246,DNM,インドネシア,0,,-
CastHour,Souhait bleu,0,,-,903,OSU7K,インドネシア,1836,P!GEON,インドネシア,2706,DNM,インドネシア,0,,-
CastHour,SOLID WYVERN,0,,-,1171,OSU7K,インドネシア,1879,4H0Y!!,インドネシア,2585,ENMT!,インドネシア,3838,DNM,インドネシア
CastHour,Smalt #28598F,0,,-,1053,INFP,インドネシア,2289,BURI69,インドネシア,3317,DNM,インドネシア,0,,-
CastHour,Skreaming for Salvation,0,,-,835,ENMT!,インドネシア,1998,BURI69,インドネシア,3039,ENMT!,インドネシア,0,,-
CastHour,Silver Bullet,0,,-,1116,INFP,インドネシア,1951,BURI69,インドネシア,3146,DNM,インドネシア,0,,-
CastHour,RAGE feat.H14 of LEONAIR,347,CHANGG,インドネシア,1097,MA25DX,インドネシア,2176,BURI69,インドネシア,3360,DNM,インドネシア,0,,-
CastHour,Push on Beats!～音ゲの国のeX-ストリーマー～,0,,-,1173,UE8RAI,インドネシア,1861,APIN58,インドネシア,3341,DNM,インドネシア,0,,-
CastHour,Purple Perplex,0,,-,1112,INFP,インドネシア,1849,BURI69,インドネシア,2945,DNM,インドネシア,0,,-
CastHour,Prohibited Props,0,,-,1026,OSU7K,インドネシア,1517,OSU7K,インドネシア,2237,ALOE,インドネシア,2847,DNM,インドネシア
CastHour,Pout,0,,-,1002,SH!U,インドネシア,1705,4H0Y!!,インドネシア,2599,DNM,インドネシア,0,,-
CastHour,PLASMA SOUL NIGHT feat. Nana Takahashi / 709sec.,288,JESSE*,インドネシア,1466,OGRCAP,インドネシア,2574,BURI69,インドネシア,4445,DNM,インドネシア,0,,-
CastHour,PIRATES BLADE,0,,-,904,OSU7K,インドネシア,1483,OSU7K,インドネシア,2139,DNM,インドネシア,0,,-
CastHour,P.O.W.E.R.,0,,-,1018,OSU7K,インドネシア,1656,4H0Y!!,インドネシア,2298,ENMT!,インドネシア,0,,-
CastHour,Onyx,0,,-,880,INFP,インドネシア,1452,OGRCAP,インドネシア,2390,DNM,インドネシア,0,,-
CastHour,One for All,0,,-,961,INFP,インドネシア,1734,P!GEON,インドネシア,3141,DNM,インドネシア,0,,-
CastHour,Non Stop Rock,0,,-,774,OSU7K,インドネシア,1226,OSU7K,インドネシア,1818,ENMT!,インドネシア,0,,-
CastHour,Nocturnal 2097,0,,-,909,INFP,インドネシア,1904,GENYA*,インドネシア,2898,DNM,インドネシア,0,,-
CastHour,No Day But Today!,433,OSU7K,インドネシア,727,OSU7K,インドネシア,1288,OSU7K,インドネシア,1962,DNM,インドネシア,0,,-
CastHour,n/a,0,,-,1198,KEMU,インドネシア,1888,VOID.,インドネシア,3377,DNM,インドネシア,0,,-
CastHour,N.O.,0,,-,807,OSU7K,インドネシア,1457,INFP,インドネシア,2504,DNM,インドネシア,0,,-
CastHour,LIVE DRIVING!! feat. 花たん,0,,-,1568,-KYO-,インドネシア,2464,BURI69,インドネシア,3829,DNM,インドネシア,0,,-
CastHour,Legendary Treasures,0,,-,1109,INFP,インドネシア,1727,4H0Y!!,インドネシア,2850,ENMT!,インドネシア,0,,-
CastHour,Lawes's Parotia,0,,-,891,OSU7K,インドネシア,1694,GENYA*,インドネシア,2545,DNM,インドネシア,0,,-
CastHour,kors k's How to make OTOGE CORE,0,,-,757,INFP,インドネシア,1422,INFP,インドネシア,2217,ENMT!,インドネシア,0,,-
CastHour,ILAYZA,0,,-,1144,INFP,インドネシア,1984,OSU7K,インドネシア,2812,DNM,インドネシア,0,,-
CastHour,HEARTACHE,0,,-,477,JHAYR#,インドネシア,1103,******,インドネシア,1828,ENMT!,インドネシア,0,,-
CastHour,Hat Surprise,0,,-,678,INFP,インドネシア,1573,MOMOSE,インドネシア,2427,SKYSPA,インドネシア,0,,-
CastHour,Harmonia,0,,-,736,IIDX1,インドネシア,1212,P!GEON,インドネシア,2014,DNM,インドネシア,0,,-
CastHour,hard-wired,0,,-,1489,-KYO-,インドネシア,2161,VOID.,インドネシア,3412,DNM,インドネシア,0,,-
CastHour,GRAVITON,0,,-,935,GONOO,インドネシア,2022,TKSM..,インドネシア,3456,DNM,インドネシア,0,,-
CastHour,GiGaGaHell,0,,-,1319,MI-YAN,インドネシア,1972,BURI69,インドネシア,3024,DNM,インドネシア,0,,-
CastHour,"Get set, Go! feat.Kanae Asaba",0,,-,837,MA25DX,インドネシア,1447,MA25DX,インドネシア,2109,DNM,インドネシア,0,,-
CastHour,Game Changers,0,,-,702,JYXLCE,インドネシア,1401,YOSHIO,インドネシア,2662,KEMU,インドネシア,0,,-
CastHour,Flying Castle,0,,-,1001,JYXLCE,インドネシア,2236,BURI69,インドネシア,3603,DNM,インドネシア,0,,-
CastHour,FINALLY BLAZE,0,,-,909,OSU7K,インドネシア,1721,INFP,インドネシア,2773,DNM,インドネシア,0,,-
CastHour,Fegrix,0,,-,1234,OSU7K,インドネシア,2243,P!GEON,インドネシア,3258,DNM,インドネシア,0,,-
CastHour,Fantastic Merry-Go-Round,0,,-,1044,OSU7K,インドネシア,1469,OSU7K,インドネシア,2094,YXX,インドネシア,0,,-
CastHour,Ergosphere,0,,-,942,INFP,インドネシア,1737,INFP,インドネシア,2706,ENMT!,インドネシア,0,,-
CastHour,EMOTiON TRiPPER,0,,-,919,INFP,インドネシア,1418,-KYO-,インドネシア,2181,SKYSPA,インドネシア,0,,-
CastHour,Emera,0,,-,694,SK8S,インドネシア,1564,4H0Y!!,インドネシア,2310,DNM,インドネシア,0,,-
CastHour,DREAM OF SPACE UFO ABDUCTION,0,,-,1057,OSU7K,インドネシア,1782,UE8RAI,インドネシア,2663,DNM,インドネシア,0,,-
CastHour,Don't believe the hype,0,,-,1096,OSU7K,インドネシア,2143,JHAYR#,インドネシア,3102,DNM,インドネシア,0,,-
CastHour,Divine Heaven,0,,-,915,MOMOSE,インドネシア,1894,OGRCAP,インドネシア,2959,DNM,インドネシア,0,,-
CastHour,DISPARATE,0,,-,1007,OSU7K,インドネシア,1735,MA25DX,インドネシア,2409,ENMT!,インドネシア,0,,-
CastHour,Brave Spirits,0,,-,698,INFP,インドネシア,1371,INFP,インドネシア,2428,DNM,インドネシア,0,,-
CastHour,Blue Bird feat. Kanae Asaba,0,,-,644,INFP,インドネシア,1091,OSU7K,インドネシア,1774,ENMT!,インドネシア,0,,-
CastHour,Binary Black Hole,0,,-,1282,INFP,インドネシア,2233,JHAYR#,インドネシア,3824,DNM,インドネシア,0,,-
CastHour,Banger Banger Banger Banger,0,,-,932,INFP,インドネシア,1720,JHAYR#,インドネシア,2896,ENMT!,インドネシア,0,,-
CastHour,Arkadia,0,,-,1084,CHOKA,インドネシア,2009,JHAYR#,インドネシア,3630,DNM,インドネシア,0,,-
CastHour,Ariah,0,,-,703,OSU7K,インドネシア,1469,INFP,インドネシア,2157,ENMT!,インドネシア,0,,-
CastHour,Angel's Ladder,0,,-,1059,OSU7K,インドネシア,2167,P!GEON,インドネシア,3363,DNM,インドネシア,0,,-
CastHour,ANEMONE,212,DCL,インドネシア,756,JHAYR#,インドネシア,1602,MA25DX,インドネシア,2135,DNM,インドネシア,0,,-
CastHour,AMICABLE,0,,-,851,CODYSB,インドネシア,1528,OGRCAP,インドネシア,2471,DNM,インドネシア,0,,-
CastHour,ALTERNATOR,0,,-,1313,BC.DZ,インドネシア,2489,APIN58,インドネシア,3697,DNM,インドネシア,0,,-
CastHour,Aftermath,0,,-,1205,INFP,インドネシア,2357,BURI69,インドネシア,3597,DNM,インドネシア,0,,-
CastHour,ABSOLUTE EVIL,211,******,インドネシア,1188,APIN58,インドネシア,2205,APIN58,インドネシア,3403,DNM,インドネシア,0,,-
CastHour,808monkey,0,,-,742,OSU7K,インドネシア,1151,OSU7K,インドネシア,1799,DNM,インドネシア,0,,-
CastHour,2 Beasts Unchained,0,,-,1428,-KYO-,インドネシア,2151,JHAYR#,インドネシア,3360,DNM,インドネシア,0,,-
CastHour,10000 MILES AWAY,0,,-,986,CHOKA,インドネシア,1661,ALOE,インドネシア,2910,DNM,インドネシア,0,,-
BISTROVER,POLKAMANIA,392,HATOPP,インドネシア,895,RHAPSO,インドネシア,1738,4H0Y!!,インドネシア,2837,DNM,インドネシア,3631,DNM,インドネシア
7th style,MAX 300,0,,-,948,DJVNT,インドネシア,1759,KARYL,インドネシア,2731,DNM,インドネシア,0,,-
9th style,fun,0,,-,395,*.EXE,インドネシア,995,ATSUX2,インドネシア,1760,APIN58,インドネシア,0,,-
DistorteD,DEEP ROAR,0,,-,651,CODYSB,インドネシア,1385,O10168,インドネシア,2737,SKYSPA,インドネシア,0,,-
EMPRESS,THE SHINING POLARIS(kors k mix),0,,-,878,*.EXE,インドネシア,1717,MAN&KO,インドネシア,3202,DNM,インドネシア,0,,-
tricoro,Reflection Into the EDEN,0,,-,496,K,インドネシア,1230,ASA,インドネシア,2094,APIN58,インドネシア,0,,-
RESIDENT,響花水月,0,,-,1178,OSU7K,インドネシア,1871,JHAYR#,インドネシア,2913,DNM,インドネシア,0,,-
RESIDENT,雨のちパノラマセカイ,0,,-,810,OSU7K,インドネシア,1364,WATANE,インドネシア,2202,SKYSPA,インドネシア,0,,-
RESIDENT,輪廻の鴉,0,,-,903,MINTTT,インドネシア,1647,*,インドネシア,2725,SLUURP,インドネシア,0,,-
RESIDENT,罪過の聖堂,0,,-,633,CHLKA,インドネシア,1239,BENCHD,インドネシア,2073,DNM,インドネシア,0,,-
RESIDENT,神のシナリオ,0,,-,940,ULTIFD,インドネシア,1696,OGRCAP,インドネシア,3198,DNM,インドネシア,0,,-
RESIDENT,神っぽいな,337,DCL,インドネシア,731,CHLKA,インドネシア,1394,OGRCAP,インドネシア,2096,DNM,インドネシア,2985,DNM,インドネシア
RESIDENT,真夜中のバベル,0,,-,707,OSU7K,インドネシア,1071,P!GEON,インドネシア,1669,EEPY,インドネシア,0,,-
RESIDENT,異心前進♪ぴょんぴょんぴょん,0,,-,934,CODYSB,インドネシア,1564,OGRCAP,インドネシア,2498,DNM,インドネシア,0,,-
RESIDENT,生きるよすが,338,ADVENT,インドネシア,908,OSU7K,インドネシア,1428,WATANE,インドネシア,2462,DNM,インドネシア,0,,-
RESIDENT,湘南ロンリーMIDNIGHT RAIN,0,,-,876,CHLKA,インドネシア,1736,OGRCAP,インドネシア,2839,DNM,インドネシア,0,,-
RESIDENT,楽園追放,0,,-,569,YUZYU,インドネシア,1491,OGRCAP,インドネシア,2317,CLUB.I,インドネシア,0,,-
RESIDENT,栄冠のカンパネラ,0,,-,1223,CHOKA,インドネシア,2120,YXX,インドネシア,3837,DNM,インドネシア,0,,-
RESIDENT,月と夢の跡 ft. マナ,0,,-,944,OSU7K,インドネシア,1500,P3K0-*,インドネシア,2506,DNM,インドネシア,0,,-
RESIDENT,昏き甲鉄のヴェルガ,0,,-,818,JYXLCE,インドネシア,1522,R0U$H1,インドネシア,2336,DNM,インドネシア,0,,-
RESIDENT,新時代,326,SHINE,インドネシア,709,CHLKA,インドネシア,1238,R0U$H1,インドネシア,2334,DNM,インドネシア,0,,-
RESIDENT,惑星☆ロリポップ,0,,-,756,CHOKA,インドネシア,1536,OGRCAP,インドネシア,2800,DNM,インドネシア,0,,-
RESIDENT,恋愛＝精度×認識力,0,,-,1457,KEMU,インドネシア,2209,SLUURP,インドネシア,3321,DNM,インドネシア,0,,-
RESIDENT,少年リップルズ,0,,-,888,OGRCAP,インドネシア,1719,OGRCAP,インドネシア,2450,SKYSPA,インドネシア,0,,-
RESIDENT,儚キ戀ノ幻想譚,498,OMANPO,インドネシア,1532,JHAYR#,インドネシア,2229,APIN58,インドネシア,3523,DNM,インドネシア,0,,-
RESIDENT,マツケンサンバII,353,OSARA*,インドネシア,1081,KARYL,インドネシア,1730,P3K0-*,インドネシア,2840,DNM,インドネシア,0,,-
RESIDENT,パーフェクトイーター,0,,-,988,CODYSB,インドネシア,2011,JHAYR#,インドネシア,2966,SKYSPA,インドネシア,0,,-
RESIDENT,チェイスチェイスジョーカーズのうた (オニスタイルリミックス),0,,-,900,CHLKA,インドネシア,1697,JHAYR#,インドネシア,2765,SKYSPA,インドネシア,0,,-
RESIDENT,サヨナラ・ヘヴン-Celtic Chip Dance Mix-,0,,-,870,DEJIKO,インドネシア,1486,JHAYR#,インドネシア,2581,DNM,インドネシア,0,,-
RESIDENT,ちょえちょえまぎか,0,,-,1185,R0U$H1,インドネシア,2202,666,インドネシア,3022,DNM,インドネシア,4134,DNM,インドネシア
RESIDENT,ぞうしょく！？マイデンティティ,0,,-,1082,GURRAJ,インドネシア,2178,MRDS,インドネシア,3590,DNM,インドネシア,0,,-
RESIDENT,きゅんです。,0,,-,694,CHLKA,インドネシア,1421,P3K0-*,インドネシア,2342,DNM,インドネシア,0,,-
RESIDENT,おとせサンダー,206,AATSRA,インドネシア,605,CHLKA,インドネシア,1173,OGRCAP,インドネシア,2147,SKYSPA,インドネシア,0,,-
RESIDENT,いつかオトナになれるといいね。,518,SHINE,インドネシア,1054,CHLKA,インドネシア,1948,SKYSPA,インドネシア,3004,SKYSPA,インドネシア,0,,-
RESIDENT,あるビー！ feat.ころねぽち,0,,-,922,JYXLCE,インドネシア,1650,BNSUWU,インドネシア,2786,DNM,インドネシア,0,,-
RESIDENT,《ORDERBREAKER》,0,,-,827,ELBERT,インドネシア,1426,FRVNTX,インドネシア,2374,DNM,インドネシア,0,,-
RESIDENT,■□模様,0,,-,820,*.EXE,インドネシア,1448,JHAYR#,インドネシア,2589,SKYSPA,インドネシア,0,,-
RESIDENT,≡+≡,484,DOTSKY,インドネシア,1287,KEMU,インドネシア,2088,YXX,インドネシア,2999,DNM,インドネシア,4537,DNM,インドネシア
RESIDENT,[ ]DENTITY,0,,-,1071,XCELR,インドネシア,2051,SKYSPA,インドネシア,3702,DNM,インドネシア,0,,-
RESIDENT,ZENITH,0,,-,1052,JYXLCE,インドネシア,1918,JHAYR#,インドネシア,2939,DNM,インドネシア,0,,-
RESIDENT,Xerulean,0,,-,1186,JYXLCE,インドネシア,1897,M4S3,インドネシア,3359,DNM,インドネシア,0,,-
RESIDENT,With You,0,,-,803,OSU7K,インドネシア,1538,JHAYR#,インドネシア,2464,DNM,インドネシア,0,,-
RESIDENT,"wanna be a ""BAD GIRL"" feat. Nana Takahashi",0,,-,789,OSU7K,インドネシア,1271,R0U$H1,インドネシア,2035,SKYSPA,インドネシア,0,,-
RESIDENT,VØID,0,,-,1075,CHOKA,インドネシア,1772,666,インドネシア,3103,SLUURP,インドネシア,0,,-
RESIDENT,VOLCANIC BIGBEAT,0,,-,1068,K53,インドネシア,1667,R0U$H1,インドネシア,2703,DNM,インドネシア,0,,-
RESIDENT,VOLAQUAS,0,,-,1241,JYXLCE,インドネシア,2120,*SHY#,インドネシア,3810,DNM,インドネシア,0,,-
RESIDENT,THE TIME MACHINE,0,,-,992,CHLKA,インドネシア,1689,JHAYR#,インドネシア,2645,DNM,インドネシア,0,,-
RESIDENT,The Clown of 24stairs,0,,-,923,SHINE,インドネシア,2086,VOID.,インドネシア,3308,DNM,インドネシア,0,,-
RESIDENT,TECHNOPHOBIA,0,,-,794,OSU7K,インドネシア,1613,*DNM#,インドネシア,2959,DNM,インドネシア,0,,-
RESIDENT,Swing My Wonderland,0,,-,1029,CODYSB,インドネシア,1897,TIKTOK,インドネシア,3096,DNM,インドネシア,0,,-
RESIDENT,suspicions,0,,-,992,JAW2R,インドネシア,2214,JHAYR#,インドネシア,3681,DNM,インドネシア,0,,-
RESIDENT,Super Freak,0,,-,932,KARINA,インドネシア,1772,SUGU19,インドネシア,3414,DNM,インドネシア,0,,-
RESIDENT,Sunny Day Vibes,0,,-,930,OSU7K,インドネシア,1592,CLUB.I,インドネシア,2283,DNM,インドネシア,0,,-
RESIDENT,Summerblue,342,VNL*TN,インドネシア,1034,KARYL,インドネシア,1721,JHAYR#,インドネシア,2377,DNM,インドネシア,0,,-
RESIDENT,Stylus,0,,-,945,A-ZERO,インドネシア,1679,CHOKA,インドネシア,2830,DNM,インドネシア,0,,-
RESIDENT,STRAIGHT TO THE STARS,0,,-,808,CODYSB,インドネシア,1490,415A,インドネシア,2974,DNM,インドネシア,0,,-
RESIDENT,STAR BEAT,0,,-,591,KZK-27,インドネシア,1567,WATANE,インドネシア,2380,DNM,インドネシア,0,,-
RESIDENT,Somnidiscotheque,0,,-,1231,ABCDEF,インドネシア,1887,U-GEE,インドネシア,3088,DNM,インドネシア,0,,-
RESIDENT,Shamshir,0,,-,923,CODYSB,インドネシア,1377,JHAYR#,インドネシア,2074,KEMU,インドネシア,0,,-
RESIDENT,Shadow World,0,,-,970,OSU7K,インドネシア,1605,CLUB.I,インドネシア,2723,DNM,インドネシア,0,,-
RESIDENT,Seraph,0,,-,950,OSU7K,インドネシア,1747,OGUMAN,インドネシア,2411,DNM,インドネシア,0,,-
RESIDENT,Ruler or Loser,0,,-,903,CHLKA,インドネシア,1640,CLUB.I,インドネシア,2637,DNM,インドネシア,0,,-
RESIDENT,RINNE,0,,-,1093,JYXLCE,インドネシア,2162,OGUMAN,インドネシア,3475,DNM,インドネシア,0,,-
RESIDENT,Rewind Time,0,,-,656,CHLKA,インドネシア,1252,OSU7K,インドネシア,2158,APIN58,インドネシア,0,,-
RESIDENT,Red Soul,0,,-,872,KRTK*,インドネシア,1718,JHAYR#,インドネシア,2799,DNM,インドネシア,0,,-
RESIDENT,Programmed Genom,0,,-,1092,OSU7K,インドネシア,1528,OGRCAP,インドネシア,2358,SKYSPA,インドネシア,0,,-
RESIDENT,Perfect Plan,0,,-,1058,CHLKA,インドネシア,1541,*,インドネシア,2530,DNM,インドネシア,0,,-
RESIDENT,Peng-Ging Sky High!!,0,,-,1074,OSU7K,インドネシア,1424,WATANE,インドネシア,2624,SKYSPA,インドネシア,0,,-
RESIDENT,Peaktime Booster,0,,-,1088,R0U$H1,インドネシア,1749,666,インドネシア,3088,*SHY#,インドネシア,0,,-
RESIDENT,OVER VOLTAGE,0,,-,936,KRTK*,インドネシア,1781,*SHY#,インドネシア,2535,DNM,インドネシア,0,,-
RESIDENT,Ou Legends,0,,-,912,ULTIFD,インドネシア,1994,666,インドネシア,3270,DNM,インドネシア,0,,-
RESIDENT,ONE AND ONLY,0,,-,896,KAEDE,インドネシア,1751,APIN58,インドネシア,3118,DNM,インドネシア,0,,-
RESIDENT,No Border,0,,-,1000,CHLKA,インドネシア,1927,310260,インドネシア,3648,DNM,インドネシア,0,,-
RESIDENT,Next Level,0,,-,815,SSG**!,インドネシア,1568,JHAYR#,インドネシア,2157,SKYSPA,インドネシア,0,,-
RESIDENT,Move UR Body,0,,-,1077,BNSUWU,インドネシア,1578,*,インドネシア,2524,DNM,インドネシア,0,,-
RESIDENT,Meissa,0,,-,860,CHLKA,インドネシア,1540,MMBART,インドネシア,2811,DNM,インドネシア,0,,-
RESIDENT,MAX 360,0,,-,1016,IIDX33,インドネシア,2182,666,インドネシア,3114,DNM,インドネシア,0,,-
RESIDENT,mathematical good-bye,0,,-,1138,OGRCAP,インドネシア,1572,DEJIKO,インドネシア,2786,SLUURP,インドネシア,0,,-
RESIDENT,Luna Plena,0,,-,847,R0U$H1,インドネシア,1494,R0U$H1,インドネシア,2559,SKYSPA,インドネシア,0,,-
RESIDENT,LOUDER ROLLING THUNDER,0,,-,1008,JYXLCE,インドネシア,1931,KEMU,インドネシア,3313,DNM,インドネシア,0,,-
RESIDENT,Level 4,0,,-,1112,*,インドネシア,1988,JHAYR#,インドネシア,3432,DNM,インドネシア,0,,-
RESIDENT,LADS,0,,-,841,CHLKA,インドネシア,1551,IIDX30,インドネシア,2286,DNM,インドネシア,0,,-
RESIDENT,kors k's How to make OTOGE CORE 「LONG」,0,,-,1184,666,インドネシア,2272,KEMU,インドネシア,3549,DNM,インドネシア,0,,-
RESIDENT,KING,428,DCL,インドネシア,915,CHLKA,インドネシア,1911,R0U$H1,インドネシア,3074,DNM,インドネシア,3906,DNM,インドネシア
RESIDENT,I,0,,-,1027,KAEDE,インドネシア,2255,*SHY#,インドネシア,3606,DNM,インドネシア,0,,-
RESIDENT,Hat Surprise (Season 2),0,,-,810,CODYSB,インドネシア,1714,OGRCAP,インドネシア,3400,DNM,インドネシア,0,,-
RESIDENT,glacia,0,,-,1044,CODYSB,インドネシア,2083,CLUB.I,インドネシア,2952,DNM,インドネシア,0,,-
RESIDENT,GET UP AGAIN,0,,-,1053,OGRCAP,インドネシア,1621,OSU7K,インドネシア,2429,DNM,インドネシア,0,,-
RESIDENT,Get On Your Feet,0,,-,908,ELBERT,インドネシア,1623,CORN,インドネシア,2702,DNM,インドネシア,0,,-
RESIDENT,FLARE -炎舞- ft.Nana Takahashi,0,,-,1076,OGUMAN,インドネシア,1858,JHAYR#,インドネシア,2855,DNM,インドネシア,0,,-
RESIDENT,Fading Stars,0,,-,1078,OSU7K,インドネシア,1591,OSU7K,インドネシア,2672,DNM,インドネシア,0,,-
RESIDENT,EZ DO DANCE,252,NOIZ81,インドネシア,718,CHLKA,インドネシア,1365,OSU7K,インドネシア,1945,YOSHIO,インドネシア,0,,-
RESIDENT,EXODUS SIGN,0,,-,940,KARINA,インドネシア,1711,OGRCAP,インドネシア,2551,DNM,インドネシア,0,,-
RESIDENT,Driver,0,,-,877,OSU7K,インドネシア,1245,XUOU,インドネシア,1767,YOSHIO,インドネシア,0,,-
RESIDENT,Dreaming Dream,0,,-,791,HIROSE,インドネシア,1326,OGUMAN,インドネシア,2244,YXX,インドネシア,0,,-
RESIDENT,dica dica,0,,-,1122,BENIS,インドネシア,2257,666,インドネシア,3117,DNM,インドネシア,0,,-
RESIDENT,DIAMOND JACKAL,0,,-,828,HUZAIR,インドネシア,1537,JHAYR#,インドネシア,2427,DNM,インドネシア,0,,-
RESIDENT,CUE CUE RESCUE,442,BRO...,インドネシア,1130,OSU7K,インドネシア,1590,CLUB.I,インドネシア,2529,DNM,インドネシア,3072,DNM,インドネシア
RESIDENT,CODE -CRiMSON-,0,,-,1002,JAW2R,インドネシア,1831,310260,インドネシア,2944,DNM,インドネシア,0,,-
RESIDENT,Chaotoxin,0,,-,1048,ASA,インドネシア,1671,JK,インドネシア,3344,DNM,インドネシア,0,,-
RESIDENT,Caldwell 99,0,,-,937,JYXLCE,インドネシア,1595,WATANE,インドネシア,2473,SLUURP,インドネシア,3245,DNM,インドネシア
RESIDENT,C-C-C-N-N-N,0,,-,979,R0U$H1,インドネシア,1612,R0U$H1,インドネシア,2734,*SHY#,インドネシア,0,,-
RESIDENT,BIGWAVERS,0,,-,1112,*SHY#,インドネシア,1778,KARYL,インドネシア,3536,DNM,インドネシア,0,,-
RESIDENT,Beyond Evolution,0,,-,1353,CHOKA,インドネシア,2518,DNM,インドネシア,3870,DNM,インドネシア,0,,-
RESIDENT,Bad Encryption,0,,-,1164,MAN&KO,インドネシア,1862,MMBART,インドネシア,2963,DNM,インドネシア,0,,-
RESIDENT,B.O.D.Y.,0,,-,984,JYXLCE,インドネシア,2106,SKYSPA,インドネシア,3370,DNM,インドネシア,0,,-
RESIDENT,AWA AWA,0,,-,769,SORA,インドネシア,1278,R0U$H1,インドネシア,2286,DNM,インドネシア,0,,-
RESIDENT,anthracene,0,,-,892,CHLKA,インドネシア,1881,*SHY#,インドネシア,3258,DNM,インドネシア,0,,-
RESIDENT,Ambush Ace,0,,-,930,CODYSB,インドネシア,2058,CLUB.I,インドネシア,2936,DNM,インドネシア,0,,-
RESIDENT,Always We Trust In You,0,,-,934,DDM,インドネシア,1761,OGRCAP,インドネシア,3167,DNM,インドネシア,0,,-
RESIDENT,7 Colors,0,,-,625,R0U$H1,インドネシア,1171,R0U$H1,インドネシア,1931,DNM,インドネシア,0,,-
RESIDENT,3V0,0,,-,985,UNK0,インドネシア,1748,JHAYR#,インドネシア,2930,DNM,インドネシア,0,,-
RESIDENT,24h Endurance Race,0,,-,944,CHLKA,インドネシア,2087,APIN58,インドネシア,3289,DNM,インドネシア,0,,-
RESIDENT,#CMFLG,0,,-,1129,P3K0-*,インドネシア,2266,666,インドネシア,3400,DNM,インドネシア,0,,-
6th style,L'amour et la liberte,0,,-,939,EEPY,インドネシア,1475,310260,インドネシア,1948,DNM,インドネシア,0,,-
9th style,PARANOIA survivor MAX,0,,-,833,GORIRI,インドネシア,1204,M55,インドネシア,2122,DNM,インドネシア,0,,-
9th style,Logic Board,0,,-,922,RISU.A,インドネシア,1577,JHAYR#,インドネシア,2288,DNM,インドネシア,0,,-
PENDUAL,GUILTY,0,,-,586,*.EXE,インドネシア,1429,JHAYR#,インドネシア,1878,YXX,インドネシア,2944,DNM,インドネシア
CANNON BALLERS,共犯ヘヴンズコード,0,,-,394,DOTSKY,インドネシア,937,*.EXE,インドネシア,2221,SKYSPA,インドネシア,0,,-
EPOLIS,電腦都市,0,,-,984,BADDMS,インドネシア,2185,JHAYR#,インドネシア,3323,DNM,インドネシア,0,,-
EPOLIS,電子になりたい,0,,-,784,CHOKA,インドネシア,1414,JHAYR#,インドネシア,1975,DNM,インドネシア,0,,-
EPOLIS,電光,0,,-,889,JYXLCE,インドネシア,1830,SKYSPA,インドネシア,2980,DNM,インドネシア,0,,-
EPOLIS,雫,0,,-,990,OGRCAP,インドネシア,1980,OGRCAP,インドネシア,2597,EEPY,インドネシア,0,,-
EPOLIS,閉塞的フレーション,0,,-,1008,OSU7K,インドネシア,1575,M4S3,インドネシア,2419,SKYSPA,インドネシア,0,,-
EPOLIS,酔いどれ知らず,253,DCL,インドネシア,814,OSU7K,インドネシア,1240,JHAYR#,インドネシア,2201,DNM,インドネシア,0,,-
EPOLIS,終焔のClaudia,0,,-,1358,JHAYR#,インドネシア,1881,GOFILE,インドネシア,2705,DNM,インドネシア,0,,-
EPOLIS,神様、つれない。,0,,-,693,OGRCAP,インドネシア,1388,JHAYR#,インドネシア,2128,SKYSPA,インドネシア,0,,-
EPOLIS,"灼熱Beach Side Bunny (かめりあ's ""Summertime D'n'B"" Remix)",0,,-,942,JYXLCE,インドネシア,1832,JHAYR#,インドネシア,3032,DNM,インドネシア,0,,-
EPOLIS,流桜ノ門,0,,-,941,CHOKA,インドネシア,1569,JHAYR#,インドネシア,2139,DNM,インドネシア,0,,-
EPOLIS,残像ニ繋ガレタ追憶ノHIDEAWAY,0,,-,1042,LUKE,インドネシア,2219,JHAYR#,インドネシア,3544,DNM,インドネシア,0,,-
EPOLIS,果たせぬ約束 ft. 小林マナ,0,,-,1092,P!GEON,インドネシア,1904,JHAYR#,インドネシア,2997,DNM,インドネシア,0,,-
EPOLIS,未完成ノ蒸氣驅動乙女,0,,-,1011,JYXLCE,インドネシア,2016,JHAYR#,インドネシア,2922,DNM,インドネシア,0,,-
EPOLIS,摩天楼,0,,-,669,OSU7K,インドネシア,1428,JHAYR#,インドネシア,2535,DNM,インドネシア,0,,-
EPOLIS,愛包ダンスホール,340,SHINE,インドネシア,891,CHOKA,インドネシア,1366,JHAYR#,インドネシア,2573,DNM,インドネシア,0,,-
EPOLIS,惑星鉄道,0,,-,1012,JK,インドネシア,2029,DNM,インドネシア,2771,DNM,インドネシア,0,,-
EPOLIS,寝起きヤシの木,420,DCL,インドネシア,1069,OSU7K,インドネシア,1737,JHAYR#,インドネシア,2786,DNM,インドネシア,3472,DNM,インドネシア
EPOLIS,夢縁,0,,-,1163,OSU7K,インドネシア,2067,SLUURP,インドネシア,2990,DNM,インドネシア,0,,-
EPOLIS,夏風邪デスコ,303,DEJIKO,インドネシア,798,OSU7K,インドネシア,1716,OSU7K,インドネシア,2645,DNM,インドネシア,0,,-
EPOLIS,唱,175,DCL,インドネシア,455,OSU7K,インドネシア,1000,JHAYR#,インドネシア,1751,U-GEE,インドネシア,0,,-
EPOLIS,可愛くてごめん,266,DCL,インドネシア,621,JHAYR#,インドネシア,1376,OSU7K,インドネシア,2248,DNM,インドネシア,2797,DNM,インドネシア
EPOLIS,勇者,331,DCL,インドネシア,789,OGRCAP,インドネシア,1427,SLUURP,インドネシア,2460,DNM,インドネシア,0,,-
EPOLIS,傷つけど、愛してる。,238,ARK,インドネシア,872,OSU7K,インドネシア,1369,OSU7K,インドネシア,2066,SKYSPA,インドネシア,0,,-
EPOLIS,今宵、ロマンス横丁。,0,,-,997,GONOO,インドネシア,2167,MRDS,インドネシア,3250,DNM,インドネシア,0,,-
EPOLIS,リメンバーリメンバー,0,,-,446,*.EXE,インドネシア,937,JHAYR#,インドネシア,1654,SKYSPA,インドネシア,0,,-
EPOLIS,ラビットホール,670,KLAUER,インドネシア,1368,TORATI,インドネシア,2054,M4S3,インドネシア,2921,DNM,インドネシア,0,,-
EPOLIS,マーシャル・マキシマイザー,415,BENIS,インドネシア,803,OSU7K,インドネシア,1423,M4S3,インドネシア,2145,DNM,インドネシア,0,,-
EPOLIS,ポラリスノウタ,281,DEJIKO,インドネシア,842,OSU7K,インドネシア,1596,OGRCAP,インドネシア,2270,DNM,インドネシア,0,,-
EPOLIS,フォニイ,568,PVNRY,インドネシア,1189,OSU7K,インドネシア,1980,JHAYR#,インドネシア,2891,DNM,インドネシア,3927,DNM,インドネシア
EPOLIS,デビルじゃないもん,344,OSU7K,インドネシア,829,OSU7K,インドネシア,1334,M4S3,インドネシア,2062,SKYSPA,インドネシア,0,,-
EPOLIS,センチメンタル・サマー,0,,-,662,OSU7K,インドネシア,1248,JHAYR#,インドネシア,1972,YXX,インドネシア,0,,-
EPOLIS,シンデレラ,514,DEJIKO,インドネシア,833,RISU.A,インドネシア,1489,JHAYR#,インドネシア,2210,DNM,インドネシア,0,,-
EPOLIS,アタシ完全絶対正義ちゃん！,0,,-,931,CHOKA,インドネシア,1567,JHAYR#,インドネシア,2120,SLUURP,インドネシア,0,,-
EPOLIS,アイドル,278,SKYSPA,インドネシア,875,OSU7K,インドネシア,1506,APIN58,インドネシア,2597,DNM,インドネシア,3156,DNM,インドネシア
EPOLIS,れとりば！,0,,-,838,CHOKA,インドネシア,1321,JHAYR#,インドネシア,2060,DNM,インドネシア,0,,-
EPOLIS,めうめうぺったんたん！！ (ZAQUVA Remix),0,,-,924,KARINA,インドネシア,1841,M4S3,インドネシア,2744,SLUURP,インドネシア,0,,-
EPOLIS,ないないルーティン,0,,-,572,OSU7K,インドネシア,1309,JHAYR#,インドネシア,2053,YXX,インドネシア,0,,-
EPOLIS,ちゅ、多様性。,201,NOT.P,インドネシア,524,OSU7K,インドネシア,1131,JHAYR#,インドネシア,1900,YXX,インドネシア,2263,DNM,インドネシア
EPOLIS,《PL|RAYER》,0,,-,766,CODYSB,インドネシア,1698,JHAYR#,インドネシア,2808,DNM,インドネシア,0,,-
EPOLIS,ZEROIN ON THE LIGHT,0,,-,1106,OSU7K,インドネシア,1712,OGRCAP,インドネシア,2673,DNM,インドネシア,0,,-
EPOLIS,Xb10r,0,,-,1002,KRTK*,インドネシア,2239,JHAYR#,インドネシア,3478,DNM,インドネシア,0,,-
EPOLIS,winkle 2 winkle,0,,-,1060,JHAYR#,インドネシア,1830,JHAYR#,インドネシア,2764,DNM,インドネシア,0,,-
EPOLIS,WaterCube Pf.(RX-Ver.S.P.L.),0,,-,526,JYXLCE,インドネシア,1319,JHAYR#,インドネシア,2122,SLUURP,インドネシア,0,,-
EPOLIS,Vulnerability,0,,-,1291,GENYA*,インドネシア,1864,GOFILE,インドネシア,3552,DNM,インドネシア,0,,-
EPOLIS,Vermilion Carol,0,,-,1248,CHOKA,インドネシア,2170,JHAYR#,インドネシア,3571,DNM,インドネシア,0,,-
EPOLIS,Tripping Jumping,0,,-,822,OSU7K,インドネシア,1512,M4S3,インドネシア,2221,DNM,インドネシア,0,,-
EPOLIS,TRIP THE DEEP,0,,-,908,JYXLCE,インドネシア,1584,JHAYR#,インドネシア,2420,DNM,インドネシア,0,,-
EPOLIS,Too Late Snow,0,,-,793,OSU7K,インドネシア,1404,JHAYR#,インドネシア,1986,SKYSPA,インドネシア,0,,-
EPOLIS,TITANIUM RIDERS,0,,-,823,JYXLCE,インドネシア,1482,JHAYR#,インドネシア,2105,SHIYOU,インドネシア,0,,-
EPOLIS,Time Distortion pt.2(IIDX Edit),0,,-,1166,CHOKA,インドネシア,1936,JHAYR#,インドネシア,2944,DNM,インドネシア,0,,-
EPOLIS,This Is Club Musik feat. 大久保紅葉,0,,-,959,CHOKA,インドネシア,1636,JHAYR#,インドネシア,2585,DNM,インドネシア,0,,-
EPOLIS,The Onlyonez,0,,-,942,DEJIKO,インドネシア,1652,JHAYR#,インドネシア,3097,DNM,インドネシア,0,,-
EPOLIS,The Last Apocalypse,0,,-,1381,OGRCAP,インドネシア,2411,JHAYR#,インドネシア,3645,DNM,インドネシア,0,,-
EPOLIS,T.R.O.L.L.,0,,-,922,JYXLCE,インドネシア,1553,JHAYR#,インドネシア,2511,DNM,インドネシア,0,,-
EPOLIS,Sword of Vengeance,0,,-,1389,JHAYR#,インドネシア,2150,JK,インドネシア,3223,DNM,インドネシア,0,,-
EPOLIS,Submerge Serenade,0,,-,941,CHOKA,インドネシア,1751,JHAYR#,インドネシア,2878,SKYSPA,インドネシア,4085,DNM,インドネシア
EPOLIS,Stereo Beasts,0,,-,1137,KARINA,インドネシア,2468,GOFILE,インドネシア,3674,DNM,インドネシア,0,,-
EPOLIS,squall,0,,-,987,IIDX33,インドネシア,1664,M4S3,インドネシア,2552,SLUURP,インドネシア,0,,-
EPOLIS,Speculation,0,,-,955,CHOKA,インドネシア,1715,JHAYR#,インドネシア,2916,SLUURP,インドネシア,0,,-
EPOLIS,SOLAR ECLIPSE,0,,-,1317,BARRY,インドネシア,2428,U-GEE,インドネシア,3481,DNM,インドネシア,0,,-
EPOLIS,So What,0,,-,527,KRTK*,インドネシア,1107,JHAYR#,インドネシア,1811,SLUURP,インドネシア,0,,-
EPOLIS,Sirius,0,,-,758,SAD,インドネシア,1647,JHAYR#,インドネシア,3206,DNM,インドネシア,0,,-
EPOLIS,Shapeshifter,0,,-,957,CHOKA,インドネシア,1621,JHAYR#,インドネシア,2499,DNM,インドネシア,0,,-
EPOLIS,Seven Times Four,0,,-,1066,DEJIKO,インドネシア,1915,JHAYR#,インドネシア,3427,DNM,インドネシア,0,,-
EPOLIS,See You Again,0,,-,1147,JYXLCE,インドネシア,1847,JHAYR#,インドネシア,3093,DNM,インドネシア,0,,-
EPOLIS,Riff//rain,144,RENN!,インドネシア,728,OSU7K,インドネシア,1267,EEPY,インドネシア,1812,DNM,インドネシア,0,,-
EPOLIS,Resonant,0,,-,914,BESVAL,インドネシア,2270,JHAYR#,インドネシア,3626,DNM,インドネシア,0,,-
EPOLIS,Red Determination,0,,-,978,89CHU,インドネシア,1498,JHAYR#,インドネシア,2609,DNM,インドネシア,0,,-
EPOLIS,Psychedelic Intelligence,0,,-,0,,-,1692,OGUMAN,インドネシア,2848,SKYSPA,インドネシア,0,,-
EPOLIS,PILGRIM,0,,-,845,GONOO,インドネシア,1652,OGRCAP,インドネシア,2712,DNM,インドネシア,0,,-
EPOLIS,out of disk space,0,,-,1052,JHAYR#,インドネシア,1871,JHAYR#,インドネシア,2524,SKYSPA,インドネシア,0,,-
EPOLIS,Out of Control,0,,-,1038,CHOKA,インドネシア,2267,SKYSPA,インドネシア,3013,DNM,インドネシア,0,,-
EPOLIS,NEEDLESS MY LOVE FOR YOU,0,,-,932,NOT.P,インドネシア,1647,JHAYR#,インドネシア,2444,DNM,インドネシア,0,,-
EPOLIS,My Sweet Bird?,0,,-,840,OSU7K,インドネシア,1513,JHAYR#,インドネシア,2191,DNM,インドネシア,0,,-
EPOLIS,Mukade,0,,-,1018,4OJ,インドネシア,1818,JHAYR#,インドネシア,3201,DNM,インドネシア,0,,-
EPOLIS,Monkey Business,0,,-,632,CODYSB,インドネシア,1482,JHAYR#,インドネシア,2536,DNM,インドネシア,0,,-
EPOLIS,Million Dollar,0,,-,1154,JHAYR#,インドネシア,1973,JHAYR#,インドネシア,3370,DNM,インドネシア,0,,-
EPOLIS,MAXIMUM CHEAT GIRL,0,,-,1161,CHOKA,インドネシア,2123,KEMU,インドネシア,3535,DNM,インドネシア,0,,-
EPOLIS,Level 5,0,,-,1247,JYXLCE,インドネシア,2369,YXX,インドネシア,3457,SHIYOU,インドネシア,0,,-
EPOLIS,JUSTICE/GUILTY feat. Nana Takahashi & 709sec.,0,,-,1562,CHOKA,インドネシア,2455,SKYSPA,インドネシア,3843,DNM,インドネシア,0,,-
EPOLIS,Just Gimme,0,,-,865,JYXLCE,インドネシア,1672,JHAYR#,インドネシア,2702,SKYSPA,インドネシア,0,,-
EPOLIS,Jumper,0,,-,902,OSU7K,インドネシア,1472,JHAYR#,インドネシア,2382,DNM,インドネシア,0,,-
EPOLIS,Iris,374,DEJIKO,インドネシア,830,OSU7K,インドネシア,1531,JHAYR#,インドネシア,2209,DNM,インドネシア,0,,-
EPOLIS,INHERITANCE,0,,-,997,FUGLEN,インドネシア,1752,M4S3,インドネシア,2784,DNM,インドネシア,3525,DNM,インドネシア
EPOLIS,i-ii,0,,-,983,JYXLCE,インドネシア,1738,JHAYR#,インドネシア,2759,SLUURP,インドネシア,0,,-
EPOLIS,Hat Surprise (Season 3),0,,-,987,*.EXE,インドネシア,2090,M4S3,インドネシア,2671,SKYSPA,インドネシア,0,,-
EPOLIS,Hard Breaker,0,,-,736,AAAAAA,インドネシア,1523,JHAYR#,インドネシア,2515,DNM,インドネシア,0,,-
EPOLIS,GLORIOUS HAMMER,0,,-,1011,CHOKA,インドネシア,1869,JHAYR#,インドネシア,3059,DNM,インドネシア,0,,-
EPOLIS,GloriosA,0,,-,1129,CHOKA,インドネシア,1932,JHAYR#,インドネシア,2822,SKYSPA,インドネシア,0,,-
EPOLIS,Glitch N Ride,0,,-,816,JHAYR#,インドネシア,1477,JHAYR#,インドネシア,2638,DNM,インドネシア,0,,-
EPOLIS,Ghost Pulse,0,,-,932,CHOKA,インドネシア,1654,JHAYR#,インドネシア,2779,DNM,インドネシア,0,,-
EPOLIS,Get Wicked,0,,-,619,BDYHUN,インドネシア,1425,JHAYR#,インドネシア,2450,DNM,インドネシア,0,,-
EPOLIS,Get Higher,0,,-,873,CHOKA,インドネシア,1698,JHAYR#,インドネシア,2290,DNM,インドネシア,0,,-
EPOLIS,GAME ON,0,,-,1204,MFY,インドネシア,2169,JHAYR#,インドネシア,2626,DNM,インドネシア,0,,-
EPOLIS,frequent,0,,-,1290,OGRCAP,インドネシア,2226,JHAYR#,インドネシア,3722,DNM,インドネシア,0,,-
EPOLIS,Echoes of Sunfall,0,,-,1000,OSU7K,インドネシア,1614,JHAYR#,インドネシア,2958,DNM,インドネシア,0,,-
EPOLIS,Demon March,0,,-,1434,JK,インドネシア,2321,JHAYR#,インドネシア,3616,DNM,インドネシア,0,,-
EPOLIS,Deep Sea Mystery,0,,-,1068,OGRCAP,インドネシア,1417,OGRCAP,インドネシア,1960,SLUURP,インドネシア,0,,-
EPOLIS,DAZZLE ATTACK,511,DEJIKO,インドネシア,968,OSU7K,インドネシア,1647,GENYA*,インドネシア,2839,DNM,インドネシア,0,,-
EPOLIS,Dahlia,0,,-,1146,CHOKA,インドネシア,2039,SLUURP,インドネシア,3111,DNM,インドネシア,0,,-
EPOLIS,Cult Invitation,0,,-,1014,KARINA,インドネシア,1901,KEMU,インドネシア,3404,DNM,インドネシア,0,,-
EPOLIS,COUNTING SHEEP ft. Kanae Asaba,0,,-,543,*.EXE,インドネシア,1305,JHAYR#,インドネシア,2216,DNM,インドネシア,0,,-
EPOLIS,CODE:2,0,,-,946,GONOO,インドネシア,1745,JHAYR#,インドネシア,2925,DNM,インドネシア,0,,-
EPOLIS,Chemical Colours,0,,-,1001,OSU7K,インドネシア,1976,JHAYR#,インドネシア,2755,DNM,インドネシア,0,,-
EPOLIS,CADENZA,0,,-,1485,OGRCAP,インドネシア,2378,GENYA*,インドネシア,4449,DNM,インドネシア,0,,-
EPOLIS,BLAZING_LAZER,0,,-,881,FLISTR,インドネシア,2077,JHAYR#,インドネシア,3337,DNM,インドネシア,0,,-
EPOLIS,Bitter & Lucky,0,,-,816,CHOKA,インドネシア,1342,JHAYR#,インドネシア,2391,SLUURP,インドネシア,0,,-
EPOLIS,Amethyst,0,,-,1274,OGRCAP,インドネシア,1798,JHAYR#,インドネシア,2597,DNM,インドネシア,0,,-
EPOLIS,Ambivalent Vermilia,0,,-,1379,SKYSPA,インドネシア,2378,SKYSPA,インドネシア,4000,DNM,インドネシア,0,,-
EPOLIS,Akatsuki,0,,-,846,KRTK*,インドネシア,1528,JHAYR#,インドネシア,2260,DNM,インドネシア,0,,-
EPOLIS,Aeterna,0,,-,978,OSU7K,インドネシア,1569,JHAYR#,インドネシア,2558,DNM,インドネシア,0,,-
EPOLIS,ACT0,0,,-,1225,OGRCAP,インドネシア,2150,KEMU,インドネシア,2939,DNM,インドネシア,0,,-
EPOLIS,20XX,0,,-,1186,OGRCAP,インドネシア,1765,M4S3,インドネシア,2691,DNM,インドネシア,0,,-
6th style,L’amour et la libert?,0,,-,0,,-,1469,JHAYR#,インドネシア,1925,SKYSPA,インドネシア,0,,-
9th style,ADVANCE,0,,-,425,DEJIKO,インドネシア,734,DEJIKO,インドネシア,1492,MRDS,インドネシア,0,,-
Lincle,A MINSTREL ～ ver. short-scape ～,0,,-,672,OGRCAP,インドネシア,1022,WATANE,インドネシア,2320,YXX,インドネシア,3885,DNM,インドネシア
RESIDENT,VOID,0,,-,822,DOTSKY,インドネシア,1700,OGRCAP,インドネシア,3174,DNM,インドネシア,0,,-
Pinky Crush,ＰＡＳＴＥＬＩＳＭ,0,,-,1012,DEJIKO,インドネシア,1426,DEJIKO,インドネシア,2101,DNM,インドネシア,0,,-
Pinky Crush,飴玉,0,,-,585,OSU7K,インドネシア,873,OGRCAP,インドネシア,1362,APIN58,インドネシア,0,,-
Pinky Crush,進捗ダメダメです,275,DEJIKO,インドネシア,745,DEJIKO,インドネシア,1484,JHAYR#,インドネシア,2227,DNM,インドネシア,0,,-
Pinky Crush,覚悟せよ！エンタンメ～ン ～より身の切り売り自暴自棄版～,0,,-,989,DEJIKO,インドネシア,1808,BRAMBL,インドネシア,2844,DNM,インドネシア,0,,-
Pinky Crush,爆ぜりゃんせ,0,,-,1053,DEJIKO,インドネシア,1859,JHAYR#,インドネシア,2949,DNM,インドネシア,0,,-
Pinky Crush,無双,0,,-,1124,DEJIKO,インドネシア,1922,JHAYR#,インドネシア,3305,DNM,インドネシア,0,,-
Pinky Crush,灼熱 Lost Summer Dayz,0,,-,928,DEJIKO,インドネシア,1880,SHIYOU,インドネシア,2719,SHIYOU,インドネシア,0,,-
Pinky Crush,消極的セツナイズム,0,,-,916,DEJIKO,インドネシア,1565,OGRCAP,インドネシア,2268,SKYSPA,インドネシア,0,,-
Pinky Crush,朱と碧のランページ,0,,-,980,DEJIKO,インドネシア,1610,JHAYR#,インドネシア,2509,DNM,インドネシア,0,,-
Pinky Crush,最強頂戴girl,0,,-,849,OSU7K,インドネシア,1430,OGRCAP,インドネシア,2165,DNM,インドネシア,0,,-
Pinky Crush,断罪の一花,0,,-,865,OSU7K,インドネシア,1497,OGRCAP,インドネシア,2547,DNM,インドネシア,0,,-
Pinky Crush,我ら完全無敵のアイドル!!,238,DEJIKO,インドネシア,1013,CHOKA,インドネシア,1587,BRAMBL,インドネシア,2548,DNM,インドネシア,0,,-
Pinky Crush,弾幕信仰,0,,-,1030,DEJIKO,インドネシア,1506,DEJIKO,インドネシア,2514,DNM,インドネシア,0,,-
Pinky Crush,天使のカンタータ -Cantata of Angels-,0,,-,1159,DEJIKO,インドネシア,2103,JHAYR#,インドネシア,4056,DNM,インドネシア,0,,-
Pinky Crush,ロマンシングエスケープ,0,,-,419,VNL*TN,インドネシア,1097,JHAYR#,インドネシア,1816,YXX,インドネシア,0,,-
Pinky Crush,メズマライザー,551,DEJIKO,インドネシア,1101,JYXLCE,インドネシア,1807,APIN58,インドネシア,2721,DNM,インドネシア,0,,-
Pinky Crush,ファイナルレター,0,,-,924,ASA,インドネシア,1807,NERO7,インドネシア,2636,DNM,インドネシア,0,,-
Pinky Crush,ビビデバ,246,ALOE,インドネシア,785,APIN58,インドネシア,1291,OGRCAP,インドネシア,2011,DNM,インドネシア,0,,-
Pinky Crush,ハルイロメロディー,0,,-,840,VNL*TN,インドネシア,1316,DEJIKO,インドネシア,2211,SKYSPA,インドネシア,0,,-
Pinky Crush,ハオ,286,DEJIKO,インドネシア,819,DEJIKO,インドネシア,1690,BRAMBL,インドネシア,2871,DNM,インドネシア,0,,-
Pinky Crush,ドーナツホール 2024,327,DCL,インドネシア,964,0721,インドネシア,1598,JHAYR#,インドネシア,2369,DNM,インドネシア,0,,-
Pinky Crush,ドリムチウ,0,,-,812,DEJIKO,インドネシア,1561,ALOE,インドネシア,2574,DNM,インドネシア,0,,-
Pinky Crush,スパークリング☆彡ハイパーチューン！！,0,,-,1396,DEJIKO,インドネシア,2142,APIN58,インドネシア,3647,DNM,インドネシア,0,,-
Pinky Crush,スキッテイエェエエェ!!!!,0,,-,1396,DEJIKO,インドネシア,2553,SKYSPA,インドネシア,4214,DNM,インドネシア,0,,-
Pinky Crush,ゲシュタルト,372,DEJIKO,インドネシア,887,DEJIKO,インドネシア,1500,BBIRD?,インドネシア,2457,DNM,インドネシア,3321,DNM,インドネシア
Pinky Crush,ギャ・ギャ・ギャ・ギャラクシー！,0,,-,857,DEJIKO,インドネシア,1572,OGRCAP,インドネシア,2375,DNM,インドネシア,0,,-
Pinky Crush,キスキツネ,177,DCL,インドネシア,816,DEJIKO,インドネシア,1377,DEJIKO,インドネシア,2354,SKYSPA,インドネシア,0,,-
Pinky Crush,オブソミート,234,DEJIKO,インドネシア,830,DEJIKO,インドネシア,1393,BBIRD?,インドネシア,2395,DNM,インドネシア,0,,-
Pinky Crush,オッド ラヴィ,376,DEJIKO,インドネシア,1005,DEJIKO,インドネシア,1766,DNM,インドネシア,2519,DNM,インドネシア,0,,-
Pinky Crush,エクスプロウル,0,,-,909,DEJIKO,インドネシア,1622,APIN58,インドネシア,2402,DNM,インドネシア,0,,-
Pinky Crush,イガク,302,SHINE,インドネシア,873,OSU7K,インドネシア,1484,OGRCAP,インドネシア,2022,DNM,インドネシア,3049,DNM,インドネシア
Pinky Crush,アラビアン ハイパー ナイト,0,,-,1144,DEJIKO,インドネシア,1753,8390,インドネシア,3257,DNM,インドネシア,0,,-
Pinky Crush,きゅうくらりん,436,DEJIKO,インドネシア,853,DEJIKO,インドネシア,1633,OGRCAP,インドネシア,2380,DNM,インドネシア,0,,-
Pinky Crush,きみのせかい,0,,-,987,DEJIKO,インドネシア,1596,JHAYR#,インドネシア,2806,DNM,インドネシア,0,,-
Pinky Crush,えだまめカレークッキング,410,DEJIKO,インドネシア,776,CHOKA,インドネシア,1251,JHAYR#,インドネシア,2133,DNM,インドネシア,0,,-
Pinky Crush,XHRONOXAPSULΞ,0,,-,1024,DEJIKO,インドネシア,2192,SUGU19,インドネシア,3714,DNM,インドネシア,0,,-
Pinky Crush,Without Heaven,0,,-,1230,DEJIKO,インドネシア,1984,VNL*TN,インドネシア,3616,DNM,インドネシア,0,,-
Pinky Crush,Vibing! Shake it!,0,,-,921,DEJIKO,インドネシア,1592,JHAYR#,インドネシア,2469,DNM,インドネシア,0,,-
Pinky Crush,uen,0,,-,1290,DEJIKO,インドネシア,1999,VNL*TN,インドネシア,2950,DNM,インドネシア,0,,-
Pinky Crush,Uaigh Gealai,0,,-,1204,DEJIKO,インドネシア,1938,8390,インドネシア,3699,DNM,インドネシア,0,,-
Pinky Crush,u gotta beat,0,,-,1254,DEJIKO,インドネシア,2274,ALOE,インドネシア,3511,DNM,インドネシア,0,,-
Pinky Crush,TECHNO RUMBLE,0,,-,1029,DEJIKO,インドネシア,1481,DEJIKO,インドネシア,2875,DNM,インドネシア,0,,-
Pinky Crush,SμG@R RU$#,0,,-,1215,DEJIKO,インドネシア,2368,APIN58,インドネシア,3459,DNM,インドネシア,0,,-
Pinky Crush,SUPER HEROINE!!,0,,-,865,DEJIKO,インドネシア,1580,DNM,インドネシア,2323,DNM,インドネシア,0,,-
Pinky Crush,Stargazing Trip ～星 探す旅～ ft. 小林マナ,0,,-,1014,DEJIKO,インドネシア,1679,ESTER,インドネシア,2677,DNM,インドネシア,0,,-
Pinky Crush,Space In Time,0,,-,806,DEJIKO,インドネシア,1505,JHAYR#,インドネシア,2015,DNM,インドネシア,0,,-
Pinky Crush,Slumber☆Party,0,,-,734,DEJIKO,インドネシア,1626,JHAYR#,インドネシア,2268,DNM,インドネシア,0,,-
Pinky Crush,Skratch Education Lv-1,0,,-,778,JYXLCE,インドネシア,1555,GENYA*,インドネシア,2651,DNM,インドネシア,0,,-
Pinky Crush,SISYPHUS,0,,-,871,DEJIKO,インドネシア,1616,BRAMBL,インドネシア,2640,DNM,インドネシア,0,,-
Pinky Crush,Show Me All Your Love,0,,-,1064,DEJIKO,インドネシア,1941,JHAYR#,インドネシア,2913,DNM,インドネシア,0,,-
Pinky Crush,Shirdal,0,,-,805,DEJIKO,インドネシア,1332,DEJIKO,インドネシア,2461,DNM,インドネシア,0,,-
Pinky Crush,Secret Rouge,0,,-,793,CHOKA,インドネシア,1623,OGRCAP,インドネシア,2310,DNM,インドネシア,0,,-
Pinky Crush,Satellite Burst,0,,-,1137,DEJIKO,インドネシア,2187,SKYSPA,インドネシア,3852,DNM,インドネシア,0,,-
Pinky Crush,Roar of Chronos,0,,-,1172,DEJIKO,インドネシア,2138,JHAYR#,インドネシア,3907,DNM,インドネシア,0,,-
Pinky Crush,RAVE SYNDROME,0,,-,940,JYXLCE,インドネシア,1714,JHAYR#,インドネシア,2728,DNM,インドネシア,0,,-
Pinky Crush,Raspberry Potion (feat.あれたん & ぎゃるのしん☆),0,,-,854,DEJIKO,インドネシア,1761,JHAYR#,インドネシア,2492,DNM,インドネシア,0,,-
Pinky Crush,PopなEDEN,0,,-,949,OSU7K,インドネシア,1572,JHAYR#,インドネシア,2432,SKYSPA,インドネシア,0,,-
Pinky Crush,Plea Per Phase,0,,-,963,DEJIKO,インドネシア,1706,JHAYR#,インドネシア,2751,DNM,インドネシア,0,,-
Pinky Crush,Plazma,253,DEJIKO,インドネシア,647,DEJIKO,インドネシア,1209,JHAYR#,インドネシア,2025,DNM,インドネシア,2772,DNM,インドネシア
Pinky Crush,PIT A PAT,0,,-,957,DEJIKO,インドネシア,1797,JHAYR#,インドネシア,2541,DNM,インドネシア,0,,-
Pinky Crush,Pinky Happy Crazy,0,,-,1284,TAKOP,インドネシア,2119,8390,インドネシア,3487,DNM,インドネシア,0,,-
Pinky Crush,PERFECT HUMAN,479,DEJIKO,インドネシア,804,DEJIKO,インドネシア,1386,OGRCAP,インドネシア,2193,SKYSPA,インドネシア,0,,-
Pinky Crush,NOIXIA,0,,-,1283,DEJIKO,インドネシア,2249,APIN58,インドネシア,3925,DNM,インドネシア,0,,-
Pinky Crush,MVP,0,,-,869,DEJIKO,インドネシア,1512,BRAMBL,インドネシア,2592,DNM,インドネシア,0,,-
Pinky Crush,Mighty Cutie,0,,-,1097,DEJIKO,インドネシア,1825,DEJIKO,インドネシア,2763,DNM,インドネシア,0,,-
Pinky Crush,Mid-Corner (Magic Maker),0,,-,1048,DEJIKO,インドネシア,1935,JHAYR#,インドネシア,3075,DNM,インドネシア,0,,-
Pinky Crush,MARLIN,0,,-,1107,DEJIKO,インドネシア,1976,8390,インドネシア,3498,DNM,インドネシア,0,,-
Pinky Crush,Lycoris,0,,-,727,DEJIKO,インドネシア,1324,JHAYR#,インドネシア,2045,DNM,インドネシア,0,,-
Pinky Crush,lowercase lifetime,0,,-,997,CHOKA,インドネシア,1966,JHAYR#,インドネシア,2774,DNM,インドネシア,0,,-
Pinky Crush,Lightspeed,0,,-,1182,DEJIKO,インドネシア,2047,U-GEE,インドネシア,3109,DNM,インドネシア,0,,-
Pinky Crush,KOTONOHA ft. Kotoha,0,,-,762,CHOKA,インドネシア,1299,JHAYR#,インドネシア,1976,DNM,インドネシア,0,,-
Pinky Crush,IN BETWEEN,0,,-,852,DEJIKO,インドネシア,1449,BRAMBL,インドネシア,2374,DNM,インドネシア,0,,-
Pinky Crush,hora de verdad,0,,-,1056,DEJIKO,インドネシア,1904,OGRCAP,インドネシア,2977,DNM,インドネシア,0,,-
Pinky Crush,Here We Go Now,0,,-,1058,DEJIKO,インドネシア,2184,DNM,インドネシア,3249,DNM,インドネシア,0,,-
Pinky Crush,Good Looking,0,,-,714,DEJIKO,インドネシア,1164,DEJIKO,インドネシア,2035,YXX,インドネシア,0,,-
Pinky Crush,God Mind,0,,-,1453,WATANE,インドネシア,2595,KEMU,インドネシア,4023,DNM,インドネシア,0,,-
Pinky Crush,get set mind,0,,-,983,CHOKA,インドネシア,1549,JHAYR#,インドネシア,2440,DNM,インドネシア,0,,-
Pinky Crush,Galaxy Collapse,0,,-,768,DEJIKO,インドネシア,1126,DEJIKO,インドネシア,1876,DNM,インドネシア,0,,-
Pinky Crush,FlyAway,0,,-,1127,ASA,インドネシア,1931,JHAYR#,インドネシア,3144,DNM,インドネシア,0,,-
Pinky Crush,Flamingo,0,,-,838,*.EXE,インドネシア,1953,8390,インドネシア,3361,DNM,インドネシア,0,,-
Pinky Crush,Fiery Stallion,0,,-,877,OSU7K,インドネシア,1642,JHAYR#,インドネシア,2407,DNM,インドネシア,0,,-
Pinky Crush,FERMI PARADOX,0,,-,1133,OSU7K,インドネシア,1655,DNM,インドネシア,2512,DNM,インドネシア,0,,-
Pinky Crush,EYE OF THE HEAVEN,0,,-,957,DEJIKO,インドネシア,2069,8390,インドネシア,3520,DNM,インドネシア,0,,-
Pinky Crush,EX-MASSIVE FIGHTER,0,,-,1120,DEJIKO,インドネシア,2034,JHAYR#,インドネシア,3357,DNM,インドネシア,0,,-
Pinky Crush,everlastingeuphoria:,0,,-,1059,DEJIKO,インドネシア,1412,DEJIKO,インドネシア,2446,DNM,インドネシア,0,,-
Pinky Crush,ELYSIUM,0,,-,838,CHOKA,インドネシア,1528,JHAYR#,インドネシア,2690,DNM,インドネシア,0,,-
Pinky Crush,Eleanor,0,,-,790,OSU7K,インドネシア,1280,IIDX32,インドネシア,2382,DNM,インドネシア,0,,-
Pinky Crush,Drop Syndicate,0,,-,1100,DEJIKO,インドネシア,1926,APIN58,インドネシア,3550,DNM,インドネシア,0,,-
Pinky Crush,Dreamship,0,,-,917,OSU7K,インドネシア,1303,JHAYR#,インドネシア,1945,SKYSPA,インドネシア,0,,-
Pinky Crush,DIVINE JUDGEMENT,0,,-,988,WATANE,インドネシア,1900,JHAYR#,インドネシア,2761,DNM,インドネシア,0,,-
Pinky Crush,Digital Radiance,0,,-,1086,CHOKA,インドネシア,1411,JHAYR#,インドネシア,2018,DNM,インドネシア,0,,-
Pinky Crush,destination,0,,-,919,CHOKA,インドネシア,2221,DNM,インドネシア,3332,DNM,インドネシア,0,,-
Pinky Crush,Cross Fire,0,,-,991,DEJIKO,インドネシア,2018,443*,インドネシア,3304,DNM,インドネシア,0,,-
Pinky Crush,COSMIC V3LOCITY,0,,-,1166,DEJIKO,インドネシア,2199,JHAYR#,インドネシア,3297,DNM,インドネシア,0,,-
Pinky Crush,Constellation,0,,-,890,DEJIKO,インドネシア,1779,JHAYR#,インドネシア,2795,DNM,インドネシア,0,,-
Pinky Crush,Chasing After YOU ～夢の欠片～ ft. 小林マナ,0,,-,974,OSU7K,インドネシア,1393,IIDX32,インドネシア,2048,DNM,インドネシア,0,,-
Pinky Crush,CHAOTIC SUNBIRD,0,,-,1118,DEJIKO,インドネシア,1653,JHAYR#,インドネシア,3228,DNM,インドネシア,0,,-
Pinky Crush,Butterfly Twist,0,,-,976,DEJIKO,インドネシア,1496,BRAMBL,インドネシア,2706,DNM,インドネシア,0,,-
Pinky Crush,Bring The Fire,0,,-,1088,DEJIKO,インドネシア,1927,JHAYR#,インドネシア,3394,DNM,インドネシア,0,,-
Pinky Crush,Bling-Bang-Bang-Born,332,DEJIKO,インドネシア,638,OSU7K,インドネシア,1125,JHAYR#,インドネシア,1928,DNM,インドネシア,2044,DNM,インドネシア
Pinky Crush,Bang-Boo Bumble,0,,-,1108,JK,インドネシア,1900,JHAYR#,インドネシア,2900,SKYSPA,インドネシア,0,,-
Pinky Crush,Arcanos,0,,-,630,DEJIKO,インドネシア,1173,JHAYR#,インドネシア,1971,DNM,インドネシア,0,,-
Pinky Crush,Aqvion,0,,-,1101,DEJIKO,インドネシア,1906,0721,インドネシア,3492,DNM,インドネシア,0,,-
Pinky Crush,ADAMANT,0,,-,1102,OSU7K,インドネシア,1915,JHAYR#,インドネシア,2985,DNM,インドネシア,0,,-
Pinky Crush,1116,0,,-,1013,DEJIKO,インドネシア,1871,GOFILE,インドネシア,3000,DNM,インドネシア,0,,-
Lincle,KYAMISAMA ONEGAI!,0,,-,0,,-,1102,YXX,インドネシア,2040,YXX,インドネシア,2960,DNM,インドネシア
Pinky Crush,オッドラヴィ,340,LPDS?!,インドネシア,964,ICOLDT,インドネシア,1543,JYXLCE,インドネシア,2501,YXX,インドネシア,0,,-
Sparkle Shower,2 Be Continued,0,,-,980,SCHIKA,インドネシア,1906,MRDS?,インドネシア,3612,DNM,インドネシア,0,,-
Sparkle Shower,A Certified Rave Moment,0,,-,931,JYXLCE,インドネシア,1667,BRAMBL,インドネシア,2716,DNM,インドネシア,0,,-
Sparkle Shower,ACID VISION,0,,-,711,WATANE,インドネシア,0,,-,1775,GENYA*,インドネシア,0,,-
Sparkle Shower,AGETEKE ONDO,0,,-,784,*.EXE,インドネシア,1579,310260,インドネシア,2579,DNM,インドネシア,0,,-
Sparkle Shower,Amor∞Fati,0,,-,1124,JYXLCE,インドネシア,2493,GENYA*,インドネシア,3973,DNM,インドネシア,0,,-
Sparkle Shower,Any％,0,,-,1069,JYXLCE,インドネシア,2084,GOFILE,インドネシア,3548,DNM,インドネシア,0,,-
Sparkle Shower,Astra Blaze,0,,-,962,*.EXE,インドネシア,2072,BEAM1,インドネシア,3326,DNM,インドネシア,0,,-
Sparkle Shower,Bang Bang Dance,0,,-,817,OSU4K,インドネシア,1659,OSU4K,インドネシア,2757,DNM,インドネシア,0,,-
Sparkle Shower,BattleRoyal,0,,-,1044,XUOU,インドネシア,1706,310260,インドネシア,2555,DNM,インドネシア,0,,-
Sparkle Shower,Begin,0,,-,924,JESTER,インドネシア,2001,YXX,インドネシア,3211,DNM,インドネシア,0,,-
Sparkle Shower,BitRacer,0,,-,1063,VNL*TN,インドネシア,1977,GOFILE,インドネシア,3456,DNM,インドネシア,0,,-
Sparkle Shower,Bloom,0,,-,625,ASA,インドネシア,1021,JYXLCE,インドネシア,1846,DNM,インドネシア,0,,-
Sparkle Shower,blue anthem,0,,-,1116,BEAM1,インドネシア,1559,BRAMBL,インドネシア,2927,DNM,インドネシア,0,,-
Sparkle Shower,Caramel Pain,221,MELUSN,インドネシア,612,SCHIKA,インドネシア,1020,443*,インドネシア,1649,DNM,インドネシア,0,,-
Sparkle Shower,Catch ya Getcha!,0,,-,949,OSU4K,インドネシア,1834,JK,インドネシア,2895,DNM,インドネシア,0,,-
Sparkle Shower,chaplet -IIDX re:build-,0,,-,848,MRNICE,インドネシア,1926,SKYSPA,インドネシア,2826,DNM,インドネシア,0,,-
Sparkle Shower,COLOR BURST,184,OOKUBO,インドネシア,666,*.EXE,インドネシア,1289,JYXLCE,インドネシア,2190,DNM,インドネシア,0,,-
Sparkle Shower,Countdown to Heaven or Hell,0,,-,1114,JIJON!,インドネシア,1873,BRAMBL,インドネシア,3045,DNM,インドネシア,0,,-
Sparkle Shower,D.K.N. ON,0,,-,822,*.EXE,インドネシア,1558,XION,インドネシア,2686,DNM,インドネシア,0,,-
Sparkle Shower,Digitized Ocean,0,,-,1087,HUZAIR,インドネシア,2006,APIN58,インドネシア,3431,DNM,インドネシア,0,,-
Sparkle Shower,Disco Killer Music Lover,0,,-,1004,JYXLCE,インドネシア,1807,APIN58,インドネシア,3020,DNM,インドネシア,0,,-
Sparkle Shower,Dolphin Kick,0,,-,996,*.EXE,インドネシア,2228,DNM,インドネシア,3547,DNM,インドネシア,0,,-
Sparkle Shower,Dusk Endir,0,,-,1001,JYXLCE,インドネシア,2231,GOFILE,インドネシア,3283,DNM,インドネシア,0,,-
Sparkle Shower,ESPRIT ONE,0,,-,1015,CODYSB,インドネシア,1724,BRAMBL,インドネシア,2915,DNM,インドネシア,0,,-
Sparkle Shower,Ex-Otogibanashi,149,CHIMIZ,インドネシア,376,*.EXE,インドネシア,829,ICOLDT,インドネシア,1574,DNM,インドネシア,0,,-
Sparkle Shower,Fashion Fruit,0,,-,965,C31,インドネシア,1838,BRAMBL,インドネシア,3014,DNM,インドネシア,0,,-
Sparkle Shower,fixer,0,,-,727,JYXLCE,インドネシア,1623,GOFILE,インドネシア,3448,DNM,インドネシア,0,,-
Sparkle Shower,FIZZY FIZZY POP,0,,-,774,GORIRI,インドネシア,1385,XION,インドネシア,2253,DNM,インドネシア,0,,-
Sparkle Shower,FiZZλ_POT!0N,0,,-,1255,JYXLCE,インドネシア,1987,GOFILE,インドネシア,3442,DNM,インドネシア,0,,-
Sparkle Shower,From Human Blood,0,,-,1066,SPICES,インドネシア,2014,GOFILE,インドネシア,3574,DNM,インドネシア,0,,-
Sparkle Shower,Funky Quirky,0,,-,891,JYXLCE,インドネシア,1770,BRAMBL,インドネシア,2563,DNM,インドネシア,0,,-
Sparkle Shower,Get Into The Groove feat.WaMi,0,,-,650,*.EXE,インドネシア,1240,JYXLCE,インドネシア,2266,DNM,インドネシア,0,,-
Sparkle Shower,Gimme a Big Beat(青龍 Remix),0,,-,977,*.EXE,インドネシア,2285,GOFILE,インドネシア,3052,DNM,インドネシア,0,,-
Sparkle Shower,GO!,0,,-,635,*.EXE,インドネシア,1482,XION,インドネシア,2977,DNM,インドネシア,0,,-
Sparkle Shower,GOLD RUSH 2025,0,,-,651,ALIEN?,インドネシア,1417,BRAMBL,インドネシア,2652,IIDX33,インドネシア,0,,-
Sparkle Shower,Hallucination,0,,-,888,MRNICE,インドネシア,1708,BRAMBL,インドネシア,2663,YXX,インドネシア,0,,-
Sparkle Shower,HEROES,0,,-,1142,C31,インドネシア,2099,LIZ,インドネシア,3299,DNM,インドネシア,0,,-
Sparkle Shower,HORIZON BEATZ,0,,-,568,*.EXE,インドネシア,1006,*.EXE,インドネシア,2537,YXX,インドネシア,0,,-
Sparkle Shower,HyperTwist,0,,-,976,*.EXE,インドネシア,2052,OSIMEN,インドネシア,3294,DNM,インドネシア,0,,-
Sparkle Shower,Ignited Night,0,,-,734,*.EXE,インドネシア,1317,JESTER,インドネシア,2373,DNM,インドネシア,0,,-
Sparkle Shower,Iridescent Memories,0,,-,956,*.EXE,インドネシア,2171,U-GEE,インドネシア,3858,DNM,インドネシア,0,,-
Sparkle Shower,JUST SYNC ft.Kanae Asaba,0,,-,727,JYXLCE,インドネシア,1213,IIDX32,インドネシア,2025,DNM,インドネシア,0,,-
Sparkle Shower,Kick The Rainbow,0,,-,1100,JYXLCE,インドネシア,1821,XION,インドネシア,2915,DNM,インドネシア,0,,-
Sparkle Shower,King of Tribe,0,,-,991,IIDX33,インドネシア,2033,SKYSPA,インドネシア,3086,DNM,インドネシア,0,,-
Sparkle Shower,kors k's Let's make an Image Song!,0,,-,877,MRNICE,インドネシア,1773,BRAMBL,インドネシア,2717,DNM,インドネシア,0,,-
Sparkle Shower,Last Card,0,,-,912,DOTSKY,インドネシア,1811,310260,インドネシア,3032,DNM,インドネシア,0,,-
Sparkle Shower,LEMON MELON COOKIE,350,DCL,インドネシア,760,FELIX,インドネシア,1486,IIDX32,インドネシア,2247,DNM,インドネシア,0,,-
Sparkle Shower,Limelight,0,,-,839,*.EXE,インドネシア,1857,GOFILE,インドネシア,3020,DNM,インドネシア,0,,-
Sparkle Shower,Lisa-RICCIA,399,CHIMIZ,インドネシア,1150,ASA,インドネシア,2138,55UP,インドネシア,3317,DNM,インドネシア,4551,DNM,インドネシア
Sparkle Shower,Makin' It,0,,-,1007,443*,インドネシア,1623,KEMU,インドネシア,2633,IIDX33,インドネシア,0,,-
Sparkle Shower,Memoria Obscura,0,,-,868,7,インドネシア,2166,DNM,インドネシア,4034,DNM,インドネシア,0,,-
Sparkle Shower,Meteor☆Shower,0,,-,728,*.EXE,インドネシア,1721,XION,インドネシア,2904,DNM,インドネシア,0,,-
Sparkle Shower,Mighty Beat Monsterz,0,,-,845,*.EXE,インドネシア,1868,GOFILE,インドネシア,3145,DNM,インドネシア,0,,-
Sparkle Shower,MOCHIMOCHI DREAMIN!!,0,,-,950,CODYSB,インドネシア,1742,BRAMBL,インドネシア,2998,DNM,インドネシア,0,,-
Sparkle Shower,Nemophila,0,,-,883,MRNICE,インドネシア,1740,BRAMBL,インドネシア,2668,DNM,インドネシア,0,,-
Sparkle Shower,Nyan Nyan University,0,,-,886,JYXLCE,インドネシア,1485,TIGER?,インドネシア,2556,DNM,インドネシア,0,,-
Sparkle Shower,OMEGA,0,,-,773,*.EXE,インドネシア,2171,DNM,インドネシア,3295,DNM,インドネシア,0,,-
Sparkle Shower,PALETTE,332,MELUSN,インドネシア,836,ASA,インドネシア,1431,OGRCAP,インドネシア,2056,DNM,インドネシア,0,,-
Sparkle Shower,PERFECT GREAT!!,0,,-,1143,C31,インドネシア,2268,GOFILE,インドネシア,3783,DNM,インドネシア,0,,-
Sparkle Shower,pique,0,,-,1095,FIH,インドネシア,1740,XION,インドネシア,3026,DNM,インドネシア,0,,-
Sparkle Shower,RALLY '25,0,,-,1129,MIGI,インドネシア,2124,OSIMEN,インドネシア,3208,DNM,インドネシア,0,,-
Sparkle Shower,REcorrection,0,,-,468,A-ZERO,インドネシア,937,DOTSKY,インドネシア,1608,DNM,インドネシア,0,,-
Sparkle Shower,Regina vespaE,0,,-,1137,JYXLCE,インドネシア,2105,GOFILE,インドネシア,3576,DNM,インドネシア,0,,-
Sparkle Shower,RIZING-GAMERS.,0,,-,839,*.EXE,インドネシア,1852,LANSIA,インドネシア,3326,DNM,インドネシア,0,,-
Sparkle Shower,RUINA,0,,-,768,MACCY!,インドネシア,1776,OSIMEN,インドネシア,2747,DNM,インドネシア,0,,-
Sparkle Shower,Second Heaven(Mamonis Remix),0,,-,716,*.EXE,インドネシア,1400,XION,インドネシア,2505,DNM,インドネシア,0,,-
Sparkle Shower,SHINING☆DANCE,0,,-,863,OSU4K,インドネシア,1467,RUKU,インドネシア,2468,DNM,インドネシア,0,,-
Sparkle Shower,Shooting Star,231,DCL,インドネシア,744,FELIX,インドネシア,1429,IIDX32,インドネシア,2447,DNM,インドネシア,0,,-
Sparkle Shower,Show Time,0,,-,744,MUYAZZ,インドネシア,1410,YXX,インドネシア,2038,DNM,インドネシア,0,,-
Sparkle Shower,Signs and Wonders,0,,-,584,*.EXE,インドネシア,922,C31,インドネシア,1595,DNM,インドネシア,0,,-
Sparkle Shower,SILKY BRAVE,0,,-,591,*.EXE,インドネシア,1373,HIKO,インドネシア,2374,DNM,インドネシア,0,,-
Sparkle Shower,Skywalking,0,,-,763,FELIX,インドネシア,1351,XION,インドネシア,2327,DNM,インドネシア,0,,-
Sparkle Shower,Smintheus,0,,-,726,ANN-,インドネシア,2131,BRAMBL,インドネシア,3465,DNM,インドネシア,0,,-
Sparkle Shower,SnapSkipSpark,0,,-,990,ASA,インドネシア,1803,VNL*TN,インドネシア,2913,DNM,インドネシア,0,,-
Sparkle Shower,Space Battleship S4TO,0,,-,1245,IIDX32,インドネシア,2102,310260,インドネシア,3760,DNM,インドネシア,0,,-
Sparkle Shower,SPLASH!!!!!!!!!,0,,-,807,JYXLCE,インドネシア,1416,TIGER?,インドネシア,2266,DNM,インドネシア,0,,-
Sparkle Shower,Substance,0,,-,996,CODYSB,インドネシア,1597,TIGER?,インドネシア,3023,DNM,インドネシア,0,,-
Sparkle Shower,super double play sessions,0,,-,1298,SHEL,インドネシア,2369,YXX,インドネシア,4062,DNM,インドネシア,0,,-
Sparkle Shower,THUNDERSTRIKE,0,,-,1132,JYXLCE,インドネシア,1979,GOFILE,インドネシア,3439,DNM,インドネシア,0,,-
Sparkle Shower,TOKAKU=ALMiRAJ,0,,-,872,JYXLCE,インドネシア,1924,YXX,インドネシア,2744,DNM,インドネシア,0,,-
Sparkle Shower,UNDO THE NIGHT,0,,-,829,7,インドネシア,2056,YXX,インドネシア,3377,DNM,インドネシア,0,,-
Sparkle Shower,Vitamin,0,,-,1051,JYXLCE,インドネシア,1753,U-GEE,インドネシア,2630,DNM,インドネシア,0,,-
Sparkle Shower,voice of echo.,0,,-,1018,MRNICE,インドネシア,1731,443*,インドネシア,2733,DNM,インドネシア,0,,-
Sparkle Shower,Watermelon Explosion,0,,-,652,SHINE,インドネシア,1310,BRAMBL,インドネシア,2015,DNM,インドネシア,0,,-
Sparkle Shower,Wizards!,0,,-,620,MYON.8,インドネシア,1541,310260,インドネシア,2264,DNM,インドネシア,0,,-
Sparkle Shower,X-Plan,0,,-,673,ASA,インドネシア,1323,OGRCAP,インドネシア,2199,DNM,インドネシア,0,,-
Sparkle Shower,[E],0,,-,1225,PRCN32,インドネシア,2109,310260,インドネシア,3417,DNM,インドネシア,0,,-
Sparkle Shower,Τeλοs,0,,-,908,*.EXE,インドネシア,1695,BRAMBL,インドネシア,2614,DNM,インドネシア,0,,-
Sparkle Shower,ιgniЯRuina,0,,-,1273,JYXLCE,インドネシア,2085,UMI,インドネシア,3520,DNM,インドネシア,0,,-
Sparkle Shower,⁽⁽ଘ( ˙꒳˙ )ଓ⁾⁾ beyond reason,0,,-,1091,JYXLCE,インドネシア,2097,YXX,インドネシア,3735,DNM,インドネシア,0,,-
Sparkle Shower,かわいいだけじゃだめですか？,200,DCL,インドネシア,865,SCHIKA,インドネシア,1534,OSU4K,インドネシア,2128,DNM,インドネシア,3505,DNM,インドネシア
Sparkle Shower,じぇりー じゅえる ジャングル,0,,-,1010,*.EXE,インドネシア,1788,XION,インドネシア,3213,DNM,インドネシア,0,,-
Sparkle Shower,それが、ボクの使命～レスキュー隊長 メンキュー～,0,,-,722,OSU4K,インドネシア,1424,IIDX32,インドネシア,2166,DNM,インドネシア,0,,-
Sparkle Shower,でんぱ どりる わんにゃー☆三,273,DCL,インドネシア,1077,JYXLCE,インドネシア,2178,XUOU,インドネシア,3325,DNM,インドネシア,0,,-
Sparkle Shower,もんめためたもん,215,443*,インドネシア,841,OSU4K,インドネシア,1322,RUKU,インドネシア,2243,DNM,インドネシア,0,,-
Sparkle Shower,オーバーライド,475,443*,インドネシア,1114,JYXLCE,インドネシア,1769,BRAMBL,インドネシア,3196,DNM,インドネシア,0,,-
Sparkle Shower,キミとえがくキセキ,0,,-,674,*.EXE,インドネシア,1040,WATANE,インドネシア,2245,DNM,インドネシア,0,,-
Sparkle Shower,クレッシェンド,0,,-,1042,WATANE,インドネシア,1777,RHAPSO,インドネシア,3300,DNM,インドネシア,0,,-
Sparkle Shower,サタデーナイト☆ギャロップ,0,,-,845,*.EXE,インドネシア,1767,310260,インドネシア,3992,DNM,インドネシア,0,,-
Sparkle Shower,タンポポ,0,,-,993,*.EXE,インドネシア,1801,SHEL,インドネシア,2667,DNM,インドネシア,0,,-
Sparkle Shower,デラむぅのでらっくす☆どり～むぅ,0,,-,746,SCHIKA,インドネシア,1154,JOKOWI,インドネシア,1957,DNM,インドネシア,0,,-
Sparkle Shower,バブリン,254,DCL,インドネシア,1075,SCHIKA,インドネシア,1626,SHEL,インドネシア,2422,DNM,インドネシア,0,,-
Sparkle Shower,ビビッド ☆+*。キラキライム,503,DCL,インドネシア,1040,CODYSB,インドネシア,1989,MGR?S$,インドネシア,3712,DNM,インドネシア,0,,-
Sparkle Shower,ベラ・ベ・カラベラ,0,,-,951,SCHIKA,インドネシア,1562,BRAMBL,インドネシア,2678,DNM,インドネシア,0,,-
Sparkle Shower,ベンガル vs. アムール Battle,0,,-,1175,C31,インドネシア,2073,APIN58,インドネシア,3686,DNM,インドネシア,0,,-
Sparkle Shower,メテオラ-meteor-,0,,-,1018,BEAM1,インドネシア,1682,BRAMBL,インドネシア,2447,DNM,インドネシア,0,,-
Sparkle Shower,メルト CPK! Remix (初音ミク ver.),465,443*,インドネシア,776,*.EXE,インドネシア,1557,BRAMBL,インドネシア,2811,DNM,インドネシア,0,,-
Sparkle Shower,ラブコメトキドキシリアス,0,,-,1149,ASA,インドネシア,1980,GOFILE,インドネシア,3654,DNM,インドネシア,0,,-
Sparkle Shower,レシピのリドル,0,,-,551,DCL,インドネシア,1154,ASA,インドネシア,2307,DNM,インドネシア,0,,-
Sparkle Shower,三日天下モンキー,0,,-,486,*.EXE,インドネシア,1127,BRAMBL,インドネシア,1714,GENYA*,インドネシア,0,,-
Sparkle Shower,不死身ごっこ,254,KLAUER,インドネシア,816,A-ZERO,インドネシア,1367,JYXLCE,インドネシア,2531,DNM,インドネシア,0,,-
Sparkle Shower,夏色のセレナーデ,0,,-,841,JYXLCE,インドネシア,1266,XUOU,インドネシア,2245,DNM,インドネシア,0,,-
Sparkle Shower,夢色ワンダー,0,,-,1240,*.EXE,インドネシア,2050,GORIRI,インドネシア,3184,DNM,インドネシア,0,,-
Sparkle Shower,好吃来世deエレクトリック,0,,-,707,C31,インドネシア,1228,JYXLCE,インドネシア,1898,DNM,インドネシア,0,,-
Sparkle Shower,恋愛観測,0,,-,596,*.EXE,インドネシア,1398,OGRCAP,インドネシア,2464,DNM,インドネシア,0,,-
Sparkle Shower,断罪のミメシス,0,,-,0,,-,1930,BRAMBL,インドネシア,3230,DNM,インドネシア,0,,-
Sparkle Shower,月下繚乱,0,,-,835,SCHIKA,インドネシア,1698,JK,インドネシア,2787,DNM,インドネシア,0,,-
Sparkle Shower,煉獄コンフィチュール,0,,-,682,ZETA,インドネシア,1651,APIN58,インドネシア,2644,DNM,インドネシア,0,,-
Sparkle Shower,百恋ラブラスター,0,,-,716,OSU4K,インドネシア,1513,IIDX32,インドネシア,2617,DNM,インドネシア,0,,-
Sparkle Shower,色を喪った街,0,,-,1130,ASA,インドネシア,2376,YXX,インドネシア,3754,DNM,インドネシア,0,,-
Sparkle Shower,華麗なる！音戯探偵ひなビタ,0,,-,505,*.EXE,インドネシア,1253,55UP,インドネシア,2138,KEMU,インドネシア,0,,-
Sparkle Shower,鏡像都市,0,,-,706,*.EXE,インドネシア,1276,JYXLCE,インドネシア,1961,DNM,インドネシア,0,,-
Sparkle Shower,閃と雷管とロープ,0,,-,883,OSU4K,インドネシア,1375,OGRCAP,インドネシア,2573,DNM,インドネシア,0,,-
